,ENSG00000221184_All_HAR_min,ENSG00000221184_All_HAR_max,ENSG00000221184_All_HAR_mid,ENSG00000221184_G1_HAR_min,ENSG00000221184_G1_HAR_max,ENSG00000221184_G1_HAR_mid,ENSG00000221184_S_HAR_min,ENSG00000221184_S_HAR_max,ENSG00000221184_S_HAR_mid,ENSG00000221184_G2M_HAR_min,ENSG00000221184_G2M_HAR_max,ENSG00000221184_G2M_HAR_mid
SAMD11,,,,,,,,,,,,
NOC2L,,,,,,,,,,,,
HES4,,,,,,,,,,,,
ISG15,,,,,,,,,,,,
AGRN,,,,,,,,,,,,
C1orf159,,,,,,,,,,,,
SDF4,,,,,,,,,,,,
B3GALT6,,,,,,,,,,,,
UBE2J2,,,,,,,,,,,,
ACAP3,,,,,,,,,,,,
PUSL1,,,,,,,,,,,,
INTS11,,,,,,,,,,,,
DVL1,,,,,,,,,,,,
AURKAIP1,,,,,,,,,,,,
CCNL2,,,,,,,,,,,,
MRPL20,-0.40615191515733173,-0.07349763960746272,-0.23982477738239721,,,,,,,,,
ATAD3B,,,,,,,,,,,,
ATAD3A,,,,,,,,,,,,
SSU72,,,,,,,,,,,,
MIB2,,,,-0.7137358850321424,-0.7137358850321424,-0.7137358850321424,,,,,,
CDK11B,,,,,,,,,,,,
SLC35E2B,,,,,,,,,,,,
CDK11A,,,,,,,,,,,,
NADK,,,,,,,,,,,,
GNB1,,,,-0.947111866093609,-0.07882407944316577,-0.5129679727683873,,,,,,
PRKCZ,,,,,,,,,,,,
FAAP20,,,,-0.9884159170323517,-0.3655592721842796,-0.6769875946083156,,,,,,
SKI,,,,,,,,,,,,
MORN1,,,,,,,,,,,,
RER1,,,,,,,,,,,,
PEX10,,,,,,,,,,,,
PANK4,,,,-0.6793090316027922,-0.6793090316027922,-0.6793090316027922,,,,,,
HES5,-0.14113364040629242,-0.034386313266326525,-0.08775997683630947,,,,,,,-0.14367919524198577,-0.05095716225399159,-0.09731817874798868
PRDM16,,,,,,,,,,,,
TPRG1L,,,,,,,,,,,,
WRAP73,,,,,,,,,,,,
SMIM1,,,,,,,-0.4959633167266999,-0.12226869188701595,-0.3091160043068579,,,
LRRC47,,,,,,,,,,,,
CEP104,,,,,,,,,,,,
DFFB,,,,,,,,,,,,
C1orf174,,,,,,,,,,,,
NPHP4,,,,,,,,,,,,
KCNAB2,,,,,,,,,,,,
RPL22,-0.7303338767709783,-0.16174802168798363,-0.44604094922948095,,,,,,,,,
ICMT,,,,,,,,,,,,
ACOT7,,,,,,,,,,,,
NOL9,,,,,,,,,,,,
ZBTB48,,,,,,,,,,,,
KLHL21,,,,,,,,,,,,
PHF13,,,,,,,,,,,,
THAP3,,,,,,,,,,,,
DNAJC11,,,,,,,,,,,,
CAMTA1,,,,,,,,,,,,
VAMP3,,,,,,,,,,,,
PER3,,,,,,,,,,,,
PARK7,,,,,,,,,,,,
ERRFI1,,,,,,,,,,,,
RERE,,,,,,,,,,,,
ENO1,,,,-0.974266603249211,-0.25724456053984074,-0.6157555818945258,,,,,,
GPR157,,,,,,,,,,,,
H6PD,,,,,,,,,,,,
SPSB1,,,,,,,,,,,,
SLC25A33,,,,-0.988306572524259,-0.2841662866219606,-0.6362364295731098,,,,,,
TMEM201,,,,,,,,,,,,
CLSTN1,,,,,,,,,,,,
CTNNBIP1,,,,,,,,,,,,
LZIC,,,,,,,,,,,,
NMNAT1,,,,,,,,,,,,
RBP7,,,,-0.6966102428371971,-0.6966102428371971,-0.6966102428371971,,,,,,
UBE4B,,,,,,,,,,,,
KIF1B,,,,,,,,,,,,
PGD,,,,,,,,,,,,
CENPS,,,,,,,,,,,,
DFFA,,,,,,,,,,,,
PEX14,,,,,,,,,,,,
CASZ1,,,,,,,,,,,,
TARDBP,,,,,,,,,,,,
SRM,,,,,,,,,,,,
EXOSC10,,,,,,,,,,,,
MTOR,,,,,,,,,,,,
UBIAD1,,,,,,,,,,,,
FBXO44,,,,,,,,,,,,
MAD2L2,,,,,,,,,,,,
AGTRAP,-0.3263714724456045,-0.10150068966974848,-0.21393608105767647,,,,,,,-0.4597870137341009,-0.0715014950887295,-0.2656442544114152
MTHFR,,,,,,,,,,,,
CLCN6,,,,,,,,,,,,
KIAA2013,,,,,,,,,,,,
PLOD1,,,,,,,,,,,,
MFN2,,,,-0.9814238409586149,-0.22715226182876688,-0.6042880513936909,,,,,,
MIIP,,,,,,,,,,,,
VPS13D,,,,,,,,,,,,
DHRS3,-0.23201231107253004,-0.037597666197705264,-0.13480498863511764,,,,,,,-0.2840008849181668,-0.03512610711734394,-0.15956349601775535
PDPN,,,,,,,,,,,,
PRDM2,,,,,,,,,,,,
KAZN,,,,,,,,,,,,
TMEM51,,,,,,,,,,,,
EFHD2,,,,,,,,,,,,
CASP9,,,,,,,,,,,,
DNAJC16,,,,,,,,,,,,
DDI2,,,,,,,,,,,,
PLEKHM2,,,,,,,,,,,,
UQCRHL,,,,,,,,,,,,
SPEN,,,,,,,,,,,,
ZBTB17,,,,,,,,,,,,
FBXO42,,,,,,,,,,,,
SZRD1,,,,,,,,,,,,
NECAP2,,,,,,,,,,,,
NBPF1,,,,,,,,,,,,
CROCC,,,,,,,,,,,,
ATP13A2,,,,,,,,,,,,
SDHB,,,,,,,,,,,,
RCC2,,,,,,,,,,,,
ALDH4A1,,,,-0.7140408815329086,-0.7140408815329086,-0.7140408815329086,,,,,,
UBR4,,,,,,,,,,,,
EMC1,,,,,,,,,,,,
MRTO4,,,,,,,,,,,,
AKR7A2,,,,,,,,,,,,
SLC66A1,,,,,,,,,,,,
CAPZB,,,,-0.9829769370684014,-0.21384610050429465,-0.598411518786348,,,,,,
MICOS10,-0.6977358209479676,-0.23008106793534108,-0.46390844444165436,,,,,,,,,
NBL1,,,,-0.5768273495786689,-0.5768273495786689,-0.5768273495786689,,,,,,
TMCO4,,,,,,,,,,,,
OTUD3,,,,,,,,,,,,
PLA2G5,-0.21992065453113235,-0.010787750829748761,-0.11535420268044055,,,,,,,,,
CAMK2N1,,,,,,,,,,,,
MUL1,,,,,,,,,,,,
PINK1,,,,,,,,,,,,
DDOST,,,,,,,,,,,,
KIF17,,,,,,,,,,,,
HP1BP3,,,,,,,,,,,,
EIF4G3,,,,,,,,,,,,
ECE1,,,,,,,,,,,,
USP48,,,,,,,,,,,,
HSPG2,,,,,,,,,,,,
CDC42,-0.9933003771453187,-0.515036641735786,-0.7541685094405524,,,,,,,,,
ZBTB40,,,,,,,,,,,,
EPHA8,,,,-0.7614494627741283,-0.7614494627741283,-0.7614494627741283,,,,,,
EPHB2,,,,,,,,,,,,
KDM1A,,,,,,,,,,,,
LUZP1,,,,,,,,,,,,
HNRNPR,,,,,,,,,,,,
ASAP3,,,,,,,,,,,,
E2F2,,,,-0.681833032308628,-0.681833032308628,-0.681833032308628,,,,,,
ID3,,,,,,,,,,,,
RPL11,-0.6595598296999495,-0.16784023867941847,-0.413700034189684,,,,,,,,,
ELOA,,,,,,,,,,,,
PITHD1,,,,-0.9800947459096602,-0.28016471020524353,-0.6301297280574518,,,,,,
LYPLA2,,,,,,,,,,,,
GALE,,,,,,,,,,,,
HMGCL,,,,,,,,,,,,
FUCA1,,,,,,,,,,,,
PNRC2,,,,,,,,,,,,
SRSF10,,,,,,,,,,,,
GRHL3,-0.09857569605834995,-0.0366169985876472,-0.06759634732299857,-0.46964063300381875,-0.46964063300381875,-0.46964063300381875,,,,-0.14173942846396226,-0.03191696466024574,-0.086828196562104
STPG1,,,,-0.6941138062285198,-0.6941138062285198,-0.6941138062285198,,,,,,
NIPAL3,,,,,,,,,,,,
RCAN3,,,,,,,,,,,,
SRRM1,,,,,,,,,,,,
CLIC4,,,,,,,,,,,,
SYF2,,,,,,,,,,,,
RSRP1,,,,,,,,,,,,
TMEM50A,,,,,,,,,,,,
MACO1,,,,,,,,,,,,
LDLRAP1,,,,-0.7389018901170045,-0.7389018901170045,-0.7389018901170045,,,,,,
SELENON,,,,,,,,,,,,
MTFR1L,,,,,,,,,,,,
AUNIP,,,,,,,,,,,,
PAQR7,,,,,,,,,,,,
STMN1,,,,,,,,,,,,
PDIK1L,,,,-0.7192964365287076,-0.7192964365287076,-0.7192964365287076,,,,,,
ZNF593,,,,,,,,,,,,
CEP85,,,,,,,,,,,,
SH3BGRL3,,,,,,,,,,,,
UBXN11,,,,,,,,,,,,
DHDDS,,,,,,,,,,,,
HMGN2,,,,-0.9859462812113162,-0.2743187930360063,-0.6301325371236612,,,,,,
RPS6KA1,,,,,,,,,,,,
ARID1A,,,,,,,,,,,,
ZDHHC18,,,,,,,,,,,,
GPN2,,,,,,,,,,,,
GPATCH3,,,,,,,,,,,,
NUDC,,,,,,,,,,,,
TRNP1,,,,-0.6333187728202267,-0.6333187728202267,-0.6333187728202267,,,,,,
SLC9A1,,,,,,,,,,,,
WDTC1,,,,,,,,,,,,
TMEM222,,,,,,,,,,,,
WASF2,,,,,,,,,,,,
AHDC1,,,,-0.9811118921393456,-0.2468225250359707,-0.6139672085876582,,,,,,
FAM76A,,,,,,,,,,,,
STX12,,,,,,,,,,,,
PPP1R8,,,,,,,,,,,,
RPA2,,,,,,,,,,,,
EYA3,,,,,,,,,,,,
DNAJC8,,,,-0.9747631597817051,-0.18984831002664151,-0.5823057349041734,,,,,,
ATP5IF1,-0.7016612324802131,-0.20562470568663438,-0.4536429690834237,,,,,,,,,
SESN2,,,,,,,,,,,,
MED18,,,,,,,,,,,,
PHACTR4,,,,,,,,,,,,
RCC1,,,,,,,,,,,,
TRNAU1AP,,,,,,,,,,,,
TAF12,,,,,,,,,,,,
GMEB1,,,,,,,,,,,,
YTHDF2,,,,,,,,,,,,
EPB41,,,,,,,,,,,,
SRSF4,,,,,,,,,,,,
MECR,,,,,,,,,,,,
PTPRU,,,,,,,,,,,,
MATN1,,,,-0.4030768206957321,-0.4030768206957321,-0.4030768206957321,-0.4974668284558333,-0.0307883022997012,-0.26412756537776727,,,
SDC3,,,,,,,,,,,,
PUM1,,,,,,,,,,,,
NKAIN1,,,,,,,,,,,,
SNRNP40,,,,,,,,,,,,
ZCCHC17,,,,,,,,,,,,
PEF1,,,,,,,,,,,,
PTP4A2,,,,,,,,,,,,
KHDRBS1,,,,,,,,,,,,
TMEM39B,,,,,,,,,,,,
KPNA6,,,,,,,,,,,,
TXLNA,,,,,,,,,,,,
CCDC28B,,,,,,,,,,,,
TMEM234,-0.22939570803966783,-0.06304978675422195,-0.14622274739694488,-0.713643441179135,-0.713643441179135,-0.713643441179135,,,,,,
EIF3I,,,,,,,,,,,,
HDAC1,,,,,,,,,,,,
MARCKSL1,,,,-0.9743723843252394,-0.16823344442682936,-0.5713029143760344,,,,,,
BSDC1,,,,,,,,,,,,
ZBTB8B,-0.13581842537043784,-0.021534214583782713,-0.07867631997711028,-0.5474763394922851,-0.5474763394922851,-0.5474763394922851,,,,,,
ZBTB8A,,,,,,,,,,,,
ZBTB8OS,,,,,,,,,,,,
RBBP4,,,,,,,,,,,,
SYNC,-0.1904673482259555,-0.025419251867709387,-0.10794330004683245,,,,,,,,,
KIAA1522,,,,,,,,,,,,
YARS1,,,,,,,,,,,,
S100PBP,,,,,,,,,,,,
TMEM54,,,,,,,,,,,,
RNF19B,,,,,,,,,,,,
AK2,,,,,,,,,,,,
ZNF362,,,,,,,,,,,,
PHC2,,,,,,,,,,,,
SMIM12,,,,-0.9843831568243772,-0.2910903434683175,-0.6377367501463473,,,,,,
TMEM35B,,,,-0.38742234072986265,-0.38742234072986265,-0.38742234072986265,,,,,,
ZMYM6,,,,,,,,,,,,
ZMYM1,,,,,,,,,,,,
SFPQ,,,,,,,,,,,,
ZMYM4,,,,,,,,,,,,
KIAA0319L,,,,,,,,,,,,
NCDN,,,,,,,,,,,,
PSMB2,-0.6085232194333821,-0.18944780085126492,-0.3989855101423235,,,,-0.9131043549822777,-0.12040054357866037,-0.516752449280469,-0.864169542798222,-0.1605546101278525,-0.5123620764630372
CLSPN,-0.9228165535655475,-0.21598905413028188,-0.5694028038479146,,,,,,,,,
AGO4,,,,,,,,,,,,
AGO1,,,,,,,,,,,,
AGO3,,,,,,,,,,,,
ADPRS,,,,-0.6745606762266984,-0.6745606762266984,-0.6745606762266984,,,,,,
TRAPPC3,,,,-0.9883993365843131,-0.2903295860430799,-0.6393644613136965,,,,,,
MAP7D1,,,,,,,,,,,,
THRAP3,,,,,,,,,,,,
EVA1B,,,,,,,,,,,,
STK40,,,,,,,,,,,,
LSM10,,,,-0.9923640412842264,-0.3956694020611747,-0.6940167216727006,,,,,,
OSCP1,,,,,,,,,,,,
MRPS15,,,,,,,,,,,,
MEAF6,,,,,,,,,,,,
SNIP1,,,,,,,,,,,,
GNL2,,,,,,,,,,,,
C1orf109,,,,,,,,,,,,
CDCA8,,,,,,,,,,,,
MANEAL,,,,,,,,,,,,
YRDC,,,,,,,,,,,,
C1orf122,,,,,,,,,,,,
MTF1,,,,,,,,,,,,
INPP5B,,,,,,,,,,,,
SF3A3,,,,,,,,,,,,
FHL3,,,,-0.7382569987357313,-0.7382569987357313,-0.7382569987357313,,,,,,
UTP11,,,,,,,,,,,,
RRAGC,,,,,,,,,,,,
MYCBP,,,,,,,,,,,,
AKIRIN1,,,,,,,,,,,,
NDUFS5,-0.5358602358536991,-0.1299236765341416,-0.33289195619392037,,,,,,,,,
MACF1,,,,,,,,,,,,
PABPC4,,,,,,,,,,,,
PPIE,-0.46841656594053427,-0.05512601789648325,-0.2617712919185088,,,,-0.6659660273736462,-0.13163651236461935,-0.3988012698691328,,,
BMP8B,,,,,,,,,,,,
TRIT1,,,,,,,,,,,,
CAP1,,,,,,,,,,,,
PPT1,,,,,,,,,,,,
RLF,,,,,,,,,,,,
ZMPSTE24,,,,,,,,,,,,
SMAP2,,,,,,,,,,,,
ZNF684,,,,,,,,,,,,
NFYC,,,,,,,,,,,,
CTPS1,,,,,,,,,,,,
SCMH1,,,,,,,,,,,,
HIVEP3,,,,,,,,,,,,
FOXJ3,,,,,,,,,,,,
RIMKLA,,,,,,,,,,,,
PPCS,-0.3276427138363331,-0.07960270177243302,-0.20362270780438305,,,,,,,,,
PPIH,-0.4162777934342043,-0.06987355431178213,-0.24307567387299323,,,,,,,,,
YBX1,,,,,,,,,,,,
P3H1,,,,,,,,,,,,
C1orf50,,,,,,,,,,,,
SVBP,,,,,,,,,,,,
ZNF691,,,,-0.6512036213084677,-0.6512036213084677,-0.6512036213084677,,,,,,
SLC2A1,,,,,,,,,,,,
EBNA1BP2,,,,,,,,,,,,
CDC20,,,,,,,,,,,,
ELOVL1,,,,,,,,,,,,
MED8,-0.29724018123566626,-0.051935314086134506,-0.17458774766090038,,,,,,,-0.4957375908092101,-0.04851405306361761,-0.2721258219364139
SZT2,-0.13994113872142536,-0.02935849197584373,-0.08464981534863454,-0.9815454252431939,-0.31795787385678387,-0.6497516495499889,,,,-0.17065841336381513,0.00965228605451095,-0.08050306365465208
HYI,,,,,,,,,,,,
PTPRF,,,,,,,,,,,,
KDM4A,,,,-0.9762677607340131,-0.30146054781232956,-0.6388641542731713,,,,,,
ST3GAL3,,,,,,,,,,,,
IPO13,,,,,,,,,,,,
DPH2,,,,,,,,,,,,
ATP6V0B,-0.3278624925903192,-0.0385390501336877,-0.18320077136200344,,,,,,,,,
B4GALT2,,,,,,,,,,,,
DMAP1,,,,,,,,,,,,
ERI3,,,,,,,,,,,,
RNF220,,,,,,,,,,,,
TMEM53,,,,,,,,,,,,
KIF2C,,,,,,,,,,,,
RPS8,,,,,,,,,,,,
PTCH2,,,,,,,,,,,,
EIF2B3,,,,,,,,,,,,
HECTD3,,,,-0.6258362854247347,-0.6258362854247347,-0.6258362854247347,,,,,,
UROD,-0.36257218368155086,-0.07081420227827558,-0.2166931929799132,,,,,,,,,
ZSWIM5,,,,,,,,,,,,
MUTYH,,,,,,,,,,,,
TOE1,,,,,,,,,,,,
TESK2,,,,-0.9840105245573046,-0.3189851351340493,-0.651497829845677,,,,-0.3291088597569479,0.0014964143048240759,-0.16380622272606193
MMACHC,,,,,,,,,,,,
PRDX1,,,,,,,,,,,,
AKR1A1,,,,,,,,,,,,
NASP,,,,,,,,,,,,
GPBP1L1,,,,,,,,,,,,
TMEM69,,,,,,,,,,,,
IPP,,,,,,,,,,,,
MAST2,,,,,,,,,,,,
PIK3R3,,,,,,,,,,,,
POMGNT1,,,,,,,,,,,,
RAD54L,,,,,,,,,,,,
LRRC41,,,,,,,,,,,,
UQCRH,-0.900840634518127,-0.1972392644243668,-0.5490399494712469,,,,,,,,,
NSUN4,,,,,,,,,,,,
DMBX1,,,,-0.6760922922839867,-0.6760922922839867,-0.6760922922839867,,,,,,
MKNK1,-0.3332273750847649,-0.04393371406297683,-0.18858054457387086,,,,,,,,,
ATPAF1,,,,,,,,,,,,
EFCAB14,,,,,,,,,,,,
STIL,,,,,,,,,,,,
CMPK1,,,,,,,,,,,,
FOXD2,,,,,,,,,,,,
TRABD2B,,,,,,,,,,,,
SPATA6,,,,,,,,,,,,
FAF1,,,,,,,,,,,,
CDKN2C,,,,,,,,,,,,
RNF11,,,,,,,,,,,,
EPS15,,,,,,,,,,,,
OSBPL9,,,,,,,,,,,,
NRDC,,,,,,,,,,,,
RAB3B,,,,,,,,,,,,
TXNDC12,,,,,,,,,,,,
KTI12,,,,-0.6353850518959598,-0.6353850518959598,-0.6353850518959598,,,,,,
BTF3L4,,,,,,,-0.9285828784505813,-0.2263764853616613,-0.5774796819061213,,,
ZFYVE9,,,,,,,,,,,,
CC2D1B,,,,,,,,,,,,
ORC1,,,,,,,,,,,,
PRPF38A,,,,,,,,,,,,
TUT4,,,,,,,,,,,,
COA7,,,,,,,,,,,,
ZYG11B,,,,,,,,,,,,
ZYG11A,,,,,,,,,,,,
ECHDC2,,,,-0.5661547187819577,-0.5661547187819577,-0.5661547187819577,,,,-0.19815543583801187,-0.020856186053897687,-0.10950581094595478
SCP2,,,,,,,,,,,,
CPT2,,,,,,,,,,,,
CZIB,-0.44066030137034673,-0.09627241197922491,-0.2684663566747858,,,,,,,-0.5501218541521515,-0.07382496006287174,-0.31197340710751165
MAGOH,,,,,,,,,,,,
LRP8,,,,,,,,,,,,
GLIS1,,,,,,,,,,,,
NDC1,,,,,,,,,,,,
YIPF1,,,,,,,,,,,,
IFT25,,,,,,,,,,,,
LRRC42,,,,,,,,,,,,
TMEM59,,,,,,,,,,,,
TCEANC2,,,,,,,,,,-0.4389658636930714,-0.11133462451246648,-0.27515024410276895
CYB5RL,,,,,,,-0.6424230148664349,-0.07928699235827821,-0.36085500361235656,,,
MRPL37,,,,,,,,,,,,
SSBP3,,,,,,,,,,,,
TTC4,,,,,,,,,,,,
DHCR24,,,,,,,,,,,,
USP24,,,,,,,,,,,,
PLPP3,,,,-0.9851038137135993,-0.2921928751677079,-0.6386483444406537,,,,,,
PRKAA2,,,,,,,,,,,,
DAB1,,,,,,,,,,,,
OMA1,,,,,,,,,,,,
MYSM1,,,,,,,,,,,,
JUN,,,,,,,,,,,,
FGGY,,,,,,,,,,,,
HOOK1,,,,,,,,,,,,
NFIA,,,,,,,,,,,,
TM2D1,,,,,,,,,,,,
PATJ,,,,-0.969036663942119,-0.13463719306381575,-0.5518369285029674,,,,,,
USP1,,,,,,,,,,,,
DOCK7,,,,-0.9122120718151776,-0.1114973062968965,-0.511854689056037,,,,,,
ATG4C,,,,,,,,,,,,
ALG6,,,,,,,,,,,,
ITGB3BP,,,,,,,,,,,,
EFCAB7,,,,,,,,,,,,
PGM1,,,,,,,,,,,,
ROR1,,,,,,,,,,,,
CACHD1,,,,,,,,,,,,
RAVER2,,,,,,,,,,,,
JAK1,,,,,,,,,,,,
AK4,,,,,,,,,,,,
DNAJC6,,,,,,,,,,,,
LEPROT,,,,,,,,,,,,
LEPR,,,,,,,,,,,,
MIER1,,,,,,,,,,,,
SLC35D1,,,,,,,,,,,,
IL12RB2,,,,,,,,,,,,
SERBP1,,,,,,,,,,,,
GADD45A,-0.19205026326735863,-0.017206651472463932,-0.10462845736991128,,,,,,,-0.3172889081409531,-0.027969852577187187,-0.17262938035907016
GNG12,,,,,,,,,,,,
WLS,,,,,,,,,,,,
DEPDC1,,,,,,,,,,,,
LRRC40,,,,,,,,,,,,
SRSF11,,,,,,,,,,,,
ANKRD13C,,,,,,,,,,,,
CTH,,,,,,,,,,,,
ZRANB2,,,,,,,,,,,,
LRRIQ3,,,,,,,,,,,,
FPGT,,,,,,,,,,,,
TNNI3K,-0.16432418715903874,-0.060120460895598145,-0.11222232402731844,-0.9808344692441946,-0.28471452674399167,-0.6327744979940931,,,,-0.25321404869102027,-0.0585560094583204,-0.15588502907467033
CRYZ,,,,-0.7408349201709024,-0.7408349201709024,-0.7408349201709024,,,,,,
TYW3,,,,,,,,,,,,
LHX8,,,,,,,,,,,,
SLC44A5,,,,,,,,,,,,
ACADM,,,,,,,,,,,,
RABGGTB,,,,,,,,,,,,
ST6GALNAC3,,,,,,,,,,,,
PIGK,,,,,,,,,,,,
ZZZ3,,,,,,,,,,,,
USP33,,,,,,,,,,,,
MIGA1,,,,,,,,,,,,
NEXN,,,,,,,,,,,,
FUBP1,,,,,,,,,,,,
DNAJB4,,,,,,,,,,,,
ADGRL2,,,,,,,,,,,,
TTLL7,,,,,,,,,,,,
PRKACB,,,,,,,,,,,,
RPF1,,,,,,,,,,,,
GNG5,-0.99035469885325,-0.45995225157153496,-0.7251534752123925,,,,,,,,,
CTBS,,,,,,,,,,,,
SSX2IP,,,,,,,,,,,,
LPAR3,,,,,,,,,,,,
MCOLN2,,,,,,,,,,,,
DNAI3,,,,,,,,,,,,
MCOLN3,,,,,,,,,,,,
SYDE2,,,,,,,,,,,,
C1orf52,,,,,,,,,,,,
BCL10,,,,-0.9885612656711902,-0.2694873648023113,-0.6290243152367507,,,,,,
DDAH1,,,,,,,,,,,,
CCN1,,,,,,,,,,,,
ZNHIT6,,,,,,,,,,,,
ODF2L,,,,,,,,,,,,
SH3GLB1,,,,,,,,,,,,
SELENOF,,,,,,,,,,,,
HS2ST1,,,,,,,,,,,,
LMO4,,,,,,,,,,,,
PKN2,,,,,,,,,,,,
GTF2B,,,,,,,,,,,,
KYAT3,,,,,,,,,,,,
RBMXL1,,,,,,,,,,,,
LRRC8B,,,,,,,,,,,,
LRRC8C,,,,,,,,,,,,
LRRC8D,,,,,,,,,,,,
ZNF326,,,,,,,,,,,,
ZNF644,,,,,,,,,,,,
HFM1,,,,,,,,,,,,
CDC7,,,,,,,,,,,,
TGFBR3,,,,,,,,,,,,
BTBD8,,,,,,,,,,,,
GLMN,,,,,,,,,,,,
RPAP2,,,,,,,,,,,,
EVI5,,,,,,,,,,,,
RPL5,-0.40036839205183844,-0.0968163987987014,-0.24859239542526992,,,,,,,,,
DIPK1A,,,,,,,,,,,,
MTF2,,,,,,,,,,,,
TMED5,,,,,,,,,,,,
CCDC18,,,,,,,,,,,,
DR1,,,,,,,,,,,,
FNBP1L,,,,,,,,,,,,
BCAR3,,,,,,,,,,,,
DNTTIP2,,,,,,,,,,,,
GCLM,,,,,,,,,,,,
ARHGAP29,,,,-0.9845712298611992,-0.32542626729919294,-0.654998748580196,,,,,,
ABCD3,,,,,,,,,,,,
CNN3,,,,,,,,,,,,
ALG14,,,,,,,,,,,,
TLCD4,,,,,,,,,,,,
RWDD3,,,,,,,,,,,,
PTBP2,,,,,,,,,,,,
DPYD,,,,,,,,,,,,
SNX7,,,,,,,,,,,,
FRRS1,,,,,,,,,,,,
AGL,,,,,,,,,,,,
SLC35A3,,,,,,,,,,,,
MFSD14A,,,,,,,,,,,,
SASS6,,,,,,,,,,,,
TRMT13,,,,,,,,,,,,
DBT,,,,,,,,,,,,
RTCA,,,,,,,,,,,,
CDC14A,,,,,,,,,,,,
EXTL2,,,,,,,,,,,,
SLC30A7,,,,,,,,,,,,
DPH5,,,,,,,,,,,,
RNPC3,,,,,,,,,,,,
PRMT6,,,,,,,,,,,,
VAV3,,,,,,,,,,,,
SLC25A24,,,,,,,,,,,,
EEIG2,,,,,,,,,,,,
PRPF38B,,,,,,,,,,,,
STXBP3,,,,,,,,,,,,
GPSM2,,,,,,,,,,,,
CLCC1,,,,,,,,,,,,
WDR47,,,,,,,,,,,,
TAF13,,,,,,,,,,,,
TMEM167B,,,,,,,,,,,,
SARS1,-0.4239786561650768,-0.09657362689816879,-0.2602761415316228,,,,,,,,,
CELSR2,,,,,,,,,,,,
PSRC1,,,,-0.6150560910365894,-0.6150560910365894,-0.6150560910365894,,,,,,
SORT1,,,,,,,,,,,,
PSMA5,,,,,,,,,,,,
GNAI3,,,,,,,,,,,,
AMPD2,,,,,,,,,,,,
GSTM3,-0.3760171429343873,-0.08867650258905461,-0.23234682276172097,,,,,,,,,
AHCYL1,,,,,,,,,,,,
STRIP1,,,,,,,,,,,,
KCNC4,,,,,,,,,,,,
RBM15,,,,,,,,,,,,
SLC16A4,,,,,,,,,,,,
LAMTOR5,-0.5088315762058391,-0.0889054448601582,-0.2988685105329986,,,,,,,,,
LRIF1,,,,,,,,,,,,
DRAM2,,,,,,,,,,,,
CEPT1,,,,,,,,,,,,
WDR77,,,,,,,,,,,,
ATP5PB,-0.46505492881873084,-0.08071900261086257,-0.2728869657147967,,,,,,,,,
RAP1A,,,,,,,,,,,,
DDX20,,,,,,,,,,,,
CTTNBP2NL,,,,,,,,,,,,
ST7L,,,,,,,,,,,,
CAPZA1,,,,,,,,,,,,
MOV10,,,,,,,,,,,,
RHOC,,,,-0.6733075311754898,-0.6733075311754898,-0.6733075311754898,,,,,,
SLC16A1,,,,,,,,,,,,
LRIG2,,,,,,,,,,,,
MAGI3,,,,,,,,,,,,
PHTF1,,,,,,,,,,,,
RSBN1,,,,,,,,,,,,
AP4B1,,,,,,,,,,,,
DCLRE1B,,,,-0.5989907798124695,-0.5989907798124695,-0.5989907798124695,,,,,,
HIPK1,,,,,,,,,,,,
TRIM33,,,,,,,,,,,,
BCAS2,,,,,,,,,,,,
DENND2C,,,,,,,,,,,,
NRAS,,,,,,,,,,,,
CSDE1,,,,,,,,,,,,
SIKE1,,,,,,,,,,,,
VANGL1,,,,,,,,,,,,
SLC22A15,,,,,,,,,,,,
ATP1A1,,,,,,,,,,,,
CD58,,,,,,,,,,,,
IGSF3,,,,,,,,,,,,
PTGFRN,,,,,,,,,,,,
TTF2,,,,,,,,,,,,
MAN1A2,,,,,,,,,,,,
GDAP2,,,,,,,,,,,,
WDR3,,,,,,,,,,,,
WARS2,,,,,,,,,,,,
ZNF697,,,,,,,-0.47548184022291456,-0.14602196052497213,-0.31075190037394335,,,
PHGDH,,,,,,,,,,,,
NOTCH2,,,,,,,,,,,,
SEC22B,,,,,,,,,,,,
NBPF8,,,,,,,,,,,,
FAM72B,,,,-0.49041016058807674,-0.49041016058807674,-0.49041016058807674,,,,,,
SRGAP2C,,,,,,,,,,,,
NBPF15,,,,,,,,,,,,
SRGAP2B,,,,,,,,,,,,
NBPF20,,,,,,,,,,,,
GPR89A,,,,,,,,,,,,
RNF115,,,,,,,,,,,,
POLR3C,,,,,,,,,,,,
PIAS3,,,,,,,,,,,,
PEX11B,,,,,,,,,,,,
RBM8A,,,,,,,,,,,,
LIX1L,,,,-0.7626981163490615,-0.7626981163490615,-0.7626981163490615,,,,,,
POLR3GL,,,,,,,,,,,,
TXNIP,,,,-0.6802802114647474,-0.6802802114647474,-0.6802802114647474,,,,,,
NOTCH2NLA,,,,,,,,,,,,
NBPF12,,,,-0.7216712887560618,-0.7216712887560618,-0.7216712887560618,,,,,,
PRKAB2,,,,,,,,,,,,
BCL9,,,,,,,,,,,,
ACP6,,,,,,,,,,,,
GPR89B,,,,,,,,,,,,
NBPF11,,,,,,,,,,,,
PDE4DIP,,,,-0.9620264807609168,-0.22199477222094754,-0.5920106264909322,,,,,,
NBPF9,,,,,,,,,,,,
NOTCH2NLC,,,,,,,,,,,,
BOLA1,-0.32584560492576525,-0.05245090565258111,-0.18914825528917317,-0.7376277897079986,-0.7376277897079986,-0.7376277897079986,-0.5479619415154761,-0.08169244550541027,-0.3148271935104432,,,
SV2A,,,,,,,,,,,,
SF3B4,,,,,,,,,,,,
OTUD7B,,,,,,,,,,,,
VPS45,,,,,,,,,,,,
PLEKHO1,,,,-0.9559223906311715,-0.10528362132292725,-0.5306030059770493,,,,,,
ANP32E,,,,,,,,,,,,
APH1A,,,,,,,,,,,,
C1orf54,,,,-0.6623419471341374,-0.6623419471341374,-0.6623419471341374,,,,,,
MRPS21,-0.6140840965789596,-0.14024096114651774,-0.37716252886273866,,,,,,,,,
PRPF3,,,,,,,,,,,,
RPRD2,,,,,,,,,,,,
TARS2,,,,,,,,,,,,
MCL1,,,,,,,,,,,,
ENSA,,,,,,,,,,,,
GOLPH3L,,,,,,,,,,,,
ARNT,,,,,,,,,,,,
SETDB1,,,,,,,,,,,,
CERS2,,,,,,,,,,,,
MINDY1,,,,-0.6598287830679235,-0.6598287830679235,-0.6598287830679235,,,,,,
PRUNE1,,,,,,,,,,,,
C1orf56,,,,,,,,,,,,
CDC42SE1,,,,,,,,,,,,
GABPB2,,,,,,,,,,,,
SCNM1,,,,,,,,,,,,
LYSMD1,,,,,,,,,,,,
VPS72,,,,,,,,,,,,
PIP5K1A,,,,,,,,,,,,
PSMD4,,,,,,,,,,,,
ZNF687,,,,,,,,,,,,
PI4KB,,,,,,,,,,,,
RFX5,,,,,,,,,,,,
SELENBP1,,,,,,,,,,,,
PSMB4,,,,,,,,,,,,
POGZ,,,,,,,,,,,,
CGN,,,,,,,,,,,,
SNX27,,,,,,,,,,,,
MRPL9,,,,,,,,,,,,
TDRKH,,,,-0.6112302079239306,-0.6112302079239306,-0.6112302079239306,,,,,,
THEM4,,,,,,,,,,,,
S100A10,-0.3525530846620759,-0.048443700293927125,-0.20049839247800152,-0.9754710929608544,-0.2856558881126201,-0.6305634905367372,,,,,,
S100A11,-0.4114013237253994,-0.1095660448822012,-0.2604836843038003,,,,-0.7954815007725048,-0.10571129743497136,-0.45059639910373805,,,
S100A13,-0.735519595647791,-0.1317880503041245,-0.4336538229759578,-0.9785059933949658,-0.2541513481888592,-0.6163286707919124,,,,,,
CHTOP,,,,,,,,,,,,
SNAPIN,,,,-0.9782551832515805,-0.24942715664457663,-0.6138411699480786,,,,,,
ILF2,-0.28082313778170237,-0.056297329012334904,-0.16856023339701864,,,,,,,,,
INTS3,,,,,,,,,,,,
GATAD2B,,,,,,,,,,,,
DENND4B,,,,,,,,,,,,
CRTC2,,,,,,,,,,,,
SLC39A1,,,,-0.9865183337141504,-0.19809869221290793,-0.5923085129635292,,,,,,
JTB,,,,,,,,,,,,
RAB13,-0.36303560203874996,-0.027831437640554933,-0.19543351983965246,,,,,,,,,
RPS27,,,,,,,,,,,,
NUP210L,,,,,,,,,,,,
TPM3,,,,,,,,,,,,
C1orf43,,,,,,,,,,,,
UBAP2L,,,,,,,,,,,,
HAX1,-0.4287997293951503,-0.07279109978303919,-0.25079541458909477,,,,,,,-0.7545020269719888,-0.10847457154843128,-0.43148829926021004
ATP8B2,,,,,,,,,,,,
UBE2Q1,,,,-0.9775091775385101,-0.23448386415764597,-0.605996520848078,,,,,,
ADAR,,,,,,,,,,,,
PMVK,,,,,,,,,,,,
PYGO2,,,,,,,,,,,,
SHC1,,,,,,,,,,,,
CKS1B,,,,,,,-0.7672403258982121,-0.12736112809842773,-0.4473007269983199,,,
FLAD1,,,,,,,,,,,,
ADAM15,,,,,,,,,,,,
SLC50A1,,,,,,,,,,,,
DPM3,,,,,,,-0.8957515016000263,-0.13983487013330323,-0.5177931858666648,,,
KRTCAP2,-0.5506786573248942,-0.14348490422248444,-0.34708178077368934,,,,-0.8585968039860665,-0.12631394888544492,-0.4924553764357557,,,
MTX1,-0.34720625693783896,-0.05373540776276449,-0.20047083235030172,,,,,,,,,
GBA1,,,,-0.64452932426104,-0.64452932426104,-0.64452932426104,,,,,,
ENTREP3,,,,,,,,,,,,
SCAMP3,,,,,,,,,,,,
CLK2,,,,,,,,,,,,
FDPS,,,,,,,,,,,,
RUSC1,,,,,,,,,,,,
ASH1L,,,,,,,,,,,,
MSTO1,,,,,,,,,,,,
YY1AP1,,,,,,,,,,,,
DAP3,,,,,,,,,,,,
GON4L,,,,,,,,,,,,
RIT1,,,,,,,,,,,,
KHDC4,,,,,,,,,,,,
ARHGEF2,,,,,,,,,,,,
SSR2,,,,,,,,,,,,
UBQLN4,,,,,,,,,,,,
LAMTOR2,-0.6201543910004568,-0.10899466580575844,-0.3645745284031076,,,,,,,,,
MEX3A,,,,,,,,,,,,
LMNA,,,,,,,,,,,,
SLC25A44,,,,,,,,,,,,
PMF1,,,,,,,-0.6536114491943253,-0.038653693378364495,-0.3461325712863449,,,
SMG5,,,,,,,,,,,,
GLMP,,,,,,,,,,,,
CCT3,,,,,,,,,,,,
TSACC,,,,,,,,,,,,
MEF2D,,,,,,,,,,,,
IQGAP3,,,,,,,,,,,,
NAXE,-0.4819832708903977,-0.11448555282625589,-0.2982344118583268,,,,,,,-0.6137370707907589,-0.08116574117306653,-0.3474514059819127
GPATCH4,,,,,,,,,,,,
CRABP2,,,,-0.567236057570726,-0.567236057570726,-0.567236057570726,,,,,,
ISG20L2,,,,,,,,,,,,
METTL25B,,,,-0.698610940725958,-0.698610940725958,-0.698610940725958,,,,,,
MRPL24,,,,,,,,,,,,
HDGF,,,,,,,,,,,,
PRCC,,,,,,,,,,,,
ARHGEF11,,,,,,,,,,,,
ETV3,,,,,,,,,,,,
KIRREL1,,,,,,,,,,,,
TAGLN2,,,,,,,,,,,,
PIGM,,,,,,,,,,,,
PEA15,,,,,,,,,,,,
DCAF8,,,,,,,,,,,,
PEX19,,,,,,,,,,,,
COPA,,,,,,,,,,,,
NCSTN,,,,,,,,,,,,
VANGL2,,,,,,,,,,,,
F11R,,,,,,,,,,,,
USF1,-0.2526883284252137,-0.05538095360756203,-0.15403464101638786,-0.760532597709047,-0.760532597709047,-0.760532597709047,-0.4230091661429655,-0.10093539787028949,-0.2619722820066275,,,
PFDN2,,,,-0.9787419758654382,-0.2378231893611046,-0.6082825826132714,,,,,,
NIT1,,,,,,,,,,,,
DEDD,,,,,,,,,,,,
UFC1,-0.47684647720056417,-0.06262606299549796,-0.2697362700980311,,,,,,,,,
USP21,,,,,,,,,,,,
PPOX,,,,,,,,,,,,
B4GALT3,,,,,,,,,,,,
NDUFS2,-0.37651307274090723,-0.02527476154183264,-0.20089391714136995,,,,-0.6624638579473321,-0.06670498552136725,-0.3645844217343497,,,
TOMM40L,,,,-0.5993780848732042,-0.5993780848732042,-0.5993780848732042,,,,,,
SDHC,,,,,,,,,,,,
DUSP12,,,,,,,,,,,,
ATF6,,,,,,,,,,,,
NOS1AP,,,,,,,,,,,,
UHMK1,,,,,,,,,,,,
UAP1,,,,,,,,,,,,
DDR2,,,,,,,,,,,,
HSD17B7,,,,,,,,,,,,
NUF2,,,,,,,,,,,,
PBX1,,,,,,,,,,,,
MGST3,-0.5232143292248279,-0.12044118237983902,-0.32182775580233347,,,,,,,,,
ALDH9A1,,,,,,,,,,,,
TMCO1,-0.4743659735451119,-0.08395654796127386,-0.27916126075319286,-0.9586203968099909,-0.13954806832005878,-0.5490842325650248,,,,,,
UCK2,,,,,,,,,,,,
POGK,,,,,,,,,,,,
TADA1,,,,,,,,,,,,
POU2F1,,,,,,,,,,,,
CREG1,,,,,,,,,,,,
MPZL1,,,,,,,,,,,,
MPC2,,,,,,,,,,,,
DCAF6,,,,,,,,,,,,
GPR161,,,,,,,,,,,,
TIPRL,,,,,,,,,,,,
SFT2D2,,,,,,,,,,,,
ATP1B1,,,,,,,,,,,,
NME7,,,,,,,,,,,,
BLZF1,,,,,,,,,,,,
CCDC181,,,,,,,,,,,,
SLC19A2,,,,,,,,,,,,
C1orf112,,,,,,,,,,,,
METTL18,,,,,,,,,,,,
SCYL3,,,,,,,,,,,,
KIFAP3,,,,,,,,,,,,
GORAB,,,,-0.7270352634906103,-0.7270352634906103,-0.7270352634906103,,,,,,
PRRC2C,,,,,,,,,,,,
VAMP4,,,,,,,,,,,,
METTL13,,,,,,,,,,,,
DNM3,,,,,,,,,,,,
PIGC,,,,,,,,,,,,
SUCO,,,,-0.9771169877758107,-0.2893562060857087,-0.6332365969307597,,,,,,
PRDX6,,,,,,,,,,,,
KLHL20,,,,,,,,,,,,
CENPL,,,,,,,,,,,,
DARS2,,,,,,,,,,,,
ZBTB37,,,,,,,,,,,,
RC3H1,,,,,,,,,,,,
RABGAP1L,,,,,,,,,,,,
CACYBP,,,,,,,,,,,,
MRPS14,,,,,,,,,,,,
COP1,,,,,,,,,,,,
RASAL2,,,,,,,,,,,,
RALGPS2,,,,-0.9805608255245278,-0.23350364482867375,-0.6070322351766008,,,,,,
FAM20B,,,,,,,,,,,,
TOR3A,,,,,,,,,,,,
ABL2,,,,,,,,,,,,
SOAT1,,,,,,,,,,,,
TOR1AIP2,,,,,,,,,,,,
TOR1AIP1,,,,,,,,,,,,
CEP350,,,,,,,,,,,,
QSOX1,,,,,,,,,,,,
ACBD6,,,,,,,,,,,,
XPR1,,,,,,,,,,,,
STX6,,,,,,,,,,,,
IER5,,,,,,,,,,,,
GLUL,,,,,,,,,,,,
RGS16,-0.191825013584661,-0.02579473351413171,-0.10880987354939636,-0.980317095471649,-0.24265257324624687,-0.611484834358948,-0.43092269617348095,-0.04905797122291625,-0.2399903336981986,,,
NPL,,,,,,,,,,,,
DHX9,,,,,,,,,,,,
LAMC1,,,,,,,,,,,,
SMG7,,,,,,,,,,,,
ARPC5,,,,,,,,,,,,
RGL1,,,,,,,,,,,,
TSEN15,,,,,,,,,,,,
C1orf21,,,,,,,,,,,,
EDEM3,,,,,,,,,,,,
NIBAN1,,,,,,,,,,,,
RNF2,,,,,,,,,,,,
TRMT1L,,,,,,,,,,,,
SWT1,,,,,,,,,,,,
IVNS1ABP,,,,,,,,,,,,
HMCN1,,,,,,,,,,,,
TPR,,,,,,,,,,,,
ODR4,,,,,,,,,,,,
PLA2G4A,,,,,,,,,,,,
BRINP3,,,,,,,,,,,,
UCHL5,,,,,,,,,,,,
RO60,,,,,,,,,,,,
GLRX2,,,,,,,,,,,,
CDC73,,,,,,,,,,,,
KCNT2,,,,,,,,,,,,
ASPM,,,,,,,,,,,,
ZBTB41,,,,,,,,,,,,
DENND1B,,,,,,,,,,,,
C1orf53,,,,,,,,,,,,
NEK7,,,,,,,,,,,,
ZNF281,,,,,,,,,,,,
KIF14,,,,,,,,,,,,
DDX59,,,,,,,,,,,,
CAMSAP2,,,,,,,,,,,,
TMEM9,,,,,,,,,,,,
NAV1,,,,,,,,,,,,
IPO9,,,,,,,,,,,,
TIMM17A,,,,,,,,,,,,
RNPEP,,,,,,,,,,,,
ARL8A,,,,,,,,,,,,
UBE2T,-0.8452087711963734,-0.1144269180761879,-0.47981784463628063,,,,,,,,,
PPP1R12B,,,,,,,,,,,,
SYT2,-0.13068506287274295,-0.0441500267521564,-0.08741754481244968,-0.44614917823351036,-0.44614917823351036,-0.44614917823351036,-0.18767552521594,0.022707412767942702,-0.08248405622399865,-0.2042369016109234,-0.06589645507008865,-0.135066678340506
KDM5B,,,,,,,,,,,,
RABIF,,,,,,,,,,,,
KLHL12,,,,-0.9818248197817149,-0.328561828061498,-0.6551933239216065,,,,,,
ADIPOR1,,,,,,,,,,,,
CYB5R1,,,,,,,,,,,,
TMEM183A,,,,,,,,,,,,
BTG2,,,,,,,,,,,,
ATP2B4,,,,,,,,,,,,
SNRPE,,,,-0.9773652893727902,-0.2590006595291493,-0.6181829744509697,,,,,,
SOX13,,,,,,,,,,,,
ETNK2,,,,-0.33726831522525713,-0.33726831522525713,-0.33726831522525713,,,,,,
PPP1R15B,,,,,,,,,,,,
PIK3C2B,,,,,,,,,,,,
MDM4,,,,,,,,,,,,
RBBP5,,,,,,,,,,,,
DSTYK,,,,,,,,,,,,
CDK18,,,,-0.5337460124958532,-0.5337460124958532,-0.5337460124958532,,,,,,
ELK4,,,,,,,,,,,,
NUCKS1,,,,,,,,,,,,
RAB29,,,,,,,,,,,,
SLC41A1,,,,-0.6692642621763224,-0.6692642621763224,-0.6692642621763224,,,,,,
SRGAP2,,,,,,,,,,,,
EIF2D,,,,,,,,,,,,
DYRK3,,,,,,,,,,,,
MAPKAPK2,,,,,,,,,,,,
PFKFB2,,,,,,,,,,,,
YOD1,,,,,,,,,,,,
CD55,,,,,,,,,,,,
CD46,,,,,,,,,,,,
PLXNA2,,,,,,,,,,,,
C1orf74,,,,,,,-0.3238631083327692,-0.05164458033541668,-0.18775384433409295,,,
UTP25,,,,,,,,,,,,
SYT14,,,,,,,,,,,,
SERTAD4,,,,-0.5566855787332581,-0.5566855787332581,-0.5566855787332581,,,,,,
HHAT,,,,,,,,,,,,
RCOR3,,,,,,,,,,,,
TRAF5,,,,,,,,,,,,
NEK2,,,,,,,,,,,,
LPGAT1,,,,,,,,,,,,
INTS7,,,,,,,,,,,,
DTL,,,,,,,,,,,,
PPP2R5A,,,,,,,,,,,,
PACC1,,,,,,,,,,,,
NENF,,,,,,,,,,,,
ATF3,,,,,,,,,,,,
BATF3,-0.2658877206313904,-0.06731968322990467,-0.16660370193064752,,,,,,,,,
NSL1,,,,,,,,,,,,
TATDN3,,,,,,,,,,,,
FLVCR1,,,,,,,,,,,,
ANGEL2,,,,,,,,,,,,
RPS6KC1,,,,,,,,,,,,
SMYD2,,,,,,,,,,,,
PTPN14,,,,,,,,,,,,
CENPF,,,,,,,,,,,,
KCTD3,,,,,,,,,,,,
ESRRG,,,,,,,,,,,,
GPATCH2,,,,,,,,,,,,
SPATA17,,,,,,,,,,,,
RRP15,,,,,,,,,,,,
TGFB2,-0.13216058198518577,-0.0407675674671012,-0.08646407472614348,-0.5218928071092174,-0.5218928071092174,-0.5218928071092174,,,,-0.21139042954877305,-0.05503513164019529,-0.13321278059448416
LYPLAL1,-0.301205140629893,-0.04810355528376612,-0.17465434795682958,,,,,,,,,
SLC30A10,-0.1589760893965288,-0.04366249397059532,-0.10131929168356206,-0.9564862660880677,-0.24887678511407346,-0.6026815256010706,,,,-0.23766126517714695,-0.022826516273685524,-0.13024389072541623
EPRS1,,,,,,,,,,,,
BPNT1,,,,-0.9043350142780986,-0.13755537711831664,-0.5209451956982076,,,,,,
IARS2,,,,,,,,,,,,
RAB3GAP2,,,,,,,,,,,,
MARK1,,,,,,,,,,,,
MTARC2,,,,,,,,,,,,
MTARC1,,,,,,,,,,,,
TAF1A,,,,,,,,,,,,
MIA3,,,,,,,,,,,,
AIDA,,,,,,,,,,,,
BROX,,,,,,,,,,,,
DISP1,,,,,,,,,,,,
CAPN2,,,,,,,,,,,,
TP53BP2,,,,,,,,,,,,
FBXO28,,,,,,,,,,,,
DEGS1,,,,,,,,,,,,
NVL,,,,,,,,,,,,
CNIH4,-0.40539564321946076,-0.02957959464618457,-0.21748761893282267,,,,,,,,,
WDR26,,,,,,,,,,,,
CNIH3,,,,,,,,,,,,
DNAH14,,,,,,,,,,,,
LBR,,,,,,,,,,,,
ENAH,,,,,,,,,,,,
SRP9,,,,,,,,,,,,
EPHX1,,,,,,,,,,,,
TMEM63A,,,,,,,,,,,,
PYCR2,,,,,,,,,,,,
SDE2,,,,,,,,,,,,
ACBD3,,,,,,,,,,,,
LIN9,,,,,,,,,,,,
PARP1,,,,,,,,,,,,
ITPKB,,,,,,,,,,,,
PSEN2,,,,,,,,,,,,
COQ8A,,,,,,,,,,,,
CDC42BPA,,,,,,,,,,,,
ZNF678,,,,,,,,,,,,
SNAP47,,,,,,,,,,,,
JMJD4,,,,,,,,,,,,
ARF1,,,,,,,,,,,,
C1orf35,,,,,,,,,,,,
MRPL55,,,,,,,,,,,,
GUK1,,,,-0.987842205371182,-0.2925992903646728,-0.6402207478679274,,,,,,
IBA57,,,,,,,,,,,,
TRIM11,,,,,,,,,,,,
RNF187,,,,,,,,,,,,
RHOU,-0.1971254859481793,-0.036283334119944465,-0.11670441003406189,-0.6116064529044454,-0.6116064529044454,-0.6116064529044454,,,,,,
RAB4A,,,,,,,,,,,,
CCSAP,,,,,,,,,,,,
NUP133,,,,,,,,,,,,
ABCB10,,,,,,,,,,,,
TAF5L,,,,,,,,,,,,
URB2,,,,,,,,,,,,
GALNT2,,,,,,,,,,,,
PGBD5,,,,,,,,,,,,
COG2,,,,,,,,,,,,
C1orf198,,,,,,,,,,,,
TTC13,,,,,,,,,,,,
ARV1,,,,,,,,,,,,
FAM89A,,,,,,,,,,,,
C1orf131,,,,,,,,,,,,
GNPAT,,,,,,,,,,,,
EXOC8,,,,,,,,,,,,
SPRTN,,,,,,,,,,,,
EGLN1,,,,,,,,,,,,
TSNAX,,,,,,,,,,,,
DISC1,,,,,,,,,,,,
SIPA1L2,,,,,,,,,,,,
NTPCR,-0.3301356923586523,-0.10005745431118968,-0.215096573334921,,,,,,,,,
PCNX2,,,,,,,,,,,,
MAP3K21,,,,,,,,,,,,
KCNK1,,,,,,,,,,,,
COA6,,,,,,,,,,,,
TARBP1,,,,,,,,,,,,
IRF2BP2,,,,,,,,,,,,
TOMM20,,,,,,,,,,,,
ARID4B,,,,,,,,,,,,
GGPS1,,,,,,,,,,,,
TBCE,,,,,,,,,,,,
B3GALNT2,,,,,,,,,,,,
GNG4,,,,,,,,,,,,
LYST,,,,,,,,,,,,
NID1,,,,,,,,,,,,
GPR137B,,,,,,,,,,,,
ERO1B,,,,,,,,,,,,
EDARADD,,,,,,,,,,,,
HEATR1,,,,,,,,,,,,
ACTN2,,,,,,,,,,,,
MTR,,,,,,,,,,,,
RYR2,,,,-0.9763970145282718,-0.22591225968475254,-0.6011546371065122,,,,,,
CHRM3,,,,,,,,,,,,
FMN2,,,,,,,,,,,,
RGS7,,,,,,,,,,,,
FH,,,,,,,,,,,,
CHML,,,,,,,,,,,,
EXO1,,,,,,,,,,,,
CEP170,,,,,,,,,,,,
SDCCAG8,,,,,,,,,,,,
AKT3,,,,,,,,,,,,
ZBTB18,,,,,,,,,,,,
ADSS2,,,,,,,,,,,,
CATSPERE,,,,,,,,,,,,
DESI2,,,,,,,,,,,,
COX20,-0.5519804231535769,-0.07935885874055283,-0.31566964094706484,-0.977624116763677,-0.18808012795385678,-0.5828521223587669,,,,,,
HNRNPU,,,,,,,,,,,,
EFCAB2,,,,,,,,,,,,
KIF26B,,,,,,,,,,-0.24083631634966615,-0.021741038151199557,-0.13128867725043286
SMYD3,,,,,,,,,,,,
TFB2M,,,,,,,,,,,,
CNST,,,,,,,,,,,,
SCCPDH,,,,,,,,,,,,
AHCTF1,,,,,,,,,,,,
ZNF695,,,,,,,,,,,,
ZNF670,,,,,,,,,,,,
ZNF124,,,,,,,,,,,,
ZNF496,,,,,,,,,,,,
SH3YL1,,,,,,,,,,,,
ACP1,-0.6019387637541228,-0.08318898857131492,-0.3425638761627189,,,,,,,,,
TMEM18,,,,,,,,,,,,
SNTG2,,,,,,,,,,,,
PXDN,,,,,,,,,,,,
EIPR1,,,,,,,,,,,,
TRAPPC12,,,,,,,,,,,,
ADI1,-0.6102355560472165,-0.15200098622265595,-0.38111827113493624,,,,-0.704218130844397,-0.052484032648463505,-0.37835108174643023,-0.5611505914922871,-0.08474354523911143,-0.32294706836569925
RNASEH1,,,,,,,,,,,,
RPS7,-0.49683958429919317,-0.14105282762103033,-0.31894620596011175,,,,,,,,,
DCDC2C,-0.11187743100670078,-0.045767276455120916,-0.07882235373091084,-0.9071644133048405,-0.19009463792515252,-0.5486295256149966,-0.2846006586564761,1.9377481374435085e-05,-0.14229064058755084,-0.1798401409721727,-0.05645534158784722,-0.11814774128000996
RNF144A,,,,,,,,,,,,
ID2,,,,,,,,,,,,
KIDINS220,,,,,,,,,,,,
MBOAT2,,,,,,,,,,,,
ASAP2,,,,,,,,,,,,
ITGB1BP1,,,,,,,,,,,,
CPSF3,,,,,,,,,,,,
IAH1,-0.5323640529592552,-0.10338145291252344,-0.3178727529358893,,,,,,,,,
ADAM17,,,,,,,,,,,,
YWHAQ,,,,,,,,,,,,
TAF1B,,,,,,,,,,,,
KLF11,,,,,,,,,,,,
RRM2,,,,,,,,,,,,
HPCAL1,,,,,,,,,,,,
ODC1,,,,,,,,,,,,
NOL10,,,,,,,,,,,,
PDIA6,,,,,,,,,,,,
SLC66A3,,,,,,,,,,,,
ROCK2,,,,,,,,,,,,
E2F6,,,,,,,-0.8453982659657395,-0.07411437036277922,-0.4597563181642594,,,
GREB1,,,,,,,,,,,,
LPIN1,,,,,,,,,,,,
NBAS,,,,,,,,,,,,
DDX1,,,,,,,,,,,,
SMC6,,,,,,,,,,,,
GEN1,,,,,,,,,,,,
RDH14,,,,,,,,,,,,
TTC32,,,,,,,,,,,,
WDR35,,,,,,,,,,,,
LAPTM4A,,,,,,,,,,,,
PUM2,,,,,,,,,,,,
RHOB,,,,,,,,,,,,
HS1BP3,,,,,,,,,,,,
LDAH,,,,,,,,,,,,
KLHL29,,,,,,,,,,,,
ATAD2B,,,,,,,,,,,,
UBXN2A,,,,,,,,,,,,
WDCP,,,,,,,,,,,,
FKBP1B,,,,,,,,,,,,
SF3B6,,,,,,,,,,,,
FAM228B,,,,,,,,,,,,
TP53I3,,,,-0.5235956838150972,-0.5235956838150972,-0.5235956838150972,,,,,,
ITSN2,,,,,,,,,,,,
NCOA1,,,,,,,,,,,,
PTRHD1,-0.6713893989370512,-0.16432541022347533,-0.41785740458026327,,,,,,,,,
CENPO,,,,,,,,,,,,
ADCY3,,,,,,,,,,,,
DNAJC27,,,,,,,,,,,,
EFR3B,,,,,,,,,,,,
DNMT3A,,,,,,,,,,,,
DTNB,,,,,,,,,,,,
ASXL2,,,,,,,,,,,,
RAB10,,,,,,,,,,,,
GAREM2,,,,-0.7673641360407542,-0.7673641360407542,-0.7673641360407542,,,,,,
HADHA,,,,,,,,,,,,
HADHB,,,,,,,,,,,,
SELENOI,,,,,,,,,,,,
SLC35F6,,,,,,,,,,,,
CENPA,,,,,,,,,,,,
DPYSL5,,,,,,,,,,,,
MAPRE3,,,,,,,,,,,,
TMEM214,,,,,,,,,,,,
AGBL5,,,,,,,,,,,,
OST4,,,,,,,,,,,,
KHK,,,,,,,,,,,,
PREB,,,,,,,,,,,,
SLC5A6,,,,,,,,,,,,
ATRAID,,,,,,,,,,,,
CAD,,,,,,,,,,,,
MPV17,,,,,,,,,,,,
GTF3C2,,,,,,,,,,,,
EIF2B4,,,,,,,,,,,,
SNX17,,,,,,,,,,,,
PPM1G,,,,,,,,,,,,
NRBP1,,,,,,,,,,,,
IFT172,,,,,,,,,,,,
ZNF512,,,,,,,,,,,,
GPN1,,,,,,,,,,,,
SUPT7L,,,,,,,,,,,,
SLC4A1AP,,,,,,,,,,,,
MRPL33,,,,,,,,,,,,
BABAM2,,,,,,,,,,,,
PPP1CB,,,,,,,,,,,,
SPDYA,,,,,,,,,,,,
TRMT61B,,,,,,,,,,,,
WDR43,,,,,,,,,,,,
CLIP4,,,,,,,,,,,,
YPEL5,,,,,,,,,,,,
LCLAT1,,,,,,,,,,,,
GALNT14,,,,,,,,,,,,
EHD3,,,,,,,,,,,,
DPY30,-0.7342517316319339,-0.13236624170668454,-0.4333089866693092,,,,,,,,,
SPAST,,,,,,,,,,,,
SLC30A6,,,,,,,,,,,,
YIPF4,,,,-0.9841830338779438,-0.3141760685953518,-0.6491795512366478,,,,,,
BIRC6,,,,,,,,,,,,
TTC27,,,,,,,,,,,,
LTBP1,,,,,,,,,,,,
FAM98A,,,,,,,,,,,,
CRIM1,,,,,,,,,,,,
FEZ2,,,,,,,,,,,,
STRN,,,,,,,,,,,,
HEATR5B,,,,,,,,,,,,
GPATCH11,,,,,,,,,,,,
EIF2AK2,,,,,,,,,,,,
CEBPZOS,,,,-0.9878349274773897,-0.18958000648027296,-0.5887074669788313,,,,,,
CEBPZ,,,,,,,,,,,,
NDUFAF7,,,,,,,,,,,,
PRKD3,,,,,,,,,,,,
QPCT,,,,,,,,,,,,
CDC42EP3,,,,,,,,,,,,
RMDN2,,,,,,,,,,,,
ATL2,,,,,,,,,,,,
HNRNPLL,,,,,,,,,,,,
GALM,,,,,,,,,,,,
SRSF7,,,,,,,,,,,,
GEMIN6,,,,,,,,,,,,
DHX57,,,,,,,,,,,,
MORN2,,,,,,,,,,,,
SOS1,,,,,,,,,,,,
MAP4K3,,,,,,,,,,,,
THUMPD2,,,,,,,,,,,,
SLC8A1,,,,,,,,,,,,
PKDCC,,,,-0.731872462432228,-0.731872462432228,-0.731872462432228,,,,,,
EML4,,,,,,,,,,,,
COX7A2L,,,,,,,,,,,,
KCNG3,,,,,,,,,,,,
MTA3,,,,,,,,,,,,
ZFP36L2,,,,,,,,,,,,
THADA,,,,,,,,,,,,
PLEKHH2,,,,,,,,,,,,
DYNC2LI1,,,,,,,,,,,,
LRPPRC,,,,,,,,,,,,
PPM1B,,,,,,,,,,,,
PREPL,,,,,,,,,,,,
CAMKMT,,,,,,,,,,,,
SIX2,,,,,,,,,,,,
SRBD1,,,,,,,,,,,,
PRKCE,,,,,,,,,,,,
EPAS1,,,,,,,,,,,,
ATP6V1E2,,,,,,,,,,,,
RHOQ,,,,,,,,,,,,
PIGF,,,,,,,,,,,,
CRIPT,,,,,,,,,,,,
MCFD2,,,,,,,,,,,,
TTC7A,,,,,,,,,,,,
CALM2,,,,,,,,,,,,
MSH2,,,,,,,,,,,,
MSH6,,,,,,,,,,,,
FBXO11,,,,,,,,,,,,
FOXN2,,,,,,,,,,,,
PPP1R21,,,,,,,,,,,,
STON1,,,,,,,,,,,,
NRXN1,,,,-0.9890856911689528,-0.30097324029025035,-0.6450294657296016,,,,-0.14088814483915404,-0.015019694126619052,-0.07795391948288655
ASB3,,,,,,,,,,,,
CHAC2,,,,,,,,,,,,
ERLEC1,,,,,,,,,,,,
PSME4,,,,,,,,,,,,
ACYP2,,,,,,,,,,,,
SPTBN1,,,,,,,,,,,,
EML6,,,,,,,,,,,,
RTN4,,,,,,,,,,,,
CLHC1,,,,,,,,,,,,
RPS27A,-0.6688209790725665,-0.1427640301261966,-0.40579250459938154,,,,,,,,,
MTIF2,,,,,,,,,,,,
CCDC88A,,,,,,,,,,,,
CFAP36,,,,,,,,,,,,
PPP4R3B,,,,,,,,,,,,
PNPT1,,,,,,,,,,,,
VRK2,,,,,,,,,,,,
FANCL,,,,,,,,,,,,
BCL11A,,,,,,,,,,,,
PAPOLG,,,,,,,,,,,,
REL,,,,,,,,,,,,
PUS10,,,,,,,,,,,,
PEX13,,,,,,,,,,,,
SANBR,,,,,,,,,,,,
C2orf74,,,,,,,,,,,,
USP34,,,,,,,,,,,,
XPO1,,,,,,,,,,,,
FAM161A,,,,,,,,,,,,
CCT4,,,,,,,,,,,,
COMMD1,,,,,,,,,,,,
B3GNT2,,,,,,,,,,,,
EHBP1,,,,,,,,,,,,
WDPCP,,,,,,,,,,,,
MDH1,-0.4765759065889419,-0.027920884954190973,-0.25224839577156644,,,,,,,,,
UGP2,,,,,,,,,,,,
VPS54,,,,,,,,,,,,
PELI1,-0.15435162192736795,-0.015159566060664525,-0.08475559399401623,,,,,,,,,
LGALSL,,,,,,,,,,,,
AFTPH,,,,,,,,,,,,
SERTAD2,,,,,,,,,,,,
CEP68,,,,,,,,,,,,
RAB1A,,,,,,,,,,,,
ACTR2,,,,,,,,,,,,
SPRED2,,,,,,,,,,,,
MEIS1,,,,,,,,,,,,
ETAA1,,,,,,,,,,,,
C1D,,,,,,,,,,,,
DNAAF10,,,,,,,,,,,,
PNO1,,,,,,,,,,,,
PPP3R1,,,,,,,,,,,,
CNRIP1,,,,,,,,,,,,
FBXO48,,,,-0.5947224821078937,-0.5947224821078937,-0.5947224821078937,,,,,,
APLF,,,,,,,,,,,,
ANTXR1,,,,,,,,,,,,
GFPT1,,,,,,,,,,,,
NFU1,,,,,,,,,,,,
AAK1,,,,,,,,,,,,
ANXA4,,,,,,,,,,,,
GMCL1,,,,,,,,,,,,
SNRNP27,,,,,,,,,,,,
MXD1,,,,,,,,,,,,
PCBP1,,,,,,,,,,,,
C2orf42,,,,,,,,,,,,
TIA1,,,,,,,,,,,,
PCYOX1,,,,,,,,,,,,
SNRPG,-0.9834372768965377,-0.2784533674902338,-0.6309453221933857,,,,,,,,,
FAM136A,,,,,,,,,,,,
ADD2,,,,,,,,,,,,
VAX2,,,,,,,,,,,,
TEX261,,,,,,,,,,,,
NAGK,,,,,,,,,,,,
MCEE,,,,,,,,,,,,
MPHOSPH10,,,,,,,,,,,,
PAIP2B,,,,,,,,,,,,
ZNF638,,,,,,,,,,,,
EXOC6B,,,,,,,,,,,,
SPR,,,,,,,,,,,,
SFXN5,,,,,,,,,,,,
RAB11FIP5,,,,-0.7122331802466421,-0.7122331802466421,-0.7122331802466421,,,,,,
SMYD5,,,,-0.5300593293075406,-0.5300593293075406,-0.5300593293075406,,,,,,
PRADC1,,,,,,,,,,,,
CCT7,,,,,,,,,,,,
ALMS1,,,,,,,,,,,,
TPRKB,,,,,,,,,,,,
DUSP11,,,,,,,,,,,,
STAMBP,,,,,,,,,,,,
DGUOK,,,,,,,,,,,,
TET3,,,,,,,,,,,,
BOLA3,,,,,,,,,,,,
MOB1A,,,,,,,,,,,,
MTHFD2,,,,,,,,,,,,
DCTN1,,,,,,,,,,,,
WDR54,,,,,,,,,,,,
RTKN,,,,,,,,,,,,
INO80B,,,,,,,-0.8566968397927957,-0.07403793858179453,-0.4653673891872951,,,
WBP1,,,,,,,,,,,,
MOGS,,,,,,,,,,,,
MRPL53,,,,,,,,,,,,
CCDC142,,,,,,,,,,,,
TTC31,,,,-0.5880054461540182,-0.5880054461540182,-0.5880054461540182,,,,,,
PCGF1,,,,-0.7383272241569663,-0.7383272241569663,-0.7383272241569663,,,,,,
AUP1,,,,,,,,,,,,
HTRA2,,,,,,,,,,,,
DOK1,,,,-0.6350713626406814,-0.6350713626406814,-0.6350713626406814,,,,,,
HK2,,,,,,,,,,,,
POLE4,,,,,,,,,,,,
MRPL19,,,,,,,,,,,,
GCFC2,,,,,,,,,,,,
LRRTM4,,,,,,,,,,,,
SUCLG1,,,,,,,,,,,,
DNAH6,-0.10256259432938108,-0.025940495817703916,-0.0642515450735425,-0.9727592459472766,-0.2614558586405946,-0.6171075522939355,,,,-0.15164172901403034,-0.03453906620856085,-0.09309039761129559
TMSB10,,,,,,,,,,,,
KCMF1,,,,,,,,,,,,
TCF7L1,,,,,,,,,,,,
TGOLN2,,,,,,,,,,,,
RETSAT,,,,,,,,,,,,
ELMOD3,,,,,,,,,,,,
CAPG,,,,,,,,,,,,
MAT2A,,,,,,,,,,,,
GGCX,,,,,,,,,,,,
VAMP8,,,,,,,,,,,,
RNF181,-0.35874496063219785,-0.06444655221085979,-0.21159575642152884,,,,-0.7116438866021564,-0.08074904743496535,-0.39619646701856087,,,
USP39,,,,,,,,,,,,
C2orf68,,,,,,,,,,,,
ST3GAL5,,,,,,,,,,,,
POLR1A,,,,,,,,,,,,
PTCD3,,,,,,,,,,,,
IMMT,,,,,,,,,,,,
MRPL35,,,,,,,,,,,,
REEP1,,,,,,,,,,,,
KDM3A,,,,,,,,,,,,
CHMP3,,,,,,,,,,,,
RNF103,,,,,,,,,,,,
RMND5A,,,,,,,,,,,,
KRCC1,,,,,,,,,,,,
EIF2AK3,,,,,,,,,,,,
RPIA,,,,,,,,,,,,
MRPS5,,,,,,,,,,,,
ZNF514,,,,,,,,,,,,
ZNF2,,,,,,,,,,,,
FAHD2A,,,,,,,,,,,,
ANKRD36C,,,,,,,,,,,,
DUSP2,,,,,,,,,,,,
STARD7,,,,,,,,,,,,
TMEM127,,,,,,,,,,,,
CIAO1,,,,,,,,,,,,
SNRNP200,,,,,,,,,,,,
ITPRIPL1,-0.29001408406708373,-0.07052796077478705,-0.1802710224209354,,,,,,,,,
NCAPH,,,,,,,,,,,,
KANSL3,,,,,,,,,,,,
LMAN2L,,,,,,,,,,,,
CNNM4,,,,,,,,,,,,
CNNM3,,,,,,,,,,,,
ANKRD39,,,,,,,,,,,,
FAHD2B,,,,,,,,,,,,
ANKRD36,,,,,,,,,,,,
ANKRD36B,,,,,,,,,,,,
COX5B,-0.4176724940822198,-0.07057243418534061,-0.2441224641337802,,,,,,,,,
ACTR1B,,,,,,,,,,,,
C2orf92,,,,,,,,,,,,
TMEM131,,,,,,,,,,,,
INPP4A,,,,,,,,,,,,
COA5,-0.5756549283748685,-0.11471757883127259,-0.34518625360307054,,,,,,,,,
UNC50,,,,,,,,,,,,
MGAT4A,,,,,,,,,,,,
TSGA10,,,,,,,,,,,,
LIPT1,,,,,,,,,,,,
MITD1,,,,,,,,,,,,
MRPL30,,,,,,,,,,,,
TXNDC9,,,,,,,,,,,,
EIF5B,,,,,,,,,,,,
REV1,,,,,,,,,,,,
AFF3,,,,,,,,,,,,
LONRF2,,,,,,,,,,,,
CHST10,,,,,,,,,,,,
PDCL3,,,,,,,,,,,,
NPAS2,,,,,,,,,,,,
RPL31,-0.6991867755431151,-0.183940757846757,-0.4415637666949361,,,,,,,,,
TBC1D8,,,,,,,,,,,,
CNOT11,,,,,,,,,,,,
RNF149,,,,,,,,,,,,
MAP4K4,,,,-0.9843332020361805,-0.21878569438491755,-0.601559448210549,,,,,,
MFSD9,,,,,,,,,,,,
TMEM182,,,,,,,,,,,,
POU3F3,,,,,,,,,,,,
MRPS9,,,,,,,,,,,,
TGFBRAP1,,,,,,,,,,,,
C2orf49,,,,,,,,,,,,
FHL2,,,,-0.7614819984172947,-0.7614819984172947,-0.7614819984172947,,,,,,
NCK2,,,,,,,,,,,,
UXS1,,,,,,,,,,,,
GCC2,,,,,,,,,,,,
LIMS1,,,,,,,,,,,,
RANBP2,,,,,,,,,,,,
CCDC138,,,,,,,,,,,,
SH3RF3,,,,,,,,,,,,
SEPTIN10,,,,,,,,,,,,
SOWAHC,,,,-0.7160248043254513,-0.7160248043254513,-0.7160248043254513,,,,,,
NPHP1,,,,,,,,,,,,
MTLN,,,,,,,,,,,,
BUB1,,,,,,,,,,,,
BCL2L11,,,,,,,,,,,,
ANAPC1,,,,,,,,,,,,
MERTK,,,,,,,,,,,,
TMEM87B,,,,,,,,,,,,
ZC3H8,,,,,,,,,,,,
ZC3H6,,,,-0.5203803989120317,-0.5203803989120317,-0.5203803989120317,,,,,,
RGPD8,,,,,,,,,,,,
TTL,,,,,,,,,,,,
POLR1B,,,,,,,,,,,,
CHCHD5,,,,,,,,,,,,
SLC20A1,,,,,,,,,,,,
CKAP2L,,,,,,,,,,,,
ZNG1B,,,,,,,,,,,,
RABL2A,,,,,,,,,,,,
SLC35F5,,,,,,,,,,,,
ACTR3,,,,,,,,,,,,
DDX18,-0.6069242528972458,-0.16796278314517987,-0.38744351802121285,,,,,,,,,
CCDC93,,,,,,,,,,,,
INSIG2,,,,,,,,,,,,
STEAP3,,,,,,,,,,,,
C2orf76,,,,,,,,,,,,
DBI,,,,,,,,,,,,
TMEM177,,,,,,,,,,,,
PTPN4,,,,,,,,,,,,
EPB41L5,,,,,,,,,,,,
TMEM185B,,,,-0.7410575953432597,-0.7410575953432597,-0.7410575953432597,,,,,,
RALB,,,,,,,,,,,,
GLI2,,,,,,,,,,,,
CLASP1,,,,,,,,,,,,
NIFK,-0.31353152878070567,-0.041536930405112714,-0.17753422959290918,,,,,,,,,
TSN,,,,,,,,,,,,
GYPC,-0.23438902567885042,-0.05116403872807499,-0.1427765322034627,,,,-0.44870635513397716,-0.11416690203328367,-0.2814366285836304,,,
BIN1,,,,,,,,,,,,
ERCC3,,,,,,,,,,,,
MAP3K2,,,,,,,,,,,,
IWS1,,,,,,,,,,,,
WDR33,,,,,,,,,,,,
SFT2D3,,,,-0.7129054962191511,-0.7129054962191511,-0.7129054962191511,,,,,,
POLR2D,,,,,,,,,,,,
AMMECR1L,,,,,,,,,,,,
SAP130,,,,,,,,,,,,
UGGT1,,,,,,,,,,,,
HS6ST1,,,,,,,,,,,,
SMPD4,,,,,,,,,,,,
MZT2B,-0.9051921733893082,-0.2618669920441316,-0.58352958271672,,,,,,,,,
CCDC115,,,,,,,,,,,,
IMP4,,,,,,,,,,,,
PTPN18,,,,,,,,,,,,
ARHGEF4,-0.11175089456251847,-0.0077936355305987665,-0.059772265046558616,-0.9478238646827979,-0.21004626604923163,-0.5789350653660148,,,,,,
FAM168B,,,,,,,,,,,,
PLEKHB2,,,,,,,,,,,,
MZT2A,-0.7144607620574162,-0.1477314706913109,-0.4310961163743635,,,,,,,,,
CCDC74A,,,,,,,,,,,,
LYPD1,,,,-0.5670935271709261,-0.5670935271709261,-0.5670935271709261,,,,,,
NCKAP5,,,,,,,,,,,,
MGAT5,,,,,,,,,,,,
TMEM163,,,,,,,,,,,,
CCNT2,,,,,,,,,,,,
RAB3GAP1,,,,,,,,,,,,
ZRANB3,,,,,,,,,,,,
R3HDM1,,,,,,,,,,,,
UBXN4,,,,,,,,,,,,
MCM6,,,,,,,,,,,,
DARS1,,,,,,,,,,,,
SPOPL,,,,,,,,,,,,
LRP1B,,,,,,,,,,,,
ARHGAP15,-0.14887770416115315,-0.02847338115252306,-0.08867554265683811,-0.5788592458786602,-0.5788592458786602,-0.5788592458786602,,,,-0.24811845585089615,-0.043870779919699496,-0.14599461788529783
GTDC1,,,,,,,,,,,,
ZEB2,,,,,,,,,,,,
ACVR2A,,,,,,,,,,,,
ORC4,,,,,,,,,,,,
MBD5,,,,,,,,,,,,
EPC2,,,,,,,,,,,,
KIF5C,,,,,,,,,,,,
LYPD6B,,,,,,,,,,,,
LYPD6,,,,,,,,,,,,
MMADHC,,,,-0.9840570262083026,-0.29143686546598724,-0.637746945837145,,,,,,
RND3,,,,,,,,,,,,
RIF1,,,,,,,,,,,,
NEB,,,,,,,,,,,,
ARL5A,,,,,,,,,,,,
CACNB4,,,,,,,,,,,,
STAM2,,,,,,,,,,,,
FMNL2,,,,,,,,,,,,
PRPF40A,,,,,,,,,,,,
ARL6IP6,,,,,,,,,,,,
GALNT13,,,,,,,,,,,,
KCNJ3,-0.09796287410214352,-0.021622026371832928,-0.059792450236988225,-0.5033221786521794,-0.5033221786521794,-0.5033221786521794,,,,-0.15113161292984484,-0.04185601849063811,-0.09649381571024147
GPD2,,,,,,,,,,,,
ACVR1,,,,,,,,,,,,
PKP4,,,,,,,,,,,,
DAPL1,,,,,,,,,,,,
TANC1,,,,,,,,,,,,
WDSUB1,,,,,,,,,,,,
BAZ2B,,,,,,,,,,,,
MARCHF7,,,,,,,,,,,,
CD302,,,,,,,,,,,,
RBMS1,,,,,,,,,,,,
TANK,,,,,,,,,,,,
PSMD14,,,,,,,,,,,,
GCA,,,,,,,,,,,,
FIGN,,,,,,,,,,,,
GRB14,,,,,,,,,,,,
COBLL1,,,,,,,,,,,,
CSRNP3,,,,-0.9867538578607882,-0.35007905986412513,-0.6684164588624566,,,,,,
TTC21B,,,,,,,,,,,,
STK39,,,,,,,,,,,,
CERS6,,,,,,,,,,,,
SPC25,,,,,,,,,,,,
LRP2,,,,,,,,,,,,
BBS5,,,,,,,,,,,,
FASTKD1,,,,,,,,,,,,
PPIG,,,,,,,,,,,,
CFAP210,,,,-0.6632475488581878,-0.6632475488581878,-0.6632475488581878,,,,,,
PHOSPHO2,,,,,,,,,,,,
KLHL23,,,,,,,,,,,,
SSB,-0.4320894593608295,-0.10508334988207538,-0.26858640462145245,,,,,,,,,
METTL5,-0.5664145530359751,-0.08366297531593908,-0.3250387641759571,,,,,,,,,
UBR3,,,,,,,,,,,,
ERICH2,,,,-0.7025522011631251,-0.7025522011631251,-0.7025522011631251,,,,,,
GAD1,,,,,,,,,,,,
GORASP2,,,,,,,,,,,,
TLK1,,,,,,,,,,,,
METTL8,,,,,,,,,,,,
DCAF17,,,,,,,,,,,,
CYBRD1,,,,,,,,,,,,
DYNC1I2,,,,,,,,,,,,
SLC25A12,,,,,,,,,,,,
HAT1,,,,,,,,,,,,
METAP1D,,,,,,,,,,,,
DLX1,,,,,,,,,,,,
DLX2,,,,,,,,,,,,
ITGA6,,,,,,,,,,,,
PDK1,,,,,,,,,,,,
RAPGEF4,,,,,,,,,,,,
MAP3K20,,,,,,,,,,,,
CDCA7,,,,,,,,,,,,
SP3,,,,,,,,,,,,
OLA1,,,,,,,,,,,,
SP9,,,,,,,,,,,,
CIR1,,,,,,,,,,,,
SCRN3,,,,,,,,,,,,
GPR155,,,,,,,,,,,,
WIPF1,,,,-0.9753396423179246,-0.2846128503431829,-0.6299762463305537,,,,,,
CHN1,,,,,,,,,,,,
ATF2,,,,,,,,,,,,
ATP5MC3,-0.9593924621840316,-0.2551060186664984,-0.607249240425265,,,,,,,,,
LNPK,,,,,,,,,,,,
HOXD13,,,,,,,,,,,,
HOXD11,,,,,,,,,,,,
HOXD10,,,,,,,,,,,,
HOXD9,,,,,,,,,,,,
HOXD8,,,,-0.6337818080365564,-0.6337818080365564,-0.6337818080365564,,,,,,
HOXD3,,,,,,,,,,,,
MTX2,,,,,,,,,,,,
HNRNPA3,,,,,,,,,,,,
NFE2L2,,,,,,,,,,,,
AGPS,,,,,,,,,,,,
PDE11A,-0.12967322988861749,-0.04554297435694167,-0.08760810212277959,-0.9648429696478636,-0.2646058507815541,-0.6147244102147089,,,,-0.17472148719721134,-0.033707663001819335,-0.10421457509951534
RBM45,,,,,,,,,,,,
OSBPL6,,,,,,,,,,,,
PRKRA,,,,,,,,,,,,
PJVK,,,,,,,,,,,,
FKBP7,-0.24683932165219305,-0.03527430059180012,-0.14105681112199658,,,,,,,,,
PLEKHA3,,,,,,,,,,,,
TTN,,,,,,,,,,,,
SESTD1,,,,,,,,,,,,
ZNF385B,,,,,,,,,,,,
CWC22,,,,,,,,,,,,
UBE2E3,,,,,,,,,,,,
ITGA4,,,,,,,,,,,,
NEUROD1,-0.14886105238950453,-0.05713195130108208,-0.10299650184529331,-0.5935788851289073,-0.5935788851289073,-0.5935788851289073,,,,-0.13383547231360177,-0.04529328251109907,-0.08956437741235042
ITPRID2,,,,,,,,,,,,
DNAJC10,,,,,,,,,,,,
NCKAP1,,,,,,,,,,,,
DUSP19,,,,-0.5484503928267137,-0.5484503928267137,-0.5484503928267137,,,,,,
NUP35,,,,,,,,,,,,
ZNF804A,,,,,,,-0.5072068289271088,-0.03988490795169334,-0.27354586843940104,,,
ZC3H15,-0.5556188896276186,-0.09091148040740003,-0.32326518501750934,,,,,,,,,
ITGAV,,,,,,,,,,,,
FAM171B,,,,,,,,,,,,
TFPI,,,,,,,,,,,,
GULP1,,,,,,,,,,,,
WDR75,,,,,,,,,,,,
ASNSD1,,,,,,,,,,,,
ANKAR,,,,,,,,,,,,
OSGEPL1,,,,,,,,,,,,
ORMDL1,,,,,,,,,,,,
PMS1,,,,,,,,,,,,
C2orf88,,,,,,,,,,,,
HIBCH,,,,,,,,,,,,
INPP1,,,,,,,,,,,,
NAB1,,,,,,,,,,,,
GLS,,,,,,,,,,,,
STAT1,,,,,,,,,,,,
MYO1B,,,,,,,,,,,,
NABP1,-0.14054793761174586,-0.03740014520629825,-0.08897404140902206,-0.9876630019295607,-0.32894258774702984,-0.6583027948382952,,,,-0.208397496224289,-0.06686913014538505,-0.13763331318483701
SLC39A10,,,,,,,,,,,,
STK17B,,,,,,,,,,,,
HECW2,,,,,,,,,,,,
CCDC150,,,,,,,,,,,,
GTF3C3,,,,,,,,,,,,
PGAP1,,,,,,,,,,,,
ANKRD44,,,,,,,,,,,,
SF3B1,,,,,,,,,,,,
COQ10B,,,,,,,,,,,,
HSPD1,,,,,,,,,,,,
HSPE1,,,,,,,,,,,,
MOB4,,,,,,,,,,,,
MARS2,,,,,,,,,,,,
PLCL1,,,,-0.9675073626399133,-0.19555622405420486,-0.5815317933470591,,,,,,
SATB2,,,,,,,,,,,,
FTCDNL1,,,,,,,,,,,,
C2orf69,,,,,,,,,,,,
TYW5,,,,,,,,,,,,
MAIP1,,,,,,,,,,,,
SPATS2L,,,,,,,,,,,,
SGO2,,,,,,,,,,,,
BZW1,,,,,,,,,,,,
CLK1,,,,,,,,,,,,
PPIL3,,,,,,,,,,,,
NIF3L1,-0.23718328970910776,-0.01084723718542822,-0.12401526344726799,,,,,,,,,
ORC2,,,,,,,,,,,,
HYCC2,,,,,,,,,,,,
NDUFB3,-0.587159878905757,-0.09355598521326236,-0.3403579320595097,,,,,,,,,
CFLAR,,,,,,,,,,,,
CASP10,,,,,,,,,,,,
CASP8,,,,,,,,,,,,
TRAK2,,,,,,,,,,,,
STRADB,,,,,,,,,,,,
TMEM237,,,,,,,,,,,,
ALS2,,,,,,,,,,,,
SUMO1,,,,,,,,,,,,
NOP58,,,,,,,,,,,,
BMPR2,,,,,,,,,,,,
FAM117B,,,,,,,,,,,,
ICA1L,,,,,,,,,,,,
WDR12,,,,,,,,,,,,
NBEAL1,,,,,,,,,,,,
CYP20A1,,,,,,,,,,,,
ABI2,,,,,,,,,,,,
RAPH1,,,,,,,,,,,,
PARD3B,,,,,,,,,,,,
NRP2,,,,,,,,,,,,
INO80D,,,,,,,,,,,,
NDUFS1,,,,,,,,,,,,
EEF1B2,,,,,,,,,,,,
ZDBF2,,,,,,,,,,,,
ADAM23,,,,,,,,,,,,
FASTKD2,,,,,,,,,,,,
KLF7,,,,,,,,,,,,
CREB1,,,,,,,,,,,,
METTL21A,,,,,,,,,,,,
CCNYL1,,,,,,,,,,,,
PLEKHM3,,,,,,,,,,,,
CRYGD,-0.344970151217751,-0.08977204300825803,-0.2173710971130045,,,,,,,,,
IDH1,,,,,,,,,,,,
PIKFYVE,,,,,,,,,,,,
MAP2,-0.2530402370818623,-0.1033179157024138,-0.17817907639213804,-0.9863827042329437,-0.2578736912840205,-0.622128197758482,-0.5000520585250616,-0.12743635308568257,-0.3137442058053721,,,
RPE,,,,,,,,,,,,
KANSL1L,,,,,,,,,,,,
LANCL1,,,,-0.9888313269478801,-0.24807678170076583,-0.618454054324323,,,,,,
CPS1,,,,,,,,,,,,
ERBB4,,,,,,,,,,,,
SPAG16,,,,,,,,,,,,
BARD1,,,,,,,,,,,,
ATIC,,,,,,,,,,,,
FN1,,,,,,,,,,,,
MREG,,,,,,,,,,,,
PECR,,,,,,,,,,,,
XRCC5,,,,,,,,,,,,
SMARCAL1,,,,,,,,,,,,
RPL37A,,,,,,,,,,,,
IGFBP2,,,,,,,,,,,,
IGFBP5,-0.09388314433707498,-0.006670894007221062,-0.050277019172148024,,,,,,,-0.1232002146663801,0.0020566077500847476,-0.06057180345814768
ARPC2,,,,,,,,,,,,
AAMP,,,,,,,,,,,,
PNKD,-0.4238686886659289,-0.04601136066081209,-0.2349400246633705,,,,-0.8769319607476499,-0.0883822382763033,-0.4826570995119766,,,
CTDSP1,,,,,,,,,,,,
USP37,,,,,,,,,,,,
CNOT9,,,,,,,,,,,,
ZNF142,,,,,,,,,,,,
BCS1L,,,,,,,,,,,,
RNF25,,,,,,,,,,,,
TTLL4,,,,-0.9787187431786172,-0.2560729729102221,-0.6173958580444197,,,,,,
NHEJ1,,,,,,,,,,,,
CNPPD1,,,,,,,,,,,,
RETREG2,,,,-0.748192527677704,-0.748192527677704,-0.748192527677704,,,,,,
ZFAND2B,,,,,,,,,,,,
ATG9A,,,,,,,,,,,,
ANKZF1,,,,-0.701148266294467,-0.701148266294467,-0.701148266294467,,,,,,
STK16,,,,,,,,,,,,
DNPEP,,,,,,,,,,,,
GMPPA,,,,,,,,,,,,
CHPF,,,,,,,,,,,,
OBSL1,,,,,,,,,,,,
EPHA4,,,,,,,,,,,,
PAX3,,,,,,,,,,,,
FARSB,,,,,,,,,,,,
ACSL3,,,,,,,,,,,,
AP1S3,,,,,,,,,,,,
WDFY1,,,,,,,,,,,,
MRPL44,,,,,,,,,,,,
SERPINE2,,,,,,,,,,,,
CUL3,,,,,,,,,,,,
RHBDD1,,,,,,,,,,,,
MFF,,,,,,,,,,,,
AGFG1,,,,,,,,,,,,
TRIP12,,,,,,,,,,,,
FBXO36,,,,,,,,,,,,
CAB39,,,,,,,,,,,,
ITM2C,,,,,,,,,,,,
PSMD1,,,,,,,,,,,,
ARMC9,,,,,,,,,,,,
NCL,,,,,,,,,,,,
PTMA,-0.7299960777129736,-0.182934810441665,-0.4564654440773193,,,,,,,,,
PDE6D,,,,,,,,,,,,
COPS7B,,,,,,,,,,,,
NPPC,,,,,,,,,,,,
DIS3L2,,,,,,,,,,,,
TIGD1,,,,,,,,,,,,
EIF4E2,,,,,,,,,,,,
EFHD1,,,,,,,,,,,,
GIGYF2,,,,,,,,,,,,
ATG16L1,,,,,,,,,,,,
DGKD,,,,,,,,,,,,
USP40,,,,,,,,,,,,
HJURP,,,,,,,,,,,,
ARL4C,,,,,,,,,,,,
SH3BP4,,,,,,,,,,,,
AGAP1,,,,,,,,,,,,
COPS8,,,,,,,,,,,,
LRRFIP1,,,,,,,,,,,,
RAMP1,,,,-0.9555660338355512,-0.2016373888670474,-0.5786017113512993,,,,,,
UBE2F,,,,,,,,,,,,
SCLY,,,,,,,,,,,,
ILKAP,,,,,,,,,,,,
HES6,,,,,,,,,,,,
PER2,,,,,,,,,,,,
TRAF3IP1,,,,,,,,,,,,
ASB1,,,,-0.7368894343724813,-0.7368894343724813,-0.7368894343724813,,,,,,
TWIST2,,,,,,,,,,,,
HDAC4,,,,,,,,,,,,
NDUFA10,,,,,,,,,,,,
COPS9,,,,,,,,,,,,
ANKMY1,,,,,,,,,,,,
DUSP28,,,,,,,,,,,,
RNPEPL1,,,,-0.7382398185739858,-0.7382398185739858,-0.7382398185739858,,,,,,
KIF1A,,,,,,,,,,,,
SNED1,,,,,,,,,,,,
MTERF4,,,,,,,-0.920580687622119,-0.10363296605003083,-0.5121068268360749,,,
PASK,,,,,,,,,,,,
PPP1R7,,,,,,,,,,,,
ANO7,-0.05436834704066786,-0.0064102489164264784,-0.03038929797854717,-0.9507482122840744,-0.18881060914242573,-0.56977941071325,,,,,,
HDLBP,,,,,,,,,,,,
SEPTIN2,,,,,,,,,,,,
FARP2,,,,,,,,,,,,
STK25,,,,,,,,,,,,
THAP4,,,,,,,,,,,,
ATG4B,,,,,,,,,,,,
DTYMK,-0.5306801861861858,-0.10919297300515009,-0.31993657959566796,,,,,,,,,
ING5,,,,,,,,,,,,
D2HGDH,,,,,,,,,,,,
CNTN4,-0.08784451617737733,-0.025690047844938543,-0.05676728201115794,-0.48312036665316377,-0.48312036665316377,-0.48312036665316377,,,,,,
TRNT1,,,,,,,,,,,,
CRBN,,,,,,,,,,,,
SUMF1,,,,,,,,,,,,
ITPR1,,,,,,,,,,,,
ARL8B,,,,,,,,,,,,
EDEM1,,,,,,,,,,,,
GRM7,-0.12361755404242039,-0.04486811846426668,-0.08424283625334353,-0.5039883856414651,-0.5039883856414651,-0.5039883856414651,,,,-0.13695193612065423,-0.039701262516359526,-0.08832659931850688
CAV3,,,,,,,,,,,,
RAD18,,,,,,,,,,,,
SRGAP3,,,,,,,,,,,,
THUMPD3,,,,,,,,,,,,
SETD5,,,,,,,,,,,,
MTMR14,,,,,,,,,,,,
BRPF1,,,,,,,,,,,,
OGG1,,,,,,,,,,,,
CAMK1,,,,,,,,,,,,
TADA3,,,,,,,,,,,,
ARPC4,,,,,,,,,,,,
TTLL3,,,,,,,,,,,,
RPUSD3,,,,,,,,,,,,
JAGN1,,,,,,,,,,,,
PRRT3,,,,,,,,,,,,
EMC3,,,,,,,,,,,,
FANCD2,,,,,,,,,,,,
BRK1,,,,-0.9739797772643082,-0.177582423189555,-0.5757811002269316,,,,,,
VHL,,,,,,,,,,,,
TATDN2,,,,,,,,,,,,
SEC13,,,,,,,,,,,,
SLC6A11,,,,,,,,,,,,
ATG7,,,,,,,,,,,,
VGLL4,-0.19552637305872086,-0.004344149083092722,-0.09993526107090679,-0.9733493494920717,-0.27705931272103074,-0.6252043311065513,,,,,,
TAMM41,,,,,,,,,,,,
SYN2,,,,,,,,,,,,
PPARG,,,,-0.9679616857328267,-0.18413739821579633,-0.5760495419743115,,,,,,
TSEN2,,,,,,,,,,,,
MKRN2OS,,,,,,,,,,,,
MKRN2,,,,,,,,,,,,
RAF1,,,,,,,,,,,,
CAND2,,,,,,,,,,,,
RPL32,-0.7486489632341297,-0.17896131419384512,-0.4638051387139874,,,,,,,,,
IQSEC1,,,,,,,,,,,,
NUP210,,,,,,,,,,,,
CHCHD4,,,,,,,,,,,,
TMEM43,,,,,,,,,,,,
XPC,,,,,,,,,,,,
LSM3,,,,-0.986946680250428,-0.2576058048421191,-0.6222762425462736,,,,,,
SLC6A6,,,,,,,,,,,,
CCDC174,,,,,,,,,,,,
NR2C2,,,,,,,,,,,,
MRPS25,,,,,,,,,,,,
RBSN,,,,,,,,,,,,
CAPN7,,,,,,,,,,,,
SH3BP5,,,,,,,,,,,,
METTL6,,,,,,,,,,,,
EAF1,,,,,,,,,,,,
HACL1,,,,,,,,,,,,
BTD,,,,,,,,,,,,
ANKRD28,,,,,,,,,,,,
DPH3,,,,-0.9905003933273807,-0.2832315464711549,-0.6368659698992678,,,,,,
OXNAD1,,,,,,,,,,,,
RFTN1,,,,,,,,,,,,
PLCL2,,,,,,,,,,,,
TBC1D5,,,,,,,,,,,,
SATB1,,,,,,,,,,,,
RAB5A,,,,,,,,,,,,
KAT2B,,,,,,,,,,,,
SGO1,,,,,,,,,,,,
ZNF385D,-0.11697760594220898,-0.03922841010607005,-0.07810300802413951,-0.9659644300826307,-0.23610514585620473,-0.6010347879694177,,,,-0.16486240668533983,-0.04706987062483786,-0.10596613865508885
UBE2E2,,,,,,,,,,,,
UBE2E1,,,,,,,,,,,,
NKIRAS1,,,,,,,,,,,,
RPL15,,,,,,,,,,,,
NR1D2,,,,,,,,,,,,
THRB,,,,,,,,,,,,
RARB,,,,,,,,,,,,
TOP2B,,,,,,,,,,,,
NGLY1,,,,,,,,,,,,
OXSM,,,,,,,,,,,,
LRRC3B,,,,-0.9737064969429406,-0.23511504847421755,-0.6044107727085791,,,,-0.12535655026268594,-0.04574328816460671,-0.08554991921364632
NEK10,,,,,,,,,,,,
SLC4A7,,,,,,,,,,,,
CMC1,,,,,,,,,,,,
AZI2,,,,,,,,,,,,
ZCWPW2,,,,-0.9744051103150944,-0.21368477140884776,-0.594044940861971,,,,,,
RBMS3,,,,,,,,,,,,
TGFBR2,,,,,,,,,,,,
STT3B,,,,,,,,,,,,
OSBPL10,,,,,,,,,,,,
GPD1L,,,,,,,,,,,,
CMTM8,,,,,,,,,,,,
CMTM7,,,,,,,,,,,,
CMTM6,,,,,,,,,,,,
DYNC1LI1,,,,-0.9743651928159667,-0.30335167480351877,-0.6388584338097427,,,,,,
CNOT10,,,,,,,,,,,,
TRIM71,,,,-0.9684331194282494,-0.18014763399051298,-0.5742903767093812,,,,,,
GLB1,,,,,,,,,,,,
CRTAP,,,,,,,,,,,,
SUSD5,,,,,,,,,,,,
FBXL2,,,,,,,,,,,,
UBP1,,,,,,,,,,,,
CLASP2,,,,,,,,,,,,
PDCD6IP,,,,,,,,,,,,
STAC,,,,,,,,,,,,
LRRFIP2,,,,,,,,,,,,
GOLGA4,,,,,,,,,,,,
CTDSPL,,,,,,,,,,,,
ACAA1,,,,-0.7568396185598082,-0.7568396185598082,-0.7568396185598082,,,,,,
OXSR1,,,,,,,,,,,,
XYLB,,,,,,,,,,,,
ACVR2B,,,,,,,,,,,,
EXOG,,,,,,,,,,,,
SCN5A,,,,,,,,,,,,
WDR48,,,,,,,,,,,,
GORASP1,,,,,,,,,,,,
SLC25A38,,,,,,,,,,,,
RPSA,,,,,,,,,,,,
EIF1B,,,,,,,,,,,,
RPL14,,,,,,,,,,,,
ZNF620,,,,,,,,,,,,
ZNF621,,,,,,,,,,,,
CTNNB1,,,,,,,,,,,,
ULK4,,,,,,,,,,,,
TRAK1,,,,,,,,,,,,
SEC22C,,,,,,,,,,,,
SS18L2,,,,,,,,,,,,
NKTR,,,,,,,,,,,,
HIGD1A,,,,-0.9820463622383775,-0.2951937420358373,-0.6386200521371074,,,,,,
POMGNT2,,,,,,,,,,,,
SNRK,,,,,,,,,,,,
ANO10,,,,,,,,,,,,
ABHD5,,,,,,,,,,,,
TCAIM,,,,,,,,,,,,
ZNF445,,,,,,,,,,,,
ZNF852,,,,,,,,,,,,
ZNF197,,,,,,,,,,,,
ZNF35,,,,,,,,,,,,
KIAA1143,,,,,,,,,,,,
KIF15,,,,,,,,,,,,
TMEM42,,,,,,,,,,,,
ZDHHC3,,,,,,,,,,,,
EXOSC7,,,,,,,,,,,,
TMEM158,,,,,,,,,,,,
LARS2,,,,,,,,,,,,
LIMD1,,,,,,,,,,,,
SACM1L,,,,,,,,,,,,
LZTFL1,,,,,,,,,,,,
FYCO1,,,,,,,,,,,,
CCDC12,,,,,,,,,,,,
NBEAL2,,,,,,,,,,,,
SETD2,,,,,,,,,,,,
KIF9,,,,,,,,,,,,
KLHL18,,,,,,,,,,,,
PTPN23,,,,,,,,,,,,
SCAP,,,,,,,,,,,,
ELP6,,,,,,,,,,,,
CSPG5,,,,,,,,,,,,
SMARCC1,,,,,,,,,,,,
DHX30,,,,,,,,,,,,
MAP4,,,,,,,,,,,,
CDC25A,,,,,,,,,,,,
ZNF589,,,,,,,,,,,,
NME6,,,,,,,,,,,,
CCDC51,,,,,,,,,,,,
TMA7,,,,,,,,,,,,
ATRIP,,,,,,,,,,,,
SHISA5,,,,,,,,,,,,
UQCRC1,,,,,,,,,,,,
NCKIPSD,,,,,,,,,,,,
IP6K2,,,,-0.9746151734248114,-0.18802356248758262,-0.581319367956197,,,,,,
PRKAR2A,,,,,,,,,,,,
SLC25A20,,,,,,,,,,,,
ARIH2,,,,,,,,,,,,
WDR6,,,,,,,,,,,,
DALRD3,,,,,,,,,,,,
NDUFAF3,-0.5110590755561222,-0.12374064354554606,-0.3173998595508341,-0.9823827095627831,-0.24149643544405375,-0.6119395725034185,-0.9528548356960463,-0.2478159201435287,-0.6003353779197875,,,
IMPDH2,,,,,,,,,,,,
QRICH1,,,,,,,,,,,,
QARS1,,,,,,,,,,,,
USP19,,,,,,,,,,,,
CCDC71,,,,,,,,,,,,
USP4,,,,,,,,,,,,
GPX1,,,,,,,,,,,,
RHOA,,,,-0.9899724978350929,-0.29480013958347295,-0.6423863187092829,,,,,,
TCTA,,,,-0.8046012688081073,-0.8046012688081073,-0.8046012688081073,,,,,,
DAG1,,,,,,,,,,,,
APEH,,,,-0.7629310500783899,-0.7629310500783899,-0.7629310500783899,,,,,,
RNF123,,,,,,,,,,,,
GMPPB,,,,,,,,,,,,
IP6K1,,,,,,,,,,,,
TRAIP,,,,,,,,,,,,
MON1A,,,,,,,,,,,,
RBM6,,,,,,,,,,,,
RBM5,,,,,,,,,,,,
GNAI2,,,,,,,,,,,,
IFRD2,-0.29352271553032977,-0.0014502901036114342,-0.1474865028169706,,,,,,,,,
HYAL2,,,,,,,,,,,,
TUSC2,-0.35208535467419994,-0.04119171803397362,-0.1966385363540868,,,,,,,,,
RASSF1,,,,,,,,,,,,
NPRL2,,,,,,,,,,,,
CYB561D2,,,,,,,,,,,,
TMEM115,,,,,,,,,,,,
HEMK1,,,,-0.7325416467980136,-0.7325416467980136,-0.7325416467980136,,,,,,
MAPKAPK3,,,,,,,,,,,,
DOCK3,,,,,,,,,,,,
MANF,-0.2620505752150359,-0.011076785828811768,-0.13656368052192383,,,,,,,,,
RBM15B,,,,-0.7276885011233583,-0.7276885011233583,-0.7276885011233583,,,,,,
DCAF1,,,,,,,,,,,,
RAD54L2,,,,,,,,,,,,
TEX264,-0.32274987858304943,-0.045021703113394734,-0.1838857908482221,,,,,,,,,
RRP9,,,,,,,,,,,,
ABHD14B,,,,,,,,,,,,
ABHD14A,,,,,,,,,,,,
ACY1,,,,,,,,,,,,
RPL29,-0.5788632607718699,-0.15805065534407917,-0.3684569580579745,,,,,,,,,
DUSP7,,,,,,,,,,,,
POC1A,,,,,,,,,,,,
ALAS1,,,,,,,,,,,,
TWF2,,,,,,,,,,,,
WDR82,,,,,,,,,,,,
BAP1,,,,,,,,,,,,
PHF7,,,,,,,,,,,,
NISCH,,,,,,,,,,,,
NT5DC2,,,,,,,,,,,,
UQCC5,,,,,,,,,,,,
PBRM1,,,,,,,,,,,,
GNL3,,,,,,,,,,,,
GLT8D1,,,,,,,,,,,,
SPCS1,,,,,,,,,,,,
NEK4,,,,,,,,,,,,
STIMATE,,,,,,,,,,,,
SFMBT1,,,,,,,,,,,,
RFT1,,,,,,,,,,,,
PRKCD,,,,,,,,,,,,
TKT,,,,,,,,,,,,
DCP1A,,,,,,,,,,,,
CACNA1D,-0.10035253127183133,0.011445975709359485,-0.04445327778123592,-0.9889518756722049,-0.36993102625164176,-0.6794414509619233,,,,,,
CHDH,,,,,,,,,,,,
ACTR8,,,,,,,,,,,,
SELENOK,,,,,,,,,,,,
CACNA2D3,,,,,,,,,,,,
WNT5A,,,,,,,,,,,,
ERC2,,,,,,,,,,,,
CCDC66,,,,,,,,,,,,
TASOR,,,,,,,,,,,,
ARHGEF3,,,,,,,,,,,,
APPL1,,,,,,,,,,,,
PDE12,,,,,,,,,,,,
ARF4,,,,,,,,,,,,
DENND6A,,,,,,,,,,,,
SLMAP,,,,,,,,,,,,
FLNB,,,,,,,,,,,,
ABHD6,,,,,,,,,,,,
PXK,,,,,,,,,,,,
PDHB,,,,-0.9785673736872199,-0.23686827308219066,-0.6077178233847053,,,,,,
KCTD6,,,,,,,,,,,,
CFAP20DC,,,,,,,,,,,,
FHIT,,,,,,,,,,,,
PTPRG,,,,,,,,,,,,
C3orf14,,,,,,,,,,,,
THOC7,,,,,,,,,,,,
ATXN7,,,,,,,,,,,,
PSMD6,,,,,,,,,,,,
PRICKLE2,,,,,,,,,,,,
MAGI1,,,,,,,,,,,,
SLC25A26,,,,,,,,,,,,
LRIG1,,,,,,,,,,,,
SUCLG2,,,,,,,,,,,,
TMF1,,,,,,,,,,,,
UBA3,,,,,,,,,,,,
ARL6IP5,,,,,,,,,,,,
FRMD4B,,,,-0.9471218714852443,-0.12202695327345672,-0.5345744123793505,,,,,,
MITF,,,,,,,,,,,,
FOXP1,,,,,,,,,,,,
EIF4E3,,,,-0.9509312484301741,-0.08331696109664001,-0.5171241047634071,,,,,,
GPR27,,,,-0.6571530473071618,-0.6571530473071618,-0.6571530473071618,,,,,,
RYBP,,,,,,,,,,,,
SHQ1,,,,,,,,,,,,
GXYLT2,,,,,,,,,,,,
PPP4R2,,,,,,,,,,,,
PDZRN3,-0.12041870096084263,-0.006302050998821468,-0.06336037597983205,-0.9889586284847531,-0.36751974701446866,-0.6782391877496109,,,,,,
ZNF717,,,,,,,,,,,,
ROBO2,,,,-0.95123368049641,-0.1534402675384672,-0.5523369740174386,,,,,,
ROBO1,,,,,,,,,,,,
GBE1,,,,,,,,,,,,
CADM2,,,,,,,,,,,,
CHMP2B,,,,-0.9763104410772063,-0.3279852615428527,-0.6521478513100295,,,,,,
CGGBP1,,,,,,,,,,,,
ZNF654,,,,,,,,,,,,
C3orf38,,,,,,,,,,,,
EPHA3,,,,,,,,,,,,
PROS1,,,,,,,,,,,,
ARL13B,,,,,,,,,,,,
DHFR2,,,,,,,,,,,,
NSUN3,,,,,,,,,,,,
EPHA6,,,,,,,,,,,,
ARL6,,,,,,,,,,,,
CRYBG3,,,,,,,,,,,,
RIOX2,,,,,,,,,,,,
CLDND1,,,,-0.9814628321470026,-0.2485973516307115,-0.615030091888857,,,,,,
CPOX,,,,,,,,,,,,
ST3GAL6,,,,,,,,,,,,
DCBLD2,,,,,,,,,,,,
CMSS1,,,,,,,,,,,,
FILIP1L,,,,,,,,,,,,
TBC1D23,,,,,,,,,,,,
NIT2,,,,,,,,,,,,
TOMM70,,,,,,,,,,,,
LNP1,,,,,,,,,,,,
TMEM45A,,,,,,,,,,,,
TFG,,,,,,,,,,,,
SENP7,,,,,,,,,,,,
TRMT10C,,,,-0.9769206934160157,-0.10918475361919693,-0.5430527235176064,,,,,,
PCNP,,,,-0.9825651168928721,-0.3255852258128745,-0.6540751713528733,,,,,,
ZBTB11,,,,,,,,,,,,
RPL24,-0.7649156088190815,-0.16906681207481952,-0.4669912104469505,,,,,,,,,
CEP97,,,,,,,,,,,,
NXPE3,,,,,,,,,,,,
ALCAM,,,,,,,,,,,,
CBLB,,,,,,,,,,,,
BBX,,,,,,,,,,,,
CD47,,,,,,,,,,,,
IFT57,,,,,,,,,,,,
CIP2A,,,,-0.9638198509926922,-0.17835220110782027,-0.5710860260502563,,,,,,
DZIP3,,,,,,,,,,,,
NECTIN3,,,,,,,,,,,,
PHLDB2,,,,-0.6374382197001168,-0.6374382197001168,-0.6374382197001168,,,,,,
ABHD10,,,,,,,,,,,,
C3orf52,,,,,,,,,,,,
ATG3,,,,,,,,,,,,
SLC35A5,,,,,,,,,,,,
CCDC80,,,,,,,,,,,,
GTPBP8,,,,,,,,,,,,
NEPRO,,,,,,,,,,,,
BOC,,,,,,,,,,,,
CFAP44,,,,,,,,,,,,
SPICE1,,,,,,,,,,,,
USF3,,,,,,,,,,,,
NAA50,,,,,,,,,,,,
ATP6V1A,,,,,,,,,,,,
ZDHHC23,-0.2291386393025206,-0.04754320215627573,-0.13834092072939816,,,,,,,,,
QTRT2,,,,,,,,,,,,
ZBTB20,,,,-0.9875496014000947,-0.33105115140830355,-0.6593003764041991,,,,,,
LSAMP,,,,,,,,,,,,
B4GALT4,,,,,,,,,,,,
TMEM39A,,,,,,,-0.5546671593009632,-0.024221409740981872,-0.28944428452097254,,,
POGLUT1,,,,,,,,,,,,
TIMMDC1,,,,,,,,,,,,
COX17,,,,,,,,,,,,
GSK3B,,,,,,,,,,,,
LRRC58,,,,,,,,,,,,
FSTL1,,,,,,,,,,,,
NDUFB4,-0.7754075375567971,-0.19660557877789997,-0.48600655816734856,,,,,,,-0.9559556759681223,-0.14080254950747106,-0.5483791127377966
RABL3,,,,,,,,,,,,
GTF2E1,,,,,,,,,,,,
STXBP5L,,,,,,,,,,,,
POLQ,,,,,,,,,,,,
GOLGB1,,,,-0.9686604420979336,-0.22229764548100994,-0.5954790437894717,,,,,,
IQCB1,,,,,,,,,,,,
EAF2,,,,,,,,,,,,
MIX23,,,,,,,,,,,,
FAM162A,-0.3953851396017749,-0.05008066995425463,-0.22273290477801477,,,,,,,,,
KPNA1,,,,,,,,,,,,
HSPBAP1,,,,,,,,,,,,
SLC49A4,,,,,,,,,,,,
PDIA5,,,,,,,,,,,,
SEC22A,,,,,,,,,,,,
HACD2,,,,,,,,,,,,
MYLK,,,,,,,,,,,,
CCDC14,,,,,,,,,,,,
KALRN,,,,,,,,,,,,
UMPS,,,,,,,,,,,,
ITGB5,,,,,,,,,,,,
HEG1,,,,,,,,,,,,
ZNF148,,,,,,,,,,,,
SNX4,,,,,,,,,,,,
OSBPL11,,,,,,,,,,,,
SLC41A3,,,,,,,,,,,,
KLF15,,,,-0.9800284172316608,-0.3027693147047438,-0.6413988659682023,,,,,,
ZXDC,,,,,,,,,,,,
TXNRD3,,,,,,,,,,,,
CHCHD6,,,,,,,,,,,,
PLXNA1,-0.19540947790196092,-0.010849800319069795,-0.10312963911051536,-0.6891630059795866,-0.6891630059795866,-0.6891630059795866,,,,,,
TPRA1,,,,,,,,,,,,
MCM2,,,,,,,,,,,,
PODXL2,,,,,,,,,,,,
SEC61A1,,,,,,,,,,,,
RUVBL1,,,,,,,,,,,,
EEFSEC,,,,,,,,,,,,
GATA2,,,,,,,,,,,,
RPN1,,,,,,,,,,,,
RAB7A,,,,,,,,,,,,
ACAD9,,,,,,,,,,,,
CFAP92,,,,,,,,,,,,
ISY1,,,,,,,,,,,,
CNBP,,,,,,,,,,,,
COPG1,,,,,,,,,,,,
HMCES,,,,,,,,,,,,
IFT122,,,,,,,,,,,,
MBD4,,,,,,,,,,,,
TMCC1,,,,,,,,,,,,
PIK3R4,,,,,,,,,,,,
ATP2C1,,,,,,,,,,,,
ASTE1,,,,,,,,,,,,
NUDT16,,,,,,,,,,,,
MRPL3,,,,,,,,,,,,
DNAJC13,,,,,,,,,,,,
ACAD11,,,,-0.6672872286374258,-0.6672872286374258,-0.6672872286374258,,,,,,
UBA5,,,,,,,,,,,,
NPHP3,,,,,,,,,,,,
TMEM108,,,,,,,,,,,,
CDV3,,,,,,,,,,,,
TOPBP1,,,,,,,,,,,,
SRPRB,,,,,,,,,,,,
RAB6B,,,,,,,,,,,,
RYK,,,,,,,,,,,,
ANAPC13,,,,,,,,,,,,
CEP63,,,,,,,,,,,,
PPP2R3A,,,,,,,,,,,,
MSL2,,,,,,,,,,,,
PCCB,,,,,,,,,,,,
STAG1,,,,,,,,,,,,
SLC35G2,,,,,,,,,,,,
NCK1,,,,,,,,,,,,
DZIP1L,,,,,,,,,,,,
DBR1,,,,,,,,,,,,
ARMC8,,,,,,,,,,,,
MRAS,,,,-0.6870543503022241,-0.6870543503022241,-0.6870543503022241,,,,,,
CEP70,,,,,,,,,,,,
FAIM,,,,,,,,,,,,
PIK3CB,,,,,,,,,,,,
MRPS22,,,,-0.9763330972037895,-0.19334810380880946,-0.5848406005062995,,,,,,
COPB2,,,,,,,,,,,,
RBP1,,,,,,,,,,,,
SLC25A36,,,,,,,,,,,,
PXYLP1,,,,,,,,,,,,
ZBTB38,,,,,,,,,,,,
RASA2,,,,,,,,,,,,
RNF7,,,,-0.9801772227535279,-0.18232899612572176,-0.5812531094396248,,,,,,
ATP1B3,,,,,,,,,,,,
TFDP2,,,,,,,,,,,,
GK5,,,,,,,,,,,,
XRN1,,,,,,,,,,,,
ATR,,,,,,,,,,,,
PLS1,,,,,,,,,,,,
TRPC1,,,,,,,,,,,,
PCOLCE2,,,,,,,,,,,,
U2SURP,,,,,,,,,,,,
DIPK2A,,,,,,,,,,,,
PLOD2,,,,,,,,,,,,
PLSCR1,,,,,,,,,,,,
GYG1,,,,,,,,,,,,
HLTF,,,,,,,,,,,,
HPS3,,,,,,,,,,,,
WWTR1,,,,,,,,,,,,
COMMD2,,,,,,,,,,,,
ANKUB1,,,,,,,,,,,,
RNF13,,,,,,,,,,,,
PFN2,,,,,,,,,,,,
TSC22D2,,,,,,,,,,,,
SERP1,,,,-0.9757533148160258,-0.2592244466175837,-0.6174888807168047,,,,,,
EIF2A,,,,,,,,,,,,
SELENOT,,,,,,,,,,,,
SIAH2,,,,,,,,,,,,
MED12L,,,,,,,,,,,,
GPR171,,,,,,,,,,,,
P2RY14,,,,,,,,,,,,
MBNL1,,,,,,,,,,,,
P2RY1,,,,,,,,,,,,
RAP2B,,,,,,,,,,,,
ARHGEF26,,,,,,,,,,,,
DHX36,,,,,,,,,,,,
PLCH1,,,,,,,,,,,,
C3orf33,,,,,,,,,,,,
SLC33A1,,,,,,,,,,,,
GMPS,,,,,,,,,,,,
SSR3,,,,,,,,,,,,
TIPARP,,,,,,,,,,,,
CCNL1,,,,,,,,,,,,
SHOX2,,,,,,,,,,,,
RSRC1,,,,,,,,,,,,
MLF1,,,,,,,,,,,,
GFM1,,,,,,,,,,,,
LXN,,,,,,,,,,,,
MFSD1,,,,,,,,,,,,
SCHIP1,,,,,,,,,,,,
IFT80,,,,,,,,,,,,
SMC4,,,,,,,,,,,,
TRIM59,,,,,,,,,,,,
KPNA4,,,,,,,,,,,,
PPM1L,,,,,,,,,,,,
NMD3,,,,,,,,,,,,
PDCD10,,,,,,,,,,,,
GOLIM4,,,,,,,,,,,,
MECOM,,,,,,,,,,,,
MYNN,,,,,,,,,,,,
LRRC34,,,,,,,,,,,,
SEC62,,,,,,,,,,,,
GPR160,,,,,,,,,,,,
PHC3,,,,,,,,,,,,
PRKCI,,,,,,,,,,,,
SKIL,,,,,,,,,,,,
RPL22L1,,,,,,,,,,,,
EIF5A2,,,,,,,,,,,,
TNIK,,,,,,,,,,,,
PLD1,,,,,,,,,,,,
FNDC3B,,,,,,,,,,,,
NCEH1,,,,,,,,,,,,
ECT2,,,,,,,,,,,,
NLGN1,,,,,,,,,,,,
NAALADL2,,,,-0.974629533697301,-0.3328567221314104,-0.6537431279143557,,,,,,
TBL1XR1,,,,,,,,,,,,
KCNMB2,,,,,,,,,,,,
ZMAT3,,,,,,,,,,,,
PIK3CA,,,,,,,,,,,,
ZNF639,,,,,,,,,,,,
MFN1,,,,,,,,,,,,
GNB4,,,,,,,,,,,,
ACTL6A,,,,,,,,,,,,
MRPL47,,,,,,,,,,,,
NDUFB5,,,,,,,,,,,,
USP13,,,,,,,,,,,,
TTC14,,,,,,,,,,,,
FXR1,,,,,,,,,,,,
DNAJC19,,,,,,,,,,,,
SOX2,,,,,,,,,,,,
ATP11B,,,,,,,,,,,,
DCUN1D1,,,,,,,,,,,,
MCCC1,,,,,,,,,,,,
MCF2L2,,,,-0.9882595805119095,-0.246299893689703,-0.6172797371008063,,,,,,
B3GNT5,,,,,,,,,,,,
KLHL24,,,,,,,,,,,,
YEATS2,,,,,,,,,,,,
PARL,,,,,,,,,,,,
ABCC5,,,,,,,,,,,,
EIF2B5,,,,,,,,,,,,
DVL3,,,,-0.6339204259228537,-0.6339204259228537,-0.6339204259228537,,,,,,
AP2M1,,,,,,,,,,,,
ABCF3,,,,-0.6709001455847688,-0.6709001455847688,-0.6709001455847688,,,,,,
ALG3,,,,,,,,,,,,
EEF1AKMT4,,,,,,,,,,,,
PSMD2,,,,,,,,,,,,
EIF4G1,,,,,,,,,,,,
POLR2H,,,,,,,,,,,,
MAGEF1,,,,-0.9874878765861199,-0.29894360547809434,-0.6432157410321071,,,,,,
VPS8,,,,,,,,,,,,
EHHADH,,,,,,,,,,,,
MAP3K13,,,,,,,,,,,,
TMEM41A,,,,,,,,,,,,
SENP2,,,,,,,,,,,,
IGF2BP2,,,,,,,,,,,,
TRA2B,,,,,,,,,,,,
TBCCD1,,,,-0.7907372758012229,-0.7907372758012229,-0.7907372758012229,,,,,,
DNAJB11,,,,,,,,,,,,
EIF4A2,,,,,,,,,,,,
RFC4,,,,,,,,,,,,
ST6GAL1,,,,,,,,,,,,
RPL39L,,,,,,,,,,,,
LPP,,,,-0.9887553076699882,-0.25594359813543693,-0.6223494529027126,,,,,,
P3H2,,,,,,,-0.17929780671576803,-0.012425932022388312,-0.09586186936907817,,,
CCDC50,,,,,,,,,,,,
FGF12,,,,-0.9713502495514136,-0.27460315383146494,-0.6229767016914393,,,,,,
MB21D2,,,,,,,,,,,,
PLAAT1,,,,,,,,,,,,
OPA1,,,,,,,,,,,,
HES1,,,,,,,,,,,,
ATP13A3,,,,,,,,,,,,
LSG1,,,,,,,,,,,,
XXYLT1,,,,,,,,,,,,
ACAP2,,,,,,,,,,,,
PPP1R2,,,,,,,,,,,,
TNK2,,,,,,,,,,,,
TFRC,,,,,,,,,,,,
PCYT1A,,,,,,,,,,,,
DYNLT2B,,,,,,,,,,,,
UBXN7,,,,,,,,,,,,
RNF168,,,,,,,,,,,,
WDR53,,,,,,,,,,,,
FBXO45,,,,,,,,,,,,
PIGX,,,,-0.9834400515731797,-0.3251308271806907,-0.6542854393769352,,,,,,
CEP19,,,,-0.604992785907071,-0.604992785907071,-0.604992785907071,,,,,,
PAK2,,,,,,,,,,,,
SENP5,,,,,,,,,,,,
NCBP2,,,,,,,,,,,,
NCBP2AS2,,,,,,,,,,,,
MELTF,,,,,,,,,,,,
DLG1,,,,,,,,,,,,
RUBCN,,,,,,,,,,,,
FYTTD1,,,,,,,,,,,,
LRCH3,,,,,,,,,,,,
IQCG,,,,,,,,,,,,
RPL35A,-0.7198414444852422,-0.16154684744404915,-0.4406941459646457,,,,,,,,,
LMLN,,,,,,,,,,,,
ZNF721,,,,,,,,,,,,
PIGG,,,,,,,,,,,,
ATP5ME,-0.9857558753634404,-0.34942520678678185,-0.6675905410751112,,,,,,,,,
MYL5,,,,,,,,,,,,
PCGF3,,,,,,,,,,,,
GAK,,,,,,,,,,,,
TMEM175,,,,,,,,,,,,
FGFRL1,,,,,,,,,,,,
CTBP1,,,,,,,,,,,,
MAEA,,,,-0.31924665788324774,-0.31924665788324774,-0.31924665788324774,,,,,,
UVSSA,,,,,,,,,,,,
SLBP,,,,,,,,,,,,
TACC3,,,,,,,,,,,,
TMEM129,,,,-0.7741104169778152,-0.7741104169778152,-0.7741104169778152,,,,,,
FGFR3,,,,,,,,,,,,
LETM1,,,,,,,,,,,,
NSD2,,,,,,,,,,,,
NELFA,,,,,,,,,,,,
C4orf48,,,,,,,,,,,,
NAT8L,,,,,,,,,,,,
POLN,,,,,,,,,,,,
HAUS3,,,,,,,,,,,,
MXD4,,,,,,,,,,,,
ZFYVE28,,,,,,,,,,,,
RNF4,,,,,,,,,,,,
FAM193A,,,,,,,,,,,,
TNIP2,,,,,,,,,,,,
ADD1,,,,,,,,,,,,
MFSD10,,,,,,,,,,,,
NOP14,,,,-0.9554015790188387,-0.0935549608622817,-0.5244782699405602,,,,,,
GRK4,,,,,,,,,,,,
HTT,,,,,,,,,,,,
RGS12,,,,,,,,,,,,
LRPAP1,,,,,,,,,,,,
ADRA2C,,,,,,,,,,,,
TMEM128,,,,,,,,,,,,
LYAR,,,,,,,,,,,,
STX18,,,,-0.9731309583297928,-0.24567886246048434,-0.6094049103951386,,,,,,
MSX1,,,,-0.9771707240516394,-0.3029797828636803,-0.6400752534576599,,,,,,
EVC,,,,,,,,,,,,
MAN2B2,,,,,,,,,,,,
MRFAP1,,,,-0.982518864647854,-0.31506404007830396,-0.648791452363079,,,,,,
ENSG00000170846,,,,,,,,,,,,
MRFAP1L1,,,,-0.9850423350156363,-0.31376383657601875,-0.6494030857958275,,,,,,
BLOC1S4,,,,,,,,,,,,
KIAA0232,,,,,,,,,,,,
TBC1D14,,,,-0.9917889324718698,-0.3731487337811776,-0.6824688331265237,,,,,,
TADA2B,,,,,,,,,,,,
GRPEL1,,,,,,,,,,,,
SORCS2,-0.06516322193895266,-0.026151083675559565,-0.045657152807256116,-0.7752858424238271,-0.08958987914250693,-0.43243786078316704,-0.25342863976965146,-0.0015130496193249952,-0.12747084469448822,-0.07259031566527815,-0.013930844771736131,-0.04326058021850714
AFAP1,,,,-0.9942312512422866,-0.3258062443460023,-0.6600187477941445,,,,,,
ACOX3,,,,,,,,,,,,
TRMT44,,,,,,,,,,,,
HMX1,,,,,,,,,,,,
WDR1,,,,,,,,,,,,
ZNF518B,,,,,,,,,,,,
RAB28,,,,,,,,,,,,
BOD1L1,,,,,,,,,,,,
CPEB2,,,,,,,,,,,,
CC2D2A,,,,,,,,,,,,
FBXL5,,,,,,,,,,,,
FAM200B,,,,,,,,,,,,
TAPT1,,,,,,,,,,,,
QDPR,-0.3877510593739805,-0.10899467693600237,-0.24837286815499143,,,,,,,,,
LAP3,,,,,,,,,,,,
MED28,,,,,,,,,,,,
FAM184B,-0.12627971676288374,-0.04116159818973964,-0.08372065747631169,-0.9870217309949226,-0.34732341911370074,-0.6671725750543117,,,,-0.18907709900041778,-0.017438967476439617,-0.10325803323842869
DCAF16,,,,,,,,,,,,
NCAPG,,,,,,,,,,,,
LCORL,,,,,,,,,,,,
SLIT2,,,,,,,,,,,,
PACRGL,,,,,,,,,,,,
ADGRA3,,,,,,,,,,,,
GBA3,-0.2577505589637876,-0.06900872631130021,-0.16337964263754393,-0.6590970332247601,-0.6590970332247601,-0.6590970332247601,,,,,,
DHX15,,,,,,,,,,,,
SEPSECS,,,,,,,,,,,,
PI4K2B,,,,,,,,,,,,
ZCCHC4,,,,,,,,,,,,
ANAPC4,,,,,,,,,,,,
SEL1L3,,,,,,,,,,,,
SMIM20,,,,,,,,,,,,
RBPJ,,,,,,,,,,,,
TBC1D19,,,,,,,,,,,,
STIM2,,,,,,,,,,,,
PCDH7,,,,,,,,,,,,
ARAP2,,,,,,,,,,,,
RELL1,,,,,,,,,,,,
PGM2,,,,,,,,,,,,
TBC1D1,,,,,,,,,,,,
KLF3,,,,,,,,,,,,
FAM114A1,,,,,,,,,,,,
KLHL5,,,,,,,,,,,,
WDR19,,,,,,,,,,,,
RFC1,,,,,,,,,,,,
RPL9,,,,,,,,,,,,
LIAS,,,,,,,,,,,,
UGDH,,,,,,,,,,,,
SMIM14,,,,,,,,,,,,
UBE2K,,,,,,,,,,,,
PDS5A,,,,,,,,,,,,
N4BP2,,,,,,,,,,,,
RBM47,,,,,,,,,,,,
APBB2,,,,,,,,,,,,
UCHL1,-0.22535401102312003,-0.026550683828211692,-0.12595234742566586,,,,,,,,,
LIMCH1,-0.12918312137083568,-0.02833184008707585,-0.07875748072895576,-0.9753151010439953,-0.3473364970147918,-0.6613257990293936,,,,-0.18039358132140715,0.0005379979981352171,-0.08992779166163596
TMEM33,,,,,,,,,,,,
SLC30A9,,,,,,,,,,,,
BEND4,,,,,,,,,,,,
ATP8A1,,,,,,,,,,,,
KCTD8,,,,,,,,,,,,
GUF1,,,,,,,,,,,,
GNPDA2,,,,,,,,,,,,
COMMD8,,,,,,,,,,,,
ATP10D,,,,,,,,,,,,
NFXL1,,,,,,,,,,,,
NIPAL1,,,,,,,,,,,,
TXK,,,,,,,,,,,,
TEC,,,,,,,,,,,,
SLAIN2,,,,,,,,,,,,
FRYL,,,,,,,,,,,,
OCIAD1,,,,,,,,,,,,
DCUN1D4,,,,,,,,,,,,
SGCB,,,,,,,,,,,,
USP46,,,,,,,,,,,,
SCFD2,,,,,,,,,,,,
FIP1L1,,,,,,,,,,,,
CHIC2,,,,,,,,,,,,
SRD5A3,,,,-0.9808448298996538,-0.3333040534447979,-0.6570744416722258,,,,,,
TMEM165,,,,,,,,,,,,
CLOCK,,,,,,,,,,,,
NMU,,,,,,,,,,,,
EXOC1,,,,,,,,,,,,
CEP135,,,,,,,,,,,,
CRACD,,,,,,,,,,,,
AASDH,,,,,,,,,,,,
PPAT,,,,,,,,,,,,
PAICS,,,,-0.9890401549753377,-0.21371596285159297,-0.6013780589134653,,,,,,
SRP72,,,,,,,,,,,,
HOPX,,,,-0.668470827010912,-0.668470827010912,-0.668470827010912,,,,,,
REST,,,,,,,,,,,,
NOA1,,,,,,,,,,,,
POLR2B,,,,,,,,,,,,
ADGRL3,-0.06373372812753503,-0.016938757495585165,-0.0403362428115601,-0.8949309935226437,-0.159338459499035,-0.5271347265108394,,,,-0.04862197026033391,0.023121494708042128,-0.01275023777614589
EPHA5,,,,,,,,,,,,
CENPC,,,,,,,,,,,,
UBA6,,,,,,,,,,,,
YTHDC1,,,,,,,,,,,,
UTP3,,,,-0.7941914484305885,-0.7941914484305885,-0.7941914484305885,,,,,,
RUFY3,,,,,,,,,,,,
GRSF1,,,,,,,,,,,,
MOB1B,,,,,,,,,,,,
DCK,,,,,,,,,,,,
SLC4A4,,,,,,,,,,,,
ADAMTS3,,,,,,,,,,,,
COX18,,,,,,,,,,,,
ANKRD17,,,,,,,,,,,,
MTHFD2L,,,,,,,,,,,,
RCHY1,,,,,,,,,,,,
THAP6,,,,,,,,,,,,
CDKL2,,,,,,,,,,,,
G3BP2,,,,,,,,,,,,
USO1,,,,,,,,,,,,
NAAA,,,,,,,,,,,,
SDAD1,,,,,,,,,,,,
NUP54,,,,,,,,,,,,
SCARB2,,,,,,,,,,,,
SHROOM3,,,,,,,,,,,,
SEPTIN11,,,,,,,,,,,,
CCNI,,,,,,,,,,,,
CCNG2,,,,,,,,,,,,
CNOT6L,,,,,,,,,,,,
MRPL1,,,,-0.9808655397917931,-0.25465331124935053,-0.6177594255205718,,,,,,
FRAS1,,,,,,,,,,,,
BMP2K,,,,,,,,,,,,
PAQR3,,,,,,,,,,,,
ANTXR2,,,,,,,,,,,,
RASGEF1B,-0.17052498645609454,-0.05927843968713698,-0.11490171307161576,-0.9629568710352222,-0.24533592324630216,-0.6041463971407621,-0.5049634443073756,0.0020811626230561615,-0.25144114084215974,-0.2885362344421615,-0.06478453571564377,-0.17666038507890264
HNRNPD,,,,,,,,,,,,
HNRNPDL,,,,,,,,,,,,
ENOPH1,,,,,,,,,,,,
TMEM150C,,,,,,,,,,,,
SCD5,,,,,,,,,,,,
SEC31A,,,,,,,,,,,,
THAP9,,,,,,,,,,,,
LIN54,,,,,,,,,,,,
COPS4,,,,,,,,,,,,
COQ2,,,,,,,,,,,,
HELQ,,,,,,,,,,,,
MRPS18C,-0.5003043511002202,-0.17159600778858647,-0.3359501794444033,,,,,,,-0.8819310963884488,-0.16511339960031254,-0.5235222479943806
ABRAXAS1,-0.12213050083518903,-0.02326312425729797,-0.0726968125462435,-0.9711663283362765,-0.29680451204416414,-0.6339854201902203,,,,-0.23529278791156483,-0.05668658453648829,-0.14598968622402655
GPAT3,-0.16236919939162198,-0.03343506086162393,-0.09790213012662295,-0.9338739246321356,-0.2442971073861938,-0.5890855160091647,,,,-0.20756561633826803,-0.061068900501579274,-0.13431725841992365
CDS1,,,,,,,,,,,,
WDFY3,,,,,,,,,,,,
ARHGAP24,,,,,,,,,,,,
MAPK10,,,,,,,,,,,,
PTPN13,,,,,,,,,,,,
AFF1,,,,,,,,,,,,
KLHL8,,,,,,,,,,,,
HSD17B11,,,,,,,,,,,,
NUDT9,,,,,,,,,,,,
PKD2,,,,,,,,,,,,
PPM1K,,,,,,,,,,,,
HERC5,,,,,,,,,,,,
HERC3,,,,,,,,,,,,
FAM13A,,,,,,,,,,,,
GPRIN3,,,,,,,,,,,,
SNCA,,,,,,,,,,,,
CCSER1,,,,,,,,,,,,
GRID2,,,,-0.9753785408892373,-0.2572334933838552,-0.6163060171365462,,,,,,
SMARCAD1,,,,,,,,,,,,
PDLIM5,,,,,,,,,,,,
BMPR1B,,,,,,,,,,,,
UNC5C,0.03377856550711778,0.21482452035117877,0.12430154292914827,,,,,,,,,
STPG2,-0.12390498919549632,-0.04190633443262127,-0.0829056618140588,-0.9845627849119994,-0.30610986259102035,-0.64533632375151,,,,-0.18125579414970178,-0.043303740887238054,-0.11227976751846991
RAP1GDS1,,,,,,,,,,,,
TSPAN5,,,,,,,,,,,,
EIF4E,,,,,,,,,,,,
METAP1,,,,,,,,,,,,
ADH5,-0.3767645144473225,-0.05870060809062032,-0.21773256126897142,,,,,,,,,
TRMT10A,,,,-0.9793829144799214,-0.27360848849008307,-0.6264957014850022,,,,,,
LAMTOR3,,,,,,,,,,,,
DNAJB14,,,,-0.9859809209534534,-0.3576991516795683,-0.6718400363165108,,,,,,
PPP3CA,,,,,,,,,,,,
SLC39A8,,,,,,,,,,,,
NFKB1,,,,,,,,,,,,
MANBA,,,,,,,,,,,,
UBE2D3,,,,-0.981113485264965,-0.15176575155206845,-0.5664396184085168,,,,,,
CISD2,,,,,,,,,,,,
SLC9B2,,,,,,,,,,,,
BDH2,,,,,,,,,,,,
CENPE,,,,,,,,,,,,
CXXC4,,,,,,,,,,,,
TET2,,,,,,,,,,,,
PPA2,,,,,,,,,,,,
INTS12,,,,,,,,,,,,
GSTCD,,,,,,,,,,,,
TBCK,,,,,,,,,,,,
AIMP1,-0.425174826775828,-0.12207564575377082,-0.2736252362647994,,,,,,,,,
PAPSS1,,,,-0.7364536157581395,-0.7364536157581395,-0.7364536157581395,,,,,,
SGMS2,,,,,,,,,,,,
HADH,,,,,,,,,,,,
LEF1,,,,,,,,,,,,
RPL34,,,,,,,,,,,,
OSTC,-0.6416952880804203,-0.1032050505875997,-0.37245016933401,,,,,,,,,
COL25A1,,,,,,,,,,,,
SEC24B,,,,,,,,,,,,
MCUB,,,,,,,,,,,,
CASP6,,,,,,,,,,,,
PLA2G12A,,,,-0.9731943267729452,-0.28792826735438554,-0.6305612970636654,,,,,,
GAR1,,,,,,,,,,,,
ELOVL6,,,,,,,,,,,,
ENPEP,,,,,,,,,,,,
PITX2,,,,,,,,,,,,
FAM241A,,,,,,,,,,,,
AP1AR,,,,,,,,,,,,
TIFA,,,,,,,,,,,,
ALPK1,,,,,,,,,,,,
ZGRF1,,,,,,,,,,,,
LARP7,-0.3826803931344337,-0.07053910049524248,-0.2266097468148381,,,,,,,,,
ANK2,,,,,,,,,,,,
CAMK2D,,,,,,,,,,,,
ARSJ,,,,,,,,,,,,
UGT8,,,,,,,,,,,,
METTL14,,,,,,,,,,,,
SEC24D,,,,,,,,,,,,
USP53,,,,,,,,,,,,
C4orf3,,,,,,,,,,,,
PDE5A,,,,,,,,,,,,
MAD2L1,-0.3464460575158193,-0.03579969756413994,-0.1911228775399796,,,,,,,,,
PRDM5,,,,,,,,,,,,
QRFPR,,,,,,,,,,,,
ANXA5,,,,,,,,,,,,
EXOSC9,,,,,,,,,,,,
CCNA2,,,,,,,,,,,,
BBS7,,,,-0.9728254232600511,-0.2919454249652603,-0.6323854241126556,,,,,,
TRPC3,-0.09590252169294981,-0.006978074930512248,-0.05144029831173103,-0.980450677153734,-0.28293368192672624,-0.6316921795402302,,,,-0.17241382099813768,-0.025485730043392663,-0.09894977552076517
BLTP1,,,,,,,,,,,,
FGF2,,,,,,,,,,,,
NUDT6,,,,,,,,,,,,
SPATA5,,,,,,,,,,,,
SPRY1,,,,,,,,,,,,
ANKRD50,,,,,,,,,,,,
INTU,,,,,,,,,,,,
HSPA4L,,,,,,,,,,,,
PLK4,,,,,,,,,,,,
MFSD8,,,,,,,,,,,,
ABHD18,,,,,,,,,,,,
LARP1B,,,,,,,,,,,,
PGRMC2,,,,,,,,,,,,
JADE1,,,,,,,,,,,,
SCLT1,,,,,,,,,,,,
C4orf33,,,,,,,,,,,,
PCDH10,,,,,,,,,,,,
SLC7A11,,,,,,,,,,,,
NOCT,,,,,,,,,,,,
ELF2,,,,,,,,,,,,
MGARP,,,,-0.5879250092390188,-0.5879250092390188,-0.5879250092390188,,,,,,
NDUFC1,-0.8421683471672105,-0.2476812352588814,-0.5449247912130459,-0.9833362733538339,-0.26158253334110104,-0.6224594033474675,,,,-0.977114247796367,-0.19204920483257568,-0.5845817263144714
NAA15,,,,,,,,,,,,
RAB33B,,,,,,,,,,,,
SETD7,,,,,,,,,,,,
MGST2,,,,,,,,,,,,
MAML3,,,,,,,,,,,,
SCOC,,,,,,,,,,,,
CLGN,,,,,,,,,,,,
ELMOD2,,,,,,,,,,,,
TBC1D9,,,,,,,,,,,,
RNF150,,,,,,,,,,,,
ZNF330,,,,,,,,,,,,
USP38,,,,,,,,,,,,
GAB1,,,,,,,,,,,,
SMARCA5,,,,-0.9632324738861908,-0.08590472939056355,-0.5245686016383772,,,,,,
HHIP,,,,-0.9749501506914063,-0.3330993939627312,-0.6540247723270688,,,,,,
ANAPC10,,,,,,,,,,,,
ABCE1,,,,,,,,,,,,
OTUD4,,,,,,,,,,,,
SMAD1,,,,,,,,,,,,
ZNF827,,,,,,,,,,,,
LSM6,-0.6131146726132152,-0.07713850404681047,-0.3451265883300128,-0.9802220278478846,-0.2442508758781649,-0.6122364518630248,,,,,,
SLC10A7,,,,,,,0.11437863113310663,0.7041665936675059,0.40927261240030627,,,
EDNRA,,,,,,,,,,,,
TMEM184C,,,,,,,,,,,,
PRMT9,,,,,,,,,,,,
ARHGAP10,,,,,,,,,,,,
NR3C2,,,,,,,,,,,,
DCLK2,,,,,,,,,,,,
LRBA,,,,,,,,,,,,
RPS3A,-0.6461270965464881,-0.1605501474811412,-0.40333862201381465,,,,,,,,,
SH3D19,,,,,,,,,,,,
FHIP1A,,,,,,,,,,,,
GATB,,,,,,,,,,,,
FBXW7,,,,,,,,,,,,
ARFIP1,,,,,,,,,,,,
TRIM2,,,,,,,,,,,,
MND1,-0.6013534969546201,-0.09246356016664685,-0.3469085285606335,,,,,,,,,
TMEM131L,,,,,,,,,,,,
PLRG1,,,,,,,,,,,,
MAP9,,,,,,,,,,,,
GUCY1A1,,,,,,,,,,,,
GUCY1B1,,,,,,,,,,,,
PDGFC,,,,,,,,,,,,
TMEM144,,,,,,,,,,,,
C4orf46,,,,,,,,,,,,
ETFDH,,,,,,,,,,,,
PPID,,,,,,,,,,,,
FNIP2,,,,,,,,,,,,
RAPGEF2,,,,,,,,,,,,
FSTL5,-0.1281604152083688,-0.012538788588572634,-0.07034960189847071,-0.9854120923927471,-0.30956392486823203,-0.6474880086304895,,,,-0.1829448233415615,-0.05260042696487652,-0.11777262515321901
NAF1,,,,,,,,,,,,
TMA16,,,,,,,,,,,,
TMEM192,,,,,,,,,,,,
KLHL2,,,,,,,,,,,,
MSMO1,,,,,,,,,,,,
CPE,,,,,,,,,,,,
TLL1,,,,,,,,,,,,
SPOCK3,,,,,,,,,,,,
PALLD,,,,,,,,,,,,
CBR4,,,,,,,,,,,,
SH3RF1,,,,,,,,,,,,
NEK1,,,,,,,,,,,,
CLCN3,,,,,,,,,,,,
HPF1,,,,,,,,,,,,
MFAP3L,,,,,,,,,,,,
AADAT,,,,,,,,,,,,
GALNTL6,,,,,,,,,,,,
GALNT7,,,,,,,,,,,,
HMGB2,,,,,,,,,,,,
SAP30,,,,,,,,,,,,
FBXO8,,,,,,,,,,,,
CEP44,,,,,,,,,,,,
GPM6A,-0.09128516391365196,-0.01689232377844765,-0.05408874384604981,-0.894100833958647,-0.15486081349678518,-0.5244808237277161,,,,,,
WDR17,,,,,,,,,,,,
SPCS3,,,,,,,,,,,,
VEGFC,-0.18781774752495117,-0.01299201636384514,-0.10040488194439816,,,,,,,,,
NEIL3,,,,,,,,,,,,
AGA,,,,,,,,,,,,
TENM3,,,,,,,,,,,,
DCTD,,,,-0.7357071203103768,-0.7357071203103768,-0.7357071203103768,,,,,,
WWC2,,,,,,,,,,,,
CDKN2AIP,,,,,,,,,,,,
ING2,-0.33447861748790875,-0.063157816719089,-0.19881821710349887,,,,,,,,,
RWDD4,,,,,,,,,,,,
TRAPPC11,,,,,,,,,,,,
STOX2,,,,,,,,,,,,
IRF2,,,,,,,,,,,,
CASP3,,,,,,,,,,,,
PRIMPOL,,,,,,,,,,,,
CENPU,,,,,,,,,,,,
ACSL1,,,,,,,,,,,,
SLC25A4,-0.37390734835015194,-0.05310184064800435,-0.21350459449907813,,,,,,,,,
CFAP97,-0.2746537639240251,-0.03522156948342365,-0.15493766670372436,,,,,,,,,
SNX25,,,,,,,,,,,,
UFSP2,,,,,,,,,,,,
PDLIM3,,,,,,,,,,,,
SORBS2,,,,-0.9672823774196219,-0.3354253975043276,-0.6513538874619748,,,,,,
CYP4V2,,,,,,,,,,,,
FAT1,,,,,,,,,,,,
FRG1,-0.44205518815293066,-0.08484614495990492,-0.2634506665564178,,,,,,,-0.5862712124137575,-0.06236599926612632,-0.3243186058399419
CCDC127,,,,,,,,,,,,
SDHA,,,,,,,,,,,,
PDCD6,,,,-0.9782439641521471,-0.16594602509492837,-0.5720949946235377,,,,,,
AHRR,,,,,,,,,,,,
EXOC3,,,,,,,,,,,,
CEP72,,,,,,,,,,,,
BRD9,,,,,,,,,,,,
TRIP13,,,,,,,,,,,,
CLPTM1L,,,,,,,,,,,,
LPCAT1,,,,,,,,,,,,
MRPL36,-0.45424570530278313,-0.06820393367675091,-0.261224819489767,,,,,,,,,
NDUFS6,,,,,,,,,,,,
ADAMTS16,-0.3219195581186936,-0.11476045241789279,-0.2183400052682932,,,,,,,-0.4733766324089483,-0.09152320504299402,-0.28244991872597114
ICE1,,,,,,,,,,,,
MED10,,,,,,,,,,,,
NSUN2,,,,,,,,,,,,
SRD5A1,,,,,,,,,,,,
TENT4A,,,,,,,,,,,,
MTRR,,,,,,,,,,,,
FASTKD3,,,,,,,,,,,,
SEMA5A,,,,,,,,,,,,
ATPSCKMT,,,,,,,,,,,,
CCT5,,,,,,,,,,,,
CMBL,-0.24481506289564384,-0.03188484054742089,-0.13834995172153236,,,,,,,,,
MARCHF6,,,,,,,,,,,,
ANKRD33B,,,,,,,,,,,,
DAP,,,,,,,,,,,,
TRIO,,,,,,,,,,,,
OTULINL,-0.060595167553700244,-0.00899043987966738,-0.034792803716683814,,,,-0.1710034917847219,-0.0019252214356905747,-0.08646435661020624,,,
OTULIN,,,,,,,,,,,,
ANKH,,,,,,,,,,,,
FBXL7,,,,,,,,,,,,
ZNF622,,,,,,,,,,,,
RETREG1,,,,,,,,,,,,
MYO10,,,,-0.9817705633238148,-0.25496290390310083,-0.6183667336134578,,,,,,
BASP1,,,,,,,,,,,,
CDH18,,,,-0.9327401031602509,-0.2081112113515392,-0.570425657255895,,,,-0.1765744710551943,-0.05310327875874271,-0.11483887490696851
CDH12,,,,,,,,,,,,
DROSHA,,,,,,,,,,,,
C5orf22,,,,,,,,,,,,
PDZD2,,,,,,,,,,,,
GOLPH3,,,,,,,,,,,,
MTMR12,,,,,,,,,,,,
ZFR,,,,,,,,,,,,
SUB1,,,,,,,,,,,,
TARS1,,,,,,,,,,,,
RAI14,,,,,,,,,,,,
RAD1,,,,,,,,,,,,
BRIX1,,,,,,,,,,,,
DNAJC21,,,,,,,,,,,,
LMBRD2,,,,,,,,,,,,
SKP2,,,,,,,,,,,,
NADK2,,,,,,,,,,,,
SLC1A3,,,,,,,,,,,,
NIPBL,,,,,,,,,,,,
CPLANE1,,,,,,,,,,,,
NUP155,,,,,,,,,,,,
WDR70,,,,,,,,,,,,
LIFR,,,,,,,,,,,,
RICTOR,,,,,,,,,,,,
DAB2,,,,,,,,,,,,
TTC33,,,,,,,,,,,,
PRKAA1,,,,,,,,,,,,
RPL37,-0.9152653858429465,-0.19069939965058777,-0.5529823927467671,,,,,,,,,
OXCT1,,,,,,,,,,,,
RIMOC1,,,,,,,,,,,,
FBXO4,,,,,,,,,,,,
GHR,,,,,,,,,,,,
SELENOP,-0.2082400874105385,-0.016975867489747706,-0.11260797745014312,,,,,,,,,
ZNF131,,,,,,,,,,,,
HMGCS1,,,,,,,,,,,,
TMEM267,,,,,,,,,,,,
C5orf34,,,,,,,,,,,,
PAIP1,,,,,,,,,,,,
NNT,,,,,,,,,,,,
MRPS30,,,,,,,,,,,,
EMB,,,,,,,,,,,,
PARP8,,,,,,,,,,,,
ISL1,,,,,,,,,,,,
PELO,,,,,,,,,,,,
ITGA2,,,,-0.9368335838198388,-0.1309878653539733,-0.533910724586906,,,,,,
MOCS2,,,,,,,,,,,,
NDUFS4,,,,,,,,,,,,
ARL15,,,,,,,,,,,,
SNX18,,,,,,,,,,,,
GPX8,,,,,,,,,,,,
DHX29,,,,,,,,,,,,
MTREX,,,,,,,,,,,,
PLPP1,,,,,,,,,,,,
SLC38A9,,,,,,,,,,,,
IL6ST,,,,,,,,,,,,
MAP3K1,,,,,,,,,,,,
SETD9,-0.30173179242004433,-0.05342628539217982,-0.17757903890611207,,,,,,,-0.45139732016727874,-0.0646697378452213,-0.25803352900625004
MIER3,,,,,,,,,,,,
GPBP1,,,,,,,,,,,,
RAB3C,-0.1345159563627548,-0.036844443161361165,-0.08568019976205798,-0.9388719267358462,-0.21017120994240393,-0.574521568339125,,,,-0.1964408421066428,-0.037518253664278134,-0.11697954788546047
PDE4D,,,,,,,,,,,,
DEPDC1B,,,,,,,,,,,,
ELOVL7,,,,,,,-0.5033119898984557,-0.0569939841105394,-0.28015298700449753,,,
ERCC8,,,,,,,,,,,,
NDUFAF2,,,,,,,,,,,,
SMIM15,,,,,,,,,,,,
ZSWIM6,,,,,,,,,,,,
KIF2A,,,,,,,,,,,,
DIMT1,,,,,,,,,,,,
IPO11,,,,,,,,,,,,
SREK1IP1,,,,,,,,,,,,
CWC27,,,,,,,,,,,,
ADAMTS6,,,,,,,,,,,,
CENPK,,,,,,,,,,,,
PPWD1,,,,,,,,,,,,
TRIM23,,,,,,,,,,,,
TRAPPC13,,,,,,,,,,,,
SGTB,,,,,,,,,,,,
NLN,,,,,,,,,,,,
ERBIN,,,,,,,,,,,,
SREK1,,,,,,,,,,,,
MAST4,,,,,,,,,,,,
PIK3R1,,,,,,,,,,,,
SLC30A5,-0.11943426670118078,-0.045351462908513,-0.0823928648048469,-0.9480614928377478,-0.29360979208414867,-0.6208356424609482,,,,-0.2248419427889579,-0.04413009359970442,-0.13448601819433115
CCNB1,,,,,,,,,,,,
CENPH,,,,,,,,,,,,
MRPS36,,,,,,,,,,,,
CDK7,,,,,,,,,,,,
CCDC125,,,,,,,,,,,,
AK6,,,,,,,,,,,,
TAF9,,,,,,,,,,,,
RAD17,,,,,,,,,,,,
MARVELD2,,,,-0.6972316777343486,-0.6972316777343486,-0.6972316777343486,,,,,,
OCLN,,,,,,,,,,,,
GTF2H2C,,,,,,,,,,,,
SMN2,,,,-0.6337818080365533,-0.6337818080365533,-0.6337818080365533,,,,,,
SMN1,,,,,,,,,,,,
GTF2H2,,,,,,,,,,,,
BDP1,,,,,,,,,,,,
MCCC2,,,,,,,,,,,,
MAP1B,,,,,,,,,,,,
MRPS27,,,,,,,,,,,,
PTCD2,,,,,,,,,,,,
TNPO1,,,,,,,,,,,,
FCHO2,,,,,,,,,,,,
FOXD1,,,,,,,,,,,,
BTF3,-0.4593072730799616,-0.12540544870549775,-0.29235636089272965,,,,,,,,,
ANKRA2,,,,,,,,,,,,
UTP15,,,,-0.7269597604594298,-0.7269597604594298,-0.7269597604594298,,,,,,
ARHGEF28,,,,,,,,,,,,
HEXB,-0.18542047227858627,-0.046439286638633656,-0.11592987945860997,-0.9594061350784251,-0.2770408638915563,-0.6182234994849907,,,,-0.27657191893558447,-0.0362665233821639,-0.1564192211588742
GFM2,,,,,,,,,,,,
NSA2,,,,,,,,,,,,
FAM169A,,,,,,,,,,,,
HMGCR,,,,,,,,,,,,
CERT1,,,,,,,,,,,,
POLK,,,,,,,,,,,,
POC5,,,,,,,,,,,,
IQGAP2,,,,,,,,,,,,
F2R,,,,,,,,,,,,
AGGF1,,,,,,,,,,,,
ZBED3,,,,-0.5500752753665747,-0.5500752753665747,-0.5500752753665747,,,,,,
WDR41,,,,,,,,,,,,
TBCA,,,,,,,,,,,,
AP3B1,,,,,,,,,,,,
SCAMP1,,,,-0.987455711263865,-0.2807404732714749,-0.63409809226767,,,,,,
LHFPL2,,,,,,,,,,,,
ARSB,,,,,,,,,,,,
DMGDH,,,,,,,,,,,,
JMY,,,,,,,,,,,,
HOMER1,,,,,,,,,,,,
TENT2,,,,,,,,,,,,
MTX3,,,,,,,,,,,,
THBS4,,,,,,,,,,,,
SERINC5,,,,,,,,,,,,
ZFYVE16,,,,,,,,,,,,
FAM151B,,,,,,,,,,,,
DHFR,,,,,,,,,,,,
MSH3,,,,,,,,,,,,
RASGRF2,,,,,,,,,,,,
ZCCHC9,,,,,,,,,,,,
SSBP2,,,,,,,,,,,,
ATG10,-0.1150053880191896,0.00018142247185615052,-0.05741198277366672,-0.9855608799803762,-0.22215097957454233,-0.6038559297774593,,,,-0.20675078662030563,-0.013266193785860386,-0.11000849020308301
RPS23,-0.6312098610726538,-0.14582217700307595,-0.38851601903786487,,,,,,,,,
TMEM167A,-0.5637721078363486,-0.12618101132181697,-0.3449765595790828,,,,,,,,,
XRCC4,,,,,,,,,,,,
VCAN,,,,,,,,,,,,
EDIL3,,,,,,,,,,,,
COX7C,,,,,,,,,,,,
RASA1,,,,,,,,,,,,
CCNH,,,,,,,,,,,,
TMEM161B,,,,,,,,,,,,
MEF2C,,,,,,,,,,,,
CETN3,,,,,,,,,,,,
MBLAC2,,,,,,,,,,,,
POLR3G,,,,,,,,,,,,
LYSMD3,,,,,,,,,,,,
ADGRV1,,,,,,,,,,,,
ARRDC3,,,,,,,,,,,,
NR2F1,,,,,,,,,,,,
FAM172A,,,,,,,,,,,,
SLF1,,,,,,,,,,,,
MCTP1,,,,,,,,,,,,
SKIC3,,,,,,,,,,,,
ARSK,,,,,,,,,,,,
RFESD,,,,,,,,,,,,
RHOBTB3,,,,,,,,,,,,
GLRX,,,,,,,,,,,,
ELL2,,,,,,,,,,,,
CAST,,,,-0.9792406708685663,-0.2248747018393257,-0.602057686353946,,,,,,
LNPEP,,,,,,,,,,,,
RIOK2,,,,,,,,,,,,
RGMB,,,,,,,,,,,,
CHD1,,,,,,,,,,,,
FAM174A,,,,,,,,,,,,
SLCO6A1,,,,,,,,,,,,
PAM,,,,,,,,,,,,
GIN1,,,,,,,,,,,,
PPIP5K2,,,,,,,,,,,,
MACIR,,,,,,,,,,,,
NUDT12,,,,,,,,,,,,
EFNA5,,,,,,,,,,,,
FBXL17,,,,,,,,,,,,
FER,,,,,,,,,,,,
PJA2,,,,,,,,,,,,
MAN2A1,,,,,,,,,,,,
SLC25A46,,,,,,,,,,,,
WDR36,,,,,,,,,,,,
CAMK4,,,,,,,,,,,,
STARD4,,,,,,,,,,,,
NREP,-0.24665802243660417,-0.020375931620572624,-0.1335169770285884,-0.9588056677722512,-0.24135049442651213,-0.6000780810993817,,,,,,
EPB41L4A,,,,,,,,,,,,
APC,,,,,,,,,,,,
SRP19,-0.5341225569954324,-0.08652584949021924,-0.31032420324282584,,,,,,,,,
REEP5,,,,,,,,,,,,
DCP2,,,,,,,,,,,,
MCC,,,,,,,,,,,,
YTHDC2,,,,,,,,,,,,
TRIM36,,,,,,,,,,,,
PGGT1B,,,,-0.990321815483941,-0.39525463089241103,-0.692788223188176,,,,,,
CCDC112,,,,,,,,,,,,
FEM1C,,,,,,,,,,,,
TMED7,,,,,,,,,,,,
ATG12,,,,,,,,,,,,
AP3S1,,,,,,,,,,,,
COMMD10,,,,,,,,,,,,
SEMA6A,,,,,,,,,,,,
DTWD2,,,,,,,,,,,,
DMXL1,,,,,,,,,,,,
TNFAIP8,,,,,,,,,,,,
HSD17B4,,,,,,,,,,,,
PRR16,,,,,,,,,,,,
SRFBP1,,,,,,,,,,,,
SNX2,,,,,,,,,,,,
SNX24,,,,,,,,,,,,
PPIC,,,,,,,,,,,,
PRDM6,,,,,,,,,,,,
CEP120,,,,,,,,,,,,
CSNK1G3,,,,,,,,,,,,
ZNF608,,,,,,,,,,-0.25097507375597444,-0.020559102276222155,-0.1357670880160983
ALDH7A1,,,,,,,,,,,,
PHAX,-0.4179190215956132,-0.05525854427466845,-0.23658878293514085,,,,,,,,,
LMNB1,,,,,,,,,,,,
MARCHF3,,,,,,,,,,,,
C5orf63,,,,,,,,,,,,
PRRC1,,,,,,,,,,,,
SLC12A2,,,,,,,,,,,,
FBN2,,,,,,,,,,,,
ISOC1,,,,,,,,,,,,
ADAMTS19,,,,,,,,,,,,
CHSY3,,,,,,,,,,,,
HINT1,-0.7151254014174513,-0.16659575387457107,-0.44086057764601116,,,,,,,,,
LYRM7,,,,,,,,,,,,
CDC42SE2,,,,,,,,,,,,
RAPGEF6,,,,,,,,,,,,
FNIP1,,,,,,,,,,,,
P4HA2,,,,,,,,,,,,
PDLIM4,-0.22060972328703826,-0.032501435766570004,-0.12655557952680413,,,,,,,,,
SLC22A5,,,,,,,,,,,,
IRF1,,,,-0.8874555886976051,-0.12861411565865416,-0.5080348521781296,,,,,,
RAD50,,,,,,,,,,,,
KIF3A,,,,,,,,,,,,
SEPTIN8,,,,,,,,,,,,
UQCRQ,,,,,,,,,,,,
AFF4,,,,,,,,,,,,
ZCCHC10,,,,,,,,,,,,
HSPA4,,,,,,,,,,,,
C5orf15,,,,,,,,,,,,
VDAC1,,,,,,,,,,,,
TCF7,,,,,,,,,,,,
SKP1,,,,,,,,,,,,
PPP2CA,,,,,,,,,,,,
CDKL3,,,,,,,,,,,,
UBE2B,,,,,,,,,,,,
CDKN2AIPNL,,,,,,,,,,,,
SAR1B,,,,,,,,,,,,
SEC24A,,,,,,,,,,,,
CAMLG,,,,,,,,,,,,
DDX46,,,,,,,,,,,,
C5orf24,,,,,,,,,,,,
TXNDC15,,,,,,,,,,,,
PCBD2,,,,,,,,,,,,
PITX1,,,,,,,,,,,,
MACROH2A1,,,,-0.9750936015968334,-0.30674605097705177,-0.6409198262869427,,,,,,
SLC25A48,,,,,,,,,,,,
SMAD5,,,,,,,,,,,,
HNRNPA0,,,,,,,,,,,,
PKD2L2,,,,-0.6360270374674211,-0.6360270374674211,-0.6360270374674211,,,,,,
FAM13B,,,,,,,,,,,,
BRD8,,,,,,,,,,,,
KIF20A,,,,,,,,,,,,
CDC23,,,,,,,,,,,,
CDC25C,,,,,,,-0.3569336474395879,-0.03581787943462968,-0.19637576343710877,,,
FAM53C,,,,,,,,,,,,
KDM3B,,,,,,,,,,,,
REEP2,,,,,,,,,,,,
EGR1,,,,,,,,,,,,
ETF1,,,,,,,,,,,,
HSPA9,,,,,,,,,,,,
CTNNA1,,,,,,,,,,,,
SIL1,,,,,,,,,,,,
MATR3,,,,,,,,,,,,
PAIP2,,,,,,,,,,,,
SPATA24,-0.2186462107282059,-0.042840066086827486,-0.1307431384075167,-0.689300718292909,-0.689300718292909,-0.689300718292909,-0.7771919462757452,-0.05854294817597339,-0.4178674472258593,,,
DNAJC18,,,,,,,,,,,,
UBE2D2,,,,,,,,,,,,
CXXC5,,,,,,,,,,,,
NRG2,,,,,,,,,,,,
PURA,,,,,,,,,,,,
CYSTM1,,,,,,,,,,,,
PFDN1,,,,-0.9853072464324186,-0.31819481173925307,-0.6517510290858358,,,,,,
ANKHD1,,,,,,,,,,,,
SRA1,,,,,,,,,,,,
SLC35A4,,,,,,,,,,,,
NDUFA2,-0.9772034019220343,-0.2084887517544125,-0.5928460768382233,,,,,,,,,
TMCO6,,,,,,,,,,,,
IK,,,,,,,,,,,,
WDR55,,,,,,,,,,,,
HARS1,,,,,,,,,,,,
HARS2,,,,-0.6832543176649878,-0.6832543176649878,-0.6832543176649878,,,,,,
ZMAT2,-0.3876718768281547,-0.08133938735149646,-0.23450563208982556,,,,,,,-0.724253104803941,-0.14289885870364472,-0.43357598175379286
TAF7,,,,,,,,,,,,
DIAPH1,,,,,,,,,,,,
HDAC3,,,,,,,,,,,,
DELE1,,,,,,,,,,,,
RNF14,,,,,,,,,,,,
GNPDA1,,,,,,,,,,,,
NDFIP1,,,,,,,,,,,,
ARHGAP26,,,,-0.9394489214809731,-0.17685587099964092,-0.558152396240307,,,,,,
NR3C1,,,,,,,,,,,,
YIPF5,,,,,,,,,,,,
KCTD16,,,,,,,,,,,,
PRELID2,,,,,,,,,,,,
LARS1,,,,,,,,,,,,
RBM27,,,,-0.9662915797108308,-0.13424582655852718,-0.550268703134679,,,,,,
TCERG1,,,,,,,,,,,,
DPYSL3,,,,-0.9657134033397877,-0.17792917866450414,-0.571821291002146,,,,,,
JAKMIP2,,,,,,,,,,,,
SPINK5,,,,,,,,,,,,
FBXO38,,,,,,,,,,,,
GRPEL2,,,,,,,,,,,,
CSNK1A1,,,,,,,,,,,,
ARHGEF37,,,,,,,,,,,,
PPARGC1B,,,,,,,,,,,,
SLC26A2,,,,,,,,,,,,
HMGXB3,,,,,,,,,,,,
TCOF1,,,,,,,,,,,,
RPS14,-0.845966232921944,-0.1924050562714877,-0.5191856445967158,,,,,,,,,
NDST1,,,,,,,,,,,,
RBM22,,,,,,,,,,,,
DCTN4,,,,,,,,,,,,
SMIM3,,,,,,,,,,,,
GPX3,-0.278241278245591,-0.06896094923057752,-0.17360111373808423,-0.6774579233877991,-0.6774579233877991,-0.6774579233877991,,,,-0.31447094851948876,-0.0558013819427083,-0.18513616523109852
TNIP1,,,,-0.6894566563677973,-0.6894566563677973,-0.6894566563677973,,,,,,
ANXA6,,,,,,,,,,,,
GM2A,,,,,,,,,,,,
SLC36A1,,,,,,,,,,,,
SPARC,,,,,,,,,,,,
ATOX1,-0.9732647807736079,-0.22351041775556632,-0.5983875992645871,,,,,,,,,
G3BP1,,,,,,,,,,,,
FAM114A2,,,,,,,,,,,,
MFAP3,,,,,,,,,,,,
GALNT10,,,,,,,,,,,,
SAP30L,,,,,,,,,,,,
HAND1,,,,,,,,,,,,
LARP1,,,,,,,,,,,,
FAXDC2,,,,,,,,,,,,
CNOT8,,,,,,,,,,,,
GEMIN5,,,,,,,,,,,,
MRPL22,-0.3951245627116404,-0.0773841992628161,-0.23625438098722826,,,,,,,,,
MED7,,,,,,,,,,,,
CYFIP2,,,,,,,,,,,,
THG1L,,,,,,,,,,,,
LSM11,,,,,,,,,,,,
CLINT1,,,,,,,,,,,,
EBF1,,,,,,,,,,,,
RNF145,,,,,,,,,,,,
UBLCP1,,,,,,,,,,,,
TTC1,,,,,,,,,,,,
PWWP2A,,,,,,,,,,,,
SLU7,,,,,,,,,,,,
PTTG1,-0.33579210280378846,-0.05395888414540613,-0.1948754934745973,,,,,,,,,
CCNG1,,,,,,,,,,,,
NUDCD2,,,,,,,,,,,,
HMMR,,,,,,,,,,,,
MAT2B,,,,,,,,,,,,
TENM2,,,,-0.9545661314029493,-0.2651886419383257,-0.6098773866706375,,,,,,
WWC1,,,,,,,,,,,,
RARS1,,,,,,,,,,,,
PANK3,,,,,,,,,,,,
SLIT3,,,,,,,,,,,,
SPDL1,,,,,,,,,,,,
RANBP17,,,,,,,,,,,,
NPM1,,,,,,,,,,,,
FBXW11,,,,,,,,,,,,
STK10,,,,,,,,,,,,
UBTD2,,,,,,,,,,,,
SH3PXD2B,,,,,,,,,,,,
DUSP1,,,,,,,,,,,,
ERGIC1,,,,,,,,,,,,
RPL26L1,-0.5850226977241676,-0.10371220049423492,-0.34436744910920125,,,,,,,,,
ATP6V0E1,,,,,,,,,,,,
CREBRF,,,,-0.9664641401477309,-0.23657317932605448,-0.6015186597368927,,,,,,
BNIP1,,,,,,,,,,,,
NKX2-5,,,,,,,,,,,,
STC2,,,,,,,,,,,,
BOD1,,,,,,,,,,,,
CPEB4,,,,,,,,,,,,
MSX2,,,,,,,,,,,,
SFXN1,,,,,,,,,,,,
THOC3,,,,,,,,,,,,
SIMC1,,,,,,,,,,,,
KIAA1191,,,,,,,,,,,,
ARL10,,,,,,,,,,,,
NOP16,,,,,,,,,,,,
HIGD2A,-0.3873777007295542,-0.06155360235340443,-0.2244656515414793,,,,,,,,,
CLTB,,,,,,,,,,,,
FAF2,,,,,,,,,,,,
RNF44,,,,,,,,,,,,
CDHR2,,,,-0.9689479772908133,-0.2345872327476867,-0.60176760501925,,,,-0.1362941404121431,-0.021045685520491075,-0.07866991296631709
GPRIN1,,,,,,,,,,,,
TSPAN17,,,,-0.6839314499662548,-0.6839314499662548,-0.6839314499662548,,,,,,
UIMC1,,,,,,,,,,,,
ZNF346,,,,,,,,,,,,
NSD1,,,,,,,,,,,,
RAB24,,,,,,,,,,,,
MXD3,,,,,,,,,,,,
PRELID1,-0.4226655921550148,-0.08968740756054845,-0.2561764998577816,,,,,,,,,
LMAN2,,,,,,,,,,,,
RGS14,-0.21818807258360062,-0.0065614037193927836,-0.1123747381514967,,,,,,,,,
F12,,,,,,,,,,,,
GRK6,,,,,,,,,,,,
PRR7,,,,,,,,,,,,
DBN1,,,,-0.9844578595626392,-0.34222073094596805,-0.6633392952543036,,,,,,
PDLIM7,,,,-0.9854287594476568,-0.37637495776931823,-0.6809018586084875,,,,,,
DOK3,,,,,,,,,,,,
DDX41,,,,,,,,,,,,
FAM193B,,,,,,,,,,,,
TMED9,,,,,,,,,,,,
B4GALT7,,,,,,,,,,,,
RMND5B,,,,,,,,,,,,
NHP2,,,,,,,,,,,,
HNRNPAB,,,,,,,,,,,,
PHYKPL,,,,,,,,,,,,
COL23A1,,,,,,,,,,,,
CLK4,,,,,,,,,,,,
ZNF354A,,,,,,,,,,,,
ZNF354B,,,,,,,,,,,,
ADAMTS2,,,,,,,,,,,,
RUFY1,,,,,,,,,,,,
HNRNPH1,,,,,,,,,,,,
CANX,,,,,,,,,,,,
MAML1,,,,,,,,,,,,
MGAT4B,,,,,,,,,,,,
SQSTM1,,,,,,,,,,,,
MRNIP,,,,,,,,,,,,
TBC1D9B,,,,,,,,,,,,
RNF130,,,,,,,,,,,,
RASGEF1C,,,,,,,,,,,,
MAPK9,,,,,,,,,,,,
GFPT2,,,,,,,,,,,,
CNOT6,,,,,,,,,,,,
FLT4,,,,,,,,,,,,
MGAT1,,,,,,,,,,,,
ZFP62,,,,,,,,,,,,
BTNL9,,,,,,,,,,,,
TRIM41,,,,-0.9771380744638188,-0.20416818597817007,-0.5906531302209944,,,,,,
RACK1,-0.5021382257151787,-0.11937912032062897,-0.31075867301790383,,,,,,,,,
TRIM52,,,,,,,,,,,,
DUSP22,,,,,,,,,,,,
EXOC2,,,,,,,,,,,,
FOXF2,,,,,,,,,,,,
FOXC1,,,,,,,,,,,,
GMDS,,,,,,,,,,,,
WRNIP1,,,,,,,,,,,,
SERPINB1,,,,,,,,,,,,
SERPINB6,,,,,,,,,,,,
NQO2,,,,,,,,,,,,
RIPK1,,,,,,,,,,,,
BPHL,,,,,,,,,,,,
TUBB2A,,,,,,,,,,,,
TUBB2B,,,,,,,,,,,,
PSMG4,-0.6327569948378868,-0.10622699765833665,-0.36949199624811174,,,,,,,,,
SLC22A23,,,,,,,,,,,,
FAM50B,,,,,,,,,,,,
PRPF4B,,,,,,,,,,,,
ECI2,,,,,,,,,,,,
CDYL,,,,-0.9832477583834967,-0.2661652963539269,-0.6247065273687118,,,,,,
RPP40,,,,,,,,,,,,
LYRM4,,,,,,,,,,,,
FARS2,,,,,,,,,,,,
NRN1,,,,,,,,,,,,
RREB1,,,,,,,,,,,,
SSR1,,,,,,,,,,,,
RIOK1,,,,,,,,,,,,
DSP,,,,,,,,,,,,
SNRNP48,,,,,,,,,,,,
BMP6,,,,,,,,,,,,
TXNDC5,,,,,,,,,,,,
BLOC1S5,,,,,,,,,,,,
EEF1E1,-0.47957833057044036,-0.0899465259898294,-0.28476242828013487,,,,,,,,,
SLC35B3,,,,,,,,,,,,
TFAP2A,,,,,,,,,,,,
PAK1IP1,,,,-0.9710555121274036,-0.2155083291034142,-0.5932819206154089,,,,,,
TMEM14C,,,,,,,,,,,,
TMEM14B,,,,,,,,,,,,
MAK,,,,,,,,,,,,
SYCP2L,,,,,,,,,,,,
ELOVL2,,,,,,,,,,,,
SMIM13,,,,,,,,,,,,
TMEM170B,,,,,,,,,,,,
HIVEP1,,,,,,,,,,,,
PHACTR1,,,,,,,,,,,,
TBC1D7,,,,,,,,,,,,
GFOD1,,,,,,,,,,,,
SIRT5,,,,,,,,,,,,
NOL7,,,,,,,,,,,,
RANBP9,,,,-0.980303922681955,-0.2612872195338221,-0.6207955711078885,,,,,,
MCUR1,,,,,,,,,,,,
JARID2,,,,,,,,,,,,
DTNBP1,,,,,,,,,,,,
MYLIP,,,,,,,,,,,,
ATXN1,,,,,,,,,,,,
CAP2,,,,,,,,,,,,
FAM8A1,,,,,,,,,,,,
NUP153,,,,,,,,,,,,
KIF13A,,,,-0.9017969616278088,-0.1516083925587259,-0.5267026770932673,,,,,,
TPMT,,,,,,,,,,,,
KDM1B,,,,,,,,,,,,
DEK,,,,,,,,,,,,
ID4,,,,-0.9543657741047041,-0.18824767261089234,-0.5713067233577982,,,,,,
MBOAT1,,,,,,,,,,,,
E2F3,,,,,,,,,,,,
CDKAL1,,,,,,,,,,,,
SOX4,,,,,,,,,,,,
MRS2,,,,,,,,,,,,
ALDH5A1,,,,,,,,,,,,
TDP2,,,,,,,,,,,,
ACOT13,,,,,,,,,,,,
C6orf62,,,,,,,,,,,,
GMNN,,,,,,,,,,,,
RIPOR2,-0.1269386242428442,-0.03598774939944203,-0.0814631868211431,-0.5433765301943227,-0.5433765301943227,-0.5433765301943227,,,,-0.14998023962954726,-0.03416146251689362,-0.09207085107322044
CARMIL1,,,,,,,,,,,,
BTN3A2,-0.18320544088853216,-0.03172084198691232,-0.10746314143772225,-0.973878121670504,-0.24543486058368752,-0.6096564911270957,,,,,,
BTN2A1,,,,,,,,,,,,
HMGN4,,,,,,,,,,,,
ABT1,,,,-0.98082045571866,-0.27666256895818003,-0.62874151233842,,,,,,
ZNF322,,,,,,,,,,,,
ZNF391,,,,,,,,,,,,
ZKSCAN8,,,,,,,,,,,,
ZSCAN26,,,,,,,,,,,,
PGBD1,,,,,,,,,,,,
ZSCAN12,,,,,,,,,,,,
TRIM27,,,,,,,,,,,,
GABBR1,,,,,,,,,,,,
HLA-A,,,,,,,,,,,,
POLR1H,,,,,,,,,,,,
PPP1R11,,,,,,,,,,,,
TRIM26,,,,,,,,,,,,
RPP21,-0.5579213549973651,-0.14858873348899015,-0.3532550442431776,,,,,,,,,
HLA-E,,,,,,,,,,,,
GNL1,,,,,,,,,,,,
PRR3,,,,-0.7911863245858639,-0.7911863245858639,-0.7911863245858639,,,,,,
ABCF1,,,,,,,,,,,,
PPP1R10,,,,,,,,,,,,
MRPS18B,,,,,,,,,,,,
ATAT1,,,,,,,,,,,,
C6orf136,,,,,,,,,,,,
DHX16,,,,,,,,,,,,
NRM,,,,,,,,,,,,
MDC1,,,,,,,,,,,,
TUBB,,,,,,,,,,,,
FLOT1,,,,,,,,,,,,
GTF2H4,,,,,,,,,,,,
VARS2,,,,,,,,,,,,
CCHCR1,,,,,,,,,,,,
TCF19,,,,,,,,,,,,
HLA-C,,,,,,,,,,,,
HLA-B,,,,,,,,,,,,
MICA,,,,,,,-0.39703285309854996,-0.08296004593564284,-0.2399964495170964,,,
DDX39B,,,,,,,,,,,,
NFKBIL1,,,,,,,,,,,,
PRRC2A,,,,,,,,,,,,
BAG6,,,,,,,,,,,,
C6orf47,,,,-0.6200936808599317,-0.6200936808599317,-0.6200936808599317,,,,,,
GPANK1,,,,,,,,,,,,
CSNK2B,-0.37995750527334377,-0.05821238421033939,-0.2190849447418416,,,,,,,,,
ABHD16A,,,,,,,,,,,,
DDAH2,,,,-0.75394685719965,-0.75394685719965,-0.75394685719965,,,,,,
CLIC1,,,,,,,,,,,,
MSH5,,,,,,,,,,,,
VARS1,,,,,,,,,,,,
LSM2,,,,,,,,,,,,
HSPA1B,,,,,,,,,,,,
NEU1,,,,,,,,,,,,
EHMT2,,,,,,,,,,,,
C2,,,,,,,,,,,,
NELFE,,,,,,,,,,,,
SKIC2,,,,,,,,,,,,
DXO,,,,,,,,,,-0.4023583250913808,-0.06547365791056034,-0.2339159915009706
STK19,-0.35860757523378434,-0.05341655223113988,-0.20601206373246211,,,,,,,,,
ATF6B,,,,,,,,,,,,
FKBPL,,,,,,,,,,,,
PPT2,,,,,,,,,,,,
AGPAT1,,,,,,,,,,,,
RNF5,-0.31950759287991715,-0.025318184174366147,-0.17241288852714165,,,,,,,-0.4546148842066914,-0.056329244280267254,-0.25547206424347935
PBX2,,,,,,,,,,,,
HLA-DRB1,,,,-0.7145736420445182,-0.7145736420445182,-0.7145736420445182,,,,,,
TAP2,,,,,,,,,,,,
BRD2,,,,,,,,,,,,
RXRB,,,,,,,,,,,,
SLC39A7,,,,,,,,,,,,
HSD17B8,,,,,,,,,,,,
RING1,,,,,,,,,,,,
VPS52,,,,,,,,,,,,
RPS18,-0.9843806142422609,-0.33478851336746673,-0.6595845638048639,-0.9842900111647161,-0.180807397946087,-0.5825487045554015,,,,,,
WDR46,,,,,,,,,,,,
PFDN6,-0.2892114887314302,-0.02569761093799294,-0.15745454983471158,-0.9751613212679957,-0.19661178926210857,-0.5858865552650522,,,,,,
TAPBP,,,,,,,,,,,,
DAXX,,,,,,,,,,,,
KIFC1,,,,,,,,,,,,
CUTA,-0.4036280630204839,-0.12256772777571961,-0.26309789539810174,,,,-0.6502927101727353,-0.13334322611799934,-0.3918179681453673,,,
BAK1,,,,,,,,,,,,
ITPR3,,,,,,,,,,,,
UQCC2,-0.580526639400778,-0.1592571764959212,-0.3698919079483496,,,,,,,,,
LEMD2,,,,,,,,,,,,
HMGA1,,,,,,,,,,,,
SMIM29,,,,-0.680875803065484,-0.680875803065484,-0.680875803065484,,,,,,
NUDT3,,,,,,,,,,,,
RPS10,-0.8548935938720272,-0.16652799639268182,-0.5107107951323545,-0.962882746435355,-0.17199599835447985,-0.5674393723949174,,,,,,
ILRUN,,,,,,,,,,,,
SNRPC,-0.4964802946629769,-0.10620392701004681,-0.30134211083651186,,,,,,,,,
BLTP3A,,,,,,,,,,,,
TAF11,,,,,,,,,,,,
ANKS1A,,,,,,,,,,,,
ZNF76,,,,,,,,,,,,
PPARD,,,,,,,,,,,,
FANCE,,,,-0.7226863025583797,-0.7226863025583797,-0.7226863025583797,,,,,,
RPL10A,,,,,,,,,,,,
TEAD3,,,,,,,,,,,,
FKBP5,,,,,,,,,,,,
LHFPL5,,,,,,,,,,,,
SRPK1,,,,,,,,,,,,
MAPK14,,,,,,,,,,,,
BRPF3,,,,,,,,,,,,
KCTD20,,,,,,,,,,,,
STK38,,,,,,,,,,,,
SRSF3,,,,,,,,,,,,
CDKN1A,,,,,,,,,,,,
PPIL1,,,,,,,,,,,,
C6orf89,,,,,,,,,,,,
MTCH1,,,,,,,,,,,,
TBC1D22B,,,,,,,,,,,,
RNF8,,,,,,,,,,,,
CMTR1,,,,,,,,,,,,
CCDC167,,,,,,,,,,,,
ZFAND3,,,,,,,,,,,,
BTBD9,,,,,,,,,,,,
GLO1,,,,,,,,,,,,
SAYSD1,,,,-0.7362736879619954,-0.7362736879619954,-0.7362736879619954,,,,,,
DAAM2,,,,,,,,,,,,
OARD1,,,,,,,,,,,,
NFYA,,,,,,,,,,,,
FOXP4,,,,,,,,,,,,
TOMM6,-0.5289079328352894,-0.12133028793700557,-0.3251191103861475,,,,,,,,,
USP49,,,,,,,,,,,,
MED20,,,,,,,,,,,,
BYSL,,,,,,,,,,,,
CCND3,,,,,,,,,,,,
TAF8,,,,,,,,,,,,
MRPS10,,,,,,,,,,,,
TRERF1,,,,,,,,,,,,
UBR2,,,,,,,,,,,,
TBCC,,,,,,,,,,,,
BICRAL,,,,-0.9840302393886025,-0.29312583669284514,-0.6385780380407238,,,,,,
RPL7L1,,,,,,,,,,,,
CNPY3,,,,,,,,,,,,
PEX6,,,,,,,,,,,,
PPP2R5D,,,,,,,,,,,,
MEA1,-0.6857389327088236,-0.16834480452246134,-0.4270418686156425,,,,,,,,,
KLHDC3,,,,,,,,,,,,
RRP36,,,,,,,,,,,,
KLC4,,,,,,,,,,,,
MRPL2,-0.3428920325735784,-0.0925708558252651,-0.21773144419942175,,,,,,,-0.627377000522363,-0.09589698858301779,-0.3616369945526904
PTK7,,,,,,,,,,,,
SRF,,,,,,,,,,,,
DNPH1,-0.4160317688657077,-0.049677417744526074,-0.23285459330511687,-0.9833243259494633,-0.24075457274818174,-0.6120394493488225,,,,,,
ZNF318,,,,,,,,,,,,
ABCC10,,,,,,,,,,,,
TJAP1,,,,,,,,,,,,
POLR1C,,,,,,,,,,,,
YIPF3,,,,,,,,,,,,
XPO5,,,,,,,,,,,,
POLH,,,,,,,,,,,,
GTPBP2,,,,,,,,,,,,
MAD2L1BP,,,,,,,,,,,,
MRPS18A,,,,,,,,,,,,
VEGFA,,,,,,,,,,,,
MRPL14,-0.49454968737108046,-0.11388653168316969,-0.3042181095271251,-0.9802382342262552,-0.211832672951563,-0.5960354535889091,,,,,,
TMEM63B,,,,,,,,,,,,
SLC29A1,,,,,,,,,,,,
HSP90AB1,,,,,,,,,,,,
SLC35B2,,,,,,,,,,,,
AARS2,,,,,,,,,,,,
CDC5L,,,,,,,,,,,,
SUPT3H,,,,,,,,,,,,
RUNX2,,,,,,,,,,,,
CYP39A1,,,,,,,,,,,,
SLC25A27,,,,,,,,,,,,
TNFRSF21,,,,,,,,,,,,
CD2AP,,,,,,,,,,,,
MMUT,,,,,,,,,,,,
CENPQ,,,,,,,,,,,,
MCM3,,,,,,,,,,,,
PAQR8,-0.12997892665965022,-0.03326108086726872,-0.08162000376345947,-0.5555654946343005,-0.5555654946343005,-0.5555654946343005,,,,-0.2430996908250585,-0.0696897842907427,-0.1563947375579006
EFHC1,,,,,,,,,,,,
TRAM2,,,,,,,,,,,,
TMEM14A,,,,,,,,,,,,
GSTA4,,,,,,,,,,,,
CILK1,,,,,,,,,,,,
FBXO9,,,,,,,,,,,,
ELOVL5,,,,,,,,,,,,
GCLC,,,,-0.9748075824560489,-0.2909745893692298,-0.6328910859126393,,,,,,
LRRC1,,,,,,,,,,,,
DST,,,,,,,,,,,,
KIAA1586,,,,,,,,,,,,
ZNF451,,,,,,,,,,,,
BAG2,,,,,,,,,,,,
RAB23,,,,,,,,,,,,
PRIM2,,,,,,,,,,,,
PHF3,,,,,,,,,,,,
EYS,-0.13397219040143274,-0.05419118215517794,-0.09408168627830533,-0.9491113401388083,-0.18070331072498724,-0.5649073254318977,-0.2105312584552932,-0.033037175077649014,-0.12178421676647111,-0.2808922314494149,-0.07625957985117857,-0.17857590565029674
ADGRB3,,,,,,,,,,,,
LMBRD1,,,,,,,,,,,,
COL19A1,,,,,,,,,,,,
FAM135A,,,,,,,,,,,,
SDHAF4,,,,,,,,,,,,
SMAP1,,,,,,,,,,,,
B3GAT2,,,,,,,,,,,,
OGFRL1,,,,,,,,,,,,
KCNQ5,,,,,,,,,,,,
KHDC1,,,,-0.619800392309136,-0.619800392309136,-0.619800392309136,,,,,,
OOEP,,,,,,,,,,,,
MTO1,,,,,,,,,,,,
EEF1A1,,,,-0.9687127880445369,-0.21743165243265475,-0.5930722202385958,,,,,,
SLC17A5,,,,,,,,,,,,
COX7A2,,,,,,,,,,,,
TMEM30A,,,,,,,,,,,,
SENP6,,,,,,,,,,,,
MYO6,,,,,,,,,,,,
IRAK1BP1,,,,,,,,,,,,
PHIP,,,,,,,,,,,,
HMGN3,,,,,,,,,,,,
LCA5,,,,,,,,,,,,
SH3BGRL2,,,,,,,,,,,,
ELOVL4,,,,,,,,,,,,
TTK,,,,,,,,,,,,
BCKDHB,,,,,,,,,,,,
TENT5A,,,,,,,,,,,,
IBTK,,,,,,,,,,,,
TPBG,,,,-0.32550076777379505,-0.32550076777379505,-0.32550076777379505,,,,,,
UBE3D,,,,,,,,,,,,
DOP1A,,,,,,,,,,,,
PGM3,,,,,,,,,,,,
ME1,,,,,,,,,,,,
CYB5R4,,,,,,,,,,,,
CEP162,,,,,,,,,,,,
TBX18,,,,,,,,,,,,
SNX14,,,,,,,,,,,,
SYNCRIP,,,,,,,,,,,,
ZNF292,,,,,,,,,,,,
SMIM8,,,,,,,,,,,,
SLC35A1,,,,,,,,,,,,
RARS2,,,,,,,,,,,,
ORC3,,,,,,,,,,,,
AKIRIN2,,,,,,,,,,,,
RNGTT,,,,,,,,,,,,
PNRC1,,,,,,,,,,,,
SRSF12,,,,,,,,,,,,
PM20D2,,,,,,,,,,,,
UBE2J1,,,,,,,,,,,,
RRAGD,,,,,,,,,,,,
ANKRD6,,,,,,,,,,,,
LYRM2,,,,,,,,,,,,
MDN1,,,,,,,,,,,,
CASP8AP2,,,,,,,,,,,,
BACH2,,,,,,,,,,,,
MAP3K7,,,,,,,,,,,,
EPHA7,,,,,,,,,,,,
MANEA,,,,,,,,,,,,
UFL1,,,,,,,,,,,,
GPR63,,,,,,,,,,,,
NDUFAF4,,,,,,,,,,,,
MMS22L,,,,,,,,,,,,
POU3F2,,,,,,,,,,,,
FBXL4,,,,,,,,,,,,
FAXC,,,,,,,,,,,,
COQ3,,,,,,,,,,,,
PNISR,,,,,,,,,,,,
USP45,,,,,,,,,,,,
TSTD3,,,,,,,,,,,,
CCNC,,,,,,,,,,,,
ASCC3,,,,,,,,,,,,
HACE1,,,,,,,,,,,,
LIN28B,,,,,,,,,,,,
POPDC3,,,,-0.6563907082704497,-0.6563907082704497,-0.6563907082704497,,,,,,
PREP,,,,,,,,,,,,
ATG5,,,,,,,,,,,,
RTN4IP1,,,,,,,,,,,,
QRSL1,,,,,,,,,,,,
MTRES1,,,,,,,,,,,,
BEND3,,,,,,,,,,,,
PDSS2,,,,,,,,,,,,
SOBP,,,,,,,,,,,,
SEC63,,,,,,,,,,,,
OSTM1,,,,,,,,,,,,
SNX3,,,,-0.9738349592620492,-0.18548313881944667,-0.5796590490407479,,,,,,
AFG1L,,,,,,,,,,,,
FOXO3,,,,,,,,,,,,
ARMC2,,,,,,,,,,,,
SESN1,,,,,,,,,,,,
CEP57L1,,,,,,,,,,,,
CD164,,,,,,,,,,,,
PPIL6,,,,-0.6432717956190458,-0.6432717956190458,-0.6432717956190458,,,,,,
ZBTB24,,,,,,,,,,,,
FIG4,,,,-0.5662819308480754,-0.5662819308480754,-0.5662819308480754,,,,,,
WASF1,,,,,,,,,,,,
CDC40,,,,,,,,,,,,
SLC22A16,-0.11907047112936604,-0.03474530739241257,-0.0769078892608893,-0.9812006484469139,-0.3208060881330281,-0.651003368289971,,,,-0.17371357644687302,-0.062035958717760346,-0.11787476758231669
CDK19,,,,,,,,,,,,
AMD1,,,,,,,,,,,,
GTF3C6,,,,,,,,,,,,
RPF2,-0.4245715224516377,-0.09918884271699667,-0.26188018258431717,,,,,,,,,
SLC16A10,,,,,,,,,,,,
MFSD4B,,,,,,,,,,,,
REV3L,,,,,,,,,,,,
TRAF3IP2,,,,,,,,,,,,
FYN,,,,,,,,,,,,
TUBE1,,,,,,,,,,,,
FAM229B,,,,-0.986404718026666,-0.34479975438331284,-0.6656022362049894,,,,,,
LAMA4,,,,,,,,,,,,
MARCKS,,,,,,,,,,,,
HDAC2,,,,,,,,,,,,
NT5DC1,,,,,,,,,,,,
TSPYL4,,,,,,,,,,,,
DSE,,,,,,,,,,,,
TSPYL1,,,,,,,,,,,,
RWDD1,,,,,,,,,,,,
ZUP1,,,,,,,,,,,,
KPNA5,,,,,,,,,,,,
DCBLD1,,,,,,,,,,,,
GOPC,,,,,,,,,,,,
NUS1,,,,,,,,,,,,
SLC35F1,,,,,,,,,,,,
CEP85L,,,,,,,,,,,,
MCM9,,,,,,,,,,,,
ASF1A,,,,,,,,,,,,
FAM184A,,,,,,,,,,,,
MAN1A1,,,,,,,,,,,,
TBC1D32,,,,,,,,,,,,
GJA1,,,,,,,,,,,,
HSF2,,,,,,,,,,,,
SERINC1,,,,,,,,,,,,
PKIB,,,,,,,,,,,,
NKAIN2,,,,,,,-0.5963569873798629,-0.0670686547595585,-0.3317128210697107,,,
RNF217,,,,,,,,,,,,
TPD52L1,,,,,,,,,,,,
HDDC2,-0.4887814856373126,-0.08376544784740063,-0.2862734667423566,,,,,,,,,
HEY2,,,,,,,,,,,,
NCOA7,,,,,,,,,,,,
HINT3,,,,,,,,,,,,
TRMT11,,,,,,,,,,,,
CENPW,-0.5819120745295846,-0.11112826237009603,-0.3465201684498403,,,,-0.9154672731891466,-0.09951954152468327,-0.507493407356915,,,
RNF146,,,,,,,,,,,,
ECHDC1,,,,,,,,,,,,
PTPRK,,,,,,,,,,,,
LAMA2,-0.10213094070913495,-0.010423178901793366,-0.05627705980546416,,,,-0.3761474854174944,-0.010617769597525337,-0.19338262750750987,-0.13382141586109186,-0.002907830942941577,-0.06836462340201672
ARHGAP18,,,,,,,,,,,,
L3MBTL3,,,,,,,,,,,,
EPB41L2,,,,,,,,,,,,
AKAP7,,,,-0.9758224140615359,-0.2824991881314691,-0.6291608010965025,,,,,,
MED23,,,,,,,,,,,,
ENPP1,,,,,,,,,,,,
MOXD1,,,,,,,,,,,,
STX7,,,,,,,,,,,,
SLC18B1,,,,,,,,,,,,
RPS12,,,,,,,,,,,,
EYA4,,,,,,,,,,,,
TBPL1,,,,,,,,,,,,
HBS1L,,,,,,,,,,,,
AHI1,,,,,,,,,,,,
MTFR2,,,,-0.7021620582124704,-0.7021620582124704,-0.7021620582124704,,,,,,
BCLAF1,,,,,,,,,,,,
MAP7,,,,,,,,,,,,
MAP3K5,,,,,,,,,,,,
PEX7,,,,,,,,,,,,
IFNGR1,,,,,,,,,,,,
PERP,,,,,,,,,,,,
ARFGEF3,,,,,,,,,,,,
HEBP2,,,,,,,,,,,,
NHSL1,,,,,,,,,,,,
CCDC28A,,,,,,,,,,,,
REPS1,,,,,,,,,,,,
ABRACL,,,,,,,,,,,,
HECA,,,,,,,,,,,,
CITED2,,,,,,,,,,,,
VTA1,,,,,,,,,,,,
HIVEP2,,,,,,,,,,,,
AIG1,,,,,,,,,,,,
ADAT2,,,,,,,,,,,,
PEX3,,,,,,,,,,,,
FUCA2,,,,,,,,,,,,
PHACTR2,,,,,,,,,,,,
LTV1,,,,,,,,,,,,
PLAGL1,,,,,,,,,,,,
SF3B5,,,,,,,,,,,,
UTRN,,,,,,,,,,,,
EPM2A,,,,,,,,,,,,
FBXO30,,,,,,,,,,,,
SHPRH,,,,,,,,,,,,
RAB32,,,,,,,,,,,,
STXBP5,,,,,,,,,,,,
SAMD5,,,,,,,,,,,,
SASH1,,,,,,,,,,,,
UST,,,,,,,,,,,,
TAB2,,,,,,,,,,,,
PPIL4,,,,,,,,,,,,
GINM1,,,,,,,,,,,,
KATNA1,,,,,,,,,,,,
LATS1,,,,,,,,,,,,
NUP43,,,,,,,,,,,,
PCMT1,,,,,,,,,,,,
LRP11,,,,,,,,,,,,
ULBP3,,,,,,,,,,,,
PPP1R14C,,,,,,,,,,,,
PLEKHG1,,,,-0.9856115037401469,-0.2931942950590911,-0.639402899399619,,,,,,
MTHFD1L,,,,,,,,,,,,
AKAP12,,,,,,,,,,,,
ZBTB2,,,,,,,,,,,,
RMND1,,,,,,,,,,,,
ARMT1,,,,,,,,,,,,
SYNE1,-0.16422518728406724,-0.03914069738442462,-0.10168294233424593,-0.9426121479286569,-0.23944143630121567,-0.5910267921149363,,,,-0.1908913891474161,-0.04969366345447775,-0.12029252630094693
FBXO5,,,,,,,,,,,,
MTRF1L,,,,,,,,,,,,
RGS17,,,,,,,,,,,,
CNKSR3,,,,,,,,,,,,
SCAF8,,,,,,,,,,,,
TIAM2,,,,,,,,,,,,
TFB1M,,,,,,,,,,,,
ARID1B,,,,,,,,,,,,
TMEM242,,,,,,,,,,,,
ZDHHC14,,,,,,,,,,,,
SNX9,,,,,,,,,,,,
SYNJ2,,,,,,,,,,,,
SERAC1,,,,,,,,,,,,
GTF2H5,,,,,,,,,,,,
TULP4,,,,,,,,,,,,
TMEM181,,,,,,,,,,,,
DYNLT1,-0.8092197281552657,-0.1397009338370672,-0.4744603309961664,,,,,,,,,
SYTL3,,,,-0.9729506732144994,-0.33783774824740426,-0.6553942107309518,,,,-0.15012657738819976,-0.056594569135799286,-0.10336057326199952
EZR,,,,,,,,,,,,
RSPH3,,,,,,,,,,,,
SOD2,,,,-0.9815914702814964,-0.2677201715095016,-0.624655820895499,,,,,,
WTAP,,,,,,,,,,,,
ACAT2,,,,,,,,,,,,
TCP1,,,,,,,,,,,,
MRPL18,,,,,,,,,,,,
IGF2R,,,,,,,,,,,,
MAP3K4,,,,,,,,,,,,
AGPAT4,,,,,,,,,,,,
PRKN,,,,,,,,,,,,
QKI,,,,,,,,,,,,
PDE10A,,,,,,,,,,,,
SFT2D1,,,,,,,,,,,,
MPC1,,,,,,,,,,,,
RPS6KA2,,,,,,,,,,,,
RNASET2,,,,,,,,,,,,
CEP43,,,,,,,,,,,,
AFDN,,,,,,,,,,,,
WDR27,,,,,,,,,,,,
C6orf120,,,,,,,,,,,,
PHF10,,,,,,,,,,,,
ERMARD,,,,,,,,,,,,
FAM120B,,,,,,,,,,,,
PSMB1,-0.5441153582668937,-0.09649804567923226,-0.320306701973063,,,,,,,,,
TBP,-0.2734707851402322,-0.06465617206160022,-0.16906347860091622,,,,,,,,,
PDCD2,,,,,,,,,,,,
PRKAR1B,,,,,,,,,,,,
DNAAF5,,,,,,,,,,,,
SUN1,,,,,,,,,,,,
COX19,,,,,,,,,,,,
C7orf50,,,,,,,,,,,,
ZFAND2A,,,,,,,,,,,,
INTS1,,,,,,,,,,,,
PSMG3,,,,,,,,,,,,
MAD1L1,,,,,,,,,,,,
MRM2,,,,,,,,,,,,
NUDT1,,,,,,,,,,,,
SNX8,,,,,,,,,,,,
EIF3B,,,,,,,,,,,,
CHST12,-0.1676521926778549,-0.014911579039417979,-0.09128188585863643,-0.9604344250655085,-0.27264035019250027,-0.6165373876290043,,,,,,
BRAT1,,,,,,,,,,,,
IQCE,,,,,,,,,,,,
TTYH3,,,,,,,,,,,,
GNA12,,,,,,,,,,,,
SDK1,,,,,,,,,,,,
FOXK1,,,,,,,,,,,,
AP5Z1,,,,,,,,,,,,
RADIL,,,,,,,,,,,,
RBAK,,,,,,,,,,,,
WIPI2,,,,,,,,,,,,
SLC29A4,,,,,,,,,,,,
TNRC18,,,,,,,,,,,,
FBXL18,,,,,,,,,,,,
ACTB,,,,,,,,,,,,
FSCN1,,,,,,,,,,,,
RNF216,,,,-0.9793902832136854,-0.2234581519572057,-0.6014242175854455,,,,,,
CCZ1,,,,,,,,,,,,
PMS2,,,,,,,,,,,,
AIMP2,-0.38357189737912295,-0.03768555677209465,-0.2106287270756088,,,,,,,,,
EIF2AK1,,,,,,,,,,,,
USP42,,,,,,,,,,,,
CYTH3,,,,,,,,,,,,
RAC1,-0.41616198818454475,-0.1260268259086555,-0.27109440704660015,,,,,,,,,
DAGLB,,,,,,,,,,,,
KDELR2,,,,,,,,,,,,
ZDHHC4,,,,,,,,,,,,
INTS15,,,,,,,,,,,,
ZNF316,,,,-0.9524730872897239,-0.09139455109060678,-0.5219338191901653,,,,,,
ZNF12,,,,,,,,,,,,
CCZ1B,,,,,,,,,,,,
C1GALT1,,,,,,,,,,,,
MIOS,,,,-0.9844205856953249,-0.3544715116911395,-0.6694460486932322,,,,,,
RPA3,-0.8295500825977542,-0.22207922725375803,-0.5258146549257561,,,,,,,,,
UMAD1,,,,,,,,,,,,
GLCCI1,,,,,,,,,,,,
NXPH1,-0.09959623793837527,-0.0389840282504895,-0.06929013309443238,-0.933626558448094,-0.26609778138414314,-0.5998621699161185,,,,-0.15796167999524688,-0.028178309798539105,-0.093069994896893
NDUFA4,-0.4064685207520175,-0.07831354550801359,-0.24239103313001553,,,,,,,,,
PHF14,,,,,,,,,,,,
TMEM106B,,,,-0.9843095229506895,-0.27185189801756976,-0.6280807104841296,,,,,,
VWDE,,,,,,,,,,,,
ARL4A,,,,,,,,,,,,
DGKB,-0.13014743920142904,-0.057980970967705325,-0.09406420508456718,-0.9491667142560057,-0.23167452244703562,-0.5904206183515207,,,,-0.2377978240693539,-0.08184082899083119,-0.15981932653009254
CRPPA,,,,,,,,,,,,
ANKMY2,,,,,,,,,,,,
BZW2,,,,,,,,,,,,
TSPAN13,,,,,,,,,,,,
AHR,,,,-0.9493670162889871,-0.14600835922248803,-0.5476876877557376,,,,,,
SNX13,,,,,,,,,,,,
HDAC9,,,,,,,,,,,,
TWIST1,,,,,,,,,,,,
POLR1F,,,,,,,,,,,,
SP4,,,,,,,,,,,,
DNAH11,,,,,,,,,,,,
CDCA7L,,,,,,,,,,,,
RAPGEF5,,,,,,,,,,,,
STEAP1B,-0.11716958843515707,-0.03409164215061036,-0.07563061529288372,-0.9591031395277138,-0.2383173840176437,-0.5987102617726787,,,,-0.1637261378519354,-0.03741673084010568,-0.10057143434602055
TOMM7,,,,,,,,,,,,
HYCC1,,,,,,,,,,,,
KLHL7,,,,-0.978725306492627,-0.23236271629911334,-0.6055440113958702,,,,,,
NUP42,,,,,,,,,,,,
MALSU1,,,,,,,,,,,,
IGF2BP3,,,,,,,,,,,,
TRA2A,,,,,,,,,,,,
CCDC126,,,,,,,,,,,,
PALS2,,,,,,,,,,,,
OSBPL3,,,,,,,,,,,,
CYCS,-0.4211021730903487,-0.04866504695798102,-0.23488361002416486,,,,,,,,,
C7orf31,,,,,,,,,,,,
NFE2L3,,,,,,,,,,,,
HNRNPA2B1,,,,,,,,,,,,
CBX3,,,,,,,,,,,,
SNX10,,,,,,,,,,,,
SKAP2,,,,,,,,,,,,
HOXA3,,,,,,,,,,,,
HOXA5,,,,,,,,,,,,
HOXA7,,,,,,,,,,,,
HOXA9,,,,,,,,,,,,
HOXA10,,,,,,,,,,,,
HOXA11,,,,,,,,,,,,
HOXA13,,,,,,,,,,,,
HIBADH,,,,,,,,,,,,
TAX1BP1,,,,,,,,,,,,
JAZF1,,,,,,,,,,,,
CREB5,,,,,,,,,,,,
CPVL,,,,,,,,,,,,
CHN2,,,,,,,,,,,,
WIPF3,,,,-0.5582715848910855,-0.5582715848910855,-0.5582715848910855,,,,,,
SCRN1,,,,,,,,,,,,
FKBP14,,,,,,,,,,,,
PLEKHA8,,,,,,,,,,,,
MTURN,,,,,,,,,,,,
ZNRF2,,,,,,,,,,,,
NOD1,,,,,,,,,,,,
GGCT,-0.9650836984676517,-0.2785468177495378,-0.6218152581085947,,,,,,,,,
GARS1,,,,,,,,,,,,
MINDY4,,,,,,,,,,,,
LSM5,,,,,,,,,,,,
AVL9,,,,,,,,,,,,
KBTBD2,,,,,,,,,,,,
FKBP9,,,,,,,,,,,,
NT5C3A,,,,,,,,,,,,
RP9,,,,,,,,,,,,
BBS9,,,,,,,,,,,,
BMPER,,,,,,,,,,,,
DPY19L1,,,,,,,,,,,,
TBX20,,,,,,,,,,,,
HERPUD2,,,,,,,,,,,,
SEPTIN7,,,,,,,,,,,,
EEPD1,,,,,,,,,,,,
MATCAP2,,,,,,,,,,,,
ANLN,,,,,,,,,,,,
ELMO1,,,,,,,,,,,,
STARD3NL,,,,,,,,,,,,
AMPH,,,,,,,,,,,,
VPS41,,,,,,,,,,,,
POU6F2,,,,,,,,,,,,
YAE1,,,,,,,,,,,,
RALA,,,,,,,,,,,,
CDK13,,,,,,,,,,,,
MPLKIP,,,,,,,,,,,,
SUGCT,,,,,,,,,,,,
GLI3,,,,,,,,,,,,
C7orf25,,,,,,,,,,,,
PSMA2,,,,,,,,,,,,
MRPL32,,,,,,,,,,,,
STK17A,,,,,,,,,,,,
COA1,,,,,,,,,,,,
BLVRA,,,,,,,,,,,,
MRPS24,-0.675171676240634,-0.1124132397762143,-0.39379245800842416,,,,,,,,,
URGCP,,,,,,,,,,,,
UBE2D4,,,,,,,,,,,,
DBNL,,,,,,,,,,,,
POLM,,,,,,,,,,,,
POLD2,,,,,,,,,,,,
YKT6,,,,,,,,,,,,
NUDCD3,,,,,,,,,,,,
DDX56,,,,,,,,,,,,
TMED4,,,,,,,,,,,,
OGDH,,,,,,,,,,,,
ZMIZ2,,,,,,,,,,,,
PPIA,-0.3383841601046839,-0.02051958322175934,-0.17945187166322163,,,,,,,,,
PURB,,,,,,,,,,,,
CCM2,,,,,,,,,,,,
TBRG4,,,,,,,,,,,,
ADCY1,,,,,,,,,,,,
TNS3,,,,,,,,,,,,
HUS1,,,,,,,,,,,,
UPP1,,,,,,,,,,,,
FIGNL1,,,,,,,,,,,,
GRB10,,,,,,,,,,,,
COBL,,,,,,,,,,,,
SEC61G,,,,,,,,,,,,
EGFR,,,,,,,,,,,,
LANCL2,,,,,,,,,,,,
VOPP1,,,,,,,,,,,,
ZNF713,,,,,,,,,,,,
NIPSNAP2,,,,,,,,,,,,
MRPS17,,,,,,,,,,,,
PSPH,,,,,,,,,,,,
CCT6A,,,,,,,,,,,,
SUMF2,,,,,,,,,,,,
PHKG1,,,,,,,,,,,,
CHCHD2,-0.767406978616316,-0.16520520289799354,-0.4663060907571548,,,,,,,,,
ZNF736,,,,,,,,,,,,
ZNF680,,,,-0.7175657145984641,-0.7175657145984641,-0.7175657145984641,,,,,,
ZNF107,,,,,,,,,,,,
ZNF138,,,,,,,,,,,,
ZNF273,,,,,,,,,,,,
ZNF92,,,,,,,,,,,,
VKORC1L1,,,,,,,,,,,,
GUSB,,,,,,,,,,,,
ASL,,,,,,,,,,,,
CRCP,,,,,,,,,,,,
TPST1,,,,,,,,,,,,
RABGEF1,,,,,,,,,,,,
TMEM248,,,,,,,,,,,,
SBDS,,,,,,,,,,,,
TYW1,,,,,,,,,,,,
AUTS2,,,,,,,,,,,,
CALN1,-0.09585143243334035,-0.01009291794497156,-0.05297217518915595,-0.9463286165546919,-0.17360104782507407,-0.559964832189883,,,,-0.23813867093418403,-0.05543006152950975,-0.1467843662318469
TYW1B,,,,,,,,,,,,
POM121,,,,,,,,,,,,
NSUN5,,,,,,,,,,,,
BAZ1B,,,,,,,,,,,,
BCL7B,,,,,,,,,,,,
TBL2,,,,,,,,,,,,
MLXIPL,,,,,,,,,,,,
DNAJC30,,,,,,,,,,,,
BUD23,,,,,,,,,,,,
ABHD11,,,,,,,,,,,,
LIMK1,,,,,,,,,,,,
EIF4H,,,,,,,,,,,,
RFC2,,,,,,,,,,,,
CLIP2,,,,,,,,,,,,
GTF2IRD1,,,,,,,,,,,,
GTF2I,,,,,,,,,,,,
CASTOR2,,,,,,,,,,,,
RCC1L,,,,,,,,,,,,
POM121C,,,,,,,,,,,,
HIP1,,,,,,,,,,,,
RHBDD2,,,,,,,,,,,,
POR,,,,,,,,,,,,
TMEM120A,,,,,,,,,,,,
STYXL1,,,,,,,,,,,,
MDH2,-0.4626602909747216,-0.1236074081492142,-0.2931338495619679,,,,-0.8912462956772351,-0.17117491984441977,-0.5312106077608274,,,
HSPB1,-0.6865512518523913,-0.15582757089293783,-0.4211894113726646,,,,-0.9162220844886197,-0.20329688830878567,-0.5597594863987028,,,
YWHAG,,,,,,,,,,,,
POMZP3,,,,,,,,,,,,
PTPN12,,,,,,,,,,,,
RSBN1L,,,,,,,,,,,,
TMEM60,,,,,,,,,,,,
PHTF2,,,,,,,,,,,,
MAGI2,,,,,,,,,,,,
GNAI1,,,,,,,,,,,,
SEMA3C,,,,,,,,,,,,
CACNA2D1,,,,,,,,,,,,
PCLO,,,,,,,,,,,,
SEMA3E,,,,-0.9586487832450056,-0.20465749615880374,-0.5816531397019047,,,,-0.12302770744774426,0.02166035490799132,-0.050683676269876465
SEMA3A,,,,,,,,,,,,
SEMA3D,,,,,,,,,,,,
ELAPOR2,,,,,,,,,,,,
DMTF1,,,,,,,,,,,,
TMEM243,,,,,,,,,,,,
CROT,,,,,,,,,,,,
ABCB1,-0.12125409631214133,-0.02998565175392196,-0.07561987403303165,-0.973147598761985,-0.18997130380029179,-0.5815594512811384,,,,-0.24137590409406123,-0.0275288733284171,-0.13445238871123916
RUNDC3B,,,,,,,,,,,,
SLC25A40,,,,,,,,,,,,
DBF4,,,,,,,,,,,,
ADAM22,,,,,,,,,,,,
SRI,,,,,,,,,,,,
STEAP1,,,,,,,,,,,,
STEAP2,,,,,,,,,,,,
GTPBP10,,,,,,,,,,,,
CLDN12,,,,,,,,,,,,
CDK14,,,,,,,,,,,,
MTERF1,,,,,,,,,,,,
AKAP9,,,,,,,,,,,,
CYP51A1,,,,,,,,,,,,
KRIT1,,,,,,,,,,,,
ANKIB1,,,,,,,,,,,,
GATAD1,,,,,,,,,,,,
PEX1,,,,,,,,,,,,
RBM48,,,,,,,,,,,,
FAM133B,,,,,,,,,,,,
CDK6,,,,,,,,,,,,
VPS50,,,,,,,,,,,,
GNGT1,,,,,,,,,,,,
GNG11,,,,,,,,,,,,
BET1,,,,,,,,,,,,
CASD1,,,,,,,,,,,,
SGCE,,,,,,,,,,,,
PPP1R9A,,,,,,,,,,,,
PON2,,,,,,,,,,,,
DYNC1I1,,,,,,,,,,,,
SLC25A13,,,,,,,,,,,,
SEM1,,,,,,,,,,,,
SDHAF3,,,,,,,,,,,,
LMTK2,,,,,,,,,,,,
TECPR1,,,,,,,,,,,,
BRI3,,,,,,,,,,,,
BAIAP2L1,,,,,,,,,,,,
TRRAP,,,,,,,,,,,,
SMURF1,,,,,,,,,,,,
ARPC1A,,,,,,,,,,,,
ARPC1B,,,,,,,,,,,,
PDAP1,,,,,,,,,,,,
BUD31,,,,,,,,,,,,
PTCD1,,,,,,,,,,,,
CPSF4,,,,,,,-0.7696835347298064,-0.07246109238762123,-0.42107231355871383,,,
ATP5MF,-0.5068612286295551,-0.12729333483421545,-0.31707728173188526,,,,,,,,,
ZNF789,,,,,,,,,,,,
ZNF394,,,,,,,,,,,,
ZKSCAN5,,,,,,,,,,,,
FAM200A,,,,,,,,,,,,
ZNF655,,,,,,,,,,,,
ZSCAN25,,,,,,,,,,,,
TRIM4,,,,,,,,,,,,
ZKSCAN1,,,,,,,,,,,,
ZSCAN21,,,,,,,,,,,,
ZNF3,,,,,,,,,,,,
COPS6,,,,,,,,,,,,
MCM7,,,,,,,,,,,,
AP4M1,,,,,,,,,,,,
TAF6,,,,,,,,,,,,
LAMTOR4,,,,,,,,,,,,
PILRB,,,,,,,,,,,,
ZCWPW1,-0.2359458721821273,-0.06377120063994345,-0.14985853641103536,-0.9720520054553928,-0.3027271234475641,-0.6373895644514784,,,,,,
MEPCE,,,,,,,,,,,,
PPP1R35,,,,,,,,,,,,
TSC22D4,,,,-0.7646599693754357,-0.7646599693754357,-0.7646599693754357,,,,,,
AGFG2,,,,,,,,,,,,
GNB2,,,,,,,,,,,,
GIGYF1,,,,,,,,,,,,
POP7,,,,,,,,,,,,
ZAN,,,,-0.423644350722762,-0.423644350722762,-0.423644350722762,,,,-0.12437721715392117,-0.05693966736145145,-0.09065844225768631
EPHB4,,,,,,,,,,,,
SLC12A9,,,,,,,,,,,,
TRIP6,,,,,,,,,,,,
SRRT,,,,,,,,,,,,
UFSP1,,,,,,,-0.34447836051220193,-0.10563050382895733,-0.22505443217057963,,,
AP1S1,,,,,,,,,,,,
PLOD3,,,,,,,,,,,,
ZNHIT1,,,,,,,,,,,,
FIS1,,,,,,,,,,,,
IFT22,,,,-0.982976487266668,-0.25629729502212717,-0.6196368911443976,,,,,,
COL26A1,,,,,,,,,,,,
CUX1,,,,,,,,,,,,
PRKRIP1,,,,,,,,,,,,
ORAI2,,,,,,,,,,,,
ALKBH4,,,,,,,,,,,,
LRWD1,,,,,,,,,,,,
POLR2J,,,,,,,,,,,,
POLR2J3,,,,,,,,,,,,
UPK3BL1,,,,,,,,,,,,
FAM185A,,,,,,,,,,,,
FBXL13,,,,-0.9575131909808967,-0.21516577128434586,-0.5863394811326212,,,,,,
ARMC10,,,,,,,,,,,,
NAPEPLD,,,,,,,,,,,,
PMPCB,,,,,,,,,,,,
DNAJC2,,,,,,,,,,,,
PSMC2,,,,,,,,,,,,
RELN,,,,-0.9843343574597896,-0.33649651480348475,-0.6604154361316372,,,,-0.15291772406995177,-0.04474723060637653,-0.09883247733816415
ORC5,,,,,,,,,,,,
KMT2E,,,,,,,,,,,,
SRPK2,,,,,,,,,,,,
PUS7,,,,,,,,,,,,
RINT1,,,,,,,,,,,,
EFCAB10,,,,,,,,,,,,
ATXN7L1,,,,,,,,,,,,
CDHR3,,,,,,,,,,,,
SYPL1,,,,,,,,,,,,
NAMPT,,,,,,,,,,,,
CCDC71L,,,,,,,,,,,,
PRKAR2B,,,,,,,,,,,,
HBP1,,,,,,,,,,,,
COG5,,,,,,,,,,,,
DUS4L,,,,,,,,,,,,
BCAP29,,,,,,,,,,,,
CBLL1,,,,,,,,,,,,
SLC26A3,-0.15077532433792878,-0.059721469888758594,-0.10524839711334369,-0.9787848378173893,-0.3862032341519174,-0.6824940359846534,,,,-0.19095333374264892,-0.05348777833847405,-0.12222055604056148
DLD,,,,,,,,,,,,
LAMB1,,,,,,,,,,,,
NRCAM,,,,,,,,,,,,
PNPLA8,-0.15698917289533657,-0.02574241547625081,-0.09136579418579369,-0.9218902401660866,-0.13161931982069716,-0.5267547799933918,,,,-0.1439082917767986,-0.03609106926614929,-0.08999968052147395
THAP5,,,,,,,,,,,,
IMMP2L,,,,,,,,,,,,
DOCK4,,,,,,,,,,,,
ZNF277,,,,,,,,,,,,
IFRD1,,,,,,,,,,,,
TMEM168,,,,,,,,,,,,
BMT2,,,,,,,,,,,,
SMIM30,,,,,,,,,,,,
FOXP2,,,,,,,,,,,,
MDFIC,,,,,,,,,,,,
TES,,,,,,,,,,,,
CAV2,,,,,,,,,,,,
CAV1,,,,,,,,,,,,
MET,,,,,,,,,,,,
CAPZA2,,,,,,,,,,,,
ST7,,,,,,,,,,,,
CTTNBP2,,,,-0.9690677121525973,-0.1858634765130111,-0.5774655943328042,,,,,,
LSM8,,,,,,,,,,,,
ANKRD7,,,,,,,,,,,,
KCND2,,,,,,,,,,,,
TSPAN12,-0.21496432267156604,-0.019143739218289366,-0.1170540309449277,,,,,,,,,
ING3,,,,,,,,,,,,
FAM3C,,,,,,,,,,,,
AASS,,,,,,,,,,,,
CADPS2,,,,,,,,,,,,
NDUFA5,,,,,,,,,,,,
WASL,,,,,,,,,,,,
POT1,,,,,,,,,,,,
ZNF800,,,,,,,,,,,,
ARF5,-0.3860376725424162,-0.058282767647084635,-0.22216022009475042,,,,,,,,,
SND1,,,,,,,,,,,,
RBM28,,,,,,,,,,,,
IMPDH1,,,,,,,,,,,,
HILPDA,,,,,,,,,,,,
METTL2B,,,,,,,,,,,,
CALU,,,,,,,,,,,,
CCDC136,,,,-0.6744742387478067,-0.6744742387478067,-0.6744742387478067,,,,,,
FLNC,,,,,,,,,,,,
ATP6V1F,,,,,,,,,,,,
TNPO3,,,,,,,,,,,,
TSPAN33,,,,,,,,,,,,
SMO,,,,,,,,,,,,
AHCYL2,,,,,,,,,,,,
STRIP2,,,,,,,,,,,,
NRF1,,,,,,,,,,,,
UBE2H,,,,,,,,,,,,
ZC3HC1,,,,,,,,,,,,
KLHDC10,,,,,,,,,,,,
TMEM209,,,,,,,,,,,,
CEP41,,,,-0.9695675063036275,-0.2509509519385039,-0.6102592291210658,,,,,,
COPG2,,,,-0.9741505500442629,-0.22659325391299506,-0.600371901978629,,,,,,
MKLN1,,,,,,,,,,,,
PODXL,,,,,,,,,,,,
CHCHD3,,,,,,,,,,,,
EXOC4,,,,,,,,,,,,
SLC35B4,,,,,,,,,,,,
AKR1B1,,,,,,,,,,,,
BPGM,,,,,,,,,,,,
CALD1,,,,,,,,,,,,
AGBL3,-0.17939353102256592,-0.01747383066579172,-0.09843368084417882,-0.9774783050826888,-0.27492231523480465,-0.6262003101587468,,,,-0.2716554466061945,-0.03022453268565447,-0.15093998964592448
CYREN,,,,,,,,,,,,
WDR91,,,,,,,,,,,,
CNOT4,,,,,,,,,,,,
NUP205,,,,,,,,,,,,
STMP1,,,,,,,,,,,,
MTPN,,,,,,,,,,,,
CREB3L2,,,,,,,,,,,,
TRIM24,,,,,,,,,,,,
KIAA1549,,,,,,,,,,,,
ZC3HAV1L,,,,,,,,,,,,
ZC3HAV1,,,,-0.9865952945058855,-0.3971332362342533,-0.6918642653700694,,,,,,
TTC26,,,,,,,,,,,,
UBN2,,,,,,,,,,,,
FMC1,-0.5535234567225142,-0.07607841392649291,-0.3148009353245036,,,,,,,,,
LUC7L2,,,,,,,,,,,,
KLRG2,,,,,,,,,,,,
HIPK2,,,,,,,,,,,,
TBXAS1,,,,,,,,,,,,
KDM7A,,,,,,,,,,,,
SLC37A3,,,,,,,,,,,,
MKRN1,,,,,,,,,,,,
DENND2A,,,,,,,,,,,,
ADCK2,,,,,,,,,,,,
NDUFB2,-0.4615468991254901,-0.08788912551562668,-0.27471801232055837,,,,,,,,,
BRAF,,,,,,,,,,,,
MRPS33,,,,,,,,,,,,
TMEM178B,,,,,,,,,,,,
AGK,,,,,,,,,,,,
DENND11,,,,,,,,,,,,
SSBP1,-0.5538378156633096,-0.12663541265162237,-0.340236614157466,,,,,,,,,
GSTK1,,,,,,,,,,,,
CASP2,,,,,,,,,,,,
ZYX,,,,,,,,,,,,
TCAF1,,,,,,,,,,,,
TPK1,-0.1843379713699195,-0.04705854720428996,-0.11569825928710473,-0.9531829759572256,-0.2019744144682337,-0.5775786952127296,,,,,,
CNTNAP2,,,,-0.9788264946500556,-0.2125121914583189,-0.5956693430541873,,,,,,
CUL1,,,,,,,,,,,,
EZH2,,,,,,,,,,,,
PDIA4,,,,,,,,,,,,
ZNF786,,,,,,,,,,,,
ZNF425,,,,,,,,,,,,
ZNF398,,,,,,,,,,,,
ZNF282,,,,,,,,,,,,
ZNF212,-0.25153510654382105,-0.07248795488275996,-0.1620115307132905,,,,,,,,,
ZNF783,,,,,,,,,,,,
ZNF777,,,,,,,,,,,,
ZNF746,,,,,,,,,,,,
KRBA1,,,,,,,,,,,,
ZNF862,-0.10375485959503096,-0.026860369964826634,-0.0653076147799288,-0.975701331187254,-0.2775969054603176,-0.6266491183237858,,,,-0.17562307107595945,-0.039302978476754076,-0.10746302477635676
ATP6V0E2,,,,,,,,,,,,
LRRC61,,,,,,,,,,,,
REPIN1,,,,,,,,,,,,
ZNF775,,,,,,,,,,,,
ABCB8,,,,,,,,,,,,
CDK5,,,,,,,,,,,,
SLC4A2,,,,,,,,,,,,
FASTK,,,,,,,,,,,,
TMUB1,,,,,,,,,,,,
AGAP3,,,,,,,,,,,,
ABCF2,,,,,,,,,,,,
CHPF2,,,,,,,,,,,,
SMARCD3,,,,,,,,,,,,
NUB1,,,,-0.9766646427787654,-0.23707955667963185,-0.6068720997291986,,,,,,
RHEB,,,,,,,,,,,,
PRKAG2,,,,,,,,,,,,
GALNT11,,,,,,,,,,,,
KMT2C,,,,,,,,,,,,
XRCC2,,,,,,,,,,,,
ACTR3B,,,,,,,,,,,,
PAXIP1,,,,,,,,,,,,
INSIG1,,,,,,,,,,,,
EN2,,,,,,,,,,,,
RBM33,,,,,,,,,,,,
RNF32,,,,,,,,,,,,
LMBR1,,,,,,,,,,,,
NOM1,,,,,,,,,,,,
MNX1,,,,,,,,,,,,
UBE3C,,,,,,,,,,,,
DNAJB6,,,,,,,,,,,,
NCAPG2,,,,,,,,,,,,
ESYT2,,,,,,,,,,,,
DYNC2I1,,,,,,,,,,,,
FBXO25,,,,,,,,,,,,
ERICH1,,,,,,,,,,,,
CLN8,,,,,,,,,,-0.24926225251707795,-0.00938642015716609,-0.129324336337122
ARHGEF10,,,,,,,,,,,,
CSMD1,-0.1389166762272417,-0.028505308089987132,-0.08371099215861441,-0.5296506909316911,-0.5296506909316911,-0.5296506909316911,,,,,,
MCPH1,,,,,,,,,,,,
ANGPT2,,,,,,,,,,,,
AGPAT5,,,,,,,,,,,,
MFHAS1,,,,-0.9744371313026635,-0.22871605004051476,-0.6015765906715891,,,,,,
ERI1,,,,,,,,,,,,
TNKS,,,,,,,,,,,,
MSRA,,,,,,,,,,,,
PINX1,,,,,,,,,,,,
XKR6,,,,,,,,,,,,
MTMR9,,,,,,,,,,,,
GATA4,,,,,,,,,,,,
NEIL2,,,,,,,,,,,,
FDFT1,,,,,,,,,,,,
CTSB,,,,,,,,,,,,
LONRF1,,,,,,,,,,,,
DLC1,,,,,,,,,,,,
SGCZ,,,,,,,,,,,,
TUSC3,,,,,,,,,,,,
MICU3,,,,,,,,,,,,
ZDHHC2,,,,,,,,,,,,
CNOT7,,,,,,,,,,,,
VPS37A,,,,,,,,,,,,
SLC7A2,,,,,,,,,,,,
MTUS1,,,,,,,,,,,,
PCM1,,,,,,,,,,,,
ASAH1,,,,,,,,,,,,
PSD3,,,,,,,,,,,,
SH2D4A,,,,,,,,,,,,
INTS10,,,,,,,,,,,,
ATP6V1B2,,,,-0.738667116469927,-0.738667116469927,-0.738667116469927,,,,,,
XPO7,,,,,,,,,,,,
REEP4,,,,,,,,,,,,
POLR3D,,,,,,,,,,,,
SLC39A14,,,,,,,,,,,,
PPP3CC,,,,,,,,,,,,
SORBS3,,,,,,,,,,,,
PDLIM2,-0.39709121384887347,-0.10296063246643032,-0.2500259231576519,-0.9870057832382243,-0.23239278229283575,-0.60969928276553,,,,-0.4220811420919774,-0.09406789010041691,-0.25807451609619714
CCAR2,,,,,,,,,,,,
BIN3,,,,,,,,,,,,
TNFRSF10B,,,,,,,,,,,,
CHMP7,,,,,,,,,,,,
R3HCC1,,,,-0.7646470905711398,-0.7646470905711398,-0.7646470905711398,,,,,,
ENTPD4,,,,,,,,,,,,
SLC25A37,-0.11410514991472746,-0.03561297414305472,-0.07485906202889109,-0.9571929320345611,-0.2587535379117215,-0.6079732349731413,,,,-0.2631356141288209,-0.020913451578525488,-0.1420245328536732
NEFM,,,,-0.8911307568765714,-0.09808538752741473,-0.49460807220199304,,,,,,
NEFL,,,,-0.9578565375146606,-0.1966826297111791,-0.5772695836129198,-0.49856696692301133,-0.06276557507626146,-0.28066627099963637,,,
DOCK5,,,,,,,,,,,,
KCTD9,,,,,,,,,,,,
CDCA2,,,,,,,,,,,,
EBF2,,,,,,,,,,,,
PPP2R2A,,,,,,,,,,,,
BNIP3L,,,,,,,,,,,,
PNMA2,,,,-0.7012200509965776,-0.7012200509965776,-0.7012200509965776,,,,,,
DPYSL2,,,,,,,,,,,,
TRIM35,,,,-0.7018738956400762,-0.7018738956400762,-0.7018738956400762,,,,,,
CLU,,,,,,,,,,,,
CCDC25,,,,,,,,,,,,
ESCO2,,,,,,,,,,,,
PBK,,,,,,,,,,,,
ELP3,,,,,,,,,,,,
FBXO16,,,,,,,,,,,,
FZD3,,,,,,,,,,,,
EXTL3,,,,-0.9566661334516534,-0.22111509400327392,-0.5888906137274637,,,,,,
INTS9,,,,,,,,,,,,
HMBOX1,,,,,,,,,,,,
KIF13B,,,,,,,,,,,,
SARAF,,,,,,,,,,,,
LEPROTL1,,,,,,,,,,,,
DCTN6,,,,,,,,,,,,
RBPMS,,,,,,,,,,,,
GTF2E2,,,,,,,,,,,,
GSR,,,,,,,,,,,,
UBXN8,,,,,,,,,,,,
PPP2CB,,,,,,,,,,,,
TEX15,,,,,,,,,,,,
WRN,,,,,,,,,,,,
NRG1,,,,-0.964858634839195,-0.2648892019847634,-0.6148739184119791,-0.15889949004499596,-0.01567074168687439,-0.08728511586593517,,,
FUT10,,,,,,,,,,,,
TTI2,,,,,,,,,,,,
MAK16,,,,,,,,,,,,
ZNF703,,,,,,,,,,,,
ERLIN2,,,,,,,,,,,,
PLPBP,,,,,,,,,,,,
ADGRA2,,,,,,,,,,,,
RAB11FIP1,,,,,,,,,,,,
EIF4EBP1,,,,,,,,,,,,
ASH2L,,,,,,,,,,,,
LSM1,,,,,,,,,,,,
BAG4,,,,,,,,,,,,
DDHD2,,,,,,,,,,,,
PLPP5,,,,,,,,,,,,
NSD3,,,,,,,,,,,,
FGFR1,,,,,,,,,,,,
TACC1,,,,,,,,,,,,
TM2D2,,,,,,,,,,,,
ADAM9,,,,,,,,,,,,
SFRP1,,,,,,,,,,,,
GOLGA7,,,,,,,,,,,,
GINS4,,,,,,,,,,,,
GPAT4,,,,,,,,,,,,
KAT6A,,,,,,,,,,,,
AP3M2,,,,,,,,,,,,
PLAT,,,,-0.43193646074434755,-0.43193646074434755,-0.43193646074434755,,,,,,
IKBKB,,,,-0.9403376542582085,-0.1921526130191826,-0.5662451336386956,,,,,,
POLB,,,,,,,,,,,,
VDAC3,,,,,,,,,,,,
SLC20A2,,,,,,,,,,,,
SMIM19,,,,,,,,,,,,
THAP1,,,,,,,,,,,,
RNF170,,,,,,,,,,,,
HOOK3,,,,-0.9664004338433182,-0.2259423060882776,-0.5961713699657979,,,,,,
FNTA,,,,,,,,,,,,
POMK,,,,,,,,,,,,
HGSNAT,,,,,,,,,,,,
SPIDR,,,,,,,,,,,,
CEBPD,,,,,,,,,,-0.18299740448466306,-0.022178294020995196,-0.10258784925282913
PRKDC,,,,,,,,,,,,
MCM4,,,,,,,,,,,,
UBE2V2,-0.6406059117972479,-0.13431234308941617,-0.38745912744333205,,,,,,,,,
SNAI2,,,,,,,,,,,,
PXDNL,-0.12422857043808692,-0.01965837645680489,-0.07194347344744591,-0.9725696894777498,-0.2695795496844009,-0.6210746195810753,,,,-0.17726506154615557,-0.023917980329139884,-0.10059152093764773
PCMTD1,,,,,,,,,,,,
RB1CC1,,,,,,,,,,,,
ATP6V1H,,,,,,,,,,,,
RGS20,,,,,,,,,,,,
TCEA1,,,,-0.9817131575953054,-0.1731528974770063,-0.5774330275361559,,,,,,
LYPLA1,,,,,,,,,,,,
MRPL15,,,,-0.9796497540133018,-0.2591686509028936,-0.6194092024580977,,,,,,
TMEM68,,,,,,,,,,,,
TGS1,,,,,,,,,,,,
LYN,,,,,,,,,,,,
RPS20,,,,-0.9723180157182765,-0.14608149617594532,-0.5591997559471109,,,,,,
PLAG1,,,,,,,,,,,,
CHCHD7,,,,,,,,,,,,
BPNT2,,,,,,,,,,,,
FAM110B,,,,,,,,,,,,
UBXN2B,,,,,,,,,,,,
SDCBP,,,,,,,,,,,,
NSMAF,,,,,,,,,,,,
TOX,-0.09507298072909053,-0.010847156904139926,-0.052960068816615226,-0.9790583606533065,-0.27895246617806263,-0.6290054134156846,,,,,,
CA8,,,,,,,,,,,,
RAB2A,,,,,,,,,,,,
CHD7,,,,,,,,,,,,
ASPH,,,,,,,,,,,,
NKAIN3,,,,,,,,,,,,
GGH,,,,,,,,,,,,
YTHDF3,,,,,,,,,,,,
CYP7B1,,,,-0.9735528779732588,-0.25710204744836884,-0.6153274627108138,,,,-0.16219668698969145,-0.033782299196307104,-0.09798949309299927
ARMC1,,,,,,,,,,,,
MTFR1,,,,,,,,,,,,
PDE7A,,,,,,,,,,,,
RRS1,,,,,,,,,,,,
MYBL1,,,,,,,,,,,,
VCPIP1,,,,,,,,,,,,
SGK3,,,,,,,,,,,,
COPS5,,,,,,,,,,,,
CSPP1,,,,,,,,,,,,
ARFGEF1,,,,,,,,,,,,
PREX2,,,,,,,,,,,,
C8orf34,,,,,,,,,,,,
SLCO5A1,,,,,,,,,,,,
NCOA2,,,,,,,,,,,,
TRAM1,,,,,,,,,,,,
LACTB2,,,,-0.970260846960064,-0.17229378903524914,-0.5712773179976566,,,,,,
EYA1,,,,,,,,,,,,
KCNB2,,,,,,,,,,,,
TERF1,,,,,,,,,,,,
RPL7,-0.3230069625424451,-0.049284118255488854,-0.18614554039896697,,,,,,,,,
RDH10,,,,-0.7024104708239756,-0.7024104708239756,-0.7024104708239756,,,,,,
STAU2,,,,,,,,,,,,
UBE2W,,,,,,,,,,,,
ELOC,-0.8871642796536972,-0.23605440014593507,-0.5616093398998161,,,,-0.9140470696786279,-0.17739449842222502,-0.5457207840504265,-0.8288331230093243,-0.11374324901751233,-0.4712881860134183
TMEM70,,,,,,,,,,,,
JPH1,,,,,,,,,,,,
GDAP1,,,,,,,,,,,,
CRISPLD1,,,,,,,,,,,,
HNF4G,,,,,,,,,,,,
ZFHX4,,,,,,,,,,,,
PEX2,,,,,,,,,,,,
PKIA,,,,,,,,,,,,
ZC2HC1A,,,,,,,,,,,,
HEY1,,,,-0.7107100397054648,-0.7107100397054648,-0.7107100397054648,,,,,,
MRPS28,,,,,,,,,,,,
TPD52,,,,,,,,,,,,
ZBTB10,,,,,,,,,,,,
ZNF704,,,,,,,,,,,,
PAG1,,,,,,,,,,,,
FABP5,-0.5785443612528067,-0.14629019796777115,-0.3624172796102889,,,,,,,,,
IMPA1,,,,,,,,,,,,
ZFAND1,,,,,,,,,,,,
LRRCC1,,,,,,,,,,,,
E2F5,,,,,,,,,,,,
RBIS,-0.9848423924272698,-0.3263830850462033,-0.6556127387367365,,,,,,,,,
CA13,,,,,,,,,,,,
CA2,,,,,,,,,,,,
WWP1,,,,,,,,,,,,
RMDN1,,,,,,,,,,,,
CPNE3,,,,,,,,,,,,
MMP16,,,,,,,,,,,,
RIPK2,,,,,,,,,,,,
OSGIN2,,,,,,,,,,,,
NBN,,,,,,,,,,,,
DECR1,,,,,,,,,,,,
TMEM64,,,,,,,,,,,,
NECAB1,,,,,,,,,,,,
C8orf88,,,,,,,,,,,,
OTUD6B,,,,,,,,,,,,
LRRC69,,,,-0.9715123003152285,-0.21696604803289093,-0.5942391741740597,,,,,,
RUNX1T1,,,,,,,,,,,,
TRIQK,,,,,,,,,,,,
CIBAR1,,,,,,,,,,,,
RBM12B,,,,,,,,,,,,
TMEM67,,,,,,,,,,,,
RAD54B,,,,,,,,,,,,
VIRMA,,,,-0.9781086768866057,-0.24671646967944516,-0.6124125732830255,,,,,,
ESRP1,-0.1064147065902988,-0.029397798409019845,-0.06790625249965931,-0.5431566783765779,-0.5431566783765779,-0.5431566783765779,,,,-0.15890936023100832,-0.014740326070361312,-0.08682484315068481
DPY19L4,,,,,,,,,,,,
INTS8,,,,,,,,,,,,
CCNE2,,,,,,,,,,,,
NDUFAF6,,,,,,,,,,,,
PLEKHF2,,,,,,,,,,,,
UQCRB,-0.7195665122018252,-0.1908056285856203,-0.4551860703937228,,,,,,,,,
MTERF3,,,,,,,,,,,,
PTDSS1,,,,,,,,,,,,
SDC2,,,,,,,,,,,,
MTDH,,,,,,,,,,,,
LAPTM4B,,,,,,,,,,,,
RPL30,-0.660628712928856,-0.18037751948294503,-0.42050311620590053,,,,,,,,,
ERICH5,,,,-0.6372726169985893,-0.6372726169985893,-0.6372726169985893,,,,,,
RIDA,,,,,,,,,,,,
POP1,,,,,,,,,,,,
STK3,,,,,,,,,,,,
VPS13B,,,,,,,,,,,,
COX6C,-0.6043492186903493,-0.15664261853358422,-0.38049591861196674,,,,,,,,,
POLR2K,-0.5188839038348529,-0.15409269929881875,-0.33648830156683585,,,,,,,-0.9075540356666739,-0.19532321173638525,-0.5514386237015296
SPAG1,,,,,,,-0.6096622392675075,-0.08141031826296691,-0.3455362787652372,,,
RNF19A,,,,,,,,,,,,
ANKRD46,,,,,,,,,,,,
PABPC1,,,,,,,,,,,,
YWHAZ,,,,,,,,,,,,
ZNF706,,,,,,,,,,,,
NCALD,,,,-0.9637349145062897,-0.22448448322602127,-0.5941096988661555,,,,-0.1578154306785398,-0.051979086086380084,-0.10489725838245993
RRM2B,,,,,,,,,,,,
UBR5,,,,,,,,,,,,
AZIN1,,,,,,,,,,,,
ATP6V1C1,,,,,,,,,,,,
FZD6,,,,,,,,,,,,
SLC25A32,,,,,,,,,,,,
DCAF13,-0.3337960640747556,-0.02649736789399465,-0.18014671598437512,,,,,,,,,
RIMS2,,,,,,,,,,,,
LRP12,,,,,,,,,,,,
ZFPM2,,,,-0.9411469131821201,-0.15803114311577707,-0.5495890281489486,,,,,,
OXR1,,,,,,,,,,,,
EIF3E,,,,,,,,,,,,
EMC2,,,,,,,,,,,,
NUDCD1,,,,,,,,,,,,
ENY2,-0.4232950353122144,-0.0880703353392848,-0.2556826853257496,,,,,,,,,
EBAG9,,,,,,,,,,,,
SYBU,,,,,,,,,,,,
CSMD3,-0.11039397000432964,-0.028049502605331508,-0.06922173630483057,-0.9785273103808116,-0.3125645228577342,-0.645545916619273,,,,-0.219033040499293,-0.027559467455554085,-0.12329625397742355
TRPS1,,,,,,,,,,,,
EIF3H,,,,,,,,,,,,
UTP23,,,,,,,,,,,,
RAD21,,,,,,,,,,,,
MED30,,,,,,,,,,,,
EXT1,,,,-0.9790160523764073,-0.2698125933180597,-0.6244143228472335,,,,,,
SAMD12,,,,,,,,,,,,
TAF2,,,,,,,,,,,,
DSCC1,,,,,,,,,,,,
DEPTOR,,,,,,,,,,,,
MRPL13,-0.6323879908215085,-0.11769027293354763,-0.3750391318775281,,,,,,,,,
MTBP,,,,,,,,,,,,
SNTB1,,,,,,,,,,,,
HAS2,,,,,,,,,,,,
ZHX2,,,,,,,,,,,,
DERL1,,,,,,,,,,,,
TBC1D31,,,,,,,,,,,,
C8orf76,,,,,,,,,,,,
ZHX1,,,,,,,,,,,,
ATAD2,,,,,,,,,,,,
NTAQ1,,,,,,,,,,,,
FBXO32,,,,,,,,,,,,
FAM91A1,,,,,,,,,,,,
TMEM65,,,,,,,,,,,,
TRMT12,,,,,,,,,,,,
RNF139,,,,,,,,,,,,
TATDN1,,,,,,,,,,,,
NDUFB9,-0.44777756884169373,-0.12898282939275557,-0.2883801991172247,,,,,,,-0.6144418425997543,-0.09995539500325976,-0.35719861880150705
MTSS1,,,,,,,,,,,,
SQLE,,,,,,,,,,,,
WASHC5,,,,,,,,,,,,
NSMCE2,,,,,,,,,,,,
TRIB1,,,,,,,,,,,,
LRATD2,,,,,,,,,,,,
MYC,,,,,,,,,,,,
CYRIB,,,,,,,,,,,,
ASAP1,,,,,,,,,,,,
EFR3A,,,,,,,,,,,,
PHF20L1,,,,,,,,,,,,
NDRG1,,,,,,,,,,,,
ST3GAL1,,,,,,,,,,,,
ZFAT,,,,,,,,,,,,
KHDRBS3,,,,,,,,,,,,
TRAPPC9,,,,,,,,,,,,
CHRAC1,,,,,,,,,,,,
AGO2,,,,,,,,,,,,
PTK2,,,,-0.9625934739282913,-0.20782540531431692,-0.5852094396213041,,,,,,
SLC45A4,,,,,,,,,,,,
TSNARE1,,,,,,,,,,,,
JRK,,,,,,,,,,,,
THEM6,,,,,,,,,,,,
LY6E,,,,,,,,,,,,
TOP1MT,,,,,,,,,,,,
ZC3H3,,,,,,,,,,,,
NAPRT,,,,,,,,,,,,
EEF1D,-0.4269478537206574,-0.05908260720173947,-0.24301523046119844,,,,,,,,,
TIGD5,,,,,,,,,,,,
PYCR3,,,,,,,,,,,,
GFUS,-0.33982597353912647,-0.05668960040181661,-0.19825778697047153,,,,,,,,,
ZNF623,,,,-0.7604543060043086,-0.7604543060043086,-0.7604543060043086,,,,,,
SCRIB,,,,,,,,,,,,
PUF60,,,,,,,,,,,,
PLEC,,,,,,,,,,,,
GRINA,,,,,,,,,,,,
EXOSC4,,,,,,,,,,,,
GPAA1,,,,,,,,,,,,
CYC1,,,,,,,,,,,,
SHARPIN,,,,,,,,,,,,
MAF1,,,,,,,,,,,,
HGH1,,,,,,,,,,,,
MROH1,,,,,,,,,,,,
BOP1,,,,,,,,,,,,
HSF1,,,,,,,,,,,,
DGAT1,,,,,,,,,,,,
SLC52A2,,,,,,,,,,,,
FBXL6,,,,,,,,,,,,
CPSF1,,,,,,,,,,,,
SLC39A4,,,,,,,,,,,,
VPS28,-0.27900890295705044,-0.04649236477229835,-0.1627506338646744,,,,,,,-0.42631224435942144,-0.06025575309737246,-0.24328399872839696
TONSL,,,,,,,,,,,,
ZFTRAF1,,,,,,,,,,,,
TMEM276,,,,,,,,,,,,
PPP1R16A,,,,,,,,,,,,
MFSD3,,,,,,,,,,,,
RECQL4,,,,,,,,,,,,
LRRC14,,,,,,,,,,,,
C8orf82,,,,,,,,,,,,
ARHGAP39,,,,,,,,,,,,
ZNF251,,,,,,,,,,,,
ZNF34,,,,,,,,,,,,
RPL8,-0.5218850498723515,-0.15463774250383913,-0.3382613961880953,,,,,,,,,
ZNF7,,,,,,,,,,,,
COMMD5,,,,,,,,,,,,
ZNF250,,,,,,,,,,,,
ZNF16,,,,,,,,,,,,
C8orf33,-0.47893409499970907,-0.06869895512440649,-0.2738165250620578,,,,,,,,,
ZNG1A,,,,,,,,,,,,
DOCK8,,,,,,,,,,,,
KANK1,,,,,,,,,,,,
SMARCA2,,,,,,,,,,,,
PUM3,,,,,,,,,,,,
RFX3,,,,,,,,,,,,
GLIS3,,,,,,,,,,,,
SLC1A1,,,,,,,,,,,,
CDC37L1,,,,,,,,,,,,
AK3,,,,,,,,,,,,
RCL1,,,,,,,,,,,,
JAK2,,,,,,,,,,,,
PLGRKT,,,,,,,,,,,,
RIC1,,,,,,,,,,,,
ERMP1,,,,,,,,,,,,
KIAA2026,,,,,,,,,,,,
RANBP6,,,,,,,,,,,,
UHRF2,,,,,,,,,,,,
GLDC,,,,,,,,,,,,
KDM4C,,,,,,,,,,,,
DMAC1,-0.4581301894969025,-0.10148125654529519,-0.27980572302109885,,,,,,,,,
PTPRD,,,,,,,,,,,,
MPDZ,,,,,,,,,,,,
NFIB,,,,,,,,,,,,
ZDHHC21,,,,,,,,,,,,
TTC39B,,,,,,,,,,,,
SNAPC3,,,,,,,,,,,,
PSIP1,,,,,,,,,,,,
CCDC171,,,,,,,,,,,,
BNC2,,,,,,,,,,,,
CNTLN,,,,,,,,,,,,
SH3GL2,,,,,,,,,,,,
ADAMTSL1,,,,-0.5476546327524993,-0.5476546327524993,-0.5476546327524993,,,,,,
RRAGA,,,,,,,,,,,,
HAUS6,,,,,,,,,,,,
PLIN2,,,,,,,,,,,,
DENND4C,,,,,,,,,,,,
RPS6,,,,,,,,,,,,
MLLT3,,,,,,,,,,,,
FOCAD,,,,,,,,,,,,
KLHL9,,,,,,,,,,,,
MTAP,,,,,,,,,,,,
CDKN2A,,,,,,,,,,,,
CDKN2B,,,,,,,,,,,,
ELAVL2,,,,,,,,,,,,
TUSC1,,,,,,,,,,,,
CAAP1,,,,,,,,,,,,
PLAA,,,,,,,,,,,,
IFT74,,,,,,,,,,,,
MOB3B,,,,-0.9758896794018008,-0.2745899793656244,-0.6252398293837126,,,,,,
C9orf72,,,,,,,,,,,,
LINGO2,,,,,,,,,,,,
ACO1,,,,,,,,,,,,
RIGI,,,,-0.8055817277343894,-0.13278780626843,-0.4691847670014097,,,,,,
TOPORS,,,,,,,,,,,,
SMIM27,,,,,,,,,,,,
NDUFB6,-0.5991638907871274,-0.15198449163534317,-0.37557419121123525,,,,,,,,,
APTX,,,,,,,,,,,,
DNAJA1,,,,,,,,,,,,
SMU1,,,,,,,,,,,,
B4GALT1,,,,,,,,,,,,
BAG1,,,,,,,,,,,,
CHMP5,,,,,,,,,,,,
NFX1,,,,,,,,,,,,
NOL6,,,,,,,,,,,,
ANKRD18B,,,,,,,,,,,,
UBE2R2,,,,,,,,,,,,
UBAP2,,,,,,,,,,,,
DCAF12,,,,,,,,,,,,
UBAP1,,,,,,,,,,,,
KIF24,,,,,,,,,,,,
NUDT2,,,,-0.9847350990681909,-0.3347526524005039,-0.6597438757343475,,,,,,
FAM219A,,,,,,,,,,,,
ENHO,,,,-0.8286034012940732,-0.8286034012940732,-0.8286034012940732,,,,,,
RPP25L,,,,,,,,,,,,
DCTN3,,,,-0.9792210961791679,-0.2517929088658793,-0.6155070025225235,,,,,,
SIGMAR1,,,,,,,,,,,,
GALT,,,,,,,,,,,,
ENSG00000187186,,,,,,,,,,,,
VCP,,,,,,,,,,,,
FANCG,,,,,,,,,,,,
PIGO,,,,,,,,,,,,
STOML2,,,,,,,,,,,,
UNC13B,,,,-0.976552659936598,-0.1863973359715694,-0.5814749979540837,,,,,,
RUSC2,,,,,,,,,,,,
CCDC107,,,,-0.9903849534931048,-0.4472200454280846,-0.7188024994605947,,,,,,
ARHGEF39,,,,,,,,,,,,
TLN1,,,,-0.9838521832514465,-0.36726457431950166,-0.6755583787854741,,,,,,
CREB3,,,,,,,,,,,,
GBA2,,,,,,,,,,,,
RGP1,,,,,,,,,,,,
HINT2,,,,,,,,,,,,
RECK,,,,,,,,,,,,
GLIPR2,,,,,,,,,,,,
CLTA,-0.6262050540073153,-0.12485853994740999,-0.37553179697736266,-0.9811031315739492,-0.29907055963425716,-0.6400868456041032,,,,,,
GNE,,,,,,,,,,,,
RNF38,,,,,,,,,,,,
MELK,-0.2817116536152887,-0.05553868933612482,-0.16862517147570677,-0.9913297644747359,-0.4492357693596716,-0.7202827669172037,,,,,,
ZCCHC7,,,,,,,,,,,,
GRHPR,,,,,,,,,,,,
ZBTB5,,,,,,,,,,,,
POLR1E,,,,,,,,,,,,
FBXO10,,,,,,,,,,,,
TOMM5,-0.9692015101359854,-0.2746734683117849,-0.6219374892238851,,,,,,,,,
TRMT10B,,,,,,,,,,,,
EXOSC3,,,,,,,,,,,,
DCAF10,,,,,,,,,,,,
SLC25A51,,,,,,,,,,,,
SHB,,,,,,,,,,,,
ALDH1B1,,,,,,,,,,,,
IGFBPL1,,,,-0.7525545182172383,-0.7525545182172383,-0.7525545182172383,,,,,,
ANKRD18A,,,,,,,,,,,,
CNTNAP3,,,,,,,,,,,,
ZNG1F,,,,-0.6561513050969607,-0.6561513050969607,-0.6561513050969607,,,,,,
CNTNAP3B,,,,,,,,,,,,
ZNG1E,,,,,,,,,,,,
ZNG1C,,,,,,,,,,,,
PIP5K1B,,,,,,,,,,,,
PABIR1,,,,,,,,,,,,
FXN,,,,,,,,,,,,
TJP2,,,,,,,,,,,,
PTAR1,,,,,,,,,,,,
SMC5,,,,,,,,,,,,
KLF9,,,,,,,,,,,,
TRPM3,-0.1339082640896895,-0.04972606184816183,-0.09181716296892567,-0.981599898203782,-0.3136463356362549,-0.6476231169200184,,,,-0.20140174248894469,-0.0511089226307485,-0.12625533255984658
CEMIP2,,,,,,,,,,,,
ABHD17B,,,,,,,,,,,,
C9orf85,,,,,,,,,,,,
ZFAND5,,,,,,,,,,,,
RORB,,,,,,,,,,,,
TRPM6,,,,-0.9639700799327843,-0.14514069579135547,-0.5545553878620699,,,,,,
C9orf40,,,,,,,,,,,,
CARNMT1,,,,,,,,,,,,
NMRK1,,,,,,,,,,,,
OSTF1,,,,,,,,,,,,
PCSK5,,,,,,,,,,,,
RFK,,,,-0.9817046665704334,-0.3070304449149395,-0.6443675557426864,,,,,,
GCNT1,-0.05915709040064733,-0.016150812527234975,-0.037653951463941154,-0.897359777870158,-0.13785285803760977,-0.5176063179538839,,,,-0.10548116470186884,-0.021713365605156094,-0.06359726515351247
VPS13A,,,,,,,,,,,,
GNAQ,,,,,,,,,,,,
CEP78,,,,,,,,,,,,
PSAT1,,,,,,,,,,,,
TLE4,,,,,,,,,,,,
TLE1,,,,,,,,,,,,
RASEF,,,,,,,,,,,,
FRMD3,,,,,,,,,,,,
UBQLN1,,,,,,,,,,,,
GKAP1,,,,,,,,,,,,
KIF27,,,,,,,,,,,,
C9orf64,,,,,,,,,,,,
HNRNPK,,,,,,,,,,,,
RMI1,,,,,,,,,,-0.22651545883874047,-0.03719931381713298,-0.13185738632793673
AGTPBP1,,,,,,,,,,,,
NAA35,,,,,,,,,,,,
GOLM1,,,,,,,,,,,,
ISCA1,,,,-0.9775486316854697,-0.2219746451704348,-0.5997616384279523,,,,,,
TUT7,,,,,,,,,,,,
GAS1,,,,,,,,,,-0.10722130145014906,0.028074064549717004,-0.03957361845021603
DAPK1,,,,,,,,,,,,
CTSL,,,,,,,,,,,,
SPIN1,,,,,,,,,,,,
CKS2,-0.20995434594114654,-0.014529109744360637,-0.11224172784275359,,,,,,,-0.3805335884965164,-0.02572666380072997,-0.2031301261486232
SECISBP2,,,,,,,,,,,,
SEMA4D,,,,,,,,,,,,
SYK,,,,,,,,,,,,
AUH,,,,,,,,,,,,
NFIL3,,,,,,,,,,,,
ROR2,,,,,,,,,,,,
SPTLC1,,,,,,,,,,,,
IARS1,,,,,,,,,,,,
NOL8,,,,,,,,,,,,
CENPP,,,,,,,,,,,,
OGN,-0.18909111782437682,-0.03676006465371051,-0.11292559123904367,,,,-0.44142627213669944,-0.07655953029756325,-0.25899290121713137,,,
ECM2,,,,,,,,,,,,
IPPK,,,,,,,,,,,,
BICD2,,,,,,,,,,,,
ZNF484,,,,,,,,,,,,
CARD19,-0.35913609191466683,-0.06650037112747763,-0.21281823152107224,,,,,,,-0.5369152401412518,-0.06429971096784792,-0.30060747555454986
NINJ1,,,,,,,,,,,,
WNK2,,,,,,,,,,,,
FAM120AOS,,,,,,,,,,,,
FAM120A,,,,,,,,,,,,
PHF2,,,,,,,,,,,,
BARX1,,,,-0.6106445945852533,-0.6106445945852533,-0.6106445945852533,,,,,,
PTPDC1,,,,,,,,,,,,
ZNF169,,,,,,,,,,,,
MFSD14B,,,,,,,,,,,,
AOPEP,,,,,,,,,,,,
FANCC,,,,,,,,,,,,
PTCH1,,,,,,,,,,,,
ERCC6L2,,,,,,,,,,,,
ZNF367,,,,-0.975549807176316,-0.23349107145298845,-0.6045204393146523,,,,,,
HABP4,,,,,,,-0.740051185933312,-0.08802688107575271,-0.41403903350453236,,,
CDC14B,,,,,,,,,,,,
PRXL2C,,,,,,,,,,,,
ZNF782,,,,,,,,,,,,
CTSV,,,,,,,,,,,,
TDRD7,,,,,,,,,,,,
TMOD1,,,,,,,,,,,,
TSTD2,,,,,,,,,,,,
NCBP1,,,,,,,,,,,,
XPA,,,,,,,,,,,,
TRMO,,,,,,,,,,,,
ANP32B,,,,,,,,,,,,
NANS,-0.4984035951974509,-0.05566545983063016,-0.27703452751404056,,,,,,,,,
TRIM14,,,,,,,,,,,,
CORO2A,,,,,,,,,,,,
GABBR2,,,,-0.3812439784037708,-0.3812439784037708,-0.3812439784037708,,,,-0.15986561410651648,-0.051552576557460046,-0.10570909533198826
ANKS6,,,,,,,,,,,,
GALNT12,,,,,,,,,,,,
TGFBR1,,,,,,,,,,,,
ALG2,,,,,,,,,,,,
SEC61B,-0.6583321405786652,-0.15627649243779942,-0.4073043165082323,-0.9775478974274979,-0.21413016303190452,-0.5958390302297012,,,,,,
STX17,,,,,,,,,,,,
ERP44,,,,,,,,,,,,
INVS,,,,,,,,,,,,
TEX10,,,,,,,,,,,,
MSANTD3,,,,,,,,,,,,
TMEFF1,,,,-0.977236522858164,-0.231812653713701,-0.6045245882859325,,,,,,
MRPL50,-0.31792202786053914,-0.01856383795932689,-0.168242932909933,-0.9897302921889458,-0.3313280329769168,-0.6605291625829313,,,,,,
ZNF189,,,,-0.6285806581782973,-0.6285806581782973,-0.6285806581782973,,,,,,
PGAP4,,,,,,,,,,,,
RNF20,,,,,,,,,,,,
SMC2,,,,,,,,,,,,
NIPSNAP3A,,,,-0.7756532263189063,-0.7756532263189063,-0.7756532263189063,,,,,,
SLC44A1,,,,,,,,,,,,
FSD1L,,,,,,,,,,,,
FKTN,,,,,,,,,,,,
TMEM38B,,,,,,,,,,,,
ZNF462,,,,,,,,,,,,
RAD23B,,,,,,,,,,,,
ELP1,,,,,,,,,,,,
ABITRAM,,,,,,,,,,,,
CTNNAL1,,,,,,,,,,,,
TMEM245,,,,,,,,,,,,
EPB41L4B,,,,,,,,,,,,
PTPN3,,,,,,,,,,,,
PALM2AKAP2,,,,,,,,,,,,
TXN,-0.7478486208451336,-0.15466649516174433,-0.451257558003439,,,,,,,,,
LPAR1,,,,,,,,,,,,
ECPAS,,,,,,,,,,,,
ZNF483,,,,,,,,,,,,
DNAJC25,,,,,,,,,,,,
GNG10,-0.7219551934385304,-0.17861164576986338,-0.45028341960419693,,,,,,,,,
UGCG,,,,,,,,,,,,
SUSD1,,,,,,,,,,,,
PTBP3,,,,,,,,,,,,
HSDL2,,,,,,,,,,,,
KIAA1958,,,,,,,,,,,,
INIP,,,,,,,,,,,,
SNX30,,,,,,,,,,,,
ZNF883,,,,,,,,,,,,
FKBP15,,,,,,,,,,,,
SLC31A1,,,,,,,,,,,,
CDC26,-0.4747857229047182,-0.07380959697821407,-0.27429765994146615,,,,,,,,,
PRPF4,,,,,,,,,,,,
HDHD3,,,,,,,,,,,,
POLE3,,,,-0.9917705071328126,-0.41868704230408116,-0.7052287747184469,,,,,,
ZNF618,,,,,,,,,,,,
COL27A1,,,,,,,,,,,,
WHRN,,,,,,,,,,,,
ATP6V1G1,-0.5300359379704557,-0.05916997445284642,-0.29460295621165106,,,,,,,,,
TMEM268,,,,,,,,,,,,
ASTN2,,,,,,,,,,,,
TRIM32,,,,,,,,,,,,
CDK5RAP2,,,,,,,,,,,,
MEGF9,,,,,,,,,,,,
FBXW2,,,,,,,,,,,,
B3GALT9,,,,,,,,,,,,
PSMD5,,,,,,,-0.7725914019920687,-0.06899605732300779,-0.42079372965753825,,,
PHF19,,,,,,,,,,,,
CNTRL,,,,-0.6698653993159627,-0.6698653993159627,-0.6698653993159627,,,,,,
RAB14,,,,,,,,,,,,
STOM,,,,,,,,,,,,
DAB2IP,,,,,,,,,,,,
TTLL11,,,,,,,,,,,,
NDUFA8,,,,,,,,,,,,
RBM18,,,,,,,,,,,,
MRRF,,,,,,,,,,,,
PDCL,,,,,,,,,,,,
RC3H2,,,,,,,,,,,,
ZBTB6,,,,-0.6526188294110167,-0.6526188294110167,-0.6526188294110167,,,,,,
RABGAP1,,,,,,,,,,,,
STRBP,,,,,,,,,,,,
DENND1A,,,,,,,,,,,,
NEK6,,,,,,,,,,,,
PSMB7,,,,,,,,,,,,
NR6A1,,,,,,,,,,,,
RPL35,-0.7824543472322634,-0.24810782324041825,-0.5152810852363408,,,,,,,,,
ARPC5L,,,,,,,,,,,,
GOLGA1,,,,,,,,,,,,
SCAI,,,,,,,,,,,,
PPP6C,,,,,,,,,,,,
RABEPK,,,,,,,,,,,,
HSPA5,,,,,,,,,,,,
GAPVD1,,,,,,,,,,,,
MAPKAP1,,,,,,,,,,,,
PBX3,,,,,,,,,,,,
MVB12B,,,,,,,,,,,,
LMX1B,,,,,,,,,,,,
ZBTB43,,,,,,,,,,,,
RALGPS1,,,,-0.9799980643863943,-0.3319485929584289,-0.6559733286724115,,,,,,
GARNL3,,,,,,,,,,,,
SLC2A8,,,,,,,,,,,,
ZNF79,,,,,,,,,,,,
RPL12,,,,,,,,,,,,
LRSAM1,,,,,,,,,,,,
NIBAN2,,,,,,,,,,,,
STXBP1,,,,,,,,,,,,
PTRH1,,,,,,,,,,,,
TOR2A,,,,,,,,,,,,
CDK9,-0.24360658853396427,-0.07998855632626652,-0.1617975724301154,,,,,,,-0.4398765951602627,-0.0758547156095882,-0.25786565538492545
FPGS,,,,,,,,,,,,
AK1,-0.3910126956516381,-0.06505451556936352,-0.22803360561050082,,,,,,,,,
ST6GALNAC6,,,,,,,,,,,,
DPM2,,,,-0.9894639465214395,-0.3611996126320172,-0.6753317795767284,,,,,,
EEIG1,-0.08339617271322011,0.008159768287508255,-0.03761820221285593,,,,,,,,,
SLC25A25,,,,,,,,,,,,
PTGES2,,,,,,,,,,,,
BBLN,,,,,,,,,,,,
CIZ1,,,,,,,,,,,,
DNM1,,,,,,,,,,,,
GOLGA2,,,,,,,,,,,,
SWI5,,,,,,,,,,,,
TRUB2,,,,-0.9806167233830395,-0.2196438992947687,-0.6001303113389042,,,,,,
COQ4,,,,,,,,,,,,
SLC27A4,,,,,,,,,,,,
URM1,,,,,,,,,,,,
CERCAM,,,,,,,,,,,,
ODF2,,,,,,,,,,,,
GLE1,,,,,,,,,,,,
SPTAN1,,,,,,,,,,,,
DYNC2I2,,,,,,,,,,,,
SET,,,,,,,,,,,,
PKN3,,,,,,,,,,,,
ZDHHC12,,,,,,,,,,,,
ZER1,,,,,,,,,,,,
TBC1D13,,,,,,,,,,,,
ENDOG,,,,,,,,,,,,
SPOUT1,,,,-0.9833043396393361,-0.308556061614382,-0.645930200626859,,,,,,
KYAT1,,,,,,,,,,,,
LRRC8A,,,,,,,,,,,,
PHYHD1,,,,,,,,,,,,
DOLK,,,,-0.6418314245594464,-0.6418314245594464,-0.6418314245594464,,,,,,
NUP188,,,,,,,,,,,,
SH3GLB2,,,,,,,,,,,,
MIGA2,,,,,,,,,,,,
DOLPP1,,,,,,,,,,,,
CRAT,,,,,,,,,,,,
PTPA,,,,,,,,,,,,
NTMT1,,,,,,,,,,,,
ASB6,,,,,,,,,,,,
TOR1B,,,,,,,,,,,,
TOR1A,,,,,,,,,,,,
C9orf78,,,,,,,,,,,,
USP20,,,,,,,,,,,,
FNBP1,,,,,,,,,,,,
GPR107,,,,,,,,,,,,
NCS1,,,,,,,,,,,,
ASS1,,,,,,,,,,,,
FUBP3,,,,,,,,,,,,
EXOSC2,,,,,,,,,,,,
ABL1,,,,,,,,,,,,
LAMC3,,,,,,,,,,,,
AIF1L,,,,,,,,,,,,
NUP214,,,,,,,,,,,,
PLPP7,-0.11811749757261956,-0.009413547545396805,-0.06376552255900819,-0.9543652594476206,-0.26772303757129295,-0.6110441485094568,,,,,,
PRRC2B,,,,,,,,,,,,
POMT1,,,,,,,,,,,,
UCK1,,,,,,,,,,,,
RAPGEF1,,,,,,,,,,,,
MED27,,,,,,,,,,,,
SETX,,,,,,,,,,,,
TTF1,,,,-0.9826810432842917,-0.2984423932451932,-0.6405617182647425,,,,,,
DDX31,,,,,,,,,,,,
GTF3C4,,,,,,,,,,,,
SPACA9,,,,-0.6779045439865935,-0.6779045439865935,-0.6779045439865935,,,,,,
TSC1,,,,,,,,,,,,
GTF3C5,,,,,,,,,,,,
RALGDS,,,,,,,,,,,,
SURF6,-0.4830166363184089,-0.08378610329466689,-0.2834013698065379,,,,,,,,,
MED22,,,,-0.7343353546767338,-0.7343353546767338,-0.7343353546767338,,,,,,
RPL7A,-0.5941210005511496,-0.17513843857718372,-0.38462971956416664,,,,,,,,,
SURF1,,,,,,,,,,,,
SURF2,-0.320008771476654,-0.08425226281899809,-0.20213051714782604,,,,,,,,,
SURF4,,,,,,,,,,,,
REXO4,,,,,,,,,,,,
ADAMTS13,,,,,,,,,,,,
VAV2,,,,,,,,,,,,
BRD3OS,,,,,,,,,,,,
BRD3,,,,,,,,,,,,
WDR5,,,,,,,,,,,,
RXRA,,,,,,,,,,,,
PIERCE1,,,,,,,,,,,,
MRPS2,,,,,,,,,,,,
CAMSAP1,,,,,,,,,,,,
UBAC1,,,,,,,,,,,,
NACC2,,,,,,,,,,,,
TMEM250,,,,,,,,,,,,
QSOX2,,,,,,,,,,,,
GPSM1,,,,,,,,,,,,
DNLZ,,,,,,,,,,,,
SNAPC4,,,,,,,,,,,,
ENTR1,,,,,,,,,,,,
PMPCA,,,,,,,,,,,,
INPP5E,,,,,,,,,,,,
SEC16A,,,,,,,,,,,,
EGFL7,-0.21895425968193497,-0.045178481614738905,-0.13206637064833693,,,,,,,,,
AGPAT2,,,,,,,,,,,,
DIPK1B,,,,,,,,,,,,
TMEM141,,,,,,,,,,,,
RABL6,,,,-0.9936374067966796,-0.39913262387684295,-0.6963850153367612,,,,,,
PHPT1,-0.7510012137902324,-0.15494347342947457,-0.4529723436098535,-0.9740394330009705,-0.25148827197590173,-0.6127638524884361,,,,,,
EDF1,-0.6260965362898208,-0.1412918562335082,-0.38369419626166446,,,,,,,,,
TRAF2,,,,,,,,,,,,
FBXW5,,,,,,,,,,,,
PAXX,-0.5609720751078419,-0.06990933314845305,-0.31544070412814745,-0.960196799154514,-0.1844120913286305,-0.5723044452415722,,,,,,
NPDC1,,,,,,,,,,-0.4086610519980418,-0.08239871712036131,-0.24552988455920155
SAPCD2,,,,,,,,,,,,
MAN1B1,,,,,,,,,,,,
SSNA1,,,,,,,,,,,,
TPRN,,,,,,,,,,,,
TMEM203,,,,,,,,,,,,
NDOR1,,,,,,,,,,,,
TUBB4B,,,,,,,,,,,,
NELFB,,,,,,,,,,,,
NRARP,-0.2156202003850552,-0.03231080083146649,-0.12396550060826084,,,,,,,,,
EXD3,,,,,,,,,,,,
NOXA1,,,,,,,,,,,,
NSMF,,,,,,,,,,,,
MRPL41,-0.4997228102028373,-0.12318938536713683,-0.31145609778498706,,,,,,,,,
DPH7,,,,,,,,,,,,
ZMYND19,,,,,,,,,,,,
ARRDC1,,,,,,,,,,,,
EHMT1,,,,,,,,,,,,
ZMYND11,,,,,,,,,,,,
DIP2C,,,,,,,,,,,,
LARP4B,,,,,,,,,,,,
GTPBP4,,,,,,,,,,,,
IDI1,,,,,,,,,,,,
WDR37,,,,,,,,,,,,
PFKP,,,,,,,,,,,,
PITRM1,,,,,,,,,,,,
KLF6,,,,-0.60186732815831,-0.60186732815831,-0.60186732815831,,,,,,
NET1,,,,,,,,,,,,
ASB13,,,,-0.6938616181818693,-0.6938616181818693,-0.6938616181818693,,,,,,
TASOR2,,,,,,,,,,,,
GDI2,,,,,,,,,,,,
ANKRD16,,,,,,,,,,,,
FBH1,,,,,,,,,,,,
IL2RA,-0.0768707273592443,-0.019923328649225205,-0.04839702800423475,-0.3501322536558364,-0.3501322536558364,-0.3501322536558364,,,,-0.0824086464698884,-0.03097034375730034,-0.05668949511359437
RBM17,,,,,,,,,,,,
PFKFB3,,,,,,,,,,,,
PRKCQ,,,,,,,,,,,,
SFMBT2,,,,,,,,,,,,
KIN,,,,,,,,,,,,
ATP5F1C,,,,,,,,,,,,
TAF3,,,,,,,,,,,,
GATA3,,,,,,,,,,,,
CELF2,,,,,,,,,,,,
USP6NL,,,,,,,,,,,,
PROSER2,,,,,,,,,,,,
UPF2,,,,,,,,,,,,
DHTKD1,,,,,,,,,,,,
SEC61A2,,,,,,,,,,,,
NUDT5,,,,,,,,,,,,
CDC123,,,,,,,,,,,,
CAMK1D,,,,,,,,,,,,
CCDC3,,,,,,,,,,,,
OPTN,,,,-0.6044483143326339,-0.6044483143326339,-0.6044483143326339,,,,,,
MCM10,,,,,,,,,,,,
PHYH,,,,,,,,,,,,
SEPHS1,,,,,,,,,,,,
BEND7,,,,,,,,,,,,
PRPF18,,,,,,,,,,,,
FRMD4A,,,,,,,,,,,,
FAM107B,,,,,,,,,,,,
MSANTD7,,,,-0.6661775215691561,-0.6661775215691561,-0.6661775215691561,,,,,,
HSPA14,,,,,,,,,,,,
SUV39H2,,,,,,,,,,,,
DCLRE1C,,,,,,,,,,,,
RPP38,,,,,,,,,,,,
NMT2,,,,,,,,,,,,
FAM171A1,,,,,,,,,,,,
ITGA8,,,,,,,,,,,,
MINDY3,,,,,,,,,,,,
PTER,,,,,,,,,,,,
RSU1,,,,,,,,,,,,
TRDMT1,,,,,,,,,,,,
VIM,,,,,,,,,,,,
HACD1,,,,,,,,,,,,
STAM,,,,,,,,,,,,
CACNB2,,,,,,,,,,,,
NSUN6,,,,,,,,,,,,
ARL5B,,,,,,,,,,,,
PLXDC2,,,,,,,,,,,,
NEBL,,,,,,,,,,,,
SKIDA1,,,,,,,,,,,,
MLLT10,,,,,,,,,,,,
DNAJC1,,,,,,,,,,,,
COMMD3,,,,,,,,,,,,
BMI1,,,,,,,,,,,,
PIP4K2A,,,,,,,,,,,,
ARMC3,,,,,,,,,,,,
MSRB2,,,,,,,,,,,,
KIAA1217,,,,,,,,,,,,
ARHGAP21,,,,,,,,,,,,
PRTFDC1,,,,,,,,,,,,
THNSL1,,,,,,,,,,,,
MYO3A,,,,,,,,,,,,
PDSS1,,,,,,,,,,,,
ABI1,,,,,,,,,,,,
ANKRD26,,,,,,,,,,,,
YME1L1,,,,,,,,,,,,
MASTL,,,,,,,,,,,,
ACBD5,,,,,,,,,,,,
RAB18,,,,,,,,,,,,
MKX,,,,,,,,,,,,
ODAD2,,,,,,,,,,,,
MPP7,,,,,,,,,,,,
WAC,,,,,,,,,,,,
BAMBI,,,,,,,,,,,,
SVIL,,,,,,,,,,,,
JCAD,,,,-0.6561829833124224,-0.6561829833124224,-0.6561829833124224,,,,,,
MTPAP,,,,,,,,,,,,
MAP3K8,,,,,,,,,,,,
ZNF438,,,,,,,,,,,,
ZEB1,,,,,,,,,,,,
ARHGAP12,,,,,,,,,,,,
KIF5B,,,,,,,,,,,,
EPC1,,,,-0.9638424211663917,-0.12881025956955372,-0.5463263403679728,,,,,,
CCDC7,,,,,,,,,,,,
ITGB1,,,,,,,,,,,,
NRP1,,,,-0.9733684660491798,-0.16874893709757052,-0.5710587015733751,,,,,,
PARD3,,,,,,,,,,,,
CUL2,,,,,,,,,,,,
CREM,,,,,,,,,,,,
CCNY,,,,,,,,,,,,
FZD8,,,,,,,,,,,,
ZNF248,,,,,,,,,,,,
ZNF33A,,,,,,,,,,,,
ZNF37A,,,,,,,,,,,,
ZNF33B,,,,,,,,,,,,
BMS1,,,,,,,,,,,,
CSGALNACT2,,,,,,,,,,,,
HNRNPF,,,,,,,,,,,,
ZNF239,,,,,,,,,,,,
ZNF485,,,,,,,,,,,,
ZNF32,,,,-0.683792297097576,-0.683792297097576,-0.683792297097576,,,,,,
ZNF22,,,,,,,,,,,,
MARCHF8,,,,,,,,,,,,
ZFAND4,,,,,,,,,,,,
WASHC2C,,,,-0.9824214772889867,-0.3006304688799822,-0.6415259730844844,,,,,,
TIMM23,,,,,,,,,,,,
NCOA4,,,,,,,,,,,,
FAM25G,-0.09953771677722001,-0.02787871723785499,-0.0637082170075375,-0.5219483200693443,-0.5219483200693443,-0.5219483200693443,,,,-0.1035730880096874,-0.037252247505056756,-0.07041266775737208
MAPK8,,,,,,,,,,,,
ARHGAP22,,,,,,,,,,,,
ERCC6,,,,,,,,,,,,
PARG,,,,,,,,,,,,
TIMM23B,,,,,,,,,,,,
AGAP6,,,,,,,,,,,,
WASHC2A,,,,,,,,,,,,
SGMS1,,,,,,,,,,,,
PRKG1,,,,,,,,,,,,
CSTF2T,,,,-0.7445760413736906,-0.7445760413736906,-0.7445760413736906,,,,,,
PCDH15,-0.11986649994826461,-0.021933610954540984,-0.0709000554514028,,,,,,,,,
ZWINT,,,,,,,,,,,,
IPMK,,,,,,,,,,,,
CISD1,,,,,,,,,,,,
UBE2D1,,,,,,,,,,,,
TFAM,,,,,,,,,,,,
BICC1,,,,,,,,,,,,
FAM13C,-0.11614157452723795,-0.03129893129472962,-0.07372025291098377,-0.9581477142826146,-0.22474639911252828,-0.5914470566975715,-0.17103338551266903,-0.025363623181709732,-0.09819850434718938,-0.16305747898742942,-0.022627173058638792,-0.0928423260230341
SLC16A9,,,,,,,,,,,,
CCDC6,,,,,,,,,,,,
ANK3,,,,,,,,,,,,
CDK1,,,,,,,,,,,,
RHOBTB1,,,,,,,,,,,,
ARID5B,,,,,,,,,,,,
RTKN2,,,,,,,,,,,,
ADO,,,,-0.7710841776440335,-0.7710841776440335,-0.7710841776440335,,,,,,
NRBF2,,,,,,,,,,,,
JMJD1C,,,,,,,,,,,,
REEP3,,,,,,,,,,,,
CTNNA3,,,,,,,,,,,,
DNAJC12,,,,,,,,,,,,
SIRT1,,,,,,,,,,,,
HERC4,,,,,,,,,,,,
PBLD,,,,,,,,,,,,
HNRNPH3,,,,,,,,,,,,
RUFY2,,,,,,,,,,,,
DNA2,,,,,,,,,,,,
SLC25A16,,,,,,,,,,,,
TET1,,,,,,,,,,,,
CCAR1,,,,,,,,,,,,
STOX1,,,,,,,,,,,,
DDX50,,,,,,,,,,,,
DDX21,,,,,,,,,,,,
KIFBP,,,,,,,,,,,,
VPS26A,,,,,,,,,,,,
SUPV3L1,,,,,,,,,,,,
HK1,,,,,,,,,,,,
TSPAN15,,,,,,,,,,,,
FAM241B,,,,,,,,,,,,
MACROH2A2,,,,,,,,,,,,
TYSND1,,,,,,,,,,,,
SAR1A,,,,,,,,,,,,
PPA1,,,,,,,,,,,,
LRRC20,,,,,,,,,,,,
EIF4EBP2,,,,,,,,,,,,
PALD1,,,,,,,,,,,,
SGPL1,,,,,,,,,,,,
PCBD1,-0.8066712238791097,-0.14346895259156714,-0.4750700882353384,,,,,,,,,
UNC5B,,,,,,,,,,,,
PSAP,,,,,,,,,,,,
CHST3,,,,-0.7010822949310443,-0.7010822949310443,-0.7010822949310443,,,,,,
ASCC1,,,,,,,,,,,,
ANAPC16,,,,,,,,,,,,
DDIT4,,,,,,,,,,,,
DNAJB12,,,,,,,,,,,,
MICU1,,,,,,,,,,,,
MCU,,,,,,,,,,,,
P4HA1,,,,,,,,,,,,
NUDT13,,,,,,,,,,,,
ECD,,,,,,,,,,,,
FAM149B1,,,,,,,,,,,,
DNAJC9,,,,,,,,,,,,
MRPS16,,,,,,,,,,,,
ANXA7,,,,,,,,,,,,
PPP3CB,,,,,,,,,,,,
USP54,,,,,,,,,,,,
SEC24C,,,,,,,,,,,,
FUT11,,,,,,,,,,,,
CHCHD1,,,,,,,,,,,,
ZSWIM8,,,,,,,,,,,,
NDST2,,,,-0.7407562177045455,-0.7407562177045455,-0.7407562177045455,,,,,,
CAMK2G,,,,,,,,,,,,
VCL,,,,,,,,,,,,
AP3M1,,,,-0.9592693757112312,-0.27571177670582997,-0.6174905762085305,,,,,,
ADK,,,,,,,,,,,,
KAT6B,,,,,,,,,,,,
SAMD8,,,,,,,,,,,,
VDAC2,,,,,,,,,,,,
COMTD1,-0.4081111336366956,-0.06492917556911625,-0.23652015460290593,,,,,,,,,
ZNF503,,,,-0.9671713728804266,-0.2094241265268204,-0.5882977497036235,,,,,,
LRMDA,,,,-0.967370991520526,-0.262868037586829,-0.6151195145536774,,,,,,
DLG5,,,,,,,,,,,,
POLR3A,,,,,,,,,,,,
RPS24,-0.5752953812394166,-0.12459424244908619,-0.3499448118442514,,,,,,,,,
ZMIZ1,,,,,,,,,,,,
PPIF,-0.35739835287498656,-0.06418049799469049,-0.21078942543483853,,,,,,,-0.5390869811998212,-0.07329417932047887,-0.30619058026015006
ZCCHC24,,,,,,,,,,,,
EIF5AL1,,,,,,,,,,,,
TMEM254,,,,,,,,,,,,
ANXA11,,,,,,,,,,,,
PRXL2A,,,,,,,,,,,,
TSPAN14,,,,-0.9772474781929886,-0.30185959354374825,-0.6395535358683684,,,,,,
GHITM,,,,,,,,,,,,
CCSER2,,,,,,,,,,,,
GRID1,,,,,,,,,,,,
WAPL,,,,,,,,,,,,
BMPR1A,,,,,,,,,,,,
GLUD1,,,,,,,,,,,,
SHLD2,,,,,,,,,,,,
MINPP1,,,,,,,,,,,,
PAPSS2,,,,-0.9756236901221553,-0.23417729076224963,-0.6049004904422025,,,,,,
ATAD1,,,,,,,,,,,,
PTEN,,,,,,,,,,,,
STAMBPL1,,,,,,,,,,,,
LIPA,,,,,,,,,,,,
IFIT5,,,,-0.5574680610159543,-0.5574680610159543,-0.5574680610159543,,,,,,
PANK1,,,,,,,,,,,,
KIF20B,,,,,,,,,,,,
RPP30,,,,,,,,,,,,
PCGF5,,,,,,,,,,,,
HECTD2,,,,,,,,,,,,
TNKS2,,,,,,,,,,,,
BTAF1,,,,,,,,,,,,
CPEB3,,,,,,,,,,,,
MARCHF5,,,,,,,,,,,,
IDE,,,,,,,,,,,,
KIF11,,,,,,,,,,,,
EXOC6,,,,,,,,,,,,
CEP55,,,,,,,,,,,,
FRA10AC1,,,,,,,,,,,,
SLC35G1,,,,,,,,,,,,
PLCE1,,,,-0.9647154854482284,-0.1425317438328623,-0.5536236146405453,,,,,,
NOC3L,,,,,,,,,,,,
TBC1D12,,,,,,,,,,,,
HELLS,,,,,,,,,,,,
PDLIM1,,,,,,,,,,,,
SORBS1,,,,,,,,,,,,
ALDH18A1,,,,,,,,,,,,
TCTN3,,,,,,,,,,,,
CCNJ,,,,,,,,,,,,
ZNF518A,,,,,,,,,,,,
TM9SF3,,,,,,,,,,,,
PIK3AP1,,,,-0.9641073686863157,-0.3264748161885345,-0.6452910924374251,,,,,,
LCOR,,,,,,,,,,,,
ARHGAP19,,,,,,,,,,,,
FRAT2,,,,-0.8109862551010695,-0.8109862551010695,-0.8109862551010695,,,,,,
RRP12,,,,,,,,,,,,
PGAM1,,,,,,,,,,,,
EXOSC1,,,,,,,,,,,,
ZDHHC16,,,,,,,,,,,,
MMS19,,,,,,,,,,,,
UBTD1,,,,,,,,,,,,
MORN4,,,,,,,,,,,,
PI4K2A,,,,,,,,,,,,
AVPI1,,,,-0.5477699347734986,-0.5477699347734986,-0.5477699347734986,,,,,,
MARVELD1,,,,,,,,,,,,
ZFYVE27,,,,,,,,,,,,
R3HCC1L,,,,,,,,,,,,
HPS1,,,,,,,,,,,,
CNNM1,,,,,,,,,,,,
GOT1,,,,,,,,,,,,
SLC25A28,,,,,,,,,,,,
ENTPD7,,,,,,,,,,,,
CUTC,,,,,,,,,,,,
COX15,,,,,,,,,,,,
DNMBP,,,,,,,,,,,,
ERLIN1,,,,,,,,,,,,
CHUK,,,,,,,,,,,,
CWF19L1,,,,,,,,,,,,
BLOC1S2,,,,,,,,,,,,
SCD,,,,,,,,,,,,
NDUFB8,-0.6611055336561537,-0.12576391342931229,-0.39343472354273296,,,,-0.8270529028052803,-0.11926943629800812,-0.4731611695516442,,,
HIF1AN,,,,,,,,,,,,
SLF2,,,,,,,,,,,,
MRPL43,,,,,,,,,,,,
TWNK,,,,,,,,,,,,
LZTS2,,,,,,,,,,,,
BTRC,,,,,,,,,,,,
DPCD,,,,-0.7265983257704963,-0.7265983257704963,-0.7265983257704963,,,,,,
POLL,,,,,,,,,,,,
FBXW4,,,,,,,,,,,,
NPM3,,,,,,,,,,,,
OGA,,,,,,,,,,,,
ARMH3,,,,,,,,,,,,
HPS6,-0.2930954095582984,-0.06271399247885502,-0.1779047010185767,-0.750275478255998,-0.750275478255998,-0.750275478255998,,,,,,
LDB1,,,,-0.4033603309855414,-0.4033603309855414,-0.4033603309855414,,,,,,
PPRC1,,,,,,,,,,,,
NOLC1,,,,,,,,,,,,
GBF1,,,,,,,,,,,,
FBXL15,,,,-0.8010946058752874,-0.8010946058752874,-0.8010946058752874,,,,,,
CUEDC2,-0.32294287931019694,-0.054484701750498805,-0.18871379053034787,,,,-0.6035588295322726,-0.07667480552275284,-0.3401168175275127,,,
C10orf95,,,,,,,,,,,,
MFSD13A,,,,,,,,,,,,
ACTR1A,,,,-0.9789403256191765,-0.2593664117624315,-0.6191533686908041,,,,,,
SUFU,,,,,,,,,,,,
TRIM8,,,,,,,,,,,,
ARL3,,,,,,,,,,,,
SFXN2,,,,,,,,,,,,
WBP1L,,,,,,,,,,,,
BORCS7,,,,,,,,,,,,
AS3MT,,,,,,,,,,,,
CNNM2,,,,,,,,,,,,
NT5C2,,,,,,,,,,,,
PCGF6,,,,,,,,,,,,
TAF5,,,,,,,,,,,,
ATP5MK,-0.973397975433984,-0.2455024377764479,-0.609450206605216,,,,,,,,,
PDCD11,,,,,,,,,,,,
SH3PXD2A,,,,,,,,,,,,
STN1,,,,,,,,,,,,
SLK,,,,,,,,,,,,
SFR1,,,,,,,,,,,,
GSTO1,-0.5382143096220985,-0.14220104134402267,-0.3402076754830606,,,,,,,,,
GSTO2,,,,,,,,,,,,
XPNPEP1,,,,,,,,,,,,
ADD3,,,,,,,,,,,,
MXI1,,,,,,,,,,,,
SMNDC1,,,,,,,,,,,,
SMC3,,,,,,,,,,,,
RBM20,,,,,,,,,,,,
PDCD4,,,,,,,,,,,,
BBIP1,,,,,,,,,,,,
SHOC2,,,,,,,,,,,,
GPAM,,,,,,,,,,,,
ZDHHC6,,,,-0.7045979067573525,-0.7045979067573525,-0.7045979067573525,,,,,,
VTI1A,,,,,,,,,,,,
TCF7L2,,,,,,,,,,,,
CASP7,,,,,,,,,,,,
DCLRE1A,,,,-0.6906111086923651,-0.6906111086923651,-0.6906111086923651,,,,,,
NHLRC2,,,,,,,,,,,,
CCDC186,,,,,,,,,,,,
ABLIM1,,,,,,,,,,,,
FHIP2A,,,,,,,,,,,,
TRUB1,,,,,,,,,,,,
ATRNL1,,,,,,,,,,,,
HSPA12A,,,,,,,,,,,,
SHTN1,,,,,,,,,,,,
PDZD8,,,,,,,,,,,,
EMX2,,,,,,,,,,,,
RAB11FIP2,,,,,,,,,,,,
FAM204A,,,,,,,,,,,,
CACUL1,,,,,,,,,,,,
NANOS1,,,,-0.7351662390258172,-0.7351662390258172,-0.7351662390258172,,,,,,
EIF3A,,,,,,,,,,,,
DENND10,,,,,,,,,,,,
SFXN4,,,,,,,,,,,,
PRDX3,-0.4262585242261259,-0.10041020459710039,-0.2633343644116132,,,,,,,,,
GRK5,,,,,,,,,,,,
RGS10,,,,,,,,,,,,
TIAL1,,,,,,,,,,,,
BAG3,,,,,,,,,,,,
INPP5F,,,,,,,,,,,,
MCMBP,,,,,,,,,,,,
SEC23IP,,,,,,,,,,,,
PLPP4,,,,,,,,,,,,
WDR11,,,,,,,,,,,,
FGFR2,,,,-0.9693729588586808,-0.25887030975314634,-0.6141216343059136,,,,,,
ATE1,,,,,,,,,,,,
NSMCE4A,,,,,,,,,,,,
TACC2,,,,,,,,,,,,
PLEKHA1,,,,,,,,,,,,
C10orf88,,,,,,,,,,,,
PSTK,,,,,,,,,,,,
IKZF5,,,,,,,,,,,,
ACADSB,,,,,,,,,,,,
BUB3,,,,,,,,,,,,
CHST15,,,,,,,,,,,,
OAT,,,,,,,,,,,,
LHPP,,,,,,,,,,,,
FAM53B,,,,,,,,,,,,
EEF1AKMT2,,,,,,,,,,,,
ABRAXAS2,,,,,,,,,,,,
ZRANB1,,,,,,,,,,,,
CTBP2,,,,,,,,,,,,
EDRF1,,,,,,,,,,,,
UROS,,,,,,,,,,,,
BCCIP,,,,,,,,,,,,
DHX32,,,,,,,,,,,,
DOCK1,,,,,,,,,,,,
MKI67,,,,,,,,,,,,
EBF3,,,,,,,,,,,,
GLRX3,,,,,,,,,,,,
PPP2R2D,,,,,,,,,,,,
BNIP3,,,,,,,,,,,,
STK32C,,,,,,,,,,,,
INPP5A,,,,,,,,,,,,
TUBGCP2,,,,,,,,,,,,
ZNF511,,,,,,,,,,,,
FUOM,-0.3701545108760358,-0.03889050455558048,-0.20452250771580813,,,,,,,,,
ECHS1,,,,,,,,,,,,
MTG1,,,,,,,,,,,,
BET1L,,,,,,,,,,,,
RIC8A,,,,-0.6972807773941844,-0.6972807773941844,-0.6972807773941844,,,,,,
SIRT3,,,,,,,,,,,,
PSMD13,,,,,,,,,,,,
IFITM2,-0.2701213060001354,-0.061329999778319565,-0.16572565288922747,-0.6637426478260782,-0.6637426478260782,-0.6637426478260782,,,,-0.30080838340229665,-0.05323436154097505,-0.17702137247163585
IFITM1,-0.24260266850933446,-0.06103033206122424,-0.15181650028527935,,,,-0.43640726965395255,-0.0640396974934819,-0.2502234835737172,,,
SIGIRR,-0.3348144745309467,-0.06769923886526026,-0.20125685669810348,,,,,,,,,
PTDSS2,,,,,,,,,,,,
RNH1,,,,,,,,,,,,
HRAS,-0.49737758512791497,-0.07883185583255588,-0.28810472048023544,,,,,,,,,
RASSF7,,,,,,,,,,,,
PHRF1,,,,,,,,,,,,
DEAF1,,,,,,,,,,,,
TMEM80,,,,,,,,,,,,
TALDO1,-0.5133340727086587,-0.09667734126930466,-0.30500570698898166,,,,,,,,,
GATD1,,,,,,,,,,,,
SLC25A22,,,,,,,,,,,,
RPLP2,-0.9684676995560647,-0.1842966640947354,-0.5763821818254,,,,,,,,,
PNPLA2,,,,,,,,,,,,
CD151,,,,,,,,,,,,
POLR2L,,,,,,,,,,,,
TSPAN4,,,,,,,,,,,,
CHID1,,,,,,,,,,,,
AP2A2,,,,,,,,,,,,
TOLLIP,,,,,,,,,,,,
BRSK2,,,,,,,,,,,,
MOB2,,,,,,,,,,,,
CTSD,,,,,,,,,,,,
MRPL23,-0.5145945686141714,-0.09751678351709324,-0.30605567606563233,,,,,,,,,
CD81,-0.32015607937783164,-0.054776128082500056,-0.18746610373016584,,,,,,,,,
TSSC4,,,,,,,,,,,,
CDKN1C,,,,-0.6142161890099475,-0.6142161890099475,-0.6142161890099475,,,,,,
PHLDA2,-0.19009191796998254,-0.05913719703209294,-0.12461455750103774,-0.7020766748265123,-0.7020766748265123,-0.7020766748265123,-0.5743745749832166,-0.07139282356041954,-0.3228836992718181,,,
NAP1L4,,,,,,,,,,,,
CARS1,,,,,,,,,,,,
OSBPL5,,,,,,,,,,,,
ZNF195,,,,,,,,,,,,
ART5,,,,-0.6631077376237561,-0.6631077376237561,-0.6631077376237561,,,,,,
NUP98,,,,,,,,,,,,
PGAP2,,,,,,,,,,,,
RHOG,,,,-0.6945182684921596,-0.6945182684921596,-0.6945182684921596,,,,,,
STIM1,,,,,,,,,,,,
RRM1,,,,,,,,,,,,
APBB1,,,,,,,,,,,,
ARFIP2,,,,,,,,,,,,
TIMM10B,,,,-0.9821900895037301,-0.31960689631834566,-0.6508984929110379,,,,,,
DNHD1,,,,-0.6787471039177483,-0.6787471039177483,-0.6787471039177483,,,,,,
RRP8,,,,,,,,,,,,
ILK,,,,,,,,,,,,
TAF10,,,,,,,,,,,,
MRPL17,-0.6305552165743958,-0.12944357925508929,-0.3799993979147426,-0.9834794915736706,-0.3364784936355725,-0.6599789926046216,-0.9172696210311277,-0.19512009497350824,-0.5561948580023179,,,
ZNF215,,,,,,,,,,,,
EIF3F,,,,,,,,,,,,
TUB,,,,,,,,,,,,
STK33,,,,,,,,,,,,
TRIM66,,,,,,,,,,,,
RPL27A,,,,,,,,,,,,
DENND2B,,,,,,,,,,,,
AKIP1,,,,,,,,,,,,
TMEM9B,,,,-0.6870020752792703,-0.6870020752792703,-0.6870020752792703,,,,,,
NRIP3,,,,,,,,,,,,
DENND5A,,,,,,,,,,,,
TMEM41B,,,,,,,,,,,,
IPO7,,,,,,,,,,,,
ZNF143,,,,,,,,,,,,
WEE1,,,,,,,,,,,,
SWAP70,,,,,,,,,,,,
SBF2,,,,,,,,,,,,
RNF141,,,,,,,,,,,,
CTR9,,,,,,,,,,,,
EIF4G2,,,,,,,,,,,,
ZBED5,,,,,,,,,,,,
GALNT18,,,,,,,,,,,,
USP47,,,,,,,,,,,,
PARVA,,,,,,,,,,,,
TEAD1,,,,,,,,,,,,
BTBD10,,,,,,,,,,,,
FAR1,,,,,,,,,,,,
SPON1,,,,,,,,,,,,
RRAS2,,,,,,,,,,,,
COPB1,,,,,,,,,,,,
PSMA1,,,,,,,,,,,,
PDE3B,,,,,,,,,,,,
CYP2R1,,,,,,,,,,,,
CALCB,,,,,,,,,,,,
SOX6,,,,,,,,,,,,
C11orf58,,,,,,,,,,,,
PLEKHA7,,,,,,,,,,,,
RPS13,-0.6143224215054428,-0.15430066761754166,-0.38431154456149225,,,,,,,,,
PIK3C2A,,,,,,,,,,,,
NUCB2,,,,,,,,,,,,
NCR3LG1,,,,,,,,,,,,
SERGEF,,,,,,,,,,,,
SAAL1,,,,,,,,,,,,
HPS5,,,,,,,,,,,,
GTF2H1,,,,,,,,,,,,
LDHA,,,,,,,,,,,,
LDHC,,,,,,,,,,,,
TSG101,,,,,,,,,,,,
UEVLD,,,,,,,,,,,,
MISFA,,,,,,,,,,,,
SPTY2D1,,,,,,,,,,,,
ZDHHC13,,,,,,,,,,,,
E2F8,,,,,,,,,,,,
NAV2,,,,,,,,,,,,
HTATIP2,-0.3652467517340163,-0.0348114384426111,-0.20002909508831368,,,,,,,-0.35253055446022535,-0.03961014572389842,-0.1960703500920619
PRMT3,,,,,,,,,,,,
ANO5,,,,,,,,,,,,
SVIP,,,,,,,,,,,,
CCDC34,,,,,,,,,,,,
LGR4,,,,,,,,,,,,
LIN7C,,,,,,,,,,,,
KIF18A,,,,,,,,,,,,
METTL15,,,,,,,,,,,,
ARL14EP,,,,,,,,,,,,
MPPED2,,,,,,,,,,,,
DNAJC24,,,,,,,,,,,,
IMMP1L,,,,,,,,,,,,
ELP4,,,,,,,,,,,,
PAX6,,,,,,,,,,,,
RCN1,,,,,,,,,,,,
WT1,,,,,,,,,,,,
EIF3M,,,,,,,,,,,,
CCDC73,-0.11774344977833386,-0.03893779543209332,-0.07834062260521359,-0.9250801157182389,-0.19474399681101925,-0.559912056264629,,,,-0.18339231698566152,-0.0484196883484573,-0.11590600266705942
PRRG4,,,,-0.7215824019249952,-0.7215824019249952,-0.7215824019249952,,,,,,
QSER1,,,,,,,,,,,,
DEPDC7,,,,,,,,,,,,
TCP11L1,,,,,,,,,,,,
CSTF3,,,,,,,,,,,,
HIPK3,,,,,,,,,,,,
KIAA1549L,,,,,,,,,,,,
CD59,-0.3888360419632091,-0.05183045472506514,-0.22033324834413712,,,,,,,,,
FBXO3,,,,,,,,,,,,
CAPRIN1,,,,,,,,,,,,
NAT10,,,,,,,,,,,,
ABTB2,,,,,,,,,,,,
CAT,,,,,,,,,,,,
APIP,,,,,,,,,,,,
PDHX,,,,,,,,,,,,
PAMR1,,,,,,,,,,,,
FJX1,,,,,,,,,,,,
TRIM44,,,,,,,,,,,,
LDLRAD3,,,,,,,,,,,,
COMMD9,,,,,,,,,,,,
TRAF6,,,,,,,,,,,,
IFTAP,,,,,,,,,,,,
LRRC4C,-0.13795488340421502,-0.03988247527992299,-0.08891867934206901,-0.5277664309277023,-0.5277664309277023,-0.5277664309277023,,,,-0.15616037057492363,-0.024691690682089533,-0.09042603062850658
API5,,,,,,,,,,,,
TTC17,,,,,,,,,,,,
HSD17B12,,,,,,,,,,,,
ALKBH3,,,,,,,,,,,,
EXT2,,,,,,,,,,,,
ALX4,,,,,,,,,,,,
TSPAN18,,,,,,,,,,,,
TP53I11,-0.3172198624011471,-0.05633994156088155,-0.18677990198101432,,,,,,,,,
CRY2,,,,,,,,,,,,
PEX16,-0.33277972902125635,-0.047470700521340635,-0.19012521477129848,,,,-0.42094977382654714,-0.07739730110756722,-0.24917353746705717,,,
PHF21A,,,,,,,,,,,,
DGKZ,,,,,,,,,,,,
MDK,-0.24138395597937384,-0.024270735907933876,-0.13282734594365386,,,,,,,,,
AMBRA1,,,,,,,,,,,,
ATG13,,,,,,,,,,,,
ARHGAP1,,,,,,,,,,,,
CKAP5,,,,,,,,,,,,
LRP4,,,,,,,,,,,,
CSTPP1,,,,,,,,,,,,
ARFGAP2,,,,,,,,,,,,
PACSIN3,,,,,,,,,,,,
DDB2,,,,,,,,,,,,
ACP2,,,,-0.6280798473662064,-0.6280798473662064,-0.6280798473662064,,,,,,
NR1H3,,,,,,,,,,,,
MADD,,,,,,,,,,,,
SLC39A13,,,,,,,,,,,,
PSMC3,-0.6133967002987277,-0.10013453354539346,-0.3567656169220606,-0.9789529892869987,-0.18628552403733314,-0.582619256662166,,,,,,
CELF1,,,,,,,,,,,,
NDUFS3,,,,,,,,,,,,
PTPMT1,,,,,,,,,,,,
MTCH2,,,,,,,,,,,,
FNBP4,,,,,,,,,,,,
NUP160,,,,,,,,,,,,
PTPRJ,,,,,,,,,,,,
OR5D3P,,,,,,,,,,-0.2779223648787439,-0.05137501604102884,-0.16464869045988637
TNKS1BP1,,,,,,,,,,,,
SSRP1,,,,,,,,,,,,
RTN4RL2,,,,,,,,,,,,
SLC43A1,,,,,,,,,,,,
TIMM10,,,,,,,,,,,,
CLP1,,,,,,,,,,,,
ZDHHC5,,,,,,,,,,,,
MED19,,,,,,,,,,,,
TMX2,,,,,,,,,,,,
SELENOH,,,,-0.9795936848515495,-0.1750223082275671,-0.5773079965395583,,,,,,
CTNND1,,,,,,,,,,,,
ZFP91,,,,,,,,,,,,
OSBP,,,,,,,,,,,,
PATL1,,,,,,,,,,,,
STX3,,,,,,,,,,,,
MRPL16,,,,,,,,,,,,
CCDC86,,,,,,,,,,,,
PRPF19,,,,,,,,,,,,
TMEM109,,,,,,,,,,,,
TMEM132A,,,,,,,,,,,,
VPS37C,,,,,,,,,,,,
DDB1,,,,,,,,,,,,
TKFC,,,,,,,,,,,,
CYB561A3,,,,,,,,,,,,
TMEM138,,,,,,,,,,,,
TMEM216,,,,,,,,,,,,
CPSF7,,,,,,,,,,,,
SDHAF2,,,,,,,,,,,,
TMEM258,,,,,,,,,,,,
FEN1,,,,,,,,,,,,
FADS2,,,,,,,,,,,,
FADS1,,,,,,,,,,,,
FADS3,,,,-0.9612970361333522,-0.26459451566482456,-0.6129457758990884,,,,-0.141637940208016,-0.011947805744093274,-0.07679287297605464
FTH1,,,,,,,,,,,,
INCENP,,,,,,,,,,,,
ASRGL1,,,,,,,,,,,,
AHNAK,,,,,,,,,,,,
EEF1G,,,,,,,,,,,,
TUT1,,,,,,,,,,,,
MTA2,,,,,,,,,,,,
B3GAT3,,,,,,,,,,,,
GANAB,,,,,,,,,,,,
INTS5,,,,,,,,,,,,
CSKMT,,,,,,,,,,,,
UQCC3,,,,,,,,,,,,
UBXN1,,,,,,,,,,,,
BSCL2,,,,,,,,,,,,
HNRNPUL2,,,,,,,,,,,,
TTC9C,,,,,,,,,,,,
POLR2G,,,,,,,,,,,,
TAF6L,,,,-0.7433963499191598,-0.7433963499191598,-0.7433963499191598,,,,,,
TMEM223,,,,,,,,,,,,
TMEM179B,,,,,,,,,,,,
NXF1,,,,,,,,,,,,
STX5,,,,,,,,,,,,
WDR74,,,,,,,,,,,,
SLC3A2,,,,,,,,,,,,
PLAAT3,,,,,,,,,,-0.36722997758600584,-0.05352424878987445,-0.21037711318794014
ATL3,,,,,,,,,,,,
RTN3,,,,,,,,,,,,
ZFTA,,,,,,,,,,,,
SPINDOC,,,,,,,,,,,,
MARK2,,,,,,,,,,,,
NAA40,,,,,,,,,,,,
COX8A,,,,,,,,,,,,
OTUB1,,,,,,,,,,,,
MACROD1,,,,,,,,,,,,
STIP1,,,,,,,,,,,,
TRPT1,,,,-0.9869490025899414,-0.33037095058606825,-0.6586599765880048,,,,,,
NUDT22,,,,,,,,,,,,
DNAJC4,,,,,,,,,,,,
VEGFB,,,,,,,,,,,,
FKBP2,,,,,,,,,,,,
PPP1R14B,,,,,,,,,,,,
PLCB3,,,,,,,,,,,,
BAD,,,,,,,,,,,,
GPR137,,,,,,,,,,,,
ESRRA,,,,,,,,,,,,
TRMT112,,,,,,,,,,,,
PRDX5,,,,,,,,,,,,
RASGRP2,-0.2713086075946285,-0.0875424246344497,-0.1794255161145391,-0.7780255995406516,-0.7780255995406516,-0.7780255995406516,,,,,,
SF1,,,,,,,,,,,,
MEN1,,,,,,,,,,,,
EHD1,,,,,,,,,,,,
ATG2A,,,,,,,,,,,,
ARL2,,,,,,,,,,,,
SNX15,,,,,,,,,,,,
SAC3D1,,,,,,,,,,,,
CDCA5,,,,,,,,,,,,
ZFPL1,,,,,,,,,,,,
TMEM262,,,,,,,,,,,,
VPS51,,,,,,,,,,,,
TM7SF2,,,,,,,,,,,,
ZNHIT2,-0.30281230968558087,-0.06266773125700786,-0.18274002047129437,,,,-0.6689125199761695,-0.09026112878314156,-0.3795868243796555,,,
FAU,-0.592875303894525,-0.09936737431287877,-0.3461213391037019,,,,,,,,,
SYVN1,,,,,,,,,,,,
MRPL49,,,,,,,,,,,,
CAPN1,,,,,,,,,,,,
POLA2,,,,,,,,,,,,
CDC42EP2,,,,,,,,,,,,
DPF2,,,,,,,,,,,,
FRMD8,,,,,,,,,,,,
SCYL1,,,,,,,,,,,,
LTBP3,,,,,,,,,,,,
ZNRD2,-0.48302258049873203,-0.09440631345719971,-0.2887144469779659,,,,-0.7088283154346465,-0.03851967509872507,-0.3736739952666858,-0.5994372770320557,-0.061578347127585746,-0.3305078120798207
FAM89B,,,,,,,,,,,,
MAP3K11,,,,,,,,,,,,
PCNX3,,,,,,,,,,,,
RELA,,,,,,,,,,,,
KAT5,,,,-0.7325149975281676,-0.7325149975281676,-0.7325149975281676,,,,,,
RNASEH2C,,,,,,,,,,,,
AP5B1,,,,,,,,,,,,
CFL1,,,,,,,,,,,,
MUS81,,,,,,,,,,,,
FIBP,,,,,,,,,,,,
CCDC85B,,,,,,,,,,,,
C11orf68,,,,,,,,,,,,
DRAP1,,,,,,,,,,,,
SART1,,,,,,,,,,,,
EIF1AD,,,,,,,,,,,,
BANF1,,,,,,,,,,,,
SF3B2,,,,,,,,,,,,
PACS1,,,,,,,,,,,,
KLC2,,,,,,,,,,,,
RAB1B,,,,,,,,,,,,
YIF1A,-0.3208474316843327,-0.04653949529354837,-0.18369346348894056,,,,,,,-0.8529399662925815,-0.09378722551719391,-0.4733635959048877
BRMS1,,,,,,,,,,,,
B4GAT1,,,,,,,,,,,,
SLC29A2,,,,,,,,,,,,
MRPL11,,,,,,,,,,,,
DPP3,,,,,,,,,,,,
BBS1,,,,,,,,,,,,
ZDHHC24,,,,,,,,,,,,
CCS,,,,,,,,,,,,
RBM14,,,,,,,,,,,,
RBM4,,,,,,,,,,,,
RBM4B,,,,,,,,,,,,
SPTBN2,,,,,,,,,,,,
C11orf80,,,,,,,,,,,,
RCE1,,,,,,,,,,,,
PC,,,,,,,,,,,,
LRFN4,,,,,,,,,,,,
KDM2A,,,,,,,,,,,,
GRK2,,,,,,,,,,,,
ANKRD13D,,,,,,,,,,,,
RAD9A,,,,,,,,,,,,
POLD4,,,,,,,,,,,,
PPP1CA,,,,,,,,,,,,
RPS6KB2,,,,,,,,,,,,
CORO1B,,,,,,,,,,,,
TMEM134,,,,-0.7210755035755542,-0.7210755035755542,-0.7210755035755542,,,,,,
AIP,,,,,,,,,,,,
CDK2AP2,,,,,,,,,,,,
GSTP1,-0.3678939233518237,-0.08774422024930102,-0.22781907180056235,,,,-0.7299552264101103,-0.09013684517530816,-0.41004603579270926,-0.6235079424843181,-0.16405545195459076,-0.39378169721945444
NDUFV1,,,,,,,,,,,,
NUDT8,,,,,,,,,,,,
NDUFS8,,,,,,,,,,,,
CHKA,,,,,,,,,,,,
KMT5B,,,,,,,,,,-0.3028291345365508,-0.03649385202829587,-0.16966149328242333
C11orf24,,,,,,,,,,,,
LRP5,,,,,,,,,,,,
PPP6R3,,,,,,,,,,,,
GAL,,,,,,,,,,,,
TESMIN,,,,,,,,,,,,
CPT1A,,,,,,,,,,,,
MRPL21,,,,,,,,,,,,
IGHMBP2,,,,,,,,,,,,
TPCN2,,,,,,,,,,,,
CCND1,,,,,,,,,,,,
LTO1,,,,,,,,,,,,
FADD,,,,,,,,,,,,
PPFIA1,,,,,,,,,,,,
CTTN,,,,,,,,,,,,
SHANK2,-0.0785839747249941,-0.0043189508172106665,-0.04145146277110238,-0.9721711894261694,-0.2688287067776198,-0.6204999481018946,,,,,,
DHCR7,,,,,,,,,,,,
NADSYN1,,,,,,,,,,,,
XNDC1N,,,,,,,,,,,,
RNF121,,,,,,,,,,,,
NUMA1,,,,,,,,,,,,
LAMTOR1,,,,,,,,,,,,
ANAPC15,,,,,,,,,,,,
INPPL1,,,,,,,,,,,,
CLPB,,,,,,,,,,,,
ARAP1,,,,,,,,,,,,
STARD10,,,,,,,,,,,,
FCHSD2,,,,,,,,,,,,
RELT,,,,,,,,,,,,
FAM168A,,,,,,,,,,,,
RAB6A,,,,,,,,,,,,
MRPL48,,,,,,,,,,,,
COA4,,,,,,,,,,,,
PAAF1,,,,,,,,,,,,
UCP2,,,,,,,,,,,,
C2CD3,,,,,,,,,,,,
PPME1,,,,,,,,,,,,
PGM2L1,-0.11006699570389789,0.010297761373122669,-0.049884617165387606,,,,,,,,,
LIPT2,,,,-0.522473794855519,-0.522473794855519,-0.522473794855519,,,,,,
POLD3,,,,,,,,,,,,
RNF169,,,,,,,,,,,,
XRRA1,,,,,,,,,,,,
SPCS2,,,,,,,,,,,,
NEU3,,,,,,,,,,,,
ARRB1,,,,,,,,,,,,
RPS3,-0.37760834658673464,-0.09203504567596162,-0.23482169613134812,,,,,,,,,
SERPINH1,,,,,,,,,,,,
DGAT2,,,,,,,,,,,,
UVRAG,,,,,,,,,,,,
THAP12,,,,,,,,,,,,
EMSY,,,,,,,,,,,,
ACER3,,,,,,,,,,,,
PAK1,,,,,,,,,,,,
CLNS1A,,,,,,,,,,,,
AQP11,,,,,,,,,,,,
RSF1,,,,,,,,,,,,
AAMDC,-0.49913232189697426,-0.1335801591371712,-0.31635624051707273,,,,,,,-0.7346498602714187,-0.1201705279354149,-0.4274101941034168
INTS4,,,,,,,,,,,,
NDUFC2,,,,,,,,,,,,
ALG8,,,,,,,,,,,,
GAB2,,,,,,,,,,,,
NARS2,,,,,,,,,,,,
TENM4,,,,,,,,,,,,
PRCP,,,,,,,,,,,,
DDIAS,,,,,,,,,,,,
RAB30,,,,,,,,,,,,
PCF11,,,,,,,,,,,,
ANKRD42,,,,,,,,,,,,
CCDC90B,,,,,,,,,,,,
DLG2,,,,,,,,,,,,
TMEM126B,,,,,,,,,,,,
TMEM126A,,,,,,,,,,,,
CREBZF,,,,,,,,,,,,
PICALM,,,,,,,,,,,,
EED,,,,,,,,,,,,
HIKESHI,,,,,,,,,,,,
PRSS23,,,,,,,,,,,,
TMEM135,,,,,,,,,,,,
RAB38,,,,,,,,,,,,
CTSC,,,,,,,,,,,,
CHORDC1,,,,,,,,,,,,
FAT3,,,,,,,,,,,,
SLC36A4,,,,,,,,,,,,
SMCO4,,,,,,,,,,,,
CEP295,,,,,,,,,,,,
TAF1D,,,,,,,,,,,,
C11orf54,,,,,,,,,,,,
MED17,,,,,,,,,,,,
MRE11,,,,,,,,,,,,
ANKRD49,,,,,,,,,,,,
AMOTL1,,,,,,,,,,,,
CWC15,,,,,,,,,,,,
KDM4D,,,,,,,,,,,,
SRSF8,,,,,,,,,,,,
ENDOD1,,,,,,,,,,,,
SESN3,,,,,,,,,,,,
FAM76B,,,,,,,,,,,,
CEP57,,,,,,,,,,,,
MTMR2,,,,,,,,,,,,
MAML2,,,,,,,,,,,,
CCDC82,,,,,,,,,,,,
JRKL,,,,,,,,,,,,
ARHGAP42,,,,,,,,,,,,
CEP126,,,,,,,,,,,,
CFAP300,,,,-0.5677955401830795,-0.5677955401830795,-0.5677955401830795,,,,,,
YAP1,,,,,,,,,,,,
BIRC2,,,,,,,,,,,,
TMEM123,,,,,,,,,,,,
DCUN1D5,,,,,,,,,,,,
DYNC2H1,,,,,,,,,,,,
MSANTD4,,,,,,,,,,,,
KBTBD3,,,,,,,,,,,,
AASDHPPT,,,,,,,,,,,,
GUCY1A2,,,,,,,,,,,,
CWF19L2,,,,,,,,,,,,
ALKBH8,,,,,,,,,,,,
ELMOD1,,,,,,,,,,,,
SLC35F2,,,,,,,,,,,,
RAB39A,,,,,,,,,,,,
CUL5,,,,,,,,,,,,
ACAT1,,,,,,,,,,,,
NPAT,,,,,,,,,,,,
ATM,,,,,,,,,,,,
C11orf65,,,,,,,,,,,,
POGLUT3,,,,,,,,,,,,
EXPH5,,,,,,,,,,,,
DDX10,,,,,,,,,,,,
RDX,,,,,,,,,,,,
ZC3H12C,,,,,,,,,,,,
FDX1,,,,,,,,,,,,
ARHGAP20,,,,,,,,,,,,
LAYN,,,,,,,,,,,,
SIK2,,,,,,,,,,,,
PPP2R1B,,,,,,,,,,,,
ALG9,,,,,,,,,,,,
FDXACB1,-0.09041360804888729,-0.008879955717807066,-0.049646781883347174,,,,,,,,,
CFAP68,,,,,,,,,,,,
DIXDC1,,,,,,,,,,,,
DLAT,,,,,,,,,,,,
PIH1D2,,,,,,,,,,,,
NKAPD1,,,,,,,,,,,,
TIMM8B,-0.9616100855227793,-0.26296043349651294,-0.6122852595096461,,,,,,,,,
SDHD,,,,,,,,,,,,
PTS,,,,,,,,,,,,
NCAM1,,,,,,,,,,,,
TTC12,,,,,,,,,,,,
ZW10,,,,,,,,,,,,
USP28,,,,,,,,,,,,
ZBTB16,,,,,,,,,,,,
C11orf71,,,,,,,,,,,,
RBM7,,,,,,,,,,,,
REXO2,,,,,,,,,,,,
CADM1,,,,,,,,,,,,
BUD13,,,,,,,,,,,,
ZPR1,,,,,,,,,,,,
SIK3,,,,,,,,,,,,
PAFAH1B2,,,,,,,,,,,,
SIDT2,,,,,,,,,,,,
PCSK7,,,,,,,,,,,,
RNF214,,,,,,,,,,,,
BACE1,,,,,,,,,,,,
CEP164,,,,,,,-0.7018991599177161,-0.07164709786115163,-0.3867731288894339,,,
FXYD6,,,,,,,,,,,,
UBE4A,,,,,,,,,,,,
ATP5MG,-0.9773009832502847,-0.32392616386294704,-0.6506135735566159,,,,,,,,,
KMT2A,,,,,,,,,,,,
IFT46,,,,,,,,,,,,
ARCN1,,,,,,,,,,,,
PHLDB1,,,,,,,,,,,,
DDX6,,,,,,,,,,,,
BCL9L,,,,-0.5776308629161899,-0.5776308629161899,-0.5776308629161899,,,,,,
CENATAC,,,,,,,,,,,,
RPS25,,,,,,,,,,,,
TRAPPC4,,,,,,,,,,,,
SLC37A4,,,,,,,,,,,,
HYOU1,,,,,,,,,,,,
VPS11,,,,,,,,,,,,
HMBS,,,,,,,,,,,,
DPAGT1,,,,,,,,,,,,
HINFP,,,,-0.7648921357982238,-0.7648921357982238,-0.7648921357982238,,,,,,
NLRX1,,,,-0.4893772455606677,-0.4893772455606677,-0.4893772455606677,,,,,,
CBL,,,,,,,,,,,,
RNF26,,,,,,,,,,,,
USP2,,,,,,,,,,,,
NECTIN1,,,,,,,,,,,,
OAF,,,,,,,,,,,,
POU2F3,,,,,,,,,,,,
TLCD5,,,,,,,,,,,,
ARHGEF12,,,,,,,,,,,,
GRIK4,,,,,,,,,,,,
TBCEL,,,,,,,,,,,,
SC5D,,,,,,,,,,,,
SORL1,,,,,,,,,,,,
UBASH3B,,,,,,,,,,,,
JHY,,,,,,,,,,,,
HSPA8,,,,,,,,,,,,
CLMP,,,,,,,,,,,,
GRAMD1B,,,,,,,,,,,,
ZNF202,,,,,,,,,,,,
TBRG1,,,,,,,,,,,,
SPA17,,,,,,,,,,,,
NRGN,-0.236732106159585,-0.028705229290607124,-0.13271866772509608,-0.7608732036652602,-0.7608732036652602,-0.7608732036652602,,,,,,
MSANTD2,,,,,,,,,,,,
CCDC15,,,,,,,,,,,,
TMEM218,,,,,,,,,,,,
PKNOX2,,,,,,,,,,,,
FEZ1,,,,,,,,,,,,
EI24,,,,,,,,,,,,
STT3A,-0.426960933836199,-0.07305038776040508,-0.25000566079830205,,,,,,,,,
CHEK1,,,,,,,,,,,,
PUS3,,,,,,,,,,,,
CDON,,,,,,,,,,,,
RPUSD4,,,,,,,,,,,,
FAM118B,,,,,,,,,,,,
SRPRA,,,,,,,,,,,,
FOXRED1,,,,,,,,,,,,
TIRAP,,,,,,,0.11013994570438491,0.8665073531094944,0.4883236494069397,,,
DCPS,,,,,,,-0.8375773402691129,-0.1265668858554376,-0.48207211306227526,,,
ST3GAL4,,,,,,,,,,,,
FLI1,,,,,,,,,,,,
ARHGAP32,,,,,,,,,,,,
BARX2,,,,,,,,,,,,
NFRKB,,,,,,,,,,,,
PRDM10,,,,,,,,,,,,
APLP2,,,,,,,,,,,,
ZBTB44,,,,,,,,,,,,
JAM3,,,,,,,,,,,,
NCAPD3,,,,,,,,,,,,
VPS26B,,,,,,,,,,,,
THYN1,,,,,,,,,,,,
ACAD8,,,,-0.7490417232083773,-0.7490417232083773,-0.7490417232083773,,,,,,
GLB1L2,,,,,,,,,,,,
KDM5A,,,,,,,,,,,,
CCDC77,,,,,,,,,,,,
B4GALNT3,,,,,,,,,,,,
WNK1,,,,,,,,,,,,
RAD52,,,,,,,,,,,,
ERC1,,,,,,,,,,,,
WNT5B,,,,,,,,,,,,
FBXL14,,,,,,,,,,,,
ADIPOR2,,,,,,,,,,,,
DCP1B,,,,,,,,,,,,
CACNA1C,,,,,,,,,,,,
FKBP4,,,,,,,,,,,,
ITFG2,,,,,,,,,,,,
FOXM1,,,,,,,,,,,,
RHNO1,,,,,,,,,,,,
TULP3,,,,,,,,,,,,
TEAD4,,,,,,,,,,,,
TSPAN9,-0.12224481177602622,-0.010106735492049403,-0.06617577363403782,,,,,,,,,
CRACR2A,,,,,,,,,,,,
PARP11,,,,,,,,,,,,
CCND2,,,,,,,,,,,,
TIGAR,,,,,,,,,,,,
FGF23,,,,-0.798834484647676,-0.16238268890502883,-0.48060858677635243,,,,-0.12358289994683,-0.03744837812987331,-0.08051563903835166
C12orf4,,,,,,,,,,,,
RAD51AP1,,,,,,,,,,,,
DYRK4,,,,,,,,,,,,
NDUFA9,,,,,,,,,,,,
CD9,,,,,,,,,,,,
TNFRSF1A,,,,,,,,,,,,
MRPL51,-0.6549883821633842,-0.14017382664561612,-0.3975811044045001,,,,,,,,,
NCAPD2,,,,,,,,,,,,
GAPDH,-0.46734307497156974,-0.10056926453799742,-0.28395616975478355,,,,,,,,,
IFFO1,,,,,,,,,,,,
NOP2,,,,,,,,,,,,
CHD4,,,,,,,,,,,,
ING4,,,,,,,,,,,,
ZNF384,,,,,,,,,,,,
COPS7A,,,,,,,,,,,,
MLF2,,,,,,,,,,,,
PTMS,,,,,,,,,,,,
P3H3,,,,,,,,,,,,
CDCA3,,,,,,,,,,,,
USP5,,,,,,,,,,,,
TPI1,,,,,,,,,,,,
LRRC23,,,,,,,,,,,,
ATN1,,,,,,,,,,,,
C12orf57,,,,,,,,,,,,
PHB2,,,,,,,,,,,,
EMG1,,,,,,,,,,,,
LPCAT3,,,,,,,,,,,,
C1S,,,,,,,,,,,,
PEX5,,,,,,,,,,,,
NECAP1,,,,,,,,,,,,
RIMKLB,,,,,,,,,,,,
PHC1,,,,-0.6816486349551821,-0.6816486349551821,-0.6816486349551821,,,,,,
M6PR,,,,,,,,,,,,
KLRG1,,,,,,,,,,,,
CLEC2D,,,,,,,,,,,,
GABARAPL1,,,,,,,,,,,,
MAGOHB,,,,,,,,,,,,
YBX3,,,,,,,,,,,,
PRH1,,,,,,,,,,,,
SMIM10L1,,,,-0.9829428011507023,-0.2502809363696062,-0.6166118687601543,,,,,,
ETV6,,,,,,,,,,,,
BCL2L14,,,,,,,,,,,,
LRP6,,,,,,,,,,,,
BORCS5,,,,,,,,,,,,
DUSP16,,,,,,,,,,,,
CREBL2,,,,,,,,,,,,
CDKN1B,,,,,,,,,,,,
APOLD1,,,,,,,,,,,,
HEBP1,-0.4079585084981772,-0.09409133016247057,-0.2510249193303239,,,,,,,,,
FAM234B,,,,,,,,,,,,
ATF7IP,,,,,,,,,,,,
WBP11,,,,,,,,,,,,
RERG,,,,,,,,,,,,
EPS8,,,,,,,,,,,,
STRAP,,,,,,,,,,,,
DERA,,,,,,,,,,,,
MGST1,,,,,,,,,,,,
PLEKHA5,,,,,,,,,,,,
AEBP2,,,,,,,,,,,,
PDE3A,,,,,,,,,,,,
PYROXD1,,,,,,,,,,,,
RECQL,,,,-0.9907096300084675,-0.42208911981140096,-0.7063993749099342,,,,,,
GOLT1B,,,,,,,,,,,,
LDHB,,,,,,,,,,,,
KCNJ8,,,,,,,,,,,,
CMAS,,,,,,,,,,,,
C2CD5,,,,,,,,,,,,
ETNK1,,,,,,,,,,,,
SOX5,,,,,,,,,,,,
BCAT1,,,,,,,,,,,,
ETFRF1,,,,,,,,,,,,
KRAS,,,,,,,,,,,,
RASSF8,,,,,,,,,,,,
SSPN,,,,,,,,,,,,
ITPR2,,,,,,,,,,,,
INTS13,,,,,,,,,,,,
FGFR1OP2,,,,,,,,,,,,
TM7SF3,,,,,,,,,,,,
MED21,,,,,,,,,,,,
STK38L,,,,,,,,,,,,
BMAL2,,,,,,,,,,,,
PPFIBP1,,,,,,,,,,,,
MRPS35,,,,,,,,,,,,
KLHL42,,,,,,,,,,,,
CCDC91,,,,,,,,,,,,
FAR2,,,,,,,,,,,,
ERGIC2,,,,,,,,,,,,
TMTC1,,,,,,,,,,,,
IPO8,,,,,,,,,,,,
CAPRIN2,,,,,,,,,,,,
DDX11,,,,,,,,,,,,
SINHCAF,,,,,,,,,,,,
DENND5B,,,,,,,,,,,,
AMN1,,,,,,,,,,,,
RESF1,,,,,,,,,,,,
BICD1,,,,,,,,,,,,
FGD4,,,,,,,,,,,,
DNM1L,,,,,,,,,,,,
YARS2,,,,,,,,,,,,
PKP2,,,,,,,,,,,,
CPNE8,,,,,,,,,,,,
KIF21A,,,,,,,,,,,,
C12orf40,-0.11841427945307871,-0.013030219486403047,-0.06572224946974088,-0.9761579907297484,-0.23223843393760138,-0.6041982123336749,,,,,,
SLC2A13,,,,,,,,,,,,
CNTN1,,,,,,,,,,,,
GXYLT1,,,,,,,,,,,,
YAF2,,,,,,,,,,,,
PPHLN1,,,,,,,,,,,,
ZCRB1,,,,,,,,,,,,
PRICKLE1,,,,,,,,,,,,
ADAMTS20,,,,,,,,,,,,
PUS7L,,,,,,,,,,,,
IRAK4,,,,,,,,,,,,
TWF1,,,,-0.9911095684670527,-0.2801688611206736,-0.6356392147938631,,,,,,
TMEM117,,,,,,,,,,,,
NELL2,,,,,,,,,,,,
ANO6,,,,,,,,,,,,
ARID2,,,,,,,,,,,,
SCAF11,,,,,,,,,,,,
SLC38A1,,,,,,,,,,,,
SLC38A2,,,,,,,,,,,,
RPAP3,,,,,,,,,,,,
SLC48A1,-0.11190640557419716,-0.020088032111274544,-0.06599721884273585,-0.9597691139894418,-0.2612567616868883,-0.6105129378381651,,,,-0.1828514063212641,-0.04989398670583301,-0.11637269651354855
HDAC7,,,,-0.8456285080425155,-0.13863790669779255,-0.49213320737015404,,,,,,
TMEM106C,,,,,,,,,,,,
COL2A1,,,,,,,,,,,,
SENP1,-0.25800923456693786,-0.026973246814120846,-0.14249124069052935,,,,,,,,,
PFKM,,,,,,,,,,,,
ASB8,,,,,,,,,,,,
KANSL2,,,,,,,,,,,,
CCNT1,,,,,,,,,,,,
ADCY6,,,,,,,,,,,,
DDX23,,,,,,,,,,,,
CCDC65,,,,,,,,,,,,
FKBP11,,,,,,,,,,,,
ARF3,,,,,,,,,,,,
PRKAG1,,,,,,,,,,,,
KMT2D,,,,,,,,,,,,
LMBR1L,,,,,,,,,,,,
TUBA1B,,,,,,,,,,,,
TUBA1A,,,,,,,,,,,,
TUBA1C,,,,,,,,,,,,
TROAP,,,,,,,,,,,,
SPATS2,,,,,,,,,,,,
MCRS1,,,,,,,,,,,,
PRPF40B,,,,,,,,,,,,
FMNL3,,,,-0.5957989548831174,-0.5957989548831174,-0.5957989548831174,,,,,,
TMBIM6,,,,,,,,,,,,
NCKAP5L,,,,,,,,,,,,
BCDIN3D,,,,-0.6447626230293124,-0.6447626230293124,-0.6447626230293124,,,,,,
RACGAP1,,,,,,,,,,,,
ASIC1,,,,,,,,,,,,
SMARCD1,,,,,,,,,,,,
COX14,,,,,,,,,,,,
CERS5,,,,,,,,,,,,
LIMA1,,,,-0.9531032931037017,-0.19609197004927514,-0.5745976315764885,,,,,,
LARP4,,,,,,,,,,,,
DIP2B,,,,,,,,,,,,
ATF1,,,,,,,,,,,,
METTL7A,,,,,,,,,,,,
SLC11A2,,,,,,,,,,,,
LETMD1,,,,,,,,,,,,
CSRNP2,,,,,,,,,,,,
TFCP2,,,,,,,,,,,,
DAZAP2,,,,,,,,,,,,
GALNT6,,,,,,,,,,,,
SCN8A,,,,,,,,,,,,
ACVR1B,,,,,,,,,,,,
ATG101,,,,,,,,,,,,
KRT8,,,,,,,,,,,,
KRT18,-0.33988828390133335,-0.08185760290683948,-0.2108729434040864,,,,,,,-0.3974813165781816,-0.05880682313905713,-0.22814406985861935
EIF4B,,,,,,,,,,,,
CSAD,,,,,,,,,,,,
ZNF740,,,,-0.8046450658937989,-0.8046450658937989,-0.8046450658937989,,,,,,
MFSD5,,,,-0.6880372049803193,-0.6880372049803193,-0.6880372049803193,,,,,,
ESPL1,,,,,,,,,,,,
PFDN5,-0.5833208126927197,-0.09095757587488176,-0.33713919428380074,,,,,,,,,
MYG1,,,,,,,,,,,,
AAAS,,,,,,,,,,,,
SP1,,,,,,,,,,,,
PRR13,,,,,,,,,,,,
PCBP2,,,,,,,,,,,,
MAP3K12,,,,,,,,,,,,
TARBP2,,,,,,,,,,,,
ATF7,,,,,,,,,,,,
ATP5MC2,-0.6362544004987108,-0.16345576643834023,-0.39985508346852555,,,,,,,-0.9606638762523498,-0.25816754815227017,-0.6094157122023101
HOXC10,,,,,,,,,,,,
HOXC6,,,,,,,,,,,,
HOXC9,,,,,,,,,,,,
HOXC8,,,,,,,,,,,,
HOXC4,,,,,,,,,,,,
SMUG1,,,,,,,,,,,,
CBX5,,,,,,,,,,,,
HNRNPA1,,,,,,,,,,,,
COPZ1,,,,,,,,,,,,
ZNF385A,,,,,,,,,,,,
ITGA5,,,,-0.7269540817938897,-0.7269540817938897,-0.7269540817938897,,,,,,
PPP1R1A,,,,-0.6569917141534589,-0.6569917141534589,-0.6569917141534589,,,,,,
BLOC1S1,-0.7998895607105779,-0.20682446452732897,-0.5033570126189535,,,,,,,,,
CD63,,,,,,,,,,,,
GDF11,,,,,,,,,,,,
SARNP,,,,,,,,,,,,
ORMDL2,-0.3290428904403501,-0.051346084161853725,-0.19019448730110192,-0.9795013005199418,-0.22996618562240337,-0.6047337430711726,,,,,,
DNAJC14,,,,-0.739075400048763,-0.739075400048763,-0.739075400048763,,,,,,
PYM1,,,,-0.9806724089468354,-0.25981273120458165,-0.6202425700757085,,,,,,
CDK2,,,,,,,,,,,,
RAB5B,,,,,,,,,,,,
RPS26,-0.820465857635549,-0.21614824591571877,-0.5183070517756339,,,,,,,,,
PA2G4,,,,,,,,,,,,
RPL41,-0.9591661352526863,-0.27798171776987346,-0.61857392651128,,,,,,,,,
ESYT1,,,,,,,,,,,,
MYL6B,,,,,,,-0.8538450578112268,-0.12823459671114543,-0.4910398272611861,,,
MYL6,,,,-0.9634394825553174,-0.1360648854277576,-0.5497521839915375,,,,,,
SMARCC2,,,,,,,,,,,,
RNF41,,,,,,,,,,,,
NABP2,,,,,,,,,,,,
ANKRD52,,,,,,,,,,,,
COQ10A,,,,,,,,,,,,
CS,,,,,,,,,,,,
CNPY2,,,,-0.9836158084568165,-0.15822939588990884,-0.5709226021733627,,,,,,
STAT2,,,,,,,,,,,,
TIMELESS,,,,,,,,,,,,
SPRYD4,,,,,,,,,,,,
RBMS2,,,,,,,,,,,,
BAZ2A,,,,,,,,,,,,
ATP5F1B,,,,,,,,,,,,
PTGES3,,,,,,,,,,,,
NACA,-0.7347557915200933,-0.18097650577605762,-0.45786614864807545,,,,,,,,,
PRIM1,,,,-0.983898600718087,-0.25512126614196595,-0.6195099334300265,,,,,,
ZBTB39,,,,,,,,,,,,
NEMP1,,,,,,,,,,,,
STAT6,,,,,,,,,,,,
LRP1,,,,,,,,,,,,
SHMT2,,,,,,,,,,,,
R3HDM2,,,,,,,,,,,,
MARS1,,,,,,,,,,,,
MBD6,,,,-0.5344744389874199,-0.5344744389874199,-0.5344744389874199,,,,,,
DCTN2,,,,,,,,,,,,
KIF5A,,,,,,,,,,,,
PIP4K2C,,,,,,,,,,,,
OS9,,,,,,,,,,,,
TSPAN31,,,,,,,,,,,,
CDK4,,,,,,,,,,,,
MARCHF9,,,,-0.7102347941051161,-0.7102347941051161,-0.7102347941051161,,,,,,
METTL1,,,,,,,,,,,,
EEF1AKMT3,,,,,,,,,,,,
TSFM,,,,,,,,,,,,
CTDSP2,,,,,,,,,,,,
ATP23,,,,,,,,,,,,
LRIG3,,,,,,,,,,,,
TAFA2,,,,,,,,,,,,
USP15,,,,,,,,,,,,
MON2,,,,,,,,,,,,
PPM1H,,,,,,,,,,,,
RXYLT1,,,,,,,,,,,,
SRGAP1,,,,,,,,,,,,
KICS2,,,,,,,,,,,,
XPOT,,,,,,,,,,,,
TBK1,,,,,,,,,,,,
RASSF3,,,,,,,,,,,,
GNS,,,,,,,,,,,,
TBC1D30,,,,,,,,,,,,
LEMD3,,,,,,,,,,,,
MSRB3,,,,,,,,,,,,
HMGA2,,,,,,,,,,,,
LLPH,,,,,,,,,,,,
TMBIM4,,,,,,,,,,,,
HELB,,,,,,,,,,,,
GRIP1,,,,,,,,,,,,
CAND1,,,,,,,,,,,,
DYRK2,,,,,,,,,,,,
MDM1,,,,,,,,,,,,
RAP1B,,,,,,,,,,,,
NUP107,,,,,,,,,,,,
SLC35E3,,,,,,,,,,,,
MDM2,,,,,,,,,,,,
CPM,,,,,,,,,,,,
CPSF6,,,,,,,,,,,,
YEATS4,,,,,,,,,,,,
FRS2,,,,,,,,,,,,
CCT2,,,,,,,,,,,,
RAB3IP,,,,,,,,,,,,
CNOT2,,,,,,,,,,,,
KCNMB4,,,,,,,,,,,,
TSPAN8,-0.11448303058675982,-0.06660214534690859,-0.0905425879668342,-0.9669075552530138,-0.23290524568971505,-0.5999064004713643,-0.47679947101642123,-0.04462239841924641,-0.2607109347178338,-0.1952720781346325,-0.07884014050359235,-0.1370561093191124
LGR5,,,,,,,,,,,,
ZFC3H1,,,,,,,,,,,,
THAP2,,,,-0.6884580767478062,-0.6884580767478062,-0.6884580767478062,,,,,,
TMEM19,,,,,,,,,,,,
RAB21,,,,,,,,,,,,
TBC1D15,,,,,,,,,,,,
TRHDE,,,,,,,,,,,,
ATXN7L3B,,,,,,,,,,,,
CAPS2,,,,,,,,,,-0.23809222865251514,-0.025335330157278065,-0.1317137794048966
GLIPR1,,,,,,,,,,,,
KRR1,,,,,,,,,,,,
NAP1L1,,,,,,,,,,,,
OSBPL8,,,,,,,,,,,,
ZDHHC17,,,,,,,,,,,,
CSRP2,,,,,,,,,,,,
E2F7,,,,,,,,,,,,
SYT1,,,,,,,,,,,,
PAWR,,,,,,,,,,,,
PPP1R12A,,,,,,,,,,,,
LIN7A,,,,,,,,,,,,
ACSS3,,,,,,,,,,,,
PPFIA2,,,,,,,,,,,,
CCDC59,,,,-0.9859575313405147,-0.3018437524643686,-0.6439006419024417,,,,,,
METTL25,,,,,,,,,,,,
TMTC2,,,,,,,,,,,,
SLC6A15,,,,,,,,,,,,
ALX1,,,,,,,,,,,,
MGAT4C,-0.09814418851673917,-0.038407161397671225,-0.0682756749572052,-0.4733169357558438,-0.4733169357558438,-0.4733169357558438,,,,-0.17948273166135525,-0.053400256479409255,-0.11644149407038226
C12orf29,,,,,,,,,,,,
CEP290,,,,,,,,,,,,
TMTC3,,,,,,,,,,,,
KITLG,,,,,,,,,,,,
POC1B,,,,,,,,,,,,
ATP2B1,,,,,,,,,,,,
BTG1,,,,,,,,,,,,
EEA1,,,,,,,,,,,,
NUDT4,,,,,,,,,,,,
UBE2N,,,,,,,,,,,,
MRPL42,,,,,,,,,,,,
CRADD,,,,,,,,,,,,
CEP83,,,,,,,,,,,,
TMCC3,,,,,,,,,,,,
NDUFA12,,,,,,,,,,,,
NR2C1,,,,,,,,,,,,
FGD6,,,,,,,,,,,,
VEZT,,,,,,,,,,,,
METAP2,,,,,,,,,,,,
USP44,,,,,,,,,,,,
SNRPF,-0.963796353143458,-0.1918269042537815,-0.5778116286986198,,,,,,,,,
LTA4H,,,,,,,,,,,,
ELK3,,,,,,,,,,,,
CDK17,,,,,,,,,,,,
NEDD1,,,,,,,,,,,,
TMPO,,,,,,,,,,,,
SLC25A3,,,,,,,,,,,,
IKBIP,,,,,,,,,,,,
APAF1,,,,,,,,,,,,
ANKS1B,,,,,,,,,,,,
BLTP3B,,,,-0.9881692105726398,-0.3708391617927793,-0.6795041861827096,,,,,,
ACTR6,,,,,,,,,,,,
DEPDC4,,,,,,,,,,,,
SCYL2,,,,,,,,,,,,
GAS2L3,,,,,,,,,,,,
ANO4,,,,,,,,,,,,
UTP20,,,,,,,,,,,,
ARL1,,,,,,,,,,,,
CHPT1,,,,,,,,,,,,
GNPTAB,,,,,,,,,,,,
WASHC3,,,,,,,,,,,,
NUP37,,,,,,,,,,,,
PARPBP,,,,,,,,,,,,
NT5DC3,,,,,,,,,,,,
HSP90B1,,,,,,,,,,,,
UQCC6,,,,,,,,,,,,
TDG,,,,,,,,,,,,
HCFC2,,,,,,,,,,,,
NFYB,,,,,,,,,,,,
TXNRD1,,,,,,,,,,,,
CHST11,-0.1348217443668071,0.014589212436230327,-0.06011626596528839,-0.963995755813324,-0.24159031428025426,-0.6027930350467892,,,,,,
SLC41A2,,,,,,,,,,,,
NOPCHAP1,-0.5465716860121317,-0.053836520561692205,-0.30020410328691194,,,,,,,,,
ALDH1L2,,,,,,,,,,,,
WASHC4,,,,,,,,,,,,
APPL2,,,,,,,,,,,,
C12orf75,,,,,,,,,,,,
NUAK1,,,,-0.5187873828584397,-0.5187873828584397,-0.5187873828584397,,,,,,
CKAP4,,,,,,,,,,,,
POLR3B,,,,,,,,,,,,
RIC8B,,,,,,,,,,,,
TMEM263,,,,,,,,,,,,
MTERF2,,,,,,,,,,,,
CRY1,,,,,,,,,,,,
ABTB3,,,,,,,,,,,,
PWP1,,,,,,,,,,,,
PRDM4,,,,,,,,,,,,
SART3,,,,,,,,,,,,
ISCU,,,,,,,,,,,,
CORO1C,,,,,,,,,,,,
SSH1,,,,,,,,,,,,
USP30,,,,,,,,,,,,
ALKBH2,-0.2911114564292939,-0.04267578289678207,-0.166893619663038,,,,,,,,,
UNG,,,,,,,,,,,,
ACACB,,,,,,,,,,,,
KCTD10,,,,,,,,,,,,
UBE3B,,,,,,,,,,,,
MMAB,,,,-0.9868152396326051,-0.34195353739932866,-0.6643843885159668,,,,,,
MVK,,,,,,,,,,,,
FAM222A,,,,,,,,,,,,
GLTP,,,,,,,,,,,,
TCHP,,,,,,,,,,,,
GIT2,,,,,,,,,,,,
ANKRD13A,,,,,,,,,,,,
C12orf76,-0.2684263697078611,-0.05139112580472906,-0.15990874775629507,,,,-0.5526623874089882,-0.09568801416328403,-0.3241752007861361,,,
IFT81,,,,,,,,,,,,
ATP2A2,,,,,,,,,,,,
ANAPC7,,,,,,,,,,,,
ARPC3,,,,-0.9827499301553221,-0.2538855454935382,-0.6183177378244301,,,,,,
GPN3,,,,-0.9867020647784674,-0.31750373300031354,-0.6521028988893904,,,,,,
FAM216A,,,,,,,,,,,,
VPS29,,,,,,,,,,,,
PPTC7,,,,,,,,,,,,
TCTN1,,,,,,,,,,,,
PPP1CC,,,,,,,,,,,,
CUX2,,,,-0.9566540385243762,-0.19461620250908065,-0.5756351205167285,,,,,,
SH2B3,,,,,,,,,,,,
ATXN2,,,,,,,,,,,,
BRAP,,,,,,,,,,,,
ACAD10,,,,,,,,,,,,
ALDH2,,,,,,,,,,,,
MAPKAPK5,,,,,,,,,,,,
TMEM116,,,,,,,,,,,,
ERP29,-0.29606025154490456,-0.05894247667970936,-0.17750136411230696,,,,,,,,,
NAA25,,,,,,,,,,,,
TRAFD1,,,,,,,,,,,,
HECTD4,,,,,,,,,,,,
RPL6,,,,,,,,,,,,
PTPN11,,,,,,,,,,,,
DDX54,,,,,,,,,,,,
RITA1,,,,,,,,,,,,
TPCN1,,,,,,,,,,,,
PLBD2,,,,,,,,,,,,
RBM19,,,,,,,,,,,,
TBX3,,,,,,,,,,,,
MED13L,,,,,,,,,,,,
SPRING1,,,,,,,,,,,,
RNFT2,-0.1186375612456437,-0.005502301700716023,-0.062069931473179865,-0.9735141506864441,-0.2957578252759687,-0.6346359879812065,,,,,,
HRK,,,,,,,,,,,,
FBXW8,,,,,,,,,,,,
TESC,-0.05511329964609374,-0.0034381029571598754,-0.029275701301626808,-0.9074213690720303,-0.19641964906035886,-0.5519205090661946,,,,,,
FBXO21,,,,,,,,,,,,
KSR2,,,,,,,,,,,,
RFC5,,,,,,,,,,,,
WSB2,,,,,,,,,,,,
VSIG10,,,,,,,,,,,,
PEBP1,,,,,,,,,,,,
TAOK3,,,,,,,,,,,,
SUDS3,,,,,,,,,,,,
PRKAB1,,,,,,,,,,,,
CIT,,,,,,,,,,,,
RAB35,,,,,,,,,,,,
GCN1,,,,,,,,,,,,
RPLP0,-0.5027461145009556,-0.13144957977130425,-0.31709784713612993,,,,,,,,,
PXN,,,,,,,,,,,,
MSI1,,,,-0.9726106164333449,-0.21217955491156837,-0.5923950856724567,,,,,,
COX6A1,,,,,,,,,,,,
TRIAP1,,,,,,,,,,,,
GATC,,,,,,,,,,,,
SRSF9,,,,,,,,,,,,
DYNLL1,,,,,,,,,,,,
COQ5,,,,,,,,,,,,
RNF10,,,,,,,,,,,,
POP5,,,,,,,,,,,,
MLEC,,,,,,,,,,,,
UNC119B,,,,,,,,,,,,
SPPL3,,,,,,,,,,,,
C12orf43,,,,,,,,,,,,
P2RX4,,,,,,,,,,,,
CAMKK2,,,,,,,,,,,,
ANAPC5,,,,-0.9784158607335844,-0.16021936235743564,-0.5693176115455101,,,,,,
RNF34,,,,,,,,,,,,
KDM2B,,,,,,,,,,,,
ORAI1,,,,,,,,,,,,
TMEM120B,,,,,,,,,,,,
RHOF,,,,,,,,,,,,
SETD1B,,,,,,,,,,,,
PSMD9,-0.5770787560905676,-0.10229258991883822,-0.33968567300470287,,,,,,,,,
CFAP251,-0.12743321029102955,-0.054943535940247,-0.09118837311563828,-0.9749114050137302,-0.3376882751644112,-0.6562998400890707,,,,-0.19521856784626257,-0.0673630554695965,-0.13129081165792955
BCL7A,,,,,,,,,,,,
MLXIP,,,,,,,,,,,,
VPS33A,,,,,,,,,,,,
CLIP1,,,,,,,,,,,,
ZCCHC8,,,,,,,,,,,,
RSRC2,,,,,,,,,,,,
KNTC1,,,,,,,,,,,,
DENR,,,,,,,,,,,,
HIP1R,,,,,,,,,,,,
VPS37B,,,,,,,,,,,,
ABCB9,,,,,,,,,,,,
ARL6IP4,,,,,,,,,,,,
PITPNM2,,,,,,,,,,,,
MPHOSPH9,,,,,,,,,,,,
MTRFR,,,,,,,,,,,,
CDK2AP1,,,,-0.9741539366295895,-0.30645741330781373,-0.6403056749687016,,,,,,
SBNO1,,,,,,,,,,,,
KMT5A,,,,,,,,,,,,
RILPL2,,,,,,,-0.48660650455231697,-0.06763833380381765,-0.2771224191780673,,,
SNRNP35,,,,,,,,,,,,
RILPL1,,,,-0.976494712225233,-0.19938669449768845,-0.5879407033614608,,,,,,
TMED2,,,,,,,,,,,,
DDX55,,,,,,,,,,,,
EIF2B1,,,,,,,,,,,,
GTF2H3,,,,,,,,,,,,
TCTN2,,,,,,,,,,,,
ATP6V0A2,,,,,,,,,,,,
CCDC92,,,,,,,,,,,,
ZNF664,,,,,,,,,,,,
NCOR2,,,,,,,,,,,,
SCARB1,,,,,,,,,,,,
UBC,,,,,,,,,,,,
DHX37,,,,,,,,,,,,
BRI3BP,,,,,,,,,,,,
AACS,,,,,,,,,,,,
SLC15A4,,,,,,,,,,,,
STX2,,,,,,,,,,,,
RAN,-0.38893684437329934,-0.08235549136993785,-0.2356461678716186,,,,,,,,,
SFSWAP,,,,-0.9835145582371314,-0.2870717948381194,-0.6352931765376254,,,,,,
ULK1,,,,,,,,,,,,
PUS1,,,,,,,,,,,,
EP400,,,,,,,,,,,,
DDX51,,,,,,,,,,,,
NOC4L,,,,,,,,,,,,
FBRSL1,,,,,,,,,,,,
POLE,,,,,,,,,,,,
PXMP2,,,,-0.9888548337604923,-0.36639831585095217,-0.6776265748057222,,,,,,
PGAM5,,,,,,,,,,,,
ANKLE2,,,,-0.9891535751855685,-0.3301573273725482,-0.6596554512790583,,,,,,
GOLGA3,,,,,,,,,,,,
CHFR,,,,,,,,,,,,
ZNF26,,,,,,,,,,,,
ZNF84,,,,,,,,,,,,
ZNF140,,,,,,,,,,,,
ZNF891,,,,,,,,,,,,
ZNF10,,,,,,,,,,,,
ZNF268,,,,,,,,,,,,
MPHOSPH8,,,,,,,,,,,,
PSPC1,,,,,,,,,,,,
ZMYM5,,,,,,,,,,,,
ZMYM2,,,,,,,,,,,,
CRYL1,,,,,,,,,,,,
IFT88,,,,,,,,,,,,
EEF1AKMT1,,,,,,,,,,,,
XPO4,,,,,,,,,,,,
LATS2,,,,,,,,,,,,
SAP18,,,,,,,-0.7584222761960728,-0.08098494865837567,-0.41970361242722426,,,
SKA3,,,,,,,,,,,,
MRPL57,,,,,,,,,,,,
ZDHHC20,,,,,,,,,,,,
MICU2,,,,,,,,,,,,
SACS,,,,,,,,,,,,
MIPEP,,,,,,,,,,,,
SPATA13,,,,,,,,,,,,
PARP4,,,,,,,,,,,,
CENPJ,,,,,,,,,,,,
MTMR6,,,,-0.761834250790071,-0.761834250790071,-0.761834250790071,,,,,,
NUP58,,,,,,,,,,,,
SHISA2,,,,-0.6237442816970664,-0.6237442816970664,-0.6237442816970664,,,,,,
RNF6,,,,,,,,,,,,
CDK8,,,,,,,,,,,,
WASF3,,,,,,,,,,,,
USP12,,,,,,,,,,,,
RPL21,,,,,,,,,,,,
GTF3A,,,,,,,,,,,,
MTIF3,,,,,,,,,,,,
LNX2,,,,,,,,,,,,
POLR1D,,,,,,,,,,,,
CDX2,,,,,,,,,,,,
FLT3,,,,-0.4366318174881577,-0.4366318174881577,-0.4366318174881577,,,,-0.16377587256597168,-0.046664264183699525,-0.1052200683748356
PAN3,,,,,,,,,,,,
FLT1,,,,,,,,,,,,
POMP,-0.6421331697704297,-0.13898915515920346,-0.39056116246481654,,,,,,,,,
SLC7A1,,,,,,,,,,,,
UBL3,,,,,,,,,,,,
KATNAL1,,,,,,,,,,,,
HMGB1,,,,,,,,,,,,
USPL1,,,,,,,,,,,,
HSPH1,,,,,,,,,,,,
B3GLCT,,,,,,,,,,,,
FRY,,,,,,,,,,,,
BRCA2,,,,,,,,,,,,
N4BP2L2,,,,,,,,,,,,
PDS5B,,,,,,,,,,,,
STARD13,,,,,,,,,,,,
RFC3,,,,,,,,,,,,
NBEA,,,,,,,,,,,,
SPART,,,,,,,,,,,,
RFXAP,-0.09611786077730353,-0.018720771159786063,-0.0574193159685448,-0.9295154579430205,-0.17625325150357204,-0.5528843547232962,,,,,,
SMAD9,,,,,,,,,,,,
ALG5,,,,,,,,,,,,
EXOSC8,,,,,,,,,,,,
SUPT20H,,,,,,,,,,,,
UFM1,,,,,,,,,,,,
FREM2,,,,,,,,,,,,
PROSER1,,,,,,,,,,,,
NHLRC3,,,,,,,,,,,,
LHFPL6,,,,,,,,,,,,
COG6,,,,,,,,,,,,
FOXO1,,,,,,,,,,,,
MRPS31,,,,,,,,,,,,
SLC25A15,,,,,,,,,,,,
ELF1,,,,,,,,,,,,
WBP4,,,,,,,,,,,,
KBTBD6,,,,,,,,,,,,
KBTBD7,,,,,,,,,,,,
MTRF1,,,,,,,,,,,,
NAA16,,,,,,,,,,,,
VWA8,,,,,,,,,,,,
DGKH,,,,,,,,,,,,
AKAP11,,,,,,,,,,,,
ENOX1,,,,,,,,,,,,
CCDC122,,,,,,,,,,,,
TSC22D1,,,,,,,,,,,,
NUFIP1,,,,,,,,,,,,
GPALPP1,,,,,,,,,,,,
GTF2F2,,,,,,,,,,,,
TPT1,,,,,,,,,,,,
COG3,,,,,,,,,,,,
ZC3H13,,,,,,,,,,,,
LRCH1,,,,,,,,,,,,
ESD,,,,,,,,,,,,
SUCLA2,,,,,,,,,,,,
NUDT15,,,,,,,,,,,,
MED4,,,,,,,,,,,,
ITM2B,,,,,,,,,,,,
RB1,,,,,,,,,,,,
FNDC3A,,,,,,,,,,,,
CDADC1,,,,,,,,,,,,
SETDB2,,,,,,,,,,,,
RCBTB1,,,,,,,,,,,,
EBPL,,,,,,,,,,,,
KPNA3,,,,,,,,,,,,
SPRYD7,,,,,,,,,,,,
TRIM13,,,,,,,,,,,,
RNASEH2B,,,,,,,,,,,,
INTS6,,,,,,,,,,,,
WDFY2,,,,,,,,,,,,
ATP7B,,,,,,,,,,,,
ALG11,,,,,,,,,,,,
NEK3,,,,,,,,,,,,
VPS36,,,,,,,,,,,,
CKAP2,,,,,,,,,,,,
SUGT1,,,,-0.9800666432259234,-0.2561739400957787,-0.618120291660851,,,,,,
PCDH17,,,,,,,,,,,,
DIAPH3,,,,,,,,,,,,
TDRD3,,,,,,,,,,,,
PCDH9,,,,,,,,,,,,
DACH1,,,,,,,,,,,,
MZT1,,,,,,,,,,,,
BORA,,,,,,,,,,,,
DIS3,,,,,,,,,,,,
PIBF1,,,,,,,,,,,,
KLF5,,,,,,,,,,,,
KLF12,,,,,,,,,,,,
TBC1D4,,,,,,,,,,,,
COMMD6,,,,,,,,,,,,
UCHL3,,,,,,,,,,,,
LMO7,,,,,,,,,,,,
KCTD12,,,,,,,,,,,,
CLN5,,,,,,,,,,,,
FBXL3,,,,,,,,,,,,
MYCBP2,,,,,,,,,,,,
SLAIN1,,,,,,,,,,,,
POU4F1,,,,-0.7482250051300935,-0.7482250051300935,-0.7482250051300935,,,,,,
OBI1,,,,,,,,,,,,
RBM26,,,,,,,,,,,,
NDFIP2,,,,,,,,,,,,
SPRY2,,,,,,,,,,,,
SLITRK5,,,,,,,,,,,,
GPC5,,,,,,,,,,,,
GPC6,,,,,,,,,,,,
TGDS,,,,,,,,,,,,
GPR180,,,,,,,,,,,,
ABCC4,,,,,,,,,,,,
DZIP1,,,,,,,,,,,,
DNAJC3,,,,,,,,,,,,
UGGT2,,,,,,,,,,,,
HS6ST3,,,,,,,,,,,,
MBNL2,,,,,,,,,,,,
RAP2A,,,,,,,,,,,,
IPO5,,,,,,,,,,,,
FARP1,,,,,,,,,,,,
STK24,,,,,,,,,,,,
DOCK9,-0.08884584681974629,-0.0027525118767584215,-0.04579917934825235,-0.9871705799977251,-0.2804474221464573,-0.6338090010720911,,,,,,
UBAC2,,,,,,,,,,,,
TM9SF2,,,,,,,,,,,,
CLYBL,,,,,,,,,,,,
ZIC5,,,,,,,,,,,,
ZIC2,,,,,,,,,,,,
PCCA,,,,,,,,,,,,
TMTC4,,,,,,,,,,,,
TPP2,,,,,,,,,,,,
TEX30,,,,,,,,,,,,
BIVM,,,,,,,,,,,,
ERCC5,,,,-0.6564329729728368,-0.6564329729728368,-0.6564329729728368,,,,,,
EFNB2,,,,,,,,,,,,
ARGLU1,,,,,,,,,,,,
NALF1,,,,,,,,,,,,
COL4A2,,,,,,,,,,,,
CARS2,,,,,,,,,,,,
ING1,,,,,,,,,,,,
ANKRD10,,,,,,,,,,,,
ARHGEF7,,,,,,,,,,,,
TUBGCP3,,,,,,,,,,,,
ATP11A,,,,,,,,,,,,
PCID2,,,,,,,,,,,,
CUL4A,,,,,,,,,,,,
LAMP1,,,,,,,,,,,,
GRTP1,,,,,,,,,,,,
DCUN1D2,,,,,,,,,,,,
TMCO3,,,,,,,,,,,,
TFDP1,,,,,,,,,,,,
CDC16,,,,,,,,,,,,
UPF3A,,,,,,,,,,,,
CHAMP1,,,,-0.6790081355015705,-0.6790081355015705,-0.6790081355015705,,,,,,
POTEG,-0.08308058611664922,-0.02196929001332583,-0.05252493806498752,-0.976862842701385,-0.24362273639535867,-0.6102427895483719,,,,-0.12760994485926408,-0.051393220145469994,-0.08950158250236703
TTC5,,,,,,,,,,,,
CCNB1IP1,,,,,,,,,,,,
PARP2,,,,,,,,,,,,
OSGEP,,,,,,,,,,,,
APEX1,,,,,,,,,,,,
PIP4P1,,,,,,,,,,,,
PNP,-0.30682388411105227,-0.051499166435045624,-0.17916152527304896,,,,,,,,,
METTL17,,,,,,,,,,,,
NDRG2,-0.14612861514309408,-0.052275788325822685,-0.09920220173445839,-0.969571994638207,-0.2867006769475062,-0.6281363357928565,,,,-0.1899942114883902,-0.037405100621693624,-0.11369965605504193
HNRNPC,,,,,,,,,,,,
SUPT16H,,,,,,,,,,,,
CHD8,,,,,,,,,,,,
RAB2B,,,,,,,,,,,,
TOX4,,,,,,,,,,,,
METTL3,,,,,,,,,,,,
SALL2,,,,,,,,,,,,
DAD1,,,,,,,,,,,,
OXA1L,,,,-0.9844647144656896,-0.33855504189015534,-0.6615098781779225,,,,,,
MRPL52,-0.8871645663532077,-0.2654175186242003,-0.576291042488704,,,,,,,,,
LRP10,,,,,,,,,,,,
RBM23,,,,,,,,,,,,
PRMT5,,,,,,,,,,,,
HAUS4,,,,-0.733096810551786,-0.733096810551786,-0.733096810551786,,,,,,
C14orf93,,,,,,,,,,,,
PSMB5,,,,,,,,,,,,
ACIN1,,,,,,,,,,,,
C14orf119,,,,-0.9889874974653095,-0.4446906959085727,-0.7168390966869411,,,,,,
SLC7A8,,,,,,,,,,,,
HOMEZ,,,,,,,,,,,,
PPP1R3E,,,,,,,,,,,,
BCL2L2,,,,,,,,,,,,
PABPN1,,,,,,,,,,,,
NGDN,,,,,,,,,,,,
ZFHX2,,,,,,,,,,,,
DHRS4,,,,-0.9799002270542387,-0.3223849291348784,-0.6511425780945586,,,,,,
DHRS4L2,,,,-0.9822040455024464,-0.3058760373602608,-0.6440400414313536,,,,,,
PCK2,,,,,,,,,,,,
DCAF11,,,,-0.7433602464735043,-0.7433602464735043,-0.7433602464735043,,,,,,
PSME1,,,,,,,,,,,,
EMC9,,,,,,,,,,,,
PSME2,-0.4338783961994341,-0.09684201713702548,-0.2653602066682298,,,,,,,-0.6124973121514468,-0.09831647177351363,-0.3554068919624802
RNF31,,,,,,,,,,,,
IPO4,,,,,,,,,,,,
TM9SF1,,,,,,,,,,,,
CHMP4A,,,,-0.9842741032480963,-0.3273352898042433,-0.6558046965261698,,,,,,
MDP1,,,,,,,-0.7537446723880359,-0.12578983303234884,-0.43976725271019235,,,
NEDD8,-0.6290035180942173,-0.09792022771243727,-0.36346187290332727,,,,,,,,,
GMPR2,,,,,,,,,,,,
TINF2,,,,,,,,,,,,
RABGGTA,,,,,,,,,,,,
SDR39U1,,,,,,,,,,,,
STXBP6,,,,,,,,,,,,
NOVA1,,,,,,,,,,,,
FOXG1,,,,,,,,,,,,
PRKD1,,,,,,,,,,,,
G2E3,,,,,,,,,,,,
SCFD1,,,,,,,,,,,,
COCH,,,,,,,,,,,,
STRN3,,,,,,,,,,,,
AP4S1,,,,,,,,,,,,
HECTD1,,,,,,,,,,,,
HEATR5A,,,,,,,,,,,,
DTD2,,,,,,,,,,,,
NUBPL,,,,,,,,,,,,
ARHGAP5,,,,,,,,,,,,
AKAP6,,,,,,,,,,,,
NPAS3,,,,,,,,,,,,
EGLN3,-0.12336251827306693,-0.025509926354432777,-0.07443622231374986,-0.9771921371289984,-0.2276398722183916,-0.602416004673695,,,,,,
SPTSSA,,,,,,,,,,,,
EAPP,,,,-0.9812409476690883,-0.2458901739860782,-0.6135655608275833,,,,,,
SNX6,,,,,,,,,,,,
CFL2,,,,,,,,,,,,
BAZ1A,,,,,,,,,,,,
SRP54,,,,,,,,,,,,
FAM177A1,,,,,,,,,,,,
PPP2R3C,,,,-0.9790249227630765,-0.18137941243166666,-0.5802021675973716,,,,,,
PRORP,,,,,,,,,,,,
PSMA6,,,,,,,,,,,,
NFKBIA,-0.2502349782209267,-0.039771063935519255,-0.145003021078223,,,,,,,,,
RALGAPA1,,,,,,,,,,,,
BRMS1L,,,,,,,,,,,,
MBIP,,,,,,,,,,,,
PAX9,,,,,,,,,,,,
SLC25A21,,,,,,,,,,,,
MIPOL1,,,,,,,,,,,,
FOXA1,,,,-0.8972606808774897,-0.1246361710464875,-0.5109484259619885,,,,,,
SEC23A,,,,,,,,,,,,
GEMIN2,,,,,,,,,,,,
TRAPPC6B,,,,-0.7037014022865565,-0.7037014022865565,-0.7037014022865565,,,,,,
PNN,,,,,,,,,,,,
MIA2,,,,,,,,,,,,
FBXO33,,,,,,,,,,,,
LRFN5,,,,,,,,,,,,
KLHL28,,,,,,,,,,,,
TOGARAM1,,,,-0.9831778197755527,-0.2932579959030891,-0.6382179078393209,,,,,,
PRPF39,,,,,,,,,,,,
FKBP3,,,,-0.9813616782021127,-0.25539182984475833,-0.6183767540234355,,,,,,
FANCM,,,,,,,,,,,,
MIS18BP1,,,,,,,,,,,,
MDGA2,,,,,,,,,,,,
RPS29,,,,,,,,,,,,
LRR1,,,,,,,,,,,,
RPL36AL,,,,,,,,,,,,
MGAT2,,,,,,,,,,,,
DNAAF2,,,,,,,,,,,,
POLE2,,,,,,,,,,,,
KLHDC2,,,,,,,,,,,,
NEMF,,,,,,,,,,,,
ARF6,,,,,,,,,,,,
VCPKMT,,,,,,,,,,,,
SOS2,,,,,,,,,,,,
L2HGDH,,,,,,,,,,,,
DMAC2L,,,,,,,,,,,,
CDKL1,,,,,,,,,,,,
MAP4K5,,,,,,,,,,,,
ATL1,,,,,,,,,,,,
SAV1,,,,,,,,,,,,
NIN,,,,,,,,,,,,
PYGL,,,,,,,,,,,,
TRIM9,,,,,,,,,,,,
TMX1,,,,,,,,,,,,
FRMD6,,,,,,,,,,,,
RTRAF,,,,,,,,,,,,
TXNDC16,,,,,,,,,,,,
GPR137C,,,,,,,,,,,,
ERO1A,,,,,,,,,,,,
PSMC6,,,,,,,,,,,,
STYX,,,,,,,,,,,,
GNPNAT1,,,,,,,,,,,,
FERMT2,,,,,,,,,,,,
DDHD1,,,,,,,,,,,,
BMP4,,,,-0.49041016058807674,-0.49041016058807674,-0.49041016058807674,,,,,,
CDKN3,,,,,,,,,,,,
CNIH1,,,,,,,,,,,,
GMFB,,,,,,,,,,,,
CGRRF1,,,,,,,,,,,,
SAMD4A,,,,,,,,,,,,
GCH1,,,,,,,,,,,,
WDHD1,,,,,,,,,,,,
SOCS4,,,,,,,,,,,,
MAPK1IP1L,,,,,,,,,,,,
LGALS3,-0.1895777904274149,-0.034230174512340936,-0.11190398246987793,,,,,,,,,
DLGAP5,,,,,,,,,,,,
FBXO34,,,,,,,,,,,,
ATG14,,,,,,,,,,,,
KTN1,,,,,,,,,,,,
PELI2,,,,,,,,,,,,
TMEM260,,,,,,,,,,,,
EXOC5,,,,,,,,,,,,
AP5M1,,,,,,,,,,,,
NAA30,,,,,,,,,,,,
ARMH4,,,,,,,,,,,,
ACTR10,,,,,,,,,,,,
PSMA3,,,,,,,,,,,,
ARID4A,,,,,,,,,,,,
TIMM9,,,,,,,,,,,,
KIAA0586,,,,-0.9765537418708635,-0.1371505054669705,-0.556852123668917,,,,,,
DAAM1,,,,,,,,,,,,
GPR135,,,,,,,,,,,,
L3HYPDH,,,,,,,,,,,,
JKAMP,,,,,,,,,,,,
RTN1,,,,-0.7162486791138384,-0.7162486791138384,-0.7162486791138384,,,,,,
PCNX4,,,,,,,,,,,,
DHRS7,,,,,,,,,,,,
PPM1A,,,,,,,,,,,,
SIX1,,,,,,,,,,,,
SIX4,,,,,,,,,,,,
MNAT1,,,,,,,,,,,,
TRMT5,,,,,,,,,,,,
SLC38A6,,,,,,,,,,,,
PRKCH,,,,,,,,,,,,
HIF1A,,,,,,,,,,,,
SNAPC1,,,,,,,,,,,,
PPP2R5E,,,,,,,,,,,,
WDR89,,,,,,,,,,,,
SGPP1,,,,,,,,,,,,
SYNE2,,,,,,,,,,,,
ESR2,,,,,,,,,,,,
MTHFD1,,,,,,,,,,,,
ZBTB25,,,,,,,,,,,,
ZBTB1,,,,,,,,,,,,
PLEKHG3,,,,,,,,,,,,
CHURC1,-0.6978059849224921,-0.11157038620343361,-0.4046881855629629,,,,,,,,,
FNTB,,,,,,,,,,,,
MAX,,,,,,,,,,,,
FUT8,,,,,,,,,,,,
GPHN,,,,,,,,,,,,
PALS1,,,,,,,,,,,,
ATP6V1D,,,,,,,,,,,,
EIF2S1,,,,,,,,,,,,
PLEKHH1,,,,,,,,,,,,
PIGH,,,,,,,,,,,,
ARG2,,,,,,,,,,,,
VTI1B,,,,,,,,,,,,
RDH11,,,,,,,,,,,,
ZFYVE26,,,,,,,,,,,,
RAD51B,,,,-0.9582362258958184,-0.15914300748444615,-0.5586896166901323,,,,,,
ZFP36L1,,,,,,,,,,,,
ACTN1,,,,,,,,,,,,
DCAF5,,,,,,,,,,,,
EXD2,,,,,,,,,,,,
ERH,,,,,,,,,,,,
SLC39A9,,,,,,,,,,,,
SUSD6,,,,,,,,,,,,
SRSF5,,,,,,,,,,,,
SMOC1,,,,,,,,,,,,
COX16,,,,,,,,,,,,
SYNJ2BP,,,,,,,,,,,,
MED6,,,,,,,,,,,,
MAP3K9,,,,,,,,,,,,
PCNX1,,,,,,,,,,,,
SIPA1L1,,,,,,,,,,,,
DPF3,,,,,,,,,,,,
DCAF4,,,,,,,,,,,,
ZFYVE1,,,,,,,,,,,,
RBM25,,,,,,,,,,,,
PSEN1,,,,,,,,,,,,
NUMB,,,,,,,,,,,,
DNAL1,,,,,,,,,,,,
PNMA1,,,,,,,,,,,,
MIDEAS,,,,,,,,,,,,
PTGR2,,,,,,,,,,,,
ZNF410,,,,,,,,,,,,
COQ6,,,,,,,,,,,,
ENTPD5,,,,,,,,,,,,
BBOF1,,,,,,,,,,,,
ALDH6A1,,,,,,,,,,,,
LIN52,,,,,,,,,,,,
ABCD4,,,,,,,,,,,,
NPC2,,,,,,,,,,,,
ISCA2,,,,,,,,,,,,
AREL1,,,,,,,,,,,,
FCF1,,,,,,,,,,,,
YLPM1,,,,,,,,,,,,
DLST,,,,,,,,,,,,
RPS6KL1,,,,,,,,,,,,
EIF2B2,,,,,,,,,,,,
ACYP1,,,,,,,,,,,,
NEK9,,,,,,,,,,,,
TMED10,,,,,,,,,,,,
JDP2,-0.24612619267420918,-0.09943198064823704,-0.1727790866612231,-0.6784182596563962,-0.6784182596563962,-0.6784182596563962,,,,-0.2869477535461063,-0.11157137559965825,-0.19925956457288227
TTLL5,,,,,,,,,,,,
ERG28,,,,,,,,,,,,
IFT43,,,,,,,,,,,,
GPATCH2L,,,,,,,,,,,,
ESRRB,,,,,,,,,,,,
VASH1,,,,,,,,,,,,
ANGEL1,,,,,,,,,,,,
IRF2BPL,,,,-0.9806337226602471,-0.3018792289460047,-0.6412564758031258,,,,,,
CIPC,,,,,,,,,,,,
NGB,-0.2291020432082544,-0.036803008753086244,-0.1329525259806703,,,,,,,,,
POMT2,,,,,,,,,,,,
GSTZ1,,,,,,,,,,,,
TMED8,,,,,,,,,,,,
VIPAS39,,,,-0.6202380382776169,-0.6202380382776169,-0.6202380382776169,,,,,,
AHSA1,,,,,,,,,,,,
SPTLC2,,,,,,,,,,,,
ALKBH1,,,,,,,,,,,,
SLIRP,-0.5982646286894422,-0.12626235541834605,-0.36226349205389413,,,,,,,,,
SNW1,,,,,,,,,,,,
ADCK1,,,,,,,,,,,,
NRXN3,,,,,,,,,,,,
CEP128,,,,,,,,,,,,
GTF2A1,,,,,,,,,,,,
STON2,,,,,,,,,,,,
SEL1L,,,,,,,,,,,,
SPATA7,,,,,,,,,,,,
PTPN21,,,,,,,,,,,,
ZC3H14,,,,,,,,,,,,
EML5,,,,,,,,,,,,
TTC8,,,,,,,,,,,,
FOXN3,,,,,,,,,,,,
EFCAB11,,,,,,,,,,,,
TDP1,,,,,,,,,,,,
PSMC1,,,,-0.9770302583631892,-0.16799852126727147,-0.5725143898152304,,,,,,
NRDE2,,,,,,,,,,,,
CALM1,,,,,,,,,,,,
TTC7B,,,,,,,,,,,,
RPS6KA5,,,,,,,,,,,,
DGLUCY,,,,,,,,,,,,
CCDC88C,,,,,,,,,,,,
PPP4R3A,,,,,,,,,,,,
TRIP11,,,,-0.9683620339987955,-0.23542010015267653,-0.601891067075736,,,,,,
ATXN3,,,,,,,,,,,,
NDUFB1,-0.9638020134110633,-0.3496077700982768,-0.6567048917546701,,,,,,,,,
CPSF2,,,,,,,,,,,,
RIN3,,,,,,,,,,,,
LGMN,,,,,,,,,,,,
GOLGA5,,,,,,,,,,,,
ITPK1,,,,,,,,,,,,
LYSET,,,,,,,,,,,,
GON7,,,,,,,,,,,,
UBR7,,,,,,,,,,,,
BTBD7,,,,,,,,,,,,
DDX24,,,,,,,,,,,,
IFI27L1,,,,,,,,,,,,
IFI27L2,,,,,,,,,,,,
PPP4R4,,,,,,,,,,,,
DICER1,,,,,,,,,,,,
CLMN,,,,,,,,,,,,
GLRX5,,,,,,,,,,,,
C14orf132,,,,,,,,,,,,
ATG2B,,,,,,,,,,,,
GSKIP,,,,,,,,,,,,
AK7,-0.11470288667260825,-0.03287468657782355,-0.0737887866252159,-0.5597297237337212,-0.5597297237337212,-0.5597297237337212,,,,,,
PAPOLA,,,,,,,,,,,,
VRK1,,,,,,,,,,,,
SETD3,,,,-0.9089302466167375,-0.17167004184717216,-0.5403001442319548,,,,,,
CCNK,,,,,,,,,,,,
CCDC85C,,,,,,,,,,,,
EML1,,,,,,,,,,,,
EVL,,,,,,,,,,,,
YY1,,,,,,,,,,,,
WARS1,,,,,,,,,,,,
WDR25,,,,-0.9780007177746356,-0.2997511061613302,-0.6388759119679829,,,,-0.22105127326710583,-0.04334354501837506,-0.13219740914274045
PPP2R5C,,,,,,,,,,,,
DYNC1H1,,,,,,,,,,,,
HSP90AA1,,,,,,,,,,,,
WDR20,,,,,,,,,,,,
MOK,,,,,,,,,,,,
ZNF839,,,,,,,,,,,,
CINP,,,,,,,,,,,,
TECPR2,,,,,,,,,,,,
ANKRD9,,,,,,,,,,,,
RCOR1,,,,,,,,,,,,
TRAF3,,,,,,,,,,,,
CDC42BPB,,,,,,,,,,,,
EIF5,,,,,,,,,,,,
MARK3,,,,,,,,,,,,
CKB,-0.46103346002597695,-0.1066749170473865,-0.2838541885366817,,,,,,,,,
TRMT61A,,,,-0.7149702251621485,-0.7149702251621485,-0.7149702251621485,,,,,,
BAG5,,,,,,,,,,,,
KLC1,,,,,,,,,,,,
COA8,,,,,,,,,,,,
XRCC3,,,,,,,,,,,,
ZFYVE21,,,,,,,,,,,,
PPP1R13B,,,,,,,,,,,,
ATP5MJ,-0.48628755465192586,-0.09058008808955145,-0.28843382137073864,,,,,,,,,
INF2,-0.2761608060583405,-0.04639793091528013,-0.1612793684868103,,,,,,,,,
SIVA1,,,,,,,,,,,,
AKT1,,,,,,,,,,,,
CEP170B,,,,,,,,,,,,
CDCA4,,,,,,,,,,,,
JAG2,,,,,,,,,,,,
NUDT14,,,,,,,,,,,,
BRF1,,,,,,,,,,,,
BTBD6,,,,,,,,,,,,
PACS2,,,,,,,,,,,,
MTA1,,,,,,,,,,,,
TEDC1,,,,,,,,,,,,
TMEM121,-0.22488276691940642,-0.05125817931802847,-0.13807047311871745,,,,,,,,,
NIPA1,,,,,,,,,,,,
NIPA2,,,,,,,,,,,,
CYFIP1,,,,,,,,,,,,
TUBGCP5,,,,,,,,,,,,
UBE3A,,,,,,,,,,,,
OCA2,,,,,,,,,,,,
HERC2,,,,,,,,,,,,
APBA2,,,,,,,,,,,,
ENTREP2,,,,,,,,,,,,
NSMCE3,,,,,,,,,,,,
TJP1,,,,,,,,,,,,
ARHGAP11B,,,,,,,,,,,,
FAN1,,,,,,,,,,,,
KLF13,,,,,,,,,,,,
OTUD7A,,,,,,,,,,,,
CHRNA7,,,,,,,,,,,,
ARHGAP11A,,,,,,,,,,,,
AVEN,,,,,,,,,,,,
EMC7,,,,,,,,,,,,
KATNBL1,,,,,,,,,,,,
EMC4,,,,,,,,,,,,
SLC12A6,,,,,,,,,,,,
NOP10,,,,,,,,,,,,
LPCAT4,,,,,,,,,,,,
GOLGA8A,,,,,,,,,,,,
AQR,,,,,,,,,,,,
ZNF770,,,,,,,,,,,,
DPH6,,,,,,,,,,,,
CDIN1,,,,,,,,,,,,
MEIS2,,,,,,,,,,,,
SPRED1,,,,,,,,,,,,
FAM98B,,,,,,,,,,,,
GPR176,,,,-0.9768034394276502,-0.2068553030696477,-0.591829371248649,,,,,,
EIF2AK4,,,,,,,,,,,,
SRP14,-0.9499135997572011,-0.2337026219040297,-0.5918081108306155,,,,,,,,,
BUB1B,,,,,,,,,,,,
KNSTRN,,,,-0.986473393909702,-0.28689435888490933,-0.6366838763973057,,,,,,
IVD,,,,,,,,,,,,
BAHD1,,,,,,,,,,,,
CHST14,,,,,,,,,,,,
CCDC32,,,,,,,,,,,,
RPUSD2,,,,,,,,,,,,
KNL1,,,,,,,,,,,,
RAD51,,,,,,,,,,,,
RMDN3,,,,,,,,,,,,
GCHFR,,,,,,,,,,,,
DNAJC17,,,,,,,,,,,,
VPS18,,,,-0.6519025696275125,-0.6519025696275125,-0.6519025696275125,,,,,,
INO80,,,,,,,,,,,,
CHP1,,,,,,,,,,,,
OIP5,,,,,,,,,,,,
NUSAP1,,,,,,,,,,,,
NDUFAF1,,,,,,,,,,,,
RTF1,,,,,,,,,,,,
RPAP1,,,,,,,,,,,,
TYRO3,,,,,,,,,,,,
MGA,,,,,,,,,,,,
MAPKBP1,,,,,,,,,,,,
EHD4,,,,,,,,,,,,
VPS39,,,,,,,,,,,,
TMEM87A,,,,,,,,,,,,
ZNF106,,,,,,,,,,,,
SNAP23,,,,,,,,,,,,
LRRC57,,,,-0.7694191377947716,-0.7694191377947716,-0.7694191377947716,,,,,,
HAUS2,,,,,,,,,,,,
STARD9,,,,,,,,,,,,
TTBK2,,,,,,,,,,,,
UBR1,,,,,,,,,,,,
TMEM62,,,,,,,,,,,,
CCNDBP1,-0.35983827540859853,-0.05120319555619876,-0.20552073548239863,,,,,,,-0.47509864887818215,-0.09401167637196842,-0.2845551626250753
LCMT2,-0.12539838756279198,-0.04532466413182108,-0.08536152584730652,-0.5252809544216211,-0.5252809544216211,-0.5252809544216211,,,,-0.20935528335924303,-0.05554841628305009,-0.13245184982114655
ADAL,,,,,,,,,,,,
TUBGCP4,,,,,,,,,,,,
TP53BP1,,,,,,,,,,,,
MAP1A,,,,,,,,,,,,
PPIP5K1,,,,,,,,,,,,
CATSPER2,,,,-0.9783738739494038,-0.34323943782704414,-0.660806655888224,,,,,,
PDIA3,,,,,,,,,,,,
SERF2,-0.8070718337834728,-0.16512987591466663,-0.48610085484906973,,,,,,,,,
HYPK,,,,,,,,,,,,
MFAP1,,,,,,,,,,,,
WDR76,,,,,,,,,,,,
FRMD5,,,,,,,,,,,,
GOLM2,,,,,,,,,,,,
CTDSPL2,,,,,,,,,,,,
EIF3J,-0.7424791739013877,-0.16308418158197774,-0.45278167774168276,,,,,,,,,
SPG11,,,,,,,,,,,,
B2M,,,,,,,,,,,,
SORD,,,,,,,,,,,,
SPATA5L1,,,,,,,,,,,,
BLOC1S6,,,,,,,,,,,,
SEMA6D,,,,,,,,,,,,
MYEF2,,,,,,,,,,,,
SLC12A1,-0.09623472154789467,-0.025583925407710213,-0.06090932347780244,-0.31928256287601553,-0.31928256287601553,-0.31928256287601553,,,,-0.19712813580009506,-0.03690456361680588,-0.11701634970845047
DUT,-0.7102717365372513,-0.13062936328147332,-0.4204505499093623,,,,,,,,,
CEP152,,,,,,,,,,,,
EID1,,,,,,,,,,,,
SECISBP2L,,,,,,,,,,,,
COPS2,,,,,,,,,,,,
GALK2,,,,,,,,,,,,
FAM227B,,,,,,,,,,,,
DTWD1,,,,,,,,,,,,
GABPB1,,,,-0.9821791882455618,-0.31714134890790724,-0.6496602685767345,,,,,,
USP8,,,,-0.9887993241091662,-0.25654875255261395,-0.6226740383308901,,,,,,
TRPM7,,,,,,,,,,,,
SPPL2A,,,,,,,,,,,,
AP4E1,,,,,,,,,,,,
DMXL2,,,,,,,,,,,,
TMOD2,,,,,,,,,,,,
TMOD3,,,,,,,,,,,,
LEO1,,,,,,,,,,,,
MAPK6,,,,-0.9625257884281743,-0.1997692881813416,-0.581147538304758,,,,,,
GNB5,,,,,,,,,,,,
MYO5C,,,,,,,,,,,,
MYO5A,,,,,,,,,,,,
ARPP19,,,,,,,,,,,,
ATOSA,,,,,,,,,,,,
UNC13C,-0.16160100914398892,-0.03346126634195106,-0.09753113774297,-0.5612870937855373,-0.5612870937855373,-0.5612870937855373,,,,-0.1596811005359809,-0.03401490346057872,-0.09684800199827981
RSL24D1,-0.40822934870489247,-0.07221820221866863,-0.24022377546178056,,,,,,,,,
RAB27A,,,,-0.6758059415430875,-0.6758059415430875,-0.6758059415430875,,,,,,
PIGBOS1,,,,,,,,,,,,
PIGB,,,,,,,,,,,,
CCPG1,,,,,,,,,,,,
DNAAF4,,,,,,,,,,,,
PYGO1,,,,,,,,,,,,
PRTG,,,,,,,,,,,,
NEDD4,,,,,,,,,,,,
RFX7,,,,,,,,,,,,
TEX9,,,,,,,,,,,,
MNS1,-0.18438978330621972,-0.03531675873176101,-0.10985327101899037,-0.9537326043590592,-0.227781095939355,-0.5907568501492071,,,,,,
ZNF280D,,,,,,,,,,,,
TCF12,,,,,,,,,,,,
CGNL1,,,,,,,,,,,,
POLR2M,,,,-0.8045610597914894,-0.8045610597914894,-0.8045610597914894,,,,,,
ALDH1A2,,,,,,,,,,,,
ADAM10,-0.100446314574066,-0.018732338129308794,-0.0595893263516874,-0.9565304248992464,-0.20031257248190307,-0.5784214986905748,,,,-0.21060068078687066,-0.002345894836928486,-0.10647328781189958
MINDY2,,,,-0.9510662741637528,-0.14420006993793408,-0.5476331720508434,,,,,,
RNF111,,,,,,,,,,,,
SLTM,,,,,,,,,,,,
CCNB2,,,,,,,,,,,,
MYO1E,,,,-0.9872990400526445,-0.33268103280800143,-0.659990036430323,,,,,,
FAM81A,,,,-0.5503620354725545,-0.5503620354725545,-0.5503620354725545,,,,,,
GTF2A2,,,,,,,,,,,,
BNIP2,,,,,,,,,,,,
ANXA2,,,,-0.9845202690777792,-0.2162480733203527,-0.600384171199066,,,,,,
ICE2,,,,,,,,,,,,
RORA,,,,,,,,,,,,
VPS13C,,,,,,,,,,,,
TLN2,,,,,,,,,,,,
TPM1,,,,,,,,,,,,
LACTB,,,,,,,,,,,,
RPS27L,-0.41762279929604934,-0.11541323098852406,-0.2665180151422867,,,,-0.8913888482351409,-0.10980782324146261,-0.5005983357383017,,,
RAB8B,,,,,,,,,,,,
CA12,,,,,,,,,,,,
USP3,,,,,,,,,,,,
HERC1,,,,,,,,,,,,
CIAO2A,,,,,,,,,,,,
SNX1,,,,,,,,,,,,
PPIB,,,,,,,,,,,,
CSNK1G1,,,,,,,,,,,,
PCLAF,,,,-0.9859115465192974,-0.35320821811846453,-0.669559882318881,,,,,,
TRIP4,,,,,,,,,,,,
ZNF609,,,,,,,,,,,,
OAZ2,,,,-0.8930380401106215,-0.0652470326301429,-0.4791425363703822,,,,,,
RBPMS2,-0.15479943681004388,-0.008082884390553567,-0.08144116060029873,-0.5907996702978738,-0.5907996702978738,-0.5907996702978738,,,,,,
SPG21,,,,,,,,,,,,
MTFMT,,,,,,,,,,,,
PDCD7,,,,,,,,,,,,
CLPX,,,,,,,,,,,,
PARP16,-0.039921325149374534,0.03458961823144513,-0.0026658534589647023,,,,-0.1326133471519839,-0.0019514800216128266,-0.06728241358679836,,,
IGDCC3,,,,,,,,,,,,
IGDCC4,,,,,,,,,,,,
DPP8,,,,,,,,,,,,
HACD3,,,,,,,,,,,,
INTS14,,,,,,,,,,,,
SLC24A1,,,,,,,,,,,,
DENND4A,,,,-0.969879128225272,-0.2146659120769439,-0.592272520151108,,,,,,
RAB11A,,,,,,,,,,,,
MEGF11,,,,,,,,,,,,
DIS3L,,,,,,,,,,,,
TIPIN,,,,,,,,,,,,
MAP2K1,,,,,,,,,,,,
SNAPC5,,,,,,,,,,,,
RPL4,,,,,,,,,,,,
ZWILCH,,,,,,,,,,,,
SMAD6,,,,,,,,,,,,
SMAD3,,,,,,,,,,,,
AAGAB,,,,,,,,,,,,
IQCH,,,,,,,,,,,,
C15orf61,,,,,,,,,,,,
MAP2K5,-0.09319826400763895,0.01759838892968592,-0.037799937538976515,-0.9748629375893392,-0.23511664122129988,-0.6049897894053196,,,,,,
PIAS1,,,,,,,,,,,,
CALML4,,,,,,,,,,,,
CLN6,,,,,,,,,,,,
FEM1B,,,,,,,,,,,,
CORO2B,,,,-0.9690935466479397,-0.2977690034845632,-0.6334312750662514,,,,-0.15029617326766606,-0.043513737935984974,-0.09690495560182552
ANP32A,,,,,,,,,,,,
SPESP1,,,,,,,,,,,,
GLCE,,,,,,,,,,,,
PAQR5,,,,,,,,,,,,
KIF23,,,,,,,,,,,,
RPLP1,,,,,,,,,,,,
TLE3,,,,,,,,,,,,
UACA,,,,,,,,,,,,
LARP6,-0.3837730006695568,-0.08864976856264517,-0.23621138461610097,,,,,,,,,
LRRC49,,,,,,,,,,,,
THSD4,,,,,,,,,,,,
MYO9A,,,,,,,,,,,,
SENP8,,,,,,,,,,,,
PKM,,,,,,,,,,,,
PARP6,,,,,,,,,,,,
HEXA,,,,,,,,,,,,
ARIH1,,,,,,,,,,,,
BBS4,,,,,,,,,,,,
ADPGK,,,,,,,,,,,,
NEO1,,,,,,,,,,,,
NPTN,,,,,,,,,,,,
CD276,,,,,,,,,,,,
PML,,,,,,,,,,,,
UBL7,,,,,,,,,,,,
ARID3B,,,,,,,,,,,,
CLK3,,,,,,,,,,,,
EDC3,,,,,,,,,,,,
CSK,,,,,,,,,,,,
ULK3,,,,-0.7695883031434834,-0.7695883031434834,-0.7695883031434834,,,,,,
SCAMP2,,,,,,,,,,,,
MPI,,,,,,,,,,,,
FAM219B,,,,,,,,,,,,
COX5A,-0.518846093008526,-0.09857965275042153,-0.3087128728794738,,,,,,,,,
RPP25,,,,,,,-0.7064597826758496,-0.10418117478999368,-0.40532047873292165,,,
SCAMP5,,,,,,,,,,,,
PPCDC,,,,,,,,,,,,
C15orf39,,,,,,,,,,,,
COMMD4,,,,,,,,,,,,
MAN2C1,,,,,,,,,,,,
SIN3A,,,,,,,,,,,,
PTPN9,,,,,,,,,,,,
SNUPN,,,,,,,,,,,,
IMP3,-0.3558775126265687,-0.07018617674066324,-0.21303184468361597,,,,,,,,,
UBE2Q2,,,,,,,,,,,,
FBXO22,,,,,,,,,,,,
NRG4,,,,,,,,,,,,
TMEM266,,,,-0.9846268843700239,-0.2979763816843187,-0.6413016330271712,,,,,,
ETFA,,,,,,,,,,,,
ISL2,,,,,,,,,,,,
SCAPER,,,,,,,,,,,,
RCN2,,,,,,,,,,,,
TSPAN3,,,,,,,,,,,,
PEAK1,,,,,,,,,,,,
HMG20A,,,,,,,,,,,,
LINGO1,-0.14179466104679786,-0.03611179634261493,-0.0889532286947064,-0.46622985929373156,-0.46622985929373156,-0.46622985929373156,-0.45082793407962923,-0.02704589688633058,-0.2389369154829799,,,
TBC1D2B,,,,,,,,,,,,
CIB2,,,,,,,,,,,,
IDH3A,,,,-0.9839705695350384,-0.24143197942300496,-0.6127012744790217,,,,,,
SKIC8,,,,,,,,,,,,
IREB2,,,,,,,,,,,,
HYKK,,,,,,,,,,,,
PSMA4,,,,,,,,,,,,
CHRNA5,,,,,,,,,,,,
MORF4L1,,,,-0.9875396017941509,-0.23631749286795597,-0.6119285473310534,,,,,,
CTSH,,,,,,,,,,,,
TMED3,,,,,,,,,,,,
MTHFS,,,,,,,,,,,,
ZFAND6,,,,,,,,,,,,
FAH,,,,,,,,,,,,
ABHD17C,,,,,,,,,,,,
MESD,,,,,,,,,,,,
TLNRD1,,,,,,,,,,,,
EFL1,,,,,,,,,,,,
RPS17,,,,,,,,,,,,
CPEB1,,,,-0.9865537625382778,-0.3561075626005165,-0.6713306625693971,,,,,,
WHAMM,,,,,,,,,,,,
HOMER2,,,,,,,,,,,,
RAMAC,,,,,,,,,,,,
C15orf40,,,,,,,,,,,,
BTBD1,,,,,,,,,,,,
HDGFL3,,,,,,,,,,,,
SH3GL3,,,,,,,,,,,,
ZSCAN2,,,,,,,,,,,,
WDR73,,,,,,,,,,,,
NMB,,,,,,,,,,,,
SEC11A,,,,,,,,,,,,
ZNF592,,,,,,,,,,,,
PDE8A,,,,,,,,,,,,
AKAP13,,,,,,,,,,,,
KLHL25,,,,,,,,,,,,
AGBL1,,,,-0.9089820398285368,-0.17940523586999252,-0.5441936378492647,,,,,,
MRPL46,,,,,,,,,,,,
MRPS11,,,,,,,,,,,,
DET1,,,,,,,,,,,,
AEN,,,,,,,,,,,,
MFGE8,,,,,,,,,,,,
ABHD2,,,,,,,,,,,,
FANCI,,,,,,,,,,,,
POLG,,,,,,,,,,,,
TICRR,,,,,,,,,,,,
KIF7,,,,,,,,,,,,
PEX11A,,,,,,,,,,,,
MESP1,,,,,,,,,,,,
AP3S2,,,,,,,,,,,,
ARPIN,,,,,,,,,,,,
ZNF710,,,,,,,,,,,,
IDH2,,,,,,,,,,,,
SEMA4B,,,,-0.8351184548116848,-0.17877105844878882,-0.5069447566302367,,,,,,
CIB1,,,,,,,,,,,,
GDPGP1,,,,,,,,,,,,
NGRN,,,,,,,,,,,,
IQGAP1,,,,,,,,,,,,
CRTC3,,,,,,,,,,,,
BLM,,,,,,,,,,,,
FURIN,,,,-0.7644362678119011,-0.7644362678119011,-0.7644362678119011,,,,,,
HDDC3,,,,,,,,,,,,
UNC45A,,,,,,,,,,,,
RCCD1,,,,,,,,,,,,
PRC1,,,,-0.9759136623697696,-0.21676617748759713,-0.5963399199286834,,,,,,
FAM174B,,,,,,,,,,,,
CHD2,,,,,,,,,,,,
RGMA,,,,,,,,,,,,
NR2F2,,,,,,,,,,,,
IGF1R,,,,,,,,,,,,
TTC23,,,,,,,,,,,,
LRRC28,,,,,,,,,,,,
MEF2A,,,,,,,,,,,,
LYSMD4,,,,,,,,,,,,
ADAMTS17,,,,,,,,,,,,
LINS1,,,,-0.682336465929363,-0.682336465929363,-0.682336465929363,,,,,,
ASB7,,,,,,,,,,,,
CHSY1,,,,,,,,,,,,
SELENOS,,,,,,,,,,,,
SNRPA1,-0.41775087835932634,-0.0881206984013573,-0.2529357883803418,,,,,,,,,
PCSK6,,,,,,,,,,,,
TM2D3,,,,,,,,,,,,
TARS3,,,,,,,,,,,,
POLR3K,,,,,,,,,,,,
SNRNP25,,,,-0.9739647999969732,-0.20121829103749536,-0.5875915455172342,,,,,,
MPG,-0.32387953699076677,-0.042597235827910994,-0.18323838640933887,,,,,,,,,
NPRL3,,,,,,,,,,,,
HBQ1,-0.211181569744244,-0.04552544360003692,-0.12835350667214046,,,,,,,,,
LUC7L,,,,,,,,,,,,
FAM234A,,,,,,,,,,,,
ARHGDIG,,,,,,,,,,,,
AXIN1,,,,,,,,,,,,
MRPL28,,,,,,,,,,,,
PGAP6,,,,,,,,,,,,
NME4,,,,,,,,,,,,
RAB11FIP3,,,,,,,,,,,,
CAPN15,,,,,,,,,,,,
PIGQ,,,,,,,,,,,,
RAB40C,,,,,,,,,,,,
METTL26,,,,,,,,,,,,
MCRIP2,,,,,,,,,,,,
WDR90,,,,,,,,,,,,
RHOT2,,,,,,,,,,,,
STUB1,,,,,,,,,,,,
JMJD8,,,,,,,,,,,,
METRN,,,,-0.9760258521927826,-0.21158207412919422,-0.5938039631609884,,,,,,
ANTKMT,,,,,,,,,,,,
HAGHL,,,,,,,,,,,,
CIAO3,,,,-0.6979234808291627,-0.6979234808291627,-0.6979234808291627,,,,,,
RPUSD1,,,,,,,,,,,,
CHTF18,,,,,,,,,,,,
LMF1,,,,,,,,,,,,
CACNA1H,,,,,,,,,,,,
UBE2I,,,,,,,,,,,,
TSR3,,,,,,,,,,,,
GNPTG,,,,,,,,,,,,
UNKL,,,,,,,,,,,,
UQCC4,,,,,,,,,,,,
CLCN7,,,,,,,,,,,,
TELO2,,,,,,,,,,,,
IFT140,,,,,,,,,,,,
CRAMP1,,,,,,,,,,,,
JPT2,,,,,,,,,,,,
MAPK8IP3,,,,,,,,,,,,
NME3,,,,,,,,,,,,
MRPS34,,,,,,,,,,,,
SPSB3,,,,,,,,,,,,
NUBP2,,,,,,,,,,,,
HAGH,,,,,,,,,,,,
FAHD1,,,,,,,,,,,,
MSRB1,,,,,,,,,,,,
NDUFB10,,,,,,,,,,,,
RPS2,,,,,,,,,,,,
TBL3,,,,,,,,,,,,
GFER,,,,,,,,,,,,
ZNF598,,,,,,,,,,,,
NPW,,,,,,,,,,,,
NHERF2,,,,,,,,,,,,
NTHL1,-0.3935385221684615,-0.057970296217809,-0.22575440919313527,,,,-0.6143445193339222,-0.10575405386800328,-0.36004928660096275,,,
TSC2,,,,,,,,,,,,
PKD1,,,,,,,,,,,,
TRAF7,,,,,,,,,,,,
MLST8,,,,,,,,,,,,
PGP,,,,,,,,,,,,
E4F1,,,,,,,,,,,,
ECI1,,,,,,,,,,,,
RNPS1,,,,,,,,,,,,
ABCA3,,,,,,,,,,,,
CCNF,,,,,,,,,,,,
TEDC2,,,,,,,,,,,,
TBC1D24,,,,,,,,,,,,
ATP6V0C,,,,,,,,,,,,
AMDHD2,,,,,,,,,,,,
PDPK1,,,,,,,,,,,,
KCTD5,,,,,,,,,,,,
SRRM2,,,,,,,,,,,,
ELOB,,,,,,,,,,,,
FLYWCH2,,,,,,,,,,,,
FLYWCH1,,,,,,,,,,,,
PKMYT1,,,,,,,,,,,,
PAQR4,,,,,,,,,,,,
TNFRSF12A,,,,,,,,,,,,
HCFC1R1,-0.39336401552245176,-0.08332198657462762,-0.2383430010485397,,,,,,,,,
THOC6,,,,,,,,,,,,
ZNF205,,,,,,,,,,,,
ZNF200,,,,,,,,,,,,
ZNF263,,,,,,,,,,,,
ZNF75A,,,,,,,,,,,,
ZSCAN32,,,,,,,,,,,,
ZNF174,,,,-0.591930802825357,-0.591930802825357,-0.591930802825357,,,,,,
NAA60,,,,,,,,,,,,
CLUAP1,,,,,,,,,,,,
SLX4,,,,-0.7718772075452854,-0.7718772075452854,-0.7718772075452854,,,,,,
DNASE1,,,,,,,,,,,,
TRAP1,,,,,,,,,,,,
CREBBP,,,,,,,,,,,,
ADCY9,,,,,,,,,,,,
TFAP4,,,,,,,,,,,,
PAM16,-0.5140359526658443,-0.12525415985345292,-0.3196450562596486,,,,,,,,,
CORO7,,,,,,,,,,,,
DNAJA3,,,,,,,,,,,,
NMRAL1,,,,,,,,,,,,
HMOX2,,,,,,,,,,,,
CDIP1,,,,,,,,,,,,
UBALD1,,,,-0.7157734079100592,-0.7157734079100592,-0.7157734079100592,,,,,,
MGRN1,,,,,,,,,,,,
NUDT16L1,,,,,,,,,,,,
ANKS3,,,,,,,,,,,,
ZNF500,,,,,,,,,,,,
ROGDI,,,,-0.6468500753353306,-0.6468500753353306,-0.6468500753353306,-0.4473557706126979,-0.12709809083471185,-0.28722693072370487,,,
GLYR1,,,,,,,,,,,,
UBN1,,,,,,,,,,,,
SEC14L5,-0.08816629852533096,-0.03115238355906606,-0.05965934104219851,-0.9610531939957394,-0.2520392411848334,-0.6065462175902864,,,,-0.1124522177097021,-0.02572385947732627,-0.06908803859351419
ALG1,,,,,,,,,,,,
EEF2KMT,,,,,,,,,,,,
RBFOX1,-0.1116625794300608,-0.03800491516772909,-0.07483374729889494,-0.9587389463047499,-0.2573993069848382,-0.6080691266447941,,,,-0.14831415742538928,-0.018524969281265957,-0.08341956335332762
METTL22,,,,,,,,,,-0.3186771280750978,-0.040214522575382695,-0.17944582532524025
ABAT,,,,,,,,,,,,
PMM2,,,,,,,,,,,,
CARHSP1,,,,,,,,,,,,
USP7,,,,,,,,,,,,
HAPSTR1,,,,,,,,,,,,
ATF7IP2,,,,,,,,,,,,
EMP2,,,,,,,,,,,,
NUBP1,,,,,,,,,,,,
DEXI,,,,,,,,,,,,
CLEC16A,,,,,,,,,,,,
RMI2,,,,-0.6984174704594633,-0.6984174704594633,-0.6984174704594633,,,,,,
ENSG00000188897,,,,,,,,,,,,
LITAF,,,,,,,,,,,,
SNN,,,,,,,,,,,,
TXNDC11,,,,,,,,,,,,
ZC3H7A,,,,,,,,,,,,
RSL1D1,,,,,,,,,,,,
GSPT1,,,,,,,,,,,,
SNX29,,,,,,,,,,,,
CPPED1,,,,-0.9807704029992044,-0.25905873908342697,-0.6199145710413156,,,,,,
ERCC4,,,,,,,,,,,,
MRTFB,,,,,,,,,,,,
PARN,,,,,,,,,,,,
BFAR,,,,,,,,,,,,
NOMO1,,,,,,,,,,,,
PDXDC1,,,,,,,,,,,,
NTAN1,,,,,,,,,,,,
RRN3,,,,,,,,,,,,
MARF1,,,,,,,,,,,,
NDE1,,,,,,,,,,,,
CEP20,,,,,,,,,,,,
ABCC1,,,,,,,,,,,,
NOMO3,,,,,,,,,,,,
XYLT1,,,,,,,,,,,,
NOMO2,,,,-0.8146112692659216,-0.8146112692659216,-0.8146112692659216,,,,,,
RPS15A,-0.5293897250591536,-0.1126428159486633,-0.32101627050390846,,,,,,,,,
ARL6IP1,,,,,,,,,,,,
SMG1,,,,,,,,,,,,
TMC7,,,,,,,,,,,,
COQ7,,,,,,,,,,,,
ITPRIPL2,,,,,,,,,,,,
GDE1,,,,,,,,,,,,
CCP110,,,,,,,,,,,,
VPS35L,,,,,,,,,,,,
KNOP1,,,,,,,,,,,,
IQCK,,,,,,,,,,,,
GPRC5B,,,,,,,,,,,,
THUMPD1,,,,,,,,,,,,
ERI2,,,,,,,,,,,,
REXO5,,,,,,,,,,,,
LYRM1,,,,,,,,,,,,
LDAF1,,,,,,,,,,,,
METTL9,,,,,,,,,,,,
NPIPB4,,,,,,,,,,,,
UQCRC2,,,,,,,,,,,,
MOSMO,,,,,,,,,,,,
EEF2K,,,,,,,,,,,,
POLR3E,,,,,,,,,,,,
CDR2,,,,,,,,,,,,
USP31,,,,,,,,,,,,
COG7,,,,,,,,,,,,
GGA2,,,,,,,,,,,,
EARS2,,,,,,,,,,,,
UBFD1,,,,,,,,,,,,
NDUFAB1,-0.6949639237379855,-0.18060580288482683,-0.4377848633114062,,,,,,,,,
PALB2,,,,,,,,,,,,
DCTN5,,,,,,,,,,,,
PLK1,,,,,,,,,,,,
PRKCB,,,,,,,,,,,,
RBBP6,,,,,,,,,,,,
TNRC6A,,,,,,,,,,,,
ARHGAP17,,,,,,,,,,,,
LCMT1,,,,,,,,,,,,
NSMCE1,,,,,,,,,,,,
GTF3C1,,,,,,,,,,,,
KATNIP,,,,,,,,,,,,
XPO6,,,,,,,,,,,,
CLN3,-0.22180497634137528,-0.03278503331480787,-0.12729500482809158,,,,,,,,,
SGF29,,,,,,,,,,,,
EIF3C,,,,,,,,,,,,
ATXN2L,,,,,,,,,,,,
TUFM,,,,,,,,,,,,
SH2B1,,,,,,,,,,,,
RABEP2,,,,,,,,,,,,
NFATC2IP,,,,,,,,,,,,
SPNS1,,,,,,,,,,,,
QPRT,,,,-0.9816603906777888,-0.24729840621941515,-0.614479398448602,,,,,,
KIF22,,,,,,,,,,,,
MAZ,,,,,,,,,,,,
PAGR1,,,,,,,,,,,,
MVP,,,,,,,,,,,,
CDIPT,,,,,,,,,,,,
SEZ6L2,,,,,,,,,,,,
ASPHD1,,,,,,,,,,,,
KCTD13,,,,,,,,,,,,
TMEM219,,,,,,,,,,,,
TAOK2,,,,,,,,,,,,
HIRIP3,,,,,,,,,,,,
INO80E,,,,,,,,,,,,
DOC2A,,,,,,,,,,,,
ALDOA,,,,,,,,,,,,
PPP4C,,,,-0.9723289230148591,-0.17915512213542698,-0.5757420225751431,,,,,,
YPEL3,,,,,,,,,,,,
MAPK3,,,,,,,,,,,,
BOLA2B,,,,,,,,,,,,
NPIPB13,,,,,,,,,,,,
CD2BP2,,,,,,,,,,,,
TBC1D10B,,,,,,,,,,,,
ZNF48,,,,,,,,,,,,
SEPTIN1,,,,-0.984808146625405,-0.2651687825466622,-0.6249884645860335,,,,,,
ZNF771,,,,,,,,,,,,
DCTPP1,,,,,,,,,,,,
SEPHS2,,,,,,,,,,,,
ZNF768,,,,,,,,,,,,
ZNF747,,,,,,,,,,,,
ZNF764,,,,,,,,,,,,
ZNF688,,,,,,,,,,,,
ZNF689,,,,,,,,,,,,
PRR14,,,,-0.7112036309401338,-0.7112036309401338,-0.7112036309401338,,,,,,
FBRS,,,,,,,,,,,,
SRCAP,,,,,,,,,,,,
PHKG2,,,,,,,,,,,,
CFAP119,,,,-0.6606799813823196,-0.6606799813823196,-0.6606799813823196,,,,,,
RNF40,,,,,,,,,,,,
ZNF629,,,,,,,,,,,,
BCL7C,,,,,,,,,,,,
FBXL19,,,,,,,,,,,,
SETD1A,,,,,,,,,,,,
STX4,,,,-0.9786975994154248,-0.2796792595438565,-0.6291884294796406,,,,,,
ZNF668,,,,,,,,,,,,
VKORC1,,,,,,,,,,,,
BCKDK,,,,,,,,,,,,
KAT8,,,,,,,,,,,,
FUS,,,,,,,,,,,,
RUSF1,,,,,,,,,,,,
KRBOX5,,,,,,,,,,,,
ZNF267,,,,,,,,,,,,
SHCBP1,,,,,,,,,,,,
VPS35,,,,,,,,,,,,
ORC6,,,,,,,,,,,,
C16orf87,,,,,,,,,,,,
GPT2,,,,,,,-0.6174913315393908,-0.13916085072511952,-0.3783260911322552,,,
DNAJA2,,,,,,,,,,,,
NETO2,,,,,,,,,,,,
ITFG1,,,,,,,,,,,,
PHKB,,,,,,,,,,,,
LONP2,,,,,,,,,,,,
SIAH1,,,,,,,,,,,,
N4BP1,,,,,,,,,,,,
ZNF423,,,,-0.930665889912806,-0.19096695613406478,-0.5608164230234354,,,,,,
CNEP1R1,,,,,,,,,,,,
HEATR3,,,,,,,,,,,,
TENT4B,,,,,,,,,,,,
BRD7,,,,-0.9828951255143877,-0.32554269284014914,-0.6542189091772684,,,,,,
CYLD,,,,,,,,,,,,
SALL1,,,,,,,,,,,,
HNRNPA1L3,,,,,,,,,,,,
CHD9,,,,,,,,,,,,
RBL2,,,,,,,,,,,,
AKTIP,-0.20594267216101575,-0.06696983217764181,-0.13645625216932877,,,,,,,-0.4336049747400506,-0.07789216092114866,-0.2557485678305996
RPGRIP1L,,,,,,,,,,,,
FTO,,,,,,,,,,,,
IRX3,,,,-0.6538165510008248,-0.6538165510008248,-0.6538165510008248,,,,,,
IRX5,,,,,,,,,,,,
LPCAT2,,,,,,,,,,,,
AMFR,,,,,,,,,,,,
NUDT21,-0.30518524905877326,-0.0238045258816734,-0.16449488747022334,,,,,,,,,
OGFOD1,,,,,,,,,,,,
BBS2,,,,,,,,,,,,
MT2A,,,,,,,-0.9619956430278025,-0.10570737049734974,-0.5338515067625761,,,
MT1X,,,,,,,,,,,,
NUP93,,,,,,,,,,,,
HERPUD1,-0.21297275716421218,-0.031278614464002624,-0.1221256858141074,,,,,,,-0.3345586983762642,-0.029186025528681003,-0.18187236195247258
CPNE2,,,,-0.6730882219279437,-0.6730882219279437,-0.6730882219279437,,,,,,
PSME3IP1,,,,,,,,,,,,
RSPRY1,,,,,,,,,,,,
ARL2BP,,,,,,,,,,,,
PLLP,,,,,,,,,,,,
CIAPIN1,,,,-0.9852663430252435,-0.2881033947299897,-0.6366848688776165,,,,,,
COQ9,,,,,,,,,,,,
POLR2C,,,,,,,,,,,,
CCDC102A,,,,,,,,,,,,
KATNB1,,,,,,,,,,,,
USB1,,,,,,,,,,,,
CFAP20,,,,,,,,,,,,
CSNK2A2,,,,,,,,,,,,
CCDC113,,,,,,,,,,,,
GINS3,,,,,,,,,,,,
SETD6,,,,,,,,,,,,
CNOT1,,,,,,,,,,,,
SLC38A7,,,,,,,,,,,,
GOT2,,,,,,,,,,,,
TK2,,,,,,,,,,,,
CKLF,,,,,,,,,,,,
CMTM3,,,,-0.7070456015307868,-0.7070456015307868,-0.7070456015307868,,,,,,
CMTM4,,,,,,,,,,,,
DYNC1LI2,,,,,,,,,,,,
TERB1,-0.10129715436250404,-0.04106803484976808,-0.07118259460613606,-0.9600683475806421,-0.3265930758527532,-0.6433307117166976,,,,,,
NAE1,,,,,,,,,,,,
PDP2,,,,,,,,,,,,
CIAO2B,-0.5332756146209517,-0.1528137075905854,-0.3430446611057686,,,,,,,,,
CES2,,,,-0.7311812418680719,-0.7311812418680719,-0.7311812418680719,,,,,,
CBFB,,,,,,,,,,,,
PHAF1,,,,,,,,,,,,
TRADD,,,,-0.6898093235854333,-0.6898093235854333,-0.6898093235854333,,,,,,
E2F4,,,,,,,,,,,,
TMEM208,,,,,,,,,,,,
FHOD1,,,,,,,,,,,,
ATP6V0D1,,,,,,,,,,,,
RIPOR1,,,,-0.7026592963182132,-0.7026592963182132,-0.7026592963182132,,,,,,
CTCF,,,,,,,,,,,,
CARMIL2,-0.24367794428530873,-0.05519731981584084,-0.14943763205057478,-0.7451345904250062,-0.7451345904250062,-0.7451345904250062,-0.6144421472364598,-0.05064248335484406,-0.3325423152956519,,,
ACD,,,,,,,,,,,,
GFOD2,,,,,,,,,,,,
RANBP10,,,,,,,,,,,,
CENPT,,,,,,,,,,,,
THAP11,,,,,,,,,,,,
NUTF2,,,,,,,,,,,,
EDC4,,,,,,,,,,,,
PSKH1,,,,,,,,,,,,
PSMB10,-0.47678722446845223,-0.10167958398537325,-0.28923340422691274,,,,,,,,,
DUS2,,,,,,,,,,,,
DDX28,,,,-0.7055570086374567,-0.7055570086374567,-0.7055570086374567,,,,,,
NFATC3,,,,-0.9531826538797187,-0.10813891155397491,-0.5306607827168468,,,,,,
SLC7A6,,,,,,,,,,,,
SLC7A6OS,,,,,,,,,,,,
PRMT7,,,,,,,,,,,,
ZFP90,,,,,,,,,,,,
TANGO6,,,,,,,,,,,,
UTP4,,,,,,,,,,,,
SNTB2,,,,,,,,,,,,
VPS4A,,,,,,,,,,,,
COG8,,,,,,,,,,,,
NIP7,,,,,,,,,,,,
TERF2,,,,-0.9797684363838407,-0.2641960269274748,-0.6219822316556578,,,,,,
CYB5B,,,,,,,,,,,,
NFAT5,,,,,,,,,,,,
NOB1,,,,,,,,,,,,
WWP2,,,,,,,,,,,,
PDPR,,,,,,,,,,,,
EXOSC6,,,,,,,,,,,,
AARS1,,,,,,,,,,,,
DDX19B,,,,,,,,,,,,
DDX19A,,,,,,,,,,,,
ST3GAL2,,,,,,,,,,,,
COG4,,,,,,,,,,,,
SF3B3,,,,,,,,,,,,
MTSS2,,,,,,,,,,,,
VAC14,,,,,,,,,,,,
ZNF23,,,,-0.6337818080365539,-0.6337818080365539,-0.6337818080365539,,,,,,
PHLPP2,,,,,,,,,,,,
AP1G1,,,,,,,,,,,,
ATXN1L,,,,,,,,,,,,
IST1,,,,,,,,,,,,
ZNF821,,,,,,,,,,,,
DHODH,,,,,,,,,,,,
TXNL4B,,,,-0.6479129122575681,-0.6479129122575681,-0.6479129122575681,,,,,,
DHX38,,,,,,,,,,,,
ZFHX3,,,,,,,,,,,,
PSMD7,-0.32693131242449336,-0.07515605658566428,-0.2010436845050788,,,,,,,,,
GLG1,,,,,,,,,,,,
RFWD3,,,,,,,,,,,,
WDR59,,,,,,,,,,,,
ZNRF1,,,,,,,,,,,,
ZFP1,,,,,,,,,,,,
BCAR1,,,,,,,,,,,,
CFDP1,,,,,,,,,,,,
TMEM170A,,,,,,,,,,,,
GABARAPL2,,,,,,,,,,,,
ADAT1,,,,,,,,,,,,
KARS1,,,,,,,,,,,,
TERF2IP,,,,,,,,,,,,
MON1B,,,,,,,,,,,,
SYCE1L,,,,,,,,,,,,
NUDT7,,,,-0.6445969931902518,-0.6445969931902518,-0.6445969931902518,,,,,,
WWOX,,,,,,,,,,,,
MAF,,,,,,,,,,,,
CDYL2,,,,,,,,,,,,
CMC2,,,,,,,,,,,,
CENPN,,,,,,,-0.9413865899042332,-0.1726568110149469,-0.5570217004595901,,,
ATMIN,,,,,,,,,,,,
C16orf46,,,,,,,,,,,,
GCSH,,,,,,,,,,,,
GAN,,,,,,,,,,,,
CMIP,,,,,,,,,,,,
PLCG2,,,,,,,,,,,,
MPHOSPH6,,,,,,,,,,-0.6783072354032806,-0.17259364330575158,-0.4254504393545161
CDH13,-0.09793442574499779,-0.0443868606740645,-0.07116064320953114,-0.5097967015484118,-0.5097967015484118,-0.5097967015484118,,,,-0.17826877359034937,-0.07033026714056477,-0.12429952036545708
HSBP1,-0.7769146852484788,-0.20346267657379608,-0.49018868091113743,,,,,,,,,
MLYCD,,,,,,,,,,,,
MBTPS1,,,,,,,,,,,,
HSDL1,,,,,,,,,,,,
TAF1C,,,,,,,,,,,,
MEAK7,,,,,,,,,,,,
COTL1,,,,,,,,,,,,
KLHL36,,,,,,,,,,,,
USP10,,,,,,,,,,,,
ZDHHC7,,,,,,,,,,,,
KIAA0513,,,,-0.7388882062680915,-0.7388882062680915,-0.7388882062680915,,,,,,
GSE1,,,,,,,,,,,,
GINS2,-0.668908615262974,-0.21056705909198134,-0.43973783717747766,,,,-0.8863026773351049,-0.1256793018942014,-0.5059909896146532,,,
C16orf74,,,,,,,,,,,,
EMC8,-0.3579893147784419,-0.06492970465148382,-0.21145950971496286,,,,,,,,,
COX4I1,-0.6213179037396965,-0.11600362240355207,-0.3686607630716243,,,,,,,,,
MTHFSD,,,,-0.7236211315117425,-0.7236211315117425,-0.7236211315117425,,,,,,
C16orf95,,,,,,,,,,,,
FBXO31,,,,,,,,,,,,
MAP1LC3B,,,,,,,,,,,,
ZCCHC14,,,,-0.9171993093324493,-0.17854367871371965,-0.5478714940230844,,,,,,
KLHDC4,,,,,,,,,,,,
SLC7A5,,,,,,,,,,,,
BANP,,,,,,,,,,,,
ZFPM1,,,,,,,,,,,,
ZC3H18,,,,,,,,,,,,
CYBA,,,,,,,,,,,,
MVD,,,,,,,,,,,,
RNF166,,,,,,,,,,,,
CTU2,,,,,,,,,,,,
PIEZO1,,,,,,,,,,,,
CDT1,,,,,,,,,,,,
APRT,-0.4389492196864323,-0.08485224785647022,-0.2619007337714513,,,,,,,,,
GALNS,,,,,,,,,,,,
TRAPPC2L,,,,,,,,,,,,
ACSF3,,,,,,,,,,,,
ZNF778,,,,,,,,,,,,
ANKRD11,,,,,,,,,,,,
SPG7,,,,-0.9335039572287319,-0.16554759038618763,-0.5495257738074598,,,,,,
RPL13,-0.47625399466064294,-0.13630352108729538,-0.3062787578739692,,,,,,,,,
CPNE7,,,,,,,,,,,,
CHMP1A,,,,,,,,,,,,
SPATA33,,,,,,,,,,,,
CDK10,,,,,,,,,,,,
SPATA2L,,,,,,,,,,,,
VPS9D1,,,,,,,,,,,,
ZNF276,,,,,,,,,,,,
FANCA,,,,,,,,,,,,
SPIRE2,,,,,,,,,,,,
TCF25,,,,,,,,,,,,
DEF8,,,,,,,,,,,,
DBNDD1,,,,-0.6091243568476444,-0.6091243568476444,-0.6091243568476444,,,,,,
GAS8,,,,,,,,,,,,
RFLNB,,,,,,,,,,,,
VPS53,,,,,,,,,,,,
TLCD3A,,,,,,,,,,,,
GEMIN4,,,,,,,,,,,,
GLOD4,,,,,,,,,,,,
MRM3,,,,,,,,,,-0.536473971156257,-0.0955738612067391,-0.316023916181498
NXN,,,,-0.9459713749717207,-0.18028379552025614,-0.5631275852459884,,,,,,
TIMM22,-0.3325820949071418,-0.03968348010263171,-0.18613278750488677,,,,,,,,,
ABR,,,,,,,,,,,,
YWHAE,,,,,,,,,,,,
CRK,,,,,,,,,,,,
MYO1C,,,,,,,,,,,,
INPP5K,,,,,,,,,,,,
PITPNA,,,,,,,,,,,,
PRPF8,,,,,,,,,,,,
TLCD2,,,,,,,,,,,,
WDR81,,,,,,,,,,,,
SERPINF1,,,,,,,,,,,,
SMYD4,,,,,,,,,,,,
RPA1,,,,,,,,,,,,
DPH1,,,,,,,,,,,,
SMG6,,,,,,,,,,,,
SRR,,,,,,,,,,,,
TSR1,,,,,,,,,,,,
SGSM2,,,,-0.8893088168248673,-0.11507835273794585,-0.5021935847814065,,,,,,
MNT,,,,,,,,,,,,
METTL16,,,,,,,,,,,,
PAFAH1B1,,,,,,,,,,,,
CLUH,-0.2641991312642609,-0.042573595379396076,-0.1533863633218285,,,,,,,,,
RAP1GAP2,,,,,,,,,,,,
TRPV1,,,,,,,,,,,,
SHPK,,,,,,,,,,,,
CTNS,,,,,,,,,,,,
TAX1BP3,,,,,,,,,,,,
EMC6,,,,,,,,,,,,
ITGAE,,,,,,,,,,,,
NCBP3,,,,,,,,,,,,
CAMKK1,,,,,,,,,,,,
ZZEF1,,,,,,,,,,,,
CYB5D2,,,,,,,,,,,,
ANKFY1,,,,,,,,,,,,
UBE2G1,,,,,,,,,,,,
MYBBP1A,,,,,,,,,,,,
PELP1,,,,,,,,,,,,
ARRB2,,,,,,,,,,,,
MED11,,,,,,,,,,,,
PSMB6,-0.5758659413871849,-0.1423836183772328,-0.35912477988220887,,,,,,,-0.6168291470686856,-0.0733810130632657,-0.3451050800659757
MINK1,,,,,,,,,,,,
CHRNE,,,,,,,,,,,,
SLC25A11,,,,-0.981228005306056,-0.30980118179073024,-0.6455145935483931,,,,,,
RNF167,-0.46009575032594374,-0.07557983681352418,-0.267837793569734,,,,,,,-0.6164270627140047,-0.09702318069813577,-0.35672512170607024
PFN1,-0.557290372051895,-0.10130709948861744,-0.32929873577025626,,,,,,,,,
SPAG7,,,,,,,,,,,,
CAMTA2,,,,,,,,,,,,
KIF1C,,,,,,,,,,,,
ZNF232,,,,,,,,,,,,
ZNF594,,,,,,,,,,,,
RABEP1,,,,,,,,,,,,
NUP88,,,,-0.9652680486297234,-0.21379046398589652,-0.58952925630781,,,,,,
RPAIN,,,,,,,,,,,,
C1QBP,,,,,,,,,,,,
DHX33,,,,,,,,,,,,
DERL2,,,,,,,,,,,,
MIS12,,,,,,,,,,,,
WSCD1,,,,,,,,,,,,
PIMREG,,,,,,,,,,,,
KIAA0753,,,,,,,,,,,,
TXNDC17,,,,,,,,,,,,
MED31,-0.43776091053018634,-0.09795809484852629,-0.2678595026893563,,,,,,,-0.5063234732809867,-0.07769899087772045,-0.2920112320793536
RNASEK,-0.5393942276312733,-0.11192757665079386,-0.3256609021410336,,,,,,,,,
C17orf49,-0.5224449188918682,-0.08140740798844573,-0.30192616344015694,,,,,,,,,
ACADVL,,,,,,,,,,,,
DVL2,,,,,,,,,,,,
PHF23,,,,-0.6940138870640776,-0.6940138870640776,-0.6940138870640776,,,,,,
GABARAP,-0.8781056890055512,-0.17881312064212038,-0.5284594048238358,,,,,,,,,
CTDNEP1,,,,-0.9845454274796909,-0.3465469646738157,-0.6655461960767532,,,,,,
ELP5,-0.7236569816335445,-0.153227569955734,-0.43844227579463924,,,,-0.9407699754179508,-0.17214129529413716,-0.556455635356044,,,
EIF5A,,,,,,,,,,,,
GPS2,,,,-0.990137587880878,-0.34259337668099216,-0.6663654822809351,,,,,,
NEURL4,,,,,,,,,,,,
TMEM256,-0.3782451129273359,-0.08099841710745814,-0.22962176501739703,-0.9761871715038711,-0.2501976526899702,-0.6131924120969207,-0.8618106813735993,-0.05854002590211971,-0.4601753536378595,,,
NLGN2,,,,,,,,,,,,
ZBTB4,,,,,,,,,,,,
POLR2A,,,,,,,,,,,,
SENP3,,,,-0.9706119918586318,-0.2171565919962019,-0.5938842919274169,,,,,,
EIF4A1,-0.5585909712304543,-0.10378950969904922,-0.33119024046475176,,,,,,,,,
MPDU1,,,,,,,,,,,,
FXR2,,,,,,,,,,,,
SAT2,,,,,,,,,,,,
ATP1B2,,,,,,,,,,,,
TP53,-0.39540091706669744,-0.06196333109611154,-0.22868212408140448,,,,,,,,,
WRAP53,,,,,,,,,,,,
KDM6B,,,,,,,,,,,,
NAA38,-0.9756711432479385,-0.3177243052758537,-0.6466977242618961,,,,,,,,,
CYB5D1,,,,-0.704266542539861,-0.704266542539861,-0.704266542539861,,,,,,
CHD3,,,,,,,,,,,,
TRAPPC1,,,,,,,,,,,,
CNTROB,,,,,,,,,,,,
PER1,,,,,,,,,,,,
VAMP2,,,,-0.9736715440824537,-0.34843067592168636,-0.6610511100020701,,,,,,
TMEM107,,,,,,,,,,,,
BORCS6,,,,,,,-0.3169074944244422,-0.027497019636318527,-0.17220225703038036,,,
AURKB,,,,,,,,,,,,
CTC1,,,,,,,,,,,,
PFAS,,,,,,,,,,,,
RANGRF,-0.3601713789243526,-0.0827176230645553,-0.22144450099445395,,,,-0.8638483387819882,-0.11298981064381088,-0.4884190747128995,-0.4946876071560724,-0.04899798235926234,-0.27184279475766737
RPL26,-0.6485200800626906,-0.20503073516745285,-0.4267754076150717,,,,,,,,,
NDEL1,,,,-0.9641820331733988,-0.16783699157177281,-0.5660095123725858,,,,,,
MYH10,,,,,,,,,,,,
NTN1,,,,,,,,,,,,
STX8,,,,,,,,,,,,
SCO1,,,,,,,,,,,,
DNAH9,-0.11952113272379704,-0.051999739122946295,-0.08576043592337167,-0.9567684159723343,-0.24970267749059652,-0.6032355467314654,,,,-0.18286022997953003,-0.07232511752870385,-0.12759267375411693
MAP2K4,,,,,,,,,,,,
ARHGAP44,,,,,,,,,,,,
ELAC2,,,,,,,,,,,,
HS3ST3A1,,,,,,,,,,,,
COX10,,,,,,,,,,,,
HS3ST3B1,,,,,,,,,,,,
PMP22,,,,,,,,,,,,
TVP23C,,,,,,,,,,,,
TRIM16,,,,,,,,,,,,
ZNF286A,,,,,,,,,,,,
ADORA2B,,,,,,,,,,,,
ZSWIM7,,,,,,,,,,,,
TTC19,,,,,,,,,,,,
NCOR1,,,,,,,,,,,,
PIGL,,,,,,,,,,,,
CENPV,,,,,,,,,,,,
UBB,-0.5398340579188062,-0.18824486785833364,-0.3640394628885699,,,,-0.7547587453651963,-0.12670087110421363,-0.440729808234705,-0.8427848636906786,-0.20799605922321565,-0.5253904614569471
LRRC75A,,,,,,,,,,,,
MPRIP,,,,,,,,,,,,
PLD6,,,,,,,,,,,,
FLCN,,,,,,,,,,,,
COPS3,,,,,,,,,,,,
NT5M,,,,,,,,,,,,
MED9,,,,,,,,,,,,
PEMT,,,,,,,,,,,,
RAI1,,,,,,,,,,,,
SREBF1,,,,,,,,,,,,
TOM1L2,,,,,,,,,,,,
ATPAF2,,,,,,,,,,,,
GID4,,,,,,,,,,,,
DRG2,,,,,,,,,,,,
ALKBH5,,,,,,,,,,,,
LLGL1,,,,,,,,,,,,
FLII,,,,,,,,,,,,
TOP3A,,,,,,,,,,,,
SMCR8,,,,-0.6071444271641007,-0.6071444271641007,-0.6071444271641007,,,,,,
SHMT1,,,,,,,,,,,,
TVP23B,,,,,,,,,,,,
PRPSAP2,,,,,,,,,,,,
EPN2,,,,,,,,,,,,
B9D1,,,,,,,,,,,,
SLC47A1,,,,,,,,,,,,
ALDH3A2,,,,,,,,,,,,
ULK2,,,,,,,,,,,,
AKAP10,,,,,,,,,,,,
SPECC1,,,,,,,,,,,,
USP22,,,,,,,,,,,,
DHRS7B,,,,,,,,,,,,
TMEM11,,,,,,,,,,,,
MAP2K3,,,,,,,,,,,,
KCNJ12,,,,,,,,,,,,
WSB1,,,,,,,,,,,,
KSR1,,,,-0.9660742338692115,-0.1846673692842542,-0.5753708015767329,,,,,,
NLK,,,,,,,,,,,,
TMEM97,,,,,,,,,,,,
IFT20,,,,,,,,,,,,
TNFAIP1,,,,,,,,,,,,
POLDIP2,,,,,,,,,,,,
TMEM199,,,,,,,,,,,,
SARM1,,,,,,,,,,,,
SLC46A1,,,,,,,,,,,,
RSKR,,,,,,,,,,,,
UNC119,,,,,,,,,,,,
PIGS,,,,,,,,,,,,
SPAG5,,,,,,,,,,,,
BLTP2,,,,,,,,,,,,
SDF2,,,,,,,,,,,,
SUPT6H,,,,,,,,,,,,
RAB34,,,,-0.7137852762173176,-0.7137852762173176,-0.7137852762173176,,,,,,
RPL23A,,,,,,,,,,,,
TLCD1,,,,,,,,,,,,
NEK8,-0.17747174592414436,-0.04090190983912382,-0.10918682788163409,,,,,,,-0.25219066077114094,-0.0683518616129834,-0.16027126119206217
TRAF4,,,,,,,,,,,,
FAM222B,,,,,,,,,,,,
ERAL1,,,,,,,,,,,,
FLOT2,,,,,,,,,,,,
DHRS13,,,,,,,,,,,,
PHF12,,,,,,,,,,,,
MYO18A,,,,,,,,,,,,
NUFIP2,,,,,,,,,,,,
TAOK1,,,,,,,,,,,,
TP53I13,,,,,,,,,,,,
GIT1,,,,,,,,,,,,
ANKRD13B,,,,,,,,,,,,
SSH2,,,,,,,,,,,,
NSRP1,,,,,,,,,,,,
BLMH,,,,,,,,,,,,
CPD,,,,,,,,,,,,
GOSR1,,,,,,,,,,,,
CRLF3,,,,,,,,,,,,
ATAD5,,,,,,,,,,,,
TEFM,,,,,,,,,,,,
ADAP2,,,,,,,,,,,,
RNF135,,,,,,,,,,,,
NF1,,,,,,,,,,,,
OMG,,,,,,,,,,,,
RAB11FIP4,,,,,,,,,,,,
COPRS,,,,,,,,,,,,
UTP6,,,,,,,,,,,,
SUZ12,,,,,,,,,,,,
LRRC37B,,,,,,,,,,,,
RHOT1,,,,,,,,,,,,
RHBDL3,,,,,,,,,,,,
C17orf75,,,,,,,,,,,,
ZNF207,,,,,,,,,,,,
PSMD11,,,,,,,,,,,,
MYO1D,,,,,,,,,,,,
TMEM98,,,,,,,,,,,,
ZNF830,,,,,,,,,,,,
LIG3,,,,,,,,,,,,
RFFL,,,,,,,,,,,,
RAD51D,,,,,,,,,,,,
NLE1,,,,,,,,,,,,
AP2B1,,,,,,,,,,,,
RASL10B,,,,,,,,,,,,
TAF15,,,,,,,,,,,,
RDM1,,,,-0.6576009250385282,-0.6576009250385282,-0.6576009250385282,,,,,,
ZNHIT3,,,,,,,,,,,,
MYO19,,,,,,,,,,,,
PIGW,,,,,,,,,,,,
GGNBP2,,,,,,,,,,,,
DHRS11,,,,,,,,,,,,
MRM1,-0.4754347110892057,-0.08629538857253359,-0.28086504983086963,,,,,,,,,
LHX1,,,,-0.7143831656058469,-0.7143831656058469,-0.7143831656058469,,,,,,
AATF,,,,,,,,,,,,
ACACA,,,,,,,,,,,,
TADA2A,,,,,,,,,,,,
DUSP14,,,,,,,,,,,,
SYNRG,,,,,,,,,,,,
DDX52,,,,-0.9741450452593491,-0.17773394312108903,-0.5759394941902191,,,,,,
MRPL45,,,,,,,,,,,,
SOCS7,,,,,,,,,,,,
MLLT6,,,,,,,,,,,,
CISD3,-0.5967191472156322,-0.14327854273860682,-0.36999884497711955,,,,,,,,,
PCGF2,,,,,,,,,,,,
PSMB3,-0.3983061300404448,-0.07446109201254397,-0.23638361102649438,,,,,,,,,
PIP4K2B,,,,,,,,,,,,
CWC25,,,,,,,,,,,,
RPL23,,,,,,,,,,,,
LASP1,,,,,,,,,,,,
RPL19,-0.5180381387786451,-0.1337952221982028,-0.325916680488424,,,,,,,,,
FBXL20,,,,,,,,,,,,
MED1,,,,,,,,,,,,
CDK12,,,,,,,,,,,,
STARD3,,,,,,,,,,,,
ERBB2,,,,,,,,,,,,
MIEN1,,,,,,,,,,,,
IKZF3,,,,,,,,,,,,
ORMDL3,,,,,,,,,,,,
PSMD3,,,,,,,,,,,,
MED24,,,,,,,,,,,,
THRA,,,,,,,,,,,,
MSL1,,,,,,,,,,,,
CASC3,,,,,,,,,,,,
WIPF2,,,,,,,,,,,,
CDC6,,,,,,,,,,,,
RARA,,,,,,,,,,,,
TOP2A,,,,,,,,,,,,
SMARCE1,,,,,,,,,,,,
KRT10,,,,,,,,,,,,
EIF1,,,,,,,,,,,,
JUP,,,,,,,,,,,,
P3H4,,,,,,,,,,,,
FKBP10,,,,,,,,,,,,
NT5C3B,,,,,,,,,,,,
KLHL11,,,,,,,,,,,,
ACLY,,,,,,,,,,,,
CNP,,,,,,,,,,,,
DNAJC7,,,,,,,,,,,,
NKIRAS2,,,,,,,,,,,,
KAT2A,,,,,,,,,,,,
RAB5C,,,,,,,,,,,,
STAT5B,,,,,,,,,,,,
STAT3,,,,,,,,,,,,
ATP6V0A1,,,,,,,,,,,,
NAGLU,,,,,,,,,,,,
COASY,,,,,,,,,,,,
MLX,,,,,,,,,,,,
PSMC3IP,,,,,,,,,,,,
RETREG3,,,,,,,,,,,,
TUBG1,,,,,,,,,,,,
PLEKHH3,,,,,,,,,,,,
EZH1,,,,,,,,,,,,
RAMP2,,,,-0.7106837598562848,-0.7106837598562848,-0.7106837598562848,,,,,,
VPS25,,,,-0.9700691669374979,-0.21321056698717916,-0.5916398669623385,,,,,,
COA3,,,,,,,,,,,,
BECN1,,,,,,,,,,,,
PSME3,,,,,,,,,,,,
AARSD1,,,,,,,,,,,,
RUNDC1,,,,,,,,,,,,
RPL27,-0.7415855628677376,-0.16919204959785464,-0.4553888062327961,,,,,,,,,
VAT1,,,,,,,,,,,,
RND2,,,,,,,,,,,,
BRCA1,,,,,,,,,,,,
NBR1,,,,,,,,,,,,
CCDC200,,,,,,,,,,,,
ARL4D,,,,,,,,,,,,
DHX8,,,,,,,,,,,,
DUSP3,,,,,,,,,,,,
MPP3,,,,,,,,,,,,
MPP2,,,,,,,,,,,,
TMEM101,,,,,,,,,,,,
LSM12,,,,,,,,,,,,
G6PC3,,,,,,,,,,,,
HDAC5,,,,,,,,,,,,
HROB,,,,,,,,,,,,
TMUB2,,,,,,,,,,,,
ATXN7L3,,,,,,,,,,,,
UBTF,,,,,,,,,,,,
SLC25A39,,,,,,,,,,,,
GRN,,,,,,,,,,,,
GPATCH8,,,,,,,,,,,,
MEIOC,,,,,,,,,,,,
CCDC43,,,,,,,,,,,,
DBF4B,,,,,,,,,,,,
ADAM11,,,,-0.9149620678752642,-0.10933022731487943,-0.5121461475950718,,,,,,
GJC1,,,,,,,,,,,,
EFTUD2,,,,,,,,,,,,
KIF18B,,,,,,,,,,,,
NMT1,,,,,,,,,,,,
DCAKD,,,,,,,,,,,,
PLCD3,,,,,,,,,,,,
HEXIM1,,,,,,,,,,,,
MAP3K14,,,,,,,,,,,,
PLEKHM1,,,,,,,,,,,,
MAPT,,,,,,,,,,,,
KANSL1,,,,,,,,,,,,
ARL17B,,,,,,,,,,,,
ARL17A,,,,,,,,,,,,
LRRC37A2,,,,,,,,,,,,
NSF,,,,,,,,,,,,
GOSR2,,,,,,,,,,,,
RPRML,,,,,,,,,,,,
CDC27,,,,,,,,,,,,
NPEPPS,,,,,,,,,,,,
KPNB1,,,,,,,,,,,,
TBKBP1,,,,-0.6729722010456446,-0.6729722010456446,-0.6729722010456446,,,,,,
MRPL10,-0.3554262953816387,-0.1018753787776499,-0.22865083707964431,,,,,,,-0.42566640331911515,-0.09747251657662018,-0.2615694599478677
SCRN2,,,,,,,,,,,,
SP2,,,,,,,,,,,,
PNPO,,,,,,,,,,,,
CDK5RAP3,,,,,,,,,,,,
NFE2L1,,,,,,,,,,,,
CBX1,,,,,,,,,,,,
SNX11,,,,,,,,,,,,
HOXB2,,,,,,,,,,,,
HOXB3,,,,,,,,,,,,
HOXB6,,,,,,,,,,,,
HOXB7,,,,,,,,,,,,
HOXB8,,,,,,,,,,,,
HOXB9,,,,,,,,,,,,
CALCOCO2,,,,,,,,,,,,
ATP5MC1,-0.6695600428739744,-0.13764215437655172,-0.40360109862526306,,,,,,,,,
UBE2Z,,,,,,,,,,,,
SNF8,,,,,,,,,,,,
IGF2BP1,,,,,,,,,,,,
ZNF652,,,,,,,,,,,,
PHB1,,,,,,,,,,,,
SPOP,,,,,,,,,,,,
SLC35B1,,,,,,,,,,,,
FAM117A,,,,,,,,,,,,
KAT7,,,,,,,,,,,,
PDK2,,,,-0.6347791338605534,-0.6347791338605534,-0.6347791338605534,,,,,,
PPP1R9B,,,,,,,,,,,,
XYLT2,,,,,,,,,,,,
MRPL27,,,,,,,,,,,,
EME1,,,,,,,,,,,,
LRRC59,,,,,,,,,,,,
RSAD1,,,,,,,,,,,,
ANKRD40,,,,,,,,,,,,
LUC7L3,,,,,,,,,,,,
TOB1,,,,,,,,,,,,
SPAG9,,,,,,,,,,,,
NME1,-0.5455797299288117,-0.111931955651928,-0.32875584279036985,,,,,,,,,
NME2,,,,,,,,,,,,
MBTD1,,,,,,,,,,,,
UTP18,,,,,,,,,,,,
TOM1L1,,,,,,,,,,,,
COX11,,,,,,,,,,,,
STXBP4,,,,,,,,,,,,
MMD,,,,,,,,,,,,
PCTP,,,,,,,,,,,,
NOG,,,,,,,,,,-0.13541382070174648,-0.011200422301466104,-0.07330712150160629
C17orf67,,,,,,,,,,,,
DGKE,,,,,,,,,,,,
TRIM25,,,,,,,,,,,,
COIL,,,,,,,,,,,,
SCPEP1,,,,,,,,,,,,
AKAP1,,,,,,,,,,,,
MSI2,,,,,,,,,,,,
MRPS23,,,,,,,,,,,,
CUEDC1,,,,,,,,,,,,
VEZF1,,,,-0.7259582975816771,-0.7259582975816771,-0.7259582975816771,,,,,,
SRSF1,,,,,,,,,,,,
DYNLL2,,,,,,,,,,,,
MKS1,,,,,,,,,,,,
SUPT4H1,,,,,,,,,,,,
RNF43,,,,,,,,,,,,
MTMR4,,,,,,,,,,,,
TEX14,,,,,,,,,,,,
RAD51C,,,,,,,,,,,,
PPM1E,,,,,,,,,,,,
TRIM37,,,,,,,,,,,,
SKA2,,,,,,,,,,,,
PRR11,,,,,,,,,,,,
SMG8,,,,-0.7303511595263755,-0.7303511595263755,-0.7303511595263755,,,,,,
GDPD1,,,,,,,,,,,,
DHX40,,,,,,,,,,,,
CLTC,,,,,,,,,,,,
PTRH2,,,,,,,,,,,,
VMP1,,,,,,,,,,,,
TUBD1,,,,,,,,,,,,
RPS6KB1,,,,,,,,,,,,
RNFT1,,,,,,,,,,,,
HEATR6,,,,,,,,,,,,
USP32,,,,,,,,,,,,
APPBP2,,,,,,,,,,,,
PPM1D,,,,,,,,,,,,
BCAS3,,,,,,,,,,,,
TBX2,,,,,,,,,,,,
BRIP1,,,,,,,,,,,,
INTS2,,,,,,,,,,,,
MED13,,,,,,,,,,,,
METTL2A,,,,,,,,,,,,
TLK2,,,,,,,,,,,,
MRC2,,,,,,,,,,,,
TANC2,,,,,,,,,,,,
DCAF7,,,,,,,,,,,,
TACO1,,,,,,,,,,,,
MAP3K3,,,,,,,,,,,,
STRADA,,,,,,,,,,,,
LIMD2,,,,,,,-0.4357831619470477,-0.07812148286022648,-0.2569523224036371,,,
CCDC47,,,,,,,,,,,,
DDX42,,,,,,,,,,,,
FTSJ3,,,,,,,,,,,,
PSMC5,,,,,,,,,,,,
SMARCD2,,,,,,,,,,,,
ERN1,,,,,,,,,,,,
TEX2,,,,,,,,,,,,
POLG2,,,,,,,,,,,,
DDX5,,,,,,,,,,,,
CEP95,,,,,,,,,,,,
SMURF2,,,,,,,,,,,,
LRRC37A3,,,,,,,,,,,,
GNA13,,,,,,,,,,,,
RGS9,-0.22134906472432836,-0.03780717155189041,-0.12957811813810938,-0.6425424876312441,-0.6425424876312441,-0.6425424876312441,,,,,,
CEP112,,,,,,,,,,,,
PRKCA,,,,,,,,,,,,
HELZ,,,,,,,,,,,,
PSMD12,,,,,,,,,,,,
PITPNC1,,,,,,,,,,,,
NOL11,,,,,,,,,,,,
BPTF,,,,,,,,,,,,
C17orf58,,,,,,,,,,,,
KPNA2,,,,,,,,,,,,
AMZ2,,,,,,,,,,,,
ARSG,,,,,,,,,,,,
PRKAR1A,,,,,,,,,,,,
ABCA5,,,,,,,,,,,,
MAP2K6,,,,,,,,,,,,
SLC39A11,,,,,,,,,,,,
SSTR2,-0.11237886681514916,-0.021022114453675092,-0.06670049063441214,-0.978103631580234,-0.32286558765095486,-0.6504846096155944,,,,-0.20459599974048545,-0.057894445782543845,-0.13124522276151465
COG1,,,,,,,,,,,,
FAM104A,,,,,,,,,,,,
C17orf80,,,,,,,,,,,,
CDC42EP4,,,,,,,,,,,,
SDK2,,,,,,,,,,,,
RPL38,-0.7916102557975861,-0.2248925477534924,-0.5082514017755393,,,,,,,,,
NHERF1,,,,,,,,,,,,
NAT9,,,,,,,,,,,,
TMEM104,,,,,,,,,,,,
CDR2L,,,,,,,,,,,,
MRPL58,,,,,,,,,,,,
KCTD2,,,,,,,,,,,,
ATP5PD,-0.6559240581153593,-0.1401187028801077,-0.3980213804977335,,,,,,,,,
ARMC7,,,,,,,,,,,,
NT5C,,,,,,,,,,,,
JPT1,,,,,,,,,,,,
SUMO2,,,,,,,,,,,,
NUP85,,,,,,,,,,,,
GGA3,,,,,,,,,,,,
MRPS7,,,,,,,,,,,,
MIF4GD,,,,,,,,,,,,
SLC25A19,,,,-0.9515422106508107,-0.12327539236306922,-0.5374088015069399,,,,,,
GRB2,,,,,,,,,,,,
TMEM94,,,,-0.9735413338183388,-0.2375711944220954,-0.6055562641202171,,,,,,
TSEN54,,,,,,,,,,,,
LLGL2,,,,-0.9621020105207662,-0.2657282318417083,-0.6139151211812373,,,,,,
RECQL5,,,,,,,,,,,,
SAP30BP,,,,,,,,,,,,
GALK1,,,,,,,,,,,,
UNK,,,,,,,,,,,,
WBP2,,,,,,,,,,,,
TRIM65,,,,,,,,,,,,
MRPL38,,,,,,,,,,,,
FBF1,,,,,,,,,,,,
ACOX1,,,,,,,,,,,,
TEN1,,,,,,,,,,,,
SRP68,,,,,,,,,,,,
EXOC7,,,,,,,,,,,,
RNF157,,,,,,,,,,,,
UBALD2,,,,,,,,,,,,
QRICH2,,,,-0.7268343438280868,-0.7268343438280868,-0.7268343438280868,,,,,,
PRPSAP1,,,,,,,,,,,,
SPHK1,,,,-0.6598508272372682,-0.6598508272372682,-0.6598508272372682,,,,,,
UBE2O,,,,,,,,,,,,
RHBDF2,,,,,,,,,,,,
ENSG00000284526,,,,,,,,,,,,
MXRA7,,,,,,,,,,,,
JMJD6,,,,,,,,,,,,
METTL23,,,,,,,,,,,,
SRSF2,,,,,,,,,,,,
MFSD11,,,,,,,,,,,,
SEC14L1,,,,,,,,,,,,
SEPTIN9,,,,,,,,,,,,
TNRC6C,,,,,,,,,,,,
SYNGR2,-0.25071046667605573,-0.011243706361643308,-0.1309770865188495,,,,,,,,,
TK1,,,,,,,,,,,,
AFMID,,,,,,,,,,,,
BIRC5,,,,,,,,,,,,
PGS1,,,,,,,,,,,,
CYTH1,,,,,,,,,,,,
USP36,,,,,,,,,,,,
TIMP2,,,,,,,,,,,,
CANT1,,,,,,,,,,,,
ENGASE,,,,-0.711287572026183,-0.711287572026183,-0.711287572026183,,,,,,
CBX2,,,,,,,,,,,,
CBX8,,,,,,,,,,,,
CBX4,,,,,,,,,,,,
TBC1D16,,,,,,,,,,,,
GAA,,,,,,,,,,,,
EIF4A3,,,,,,,,,,,,
SLC26A11,,,,,,,,,,,,
RNF213,,,,,,,,,,,,
ENDOV,,,,,,,,,,,,
NPTX1,,,,,,,,,,,,
RPTOR,,,,,,,,,,,,
CHMP6,,,,,,,,,,,,
BAIAP2,,,,,,,,,,,,
CEP131,,,,,,,,,,,,
NDUFAF8,,,,,,,,,,,,
SLC38A10,,,,,,,,,,,,
BAHCC1,,,,,,,,,,,,
ACTG1,,,,,,,,,,,,
FAAP100,,,,,,,,,,,,
NPLOC4,,,,,,,,,,,,
OXLD1,,,,,,,-0.8149937565371429,-0.04809194080886575,-0.4315428486730043,,,
CCDC137,-0.4628994145656938,-0.08848119359964529,-0.27569030408266954,,,,,,,,,
ARL16,,,,,,,,,,,,
HGS,,,,,,,,,,,,
MRPL12,-0.44440338768453286,-0.10375828868822061,-0.27408083818637674,,,,,,,,,
SLC25A10,,,,,,,,,,,,
MCRIP1,,,,,,,,,,,,
P4HB,,,,,,,,,,,,
ARHGDIA,,,,,,,,,,,,
ALYREF,,,,,,,,,,,,
ANAPC11,-0.8949076629160655,-0.15024974921116227,-0.5225787060636139,,,,,,,,,
PCYT2,,,,,,,,,,,,
MAFG,,,,,,,,,,,,
PYCR1,,,,,,,,,,,,
ASPSCR1,,,,,,,,,,,,
CENPX,,,,,,,,,,,,
LRRC45,,,,,,,,,,,,
RAC3,,,,,,,,,,,,
DCXR,-0.4278052543941592,-0.04278929326494919,-0.23529727382955418,,,,,,,,,
RFNG,,,,,,,,,,,,
GPS1,,,,,,,,,,,,
DUS1L,,,,,,,,,,,,
FASN,,,,,,,,,,,,
CCDC57,,,,,,,,,,,,
SLC16A3,,,,,,,,,,,,
CSNK1D,,,,,,,,,,,,
OGFOD3,,,,,,,,,,,,
HEXD,,,,,,,,,,,,
CYBC1,,,,,,,,,,,,
NARF,,,,,,,,,,,,
FOXK2,,,,,,,,,,,,
WDR45B,,,,,,,,,,,,
RAB40B,,,,,,,,,,,,
FN3KRP,,,,,,,,,,,,
TBCD,,,,,,,,,,,,
B3GNTL1,,,,,,,,,,,,
METRNL,,,,,,,,,,,,
USP14,,,,,,,,,,,,
THOC1,,,,,,,,,,,,
COLEC12,,,,,,,,,,,,
TYMS,,,,,,,,,,,,
ENOSF1,,,,,,,,,,,,
YES1,,,,,,,,,,,,
METTL4,,,,,,,,,,,,
NDC80,,,,,,,,,,,,
SMCHD1,,,,,,,,,,,,
EMILIN2,,,,-0.5701635177199809,-0.5701635177199809,-0.5701635177199809,,,,,,
LPIN2,-0.22751804478753326,-0.05096627830933064,-0.13924216154843194,-0.5969919633514854,-0.5969919633514854,-0.5969919633514854,,,,,,
MYL12A,,,,,,,,,,,,
MYL12B,,,,,,,,,,,,
TGIF1,,,,-0.3497458173281872,-0.3497458173281872,-0.3497458173281872,,,,,,
DLGAP1,,,,,,,-0.2964076706134871,-0.0843982695832403,-0.1904029700983637,,,
ZBTB14,,,,-0.6645379632292017,-0.6645379632292017,-0.6645379632292017,,,,,,
EPB41L3,,,,,,,,,,,,
L3MBTL4,,,,,,,,,,,,
LAMA1,,,,,,,,,,,,
PTPRM,,,,,,,,,,,,
RAB12,,,,,,,,,,,,
MTCL1,,,,,,,,,,,,
NDUFV2,-0.662288069563695,-0.11034314855134988,-0.38631560905752244,,,,,,,,,
ANKRD12,,,,,,,,,,,,
TWSG1,,,,,,,,,,,,
RALBP1,,,,,,,,,,,,
PPP4R1,,,,,,,,,,,,
RAB31,,,,,,,,,,,,
VAPA,,,,,,,,,,,,
NAPG,,,,,,,,,,,,
GNAL,,,,,,,,,,,,
CHMP1B,,,,,,,-0.4707167674411403,-0.10036051669585955,-0.28553864206849994,,,
MPPE1,,,,,,,,,,,,
IMPA2,,,,,,,,,,,,
TUBB6,,,,,,,,,,,,
AFG3L2,,,,,,,,,,,,
PRELID3A,,,,,,,,,,,,
SPIRE1,,,,,,,,,,,,
PSMG2,,,,-0.9802096788502652,-0.2419986029087939,-0.6111041408795296,,,,,,
CEP76,,,,,,,,,,,,
PTPN2,,,,,,,,,,,,
SEH1L,,,,,,,,,,,,
CEP192,,,,,,,,,,,,
LDLRAD4,,,,,,,,,,,,
FAM210A,,,,,,,,,,,,
RNMT,,,,,,,,,,,,
ZNF519,,,,,,,,,,,,
ROCK1,,,,,,,,,,,,
GREB1L,,,,,,,,,,,,
ESCO1,,,,,,,,,,,,
SNRPD1,-0.49716433501976964,-0.0628175568450407,-0.27999094593240514,,,,,,,,,
ABHD3,,,,,,,,,,,,
MIB1,,,,,,,,,,,,
GATA6,,,,,,,,,,,,
RBBP8,,,,,,,,,,,,
CABLES1,,,,,,,,,,,,
TMEM241,,,,,,,,,,,,
RIOK3,,,,,,,,,,,,
RMC1,,,,-0.9495224663952728,-0.16249741623476832,-0.5560099413150206,,,,,,
NPC1,,,,,,,,,,,,
ANKRD29,,,,,,,,,,,,
LAMA3,,,,,,,,,,,,
TTC39C,,,,,,,,,,,,
CABYR,,,,,,,,,,,,
OSBPL1A,,,,,,,,,,,,
IMPACT,,,,,,,,,,,,
ZNF521,,,,,,,,,,,,
SS18,,,,,,,,,,,,
TAF4B,,,,,,,,,,,,
KCTD1,,,,,,,,,,,,
CHST9,,,,,,,,,,,,
CDH2,,,,,,,,,,,,
DSC3,,,,,,,,,,,,
DSC2,,,,,,,,,,,,
DSG2,,,,,,,,,,,,
B4GALT6,,,,,,,,,,,,
TRAPPC8,,,,,,,,,,,,
RNF125,,,,-0.969841725184477,-0.22569499863548195,-0.5977683619099795,,,,,,
RNF138,,,,,,,,,,,,
GAREM1,,,,,,,,,,,,
ASXL3,,,,,,,,,,,,
NOL4,,,,,,,,,,,,
DTNA,,,,,,,,,,,,
MAPRE2,,,,,,,,,,,,
ZNF397,,,,,,,,,,,,
ZSCAN30,,,,,,,,,,,,
ZNF24,,,,,,,,,,,,
INO80C,,,,,,,,,,,,
GALNT1,,,,,,,,,,,,
C18orf21,,,,,,,,,,,,
RPRD1A,,,,,,,,,,,,
SLC39A6,,,,,,,,,,,,
ELP2,,,,,,,,,,,,
MOCOS,,,,,,,,,,,,
FHOD3,,,,,,,,,,,,
TPGS2,,,,,,,,,,,,
KIAA1328,,,,,,,,,,,,
CELF4,,,,,,,,,,,,
PIK3C3,,,,,,,,,,,,
SETBP1,,,,,,,,,,,,
EPG5,,,,,,,,,,,,
PSTPIP2,,,,,,,,,,,,
ATP5F1A,,,,,,,,,,,,
HAUS1,,,,,,,,,,,,
C18orf25,,,,,,,,,,,,
PIAS2,,,,,,,,,,,,
HDHD2,,,,,,,,,,,,
IER3IP1,,,,,,,,,,,,
SMAD2,,,,,,,,,,,,
ZBTB7C,,,,,,,,,,,,
CTIF,,,,,,,,,,,,
SMAD7,,,,-0.9166174242772409,-0.1885359371789885,-0.5525766807281147,,,,-0.10849236691833047,-0.013868046282373038,-0.061180206600351755
DYM,,,,,,,,,,,,
C18orf32,,,,,,,,,,,,
RPL17,,,,,,,,,,,,
ACAA2,,,,,,,,,,,,
MBD1,,,,,,,,,,,,
CXXC1,,,,,,,,,,,,
SKA1,-0.2293185297461915,-0.037204568093185036,-0.13326154891968828,,,,,,,,,
ME2,,,,,,,,,,,,
ELAC1,,,,-0.6774579233878026,-0.6774579233878026,-0.6774579233878026,,,,,,
SMAD4,,,,,,,,,,,,
MEX3C,,,,-0.8056711654517287,-0.12689150848032085,-0.46628133696602475,,,,,,
MBD2,,,,,,,,,,,,
C18orf54,,,,,,,,,,,,
RAB27B,,,,-0.9533217227623408,-0.22657497599258808,-0.5899483493774644,,,,,,
TCF4,,,,,,,,,,,,
TXNL1,,,,,,,,,,,,
WDR7,,,,,,,,,,,,
ONECUT2,,,,,,,,,,,,
FECH,,,,,,,,,,,,
NARS1,,,,,,,,,,,,
ATP8B1,,,,,,,,,,,,
NEDD4L,,,,,,,,,,,,
MALT1,,,,,,,,,,,,
ZNF532,,,,,,,,,,,,
SEC11C,,,,,,,,,,,,
LMAN1,,,,,,,,,,,,
PMAIP1,,,,,,,,,,,,
RNF152,,,,,,,,,,,,
PIGN,,,,,,,,,,,,
RELCH,,,,,,,,,,,,
TNFRSF11A,,,,,,,,,,,,
ZCCHC2,,,,,,,,,,,,
PHLPP1,,,,,,,,,,,,
BCL2,,,,,,,,,,,,
KDSR,,,,,,,,,,,,
VPS4B,,,,,,,,,,,,
CDH7,,,,-0.9682349346827556,-0.2579249214506182,-0.6130799280666869,,,,,,
TMX3,,,,,,,,,,,,
DOK6,,,,,,,,,,,,
RTTN,,,,,,,,,,,,
SOCS6,,,,,,,,,,,,
TIMM21,,,,-0.7428266118885104,-0.7428266118885104,-0.7428266118885104,,,,,,
CYB5A,,,,-0.985014495595721,-0.41889013475835785,-0.7019523151770394,,,,,,
CNDP2,,,,,,,,,,,,
ZNF407,,,,,,,,,,,,
PTGR3,,,,,,,,,,,,
TSHZ1,,,,,,,,,,,,
ZNF516,,,,,,,,,,,,
ZNF236,,,,,,,,,,,,
ATP9B,,,,,,,,,,,,
CTDP1,,,,,,,-0.8629456124245997,-0.08331867238750888,-0.4731321424060543,,,
SLC66A2,,,,,,,,,,,,
HSBP1L1,,,,,,,,,,,,
TXNL4A,,,,,,,,,,,,
RBFA,,,,,,,,,,,,
ADNP2,,,,,,,,,,,,
PARD6G,,,,,,,,,,,,
MIER2,,,,,,,,,,,,
TPGS1,,,,,,,,,,,,
CDC34,-0.3925086149999501,-0.0531146286756244,-0.22281162183778724,,,,,,,,,
BSG,,,,,,,,,,,,
POLRMT,,,,,,,,,,,,
RNF126,,,,,,,,,,,,
PALM,,,,-0.6737617382638422,-0.6737617382638422,-0.6737617382638422,,,,,,
PTBP1,,,,,,,,,,,,
CFD,,,,,,,,,,,,
MED16,,,,,,,,,,,,
R3HDM4,,,,,,,,,,,,
ARID3A,,,,,,,,,,,,
WDR18,,,,,,,,,,,,
TMEM259,,,,,,,,,,,,
CNN2,,,,-0.6851689717585379,-0.6851689717585379,-0.6851689717585379,,,,,,
ABCA7,,,,,,,,,,,,
POLR2E,,,,,,,,,,,,
GPX4,-0.43482177508797937,-0.11532736325689538,-0.2750745691724374,,,,,,,,,
SBNO2,,,,,,,,,,,,
STK11,,,,,,,,,,,,
ATP5F1D,-0.5940745802499875,-0.1587321337842958,-0.37640335701714167,,,,,,,,,
MIDN,,,,,,,,,,,,
CIRBP,,,,,,,,,,,,
FAM174C,,,,-0.9849297706198784,-0.24198187554295092,-0.6134558230814147,,,,,,
PWWP3A,,,,,,,,,,,,
NDUFS7,-0.44785501017061613,-0.08963711121316847,-0.26874606069189233,-0.9849448646756213,-0.2783059899988497,-0.6316254273372355,,,,-0.5691748243434264,-0.09013851713657554,-0.32965667074000093
GAMT,,,,,,,,,,,,
DAZAP1,,,,,,,,,,,,
RPS15,-0.5733470331297946,-0.158554445723724,-0.3659507394267593,,,,,,,,,
C19orf25,,,,,,,,,,,,
MEX3D,,,,-0.510042821101657,-0.510042821101657,-0.510042821101657,,,,,,
MBD3,,,,,,,,,,,,
UQCR11,,,,,,,,,,,,
TCF3,,,,,,,,,,,,
REXO1,,,,,,,,,,,,
KLF16,,,,,,,,,,,,
ABHD17A,,,,,,,,,,,,
SCAMP4,,,,,,,,,,,,
CSNK1G2,,,,,,,,,,,,
BTBD2,,,,,,,,,,,,
MKNK2,,,,,,,,,,,,
MOB3A,,,,,,,,,,,,
AP3D1,,,,,,,,,,,,
DOT1L,,,,,,,,,,,,
PLEKHJ1,,,,,,,,,,,,
SF3A2,,,,,,,,,,,,
OAZ1,-0.7708984738504463,-0.1628080714896403,-0.4668532726700433,,,,,,,,,
LSM7,-0.9008420144812189,-0.21912234107563275,-0.5599821777784258,,,,-0.9259436915443922,-0.17416228334819472,-0.5500529874462934,,,
SPPL2B,,,,,,,,,,,,
TMPRSS9,,,,,,,,,,,,
TIMM13,-0.5446862785194504,-0.08590530515059382,-0.3152957918350221,,,,,,,,,
LMNB2,,,,,,,,,,,,
GADD45B,,,,-0.5353031618536556,-0.5353031618536556,-0.5353031618536556,,,,,,
GNG7,,,,-0.9845801998586805,-0.26453289689904497,-0.6245565483788628,,,,,,
DIRAS1,,,,,,,,,,,,
SLC39A3,,,,,,,,,,,,
SGTA,,,,,,,,,,,,
THOP1,,,,,,,,,,,,
ZNF57,,,,,,,,,,,,
ZNF77,,,,,,,,,,,,
TLE5,,,,,,,,,,,,
GNA11,,,,,,,,,,,,
NCLN,,,,,,,,,,,,
NFIC,,,,,,,,,,,,
DOHH,,,,,,,,,,,,
FZR1,,,,,,,,,,,,
MFSD12,,,,,,,,,,,,
HMG20B,,,,,,,,,,,,
CACTIN,,,,-0.7398075147548946,-0.7398075147548946,-0.7398075147548946,,,,,,
PIP5K1C,,,,,,,,,,,,
MRPL54,,,,,,,,,,,,
MATK,,,,-0.7365518911140944,-0.7365518911140944,-0.7365518911140944,,,,,,
DAPK3,,,,,,,,,,,,
EEF2,,,,,,,,,,,,
PIAS4,,,,,,,,,,,,
ZBTB7A,,,,,,,,,,,,
MAP2K2,,,,,,,,,,,,
SIRT6,,,,,,,,,,,,
YJU2,,,,,,,,,,,,
FSD1,,,,,,,,,,,,
MPND,,,,,,,,,,,,
SH3GL1,,,,,,,,,,,,
CHAF1A,,,,,,,,,,,,
UBXN6,,,,,,,,,,,,
HDGFL2,,,,,,,,,,,,
MYDGF,,,,,,,,,,,,
DPP9,,,,,,,,,,,,
FEM1A,,,,-0.9797890285393469,-0.29376550522399963,-0.6367772668816732,,,,,,
PLIN3,,,,-0.7544404914521996,-0.7544404914521996,-0.7544404914521996,,,,,,
UHRF1,,,,,,,,,,,,
KDM4B,,,,-0.9824342448828176,-0.09056288313913255,-0.5364985640109751,,,,,,
PTPRS,,,,,,,,,,,,
TINCR,,,,,,,,,,,,
SAFB2,,,,,,,,,,,,
SAFB,,,,,,,,,,,,
RPL36,-0.9857122133880026,-0.36920843764439687,-0.6774603255161997,,,,,,,,,
MICOS13,,,,,,,,,,,,
LONP1,,,,,,,,,,,,
DUS3L,,,,,,,,,,,,
NRTN,,,,,,,,,,,,
NDUFA11,-0.7717016278211251,-0.21919756984490565,-0.49544959883301537,,,,,,,,,
RANBP3,,,,,,,,,,,,
RFX2,-0.10130220521457428,-0.021742309722681142,-0.06152225746862771,-0.9671463268240317,-0.2836273211490554,-0.6253868239865435,,,,-0.15922835103344843,-0.01409009580602296,-0.0866592234197357
ACSBG2,-0.11371437302479995,-0.02301404425365066,-0.06836420863922531,-0.39782423694568675,-0.39782423694568675,-0.39782423694568675,,,,-0.2622798542838059,-0.0731925180871464,-0.16773618618547614
MLLT1,,,,,,,,,,,,
CLPP,,,,,,,,,,,,
ALKBH7,,,,,,,,,,,,
GTF2F1,,,,,,,,,,,,
KHSRP,,,,,,,,,,,,
SLC25A23,,,,,,,,,,,,
TUBB4A,,,,,,,,,,,,
CD70,,,,,,,,,,,,
GPR108,,,,,,,,,,,,
TRIP10,,,,,,,,,,,,
ZNF557,,,,,,,,,,,,
INSR,,,,,,,,,,,,
ARHGEF18,,,,,,,,,,,,
ZNF358,,,,,,,,,,,,
CAMSAP3,,,,,,,,,,,,
XAB2,,,,,,,,,,,,
PET100,,,,,,,,,,,,
STXBP2,,,,-0.6597328488622018,-0.6597328488622018,-0.6597328488622018,,,,,,
TRAPPC5,-0.5099724156010647,-0.10980680960567453,-0.3098896126033696,,,,,,,,,
EVI5L,,,,,,,,,,,,
MAP2K7,,,,,,,,,,,,
SNAPC2,,,,-0.4994830526726274,-0.4994830526726274,-0.4994830526726274,,,,,,
CTXN1,,,,,,,,,,,,
TIMM44,,,,,,,,,,,,
ELAVL1,,,,,,,,,,,,
CERS4,,,,-0.9713454956247083,-0.16588697270603195,-0.5686162341653701,,,,,,
CD320,,,,,,,,,,,,
NDUFA7,-0.4173280330012059,-0.08111373616195579,-0.24922088458158084,,,,,,,,,
RPS28,,,,,,,,,,,,
RAB11B,,,,,,,,,,,,
MARCHF2,,,,-0.8966980994395076,-0.12170858600665702,-0.5092033427230823,,,,,,
HNRNPM,,,,,,,,,,,,
ZNF414,,,,,,,,,,,,
ZNF317,,,,,,,,,,,,
ZNF559,,,,,,,,,,,,
ZNF266,,,,,,,,,,,,
ZNF426,,,,,,,,,,,,
ZNF121,,,,,,,,,,,,
ZNF561,,,,,,,,,,,,
ZNF562,,,,,,,,,,,,
FBXL12,,,,,,,,,,,,
UBL5,,,,,,,,,,,,
PIN1,,,,,,,,,,,,
PPAN,,,,,,,-0.7608827434390147,-0.09035409069065112,-0.42561841706483294,,,
EIF3G,-0.4060469832403517,-0.09133704585562802,-0.24869201454798986,,,,,,,,,
DNMT1,,,,,,,,,,,,
MRPL4,,,,,,,,,,,,
FDX2,,,,,,,,,,,,
RAVER1,,,,,,,,,,,,
ICAM3,,,,,,,,,,,,
TYK2,,,,,,,,,,,,
CDC37,,,,,,,,,,,,
PDE4A,,,,,,,,,,,,
KEAP1,,,,,,,,,,,,
ATG4D,,,,,,,,,,,,
KRI1,,,,,,,,,,,,
CDKN2D,,,,,,,,,,,,
SLC44A2,,,,,,,,,,,,
ILF3,,,,,,,,,,,,
QTRT1,,,,,,,,,,,,
DNM2,,,,-0.9879063922323682,-0.15285266964101257,-0.5703795309366904,,,,,,
TMED1,,,,,,,,,,,,
CARM1,,,,,,,,,,,,
YIPF2,,,,,,,,,,,,
TIMM29,,,,,,,,,,,,
SMARCA4,,,,,,,,,,,,
LDLR,,,,,,,,,,,,
SPC24,,,,,,,,,,,,
KANK2,,,,,,,,,,,,
DOCK6,,,,,,,,,,,,
RAB3D,,,,,,,,,,,,
TMEM205,,,,,,,,,,,,
PLPPR2,,,,,,,,,,,,
SWSAP1,,,,,,,,,,,,
PRKCSH,,,,,,,,,,,,
ECSIT,,,,,,,,,,,,
ELOF1,,,,-0.9886534796655123,-0.30297917735581176,-0.6458163285106621,,,,,,
ZNF627,,,,,,,,,,,,
ZNF440,,,,,,,,,,,,
ZNF700,,,,,,,,,,,,
ZNF136,,,,,,,,,,,,
ZNF44,,,,,,,,,,,,
ZNF709,,,,,,,,,,,,
ZNF564,,,,,,,,,,,,
ZNF490,,,,,,,,,,,,
ZNF791,,,,,,,,,,,,
MAN2B1,,,,,,,,,,,,
WDR83,,,,,,,,,,,,
WDR83OS,,,,,,,,,,,,
DHPS,,,,,,,,,,,,
FBXW9,,,,,,,,,,,,
TNPO2,,,,,,,,,,,,
TRIR,,,,,,,,,,,,
GET3,,,,,,,,,,,,
HOOK2,,,,,,,,,,,,
PRDX2,-0.4197891938545914,-0.07960283010302874,-0.24969601197881008,,,,,,,-0.6378908802840022,-0.10490823746059569,-0.3713995588722989
RNASEH2A,,,,-0.6071812623095053,-0.6071812623095053,-0.6071812623095053,,,,,,
MAST1,,,,,,,-0.3070267059439677,-0.07738319715948459,-0.19220495155172615,,,
DNASE2,,,,,,,,,,,,
GCDH,,,,,,,,,,,,
SYCE2,,,,,,,,,,,,
FARSA,,,,,,,,,,,,
CALR,,,,,,,,,,,,
RAD23A,,,,,,,,,,,,
GADD45GIP1,-0.6679843948092598,-0.1505479765681909,-0.4092661856887253,,,,,,,,,
NFIX,,,,,,,,,,,,
TRMT1,,,,,,,,,,,,
NACC1,,,,,,,,,,,,
STX10,,,,,,,,,,,,
IER2,,,,,,,,,,,,
CACNA1A,-0.11481301399712476,-0.02921319609507632,-0.07201310504610053,-0.9794443626897192,-0.30524501420423733,-0.6423446884469783,,,,-0.13918286111594155,-0.031688885280728954,-0.08543587319833526
YJU2B,,,,,,,,,,,,
MRI1,,,,,,,,,,,,
C19orf53,,,,,,,,,,,,
CC2D1A,,,,,,,,,,,,
DCAF15,,,,,,,,,,,,
RFX1,,,,,,,,,,,,
SAMD1,,,,,,,,,,,,
PRKACA,,,,,,,,,,,,
ASF1B,,,,,,,,,,,,
ADGRL1,,,,,,,,,,,,
DDX39A,,,,,,,,,,,,
PKN1,,,,,,,,,,,,
GIPC1,,,,,,,,,,,,
DNAJB1,,,,,,,,,,,,
TECR,-0.2741171366437593,-0.016032243181745526,-0.1450746899127524,,,,,,,,,
NDUFB7,-0.6363423761762421,-0.18112774364070106,-0.4087350599084716,,,,,,,,,
ZNF333,,,,,,,,,,,,
ILVBL,,,,,,,,,,,,
NOTCH3,,,,,,,,,,,,
BRD4,,,,,,,,,,,,
AKAP8,,,,,,,,,,,,
AKAP8L,,,,,,,,,,,,
WIZ,,,,,,,,,,,,
TPM4,,,,,,,,,,,,
RAB8A,,,,,,,,,,,,
FAM32A,,,,,,,,,,,,
AP1M1,,,,,,,,,,,,
EPS15L1,,,,,,,,,,,,
C19orf44,,,,,,,,,,,,
CHERP,,,,,,,,,,,,
SLC35E1,,,,,,,,,,,,
MED26,,,,,,,,,,,,
SMIM7,,,,,,,,,,,,
TMEM38A,,,,,,,,,,,,
SIN3B,,,,,,,,,,,,
HAUS8,,,,,,,,,,,,
MYO9B,,,,,,,,,,,,
USE1,,,,,,,,,,,,
OCEL1,,,,-0.5509888766954767,-0.5509888766954767,-0.5509888766954767,,,,,,
NR2F6,,,,,,,,,,,,
BABAM1,,,,,,,,,,,,
ABHD8,,,,,,,,,,,,
MRPL34,,,,,,,,,,,,
DDA1,,,,,,,,,,,,
ANO8,,,,,,,,,,,,
GTPBP3,,,,,,,,,,,,
MVB12A,,,,,,,,,,,,
SLC27A1,,,,,,,,,,,,
PGLS,,,,,,,,,,,,
COLGALT1,,,,,,,,,,,,
MAP1S,,,,,,,,,,,,
RPL18A,-0.4026061247689275,-0.11912218840632577,-0.2608641565876266,,,,,,,,,
CCDC124,,,,,,,,,,,,
MAST3,,,,,,,,,,,,
PIK3R2,,,,,,,,,,,,
IFI30,,,,,,,,,,,,
MPV17L2,,,,,,,,,,,,
RAB3A,,,,,,,,,,,,
JUND,-0.4377310256872643,-0.07846910580217123,-0.2581000657447178,,,,,,,,,
LSM4,-0.5350761019541345,-0.11233815588257226,-0.32370712891835335,,,,,,,,,
SSBP4,,,,,,,,,,,,
ISYNA1,,,,,,,,,,,,
ELL,,,,,,,,,,,,
FKBP8,,,,,,,,,,,,
KXD1,,,,,,,,,,,,
UBA52,-0.41019158199727757,-0.10162389093695681,-0.2559077364671172,,,,,,,,,
REX1BD,,,,,,,,,,,,
CRTC1,,,,,,,,,,,,
UPF1,-0.24755170730405204,-0.03277497481095257,-0.1401633410575023,,,,,,,-0.3349618400793872,-0.009941426041800216,-0.1724516330605937
CERS1,,,,,,,,,,,,
COPE,,,,,,,,,,,,
DDX49,,,,,,,,,,,,
SUGP2,,,,,,,,,,,,
ARMC6,,,,,,,,,,,,
SLC25A42,,,,,,,,,,,,
TMEM161A,,,,,,,,,,,,
MEF2B,,,,,,,,,,,,
BORCS8,,,,-0.7436315391733681,-0.7436315391733681,-0.7436315391733681,,,,,,
RFXANK,,,,,,,,,,,,
NR2C2AP,,,,,,,,,,,,
SUGP1,,,,,,,,,,,,
MAU2,,,,,,,,,,,,
GATAD2A,,,,,,,,,,,,
NDUFA13,-0.6216278569963133,-0.14228399376264184,-0.38195592537947753,,,,,,,,,
YJEFN3,,,,,,,,,,,,
PBX4,,,,,,,,,,,,
ATP13A1,,,,,,,,,,,,
ZNF101,,,,,,,,,,,,
ZNF14,,,,,,,,,,,,
ZNF506,,,,-0.9821188580073502,-0.3134122508460951,-0.6477655544267227,,,,,,
ZNF66,,,,,,,,,,,,
ZNF85,,,,,,,,,,,,
ZNF430,,,,,,,,,,,,
ZNF714,,,,,,,,,,,,
ZNF431,,,,,,,,,,,,
ZNF708,,,,,,,,,,,,
ZNF738,,,,,,,,,,,,
ZNF493,,,,,,,,,,,,
ZNF429,,,,,,,,,,,,
ZNF100,,,,,,,,,,,,
ZNF724,,,,,,,,,,,,
ZNF91,,,,,,,,,,,,
ZNF675,,,,,,,,,,,,
RPSA2,,,,,,,,,,,,
ZNF254,,,,,,,,,,,,
UQCRFS1,,,,,,,,,,,,
POP4,,,,,,,,,,,,
C19orf12,,,,,,,,,,,,
CCNE1,,,,,,,,,,,,
URI1,,,,,,,,,,,,
ZNF536,,,,,,,,,,,,
TSHZ3,,,,,,,,,,,,
ZNF507,,,,,,,,,,,,
DPY19L3,,,,,,,,,,,,
PDCD5,-0.9934251714271211,-0.6831557884588724,-0.8382904799429967,,,,,,,,,
ANKRD27,,,,,,,,,,,,
NUDT19,,,,,,,,,,,,
CEP89,,,,,,,,,,,,
FAAP24,,,,,,,,,,,,
RHPN2,,,,,,,,,,,,
GPATCH1,,,,,,,,,,,,
LRP3,,,,,,,,,,,,
CEBPA,,,,,,,,,,,,
CEBPG,,,,,,,,,,,,
PEPD,,,,,,,,,,,,
KCTD15,,,,,,,,,,,,
LSM14A,,,,,,,,,,,,
GARRE1,,,,,,,,,,,,
GPI,,,,,,,,,,,,
PDCD2L,,,,,,,,,,-0.37146987253076835,-0.054679789534994624,-0.2130748310328815
UBA2,,,,,,,,,,,,
SCGB2B2,,,,,,,,,,,,
ZNF302,,,,-0.9730919856686808,-0.21532080224509387,-0.5942063939568873,,,,,,
GRAMD1A,,,,,,,,,,,,
FXYD5,,,,,,,,,,,,
LSR,,,,,,,,,,,,
USF2,,,,,,,,,,,,
DMKN,,,,,,,,,,,,
TMEM147,,,,,,,,,,,,
HAUS5,,,,,,,,,,,,
RBM42,,,,-0.9788874941964096,-0.18934917330524997,-0.5841183337508298,,,,,,
COX6B1,-0.48641340138131695,-0.15489296689157508,-0.320653184136446,,,,-0.9149910746414963,-0.15000972175298688,-0.5325003981972416,-0.8040262477550705,-0.16196012576253085,-0.48299318675880065
KMT2B,,,,,,,,,,,,
IGFLR1,,,,-0.6994309425230468,-0.6994309425230468,-0.6994309425230468,,,,,,
U2AF1L4,,,,,,,,,,,,
PSENEN,-0.32570106878438754,-0.009885949708317195,-0.16779350924635236,,,,,,,,,
LIN37,,,,,,,,,,,,
PROSER3,,,,,,,,,,,,
SDHAF1,,,,,,,,,,,,
ALKBH6,,,,,,,,,,,,
WDR62,,,,,,,,,,,,
POLR2I,-0.8579385294717984,-0.22721325904544223,-0.5425758942586203,,,,,,,-0.8733571754452691,-0.15898737806613963,-0.5161722767557044
TBCB,,,,,,,,,,,,
CAPNS1,,,,-0.9804571535857094,-0.33256058402128097,-0.6565088688034952,,,,,,
ZNF565,,,,,,,,,,,,
ZNF146,,,,,,,,,,,,
ZFP14,,,,,,,,,,,,
ZNF566,,,,,,,,,,,,
ZNF260,,,,,,,,,,,,
ZNF529,,,,,,,,,,,,
ZNF382,,,,,,,,,,,,
ZNF567,,,,,,,,,,,,
ZNF850,,,,,,,,,,,,
ZNF790,,,,,,,,,,,,
ZNF345,,,,,,,,,,,,
ZNF568,,,,,,,,,,,,
ZNF420,,,,,,,,,,,,
ZNF585A,,,,,,,,,,,,
ZNF585B,,,,,,,,,,,,
ZNF383,,,,,,,,,,,,
ZNF875,,,,,,,,,,,,
ZNF569,,,,-0.703800290528516,-0.703800290528516,-0.703800290528516,,,,,,
ZFP30,,,,,,,,,,,,
ZNF607,,,,,,,,,,,,
ZNF573,,,,-0.7323499899453986,-0.7323499899453986,-0.7323499899453986,,,,,,
SIPA1L3,,,,,,,,,,,,
DPF1,,,,-0.38595560878435553,-0.38595560878435553,-0.38595560878435553,,,,,,
SPINT2,-0.2623608601927368,-0.027778651538344887,-0.14506975586554086,,,,,,,,,
PPP1R14A,,,,,,,-0.7512478617673687,-0.07765856897273633,-0.41445321537005253,,,
YIF1B,-0.37033795273334724,-0.06620161731653366,-0.21826978502494046,,,,,,,,,
CATSPERG,,,,,,,,,,,,
PSMD8,-0.45192394127876334,-0.09413872664249517,-0.2730313339606293,,,,,,,-0.6855815915552177,-0.09779369613114251,-0.3916876438431801
FAM98C,,,,,,,,,,,,
EIF3K,-0.5413179596753397,-0.08232225613648125,-0.31182010790591047,,,,-0.8306032164511858,-0.13368706927781274,-0.4821451428644993,,,
ACTN4,,,,,,,,,,,,
ECH1,,,,,,,,,,,,
HNRNPL,,,,,,,,,,,,
SIRT2,,,,,,,,,,,,
NFKBIB,,,,,,,,,,,,
SARS2,,,,,,,,,,,,
MRPS12,-0.4760752150683193,-0.09380801315753881,-0.28494161411292906,,,,,,,,,
FBXO17,,,,,,,,,,,,
PAK4,,,,,,,,,,,,
LRFN1,,,,,,,,,,,,
SAMD4B,,,,,,,,,,,,
PAF1,,,,,,,,,,,,
MED29,,,,,,,,,,,,
RPS16,,,,,,,,,,,,
SUPT5H,,,,,,,,,,,,
TIMM50,,,,,,,,,,,,
DLL3,-0.43070668806440887,-0.06851615175208925,-0.24961141990824906,,,,-0.9309307360658563,-0.17237378225225766,-0.551652259159057,,,
EID2B,,,,,,,,,,,,
EID2,,,,,,,,,,,,
FBL,,,,,,,,,,,,
PSMC4,-0.4191805560573526,-0.09349336346601411,-0.25633695976168336,,,,,,,,,
ZNF546,,,,,,,,,,,,
ZNF780B,,,,,,,,,,,,
ZNF780A,-0.34402181718265795,-0.05924042066599802,-0.201631118924328,,,,,,,,,
MAP3K10,,,,,,,,,,,,
AKT2,,,,,,,,,,,,
C19orf47,,,,,,,,,,,,
PLD3,,,,,,,,,,,,
SERTAD1,,,,,,,,,,,,
SERTAD3,,,,-0.5990473020961578,-0.5990473020961578,-0.5990473020961578,,,,,,
BLVRB,,,,,,,,,,,,
SPTBN4,,,,-0.7071797165032577,-0.7071797165032577,-0.7071797165032577,,,,,,
SHKBP1,,,,,,,,,,,,
LTBP4,,,,,,,,,,,,
NUMBL,,,,,,,,,,,,
COQ8B,,,,,,,,,,,,
ACTMAP,,,,,,,,,,,,
SNRPA,,,,,,,,,,,,
RAB4B,,,,-0.6812093475239435,-0.6812093475239435,-0.6812093475239435,,,,,,
EGLN2,,,,,,,,,,,,
HNRNPUL1,,,,,,,,,,,,
TGFB1,,,,,,,,,,,,
CCDC97,,,,,,,,,,,,
TMEM91,,,,,,,,,,,,
B9D2,,,,,,,,,,,,
EXOSC5,,,,,,,,,,,,
BCKDHA,,,,,,,,,,,,
DMAC2,,,,,,,,,,,,
RPS19,-0.7857749701059649,-0.19856066863308205,-0.4921678193695235,,,,,,,,,
ARHGEF1,,,,,,,,,,,,
RABAC1,,,,,,,,,,,,
ZNF574,,,,,,,,,,,,
DEDD2,,,,,,,,,,,,
ZNF526,,,,,,,,,,,,
GSK3A,,,,,,,,,,,,
ERF,,,,,,,,,,,,
CIC,,,,,,,,,,,,
PAFAH1B3,,,,,,,,,,,,
MEGF8,,,,,,,,,,,,
CNFN,,,,,,,,,,,,
PHLDB3,,,,,,,,,,,,
ETHE1,,,,-0.9825635738999786,-0.28730625914066094,-0.6349349165203197,,,,,,
XRCC1,,,,,,,,,,,,
IRGQ,,,,,,,,,,,,
ZNF576,,,,,,,,,,,,
ZNF428,,,,-0.9658666246637517,-0.18078546526109748,-0.5733260449624246,,,,,,
PLAUR,,,,,,,,,,,,
SMG9,,,,,,,,,,,,
ZNF283,,,,,,,,,,,,
ZNF45,,,,,,,,,,,,
ZNF155,,,,,,,,,,,,
ZNF224,,,,,,,,,,,,
ZNF234,,,,-0.7520178419071759,-0.7520178419071759,-0.7520178419071759,,,,,,
ZNF226,,,,-0.7530827250076044,-0.7530827250076044,-0.7530827250076044,,,,,,
ZNF227,,,,,,,,,,,,
ZNF235,,,,,,,,,,,,
PVR,,,,,,,,,,,,
NECTIN2,,,,,,,,,,,,
TOMM40,,,,,,,,,,,,
APOE,,,,,,,,,,,,
APOC1,-0.4379390299679204,-0.1385483441671157,-0.288243687067518,,,,,,,-0.4429251052188519,-0.06372474101348405,-0.253324923116168
CLPTM1,,,,,,,,,,,,
CLASRP,,,,,,,,,,,,
GEMIN7,,,,,,,,,,,,
MARK4,,,,,,,,,,,,
PPP1R37,,,,,,,,,,,,
TRAPPC6A,,,,,,,,,,,,
ERCC2,,,,,,,,,,,,
PPP1R13L,,,,,,,,,,,,
POLR1G,,,,,,,,,,,,
ERCC1,,,,,,,,,,,,
RTN2,-0.11081745668315034,-0.009754354169082413,-0.06028590542611637,,,,,,,,,
PPM1N,,,,-0.954340919166534,-0.20201046851906293,-0.5781756938427984,,,,,,
VASP,,,,,,,,,,,,
OPA3,,,,,,,,,,,,
EML2,,,,,,,,,,,,
SNRPD2,-0.8691570953354242,-0.1986623539169916,-0.5339097246262079,,,,-0.9690640842242636,-0.20004777262003723,-0.5845559284221504,,,
QPCTL,,,,,,,,,,,,
FBXO46,,,,,,,,,,,,
DMPK,,,,,,,,,,,,
DMWD,-0.17652997264672388,-0.03806558588142515,-0.10729777926407451,-0.9699038147552939,-0.29948956145854816,-0.634696688106921,,,,,,
SYMPK,,,,,,,,,,,,
IRF2BP1,,,,,,,,,,,,
MYPOP,,,,,,,,,,,,
PPP5C,,,,-0.9744886539883968,-0.25293483846240816,-0.6137117462254025,,,,,,
CCDC8,,,,,,,,,,,,
PNMA8A,,,,-0.6106445945852526,-0.6106445945852526,-0.6106445945852526,,,,,,
CALM3,,,,,,,,,,,,
PRKD2,,,,-0.8786967804240257,-0.1884531342841295,-0.5335749573540776,,,,,,
STRN4,,,,,,,,,,,,
FKRP,,,,,,,,,,,,
SLC1A5,,,,,,,,,,,,
AP2S1,-0.7186622441744247,-0.147408712380698,-0.43303547827756134,,,,,,,,,
ARHGAP35,,,,,,,,,,,,
NPAS1,,,,-0.9834079270041528,-0.21830737745314896,-0.6008576522286508,,,,,,
TMEM160,,,,,,,,,,,,
ZC3H4,,,,,,,,,,,,
SAE1,,,,,,,,,,,,
BBC3,,,,,,,,,,,,
CCDC9,,,,,,,,,,,,
DHX34,,,,,,,,,,,,
NAPA,,,,,,,,,,,,
NOP53,,,,,,,,,,,,
SELENOW,-0.48101744795755486,-0.04887299206205435,-0.2649452200098046,,,,,,,,,
LIG1,,,,,,,,,,,,
ZSWIM9,,,,,,,,,,,,
CARD8,,,,,,,,,,,,
EMP3,,,,,,,-0.4817056491879795,-0.011433075467544745,-0.2465693623277621,,,
TMEM143,,,,,,,,,,,,
KDELR1,,,,,,,,,,,,
GRIN2D,,,,,,,,,,,,
GRWD1,,,,,,,,,,,,
KCNJ14,,,,,,,,,,,,
CYTH2,,,,,,,,,,,,
RPL18,-0.49125556933092707,-0.12405513195215243,-0.30765535064153976,,,,,,,,,
SPHK2,,,,,,,,,,,,
DBP,,,,,,,,,,,,
CA11,,,,,,,,,,,,
BCAT2,,,,,,,,,,,,
NUCB1,,,,,,,,,,,,
BAX,,,,-0.9245790349041185,-0.11030580876962572,-0.5174424218368722,,,,,,
FTL,,,,,,,,,,,,
GYS1,,,,,,,,,,,,
RUVBL2,,,,,,,,,,,,
SNRNP70,,,,,,,,,,,,
LIN7B,,,,-0.7456363873536918,-0.7456363873536918,-0.7456363873536918,,,,,,
PPFIA3,,,,,,,,,,,,
TRPM4,,,,,,,,,,,,
SLC6A16,,,,,,,,,,,,
TEAD2,,,,-0.7272700256322571,-0.7272700256322571,-0.7272700256322571,,,,,,
PIH1D1,-0.14013609355231618,0.019626823264164175,-0.060254635144076,,,,,,,,,
ALDH16A1,,,,,,,,,,,,
RPL13A,,,,,,,,,,,,
RPS11,,,,,,,,,,,,
FCGRT,,,,,,,,,,,,
NOSIP,,,,,,,,,,,,
PRR12,,,,,,,,,,,,
RRAS,,,,,,,,,,,,
SCAF1,,,,,,,,,,,,
IRF3,,,,,,,,,,,,
BCL2L12,,,,,,,,,,,,
PRMT1,,,,,,,,,,,,
CPT1C,-0.35673354710975336,-0.06614044533986428,-0.21143699622480883,-0.7478869268262028,-0.7478869268262028,-0.7478869268262028,,,,,,
AP2A1,,,,,,,,,,,,
FUZ,-0.2451324082826902,0.0028215135593562812,-0.12115544736166696,,,,,,,,,
MED25,,,,,,,,,,,,
PTOV1,-0.4295373716370489,-0.08754606137578436,-0.25854171650641666,,,,,,,,,
PNKP,,,,,,,,,,,,
AKT1S1,,,,,,,,,,,,
TBC1D17,,,,-0.7030843654090567,-0.7030843654090567,-0.7030843654090567,,,,,,
NUP62,,,,,,,,,,,,
ATF5,,,,,,,,,,,,
VRK3,,,,,,,,,,,,
ZNF473,,,,,,,,,,,,
MYH14,-0.21369058022167975,-0.038085288254829035,-0.1258879342382544,-0.9257790916827054,-0.16177871360684395,-0.5437789026447747,,,,,,
NR1H2,,,,,,,,,,,,
POLD1,,,,,,,,,,,,
EMC10,,,,,,,,,,,,
JOSD2,,,,,,,,,,,,
C19orf81,,,,,,,,,,,,
CLEC11A,-0.37021745788877203,-0.08765787717504916,-0.22893766753191058,,,,,,,,,
KLK8,,,,,,,,,,,,
CTU1,,,,,,,,,,,,
ETFB,-0.36830533242597935,-0.05019117627983795,-0.20924825435290864,,,,,,,,,
ZNF649,,,,,,,,,,,,
ZNF614,,,,,,,,,,,,
ZNF616,,,,,,,,,,,,
PPP2R1A,,,,,,,,,,,,
ZNF766,,,,,,,,,,,,
ZNF480,,,,,,,,,,,,
ZNF611,,,,,,,,,,,,
ZNF845,,,,,,,,,,,,
ZNF765,,,,-0.3451910530598824,-0.3451910530598824,-0.3451910530598824,,,,,,
ZNF761,,,,,,,,,,,,
MYADM,,,,,,,,,,,,
CACNG8,,,,,,,,,,,,
NDUFA3,-0.7016331899520657,-0.22947805402168575,-0.4655556219868757,,,,,,,-0.8168110291347002,-0.1590036934966421,-0.48790736131567114
TFPT,,,,,,,,,,,,
PRPF31,,,,,,,,,,,,
CNOT3,,,,-0.9909622280634945,-0.3185526797425945,-0.6547574539030445,,,,,,
LENG1,,,,,,,,,,,,
MBOAT7,,,,,,,,,,,,
TSEN34,,,,,,,,,,,,
RPS9,,,,,,,,,,,,
LENG8,,,,-0.9643204769211671,-0.226514481594164,-0.5954174792576655,,,,,,
LENG9,,,,,,,,,,,,
RDH13,,,,,,,,,,,,
PPP1R12C,,,,,,,,,,,,
TNNT1,,,,,,,,,,,,
TNNI3,,,,,,,,,,,,
PPP6R1,,,,,,,,,,,,
HSPBP1,,,,,,,,,,,,
BRSK1,-0.07690181601853033,-0.0344809957624226,-0.05569140589047646,-0.9555908674901558,-0.25240711427376017,-0.603998990881958,,,,-0.07644875521430762,-0.03523934938739342,-0.055844052300850516
KMT5C,-0.20427794924258078,-0.06067425702226458,-0.13247610313242267,,,,,,,-0.30887977231064107,-0.07588298775642806,-0.19238138003353455
RPL28,-0.8885512580168352,-0.18913285340865787,-0.5388420557127466,,,,,,,,,
UBE2S,,,,,,,,,,,,
ISOC2,,,,,,,,,,,,
NAT14,,,,,,,,,,,,
ZNF579,,,,,,,,,,,,
ZNF865,,,,,,,,,,,,
ZNF580,,,,,,,,,,,,
ZNF581,,,,,,,,,,,,
CCDC106,,,,,,,,,,,,
U2AF2,,,,,,,,,,,,
EPN1,,,,,,,,,,,,
ZNF787,,,,,,,,,,,,
ZNF444,,,,,,,,,,,,
ZSCAN5A,,,,,,,,,,,,
ZNF71,,,,-0.576247848068045,-0.576247848068045,-0.576247848068045,,,,,,
ZNF264,,,,,,,,,,,,
ZNF805,,,,,,,,,,,,
ZNF460,,,,,,,,,,,,
TRAPPC2B,-0.2846114871820861,-0.06953796107365139,-0.17707472412786876,,,,,,,,,
ZNF749,,,,,,,,,,,,
ZNF530,,,,-0.4442285933237884,-0.4442285933237884,-0.4442285933237884,,,,,,
ZNF134,,,,,,,,,,,,
ZNF551,,,,,,,,,,,,
ZNF586,,,,,,,,,,,,
ZNF552,,,,,,,,,,,,
ZNF587B,,,,,,,,,,,,
ZNF814,,,,,,,,,,,,
ZNF587,,,,,,,,,,,,
ZNF274,,,,,,,,,,,,
ZNF8,,,,,,,,,,,,
ERVK3-1,-0.32842667334361697,-0.07156211107366835,-0.19999439220864265,,,,,,,-0.4728478419984806,-0.08968494229408158,-0.28126639214628113
A1BG,,,,,,,,,,,,
RPS5,-0.7702251887894829,-0.16257744545365593,-0.4664013171215694,,,,,,,,,
ZNF584,,,,,,,,,,,,
SLC27A5,,,,,,,,,,,,
TRIM28,,,,,,,,,,,,
CHMP2A,,,,,,,,,,,,
UBE2M,,,,-0.9880748805156009,-0.22694351231397697,-0.607509196414789,,,,,,
MZF1,,,,,,,,,,,,
C20orf96,,,,,,,,,,,,
ZCCHC3,,,,,,,,,,,,
SOX12,,,,,,,,,,,,
NRSN2,,,,,,,,,,,,
RBCK1,,,,,,,,,,,,
TBC1D20,,,,,,,,,,,,
CSNK2A1,,,,,,,,,,,,
SRXN1,,,,-0.6855818740243194,-0.6855818740243194,-0.6855818740243194,,,,,,
PSMF1,,,,,,,,,,,,
FKBP1A,,,,,,,,,,,,
NSFL1C,,,,,,,,,,,,
STK35,,,,,,,,,,,,
SNRPB,-0.5387462971073741,-0.13667185312862218,-0.33770907511799814,,,,,,,,,
ZNF343,,,,,,,,,,,,
NOP56,,,,,,,,,,,,
IDH3B,-0.3322304633702216,-0.07398797454261113,-0.20310921895641637,,,,-0.7806038061335941,-0.08953163198042322,-0.4350677190570087,,,
VPS16,,,,,,,,,,,,
PTPRA,,,,,,,,,,,,
MRPS26,-0.2285289255217975,-0.0028108223505017124,-0.1156698739361496,,,,,,,,,
UBOX5,,,,-0.6710574636650131,-0.6710574636650131,-0.6710574636650131,,,,,,
FASTKD5,,,,-0.7277355375431044,-0.7277355375431044,-0.7277355375431044,,,,,,
DDRGK1,-0.24718049231384104,-0.023488000569292032,-0.13533424644156652,,,,,,,,,
ITPA,,,,,,,,,,,,
DNAAF9,,,,,,,,,,,,
ATRN,,,,,,,,,,,,
ADISSP,-0.31761733914020407,-0.05371510205671913,-0.1856662205984616,,,,,,,,,
CENPB,,,,,,,,,,,,
CDC25B,,,,,,,,,,,,
AP5S1,,,,,,,,,,,,
MAVS,,,,,,,,,,,,
PANK2,,,,-0.9788723029639788,-0.24574167321180995,-0.6123069880878944,,,,,,
RNF24,,,,,,,,,,,,
SMOX,-0.14831038397686117,-0.0435782769391217,-0.09594433045799143,-0.9632983007939547,-0.31337485174234836,-0.6383365762681515,,,,-0.16992392235856912,-0.03329430598740576,-0.10160911417298744
PRNP,,,,-0.7365355461999312,-0.7365355461999312,-0.7365355461999312,,,,,,
SLC23A2,,,,,,,,,,,,
TMEM230,,,,,,,,,,,,
PCNA,-0.5762551443542043,-0.1264915594351962,-0.35137335189470026,,,,,,,,,
CDS2,,,,,,,,,,,,
GPCPD1,,,,-0.9784606183841694,-0.18415654096485046,-0.5813085796745099,,,,,,
SHLD1,,,,,,,,,,,,
TRMT6,,,,,,,,,,,,
MCM8,,,,,,,,,,,,
CRLS1,,,,,,,,,,,,
BMP2,,,,,,,-0.38995978137774606,-0.040384241654995365,-0.21517201151637072,,,
TMX4,,,,,,,,,,,,
PLCB1,,,,,,,,,,,,
PLCB4,,,,,,,,,,,,
ANKEF1,-0.2931055934327884,-0.0540044807184,-0.17355503707559422,,,,,,,,,
MKKS,,,,,,,,,,,,
SLX4IP,,,,,,,,,,,,
BTBD3,,,,,,,,,,,,
TASP1,,,,,,,,,,,,
ESF1,,,,,,,,,,,,
NDUFAF5,,,,,,,,,,,,
MACROD2,,,,,,,,,,,,
KIF16B,,,,,,,,,,,,
SNRPB2,,,,,,,,,,,,
DSTN,,,,,,,,,,,,
RRBP1,,,,,,,,,,,,
SNX5,,,,,,,,,,,,
OVOL2,,,,,,,,,,,,
MGME1,,,,,,,,,,,,
KAT14,,,,-0.71503577628854,-0.71503577628854,-0.71503577628854,,,,,,
PET117,-0.3195441081454311,-0.09781383886862437,-0.20867897350702774,,,,,,,-0.3387149043003453,-0.0819874069738235,-0.2103511556370844
ZNF133,,,,,,,,,,,,
POLR3F,,,,,,,,,,,,
RBBP9,,,,,,,,,,,,
SEC23B,,,,,,,,,,,,
SMIM26,-0.5882098844881558,-0.14055934681127255,-0.3643846156497142,-0.9733217452269121,-0.16198740495139335,-0.5676545750891527,,,,,,
DTD1,,,,,,,,,,,,
RIN2,,,,,,,,,,,,
NAA20,,,,,,,,,,,,
CRNKL1,,,,,,,,,,,,
RALGAPA2,,,,,,,,,,,,
KIZ,,,,,,,,,,,,
XRN2,,,,-0.9637934707286091,-0.2600036636594036,-0.6118985671940064,,,,,,
NXT1,,,,,,,,,,,,
GZF1,,,,,,,,,,,,
NAPB,,,,,,,,,,,,
CST3,-0.3696487772864867,-0.061058013432248266,-0.21535339535936748,,,,,,,,,
SYNDIG1,,,,,,,,,,,,
APMAP,,,,,,,-0.7189680141081773,-0.12005377858873882,-0.41951089634845806,,,
ENTPD6,,,,,,,,,,,,
PYGB,,,,,,,,,,,,
ABHD12,,,,,,,,,,,,
GINS1,,,,,,,,,,,,
NINL,,,,,,,,,,,,
NANP,,,,,,,,,,,,
ZNF337,,,,,,,,,,,,
HM13,,,,,,,,,,,,
ID1,,,,,,,-0.3970549595521911,-0.09174649237485397,-0.24440072596352252,,,
BCL2L1,,,,,,,,,,,,
TPX2,,,,,,,,,,,,
PDRG1,,,,,,,,,,,,
TM9SF4,,,,,,,,,,,,
PLAGL2,,,,,,,,,,,,
POFUT1,,,,,,,,,,,,
KIF3B,,,,,,,,,,,,
ASXL1,,,,,,,,,,,,
NOL4L,,,,,,,,,,,,
COMMD7,-0.30234781085645507,-0.02627008359719594,-0.1643089472268255,,,,,,,,,
DNMT3B,,,,,,,,,,,,
MAPRE1,,,,,,,,,,,,
CDK5RAP1,,,,,,,,,,,,
SNTA1,,,,,,,,,,,,
CBFA2T2,,,,,,,,,,,,
E2F1,,,,,,,,,,,,
CHMP4B,,,,,,,,,,,,
RALY,,,,,,,,,,,,
EIF2S2,,,,,,,,,,,,
AHCY,,,,,,,,,,,,
ITCH,,,,,,,,,,,,
DYNLRB1,,,,,,,,,,,,
PIGU,,,,,,,,,,,,
NCOA6,,,,,,,,,,,,
GGT7,,,,,,,,,,,,
ACSS2,-0.19704166508232995,-0.02330409787627835,-0.11017288147930415,-0.9614210464910317,-0.16616295666540817,-0.56379200157822,,,,,,
GSS,,,,,,,,,,,,
TRPC4AP,,,,,,,,,,,,
EDEM2,,,,,,,,,,,,
MMP24OS,,,,,,,,,,,,
EIF6,-0.425880365254631,-0.05840034472482607,-0.24214035498972855,,,,,,,-0.4844755330830078,-0.06997715282583399,-0.2772263429544209
UQCC1,,,,,,,,,,,,
CEP250,,,,,,,,,,,,
ERGIC3,,,,,,,,,,,,
CPNE1,,,,,,,,,,,,
RBM12,,,,-0.7042694578931528,-0.7042694578931528,-0.7042694578931528,,,,,,
NFS1,,,,,,,,,,,,
ROMO1,-0.9747241586641636,-0.31063977059991327,-0.6426819646320384,-0.9837372094367173,-0.3387497272435131,-0.6612434683401152,,,,,,
RBM39,,,,,,,,,,,,
PHF20,,,,,,,,,,,,
SCAND1,-0.5000652534562915,-0.1330157052241743,-0.3165404793402329,,,,,,,-0.661381419760583,-0.12915492015458263,-0.3952681699575828
CNBD2,-0.19055138808165584,-0.009894570120032179,-0.100222979100844,,,,,,,,,
EPB41L1,,,,,,,,,,,,
AAR2,-0.09192165207627462,-0.007541064056508867,-0.04973135806639174,-0.982339573550022,-0.2853983538258482,-0.6338689636879351,,,,-0.1616377801193217,0.0011310540316789137,-0.0802533630438214
DLGAP4,,,,,,,,,,,,
TGIF2,,,,-0.7267717694714732,-0.7267717694714732,-0.7267717694714732,,,,,,
RAB5IF,-0.4516984272940106,-0.053055321511064214,-0.2523768744025374,-0.9684372315859354,-0.21738878084348745,-0.5929130062147114,,,,,,
NDRG3,,,,,,,,,,,,
DSN1,,,,,,,,,,,,
SOGA1,,,,,,,,,,,,
SAMHD1,,,,,,,,,,,,
RBL1,,,,,,,,,,,,
RPN2,,,,,,,,,,,,
MANBAL,,,,,,,,,,-0.3791708883526094,-0.033093591704018085,-0.20613224002831376
BLCAP,,,,,,,,,,,,
CTNNBL1,,,,,,,,,,,,
TTI1,,,,,,,,,,,,
RPRD1B,,,,,,,,,,,,
RALGAPB,,,,,,,,,,,,
ACTR5,,,,,,,,,,,,
FAM83D,,,,,,,,,,,,
DHX35,,,,,,,,,,,,
MAFB,-0.09982045341324708,-0.019366060960930995,-0.059593257187089035,-0.7012127526422143,-0.7012127526422143,-0.7012127526422143,,,,-0.15411467558703534,-0.02601822805929035,-0.09006645182316285
TOP1,,,,,,,,,,,,
PLCG1,,,,,,,,,,,,
ZHX3,,,,,,,,,,,,
LPIN3,,,,,,,-0.4896858740885162,-0.09139769199123143,-0.2905417830398738,,,
CHD6,,,,,,,,,,,,
PTPRT,-0.11717467198563335,-0.049182848558372703,-0.08317876027200302,-0.9846362489732237,-0.2636152159851888,-0.6241257324792062,,,,-0.16365975503005845,-0.05641218002087966,-0.11003596752546906
SRSF6,,,,,,,,,,,,
L3MBTL1,,,,-0.700409508197629,-0.700409508197629,-0.700409508197629,,,,,,
IFT52,,,,,,,,,,,,
MYBL2,,,,-0.993054716196543,-0.29291533403094877,-0.6429850251137459,,,,,,
TOX2,-0.11112082989608095,-0.040380576256683544,-0.07575070307638225,-0.9349724249304038,-0.24625849100135588,-0.5906154579658798,,,,-0.12850781462081948,-0.03752371015698409,-0.08301576238890178
OSER1,,,,,,,,,,,,
FITM2,,,,-0.6931574433098096,-0.6931574433098096,-0.6931574433098096,,,,,,
TTPAL,,,,-0.6584080355550733,-0.6584080355550733,-0.6584080355550733,,,,,,
SERINC3,,,,,,,,,,,,
PKIG,,,,,,,,,,,,
ADA,,,,,,,,,,,,
RIMS4,,,,,,,,,,,,
YWHAB,,,,,,,,,,,,
PABPC1L,,,,,,,,,,,,
TOMM34,,,,,,,,,,,,
STK4,,,,,,,,,,,,
SDC4,,,,,,,,,,,,
SYS1,,,,,,,,,,,,
DBNDD2,,,,,,,,,,,,
PIGT,,,,,,,,,,,,
DNTTIP1,,,,,,,,,,,,
UBE2C,,,,,,,-0.9136219599685818,-0.16751314091132155,-0.5405675504399516,,,
ACOT8,,,,,,,,,,,,
CTSA,,,,,,,,,,,,
PLTP,,,,,,,,,,,,
PCIF1,,,,,,,,,,,,
ZNF335,,,,,,,,,,,,
SLC12A5,,,,,,,,,,,,
NCOA5,,,,,,,,,,,,
SLC35C2,,,,,,,,,,,,
ELMO2,,,,,,,,,,,,
SLC13A3,,,,,,,,,,,,
TP53RK,,,,,,,,,,,,
EYA2,,,,,,,,,,,,
ZMYND8,,,,,,,,,,,,
NCOA3,,,,,,,,,,,,
SULF2,,,,,,,,,,,,
ARFGEF2,,,,,,,,,,,,
CSE1L,,,,,,,,,,,,
STAU1,,,,,,,,,,,,
DDX27,,,,,,,,,,,,
ZNFX1,,,,,,,,,,,,
B4GALT5,,,,,,,,,,,,
SLC9A8,,,,,,,,,,,,
RNF114,,,,,,,,,,,,
UBE2V1,,,,,,,,,,,,
PEDS1,,,,,,,,,,,,
CEBPB,,,,,,,,,,,,
PTPN1,,,,,,,,,,,,
PARD6B,,,,-0.9797198857568401,-0.27246107027494987,-0.626090478015895,,,,,,
BCAS4,,,,,,,,,,,,
ADNP,,,,,,,,,,,,
DPM1,,,,,,,,,,,,
MOCS3,,,,,,,,,,,,
KCNG1,,,,,,,,,,,,
ATP9A,,,,,,,,,,,,
ZFP64,,,,,,,,,,,,
TSHZ2,,,,,,,,,,,,
ZNF217,,,,,,,,,,,,
PFDN4,-0.5373744927565629,-0.08787362048627456,-0.31262405662141873,,,,,,,,,
FAM210B,,,,-0.9892332769317439,-0.3251377163051642,-0.657185496618454,,,,,,
AURKA,,,,,,,,,,,,
CSTF1,,,,,,,,,,,,
RTF2,,,,,,,,,,,,
TFAP2C,-0.13742928670238744,-0.021560589239468797,-0.07949493797092812,,,,,,,,,
BMP7,,,,-0.9846513810967653,-0.2746955416705674,-0.6296734613836663,,,,,,
RAE1,,,,,,,,,,,,
RBM38,,,,,,,,,,,,
HMGB1P1,,,,,,,,,,,,
PMEPA1,,,,,,,,,,,,
RAB22A,,,,,,,,,,,,
VAPB,,,,,,,,,,,,
STX16,,,,,,,,,,,,
GNAS,,,,,,,,,,,,
NELFCD,,,,,,,,,,,,
ATP5F1E,,,,,,,,,,,,
PRELID3B,,,,,,,,,,,,
PHACTR3,,,,,,,-0.3161200181785167,-0.044413498948532346,-0.18026675856352453,,,
FAM217B,,,,,,,,,,,,
CDH4,-0.1114430552110584,-0.027689973024347496,-0.06956651411770295,-0.9668885296464594,-0.315059882113673,-0.6409742058800663,,,,-0.1334279468017089,-0.015743631601310183,-0.07458578920150954
TAF4,,,,,,,,,,,,
LSM14B,,,,,,,,,,,,
PSMA7,,,,,,,,,,,,
SS18L1,,,,,,,,,,,,
MTG2,,,,,,,,,,,,
OSBPL2,,,,,,,,,,,,
ADRM1,,,,,,,,,,,,
LAMA5,,,,,,,,,,,,
RPS21,-0.9560780162339546,-0.2128725948513158,-0.5844753055426352,,,,,,,,,
SLCO4A1,,,,,,,,,,,,
MRGBP,,,,-0.9791051074074881,-0.18551907330807674,-0.5823120903577824,-0.7964793635326175,-0.10336823000739397,-0.4499237967700057,,,
OGFR,,,,,,,,,,,,
TCFL5,,,,,,,,,,,,
DIDO1,,,,,,,,,,,,
GID8,,,,,,,,,,,,
YTHDF1,,,,,,,,,,,,
ARFGAP1,,,,,,,,,,,,
KCNQ2,,,,,,,,,,,,
EEF1A2,,,,,,,,,,,,
PPDPF,,,,,,,,,,,,
GMEB2,,,,,,,,,,,,
STMN3,,,,,,,,,,,,
RTEL1,,,,,,,,,,,,
ARFRP1,,,,,,,,,,,,
ZGPAT,,,,,,,,,,,,
SLC2A4RG,,,,-0.6285906568220575,-0.6285906568220575,-0.6285906568220575,,,,,,
ZBTB46,,,,,,,,,,,,
TPD52L2,,,,,,,,,,,,
DNAJC5,,,,,,,,,,,,
ZNF512B,,,,,,,,,,,,
PRPF6,,,,-0.9718462054418489,-0.2557266055036314,-0.6137864054727401,,,,,,
TCEA2,,,,,,,,,,,,
RGS19,,,,,,,,,,,,
PCMTD2,,,,,,,,,,,,
HSPA13,,,,,,,,,,,,
NRIP1,,,,,,,,,,,,
USP25,,,,,,,,,,,,
CXADR,,,,,,,,,,,,
BTG3,,,,,,,,,,,,
C21orf91,,,,,,,,,,,,
NCAM2,,,,,,,,,,,,
MRPL39,,,,,,,,,,,,
ATP5PF,,,,,,,,,,,,
GABPA,,,,,,,,,,,,
APP,,,,,,,,,,,,
ADAMTS1,,,,,,,,,,,,
N6AMT1,,,,,,,,,,,,
LTN1,,,,,,,,,,,,
RWDD2B,,,,,,,,,,,,
USP16,,,,,,,,,,,,
CCT8,,,,,,,,,,,,
BACH1,,,,,,,,,,,,
TIAM1,,,,-0.9721927753281481,-0.274215057556419,-0.6232039164422836,,,,,,
SOD1,,,,,,,,,,,,
SCAF4,,,,,,,,,,,,
HUNK,,,,,,,,,,,,
MIS18A,,,,,,,,,,,,
URB1,,,,,,,,,,,,
TCP10L,,,,,,,,,,,,
CFAP298,,,,,,,,,,,,
SYNJ1,,,,,,,,,,,,
PAXBP1,,,,,,,,,,,,
IFNAR2,,,,,,,,,,,,
IL10RB,,,,,,,,,,,,
IFNAR1,,,,-0.9864029633776247,-0.2727553525110552,-0.6295791579443399,,,,,,
IFNGR2,,,,,,,,,,,,
TMEM50B,,,,,,,,,,,,
GART,,,,,,,,,,,,
SON,,,,,,,,,,,,
DONSON,,,,,,,,,,,,
CRYZL1,,,,,,,,,,,,
ITSN1,,,,,,,,,,,,
ATP5PO,-0.6415562711291716,-0.1805694277195534,-0.4110628494243625,,,,,,,,,
MRPS6,,,,,,,,,,,,
SLC5A3,,,,,,,,,,,,
SMIM11,,,,,,,,,,,,
RCAN1,,,,,,,,,,,,
RUNX1,-0.1709264233100076,-0.0426411487057041,-0.10678378600785585,-0.9750183589643971,-0.23931556533781137,-0.6071669621511042,,,,,,
SETD4,,,,,,,,,,,,
CBR1,,,,,,,,,,,,
CBR3,,,,,,,,,,,,
DOP1B,,,,,,,,,,,,
MORC3,,,,,,,,,,,,
CHAF1B,,,,,,,,,,,,
SIM2,,,,,,,,,,,,
HLCS,,,,,,,,,,,,
PIGP,,,,,,,,,,,,
TTC3,,,,,,,,,,,,
VPS26C,,,,,,,,,,,,
DYRK1A,,,,,,,,,,,,
ETS2,,,,-0.6357098548017702,-0.6357098548017702,-0.6357098548017702,,,,,,
PSMG1,,,,,,,,,,,,
BRWD1,,,,,,,,,,,,
HMGN1,,,,,,,,,,,,
GET1,,,,,,,,,,,,
DSCAM,-0.13161076812508016,-0.03457953830404144,-0.08309515321456079,-0.9738771818572058,-0.2607171414772508,-0.6172971616672283,,,,-0.17603499257019747,-0.05579141614402364,-0.11591320435711056
BACE2,,,,,,,,,,,,
PRDM15,,,,,,,,,,,,
ZBTB21,,,,,,,,,,,,
PDE9A,,,,,,,,,,,,
WDR4,,,,,,,,,,,,
NDUFV3,-0.9788235138932135,-0.22893525681277715,-0.6038793853529953,,,,,,,,,
PKNOX1,,,,,,,,,,,,
CBS,,,,,,,,,,,,
U2AF1,,,,,,,,,,,,
RRP1B,,,,,,,,,,,,
PDXK,,,,,,,,,,,,
CSTB,-0.8001530112050054,-0.22042364302333797,-0.5102883271141717,,,,,,,,,
RRP1,,,,-0.975934527542164,-0.21997799973499724,-0.5979562636385807,,,,,,
AGPAT3,,,,,,,,,,,,
TRAPPC10,,,,,,,,,,,,
PWP2,,,,,,,,,,,,
GATD3,-0.3941992180156611,-0.03582980477494448,-0.21501451139530278,-0.9898892842690071,-0.3028883481363407,-0.6463888162026739,-0.9386756963864406,-0.13176555110199425,-0.5352206237442174,,,
PFKL,,,,,,,,,,,,
CFAP410,,,,,,,,,,,,
UBE2G2,,,,,,,,,,,,
SUMO3,,,,,,,,,,,,
PTTG1IP,,,,,,,,,,,,
SLX9,,,,,,,,,,,,
ADARB1,,,,,,,,,,,,
POFUT2,,,,,,,,,,,,
COL18A1,,,,,,,,,,,,
SLC19A1,,,,,,,,,,,,
PCBP3,,,,-0.73913621546414,-0.73913621546414,-0.73913621546414,,,,,,
COL6A1,,,,,,,,,,,,
SPATC1L,,,,-0.7092198635796283,-0.7092198635796283,-0.7092198635796283,,,,,,
LSS,,,,,,,,,,,,
MCM3AP,,,,,,,,,,,,
YBEY,,,,,,,,,,,,
C21orf58,,,,,,,,,,,,
PCNT,,,,,,,,,,,,
DIP2A,,,,,,,,,,,,
PRMT2,,,,,,,,,,,,
POTEH,-0.07880713943266185,-0.035200709355862975,-0.05700392439426241,-0.3519666233910475,-0.3519666233910475,-0.3519666233910475,,,,-0.14349521084866484,-0.04435079409364409,-0.09392300247115447
IL17RA,,,,,,,,,,,,
HDHD5,,,,,,,,,,,,
CECR2,,,,,,,,,,,,
ATP6V1E1,,,,,,,,,,,,
BCL2L13,,,,,,,,,,,,
BID,,,,,,,,,,,,
MICAL3,,,,,,,,,,,,
PEX26,,,,,,,,,,,,
USP18,,,,-0.7034456924847463,-0.7034456924847463,-0.7034456924847463,,,,,,
DGCR2,,,,,,,,,,,,
ESS2,,,,,,,,,,,,
SLC25A1,,,,,,,,,,,,
CLTCL1,,,,,,,,,,,,
HIRA,,,,,,,,,,,,
C22orf39,,,,,,,,,,,,
MRPL40,-0.4399431067538565,-0.09970170862197525,-0.2698224076879159,,,,-0.7408342706473829,-0.14316682074818426,-0.4420005456977836,,,
UFD1,-0.5465914977723606,-0.1548450576405332,-0.3507182777064469,,,,,,,-0.4854243188576364,-0.142922915836873,-0.3141736173472547
CDC45,,,,,,,,,,,,
GP1BB,,,,,,,,,,,,
TBX1,,,,,,,,,,,,
GNB1L,,,,,,,,,,,,
RTL10,,,,,,,,,,,,
TXNRD2,,,,,,,,,,,,
COMT,,,,,,,,,,,,
TANGO2,,,,,,,,,,,,
DGCR8,,,,,,,,,,,,
TRMT2A,,,,,,,,,,,,
RANBP1,-0.6035554809273961,-0.18670875273952764,-0.39513211683346183,,,,,,,,,
ZDHHC8,,,,,,,,,,,,
DGCR6L,,,,,,,,,,,,
ZNF74,,,,,,,,,,,,
SCARF2,,,,,,,,,,,,
KLHL22,,,,,,,,,,,,
MED15,,,,,,,,,,,,
PI4KA,,,,,,,,,,,,
SNAP29,,,,,,,,,,,,
CRKL,,,,,,,,,,,,
LZTR1,,,,,,,,,,,,
THAP7,,,,,,,,,,,,
HIC2,,,,,,,,,,,,
UBE2L3,,,,,,,-0.9193299015269898,-0.15376741143738717,-0.5365486564821885,,,
YDJC,,,,,,,,,,,,
SDF2L1,,,,,,,,,,,,
PPIL2,,,,,,,,,,,,
YPEL1,,,,-0.7464182296588001,-0.7464182296588001,-0.7464182296588001,,,,,,
MAPK1,,,,,,,,,,,,
PPM1F,,,,,,,,,,,,
TOP3B,,,,,,,,,,,,
ZNF280B,,,,,,,,,,,,
PRAME,,,,,,,,,,,,
GNAZ,,,,-0.6529983588098683,-0.6529983588098683,-0.6529983588098683,,,,,,
BCR,,,,,,,,,,,,
ZNF70,,,,,,,,,,,,
CHCHD10,-0.47758582812385025,-0.10991615038405544,-0.2937509892539528,,,,,,,,,
SMARCB1,,,,,,,,,,,,
DERL3,,,,-0.6367390393105254,-0.6367390393105254,-0.6367390393105254,,,,,,
SLC2A11,,,,,,,,,,,,
MIF,-0.8035568915441125,-0.20928218606541646,-0.5064195388047644,,,,-0.9541501743393734,-0.2179484755726451,-0.5860493249560093,,,
DDT,-0.5973399668060243,-0.11092168019325076,-0.35413082349963754,,,,,,,,,
CABIN1,,,,,,,,,,,,
SPECC1L,,,,,,,,,,,,
GUCD1,,,,,,,,,,,,
SNRPD3,-0.578053914235462,-0.1485581729315423,-0.36330604358350216,,,,,,,,,
SGSM1,,,,,,,,,,,,
KIAA1671,,,,,,,,,,,,
GRK3,,,,,,,,,,,,
ASPHD2,,,,-0.7090829226982288,-0.7090829226982288,-0.7090829226982288,,,,,,
HPS4,,,,,,,,,,,,
SRRD,,,,-0.9797399372933439,-0.20726114745721005,-0.5935005423752769,,,,,,
TFIP11,,,,,,,,,,,,
TPST2,,,,,,,,,,,,
PITPNB,,,,,,,,,,,,
TTC28,,,,,,,,,,,,
CHEK2,,,,,,,,,,,,
HSCB,,,,,,,,,,,,
CCDC117,,,,,,,,,,,,
XBP1,,,,,,,,,,,,
ZNRF3,,,,,,,,,,,,
KREMEN1,,,,,,,,,,,,
EMID1,,,,,,,,,,,,
RHBDD3,,,,,,,,,,,,
EWSR1,,,,,,,,,,,,
AP1B1,,,,,,,,,,,,
THOC5,,,,,,,,,,,,
NIPSNAP1,,,,,,,,,,,,
NF2,,,,,,,,,,,,
ZMAT5,,,,,,,-0.885171761289718,-0.10199208924174817,-0.4935819252657331,,,
UQCR10,-0.9266085940583437,-0.2546960320959336,-0.5906523130771386,,,,-0.9695035339678824,-0.2661049219348986,-0.6178042279513905,,,
ASCC2,,,,,,,,,,,,
MTMR3,,,,,,,,,,,,
TBC1D10A,,,,,,,,,,,,
SF3A1,,,,,,,,,,,,
RNF215,,,,,,,,,,,,
SEC14L2,,,,,,,,,,,,
MTFP1,,,,,,,,,,,,
PES1,,,,-0.9813707145199266,-0.33986918454541853,-0.6606199495326726,,,,,,
SLC35E4,,,,,,,,,,,,
DUSP18,,,,,,,,,,,,
OSBP2,,,,,,,,,,,,
MORC2,,,,,,,,,,,,
TUG1,,,,,,,,,,,,
SMTN,,,,,,,,,,,,
SELENOM,,,,,,,,,,,,
RNF185,,,,,,,,,,,,
LIMK2,,,,,,,,,,,,
PATZ1,,,,,,,,,,,,
DRG1,,,,,,,,,,,,
EIF4ENIF1,,,,,,,,,,,,
SFI1,,,,,,,,,,,,
PISD,,,,,,,,,,,,
PRR14L,,,,,,,,,,,,
DEPDC5,,,,,,,,,,,,
YWHAH,,,,,,,,,,,,
RTCB,,,,,,,,,,,,
FBXO7,,,,,,,,,,,,
SYN3,,,,,,,,,,,,
TIMP3,,,,,,,,,,,,
LARGE1,,,,,,,,,,,,
HMGXB4,,,,,,,,,,,,
TOM1,,,,,,,,,,,,
HMOX1,,,,,,,-0.5614212549425954,-0.05058883049901834,-0.30600504272080686,,,
MCM5,,,,,,,,,,,,
RBFOX2,,,,,,,,,,,,
APOL2,,,,,,,,,,,,
MYH9,,,,,,,,,,,,
TXN2,-0.52756418479181,-0.12118140261944726,-0.32437279370562866,,,,,,,,,
FOXRED2,,,,,,,,,,,,
EIF3D,,,,,,,,,,,,
IFT27,,,,,,,,,,,,
TST,,,,,,,,,,,,
MPST,,,,-0.985078288312496,-0.2773910135481486,-0.6312346509303223,,,,,,
KCTD17,,,,-0.7861844389395298,-0.7861844389395298,-0.7861844389395298,,,,,,
CDC42EP1,,,,,,,-0.6088550705556518,-0.037461322773498576,-0.3231581966645752,,,
GGA1,,,,,,,,,,,,
SH3BP1,,,,,,,,,,,,
PDXP,,,,,,,,,,,,
NOL12,-0.37390120529451704,-0.05607796251378137,-0.2149895839041492,,,,,,,,,
TRIOBP,,,,,,,,,,,,
GCAT,,,,,,,,,,,,
ANKRD54,,,,,,,,,,,,
EIF3L,,,,,,,,,,,,
MICALL1,,,,,,,,,,,,
POLR2F,,,,,,,,,,,,
PICK1,,,,,,,,,,,,
PLA2G6,,,,,,,,,,,,
TMEM184B,,,,,,,,,,,,
CSNK1E,,,,,,,,,,,,
KDELR3,,,,,,,,,,,,
DDX17,,,,,,,,,,,,
DMC1,,,,,,,,,,,,
FAM227A,,,,,,,,,,,,
CBY1,,,,,,,,,,,,
TOMM22,-0.7800178182936295,-0.17352156889650977,-0.4767696935950696,,,,,,,,,
JOSD1,,,,,,,,,,,,
GTPBP1,,,,,,,,,,,,
SUN2,,,,-0.7567203283007942,-0.7567203283007942,-0.7567203283007942,,,,,,
CBX6,,,,,,,,,,,,
APOBEC3C,,,,,,,,,,,,
RPL3,,,,,,,,,,,,
SYNGR1,,,,,,,-0.8931872684221268,-0.1290618521642734,-0.5111245602932001,,,
TAB1,,,,,,,,,,,,
MIEF1,,,,,,,,,,,,
ATF4,,,,,,,,,,,,
RPS19BP1,-0.3754960366846636,-0.0570709469086779,-0.21628349179667075,,,,,,,,,
TNRC6B,,,,,,,,,,,,
ADSL,-0.40885761314140007,-0.07262928361963965,-0.24074344838051986,,,,,,,,,
SGSM3,,,,,,,,,,,,
MRTFA,,,,,,,,,,,,
SLC25A17,,,,,,,,,,,,
ST13,,,,,,,,,,,,
XPNPEP3,,,,,,,,,,,,
RBX1,-0.6897007457845619,-0.1880025414361807,-0.43885164361037127,,,,,,,,,
EP300,,,,,,,,,,,,
L3MBTL2,,,,,,,,,,,,
RANGAP1,,,,,,,,,,,,
ZC3H7B,,,,,,,,,,,,
TOB2,,,,,,,,,,,,
ACO2,,,,,,,,,,,,
PHF5A,,,,,,,,,,,,
POLR3H,,,,,,,,,,,,
PMM1,,,,,,,,,,,,
DESI1,,,,,,,,,,,,
XRCC6,,,,,,,,,,,,
SNU13,-0.44915299322004515,-0.1578275532212457,-0.3034902732206454,,,,-0.915818398894769,-0.20296935672917818,-0.5593938778119736,,,
CCDC134,,,,,,,,,,,,
SREBF2,,,,,,,,,,,,
CENPM,-0.4372133618276233,-0.10823112656708402,-0.2727222441973537,-0.9782908706393054,-0.17637155747396013,-0.5773312140566328,,,,,,
WBP2NL,,,,,,,,,,,,
NAGA,,,,-0.6610991878328596,-0.6610991878328596,-0.6610991878328596,,,,,,
SMDT1,-0.6817261357809844,-0.17708113468132744,-0.42940363523115593,,,,,,,,,
NDUFA6,-0.619346204634545,-0.13589994453016793,-0.3776230745823565,,,,-0.9256256113676694,-0.1771469428883649,-0.5513862771280171,,,
TCF20,,,,,,,,,,,,
RRP7A,,,,,,,,,,,,
POLDIP3,,,,,,,,,,,,
CYB5R3,,,,,,,,,,,,
ARFGAP3,,,,,,,,,,,,
PACSIN2,,,,,,,,,,,,
MCAT,,,,,,,,,,,,
TSPO,-0.43806630317012435,-0.07945092012527663,-0.2587586116477005,,,,,,,,,
TTLL12,,,,,,,,,,,,
PNPLA3,,,,,,,,,,,,
SAMM50,,,,,,,,,,,,
PARVB,,,,-0.9750752785218199,-0.28803586337211073,-0.6315555709469654,,,,,,
RTL6,,,,-0.3419367017146246,-0.3419367017146246,-0.3419367017146246,,,,,,
PRR5,,,,,,,,,,,,
ARHGAP8,,,,,,,,,,,,
PHF21B,,,,,,,,,,,,
NUP50,,,,,,,,,,,,
KIAA0930,,,,-0.9709481562986997,-0.2197957452156467,-0.5953719507571732,,,,,,
FAM118A,,,,,,,,,,,,
RIBC2,,,,,,,,,,,,
FBLN1,,,,,,,,,,,,
ATXN10,,,,,,,,,,,,
PPARA,,,,,,,,,,,,
CDPF1,,,,,,,,,,,,
TTC38,,,,,,,,,,,,
GTSE1,,,,,,,,,,,,
TRMU,,,,,,,,,,,,
CELSR1,,,,,,,,,,,,
GRAMD4,,,,,,,,,,,,
CERK,,,,,,,,,,,,
TBC1D22A,,,,,,,,,,,,
BRD1,,,,,,,,,,,,
ZBED4,,,,,,,,,,,,
ALG12,,,,,,,,,,,,
CRELD2,,,,,,,,,,,,
PIM3,,,,,,,,,,,,
TRABD,,,,,,,,,,,,
SELENOO,,,,,,,,,,,,
TUBGCP6,,,,-0.6153632615400579,-0.6153632615400579,-0.6153632615400579,,,,,,
MAPK12,,,,,,,,,,,,
PLXNB2,,,,,,,,,,,,
PPP6R2,,,,,,,,,,,,
SBF1,,,,,,,,,,,,
LMF2,,,,,,,,,,,,
NCAPH2,,,,,,,,,,,,
SCO2,,,,,,,,,,,,
TYMP,,,,-0.7370989615594684,-0.7370989615594684,-0.7370989615594684,,,,,,
CHKB,,,,,,,,,,,,
MAPK8IP2,,,,,,,,,,,,
SHANK3,,,,,,,,,,,,
RABL2B,,,,,,,,,,,,
PLCXD1,,,,,,,,,,,,
GTPBP6,,,,,,,,,,,,
PPP2R3B,,,,,,,,,,,,
SLC25A6,,,,-0.9787406598244485,-0.20058157712974614,-0.5896611184770973,,,,,,
ASMTL,,,,,,,,,,,,
AKAP17A,,,,,,,,,,,,
DHRSX,,,,,,,,,,,,
CD99,,,,,,,,,,,,
GYG2,,,,,,,,,,,,
PRKX,,,,,,,,,,,,
PUDP,,,,,,,,,,,,
STS,-0.12640895885267842,-0.039212610211470066,-0.08281078453207424,-0.9857629035545613,-0.3523376028160613,-0.6690502531853113,,,,-0.17994720711818457,-0.02851037013133777,-0.10422878862476118
PNPLA4,,,,,,,,,,,,
TBL1X,,,,,,,,,,,,
SHROOM2,-0.1183482712471399,-0.02148926042651391,-0.06991876583682691,-0.5428576058968517,-0.5428576058968517,-0.5428576058968517,,,,,,
MID1,,,,,,,,,,,,
HCCS,,,,,,,,,,,,
MSL3,,,,,,,,,,,,
FRMPD4,,,,-0.9750226730823204,-0.2520390495398546,-0.6135308613110875,,,,,,
PRPS2,,,,,,,,,,,,
TMSB4X,-0.1737167993819379,-0.028307110681668704,-0.1010119550318033,-0.9756722400663387,-0.2167288770991589,-0.5962005585827488,,,,-0.2671776168719723,-0.015286702020868228,-0.14123215944642026
RAB9A,,,,,,,,,,,,
TRAPPC2,,,,,,,,,,,,
OFD1,,,,,,,,,,,,
GPM6B,,,,,,,,,,,,
GEMIN8,,,,,,,,,,,,
FANCB,,,,,,,,,,,,
MOSPD2,,,,,,,,,,,,
PIGA,,,,,,,,,,,,
PIR,,,,,,,,,,,,
CA5B,,,,,,,,,,,,
ZRSR2,,,,,,,,,,,,
AP1S2,,,,,,,,,,,,
CTPS2,,,,,,,,,,,,
SYAP1,,,,,,,,,,,,
TXLNG,,,,,,,,,,,,
RBBP7,,,,,,,,,,,,
NHS,,,,,,,,,,,,
SCML1,,,,,,,,,,,,
SCML2,,,,,,,,,,,,
CDKL5,,,,,,,,,,,,
PHKA2,,,,,,,,,,,,
PDHA1,,,,,,,,,,,,
MAP3K15,,,,,,,,,,,,
SH3KBP1,,,,,,,,,,,,
BCLAF3,,,,,,,,,,,,
MAP7D2,,,,,,,,,,,,
EIF1AX,,,,,,,,,,,,
RPS6KA3,,,,,,,,,,,,
CNKSR2,,,,-0.9719881479331298,-0.26629831975608903,-0.6191432338446095,,,,-0.25169303384797986,-0.06163768865643741,-0.15666536125220865
MBTPS2,,,,,,,,,,,,
SMS,,,,-0.9658857899525524,-0.20066897937580222,-0.5832773846641773,,,,,,
PRDX4,,,,,,,,,,,,
ACOT9,,,,-0.9743623741451316,-0.24542190760456423,-0.6098921408748479,,,,,,
SAT1,,,,-0.9750397263438829,-0.22464126396779033,-0.5998404951558366,,,,,,
APOO,,,,,,,,,,,,
KLHL15,,,,,,,,,,,,
EIF2S3,,,,,,,,,,,,
ZFX,,,,,,,,,,,,
PDK3,,,,,,,,,,,,
POLA1,,,,,,,,,,,,
IL1RAPL1,,,,,,,,,,,,
GK,,,,,,,,,,,,
TAB3,,,,,,,,,,,,
DMD,,,,,,,,,,,,
TMEM47,,,,,,,,,,,,
PRRG1,,,,,,,,,,,,
DYNLT3,,,,,,,,,,,,
RPGR,,,,,,,,,,,,
TSPAN7,,,,,,,,,,,,
MID1IP1,,,,,,,,,,,,
BCOR,-0.19310700080846632,-4.469286494247181e-05,-0.0965758468367044,-0.9710002054541272,-0.24699992600416193,-0.6090000657291446,,,,,,
ATP6AP2,,,,,,,,,,,,
CXorf38,,,,-0.7339703710867611,-0.7339703710867611,-0.7339703710867611,,,,,,
MED14,,,,,,,,,,,,
USP9X,,,,,,,,,,,,
DDX3X,,,,,,,,,,,,
CASK,,,,,,,,,,,,
FUNDC1,,,,,,,,,,,,
KDM6A,,,,,,,,,,,,
KRBOX4,,,,,,,,,,,,
SLC9A7,,,,,,,,,,,,
RP2,,,,,,,,,,,,
JADE3,,,,,,,,,,,,
NDUFB11,-0.6347067379789135,-0.15045969047032015,-0.39258321422461684,-0.9823798522472545,-0.1947002130612374,-0.5885400326542459,-0.841373986565654,-0.11621854182501776,-0.4787962641953359,,,
RBM10,,,,,,,,,,,,
UBA1,,,,,,,,,,,,
CDK16,,,,,,,,,,,,
USP11,,,,,,,,,,,,
ZNF41,,,,,,,,,,,,
ARAF,,,,,,,,,,,,
TIMP1,,,,,,,,,,,,
ELK1,,,,,,,,,,,,
UXT,-0.33902281403020157,-0.09278226693578799,-0.2159025404829948,,,,,,,,,
ZNF81,,,,,,,,,,,,
FTSJ1,,,,,,,,,,,,
EBP,,,,,,,,,,,,
TBC1D25,,,,,,,,,,,,
RBM3,,,,,,,,,,,,
WDR13,,,,,,,,,,,,
SUV39H1,,,,,,,,,,,,
HDAC6,,,,,,,,,,,,
PCSK1N,,,,,,,-0.8842822938897565,-0.09204226975552343,-0.48816228182264,,,
PQBP1,,,,,,,,,,,,
TIMM17B,,,,,,,,,,,,
SLC35A2,,,,,,,,,,,,
PIM2,,,,,,,,,,,,
OTUD5,,,,,,,,,,,,
GRIPAP1,,,,,,,,,,,,
TFE3,,,,,,,,,,,,
PRAF2,,,,,,,,,,,,
WDR45,,,,,,,,,,,,
GPKOW,,,,-0.70813365234927,-0.70813365234927,-0.70813365234927,,,,,,
PLP2,,,,,,,,,,,,
PRICKLE3,,,,-0.6540063205889458,-0.6540063205889458,-0.6540063205889458,,,,,,
SYP,,,,-0.7302104449144632,-0.7302104449144632,-0.7302104449144632,,,,,,
CCDC22,,,,,,,-0.3852644176226007,-0.0802985335171239,-0.2327814755698623,,,
CLCN5,,,,,,,,,,,,
NUDT11,,,,,,,,,,,,
GSPT2,,,,-0.7077117531035658,-0.7077117531035658,-0.7077117531035658,,,,,,
MAGED1,,,,,,,,,,,,
FAM156A,,,,-0.7034760158810599,-0.7034760158810599,-0.7034760158810599,,,,,,
TSPYL2,,,,,,,,,,,,
KANTR,,,,,,,,,,,,
KDM5C,,,,,,,,,,,,
IQSEC2,,,,,,,,,,,,
SMC1A,,,,,,,,,,,,
HSD17B10,,,,-0.9792524211286162,-0.25261827049356117,-0.6159353458110887,,,,,,
HUWE1,,,,,,,,,,,,
PHF8,,,,,,,,,,,,
FAM120C,,,,,,,,,,,,
WNK3,,,,,,,,,,,,
TSR2,,,,,,,,,,,,
FGD1,,,,,,,,,,,,
GNL3L,,,,,,,,,,,,
MAGED2,,,,,,,,,,,,
APEX2,,,,,,,,,,,,
FAM104B,,,,,,,,,,,,
RRAGB,,,,,,,,,,,,
UBQLN2,,,,,,,,,,,,
NBDY,-0.29793534171901287,-0.055050425873937686,-0.17649288379647526,,,,,,,,,
SPIN3,,,,,,,,,,,,
SPIN2B,,,,-0.6898093235854333,-0.6898093235854333,-0.6898093235854333,,,,,,
SPIN4,,,,,,,,,,,,
ARHGEF9,,,,,,,,,,,,
AMER1,,,,,,,,,,,,
MTMR8,,,,,,,,,,,,
ZC4H2,,,,,,,,,,,,
ZC3H12B,,,,,,,,,,,,
LAS1L,,,,,,,,,,,,
MSN,,,,,,,,,,,,
AR,,,,,,,,,,,,
OPHN1,,,,,,,,,,,,
YIPF6,,,,,,,,,,,,
PJA1,-0.23732190715316967,-0.0010811772737549792,-0.11920154221346232,,,,,,,,,
NALF2,,,,,,,,,,,,
EDA,,,,,,,,,,,,
IGBP1,,,,,,,,,,,,
PDZD11,-0.38652956820006046,-0.08384099911058424,-0.23518528365532235,-0.9876702473039525,-0.2487202929245173,-0.6181952701142349,,,,,,
KIF4A,,,,,,,,,,,,
DLG3,,,,,,,,,,,,
SNX12,,,,,,,,,,,,
MED12,,,,,,,,,,,,
ZMYM3,,,,,,,,,,,,
NONO,,,,,,,,,,,,
TAF1,,,,,,,,,,,,
OGT,,,,,,,,,,,,
NHSL2,,,,,,,,,,,,
PIN4,-0.8675178246931612,-0.2406689744555427,-0.554093399574352,,,,,,,,,
ERCC6L,,,,,,,,,,,,
RPS4X,-0.5649766597300456,-0.13185504205216098,-0.3484158508911033,,,,,,,,,
CITED1,-0.1945141609965784,-0.05307657828146341,-0.12379536963902091,-0.9356040679123835,-0.05065757475274832,-0.4931308213325659,,,,,,
HDAC8,,,,,,,,,,,,
PHKA1,,,,,,,,,,,,
CHIC1,,,,,,,,,,,,
SLC16A2,,,,,,,,,,,,
RLIM,,,,,,,,,,,,
ABCB7,,,,,,,,,,,,
UPRT,,,,,,,,,,,,
PBDC1,-0.262993345658698,-0.018096954362032566,-0.14054515001036527,,,,,,,,,
ATRX,,,,,,,,,,,,
MAGT1,,,,,,,,,,,,
COX7B,-0.6678265527506134,-0.16743431917787732,-0.4176304359642454,-0.9728172945484942,-0.1769971209019314,-0.5749072077252128,,,,,,
ATP7A,,,,,,,,,,,,
PGK1,,,,-0.9629515066090079,-0.14691516283469047,-0.5549333347218491,,,,,,
TAF9B,-0.5515414490113574,-0.10904946264775343,-0.3302954558295554,,,,,,,,,
LPAR4,-0.1021361665526733,-0.035903568584652365,-0.06901986756866282,-0.9685229434206954,-0.24522157242702702,-0.6068722579238612,,,,-0.1470078393050965,-0.05767139820428608,-0.10233961875469129
BRWD3,,,,,,,,,,,,
HMGN5,,,,-0.9751660315722994,-0.25596966304243574,-0.6155678473073676,,,,,,
SH3BGRL,,,,,,,,,,,,
RPS6KA6,,,,,,,,,,,,
HDX,,,,,,,,,,,,
APOOL,,,,,,,,,,,,
ZNF711,,,,,,,,,,,,
CHM,,,,,,,,,,,,
DACH2,,,,,,,,,,,,
DIAPH2,,,,,,,,,,,,
TSPAN6,,,,,,,,,,,,
SYTL4,,,,,,,,,,,,
CSTF2,,,,,,,,,,,,
TRMT2B,,,,,,,,,,,,
CENPI,,,,,,,,,,,,
TIMM8A,-0.5812573425645816,-0.11754458486465633,-0.349400963714619,,,,-0.9258220131115135,-0.1208767922098328,-0.5233494026606731,,,
RPL36A,,,,-0.9772870305902213,-0.23563326063105294,-0.6064601456106371,,,,,,
GLA,,,,,,,,,,,,
HNRNPH2,,,,,,,,,,,,
ARMCX4,,,,,,,,,,,,
ARMCX3,,,,,,,,,,,,
BEX5,,,,-0.6874903887929771,-0.6874903887929771,-0.6874903887929771,,,,,,
TMSB15A,-0.4148946470542161,-0.08814996393123918,-0.25152230549272764,-0.9869010502311921,-0.37022684655172744,-0.6785639483914598,,,,,,
ARMCX5,,,,,,,,,,,,
BEX1,,,,,,,,,,,,
BEX4,,,,,,,,,,,,
TCEAL8,,,,-0.9691354264235226,-0.1515592794569322,-0.5603473529402274,,,,,,
BEX2,,,,-0.9667366767220913,-0.2697780968792124,-0.6182573868006518,,,,,,
TCEAL9,,,,-0.9737148942290877,-0.15028394332281242,-0.56199941877595,,,,,,
BEX3,-0.4715508215331482,-0.113075884865607,-0.2923133531993776,-0.9645005322011962,-0.2024496813157154,-0.5834751067584558,,,,,,
TCEAL4,,,,,,,,,,,,
TCEAL3,,,,,,,,,,,,
TCEAL1,,,,,,,,,,,,
MORF4L2,,,,,,,,,,,,
SLC25A53,,,,,,,,,,,,
FAM199X,,,,,,,,,,,,
RADX,,,,,,,,,,,,
RNF128,,,,,,,,,,,,
TBC1D8B,,,,-0.7301896525792311,-0.7301896525792311,-0.7301896525792311,,,,,,
MORC4,,,,,,,,,,,,
RBM41,,,,,,,,,,,,
NUP62CL,,,,,,,,,,,,
PRPS1,,,,,,,,,,,,
TSC22D3,-0.21154033404118985,-0.014744144202161361,-0.1131422391216756,,,,-0.45614347474255446,-0.08133814276660048,-0.26874080875457745,,,
MID2,,,,,,,,,,,,
PSMD10,,,,,,,,,,,,
ATG4A,,,,,,,,,,,,
COL4A6,,,,,,,,,,,,
COL4A5,,,,,,,,,,,,
IRS4,,,,,,,,,,,,
NXT2,,,,,,,,,,,,
ACSL4,,,,,,,,,,,,
TMEM164,,,,,,,,,,,,
AMMECR1,,,,,,,,,,,,
PAK3,,,,,,,,,,,,
ALG13,,,,,,,,,,,,
AMOT,,,,,,,,,,,,
LRCH2,,,,,,,,,,,,
PLS3,,,,,,,,,,,,
KLHL13,,,,,,,,,,,,
WDR44,,,,,,,,,,,,
DOCK11,,,,,,,,,,,,
IL13RA1,,,,,,,,,,,,
ZCCHC12,,,,,,,,,,,,
LONRF3,,,,,,,,,,,,
PGRMC1,,,,,,,,,,,,
SLC25A43,,,,,,,,,,,,
SLC25A5,,,,,,,,,,,,
UBE2A,,,,,,,,,,,,
STEEP1,,,,,,,,,,,,
NKRF,,,,,,,,,,,,
SEPTIN6,,,,,,,,,,,,
RPL39,-0.9560343316766559,-0.2603159640956939,-0.6081751478861749,-0.967452243743195,-0.23712978199217727,-0.6022910128676862,,,,,,
UPF3B,,,,,,,,,,,,
RNF113A,,,,,,,,,,,,
NDUFA1,-0.7284849548953248,-0.12495085324320053,-0.4267179040692627,,,,,,,,,
NKAP,,,,,,,,,,,,
RHOXF1,,,,,,,,,,,,
ZBTB33,,,,,,,,,,,,
LAMP2,,,,,,,,,,,,
CUL4B,,,,,,,,,,,,
MCTS1,-0.6273070346972467,-0.1453643192147577,-0.3863356769560022,,,,,,,,,
C1GALT1C1,,,,,,,,,,,,
THOC2,,,,,,,,,,,,
XIAP,,,,,,,,,,,,
STAG2,,,,-0.9810340033606934,-0.2685450471095523,-0.6247895252351228,,,,,,
TENM1,,,,,,,,,,,,
SMARCA1,,,,,,,,,,,,
OCRL,,,,,,,,,,,,
ZDHHC9,,,,,,,,,,,,
UTP14A,,,,,,,,,,,,
BCORL1,,,,-0.9837611411345182,-0.28996352348954985,-0.636862332312034,,,,,,
ELF4,,,,,,,,,,,,
AIFM1,,,,,,,,,,,,
ZNF280C,,,,,,,,,,,,
SLC25A14,,,,,,,,,,,,
RBMX2,,,,-0.9881793734149203,-0.24311568457351834,-0.6156475289942194,,,,,,
ENOX2,,,,,,,,,,,,
IGSF1,,,,,,,,,,,,
STK26,,,,,,,,,,,,
RAP2C,,,,,,,,,,,,
MBNL3,,,,,,,,,,,,
HS6ST2,,,,,,,,,,,,
GPC4,,,,,,,,,,,,
GPC3,,,,,,,,,,,,
PHF6,,,,,,,,,,,,
HPRT1,,,,,,,,,,,,
PLAC1,,,,,,,,,,,,
PABIR2,,,,,,,,,,,,
PABIR3,,,,-0.44247174022263697,-0.44247174022263697,-0.44247174022263697,,,,,,
MOSPD1,,,,,,,,,,,,
SMIM10,-0.4207462731108127,-0.07422513957969991,-0.2474857063452563,,,,,,,,,
RTL8B,,,,,,,,,,,,
RTL8C,,,,,,,,,,,,
RTL8A,,,,-0.9788790212906061,-0.24538554271426768,-0.6121322820024369,,,,,,
ZNF75D,,,,,,,,,,,,
INTS6L,,,,,,,,,,,,
MMGT1,,,,,,,,,,,,
SLC9A6,,,,,,,,,,,,
FHL1,,,,,,,,,,,,
MAP7D3,,,,,,,,,,,,
HTATSF1,,,,,,,,,,,,
RBMX,,,,,,,,,,,,
ZIC3,,,,,,,,,,,,
FGF13,,,,,,,,,,,,
ATP11C,,,,,,,,,,,,
LDOC1,,,,,,,,,,,,
FMR1,,,,,,,,,,,,
AFF2,,,,,,,,,,,,
IDS,,,,,,,,,,,,
EOLA1,,,,,,,,,,,,
TMEM185A,,,,,,,,,,,,
EOLA2,,,,-0.6876415555138189,-0.6876415555138189,-0.6876415555138189,,,,,,
MTM1,,,,,,,,,,,,
MTMR1,,,,,,,,,,,,
CD99L2,,,,,,,,,,,,
HMGB3,-0.38467167818685943,-0.056262329095750845,-0.22046700364130514,,,,,,,-0.49206119088579126,-0.06893590321942272,-0.280498547052607
VMA21,,,,,,,,,,,,
MAGEA3,-0.16440833667715546,-0.017519681290073388,-0.09096400898361442,-0.5165778009851896,-0.5165778009851896,-0.5165778009851896,-0.3807814483531401,-0.020667458933783207,-0.20072445364346164,,,
CETN2,,,,-0.98065023240379,-0.302970969147117,-0.6418106007754535,,,,,,
NSDHL,,,,,,,,,,,,
PNMA6A,,,,,,,,,,,,
ZNF275,,,,,,,,,,,,
HAUS7,,,,-0.6442217932543712,-0.6442217932543712,-0.6442217932543712,,,,,,
CCNQ,,,,,,,,,,,,
DUSP9,,,,,,,,,,,,
SLC6A8,,,,,,,,,,,,
BCAP31,,,,,,,,,,,,
ABCD1,,,,,,,,,,,,
IDH3G,,,,,,,,,,,,
SSR4,,,,,,,,,,,,
NAA10,-0.5728079738680544,-0.14911756136981905,-0.3609627676189367,,,,,,,,,
HCFC1,,,,,,,,,,,,
TMEM187,,,,,,,,,,,,
IRAK1,,,,,,,,,,,,
MECP2,,,,,,,,,,,,
FLNA,,,,,,,,,,,,
EMD,,,,,,,,,,,,
RPL10,-0.44651053848407984,-0.09442231623992292,-0.2704664273620014,,,,,,,,,
DNASE1L1,,,,,,,,,,,,
TAFAZZIN,,,,,,,,,,,,
ATP6AP1,,,,,,,,,,,,
GDI1,,,,,,,,,,,,
FAM50A,,,,,,,,,,,,
PLXNA3,,,,,,,,,,,,
LAGE3,,,,-0.9734443854521109,-0.21099742376477051,-0.5922209046084407,,,,,,
UBL4A,,,,,,,,,,,,
SLC10A3,,,,,,,,,,,,
FAM3A,,,,,,,,,,,,
G6PD,,,,,,,,,,,,
IKBKG,,,,,,,,,,,,
DKC1,,,,,,,,,,,,
MPP1,,,,,,,,,,,,
FUNDC2,,,,,,,,,,,,
CMC4,,,,,,,,,,,,
MTCP1,,,,,,,,,,,,
BRCC3,,,,,,,,,,,,
VBP1,,,,,,,,,,,,
TMLHE,,,,,,,,,,,,
VAMP7,,,,,,,,,,,,
ZFY,,,,-0.9709538242901765,-0.287907527938309,-0.6294306761142427,,,,-0.13494968595763066,-0.052174632164305144,-0.0935621590609679
PCDH11Y,-0.16540851259431752,-0.03708231878859057,-0.10124541569145404,-0.5695677139813391,-0.5695677139813391,-0.5695677139813391,,,,-0.20039498296592984,-0.08730147596530559,-0.1438482294656177
MT-ND1,,,,,,,,,,,,
MT-ND2,,,,,,,,,,,,
MT-CO1,,,,,,,,,,,,
MT-CO2,,,,,,,,,,,,
MT-ATP8,-0.1702718956835551,-4.3173133453332533e-05,-0.08515753440850422,,,,,,,,,
MT-ATP6,,,,,,,,,,,,
MT-CO3,,,,,,,,,,,,
MT-ND3,,,,,,,,,,,,
MT-ND4L,,,,-0.8879662939312157,-0.07489912797880022,-0.48143271095500795,,,,,,
MT-ND4,,,,,,,,,,,,
MT-ND5,,,,,,,,,,,,
MT-ND6,,,,,,,,,,,,
MT-CYB,,,,,,,,,,,,
