,MIR1244-1_All_HAR_min,MIR1244-1_All_HAR_max,MIR1244-1_All_HAR_mid,MIR1244-1_G1_HAR_min,MIR1244-1_G1_HAR_max,MIR1244-1_G1_HAR_mid,MIR1244-1_S_HAR_min,MIR1244-1_S_HAR_max,MIR1244-1_S_HAR_mid,MIR1244-1_G2M_HAR_min,MIR1244-1_G2M_HAR_max,MIR1244-1_G2M_HAR_mid
SAMD11,,,,,,,,,,,,
NOC2L,,,,,,,,,,,,
HES4,,,,,,,,,,,,
ISG15,,,,,,,,,,,,
AGRN,-0.3278766078287141,-0.051352516360213735,-0.18961456209446392,-0.9920789709003466,-0.5231523365516785,-0.7576156537260126,,,,,,
C1orf159,-0.3849471641262156,-0.11442257822060876,-0.24968487117341218,,,,,,,,,
SDF4,,,,,,,,,,,,
B3GALT6,,,,,,,,,,,,
UBE2J2,,,,,,,,,,,,
ACAP3,,,,,,,,,,,,
PUSL1,,,,,,,,,,,,
INTS11,,,,,,,,,,,,
DVL1,,,,,,,,,,,,
AURKAIP1,,,,,,,,,,,,
CCNL2,,,,,,,,,,,,
MRPL20,,,,,,,,,,,,
ATAD3B,,,,,,,,,,,,
ATAD3A,,,,,,,,,,,,
SSU72,,,,,,,,,,,,
MIB2,,,,,,,,,,,,
CDK11B,,,,,,,,,,,,
SLC35E2B,-0.44201633926254985,-0.0864406226107275,-0.2642284809366387,,,,,,,,,
CDK11A,,,,,,,,,,,,
NADK,,,,,,,,,,,,
GNB1,,,,-0.967211806350907,-0.3403344608646374,-0.6537731336077722,,,,,,
PRKCZ,,,,,,,,,,,,
FAAP20,,,,,,,,,,,,
SKI,,,,-0.9871153635090532,-0.49854622727428605,-0.7428307953916696,,,,,,
MORN1,,,,,,,,,,,,
RER1,,,,,,,,,,,,
PEX10,,,,,,,,,,,,
PANK4,,,,,,,,,,,,
HES5,,,,,,,,,,,,
PRDM16,,,,-0.9931795355607512,-0.5820635316833519,-0.7876215336220516,-0.641421586081374,-0.15341494716837978,-0.3974182666248769,,,
TPRG1L,,,,,,,,,,,,
WRAP73,,,,,,,,,,,,
SMIM1,,,,,,,,,,,,
LRRC47,,,,,,,,,,,,
CEP104,,,,,,,,,,,,
DFFB,,,,,,,,,,,,
C1orf174,,,,,,,,,,,,
NPHP4,-0.3718870214332031,-0.05422241166586905,-0.2130547165495361,,,,,,,,,
KCNAB2,,,,,,,,,,,,
RPL22,,,,,,,,,,,,
ICMT,,,,,,,,,,,,
ACOT7,,,,,,,,,,,,
NOL9,,,,,,,,,,,,
ZBTB48,,,,,,,,,,,,
KLHL21,,,,,,,,,,,,
PHF13,,,,,,,,,,,,
THAP3,,,,,,,,,,,,
DNAJC11,,,,,,,,,,,,
CAMTA1,,,,,,,,,,,,
VAMP3,,,,,,,,,,,,
PER3,,,,,,,,,,,,
PARK7,,,,,,,,,,,,
ERRFI1,,,,,,,,,,,,
RERE,-0.8453395614743819,-0.27942271462031826,-0.5623811380473501,-0.981928120814725,-0.31490541463414257,-0.6484167677244338,-0.8658597358311356,-0.26764772284423055,-0.5667537293376831,-0.9313018272924102,-0.11487613815314751,-0.5230889827227788
ENO1,,,,,,,,,,,,
GPR157,,,,,,,,,,,,
H6PD,,,,,,,,,,,,
SPSB1,,,,,,,,,,,,
SLC25A33,,,,,,,,,,,,
TMEM201,,,,,,,,,,,,
CLSTN1,,,,,,,,,,,,
CTNNBIP1,,,,,,,,,,,,
LZIC,,,,,,,,,,,,
NMNAT1,,,,,,,,,,,,
RBP7,,,,,,,,,,,,
UBE4B,,,,,,,,,,,,
KIF1B,,,,,,,,,,,,
PGD,,,,,,,,,,,,
CENPS,,,,,,,,,,,,
DFFA,,,,,,,,,,,,
PEX14,,,,,,,,,,,,
CASZ1,,,,,,,,,,,,
TARDBP,,,,,,,,,,,,
SRM,,,,,,,,,,,,
EXOSC10,,,,,,,,,,,,
MTOR,,,,,,,,,,,,
UBIAD1,,,,,,,,,,,,
FBXO44,,,,,,,,,,,,
MAD2L2,,,,,,,,,,,,
AGTRAP,,,,,,,,,,,,
MTHFR,,,,,,,,,,,,
CLCN6,,,,,,,,,,,,
KIAA2013,,,,,,,,,,,,
PLOD1,,,,,,,,,,,,
MFN2,,,,,,,,,,,,
MIIP,,,,,,,,,,,,
VPS13D,-0.5594077997362297,-0.1374420149085876,-0.3484249073224086,,,,,,,,,
DHRS3,-0.3591851853042257,-0.0579095719770971,-0.20854737864066142,,,,,,,-0.38542044078785725,-0.02383919880967931,-0.2046298197987683
PDPN,,,,,,,,,,,,
PRDM2,,,,,,,,,,,,
KAZN,-0.6664848965304716,-0.27280070061936085,-0.4696427985749162,-0.9920284093228962,-0.6093802830907665,-0.8007043462068313,-0.9153776753926004,-0.2152471424859643,-0.5653124089392824,,,
TMEM51,,,,,,,,,,,,
EFHD2,,,,,,,,,,,,
CASP9,,,,,,,,,,,,
DNAJC16,,,,-0.9893807366817966,-0.4197365558139987,-0.7045586462478977,,,,,,
DDI2,,,,,,,,,,,,
PLEKHM2,,,,,,,,,,,,
UQCRHL,,,,,,,,,,,,
SPEN,-0.5733688719437894,-0.2090501899754058,-0.3912095309595976,-0.9838094641135201,-0.3055774954240617,-0.6446934797687909,,,,,,
ZBTB17,,,,,,,,,,,,
FBXO42,,,,,,,,,,,,
SZRD1,,,,,,,,,,,,
NECAP2,,,,,,,,,,,,
NBPF1,,,,,,,,,,,,
CROCC,,,,,,,,,,,,
ATP13A2,,,,,,,,,,,,
SDHB,,,,,,,,,,,,
RCC2,,,,,,,,,,,,
ALDH4A1,,,,,,,,,,,,
UBR4,,,,,,,,,,,,
EMC1,,,,,,,,,,,,
MRTO4,0.1917565197386536,0.5854594664193231,0.38860799307898836,,,,,,,,,
AKR7A2,,,,,,,,,,,,
SLC66A1,,,,,,,,,,,,
CAPZB,,,,,,,,,,,,
MICOS10,,,,,,,,,,,,
NBL1,,,,,,,,,,,,
TMCO4,,,,,,,,,,,,
OTUD3,,,,,,,,,,,,
PLA2G5,-0.6085036128416793,-0.15726606337043345,-0.3828848381060564,,,,,,,-0.5743087629923701,-0.08878839041678356,-0.3315485767045768
CAMK2N1,,,,,,,,,,,,
MUL1,,,,,,,,,,,,
PINK1,,,,,,,,,,,,
DDOST,,,,,,,,,,,,
KIF17,,,,,,,,,,,,
HP1BP3,,,,,,,,,,,,
EIF4G3,-0.6895647559376027,-0.2845371774617834,-0.48705096669969306,-0.9910390584931748,-0.4167087404623251,-0.7038738994777499,-0.9161338601355016,-0.29151978496915065,-0.6038268225523261,,,
ECE1,,,,,,,,,,,,
USP48,,,,,,,,,,,,
HSPG2,,,,,,,,,,,,
CDC42,,,,,,,-0.990190180176084,-0.5332536356942877,-0.7617219079351858,,,
ZBTB40,,,,,,,,,,,,
EPHA8,,,,,,,,,,,,
EPHB2,,,,,,,,,,,,
KDM1A,,,,,,,,,,,,
LUZP1,,,,,,,,,,,,
HNRNPR,,,,,,,,,,,,
ASAP3,,,,,,,,,,,,
E2F2,-0.41983876161414924,-0.10933435850474545,-0.26458656005944736,,,,,,,,,
ID3,,,,,,,,,,,,
RPL11,,,,,,,,,,,,
ELOA,,,,,,,,,,,,
PITHD1,,,,,,,,,,,,
LYPLA2,,,,,,,,,,,,
GALE,,,,,,,,,,,,
HMGCL,,,,,,,,,,,,
FUCA1,,,,,,,,,,,,
PNRC2,,,,,,,,,,,,
SRSF10,,,,,,,,,,,,
GRHL3,-0.5186142831198085,-0.19274709099341866,-0.3556806870566136,-0.9917190704859948,-0.6149287855892479,-0.8033239280376214,,,,-0.41161614514354483,-0.16820301966471166,-0.28990958240412823
STPG1,,,,,,,,,,,,
NIPAL3,,,,,,,,,,,,
RCAN3,-0.3937395489432438,-0.05918202902511767,-0.22646078898418073,,,,,,,,,
SRRM1,,,,,,,,,,,,
CLIC4,-0.5445911111725178,-0.1484856666007186,-0.3465383888866182,,,,,,,,,
SYF2,,,,,,,,,,,,
RSRP1,-0.39678655085783676,-0.0935813977309178,-0.24518397429437727,-0.988559238314853,-0.3666653566033921,-0.6776122974591225,,,,-0.5495240177818596,-0.09809285859815829,-0.32380843819000893
TMEM50A,,,,,,,,,,,,
MACO1,,,,,,,,,,,,
LDLRAP1,,,,,,,,,,,,
SELENON,,,,,,,,,,,,
MTFR1L,,,,,,,,,,,,
AUNIP,,,,,,,,,,,,
PAQR7,,,,,,,,,,,,
STMN1,,,,,,,,,,,,
PDIK1L,,,,,,,,,,,,
ZNF593,,,,,,,,,,,,
CEP85,0.09953538113274665,0.3680219732320856,0.23377867718241613,,,,,,,,,
SH3BGRL3,-0.3725669374226104,-0.05416264113531342,-0.2133647892789619,,,,,,,,,
UBXN11,,,,,,,,,,,,
DHDDS,,,,,,,,,,,,
HMGN2,,,,,,,-0.9833192179697584,-0.30003928575016847,-0.6416792518599634,,,
RPS6KA1,,,,,,,,,,,,
ARID1A,,,,,,,,,,,,
ZDHHC18,,,,,,,,,,,,
GPN2,,,,,,,,,,,,
GPATCH3,,,,,,,,,,,,
NUDC,,,,,,,,,,,,
TRNP1,,,,,,,,,,,,
SLC9A1,,,,,,,,,,,,
WDTC1,-0.4362797530387135,-0.13117395295571005,-0.2837268529972118,,,,,,,,,
TMEM222,,,,,,,,,,,,
WASF2,,,,,,,,,,,,
AHDC1,,,,,,,,,,,,
FAM76A,-0.8742995810051154,-0.3097511505133047,-0.59202536575921,,,,-0.95679112270301,-0.25866637351682886,-0.6077287481099194,,,
STX12,,,,,,,,,,,,
PPP1R8,,,,,,,,,,,,
RPA2,-0.6165563826028326,-0.12281713429076054,-0.3696867584467966,,,,,,,,,
EYA3,-0.7102963807742647,-0.13201563465651794,-0.4211560077153913,,,,-0.914253073044264,-0.26748241649007537,-0.5908677447671696,,,
DNAJC8,,,,,,,,,,,,
ATP5IF1,,,,,,,,,,,,
SESN2,,,,,,,,,,,,
MED18,,,,,,,,,,,,
PHACTR4,,,,,,,,,,,,
RCC1,,,,,,,,,,,,
TRNAU1AP,,,,,,,,,,,,
TAF12,,,,,,,,,,,,
GMEB1,-0.45840256008497865,-0.11384591433328842,-0.28612423720913355,-0.9942919300531048,-0.5496223102698892,-0.771957120161497,-0.8902790649164127,-0.28891574450526586,-0.5895974047108393,,,
YTHDF2,,,,,,,,,,,,
EPB41,,,,,,,,,,,,
SRSF4,,,,,,,,,,,,
MECR,,,,,,,,,,,,
PTPRU,,,,,,,,,,,,
MATN1,,,,,,,,,,,,
SDC3,,,,,,,,,,,,
PUM1,,,,,,,-0.9274105590406325,-0.30037746815684857,-0.6138940135987405,,,
NKAIN1,,,,,,,,,,,,
SNRNP40,,,,,,,,,,,,
ZCCHC17,,,,,,,,,,,,
PEF1,0.15319233449152256,0.5035739296181195,0.32838313205482106,,,,,,,,,
PTP4A2,,,,,,,,,,,,
KHDRBS1,,,,,,,,,,,,
TMEM39B,,,,,,,,,,,,
KPNA6,,,,,,,,,,,,
TXLNA,,,,,,,,,,,,
CCDC28B,,,,,,,,,,,,
TMEM234,,,,,,,,,,,,
EIF3I,,,,,,,,,,,,
HDAC1,,,,,,,,,,,,
MARCKSL1,,,,,,,,,,,,
BSDC1,,,,,,,,,,,,
ZBTB8B,-0.5371651725139026,-0.24118412702754424,-0.3891746497707234,-0.9950809220844028,-0.6819302579486832,-0.838505590016543,,,,-0.7464882480003537,-0.261927318887109,-0.5042077834437314
ZBTB8A,-0.527008078051806,-0.10592547961605757,-0.3164667788339318,-0.9949833722433217,-0.629915391172001,-0.8124493817076613,,,,,,
ZBTB8OS,,,,,,,,,,,,
RBBP4,-0.9840175933827755,-0.26800913853881203,-0.6260133659607938,,,,,,,,,
SYNC,-0.8444578289912894,-0.3761322744944674,-0.6102950517428785,,,,-0.6918922193502489,-0.1877310488862958,-0.43981163411827234,-0.8966357171391124,-0.2818569042679681,-0.5892463107035403
KIAA1522,,,,-0.9794862070698404,-0.3182047280129631,-0.6488454675414017,,,,,,
YARS1,,,,,,,,,,,,
S100PBP,-0.7662900122768755,-0.2495672490028333,-0.5079286306398544,,,,,,,-0.7372466755688688,-0.16496090174876465,-0.45110378865881673
TMEM54,,,,,,,,,,,,
RNF19B,,,,,,,,,,,,
AK2,,,,,,,,,,,,
ZNF362,,,,,,,,,,,,
PHC2,,,,,,,,,,,,
SMIM12,,,,,,,,,,,,
TMEM35B,,,,,,,,,,,,
ZMYM6,,,,,,,,,,,,
ZMYM1,,,,,,,,,,,,
SFPQ,0.11816159091852894,0.33693912128117154,0.22755035609985025,,,,,,,,,
ZMYM4,-0.7821489069980699,-0.2028734702047086,-0.49251118860138926,-0.984067261933984,-0.21995224321687734,-0.6020097525754307,,,,,,
KIAA0319L,-0.9162578078939941,-0.3849498151796522,-0.6506038115368231,-0.9947757544655227,-0.5457920599012244,-0.7702839071833736,-0.932582546593322,-0.29105271192435767,-0.6118176292588398,-0.9271232731473347,-0.24618923533558085,-0.5866562542414577
NCDN,,,,,,,,,,,,
PSMB2,,,,,,,,,,,,
CLSPN,-0.9969222584243886,-0.7182240127507802,-0.8575731355875844,,,,,,,,,
AGO4,,,,,,,,,,,,
AGO1,,,,,,,,,,,,
AGO3,-0.656830112270418,-0.2743777411763659,-0.4656039267233919,-0.9852563583463791,-0.39109820997708583,-0.6881772841617325,-0.7412826036079648,-0.20721525443935213,-0.47424892902365845,,,
ADPRS,,,,,,,,,,,,
TRAPPC3,0.18660678163613098,0.5956209708830849,0.3911138762596079,,,,,,,,,
MAP7D1,,,,,,,,,,,,
THRAP3,,,,,,,,,,,,
EVA1B,,,,,,,,,,,,
STK40,,,,,,,,,,,,
LSM10,,,,,,,,,,,,
OSCP1,,,,,,,,,,,,
MRPS15,,,,,,,,,,,,
MEAF6,,,,,,,,,,,,
SNIP1,,,,,,,,,,,,
GNL2,,,,,,,,,,,,
C1orf109,,,,,,,,,,,,
CDCA8,0.07395763053434717,0.2769086680226496,0.17543314927849837,,,,,,,,,
MANEAL,,,,,,,,,,,,
YRDC,,,,,,,,,,,,
C1orf122,,,,,,,,,,,,
MTF1,,,,,,,,,,,,
INPP5B,-0.483230114429899,-0.0746976384090455,-0.27896387641947223,,,,-0.685380120633337,-0.10312302753354347,-0.39425157408344025,,,
SF3A3,,,,,,,,,,,,
FHL3,,,,,,,,,,,,
UTP11,,,,,,,,,,,,
RRAGC,,,,,,,,,,,,
MYCBP,,,,,,,,,,,,
AKIRIN1,,,,,,,,,,,,
NDUFS5,,,,,,,,,,,,
MACF1,,,,,,,,,,,,
PABPC4,,,,,,,,,,,,
PPIE,,,,,,,,,,,,
BMP8B,-0.6583024773798842,-0.20733428081474553,-0.4328183790973149,,,,,,,,,
TRIT1,,,,,,,,,,,,
CAP1,,,,,,,,,,,,
PPT1,,,,,,,,,,,,
RLF,,,,,,,,,,,,
ZMPSTE24,,,,,,,,,,,,
SMAP2,,,,,,,,,,,,
ZNF684,,,,,,,,,,,,
NFYC,,,,,,,,,,,,
CTPS1,,,,,,,,,,,,
SCMH1,-0.49897315374055856,-0.08982234645518926,-0.2943977500978739,-0.9877050542528092,-0.30065254004117054,-0.6441787971469899,,,,,,
HIVEP3,-0.6149646030902424,-0.327319794742233,-0.47114219891623765,,,,-0.7289887996729758,-0.16232847830602565,-0.44565863898950075,-0.628901492225918,-0.06400927001731607,-0.346455381121617
FOXJ3,,,,,,,-0.7072708981696522,-0.13028508968122546,-0.4187779939254388,,,
RIMKLA,,,,,,,,,,,,
PPCS,,,,,,,,,,,,
PPIH,,,,,,,,,,,,
YBX1,,,,,,,,,,,,
P3H1,,,,,,,,,,,,
C1orf50,,,,,,,,,,,,
SVBP,,,,,,,,,,,,
ZNF691,,,,,,,,,,,,
SLC2A1,,,,,,,,,,,,
EBNA1BP2,,,,,,,,,,,,
CDC20,0.2963337675071505,0.5608355904123757,0.42858467895976315,,,,0.23001231868650907,0.4737830122072785,0.35189766544689377,,,
ELOVL1,,,,,,,,,,,,
MED8,,,,,,,,,,,,
SZT2,-0.509627577427298,-0.2773547028083271,-0.39349114011781255,-0.9959430420025265,-0.7340497513545998,-0.8649963966785632,-0.7446153583418397,-0.258596248756014,-0.5016058035489268,-0.8944948797222773,-0.35991445865006544,-0.6272046691861713
HYI,,,,,,,,,,,,
PTPRF,,,,,,,,,,,,
KDM4A,,,,,,,,,,-0.7100948894410863,-0.1081629188288266,-0.40912890413495645
ST3GAL3,-0.43512593695944485,-0.11428115966362414,-0.2747035483115345,,,,,,,,,
IPO13,,,,,,,,,,,,
DPH2,,,,,,,,,,,,
ATP6V0B,0.35394439434208713,0.6172577471547354,0.48560107074841125,,,,,,,,,
B4GALT2,,,,,,,,,,,,
DMAP1,,,,,,,,,,,,
ERI3,,,,,,,,,,,,
RNF220,-0.46551238660897815,-0.12258529632274108,-0.29404884146585963,,,,,,,,,
TMEM53,,,,,,,,,,,,
KIF2C,,,,,,,,,,,,
RPS8,,,,,,,,,,,,
PTCH2,,,,,,,,,,,,
EIF2B3,,,,-0.9914162591295919,-0.6048556764820662,-0.7981359678058291,,,,,,
HECTD3,,,,,,,,,,,,
UROD,,,,,,,,,,,,
ZSWIM5,-0.5048344244044224,-0.10706314752871524,-0.3059487859665688,-0.9905332238306573,-0.29173579391593607,-0.6411345088732967,,,,,,
MUTYH,,,,,,,,,,,,
TOE1,,,,,,,,,,,,
TESK2,-0.47028251041387376,-0.23898954393326285,-0.3546360271735683,-0.9950345019559357,-0.6696240837582402,-0.832329292857088,,,,-0.8345920401214064,-0.18126718220310603,-0.5079296111622562
MMACHC,,,,,,,,,,,,
PRDX1,0.25999758483462093,0.5529702759584624,0.4064839303965416,,,,,,,,,
AKR1A1,,,,,,,,,,,,
NASP,,,,,,,,,,,,
GPBP1L1,,,,,,,,,,,,
TMEM69,,,,,,,,,,,,
IPP,,,,,,,,,,,,
MAST2,-0.6142942601858925,-0.2329834370169874,-0.42363884860143997,,,,,,,,,
PIK3R3,-0.46823690756526953,-0.1624633280033471,-0.3153501177843083,,,,,,,-0.482628843469876,-0.15734809452293552,-0.31998846899640576
POMGNT1,,,,,,,,,,,,
RAD54L,-0.6120955544896388,-0.16073387563724628,-0.38641471506344255,,,,,,,,,
LRRC41,,,,,,,,,,,,
UQCRH,,,,,,,,,,,,
NSUN4,,,,,,,,,,,,
DMBX1,,,,,,,,,,,,
MKNK1,,,,,,,,,,,,
ATPAF1,,,,,,,,,,,,
EFCAB14,,,,,,,,,,,,
STIL,-0.7089608563539462,-0.2684867328887198,-0.48872379462133303,,,,-0.905195185002782,-0.18759627210737856,-0.5463957285550802,-0.8524197637191618,-0.18998591243568316,-0.5212028380774225
CMPK1,,,,,,,,,,,,
FOXD2,,,,,,,,,,,,
TRABD2B,,,,-0.9885408044423626,-0.26815255219731216,-0.6283466783198374,,,,,,
SPATA6,-0.4295465171973646,-0.09562875140318433,-0.26258763430027443,-0.989460222670971,-0.3624215081924926,-0.6759408654317318,,,,,,
FAF1,-0.8689537588657473,-0.2990292241404091,-0.5839914915030782,-0.9830531693545899,-0.3861668752228357,-0.6846100222887128,-0.9663696137144294,-0.40773167039555597,-0.6870506420549927,,,
CDKN2C,,,,,,,,,,,,
RNF11,,,,,,,,,,,,
EPS15,-0.7164607116425746,-0.26967208143184007,-0.49306639653720735,,,,-0.9437744970083102,-0.20715253973644399,-0.5754635183723771,,,
OSBPL9,,,,,,,,,,,,
NRDC,,,,,,,,,,,,
RAB3B,-0.5143787849450759,-0.13270779952116918,-0.32354329223312256,,,,,,,,,
TXNDC12,,,,,,,,,,,,
KTI12,,,,,,,,,,,,
BTF3L4,,,,,,,,,,,,
ZFYVE9,,,,,,,,,,,,
CC2D1B,,,,,,,,,,,,
ORC1,,,,,,,,,,,,
PRPF38A,,,,,,,,,,,,
TUT4,,,,,,,,,,,,
COA7,,,,,,,,,,,,
ZYG11B,,,,,,,,,,,,
ZYG11A,-0.4117650884927919,-0.12386631962083917,-0.26781570405681554,,,,,,,,,
ECHDC2,-0.5074977317876547,-0.24364853658139568,-0.3755731341845252,-0.9967081787534571,-0.7287226788770539,-0.8627154288152554,-0.4673412428268337,-0.0630133313441643,-0.265177287085499,-0.5133915894703893,-0.20064940904537873,-0.35702049925788404
SCP2,,,,,,,,,,,,
CPT2,,,,,,,,,,,,
CZIB,,,,,,,,,,,,
MAGOH,,,,,,,,,,,,
LRP8,,,,,,,,,,,,
GLIS1,,,,,,,,,,,,
NDC1,,,,,,,,,,,,
YIPF1,,,,,,,,,,,,
IFT25,,,,,,,,,,,,
LRRC42,,,,,,,,,,,,
TMEM59,,,,,,,,,,,,
TCEANC2,,,,,,,,,,,,
CYB5RL,,,,,,,,,,,,
MRPL37,,,,,,,,,,,,
SSBP3,,,,,,,,,,,,
TTC4,,,,,,,,,,,,
DHCR24,,,,,,,,,,,,
USP24,,,,,,,,,,,,
PLPP3,-0.650852613017024,-0.2903222035728894,-0.4705874082949567,-0.9966519708428239,-0.684921689281711,-0.8407868300622674,,,,-0.8229376564771302,-0.24239648832469934,-0.5326670724009148
PRKAA2,,,,,,,,,,,,
DAB1,-0.4120320113685143,-0.11065710129329501,-0.26134455633090464,-0.9846741859259347,-0.47674885749870277,-0.7307115217123188,,,,,,
OMA1,,,,,,,,,,,,
MYSM1,,,,,,,,,,,,
JUN,,,,,,,,,,,,
FGGY,,,,-0.9919403570290264,-0.47160002306157733,-0.7317701900453019,,,,,,
HOOK1,,,,,,,,,,,,
NFIA,-0.8392786206028447,-0.41276176240677154,-0.6260201915048081,-0.9921473592340758,-0.5154091198897708,-0.7537782395619232,-0.8699345037932741,-0.26522029834300376,-0.5675774010681389,-0.9629968964379401,-0.3609255554861351,-0.6619612259620375
TM2D1,,,,,,,,,,,,
PATJ,-0.8024353190871234,-0.3573146035240067,-0.579874961305565,-0.996397443415291,-0.7492260697849623,-0.8728117566001267,-0.9349909088277057,-0.38619220862749876,-0.6605915587276022,-0.8461781567778782,-0.1618571391664865,-0.5040176479721824
USP1,,,,,,,,,,,,
DOCK7,-0.5811321435343352,-0.19557164031756494,-0.38835189192595004,-0.9925602815995216,-0.6031762004628743,-0.7978682410311979,-0.8517071978877112,-0.16279813053035064,-0.5072526642090309,,,
ATG4C,,,,,,,,,,,,
ALG6,,,,,,,,,,,,
ITGB3BP,,,,,,,,,,,,
EFCAB7,,,,,,,,,,,,
PGM1,,,,,,,,,,,,
ROR1,-0.46484565549057183,-0.19270876848484741,-0.3287772119877096,,,,-0.7766016147255785,-0.1817894975994148,-0.47919555616249665,-0.6529133567337964,-0.11825162797067632,-0.38558249235223635
CACHD1,-0.5099478892633996,-0.11693105260441174,-0.3134394709339057,,,,,,,,,
RAVER2,,,,,,,,,,,,
JAK1,,,,,,,,,,,,
AK4,,,,,,,,,,,,
DNAJC6,,,,,,,,,,,,
LEPROT,,,,,,,,,,,,
LEPR,,,,,,,,,,,,
MIER1,,,,,,,,,,,,
SLC35D1,,,,,,,,,,,,
IL12RB2,-0.3729533186916741,-0.11468569586207136,-0.24381950727687274,-0.9903377031482646,-0.6312696338773772,-0.8108036685128209,,,,,,
SERBP1,,,,,,,,,,,,
GADD45A,,,,,,,,,,,,
GNG12,,,,,,,,,,,,
WLS,-0.7604552281542142,-0.19965226081729395,-0.48005374448575405,,,,-0.9641103009210497,-0.2140909411068241,-0.5891006210139369,,,
DEPDC1,0.22320587876892117,0.402471365048015,0.3128386219084681,,,,,,,,,
LRRC40,,,,,,,,,,,,
SRSF11,,,,,,,,,,,,
ANKRD13C,-0.624976640409967,-0.16115700669406643,-0.3930668235520167,,,,-0.9607900883636088,-0.2873442797584451,-0.624067184061027,,,
CTH,,,,,,,,,,-0.6685498128863139,-0.08353679180145836,-0.3760433023438861
ZRANB2,,,,,,,,,,,,
LRRIQ3,,,,,,,,,,,,
FPGT,,,,,,,,,,,,
TNNI3K,-0.4511086868834328,-0.27830602626992695,-0.36470735657667985,-0.9953166779288267,-0.689885834075691,-0.8426012560022589,-0.554224726502583,-0.15926024098814512,-0.3567424837453641,-0.7095017914254091,-0.3269256944875038,-0.5182137429564565
CRYZ,,,,,,,,,,,,
TYW3,,,,,,,,,,,,
LHX8,,,,,,,,,,,,
SLC44A5,-0.43403759192863783,-0.1520201635065137,-0.2930288777175758,,,,-0.5370749319151463,-0.12505789998900566,-0.331066415952076,,,
ACADM,,,,,,,,,,,,
RABGGTB,,,,,,,,,,,,
ST6GALNAC3,-0.9123046876602163,-0.5009883394592912,-0.7066465135597537,-0.9959575914001247,-0.7866409796949035,-0.8912992855475141,-0.8655270637893945,-0.3293820442669426,-0.5974545540281686,-0.881114149425748,-0.2910322542822671,-0.5860732018540076
PIGK,,,,,,,,,,,,
ZZZ3,,,,,,,,,,,,
USP33,,,,,,,,,,,,
MIGA1,,,,,,,,,,,,
NEXN,-0.44341213188176665,-0.08161505855321702,-0.26251359521749185,,,,,,,,,
FUBP1,,,,,,,,,,,,
DNAJB4,,,,,,,,,,,,
ADGRL2,,,,,,,,,,,,
TTLL7,-0.5099184256944832,-0.15450495159006777,-0.33221168864227546,,,,-0.8288331069526553,-0.09210298616819375,-0.46046804656042456,,,
PRKACB,,,,,,,,,,,,
RPF1,,,,,,,,,,,,
GNG5,-0.9886230723305235,-0.4127907500072088,-0.7007069111688662,,,,,,,,,
CTBS,,,,,,,,,,,,
SSX2IP,,,,,,,,,,,,
LPAR3,,,,,,,,,,,,
MCOLN2,,,,,,,,,,,,
DNAI3,-0.4446191002478981,-0.09113238999310293,-0.2678757451205005,,,,,,,,,
MCOLN3,-0.3942925150951453,-0.10431755985593619,-0.24930503747554073,,,,,,,,,
SYDE2,,,,-0.9929420575721567,-0.47091942944028575,-0.7319307435062212,,,,,,
C1orf52,,,,,,,,,,,,
BCL10,,,,,,,,,,,,
DDAH1,,,,,,,,,,,,
CCN1,,,,,,,,,,,,
ZNHIT6,,,,,,,,,,,,
ODF2L,,,,,,,,,,,,
SH3GLB1,,,,,,,,,,,,
SELENOF,,,,,,,,,,,,
HS2ST1,-0.52600135715061,-0.1866871802394312,-0.3563442686950206,,,,-0.9489936341164655,-0.2684168741390639,-0.6087052541277647,,,
LMO4,,,,,,,,,,,,
PKN2,,,,,,,,,,,,
GTF2B,,,,,,,,,,,,
KYAT3,,,,,,,,,,,,
RBMXL1,,,,,,,,,,,,
LRRC8B,,,,,,,,,,,,
LRRC8C,,,,-0.9872300708932679,-0.28712887945029275,-0.6371794751717803,,,,,,
LRRC8D,-0.3932392299515036,-0.09629362022491977,-0.2447664250882117,,,,,,,,,
ZNF326,,,,,,,,,,,,
ZNF644,,,,,,,,,,,,
HFM1,-0.3887595536893279,-0.0921864144206388,-0.24047298405498335,,,,,,,,,
CDC7,,,,,,,,,,,,
TGFBR3,,,,-0.9872242334171295,-0.41690674698351105,-0.7020654902003203,,,,,,
BTBD8,-0.42826342119297944,-0.05431189747120526,-0.24128765933209234,,,,-0.7459330847422974,-0.1378943722613598,-0.4419137285018286,,,
GLMN,,,,,,,,,,,,
RPAP2,,,,,,,,,,,,
EVI5,-0.6371637736722101,-0.1365376913133305,-0.3868507324927703,,,,-0.9397676771388013,-0.21858308173946367,-0.5791753794391324,,,
RPL5,,,,,,,,,,,,
DIPK1A,,,,,,,,,,,,
MTF2,,,,,,,,,,,,
TMED5,,,,,,,,,,,,
CCDC18,,,,,,,,,,,,
DR1,,,,,,,,,,,,
FNBP1L,,,,,,,,,,,,
BCAR3,,,,,,,,,,,,
DNTTIP2,,,,,,,,,,,,
GCLM,,,,,,,,,,,,
ARHGAP29,,,,,,,,,,,,
ABCD3,,,,,,,,,,,,
CNN3,-0.7334646523701996,-0.19103783178209657,-0.4622512420761481,,,,,,,,,
ALG14,,,,,,,,,,,,
TLCD4,,,,,,,-0.8352216891640951,-0.10130220215657845,-0.4682619456603368,,,
RWDD3,,,,,,,,,,,,
PTBP2,-0.8037340300078433,-0.34910263961317556,-0.5764183348105094,,,,-0.9229175832711921,-0.2297704240998665,-0.5763440036855293,,,
DPYD,-0.42153360642994725,-0.1346748011017327,-0.27810420376584,-0.994596398049393,-0.6952257116610073,-0.8449110548552001,,,,,,
SNX7,,,,,,,,,,,,
FRRS1,-0.5947956451440016,-0.13333912108439003,-0.36406738311419584,,,,-0.8337048705279544,-0.1831748037092941,-0.5084398371186243,,,
AGL,,,,,,,,,,,,
SLC35A3,,,,,,,-0.9721069854532501,-0.21715947819223744,-0.5946332318227437,,,
MFSD14A,,,,,,,,,,,,
SASS6,,,,,,,,,,,,
TRMT13,,,,,,,,,,,,
DBT,,,,,,,,,,,,
RTCA,,,,,,,,,,,,
CDC14A,,,,,,,,,,,,
EXTL2,,,,,,,,,,,,
SLC30A7,-0.6212384211728951,-0.23384344858562467,-0.42754093487925987,,,,-0.8561057070725754,-0.29016421739862397,-0.5731349622355997,,,
DPH5,,,,,,,,,,,,
RNPC3,,,,,,,,,,,,
PRMT6,,,,,,,,,,,,
VAV3,,,,,,,,,,,,
SLC25A24,,,,,,,,,,,,
EEIG2,,,,,,,,,,,,
PRPF38B,,,,,,,,,,,,
STXBP3,,,,,,,,,,,,
GPSM2,,,,,,,,,,,,
CLCC1,,,,,,,,,,,,
WDR47,-0.45472545991626073,-0.05335631689451971,-0.25404088840539024,,,,,,,,,
TAF13,,,,,,,,,,,,
TMEM167B,,,,,,,,,,,,
SARS1,,,,,,,,,,,,
CELSR2,,,,,,,,,,,,
PSRC1,0.19853438736860432,0.4501536725010314,0.32434402993481787,,,,,,,,,
SORT1,,,,-0.9967619116424689,-0.6617868255643926,-0.8292743686034307,,,,,,
PSMA5,,,,,,,,,,,,
GNAI3,,,,,,,,,,,,
AMPD2,,,,,,,,,,,,
GSTM3,,,,,,,,,,,,
AHCYL1,,,,,,,,,,,,
STRIP1,,,,,,,,,,,,
KCNC4,,,,,,,,,,,,
RBM15,,,,,,,,,,,,
SLC16A4,-0.8165077984479846,-0.3605484247615946,-0.5885281116047896,,,,-0.9442265481644204,-0.20619446318968526,-0.5752105056770529,-0.7517150934512011,-0.24153439388763956,-0.49662474366942033
LAMTOR5,,,,,,,,,,,,
LRIF1,,,,,,,,,,,,
DRAM2,,,,,,,,,,,,
CEPT1,,,,,,,,,,,,
WDR77,0.3049950705855647,0.5882428292197952,0.4466189499026799,,,,,,,,,
ATP5PB,0.15267582047404998,0.5089548851535332,0.3308153528137916,,,,,,,,,
RAP1A,,,,-0.9915381682809309,-0.4775739844448913,-0.7345560763629111,,,,,,
DDX20,,,,,,,,,,,,
CTTNBP2NL,,,,,,,,,,,,
ST7L,,,,,,,,,,,,
CAPZA1,,,,,,,-0.9915621546101866,-0.6472210517953672,-0.8193916032027768,-0.997741287870611,-0.698537911044653,-0.848139599457632
MOV10,,,,,,,,,,,,
RHOC,,,,,,,,,,,,
SLC16A1,,,,,,,,,,,,
LRIG2,-0.477994782569185,-0.08991328366611513,-0.28395403311765005,,,,,,,,,
MAGI3,-0.4606594357515044,-0.1423182149000071,-0.30148882532575577,-0.9916951454388399,-0.35546708647180336,-0.6735811159553216,-0.7854211609156725,-0.11467589759496792,-0.4500485292553202,,,
PHTF1,-0.5247632578998762,-0.1011007677230107,-0.31293201281144345,,,,,,,,,
RSBN1,,,,,,,,,,,,
AP4B1,,,,,,,,,,,,
DCLRE1B,,,,,,,,,,,,
HIPK1,,,,-0.9901273977761277,-0.36319559579978566,-0.6766614967879567,,,,,,
TRIM33,,,,-0.9825054534650136,-0.3576508183165898,-0.6700781358908017,,,,,,
BCAS2,,,,,,,,,,,,
DENND2C,-0.4491119315437739,-0.11871127838320537,-0.2839116049634896,,,,,,,,,
NRAS,,,,,,,,,,,,
CSDE1,,,,,,,,,,,,
SIKE1,,,,,,,,,,,,
VANGL1,0.041284130604697725,0.39067035175754716,0.21597724118112244,,,,,,,,,
SLC22A15,-0.4417903383950375,-0.12553038158440902,-0.2836603599897233,-0.9874188045137018,-0.3653632583625607,-0.6763910314381313,,,,,,
ATP1A1,,,,,,,,,,,,
CD58,,,,,,,,,,,,
IGSF3,,,,,,,,,,,,
PTGFRN,,,,-0.995300131355465,-0.6506102683201532,-0.8229551998378091,,,,,,
TTF2,,,,,,,,,,,,
MAN1A2,,,,,,,,,,,,
GDAP2,,,,,,,,,,,,
WDR3,,,,,,,,,,,,
WARS2,,,,,,,,,,,,
ZNF697,,,,,,,,,,,,
PHGDH,,,,,,,,,,,,
NOTCH2,,,,,,,,,,,,
SEC22B,-0.95471954040679,-0.38192318028686895,-0.6683213603468294,,,,-0.9897386857568214,-0.36750228657487694,-0.6786204861658491,,,
NBPF8,,,,,,,-0.8277364720339665,-0.08864660458380691,-0.4581915383088867,,,
FAM72B,,,,,,,,,,,,
SRGAP2C,-0.7605267670703505,-0.24582079572949966,-0.5031737813999251,,,,-0.8756154264157248,-0.21315542832081594,-0.5443854273682703,-0.8687458834319305,-0.12722261779038405,-0.49798425061115725
NBPF15,-0.6139071291412784,-0.16446443435945773,-0.3891857817503681,,,,,,,,,
SRGAP2B,-0.6015163275895472,-0.11945917388578103,-0.36048775073766415,,,,,,,,,
NBPF20,,,,,,,,,,,,
GPR89A,,,,,,,,,,,,
RNF115,,,,,,,,,,,,
POLR3C,,,,,,,,,,,,
PIAS3,,,,,,,,,,,,
PEX11B,,,,-0.9786682386646349,-0.2406897609644528,-0.6096789998145439,,,,,,
RBM8A,,,,,,,,,,,,
LIX1L,,,,,,,,,,,,
POLR3GL,,,,,,,,,,,,
TXNIP,,,,,,,,,,,,
NOTCH2NLA,,,,,,,,,,,,
NBPF12,,,,,,,,,,,,
PRKAB2,,,,,,,,,,,,
BCL9,,,,,,,,,,,,
ACP6,,,,,,,,,,,,
GPR89B,,,,,,,,,,,,
NBPF11,,,,-0.9956997891631858,-0.5126787904842929,-0.7541892898237393,,,,,,
PDE4DIP,-0.4111281295866161,-0.1274490537720447,-0.2692885916793304,-0.9914463000491924,-0.6118168671572096,-0.8016315836032011,,,,,,
NBPF9,,,,,,,,,,,,
NOTCH2NLC,,,,,,,,,,,,
BOLA1,,,,,,,,,,,,
SV2A,,,,,,,,,,,,
SF3B4,,,,,,,,,,,,
OTUD7B,,,,,,,-0.8378822866007595,-0.15704856476029408,-0.49746542568052676,,,
VPS45,,,,,,,,,,,,
PLEKHO1,,,,-0.9882251256315374,-0.2919226966088159,-0.6400739111201766,,,,,,
ANP32E,,,,,,,,,,,,
APH1A,,,,,,,,,,,,
C1orf54,,,,,,,,,,,,
MRPS21,,,,,,,,,,,,
PRPF3,,,,,,,,,,,,
RPRD2,-0.5008473508973472,-0.08377576525290717,-0.2923115580751272,,,,-0.9109751854242437,-0.18971610614529652,-0.5503456457847701,,,
TARS2,,,,,,,,,,,,
MCL1,,,,,,,,,,,,
ENSA,,,,,,,,,,,,
GOLPH3L,,,,,,,,,,,,
ARNT,,,,,,,,,,,,
SETDB1,,,,,,,,,,,,
CERS2,,,,,,,,,,,,
MINDY1,,,,,,,,,,,,
PRUNE1,,,,,,,,,,,,
C1orf56,-0.6468607978448938,-0.2802594435772687,-0.4635601207110812,,,,-0.7055682462431866,-0.22222843572618195,-0.4638983409846843,-0.671150678423913,-0.12691077716236182,-0.3990307277931374
CDC42SE1,-0.46631364755485144,-0.04405028428842919,-0.25518196592164033,,,,,,,,,
GABPB2,-0.5029652638347112,-0.1703014821453106,-0.3366333729900109,,,,-0.9181745339586854,-0.24445452482221036,-0.5813145293904479,,,
SCNM1,,,,,,,,,,,,
LYSMD1,-0.6214450785146365,-0.23045639325287637,-0.4259507358837564,,,,,,,-0.8029548721821879,-0.17767352229513947,-0.49031419723866365
VPS72,0.20713064897822345,0.5582997909366338,0.38271521995742863,,,,,,,,,
PIP5K1A,,,,-0.9870888785462358,-0.3229610047742012,-0.6550249416602185,-0.7300254237124604,-0.20767157666804453,-0.4688485001902525,,,
PSMD4,,,,,,,,,,,,
ZNF687,-0.4153995560390285,-0.0863248762689943,-0.2508622161540114,,,,,,,,,
PI4KB,,,,,,,,,,,,
RFX5,,,,,,,,,,,,
SELENBP1,,,,,,,,,,,,
PSMB4,,,,,,,,,,,,
POGZ,-0.6498012765646524,-0.1106107142331912,-0.3802059953989218,,,,-0.961357103536482,-0.2915522873478185,-0.6264546954421503,,,
CGN,,,,,,,,,,,,
SNX27,,,,,,,,,,,,
MRPL9,,,,,,,,,,,,
TDRKH,,,,,,,,,,,,
THEM4,,,,,,,,,,,,
S100A10,,,,,,,-0.9373538985292315,-0.19732769422766366,-0.5673407963784476,,,
S100A11,,,,,,,,,,,,
S100A13,,,,,,,,,,,,
CHTOP,,,,,,,,,,,,
SNAPIN,,,,,,,,,,,,
ILF2,0.1789659060331182,0.44915038318106176,0.31405814460709,,,,,,,,,
INTS3,,,,,,,,,,,,
GATAD2B,-0.6860902393077928,-0.12820397614845047,-0.4071471077281216,,,,-0.905094271052235,-0.20241832492477052,-0.5537562979885028,,,
DENND4B,,,,-0.9912199118725268,-0.4731485032572871,-0.732184207564907,,,,,,
CRTC2,,,,,,,,,,,,
SLC39A1,,,,,,,,,,,,
JTB,,,,,,,,,,,,
RAB13,,,,,,,,,,,,
RPS27,,,,,,,,,,,,
NUP210L,,,,,,,,,,,,
TPM3,,,,,,,,,,,,
C1orf43,,,,,,,,,,,,
UBAP2L,,,,,,,,,,,,
HAX1,,,,,,,,,,,,
ATP8B2,,,,,,,,,,,,
UBE2Q1,,,,,,,,,,,,
ADAR,,,,,,,,,,,,
PMVK,,,,,,,,,,,,
PYGO2,,,,,,,,,,,,
SHC1,,,,,,,,,,,,
CKS1B,0.16802166995212633,0.4910349634924072,0.3295283167222668,,,,,,,,,
FLAD1,,,,,,,,,,,,
ADAM15,,,,,,,,,,,,
SLC50A1,,,,,,,,,,,,
DPM3,,,,,,,,,,,,
KRTCAP2,,,,,,,,,,,,
MTX1,,,,,,,,,,,,
GBA1,,,,,,,,,,,,
ENTREP3,,,,,,,,,,,,
SCAMP3,,,,,,,,,,,,
CLK2,,,,,,,,,,,,
FDPS,,,,,,,,,,,,
RUSC1,,,,,,,,,,,,
ASH1L,,,,,,,-0.7812390289673151,-0.1583801892234978,-0.4698096090954065,,,
MSTO1,,,,,,,,,,,,
YY1AP1,,,,,,,,,,,,
DAP3,,,,,,,,,,,,
GON4L,,,,,,,,,,,,
RIT1,,,,,,,,,,,,
KHDC4,-0.5812526408689345,-0.19536277440376854,-0.3883077076363515,-0.9868075182110623,-0.48227236319516087,-0.7345399407031116,,,,,,
ARHGEF2,,,,,,,,,,,,
SSR2,,,,,,,,,,,,
UBQLN4,,,,,,,,,,,,
LAMTOR2,,,,,,,,,,,,
MEX3A,,,,,,,,,,,,
LMNA,,,,,,,,,,,,
SLC25A44,,,,,,,,,,,,
PMF1,,,,,,,,,,,,
SMG5,,,,,,,,,,,,
GLMP,,,,,,,,,,,,
CCT3,,,,,,,,,,,,
TSACC,,,,,,,,,,,,
MEF2D,,,,,,,,,,,,
IQGAP3,-0.6477383402768523,-0.22366319995228273,-0.43570077011456754,,,,,,,-0.6546272603710672,-0.15480699605219173,-0.4047171282116295
NAXE,,,,,,,,,,,,
GPATCH4,0.2656785271736483,0.48153960177050503,0.37360906447207665,,,,,,,,,
CRABP2,,,,,,,,,,,,
ISG20L2,,,,,,,,,,,,
METTL25B,,,,-0.9908541597334488,-0.49782751418990706,-0.744340836961678,,,,,,
MRPL24,,,,,,,,,,,,
HDGF,,,,,,,,,,,,
PRCC,,,,,,,,,,,,
ARHGEF11,,,,,,,,,,,,
ETV3,,,,,,,,,,,,
KIRREL1,,,,,,,,,,,,
TAGLN2,,,,,,,,,,,,
PIGM,,,,,,,,,,,,
PEA15,,,,,,,,,,,,
DCAF8,,,,,,,,,,,,
PEX19,,,,,,,,,,,,
COPA,,,,,,,,,,,,
NCSTN,,,,,,,,,,,,
VANGL2,,,,,,,,,,,,
F11R,,,,,,,,,,,,
USF1,,,,,,,,,,,,
PFDN2,,,,,,,,,,,,
NIT1,,,,,,,,,,,,
DEDD,,,,,,,,,,,,
UFC1,,,,,,,,,,,,
USP21,,,,,,,,,,,,
PPOX,,,,,,,,,,,,
B4GALT3,,,,,,,,,,,,
NDUFS2,0.12043322315748411,0.37454899472022596,0.24749110893885504,,,,,,,,,
TOMM40L,,,,,,,,,,,,
SDHC,,,,,,,,,,,,
DUSP12,,,,,,,,,,,,
ATF6,,,,,,,,,,,,
NOS1AP,-0.5470256606118857,-0.2137609232442794,-0.3803932919280826,-0.9820274399321396,-0.3588543479094677,-0.6704408939208036,-0.68106239748678,-0.16790554568180419,-0.4244839715842921,,,
UHMK1,,,,,,,,,,,,
UAP1,,,,,,,,,,,,
DDR2,-0.404327066283741,-0.051857152214445916,-0.22809210924909346,,,,,,,,,
HSD17B7,,,,,,,,,,,,
NUF2,,,,,,,,,,,,
PBX1,-0.7289760810730084,-0.3080921503803781,-0.5185341157266933,,,,-0.7932410220449717,-0.20888409604853486,-0.5010625590467532,-0.7773507422328825,-0.1748408002061432,-0.47609577121951285
MGST3,,,,,,,,,,,,
ALDH9A1,,,,,,,,,,,,
TMCO1,-0.5966233786406419,-0.14200528777110571,-0.3693143332058738,-0.9910944751232719,-0.5786068108053761,-0.784850642964324,,,,,,
UCK2,,,,,,,,,,,,
POGK,,,,,,,,,,,,
TADA1,,,,,,,,,,,,
POU2F1,,,,,,,,,,,,
CREG1,,,,-0.9897885428679499,-0.5455897920634047,-0.7676891674656774,,,,,,
MPZL1,,,,,,,,,,,,
MPC2,,,,,,,,,,,,
DCAF6,-0.6318209846926376,-0.22888500148829746,-0.43035299309046754,,,,,,,,,
GPR161,,,,,,,,,,,,
TIPRL,0.1331885661103824,0.4821774023313056,0.307682984220844,,,,,,,,,
SFT2D2,,,,,,,,,,,,
ATP1B1,-0.9824123096291326,-0.5126027355786527,-0.7475075226038926,,,,-0.9858209841546692,-0.5055322109061865,-0.7456765975304278,-0.7376440687718117,-0.21983976174826264,-0.4787419152600372
NME7,,,,,,,,,,,,
BLZF1,,,,,,,,,,,,
CCDC181,,,,,,,,,,,,
SLC19A2,-0.44351232068528335,-0.09809934616864445,-0.2708058334269639,,,,,,,,,
C1orf112,,,,,,,,,,,,
METTL18,,,,,,,,,,,,
SCYL3,-0.34193364946648136,-0.08404925694971596,-0.21299145320809865,-0.9938218895909201,-0.5207075053968074,-0.7572646974938637,,,,,,
KIFAP3,,,,,,,,,,,,
GORAB,,,,,,,,,,,,
PRRC2C,,,,,,,,,,,,
VAMP4,,,,,,,,,,,,
METTL13,,,,,,,,,,,,
DNM3,-0.42329225156900235,-0.22156263544424526,-0.3224274435066238,,,,,,,-0.5258647973126002,-0.08742640688906188,-0.306645602100831
PIGC,,,,,,,,,,,,
SUCO,,,,-0.9933678379516155,-0.5686490791793166,-0.7810084585654661,,,,,,
PRDX6,,,,,,,,,,,,
KLHL20,,,,,,,,,,,,
CENPL,,,,,,,,,,,,
DARS2,,,,,,,,,,,,
ZBTB37,-0.3372356352205237,-0.04052590650409341,-0.18888077086230856,,,,,,,,,
RC3H1,,,,,,,,,,,,
RABGAP1L,-0.8342416771454815,-0.4102060651130885,-0.622223871129285,-0.9981645634944747,-0.7656468817410019,-0.8819057226177383,-0.9314465432942594,-0.4059765342222894,-0.6687115387582744,-0.7901357078147767,-0.2557926728061897,-0.5229641903104832
CACYBP,,,,,,,,,,,,
MRPS14,,,,,,,,,,,,
COP1,-0.6553708215939649,-0.2644585218727928,-0.45991467173337885,,,,-0.8730147262469473,-0.2606229289429087,-0.566818827594928,,,
RASAL2,-0.9255565674314092,-0.14878237193647867,-0.537169469683944,,,,-0.9394110405148666,-0.19624776647119718,-0.5678294034930319,,,
RALGPS2,-0.6765866091655224,-0.3486701425370551,-0.5126283758512887,-0.997149014343547,-0.6720759859210409,-0.8346125001322939,-0.5659171736807391,-0.21522437892534982,-0.3905707763030445,-0.7330315203314753,-0.24981234208492867,-0.491421931208202
FAM20B,,,,,,,,,,,,
TOR3A,,,,,,,,,,,,
ABL2,,,,,,,-0.7080361731424912,-0.1841322410118169,-0.44608420707715407,,,
SOAT1,,,,,,,,,,,,
TOR1AIP2,,,,,,,-0.9426688404946348,-0.30712017698511623,-0.6248945087398755,,,
TOR1AIP1,,,,,,,,,,,,
CEP350,,,,,,,,,,,,
QSOX1,,,,-0.9893412620483566,-0.3978048331103274,-0.693573047579342,,,,,,
ACBD6,,,,,,,-0.7734528238234575,-0.08124763955409568,-0.42735023168877656,,,
XPR1,-0.6143466870188181,-0.15980205901214237,-0.38707437301548026,,,,-0.8466907186916536,-0.24047756843936294,-0.5435841435655082,,,
STX6,,,,,,,,,,,,
IER5,,,,,,,,,,,,
GLUL,,,,,,,,,,,,
RGS16,,,,,,,,,,,,
NPL,,,,,,,,,,,,
DHX9,,,,,,,,,,,,
LAMC1,,,,,,,,,,,,
SMG7,,,,,,,,,,,,
ARPC5,,,,,,,,,,,,
RGL1,-0.5808009517857401,-0.2763374818807874,-0.42856921683326377,-0.9918890724061934,-0.5756634394063045,-0.7837762559062489,-0.7629872989538792,-0.22917844658518297,-0.49608287276953106,,,
TSEN15,,,,,,,,,,,,
C1orf21,,,,,,,,,,,,
EDEM3,,,,,,,,,,,,
NIBAN1,,,,,,,,,,,,
RNF2,,,,,,,,,,,,
TRMT1L,,,,,,,,,,,,
SWT1,,,,,,,,,,,,
IVNS1ABP,,,,,,,,,,,,
HMCN1,,,,,,,,,,,,
TPR,,,,,,,,,,,,
ODR4,,,,,,,,,,,,
PLA2G4A,,,,,,,,,,,,
BRINP3,-0.34450277803297913,-0.08693693912923417,-0.21571985858110665,-0.9917455857252555,-0.5245229013130592,-0.7581342435191574,,,,,,
UCHL5,,,,,,,,,,,,
RO60,,,,,,,,,,,,
GLRX2,,,,,,,,,,,,
CDC73,,,,,,,,,,,,
KCNT2,-0.6266071330943408,-0.2983302097003131,-0.46246867139732695,-0.990948767037108,-0.5066822676426163,-0.7488155173398621,,,,-0.49480403067272943,-0.11462576679250676,-0.3047148987326181
ASPM,0.10577107775023238,0.3076735066549141,0.20672229220257324,,,,,,,,,
ZBTB41,,,,,,,,,,,,
DENND1B,-0.5234594946512245,-0.18601867809441805,-0.3547390863728213,-0.9958005938353145,-0.7810954856009383,-0.8884480397181265,,,,-0.6651288471309049,-0.09295101189080636,-0.37903992951085563
C1orf53,,,,,,,,,,,,
NEK7,,,,,,,,,,,,
ZNF281,,,,,,,,,,,,
KIF14,,,,,,,,,,,,
DDX59,,,,,,,,,,,,
CAMSAP2,,,,,,,-0.7058910570511593,-0.172549840473698,-0.43922044876242866,,,
TMEM9,,,,,,,,,,,,
NAV1,,,,,,,,,,,,
IPO9,-0.5571260754966015,-0.13616160621683307,-0.3466438408567173,,,,-0.8428481833096534,-0.05470744921959183,-0.4487778162646226,,,
TIMM17A,0.18286510154703095,0.5681300407303642,0.3754975711386976,,,,,,,,,
RNPEP,,,,,,,,,,,,
ARL8A,,,,,,,,,,,,
UBE2T,,,,,,,,,,,,
PPP1R12B,-0.5684961007844161,-0.21081015008466725,-0.38965312543454167,,,,-0.7078946881265649,-0.17107924172983005,-0.43948696492819744,,,
SYT2,-0.6016307953313785,-0.34724126450113485,-0.47443602991625666,-0.9937330745043215,-0.682412953449959,-0.8380730139771402,-0.5324117943749569,-0.19803408564394998,-0.36522294000945343,-0.5617255326000778,-0.30592673165986745,-0.4338261321299727
KDM5B,,,,,,,,,,,,
RABIF,,,,,,,,,,,,
KLHL12,,,,,,,,,,,,
ADIPOR1,,,,,,,,,,,,
CYB5R1,,,,,,,,,,,,
TMEM183A,,,,,,,,,,,,
BTG2,,,,,,,,,,,,
ATP2B4,,,,,,,-0.8321179810146221,-0.07670238101701081,-0.45441018101581643,,,
SNRPE,,,,,,,,,,,,
SOX13,,,,,,,,,,,,
ETNK2,-0.22215499125839205,-0.05805500616780175,-0.1401049987130969,-0.9835594598130528,-0.35438594423827713,-0.668972702025665,,,,,,
PPP1R15B,,,,,,,,,,,,
PIK3C2B,,,,,,,,,,,,
MDM4,-0.9745980797798672,-0.4758907723171494,-0.7252444260485083,,,,-0.9308795982290612,-0.39364230957704677,-0.662260953903054,-0.9409924410053971,-0.3213321197244192,-0.6311622803649082
RBBP5,-0.6322542822009106,-0.18342305451133994,-0.40783866835612526,,,,,,,,,
DSTYK,,,,,,,,,,,,
CDK18,,,,-0.9911682308810787,-0.6107640665283692,-0.8009661487047239,,,,,,
ELK4,,,,,,,,,,,,
NUCKS1,,,,,,,,,,,,
RAB29,,,,,,,,,,,,
SLC41A1,,,,,,,,,,,,
SRGAP2,-0.7070286124020116,-0.22712706879456207,-0.46707784059828683,,,,-0.8931835705845053,-0.1992582758514932,-0.5462209232179992,-0.8705327124768484,-0.2325391296022225,-0.5515359210395354
EIF2D,,,,,,,,,,,,
DYRK3,,,,,,,,,,,,
MAPKAPK2,,,,,,,,,,,,
PFKFB2,-0.37944182116651926,-0.06642943045084308,-0.22293562580868118,-0.9716271009405103,-0.14121308856531484,-0.5564200947529125,,,,-0.5036773413510964,-0.01948368107957477,-0.2615805112153356
YOD1,,,,,,,,,,,,
CD55,,,,,,,,,,,,
CD46,,,,,,,,,,,,
PLXNA2,-0.44645583851873666,-0.14866921733790364,-0.29756252792832016,-0.9928264924978212,-0.5313586666478392,-0.7620925795728302,-0.543906170135595,-0.1521023675564874,-0.3480042688460412,,,
C1orf74,,,,,,,,,,,,
UTP25,,,,,,,,,,,,
SYT14,-0.4697480847068663,-0.1605203914171886,-0.31513423806202745,,,,-0.5073629702376211,-0.15127355275012477,-0.32931826149387294,,,
SERTAD4,,,,,,,,,,,,
HHAT,-0.4665128889557298,-0.18674335973642822,-0.326628124346079,-0.9938205698686207,-0.4719006639655782,-0.7328606169170995,,,,,,
RCOR3,-0.572770899489781,-0.13248032697359294,-0.35262561323168695,,,,,,,,,
TRAF5,,,,,,,,,,,,
NEK2,,,,,,,,,,,,
LPGAT1,,,,,,,,,,,,
INTS7,-0.5934671066486649,-0.13013889098560874,-0.3618029988171368,,,,,,,,,
DTL,-0.4047662832955754,-0.10593218583052065,-0.25534923456304803,,,,,,,,,
PPP2R5A,,,,,,,,,,,,
PACC1,,,,,,,,,,,,
NENF,,,,,,,,,,,,
ATF3,-0.4309963568075496,-0.14980066370165815,-0.2903985102546039,,,,,,,,,
BATF3,,,,,,,,,,,,
NSL1,,,,,,,,,,,,
TATDN3,,,,,,,,,,,,
FLVCR1,,,,-0.9919977552687609,-0.3915964632378765,-0.6917971092533187,-0.7002529032820114,-0.1820392614225295,-0.44114608235227043,,,
ANGEL2,,,,,,,,,,,,
RPS6KC1,-0.5258193105140098,-0.24912830469423233,-0.38747380760412103,,,,-0.8563291628872066,-0.1870279745791463,-0.5216785687331764,,,
SMYD2,,,,,,,,,,,,
PTPN14,,,,,,,,,,,,
CENPF,0.14400702817588473,0.3593633443331825,0.2516851862545336,,,,,,,,,
KCTD3,,,,,,,,,,,,
ESRRG,-0.4746040048720839,-0.22775604036922262,-0.35118002262065323,-0.9924857586622166,-0.6539827501595458,-0.8232342544108812,-0.6523194486084666,-0.09770015503024758,-0.37500980181935706,-0.5528186648739208,-0.11207158118475516,-0.332445123029338
GPATCH2,,,,,,,,,,,,
SPATA17,,,,,,,,,,,,
RRP15,,,,,,,,,,,,
TGFB2,-0.5666729004245175,-0.29034567784909443,-0.42850928913680597,-0.9945735274818653,-0.6953278810591104,-0.8449507042704878,-0.46388816612099076,-0.075255615802601,-0.2695718909617959,-0.6322407636719327,-0.29405406792337485,-0.4631474157976538
LYPLAL1,,,,,,,,,,,,
SLC30A10,-0.5978226040160094,-0.3300899130927175,-0.46395625855436345,-0.9956613700097202,-0.7499022969122067,-0.8727818334609634,-0.6764835906115666,-0.2707355482681022,-0.4736095694398344,-0.6530497537310999,-0.28831268030321444,-0.47068121701715715
EPRS1,,,,,,,,,,,,
BPNT1,,,,-0.9714415525611166,-0.21715297817101467,-0.5942972653660656,,,,,,
IARS2,,,,,,,,,,,,
RAB3GAP2,,,,,,,,,,,,
MARK1,,,,,,,,,,,,
MTARC2,,,,,,,,,,,,
MTARC1,,,,,,,,,,,,
TAF1A,,,,,,,,,,,,
MIA3,,,,,,,,,,,,
AIDA,,,,,,,,,,,,
BROX,,,,,,,,,,,,
DISP1,-0.586002812319211,-0.08081374040684483,-0.33340827636302794,,,,,,,,,
CAPN2,,,,,,,,,,,,
TP53BP2,,,,,,,,,,,,
FBXO28,,,,,,,,,,,,
DEGS1,,,,,,,,,,,,
NVL,-0.8287956604138504,-0.25277839284455267,-0.5407870266292015,,,,,,,,,
CNIH4,,,,,,,,,,,,
WDR26,,,,,,,,,,,,
CNIH3,-0.5470482830615127,-0.11968125211817787,-0.33336476758984523,,,,,,,,,
DNAH14,-0.4798247427833777,-0.14337855528419563,-0.3116016490337867,-0.9935048052722346,-0.4088216264063944,-0.7011632158393145,-0.4778917144983389,-0.09557584977706013,-0.2867337821376995,,,
LBR,,,,,,,,,,,,
ENAH,,,,,,,,,,,,
SRP9,,,,,,,,,,,,
EPHX1,,,,,,,,,,,,
TMEM63A,,,,,,,,,,,,
PYCR2,,,,,,,,,,,,
SDE2,,,,,,,,,,,,
ACBD3,,,,,,,,,,,,
LIN9,,,,,,,,,,,,
PARP1,,,,,,,,,,,,
ITPKB,,,,,,,,,,,,
PSEN2,,,,,,,,,,,,
COQ8A,,,,,,,,,,,,
CDC42BPA,-0.4685404305092939,-0.13032457850658685,-0.29943250450794034,,,,-0.8854921546574805,-0.2602991298917972,-0.5728956422746388,,,
ZNF678,,,,,,,,,,,,
SNAP47,,,,,,,,,,,,
JMJD4,,,,,,,,,,,,
ARF1,,,,,,,,,,,,
C1orf35,,,,,,,,,,,,
MRPL55,,,,,,,,,,,,
GUK1,,,,,,,,,,,,
IBA57,,,,,,,,,,,,
TRIM11,,,,,,,,,,,,
RNF187,,,,,,,,,,,,
RHOU,,,,,,,,,,,,
RAB4A,,,,,,,,,,,,
CCSAP,,,,,,,,,,,,
NUP133,,,,,,,,,,,,
ABCB10,,,,,,,-0.7874764804291,-0.11331886503621606,-0.450397672732658,,,
TAF5L,,,,,,,,,,,,
URB2,,,,,,,,,,,,
GALNT2,,,,,,,,,,,,
PGBD5,-0.32444117282320395,-0.07657640081397943,-0.2005087868185917,,,,,,,,,
COG2,,,,,,,,,,,,
C1orf198,,,,,,,,,,,,
TTC13,-0.4527048012447221,-0.1075065412231858,-0.28010567123395397,,,,-0.8643552414237929,-0.08982389294102025,-0.4770895671824066,,,
ARV1,,,,,,,,,,,,
FAM89A,,,,,,,,,,,,
C1orf131,,,,,,,,,,,,
GNPAT,,,,-0.9953258957417106,-0.5916349282308881,-0.7934804119862994,,,,,,
EXOC8,,,,,,,,,,,,
SPRTN,,,,,,,,,,,,
EGLN1,,,,,,,,,,,,
TSNAX,,,,,,,,,,,,
DISC1,-0.5652626949980003,-0.24702297017337946,-0.4061428325856899,,,,-0.8777541600575471,-0.20421414409593208,-0.5409841520767396,,,
SIPA1L2,,,,,,,-0.8274153723085572,-0.11935108186611665,-0.47338322708733693,,,
NTPCR,,,,,,,,,,,,
PCNX2,-0.6325836984028635,-0.18332013141019168,-0.4079519149065276,,,,-0.6208041095698293,-0.08554942366537134,-0.35317676661760034,,,
MAP3K21,-0.3758795613102746,-0.06618790796416935,-0.22103373463722198,,,,,,,,,
KCNK1,,,,,,,,,,,,
COA6,,,,,,,,,,,,
TARBP1,-0.6394067329277073,-0.10238554716519749,-0.37089614004645244,,,,,,,,,
IRF2BP2,,,,,,,,,,,,
TOMM20,,,,,,,,,,,,
ARID4B,,,,,,,,,,,,
GGPS1,,,,,,,,,,,,
TBCE,,,,,,,,,,,,
B3GALNT2,,,,,,,,,,,,
GNG4,,,,,,,,,,,,
LYST,-0.4319168154333636,-0.10221635681334586,-0.2670665861233547,,,,,,,,,
NID1,,,,-0.991319306880922,-0.33096098907897475,-0.6611401479799484,,,,,,
GPR137B,-0.46165118205037403,-0.12322151035561314,-0.2924363462029936,,,,-0.9051114314127804,-0.17230944196952339,-0.5387104366911519,,,
ERO1B,,,,,,,,,,,,
EDARADD,,,,,,,,,,,,
HEATR1,,,,,,,,,,,,
ACTN2,-0.4963842380573398,-0.13631158801550006,-0.3163479130364199,,,,,,,,,
MTR,,,,,,,,,,,,
RYR2,-0.5687272165516908,-0.20117716930806265,-0.3849521929298767,,,,,,,,,
CHRM3,-0.35958115944472313,-0.1414856815922206,-0.2505334205184719,-0.9870980999307343,-0.5007179466896873,-0.7439080233102108,,,,,,
FMN2,-0.6360096991885686,-0.2562817063087774,-0.44614570274867305,-0.993714513471504,-0.373245370087983,-0.6834799417797435,-0.7123310227632005,-0.25047228437243224,-0.4814016535678164,,,
RGS7,-0.6009545172565631,-0.26608232831544615,-0.4335184227860046,-0.9947975286337489,-0.5655150513946611,-0.780156290014205,-0.5254170826136639,-0.13797908346664872,-0.33169808304015636,-0.5759489774904843,-0.10366305920971644,-0.3398060183501004
FH,,,,,,,,,,,,
CHML,,,,,,,,,,,,
EXO1,-0.9692239264562363,-0.37719324104025537,-0.6732085837482459,,,,,,,,,
CEP170,,,,-0.9813160969276856,-0.3111210709492892,-0.6462185839384874,,,,,,
SDCCAG8,-0.5558512866051118,-0.22959030749252854,-0.3927207970488202,-0.9936692665868975,-0.6364746909467386,-0.815071978766818,,,,,,
AKT3,-0.6012875006757468,-0.2442787710995045,-0.4227831358876256,,,,-0.8546485596957923,-0.22064668995663986,-0.5376476248262161,,,
ZBTB18,,,,,,,,,,,,
ADSS2,,,,,,,,,,,,
CATSPERE,-0.33631555305750266,-0.09229633387043287,-0.21430594346396775,,,,,,,,,
DESI2,,,,,,,,,,,,
COX20,,,,,,,,,,,,
HNRNPU,,,,,,,,,,,,
EFCAB2,-0.3488574103733509,-0.10458467882130942,-0.22672104459733017,,,,,,,,,
KIF26B,-0.46335114865115656,-0.21968197448558208,-0.3415165615683693,,,,,,,-0.4973779604684467,-0.12732770989183928,-0.312352835180143
SMYD3,-0.748533150081864,-0.34598005307801366,-0.5472566015799388,-0.9969035584974214,-0.7323972752073048,-0.8646504168523631,-0.8425310789159232,-0.21096539042237258,-0.5267482346691479,,,
TFB2M,,,,,,,,,,,,
CNST,,,,,,,,,,,,
SCCPDH,,,,,,,,,,,,
AHCTF1,,,,-0.9945170079330664,-0.4542654192858769,-0.7243912136094717,,,,,,
ZNF695,,,,,,,,,,,,
ZNF670,,,,-0.9832757935944088,-0.25037599920568215,-0.6168258964000455,,,,,,
ZNF124,,,,,,,,,,,,
ZNF496,,,,,,,,,,,,
SH3YL1,,,,,,,,,,,,
ACP1,,,,,,,,,,,,
TMEM18,,,,,,,,,,,,
SNTG2,,,,,,,-0.45741667764978033,-0.1043301862075384,-0.2808734319286594,,,
PXDN,,,,,,,,,,,,
EIPR1,,,,,,,,,,,,
TRAPPC12,,,,,,,,,,,,
ADI1,,,,,,,,,,,,
RNASEH1,,,,,,,,,,,,
RPS7,,,,,,,,,,,,
DCDC2C,-0.5035676586370125,-0.2912709859037423,-0.39741932227037735,-0.9948608784193372,-0.680663588132928,-0.8377622332761326,-0.4023249633240667,-0.1515498410674772,-0.27693740219577195,-0.6866433489439325,-0.3318985721727752,-0.5092709605583539
RNF144A,-0.4361738314701905,-0.13756712781524255,-0.2868704796427165,,,,,,,,,
ID2,,,,,,,,,,,,
KIDINS220,,,,,,,,,,,,
MBOAT2,,,,-0.9851885761593938,-0.3772993419971936,-0.6812439590782937,,,,,,
ASAP2,-0.43600654543313627,-0.10019854274771145,-0.2681025440904239,,,,-0.8329371674878963,-0.20345198931366718,-0.5181945784007818,,,
ITGB1BP1,,,,,,,,,,,,
CPSF3,,,,,,,,,,,,
IAH1,,,,,,,,,,,,
ADAM17,-0.7451152078869815,-0.2367021570522048,-0.4909086824695931,,,,,,,,,
YWHAQ,,,,,,,,,,,,
TAF1B,,,,,,,,,,,,
KLF11,,,,,,,,,,,,
RRM2,-0.9879837784545247,-0.4924472209868224,-0.7402154997206736,,,,,,,,,
HPCAL1,,,,-0.9934889630680847,-0.5902209311714116,-0.7918549471197481,,,,,,
ODC1,,,,,,,,,,,,
NOL10,,,,,,,,,,,,
PDIA6,,,,,,,,,,,,
SLC66A3,,,,,,,,,,,,
ROCK2,,,,,,,,,,,,
E2F6,,,,,,,,,,,,
GREB1,,,,,,,,,,,,
LPIN1,,,,,,,,,,,,
NBAS,,,,,,,,,,,,
DDX1,,,,,,,,,,,,
SMC6,,,,,,,,,,,,
GEN1,-0.45241369446682417,-0.11244522213499218,-0.28242945830090815,,,,,,,,,
RDH14,,,,,,,,,,,,
TTC32,,,,,,,,,,,,
WDR35,,,,,,,,,,,,
LAPTM4A,,,,,,,,,,,,
PUM2,-0.7571080207327576,-0.20246665182086174,-0.4797873362768097,-0.9890993848863977,-0.318146828583377,-0.6536231067348873,-0.7668308754511125,-0.28606803898352046,-0.5264494572173165,,,
RHOB,,,,,,,,,,,,
HS1BP3,,,,,,,,,,,,
LDAH,,,,,,,,,,,,
KLHL29,-0.539925889820955,-0.21430402172117088,-0.37711495577106297,-0.9951794845038929,-0.6519559077957634,-0.8235676961498282,-0.7276725923849696,-0.18083840357956443,-0.45425549798226705,,,
ATAD2B,,,,,,,,,,,,
UBXN2A,,,,,,,,,,,,
WDCP,,,,,,,,,,,,
FKBP1B,,,,,,,,,,,,
SF3B6,,,,,,,,,,,,
FAM228B,-0.36275480546457234,-0.10491964391838414,-0.23383722469147825,,,,,,,-0.5654785919141104,-0.0653564430466265,-0.31541751748036845
TP53I3,,,,,,,,,,,,
ITSN2,,,,,,,,,,,,
NCOA1,-0.5280717829940692,-0.125034292902028,-0.3265530379480486,,,,-0.9368676739378505,-0.13934821631296815,-0.5381079451254094,,,
PTRHD1,,,,,,,,,,,,
CENPO,,,,,,,,,,,,
ADCY3,,,,,,,,,,,,
DNAJC27,,,,,,,,,,,,
EFR3B,-0.5181454602718747,-0.14448650445583763,-0.3313159823638562,-0.9931801528414717,-0.5447193705714028,-0.7689497617064373,,,,,,
DNMT3A,,,,,,,,,,,,
DTNB,-0.5301683795624929,-0.20414275862519518,-0.367155569093844,,,,,,,,,
ASXL2,,,,,,,,,,,,
RAB10,,,,,,,,,,,,
GAREM2,,,,-0.9856100040678673,-0.48922330649435347,-0.7374166552811103,,,,,,
HADHA,,,,,,,,,,,,
HADHB,,,,,,,,,,,,
SELENOI,,,,-0.989159669113281,-0.38376364214993436,-0.6864616556316077,,,,,,
SLC35F6,,,,,,,,,,,,
CENPA,0.11120333133720553,0.32173919665849426,0.21647126399784988,,,,,,,,,
DPYSL5,,,,,,,,,,,,
MAPRE3,,,,,,,,,,,,
TMEM214,,,,,,,,,,,,
AGBL5,,,,,,,,,,,,
OST4,,,,,,,,,,,,
KHK,,,,,,,,,,,,
PREB,0.15470685064718995,0.5388013440617467,0.3467540973544683,,,,,,,,,
SLC5A6,,,,,,,,,,,,
ATRAID,,,,,,,,,,,,
CAD,,,,,,,,,,,,
MPV17,,,,,,,,,,,,
GTF3C2,,,,,,,,,,,,
EIF2B4,,,,,,,,,,,,
SNX17,,,,,,,,,,,,
PPM1G,,,,,,,,,,,,
NRBP1,,,,,,,,,,,,
IFT172,,,,,,,,,,,,
ZNF512,,,,,,,,,,,,
GPN1,,,,,,,,,,,,
SUPT7L,,,,,,,,,,,,
SLC4A1AP,0.12260486107797662,0.3958980201199735,0.25925144059897504,,,,,,,,,
MRPL33,,,,,,,,,,,,
BABAM2,-0.6047984228277844,-0.13613984201080612,-0.37046913241929524,,,,,,,,,
PPP1CB,,,,,,,-0.9946266389748039,-0.6696197664124655,-0.8321232026936347,-0.9930286179846788,-0.5298092259054887,-0.7614189219450838
SPDYA,,,,,,,,,,,,
TRMT61B,,,,,,,,,,,,
WDR43,,,,,,,,,,,,
CLIP4,-0.43739192115137515,-0.13380832050478939,-0.2856001208280823,-0.98329957359774,-0.30116710451221945,-0.6422333390549797,-0.7981841516010355,-0.11364645662444706,-0.4559153041127413,,,
YPEL5,,,,,,,,,,,,
LCLAT1,-0.5148609187867123,-0.09455598784025024,-0.30470845331348123,,,,,,,,,
GALNT14,,,,,,,,,,,,
EHD3,,,,,,,,,,,,
DPY30,,,,,,,,,,,,
SPAST,,,,,,,,,,,,
SLC30A6,,,,,,,,,,,,
YIPF4,-0.5471520694370923,-0.253798981057515,-0.4004755252473037,-0.994635951003302,-0.7131106818533592,-0.8538733164283306,-0.72353889444786,-0.13848987005495586,-0.4310143822514079,-0.8215593837225889,-0.28908263777200555,-0.5553210107472972
BIRC6,-0.8541131981968239,-0.22779887583842687,-0.5409560370176254,,,,,,,,,
TTC27,,,,,,,,,,,,
LTBP1,-0.6689929913751558,-0.32804149104129476,-0.49851724120822527,-0.9931363579930058,-0.5213764173000948,-0.7572563876465503,-0.8635889056260087,-0.18784426658247153,-0.5257165861042401,,,
FAM98A,,,,,,,,,,,,
CRIM1,-0.5945366249806943,-0.22823554938602092,-0.41138608718335756,,,,-0.801848486672794,-0.17754321477400306,-0.4896958507233985,,,
FEZ2,,,,,,,,,,,,
STRN,,,,,,,,,,,,
HEATR5B,,,,,,,,,,,,
GPATCH11,,,,,,,,,,,,
EIF2AK2,,,,,,,,,,,,
CEBPZOS,,,,,,,,,,,,
CEBPZ,,,,,,,,,,,,
NDUFAF7,,,,,,,,,,,,
PRKD3,-0.6649258882375052,-0.14151107511838562,-0.4032184816779454,-0.9948008273618342,-0.5607669007504902,-0.7777838640561622,-0.8768714988878015,-0.2101606418043268,-0.5435160703460642,,,
QPCT,,,,,,,,,,,,
CDC42EP3,,,,,,,,,,,,
RMDN2,,,,,,,,,,,,
ATL2,-0.6314142953432491,-0.13630274224498404,-0.3838585187941166,,,,-0.9321077798493337,-0.23032962872094986,-0.5812187042851418,,,
HNRNPLL,,,,,,,,,,,,
GALM,,,,,,,,,,,,
SRSF7,,,,,,,,,,,,
GEMIN6,0.30045946698350995,0.6190364837041021,0.45974797534380607,,,,,,,,,
DHX57,,,,,,,,,,,,
MORN2,,,,,,,,,,,,
SOS1,-0.5757524810631326,-0.15343359276153487,-0.36459303691233375,,,,,,,,,
MAP4K3,-0.4291692822730439,-0.08762230299179642,-0.2583957926324202,,,,,,,,,
THUMPD2,,,,,,,,,,,,
SLC8A1,-0.5115344933212982,-0.20300433662254783,-0.357269414971923,-0.9920913817845064,-0.5519063476932329,-0.7719988647388696,-0.5116711247711183,-0.179774716657687,-0.34572292071440264,-0.4290886584976009,-0.10509917674150718,-0.26709391761955403
PKDCC,,,,,,,,,,,,
EML4,,,,,,,,,,,,
COX7A2L,,,,,,,,,,,,
KCNG3,,,,-0.9887131892237893,-0.3866218875239217,-0.6876675383738555,,,,,,
MTA3,,,,,,,,,,,,
ZFP36L2,,,,,,,,,,,,
THADA,-0.5537969281157442,-0.1354844504689663,-0.34464068929235525,,,,-0.8260314778365181,-0.1684877206172489,-0.4972595992268835,,,
PLEKHH2,-0.5030616295420879,-0.16272186061117783,-0.3328917450766329,,,,-0.7632355007665158,-0.19678164141432852,-0.48000857109042216,,,
DYNC2LI1,,,,,,,-0.8587294756953038,-0.16781303672651365,-0.5132712562109087,,,
LRPPRC,,,,-0.991612992724361,-0.4531427836910201,-0.7223778882076906,,,,,,
PPM1B,,,,,,,,,,,,
PREPL,,,,,,,,,,,,
CAMKMT,-0.7753120240864487,-0.3541233858810201,-0.5647177049837344,,,,-0.8554970168886624,-0.3086368186894661,-0.5820669177890643,-0.8824827043156014,-0.19469400982812757,-0.5385883570718645
SIX2,,,,,,,,,,,,
SRBD1,,,,,,,,,,,,
PRKCE,-0.5985705054219231,-0.23067100724730877,-0.4146207563346159,,,,,,,,,
EPAS1,,,,,,,,,,,,
ATP6V1E2,,,,,,,,,,,,
RHOQ,,,,,,,,,,,,
PIGF,,,,,,,,,,,,
CRIPT,,,,,,,,,,,,
MCFD2,,,,,,,,,,,,
TTC7A,,,,,,,,,,,,
CALM2,0.18494102152536687,0.4760698597041007,0.3305054406147338,,,,,,,,,
MSH2,-0.9309225877169772,-0.39374186626838964,-0.6623322269926835,-0.995544060899993,-0.7639181545069255,-0.8797311077034593,,,,,,
MSH6,-0.3994383582893758,-0.07423499246819289,-0.23683667537878433,,,,,,,,,
FBXO11,,,,,,,,,,,,
FOXN2,,,,,,,,,,,,
PPP1R21,-0.6150654861237729,-0.1458068749911865,-0.3804361805574797,,,,-0.8984996451657128,-0.22228663031899076,-0.5603931377423518,,,
STON1,,,,,,,,,,,,
NRXN1,-0.5174521850555213,-0.2921800199060419,-0.4048161024807816,-0.989935552843119,-0.5679503558413354,-0.7789429543422272,,,,-0.6758818701433924,-0.2440624347409297,-0.45997215244216105
ASB3,-0.5392479288302641,-0.17906568127014655,-0.3591568050502053,-0.9948662043697494,-0.5143665102699198,-0.7546163573198346,,,,,,
CHAC2,,,,,,,,,,,,
ERLEC1,,,,,,,,,,,,
PSME4,,,,,,,,,,,,
ACYP2,,,,,,,,,,,,
SPTBN1,,,,,,,,,,,,
EML6,-0.46808629302930166,-0.20587184806540942,-0.33697907054735554,,,,-0.5691578351452341,-0.06939572640602519,-0.31927678077562965,,,
RTN4,,,,,,,,,,,,
CLHC1,,,,,,,,,,,,
RPS27A,,,,,,,,,,,,
MTIF2,,,,,,,,,,,,
CCDC88A,,,,,,,,,,,,
CFAP36,,,,,,,,,,,,
PPP4R3B,,,,,,,,,,,,
PNPT1,,,,,,,,,,,,
VRK2,,,,,,,,,,,,
FANCL,-0.7510945659508155,-0.2660201751580745,-0.508557370554445,,,,-0.7596562318221437,-0.1625933203455707,-0.4611247760838572,,,
BCL11A,,,,,,,-0.8848553762101091,-0.077924588432327,-0.48138998232121805,,,
PAPOLG,,,,,,,,,,,,
REL,,,,,,,,,,,,
PUS10,,,,,,,,,,,,
PEX13,,,,,,,,,,,,
SANBR,-0.4589570515659847,-0.10000949317841751,-0.2794832723722011,-0.9881749037168669,-0.5119654636169079,-0.7500701836668874,,,,,,
C2orf74,,,,,,,,,,,,
USP34,,,,,,,,,,,,
XPO1,,,,,,,,,,,,
FAM161A,,,,,,,,,,,,
CCT4,,,,,,,,,,,,
COMMD1,,,,,,,,,,,,
B3GNT2,,,,,,,,,,,,
EHBP1,,,,,,,,,,,,
WDPCP,-0.597052714022048,-0.2610991163045301,-0.429075915163289,-0.9924610118669783,-0.5144842750587239,-0.7534726434628511,-0.9224658726040403,-0.2537296566184279,-0.5880977646112341,-0.6749215556673758,-0.13012624774876372,-0.40252390170806973
MDH1,,,,,,,,,,,,
UGP2,,,,,,,,,,,,
VPS54,,,,,,,,,,,,
PELI1,,,,,,,,,,,,
LGALSL,,,,,,,,,,,,
AFTPH,,,,,,,-0.8095475726477738,-0.18166534101513293,-0.4956064568314533,,,
SERTAD2,,,,,,,,,,,,
CEP68,,,,,,,,,,,,
RAB1A,,,,,,,,,,,,
ACTR2,,,,,,,,,,,,
SPRED2,,,,,,,,,,,,
MEIS1,-0.672364709428063,-0.24124206912106355,-0.4568033892745633,,,,-0.9310491660573231,-0.19528369655321692,-0.56316643130527,-0.7366946571064945,-0.2227416970615097,-0.4797181770840021
ETAA1,,,,,,,,,,,,
C1D,,,,,,,,,,,,
DNAAF10,,,,,,,,,,,,
PNO1,,,,,,,,,,,,
PPP3R1,-0.464455568096522,-0.15982507243387098,-0.3121403202651965,,,,,,,,,
CNRIP1,,,,,,,,,,,,
FBXO48,,,,,,,,,,,,
APLF,,,,,,,,,,,,
ANTXR1,,,,,,,,,,,,
GFPT1,,,,,,,,,,,,
NFU1,,,,,,,,,,,,
AAK1,,,,,,,,,,,,
ANXA4,,,,-0.9894092131518798,-0.3804356582383523,-0.684922435695116,,,,,,
GMCL1,,,,,,,,,,,,
SNRNP27,,,,,,,,,,,,
MXD1,,,,,,,,,,,,
PCBP1,,,,,,,,,,,,
C2orf42,,,,,,,,,,,,
TIA1,,,,,,,,,,,,
PCYOX1,,,,,,,,,,,,
SNRPG,,,,,,,,,,,,
FAM136A,,,,,,,,,,,,
ADD2,,,,-0.9864427848676698,-0.34055577651876623,-0.6634992806932181,,,,,,
VAX2,,,,,,,,,,,,
TEX261,,,,,,,,,,,,
NAGK,,,,,,,,,,,,
MCEE,,,,,,,,,,,,
MPHOSPH10,,,,,,,,,,,,
PAIP2B,,,,,,,,,,,,
ZNF638,,,,-0.9901535484896167,-0.40863914122489225,-0.6993963448572544,,,,,,
EXOC6B,-0.5058227582647281,-0.21122233984039207,-0.3585225490525601,-0.9818421896698166,-0.19987804416846094,-0.5908601169191388,-0.84849099889,-0.23452791649451538,-0.5415094576922577,,,
SPR,,,,,,,,,,,,
SFXN5,,,,,,,,,,,,
RAB11FIP5,,,,,,,,,,,,
SMYD5,,,,,,,,,,,,
PRADC1,,,,,,,,,,,,
CCT7,,,,,,,,,,,,
ALMS1,-0.5485806247620334,-0.19008578921274838,-0.3693332069873909,-0.9875371653552214,-0.43371969944699174,-0.7106284324011065,,,,,,
TPRKB,,,,,,,,,,,,
DUSP11,,,,,,,,,,,,
STAMBP,,,,,,,,,,,,
DGUOK,,,,,,,,,,,,
TET3,,,,,,,,,,,,
BOLA3,,,,,,,,,,,,
MOB1A,,,,,,,,,,,,
MTHFD2,,,,,,,,,,,,
DCTN1,,,,,,,,,,,,
WDR54,,,,,,,,,,,,
RTKN,,,,,,,,,,,,
INO80B,,,,,,,,,,,,
WBP1,,,,,,,,,,,,
MOGS,,,,,,,,,,,,
MRPL53,,,,,,,,,,,,
CCDC142,,,,,,,,,,,,
TTC31,,,,,,,,,,,,
PCGF1,,,,,,,,,,,,
AUP1,,,,,,,,,,,,
HTRA2,,,,,,,,,,,,
DOK1,,,,,,,,,,,,
HK2,,,,,,,,,,,,
POLE4,,,,,,,,,,,,
MRPL19,,,,,,,,,,,,
GCFC2,,,,,,,,,,,,
LRRTM4,-0.7528063873429777,-0.3620071329506715,-0.5574067601468246,-0.9881966423480864,-0.5723634078197114,-0.7802800250838988,-0.5523502240717911,-0.14430355143507706,-0.3483268877534341,-0.6872603659411626,-0.2512696600384237,-0.4692650129897932
SUCLG1,,,,,,,,,,,,
DNAH6,-0.4320135440644779,-0.22789074498723766,-0.32995214452585775,-0.9957569876663497,-0.5989542471963178,-0.7973556174313338,-0.5227847689040451,-0.1893809977599471,-0.3560828833319961,-0.5466011841430912,-0.2896424623482459,-0.4181218232456686
TMSB10,,,,,,,,,,,,
KCMF1,,,,,,,,,,,,
TCF7L1,-0.5041055730255317,-0.15627703614616284,-0.3301913045858473,,,,,,,,,
TGOLN2,,,,,,,,,,,,
RETSAT,,,,,,,,,,,,
ELMOD3,,,,,,,,,,,,
CAPG,,,,,,,,,,,,
MAT2A,,,,,,,,,,,,
GGCX,,,,,,,,,,,,
VAMP8,,,,,,,,,,,,
RNF181,,,,,,,,,,,,
USP39,,,,,,,,,,,,
C2orf68,-0.6832325686479375,-0.2138537875564406,-0.448543178102189,,,,,,,-0.7923214995759028,-0.106104419993802,-0.44921295978485243
ST3GAL5,,,,,,,,,,,,
POLR1A,,,,,,,,,,,,
PTCD3,,,,,,,,,,,,
IMMT,,,,,,,,,,,,
MRPL35,,,,,,,,,,,,
REEP1,,,,,,,,,,,,
KDM3A,,,,,,,,,,,,
CHMP3,-0.7427077870804306,-0.19180721432386066,-0.46725750070214567,,,,,,,,,
RNF103,,,,,,,,,,,,
RMND5A,,,,,,,,,,,,
KRCC1,,,,,,,,,,,,
EIF2AK3,-0.5868238563316825,-0.22021321996120646,-0.4035185381464445,-0.9933442466886411,-0.414738836238467,-0.704041541463554,,,,-0.5323114975733432,-0.1010490877018729,-0.31668029263760805
RPIA,,,,-0.9944262055148344,-0.5836473924802712,-0.7890367989975529,,,,,,
MRPS5,,,,,,,,,,,,
ZNF514,,,,,,,,,,,,
ZNF2,,,,,,,,,,,,
FAHD2A,,,,,,,,,,,,
ANKRD36C,,,,,,,,,,,,
DUSP2,,,,,,,,,,,,
STARD7,,,,,,,,,,,,
TMEM127,,,,,,,,,,,,
CIAO1,,,,,,,,,,,,
SNRNP200,,,,,,,,,,,,
ITPRIPL1,,,,,,,,,,,,
NCAPH,,,,,,,,,,,,
KANSL3,,,,,,,,,,,,
LMAN2L,,,,,,,,,,,,
CNNM4,,,,,,,,,,,,
CNNM3,,,,,,,,,,,,
ANKRD39,,,,,,,,,,,,
FAHD2B,,,,,,,,,,,,
ANKRD36,-0.5213028641338796,-0.09518516480581675,-0.30824401446984817,-0.9895035785057832,-0.5188773190884628,-0.7541904487971229,,,,,,
ANKRD36B,,,,,,,,,,,,
COX5B,,,,,,,,,,,,
ACTR1B,,,,,,,,,,,,
C2orf92,,,,,,,,,,,,
TMEM131,-0.4984902961251685,-0.09947251654737756,-0.298981406336273,,,,-0.9136896573783909,-0.18096105050231678,-0.5473253539403539,,,
INPP4A,,,,,,,,,,,,
COA5,,,,,,,,,,,,
UNC50,,,,,,,,,,,,
MGAT4A,,,,,,,,,,,,
TSGA10,,,,,,,,,,,,
LIPT1,,,,,,,,,,,,
MITD1,,,,,,,,,,,,
MRPL30,,,,,,,,,,,,
TXNDC9,,,,,,,,,,,,
EIF5B,,,,,,,,,,,,
REV1,,,,-0.9883248892506583,-0.3160301943080641,-0.6521775417793612,,,,,,
AFF3,-0.6128527618859048,-0.16579272814078824,-0.3893227450133465,-0.9912535230958434,-0.3816225922219044,-0.6864380576588739,-0.8814811640669253,-0.232146794693079,-0.5568139793800022,,,
LONRF2,,,,-0.9851810684364801,-0.33405418512376855,-0.6596176267801244,,,,,,
CHST10,,,,,,,,,,,,
PDCL3,,,,,,,,,,,,
NPAS2,-0.4362892260315846,-0.0778585476066032,-0.2570738868190939,,,,,,,,,
RPL31,,,,,,,,,,,,
TBC1D8,-0.5008831470427131,-0.1358567309184189,-0.318369938980566,,,,,,,,,
CNOT11,,,,,,,,,,,,
RNF149,,,,,,,,,,,,
MAP4K4,-0.5084364337807517,-0.1440521620549681,-0.32624429791785986,-0.993342944779686,-0.6688836255751418,-0.8311132851774139,-0.7484273814283086,-0.2044076876723342,-0.4764175345503214,,,
MFSD9,,,,,,,,,,,,
TMEM182,,,,-0.9948532910217279,-0.5471020570742268,-0.7709776740479773,,,,,,
POU3F3,,,,,,,,,,,,
MRPS9,,,,,,,,,,,,
TGFBRAP1,,,,,,,,,,,,
C2orf49,,,,,,,,,,,,
FHL2,,,,,,,,,,,,
NCK2,,,,,,,,,,,,
UXS1,,,,,,,,,,,,
GCC2,,,,,,,,,,,,
LIMS1,,,,,,,,,,,,
RANBP2,,,,,,,,,,,,
CCDC138,,,,,,,,,,,,
SH3RF3,,,,,,,,,,,,
SEPTIN10,,,,,,,,,,,,
SOWAHC,,,,,,,,,,,,
NPHP1,,,,,,,,,,,,
MTLN,,,,,,,,,,,,
BUB1,,,,,,,,,,,,
BCL2L11,,,,,,,,,,,,
ANAPC1,,,,,,,,,,,,
MERTK,,,,-0.9915839498038055,-0.4896087343932953,-0.7405963420985504,,,,,,
TMEM87B,,,,,,,,,,,,
ZC3H8,,,,,,,,,,,,
ZC3H6,,,,,,,,,,,,
RGPD8,,,,,,,,,,,,
TTL,,,,,,,,,,,,
POLR1B,,,,,,,,,,,,
CHCHD5,,,,,,,,,,,,
SLC20A1,-0.6640596602099575,-0.15047644747105865,-0.4072680538405081,,,,,,,,,
CKAP2L,,,,,,,,,,,,
ZNG1B,,,,,,,,,,,,
RABL2A,,,,,,,,,,,,
SLC35F5,-0.5348965709414415,-0.1443206556578879,-0.3396086132996647,,,,-0.958462667561289,-0.21650101476830255,-0.5874818411647957,,,
ACTR3,,,,,,,,,,,,
DDX18,,,,,,,,,,,,
CCDC93,,,,,,,,,,,,
INSIG2,,,,,,,,,,,,
STEAP3,,,,,,,,,,,,
C2orf76,,,,,,,,,,,,
DBI,,,,,,,,,,,,
TMEM177,,,,,,,,,,,,
PTPN4,-0.545310415618828,-0.14134071103577178,-0.3433255633272999,,,,,,,,,
EPB41L5,,,,,,,,,,,,
TMEM185B,,,,,,,,,,,,
RALB,,,,,,,,,,,,
GLI2,,,,-0.9942373536942336,-0.5244374536543148,-0.7593374036742742,,,,,,
CLASP1,-0.6576188667511816,-0.25831455513312296,-0.4579667109421523,-0.9932148071268673,-0.6483007725670585,-0.8207577898469629,-0.86752780978278,-0.12687364954678138,-0.4972007296647807,-0.6626665466486918,-0.14948992012485668,-0.4060782333867743
NIFK,0.1963008844157885,0.5568515293198637,0.3765762068678261,,,,,,,,,
TSN,,,,,,,,,,,,
GYPC,,,,,,,,,,,,
BIN1,,,,,,,,,,,,
ERCC3,,,,,,,,,,,,
MAP3K2,-0.439489899389507,-0.11537108417248286,-0.27743049178099494,,,,,,,,,
IWS1,,,,,,,,,,,,
WDR33,,,,,,,,,,,,
SFT2D3,,,,,,,,,,,,
POLR2D,,,,,,,,,,,,
AMMECR1L,,,,,,,,,,,,
SAP130,,,,,,,,,,,,
UGGT1,,,,-0.9927571146328008,-0.6643300519940237,-0.8285435833134123,,,,,,
HS6ST1,,,,,,,,,,,,
SMPD4,,,,,,,,,,,,
MZT2B,,,,,,,,,,,,
CCDC115,,,,,,,,,,,,
IMP4,,,,,,,,,,,,
PTPN18,,,,,,,,,,,,
ARHGEF4,-0.5405071976948218,-0.2811081989528709,-0.41080769832384634,-0.9975935093842002,-0.7029261063549762,-0.8502598078695882,-0.7617485628543221,-0.15811717760324415,-0.45993287022878315,-0.6718609572174534,-0.18978716903640463,-0.430824063126929
FAM168B,,,,,,,,,,,,
PLEKHB2,,,,,,,,,,,,
MZT2A,,,,,,,,,,,,
CCDC74A,,,,,,,,,,,,
LYPD1,,,,,,,,,,,,
NCKAP5,-0.5410499414151105,-0.11523789114833835,-0.32814391628172446,-0.9737702998285085,-0.3069469428467844,-0.6403586213376464,,,,,,
MGAT5,-0.5201782767347369,-0.12867120737299673,-0.32442474205386684,,,,,,,,,
TMEM163,,,,-0.990836535367994,-0.2777654958705773,-0.6343010156192856,,,,,,
CCNT2,,,,,,,,,,,,
RAB3GAP1,,,,,,,,,,,,
ZRANB3,-0.6357401543763338,-0.27894875804975594,-0.45734445621304487,-0.9957250784498574,-0.5681787099983189,-0.7819518942240882,-0.9008449970888965,-0.22510584675761428,-0.5629754219232554,,,
R3HDM1,,,,,,,,,,,,
UBXN4,,,,,,,,,,,,
MCM6,-0.6953543029747666,-0.23705157108385258,-0.4662029370293096,,,,,,,,,
DARS1,,,,,,,,,,,,
SPOPL,,,,,,,,,,,,
LRP1B,-0.7510969317402362,-0.4358987847910111,-0.5934978582656236,-0.9942480870357823,-0.7043367946886656,-0.849292440862224,-0.7238212495120335,-0.22586662860418605,-0.4748439390581098,-0.6422689395805521,-0.22552375424229798,-0.43389634691142503
ARHGAP15,-0.547661616409775,-0.2708488762345014,-0.40925524632213817,-0.9927706315266136,-0.6699513224303837,-0.8313609769784986,-0.7458215534502509,-0.06742960122032034,-0.40662557733528565,-0.6343814079931561,-0.23738510786176809,-0.4358832579274621
GTDC1,-0.3763467479399944,-0.1006167132803096,-0.238481730610152,,,,,,,,,
ZEB2,-0.5288079969037075,-0.11438645120798757,-0.32159722405584756,,,,,,,,,
ACVR2A,,,,,,,,,,,,
ORC4,,,,,,,,,,,,
MBD5,-0.5197726490685438,-0.23770317866364943,-0.3787379138660966,,,,,,,,,
EPC2,,,,,,,,,,,,
KIF5C,,,,,,,,,,,,
LYPD6B,,,,,,,,,,,,
LYPD6,-0.4190192609234899,-0.1542433045317184,-0.28663128272760413,,,,-0.5550715655884898,-0.10000306815268789,-0.32753731687058885,,,
MMADHC,,,,,,,,,,,,
RND3,,,,,,,,,,,,
RIF1,,,,-0.9933538638386153,-0.4815544702264742,-0.7374541670325447,,,,,,
NEB,-0.42067883418524293,-0.10949896965456019,-0.26508890191990153,,,,,,,,,
ARL5A,,,,,,,,,,,,
CACNB4,-0.5610545660723152,-0.23690526099926243,-0.3989799135357888,,,,-0.7573935291185444,-0.2653505095874778,-0.5113720193530111,,,
STAM2,,,,,,,,,,,,
FMNL2,-0.5809953062351598,-0.12929511197881421,-0.355145209106987,-0.9918669655298512,-0.5090292286834294,-0.7504480971066403,-0.8025698149707777,-0.21690177210153636,-0.5097357935361571,,,
PRPF40A,,,,,,,,,,,,
ARL6IP6,-0.4639465151300215,-0.08211660890481279,-0.27303156201741713,,,,,,,,,
GALNT13,-0.4121601993867229,-0.14814637483742135,-0.2801532871120721,-0.9940032721501574,-0.4594722596028778,-0.7267377658765176,,,,,,
KCNJ3,-0.5281370779738371,-0.33543325277115027,-0.4317851653724937,-0.9922859700188377,-0.6666394996892339,-0.8294627348540358,-0.6045641748795959,-0.21199925769879177,-0.40828171628919385,-0.6249939678696218,-0.33309850706581284,-0.47904623746771735
GPD2,,,,,,,,,,,,
ACVR1,-0.4081184882292101,-0.1264426794453027,-0.2672805838372564,-0.9946728492156758,-0.5287623072546564,-0.7617175782351662,,,,,,
PKP4,-0.711431984447034,-0.2659974220422595,-0.4887147032446468,,,,-0.8405309297209391,-0.18140431647521257,-0.5109676230980759,,,
DAPL1,,,,,,,,,,,,
TANC1,-0.6647859324313158,-0.27415603459173465,-0.4694709835115252,-0.9933411864501233,-0.6893598248028869,-0.8413505056265052,-0.769362620680655,-0.16374534790768672,-0.46655398429417083,-0.7816410895422251,-0.2110675364729332,-0.49635431300757915
WDSUB1,,,,,,,,,,,,
BAZ2B,,,,,,,,,,,,
MARCHF7,,,,,,,,,,,,
CD302,,,,,,,,,,,,
RBMS1,,,,,,,,,,,,
TANK,,,,,,,,,,,,
PSMD14,,,,,,,,,,,,
GCA,,,,,,,,,,,,
FIGN,-0.6358699067155108,-0.21698928141727702,-0.4264295940663939,-0.9904988273350829,-0.4842144331980142,-0.7373566302665485,,,,-0.6559825227391015,-0.21596032582571184,-0.43597142428240665
GRB14,,,,-0.9906165494482281,-0.3658347429046476,-0.6782256461764379,,,,,,
COBLL1,-0.4296172911120793,-0.10565507429413055,-0.2676361827031049,,,,,,,,,
CSRNP3,-0.5040601274867871,-0.15907904959253966,-0.33156958853966334,-0.9897784830090137,-0.3737199552533333,-0.6817492191311735,,,,,,
TTC21B,,,,,,,,,,,,
STK39,,,,,,,,,,,,
CERS6,-0.49624041949319714,-0.12484852956515244,-0.3105444745291748,,,,,,,,,
SPC25,,,,,,,,,,,,
LRP2,-0.44245179438125065,-0.17351890330484243,-0.3079853488430465,,,,,,,,,
BBS5,,,,,,,,,,,,
FASTKD1,,,,,,,,,,,,
PPIG,,,,,,,,,,,,
CFAP210,,,,,,,,,,,,
PHOSPHO2,,,,,,,,,,,,
KLHL23,,,,,,,,,,,,
SSB,,,,,,,,,,,,
METTL5,,,,,,,,,,,,
UBR3,-0.47966426308016025,-0.15921983018437577,-0.319442046632268,,,,-0.902827241165169,-0.1667299395673188,-0.5347785903662439,,,
ERICH2,,,,,,,,,,,,
GAD1,,,,,,,,,,,,
GORASP2,,,,,,,,,,,,
TLK1,-0.8123488561163795,-0.2737318681295656,-0.5430403621229726,,,,,,,,,
METTL8,,,,,,,,,,,,
DCAF17,,,,,,,,,,,,
CYBRD1,-0.3931174790904717,-0.04702294924535467,-0.22007021416791317,,,,,,,,,
DYNC1I2,,,,,,,,,,,,
SLC25A12,-0.5244158178458377,-0.14002234641900302,-0.33221908213242035,,,,,,,,,
HAT1,,,,,,,,,,,,
METAP1D,,,,,,,,,,,,
DLX1,,,,,,,,,,,,
DLX2,,,,,,,,,,,,
ITGA6,,,,,,,,,,,,
PDK1,,,,,,,,,,,,
RAPGEF4,-0.6350953407554224,-0.15156111486881377,-0.39332822781211807,,,,-0.8723974956180923,-0.19163025860017835,-0.5320138771091354,,,
MAP3K20,,,,,,,,,,,,
CDCA7,,,,,,,,,,,,
SP3,,,,,,,,,,,,
OLA1,,,,,,,,,,,,
SP9,,,,,,,,,,,,
CIR1,,,,,,,,,,,,
SCRN3,,,,,,,,,,,,
GPR155,,,,,,,,,,,,
WIPF1,,,,,,,,,,,,
CHN1,,,,,,,,,,,,
ATF2,,,,,,,,,,,,
ATP5MC3,,,,,,,,,,,,
LNPK,-0.5706697067626312,-0.10659763232498363,-0.3386336695438074,,,,,,,,,
HOXD13,,,,,,,,,,,,
HOXD11,,,,,,,,,,,,
HOXD10,,,,,,,,,,,,
HOXD9,-0.4576755116441403,-0.09176717086348109,-0.2747213412538107,,,,,,,,,
HOXD8,,,,,,,,,,,,
HOXD3,-0.3428141604278835,-0.06564493532553638,-0.20422954787670994,,,,,,,-0.6536504553135201,-0.08487573111396979,-0.36926309321374495
MTX2,,,,,,,,,,,,
HNRNPA3,,,,,,,,,,,,
NFE2L2,,,,,,,,,,,,
AGPS,,,,,,,,,,,,
PDE11A,-0.62575112541982,-0.31424430041997276,-0.4699977129198964,-0.9960120910985804,-0.7615786087650743,-0.8787953499318273,-0.6727651783925586,-0.16482766261826923,-0.4187964205054139,-0.5100556653437676,-0.24653744684175083,-0.3782965560927592
RBM45,,,,,,,,,,,,
OSBPL6,-0.5685196699537839,-0.15832216962891835,-0.3634209197913511,,,,,,,,,
PRKRA,,,,,,,,,,,,
PJVK,,,,,,,,,,,,
FKBP7,,,,,,,,,,,,
PLEKHA3,,,,,,,,,,,,
TTN,-0.5386314632744975,-0.24252578371359831,-0.3905786234940479,-0.994085524534085,-0.6262822672539752,-0.8101838958940302,,,,-0.68248492138178,-0.16659886961496184,-0.4245418954983709
SESTD1,-0.48084566090986874,-0.11933579778841875,-0.30009072934914377,,,,,,,,,
ZNF385B,-0.5684718884249184,-0.23980557902078223,-0.4041387337228503,-0.9838735287011612,-0.3769753623279716,-0.6804244455145664,-0.8404110023444857,-0.2577185472935684,-0.549064774819027,,,
CWC22,,,,,,,,,,,,
UBE2E3,,,,,,,,,,,,
ITGA4,,,,-0.9928028024085431,-0.4243564543362643,-0.7085796283724037,,,,,,
NEUROD1,-0.5366446200246618,-0.2934256471076698,-0.41503513356616584,-0.9925254565345912,-0.6784595276989751,-0.8354924921167832,-0.8799210546497733,-0.15172317297185264,-0.515822113810813,-0.569934286947541,-0.290604352657613,-0.430269319802577
ITPRID2,,,,,,,,,,,,
DNAJC10,,,,,,,,,,,,
NCKAP1,,,,,,,,,,,,
DUSP19,,,,,,,,,,,,
NUP35,,,,,,,,,,,,
ZNF804A,-0.3612560689244038,-0.13979711329756375,-0.2505265911109838,-0.9900823455460052,-0.5687804901248106,-0.7794314178354078,,,,,,
ZC3H15,,,,,,,,,,,,
ITGAV,-0.36078226540955244,-0.05707703852392801,-0.20892965196674024,,,,,,,,,
FAM171B,-0.6185040874270655,-0.16979542844346326,-0.3941497579352644,,,,,,,,,
TFPI,,,,,,,,,,,,
GULP1,,,,-0.9931061097594147,-0.5068951494480174,-0.750000629603716,,,,,,
WDR75,,,,,,,,,,,,
ASNSD1,,,,,,,,,,,,
ANKAR,,,,,,,,,,,,
OSGEPL1,,,,,,,,,,,,
ORMDL1,,,,,,,,,,,,
PMS1,,,,,,,,,,,,
C2orf88,-0.47930748958406094,-0.14193874477897916,-0.31062311718152,-0.9873147249615282,-0.4162438179728419,-0.701779271467185,,,,,,
HIBCH,,,,,,,,,,,,
INPP1,,,,,,,,,,,,
NAB1,,,,,,,,,,,,
GLS,,,,,,,,,,,,
STAT1,-0.5750302133400254,-0.08504167393412748,-0.33003594363707645,,,,-0.7886929651870483,-0.14535211247241922,-0.46702253882973377,,,
MYO1B,,,,,,,,,,,,
NABP1,-0.5906484282101326,-0.29488193624885173,-0.4427651822294922,-0.9958490203743257,-0.769448292147967,-0.8826486562611463,-0.8686052743514509,-0.21897911564076109,-0.543792194996106,-0.7977944695721253,-0.336813316032296,-0.5673038928022106
SLC39A10,,,,,,,,,,,,
STK17B,,,,,,,,,,,,
HECW2,-0.4410619639672507,-0.14472149579074983,-0.29289172987900025,-0.9869626361710562,-0.4130121385298472,-0.6999873873504516,-0.7252625895312897,-0.13219751625502887,-0.4287300528931593,,,
CCDC150,-0.858479725259302,-0.36275600419757903,-0.6106178647284406,,,,-0.9603525882258236,-0.21738013868323716,-0.5888663634545304,-0.8052550095328838,-0.2316457628541497,-0.5184503861935167
GTF3C3,,,,,,,,,,,,
PGAP1,-0.4469212164722247,-0.08860968624525314,-0.2677654513587389,,,,,,,,,
ANKRD44,-0.612596336771127,-0.26989731378149157,-0.4412468252763093,-0.9890886710491037,-0.4121073091027374,-0.7005979900759205,-0.771518512496911,-0.14802060031495654,-0.45976955640593375,-0.47646242558651997,-0.15722853789140592,-0.31684548173896293
SF3B1,,,,,,,,,,,,
COQ10B,,,,,,,,,,,,
HSPD1,,,,,,,,,,,,
HSPE1,,,,,,,,,,,,
MOB4,,,,,,,,,,,,
MARS2,,,,,,,,,,,,
PLCL1,-0.5927245378979561,-0.25216687184057446,-0.42244570486926525,-0.9958578294669027,-0.6532411209949757,-0.8245494752309392,-0.5871810172982423,-0.12806579580111457,-0.35762340654967845,-0.5568292299421139,-0.23822758912691622,-0.39752840953451507
SATB2,-0.5437797563608991,-0.18429417121286573,-0.36403696378688244,,,,,,,,,
FTCDNL1,,,,,,,,,,,,
C2orf69,-0.6228965399906804,-0.17973888633212493,-0.40131771316140263,,,,-0.9466918175975853,-0.243224823060829,-0.5949583203292071,,,
TYW5,,,,,,,,,,,,
MAIP1,,,,,,,,,,,,
SPATS2L,,,,,,,,,,,,
SGO2,0.1231528435035045,0.2975052410425782,0.21032904227304133,,,,,,,,,
BZW1,,,,,,,,,,,,
CLK1,,,,,,,,,,,,
PPIL3,,,,,,,,,,,,
NIF3L1,,,,,,,,,,,,
ORC2,,,,,,,,,,,,
HYCC2,-0.5229628252312069,-0.1352710912657986,-0.32911695824850273,,,,,,,,,
NDUFB3,,,,,,,,,,,,
CFLAR,,,,,,,,,,,,
CASP10,,,,,,,,,,,,
CASP8,,,,,,,,,,,,
TRAK2,,,,,,,,,,,,
STRADB,,,,,,,,,,,,
TMEM237,,,,,,,,,,,,
ALS2,,,,,,,,,,,,
SUMO1,,,,,,,,,,,,
NOP58,,,,,,,,,,,,
BMPR2,-0.4213773407274514,-0.08532472363615926,-0.2533510321818053,,,,,,,,,
FAM117B,,,,,,,,,,,,
ICA1L,-0.4667757343501217,-0.17630431688116707,-0.3215400256156444,,,,,,,,,
WDR12,,,,,,,,,,,,
NBEAL1,,,,,,,,,,,,
CYP20A1,,,,,,,,,,,,
ABI2,-0.6664774364570242,-0.24176985411447718,-0.45412364528575067,-0.9935923160341077,-0.5912123527528946,-0.7924023343935012,,,,,,
RAPH1,-0.5895262941922625,-0.15812192269966485,-0.3738241084459637,,,,,,,,,
PARD3B,-0.6787279838119148,-0.31017367274956814,-0.4944508282807415,-0.9955619678423067,-0.7413051107758487,-0.8684335393090776,-0.9029420655192322,-0.3562828200516364,-0.6296124427854343,,,
NRP2,,,,,,,,,,,,
INO80D,-0.639634237154684,-0.21101302964212867,-0.42532363339840634,-0.9957382818545188,-0.7278051377889926,-0.8617717098217557,-0.928911723097326,-0.27493574500736134,-0.6019237340523437,,,
NDUFS1,,,,,,,,,,,,
EEF1B2,,,,,,,,,,,,
ZDBF2,,,,,,,,,,,,
ADAM23,-0.44427075610996525,-0.05862279975535952,-0.2514467779326624,,,,,,,,,
FASTKD2,,,,-0.988367180935205,-0.29908497027876685,-0.6437260756069859,,,,,,
KLF7,,,,,,,,,,,,
CREB1,,,,,,,,,,,,
METTL21A,,,,,,,,,,,,
CCNYL1,,,,,,,,,,,,
PLEKHM3,-0.5267151192634263,-0.19674036743675014,-0.3617277433500882,-0.9903533112955663,-0.6269821638117762,-0.8086677375536713,,,,-0.7464531476370015,-0.13385808373371197,-0.44015561568535677
CRYGD,,,,,,,,,,,,
IDH1,,,,,,,,,,,,
PIKFYVE,,,,,,,,,,,,
MAP2,-0.5466658043826946,-0.23320150024768593,-0.3899336523151903,-0.9963527988901176,-0.6930466095718556,-0.8446997042309866,-0.970955601940662,-0.39617951458537953,-0.6835675582630207,-0.6206833095604879,-0.18640744861134517,-0.40354537908591653
RPE,,,,,,,,,,,,
KANSL1L,-0.46103387441034877,-0.1472366711774267,-0.30413527279388775,,,,-0.7631447697128162,-0.12496793586829423,-0.4440563527905552,,,
LANCL1,,,,,,,,,,,,
CPS1,,,,,,,,,,,,
ERBB4,-0.5565293147103513,-0.28485574533168845,-0.42069253002101986,-0.9906714232090787,-0.5138652160713997,-0.7522683196402392,,,,-0.5306209289557221,-0.0819828926187163,-0.3063019107872192
SPAG16,,,,,,,,,,,,
BARD1,-0.5860784039462583,-0.10027704393870597,-0.34317772394248214,,,,,,,,,
ATIC,,,,,,,,,,,,
FN1,-0.36487598373618824,-0.0837213069847704,-0.22429864536047933,,,,,,,,,
MREG,,,,,,,,,,,,
PECR,,,,,,,,,,,,
XRCC5,,,,,,,,,,,,
SMARCAL1,,,,,,,,,,,,
RPL37A,,,,,,,,,,,,
IGFBP2,,,,,,,,,,,,
IGFBP5,,,,,,,,,,,,
ARPC2,,,,,,,,,,,,
AAMP,,,,,,,,,,,,
PNKD,,,,,,,,,,,,
CTDSP1,,,,,,,,,,,,
USP37,,,,,,,,,,,,
CNOT9,-0.9909625238343921,-0.573617113336065,-0.7822898185852285,,,,,,,,,
ZNF142,,,,,,,,,,,,
BCS1L,,,,,,,,,,,,
RNF25,,,,,,,,,,,,
TTLL4,,,,-0.980449689629005,-0.30384518727603244,-0.6421474384525188,,,,,,
NHEJ1,,,,,,,,,,,,
CNPPD1,,,,,,,,,,,,
RETREG2,,,,,,,,,,,,
ZFAND2B,,,,,,,,,,,,
ATG9A,,,,,,,,,,,,
ANKZF1,,,,,,,,,,,,
STK16,,,,,,,,,,,,
DNPEP,,,,,,,,,,,,
GMPPA,,,,,,,,,,,,
CHPF,,,,,,,,,,,,
OBSL1,,,,,,,,,,,,
EPHA4,,,,,,,,,,,,
PAX3,-0.40833744845226183,-0.07331996233432793,-0.24082870539329487,,,,,,,,,
FARSB,,,,,,,,,,,,
ACSL3,,,,-0.9910952117690017,-0.30334748717207527,-0.6472213494705386,,,,,,
AP1S3,,,,-0.9906769313191891,-0.3508266795178384,-0.6707518054185138,,,,,,
WDFY1,,,,,,,,,,,,
MRPL44,,,,,,,,,,,,
SERPINE2,,,,,,,,,,,,
CUL3,,,,,,,,,,,,
RHBDD1,,,,,,,,,,,,
MFF,,,,,,,,,,,,
AGFG1,,,,,,,,,,,,
TRIP12,,,,,,,,,,,,
FBXO36,,,,,,,,,,,,
CAB39,,,,,,,,,,,,
ITM2C,,,,,,,,,,,,
PSMD1,,,,,,,,,,,,
ARMC9,-0.4215494657665543,-0.0663884705797971,-0.2439689681731757,,,,,,,,,
NCL,0.2372270944650212,0.37719681682947165,0.3072119556472464,,,,,,,,,
PTMA,0.3302497119712186,0.6283568723927546,0.47930329218198664,,,,,,,,,
PDE6D,,,,,,,,,,,,
COPS7B,,,,,,,,,,,,
NPPC,,,,,,,,,,,,
DIS3L2,,,,,,,,,,,,
TIGD1,,,,,,,,,,,,
EIF4E2,,,,,,,,,,,,
EFHD1,,,,,,,,,,,,
GIGYF2,,,,,,,,,,,,
ATG16L1,,,,,,,,,,,,
DGKD,,,,,,,,,,,,
USP40,,,,,,,,,,,,
HJURP,,,,,,,,,,,,
ARL4C,,,,,,,,,,,,
SH3BP4,,,,,,,,,,,,
AGAP1,-0.6964751800195766,-0.28286067842770746,-0.48966792922364205,-0.9929723662739313,-0.6563261301076573,-0.8246492481907943,-0.6918174385842523,-0.11842764317165899,-0.40512254087795563,,,
COPS8,,,,,,,,,,,,
LRRFIP1,,,,,,,,,,,,
RAMP1,,,,-0.9645493061831019,-0.10741978932827195,-0.5359845477556869,,,,,,
UBE2F,,,,,,,,,,,,
SCLY,,,,,,,,,,,,
ILKAP,,,,,,,,,,,,
HES6,,,,,,,,,,,,
PER2,,,,,,,,,,,,
TRAF3IP1,,,,,,,,,,,,
ASB1,,,,,,,,,,,,
TWIST2,,,,,,,,,,,,
HDAC4,-0.46125685303417086,-0.07276643613194839,-0.2670116445830596,-0.992794587584112,-0.4831373390869681,-0.73796596333554,,,,,,
NDUFA10,,,,,,,,,,,,
COPS9,,,,,,,,,,,,
ANKMY1,,,,,,,,,,,,
DUSP28,,,,,,,,,,,,
RNPEPL1,,,,,,,,,,,,
KIF1A,,,,,,,,,,,,
SNED1,-0.4552496153882047,-0.15307738546650684,-0.30416350042735574,-0.9910145131732228,-0.39611902420569794,-0.6935667686894603,,,,,,
MTERF4,,,,,,,,,,,,
PASK,-0.4261170076268347,-0.07133904177307228,-0.24872802469995348,,,,,,,,,
PPP1R7,,,,,,,,,,,,
ANO7,-0.255427515160066,-0.0993649843920584,-0.17739624977606222,-0.9768378860546911,-0.4302060571767243,-0.7035219716157077,,,,,,
HDLBP,,,,,,,,,,,,
SEPTIN2,,,,,,,,,,,,
FARP2,,,,,,,,,,,,
STK25,,,,,,,,,,,,
THAP4,,,,,,,,,,,,
ATG4B,,,,,,,,,,,,
DTYMK,,,,,,,,,,,,
ING5,,,,,,,,,,,,
D2HGDH,,,,,,,,,,,,
CNTN4,-0.4766638953028289,-0.17342577817179466,-0.32504483673731177,-0.981706971057738,-0.49730811746618414,-0.7395075442619611,-0.34564528145550666,-0.10424717635156436,-0.2249462289035355,-0.4445108173822518,-0.09689544746170572,-0.27070313242197874
TRNT1,,,,,,,,,,,,
CRBN,,,,,,,,,,,,
SUMF1,-0.4094121399627791,-0.16046836199467054,-0.28494025097872483,,,,-0.7187710403971761,-0.22632931171910237,-0.4725501760581392,,,
ITPR1,-0.4300664873965041,-0.10441656708755269,-0.2672415272420284,-0.9919586326354864,-0.4758952510109278,-0.7339269418232071,,,,,,
ARL8B,,,,,,,,,,,,
EDEM1,,,,,,,,,,,,
GRM7,-0.4920361755337985,-0.26958447818397013,-0.38081032685888433,-0.9982942445786681,-0.7120828732307374,-0.8551885589047028,-0.5450727708102154,-0.1711826359422838,-0.3581277033762496,-0.5003054562679142,-0.2582636870598759,-0.37928457166389506
CAV3,-0.5161199773673378,-0.2367891286479336,-0.37645455300763575,-0.988281716535843,-0.31486353003955897,-0.6515726232877009,-0.8644439800568715,-0.10039967722462716,-0.48242182864074934,,,
RAD18,-0.688925006865137,-0.21863948831657024,-0.4537822475908536,-0.9876043269852901,-0.348540653190384,-0.6680724900878371,-0.936071871861859,-0.2750510059844096,-0.6055614389231343,,,
SRGAP3,,,,-0.9713847810685858,-0.17345056050314142,-0.5724176707858636,,,,,,
THUMPD3,,,,,,,,,,,,
SETD5,-0.6659703563067959,-0.19138356363853257,-0.42867695997266425,-0.9924145968280147,-0.5785941673911729,-0.7855043821095937,-0.950350005977406,-0.3364899218878098,-0.6434199639326079,,,
MTMR14,,,,,,,,,,,,
BRPF1,,,,-0.9887928964304294,-0.38476865801936694,-0.6867807772248982,,,,,,
OGG1,,,,,,,,,,,,
CAMK1,,,,,,,,,,,,
TADA3,,,,,,,,,,,,
ARPC4,,,,,,,,,,,,
TTLL3,-0.5600586912406597,-0.08486721991013767,-0.32246295557539867,,,,,,,,,
RPUSD3,,,,,,,,,,,,
JAGN1,0.15504699379938156,0.4956833886695514,0.3253651912344665,,,,,,,,,
PRRT3,,,,,,,,,,,,
EMC3,,,,,,,,,,,,
FANCD2,-0.7620062575646026,-0.20410013202609062,-0.4830531947953466,-0.9972524104649221,-0.696959284739344,-0.847105847602133,-0.9072012133765303,-0.20794294687049888,-0.5575720801235146,,,
BRK1,,,,,,,,,,,,
VHL,,,,,,,,,,,,
TATDN2,,,,,,,,,,,,
SEC13,,,,,,,,,,,,
SLC6A11,,,,,,,,,,,,
ATG7,-0.8771025262841619,-0.3619717110314425,-0.6195371186578021,-0.9933112459387168,-0.5846533411729201,-0.7889822935558184,-0.8670615073980957,-0.25187368624530504,-0.5594675968217004,,,
VGLL4,-0.7587686942713275,-0.35608842662331514,-0.5574285604473214,-0.995434247151829,-0.7072509878546065,-0.8513426175032177,-0.8725073484608092,-0.240529859255264,-0.5565186038580366,-0.7166742874366772,-0.15974914117662029,-0.43821171430664874
TAMM41,,,,,,,,,,,,
SYN2,,,,,,,-0.6092272745872329,-0.10216787327336875,-0.3556975739303008,,,
PPARG,-0.5061865377475975,-0.11903591726770281,-0.31261122750765014,-0.9936687981127865,-0.6655261804534617,-0.8295974892831242,,,,,,
TSEN2,,,,,,,,,,,,
MKRN2OS,-0.4828510041154293,-0.16948302971624565,-0.3261670169158375,,,,,,,-0.5645788099975776,-0.08381059097041704,-0.32419470048399734
MKRN2,,,,,,,,,,,,
RAF1,,,,,,,-0.8060015867127253,-0.17925717287415097,-0.4926293797934381,,,
CAND2,,,,,,,,,,,,
RPL32,,,,,,,,,,,,
IQSEC1,-0.47755647896244247,-0.14856844613552733,-0.3130624625489849,,,,,,,,,
NUP210,,,,,,,,,,,,
CHCHD4,,,,,,,,,,,,
TMEM43,,,,,,,,,,,,
XPC,,,,,,,,,,,,
LSM3,,,,,,,,,,,,
SLC6A6,,,,,,,,,,,,
CCDC174,,,,,,,,,,,,
NR2C2,-0.7351457673695119,-0.3164284510069419,-0.5257871091882269,,,,-0.7974943360738107,-0.18813753137285388,-0.4928159337233323,-0.7778437045921132,-0.20226861085118672,-0.49005615772164995
MRPS25,,,,,,,,,,,,
RBSN,,,,,,,,,,,,
CAPN7,,,,,,,,,,,,
SH3BP5,,,,,,,,,,,,
METTL6,,,,,,,,,,,,
EAF1,,,,,,,,,,,,
HACL1,,,,,,,,,,,,
BTD,,,,,,,,,,,,
ANKRD28,-0.4999424813403887,-0.10429819049854945,-0.3021203359194691,-0.9906740796105316,-0.3601293037240552,-0.6754016916672934,-0.8369537087320956,-0.2105135984791786,-0.5237336536056372,,,
DPH3,,,,,,,,,,,,
OXNAD1,-0.5352095229886503,-0.13193619573288193,-0.33357285936076614,,,,,,,,,
RFTN1,-0.4138523609821776,-0.1154524100901111,-0.26465238553614434,,,,,,,,,
PLCL2,,,,,,,-0.7948240151324305,-0.11704726698528148,-0.455935641058856,,,
TBC1D5,-0.6564746955788063,-0.30287773044337624,-0.4796762130110913,-0.9900795991745323,-0.5729199284376365,-0.7814997638060843,-0.6332214813796806,-0.1280172591605782,-0.3806193702701294,-0.5172460371359315,-0.1399533330799357,-0.32859968510793364
SATB1,,,,,,,,,,,,
RAB5A,,,,,,,,,,,,
KAT2B,-0.5160972978104923,-0.12699881684595368,-0.321548057328223,,,,,,,,,
SGO1,,,,,,,,,,,,
ZNF385D,-0.6414642789987985,-0.3056524092463495,-0.473558344122574,-0.9948819689860777,-0.6638324724867363,-0.829357220736407,-0.4899758116526406,-0.2378455514750029,-0.3639106815638217,-0.628535192691817,-0.31062629171547246,-0.46958074220364476
UBE2E2,-0.7965134350493301,-0.34315429648964346,-0.5698338657694868,-0.9949663986640251,-0.6103595047422343,-0.8026629517031297,-0.8726169373685397,-0.2422054525138577,-0.5574111949411987,,,
UBE2E1,,,,,,,,,,,,
NKIRAS1,,,,,,,,,,,,
RPL15,,,,,,,,,,,,
NR1D2,,,,,,,,,,,,
THRB,-0.570090245832873,-0.22665000187904766,-0.3983701238559604,-0.9929630025203702,-0.6194039624489406,-0.8061834824846554,-0.7788522868950082,-0.24261897073650504,-0.5107356288157566,,,
RARB,-0.67688803015248,-0.3983359106666302,-0.5376119704095551,-0.9952173827897011,-0.7124498324270571,-0.853833607608379,-0.8889433312297018,-0.2988892241383248,-0.5939162776840133,-0.6968416971427439,-0.25414673251049724,-0.4754942148266206
TOP2B,,,,,,,,,,,,
NGLY1,,,,,,,,,,,,
OXSM,,,,,,,,,,,,
LRRC3B,-0.4798448361568754,-0.25853934216637564,-0.3691920891616255,-0.9948689099613559,-0.7029201542785569,-0.8488945321199564,-0.5203537157397231,-0.1992871610022086,-0.3598204383709659,-0.5901847267917087,-0.2504921439106713,-0.42033843535119003
NEK10,-0.33154132256468377,-0.06842540006884092,-0.19998336131676234,,,,,,,,,
SLC4A7,-0.6170254224015372,-0.23124252643779497,-0.4241339744196661,-0.9822654361224603,-0.39800380670555785,-0.690134621414009,-0.7995064784138594,-0.2394498676687168,-0.5194781730412881,,,
CMC1,,,,,,,,,,,,
AZI2,,,,,,,,,,,,
ZCWPW2,,,,-0.9892174414167865,-0.3056650913284523,-0.6474412663726195,,,,,,
RBMS3,-0.7075048617974314,-0.36494082727930516,-0.5362228445383683,-0.997004718681622,-0.7978787195626601,-0.8974417191221411,-0.9345667339493781,-0.334366695339474,-0.634466714644426,-0.9119238703155551,-0.2824205921215982,-0.5971722312185767
TGFBR2,-0.47750628739853046,-0.14179395992661073,-0.3096501236625706,,,,,,,,,
STT3B,,,,,,,-0.7629612643611506,-0.08610848322064145,-0.42453487379089605,,,
OSBPL10,-0.4793769171632371,-0.20432518813460557,-0.34185105264892135,-0.9935507863601355,-0.631570828817734,-0.8125608075889348,,,,,,
GPD1L,,,,,,,,,,,,
CMTM8,,,,,,,,,,,,
CMTM7,,,,,,,,,,,,
CMTM6,,,,,,,,,,,,
DYNC1LI1,,,,,,,,,,,,
CNOT10,-0.7243142889924326,-0.24661938978518427,-0.4854668393888084,,,,,,,,,
TRIM71,-0.6136806247340232,-0.20303480565533746,-0.40835771519468034,-0.9867221423461842,-0.5627815478878623,-0.7747518451170232,,,,-0.797859250782436,-0.14469848436114516,-0.4712788675717906
GLB1,,,,,,,,,,,,
CRTAP,,,,,,,,,,,,
SUSD5,,,,,,,,,,,,
FBXL2,-0.7321912800773981,-0.28431796054757047,-0.5082546203124843,,,,-0.960981158299677,-0.3151694049334066,-0.6380752816165418,,,
UBP1,,,,,,,,,,,,
CLASP2,-0.8627465772837547,-0.3802569175283019,-0.6215017474060283,-0.9845638983897865,-0.2855841566281518,-0.6350740275089691,-0.8261042858240624,-0.3370568667198809,-0.5815805762719717,-0.8532397206525696,-0.22459213336824396,-0.5389159270104068
PDCD6IP,,,,,,,,,,,,
STAC,-0.3492153126768993,-0.09275205177198946,-0.2209836822244444,,,,-0.6173400283386695,-0.08853011658365667,-0.35293507246116307,,,
LRRFIP2,,,,,,,,,,,,
GOLGA4,,,,,,,,,,,,
CTDSPL,,,,,,,,,,,,
ACAA1,,,,,,,,,,,,
OXSR1,,,,,,,,,,,,
XYLB,,,,,,,,,,,,
ACVR2B,,,,,,,,,,,,
EXOG,-0.6112386484278108,-0.17357651963250695,-0.3924075840301589,,,,,,,,,
SCN5A,,,,,,,,,,,,
WDR48,,,,,,,,,,,,
GORASP1,,,,,,,,,,,,
SLC25A38,,,,,,,,,,,,
RPSA,,,,,,,,,,,,
EIF1B,,,,,,,,,,,,
RPL14,,,,,,,,,,,,
ZNF620,,,,,,,,,,,,
ZNF621,-0.4731050993172274,-0.0886759135566679,-0.28089050643694763,,,,,,,,,
CTNNB1,-0.9852592933195317,-0.6571291487139005,-0.821194221016716,,,,-0.8751838543679754,-0.3446949481948304,-0.6099394012814029,-0.9593088620000828,-0.40023599527514675,-0.6797724286376148
ULK4,-0.6936729692901666,-0.33389921956699736,-0.513786094428582,-0.9980656433136573,-0.6947964300668918,-0.8464310366902745,-0.7676768698610426,-0.12153687872412153,-0.44460687429258205,-0.9074310405366418,-0.2073736963253932,-0.5574023684310175
TRAK1,,,,,,,,,,,,
SEC22C,,,,,,,,,,,,
SS18L2,,,,,,,,,,,,
NKTR,-0.8945826188463551,-0.3013710074265927,-0.5979768131364739,,,,-0.9692278799832976,-0.32962069655896814,-0.6494242882711329,,,
HIGD1A,,,,,,,,,,,,
POMGNT2,,,,,,,,,,,,
SNRK,-0.44089410935655654,-0.14303144386320688,-0.2919627766098817,,,,,,,-0.6072927257778108,-0.10609396423558608,-0.3566933450066984
ANO10,-0.5582143556434245,-0.18418701340720384,-0.3712006845253142,-0.9888405248856836,-0.3599851417443593,-0.6744128333150214,-0.797076592654866,-0.11785549056303458,-0.45746604160895027,,,
ABHD5,,,,,,,,,,,,
TCAIM,,,,,,,,,,,,
ZNF445,-0.4895115909183545,-0.10238495277170637,-0.2959482718450304,,,,,,,,,
ZNF852,,,,,,,,,,,,
ZNF197,,,,,,,,,,,,
ZNF35,,,,,,,,,,,,
KIAA1143,,,,,,,,,,,,
KIF15,,,,,,,,,,,,
TMEM42,,,,,,,,,,,,
ZDHHC3,,,,,,,,,,,,
EXOSC7,,,,,,,,,,,,
TMEM158,,,,,,,,,,,,
LARS2,,,,,,,,,,,,
LIMD1,,,,,,,,,,,,
SACM1L,,,,,,,,,,,,
LZTFL1,,,,,,,,,,,,
FYCO1,,,,,,,,,,,,
CCDC12,,,,,,,,,,,,
NBEAL2,,,,,,,,,,,,
SETD2,,,,,,,-0.7018704262435898,-0.1445547367945189,-0.42321258151905433,,,
KIF9,,,,,,,,,,,,
KLHL18,,,,,,,,,,,,
PTPN23,,,,,,,,,,,,
SCAP,,,,,,,,,,,,
ELP6,,,,,,,,,,,,
CSPG5,,,,,,,,,,,,
SMARCC1,,,,,,,,,,,,
DHX30,,,,,,,,,,,,
MAP4,-0.5727061782337084,-0.15040454030971293,-0.3615553592717107,-0.9896325851025675,-0.42104929552737186,-0.7053409403149696,-0.7289942461274522,-0.12285535215202158,-0.4259247991397369,,,
CDC25A,,,,,,,,,,,,
ZNF589,,,,,,,,,,,,
NME6,,,,,,,,,,,,
CCDC51,,,,,,,,,,,,
TMA7,,,,,,,,,,,,
ATRIP,,,,,,,,,,,,
SHISA5,,,,,,,,,,,,
UQCRC1,,,,,,,,,,,,
NCKIPSD,,,,-0.9945603265778921,-0.5268366747738562,-0.7606985006758742,,,,,,
IP6K2,-0.65064341969094,-0.1778106551141956,-0.4142270374025678,-0.9891614787221216,-0.5895291465638962,-0.7893453126430089,,,,,,
PRKAR2A,,,,,,,,,,,,
SLC25A20,,,,-0.9856132288637995,-0.34922207910626324,-0.6674176539850314,,,,,,
ARIH2,,,,,,,,,,,,
WDR6,,,,,,,,,,,,
DALRD3,,,,,,,,,,,,
NDUFAF3,,,,,,,,,,,,
IMPDH2,,,,,,,,,,,,
QRICH1,-0.6222659749971563,-0.13193117305258073,-0.3770985740248685,,,,,,,,,
QARS1,,,,,,,,,,,,
USP19,,,,,,,,,,,,
CCDC71,,,,,,,,,,,,
USP4,,,,,,,,,,,,
GPX1,,,,,,,,,,,,
RHOA,,,,,,,,,,,,
TCTA,,,,,,,,,,,,
DAG1,,,,,,,,,,,,
APEH,,,,,,,,,,,,
RNF123,,,,,,,,,,,,
GMPPB,,,,,,,,,,,,
IP6K1,,,,,,,,,,,,
TRAIP,,,,,,,,,,,,
MON1A,,,,,,,,,,,,
RBM6,-0.8156942639257412,-0.32219382902139854,-0.5689440464735699,,,,-0.8988349889039118,-0.25298281882363854,-0.5759089038637751,,,
RBM5,,,,,,,,,,,,
GNAI2,,,,,,,,,,,,
IFRD2,0.16808913032697648,0.49176588632810725,0.32992750832754186,,,,,,,,,
HYAL2,0.13357766733676493,0.43347060190107894,0.28352413461892195,,,,,,,,,
TUSC2,,,,,,,,,,,,
RASSF1,,,,,,,,,,,,
NPRL2,,,,,,,,,,,,
CYB561D2,,,,,,,,,,,,
TMEM115,,,,,,,,,,,,
HEMK1,,,,,,,,,,,,
MAPKAPK3,,,,,,,,,,,,
DOCK3,-0.5269417360811153,-0.16704028459822887,-0.34699101033967206,-0.9919198253012853,-0.46841151411133913,-0.7301656697063122,-0.8899977006914905,-0.24358583136153525,-0.5667917660265129,,,
MANF,,,,,,,,,,,,
RBM15B,,,,,,,,,,,,
DCAF1,-0.5906177492697553,-0.12555221012985432,-0.3580849796998048,,,,,,,,,
RAD54L2,,,,,,,,,,,,
TEX264,,,,,,,,,,,,
RRP9,,,,,,,,,,,,
ABHD14B,,,,,,,,,,,,
ABHD14A,,,,,,,,,,,,
ACY1,,,,,,,,,,,,
RPL29,,,,,,,,,,,,
DUSP7,,,,,,,,,,,,
POC1A,,,,,,,,,,,,
ALAS1,,,,,,,,,,,,
TWF2,,,,,,,,,,,,
WDR82,,,,,,,,,,,,
BAP1,,,,,,,,,,,,
PHF7,,,,,,,,,,,,
NISCH,,,,,,,-0.8024687964540563,-0.12730252399623648,-0.46488566022514644,,,
NT5DC2,,,,,,,,,,,,
UQCC5,,,,,,,,,,,,
PBRM1,,,,,,,,,,,,
GNL3,,,,,,,,,,,,
GLT8D1,,,,,,,,,,,,
SPCS1,,,,,,,,,,,,
NEK4,,,,,,,-0.9458556828865732,-0.20459675130012742,-0.5752262170933503,,,
STIMATE,,,,,,,,,,,,
SFMBT1,-0.885400034230153,-0.3897071410275928,-0.6375535876288729,,,,-0.8840401831582124,-0.18705879807224704,-0.5355494906152297,-0.7904478203832221,-0.13293967888137442,-0.46169374963229826
RFT1,,,,,,,,,,,,
PRKCD,,,,,,,,,,,,
TKT,,,,,,,,,,,,
DCP1A,,,,,,,,,,,,
CACNA1D,-0.5393583483128553,-0.2455013016000793,-0.39242982495646733,-0.9924721014589464,-0.7303721432174655,-0.8614221223382059,-0.6371352307737832,-0.17309089255925073,-0.40511306166651695,-0.6389179269557391,-0.19194068277431295,-0.41542930486502605
CHDH,,,,,,,,,,,,
ACTR8,,,,,,,,,,,,
SELENOK,,,,,,,,,,,,
CACNA2D3,-0.5612955305152653,-0.17446734354344942,-0.3678814370293573,-0.9889829407282573,-0.4279174389314833,-0.7084501898298703,-0.5992823007226072,-0.2612917937302329,-0.4302870472264201,,,
WNT5A,-0.3861257372148114,-0.09852157296445037,-0.24232365508963088,,,,-0.8175685753176711,-0.20855827708626196,-0.5130634262019665,,,
ERC2,-0.605496639274834,-0.2643325982341898,-0.4349146187545119,-0.9894975358993986,-0.5305137195091841,-0.7600056277042914,-0.9568843389459425,-0.3025478143430651,-0.6297160766445038,,,
CCDC66,,,,-0.9886186341826154,-0.44221229694927106,-0.7154154655659433,,,,,,
TASOR,,,,,,,,,,,,
ARHGEF3,-0.4442119546141037,-0.07619924898818481,-0.26020560180114427,,,,-0.6778998465952467,-0.1985764495384757,-0.43823814806686123,,,
APPL1,,,,,,,,,,,,
PDE12,,,,,,,,,,,,
ARF4,,,,,,,,,,,,
DENND6A,-0.5885472071568144,-0.21562264645936288,-0.40208492680808866,,,,-0.9010311455205194,-0.1772687334603419,-0.5391499394904307,,,
SLMAP,-0.5247997804351612,-0.06174336218655679,-0.29327157131085896,,,,-0.9621130948786312,-0.31533656121763043,-0.6387248280481308,,,
FLNB,,,,-0.992772323413551,-0.4933588471010784,-0.7430655852573147,,,,,,
ABHD6,,,,,,,,,,,,
PXK,,,,,,,,,,,,
PDHB,,,,,,,,,,,,
KCTD6,,,,,,,,,,,,
CFAP20DC,,,,,,,,,,,,
FHIT,-0.5920158757336875,-0.2818883453269278,-0.4369521105303077,-0.996003437176188,-0.639101267100069,-0.8175523521381285,-0.9382215013781289,-0.44042052039210466,-0.6893210108851168,,,
PTPRG,-0.9677047476739391,-0.5187874278379728,-0.7432460877559559,-0.9964068236387066,-0.7696262639855819,-0.8830165438121442,-0.9727742478369643,-0.39513194121046324,-0.6839530945237138,-0.8961041138047875,-0.38559860152828485,-0.6408513576665362
C3orf14,,,,,,,,,,,,
THOC7,,,,,,,,,,,,
ATXN7,,,,-0.9818468572702934,-0.3764335548045453,-0.6791402060374194,,,,,,
PSMD6,,,,,,,,,,,,
PRICKLE2,-0.4605842591663812,-0.12798757462886837,-0.2942859168976248,,,,,,,,,
MAGI1,-0.7061150640553495,-0.22944125209215713,-0.46777815807375334,-0.9807931758779259,-0.3660625388961494,-0.6734278573870377,-0.8026633194276565,-0.27334226439334114,-0.5380027919104988,,,
SLC25A26,,,,,,,,,,,,
LRIG1,,,,,,,,,,,,
SUCLG2,,,,,,,,,,,,
TMF1,,,,,,,,,,,,
UBA3,,,,,,,,,,,,
ARL6IP5,,,,,,,,,,,,
FRMD4B,-0.4356192960632183,-0.07491856318428675,-0.2552689296237525,-0.9896289714610136,-0.4975924264039371,-0.7436106989324753,-0.665538662478975,-0.11457549397022648,-0.39005707822460073,,,
MITF,-0.46801374992744954,-0.08327647662574018,-0.27564511327659486,,,,,,,,,
FOXP1,-0.9080910620429717,-0.40091103431295827,-0.654501048177965,-0.9938749511363373,-0.6573351169349548,-0.825605034035646,-0.8997170670953263,-0.2637916495477824,-0.5817543583215543,-0.8822652860066558,-0.27597925887391933,-0.5791222724402876
EIF4E3,,,,-0.9866983237256111,-0.3432324444098529,-0.664965384067732,,,,,,
GPR27,,,,,,,,,,,,
RYBP,,,,,,,,,,,,
SHQ1,,,,,,,,,,,,
GXYLT2,,,,,,,,,,,,
PPP4R2,,,,,,,,,,,,
PDZRN3,-0.7688821009240483,-0.4209639594945473,-0.5949230302092978,-0.9973511543594928,-0.7925401379244023,-0.8949456461419476,-0.7857535661969404,-0.3112769719353945,-0.5485152690661674,-0.869303362596765,-0.3513906451438794,-0.6103470038703223
ZNF717,-0.7791532357626323,-0.22304728413069644,-0.5011002599466644,,,,,,,,,
ROBO2,-0.8354478299121905,-0.4268249311252656,-0.631136380518728,-0.9968902590157839,-0.7621814006195972,-0.8795358298176905,-0.8195647527934123,-0.3843093341325877,-0.601937043463,-0.8076845825222531,-0.30665066363647797,-0.5571676230793655
ROBO1,-0.8405164063163412,-0.46165446185826947,-0.6510854340873053,-0.9930584733621736,-0.4778371050869939,-0.7354477892245838,-0.8626231971555784,-0.31333607009781245,-0.5879796336266955,-0.9435201571366305,-0.38115281785253735,-0.662336487494584
GBE1,,,,,,,,,,,,
CADM2,-0.6379666306207238,-0.24837197698443594,-0.44316930380257985,-0.9901434043503919,-0.5204187633309648,-0.7552810838406784,-0.5632597986628131,-0.10332420756261267,-0.33329200311271284,-0.5302871718485528,-0.15688422765471288,-0.34358569975163283
CHMP2B,,,,,,,,,,,,
CGGBP1,,,,,,,,,,,,
ZNF654,-0.6201027442722603,-0.25552166946095295,-0.4378122068666066,-0.9924614558847388,-0.5391204127152092,-0.765790934299974,-0.8631155407854396,-0.18156484278145832,-0.5223401917834489,-0.6922112422003281,-0.14098205289065877,-0.41659664754549347
C3orf38,,,,,,,,,,,,
EPHA3,-0.5736376659963456,-0.2621365787705496,-0.4178871223834476,-0.9930667793951778,-0.5354197189666275,-0.7642432491809027,-0.577775127250668,-0.16977002756854884,-0.37377257740960845,-0.6318970252716012,-0.13696295163535893,-0.3844299884534801
PROS1,-0.4238446785264552,-0.15188937700101565,-0.2878670277637354,-0.9933174786779793,-0.6070216909575796,-0.8001695848177794,,,,,,
ARL13B,,,,,,,,,,,,
DHFR2,,,,,,,,,,,,
NSUN3,,,,,,,,,,,,
EPHA6,-0.5896728259378878,-0.29809628351297335,-0.4438845547254306,-0.9973748890526235,-0.7110821876929145,-0.854228538372769,-0.6965739372039119,-0.18437846334770103,-0.4404762002758065,,,
ARL6,-0.4711922073471973,-0.07253203622943567,-0.2718621217883165,,,,,,,,,
CRYBG3,,,,-0.984313190202815,-0.2950304598001807,-0.6396718250014979,,,,,,
RIOX2,,,,,,,,,,,,
CLDND1,,,,,,,,,,,,
CPOX,,,,,,,,,,,,
ST3GAL6,,,,-0.993267911388463,-0.4571687578286818,-0.7252183346085724,,,,,,
DCBLD2,,,,,,,-0.7914937306278148,-0.15143367563588248,-0.47146370313184865,,,
CMSS1,,,,,,,,,,,,
FILIP1L,-0.868355885805136,-0.5099672509095999,-0.689161568357368,-0.9939762827309186,-0.6490535573969053,-0.821514920063912,-0.8139618758965513,-0.36362495586292154,-0.5887934158797364,-0.9065700304904507,-0.35464448671099796,-0.6306072586007243
TBC1D23,,,,-0.9857996247976909,-0.15250381867474724,-0.5691517217362191,,,,,,
NIT2,,,,,,,,,,,,
TOMM70,,,,,,,,,,,,
LNP1,,,,,,,,,,,,
TMEM45A,,,,,,,,,,,,
TFG,,,,,,,,,,,,
SENP7,-0.559945802548729,-0.1753392222982165,-0.3676425124234728,,,,,,,,,
TRMT10C,0.18485959460715914,0.524614940052494,0.3547372673298266,,,,,,,,,
PCNP,,,,,,,,,,,,
ZBTB11,,,,,,,,,,,,
RPL24,,,,,,,,,,,,
CEP97,,,,,,,,,,,,
NXPE3,,,,,,,,,,,,
ALCAM,-0.45019880812956886,-0.14130354316675253,-0.29575117564816067,,,,,,,,,
CBLB,-0.6275684993862836,-0.16385392985787367,-0.3957112146220786,-0.9873347369047212,-0.29176576385547576,-0.6395502503800985,,,,-0.6290865118319897,-0.12932001244129085,-0.3792032621366403
BBX,,,,,,,,,,,,
CD47,,,,,,,,,,,,
IFT57,,,,,,,,,,,,
CIP2A,,,,-0.9948762974240303,-0.6263888604921156,-0.810632578958073,,,,,,
DZIP3,,,,,,,,,,,,
NECTIN3,,,,,,,,,,,,
PHLDB2,,,,,,,,,,,,
ABHD10,,,,,,,,,,,,
C3orf52,,,,,,,,,,,,
ATG3,,,,,,,,,,,,
SLC35A5,,,,,,,,,,,,
CCDC80,,,,,,,,,,,,
GTPBP8,,,,,,,,,,,,
NEPRO,,,,,,,,,,,,
BOC,,,,,,,,,,,,
CFAP44,-0.4726077372822861,-0.14200429935090544,-0.30730601831659576,-0.9907324728215662,-0.4172543730341584,-0.7039934229278623,-0.7967910805845899,-0.1516721744588144,-0.47423162752170217,,,
SPICE1,-0.5485595882478874,-0.14868840114717746,-0.34862399469753247,-0.9902532593139725,-0.4763138938788989,-0.7332835765964356,,,,,,
USF3,,,,,,,,,,,,
NAA50,,,,,,,,,,,,
ATP6V1A,-0.6163852736689538,-0.1511374439723487,-0.38376135882065127,,,,,,,,,
ZDHHC23,-0.4662883618935224,-0.10691038952791983,-0.28659937571072114,,,,,,,,,
QTRT2,,,,,,,,,,,,
ZBTB20,-0.5274729113111872,-0.24823221394093412,-0.38785256262606066,-0.9907102007998402,-0.5964791431170797,-0.7935946719584599,-0.80933903668293,-0.19459065180824153,-0.5019648442455857,-0.678434918901244,-0.1711334885270255,-0.4247842037141347
LSAMP,-0.519353595478608,-0.28603956233667865,-0.4026965789076433,-0.9953139440610158,-0.6914525150774968,-0.8433832295692563,-0.5570874181524358,-0.14157920687419362,-0.3493333125133147,-0.6036358314457069,-0.22724080481761322,-0.41543831813166004
B4GALT4,,,,,,,,,,,,
TMEM39A,,,,,,,,,,,,
POGLUT1,,,,,,,,,,,,
TIMMDC1,,,,,,,,,,,,
COX17,,,,,,,,,,,,
GSK3B,,,,,,,,,,,,
LRRC58,,,,,,,,,,,,
FSTL1,,,,,,,,,,,,
NDUFB4,,,,,,,,,,,,
RABL3,,,,,,,,,,,,
GTF2E1,,,,,,,,,,,,
STXBP5L,,,,,,,,,,,,
POLQ,-0.7419300448840692,-0.2556636558494434,-0.4987968503667563,,,,-0.8079900591115438,-0.21383621267387812,-0.5109131358927109,,,
GOLGB1,-0.44786909454664425,-0.1608243163622956,-0.30434670545446996,-0.9903528376809283,-0.6699879071773615,-0.8301703724291449,,,,,,
IQCB1,,,,,,,,,,,,
EAF2,,,,,,,,,,,,
MIX23,,,,,,,,,,,,
FAM162A,,,,,,,,,,,,
KPNA1,,,,,,,,,,,,
HSPBAP1,,,,,,,,,,,,
SLC49A4,,,,,,,,,,,,
PDIA5,,,,,,,,,,,,
SEC22A,,,,-0.9939698372453943,-0.39067810941118464,-0.6923239733282895,,,,,,
HACD2,,,,,,,,,,,,
MYLK,,,,,,,,,,,,
CCDC14,,,,,,,-0.8122989102025412,-0.0813832926249687,-0.44684110141375494,,,
KALRN,-0.3862024715719331,-0.07694261145754049,-0.2315725415147368,,,,,,,,,
UMPS,,,,,,,,,,,,
ITGB5,,,,,,,,,,,,
HEG1,,,,,,,,,,,,
ZNF148,-0.6345867673514919,-0.14485109485621536,-0.38971893110385364,,,,-0.9620751387091464,-0.33486523143753383,-0.6484701850733401,,,
SNX4,,,,,,,,,,,,
OSBPL11,,,,,,,,,,,,
SLC41A3,,,,-0.9898447907072029,-0.40546699182537815,-0.6976558912662905,,,,,,
KLF15,-0.4088140644201725,-0.14885280420260735,-0.2788334343113899,-0.9928738564073403,-0.6458871969185186,-0.8193805266629295,,,,-0.4389310701381999,-0.033494302117163643,-0.23621268612768176
ZXDC,,,,,,,,,,,,
TXNRD3,,,,-0.9930550509057985,-0.500458072478992,-0.7467565616923952,,,,,,
CHCHD6,,,,,,,,,,,,
PLXNA1,-0.33330836872057085,-0.01263335106510869,-0.17297085989283978,-0.9913802322892277,-0.36443527391670233,-0.677907753102965,,,,,,
TPRA1,,,,,,,,,,,,
MCM2,,,,,,,,,,,,
PODXL2,,,,,,,,,,,,
SEC61A1,,,,,,,,,,,,
RUVBL1,,,,,,,,,,,,
EEFSEC,,,,,,,,,,,,
GATA2,,,,,,,,,,,,
RPN1,,,,,,,,,,,,
RAB7A,,,,,,,,,,,,
ACAD9,,,,,,,,,,,,
CFAP92,-0.8747173588890776,-0.31036540978553084,-0.5925413843373042,,,,,,,-0.7581586949909863,-0.18362340521408074,-0.4708910501025335
ISY1,,,,,,,,,,,,
CNBP,,,,,,,,,,,,
COPG1,,,,,,,,,,,,
HMCES,,,,,,,,,,,,
IFT122,,,,,,,,,,,,
MBD4,,,,,,,,,,,,
TMCC1,-0.612082964759272,-0.16541927966944622,-0.38875112221435915,,,,-0.8739783142863614,-0.21397350594121772,-0.5439759101137895,,,
PIK3R4,,,,,,,,,,,,
ATP2C1,-0.4125650775483252,-0.10855523594258283,-0.260560156745454,-0.9935777860946019,-0.5794748495393023,-0.7865263178169521,-0.7520675386481266,-0.1644972640457255,-0.45828240134692605,,,
ASTE1,,,,,,,,,,,,
NUDT16,,,,,,,,,,,,
MRPL3,0.30654185197662054,0.5864026155602843,0.4464722337684524,,,,,,,,,
DNAJC13,,,,,,,,,,,,
ACAD11,,,,,,,,,,,,
UBA5,,,,,,,,,,,,
NPHP3,,,,,,,,,,,,
TMEM108,-0.3487634807790751,-0.06107627189157389,-0.2049198763353245,,,,-0.6036776022732837,-0.1346351931610497,-0.3691563977171667,,,
CDV3,,,,,,,,,,,,
TOPBP1,,,,,,,,,,,,
SRPRB,,,,,,,,,,,,
RAB6B,,,,,,,,,,,,
RYK,,,,,,,,,,,,
ANAPC13,,,,,,,,,,,,
CEP63,,,,,,,,,,,,
PPP2R3A,-0.3703182358496455,-0.11321434646800686,-0.2417662911588262,,,,,,,,,
MSL2,-0.6672007061102657,-0.17472491075014582,-0.4209628084302058,-0.9879093067751428,-0.38659054098955203,-0.6872499238823474,-0.8795466200040604,-0.1678116499272623,-0.5236791349656613,,,
PCCB,,,,,,,,,,,,
STAG1,-0.7609289947306189,-0.29516312033944164,-0.5280460575350303,,,,-0.6971607692444556,-0.20854232282009177,-0.4528515460322737,,,
SLC35G2,,,,,,,,,,,,
NCK1,,,,,,,,,,,,
DZIP1L,,,,,,,,,,,,
DBR1,,,,,,,,,,,,
ARMC8,-0.5559347820974525,-0.16196783824534308,-0.3589513101713978,,,,-0.9008371582686964,-0.19059975068257448,-0.5457184544756354,,,
MRAS,,,,,,,,,,,,
CEP70,,,,,,,,,,,,
FAIM,,,,,,,,,,,,
PIK3CB,-0.66025462585127,-0.18337568223776055,-0.4218151540445153,,,,-0.8437064328388654,-0.2122351340242389,-0.5279707834315521,,,
MRPS22,,,,,,,,,,,,
COPB2,,,,,,,,,,,,
RBP1,,,,,,,,,,,,
SLC25A36,,,,,,,,,,,,
PXYLP1,,,,,,,,,,,,
ZBTB38,,,,,,,,,,,,
RASA2,-0.4149345142513105,-0.10775493670951836,-0.26134472548041443,-0.9954152807862996,-0.6297175015349386,-0.8125663911606191,,,,,,
RNF7,,,,,,,,,,,,
ATP1B3,,,,,,,,,,,,
TFDP2,,,,,,,,,,,,
GK5,,,,,,,,,,,,
XRN1,,,,,,,,,,,,
ATR,,,,,,,,,,,,
PLS1,,,,,,,,,,,,
TRPC1,-0.481108611848483,-0.08636014475045672,-0.2837343782994699,-0.9924750694948387,-0.3310072867224415,-0.6617411781086401,,,,,,
PCOLCE2,,,,-0.988410283598427,-0.5369875102726649,-0.7626988969355459,,,,,,
U2SURP,,,,,,,,,,,,
DIPK2A,-0.41765372893707386,-0.082138256758129,-0.24989599284760144,-0.9867494882829624,-0.390799783364144,-0.6887746358235531,,,,,,
PLOD2,,,,-0.9922794172264018,-0.5918887538502215,-0.7920840855383117,-0.9465866185623909,-0.20825141672565825,-0.5774190176440246,,,
PLSCR1,,,,,,,,,,,,
GYG1,,,,,,,,,,,,
HLTF,,,,,,,,,,,,
HPS3,,,,,,,,,,,,
WWTR1,,,,,,,,,,,,
COMMD2,,,,,,,,,,,,
ANKUB1,-0.48328977489178143,-0.15581832683963878,-0.3195540508657101,,,,,,,,,
RNF13,,,,,,,,,,,,
PFN2,,,,,,,,,,,,
TSC22D2,-0.6181819811495651,-0.1591430420795276,-0.38866251161454635,,,,-0.9645331027939245,-0.32257683749453436,-0.6435549701442294,,,
SERP1,,,,,,,,,,,,
EIF2A,,,,,,,,,,,,
SELENOT,,,,,,,,,,,,
SIAH2,,,,,,,,,,,,
MED12L,-0.7906426265480899,-0.4894098176746759,-0.6400262221113829,-0.9974869837830456,-0.7813544908112795,-0.8894207372971625,-0.7693541689447776,-0.27629881902666414,-0.5228264939857209,-0.8379177887897173,-0.37940941885710167,-0.6086636038234094
GPR171,-0.574636497951709,-0.20225647611327532,-0.3884464870324922,,,,,,,,,
P2RY14,-0.7800457355145143,-0.38190091436393975,-0.580973324939227,,,,-0.6756264109165317,-0.2175872283720059,-0.44660681964426885,-0.8606226541884215,-0.28540796367845483,-0.5730153089334382
MBNL1,-0.6611980204980216,-0.16805343160962022,-0.41462572605382086,,,,,,,,,
P2RY1,,,,,,,,,,,,
RAP2B,,,,,,,,,,,,
ARHGEF26,,,,,,,,,,,,
DHX36,,,,,,,,,,,,
PLCH1,-0.48272156132922805,-0.10732847189608223,-0.2950250166126551,-0.9957455248542076,-0.5781046201565239,-0.7869250725053658,-0.7888534845214163,-0.1553304073143301,-0.47209194591787323,,,
C3orf33,,,,,,,,,,,,
SLC33A1,,,,,,,,,,,,
GMPS,,,,,,,,,,,,
SSR3,,,,,,,,,,,,
TIPARP,,,,,,,,,,,,
CCNL1,,,,,,,,,,,,
SHOX2,,,,,,,,,,,,
RSRC1,-0.9802438641918562,-0.3815327368114201,-0.6808883005016382,,,,-0.9807807689790824,-0.2310178483927205,-0.6058993086859015,,,
MLF1,,,,,,,,,,,,
GFM1,,,,,,,,,,,,
LXN,-0.36415157028535927,-0.06906534730187316,-0.21660845879361623,,,,,,,,,
MFSD1,,,,,,,,,,,,
SCHIP1,,,,,,,,,,,,
IFT80,,,,,,,,,,,,
SMC4,,,,,,,,,,,,
TRIM59,,,,,,,,,,,,
KPNA4,,,,,,,,,,,,
PPM1L,-0.5788309976423999,-0.23035814793271545,-0.40459457278755767,,,,-0.60023146646703,-0.12834405678507796,-0.364287761626054,,,
NMD3,,,,,,,,,,,,
PDCD10,,,,,,,,,,,,
GOLIM4,,,,,,,,,,,,
MECOM,-0.8494484285600273,-0.4542256954529184,-0.6518370620064728,-0.9826155759758697,-0.3708885075872121,-0.6767520417815409,-0.9341828772290822,-0.3169184577602345,-0.6255506674946584,-0.8099907992434725,-0.23890818217573184,-0.5244494907096022
MYNN,,,,,,,,,,,,
LRRC34,,,,,,,,,,,,
SEC62,,,,,,,,,,,,
GPR160,-0.5278018738738599,-0.1287327342695769,-0.3282673040717184,-0.9917957600002338,-0.5451062449494205,-0.7684510024748272,,,,,,
PHC3,,,,,,,,,,,,
PRKCI,,,,,,,,,,,,
SKIL,,,,,,,,,,,,
RPL22L1,,,,,,,,,,,,
EIF5A2,,,,,,,,,,,,
TNIK,,,,,,,-0.8257250765219254,-0.17911574136198297,-0.5024204089419542,,,
PLD1,-0.3902590467363605,-0.10880185719470407,-0.2495304519655323,-0.9957910935305891,-0.6180607519276763,-0.8069259227291328,,,,-0.35889079088429676,-0.0020431014402556,-0.18046694616227618
FNDC3B,-0.5484264188502667,-0.18775349456808366,-0.36808995670917516,-0.9907676628539582,-0.5448471732098342,-0.7678074180318962,,,,,,
NCEH1,-0.5245361663759444,-0.1862346450789177,-0.35538540572743105,-0.9961882313072821,-0.5498564487894102,-0.7730223400483461,,,,-0.553649234343863,-0.11203730244312324,-0.33284326839349315
ECT2,,,,,,,,,,,,
NLGN1,-0.6262194754560241,-0.2936507822914062,-0.4599351288737151,-0.9898957928905794,-0.5478268671689199,-0.7688613300297497,-0.8379984597957589,-0.3231417470375674,-0.5805701034166632,,,
NAALADL2,-0.5675855514409854,-0.29752532844409996,-0.4325554399425427,-0.9891644955204703,-0.5825302829442676,-0.785847389232369,-0.6857965993697174,-0.15010845143418722,-0.41795252540195227,-0.7499538453756334,-0.2762013148870529,-0.5130775801313432
TBL1XR1,-0.738245726887868,-0.22953984472846087,-0.48389278580816447,-0.9856394586414742,-0.4453065698017359,-0.715473014221605,,,,,,
KCNMB2,-0.5090639638221266,-0.25534000233904464,-0.3822019830805856,-0.9938086441988658,-0.627956376338039,-0.8108825102684525,,,,-0.5217944848976581,-0.11654078248904907,-0.3191676336933536
ZMAT3,-0.3561557893577863,-0.05205559396476898,-0.20410569166127765,,,,,,,,,
PIK3CA,,,,,,,,,,,,
ZNF639,,,,,,,,,,,,
MFN1,,,,,,,,,,,,
GNB4,,,,,,,,,,,,
ACTL6A,,,,,,,,,,,,
MRPL47,0.1268112819777955,0.4313752610186035,0.2790932714981995,,,,,,,,,
NDUFB5,,,,,,,,,,,,
USP13,,,,,,,,,,,,
TTC14,,,,,,,,,,,,
FXR1,,,,,,,,,,,,
DNAJC19,,,,,,,,,,,,
SOX2,,,,-0.9875123419523031,-0.43161176991041406,-0.7095620559313586,,,,,,
ATP11B,,,,,,,,,,,,
DCUN1D1,-0.9011725957395175,-0.3057714260331066,-0.6034720108863121,,,,-0.9581150854262102,-0.25813465017817855,-0.6081248678021943,,,
MCCC1,,,,,,,,,,,,
MCF2L2,-0.36001094487893326,-0.10957832146333167,-0.23479463317113247,-0.9874824170307912,-0.2733750513820744,-0.6304287342064328,-0.6331910035994515,-0.07011487456832984,-0.35165293908389067,,,
B3GNT5,,,,,,,,,,,,
KLHL24,,,,,,,,,,,,
YEATS2,,,,,,,-0.7783704521367651,-0.10051540943621015,-0.43944293078648766,,,
PARL,,,,,,,,,,,,
ABCC5,,,,,,,,,,,,
EIF2B5,,,,,,,,,,,,
DVL3,,,,,,,,,,,,
AP2M1,,,,,,,,,,,,
ABCF3,,,,,,,,,,,,
ALG3,,,,,,,,,,,,
EEF1AKMT4,0.09854864141466964,0.3966521392859272,0.2476003903502984,,,,,,,,,
PSMD2,,,,,,,,,,,,
EIF4G1,,,,,,,,,,,,
POLR2H,,,,,,,,,,,,
MAGEF1,,,,,,,,,,,,
VPS8,-0.6085057063527224,-0.12620728457012884,-0.3673564954614256,,,,,,,,,
EHHADH,,,,,,,,,,,,
MAP3K13,,,,,,,,,,,,
TMEM41A,,,,,,,,,,,,
SENP2,,,,,,,,,,,,
IGF2BP2,,,,,,,,,,,,
TRA2B,,,,,,,,,,,,
TBCCD1,,,,,,,,,,,,
DNAJB11,,,,,,,,,,,,
EIF4A2,,,,,,,,,,,,
RFC4,,,,,,,,,,,,
ST6GAL1,-0.3867540077268032,-0.06642148466966363,-0.2265877461982334,,,,,,,,,
RPL39L,,,,,,,,,,,,
LPP,-0.9262067961729649,-0.5013450800471899,-0.7137759381100774,-0.9971447140497204,-0.7713358868849733,-0.8842403004673469,-0.9691214028946507,-0.39588496957856967,-0.6825031862366102,-0.7884294027810029,-0.3474672760276362,-0.5679483394043195
P3H2,,,,,,,,,,,,
CCDC50,,,,,,,,,,,,
FGF12,-0.4401779336282357,-0.2148879562686529,-0.3275329449484443,-0.9916608698375524,-0.5486876463123532,-0.7701742580749529,-0.584912830890037,-0.09367191738601566,-0.3392923741380263,-0.4971276846392235,-0.11627169303136446,-0.30669968883529397
MB21D2,-0.4843630360846695,-0.12934576512575038,-0.30685440060520996,,,,,,,,,
PLAAT1,,,,,,,,,,,,
OPA1,,,,,,,,,,,,
HES1,,,,,,,,,,,,
ATP13A3,-0.9156348148317852,-0.3343706011943052,-0.6250027080130451,,,,-0.9392063462767724,-0.2799809885939065,-0.6095936674353395,,,
LSG1,,,,,,,,,,,,
XXYLT1,,,,,,,-0.6687324077051742,-0.089962820224995,-0.3793476139650846,,,
ACAP2,,,,,,,,,,,,
PPP1R2,,,,,,,,,,,,
TNK2,-0.3788648880200244,-0.09896185075399,-0.2389133693870072,-0.9865532487696664,-0.30637878816511177,-0.6464660184673892,,,,,,
TFRC,,,,-0.9841371003624179,-0.2461042259337094,-0.6151206631480637,,,,,,
PCYT1A,,,,,,,,,,,,
DYNLT2B,,,,,,,,,,,,
UBXN7,,,,,,,,,,,,
RNF168,,,,,,,,,,,,
WDR53,,,,,,,,,,,,
FBXO45,,,,,,,,,,,,
PIGX,,,,-0.9945268575971256,-0.5207679230582342,-0.7576473903276799,,,,,,
CEP19,,,,,,,,,,,,
PAK2,,,,,,,,,,,,
SENP5,-0.8451426834406458,-0.22454205948285938,-0.5348423714617526,,,,-0.9346900229162334,-0.27972603209012437,-0.6072080275031788,,,
NCBP2,,,,,,,,,,,,
NCBP2AS2,,,,,,,,,,,,
MELTF,,,,,,,,,,,,
DLG1,-0.7183103981586845,-0.244587743168633,-0.4814490706636587,,,,-0.895965001763182,-0.21646598150246157,-0.5562154916328218,,,
RUBCN,,,,,,,,,,,,
FYTTD1,,,,,,,,,,,,
LRCH3,-0.5948007183521761,-0.1302036732137452,-0.3625021957829606,-0.9845440703984113,-0.2316074442319525,-0.6080757573151819,-0.9135893323793779,-0.19967054342697954,-0.5566299379031787,,,
IQCG,-0.581298002756706,-0.13049648909432732,-0.35589724592551664,,,,-0.9190700151491219,-0.18226067849974423,-0.550665346824433,,,
RPL35A,,,,,,,,,,,,
LMLN,,,,,,,,,,,,
ZNF721,,,,,,,,,,,,
PIGG,,,,,,,,,,,,
ATP5ME,,,,,,,,,,,,
MYL5,,,,,,,,,,,,
PCGF3,,,,,,,,,,,,
GAK,,,,,,,,,,,,
TMEM175,,,,,,,,,,,,
FGFRL1,,,,,,,,,,,,
CTBP1,,,,,,,,,,,,
MAEA,,,,,,,,,,,,
UVSSA,,,,,,,,,,,,
SLBP,,,,,,,,,,,,
TACC3,,,,,,,,,,,,
TMEM129,,,,,,,,,,,,
FGFR3,,,,,,,,,,,,
LETM1,,,,,,,,,,,,
NSD2,-0.709648372342546,-0.28189349697769395,-0.49577093466011996,,,,,,,,,
NELFA,,,,,,,,,,,,
C4orf48,,,,,,,,,,,,
NAT8L,,,,,,,,,,,,
POLN,,,,,,,,,,,,
HAUS3,,,,,,,,,,,,
MXD4,,,,,,,,,,,,
ZFYVE28,,,,,,,,,,,,
RNF4,,,,,,,,,,,,
FAM193A,,,,-0.9932813622087553,-0.5607098937501135,-0.7769956279794343,,,,,,
TNIP2,,,,,,,,,,,,
ADD1,,,,,,,,,,,,
MFSD10,,,,,,,,,,,,
NOP14,0.13146589792352137,0.4030645797933218,0.26726523885842157,,,,,,,,,
GRK4,,,,,,,,,,,,
HTT,,,,,,,,,,,,
RGS12,,,,,,,,,,,,
LRPAP1,,,,,,,,,,,,
ADRA2C,,,,,,,,,,,,
TMEM128,,,,,,,,,,,,
LYAR,,,,,,,,,,,,
STX18,-0.3620929212304946,-0.061835571706278646,-0.2119642464683866,-0.9943777796321688,-0.7244407378273088,-0.8594092587297388,,,,,,
MSX1,,,,-0.9861352324484235,-0.47786210651966804,-0.7319986694840458,,,,,,
EVC,,,,-0.989490930704711,-0.26176832202447214,-0.6256296263645915,,,,,,
MAN2B2,,,,,,,,,,,,
MRFAP1,,,,,,,,,,,,
ENSG00000170846,,,,,,,,,,,,
MRFAP1L1,,,,,,,,,,,,
BLOC1S4,,,,,,,,,,,,
KIAA0232,,,,,,,,,,,,
TBC1D14,,,,-0.9898544000842753,-0.506235649476658,-0.7480450247804666,,,,,,
TADA2B,,,,,,,,,,,,
GRPEL1,,,,,,,,,,,,
SORCS2,-0.28197511202842834,-0.16086016055646835,-0.22141763629244834,-0.97684580730357,-0.41978798661475586,-0.6983168969591629,-0.6989281287973601,-0.1806821863947285,-0.4398051575960443,-0.31235605686518814,-0.15073637072936955,-0.23154621379727885
AFAP1,,,,-0.9906210475505186,-0.3068828177530081,-0.6487519326517633,,,,,,
ACOX3,,,,,,,,,,,,
TRMT44,,,,,,,,,,,,
HMX1,,,,,,,,,,,,
WDR1,,,,,,,,,,,,
ZNF518B,,,,,,,,,,,,
RAB28,,,,,,,,,,,,
BOD1L1,,,,,,,,,,,,
CPEB2,,,,,,,-0.6169218144028514,-0.02967573642665408,-0.32329877541475277,,,
CC2D2A,,,,,,,,,,,,
FBXL5,-0.5849957780840264,-0.12343570844223267,-0.35421574326312955,,,,,,,,,
FAM200B,,,,,,,,,,,,
TAPT1,,,,-0.9886355020795718,-0.35544667549129716,-0.6720410887854344,,,,,,
QDPR,,,,,,,,,,,,
LAP3,,,,,,,,,,,,
MED28,,,,,,,,,,,,
FAM184B,-0.5110427297382403,-0.28701207790421407,-0.39902740382122714,-0.9913092113196773,-0.6354875601171456,-0.8133983857184115,-0.5300539090236746,-0.26010948921848553,-0.39508169912108004,-0.6730320853660572,-0.26262451044325497,-0.4678282979046561
DCAF16,,,,,,,,,,,,
NCAPG,,,,,,,,,,,,
LCORL,-0.5087210690244753,-0.1421240270956148,-0.32542254806004506,-0.9935627269474997,-0.561451702995767,-0.7775072149716333,,,,,,
SLIT2,-0.526684640987096,-0.2610022335617001,-0.3938434372743981,,,,,,,-0.5808129107213297,-0.22126089438392996,-0.4010369025526298
PACRGL,,,,,,,,,,,,
ADGRA3,,,,-0.9948567956503787,-0.46372718434266413,-0.7292919899965213,,,,,,
GBA3,-0.5194637523892978,-0.1691431269827881,-0.34430343968604293,,,,,,,-0.5705891329316175,-0.10551894489443679,-0.33805403891302716
DHX15,,,,,,,,,,,,
SEPSECS,,,,,,,,,,,,
PI4K2B,,,,,,,,,,,,
ZCCHC4,,,,,,,,,,,,
ANAPC4,,,,,,,,,,,,
SEL1L3,-0.4836228676381368,-0.14591947678591471,-0.3147711722120258,,,,-0.7527946674387866,-0.13363563389409897,-0.4432151506664428,,,
SMIM20,,,,,,,,,,,,
RBPJ,,,,,,,,,,,,
TBC1D19,-0.32587190291597595,-0.0951647718461478,-0.21051833738106188,,,,,,,,,
STIM2,-0.6372826122914343,-0.18253061507492824,-0.40990661368318126,,,,,,,,,
PCDH7,-0.4764361397243821,-0.14566829079776422,-0.3110522152610732,-0.9772340599494673,-0.37382142774030197,-0.6755277438448847,,,,,,
ARAP2,,,,,,,,,,,,
RELL1,-0.5333361426093429,-0.11489437877214387,-0.32411526069074337,,,,,,,,,
PGM2,,,,,,,,,,,,
TBC1D1,-0.5241279762164247,-0.11343524774827346,-0.3187816119823491,,,,,,,,,
KLF3,,,,,,,,,,,,
FAM114A1,-0.5074487581007185,-0.09163104914070898,-0.29953990362071375,,,,,,,,,
KLHL5,,,,,,,,,,,,
WDR19,,,,,,,,,,,,
RFC1,,,,,,,,,,,,
RPL9,,,,,,,,,,,,
LIAS,,,,,,,,,,,,
UGDH,,,,,,,,,,,,
SMIM14,,,,,,,,,,,,
UBE2K,,,,,,,,,,,,
PDS5A,,,,-0.9737837064284453,-0.253665975887182,-0.6137248411578136,,,,,,
N4BP2,,,,,,,,,,,,
RBM47,-0.4213883671710424,-0.13001676118651204,-0.2757025641787772,,,,,,,,,
APBB2,-0.8694601700559997,-0.32930274704492707,-0.5993814585504634,,,,,,,-0.7351859093201244,-0.13530155556977955,-0.43524373244495196
UCHL1,0.07111684911133953,0.378587035279335,0.22485194219533727,,,,,,,,,
LIMCH1,-0.663778769385804,-0.33264216789127277,-0.4982104686385384,-0.9938796007287914,-0.7644115017621218,-0.8791455512454567,-0.6560306571016428,-0.2953481199140673,-0.475689388507855,-0.711503560761724,-0.2878354597324193,-0.4996695102470717
TMEM33,-0.9647493748341748,-0.34309365999054087,-0.6539215174123578,,,,-0.9681724885569277,-0.2546061993533487,-0.6113893439551382,,,
SLC30A9,,,,,,,,,,,,
BEND4,,,,,,,,,,,,
ATP8A1,-0.6715976985861225,-0.255502137847954,-0.4635499182170383,,,,-0.973772814279161,-0.30265454438132056,-0.6382136793302408,,,
KCTD8,-0.2650870643679178,-0.05683917323434062,-0.1609631188011292,-0.9916769665202546,-0.5137005901572762,-0.7526887783387655,,,,,,
GUF1,,,,,,,,,,,,
GNPDA2,,,,,,,,,,,,
COMMD8,,,,,,,,,,,,
ATP10D,,,,,,,,,,,,
NFXL1,,,,,,,,,,,,
NIPAL1,,,,,,,,,,,,
TXK,,,,,,,,,,,,
TEC,,,,,,,,,,,,
SLAIN2,,,,,,,,,,,,
FRYL,-0.6430660058025734,-0.1884280368290484,-0.4157470213158109,-0.9899513134909368,-0.4562991557179181,-0.7231252346044275,,,,-0.7582189646671585,-0.17512065190599096,-0.4666698082865748
OCIAD1,,,,,,,,,,,,
DCUN1D4,-0.5652645152996769,-0.10448415673328489,-0.3348743360164809,,,,-0.9457728930096029,-0.15087110764114758,-0.5483220003253753,,,
SGCB,,,,,,,,,,,,
USP46,,,,,,,,,,,,
SCFD2,-0.3865304962413351,-0.14529892437580041,-0.2659147103085678,-0.9888869634133037,-0.4655101927495517,-0.7271985780814277,-0.6207339128326191,-0.14020502130443213,-0.38046946706852564,,,
FIP1L1,,,,,,,,,,,,
CHIC2,,,,,,,,,,,,
SRD5A3,,,,,,,,,,,,
TMEM165,,,,,,,,,,,,
CLOCK,,,,,,,,,,,,
NMU,,,,,,,,,,,,
EXOC1,,,,,,,,,,,,
CEP135,,,,,,,,,,,,
CRACD,-0.4312865946622803,-0.12141716645560527,-0.2763518805589428,-0.9933034687202325,-0.4108697501090462,-0.7020866094146393,,,,,,
AASDH,,,,,,,,,,,,
PPAT,,,,,,,,,,,,
PAICS,,,,,,,,,,,,
SRP72,,,,,,,,,,,,
HOPX,,,,,,,,,,,,
REST,,,,,,,,,,,,
NOA1,,,,,,,,,,,,
POLR2B,,,,,,,,,,,,
ADGRL3,-0.33192863324650757,-0.18115557473882224,-0.2565421039926649,-0.9698774482174563,-0.4661720590426607,-0.7180247536300585,-0.9316892344279887,-0.3607320596642526,-0.6462106470461206,-0.46000823133891783,-0.1914904729128751,-0.32574935212589645
EPHA5,-0.5612975945424302,-0.21097055473819823,-0.38613407464031424,-0.9948738814241395,-0.6292686845585701,-0.8120712829913548,-0.7528118893607404,-0.18109033354329968,-0.46695111145202006,,,
CENPC,,,,,,,,,,,,
UBA6,,,,,,,,,,,,
YTHDC1,,,,,,,,,,,,
UTP3,,,,,,,,,,,,
RUFY3,-0.6528731067733908,-0.14345913379829042,-0.39816612028584064,,,,,,,,,
GRSF1,,,,,,,,,,,,
MOB1B,-0.48611770415567584,-0.10287940763792754,-0.2944985558968017,-0.995931728848729,-0.48294154377438187,-0.7394366363115554,-0.7614771271270345,-0.12588053384693765,-0.4436788304869861,,,
DCK,,,,,,,,,,,,
SLC4A4,-0.3736895351737152,-0.11631012843377414,-0.24499983180374468,-0.978529686987833,-0.24253604994422384,-0.6105328684660285,,,,,,
ADAMTS3,-0.45226690072284575,-0.15069334411204335,-0.30148012241744454,,,,,,,,,
COX18,,,,,,,,,,,,
ANKRD17,-0.6209562817218884,-0.19635679453671695,-0.4086565381293027,-0.9812813814217399,-0.320283100539566,-0.650782240980653,-0.8317484145621133,-0.20568014105695248,-0.5187142778095329,,,
MTHFD2L,,,,,,,,,,,,
RCHY1,,,,,,,,,,,,
THAP6,,,,,,,,,,,,
CDKL2,,,,,,,,,,,,
G3BP2,,,,,,,,,,,,
USO1,,,,,,,,,,,,
NAAA,,,,,,,,,,,,
SDAD1,,,,,,,,,,,,
NUP54,,,,,,,,,,,,
SCARB2,,,,,,,,,,,,
SHROOM3,,,,,,,,,,,,
SEPTIN11,,,,,,,,,,,,
CCNI,,,,,,,,,,,,
CCNG2,,,,,,,,,,,,
CNOT6L,-0.47420368624675846,-0.09279159979969727,-0.2834976430232279,,,,-0.8980349402340632,-0.2213051293557826,-0.5596700347949228,,,
MRPL1,,,,,,,,,,,,
FRAS1,-0.47815210184503565,-0.13374219629096082,-0.30594714906799825,,,,,,,,,
BMP2K,-0.44687304519162435,-0.1201802436964653,-0.28352664444404485,,,,-0.8913456044938692,-0.16716841199999694,-0.5292570082469331,,,
PAQR3,,,,,,,,,,,,
ANTXR2,,,,-0.9901618907688791,-0.5061389418109228,-0.7481504162899009,,,,,,
RASGEF1B,-0.5723457006455221,-0.3554560303206759,-0.46390086548309906,-0.9972868607535781,-0.7724791235039314,-0.8848829921287548,-0.8425464402606764,-0.322616112762252,-0.5825812765114642,-0.7421048688973646,-0.37045402049989873,-0.5562794446986317
HNRNPD,,,,,,,,,,,,
HNRNPDL,0.3308646257181043,0.5643949383674356,0.44762978204276993,,,,,,,,,
ENOPH1,,,,,,,,,,,,
TMEM150C,,,,,,,,,,,,
SCD5,-0.3794817046536587,-0.09500996990010374,-0.23724583727688123,,,,,,,,,
SEC31A,,,,,,,,,,,,
THAP9,,,,,,,,,,,,
LIN54,-0.3806655718649752,-0.08436815738603148,-0.23251686462550333,,,,,,,,,
COPS4,,,,,,,,,,,,
COQ2,,,,,,,,,,,,
HELQ,,,,,,,,,,,,
MRPS18C,,,,,,,,,,,,
ABRAXAS1,-0.5415359811174342,-0.32278967757359406,-0.4321628293455141,-0.9955713511602549,-0.6951583842374326,-0.8453648676988437,-0.7736855913305979,-0.26370271503078296,-0.5186941531806905,-0.7150983835791056,-0.33641017094060355,-0.5257542772598546
GPAT3,-0.515427023636322,-0.27007057959630226,-0.3927488016163121,-0.9960871872241209,-0.7142691830328487,-0.8551781851284848,-0.778485226823075,-0.20783969393546312,-0.49316246037926903,-0.49490594088196155,-0.17025299826274334,-0.33257946957235246
CDS1,,,,,,,,,,,,
WDFY3,-0.4672896910956673,-0.17018385336773653,-0.31873677223170194,-0.9951180096980631,-0.6021712614444653,-0.7986446355712642,-0.7126573892105612,-0.16315797907977067,-0.43790768414516595,,,
ARHGAP24,-0.49604115021998924,-0.19498244899500156,-0.3455117996074954,-0.9907528759920142,-0.42816398023221325,-0.7094584281121137,-0.7145849648525013,-0.14086990692881168,-0.42772743589065654,,,
MAPK10,-0.5119589724478706,-0.2033042750774725,-0.35763162376267155,-0.9941760898932522,-0.5360469758102115,-0.765111532851732,,,,-0.6337784477673125,-0.2845233941129418,-0.45915092094012716
PTPN13,,,,,,,,,,,,
AFF1,-0.8861630463981173,-0.38398486334781967,-0.6350739548729685,-0.9964512446619623,-0.7908350307066967,-0.8936431376843295,-0.862770288670877,-0.3249018129527545,-0.5938360508118158,-0.9291037850796814,-0.27640420317424313,-0.6027539941269623
KLHL8,,,,,,,,,,,,
HSD17B11,,,,,,,,,,,,
NUDT9,,,,,,,,,,,,
PKD2,,,,,,,,,,,,
PPM1K,,,,,,,,,,,,
HERC5,,,,,,,,,,,,
HERC3,,,,,,,-0.5833415420879557,-0.10942656435356553,-0.34638405322076066,,,
FAM13A,-0.596179837626164,-0.22273590362717552,-0.4094578706266698,-0.9946207132953343,-0.6743810458529981,-0.8345008795741662,-0.8566633506981776,-0.16694220921512748,-0.5118027799566525,,,
GPRIN3,,,,,,,,,,,,
SNCA,,,,,,,,,,,,
CCSER1,-0.5646179296047737,-0.2338017400759695,-0.39920983484037165,,,,-0.8603054885184388,-0.26551999579684604,-0.5629127421576424,,,
GRID2,-0.5256161873556401,-0.2660464927546813,-0.3958313400551607,-0.9955305718010576,-0.7364993797478527,-0.8660149757744552,,,,-0.5065662424580083,-0.20416986772233967,-0.355368055090174
SMARCAD1,,,,,,,,,,,,
PDLIM5,-0.39817302077597616,-0.021489463127283503,-0.20983124195162983,,,,-0.8526381437679732,-0.17175946528423014,-0.5121988045261017,,,
BMPR1B,-0.8102634130007089,-0.4042808514764626,-0.6072721322385858,-0.9902010884681358,-0.5258596679984346,-0.7580303782332852,-0.864069655639889,-0.19353563633517487,-0.5288026459875319,-0.9364985178151124,-0.31836258055546346,-0.627430549185288
UNC5C,-0.3692291347954273,-0.11710793557423135,-0.24316853518482934,-0.9926557919791738,-0.497042818061095,-0.7448493050201344,,,,,,
STPG2,-0.5640533081869709,-0.2330773400593372,-0.39856532412315404,-0.9942454250009594,-0.7124364800414675,-0.8533409525212134,-0.5336119663151249,-0.11255172140761775,-0.3230818438613713,-0.4099333688927457,-0.15347362689274288,-0.2817034978927443
RAP1GDS1,,,,,,,,,,,,
TSPAN5,-0.6004628565833775,-0.10929021433770791,-0.3548765354605427,,,,,,,,,
EIF4E,,,,,,,,,,,,
METAP1,,,,,,,,,,,,
ADH5,,,,,,,,,,,,
TRMT10A,,,,,,,,,,,,
LAMTOR3,,,,,,,,,,,,
DNAJB14,,,,,,,,,,,,
PPP3CA,-0.9945056473664271,-0.6960535357209062,-0.8452795915436666,,,,-0.9852245041835496,-0.4254235855364921,-0.7053240448600209,-0.9639531429740715,-0.22786435934352847,-0.5959087511588
SLC39A8,,,,,,,,,,,,
NFKB1,,,,,,,,,,,,
MANBA,-0.3858860486260686,-0.1160717222688921,-0.25097888544748037,,,,,,,,,
UBE2D3,,,,,,,,,,,,
CISD2,,,,,,,,,,,,
SLC9B2,,,,,,,,,,,,
BDH2,,,,,,,,,,,,
CENPE,,,,,,,,,,,,
CXXC4,,,,,,,,,,,,
TET2,,,,,,,,,,,,
PPA2,,,,,,,,,,,,
INTS12,,,,,,,,,,,,
GSTCD,-0.5963489275537,-0.19903646109404108,-0.3976926943238705,,,,,,,,,
TBCK,-0.34512872686882495,-0.11134757395833733,-0.22823815041358114,-0.9897932623698035,-0.39058036545374214,-0.6901868139117728,,,,,,
AIMP1,,,,,,,,,,,,
PAPSS1,,,,,,,,,,,,
SGMS2,,,,,,,,,,,,
HADH,,,,,,,,,,,,
LEF1,,,,,,,,,,,,
RPL34,,,,,,,,,,,,
OSTC,,,,,,,,,,,,
COL25A1,-0.5466657855846416,-0.2570021434215187,-0.4018339645030802,-0.9957731143937479,-0.7002007578253345,-0.8479869361095412,,,,,,
SEC24B,,,,,,,,,,,,
MCUB,,,,,,,,,,,,
CASP6,,,,,,,,,,,,
PLA2G12A,,,,,,,,,,,,
GAR1,0.1796851828985867,0.4836975021198868,0.33169134250923676,,,,,,,,,
ELOVL6,,,,,,,-0.761086927298972,-0.11144909686451597,-0.436268012081744,,,
ENPEP,-0.3926737756905056,-0.08762590115253319,-0.24014983842151938,,,,,,,-0.517575052360434,-0.13749438085599466,-0.3275347166082143
PITX2,,,,,,,,,,,,
FAM241A,,,,,,,,,,,,
AP1AR,,,,,,,,,,,,
TIFA,,,,,,,,,,,,
ALPK1,,,,,,,,,,,,
ZGRF1,-0.4588363297588171,-0.09513958617224787,-0.2769879579655325,,,,,,,,,
LARP7,,,,,,,,,,,,
ANK2,-0.8752183543142587,-0.42623327697210567,-0.6507258156431821,-0.9962073195847742,-0.5773900597260919,-0.7867986896554331,-0.8688991020914644,-0.34129274445444036,-0.6050959232729524,-0.7521851600494913,-0.2316014050065047,-0.491893282527998
CAMK2D,-0.6148683560294533,-0.20069054981432313,-0.4077794529218882,,,,-0.9202731426704452,-0.20191381033102287,-0.561093476500734,,,
ARSJ,,,,,,,,,,,,
UGT8,,,,,,,,,,,,
METTL14,,,,,,,,,,,,
SEC24D,,,,,,,,,,,,
USP53,,,,,,,,,,,,
C4orf3,,,,,,,,,,,,
PDE5A,-0.4468521908796948,-0.16620142293428034,-0.3065268069069876,,,,,,,-0.5025959335321679,-0.09377623999118222,-0.2981860867616751
MAD2L1,0.22934581870655435,0.5828680524032156,0.406106935554885,,,,,,,,,
PRDM5,,,,,,,,,,,,
QRFPR,,,,,,,,,,,,
ANXA5,,,,,,,,,,,,
EXOSC9,,,,,,,,,,,,
CCNA2,0.1354917763396507,0.41439381510991097,0.27494279572478086,,,,,,,,,
BBS7,,,,,,,,,,,,
TRPC3,-0.49812367611518404,-0.2673648500125135,-0.3827442630638488,-0.9902896592188761,-0.6089679858348713,-0.7996288225268737,-0.41901893446681604,-0.10389431439557095,-0.2614566244311935,-0.767364881886326,-0.2717682121908412,-0.5195665470385836
BLTP1,-0.4923542013934188,-0.16281661656950153,-0.32758540898146016,,,,,,,,,
FGF2,,,,,,,,,,,,
NUDT6,,,,,,,,,,,,
SPATA5,-0.5646598122110013,-0.19599131909121287,-0.3803255656511071,,,,,,,,,
SPRY1,,,,,,,,,,,,
ANKRD50,,,,,,,,,,,,
INTU,,,,,,,,,,,,
HSPA4L,,,,,,,,,,,,
PLK4,,,,,,,,,,,,
MFSD8,,,,,,,,,,,,
ABHD18,-0.6666995688994207,-0.21720507405851733,-0.441952321478969,-0.9850118294748573,-0.45912243825334154,-0.7220671338640994,,,,,,
LARP1B,,,,-0.9942313716288738,-0.4087637690374043,-0.701497570333139,,,,,,
PGRMC2,,,,,,,,,,,,
JADE1,,,,,,,,,,,,
SCLT1,,,,-0.9950119042705238,-0.553969975245613,-0.7744909397580684,,,,,,
C4orf33,,,,,,,,,,,,
PCDH10,-0.41108559818874413,-0.0735892103455894,-0.24233740426716677,,,,-0.5463491419130349,-0.03422697341509689,-0.29028805766406585,,,
SLC7A11,-0.2841015461205394,-0.08459819461729237,-0.18434987036891587,-0.9881466579475303,-0.26153680650913774,-0.6248417322283341,,,,,,
NOCT,-0.4609921933957818,-0.11158190608367682,-0.2862870497397293,,,,,,,,,
ELF2,-0.7605810228683146,-0.21985363779152853,-0.4902173303299216,,,,,,,,,
MGARP,,,,,,,,,,,,
NDUFC1,,,,,,,,,,,,
NAA15,,,,,,,,,,,,
RAB33B,,,,,,,,,,,,
SETD7,,,,-0.9905210333558314,-0.4289831000154097,-0.7097520666856205,,,,,,
MGST2,,,,,,,,,,,,
MAML3,-0.5214402500929403,-0.1652364062940949,-0.34333832819351756,,,,,,,,,
SCOC,,,,,,,,,,,,
CLGN,,,,,,,,,,,,
ELMOD2,,,,,,,,,,,,
TBC1D9,-0.5031497071179953,-0.16122819977322408,-0.3321889534456097,,,,-0.6794860959449338,-0.15850165985744233,-0.4189938779011881,,,
RNF150,-0.3840736685699002,-0.11534561440320372,-0.24970964148655198,,,,,,,,,
ZNF330,,,,,,,,,,,,
USP38,,,,,,,,,,,,
GAB1,-0.4060729407132475,-0.07347747261217981,-0.23977520666271365,-0.994309709241518,-0.2945109590141145,-0.6444103341278162,,,,,,
SMARCA5,,,,,,,,,,,,
HHIP,-0.4915463357607941,-0.22478636709556687,-0.3581663514281805,-0.9949195475216082,-0.6597738819686421,-0.8273467147451251,-0.4033935982153793,-0.0687127560767226,-0.23605317714605095,-0.6486252083804948,-0.20271319542044047,-0.42566920190046764
ANAPC10,,,,,,,,,,,,
ABCE1,,,,,,,,,,,,
OTUD4,,,,,,,,,,,,
SMAD1,,,,,,,,,,,,
ZNF827,-0.6003607781584722,-0.13651040984202473,-0.3684355940002485,,,,,,,,,
LSM6,,,,,,,,,,,,
SLC10A7,-0.43510863728668897,-0.10861293849016036,-0.27186078788842466,-0.9885232888354449,-0.22597305541506413,-0.6072481721252545,,,,,,
EDNRA,,,,,,,,,,,,
TMEM184C,,,,,,,,,,,,
PRMT9,,,,,,,,,,,,
ARHGAP10,,,,,,,,,,,,
NR3C2,-0.6276861173495051,-0.26501500709143266,-0.44635056222046887,,,,,,,-0.5377030073519056,-0.1235530397358483,-0.33062802354387694
DCLK2,-0.3759077124433048,-0.10798619832554415,-0.24194695538442446,,,,,,,,,
LRBA,-0.868428809707752,-0.35412467401187137,-0.6112767418598117,-0.990895656657619,-0.5682667426586632,-0.7795811996581411,-0.8918877552347929,-0.28144523347487277,-0.5866664943548329,,,
RPS3A,,,,,,,,,,,,
SH3D19,-0.6993218363064506,-0.22314464041477783,-0.46123323836061425,,,,,,,,,
FHIP1A,-0.5270002168877931,-0.13134155026338296,-0.329170883575588,-0.9927378265648812,-0.5450930852672453,-0.7689154559160633,,,,,,
GATB,,,,-0.9879920951679845,-0.27718271082918244,-0.6325874029985834,,,,,,
FBXW7,-0.5258344520437904,-0.13107770995908546,-0.32845608100143797,-0.9886477369346673,-0.48306063388173404,-0.7358541854082007,-0.827398992849844,-0.15840616884541667,-0.49290258084763033,,,
ARFIP1,,,,,,,,,,,,
TRIM2,,,,,,,,,,,,
MND1,,,,,,,,,,,,
TMEM131L,-0.6121028791753599,-0.16499632658125954,-0.3885496028783097,,,,,,,,,
PLRG1,,,,,,,,,,,,
MAP9,,,,,,,,,,,,
GUCY1A1,,,,,,,,,,,,
GUCY1B1,,,,,,,,,,,,
PDGFC,-0.5045973556958713,-0.1399884388552932,-0.32229289727558225,,,,,,,,,
TMEM144,,,,,,,,,,,,
C4orf46,,,,,,,,,,,,
ETFDH,-0.44965257570065675,-0.09944905307488912,-0.27455081438777296,,,,,,,,,
PPID,,,,,,,,,,,,
FNIP2,-0.4885948891210483,-0.14146043712056705,-0.31502766312080765,,,,-0.6425130534478368,-0.13053985135423748,-0.38652645240103717,,,
RAPGEF2,-0.45084870237238894,-0.15981642674596763,-0.3053325645591783,,,,-0.8921951738403443,-0.27207627240413956,-0.5821357231222419,,,
FSTL5,-0.506567876903482,-0.257983885283005,-0.3822758810932435,-0.9951915881566805,-0.6772013966744029,-0.8361964924155417,,,,-0.6990312452958876,-0.29495013754681454,-0.49699069142135105
NAF1,,,,,,,,,,,,
TMA16,,,,,,,,,,,,
TMEM192,,,,,,,,,,,,
KLHL2,,,,,,,,,,,,
MSMO1,,,,,,,,,,,,
CPE,,,,,,,,,,,,
TLL1,-0.30622248742216346,-0.06093956740720451,-0.183581027414684,,,,,,,,,
SPOCK3,-0.34776327874404506,-0.09870171096398708,-0.22323249485401608,,,,,,,,,
PALLD,-0.7313240505946027,-0.2622797112048793,-0.496801880899741,,,,-0.8888862287208359,-0.12282252239855886,-0.5058543755596974,,,
CBR4,-0.5732786738463858,-0.2026973049480853,-0.38798798939723556,-0.9932708158342227,-0.3699170287969874,-0.6815939223156051,,,,,,
SH3RF1,,,,,,,,,,,,
NEK1,-0.4082871790564906,-0.050509253461871545,-0.22939821625918105,,,,,,,,,
CLCN3,,,,,,,,,,,,
HPF1,,,,,,,,,,,,
MFAP3L,,,,,,,,,,,,
AADAT,,,,,,,,,,,,
GALNTL6,,,,,,,,,,,,
GALNT7,,,,,,,,,,,,
HMGB2,,,,,,,,,,,,
SAP30,,,,,,,,,,,,
FBXO8,,,,,,,,,,,,
CEP44,,,,,,,,,,,,
GPM6A,-0.5006215858196758,-0.26118508510185956,-0.38090333546076766,-0.9884649778858753,-0.6170447707113983,-0.8027548742986368,-0.7176753823746836,-0.22038650666038645,-0.469030944517535,-0.7027234591992292,-0.27252948977996,-0.4876264744895946
WDR17,,,,,,,,,,,,
SPCS3,,,,,,,,,,,,
VEGFC,,,,,,,,,,,,
NEIL3,,,,,,,-0.8740267688051987,-0.21466025399336325,-0.5443435113992809,,,
AGA,,,,,,,,,,,,
TENM3,-0.557587397483483,-0.20500045709844678,-0.3812939272909649,-0.9865576694700174,-0.4646150254948168,-0.7255863474824171,-0.9294754388923113,-0.2613281336132805,-0.5954017862527959,,,
DCTD,,,,,,,,,,,,
WWC2,,,,-0.9964656149486998,-0.7397322488577401,-0.86809893190322,,,,,,
CDKN2AIP,,,,,,,,,,,,
ING2,,,,,,,,,,,,
RWDD4,,,,,,,,,,,,
TRAPPC11,,,,,,,,,,,,
STOX2,-0.4907875211797605,-0.1677455981345466,-0.32926655965715357,-0.9921081346546561,-0.49306235304876034,-0.7425852438517082,,,,,,
IRF2,,,,,,,,,,,,
CASP3,,,,,,,,,,,,
PRIMPOL,,,,,,,,,,,,
CENPU,-0.8065047165214473,-0.22360025247514687,-0.5150524844982971,,,,,,,,,
ACSL1,,,,,,,,,,,,
SLC25A4,,,,,,,,,,,,
CFAP97,,,,,,,,,,,,
SNX25,-0.4756711298703422,-0.1579504781342169,-0.31681080400227957,-0.9929325487043145,-0.5062485800785013,-0.7495905643914078,,,,,,
UFSP2,,,,,,,,,,,,
PDLIM3,,,,,,,,,,,,
SORBS2,-0.5241936400054454,-0.2545948272129194,-0.3893942336091824,-0.9925668956221461,-0.653224618241046,-0.822895756931596,,,,-0.6519079896669651,-0.2582121507780229,-0.45506007022249395
CYP4V2,,,,,,,,,,,,
FAT1,,,,,,,,,,,,
FRG1,,,,,,,,,,,,
CCDC127,,,,,,,,,,,,
SDHA,,,,,,,,,,,,
PDCD6,,,,,,,,,,,,
AHRR,,,,,,,,,,,,
EXOC3,,,,,,,,,,,,
CEP72,,,,,,,,,,,,
BRD9,,,,,,,,,,,,
TRIP13,,,,,,,,,,,,
CLPTM1L,,,,,,,,,,,,
LPCAT1,,,,,,,,,,,,
MRPL36,,,,,,,,,,,,
NDUFS6,,,,,,,,,,,,
ADAMTS16,-0.6977412456587376,-0.1864210218870934,-0.4420811337729155,,,,,,,,,
ICE1,,,,,,,,,,,,
MED10,,,,,,,,,,,,
NSUN2,,,,,,,,,,,,
SRD5A1,,,,,,,,,,,,
TENT4A,,,,,,,,,,,,
MTRR,,,,,,,,,,,,
FASTKD3,,,,,,,,,,,,
SEMA5A,,,,-0.9885891592790275,-0.45785436629149256,-0.72322176278526,,,,,,
ATPSCKMT,,,,,,,,,,,,
CCT5,,,,,,,,,,,,
CMBL,,,,,,,,,,,,
MARCHF6,-0.9727927511229417,-0.4227285629246564,-0.6977606570237991,,,,-0.9770260095054544,-0.41859662630963734,-0.6978113179075458,-0.9583027762727061,-0.21418412798107114,-0.5862434521268887
ANKRD33B,,,,,,,,,,,,
DAP,-0.5283575057525229,-0.09627760279503125,-0.3123175542737771,,,,,,,,,
TRIO,-0.8055419221463433,-0.2955648667579867,-0.550553394452165,,,,-0.8995645030377531,-0.2612231679780306,-0.5803938355078919,-0.9367687418228616,-0.18043479655724737,-0.5586017691900544
OTULINL,,,,,,,,,,,,
OTULIN,,,,,,,,,,,,
ANKH,-0.48082233559553805,-0.07670608171502319,-0.2787642086552806,,,,,,,,,
FBXL7,-0.2523817753716475,-0.10922891979985959,-0.18080534758575356,-0.9918632930872673,-0.3505781175689478,-0.6712207053281075,,,,,,
ZNF622,,,,,,,,,,,,
RETREG1,,,,,,,,,,,,
MYO10,-0.5363418294807462,-0.18582114662334534,-0.36108148805204576,-0.9884228494810544,-0.337051551944621,-0.6627372007128377,,,,-0.5879135164899497,-0.07525672448372246,-0.3315851204868361
BASP1,,,,,,,,,,,,
CDH18,-0.46772088636722875,-0.27515098782044717,-0.37143593709383793,-0.9934567754633045,-0.6581107121806087,-0.8257837438219566,-0.6037071424512361,-0.19400288142268587,-0.398855011936961,-0.663569390694578,-0.30085602383527243,-0.4822127072649252
CDH12,-0.6745695466562704,-0.33690600823265016,-0.5057377774444602,-0.9876600120214654,-0.4807138379135831,-0.7341869249675242,-0.4946068627865432,-0.17620574399442482,-0.335406303390484,-0.7412091871187529,-0.23544365994735236,-0.48832642353305267
DROSHA,-0.5458765636031174,-0.13686503491879862,-0.34137079926095804,,,,,,,,,
C5orf22,-0.6038576487677485,-0.1418669756891382,-0.37286231222844335,,,,,,,,,
PDZD2,-0.4851782648326309,-0.19404105398469618,-0.3396096594086635,-0.993226365439969,-0.6457162188891102,-0.8194712921645396,,,,,,
GOLPH3,,,,,,,,,,,,
MTMR12,,,,,,,,,,,,
ZFR,,,,,,,,,,,,
SUB1,,,,,,,,,,,,
TARS1,,,,,,,,,,,,
RAI14,,,,,,,,,,,,
RAD1,,,,,,,,,,,,
BRIX1,,,,,,,,,,,,
DNAJC21,,,,,,,,,,,,
LMBRD2,,,,,,,,,,,,
SKP2,,,,,,,,,,,,
NADK2,,,,,,,,,,,,
SLC1A3,,,,-0.9925310533421886,-0.5233696941355677,-0.7579503737388782,,,,,,
NIPBL,,,,,,,,,,,,
CPLANE1,-0.7503539405645184,-0.20605832628762047,-0.47820613342606944,-0.990737462998765,-0.39935794678961606,-0.6950477048941905,,,,,,
NUP155,-0.8555044895730416,-0.3008502509201384,-0.57817737024659,,,,,,,,,
WDR70,-0.8220311881677622,-0.31537544511052,-0.5687033166391411,-0.9958845223933088,-0.7389030582701229,-0.8673937903317159,,,,,,
LIFR,,,,,,,,,,,,
RICTOR,,,,,,,,,,,,
DAB2,,,,,,,,,,,,
TTC33,,,,,,,,,,,,
PRKAA1,,,,,,,,,,,,
RPL37,,,,,,,,,,,,
OXCT1,,,,,,,,,,,,
RIMOC1,,,,,,,,,,,,
FBXO4,,,,,,,,,,,,
GHR,-0.4275191865125324,-0.13181599576436745,-0.2796675911384499,-0.9934872641534381,-0.4673536061255892,-0.7304204351395136,,,,,,
SELENOP,,,,,,,,,,,,
ZNF131,-0.5311010121514147,-0.060954146352632084,-0.2960275792520234,,,,,,,,,
HMGCS1,-0.38550263578256566,-0.08249672749412401,-0.23399968163834484,,,,-0.791237254638294,-0.23971717326845698,-0.5154772139533754,,,
TMEM267,-0.3589297407193817,-0.09353899140956778,-0.22623436606447475,,,,,,,,,
C5orf34,,,,,,,,,,,,
PAIP1,,,,,,,,,,,,
NNT,,,,,,,,,,,,
MRPS30,,,,,,,,,,,,
EMB,,,,,,,,,,,,
PARP8,-0.6016747237239136,-0.2357873207784055,-0.41873102225115955,-0.990803190415771,-0.44410706445727044,-0.7174551274365207,,,,,,
ISL1,,,,,,,,,,,,
PELO,,,,,,,,,,,,
ITGA2,-0.6585767568861796,-0.14422786622580971,-0.40140231155599465,-0.9907067478050049,-0.41874842796437856,-0.7047275878846917,,,,,,
MOCS2,,,,,,,,,,,,
NDUFS4,,,,,,,,,,,,
ARL15,-0.9207734621950211,-0.4377459524230137,-0.6792597073090174,-0.9937303989598508,-0.635444876266215,-0.814587637613033,-0.9430975356867107,-0.3496984346514588,-0.6463979851690848,-0.8074199746107144,-0.25898087265977765,-0.533200423635246
SNX18,,,,,,,,,,,,
GPX8,,,,,,,,,,,,
DHX29,,,,,,,,,,,,
MTREX,,,,,,,,,,,,
PLPP1,-0.43387240874419164,-0.13558741526859228,-0.28472991200639197,,,,,,,,,
SLC38A9,-0.5209034578567254,-0.15637276710818251,-0.33863811248245396,,,,,,,,,
IL6ST,,,,,,,,,,,,
MAP3K1,,,,,,,,,,,,
SETD9,,,,,,,,,,,,
MIER3,,,,,,,,,,,,
GPBP1,,,,-0.992743383287343,-0.4711351773867985,-0.7319392803370708,,,,,,
RAB3C,-0.5109718676550201,-0.2893422444776516,-0.4001570560663359,-0.9963981538614015,-0.6529617533412467,-0.8246799536013241,-0.4568420630382359,-0.17614740033409054,-0.3164947316861632,-0.7736098950926542,-0.3376831248527564,-0.5556465099727053
PDE4D,-0.6290025827387382,-0.2822830578548942,-0.45564282029681624,-0.9877714785617646,-0.41986679846319536,-0.70381913851248,-0.9144190065180441,-0.31123854198786177,-0.6128287742529529,-0.759723662738362,-0.15510044760246008,-0.45741205517041106
DEPDC1B,,,,,,,,,,,,
ELOVL7,,,,,,,,,,,,
ERCC8,,,,,,,,,,,,
NDUFAF2,,,,,,,,,,,,
SMIM15,,,,,,,,,,,,
ZSWIM6,-0.6257742861069285,-0.23702699427673968,-0.4314006401918341,,,,-0.8016086600981883,-0.21530857225736758,-0.508458616177778,-0.7660141429068704,-0.1723438388192345,-0.4691789908630525
KIF2A,,,,,,,,,,,,
DIMT1,,,,,,,,,,,,
IPO11,-0.5390488150448772,-0.1319721667813334,-0.3355104909131053,,,,-0.8780158529506585,-0.16267797743054707,-0.5203469151906028,,,
SREK1IP1,,,,,,,,,,,,
CWC27,,,,,,,,,,,,
ADAMTS6,-0.5606508022741614,-0.18005533296192952,-0.3703530676180455,,,,,,,,,
CENPK,-0.9772358603804049,-0.323909183546024,-0.6505725219632145,,,,,,,,,
PPWD1,,,,,,,,,,,,
TRIM23,,,,,,,,,,,,
TRAPPC13,-0.5334307016623245,-0.177303729075605,-0.35536721536896476,,,,,,,,,
SGTB,,,,,,,,,,,,
NLN,,,,,,,,,,,,
ERBIN,,,,-0.9939364087658621,-0.5758833212008171,-0.7849098649833396,,,,,,
SREK1,,,,,,,,,,,,
MAST4,-0.9068296121030793,-0.3304180407707984,-0.6186238264369388,-0.9918839538243169,-0.44968852615556776,-0.7207862399899423,-0.9440665535855962,-0.24253529343992036,-0.5933009235127583,,,
PIK3R1,,,,,,,,,,,,
SLC30A5,-0.4103059303046382,-0.18261030406905768,-0.29645811718684795,-0.9941288368135174,-0.6371384141251384,-0.8156336254693279,-0.8828110800453423,-0.23572730705170292,-0.5592691935485226,-0.5878715542510295,-0.2726405056994357,-0.4302560299752326
CCNB1,0.2511556502152573,0.48960133247821486,0.37037849134673606,,,,,,,,,
CENPH,,,,,,,,,,,,
MRPS36,,,,,,,,,,,,
CDK7,,,,,,,,,,,,
CCDC125,,,,,,,,,,,,
AK6,0.22557787632522425,0.5379072952499292,0.3817425857875767,,,,,,,,,
TAF9,,,,,,,,,,,,
RAD17,,,,,,,,,,,,
MARVELD2,,,,,,,,,,,,
OCLN,,,,,,,,,,,,
GTF2H2C,,,,,,,,,,,,
SMN2,,,,,,,,,,,,
SMN1,,,,,,,,,,,,
GTF2H2,,,,,,,,,,,,
BDP1,,,,,,,,,,,,
MCCC2,,,,,,,,,,,,
MAP1B,,,,,,,,,,,,
MRPS27,,,,,,,,,,,,
PTCD2,,,,,,,,,,,,
TNPO1,,,,,,,,,,,,
FCHO2,,,,,,,,,,,,
FOXD1,,,,,,,,,,,,
BTF3,,,,,,,,,,,,
ANKRA2,,,,,,,,,,,,
UTP15,,,,,,,,,,,,
ARHGEF28,-0.44619609968642115,-0.10648056959184488,-0.27633833463913304,-0.9938346114491947,-0.46186893067528856,-0.7278517710622416,,,,,,
HEXB,-0.5183127071387066,-0.2085168891434085,-0.36341479814105754,-0.9959225853895438,-0.6729393759218419,-0.8344309806556929,-0.5511164220992435,-0.1688467897845122,-0.35998160594187784,,,
GFM2,,,,-0.9891949123093975,-0.4481443704927528,-0.7186696414010751,,,,,,
NSA2,,,,,,,,,,,,
FAM169A,,,,-0.9902467499455846,-0.4003133626512957,-0.6952800562984401,-0.8313753208540857,-0.16769807939315037,-0.49953670012361806,,,
HMGCR,,,,,,,,,,,,
CERT1,,,,,,,,,,,,
POLK,,,,,,,,,,,,
POC5,,,,,,,,,,,,
IQGAP2,,,,,,,,,,,,
F2R,,,,,,,,,,,,
AGGF1,,,,,,,,,,,,
ZBED3,,,,,,,,,,,,
WDR41,,,,,,,,,,,,
TBCA,,,,,,,,,,,,
AP3B1,,,,,,,,,,,,
SCAMP1,,,,,,,,,,,,
LHFPL2,,,,-0.9952229506359381,-0.6271672236031954,-0.8111950871195668,,,,,,
ARSB,,,,,,,,,,,,
DMGDH,,,,,,,,,,,,
JMY,,,,,,,,,,,,
HOMER1,,,,-0.9911264518502196,-0.3684752322659051,-0.6798008420580623,,,,,,
TENT2,-0.7705502995769766,-0.21483029863281805,-0.49269029910489737,,,,-0.8255138622631017,-0.1984573967612806,-0.5119856295121912,,,
MTX3,,,,,,,,,,,,
THBS4,,,,,,,,,,,,
SERINC5,-0.3913907200379828,-0.10957768491786704,-0.2504842024779249,-0.9955812301424501,-0.6245209452861642,-0.8100510877143072,,,,,,
ZFYVE16,,,,,,,,,,,,
FAM151B,,,,,,,,,,,,
DHFR,,,,,,,,,,,,
MSH3,-0.6447725144506731,-0.1856689766269285,-0.4152207455388008,-0.9942903272885253,-0.6341627486306338,-0.8142265379595796,,,,,,
RASGRF2,,,,,,,,,,,,
ZCCHC9,,,,,,,,,,,,
SSBP2,-0.5647754498146286,-0.23146766721936748,-0.39812155851699804,-0.9887886169724828,-0.43584906656863026,-0.7123188417705565,-0.848765847715559,-0.1904372130753801,-0.5196015303954695,,,
ATG10,-0.627244585479617,-0.30469014390047794,-0.4659673646900475,-0.9949302211706774,-0.660986356128732,-0.8279582886497048,-0.8771997592817831,-0.18365477001640887,-0.530427264649096,-0.7860859405931249,-0.23040142010861334,-0.5082436803508691
RPS23,,,,,,,,,,,,
TMEM167A,,,,,,,,,,,,
XRCC4,-0.5045321051311856,-0.07105902550976212,-0.2877955653204739,,,,,,,,,
VCAN,,,,-0.9948407788312713,-0.5680743200542335,-0.7814575494427525,,,,,,
EDIL3,-0.428197966337902,-0.1959751950141718,-0.3120865806760369,-0.9928461953473613,-0.4468292949987164,-0.7198377451730389,-0.5206165192895112,-0.08959706979938466,-0.30510679454444795,-0.5596534167801518,-0.11043768666158481,-0.3350455517208683
COX7C,,,,,,,,,,,,
RASA1,-0.7605530762102933,-0.3166406520274502,-0.5385968641188718,-0.9892144049364446,-0.48424710515428604,-0.7367307550453653,-0.8108059390252258,-0.2493048340451559,-0.5300553865351909,-0.7191059404913447,-0.14150541474522635,-0.43030567761828553
CCNH,-0.4161520067067408,-0.024629544829012702,-0.22039077576787675,-0.9832485294436153,-0.28598976889873645,-0.6346191491711759,,,,,,
TMEM161B,,,,,,,,,,,,
MEF2C,,,,,,,,,,,,
CETN3,,,,,,,,,,,,
MBLAC2,,,,,,,,,,,,
POLR3G,,,,,,,,,,,,
LYSMD3,,,,,,,,,,,,
ADGRV1,-0.6686118245164571,-0.39199409065472696,-0.530302957585592,-0.9946778939749454,-0.7143071850069349,-0.8544925394909402,-0.9490196459137978,-0.392254637681201,-0.6706371417974994,-0.7833962951165562,-0.20223410521380084,-0.4928152001651785
ARRDC3,-0.5728899644550147,-0.2361344463467041,-0.4045122054008594,,,,-0.6701081037553723,-0.10345438215131217,-0.38678124295334226,-0.68441165046571,-0.16443615213985582,-0.4244239013027829
NR2F1,,,,,,,,,,,,
FAM172A,-0.6606620903512064,-0.20967743200204128,-0.4351697611766238,,,,-0.7431262498250724,-0.18993650672379778,-0.4665313782744351,,,
SLF1,,,,,,,,,,,,
MCTP1,-0.29180243064868416,-0.06111976966260123,-0.1764611001556427,-0.9935377212354253,-0.6344044746361243,-0.8139710979357748,,,,,,
SKIC3,,,,,,,,,,,,
ARSK,,,,,,,,,,,,
RFESD,,,,,,,,,,,,
RHOBTB3,,,,,,,,,,,,
GLRX,,,,,,,,,,,,
ELL2,,,,,,,,,,,,
CAST,,,,,,,,,,,,
LNPEP,,,,,,,,,,,,
RIOK2,,,,,,,,,,,,
RGMB,,,,,,,,,,,,
CHD1,,,,,,,,,,,,
FAM174A,,,,,,,,,,,,
SLCO6A1,-0.4141329062532894,-0.15289204702361514,-0.28351247663845225,-0.9798116306678025,-0.26786846138501647,-0.6238400460264095,,,,-0.4907567779771907,-0.1281462489401679,-0.3094515134586793
PAM,-0.473275956189625,-0.11707695098002352,-0.29517645358482425,-0.990623216604198,-0.31247736364672735,-0.6515502901254627,-0.6646325079826005,-0.11703686253173569,-0.39083468525716814,,,
GIN1,,,,,,,,,,,,
PPIP5K2,,,,,,,,,,,,
MACIR,,,,,,,,,,,,
NUDT12,,,,,,,,,,,,
EFNA5,-0.8586229671124173,-0.42036297560819014,-0.6394929713603037,-0.9799625138407305,-0.18877730244290117,-0.5843699081418159,-0.9756414411855193,-0.3814845110947337,-0.6785629761401265,-0.9613207753645939,-0.35112728462179427,-0.6562240299931941
FBXL17,-0.5710729178555808,-0.25411137573554493,-0.4125921467955629,-0.9885379168423833,-0.4150698885376445,-0.7018039026900139,-0.6647976511782678,-0.14026947024313632,-0.40253356071070207,-0.6713080972714793,-0.0792164077613959,-0.37526225251643763
FER,-0.45490098708500654,-0.13238900079042973,-0.29364499393771815,,,,,,,,,
PJA2,,,,,,,,,,,,
MAN2A1,-0.6514925779127196,-0.229522652681986,-0.44050761529735283,,,,,,,,,
SLC25A46,,,,,,,,,,,,
WDR36,,,,,,,,,,,,
CAMK4,-0.482204346490417,-0.15450101340835565,-0.3183526799493863,-0.993900514410731,-0.6085481907155221,-0.8012243525631266,,,,,,
STARD4,,,,,,,,,,,,
NREP,-0.2990375804279293,-0.08838183913708558,-0.19370970978250743,-0.9834494477160273,-0.41737984771106934,-0.7004146477135483,,,,,,
EPB41L4A,-0.4409333173898117,-0.08304767780446444,-0.26199049759713805,,,,,,,,,
APC,,,,,,,,,,,,
SRP19,,,,,,,,,,,,
REEP5,,,,,,,,,,,,
DCP2,,,,,,,,,,,,
MCC,-0.44782683934468565,-0.17467562264705871,-0.31125123099587215,,,,,,,,,
YTHDC2,,,,,,,,,,,,
TRIM36,-0.4424150732886785,-0.12619978277405672,-0.2843074280313676,,,,-0.6588574127139115,-0.1266657694224404,-0.392761591068176,,,
PGGT1B,,,,,,,,,,,,
CCDC112,,,,,,,,,,,,
FEM1C,,,,,,,,,,,,
TMED7,,,,,,,,,,,,
ATG12,,,,,,,,,,,,
AP3S1,,,,,,,,,,,,
COMMD10,,,,-0.9896811452828844,-0.3709566584188762,-0.6803189018508803,,,,,,
SEMA6A,-0.4320711259701926,-0.1262030455598017,-0.27913708576499713,,,,-0.6890469993794784,-0.11019236028456676,-0.3996196798320226,,,
DTWD2,,,,,,,,,,,,
DMXL1,-0.4615780304472896,-0.07820172162322662,-0.2698898760352581,,,,,,,,,
TNFAIP8,-0.5019008498826362,-0.11072407568424031,-0.30631246278343827,,,,,,,,,
HSD17B4,,,,,,,,,,,,
PRR16,-0.32446048036266134,-0.05375810152967156,-0.18910929094616646,,,,,,,,,
SRFBP1,,,,,,,,,,,,
SNX2,,,,,,,,,,,,
SNX24,,,,,,,-0.9342093338781587,-0.16689031634569354,-0.5505498251119262,,,
PPIC,,,,,,,,,,,,
PRDM6,-0.46203369586172965,-0.1250105391640057,-0.29352211751286766,-0.9873021818642392,-0.34331465161128505,-0.6653084167377621,,,,-0.527446350582001,-0.021519998555466307,-0.2744831745687336
CEP120,,,,,,,,,,,,
CSNK1G3,,,,,,,,,,,,
ZNF608,-0.4576670498506015,-0.18987460455181326,-0.3237708272012074,,,,-0.5365653560496186,-0.20516236451717348,-0.3708638602833961,-0.5103848570513219,-0.14220544008809335,-0.3262951485697076
ALDH7A1,,,,,,,,,,,,
PHAX,,,,,,,,,,,,
LMNB1,,,,,,,,,,,,
MARCHF3,-0.6398190335960058,-0.24264648745241285,-0.44123276052420934,-0.9952036871109317,-0.6241678890746191,-0.8096857880927754,-0.9310590774763403,-0.16658879651387415,-0.5488239369951072,,,
C5orf63,,,,,,,,,,,,
PRRC1,,,,,,,,,,,,
SLC12A2,-0.8208708729911909,-0.2640999463037471,-0.5424854096474689,,,,-0.9727504388570017,-0.3480152692854648,-0.6603828540712333,,,
FBN2,-0.5049535090422149,-0.12116413916371499,-0.3130588241029649,,,,,,,,,
ISOC1,,,,,,,,,,,,
ADAMTS19,-0.5780049635678501,-0.20298684859950392,-0.390495906083677,-0.990012377180637,-0.517070491250011,-0.7535414342153239,-0.8336430821934308,-0.23599476711105202,-0.5348189246522413,,,
CHSY3,-0.480398642253609,-0.19347865883261767,-0.33693865054311334,-0.989736944318199,-0.41645472063537037,-0.7030958324767846,-0.5237909791226859,-0.14224821907691818,-0.33301959909980205,,,
HINT1,,,,,,,,,,,,
LYRM7,,,,,,,,,,,,
CDC42SE2,-0.6666911438047407,-0.2136920606798318,-0.44019160224228626,,,,,,,,,
RAPGEF6,-0.7741610997645167,-0.34745949449183733,-0.560810297128177,-0.9944817133007468,-0.6753133719451253,-0.834897542622936,-0.973033357128776,-0.263062286962311,-0.6180478220455435,-0.8524272384575686,-0.18892224627463078,-0.5206747423660997
FNIP1,-0.9264102293085271,-0.40906167291731327,-0.6677359511129202,,,,-0.981771526157391,-0.4408748567108574,-0.7113231914341243,-0.9382489136406018,-0.24981947823634673,-0.5940341959384743
P4HA2,,,,,,,,,,,,
PDLIM4,,,,,,,,,,,,
SLC22A5,,,,,,,,,,,,
IRF1,,,,,,,,,,,,
RAD50,,,,,,,,,,,,
KIF3A,,,,,,,,,,,,
SEPTIN8,,,,,,,,,,,,
UQCRQ,,,,,,,,,,,,
AFF4,,,,,,,,,,,,
ZCCHC10,,,,,,,,,,,,
HSPA4,,,,,,,,,,,,
C5orf15,,,,,,,,,,,,
VDAC1,,,,,,,,,,,,
TCF7,,,,,,,,,,,,
SKP1,,,,,,,,,,,,
PPP2CA,,,,,,,,,,,,
CDKL3,,,,-0.992742722391507,-0.38261166415518527,-0.6876771932733461,,,,,,
UBE2B,,,,,,,,,,,,
CDKN2AIPNL,,,,,,,,,,,,
SAR1B,,,,,,,,,,,,
SEC24A,,,,,,,,,,,,
CAMLG,,,,,,,,,,,,
DDX46,,,,,,,,,,,,
C5orf24,,,,,,,,,,,,
TXNDC15,,,,,,,,,,,,
PCBD2,-0.6018468078147027,-0.17845449274694572,-0.3901506502808242,-0.9761640451170478,-0.14989132655111378,-0.5630276858340808,,,,,,
PITX1,,,,,,,,,,,,
MACROH2A1,,,,-0.9920348642559919,-0.5480321049308122,-0.770033484593402,,,,,,
SLC25A48,,,,-0.9785355216410991,-0.2474921328247823,-0.6130138272329407,,,,,,
SMAD5,,,,,,,,,,,,
HNRNPA0,,,,,,,,,,,,
PKD2L2,-0.511476509273761,-0.14495217436289212,-0.32821434181832654,,,,,,,-0.5184176690658762,-0.1244842209133159,-0.32145094498959603
FAM13B,-0.6994968286232197,-0.26219944734015926,-0.48084813798168946,,,,-0.9613841867574212,-0.2267113246295342,-0.5940477556934777,,,
BRD8,,,,,,,,,,,,
KIF20A,0.09242345139143192,0.36180996901555135,0.22711671020349164,,,,,,,,,
CDC23,,,,,,,,,,,,
CDC25C,,,,,,,,,,-0.8312846866171264,-0.20029854750571158,-0.515791617061419
FAM53C,,,,,,,,,,,,
KDM3B,,,,,,,,,,,,
REEP2,,,,,,,,,,,,
EGR1,-0.30138803539692277,-0.11561046713141807,-0.2084992512641704,,,,,,,-0.4138315193169608,-0.08473615910682929,-0.24928383921189506
ETF1,,,,,,,,,,,,
HSPA9,,,,,,,,,,,,
CTNNA1,-0.5386710163699502,-0.16311171614443107,-0.35089136625719064,-0.9919358930001388,-0.640024419810185,-0.8159801564051619,,,,,,
SIL1,,,,,,,-0.9245067595910204,-0.13761825466429894,-0.5310625071276597,,,
MATR3,,,,,,,,,,,,
PAIP2,,,,,,,,,,,,
SPATA24,,,,,,,,,,,,
DNAJC18,,,,,,,,,,,,
UBE2D2,,,,,,,,,,,,
CXXC5,,,,,,,,,,,,
NRG2,,,,-0.9887204706000182,-0.47574275399685045,-0.7322316122984344,,,,,,
PURA,,,,,,,,,,,,
CYSTM1,,,,,,,,,,,,
PFDN1,,,,,,,,,,,,
ANKHD1,,,,,,,,,,,,
SRA1,,,,,,,,,,,,
SLC35A4,,,,,,,,,,,,
NDUFA2,,,,,,,,,,,,
TMCO6,,,,,,,,,,,,
IK,,,,,,,,,,,,
WDR55,,,,,,,,,,,,
HARS1,,,,,,,,,,,,
HARS2,,,,,,,,,,,,
ZMAT2,,,,,,,,,,,,
TAF7,,,,,,,,,,,,
DIAPH1,,,,,,,,,,,,
HDAC3,,,,,,,,,,,,
DELE1,,,,,,,,,,,,
RNF14,,,,,,,,,,,,
GNPDA1,,,,,,,,,,,,
NDFIP1,,,,,,,,,,,,
ARHGAP26,-0.7275067096677541,-0.2769261548211854,-0.5022164322444698,-0.9840758456400557,-0.5014147147111819,-0.7427452801756188,-0.9425864484100274,-0.3274899014631733,-0.6350381749366003,-0.8448230253672098,-0.25435114106456447,-0.5495870832158871
NR3C1,,,,-0.9952546664758848,-0.5898098418546119,-0.7925322541652484,,,,,,
YIPF5,,,,,,,,,,,,
KCTD16,-0.2591280673481328,-0.07067270891240705,-0.16490038813026994,-0.9961820007570253,-0.7260156980751911,-0.8610988494161083,,,,,,
PRELID2,,,,-0.9866391635958257,-0.35280134082431136,-0.6697202522100685,,,,,,
LARS1,,,,,,,,,,,,
RBM27,,,,,,,,,,,,
TCERG1,,,,,,,,,,,,
DPYSL3,,,,-0.9923881852949354,-0.6752971273122024,-0.8338426563035689,,,,,,
JAKMIP2,,,,-0.9899508163296368,-0.4145524302592619,-0.7022516232944493,,,,,,
SPINK5,-0.37666865769082375,-0.0851044120684971,-0.23088653487966043,,,,,,,,,
FBXO38,,,,-0.9892210202756538,-0.32174900609488094,-0.6554850131852674,,,,,,
GRPEL2,,,,,,,,,,,,
CSNK1A1,,,,,,,,,,,,
ARHGEF37,,,,,,,,,,,,
PPARGC1B,,,,,,,,,,,,
SLC26A2,,,,,,,,,,,,
HMGXB3,,,,,,,,,,,,
TCOF1,,,,,,,,,,,,
RPS14,,,,,,,,,,,,
NDST1,,,,-0.9942270530690117,-0.4932847062545355,-0.7437558796617736,,,,,,
RBM22,,,,,,,,,,,,
DCTN4,,,,,,,,,,,,
SMIM3,,,,,,,,,,,,
GPX3,,,,,,,,,,,,
TNIP1,,,,,,,,,,,,
ANXA6,,,,,,,,,,,,
GM2A,,,,,,,,,,,,
SLC36A1,,,,,,,,,,,,
SPARC,,,,,,,,,,,,
ATOX1,,,,,,,,,,,,
G3BP1,,,,,,,,,,,,
FAM114A2,,,,,,,,,,,,
MFAP3,,,,,,,,,,,,
GALNT10,,,,,,,,,,,,
SAP30L,,,,,,,,,,,,
HAND1,,,,,,,,,,,,
LARP1,,,,,,,,,,,,
FAXDC2,-0.5350800340740156,-0.18031915740738502,-0.3576995957407003,-0.9882146008678686,-0.4113861075722246,-0.6998003542200466,,,,,,
CNOT8,,,,,,,,,,,,
GEMIN5,,,,,,,,,,,,
MRPL22,0.1804711215140576,0.5419156044760771,0.3611933629950673,,,,,,,,,
MED7,,,,,,,,,,,,
CYFIP2,,,,,,,,,,,,
THG1L,,,,,,,,,,,,
LSM11,,,,,,,,,,,,
CLINT1,,,,,,,,,,,,
EBF1,-0.47928587345434015,-0.20850530968949335,-0.34389559157191674,-0.995028004642385,-0.6512339891232382,-0.8231309968828115,,,,-0.8294011838196523,-0.25217023861878546,-0.5407857112192189
RNF145,,,,,,,,,,,,
UBLCP1,0.09723154192128647,0.4254340850047751,0.2613328134630308,,,,,,,,,
TTC1,,,,,,,,,,,,
PWWP2A,-0.7185358564927655,-0.16321962346089663,-0.4408777399768311,,,,-0.9701802063834245,-0.2722176526581532,-0.6211989295207888,,,
SLU7,,,,,,,,,,,,
PTTG1,,,,,,,,,,,,
CCNG1,,,,,,,,,,,,
NUDCD2,,,,,,,,,,,,
HMMR,0.25931864139485616,0.4827555273295095,0.37103708436218286,,,,,,,,,
MAT2B,,,,,,,,,,,,
TENM2,-0.5079670752409332,-0.27334280743822176,-0.39065494133957746,-0.9963430571215871,-0.7610162509946401,-0.8786796540581137,-0.5409299355730608,-0.19955046983271085,-0.3702402027028858,-0.5853049322519507,-0.2536117416505122,-0.41945833695123147
WWC1,,,,,,,,,,,,
RARS1,,,,,,,,,,,,
PANK3,,,,,,,,,,,,
SLIT3,-0.46963077707986073,-0.20784454402131458,-0.3387376605505876,-0.991735229234643,-0.5247240032745027,-0.7582296162545729,-0.8428059543127986,-0.17928230265559747,-0.511044128484198,,,
SPDL1,,,,,,,,,,,,
RANBP17,-0.819839139901698,-0.35512513236545934,-0.5874821361335787,-0.988878884145276,-0.42146105866175393,-0.705169971403515,-0.9101433519970604,-0.3517850244549016,-0.630964188225981,,,
NPM1,,,,,,,,,,,,
FBXW11,,,,,,,,,,,,
STK10,,,,,,,,,,,,
UBTD2,,,,,,,,,,,,
SH3PXD2B,,,,,,,,,,,,
DUSP1,,,,,,,,,,,,
ERGIC1,,,,,,,,,,,,
RPL26L1,,,,,,,,,,,,
ATP6V0E1,,,,,,,,,,,,
CREBRF,-0.5891979134112934,-0.24511749542143874,-0.417157704416366,-0.9916237030123748,-0.6579790427494778,-0.8248013728809263,-0.9353788473044461,-0.20785025613448366,-0.5716145517194648,-0.6788910033293372,-0.15210826017361326,-0.4154996317514752
BNIP1,,,,,,,,,,,,
NKX2-5,,,,,,,,,,,,
STC2,,,,,,,,,,,,
BOD1,0.11564168905117467,0.4288743312804947,0.2722580101658347,,,,,,,,,
CPEB4,-0.49094184327169604,-0.11921397511392777,-0.3050779091928119,,,,-0.6386413894102742,-0.1367105229910799,-0.387675956200677,,,
MSX2,,,,,,,,,,,,
SFXN1,,,,,,,,,,,,
THOC3,,,,,,,,,,,,
SIMC1,,,,,,,-0.8483735897150714,-0.11091496531125994,-0.47964427751316563,,,
KIAA1191,,,,,,,,,,,,
ARL10,,,,,,,,,,,,
NOP16,0.275090175899776,0.4759646539372254,0.3755274149185007,,,,,,,,,
HIGD2A,,,,,,,,,,,,
CLTB,,,,,,,,,,,,
FAF2,,,,,,,,,,,,
RNF44,,,,,,,,,,,,
CDHR2,-0.6733655357582532,-0.22038450530159415,-0.44687502052992367,-0.9935698477076568,-0.5999934817719125,-0.7967816647397846,-0.42399120144746427,-0.08375326751413727,-0.25387223448080076,-0.5060630696084047,-0.2134076575918321,-0.35973536360011843
GPRIN1,,,,,,,,,,,,
TSPAN17,,,,,,,,,,,,
UIMC1,,,,,,,,,,,,
ZNF346,,,,-0.987845740800026,-0.38735321163641717,-0.6875994762182216,,,,,,
NSD1,,,,,,,-0.935775564861774,-0.2563040003469267,-0.5960397826043504,,,
RAB24,,,,,,,,,,,,
MXD3,,,,,,,,,,,,
PRELID1,,,,,,,,,,,,
LMAN2,,,,,,,,,,,,
RGS14,,,,,,,,,,,,
F12,,,,,,,,,,,,
GRK6,,,,,,,,,,,,
PRR7,,,,,,,,,,,,
DBN1,,,,,,,,,,,,
PDLIM7,,,,,,,,,,,,
DOK3,,,,,,,,,,,,
DDX41,,,,,,,,,,,,
FAM193B,,,,,,,,,,,,
TMED9,,,,,,,,,,,,
B4GALT7,,,,,,,,,,,,
RMND5B,,,,,,,,,,,,
NHP2,,,,,,,,,,,,
HNRNPAB,,,,,,,,,,,,
PHYKPL,-0.42721019720301373,-0.008122227557888832,-0.21766621238045128,,,,,,,,,
COL23A1,-0.36361522344753233,-0.10946643672839393,-0.23654083008796312,,,,,,,,,
CLK4,,,,,,,,,,,,
ZNF354A,,,,,,,,,,,,
ZNF354B,,,,,,,,,,,,
ADAMTS2,,,,,,,,,,,,
RUFY1,,,,,,,,,,,,
HNRNPH1,-0.9518972636482712,-0.37334215306252083,-0.662619708355396,,,,,,,,,
CANX,,,,,,,,,,,,
MAML1,,,,,,,,,,,,
MGAT4B,,,,,,,,,,,,
SQSTM1,-0.36551885996678035,-0.021576170834441265,-0.1935475154006108,-0.9743855546151695,-0.18308960631695068,-0.57873758046606,,,,,,
MRNIP,,,,,,,,,,,,
TBC1D9B,,,,,,,,,,,,
RNF130,,,,,,,,,,,,
RASGEF1C,,,,-0.9739412402006722,-0.27892928058835437,-0.6264352603945132,,,,,,
MAPK9,,,,,,,,,,,,
GFPT2,,,,,,,,,,,,
CNOT6,,,,,,,,,,,,
FLT4,,,,,,,,,,,,
MGAT1,,,,,,,,,,,,
ZFP62,,,,,,,,,,,,
BTNL9,,,,,,,,,,,,
TRIM41,-0.3386887110043514,-0.04416832117462062,-0.191428516089486,-0.9899450993440828,-0.500193623622287,-0.7450693614831849,,,,,,
RACK1,,,,,,,,,,,,
TRIM52,,,,,,,,,,,,
DUSP22,,,,,,,,,,,,
EXOC2,,,,,,,,,,,,
FOXF2,,,,,,,,,,,,
FOXC1,,,,,,,,,,,,
GMDS,-0.7694985153793478,-0.3377804094899553,-0.5536394624346516,-0.988914552901678,-0.4416398351423536,-0.7152771940220157,-0.8977041739478856,-0.21607012641707096,-0.5568871501824783,,,
WRNIP1,,,,,,,,,,,,
SERPINB1,,,,,,,,,,,,
SERPINB6,,,,,,,,,,,,
NQO2,,,,,,,,,,,,
RIPK1,,,,,,,,,,,,
BPHL,,,,,,,,,,,,
TUBB2A,,,,,,,,,,,,
TUBB2B,,,,,,,,,,,,
PSMG4,,,,,,,,,,,,
SLC22A23,-0.4879612939402285,-0.11533646476558827,-0.3016488793529084,,,,,,,,,
FAM50B,,,,,,,,,,,,
PRPF4B,,,,,,,,,,,,
ECI2,,,,,,,,,,,,
CDYL,-0.6702942813304047,-0.26054319578560486,-0.46541873855800475,-0.9943831552736238,-0.6725787248953009,-0.8334809400844623,-0.6745176717478508,-0.22357871196343893,-0.4490481918556449,-0.8183007292416418,-0.15448187150513845,-0.4863913003733901
RPP40,,,,,,,,,,,,
LYRM4,,,,,,,,,,,,
FARS2,-0.6006704589727886,-0.21616893148060162,-0.4084196952266951,-0.9924226330683239,-0.5889324099931784,-0.7906775215307511,-0.7067773769755923,-0.18678994919177724,-0.4467836630836848,,,
NRN1,,,,,,,,,,,,
RREB1,,,,,,,,,,,,
SSR1,,,,,,,,,,,,
RIOK1,,,,,,,,,,,,
DSP,,,,,,,,,,,,
SNRNP48,,,,,,,,,,,,
BMP6,-0.5109194222968645,-0.1702367170914153,-0.3405780696941399,,,,-0.681160647746546,-0.1615723561118413,-0.42136650192919367,,,
TXNDC5,,,,,,,,,,,,
BLOC1S5,,,,,,,,,,,,
EEF1E1,,,,,,,,,,,,
SLC35B3,,,,,,,,,,,,
TFAP2A,,,,,,,-0.832282992923965,-0.13727842151266736,-0.4847807072183162,,,
PAK1IP1,,,,,,,,,,,,
TMEM14C,,,,,,,,,,,,
TMEM14B,,,,,,,,,,,,
MAK,-0.8199307818736082,-0.3988353635636223,-0.6093830727186152,-0.9907102510849423,-0.49270860164857805,-0.7417094263667602,,,,-0.7806172498427164,-0.18095107335018104,-0.4807841615964487
SYCP2L,-0.5076518079107875,-0.16610630855875452,-0.336879058234771,-0.9853419397016485,-0.32339478270304867,-0.6543683612023485,,,,,,
ELOVL2,-0.6244120329832451,-0.1790508929001149,-0.40173146294168,,,,,,,,,
SMIM13,,,,,,,,,,,,
TMEM170B,,,,,,,,,,,,
HIVEP1,,,,,,,-0.657177782101191,-0.15741929766052565,-0.40729853988085835,,,
PHACTR1,-0.335305533344792,-0.10981287656344456,-0.2225592049541183,-0.991167177854818,-0.39724991234331675,-0.6942085450990674,-0.4997816455815328,-0.12155564991272667,-0.31066864774712977,,,
TBC1D7,,,,,,,,,,,,
GFOD1,,,,-0.9863477532375974,-0.4085107189396915,-0.6974292360886445,,,,,,
SIRT5,,,,,,,,,,,,
NOL7,,,,,,,,,,,,
RANBP9,-0.6742083086748837,-0.33800720572811493,-0.5061077572014994,-0.9937584769512637,-0.6022783515594656,-0.7980184142553647,-0.9012338203343502,-0.2980787713561901,-0.5996562958452701,-0.7209447220402195,-0.12628744510621995,-0.4236160835732197
MCUR1,,,,,,,,,,,,
JARID2,-0.5253581438104244,-0.16531317513008284,-0.34533565947025363,,,,-0.7256074484822521,-0.22228282860108836,-0.47394513854167025,,,
DTNBP1,,,,,,,,,,,,
MYLIP,,,,,,,,,,,,
ATXN1,-0.5886954080980061,-0.24116442084646392,-0.41492991447223504,,,,-0.6884711646900911,-0.1991132662995757,-0.4437922154948334,-0.7609189488366129,-0.15622618374936179,-0.45857256629298737
CAP2,-0.5223954015665417,-0.19026946815589563,-0.3563324348612187,,,,,,,,,
FAM8A1,,,,,,,,,,,,
NUP153,,,,,,,,,,,,
KIF13A,-0.49858462977780943,-0.21839527340245649,-0.35848995159013297,-0.9874381593561161,-0.5835210213114532,-0.7854795903337847,-0.731462038568003,-0.10788474448075347,-0.4196733915243782,,,
TPMT,,,,,,,,,,,,
KDM1B,,,,,,,,,,,,
DEK,,,,,,,,,,,,
ID4,,,,,,,,,,,,
MBOAT1,,,,,,,,,,,,
E2F3,,,,,,,,,,,,
CDKAL1,-0.960878524691055,-0.544278857981089,-0.7525786913360719,-0.9920511694945291,-0.6449619309018879,-0.8185065501982085,-0.9665908152033922,-0.3120663570883404,-0.6393285861458663,-0.8660613607487331,-0.2657683954154066,-0.5659148780820699
SOX4,-0.5361241921249412,-0.15877090920502968,-0.34744755066498545,,,,,,,,,
MRS2,,,,,,,,,,,,
ALDH5A1,,,,,,,,,,,,
TDP2,,,,,,,,,,,,
ACOT13,,,,,,,,,,,,
C6orf62,,,,,,,,,,,,
GMNN,,,,,,,,,,,,
RIPOR2,-0.5527724757906641,-0.24404014692982068,-0.3984063113602424,-0.9917389416817213,-0.6720969920014005,-0.8319179668415608,-0.6106068621718103,-0.14650541547382143,-0.37855613882281586,-0.5303219441590459,-0.2009636750337151,-0.3656428095963805
CARMIL1,-0.8663396708877824,-0.3400932662442568,-0.6032164685660196,,,,-0.8929138741683349,-0.2708355808019905,-0.5818747274851627,,,
BTN3A2,,,,-0.9938602249691892,-0.6153038398745675,-0.8045820324218784,,,,,,
BTN2A1,,,,,,,,,,,,
HMGN4,,,,,,,,,,,,
ABT1,0.1067782946989874,0.42172551242312445,0.26425190356105593,,,,,,,,,
ZNF322,,,,,,,,,,,,
ZNF391,,,,,,,,,,,,
ZKSCAN8,,,,,,,,,,,,
ZSCAN26,,,,,,,,,,,,
PGBD1,,,,,,,,,,,,
ZSCAN12,-0.47446142133184854,-0.09901461588211187,-0.2867380186069802,,,,,,,,,
TRIM27,,,,,,,,,,,,
GABBR1,,,,,,,,,,,,
HLA-A,,,,,,,,,,,,
POLR1H,,,,,,,,,,,,
PPP1R11,,,,,,,,,,,,
TRIM26,,,,,,,,,,,,
RPP21,,,,,,,,,,,,
HLA-E,,,,,,,,,,,,
GNL1,,,,,,,,,,,,
PRR3,,,,,,,,,,,,
ABCF1,,,,,,,,,,,,
PPP1R10,,,,,,,,,,,,
MRPS18B,0.17400366702843412,0.49572492877543906,0.3348642979019366,,,,,,,,,
ATAT1,,,,,,,,,,,,
C6orf136,,,,,,,,,,,,
DHX16,,,,,,,,,,,,
NRM,,,,,,,,,,,,
MDC1,,,,,,,,,,,,
TUBB,,,,,,,,,,,,
FLOT1,,,,,,,,,,,,
GTF2H4,,,,,,,,,,,,
VARS2,,,,,,,,,,,,
CCHCR1,,,,,,,,,,,,
TCF19,-0.46922475203485414,-0.07098439071530625,-0.2701045713750802,,,,,,,,,
HLA-C,,,,,,,,,,,,
HLA-B,,,,,,,,,,,,
MICA,,,,,,,,,,,,
DDX39B,0.10332411075910938,0.3569265661719429,0.23012533846552613,,,,,,,,,
NFKBIL1,,,,,,,,,,,,
PRRC2A,,,,,,,,,,,,
BAG6,,,,,,,,,,,,
C6orf47,,,,,,,,,,,,
GPANK1,,,,,,,,,,,,
CSNK2B,,,,,,,,,,,,
ABHD16A,,,,,,,,,,,,
DDAH2,,,,,,,,,,,,
CLIC1,,,,,,,,,,,,
MSH5,-0.6112402541102,-0.22952271137429342,-0.42038148274224674,,,,-0.7468366641677118,-0.13461815804663296,-0.4407274111071724,,,
VARS1,,,,,,,,,,,,
LSM2,,,,,,,,,,,,
HSPA1B,0.1541131684314624,0.3574312980553279,0.25577223324339515,,,,,,,,,
NEU1,,,,,,,,,,,,
EHMT2,,,,,,,,,,,,
C2,-0.4703662908568496,-0.1014385237904844,-0.285902407323667,,,,,,,,,
NELFE,,,,,,,,,,,,
SKIC2,,,,,,,,,,,,
DXO,,,,,,,,,,,,
STK19,,,,,,,,,,,,
ATF6B,,,,,,,,,,,,
FKBPL,,,,,,,,,,,,
PPT2,,,,,,,,,,,,
AGPAT1,,,,,,,,,,,,
RNF5,,,,,,,,,,,,
PBX2,,,,,,,,,,,,
HLA-DRB1,,,,,,,,,,,,
TAP2,,,,-0.9851868401850328,-0.20486688870706346,-0.5950268644460481,,,,,,
BRD2,,,,,,,,,,,,
RXRB,,,,,,,,,,,,
SLC39A7,,,,,,,,,,,,
HSD17B8,,,,,,,,,,,,
RING1,,,,,,,,,,,,
VPS52,,,,,,,,,,,,
RPS18,-0.9803749743680878,-0.3203734234956891,-0.6503741989318885,,,,,,,,,
WDR46,,,,,,,,,,,,
PFDN6,,,,,,,,,,,,
TAPBP,-0.4072363373697091,-0.11165709290898676,-0.2594467151393479,,,,-0.5887879581505411,-0.10436559266384364,-0.34657677540719234,,,
DAXX,,,,,,,,,,,,
KIFC1,,,,,,,,,,,,
CUTA,,,,,,,,,,,,
BAK1,,,,,,,,,,,,
ITPR3,,,,,,,,,,,,
UQCC2,,,,,,,,,,,,
LEMD2,,,,,,,,,,,,
HMGA1,,,,,,,,,,,,
SMIM29,,,,,,,,,,,,
NUDT3,,,,,,,,,,,,
RPS10,,,,,,,,,,,,
ILRUN,-0.567117346774778,-0.11005585307141369,-0.3385865999230958,,,,,,,,,
SNRPC,,,,,,,,,,,,
BLTP3A,,,,,,,,,,,,
TAF11,,,,,,,,,,,,
ANKS1A,-0.546958837513129,-0.20777098278510775,-0.3773649101491184,-0.9909531137238753,-0.4753442353103559,-0.7331486745171156,-0.7938738527261089,-0.20591218767988073,-0.4998930202029948,,,
ZNF76,,,,,,,,,,,,
PPARD,,,,,,,,,,,,
FANCE,,,,,,,,,,,,
RPL10A,,,,,,,,,,,,
TEAD3,,,,,,,,,,,,
FKBP5,,,,,,,,,,,,
LHFPL5,-0.5983297740687126,-0.23777967312738782,-0.4180547235980502,,,,,,,-0.6650470962897919,-0.16470770248509786,-0.41487739938744483
SRPK1,,,,,,,,,,,,
MAPK14,,,,,,,,,,,,
BRPF3,,,,,,,,,,,,
KCTD20,,,,,,,,,,,,
STK38,,,,,,,,,,,,
SRSF3,,,,,,,,,,,,
CDKN1A,-0.26648046816628224,-0.07797150498036792,-0.17222598657332508,,,,,,,,,
PPIL1,,,,,,,,,,,,
C6orf89,,,,,,,,,,,,
MTCH1,,,,,,,,,,,,
TBC1D22B,-0.37696633740422203,-0.06117905512602856,-0.2190726962651253,-0.9946183812944653,-0.6250559711476397,-0.8098371762210526,,,,,,
RNF8,,,,,,,,,,,,
CMTR1,,,,,,,,,,,,
CCDC167,,,,,,,,,,,,
ZFAND3,-0.7668145555536305,-0.3021060361705239,-0.5344602958620772,,,,-0.8262510314816702,-0.17845144687385736,-0.5023512391777638,,,
BTBD9,-0.6339387820289698,-0.18559677164183097,-0.4097677768354004,-0.9878025928179279,-0.4025305414902662,-0.6951665671540971,-0.714595038674351,-0.20591512945318316,-0.4602550840637671,,,
GLO1,,,,,,,,,,,,
SAYSD1,,,,,,,,,,,,
DAAM2,,,,,,,,,,,,
OARD1,,,,,,,,,,,,
NFYA,,,,,,,,,,,,
FOXP4,,,,,,,,,,,,
TOMM6,,,,,,,,,,,,
USP49,-0.4491940695166028,-0.0846267593075019,-0.2669104144120523,,,,,,,,,
MED20,,,,,,,,,,,,
BYSL,,,,,,,,,,,,
CCND3,,,,,,,,,,,,
TAF8,,,,,,,,,,,,
MRPS10,,,,,,,,,,,,
TRERF1,-0.4242638671493576,-0.09908692634439761,-0.2616753967468776,-0.9860188964871106,-0.44941225480715863,-0.7177155756471346,,,,,,
UBR2,,,,,,,-0.8824046954617679,-0.1553486396069516,-0.5188766675343598,,,
TBCC,,,,,,,,,,,,
BICRAL,-0.6710635802162799,-0.25399030957613083,-0.4625269448962054,-0.9909382078137758,-0.5491777140230567,-0.7700579609184163,-0.7609699930447522,-0.18508754728187438,-0.4730287701633133,-0.828200005964275,-0.19913028489996007,-0.5136651454321175
RPL7L1,0.1378573134329531,0.5109505221808321,0.3244039178068926,,,,,,,,,
CNPY3,,,,,,,,,,,,
PEX6,,,,,,,,,,,,
PPP2R5D,,,,,,,,,,,,
MEA1,,,,,,,,,,,,
KLHDC3,,,,,,,,,,,,
RRP36,,,,,,,,,,,,
KLC4,,,,,,,,,,,,
MRPL2,,,,,,,,,,,,
PTK7,,,,-0.9914814873503734,-0.31463867659064,-0.6530600819705067,,,,,,
SRF,,,,,,,,,,,,
DNPH1,,,,,,,,,,,,
ZNF318,,,,,,,,,,,,
ABCC10,,,,,,,,,,,,
TJAP1,,,,,,,,,,,,
POLR1C,,,,,,,,,,,,
YIPF3,,,,,,,,,,,,
XPO5,,,,,,,,,,,,
POLH,,,,,,,,,,,,
GTPBP2,,,,,,,,,,,,
MAD2L1BP,,,,,,,,,,,,
MRPS18A,0.1673371823521403,0.5170135301526615,0.3421753562524009,,,,,,,,,
VEGFA,,,,,,,,,,,,
MRPL14,,,,,,,,,,,,
TMEM63B,,,,,,,,,,,,
SLC29A1,,,,,,,,,,,,
HSP90AB1,,,,,,,,,,,,
SLC35B2,,,,,,,,,,,,
AARS2,,,,,,,,,,,,
CDC5L,,,,,,,,,,,,
SUPT3H,-0.7731886369612502,-0.32841984147714903,-0.5508042392191996,-0.9932292339923495,-0.48654409897106893,-0.7398866664817092,-0.89743435553109,-0.2592837621158676,-0.5783590588234788,,,
RUNX2,-0.7522572659720893,-0.3250985099404642,-0.5386778879562768,-0.9910655293193366,-0.5223058764729498,-0.7566857028961431,,,,-0.8664775807536171,-0.2081154156937309,-0.537296498223674
CYP39A1,,,,,,,,,,,,
SLC25A27,-0.5317131971232029,-0.16950964583623693,-0.3506114214797199,,,,,,,,,
TNFRSF21,,,,,,,,,,,,
CD2AP,,,,,,,,,,,,
MMUT,,,,,,,,,,,,
CENPQ,,,,,,,,,,,,
MCM3,,,,,,,,,,,,
PAQR8,-0.5991192632183515,-0.2945554366289549,-0.4468373499236532,-0.9944899483322555,-0.7110112160754317,-0.8527505822038436,-0.46970332684750404,-0.15897441354731304,-0.3143388701974085,-0.5938941969848812,-0.26137029511818805,-0.4276322460515346
EFHC1,-0.5734697328243352,-0.20952352236768298,-0.3914966275960091,,,,,,,-0.7084375974462198,-0.1806882719048873,-0.4445629346755535
TRAM2,,,,,,,,,,,,
TMEM14A,,,,,,,,,,,,
GSTA4,,,,,,,,,,,,
CILK1,,,,,,,,,,,,
FBXO9,,,,,,,,,,,,
ELOVL5,,,,,,,,,,,,
GCLC,,,,,,,,,,,,
LRRC1,,,,,,,,,,,,
DST,,,,-0.9965382960880464,-0.7048289184522386,-0.8506836072701425,-0.7630617384979697,-0.1620870977022703,-0.46257441810012,,,
KIAA1586,,,,,,,,,,,,
ZNF451,-0.5513127145720957,-0.1534605895939553,-0.35238665208302555,,,,,,,,,
BAG2,,,,,,,,,,,,
RAB23,,,,,,,,,,,,
PRIM2,-0.9059751464925156,-0.4145052733012114,-0.6602402098968635,,,,-0.8522428662407495,-0.15712729439138887,-0.5046850803160692,-0.8086649046834291,-0.11597298186069147,-0.4623189432720603
PHF3,,,,,,,,,,,,
EYS,-0.4268393380401502,-0.2536130809953755,-0.34022620951776283,-0.9954272633887794,-0.6841418746253825,-0.8397845690070809,-0.8058581437201703,-0.1466716035091493,-0.4762648736146598,-0.5549046040135973,-0.23257885972324457,-0.39374173186842093
ADGRB3,-0.7588908653718207,-0.3492936745643526,-0.5540922699680867,-0.9950085243433078,-0.6703332922892047,-0.8326709083162562,-0.8787670225039512,-0.2553624085647523,-0.5670647155343518,-0.6805900452499773,-0.09834608368873196,-0.38946806446935467
LMBRD1,,,,,,,,,,,,
COL19A1,-0.39600375054797704,-0.07482340713400647,-0.23541357884099176,-0.9939289957489048,-0.672304515426018,-0.8331167555874615,,,,,,
FAM135A,,,,,,,,,,,,
SDHAF4,,,,,,,,,,,,
SMAP1,,,,,,,,,,,,
B3GAT2,,,,,,,,,,,,
OGFRL1,,,,,,,,,,,,
KCNQ5,-0.5909498662744334,-0.22467997298359202,-0.4078149196290127,-0.9934940888631623,-0.7063041729442016,-0.8498991309036819,-0.6399952298804582,-0.13780582296037697,-0.3889005264204176,,,
KHDC1,-0.383749237279644,-0.1920027982422594,-0.28787601776095173,-0.9947685033329571,-0.6027230878204308,-0.7987457955766939,,,,-0.5087488912249316,-0.10909670632637244,-0.30892279877565204
OOEP,,,,,,,,,,,,
MTO1,,,,,,,,,,,,
EEF1A1,,,,,,,,,,,,
SLC17A5,,,,,,,,,,,,
COX7A2,,,,,,,,,,,,
TMEM30A,,,,,,,,,,,,
SENP6,,,,,,,,,,,,
MYO6,,,,,,,,,,,,
IRAK1BP1,-0.5301759527425846,-0.18804478457781873,-0.35911036866020163,,,,,,,-0.6908522231221685,-0.1696771402074209,-0.4302646816647947
PHIP,,,,,,,,,,,,
HMGN3,,,,,,,,,,,,
LCA5,,,,,,,,,,,,
SH3BGRL2,,,,,,,,,,,,
ELOVL4,,,,,,,,,,,,
TTK,,,,,,,,,,,,
BCKDHB,-0.5474028410331556,-0.16035133261276327,-0.35387708682295943,,,,,,,,,
TENT5A,,,,,,,,,,,,
IBTK,,,,,,,,,,,,
TPBG,-0.25259250373082925,-0.07453290580662515,-0.1635627047687272,-0.9914482996249323,-0.5785060203587987,-0.7849771599918656,,,,,,
UBE3D,-0.7205379854856263,-0.22145924201048606,-0.4709986137480562,,,,-0.7757499418455347,-0.14874093467230495,-0.46224543825891984,,,
DOP1A,,,,,,,,,,,,
PGM3,,,,,,,,,,,,
ME1,,,,,,,,,,,,
CYB5R4,,,,,,,,,,,,
CEP162,,,,,,,,,,,,
TBX18,,,,,,,,,,,,
SNX14,-0.487535937581866,-0.10559581668776512,-0.2965658771348155,,,,,,,,,
SYNCRIP,,,,,,,,,,,,
ZNF292,-0.4866907444522032,-0.08773885343397965,-0.28721479894309143,,,,,,,,,
SMIM8,,,,,,,,,,,,
SLC35A1,,,,-0.9907824200733173,-0.4828008288026058,-0.7367916244379615,,,,,,
RARS2,,,,,,,,,,,,
ORC3,,,,,,,,,,,,
AKIRIN2,,,,,,,,,,,,
RNGTT,-0.5348173044319511,-0.15099578360968682,-0.34290654402081894,,,,-0.8254616079038667,-0.16828449815519214,-0.49687305302952944,,,
PNRC1,,,,,,,,,,,,
SRSF12,,,,,,,,,,,,
PM20D2,,,,,,,,,,,,
UBE2J1,,,,,,,,,,,,
RRAGD,,,,,,,,,,,,
ANKRD6,-0.4916124349652513,-0.12322068877534421,-0.30741656187029776,,,,,,,,,
LYRM2,,,,,,,,,,,,
MDN1,,,,,,,,,,,,
CASP8AP2,-0.7879073921894504,-0.33920684530534734,-0.5635571187473989,,,,,,,,,
BACH2,-0.595015297863893,-0.2986041338322232,-0.44680971584805806,-0.9963772404857415,-0.6346945380669733,-0.8155358892763573,-0.7993914763974687,-0.13942433088528525,-0.46940790364137697,-0.6121097627665986,-0.15425332879695103,-0.38318154578177477
MAP3K7,,,,,,,,,,,,
EPHA7,-0.4637715264200829,-0.14741241699019492,-0.3055919717051389,-0.9913734833599017,-0.4222698587524933,-0.7068216710561975,-0.564847795841867,-0.11701682855969103,-0.340932312200779,,,
MANEA,,,,,,,,,,,,
UFL1,,,,,,,,,,,,
GPR63,,,,-0.9921342196673847,-0.31767738666514056,-0.6549058031662627,,,,,,
NDUFAF4,,,,,,,,,,,,
MMS22L,-0.6256132809020983,-0.20827576742358148,-0.4169445241628399,,,,,,,,,
POU3F2,,,,,,,,,,,,
FBXL4,-0.48232153043863946,-0.10942535308459507,-0.2958734417616173,,,,,,,,,
FAXC,,,,,,,,,,,,
COQ3,,,,,,,,,,,,
PNISR,,,,,,,,,,,,
USP45,,,,,,,,,,,,
TSTD3,-0.5564041087636333,-0.10740627763828231,-0.3319051932009578,,,,,,,,,
CCNC,,,,,,,,,,,,
ASCC3,,,,,,,,,,,,
HACE1,-0.47247030251827665,-0.12738458073966272,-0.29992744162896967,,,,,,,,,
LIN28B,,,,,,,,,,,,
POPDC3,,,,,,,,,,,,
PREP,,,,,,,,,,,,
ATG5,,,,,,,,,,,,
RTN4IP1,,,,,,,,,,,,
QRSL1,,,,-0.9943491359228122,-0.4730751010980492,-0.7337121185104307,,,,,,
MTRES1,,,,,,,,,,,,
BEND3,,,,,,,,,,,,
PDSS2,-0.5990680585135766,-0.15200780437309455,-0.3755379314433356,,,,,,,,,
SOBP,,,,-0.9950857541414281,-0.5372687550704726,-0.7661772546059503,,,,,,
SEC63,,,,,,,,,,,,
OSTM1,,,,,,,,,,,,
SNX3,,,,,,,,,,,,
AFG1L,,,,,,,,,,,,
FOXO3,-0.5075397895357682,-0.09646763206004191,-0.30200371079790506,,,,,,,,,
ARMC2,,,,-0.9863448273898646,-0.27426756033870603,-0.6303061938642853,,,,,,
SESN1,,,,,,,,,,,,
CEP57L1,,,,,,,,,,,,
CD164,,,,,,,,,,,,
PPIL6,,,,-0.973632413099863,-0.27316048126397785,-0.6233964471819204,,,,,,
ZBTB24,,,,,,,,,,,,
FIG4,,,,-0.9871484036719638,-0.3672857763733175,-0.6772170900226406,,,,,,
WASF1,,,,,,,,,,,,
CDC40,,,,,,,,,,,,
SLC22A16,-0.5582276351044171,-0.3265045645053833,-0.44236609980490016,-0.99501441998417,-0.7134722783066203,-0.8542433491453951,-0.559504644228333,-0.2145059676078166,-0.3870053059180748,-0.6214364311349734,-0.31256605657549597,-0.46700124385523467
CDK19,-0.446458925476558,-0.17282367804130527,-0.3096413017589317,-0.9890075586528562,-0.424355782102187,-0.7066816703775216,,,,-0.8251009842987106,-0.25073286282627,-0.5379169235624903
AMD1,,,,,,,,,,,,
GTF3C6,,,,,,,,,,,,
RPF2,,,,,,,,,,,,
SLC16A10,-0.5619910128588868,-0.16482743043403866,-0.3634092216464627,-0.9903648673922183,-0.5580212397888143,-0.7741930535905164,,,,,,
MFSD4B,-0.6764397977172405,-0.29965339490145687,-0.48804659630934866,-0.9918637534112833,-0.4549127451608105,-0.7233882492860468,-0.879362141378628,-0.12907952323537314,-0.5042208323070005,-0.836534326016532,-0.1362378063283806,-0.4863860661724563
REV3L,-0.7016138327239283,-0.1673027945921577,-0.434458313658043,-0.9857597530168524,-0.35843535536392834,-0.6720975541903904,,,,,,
TRAF3IP2,-0.379060699080215,-0.07529642431508006,-0.22717856169764752,-0.9849296289667107,-0.31342151548146735,-0.6491755722240891,,,,,,
FYN,,,,-0.9886966070658173,-0.3760614204811278,-0.6823790137734725,,,,,,
TUBE1,,,,,,,,,,,,
FAM229B,,,,,,,,,,,,
LAMA4,,,,,,,,,,,,
MARCKS,,,,,,,,,,,,
HDAC2,,,,,,,,,,,,
NT5DC1,,,,-0.9894526511917029,-0.364458014781321,-0.6769553329865119,,,,,,
TSPYL4,-0.3042747827715543,-0.04761874634609276,-0.17594676455882352,,,,,,,,,
DSE,-0.36716656459511876,-0.045920435000417884,-0.20654349979776832,,,,,,,,,
TSPYL1,,,,,,,,,,,,
RWDD1,-0.9952795521645812,-0.5641553745990313,-0.7797174633818063,,,,,,,,,
ZUP1,,,,,,,,,,,,
KPNA5,,,,,,,,,,,,
DCBLD1,,,,,,,,,,,,
GOPC,,,,,,,,,,,,
NUS1,,,,,,,,,,,,
SLC35F1,-0.487757753350273,-0.12222003902974371,-0.30498889619000835,,,,,,,,,
CEP85L,,,,,,,,,,,,
MCM9,-0.4148457274592846,-0.12281041154063715,-0.26882806949996085,-0.983576384464859,-0.3351695311442145,-0.6593729578045368,,,,,,
ASF1A,,,,,,,,,,,,
FAM184A,-0.45426643292134045,-0.08214816342298041,-0.26820729817216044,,,,,,,,,
MAN1A1,-0.49474139669202033,-0.14604144112781298,-0.3203914189099166,-0.9871022884681192,-0.41718530229037254,-0.7021437953792459,-0.8625329173691262,-0.18147922273441613,-0.5220060700517711,,,
TBC1D32,-0.5171474531770643,-0.18857462604064928,-0.35286103960885684,-0.992656090333601,-0.48674021477108287,-0.739698152552342,-0.5958737504452462,-0.19781224376518414,-0.39684299710521515,,,
GJA1,,,,,,,,,,,,
HSF2,,,,,,,,,,,,
SERINC1,,,,,,,,,,,,
PKIB,,,,,,,,,,,,
NKAIN2,-0.4348620955417464,-0.1673768379047957,-0.30111946672327106,-0.9925937768030207,-0.4421934029368986,-0.7173935898699597,,,,,,
RNF217,,,,,,,,,,,,
TPD52L1,,,,,,,,,,,,
HDDC2,,,,,,,,,,,,
HEY2,,,,,,,,,,,,
NCOA7,,,,,,,,,,,,
HINT3,,,,,,,,,,,,
TRMT11,-0.7736604759701763,-0.23174042880027085,-0.5027004523852235,-0.9912374804391664,-0.5165603826689569,-0.7538989315540616,,,,,,
CENPW,,,,,,,,,,,,
RNF146,,,,,,,,,,,,
ECHDC1,,,,,,,,,,,,
PTPRK,-0.7204621822219426,-0.28619956966922605,-0.5033308759455843,-0.9879850468664249,-0.315780392173675,-0.65188271952005,-0.8623692940530711,-0.2040327008032106,-0.5332009974281409,-0.7661260950306011,-0.1746851306992249,-0.470405612864913
LAMA2,,,,,,,,,,,,
ARHGAP18,-0.3628386084526814,-0.07998326882202939,-0.2214109386373554,-0.994148505127091,-0.6969621949734378,-0.8455553500502644,,,,,,
L3MBTL3,-0.5374605726639239,-0.1213332823828702,-0.32939692752339705,,,,,,,,,
EPB41L2,,,,-0.9911551173523447,-0.4056612544682024,-0.6984081859102735,,,,,,
AKAP7,-0.5374116027704009,-0.20705593332240524,-0.37223376804640307,-0.9925560226550614,-0.6237813054129534,-0.8081686640340073,,,,,,
MED23,-0.5982208193540376,-0.13571658502283707,-0.36696870218843736,,,,,,,,,
ENPP1,,,,,,,,,,,,
MOXD1,-0.4177777206716839,-0.09421306185274726,-0.2559953912622156,-0.9963846889485555,-0.5664615487279999,-0.7814231188382776,,,,,,
STX7,-0.4350339103776182,-0.12280651990479649,-0.27892021514120735,,,,,,,,,
SLC18B1,,,,,,,,,,,,
RPS12,,,,,,,,,,,,
EYA4,-0.6239139163909292,-0.18998725540933653,-0.4069505859001329,-0.9845011866198127,-0.36907560900441827,-0.6767883978121154,,,,,,
TBPL1,,,,,,,,,,,,
HBS1L,,,,,,,,,,,,
AHI1,,,,,,,,,,,,
MTFR2,,,,,,,,,,,,
BCLAF1,,,,,,,,,,,,
MAP7,,,,,,,,,,,,
MAP3K5,-0.7052076939214221,-0.2104190559279062,-0.4578133749246642,-0.9904441594326082,-0.48988491321806776,-0.740164536325338,-0.736535253015638,-0.16651299923966226,-0.45152412612765014,,,
PEX7,,,,,,,,,,,,
IFNGR1,,,,,,,,,,,,
PERP,,,,,,,,,,,,
ARFGEF3,,,,,,,,,,,,
HEBP2,,,,,,,,,,,,
NHSL1,-0.6914884611526833,-0.26351451563050854,-0.4775014883915959,,,,,,,,,
CCDC28A,,,,,,,,,,,,
REPS1,-0.5325322436625738,-0.12584742089323353,-0.32918983227790366,,,,,,,,,
ABRACL,,,,,,,,,,,,
HECA,,,,,,,,,,,,
CITED2,,,,,,,,,,,,
VTA1,,,,,,,,,,,,
HIVEP2,-0.5028688807345933,-0.15292892050235288,-0.3278989006184731,-0.9906836212074109,-0.3964871950014233,-0.6935854081044172,,,,,,
AIG1,-0.7697429271360638,-0.09891742189869689,-0.4343301745173804,,,,,,,,,
ADAT2,,,,,,,,,,,,
PEX3,,,,,,,,,,,,
FUCA2,,,,,,,,,,,,
PHACTR2,-0.6711899925961637,-0.2711390618247786,-0.4711645272104712,-0.9966441583796166,-0.7599801484710207,-0.8783121534253187,-0.9580179950741345,-0.2597997839020713,-0.608908889488103,,,
LTV1,,,,,,,,,,,,
PLAGL1,-0.5700630997063293,-0.12761771715627265,-0.348840408431301,,,,,,,,,
SF3B5,,,,,,,,,,,,
UTRN,-0.5217226946257958,-0.16666319397482368,-0.3441929443003097,,,,-0.6798666126053353,-0.1904719077529672,-0.43516926017915125,,,
EPM2A,,,,,,,,,,,,
FBXO30,,,,,,,,,,,,
SHPRH,,,,,,,,,,,,
RAB32,,,,,,,,,,,,
STXBP5,-0.5118234029959445,-0.17371260831823643,-0.3427680056570905,,,,,,,,,
SAMD5,-0.46584385403874573,-0.1436321820952335,-0.30473801806698964,,,,-0.6356782220033957,-0.1838578081031182,-0.409768015053257,,,
SASH1,-0.5536128748067062,-0.2265103767035403,-0.39006162575512326,,,,-0.9528440867854853,-0.2390244691198651,-0.5959342779526752,,,
UST,-0.43040632950446645,-0.19057309825623694,-0.3104897138803517,,,,-0.8410429674694908,-0.11911389308374191,-0.48007843027661634,,,
TAB2,,,,,,,,,,,,
PPIL4,,,,,,,,,,,,
GINM1,,,,,,,,,,,,
KATNA1,,,,,,,,,,,,
LATS1,,,,,,,,,,,,
NUP43,-0.7479323518314166,-0.13905226197421988,-0.44349230690281827,,,,,,,,,
PCMT1,,,,,,,,,,,,
LRP11,,,,,,,,,,,,
ULBP3,,,,,,,,,,,,
PPP1R14C,,,,,,,,,,,,
PLEKHG1,-0.28960201538427705,-0.10559028529319639,-0.19759615033873673,-0.9940626035629753,-0.6785592298716558,-0.8363109167173155,,,,,,
MTHFD1L,,,,,,,,,,,,
AKAP12,,,,,,,,,,,,
ZBTB2,,,,,,,,,,,,
RMND1,,,,,,,,,,,,
ARMT1,,,,,,,,,,,,
SYNE1,-0.6533835030691431,-0.28335770752295536,-0.46837060529604924,-0.9899312269279232,-0.6394257983259046,-0.8146785126269139,-0.5710466907296659,-0.1965322322410365,-0.3837894614853512,-0.7695276883184939,-0.29569329528102656,-0.5326104917997603
FBXO5,-0.563521091108213,-0.23975546618795618,-0.4016382786480846,,,,,,,-0.6041187485843691,-0.10473154058121141,-0.35442514458279023
MTRF1L,,,,,,,,,,,,
RGS17,-0.459650646917991,-0.1311185016535108,-0.29538457428575093,,,,-0.7749579302168726,-0.2676241939373666,-0.5212910620771196,,,
CNKSR3,,,,-0.9906328589033503,-0.36766928031167,-0.6791510696075101,,,,,,
SCAF8,-0.8084540868562609,-0.3302314332261018,-0.5693427600411813,-0.9727254461186224,-0.2331321064555293,-0.6029287762870759,-0.8995754943785474,-0.24172808951787098,-0.5706517919482093,,,
TIAM2,-0.5350620755294841,-0.2508458587596103,-0.3929539671445472,-0.9937126903157378,-0.5763512497542104,-0.7850319700349742,-0.7282909075594779,-0.1573370500499565,-0.4428139788047172,,,
TFB1M,,,,,,,,,,,,
ARID1B,-0.9921990809816448,-0.6156143828945692,-0.803906731938107,-0.9861720396840482,-0.321294437729836,-0.6537332387069421,-0.9708503022896369,-0.4198637412922878,-0.6953570217909624,-0.9710396696928545,-0.4049619195453411,-0.6880007946190978
TMEM242,,,,,,,,,,,,
ZDHHC14,-0.41928942368127575,-0.12797350587719195,-0.27363146477923384,,,,,,,,,
SNX9,,,,,,,,,,,,
SYNJ2,,,,,,,,,,,,
SERAC1,,,,,,,,,,,,
GTF2H5,,,,,,,,,,,,
TULP4,,,,,,,,,,,,
TMEM181,,,,,,,,,,,,
DYNLT1,,,,,,,,,,,,
SYTL3,-0.5694793043028075,-0.27520015372729667,-0.42233972901505207,-0.9951212382984967,-0.7135924190760978,-0.8543568286872973,-0.4052428462939669,-0.24846168583930947,-0.3268522660666382,-0.7328516069148421,-0.2969317158429005,-0.5148916613788713
EZR,,,,,,,,,,,,
RSPH3,-0.40460056657183907,-0.07775735632917852,-0.2411789614505088,,,,,,,,,
SOD2,,,,-0.9928218257887913,-0.6876393268604485,-0.8402305763246198,,,,,,
WTAP,-0.9745572659827719,-0.43022882347580294,-0.7023930447292874,,,,-0.9722768571892031,-0.405316950660718,-0.6887969039249605,-0.9784159884691856,-0.1447180357201923,-0.561567012094689
ACAT2,,,,,,,,,,,,
TCP1,,,,,,,,,,,,
MRPL18,,,,,,,,,,,,
IGF2R,-0.5394972872508279,-0.19709681872747284,-0.3682970529891504,,,,-0.8438686957993942,-0.22413024484103833,-0.5339994703202162,,,
MAP3K4,,,,,,,,,,,,
AGPAT4,,,,,,,,,,,,
PRKN,-0.5172531565824726,-0.2117040326495866,-0.3644785946160296,-0.988890942136552,-0.5259678368091601,-0.7574293894728561,-0.6915970598141113,-0.2014388022268273,-0.4465179310204693,,,
QKI,,,,,,,,,,,,
PDE10A,-0.4833892590370582,-0.11327728794357295,-0.2983332734903156,-0.9880170511921571,-0.29653962543309575,-0.6422783383126265,-0.6758960598180908,-0.17224176207022038,-0.42406891094415555,,,
SFT2D1,,,,,,,,,,,,
MPC1,,,,,,,,,,,,
RPS6KA2,-0.4548933448597653,-0.17092122719249142,-0.3129072860261284,-0.9910370347634883,-0.5861724831327392,-0.7886047589481138,,,,,,
RNASET2,,,,,,,,,,,,
CEP43,,,,-0.9929226125278265,-0.48325427155905987,-0.7380884420434433,,,,,,
AFDN,,,,,,,,,,,,
WDR27,-0.5566301190682547,-0.12753084378500568,-0.34208048142663017,,,,,,,,,
C6orf120,,,,,,,,,,,,
PHF10,,,,,,,,,,,,
ERMARD,,,,,,,,,,,,
FAM120B,,,,,,,,,,,,
PSMB1,,,,,,,,,,,,
TBP,,,,,,,,,,,,
PDCD2,,,,,,,,,,,,
PRKAR1B,,,,,,,,,,,,
DNAAF5,,,,,,,,,,,,
SUN1,,,,,,,,,,,,
COX19,,,,,,,,,,,,
C7orf50,,,,,,,,,,,,
ZFAND2A,,,,,,,,,,,,
INTS1,,,,,,,,,,,,
PSMG3,,,,,,,,,,,,
MAD1L1,-0.3702309779721655,-0.07262886899337911,-0.2214299234827723,,,,-0.6276642664132862,-0.16483551199980484,-0.3962498892065455,,,
MRM2,,,,,,,,,,,,
NUDT1,,,,,,,,,,,,
SNX8,,,,,,,,,,,,
EIF3B,,,,,,,,,,,,
CHST12,-0.4685134377528239,-0.1899654259299133,-0.3292394318413686,-0.9973058406695229,-0.5708172211519272,-0.7840615309107251,,,,-0.5486518036629351,-0.0800057844401385,-0.3143287940515368
BRAT1,,,,,,,,,,,,
IQCE,,,,,,,,,,,,
TTYH3,,,,,,,,,,,,
GNA12,,,,,,,,,,,,
SDK1,-0.9094481323836434,-0.427358774204548,-0.6684034532940957,-0.9915911676145488,-0.5686226941863194,-0.780106930900434,-0.7421433727095118,-0.27087341423623273,-0.5065083934728722,-0.5646569529841728,-0.11709890929270764,-0.3408779311384402
FOXK1,,,,,,,,,,,,
AP5Z1,,,,,,,,,,,,
RADIL,,,,,,,,,,,,
RBAK,,,,,,,,,,,,
WIPI2,,,,,,,,,,,,
SLC29A4,,,,,,,,,,,,
TNRC18,-0.5132609141577594,-0.08660203600266321,-0.29993147508021134,,,,,,,,,
FBXL18,,,,-0.9971244965638774,-0.6554815408939466,-0.826303018728912,,,,,,
ACTB,,,,,,,-0.9633619533170729,-0.3024913867235003,-0.6329266700202866,,,
FSCN1,,,,,,,,,,,,
RNF216,-0.5583846027185075,-0.15521053481223476,-0.35679756876537116,-0.9971738251398239,-0.7260518594894636,-0.8616128423146437,,,,,,
CCZ1,,,,,,,,,,,,
PMS2,,,,,,,,,,,,
AIMP2,0.12684510831720333,0.5516750529879267,0.339260080652565,,,,,,,,,
EIF2AK1,,,,,,,,,,,,
USP42,,,,-0.9843803729887498,-0.29478022825209343,-0.6395803006204216,,,,,,
CYTH3,,,,-0.98901165893908,-0.35155725365565177,-0.6702844562973659,,,,,,
RAC1,,,,,,,,,,,,
DAGLB,,,,,,,,,,,,
KDELR2,,,,,,,,,,,,
ZDHHC4,,,,,,,,,,,,
INTS15,,,,,,,,,,,,
ZNF316,,,,-0.9821696432663457,-0.33340414876257773,-0.6577868960144617,,,,,,
ZNF12,,,,,,,,,,,,
CCZ1B,,,,,,,,,,,,
C1GALT1,,,,,,,,,,,,
MIOS,,,,,,,,,,,,
RPA3,,,,,,,,,,,,
UMAD1,-0.6021088326053532,-0.2301421423649833,-0.41612548748516826,,,,-0.8176710212630852,-0.22063230421921495,-0.5191516627411501,,,
GLCCI1,,,,,,,,,,,,
NXPH1,-0.5113117409011353,-0.2740562306986829,-0.3926839857999091,-0.9956298120218214,-0.7131705538946598,-0.8544001829582406,-0.5084965091471374,-0.1380403340077755,-0.32326842157745644,-0.5024973903759024,-0.2607904923502025,-0.38164394136305246
NDUFA4,,,,,,,,,,,,
PHF14,,,,,,,,,,,,
TMEM106B,,,,,,,,,,,,
VWDE,,,,,,,,,,,,
ARL4A,,,,,,,,,,,,
DGKB,-0.6204890214709632,-0.363250874942441,-0.4918699482067021,-0.9979767574216301,-0.7782944548037956,-0.8881356061127128,-0.5029848104570126,-0.24987617224981234,-0.37643049135341244,-0.8150982321640876,-0.4086404423307625,-0.6118693372474251
CRPPA,,,,-0.9927146514739668,-0.4460230824509916,-0.7193688669624791,,,,,,
ANKMY2,,,,,,,,,,,,
BZW2,,,,,,,,,,,,
TSPAN13,,,,,,,,,,,,
AHR,,,,-0.9951495741498944,-0.5668573171548925,-0.7810034456523934,,,,,,
SNX13,,,,,,,,,,,,
HDAC9,-0.5508854169906953,-0.2741091658421741,-0.41249729141643465,-0.9954766306950965,-0.6564316392029094,-0.8259541349490029,-0.8034940235987211,-0.2683249081359545,-0.5359094658673378,-0.4193002964888308,-0.0747224030394113,-0.24701134976412106
TWIST1,,,,,,,,,,,,
POLR1F,0.27823554836894215,0.5010679684120016,0.3896517583904719,,,,,,,,,
SP4,-0.4855498348863341,-0.18551910100465357,-0.3355344679454938,,,,,,,-0.6723058635201229,-0.129533699256791,-0.40091978138845696
DNAH11,-0.6066812833888797,-0.21896816868457142,-0.4128247260367256,,,,-0.8250833582983788,-0.17814272047718435,-0.5016130393877816,,,
CDCA7L,,,,,,,,,,,,
RAPGEF5,-0.3849888548650811,-0.08541706523053257,-0.23520296004780683,,,,-0.6385684133128353,-0.13814509375805695,-0.38835675353544613,,,
STEAP1B,-0.4834654764630825,-0.252409467814451,-0.36793747213876676,-0.9929894948105934,-0.6060382909762776,-0.7995138928934356,-0.6207892083970836,-0.23632841669086413,-0.4285588125439739,-0.6775628032795996,-0.31558369513300255,-0.4965732492063011
TOMM7,,,,,,,,,,,,
HYCC1,,,,-0.9970581398442835,-0.6648639829225292,-0.8309610613834064,,,,,,
KLHL7,,,,,,,,,,,,
NUP42,,,,,,,,,,,,
MALSU1,,,,,,,,,,,,
IGF2BP3,-0.6163077003193135,-0.2198500110932099,-0.4180788557062617,,,,-0.7279848814100617,-0.23119109857983405,-0.4795879899949479,,,
TRA2A,-0.9861813659124601,-0.49667357680775776,-0.7414274713601089,,,,-0.969574805792831,-0.3287324027789333,-0.6491536042858821,-0.976849403227458,-0.24029838224515968,-0.6085738927363088
CCDC126,,,,,,,,,,,,
PALS2,,,,,,,,,,,,
OSBPL3,-0.8094517588542686,-0.3650132079897091,-0.5872324834219889,,,,-0.9661941017624928,-0.2528235480854133,-0.6095088249239531,-0.8109940388784174,-0.1549692071549491,-0.48298162301668324
CYCS,,,,,,,,,,,,
C7orf31,-0.363402732949683,-0.03147083037456858,-0.1974367816621258,,,,,,,,,
NFE2L3,,,,,,,,,,,,
HNRNPA2B1,,,,,,,,,,,,
CBX3,,,,,,,,,,,,
SNX10,,,,,,,,,,,,
SKAP2,,,,,,,,,,,,
HOXA3,-0.8358260129747102,-0.38041989994096725,-0.6081229564578388,,,,-0.8113727685274382,-0.21767314233027027,-0.5145229554288543,-0.9097770700401236,-0.3557199097035389,-0.6327484898718313
HOXA5,,,,,,,,,,,,
HOXA7,,,,,,,,,,,,
HOXA9,,,,,,,,,,,,
HOXA10,,,,,,,,,,,,
HOXA11,,,,,,,,,,,,
HOXA13,,,,,,,,,,,,
HIBADH,,,,-0.9959918687330768,-0.6469012864163496,-0.8214465775747132,,,,,,
TAX1BP1,,,,,,,,,,,,
JAZF1,-0.7126757042161447,-0.29891436975957486,-0.5057950369878598,-0.9923013463755194,-0.5641788206808439,-0.7782400835281816,-0.9105587578542099,-0.17317540628052147,-0.5418670820673657,,,
CREB5,-0.4579811729468429,-0.1567977315451484,-0.3073894522459956,,,,-0.7613422829959194,-0.23288853237229537,-0.4971154076841074,,,
CPVL,,,,,,,,,,,,
CHN2,-0.39171252792519895,-0.10286896922166683,-0.2472907485734329,-0.9923244521555048,-0.5334957318444395,-0.7629100919999722,,,,,,
WIPF3,,,,,,,,,,,,
SCRN1,,,,,,,,,,,,
FKBP14,,,,,,,,,,,,
PLEKHA8,,,,,,,,,,,,
MTURN,,,,,,,,,,,,
ZNRF2,-0.5646838628226151,-0.16664411089996806,-0.36566398686129153,,,,-0.7656877437961169,-0.15450586858118723,-0.46009680618865206,,,
NOD1,,,,,,,,,,,,
GGCT,,,,,,,,,,,,
GARS1,,,,,,,,,,,,
MINDY4,,,,,,,,,,,,
LSM5,,,,,,,,,,,,
AVL9,,,,,,,,,,,,
KBTBD2,-0.4039220671122961,-0.0973434100906046,-0.25063273860145036,,,,,,,,,
FKBP9,,,,,,,,,,,,
NT5C3A,,,,,,,,,,,,
RP9,,,,,,,,,,,,
BBS9,-0.47721576732870213,-0.13840811327620675,-0.30781194030245446,-0.9923833300585528,-0.4630237258604749,-0.7277035279595139,-0.889062591653561,-0.2039442307106079,-0.5465034111820845,,,
BMPER,,,,,,,,,,,,
DPY19L1,,,,,,,,,,,,
TBX20,-0.4405396791787691,-0.1206110245724938,-0.28057535187563143,,,,,,,-0.5019650889928406,-0.05624669088512408,-0.2791058899389824
HERPUD2,,,,,,,,,,,,
SEPTIN7,,,,,,,,,,,,
EEPD1,,,,,,,,,,,,
MATCAP2,,,,-0.9899920176217543,-0.22611912390016076,-0.6080555707609575,,,,,,
ANLN,,,,,,,,,,-0.5682920606885592,-0.0875313065947454,-0.3279116836416523
ELMO1,-0.43195498064886867,-0.14971771921879223,-0.29083634993383045,-0.9893676968956598,-0.464776941448337,-0.7270723191719984,,,,-0.4045059253311199,-0.0806968716808045,-0.24260139850596218
STARD3NL,,,,,,,,,,,,
AMPH,-0.4565645867252945,-0.09855372869709508,-0.27755915771119477,,,,,,,,,
VPS41,,,,,,,,,,,,
POU6F2,-0.4366134940508848,-0.1667909723893888,-0.3017022332201368,-0.9895134039090601,-0.4870495148524655,-0.7382814593807627,,,,,,
YAE1,,,,,,,,,,,,
RALA,,,,,,,,,,,,
CDK13,-0.5221582520409462,-0.13461903660813812,-0.3283886443245422,,,,,,,,,
MPLKIP,,,,,,,,,,,,
SUGCT,-0.5651962280274198,-0.1790854223639099,-0.3721408251956648,,,,,,,,,
GLI3,-0.4516800893945489,-0.07974959113220666,-0.26571484026337777,,,,-0.7841289613384012,-0.12194424155251837,-0.45303660144545976,,,
C7orf25,,,,,,,,,,,,
PSMA2,,,,,,,,,,,,
MRPL32,0.24189486869827917,0.5259775321353065,0.3839362004167928,,,,,,,,,
STK17A,,,,,,,,,,,,
COA1,,,,,,,,,,,,
BLVRA,,,,,,,,,,,,
MRPS24,,,,,,,,,,,,
URGCP,,,,,,,,,,,,
UBE2D4,,,,,,,,,,,,
DBNL,,,,,,,,,,,,
POLM,,,,,,,,,,,,
POLD2,,,,,,,,,,,,
YKT6,,,,,,,,,,,,
NUDCD3,,,,,,,,,,,,
DDX56,,,,,,,,,,,,
TMED4,-0.9787284133749573,-0.4788694632557638,-0.7287989383153606,,,,-0.9603219507956541,-0.28667525432992447,-0.6234986025627893,,,
OGDH,,,,,,,,,,,,
ZMIZ2,,,,,,,,,,,,
PPIA,,,,,,,,,,,,
PURB,,,,,,,,,,,,
CCM2,,,,,,,,,,,,
TBRG4,,,,,,,,,,,,
ADCY1,-0.37578464554944974,-0.06692057019741639,-0.22135260787343305,-0.995809574276176,-0.6653605983727755,-0.8305850863244757,,,,,,
TNS3,-0.4012375957743712,-0.09673692621784882,-0.24898726099611002,-0.9937314095753045,-0.4473117630239992,-0.7205215862996519,,,,,,
HUS1,,,,,,,,,,,,
UPP1,,,,,,,,,,,,
FIGNL1,,,,,,,,,,,,
GRB10,,,,,,,,,,,,
COBL,,,,,,,,,,,,
SEC61G,,,,,,,,,,,,
EGFR,-0.43263251047246837,-0.11860318976415617,-0.27561785011831225,,,,-0.6014082896298429,-0.13381749712164492,-0.36761289337574393,,,
LANCL2,,,,,,,,,,,,
VOPP1,,,,,,,,,,,,
ZNF713,-0.49676362174677813,-0.1448636511519584,-0.3208136364493683,-0.9936432258732051,-0.6983016619817692,-0.8459724439274872,,,,,,
NIPSNAP2,,,,,,,,,,,,
MRPS17,,,,,,,,,,,,
PSPH,,,,,,,,,,,,
CCT6A,,,,,,,,,,,,
SUMF2,-0.5971087817522339,-0.07048758691824333,-0.3337981843352386,,,,,,,,,
PHKG1,-0.7555892327493761,-0.29478607153738956,-0.5251876521433828,,,,-0.6968025957563836,-0.2137041615638365,-0.45525337866011006,-0.7925223427365929,-0.11641411582572987,-0.45446822928116143
CHCHD2,,,,,,,,,,,,
ZNF736,,,,,,,,,,,,
ZNF680,,,,,,,,,,,,
ZNF107,,,,,,,,,,,,
ZNF138,,,,,,,,,,,,
ZNF273,,,,-0.9916663756391965,-0.46550890528485755,-0.7285876404620271,,,,,,
ZNF92,,,,,,,,,,,,
VKORC1L1,,,,,,,,,,,,
GUSB,,,,,,,,,,,,
ASL,,,,,,,,,,,,
CRCP,,,,,,,,,,,,
TPST1,-0.75369379946891,-0.32510908719741244,-0.5394014433331612,-0.9894934294839498,-0.39096730732038415,-0.690230368402167,-0.7188833521795134,-0.15167391169036595,-0.43527863193493965,-0.7354682498385517,-0.17567306986648523,-0.4555706598525185
RABGEF1,-0.5616440100090495,-0.15343182096620242,-0.357537915487626,,,,-0.8731498922255942,-0.2301155902268443,-0.5516327412262193,,,
TMEM248,,,,,,,,,,,,
SBDS,,,,,,,,,,,,
TYW1,-0.48315187682301647,-0.15874303632440778,-0.32094745657371215,,,,-0.8204338138405889,-0.2042943503776539,-0.5123640821091214,,,
AUTS2,-0.9505950012803942,-0.4872386432402812,-0.7189168222603377,-0.9938039979081017,-0.6271930766160914,-0.8104985372620965,-0.9838678681540677,-0.4404769593141903,-0.712172413734129,-0.7113497949062928,-0.19353983619413387,-0.4524448155502133
CALN1,-0.37428195420544913,-0.23748996959226085,-0.305885961898855,-0.9946794018024255,-0.6491988807535779,-0.8219391412780017,-0.698017291265403,-0.22435304376621112,-0.46118516751580707,-0.7476016339792501,-0.2884514266569777,-0.5180265303181139
TYW1B,-0.5431782459921686,-0.20605985683039765,-0.3746190514112831,-0.9863295557253351,-0.4031159617909741,-0.6947227587581546,,,,,,
POM121,,,,,,,,,,,,
NSUN5,,,,,,,,,,,,
BAZ1B,,,,,,,,,,,,
BCL7B,,,,,,,,,,,,
TBL2,,,,,,,,,,,,
MLXIPL,,,,,,,,,,,,
DNAJC30,,,,,,,,,,,,
BUD23,,,,,,,,,,,,
ABHD11,,,,,,,,,,,,
LIMK1,,,,,,,,,,,,
EIF4H,,,,,,,,,,,,
RFC2,,,,,,,,,,,,
CLIP2,-0.5529315942729758,-0.08541413744019626,-0.319172865856586,-0.9930588537867179,-0.5626272812326564,-0.7778430675096871,,,,,,
GTF2IRD1,,,,,,,,,,,,
GTF2I,,,,,,,,,,,,
CASTOR2,,,,,,,,,,,,
RCC1L,,,,,,,,,,,,
POM121C,,,,,,,,,,,,
HIP1,,,,-0.9900212098101213,-0.3958474551998544,-0.6929343325049879,,,,,,
RHBDD2,,,,,,,,,,,,
POR,,,,,,,,,,,,
TMEM120A,,,,,,,,,,,,
STYXL1,,,,,,,,,,,,
MDH2,,,,,,,,,,,,
HSPB1,,,,,,,,,,,,
YWHAG,,,,,,,,,,,,
POMZP3,,,,-0.9890503356551447,-0.34951141471012986,-0.6692808751826372,,,,,,
PTPN12,,,,,,,,,,,,
RSBN1L,,,,,,,,,,,,
TMEM60,,,,,,,,,,,,
PHTF2,-0.6230097180324266,-0.2783513013125874,-0.45068050967250695,,,,-0.81892204100344,-0.22210285568122234,-0.5205124483423311,,,
MAGI2,-0.608520766096818,-0.3487697333050017,-0.4786452497009099,-0.9938363088876495,-0.5368517405035853,-0.7653440246956174,-0.9249189045713774,-0.28205759789499846,-0.603488251233188,-0.7082233947707705,-0.1941125685187267,-0.4511679816447486
GNAI1,,,,-0.9915956129503204,-0.6127452101473146,-0.8021704115488175,,,,,,
SEMA3C,,,,-0.9860791090503662,-0.23799384068052393,-0.6120364748654451,,,,,,
CACNA2D1,-0.5870649132601938,-0.21946301191708156,-0.4032639625886377,-0.9903663440397514,-0.5343549236441667,-0.7623606338419591,-0.6783197264341668,-0.11082835478247952,-0.3945740406083232,,,
PCLO,-0.5933478159184313,-0.22012046806515817,-0.40673414199179475,,,,,,,,,
SEMA3E,-0.5851585067446999,-0.3259431107290268,-0.4555508087368634,-0.9929518967732059,-0.6564189712436873,-0.8246854340084466,-0.7985200176415104,-0.27247649263213203,-0.5354982551368213,-0.7947100668738575,-0.37063170196428213,-0.5826708844190698
SEMA3A,-0.352571874716338,-0.07681750308051183,-0.2146946888984249,-0.9922594247811263,-0.5275471816870315,-0.759903303234079,,,,,,
SEMA3D,,,,,,,,,,,,
ELAPOR2,-0.3978798916386746,-0.11046265883729238,-0.2541712752379835,,,,,,,,,
DMTF1,,,,,,,,,,,,
TMEM243,,,,,,,,,,,,
CROT,,,,,,,,,,,,
ABCB1,-0.61722142268512,-0.35615098530592315,-0.4866862039955216,-0.9969639266813561,-0.7649378222568861,-0.8809508744691211,-0.8396137206592162,-0.23733863731629853,-0.5384761789877573,-0.758415525918376,-0.36854969082181427,-0.5634826083700951
RUNDC3B,-0.3124811842538623,-0.07960951136141621,-0.19604534780763924,,,,,,,,,
SLC25A40,,,,,,,,,,,,
DBF4,,,,,,,,,,,,
ADAM22,-0.4973614872373931,-0.11685198480627622,-0.30710673602183464,,,,,,,,,
SRI,,,,,,,,,,,,
STEAP1,,,,,,,,,,,,
STEAP2,,,,,,,,,,,,
GTPBP10,,,,,,,,,,,,
CLDN12,,,,,,,,,,,,
CDK14,-0.5337340394237794,-0.22312159479021657,-0.37842781710699797,-0.9951091611896349,-0.6113951710451174,-0.8032521661173762,-0.881843729414229,-0.16129748287479898,-0.521570606144514,,,
MTERF1,-0.5902218402982659,-0.19288665703367217,-0.391554248665969,-0.995175898457712,-0.6738963246353461,-0.8345361115465291,,,,-0.7351765799104558,-0.16080468163259456,-0.4479906307715252
AKAP9,,,,,,,,,,,,
CYP51A1,,,,,,,,,,,,
KRIT1,,,,,,,,,,,,
ANKIB1,-0.5356050823717411,-0.19714745566068478,-0.36637626901621295,-0.996108717455299,-0.7946734774599392,-0.8953910974576191,-0.8700387930087565,-0.21849833134115276,-0.5442685621749547,,,
GATAD1,,,,,,,,,,,,
PEX1,,,,,,,,,,,,
RBM48,,,,,,,,,,,,
FAM133B,,,,,,,,,,,,
CDK6,,,,-0.994355670645021,-0.5987165137185809,-0.796536092181801,,,,,,
VPS50,,,,,,,,,,,,
GNGT1,-0.6087374379380518,-0.2118775140048986,-0.4103074759714752,-0.9879807420675137,-0.43761962241495433,-0.712800182241234,-0.4963292753572117,-0.09448363324043363,-0.2954064542988227,-0.47569379954216456,-0.06006380195663871,-0.2678788007494016
GNG11,,,,,,,,,,,,
BET1,,,,,,,,,,,,
CASD1,,,,,,,,,,,,
SGCE,-0.46704190718835775,-0.08145300025522954,-0.27424745372179365,-0.9903456013244419,-0.552039502950999,-0.7711925521377205,,,,,,
PPP1R9A,-0.46993061219274607,-0.10530017558365266,-0.28761539388819934,,,,-0.5727286665254371,-0.16853969780762643,-0.37063418216653177,,,
PON2,,,,,,,,,,,,
DYNC1I1,-0.5467099710316632,-0.15585999042674567,-0.35128498072920444,,,,,,,,,
SLC25A13,,,,,,,,,,,,
SEM1,,,,,,,,,,,,
SDHAF3,,,,,,,,,,,,
LMTK2,,,,,,,,,,,,
TECPR1,,,,,,,,,,,,
BRI3,,,,,,,,,,,,
BAIAP2L1,-0.5551415669736277,-0.15323700919666697,-0.3541892880851473,-0.9914526703310802,-0.5617860384171117,-0.776619354374096,,,,,,
TRRAP,,,,-0.99233699665662,-0.5616440691050633,-0.7769905328808416,,,,,,
SMURF1,-0.6152402129671727,-0.1806152042670737,-0.3979277086171232,,,,,,,,,
ARPC1A,,,,,,,,,,,,
ARPC1B,,,,,,,,,,,,
PDAP1,,,,,,,,,,,,
BUD31,,,,,,,,,,,,
PTCD1,,,,-0.9817903958757256,-0.16808032993740285,-0.5749353629065642,,,,,,
CPSF4,,,,,,,,,,,,
ATP5MF,,,,,,,,,,,,
ZNF789,,,,,,,,,,,,
ZNF394,,,,,,,,,,,,
ZKSCAN5,,,,,,,,,,,,
FAM200A,,,,,,,,,,,,
ZNF655,,,,,,,,,,,,
ZSCAN25,,,,,,,,,,,,
TRIM4,,,,,,,,,,,,
ZKSCAN1,,,,,,,,,,,,
ZSCAN21,,,,,,,,,,,,
ZNF3,,,,,,,,,,,,
COPS6,,,,,,,,,,,,
MCM7,,,,,,,,,,,,
AP4M1,,,,,,,,,,,,
TAF6,,,,,,,,,,,,
LAMTOR4,,,,,,,,,,,,
PILRB,-0.4224906013378842,-0.09269509941399644,-0.2575928503759403,,,,,,,,,
ZCWPW1,-0.3486855020963062,-0.05921198554028731,-0.20394874381829675,-0.9918974271123859,-0.594185177748286,-0.793041302430336,,,,,,
MEPCE,,,,,,,,,,,,
PPP1R35,,,,,,,,,,,,
TSC22D4,,,,,,,,,,,,
AGFG2,,,,,,,,,,,,
GNB2,,,,,,,,,,,,
GIGYF1,-0.7950122668211916,-0.16120154326553582,-0.47810690504336373,-0.9941371329253644,-0.5392085280915984,-0.7666728305084813,-0.9202488189046648,-0.19108836368913315,-0.5556685912968989,,,
POP7,,,,,,,,,,,,
ZAN,-0.3575375025468504,-0.17714526493117125,-0.26734138373901084,-0.9910913257346926,-0.5067946652379711,-0.7489429954863318,,,,-0.5483955066287005,-0.1541528162233471,-0.3512741614260238
EPHB4,,,,,,,,,,,,
SLC12A9,,,,,,,,,,,,
TRIP6,,,,,,,,,,,,
SRRT,,,,,,,,,,,,
UFSP1,,,,,,,,,,,,
AP1S1,,,,,,,,,,,,
PLOD3,,,,,,,,,,,,
ZNHIT1,,,,,,,,,,,,
FIS1,,,,,,,,,,,,
IFT22,,,,,,,,,,,,
COL26A1,,,,-0.9837857312172965,-0.27713035511124784,-0.6304580431642721,,,,,,
CUX1,-0.5508560984535278,-0.08663377197963697,-0.31874493521658237,,,,-0.9508984934828116,-0.23428267410642956,-0.5925905837946206,,,
PRKRIP1,,,,,,,,,,,,
ORAI2,,,,,,,,,,,,
ALKBH4,,,,,,,,,,,,
LRWD1,,,,,,,,,,,,
POLR2J,,,,,,,,,,,,
POLR2J3,-0.45944395048059516,-0.12096326332777946,-0.29020360690418734,,,,,,,,,
UPK3BL1,-0.6485272390827154,-0.13023100989238326,-0.3893791244875493,,,,-0.9658945057371331,-0.25928813447458376,-0.6125913201058584,,,
FAM185A,,,,,,,,,,,,
FBXL13,-0.40367673399493204,-0.2064123894960393,-0.30504456174548567,-0.9955700861673976,-0.7583786155576174,-0.8769743508625075,,,,-0.6982159596519848,-0.17719609451903526,-0.43770602708551004
ARMC10,,,,,,,,,,,,
NAPEPLD,-0.44899564694588007,-0.08702084143965065,-0.26800824419276537,,,,,,,,,
PMPCB,,,,,,,,,,,,
DNAJC2,,,,,,,,,,,,
PSMC2,,,,,,,,,,,,
RELN,-0.528833558815778,-0.22718101292021486,-0.3780072858679964,-0.9901973529408981,-0.6007956173773752,-0.7954964851591366,-0.5223277179565563,-0.1512305326529455,-0.3367791253047509,-0.5372896647004808,-0.20881524801261397,-0.3730524563565474
ORC5,,,,-0.9865087679620747,-0.4585176265505688,-0.7225131972563217,,,,,,
KMT2E,,,,-0.9898500482216882,-0.5185675247474699,-0.754208786484579,-0.9367057181257733,-0.29864820557446,-0.6176769618501167,,,
SRPK2,,,,-0.987242967367355,-0.3834459753804344,-0.6853444713738946,-0.8587863829267232,-0.17441536011513115,-0.5166008715209272,,,
PUS7,,,,,,,,,,,,
RINT1,,,,,,,,,,,,
EFCAB10,,,,,,,,,,,,
ATXN7L1,-0.6670205552799995,-0.20227541983779626,-0.4346479875588979,-0.9928412466209433,-0.4189080302419764,-0.7058746384314598,,,,,,
CDHR3,,,,,,,,,,,,
SYPL1,,,,,,,,,,,,
NAMPT,,,,,,,,,,,,
CCDC71L,,,,,,,,,,,,
PRKAR2B,,,,,,,,,,,,
HBP1,,,,,,,,,,,,
COG5,-0.7364510020900102,-0.3246369647980267,-0.5305439834440184,-0.9904117104407926,-0.6297692672505893,-0.810090488845691,-0.9198898444209385,-0.36255516188640785,-0.6412225031536731,,,
DUS4L,,,,,,,,,,,,
BCAP29,,,,,,,,,,,,
CBLL1,,,,,,,,,,,,
SLC26A3,-0.5415824865726903,-0.3290643963770711,-0.43532344147488067,-0.995553005498747,-0.7943412798730313,-0.8949471426858892,-0.6957847095094416,-0.3234639427355549,-0.5096243261224982,-0.5804954431613454,-0.2985774477736528,-0.4395364454674991
DLD,,,,,,,,,,,,
LAMB1,,,,,,,,,,,,
NRCAM,-0.3591005570394594,-0.11666576800355719,-0.23788316252150832,-0.9919652388699285,-0.598136395023284,-0.7950508169466062,,,,,,
PNPLA8,-0.4823003571363283,-0.2553457643918549,-0.3688230607640916,-0.9906786022572224,-0.4761424015785926,-0.7334105019179075,-0.6408182673014927,-0.1234738155908739,-0.3821460414461833,-0.5639672968149276,-0.31340020835366894,-0.43868375258429826
THAP5,,,,,,,,,,,,
IMMP2L,-0.8866431858271228,-0.5029041304593764,-0.6947736581432495,-0.9912902941193262,-0.5011649514912229,-0.7462276228052745,-0.9109202540908858,-0.24249603419990579,-0.5767081441453958,-0.912545322475094,-0.29383602060101005,-0.6031906715380521
DOCK4,-0.5624700427383215,-0.23805920632070346,-0.40026462452951245,-0.9853031305120235,-0.32916710751863504,-0.6572351190153293,-0.9164007570385345,-0.27774088864023744,-0.597070822839386,,,
ZNF277,,,,,,,,,,,,
IFRD1,,,,,,,,,,,,
TMEM168,,,,-0.9918030060872741,-0.5513257059500317,-0.7715643560186529,,,,,,
BMT2,,,,,,,,,,,,
SMIM30,,,,,,,,,,,,
FOXP2,-0.5177352164690051,-0.2494782207619843,-0.3836067186154947,-0.9901216466014859,-0.5037191493059697,-0.7469203979537278,-0.560758388774004,-0.14753204006280493,-0.35414521441840446,,,
MDFIC,,,,,,,,,,,,
TES,,,,,,,,,,,,
CAV2,,,,,,,,,,,,
CAV1,,,,,,,,,,,,
MET,,,,,,,,,,,,
CAPZA2,,,,,,,,,,,,
ST7,,,,,,,,,,,,
CTTNBP2,-0.4381256993513957,-0.18820169475717566,-0.3131636970542857,-0.9935772278678895,-0.6503590777024003,-0.8219681527851449,-0.7492393898424046,-0.1678944988908784,-0.45856694436664147,,,
LSM8,,,,,,,,,,,,
ANKRD7,,,,,,,,,,,,
KCND2,-0.34939463242900975,-0.14519132613423683,-0.2472929792816233,-0.9898645620842218,-0.6175863482606238,-0.8037254551724228,,,,-0.42289843989166126,-0.09854213408079951,-0.2607202869862304
TSPAN12,,,,,,,,,,,,
ING3,,,,,,,,,,,,
FAM3C,,,,,,,,,,,,
AASS,,,,,,,,,,,,
CADPS2,-0.7191682966672036,-0.3087980735208497,-0.5139831850940266,-0.9970851786653747,-0.7000808660409061,-0.8485830223531404,-0.9348512380904335,-0.3096693836171093,-0.6222603108537714,,,
NDUFA5,,,,,,,,,,,,
WASL,,,,,,,,,,,,
POT1,,,,-0.9824125478627465,-0.3177169596489904,-0.6500647537558684,,,,,,
ZNF800,,,,,,,,,,,,
ARF5,,,,,,,,,,,,
SND1,,,,,,,,,,,,
RBM28,,,,,,,,,,,,
IMPDH1,,,,,,,,,,,,
HILPDA,0.10462275970722734,0.3661216117813467,0.23537218574428703,,,,,,,,,
METTL2B,,,,,,,,,,,,
CALU,,,,,,,,,,,,
CCDC136,,,,,,,,,,,,
FLNC,,,,,,,,,,,,
ATP6V1F,,,,,,,,,,,,
TNPO3,,,,,,,,,,,,
TSPAN33,,,,,,,,,,,,
SMO,,,,,,,,,,,,
AHCYL2,-0.5384803447873113,-0.21222152454165524,-0.37535093466448327,-0.9966133733243421,-0.4697227063316779,-0.73316803982801,-0.9625967443295993,-0.17147411201023563,-0.5670354281699175,,,
STRIP2,-0.4543534677499664,-0.06477223852039861,-0.2595628531351825,,,,,,,,,
NRF1,,,,,,,,,,,,
UBE2H,,,,,,,,,,,,
ZC3HC1,,,,,,,,,,,,
KLHDC10,,,,,,,,,,,,
TMEM209,,,,,,,,,,,,
CEP41,,,,,,,,,,,,
COPG2,-0.44105062596263783,-0.13947619687849655,-0.2902634114205672,-0.9954011063430706,-0.6973019493595918,-0.8463515278513312,,,,,,
MKLN1,-0.44868676927286766,-0.10940366622098682,-0.27904521774692725,,,,,,,,,
PODXL,,,,,,,,,,,,
CHCHD3,,,,,,,,,,,,
EXOC4,-0.7474828479683656,-0.26509957691445324,-0.5062912124414094,-0.9958829076509128,-0.6061322395724864,-0.8010075736116996,-0.7403660658885289,-0.16581706417414704,-0.45309156503133796,,,
SLC35B4,,,,,,,,,,,,
AKR1B1,,,,,,,,,,,,
BPGM,,,,,,,,,,,,
CALD1,,,,,,,,,,,,
AGBL3,-0.43267036845044604,-0.20818568414590152,-0.3204280262981738,-0.9938408505880901,-0.678736033938399,-0.8362884422632446,-0.4797743851694718,-0.037719071382412456,-0.25874672827594214,-0.5534115008714647,-0.14817238141561218,-0.35079194114353845
CYREN,,,,,,,,,,,,
WDR91,,,,,,,,,,,,
CNOT4,-0.6701532499885657,-0.18265702263931127,-0.4264051363139385,-0.9975851686983735,-0.8004681273068014,-0.8990266480025875,,,,,,
NUP205,,,,,,,,,,,,
STMP1,,,,,,,,,,,,
MTPN,,,,,,,,,,,,
CREB3L2,,,,,,,,,,,,
TRIM24,,,,,,,,,,,,
KIAA1549,,,,,,,,,,,,
ZC3HAV1L,,,,,,,,,,,,
ZC3HAV1,-0.5477057357751032,-0.27527895037509986,-0.4114923430751015,-0.9948276972217847,-0.6874769635488241,-0.8411523303853043,-0.839001228928394,-0.33994656499752723,-0.5894738969629606,-0.5731048923365313,-0.2322814925677174,-0.4026931924521243
TTC26,,,,,,,,,,,,
UBN2,,,,,,,,,,,,
FMC1,,,,,,,,,,,,
LUC7L2,,,,,,,,,,,,
KLRG2,,,,,,,,,,,,
HIPK2,,,,-0.9901488894210084,-0.452332871554041,-0.7212408804875248,,,,,,
TBXAS1,,,,,,,,,,,,
KDM7A,,,,,,,,,,,,
SLC37A3,,,,,,,,,,,,
MKRN1,,,,,,,,,,,,
DENND2A,-0.3722213094230372,-0.1603151658470688,-0.26626823763505303,,,,,,,-0.4302930854946822,-0.058482576570768614,-0.2443878310327254
ADCK2,,,,,,,,,,,,
NDUFB2,,,,,,,,,,,,
BRAF,-0.6623464449295758,-0.2883334937829995,-0.47533996935628764,,,,-0.7811442639661298,-0.19604750395539375,-0.48859588396076176,,,
MRPS33,,,,,,,,,,,,
TMEM178B,-0.5271301075762206,-0.20633922731088844,-0.36673466744355454,-0.9862478503515187,-0.4216943593575,-0.7039711048545094,-0.6912812118739743,-0.1458881497921542,-0.4185846808330642,,,
AGK,,,,,,,,,,,,
DENND11,,,,,,,,,,,,
SSBP1,,,,,,,,,,,,
GSTK1,,,,,,,,,,,,
CASP2,-0.7900549472929368,-0.2545081611540483,-0.5222815542234925,,,,,,,,,
ZYX,,,,,,,,,,,,
TCAF1,,,,,,,,,,,,
TPK1,-0.4592395514701123,-0.23666046829280774,-0.34795000988146,-0.9948892045102828,-0.7048340667345597,-0.8498616356224213,-0.6367064328194053,-0.05511115949258882,-0.34590879615599707,-0.7847414880160289,-0.23264052820779382,-0.5086910081119114
CNTNAP2,-0.4451542091677708,-0.18275215319313273,-0.3139531811804518,-0.9933123362592723,-0.555215198132353,-0.7742637671958126,,,,,,
CUL1,,,,,,,,,,,,
EZH2,-0.8950886458887336,-0.31614884852734065,-0.6056187472080371,,,,,,,,,
PDIA4,,,,,,,,,,,,
ZNF786,,,,,,,,,,,,
ZNF425,,,,-0.9835806181371615,-0.3578713521351923,-0.6707259851361769,,,,,,
ZNF398,,,,,,,,,,,,
ZNF282,,,,,,,,,,,,
ZNF212,,,,,,,,,,,,
ZNF783,,,,,,,,,,,,
ZNF777,,,,,,,,,,,,
ZNF746,,,,,,,,,,,,
KRBA1,,,,,,,,,,,,
ZNF862,-0.53923267012381,-0.2930893202594455,-0.41616099519162775,-0.9975523130781372,-0.7562213936229341,-0.8768868533505356,-0.4455137018162013,-0.2259088460724931,-0.3357112739443472,-0.6845609867257165,-0.31752933956430535,-0.5010451631450109
ATP6V0E2,,,,,,,,,,,,
LRRC61,,,,,,,,,,,,
REPIN1,,,,,,,,,,,,
ZNF775,,,,,,,,,,,,
ABCB8,,,,,,,,,,,,
CDK5,,,,,,,,,,,,
SLC4A2,,,,,,,,,,,,
FASTK,,,,,,,,,,,,
TMUB1,,,,,,,,,,,,
AGAP3,,,,,,,,,,,,
ABCF2,,,,,,,,,,,,
CHPF2,-0.44199598462131773,-0.04379781316669198,-0.24289689889400484,,,,,,,,,
SMARCD3,,,,,,,,,,,,
NUB1,,,,,,,,,,,,
RHEB,,,,,,,,,,,,
PRKAG2,,,,,,,,,,,,
GALNT11,,,,,,,,,,,,
KMT2C,-0.785528156348691,-0.2597635293307573,-0.5226458428397242,-0.9865451451684545,-0.36506596456011425,-0.6758055548642844,-0.6841720969903986,-0.20393234836026206,-0.44405222267533034,,,
XRCC2,-0.5257451456004625,-0.09717459584669182,-0.31145987072357717,,,,,,,,,
ACTR3B,-0.7692882291127376,-0.26097692070792067,-0.5151325749103292,,,,-0.9175635524577697,-0.13640385702171082,-0.5269837047397402,,,
PAXIP1,,,,,,,,,,,,
INSIG1,,,,,,,-0.5909959218612076,-0.15983664590330124,-0.37541628388225445,,,
EN2,0.12795229241667347,0.43875004065082496,0.2833511665337492,,,,,,,,,
RBM33,,,,,,,,,,,,
RNF32,-0.4471069933586018,-0.09197223342955463,-0.2695396133940782,-0.9928646220275454,-0.37385318068885626,-0.6833589013582009,,,,,,
LMBR1,,,,,,,,,,,,
NOM1,,,,,,,,,,,,
MNX1,,,,,,,,,,,,
UBE3C,-0.7429527011544593,-0.23156264284879116,-0.48725767200162523,,,,,,,,,
DNAJB6,,,,,,,,,,,,
NCAPG2,,,,,,,,,,,,
ESYT2,,,,,,,,,,,,
DYNC2I1,,,,,,,,,,,,
FBXO25,,,,,,,,,,,,
ERICH1,,,,,,,,,,,,
CLN8,,,,,,,,,,,,
ARHGEF10,-0.6484617541161889,-0.21360302689855862,-0.43103239050737374,,,,,,,,,
CSMD1,-0.6062448078841309,-0.3407973580522878,-0.4735210829682094,-0.9907389612430111,-0.667943038818848,-0.8293410000309296,-0.5907276522983238,-0.21445438462208183,-0.40259101846020284,-0.6569488160469019,-0.3207383731159178,-0.48884359458140986
MCPH1,-0.5423026104581035,-0.15762366486836862,-0.34996313766323606,-0.9938966084336066,-0.5785800519472316,-0.7862383301904191,-0.9684622499402503,-0.1547953803942018,-0.5616288151672261,,,
ANGPT2,-0.6046517284274788,-0.25358009900146045,-0.42911591371446967,,,,-0.7184186530411893,-0.18159135709452934,-0.45000500506785934,-0.565020842378102,-0.1055010892662115,-0.33526096582215675
AGPAT5,,,,,,,,,,,,
MFHAS1,-0.5124970929876782,-0.20869142101076374,-0.360594256999221,-0.9932105308641161,-0.6342078106452664,-0.8137091707546913,-0.9592454452942488,-0.1708447023318321,-0.5650450738130405,,,
ERI1,,,,,,,,,,,,
TNKS,-0.4502367879844354,-0.09143864207259376,-0.27083771502851456,,,,-0.6548143378194189,-0.12269380258119186,-0.3887540702003054,,,
MSRA,-0.4034550329195791,-0.07237125655934935,-0.23791314473946423,-0.993448531520533,-0.5562242788541277,-0.7748364051873304,,,,,,
PINX1,,,,,,,,,,,,
XKR6,-0.6620522137742416,-0.28799466910145977,-0.4750234414378507,-0.9950626546960513,-0.47161027526172083,-0.733336464978886,,,,-0.7087754912386904,-0.11471060457843248,-0.4117430479085615
MTMR9,,,,,,,,,,,,
GATA4,,,,,,,,,,,,
NEIL2,,,,,,,,,,,,
FDFT1,,,,,,,,,,,,
CTSB,,,,,,,,,,,,
LONRF1,,,,,,,,,,,,
DLC1,-0.5978254472989285,-0.15931060348919376,-0.37856802539406115,-0.9896048279506718,-0.5766068248398941,-0.783105826395283,,,,,,
SGCZ,-0.3950196065969236,-0.12284106948345064,-0.2589303380401871,-0.9861354463139973,-0.42794817145652125,-0.7070418088852592,,,,,,
TUSC3,-0.8577198392906121,-0.33148841112344213,-0.5946041252070271,-0.9922377032692318,-0.4593634708001658,-0.7258005870346989,-0.9615342153029514,-0.21560374978171645,-0.5885689825423339,,,
MICU3,,,,-0.9864281737232987,-0.36540581950532314,-0.6759169966143109,,,,,,
ZDHHC2,-0.9062907511006509,-0.25918426287643437,-0.5827375069885427,,,,-0.961851137273309,-0.1487707939258253,-0.5553109655995672,,,
CNOT7,,,,,,,,,,,,
VPS37A,,,,,,,,,,,,
SLC7A2,-0.3507862616124342,-0.05976294592579277,-0.2052746037691135,-0.9929198504320276,-0.6295527916392907,-0.8112363210356591,,,,,,
MTUS1,,,,,,,,,,,,
PCM1,,,,-0.9913558519276691,-0.4137300383511351,-0.7025429451394021,,,,,,
ASAH1,,,,,,,,,,,,
PSD3,-0.5071698474660998,-0.1195811296763943,-0.3133754885712471,-0.9854522033181579,-0.35348361107067516,-0.6694679071944165,,,,,,
SH2D4A,,,,,,,,,,,,
INTS10,,,,,,,,,,,,
ATP6V1B2,,,,,,,,,,,,
XPO7,-0.5076415188455312,-0.14305724251332938,-0.3253493806794303,,,,-0.8130432962836918,-0.13082168110272138,-0.4719324886932066,,,
REEP4,0.14611743694375848,0.45334680803542216,0.2997321224895903,,,,,,,,,
POLR3D,,,,,,,,,,,,
SLC39A14,,,,,,,,,,,,
PPP3CC,,,,,,,,,,,,
SORBS3,,,,,,,,,,,,
PDLIM2,,,,,,,,,,,,
CCAR2,,,,,,,,,,,,
BIN3,,,,,,,,,,,,
TNFRSF10B,,,,,,,,,,,,
CHMP7,,,,,,,,,,,,
R3HCC1,,,,,,,,,,,,
ENTPD4,,,,,,,,,,,,
SLC25A37,-0.48612687358319445,-0.28034567115802106,-0.38323627237060776,-0.9901159121481744,-0.5831517669419417,-0.7866338395450581,-0.7347531490257763,-0.21933370694497795,-0.47704342798537713,-0.7643102145262727,-0.30935450278918086,-0.5368323586577268
NEFM,,,,,,,,,,,,
NEFL,,,,,,,,,,,,
DOCK5,-0.5924236615748908,-0.16952442318798805,-0.3809740423814394,,,,,,,,,
KCTD9,,,,,,,,,,,,
CDCA2,,,,,,,,,,,,
EBF2,-0.45368264273969683,-0.20066497084383847,-0.32717380679176766,-0.9819391240780101,-0.4066774274796409,-0.6943082757788255,,,,-0.6683662473840809,-0.18089277859824446,-0.4246295129911627
PPP2R2A,,,,,,,,,,,,
BNIP3L,,,,,,,,,,,,
PNMA2,,,,,,,,,,,,
DPYSL2,-0.46391438770401305,-0.08716168872331348,-0.2755380382136633,,,,,,,,,
TRIM35,,,,,,,,,,,,
CLU,,,,,,,,,,,,
CCDC25,,,,,,,,,,,,
ESCO2,,,,,,,,,,,,
PBK,,,,,,,,,,,,
ELP3,,,,,,,,,,,,
FBXO16,-0.3605251559949009,-0.10728858518429303,-0.23390687058959697,,,,,,,,,
FZD3,,,,,,,,,,,,
EXTL3,-0.5543272209530742,-0.34027007442959323,-0.4472986476913337,-0.9979106365491462,-0.7089097845123447,-0.8534102105307455,-0.4195625092929512,-0.23873526181606028,-0.3291488855545057,-0.7106894015316421,-0.326222635388306,-0.518456018459974
INTS9,,,,,,,-0.84357010663873,-0.17022509665323957,-0.5068976016459847,,,
HMBOX1,-0.4803061755706198,-0.13314354082601257,-0.3067248581983162,-0.9850726480034199,-0.40250479348877466,-0.6937887207460973,-0.7615754471338385,-0.17303409417359328,-0.4673047706537159,,,
KIF13B,-0.5227786213352681,-0.17760334004842393,-0.350190980691846,,,,,,,,,
SARAF,,,,,,,,,,,,
LEPROTL1,,,,,,,,,,,,
DCTN6,,,,,,,,,,,,
RBPMS,,,,,,,,,,,,
GTF2E2,,,,,,,,,,,,
GSR,,,,,,,,,,,,
UBXN8,,,,,,,,,,,,
PPP2CB,,,,,,,,,,,,
TEX15,,,,,,,,,,,,
WRN,,,,,,,,,,,,
NRG1,-0.43921715556697005,-0.17606613456356962,-0.3076416450652698,-0.9964384957891358,-0.6113865002201848,-0.8039124980046604,-0.31971455223842393,-0.0826657289637868,-0.20119014060110535,-0.4280967331718914,-0.11017600745805539,-0.2691363703149734
FUT10,,,,,,,,,,,,
TTI2,,,,,,,,,,,,
MAK16,,,,,,,,,,,,
ZNF703,,,,,,,,,,,,
ERLIN2,,,,,,,,,,,,
PLPBP,,,,,,,,,,,,
ADGRA2,,,,,,,,,,,,
RAB11FIP1,,,,,,,,,,,,
EIF4EBP1,,,,,,,,,,,,
ASH2L,,,,,,,,,,,,
LSM1,,,,,,,,,,,,
BAG4,,,,-0.9882927755146672,-0.4235260012111967,-0.7059093883629319,,,,,,
DDHD2,,,,,,,,,,,,
PLPP5,-0.4125455894716883,-0.0729536469280382,-0.24274961819986324,-0.9825426690684922,-0.22392999897629545,-0.6032363340223938,,,,,,
NSD3,,,,,,,-0.9541260604444692,-0.1535797298991655,-0.5538528951718173,,,
FGFR1,,,,,,,,,,,,
TACC1,,,,-0.9950863025052719,-0.584156579415531,-0.7896214409604014,,,,,,
TM2D2,,,,,,,,,,,,
ADAM9,,,,-0.9883469685444424,-0.38454200812209355,-0.686444488333268,,,,,,
SFRP1,,,,,,,,,,,,
GOLGA7,,,,,,,,,,,,
GINS4,,,,,,,,,,,,
GPAT4,,,,,,,,,,,,
KAT6A,-0.5385503343996855,-0.11761971792424585,-0.32808502616196566,,,,,,,,,
AP3M2,,,,,,,,,,,,
PLAT,,,,,,,,,,,,
IKBKB,-0.34452295529750726,-0.11626080832249591,-0.2303918818100016,-0.9931090013177714,-0.5655766793573712,-0.7793428403375713,,,,,,
POLB,,,,,,,,,,,,
VDAC3,,,,,,,,,,,,
SLC20A2,,,,-0.9794219643220566,-0.1513138752175776,-0.5653679197698172,,,,,,
SMIM19,,,,,,,,,,,,
THAP1,,,,,,,,,,,,
RNF170,,,,,,,,,,,,
HOOK3,-0.4629052618895409,-0.14802370343512045,-0.30546448266233067,-0.9909919470313427,-0.6592456859590531,-0.8251188164951979,-0.7850800095669641,-0.20135506133906725,-0.49321753545301567,,,
FNTA,,,,,,,,,,,,
POMK,,,,,,,,,,,,
HGSNAT,-0.5008507088819215,-0.16227365769005814,-0.33156218328598985,,,,,,,,,
SPIDR,-0.8326300984754222,-0.40901627843290156,-0.620823188454162,-0.9937558759156283,-0.647498374046245,-0.8206271249809367,-0.7724506098755688,-0.2117428414470096,-0.4920967256612892,-0.6066104471164675,-0.10760319552989095,-0.3571068213231792
CEBPD,,,,,,,,,,,,
PRKDC,,,,,,,,,,,,
MCM4,-0.8630280551805906,-0.33083107035411,-0.5969295627673503,,,,,,,,,
UBE2V2,,,,,,,,,,,,
SNAI2,,,,,,,,,,,,
PXDNL,-0.5988730118133783,-0.32060593565340584,-0.4597394737333921,-0.9947382493151473,-0.6596136294461284,-0.8271759393806379,-0.47926340713378973,-0.15416116710280364,-0.3167122871182967,-0.6660317497841872,-0.23488367824636175,-0.45045771401527446
PCMTD1,-0.6803473401614394,-0.2428211421202482,-0.4615842411408438,,,,-0.8648265730627672,-0.26176686426910095,-0.5632967186659341,,,
RB1CC1,,,,-0.9911834832988501,-0.5128752262722391,-0.7520293547855446,,,,,,
ATP6V1H,,,,,,,,,,,,
RGS20,,,,,,,,,,,,
TCEA1,-0.6711706464410467,-0.06143143616955576,-0.3663010413053012,,,,,,,,,
LYPLA1,,,,,,,,,,,,
MRPL15,,,,,,,,,,,,
TMEM68,,,,,,,,,,,,
TGS1,,,,,,,,,,,,
LYN,,,,,,,,,,,,
RPS20,,,,,,,-0.9500375389738437,-0.16825274851977987,-0.5591451437468118,,,
PLAG1,-0.4520539360443241,-0.12383355632885891,-0.2879437461865915,-0.9962027124863462,-0.5441598997743657,-0.770181306130356,,,,,,
CHCHD7,,,,,,,,,,,,
BPNT2,,,,,,,,,,,,
FAM110B,-0.6375090877935911,-0.16798379326252283,-0.40274644052805697,,,,,,,,,
UBXN2B,,,,-0.9891793055348254,-0.264309566982633,-0.6267444362587292,,,,,,
SDCBP,,,,,,,,,,,,
NSMAF,,,,,,,,,,,,
TOX,-0.595283385037841,-0.161779960277042,-0.3785316726574415,-0.9929741988183255,-0.6579737313320896,-0.8254739650752075,,,,,,
CA8,,,,,,,,,,,,
RAB2A,,,,,,,,,,,,
CHD7,,,,,,,,,,,,
ASPH,,,,,,,,,,,,
NKAIN3,-0.3388739843158566,-0.08835867684123809,-0.21361633057854734,-0.9934755003461008,-0.5701801446276643,-0.7818278224868825,,,,,,
GGH,,,,,,,,,,,,
YTHDF3,,,,,,,,,,,,
CYP7B1,-0.5572977187687346,-0.2763290678004094,-0.416813393284572,-0.9969357954541542,-0.7301392690100716,-0.8635375322321129,-0.5464012804648576,-0.19044899323991457,-0.3684251368523861,-0.47827624347976216,-0.20785185108189366,-0.3430640472808279
ARMC1,,,,,,,,,,,,
MTFR1,-0.5399673601575483,-0.15539075838538113,-0.3476790592714647,,,,,,,,,
PDE7A,-0.4580565137759883,-0.15177961745083612,-0.3049180656134122,,,,,,,,,
RRS1,,,,,,,,,,,,
MYBL1,-0.5926609028556408,-0.15683197801144172,-0.3747464404335412,,,,-0.8368384196067578,-0.1906883464768935,-0.5137633830418257,,,
VCPIP1,-0.5515321034639062,-0.13628758442320377,-0.343909843943555,,,,-0.9373006561556254,-0.22508170932879204,-0.5811911827422087,,,
SGK3,-0.43224034356526453,-0.0848020366777442,-0.2585211901215044,,,,,,,,,
COPS5,,,,,,,,,,,,
CSPP1,-0.496425581948572,-0.13818811973598905,-0.3173068508422805,,,,,,,,,
ARFGEF1,-0.6509480662958411,-0.2182423304379386,-0.43459519836688987,,,,-0.8657309815436527,-0.15764931442484215,-0.5116901479842474,,,
PREX2,,,,-0.9887360693534719,-0.4831160119722167,-0.7359260406628443,,,,,,
C8orf34,-0.3020567624449512,-0.05794694397876461,-0.1800018532118579,,,,,,,,,
SLCO5A1,,,,,,,,,,,,
NCOA2,-0.45728899764451614,-0.1458870141700753,-0.30158800590729573,-0.9898153785505687,-0.46542262686929364,-0.7276190027099312,-0.6919343021517841,-0.1652743491596878,-0.4286043256557359,-0.6815779668351217,-0.176529144095806,-0.42905355546546387
TRAM1,,,,,,,,,,,,
LACTB2,,,,,,,,,,,,
EYA1,-0.3228510698007421,-0.11446567424649125,-0.21865837202361665,-0.9976575517783279,-0.7865951425436057,-0.8921263471609668,-0.47920885449649486,-0.13294406234438433,-0.3060764584204396,,,
KCNB2,-0.5071185843164433,-0.21772139331754162,-0.36241998881699244,-0.9891502173563947,-0.4935646143657229,-0.7413574158610589,-0.6678819199427367,-0.2193545811865776,-0.44361825056465715,-0.4193453700539862,-0.09732506047222826,-0.2583352152631072
TERF1,,,,,,,,,,,,
RPL7,,,,,,,,,,,,
RDH10,,,,,,,,,,,,
STAU2,-0.7749038241342496,-0.26624304977925145,-0.5205734369567505,-0.9947964896394397,-0.5488794892767823,-0.771837989458111,-0.8457095051055293,-0.17711367546325416,-0.5114115902843918,,,
UBE2W,-0.8378592448609785,-0.38981600593292254,-0.6138376253969505,,,,-0.9296786379962414,-0.32037443852772574,-0.6250265382619835,,,
ELOC,,,,,,,,,,,,
TMEM70,,,,,,,,,,,,
JPH1,-0.5683498844539038,-0.22382071420183516,-0.39608529932786946,,,,-0.6364730338849991,-0.17048792855113148,-0.4034804812180653,,,
GDAP1,-0.6320217156484014,-0.2854681761882467,-0.45874494591832404,-0.9937225828581582,-0.44955965128147735,-0.7216411170698178,-0.656616833965169,-0.153201268557398,-0.4049090512612835,-0.7630681375099523,-0.15511036914040052,-0.4590892533251764
CRISPLD1,-0.3717178256524841,-0.09272006633893963,-0.23221894599571188,,,,-0.5806828768490088,-0.1452102593176264,-0.3629465680833176,,,
HNF4G,,,,,,,,,,,,
ZFHX4,,,,,,,,,,,,
PEX2,,,,,,,,,,,,
PKIA,,,,,,,,,,,,
ZC2HC1A,,,,,,,,,,,,
HEY1,,,,,,,,,,,,
MRPS28,,,,,,,,,,,,
TPD52,-0.5478149518061921,-0.12670483983716227,-0.3372598958216772,-0.9884502978996483,-0.41288240463664266,-0.7006663512681455,,,,,,
ZBTB10,,,,,,,-0.9124751417228245,-0.16196861180827604,-0.5372218767655503,,,
ZNF704,-0.6769758707086128,-0.28925485232992376,-0.48311536151926826,,,,-0.9151022382491013,-0.14832750671306882,-0.5317148724810851,,,
PAG1,-0.44287974685340564,-0.1445877867137559,-0.29373376678358076,-0.9822533330422023,-0.2908684690325688,-0.6365609010373856,,,,,,
FABP5,,,,,,,,,,,,
IMPA1,,,,,,,,,,,,
ZFAND1,,,,,,,,,,,,
LRRCC1,,,,,,,,,,,,
E2F5,,,,,,,,,,,,
RBIS,,,,,,,,,,,,
CA13,,,,,,,,,,,,
CA2,,,,,,,,,,,,
WWP1,,,,,,,-0.9226447079486821,-0.15316078272781752,-0.5379027453382499,,,
RMDN1,,,,,,,,,,,,
CPNE3,,,,,,,,,,,,
MMP16,-0.4195542931588783,-0.12252415871312564,-0.271039225936002,,,,-0.6620345341397926,-0.1869726642351698,-0.4245035991874812,,,
RIPK2,,,,,,,,,,,,
OSGIN2,,,,,,,,,,,,
NBN,,,,,,,,,,,,
DECR1,,,,,,,,,,,,
TMEM64,,,,,,,,,,,,
NECAB1,-0.7384369900388857,-0.33698700858581976,-0.5377119993123527,,,,-0.8662702086703508,-0.23452183264633075,-0.5503960206583407,-0.7942000703054599,-0.2714487739458626,-0.5328244221256613
C8orf88,,,,,,,,,,,,
OTUD6B,,,,,,,,,,,,
LRRC69,-0.617254029180526,-0.2558477956558315,-0.4365509124181787,-0.9949417905422029,-0.6876690654515425,-0.8413054279968727,-0.7897696063563302,-0.21555374343797987,-0.5026616748971551,-0.847776780384705,-0.13722858293003753,-0.4925026816573713
RUNX1T1,-0.38571050355352743,-0.13176659006966213,-0.2587385468115948,,,,,,,,,
TRIQK,,,,,,,,,,,,
CIBAR1,,,,,,,,,,,,
RBM12B,,,,,,,,,,,,
TMEM67,-0.48048358640679073,-0.14910439716373328,-0.314793991785262,,,,,,,,,
RAD54B,-0.5775994718890249,-0.1507557451882411,-0.364177608538633,-0.9939157643361005,-0.5212746487149432,-0.7575952065255218,,,,,,
VIRMA,,,,,,,,,,,,
ESRP1,-0.49353919591853107,-0.255765422350687,-0.374652309134609,-0.9930696197669192,-0.7031953935854318,-0.8481325066761756,-0.47836242934254314,-0.21569689764825864,-0.3470296634954009,-0.5229418170312127,-0.2605983130841174,-0.39177006505766504
DPY19L4,,,,,,,,,,,,
INTS8,,,,,,,,,,,,
CCNE2,-0.646165063136379,-0.24825886478365777,-0.4472119639600184,,,,,,,,,
NDUFAF6,-0.8125379245986412,-0.2081773379024267,-0.5103576312505339,,,,,,,,,
PLEKHF2,,,,,,,,,,,,
UQCRB,,,,,,,,,,,,
MTERF3,,,,,,,,,,,,
PTDSS1,,,,,,,,,,,,
SDC2,,,,,,,,,,,,
MTDH,,,,,,,,,,,,
LAPTM4B,,,,,,,,,,,,
RPL30,,,,,,,,,,,,
ERICH5,,,,,,,,,,,,
RIDA,,,,,,,,,,,,
POP1,,,,,,,,,,,,
STK3,-0.6662511635834665,-0.22567229618674758,-0.445961729885107,-0.9944556183689602,-0.6345684429621978,-0.8145120306655791,-0.7164146945606257,-0.1667793500642544,-0.44159702231244,,,
VPS13B,-0.871691144751988,-0.44757195290777346,-0.6596315488298807,-0.9910626537354076,-0.6523566468920963,-0.821709650313752,-0.9504031970545688,-0.3802254647375949,-0.6653143308960818,-0.908737723090455,-0.3079928791574701,-0.6083653011239625
COX6C,,,,,,,,,,,,
POLR2K,,,,,,,,,,,,
SPAG1,-0.4526039625584042,-0.023699186676662362,-0.23815157461753328,,,,,,,,,
RNF19A,,,,,,,,,,,,
ANKRD46,,,,,,,,,,,,
PABPC1,,,,,,,,,,,,
YWHAZ,-0.8530639693825293,-0.11811020508560936,-0.4855870872340693,,,,,,,,,
ZNF706,,,,,,,,,,,,
NCALD,-0.45058511261313944,-0.2578272116488296,-0.35420616213098455,-0.9927356305542668,-0.6688637081050579,-0.8307996693296624,-0.7813778480183916,-0.17108674595021214,-0.47623229698430186,-0.5599801394802314,-0.27723461673423183,-0.4186073781072316
RRM2B,,,,,,,,,,,,
UBR5,-0.6466389356136245,-0.205627458011936,-0.4261331968127803,-0.9937398446910846,-0.5566078963931169,-0.7751738705421007,-0.8253136836943047,-0.22260449999599902,-0.5239590918451519,,,
AZIN1,,,,,,,,,,,,
ATP6V1C1,,,,,,,,,,,,
FZD6,,,,-0.9926909404778563,-0.3741746183830846,-0.6834327794304704,,,,,,
SLC25A32,,,,,,,,,,,,
DCAF13,,,,,,,,,,,,
RIMS2,-0.26855263235004273,-0.05530564396380878,-0.16192913815692575,,,,-0.49346230037587285,-0.14892787914286676,-0.32119508975936983,,,
LRP12,,,,,,,,,,,,
ZFPM2,-0.9125885456479174,-0.40898770923896394,-0.6607881274434406,-0.9970129114018272,-0.784369240469278,-0.8906910759355526,-0.9155542215743584,-0.3611376689491239,-0.6383459452617412,-0.8572304728545879,-0.3409084766837084,-0.5990694747691481
OXR1,-0.7308434202124054,-0.22839258310132493,-0.4796180016568652,,,,,,,,,
EIF3E,,,,,,,,,,,,
EMC2,,,,,,,,,,,,
NUDCD1,,,,,,,,,,,,
ENY2,,,,,,,,,,,,
EBAG9,,,,,,,,,,,,
SYBU,-0.44994572331389804,-0.12649057366447616,-0.2882181484891871,-0.9882796480779071,-0.3206418208046885,-0.6544607344412978,,,,,,
CSMD3,-0.5462492387473687,-0.2272647874576675,-0.38675701310251814,-0.9933996097533422,-0.6436665339716674,-0.8185330718625048,-0.5196864099084769,-0.15831748686371172,-0.3390019483860943,-0.6091686691762265,-0.10918057211852007,-0.35917462064737327
TRPS1,-0.7963684560563902,-0.3781557685377097,-0.5872621122970499,-0.9770393553863798,-0.3905389632354574,-0.6837891593109185,-0.9196899324233407,-0.33347684126439225,-0.6265833868438665,-0.8848286924583508,-0.34487202154348684,-0.6148503570009188
EIF3H,,,,,,,,,,,,
UTP23,,,,,,,,,,,,
RAD21,,,,,,,,,,,,
MED30,,,,,,,,,,,,
EXT1,-0.9905495339240262,-0.6116105107527045,-0.8010800223383654,-0.9939810393464787,-0.7819551567614752,-0.887968098053977,-0.9756590914002997,-0.32474042160180405,-0.6501997565010519,-0.9717853654090629,-0.4344218428178298,-0.7031036041134464
SAMD12,-0.5422540123261652,-0.18650981704099062,-0.36438191468357795,-0.9913940043552658,-0.3184765300542697,-0.6549352672047677,-0.7017339968026567,-0.13281749351222852,-0.4172757451574426,,,
TAF2,,,,,,,,,,,,
DSCC1,-0.6281845325851195,-0.12588211050225886,-0.3770333215436892,,,,,,,,,
DEPTOR,,,,-0.993546093455039,-0.5489153087480098,-0.7712307011015244,,,,,,
MRPL13,,,,,,,,,,,,
MTBP,-0.45147658191663836,-0.12134799536315091,-0.28641228863989465,,,,,,,,,
SNTB1,,,,-0.989749102394833,-0.3585597904888095,-0.6741544464418212,,,,,,
HAS2,,,,-0.9793938879180981,-0.1992905216451722,-0.5893422047816351,,,,,,
ZHX2,-0.5773202486100022,-0.2175578620197517,-0.39743905531487694,,,,,,,-0.5670069330084121,-0.12029350166544313,-0.34365021733692763
DERL1,,,,,,,,,,,,
TBC1D31,,,,,,,,,,,,
C8orf76,,,,,,,,,,,,
ZHX1,,,,,,,,,,,,
ATAD2,-0.9695148151154053,-0.5298885975293576,-0.7497017063223814,,,,,,,,,
NTAQ1,,,,,,,,,,,,
FBXO32,,,,,,,,,,,,
FAM91A1,,,,,,,,,,,,
TMEM65,,,,,,,,,,,,
TRMT12,,,,,,,,,,,,
RNF139,,,,,,,,,,,,
TATDN1,,,,,,,,,,,,
NDUFB9,,,,,,,,,,,,
MTSS1,-0.38223096472069273,-0.07938351557913832,-0.23080724014991552,,,,,,,,,
SQLE,,,,,,,,,,,,
WASHC5,,,,,,,,,,,,
NSMCE2,-0.8571163062409681,-0.35866361243854866,-0.6078899593397584,,,,-0.6484709622079945,-0.16665045252336486,-0.4075607073656797,-0.9186920251775406,-0.22019120051387214,-0.5694416128457064
TRIB1,,,,,,,,,,,,
LRATD2,,,,,,,,,,,,
MYC,,,,,,,,,,,,
CYRIB,,,,,,,,,,,,
ASAP1,-0.675026365841113,-0.17615589028797454,-0.42559112806454374,-0.9835284057371565,-0.42247565902190837,-0.7030020323795324,-0.8648612643357148,-0.20601567258244907,-0.5354384684590819,,,
EFR3A,,,,,,,,,,,,
PHF20L1,,,,,,,,,,,,
NDRG1,,,,,,,,,,,,
ST3GAL1,,,,,,,,,,,,
ZFAT,-0.42494912772446874,-0.09544887595841087,-0.2601990018414398,,,,,,,,,
KHDRBS3,,,,,,,,,,,,
TRAPPC9,-0.6392167729358018,-0.28712988313534027,-0.46317332803557104,-0.9892747592258335,-0.544594527646339,-0.7669346434360862,-0.9586172244676114,-0.30690619871162744,-0.6327617115896195,,,
CHRAC1,,,,,,,,,,,,
AGO2,,,,,,,,,,,,
PTK2,-0.9046678427357064,-0.4458802751776796,-0.675274058956693,-0.9962011284052453,-0.7128085089480689,-0.8545048186766571,-0.9144051779830087,-0.26859974704036677,-0.5915024625116877,-0.7874016104191318,-0.21710218176327803,-0.5022518960912049
SLC45A4,,,,-0.9853150672512856,-0.3820357050043872,-0.6836753861278364,,,,,,
TSNARE1,,,,-0.9842208798512894,-0.197466706449733,-0.5908437931505112,,,,,,
JRK,,,,,,,,,,,,
THEM6,,,,,,,,,,,,
LY6E,,,,,,,,,,,,
TOP1MT,,,,,,,,,,,,
ZC3H3,,,,,,,-0.7299033681709755,-0.15166810295422004,-0.44078573556259776,,,
NAPRT,,,,,,,,,,,,
EEF1D,,,,,,,,,,,,
TIGD5,,,,,,,,,,,,
PYCR3,,,,,,,,,,,,
GFUS,,,,,,,,,,,,
ZNF623,,,,,,,,,,,,
SCRIB,,,,,,,,,,,,
PUF60,,,,,,,,,,,,
PLEC,-0.39221272879648167,-0.10793248217497865,-0.2500726054857302,,,,-0.8648332898856071,-0.10261147390527874,-0.4837223818954429,,,
GRINA,,,,,,,,,,,,
EXOSC4,,,,,,,,,,,,
GPAA1,,,,,,,,,,,,
CYC1,,,,,,,,,,,,
SHARPIN,,,,,,,,,,,,
MAF1,,,,,,,,,,,,
HGH1,,,,,,,,,,,,
MROH1,-0.4012795637345208,-0.10088041422968742,-0.2510799889821041,,,,,,,,,
BOP1,,,,,,,,,,,,
HSF1,,,,,,,,,,,,
DGAT1,,,,,,,,,,,,
SLC52A2,,,,,,,,,,,,
FBXL6,,,,,,,,,,,,
CPSF1,,,,,,,,,,,,
SLC39A4,,,,,,,,,,,,
VPS28,,,,,,,,,,,,
TONSL,,,,-0.9931701717775682,-0.46813959835149066,-0.7306548850645294,,,,,,
ZFTRAF1,,,,,,,,,,,,
TMEM276,,,,,,,,,,,,
PPP1R16A,,,,,,,,,,,,
MFSD3,,,,,,,,,,,,
RECQL4,-0.4423345550088608,-0.06375734103990431,-0.25304594802438257,,,,-0.5306448312733104,-0.04577362558257725,-0.28820922842794383,,,
LRRC14,,,,,,,,,,,,
C8orf82,,,,,,,,,,,,
ARHGAP39,,,,-0.9923945853273659,-0.2986758088985224,-0.6455351971129442,,,,,,
ZNF251,-0.5539125387844013,-0.15293366259518698,-0.3534231006897941,,,,,,,,,
ZNF34,,,,,,,,,,,,
RPL8,,,,,,,,,,,,
ZNF7,,,,,,,,,,,,
COMMD5,,,,,,,,,,,,
ZNF250,,,,,,,,,,,,
ZNF16,,,,,,,,,,,,
C8orf33,,,,,,,,,,,,
ZNG1A,,,,,,,,,,,,
DOCK8,,,,,,,,,,,,
KANK1,,,,,,,,,,,,
SMARCA2,-0.5423095549632805,-0.15985850163976584,-0.3510840283015232,,,,,,,,,
PUM3,,,,,,,,,,,,
RFX3,-0.5193885839842929,-0.20678335191214003,-0.36308596794821646,-0.986383019905943,-0.3814881783701625,-0.6839355991380528,-0.7194908394676677,-0.14400279040574082,-0.43174681493670425,,,
GLIS3,-0.522367759045968,-0.1926531249264458,-0.3575104419862069,,,,-0.6378945058104455,-0.17444432578800534,-0.4061694157992254,,,
SLC1A1,,,,-0.9846070599619049,-0.3746800386661084,-0.6796435493140066,,,,,,
CDC37L1,,,,,,,,,,,,
AK3,,,,,,,,,,,,
RCL1,,,,,,,,,,,,
JAK2,-0.3829286540682845,-0.127304604677924,-0.25511662937310425,,,,,,,,,
PLGRKT,,,,,,,,,,,,
RIC1,-0.5823906458059489,-0.13828233016771796,-0.36033648798683343,,,,,,,,,
ERMP1,-0.5133511335615092,-0.12822201740805841,-0.3207865754847838,,,,,,,,,
KIAA2026,-0.37106462314350014,-0.10213277261902569,-0.23659869788126292,,,,,,,,,
RANBP6,,,,,,,,,,,,
UHRF2,-0.8109507040512386,-0.3328531786915823,-0.5719019413714105,-0.9950240726547428,-0.6841335749583866,-0.8395788238065647,-0.8925681510102123,-0.20210534957119672,-0.5473367502907045,-0.7644073920830085,-0.17999556400828728,-0.4722014780456479
GLDC,,,,,,,,,,,,
KDM4C,-0.9924469558745908,-0.6225561942489999,-0.8075015750617953,-0.995565719362677,-0.6697315109429997,-0.8326486151528383,-0.9908892679519704,-0.4626074682639647,-0.7267483681079676,-0.9863183716411866,-0.430410516547787,-0.7083644440944868
DMAC1,,,,,,,,,,,,
PTPRD,-0.7468405793964065,-0.3521235878773352,-0.5494820836368708,-0.9964407063908955,-0.7643954876893986,-0.8804180970401471,-0.9042332876695744,-0.25029707662880923,-0.5772651821491919,-0.7694305376531037,-0.2856187809791696,-0.5275246593161367
MPDZ,-0.5408100155168871,-0.13162477637102357,-0.33621739594395533,,,,-0.8396611186967711,-0.2513492029891628,-0.545505160842967,,,
NFIB,-0.7805249516786432,-0.3202799192294275,-0.5504024354540353,-0.9833745118445029,-0.31458846099609195,-0.6489814864202974,-0.8439640600489066,-0.21284762600160267,-0.5284058430252546,-0.7953848890814826,-0.18549145535327086,-0.49043817221737673
ZDHHC21,,,,,,,,,,,,
TTC39B,-0.5472817502669712,-0.10590160321417838,-0.3265916767405748,,,,,,,,,
SNAPC3,,,,-0.988126998202338,-0.45530336331143256,-0.7217151807568852,,,,,,
PSIP1,,,,,,,,,,,,
CCDC171,-0.4003233221184623,-0.08035642957320584,-0.24033987584583405,-0.9860777412975001,-0.32694661906583045,-0.6565121801816654,-0.962072475692331,-0.40027633440795923,-0.6811744050501451,,,
BNC2,-0.6618862807248097,-0.2976351310915085,-0.4797607059081591,-0.9933682844716668,-0.6389554372882198,-0.8161618608799432,-0.6706086414494355,-0.2040477535738198,-0.43732819751162766,-0.6647247951552532,-0.17919094159364155,-0.4219578683744474
CNTLN,,,,,,,,,,,,
SH3GL2,-0.5533369477014143,-0.21184435826735565,-0.382590652984385,-0.9911700970213179,-0.5520581658033197,-0.7716141314123188,,,,,,
ADAMTSL1,-0.27403431874376105,-0.10523850602222158,-0.1896364123829913,,,,,,,-0.3568555934640536,-0.060243240423934245,-0.20854941694399393
RRAGA,,,,,,,,,,,,
HAUS6,,,,,,,,,,,,
PLIN2,,,,,,,,,,,,
DENND4C,-0.5786498456692376,-0.11608572728864706,-0.34736778647894234,,,,,,,,,
RPS6,,,,,,,,,,,,
MLLT3,-0.6794623758474404,-0.15535746514122967,-0.417409920494335,-0.9886901937326329,-0.46860737432230615,-0.7286487840274696,-0.8424115853806315,-0.18838594559037447,-0.515398765485503,,,
FOCAD,-0.6280196222963355,-0.17552297675139233,-0.4017712995238639,,,,,,,,,
KLHL9,,,,,,,,,,,,
MTAP,,,,,,,,,,,,
CDKN2A,,,,,,,,,,,,
CDKN2B,,,,,,,,,,,,
ELAVL2,,,,,,,,,,,,
TUSC1,,,,,,,,,,,,
CAAP1,,,,,,,,,,,,
PLAA,,,,,,,,,,,,
IFT74,,,,,,,,,,,,
MOB3B,-0.6564293143505521,-0.3325939419000511,-0.4945116281253016,-0.9953220354057103,-0.7130522256089243,-0.8541871305073173,-0.7924443461543299,-0.23163528283537302,-0.5120398144948515,-0.6339524649442837,-0.17609931220323463,-0.40502588857375915
C9orf72,,,,,,,,,,,,
LINGO2,-0.2918168594388846,-0.07393755871146104,-0.1828772090751728,,,,,,,,,
ACO1,,,,,,,,,,,,
RIGI,-0.4985000644228193,-0.1721439223769209,-0.3353219933998701,-0.9856205973137386,-0.3598861886567325,-0.6727533929852356,-0.7988354745737619,-0.1390018401808456,-0.46891865737730376,-0.6336157576770871,-0.1896407308087289,-0.411628244242908
TOPORS,,,,,,,,,,,,
SMIM27,-0.4694922258066113,-0.020094782846404043,-0.24479350432650768,,,,,,,,,
NDUFB6,,,,,,,,,,,,
APTX,,,,,,,,,,,,
DNAJA1,,,,,,,,,,,,
SMU1,,,,,,,,,,,,
B4GALT1,-0.8403954801230702,-0.33035414140122765,-0.5853748107621489,,,,-0.9400375901916177,-0.25674713148629824,-0.598392360838958,-0.9014092431311901,-0.24015158000187448,-0.5707804115665323
BAG1,,,,,,,,,,,,
CHMP5,,,,,,,,,,,,
NFX1,,,,,,,,,,,,
NOL6,,,,,,,,,,,,
ANKRD18B,,,,,,,,,,,,
UBE2R2,,,,,,,,,,,,
UBAP2,,,,,,,,,,,,
DCAF12,,,,,,,,,,,,
UBAP1,-0.5107124221619387,-0.0764071632318797,-0.2935597926969092,,,,,,,,,
KIF24,-0.5651346508324375,-0.2160267719912217,-0.3905807114118296,,,,-0.7657097303368054,-0.18732419037147782,-0.47651696035414165,,,
NUDT2,,,,,,,,,,,,
FAM219A,,,,,,,,,,,,
ENHO,,,,,,,,,,,,
RPP25L,,,,,,,,,,,,
DCTN3,,,,,,,,,,,,
SIGMAR1,,,,,,,,,,,,
GALT,,,,,,,,,,,,
ENSG00000187186,,,,,,,,,,,,
VCP,,,,,,,,,,,,
FANCG,,,,,,,,,,,,
PIGO,,,,,,,,,,,,
STOML2,,,,,,,,,,,,
UNC13B,-0.38140661329825176,-0.1380208473560309,-0.25971373032714135,-0.9976419436834103,-0.7476753625748953,-0.8726586531291528,,,,,,
RUSC2,,,,,,,,,,,,
CCDC107,,,,,,,,,,,,
ARHGEF39,0.13938133064208558,0.41656145982699144,0.2779713952345385,,,,,,,,,
TLN1,,,,,,,,,,,,
CREB3,,,,,,,,,,,,
GBA2,,,,,,,,,,,,
RGP1,,,,,,,,,,,,
HINT2,,,,,,,,,,,,
RECK,,,,,,,,,,,,
GLIPR2,,,,,,,,,,,,
CLTA,,,,,,,,,,,,
GNE,,,,,,,,,,,,
RNF38,,,,,,,,,,,,
MELK,-0.980399997354283,-0.5691030730837239,-0.7747515352190034,-0.9960969808123241,-0.7533098863681902,-0.8747034335902572,-0.8906935297474529,-0.32623616727555105,-0.608464848511502,-0.983315859340758,-0.4572710088333267,-0.7202934340870424
ZCCHC7,-0.5346839580851795,-0.16439354966682082,-0.3495387538760002,-0.9887168735062529,-0.3415429272577734,-0.6651299003820131,-0.6932840362822257,-0.2621364226355364,-0.47771022945888103,,,
GRHPR,,,,,,,,,,,,
ZBTB5,,,,,,,,,,,,
POLR1E,,,,,,,,,,,,
FBXO10,,,,,,,,,,,,
TOMM5,,,,,,,,,,,,
TRMT10B,,,,,,,,,,,,
EXOSC3,,,,,,,,,,,,
DCAF10,,,,,,,,,,,,
SLC25A51,,,,,,,,,,,,
SHB,,,,,,,,,,,,
ALDH1B1,,,,,,,,,,,,
IGFBPL1,,,,,,,,,,,,
ANKRD18A,,,,-0.9913295479079947,-0.5520537618994872,-0.7716916549037409,,,,,,
CNTNAP3,,,,,,,,,,,,
ZNG1F,,,,,,,,,,,,
CNTNAP3B,-0.5081823108225463,-0.18102469547280747,-0.34460350314767685,-0.9879253635057684,-0.45094645030406766,-0.7194359069049181,,,,,,
ZNG1E,,,,,,,,,,,,
ZNG1C,-0.8498191322059079,-0.3420353654731822,-0.5959272488395451,,,,-0.8937180840155999,-0.17703188598730504,-0.5353749850014525,-0.7854471892142427,-0.14861125263506408,-0.4670292209246534
PIP5K1B,,,,,,,-0.6350032367323111,-0.16087386766024075,-0.39793855219627594,,,
PABIR1,,,,,,,,,,,,
FXN,,,,,,,,,,,,
TJP2,,,,,,,,,,,,
PTAR1,,,,,,,,,,,,
SMC5,,,,,,,,,,,,
KLF9,,,,,,,,,,,,
TRPM3,-0.5955559991550112,-0.33104958143127516,-0.4633027902931432,-0.9964457332057433,-0.7870912152537244,-0.8917684742297338,-0.7489605458236002,-0.21022791050060896,-0.47959422816210456,-0.5951069701515462,-0.2619695913277529,-0.42853828073964956
CEMIP2,-0.4637350766643109,-0.10896942558723059,-0.28635225112577073,,,,,,,-0.5475193964940168,-0.10814382079921911,-0.327831608646618
ABHD17B,,,,,,,,,,,,
C9orf85,-0.5407871837046409,-0.14316318591086474,-0.3419751848077528,,,,,,,,,
ZFAND5,,,,,,,,,,,,
RORB,,,,,,,,,,,,
TRPM6,-0.3433401552458243,-0.07060185170939966,-0.20697100347761196,-0.9874861468121281,-0.41737253855229983,-0.7024293426822139,,,,,,
C9orf40,,,,,,,,,,,,
CARNMT1,,,,,,,,,,,,
NMRK1,,,,,,,,,,,,
OSTF1,,,,,,,,,,,,
PCSK5,-0.52024612404689,-0.23286475716038516,-0.37655544060363755,,,,,,,,,
RFK,,,,,,,,,,,,
GCNT1,-0.27563691780135013,-0.1406530580468583,-0.2081449879241042,-0.9859792963091775,-0.4761592558018311,-0.7310692760555043,-0.9875362294544411,-0.2904981052020341,-0.6390171673282377,-0.46908254574356106,-0.2044099499290495,-0.3367462478363053
VPS13A,-0.6971342634509441,-0.24332806966752013,-0.47023116655923214,,,,-0.7820674057536008,-0.22143222126352763,-0.5017498135085642,,,
GNAQ,-0.586269750064073,-0.2124166160175788,-0.3993431830408259,-0.9938095848773864,-0.698081700226394,-0.8459456425518902,-0.9266086794635902,-0.2638401328952044,-0.5952244061793973,,,
CEP78,,,,,,,,,,,,
PSAT1,,,,,,,,,,,,
TLE4,-0.4971132040203312,-0.1156589061773309,-0.30638605509883104,,,,,,,,,
TLE1,,,,,,,,,,,,
RASEF,,,,,,,,,,,,
FRMD3,-0.3752890902783571,-0.08571364420464905,-0.23050136724150308,-0.9880129865056857,-0.3998127363864502,-0.6939128614460679,,,,,,
UBQLN1,,,,,,,,,,,,
GKAP1,-0.5918662236590505,-0.1055988055222073,-0.34873251459062893,,,,,,,,,
KIF27,,,,,,,,,,,,
C9orf64,,,,,,,,,,,,
HNRNPK,,,,,,,,,,,,
RMI1,-0.3172878736592484,-0.03258518025304357,-0.17493652695614598,,,,,,,,,
AGTPBP1,-0.5720050747349534,-0.18392432618952262,-0.377964700462238,-0.9921923951909626,-0.6284486105593027,-0.8103205028751326,,,,,,
NAA35,,,,,,,,,,,,
GOLM1,,,,,,,,,,,,
ISCA1,,,,,,,,,,,,
TUT7,,,,,,,,,,,,
GAS1,,,,,,,,,,,,
DAPK1,-0.5542709809441131,-0.17907971509236847,-0.36667534801824075,-0.9855786033981467,-0.40036425294908473,-0.6929714281736157,,,,,,
CTSL,,,,,,,,,,,,
SPIN1,-0.8840083672748421,-0.19967503762208225,-0.5418417024484622,,,,,,,,,
CKS2,0.304821825820058,0.5091273918864911,0.4069746088532746,,,,,,,,,
SECISBP2,,,,,,,,,,,,
SEMA4D,-0.49629759690519054,-0.13535539719102246,-0.3158264970481065,-0.9914671900051399,-0.5545119882693856,-0.7729895891372628,,,,,,
SYK,,,,,,,,,,,,
AUH,,,,,,,,,,,,
NFIL3,,,,,,,,,,,,
ROR2,-0.3915192567053471,-0.12759937231486534,-0.2595593145101062,-0.994841470023092,-0.6310141286503285,-0.8129277993367102,,,,,,
SPTLC1,,,,,,,,,,,,
IARS1,,,,,,,,,,,,
NOL8,,,,,,,,,,,,
CENPP,-0.9307007281983924,-0.4584975069722707,-0.6945991175853315,-0.991422656109488,-0.5508294775476725,-0.7711260668285802,-0.9358638362750166,-0.26102053278033116,-0.5984421845276738,-0.8674241217301161,-0.14297199201515073,-0.5051980568726334
OGN,-0.6272189134228578,-0.2493311783155102,-0.43827504586918403,,,,,,,,,
ECM2,-0.9858759455951833,-0.5954872645807022,-0.7906816050879428,,,,-0.9767268388733941,-0.4160816814197718,-0.696404260146583,-0.9330610133010048,-0.34441876612852323,-0.638739889714764
IPPK,,,,,,,,,,,,
BICD2,,,,,,,,,,,,
ZNF484,,,,,,,,,,,,
CARD19,,,,,,,,,,,,
NINJ1,,,,,,,,,,,,
WNK2,,,,,,,,,,,,
FAM120AOS,,,,,,,,,,,,
FAM120A,,,,,,,,,,,,
PHF2,,,,-0.9922890377524887,-0.4245149549480008,-0.7084019963502447,,,,,,
BARX1,,,,,,,,,,,,
PTPDC1,,,,,,,,,,,,
ZNF169,-0.4735570596176906,-0.08531042249639545,-0.27943374105704305,,,,,,,,,
MFSD14B,,,,,,,,,,,,
AOPEP,-0.7715080230292635,-0.34208492910611976,-0.5567964760676916,-0.992953422683787,-0.5582957830582467,-0.7756246028710168,-0.7179360528798284,-0.21889110166336356,-0.468413577271596,-0.8205787049013743,-0.12808349828769222,-0.4743311015945333
FANCC,-0.8527541005377866,-0.3414764884000308,-0.5971152944689087,,,,-0.7987615767029934,-0.19850120466282895,-0.4986313906829112,-0.9111029800138157,-0.17436128618804783,-0.5427321331009318
PTCH1,-0.39075327168124585,-0.07677208426934726,-0.23376267797529654,,,,,,,,,
ERCC6L2,,,,,,,,,,,,
ZNF367,-0.6147841032902843,-0.2949881124202572,-0.4548861078552707,-0.9943260423117406,-0.7162914188783351,-0.8553087305950379,,,,,,
HABP4,,,,,,,,,,,,
CDC14B,,,,,,,,,,,,
PRXL2C,,,,,,,,,,,,
ZNF782,,,,,,,-0.4613942446900575,-0.10775579923216615,-0.28457502196111184,,,
CTSV,,,,,,,,,,,,
TDRD7,,,,,,,,,,,,
TMOD1,,,,,,,,,,,,
TSTD2,,,,,,,,,,,,
NCBP1,,,,,,,,,,,,
XPA,,,,,,,,,,,,
TRMO,,,,,,,,,,,,
ANP32B,,,,,,,,,,,,
NANS,,,,,,,,,,,,
TRIM14,,,,,,,,,,,,
CORO2A,,,,,,,,,,,,
GABBR2,-0.39272788800329217,-0.17252213281348402,-0.2826250104083881,-0.9912362626545922,-0.5283609676831276,-0.7597986151688598,,,,-0.4592313856535955,-0.2068012767346468,-0.33301633119412116
ANKS6,,,,,,,,,,,,
GALNT12,,,,,,,,,,,,
TGFBR1,,,,,,,,,,,,
ALG2,,,,,,,,,,,,
SEC61B,,,,,,,,,,,,
STX17,,,,,,,,,,,,
ERP44,,,,,,,,,,,,
INVS,-0.6066874734388359,-0.23148255350310995,-0.41908501347097293,-0.9878097461327657,-0.43545750282531975,-0.7116336244790428,,,,,,
TEX10,,,,-0.9906521607002888,-0.36030498124538457,-0.6754785709728367,,,,,,
MSANTD3,,,,,,,,,,,,
TMEFF1,,,,-0.9971344445229144,-0.6494412293417565,-0.8232878369323355,,,,,,
MRPL50,,,,,,,,,,,,
ZNF189,,,,,,,,,,,,
PGAP4,,,,,,,,,,,,
RNF20,,,,,,,,,,,,
SMC2,,,,,,,,,,,,
NIPSNAP3A,,,,,,,,,,,,
SLC44A1,,,,,,,-0.8118457522529136,-0.08912735617454115,-0.45048655421372735,,,
FSD1L,-0.48736181414285185,-0.09807364825443543,-0.29271773119864364,-0.9893338846654621,-0.331910495194794,-0.6606221899301281,,,,,,
FKTN,,,,,,,,,,,,
TMEM38B,,,,,,,,,,,,
ZNF462,-0.6203863094288253,-0.1873064455822332,-0.40384637750552926,,,,-0.8929777835269036,-0.20468316844441733,-0.5488304759856605,,,
RAD23B,,,,,,,,,,,,
ELP1,,,,,,,,,,,,
ABITRAM,,,,,,,,,,,,
CTNNAL1,,,,,,,,,,,,
TMEM245,-0.49524286176746163,-0.14637086861215345,-0.32080686518980756,-0.9894986179977732,-0.42447096449246535,-0.7069847912451193,,,,,,
EPB41L4B,,,,,,,,,,,,
PTPN3,-0.4265250917532034,-0.050210334520575876,-0.23836771313688965,,,,,,,,,
PALM2AKAP2,-0.4944775503345285,-0.1142093185838695,-0.304343434459199,-0.9955013829834914,-0.7500977594583622,-0.8727995712209269,,,,,,
TXN,,,,,,,,,,,,
LPAR1,-0.5285855206797782,-0.18134462202473936,-0.35496507135225874,-0.9879243775916513,-0.3650005378804278,-0.6764624577360395,-0.7835752363526622,-0.2172829420673327,-0.5004290892099975,,,
ECPAS,,,,,,,,,,,,
ZNF483,-0.7285489367151512,-0.28790798064954526,-0.5082284586823482,,,,-0.8164920399578792,-0.10736470265026593,-0.4619283713040726,,,
DNAJC25,,,,,,,,,,,,
GNG10,,,,,,,,,,,,
UGCG,,,,,,,-0.8398302460586047,-0.21137561267532992,-0.5256029293669673,,,
SUSD1,-0.41886483187196055,-0.09264858090661096,-0.25575670638928577,,,,,,,,,
PTBP3,,,,,,,,,,,,
HSDL2,,,,,,,,,,,,
KIAA1958,-0.5187496440559275,-0.17289457991587937,-0.3458221119859034,-0.9876156570502813,-0.4021645760877553,-0.6948901165690183,,,,,,
INIP,,,,,,,,,,,,
SNX30,,,,,,,,,,,,
ZNF883,,,,,,,,,,,,
FKBP15,,,,,,,,,,,,
SLC31A1,,,,,,,,,,,,
CDC26,,,,,,,,,,,,
PRPF4,,,,,,,,,,,,
HDHD3,,,,,,,,,,,,
POLE3,,,,,,,,,,,,
ZNF618,,,,,,,,,,,,
COL27A1,,,,,,,,,,,,
WHRN,,,,,,,,,,,,
ATP6V1G1,,,,,,,,,,,,
TMEM268,,,,,,,,,,,,
ASTN2,-0.39672120164971475,-0.16419824901169291,-0.28045972533070385,-0.9898280571020831,-0.5079317391290108,-0.7488798981155469,-0.8412501224681622,-0.14468069586207896,-0.4929654091651206,,,
TRIM32,,,,,,,,,,,,
CDK5RAP2,,,,,,,,,,,,
MEGF9,-0.6272179708006301,-0.218131601706179,-0.4226747862534046,,,,-0.5746854365451427,-0.19706117785820837,-0.38587330720167556,,,
FBXW2,,,,,,,,,,,,
B3GALT9,,,,,,,,,,,,
PSMD5,,,,,,,,,,,,
PHF19,,,,,,,,,,,,
CNTRL,,,,,,,,,,,,
RAB14,,,,,,,,,,,,
STOM,,,,,,,,,,,,
DAB2IP,,,,-0.9866466413161042,-0.3952037040085537,-0.690925172662329,,,,,,
TTLL11,-0.4660007502844362,-0.12989272431793242,-0.2979467373011843,,,,,,,,,
NDUFA8,,,,,,,,,,,,
RBM18,,,,,,,,,,,,
MRRF,,,,,,,,,,,,
PDCL,,,,,,,,,,,,
RC3H2,,,,,,,,,,,,
ZBTB6,,,,,,,,,,,,
RABGAP1,-0.5190445651968346,-0.1585664391850769,-0.33880550219095573,-0.9907260369703037,-0.5000097111687793,-0.7453678740695415,-0.8781674610953936,-0.2257002204890572,-0.5519338407922254,,,
STRBP,,,,,,,,,,,,
DENND1A,-0.4373237641518072,-0.11750365613958492,-0.27741371014569605,-0.9857876377205792,-0.3504266335526958,-0.6681071356366375,,,,,,
NEK6,,,,,,,,,,,,
PSMB7,,,,,,,,,,,,
NR6A1,-0.5949344965556627,-0.20985425944854663,-0.40239437800210465,-0.9914238747804331,-0.3762909572593835,-0.6838574160199083,-0.9316759206373706,-0.21693919325006894,-0.5743075569437197,,,
RPL35,,,,,,,,,,,,
ARPC5L,,,,,,,,,,,,
GOLGA1,,,,,,,,,,,,
SCAI,-0.5099758682177544,-0.10126089477521714,-0.3056183814964858,,,,-0.8640274405893774,-0.17735446612908545,-0.5206909533592314,,,
PPP6C,,,,,,,,,,,,
RABEPK,,,,,,,,,,,,
HSPA5,,,,,,,,,,,,
GAPVD1,,,,,,,,,,,,
MAPKAP1,,,,,,,,,,,,
PBX3,-0.7833313726251838,-0.3807568810641399,-0.5820441268446619,-0.9950526768866759,-0.6733674509282198,-0.8342100639074479,-0.8957576195862368,-0.2676755387075145,-0.5817165791468757,-0.8773368649549733,-0.21453052418398816,-0.5459336945694807
MVB12B,,,,,,,,,,,,
LMX1B,,,,,,,,,,,,
ZBTB43,,,,,,,,,,,,
RALGPS1,-0.3949297827736501,-0.1947826255173221,-0.2948562041454861,-0.987494383646027,-0.49842138059238433,-0.7429578821192057,-0.6930246046372404,-0.17369047405172222,-0.4333575393444813,-0.5757974002382551,-0.11082463913574987,-0.3433110196870025
GARNL3,,,,,,,,,,,,
SLC2A8,,,,,,,,,,,,
ZNF79,,,,,,,,,,,,
RPL12,,,,,,,,,,,,
LRSAM1,,,,,,,,,,,,
NIBAN2,,,,,,,,,,,,
STXBP1,,,,,,,,,,,,
PTRH1,,,,,,,,,,,,
TOR2A,,,,,,,,,,,,
CDK9,,,,,,,,,,,,
FPGS,,,,,,,,,,,,
AK1,,,,,,,,,,,,
ST6GALNAC6,,,,,,,,,,,,
DPM2,,,,,,,,,,,,
EEIG1,,,,,,,,,,,,
SLC25A25,,,,,,,,,,,,
PTGES2,,,,,,,,,,,,
BBLN,,,,,,,,,,,,
CIZ1,,,,,,,,,,,,
DNM1,,,,,,,,,,,,
GOLGA2,,,,,,,,,,,,
SWI5,,,,,,,,,,,,
TRUB2,0.18843574411771016,0.4876097665343342,0.33802275532602216,,,,,,,,,
COQ4,,,,,,,,,,,,
SLC27A4,,,,,,,,,,,,
URM1,,,,,,,,,,,,
CERCAM,,,,,,,,,,,,
ODF2,,,,-0.9857182255720169,-0.4253402195787482,-0.7055292225753825,,,,,,
GLE1,,,,,,,,,,,,
SPTAN1,,,,,,,,,,,,
DYNC2I2,,,,,,,,,,,,
SET,,,,,,,,,,,,
PKN3,,,,,,,,,,,,
ZDHHC12,,,,,,,,,,,,
ZER1,-0.37730740315778494,-0.07719803403603039,-0.22725271859690765,,,,,,,,,
TBC1D13,,,,,,,,,,,,
ENDOG,,,,,,,,,,,,
SPOUT1,,,,,,,,,,,,
KYAT1,,,,,,,,,,,,
LRRC8A,,,,,,,,,,,,
PHYHD1,,,,,,,,,,,,
DOLK,,,,,,,,,,,,
NUP188,,,,,,,,,,,,
SH3GLB2,,,,,,,,,,,,
MIGA2,,,,,,,,,,,,
DOLPP1,,,,,,,,,,,,
CRAT,,,,,,,,,,,,
PTPA,,,,,,,,,,,,
NTMT1,,,,,,,,,,,,
ASB6,,,,,,,,,,,,
TOR1B,,,,,,,,,,,,
TOR1A,,,,,,,,,,,,
C9orf78,,,,,,,,,,,,
USP20,,,,-0.9911315506750673,-0.5699254743896388,-0.7805285125323531,,,,,,
FNBP1,,,,,,,,,,,,
GPR107,,,,,,,,,,,,
NCS1,,,,,,,,,,,,
ASS1,,,,,,,,,,,,
FUBP3,,,,,,,,,,,,
EXOSC2,,,,,,,,,,,,
ABL1,-0.2953471249901054,-0.051349959686384,-0.1733485423382447,,,,,,,,,
LAMC3,,,,,,,,,,,,
AIF1L,,,,,,,,,,,,
NUP214,-0.8221292222582772,-0.2976885279883946,-0.5599088751233359,,,,-0.978896321460109,-0.34323329991430795,-0.6610648106872085,,,
PLPP7,-0.3387086519515475,-0.10787784903845535,-0.22329325049500143,-0.9953621233954826,-0.6201049560165327,-0.8077335397060077,,,,-0.4050226872090112,-0.07372183599088745,-0.23937226159994932
PRRC2B,,,,,,,,,,,,
POMT1,,,,,,,,,,,,
UCK1,,,,,,,,,,,,
RAPGEF1,,,,,,,,,,,,
MED27,,,,,,,,,,,,
SETX,,,,,,,,,,,,
TTF1,,,,,,,,,,,,
DDX31,,,,,,,,,,,,
GTF3C4,,,,,,,,,,,,
SPACA9,,,,,,,,,,,,
TSC1,,,,,,,,,,,,
GTF3C5,,,,,,,,,,,,
RALGDS,,,,,,,,,,,,
SURF6,,,,,,,,,,,,
MED22,,,,,,,,,,,,
RPL7A,,,,,,,,,,,,
SURF1,,,,,,,,,,,,
SURF2,0.09978782694959178,0.44526827480328635,0.27252805087643905,,,,,,,,,
SURF4,,,,,,,,,,,,
REXO4,,,,,,,,,,,,
ADAMTS13,,,,,,,,,,,,
VAV2,,,,,,,,,,,,
BRD3OS,,,,,,,,,,,,
BRD3,,,,,,,,,,,,
WDR5,,,,,,,,,,,,
RXRA,,,,,,,,,,,,
PIERCE1,,,,,,,,,,,,
MRPS2,0.1329582246293388,0.4436880696405832,0.288323147134961,,,,,,,,,
CAMSAP1,,,,,,,,,,,,
UBAC1,,,,,,,,,,,,
NACC2,,,,,,,,,,,,
TMEM250,,,,,,,,,,,,
QSOX2,,,,,,,,,,,,
GPSM1,,,,,,,,,,,,
DNLZ,,,,,,,,,,,,
SNAPC4,,,,,,,,,,,,
ENTR1,,,,,,,,,,,,
PMPCA,,,,,,,,,,,,
INPP5E,,,,,,,,,,,,
SEC16A,,,,,,,,,,,,
EGFL7,,,,,,,,,,,,
AGPAT2,,,,,,,,,,,,
DIPK1B,0.19370637361047996,0.5404642108007315,0.3670852922056057,,,,,,,,,
TMEM141,,,,,,,,,,,,
RABL6,,,,-0.9942415049356397,-0.6037011237940478,-0.7989713143648438,,,,,,
PHPT1,,,,,,,,,,,,
EDF1,,,,,,,,,,,,
TRAF2,,,,,,,,,,,,
FBXW5,,,,,,,,,,,,
PAXX,,,,,,,,,,,,
NPDC1,,,,,,,,,,,,
SAPCD2,0.11814118092395325,0.43719864804717634,0.2776699144855648,,,,,,,,,
MAN1B1,,,,,,,,,,,,
SSNA1,,,,,,,,,,,,
TPRN,,,,,,,,,,,,
TMEM203,,,,,,,,,,,,
NDOR1,,,,,,,,,,,,
TUBB4B,,,,,,,,,,,,
NELFB,,,,,,,,,,,,
NRARP,,,,,,,,,,,,
EXD3,,,,,,,,,,,,
NOXA1,,,,,,,,,,,,
NSMF,,,,,,,,,,,,
MRPL41,,,,,,,,,,,,
DPH7,,,,,,,,,,,,
ZMYND19,,,,,,,,,,,,
ARRDC1,,,,,,,,,,,,
EHMT1,,,,,,,,,,,,
ZMYND11,,,,,,,,,,,,
DIP2C,-0.5130331893322777,-0.17162524276001068,-0.3423292160461442,-0.9919624179719744,-0.45896643433374573,-0.72546442615286,,,,,,
LARP4B,,,,,,,,,,,,
GTPBP4,,,,,,,,,,,,
IDI1,,,,,,,,,,,,
WDR37,,,,,,,,,,,,
PFKP,,,,,,,,,,,,
PITRM1,,,,,,,,,,,,
KLF6,,,,,,,,,,,,
NET1,,,,,,,,,,,,
ASB13,,,,,,,,,,,,
TASOR2,,,,,,,,,,,,
GDI2,,,,,,,,,,,,
ANKRD16,,,,,,,,,,,,
FBH1,,,,,,,,,,,,
IL2RA,-0.3635880863394244,-0.19677890263479855,-0.2801834944871115,-0.9899640398207975,-0.5697456854955076,-0.7798548626581525,-0.41932232262618024,-0.2080854994660428,-0.3137039110461115,-0.46541405440969963,-0.27676813786299703,-0.37109109613634833
RBM17,,,,,,,,,,,,
PFKFB3,,,,-0.9856706447309582,-0.28503763910871366,-0.635354141919836,,,,,,
PRKCQ,-0.4391149862619662,-0.11351768994870313,-0.2763163381053347,,,,-0.8419149740705528,-0.18304410948301464,-0.5124795417767838,,,
SFMBT2,-0.785690678881053,-0.33781093028730586,-0.5617508045841795,-0.9916134859909813,-0.553010778199094,-0.7723121320950377,-0.8602094349596578,-0.30598515100022766,-0.5830972929799427,-0.8614438700812284,-0.20453669346796804,-0.5329902817745982
KIN,,,,,,,,,,,,
ATP5F1C,,,,,,,,,,,,
TAF3,,,,,,,,,,,,
GATA3,,,,,,,,,,,,
CELF2,,,,-0.9897953545556029,-0.3972167964539616,-0.6935060755047822,,,,,,
USP6NL,,,,,,,,,,,,
PROSER2,,,,,,,,,,,,
UPF2,,,,,,,,,,,,
DHTKD1,,,,,,,,,,,,
SEC61A2,,,,,,,,,,,,
NUDT5,,,,,,,,,,,,
CDC123,,,,,,,,,,,,
CAMK1D,-0.6296561606146484,-0.370114782790126,-0.4998854717023872,-0.9957810147409352,-0.7368654916272874,-0.8663232531841113,-0.9033378477541559,-0.2853136938242268,-0.5943257707891914,,,
CCDC3,,,,-0.991469429774619,-0.5910020442204706,-0.7912357369975449,,,,,,
OPTN,-0.36952199386278195,-0.06682436119360095,-0.21817317752819146,,,,,,,-0.40430798071425844,-0.06897316675434718,-0.2366405737343028
MCM10,-0.6559232783924163,-0.20035679032511874,-0.4281400343587675,,,,,,,,,
PHYH,,,,,,,,,,,,
SEPHS1,,,,-0.9830169931056576,-0.26790315586690194,-0.6254600744862797,,,,,,
BEND7,,,,,,,,,,,,
PRPF18,,,,,,,,,,,,
FRMD4A,-0.5494547118365085,-0.19267605696463785,-0.3710653844005732,-0.9926287854344046,-0.4404952817558884,-0.7165620335951465,,,,,,
FAM107B,,,,,,,,,,,,
MSANTD7,,,,,,,,,,,,
HSPA14,,,,,,,,,,,,
SUV39H2,,,,,,,,,,,,
DCLRE1C,-0.9848132298962083,-0.4889589849489964,-0.7368861074226024,,,,-0.9841668581995618,-0.26188506787820237,-0.6230259630388821,-0.9634397962298578,-0.28246371028480716,-0.6229517532573324
RPP38,,,,,,,,,,,,
NMT2,-0.794042196984865,-0.19947055358566876,-0.4967563752852669,,,,,,,,,
FAM171A1,,,,,,,,,,,,
ITGA8,-0.34863726741916207,-0.085906332698429,-0.21727180005879554,-0.9855060896595322,-0.25114218524708565,-0.6183241374533089,,,,,,
MINDY3,,,,,,,,,,,,
PTER,,,,,,,,,,,,
RSU1,-0.6635757358655634,-0.12020314299065343,-0.3918894394281084,-0.9913304490251699,-0.49126927234818263,-0.7412998606866763,,,,,,
TRDMT1,,,,-0.9904853926495057,-0.34273783657264106,-0.6666116146110734,,,,,,
VIM,,,,,,,,,,,,
HACD1,,,,,,,,,,,,
STAM,,,,,,,,,,,,
CACNB2,-0.8522854369550037,-0.4088912121230024,-0.630588324539003,-0.9958779085826095,-0.7208426237413144,-0.8583602661619619,-0.9760684987363759,-0.38664724092047836,-0.6813578698284272,,,
NSUN6,,,,,,,,,,,,
ARL5B,,,,,,,,,,,,
PLXDC2,-0.54272458054192,-0.2132980479817248,-0.3780113142618224,-0.9921112141961457,-0.46093570378045795,-0.7265234589883018,-0.8360039780533426,-0.263770766764765,-0.5498873724090538,,,
NEBL,-0.4629086167809222,-0.1915439271433108,-0.3272262719621165,-0.9946998616633982,-0.679389768747503,-0.8370448152054506,-0.6291823530613145,-0.15692024604594282,-0.39305129955362866,,,
SKIDA1,-0.5824638797318732,-0.14664477137088694,-0.36455432555138007,,,,-0.785030935162878,-0.12458273852277509,-0.4548068368428266,,,
MLLT10,-0.8943777934522669,-0.3755978559802579,-0.6349878247162624,-0.9972459170608261,-0.7754702075012515,-0.8863580622810387,-0.882461728242966,-0.20745084816688092,-0.5449562882049235,-0.915918548219116,-0.26683910105924435,-0.5913788246391802
DNAJC1,,,,,,,,,,,,
COMMD3,,,,,,,,,,,,
BMI1,,,,,,,,,,,,
PIP4K2A,-0.564603112817915,-0.12678691330713213,-0.34569501306252354,,,,,,,,,
ARMC3,,,,-0.9891735854980146,-0.3854416062844729,-0.6873075958912438,,,,,,
MSRB2,,,,,,,,,,,,
KIAA1217,-0.6018776304434793,-0.23206522947349237,-0.41697142995848585,-0.9939607423297917,-0.597456103710338,-0.7957084230200648,,,,-0.5373504138876377,-0.11700366801055023,-0.32717704094909394
ARHGAP21,,,,,,,,,,,,
PRTFDC1,-0.4367678650767647,-0.09041950429416447,-0.26359368468546457,,,,,,,,,
THNSL1,,,,,,,,,,,,
MYO3A,-0.5594073412501506,-0.17457622623340102,-0.36699178374177577,,,,,,,,,
PDSS1,,,,,,,,,,,,
ABI1,,,,,,,,,,,,
ANKRD26,,,,,,,-0.6703157528407062,-0.11831313849138318,-0.3943144456660447,,,
YME1L1,,,,,,,,,,,,
MASTL,-0.5091480625778608,-0.13574099778765075,-0.32244453018275576,,,,,,,,,
ACBD5,,,,,,,,,,,,
RAB18,,,,,,,,,,,,
MKX,,,,,,,,,,,,
ODAD2,,,,,,,,,,,,
MPP7,,,,-0.9909712235432634,-0.424256799770558,-0.7076140116569107,,,,,,
WAC,,,,,,,-0.786102561691685,-0.1144647570010092,-0.4502836593463471,,,
BAMBI,,,,,,,,,,,,
SVIL,-0.6590124456230932,-0.2418569802958539,-0.45043471295947357,,,,-0.944450273227364,-0.34956087974384087,-0.6470055764856024,,,
JCAD,,,,,,,,,,,,
MTPAP,-0.7143279369305644,-0.15902224757028377,-0.4366750922504241,,,,,,,,,
MAP3K8,,,,,,,,,,,,
ZNF438,-0.5613979650002188,-0.22392212163832112,-0.39266004331926996,-0.9914757997360063,-0.47940209819649077,-0.7354389489662485,,,,-0.46738198149042276,-0.07791019736055663,-0.2726460894254897
ZEB1,,,,,,,,,,,,
ARHGAP12,,,,,,,,,,,,
KIF5B,0.11452294457652482,0.38657251565485523,0.25054773011569004,,,,,,,,,
EPC1,-0.7920109762543209,-0.34944638422010044,-0.5707286802372107,-0.9921326870319076,-0.5823765910883131,-0.7872546390601103,,,,-0.9474784019491603,-0.22878026527426426,-0.5881293336117123
CCDC7,-0.415686206757516,-0.08959500470401804,-0.252640605730767,,,,-0.7357712058788017,-0.1898080987547702,-0.462789652316786,,,
ITGB1,,,,,,,,,,,,
NRP1,-0.5053761526385669,-0.238701657805969,-0.37203890522226796,,,,-0.9433720795500073,-0.23748149739880056,-0.590426788474404,-0.5907109575868316,-0.183170743707401,-0.38694085064711625
PARD3,-0.8643861694492251,-0.39853445965880036,-0.6314603145540127,-0.9953928743833941,-0.6529352888057883,-0.8241640815945912,-0.7581352359863408,-0.16892010390430257,-0.4635276699453217,,,
CUL2,,,,,,,,,,,,
CREM,,,,,,,,,,,,
CCNY,,,,-0.9868507409504416,-0.44622930892404056,-0.7165400249372411,,,,,,
FZD8,,,,,,,,,,,,
ZNF248,-0.46037247969382833,-0.13408642538777474,-0.2972294525408015,-0.995228096828346,-0.5072758736157426,-0.7512519852220443,,,,,,
ZNF33A,-0.5674381579514824,-0.15186783040339588,-0.3596529941774392,-0.9910402169253484,-0.43598620244349956,-0.713513209684424,,,,,,
ZNF37A,,,,,,,,,,,,
ZNF33B,,,,-0.9896616682001155,-0.4443450614709858,-0.7170033648355506,,,,,,
BMS1,,,,,,,,,,,,
CSGALNACT2,,,,,,,,,,,,
HNRNPF,,,,,,,,,,,,
ZNF239,,,,,,,,,,,,
ZNF485,,,,,,,,,,,,
ZNF32,,,,,,,,,,,,
ZNF22,,,,,,,,,,,,
MARCHF8,,,,,,,,,,,,
ZFAND4,,,,,,,,,,,,
WASHC2C,-0.5024349285391823,-0.2300066545480599,-0.3662207915436211,-0.9960231921019608,-0.7305161276227565,-0.8632696598623586,-0.4876500447634472,-0.033719370128041375,-0.2606847074457443,-0.6495856392371279,-0.17400034662944325,-0.41179299293328553
TIMM23,,,,,,,,,,,,
NCOA4,,,,,,,,,,,,
FAM25G,-0.5331218501171051,-0.2450296620192835,-0.38907575606819433,-0.9946948142287021,-0.7048172442542988,-0.8497560292415005,-0.44421331961311195,-0.12453004871673934,-0.28437168416492564,-0.4224389754021354,-0.19930152937118414,-0.3108702523866598
MAPK8,-0.5117609735816695,-0.09500219043346772,-0.3033815820075686,,,,-0.8448280125920495,-0.1286143940284929,-0.48672120331027124,,,
ARHGAP22,,,,,,,,,,,,
ERCC6,,,,-0.9905159623004284,-0.4956037555237159,-0.7430598589120722,,,,,,
PARG,-0.5073113821334916,-0.1299691751966923,-0.3186402786650919,,,,,,,,,
TIMM23B,,,,,,,,,,,,
AGAP6,,,,,,,,,,,,
WASHC2A,,,,,,,,,,,,
SGMS1,-0.7385587380907555,-0.30953369727568286,-0.5240462176832191,-0.9940378939770136,-0.5622900293876683,-0.7781639616823409,-0.9543886494563021,-0.2588499017415048,-0.6066192755989035,,,
PRKG1,-0.7760874131140648,-0.4192294819761105,-0.5976584475450877,-0.9934613398172091,-0.6369771301231879,-0.8152192349701985,-0.9228728726470401,-0.3720182052464557,-0.647445538946748,-0.6915229974629875,-0.2161000955852256,-0.45381154652410655
CSTF2T,,,,,,,,,,,,
PCDH15,-0.3516892059730187,-0.14963084721899322,-0.25066002659600595,-0.9891016454197945,-0.3814017153857102,-0.6852516804027524,-0.5370311000284778,-0.07602080085815716,-0.30652595044331743,-0.4837447091484673,-0.10469553440917741,-0.29422012177882234
ZWINT,,,,,,,,,,,,
IPMK,-0.5056047330358117,-0.1330567552477853,-0.31933074414179846,,,,,,,-0.5811269079315119,-0.09028981724890786,-0.33570836259020986
CISD1,,,,,,,,,,,,
UBE2D1,,,,,,,,,,,,
TFAM,,,,,,,,,,,,
BICC1,-0.4770667386254588,-0.1653354498877719,-0.32120109425661536,,,,-0.9074005372616305,-0.2200884421937951,-0.5637444897277128,,,
FAM13C,-0.3526332400388179,-0.18449816995499418,-0.268565704996906,-0.9924416645072168,-0.6849776102664561,-0.8387096373868365,-0.4521248601482334,-0.1931706136974078,-0.32264773692282056,-0.5221884083707039,-0.13425956124723107,-0.3282239848089675
SLC16A9,,,,,,,,,,,,
CCDC6,,,,,,,,,,,,
ANK3,-0.598517218954828,-0.20037362713319698,-0.3994454230440125,-0.9968146427009197,-0.7210215571373616,-0.8589180999191406,-0.7178880971497896,-0.1853603697620816,-0.4516242334559356,,,
CDK1,,,,,,,-0.9920018473233746,-0.6220451604892104,-0.8070235039062925,,,
RHOBTB1,,,,-0.988075627767451,-0.49002693345731835,-0.7390512806123847,,,,,,
ARID5B,-0.42640433599589056,-0.13280476151675563,-0.2796045487563231,,,,,,,-0.8212264562175297,-0.2114599660072782,-0.5163432111124039
RTKN2,,,,,,,,,,,,
ADO,,,,,,,,,,,,
NRBF2,,,,,,,,,,,,
JMJD1C,-0.9109915327795891,-0.43626810010315925,-0.6736298164413742,-0.9981845122613537,-0.812461831259325,-0.9053231717603394,-0.736328992757759,-0.244155826689625,-0.490242409723692,-0.9098001561507343,-0.218047225717442,-0.5639236909340881
REEP3,,,,,,,,,,,,
CTNNA3,-0.4837005348379054,-0.20645863467081654,-0.34507958475436096,-0.9957901184283529,-0.6881784411315263,-0.8419842797799395,,,,-0.44187524526212035,-0.06993561657341923,-0.2559054309177698
DNAJC12,,,,,,,,,,,,
SIRT1,,,,,,,,,,,,
HERC4,-0.4640054330634543,-0.14120319213246285,-0.3026043125979586,,,,-0.6985858861863481,-0.1608261183141776,-0.42970600225026284,,,
PBLD,,,,,,,,,,,,
HNRNPH3,,,,,,,,,,,,
RUFY2,,,,,,,,,,,,
DNA2,-0.5710510906626265,-0.1646565136887717,-0.3678538021756991,,,,-0.861450255039944,-0.11754572614480374,-0.48949799059237387,,,
SLC25A16,-0.5989718635406807,-0.15260763439010502,-0.37578974896539286,,,,-0.9276693699259397,-0.2895852438336557,-0.6086273068797977,,,
TET1,,,,,,,,,,,,
CCAR1,,,,,,,,,,,,
STOX1,,,,,,,,,,,,
DDX50,,,,,,,,,,,,
DDX21,,,,,,,,,,,,
KIFBP,,,,,,,,,,,,
VPS26A,,,,,,,,,,,,
SUPV3L1,,,,,,,,,,,,
HK1,,,,,,,,,,,,
TSPAN15,,,,,,,,,,,,
FAM241B,,,,,,,,,,,,
MACROH2A2,,,,,,,,,,,,
TYSND1,,,,,,,,,,,,
SAR1A,,,,,,,,,,,,
PPA1,,,,,,,,,,,,
LRRC20,-0.4289091991247153,-0.10251656777106864,-0.26571288344789196,,,,,,,,,
EIF4EBP2,,,,,,,,,,,,
PALD1,,,,-0.9859388879921327,-0.38200458760146383,-0.6839717377967982,,,,,,
SGPL1,,,,,,,,,,,,
PCBD1,,,,,,,,,,,,
UNC5B,,,,,,,,,,,,
PSAP,,,,,,,,,,,,
CHST3,,,,,,,,,,,,
ASCC1,,,,,,,,,,,,
ANAPC16,,,,,,,,,,,,
DDIT4,,,,,,,,,,,,
DNAJB12,,,,,,,,,,,,
MICU1,-0.551645344234543,-0.07744007713714175,-0.3145427106858424,,,,,,,,,
MCU,-0.7016137354750965,-0.26523354038984104,-0.4834236379324688,-0.987881008790243,-0.41100311624366814,-0.6994420625169555,-0.9209277766227446,-0.1504877038946581,-0.5357077402587014,,,
P4HA1,,,,,,,,,,,,
NUDT13,-0.4653944235535431,-0.10286702673565637,-0.28413072514459975,,,,,,,,,
ECD,,,,,,,,,,,,
FAM149B1,-0.4959827964840246,-0.14722164883474062,-0.3216022226593826,,,,-0.9024570506903165,-0.2121617072742366,-0.5573093789822765,,,
DNAJC9,,,,,,,,,,,,
MRPS16,,,,,,,,,,,,
ANXA7,,,,,,,,,,,,
PPP3CB,,,,-0.9892134921424647,-0.47828541381756673,-0.7337494529800157,,,,,,
USP54,-0.6109105361903294,-0.20190480893824514,-0.4064076725642873,,,,,,,,,
SEC24C,,,,,,,,,,,,
FUT11,,,,,,,,,,,,
CHCHD1,,,,,,,,,,,,
ZSWIM8,,,,,,,,,,,,
NDST2,,,,,,,,,,,,
CAMK2G,,,,,,,,,,,,
VCL,,,,,,,,,,,,
AP3M1,-0.3534993277170007,-0.07378861153242279,-0.21364396962471174,-0.9878684068839613,-0.5128015417526446,-0.750334974318303,,,,,,
ADK,-0.7258793701145295,-0.2831690396925321,-0.5045242049035308,-0.9932028397485316,-0.5375770865369777,-0.7653899631427546,-0.793563371562639,-0.17318779334897275,-0.48337558245580586,,,
KAT6B,,,,,,,,,,,,
SAMD8,,,,,,,,,,,,
VDAC2,,,,,,,,,,,,
COMTD1,,,,,,,,,,,,
ZNF503,,,,,,,,,,,,
LRMDA,-0.46407681816667595,-0.2686177955173214,-0.3663473068419987,-0.9933019281556651,-0.6265878313792856,-0.8099448797674753,-0.5901397692844559,-0.10017768471424286,-0.34515872699934935,-0.7039132423291168,-0.3003956904902805,-0.5021544664096986
DLG5,,,,,,,,,,,,
POLR3A,,,,,,,,,,,,
RPS24,,,,,,,,,,,,
ZMIZ1,,,,,,,,,,,,
PPIF,,,,,,,,,,,,
ZCCHC24,,,,,,,,,,,,
EIF5AL1,,,,,,,,,,,,
TMEM254,,,,,,,,,,,,
ANXA11,,,,,,,,,,,,
PRXL2A,,,,,,,,,,,,
TSPAN14,-0.49779217674880344,-0.12174565387260111,-0.3097689153107023,-0.9915133960051344,-0.5603773362932032,-0.7759453661491689,,,,,,
GHITM,,,,,,,,,,,,
CCSER2,-0.6250507671748864,-0.18720315470031423,-0.4061269609376003,-0.9916589312100834,-0.42382745790310317,-0.7077431945565933,-0.8398284714577757,-0.22464766895849175,-0.5322380702081337,,,
GRID1,-0.37300913383574086,-0.15274932068281283,-0.2628792272592768,-0.9893996764147975,-0.5221016969985611,-0.7557506867066793,-0.6089295992574304,-0.036765612688769225,-0.3228476059730998,,,
WAPL,,,,,,,,,,,,
BMPR1A,-0.6542449667584818,-0.24504833421341904,-0.4496466504859504,-0.9920758239355925,-0.5455726204941421,-0.7688242222148673,,,,-0.8279587305116656,-0.135728183807386,-0.4818434571595258
GLUD1,,,,,,,,,,,,
SHLD2,,,,-0.9872493893538489,-0.3371521251689353,-0.662200757261392,,,,,,
MINPP1,,,,,,,,,,,,
PAPSS2,-0.5776985575202105,-0.18839697711966943,-0.38304776731993995,-0.9943217556693732,-0.6272786274268024,-0.8108001915480878,,,,,,
ATAD1,,,,,,,,,,,,
PTEN,-0.5790527643924527,-0.1538991898537079,-0.3664759771230803,,,,,,,,,
STAMBPL1,,,,,,,,,,,,
LIPA,,,,-0.9968821540278631,-0.692942530718259,-0.844912342373061,,,,,,
IFIT5,-0.36429071971255444,-0.05150908773376405,-0.20789990372315925,,,,,,,,,
PANK1,,,,,,,,,,,,
KIF20B,,,,,,,,,,,,
RPP30,,,,,,,,,,,,
PCGF5,,,,,,,,,,,,
HECTD2,-0.3898549636925547,-0.11718289986684431,-0.2535189317796995,,,,,,,,,
TNKS2,,,,,,,,,,,,
BTAF1,-0.5465586089898912,-0.14547398093030056,-0.3460162949600959,,,,,,,,,
CPEB3,-0.6527130176537562,-0.27410771746654544,-0.46341036756015086,,,,-0.9170120110787903,-0.20443235260023193,-0.5607221818395111,-0.7857490888937717,-0.12671117309310823,-0.45623013099343995
MARCHF5,,,,,,,,,,,,
IDE,,,,,,,,,,,,
KIF11,,,,,,,,,,,,
EXOC6,,,,,,,,,,,,
CEP55,,,,,,,,,,,,
FRA10AC1,,,,,,,,,,,,
SLC35G1,,,,,,,,,,,,
PLCE1,-0.8456791991090714,-0.3373069206957307,-0.5914930599024011,-0.9934642226342212,-0.6803003780505189,-0.83688230034237,-0.9318762449850422,-0.4034857358569351,-0.6676809904209886,-0.7970845202714929,-0.17530619216604873,-0.4861953562187708
NOC3L,,,,,,,,,,,,
TBC1D12,,,,,,,-0.8222522183440797,-0.21615731900496854,-0.5192047686745241,,,
HELLS,-0.9946696217294855,-0.6680955607741151,-0.8313825912518003,,,,-0.9818863011751474,-0.3184262660501135,-0.6501562836126304,,,
PDLIM1,,,,,,,,,,,,
SORBS1,-0.4243564729087249,-0.13330678096715562,-0.2788316269379403,-0.9897381960112889,-0.3653131659003392,-0.677525680955814,,,,-0.7027827153976708,-0.056321339872773005,-0.3795520276352219
ALDH18A1,,,,,,,,,,,,
TCTN3,,,,,,,,,,,,
CCNJ,,,,,,,,,,,,
ZNF518A,,,,,,,,,,,,
TM9SF3,,,,,,,,,,,,
PIK3AP1,-0.3576491833878333,-0.18549344080231514,-0.27157131209507424,-0.9920369341846149,-0.6210694632077195,-0.8065531986961672,-0.43893552317227513,-0.137819011540377,-0.2883772673563261,,,
LCOR,-0.6203567232996651,-0.1598804430247294,-0.3901185831621972,,,,,,,,,
ARHGAP19,,,,,,,,,,,,
FRAT2,,,,,,,,,,,,
RRP12,,,,,,,,,,,,
PGAM1,,,,,,,,,,,,
EXOSC1,,,,,,,,,,,,
ZDHHC16,,,,,,,,,,,,
MMS19,,,,-0.9922002315893524,-0.3740365012635716,-0.683118366426462,,,,,,
UBTD1,,,,,,,,,,,,
MORN4,,,,,,,,,,,,
PI4K2A,,,,,,,,,,,,
AVPI1,,,,,,,,,,,,
MARVELD1,,,,,,,,,,,,
ZFYVE27,,,,,,,,,,,,
R3HCC1L,-0.3647694466040973,-0.11274441722684123,-0.23875693191546926,,,,,,,,,
HPS1,,,,,,,,,,,,
CNNM1,,,,,,,,,,,,
GOT1,,,,,,,,,,,,
SLC25A28,-0.25841346442970164,-0.06633146754976497,-0.16237246598973332,-0.9879653477928904,-0.30686365642770774,-0.647414502110299,,,,,,
ENTPD7,,,,,,,,,,,,
CUTC,,,,,,,,,,,,
COX15,,,,,,,,,,,,
DNMBP,,,,,,,,,,,,
ERLIN1,,,,,,,,,,,,
CHUK,,,,,,,,,,,,
CWF19L1,,,,,,,,,,,,
BLOC1S2,,,,,,,,,,,,
SCD,,,,,,,,,,,,
NDUFB8,,,,,,,,,,,,
HIF1AN,,,,,,,,,,,,
SLF2,-0.5262812072828816,-0.14944589890085708,-0.33786355309186933,,,,,,,,,
MRPL43,,,,,,,,,,,,
TWNK,,,,,,,,,,,,
LZTS2,,,,,,,,,,,,
BTRC,-0.6310266605423883,-0.19140615743973963,-0.411216408991064,-0.9884536714020067,-0.3879719920893058,-0.6882128317456562,,,,,,
DPCD,,,,,,,,,,,,
POLL,,,,,,,,,,,,
FBXW4,-0.5637252930688657,-0.20854038668187325,-0.38613283987536945,,,,,,,-0.7217099984488783,-0.15665550003141865,-0.43918274924014844
NPM3,0.14598426091904423,0.461956227937114,0.30397024442807913,,,,,,,,,
OGA,,,,,,,,,,,,
ARMH3,-0.5701396581238015,-0.17168929511225614,-0.37091447661802884,-0.9852456701472322,-0.4500386406130711,-0.7176421553801516,,,,,,
HPS6,,,,,,,,,,,,
LDB1,,,,,,,,,,,,
PPRC1,,,,,,,,,,,,
NOLC1,,,,,,,,,,,,
GBF1,-0.5877714832345659,-0.15165466039453154,-0.3697130718145487,-0.9889900062571455,-0.37701429791949836,-0.6830021520883219,,,,,,
FBXL15,,,,,,,,,,,,
CUEDC2,,,,,,,,,,,,
C10orf95,-0.4286591463937846,-0.08718849812276801,-0.2579238222582763,,,,,,,-0.6584258958169548,-0.10856894450999038,-0.38349742016347255
MFSD13A,,,,,,,,,,,,
ACTR1A,,,,,,,,,,,,
SUFU,,,,,,,,,,,,
TRIM8,,,,,,,,,,,,
ARL3,,,,,,,,,,,,
SFXN2,-0.4703594077182959,-0.06909558288168673,-0.2697274952999913,,,,,,,,,
WBP1L,,,,,,,,,,,,
BORCS7,,,,,,,,,,,,
AS3MT,,,,-0.987004053291457,-0.3453304000880887,-0.6661672266897729,,,,,,
CNNM2,-0.5912418291617837,-0.23371791242298418,-0.4124798707923839,,,,-0.8464455055864019,-0.22033930060152243,-0.5333924030939622,-0.6192151855468825,-0.1339916678650625,-0.37660342670597247
NT5C2,-0.698727230511679,-0.2623417928050881,-0.48053451165838357,-0.9927331123688234,-0.620629912082151,-0.8066815122254872,-0.8971669420228974,-0.23401339821020095,-0.5655901701165491,-0.8675061523846312,-0.12750839157757593,-0.49750727198110356
PCGF6,,,,,,,,,,,,
TAF5,,,,,,,,,,,,
ATP5MK,,,,,,,,,,,,
PDCD11,,,,,,,,,,,,
SH3PXD2A,,,,,,,,,,,,
STN1,,,,,,,,,,,,
SLK,,,,,,,,,,,,
SFR1,,,,,,,,,,,,
GSTO1,,,,,,,,,,,,
GSTO2,,,,,,,,,,,,
XPNPEP1,,,,,,,,,,,,
ADD3,-0.5803105193485562,-0.21196291850110444,-0.39613671892483027,-0.9938436325061335,-0.4855071852299903,-0.7396754088680619,-0.8731163086408273,-0.15616569769206837,-0.5146410031664479,-0.5218279943153171,-0.08476846090506257,-0.3032982276101899
MXI1,,,,,,,,,,,,
SMNDC1,,,,,,,,,,,,
SMC3,,,,,,,,,,,,
RBM20,-0.5691164383949515,-0.17272826974033648,-0.370922354067644,,,,-0.7238412524699727,-0.20392312387292783,-0.4638821881714502,-0.8488187964866583,-0.20602452136127475,-0.5274216589239665
PDCD4,,,,,,,,,,,,
BBIP1,,,,,,,,,,,,
SHOC2,,,,,,,,,,,,
GPAM,,,,,,,,,,,,
ZDHHC6,,,,,,,,,,,,
VTI1A,-0.7817200796462285,-0.31534451517730155,-0.548532297411765,,,,,,,-0.7076538674180607,-0.12215192526377246,-0.4149028963409166
TCF7L2,-0.6603268722595523,-0.2216740395451488,-0.4410004559023506,-0.9927360238169189,-0.5868163380449811,-0.78977618093095,-0.8820809349019774,-0.31104670806561113,-0.5965638214837943,-0.8270846265382764,-0.08631620379078105,-0.45670041516452875
CASP7,,,,,,,,,,,,
DCLRE1A,,,,,,,,,,,,
NHLRC2,-0.5283025116496631,-0.08606933347975033,-0.3071859225647067,,,,-0.8976376077206121,-0.15432217326699224,-0.5259798904938021,,,
CCDC186,,,,,,,,,,,,
ABLIM1,-0.5077174099173666,-0.10209802494658608,-0.3049077174319763,-0.9927307788586683,-0.5131268920885668,-0.7529288354736176,,,,,,
FHIP2A,,,,,,,,,,,,
TRUB1,,,,,,,,,,,,
ATRNL1,-0.5134737410319244,-0.17655581478992544,-0.34501477791092494,-0.9920318618211406,-0.4847390589905431,-0.7383854604058419,-0.8071729661826191,-0.25397949554815674,-0.530576230865388,,,
HSPA12A,,,,,,,-0.7995158579048404,-0.05181517499561321,-0.42566551645022677,,,
SHTN1,-0.7395364083023864,-0.2760696452380391,-0.5078030267702127,-0.9961505764471715,-0.658502130954757,-0.8273263537009643,-0.9244627479363922,-0.22001647838370492,-0.5722396131600486,,,
PDZD8,-0.5120343890597518,-0.11316110481932555,-0.3125977469395387,,,,-0.9445297775891891,-0.2682395372288951,-0.6063846574090421,,,
EMX2,-0.3469397855258742,-0.06239628584812458,-0.20466803568699937,-0.9918896453503837,-0.41571950460408313,-0.7038045749772335,,,,,,
RAB11FIP2,,,,,,,,,,,,
FAM204A,,,,,,,,,,,,
CACUL1,,,,,,,,,,,,
NANOS1,,,,,,,,,,,,
EIF3A,,,,,,,,,,,,
DENND10,,,,,,,,,,,,
SFXN4,,,,,,,,,,,,
PRDX3,,,,,,,,,,,,
GRK5,,,,-0.9900183091009578,-0.4435110858379628,-0.7167646974694603,,,,,,
RGS10,,,,,,,,,,,,
TIAL1,,,,,,,,,,,,
BAG3,,,,,,,,,,,,
INPP5F,,,,,,,,,,,,
MCMBP,,,,,,,,,,,,
SEC23IP,,,,,,,,,,,,
PLPP4,,,,,,,,,,,,
WDR11,,,,,,,,,,,,
FGFR2,-0.6170208671542529,-0.25410865183451464,-0.4355647594943838,-0.9897597937867679,-0.6266587399384137,-0.8082092668625909,-0.7388616783707841,-0.12312954665788965,-0.4309956125143369,-0.762310261630328,-0.2568206619409065,-0.5095654617856172
ATE1,,,,,,,,,,,,
NSMCE4A,,,,,,,,,,,,
TACC2,,,,-0.9913785094081695,-0.5509958015079385,-0.771187155458054,,,,,,
PLEKHA1,,,,,,,,,,,,
C10orf88,,,,,,,,,,,,
PSTK,,,,,,,,,,,,
IKZF5,,,,,,,,,,,,
ACADSB,,,,,,,,,,,,
BUB3,,,,,,,,,,,,
CHST15,,,,,,,,,,,,
OAT,,,,,,,,,,,,
LHPP,,,,,,,,,,,,
FAM53B,,,,-0.9862899426097467,-0.2616723257876133,-0.62398113419868,,,,,,
EEF1AKMT2,-0.6146874127831254,-0.2299750019384839,-0.42233120736080465,,,,,,,,,
ABRAXAS2,,,,,,,,,,,,
ZRANB1,,,,,,,,,,,,
CTBP2,,,,,,,,,,,,
EDRF1,,,,,,,,,,,,
UROS,,,,,,,,,,,,
BCCIP,,,,,,,,,,,,
DHX32,,,,,,,,,,,,
DOCK1,-0.6616805144490634,-0.20784468974331977,-0.43476260209619155,-0.9909163921310215,-0.4922709887680322,-0.7415936904495268,,,,,,
MKI67,0.11306578250541578,0.3599910277172489,0.23652840511133233,,,,,,,,,
EBF3,-0.6830719551925464,-0.24151249570290576,-0.4622922254477261,-0.995267023348541,-0.7025548459566697,-0.8489109346526054,,,,-0.5585669793941315,-0.11662116230916716,-0.33759407085164933
GLRX3,,,,,,,,,,,,
PPP2R2D,,,,,,,,,,,,
BNIP3,,,,,,,,,,,,
STK32C,,,,,,,,,,,,
INPP5A,,,,-0.9926645055987015,-0.463680424648788,-0.7281724651237447,,,,,,
TUBGCP2,,,,,,,,,,,,
ZNF511,,,,,,,,,,,,
FUOM,,,,,,,,,,,,
ECHS1,,,,,,,,,,,,
MTG1,,,,,,,,,,,,
BET1L,,,,,,,,,,,,
RIC8A,,,,,,,,,,,,
SIRT3,,,,,,,,,,,,
PSMD13,,,,,,,,,,,,
IFITM2,,,,,,,,,,,,
IFITM1,,,,,,,,,,,,
SIGIRR,,,,,,,,,,,,
PTDSS2,,,,,,,,,,,,
RNH1,,,,,,,,,,,,
HRAS,,,,,,,,,,,,
RASSF7,,,,,,,,,,,,
PHRF1,,,,,,,,,,,,
DEAF1,,,,,,,,,,,,
TMEM80,,,,,,,,,,,,
TALDO1,,,,,,,,,,,,
GATD1,-0.763812981372769,-0.1658381904287344,-0.4648255859007517,,,,,,,,,
SLC25A22,,,,,,,,,,,,
RPLP2,,,,,,,,,,,,
PNPLA2,,,,,,,,,,,,
CD151,,,,,,,,,,,,
POLR2L,,,,,,,,,,,,
TSPAN4,,,,,,,,,,,,
CHID1,,,,,,,,,,,,
AP2A2,,,,,,,,,,,,
TOLLIP,,,,,,,,,,,,
BRSK2,,,,-0.9894870644707391,-0.28055076009320673,-0.6350189122819729,,,,,,
MOB2,,,,,,,,,,,,
CTSD,,,,,,,,,,,,
MRPL23,,,,,,,,,,,,
CD81,,,,,,,,,,,,
TSSC4,,,,,,,,,,,,
CDKN1C,,,,,,,,,,,,
PHLDA2,,,,,,,,,,,,
NAP1L4,,,,,,,,,,,,
CARS1,,,,,,,,,,,,
OSBPL5,,,,,,,,,,,,
ZNF195,,,,,,,,,,,,
ART5,,,,,,,,,,,,
NUP98,,,,,,,,,,,,
PGAP2,,,,,,,,,,,,
RHOG,,,,,,,,,,,,
STIM1,-0.5989948483281431,-0.2067024832719302,-0.40284866580003664,,,,-0.9484685332639426,-0.22876079665728538,-0.588614664960614,,,
RRM1,,,,,,,,,,,,
APBB1,,,,,,,,,,,,
ARFIP2,,,,,,,,,,,,
TIMM10B,,,,,,,,,,,,
DNHD1,,,,,,,,,,,,
RRP8,,,,,,,,,,,,
ILK,,,,,,,,,,,,
TAF10,,,,,,,,,,,,
MRPL17,,,,,,,,,,,,
ZNF215,,,,,,,,,,,,
EIF3F,,,,,,,,,,,,
TUB,,,,,,,,,,,,
STK33,-0.6069256682216654,-0.18127222959960254,-0.39409894891063396,-0.9905332266718029,-0.29283622408316745,-0.6416847253774851,-0.7472093916248966,-0.14845694344711907,-0.4478331675360079,,,
TRIM66,,,,,,,,,,,,
RPL27A,,,,,,,,,,,,
DENND2B,-0.4497549702202593,-0.04210818008663126,-0.24593157515344527,,,,,,,,,
AKIP1,,,,,,,,,,,,
TMEM9B,,,,,,,,,,,,
NRIP3,,,,,,,,,,,,
DENND5A,-0.5498049892680926,-0.17638079602014128,-0.3630928926441169,-0.9860713463161905,-0.5429752590523277,-0.764523302684259,,,,,,
TMEM41B,,,,,,,,,,,,
IPO7,,,,,,,,,,,,
ZNF143,,,,,,,,,,,,
WEE1,,,,,,,,,,,,
SWAP70,,,,,,,,,,,,
SBF2,-0.6786903994446807,-0.25756820270489383,-0.46812930107478723,,,,-0.7891239784488584,-0.24097024567308836,-0.5150471120609734,-0.6953646056659938,-0.11171582494720493,-0.40354021530659934
RNF141,,,,,,,,,,,,
CTR9,,,,,,,,,,,,
EIF4G2,,,,,,,,,,,,
ZBED5,,,,,,,,,,,,
GALNT18,-0.40458706672222455,-0.060184364148531885,-0.23238571543537823,-0.9930818597568348,-0.4155092019266615,-0.7042955308417482,,,,,,
USP47,,,,,,,,,,,,
PARVA,-0.4257950744771717,-0.08732982598242175,-0.25656245022979673,,,,,,,,,
TEAD1,-0.6959446589848961,-0.15001173040215038,-0.42297819469352327,-0.9845053288476091,-0.3874477987353512,-0.6859765637914801,-0.7960177209725507,-0.29679503067692214,-0.5464063758247364,,,
BTBD10,,,,,,,,,,,,
FAR1,,,,,,,,,,,,
SPON1,,,,-0.9873096065441967,-0.5617342937059879,-0.7745219501250924,,,,,,
RRAS2,,,,,,,,,,,,
COPB1,,,,,,,,,,,,
PSMA1,,,,,,,,,,,,
PDE3B,,,,-0.9919600141646023,-0.437105142818723,-0.7145325784916626,,,,,,
CYP2R1,,,,,,,,,,,,
CALCB,,,,,,,,,,,,
SOX6,-0.6392721444663433,-0.26829487658221096,-0.4537835105242771,-0.99221190905585,-0.475308788427838,-0.733760348741844,-0.7501659800809187,-0.1551652700287436,-0.45266562505483116,-0.6275184187200376,-0.13988197467296407,-0.3837001966965008
C11orf58,,,,,,,,,,,,
PLEKHA7,,,,,,,,,,,,
RPS13,,,,,,,,,,,,
PIK3C2A,-0.7177405539186417,-0.24498210047176347,-0.4813613271952026,-0.9942951196883003,-0.5518863011569083,-0.7730907104226044,,,,-0.8669757208573508,-0.21689723313600595,-0.5419364769966784
NUCB2,,,,,,,,,,,,
NCR3LG1,,,,,,,,,,,,
SERGEF,,,,,,,,,,,,
SAAL1,,,,,,,,,,,,
HPS5,,,,,,,,,,,,
GTF2H1,,,,,,,,,,,,
LDHA,0.3058444720189472,0.5843394657553533,0.4450919688871503,,,,,,,,,
LDHC,,,,-0.9957440419905167,-0.4270379274711646,-0.7113909847308406,,,,,,
TSG101,,,,,,,,,,,,
UEVLD,-0.4029883581838575,-0.07430473581635176,-0.23864654700010463,,,,,,,,,
MISFA,-0.5675715546455643,-0.15471186100456558,-0.36114170782506494,,,,,,,,,
SPTY2D1,,,,,,,,,,,,
ZDHHC13,,,,-0.9939245574477898,-0.5336646108115166,-0.7637945841296532,,,,,,
E2F8,-0.5827574017900436,-0.18879215624715293,-0.3857747790185983,,,,,,,,,
NAV2,-0.37221828851373523,-0.10220377718483117,-0.2372110328492832,,,,,,,,,
HTATIP2,,,,,,,,,,,,
PRMT3,,,,,,,,,,,,
ANO5,,,,,,,,,,,,
SVIP,-0.8556200474198651,-0.16070258479094707,-0.508161316105406,,,,,,,,,
CCDC34,,,,,,,,,,,,
LGR4,-0.5827866805824796,-0.1872425033971716,-0.3850145919898256,,,,-0.8026643241588253,-0.2592721398256239,-0.5309682319922246,-0.8063258858866388,-0.14321518464538302,-0.4747705352660109
LIN7C,,,,,,,,,,,,
KIF18A,,,,-0.9856092498065191,-0.3105428465808657,-0.6480760481936924,,,,,,
METTL15,-0.5656826402811495,-0.23540072229178902,-0.4005416812864692,,,,-0.8938207580356204,-0.1385352545866417,-0.5161780063111311,,,
ARL14EP,,,,,,,,,,,,
MPPED2,-0.5780836546038934,-0.16725961022620692,-0.3726716324150502,,,,,,,,,
DNAJC24,,,,,,,,,,,,
IMMP1L,-0.8921918681747032,-0.1828281726615842,-0.5375100204181437,,,,,,,,,
ELP4,,,,-0.9814064044208394,-0.24324228081853835,-0.6123243426196888,,,,,,
PAX6,,,,,,,,,,,,
RCN1,,,,,,,,,,,,
WT1,,,,,,,,,,,,
EIF3M,,,,,,,,,,,,
CCDC73,-0.4036778630150567,-0.24004788959847698,-0.32186287630676685,-0.9950754702307268,-0.6967299371984783,-0.8459027037146025,-0.604959363366947,-0.2197004417916694,-0.4123299025793082,-0.5838832352528475,-0.19603058171702523,-0.38995690848493636
PRRG4,,,,,,,,,,,,
QSER1,,,,-0.9921123852431352,-0.4910618355964512,-0.7415871104197932,,,,,,
DEPDC7,,,,,,,,,,,,
TCP11L1,-0.47768589123109306,-0.10348751528945752,-0.2905867032602753,,,,,,,,,
CSTF3,,,,,,,,,,,,
HIPK3,,,,,,,,,,,,
KIAA1549L,-0.3536073497882579,-0.106130899444736,-0.22986912461649694,,,,,,,,,
CD59,,,,,,,,,,,,
FBXO3,,,,,,,,,,,,
CAPRIN1,,,,,,,,,,,,
NAT10,,,,,,,,,,,,
ABTB2,,,,,,,,,,,,
CAT,,,,,,,,,,,,
APIP,,,,,,,,,,,,
PDHX,,,,,,,,,,,,
PAMR1,-0.36160093931781057,-0.0671778886078615,-0.21438941396283603,-0.9929097629300847,-0.4897938530618315,-0.7413518079959581,,,,,,
FJX1,,,,,,,,,,,,
TRIM44,,,,,,,,,,,,
LDLRAD3,-0.46451172477272834,-0.11934613499850044,-0.29192892988561436,-0.9923371517925997,-0.6676617556100573,-0.8299994537013284,,,,,,
COMMD9,,,,,,,,,,,,
TRAF6,,,,,,,,,,,,
IFTAP,,,,,,,,,,,,
LRRC4C,-0.5032554274644063,-0.28174004054016927,-0.3924977340022878,-0.9977600414370243,-0.7477466890063011,-0.8727533652216628,-0.4144305442983865,-0.18279393413202338,-0.29861223921520497,-0.6403613413790912,-0.29991175799908537,-0.47013654968908825
API5,,,,,,,,,,,,
TTC17,-0.7012102926533723,-0.18649500643725492,-0.4438526495453136,-0.9956540748644317,-0.5395995604344856,-0.7676268176494587,-0.8857679336703037,-0.2564385742026229,-0.5711032539364633,,,
HSD17B12,,,,,,,,,,,,
ALKBH3,,,,,,,,,,,,
EXT2,-0.5372664690586201,-0.19048343894927025,-0.36387495400394515,,,,-0.93730659523766,-0.18641018538819892,-0.5618583903129295,,,
ALX4,,,,,,,,,,,,
TSPAN18,-0.37100286282833805,-0.07439081113279271,-0.2226968369805654,,,,,,,,,
TP53I11,-0.395869169417958,-0.0669177785131919,-0.23139347396557497,,,,,,,,,
CRY2,,,,,,,,,,,,
PEX16,,,,,,,,,,,,
PHF21A,-0.4029192588906987,-0.10023793982752745,-0.2515785993591131,,,,,,,,,
DGKZ,,,,,,,,,,,,
MDK,,,,,,,,,,,,
AMBRA1,-0.7516884392803233,-0.18457664697765122,-0.4681325431289872,,,,-0.9651481228584929,-0.2498767715880322,-0.6075124472232626,,,
ATG13,,,,,,,,,,,,
ARHGAP1,,,,,,,,,,,,
CKAP5,,,,,,,,,,,,
LRP4,,,,,,,,,,,,
CSTPP1,-0.5873539786969423,-0.22671888731574955,-0.4070364330063459,,,,,,,-0.7018019738702052,-0.1281832326249904,-0.4149926032475978
ARFGAP2,,,,,,,,,,,,
PACSIN3,,,,,,,,,,,,
DDB2,-0.39894715082954507,-0.14586574535267935,-0.2724064480911122,,,,,,,,,
ACP2,,,,,,,,,,,,
NR1H3,,,,,,,,,,,,
MADD,,,,,,,,,,,,
SLC39A13,,,,,,,,,,,,
PSMC3,,,,,,,,,,,,
CELF1,,,,,,,,,,,,
NDUFS3,0.16050510087379327,0.5250491297919594,0.34277711533287636,,,,,,,,,
PTPMT1,,,,,,,,,,,,
MTCH2,,,,,,,,,,,,
FNBP4,,,,,,,,,,,,
NUP160,,,,,,,,,,,,
PTPRJ,-0.48695938359086405,-0.09478879378689459,-0.2908740886888793,-0.9949612257903083,-0.4629474941209095,-0.728954359955609,,,,,,
OR5D3P,-0.4626002694978356,-0.10412088217289059,-0.2833605758353631,-0.9915425650118764,-0.4926250489525907,-0.7420838069822335,,,,,,
TNKS1BP1,,,,,,,,,,,,
SSRP1,,,,,,,,,,,,
RTN4RL2,,,,,,,,,,,,
SLC43A1,,,,,,,,,,,,
TIMM10,,,,,,,,,,,,
CLP1,,,,,,,,,,,,
ZDHHC5,,,,,,,,,,,,
MED19,,,,,,,,,,,,
TMX2,,,,,,,,,,,,
SELENOH,,,,,,,,,,,,
CTNND1,-0.5288142130424293,-0.16147901710640367,-0.34514661507441646,,,,,,,,,
ZFP91,,,,,,,,,,,,
OSBP,,,,,,,,,,,,
PATL1,-0.47926394154477764,-0.041462138831372626,-0.26036304018807516,,,,,,,,,
STX3,,,,,,,,,,,,
MRPL16,,,,,,,,,,,,
CCDC86,,,,,,,,,,,,
PRPF19,,,,,,,,,,,,
TMEM109,,,,,,,,,,,,
TMEM132A,,,,,,,,,,,,
VPS37C,,,,-0.9939952429232616,-0.508841781469929,-0.7514185121965953,,,,,,
DDB1,,,,,,,,,,,,
TKFC,,,,,,,,,,,,
CYB561A3,,,,,,,,,,,,
TMEM138,,,,,,,,,,,,
TMEM216,,,,,,,,,,,,
CPSF7,,,,,,,,,,,,
SDHAF2,,,,,,,,,,,,
TMEM258,,,,,,,,,,,,
FEN1,-0.6956297413368857,-0.10900107378895152,-0.4023154075629186,,,,,,,,,
FADS2,,,,,,,,,,,,
FADS1,,,,,,,,,,,,
FADS3,-0.5509520006292434,-0.2820448375221768,-0.4164984190757101,-0.9941044862175045,-0.7080635699794239,-0.8510840280984642,-0.6902735126929198,-0.22724985734216838,-0.4587616850175441,-0.5512019254515447,-0.27556967657783615,-0.4133858010146904
FTH1,,,,,,,,,,,,
INCENP,,,,,,,,,,,,
ASRGL1,,,,,,,,,,,,
AHNAK,,,,,,,,,,,,
EEF1G,,,,,,,,,,,,
TUT1,,,,,,,,,,,,
MTA2,,,,,,,,,,,,
B3GAT3,,,,,,,,,,,,
GANAB,,,,,,,,,,,,
INTS5,,,,,,,,,,,,
CSKMT,,,,-0.990605996371954,-0.3653361861932662,-0.6779710912826101,,,,,,
UQCC3,,,,,,,,,,,,
UBXN1,,,,,,,,,,,,
BSCL2,,,,,,,,,,,,
HNRNPUL2,,,,,,,,,,,,
TTC9C,,,,,,,-0.8280076940754553,-0.08252918508010859,-0.45526843957778196,,,
POLR2G,,,,,,,,,,,,
TAF6L,,,,,,,,,,,,
TMEM223,,,,,,,,,,,,
TMEM179B,,,,,,,,,,,,
NXF1,,,,,,,,,,,,
STX5,,,,,,,,,,,,
WDR74,,,,,,,,,,,,
SLC3A2,,,,,,,,,,,,
PLAAT3,,,,,,,,,,,,
ATL3,,,,,,,,,,,,
RTN3,,,,,,,,,,,,
ZFTA,,,,-0.9822833447264647,-0.3287552744763994,-0.655519309601432,,,,,,
SPINDOC,,,,,,,,,,,,
MARK2,,,,,,,,,,,,
NAA40,,,,,,,,,,,,
COX8A,,,,,,,,,,,,
OTUB1,,,,,,,,,,,,
MACROD1,,,,,,,,,,,,
STIP1,,,,,,,,,,,,
TRPT1,,,,,,,,,,,,
NUDT22,,,,,,,,,,,,
DNAJC4,,,,,,,,,,,,
VEGFB,,,,,,,,,,,,
FKBP2,,,,,,,,,,,,
PPP1R14B,,,,,,,,,,,,
PLCB3,,,,,,,,,,,,
BAD,,,,,,,,,,,,
GPR137,,,,,,,,,,,,
ESRRA,,,,,,,,,,,,
TRMT112,,,,,,,,,,,,
PRDX5,,,,,,,,,,,,
RASGRP2,,,,,,,,,,,,
SF1,,,,,,,,,,,,
MEN1,,,,-0.9778403933171306,-0.12281996797221026,-0.5503301806446704,,,,,,
EHD1,,,,,,,,,,,,
ATG2A,,,,,,,,,,,,
ARL2,,,,,,,,,,,,
SNX15,,,,,,,,,,,,
SAC3D1,,,,,,,,,,,,
CDCA5,,,,,,,,,,,,
ZFPL1,,,,,,,,,,,,
TMEM262,,,,,,,,,,,,
VPS51,,,,,,,,,,,,
TM7SF2,,,,,,,,,,,,
ZNHIT2,,,,,,,,,,,,
FAU,,,,,,,,,,,,
SYVN1,,,,,,,,,,,,
MRPL49,,,,,,,,,,,,
CAPN1,,,,,,,,,,,,
POLA2,-0.5434928714686045,-0.14767002518517122,-0.34558144832688786,,,,,,,,,
CDC42EP2,,,,,,,,,,,,
DPF2,,,,,,,,,,,,
FRMD8,,,,,,,,,,,,
SCYL1,,,,,,,,,,,,
LTBP3,,,,,,,,,,,,
ZNRD2,,,,,,,,,,,,
FAM89B,,,,,,,,,,,,
MAP3K11,,,,,,,,,,,,
PCNX3,,,,,,,,,,,,
RELA,,,,,,,,,,,,
KAT5,,,,,,,,,,,,
RNASEH2C,,,,,,,,,,,,
AP5B1,,,,,,,,,,,,
CFL1,,,,,,,,,,,,
MUS81,,,,,,,,,,,,
FIBP,,,,,,,,,,,,
CCDC85B,,,,,,,,,,,,
C11orf68,,,,,,,,,,,,
DRAP1,,,,,,,,,,,,
SART1,,,,,,,,,,,,
EIF1AD,,,,,,,,,,,,
BANF1,,,,,,,,,,,,
SF3B2,,,,,,,,,,,,
PACS1,,,,-0.9840688069875028,-0.40476256073351086,-0.6944156838605068,-0.7191202690612871,-0.16292815640746616,-0.44102421273437664,,,
KLC2,,,,,,,,,,,,
RAB1B,,,,,,,,,,,,
YIF1A,0.12469999891388378,0.40562684783140396,0.26516342337264387,,,,,,,,,
BRMS1,,,,,,,,,,,,
B4GAT1,0.11843459384470346,0.44350890007232346,0.28097174695851346,,,,,,,,,
SLC29A2,,,,,,,,,,,,
MRPL11,,,,,,,,,,,,
DPP3,,,,,,,,,,,,
BBS1,,,,,,,,,,,,
ZDHHC24,,,,,,,,,,,,
CCS,,,,,,,,,,,,
RBM14,,,,,,,,,,,,
RBM4,,,,,,,,,,,,
RBM4B,,,,,,,,,,,,
SPTBN2,,,,,,,,,,,,
C11orf80,-0.5478125318493917,-0.13188940809374,-0.33985096997156583,,,,,,,,,
RCE1,,,,,,,,,,,,
PC,,,,,,,,,,,,
LRFN4,,,,,,,,,,,,
KDM2A,,,,,,,,,,,,
GRK2,,,,,,,,,,,,
ANKRD13D,,,,,,,,,,,,
RAD9A,-0.5529274222429265,-0.12721694801102118,-0.3400721851269738,,,,,,,,,
POLD4,,,,,,,,,,,,
PPP1CA,,,,,,,,,,,,
RPS6KB2,,,,,,,,,,,,
CORO1B,,,,,,,,,,,,
TMEM134,,,,,,,,,,,,
AIP,,,,,,,,,,,,
CDK2AP2,,,,,,,,,,,,
GSTP1,,,,,,,,,,,,
NDUFV1,,,,,,,,,,,,
NUDT8,,,,,,,,,,,,
NDUFS8,,,,,,,,,,,,
CHKA,,,,,,,,,,,,
KMT5B,,,,,,,,,,,,
C11orf24,,,,,,,,,,,,
LRP5,,,,,,,,,,,,
PPP6R3,-0.8725436310788821,-0.2733850502378248,-0.5729643406583534,,,,-0.8998692232308831,-0.21589912953101242,-0.5578841763809478,,,
GAL,0.09955681807501401,0.3444552923742916,0.22200605522465283,,,,,,,,,
TESMIN,,,,,,,,,,,,
CPT1A,,,,,,,,,,,,
MRPL21,,,,,,,,,,,,
IGHMBP2,,,,,,,,,,,,
TPCN2,,,,-0.9897890386992945,-0.3930116018275499,-0.6914003202634222,,,,,,
CCND1,,,,,,,,,,,,
LTO1,,,,,,,,,,,,
FADD,,,,,,,,,,,,
PPFIA1,,,,,,,,,,,,
CTTN,-0.975936930336181,-0.252067521354055,-0.614002225845118,,,,-0.9847774327458806,-0.36192355611061544,-0.673350494428248,,,
SHANK2,-0.49481852406385257,-0.20169741648962666,-0.3482579702767396,-0.9921484920329793,-0.5466407227665518,-0.7693946073997655,-0.49287451554179074,-0.15400351285031974,-0.32343901419605525,-0.5841188057629614,-0.17922743847520317,-0.3816731221190823
DHCR7,,,,,,,,,,,,
NADSYN1,,,,,,,,,,,,
XNDC1N,-0.435928558300773,-0.09852192049094737,-0.2672252393958602,,,,-0.7418225920416175,-0.11016513173989129,-0.4259938618907544,,,
RNF121,,,,,,,,,,,,
NUMA1,,,,,,,,,,,,
LAMTOR1,,,,,,,,,,,,
ANAPC15,,,,,,,,,,,,
INPPL1,,,,,,,,,,,,
CLPB,,,,,,,,,,,,
ARAP1,,,,,,,,,,,,
STARD10,,,,,,,,,,,,
FCHSD2,-0.5714855967703196,-0.17937988188464332,-0.37543273932748145,,,,-0.8633694226222938,-0.17800410118613721,-0.5206867619042155,,,
RELT,,,,-0.9889041121122126,-0.3756842657760822,-0.6822941889441474,,,,,,
FAM168A,-0.6303047430256029,-0.2124475520805061,-0.4213761475530545,,,,-0.9197758215703595,-0.1860603798823339,-0.5529181007263467,,,
RAB6A,,,,,,,,,,,,
MRPL48,,,,,,,,,,,,
COA4,,,,,,,,,,,,
PAAF1,,,,,,,,,,,,
UCP2,,,,,,,,,,,,
C2CD3,-0.5683932049304934,-0.11479852523368789,-0.3415958650820906,,,,,,,,,
PPME1,,,,,,,,,,,,
PGM2L1,,,,,,,,,,,,
LIPT2,,,,,,,,,,,,
POLD3,-0.8788561808593985,-0.26394531211959427,-0.5714007464894963,,,,,,,,,
RNF169,,,,,,,-0.8958974155919415,-0.11877754950267577,-0.5073374825473086,,,
XRRA1,-0.9274547733135804,-0.3257517773284175,-0.6266032753209989,,,,-0.9812725649686193,-0.35757246976574586,-0.6694225173671826,-0.85434725712422,-0.19508831924218314,-0.5247177881832016
SPCS2,,,,,,,,,,,,
NEU3,,,,,,,,,,,,
ARRB1,,,,,,,,,,,,
RPS3,,,,,,,,,,,,
SERPINH1,,,,,,,,,,,,
DGAT2,,,,,,,,,,,,
UVRAG,,,,-0.9872574010396519,-0.47298039594843905,-0.7301188984940454,,,,,,
THAP12,,,,,,,,,,,,
EMSY,-0.5841824873488999,-0.2118365407377121,-0.398009514043306,,,,-0.9005122370264295,-0.21609958976577226,-0.5583059133961008,,,
ACER3,,,,,,,,,,,,
PAK1,-0.6489114920674455,-0.1351410009450274,-0.3920262465062364,,,,,,,,,
CLNS1A,,,,,,,,,,,,
AQP11,-0.6198599284308712,-0.1869473829325111,-0.4034036556816912,-0.9823803542927233,-0.2452136562466714,-0.6137970052696974,,,,,,
RSF1,,,,-0.9856570696985755,-0.41523328506821583,-0.7004451773833956,,,,,,
AAMDC,,,,,,,,,,,,
INTS4,,,,,,,,,,,,
NDUFC2,,,,,,,,,,,,
ALG8,,,,,,,,,,,,
GAB2,-0.578130414980682,-0.18907956188049177,-0.3836049884305869,,,,-0.5692680062257378,-0.1541046640663484,-0.3616863351460431,,,
NARS2,-0.5179825971130744,-0.10946994677204981,-0.3137262719425621,,,,-0.9234299216012859,-0.19350434610158626,-0.5584671338514361,,,
TENM4,-0.5597789546174112,-0.2043981674526861,-0.3820885610350487,-0.9940841640030338,-0.649982800218682,-0.8220334821108579,-0.6426885299966426,-0.21586313985175254,-0.4292758349241976,,,
PRCP,,,,,,,,,,,,
DDIAS,,,,,,,,,,,,
RAB30,,,,,,,,,,,,
PCF11,,,,,,,,,,,,
ANKRD42,,,,,,,,,,,,
CCDC90B,,,,,,,,,,,,
DLG2,-0.5164085868602536,-0.2200346224865079,-0.3682216046733807,-0.9964194769407455,-0.6625617936129302,-0.8294906352768379,-0.6929806410345554,-0.25751833516956263,-0.475249488102059,-0.49663974549296597,-0.12323880785548283,-0.3099392766742244
TMEM126B,,,,,,,,,,,,
TMEM126A,,,,,,,,,,,,
CREBZF,-0.553136938500575,-0.12300900297106836,-0.33807297073582165,,,,,,,,,
PICALM,-0.6739831957778064,-0.3277312572594176,-0.500857226518612,-0.9956469443715793,-0.6349100470796522,-0.8152784957256157,-0.8014376411450421,-0.2285625381635822,-0.5150000896543122,-0.9536536686246481,-0.3027717574746493,-0.6282127130496487
EED,,,,-0.9844536088241902,-0.14542484832614774,-0.564939228575169,,,,,,
HIKESHI,,,,,,,,,,,,
PRSS23,,,,,,,,,,,,
TMEM135,-0.5551348964260953,-0.15326701398740522,-0.3542009552067502,,,,,,,,,
RAB38,,,,,,,,,,,,
CTSC,,,,,,,,,,,,
CHORDC1,,,,,,,,,,,,
FAT3,-0.6256242838197194,-0.26430649437491294,-0.44496538909731614,-0.978526067681758,-0.29109229436894235,-0.6348091810253502,-0.8076534844384393,-0.26251335033863527,-0.5350834173885373,-0.6897402183616541,-0.19478762769086425,-0.44226392302625916
SLC36A4,,,,,,,,,,,,
SMCO4,,,,,,,,,,,,
CEP295,,,,,,,,,,,,
TAF1D,,,,,,,,,,,,
C11orf54,,,,,,,,,,,,
MED17,,,,,,,,,,,,
MRE11,,,,,,,,,,,,
ANKRD49,,,,,,,,,,,,
AMOTL1,,,,,,,,,,,,
CWC15,,,,,,,,,,,,
KDM4D,,,,,,,,,,,,
SRSF8,,,,,,,,,,,,
ENDOD1,,,,,,,,,,,,
SESN3,-0.40577756818941435,-0.05875381761263097,-0.23226569290102267,,,,-0.8982164953302069,-0.21590771707054232,-0.5570621062003746,,,
FAM76B,,,,,,,,,,,,
CEP57,,,,,,,,,,,,
MTMR2,,,,-0.9684409383958279,-0.2350950611571652,-0.6017679997764965,,,,,,
MAML2,-0.5319207763860323,-0.23349193260293613,-0.3827063544944842,-0.9944240847256487,-0.45302576603512257,-0.7237249253803857,,,,-0.6285260817582442,-0.14937137215107127,-0.38894872695465776
CCDC82,,,,,,,,,,,,
JRKL,,,,,,,,,,,,
ARHGAP42,-0.5215104975651162,-0.16926612074274816,-0.3453883091539322,-0.995932034252039,-0.6918387352393133,-0.8438853847456762,,,,,,
CEP126,,,,,,,,,,,,
CFAP300,,,,,,,,,,,,
YAP1,-0.43540754029496015,-0.09832912723141324,-0.2668683337631867,,,,,,,,,
BIRC2,,,,,,,,,,,,
TMEM123,,,,,,,,,,,,
DCUN1D5,,,,,,,,,,,,
DYNC2H1,-0.5452622163354327,-0.11743191848088273,-0.3313470674081577,-0.9881762351215054,-0.3645080945239344,-0.6763421648227199,,,,,,
MSANTD4,,,,-0.9839004770065078,-0.13666124642141603,-0.560280861713962,,,,,,
KBTBD3,,,,,,,,,,,,
AASDHPPT,0.11430492275101524,0.505223844990477,0.3097643838707461,,,,,,,,,
GUCY1A2,-0.4904339575705362,-0.23836824595522724,-0.3644011017628817,-0.9947177586450502,-0.6632372103342619,-0.828977484489656,-0.5568605355224621,-0.13373859442695887,-0.3452995649747105,-0.5668052744858196,-0.1707050829509385,-0.36875517871837904
CWF19L2,,,,,,,,,,,,
ALKBH8,,,,,,,,,,,,
ELMOD1,,,,,,,,,,,,
SLC35F2,,,,,,,,,,,,
RAB39A,-0.44942384578312,-0.07637793143941281,-0.2629008886112664,,,,,,,,,
CUL5,,,,,,,,,,,,
ACAT1,,,,,,,,,,,,
NPAT,-0.48422078286883635,-0.09674673897080077,-0.29048376091981853,-0.9846648473698113,-0.2895983613063044,-0.6371316043380578,,,,,,
ATM,-0.6791590461976134,-0.16023270418365654,-0.41969587519063495,,,,-0.9494915960661923,-0.15593519377260848,-0.5527133949194004,,,
C11orf65,,,,,,,,,,,,
POGLUT3,,,,,,,,,,,,
EXPH5,,,,,,,,,,,,
DDX10,,,,,,,,,,,,
RDX,,,,,,,,,,,,
ZC3H12C,-0.6263298161709735,-0.2129450417717123,-0.41963742897134293,-0.9954407771273407,-0.6057672250236666,-0.8006040010755037,,,,-0.6645165234639838,-0.1384002906754638,-0.4014584070697238
FDX1,,,,,,,,,,,,
ARHGAP20,,,,,,,,,,,,
LAYN,,,,-0.9849272613143718,-0.24053201321638748,-0.6127296372653797,,,,,,
SIK2,-0.6377346728826936,-0.2627262358584639,-0.45023045437057874,-0.9931367925716059,-0.6270294974933989,-0.8100831450325023,-0.8940931755366028,-0.1738258155540608,-0.5339594955453318,-0.6391031887483245,-0.13983569834972037,-0.38946944354902246
PPP2R1B,,,,,,,,,,,,
ALG9,,,,,,,,,,,,
FDXACB1,,,,,,,,,,,,
CFAP68,,,,,,,,,,,,
DIXDC1,,,,,,,-0.7147308296926776,-0.08285943708874603,-0.3987951333907118,,,
DLAT,,,,,,,,,,,,
PIH1D2,,,,,,,,,,,,
NKAPD1,,,,,,,,,,,,
TIMM8B,,,,,,,,,,,,
SDHD,,,,,,,,,,,,
PTS,,,,,,,,,,,,
NCAM1,-0.4968404570597604,-0.2166216138453734,-0.3567310354525669,,,,-0.7217946286149121,-0.17890517640343795,-0.450349902509175,-0.43420252255325936,-0.09154086747141718,-0.26287169501233826
TTC12,,,,,,,,,,,,
ZW10,,,,,,,,,,,,
USP28,,,,,,,,,,,,
ZBTB16,,,,,,,,,,,,
C11orf71,,,,,,,,,,,,
RBM7,,,,,,,,,,,,
REXO2,,,,,,,,,,,,
CADM1,-0.9876940014618887,-0.6004751682687823,-0.7940845848653355,-0.9900712850613774,-0.43878893897474436,-0.714430112018061,-0.9656799132168847,-0.48394592535836994,-0.7248129192876274,-0.9643596437270896,-0.35621683559664846,-0.660288239661869
BUD13,,,,,,,,,,,,
ZPR1,,,,,,,,,,,,
SIK3,-0.4981441576319346,-0.1215691834894495,-0.30985667056069205,-0.9847360374569599,-0.29767610808675254,-0.6412060727718563,,,,,,
PAFAH1B2,,,,,,,,,,,,
SIDT2,,,,,,,,,,,,
PCSK7,,,,,,,,,,,,
RNF214,,,,,,,,,,,,
BACE1,,,,,,,,,,,,
CEP164,,,,,,,,,,,,
FXYD6,,,,,,,,,,,,
UBE4A,,,,,,,,,,,,
ATP5MG,,,,,,,,,,,,
KMT2A,,,,-0.9862299947259932,-0.4392131995413674,-0.7127215971336802,,,,,,
IFT46,,,,,,,,,,,,
ARCN1,,,,,,,,,,,,
PHLDB1,,,,,,,,,,,,
DDX6,,,,,,,-0.8522939755318543,-0.22880756701014648,-0.5405507712710004,,,
BCL9L,,,,,,,,,,,,
CENATAC,-0.5447981133992658,-0.13999565407508793,-0.34239688373717686,,,,-0.9524352767356385,-0.20648210683723597,-0.5794586917864373,,,
RPS25,,,,,,,,,,,,
TRAPPC4,,,,,,,,,,,,
SLC37A4,,,,,,,,,,,,
HYOU1,,,,,,,,,,,,
VPS11,,,,,,,,,,,,
HMBS,0.2727221438116265,0.6089642125516803,0.4408431781816534,,,,,,,,,
DPAGT1,,,,,,,,,,,,
HINFP,,,,,,,,,,,,
NLRX1,-0.6378646666008636,-0.24283467673547546,-0.4403496716681695,-0.9934835740682904,-0.5666712929335678,-0.7800774335009291,-0.48879541950796573,-0.0770360012794262,-0.28291571039369595,-0.652030141872418,-0.20423934600056695,-0.4281347439364925
CBL,,,,,,,,,,,,
RNF26,,,,,,,,,,,,
USP2,,,,,,,,,,,,
NECTIN1,,,,,,,,,,,,
OAF,,,,,,,,,,,,
POU2F3,,,,-0.9917887635196242,-0.33636489647592926,-0.6640768299977767,,,,,,
TLCD5,,,,,,,,,,,,
ARHGEF12,-0.4626796518967614,-0.09542917217590204,-0.27905441203633174,,,,,,,,,
GRIK4,-0.3557215825638665,-0.06741301600751094,-0.2115672992856887,-0.9801656015643853,-0.35150546220117135,-0.6658355318827783,-0.6193924728591857,-0.1531856422803408,-0.3862890575697633,,,
TBCEL,,,,,,,,,,,,
SC5D,,,,,,,,,,,,
SORL1,,,,,,,,,,,,
UBASH3B,-0.3649294718732367,-0.09578782064729842,-0.23035864626026756,,,,-0.7908316858891036,-0.1617557502847251,-0.47629371808691434,,,
JHY,,,,,,,,,,,,
HSPA8,0.19750615516826325,0.4436474772469988,0.320576816207631,,,,,,,,,
CLMP,-0.38166240038383265,-0.1285301786430017,-0.2550962895134172,,,,-0.635135472073117,-0.11157118157335172,-0.3733533268232344,,,
GRAMD1B,-0.42888784115757217,-0.1153748915286272,-0.2721313663430997,,,,,,,,,
ZNF202,,,,,,,,,,,,
TBRG1,,,,,,,,,,,,
SPA17,,,,,,,,,,,,
NRGN,,,,,,,,,,,,
MSANTD2,,,,,,,,,,,,
CCDC15,-0.5022845811395587,-0.13679017304387506,-0.31953737709171687,,,,-0.8646072775557362,-0.25926420786720783,-0.561935742711472,,,
TMEM218,,,,,,,,,,,,
PKNOX2,-0.3717186277132853,-0.06784484769933007,-0.21978173770630768,-0.9951995951882625,-0.6246358483874744,-0.8099177217878685,,,,,,
FEZ1,,,,,,,,,,,,
EI24,,,,,,,,,,,,
STT3A,-0.907888951513807,-0.30138653797720727,-0.6046377447455071,,,,-0.925087458287997,-0.18163653227499302,-0.553361995281495,,,
CHEK1,-0.7831246983486936,-0.08891082107904313,-0.43601775971386836,,,,,,,,,
PUS3,,,,,,,,,,,,
CDON,,,,,,,,,,,,
RPUSD4,,,,-0.9789959935224797,-0.29061167518054276,-0.6348038343515112,,,,,,
FAM118B,,,,,,,,,,,,
SRPRA,,,,,,,,,,,,
FOXRED1,,,,,,,,,,,,
TIRAP,,,,,,,,,,,,
DCPS,,,,,,,,,,,,
ST3GAL4,,,,,,,,,,,,
FLI1,-0.3743511800927146,-0.09924220386567467,-0.23679669197919465,,,,-0.4486327484887469,-0.05479824635573712,-0.25171549742224203,,,
ARHGAP32,-0.43636258169481407,-0.1099985539532628,-0.27318056782403843,,,,-0.7428054583771073,-0.22136602473829325,-0.4820857415577003,,,
BARX2,,,,,,,,,,,,
NFRKB,,,,,,,,,,,,
PRDM10,,,,,,,,,,,,
APLP2,,,,,,,,,,,,
ZBTB44,,,,,,,,,,,,
JAM3,,,,,,,,,,,,
NCAPD3,,,,,,,,,,,,
VPS26B,,,,,,,,,,,,
THYN1,,,,,,,,,,,,
ACAD8,,,,,,,,,,,,
GLB1L2,,,,-0.9829130171613393,-0.33379167087516176,-0.6583523440182505,,,,,,
KDM5A,,,,,,,,,,,,
CCDC77,,,,,,,,,,,,
B4GALNT3,,,,,,,,,,,,
WNK1,,,,,,,,,,,,
RAD52,,,,,,,,,,,,
ERC1,-0.785136206033361,-0.3478246196534069,-0.5664804128433839,,,,-0.9426031220596253,-0.3086020536911476,-0.6256025878753865,,,
WNT5B,,,,,,,,,,,,
FBXL14,,,,,,,,,,,,
ADIPOR2,,,,,,,,,,,,
DCP1B,,,,,,,,,,,,
CACNA1C,-0.5518779649071415,-0.19183235495766895,-0.3718551599324052,,,,,,,,,
FKBP4,,,,,,,,,,,,
ITFG2,,,,,,,,,,,,
FOXM1,,,,,,,,,,,,
RHNO1,,,,,,,,,,,,
TULP3,,,,,,,,,,,,
TEAD4,,,,,,,,,,,,
TSPAN9,-0.3113149997236135,-0.06537788168576826,-0.18834644070469087,,,,,,,,,
CRACR2A,,,,-0.9824059384889344,-0.3061359785636446,-0.6442709585262896,,,,,,
PARP11,,,,,,,,,,,,
CCND2,,,,,,,,,,,,
TIGAR,,,,,,,,,,,,
FGF23,-0.3910709949246563,-0.18096511343651855,-0.28601805418058746,-0.9848124267471196,-0.538323185256558,-0.7615678060018387,-0.5783443300880305,-0.14207133465369484,-0.3602078323708627,-0.5537801073450418,-0.24679668660234053,-0.4002883969736912
C12orf4,,,,,,,,,,,,
RAD51AP1,,,,,,,,,,,,
DYRK4,,,,,,,,,,,,
NDUFA9,,,,,,,,,,,,
CD9,,,,,,,,,,,,
TNFRSF1A,,,,,,,,,,,,
MRPL51,,,,,,,,,,,,
NCAPD2,,,,,,,,,,,,
GAPDH,,,,,,,,,,,,
IFFO1,,,,,,,,,,,,
NOP2,,,,,,,,,,,,
CHD4,,,,,,,,,,,,
ING4,,,,,,,,,,,,
ZNF384,,,,,,,,,,,,
COPS7A,,,,,,,,,,,,
MLF2,0.15527013712079102,0.3301720056442908,0.2427210713825409,,,,,,,,,
PTMS,,,,,,,,,,,,
P3H3,,,,,,,,,,,,
CDCA3,0.1663312912838691,0.42057243321505144,0.2934518622494603,,,,,,,,,
USP5,,,,,,,,,,,,
TPI1,,,,,,,,,,,,
LRRC23,,,,,,,,,,,,
ATN1,,,,,,,,,,,,
C12orf57,,,,,,,,,,,,
PHB2,,,,,,,,,,,,
EMG1,,,,,,,,,,,,
LPCAT3,,,,,,,,,,,,
C1S,,,,,,,,,,,,
PEX5,,,,,,,,,,,,
NECAP1,,,,,,,,,,,,
RIMKLB,,,,,,,,,,,,
PHC1,-0.45126380186824894,-0.06626713812467676,-0.2587654699964628,,,,,,,-0.4781575046172424,-0.056270612010828974,-0.26721405831403566
M6PR,,,,,,,,,,,,
KLRG1,,,,,,,,,,,,
CLEC2D,-0.5400339798506958,-0.14077549286116733,-0.34040473635593155,,,,,,,,,
GABARAPL1,,,,,,,,,,,,
MAGOHB,,,,,,,,,,,,
YBX3,,,,,,,,,,,,
PRH1,,,,,,,,,,,,
SMIM10L1,,,,,,,,,,,,
ETV6,-0.43183591308923824,-0.13001585782573785,-0.28092588545748803,-0.9884676738309743,-0.31533985240661755,-0.6519037631187959,,,,,,
BCL2L14,-0.672270212097269,-0.31831269796163225,-0.4952914550294506,-0.9944429237983006,-0.5887882896403304,-0.7916156067193154,-0.7212884081609052,-0.1621071464549514,-0.4416977773079283,-0.7846858773754722,-0.1779831997712985,-0.4813345385733854
LRP6,,,,-0.981601850424422,-0.3681956684779429,-0.6748987594511825,,,,,,
BORCS5,-0.4380138523530403,-0.0698354258042836,-0.253924639078662,,,,,,,,,
DUSP16,-0.4953229741141013,-0.1403798104527045,-0.3178513922834029,,,,,,,,,
CREBL2,,,,,,,,,,,,
CDKN1B,,,,,,,,,,,,
APOLD1,-0.4369891426267539,-0.10771327952605433,-0.27235121107640414,,,,,,,-0.8223411482929346,-0.23059117707598192,-0.5264661626844582
HEBP1,,,,,,,,,,,,
FAM234B,-0.4555271873409513,-0.07721551800961074,-0.266371352675281,,,,,,,,,
ATF7IP,,,,,,,,,,,,
WBP11,,,,,,,,,,,,
RERG,-0.45057892904189406,-0.1522612699574429,-0.30142009949966847,-0.9943974923869449,-0.6467011001872114,-0.8205492962870782,,,,,,
EPS8,-0.45941782284373356,-0.08138321847745482,-0.27040052066059417,,,,,,,,,
STRAP,,,,,,,,,,,,
DERA,,,,,,,,,,,,
MGST1,,,,,,,,,,,,
PLEKHA5,-0.5814158152796165,-0.10178939720644248,-0.3416026062430295,,,,-0.7763959078464179,-0.17221599327086282,-0.47430595055864033,,,
AEBP2,-0.733784684235025,-0.26631401749028605,-0.5000493508626556,,,,-0.9595512317876391,-0.31355188741327367,-0.6365515596004564,,,
PDE3A,-0.4943773872672537,-0.18814337353456445,-0.3412603804009091,-0.993032533105661,-0.5843207909285236,-0.7886766620170923,,,,-0.40365878408290706,-0.08311883640668968,-0.24338881024479836
PYROXD1,,,,,,,,,,,,
RECQL,-0.8969799631584173,-0.2688914890965203,-0.5829357261274688,,,,,,,,,
GOLT1B,,,,,,,,,,,,
LDHB,0.30048396012664685,0.5196821057000774,0.4100830329133621,,,,,,,,,
KCNJ8,,,,,,,,,,,,
CMAS,,,,,,,,,,,,
C2CD5,-0.5469651940737004,-0.17870037251357926,-0.3628327832936398,,,,,,,,,
ETNK1,-0.5834136812510136,-0.17884750884038486,-0.38113059504569924,,,,-0.9543599192261276,-0.24892721310263743,-0.6016435661643825,,,
SOX5,-0.6626064302274179,-0.3317671714963741,-0.49718680086189604,-0.9932169860537382,-0.5786321822569334,-0.7859245841553357,-0.9441028847746217,-0.303172638036464,-0.6236377614055428,-0.6576800573941866,-0.2405505007451775,-0.449115279069682
BCAT1,,,,,,,,,,,,
ETFRF1,,,,,,,,,,,,
KRAS,,,,,,,,,,,,
RASSF8,,,,,,,,,,,,
SSPN,,,,,,,,,,,,
ITPR2,,,,,,,-0.7488240755220511,-0.1267852307649196,-0.4378046531434854,,,
INTS13,,,,,,,,,,,,
FGFR1OP2,,,,,,,,,,,,
TM7SF3,,,,,,,,,,,,
MED21,,,,,,,,,,,,
STK38L,,,,,,,,,,,,
BMAL2,,,,,,,,,,,,
PPFIBP1,,,,,,,,,,,,
MRPS35,,,,,,,,,,,,
KLHL42,,,,,,,,,,,,
CCDC91,,,,-0.9874538718787562,-0.36995017440693956,-0.6787020231428479,,,,,,
FAR2,-0.43380604843267023,-0.12742021873939244,-0.28061313358603135,,,,,,,,,
ERGIC2,,,,,,,,,,,,
TMTC1,-0.6664926169529338,-0.3289816674001394,-0.49773714217653664,,,,-0.9308938820933621,-0.33785316350777755,-0.6343735228005698,-0.5476554284731496,-0.17243727383138538,-0.3600463511522675
IPO8,,,,,,,,,,,,
CAPRIN2,-0.5244312550401533,-0.10726383821549852,-0.31584754662782594,,,,,,,,,
DDX11,-0.4578818527649242,-0.0750098940206642,-0.2664458733927942,-0.9868900388786077,-0.4203415680218999,-0.7036158034502538,,,,,,
SINHCAF,,,,,,,,,,,,
DENND5B,-0.6742000157174965,-0.25998255727797415,-0.46709128649773535,-0.9894890186983725,-0.47737260236474066,-0.7334308105315566,-0.7707244946545015,-0.1846989969497686,-0.47771174580213505,,,
AMN1,,,,,,,,,,,,
RESF1,,,,,,,,,,,,
BICD1,-0.5088660555314254,-0.2326071943402816,-0.37073662493585346,-0.9904329183283374,-0.5697444385925939,-0.7800886784604657,,,,,,
FGD4,-0.5911119256896299,-0.21517748672782638,-0.4031447062087281,-0.9906287896281536,-0.37376377550605816,-0.6821962825671058,-0.7639136908064765,-0.15910588129960263,-0.4615097860530396,,,
DNM1L,,,,,,,,,,,,
YARS2,,,,,,,,,,,,
PKP2,,,,,,,,,,,,
CPNE8,-0.6280319679802897,-0.23292720455554491,-0.4304795862679173,,,,-0.9574006259545159,-0.2789273271924731,-0.6181639765734945,,,
KIF21A,,,,,,,,,,,,
C12orf40,-0.495374457258192,-0.3062710483275938,-0.4008227527928929,-0.9889460965487954,-0.6287468525246901,-0.8088464745367427,-0.6570387204892776,-0.17245724251883612,-0.41474798150405684,-0.5549010478082748,-0.2612398421403337,-0.4080704449743042
SLC2A13,-0.5228622917442629,-0.1724760775439175,-0.3476691846440902,-0.9790221417415093,-0.3023088551351817,-0.6406654984383455,-0.7594814126515833,-0.15963201710125885,-0.4595567148764211,,,
CNTN1,-0.47888517225052585,-0.20605854721927228,-0.3424718597348991,-0.994791069863967,-0.5484575846500381,-0.7716243272570026,-0.6216880091272802,-0.14721881508118445,-0.38445341210423234,-0.5184389805235234,-0.12622811697029462,-0.322333548746909
GXYLT1,,,,,,,,,,,,
YAF2,,,,,,,,,,,,
PPHLN1,,,,,,,,,,,,
ZCRB1,,,,,,,,,,,,
PRICKLE1,-0.5934046506195564,-0.18762478605720104,-0.3905147183383787,,,,,,,,,
ADAMTS20,-0.3555338057217289,-0.104087871062331,-0.22981083839202993,,,,,,,,,
PUS7L,,,,,,,,,,,,
IRAK4,-0.47748450224455113,-0.10125521874727472,-0.28936986049591296,,,,,,,,,
TWF1,,,,,,,,,,,,
TMEM117,-0.5345744510785814,-0.2019607889300005,-0.3682676200042909,-0.9885425322879008,-0.47789053483071986,-0.7332165335593104,-0.9478104829158835,-0.17965484980089336,-0.5637326663583885,,,
NELL2,-0.3745353905168205,-0.1078970479493612,-0.24121621923309083,,,,,,,,,
ANO6,-0.553140484310582,-0.12797910793956987,-0.340559796125076,,,,,,,,,
ARID2,,,,,,,,,,,,
SCAF11,,,,,,,,,,,,
SLC38A1,,,,,,,,,,,,
SLC38A2,,,,,,,,,,,,
RPAP3,,,,,,,,,,,,
SLC48A1,-0.5288256643099019,-0.31135840265740894,-0.4200920334836554,-0.9959192418448993,-0.6909601090221827,-0.843439675433541,-0.5386964722854558,-0.1737446406998602,-0.356220556492658,-0.5336467810362914,-0.27176381159191776,-0.40270529631410457
HDAC7,,,,-0.9885363983489882,-0.5279505092661598,-0.758243453807574,,,,,,
TMEM106C,,,,,,,,,,,,
COL2A1,,,,,,,,,,,,
SENP1,,,,,,,-0.962595393407679,-0.2857938480461486,-0.6241946207269138,,,
PFKM,,,,,,,,,,,,
ASB8,,,,,,,,,,,,
KANSL2,,,,,,,,,,,,
CCNT1,,,,,,,,,,,,
ADCY6,,,,,,,,,,,,
DDX23,,,,,,,,,,,,
CCDC65,-0.5108230126582697,-0.15084207432028196,-0.3308325434892758,,,,,,,-0.5843575248426625,-0.08030569918901398,-0.3323316120158382
FKBP11,,,,,,,,,,,,
ARF3,,,,,,,,,,,,
PRKAG1,,,,,,,,,,,,
KMT2D,,,,,,,,,,,,
LMBR1L,,,,,,,,,,,,
TUBA1B,,,,,,,,,,,,
TUBA1A,,,,,,,,,,,,
TUBA1C,0.2704762996535688,0.4763765310284417,0.37342641534100524,,,,,,,,,
TROAP,,,,,,,,,,,,
SPATS2,,,,,,,,,,,,
MCRS1,,,,,,,,,,,,
PRPF40B,,,,,,,,,,,,
FMNL3,,,,,,,,,,,,
TMBIM6,,,,,,,,,,,,
NCKAP5L,,,,,,,,,,,,
BCDIN3D,,,,,,,,,,,,
RACGAP1,,,,,,,-0.884074495947908,-0.3384654444153498,-0.6112699701816289,-0.7872057922773911,-0.12411358212227261,-0.45565968719983185
ASIC1,,,,,,,,,,,,
SMARCD1,,,,,,,,,,,,
COX14,,,,,,,,,,,,
CERS5,,,,,,,,,,,,
LIMA1,-0.42170187339579635,-0.16144064914398917,-0.29157126126989275,-0.9886100041507362,-0.5243422490977284,-0.7564761266242324,,,,-0.3512191745461336,-0.02850214119697449,-0.18986065787155404
LARP4,,,,,,,,,,,,
DIP2B,,,,,,,,,,,,
ATF1,,,,,,,,,,,,
METTL7A,,,,,,,,,,,,
SLC11A2,,,,,,,,,,,,
LETMD1,,,,,,,,,,,,
CSRNP2,,,,,,,,,,,,
TFCP2,,,,,,,,,,,,
DAZAP2,,,,,,,,,,,,
GALNT6,,,,,,,,,,,,
SCN8A,-0.4252169123181873,-0.13197940285861132,-0.27859815758839934,-0.9908341211830283,-0.6005674084643042,-0.7957007648236663,,,,,,
ACVR1B,,,,,,,,,,,,
ATG101,,,,,,,,,,,,
KRT8,,,,,,,,,,,,
KRT18,,,,,,,,,,,,
EIF4B,,,,,,,,,,,,
CSAD,,,,,,,,,,,,
ZNF740,,,,,,,,,,,,
MFSD5,,,,,,,,,,,,
ESPL1,,,,,,,,,,,,
PFDN5,,,,,,,,,,,,
MYG1,,,,,,,,,,,,
AAAS,,,,,,,,,,,,
SP1,,,,,,,-0.8452778308877967,-0.15947963359014083,-0.5023787322389688,,,
PRR13,,,,,,,,,,,,
PCBP2,,,,,,,,,,,,
MAP3K12,-0.5689885005464603,-0.1714476769565082,-0.37021808875148426,,,,,,,,,
TARBP2,,,,,,,,,,,,
ATF7,,,,-0.9933780794912498,-0.6242362495939652,-0.8088071645426075,,,,,,
ATP5MC2,,,,,,,,,,,,
HOXC10,,,,,,,,,,,,
HOXC6,-0.38299417225192184,-0.06333089738269604,-0.22316253481730894,,,,,,,-0.6109770308180239,-0.1516871136193654,-0.38133207221869464
HOXC9,,,,,,,,,,,,
HOXC8,,,,,,,,,,,,
HOXC4,,,,,,,,,,,,
SMUG1,,,,,,,,,,,,
CBX5,,,,,,,,,,,,
HNRNPA1,,,,,,,,,,,,
COPZ1,,,,,,,,,,,,
ZNF385A,,,,,,,,,,,,
ITGA5,,,,,,,,,,,,
PPP1R1A,,,,,,,,,,,,
BLOC1S1,,,,,,,,,,,,
CD63,,,,,,,,,,,,
GDF11,,,,,,,,,,,,
SARNP,,,,,,,,,,,,
ORMDL2,,,,,,,,,,,,
DNAJC14,,,,,,,,,,,,
PYM1,,,,,,,,,,,,
CDK2,,,,,,,,,,,,
RAB5B,,,,,,,,,,,,
RPS26,,,,,,,,,,,,
PA2G4,,,,,,,,,,,,
RPL41,,,,,,,,,,,,
ESYT1,,,,,,,,,,,,
MYL6B,,,,,,,,,,,,
MYL6,,,,,,,,,,,,
SMARCC2,,,,,,,,,,,,
RNF41,,,,,,,,,,,,
NABP2,,,,,,,,,,,,
ANKRD52,,,,,,,,,,,,
COQ10A,,,,,,,,,,,,
CS,,,,,,,,,,,,
CNPY2,,,,,,,,,,,,
STAT2,-0.67537705343585,-0.20258822320004236,-0.43898263831794615,,,,,,,-0.6588375654637771,-0.11188566173460646,-0.3853616135991918
TIMELESS,,,,,,,,,,,,
SPRYD4,,,,,,,,,,,,
RBMS2,,,,,,,,,,,,
BAZ2A,,,,,,,,,,,,
ATP5F1B,,,,,,,,,,,,
PTGES3,,,,,,,,,,,,
NACA,,,,,,,,,,,,
PRIM1,,,,,,,,,,,,
ZBTB39,,,,,,,,,,,,
NEMP1,,,,,,,,,,,,
STAT6,,,,-0.9885145215839131,-0.31285385096329427,-0.6506841862736037,,,,,,
LRP1,,,,,,,,,,,,
SHMT2,,,,,,,,,,,,
R3HDM2,-0.7475474699554207,-0.35486175065835107,-0.5512046103068858,-0.9853477280898114,-0.3949013625239997,-0.6901245453069056,-0.9660644437580004,-0.4042497536321301,-0.6851570986950652,-0.8599601101036872,-0.1504484229770958,-0.5052042665403915
MARS1,,,,,,,,,,,,
MBD6,,,,,,,,,,,,
DCTN2,,,,,,,,,,,,
KIF5A,-0.46690419528854077,-0.14969055360094727,-0.30829737444474403,,,,,,,,,
PIP4K2C,,,,,,,,,,,,
OS9,,,,,,,,,,,,
TSPAN31,,,,,,,,,,,,
CDK4,,,,,,,,,,,,
MARCHF9,,,,,,,,,,,,
METTL1,,,,,,,,,,,,
EEF1AKMT3,-0.41434817069844004,-0.07243416196659917,-0.24339116633251962,,,,,,,,,
TSFM,,,,,,,,,,,,
CTDSP2,,,,,,,,,,,,
ATP23,,,,,,,,,,,,
LRIG3,,,,,,,,,,,,
TAFA2,-0.3676599065333399,-0.10957723457860591,-0.2386185705559729,-0.9919834322781365,-0.5817915038591164,-0.7868874680686264,,,,,,
USP15,,,,,,,,,,,,
MON2,-0.5723125636755417,-0.1990476494360865,-0.3856801065558141,,,,-0.9136788137796156,-0.2021130455824583,-0.557895929681037,,,
PPM1H,-0.6254406571877488,-0.223472692342752,-0.4244566747652504,,,,,,,,,
RXYLT1,,,,,,,,,,,,
SRGAP1,,,,-0.9963201058091236,-0.5282004705475277,-0.7622602881783256,-0.7781640718283823,-0.13247970067129486,-0.4553218862498386,,,
KICS2,,,,,,,,,,,,
XPOT,,,,,,,,,,,,
TBK1,,,,,,,,,,,,
RASSF3,-0.6518757968987795,-0.187411201009313,-0.41964349895404623,,,,-0.8047239410592709,-0.1100603197631017,-0.4573921304111863,,,
GNS,,,,,,,,,,,,
TBC1D30,,,,,,,,,,,,
LEMD3,,,,-0.9882734895786665,-0.2725588755386557,-0.630416182558661,,,,,,
MSRB3,,,,,,,,,,,,
HMGA2,-0.5615957849827843,-0.1607803122113637,-0.361188048597074,,,,,,,,,
LLPH,,,,,,,,,,,,
TMBIM4,,,,,,,,,,,,
HELB,,,,,,,,,,,,
GRIP1,-0.5918112647525712,-0.28294576902095986,-0.43737851688676554,,,,-0.7310949465651282,-0.2664313424063626,-0.49876314448574544,-0.6539351819287298,-0.15335222992619746,-0.4036437059274636
CAND1,,,,,,,,,,,,
DYRK2,,,,,,,,,,,,
MDM1,,,,,,,,,,,,
RAP1B,,,,,,,,,,,,
NUP107,,,,,,,,,,,,
SLC35E3,,,,,,,,,,,,
MDM2,,,,,,,,,,,,
CPM,,,,,,,,,,,,
CPSF6,,,,,,,,,,,,
YEATS4,,,,,,,,,,,,
FRS2,,,,-0.9882528678220829,-0.26509174389954926,-0.6266723058608161,,,,,,
CCT2,,,,,,,,,,,,
RAB3IP,,,,,,,,,,,,
CNOT2,,,,,,,,,,,,
KCNMB4,,,,,,,,,,,,
TSPAN8,-0.45713493347042844,-0.28256774231841847,-0.3698513378944235,-0.994791143060731,-0.7228631768770566,-0.8588271599688938,-0.7323804854819557,-0.21921809274373621,-0.47579928911284597,-0.4960352303722187,-0.2562858248123172,-0.3761605275922679
LGR5,,,,-0.9884499209634254,-0.3315159269357259,-0.6599829239495757,,,,,,
ZFC3H1,,,,,,,,,,,,
THAP2,,,,,,,,,,,,
TMEM19,,,,,,,,,,,,
RAB21,,,,,,,,,,,,
TBC1D15,,,,,,,,,,,,
TRHDE,,,,,,,,,,,,
ATXN7L3B,,,,,,,,,,,,
CAPS2,-0.3088253633997989,-0.08433950205947602,-0.19658243272963744,,,,,,,,,
GLIPR1,,,,,,,,,,,,
KRR1,,,,,,,,,,,,
NAP1L1,,,,,,,,,,,,
OSBPL8,,,,-0.9867884774822424,-0.2978617593900267,-0.6423251184361345,,,,,,
ZDHHC17,-0.4346578552051722,-0.09582660227925145,-0.2652422287422118,-0.9919300047315369,-0.49063284404976626,-0.7412814243906516,,,,,,
CSRP2,,,,,,,,,,,,
E2F7,-0.8435010199307177,-0.3880799056056265,-0.6157904627681721,-0.9882330146143251,-0.39976997579484114,-0.6940014952045831,-0.8374970057536469,-0.26646048619936286,-0.5519787459765049,,,
SYT1,-0.676071149853489,-0.30374037461047904,-0.489905762231984,-0.990719632773769,-0.5322877033265433,-0.7615036680501561,-0.6554513208835334,-0.1999344738948081,-0.42769289738917077,-0.6201967778538564,-0.1602389045526549,-0.39021784120325564
PAWR,,,,,,,,,,,,
PPP1R12A,,,,,,,,,,,,
LIN7A,,,,,,,,,,,,
ACSS3,,,,,,,-0.8783751259229592,-0.1300490939903166,-0.5042121099566379,,,
PPFIA2,-0.3394835714065499,-0.0710959353884874,-0.20528975339751865,-0.9946148418650932,-0.5584960318908794,-0.7765554368779863,,,,,,
CCDC59,,,,,,,,,,,,
METTL25,,,,,,,,,,,,
TMTC2,-0.7648015565374284,-0.38322563639574686,-0.5740135964665877,-0.9968984741214347,-0.6724245092302238,-0.8346614916758293,-0.8877739265372222,-0.3063190288925371,-0.5970464777148796,-0.6012452831612433,-0.09687450034872236,-0.3490598917549828
SLC6A15,,,,-0.9920448163786874,-0.44034307521519256,-0.71619394579694,,,,,,
ALX1,,,,,,,,,,,,
MGAT4C,-0.5425561582921348,-0.29746866668243954,-0.42001241248728716,-0.9961311146110327,-0.7307072378567886,-0.8634191762339106,-0.6896011279975489,-0.2111376012373407,-0.4503693646174448,-0.6220465344461225,-0.29417584544651204,-0.4581111899463173
C12orf29,,,,,,,,,,,,
CEP290,,,,,,,,,,,,
TMTC3,-0.9103621976336573,-0.222756677075623,-0.5665594373546402,,,,-0.9878988065582741,-0.35885111692963495,-0.6733749617439545,,,
KITLG,,,,,,,,,,,,
POC1B,,,,-0.9909008896783609,-0.5054156587437952,-0.7481582742110781,,,,,,
ATP2B1,,,,,,,,,,,,
BTG1,,,,,,,,,,,,
EEA1,-0.5613976038478474,-0.1253020384522513,-0.34334982115004936,-0.9963279101326367,-0.7638971514983054,-0.880112530815471,-0.8698405609075133,-0.17872657295591596,-0.5242835669317146,,,
NUDT4,,,,,,,,,,,,
UBE2N,,,,,,,,,,,,
MRPL42,,,,,,,,,,,,
CRADD,-0.48223785459242974,-0.1832463843676651,-0.3327421194800474,-0.9944707141528304,-0.6633261798575002,-0.8288984470051652,,,,-0.6659141163848266,-0.19141669956105561,-0.42866540797294106
CEP83,,,,,,,,,,,,
TMCC3,,,,,,,,,,,,
NDUFA12,,,,,,,,,,,,
NR2C1,-0.6147261128854198,-0.17194501204747048,-0.39333556246644513,,,,-0.9192831089562112,-0.20125435030325306,-0.5602687296297322,,,
FGD6,,,,,,,,,,,,
VEZT,,,,,,,,,,,,
METAP2,,,,,,,,,,,,
USP44,,,,,,,,,,,,
SNRPF,,,,,,,,,,,,
LTA4H,,,,,,,,,,,,
ELK3,,,,,,,,,,,,
CDK17,-0.46620876258329674,-0.1347391038026371,-0.3004739331929669,,,,,,,,,
NEDD1,,,,,,,,,,,,
TMPO,,,,,,,,,,,,
SLC25A3,,,,,,,,,,,,
IKBIP,,,,,,,,,,,,
APAF1,,,,,,,,,,,,
ANKS1B,-0.4530929196813279,-0.2075618559676969,-0.33032738782451243,-0.9942467585513034,-0.7232068701399128,-0.8587268143456082,-0.5697400064712564,-0.12055640945684411,-0.34514820796405027,,,
BLTP3B,,,,,,,,,,,,
ACTR6,,,,,,,,,,,,
DEPDC4,,,,,,,,,,,,
SCYL2,,,,,,,,,,,,
GAS2L3,,,,,,,,,,,,
ANO4,-0.49774684769375144,-0.2115863736999603,-0.3546666106968559,,,,-0.8203513888449409,-0.21368040958230342,-0.5170158992136221,,,
UTP20,,,,,,,,,,,,
ARL1,,,,,,,,,,,,
CHPT1,,,,,,,,,,,,
GNPTAB,-0.4780120216261969,-0.043327696518833884,-0.2606698590725154,,,,,,,,,
WASHC3,,,,,,,,,,,,
NUP37,,,,,,,,,,,,
PARPBP,,,,,,,,,,,,
NT5DC3,,,,,,,,,,,,
HSP90B1,,,,,,,,,,,,
UQCC6,,,,,,,,,,,,
TDG,,,,,,,,,,,,
HCFC2,,,,,,,-0.8666042481324059,-0.2107980713546426,-0.5387011597435243,,,
NFYB,,,,,,,,,,,,
TXNRD1,,,,,,,,,,,,
CHST11,-0.5616938551167817,-0.28097161369436824,-0.42133273440557495,-0.9961192834094205,-0.7856607342680249,-0.8908900088387226,-0.6784846988118811,-0.13151635183761373,-0.4050005253247474,-0.8381484499367072,-0.3289374501979324,-0.5835429500673198
SLC41A2,-0.5009285590758653,-0.14796888959937585,-0.32444872433762056,,,,-0.7092012208355704,-0.17182450024842089,-0.4405128605419956,,,
NOPCHAP1,,,,,,,,,,,,
ALDH1L2,,,,-0.987498461839436,-0.22362203975289932,-0.6055602507961677,,,,,,
WASHC4,,,,,,,,,,,,
APPL2,,,,,,,,,,,,
C12orf75,,,,,,,,,,,,
NUAK1,,,,,,,,,,,,
CKAP4,,,,,,,,,,,,
POLR3B,,,,,,,,,,,,
RIC8B,-0.6542323790280137,-0.27820526570609627,-0.466218822367055,,,,-0.9703345345182032,-0.32568640128322224,-0.6480104679007127,,,
TMEM263,-0.8862596816896714,-0.2965088423427079,-0.5913842620161897,,,,-0.977313320316526,-0.1510050840263073,-0.5641592021714166,-0.8386342613251453,-0.1272380732033969,-0.4829361672642711
MTERF2,,,,,,,,,,,,
CRY1,,,,-0.9840332521819871,-0.2116026170257894,-0.5978179346038882,,,,,,
ABTB3,,,,-0.9890999702996538,-0.38553695983956066,-0.6873184650696073,,,,,,
PWP1,,,,,,,,,,,,
PRDM4,,,,,,,,,,,,
SART3,,,,,,,,,,,,
ISCU,,,,,,,,,,,,
CORO1C,,,,-0.9936021109134455,-0.6235027965835163,-0.808552453748481,,,,,,
SSH1,,,,,,,,,,,,
USP30,,,,,,,,,,,,
ALKBH2,,,,,,,,,,,,
UNG,-0.5955051154908132,-0.20234445349745467,-0.39892478449413393,,,,,,,,,
ACACB,,,,-0.9892274220464232,-0.4721483272409481,-0.7306878746436857,,,,,,
KCTD10,,,,,,,,,,,,
UBE3B,,,,,,,,,,,,
MMAB,,,,,,,,,,,,
MVK,,,,,,,,,,,,
FAM222A,,,,,,,,,,,,
GLTP,,,,,,,,,,,,
TCHP,,,,,,,,,,,,
GIT2,,,,,,,,,,,,
ANKRD13A,,,,,,,,,,,,
C12orf76,,,,,,,,,,,,
IFT81,,,,,,,,,,,,
ATP2A2,,,,,,,-0.9431450345964949,-0.1955696413566416,-0.5693573379765683,,,
ANAPC7,,,,,,,,,,,,
ARPC3,,,,,,,,,,,,
GPN3,,,,,,,,,,,,
FAM216A,,,,,,,,,,,,
VPS29,,,,,,,,,,,,
PPTC7,,,,,,,-0.911703391921871,-0.18958647713108698,-0.550644934526479,,,
TCTN1,,,,,,,,,,,,
PPP1CC,,,,,,,,,,,,
CUX2,-0.5404699636819218,-0.2582467949020562,-0.39935837929198903,-0.9908563254235844,-0.5984693939265835,-0.794662859675084,-0.611477575189542,-0.226392110673728,-0.418934842931635,-0.660663176465766,-0.21699754083474562,-0.4388303586502558
SH2B3,,,,,,,,,,,,
ATXN2,,,,,,,-0.9347360222522088,-0.3157984601641076,-0.6252672412081581,,,
BRAP,,,,,,,,,,,,
ACAD10,,,,,,,,,,,,
ALDH2,,,,,,,,,,,,
MAPKAPK5,,,,,,,,,,,,
TMEM116,,,,,,,,,,,,
ERP29,,,,,,,,,,,,
NAA25,,,,,,,,,,,,
TRAFD1,,,,,,,,,,,,
HECTD4,,,,,,,-0.7121392921407177,-0.14410239908690622,-0.428120845613812,,,
RPL6,,,,,,,,,,,,
PTPN11,,,,,,,,,,,,
DDX54,,,,,,,,,,,,
RITA1,,,,,,,,,,,,
TPCN1,,,,,,,,,,,,
PLBD2,,,,,,,,,,,,
RBM19,,,,,,,,,,,,
TBX3,,,,,,,,,,,,
MED13L,-0.8962255895580246,-0.37473887388463484,-0.6354822317213297,-0.9771542613925198,-0.19495927802156562,-0.5860567697070427,-0.9686010454209156,-0.34477341810436246,-0.6566872317626391,-0.8091239459817166,-0.1986037404816723,-0.5038638432316944
SPRING1,,,,,,,,,,,,
RNFT2,-0.5500282329010281,-0.3277265577392298,-0.4388773953201289,-0.9956789261592645,-0.7060722700704689,-0.8508755981148667,-0.6116027005985312,-0.22603876462024275,-0.41882073260938696,-0.6956353491345436,-0.20927554498047637,-0.45245544705751
HRK,,,,,,,,,,,,
FBXW8,,,,,,,,,,,,
TESC,-0.27104302031620636,-0.11094404545529062,-0.1909935328857485,-0.9808419989952456,-0.3590346105137072,-0.6699383047544765,,,,-0.5043101659311207,-0.1318212102311549,-0.3180656880811378
FBXO21,,,,,,,,,,,,
KSR2,-0.4519850955771924,-0.11920713587160754,-0.28559611572439997,-0.9950296503927943,-0.5674181997887803,-0.7812239250907873,,,,,,
RFC5,,,,,,,,,,,,
WSB2,-0.9234857362142487,-0.41203194131469567,-0.6677588387644722,,,,-0.967136490603441,-0.25255723302974215,-0.6098468618165915,-0.9490189372445684,-0.17604101251864107,-0.5625299748816047
VSIG10,,,,,,,,,,,,
PEBP1,,,,,,,,,,,,
TAOK3,,,,,,,-0.9708108066518023,-0.37365528086392186,-0.6722330437578621,,,
SUDS3,,,,,,,,,,,,
PRKAB1,,,,,,,,,,,,
CIT,-0.6919989420048966,-0.27102512124315403,-0.48151203162402534,,,,-0.9224629832423449,-0.2095443055504757,-0.5660036443964103,-0.7014656581091017,-0.2621891294538903,-0.48182739378149597
RAB35,,,,,,,,,,,,
GCN1,,,,,,,,,,,,
RPLP0,,,,,,,,,,,,
PXN,,,,,,,,,,,,
MSI1,-0.2865414658638971,-0.030573097596626575,-0.15855728173026185,-0.9939676739729317,-0.5054450020955173,-0.7497063380342246,,,,,,
COX6A1,,,,,,,,,,,,
TRIAP1,,,,,,,,,,,,
GATC,,,,,,,,,,,,
SRSF9,,,,,,,,,,,,
DYNLL1,,,,,,,,,,,,
COQ5,,,,,,,,,,,,
RNF10,,,,,,,,,,,,
POP5,,,,,,,,,,,,
MLEC,,,,,,,,,,,,
UNC119B,,,,,,,,,,,,
SPPL3,-0.5772311341429066,-0.1420337093056077,-0.35963242172425713,-0.9983012479864583,-0.789796403508229,-0.8940488257473436,-0.8735754994642264,-0.2126461131527998,-0.543110806308513,,,
C12orf43,,,,,,,,,,,,
P2RX4,,,,,,,,,,,,
CAMKK2,,,,-0.9834340256266922,-0.2200834785537951,-0.6017587520902437,,,,,,
ANAPC5,,,,,,,,,,,,
RNF34,,,,,,,,,,,,
KDM2B,-0.6024810771539969,-0.12221271336800485,-0.3623468952610009,,,,,,,,,
ORAI1,,,,,,,,,,,,
TMEM120B,-0.5067617190582054,-0.08686583126269382,-0.2968137751604496,-0.9891585042844363,-0.4365266203173633,-0.7128425623008998,,,,,,
RHOF,,,,,,,,,,,,
SETD1B,,,,,,,,,,,,
PSMD9,,,,,,,,,,,,
CFAP251,-0.5860892517095739,-0.34492460105789086,-0.46550692638373237,-0.9958413738177457,-0.7770198995005765,-0.8864306366591611,-0.5161722714894695,-0.18873386061286151,-0.35245306605116555,-0.6439583772087027,-0.36041944201371395,-0.5021889096112083
BCL7A,,,,,,,,,,,,
MLXIP,,,,,,,,,,,,
VPS33A,,,,,,,,,,,,
CLIP1,,,,,,,,,,,,
ZCCHC8,,,,,,,,,,,,
RSRC2,,,,,,,,,,,,
KNTC1,-0.7741458524838207,-0.2271664101551671,-0.5006561313194939,,,,,,,,,
DENR,,,,,,,,,,,,
HIP1R,,,,,,,,,,,,
VPS37B,,,,,,,,,,,,
ABCB9,,,,,,,,,,,,
ARL6IP4,,,,,,,,,,,,
PITPNM2,,,,,,,,,,,,
MPHOSPH9,-0.9487892834761791,-0.4303339733623003,-0.6895616284192396,,,,-0.9050900583334124,-0.2722130456074999,-0.5886515519704562,-0.9488216434039575,-0.27237038790554596,-0.6105960156547517
MTRFR,,,,,,,,,,,,
CDK2AP1,,,,,,,,,,,,
SBNO1,,,,,,,,,,,,
KMT5A,,,,,,,,,,,,
RILPL2,,,,,,,,,,,,
SNRNP35,,,,,,,,,,,,
RILPL1,,,,,,,,,,,,
TMED2,,,,,,,,,,,,
DDX55,,,,,,,,,,,,
EIF2B1,,,,,,,,,,,,
GTF2H3,,,,,,,,,,,,
TCTN2,,,,,,,,,,,,
ATP6V0A2,,,,,,,,,,,,
CCDC92,,,,,,,,,,,,
ZNF664,,,,,,,,,,,,
NCOR2,,,,,,,,,,,,
SCARB1,,,,,,,,,,,,
UBC,,,,,,,,,,,,
DHX37,,,,,,,,,,,,
BRI3BP,,,,,,,,,,,,
AACS,,,,,,,,,,,,
SLC15A4,,,,,,,,,,,,
STX2,,,,,,,,,,,,
RAN,0.2732994821812585,0.485163498087774,0.37923149013451624,,,,,,,,,
SFSWAP,,,,,,,,,,,,
ULK1,,,,,,,,,,,,
PUS1,,,,,,,,,,,,
EP400,,,,,,,,,,,,
DDX51,,,,,,,,,,,,
NOC4L,,,,,,,,,,,,
FBRSL1,,,,,,,,,,,,
POLE,,,,,,,,,,,,
PXMP2,,,,,,,,,,,,
PGAM5,,,,,,,,,,,,
ANKLE2,,,,,,,,,,,,
GOLGA3,,,,,,,,,,,,
CHFR,-0.46142186857781015,-0.08469645767859628,-0.2730591631282032,,,,,,,,,
ZNF26,-0.4444401873447325,-0.056866431720815284,-0.25065330953277387,,,,,,,,,
ZNF84,,,,,,,,,,,,
ZNF140,,,,-0.992384168389077,-0.41391806278290016,-0.7031511155859885,,,,,,
ZNF891,,,,,,,,,,,,
ZNF10,,,,,,,,,,,,
ZNF268,,,,-0.992187830632212,-0.44775791505098916,-0.7199728728416006,,,,,,
MPHOSPH8,,,,,,,,,,,,
PSPC1,,,,,,,,,,,,
ZMYM5,,,,,,,,,,,,
ZMYM2,-0.6508182953601086,-0.1900200303496739,-0.4204191628548912,,,,-0.7526268262613344,-0.1904640244906537,-0.47154542537599403,,,
CRYL1,,,,,,,,,,,,
IFT88,,,,-0.9959123402568255,-0.5830302555629227,-0.7894712979098741,,,,,,
EEF1AKMT1,,,,,,,,,,,,
XPO4,,,,,,,,,,,,
LATS2,,,,,,,,,,,,
SAP18,,,,,,,,,,,,
SKA3,,,,,,,,,,,,
MRPL57,,,,,,,,,,,,
ZDHHC20,-0.507476421961702,-0.08440987119309833,-0.2959431465774001,,,,,,,,,
MICU2,,,,,,,,,,,,
SACS,,,,,,,,,,,,
MIPEP,,,,-0.9834615962580632,-0.35047948013838964,-0.6669705381982264,,,,,,
SPATA13,,,,,,,,,,,,
PARP4,,,,,,,,,,,,
CENPJ,,,,,,,,,,,,
MTMR6,,,,,,,,,,,,
NUP58,,,,,,,,,,,,
SHISA2,-0.24342558152732166,-0.11855594357556849,-0.18099076255144508,,,,-0.3999596124342182,-0.12310073162727071,-0.26153017203074447,-0.25388450716808125,-0.10071204919369343,-0.17729827818088734
RNF6,,,,,,,,,,,,
CDK8,-0.5436751090607075,-0.17012614368506235,-0.3569006263728849,-0.9951345078034027,-0.4487409337003734,-0.721937720751888,-0.7755500373445959,-0.09385917586232588,-0.4347046066034609,,,
WASF3,,,,,,,,,,,,
USP12,,,,,,,,,,,,
RPL21,,,,,,,,,,,,
GTF3A,,,,,,,,,,,,
MTIF3,,,,,,,,,,,,
LNX2,,,,,,,-0.9224044754259011,-0.14212176240303342,-0.5322631189144673,,,
POLR1D,,,,,,,,,,,,
CDX2,,,,,,,,,,,,
FLT3,-0.4682853866662912,-0.24134836353699585,-0.3548168751016435,-0.9883848105637969,-0.5150454657660615,-0.7517151381649292,-0.4395746384657697,-0.12556576163797853,-0.2825702000518741,-0.5052926016654454,-0.2596251954865354,-0.3824588985759904
PAN3,-0.7599542597682903,-0.2975239008836207,-0.5287390803259555,-0.9934581924292997,-0.537468650263401,-0.7654634213463503,-0.8984003905447481,-0.14981678089151085,-0.5241085857181295,-0.9399046096543909,-0.21100357574150114,-0.575454092697946
FLT1,-0.2506345804279155,-0.061015215285942774,-0.15582489785692913,-0.996149796604611,-0.6671923262025717,-0.8316710614035914,,,,,,
POMP,,,,,,,,,,,,
SLC7A1,,,,,,,,,,,,
UBL3,,,,,,,,,,,,
KATNAL1,-0.47318475382997116,-0.10855740109189572,-0.29087107746093344,,,,,,,,,
HMGB1,,,,,,,,,,,,
USPL1,,,,,,,,,,,,
HSPH1,,,,,,,,,,,,
B3GLCT,-0.3867168402794808,-0.056511483918616226,-0.2216141620990485,,,,,,,,,
FRY,-0.46041786527530176,-0.05713517013204102,-0.2587765177036714,-0.989580412345018,-0.3436168759733298,-0.6665986441591739,-0.7436643578264193,-0.0945462260713846,-0.41910529194890195,,,
BRCA2,,,,,,,,,,,,
N4BP2L2,-0.6925054595804894,-0.1799428803207237,-0.43622416995060653,,,,-0.735582144211766,-0.23232853240475126,-0.48395533830825865,,,
PDS5B,-0.5459130196927579,-0.12388521456958138,-0.3348991171311696,,,,,,,,,
STARD13,-0.509870128742205,-0.17542629720407657,-0.3426482129731408,-0.9913604774642192,-0.45460188260510564,-0.7229811800346624,-0.847339046903995,-0.13346743243109435,-0.4904032396675447,,,
RFC3,-0.8608112536909792,-0.17795014451740085,-0.51938069910419,,,,,,,,,
NBEA,-0.5614166558926105,-0.17940166429036777,-0.3704091600914891,-0.995413228427456,-0.6950428718009333,-0.8452280501141947,-0.7038597072063985,-0.19239099900528542,-0.44812535310584195,,,
SPART,,,,,,,,,,,,
RFXAP,-0.40018481091628333,-0.18277536353948345,-0.2914800872278834,-0.9941594329116015,-0.606602764554591,-0.8003810987330962,-0.6070531276341852,0.0017141767233968034,-0.3026694754553942,-0.42552994613836387,-0.05376396333679436,-0.2396469547375791
SMAD9,-0.48072648242127414,-0.08968382081009911,-0.2852051516156866,,,,,,,,,
ALG5,,,,,,,,,,,,
EXOSC8,,,,,,,,,,,,
SUPT20H,,,,,,,,,,,,
UFM1,,,,,,,,,,,,
FREM2,-0.350537720645973,-0.062149822814680275,-0.20634377173032664,-0.9865005447604841,-0.27765373152397,-0.632077138142227,,,,,,
PROSER1,,,,,,,,,,,,
NHLRC3,,,,,,,,,,,,
LHFPL6,-0.45559746762944786,-0.11345514242054476,-0.2845263050249963,-0.9875375935153491,-0.42215872080786637,-0.7048481571616078,,,,,,
COG6,,,,,,,,,,,,
FOXO1,-0.5004980863627942,-0.11640315707821816,-0.3084506217205062,,,,,,,,,
MRPS31,,,,,,,,,,,,
SLC25A15,,,,,,,,,,,,
ELF1,,,,,,,,,,,,
WBP4,,,,,,,,,,,,
KBTBD6,,,,,,,,,,,,
KBTBD7,,,,,,,,,,,,
MTRF1,,,,,,,,,,,,
NAA16,,,,,,,,,,,,
VWA8,-0.5509876009476744,-0.22606140778083395,-0.3885245043642542,,,,,,,,,
DGKH,-0.5641062597256827,-0.2408910938518912,-0.402498676788787,-0.9850232957369577,-0.30936122825536044,-0.6471922619961591,-0.7354999798457639,-0.209728727373101,-0.47261435360943244,,,
AKAP11,,,,,,,,,,,,
ENOX1,-0.6707010967279422,-0.26906690534778754,-0.4698840010378649,-0.9938605946465342,-0.518628456350553,-0.7562445254985436,-0.8858937126080885,-0.3097608296874296,-0.597827271147759,,,
CCDC122,,,,,,,,,,,,
TSC22D1,-0.668504258358323,-0.20367972159726894,-0.43609198997779597,,,,,,,,,
NUFIP1,,,,,,,,,,,,
GPALPP1,,,,,,,,,,,,
GTF2F2,,,,,,,,,,,,
TPT1,,,,,,,,,,,,
COG3,,,,-0.9932240748357596,-0.3970170960443258,-0.6951205854400426,,,,,,
ZC3H13,,,,,,,,,,,,
LRCH1,-0.631303678626986,-0.22099682834185563,-0.4261502534844208,,,,-0.9598311734350023,-0.25926719635062906,-0.6095491848928157,-0.7380740302901239,-0.13098853062076138,-0.43453128045544265
ESD,,,,,,,,,,,,
SUCLA2,,,,,,,,,,,,
NUDT15,,,,,,,,,,,,
MED4,,,,,,,,,,,,
ITM2B,,,,,,,,,,,,
RB1,-0.550183667813348,-0.12377591223862024,-0.33697979002598416,,,,,,,,,
FNDC3A,-0.47464324788015155,-0.10683594662391112,-0.29073959725203136,,,,,,,,,
CDADC1,,,,,,,,,,,,
SETDB2,,,,,,,,,,,,
RCBTB1,-0.3945345799547948,-0.06159778014668611,-0.22806618005074045,,,,,,,,,
EBPL,,,,,,,,,,,,
KPNA3,,,,,,,,,,,,
SPRYD7,,,,,,,,,,,,
TRIM13,-0.480657030996138,-0.16222674127928122,-0.32144188613770963,-0.9919451367911792,-0.5109081664438506,-0.751426651617515,,,,,,
RNASEH2B,,,,,,,,,,,,
INTS6,-0.44886962473420816,-0.09838470554125099,-0.27362716513772956,,,,,,,,,
WDFY2,-0.4638844443789777,-0.20586629877889379,-0.33487537157893577,-0.9952046507388902,-0.6579614000264428,-0.8265830253826665,-0.6788766352012577,-0.15541114423608846,-0.4171438897186731,,,
ATP7B,-0.3763240695513319,-0.07371586890240553,-0.22501996922686873,,,,,,,,,
ALG11,,,,,,,,,,,,
NEK3,,,,,,,,,,,,
VPS36,,,,,,,,,,,,
CKAP2,,,,,,,,,,,,
SUGT1,,,,,,,,,,,,
PCDH17,,,,,,,,,,,,
DIAPH3,-0.7701732690260124,-0.3279147409408915,-0.549044004983452,,,,-0.8979958849604205,-0.27373629749524697,-0.5858660912278337,-0.7835296718698781,-0.1483514231418911,-0.4659405475058846
TDRD3,,,,-0.9923773047497532,-0.38805339878136363,-0.6902153517655584,,,,,,
PCDH9,-0.434585772184772,-0.16144415552804486,-0.29801496385640847,,,,,,,-0.5288836042362611,-0.09545486795428557,-0.31216923609527336
DACH1,-0.8978317141888115,-0.4625094684872556,-0.6801705913380336,,,,-0.9272054433781671,-0.28804332173952263,-0.6076243825588449,-0.8351331532175231,-0.24557968982434009,-0.5403564215209316
MZT1,,,,,,,,,,,,
BORA,,,,,,,,,,,,
DIS3,,,,,,,,,,,,
PIBF1,-0.6971789438906939,-0.2709910873062031,-0.4840850155984485,-0.9872142147060023,-0.36116584823750714,-0.6741900314717547,-0.8761198119343518,-0.20931667752545288,-0.5427182447299024,,,
KLF5,,,,,,,,,,,,
KLF12,-0.7282657003200493,-0.3624081198779456,-0.5453369100989974,-0.9899231500521015,-0.5545064911692834,-0.7722148206106925,-0.6819168772776517,-0.208572780784083,-0.4452448290308674,-0.8385534077629455,-0.2669066202565871,-0.5527300140097663
TBC1D4,,,,-0.9897042872810888,-0.47633075302287387,-0.7330175201519813,,,,,,
COMMD6,-0.9800806002151664,-0.32859355893777137,-0.6543370795764689,,,,,,,,,
UCHL3,,,,,,,,,,,,
LMO7,-0.37332898552827665,-0.08885806179564916,-0.2310935236619629,,,,,,,,,
KCTD12,,,,,,,,,,,,
CLN5,,,,,,,,,,,,
FBXL3,,,,,,,,,,,,
MYCBP2,,,,,,,-0.8159145737515465,-0.09190175980891963,-0.45390816678023305,,,
SLAIN1,,,,,,,,,,,,
POU4F1,,,,,,,,,,,,
OBI1,,,,,,,,,,,,
RBM26,,,,-0.988271606073799,-0.26832416010091353,-0.6282978830873562,-0.9555447169994467,-0.32250720433696767,-0.6390259606682072,,,
NDFIP2,,,,,,,,,,,,
SPRY2,,,,,,,,,,,,
SLITRK5,-0.5724316330941621,-0.17395669981908035,-0.37319416645662123,-0.996099356162048,-0.6647837216150979,-0.830441538888573,,,,,,
GPC5,-0.5828060912839615,-0.26015434514326286,-0.4214802182136122,,,,-0.7583658961082435,-0.22101360758382985,-0.48968975184603664,-0.5495309686631986,-0.1994603361369169,-0.3744956524000578
GPC6,-0.8506686559916566,-0.48654237256361316,-0.6686055142776349,-0.9976503079536482,-0.74380897796576,-0.870729642959704,-0.9704864547550569,-0.3831790520592586,-0.6768327534071578,-0.7990814503781899,-0.1957155246048574,-0.49739848749152366
TGDS,,,,-0.9875108452714795,-0.4223451123078136,-0.7049279787896465,,,,,,
GPR180,,,,,,,,,,,,
ABCC4,-0.4394168336570986,-0.08623061336826973,-0.2628237235126842,-0.9934405901957274,-0.5620204861865741,-0.7777305381911508,,,,,,
DZIP1,,,,,,,,,,,,
DNAJC3,,,,,,,,,,,,
UGGT2,-0.5066533322987337,-0.16693604545686797,-0.33679468887780084,-0.988105696095041,-0.40216256322235544,-0.6951341296586981,,,,,,
HS6ST3,-0.6197426038317165,-0.3016572401456508,-0.4606999219886837,-0.9908150367149529,-0.4903888255571305,-0.7406019311360417,-0.5050211105287578,-0.12841714052671427,-0.316719125527736,-0.49892338583238444,-0.16976152386915008,-0.33434245485076725
MBNL2,-0.4016261883250289,-0.05821219269513517,-0.22991919051008203,,,,,,,,,
RAP2A,,,,,,,,,,,,
IPO5,,,,,,,,,,,,
FARP1,-0.8446577082869345,-0.2471804023834377,-0.5459190553351861,-0.9970878966072689,-0.7643967892545889,-0.8807423429309289,,,,,,
STK24,,,,,,,,,,,,
DOCK9,-0.6266990328796006,-0.3338914794231525,-0.4802952561513766,-0.9967099523178533,-0.7279746042450727,-0.8623422782814629,-0.6935939933485284,-0.26325246304265715,-0.4784232281955928,-0.5759473706370576,-0.22352621291025432,-0.39973679177365595
UBAC2,,,,,,,,,,,,
TM9SF2,,,,,,,,,,,,
CLYBL,-0.4581957086256468,-0.10807248223662001,-0.2831340954311334,-0.9934124023541226,-0.5157955278349343,-0.7546039650945284,,,,,,
ZIC5,,,,,,,,,,,,
ZIC2,-0.5257354983800073,-0.10946289882654968,-0.3175991986032785,,,,,,,,,
PCCA,-0.7695591606601409,-0.33982000834411963,-0.5546895845021302,-0.9909196985254553,-0.6223110558441186,-0.8066153771847869,-0.9367248173078498,-0.2940993298890923,-0.615412073598471,-0.8662888074958879,-0.31747487935182406,-0.591881843423856
TMTC4,,,,,,,,,,,,
TPP2,,,,,,,,,,,,
TEX30,,,,,,,,,,,,
BIVM,,,,,,,,,,,,
ERCC5,,,,,,,,,,,,
EFNB2,,,,,,,,,,,,
ARGLU1,,,,,,,,,,,,
NALF1,,,,-0.9958452667272575,-0.7344824413434494,-0.8651638540353535,,,,,,
COL4A2,,,,,,,,,,,,
CARS2,,,,,,,,,,,,
ING1,,,,,,,,,,,,
ANKRD10,-0.9853765757874122,-0.5073354397768013,-0.7463560077821068,,,,-0.9803600828399687,-0.32083205208310844,-0.6505960674615385,-0.7999638429965664,-0.19566994445505212,-0.4978168937258093
ARHGEF7,,,,,,,,,,,,
TUBGCP3,,,,,,,,,,,,
ATP11A,,,,,,,,,,,,
PCID2,,,,,,,,,,,,
CUL4A,,,,,,,,,,,,
LAMP1,,,,,,,,,,,,
GRTP1,,,,,,,,,,,,
DCUN1D2,,,,,,,,,,,,
TMCO3,,,,-0.9735030880450332,-0.15103468739171674,-0.5622688877183749,,,,,,
TFDP1,,,,,,,,,,,,
CDC16,,,,,,,,,,,,
UPF3A,,,,,,,,,,,,
CHAMP1,,,,,,,,,,,,
POTEG,-0.46158918421745154,-0.27819286087752987,-0.36989102254749073,-0.9925994385804553,-0.6452384697806609,-0.8189189541805582,-0.5087140325344677,-0.20209344054426925,-0.35540373653936846,-0.6372570931429815,-0.3135533757454129,-0.47540523444419724
TTC5,,,,,,,,,,,,
CCNB1IP1,,,,,,,,,,,,
PARP2,,,,,,,,,,,,
OSGEP,,,,,,,,,,,,
APEX1,,,,,,,,,,,,
PIP4P1,,,,,,,,,,,,
PNP,,,,,,,,,,,,
METTL17,,,,,,,,,,,,
NDRG2,-0.5935196047515215,-0.30161805002885494,-0.4475688273901882,-0.9963033229272602,-0.8001154365679949,-0.8982093797476276,-0.68400030566033,-0.20214243210131227,-0.4430713688808211,-0.5407469504675941,-0.2864041713718852,-0.4135755609197397
HNRNPC,,,,,,,,,,,,
SUPT16H,,,,,,,,,,,,
CHD8,,,,,,,,,,,,
RAB2B,-0.8189421121722531,-0.27873576143222845,-0.5488389368022408,,,,-0.9214437226890415,-0.19953412014118435,-0.560488921415113,-0.6794690278990756,-0.09047455592545178,-0.3849717919122637
TOX4,,,,,,,,,,,,
METTL3,,,,,,,,,,,,
SALL2,,,,,,,,,,,,
DAD1,,,,,,,,,,,,
OXA1L,,,,-0.9931626573213441,-0.6297822625213152,-0.8114724599213297,,,,,,
MRPL52,,,,,,,,,,,,
LRP10,,,,,,,,,,,,
RBM23,,,,,,,,,,,,
PRMT5,,,,,,,,,,,,
HAUS4,,,,,,,,,,,,
C14orf93,,,,,,,,,,,,
PSMB5,,,,,,,,,,,,
ACIN1,,,,,,,,,,,,
C14orf119,0.08964118924096832,0.43079839918105317,0.26021979421101077,,,,,,,,,
SLC7A8,,,,,,,,,,,,
HOMEZ,,,,,,,,,,,,
PPP1R3E,,,,,,,,,,,,
BCL2L2,,,,,,,,,,,,
PABPN1,0.2163177039549652,0.4214690037051883,0.3188933538300768,,,,,,,,,
NGDN,,,,,,,,,,,,
ZFHX2,,,,,,,,,,,,
DHRS4,,,,-0.9895618204361871,-0.48753092523436403,-0.7385463728352756,,,,,,
DHRS4L2,,,,,,,,,,,,
PCK2,,,,,,,,,,,,
DCAF11,,,,,,,,,,,,
PSME1,,,,,,,,,,,,
EMC9,,,,,,,,,,,,
PSME2,,,,,,,,,,,,
RNF31,,,,,,,,,,,,
IPO4,,,,,,,,,,,,
TM9SF1,,,,,,,,,,,,
CHMP4A,,,,,,,,,,,,
MDP1,,,,,,,,,,,,
NEDD8,,,,,,,,,,,,
GMPR2,,,,,,,,,,,,
TINF2,,,,,,,,,,,,
RABGGTA,,,,,,,,,,,,
SDR39U1,,,,,,,,,,,,
STXBP6,,,,,,,,,,,,
NOVA1,-0.5016966700013901,-0.09904968708878568,-0.3003731785450879,,,,,,,,,
FOXG1,,,,,,,,,,,,
PRKD1,-0.6349988943575102,-0.3164900581802067,-0.47574447626885846,-0.9961742674515986,-0.4208347362850317,-0.7085045018683152,-0.7114847634635925,-0.1930263289792965,-0.4522555462214445,-0.6511615080483759,-0.19324211568782557,-0.42220181186810074
G2E3,,,,,,,,,,,,
SCFD1,,,,,,,,,,,,
COCH,,,,,,,,,,,,
STRN3,-0.8802103684974193,-0.23587734195047938,-0.5580438552239493,,,,-0.9305756372242246,-0.3279566166784444,-0.6292661269513345,,,
AP4S1,-0.45383112422242616,-0.11594971574242616,-0.28489041998242615,,,,-0.7311714452580744,-0.1290699383480883,-0.4301206918030814,,,
HECTD1,,,,,,,,,,,,
HEATR5A,,,,,,,,,,,,
DTD2,,,,,,,,,,,,
NUBPL,-0.6625776162487124,-0.2221333292146471,-0.44235547273167974,-0.986834514949649,-0.35616701818319346,-0.6715007665664212,-0.8966752668273398,-0.20158296635651932,-0.5491291165919295,,,
ARHGAP5,,,,-0.9921261448202949,-0.5063306177690331,-0.7492283812946641,,,,,,
AKAP6,-0.48164839477153987,-0.19772303574598415,-0.339685715258762,-0.992482430658658,-0.6023757261123946,-0.7974290783855263,,,,-0.6710636113337024,-0.14155969737426924,-0.4063116543539858
NPAS3,-0.49606311694870403,-0.15055500954030096,-0.3233090632445025,-0.9857990109138409,-0.34516418537730054,-0.6654815981455707,,,,,,
EGLN3,-0.3262345952928578,-0.11240714910861677,-0.2193208722007373,-0.9885125736203163,-0.4798117064816782,-0.7341621400509972,,,,,,
SPTSSA,,,,,,,,,,,,
EAPP,,,,,,,,,,,,
SNX6,,,,,,,,,,,,
CFL2,,,,,,,,,,,,
BAZ1A,,,,,,,,,,,,
SRP54,,,,,,,,,,,,
FAM177A1,,,,,,,,,,,,
PPP2R3C,,,,,,,,,,,,
PRORP,-0.5815941339446239,-0.08160096117990749,-0.33159754756226567,,,,,,,,,
PSMA6,,,,,,,,,,,,
NFKBIA,,,,,,,,,,,,
RALGAPA1,-0.498683566759658,-0.09310370848848554,-0.2958936376240718,,,,,,,,,
BRMS1L,,,,,,,,,,,,
MBIP,,,,,,,,,,,,
PAX9,,,,,,,,,,,,
SLC25A21,-0.40760679139233097,-0.09630695596531284,-0.2519568736788219,,,,,,,,,
MIPOL1,-0.5213589819979494,-0.18847907404481934,-0.35491902802138436,-0.9825952866514908,-0.29549778452278963,-0.6390465355871402,-0.5964022604669751,-0.18711581971707172,-0.3917590400920234,,,
FOXA1,,,,-0.9784338060313814,-0.3264126942148591,-0.6524232501231202,,,,,,
SEC23A,,,,,,,,,,,,
GEMIN2,,,,,,,,,,,,
TRAPPC6B,,,,,,,,,,,,
PNN,,,,,,,,,,,,
MIA2,,,,,,,,,,,,
FBXO33,,,,,,,,,,,,
LRFN5,,,,,,,,,,,,
KLHL28,-0.5437674162044897,-0.23800111288812234,-0.390884264546306,,,,-0.7998736168345977,-0.15832625048850457,-0.4790999336615511,-0.5895646274504408,-0.10039611775343148,-0.34498037260193615
TOGARAM1,-0.6819341524735586,-0.2979247562454556,-0.4899294543595071,-0.9960464737398748,-0.705875394788785,-0.8509609342643298,-0.9580673126915005,-0.27821673231192245,-0.6181420225017115,-0.7284895434665264,-0.14263261896512472,-0.43556108121582554
PRPF39,,,,,,,,,,,,
FKBP3,,,,,,,,,,,,
FANCM,-0.46822850009916955,-0.1258196262252406,-0.2970240631622051,,,,,,,,,
MIS18BP1,,,,,,,,,,,,
MDGA2,-0.434704794780596,-0.17288202705353994,-0.30379341091706796,-0.9806457842458696,-0.5413993804719499,-0.7610225823589097,-0.5438664887995984,-0.1086716729279293,-0.3262690808637639,,,
RPS29,,,,,,,,,,,,
LRR1,,,,,,,,,,,,
RPL36AL,,,,,,,,,,,,
MGAT2,,,,,,,,,,,,
DNAAF2,,,,,,,,,,,,
POLE2,-0.48003665619692437,-0.10701636754515521,-0.2935265118710398,-0.9941810085368513,-0.6819830946895434,-0.8380820516131974,,,,,,
KLHDC2,,,,,,,,,,,,
NEMF,,,,,,,,,,,,
ARF6,,,,,,,,,,,,
VCPKMT,,,,,,,,,,,,
SOS2,-0.6727919280282142,-0.23332050812892904,-0.4530562180785716,,,,-0.9301300950455085,-0.24759209331922827,-0.5888610941823684,-0.7796228279657879,-0.1182574586673298,-0.44894014331655885
L2HGDH,-0.677363921341324,-0.2210405362929103,-0.44920222881711713,,,,,,,,,
DMAC2L,,,,,,,,,,,,
CDKL1,-0.6342632932688876,-0.1856129701973341,-0.4099381317331109,,,,,,,,,
MAP4K5,,,,,,,,,,,,
ATL1,-0.30655138820493816,-0.05052978824017451,-0.17854058822255633,,,,,,,,,
SAV1,,,,,,,,,,,,
NIN,,,,-0.9923090283803443,-0.5491753121034557,-0.7707421702419,,,,,,
PYGL,,,,,,,,,,,,
TRIM9,-0.45253183334089003,-0.09392788473613868,-0.2732298590385144,,,,,,,,,
TMX1,,,,,,,,,,,,
FRMD6,,,,,,,,,,,,
RTRAF,,,,,,,,,,,,
TXNDC16,-0.7891645535622657,-0.258531721343373,-0.5238481374528193,-0.9918959780156795,-0.5579191698583051,-0.7749075739369924,-0.9162170297472921,-0.19215631897818317,-0.5541866743627376,-0.6894961711481367,-0.12715802333942036,-0.4083270972437785
GPR137C,-0.5320703093061314,-0.1845732764983708,-0.3583217929022511,,,,,,,,,
ERO1A,,,,,,,,,,,,
PSMC6,,,,,,,,,,,,
STYX,,,,,,,,,,,,
GNPNAT1,,,,,,,,,,,,
FERMT2,,,,,,,,,,,,
DDHD1,,,,,,,,,,,,
BMP4,,,,,,,,,,,,
CDKN3,,,,,,,,,,,,
CNIH1,,,,,,,,,,,,
GMFB,,,,,,,,,,,,
CGRRF1,,,,,,,,,,,,
SAMD4A,-0.4009725315687334,-0.12136504518107513,-0.26116878837490426,-0.9939308104443265,-0.5026289760570777,-0.7482798932507021,,,,,,
GCH1,,,,,,,,,,,,
WDHD1,-0.6777118579626071,-0.12660152380942866,-0.4021566908860179,,,,,,,,,
SOCS4,,,,,,,,,,,,
MAPK1IP1L,,,,,,,,,,,,
LGALS3,,,,,,,,,,,,
DLGAP5,,,,,,,,,,,,
FBXO34,-0.712700903415721,-0.21183890531862867,-0.46226990436717486,-0.9901637822011068,-0.4780080437339008,-0.7340859129675038,,,,,,
ATG14,,,,,,,,,,,,
KTN1,,,,,,,-0.9673223760439695,-0.11265137502694332,-0.5399868755354564,,,
PELI2,-0.43368069262720876,-0.1281696056220977,-0.2809251491246532,,,,-0.8946379625582724,-0.2046093591155265,-0.5496236608368995,,,
TMEM260,-0.4034241026825134,-0.07477814069166364,-0.23910112168708852,,,,,,,,,
EXOC5,,,,,,,,,,,,
AP5M1,,,,,,,,,,,,
NAA30,,,,,,,,,,,,
ARMH4,-0.7003527143026513,-0.20720671260766216,-0.4537797134551568,,,,-0.9757891342531906,-0.20062548986096315,-0.5882073120570769,,,
ACTR10,,,,,,,,,,,,
PSMA3,,,,,,,,,,,,
ARID4A,,,,,,,,,,,,
TIMM9,,,,,,,,,,,,
KIAA0586,,,,-0.9891476667155014,-0.4359296204671339,-0.7125386435913177,,,,,,
DAAM1,-0.8657947750930154,-0.3305153243661655,-0.5981550497295904,,,,-0.972915250960701,-0.3964145267409286,-0.6846648888508148,-0.9542134287972801,-0.32021228809056446,-0.6372128584439223
GPR135,,,,,,,,,,,,
L3HYPDH,,,,,,,,,,,,
JKAMP,,,,,,,,,,,,
RTN1,-0.4368805938568081,-0.1105150874517918,-0.2736978406543,,,,,,,,,
PCNX4,,,,,,,,,,,,
DHRS7,,,,,,,,,,,,
PPM1A,,,,,,,,,,,,
SIX1,,,,,,,,,,,,
SIX4,,,,,,,,,,,,
MNAT1,,,,,,,,,,,,
TRMT5,,,,,,,,,,,,
SLC38A6,,,,,,,,,,,,
PRKCH,-0.2643186735137867,-0.04122392612897075,-0.15277129982137871,-0.99210507707845,-0.6776218717022778,-0.8348634743903639,,,,,,
HIF1A,,,,,,,,,,,,
SNAPC1,,,,,,,,,,,,
PPP2R5E,-0.7754818988503016,-0.19504386425055711,-0.48526288155042935,,,,-0.802114648169374,-0.18615398011555895,-0.49413431414246645,-0.8546855181109486,-0.08226018198653308,-0.46847285004874084
WDR89,,,,,,,,,,,,
SGPP1,,,,,,,,,,,,
SYNE2,-0.5649920661849892,-0.19773134667214107,-0.38136170642856515,,,,,,,,,
ESR2,-0.4204089731578878,-0.08634004964565202,-0.2533745114017699,,,,,,,,,
MTHFD1,,,,,,,,,,,,
ZBTB25,,,,,,,,,,,,
ZBTB1,,,,,,,,,,,,
PLEKHG3,,,,,,,,,,,,
CHURC1,,,,,,,,,,,,
FNTB,-0.47040891797702633,-0.10497361416296484,-0.28769126606999557,,,,,,,,,
MAX,,,,-0.9919118876292555,-0.5340978720887867,-0.7630048798590211,,,,,,
FUT8,-0.5307902761250473,-0.1443084603949571,-0.33754936826000215,-0.99052738035606,-0.25607564594789484,-0.6233015131519775,-0.922024919131911,-0.16035810260764882,-0.5411915108697799,,,
GPHN,-0.47002279363384053,-0.1710231878630491,-0.3205229907484448,-0.9880425962354576,-0.3795649212142388,-0.6838037587248482,-0.7466089922728043,-0.24081774871994463,-0.4937133704963745,,,
PALS1,-0.48539616217148707,-0.09290083453825293,-0.28914849835487,-0.9879807481138931,-0.4078360165870387,-0.6979083823504659,,,,,,
ATP6V1D,-0.6417050853839994,-0.14367061410678694,-0.39268784974539317,,,,,,,,,
EIF2S1,,,,,,,,,,,,
PLEKHH1,,,,,,,,,,,,
PIGH,,,,,,,,,,,,
ARG2,,,,,,,,,,,,
VTI1B,,,,,,,,,,,,
RDH11,,,,-0.993263735934977,-0.4647390255190121,-0.7290013807269945,,,,,,
ZFYVE26,-0.44182551763908845,-0.13752543233854095,-0.2896754749888147,,,,,,,,,
RAD51B,-0.6705934267420042,-0.38965628993415163,-0.5301248583380779,-0.9938787463427063,-0.6864689700377715,-0.8401738581902389,-0.8109377436311181,-0.33101708790783885,-0.5709774157694785,-0.9255547079107297,-0.3838619524547091,-0.6547083301827195
ZFP36L1,,,,,,,,,,,,
ACTN1,,,,,,,,,,,,
DCAF5,,,,,,,,,,,,
EXD2,,,,,,,,,,,,
ERH,,,,,,,,,,,,
SLC39A9,,,,,,,,,,,,
SUSD6,,,,,,,,,,,,
SRSF5,,,,,,,,,,,,
SMOC1,,,,,,,,,,,,
COX16,,,,,,,,,,,,
SYNJ2BP,,,,,,,,,,,,
MED6,,,,,,,,,,,,
MAP3K9,,,,,,,,,,,,
PCNX1,-0.5209418347295225,-0.09064824130251696,-0.3057950380160197,,,,-0.7112710164567346,-0.14150010004592342,-0.426385558251329,,,
SIPA1L1,-0.6504854001483747,-0.33776318680980477,-0.49412429347908976,-0.995950569350785,-0.6944365133359612,-0.8451935413433731,-0.9264712168292446,-0.22571474683843396,-0.5760929818338393,-0.8229962641771739,-0.16801460990662717,-0.49550543704190053
DPF3,-0.4825081196579298,-0.1795555242414749,-0.3310318219497023,,,,-0.9422190072254958,-0.26039023222156094,-0.6013046197235283,,,
DCAF4,,,,,,,,,,,,
ZFYVE1,,,,,,,,,,,,
RBM25,,,,,,,,,,,,
PSEN1,-0.5135502060750371,-0.11131395434784594,-0.31243208021144153,,,,,,,,,
NUMB,-0.463331012017735,-0.09570618926734605,-0.2795186006425405,-0.9955752242155818,-0.7342951092669042,-0.864935166741243,,,,,,
DNAL1,,,,,,,,,,,,
PNMA1,,,,,,,,,,,,
MIDEAS,,,,,,,,,,,,
PTGR2,,,,,,,,,,,,
ZNF410,,,,,,,,,,,,
COQ6,,,,,,,,,,,,
ENTPD5,,,,,,,,,,,,
BBOF1,-0.3818250897547285,-0.0876645935961271,-0.2347448416754278,-0.9879190177549153,-0.3831718730284381,-0.6855454453916767,,,,-0.5646085733869713,-0.10713088315498238,-0.3358697282709769
ALDH6A1,,,,,,,,,,,,
LIN52,-0.7144013901668647,-0.2538333618776194,-0.48411737602224203,,,,,,,,,
ABCD4,,,,-0.9867583058385626,-0.3860245450655622,-0.6863914254520624,,,,,,
NPC2,,,,,,,,,,,,
ISCA2,,,,,,,,,,,,
AREL1,,,,,,,,,,,,
FCF1,,,,,,,,,,,,
YLPM1,,,,,,,,,,,,
DLST,,,,,,,,,,,,
RPS6KL1,,,,,,,,,,,,
EIF2B2,,,,,,,,,,,,
ACYP1,,,,,,,,,,,,
NEK9,,,,,,,,,,,,
TMED10,,,,,,,,,,,,
JDP2,-0.4753721844391397,-0.11654496136454094,-0.2959585729018403,-0.9934410987752097,-0.6009940931357277,-0.7972175959554687,,,,,,
TTLL5,-0.7017364706096492,-0.32408231704937734,-0.5129093938295133,,,,-0.8784859002723593,-0.2479703353703705,-0.563228117821365,,,
ERG28,,,,,,,,,,,,
IFT43,,,,,,,,,,,,
GPATCH2L,,,,,,,,,,,,
ESRRB,,,,,,,,,,,,
VASH1,,,,,,,,,,,,
ANGEL1,,,,-0.9917922838128242,-0.47164776874061276,-0.7317200262767185,-0.7023325034474901,-0.09965125707017948,-0.4009918802588348,,,
IRF2BPL,-0.5541692251939593,-0.1852550329111265,-0.3697121290525429,-0.9885936612241732,-0.4799730773716437,-0.7342833692979085,-0.6281721297088525,-0.05585751049630354,-0.342014820102578,-0.7814311166420064,-0.20979837074458724,-0.49561474369329683
CIPC,,,,,,,,,,,,
NGB,-0.5598524865823682,-0.1956700325806632,-0.3777612595815157,-0.9795390906014195,-0.13223102326015013,-0.5558850569307848,,,,-0.7554504724355411,-0.06757466626720278,-0.4115125693513719
POMT2,,,,,,,,,,,,
GSTZ1,,,,,,,,,,,,
TMED8,,,,,,,,,,,,
VIPAS39,,,,,,,,,,,,
AHSA1,,,,,,,,,,,,
SPTLC2,-0.5104075715586835,-0.10676041461079355,-0.30858399308473855,,,,,,,,,
ALKBH1,,,,-0.9839077262214178,-0.44706345783898527,-0.7154855920302015,,,,,,
SLIRP,,,,,,,,,,,,
SNW1,,,,,,,,,,,,
ADCK1,,,,,,,,,,,,
NRXN3,-0.6559114808792984,-0.28087406947587173,-0.46839277517758504,-0.9960411745692076,-0.4708839513878551,-0.7334625629785314,-0.6373684898921025,-0.20515277623597997,-0.4212606330640412,-0.5771943479358818,-0.09168839168234363,-0.3344413698091127
CEP128,-0.47871181511226213,-0.17827933476133623,-0.32849557493679915,,,,-0.8314352001748322,-0.27919785773420885,-0.5553165289545205,,,
GTF2A1,,,,,,,,,,,,
STON2,-0.6289324008563566,-0.19876902946507818,-0.41385071516071736,,,,-0.9154304428425825,-0.22299824016299202,-0.5692143415027873,,,
SEL1L,,,,,,,,,,,,
SPATA7,,,,,,,,,,,,
PTPN21,,,,,,,,,,,,
ZC3H14,,,,,,,,,,,,
EML5,,,,,,,,,,,,
TTC8,,,,,,,,,,,,
FOXN3,-0.8738965021551753,-0.3713572710660624,-0.6226268866106188,-0.9959341477678746,-0.6042880496484794,-0.800111098708177,-0.7113405607640076,-0.18464719669476107,-0.44799387872938434,-0.7669644155229576,-0.12833185347728543,-0.44764813450012153
EFCAB11,,,,,,,,,,,,
TDP1,,,,,,,,,,,,
PSMC1,,,,,,,,,,,,
NRDE2,,,,,,,,,,,,
CALM1,,,,,,,,,,,,
TTC7B,,,,,,,,,,,,
RPS6KA5,-0.6169789070189043,-0.2360219070805977,-0.426500407049751,-0.9860946891367012,-0.43885646265039174,-0.7124755758935465,,,,,,
DGLUCY,-0.44924580768687933,-0.12931708414351634,-0.28928144591519783,,,,,,,,,
CCDC88C,,,,,,,,,,,,
PPP4R3A,,,,,,,,,,,,
TRIP11,,,,-0.9956212385281943,-0.5731169271373742,-0.7843690828327843,,,,,,
ATXN3,,,,,,,,,,,,
NDUFB1,,,,,,,,,,,,
CPSF2,,,,,,,,,,,,
RIN3,,,,,,,,,,,,
LGMN,,,,,,,,,,,,
GOLGA5,,,,,,,,,,,,
ITPK1,,,,,,,,,,,,
LYSET,,,,,,,,,,,,
GON7,,,,,,,,,,,,
UBR7,,,,,,,,,,,,
BTBD7,,,,,,,,,,,,
DDX24,,,,,,,,,,,,
IFI27L1,,,,,,,,,,,,
IFI27L2,,,,,,,,,,,,
PPP4R4,,,,,,,,,,,,
DICER1,,,,,,,,,,,,
CLMN,,,,,,,-0.7908296909231912,-0.17692222087755738,-0.4838759559003743,,,
GLRX5,,,,,,,,,,,,
C14orf132,,,,-0.979090356164849,-0.3530877568844567,-0.6660890565246529,,,,,,
ATG2B,-0.39434562042232363,-0.10183587501707075,-0.2480907477196972,,,,,,,,,
GSKIP,,,,,,,,,,,,
AK7,-0.5065300693787048,-0.2088348026067003,-0.35768243599270255,-0.9902310724292414,-0.6003252764148502,-0.7952781744220458,-0.5268654881546401,-0.09443431021376662,-0.3106498991842033,-0.43049254608618265,-0.13482139864934994,-0.2826569723677663
PAPOLA,,,,,,,,,,,,
VRK1,,,,,,,,,,,,
SETD3,-0.3983338116707272,-0.09502415200347177,-0.24667898183709946,-0.9870150711786532,-0.4832238786376835,-0.7351194749081683,,,,-0.7821026460821286,-0.07042347852241286,-0.42626306230227073
CCNK,,,,,,,,,,,,
CCDC85C,,,,-0.9910384089707388,-0.41758981602194356,-0.7043141124963412,,,,,,
EML1,,,,,,,,,,,,
EVL,-0.7566989441012721,-0.2124601651594516,-0.48457955463036184,-0.9973987734365172,-0.6061345213954968,-0.801766647416007,,,,,,
YY1,,,,,,,,,,,,
WARS1,,,,,,,,,,,,
WDR25,-0.6230968552245395,-0.3351192652271565,-0.479108060225848,-0.9955640462286032,-0.6701758171935449,-0.832869931711074,-0.689894861835609,-0.15534107601034716,-0.4226179689229781,-0.6397917904931363,-0.274044462542289,-0.45691812651771263
PPP2R5C,-0.966385481124971,-0.3555345193887302,-0.6609600002568506,,,,,,,,,
DYNC1H1,,,,,,,,,,,,
HSP90AA1,,,,,,,,,,,,
WDR20,,,,,,,,,,,,
MOK,,,,,,,,,,,,
ZNF839,,,,,,,,,,,,
CINP,,,,,,,,,,,,
TECPR2,-0.40048947014376285,-0.08738137111301962,-0.24393542062839124,,,,,,,,,
ANKRD9,,,,,,,,,,,,
RCOR1,,,,-0.9922632301977563,-0.549461155775171,-0.7708621929864636,,,,,,
TRAF3,-0.6744615001065432,-0.17233923820743124,-0.4234003691569872,-0.9876159249809039,-0.32040218572877466,-0.6540090553548392,-0.8415897148112764,-0.2159238388931831,-0.5287567768522298,,,
CDC42BPB,,,,,,,,,,,,
EIF5,,,,,,,,,,,,
MARK3,,,,,,,,,,,,
CKB,,,,,,,,,,,,
TRMT61A,,,,,,,,,,,,
BAG5,,,,,,,,,,,,
KLC1,,,,,,,,,,,,
COA8,,,,,,,,,,,,
XRCC3,-0.8697425246043695,-0.12914368050216013,-0.49944310255326485,,,,,,,,,
ZFYVE21,,,,,,,,,,,,
PPP1R13B,-0.43311063524853055,-0.07363936608636058,-0.25337500066744556,,,,,,,,,
ATP5MJ,,,,,,,,,,,,
INF2,,,,,,,,,,,,
SIVA1,,,,,,,,,,,,
AKT1,,,,,,,,,,,,
CEP170B,,,,,,,,,,,,
CDCA4,,,,,,,,,,,,
JAG2,,,,,,,,,,,,
NUDT14,,,,,,,,,,,,
BRF1,,,,,,,,,,,,
BTBD6,,,,,,,,,,,,
PACS2,,,,,,,,,,,,
MTA1,,,,,,,,,,,,
TEDC1,,,,,,,,,,,,
TMEM121,,,,,,,,,,,,
NIPA1,,,,,,,,,,,,
NIPA2,,,,,,,,,,,,
CYFIP1,,,,,,,,,,,,
TUBGCP5,-0.5142504146920133,-0.07257075201126087,-0.29341058335163706,,,,,,,,,
UBE3A,,,,,,,,,,,,
OCA2,,,,,,,,,,,,
HERC2,,,,,,,,,,,,
APBA2,,,,,,,,,,,,
ENTREP2,-0.46122891108870473,-0.23216483120914852,-0.3466968711489266,-0.99378360807643,-0.6656561391482003,-0.8297198736123151,-0.6945457416534665,-0.1749741774263654,-0.434759959539916,-0.5642492578791372,-0.08225323373777282,-0.323251245808455
NSMCE3,,,,,,,,,,,,
TJP1,,,,,,,,,,,,
ARHGAP11B,,,,,,,,,,,,
FAN1,,,,,,,,,,,,
KLF13,,,,,,,,,,,,
OTUD7A,-0.4623901631608222,-0.17060551559285475,-0.3164978393768385,,,,-0.6796826888546166,-0.1587853962870182,-0.4192340425708174,,,
CHRNA7,-0.443578648833973,-0.09144698450732458,-0.2675128166706488,,,,,,,,,
ARHGAP11A,,,,,,,,,,,,
AVEN,,,,,,,,,,,,
EMC7,,,,,,,,,,,,
KATNBL1,,,,,,,,,,,,
EMC4,,,,,,,,,,,,
SLC12A6,,,,,,,,,,,,
NOP10,,,,,,,,,,,,
LPCAT4,,,,,,,,,,,,
GOLGA8A,,,,,,,,,,,,
AQR,,,,,,,,,,,,
ZNF770,,,,,,,,,,,,
DPH6,,,,,,,,,,,,
CDIN1,-0.5322741518975662,-0.15199701510914124,-0.3421355835033537,-0.993925761461091,-0.39878321284252327,-0.6963544871518071,-0.8098812124642224,-0.14478896512368644,-0.4773350887939544,,,
MEIS2,-0.6318887599082181,-0.20436131266111404,-0.4181250362846661,-0.9940990249913733,-0.4904352872383782,-0.7422671561148757,-0.7102809122192215,-0.09857426374756861,-0.40442758798339506,-0.7935133777249026,-0.23286366815986748,-0.513188522942385
SPRED1,,,,,,,,,,,,
FAM98B,,,,,,,,,,,,
GPR176,-0.36192419809300724,-0.07250157334696762,-0.21721288571998743,,,,,,,,,
EIF2AK4,,,,,,,,,,,,
SRP14,,,,,,,,,,,,
BUB1B,,,,,,,,,,,,
KNSTRN,0.24393960798356956,0.44749458514571006,0.3457170965646398,,,,,,,,,
IVD,,,,,,,,,,,,
BAHD1,,,,,,,,,,,,
CHST14,,,,,,,,,,,,
CCDC32,,,,,,,,,,,,
RPUSD2,,,,,,,,,,,,
KNL1,,,,,,,,,,,,
RAD51,,,,,,,,,,,,
RMDN3,,,,,,,,,,,,
GCHFR,,,,,,,,,,,,
DNAJC17,,,,-0.9806079315322864,-0.3599844430692318,-0.6702961873007591,,,,,,
VPS18,,,,,,,,,,,,
INO80,,,,,,,,,,,,
CHP1,-0.9759560907123856,-0.37025263477170667,-0.6731043627420461,,,,-0.9717192728922212,-0.42862947681751207,-0.7001743748548666,-0.9278365900253,-0.16848874992054622,-0.5481626699729231
OIP5,,,,,,,,,,,,
NUSAP1,,,,,,,,,,,,
NDUFAF1,,,,,,,,,,,,
RTF1,,,,,,,,,,,,
RPAP1,,,,,,,,,,,,
TYRO3,,,,,,,,,,,,
MGA,-0.6143250533538193,-0.14463895310385916,-0.3794820032288392,,,,-0.9491626910994838,-0.2319216983525604,-0.5905421947260221,,,
MAPKBP1,,,,,,,,,,,,
EHD4,,,,,,,,,,,,
VPS39,,,,,,,,,,,,
TMEM87A,,,,,,,-0.8650809021438841,-0.1725751178732613,-0.5188280100085727,,,
ZNF106,,,,,,,,,,,,
SNAP23,,,,,,,,,,,,
LRRC57,,,,,,,,,,,,
HAUS2,,,,,,,,,,,,
STARD9,-0.590811161619836,-0.11568552752687038,-0.3532483445733532,,,,,,,,,
TTBK2,-0.4431341785435861,-0.09366986060854315,-0.26840201957606463,,,,,,,,,
UBR1,-0.5500233787835558,-0.11665208499502547,-0.3333377318892906,,,,-0.9167311417052622,-0.2246925267445776,-0.5707118342249199,,,
TMEM62,,,,-0.9912181093501047,-0.5162277839232091,-0.7537229466366568,,,,,,
CCNDBP1,,,,,,,,,,,,
LCMT2,-0.4860128396981124,-0.23137570553380724,-0.3586942726159598,-0.9923492952082527,-0.6488228596382835,-0.8205860774232681,-0.557816108966545,-0.1581431692355427,-0.35797963910104386,-0.5376694599615619,-0.14190748386668645,-0.3397884719141242
ADAL,,,,,,,,,,,,
TUBGCP4,,,,,,,,,,,,
TP53BP1,,,,,,,,,,,,
MAP1A,,,,,,,,,,,,
PPIP5K1,,,,,,,,,,,,
CATSPER2,-0.5917323928598788,-0.2143677020638794,-0.4030500474618791,-0.9966535364394178,-0.6724283482877309,-0.8345409423635743,-0.8073647747199503,-0.20520058888648005,-0.5062826818032151,-0.7324357019459832,-0.2332297158477516,-0.48283270889686736
PDIA3,,,,,,,,,,,,
SERF2,,,,,,,,,,,,
HYPK,,,,,,,,,,,,
MFAP1,,,,,,,,,,,,
WDR76,-0.8799739180897435,-0.4460686654785935,-0.6630212917841685,,,,,,,,,
FRMD5,-0.8799632129508168,-0.3381360966502165,-0.6090496548005166,,,,-0.797130577896715,-0.14652155438559297,-0.471826066141154,,,
GOLM2,-0.4655481019817681,-0.11887361140380424,-0.2922108566927862,-0.9962567667730083,-0.7358113739337298,-0.8660340703533691,,,,,,
CTDSPL2,,,,,,,,,,,,
EIF3J,,,,,,,,,,,,
SPG11,-0.4716161342825304,-0.09197999432360958,-0.28179806430307,,,,-0.798919133870698,-0.1339805469790074,-0.4664498404248527,,,
B2M,,,,,,,,,,,,
SORD,,,,,,,,,,,,
SPATA5L1,,,,-0.9898336106100004,-0.3622238755807949,-0.6760287430953976,,,,,,
BLOC1S6,,,,,,,,,,,,
SEMA6D,-0.3990844676543538,-0.12811822314942684,-0.2636013454018903,-0.9886151441710194,-0.28233949557143706,-0.6354773198712282,,,,,,
MYEF2,,,,,,,,,,,,
SLC12A1,-0.4226174729649103,-0.21058054615110727,-0.3165990095580088,-0.9779879903193709,-0.4912532298508794,-0.7346206100851251,-0.5113426812283346,-0.16487273894014304,-0.3381077100842388,-0.5846802575027692,-0.23075244498900824,-0.40771635124588873
DUT,,,,,,,,,,,,
CEP152,-0.6314902283791917,-0.1762198523219048,-0.4038550403505482,-0.9832619042609605,-0.2937590622649284,-0.6385104832629445,,,,,,
EID1,,,,,,,,,,,,
SECISBP2L,,,,-0.9776169900086236,-0.32740469253961646,-0.6525108412741201,,,,,,
COPS2,,,,,,,,,,,,
GALK2,,,,,,,,,,,,
FAM227B,-0.5508029217388007,-0.13592217116388938,-0.34336254645134506,-0.9890377548218008,-0.45475547050827236,-0.7218966126650366,,,,,,
DTWD1,,,,,,,,,,,,
GABPB1,,,,,,,,,,,,
USP8,,,,-0.9963767854418619,-0.730606473487536,-0.863491629464699,,,,,,
TRPM7,-0.6532043290556053,-0.1196973882613303,-0.38645085865846784,-0.9879311435123669,-0.4067173791436026,-0.6973242613279848,,,,,,
SPPL2A,,,,,,,,,,,,
AP4E1,,,,,,,,,,,,
DMXL2,-0.3888120812771015,-0.06594586851290385,-0.22737897489500267,-0.988681806111886,-0.4964289292694407,-0.7425553676906633,,,,,,
TMOD2,,,,,,,,,,,,
TMOD3,,,,,,,,,,,,
LEO1,,,,,,,,,,,,
MAPK6,-0.44492264259330044,-0.13611024370438884,-0.2905164431488446,-0.9932494422478496,-0.6142760523071642,-0.8037627472775069,,,,,,
GNB5,,,,-0.9898713066529891,-0.4172743262395638,-0.7035728164462765,,,,,,
MYO5C,-0.3831651289061762,-0.09284243764407152,-0.23800378327512386,-0.9871064393292127,-0.41768846893498657,-0.7023974541320996,,,,,,
MYO5A,,,,-0.9923001842878711,-0.5037813618086066,-0.7480407730482388,,,,,,
ARPP19,,,,,,,,,,,,
ATOSA,-0.43662439389496494,-0.13458860723459343,-0.2856065005647792,,,,,,,-0.5057871831062888,-0.14483799245417328,-0.32531258778023103
UNC13C,-0.4839675705020437,-0.2589949750185679,-0.3714812727603058,-0.9931757137675227,-0.6558237681142489,-0.8244997409408859,-0.5082432745397372,-0.14674135579641606,-0.32749231516807664,-0.5265954828674411,-0.24978314709384997,-0.3881893149806455
RSL24D1,,,,,,,,,,,,
RAB27A,,,,-0.9853362296858973,-0.37040568365352755,-0.6778709566697124,,,,,,
PIGBOS1,,,,,,,,,,,,
PIGB,,,,,,,,,,,,
CCPG1,,,,,,,,,,,,
DNAAF4,,,,,,,,,,,,
PYGO1,,,,,,,,,,,,
PRTG,,,,,,,,,,,,
NEDD4,,,,,,,,,,,,
RFX7,-0.5094142870341245,-0.1047996109174933,-0.3071069489758089,-0.9868324417400737,-0.27410209868936797,-0.6304672702147208,,,,,,
TEX9,-0.42361199228197666,-0.057990739027290676,-0.24080136565463367,-0.9876650431498509,-0.43291539130225004,-0.7102902172260505,,,,,,
MNS1,-0.5741337977076298,-0.18090177898185708,-0.3775177883447435,-0.9889398994371694,-0.5213527260885524,-0.7551463127628609,,,,,,
ZNF280D,,,,,,,,,,,,
TCF12,-0.545411827254931,-0.16682430248205296,-0.35611806486849196,,,,,,,,,
CGNL1,,,,-0.9874060893834159,-0.4411794154372316,-0.7142927524103238,,,,,,
POLR2M,,,,,,,,,,,,
ALDH1A2,-0.43483417117476497,-0.0767329948748391,-0.25578358302480203,,,,-0.8021649316393301,-0.20414016157616366,-0.5031525466077469,,,
ADAM10,-0.5582728319991233,-0.30760510451234263,-0.43293896825573297,-0.9959356420676673,-0.6952657101431595,-0.8456006761054133,-0.4788441944430025,-0.20120526395786104,-0.3400247292004318,-0.8380880133996056,-0.3610174816797036,-0.5995527475396546
MINDY2,,,,-0.9744397840989799,-0.21137662192628665,-0.5929082030126333,,,,,,
RNF111,-0.8209553407671559,-0.34994461037234587,-0.5854499755697509,,,,-0.9651313706849985,-0.3910239472076393,-0.6780776589463189,,,
SLTM,,,,,,,,,,,,
CCNB2,0.12058168705016199,0.39424696565753825,0.25741432635385014,,,,,,,,,
MYO1E,-0.5181930417795336,-0.12164196454549288,-0.3199175031625133,-0.9937985057800531,-0.6069258421000432,-0.8003621739400482,,,,,,
FAM81A,-0.4785211359613492,-0.1324723247007099,-0.30549673033102953,,,,,,,,,
GTF2A2,,,,,,,,,,,,
BNIP2,,,,,,,,,,,,
ANXA2,,,,,,,,,,,,
ICE2,,,,,,,,,,,,
RORA,-0.9060115357438687,-0.4712781690729952,-0.688644852408432,-0.9935265275568502,-0.6344701418944065,-0.8139983347256283,-0.96049781477227,-0.40419139061988374,-0.6823446026960769,-0.8149254036409022,-0.30657472081945236,-0.5607500622301773
VPS13C,-0.4502200083806147,-0.09144318663035188,-0.2708315975054833,,,,,,,,,
TLN2,-0.5795680458177062,-0.21064945496430082,-0.39510875039100346,-0.9958793240776935,-0.602870731131214,-0.7993750276044538,,,,-0.7443891963862381,-0.10138221351431159,-0.4228857049502749
TPM1,,,,,,,,,,,,
LACTB,,,,,,,,,,,,
RPS27L,,,,,,,,,,,,
RAB8B,,,,-0.9946055675422787,-0.5617147331354169,-0.7781601503388478,,,,,,
CA12,,,,,,,,,,,,
USP3,,,,,,,,,,,,
HERC1,-0.582717327998341,-0.10877972593155637,-0.3457485269649487,-0.9911797304434475,-0.424737112011877,-0.7079584212276623,,,,,,
CIAO2A,,,,,,,,,,,,
SNX1,,,,,,,,,,,,
PPIB,,,,,,,,,,,,
CSNK1G1,-0.54071550620726,-0.20762105300299566,-0.3741682796051279,-0.9913284323157932,-0.5929608231514804,-0.7921446277336368,,,,,,
PCLAF,-0.9909797268771824,-0.5280081190050914,-0.7594939229411368,,,,,,,,,
TRIP4,,,,,,,,,,,,
ZNF609,-0.6555308437874122,-0.1622929675824764,-0.4089119056849443,,,,,,,,,
OAZ2,,,,-0.9835086711688503,-0.32655350440819936,-0.6550310877885248,,,,,,
RBPMS2,-0.6183513780698536,-0.13173313798299255,-0.3750422580264231,-0.9902432091974845,-0.5214671842568005,-0.7558551967271425,,,,-0.5804501329633472,-0.07667345765687322,-0.3285617953101102
SPG21,,,,,,,,,,,,
MTFMT,,,,,,,,,,,,
PDCD7,,,,,,,,,,,,
CLPX,,,,,,,,,,,,
PARP16,-0.2202098237679799,-0.04811277986996459,-0.13416130181897223,-0.983092333180737,-0.30180399285142484,-0.6424481630160809,,,,,,
IGDCC3,,,,,,,,,,,,
IGDCC4,,,,,,,,,,,,
DPP8,,,,,,,,,,,,
HACD3,,,,,,,,,,,,
INTS14,,,,,,,,,,,,
SLC24A1,,,,,,,,,,,,
DENND4A,-0.8476980717117092,-0.4012133748952241,-0.6244557233034667,-0.9970603066024933,-0.7449387500069853,-0.8709995283047394,-0.8598907296816579,-0.2572588077354827,-0.5585747687085703,-0.9104706670566257,-0.21088804153812157,-0.5606793542973736
RAB11A,,,,,,,,,,,,
MEGF11,-0.3155308350185844,-0.06914975342943298,-0.1923402942240087,-0.9939554115941389,-0.6608162860587901,-0.8273858488264645,,,,,,
DIS3L,,,,,,,,,,,,
TIPIN,,,,,,,,,,,,
MAP2K1,,,,,,,,,,,,
SNAPC5,,,,,,,,,,,,
RPL4,,,,,,,,,,,,
ZWILCH,,,,,,,,,,,,
SMAD6,-0.4767462473583767,-0.12267106866571213,-0.2997086580120444,,,,,,,,,
SMAD3,,,,-0.9941253302409553,-0.5926435287268339,-0.7933844294838945,,,,,,
AAGAB,,,,,,,,,,,,
IQCH,-0.34723033705852663,-0.10825867199557475,-0.2277445045270507,-0.9863782701394381,-0.42335121990100616,-0.7048647450202221,,,,,,
C15orf61,,,,,,,,,,,,
MAP2K5,-0.6964060678496131,-0.3010310486520903,-0.4987185582508517,-0.9966844420738431,-0.7215474907986674,-0.8591159664362553,-0.7192023672501965,-0.2676285413585807,-0.4934154543043886,-0.8964758665075981,-0.3158790299678954,-0.6061774482377468
PIAS1,-0.5204916825184684,-0.16221878691071395,-0.34135523471459117,,,,-0.6849846630825766,-0.11828537497582345,-0.4016350190292,,,
CALML4,-0.4635990524455939,-0.09661683432428,-0.28010794338493694,,,,,,,,,
CLN6,,,,,,,,,,,,
FEM1B,,,,,,,,,,,,
CORO2B,-0.30245917549107826,-0.11856633533459285,-0.21051275541283554,-0.992243983503594,-0.5585276171894673,-0.7753858003465306,,,,-0.3899749958367773,-0.0816634932281883,-0.23581924453248282
ANP32A,,,,,,,,,,,,
SPESP1,,,,,,,,,,,,
GLCE,,,,,,,,,,,,
PAQR5,,,,,,,,,,,,
KIF23,,,,,,,,,,,,
RPLP1,,,,,,,,,,,,
TLE3,,,,,,,,,,,,
UACA,,,,,,,,,,,,
LARP6,,,,,,,,,,,,
LRRC49,,,,,,,-0.7591045808935016,-0.1042798043130571,-0.43169219260327935,,,
THSD4,-0.659456796151599,-0.34756512688198693,-0.503510961516793,-0.9961590465496994,-0.7081221821362886,-0.852140614342994,-0.9676132336621933,-0.39469670094017906,-0.6811549673011862,-0.7745673302105409,-0.1693021917478089,-0.4719347609791749
MYO9A,-0.6069683557099189,-0.18651758919842937,-0.3967429724541741,-0.9938419120879166,-0.6031535504351616,-0.7984977312615391,-0.8661461879593418,-0.3456878242431136,-0.6059170061012278,,,
SENP8,,,,,,,,,,,,
PKM,,,,,,,,,,,,
PARP6,,,,,,,,,,,,
HEXA,,,,,,,,,,,,
ARIH1,,,,-0.9849936749814783,-0.35604065445935845,-0.6705171647204183,,,,,,
BBS4,,,,,,,,,,,,
ADPGK,,,,,,,,,,,,
NEO1,-0.43447821970796596,-0.09476219534542378,-0.26462020752669485,-0.9881155390013677,-0.44204143117582323,-0.7150784850885955,,,,,,
NPTN,,,,,,,,,,,,
CD276,,,,,,,,,,,,
PML,,,,-0.9859614072982965,-0.3258898439556374,-0.655925625626967,,,,,,
UBL7,,,,,,,,,,,,
ARID3B,,,,-0.9898721602999994,-0.36569547161109,-0.6777838159555447,,,,,,
CLK3,,,,,,,,,,,,
EDC3,,,,,,,,,,,,
CSK,,,,,,,,,,,,
ULK3,,,,,,,,,,,,
SCAMP2,,,,,,,,,,,,
MPI,,,,,,,,,,,,
FAM219B,,,,,,,,,,,,
COX5A,,,,,,,,,,,,
RPP25,,,,,,,,,,,,
SCAMP5,,,,,,,,,,,,
PPCDC,-0.6003715606028824,-0.09402658657850714,-0.3471990735906948,,,,,,,,,
C15orf39,,,,,,,,,,,,
COMMD4,,,,,,,,,,,,
MAN2C1,,,,,,,,,,,,
SIN3A,-0.46824722007387753,-0.14001339049826247,-0.30413030528607,,,,,,,,,
PTPN9,,,,,,,,,,,,
SNUPN,,,,,,,,,,,,
IMP3,,,,,,,,,,,,
UBE2Q2,,,,,,,,,,,,
FBXO22,,,,,,,,,,,,
NRG4,-0.5755640996588417,-0.15573233516645396,-0.36564821741264786,,,,-0.8915727433684675,-0.15537093399553806,-0.5234718386820028,-0.5394366487899268,-0.056907150535004294,-0.29817189966246554
TMEM266,-0.584141200866278,-0.2311360661745612,-0.40763863352041957,-0.9923724321346772,-0.6288166283523362,-0.8105945302435067,-0.7328015753182416,-0.0506601957767767,-0.3917308855475092,-0.6045280009107601,-0.18616599143109794,-0.395346996170929
ETFA,,,,,,,,,,,,
ISL2,,,,,,,,,,,,
SCAPER,-0.5554701608829116,-0.14322913328870518,-0.3493496470858084,,,,-0.8420624286108094,-0.23017068650352326,-0.5361165575571664,,,
RCN2,,,,,,,,,,,,
TSPAN3,,,,,,,,,,,,
PEAK1,-0.5015608915789889,-0.2314701836912814,-0.3665155376351351,-0.9904650566948427,-0.683459313966934,-0.8369621853308884,-0.8706099055395897,-0.21545103148198855,-0.5430304685107892,,,
HMG20A,,,,,,,,,,,,
LINGO1,-0.606180515161424,-0.29208261256446194,-0.44913156386294295,-0.9939973798850251,-0.707475806777331,-0.8507365933311781,-0.6002676198328494,-0.24783091545200117,-0.4240492676424253,-0.5781039524549018,-0.2497000425852056,-0.4139019975200537
TBC1D2B,,,,,,,,,,,,
CIB2,,,,,,,,,,,,
IDH3A,,,,,,,,,,,,
SKIC8,,,,,,,,,,,,
IREB2,,,,,,,,,,,,
HYKK,,,,,,,,,,,,
PSMA4,,,,,,,,,,,,
CHRNA5,,,,,,,,,,,,
MORF4L1,,,,,,,,,,,,
CTSH,,,,,,,,,,,,
TMED3,,,,,,,,,,,,
MTHFS,,,,,,,,,,,,
ZFAND6,,,,,,,,,,,,
FAH,,,,,,,,,,,,
ABHD17C,,,,,,,,,,,,
MESD,,,,,,,,,,,,
TLNRD1,,,,-0.9830611178174371,-0.1995761840662224,-0.5913186509418298,,,,,,
EFL1,,,,,,,,,,,,
RPS17,,,,,,,,,,,,
CPEB1,-0.27201610757038364,-0.04628483776311275,-0.1591504726667482,-0.9933174140304275,-0.5353573656006217,-0.7643373898155246,,,,,,
WHAMM,,,,,,,,,,,,
HOMER2,,,,,,,,,,,,
RAMAC,,,,,,,,,,,,
C15orf40,,,,,,,,,,,,
BTBD1,,,,,,,,,,,,
HDGFL3,,,,,,,,,,,,
SH3GL3,-0.5493603398701753,-0.19639623789794755,-0.37287828888406144,,,,,,,,,
ZSCAN2,,,,,,,,,,,,
WDR73,,,,,,,,,,,,
NMB,,,,,,,,,,,,
SEC11A,,,,,,,,,,,,
ZNF592,,,,,,,,,,,,
PDE8A,-0.5748473982591774,-0.19358000979242315,-0.3842137040258003,,,,-0.9068969445680416,-0.22087935847199713,-0.5638881515200194,,,
AKAP13,-0.7381379973858232,-0.3361396790248369,-0.53713883820533,-0.9985368808350936,-0.8138242163293334,-0.9061805485822135,-0.898776096034325,-0.20099726755546332,-0.5498866817948942,,,
KLHL25,-0.38924805757802966,-0.07543659329999707,-0.23234232543901337,,,,,,,,,
AGBL1,-0.49964223717847794,-0.29060872752649103,-0.39512548235248446,-0.9911328589245455,-0.6558005146399716,-0.8234666867822585,-0.5163412735448917,-0.11569706024958752,-0.3160191668972396,-0.6534509847496548,-0.3160893149926576,-0.4847701498711562
MRPL46,,,,,,,,,,,,
MRPS11,,,,,,,,,,,,
DET1,,,,,,,,,,,,
AEN,,,,,,,,,,,,
MFGE8,,,,,,,,,,,,
ABHD2,,,,,,,,,,,,
FANCI,-0.6026405776623456,-0.09323312791479334,-0.34793685278856945,,,,,,,,,
POLG,,,,,,,,,,,,
TICRR,-0.5605220845912349,-0.20145113100773293,-0.3809866077994839,,,,,,,-0.7481004873603252,-0.16123431306331998,-0.4546674002118226
KIF7,,,,-0.993828183957894,-0.47305091885988954,-0.7334395514088917,,,,,,
PEX11A,,,,,,,,,,,,
MESP1,,,,,,,,,,,,
AP3S2,,,,,,,,,,,,
ARPIN,,,,,,,,,,,,
ZNF710,,,,,,,,,,,,
IDH2,,,,,,,,,,,,
SEMA4B,-0.45318821644525714,-0.13337710660877822,-0.29328266152701765,-0.9916221604361011,-0.5282622224866483,-0.7599421914613746,,,,-0.3728477819134609,-0.06090262068211711,-0.216875201297789
CIB1,,,,,,,,,,,,
GDPGP1,,,,,,,,,,,,
NGRN,,,,,,,,,,,,
IQGAP1,-0.5459289475191093,-0.04767898577658336,-0.2968039666478463,,,,,,,,,
CRTC3,,,,,,,,,,,,
BLM,-0.8567265743653635,-0.32916700140738625,-0.5929467878863749,,,,,,,,,
FURIN,,,,,,,,,,,,
HDDC3,,,,,,,,,,,,
UNC45A,,,,,,,,,,,,
RCCD1,,,,,,,,,,,,
PRC1,0.06726701827354481,0.3536620088652007,0.21046451356937276,,,,,,,,,
FAM174B,-0.4787999988171534,-0.14013521962260464,-0.30946760921987904,-0.9905694210416645,-0.26585894261526233,-0.6282141818284634,,,,,,
CHD2,-0.6715642265818598,-0.1593477345001762,-0.41545598054101796,,,,-0.8747576322980881,-0.207442800010368,-0.5411002161542281,,,
RGMA,,,,,,,,,,,,
NR2F2,,,,,,,,,,,,
IGF1R,-0.8787082575975987,-0.3107828154666435,-0.5947455365321211,-0.9879097519238192,-0.4748152238237128,-0.731362487873766,-0.9453973636229578,-0.31434734530731095,-0.6298723544651343,-0.7973369812044091,-0.24985492587380875,-0.5235959535391089
TTC23,,,,-0.9853150119605067,-0.4990191163275568,-0.7421670641440318,,,,,,
LRRC28,,,,,,,,,,,,
MEF2A,-0.617386933175669,-0.1599504292699446,-0.3886686812228068,-0.9877432821500902,-0.3855288083852596,-0.686636045267675,,,,,,
LYSMD4,,,,-0.9913357672372185,-0.5087025654309427,-0.7500191663340806,,,,,,
ADAMTS17,-0.4908866224102133,-0.17736766564291073,-0.334127144026562,-0.9928064265751393,-0.5263953219964628,-0.759600874285801,,,,,,
LINS1,,,,,,,,,,,,
ASB7,,,,,,,,,,,,
CHSY1,-0.5639165146849416,-0.13851965727433704,-0.3512180859796393,,,,,,,,,
SELENOS,,,,,,,,,,,,
SNRPA1,,,,,,,,,,,,
PCSK6,,,,-0.9893368740011328,-0.47118912059385165,-0.7302629972974922,,,,,,
TM2D3,,,,,,,,,,,,
TARS3,,,,,,,,,,,,
POLR3K,,,,,,,,,,,,
SNRNP25,,,,,,,,,,,,
MPG,,,,,,,,,,,,
NPRL3,,,,,,,,,,,,
HBQ1,,,,,,,,,,,,
LUC7L,,,,,,,,,,,,
FAM234A,,,,,,,,,,,,
ARHGDIG,,,,,,,,,,,,
AXIN1,,,,,,,,,,,,
MRPL28,0.17672377543776796,0.43857538848803973,0.3076495819629038,,,,,,,,,
PGAP6,,,,,,,,,,,,
NME4,,,,,,,,,,,,
RAB11FIP3,,,,-0.9912831224769553,-0.5930747141514258,-0.7921789183141905,,,,,,
CAPN15,,,,,,,,,,,,
PIGQ,,,,,,,,,,,,
RAB40C,,,,,,,,,,,,
METTL26,,,,,,,,,,,,
MCRIP2,,,,,,,,,,,,
WDR90,-0.5806543061753205,-0.18405618746813607,-0.3823552468217283,-0.9924754909772983,-0.4830695008227501,-0.7377724959000241,-0.763415337688497,-0.15007717813496432,-0.4567462579117307,,,
RHOT2,,,,,,,,,,,,
STUB1,,,,,,,,,,,,
JMJD8,,,,,,,,,,,,
METRN,,,,,,,,,,,,
ANTKMT,0.08515114731924106,0.32021489645161216,0.2026830218854266,,,,,,,,,
HAGHL,,,,,,,,,,,,
CIAO3,,,,,,,,,,,,
RPUSD1,,,,,,,,,,,,
CHTF18,,,,-0.9858749673634633,-0.23539895734148214,-0.6106369623524727,,,,,,
LMF1,,,,,,,,,,,,
CACNA1H,,,,,,,,,,,,
UBE2I,,,,,,,,,,,,
TSR3,,,,,,,,,,,,
GNPTG,,,,,,,,,,,,
UNKL,,,,-0.991775080345863,-0.5632112244210509,-0.777493152383457,,,,,,
UQCC4,0.09240684975388933,0.3540243136922003,0.2232155817230448,,,,,,,,,
CLCN7,,,,,,,,,,,,
TELO2,,,,,,,,,,,,
IFT140,,,,,,,,,,,,
CRAMP1,,,,,,,,,,,,
JPT2,,,,,,,,,,,,
MAPK8IP3,-0.46817507937934827,-0.17265475663201688,-0.32041491800568256,-0.9923050352949114,-0.4854920570085942,-0.7388985461517528,-0.665412923026389,-0.10865243439145245,-0.3870326787089207,,,
NME3,,,,,,,,,,,,
MRPS34,,,,,,,,,,,,
SPSB3,,,,,,,,,,,,
NUBP2,,,,,,,,,,,,
HAGH,,,,,,,,,,,,
FAHD1,,,,,,,,,,,,
MSRB1,,,,,,,,,,,,
NDUFB10,,,,,,,,,,,,
RPS2,,,,,,,,,,,,
TBL3,,,,,,,,,,,,
GFER,,,,,,,,,,,,
ZNF598,,,,,,,,,,,,
NPW,,,,,,,,,,,,
NHERF2,,,,,,,,,,,,
NTHL1,0.15655317482162917,0.5295406458891198,0.3430469103553745,,,,,,,,,
TSC2,,,,,,,,,,,,
PKD1,,,,-0.9889217814144332,-0.39257178066191134,-0.6907467810381722,,,,,,
TRAF7,,,,,,,,,,,,
MLST8,,,,,,,,,,,,
PGP,,,,,,,,,,,,
E4F1,,,,,,,,,,,,
ECI1,,,,,,,,,,,,
RNPS1,,,,,,,,,,,,
ABCA3,,,,,,,,,,,,
CCNF,,,,,,,-0.9466069700761636,-0.13987158602821562,-0.5432392780521896,,,
TEDC2,,,,,,,,,,,,
TBC1D24,,,,-0.9802644307848878,-0.3558076126006544,-0.6680360216927711,,,,,,
ATP6V0C,,,,,,,,,,,,
AMDHD2,,,,,,,,,,,,
PDPK1,,,,,,,,,,,,
KCTD5,,,,,,,,,,,,
SRRM2,,,,,,,,,,,,
ELOB,,,,,,,,,,,,
FLYWCH2,,,,,,,,,,,,
FLYWCH1,,,,,,,,,,,,
PKMYT1,-0.7436581684741023,-0.2374725480922216,-0.49056535828316195,,,,,,,,,
PAQR4,,,,,,,,,,,,
TNFRSF12A,,,,,,,,,,,,
HCFC1R1,,,,,,,,,,,,
THOC6,0.16601078656114304,0.47674759120758914,0.3213791888843661,,,,,,,,,
ZNF205,,,,,,,,,,,,
ZNF200,,,,,,,,,,,,
ZNF263,,,,,,,,,,,,
ZNF75A,,,,,,,,,,,,
ZSCAN32,,,,,,,,,,,,
ZNF174,,,,,,,,,,,,
NAA60,,,,,,,,,,,,
CLUAP1,,,,,,,,,,,,
SLX4,,,,,,,,,,,,
DNASE1,-0.5363221281844724,-0.17584832705482334,-0.3560852276196479,-0.9925842973581506,-0.3416370116094841,-0.6671106544838173,-0.7895870235237024,-0.13907478564235218,-0.4643309045830273,,,
TRAP1,,,,,,,,,,,,
CREBBP,,,,-0.9911459068925071,-0.5578989053139902,-0.7745224061032487,,,,,,
ADCY9,-0.43097137392444435,-0.1214093873078748,-0.2761903806161596,,,,,,,,,
TFAP4,,,,,,,,,,,,
PAM16,,,,,,,,,,,,
CORO7,,,,,,,,,,,,
DNAJA3,,,,,,,,,,,,
NMRAL1,,,,,,,,,,,,
HMOX2,,,,,,,,,,,,
CDIP1,,,,,,,,,,,,
UBALD1,,,,,,,,,,,,
MGRN1,,,,,,,,,,,,
NUDT16L1,,,,,,,,,,,,
ANKS3,,,,,,,,,,,,
ZNF500,,,,,,,,,,,,
ROGDI,,,,,,,,,,,,
GLYR1,,,,,,,,,,,,
UBN1,,,,,,,,,,,,
SEC14L5,-0.48647533842009555,-0.2393042448238117,-0.3628897916219536,-0.9919171983779758,-0.6349677845383217,-0.8134424914581487,-0.441935164239249,-0.19899821797526063,-0.3204666911072548,-0.5316355110322883,-0.2543635218703326,-0.3929995164513105
ALG1,,,,,,,,,,,,
EEF2KMT,,,,,,,,,,,,
RBFOX1,-0.5064265569780827,-0.2661750422112077,-0.3863007995946452,-0.9962752601005569,-0.7297431455290532,-0.8630092028148051,-0.5967928257413593,-0.2038349303055476,-0.4003138780234534,-0.6096115938718161,-0.3031004367555872,-0.4563560153137016
METTL22,,,,,,,,,,,,
ABAT,-0.6170289386202338,-0.21796717900280085,-0.4174980588115173,-0.9964087089504693,-0.6236880940059252,-0.8100484014781972,-0.5748893193508708,-0.06270617418572093,-0.31879774676829586,-0.8123674649941013,-0.15444858349377452,-0.4834080242439379
PMM2,,,,,,,,,,,,
CARHSP1,,,,,,,,,,,,
USP7,,,,,,,,,,,,
HAPSTR1,,,,,,,,,,,,
ATF7IP2,,,,,,,,,,,,
EMP2,,,,,,,,,,,,
NUBP1,,,,,,,,,,,,
DEXI,,,,,,,,,,,,
CLEC16A,,,,,,,,,,,,
RMI2,-0.5536321208685607,-0.12405561147212553,-0.3388438661703431,,,,,,,,,
ENSG00000188897,,,,,,,,,,,,
LITAF,,,,,,,,,,,,
SNN,,,,,,,,,,,,
TXNDC11,,,,,,,,,,,,
ZC3H7A,,,,,,,,,,,,
RSL1D1,0.18595755072669404,0.5257331791762659,0.35584536495148,,,,,,,,,
GSPT1,,,,,,,,,,,,
SNX29,-0.660546682587503,-0.3094227151281619,-0.48498469885783246,-0.9978379535937351,-0.7745158515086921,-0.8861769025512136,-0.9683925265931329,-0.265696404089343,-0.6170444653412379,-0.9408566341508645,-0.19178463489972233,-0.5663206345252935
CPPED1,-0.3349344443298756,-0.0723155307743704,-0.20362498755212302,-0.9938873173352251,-0.4780214907236603,-0.7359544040294427,,,,,,
ERCC4,,,,,,,,,,,,
MRTFB,-0.6528529947759011,-0.24827547652863222,-0.45056423565226666,,,,,,,-0.757613790317548,-0.14423679379997803,-0.450925292058763
PARN,,,,,,,,,,,,
BFAR,,,,,,,,,,,,
NOMO1,,,,,,,,,,,,
PDXDC1,,,,,,,,,,,,
NTAN1,,,,,,,,,,,,
RRN3,,,,,,,,,,,,
MARF1,,,,,,,,,,,,
NDE1,,,,,,,,,,,,
CEP20,,,,,,,,,,,,
ABCC1,,,,-0.9925806732481955,-0.5740611745582416,-0.7833209239032186,-0.9413594598183311,-0.27057318334503305,-0.6059663215816821,,,
NOMO3,,,,,,,,,,,,
XYLT1,,,,,,,,,,,,
NOMO2,,,,,,,,,,,,
RPS15A,,,,,,,,,,,,
ARL6IP1,0.2513266014707932,0.44606204986757725,0.34869432566918523,,,,,,,,,
SMG1,,,,,,,-0.9352019314171268,-0.24425204958894542,-0.5897269905030361,,,
TMC7,-0.19097480548756424,-0.06659555832741887,-0.12878518190749155,-0.9851793165528061,-0.3007055002251476,-0.6429424083889769,,,,,,
COQ7,,,,,,,,,,,,
ITPRIPL2,,,,,,,-0.8674554581147454,-0.09777737968507555,-0.48261641889991047,,,
GDE1,,,,,,,,,,,,
CCP110,,,,,,,,,,,,
VPS35L,-0.6134189246676904,-0.16743178173624634,-0.39042535320196836,,,,,,,,,
KNOP1,,,,,,,,,,,,
IQCK,,,,,,,,,,,,
GPRC5B,-0.4622322499970446,-0.1251705792786129,-0.29370141463782873,,,,,,,,,
THUMPD1,,,,,,,,,,,,
ERI2,,,,,,,,,,,,
REXO5,,,,,,,,,,,,
LYRM1,,,,,,,,,,,,
LDAF1,,,,,,,,,,,,
METTL9,,,,,,,,,,,,
NPIPB4,,,,,,,,,,,,
UQCRC2,,,,,,,,,,,,
MOSMO,,,,-0.9917536683453355,-0.38050912877632465,-0.68613139856083,,,,,,
EEF2K,,,,,,,,,,,,
POLR3E,,,,,,,,,,,,
CDR2,,,,,,,,,,,,
USP31,-0.6512290749978582,-0.10603526252480458,-0.3786321687613314,,,,,,,,,
COG7,,,,,,,,,,,,
GGA2,,,,,,,,,,,,
EARS2,,,,,,,,,,,,
UBFD1,,,,,,,,,,,,
NDUFAB1,,,,,,,,,,,,
PALB2,,,,,,,,,,,,
DCTN5,,,,,,,,,,,,
PLK1,0.3117668468380565,0.5481002354706023,0.42993354115432936,,,,,,,,,
PRKCB,-0.5161526403911443,-0.2666490964559066,-0.39140086842352545,-0.9909611810818807,-0.44130279652944876,-0.7161319888056648,-0.6739030377300118,-0.18479527037387586,-0.42934915405194385,-0.5176298567241295,-0.08363426809704382,-0.30063206241058665
RBBP6,,,,,,,,,,,,
TNRC6A,,,,-0.9934914654654536,-0.4699864371409699,-0.7317389513032118,,,,,,
ARHGAP17,,,,,,,,,,,,
LCMT1,,,,,,,,,,,,
NSMCE1,,,,,,,,,,,,
GTF3C1,,,,,,,,,,,,
KATNIP,,,,-0.9917422494472682,-0.5103467944675896,-0.7510445219574289,,,,,,
XPO6,,,,,,,,,,,,
CLN3,,,,,,,,,,,,
SGF29,,,,,,,,,,,,
EIF3C,,,,,,,,,,,,
ATXN2L,,,,,,,,,,,,
TUFM,,,,,,,,,,,,
SH2B1,,,,,,,,,,,,
RABEP2,,,,-0.997080316492544,-0.6798712583058941,-0.838475787399219,,,,,,
NFATC2IP,,,,,,,-0.9245004399793919,-0.22477526032016934,-0.5746378501497806,,,
SPNS1,,,,,,,,,,,,
QPRT,,,,,,,,,,,,
KIF22,,,,,,,,,,,,
MAZ,,,,,,,,,,,,
PAGR1,,,,,,,,,,,,
MVP,,,,,,,,,,,,
CDIPT,,,,,,,,,,,,
SEZ6L2,-0.40280449636636545,-0.09018229449129307,-0.24649339542882925,-0.9879223647181355,-0.38083880580749707,-0.6843805852628163,,,,,,
ASPHD1,-0.5995426874343176,-0.2079769959533083,-0.40375984169381296,,,,,,,-0.6375665914606844,-0.14149909205672292,-0.3895328417587037
KCTD13,,,,,,,,,,,,
TMEM219,,,,,,,,,,,,
TAOK2,,,,,,,,,,,,
HIRIP3,,,,,,,,,,,,
INO80E,,,,,,,,,,,,
DOC2A,,,,-0.988642383859299,-0.4181780610293916,-0.7034102224443453,,,,,,
ALDOA,,,,-0.9900553396549714,-0.36715215803827095,-0.6786037488466212,,,,,,
PPP4C,0.16233722142695503,0.41086427993925817,0.2866007506831066,,,,,,,,,
YPEL3,,,,,,,,,,,,
MAPK3,,,,,,,,,,,,
BOLA2B,,,,,,,,,,,,
NPIPB13,,,,,,,,,,,,
CD2BP2,,,,,,,,,,,,
TBC1D10B,,,,,,,,,,,,
ZNF48,,,,,,,,,,,,
SEPTIN1,-0.4262253581035189,-0.16454026235639335,-0.29538281022995616,-0.9900221878612764,-0.6017376208613039,-0.7958799043612901,-0.8934778413669515,-0.1159850518263264,-0.5047314465966389,-0.6107418534786829,-0.16315011583018635,-0.38694598465443464
ZNF771,,,,,,,,,,,,
DCTPP1,,,,,,,,,,,,
SEPHS2,,,,,,,,,,,,
ZNF768,,,,,,,,,,,,
ZNF747,,,,,,,,,,,,
ZNF764,,,,,,,,,,,,
ZNF688,,,,,,,,,,,,
ZNF689,,,,,,,,,,,,
PRR14,,,,,,,,,,,,
FBRS,,,,,,,,,,,,
SRCAP,,,,,,,,,,,,
PHKG2,,,,,,,,,,,,
CFAP119,,,,,,,,,,,,
RNF40,,,,,,,,,,,,
ZNF629,,,,,,,,,,,,
BCL7C,,,,,,,,,,,,
FBXL19,,,,,,,,,,,,
SETD1A,,,,,,,,,,,,
STX4,,,,,,,,,,,,
ZNF668,,,,,,,,,,,,
VKORC1,,,,,,,,,,,,
BCKDK,,,,,,,,,,,,
KAT8,,,,,,,,,,,,
FUS,,,,,,,,,,,,
RUSF1,,,,,,,,,,,,
KRBOX5,,,,,,,,,,,,
ZNF267,,,,,,,,,,,,
SHCBP1,,,,,,,,,,,,
VPS35,,,,,,,,,,,,
ORC6,-0.623898007520173,-0.11581097600098712,-0.36985449176058005,,,,,,,,,
C16orf87,,,,,,,,,,,,
GPT2,,,,,,,,,,,,
DNAJA2,,,,,,,,,,,,
NETO2,,,,,,,,,,,,
ITFG1,-0.4893381894577187,-0.15916974272330292,-0.3242539660905108,,,,,,,,,
PHKB,,,,,,,,,,,,
LONP2,,,,,,,,,,,,
SIAH1,,,,,,,,,,,,
N4BP1,,,,,,,,,,,,
ZNF423,-0.3922627977806993,-0.07890858479949259,-0.23558569129009593,-0.9924442539799351,-0.46740579712737435,-0.7299250255536547,,,,,,
CNEP1R1,,,,,,,,,,,,
HEATR3,,,,,,,,,,,,
TENT4B,,,,,,,,,,,,
BRD7,,,,,,,,,,,,
CYLD,,,,,,,,,,,,
SALL1,,,,,,,,,,,,
HNRNPA1L3,,,,,,,,,,,,
CHD9,,,,-0.98901994632794,-0.28878039668856026,-0.6389001715082501,-0.9008467243761522,-0.1464902014471332,-0.5236684629116427,,,
RBL2,,,,,,,,,,,,
AKTIP,,,,,,,,,,,,
RPGRIP1L,,,,,,,,,,,,
FTO,-0.7688678213884992,-0.29245099280351505,-0.5306594070960071,-0.9943756823121225,-0.539885966464302,-0.7671308243882122,-0.8284081971874924,-0.13578140756512555,-0.482094802376309,,,
IRX3,,,,,,,,,,,,
IRX5,,,,,,,,,,,,
LPCAT2,,,,-0.9853154658362423,-0.3058035405589383,-0.6455595031975903,,,,,,
AMFR,,,,,,,,,,,,
NUDT21,,,,,,,,,,,,
OGFOD1,,,,,,,,,,,,
BBS2,-0.5683061127162274,-0.15043733682548943,-0.35937172477085844,-0.9907492609041807,-0.3863593325097898,-0.6885542967069853,,,,,,
MT2A,,,,,,,,,,,,
MT1X,0.09048938734189378,0.30571042379667224,0.198099905569283,,,,,,,,,
NUP93,,,,,,,,,,,,
HERPUD1,,,,,,,,,,,,
CPNE2,,,,,,,,,,,,
PSME3IP1,,,,,,,,,,,,
RSPRY1,,,,,,,,,,,,
ARL2BP,,,,,,,,,,,,
PLLP,,,,,,,,,,,,
CIAPIN1,,,,,,,,,,,,
COQ9,,,,,,,,,,,,
POLR2C,,,,,,,,,,,,
CCDC102A,,,,,,,,,,,,
KATNB1,,,,,,,,,,,,
USB1,,,,,,,,,,,,
CFAP20,,,,,,,,,,,,
CSNK2A2,,,,,,,,,,,,
CCDC113,,,,,,,,,,,,
GINS3,,,,,,,,,,,,
SETD6,,,,,,,,,,,,
CNOT1,,,,,,,,,,,,
SLC38A7,,,,,,,,,,,,
GOT2,,,,,,,,,,,,
TK2,,,,,,,,,,,,
CKLF,,,,,,,,,,,,
CMTM3,,,,,,,,,,,,
CMTM4,,,,-0.9932677704236459,-0.5320985735452559,-0.7626831719844509,,,,,,
DYNC1LI2,,,,,,,,,,,,
TERB1,-0.3637191246603262,-0.16305854470031805,-0.26338883468032215,-0.9967446761737306,-0.6677323394510544,-0.8322385078123925,-0.4874112138405293,-0.09221197065465789,-0.2898115922475936,-0.397797478098313,-0.073662719414362,-0.2357300987563375
NAE1,,,,,,,,,,,,
PDP2,,,,,,,,,,,,
CIAO2B,,,,,,,,,,,,
CES2,,,,,,,,,,,,
CBFB,,,,,,,,,,,,
PHAF1,,,,,,,,,,,,
TRADD,,,,,,,,,,,,
E2F4,,,,,,,,,,,,
TMEM208,,,,,,,,,,,,
FHOD1,,,,,,,,,,,,
ATP6V0D1,,,,,,,,,,,,
RIPOR1,,,,,,,,,,,,
CTCF,,,,,,,,,,,,
CARMIL2,,,,,,,,,,,,
ACD,,,,,,,,,,,,
GFOD2,,,,,,,,,,,,
RANBP10,,,,,,,,,,,,
CENPT,,,,,,,,,,,,
THAP11,,,,,,,,,,,,
NUTF2,,,,,,,,,,,,
EDC4,,,,,,,,,,,,
PSKH1,,,,,,,,,,,,
PSMB10,,,,,,,,,,,,
DUS2,,,,,,,,,,,,
DDX28,,,,,,,,,,,,
NFATC3,-0.5963199596196032,-0.2987835114738268,-0.447551735546715,-0.9977200694738972,-0.7841668592174592,-0.8909434643456782,-0.8427510060520633,-0.21682835896044664,-0.529789682506255,-0.8194173404526304,-0.17553833576917452,-0.49747783811090246
SLC7A6,,,,,,,,,,,,
SLC7A6OS,,,,,,,,,,,,
PRMT7,,,,,,,,,,,,
ZFP90,-0.5652581470459475,-0.11996766298698387,-0.3426129050164657,,,,,,,,,
TANGO6,,,,,,,,,,,,
UTP4,,,,,,,,,,,,
SNTB2,,,,,,,,,,,,
VPS4A,,,,,,,,,,,,
COG8,,,,,,,,,,,,
NIP7,0.2002753863993566,0.5589201230150438,0.3795977547072002,,,,,,,,,
TERF2,-0.4799771622250751,-0.16759936219567925,-0.32378826221037715,-0.9949476344867958,-0.6610794315104557,-0.8280135329986258,-0.8368508435737708,-0.174963955237801,-0.5059073994057859,,,
CYB5B,,,,,,,,,,,,
NFAT5,-0.5987530801342668,-0.14203097422577735,-0.37039202718002207,,,,-0.6910436639756051,-0.1416794833555942,-0.41636157366559967,,,
NOB1,,,,,,,,,,,,
WWP2,-0.6419485906164532,-0.17014294045349984,-0.4060457655349765,,,,-0.6775682622019162,-0.09208594282754543,-0.38482710251473085,,,
PDPR,,,,,,,,,,,,
EXOSC6,-0.5925417705855636,-0.12036051732055657,-0.35645114395306005,,,,,,,,,
AARS1,,,,,,,,,,,,
DDX19B,,,,,,,,,,,,
DDX19A,,,,,,,,,,,,
ST3GAL2,,,,,,,,,,,,
COG4,,,,,,,,,,,,
SF3B3,,,,,,,,,,,,
MTSS2,,,,,,,,,,,,
VAC14,,,,,,,,,,,,
ZNF23,,,,,,,,,,,,
PHLPP2,,,,,,,,,,,,
AP1G1,,,,,,,,,,,,
ATXN1L,,,,,,,,,,,,
IST1,,,,,,,,,,,,
ZNF821,,,,,,,,,,,,
DHODH,,,,,,,,,,,,
TXNL4B,,,,,,,,,,,,
DHX38,,,,,,,,,,,,
ZFHX3,-0.9174268816877843,-0.3219596496082057,-0.619693265647995,-0.9959509589102733,-0.7159214395765139,-0.8559361992433936,,,,-0.9017922881551464,-0.17592144963662515,-0.5388568688958858
PSMD7,,,,,,,,,,,,
GLG1,-0.7637296499631301,-0.13947731804968885,-0.4516034840064095,,,,-0.9615020428004579,-0.25589819197645036,-0.6087001173884541,,,
RFWD3,,,,,,,,,,,,
WDR59,,,,,,,-0.9213847556805338,-0.14326984192441958,-0.5323272988024766,,,
ZNRF1,,,,,,,,,,,,
ZFP1,,,,,,,,,,,,
BCAR1,,,,,,,,,,,,
CFDP1,-0.9725275309351404,-0.3202668264227711,-0.6463971786789557,,,,,,,,,
TMEM170A,,,,,,,,,,,,
GABARAPL2,,,,,,,,,,,,
ADAT1,,,,,,,,,,,,
KARS1,,,,,,,,,,,,
TERF2IP,,,,,,,,,,,,
MON1B,,,,,,,,,,,,
SYCE1L,-0.5058854333371772,-0.15831583339305258,-0.33210063336511486,,,,,,,,,
NUDT7,,,,,,,,,,,,
WWOX,-0.9701859847087947,-0.5493520265500907,-0.7597690056294427,-0.9945133138368454,-0.673705200496866,-0.8341092571668557,-0.9905863448347793,-0.5523884177202562,-0.7714873812775177,-0.8324725731379811,-0.2617404730685242,-0.5471065231032526
MAF,-0.4924004166456662,-0.12430639971450526,-0.3083534081800857,,,,,,,,,
CDYL2,-0.39996873616323003,-0.12648150784579593,-0.263225122004513,,,,,,,,,
CMC2,,,,,,,,,,,,
CENPN,,,,,,,,,,,,
ATMIN,,,,,,,,,,,,
C16orf46,,,,-0.9792700552418738,-0.19748241850935128,-0.5883762368756126,,,,,,
GCSH,,,,,,,,,,,,
GAN,,,,,,,-0.9894319029672984,-0.21595077442515268,-0.6026913386962256,,,
CMIP,-0.49159811778595985,-0.15902336941075929,-0.32531074359835954,,,,,,,,,
PLCG2,,,,,,,,,,,,
MPHOSPH6,,,,,,,,,,,,
CDH13,-0.5091353515957971,-0.2746417096566978,-0.3918885306262475,-0.9916474777225591,-0.6314649815767733,-0.8115562296496662,-0.5165918875630781,-0.24939342861785305,-0.38299265809046557,-0.5951854351248519,-0.31905042244288573,-0.4571179287838688
HSBP1,,,,,,,,,,,,
MLYCD,,,,,,,,,,,,
MBTPS1,,,,,,,,,,,,
HSDL1,,,,,,,,,,,,
TAF1C,,,,,,,,,,,,
MEAK7,-0.27093333883099285,-0.07102057880264881,-0.17097695881682085,-0.9958800048439154,-0.6173274555218157,-0.8066037301828655,,,,,,
COTL1,,,,,,,,,,,,
KLHL36,,,,,,,,,,,,
USP10,,,,,,,,,,,,
ZDHHC7,,,,,,,,,,,,
KIAA0513,,,,-0.9808168137356126,-0.21233142705160568,-0.5965741203936091,,,,,,
GSE1,-0.5078289514936456,-0.1626134271083135,-0.33522118930097955,-0.9922098115331007,-0.42435398132760166,-0.7082818964303512,-0.5446157817873322,-0.013534295741821694,-0.27907503876457695,,,
GINS2,,,,,,,,,,,,
C16orf74,,,,,,,,,,,,
EMC8,,,,,,,,,,,,
COX4I1,,,,,,,,,,,,
MTHFSD,,,,,,,,,,,,
C16orf95,,,,,,,,,,,,
FBXO31,,,,,,,,,,,,
MAP1LC3B,,,,,,,,,,,,
ZCCHC14,-0.33959102265025265,-0.09068950671818052,-0.2151402646842166,-0.991932230245889,-0.5293909745711017,-0.7606616024084953,,,,,,
KLHDC4,,,,,,,,,,,,
SLC7A5,,,,,,,,,,,,
BANP,,,,,,,,,,,,
ZFPM1,,,,-0.995182844582812,-0.48636785842938257,-0.7407753515060973,,,,,,
ZC3H18,,,,,,,,,,,,
CYBA,,,,,,,,,,,,
MVD,,,,,,,,,,,,
RNF166,,,,,,,,,,,,
CTU2,,,,,,,,,,,,
PIEZO1,,,,,,,,,,,,
CDT1,,,,,,,,,,,,
APRT,,,,,,,,,,,,
GALNS,,,,,,,,,,,,
TRAPPC2L,,,,,,,,,,,,
ACSF3,,,,,,,,,,,,
ZNF778,,,,,,,,,,,,
ANKRD11,,,,,,,,,,,,
SPG7,-0.5319596263544663,-0.2122417387944284,-0.37210068257444734,-0.9910073645831551,-0.5226853351404321,-0.7568463498617937,-0.7931369047802075,-0.07511157847983319,-0.43412424163002034,-0.6146991519681801,-0.185177660245366,-0.39993840610677306
RPL13,,,,,,,,,,,,
CPNE7,,,,,,,,,,,,
CHMP1A,,,,,,,,,,,,
SPATA33,,,,,,,,,,,,
CDK10,,,,,,,,,,,,
SPATA2L,,,,,,,,,,,,
VPS9D1,-0.6189429726589948,-0.29553190809619123,-0.457237440377593,-0.992446365378047,-0.4726737035672225,-0.7325600344726347,-0.9200013142795141,-0.18335583736152,-0.551678575820517,-0.8011999589897808,-0.22480210987578678,-0.5130010344327838
ZNF276,,,,,,,,,,,,
FANCA,-0.8054336180239617,-0.21666371739279805,-0.5110486677083799,-0.9886592483526423,-0.5298579263813039,-0.759258587366973,,,,,,
SPIRE2,,,,,,,,,,,,
TCF25,,,,,,,,,,,,
DEF8,,,,,,,,,,,,
DBNDD1,,,,,,,,,,,,
GAS8,-0.48077890874502216,-0.13185695956150498,-0.3063179341532636,,,,,,,,,
RFLNB,,,,,,,,,,,,
VPS53,-0.7536443851303359,-0.1513326996366248,-0.45248854238348035,,,,,,,,,
TLCD3A,,,,,,,,,,,,
GEMIN4,,,,,,,,,,,,
GLOD4,,,,,,,,,,,,
MRM3,,,,,,,,,,,,
NXN,-0.7042565816373839,-0.2458229071558331,-0.4750397443966085,-0.9918354148975909,-0.49263474592131085,-0.7422350804094509,-0.8853513594650625,-0.2908517839139964,-0.5881015716895295,,,
TIMM22,0.11391539556035718,0.42467522118355994,0.2692953083719586,,,,,,,,,
ABR,,,,,,,,,,,,
YWHAE,,,,,,,-0.9948558680824867,-0.7347903146792812,-0.864823091380884,-0.9901924588276748,-0.35643863210144716,-0.673315545464561
CRK,,,,,,,,,,,,
MYO1C,,,,,,,,,,,,
INPP5K,,,,,,,,,,,,
PITPNA,,,,,,,,,,,,
PRPF8,,,,,,,,,,,,
TLCD2,,,,,,,,,,,,
WDR81,,,,,,,,,,,,
SERPINF1,,,,,,,,,,,,
SMYD4,-0.5736690136935803,-0.11781398948510986,-0.3457415015893451,,,,,,,,,
RPA1,,,,,,,,,,,,
DPH1,,,,,,,,,,,,
SMG6,-0.6201643650394272,-0.20909925623847475,-0.41463181063895094,,,,-0.8873056016785977,-0.16051131695087345,-0.5239084593147356,,,
SRR,,,,,,,,,,,,
TSR1,,,,,,,,,,,,
SGSM2,-0.22902922479612975,0.002418381819534261,-0.11330542148829774,-0.9896219544761636,-0.5079140438470063,-0.748767999161585,,,,,,
MNT,,,,,,,,,,,,
METTL16,,,,-0.993648816685786,-0.46382027258025704,-0.7287345446330216,,,,,,
PAFAH1B1,,,,,,,,,,,,
CLUH,,,,,,,,,,,,
RAP1GAP2,-0.3956095394853983,-0.06647620963263837,-0.23104287455901834,-0.9883271540457682,-0.39317956209290994,-0.690753358069339,,,,,,
TRPV1,,,,,,,,,,,,
SHPK,,,,,,,,,,,,
CTNS,,,,,,,,,,,,
TAX1BP3,,,,,,,,,,,,
EMC6,,,,,,,,,,,,
ITGAE,,,,,,,,,,,,
NCBP3,,,,,,,,,,,,
CAMKK1,,,,,,,,,,,,
ZZEF1,,,,,,,,,,,,
CYB5D2,,,,,,,,,,,,
ANKFY1,,,,,,,,,,,,
UBE2G1,,,,,,,,,,,,
MYBBP1A,,,,,,,,,,,,
PELP1,,,,,,,,,,,,
ARRB2,,,,,,,,,,,,
MED11,,,,,,,,,,,,
PSMB6,,,,,,,,,,,,
MINK1,,,,,,,,,,,,
CHRNE,-0.24881894763618664,-0.04375783308744024,-0.14628839036181343,-0.989838905772316,-0.5748903241094933,-0.7823646149409047,,,,,,
SLC25A11,,,,,,,,,,,,
RNF167,,,,,,,,,,,,
PFN1,,,,,,,,,,,,
SPAG7,,,,,,,,,,,,
CAMTA2,,,,,,,,,,,,
KIF1C,,,,,,,,,,,,
ZNF232,,,,,,,,,,,,
ZNF594,,,,,,,,,,,,
RABEP1,,,,,,,,,,,,
NUP88,,,,-0.9912247192590057,-0.48414954302560426,-0.737687131142305,,,,,,
RPAIN,,,,,,,,,,,,
C1QBP,0.19660881010149953,0.45528955444296904,0.3259491822722343,,,,,,,,,
DHX33,,,,-0.9911160504825937,-0.4577776304104267,-0.7244468404465102,,,,,,
DERL2,,,,,,,,,,,,
MIS12,,,,,,,,,,,,
WSCD1,,,,,,,,,,,,
PIMREG,,,,,,,,,,,,
KIAA0753,,,,,,,,,,,,
TXNDC17,,,,,,,,,,,,
MED31,,,,,,,,,,,,
RNASEK,,,,,,,,,,,,
C17orf49,,,,,,,,,,,,
ACADVL,,,,,,,,,,,,
DVL2,,,,,,,,,,,,
PHF23,,,,,,,,,,,,
GABARAP,,,,,,,,,,,,
CTDNEP1,,,,,,,,,,,,
ELP5,,,,,,,,,,,,
EIF5A,,,,,,,,,,,,
GPS2,,,,,,,,,,,,
NEURL4,-0.4105387448698323,-0.09420717349234602,-0.25237295918108915,-0.9954080065593179,-0.541661296386157,-0.7685346514727375,,,,,,
TMEM256,,,,,,,,,,,,
NLGN2,,,,,,,,,,,,
ZBTB4,,,,,,,,,,,,
POLR2A,,,,,,,,,,,,
SENP3,-0.3147001999901333,-0.043341563584727794,-0.17902088178743056,-0.9916204010830314,-0.49615404565305127,-0.7438872233680414,,,,,,
EIF4A1,,,,,,,,,,,,
MPDU1,,,,,,,,,,,,
FXR2,,,,,,,,,,,,
SAT2,,,,,,,,,,,,
ATP1B2,-0.2899734508550017,-0.1066760721919342,-0.19832476152346795,-0.9940540256895951,-0.6126998702607528,-0.803376947975174,,,,,,
TP53,-0.9500138902436567,-0.40451170931002967,-0.6772627997768432,,,,-0.8620137483196709,-0.2580724150077771,-0.5600430816637241,-0.8641253146910779,-0.2859479286678764,-0.5750366216794771
WRAP53,,,,,,,,,,,,
KDM6B,,,,,,,,,,,,
NAA38,,,,,,,,,,,,
CYB5D1,,,,,,,,,,,,
CHD3,,,,,,,,,,,,
TRAPPC1,,,,,,,,,,,,
CNTROB,,,,,,,,,,,,
PER1,,,,,,,,,,,,
VAMP2,,,,,,,,,,,,
TMEM107,-0.9566911876872429,-0.5018531896938109,-0.7292721886905269,,,,-0.985591046800655,-0.376195477241096,-0.6808932620208755,-0.9488110598528273,-0.3306641288530908,-0.6397375943529591
BORCS6,,,,,,,,,,,,
AURKB,,,,,,,,,,,,
CTC1,-0.3857922972619021,-0.09587753599059368,-0.2408349166262479,,,,,,,-0.589155381115483,-0.10159849398060608,-0.34537693754804455
PFAS,,,,,,,,,,,,
RANGRF,,,,,,,,,,,,
RPL26,,,,,,,,,,,,
NDEL1,-0.48672670108140015,-0.20321381582053188,-0.344970258450966,-0.9955994037836525,-0.6875300641744811,-0.8415647339790668,,,,,,
MYH10,,,,,,,,,,,,
NTN1,-0.5307959509834169,-0.1400257772526084,-0.3354108641180127,-0.9950186851269047,-0.6819025412502232,-0.8384606131885639,-0.8456407119276487,-0.21240752496675336,-0.529024118447201,,,
STX8,,,,,,,,,,,,
SCO1,,,,,,,,,,,,
DNAH9,-0.5910059582831553,-0.30503598319674813,-0.44802097073995173,-0.9944013993950958,-0.6909768141381946,-0.8426891067666451,-0.6119671580343407,-0.23643091649117093,-0.42419903726275576,-0.6271159059339028,-0.26635612546378373,-0.44673601569884325
MAP2K4,,,,,,,,,,,,
ARHGAP44,-0.6147345272035992,-0.1981879023580002,-0.4064612147807997,-0.9948784770327596,-0.5704603792760343,-0.7826694281543969,-0.9352730411044184,-0.29416855007067416,-0.6147207955875463,,,
ELAC2,,,,,,,,,,,,
HS3ST3A1,-0.5596568293165322,-0.17538141183610031,-0.36751912057631625,-0.9876172493206844,-0.33753986780767936,-0.6625785585641819,-0.7120341648165026,-0.17816609511679865,-0.4451001299666506,,,
COX10,,,,-0.990830236995335,-0.5063003388443421,-0.7485652879198386,,,,,,
HS3ST3B1,,,,,,,,,,,,
PMP22,,,,-0.9915615681870583,-0.4444424467072538,-0.718002007447156,,,,,,
TVP23C,,,,,,,,,,,,
TRIM16,-0.4881770483310672,-0.1258507752900344,-0.3070139118105508,,,,,,,,,
ZNF286A,,,,,,,,,,,,
ADORA2B,,,,,,,,,,,,
ZSWIM7,,,,,,,,,,,,
TTC19,,,,,,,,,,,,
NCOR1,,,,,,,,,,,,
PIGL,,,,,,,-0.7474678814666023,-0.10585499287738986,-0.42666143717199606,,,
CENPV,,,,,,,,,,,,
UBB,,,,,,,,,,,,
LRRC75A,-0.951450764012298,-0.5379363817424183,-0.7446935728773582,,,,-0.9472574177649249,-0.37600556657022866,-0.6616314921675768,-0.8732935734007253,-0.22113541994519217,-0.5472144966729587
MPRIP,,,,,,,,,,,,
PLD6,,,,,,,,,,,,
FLCN,,,,,,,,,,,,
COPS3,,,,,,,,,,,,
NT5M,,,,-0.9830954606584882,-0.20921683474931174,-0.5961561477038999,,,,,,
MED9,,,,,,,,,,,,
PEMT,,,,,,,,,,,,
RAI1,,,,-0.9932891498794124,-0.5625701134305792,-0.7779296316549957,,,,,,
SREBF1,,,,,,,,,,,,
TOM1L2,-0.5596579254661818,-0.1485250952739257,-0.3540915103700537,-0.9946677257974115,-0.6922853990855791,-0.8434765624414953,,,,-0.6940491390387822,-0.09453715257868651,-0.39429314580873437
ATPAF2,,,,,,,,,,,,
GID4,,,,,,,,,,,,
DRG2,,,,,,,,,,,,
ALKBH5,,,,,,,,,,,,
LLGL1,,,,,,,,,,,,
FLII,,,,,,,,,,,,
TOP3A,,,,,,,,,,,,
SMCR8,,,,,,,,,,,,
SHMT1,,,,,,,,,,,,
TVP23B,,,,,,,,,,,,
PRPSAP2,,,,,,,,,,,,
EPN2,,,,,,,-0.9668942082292923,-0.2592328101117987,-0.6130635091705455,,,
B9D1,,,,,,,,,,,,
SLC47A1,,,,,,,,,,,,
ALDH3A2,,,,,,,,,,,,
ULK2,,,,,,,,,,,,
AKAP10,-0.6502265277067023,-0.10548885158720699,-0.37785768964695465,,,,,,,,,
SPECC1,-0.5660154908111202,-0.11008372686243299,-0.3380496088367766,,,,,,,,,
USP22,,,,,,,,,,,,
DHRS7B,,,,,,,,,,,,
TMEM11,,,,,,,,,,,,
MAP2K3,,,,,,,,,,,,
KCNJ12,,,,,,,,,,,,
WSB1,,,,,,,,,,,,
KSR1,-0.47568173900685984,-0.12491355045955778,-0.3002976447332088,-0.9914800225118278,-0.5311146873062189,-0.7612973549090234,-0.7464508499333629,-0.13177861785806272,-0.43911473389571276,,,
NLK,-0.48505167339118893,-0.13333452886645378,-0.30919310112882137,,,,-0.9539126217917482,-0.18199470769601292,-0.5679536647438805,,,
TMEM97,,,,,,,,,,,,
IFT20,,,,,,,,,,,,
TNFAIP1,,,,,,,,,,,,
POLDIP2,,,,,,,,,,,,
TMEM199,,,,,,,,,,,,
SARM1,,,,,,,,,,,,
SLC46A1,,,,,,,,,,,,
RSKR,-0.5859466762326843,-0.21505429987317706,-0.40050048805293065,-0.9953877369912212,-0.6140258838675886,-0.8047068104294048,-0.8748191003650677,-0.17493420635648604,-0.5248766533607769,,,
UNC119,,,,,,,,,,,,
PIGS,,,,,,,,,,,,
SPAG5,,,,-0.9759938441976271,-0.1548438505736758,-0.5654188473856515,,,,,,
BLTP2,,,,,,,,,,,,
SDF2,,,,,,,,,,,,
SUPT6H,,,,,,,,,,,,
RAB34,,,,,,,,,,,,
RPL23A,,,,,,,,,,,,
TLCD1,,,,,,,,,,,,
NEK8,-0.2869499047456685,-0.10075751892959411,-0.1938537118376313,-0.9926592899303855,-0.6412307833670193,-0.8169450366487024,-0.3995072796960155,-0.12369856066112475,-0.2616029201785701,,,
TRAF4,,,,,,,,,,,,
FAM222B,-0.618499475405128,-0.13393792869834023,-0.3762187020517341,,,,-0.8354591703904973,-0.20066652692246856,-0.5180628486564829,,,
ERAL1,,,,,,,,,,,,
FLOT2,,,,,,,,,,,,
DHRS13,,,,,,,,,,,,
PHF12,,,,,,,,,,,,
MYO18A,,,,,,,,,,,,
NUFIP2,,,,,,,,,,,,
TAOK1,,,,-0.9928334458545993,-0.4090380952209138,-0.7009357705377566,-0.7554736478472719,-0.15065944535447015,-0.45306654660087103,,,
TP53I13,,,,,,,,,,,,
GIT1,,,,,,,,,,,,
ANKRD13B,,,,,,,,,,,,
SSH2,-0.9007567519514601,-0.3721872925484974,-0.6364720222499788,,,,-0.9522244457622803,-0.31554124311133436,-0.6338828444368073,,,
NSRP1,,,,,,,,,,,,
BLMH,,,,,,,,,,,,
CPD,-0.49501418680639375,-0.1056389958880838,-0.30032659134723877,,,,,,,,,
GOSR1,,,,,,,,,,,,
CRLF3,-0.9109710727657874,-0.4193428688581067,-0.665156970811947,-0.9940400183314567,-0.6050739722256832,-0.7995569952785699,-0.9568258283995329,-0.37460791823869055,-0.6657168733191117,,,
ATAD5,,,,,,,,,,,,
TEFM,,,,,,,,,,,,
ADAP2,,,,,,,,,,,,
RNF135,,,,,,,,,,,,
NF1,-0.7729674036409624,-0.2840018969979133,-0.5284846503194378,-0.990014426352826,-0.589389116932283,-0.7897017716425545,-0.9097243738194204,-0.37559733391709177,-0.6426608538682561,,,
OMG,-0.7700321155289711,-0.30376835424908843,-0.5369002348890297,,,,-0.9538667624569117,-0.24550994256907305,-0.5996883525129924,-0.7539641292201887,-0.1398931306479533,-0.446928629934071
RAB11FIP4,,,,,,,,,,,,
COPRS,,,,,,,,,,,,
UTP6,,,,,,,,,,,,
SUZ12,,,,,,,,,,,,
LRRC37B,,,,,,,,,,,,
RHOT1,,,,,,,,,,,,
RHBDL3,,,,,,,,,,,,
C17orf75,,,,,,,,,,,,
ZNF207,,,,,,,,,,,,
PSMD11,,,,,,,,,,,,
MYO1D,-0.767287029042677,-0.37861234462118915,-0.572949686831933,-0.9964286139372183,-0.7504321815410993,-0.8734303977391588,-0.9537049499113348,-0.2811731931002853,-0.61743907150581,-0.8390571947491721,-0.20801234239062938,-0.5235347685699008
TMEM98,,,,,,,,,,,,
ZNF830,,,,,,,,,,,,
LIG3,,,,,,,,,,,,
RFFL,-0.7156952953331571,-0.20525963837672512,-0.4604774668549411,,,,-0.8849368932047698,-0.2131321945454754,-0.5490345438751226,,,
RAD51D,-0.4352356316695111,-0.06638348319113853,-0.25080955743032485,,,,,,,,,
NLE1,,,,,,,,,,,,
AP2B1,,,,,,,,,,,,
RASL10B,,,,,,,,,,,,
TAF15,,,,,,,,,,,,
RDM1,,,,,,,,,,,,
ZNHIT3,,,,,,,,,,,,
MYO19,-0.6205614091855253,-0.19171457259442673,-0.406137990889976,-0.9953932115465071,-0.6842958530839549,-0.839844532315231,,,,,,
PIGW,,,,,,,,,,,,
GGNBP2,,,,,,,,,,,,
DHRS11,,,,,,,,,,,,
MRM1,-0.9527114300401861,-0.35746973454694253,-0.6550905822935643,-0.9922280689795626,-0.44998520599803377,-0.7211066374887982,-0.9667104441282348,-0.3846654810857881,-0.6756879626070115,,,
LHX1,,,,,,,,,,,,
AATF,,,,,,,,,,,,
ACACA,,,,,,,-0.8223728569837375,-0.22048263690751618,-0.5214277469456269,,,
TADA2A,,,,,,,-0.7223720620209786,-0.16230589782099955,-0.4423389799209891,,,
DUSP14,,,,,,,,,,,,
SYNRG,,,,,,,,,,,,
DDX52,,,,,,,,,,,,
MRPL45,,,,,,,,,,,,
SOCS7,,,,,,,,,,,,
MLLT6,,,,,,,,,,,,
CISD3,,,,,,,,,,,,
PCGF2,,,,,,,,,,,,
PSMB3,,,,,,,,,,,,
PIP4K2B,,,,,,,,,,,,
CWC25,,,,,,,,,,,,
RPL23,,,,,,,-0.987178453566497,-0.3897981926457258,-0.6884883231061114,,,
LASP1,,,,,,,,,,,,
RPL19,,,,,,,,,,,,
FBXL20,-0.3334896031871812,-0.10495159405762676,-0.21922059862240398,,,,,,,,,
MED1,,,,,,,,,,,,
CDK12,,,,,,,,,,,,
STARD3,,,,,,,,,,,,
ERBB2,,,,,,,,,,,,
MIEN1,,,,,,,,,,,,
IKZF3,,,,,,,,,,,,
ORMDL3,,,,,,,,,,,,
PSMD3,,,,,,,,,,,,
MED24,,,,,,,,,,,,
THRA,,,,,,,,,,,,
MSL1,,,,,,,,,,,,
CASC3,,,,,,,,,,,,
WIPF2,-0.6253417773099329,-0.15524696987613118,-0.39029437359303204,-0.993210656064505,-0.5734426168394354,-0.7833266364519702,-0.8238357781823349,-0.15411004505486045,-0.4889729116185977,,,
CDC6,-0.651277161831999,-0.181328656552248,-0.41630290919212354,,,,,,,,,
RARA,,,,,,,,,,,,
TOP2A,,,,,,,,,,,,
SMARCE1,,,,,,,,,,,,
KRT10,,,,,,,,,,,,
EIF1,,,,,,,,,,,,
JUP,,,,,,,,,,,,
P3H4,,,,,,,,,,,,
FKBP10,,,,,,,,,,,,
NT5C3B,,,,,,,,,,,,
KLHL11,,,,,,,,,,,,
ACLY,,,,,,,,,,,,
CNP,-0.8966501694151116,-0.25865854478299394,-0.5776543570990528,,,,,,,,,
DNAJC7,,,,,,,,,,,,
NKIRAS2,,,,,,,,,,,,
KAT2A,,,,,,,,,,,,
RAB5C,,,,,,,,,,,,
STAT5B,,,,,,,,,,,,
STAT3,,,,,,,,,,,,
ATP6V0A1,,,,,,,,,,,,
NAGLU,,,,,,,,,,,,
COASY,,,,,,,,,,,,
MLX,,,,,,,,,,,,
PSMC3IP,-0.5821002116540374,-0.17862316598015832,-0.38036168881709786,,,,,,,,,
RETREG3,-0.6058632244966444,-0.17822119973392217,-0.3920422121152833,,,,-0.7712466837998389,-0.11763104990763519,-0.444438866853737,,,
TUBG1,,,,,,,,,,,,
PLEKHH3,,,,,,,,,,,,
EZH1,,,,,,,,,,,,
RAMP2,,,,,,,,,,,,
VPS25,0.11506227347039788,0.49529318993017496,0.3051777317002864,,,,,,,,,
COA3,,,,,,,,,,,,
BECN1,,,,,,,,,,,,
PSME3,,,,,,,,,,,,
AARSD1,,,,,,,,,,,,
RUNDC1,,,,,,,,,,,,
RPL27,,,,,,,,,,,,
VAT1,,,,,,,,,,,,
RND2,,,,,,,,,,,,
BRCA1,-0.8557419146985036,-0.44454208376621474,-0.6501419992323592,,,,-0.8663992442359375,-0.11383152674268751,-0.4901153854893125,,,
NBR1,,,,,,,,,,,,
CCDC200,,,,,,,,,,,,
ARL4D,,,,,,,,,,,,
DHX8,,,,,,,,,,,,
DUSP3,,,,,,,,,,,,
MPP3,,,,,,,,,,,,
MPP2,,,,,,,,,,,,
TMEM101,,,,,,,,,,,,
LSM12,,,,,,,,,,,,
G6PC3,,,,,,,,,,,,
HDAC5,,,,,,,,,,,,
HROB,,,,,,,,,,,,
TMUB2,,,,,,,,,,,,
ATXN7L3,,,,,,,,,,,,
UBTF,,,,,,,,,,,,
SLC25A39,,,,,,,,,,,,
GRN,,,,,,,,,,,,
GPATCH8,,,,-0.9909647296025855,-0.45303647606545017,-0.7220006028340178,-0.7359247095531563,-0.2286417309427741,-0.48228322024796516,,,
MEIOC,-0.6108802935765338,-0.11109765699070884,-0.36098897528362134,-0.9898132477542028,-0.37510540712107554,-0.6824593274376392,,,,,,
CCDC43,,,,,,,,,,,,
DBF4B,,,,,,,,,,,,
ADAM11,-0.24787654609939885,-0.06466153461572922,-0.15626904035756403,-0.9836523257710053,-0.36131717989641393,-0.6724847528337096,,,,,,
GJC1,,,,,,,,,,,,
EFTUD2,,,,,,,,,,,,
KIF18B,-0.6593328089760003,-0.15769350824419506,-0.4085131586100977,,,,-0.9504192836068889,-0.3367704967947277,-0.6435948902008083,-0.6932539711486375,-0.20889197156319111,-0.4510729713559143
NMT1,,,,,,,,,,,,
DCAKD,-0.54321151873817,-0.10982874422931237,-0.32652013148374115,,,,,,,,,
PLCD3,,,,,,,,,,,,
HEXIM1,-0.38145567936973596,-0.022406290631474788,-0.20193098500060538,,,,,,,,,
MAP3K14,,,,,,,,,,,,
PLEKHM1,,,,,,,,,,,,
MAPT,,,,,,,,,,,,
KANSL1,-0.6600481120540589,-0.25437005339298274,-0.4572090827235208,,,,-0.9233488890608866,-0.3303445926482482,-0.6268467408545675,,,
ARL17B,-0.4260162838434868,-0.16692452013753403,-0.2964704019905104,-0.9897562489681572,-0.5219407106967454,-0.7558484798324513,,,,,,
ARL17A,-0.6415934693113077,-0.20781257197697664,-0.42470302064414217,,,,,,,,,
LRRC37A2,-0.5205879685359487,-0.17192991503716398,-0.34625894178655636,,,,,,,,,
NSF,,,,,,,,,,,,
GOSR2,,,,,,,,,,,,
RPRML,,,,,,,,,,,,
CDC27,,,,,,,,,,,,
NPEPPS,,,,,,,,,,,,
KPNB1,,,,,,,,,,,,
TBKBP1,,,,,,,,,,,,
MRPL10,,,,,,,,,,,,
SCRN2,,,,,,,,,,,,
SP2,,,,,,,,,,,,
PNPO,,,,,,,,,,,,
CDK5RAP3,,,,-0.9833545658571392,-0.3111075839966664,-0.6472310749269028,,,,,,
NFE2L1,,,,,,,,,,,,
CBX1,,,,,,,,,,,,
SNX11,,,,,,,,,,,,
HOXB2,,,,,,,,,,,,
HOXB3,-0.5530344346031829,-0.14604345759096246,-0.3495389460970727,,,,,,,,,
HOXB6,,,,,,,,,,,,
HOXB7,,,,,,,,,,,,
HOXB8,,,,,,,,,,,,
HOXB9,,,,,,,,,,,,
CALCOCO2,,,,,,,,,,,,
ATP5MC1,,,,,,,,,,,,
UBE2Z,,,,,,,,,,,,
SNF8,,,,,,,,,,,,
IGF2BP1,,,,,,,,,,,,
ZNF652,-0.7769329362800365,-0.210160742251389,-0.49354683926571274,,,,-0.9750232294098453,-0.30645351482895866,-0.640738372119402,,,
PHB1,0.19027794693573222,0.5406220410574448,0.3654499939965885,,,,,,,,,
SPOP,,,,,,,,,,,,
SLC35B1,,,,,,,,,,,,
FAM117A,,,,-0.989286120335285,-0.3683478753830538,-0.6788169978591694,,,,,,
KAT7,,,,,,,,,,,,
PDK2,,,,,,,,,,,,
PPP1R9B,,,,,,,,,,,,
XYLT2,-0.6329568594015275,-0.18632991648902356,-0.4096433879452755,,,,,,,,,
MRPL27,,,,,,,,,,,,
EME1,,,,,,,,,,,,
LRRC59,,,,,,,,,,,,
RSAD1,,,,,,,,,,,,
ANKRD40,,,,,,,,,,,,
LUC7L3,,,,,,,,,,,,
TOB1,,,,,,,,,,,,
SPAG9,,,,,,,,,,,,
NME1,,,,,,,,,,,,
NME2,,,,,,,,,,,,
MBTD1,,,,,,,,,,,,
UTP18,,,,,,,,,,,,
TOM1L1,,,,,,,,,,,,
COX11,,,,,,,,,,,,
STXBP4,,,,,,,,,,,,
MMD,,,,,,,,,,,,
PCTP,,,,,,,,,,,,
NOG,,,,,,,-0.4008661998170715,-0.0644886204855225,-0.232677410151297,,,
C17orf67,,,,,,,,,,,,
DGKE,,,,,,,,,,,,
TRIM25,,,,,,,,,,,,
COIL,,,,,,,,,,,,
SCPEP1,,,,,,,,,,,,
AKAP1,,,,,,,,,,,,
MSI2,,,,-0.9876766515263729,-0.416777224929503,-0.7022269382279379,,,,,,
MRPS23,0.2968251335203408,0.6412325318902902,0.4690288327053155,,,,,,,,,
CUEDC1,,,,,,,,,,,,
VEZF1,,,,,,,,,,,,
SRSF1,,,,,,,,,,,,
DYNLL2,,,,,,,,,,,,
MKS1,,,,,,,,,,,,
SUPT4H1,,,,,,,,,,,,
RNF43,,,,,,,,,,,,
MTMR4,,,,,,,,,,,,
TEX14,,,,,,,,,,,,
RAD51C,,,,,,,,,,,,
PPM1E,-0.5808213758919213,-0.1974736207159531,-0.3891474983039372,,,,,,,-0.6888163380396901,-0.22259835004564,-0.45570734404266505
TRIM37,,,,,,,,,,,,
SKA2,,,,,,,,,,,,
PRR11,,,,,,,,,,,,
SMG8,,,,,,,,,,,,
GDPD1,,,,,,,,,,,,
DHX40,,,,,,,,,,,,
CLTC,,,,,,,,,,,,
PTRH2,,,,,,,,,,,,
VMP1,,,,,,,,,,,,
TUBD1,,,,,,,,,,,,
RPS6KB1,,,,,,,,,,,,
RNFT1,,,,,,,,,,,,
HEATR6,,,,,,,,,,,,
USP32,,,,,,,-0.7861243601565645,-0.14435678868586468,-0.4652405744212146,,,
APPBP2,,,,,,,,,,,,
PPM1D,,,,,,,,,,,,
BCAS3,-0.8470276810576827,-0.36681884844757146,-0.606923264752627,-0.9865591219595856,-0.3800822363318771,-0.6833206791457314,-0.7752533337065987,-0.23572507374882576,-0.5054892037277122,-0.8664371793925436,-0.18127664701005505,-0.5238569132012993
TBX2,,,,,,,,,,,,
BRIP1,-0.7883324760477642,-0.4099866213790537,-0.5991595487134089,,,,-0.8206401670273182,-0.1611252952251663,-0.49088273112624226,-0.704296860778814,-0.16141244553930045,-0.43285465315905725
INTS2,,,,-0.9937170904279076,-0.6248673074176793,-0.8092921989227935,,,,,,
MED13,,,,,,,,,,,,
METTL2A,,,,,,,,,,,,
TLK2,,,,,,,,,,,,
MRC2,,,,,,,,,,,,
TANC2,-0.5448553422250098,-0.16512032414277605,-0.35498783318389293,,,,-0.7509214444173768,-0.25128360427584256,-0.5011025243466097,,,
DCAF7,,,,,,,,,,,,
TACO1,,,,,,,,,,,,
MAP3K3,,,,,,,,,,,,
STRADA,,,,,,,,,,,,
LIMD2,,,,,,,,,,,,
CCDC47,,,,,,,,,,,,
DDX42,,,,,,,,,,,,
FTSJ3,,,,,,,,,,,,
PSMC5,,,,,,,,,,,,
SMARCD2,,,,,,,,,,,,
ERN1,,,,,,,,,,,,
TEX2,,,,-0.9810025261624666,-0.34166682742372206,-0.6613346767930943,,,,,,
POLG2,,,,,,,,,,,,
DDX5,,,,,,,,,,,,
CEP95,,,,,,,,,,,,
SMURF2,-0.6325494300402635,-0.2284721652979404,-0.43051079766910194,,,,-0.8215476630516655,-0.17627856343777368,-0.4989131132447196,,,
LRRC37A3,,,,,,,,,,,,
GNA13,,,,,,,,,,,,
RGS9,,,,,,,,,,,,
CEP112,-0.4404068808611606,-0.170643253273375,-0.3055250670672678,-0.9905642138255273,-0.4851476974744636,-0.7378559556499955,-0.7366203453787412,-0.15279640910807762,-0.4447083772434094,,,
PRKCA,-0.8628994437318888,-0.33000982116969063,-0.5964546324507897,,,,-0.8817421191125561,-0.25289270048011403,-0.567317409796335,,,
HELZ,,,,,,,,,,,,
PSMD12,,,,,,,,,,,,
PITPNC1,-0.4444634903882323,-0.1592802463491283,-0.3018718683686803,-0.9912517034563268,-0.41460970544901526,-0.702930704452671,-0.7594298759853623,-0.14411263715027897,-0.45177125656782063,,,
NOL11,,,,,,,,,,,,
BPTF,,,,-0.9925302384674586,-0.4418332730416628,-0.7171817557545607,,,,,,
C17orf58,,,,,,,,,,,,
KPNA2,0.23046397258279594,0.4385029369739385,0.3344834547783672,,,,,,,,,
AMZ2,,,,,,,,,,,,
ARSG,,,,,,,,,,,,
PRKAR1A,,,,,,,,,,,,
ABCA5,,,,,,,,,,,,
MAP2K6,-0.4452588447012677,-0.15780048273504507,-0.30152966371815637,,,,,,,-0.6220940187221027,-0.08219943423099935,-0.352146726476551
SLC39A11,-0.7004127481471983,-0.23351759553764892,-0.46696517184242364,-0.9839514497216106,-0.3102823146421217,-0.6471168821818661,-0.8858778926407788,-0.21522984015914756,-0.5505538663999632,,,
SSTR2,-0.6226804340797785,-0.26545941840340853,-0.44406992624159347,-0.9899274807678536,-0.703061357538499,-0.8464944191531762,-0.6599111761566216,-0.260137844528146,-0.4600245103423838,-0.5326317657714482,-0.27329791000476716,-0.40296483788810766
COG1,,,,,,,,,,,,
FAM104A,,,,,,,,,,,,
C17orf80,,,,,,,,,,,,
CDC42EP4,,,,,,,,,,,,
SDK2,,,,,,,,,,,,
RPL38,,,,,,,,,,,,
NHERF1,,,,,,,,,,,,
NAT9,,,,,,,,,,,,
TMEM104,,,,,,,,,,,,
CDR2L,,,,,,,,,,,,
MRPL58,,,,,,,,,,,,
KCTD2,,,,,,,,,,,,
ATP5PD,,,,,,,,,,,,
ARMC7,,,,,,,,,,,,
NT5C,,,,,,,,,,,,
JPT1,0.3157817597855258,0.5884529038351662,0.452117331810346,,,,,,,,,
SUMO2,,,,,,,,,,,,
NUP85,-0.8911873208534475,-0.20293397588155027,-0.5470606483674989,,,,,,,,,
GGA3,,,,,,,,,,,,
MRPS7,0.22066452769765704,0.5851168923714949,0.402890710034576,,,,,,,,,
MIF4GD,,,,-0.9956769135028554,-0.34216129312701044,-0.6689191033149329,,,,,,
SLC25A19,,,,-0.9731853270949915,-0.23860489153296477,-0.6058951093139782,,,,,,
GRB2,,,,,,,,,,,,
TMEM94,-0.5273516590980866,-0.16026852453070337,-0.343810091814395,-0.9871484394992108,-0.510217904984417,-0.7486831722418139,,,,-0.7342507590851826,-0.21386279239640643,-0.4740567757407945
TSEN54,,,,,,,,,,,,
LLGL2,-0.37380289136399997,-0.03076356158415501,-0.20228322647407748,-0.9799218313872882,-0.2050340591340993,-0.5924779452606938,,,,,,
RECQL5,,,,,,,,,,,,
SAP30BP,,,,,,,,,,,,
GALK1,,,,,,,,,,,,
UNK,,,,,,,,,,,,
WBP2,,,,,,,,,,,,
TRIM65,,,,,,,,,,,,
MRPL38,0.2036231252075399,0.49815818886409713,0.3508906570358185,,,,,,,,,
FBF1,,,,,,,,,,,,
ACOX1,-0.7134118536112776,-0.23590724904085328,-0.4746595513260654,,,,-0.9589142342373108,-0.26485923908634584,-0.6118867366618284,,,
TEN1,,,,,,,,,,,,
SRP68,,,,,,,,,,,,
EXOC7,,,,,,,,,,,,
RNF157,,,,,,,,,,,,
UBALD2,,,,,,,,,,,,
QRICH2,,,,,,,,,,,,
PRPSAP1,,,,-0.9956924921891397,-0.7115003133493898,-0.8535964027692647,,,,,,
SPHK1,,,,,,,,,,,,
UBE2O,,,,,,,,,,,,
RHBDF2,,,,,,,,,,,,
ENSG00000284526,-0.8896763860404666,-0.3697578669086356,-0.6297171264745511,,,,-0.8551545974574815,-0.30183428367943316,-0.5784944405684573,-0.8254174795093331,-0.27065759586106797,-0.5480375376852005
MXRA7,,,,,,,,,,,,
JMJD6,,,,,,,,,,,,
METTL23,,,,,,,,,,,,
SRSF2,,,,,,,,,,,,
MFSD11,-0.5558096551499413,-0.1850147503993883,-0.3704122027746648,,,,-0.8056084284184354,-0.17767862910175894,-0.49164352876009715,,,
SEC14L1,,,,,,,,,,,,
SEPTIN9,-0.7046924241637703,-0.16735066571202767,-0.436021544937899,,,,,,,,,
TNRC6C,,,,,,,,,,,,
SYNGR2,,,,,,,,,,,,
TK1,-0.7910678102719475,-0.2779818516501431,-0.5345248309610453,,,,,,,,,
AFMID,,,,,,,,,,,,
BIRC5,0.21243105492956585,0.4900300836652038,0.35123056929738483,,,,,,,,,
PGS1,,,,,,,,,,,,
CYTH1,-0.4811168951738757,-0.0785406045894552,-0.27982874988166545,-0.9915047259709808,-0.42575022866739803,-0.7086274773191894,-0.763023577464761,-0.20000633486064234,-0.4815149561627017,,,
USP36,,,,,,,,,,,,
TIMP2,,,,,,,,,,,,
CANT1,,,,,,,,,,,,
ENGASE,,,,,,,,,,,,
CBX2,,,,,,,,,,,,
CBX8,,,,,,,,,,,,
CBX4,,,,,,,,,,,,
TBC1D16,,,,,,,,,,,,
GAA,,,,,,,,,,,,
EIF4A3,,,,,,,,,,,,
SLC26A11,,,,,,,,,,,,
RNF213,,,,,,,,,,,,
ENDOV,,,,,,,,,,,,
NPTX1,,,,,,,,,,,,
RPTOR,,,,-0.9918009509391026,-0.6374290853402412,-0.8146150181396719,,,,,,
CHMP6,,,,,,,,,,,,
BAIAP2,,,,,,,,,,,,
CEP131,,,,,,,,,,,,
NDUFAF8,,,,,,,,,,,,
SLC38A10,,,,,,,,,,,,
BAHCC1,,,,,,,,,,,,
ACTG1,,,,,,,,,,,,
FAAP100,,,,,,,,,,,,
NPLOC4,,,,,,,,,,,,
OXLD1,,,,,,,,,,,,
CCDC137,,,,,,,,,,,,
ARL16,,,,,,,,,,,,
HGS,,,,,,,,,,,,
MRPL12,0.23367808390206943,0.46461818809297634,0.34914813599752287,,,,,,,,,
SLC25A10,,,,,,,,,,,,
MCRIP1,,,,,,,,,,,,
P4HB,,,,,,,,,,,,
ARHGDIA,,,,,,,,,,,,
ALYREF,,,,,,,,,,,,
ANAPC11,,,,,,,,,,,,
PCYT2,,,,,,,,,,,,
MAFG,,,,,,,,,,,,
PYCR1,,,,,,,,,,,,
ASPSCR1,,,,,,,,,,,,
CENPX,,,,,,,,,,,,
LRRC45,,,,,,,,,,,,
RAC3,0.10896507775479408,0.3711146844429996,0.24003988109889685,,,,,,,,,
DCXR,,,,,,,,,,,,
RFNG,,,,,,,,,,,,
GPS1,,,,,,,,,,,,
DUS1L,,,,,,,,,,,,
FASN,,,,,,,,,,,,
CCDC57,-0.6266088655029591,-0.19177219659654302,-0.40919053104975106,,,,,,,,,
SLC16A3,-0.4919121470502641,-0.10496419580110163,-0.29843817142568285,,,,,,,,,
CSNK1D,,,,,,,,,,,,
OGFOD3,,,,,,,,,,,,
HEXD,,,,,,,,,,,,
CYBC1,,,,,,,,,,,,
NARF,,,,,,,,,,,,
FOXK2,,,,,,,-0.9398227670710775,-0.14728622448288273,-0.5435544957769801,,,
WDR45B,,,,,,,,,,,,
RAB40B,,,,,,,,,,,,
FN3KRP,,,,,,,,,,,,
TBCD,-0.7120828005217832,-0.16667479147675518,-0.4393787959992692,,,,,,,,,
B3GNTL1,,,,,,,,,,,,
METRNL,,,,,,,,,,,,
USP14,,,,,,,,,,,,
THOC1,,,,,,,,,,,,
COLEC12,,,,,,,,,,,,
TYMS,,,,,,,,,,,,
ENOSF1,,,,,,,,,,,,
YES1,,,,,,,,,,,,
METTL4,,,,,,,,,,,,
NDC80,,,,,,,,,,,,
SMCHD1,,,,,,,,,,,,
EMILIN2,,,,-0.9762929224820618,-0.2933370880280577,-0.6348150052550597,,,,,,
LPIN2,-0.446405183154509,-0.1726470023802326,-0.3095260927673708,-0.9926629004951076,-0.6010098515866598,-0.7968363760408836,,,,,,
MYL12A,,,,,,,,,,,,
MYL12B,,,,,,,,,,,,
TGIF1,,,,-0.9869583637162825,-0.38724528800450025,-0.6871018258603914,,,,,,
DLGAP1,,,,-0.9856228009494094,-0.42967264188588267,-0.707647721417646,,,,,,
ZBTB14,,,,,,,,,,,,
EPB41L3,-0.7232639064581484,-0.2527247125815937,-0.48799430951987105,-0.9953003433337706,-0.6342039931539143,-0.8147521682438424,-0.7531936033134795,-0.16238255754919467,-0.4577880804313371,-0.7429254820938679,-0.14295512984045125,-0.44294030596715955
L3MBTL4,-0.4029617058205094,-0.1323713256531179,-0.26766651573681366,,,,-0.7891987018295681,-0.17747549005590518,-0.48333709594273666,,,
LAMA1,-0.4131745818502169,-0.08252605448611353,-0.24785031816816522,,,,,,,,,
PTPRM,-0.5736388428352638,-0.22581931271980205,-0.3997290777775329,-0.9916357980537238,-0.5026115109585784,-0.747123654506151,-0.8664512588278703,-0.3140981146243365,-0.5902746867261034,,,
RAB12,,,,,,,-0.8212615250888343,-0.1593945195470514,-0.49032802231794287,,,
MTCL1,,,,,,,,,,,,
NDUFV2,,,,,,,,,,,,
ANKRD12,,,,,,,-0.8566114614643627,-0.13396964377241014,-0.49529055261838645,,,
TWSG1,,,,,,,,,,,,
RALBP1,,,,,,,,,,,,
PPP4R1,,,,,,,,,,,,
RAB31,,,,,,,,,,,,
VAPA,,,,,,,,,,,,
NAPG,,,,,,,,,,,,
GNAL,,,,,,,,,,,,
CHMP1B,,,,,,,,,,,,
MPPE1,,,,,,,,,,,,
IMPA2,,,,,,,,,,,,
TUBB6,,,,,,,,,,,,
AFG3L2,,,,,,,,,,,,
PRELID3A,,,,,,,,,,,,
SPIRE1,,,,-0.9957646408552282,-0.7762572696757131,-0.8860109552654707,,,,,,
PSMG2,,,,,,,,,,,,
CEP76,,,,,,,,,,,,
PTPN2,,,,,,,,,,,,
SEH1L,,,,,,,,,,,,
CEP192,,,,,,,,,,,,
LDLRAD4,-0.5339499538990272,-0.22404993577904225,-0.37899994483903476,-0.9940951679148938,-0.36034918193383064,-0.6772221749243622,-0.6985115278652325,-0.20401583604946671,-0.4512636819573496,,,
FAM210A,,,,,,,,,,,,
RNMT,,,,,,,,,,,,
ZNF519,-0.48887788408407845,-0.15377508574275595,-0.3213264849134172,,,,,,,,,
ROCK1,,,,,,,,,,,,
GREB1L,-0.6052962845914452,-0.20518244773648614,-0.4052393661639657,,,,-0.6393283018408222,-0.1871407354258597,-0.413234518633341,,,
ESCO1,,,,,,,,,,,,
SNRPD1,,,,,,,,,,,,
ABHD3,-0.5095577459757696,-0.08268422816656698,-0.2961209870711683,,,,,,,,,
MIB1,-0.8095739609190286,-0.4516964920069535,-0.6306352264629911,-0.9937784679936392,-0.5964345168337041,-0.7951064924136717,-0.930649091894693,-0.24042576169385393,-0.5855374267942735,-0.8204195209256364,-0.2767210055687819,-0.5485702632472091
GATA6,,,,,,,,,,,,
RBBP8,-0.6372224184557096,-0.15720712978362544,-0.39721477411966755,,,,-0.8561575480951411,-0.0718585939581369,-0.464008071026639,,,
CABLES1,,,,,,,,,,,,
TMEM241,-0.5516048308060856,-0.13524301862763444,-0.34342392471686,,,,,,,,,
RIOK3,,,,,,,,,,,,
RMC1,-0.48326860824856316,-0.1236034847589391,-0.3034360465037511,-0.9875848173613738,-0.5621750533602273,-0.7748799353608006,,,,,,
NPC1,-0.5886064330157076,-0.1195788037944315,-0.35409261840506956,-0.9910279766170059,-0.384170019209396,-0.6875989979132009,,,,,,
ANKRD29,,,,,,,,,,,,
LAMA3,-0.518751075154664,-0.17704908977791048,-0.34790008246628723,,,,,,,,,
TTC39C,,,,,,,,,,,,
CABYR,,,,,,,,,,,,
OSBPL1A,,,,,,,,,,,,
IMPACT,,,,,,,,,,,,
ZNF521,-0.662556302669886,-0.40364442083571744,-0.5331003617528017,-0.9939904538554566,-0.6478105033943482,-0.8209004786249023,-0.8788508382380007,-0.2645959352424431,-0.5717233867402219,-0.8161749235991683,-0.2953403897169722,-0.5557576566580702
SS18,-0.6472804580782768,-0.1282907041970902,-0.3877855811376835,,,,-0.9044126978152383,-0.2236053869948971,-0.5640090424050677,,,
TAF4B,-0.44517439812049947,-0.1597826641002287,-0.3024785311103641,,,,,,,,,
KCTD1,,,,,,,,,,,,
CHST9,-0.4016857856202764,-0.104617201370952,-0.2531514934956142,,,,-0.6752019957747759,-0.13164360846815165,-0.40342280212146375,,,
CDH2,-0.7412184122544321,-0.2234559925148733,-0.4823372023846527,,,,,,,,,
DSC3,,,,,,,,,,,,
DSC2,-0.4560206566571884,-0.07856373022195055,-0.26729219343956945,,,,,,,,,
DSG2,,,,,,,,,,,,
B4GALT6,-0.5020725082065597,-0.11973281014022588,-0.31090265917339277,-0.9919430760349874,-0.5110700268850263,-0.7515065514600069,,,,,,
TRAPPC8,-0.6278930258955684,-0.13056002182457432,-0.3792265238600714,,,,,,,,,
RNF125,,,,-0.9833219350290062,-0.27836032332544103,-0.6308411291772236,,,,,,
RNF138,,,,,,,,,,,,
GAREM1,-0.5536367501030405,-0.2456067959326897,-0.39962177301786506,-0.9838841331788873,-0.45969880343990416,-0.7217914683093958,-0.8396461128948467,-0.2318703681846472,-0.535758240539747,,,
ASXL3,-0.43127666218555183,-0.09719502890746706,-0.2642358455465095,,,,,,,,,
NOL4,-0.317484405914637,-0.12358942493937107,-0.22053691542700404,-0.9737001194908493,-0.16608336150668943,-0.5698917404987693,,,,,,
DTNA,-0.6925667222809839,-0.2915838694979039,-0.4920752958894439,-0.9877731466957036,-0.4532460375368876,-0.7205095921162956,-0.6703088223781474,-0.14661642165316333,-0.40846262201565536,,,
MAPRE2,,,,,,,,,,,,
ZNF397,-0.7225187880429337,-0.22278415930076256,-0.4726514736718481,,,,,,,,,
ZSCAN30,-0.47518266891169864,-0.13492338154855457,-0.3050530252301266,-0.9904754254645964,-0.42518455181444953,-0.707829988639523,,,,,,
ZNF24,,,,,,,,,,,,
INO80C,,,,,,,,,,,,
GALNT1,,,,,,,,,,,,
C18orf21,,,,,,,,,,,,
RPRD1A,,,,,,,,,,,,
SLC39A6,,,,,,,,,,,,
ELP2,,,,,,,,,,,,
MOCOS,-0.5198235738978688,-0.11668267335142511,-0.31825312362464697,,,,,,,,,
FHOD3,-0.5308140926453153,-0.1771116870292239,-0.3539628898372696,,,,-0.685681062506901,-0.13277494945991358,-0.40922800598340725,,,
TPGS2,,,,,,,,,,,,
KIAA1328,-0.4775486423171495,-0.17997392078866478,-0.3287612815529071,-0.9888641610861826,-0.3570300546766979,-0.6729471078814402,-0.6727104084399339,-0.25182798026973635,-0.46226919435483516,,,
CELF4,,,,,,,,,,,,
PIK3C3,-0.5637412706560014,-0.12275177269338637,-0.3432465216746939,,,,,,,,,
SETBP1,-0.565822481515003,-0.23685521264187157,-0.4013388470784373,-0.9952453336852526,-0.5411370469963519,-0.7681911903408023,-0.7086957275316254,-0.19877293700340795,-0.45373433226751664,,,
EPG5,-0.5218821528164077,-0.1530344014615488,-0.33745827713897825,,,,,,,,,
PSTPIP2,,,,,,,,,,,,
ATP5F1A,,,,,,,,,,,,
HAUS1,,,,,,,,,,,,
C18orf25,-0.5057304463753747,-0.10211440078880837,-0.30392242358209154,,,,,,,,,
PIAS2,-0.6089865262589924,-0.19472054421023857,-0.4018535352346155,-0.9947953393035065,-0.6319256947291861,-0.8133605170163463,-0.901388823730186,-0.18952940515624417,-0.545459114443215,,,
HDHD2,,,,,,,,,,,,
IER3IP1,,,,,,,,,,,,
SMAD2,,,,,,,,,,,,
ZBTB7C,-0.4187824743992225,-0.09220526085194572,-0.2554938676255841,,,,-0.6414501382509161,-0.045803019660741545,-0.3436265789558288,,,
CTIF,,,,,,,,,,,,
SMAD7,-0.3441401821555941,-0.1736657415337624,-0.25890296184467826,-0.9709262249614388,-0.4932476110860718,-0.7320869180237553,,,,-0.3148259493371577,-0.13962272732311254,-0.2272243383301351
DYM,-0.587615962749389,-0.1889571792870574,-0.38828657101822317,-0.9885380595957458,-0.41549498213035835,-0.7020165208630521,-0.7861185732804312,-0.22351885734263038,-0.5048187153115308,,,
C18orf32,,,,,,,,,,,,
RPL17,,,,,,,,,,,,
ACAA2,,,,,,,,,,,,
MBD1,,,,,,,,,,,,
CXXC1,,,,,,,,,,,,
SKA1,,,,,,,,,,,,
ME2,,,,,,,,,,,,
ELAC1,,,,,,,,,,,,
SMAD4,,,,,,,,,,,,
MEX3C,-0.6190033190900803,-0.08350844948720974,-0.351255884288645,-0.9700880546245476,-0.23103765981032937,-0.6005628572174385,,,,,,
MBD2,,,,,,,,,,,,
C18orf54,,,,,,,,,,,,
RAB27B,-0.32267103464947067,-0.18173211385033902,-0.25220157424990486,-0.9879505168278196,-0.49833232649745807,-0.7431414216626389,-0.5063875878876701,-0.16052145114583447,-0.3334545195167523,-0.6039708359795656,-0.196685504777822,-0.4003281703786938
TCF4,-0.5120022776093036,-0.11609926646767073,-0.3140507720384872,,,,,,,,,
TXNL1,,,,,,,,,,,,
WDR7,-0.5945997350450044,-0.23996933788071426,-0.41728453646285935,,,,-0.9260955410821757,-0.2634029024846815,-0.5947492217834286,,,
ONECUT2,,,,,,,,,,,,
FECH,,,,,,,,,,,,
NARS1,,,,,,,,,,,,
ATP8B1,-0.4748738376642237,-0.1831172227409918,-0.32899553020260774,-0.9905692133890687,-0.27701360201280756,-0.6337914077009381,,,,,,
NEDD4L,-0.6320962011489694,-0.2660099261468339,-0.44905306364790165,-0.9873382230632294,-0.41780528030466085,-0.7025717516839451,-0.7357537491732735,-0.15933540897350434,-0.44754457907338896,-0.7321982429873305,-0.14592298417318433,-0.4390606135802574
MALT1,,,,-0.9871063134618916,-0.3750117575581757,-0.6810590355100337,,,,,,
ZNF532,,,,,,,,,,,,
SEC11C,,,,,,,,,,,,
LMAN1,,,,,,,,,,,,
PMAIP1,,,,,,,-0.5770816245779657,-0.11290406364748475,-0.34499284411272524,,,
RNF152,,,,,,,,,,,,
PIGN,,,,,,,,,,,,
RELCH,,,,,,,,,,,,
TNFRSF11A,-0.4365165321992892,-0.08863699628767815,-0.2625767642434837,,,,,,,,,
ZCCHC2,,,,,,,,,,,,
PHLPP1,-0.6173432435154622,-0.2133270585019175,-0.41533515100868984,,,,,,,-0.6749746893148802,-0.14653385447648004,-0.41075427189568015
BCL2,-0.49184684105898335,-0.2037492097771334,-0.3477980254180584,,,,-0.5778189878501925,-0.18844752181116103,-0.38313325483067673,,,
KDSR,,,,,,,,,,,,
VPS4B,,,,,,,,,,,,
CDH7,-0.2971276207476341,-0.056198116537305054,-0.17666286864246958,-0.9878740456777251,-0.5686051453300359,-0.7782395955038806,,,,,,
TMX3,,,,,,,,,,,,
DOK6,-0.5085439954772683,-0.2317099825503063,-0.37012698901378727,-0.9905472555731556,-0.6125315027823854,-0.8015393791777705,,,,,,
RTTN,-0.6229662455542045,-0.20394920472875785,-0.4134577251414812,,,,-0.8583270827449538,-0.209230258505282,-0.533778670625118,,,
SOCS6,,,,,,,,,,,,
TIMM21,,,,,,,,,,,,
CYB5A,,,,,,,,,,,,
CNDP2,,,,,,,,,,,,
ZNF407,-0.3720166385488876,-0.08814279610989394,-0.23007971732939078,-0.9948821874934616,-0.6747817920489971,-0.8348319897712293,,,,,,
PTGR3,,,,,,,,,,,,
TSHZ1,,,,,,,,,,,,
ZNF516,,,,,,,,,,,,
ZNF236,-0.4873172832411072,-0.14111115885193437,-0.31421422104652075,,,,,,,,,
ATP9B,-0.5180535964839432,-0.16768419540390483,-0.342868895943924,,,,-0.6887094625791506,-0.133845756749439,-0.4112776096642948,,,
CTDP1,,,,,,,,,,,,
SLC66A2,,,,,,,,,,,,
HSBP1L1,,,,,,,,,,,,
TXNL4A,,,,,,,,,,,,
RBFA,,,,,,,,,,,,
ADNP2,,,,,,,,,,,,
PARD6G,,,,,,,,,,,,
MIER2,,,,,,,,,,,,
TPGS1,,,,,,,,,,,,
CDC34,,,,,,,,,,,,
BSG,,,,,,,,,,,,
POLRMT,,,,,,,,,,,,
RNF126,0.10863863874801673,0.49860005166727117,0.30361934520764394,,,,,,,,,
PALM,,,,,,,,,,,,
PTBP1,,,,,,,,,,,,
CFD,,,,,,,,,,,,
MED16,,,,,,,,,,,,
R3HDM4,,,,,,,,,,,,
ARID3A,,,,,,,,,,,,
WDR18,,,,,,,,,,,,
TMEM259,,,,,,,,,,,,
CNN2,,,,,,,,,,,,
ABCA7,,,,,,,,,,,,
POLR2E,0.20320852198603975,0.47038377605089116,0.33679614901846544,,,,,,,,,
GPX4,,,,,,,,,,,,
SBNO2,,,,,,,,,,,,
STK11,,,,,,,,,,,,
ATP5F1D,,,,,,,,,,,,
MIDN,,,,,,,,,,,,
CIRBP,,,,,,,,,,,,
FAM174C,,,,,,,,,,,,
PWWP3A,,,,,,,,,,,,
NDUFS7,,,,,,,,,,,,
GAMT,,,,,,,,,,,,
DAZAP1,,,,,,,,,,,,
RPS15,,,,,,,,,,,,
C19orf25,,,,,,,,,,,,
MEX3D,,,,,,,,,,,,
MBD3,,,,,,,,,,,,
UQCR11,,,,,,,,,,,,
TCF3,,,,,,,,,,,,
REXO1,,,,,,,,,,,,
KLF16,,,,,,,,,,,,
ABHD17A,,,,,,,,,,,,
SCAMP4,,,,,,,,,,,,
CSNK1G2,,,,,,,,,,,,
BTBD2,,,,,,,,,,,,
MKNK2,,,,,,,,,,,,
MOB3A,,,,,,,,,,,,
AP3D1,,,,,,,,,,,,
DOT1L,,,,,,,,,,,,
PLEKHJ1,,,,,,,,,,,,
SF3A2,,,,,,,,,,,,
OAZ1,,,,,,,,,,,,
LSM7,,,,,,,,,,,,
SPPL2B,,,,,,,,,,,,
TMPRSS9,-0.5806400256197553,-0.20354975199155892,-0.39209488880565707,-0.9895943154093954,-0.37515897983863417,-0.6823766476240147,,,,,,
TIMM13,,,,,,,,,,,,
LMNB2,,,,,,,,,,,,
GADD45B,-0.3080596455581695,-0.07350262189804008,-0.1907811337281048,,,,,,,-0.33063780939182114,-0.06965210583370604,-0.20014495761276357
GNG7,-0.3683198306743345,-0.07621460908767778,-0.22226721988100615,-0.9927629808101226,-0.5179291657803707,-0.7553460732952466,,,,,,
DIRAS1,,,,,,,,,,,,
SLC39A3,,,,,,,,,,,,
SGTA,,,,,,,,,,,,
THOP1,,,,,,,,,,,,
ZNF57,,,,,,,,,,,,
ZNF77,,,,,,,,,,,,
TLE5,,,,,,,,,,,,
GNA11,,,,,,,,,,,,
NCLN,,,,,,,,,,,,
NFIC,,,,,,,,,,,,
DOHH,,,,,,,,,,,,
FZR1,,,,,,,,,,,,
MFSD12,,,,,,,,,,,,
HMG20B,,,,,,,,,,,,
CACTIN,,,,,,,,,,,,
PIP5K1C,,,,,,,,,,,,
MRPL54,,,,,,,,,,,,
MATK,,,,,,,,,,,,
DAPK3,,,,,,,,,,,,
EEF2,,,,,,,,,,,,
PIAS4,,,,,,,,,,,,
ZBTB7A,,,,,,,,,,,,
MAP2K2,,,,,,,,,,,,
SIRT6,,,,,,,,,,,,
YJU2,,,,,,,,,,,,
FSD1,,,,,,,,,,,,
MPND,,,,,,,,,,,,
SH3GL1,,,,,,,,,,,,
CHAF1A,,,,,,,,,,,,
UBXN6,,,,,,,,,,,,
HDGFL2,,,,,,,,,,,,
MYDGF,,,,,,,,,,,,
DPP9,,,,,,,,,,,,
FEM1A,-0.7234851059728881,-0.31815858336094155,-0.5208218446669148,-0.995276598248017,-0.7544194221786084,-0.8748480102133127,-0.9372081072092854,-0.23638543851731098,-0.5867967728632981,-0.8317071198755934,-0.23132017225534876,-0.5315136460654711
PLIN3,,,,,,,,,,,,
UHRF1,-0.9115483699440349,-0.3416130999810661,-0.6265807349625505,,,,,,,,,
KDM4B,-0.5724703057760586,-0.15151462453297415,-0.3619924651545164,-0.9972791356626208,-0.6713752057639218,-0.8343271707132713,,,,,,
PTPRS,-0.8524009985291559,-0.29736702502496126,-0.5748840117770586,,,,-0.9555394568699211,-0.26261439588591745,-0.6090769263779193,,,
TINCR,,,,,,,,,,,,
SAFB2,,,,,,,,,,,,
SAFB,,,,,,,,,,,,
RPL36,,,,,,,,,,,,
MICOS13,,,,,,,,,,,,
LONP1,,,,,,,,,,,,
DUS3L,,,,,,,,,,,,
NRTN,,,,-0.9867307041410028,-0.2586165771968147,-0.6226736406689087,,,,,,
NDUFA11,,,,,,,,,,,,
RANBP3,,,,,,,,,,,,
RFX2,-0.5819079413595297,-0.32578120564526847,-0.4538445735023991,-0.9946131239233045,-0.7279533579452248,-0.8612832409342646,-0.7942789370117943,-0.19829703504954863,-0.4962879860306715,-0.6150409370001906,-0.31166258179859274,-0.46335175939939166
ACSBG2,-0.4525883667518995,-0.2697768021274237,-0.3611825844396616,-0.9888458969112564,-0.6146154702004744,-0.8017306835558653,-0.49567722702732747,-0.13788251123140963,-0.31677986912936856,-0.6440034709780492,-0.34164175433096405,-0.49282261265450666
MLLT1,,,,,,,,,,,,
CLPP,,,,,,,,,,,,
ALKBH7,,,,,,,,,,,,
GTF2F1,,,,,,,,,,,,
KHSRP,,,,,,,,,,,,
SLC25A23,,,,,,,,,,,,
TUBB4A,,,,,,,,,,,,
CD70,,,,,,,,,,,,
GPR108,,,,,,,,,,,,
TRIP10,,,,,,,,,,,,
ZNF557,-0.6564025653037708,-0.16721129797705514,-0.411806931640413,,,,,,,,,
INSR,-0.9162179896989756,-0.4297204589175541,-0.6729692243082649,,,,-0.9869044483992382,-0.38900865331797346,-0.6879565508586059,,,
ARHGEF18,,,,,,,,,,,,
ZNF358,,,,,,,,,,,,
CAMSAP3,,,,,,,,,,,,
XAB2,,,,,,,,,,,,
PET100,,,,,,,,,,,,
STXBP2,,,,,,,,,,,,
TRAPPC5,,,,,,,,,,,,
EVI5L,,,,,,,,,,,,
MAP2K7,,,,,,,,,,,,
SNAPC2,,,,,,,,,,,,
CTXN1,,,,,,,,,,,,
TIMM44,,,,,,,,,,,,
ELAVL1,,,,,,,,,,,,
CERS4,-0.4412665585668713,-0.11262866903150416,-0.27694761379918775,-0.9905779685278127,-0.4615508451869208,-0.7260644068573667,,,,,,
CD320,,,,,,,,,,,,
NDUFA7,,,,,,,,,,,,
RPS28,,,,,,,,,,,,
RAB11B,,,,,,,,,,,,
MARCHF2,-0.47651557672855455,-0.08413033180174562,-0.2803229542651501,-0.9812664774311366,-0.3983684810835529,-0.6898174792573447,,,,,,
HNRNPM,,,,,,,,,,,,
ZNF414,,,,,,,,,,,,
ZNF317,,,,,,,,,,,,
ZNF559,,,,,,,,,,,,
ZNF266,,,,-0.9803846560088503,-0.24671171350773746,-0.6135481847582939,,,,,,
ZNF426,,,,,,,,,,,,
ZNF121,,,,,,,,,,,,
ZNF561,,,,,,,,,,,,
ZNF562,,,,,,,,,,,,
FBXL12,,,,,,,,,,,,
UBL5,,,,,,,,,,,,
PIN1,,,,,,,,,,,,
PPAN,0.20757301743517367,0.48200330883012416,0.34478816313264893,,,,,,,,,
EIF3G,,,,,,,,,,,,
DNMT1,,,,,,,,,,,,
MRPL4,0.18066300737598553,0.5696317011279016,0.37514735425194357,,,,,,,,,
FDX2,,,,,,,,,,,,
RAVER1,,,,,,,,,,,,
ICAM3,,,,,,,,,,,,
TYK2,,,,,,,,,,,,
CDC37,,,,,,,,,,,,
PDE4A,,,,,,,,,,,,
KEAP1,,,,,,,,,,,,
ATG4D,,,,,,,,,,,,
KRI1,0.11902016825549076,0.41159527162074033,0.2653077199381155,,,,,,,,,
CDKN2D,,,,,,,,,,,,
SLC44A2,,,,,,,,,,,,
ILF3,,,,,,,,,,,,
QTRT1,,,,,,,,,,,,
DNM2,-0.48014748981930333,-0.1481956257326571,-0.3141715577759802,-0.9925532470159966,-0.6105598403083041,-0.8015565436621503,,,,,,
TMED1,,,,,,,,,,,,
CARM1,,,,,,,,,,,,
YIPF2,,,,,,,,,,,,
TIMM29,,,,,,,,,,,,
SMARCA4,,,,,,,,,,,,
LDLR,,,,,,,,,,,,
SPC24,-0.857129609166862,-0.24222433034029192,-0.5496769697535769,,,,,,,,,
KANK2,,,,,,,,,,,,
DOCK6,,,,,,,,,,,,
RAB3D,,,,,,,,,,,,
TMEM205,,,,,,,,,,,,
PLPPR2,,,,,,,,,,,,
SWSAP1,,,,,,,,,,,,
PRKCSH,,,,-0.9945375032494649,-0.44118600077732933,-0.7178617520133971,,,,,,
ECSIT,,,,,,,,,,,,
ELOF1,,,,,,,,,,,,
ZNF627,,,,,,,,,,,,
ZNF440,,,,,,,,,,,,
ZNF700,-0.41927219875419364,-0.06893389574132022,-0.24410304724775694,,,,,,,,,
ZNF136,,,,,,,,,,,,
ZNF44,,,,,,,,,,,,
ZNF709,-0.3683647972280798,-0.05389691080196085,-0.21113085401502033,,,,,,,,,
ZNF564,,,,-0.9874666253249685,-0.27997675579563014,-0.6337216905602994,,,,,,
ZNF490,-0.4848458663087968,-0.0980924670081822,-0.2914691666584895,,,,,,,,,
ZNF791,,,,,,,,,,,,
MAN2B1,,,,,,,,,,,,
WDR83,,,,,,,,,,,,
WDR83OS,,,,,,,,,,,,
DHPS,,,,,,,,,,,,
FBXW9,,,,,,,,,,,,
TNPO2,,,,,,,-0.775005137222499,-0.19022009289990552,-0.48261261506120223,,,
TRIR,,,,,,,,,,,,
GET3,,,,,,,,,,,,
HOOK2,,,,,,,,,,,,
PRDX2,,,,,,,,,,,,
RNASEH2A,,,,,,,,,,,,
MAST1,,,,,,,,,,,,
DNASE2,,,,,,,,,,,,
GCDH,,,,,,,,,,,,
SYCE2,,,,,,,,,,,,
FARSA,,,,,,,,,,,,
CALR,-0.8299379267066392,-0.32659766482618247,-0.5782677957664109,,,,,,,,,
RAD23A,,,,,,,,,,,,
GADD45GIP1,,,,,,,,,,,,
NFIX,,,,,,,,,,,,
TRMT1,,,,,,,,,,,,
NACC1,,,,,,,,,,,,
STX10,,,,,,,,,,,,
IER2,-0.29358870990441294,-0.02112913052139609,-0.1573589202129045,,,,,,,,,
CACNA1A,-0.45331229863728406,-0.26419292475822664,-0.35875261169775535,-0.9926324576432652,-0.7142469565965716,-0.8534397071199185,-0.4065545073235436,-0.1143773051216979,-0.2604659062226207,-0.5253354808205758,-0.2262808053773794,-0.3758081430989776
YJU2B,,,,,,,,,,,,
MRI1,,,,,,,,,,,,
C19orf53,,,,,,,,,,,,
CC2D1A,,,,,,,,,,,,
DCAF15,,,,,,,,,,,,
RFX1,,,,,,,,,,,,
SAMD1,,,,,,,,,,,,
PRKACA,,,,,,,,,,,,
ASF1B,-0.5596330132113182,-0.1686874291799332,-0.3641602211956257,,,,,,,,,
ADGRL1,,,,,,,,,,,,
DDX39A,0.1778584292861801,0.4204968932315445,0.2991776612588623,,,,,,,,,
PKN1,,,,,,,,,,,,
GIPC1,,,,,,,,,,,,
DNAJB1,,,,,,,,,,,,
TECR,,,,,,,,,,,,
NDUFB7,,,,,,,,,,,,
ZNF333,-0.41264710586495135,-0.0761661546174311,-0.24440663024119122,,,,,,,-0.5024155005604479,-0.08817213852239458,-0.29529381954142125
ILVBL,,,,,,,,,,,,
NOTCH3,,,,,,,,,,,,
BRD4,,,,,,,,,,,,
AKAP8,,,,,,,,,,,,
AKAP8L,,,,,,,,,,,,
WIZ,,,,,,,,,,,,
TPM4,-0.48449613676290987,-0.12803251516676792,-0.3062643259648389,,,,,,,,,
RAB8A,,,,,,,,,,,,
FAM32A,,,,,,,,,,,,
AP1M1,,,,,,,,,,,,
EPS15L1,,,,,,,,,,,,
C19orf44,-0.42891088479381556,-0.1511681411497773,-0.2900395129717964,,,,-0.781338981838443,-0.07314158303171467,-0.42724028243507883,,,
CHERP,,,,,,,,,,,,
SLC35E1,,,,,,,,,,,,
MED26,,,,,,,,,,,,
SMIM7,,,,,,,,,,,,
TMEM38A,,,,,,,,,,,,
SIN3B,,,,,,,,,,,,
HAUS8,,,,,,,,,,,,
MYO9B,,,,,,,,,,,,
USE1,,,,,,,,,,,,
OCEL1,,,,,,,,,,,,
NR2F6,,,,,,,,,,,,
BABAM1,,,,,,,,,,,,
ABHD8,-0.49227897814185584,-0.12038988039875008,-0.30633442927030297,,,,,,,,,
MRPL34,,,,,,,,,,,,
DDA1,,,,,,,,,,,,
ANO8,-0.8380813298037161,-0.33853288168749684,-0.5883071057456064,,,,-0.9077841823930846,-0.2344968548481235,-0.571140518620604,,,
GTPBP3,,,,,,,,,,,,
MVB12A,,,,,,,,,,,,
SLC27A1,-0.4390967311509727,-0.09699432026653182,-0.2680455257087523,,,,,,,,,
PGLS,,,,,,,,,,,,
COLGALT1,,,,,,,,,,,,
MAP1S,,,,,,,,,,,,
RPL18A,0.25563670983231535,0.45808819085782676,0.356862450345071,,,,,,,,,
CCDC124,0.20789821833433733,0.5262336860096841,0.3670659521720107,,,,,,,,,
MAST3,,,,,,,,,,,,
PIK3R2,,,,,,,,,,,,
IFI30,,,,,,,,,,,,
MPV17L2,,,,,,,,,,,,
RAB3A,,,,,,,,,,,,
JUND,,,,,,,,,,,,
LSM4,,,,,,,,,,,,
SSBP4,,,,,,,,,,,,
ISYNA1,,,,,,,,,,,,
ELL,,,,,,,,,,,,
FKBP8,,,,,,,,,,,,
KXD1,,,,,,,,,,,,
UBA52,,,,,,,,,,,,
REX1BD,,,,,,,,,,,,
CRTC1,,,,,,,,,,,,
UPF1,,,,,,,,,,,,
CERS1,0.15238147955309578,0.39893874239204796,0.27566011097257187,,,,,,,,,
COPE,,,,,,,,,,,,
DDX49,,,,,,,,,,,,
SUGP2,-0.511093440596299,-0.0699313629257001,-0.2905124017609996,,,,,,,,,
ARMC6,,,,,,,,,,,,
SLC25A42,,,,,,,,,,,,
TMEM161A,,,,,,,,,,,,
MEF2B,,,,,,,,,,,,
BORCS8,,,,,,,,,,,,
RFXANK,,,,,,,,,,,,
NR2C2AP,,,,,,,,,,,,
SUGP1,,,,,,,,,,,,
MAU2,,,,,,,,,,,,
GATAD2A,,,,,,,,,,,,
NDUFA13,,,,,,,,,,,,
YJEFN3,,,,,,,,,,,,
PBX4,-0.42001599744361906,-0.13553511209819266,-0.2777755547709059,,,,-0.7573623719917874,-0.1509242922371467,-0.454143332114467,,,
ATP13A1,,,,,,,,,,,,
ZNF101,,,,,,,,,,,,
ZNF14,,,,,,,,,,,,
ZNF506,-0.3090907512116105,-0.17522659447000588,-0.2421586728408082,-0.9927247299090427,-0.6982736487939699,-0.8454991893515063,-0.7517800680875019,-0.14937970027392708,-0.4505798841807145,-0.6696650619773119,-0.24119753080209452,-0.4554312963897032
ZNF66,,,,-0.9893405699513177,-0.3968416092441001,-0.6930910895977089,,,,,,
ZNF85,,,,,,,,,,,,
ZNF430,,,,,,,,,,,,
ZNF714,,,,,,,,,,,,
ZNF431,,,,,,,,,,,,
ZNF708,-0.3914654525301837,-0.08068334066512374,-0.23607439659765372,-0.9956686178805756,-0.4741317966645281,-0.7349002072725519,,,,,,
ZNF738,,,,,,,,,,,,
ZNF493,,,,,,,,,,,,
ZNF429,,,,-0.9764508919351007,-0.289481151287209,-0.6329660216111549,,,,,,
ZNF100,,,,,,,,,,,,
ZNF724,,,,,,,,,,,,
ZNF91,,,,,,,,,,,,
ZNF675,,,,,,,,,,,,
RPSA2,,,,,,,,,,,,
ZNF254,-0.5741017864659926,-0.20092838724338533,-0.387515086854689,,,,-0.6951480322105009,-0.15125104937849923,-0.42319954079450006,,,
UQCRFS1,,,,,,,,,,,,
POP4,,,,,,,,,,,,
C19orf12,,,,,,,,,,,,
CCNE1,,,,,,,,,,,,
URI1,,,,,,,,,,,,
ZNF536,-0.4946553565425165,-0.20274632891242866,-0.3487008427274726,,,,-0.734187606327217,-0.2972254203481196,-0.5157065133376684,,,
TSHZ3,-0.48097825954441553,-0.17519155579150705,-0.3280849076679613,,,,-0.9669706347368021,-0.2710876296669707,-0.6190291322018864,,,
ZNF507,,,,,,,,,,,,
DPY19L3,-0.6244235178225446,-0.19586213376104997,-0.4101428257917973,,,,-0.8542502889110807,-0.122751992818962,-0.48850114086502133,-0.7219713836713232,-0.12150638276573854,-0.42173888321853087
PDCD5,,,,,,,,,,,,
ANKRD27,-0.538132321316024,-0.07201853242763696,-0.3050754268718305,,,,,,,,,
NUDT19,,,,,,,,,,,,
CEP89,,,,,,,,,,,,
FAAP24,,,,,,,,,,,,
RHPN2,,,,,,,,,,,,
GPATCH1,,,,,,,,,,,,
LRP3,,,,,,,,,,,,
CEBPA,,,,,,,,,,,,
CEBPG,,,,,,,,,,,,
PEPD,,,,,,,,,,,,
KCTD15,,,,,,,,,,,,
LSM14A,,,,,,,,,,,,
GARRE1,-0.7216835929183388,-0.17641769139395935,-0.4490506421561491,,,,-0.8368486783308206,-0.19924106800499133,-0.5180448731679059,-0.7321624651799258,-0.14547132971773663,-0.43881689744883123
GPI,,,,,,,,,,,,
PDCD2L,,,,,,,,,,,,
UBA2,,,,,,,,,,,,
SCGB2B2,-0.409583999153945,-0.10709140338925004,-0.2583377012715975,-0.9913734736073495,-0.6049618748641756,-0.7981676742357626,,,,,,
ZNF302,-0.4470593754246736,-0.06788653712263254,-0.2574729562736531,-0.9935775272666391,-0.6845952188271818,-0.8390863730469105,,,,,,
GRAMD1A,,,,,,,,,,,,
FXYD5,,,,,,,,,,,,
LSR,,,,,,,,,,,,
USF2,,,,,,,,,,,,
DMKN,,,,,,,,,,,,
TMEM147,,,,,,,,,,,,
HAUS5,,,,,,,,,,,,
RBM42,,,,,,,,,,,,
COX6B1,,,,,,,,,,,,
KMT2B,,,,,,,,,,,,
IGFLR1,-0.5099279595527489,-0.13931561465910622,-0.3246217871059276,,,,,,,,,
U2AF1L4,,,,,,,,,,,,
PSENEN,,,,,,,,,,,,
LIN37,,,,,,,,,,,,
PROSER3,,,,-0.9887767369552725,-0.30547259936412563,-0.647124668159699,,,,,,
SDHAF1,,,,,,,,,,,,
ALKBH6,,,,,,,,,,,,
WDR62,-0.41498450689626304,-0.06807216757028026,-0.24152833723327166,,,,,,,,,
POLR2I,,,,,,,,,,,,
TBCB,,,,,,,,,,,,
CAPNS1,,,,,,,,,,,,
ZNF565,-0.5900689790667356,-0.20421485997021935,-0.3971419195184775,,,,-0.8799785744880508,-0.2543998232259445,-0.5671891988569977,,,
ZNF146,,,,,,,,,,,,
ZFP14,,,,,,,,,,,,
ZNF566,,,,,,,,,,,,
ZNF260,,,,,,,,,,,,
ZNF529,,,,,,,,,,,,
ZNF382,,,,,,,,,,,,
ZNF567,,,,,,,,,,,,
ZNF850,,,,,,,,,,,,
ZNF790,,,,,,,,,,,,
ZNF345,,,,,,,,,,,,
ZNF568,,,,,,,,,,,,
ZNF420,,,,,,,,,,,,
ZNF585A,,,,,,,,,,,,
ZNF585B,,,,,,,,,,,,
ZNF383,,,,,,,,,,,,
ZNF875,,,,,,,,,,,,
ZNF569,,,,,,,,,,,,
ZFP30,,,,-0.9931425544077342,-0.4801235951325913,-0.7366330747701628,,,,,,
ZNF607,,,,,,,,,,,,
ZNF573,,,,,,,,,,,,
SIPA1L3,-0.570339257695615,-0.2017142987182368,-0.3860267782069259,,,,,,,,,
DPF1,,,,,,,,,,,,
SPINT2,,,,,,,,,,,,
PPP1R14A,,,,,,,,,,,,
YIF1B,,,,,,,,,,,,
CATSPERG,,,,,,,,,,,,
PSMD8,,,,,,,,,,,,
FAM98C,,,,,,,,,,,,
EIF3K,,,,,,,,,,,,
ACTN4,,,,,,,,,,,,
ECH1,,,,,,,,,,,,
HNRNPL,,,,,,,,,,,,
SIRT2,,,,,,,,,,,,
NFKBIB,,,,,,,,,,,,
SARS2,,,,,,,,,,,,
MRPS12,0.11619177422699803,0.3977395757995904,0.2569656750132942,,,,,,,,,
FBXO17,,,,,,,,,,,,
PAK4,,,,,,,,,,,,
LRFN1,,,,-0.9884853352991338,-0.42543559195812525,-0.7069604636286295,,,,,,
SAMD4B,,,,,,,,,,,,
PAF1,,,,,,,,,,,,
MED29,,,,,,,,,,,,
RPS16,,,,,,,,,,,,
SUPT5H,,,,,,,,,,,,
TIMM50,,,,,,,,,,,,
DLL3,,,,,,,,,,,,
EID2B,,,,,,,,,,,,
EID2,,,,,,,,,,,,
FBL,,,,,,,,,,,,
PSMC4,,,,,,,,,,,,
ZNF546,,,,,,,,,,,,
ZNF780B,,,,-0.9842475113294838,-0.25197397530591187,-0.6181107433176979,,,,,,
ZNF780A,,,,,,,,,,,,
MAP3K10,,,,,,,,,,,,
AKT2,,,,,,,,,,,,
C19orf47,,,,,,,,,,,,
PLD3,,,,,,,,,,,,
SERTAD1,,,,,,,,,,,,
SERTAD3,,,,,,,,,,,,
BLVRB,,,,,,,,,,,,
SPTBN4,,,,,,,,,,,,
SHKBP1,,,,,,,,,,,,
LTBP4,,,,,,,,,,,,
NUMBL,,,,,,,,,,,,
COQ8B,,,,,,,,,,,,
ACTMAP,,,,,,,,,,,,
SNRPA,0.08577960700400335,0.33797425860945335,0.21187693280672834,,,,,,,,,
RAB4B,,,,,,,,,,,,
EGLN2,,,,,,,,,,,,
HNRNPUL1,,,,,,,,,,,,
TGFB1,,,,,,,,,,,,
CCDC97,,,,,,,,,,,,
TMEM91,-0.42032170213261083,-0.10973732810941213,-0.26502951512101147,,,,,,,-0.6434323204237306,-0.1463592994168221,-0.39489580992027634
B9D2,,,,,,,,,,,,
EXOSC5,,,,,,,,,,,,
BCKDHA,,,,,,,,,,,,
DMAC2,,,,,,,,,,,,
RPS19,,,,,,,,,,,,
ARHGEF1,,,,,,,,,,,,
RABAC1,,,,,,,,,,,,
ZNF574,,,,,,,,,,,,
DEDD2,,,,,,,,,,,,
ZNF526,,,,,,,,,,,,
GSK3A,,,,,,,,,,,,
ERF,,,,,,,,,,,,
CIC,,,,,,,,,,,,
PAFAH1B3,,,,,,,,,,,,
MEGF8,,,,,,,,,,,,
CNFN,,,,,,,,,,,,
PHLDB3,,,,,,,,,,,,
ETHE1,,,,,,,,,,,,
XRCC1,,,,,,,,,,,,
IRGQ,,,,,,,,,,,,
ZNF576,,,,,,,,,,,,
ZNF428,,,,,,,,,,,,
PLAUR,,,,,,,,,,,,
SMG9,-0.5005534078551257,-0.13273548136224408,-0.3166444446086849,,,,,,,,,
ZNF283,,,,,,,,,,,,
ZNF45,,,,,,,,,,,,
ZNF155,,,,,,,,,,,,
ZNF224,,,,,,,,,,,,
ZNF234,,,,,,,,,,,,
ZNF226,,,,,,,,,,,,
ZNF227,,,,,,,,,,,,
ZNF235,,,,,,,,,,,,
PVR,,,,,,,,,,,,
NECTIN2,,,,,,,,,,,,
TOMM40,,,,,,,,,,,,
APOE,,,,,,,,,,,,
APOC1,,,,,,,,,,,,
CLPTM1,,,,,,,,,,,,
CLASRP,,,,,,,,,,,,
GEMIN7,,,,,,,,,,,,
MARK4,,,,,,,,,,,,
PPP1R37,,,,,,,,,,,,
TRAPPC6A,,,,,,,,,,,,
ERCC2,,,,,,,,,,,,
PPP1R13L,,,,,,,,,,,,
POLR1G,,,,,,,,,,,,
ERCC1,,,,,,,,,,,,
RTN2,,,,,,,,,,,,
PPM1N,-0.3182863053182874,-0.09452705542101321,-0.2064066803696503,-0.9849958425023453,-0.6005598143953819,-0.7927778284488636,,,,,,
VASP,,,,,,,,,,,,
OPA3,,,,,,,,,,,,
EML2,,,,,,,,,,,,
SNRPD2,,,,,,,,,,,,
QPCTL,,,,,,,,,,,,
FBXO46,,,,,,,,,,,,
DMPK,,,,,,,,,,,,
DMWD,-0.6003244706379705,-0.25554034794794744,-0.42793240929295895,-0.9914892799071999,-0.6379818571020052,-0.8147355685046025,-0.5460607007249663,-0.11078334240629406,-0.32842202156563016,-0.6664527182059367,-0.2884972284441583,-0.4774749733250475
SYMPK,,,,,,,,,,,,
IRF2BP1,,,,,,,,,,,,
MYPOP,,,,,,,,,,,,
PPP5C,-0.6558736399257987,-0.20026054410179445,-0.42806709201379656,-0.9954820230765831,-0.7380195899174296,-0.8667508064970063,-0.5687250009319618,-0.00851188838645533,-0.28861844465920855,-0.7733061343758006,-0.09477318399578087,-0.43403965918579074
CCDC8,,,,,,,,,,,,
PNMA8A,,,,,,,,,,,,
CALM3,,,,,,,,,,,,
PRKD2,-0.29145547786868686,-0.07537671295850122,-0.18341609541359405,-0.9887985712614232,-0.5056465788779806,-0.7472225750697019,,,,,,
STRN4,,,,,,,,,,,,
FKRP,,,,,,,,,,,,
SLC1A5,,,,,,,,,,,,
AP2S1,,,,,,,,,,,,
ARHGAP35,,,,,,,,,,,,
NPAS1,,,,-0.9942759780778121,-0.5424256445691827,-0.7683508113234974,,,,,,
TMEM160,,,,,,,,,,,,
ZC3H4,,,,,,,-0.8630273615353575,-0.21530879587700952,-0.5391680787061836,,,
SAE1,,,,,,,,,,,,
BBC3,,,,,,,,,,,,
CCDC9,,,,,,,,,,,,
DHX34,,,,,,,,,,,,
NAPA,,,,,,,,,,,,
NOP53,,,,,,,,,,,,
SELENOW,,,,,,,,,,,,
LIG1,,,,,,,,,,,,
ZSWIM9,-0.4374329846232886,-0.11110278575587548,-0.27426788518958206,,,,,,,,,
CARD8,,,,,,,,,,,,
EMP3,,,,,,,,,,,,
TMEM143,,,,,,,,,,,,
KDELR1,,,,,,,,,,,,
GRIN2D,,,,,,,,,,,,
GRWD1,,,,,,,,,,,,
KCNJ14,,,,,,,,,,,,
CYTH2,,,,,,,,,,-0.6909718959240609,-0.04121272652828415,-0.36609231122617253
RPL18,,,,,,,,,,,,
SPHK2,,,,,,,,,,,,
DBP,,,,,,,,,,,,
CA11,,,,,,,,,,,,
BCAT2,,,,,,,,,,,,
NUCB1,,,,,,,,,,,,
BAX,,,,,,,,,,,,
FTL,-0.4470231592141257,-0.0472276979598011,-0.2471254285869634,,,,,,,,,
GYS1,,,,,,,,,,,,
RUVBL2,,,,,,,,,,,,
SNRNP70,,,,,,,,,,,,
LIN7B,,,,,,,,,,,,
PPFIA3,,,,,,,,,,,,
TRPM4,,,,,,,,,,,,
SLC6A16,-0.4389721858255752,-0.11457490356295158,-0.2767735446942634,-0.9921427406414098,-0.5019209749647864,-0.7470318578030981,-0.72990682754485,-0.10533765166656313,-0.4176222396057066,,,
TEAD2,,,,,,,,,,,,
PIH1D1,,,,,,,,,,,,
ALDH16A1,,,,,,,,,,,,
RPL13A,,,,,,,,,,,,
RPS11,,,,,,,,,,,,
FCGRT,,,,,,,,,,,,
NOSIP,,,,,,,,,,,,
PRR12,,,,,,,,,,,,
RRAS,,,,,,,,,,,,
SCAF1,,,,,,,,,,,,
IRF3,,,,,,,,,,,,
BCL2L12,,,,,,,,,,,,
PRMT1,0.2757981657663622,0.5209569091972857,0.3983775374818239,,,,,,,,,
CPT1C,,,,,,,,,,,,
AP2A1,,,,,,,,,,,,
FUZ,,,,,,,,,,,,
MED25,,,,,,,,,,,,
PTOV1,,,,,,,,,,,,
PNKP,,,,,,,,,,,,
AKT1S1,,,,,,,,,,,,
TBC1D17,,,,,,,,,,,,
NUP62,,,,,,,,,,,,
ATF5,,,,,,,,,,,,
VRK3,,,,,,,,,,,,
ZNF473,,,,,,,,,,,,
MYH14,-0.32229295081107906,-0.07361102568713662,-0.19795198824910784,-0.9953087628712731,-0.5280978861987254,-0.7617033245349993,,,,,,
NR1H2,,,,,,,,,,,,
POLD1,,,,,,,,,,,,
EMC10,,,,,,,,,,,,
JOSD2,,,,,,,,,,,,
C19orf81,,,,,,,,,,,,
CLEC11A,-0.47724994514167945,-0.09725379863819505,-0.2872518718899373,,,,,,,,,
KLK8,,,,,,,,,,,,
CTU1,,,,,,,,,,,,
ETFB,,,,,,,,,,,,
ZNF649,,,,,,,,,,,,
ZNF614,,,,,,,,,,,,
ZNF616,,,,,,,,,,,,
PPP2R1A,,,,,,,,,,,,
ZNF766,,,,,,,,,,,,
ZNF480,,,,,,,,,,,,
ZNF611,,,,,,,,,,,,
ZNF845,,,,,,,,,,,,
ZNF765,,,,,,,,,,,,
ZNF761,,,,,,,,,,,,
MYADM,,,,,,,,,,,,
CACNG8,-0.4720403904496615,-0.13219666404393124,-0.3021185272467964,,,,,,,,,
NDUFA3,,,,,,,,,,,,
TFPT,,,,,,,,,,,,
PRPF31,,,,,,,,,,,,
CNOT3,,,,,,,,,,,,
LENG1,,,,,,,,,,,,
MBOAT7,,,,,,,,,,,,
TSEN34,,,,,,,,,,,,
RPS9,,,,,,,,,,,,
LENG8,-0.539518248475228,-0.24741275124767223,-0.39346549986145013,-0.9921383066050871,-0.5547812592938656,-0.7734597829494763,-0.8324588168919314,-0.24035565349700505,-0.5364072351944682,-0.6585863354726429,-0.19154250187622854,-0.42506441867443573
LENG9,-0.6324072923954193,-0.18986583228175907,-0.4111365623385892,,,,-0.9485678650149939,-0.15897305607951231,-0.5537704605472531,-0.7338603609994371,-0.1396192636840731,-0.4367398123417551
RDH13,,,,,,,,,,,,
PPP1R12C,,,,,,,,,,,,
TNNT1,,,,,,,,,,,,
TNNI3,,,,,,,,,,,,
PPP6R1,,,,,,,,,,,,
HSPBP1,,,,,,,,,,,,
BRSK1,-0.43561748519719823,-0.22376606009739672,-0.3296917726472975,-0.9738676478534647,-0.500218087062408,-0.7370428674579363,-0.3557128796326752,-0.14133089306151933,-0.24852188634709727,-0.36454352501570325,-0.16737318482008937,-0.2659583549178963
KMT5C,,,,,,,,,,,,
RPL28,,,,,,,,,,,,
UBE2S,0.26335888123112183,0.4675510411029733,0.36545496116704757,,,,0.20189088412034287,0.4851024105216085,0.3434966473209757,,,
ISOC2,0.2412724161471168,0.5443333899728755,0.39280290305999616,,,,,,,,,
NAT14,,,,,,,,,,,,
ZNF579,,,,,,,,,,,,
ZNF865,,,,,,,,,,,,
ZNF580,,,,,,,,,,,,
ZNF581,,,,,,,,,,,,
CCDC106,,,,,,,,,,,,
U2AF2,,,,,,,,,,,,
EPN1,,,,,,,,,,,,
ZNF787,,,,,,,,,,,,
ZNF444,,,,,,,,,,,,
ZSCAN5A,-0.3996129850229399,-0.02728631669829066,-0.2134496508606153,,,,,,,,,
ZNF71,,,,-0.9743728134312553,-0.2149973805072058,-0.5946850969692306,,,,,,
ZNF264,,,,,,,,,,,,
ZNF805,,,,,,,,,,,,
ZNF460,,,,,,,,,,,,
TRAPPC2B,,,,,,,,,,,,
ZNF749,,,,,,,,,,,,
ZNF530,,,,,,,,,,,,
ZNF134,,,,,,,,,,,,
ZNF551,,,,,,,,,,,,
ZNF586,,,,,,,,,,,,
ZNF552,,,,,,,,,,,,
ZNF587B,,,,,,,,,,,,
ZNF814,-0.4370008808234422,-0.14931149957347725,-0.29315619019845973,-0.9910374493448579,-0.459028687419199,-0.7250330683820285,,,,,,
ZNF587,-0.4730664672783216,-0.08481356961523788,-0.27894001844677974,,,,,,,,,
ZNF274,,,,,,,,,,,,
ZNF8,,,,,,,,,,,,
ERVK3-1,,,,,,,,,,,,
A1BG,,,,,,,,,,,,
RPS5,,,,,,,,,,,,
ZNF584,,,,,,,,,,,,
SLC27A5,,,,,,,,,,,,
TRIM28,,,,,,,,,,,,
CHMP2A,,,,,,,,,,,,
UBE2M,,,,,,,,,,,,
MZF1,-0.5026396006290486,-0.1283488375071354,-0.315494219068092,,,,,,,,,
C20orf96,,,,,,,,,,,,
ZCCHC3,,,,,,,,,,,,
SOX12,,,,,,,,,,,,
NRSN2,,,,,,,,,,,,
RBCK1,,,,,,,,,,,,
TBC1D20,,,,,,,,,,,,
CSNK2A1,,,,,,,,,,,,
SRXN1,,,,,,,,,,,,
PSMF1,,,,,,,,,,,,
FKBP1A,,,,,,,,,,,,
NSFL1C,,,,,,,,,,,,
STK35,,,,,,,,,,,,
SNRPB,,,,,,,,,,,,
ZNF343,,,,,,,,,,,,
NOP56,,,,,,,,,,,,
IDH3B,,,,,,,,,,,,
VPS16,,,,,,,,,,,,
PTPRA,-0.7865660730134788,-0.26028712600427123,-0.523426599508875,,,,-0.8950781504935825,-0.14751759037162643,-0.5212978704326044,,,
MRPS26,0.3344516830460745,0.5719334281203675,0.453192555583221,,,,,,,,,
UBOX5,-0.40477460738204085,-0.07347511180822633,-0.23912485959513358,,,,,,,,,
FASTKD5,,,,,,,,,,,,
DDRGK1,,,,,,,,,,,,
ITPA,,,,,,,,,,,,
DNAAF9,-0.6579991313749234,-0.2401380607458116,-0.4490685960603675,-0.9863433984133521,-0.2990435977979519,-0.642693498105652,-0.6364485412927632,-0.21325857753745955,-0.4248535594151114,,,
ATRN,-0.40679160385281354,-0.07926904228681662,-0.2430303230698151,,,,,,,,,
ADISSP,,,,,,,,,,,,
CENPB,,,,,,,,,,,,
CDC25B,,,,,,,,,,,,
AP5S1,,,,,,,,,,,,
MAVS,-0.45395210158046656,-0.12636665438996422,-0.2901593779852154,-0.9901670286485902,-0.42327750234376266,-0.7067222654961764,,,,,,
PANK2,-0.697444797087088,-0.2955103834084588,-0.4964775902477734,-0.9941517971536412,-0.6404890682245983,-0.8173204326891197,-0.7427591903233752,-0.1713256150975795,-0.45704240271047736,-0.7360237930138567,-0.10661004637606016,-0.42131691969495844
RNF24,,,,,,,,,,,,
SMOX,-0.44102956267730703,-0.2758261529048773,-0.35842785779109215,-0.9951599343986218,-0.7242926513941543,-0.859726292896388,-0.8758931907772635,-0.2031767031178274,-0.5395349469475454,-0.5693212065042169,-0.27008314390400323,-0.4197021752041101
PRNP,,,,,,,,,,,,
SLC23A2,,,,,,,,,,,,
TMEM230,,,,,,,,,,,,
PCNA,-0.7427024838539386,-0.2876281223842294,-0.5151653031190839,,,,,,,,,
CDS2,,,,,,,-0.938085160399139,-0.23727923051407418,-0.5876821954566066,,,
GPCPD1,,,,-0.9908379136911678,-0.48719630888993987,-0.7390171112905538,-0.8951654571506737,-0.15414749520956542,-0.5246564761801196,,,
SHLD1,-0.44378865597444284,-0.078877008466762,-0.26133283222060244,,,,,,,,,
TRMT6,,,,,,,,,,,,
MCM8,,,,,,,-0.9378237137525325,-0.1774170496482641,-0.5576203817003983,,,
CRLS1,,,,,,,,,,,,
BMP2,,,,,,,,,,,,
TMX4,,,,,,,,,,,,
PLCB1,-0.7201497941189412,-0.3477043130759889,-0.5339270535974651,-0.9925803874753159,-0.5489585461350419,-0.7707694668051789,-0.7316255476304047,-0.2600593026014982,-0.49584242511595145,-0.6016714867681476,-0.1841265674688245,-0.39289902711848607
PLCB4,-0.46114923955023224,-0.1241033631641584,-0.2926263013571953,,,,,,,,,
ANKEF1,,,,,,,,,,,,
MKKS,,,,,,,,,,,,
SLX4IP,-0.4599040022794152,-0.1244046522871613,-0.2921543272832883,-0.9944438995034065,-0.48155656265144137,-0.738000231077424,,,,,,
BTBD3,-0.44782898997687826,-0.08847929716572296,-0.26815414357130063,,,,,,,,,
TASP1,-0.7096945651823394,-0.24884300832306175,-0.47926878675270057,-0.992409231242284,-0.49333685366032626,-0.7428730424513051,-0.930040166735093,-0.1605263496979969,-0.545283258216545,,,
ESF1,,,,,,,,,,,,
NDUFAF5,,,,,,,,,,,,
MACROD2,-0.7883066750299991,-0.4515901897776101,-0.6199484324038046,-0.9933718741140306,-0.686597495891737,-0.8399846850028838,-0.8750171261298961,-0.25023646694022067,-0.5626267965350584,-0.804270833707229,-0.2948507730004957,-0.5495608033538624
KIF16B,-0.5753954013134117,-0.17037155265408246,-0.3728834769837471,-0.9877375117584488,-0.29703852191246555,-0.6423880168354572,-0.9015170829730474,-0.2471696980953072,-0.5743433905341773,,,
SNRPB2,,,,,,,,,,,,
DSTN,-0.9822940029849085,-0.2920357194254853,-0.6371648612051969,,,,-0.9727225196697382,-0.18677519249958416,-0.5797488560846612,,,
RRBP1,,,,,,,,,,,,
SNX5,,,,,,,,,,,,
OVOL2,-0.9640114027414587,-0.569514750064737,-0.7667630764030978,,,,-0.9610319561494508,-0.30122152325740714,-0.631126739703429,-0.970835788345923,-0.4452770971369516,-0.7080564427414373
MGME1,-0.7476698804309976,-0.18537812011257468,-0.46652400027178614,,,,-0.9363868983009409,-0.2526866340679299,-0.5945367661844354,,,
KAT14,,,,,,,,,,,,
PET117,,,,,,,,,,,,
ZNF133,-0.4385053882501443,-0.07730993278671526,-0.2579076605184298,,,,-0.6993859126085236,-0.15803679021209807,-0.4287113514103108,,,
POLR3F,,,,,,,,,,,,
RBBP9,,,,,,,,,,,,
SEC23B,,,,,,,,,,,,
SMIM26,,,,,,,,,,,,
DTD1,,,,,,,,,,,,
RIN2,,,,,,,-0.7178200562889911,-0.21306060032971127,-0.4654403283093512,,,
NAA20,,,,,,,,,,,,
CRNKL1,,,,,,,,,,,,
RALGAPA2,-0.9888129296856062,-0.5553935314953061,-0.7721032305904562,-0.9949755886924986,-0.71380025055372,-0.8543879196231092,-0.9778380560815095,-0.4202304789175778,-0.6990342674995437,-0.9607876995214044,-0.3375862605902337,-0.6491869800558191
KIZ,,,,,,,,,,,,
XRN2,,,,,,,,,,,,
NXT1,,,,,,,,,,,,
GZF1,,,,,,,,,,,,
NAPB,,,,,,,,,,,,
CST3,,,,,,,,,,,,
SYNDIG1,,,,,,,,,,,,
APMAP,,,,,,,,,,,,
ENTPD6,,,,,,,,,,,,
PYGB,,,,,,,,,,,,
ABHD12,,,,-0.9929552304182585,-0.42333796441631816,-0.7081465974172884,,,,,,
GINS1,,,,,,,,,,,,
NINL,-0.3824832291304166,-0.05303858274437671,-0.21776090593739666,-0.985417435523473,-0.3120585768920523,-0.6487380062077627,,,,,,
NANP,,,,,,,,,,,,
ZNF337,,,,,,,,,,,,
HM13,,,,,,,,,,,,
ID1,,,,,,,,,,,,
BCL2L1,,,,,,,,,,,,
TPX2,,,,,,,,,,,,
PDRG1,,,,,,,,,,,,
TM9SF4,,,,,,,,,,,,
PLAGL2,,,,,,,,,,,,
POFUT1,,,,,,,,,,,,
KIF3B,,,,,,,,,,,,
ASXL1,-0.7267437543039585,-0.2514427521060918,-0.48909325320502517,,,,-0.9460410786177912,-0.34410183345009077,-0.645071456033941,,,
NOL4L,,,,,,,,,,,,
COMMD7,,,,,,,,,,,,
DNMT3B,,,,,,,,,,,,
MAPRE1,,,,,,,,,,,,
CDK5RAP1,,,,,,,,,,,,
SNTA1,,,,,,,,,,,,
CBFA2T2,-0.5562823826933623,-0.12859611855672126,-0.34243925062504177,-0.9916824316918069,-0.5978732044309328,-0.7947778180613698,-0.7666967441844951,-0.19808833370781737,-0.4823925389461562,,,
E2F1,-0.6049174527458618,-0.30643471352849344,-0.45567608313717767,,,,,,,,,
CHMP4B,,,,,,,,,,,,
RALY,-0.8958194513503532,-0.12084675532443899,-0.5083331033373961,,,,,,,,,
EIF2S2,,,,,,,,,,,,
AHCY,,,,,,,,,,,,
ITCH,-0.7688612747555947,-0.2808726018640093,-0.524866938309802,,,,-0.937421997026408,-0.3189328988302832,-0.6281774479283456,,,
DYNLRB1,,,,,,,,,,,,
PIGU,-0.6448878848044649,-0.2716809165631116,-0.4582844006837883,-0.9968292987585222,-0.7539884595486335,-0.8754088791535779,-0.9444899139949062,-0.21322748562785093,-0.5788586998113786,-0.841947905779444,-0.15594070157531995,-0.49894430367738196
NCOA6,,,,,,,,,,,,
GGT7,,,,-0.9831797810417109,-0.2602875031938064,-0.6217336421177586,,,,,,
ACSS2,,,,-0.9897357333748374,-0.3790435547962135,-0.6843896440855255,,,,,,
GSS,,,,,,,,,,,,
TRPC4AP,,,,,,,-0.839083814939438,-0.14765876937621483,-0.4933712921578264,,,
EDEM2,,,,,,,,,,,,
MMP24OS,,,,,,,,,,,,
EIF6,,,,,,,,,,,,
UQCC1,-0.5508132968483724,-0.1712957656552683,-0.36105453125182035,,,,-0.9046450177125401,-0.2371801345341749,-0.5709125761233576,,,
CEP250,,,,,,,,,,,,
ERGIC3,,,,,,,,,,,,
CPNE1,,,,,,,,,,,,
RBM12,,,,,,,,,,,,
NFS1,,,,,,,,,,,,
ROMO1,,,,,,,,,,,,
RBM39,,,,,,,,,,,,
PHF20,,,,,,,-0.9693610180556961,-0.27556125008232524,-0.6224611340690107,,,
SCAND1,,,,,,,,,,,,
CNBD2,-0.38948447221070503,-0.036928062092131696,-0.21320626715141835,,,,-0.7069805688568158,-0.08901314818160885,-0.39799685851921235,,,
EPB41L1,,,,,,,,,,,,
AAR2,-0.5683943220531847,-0.23160750626286303,-0.40000091415802386,-0.9933187398693849,-0.6981094321466599,-0.8457140860080223,-0.6739338853499327,-0.1703248449147255,-0.4221293651323291,-0.582555786779887,-0.173273461883595,-0.37791462433174094
DLGAP4,-0.28743416530176275,-0.08143921146570707,-0.1844366883837349,-0.9691507164385595,-0.20707521334062073,-0.5881129648895902,,,,,,
TGIF2,,,,,,,,,,,,
RAB5IF,,,,,,,,,,,,
NDRG3,,,,,,,,,,,,
DSN1,-0.5290935541687162,-0.07389390518735156,-0.3014937296780339,,,,,,,,,
SOGA1,,,,,,,,,,,,
SAMHD1,,,,,,,,,,,,
RBL1,-0.5468257794116659,-0.1331020399855897,-0.3399639096986278,,,,-0.9040269159443383,-0.22692558126904253,-0.5654762486066904,,,
RPN2,,,,,,,,,,,,
MANBAL,,,,,,,,,,,,
BLCAP,,,,,,,,,,,,
CTNNBL1,,,,,,,,,,,,
TTI1,,,,,,,,,,,,
RPRD1B,,,,,,,,,,,,
RALGAPB,,,,,,,,,,,,
ACTR5,,,,-0.9883633163794264,-0.3556106997557459,-0.6719870080675862,,,,,,
FAM83D,,,,,,,,,,-0.6411585693362175,-0.12786719885658718,-0.38451288409640233
DHX35,-0.43123603747878153,-0.08798088332204673,-0.25960846040041413,,,,-0.7241784582462707,-0.12506450785021214,-0.42462148304824143,,,
MAFB,,,,,,,,,,,,
TOP1,,,,,,,,,,,,
PLCG1,,,,,,,,,,,,
ZHX3,-0.4681378367431204,-0.0929113090831772,-0.2805245729131488,-0.9942266289281987,-0.5062716206740173,-0.7502491248011081,,,,,,
LPIN3,,,,,,,,,,,,
CHD6,,,,,,,,,,,,
PTPRT,-0.5396504251166543,-0.30871627412748504,-0.42418334962206966,-0.9974555837756445,-0.7455582777591652,-0.8715069307674048,-0.5002791163620979,-0.1762237634560976,-0.33825143990909773,-0.7483703178040992,-0.3323706145357753,-0.5403704661699373
SRSF6,-0.993176884846156,-0.6774716168929544,-0.8353242508695552,,,,-0.9780652677937719,-0.35609907184808937,-0.6670821698209306,-0.990575224933487,-0.5433255019705064,-0.7669503634519967
L3MBTL1,-0.33673833280132226,-0.0461559892787446,-0.19144716104003343,,,,,,,,,
IFT52,,,,,,,,,,,,
MYBL2,,,,,,,,,,,,
TOX2,-0.58454536913601,-0.3069350384703931,-0.44574020380320156,-0.9946173481281174,-0.7205315954973001,-0.8575744718127087,-0.5534331148323064,-0.21400582962734924,-0.38371947222982783,-0.5837251718956276,-0.3105369725825672,-0.44713107223909737
OSER1,,,,,,,,,,,,
FITM2,,,,,,,,,,,,
TTPAL,,,,,,,,,,,,
SERINC3,,,,,,,,,,,,
PKIG,,,,,,,,,,,,
ADA,,,,,,,,,,,,
RIMS4,,,,,,,,,,,,
YWHAB,,,,,,,,,,,,
PABPC1L,,,,,,,,,,,,
TOMM34,,,,,,,,,,,,
STK4,,,,,,,,,,,,
SDC4,-0.40645101064147043,-0.08343544413078212,-0.24494322738612628,,,,,,,,,
SYS1,,,,,,,,,,,,
DBNDD2,,,,,,,,,,,,
PIGT,,,,,,,,,,,,
DNTTIP1,,,,,,,,,,,,
UBE2C,0.24539096852372222,0.4610676161145678,0.353229292319145,,,,,,,,,
ACOT8,,,,,,,,,,,,
CTSA,,,,,,,,,,,,
PLTP,,,,,,,,,,,,
PCIF1,,,,,,,,,,,,
ZNF335,,,,,,,,,,,,
SLC12A5,,,,,,,,,,,,
NCOA5,,,,,,,,,,,,
SLC35C2,,,,,,,,,,,,
ELMO2,,,,-0.9916666752961045,-0.5384695882940977,-0.7650681317951011,,,,,,
SLC13A3,,,,,,,,,,,,
TP53RK,,,,,,,,,,,,
EYA2,-0.5033644804562035,-0.1074744515197447,-0.3054194659879741,-0.9901503986034011,-0.4195037688037138,-0.7048270837035575,,,,,,
ZMYND8,,,,,,,-0.9018008153776574,-0.23502212648663992,-0.5684114709321487,,,
NCOA3,-0.5980708383739928,-0.2616536906114425,-0.42986226449271764,,,,-0.7791897216520453,-0.26584727582423306,-0.5225184987381392,-0.7656994284264612,-0.1587592116758236,-0.4622293200511424
SULF2,,,,,,,,,,,,
ARFGEF2,,,,,,,,,,,,
CSE1L,,,,,,,,,,,,
STAU1,,,,,,,,,,,,
DDX27,,,,,,,,,,,,
ZNFX1,,,,,,,,,,,,
B4GALT5,,,,,,,,,,,,
SLC9A8,-0.5136844861016004,-0.14311669189255483,-0.32840058899707764,,,,,,,,,
RNF114,,,,,,,,,,,,
UBE2V1,,,,,,,,,,,,
PEDS1,,,,,,,,,,,,
CEBPB,,,,,,,,,,,,
PTPN1,,,,,,,,,,,,
PARD6B,,,,,,,,,,,,
BCAS4,,,,,,,,,,,,
ADNP,-0.9852561525124874,-0.4543733926549621,-0.7198147725837247,,,,-0.982075124299179,-0.4025811087062392,-0.6923281165027091,,,
DPM1,,,,,,,,,,,,
MOCS3,,,,,,,,,,,,
KCNG1,,,,,,,,,,,,
ATP9A,,,,,,,,,,,,
ZFP64,,,,,,,,,,,,
TSHZ2,-0.5027089173406132,-0.19051096453353564,-0.3466099409370744,,,,-0.6906951933135782,-0.18703422251505628,-0.43886470791431725,-0.5260744286784438,-0.14952569536439203,-0.3378000620214179
ZNF217,,,,,,,,,,,,
PFDN4,,,,,,,,,,,,
FAM210B,,,,,,,,,,,,
AURKA,0.14840113573838304,0.36088426908344495,0.254642702410914,,,,,,,,,
CSTF1,,,,,,,,,,,,
RTF2,,,,,,,,,,,,
TFAP2C,-0.41485671168627797,-0.12153730259719094,-0.26819700714173444,,,,,,,-0.383797245961335,-0.06071866419247411,-0.22225795507690457
BMP7,,,,,,,,,,,,
RAE1,,,,,,,,,,,,
RBM38,,,,,,,,,,,,
HMGB1P1,-0.38540792606811214,-0.02380414759255205,-0.2046060368303321,,,,,,,,,
PMEPA1,,,,,,,,,,,,
RAB22A,,,,,,,,,,,,
VAPB,,,,,,,,,,,,
STX16,,,,,,,,,,,,
GNAS,,,,,,,,,,,,
NELFCD,,,,,,,,,,,,
ATP5F1E,,,,,,,,,,,,
PRELID3B,,,,,,,,,,,,
PHACTR3,,,,,,,,,,,,
FAM217B,,,,,,,,,,,,
CDH4,-0.5139210716535232,-0.2959660065548683,-0.4049435391041958,-0.9926171528974154,-0.7014078288720214,-0.8470124908847183,-0.6000432746228181,-0.1666777347298015,-0.38336050467630983,-0.763887879247108,-0.2671420733669353,-0.5155149763070217
TAF4,,,,,,,,,,,,
LSM14B,,,,,,,,,,,,
PSMA7,,,,,,,,,,,,
SS18L1,,,,,,,,,,,,
MTG2,,,,,,,,,,,,
OSBPL2,,,,,,,,,,,,
ADRM1,,,,,,,,,,,,
LAMA5,-0.34539791972535205,-0.0596182676774381,-0.20250809370139508,-0.9943328253785099,-0.5420776160491849,-0.7682052207138474,,,,,,
RPS21,,,,,,,,,,,,
SLCO4A1,,,,,,,,,,,,
MRGBP,,,,,,,,,,,,
OGFR,,,,,,,,,,,,
TCFL5,,,,,,,,,,,,
DIDO1,,,,,,,,,,,,
GID8,,,,,,,,,,,,
YTHDF1,,,,,,,,,,,,
ARFGAP1,,,,,,,,,,,,
KCNQ2,,,,,,,,,,,,
EEF1A2,,,,,,,,,,,,
PPDPF,,,,,,,,,,,,
GMEB2,,,,,,,,,,,,
STMN3,,,,,,,,,,,,
RTEL1,,,,,,,,,,,,
ARFRP1,,,,,,,,,,,,
ZGPAT,,,,,,,,,,,,
SLC2A4RG,,,,,,,,,,,,
ZBTB46,,,,-0.9885014796208913,-0.3452617896892086,-0.6668816346550499,,,,,,
TPD52L2,,,,,,,,,,,,
DNAJC5,,,,,,,,,,,,
ZNF512B,,,,-0.9854086815586033,-0.35804853980192236,-0.6717286106802628,,,,,,
PRPF6,,,,,,,,,,,,
TCEA2,,,,,,,,,,,,
RGS19,,,,,,,,,,,,
PCMTD2,,,,,,,,,,,,
HSPA13,,,,,,,,,,,,
NRIP1,,,,,,,,,,,,
USP25,-0.6892335377968299,-0.22995807602540466,-0.4595958069111173,,,,-0.8345395660380468,-0.24602127728786746,-0.5402804216629571,,,
CXADR,,,,,,,,,,,,
BTG3,,,,,,,,,,,,
C21orf91,,,,,,,,,,,,
NCAM2,-0.3795948934677373,-0.16499476419955084,-0.2722948288336441,-0.9978474980211803,-0.7555365562103098,-0.876692027115745,,,,,,
MRPL39,,,,,,,,,,,,
ATP5PF,,,,,,,,,,,,
GABPA,,,,,,,,,,,,
APP,,,,,,,,,,,,
ADAMTS1,,,,,,,,,,,,
N6AMT1,,,,,,,,,,,,
LTN1,,,,,,,,,,,,
RWDD2B,,,,,,,,,,,,
USP16,,,,,,,,,,,,
CCT8,,,,,,,,,,,,
BACH1,-0.7308415623499362,-0.3787039243979459,-0.5547727433739411,-0.9897829064490747,-0.41391659502135275,-0.7018497507352137,-0.9125005448796711,-0.25008200139588876,-0.58129127313778,-0.7920099551544224,-0.22096916614168888,-0.5064895606480556
TIAM1,-0.8303501459125656,-0.44840113229280104,-0.6393756391026834,-0.9969493844381109,-0.6886634759840353,-0.8428064302110732,-0.8839767662896028,-0.3621073724665175,-0.6230420693780601,-0.9856064054420275,-0.5185173260307623,-0.7520618657363949
SOD1,,,,,,,,,,,,
SCAF4,,,,,,,,,,,,
HUNK,-0.4070545513316822,-0.107149886310856,-0.2571022188212691,-0.990780277011349,-0.32859523616384806,-0.6596877565875985,,,,,,
MIS18A,,,,,,,,,,,,
URB1,,,,,,,,,,,,
TCP10L,,,,,,,,,,,,
CFAP298,,,,,,,,,,,,
SYNJ1,,,,,,,-0.6404461281822944,-0.13286610962333686,-0.38665611890281565,,,
PAXBP1,,,,,,,,,,,,
IFNAR2,,,,,,,,,,,,
IL10RB,,,,,,,,,,,,
IFNAR1,,,,,,,,,,,,
IFNGR2,,,,,,,,,,,,
TMEM50B,,,,,,,,,,,,
GART,,,,,,,,,,,,
SON,,,,,,,,,,,,
DONSON,-0.5120528473138897,-0.12450433366007743,-0.31827859048698354,,,,,,,,,
CRYZL1,,,,,,,,,,,,
ITSN1,,,,-0.9887887331962991,-0.3543740501337939,-0.6715813916650465,,,,,,
ATP5PO,,,,,,,,,,,,
MRPS6,,,,,,,,,,,,
SLC5A3,,,,,,,,,,,,
SMIM11,,,,,,,,,,,,
RCAN1,,,,,,,,,,,,
RUNX1,-0.4549390013550611,-0.18800761154647394,-0.32147330645076755,-0.996898316250378,-0.7739843958728369,-0.8854413560616075,,,,-0.5194149861342215,-0.15312288974101615,-0.33626893793761886
SETD4,,,,,,,,,,,,
CBR1,,,,,,,,,,,,
CBR3,,,,,,,,,,,,
DOP1B,,,,,,,,,,,,
MORC3,,,,,,,,,,,,
CHAF1B,,,,,,,,,,,,
SIM2,,,,,,,,,,,,
HLCS,-0.6156247580215897,-0.244032166145468,-0.4298284620835288,,,,-0.7197139935159411,-0.1517458432064676,-0.43572991836120434,,,
PIGP,,,,,,,,,,,,
TTC3,,,,,,,-0.9809573575900836,-0.3372571642363258,-0.6591072609132047,,,
VPS26C,,,,,,,,,,,,
DYRK1A,-0.548116253482548,-0.20639974656226473,-0.3772580000224064,,,,-0.6518566780702543,-0.152642982664402,-0.40224983036732814,-0.7267666413693181,-0.1666566746352705,-0.4467116580022943
ETS2,,,,,,,,,,,,
PSMG1,,,,,,,,,,,,
BRWD1,-0.6578179234500244,-0.2342597077057887,-0.4460388155779066,,,,-0.9702156526965958,-0.20703085779234764,-0.5886232552444717,,,
HMGN1,,,,,,,,,,,,
GET1,,,,,,,,,,,,
DSCAM,-0.5074776871403931,-0.29159188968505695,-0.39953478841272505,-0.9940795316834986,-0.7926902915182403,-0.8933849116008694,-0.5232285828719043,-0.22012183471565888,-0.3716752087937816,-0.6081253186466314,-0.3148543523292564,-0.4614898354879439
BACE2,,,,,,,,,,,,
PRDM15,,,,-0.9897495961106313,-0.5273669629447326,-0.758558279527682,,,,,,
ZBTB21,,,,,,,,,,,,
PDE9A,,,,,,,,,,,,
WDR4,,,,,,,,,,,,
NDUFV3,,,,,,,,,,,,
PKNOX1,,,,,,,,,,,,
CBS,,,,,,,,,,,,
U2AF1,0.31160618647243016,0.5546916301131996,0.4331489082928148,,,,,,,,,
RRP1B,,,,,,,,,,,,
PDXK,,,,,,,,,,,,
CSTB,,,,,,,,,,,,
RRP1,,,,,,,,,,,,
AGPAT3,,,,,,,,,,,,
TRAPPC10,,,,,,,,,,,,
PWP2,,,,,,,,,,,,
GATD3,,,,,,,,,,,,
PFKL,,,,,,,,,,,,
CFAP410,,,,,,,,,,,,
UBE2G2,,,,,,,,,,,,
SUMO3,,,,,,,,,,,,
PTTG1IP,,,,,,,,,,,,
SLX9,,,,,,,,,,,,
ADARB1,,,,-0.9941860216477383,-0.5044817022559843,-0.7493338619518612,,,,,,
POFUT2,,,,,,,,,,,,
COL18A1,,,,,,,,,,,,
SLC19A1,,,,,,,,,,,,
PCBP3,-0.4695090273675456,-0.11922549673879934,-0.29436726205317243,,,,,,,,,
COL6A1,,,,,,,,,,,,
SPATC1L,,,,,,,,,,,,
LSS,,,,,,,,,,,,
MCM3AP,,,,,,,,,,,,
YBEY,,,,,,,,,,,,
C21orf58,-0.5774959687411579,-0.19905440662117366,-0.3882751876811658,,,,,,,,,
PCNT,,,,-0.9909743901480165,-0.4502312248503105,-0.7206028074991635,,,,,,
DIP2A,,,,-0.9937702511194223,-0.5391800409716685,-0.7664751460455455,,,,,,
PRMT2,,,,,,,,,,,,
POTEH,-0.40277141615805434,-0.22576941954128513,-0.31427041784966975,-0.994147148267449,-0.5734783311067803,-0.7838127396871146,-0.9133977563891161,-0.20394912069099624,-0.5586734385400562,-0.5698264955148927,-0.2517021400270273,-0.41076431777096
IL17RA,,,,,,,,,,,,
HDHD5,,,,,,,,,,,,
CECR2,,,,-0.9864561824929976,-0.31649977317360783,-0.6514779778333027,,,,,,
ATP6V1E1,,,,,,,,,,,,
BCL2L13,,,,,,,,,,,,
BID,,,,,,,,,,,,
MICAL3,-0.6091227903316487,-0.18975287165464572,-0.3994378309931472,-0.9913725997874618,-0.5362036921531912,-0.7637881459703265,-0.8610019614991616,-0.22832107419501935,-0.5446615178470905,,,
PEX26,,,,,,,,,,,,
USP18,,,,,,,,,,,,
DGCR2,,,,,,,-0.9020086951765356,-0.22185712851105382,-0.5619329118437947,,,
ESS2,,,,,,,,,,,,
SLC25A1,,,,,,,,,,,,
CLTCL1,,,,,,,-0.8666143404668106,-0.16990152977764258,-0.5182579351222266,,,
HIRA,,,,,,,,,,,,
C22orf39,,,,,,,,,,,,
MRPL40,,,,,,,,,,,,
UFD1,,,,,,,,,,,,
CDC45,-0.6752174289105256,-0.25021113208933754,-0.4627142804999316,,,,,,,,,
GP1BB,,,,,,,,,,,,
TBX1,,,,,,,,,,,,
GNB1L,,,,,,,,,,,,
RTL10,,,,,,,,,,,,
TXNRD2,,,,,,,,,,,,
COMT,,,,,,,,,,,,
TANGO2,,,,,,,,,,,,
DGCR8,-0.6034909566817814,-0.1599723442913721,-0.38173165048657676,-0.98976116004696,-0.5138773034194595,-0.7518192317332097,,,,,,
TRMT2A,,,,,,,,,,,,
RANBP1,,,,,,,,,,,,
ZDHHC8,,,,-0.9953880621449,-0.4828195884007577,-0.7391038252728289,,,,,,
DGCR6L,,,,,,,,,,,,
ZNF74,,,,,,,,,,,,
SCARF2,,,,,,,,,,,,
KLHL22,-0.4893376771730982,-0.13391648787934032,-0.31162708252621923,,,,-0.7876809213808845,-0.14438009926262552,-0.466030510321755,,,
MED15,,,,-0.9938158845633394,-0.6095460565400074,-0.8016809705516734,,,,,,
PI4KA,,,,,,,-0.8379408833993144,-0.15945857999334317,-0.49869973169632875,,,
SNAP29,,,,,,,,,,,,
CRKL,,,,,,,,,,,,
LZTR1,,,,,,,,,,,,
THAP7,,,,,,,,,,,,
HIC2,,,,,,,,,,,,
UBE2L3,,,,,,,,,,,,
YDJC,0.22238721867079936,0.4784254848080664,0.3504063517394329,,,,,,,,,
SDF2L1,,,,,,,,,,,,
PPIL2,,,,,,,,,,,,
YPEL1,-0.4481764744753101,-0.15283131630114313,-0.30050389538822664,,,,,,,-0.5533853719801761,-0.11841509208676594,-0.335900232033471
MAPK1,,,,,,,-0.9538699695099186,-0.21655260944667026,-0.5852112894782945,,,
PPM1F,,,,,,,,,,,,
TOP3B,,,,,,,,,,,,
ZNF280B,,,,,,,,,,,,
PRAME,,,,,,,,,,,,
GNAZ,,,,,,,,,,,,
BCR,,,,,,,,,,,,
ZNF70,-0.4389880125441648,-0.0949000102181779,-0.26694401138117135,,,,,,,,,
CHCHD10,,,,,,,,,,,,
SMARCB1,,,,,,,,,,,,
DERL3,,,,,,,,,,,,
SLC2A11,,,,,,,,,,,,
MIF,,,,,,,,,,,,
DDT,,,,,,,,,,,,
CABIN1,,,,,,,,,,,,
SPECC1L,-0.5301415079318195,-0.14590270270990202,-0.33802210532086074,,,,-0.9409352451106398,-0.23152202469921396,-0.5862286349049268,,,
GUCD1,,,,,,,,,,,,
SNRPD3,,,,,,,,,,,,
SGSM1,,,,,,,,,,,,
KIAA1671,,,,,,,,,,,,
GRK3,,,,,,,,,,,,
ASPHD2,,,,,,,,,,,,
HPS4,,,,,,,,,,,,
SRRD,,,,,,,,,,,,
TFIP11,,,,,,,,,,,,
TPST2,,,,,,,,,,,,
PITPNB,,,,,,,,,,,,
TTC28,-0.6423611382673795,-0.2615705784579657,-0.4519658583626726,-0.989990282307863,-0.621905323243809,-0.805947802775836,-0.754065088632139,-0.21409737060152456,-0.48408122961683175,,,
CHEK2,,,,,,,,,,,,
HSCB,,,,,,,,,,,,
CCDC117,,,,,,,,,,,,
XBP1,,,,,,,,,,,,
ZNRF3,,,,,,,-0.9338285316853676,-0.23472876984614444,-0.584278650765756,,,
KREMEN1,,,,,,,,,,,,
EMID1,,,,,,,,,,,,
RHBDD3,,,,,,,,,,,,
EWSR1,,,,,,,,,,,,
AP1B1,,,,,,,,,,,,
THOC5,,,,,,,,,,,,
NIPSNAP1,,,,,,,,,,,,
NF2,,,,,,,,,,,,
ZMAT5,,,,,,,,,,,,
UQCR10,,,,,,,,,,,,
ASCC2,,,,,,,,,,,,
MTMR3,-0.45893299878223914,-0.08361358859594518,-0.27127329368909214,,,,,,,,,
TBC1D10A,,,,,,,,,,,,
SF3A1,,,,,,,,,,,,
RNF215,,,,,,,,,,,,
SEC14L2,-0.5033971694204731,-0.0742577569768685,-0.2888274631986708,,,,,,,,,
MTFP1,,,,,,,,,,,,
PES1,,,,,,,,,,,,
SLC35E4,-0.3585599921504848,-0.011531128472781184,-0.185045560311633,,,,,,,,,
DUSP18,,,,,,,,,,,,
OSBP2,-0.38603823265516773,-0.11200013209231251,-0.24901918237374013,,,,,,,,,
MORC2,,,,,,,,,,,,
TUG1,,,,,,,,,,,,
SMTN,,,,,,,,,,,,
SELENOM,,,,,,,,,,,,
RNF185,,,,,,,,,,,,
LIMK2,-0.38244074635856334,-0.04489356851432597,-0.21366715743644465,,,,,,,,,
PATZ1,,,,,,,,,,,,
DRG1,,,,,,,,,,,,
EIF4ENIF1,,,,,,,,,,,,
SFI1,-0.6446279155613119,-0.18908600423804564,-0.4168569598996788,,,,,,,,,
PISD,,,,,,,,,,,,
PRR14L,,,,,,,,,,,,
DEPDC5,,,,,,,-0.7719113263659332,-0.07690457163476447,-0.42440794900034884,,,
YWHAH,,,,,,,,,,,,
RTCB,,,,,,,,,,,,
FBXO7,,,,,,,,,,,,
SYN3,-0.6255966191501496,-0.29967468040325224,-0.4626356497767009,-0.9944353590300269,-0.6302179698002206,-0.8123266644151237,-0.8931265643439296,-0.27089818043166297,-0.5820123723877962,-0.5702955062481345,-0.15054517812543186,-0.3604203421867832
TIMP3,,,,,,,,,,,,
LARGE1,-0.9144597447750261,-0.3659728379596242,-0.6402162913673252,,,,-0.8776264279565802,-0.3359422686355067,-0.6067843482960434,,,
HMGXB4,,,,,,,,,,,,
TOM1,,,,,,,,,,,,
HMOX1,,,,,,,,,,,,
MCM5,-0.7388503372962654,-0.22921291846889597,-0.4840316278825807,,,,,,,,,
RBFOX2,,,,,,,-0.856132596864824,-0.19632626495364336,-0.5262294309092337,,,
APOL2,,,,,,,,,,,,
MYH9,,,,,,,,,,,,
TXN2,,,,,,,,,,,,
FOXRED2,,,,,,,,,,,,
EIF3D,,,,,,,,,,,,
IFT27,,,,,,,,,,,,
TST,,,,,,,,,,,,
MPST,,,,,,,,,,,,
KCTD17,,,,,,,,,,,,
CDC42EP1,0.13186791542606996,0.46558260269605334,0.2987252590610616,,,,,,,,,
GGA1,,,,,,,,,,,,
SH3BP1,,,,,,,,,,,,
PDXP,,,,,,,,,,,,
NOL12,,,,,,,,,,,,
TRIOBP,,,,,,,,,,,,
GCAT,,,,,,,,,,,,
ANKRD54,,,,,,,,,,,,
EIF3L,,,,,,,,,,,,
MICALL1,,,,,,,,,,,,
POLR2F,,,,,,,,,,,,
PICK1,,,,,,,,,,,,
PLA2G6,,,,,,,,,,,,
TMEM184B,,,,,,,,,,,,
CSNK1E,,,,,,,,,,,,
KDELR3,,,,,,,,,,,,
DDX17,,,,,,,,,,,,
DMC1,,,,,,,,,,,,
FAM227A,,,,,,,,,,,,
CBY1,,,,,,,,,,,,
TOMM22,,,,,,,,,,,,
JOSD1,,,,,,,,,,,,
GTPBP1,,,,,,,,,,,,
SUN2,,,,,,,,,,,,
CBX6,-0.959204493070482,-0.27504644535569905,-0.6171254692130905,,,,-0.990229622256397,-0.6002399176311247,-0.7952347699437609,,,
APOBEC3C,-0.6154053359555313,-0.1607022897680487,-0.38805381286178997,,,,-0.8046784296340211,-0.20973964823678184,-0.5072090389354015,,,
RPL3,,,,,,,,,,,,
SYNGR1,,,,,,,,,,,,
TAB1,,,,,,,,,,,,
MIEF1,,,,,,,,,,,,
ATF4,,,,,,,,,,,,
RPS19BP1,,,,,,,,,,,,
TNRC6B,-0.8602902082879302,-0.17608114298735567,-0.518185675637643,,,,-0.951018098711176,-0.3512707827638193,-0.6511444407374977,,,
ADSL,,,,,,,,,,,,
SGSM3,,,,,,,,,,,,
MRTFA,-0.7023930187954367,-0.2624936487547172,-0.482443333775077,,,,-0.9035686351198834,-0.3201964367433983,-0.6118825359316409,,,
SLC25A17,,,,,,,,,,,,
ST13,,,,,,,,,,,,
XPNPEP3,,,,,,,,,,,,
RBX1,,,,,,,,,,,,
EP300,,,,,,,,,,,,
L3MBTL2,,,,,,,,,,,,
RANGAP1,,,,,,,,,,,,
ZC3H7B,,,,,,,,,,,,
TOB2,,,,,,,,,,,,
ACO2,,,,,,,,,,,,
PHF5A,,,,,,,,,,,,
POLR3H,,,,,,,,,,,,
PMM1,,,,,,,,,,,,
DESI1,,,,,,,,,,,,
XRCC6,,,,,,,,,,,,
SNU13,,,,,,,,,,,,
CCDC134,,,,,,,,,,,,
SREBF2,-0.5299113737719191,-0.09074610847740279,-0.31032874112466097,,,,,,,,,
CENPM,,,,,,,,,,,,
WBP2NL,-0.5024424117566713,-0.11243074973856504,-0.30743658074761815,-0.9913573867825374,-0.51030181118949,-0.7508295989860136,,,,,,
NAGA,,,,,,,,,,,,
SMDT1,,,,,,,,,,,,
NDUFA6,,,,,,,,,,,,
TCF20,,,,,,,,,,,,
RRP7A,,,,,,,,,,,,
POLDIP3,,,,,,,,,,,,
CYB5R3,,,,,,,,,,,,
ARFGAP3,,,,,,,,,,,,
PACSIN2,,,,,,,,,,,,
MCAT,,,,,,,,,,,,
TSPO,,,,,,,,,,,,
TTLL12,,,,,,,,,,,,
PNPLA3,,,,,,,,,,,,
SAMM50,,,,,,,,,,,,
PARVB,,,,-0.9862716460244952,-0.34854260330981657,-0.6674071246671559,,,,,,
RTL6,,,,-0.9823507784599915,-0.3007169446805517,-0.6415338615702716,,,,,,
PRR5,,,,,,,,,,,,
ARHGAP8,,,,,,,,,,,,
PHF21B,,,,,,,,,,,,
NUP50,,,,,,,,,,,,
KIAA0930,,,,,,,,,,,,
FAM118A,,,,,,,,,,,,
RIBC2,-0.5670400071522244,-0.2323041878184744,-0.3996720974853494,,,,,,,,,
FBLN1,,,,,,,,,,,,
ATXN10,,,,-0.9905137887118636,-0.45753456592951697,-0.7240241773206902,,,,,,
PPARA,-0.5008655328164345,-0.1441287726710182,-0.32249715274372637,-0.9852330800457556,-0.42849727465314036,-0.706865177349448,,,,,,
CDPF1,,,,,,,,,,,,
TTC38,,,,,,,,,,,,
GTSE1,0.13898285482243347,0.47688484170717227,0.30793384826480286,,,,,,,,,
TRMU,,,,,,,,,,,,
CELSR1,-0.4243435630056289,-0.07493895000383319,-0.24964125650473107,,,,,,,,,
GRAMD4,,,,,,,,,,,,
CERK,,,,,,,,,,,,
TBC1D22A,-0.475048829752712,-0.10687642261248953,-0.29096262618260077,,,,-0.8372482523033171,-0.21627883658231095,-0.526763544442814,,,
BRD1,,,,,,,,,,,,
ZBED4,,,,,,,,,,,,
ALG12,,,,,,,,,,,,
CRELD2,,,,,,,,,,,,
PIM3,,,,,,,,,,,,
TRABD,,,,,,,,,,,,
SELENOO,,,,,,,,,,,,
TUBGCP6,,,,,,,,,,,,
MAPK12,,,,,,,,,,,,
PLXNB2,,,,,,,,,,,,
PPP6R2,,,,,,,-0.9502308181154433,-0.26563073318878966,-0.6079307756521165,,,
SBF1,,,,,,,,,,,,
LMF2,,,,,,,,,,,,
NCAPH2,,,,,,,,,,,,
SCO2,,,,,,,,,,,,
TYMP,,,,,,,,,,,,
CHKB,,,,,,,,,,,,
MAPK8IP2,,,,,,,,,,,,
SHANK3,-0.29547204250881426,-0.038826331769137225,-0.16714918713897575,-0.9842138114998304,-0.3846711769469348,-0.6844424942233827,,,,,,
RABL2B,,,,,,,,,,,,
PLCXD1,,,,,,,,,,,,
GTPBP6,0.1470793215801777,0.5010426407020792,0.3240609811411284,,,,,,,,,
PPP2R3B,,,,,,,,,,,,
SLC25A6,,,,,,,,,,,,
ASMTL,,,,,,,,,,,,
AKAP17A,,,,,,,,,,,,
DHRSX,-0.9134550438378629,-0.31282848958411796,-0.6131417667109904,,,,-0.9150448642978424,-0.20097675831125802,-0.5580108113045502,-0.8513639052000246,-0.11898692186939536,-0.48517541353470994
CD99,,,,,,,,,,,,
GYG2,,,,,,,,,,,,
PRKX,,,,,,,,,,,,
PUDP,-0.3632244945834895,-0.0656254563087358,-0.21442497544611264,,,,,,,,,
STS,-0.5065568620373976,-0.29008139437720454,-0.3983191282073011,-0.9917196829815521,-0.6151432130476665,-0.8034314480146093,-0.40528998245313796,-0.1527485590160275,-0.2790192707345827,-0.6427702399236557,-0.3065108931441624,-0.47464056653390907
PNPLA4,,,,,,,,,,,,
TBL1X,,,,-0.9872516243164096,-0.217716448390927,-0.6024840363536683,,,,,,
SHROOM2,-0.4407841286411292,-0.23351238605994654,-0.3371482573505379,-0.9921818696639096,-0.5707006558420982,-0.7814412627530039,-0.607503523720404,-0.2105682621339963,-0.4090358929272001,-0.4761779700471166,-0.2077134519171845,-0.34194571098215054
MID1,-0.5375247149491863,-0.1717108500177013,-0.3546177824834438,-0.9869467066263264,-0.4023741732688242,-0.6946604399475753,,,,,,
HCCS,,,,,,,,,,,,
MSL3,,,,,,,,,,,,
FRMPD4,-0.43650743093055355,-0.21688823622625933,-0.3266978335784064,-0.9919251518116092,-0.6174301867111395,-0.8046776692613744,-0.5665686830802651,-0.15906940194068503,-0.36281904251047503,-0.510934483804768,-0.19611143924042887,-0.35352296152259843
PRPS2,-0.692163388963073,-0.2437472141578388,-0.46795530156045584,,,,-0.8621764209191392,-0.17649090969685213,-0.5193336653079956,,,
TMSB4X,,,,,,,,,,,,
RAB9A,,,,,,,,,,,,
TRAPPC2,-0.8949174886122326,-0.27029274868358427,-0.5826051186479084,,,,,,,,,
OFD1,,,,,,,,,,,,
GPM6B,-0.521611656928696,-0.20676713450899076,-0.3641893957188434,-0.9951687246836424,-0.6432463929512489,-0.8192075588174457,,,,,,
GEMIN8,,,,,,,,,,,,
FANCB,,,,,,,,,,,,
MOSPD2,,,,,,,,,,,,
PIGA,,,,,,,,,,,,
PIR,,,,,,,,,,,,
CA5B,-0.508141520879904,-0.15031477247941574,-0.3292281466796599,-0.9860882072620221,-0.41605987586284665,-0.7010740415624344,,,,-0.5039339850477713,-0.10185687174789389,-0.3028954283978326
ZRSR2,,,,,,,,,,,,
AP1S2,,,,,,,,,,,,
CTPS2,-0.4859091120372604,-0.09999337576714872,-0.29295124390220456,,,,,,,,,
SYAP1,,,,,,,,,,,,
TXLNG,,,,,,,,,,,,
RBBP7,,,,,,,,,,,,
NHS,-0.4838155586316366,-0.1798894287444914,-0.331852493688064,,,,,,,,,
SCML1,,,,,,,,,,,,
SCML2,-0.44450003552660056,-0.04530655309151052,-0.24490329430905555,,,,,,,,,
CDKL5,-0.591682692763628,-0.1825274053752367,-0.3871050490694323,-0.9885502005322677,-0.3623716730508635,-0.6754609367915656,-0.7306057791832723,-0.1936806634932352,-0.46214322133825375,,,
PHKA2,,,,,,,,,,,,
PDHA1,,,,,,,,,,,,
MAP3K15,-0.5127510262608078,-0.18032648739222937,-0.3465387568265186,-0.9941966698166628,-0.5592172791843,-0.7767069745004813,,,,,,
SH3KBP1,-0.47239686686742416,-0.15380946201606088,-0.3131031644417425,-0.9936443956290076,-0.6507071318312595,-0.8221757637301336,,,,,,
BCLAF3,,,,,,,,,,,,
MAP7D2,-0.4392885029684809,-0.09549441197918657,-0.26739145747383375,,,,,,,,,
EIF1AX,,,,,,,,,,,,
RPS6KA3,,,,,,,,,,,,
CNKSR2,-0.48703768423918203,-0.28356660750878526,-0.38530214587398365,-0.994294140137974,-0.6221896287463333,-0.8082418844421537,-0.431462748590279,-0.17369015006025265,-0.30257644932526584,-0.5531017056964203,-0.2566409161023553,-0.40487131089938777
MBTPS2,,,,,,,,,,,,
SMS,,,,-0.9881830215462677,-0.46635269534340085,-0.7272678584448342,,,,,,
PRDX4,,,,,,,,,,,,
ACOT9,,,,-0.9967551839638159,-0.6660951173466292,-0.8314251506552226,,,,,,
SAT1,,,,,,,,,,,,
APOO,,,,,,,,,,,,
KLHL15,,,,,,,,,,,,
EIF2S3,-0.9937266689021153,-0.6946796566481823,-0.8442031627751487,,,,-0.9854732642678559,-0.4461345063861369,-0.7158038853269963,-0.9827650798359171,-0.3851071824265662,-0.6839361311312416
ZFX,,,,,,,-0.8921441993164833,-0.29987133658695503,-0.5960077679517192,,,
PDK3,,,,,,,,,,,,
POLA1,-0.8127318217546292,-0.3497823056081609,-0.5812570636813951,,,,-0.8380923459046876,-0.15605570307991845,-0.49707402449230303,,,
IL1RAPL1,-0.43040092866037605,-0.21222619500460663,-0.3213135618324913,-0.9959860200535818,-0.5997958720189748,-0.7978909460362783,,,,-0.5213394334976496,-0.1614201117446959,-0.3413797726211727
GK,,,,,,,,,,,,
TAB3,,,,,,,,,,,,
DMD,-0.623060793857522,-0.3238460934130401,-0.4734534436352811,-0.9916687834785392,-0.6130052012100746,-0.8023369923443069,-0.8574112663097452,-0.17372721967235752,-0.5155692429910513,-0.9339724680278088,-0.2783663023058687,-0.6061693851668387
TMEM47,,,,,,,,,,,,
PRRG1,,,,,,,,,,,,
DYNLT3,,,,,,,,,,,,
RPGR,,,,,,,,,,,,
TSPAN7,,,,,,,,,,,,
MID1IP1,,,,,,,,,,,,
BCOR,-0.7078520407521336,-0.37218878990925053,-0.540020415330692,-0.9956400606426347,-0.779473520102697,-0.8875567903726658,-0.8673438703464859,-0.24794765931863721,-0.5576457648325616,-0.875677847716891,-0.24524824839311318,-0.560463048055002
ATP6AP2,,,,,,,,,,,,
CXorf38,-0.3576069327375245,-0.03651448590177201,-0.19706070931964825,-0.9959583118494935,-0.5313492737429816,-0.7636537927962375,,,,,,
MED14,-0.6418219573423368,-0.11894227581191837,-0.3803821165771276,,,,,,,,,
USP9X,-0.6081741884543573,-0.16039834110011378,-0.38428626477723554,,,,,,,,,
DDX3X,,,,,,,,,,,,
CASK,-0.5238255345077647,-0.18591725230511177,-0.35487139340643825,-0.9959018214532971,-0.5832724914118282,-0.7895871564325627,,,,,,
FUNDC1,,,,,,,,,,,,
KDM6A,-0.6798963424224316,-0.29832281189262994,-0.4891095771575308,,,,-0.9256407700693021,-0.3198825908855409,-0.6227616804774215,-0.6529373358808609,-0.13923724281348362,-0.39608728934717224
KRBOX4,,,,,,,,,,,,
SLC9A7,,,,,,,,,,,,
RP2,,,,,,,,,,,,
JADE3,,,,,,,,,,,,
NDUFB11,,,,,,,,,,,,
RBM10,,,,,,,,,,,,
UBA1,,,,,,,,,,,,
CDK16,,,,,,,,,,,,
USP11,,,,,,,,,,,,
ZNF41,,,,,,,,,,,,
ARAF,,,,,,,,,,,,
TIMP1,,,,,,,,,,,,
ELK1,,,,,,,,,,,,
UXT,,,,,,,,,,,,
ZNF81,,,,,,,,,,,,
FTSJ1,,,,,,,,,,,,
EBP,,,,,,,,,,,,
TBC1D25,,,,,,,,,,,,
RBM3,,,,,,,,,,,,
WDR13,,,,,,,,,,,,
SUV39H1,,,,,,,,,,,,
HDAC6,,,,,,,,,,,,
PCSK1N,,,,,,,,,,,,
PQBP1,0.20579067543739513,0.471186689543419,0.3384886824904071,,,,,,,,,
TIMM17B,,,,,,,,,,,,
SLC35A2,,,,,,,,,,,,
PIM2,,,,,,,,,,,,
OTUD5,,,,,,,,,,,,
GRIPAP1,,,,,,,,,,,,
TFE3,,,,,,,,,,,,
PRAF2,,,,,,,,,,,,
WDR45,,,,,,,,,,,,
GPKOW,,,,,,,,,,,,
PLP2,,,,,,,,,,,,
PRICKLE3,,,,,,,,,,,,
SYP,,,,,,,,,,,,
CCDC22,,,,,,,,,,,,
CLCN5,-0.5129287701024849,-0.11191248041267286,-0.3124206252575789,,,,,,,,,
NUDT11,,,,,,,,,,,,
GSPT2,,,,,,,,,,,,
MAGED1,,,,,,,,,,,,
FAM156A,-0.4582516266030191,-0.12325070357415283,-0.29075116508858595,-0.984951130601142,-0.3946964431648753,-0.6898237868830086,,,,,,
TSPYL2,,,,,,,,,,,,
KANTR,,,,,,,,,,,,
KDM5C,,,,,,,,,,,,
IQSEC2,,,,,,,,,,,,
SMC1A,,,,,,,,,,,,
HSD17B10,,,,,,,,,,,,
HUWE1,,,,,,,,,,,,
PHF8,-0.398719283790623,-0.10470221237320883,-0.2517107480819159,-0.9936130854365227,-0.5570407506879838,-0.7753269180622533,,,,,,
FAM120C,,,,,,,,,,,,
WNK3,,,,,,,,,,,,
TSR2,,,,,,,,,,,,
FGD1,,,,,,,,,,,,
GNL3L,,,,,,,,,,,,
MAGED2,,,,,,,,,,,,
APEX2,,,,,,,,,,,,
FAM104B,,,,,,,,,,,,
RRAGB,,,,,,,,,,,,
UBQLN2,,,,,,,,,,,,
NBDY,,,,,,,,,,,,
SPIN3,,,,,,,,,,,,
SPIN2B,,,,,,,,,,,,
SPIN4,-0.3817538558971073,-0.07065971675826141,-0.22620678632768437,,,,,,,,,
ARHGEF9,,,,,,,,,,,,
AMER1,,,,,,,,,,,,
MTMR8,-0.4989583712659186,-0.12197059903197639,-0.3104644851489475,-0.9892072735641592,-0.36678633505425084,-0.6779968043092051,,,,,,
ZC4H2,-0.5261415458683767,-0.1861266999915023,-0.3561341229299395,-0.9887100828530334,-0.40583256635456644,-0.6972713246037999,-0.7412623076271856,-0.09810253508740738,-0.4196824213572965,,,
ZC3H12B,-0.5470814029336201,-0.2607942058246864,-0.4039378043791532,-0.9814319722972898,-0.4355374791144878,-0.7084847257058888,-0.6408134598515065,-0.11082761624850768,-0.3758205380500071,-0.6077526291043699,-0.15321732208578057,-0.3804849755950752
LAS1L,,,,,,,,,,,,
MSN,,,,,,,,,,,,
AR,,,,,,,,,,,,
OPHN1,-0.7554426213305957,-0.3784975785702423,-0.566970099950419,-0.9974529232768378,-0.7378967641795088,-0.8676748437281733,-0.9365854182737746,-0.28289014809948615,-0.6097377831866304,-0.7172820191329613,-0.16329720156011115,-0.44028961034653624
YIPF6,,,,,,,,,,,,
PJA1,,,,,,,,,,,,
NALF2,,,,,,,,,,,,
EDA,-0.7578788456374879,-0.37905005251896645,-0.5684644490782271,-0.9951715930813855,-0.6816416520779653,-0.8384066225796754,-0.7830701781937527,-0.3061599009617625,-0.5446150395777576,-0.6169543177105925,-0.1695394030646491,-0.3932468603876208
IGBP1,,,,,,,,,,,,
PDZD11,,,,,,,,,,,,
KIF4A,,,,,,,,,,,,
DLG3,,,,,,,,,,,,
SNX12,,,,,,,,,,,,
MED12,,,,,,,,,,,,
ZMYM3,,,,,,,,,,,,
NONO,,,,,,,,,,,,
TAF1,-0.5156046408608518,-0.13346682269678123,-0.3245357317788165,-0.9951060678864334,-0.5326415854891345,-0.763873826687784,-0.8139512290386304,-0.17258101034717263,-0.4932661196929015,,,
OGT,-0.699740446029439,-0.2415403355732088,-0.4706403908013239,-0.9942303056891578,-0.38235767264571874,-0.6882939891674382,-0.9709995845456277,-0.29684989229173475,-0.6339247384186812,,,
NHSL2,-0.3478029799161846,-0.08608792297777008,-0.21694545144697733,-0.989592902485996,-0.5287445328586935,-0.7591687176723447,,,,,,
PIN4,,,,,,,,,,,,
ERCC6L,,,,,,,,,,,,
RPS4X,,,,,,,,,,,,
CITED1,,,,,,,,,,,,
HDAC8,-0.524904061328001,-0.19431078454846473,-0.3596074229382329,-0.9842118179087626,-0.3744262240053291,-0.6793190209570459,,,,,,
PHKA1,,,,,,,,,,,,
CHIC1,,,,-0.9929077556181714,-0.4389497445439659,-0.7159287500810686,,,,,,
SLC16A2,,,,,,,,,,,,
RLIM,,,,,,,,,,,,
ABCB7,,,,-0.9886758849212037,-0.2855066494969034,-0.6370912672090536,,,,,,
UPRT,,,,,,,,,,,,
PBDC1,,,,,,,,,,,,
ATRX,-0.6877216233234515,-0.286076749413362,-0.4868991863684068,-0.9916680366674261,-0.6343623655168278,-0.813015201092127,,,,,,
MAGT1,,,,,,,,,,,,
COX7B,,,,,,,,,,,,
ATP7A,,,,,,,,,,,,
PGK1,,,,,,,,,,,,
TAF9B,-0.7591048149910128,-0.14806423024887935,-0.4535845226199461,,,,,,,,,
LPAR4,-0.5450945619092112,-0.31006547620836317,-0.4275800190587872,-0.9973540912486984,-0.6992154641262044,-0.8482847776874514,-0.524622226619686,-0.23888217590255234,-0.3817522012611192,-0.5606244430006532,-0.3235288896673181,-0.4420766663339856
BRWD3,-0.5385970893251979,-0.16202793863411663,-0.35031251397965724,,,,,,,,,
HMGN5,,,,,,,,,,,,
SH3BGRL,,,,,,,,,,,,
RPS6KA6,-0.30775676783226913,-0.13022925682527806,-0.2189930123287736,-0.9931799797593152,-0.5788324007261335,-0.7860061902427243,,,,-0.5210823524367524,-0.12898051021949195,-0.3250314313281222
HDX,,,,,,,,,,,,
APOOL,-0.818426898647537,-0.20721964333402132,-0.5128232709907792,,,,,,,,,
ZNF711,-0.23912799210101388,-0.07061096213792434,-0.1548694771194691,,,,,,,,,
CHM,-0.4647287419747543,-0.10849937271571011,-0.2866140573452322,-0.9967905867425424,-0.8003472036755936,-0.898568895209068,,,,,,
DACH2,-0.5077437707696231,-0.19000589186217967,-0.34887483131590136,-0.9928876720280744,-0.49827661108913096,-0.7455821415586027,,,,,,
DIAPH2,-0.8342209627059021,-0.23211814626675095,-0.5331695544863265,-0.9934209907672132,-0.5707392676545313,-0.7820801292108723,-0.8764810758747269,-0.3179191764606133,-0.59720012616767,,,
TSPAN6,,,,,,,,,,,,
SYTL4,-0.44799916301506776,-0.11632424757090899,-0.2821617052929884,,,,,,,,,
CSTF2,,,,,,,,,,,,
TRMT2B,-0.5041984661908371,-0.10332549982269883,-0.30376198300676793,-0.9894147515963008,-0.21805664607142783,-0.6037356988338642,,,,,,
CENPI,-0.4870388463174374,-0.2174522958452506,-0.352245571081344,,,,-0.7031843806863233,-0.11383158857039645,-0.40850798462835985,-0.8207656014118306,-0.2175438780770879,-0.5191547397444592
TIMM8A,,,,,,,,,,,,
RPL36A,,,,,,,,,,,,
GLA,,,,,,,,,,,,
HNRNPH2,,,,,,,,,,,,
ARMCX4,-0.3837886965613844,-0.11345298871442845,-0.24862084263790643,,,,,,,-0.511451457585611,-0.07647026836683865,-0.2939608629762248
ARMCX3,,,,,,,,,,,,
BEX5,,,,,,,,,,,,
TMSB15A,-0.5501044271792818,-0.18699085572726268,-0.36854764145327223,,,,,,,,,
ARMCX5,,,,,,,,,,,,
BEX1,,,,,,,,,,,,
BEX4,,,,,,,,,,,,
TCEAL8,,,,,,,,,,,,
BEX2,,,,,,,,,,,,
TCEAL9,,,,,,,,,,,,
BEX3,,,,,,,,,,,,
TCEAL4,,,,,,,,,,,,
TCEAL3,-0.3931655961928809,-0.06686360327651379,-0.23001459973469734,,,,,,,,,
TCEAL1,,,,,,,,,,,,
MORF4L2,,,,,,,,,,,,
SLC25A53,,,,,,,,,,,,
FAM199X,,,,,,,,,,,,
RADX,-0.4199381660043842,-0.09481075908888109,-0.25737446254663265,,,,,,,,,
RNF128,,,,,,,,,,,,
TBC1D8B,,,,,,,,,,,,
MORC4,-0.4969279283365681,-0.10794381420935988,-0.302435871272964,,,,,,,,,
RBM41,,,,,,,,,,,,
NUP62CL,,,,,,,,,,,,
PRPS1,,,,,,,,,,,,
TSC22D3,-0.4286546907803431,-0.14995875339421308,-0.2893067220872781,,,,-0.604097472686181,-0.1775185282279657,-0.3908080004570733,-0.5453909113421168,-0.09256931234218015,-0.3189801118421485
MID2,,,,-0.98908589195999,-0.370496732597166,-0.6797913122785779,,,,,,
PSMD10,,,,,,,,,,,,
ATG4A,,,,,,,,,,,,
COL4A6,-0.48665248094873725,-0.1430353787940844,-0.31484392987141085,,,,,,,,,
COL4A5,-0.5623106017288045,-0.2732086777178324,-0.4177596397233185,-0.9742709723219887,-0.26770702151311376,-0.6209889969175513,-0.7289532087968372,-0.24303396823128956,-0.4859935885140634,,,
IRS4,-0.6637202106936407,-0.2990980914379219,-0.4814091510657813,,,,-0.9261136385461679,-0.28086464111012693,-0.6034891398281474,,,
NXT2,,,,,,,,,,,,
ACSL4,,,,,,,,,,,,
TMEM164,,,,-0.9932188805260254,-0.39454745660143675,-0.693883168563731,,,,,,
AMMECR1,,,,-0.991317715417505,-0.6003644920795244,-0.7958411037485147,,,,,,
PAK3,,,,,,,,,,,,
ALG13,,,,,,,,,,,,
AMOT,-0.6053650815477889,-0.19511258884736163,-0.40023883519757525,-0.9892559014905332,-0.4915188106330493,-0.7403873560617913,-0.7792954552487181,-0.18111890568084074,-0.48020718046477945,-0.5808564544718338,-0.08075147328426961,-0.33080396387805167
LRCH2,,,,,,,,,,,,
PLS3,-0.5831896908696256,-0.15216592935846993,-0.36767781011404777,,,,,,,,,
KLHL13,-0.5092301567878887,-0.14378710217373095,-0.32650862948080983,-0.9947165188799746,-0.6329640692779832,-0.8138402940789788,,,,,,
WDR44,-0.4798544902852407,-0.1720947995510022,-0.32597464491812145,,,,-0.5535814546496184,-0.1248674014918196,-0.339224428070719,,,
DOCK11,-0.5042076384365589,-0.24827847120458138,-0.37624305482057013,-0.9934652621794751,-0.6068139658777796,-0.8001396140286273,-0.8600210682395351,-0.15488053045593356,-0.5074507993477343,-0.8467536939987151,-0.12599024338958723,-0.48637196869415117
IL13RA1,,,,,,,,,,,,
ZCCHC12,,,,,,,,,,,,
LONRF3,,,,,,,,,,,,
PGRMC1,,,,,,,,,,,,
SLC25A43,,,,,,,,,,,,
SLC25A5,,,,,,,,,,,,
UBE2A,,,,,,,,,,,,
STEEP1,,,,,,,,,,,,
NKRF,,,,,,,,,,,,
SEPTIN6,,,,,,,,,,,,
RPL39,,,,,,,,,,,,
UPF3B,,,,,,,,,,,,
RNF113A,,,,,,,,,,,,
NDUFA1,,,,,,,,,,,,
NKAP,,,,,,,,,,,,
RHOXF1,-0.5870818851500321,-0.15259802963398267,-0.36983995739200737,,,,,,,,,
ZBTB33,,,,,,,,,,,,
LAMP2,,,,,,,,,,,,
CUL4B,,,,,,,,,,,,
MCTS1,,,,,,,,,,,,
C1GALT1C1,,,,,,,,,,,,
THOC2,,,,,,,,,,,,
XIAP,,,,,,,-0.8368147220596652,-0.22690495254006757,-0.5318598372998664,,,
STAG2,-0.9677113156545379,-0.49482880644738436,-0.7312700610509612,-0.9901088485738603,-0.6187099065037124,-0.8044093775387864,-0.9744189154924392,-0.2933794774410166,-0.6338991964667279,-0.9813024460798185,-0.258725344858632,-0.6200138954692253
TENM1,-0.2223354387992453,-0.07999113081500546,-0.15116328480712538,,,,,,,,,
SMARCA1,,,,,,,,,,,,
OCRL,,,,,,,,,,,,
ZDHHC9,,,,,,,,,,,,
UTP14A,,,,,,,,,,,,
BCORL1,-0.4049149609747316,-0.1313610470950714,-0.2681380040349015,-0.9928300092345133,-0.541094477710997,-0.7669622434727551,,,,,,
ELF4,,,,,,,,,,,,
AIFM1,,,,,,,,,,,,
ZNF280C,,,,,,,,,,,,
SLC25A14,,,,,,,,,,,,
RBMX2,,,,,,,,,,,,
ENOX2,,,,,,,,,,,,
IGSF1,,,,,,,,,,,,
STK26,,,,,,,,,,,,
RAP2C,-0.6753485427731222,-0.162041369295068,-0.41869495603409507,,,,,,,,,
MBNL3,,,,,,,,,,,,
HS6ST2,-0.4560435509297672,-0.14009550748233102,-0.2980695292060491,,,,-0.7403896077424362,-0.16258230055428724,-0.45148595414836173,,,
GPC4,-0.56440849362525,-0.2312661345081471,-0.39783731406669853,-0.9948023527590055,-0.6872553274070142,-0.8410288400830099,-0.6888199414173966,-0.17190612433938676,-0.43036303287839167,,,
GPC3,-0.7905717358247525,-0.37724386924816194,-0.5839078025364572,,,,-0.8374742312831688,-0.3362547693767837,-0.5868645003299763,-0.6969056888498029,-0.27737674630682824,-0.4871412175783155
PHF6,,,,,,,,,,,,
HPRT1,,,,,,,,,,,,
PLAC1,-0.5772686068422559,-0.19901671046196803,-0.38814265865211195,-0.993602710476284,-0.5657638139182595,-0.7796832621972718,-0.6751166156896626,-0.18564549025634253,-0.43038105297300255,,,
PABIR2,-0.496995990149031,-0.15920448633740006,-0.32810023824321555,,,,,,,,,
PABIR3,-0.4019241972655713,-0.12482091086544178,-0.2633725540655065,,,,,,,,,
MOSPD1,,,,,,,,,,,,
SMIM10,,,,,,,,,,,,
RTL8B,,,,,,,,,,,,
RTL8C,,,,,,,,,,,,
RTL8A,,,,,,,,,,,,
ZNF75D,-0.4236444359952251,-0.0929780777385915,-0.2583112568669083,-0.9928261827014168,-0.5071120435735464,-0.7499691131374816,,,,,,
INTS6L,-0.5184147176588102,-0.1360220945095498,-0.32721840608418,,,,,,,,,
MMGT1,,,,,,,,,,,,
SLC9A6,-0.5144541145721572,-0.10469840294426914,-0.30957625875821315,,,,,,,,,
FHL1,,,,,,,,,,,,
MAP7D3,,,,,,,,,,,,
HTATSF1,,,,,,,,,,,,
RBMX,,,,,,,,,,,,
ZIC3,,,,,,,,,,,,
FGF13,-0.388062513872004,-0.14268820212365185,-0.26537535799782797,-0.9902186837904021,-0.5701040361636076,-0.7801613599770049,-0.503970835573097,-0.11003436248532619,-0.30700259902921156,,,
ATP11C,-0.5078326872676796,-0.10421660458607454,-0.30602464592687706,-0.9954783383012629,-0.5210742711585613,-0.7582763047299121,,,,,,
LDOC1,,,,,,,,,,,,
FMR1,,,,,,,,,,,,
AFF2,-0.3847160296177889,-0.09684456842910058,-0.24078029902344472,-0.9929986582842061,-0.5176877257317952,-0.7553431920080007,,,,,,
IDS,,,,,,,,,,,,
EOLA1,,,,,,,,,,,,
TMEM185A,,,,,,,,,,,,
EOLA2,,,,,,,,,,,,
MTM1,,,,,,,,,,,,
MTMR1,,,,-0.9955653381587082,-0.5273316961245446,-0.7614485171416263,,,,,,
CD99L2,,,,,,,,,,,,
HMGB3,,,,,,,,,,,,
VMA21,,,,,,,,,,,,
MAGEA3,,,,,,,,,,,,
CETN2,,,,,,,,,,,,
NSDHL,,,,,,,,,,,,
PNMA6A,,,,,,,,,,,,
ZNF275,,,,,,,,,,,,
HAUS7,,,,,,,,,,,,
CCNQ,0.1977601629869827,0.5451322168801523,0.37144618993356754,,,,,,,,,
DUSP9,,,,,,,,,,,,
SLC6A8,,,,,,,,,,,,
BCAP31,,,,,,,,,,,,
ABCD1,,,,,,,,,,,,
IDH3G,,,,,,,,,,,,
SSR4,,,,,,,,,,,,
NAA10,,,,,,,,,,,,
HCFC1,,,,,,,,,,,,
TMEM187,,,,,,,,,,,,
IRAK1,,,,,,,,,,,,
MECP2,,,,,,,,,,,,
FLNA,,,,,,,,,,,,
EMD,,,,,,,,,,,,
RPL10,,,,,,,,,,,,
DNASE1L1,,,,,,,,,,,,
TAFAZZIN,,,,,,,,,,,,
ATP6AP1,,,,,,,,,,,,
GDI1,,,,,,,,,,,,
FAM50A,,,,,,,,,,,,
PLXNA3,,,,,,,,,,,,
LAGE3,,,,,,,,,,,,
UBL4A,,,,,,,,,,,,
SLC10A3,,,,,,,,,,,,
FAM3A,,,,,,,,,,,,
G6PD,,,,,,,,,,,,
IKBKG,,,,,,,,,,,,
DKC1,,,,,,,,,,,,
MPP1,,,,,,,,,,,,
FUNDC2,,,,,,,,,,,,
CMC4,,,,,,,,,,,,
MTCP1,-0.6506582557893152,-0.23303598922884533,-0.4418471225090803,,,,,,,,,
BRCC3,,,,,,,,,,,,
VBP1,,,,,,,,,,,,
TMLHE,,,,,,,,,,,,
VAMP7,,,,,,,,,,,,
ZFY,-0.5457927714196308,-0.30267508550855854,-0.4242339284640947,-0.9961950442248623,-0.7326433938105207,-0.8644192190176915,-0.43213024694372154,-0.203245121445702,-0.3176876841947118,-0.6457218756355155,-0.31737203166349914,-0.48154695364950734
PCDH11Y,-0.5983375633688733,-0.3132063712017312,-0.4557719672853023,-0.9946322809112829,-0.6835649854909314,-0.8390986332011071,-0.41620990885786363,-0.14615015678228427,-0.281180032820074,-0.5556012682314131,-0.24608270118156347,-0.4008419847064883
MT-ND1,-0.801144325033491,-0.2829491889626491,-0.54204675699807,-0.9646718342077741,-0.2612230707265165,-0.6129474524671453,-0.9672085195531848,-0.28011024330509054,-0.6236593814291377,,,
MT-ND2,-0.9606875259257595,-0.4214974483791283,-0.6910924871524439,-0.9847688346691904,-0.44764992395453707,-0.7162093793118638,-0.9410259844143611,-0.19002772583424835,-0.5655268551243048,-0.9839421518701373,-0.2382247059951418,-0.6110834289326396
MT-CO1,-0.8021243410060226,-0.28829837719529583,-0.5452113591006592,-0.9837827410733986,-0.4414831344175253,-0.7126329377454619,-0.8536968748409283,-0.18246336319257106,-0.5180801190167497,-0.9518751078760966,-0.11405797374165563,-0.5329665408088762
MT-CO2,-0.8786918308678213,-0.30463602214420793,-0.5916639265060146,-0.9788454148635893,-0.3568817751796226,-0.667863595021606,-0.8792587504143843,-0.20749561991722068,-0.5433771851658025,-0.9734224259697923,-0.20169846728703644,-0.5875604466284143
MT-ATP8,-0.976447235243655,-0.6149207382669312,-0.7956839867552931,-0.9925138171801617,-0.6393061447780378,-0.8159099809790997,-0.9493083743650059,-0.4266179488634352,-0.6879631616142206,-0.9882815383877803,-0.6161893480626366,-0.8022354432252085
MT-ATP6,-0.9883441099589331,-0.647011122329647,-0.81767761614429,-0.9930264314908801,-0.520970901219625,-0.7569986663552526,-0.9856930713402765,-0.5234323381194127,-0.7545627047298447,-0.9896777004577288,-0.5728974679180575,-0.7812875841878932
MT-CO3,-0.9936846428212635,-0.4771015715269123,-0.7353931071740879,,,,-0.9775256495444781,-0.35285376039347127,-0.6651897049689747,,,
MT-ND3,-0.7316122737996748,-0.20713043913460988,-0.46937135646714234,-0.9863848595086633,-0.5366442619571594,-0.7615145607329113,-0.9462497892245474,-0.23199830336394534,-0.5891240462942464,-0.9181645363290138,-0.17111269146725896,-0.5446386138981364
MT-ND4L,-0.6584918388839689,-0.32191129796786105,-0.490201568425915,-0.9872602441738529,-0.38251349549055447,-0.6848868698322037,-0.9276673663789432,-0.3287351224147425,-0.6282012443968429,-0.9551135293606973,-0.3085344238776538,-0.6318239766191756
MT-ND4,-0.8844333745281716,-0.30029443529127137,-0.5923639049097215,,,,-0.8333038829099204,-0.2019110200616899,-0.5176074514858051,,,
MT-ND5,-0.6111117237627408,-0.27316418640650114,-0.44213795508462095,-0.9725006075688226,-0.37804376008160573,-0.6752721838252141,-0.8735017211349662,-0.2698194561380277,-0.5716605886364969,-0.936687202518081,-0.25084483197543894,-0.59376601724676
MT-ND6,-0.8025807339032848,-0.433792856139759,-0.6181867950215219,-0.9943745874020458,-0.6274014288669262,-0.810888008134486,-0.9769734977835234,-0.44095944150629063,-0.708966469644907,-0.9251464672416997,-0.36889056211496957,-0.6470185146783346
MT-CYB,-0.9949482521331575,-0.5931120853516612,-0.7940301687424094,,,,-0.9641236776789462,-0.3281174242889204,-0.6461205509839333,-0.9743214248024981,-0.28833495642793144,-0.6313281906152147
