,MIR3178_All_status,MIR3178_G1_status,MIR3178_S_status,MIR3178_G2M_status
SAMD11,OPTIMAL,OPTIMAL,OPTIMAL,OPTIMAL
NOC2L,INFEASIBLE,INFEASIBLE,OPTIMAL,OPTIMAL
HES4,INFEASIBLE,OPTIMAL,INFEASIBLE,OPTIMAL
ISG15,OPTIMAL,OPTIMAL,OPTIMAL,OPTIMAL
AGRN,OPTIMAL,OPTIMAL,OPTIMAL,OPTIMAL
C1orf159,INFEASIBLE,INFEASIBLE,INFEASIBLE,INFEASIBLE
SDF4,INFEASIBLE,INFEASIBLE,OPTIMAL,OPTIMAL
B3GALT6,OPTIMAL,OPTIMAL,OPTIMAL,OPTIMAL
UBE2J2,INFEASIBLE,INFEASIBLE,OPTIMAL,OPTIMAL
ACAP3,OPTIMAL,OPTIMAL,INFEASIBLE,OPTIMAL
PUSL1,INFEASIBLE,INFEASIBLE,OPTIMAL,OPTIMAL
INTS11,INFEASIBLE,OPTIMAL,OPTIMAL,OPTIMAL
DVL1,OPTIMAL,OPTIMAL,OPTIMAL,OPTIMAL
AURKAIP1,INFEASIBLE,INFEASIBLE,OPTIMAL,OPTIMAL
CCNL2,INFEASIBLE,INFEASIBLE,OPTIMAL,OPTIMAL
MRPL20,INFEASIBLE,INFEASIBLE,OPTIMAL,OPTIMAL
ATAD3B,INFEASIBLE,OPTIMAL,INFEASIBLE,OPTIMAL
ATAD3A,OPTIMAL,OPTIMAL,OPTIMAL,OPTIMAL
SSU72,INFEASIBLE,INFEASIBLE,OPTIMAL,OPTIMAL
MIB2,INFEASIBLE,OPTIMAL,OPTIMAL,OPTIMAL
CDK11B,INFEASIBLE,INFEASIBLE,INFEASIBLE,INFEASIBLE
SLC35E2B,INFEASIBLE,OPTIMAL,INFEASIBLE,OPTIMAL
CDK11A,INFEASIBLE,INFEASIBLE,OPTIMAL,OPTIMAL
NADK,INFEASIBLE,OPTIMAL,OPTIMAL,OPTIMAL
GNB1,INFEASIBLE,OPTIMAL,INFEASIBLE,OPTIMAL
PRKCZ,OPTIMAL,OPTIMAL,OPTIMAL,OPTIMAL
FAAP20,INFEASIBLE,INFEASIBLE,OPTIMAL,INFEASIBLE
SKI,OPTIMAL,OPTIMAL,INFEASIBLE,OPTIMAL
MORN1,INFEASIBLE,INFEASIBLE,OPTIMAL,OPTIMAL
RER1,INFEASIBLE,OPTIMAL,OPTIMAL,OPTIMAL
PEX10,INFEASIBLE,OPTIMAL,INFEASIBLE,OPTIMAL
PANK4,INFEASIBLE,INFEASIBLE,OPTIMAL,OPTIMAL
HES5,INFEASIBLE,OPTIMAL,OPTIMAL,INFEASIBLE
PRDM16,OPTIMAL,OPTIMAL,OPTIMAL,OPTIMAL
TPRG1L,OPTIMAL,OPTIMAL,OPTIMAL,OPTIMAL
WRAP73,INFEASIBLE,OPTIMAL,OPTIMAL,INFEASIBLE
SMIM1,INFEASIBLE,INFEASIBLE,OPTIMAL,OPTIMAL
LRRC47,INFEASIBLE,INFEASIBLE,INFEASIBLE,INFEASIBLE
CEP104,OPTIMAL,OPTIMAL,OPTIMAL,OPTIMAL
DFFB,INFEASIBLE,INFEASIBLE,OPTIMAL,OPTIMAL
C1orf174,INFEASIBLE,INFEASIBLE,OPTIMAL,OPTIMAL
NPHP4,OPTIMAL,OPTIMAL,OPTIMAL,OPTIMAL
KCNAB2,INFEASIBLE,INFEASIBLE,OPTIMAL,OPTIMAL
RPL22,INFEASIBLE,INFEASIBLE,OPTIMAL,OPTIMAL
ICMT,INFEASIBLE,OPTIMAL,OPTIMAL,OPTIMAL
ACOT7,OPTIMAL,OPTIMAL,OPTIMAL,OPTIMAL
NOL9,INFEASIBLE,INFEASIBLE,INFEASIBLE,INFEASIBLE
ZBTB48,INFEASIBLE,INFEASIBLE,OPTIMAL,OPTIMAL
KLHL21,OPTIMAL,OPTIMAL,OPTIMAL,OPTIMAL
PHF13,OPTIMAL,OPTIMAL,OPTIMAL,OPTIMAL
THAP3,INFEASIBLE,INFEASIBLE,OPTIMAL,OPTIMAL
DNAJC11,INFEASIBLE,INFEASIBLE,OPTIMAL,OPTIMAL
CAMTA1,INFEASIBLE,OPTIMAL,INFEASIBLE,OPTIMAL
VAMP3,INFEASIBLE,INFEASIBLE,INFEASIBLE,OPTIMAL
PER3,INFEASIBLE,INFEASIBLE,OPTIMAL,OPTIMAL
PARK7,INFEASIBLE,INFEASIBLE,OPTIMAL,OPTIMAL
ERRFI1,OPTIMAL,OPTIMAL,OPTIMAL,OPTIMAL
RERE,OPTIMAL,OPTIMAL,INFEASIBLE,INFEASIBLE
ENO1,INFEASIBLE,INFEASIBLE,INFEASIBLE,OPTIMAL
GPR157,INFEASIBLE,INFEASIBLE,OPTIMAL,OPTIMAL
H6PD,INFEASIBLE,OPTIMAL,INFEASIBLE,OPTIMAL
SPSB1,OPTIMAL,OPTIMAL,OPTIMAL,OPTIMAL
SLC25A33,INFEASIBLE,OPTIMAL,OPTIMAL,OPTIMAL
TMEM201,INFEASIBLE,INFEASIBLE,OPTIMAL,OPTIMAL
CLSTN1,INFEASIBLE,OPTIMAL,OPTIMAL,OPTIMAL
CTNNBIP1,OPTIMAL,OPTIMAL,OPTIMAL,OPTIMAL
LZIC,INFEASIBLE,INFEASIBLE,OPTIMAL,OPTIMAL
NMNAT1,OPTIMAL,OPTIMAL,OPTIMAL,OPTIMAL
RBP7,INFEASIBLE,INFEASIBLE,OPTIMAL,OPTIMAL
UBE4B,OPTIMAL,OPTIMAL,OPTIMAL,OPTIMAL
KIF1B,OPTIMAL,OPTIMAL,OPTIMAL,OPTIMAL
PGD,INFEASIBLE,INFEASIBLE,OPTIMAL,OPTIMAL
CENPS,INFEASIBLE,INFEASIBLE,OPTIMAL,OPTIMAL
DFFA,INFEASIBLE,INFEASIBLE,OPTIMAL,OPTIMAL
PEX14,INFEASIBLE,INFEASIBLE,INFEASIBLE,OPTIMAL
CASZ1,OPTIMAL,OPTIMAL,OPTIMAL,OPTIMAL
TARDBP,INFEASIBLE,INFEASIBLE,INFEASIBLE,OPTIMAL
SRM,INFEASIBLE,INFEASIBLE,OPTIMAL,OPTIMAL
EXOSC10,INFEASIBLE,INFEASIBLE,OPTIMAL,OPTIMAL
MTOR,INFEASIBLE,OPTIMAL,OPTIMAL,OPTIMAL
UBIAD1,INFEASIBLE,INFEASIBLE,OPTIMAL,OPTIMAL
FBXO44,INFEASIBLE,INFEASIBLE,OPTIMAL,OPTIMAL
MAD2L2,INFEASIBLE,INFEASIBLE,OPTIMAL,OPTIMAL
AGTRAP,INFEASIBLE,INFEASIBLE,OPTIMAL,OPTIMAL
MTHFR,INFEASIBLE,INFEASIBLE,OPTIMAL,INFEASIBLE
CLCN6,INFEASIBLE,INFEASIBLE,OPTIMAL,OPTIMAL
KIAA2013,INFEASIBLE,OPTIMAL,OPTIMAL,OPTIMAL
PLOD1,INFEASIBLE,INFEASIBLE,OPTIMAL,OPTIMAL
MFN2,INFEASIBLE,OPTIMAL,INFEASIBLE,OPTIMAL
MIIP,INFEASIBLE,OPTIMAL,OPTIMAL,OPTIMAL
VPS13D,OPTIMAL,OPTIMAL,OPTIMAL,OPTIMAL
DHRS3,INFEASIBLE,INFEASIBLE,INFEASIBLE,OPTIMAL
PDPN,INFEASIBLE,INFEASIBLE,INFEASIBLE,OPTIMAL
PRDM2,INFEASIBLE,INFEASIBLE,OPTIMAL,INFEASIBLE
KAZN,OPTIMAL,OPTIMAL,OPTIMAL,OPTIMAL
TMEM51,OPTIMAL,OPTIMAL,OPTIMAL,OPTIMAL
EFHD2,OPTIMAL,OPTIMAL,OPTIMAL,OPTIMAL
CASP9,INFEASIBLE,INFEASIBLE,OPTIMAL,OPTIMAL
DNAJC16,OPTIMAL,OPTIMAL,OPTIMAL,OPTIMAL
DDI2,INFEASIBLE,OPTIMAL,OPTIMAL,OPTIMAL
PLEKHM2,OPTIMAL,OPTIMAL,OPTIMAL,OPTIMAL
UQCRHL,INFEASIBLE,INFEASIBLE,OPTIMAL,OPTIMAL
SPEN,INFEASIBLE,OPTIMAL,OPTIMAL,INFEASIBLE
ZBTB17,INFEASIBLE,INFEASIBLE,INFEASIBLE,OPTIMAL
FBXO42,INFEASIBLE,INFEASIBLE,INFEASIBLE,INFEASIBLE
SZRD1,INFEASIBLE,INFEASIBLE,OPTIMAL,OPTIMAL
NECAP2,OPTIMAL,OPTIMAL,OPTIMAL,OPTIMAL
NBPF1,INFEASIBLE,INFEASIBLE,OPTIMAL,OPTIMAL
CROCC,OPTIMAL,OPTIMAL,INFEASIBLE,OPTIMAL
ATP13A2,INFEASIBLE,INFEASIBLE,OPTIMAL,OPTIMAL
SDHB,INFEASIBLE,OPTIMAL,OPTIMAL,OPTIMAL
RCC2,INFEASIBLE,OPTIMAL,OPTIMAL,OPTIMAL
ALDH4A1,INFEASIBLE,INFEASIBLE,OPTIMAL,OPTIMAL
UBR4,INFEASIBLE,INFEASIBLE,OPTIMAL,OPTIMAL
EMC1,INFEASIBLE,INFEASIBLE,OPTIMAL,OPTIMAL
MRTO4,INFEASIBLE,INFEASIBLE,OPTIMAL,OPTIMAL
AKR7A2,INFEASIBLE,INFEASIBLE,OPTIMAL,OPTIMAL
SLC66A1,INFEASIBLE,OPTIMAL,OPTIMAL,OPTIMAL
CAPZB,INFEASIBLE,OPTIMAL,OPTIMAL,OPTIMAL
MICOS10,INFEASIBLE,OPTIMAL,OPTIMAL,OPTIMAL
NBL1,INFEASIBLE,INFEASIBLE,OPTIMAL,OPTIMAL
TMCO4,OPTIMAL,OPTIMAL,OPTIMAL,OPTIMAL
OTUD3,INFEASIBLE,INFEASIBLE,OPTIMAL,OPTIMAL
PLA2G5,OPTIMAL,OPTIMAL,OPTIMAL,OPTIMAL
CAMK2N1,INFEASIBLE,INFEASIBLE,OPTIMAL,INFEASIBLE
MUL1,INFEASIBLE,INFEASIBLE,OPTIMAL,INFEASIBLE
PINK1,INFEASIBLE,INFEASIBLE,OPTIMAL,INFEASIBLE
DDOST,INFEASIBLE,OPTIMAL,OPTIMAL,OPTIMAL
KIF17,OPTIMAL,OPTIMAL,OPTIMAL,INFEASIBLE
HP1BP3,OPTIMAL,OPTIMAL,INFEASIBLE,INFEASIBLE
EIF4G3,INFEASIBLE,INFEASIBLE,INFEASIBLE,INFEASIBLE
ECE1,INFEASIBLE,INFEASIBLE,OPTIMAL,OPTIMAL
USP48,INFEASIBLE,INFEASIBLE,OPTIMAL,INFEASIBLE
HSPG2,INFEASIBLE,INFEASIBLE,INFEASIBLE,OPTIMAL
CDC42,OPTIMAL,OPTIMAL,INFEASIBLE,INFEASIBLE
ZBTB40,INFEASIBLE,INFEASIBLE,OPTIMAL,OPTIMAL
EPHA8,OPTIMAL,OPTIMAL,OPTIMAL,OPTIMAL
EPHB2,INFEASIBLE,OPTIMAL,OPTIMAL,OPTIMAL
KDM1A,INFEASIBLE,OPTIMAL,OPTIMAL,INFEASIBLE
LUZP1,INFEASIBLE,OPTIMAL,INFEASIBLE,OPTIMAL
HNRNPR,INFEASIBLE,INFEASIBLE,OPTIMAL,INFEASIBLE
ASAP3,INFEASIBLE,OPTIMAL,INFEASIBLE,OPTIMAL
E2F2,OPTIMAL,OPTIMAL,OPTIMAL,OPTIMAL
ID3,INFEASIBLE,INFEASIBLE,OPTIMAL,OPTIMAL
RPL11,INFEASIBLE,INFEASIBLE,OPTIMAL,OPTIMAL
ELOA,INFEASIBLE,INFEASIBLE,OPTIMAL,OPTIMAL
PITHD1,INFEASIBLE,INFEASIBLE,INFEASIBLE,OPTIMAL
LYPLA2,OPTIMAL,OPTIMAL,OPTIMAL,OPTIMAL
GALE,INFEASIBLE,OPTIMAL,OPTIMAL,OPTIMAL
HMGCL,OPTIMAL,OPTIMAL,OPTIMAL,OPTIMAL
FUCA1,INFEASIBLE,INFEASIBLE,OPTIMAL,OPTIMAL
PNRC2,INFEASIBLE,INFEASIBLE,INFEASIBLE,OPTIMAL
SRSF10,INFEASIBLE,INFEASIBLE,OPTIMAL,OPTIMAL
GRHL3,INFEASIBLE,OPTIMAL,OPTIMAL,OPTIMAL
STPG1,INFEASIBLE,OPTIMAL,OPTIMAL,OPTIMAL
NIPAL3,INFEASIBLE,OPTIMAL,INFEASIBLE,OPTIMAL
RCAN3,INFEASIBLE,OPTIMAL,INFEASIBLE,INFEASIBLE
SRRM1,INFEASIBLE,INFEASIBLE,OPTIMAL,INFEASIBLE
CLIC4,INFEASIBLE,INFEASIBLE,OPTIMAL,OPTIMAL
SYF2,INFEASIBLE,INFEASIBLE,OPTIMAL,OPTIMAL
RSRP1,OPTIMAL,OPTIMAL,INFEASIBLE,INFEASIBLE
TMEM50A,INFEASIBLE,INFEASIBLE,OPTIMAL,OPTIMAL
MACO1,INFEASIBLE,OPTIMAL,OPTIMAL,OPTIMAL
LDLRAP1,OPTIMAL,OPTIMAL,OPTIMAL,OPTIMAL
SELENON,OPTIMAL,OPTIMAL,OPTIMAL,INFEASIBLE
MTFR1L,INFEASIBLE,INFEASIBLE,OPTIMAL,OPTIMAL
AUNIP,INFEASIBLE,INFEASIBLE,INFEASIBLE,OPTIMAL
PAQR7,INFEASIBLE,INFEASIBLE,OPTIMAL,OPTIMAL
STMN1,INFEASIBLE,INFEASIBLE,OPTIMAL,OPTIMAL
PDIK1L,INFEASIBLE,INFEASIBLE,OPTIMAL,OPTIMAL
ZNF593,INFEASIBLE,INFEASIBLE,OPTIMAL,OPTIMAL
CEP85,INFEASIBLE,INFEASIBLE,OPTIMAL,OPTIMAL
SH3BGRL3,INFEASIBLE,INFEASIBLE,OPTIMAL,OPTIMAL
UBXN11,OPTIMAL,OPTIMAL,OPTIMAL,OPTIMAL
DHDDS,INFEASIBLE,OPTIMAL,OPTIMAL,OPTIMAL
HMGN2,INFEASIBLE,INFEASIBLE,INFEASIBLE,OPTIMAL
RPS6KA1,OPTIMAL,OPTIMAL,OPTIMAL,INFEASIBLE
ARID1A,INFEASIBLE,OPTIMAL,OPTIMAL,OPTIMAL
ZDHHC18,OPTIMAL,OPTIMAL,OPTIMAL,OPTIMAL
GPN2,INFEASIBLE,INFEASIBLE,OPTIMAL,OPTIMAL
GPATCH3,INFEASIBLE,OPTIMAL,OPTIMAL,OPTIMAL
NUDC,INFEASIBLE,INFEASIBLE,OPTIMAL,OPTIMAL
TRNP1,OPTIMAL,OPTIMAL,OPTIMAL,OPTIMAL
SLC9A1,OPTIMAL,OPTIMAL,OPTIMAL,OPTIMAL
WDTC1,OPTIMAL,OPTIMAL,INFEASIBLE,OPTIMAL
TMEM222,INFEASIBLE,INFEASIBLE,OPTIMAL,OPTIMAL
WASF2,OPTIMAL,OPTIMAL,OPTIMAL,OPTIMAL
AHDC1,OPTIMAL,OPTIMAL,OPTIMAL,OPTIMAL
FAM76A,INFEASIBLE,INFEASIBLE,OPTIMAL,INFEASIBLE
STX12,INFEASIBLE,INFEASIBLE,OPTIMAL,INFEASIBLE
PPP1R8,INFEASIBLE,INFEASIBLE,OPTIMAL,OPTIMAL
RPA2,INFEASIBLE,INFEASIBLE,OPTIMAL,OPTIMAL
EYA3,INFEASIBLE,INFEASIBLE,OPTIMAL,OPTIMAL
DNAJC8,INFEASIBLE,INFEASIBLE,OPTIMAL,OPTIMAL
ATP5IF1,INFEASIBLE,INFEASIBLE,OPTIMAL,OPTIMAL
SESN2,INFEASIBLE,INFEASIBLE,OPTIMAL,OPTIMAL
MED18,INFEASIBLE,OPTIMAL,OPTIMAL,INFEASIBLE
PHACTR4,INFEASIBLE,INFEASIBLE,OPTIMAL,INFEASIBLE
RCC1,INFEASIBLE,INFEASIBLE,OPTIMAL,OPTIMAL
TRNAU1AP,INFEASIBLE,INFEASIBLE,INFEASIBLE,OPTIMAL
TAF12,INFEASIBLE,INFEASIBLE,INFEASIBLE,OPTIMAL
GMEB1,OPTIMAL,OPTIMAL,INFEASIBLE,OPTIMAL
YTHDF2,OPTIMAL,OPTIMAL,INFEASIBLE,OPTIMAL
EPB41,INFEASIBLE,INFEASIBLE,INFEASIBLE,INFEASIBLE
SRSF4,INFEASIBLE,INFEASIBLE,INFEASIBLE,OPTIMAL
MECR,OPTIMAL,OPTIMAL,OPTIMAL,OPTIMAL
PTPRU,INFEASIBLE,OPTIMAL,OPTIMAL,OPTIMAL
MATN1,INFEASIBLE,INFEASIBLE,OPTIMAL,INFEASIBLE
SDC3,OPTIMAL,INFEASIBLE,OPTIMAL,OPTIMAL
PUM1,INFEASIBLE,INFEASIBLE,INFEASIBLE,OPTIMAL
NKAIN1,OPTIMAL,OPTIMAL,OPTIMAL,OPTIMAL
SNRNP40,INFEASIBLE,INFEASIBLE,OPTIMAL,OPTIMAL
ZCCHC17,INFEASIBLE,INFEASIBLE,INFEASIBLE,OPTIMAL
PEF1,INFEASIBLE,INFEASIBLE,OPTIMAL,OPTIMAL
PTP4A2,INFEASIBLE,OPTIMAL,OPTIMAL,OPTIMAL
KHDRBS1,INFEASIBLE,OPTIMAL,OPTIMAL,OPTIMAL
TMEM39B,INFEASIBLE,INFEASIBLE,OPTIMAL,OPTIMAL
KPNA6,INFEASIBLE,OPTIMAL,INFEASIBLE,OPTIMAL
TXLNA,INFEASIBLE,INFEASIBLE,OPTIMAL,OPTIMAL
CCDC28B,INFEASIBLE,OPTIMAL,OPTIMAL,OPTIMAL
TMEM234,INFEASIBLE,INFEASIBLE,OPTIMAL,OPTIMAL
EIF3I,INFEASIBLE,INFEASIBLE,OPTIMAL,OPTIMAL
HDAC1,INFEASIBLE,INFEASIBLE,OPTIMAL,OPTIMAL
MARCKSL1,INFEASIBLE,INFEASIBLE,INFEASIBLE,OPTIMAL
BSDC1,INFEASIBLE,INFEASIBLE,INFEASIBLE,OPTIMAL
ZBTB8B,INFEASIBLE,OPTIMAL,OPTIMAL,OPTIMAL
ZBTB8A,OPTIMAL,OPTIMAL,INFEASIBLE,OPTIMAL
ZBTB8OS,OPTIMAL,OPTIMAL,OPTIMAL,OPTIMAL
RBBP4,INFEASIBLE,INFEASIBLE,INFEASIBLE,INFEASIBLE
SYNC,INFEASIBLE,INFEASIBLE,INFEASIBLE,INFEASIBLE
KIAA1522,OPTIMAL,OPTIMAL,OPTIMAL,OPTIMAL
YARS1,INFEASIBLE,INFEASIBLE,INFEASIBLE,OPTIMAL
S100PBP,INFEASIBLE,INFEASIBLE,INFEASIBLE,OPTIMAL
TMEM54,INFEASIBLE,INFEASIBLE,OPTIMAL,OPTIMAL
RNF19B,INFEASIBLE,INFEASIBLE,OPTIMAL,OPTIMAL
AK2,INFEASIBLE,INFEASIBLE,OPTIMAL,OPTIMAL
ZNF362,INFEASIBLE,INFEASIBLE,OPTIMAL,OPTIMAL
PHC2,OPTIMAL,OPTIMAL,INFEASIBLE,OPTIMAL
SMIM12,OPTIMAL,OPTIMAL,OPTIMAL,OPTIMAL
TMEM35B,INFEASIBLE,INFEASIBLE,OPTIMAL,OPTIMAL
ZMYM6,INFEASIBLE,OPTIMAL,INFEASIBLE,OPTIMAL
ZMYM1,INFEASIBLE,OPTIMAL,INFEASIBLE,OPTIMAL
SFPQ,INFEASIBLE,INFEASIBLE,OPTIMAL,OPTIMAL
ZMYM4,INFEASIBLE,INFEASIBLE,INFEASIBLE,OPTIMAL
KIAA0319L,OPTIMAL,OPTIMAL,INFEASIBLE,OPTIMAL
NCDN,OPTIMAL,OPTIMAL,OPTIMAL,OPTIMAL
PSMB2,INFEASIBLE,OPTIMAL,OPTIMAL,OPTIMAL
CLSPN,INFEASIBLE,OPTIMAL,INFEASIBLE,INFEASIBLE
AGO4,OPTIMAL,OPTIMAL,INFEASIBLE,OPTIMAL
AGO1,OPTIMAL,OPTIMAL,INFEASIBLE,OPTIMAL
AGO3,INFEASIBLE,OPTIMAL,INFEASIBLE,INFEASIBLE
ADPRS,OPTIMAL,OPTIMAL,OPTIMAL,OPTIMAL
TRAPPC3,INFEASIBLE,OPTIMAL,OPTIMAL,OPTIMAL
MAP7D1,OPTIMAL,OPTIMAL,OPTIMAL,OPTIMAL
THRAP3,INFEASIBLE,INFEASIBLE,INFEASIBLE,INFEASIBLE
EVA1B,INFEASIBLE,INFEASIBLE,INFEASIBLE,OPTIMAL
STK40,INFEASIBLE,INFEASIBLE,OPTIMAL,OPTIMAL
LSM10,OPTIMAL,OPTIMAL,OPTIMAL,OPTIMAL
OSCP1,INFEASIBLE,INFEASIBLE,OPTIMAL,OPTIMAL
MRPS15,INFEASIBLE,INFEASIBLE,INFEASIBLE,OPTIMAL
MEAF6,INFEASIBLE,OPTIMAL,OPTIMAL,OPTIMAL
SNIP1,INFEASIBLE,INFEASIBLE,OPTIMAL,OPTIMAL
GNL2,INFEASIBLE,INFEASIBLE,OPTIMAL,OPTIMAL
C1orf109,OPTIMAL,OPTIMAL,OPTIMAL,OPTIMAL
CDCA8,INFEASIBLE,OPTIMAL,OPTIMAL,OPTIMAL
MANEAL,OPTIMAL,OPTIMAL,OPTIMAL,OPTIMAL
YRDC,OPTIMAL,OPTIMAL,OPTIMAL,OPTIMAL
C1orf122,INFEASIBLE,INFEASIBLE,OPTIMAL,OPTIMAL
MTF1,INFEASIBLE,INFEASIBLE,OPTIMAL,OPTIMAL
INPP5B,OPTIMAL,OPTIMAL,OPTIMAL,OPTIMAL
SF3A3,INFEASIBLE,OPTIMAL,OPTIMAL,OPTIMAL
FHL3,INFEASIBLE,INFEASIBLE,OPTIMAL,OPTIMAL
UTP11,INFEASIBLE,OPTIMAL,OPTIMAL,OPTIMAL
RRAGC,INFEASIBLE,INFEASIBLE,OPTIMAL,OPTIMAL
MYCBP,INFEASIBLE,INFEASIBLE,OPTIMAL,INFEASIBLE
AKIRIN1,INFEASIBLE,INFEASIBLE,OPTIMAL,OPTIMAL
NDUFS5,INFEASIBLE,INFEASIBLE,OPTIMAL,OPTIMAL
MACF1,OPTIMAL,OPTIMAL,INFEASIBLE,INFEASIBLE
PABPC4,INFEASIBLE,OPTIMAL,OPTIMAL,OPTIMAL
PPIE,INFEASIBLE,INFEASIBLE,OPTIMAL,OPTIMAL
BMP8B,OPTIMAL,OPTIMAL,OPTIMAL,OPTIMAL
TRIT1,INFEASIBLE,INFEASIBLE,OPTIMAL,OPTIMAL
CAP1,INFEASIBLE,INFEASIBLE,OPTIMAL,OPTIMAL
PPT1,INFEASIBLE,INFEASIBLE,OPTIMAL,OPTIMAL
RLF,OPTIMAL,OPTIMAL,OPTIMAL,INFEASIBLE
ZMPSTE24,INFEASIBLE,OPTIMAL,OPTIMAL,INFEASIBLE
SMAP2,INFEASIBLE,INFEASIBLE,OPTIMAL,OPTIMAL
ZNF684,INFEASIBLE,INFEASIBLE,INFEASIBLE,OPTIMAL
NFYC,INFEASIBLE,OPTIMAL,OPTIMAL,OPTIMAL
CTPS1,INFEASIBLE,OPTIMAL,INFEASIBLE,OPTIMAL
SCMH1,INFEASIBLE,INFEASIBLE,INFEASIBLE,OPTIMAL
HIVEP3,INFEASIBLE,INFEASIBLE,OPTIMAL,INFEASIBLE
FOXJ3,INFEASIBLE,OPTIMAL,INFEASIBLE,OPTIMAL
RIMKLA,OPTIMAL,OPTIMAL,OPTIMAL,INFEASIBLE
PPCS,INFEASIBLE,OPTIMAL,OPTIMAL,OPTIMAL
PPIH,INFEASIBLE,INFEASIBLE,OPTIMAL,OPTIMAL
YBX1,INFEASIBLE,INFEASIBLE,INFEASIBLE,OPTIMAL
P3H1,INFEASIBLE,INFEASIBLE,OPTIMAL,OPTIMAL
C1orf50,INFEASIBLE,OPTIMAL,OPTIMAL,OPTIMAL
SVBP,INFEASIBLE,OPTIMAL,INFEASIBLE,OPTIMAL
ZNF691,INFEASIBLE,INFEASIBLE,OPTIMAL,OPTIMAL
SLC2A1,INFEASIBLE,INFEASIBLE,OPTIMAL,INFEASIBLE
EBNA1BP2,INFEASIBLE,INFEASIBLE,INFEASIBLE,OPTIMAL
CDC20,INFEASIBLE,OPTIMAL,OPTIMAL,OPTIMAL
ELOVL1,OPTIMAL,OPTIMAL,OPTIMAL,OPTIMAL
MED8,INFEASIBLE,INFEASIBLE,OPTIMAL,OPTIMAL
SZT2,INFEASIBLE,OPTIMAL,OPTIMAL,OPTIMAL
HYI,INFEASIBLE,INFEASIBLE,OPTIMAL,OPTIMAL
PTPRF,INFEASIBLE,OPTIMAL,OPTIMAL,INFEASIBLE
KDM4A,INFEASIBLE,INFEASIBLE,OPTIMAL,INFEASIBLE
ST3GAL3,INFEASIBLE,OPTIMAL,INFEASIBLE,OPTIMAL
IPO13,INFEASIBLE,OPTIMAL,OPTIMAL,OPTIMAL
DPH2,OPTIMAL,OPTIMAL,OPTIMAL,OPTIMAL
ATP6V0B,INFEASIBLE,INFEASIBLE,OPTIMAL,OPTIMAL
B4GALT2,OPTIMAL,OPTIMAL,OPTIMAL,OPTIMAL
DMAP1,INFEASIBLE,INFEASIBLE,OPTIMAL,OPTIMAL
ERI3,INFEASIBLE,INFEASIBLE,OPTIMAL,OPTIMAL
RNF220,INFEASIBLE,OPTIMAL,INFEASIBLE,OPTIMAL
TMEM53,INFEASIBLE,INFEASIBLE,OPTIMAL,OPTIMAL
KIF2C,INFEASIBLE,INFEASIBLE,OPTIMAL,OPTIMAL
RPS8,INFEASIBLE,INFEASIBLE,INFEASIBLE,OPTIMAL
PTCH2,INFEASIBLE,OPTIMAL,OPTIMAL,INFEASIBLE
EIF2B3,INFEASIBLE,OPTIMAL,OPTIMAL,INFEASIBLE
HECTD3,INFEASIBLE,INFEASIBLE,OPTIMAL,OPTIMAL
UROD,INFEASIBLE,INFEASIBLE,OPTIMAL,OPTIMAL
ZSWIM5,INFEASIBLE,OPTIMAL,OPTIMAL,INFEASIBLE
MUTYH,INFEASIBLE,INFEASIBLE,OPTIMAL,OPTIMAL
TOE1,INFEASIBLE,INFEASIBLE,OPTIMAL,OPTIMAL
TESK2,OPTIMAL,OPTIMAL,OPTIMAL,OPTIMAL
MMACHC,INFEASIBLE,INFEASIBLE,OPTIMAL,OPTIMAL
PRDX1,INFEASIBLE,INFEASIBLE,OPTIMAL,OPTIMAL
AKR1A1,INFEASIBLE,INFEASIBLE,OPTIMAL,OPTIMAL
NASP,INFEASIBLE,INFEASIBLE,OPTIMAL,OPTIMAL
GPBP1L1,INFEASIBLE,INFEASIBLE,INFEASIBLE,OPTIMAL
TMEM69,INFEASIBLE,INFEASIBLE,OPTIMAL,OPTIMAL
IPP,OPTIMAL,OPTIMAL,INFEASIBLE,OPTIMAL
MAST2,OPTIMAL,OPTIMAL,OPTIMAL,OPTIMAL
PIK3R3,INFEASIBLE,INFEASIBLE,OPTIMAL,INFEASIBLE
POMGNT1,INFEASIBLE,INFEASIBLE,OPTIMAL,OPTIMAL
RAD54L,INFEASIBLE,INFEASIBLE,OPTIMAL,OPTIMAL
LRRC41,INFEASIBLE,INFEASIBLE,OPTIMAL,OPTIMAL
UQCRH,INFEASIBLE,INFEASIBLE,INFEASIBLE,INFEASIBLE
NSUN4,OPTIMAL,OPTIMAL,OPTIMAL,OPTIMAL
DMBX1,OPTIMAL,OPTIMAL,OPTIMAL,OPTIMAL
MKNK1,OPTIMAL,OPTIMAL,OPTIMAL,OPTIMAL
ATPAF1,INFEASIBLE,INFEASIBLE,OPTIMAL,OPTIMAL
EFCAB14,OPTIMAL,OPTIMAL,OPTIMAL,OPTIMAL
STIL,INFEASIBLE,INFEASIBLE,OPTIMAL,INFEASIBLE
CMPK1,INFEASIBLE,INFEASIBLE,OPTIMAL,INFEASIBLE
FOXD2,INFEASIBLE,INFEASIBLE,OPTIMAL,OPTIMAL
TRABD2B,OPTIMAL,OPTIMAL,OPTIMAL,OPTIMAL
SPATA6,OPTIMAL,OPTIMAL,OPTIMAL,OPTIMAL
FAF1,INFEASIBLE,OPTIMAL,INFEASIBLE,OPTIMAL
CDKN2C,INFEASIBLE,INFEASIBLE,OPTIMAL,OPTIMAL
RNF11,OPTIMAL,OPTIMAL,OPTIMAL,OPTIMAL
EPS15,INFEASIBLE,INFEASIBLE,INFEASIBLE,INFEASIBLE
OSBPL9,INFEASIBLE,OPTIMAL,OPTIMAL,OPTIMAL
NRDC,INFEASIBLE,INFEASIBLE,INFEASIBLE,OPTIMAL
RAB3B,OPTIMAL,OPTIMAL,OPTIMAL,OPTIMAL
TXNDC12,INFEASIBLE,INFEASIBLE,OPTIMAL,OPTIMAL
KTI12,INFEASIBLE,INFEASIBLE,OPTIMAL,OPTIMAL
BTF3L4,INFEASIBLE,INFEASIBLE,OPTIMAL,OPTIMAL
ZFYVE9,INFEASIBLE,OPTIMAL,OPTIMAL,OPTIMAL
CC2D1B,INFEASIBLE,INFEASIBLE,OPTIMAL,INFEASIBLE
ORC1,INFEASIBLE,INFEASIBLE,OPTIMAL,OPTIMAL
PRPF38A,INFEASIBLE,INFEASIBLE,OPTIMAL,OPTIMAL
TUT4,INFEASIBLE,OPTIMAL,INFEASIBLE,OPTIMAL
COA7,INFEASIBLE,INFEASIBLE,OPTIMAL,OPTIMAL
ZYG11B,INFEASIBLE,INFEASIBLE,INFEASIBLE,INFEASIBLE
ZYG11A,OPTIMAL,OPTIMAL,INFEASIBLE,INFEASIBLE
ECHDC2,INFEASIBLE,OPTIMAL,OPTIMAL,OPTIMAL
SCP2,OPTIMAL,OPTIMAL,OPTIMAL,OPTIMAL
CPT2,OPTIMAL,OPTIMAL,OPTIMAL,OPTIMAL
CZIB,INFEASIBLE,INFEASIBLE,INFEASIBLE,OPTIMAL
MAGOH,INFEASIBLE,INFEASIBLE,OPTIMAL,OPTIMAL
LRP8,OPTIMAL,OPTIMAL,OPTIMAL,OPTIMAL
GLIS1,OPTIMAL,OPTIMAL,OPTIMAL,OPTIMAL
NDC1,INFEASIBLE,INFEASIBLE,INFEASIBLE,INFEASIBLE
YIPF1,OPTIMAL,OPTIMAL,INFEASIBLE,OPTIMAL
IFT25,INFEASIBLE,INFEASIBLE,OPTIMAL,INFEASIBLE
LRRC42,INFEASIBLE,OPTIMAL,OPTIMAL,OPTIMAL
TMEM59,INFEASIBLE,INFEASIBLE,OPTIMAL,OPTIMAL
TCEANC2,INFEASIBLE,INFEASIBLE,OPTIMAL,OPTIMAL
CYB5RL,INFEASIBLE,INFEASIBLE,OPTIMAL,OPTIMAL
MRPL37,OPTIMAL,OPTIMAL,OPTIMAL,OPTIMAL
SSBP3,OPTIMAL,OPTIMAL,INFEASIBLE,OPTIMAL
TTC4,INFEASIBLE,INFEASIBLE,OPTIMAL,OPTIMAL
DHCR24,INFEASIBLE,INFEASIBLE,OPTIMAL,INFEASIBLE
USP24,OPTIMAL,OPTIMAL,OPTIMAL,OPTIMAL
PLPP3,OPTIMAL,OPTIMAL,OPTIMAL,OPTIMAL
PRKAA2,INFEASIBLE,OPTIMAL,INFEASIBLE,INFEASIBLE
DAB1,OPTIMAL,OPTIMAL,OPTIMAL,OPTIMAL
OMA1,INFEASIBLE,INFEASIBLE,OPTIMAL,OPTIMAL
MYSM1,INFEASIBLE,OPTIMAL,INFEASIBLE,INFEASIBLE
JUN,INFEASIBLE,OPTIMAL,OPTIMAL,OPTIMAL
FGGY,INFEASIBLE,OPTIMAL,OPTIMAL,OPTIMAL
HOOK1,INFEASIBLE,INFEASIBLE,OPTIMAL,OPTIMAL
NFIA,INFEASIBLE,INFEASIBLE,INFEASIBLE,INFEASIBLE
TM2D1,INFEASIBLE,INFEASIBLE,OPTIMAL,OPTIMAL
PATJ,OPTIMAL,OPTIMAL,OPTIMAL,OPTIMAL
USP1,INFEASIBLE,INFEASIBLE,INFEASIBLE,OPTIMAL
DOCK7,OPTIMAL,OPTIMAL,OPTIMAL,OPTIMAL
ATG4C,INFEASIBLE,OPTIMAL,OPTIMAL,OPTIMAL
ALG6,INFEASIBLE,INFEASIBLE,INFEASIBLE,OPTIMAL
ITGB3BP,INFEASIBLE,INFEASIBLE,OPTIMAL,OPTIMAL
EFCAB7,INFEASIBLE,INFEASIBLE,OPTIMAL,OPTIMAL
PGM1,OPTIMAL,OPTIMAL,OPTIMAL,OPTIMAL
ROR1,OPTIMAL,OPTIMAL,OPTIMAL,OPTIMAL
CACHD1,OPTIMAL,OPTIMAL,INFEASIBLE,OPTIMAL
RAVER2,OPTIMAL,OPTIMAL,INFEASIBLE,OPTIMAL
JAK1,INFEASIBLE,INFEASIBLE,OPTIMAL,OPTIMAL
AK4,INFEASIBLE,INFEASIBLE,OPTIMAL,OPTIMAL
DNAJC6,INFEASIBLE,INFEASIBLE,OPTIMAL,INFEASIBLE
LEPROT,INFEASIBLE,INFEASIBLE,OPTIMAL,OPTIMAL
LEPR,INFEASIBLE,INFEASIBLE,OPTIMAL,OPTIMAL
MIER1,INFEASIBLE,INFEASIBLE,OPTIMAL,OPTIMAL
SLC35D1,INFEASIBLE,OPTIMAL,INFEASIBLE,OPTIMAL
IL12RB2,OPTIMAL,OPTIMAL,OPTIMAL,OPTIMAL
SERBP1,INFEASIBLE,INFEASIBLE,INFEASIBLE,OPTIMAL
GADD45A,OPTIMAL,OPTIMAL,INFEASIBLE,OPTIMAL
GNG12,OPTIMAL,OPTIMAL,OPTIMAL,OPTIMAL
WLS,INFEASIBLE,INFEASIBLE,OPTIMAL,OPTIMAL
DEPDC1,INFEASIBLE,INFEASIBLE,OPTIMAL,OPTIMAL
LRRC40,INFEASIBLE,INFEASIBLE,OPTIMAL,INFEASIBLE
SRSF11,OPTIMAL,OPTIMAL,INFEASIBLE,OPTIMAL
ANKRD13C,INFEASIBLE,INFEASIBLE,INFEASIBLE,OPTIMAL
CTH,INFEASIBLE,INFEASIBLE,OPTIMAL,OPTIMAL
ZRANB2,INFEASIBLE,INFEASIBLE,OPTIMAL,OPTIMAL
LRRIQ3,OPTIMAL,OPTIMAL,OPTIMAL,OPTIMAL
FPGT,INFEASIBLE,INFEASIBLE,OPTIMAL,OPTIMAL
TNNI3K,OPTIMAL,OPTIMAL,OPTIMAL,OPTIMAL
CRYZ,INFEASIBLE,INFEASIBLE,OPTIMAL,INFEASIBLE
TYW3,INFEASIBLE,INFEASIBLE,INFEASIBLE,OPTIMAL
LHX8,INFEASIBLE,INFEASIBLE,OPTIMAL,OPTIMAL
SLC44A5,OPTIMAL,OPTIMAL,INFEASIBLE,INFEASIBLE
ACADM,INFEASIBLE,OPTIMAL,OPTIMAL,INFEASIBLE
RABGGTB,INFEASIBLE,INFEASIBLE,OPTIMAL,OPTIMAL
ST6GALNAC3,OPTIMAL,OPTIMAL,OPTIMAL,OPTIMAL
PIGK,INFEASIBLE,INFEASIBLE,OPTIMAL,OPTIMAL
ZZZ3,INFEASIBLE,INFEASIBLE,INFEASIBLE,OPTIMAL
USP33,INFEASIBLE,INFEASIBLE,OPTIMAL,OPTIMAL
MIGA1,INFEASIBLE,INFEASIBLE,INFEASIBLE,OPTIMAL
NEXN,OPTIMAL,OPTIMAL,OPTIMAL,OPTIMAL
FUBP1,INFEASIBLE,INFEASIBLE,INFEASIBLE,OPTIMAL
DNAJB4,INFEASIBLE,INFEASIBLE,OPTIMAL,OPTIMAL
ADGRL2,INFEASIBLE,OPTIMAL,OPTIMAL,OPTIMAL
TTLL7,INFEASIBLE,INFEASIBLE,OPTIMAL,OPTIMAL
PRKACB,INFEASIBLE,INFEASIBLE,OPTIMAL,OPTIMAL
RPF1,INFEASIBLE,INFEASIBLE,OPTIMAL,OPTIMAL
GNG5,INFEASIBLE,INFEASIBLE,INFEASIBLE,OPTIMAL
CTBS,INFEASIBLE,INFEASIBLE,OPTIMAL,OPTIMAL
SSX2IP,INFEASIBLE,OPTIMAL,OPTIMAL,INFEASIBLE
LPAR3,OPTIMAL,OPTIMAL,INFEASIBLE,OPTIMAL
MCOLN2,INFEASIBLE,OPTIMAL,INFEASIBLE,OPTIMAL
DNAI3,INFEASIBLE,INFEASIBLE,OPTIMAL,OPTIMAL
MCOLN3,INFEASIBLE,INFEASIBLE,OPTIMAL,OPTIMAL
SYDE2,OPTIMAL,OPTIMAL,OPTIMAL,OPTIMAL
C1orf52,INFEASIBLE,INFEASIBLE,OPTIMAL,OPTIMAL
BCL10,INFEASIBLE,INFEASIBLE,OPTIMAL,OPTIMAL
DDAH1,INFEASIBLE,INFEASIBLE,OPTIMAL,OPTIMAL
CCN1,INFEASIBLE,INFEASIBLE,OPTIMAL,OPTIMAL
ZNHIT6,INFEASIBLE,INFEASIBLE,OPTIMAL,OPTIMAL
ODF2L,INFEASIBLE,INFEASIBLE,OPTIMAL,OPTIMAL
SH3GLB1,INFEASIBLE,INFEASIBLE,INFEASIBLE,OPTIMAL
SELENOF,INFEASIBLE,INFEASIBLE,INFEASIBLE,OPTIMAL
HS2ST1,INFEASIBLE,OPTIMAL,INFEASIBLE,INFEASIBLE
LMO4,INFEASIBLE,INFEASIBLE,INFEASIBLE,OPTIMAL
PKN2,INFEASIBLE,INFEASIBLE,OPTIMAL,OPTIMAL
GTF2B,OPTIMAL,OPTIMAL,OPTIMAL,OPTIMAL
KYAT3,INFEASIBLE,INFEASIBLE,OPTIMAL,OPTIMAL
RBMXL1,INFEASIBLE,OPTIMAL,OPTIMAL,OPTIMAL
LRRC8B,INFEASIBLE,INFEASIBLE,OPTIMAL,INFEASIBLE
LRRC8C,OPTIMAL,OPTIMAL,INFEASIBLE,INFEASIBLE
LRRC8D,INFEASIBLE,INFEASIBLE,INFEASIBLE,OPTIMAL
ZNF326,INFEASIBLE,INFEASIBLE,OPTIMAL,OPTIMAL
ZNF644,OPTIMAL,OPTIMAL,OPTIMAL,OPTIMAL
HFM1,INFEASIBLE,OPTIMAL,OPTIMAL,INFEASIBLE
CDC7,INFEASIBLE,OPTIMAL,INFEASIBLE,OPTIMAL
TGFBR3,OPTIMAL,INFEASIBLE,OPTIMAL,OPTIMAL
BTBD8,OPTIMAL,OPTIMAL,OPTIMAL,OPTIMAL
GLMN,INFEASIBLE,INFEASIBLE,OPTIMAL,OPTIMAL
RPAP2,OPTIMAL,OPTIMAL,INFEASIBLE,INFEASIBLE
EVI5,INFEASIBLE,INFEASIBLE,INFEASIBLE,INFEASIBLE
RPL5,INFEASIBLE,INFEASIBLE,OPTIMAL,OPTIMAL
DIPK1A,INFEASIBLE,OPTIMAL,INFEASIBLE,INFEASIBLE
MTF2,INFEASIBLE,INFEASIBLE,INFEASIBLE,OPTIMAL
TMED5,INFEASIBLE,INFEASIBLE,INFEASIBLE,INFEASIBLE
CCDC18,OPTIMAL,OPTIMAL,OPTIMAL,OPTIMAL
DR1,INFEASIBLE,INFEASIBLE,OPTIMAL,OPTIMAL
FNBP1L,INFEASIBLE,INFEASIBLE,OPTIMAL,OPTIMAL
BCAR3,INFEASIBLE,INFEASIBLE,OPTIMAL,OPTIMAL
DNTTIP2,INFEASIBLE,INFEASIBLE,INFEASIBLE,OPTIMAL
GCLM,INFEASIBLE,INFEASIBLE,INFEASIBLE,OPTIMAL
ARHGAP29,OPTIMAL,OPTIMAL,OPTIMAL,OPTIMAL
ABCD3,OPTIMAL,OPTIMAL,OPTIMAL,OPTIMAL
CNN3,INFEASIBLE,INFEASIBLE,OPTIMAL,OPTIMAL
ALG14,INFEASIBLE,INFEASIBLE,OPTIMAL,OPTIMAL
TLCD4,INFEASIBLE,INFEASIBLE,OPTIMAL,OPTIMAL
RWDD3,INFEASIBLE,INFEASIBLE,OPTIMAL,OPTIMAL
PTBP2,OPTIMAL,OPTIMAL,INFEASIBLE,INFEASIBLE
DPYD,OPTIMAL,OPTIMAL,OPTIMAL,OPTIMAL
SNX7,INFEASIBLE,INFEASIBLE,OPTIMAL,INFEASIBLE
FRRS1,INFEASIBLE,INFEASIBLE,OPTIMAL,OPTIMAL
AGL,INFEASIBLE,INFEASIBLE,OPTIMAL,OPTIMAL
SLC35A3,INFEASIBLE,INFEASIBLE,OPTIMAL,OPTIMAL
MFSD14A,INFEASIBLE,OPTIMAL,OPTIMAL,OPTIMAL
SASS6,INFEASIBLE,OPTIMAL,INFEASIBLE,OPTIMAL
TRMT13,INFEASIBLE,OPTIMAL,OPTIMAL,OPTIMAL
DBT,INFEASIBLE,INFEASIBLE,OPTIMAL,OPTIMAL
RTCA,INFEASIBLE,INFEASIBLE,OPTIMAL,OPTIMAL
CDC14A,INFEASIBLE,INFEASIBLE,INFEASIBLE,OPTIMAL
EXTL2,INFEASIBLE,INFEASIBLE,OPTIMAL,OPTIMAL
SLC30A7,INFEASIBLE,INFEASIBLE,INFEASIBLE,OPTIMAL
DPH5,INFEASIBLE,OPTIMAL,OPTIMAL,OPTIMAL
RNPC3,INFEASIBLE,INFEASIBLE,OPTIMAL,INFEASIBLE
PRMT6,INFEASIBLE,INFEASIBLE,OPTIMAL,OPTIMAL
VAV3,INFEASIBLE,OPTIMAL,OPTIMAL,OPTIMAL
SLC25A24,INFEASIBLE,INFEASIBLE,OPTIMAL,INFEASIBLE
EEIG2,INFEASIBLE,OPTIMAL,OPTIMAL,OPTIMAL
PRPF38B,INFEASIBLE,INFEASIBLE,OPTIMAL,INFEASIBLE
STXBP3,INFEASIBLE,INFEASIBLE,OPTIMAL,OPTIMAL
GPSM2,OPTIMAL,OPTIMAL,INFEASIBLE,OPTIMAL
CLCC1,INFEASIBLE,INFEASIBLE,OPTIMAL,OPTIMAL
WDR47,INFEASIBLE,OPTIMAL,OPTIMAL,OPTIMAL
TAF13,INFEASIBLE,INFEASIBLE,OPTIMAL,OPTIMAL
TMEM167B,OPTIMAL,OPTIMAL,OPTIMAL,OPTIMAL
SARS1,INFEASIBLE,INFEASIBLE,OPTIMAL,OPTIMAL
CELSR2,OPTIMAL,OPTIMAL,OPTIMAL,OPTIMAL
PSRC1,INFEASIBLE,OPTIMAL,OPTIMAL,INFEASIBLE
SORT1,OPTIMAL,OPTIMAL,OPTIMAL,OPTIMAL
PSMA5,INFEASIBLE,INFEASIBLE,INFEASIBLE,OPTIMAL
GNAI3,INFEASIBLE,INFEASIBLE,OPTIMAL,OPTIMAL
AMPD2,INFEASIBLE,INFEASIBLE,OPTIMAL,OPTIMAL
GSTM3,OPTIMAL,OPTIMAL,OPTIMAL,OPTIMAL
AHCYL1,INFEASIBLE,OPTIMAL,OPTIMAL,OPTIMAL
STRIP1,INFEASIBLE,OPTIMAL,OPTIMAL,OPTIMAL
KCNC4,INFEASIBLE,INFEASIBLE,OPTIMAL,INFEASIBLE
RBM15,OPTIMAL,OPTIMAL,OPTIMAL,OPTIMAL
SLC16A4,INFEASIBLE,INFEASIBLE,OPTIMAL,OPTIMAL
LAMTOR5,INFEASIBLE,INFEASIBLE,OPTIMAL,OPTIMAL
LRIF1,INFEASIBLE,INFEASIBLE,OPTIMAL,OPTIMAL
DRAM2,INFEASIBLE,INFEASIBLE,OPTIMAL,OPTIMAL
CEPT1,INFEASIBLE,INFEASIBLE,OPTIMAL,INFEASIBLE
WDR77,INFEASIBLE,INFEASIBLE,OPTIMAL,OPTIMAL
ATP5PB,INFEASIBLE,INFEASIBLE,OPTIMAL,OPTIMAL
RAP1A,OPTIMAL,OPTIMAL,OPTIMAL,INFEASIBLE
DDX20,INFEASIBLE,INFEASIBLE,OPTIMAL,OPTIMAL
CTTNBP2NL,INFEASIBLE,OPTIMAL,OPTIMAL,INFEASIBLE
ST7L,OPTIMAL,OPTIMAL,INFEASIBLE,INFEASIBLE
CAPZA1,INFEASIBLE,INFEASIBLE,INFEASIBLE,INFEASIBLE
MOV10,INFEASIBLE,INFEASIBLE,INFEASIBLE,OPTIMAL
RHOC,INFEASIBLE,OPTIMAL,OPTIMAL,OPTIMAL
SLC16A1,INFEASIBLE,INFEASIBLE,INFEASIBLE,OPTIMAL
LRIG2,INFEASIBLE,INFEASIBLE,INFEASIBLE,INFEASIBLE
MAGI3,INFEASIBLE,INFEASIBLE,INFEASIBLE,OPTIMAL
PHTF1,OPTIMAL,OPTIMAL,OPTIMAL,OPTIMAL
RSBN1,INFEASIBLE,OPTIMAL,OPTIMAL,OPTIMAL
AP4B1,INFEASIBLE,INFEASIBLE,OPTIMAL,OPTIMAL
DCLRE1B,INFEASIBLE,INFEASIBLE,OPTIMAL,OPTIMAL
HIPK1,INFEASIBLE,OPTIMAL,INFEASIBLE,OPTIMAL
TRIM33,OPTIMAL,OPTIMAL,OPTIMAL,INFEASIBLE
BCAS2,INFEASIBLE,INFEASIBLE,OPTIMAL,OPTIMAL
DENND2C,OPTIMAL,OPTIMAL,OPTIMAL,INFEASIBLE
NRAS,INFEASIBLE,INFEASIBLE,OPTIMAL,OPTIMAL
CSDE1,INFEASIBLE,OPTIMAL,INFEASIBLE,OPTIMAL
SIKE1,INFEASIBLE,INFEASIBLE,OPTIMAL,OPTIMAL
VANGL1,INFEASIBLE,INFEASIBLE,OPTIMAL,OPTIMAL
SLC22A15,INFEASIBLE,INFEASIBLE,OPTIMAL,OPTIMAL
ATP1A1,INFEASIBLE,OPTIMAL,OPTIMAL,INFEASIBLE
CD58,INFEASIBLE,OPTIMAL,OPTIMAL,INFEASIBLE
IGSF3,OPTIMAL,OPTIMAL,INFEASIBLE,OPTIMAL
PTGFRN,OPTIMAL,OPTIMAL,OPTIMAL,OPTIMAL
TTF2,INFEASIBLE,INFEASIBLE,OPTIMAL,INFEASIBLE
MAN1A2,INFEASIBLE,OPTIMAL,INFEASIBLE,OPTIMAL
GDAP2,INFEASIBLE,INFEASIBLE,INFEASIBLE,OPTIMAL
WDR3,INFEASIBLE,OPTIMAL,OPTIMAL,OPTIMAL
WARS2,INFEASIBLE,OPTIMAL,OPTIMAL,OPTIMAL
ZNF697,OPTIMAL,OPTIMAL,OPTIMAL,OPTIMAL
PHGDH,INFEASIBLE,OPTIMAL,OPTIMAL,INFEASIBLE
NOTCH2,INFEASIBLE,INFEASIBLE,INFEASIBLE,OPTIMAL
SEC22B,INFEASIBLE,INFEASIBLE,OPTIMAL,OPTIMAL
NBPF8,INFEASIBLE,OPTIMAL,OPTIMAL,OPTIMAL
FAM72B,INFEASIBLE,INFEASIBLE,INFEASIBLE,OPTIMAL
SRGAP2C,OPTIMAL,OPTIMAL,OPTIMAL,OPTIMAL
NBPF15,OPTIMAL,OPTIMAL,OPTIMAL,OPTIMAL
SRGAP2B,OPTIMAL,OPTIMAL,OPTIMAL,OPTIMAL
NBPF20,OPTIMAL,OPTIMAL,OPTIMAL,OPTIMAL
GPR89A,INFEASIBLE,INFEASIBLE,OPTIMAL,INFEASIBLE
RNF115,OPTIMAL,OPTIMAL,OPTIMAL,OPTIMAL
POLR3C,INFEASIBLE,INFEASIBLE,OPTIMAL,OPTIMAL
PIAS3,INFEASIBLE,INFEASIBLE,OPTIMAL,OPTIMAL
PEX11B,INFEASIBLE,INFEASIBLE,OPTIMAL,OPTIMAL
RBM8A,INFEASIBLE,INFEASIBLE,OPTIMAL,OPTIMAL
LIX1L,INFEASIBLE,OPTIMAL,OPTIMAL,INFEASIBLE
POLR3GL,INFEASIBLE,INFEASIBLE,OPTIMAL,OPTIMAL
TXNIP,INFEASIBLE,OPTIMAL,OPTIMAL,OPTIMAL
NOTCH2NLA,INFEASIBLE,INFEASIBLE,OPTIMAL,INFEASIBLE
NBPF12,INFEASIBLE,INFEASIBLE,OPTIMAL,OPTIMAL
PRKAB2,INFEASIBLE,INFEASIBLE,INFEASIBLE,OPTIMAL
BCL9,INFEASIBLE,INFEASIBLE,OPTIMAL,OPTIMAL
ACP6,OPTIMAL,OPTIMAL,OPTIMAL,OPTIMAL
GPR89B,INFEASIBLE,OPTIMAL,OPTIMAL,OPTIMAL
NBPF11,OPTIMAL,OPTIMAL,OPTIMAL,OPTIMAL
PDE4DIP,OPTIMAL,OPTIMAL,OPTIMAL,OPTIMAL
NBPF9,INFEASIBLE,INFEASIBLE,INFEASIBLE,OPTIMAL
NOTCH2NLC,OPTIMAL,OPTIMAL,INFEASIBLE,OPTIMAL
BOLA1,INFEASIBLE,INFEASIBLE,INFEASIBLE,OPTIMAL
SV2A,INFEASIBLE,INFEASIBLE,OPTIMAL,OPTIMAL
SF3B4,INFEASIBLE,OPTIMAL,OPTIMAL,OPTIMAL
OTUD7B,INFEASIBLE,INFEASIBLE,INFEASIBLE,OPTIMAL
VPS45,INFEASIBLE,OPTIMAL,OPTIMAL,OPTIMAL
PLEKHO1,INFEASIBLE,OPTIMAL,OPTIMAL,OPTIMAL
ANP32E,INFEASIBLE,INFEASIBLE,INFEASIBLE,OPTIMAL
APH1A,INFEASIBLE,OPTIMAL,OPTIMAL,OPTIMAL
C1orf54,INFEASIBLE,INFEASIBLE,OPTIMAL,INFEASIBLE
MRPS21,INFEASIBLE,INFEASIBLE,INFEASIBLE,OPTIMAL
PRPF3,INFEASIBLE,INFEASIBLE,OPTIMAL,OPTIMAL
RPRD2,OPTIMAL,OPTIMAL,OPTIMAL,OPTIMAL
TARS2,INFEASIBLE,INFEASIBLE,OPTIMAL,OPTIMAL
MCL1,INFEASIBLE,INFEASIBLE,OPTIMAL,OPTIMAL
ENSA,INFEASIBLE,INFEASIBLE,INFEASIBLE,INFEASIBLE
GOLPH3L,INFEASIBLE,INFEASIBLE,OPTIMAL,OPTIMAL
ARNT,INFEASIBLE,OPTIMAL,INFEASIBLE,OPTIMAL
SETDB1,INFEASIBLE,INFEASIBLE,INFEASIBLE,OPTIMAL
CERS2,INFEASIBLE,OPTIMAL,OPTIMAL,INFEASIBLE
MINDY1,INFEASIBLE,INFEASIBLE,OPTIMAL,OPTIMAL
PRUNE1,INFEASIBLE,INFEASIBLE,OPTIMAL,OPTIMAL
C1orf56,INFEASIBLE,INFEASIBLE,INFEASIBLE,INFEASIBLE
CDC42SE1,INFEASIBLE,INFEASIBLE,OPTIMAL,INFEASIBLE
GABPB2,OPTIMAL,OPTIMAL,OPTIMAL,OPTIMAL
SCNM1,INFEASIBLE,INFEASIBLE,OPTIMAL,OPTIMAL
LYSMD1,INFEASIBLE,INFEASIBLE,OPTIMAL,OPTIMAL
VPS72,INFEASIBLE,INFEASIBLE,OPTIMAL,OPTIMAL
PIP5K1A,INFEASIBLE,INFEASIBLE,INFEASIBLE,INFEASIBLE
PSMD4,INFEASIBLE,INFEASIBLE,OPTIMAL,OPTIMAL
ZNF687,INFEASIBLE,OPTIMAL,OPTIMAL,OPTIMAL
PI4KB,INFEASIBLE,INFEASIBLE,OPTIMAL,OPTIMAL
RFX5,INFEASIBLE,INFEASIBLE,OPTIMAL,OPTIMAL
SELENBP1,INFEASIBLE,INFEASIBLE,OPTIMAL,OPTIMAL
PSMB4,INFEASIBLE,INFEASIBLE,INFEASIBLE,OPTIMAL
POGZ,OPTIMAL,OPTIMAL,INFEASIBLE,INFEASIBLE
CGN,INFEASIBLE,INFEASIBLE,INFEASIBLE,OPTIMAL
SNX27,INFEASIBLE,INFEASIBLE,OPTIMAL,OPTIMAL
MRPL9,INFEASIBLE,INFEASIBLE,OPTIMAL,OPTIMAL
TDRKH,INFEASIBLE,INFEASIBLE,OPTIMAL,OPTIMAL
THEM4,INFEASIBLE,INFEASIBLE,OPTIMAL,OPTIMAL
S100A10,INFEASIBLE,INFEASIBLE,OPTIMAL,OPTIMAL
S100A11,INFEASIBLE,INFEASIBLE,OPTIMAL,OPTIMAL
S100A13,INFEASIBLE,INFEASIBLE,OPTIMAL,OPTIMAL
CHTOP,INFEASIBLE,INFEASIBLE,OPTIMAL,OPTIMAL
SNAPIN,INFEASIBLE,INFEASIBLE,OPTIMAL,OPTIMAL
ILF2,INFEASIBLE,INFEASIBLE,OPTIMAL,OPTIMAL
INTS3,INFEASIBLE,INFEASIBLE,OPTIMAL,OPTIMAL
GATAD2B,INFEASIBLE,INFEASIBLE,INFEASIBLE,INFEASIBLE
DENND4B,OPTIMAL,OPTIMAL,OPTIMAL,OPTIMAL
CRTC2,INFEASIBLE,INFEASIBLE,OPTIMAL,OPTIMAL
SLC39A1,INFEASIBLE,INFEASIBLE,OPTIMAL,OPTIMAL
JTB,INFEASIBLE,INFEASIBLE,OPTIMAL,OPTIMAL
RAB13,INFEASIBLE,INFEASIBLE,OPTIMAL,INFEASIBLE
RPS27,INFEASIBLE,INFEASIBLE,INFEASIBLE,OPTIMAL
NUP210L,OPTIMAL,OPTIMAL,OPTIMAL,OPTIMAL
TPM3,INFEASIBLE,INFEASIBLE,INFEASIBLE,OPTIMAL
C1orf43,OPTIMAL,OPTIMAL,OPTIMAL,OPTIMAL
UBAP2L,INFEASIBLE,OPTIMAL,INFEASIBLE,OPTIMAL
HAX1,INFEASIBLE,INFEASIBLE,INFEASIBLE,OPTIMAL
ATP8B2,OPTIMAL,OPTIMAL,OPTIMAL,OPTIMAL
UBE2Q1,INFEASIBLE,OPTIMAL,OPTIMAL,OPTIMAL
ADAR,INFEASIBLE,OPTIMAL,OPTIMAL,INFEASIBLE
PMVK,INFEASIBLE,INFEASIBLE,OPTIMAL,OPTIMAL
PYGO2,INFEASIBLE,INFEASIBLE,OPTIMAL,OPTIMAL
SHC1,OPTIMAL,OPTIMAL,OPTIMAL,OPTIMAL
CKS1B,INFEASIBLE,INFEASIBLE,OPTIMAL,OPTIMAL
FLAD1,INFEASIBLE,INFEASIBLE,OPTIMAL,OPTIMAL
ADAM15,INFEASIBLE,OPTIMAL,OPTIMAL,OPTIMAL
SLC50A1,INFEASIBLE,INFEASIBLE,INFEASIBLE,OPTIMAL
DPM3,INFEASIBLE,INFEASIBLE,OPTIMAL,OPTIMAL
KRTCAP2,INFEASIBLE,INFEASIBLE,OPTIMAL,OPTIMAL
MTX1,INFEASIBLE,INFEASIBLE,OPTIMAL,OPTIMAL
GBA1,INFEASIBLE,INFEASIBLE,OPTIMAL,OPTIMAL
ENTREP3,INFEASIBLE,INFEASIBLE,OPTIMAL,OPTIMAL
SCAMP3,INFEASIBLE,OPTIMAL,OPTIMAL,OPTIMAL
CLK2,OPTIMAL,OPTIMAL,OPTIMAL,OPTIMAL
FDPS,INFEASIBLE,INFEASIBLE,INFEASIBLE,OPTIMAL
RUSC1,INFEASIBLE,INFEASIBLE,OPTIMAL,OPTIMAL
ASH1L,INFEASIBLE,INFEASIBLE,INFEASIBLE,INFEASIBLE
MSTO1,OPTIMAL,OPTIMAL,OPTIMAL,OPTIMAL
YY1AP1,INFEASIBLE,INFEASIBLE,OPTIMAL,OPTIMAL
DAP3,INFEASIBLE,INFEASIBLE,INFEASIBLE,OPTIMAL
GON4L,OPTIMAL,OPTIMAL,OPTIMAL,OPTIMAL
RIT1,INFEASIBLE,INFEASIBLE,OPTIMAL,OPTIMAL
KHDC4,INFEASIBLE,INFEASIBLE,INFEASIBLE,OPTIMAL
ARHGEF2,INFEASIBLE,OPTIMAL,OPTIMAL,OPTIMAL
SSR2,INFEASIBLE,OPTIMAL,OPTIMAL,OPTIMAL
UBQLN4,INFEASIBLE,OPTIMAL,OPTIMAL,OPTIMAL
LAMTOR2,INFEASIBLE,INFEASIBLE,OPTIMAL,OPTIMAL
MEX3A,OPTIMAL,OPTIMAL,OPTIMAL,OPTIMAL
LMNA,INFEASIBLE,INFEASIBLE,OPTIMAL,OPTIMAL
SLC25A44,INFEASIBLE,INFEASIBLE,OPTIMAL,INFEASIBLE
PMF1,INFEASIBLE,INFEASIBLE,OPTIMAL,OPTIMAL
SMG5,INFEASIBLE,INFEASIBLE,OPTIMAL,OPTIMAL
GLMP,INFEASIBLE,INFEASIBLE,OPTIMAL,OPTIMAL
CCT3,INFEASIBLE,INFEASIBLE,OPTIMAL,OPTIMAL
TSACC,INFEASIBLE,OPTIMAL,OPTIMAL,INFEASIBLE
MEF2D,OPTIMAL,OPTIMAL,INFEASIBLE,OPTIMAL
IQGAP3,INFEASIBLE,OPTIMAL,OPTIMAL,OPTIMAL
NAXE,INFEASIBLE,INFEASIBLE,OPTIMAL,OPTIMAL
GPATCH4,INFEASIBLE,INFEASIBLE,OPTIMAL,OPTIMAL
CRABP2,INFEASIBLE,INFEASIBLE,OPTIMAL,OPTIMAL
ISG20L2,INFEASIBLE,INFEASIBLE,INFEASIBLE,OPTIMAL
METTL25B,OPTIMAL,OPTIMAL,OPTIMAL,OPTIMAL
MRPL24,INFEASIBLE,INFEASIBLE,OPTIMAL,OPTIMAL
HDGF,INFEASIBLE,OPTIMAL,OPTIMAL,OPTIMAL
PRCC,INFEASIBLE,INFEASIBLE,INFEASIBLE,OPTIMAL
ARHGEF11,INFEASIBLE,INFEASIBLE,OPTIMAL,OPTIMAL
ETV3,INFEASIBLE,INFEASIBLE,OPTIMAL,OPTIMAL
KIRREL1,INFEASIBLE,INFEASIBLE,OPTIMAL,OPTIMAL
TAGLN2,INFEASIBLE,INFEASIBLE,OPTIMAL,OPTIMAL
PIGM,INFEASIBLE,OPTIMAL,OPTIMAL,OPTIMAL
PEA15,INFEASIBLE,INFEASIBLE,OPTIMAL,OPTIMAL
DCAF8,INFEASIBLE,OPTIMAL,OPTIMAL,OPTIMAL
PEX19,INFEASIBLE,INFEASIBLE,OPTIMAL,OPTIMAL
COPA,INFEASIBLE,INFEASIBLE,INFEASIBLE,INFEASIBLE
NCSTN,INFEASIBLE,INFEASIBLE,OPTIMAL,OPTIMAL
VANGL2,INFEASIBLE,OPTIMAL,INFEASIBLE,OPTIMAL
F11R,INFEASIBLE,INFEASIBLE,OPTIMAL,OPTIMAL
USF1,INFEASIBLE,OPTIMAL,OPTIMAL,INFEASIBLE
PFDN2,INFEASIBLE,INFEASIBLE,OPTIMAL,OPTIMAL
NIT1,INFEASIBLE,OPTIMAL,OPTIMAL,OPTIMAL
DEDD,INFEASIBLE,INFEASIBLE,OPTIMAL,OPTIMAL
UFC1,INFEASIBLE,INFEASIBLE,INFEASIBLE,OPTIMAL
USP21,INFEASIBLE,INFEASIBLE,OPTIMAL,OPTIMAL
PPOX,OPTIMAL,OPTIMAL,OPTIMAL,OPTIMAL
B4GALT3,INFEASIBLE,INFEASIBLE,OPTIMAL,OPTIMAL
NDUFS2,INFEASIBLE,INFEASIBLE,OPTIMAL,OPTIMAL
TOMM40L,INFEASIBLE,INFEASIBLE,INFEASIBLE,OPTIMAL
SDHC,INFEASIBLE,INFEASIBLE,INFEASIBLE,OPTIMAL
DUSP12,INFEASIBLE,INFEASIBLE,OPTIMAL,OPTIMAL
ATF6,INFEASIBLE,INFEASIBLE,INFEASIBLE,INFEASIBLE
NOS1AP,INFEASIBLE,INFEASIBLE,OPTIMAL,OPTIMAL
UHMK1,INFEASIBLE,INFEASIBLE,INFEASIBLE,OPTIMAL
UAP1,INFEASIBLE,INFEASIBLE,INFEASIBLE,OPTIMAL
DDR2,INFEASIBLE,INFEASIBLE,OPTIMAL,INFEASIBLE
HSD17B7,INFEASIBLE,INFEASIBLE,OPTIMAL,OPTIMAL
NUF2,INFEASIBLE,INFEASIBLE,OPTIMAL,OPTIMAL
PBX1,INFEASIBLE,OPTIMAL,OPTIMAL,INFEASIBLE
MGST3,INFEASIBLE,INFEASIBLE,OPTIMAL,OPTIMAL
ALDH9A1,INFEASIBLE,INFEASIBLE,INFEASIBLE,OPTIMAL
TMCO1,OPTIMAL,OPTIMAL,OPTIMAL,OPTIMAL
UCK2,INFEASIBLE,INFEASIBLE,OPTIMAL,OPTIMAL
POGK,INFEASIBLE,OPTIMAL,OPTIMAL,OPTIMAL
TADA1,INFEASIBLE,INFEASIBLE,OPTIMAL,OPTIMAL
POU2F1,INFEASIBLE,OPTIMAL,INFEASIBLE,INFEASIBLE
CREG1,OPTIMAL,OPTIMAL,OPTIMAL,OPTIMAL
MPZL1,INFEASIBLE,INFEASIBLE,INFEASIBLE,OPTIMAL
MPC2,INFEASIBLE,INFEASIBLE,OPTIMAL,INFEASIBLE
DCAF6,INFEASIBLE,INFEASIBLE,INFEASIBLE,OPTIMAL
GPR161,INFEASIBLE,INFEASIBLE,OPTIMAL,OPTIMAL
TIPRL,INFEASIBLE,INFEASIBLE,OPTIMAL,OPTIMAL
SFT2D2,INFEASIBLE,OPTIMAL,OPTIMAL,OPTIMAL
ATP1B1,INFEASIBLE,INFEASIBLE,OPTIMAL,INFEASIBLE
NME7,OPTIMAL,OPTIMAL,OPTIMAL,OPTIMAL
BLZF1,INFEASIBLE,INFEASIBLE,OPTIMAL,OPTIMAL
CCDC181,INFEASIBLE,INFEASIBLE,OPTIMAL,OPTIMAL
SLC19A2,OPTIMAL,OPTIMAL,OPTIMAL,OPTIMAL
C1orf112,INFEASIBLE,INFEASIBLE,OPTIMAL,OPTIMAL
METTL18,INFEASIBLE,INFEASIBLE,OPTIMAL,OPTIMAL
SCYL3,OPTIMAL,OPTIMAL,OPTIMAL,OPTIMAL
KIFAP3,INFEASIBLE,INFEASIBLE,OPTIMAL,OPTIMAL
GORAB,INFEASIBLE,INFEASIBLE,OPTIMAL,OPTIMAL
PRRC2C,INFEASIBLE,INFEASIBLE,OPTIMAL,OPTIMAL
VAMP4,INFEASIBLE,OPTIMAL,INFEASIBLE,OPTIMAL
METTL13,INFEASIBLE,INFEASIBLE,OPTIMAL,OPTIMAL
DNM3,INFEASIBLE,INFEASIBLE,OPTIMAL,INFEASIBLE
PIGC,OPTIMAL,OPTIMAL,OPTIMAL,OPTIMAL
SUCO,OPTIMAL,OPTIMAL,OPTIMAL,OPTIMAL
PRDX6,INFEASIBLE,INFEASIBLE,OPTIMAL,OPTIMAL
KLHL20,INFEASIBLE,OPTIMAL,OPTIMAL,OPTIMAL
CENPL,INFEASIBLE,INFEASIBLE,INFEASIBLE,INFEASIBLE
DARS2,INFEASIBLE,INFEASIBLE,OPTIMAL,INFEASIBLE
ZBTB37,INFEASIBLE,INFEASIBLE,OPTIMAL,OPTIMAL
RC3H1,INFEASIBLE,INFEASIBLE,INFEASIBLE,OPTIMAL
RABGAP1L,OPTIMAL,OPTIMAL,OPTIMAL,OPTIMAL
CACYBP,INFEASIBLE,INFEASIBLE,OPTIMAL,OPTIMAL
MRPS14,INFEASIBLE,INFEASIBLE,OPTIMAL,OPTIMAL
COP1,INFEASIBLE,INFEASIBLE,INFEASIBLE,INFEASIBLE
RASAL2,OPTIMAL,OPTIMAL,INFEASIBLE,OPTIMAL
RALGPS2,OPTIMAL,OPTIMAL,OPTIMAL,OPTIMAL
FAM20B,INFEASIBLE,INFEASIBLE,OPTIMAL,OPTIMAL
TOR3A,INFEASIBLE,INFEASIBLE,OPTIMAL,OPTIMAL
ABL2,INFEASIBLE,OPTIMAL,OPTIMAL,OPTIMAL
SOAT1,INFEASIBLE,INFEASIBLE,OPTIMAL,OPTIMAL
TOR1AIP2,INFEASIBLE,INFEASIBLE,INFEASIBLE,OPTIMAL
TOR1AIP1,INFEASIBLE,INFEASIBLE,INFEASIBLE,OPTIMAL
CEP350,INFEASIBLE,INFEASIBLE,INFEASIBLE,OPTIMAL
QSOX1,INFEASIBLE,INFEASIBLE,INFEASIBLE,OPTIMAL
ACBD6,INFEASIBLE,INFEASIBLE,INFEASIBLE,INFEASIBLE
XPR1,INFEASIBLE,OPTIMAL,INFEASIBLE,INFEASIBLE
STX6,INFEASIBLE,OPTIMAL,INFEASIBLE,OPTIMAL
IER5,OPTIMAL,OPTIMAL,OPTIMAL,OPTIMAL
GLUL,INFEASIBLE,OPTIMAL,INFEASIBLE,INFEASIBLE
RGS16,OPTIMAL,OPTIMAL,OPTIMAL,OPTIMAL
NPL,INFEASIBLE,OPTIMAL,OPTIMAL,OPTIMAL
DHX9,INFEASIBLE,INFEASIBLE,INFEASIBLE,INFEASIBLE
LAMC1,INFEASIBLE,INFEASIBLE,INFEASIBLE,OPTIMAL
SMG7,OPTIMAL,OPTIMAL,OPTIMAL,INFEASIBLE
ARPC5,INFEASIBLE,INFEASIBLE,OPTIMAL,INFEASIBLE
RGL1,OPTIMAL,OPTIMAL,OPTIMAL,OPTIMAL
TSEN15,INFEASIBLE,INFEASIBLE,OPTIMAL,INFEASIBLE
C1orf21,INFEASIBLE,INFEASIBLE,OPTIMAL,OPTIMAL
EDEM3,INFEASIBLE,INFEASIBLE,INFEASIBLE,OPTIMAL
NIBAN1,OPTIMAL,OPTIMAL,OPTIMAL,INFEASIBLE
RNF2,INFEASIBLE,INFEASIBLE,INFEASIBLE,INFEASIBLE
TRMT1L,INFEASIBLE,OPTIMAL,OPTIMAL,OPTIMAL
SWT1,OPTIMAL,OPTIMAL,OPTIMAL,OPTIMAL
IVNS1ABP,INFEASIBLE,OPTIMAL,INFEASIBLE,OPTIMAL
HMCN1,OPTIMAL,OPTIMAL,OPTIMAL,OPTIMAL
TPR,INFEASIBLE,INFEASIBLE,INFEASIBLE,OPTIMAL
ODR4,INFEASIBLE,INFEASIBLE,OPTIMAL,OPTIMAL
PLA2G4A,INFEASIBLE,OPTIMAL,INFEASIBLE,OPTIMAL
BRINP3,OPTIMAL,OPTIMAL,INFEASIBLE,OPTIMAL
UCHL5,INFEASIBLE,INFEASIBLE,OPTIMAL,INFEASIBLE
RO60,INFEASIBLE,INFEASIBLE,OPTIMAL,INFEASIBLE
GLRX2,INFEASIBLE,INFEASIBLE,OPTIMAL,OPTIMAL
CDC73,INFEASIBLE,INFEASIBLE,OPTIMAL,OPTIMAL
KCNT2,OPTIMAL,OPTIMAL,OPTIMAL,INFEASIBLE
ASPM,INFEASIBLE,INFEASIBLE,OPTIMAL,OPTIMAL
ZBTB41,INFEASIBLE,INFEASIBLE,OPTIMAL,OPTIMAL
DENND1B,OPTIMAL,OPTIMAL,OPTIMAL,INFEASIBLE
C1orf53,INFEASIBLE,INFEASIBLE,OPTIMAL,OPTIMAL
NEK7,INFEASIBLE,INFEASIBLE,OPTIMAL,OPTIMAL
ZNF281,INFEASIBLE,OPTIMAL,OPTIMAL,INFEASIBLE
KIF14,INFEASIBLE,OPTIMAL,OPTIMAL,INFEASIBLE
DDX59,INFEASIBLE,OPTIMAL,OPTIMAL,INFEASIBLE
CAMSAP2,INFEASIBLE,INFEASIBLE,OPTIMAL,OPTIMAL
TMEM9,INFEASIBLE,INFEASIBLE,OPTIMAL,OPTIMAL
NAV1,OPTIMAL,OPTIMAL,OPTIMAL,OPTIMAL
IPO9,INFEASIBLE,INFEASIBLE,INFEASIBLE,INFEASIBLE
TIMM17A,INFEASIBLE,INFEASIBLE,OPTIMAL,OPTIMAL
RNPEP,OPTIMAL,OPTIMAL,OPTIMAL,OPTIMAL
ARL8A,OPTIMAL,OPTIMAL,INFEASIBLE,INFEASIBLE
UBE2T,INFEASIBLE,INFEASIBLE,OPTIMAL,OPTIMAL
PPP1R12B,INFEASIBLE,OPTIMAL,INFEASIBLE,INFEASIBLE
SYT2,INFEASIBLE,OPTIMAL,OPTIMAL,OPTIMAL
KDM5B,INFEASIBLE,INFEASIBLE,OPTIMAL,OPTIMAL
RABIF,INFEASIBLE,INFEASIBLE,OPTIMAL,OPTIMAL
KLHL12,INFEASIBLE,INFEASIBLE,INFEASIBLE,OPTIMAL
ADIPOR1,INFEASIBLE,INFEASIBLE,OPTIMAL,OPTIMAL
CYB5R1,INFEASIBLE,INFEASIBLE,INFEASIBLE,OPTIMAL
TMEM183A,INFEASIBLE,INFEASIBLE,OPTIMAL,OPTIMAL
BTG2,OPTIMAL,OPTIMAL,OPTIMAL,OPTIMAL
ATP2B4,INFEASIBLE,OPTIMAL,OPTIMAL,INFEASIBLE
SNRPE,INFEASIBLE,INFEASIBLE,INFEASIBLE,OPTIMAL
SOX13,OPTIMAL,OPTIMAL,OPTIMAL,OPTIMAL
ETNK2,INFEASIBLE,INFEASIBLE,OPTIMAL,OPTIMAL
PPP1R15B,INFEASIBLE,INFEASIBLE,INFEASIBLE,OPTIMAL
PIK3C2B,INFEASIBLE,OPTIMAL,OPTIMAL,OPTIMAL
MDM4,INFEASIBLE,INFEASIBLE,INFEASIBLE,INFEASIBLE
RBBP5,INFEASIBLE,INFEASIBLE,INFEASIBLE,OPTIMAL
DSTYK,INFEASIBLE,INFEASIBLE,INFEASIBLE,OPTIMAL
CDK18,OPTIMAL,OPTIMAL,OPTIMAL,OPTIMAL
ELK4,INFEASIBLE,OPTIMAL,INFEASIBLE,OPTIMAL
NUCKS1,INFEASIBLE,INFEASIBLE,INFEASIBLE,OPTIMAL
RAB29,INFEASIBLE,INFEASIBLE,INFEASIBLE,OPTIMAL
SLC41A1,OPTIMAL,OPTIMAL,OPTIMAL,OPTIMAL
SRGAP2,INFEASIBLE,OPTIMAL,OPTIMAL,INFEASIBLE
EIF2D,INFEASIBLE,INFEASIBLE,OPTIMAL,OPTIMAL
DYRK3,INFEASIBLE,INFEASIBLE,OPTIMAL,OPTIMAL
MAPKAPK2,OPTIMAL,OPTIMAL,OPTIMAL,OPTIMAL
PFKFB2,INFEASIBLE,INFEASIBLE,OPTIMAL,OPTIMAL
YOD1,INFEASIBLE,INFEASIBLE,OPTIMAL,OPTIMAL
CD55,INFEASIBLE,INFEASIBLE,OPTIMAL,OPTIMAL
CD46,INFEASIBLE,INFEASIBLE,OPTIMAL,OPTIMAL
PLXNA2,OPTIMAL,OPTIMAL,OPTIMAL,OPTIMAL
C1orf74,OPTIMAL,INFEASIBLE,OPTIMAL,OPTIMAL
UTP25,INFEASIBLE,INFEASIBLE,OPTIMAL,OPTIMAL
SYT14,INFEASIBLE,OPTIMAL,INFEASIBLE,OPTIMAL
SERTAD4,OPTIMAL,OPTIMAL,OPTIMAL,OPTIMAL
HHAT,OPTIMAL,OPTIMAL,OPTIMAL,OPTIMAL
RCOR3,OPTIMAL,OPTIMAL,OPTIMAL,OPTIMAL
TRAF5,INFEASIBLE,INFEASIBLE,OPTIMAL,OPTIMAL
NEK2,INFEASIBLE,INFEASIBLE,OPTIMAL,OPTIMAL
LPGAT1,INFEASIBLE,INFEASIBLE,INFEASIBLE,OPTIMAL
INTS7,INFEASIBLE,INFEASIBLE,OPTIMAL,INFEASIBLE
DTL,INFEASIBLE,OPTIMAL,OPTIMAL,OPTIMAL
PPP2R5A,INFEASIBLE,OPTIMAL,OPTIMAL,OPTIMAL
PACC1,INFEASIBLE,INFEASIBLE,OPTIMAL,OPTIMAL
NENF,INFEASIBLE,INFEASIBLE,INFEASIBLE,OPTIMAL
ATF3,INFEASIBLE,OPTIMAL,INFEASIBLE,INFEASIBLE
BATF3,INFEASIBLE,INFEASIBLE,OPTIMAL,OPTIMAL
NSL1,INFEASIBLE,OPTIMAL,OPTIMAL,OPTIMAL
TATDN3,INFEASIBLE,OPTIMAL,OPTIMAL,OPTIMAL
FLVCR1,OPTIMAL,OPTIMAL,OPTIMAL,OPTIMAL
ANGEL2,INFEASIBLE,OPTIMAL,OPTIMAL,OPTIMAL
RPS6KC1,INFEASIBLE,INFEASIBLE,INFEASIBLE,INFEASIBLE
SMYD2,OPTIMAL,OPTIMAL,OPTIMAL,OPTIMAL
PTPN14,INFEASIBLE,INFEASIBLE,INFEASIBLE,OPTIMAL
CENPF,INFEASIBLE,INFEASIBLE,OPTIMAL,OPTIMAL
KCTD3,INFEASIBLE,INFEASIBLE,OPTIMAL,OPTIMAL
ESRRG,OPTIMAL,OPTIMAL,OPTIMAL,OPTIMAL
GPATCH2,INFEASIBLE,OPTIMAL,INFEASIBLE,OPTIMAL
SPATA17,INFEASIBLE,INFEASIBLE,OPTIMAL,OPTIMAL
RRP15,INFEASIBLE,OPTIMAL,OPTIMAL,OPTIMAL
TGFB2,INFEASIBLE,OPTIMAL,OPTIMAL,OPTIMAL
LYPLAL1,INFEASIBLE,INFEASIBLE,OPTIMAL,OPTIMAL
SLC30A10,INFEASIBLE,OPTIMAL,OPTIMAL,OPTIMAL
EPRS1,INFEASIBLE,INFEASIBLE,OPTIMAL,OPTIMAL
BPNT1,OPTIMAL,OPTIMAL,OPTIMAL,OPTIMAL
IARS2,INFEASIBLE,INFEASIBLE,OPTIMAL,OPTIMAL
RAB3GAP2,INFEASIBLE,INFEASIBLE,OPTIMAL,INFEASIBLE
MARK1,INFEASIBLE,INFEASIBLE,OPTIMAL,OPTIMAL
MTARC2,INFEASIBLE,INFEASIBLE,OPTIMAL,OPTIMAL
MTARC1,INFEASIBLE,INFEASIBLE,OPTIMAL,OPTIMAL
TAF1A,INFEASIBLE,INFEASIBLE,OPTIMAL,OPTIMAL
MIA3,OPTIMAL,OPTIMAL,OPTIMAL,INFEASIBLE
AIDA,INFEASIBLE,INFEASIBLE,OPTIMAL,OPTIMAL
BROX,INFEASIBLE,INFEASIBLE,OPTIMAL,OPTIMAL
DISP1,INFEASIBLE,INFEASIBLE,INFEASIBLE,OPTIMAL
CAPN2,OPTIMAL,OPTIMAL,OPTIMAL,OPTIMAL
TP53BP2,INFEASIBLE,INFEASIBLE,OPTIMAL,OPTIMAL
FBXO28,INFEASIBLE,INFEASIBLE,INFEASIBLE,OPTIMAL
DEGS1,INFEASIBLE,INFEASIBLE,OPTIMAL,OPTIMAL
NVL,INFEASIBLE,OPTIMAL,OPTIMAL,OPTIMAL
CNIH4,INFEASIBLE,INFEASIBLE,OPTIMAL,OPTIMAL
WDR26,INFEASIBLE,OPTIMAL,OPTIMAL,OPTIMAL
CNIH3,OPTIMAL,OPTIMAL,OPTIMAL,OPTIMAL
DNAH14,INFEASIBLE,INFEASIBLE,INFEASIBLE,OPTIMAL
LBR,INFEASIBLE,INFEASIBLE,OPTIMAL,INFEASIBLE
ENAH,INFEASIBLE,INFEASIBLE,INFEASIBLE,OPTIMAL
SRP9,INFEASIBLE,INFEASIBLE,OPTIMAL,OPTIMAL
EPHX1,OPTIMAL,OPTIMAL,OPTIMAL,OPTIMAL
TMEM63A,INFEASIBLE,OPTIMAL,OPTIMAL,OPTIMAL
PYCR2,INFEASIBLE,INFEASIBLE,OPTIMAL,INFEASIBLE
SDE2,INFEASIBLE,INFEASIBLE,OPTIMAL,OPTIMAL
ACBD3,INFEASIBLE,INFEASIBLE,INFEASIBLE,OPTIMAL
LIN9,OPTIMAL,OPTIMAL,OPTIMAL,OPTIMAL
PARP1,INFEASIBLE,INFEASIBLE,OPTIMAL,OPTIMAL
ITPKB,INFEASIBLE,OPTIMAL,OPTIMAL,OPTIMAL
PSEN2,OPTIMAL,OPTIMAL,OPTIMAL,OPTIMAL
COQ8A,INFEASIBLE,INFEASIBLE,OPTIMAL,OPTIMAL
CDC42BPA,INFEASIBLE,INFEASIBLE,INFEASIBLE,INFEASIBLE
ZNF678,INFEASIBLE,INFEASIBLE,OPTIMAL,OPTIMAL
SNAP47,INFEASIBLE,INFEASIBLE,OPTIMAL,OPTIMAL
JMJD4,INFEASIBLE,INFEASIBLE,OPTIMAL,OPTIMAL
ARF1,INFEASIBLE,INFEASIBLE,OPTIMAL,OPTIMAL
C1orf35,INFEASIBLE,INFEASIBLE,OPTIMAL,OPTIMAL
MRPL55,INFEASIBLE,INFEASIBLE,INFEASIBLE,OPTIMAL
GUK1,INFEASIBLE,INFEASIBLE,OPTIMAL,OPTIMAL
IBA57,OPTIMAL,OPTIMAL,OPTIMAL,OPTIMAL
TRIM11,INFEASIBLE,INFEASIBLE,OPTIMAL,OPTIMAL
RNF187,INFEASIBLE,OPTIMAL,OPTIMAL,OPTIMAL
RHOU,INFEASIBLE,INFEASIBLE,OPTIMAL,OPTIMAL
RAB4A,INFEASIBLE,INFEASIBLE,INFEASIBLE,OPTIMAL
CCSAP,INFEASIBLE,INFEASIBLE,OPTIMAL,INFEASIBLE
NUP133,INFEASIBLE,INFEASIBLE,INFEASIBLE,INFEASIBLE
ABCB10,OPTIMAL,OPTIMAL,OPTIMAL,OPTIMAL
TAF5L,OPTIMAL,OPTIMAL,OPTIMAL,INFEASIBLE
URB2,INFEASIBLE,INFEASIBLE,OPTIMAL,OPTIMAL
GALNT2,INFEASIBLE,INFEASIBLE,OPTIMAL,OPTIMAL
PGBD5,OPTIMAL,OPTIMAL,OPTIMAL,OPTIMAL
COG2,INFEASIBLE,OPTIMAL,OPTIMAL,OPTIMAL
C1orf198,INFEASIBLE,INFEASIBLE,OPTIMAL,INFEASIBLE
TTC13,INFEASIBLE,OPTIMAL,OPTIMAL,OPTIMAL
ARV1,INFEASIBLE,INFEASIBLE,OPTIMAL,OPTIMAL
FAM89A,INFEASIBLE,OPTIMAL,OPTIMAL,OPTIMAL
C1orf131,INFEASIBLE,INFEASIBLE,OPTIMAL,OPTIMAL
GNPAT,INFEASIBLE,INFEASIBLE,OPTIMAL,OPTIMAL
EXOC8,INFEASIBLE,INFEASIBLE,OPTIMAL,OPTIMAL
SPRTN,INFEASIBLE,INFEASIBLE,INFEASIBLE,INFEASIBLE
EGLN1,INFEASIBLE,OPTIMAL,OPTIMAL,INFEASIBLE
TSNAX,INFEASIBLE,INFEASIBLE,OPTIMAL,INFEASIBLE
DISC1,OPTIMAL,OPTIMAL,OPTIMAL,OPTIMAL
SIPA1L2,INFEASIBLE,INFEASIBLE,OPTIMAL,OPTIMAL
NTPCR,INFEASIBLE,INFEASIBLE,OPTIMAL,OPTIMAL
PCNX2,OPTIMAL,OPTIMAL,OPTIMAL,OPTIMAL
MAP3K21,OPTIMAL,OPTIMAL,INFEASIBLE,OPTIMAL
KCNK1,INFEASIBLE,INFEASIBLE,OPTIMAL,OPTIMAL
COA6,INFEASIBLE,INFEASIBLE,OPTIMAL,OPTIMAL
TARBP1,INFEASIBLE,OPTIMAL,INFEASIBLE,OPTIMAL
IRF2BP2,OPTIMAL,OPTIMAL,OPTIMAL,OPTIMAL
TOMM20,INFEASIBLE,INFEASIBLE,OPTIMAL,OPTIMAL
ARID4B,INFEASIBLE,OPTIMAL,OPTIMAL,OPTIMAL
GGPS1,INFEASIBLE,INFEASIBLE,OPTIMAL,OPTIMAL
TBCE,INFEASIBLE,INFEASIBLE,OPTIMAL,OPTIMAL
B3GALNT2,INFEASIBLE,INFEASIBLE,INFEASIBLE,OPTIMAL
GNG4,INFEASIBLE,INFEASIBLE,OPTIMAL,OPTIMAL
LYST,OPTIMAL,OPTIMAL,OPTIMAL,OPTIMAL
NID1,INFEASIBLE,INFEASIBLE,OPTIMAL,OPTIMAL
GPR137B,INFEASIBLE,INFEASIBLE,OPTIMAL,OPTIMAL
ERO1B,INFEASIBLE,OPTIMAL,INFEASIBLE,OPTIMAL
EDARADD,OPTIMAL,OPTIMAL,OPTIMAL,OPTIMAL
HEATR1,OPTIMAL,OPTIMAL,INFEASIBLE,OPTIMAL
ACTN2,INFEASIBLE,OPTIMAL,INFEASIBLE,INFEASIBLE
MTR,INFEASIBLE,OPTIMAL,OPTIMAL,OPTIMAL
RYR2,OPTIMAL,OPTIMAL,OPTIMAL,OPTIMAL
CHRM3,OPTIMAL,OPTIMAL,OPTIMAL,INFEASIBLE
FMN2,OPTIMAL,OPTIMAL,INFEASIBLE,INFEASIBLE
RGS7,OPTIMAL,OPTIMAL,OPTIMAL,OPTIMAL
FH,INFEASIBLE,INFEASIBLE,OPTIMAL,INFEASIBLE
CHML,INFEASIBLE,INFEASIBLE,OPTIMAL,OPTIMAL
EXO1,INFEASIBLE,OPTIMAL,OPTIMAL,OPTIMAL
CEP170,INFEASIBLE,INFEASIBLE,OPTIMAL,OPTIMAL
SDCCAG8,OPTIMAL,OPTIMAL,OPTIMAL,OPTIMAL
AKT3,INFEASIBLE,INFEASIBLE,OPTIMAL,OPTIMAL
ZBTB18,INFEASIBLE,OPTIMAL,INFEASIBLE,OPTIMAL
ADSS2,INFEASIBLE,INFEASIBLE,INFEASIBLE,OPTIMAL
CATSPERE,INFEASIBLE,INFEASIBLE,INFEASIBLE,OPTIMAL
DESI2,INFEASIBLE,INFEASIBLE,INFEASIBLE,OPTIMAL
COX20,INFEASIBLE,INFEASIBLE,OPTIMAL,OPTIMAL
HNRNPU,INFEASIBLE,INFEASIBLE,INFEASIBLE,OPTIMAL
EFCAB2,OPTIMAL,OPTIMAL,INFEASIBLE,OPTIMAL
KIF26B,OPTIMAL,OPTIMAL,OPTIMAL,OPTIMAL
SMYD3,OPTIMAL,OPTIMAL,INFEASIBLE,OPTIMAL
TFB2M,INFEASIBLE,INFEASIBLE,OPTIMAL,OPTIMAL
CNST,INFEASIBLE,INFEASIBLE,INFEASIBLE,OPTIMAL
SCCPDH,INFEASIBLE,INFEASIBLE,OPTIMAL,OPTIMAL
AHCTF1,OPTIMAL,OPTIMAL,OPTIMAL,OPTIMAL
ZNF695,INFEASIBLE,INFEASIBLE,OPTIMAL,OPTIMAL
ZNF670,INFEASIBLE,INFEASIBLE,OPTIMAL,OPTIMAL
ZNF124,OPTIMAL,OPTIMAL,OPTIMAL,OPTIMAL
ZNF496,OPTIMAL,OPTIMAL,OPTIMAL,OPTIMAL
SH3YL1,INFEASIBLE,INFEASIBLE,OPTIMAL,OPTIMAL
ACP1,INFEASIBLE,INFEASIBLE,OPTIMAL,INFEASIBLE
TMEM18,INFEASIBLE,INFEASIBLE,OPTIMAL,OPTIMAL
SNTG2,OPTIMAL,OPTIMAL,INFEASIBLE,INFEASIBLE
PXDN,INFEASIBLE,OPTIMAL,OPTIMAL,OPTIMAL
EIPR1,INFEASIBLE,OPTIMAL,OPTIMAL,OPTIMAL
TRAPPC12,OPTIMAL,OPTIMAL,OPTIMAL,OPTIMAL
ADI1,INFEASIBLE,INFEASIBLE,OPTIMAL,OPTIMAL
RNASEH1,INFEASIBLE,INFEASIBLE,INFEASIBLE,OPTIMAL
RPS7,INFEASIBLE,INFEASIBLE,OPTIMAL,OPTIMAL
DCDC2C,INFEASIBLE,OPTIMAL,OPTIMAL,OPTIMAL
RNF144A,OPTIMAL,OPTIMAL,OPTIMAL,OPTIMAL
ID2,OPTIMAL,OPTIMAL,INFEASIBLE,OPTIMAL
KIDINS220,INFEASIBLE,INFEASIBLE,OPTIMAL,INFEASIBLE
MBOAT2,INFEASIBLE,INFEASIBLE,INFEASIBLE,OPTIMAL
ASAP2,INFEASIBLE,INFEASIBLE,OPTIMAL,OPTIMAL
ITGB1BP1,INFEASIBLE,INFEASIBLE,OPTIMAL,OPTIMAL
CPSF3,INFEASIBLE,OPTIMAL,OPTIMAL,OPTIMAL
IAH1,INFEASIBLE,INFEASIBLE,OPTIMAL,INFEASIBLE
ADAM17,INFEASIBLE,INFEASIBLE,OPTIMAL,OPTIMAL
YWHAQ,INFEASIBLE,INFEASIBLE,INFEASIBLE,OPTIMAL
TAF1B,INFEASIBLE,INFEASIBLE,OPTIMAL,OPTIMAL
KLF11,OPTIMAL,OPTIMAL,OPTIMAL,OPTIMAL
RRM2,INFEASIBLE,OPTIMAL,INFEASIBLE,INFEASIBLE
HPCAL1,OPTIMAL,OPTIMAL,OPTIMAL,OPTIMAL
ODC1,INFEASIBLE,INFEASIBLE,INFEASIBLE,OPTIMAL
NOL10,INFEASIBLE,OPTIMAL,OPTIMAL,INFEASIBLE
PDIA6,INFEASIBLE,INFEASIBLE,INFEASIBLE,OPTIMAL
SLC66A3,INFEASIBLE,OPTIMAL,OPTIMAL,OPTIMAL
ROCK2,INFEASIBLE,OPTIMAL,OPTIMAL,INFEASIBLE
E2F6,INFEASIBLE,INFEASIBLE,OPTIMAL,OPTIMAL
GREB1,INFEASIBLE,INFEASIBLE,OPTIMAL,OPTIMAL
LPIN1,INFEASIBLE,INFEASIBLE,OPTIMAL,OPTIMAL
NBAS,INFEASIBLE,OPTIMAL,INFEASIBLE,INFEASIBLE
DDX1,INFEASIBLE,INFEASIBLE,OPTIMAL,OPTIMAL
SMC6,INFEASIBLE,INFEASIBLE,OPTIMAL,INFEASIBLE
GEN1,INFEASIBLE,INFEASIBLE,OPTIMAL,OPTIMAL
RDH14,INFEASIBLE,OPTIMAL,INFEASIBLE,OPTIMAL
TTC32,INFEASIBLE,INFEASIBLE,OPTIMAL,OPTIMAL
WDR35,INFEASIBLE,INFEASIBLE,OPTIMAL,OPTIMAL
LAPTM4A,INFEASIBLE,INFEASIBLE,OPTIMAL,OPTIMAL
PUM2,INFEASIBLE,INFEASIBLE,INFEASIBLE,INFEASIBLE
RHOB,OPTIMAL,OPTIMAL,OPTIMAL,OPTIMAL
HS1BP3,OPTIMAL,OPTIMAL,OPTIMAL,OPTIMAL
LDAH,INFEASIBLE,INFEASIBLE,OPTIMAL,OPTIMAL
KLHL29,OPTIMAL,OPTIMAL,OPTIMAL,INFEASIBLE
ATAD2B,INFEASIBLE,OPTIMAL,INFEASIBLE,OPTIMAL
UBXN2A,OPTIMAL,OPTIMAL,INFEASIBLE,OPTIMAL
WDCP,INFEASIBLE,INFEASIBLE,OPTIMAL,OPTIMAL
FKBP1B,INFEASIBLE,INFEASIBLE,OPTIMAL,OPTIMAL
SF3B6,INFEASIBLE,INFEASIBLE,OPTIMAL,OPTIMAL
FAM228B,INFEASIBLE,INFEASIBLE,OPTIMAL,INFEASIBLE
TP53I3,INFEASIBLE,INFEASIBLE,OPTIMAL,OPTIMAL
ITSN2,INFEASIBLE,INFEASIBLE,INFEASIBLE,OPTIMAL
NCOA1,OPTIMAL,OPTIMAL,INFEASIBLE,OPTIMAL
PTRHD1,INFEASIBLE,INFEASIBLE,OPTIMAL,OPTIMAL
CENPO,INFEASIBLE,INFEASIBLE,OPTIMAL,OPTIMAL
ADCY3,INFEASIBLE,OPTIMAL,INFEASIBLE,INFEASIBLE
DNAJC27,INFEASIBLE,INFEASIBLE,OPTIMAL,INFEASIBLE
EFR3B,OPTIMAL,OPTIMAL,OPTIMAL,INFEASIBLE
DNMT3A,OPTIMAL,OPTIMAL,OPTIMAL,OPTIMAL
DTNB,OPTIMAL,OPTIMAL,INFEASIBLE,OPTIMAL
ASXL2,INFEASIBLE,INFEASIBLE,OPTIMAL,OPTIMAL
RAB10,INFEASIBLE,INFEASIBLE,INFEASIBLE,OPTIMAL
GAREM2,OPTIMAL,OPTIMAL,OPTIMAL,OPTIMAL
HADHA,INFEASIBLE,INFEASIBLE,INFEASIBLE,OPTIMAL
HADHB,INFEASIBLE,OPTIMAL,OPTIMAL,OPTIMAL
SELENOI,OPTIMAL,OPTIMAL,OPTIMAL,INFEASIBLE
SLC35F6,INFEASIBLE,INFEASIBLE,INFEASIBLE,OPTIMAL
CENPA,INFEASIBLE,INFEASIBLE,OPTIMAL,OPTIMAL
DPYSL5,OPTIMAL,OPTIMAL,OPTIMAL,OPTIMAL
MAPRE3,OPTIMAL,OPTIMAL,OPTIMAL,OPTIMAL
TMEM214,OPTIMAL,OPTIMAL,OPTIMAL,OPTIMAL
AGBL5,INFEASIBLE,INFEASIBLE,OPTIMAL,OPTIMAL
OST4,INFEASIBLE,INFEASIBLE,INFEASIBLE,INFEASIBLE
KHK,INFEASIBLE,INFEASIBLE,OPTIMAL,INFEASIBLE
PREB,INFEASIBLE,INFEASIBLE,INFEASIBLE,OPTIMAL
SLC5A6,INFEASIBLE,OPTIMAL,OPTIMAL,OPTIMAL
ATRAID,INFEASIBLE,INFEASIBLE,OPTIMAL,OPTIMAL
CAD,INFEASIBLE,INFEASIBLE,OPTIMAL,INFEASIBLE
MPV17,INFEASIBLE,OPTIMAL,INFEASIBLE,OPTIMAL
GTF3C2,OPTIMAL,OPTIMAL,INFEASIBLE,INFEASIBLE
EIF2B4,INFEASIBLE,OPTIMAL,OPTIMAL,OPTIMAL
SNX17,INFEASIBLE,INFEASIBLE,OPTIMAL,OPTIMAL
PPM1G,INFEASIBLE,INFEASIBLE,INFEASIBLE,INFEASIBLE
NRBP1,INFEASIBLE,INFEASIBLE,OPTIMAL,OPTIMAL
IFT172,INFEASIBLE,INFEASIBLE,INFEASIBLE,INFEASIBLE
ZNF512,INFEASIBLE,INFEASIBLE,OPTIMAL,INFEASIBLE
GPN1,INFEASIBLE,INFEASIBLE,OPTIMAL,OPTIMAL
SUPT7L,INFEASIBLE,INFEASIBLE,OPTIMAL,OPTIMAL
SLC4A1AP,INFEASIBLE,OPTIMAL,OPTIMAL,OPTIMAL
MRPL33,INFEASIBLE,INFEASIBLE,OPTIMAL,INFEASIBLE
BABAM2,INFEASIBLE,INFEASIBLE,OPTIMAL,INFEASIBLE
PPP1CB,INFEASIBLE,INFEASIBLE,INFEASIBLE,INFEASIBLE
SPDYA,OPTIMAL,OPTIMAL,OPTIMAL,OPTIMAL
TRMT61B,INFEASIBLE,INFEASIBLE,OPTIMAL,OPTIMAL
WDR43,INFEASIBLE,INFEASIBLE,OPTIMAL,OPTIMAL
CLIP4,OPTIMAL,OPTIMAL,OPTIMAL,INFEASIBLE
YPEL5,INFEASIBLE,OPTIMAL,INFEASIBLE,INFEASIBLE
LCLAT1,OPTIMAL,OPTIMAL,INFEASIBLE,OPTIMAL
GALNT14,INFEASIBLE,INFEASIBLE,OPTIMAL,OPTIMAL
EHD3,INFEASIBLE,INFEASIBLE,OPTIMAL,OPTIMAL
DPY30,INFEASIBLE,INFEASIBLE,OPTIMAL,OPTIMAL
SPAST,OPTIMAL,OPTIMAL,OPTIMAL,INFEASIBLE
SLC30A6,INFEASIBLE,INFEASIBLE,OPTIMAL,OPTIMAL
YIPF4,OPTIMAL,OPTIMAL,OPTIMAL,OPTIMAL
BIRC6,OPTIMAL,OPTIMAL,INFEASIBLE,INFEASIBLE
TTC27,INFEASIBLE,INFEASIBLE,OPTIMAL,OPTIMAL
LTBP1,OPTIMAL,OPTIMAL,OPTIMAL,OPTIMAL
FAM98A,INFEASIBLE,OPTIMAL,OPTIMAL,OPTIMAL
CRIM1,INFEASIBLE,OPTIMAL,INFEASIBLE,INFEASIBLE
FEZ2,INFEASIBLE,INFEASIBLE,OPTIMAL,OPTIMAL
STRN,INFEASIBLE,OPTIMAL,INFEASIBLE,INFEASIBLE
HEATR5B,OPTIMAL,OPTIMAL,OPTIMAL,INFEASIBLE
GPATCH11,INFEASIBLE,INFEASIBLE,INFEASIBLE,OPTIMAL
EIF2AK2,INFEASIBLE,OPTIMAL,INFEASIBLE,INFEASIBLE
CEBPZOS,OPTIMAL,OPTIMAL,OPTIMAL,OPTIMAL
CEBPZ,INFEASIBLE,INFEASIBLE,INFEASIBLE,OPTIMAL
NDUFAF7,INFEASIBLE,INFEASIBLE,OPTIMAL,OPTIMAL
PRKD3,OPTIMAL,OPTIMAL,INFEASIBLE,INFEASIBLE
QPCT,INFEASIBLE,INFEASIBLE,OPTIMAL,OPTIMAL
CDC42EP3,INFEASIBLE,INFEASIBLE,OPTIMAL,INFEASIBLE
RMDN2,OPTIMAL,OPTIMAL,OPTIMAL,OPTIMAL
ATL2,INFEASIBLE,INFEASIBLE,INFEASIBLE,OPTIMAL
HNRNPLL,INFEASIBLE,INFEASIBLE,INFEASIBLE,OPTIMAL
GALM,INFEASIBLE,INFEASIBLE,OPTIMAL,OPTIMAL
SRSF7,INFEASIBLE,INFEASIBLE,OPTIMAL,OPTIMAL
GEMIN6,OPTIMAL,OPTIMAL,OPTIMAL,OPTIMAL
DHX57,OPTIMAL,OPTIMAL,INFEASIBLE,OPTIMAL
MORN2,INFEASIBLE,INFEASIBLE,OPTIMAL,OPTIMAL
SOS1,INFEASIBLE,OPTIMAL,INFEASIBLE,INFEASIBLE
MAP4K3,INFEASIBLE,INFEASIBLE,INFEASIBLE,INFEASIBLE
THUMPD2,INFEASIBLE,INFEASIBLE,INFEASIBLE,INFEASIBLE
SLC8A1,OPTIMAL,OPTIMAL,OPTIMAL,OPTIMAL
PKDCC,OPTIMAL,OPTIMAL,OPTIMAL,OPTIMAL
EML4,INFEASIBLE,INFEASIBLE,OPTIMAL,INFEASIBLE
COX7A2L,INFEASIBLE,INFEASIBLE,OPTIMAL,OPTIMAL
KCNG3,INFEASIBLE,INFEASIBLE,OPTIMAL,OPTIMAL
MTA3,INFEASIBLE,OPTIMAL,OPTIMAL,OPTIMAL
ZFP36L2,INFEASIBLE,OPTIMAL,OPTIMAL,OPTIMAL
THADA,OPTIMAL,OPTIMAL,OPTIMAL,OPTIMAL
PLEKHH2,INFEASIBLE,INFEASIBLE,INFEASIBLE,OPTIMAL
DYNC2LI1,OPTIMAL,OPTIMAL,OPTIMAL,OPTIMAL
LRPPRC,INFEASIBLE,INFEASIBLE,OPTIMAL,INFEASIBLE
PPM1B,INFEASIBLE,OPTIMAL,OPTIMAL,OPTIMAL
PREPL,INFEASIBLE,INFEASIBLE,INFEASIBLE,INFEASIBLE
CAMKMT,INFEASIBLE,INFEASIBLE,INFEASIBLE,INFEASIBLE
SIX2,OPTIMAL,OPTIMAL,INFEASIBLE,OPTIMAL
SRBD1,INFEASIBLE,OPTIMAL,INFEASIBLE,OPTIMAL
PRKCE,INFEASIBLE,OPTIMAL,INFEASIBLE,INFEASIBLE
EPAS1,INFEASIBLE,OPTIMAL,INFEASIBLE,OPTIMAL
ATP6V1E2,OPTIMAL,OPTIMAL,OPTIMAL,OPTIMAL
RHOQ,INFEASIBLE,INFEASIBLE,OPTIMAL,OPTIMAL
PIGF,INFEASIBLE,INFEASIBLE,OPTIMAL,OPTIMAL
CRIPT,INFEASIBLE,INFEASIBLE,OPTIMAL,OPTIMAL
MCFD2,OPTIMAL,OPTIMAL,OPTIMAL,OPTIMAL
TTC7A,OPTIMAL,OPTIMAL,OPTIMAL,OPTIMAL
CALM2,INFEASIBLE,INFEASIBLE,OPTIMAL,OPTIMAL
MSH2,OPTIMAL,OPTIMAL,OPTIMAL,OPTIMAL
MSH6,INFEASIBLE,OPTIMAL,OPTIMAL,OPTIMAL
FBXO11,INFEASIBLE,INFEASIBLE,INFEASIBLE,INFEASIBLE
FOXN2,INFEASIBLE,INFEASIBLE,OPTIMAL,INFEASIBLE
PPP1R21,INFEASIBLE,OPTIMAL,OPTIMAL,INFEASIBLE
STON1,INFEASIBLE,INFEASIBLE,INFEASIBLE,INFEASIBLE
NRXN1,INFEASIBLE,OPTIMAL,OPTIMAL,OPTIMAL
ASB3,OPTIMAL,OPTIMAL,INFEASIBLE,INFEASIBLE
CHAC2,INFEASIBLE,INFEASIBLE,OPTIMAL,OPTIMAL
ERLEC1,INFEASIBLE,OPTIMAL,OPTIMAL,OPTIMAL
PSME4,INFEASIBLE,INFEASIBLE,OPTIMAL,INFEASIBLE
ACYP2,OPTIMAL,OPTIMAL,OPTIMAL,OPTIMAL
SPTBN1,OPTIMAL,OPTIMAL,INFEASIBLE,INFEASIBLE
EML6,OPTIMAL,OPTIMAL,OPTIMAL,OPTIMAL
RTN4,INFEASIBLE,OPTIMAL,INFEASIBLE,INFEASIBLE
CLHC1,OPTIMAL,OPTIMAL,OPTIMAL,OPTIMAL
RPS27A,INFEASIBLE,INFEASIBLE,OPTIMAL,OPTIMAL
MTIF2,INFEASIBLE,INFEASIBLE,OPTIMAL,INFEASIBLE
CCDC88A,INFEASIBLE,INFEASIBLE,INFEASIBLE,INFEASIBLE
CFAP36,INFEASIBLE,INFEASIBLE,INFEASIBLE,OPTIMAL
PPP4R3B,INFEASIBLE,INFEASIBLE,OPTIMAL,OPTIMAL
PNPT1,INFEASIBLE,INFEASIBLE,INFEASIBLE,INFEASIBLE
VRK2,INFEASIBLE,OPTIMAL,INFEASIBLE,OPTIMAL
FANCL,INFEASIBLE,INFEASIBLE,INFEASIBLE,INFEASIBLE
BCL11A,INFEASIBLE,INFEASIBLE,INFEASIBLE,OPTIMAL
PAPOLG,INFEASIBLE,INFEASIBLE,INFEASIBLE,OPTIMAL
REL,OPTIMAL,OPTIMAL,OPTIMAL,OPTIMAL
PUS10,INFEASIBLE,INFEASIBLE,OPTIMAL,OPTIMAL
PEX13,INFEASIBLE,INFEASIBLE,OPTIMAL,OPTIMAL
SANBR,OPTIMAL,OPTIMAL,INFEASIBLE,OPTIMAL
C2orf74,INFEASIBLE,INFEASIBLE,OPTIMAL,OPTIMAL
USP34,OPTIMAL,OPTIMAL,INFEASIBLE,INFEASIBLE
XPO1,OPTIMAL,OPTIMAL,INFEASIBLE,INFEASIBLE
FAM161A,INFEASIBLE,INFEASIBLE,OPTIMAL,OPTIMAL
CCT4,INFEASIBLE,INFEASIBLE,OPTIMAL,OPTIMAL
COMMD1,OPTIMAL,OPTIMAL,INFEASIBLE,INFEASIBLE
B3GNT2,INFEASIBLE,INFEASIBLE,OPTIMAL,INFEASIBLE
EHBP1,INFEASIBLE,INFEASIBLE,INFEASIBLE,INFEASIBLE
WDPCP,OPTIMAL,OPTIMAL,INFEASIBLE,OPTIMAL
MDH1,INFEASIBLE,INFEASIBLE,OPTIMAL,OPTIMAL
UGP2,INFEASIBLE,OPTIMAL,OPTIMAL,INFEASIBLE
VPS54,OPTIMAL,OPTIMAL,OPTIMAL,OPTIMAL
PELI1,OPTIMAL,OPTIMAL,OPTIMAL,OPTIMAL
LGALSL,OPTIMAL,OPTIMAL,OPTIMAL,OPTIMAL
AFTPH,OPTIMAL,OPTIMAL,OPTIMAL,OPTIMAL
SERTAD2,OPTIMAL,OPTIMAL,OPTIMAL,OPTIMAL
CEP68,INFEASIBLE,INFEASIBLE,OPTIMAL,OPTIMAL
RAB1A,INFEASIBLE,INFEASIBLE,OPTIMAL,OPTIMAL
ACTR2,INFEASIBLE,INFEASIBLE,INFEASIBLE,INFEASIBLE
SPRED2,INFEASIBLE,INFEASIBLE,OPTIMAL,OPTIMAL
MEIS1,INFEASIBLE,INFEASIBLE,INFEASIBLE,OPTIMAL
ETAA1,INFEASIBLE,INFEASIBLE,OPTIMAL,INFEASIBLE
C1D,INFEASIBLE,INFEASIBLE,OPTIMAL,OPTIMAL
DNAAF10,INFEASIBLE,INFEASIBLE,INFEASIBLE,OPTIMAL
PNO1,INFEASIBLE,OPTIMAL,INFEASIBLE,OPTIMAL
PPP3R1,INFEASIBLE,INFEASIBLE,INFEASIBLE,INFEASIBLE
CNRIP1,INFEASIBLE,INFEASIBLE,INFEASIBLE,OPTIMAL
FBXO48,INFEASIBLE,INFEASIBLE,OPTIMAL,OPTIMAL
APLF,INFEASIBLE,INFEASIBLE,OPTIMAL,OPTIMAL
ANTXR1,OPTIMAL,OPTIMAL,INFEASIBLE,OPTIMAL
GFPT1,OPTIMAL,OPTIMAL,INFEASIBLE,OPTIMAL
NFU1,INFEASIBLE,OPTIMAL,OPTIMAL,OPTIMAL
AAK1,OPTIMAL,OPTIMAL,OPTIMAL,OPTIMAL
ANXA4,OPTIMAL,OPTIMAL,OPTIMAL,INFEASIBLE
GMCL1,INFEASIBLE,OPTIMAL,INFEASIBLE,INFEASIBLE
SNRNP27,INFEASIBLE,INFEASIBLE,OPTIMAL,OPTIMAL
MXD1,INFEASIBLE,INFEASIBLE,OPTIMAL,INFEASIBLE
PCBP1,INFEASIBLE,OPTIMAL,OPTIMAL,OPTIMAL
C2orf42,INFEASIBLE,OPTIMAL,OPTIMAL,OPTIMAL
TIA1,INFEASIBLE,OPTIMAL,OPTIMAL,OPTIMAL
PCYOX1,INFEASIBLE,OPTIMAL,OPTIMAL,OPTIMAL
SNRPG,INFEASIBLE,INFEASIBLE,INFEASIBLE,INFEASIBLE
FAM136A,INFEASIBLE,INFEASIBLE,OPTIMAL,INFEASIBLE
ADD2,INFEASIBLE,INFEASIBLE,OPTIMAL,INFEASIBLE
VAX2,OPTIMAL,OPTIMAL,OPTIMAL,OPTIMAL
TEX261,INFEASIBLE,OPTIMAL,OPTIMAL,INFEASIBLE
NAGK,INFEASIBLE,OPTIMAL,OPTIMAL,OPTIMAL
MCEE,INFEASIBLE,INFEASIBLE,OPTIMAL,OPTIMAL
MPHOSPH10,INFEASIBLE,INFEASIBLE,OPTIMAL,OPTIMAL
PAIP2B,INFEASIBLE,INFEASIBLE,OPTIMAL,OPTIMAL
ZNF638,OPTIMAL,OPTIMAL,INFEASIBLE,INFEASIBLE
EXOC6B,INFEASIBLE,OPTIMAL,INFEASIBLE,OPTIMAL
SPR,OPTIMAL,OPTIMAL,OPTIMAL,OPTIMAL
SFXN5,OPTIMAL,OPTIMAL,OPTIMAL,OPTIMAL
RAB11FIP5,OPTIMAL,OPTIMAL,INFEASIBLE,OPTIMAL
SMYD5,INFEASIBLE,INFEASIBLE,OPTIMAL,OPTIMAL
PRADC1,INFEASIBLE,INFEASIBLE,OPTIMAL,OPTIMAL
CCT7,INFEASIBLE,INFEASIBLE,OPTIMAL,OPTIMAL
ALMS1,INFEASIBLE,INFEASIBLE,OPTIMAL,INFEASIBLE
TPRKB,INFEASIBLE,INFEASIBLE,OPTIMAL,OPTIMAL
DUSP11,INFEASIBLE,OPTIMAL,INFEASIBLE,OPTIMAL
STAMBP,INFEASIBLE,OPTIMAL,INFEASIBLE,OPTIMAL
DGUOK,INFEASIBLE,INFEASIBLE,OPTIMAL,INFEASIBLE
TET3,INFEASIBLE,INFEASIBLE,OPTIMAL,OPTIMAL
BOLA3,INFEASIBLE,INFEASIBLE,INFEASIBLE,OPTIMAL
MOB1A,INFEASIBLE,INFEASIBLE,INFEASIBLE,OPTIMAL
MTHFD2,INFEASIBLE,INFEASIBLE,OPTIMAL,OPTIMAL
DCTN1,INFEASIBLE,INFEASIBLE,INFEASIBLE,OPTIMAL
WDR54,INFEASIBLE,OPTIMAL,OPTIMAL,OPTIMAL
RTKN,INFEASIBLE,INFEASIBLE,OPTIMAL,OPTIMAL
INO80B,OPTIMAL,OPTIMAL,OPTIMAL,OPTIMAL
WBP1,INFEASIBLE,INFEASIBLE,INFEASIBLE,OPTIMAL
MOGS,INFEASIBLE,INFEASIBLE,OPTIMAL,INFEASIBLE
MRPL53,INFEASIBLE,INFEASIBLE,OPTIMAL,OPTIMAL
CCDC142,OPTIMAL,OPTIMAL,OPTIMAL,OPTIMAL
TTC31,INFEASIBLE,INFEASIBLE,OPTIMAL,OPTIMAL
PCGF1,INFEASIBLE,INFEASIBLE,OPTIMAL,INFEASIBLE
AUP1,INFEASIBLE,INFEASIBLE,OPTIMAL,OPTIMAL
HTRA2,INFEASIBLE,INFEASIBLE,OPTIMAL,OPTIMAL
DOK1,OPTIMAL,OPTIMAL,OPTIMAL,OPTIMAL
HK2,INFEASIBLE,INFEASIBLE,INFEASIBLE,INFEASIBLE
POLE4,INFEASIBLE,INFEASIBLE,OPTIMAL,INFEASIBLE
MRPL19,INFEASIBLE,INFEASIBLE,INFEASIBLE,OPTIMAL
GCFC2,INFEASIBLE,OPTIMAL,INFEASIBLE,OPTIMAL
LRRTM4,OPTIMAL,OPTIMAL,OPTIMAL,OPTIMAL
SUCLG1,INFEASIBLE,INFEASIBLE,OPTIMAL,OPTIMAL
DNAH6,INFEASIBLE,OPTIMAL,OPTIMAL,OPTIMAL
TMSB10,INFEASIBLE,INFEASIBLE,OPTIMAL,OPTIMAL
KCMF1,INFEASIBLE,INFEASIBLE,OPTIMAL,OPTIMAL
TCF7L1,INFEASIBLE,OPTIMAL,OPTIMAL,OPTIMAL
TGOLN2,INFEASIBLE,INFEASIBLE,OPTIMAL,OPTIMAL
RETSAT,OPTIMAL,OPTIMAL,OPTIMAL,OPTIMAL
ELMOD3,OPTIMAL,OPTIMAL,OPTIMAL,OPTIMAL
CAPG,INFEASIBLE,OPTIMAL,INFEASIBLE,OPTIMAL
MAT2A,INFEASIBLE,OPTIMAL,OPTIMAL,INFEASIBLE
GGCX,INFEASIBLE,INFEASIBLE,INFEASIBLE,INFEASIBLE
VAMP8,INFEASIBLE,INFEASIBLE,INFEASIBLE,OPTIMAL
RNF181,INFEASIBLE,INFEASIBLE,OPTIMAL,OPTIMAL
USP39,INFEASIBLE,OPTIMAL,OPTIMAL,INFEASIBLE
C2orf68,INFEASIBLE,OPTIMAL,OPTIMAL,OPTIMAL
ST3GAL5,INFEASIBLE,INFEASIBLE,OPTIMAL,INFEASIBLE
POLR1A,INFEASIBLE,INFEASIBLE,INFEASIBLE,OPTIMAL
PTCD3,OPTIMAL,OPTIMAL,OPTIMAL,OPTIMAL
IMMT,INFEASIBLE,INFEASIBLE,OPTIMAL,OPTIMAL
MRPL35,INFEASIBLE,INFEASIBLE,OPTIMAL,OPTIMAL
REEP1,INFEASIBLE,INFEASIBLE,INFEASIBLE,INFEASIBLE
KDM3A,INFEASIBLE,OPTIMAL,OPTIMAL,OPTIMAL
CHMP3,INFEASIBLE,OPTIMAL,OPTIMAL,INFEASIBLE
RNF103,INFEASIBLE,INFEASIBLE,OPTIMAL,OPTIMAL
RMND5A,OPTIMAL,OPTIMAL,OPTIMAL,OPTIMAL
KRCC1,INFEASIBLE,OPTIMAL,INFEASIBLE,INFEASIBLE
EIF2AK3,OPTIMAL,OPTIMAL,OPTIMAL,OPTIMAL
RPIA,OPTIMAL,OPTIMAL,OPTIMAL,INFEASIBLE
MRPS5,INFEASIBLE,INFEASIBLE,OPTIMAL,INFEASIBLE
ZNF514,OPTIMAL,OPTIMAL,INFEASIBLE,OPTIMAL
ZNF2,INFEASIBLE,INFEASIBLE,OPTIMAL,INFEASIBLE
FAHD2A,INFEASIBLE,INFEASIBLE,OPTIMAL,OPTIMAL
ANKRD36C,INFEASIBLE,INFEASIBLE,INFEASIBLE,OPTIMAL
DUSP2,OPTIMAL,OPTIMAL,OPTIMAL,OPTIMAL
STARD7,INFEASIBLE,INFEASIBLE,INFEASIBLE,INFEASIBLE
TMEM127,OPTIMAL,OPTIMAL,OPTIMAL,OPTIMAL
CIAO1,INFEASIBLE,INFEASIBLE,INFEASIBLE,INFEASIBLE
SNRNP200,INFEASIBLE,INFEASIBLE,INFEASIBLE,OPTIMAL
ITPRIPL1,OPTIMAL,OPTIMAL,INFEASIBLE,OPTIMAL
NCAPH,INFEASIBLE,INFEASIBLE,INFEASIBLE,OPTIMAL
KANSL3,INFEASIBLE,OPTIMAL,INFEASIBLE,INFEASIBLE
LMAN2L,INFEASIBLE,INFEASIBLE,OPTIMAL,OPTIMAL
CNNM4,OPTIMAL,OPTIMAL,OPTIMAL,OPTIMAL
CNNM3,INFEASIBLE,INFEASIBLE,INFEASIBLE,OPTIMAL
ANKRD39,INFEASIBLE,INFEASIBLE,INFEASIBLE,OPTIMAL
FAHD2B,INFEASIBLE,INFEASIBLE,OPTIMAL,OPTIMAL
ANKRD36,INFEASIBLE,OPTIMAL,INFEASIBLE,OPTIMAL
ANKRD36B,INFEASIBLE,INFEASIBLE,OPTIMAL,INFEASIBLE
COX5B,INFEASIBLE,INFEASIBLE,INFEASIBLE,OPTIMAL
ACTR1B,OPTIMAL,OPTIMAL,OPTIMAL,OPTIMAL
C2orf92,OPTIMAL,OPTIMAL,OPTIMAL,INFEASIBLE
TMEM131,OPTIMAL,OPTIMAL,OPTIMAL,OPTIMAL
INPP4A,INFEASIBLE,OPTIMAL,INFEASIBLE,OPTIMAL
COA5,INFEASIBLE,INFEASIBLE,OPTIMAL,OPTIMAL
UNC50,INFEASIBLE,INFEASIBLE,OPTIMAL,OPTIMAL
MGAT4A,OPTIMAL,OPTIMAL,OPTIMAL,OPTIMAL
TSGA10,OPTIMAL,OPTIMAL,OPTIMAL,INFEASIBLE
LIPT1,OPTIMAL,OPTIMAL,OPTIMAL,OPTIMAL
MITD1,OPTIMAL,OPTIMAL,OPTIMAL,OPTIMAL
MRPL30,INFEASIBLE,INFEASIBLE,OPTIMAL,INFEASIBLE
TXNDC9,INFEASIBLE,INFEASIBLE,OPTIMAL,INFEASIBLE
EIF5B,INFEASIBLE,INFEASIBLE,INFEASIBLE,INFEASIBLE
REV1,INFEASIBLE,OPTIMAL,INFEASIBLE,INFEASIBLE
AFF3,OPTIMAL,OPTIMAL,INFEASIBLE,OPTIMAL
LONRF2,INFEASIBLE,INFEASIBLE,OPTIMAL,OPTIMAL
CHST10,INFEASIBLE,INFEASIBLE,INFEASIBLE,OPTIMAL
PDCL3,INFEASIBLE,INFEASIBLE,OPTIMAL,INFEASIBLE
NPAS2,OPTIMAL,OPTIMAL,OPTIMAL,OPTIMAL
RPL31,INFEASIBLE,INFEASIBLE,INFEASIBLE,OPTIMAL
TBC1D8,INFEASIBLE,OPTIMAL,INFEASIBLE,INFEASIBLE
CNOT11,INFEASIBLE,INFEASIBLE,INFEASIBLE,OPTIMAL
RNF149,INFEASIBLE,INFEASIBLE,INFEASIBLE,OPTIMAL
MAP4K4,OPTIMAL,OPTIMAL,OPTIMAL,OPTIMAL
MFSD9,INFEASIBLE,INFEASIBLE,OPTIMAL,OPTIMAL
TMEM182,OPTIMAL,OPTIMAL,OPTIMAL,OPTIMAL
POU3F3,OPTIMAL,OPTIMAL,OPTIMAL,OPTIMAL
MRPS9,INFEASIBLE,OPTIMAL,OPTIMAL,OPTIMAL
TGFBRAP1,OPTIMAL,OPTIMAL,OPTIMAL,OPTIMAL
C2orf49,INFEASIBLE,OPTIMAL,OPTIMAL,OPTIMAL
FHL2,OPTIMAL,OPTIMAL,OPTIMAL,OPTIMAL
NCK2,INFEASIBLE,OPTIMAL,OPTIMAL,OPTIMAL
UXS1,INFEASIBLE,INFEASIBLE,OPTIMAL,INFEASIBLE
GCC2,OPTIMAL,OPTIMAL,OPTIMAL,OPTIMAL
LIMS1,INFEASIBLE,INFEASIBLE,OPTIMAL,INFEASIBLE
RANBP2,INFEASIBLE,OPTIMAL,OPTIMAL,INFEASIBLE
CCDC138,INFEASIBLE,INFEASIBLE,INFEASIBLE,INFEASIBLE
SH3RF3,INFEASIBLE,OPTIMAL,OPTIMAL,OPTIMAL
SEPTIN10,INFEASIBLE,OPTIMAL,INFEASIBLE,INFEASIBLE
SOWAHC,INFEASIBLE,OPTIMAL,OPTIMAL,OPTIMAL
NPHP1,INFEASIBLE,INFEASIBLE,OPTIMAL,INFEASIBLE
MTLN,INFEASIBLE,INFEASIBLE,OPTIMAL,OPTIMAL
BUB1,OPTIMAL,OPTIMAL,OPTIMAL,OPTIMAL
BCL2L11,INFEASIBLE,INFEASIBLE,OPTIMAL,INFEASIBLE
ANAPC1,INFEASIBLE,INFEASIBLE,INFEASIBLE,INFEASIBLE
MERTK,OPTIMAL,OPTIMAL,OPTIMAL,OPTIMAL
TMEM87B,OPTIMAL,OPTIMAL,OPTIMAL,OPTIMAL
ZC3H8,INFEASIBLE,INFEASIBLE,INFEASIBLE,OPTIMAL
ZC3H6,INFEASIBLE,INFEASIBLE,INFEASIBLE,OPTIMAL
RGPD8,OPTIMAL,OPTIMAL,OPTIMAL,OPTIMAL
TTL,OPTIMAL,OPTIMAL,OPTIMAL,OPTIMAL
POLR1B,OPTIMAL,OPTIMAL,OPTIMAL,OPTIMAL
CHCHD5,INFEASIBLE,INFEASIBLE,OPTIMAL,OPTIMAL
SLC20A1,INFEASIBLE,INFEASIBLE,INFEASIBLE,INFEASIBLE
CKAP2L,INFEASIBLE,OPTIMAL,OPTIMAL,OPTIMAL
ZNG1B,INFEASIBLE,INFEASIBLE,OPTIMAL,OPTIMAL
RABL2A,INFEASIBLE,INFEASIBLE,OPTIMAL,OPTIMAL
SLC35F5,INFEASIBLE,INFEASIBLE,OPTIMAL,INFEASIBLE
ACTR3,INFEASIBLE,OPTIMAL,OPTIMAL,OPTIMAL
DDX18,INFEASIBLE,INFEASIBLE,INFEASIBLE,INFEASIBLE
CCDC93,INFEASIBLE,OPTIMAL,OPTIMAL,OPTIMAL
INSIG2,INFEASIBLE,INFEASIBLE,OPTIMAL,OPTIMAL
STEAP3,INFEASIBLE,INFEASIBLE,INFEASIBLE,INFEASIBLE
C2orf76,INFEASIBLE,INFEASIBLE,INFEASIBLE,OPTIMAL
DBI,INFEASIBLE,INFEASIBLE,OPTIMAL,OPTIMAL
TMEM177,OPTIMAL,OPTIMAL,OPTIMAL,OPTIMAL
PTPN4,INFEASIBLE,INFEASIBLE,OPTIMAL,OPTIMAL
EPB41L5,INFEASIBLE,INFEASIBLE,OPTIMAL,INFEASIBLE
TMEM185B,INFEASIBLE,INFEASIBLE,OPTIMAL,INFEASIBLE
RALB,INFEASIBLE,INFEASIBLE,OPTIMAL,OPTIMAL
GLI2,OPTIMAL,OPTIMAL,OPTIMAL,OPTIMAL
CLASP1,OPTIMAL,OPTIMAL,INFEASIBLE,OPTIMAL
NIFK,INFEASIBLE,INFEASIBLE,OPTIMAL,OPTIMAL
TSN,INFEASIBLE,INFEASIBLE,OPTIMAL,INFEASIBLE
GYPC,INFEASIBLE,INFEASIBLE,INFEASIBLE,INFEASIBLE
BIN1,INFEASIBLE,INFEASIBLE,OPTIMAL,OPTIMAL
ERCC3,INFEASIBLE,INFEASIBLE,INFEASIBLE,OPTIMAL
MAP3K2,INFEASIBLE,INFEASIBLE,INFEASIBLE,OPTIMAL
IWS1,INFEASIBLE,OPTIMAL,OPTIMAL,INFEASIBLE
WDR33,INFEASIBLE,OPTIMAL,OPTIMAL,INFEASIBLE
SFT2D3,INFEASIBLE,OPTIMAL,OPTIMAL,OPTIMAL
POLR2D,INFEASIBLE,INFEASIBLE,INFEASIBLE,OPTIMAL
AMMECR1L,INFEASIBLE,INFEASIBLE,INFEASIBLE,OPTIMAL
SAP130,INFEASIBLE,OPTIMAL,INFEASIBLE,OPTIMAL
UGGT1,OPTIMAL,OPTIMAL,OPTIMAL,OPTIMAL
HS6ST1,OPTIMAL,OPTIMAL,OPTIMAL,OPTIMAL
SMPD4,INFEASIBLE,OPTIMAL,OPTIMAL,OPTIMAL
MZT2B,INFEASIBLE,INFEASIBLE,OPTIMAL,INFEASIBLE
CCDC115,INFEASIBLE,INFEASIBLE,OPTIMAL,OPTIMAL
IMP4,INFEASIBLE,INFEASIBLE,INFEASIBLE,OPTIMAL
PTPN18,INFEASIBLE,OPTIMAL,OPTIMAL,INFEASIBLE
ARHGEF4,INFEASIBLE,OPTIMAL,OPTIMAL,OPTIMAL
FAM168B,INFEASIBLE,OPTIMAL,OPTIMAL,INFEASIBLE
PLEKHB2,OPTIMAL,OPTIMAL,OPTIMAL,OPTIMAL
MZT2A,INFEASIBLE,INFEASIBLE,OPTIMAL,OPTIMAL
CCDC74A,INFEASIBLE,INFEASIBLE,OPTIMAL,OPTIMAL
LYPD1,INFEASIBLE,INFEASIBLE,OPTIMAL,OPTIMAL
NCKAP5,OPTIMAL,OPTIMAL,INFEASIBLE,OPTIMAL
MGAT5,INFEASIBLE,INFEASIBLE,INFEASIBLE,INFEASIBLE
TMEM163,OPTIMAL,OPTIMAL,INFEASIBLE,OPTIMAL
CCNT2,INFEASIBLE,INFEASIBLE,INFEASIBLE,OPTIMAL
RAB3GAP1,INFEASIBLE,INFEASIBLE,OPTIMAL,OPTIMAL
ZRANB3,OPTIMAL,OPTIMAL,INFEASIBLE,INFEASIBLE
R3HDM1,INFEASIBLE,OPTIMAL,INFEASIBLE,OPTIMAL
UBXN4,INFEASIBLE,INFEASIBLE,OPTIMAL,INFEASIBLE
MCM6,INFEASIBLE,INFEASIBLE,INFEASIBLE,OPTIMAL
DARS1,OPTIMAL,OPTIMAL,OPTIMAL,INFEASIBLE
SPOPL,OPTIMAL,OPTIMAL,OPTIMAL,OPTIMAL
LRP1B,OPTIMAL,OPTIMAL,OPTIMAL,OPTIMAL
ARHGAP15,INFEASIBLE,OPTIMAL,OPTIMAL,OPTIMAL
GTDC1,INFEASIBLE,INFEASIBLE,OPTIMAL,OPTIMAL
ZEB2,INFEASIBLE,INFEASIBLE,OPTIMAL,OPTIMAL
ACVR2A,INFEASIBLE,INFEASIBLE,INFEASIBLE,INFEASIBLE
ORC4,INFEASIBLE,INFEASIBLE,OPTIMAL,INFEASIBLE
MBD5,OPTIMAL,OPTIMAL,INFEASIBLE,INFEASIBLE
EPC2,INFEASIBLE,OPTIMAL,OPTIMAL,OPTIMAL
KIF5C,OPTIMAL,OPTIMAL,OPTIMAL,OPTIMAL
LYPD6B,INFEASIBLE,INFEASIBLE,OPTIMAL,OPTIMAL
LYPD6,INFEASIBLE,INFEASIBLE,OPTIMAL,INFEASIBLE
MMADHC,INFEASIBLE,INFEASIBLE,OPTIMAL,OPTIMAL
RND3,INFEASIBLE,OPTIMAL,INFEASIBLE,OPTIMAL
RIF1,OPTIMAL,OPTIMAL,INFEASIBLE,OPTIMAL
NEB,OPTIMAL,OPTIMAL,OPTIMAL,OPTIMAL
ARL5A,INFEASIBLE,INFEASIBLE,INFEASIBLE,INFEASIBLE
CACNB4,OPTIMAL,OPTIMAL,INFEASIBLE,INFEASIBLE
STAM2,INFEASIBLE,INFEASIBLE,OPTIMAL,OPTIMAL
FMNL2,INFEASIBLE,OPTIMAL,INFEASIBLE,OPTIMAL
PRPF40A,INFEASIBLE,INFEASIBLE,INFEASIBLE,OPTIMAL
ARL6IP6,INFEASIBLE,OPTIMAL,INFEASIBLE,OPTIMAL
GALNT13,INFEASIBLE,OPTIMAL,INFEASIBLE,INFEASIBLE
KCNJ3,INFEASIBLE,OPTIMAL,OPTIMAL,OPTIMAL
GPD2,OPTIMAL,OPTIMAL,INFEASIBLE,OPTIMAL
ACVR1,OPTIMAL,OPTIMAL,OPTIMAL,OPTIMAL
PKP4,INFEASIBLE,INFEASIBLE,INFEASIBLE,INFEASIBLE
DAPL1,OPTIMAL,OPTIMAL,OPTIMAL,OPTIMAL
TANC1,OPTIMAL,OPTIMAL,OPTIMAL,OPTIMAL
WDSUB1,INFEASIBLE,INFEASIBLE,OPTIMAL,INFEASIBLE
BAZ2B,INFEASIBLE,OPTIMAL,OPTIMAL,INFEASIBLE
MARCHF7,INFEASIBLE,INFEASIBLE,OPTIMAL,OPTIMAL
CD302,INFEASIBLE,INFEASIBLE,OPTIMAL,OPTIMAL
RBMS1,INFEASIBLE,OPTIMAL,INFEASIBLE,OPTIMAL
TANK,INFEASIBLE,OPTIMAL,OPTIMAL,OPTIMAL
PSMD14,INFEASIBLE,INFEASIBLE,OPTIMAL,OPTIMAL
GCA,INFEASIBLE,INFEASIBLE,OPTIMAL,INFEASIBLE
FIGN,INFEASIBLE,OPTIMAL,INFEASIBLE,OPTIMAL
GRB14,OPTIMAL,OPTIMAL,OPTIMAL,OPTIMAL
COBLL1,INFEASIBLE,INFEASIBLE,INFEASIBLE,OPTIMAL
CSRNP3,OPTIMAL,OPTIMAL,OPTIMAL,OPTIMAL
TTC21B,INFEASIBLE,OPTIMAL,OPTIMAL,INFEASIBLE
STK39,OPTIMAL,OPTIMAL,INFEASIBLE,OPTIMAL
CERS6,INFEASIBLE,OPTIMAL,OPTIMAL,OPTIMAL
SPC25,OPTIMAL,OPTIMAL,OPTIMAL,OPTIMAL
LRP2,INFEASIBLE,INFEASIBLE,INFEASIBLE,INFEASIBLE
BBS5,INFEASIBLE,INFEASIBLE,INFEASIBLE,OPTIMAL
FASTKD1,INFEASIBLE,INFEASIBLE,OPTIMAL,INFEASIBLE
PPIG,INFEASIBLE,INFEASIBLE,OPTIMAL,OPTIMAL
CFAP210,INFEASIBLE,INFEASIBLE,INFEASIBLE,INFEASIBLE
PHOSPHO2,INFEASIBLE,INFEASIBLE,OPTIMAL,OPTIMAL
KLHL23,OPTIMAL,OPTIMAL,OPTIMAL,OPTIMAL
SSB,INFEASIBLE,INFEASIBLE,OPTIMAL,OPTIMAL
METTL5,INFEASIBLE,INFEASIBLE,OPTIMAL,OPTIMAL
UBR3,OPTIMAL,OPTIMAL,INFEASIBLE,INFEASIBLE
ERICH2,INFEASIBLE,INFEASIBLE,OPTIMAL,OPTIMAL
GAD1,INFEASIBLE,INFEASIBLE,OPTIMAL,OPTIMAL
GORASP2,INFEASIBLE,INFEASIBLE,OPTIMAL,OPTIMAL
TLK1,OPTIMAL,OPTIMAL,INFEASIBLE,INFEASIBLE
METTL8,INFEASIBLE,OPTIMAL,INFEASIBLE,INFEASIBLE
DCAF17,INFEASIBLE,OPTIMAL,OPTIMAL,OPTIMAL
CYBRD1,OPTIMAL,OPTIMAL,OPTIMAL,OPTIMAL
DYNC1I2,INFEASIBLE,INFEASIBLE,OPTIMAL,OPTIMAL
SLC25A12,INFEASIBLE,OPTIMAL,INFEASIBLE,OPTIMAL
HAT1,OPTIMAL,OPTIMAL,OPTIMAL,OPTIMAL
METAP1D,INFEASIBLE,INFEASIBLE,OPTIMAL,INFEASIBLE
DLX1,INFEASIBLE,INFEASIBLE,OPTIMAL,OPTIMAL
DLX2,OPTIMAL,OPTIMAL,OPTIMAL,OPTIMAL
ITGA6,OPTIMAL,OPTIMAL,OPTIMAL,OPTIMAL
PDK1,INFEASIBLE,INFEASIBLE,INFEASIBLE,OPTIMAL
RAPGEF4,OPTIMAL,OPTIMAL,OPTIMAL,OPTIMAL
MAP3K20,INFEASIBLE,OPTIMAL,OPTIMAL,OPTIMAL
CDCA7,INFEASIBLE,INFEASIBLE,OPTIMAL,INFEASIBLE
SP3,OPTIMAL,OPTIMAL,INFEASIBLE,INFEASIBLE
OLA1,INFEASIBLE,INFEASIBLE,INFEASIBLE,OPTIMAL
SP9,INFEASIBLE,OPTIMAL,OPTIMAL,OPTIMAL
CIR1,INFEASIBLE,INFEASIBLE,OPTIMAL,OPTIMAL
SCRN3,INFEASIBLE,INFEASIBLE,OPTIMAL,OPTIMAL
GPR155,INFEASIBLE,INFEASIBLE,OPTIMAL,OPTIMAL
WIPF1,OPTIMAL,OPTIMAL,OPTIMAL,OPTIMAL
CHN1,OPTIMAL,OPTIMAL,INFEASIBLE,OPTIMAL
ATF2,INFEASIBLE,INFEASIBLE,OPTIMAL,INFEASIBLE
ATP5MC3,INFEASIBLE,INFEASIBLE,OPTIMAL,INFEASIBLE
LNPK,INFEASIBLE,OPTIMAL,OPTIMAL,OPTIMAL
HOXD13,OPTIMAL,OPTIMAL,OPTIMAL,INFEASIBLE
HOXD11,OPTIMAL,OPTIMAL,OPTIMAL,OPTIMAL
HOXD10,INFEASIBLE,INFEASIBLE,OPTIMAL,OPTIMAL
HOXD9,INFEASIBLE,INFEASIBLE,INFEASIBLE,OPTIMAL
HOXD8,OPTIMAL,OPTIMAL,OPTIMAL,INFEASIBLE
HOXD3,INFEASIBLE,INFEASIBLE,OPTIMAL,INFEASIBLE
MTX2,INFEASIBLE,INFEASIBLE,OPTIMAL,INFEASIBLE
HNRNPA3,INFEASIBLE,INFEASIBLE,OPTIMAL,OPTIMAL
NFE2L2,INFEASIBLE,INFEASIBLE,OPTIMAL,INFEASIBLE
AGPS,INFEASIBLE,INFEASIBLE,OPTIMAL,OPTIMAL
PDE11A,INFEASIBLE,OPTIMAL,INFEASIBLE,OPTIMAL
RBM45,INFEASIBLE,INFEASIBLE,OPTIMAL,OPTIMAL
OSBPL6,INFEASIBLE,INFEASIBLE,INFEASIBLE,OPTIMAL
PRKRA,INFEASIBLE,OPTIMAL,OPTIMAL,OPTIMAL
PJVK,OPTIMAL,INFEASIBLE,OPTIMAL,OPTIMAL
FKBP7,INFEASIBLE,INFEASIBLE,OPTIMAL,OPTIMAL
PLEKHA3,INFEASIBLE,INFEASIBLE,OPTIMAL,OPTIMAL
TTN,OPTIMAL,OPTIMAL,OPTIMAL,OPTIMAL
SESTD1,OPTIMAL,OPTIMAL,OPTIMAL,INFEASIBLE
ZNF385B,INFEASIBLE,INFEASIBLE,OPTIMAL,OPTIMAL
CWC22,INFEASIBLE,INFEASIBLE,OPTIMAL,OPTIMAL
UBE2E3,INFEASIBLE,INFEASIBLE,INFEASIBLE,OPTIMAL
ITGA4,OPTIMAL,OPTIMAL,OPTIMAL,OPTIMAL
NEUROD1,INFEASIBLE,OPTIMAL,INFEASIBLE,OPTIMAL
ITPRID2,INFEASIBLE,INFEASIBLE,OPTIMAL,OPTIMAL
DNAJC10,INFEASIBLE,INFEASIBLE,OPTIMAL,OPTIMAL
NCKAP1,INFEASIBLE,INFEASIBLE,OPTIMAL,INFEASIBLE
DUSP19,INFEASIBLE,INFEASIBLE,OPTIMAL,INFEASIBLE
NUP35,INFEASIBLE,INFEASIBLE,OPTIMAL,OPTIMAL
ZNF804A,OPTIMAL,OPTIMAL,OPTIMAL,INFEASIBLE
ZC3H15,INFEASIBLE,INFEASIBLE,OPTIMAL,OPTIMAL
ITGAV,INFEASIBLE,INFEASIBLE,INFEASIBLE,INFEASIBLE
FAM171B,INFEASIBLE,INFEASIBLE,INFEASIBLE,INFEASIBLE
TFPI,INFEASIBLE,INFEASIBLE,OPTIMAL,INFEASIBLE
GULP1,INFEASIBLE,OPTIMAL,OPTIMAL,INFEASIBLE
WDR75,INFEASIBLE,INFEASIBLE,OPTIMAL,INFEASIBLE
ASNSD1,INFEASIBLE,INFEASIBLE,OPTIMAL,OPTIMAL
ANKAR,OPTIMAL,OPTIMAL,INFEASIBLE,INFEASIBLE
OSGEPL1,INFEASIBLE,INFEASIBLE,OPTIMAL,OPTIMAL
ORMDL1,INFEASIBLE,INFEASIBLE,OPTIMAL,INFEASIBLE
PMS1,OPTIMAL,OPTIMAL,INFEASIBLE,OPTIMAL
C2orf88,INFEASIBLE,OPTIMAL,OPTIMAL,OPTIMAL
HIBCH,INFEASIBLE,INFEASIBLE,OPTIMAL,OPTIMAL
INPP1,INFEASIBLE,INFEASIBLE,OPTIMAL,OPTIMAL
NAB1,INFEASIBLE,INFEASIBLE,INFEASIBLE,OPTIMAL
GLS,INFEASIBLE,INFEASIBLE,OPTIMAL,OPTIMAL
STAT1,INFEASIBLE,INFEASIBLE,OPTIMAL,OPTIMAL
MYO1B,INFEASIBLE,INFEASIBLE,INFEASIBLE,INFEASIBLE
NABP1,INFEASIBLE,OPTIMAL,OPTIMAL,OPTIMAL
SLC39A10,INFEASIBLE,INFEASIBLE,OPTIMAL,OPTIMAL
STK17B,INFEASIBLE,OPTIMAL,INFEASIBLE,INFEASIBLE
HECW2,OPTIMAL,OPTIMAL,OPTIMAL,OPTIMAL
CCDC150,INFEASIBLE,INFEASIBLE,OPTIMAL,INFEASIBLE
GTF3C3,INFEASIBLE,INFEASIBLE,OPTIMAL,OPTIMAL
PGAP1,INFEASIBLE,INFEASIBLE,INFEASIBLE,INFEASIBLE
ANKRD44,OPTIMAL,OPTIMAL,OPTIMAL,OPTIMAL
SF3B1,INFEASIBLE,INFEASIBLE,OPTIMAL,OPTIMAL
COQ10B,INFEASIBLE,OPTIMAL,OPTIMAL,INFEASIBLE
HSPD1,INFEASIBLE,INFEASIBLE,INFEASIBLE,OPTIMAL
HSPE1,INFEASIBLE,INFEASIBLE,OPTIMAL,OPTIMAL
MOB4,INFEASIBLE,INFEASIBLE,OPTIMAL,OPTIMAL
MARS2,INFEASIBLE,INFEASIBLE,OPTIMAL,OPTIMAL
PLCL1,INFEASIBLE,OPTIMAL,OPTIMAL,OPTIMAL
SATB2,INFEASIBLE,INFEASIBLE,OPTIMAL,INFEASIBLE
FTCDNL1,INFEASIBLE,INFEASIBLE,OPTIMAL,OPTIMAL
C2orf69,INFEASIBLE,INFEASIBLE,OPTIMAL,OPTIMAL
TYW5,INFEASIBLE,OPTIMAL,OPTIMAL,OPTIMAL
MAIP1,INFEASIBLE,INFEASIBLE,OPTIMAL,OPTIMAL
SPATS2L,INFEASIBLE,INFEASIBLE,OPTIMAL,OPTIMAL
SGO2,INFEASIBLE,OPTIMAL,OPTIMAL,INFEASIBLE
BZW1,INFEASIBLE,INFEASIBLE,OPTIMAL,INFEASIBLE
CLK1,INFEASIBLE,INFEASIBLE,OPTIMAL,OPTIMAL
PPIL3,INFEASIBLE,INFEASIBLE,OPTIMAL,OPTIMAL
NIF3L1,INFEASIBLE,INFEASIBLE,OPTIMAL,OPTIMAL
ORC2,INFEASIBLE,INFEASIBLE,INFEASIBLE,OPTIMAL
HYCC2,OPTIMAL,OPTIMAL,INFEASIBLE,OPTIMAL
NDUFB3,INFEASIBLE,INFEASIBLE,OPTIMAL,OPTIMAL
CFLAR,OPTIMAL,OPTIMAL,OPTIMAL,OPTIMAL
CASP10,INFEASIBLE,INFEASIBLE,OPTIMAL,OPTIMAL
CASP8,INFEASIBLE,OPTIMAL,INFEASIBLE,INFEASIBLE
TRAK2,INFEASIBLE,INFEASIBLE,INFEASIBLE,INFEASIBLE
STRADB,INFEASIBLE,INFEASIBLE,OPTIMAL,INFEASIBLE
TMEM237,OPTIMAL,OPTIMAL,OPTIMAL,OPTIMAL
ALS2,INFEASIBLE,OPTIMAL,OPTIMAL,INFEASIBLE
SUMO1,INFEASIBLE,INFEASIBLE,OPTIMAL,INFEASIBLE
NOP58,INFEASIBLE,INFEASIBLE,OPTIMAL,OPTIMAL
BMPR2,OPTIMAL,OPTIMAL,INFEASIBLE,INFEASIBLE
FAM117B,OPTIMAL,OPTIMAL,OPTIMAL,INFEASIBLE
ICA1L,OPTIMAL,OPTIMAL,OPTIMAL,OPTIMAL
WDR12,INFEASIBLE,OPTIMAL,OPTIMAL,OPTIMAL
NBEAL1,INFEASIBLE,OPTIMAL,INFEASIBLE,INFEASIBLE
CYP20A1,OPTIMAL,OPTIMAL,INFEASIBLE,OPTIMAL
ABI2,OPTIMAL,OPTIMAL,OPTIMAL,INFEASIBLE
RAPH1,OPTIMAL,OPTIMAL,OPTIMAL,OPTIMAL
PARD3B,OPTIMAL,OPTIMAL,OPTIMAL,OPTIMAL
NRP2,OPTIMAL,OPTIMAL,OPTIMAL,OPTIMAL
INO80D,OPTIMAL,OPTIMAL,OPTIMAL,OPTIMAL
NDUFS1,INFEASIBLE,INFEASIBLE,INFEASIBLE,INFEASIBLE
EEF1B2,INFEASIBLE,INFEASIBLE,INFEASIBLE,OPTIMAL
ZDBF2,INFEASIBLE,OPTIMAL,OPTIMAL,OPTIMAL
ADAM23,INFEASIBLE,INFEASIBLE,INFEASIBLE,OPTIMAL
FASTKD2,OPTIMAL,OPTIMAL,OPTIMAL,OPTIMAL
KLF7,OPTIMAL,OPTIMAL,OPTIMAL,OPTIMAL
CREB1,INFEASIBLE,OPTIMAL,INFEASIBLE,OPTIMAL
METTL21A,OPTIMAL,OPTIMAL,OPTIMAL,OPTIMAL
CCNYL1,OPTIMAL,OPTIMAL,INFEASIBLE,OPTIMAL
PLEKHM3,INFEASIBLE,OPTIMAL,OPTIMAL,OPTIMAL
CRYGD,INFEASIBLE,INFEASIBLE,OPTIMAL,OPTIMAL
IDH1,INFEASIBLE,INFEASIBLE,INFEASIBLE,INFEASIBLE
PIKFYVE,INFEASIBLE,OPTIMAL,OPTIMAL,INFEASIBLE
MAP2,INFEASIBLE,OPTIMAL,OPTIMAL,OPTIMAL
RPE,INFEASIBLE,INFEASIBLE,OPTIMAL,OPTIMAL
KANSL1L,OPTIMAL,OPTIMAL,OPTIMAL,INFEASIBLE
LANCL1,INFEASIBLE,OPTIMAL,OPTIMAL,INFEASIBLE
CPS1,INFEASIBLE,INFEASIBLE,OPTIMAL,OPTIMAL
ERBB4,OPTIMAL,OPTIMAL,INFEASIBLE,INFEASIBLE
SPAG16,OPTIMAL,OPTIMAL,OPTIMAL,OPTIMAL
BARD1,INFEASIBLE,INFEASIBLE,OPTIMAL,OPTIMAL
ATIC,INFEASIBLE,INFEASIBLE,OPTIMAL,OPTIMAL
FN1,INFEASIBLE,INFEASIBLE,OPTIMAL,OPTIMAL
MREG,INFEASIBLE,INFEASIBLE,OPTIMAL,OPTIMAL
PECR,INFEASIBLE,OPTIMAL,OPTIMAL,INFEASIBLE
XRCC5,INFEASIBLE,INFEASIBLE,OPTIMAL,INFEASIBLE
SMARCAL1,INFEASIBLE,INFEASIBLE,OPTIMAL,OPTIMAL
RPL37A,INFEASIBLE,INFEASIBLE,INFEASIBLE,INFEASIBLE
IGFBP2,INFEASIBLE,OPTIMAL,OPTIMAL,INFEASIBLE
IGFBP5,OPTIMAL,OPTIMAL,OPTIMAL,OPTIMAL
ARPC2,INFEASIBLE,INFEASIBLE,INFEASIBLE,INFEASIBLE
AAMP,INFEASIBLE,OPTIMAL,OPTIMAL,OPTIMAL
PNKD,INFEASIBLE,OPTIMAL,OPTIMAL,OPTIMAL
CTDSP1,OPTIMAL,OPTIMAL,INFEASIBLE,OPTIMAL
USP37,INFEASIBLE,OPTIMAL,OPTIMAL,INFEASIBLE
CNOT9,INFEASIBLE,INFEASIBLE,INFEASIBLE,INFEASIBLE
ZNF142,INFEASIBLE,OPTIMAL,INFEASIBLE,INFEASIBLE
BCS1L,INFEASIBLE,INFEASIBLE,OPTIMAL,OPTIMAL
RNF25,INFEASIBLE,INFEASIBLE,OPTIMAL,OPTIMAL
TTLL4,OPTIMAL,OPTIMAL,OPTIMAL,OPTIMAL
NHEJ1,INFEASIBLE,INFEASIBLE,OPTIMAL,OPTIMAL
CNPPD1,OPTIMAL,OPTIMAL,OPTIMAL,OPTIMAL
RETREG2,INFEASIBLE,OPTIMAL,OPTIMAL,OPTIMAL
ZFAND2B,OPTIMAL,OPTIMAL,OPTIMAL,OPTIMAL
ATG9A,INFEASIBLE,OPTIMAL,INFEASIBLE,OPTIMAL
ANKZF1,INFEASIBLE,INFEASIBLE,OPTIMAL,OPTIMAL
STK16,INFEASIBLE,INFEASIBLE,OPTIMAL,OPTIMAL
DNPEP,INFEASIBLE,OPTIMAL,OPTIMAL,OPTIMAL
GMPPA,INFEASIBLE,INFEASIBLE,OPTIMAL,OPTIMAL
CHPF,INFEASIBLE,INFEASIBLE,OPTIMAL,OPTIMAL
OBSL1,OPTIMAL,OPTIMAL,OPTIMAL,INFEASIBLE
EPHA4,OPTIMAL,OPTIMAL,OPTIMAL,OPTIMAL
PAX3,OPTIMAL,OPTIMAL,OPTIMAL,OPTIMAL
FARSB,INFEASIBLE,INFEASIBLE,OPTIMAL,INFEASIBLE
ACSL3,OPTIMAL,OPTIMAL,OPTIMAL,OPTIMAL
AP1S3,OPTIMAL,OPTIMAL,OPTIMAL,OPTIMAL
WDFY1,INFEASIBLE,INFEASIBLE,OPTIMAL,OPTIMAL
MRPL44,INFEASIBLE,INFEASIBLE,OPTIMAL,OPTIMAL
SERPINE2,INFEASIBLE,INFEASIBLE,OPTIMAL,OPTIMAL
CUL3,INFEASIBLE,OPTIMAL,INFEASIBLE,OPTIMAL
RHBDD1,INFEASIBLE,OPTIMAL,OPTIMAL,OPTIMAL
MFF,INFEASIBLE,INFEASIBLE,OPTIMAL,INFEASIBLE
AGFG1,INFEASIBLE,INFEASIBLE,INFEASIBLE,OPTIMAL
TRIP12,INFEASIBLE,INFEASIBLE,INFEASIBLE,INFEASIBLE
FBXO36,OPTIMAL,OPTIMAL,INFEASIBLE,OPTIMAL
CAB39,INFEASIBLE,INFEASIBLE,OPTIMAL,INFEASIBLE
ITM2C,INFEASIBLE,INFEASIBLE,OPTIMAL,OPTIMAL
PSMD1,INFEASIBLE,OPTIMAL,OPTIMAL,INFEASIBLE
ARMC9,OPTIMAL,OPTIMAL,OPTIMAL,OPTIMAL
NCL,INFEASIBLE,INFEASIBLE,OPTIMAL,OPTIMAL
PTMA,INFEASIBLE,INFEASIBLE,INFEASIBLE,OPTIMAL
PDE6D,INFEASIBLE,OPTIMAL,INFEASIBLE,INFEASIBLE
COPS7B,INFEASIBLE,INFEASIBLE,OPTIMAL,OPTIMAL
NPPC,OPTIMAL,OPTIMAL,OPTIMAL,OPTIMAL
DIS3L2,OPTIMAL,OPTIMAL,INFEASIBLE,INFEASIBLE
TIGD1,INFEASIBLE,INFEASIBLE,OPTIMAL,INFEASIBLE
EIF4E2,INFEASIBLE,INFEASIBLE,OPTIMAL,OPTIMAL
EFHD1,INFEASIBLE,INFEASIBLE,OPTIMAL,INFEASIBLE
GIGYF2,INFEASIBLE,INFEASIBLE,OPTIMAL,INFEASIBLE
ATG16L1,INFEASIBLE,OPTIMAL,OPTIMAL,INFEASIBLE
DGKD,OPTIMAL,OPTIMAL,OPTIMAL,OPTIMAL
USP40,INFEASIBLE,INFEASIBLE,OPTIMAL,INFEASIBLE
HJURP,INFEASIBLE,OPTIMAL,OPTIMAL,INFEASIBLE
ARL4C,INFEASIBLE,INFEASIBLE,OPTIMAL,OPTIMAL
SH3BP4,INFEASIBLE,INFEASIBLE,INFEASIBLE,INFEASIBLE
AGAP1,OPTIMAL,OPTIMAL,OPTIMAL,OPTIMAL
COPS8,INFEASIBLE,INFEASIBLE,OPTIMAL,OPTIMAL
LRRFIP1,OPTIMAL,OPTIMAL,INFEASIBLE,OPTIMAL
RAMP1,OPTIMAL,OPTIMAL,INFEASIBLE,INFEASIBLE
UBE2F,INFEASIBLE,INFEASIBLE,OPTIMAL,OPTIMAL
SCLY,INFEASIBLE,INFEASIBLE,OPTIMAL,INFEASIBLE
ILKAP,INFEASIBLE,INFEASIBLE,OPTIMAL,OPTIMAL
HES6,INFEASIBLE,OPTIMAL,OPTIMAL,OPTIMAL
PER2,OPTIMAL,OPTIMAL,OPTIMAL,OPTIMAL
TRAF3IP1,INFEASIBLE,OPTIMAL,INFEASIBLE,INFEASIBLE
ASB1,INFEASIBLE,INFEASIBLE,OPTIMAL,OPTIMAL
TWIST2,OPTIMAL,OPTIMAL,OPTIMAL,OPTIMAL
HDAC4,OPTIMAL,OPTIMAL,INFEASIBLE,OPTIMAL
NDUFA10,INFEASIBLE,OPTIMAL,OPTIMAL,INFEASIBLE
COPS9,INFEASIBLE,INFEASIBLE,OPTIMAL,INFEASIBLE
ANKMY1,INFEASIBLE,OPTIMAL,OPTIMAL,OPTIMAL
DUSP28,OPTIMAL,OPTIMAL,OPTIMAL,OPTIMAL
RNPEPL1,OPTIMAL,OPTIMAL,OPTIMAL,OPTIMAL
KIF1A,OPTIMAL,OPTIMAL,INFEASIBLE,OPTIMAL
SNED1,OPTIMAL,OPTIMAL,OPTIMAL,OPTIMAL
MTERF4,INFEASIBLE,INFEASIBLE,OPTIMAL,OPTIMAL
PASK,INFEASIBLE,INFEASIBLE,OPTIMAL,OPTIMAL
PPP1R7,INFEASIBLE,INFEASIBLE,OPTIMAL,OPTIMAL
ANO7,INFEASIBLE,INFEASIBLE,OPTIMAL,OPTIMAL
HDLBP,INFEASIBLE,INFEASIBLE,OPTIMAL,OPTIMAL
SEPTIN2,INFEASIBLE,INFEASIBLE,INFEASIBLE,INFEASIBLE
FARP2,OPTIMAL,OPTIMAL,INFEASIBLE,OPTIMAL
STK25,INFEASIBLE,INFEASIBLE,OPTIMAL,OPTIMAL
THAP4,INFEASIBLE,OPTIMAL,OPTIMAL,OPTIMAL
ATG4B,INFEASIBLE,OPTIMAL,OPTIMAL,OPTIMAL
DTYMK,INFEASIBLE,INFEASIBLE,OPTIMAL,OPTIMAL
ING5,INFEASIBLE,OPTIMAL,OPTIMAL,OPTIMAL
D2HGDH,OPTIMAL,OPTIMAL,OPTIMAL,OPTIMAL
CNTN4,INFEASIBLE,OPTIMAL,OPTIMAL,OPTIMAL
TRNT1,INFEASIBLE,INFEASIBLE,OPTIMAL,OPTIMAL
CRBN,INFEASIBLE,INFEASIBLE,OPTIMAL,OPTIMAL
SUMF1,INFEASIBLE,OPTIMAL,INFEASIBLE,OPTIMAL
ITPR1,OPTIMAL,OPTIMAL,INFEASIBLE,INFEASIBLE
ARL8B,OPTIMAL,OPTIMAL,OPTIMAL,INFEASIBLE
EDEM1,INFEASIBLE,OPTIMAL,INFEASIBLE,OPTIMAL
GRM7,INFEASIBLE,OPTIMAL,OPTIMAL,OPTIMAL
CAV3,INFEASIBLE,INFEASIBLE,OPTIMAL,OPTIMAL
RAD18,INFEASIBLE,INFEASIBLE,INFEASIBLE,INFEASIBLE
SRGAP3,INFEASIBLE,OPTIMAL,OPTIMAL,INFEASIBLE
THUMPD3,INFEASIBLE,INFEASIBLE,OPTIMAL,OPTIMAL
SETD5,OPTIMAL,OPTIMAL,INFEASIBLE,OPTIMAL
MTMR14,INFEASIBLE,INFEASIBLE,INFEASIBLE,OPTIMAL
BRPF1,OPTIMAL,OPTIMAL,OPTIMAL,OPTIMAL
OGG1,INFEASIBLE,INFEASIBLE,OPTIMAL,INFEASIBLE
CAMK1,INFEASIBLE,INFEASIBLE,OPTIMAL,OPTIMAL
TADA3,INFEASIBLE,INFEASIBLE,OPTIMAL,OPTIMAL
ARPC4,INFEASIBLE,INFEASIBLE,INFEASIBLE,INFEASIBLE
TTLL3,INFEASIBLE,OPTIMAL,INFEASIBLE,INFEASIBLE
RPUSD3,INFEASIBLE,INFEASIBLE,OPTIMAL,OPTIMAL
JAGN1,INFEASIBLE,INFEASIBLE,OPTIMAL,OPTIMAL
PRRT3,OPTIMAL,OPTIMAL,OPTIMAL,OPTIMAL
EMC3,INFEASIBLE,INFEASIBLE,INFEASIBLE,OPTIMAL
FANCD2,OPTIMAL,OPTIMAL,OPTIMAL,OPTIMAL
BRK1,INFEASIBLE,INFEASIBLE,INFEASIBLE,OPTIMAL
VHL,INFEASIBLE,INFEASIBLE,INFEASIBLE,OPTIMAL
TATDN2,OPTIMAL,OPTIMAL,OPTIMAL,OPTIMAL
SEC13,OPTIMAL,OPTIMAL,OPTIMAL,OPTIMAL
SLC6A11,OPTIMAL,OPTIMAL,OPTIMAL,OPTIMAL
ATG7,OPTIMAL,OPTIMAL,INFEASIBLE,OPTIMAL
VGLL4,OPTIMAL,OPTIMAL,OPTIMAL,OPTIMAL
TAMM41,OPTIMAL,OPTIMAL,OPTIMAL,OPTIMAL
SYN2,OPTIMAL,OPTIMAL,OPTIMAL,OPTIMAL
PPARG,OPTIMAL,OPTIMAL,OPTIMAL,OPTIMAL
TSEN2,OPTIMAL,OPTIMAL,INFEASIBLE,OPTIMAL
MKRN2OS,OPTIMAL,OPTIMAL,INFEASIBLE,INFEASIBLE
MKRN2,INFEASIBLE,INFEASIBLE,OPTIMAL,OPTIMAL
RAF1,OPTIMAL,OPTIMAL,INFEASIBLE,OPTIMAL
CAND2,INFEASIBLE,INFEASIBLE,OPTIMAL,OPTIMAL
RPL32,INFEASIBLE,INFEASIBLE,INFEASIBLE,OPTIMAL
IQSEC1,OPTIMAL,OPTIMAL,INFEASIBLE,OPTIMAL
NUP210,OPTIMAL,OPTIMAL,INFEASIBLE,OPTIMAL
CHCHD4,INFEASIBLE,INFEASIBLE,OPTIMAL,OPTIMAL
TMEM43,OPTIMAL,OPTIMAL,OPTIMAL,OPTIMAL
XPC,INFEASIBLE,INFEASIBLE,OPTIMAL,OPTIMAL
LSM3,INFEASIBLE,INFEASIBLE,INFEASIBLE,OPTIMAL
SLC6A6,INFEASIBLE,INFEASIBLE,OPTIMAL,INFEASIBLE
CCDC174,INFEASIBLE,INFEASIBLE,OPTIMAL,OPTIMAL
NR2C2,INFEASIBLE,OPTIMAL,INFEASIBLE,OPTIMAL
MRPS25,INFEASIBLE,INFEASIBLE,INFEASIBLE,OPTIMAL
RBSN,INFEASIBLE,INFEASIBLE,INFEASIBLE,OPTIMAL
CAPN7,INFEASIBLE,INFEASIBLE,OPTIMAL,INFEASIBLE
SH3BP5,INFEASIBLE,OPTIMAL,OPTIMAL,OPTIMAL
METTL6,INFEASIBLE,INFEASIBLE,OPTIMAL,OPTIMAL
EAF1,INFEASIBLE,INFEASIBLE,OPTIMAL,OPTIMAL
HACL1,OPTIMAL,OPTIMAL,OPTIMAL,OPTIMAL
BTD,INFEASIBLE,OPTIMAL,OPTIMAL,OPTIMAL
ANKRD28,OPTIMAL,OPTIMAL,INFEASIBLE,OPTIMAL
DPH3,INFEASIBLE,INFEASIBLE,OPTIMAL,OPTIMAL
OXNAD1,INFEASIBLE,INFEASIBLE,INFEASIBLE,INFEASIBLE
RFTN1,INFEASIBLE,OPTIMAL,OPTIMAL,OPTIMAL
PLCL2,OPTIMAL,OPTIMAL,OPTIMAL,OPTIMAL
TBC1D5,OPTIMAL,OPTIMAL,OPTIMAL,OPTIMAL
SATB1,INFEASIBLE,INFEASIBLE,OPTIMAL,OPTIMAL
RAB5A,INFEASIBLE,INFEASIBLE,OPTIMAL,OPTIMAL
KAT2B,INFEASIBLE,OPTIMAL,OPTIMAL,INFEASIBLE
SGO1,INFEASIBLE,INFEASIBLE,OPTIMAL,OPTIMAL
ZNF385D,INFEASIBLE,OPTIMAL,OPTIMAL,OPTIMAL
UBE2E2,INFEASIBLE,INFEASIBLE,INFEASIBLE,INFEASIBLE
UBE2E1,INFEASIBLE,INFEASIBLE,OPTIMAL,OPTIMAL
NKIRAS1,INFEASIBLE,OPTIMAL,OPTIMAL,INFEASIBLE
RPL15,INFEASIBLE,INFEASIBLE,INFEASIBLE,OPTIMAL
NR1D2,OPTIMAL,OPTIMAL,OPTIMAL,INFEASIBLE
THRB,OPTIMAL,OPTIMAL,OPTIMAL,OPTIMAL
RARB,OPTIMAL,OPTIMAL,OPTIMAL,OPTIMAL
TOP2B,INFEASIBLE,INFEASIBLE,OPTIMAL,OPTIMAL
NGLY1,INFEASIBLE,INFEASIBLE,OPTIMAL,OPTIMAL
OXSM,INFEASIBLE,OPTIMAL,OPTIMAL,OPTIMAL
LRRC3B,INFEASIBLE,OPTIMAL,OPTIMAL,OPTIMAL
NEK10,OPTIMAL,OPTIMAL,INFEASIBLE,OPTIMAL
SLC4A7,INFEASIBLE,INFEASIBLE,INFEASIBLE,INFEASIBLE
CMC1,INFEASIBLE,INFEASIBLE,OPTIMAL,OPTIMAL
AZI2,INFEASIBLE,INFEASIBLE,OPTIMAL,INFEASIBLE
ZCWPW2,OPTIMAL,OPTIMAL,OPTIMAL,OPTIMAL
RBMS3,OPTIMAL,OPTIMAL,OPTIMAL,OPTIMAL
TGFBR2,OPTIMAL,OPTIMAL,OPTIMAL,INFEASIBLE
STT3B,INFEASIBLE,OPTIMAL,INFEASIBLE,OPTIMAL
OSBPL10,OPTIMAL,OPTIMAL,OPTIMAL,OPTIMAL
GPD1L,INFEASIBLE,INFEASIBLE,OPTIMAL,INFEASIBLE
CMTM8,INFEASIBLE,INFEASIBLE,INFEASIBLE,OPTIMAL
CMTM7,INFEASIBLE,OPTIMAL,OPTIMAL,OPTIMAL
CMTM6,INFEASIBLE,INFEASIBLE,OPTIMAL,OPTIMAL
DYNC1LI1,INFEASIBLE,INFEASIBLE,OPTIMAL,OPTIMAL
CNOT10,INFEASIBLE,INFEASIBLE,INFEASIBLE,INFEASIBLE
TRIM71,INFEASIBLE,OPTIMAL,OPTIMAL,OPTIMAL
GLB1,INFEASIBLE,INFEASIBLE,OPTIMAL,OPTIMAL
CRTAP,INFEASIBLE,INFEASIBLE,OPTIMAL,OPTIMAL
SUSD5,INFEASIBLE,OPTIMAL,OPTIMAL,OPTIMAL
FBXL2,INFEASIBLE,INFEASIBLE,OPTIMAL,OPTIMAL
UBP1,INFEASIBLE,OPTIMAL,INFEASIBLE,OPTIMAL
CLASP2,INFEASIBLE,INFEASIBLE,INFEASIBLE,OPTIMAL
PDCD6IP,INFEASIBLE,INFEASIBLE,OPTIMAL,OPTIMAL
STAC,OPTIMAL,OPTIMAL,OPTIMAL,OPTIMAL
LRRFIP2,INFEASIBLE,OPTIMAL,INFEASIBLE,OPTIMAL
GOLGA4,OPTIMAL,OPTIMAL,INFEASIBLE,OPTIMAL
CTDSPL,OPTIMAL,OPTIMAL,INFEASIBLE,OPTIMAL
ACAA1,INFEASIBLE,INFEASIBLE,OPTIMAL,OPTIMAL
OXSR1,INFEASIBLE,OPTIMAL,OPTIMAL,OPTIMAL
XYLB,INFEASIBLE,INFEASIBLE,INFEASIBLE,INFEASIBLE
ACVR2B,OPTIMAL,OPTIMAL,INFEASIBLE,OPTIMAL
EXOG,INFEASIBLE,INFEASIBLE,INFEASIBLE,OPTIMAL
SCN5A,INFEASIBLE,INFEASIBLE,OPTIMAL,INFEASIBLE
WDR48,OPTIMAL,OPTIMAL,OPTIMAL,OPTIMAL
GORASP1,INFEASIBLE,INFEASIBLE,OPTIMAL,INFEASIBLE
SLC25A38,INFEASIBLE,INFEASIBLE,OPTIMAL,OPTIMAL
RPSA,INFEASIBLE,INFEASIBLE,INFEASIBLE,OPTIMAL
EIF1B,INFEASIBLE,INFEASIBLE,OPTIMAL,OPTIMAL
RPL14,INFEASIBLE,INFEASIBLE,INFEASIBLE,OPTIMAL
ZNF620,INFEASIBLE,INFEASIBLE,OPTIMAL,OPTIMAL
ZNF621,INFEASIBLE,INFEASIBLE,OPTIMAL,OPTIMAL
CTNNB1,INFEASIBLE,INFEASIBLE,INFEASIBLE,INFEASIBLE
ULK4,OPTIMAL,OPTIMAL,OPTIMAL,OPTIMAL
TRAK1,OPTIMAL,OPTIMAL,INFEASIBLE,OPTIMAL
SEC22C,INFEASIBLE,INFEASIBLE,OPTIMAL,OPTIMAL
SS18L2,INFEASIBLE,INFEASIBLE,OPTIMAL,INFEASIBLE
NKTR,INFEASIBLE,INFEASIBLE,INFEASIBLE,INFEASIBLE
HIGD1A,INFEASIBLE,INFEASIBLE,OPTIMAL,OPTIMAL
POMGNT2,OPTIMAL,OPTIMAL,INFEASIBLE,OPTIMAL
SNRK,INFEASIBLE,INFEASIBLE,INFEASIBLE,INFEASIBLE
ANO10,OPTIMAL,OPTIMAL,OPTIMAL,OPTIMAL
ABHD5,INFEASIBLE,INFEASIBLE,OPTIMAL,OPTIMAL
TCAIM,INFEASIBLE,INFEASIBLE,OPTIMAL,OPTIMAL
ZNF445,INFEASIBLE,INFEASIBLE,OPTIMAL,OPTIMAL
ZNF852,INFEASIBLE,INFEASIBLE,OPTIMAL,INFEASIBLE
ZNF197,INFEASIBLE,INFEASIBLE,OPTIMAL,OPTIMAL
ZNF35,INFEASIBLE,INFEASIBLE,OPTIMAL,OPTIMAL
KIAA1143,INFEASIBLE,INFEASIBLE,OPTIMAL,OPTIMAL
KIF15,INFEASIBLE,INFEASIBLE,OPTIMAL,OPTIMAL
TMEM42,INFEASIBLE,INFEASIBLE,OPTIMAL,OPTIMAL
ZDHHC3,OPTIMAL,OPTIMAL,OPTIMAL,INFEASIBLE
EXOSC7,INFEASIBLE,INFEASIBLE,OPTIMAL,OPTIMAL
TMEM158,OPTIMAL,OPTIMAL,OPTIMAL,OPTIMAL
LARS2,INFEASIBLE,INFEASIBLE,OPTIMAL,OPTIMAL
LIMD1,OPTIMAL,OPTIMAL,OPTIMAL,OPTIMAL
SACM1L,INFEASIBLE,INFEASIBLE,OPTIMAL,OPTIMAL
LZTFL1,OPTIMAL,OPTIMAL,INFEASIBLE,OPTIMAL
FYCO1,INFEASIBLE,INFEASIBLE,OPTIMAL,OPTIMAL
CCDC12,INFEASIBLE,INFEASIBLE,OPTIMAL,OPTIMAL
NBEAL2,OPTIMAL,OPTIMAL,OPTIMAL,OPTIMAL
SETD2,INFEASIBLE,OPTIMAL,INFEASIBLE,OPTIMAL
KIF9,INFEASIBLE,INFEASIBLE,OPTIMAL,OPTIMAL
KLHL18,INFEASIBLE,INFEASIBLE,OPTIMAL,OPTIMAL
PTPN23,INFEASIBLE,INFEASIBLE,OPTIMAL,OPTIMAL
SCAP,OPTIMAL,OPTIMAL,OPTIMAL,OPTIMAL
ELP6,INFEASIBLE,INFEASIBLE,OPTIMAL,OPTIMAL
CSPG5,OPTIMAL,OPTIMAL,OPTIMAL,OPTIMAL
SMARCC1,INFEASIBLE,OPTIMAL,INFEASIBLE,INFEASIBLE
DHX30,INFEASIBLE,OPTIMAL,OPTIMAL,INFEASIBLE
MAP4,OPTIMAL,OPTIMAL,INFEASIBLE,OPTIMAL
CDC25A,INFEASIBLE,OPTIMAL,INFEASIBLE,OPTIMAL
ZNF589,INFEASIBLE,INFEASIBLE,INFEASIBLE,OPTIMAL
NME6,INFEASIBLE,INFEASIBLE,OPTIMAL,OPTIMAL
CCDC51,INFEASIBLE,INFEASIBLE,OPTIMAL,OPTIMAL
TMA7,INFEASIBLE,INFEASIBLE,INFEASIBLE,OPTIMAL
ATRIP,OPTIMAL,OPTIMAL,OPTIMAL,OPTIMAL
SHISA5,INFEASIBLE,OPTIMAL,INFEASIBLE,OPTIMAL
UQCRC1,INFEASIBLE,INFEASIBLE,OPTIMAL,OPTIMAL
NCKIPSD,OPTIMAL,OPTIMAL,OPTIMAL,INFEASIBLE
IP6K2,OPTIMAL,OPTIMAL,OPTIMAL,OPTIMAL
PRKAR2A,OPTIMAL,OPTIMAL,INFEASIBLE,INFEASIBLE
SLC25A20,OPTIMAL,OPTIMAL,OPTIMAL,INFEASIBLE
ARIH2,INFEASIBLE,INFEASIBLE,INFEASIBLE,OPTIMAL
WDR6,INFEASIBLE,OPTIMAL,OPTIMAL,INFEASIBLE
DALRD3,INFEASIBLE,OPTIMAL,INFEASIBLE,INFEASIBLE
NDUFAF3,INFEASIBLE,INFEASIBLE,OPTIMAL,OPTIMAL
IMPDH2,INFEASIBLE,INFEASIBLE,OPTIMAL,INFEASIBLE
QRICH1,OPTIMAL,OPTIMAL,INFEASIBLE,INFEASIBLE
QARS1,INFEASIBLE,INFEASIBLE,OPTIMAL,INFEASIBLE
USP19,INFEASIBLE,INFEASIBLE,OPTIMAL,OPTIMAL
CCDC71,INFEASIBLE,INFEASIBLE,INFEASIBLE,OPTIMAL
USP4,INFEASIBLE,INFEASIBLE,OPTIMAL,OPTIMAL
GPX1,INFEASIBLE,INFEASIBLE,OPTIMAL,OPTIMAL
RHOA,INFEASIBLE,INFEASIBLE,OPTIMAL,INFEASIBLE
TCTA,INFEASIBLE,INFEASIBLE,OPTIMAL,OPTIMAL
DAG1,INFEASIBLE,INFEASIBLE,INFEASIBLE,INFEASIBLE
APEH,INFEASIBLE,OPTIMAL,OPTIMAL,OPTIMAL
RNF123,INFEASIBLE,INFEASIBLE,OPTIMAL,OPTIMAL
GMPPB,INFEASIBLE,OPTIMAL,OPTIMAL,OPTIMAL
IP6K1,INFEASIBLE,INFEASIBLE,INFEASIBLE,INFEASIBLE
TRAIP,INFEASIBLE,INFEASIBLE,OPTIMAL,OPTIMAL
MON1A,INFEASIBLE,INFEASIBLE,OPTIMAL,OPTIMAL
RBM6,OPTIMAL,OPTIMAL,INFEASIBLE,OPTIMAL
RBM5,INFEASIBLE,OPTIMAL,INFEASIBLE,OPTIMAL
GNAI2,OPTIMAL,OPTIMAL,OPTIMAL,OPTIMAL
IFRD2,INFEASIBLE,OPTIMAL,OPTIMAL,OPTIMAL
HYAL2,INFEASIBLE,INFEASIBLE,OPTIMAL,OPTIMAL
TUSC2,INFEASIBLE,INFEASIBLE,OPTIMAL,OPTIMAL
RASSF1,INFEASIBLE,INFEASIBLE,OPTIMAL,OPTIMAL
NPRL2,INFEASIBLE,INFEASIBLE,OPTIMAL,OPTIMAL
CYB561D2,INFEASIBLE,INFEASIBLE,OPTIMAL,OPTIMAL
TMEM115,INFEASIBLE,OPTIMAL,INFEASIBLE,OPTIMAL
HEMK1,OPTIMAL,OPTIMAL,OPTIMAL,OPTIMAL
MAPKAPK3,OPTIMAL,OPTIMAL,OPTIMAL,OPTIMAL
DOCK3,INFEASIBLE,OPTIMAL,INFEASIBLE,OPTIMAL
MANF,INFEASIBLE,INFEASIBLE,OPTIMAL,OPTIMAL
RBM15B,INFEASIBLE,INFEASIBLE,OPTIMAL,OPTIMAL
DCAF1,OPTIMAL,OPTIMAL,OPTIMAL,INFEASIBLE
RAD54L2,OPTIMAL,OPTIMAL,INFEASIBLE,OPTIMAL
TEX264,OPTIMAL,OPTIMAL,OPTIMAL,OPTIMAL
RRP9,INFEASIBLE,INFEASIBLE,INFEASIBLE,OPTIMAL
ABHD14B,OPTIMAL,OPTIMAL,OPTIMAL,OPTIMAL
ABHD14A,INFEASIBLE,INFEASIBLE,OPTIMAL,OPTIMAL
ACY1,INFEASIBLE,OPTIMAL,OPTIMAL,OPTIMAL
RPL29,INFEASIBLE,INFEASIBLE,OPTIMAL,OPTIMAL
DUSP7,INFEASIBLE,INFEASIBLE,INFEASIBLE,OPTIMAL
POC1A,INFEASIBLE,INFEASIBLE,OPTIMAL,OPTIMAL
ALAS1,INFEASIBLE,INFEASIBLE,OPTIMAL,OPTIMAL
TWF2,INFEASIBLE,INFEASIBLE,OPTIMAL,OPTIMAL
WDR82,INFEASIBLE,OPTIMAL,INFEASIBLE,OPTIMAL
BAP1,INFEASIBLE,INFEASIBLE,OPTIMAL,OPTIMAL
PHF7,OPTIMAL,OPTIMAL,OPTIMAL,OPTIMAL
NISCH,INFEASIBLE,OPTIMAL,INFEASIBLE,OPTIMAL
NT5DC2,INFEASIBLE,INFEASIBLE,OPTIMAL,OPTIMAL
UQCC5,OPTIMAL,OPTIMAL,OPTIMAL,OPTIMAL
PBRM1,INFEASIBLE,INFEASIBLE,INFEASIBLE,OPTIMAL
GNL3,INFEASIBLE,INFEASIBLE,INFEASIBLE,OPTIMAL
GLT8D1,INFEASIBLE,INFEASIBLE,OPTIMAL,OPTIMAL
SPCS1,INFEASIBLE,INFEASIBLE,INFEASIBLE,OPTIMAL
NEK4,INFEASIBLE,OPTIMAL,OPTIMAL,INFEASIBLE
STIMATE,INFEASIBLE,INFEASIBLE,OPTIMAL,OPTIMAL
SFMBT1,INFEASIBLE,INFEASIBLE,OPTIMAL,OPTIMAL
RFT1,INFEASIBLE,INFEASIBLE,OPTIMAL,OPTIMAL
PRKCD,OPTIMAL,OPTIMAL,OPTIMAL,OPTIMAL
TKT,INFEASIBLE,INFEASIBLE,INFEASIBLE,OPTIMAL
DCP1A,OPTIMAL,OPTIMAL,OPTIMAL,OPTIMAL
CACNA1D,OPTIMAL,OPTIMAL,OPTIMAL,OPTIMAL
CHDH,OPTIMAL,OPTIMAL,OPTIMAL,OPTIMAL
ACTR8,INFEASIBLE,INFEASIBLE,OPTIMAL,OPTIMAL
SELENOK,INFEASIBLE,INFEASIBLE,INFEASIBLE,OPTIMAL
CACNA2D3,OPTIMAL,OPTIMAL,INFEASIBLE,INFEASIBLE
WNT5A,INFEASIBLE,INFEASIBLE,INFEASIBLE,OPTIMAL
ERC2,OPTIMAL,OPTIMAL,INFEASIBLE,OPTIMAL
CCDC66,INFEASIBLE,INFEASIBLE,INFEASIBLE,OPTIMAL
TASOR,INFEASIBLE,INFEASIBLE,INFEASIBLE,OPTIMAL
ARHGEF3,OPTIMAL,OPTIMAL,INFEASIBLE,OPTIMAL
APPL1,INFEASIBLE,INFEASIBLE,INFEASIBLE,OPTIMAL
PDE12,INFEASIBLE,OPTIMAL,OPTIMAL,OPTIMAL
ARF4,INFEASIBLE,INFEASIBLE,OPTIMAL,OPTIMAL
DENND6A,INFEASIBLE,INFEASIBLE,OPTIMAL,OPTIMAL
SLMAP,INFEASIBLE,OPTIMAL,INFEASIBLE,INFEASIBLE
FLNB,OPTIMAL,OPTIMAL,OPTIMAL,OPTIMAL
ABHD6,INFEASIBLE,INFEASIBLE,OPTIMAL,OPTIMAL
PXK,INFEASIBLE,INFEASIBLE,INFEASIBLE,OPTIMAL
PDHB,INFEASIBLE,INFEASIBLE,OPTIMAL,OPTIMAL
KCTD6,INFEASIBLE,INFEASIBLE,OPTIMAL,OPTIMAL
CFAP20DC,INFEASIBLE,INFEASIBLE,OPTIMAL,OPTIMAL
FHIT,OPTIMAL,OPTIMAL,INFEASIBLE,OPTIMAL
PTPRG,OPTIMAL,OPTIMAL,INFEASIBLE,OPTIMAL
C3orf14,INFEASIBLE,INFEASIBLE,INFEASIBLE,OPTIMAL
THOC7,INFEASIBLE,INFEASIBLE,INFEASIBLE,OPTIMAL
ATXN7,INFEASIBLE,OPTIMAL,OPTIMAL,INFEASIBLE
PSMD6,INFEASIBLE,INFEASIBLE,OPTIMAL,OPTIMAL
PRICKLE2,INFEASIBLE,INFEASIBLE,OPTIMAL,OPTIMAL
MAGI1,OPTIMAL,OPTIMAL,INFEASIBLE,OPTIMAL
SLC25A26,INFEASIBLE,INFEASIBLE,OPTIMAL,OPTIMAL
LRIG1,OPTIMAL,OPTIMAL,OPTIMAL,OPTIMAL
SUCLG2,OPTIMAL,OPTIMAL,INFEASIBLE,OPTIMAL
TMF1,INFEASIBLE,INFEASIBLE,OPTIMAL,INFEASIBLE
UBA3,INFEASIBLE,INFEASIBLE,INFEASIBLE,INFEASIBLE
ARL6IP5,INFEASIBLE,INFEASIBLE,OPTIMAL,OPTIMAL
FRMD4B,OPTIMAL,OPTIMAL,OPTIMAL,OPTIMAL
MITF,INFEASIBLE,INFEASIBLE,INFEASIBLE,OPTIMAL
FOXP1,OPTIMAL,OPTIMAL,INFEASIBLE,INFEASIBLE
EIF4E3,OPTIMAL,OPTIMAL,OPTIMAL,OPTIMAL
GPR27,OPTIMAL,OPTIMAL,OPTIMAL,OPTIMAL
RYBP,INFEASIBLE,INFEASIBLE,OPTIMAL,OPTIMAL
SHQ1,INFEASIBLE,INFEASIBLE,OPTIMAL,OPTIMAL
GXYLT2,OPTIMAL,OPTIMAL,OPTIMAL,OPTIMAL
PPP4R2,INFEASIBLE,INFEASIBLE,INFEASIBLE,OPTIMAL
PDZRN3,INFEASIBLE,OPTIMAL,OPTIMAL,OPTIMAL
ZNF717,INFEASIBLE,OPTIMAL,INFEASIBLE,OPTIMAL
ROBO2,OPTIMAL,OPTIMAL,OPTIMAL,OPTIMAL
ROBO1,OPTIMAL,OPTIMAL,OPTIMAL,INFEASIBLE
GBE1,OPTIMAL,OPTIMAL,OPTIMAL,OPTIMAL
CADM2,OPTIMAL,OPTIMAL,OPTIMAL,OPTIMAL
CHMP2B,INFEASIBLE,OPTIMAL,OPTIMAL,OPTIMAL
CGGBP1,INFEASIBLE,OPTIMAL,INFEASIBLE,OPTIMAL
ZNF654,INFEASIBLE,OPTIMAL,INFEASIBLE,INFEASIBLE
C3orf38,OPTIMAL,OPTIMAL,OPTIMAL,OPTIMAL
EPHA3,OPTIMAL,OPTIMAL,OPTIMAL,OPTIMAL
PROS1,OPTIMAL,OPTIMAL,OPTIMAL,OPTIMAL
ARL13B,INFEASIBLE,INFEASIBLE,OPTIMAL,OPTIMAL
DHFR2,OPTIMAL,OPTIMAL,OPTIMAL,OPTIMAL
NSUN3,INFEASIBLE,INFEASIBLE,INFEASIBLE,OPTIMAL
EPHA6,OPTIMAL,OPTIMAL,OPTIMAL,OPTIMAL
ARL6,OPTIMAL,OPTIMAL,OPTIMAL,OPTIMAL
CRYBG3,INFEASIBLE,OPTIMAL,INFEASIBLE,OPTIMAL
RIOX2,INFEASIBLE,OPTIMAL,OPTIMAL,INFEASIBLE
CLDND1,INFEASIBLE,INFEASIBLE,OPTIMAL,OPTIMAL
CPOX,INFEASIBLE,INFEASIBLE,OPTIMAL,OPTIMAL
ST3GAL6,INFEASIBLE,INFEASIBLE,OPTIMAL,OPTIMAL
DCBLD2,INFEASIBLE,INFEASIBLE,INFEASIBLE,OPTIMAL
CMSS1,INFEASIBLE,INFEASIBLE,OPTIMAL,OPTIMAL
FILIP1L,OPTIMAL,OPTIMAL,INFEASIBLE,INFEASIBLE
TBC1D23,INFEASIBLE,INFEASIBLE,OPTIMAL,OPTIMAL
NIT2,INFEASIBLE,INFEASIBLE,OPTIMAL,OPTIMAL
TOMM70,INFEASIBLE,OPTIMAL,OPTIMAL,OPTIMAL
LNP1,INFEASIBLE,INFEASIBLE,OPTIMAL,OPTIMAL
TMEM45A,INFEASIBLE,INFEASIBLE,INFEASIBLE,OPTIMAL
TFG,INFEASIBLE,INFEASIBLE,INFEASIBLE,OPTIMAL
SENP7,INFEASIBLE,INFEASIBLE,OPTIMAL,OPTIMAL
TRMT10C,INFEASIBLE,INFEASIBLE,OPTIMAL,OPTIMAL
PCNP,INFEASIBLE,INFEASIBLE,INFEASIBLE,OPTIMAL
ZBTB11,INFEASIBLE,INFEASIBLE,OPTIMAL,OPTIMAL
RPL24,INFEASIBLE,INFEASIBLE,INFEASIBLE,OPTIMAL
CEP97,INFEASIBLE,OPTIMAL,OPTIMAL,OPTIMAL
NXPE3,OPTIMAL,OPTIMAL,INFEASIBLE,INFEASIBLE
ALCAM,OPTIMAL,OPTIMAL,OPTIMAL,INFEASIBLE
CBLB,INFEASIBLE,INFEASIBLE,OPTIMAL,INFEASIBLE
BBX,INFEASIBLE,INFEASIBLE,INFEASIBLE,OPTIMAL
CD47,INFEASIBLE,INFEASIBLE,OPTIMAL,OPTIMAL
IFT57,INFEASIBLE,OPTIMAL,OPTIMAL,OPTIMAL
CIP2A,OPTIMAL,OPTIMAL,OPTIMAL,OPTIMAL
DZIP3,INFEASIBLE,INFEASIBLE,OPTIMAL,OPTIMAL
NECTIN3,INFEASIBLE,INFEASIBLE,INFEASIBLE,INFEASIBLE
PHLDB2,OPTIMAL,OPTIMAL,OPTIMAL,OPTIMAL
ABHD10,INFEASIBLE,OPTIMAL,OPTIMAL,OPTIMAL
C3orf52,INFEASIBLE,INFEASIBLE,OPTIMAL,OPTIMAL
ATG3,INFEASIBLE,INFEASIBLE,OPTIMAL,OPTIMAL
SLC35A5,INFEASIBLE,INFEASIBLE,OPTIMAL,OPTIMAL
CCDC80,INFEASIBLE,INFEASIBLE,OPTIMAL,OPTIMAL
GTPBP8,INFEASIBLE,INFEASIBLE,OPTIMAL,OPTIMAL
NEPRO,INFEASIBLE,OPTIMAL,OPTIMAL,OPTIMAL
BOC,INFEASIBLE,INFEASIBLE,OPTIMAL,OPTIMAL
CFAP44,INFEASIBLE,INFEASIBLE,OPTIMAL,OPTIMAL
SPICE1,OPTIMAL,OPTIMAL,OPTIMAL,OPTIMAL
USF3,OPTIMAL,OPTIMAL,INFEASIBLE,OPTIMAL
NAA50,INFEASIBLE,INFEASIBLE,INFEASIBLE,OPTIMAL
ATP6V1A,OPTIMAL,OPTIMAL,OPTIMAL,OPTIMAL
ZDHHC23,INFEASIBLE,INFEASIBLE,OPTIMAL,OPTIMAL
QTRT2,INFEASIBLE,INFEASIBLE,OPTIMAL,INFEASIBLE
ZBTB20,OPTIMAL,OPTIMAL,OPTIMAL,OPTIMAL
LSAMP,INFEASIBLE,OPTIMAL,OPTIMAL,OPTIMAL
B4GALT4,INFEASIBLE,INFEASIBLE,OPTIMAL,OPTIMAL
TMEM39A,INFEASIBLE,INFEASIBLE,OPTIMAL,OPTIMAL
POGLUT1,INFEASIBLE,OPTIMAL,OPTIMAL,OPTIMAL
TIMMDC1,INFEASIBLE,INFEASIBLE,OPTIMAL,OPTIMAL
COX17,INFEASIBLE,INFEASIBLE,INFEASIBLE,OPTIMAL
GSK3B,INFEASIBLE,INFEASIBLE,OPTIMAL,INFEASIBLE
LRRC58,INFEASIBLE,INFEASIBLE,OPTIMAL,OPTIMAL
FSTL1,INFEASIBLE,INFEASIBLE,OPTIMAL,OPTIMAL
NDUFB4,INFEASIBLE,INFEASIBLE,OPTIMAL,OPTIMAL
RABL3,INFEASIBLE,INFEASIBLE,OPTIMAL,OPTIMAL
GTF2E1,INFEASIBLE,INFEASIBLE,OPTIMAL,INFEASIBLE
STXBP5L,INFEASIBLE,INFEASIBLE,OPTIMAL,OPTIMAL
POLQ,INFEASIBLE,OPTIMAL,OPTIMAL,INFEASIBLE
GOLGB1,OPTIMAL,OPTIMAL,OPTIMAL,OPTIMAL
IQCB1,INFEASIBLE,INFEASIBLE,OPTIMAL,OPTIMAL
EAF2,OPTIMAL,OPTIMAL,INFEASIBLE,OPTIMAL
MIX23,INFEASIBLE,INFEASIBLE,OPTIMAL,OPTIMAL
FAM162A,INFEASIBLE,INFEASIBLE,OPTIMAL,OPTIMAL
KPNA1,OPTIMAL,OPTIMAL,OPTIMAL,OPTIMAL
HSPBAP1,INFEASIBLE,INFEASIBLE,OPTIMAL,OPTIMAL
SLC49A4,INFEASIBLE,INFEASIBLE,OPTIMAL,INFEASIBLE
PDIA5,OPTIMAL,OPTIMAL,OPTIMAL,OPTIMAL
SEC22A,INFEASIBLE,OPTIMAL,OPTIMAL,OPTIMAL
HACD2,INFEASIBLE,INFEASIBLE,OPTIMAL,OPTIMAL
MYLK,OPTIMAL,OPTIMAL,OPTIMAL,OPTIMAL
CCDC14,INFEASIBLE,INFEASIBLE,OPTIMAL,OPTIMAL
KALRN,OPTIMAL,OPTIMAL,OPTIMAL,OPTIMAL
UMPS,INFEASIBLE,INFEASIBLE,OPTIMAL,OPTIMAL
ITGB5,OPTIMAL,OPTIMAL,INFEASIBLE,OPTIMAL
HEG1,OPTIMAL,OPTIMAL,OPTIMAL,OPTIMAL
ZNF148,INFEASIBLE,OPTIMAL,OPTIMAL,INFEASIBLE
SNX4,INFEASIBLE,INFEASIBLE,INFEASIBLE,OPTIMAL
OSBPL11,INFEASIBLE,INFEASIBLE,INFEASIBLE,OPTIMAL
SLC41A3,OPTIMAL,OPTIMAL,OPTIMAL,OPTIMAL
KLF15,INFEASIBLE,OPTIMAL,OPTIMAL,OPTIMAL
ZXDC,INFEASIBLE,OPTIMAL,INFEASIBLE,OPTIMAL
TXNRD3,INFEASIBLE,OPTIMAL,OPTIMAL,OPTIMAL
CHCHD6,OPTIMAL,OPTIMAL,INFEASIBLE,OPTIMAL
PLXNA1,OPTIMAL,OPTIMAL,OPTIMAL,OPTIMAL
TPRA1,OPTIMAL,OPTIMAL,OPTIMAL,OPTIMAL
MCM2,INFEASIBLE,OPTIMAL,OPTIMAL,OPTIMAL
PODXL2,INFEASIBLE,OPTIMAL,OPTIMAL,INFEASIBLE
SEC61A1,INFEASIBLE,INFEASIBLE,OPTIMAL,INFEASIBLE
RUVBL1,INFEASIBLE,OPTIMAL,OPTIMAL,OPTIMAL
EEFSEC,INFEASIBLE,INFEASIBLE,OPTIMAL,OPTIMAL
GATA2,OPTIMAL,OPTIMAL,OPTIMAL,OPTIMAL
RPN1,OPTIMAL,OPTIMAL,OPTIMAL,OPTIMAL
RAB7A,INFEASIBLE,INFEASIBLE,OPTIMAL,OPTIMAL
ACAD9,INFEASIBLE,INFEASIBLE,OPTIMAL,OPTIMAL
CFAP92,OPTIMAL,OPTIMAL,INFEASIBLE,OPTIMAL
ISY1,INFEASIBLE,INFEASIBLE,OPTIMAL,OPTIMAL
CNBP,INFEASIBLE,INFEASIBLE,OPTIMAL,OPTIMAL
COPG1,INFEASIBLE,INFEASIBLE,OPTIMAL,OPTIMAL
HMCES,INFEASIBLE,INFEASIBLE,OPTIMAL,OPTIMAL
IFT122,OPTIMAL,OPTIMAL,OPTIMAL,OPTIMAL
MBD4,INFEASIBLE,INFEASIBLE,OPTIMAL,OPTIMAL
TMCC1,INFEASIBLE,OPTIMAL,INFEASIBLE,OPTIMAL
PIK3R4,INFEASIBLE,INFEASIBLE,OPTIMAL,INFEASIBLE
ATP2C1,OPTIMAL,OPTIMAL,OPTIMAL,OPTIMAL
ASTE1,INFEASIBLE,INFEASIBLE,OPTIMAL,INFEASIBLE
NUDT16,INFEASIBLE,INFEASIBLE,INFEASIBLE,OPTIMAL
MRPL3,INFEASIBLE,INFEASIBLE,OPTIMAL,OPTIMAL
DNAJC13,INFEASIBLE,INFEASIBLE,INFEASIBLE,OPTIMAL
ACAD11,INFEASIBLE,INFEASIBLE,OPTIMAL,INFEASIBLE
UBA5,INFEASIBLE,INFEASIBLE,OPTIMAL,OPTIMAL
NPHP3,OPTIMAL,OPTIMAL,OPTIMAL,OPTIMAL
TMEM108,OPTIMAL,OPTIMAL,OPTIMAL,OPTIMAL
CDV3,INFEASIBLE,INFEASIBLE,INFEASIBLE,OPTIMAL
TOPBP1,INFEASIBLE,INFEASIBLE,OPTIMAL,OPTIMAL
SRPRB,INFEASIBLE,INFEASIBLE,OPTIMAL,OPTIMAL
RAB6B,INFEASIBLE,INFEASIBLE,OPTIMAL,OPTIMAL
RYK,INFEASIBLE,INFEASIBLE,OPTIMAL,OPTIMAL
ANAPC13,INFEASIBLE,INFEASIBLE,OPTIMAL,OPTIMAL
CEP63,INFEASIBLE,INFEASIBLE,OPTIMAL,OPTIMAL
PPP2R3A,INFEASIBLE,INFEASIBLE,INFEASIBLE,OPTIMAL
MSL2,INFEASIBLE,OPTIMAL,INFEASIBLE,INFEASIBLE
PCCB,INFEASIBLE,OPTIMAL,OPTIMAL,OPTIMAL
STAG1,OPTIMAL,OPTIMAL,INFEASIBLE,INFEASIBLE
SLC35G2,OPTIMAL,OPTIMAL,INFEASIBLE,OPTIMAL
NCK1,INFEASIBLE,INFEASIBLE,OPTIMAL,INFEASIBLE
DZIP1L,INFEASIBLE,INFEASIBLE,OPTIMAL,OPTIMAL
DBR1,INFEASIBLE,INFEASIBLE,OPTIMAL,OPTIMAL
ARMC8,INFEASIBLE,INFEASIBLE,INFEASIBLE,OPTIMAL
MRAS,OPTIMAL,OPTIMAL,OPTIMAL,OPTIMAL
CEP70,INFEASIBLE,INFEASIBLE,OPTIMAL,INFEASIBLE
FAIM,OPTIMAL,OPTIMAL,OPTIMAL,OPTIMAL
PIK3CB,INFEASIBLE,OPTIMAL,OPTIMAL,OPTIMAL
MRPS22,OPTIMAL,OPTIMAL,OPTIMAL,OPTIMAL
COPB2,INFEASIBLE,INFEASIBLE,OPTIMAL,OPTIMAL
RBP1,INFEASIBLE,INFEASIBLE,OPTIMAL,OPTIMAL
SLC25A36,INFEASIBLE,INFEASIBLE,OPTIMAL,OPTIMAL
PXYLP1,INFEASIBLE,OPTIMAL,OPTIMAL,OPTIMAL
ZBTB38,INFEASIBLE,INFEASIBLE,OPTIMAL,OPTIMAL
RASA2,OPTIMAL,OPTIMAL,OPTIMAL,OPTIMAL
RNF7,INFEASIBLE,INFEASIBLE,INFEASIBLE,OPTIMAL
ATP1B3,INFEASIBLE,INFEASIBLE,INFEASIBLE,OPTIMAL
TFDP2,INFEASIBLE,OPTIMAL,OPTIMAL,OPTIMAL
GK5,INFEASIBLE,INFEASIBLE,OPTIMAL,OPTIMAL
XRN1,INFEASIBLE,OPTIMAL,OPTIMAL,OPTIMAL
ATR,INFEASIBLE,INFEASIBLE,INFEASIBLE,OPTIMAL
PLS1,INFEASIBLE,OPTIMAL,OPTIMAL,INFEASIBLE
TRPC1,INFEASIBLE,INFEASIBLE,OPTIMAL,OPTIMAL
PCOLCE2,OPTIMAL,OPTIMAL,INFEASIBLE,OPTIMAL
U2SURP,INFEASIBLE,INFEASIBLE,OPTIMAL,OPTIMAL
DIPK2A,INFEASIBLE,OPTIMAL,OPTIMAL,OPTIMAL
PLOD2,OPTIMAL,OPTIMAL,OPTIMAL,OPTIMAL
PLSCR1,INFEASIBLE,INFEASIBLE,OPTIMAL,OPTIMAL
GYG1,INFEASIBLE,OPTIMAL,OPTIMAL,OPTIMAL
HLTF,INFEASIBLE,INFEASIBLE,OPTIMAL,OPTIMAL
HPS3,INFEASIBLE,OPTIMAL,INFEASIBLE,OPTIMAL
WWTR1,OPTIMAL,OPTIMAL,INFEASIBLE,OPTIMAL
COMMD2,INFEASIBLE,INFEASIBLE,OPTIMAL,OPTIMAL
ANKUB1,OPTIMAL,OPTIMAL,OPTIMAL,INFEASIBLE
RNF13,INFEASIBLE,INFEASIBLE,INFEASIBLE,OPTIMAL
PFN2,INFEASIBLE,INFEASIBLE,OPTIMAL,OPTIMAL
TSC22D2,INFEASIBLE,OPTIMAL,OPTIMAL,OPTIMAL
SERP1,INFEASIBLE,INFEASIBLE,OPTIMAL,OPTIMAL
EIF2A,INFEASIBLE,INFEASIBLE,OPTIMAL,OPTIMAL
SELENOT,INFEASIBLE,INFEASIBLE,OPTIMAL,OPTIMAL
SIAH2,OPTIMAL,OPTIMAL,OPTIMAL,OPTIMAL
MED12L,OPTIMAL,OPTIMAL,OPTIMAL,OPTIMAL
GPR171,OPTIMAL,OPTIMAL,OPTIMAL,OPTIMAL
P2RY14,INFEASIBLE,INFEASIBLE,OPTIMAL,INFEASIBLE
MBNL1,INFEASIBLE,INFEASIBLE,OPTIMAL,INFEASIBLE
P2RY1,INFEASIBLE,INFEASIBLE,OPTIMAL,INFEASIBLE
RAP2B,INFEASIBLE,OPTIMAL,INFEASIBLE,OPTIMAL
ARHGEF26,OPTIMAL,OPTIMAL,OPTIMAL,OPTIMAL
DHX36,INFEASIBLE,INFEASIBLE,OPTIMAL,OPTIMAL
PLCH1,OPTIMAL,OPTIMAL,OPTIMAL,OPTIMAL
C3orf33,INFEASIBLE,INFEASIBLE,INFEASIBLE,INFEASIBLE
SLC33A1,INFEASIBLE,INFEASIBLE,OPTIMAL,OPTIMAL
GMPS,INFEASIBLE,INFEASIBLE,INFEASIBLE,INFEASIBLE
SSR3,INFEASIBLE,INFEASIBLE,OPTIMAL,INFEASIBLE
TIPARP,INFEASIBLE,INFEASIBLE,OPTIMAL,INFEASIBLE
CCNL1,INFEASIBLE,INFEASIBLE,OPTIMAL,OPTIMAL
SHOX2,INFEASIBLE,INFEASIBLE,INFEASIBLE,OPTIMAL
RSRC1,OPTIMAL,OPTIMAL,INFEASIBLE,OPTIMAL
MLF1,INFEASIBLE,INFEASIBLE,OPTIMAL,OPTIMAL
GFM1,INFEASIBLE,INFEASIBLE,OPTIMAL,OPTIMAL
LXN,INFEASIBLE,OPTIMAL,OPTIMAL,OPTIMAL
MFSD1,INFEASIBLE,INFEASIBLE,OPTIMAL,OPTIMAL
SCHIP1,INFEASIBLE,INFEASIBLE,OPTIMAL,OPTIMAL
IFT80,INFEASIBLE,INFEASIBLE,OPTIMAL,INFEASIBLE
SMC4,INFEASIBLE,INFEASIBLE,OPTIMAL,OPTIMAL
TRIM59,INFEASIBLE,INFEASIBLE,OPTIMAL,INFEASIBLE
KPNA4,INFEASIBLE,OPTIMAL,INFEASIBLE,INFEASIBLE
PPM1L,INFEASIBLE,OPTIMAL,INFEASIBLE,INFEASIBLE
NMD3,INFEASIBLE,OPTIMAL,OPTIMAL,OPTIMAL
PDCD10,INFEASIBLE,INFEASIBLE,OPTIMAL,OPTIMAL
GOLIM4,INFEASIBLE,INFEASIBLE,INFEASIBLE,OPTIMAL
MECOM,INFEASIBLE,OPTIMAL,INFEASIBLE,INFEASIBLE
MYNN,INFEASIBLE,INFEASIBLE,OPTIMAL,OPTIMAL
LRRC34,INFEASIBLE,INFEASIBLE,OPTIMAL,OPTIMAL
SEC62,INFEASIBLE,INFEASIBLE,OPTIMAL,INFEASIBLE
GPR160,OPTIMAL,OPTIMAL,OPTIMAL,OPTIMAL
PHC3,INFEASIBLE,INFEASIBLE,OPTIMAL,INFEASIBLE
PRKCI,INFEASIBLE,OPTIMAL,OPTIMAL,OPTIMAL
SKIL,INFEASIBLE,OPTIMAL,OPTIMAL,OPTIMAL
RPL22L1,INFEASIBLE,INFEASIBLE,OPTIMAL,OPTIMAL
EIF5A2,INFEASIBLE,INFEASIBLE,OPTIMAL,OPTIMAL
TNIK,INFEASIBLE,OPTIMAL,INFEASIBLE,OPTIMAL
PLD1,OPTIMAL,OPTIMAL,OPTIMAL,OPTIMAL
FNDC3B,OPTIMAL,OPTIMAL,INFEASIBLE,OPTIMAL
NCEH1,OPTIMAL,OPTIMAL,OPTIMAL,OPTIMAL
ECT2,INFEASIBLE,INFEASIBLE,OPTIMAL,INFEASIBLE
NLGN1,OPTIMAL,OPTIMAL,INFEASIBLE,OPTIMAL
NAALADL2,INFEASIBLE,OPTIMAL,OPTIMAL,OPTIMAL
TBL1XR1,INFEASIBLE,OPTIMAL,INFEASIBLE,INFEASIBLE
KCNMB2,OPTIMAL,OPTIMAL,OPTIMAL,OPTIMAL
ZMAT3,INFEASIBLE,INFEASIBLE,OPTIMAL,INFEASIBLE
PIK3CA,INFEASIBLE,INFEASIBLE,OPTIMAL,INFEASIBLE
ZNF639,INFEASIBLE,INFEASIBLE,OPTIMAL,OPTIMAL
MFN1,INFEASIBLE,INFEASIBLE,INFEASIBLE,OPTIMAL
GNB4,INFEASIBLE,OPTIMAL,OPTIMAL,INFEASIBLE
ACTL6A,INFEASIBLE,INFEASIBLE,OPTIMAL,OPTIMAL
MRPL47,INFEASIBLE,INFEASIBLE,OPTIMAL,OPTIMAL
NDUFB5,INFEASIBLE,INFEASIBLE,OPTIMAL,OPTIMAL
USP13,INFEASIBLE,OPTIMAL,OPTIMAL,OPTIMAL
TTC14,INFEASIBLE,INFEASIBLE,OPTIMAL,OPTIMAL
FXR1,INFEASIBLE,INFEASIBLE,OPTIMAL,OPTIMAL
DNAJC19,INFEASIBLE,INFEASIBLE,OPTIMAL,OPTIMAL
SOX2,OPTIMAL,OPTIMAL,OPTIMAL,OPTIMAL
ATP11B,INFEASIBLE,OPTIMAL,OPTIMAL,OPTIMAL
DCUN1D1,INFEASIBLE,INFEASIBLE,INFEASIBLE,INFEASIBLE
MCCC1,INFEASIBLE,OPTIMAL,OPTIMAL,OPTIMAL
MCF2L2,OPTIMAL,OPTIMAL,OPTIMAL,OPTIMAL
B3GNT5,INFEASIBLE,INFEASIBLE,OPTIMAL,INFEASIBLE
KLHL24,INFEASIBLE,INFEASIBLE,OPTIMAL,OPTIMAL
YEATS2,INFEASIBLE,OPTIMAL,INFEASIBLE,INFEASIBLE
PARL,INFEASIBLE,INFEASIBLE,OPTIMAL,OPTIMAL
ABCC5,INFEASIBLE,OPTIMAL,OPTIMAL,INFEASIBLE
EIF2B5,INFEASIBLE,INFEASIBLE,OPTIMAL,OPTIMAL
DVL3,INFEASIBLE,INFEASIBLE,INFEASIBLE,INFEASIBLE
AP2M1,INFEASIBLE,INFEASIBLE,INFEASIBLE,OPTIMAL
ABCF3,INFEASIBLE,INFEASIBLE,OPTIMAL,OPTIMAL
ALG3,INFEASIBLE,INFEASIBLE,OPTIMAL,OPTIMAL
EEF1AKMT4,INFEASIBLE,INFEASIBLE,OPTIMAL,OPTIMAL
PSMD2,INFEASIBLE,INFEASIBLE,OPTIMAL,OPTIMAL
EIF4G1,INFEASIBLE,OPTIMAL,OPTIMAL,OPTIMAL
POLR2H,INFEASIBLE,INFEASIBLE,OPTIMAL,OPTIMAL
MAGEF1,INFEASIBLE,INFEASIBLE,OPTIMAL,OPTIMAL
VPS8,INFEASIBLE,INFEASIBLE,OPTIMAL,OPTIMAL
EHHADH,INFEASIBLE,INFEASIBLE,INFEASIBLE,OPTIMAL
MAP3K13,INFEASIBLE,OPTIMAL,OPTIMAL,OPTIMAL
TMEM41A,OPTIMAL,OPTIMAL,OPTIMAL,OPTIMAL
SENP2,INFEASIBLE,INFEASIBLE,OPTIMAL,INFEASIBLE
IGF2BP2,INFEASIBLE,OPTIMAL,INFEASIBLE,INFEASIBLE
TRA2B,INFEASIBLE,INFEASIBLE,OPTIMAL,OPTIMAL
TBCCD1,INFEASIBLE,OPTIMAL,OPTIMAL,INFEASIBLE
DNAJB11,INFEASIBLE,INFEASIBLE,OPTIMAL,OPTIMAL
EIF4A2,INFEASIBLE,OPTIMAL,OPTIMAL,OPTIMAL
RFC4,INFEASIBLE,INFEASIBLE,INFEASIBLE,OPTIMAL
ST6GAL1,INFEASIBLE,OPTIMAL,OPTIMAL,OPTIMAL
RPL39L,INFEASIBLE,INFEASIBLE,OPTIMAL,OPTIMAL
LPP,OPTIMAL,OPTIMAL,OPTIMAL,OPTIMAL
P3H2,OPTIMAL,OPTIMAL,OPTIMAL,INFEASIBLE
CCDC50,INFEASIBLE,INFEASIBLE,OPTIMAL,INFEASIBLE
FGF12,INFEASIBLE,OPTIMAL,OPTIMAL,OPTIMAL
MB21D2,INFEASIBLE,OPTIMAL,INFEASIBLE,OPTIMAL
PLAAT1,INFEASIBLE,INFEASIBLE,INFEASIBLE,OPTIMAL
OPA1,INFEASIBLE,OPTIMAL,INFEASIBLE,INFEASIBLE
HES1,INFEASIBLE,OPTIMAL,OPTIMAL,OPTIMAL
ATP13A3,OPTIMAL,OPTIMAL,INFEASIBLE,INFEASIBLE
LSG1,INFEASIBLE,INFEASIBLE,OPTIMAL,OPTIMAL
XXYLT1,OPTIMAL,OPTIMAL,INFEASIBLE,OPTIMAL
ACAP2,INFEASIBLE,INFEASIBLE,OPTIMAL,INFEASIBLE
PPP1R2,OPTIMAL,OPTIMAL,OPTIMAL,OPTIMAL
TNK2,OPTIMAL,OPTIMAL,OPTIMAL,OPTIMAL
TFRC,INFEASIBLE,INFEASIBLE,OPTIMAL,OPTIMAL
PCYT1A,INFEASIBLE,OPTIMAL,OPTIMAL,OPTIMAL
DYNLT2B,INFEASIBLE,OPTIMAL,OPTIMAL,OPTIMAL
UBXN7,OPTIMAL,OPTIMAL,OPTIMAL,INFEASIBLE
RNF168,INFEASIBLE,INFEASIBLE,OPTIMAL,OPTIMAL
WDR53,INFEASIBLE,INFEASIBLE,OPTIMAL,OPTIMAL
FBXO45,INFEASIBLE,OPTIMAL,OPTIMAL,INFEASIBLE
PIGX,OPTIMAL,OPTIMAL,OPTIMAL,OPTIMAL
CEP19,INFEASIBLE,INFEASIBLE,OPTIMAL,OPTIMAL
PAK2,INFEASIBLE,INFEASIBLE,OPTIMAL,INFEASIBLE
SENP5,INFEASIBLE,INFEASIBLE,OPTIMAL,INFEASIBLE
NCBP2,INFEASIBLE,INFEASIBLE,OPTIMAL,INFEASIBLE
NCBP2AS2,INFEASIBLE,INFEASIBLE,OPTIMAL,OPTIMAL
MELTF,INFEASIBLE,OPTIMAL,OPTIMAL,OPTIMAL
DLG1,INFEASIBLE,INFEASIBLE,INFEASIBLE,INFEASIBLE
RUBCN,INFEASIBLE,INFEASIBLE,INFEASIBLE,INFEASIBLE
FYTTD1,INFEASIBLE,INFEASIBLE,OPTIMAL,OPTIMAL
LRCH3,INFEASIBLE,INFEASIBLE,INFEASIBLE,OPTIMAL
IQCG,OPTIMAL,OPTIMAL,OPTIMAL,INFEASIBLE
RPL35A,INFEASIBLE,INFEASIBLE,OPTIMAL,OPTIMAL
LMLN,INFEASIBLE,INFEASIBLE,OPTIMAL,OPTIMAL
ZNF721,INFEASIBLE,INFEASIBLE,INFEASIBLE,OPTIMAL
PIGG,INFEASIBLE,INFEASIBLE,OPTIMAL,OPTIMAL
ATP5ME,INFEASIBLE,INFEASIBLE,INFEASIBLE,INFEASIBLE
MYL5,OPTIMAL,OPTIMAL,OPTIMAL,OPTIMAL
PCGF3,OPTIMAL,OPTIMAL,INFEASIBLE,OPTIMAL
GAK,INFEASIBLE,INFEASIBLE,OPTIMAL,OPTIMAL
TMEM175,INFEASIBLE,INFEASIBLE,OPTIMAL,OPTIMAL
FGFRL1,INFEASIBLE,INFEASIBLE,OPTIMAL,OPTIMAL
CTBP1,INFEASIBLE,INFEASIBLE,INFEASIBLE,OPTIMAL
MAEA,OPTIMAL,OPTIMAL,OPTIMAL,OPTIMAL
UVSSA,OPTIMAL,OPTIMAL,OPTIMAL,OPTIMAL
SLBP,INFEASIBLE,INFEASIBLE,OPTIMAL,OPTIMAL
TACC3,INFEASIBLE,OPTIMAL,INFEASIBLE,OPTIMAL
TMEM129,INFEASIBLE,INFEASIBLE,OPTIMAL,OPTIMAL
FGFR3,INFEASIBLE,OPTIMAL,OPTIMAL,OPTIMAL
LETM1,INFEASIBLE,INFEASIBLE,INFEASIBLE,OPTIMAL
NSD2,INFEASIBLE,OPTIMAL,INFEASIBLE,INFEASIBLE
NELFA,OPTIMAL,OPTIMAL,OPTIMAL,OPTIMAL
C4orf48,INFEASIBLE,INFEASIBLE,INFEASIBLE,OPTIMAL
NAT8L,OPTIMAL,OPTIMAL,OPTIMAL,OPTIMAL
POLN,INFEASIBLE,INFEASIBLE,OPTIMAL,INFEASIBLE
HAUS3,INFEASIBLE,INFEASIBLE,OPTIMAL,OPTIMAL
MXD4,INFEASIBLE,OPTIMAL,OPTIMAL,OPTIMAL
ZFYVE28,OPTIMAL,OPTIMAL,OPTIMAL,OPTIMAL
RNF4,INFEASIBLE,OPTIMAL,INFEASIBLE,OPTIMAL
FAM193A,OPTIMAL,OPTIMAL,INFEASIBLE,INFEASIBLE
TNIP2,INFEASIBLE,OPTIMAL,OPTIMAL,OPTIMAL
ADD1,INFEASIBLE,INFEASIBLE,INFEASIBLE,OPTIMAL
MFSD10,INFEASIBLE,INFEASIBLE,INFEASIBLE,OPTIMAL
NOP14,INFEASIBLE,INFEASIBLE,OPTIMAL,OPTIMAL
GRK4,OPTIMAL,OPTIMAL,OPTIMAL,OPTIMAL
HTT,OPTIMAL,OPTIMAL,OPTIMAL,OPTIMAL
RGS12,OPTIMAL,OPTIMAL,OPTIMAL,OPTIMAL
LRPAP1,INFEASIBLE,INFEASIBLE,OPTIMAL,OPTIMAL
ADRA2C,OPTIMAL,OPTIMAL,INFEASIBLE,OPTIMAL
TMEM128,INFEASIBLE,INFEASIBLE,OPTIMAL,OPTIMAL
LYAR,INFEASIBLE,INFEASIBLE,OPTIMAL,OPTIMAL
STX18,OPTIMAL,OPTIMAL,OPTIMAL,OPTIMAL
MSX1,OPTIMAL,OPTIMAL,OPTIMAL,OPTIMAL
EVC,OPTIMAL,OPTIMAL,OPTIMAL,OPTIMAL
MAN2B2,INFEASIBLE,INFEASIBLE,OPTIMAL,OPTIMAL
MRFAP1,INFEASIBLE,INFEASIBLE,OPTIMAL,OPTIMAL
ENSG00000170846,OPTIMAL,OPTIMAL,INFEASIBLE,OPTIMAL
MRFAP1L1,INFEASIBLE,INFEASIBLE,OPTIMAL,OPTIMAL
BLOC1S4,INFEASIBLE,INFEASIBLE,OPTIMAL,OPTIMAL
KIAA0232,INFEASIBLE,OPTIMAL,OPTIMAL,OPTIMAL
TBC1D14,OPTIMAL,OPTIMAL,INFEASIBLE,OPTIMAL
TADA2B,OPTIMAL,OPTIMAL,OPTIMAL,OPTIMAL
GRPEL1,INFEASIBLE,INFEASIBLE,INFEASIBLE,OPTIMAL
SORCS2,OPTIMAL,OPTIMAL,OPTIMAL,OPTIMAL
AFAP1,OPTIMAL,OPTIMAL,OPTIMAL,OPTIMAL
ACOX3,OPTIMAL,OPTIMAL,OPTIMAL,OPTIMAL
TRMT44,INFEASIBLE,INFEASIBLE,INFEASIBLE,OPTIMAL
HMX1,OPTIMAL,OPTIMAL,OPTIMAL,OPTIMAL
WDR1,INFEASIBLE,OPTIMAL,OPTIMAL,OPTIMAL
ZNF518B,INFEASIBLE,INFEASIBLE,OPTIMAL,OPTIMAL
RAB28,INFEASIBLE,INFEASIBLE,INFEASIBLE,INFEASIBLE
BOD1L1,OPTIMAL,OPTIMAL,OPTIMAL,OPTIMAL
CPEB2,OPTIMAL,OPTIMAL,INFEASIBLE,OPTIMAL
CC2D2A,INFEASIBLE,INFEASIBLE,OPTIMAL,OPTIMAL
FBXL5,OPTIMAL,OPTIMAL,INFEASIBLE,OPTIMAL
FAM200B,INFEASIBLE,INFEASIBLE,OPTIMAL,OPTIMAL
TAPT1,INFEASIBLE,OPTIMAL,OPTIMAL,INFEASIBLE
QDPR,OPTIMAL,OPTIMAL,OPTIMAL,OPTIMAL
LAP3,INFEASIBLE,INFEASIBLE,OPTIMAL,OPTIMAL
MED28,INFEASIBLE,INFEASIBLE,OPTIMAL,OPTIMAL
FAM184B,INFEASIBLE,OPTIMAL,OPTIMAL,OPTIMAL
DCAF16,INFEASIBLE,INFEASIBLE,INFEASIBLE,INFEASIBLE
NCAPG,INFEASIBLE,INFEASIBLE,INFEASIBLE,OPTIMAL
LCORL,OPTIMAL,OPTIMAL,INFEASIBLE,OPTIMAL
SLIT2,INFEASIBLE,INFEASIBLE,OPTIMAL,INFEASIBLE
PACRGL,INFEASIBLE,INFEASIBLE,OPTIMAL,OPTIMAL
ADGRA3,OPTIMAL,OPTIMAL,OPTIMAL,OPTIMAL
GBA3,INFEASIBLE,INFEASIBLE,OPTIMAL,OPTIMAL
DHX15,INFEASIBLE,INFEASIBLE,INFEASIBLE,OPTIMAL
SEPSECS,INFEASIBLE,INFEASIBLE,OPTIMAL,OPTIMAL
PI4K2B,INFEASIBLE,INFEASIBLE,OPTIMAL,OPTIMAL
ZCCHC4,INFEASIBLE,INFEASIBLE,OPTIMAL,OPTIMAL
ANAPC4,INFEASIBLE,INFEASIBLE,OPTIMAL,OPTIMAL
SEL1L3,OPTIMAL,OPTIMAL,INFEASIBLE,OPTIMAL
SMIM20,INFEASIBLE,OPTIMAL,OPTIMAL,OPTIMAL
RBPJ,INFEASIBLE,OPTIMAL,INFEASIBLE,OPTIMAL
TBC1D19,INFEASIBLE,INFEASIBLE,OPTIMAL,INFEASIBLE
STIM2,INFEASIBLE,INFEASIBLE,OPTIMAL,OPTIMAL
PCDH7,INFEASIBLE,OPTIMAL,INFEASIBLE,OPTIMAL
ARAP2,OPTIMAL,OPTIMAL,OPTIMAL,OPTIMAL
RELL1,INFEASIBLE,OPTIMAL,OPTIMAL,OPTIMAL
PGM2,INFEASIBLE,INFEASIBLE,OPTIMAL,INFEASIBLE
TBC1D1,INFEASIBLE,OPTIMAL,OPTIMAL,OPTIMAL
KLF3,INFEASIBLE,OPTIMAL,OPTIMAL,OPTIMAL
FAM114A1,OPTIMAL,OPTIMAL,OPTIMAL,OPTIMAL
KLHL5,INFEASIBLE,OPTIMAL,OPTIMAL,INFEASIBLE
WDR19,INFEASIBLE,INFEASIBLE,OPTIMAL,OPTIMAL
RFC1,INFEASIBLE,INFEASIBLE,OPTIMAL,OPTIMAL
RPL9,INFEASIBLE,INFEASIBLE,OPTIMAL,OPTIMAL
LIAS,INFEASIBLE,INFEASIBLE,OPTIMAL,OPTIMAL
UGDH,INFEASIBLE,INFEASIBLE,OPTIMAL,OPTIMAL
SMIM14,INFEASIBLE,OPTIMAL,OPTIMAL,OPTIMAL
UBE2K,INFEASIBLE,INFEASIBLE,INFEASIBLE,OPTIMAL
PDS5A,INFEASIBLE,OPTIMAL,INFEASIBLE,OPTIMAL
N4BP2,INFEASIBLE,INFEASIBLE,OPTIMAL,OPTIMAL
RBM47,OPTIMAL,OPTIMAL,OPTIMAL,OPTIMAL
APBB2,OPTIMAL,OPTIMAL,INFEASIBLE,OPTIMAL
UCHL1,INFEASIBLE,INFEASIBLE,INFEASIBLE,OPTIMAL
LIMCH1,INFEASIBLE,OPTIMAL,OPTIMAL,OPTIMAL
TMEM33,INFEASIBLE,INFEASIBLE,INFEASIBLE,INFEASIBLE
SLC30A9,OPTIMAL,OPTIMAL,OPTIMAL,INFEASIBLE
BEND4,INFEASIBLE,OPTIMAL,OPTIMAL,INFEASIBLE
ATP8A1,INFEASIBLE,INFEASIBLE,INFEASIBLE,INFEASIBLE
KCTD8,OPTIMAL,OPTIMAL,INFEASIBLE,INFEASIBLE
GUF1,INFEASIBLE,INFEASIBLE,OPTIMAL,OPTIMAL
GNPDA2,INFEASIBLE,INFEASIBLE,OPTIMAL,INFEASIBLE
COMMD8,INFEASIBLE,INFEASIBLE,OPTIMAL,OPTIMAL
ATP10D,INFEASIBLE,INFEASIBLE,OPTIMAL,OPTIMAL
NFXL1,INFEASIBLE,INFEASIBLE,OPTIMAL,OPTIMAL
NIPAL1,INFEASIBLE,INFEASIBLE,INFEASIBLE,INFEASIBLE
TXK,OPTIMAL,OPTIMAL,OPTIMAL,OPTIMAL
TEC,OPTIMAL,OPTIMAL,OPTIMAL,OPTIMAL
SLAIN2,INFEASIBLE,INFEASIBLE,OPTIMAL,OPTIMAL
FRYL,OPTIMAL,OPTIMAL,INFEASIBLE,INFEASIBLE
OCIAD1,OPTIMAL,OPTIMAL,OPTIMAL,OPTIMAL
DCUN1D4,OPTIMAL,OPTIMAL,INFEASIBLE,OPTIMAL
SGCB,OPTIMAL,OPTIMAL,OPTIMAL,OPTIMAL
USP46,INFEASIBLE,OPTIMAL,OPTIMAL,OPTIMAL
SCFD2,INFEASIBLE,INFEASIBLE,INFEASIBLE,INFEASIBLE
FIP1L1,OPTIMAL,OPTIMAL,INFEASIBLE,OPTIMAL
CHIC2,INFEASIBLE,INFEASIBLE,INFEASIBLE,OPTIMAL
SRD5A3,INFEASIBLE,INFEASIBLE,OPTIMAL,OPTIMAL
TMEM165,INFEASIBLE,INFEASIBLE,OPTIMAL,OPTIMAL
CLOCK,INFEASIBLE,INFEASIBLE,OPTIMAL,INFEASIBLE
NMU,INFEASIBLE,INFEASIBLE,OPTIMAL,INFEASIBLE
EXOC1,INFEASIBLE,OPTIMAL,OPTIMAL,INFEASIBLE
CEP135,INFEASIBLE,INFEASIBLE,OPTIMAL,OPTIMAL
CRACD,INFEASIBLE,INFEASIBLE,OPTIMAL,INFEASIBLE
AASDH,INFEASIBLE,INFEASIBLE,OPTIMAL,INFEASIBLE
PPAT,INFEASIBLE,INFEASIBLE,OPTIMAL,OPTIMAL
PAICS,INFEASIBLE,INFEASIBLE,OPTIMAL,OPTIMAL
SRP72,INFEASIBLE,INFEASIBLE,OPTIMAL,OPTIMAL
HOPX,INFEASIBLE,INFEASIBLE,OPTIMAL,OPTIMAL
REST,INFEASIBLE,OPTIMAL,OPTIMAL,INFEASIBLE
NOA1,OPTIMAL,OPTIMAL,OPTIMAL,OPTIMAL
POLR2B,INFEASIBLE,INFEASIBLE,INFEASIBLE,OPTIMAL
ADGRL3,INFEASIBLE,OPTIMAL,OPTIMAL,OPTIMAL
EPHA5,OPTIMAL,OPTIMAL,OPTIMAL,OPTIMAL
CENPC,OPTIMAL,OPTIMAL,OPTIMAL,OPTIMAL
UBA6,INFEASIBLE,INFEASIBLE,INFEASIBLE,INFEASIBLE
YTHDC1,INFEASIBLE,INFEASIBLE,OPTIMAL,OPTIMAL
UTP3,INFEASIBLE,INFEASIBLE,INFEASIBLE,OPTIMAL
RUFY3,INFEASIBLE,INFEASIBLE,INFEASIBLE,INFEASIBLE
GRSF1,INFEASIBLE,INFEASIBLE,OPTIMAL,OPTIMAL
MOB1B,OPTIMAL,OPTIMAL,OPTIMAL,OPTIMAL
DCK,INFEASIBLE,INFEASIBLE,OPTIMAL,OPTIMAL
SLC4A4,OPTIMAL,OPTIMAL,OPTIMAL,OPTIMAL
ADAMTS3,INFEASIBLE,OPTIMAL,OPTIMAL,INFEASIBLE
COX18,INFEASIBLE,INFEASIBLE,OPTIMAL,OPTIMAL
ANKRD17,OPTIMAL,OPTIMAL,INFEASIBLE,INFEASIBLE
MTHFD2L,INFEASIBLE,INFEASIBLE,OPTIMAL,OPTIMAL
RCHY1,INFEASIBLE,INFEASIBLE,OPTIMAL,INFEASIBLE
THAP6,INFEASIBLE,INFEASIBLE,OPTIMAL,OPTIMAL
CDKL2,OPTIMAL,OPTIMAL,OPTIMAL,OPTIMAL
G3BP2,INFEASIBLE,INFEASIBLE,INFEASIBLE,INFEASIBLE
USO1,INFEASIBLE,INFEASIBLE,OPTIMAL,OPTIMAL
NAAA,INFEASIBLE,INFEASIBLE,INFEASIBLE,OPTIMAL
SDAD1,INFEASIBLE,INFEASIBLE,OPTIMAL,OPTIMAL
NUP54,INFEASIBLE,INFEASIBLE,OPTIMAL,OPTIMAL
SCARB2,INFEASIBLE,INFEASIBLE,OPTIMAL,OPTIMAL
SHROOM3,OPTIMAL,OPTIMAL,INFEASIBLE,OPTIMAL
SEPTIN11,INFEASIBLE,INFEASIBLE,INFEASIBLE,INFEASIBLE
CCNI,INFEASIBLE,INFEASIBLE,INFEASIBLE,INFEASIBLE
CCNG2,OPTIMAL,OPTIMAL,OPTIMAL,OPTIMAL
CNOT6L,OPTIMAL,OPTIMAL,OPTIMAL,INFEASIBLE
MRPL1,INFEASIBLE,INFEASIBLE,OPTIMAL,OPTIMAL
FRAS1,INFEASIBLE,OPTIMAL,INFEASIBLE,OPTIMAL
BMP2K,INFEASIBLE,INFEASIBLE,INFEASIBLE,INFEASIBLE
PAQR3,INFEASIBLE,INFEASIBLE,OPTIMAL,OPTIMAL
ANTXR2,INFEASIBLE,INFEASIBLE,INFEASIBLE,INFEASIBLE
RASGEF1B,OPTIMAL,OPTIMAL,OPTIMAL,OPTIMAL
HNRNPD,INFEASIBLE,INFEASIBLE,OPTIMAL,OPTIMAL
HNRNPDL,INFEASIBLE,INFEASIBLE,OPTIMAL,OPTIMAL
ENOPH1,INFEASIBLE,INFEASIBLE,INFEASIBLE,OPTIMAL
TMEM150C,OPTIMAL,OPTIMAL,OPTIMAL,OPTIMAL
SCD5,OPTIMAL,OPTIMAL,INFEASIBLE,OPTIMAL
SEC31A,INFEASIBLE,INFEASIBLE,OPTIMAL,INFEASIBLE
THAP9,INFEASIBLE,INFEASIBLE,INFEASIBLE,INFEASIBLE
LIN54,OPTIMAL,OPTIMAL,OPTIMAL,OPTIMAL
COPS4,OPTIMAL,OPTIMAL,OPTIMAL,OPTIMAL
COQ2,INFEASIBLE,INFEASIBLE,OPTIMAL,OPTIMAL
HELQ,OPTIMAL,OPTIMAL,OPTIMAL,OPTIMAL
MRPS18C,INFEASIBLE,INFEASIBLE,OPTIMAL,OPTIMAL
ABRAXAS1,INFEASIBLE,OPTIMAL,OPTIMAL,OPTIMAL
GPAT3,INFEASIBLE,OPTIMAL,OPTIMAL,OPTIMAL
CDS1,INFEASIBLE,INFEASIBLE,OPTIMAL,OPTIMAL
WDFY3,OPTIMAL,OPTIMAL,OPTIMAL,INFEASIBLE
ARHGAP24,OPTIMAL,OPTIMAL,INFEASIBLE,OPTIMAL
MAPK10,OPTIMAL,OPTIMAL,OPTIMAL,OPTIMAL
PTPN13,INFEASIBLE,INFEASIBLE,INFEASIBLE,INFEASIBLE
AFF1,OPTIMAL,OPTIMAL,OPTIMAL,OPTIMAL
KLHL8,INFEASIBLE,OPTIMAL,INFEASIBLE,INFEASIBLE
HSD17B11,INFEASIBLE,INFEASIBLE,OPTIMAL,OPTIMAL
NUDT9,INFEASIBLE,INFEASIBLE,OPTIMAL,INFEASIBLE
PKD2,INFEASIBLE,INFEASIBLE,INFEASIBLE,INFEASIBLE
PPM1K,INFEASIBLE,OPTIMAL,INFEASIBLE,OPTIMAL
HERC5,INFEASIBLE,INFEASIBLE,OPTIMAL,OPTIMAL
HERC3,OPTIMAL,OPTIMAL,OPTIMAL,OPTIMAL
FAM13A,OPTIMAL,OPTIMAL,OPTIMAL,OPTIMAL
GPRIN3,OPTIMAL,OPTIMAL,OPTIMAL,OPTIMAL
SNCA,INFEASIBLE,INFEASIBLE,OPTIMAL,OPTIMAL
CCSER1,INFEASIBLE,OPTIMAL,INFEASIBLE,OPTIMAL
GRID2,INFEASIBLE,OPTIMAL,OPTIMAL,OPTIMAL
SMARCAD1,INFEASIBLE,INFEASIBLE,OPTIMAL,INFEASIBLE
PDLIM5,INFEASIBLE,OPTIMAL,OPTIMAL,INFEASIBLE
BMPR1B,OPTIMAL,OPTIMAL,OPTIMAL,OPTIMAL
UNC5C,OPTIMAL,OPTIMAL,INFEASIBLE,OPTIMAL
STPG2,INFEASIBLE,OPTIMAL,OPTIMAL,OPTIMAL
RAP1GDS1,INFEASIBLE,OPTIMAL,OPTIMAL,OPTIMAL
TSPAN5,INFEASIBLE,OPTIMAL,INFEASIBLE,OPTIMAL
EIF4E,INFEASIBLE,INFEASIBLE,INFEASIBLE,OPTIMAL
METAP1,INFEASIBLE,INFEASIBLE,OPTIMAL,OPTIMAL
ADH5,INFEASIBLE,INFEASIBLE,OPTIMAL,OPTIMAL
TRMT10A,INFEASIBLE,INFEASIBLE,OPTIMAL,OPTIMAL
LAMTOR3,INFEASIBLE,INFEASIBLE,OPTIMAL,OPTIMAL
DNAJB14,INFEASIBLE,INFEASIBLE,OPTIMAL,OPTIMAL
PPP3CA,INFEASIBLE,OPTIMAL,INFEASIBLE,INFEASIBLE
SLC39A8,INFEASIBLE,OPTIMAL,OPTIMAL,OPTIMAL
NFKB1,INFEASIBLE,INFEASIBLE,OPTIMAL,INFEASIBLE
MANBA,INFEASIBLE,INFEASIBLE,OPTIMAL,INFEASIBLE
UBE2D3,INFEASIBLE,OPTIMAL,INFEASIBLE,OPTIMAL
CISD2,INFEASIBLE,INFEASIBLE,OPTIMAL,OPTIMAL
SLC9B2,INFEASIBLE,INFEASIBLE,OPTIMAL,OPTIMAL
BDH2,INFEASIBLE,INFEASIBLE,INFEASIBLE,OPTIMAL
CENPE,INFEASIBLE,INFEASIBLE,OPTIMAL,OPTIMAL
CXXC4,OPTIMAL,OPTIMAL,OPTIMAL,OPTIMAL
TET2,INFEASIBLE,INFEASIBLE,OPTIMAL,INFEASIBLE
PPA2,INFEASIBLE,INFEASIBLE,OPTIMAL,OPTIMAL
INTS12,OPTIMAL,OPTIMAL,OPTIMAL,OPTIMAL
GSTCD,INFEASIBLE,OPTIMAL,OPTIMAL,INFEASIBLE
TBCK,INFEASIBLE,OPTIMAL,INFEASIBLE,INFEASIBLE
AIMP1,INFEASIBLE,INFEASIBLE,OPTIMAL,OPTIMAL
PAPSS1,OPTIMAL,OPTIMAL,OPTIMAL,OPTIMAL
SGMS2,INFEASIBLE,OPTIMAL,OPTIMAL,INFEASIBLE
HADH,INFEASIBLE,INFEASIBLE,OPTIMAL,OPTIMAL
LEF1,INFEASIBLE,INFEASIBLE,INFEASIBLE,OPTIMAL
RPL34,INFEASIBLE,INFEASIBLE,INFEASIBLE,OPTIMAL
OSTC,INFEASIBLE,INFEASIBLE,OPTIMAL,OPTIMAL
COL25A1,OPTIMAL,OPTIMAL,OPTIMAL,OPTIMAL
SEC24B,INFEASIBLE,INFEASIBLE,INFEASIBLE,OPTIMAL
MCUB,INFEASIBLE,INFEASIBLE,INFEASIBLE,OPTIMAL
CASP6,INFEASIBLE,OPTIMAL,OPTIMAL,OPTIMAL
PLA2G12A,INFEASIBLE,OPTIMAL,OPTIMAL,OPTIMAL
GAR1,INFEASIBLE,INFEASIBLE,OPTIMAL,OPTIMAL
ELOVL6,INFEASIBLE,OPTIMAL,OPTIMAL,OPTIMAL
ENPEP,INFEASIBLE,INFEASIBLE,OPTIMAL,OPTIMAL
PITX2,INFEASIBLE,INFEASIBLE,OPTIMAL,OPTIMAL
FAM241A,INFEASIBLE,INFEASIBLE,OPTIMAL,OPTIMAL
AP1AR,INFEASIBLE,INFEASIBLE,OPTIMAL,OPTIMAL
TIFA,OPTIMAL,OPTIMAL,OPTIMAL,OPTIMAL
ALPK1,INFEASIBLE,INFEASIBLE,OPTIMAL,INFEASIBLE
ZGRF1,OPTIMAL,OPTIMAL,OPTIMAL,OPTIMAL
LARP7,INFEASIBLE,OPTIMAL,OPTIMAL,OPTIMAL
ANK2,OPTIMAL,OPTIMAL,INFEASIBLE,INFEASIBLE
CAMK2D,OPTIMAL,OPTIMAL,INFEASIBLE,OPTIMAL
ARSJ,OPTIMAL,OPTIMAL,OPTIMAL,INFEASIBLE
UGT8,OPTIMAL,OPTIMAL,INFEASIBLE,OPTIMAL
METTL14,OPTIMAL,OPTIMAL,OPTIMAL,OPTIMAL
SEC24D,OPTIMAL,OPTIMAL,OPTIMAL,OPTIMAL
USP53,INFEASIBLE,OPTIMAL,INFEASIBLE,INFEASIBLE
C4orf3,INFEASIBLE,INFEASIBLE,OPTIMAL,INFEASIBLE
PDE5A,INFEASIBLE,INFEASIBLE,OPTIMAL,OPTIMAL
MAD2L1,INFEASIBLE,INFEASIBLE,OPTIMAL,OPTIMAL
PRDM5,INFEASIBLE,OPTIMAL,INFEASIBLE,OPTIMAL
QRFPR,OPTIMAL,OPTIMAL,INFEASIBLE,INFEASIBLE
ANXA5,INFEASIBLE,INFEASIBLE,OPTIMAL,OPTIMAL
EXOSC9,INFEASIBLE,INFEASIBLE,OPTIMAL,INFEASIBLE
CCNA2,INFEASIBLE,OPTIMAL,OPTIMAL,OPTIMAL
BBS7,INFEASIBLE,INFEASIBLE,INFEASIBLE,OPTIMAL
TRPC3,INFEASIBLE,OPTIMAL,OPTIMAL,OPTIMAL
BLTP1,OPTIMAL,OPTIMAL,INFEASIBLE,INFEASIBLE
FGF2,INFEASIBLE,OPTIMAL,OPTIMAL,OPTIMAL
NUDT6,INFEASIBLE,INFEASIBLE,OPTIMAL,OPTIMAL
SPATA5,INFEASIBLE,INFEASIBLE,INFEASIBLE,INFEASIBLE
SPRY1,OPTIMAL,OPTIMAL,OPTIMAL,OPTIMAL
ANKRD50,INFEASIBLE,INFEASIBLE,OPTIMAL,OPTIMAL
INTU,INFEASIBLE,INFEASIBLE,OPTIMAL,OPTIMAL
HSPA4L,INFEASIBLE,INFEASIBLE,OPTIMAL,INFEASIBLE
PLK4,OPTIMAL,OPTIMAL,OPTIMAL,INFEASIBLE
MFSD8,INFEASIBLE,OPTIMAL,OPTIMAL,OPTIMAL
ABHD18,OPTIMAL,OPTIMAL,INFEASIBLE,INFEASIBLE
LARP1B,OPTIMAL,OPTIMAL,INFEASIBLE,INFEASIBLE
PGRMC2,INFEASIBLE,INFEASIBLE,OPTIMAL,OPTIMAL
JADE1,INFEASIBLE,INFEASIBLE,OPTIMAL,INFEASIBLE
SCLT1,INFEASIBLE,OPTIMAL,OPTIMAL,INFEASIBLE
C4orf33,INFEASIBLE,INFEASIBLE,OPTIMAL,INFEASIBLE
PCDH10,INFEASIBLE,INFEASIBLE,OPTIMAL,OPTIMAL
SLC7A11,OPTIMAL,OPTIMAL,OPTIMAL,OPTIMAL
NOCT,INFEASIBLE,OPTIMAL,INFEASIBLE,INFEASIBLE
ELF2,INFEASIBLE,INFEASIBLE,OPTIMAL,OPTIMAL
MGARP,INFEASIBLE,OPTIMAL,INFEASIBLE,OPTIMAL
NDUFC1,INFEASIBLE,INFEASIBLE,INFEASIBLE,OPTIMAL
NAA15,INFEASIBLE,INFEASIBLE,INFEASIBLE,OPTIMAL
RAB33B,INFEASIBLE,INFEASIBLE,INFEASIBLE,OPTIMAL
SETD7,OPTIMAL,OPTIMAL,OPTIMAL,OPTIMAL
MGST2,INFEASIBLE,INFEASIBLE,OPTIMAL,INFEASIBLE
MAML3,OPTIMAL,OPTIMAL,INFEASIBLE,INFEASIBLE
SCOC,INFEASIBLE,INFEASIBLE,OPTIMAL,OPTIMAL
CLGN,INFEASIBLE,INFEASIBLE,OPTIMAL,INFEASIBLE
ELMOD2,OPTIMAL,OPTIMAL,OPTIMAL,OPTIMAL
TBC1D9,INFEASIBLE,INFEASIBLE,INFEASIBLE,INFEASIBLE
RNF150,OPTIMAL,OPTIMAL,INFEASIBLE,OPTIMAL
ZNF330,INFEASIBLE,INFEASIBLE,OPTIMAL,OPTIMAL
USP38,OPTIMAL,OPTIMAL,INFEASIBLE,INFEASIBLE
GAB1,INFEASIBLE,OPTIMAL,INFEASIBLE,OPTIMAL
SMARCA5,INFEASIBLE,INFEASIBLE,OPTIMAL,INFEASIBLE
HHIP,INFEASIBLE,OPTIMAL,OPTIMAL,OPTIMAL
ANAPC10,INFEASIBLE,INFEASIBLE,OPTIMAL,OPTIMAL
ABCE1,INFEASIBLE,INFEASIBLE,OPTIMAL,INFEASIBLE
OTUD4,INFEASIBLE,INFEASIBLE,OPTIMAL,INFEASIBLE
SMAD1,INFEASIBLE,OPTIMAL,INFEASIBLE,OPTIMAL
ZNF827,INFEASIBLE,OPTIMAL,OPTIMAL,OPTIMAL
LSM6,INFEASIBLE,INFEASIBLE,INFEASIBLE,INFEASIBLE
SLC10A7,INFEASIBLE,INFEASIBLE,INFEASIBLE,OPTIMAL
EDNRA,INFEASIBLE,INFEASIBLE,INFEASIBLE,INFEASIBLE
TMEM184C,OPTIMAL,OPTIMAL,INFEASIBLE,INFEASIBLE
PRMT9,INFEASIBLE,INFEASIBLE,OPTIMAL,OPTIMAL
ARHGAP10,INFEASIBLE,OPTIMAL,INFEASIBLE,INFEASIBLE
NR3C2,INFEASIBLE,OPTIMAL,INFEASIBLE,OPTIMAL
DCLK2,OPTIMAL,OPTIMAL,INFEASIBLE,OPTIMAL
LRBA,OPTIMAL,OPTIMAL,INFEASIBLE,INFEASIBLE
RPS3A,INFEASIBLE,INFEASIBLE,INFEASIBLE,OPTIMAL
SH3D19,OPTIMAL,OPTIMAL,INFEASIBLE,INFEASIBLE
FHIP1A,INFEASIBLE,INFEASIBLE,INFEASIBLE,INFEASIBLE
GATB,OPTIMAL,OPTIMAL,OPTIMAL,OPTIMAL
FBXW7,OPTIMAL,OPTIMAL,INFEASIBLE,INFEASIBLE
ARFIP1,INFEASIBLE,OPTIMAL,INFEASIBLE,OPTIMAL
TRIM2,INFEASIBLE,OPTIMAL,INFEASIBLE,INFEASIBLE
MND1,INFEASIBLE,INFEASIBLE,INFEASIBLE,OPTIMAL
TMEM131L,OPTIMAL,OPTIMAL,INFEASIBLE,INFEASIBLE
PLRG1,INFEASIBLE,INFEASIBLE,OPTIMAL,OPTIMAL
MAP9,INFEASIBLE,INFEASIBLE,INFEASIBLE,OPTIMAL
GUCY1A1,INFEASIBLE,INFEASIBLE,OPTIMAL,OPTIMAL
GUCY1B1,INFEASIBLE,INFEASIBLE,OPTIMAL,OPTIMAL
PDGFC,INFEASIBLE,OPTIMAL,OPTIMAL,INFEASIBLE
TMEM144,INFEASIBLE,INFEASIBLE,INFEASIBLE,OPTIMAL
C4orf46,INFEASIBLE,INFEASIBLE,OPTIMAL,OPTIMAL
ETFDH,INFEASIBLE,INFEASIBLE,OPTIMAL,OPTIMAL
PPID,INFEASIBLE,INFEASIBLE,OPTIMAL,OPTIMAL
FNIP2,INFEASIBLE,INFEASIBLE,OPTIMAL,OPTIMAL
RAPGEF2,INFEASIBLE,OPTIMAL,INFEASIBLE,OPTIMAL
FSTL5,OPTIMAL,OPTIMAL,OPTIMAL,OPTIMAL
NAF1,INFEASIBLE,INFEASIBLE,INFEASIBLE,OPTIMAL
TMA16,INFEASIBLE,INFEASIBLE,OPTIMAL,OPTIMAL
TMEM192,OPTIMAL,OPTIMAL,OPTIMAL,OPTIMAL
KLHL2,INFEASIBLE,INFEASIBLE,INFEASIBLE,OPTIMAL
MSMO1,INFEASIBLE,INFEASIBLE,OPTIMAL,OPTIMAL
CPE,INFEASIBLE,OPTIMAL,OPTIMAL,INFEASIBLE
TLL1,OPTIMAL,OPTIMAL,OPTIMAL,OPTIMAL
SPOCK3,INFEASIBLE,OPTIMAL,OPTIMAL,OPTIMAL
PALLD,OPTIMAL,OPTIMAL,INFEASIBLE,INFEASIBLE
CBR4,OPTIMAL,OPTIMAL,INFEASIBLE,OPTIMAL
SH3RF1,INFEASIBLE,INFEASIBLE,OPTIMAL,OPTIMAL
NEK1,INFEASIBLE,INFEASIBLE,OPTIMAL,INFEASIBLE
CLCN3,INFEASIBLE,INFEASIBLE,INFEASIBLE,INFEASIBLE
HPF1,INFEASIBLE,INFEASIBLE,INFEASIBLE,OPTIMAL
MFAP3L,INFEASIBLE,OPTIMAL,OPTIMAL,OPTIMAL
AADAT,INFEASIBLE,INFEASIBLE,OPTIMAL,OPTIMAL
GALNTL6,OPTIMAL,OPTIMAL,INFEASIBLE,OPTIMAL
GALNT7,INFEASIBLE,INFEASIBLE,INFEASIBLE,INFEASIBLE
HMGB2,INFEASIBLE,INFEASIBLE,OPTIMAL,OPTIMAL
SAP30,INFEASIBLE,OPTIMAL,OPTIMAL,OPTIMAL
FBXO8,INFEASIBLE,INFEASIBLE,OPTIMAL,OPTIMAL
CEP44,INFEASIBLE,INFEASIBLE,OPTIMAL,OPTIMAL
GPM6A,INFEASIBLE,OPTIMAL,OPTIMAL,OPTIMAL
WDR17,OPTIMAL,OPTIMAL,OPTIMAL,OPTIMAL
SPCS3,INFEASIBLE,INFEASIBLE,INFEASIBLE,INFEASIBLE
VEGFC,OPTIMAL,OPTIMAL,OPTIMAL,OPTIMAL
NEIL3,INFEASIBLE,INFEASIBLE,INFEASIBLE,OPTIMAL
AGA,INFEASIBLE,INFEASIBLE,OPTIMAL,OPTIMAL
TENM3,INFEASIBLE,OPTIMAL,INFEASIBLE,OPTIMAL
DCTD,INFEASIBLE,OPTIMAL,OPTIMAL,INFEASIBLE
WWC2,OPTIMAL,OPTIMAL,OPTIMAL,OPTIMAL
CDKN2AIP,INFEASIBLE,INFEASIBLE,OPTIMAL,OPTIMAL
ING2,OPTIMAL,OPTIMAL,INFEASIBLE,OPTIMAL
RWDD4,INFEASIBLE,INFEASIBLE,OPTIMAL,OPTIMAL
TRAPPC11,OPTIMAL,OPTIMAL,OPTIMAL,OPTIMAL
STOX2,INFEASIBLE,OPTIMAL,INFEASIBLE,INFEASIBLE
IRF2,OPTIMAL,OPTIMAL,OPTIMAL,OPTIMAL
CASP3,INFEASIBLE,INFEASIBLE,INFEASIBLE,OPTIMAL
PRIMPOL,INFEASIBLE,INFEASIBLE,OPTIMAL,OPTIMAL
CENPU,INFEASIBLE,INFEASIBLE,OPTIMAL,OPTIMAL
ACSL1,INFEASIBLE,INFEASIBLE,OPTIMAL,OPTIMAL
SLC25A4,INFEASIBLE,INFEASIBLE,OPTIMAL,OPTIMAL
CFAP97,INFEASIBLE,OPTIMAL,OPTIMAL,OPTIMAL
SNX25,OPTIMAL,OPTIMAL,OPTIMAL,INFEASIBLE
UFSP2,INFEASIBLE,INFEASIBLE,OPTIMAL,OPTIMAL
PDLIM3,INFEASIBLE,INFEASIBLE,OPTIMAL,OPTIMAL
SORBS2,OPTIMAL,OPTIMAL,OPTIMAL,OPTIMAL
CYP4V2,INFEASIBLE,INFEASIBLE,OPTIMAL,OPTIMAL
FAT1,INFEASIBLE,OPTIMAL,OPTIMAL,OPTIMAL
FRG1,INFEASIBLE,INFEASIBLE,OPTIMAL,OPTIMAL
CCDC127,INFEASIBLE,INFEASIBLE,OPTIMAL,INFEASIBLE
SDHA,INFEASIBLE,INFEASIBLE,OPTIMAL,OPTIMAL
PDCD6,INFEASIBLE,INFEASIBLE,OPTIMAL,OPTIMAL
AHRR,INFEASIBLE,OPTIMAL,INFEASIBLE,OPTIMAL
EXOC3,OPTIMAL,OPTIMAL,INFEASIBLE,OPTIMAL
CEP72,OPTIMAL,OPTIMAL,OPTIMAL,OPTIMAL
BRD9,INFEASIBLE,OPTIMAL,OPTIMAL,OPTIMAL
TRIP13,INFEASIBLE,INFEASIBLE,OPTIMAL,INFEASIBLE
CLPTM1L,INFEASIBLE,INFEASIBLE,OPTIMAL,OPTIMAL
LPCAT1,OPTIMAL,OPTIMAL,OPTIMAL,OPTIMAL
MRPL36,INFEASIBLE,INFEASIBLE,OPTIMAL,OPTIMAL
NDUFS6,INFEASIBLE,INFEASIBLE,OPTIMAL,OPTIMAL
ADAMTS16,OPTIMAL,OPTIMAL,OPTIMAL,OPTIMAL
ICE1,INFEASIBLE,INFEASIBLE,INFEASIBLE,OPTIMAL
MED10,INFEASIBLE,INFEASIBLE,OPTIMAL,INFEASIBLE
NSUN2,INFEASIBLE,INFEASIBLE,OPTIMAL,OPTIMAL
SRD5A1,INFEASIBLE,INFEASIBLE,OPTIMAL,OPTIMAL
TENT4A,OPTIMAL,OPTIMAL,INFEASIBLE,OPTIMAL
MTRR,INFEASIBLE,OPTIMAL,OPTIMAL,OPTIMAL
FASTKD3,INFEASIBLE,INFEASIBLE,OPTIMAL,OPTIMAL
SEMA5A,OPTIMAL,OPTIMAL,OPTIMAL,OPTIMAL
ATPSCKMT,INFEASIBLE,INFEASIBLE,OPTIMAL,OPTIMAL
CCT5,INFEASIBLE,INFEASIBLE,OPTIMAL,OPTIMAL
CMBL,INFEASIBLE,OPTIMAL,INFEASIBLE,OPTIMAL
MARCHF6,INFEASIBLE,INFEASIBLE,INFEASIBLE,INFEASIBLE
ANKRD33B,OPTIMAL,OPTIMAL,OPTIMAL,OPTIMAL
DAP,OPTIMAL,OPTIMAL,OPTIMAL,OPTIMAL
TRIO,OPTIMAL,OPTIMAL,INFEASIBLE,INFEASIBLE
OTULINL,INFEASIBLE,OPTIMAL,INFEASIBLE,OPTIMAL
OTULIN,INFEASIBLE,INFEASIBLE,INFEASIBLE,OPTIMAL
ANKH,OPTIMAL,OPTIMAL,INFEASIBLE,OPTIMAL
FBXL7,INFEASIBLE,INFEASIBLE,OPTIMAL,OPTIMAL
ZNF622,INFEASIBLE,INFEASIBLE,OPTIMAL,OPTIMAL
RETREG1,OPTIMAL,OPTIMAL,OPTIMAL,OPTIMAL
MYO10,OPTIMAL,OPTIMAL,OPTIMAL,OPTIMAL
BASP1,INFEASIBLE,OPTIMAL,OPTIMAL,OPTIMAL
CDH18,INFEASIBLE,OPTIMAL,OPTIMAL,OPTIMAL
CDH12,OPTIMAL,OPTIMAL,INFEASIBLE,INFEASIBLE
DROSHA,INFEASIBLE,INFEASIBLE,INFEASIBLE,INFEASIBLE
C5orf22,INFEASIBLE,OPTIMAL,OPTIMAL,OPTIMAL
PDZD2,OPTIMAL,OPTIMAL,OPTIMAL,OPTIMAL
GOLPH3,INFEASIBLE,OPTIMAL,INFEASIBLE,INFEASIBLE
MTMR12,OPTIMAL,OPTIMAL,OPTIMAL,OPTIMAL
ZFR,INFEASIBLE,OPTIMAL,INFEASIBLE,OPTIMAL
SUB1,INFEASIBLE,INFEASIBLE,OPTIMAL,OPTIMAL
TARS1,INFEASIBLE,INFEASIBLE,INFEASIBLE,OPTIMAL
RAI14,OPTIMAL,OPTIMAL,OPTIMAL,INFEASIBLE
RAD1,INFEASIBLE,OPTIMAL,OPTIMAL,OPTIMAL
BRIX1,INFEASIBLE,INFEASIBLE,OPTIMAL,OPTIMAL
DNAJC21,INFEASIBLE,INFEASIBLE,INFEASIBLE,OPTIMAL
LMBRD2,INFEASIBLE,INFEASIBLE,OPTIMAL,OPTIMAL
SKP2,INFEASIBLE,INFEASIBLE,OPTIMAL,INFEASIBLE
NADK2,INFEASIBLE,INFEASIBLE,INFEASIBLE,INFEASIBLE
SLC1A3,INFEASIBLE,INFEASIBLE,INFEASIBLE,OPTIMAL
NIPBL,INFEASIBLE,INFEASIBLE,INFEASIBLE,INFEASIBLE
CPLANE1,INFEASIBLE,INFEASIBLE,OPTIMAL,INFEASIBLE
NUP155,INFEASIBLE,INFEASIBLE,INFEASIBLE,OPTIMAL
WDR70,OPTIMAL,OPTIMAL,OPTIMAL,OPTIMAL
LIFR,INFEASIBLE,OPTIMAL,INFEASIBLE,OPTIMAL
RICTOR,INFEASIBLE,INFEASIBLE,INFEASIBLE,OPTIMAL
DAB2,INFEASIBLE,INFEASIBLE,OPTIMAL,OPTIMAL
TTC33,OPTIMAL,OPTIMAL,OPTIMAL,OPTIMAL
PRKAA1,OPTIMAL,OPTIMAL,OPTIMAL,OPTIMAL
RPL37,INFEASIBLE,INFEASIBLE,INFEASIBLE,OPTIMAL
OXCT1,OPTIMAL,OPTIMAL,OPTIMAL,OPTIMAL
RIMOC1,INFEASIBLE,INFEASIBLE,INFEASIBLE,INFEASIBLE
FBXO4,INFEASIBLE,INFEASIBLE,OPTIMAL,OPTIMAL
GHR,OPTIMAL,OPTIMAL,OPTIMAL,OPTIMAL
SELENOP,INFEASIBLE,INFEASIBLE,OPTIMAL,OPTIMAL
ZNF131,INFEASIBLE,INFEASIBLE,INFEASIBLE,OPTIMAL
HMGCS1,INFEASIBLE,INFEASIBLE,OPTIMAL,OPTIMAL
TMEM267,INFEASIBLE,OPTIMAL,OPTIMAL,INFEASIBLE
C5orf34,OPTIMAL,OPTIMAL,OPTIMAL,OPTIMAL
PAIP1,INFEASIBLE,INFEASIBLE,OPTIMAL,OPTIMAL
NNT,INFEASIBLE,INFEASIBLE,INFEASIBLE,OPTIMAL
MRPS30,INFEASIBLE,INFEASIBLE,OPTIMAL,OPTIMAL
EMB,INFEASIBLE,INFEASIBLE,OPTIMAL,INFEASIBLE
PARP8,INFEASIBLE,OPTIMAL,INFEASIBLE,OPTIMAL
ISL1,INFEASIBLE,OPTIMAL,OPTIMAL,OPTIMAL
PELO,INFEASIBLE,INFEASIBLE,OPTIMAL,OPTIMAL
ITGA2,OPTIMAL,OPTIMAL,OPTIMAL,OPTIMAL
MOCS2,INFEASIBLE,OPTIMAL,INFEASIBLE,OPTIMAL
NDUFS4,INFEASIBLE,INFEASIBLE,OPTIMAL,OPTIMAL
ARL15,INFEASIBLE,OPTIMAL,INFEASIBLE,INFEASIBLE
SNX18,INFEASIBLE,INFEASIBLE,OPTIMAL,OPTIMAL
GPX8,INFEASIBLE,INFEASIBLE,OPTIMAL,OPTIMAL
DHX29,INFEASIBLE,INFEASIBLE,OPTIMAL,OPTIMAL
MTREX,INFEASIBLE,INFEASIBLE,OPTIMAL,OPTIMAL
PLPP1,INFEASIBLE,INFEASIBLE,INFEASIBLE,OPTIMAL
SLC38A9,INFEASIBLE,INFEASIBLE,OPTIMAL,OPTIMAL
IL6ST,OPTIMAL,OPTIMAL,OPTIMAL,OPTIMAL
MAP3K1,INFEASIBLE,INFEASIBLE,INFEASIBLE,OPTIMAL
SETD9,INFEASIBLE,INFEASIBLE,INFEASIBLE,OPTIMAL
MIER3,OPTIMAL,OPTIMAL,OPTIMAL,OPTIMAL
GPBP1,OPTIMAL,OPTIMAL,INFEASIBLE,OPTIMAL
RAB3C,INFEASIBLE,OPTIMAL,OPTIMAL,OPTIMAL
PDE4D,OPTIMAL,OPTIMAL,OPTIMAL,INFEASIBLE
DEPDC1B,INFEASIBLE,INFEASIBLE,INFEASIBLE,INFEASIBLE
ELOVL7,INFEASIBLE,OPTIMAL,OPTIMAL,INFEASIBLE
ERCC8,INFEASIBLE,OPTIMAL,OPTIMAL,INFEASIBLE
NDUFAF2,INFEASIBLE,INFEASIBLE,OPTIMAL,OPTIMAL
SMIM15,INFEASIBLE,INFEASIBLE,INFEASIBLE,INFEASIBLE
ZSWIM6,INFEASIBLE,INFEASIBLE,INFEASIBLE,INFEASIBLE
KIF2A,INFEASIBLE,INFEASIBLE,INFEASIBLE,OPTIMAL
DIMT1,INFEASIBLE,INFEASIBLE,OPTIMAL,OPTIMAL
IPO11,INFEASIBLE,OPTIMAL,OPTIMAL,OPTIMAL
SREK1IP1,INFEASIBLE,INFEASIBLE,OPTIMAL,INFEASIBLE
CWC27,OPTIMAL,OPTIMAL,OPTIMAL,OPTIMAL
ADAMTS6,OPTIMAL,OPTIMAL,INFEASIBLE,INFEASIBLE
CENPK,INFEASIBLE,INFEASIBLE,INFEASIBLE,INFEASIBLE
PPWD1,INFEASIBLE,INFEASIBLE,OPTIMAL,OPTIMAL
TRIM23,INFEASIBLE,INFEASIBLE,OPTIMAL,OPTIMAL
TRAPPC13,INFEASIBLE,INFEASIBLE,INFEASIBLE,OPTIMAL
SGTB,INFEASIBLE,INFEASIBLE,OPTIMAL,OPTIMAL
NLN,INFEASIBLE,INFEASIBLE,INFEASIBLE,OPTIMAL
ERBIN,INFEASIBLE,OPTIMAL,INFEASIBLE,OPTIMAL
SREK1,INFEASIBLE,OPTIMAL,INFEASIBLE,INFEASIBLE
MAST4,OPTIMAL,OPTIMAL,OPTIMAL,OPTIMAL
PIK3R1,INFEASIBLE,INFEASIBLE,OPTIMAL,OPTIMAL
SLC30A5,OPTIMAL,OPTIMAL,OPTIMAL,OPTIMAL
CCNB1,INFEASIBLE,OPTIMAL,OPTIMAL,OPTIMAL
CENPH,INFEASIBLE,INFEASIBLE,OPTIMAL,OPTIMAL
MRPS36,INFEASIBLE,INFEASIBLE,OPTIMAL,OPTIMAL
CDK7,INFEASIBLE,INFEASIBLE,OPTIMAL,OPTIMAL
CCDC125,INFEASIBLE,INFEASIBLE,OPTIMAL,OPTIMAL
AK6,INFEASIBLE,INFEASIBLE,INFEASIBLE,OPTIMAL
TAF9,INFEASIBLE,INFEASIBLE,OPTIMAL,INFEASIBLE
RAD17,INFEASIBLE,INFEASIBLE,OPTIMAL,OPTIMAL
MARVELD2,OPTIMAL,OPTIMAL,OPTIMAL,OPTIMAL
OCLN,INFEASIBLE,INFEASIBLE,OPTIMAL,INFEASIBLE
GTF2H2C,OPTIMAL,OPTIMAL,OPTIMAL,OPTIMAL
SMN2,INFEASIBLE,INFEASIBLE,OPTIMAL,INFEASIBLE
SMN1,OPTIMAL,OPTIMAL,OPTIMAL,OPTIMAL
GTF2H2,INFEASIBLE,INFEASIBLE,OPTIMAL,INFEASIBLE
BDP1,INFEASIBLE,OPTIMAL,INFEASIBLE,OPTIMAL
MCCC2,INFEASIBLE,OPTIMAL,INFEASIBLE,OPTIMAL
MAP1B,INFEASIBLE,OPTIMAL,OPTIMAL,INFEASIBLE
MRPS27,INFEASIBLE,OPTIMAL,OPTIMAL,OPTIMAL
PTCD2,OPTIMAL,OPTIMAL,OPTIMAL,OPTIMAL
TNPO1,OPTIMAL,OPTIMAL,OPTIMAL,INFEASIBLE
FCHO2,INFEASIBLE,INFEASIBLE,OPTIMAL,INFEASIBLE
FOXD1,OPTIMAL,OPTIMAL,OPTIMAL,OPTIMAL
BTF3,INFEASIBLE,INFEASIBLE,OPTIMAL,OPTIMAL
ANKRA2,INFEASIBLE,INFEASIBLE,OPTIMAL,INFEASIBLE
UTP15,INFEASIBLE,INFEASIBLE,OPTIMAL,INFEASIBLE
ARHGEF28,INFEASIBLE,INFEASIBLE,OPTIMAL,OPTIMAL
HEXB,OPTIMAL,OPTIMAL,OPTIMAL,OPTIMAL
GFM2,OPTIMAL,OPTIMAL,OPTIMAL,OPTIMAL
NSA2,INFEASIBLE,INFEASIBLE,OPTIMAL,OPTIMAL
FAM169A,INFEASIBLE,OPTIMAL,OPTIMAL,INFEASIBLE
HMGCR,INFEASIBLE,OPTIMAL,OPTIMAL,OPTIMAL
CERT1,INFEASIBLE,INFEASIBLE,OPTIMAL,INFEASIBLE
POLK,INFEASIBLE,INFEASIBLE,INFEASIBLE,OPTIMAL
POC5,INFEASIBLE,INFEASIBLE,OPTIMAL,INFEASIBLE
IQGAP2,INFEASIBLE,OPTIMAL,INFEASIBLE,OPTIMAL
F2R,INFEASIBLE,INFEASIBLE,OPTIMAL,OPTIMAL
AGGF1,INFEASIBLE,INFEASIBLE,INFEASIBLE,OPTIMAL
ZBED3,INFEASIBLE,INFEASIBLE,OPTIMAL,OPTIMAL
WDR41,INFEASIBLE,OPTIMAL,OPTIMAL,OPTIMAL
TBCA,INFEASIBLE,INFEASIBLE,INFEASIBLE,INFEASIBLE
AP3B1,INFEASIBLE,INFEASIBLE,INFEASIBLE,INFEASIBLE
SCAMP1,OPTIMAL,OPTIMAL,OPTIMAL,OPTIMAL
LHFPL2,OPTIMAL,OPTIMAL,OPTIMAL,OPTIMAL
ARSB,OPTIMAL,OPTIMAL,INFEASIBLE,OPTIMAL
DMGDH,OPTIMAL,OPTIMAL,OPTIMAL,OPTIMAL
JMY,INFEASIBLE,OPTIMAL,OPTIMAL,INFEASIBLE
HOMER1,OPTIMAL,OPTIMAL,INFEASIBLE,OPTIMAL
TENT2,INFEASIBLE,INFEASIBLE,OPTIMAL,INFEASIBLE
MTX3,INFEASIBLE,INFEASIBLE,INFEASIBLE,OPTIMAL
THBS4,OPTIMAL,OPTIMAL,OPTIMAL,OPTIMAL
SERINC5,OPTIMAL,OPTIMAL,OPTIMAL,INFEASIBLE
ZFYVE16,INFEASIBLE,INFEASIBLE,OPTIMAL,INFEASIBLE
FAM151B,OPTIMAL,OPTIMAL,OPTIMAL,OPTIMAL
DHFR,INFEASIBLE,INFEASIBLE,OPTIMAL,INFEASIBLE
MSH3,OPTIMAL,OPTIMAL,OPTIMAL,OPTIMAL
RASGRF2,OPTIMAL,OPTIMAL,OPTIMAL,OPTIMAL
ZCCHC9,INFEASIBLE,INFEASIBLE,OPTIMAL,OPTIMAL
SSBP2,INFEASIBLE,OPTIMAL,INFEASIBLE,INFEASIBLE
ATG10,INFEASIBLE,OPTIMAL,OPTIMAL,OPTIMAL
RPS23,INFEASIBLE,INFEASIBLE,INFEASIBLE,OPTIMAL
TMEM167A,INFEASIBLE,INFEASIBLE,OPTIMAL,OPTIMAL
XRCC4,OPTIMAL,OPTIMAL,OPTIMAL,OPTIMAL
VCAN,OPTIMAL,OPTIMAL,INFEASIBLE,OPTIMAL
EDIL3,OPTIMAL,OPTIMAL,OPTIMAL,OPTIMAL
COX7C,INFEASIBLE,INFEASIBLE,INFEASIBLE,OPTIMAL
RASA1,INFEASIBLE,INFEASIBLE,INFEASIBLE,OPTIMAL
CCNH,INFEASIBLE,INFEASIBLE,INFEASIBLE,OPTIMAL
TMEM161B,INFEASIBLE,INFEASIBLE,OPTIMAL,OPTIMAL
MEF2C,OPTIMAL,OPTIMAL,OPTIMAL,OPTIMAL
CETN3,INFEASIBLE,INFEASIBLE,OPTIMAL,OPTIMAL
MBLAC2,INFEASIBLE,OPTIMAL,OPTIMAL,OPTIMAL
POLR3G,INFEASIBLE,INFEASIBLE,OPTIMAL,OPTIMAL
LYSMD3,INFEASIBLE,OPTIMAL,OPTIMAL,OPTIMAL
ADGRV1,OPTIMAL,OPTIMAL,OPTIMAL,OPTIMAL
ARRDC3,INFEASIBLE,INFEASIBLE,OPTIMAL,OPTIMAL
NR2F1,OPTIMAL,OPTIMAL,OPTIMAL,INFEASIBLE
FAM172A,INFEASIBLE,OPTIMAL,OPTIMAL,OPTIMAL
SLF1,INFEASIBLE,INFEASIBLE,INFEASIBLE,INFEASIBLE
MCTP1,OPTIMAL,OPTIMAL,OPTIMAL,OPTIMAL
SKIC3,INFEASIBLE,INFEASIBLE,OPTIMAL,INFEASIBLE
ARSK,INFEASIBLE,INFEASIBLE,INFEASIBLE,OPTIMAL
RFESD,INFEASIBLE,INFEASIBLE,OPTIMAL,OPTIMAL
RHOBTB3,INFEASIBLE,INFEASIBLE,OPTIMAL,OPTIMAL
GLRX,INFEASIBLE,INFEASIBLE,OPTIMAL,INFEASIBLE
ELL2,INFEASIBLE,INFEASIBLE,OPTIMAL,OPTIMAL
CAST,INFEASIBLE,INFEASIBLE,OPTIMAL,INFEASIBLE
LNPEP,INFEASIBLE,INFEASIBLE,OPTIMAL,OPTIMAL
RIOK2,INFEASIBLE,INFEASIBLE,OPTIMAL,OPTIMAL
RGMB,OPTIMAL,OPTIMAL,OPTIMAL,OPTIMAL
CHD1,INFEASIBLE,INFEASIBLE,OPTIMAL,OPTIMAL
FAM174A,OPTIMAL,OPTIMAL,OPTIMAL,OPTIMAL
SLCO6A1,INFEASIBLE,INFEASIBLE,OPTIMAL,OPTIMAL
PAM,INFEASIBLE,INFEASIBLE,OPTIMAL,INFEASIBLE
GIN1,INFEASIBLE,INFEASIBLE,OPTIMAL,OPTIMAL
PPIP5K2,INFEASIBLE,INFEASIBLE,INFEASIBLE,OPTIMAL
MACIR,OPTIMAL,OPTIMAL,OPTIMAL,OPTIMAL
NUDT12,INFEASIBLE,INFEASIBLE,OPTIMAL,INFEASIBLE
EFNA5,INFEASIBLE,INFEASIBLE,INFEASIBLE,INFEASIBLE
FBXL17,OPTIMAL,OPTIMAL,OPTIMAL,OPTIMAL
FER,INFEASIBLE,OPTIMAL,INFEASIBLE,INFEASIBLE
PJA2,INFEASIBLE,INFEASIBLE,OPTIMAL,OPTIMAL
MAN2A1,INFEASIBLE,INFEASIBLE,INFEASIBLE,OPTIMAL
SLC25A46,INFEASIBLE,INFEASIBLE,OPTIMAL,INFEASIBLE
WDR36,INFEASIBLE,INFEASIBLE,INFEASIBLE,OPTIMAL
CAMK4,OPTIMAL,OPTIMAL,OPTIMAL,OPTIMAL
STARD4,INFEASIBLE,INFEASIBLE,OPTIMAL,OPTIMAL
NREP,OPTIMAL,OPTIMAL,OPTIMAL,OPTIMAL
EPB41L4A,INFEASIBLE,INFEASIBLE,OPTIMAL,OPTIMAL
APC,INFEASIBLE,INFEASIBLE,INFEASIBLE,INFEASIBLE
SRP19,INFEASIBLE,INFEASIBLE,OPTIMAL,OPTIMAL
REEP5,INFEASIBLE,INFEASIBLE,OPTIMAL,OPTIMAL
DCP2,INFEASIBLE,OPTIMAL,INFEASIBLE,OPTIMAL
MCC,OPTIMAL,OPTIMAL,INFEASIBLE,INFEASIBLE
YTHDC2,INFEASIBLE,INFEASIBLE,OPTIMAL,OPTIMAL
TRIM36,INFEASIBLE,INFEASIBLE,OPTIMAL,OPTIMAL
PGGT1B,OPTIMAL,OPTIMAL,OPTIMAL,OPTIMAL
CCDC112,INFEASIBLE,INFEASIBLE,OPTIMAL,OPTIMAL
FEM1C,INFEASIBLE,INFEASIBLE,OPTIMAL,OPTIMAL
TMED7,INFEASIBLE,INFEASIBLE,OPTIMAL,INFEASIBLE
ATG12,INFEASIBLE,OPTIMAL,OPTIMAL,OPTIMAL
AP3S1,INFEASIBLE,INFEASIBLE,INFEASIBLE,OPTIMAL
COMMD10,INFEASIBLE,OPTIMAL,INFEASIBLE,OPTIMAL
SEMA6A,INFEASIBLE,INFEASIBLE,INFEASIBLE,OPTIMAL
DTWD2,OPTIMAL,OPTIMAL,OPTIMAL,OPTIMAL
DMXL1,INFEASIBLE,OPTIMAL,OPTIMAL,OPTIMAL
TNFAIP8,INFEASIBLE,OPTIMAL,OPTIMAL,OPTIMAL
HSD17B4,INFEASIBLE,OPTIMAL,OPTIMAL,OPTIMAL
PRR16,OPTIMAL,OPTIMAL,OPTIMAL,OPTIMAL
SRFBP1,INFEASIBLE,INFEASIBLE,OPTIMAL,OPTIMAL
SNX2,INFEASIBLE,INFEASIBLE,OPTIMAL,OPTIMAL
SNX24,OPTIMAL,OPTIMAL,INFEASIBLE,INFEASIBLE
PPIC,INFEASIBLE,INFEASIBLE,INFEASIBLE,OPTIMAL
PRDM6,OPTIMAL,OPTIMAL,OPTIMAL,OPTIMAL
CEP120,OPTIMAL,OPTIMAL,INFEASIBLE,OPTIMAL
CSNK1G3,INFEASIBLE,INFEASIBLE,INFEASIBLE,OPTIMAL
ZNF608,OPTIMAL,OPTIMAL,OPTIMAL,OPTIMAL
ALDH7A1,INFEASIBLE,INFEASIBLE,OPTIMAL,OPTIMAL
PHAX,INFEASIBLE,INFEASIBLE,INFEASIBLE,OPTIMAL
LMNB1,INFEASIBLE,OPTIMAL,INFEASIBLE,OPTIMAL
MARCHF3,OPTIMAL,OPTIMAL,OPTIMAL,OPTIMAL
C5orf63,INFEASIBLE,INFEASIBLE,OPTIMAL,OPTIMAL
PRRC1,INFEASIBLE,INFEASIBLE,OPTIMAL,OPTIMAL
SLC12A2,INFEASIBLE,INFEASIBLE,INFEASIBLE,OPTIMAL
FBN2,INFEASIBLE,OPTIMAL,INFEASIBLE,OPTIMAL
ISOC1,INFEASIBLE,OPTIMAL,OPTIMAL,OPTIMAL
ADAMTS19,INFEASIBLE,INFEASIBLE,OPTIMAL,INFEASIBLE
CHSY3,INFEASIBLE,INFEASIBLE,INFEASIBLE,OPTIMAL
HINT1,INFEASIBLE,INFEASIBLE,INFEASIBLE,INFEASIBLE
LYRM7,INFEASIBLE,OPTIMAL,OPTIMAL,OPTIMAL
CDC42SE2,OPTIMAL,OPTIMAL,OPTIMAL,INFEASIBLE
RAPGEF6,OPTIMAL,OPTIMAL,OPTIMAL,OPTIMAL
FNIP1,INFEASIBLE,OPTIMAL,INFEASIBLE,OPTIMAL
P4HA2,INFEASIBLE,INFEASIBLE,OPTIMAL,OPTIMAL
PDLIM4,INFEASIBLE,INFEASIBLE,OPTIMAL,OPTIMAL
SLC22A5,INFEASIBLE,INFEASIBLE,OPTIMAL,OPTIMAL
IRF1,OPTIMAL,OPTIMAL,OPTIMAL,OPTIMAL
RAD50,INFEASIBLE,OPTIMAL,OPTIMAL,OPTIMAL
KIF3A,INFEASIBLE,INFEASIBLE,OPTIMAL,OPTIMAL
SEPTIN8,INFEASIBLE,OPTIMAL,OPTIMAL,INFEASIBLE
UQCRQ,INFEASIBLE,INFEASIBLE,INFEASIBLE,OPTIMAL
AFF4,INFEASIBLE,INFEASIBLE,OPTIMAL,OPTIMAL
ZCCHC10,INFEASIBLE,INFEASIBLE,OPTIMAL,INFEASIBLE
HSPA4,INFEASIBLE,INFEASIBLE,OPTIMAL,INFEASIBLE
C5orf15,INFEASIBLE,INFEASIBLE,OPTIMAL,INFEASIBLE
VDAC1,INFEASIBLE,INFEASIBLE,OPTIMAL,INFEASIBLE
TCF7,OPTIMAL,OPTIMAL,OPTIMAL,OPTIMAL
SKP1,INFEASIBLE,INFEASIBLE,OPTIMAL,OPTIMAL
PPP2CA,INFEASIBLE,OPTIMAL,OPTIMAL,INFEASIBLE
CDKL3,OPTIMAL,OPTIMAL,OPTIMAL,OPTIMAL
UBE2B,INFEASIBLE,INFEASIBLE,OPTIMAL,INFEASIBLE
CDKN2AIPNL,INFEASIBLE,INFEASIBLE,OPTIMAL,INFEASIBLE
SAR1B,INFEASIBLE,INFEASIBLE,OPTIMAL,INFEASIBLE
SEC24A,INFEASIBLE,INFEASIBLE,OPTIMAL,OPTIMAL
CAMLG,INFEASIBLE,INFEASIBLE,OPTIMAL,OPTIMAL
DDX46,OPTIMAL,OPTIMAL,INFEASIBLE,OPTIMAL
C5orf24,INFEASIBLE,INFEASIBLE,INFEASIBLE,OPTIMAL
TXNDC15,INFEASIBLE,INFEASIBLE,OPTIMAL,INFEASIBLE
PCBD2,INFEASIBLE,INFEASIBLE,OPTIMAL,INFEASIBLE
PITX1,OPTIMAL,OPTIMAL,OPTIMAL,OPTIMAL
MACROH2A1,OPTIMAL,OPTIMAL,OPTIMAL,OPTIMAL
SLC25A48,OPTIMAL,OPTIMAL,INFEASIBLE,OPTIMAL
SMAD5,INFEASIBLE,INFEASIBLE,OPTIMAL,OPTIMAL
HNRNPA0,INFEASIBLE,INFEASIBLE,INFEASIBLE,OPTIMAL
PKD2L2,OPTIMAL,OPTIMAL,OPTIMAL,OPTIMAL
FAM13B,OPTIMAL,OPTIMAL,INFEASIBLE,OPTIMAL
BRD8,INFEASIBLE,OPTIMAL,OPTIMAL,OPTIMAL
KIF20A,INFEASIBLE,OPTIMAL,INFEASIBLE,OPTIMAL
CDC23,OPTIMAL,OPTIMAL,OPTIMAL,OPTIMAL
CDC25C,INFEASIBLE,INFEASIBLE,OPTIMAL,OPTIMAL
FAM53C,INFEASIBLE,INFEASIBLE,OPTIMAL,OPTIMAL
KDM3B,INFEASIBLE,OPTIMAL,OPTIMAL,INFEASIBLE
REEP2,INFEASIBLE,OPTIMAL,OPTIMAL,OPTIMAL
EGR1,INFEASIBLE,OPTIMAL,INFEASIBLE,INFEASIBLE
ETF1,INFEASIBLE,INFEASIBLE,INFEASIBLE,INFEASIBLE
HSPA9,INFEASIBLE,INFEASIBLE,OPTIMAL,OPTIMAL
CTNNA1,OPTIMAL,OPTIMAL,OPTIMAL,INFEASIBLE
SIL1,OPTIMAL,OPTIMAL,INFEASIBLE,OPTIMAL
MATR3,INFEASIBLE,INFEASIBLE,INFEASIBLE,INFEASIBLE
PAIP2,INFEASIBLE,INFEASIBLE,OPTIMAL,OPTIMAL
SPATA24,INFEASIBLE,INFEASIBLE,OPTIMAL,OPTIMAL
DNAJC18,OPTIMAL,OPTIMAL,OPTIMAL,INFEASIBLE
UBE2D2,INFEASIBLE,OPTIMAL,INFEASIBLE,INFEASIBLE
CXXC5,OPTIMAL,OPTIMAL,OPTIMAL,OPTIMAL
NRG2,OPTIMAL,OPTIMAL,OPTIMAL,OPTIMAL
PURA,INFEASIBLE,OPTIMAL,OPTIMAL,OPTIMAL
CYSTM1,OPTIMAL,OPTIMAL,OPTIMAL,OPTIMAL
PFDN1,INFEASIBLE,OPTIMAL,INFEASIBLE,OPTIMAL
ANKHD1,INFEASIBLE,INFEASIBLE,INFEASIBLE,INFEASIBLE
SRA1,INFEASIBLE,INFEASIBLE,OPTIMAL,OPTIMAL
SLC35A4,INFEASIBLE,OPTIMAL,OPTIMAL,OPTIMAL
NDUFA2,INFEASIBLE,INFEASIBLE,OPTIMAL,OPTIMAL
TMCO6,INFEASIBLE,INFEASIBLE,OPTIMAL,OPTIMAL
IK,INFEASIBLE,OPTIMAL,OPTIMAL,OPTIMAL
WDR55,INFEASIBLE,INFEASIBLE,OPTIMAL,OPTIMAL
HARS1,INFEASIBLE,INFEASIBLE,OPTIMAL,OPTIMAL
HARS2,INFEASIBLE,INFEASIBLE,INFEASIBLE,OPTIMAL
ZMAT2,INFEASIBLE,INFEASIBLE,OPTIMAL,OPTIMAL
TAF7,INFEASIBLE,INFEASIBLE,OPTIMAL,OPTIMAL
DIAPH1,INFEASIBLE,INFEASIBLE,INFEASIBLE,OPTIMAL
HDAC3,INFEASIBLE,INFEASIBLE,INFEASIBLE,OPTIMAL
DELE1,INFEASIBLE,INFEASIBLE,OPTIMAL,OPTIMAL
RNF14,INFEASIBLE,INFEASIBLE,OPTIMAL,OPTIMAL
GNPDA1,INFEASIBLE,INFEASIBLE,OPTIMAL,OPTIMAL
NDFIP1,INFEASIBLE,INFEASIBLE,OPTIMAL,OPTIMAL
ARHGAP26,INFEASIBLE,OPTIMAL,OPTIMAL,OPTIMAL
NR3C1,OPTIMAL,OPTIMAL,OPTIMAL,OPTIMAL
YIPF5,INFEASIBLE,INFEASIBLE,OPTIMAL,INFEASIBLE
KCTD16,OPTIMAL,OPTIMAL,OPTIMAL,OPTIMAL
PRELID2,INFEASIBLE,INFEASIBLE,OPTIMAL,OPTIMAL
LARS1,OPTIMAL,OPTIMAL,OPTIMAL,INFEASIBLE
RBM27,INFEASIBLE,INFEASIBLE,OPTIMAL,OPTIMAL
TCERG1,INFEASIBLE,INFEASIBLE,INFEASIBLE,OPTIMAL
DPYSL3,OPTIMAL,OPTIMAL,OPTIMAL,OPTIMAL
JAKMIP2,INFEASIBLE,INFEASIBLE,OPTIMAL,OPTIMAL
SPINK5,INFEASIBLE,INFEASIBLE,INFEASIBLE,INFEASIBLE
FBXO38,INFEASIBLE,INFEASIBLE,INFEASIBLE,INFEASIBLE
GRPEL2,INFEASIBLE,INFEASIBLE,OPTIMAL,INFEASIBLE
CSNK1A1,INFEASIBLE,INFEASIBLE,INFEASIBLE,INFEASIBLE
ARHGEF37,OPTIMAL,OPTIMAL,OPTIMAL,OPTIMAL
PPARGC1B,OPTIMAL,OPTIMAL,OPTIMAL,OPTIMAL
SLC26A2,INFEASIBLE,INFEASIBLE,OPTIMAL,OPTIMAL
HMGXB3,INFEASIBLE,INFEASIBLE,INFEASIBLE,INFEASIBLE
TCOF1,INFEASIBLE,INFEASIBLE,OPTIMAL,OPTIMAL
RPS14,INFEASIBLE,INFEASIBLE,INFEASIBLE,OPTIMAL
NDST1,OPTIMAL,OPTIMAL,OPTIMAL,OPTIMAL
RBM22,INFEASIBLE,INFEASIBLE,OPTIMAL,OPTIMAL
DCTN4,INFEASIBLE,OPTIMAL,INFEASIBLE,OPTIMAL
SMIM3,INFEASIBLE,INFEASIBLE,OPTIMAL,OPTIMAL
GPX3,INFEASIBLE,INFEASIBLE,OPTIMAL,OPTIMAL
TNIP1,INFEASIBLE,INFEASIBLE,OPTIMAL,OPTIMAL
ANXA6,INFEASIBLE,INFEASIBLE,INFEASIBLE,OPTIMAL
GM2A,OPTIMAL,OPTIMAL,OPTIMAL,OPTIMAL
SLC36A1,INFEASIBLE,INFEASIBLE,INFEASIBLE,OPTIMAL
SPARC,INFEASIBLE,INFEASIBLE,OPTIMAL,OPTIMAL
ATOX1,INFEASIBLE,INFEASIBLE,INFEASIBLE,OPTIMAL
G3BP1,INFEASIBLE,INFEASIBLE,INFEASIBLE,INFEASIBLE
FAM114A2,INFEASIBLE,INFEASIBLE,OPTIMAL,OPTIMAL
MFAP3,OPTIMAL,OPTIMAL,OPTIMAL,OPTIMAL
GALNT10,OPTIMAL,OPTIMAL,OPTIMAL,OPTIMAL
SAP30L,INFEASIBLE,OPTIMAL,OPTIMAL,OPTIMAL
HAND1,INFEASIBLE,INFEASIBLE,INFEASIBLE,INFEASIBLE
LARP1,INFEASIBLE,OPTIMAL,INFEASIBLE,OPTIMAL
FAXDC2,OPTIMAL,OPTIMAL,OPTIMAL,OPTIMAL
CNOT8,INFEASIBLE,INFEASIBLE,OPTIMAL,OPTIMAL
GEMIN5,INFEASIBLE,INFEASIBLE,OPTIMAL,INFEASIBLE
MRPL22,INFEASIBLE,INFEASIBLE,OPTIMAL,OPTIMAL
MED7,OPTIMAL,OPTIMAL,OPTIMAL,OPTIMAL
CYFIP2,OPTIMAL,OPTIMAL,OPTIMAL,OPTIMAL
THG1L,INFEASIBLE,INFEASIBLE,OPTIMAL,OPTIMAL
LSM11,OPTIMAL,OPTIMAL,OPTIMAL,OPTIMAL
CLINT1,INFEASIBLE,INFEASIBLE,OPTIMAL,INFEASIBLE
EBF1,OPTIMAL,OPTIMAL,OPTIMAL,OPTIMAL
RNF145,INFEASIBLE,INFEASIBLE,INFEASIBLE,INFEASIBLE
UBLCP1,INFEASIBLE,INFEASIBLE,OPTIMAL,OPTIMAL
TTC1,INFEASIBLE,INFEASIBLE,OPTIMAL,OPTIMAL
PWWP2A,INFEASIBLE,INFEASIBLE,OPTIMAL,OPTIMAL
SLU7,INFEASIBLE,INFEASIBLE,OPTIMAL,OPTIMAL
PTTG1,INFEASIBLE,INFEASIBLE,OPTIMAL,OPTIMAL
CCNG1,INFEASIBLE,INFEASIBLE,OPTIMAL,INFEASIBLE
NUDCD2,INFEASIBLE,INFEASIBLE,OPTIMAL,OPTIMAL
HMMR,INFEASIBLE,OPTIMAL,OPTIMAL,OPTIMAL
MAT2B,INFEASIBLE,INFEASIBLE,OPTIMAL,OPTIMAL
TENM2,INFEASIBLE,OPTIMAL,INFEASIBLE,OPTIMAL
WWC1,OPTIMAL,OPTIMAL,INFEASIBLE,OPTIMAL
RARS1,INFEASIBLE,INFEASIBLE,OPTIMAL,OPTIMAL
PANK3,INFEASIBLE,OPTIMAL,OPTIMAL,OPTIMAL
SLIT3,OPTIMAL,OPTIMAL,INFEASIBLE,OPTIMAL
SPDL1,INFEASIBLE,INFEASIBLE,OPTIMAL,INFEASIBLE
RANBP17,INFEASIBLE,INFEASIBLE,INFEASIBLE,INFEASIBLE
NPM1,INFEASIBLE,INFEASIBLE,OPTIMAL,OPTIMAL
FBXW11,OPTIMAL,OPTIMAL,INFEASIBLE,INFEASIBLE
STK10,INFEASIBLE,OPTIMAL,INFEASIBLE,OPTIMAL
UBTD2,INFEASIBLE,OPTIMAL,INFEASIBLE,INFEASIBLE
SH3PXD2B,OPTIMAL,OPTIMAL,OPTIMAL,OPTIMAL
DUSP1,OPTIMAL,OPTIMAL,OPTIMAL,OPTIMAL
ERGIC1,INFEASIBLE,OPTIMAL,OPTIMAL,INFEASIBLE
RPL26L1,INFEASIBLE,INFEASIBLE,OPTIMAL,OPTIMAL
ATP6V0E1,INFEASIBLE,INFEASIBLE,INFEASIBLE,OPTIMAL
CREBRF,INFEASIBLE,OPTIMAL,OPTIMAL,OPTIMAL
BNIP1,INFEASIBLE,OPTIMAL,OPTIMAL,OPTIMAL
NKX2-5,INFEASIBLE,INFEASIBLE,INFEASIBLE,INFEASIBLE
STC2,INFEASIBLE,INFEASIBLE,OPTIMAL,OPTIMAL
BOD1,INFEASIBLE,INFEASIBLE,OPTIMAL,OPTIMAL
CPEB4,INFEASIBLE,INFEASIBLE,OPTIMAL,OPTIMAL
MSX2,INFEASIBLE,OPTIMAL,OPTIMAL,OPTIMAL
SFXN1,INFEASIBLE,INFEASIBLE,INFEASIBLE,INFEASIBLE
THOC3,OPTIMAL,OPTIMAL,OPTIMAL,OPTIMAL
SIMC1,INFEASIBLE,OPTIMAL,INFEASIBLE,INFEASIBLE
KIAA1191,INFEASIBLE,OPTIMAL,INFEASIBLE,INFEASIBLE
ARL10,INFEASIBLE,INFEASIBLE,OPTIMAL,OPTIMAL
NOP16,INFEASIBLE,INFEASIBLE,OPTIMAL,OPTIMAL
HIGD2A,INFEASIBLE,INFEASIBLE,OPTIMAL,OPTIMAL
CLTB,INFEASIBLE,INFEASIBLE,OPTIMAL,INFEASIBLE
FAF2,INFEASIBLE,OPTIMAL,INFEASIBLE,INFEASIBLE
RNF44,OPTIMAL,OPTIMAL,OPTIMAL,OPTIMAL
CDHR2,INFEASIBLE,OPTIMAL,OPTIMAL,OPTIMAL
GPRIN1,OPTIMAL,OPTIMAL,OPTIMAL,OPTIMAL
TSPAN17,INFEASIBLE,INFEASIBLE,OPTIMAL,OPTIMAL
UIMC1,INFEASIBLE,INFEASIBLE,OPTIMAL,INFEASIBLE
ZNF346,INFEASIBLE,INFEASIBLE,OPTIMAL,OPTIMAL
NSD1,INFEASIBLE,OPTIMAL,INFEASIBLE,INFEASIBLE
RAB24,INFEASIBLE,INFEASIBLE,OPTIMAL,OPTIMAL
MXD3,INFEASIBLE,INFEASIBLE,OPTIMAL,OPTIMAL
PRELID1,INFEASIBLE,INFEASIBLE,INFEASIBLE,OPTIMAL
LMAN2,INFEASIBLE,INFEASIBLE,INFEASIBLE,OPTIMAL
RGS14,OPTIMAL,OPTIMAL,INFEASIBLE,OPTIMAL
F12,INFEASIBLE,INFEASIBLE,OPTIMAL,OPTIMAL
GRK6,OPTIMAL,OPTIMAL,OPTIMAL,OPTIMAL
PRR7,OPTIMAL,OPTIMAL,OPTIMAL,OPTIMAL
DBN1,INFEASIBLE,OPTIMAL,OPTIMAL,OPTIMAL
PDLIM7,OPTIMAL,OPTIMAL,INFEASIBLE,OPTIMAL
DOK3,INFEASIBLE,INFEASIBLE,OPTIMAL,OPTIMAL
DDX41,INFEASIBLE,INFEASIBLE,OPTIMAL,OPTIMAL
FAM193B,INFEASIBLE,OPTIMAL,OPTIMAL,INFEASIBLE
TMED9,INFEASIBLE,INFEASIBLE,OPTIMAL,OPTIMAL
B4GALT7,INFEASIBLE,OPTIMAL,OPTIMAL,OPTIMAL
RMND5B,INFEASIBLE,INFEASIBLE,OPTIMAL,INFEASIBLE
NHP2,INFEASIBLE,INFEASIBLE,INFEASIBLE,OPTIMAL
HNRNPAB,INFEASIBLE,INFEASIBLE,OPTIMAL,OPTIMAL
PHYKPL,OPTIMAL,OPTIMAL,OPTIMAL,OPTIMAL
COL23A1,OPTIMAL,OPTIMAL,OPTIMAL,OPTIMAL
CLK4,INFEASIBLE,INFEASIBLE,OPTIMAL,OPTIMAL
ZNF354A,INFEASIBLE,INFEASIBLE,INFEASIBLE,INFEASIBLE
ZNF354B,INFEASIBLE,OPTIMAL,OPTIMAL,OPTIMAL
ADAMTS2,OPTIMAL,OPTIMAL,OPTIMAL,OPTIMAL
RUFY1,INFEASIBLE,INFEASIBLE,INFEASIBLE,OPTIMAL
HNRNPH1,INFEASIBLE,INFEASIBLE,INFEASIBLE,OPTIMAL
CANX,INFEASIBLE,INFEASIBLE,INFEASIBLE,INFEASIBLE
MAML1,OPTIMAL,OPTIMAL,INFEASIBLE,OPTIMAL
MGAT4B,OPTIMAL,OPTIMAL,OPTIMAL,OPTIMAL
SQSTM1,OPTIMAL,OPTIMAL,OPTIMAL,OPTIMAL
MRNIP,INFEASIBLE,OPTIMAL,OPTIMAL,OPTIMAL
TBC1D9B,INFEASIBLE,INFEASIBLE,OPTIMAL,OPTIMAL
RNF130,INFEASIBLE,OPTIMAL,INFEASIBLE,INFEASIBLE
RASGEF1C,OPTIMAL,OPTIMAL,OPTIMAL,OPTIMAL
MAPK9,INFEASIBLE,OPTIMAL,INFEASIBLE,INFEASIBLE
GFPT2,INFEASIBLE,OPTIMAL,OPTIMAL,OPTIMAL
CNOT6,INFEASIBLE,OPTIMAL,OPTIMAL,OPTIMAL
FLT4,INFEASIBLE,INFEASIBLE,INFEASIBLE,OPTIMAL
MGAT1,INFEASIBLE,OPTIMAL,INFEASIBLE,OPTIMAL
ZFP62,INFEASIBLE,INFEASIBLE,INFEASIBLE,OPTIMAL
BTNL9,OPTIMAL,OPTIMAL,OPTIMAL,OPTIMAL
TRIM41,OPTIMAL,OPTIMAL,OPTIMAL,OPTIMAL
RACK1,INFEASIBLE,INFEASIBLE,OPTIMAL,OPTIMAL
TRIM52,INFEASIBLE,INFEASIBLE,OPTIMAL,OPTIMAL
DUSP22,INFEASIBLE,INFEASIBLE,OPTIMAL,OPTIMAL
EXOC2,INFEASIBLE,OPTIMAL,OPTIMAL,OPTIMAL
FOXF2,OPTIMAL,OPTIMAL,OPTIMAL,OPTIMAL
FOXC1,OPTIMAL,OPTIMAL,OPTIMAL,INFEASIBLE
GMDS,OPTIMAL,OPTIMAL,INFEASIBLE,OPTIMAL
WRNIP1,OPTIMAL,OPTIMAL,OPTIMAL,OPTIMAL
SERPINB1,INFEASIBLE,OPTIMAL,OPTIMAL,OPTIMAL
SERPINB6,INFEASIBLE,INFEASIBLE,OPTIMAL,OPTIMAL
NQO2,INFEASIBLE,INFEASIBLE,OPTIMAL,OPTIMAL
RIPK1,OPTIMAL,OPTIMAL,OPTIMAL,INFEASIBLE
BPHL,INFEASIBLE,INFEASIBLE,OPTIMAL,OPTIMAL
TUBB2A,INFEASIBLE,OPTIMAL,INFEASIBLE,OPTIMAL
TUBB2B,INFEASIBLE,OPTIMAL,OPTIMAL,OPTIMAL
PSMG4,INFEASIBLE,INFEASIBLE,OPTIMAL,OPTIMAL
SLC22A23,INFEASIBLE,OPTIMAL,INFEASIBLE,OPTIMAL
FAM50B,INFEASIBLE,INFEASIBLE,OPTIMAL,OPTIMAL
PRPF4B,INFEASIBLE,INFEASIBLE,INFEASIBLE,OPTIMAL
ECI2,INFEASIBLE,INFEASIBLE,OPTIMAL,OPTIMAL
CDYL,OPTIMAL,OPTIMAL,OPTIMAL,OPTIMAL
RPP40,INFEASIBLE,INFEASIBLE,OPTIMAL,INFEASIBLE
LYRM4,INFEASIBLE,INFEASIBLE,OPTIMAL,OPTIMAL
FARS2,OPTIMAL,OPTIMAL,INFEASIBLE,INFEASIBLE
NRN1,INFEASIBLE,OPTIMAL,OPTIMAL,OPTIMAL
RREB1,INFEASIBLE,OPTIMAL,INFEASIBLE,OPTIMAL
SSR1,INFEASIBLE,INFEASIBLE,INFEASIBLE,OPTIMAL
RIOK1,INFEASIBLE,INFEASIBLE,OPTIMAL,OPTIMAL
DSP,INFEASIBLE,INFEASIBLE,OPTIMAL,OPTIMAL
SNRNP48,INFEASIBLE,INFEASIBLE,OPTIMAL,OPTIMAL
BMP6,OPTIMAL,OPTIMAL,OPTIMAL,OPTIMAL
TXNDC5,INFEASIBLE,OPTIMAL,OPTIMAL,OPTIMAL
BLOC1S5,INFEASIBLE,INFEASIBLE,OPTIMAL,OPTIMAL
EEF1E1,INFEASIBLE,INFEASIBLE,OPTIMAL,OPTIMAL
SLC35B3,INFEASIBLE,INFEASIBLE,INFEASIBLE,OPTIMAL
TFAP2A,INFEASIBLE,OPTIMAL,OPTIMAL,INFEASIBLE
PAK1IP1,INFEASIBLE,INFEASIBLE,OPTIMAL,OPTIMAL
TMEM14C,INFEASIBLE,INFEASIBLE,INFEASIBLE,OPTIMAL
TMEM14B,INFEASIBLE,INFEASIBLE,INFEASIBLE,OPTIMAL
MAK,OPTIMAL,OPTIMAL,OPTIMAL,OPTIMAL
SYCP2L,INFEASIBLE,INFEASIBLE,INFEASIBLE,OPTIMAL
ELOVL2,INFEASIBLE,INFEASIBLE,INFEASIBLE,INFEASIBLE
SMIM13,INFEASIBLE,INFEASIBLE,OPTIMAL,OPTIMAL
TMEM170B,INFEASIBLE,OPTIMAL,INFEASIBLE,OPTIMAL
HIVEP1,OPTIMAL,OPTIMAL,OPTIMAL,OPTIMAL
PHACTR1,OPTIMAL,OPTIMAL,OPTIMAL,OPTIMAL
TBC1D7,OPTIMAL,OPTIMAL,OPTIMAL,OPTIMAL
GFOD1,OPTIMAL,OPTIMAL,OPTIMAL,OPTIMAL
SIRT5,INFEASIBLE,INFEASIBLE,OPTIMAL,OPTIMAL
NOL7,INFEASIBLE,INFEASIBLE,OPTIMAL,OPTIMAL
RANBP9,OPTIMAL,OPTIMAL,OPTIMAL,OPTIMAL
MCUR1,INFEASIBLE,OPTIMAL,OPTIMAL,OPTIMAL
JARID2,INFEASIBLE,OPTIMAL,INFEASIBLE,OPTIMAL
DTNBP1,OPTIMAL,OPTIMAL,INFEASIBLE,OPTIMAL
MYLIP,OPTIMAL,OPTIMAL,OPTIMAL,OPTIMAL
ATXN1,OPTIMAL,OPTIMAL,INFEASIBLE,INFEASIBLE
CAP2,OPTIMAL,OPTIMAL,OPTIMAL,OPTIMAL
FAM8A1,INFEASIBLE,OPTIMAL,INFEASIBLE,OPTIMAL
NUP153,INFEASIBLE,OPTIMAL,INFEASIBLE,INFEASIBLE
KIF13A,OPTIMAL,OPTIMAL,OPTIMAL,OPTIMAL
TPMT,INFEASIBLE,INFEASIBLE,OPTIMAL,OPTIMAL
KDM1B,INFEASIBLE,OPTIMAL,OPTIMAL,INFEASIBLE
DEK,INFEASIBLE,INFEASIBLE,OPTIMAL,OPTIMAL
ID4,INFEASIBLE,INFEASIBLE,OPTIMAL,OPTIMAL
MBOAT1,OPTIMAL,OPTIMAL,INFEASIBLE,OPTIMAL
E2F3,INFEASIBLE,OPTIMAL,INFEASIBLE,OPTIMAL
CDKAL1,OPTIMAL,OPTIMAL,INFEASIBLE,OPTIMAL
SOX4,INFEASIBLE,INFEASIBLE,OPTIMAL,INFEASIBLE
MRS2,INFEASIBLE,OPTIMAL,OPTIMAL,OPTIMAL
ALDH5A1,OPTIMAL,OPTIMAL,OPTIMAL,OPTIMAL
TDP2,INFEASIBLE,INFEASIBLE,INFEASIBLE,OPTIMAL
ACOT13,INFEASIBLE,INFEASIBLE,OPTIMAL,OPTIMAL
C6orf62,INFEASIBLE,INFEASIBLE,INFEASIBLE,OPTIMAL
GMNN,INFEASIBLE,INFEASIBLE,OPTIMAL,INFEASIBLE
RIPOR2,INFEASIBLE,OPTIMAL,INFEASIBLE,OPTIMAL
CARMIL1,INFEASIBLE,OPTIMAL,INFEASIBLE,INFEASIBLE
BTN3A2,OPTIMAL,OPTIMAL,OPTIMAL,OPTIMAL
BTN2A1,INFEASIBLE,INFEASIBLE,OPTIMAL,OPTIMAL
HMGN4,INFEASIBLE,INFEASIBLE,OPTIMAL,INFEASIBLE
ABT1,INFEASIBLE,INFEASIBLE,OPTIMAL,OPTIMAL
ZNF322,INFEASIBLE,INFEASIBLE,INFEASIBLE,OPTIMAL
ZNF391,INFEASIBLE,INFEASIBLE,OPTIMAL,OPTIMAL
ZKSCAN8,INFEASIBLE,OPTIMAL,OPTIMAL,INFEASIBLE
ZSCAN26,OPTIMAL,OPTIMAL,OPTIMAL,OPTIMAL
PGBD1,INFEASIBLE,INFEASIBLE,OPTIMAL,OPTIMAL
ZSCAN12,INFEASIBLE,INFEASIBLE,OPTIMAL,OPTIMAL
TRIM27,INFEASIBLE,INFEASIBLE,OPTIMAL,INFEASIBLE
GABBR1,OPTIMAL,OPTIMAL,INFEASIBLE,OPTIMAL
HLA-A,INFEASIBLE,INFEASIBLE,OPTIMAL,OPTIMAL
POLR1H,INFEASIBLE,INFEASIBLE,OPTIMAL,OPTIMAL
PPP1R11,INFEASIBLE,INFEASIBLE,OPTIMAL,INFEASIBLE
TRIM26,INFEASIBLE,OPTIMAL,INFEASIBLE,INFEASIBLE
RPP21,INFEASIBLE,INFEASIBLE,OPTIMAL,OPTIMAL
HLA-E,INFEASIBLE,INFEASIBLE,OPTIMAL,OPTIMAL
GNL1,INFEASIBLE,OPTIMAL,OPTIMAL,OPTIMAL
PRR3,INFEASIBLE,INFEASIBLE,INFEASIBLE,OPTIMAL
ABCF1,INFEASIBLE,INFEASIBLE,OPTIMAL,OPTIMAL
PPP1R10,INFEASIBLE,OPTIMAL,OPTIMAL,OPTIMAL
MRPS18B,INFEASIBLE,INFEASIBLE,OPTIMAL,OPTIMAL
ATAT1,OPTIMAL,OPTIMAL,OPTIMAL,OPTIMAL
C6orf136,INFEASIBLE,INFEASIBLE,OPTIMAL,OPTIMAL
DHX16,INFEASIBLE,INFEASIBLE,OPTIMAL,OPTIMAL
NRM,INFEASIBLE,OPTIMAL,OPTIMAL,OPTIMAL
MDC1,INFEASIBLE,INFEASIBLE,OPTIMAL,INFEASIBLE
TUBB,INFEASIBLE,INFEASIBLE,OPTIMAL,INFEASIBLE
FLOT1,INFEASIBLE,INFEASIBLE,OPTIMAL,OPTIMAL
GTF2H4,OPTIMAL,INFEASIBLE,OPTIMAL,OPTIMAL
VARS2,OPTIMAL,OPTIMAL,OPTIMAL,OPTIMAL
CCHCR1,INFEASIBLE,INFEASIBLE,OPTIMAL,OPTIMAL
TCF19,OPTIMAL,OPTIMAL,INFEASIBLE,OPTIMAL
HLA-C,INFEASIBLE,INFEASIBLE,OPTIMAL,OPTIMAL
HLA-B,INFEASIBLE,OPTIMAL,INFEASIBLE,OPTIMAL
MICA,OPTIMAL,OPTIMAL,OPTIMAL,OPTIMAL
DDX39B,INFEASIBLE,INFEASIBLE,OPTIMAL,OPTIMAL
NFKBIL1,INFEASIBLE,INFEASIBLE,OPTIMAL,OPTIMAL
PRRC2A,INFEASIBLE,OPTIMAL,OPTIMAL,OPTIMAL
BAG6,INFEASIBLE,OPTIMAL,OPTIMAL,OPTIMAL
C6orf47,INFEASIBLE,INFEASIBLE,OPTIMAL,OPTIMAL
GPANK1,INFEASIBLE,INFEASIBLE,OPTIMAL,OPTIMAL
CSNK2B,INFEASIBLE,INFEASIBLE,OPTIMAL,OPTIMAL
ABHD16A,INFEASIBLE,INFEASIBLE,OPTIMAL,OPTIMAL
DDAH2,INFEASIBLE,OPTIMAL,OPTIMAL,OPTIMAL
CLIC1,INFEASIBLE,INFEASIBLE,OPTIMAL,OPTIMAL
MSH5,INFEASIBLE,OPTIMAL,OPTIMAL,INFEASIBLE
VARS1,INFEASIBLE,INFEASIBLE,OPTIMAL,OPTIMAL
LSM2,INFEASIBLE,INFEASIBLE,OPTIMAL,OPTIMAL
HSPA1B,INFEASIBLE,OPTIMAL,OPTIMAL,OPTIMAL
NEU1,INFEASIBLE,OPTIMAL,OPTIMAL,OPTIMAL
EHMT2,INFEASIBLE,INFEASIBLE,OPTIMAL,OPTIMAL
C2,INFEASIBLE,INFEASIBLE,OPTIMAL,INFEASIBLE
NELFE,OPTIMAL,OPTIMAL,OPTIMAL,OPTIMAL
SKIC2,INFEASIBLE,INFEASIBLE,OPTIMAL,OPTIMAL
DXO,INFEASIBLE,INFEASIBLE,OPTIMAL,OPTIMAL
STK19,OPTIMAL,OPTIMAL,OPTIMAL,INFEASIBLE
ATF6B,INFEASIBLE,INFEASIBLE,OPTIMAL,OPTIMAL
FKBPL,INFEASIBLE,INFEASIBLE,OPTIMAL,OPTIMAL
PPT2,INFEASIBLE,INFEASIBLE,OPTIMAL,OPTIMAL
AGPAT1,INFEASIBLE,OPTIMAL,OPTIMAL,OPTIMAL
RNF5,INFEASIBLE,OPTIMAL,OPTIMAL,OPTIMAL
PBX2,INFEASIBLE,INFEASIBLE,OPTIMAL,OPTIMAL
HLA-DRB1,OPTIMAL,OPTIMAL,OPTIMAL,OPTIMAL
TAP2,OPTIMAL,OPTIMAL,OPTIMAL,OPTIMAL
BRD2,INFEASIBLE,OPTIMAL,INFEASIBLE,OPTIMAL
RXRB,OPTIMAL,OPTIMAL,OPTIMAL,OPTIMAL
SLC39A7,INFEASIBLE,INFEASIBLE,OPTIMAL,OPTIMAL
HSD17B8,INFEASIBLE,INFEASIBLE,OPTIMAL,OPTIMAL
RING1,INFEASIBLE,OPTIMAL,OPTIMAL,OPTIMAL
VPS52,INFEASIBLE,OPTIMAL,INFEASIBLE,OPTIMAL
RPS18,INFEASIBLE,INFEASIBLE,INFEASIBLE,INFEASIBLE
WDR46,OPTIMAL,OPTIMAL,OPTIMAL,OPTIMAL
PFDN6,INFEASIBLE,INFEASIBLE,OPTIMAL,OPTIMAL
TAPBP,INFEASIBLE,OPTIMAL,OPTIMAL,INFEASIBLE
DAXX,INFEASIBLE,OPTIMAL,OPTIMAL,OPTIMAL
KIFC1,INFEASIBLE,INFEASIBLE,OPTIMAL,OPTIMAL
CUTA,INFEASIBLE,INFEASIBLE,INFEASIBLE,OPTIMAL
BAK1,INFEASIBLE,INFEASIBLE,OPTIMAL,OPTIMAL
ITPR3,INFEASIBLE,INFEASIBLE,OPTIMAL,OPTIMAL
UQCC2,INFEASIBLE,INFEASIBLE,OPTIMAL,OPTIMAL
LEMD2,INFEASIBLE,INFEASIBLE,OPTIMAL,OPTIMAL
HMGA1,INFEASIBLE,INFEASIBLE,OPTIMAL,OPTIMAL
SMIM29,INFEASIBLE,INFEASIBLE,OPTIMAL,OPTIMAL
NUDT3,INFEASIBLE,OPTIMAL,INFEASIBLE,OPTIMAL
RPS10,INFEASIBLE,INFEASIBLE,INFEASIBLE,OPTIMAL
ILRUN,INFEASIBLE,OPTIMAL,INFEASIBLE,OPTIMAL
SNRPC,INFEASIBLE,INFEASIBLE,OPTIMAL,OPTIMAL
BLTP3A,INFEASIBLE,INFEASIBLE,OPTIMAL,INFEASIBLE
TAF11,INFEASIBLE,INFEASIBLE,OPTIMAL,OPTIMAL
ANKS1A,OPTIMAL,OPTIMAL,OPTIMAL,OPTIMAL
ZNF76,INFEASIBLE,INFEASIBLE,OPTIMAL,OPTIMAL
PPARD,OPTIMAL,OPTIMAL,OPTIMAL,INFEASIBLE
FANCE,OPTIMAL,OPTIMAL,OPTIMAL,OPTIMAL
RPL10A,INFEASIBLE,INFEASIBLE,INFEASIBLE,INFEASIBLE
TEAD3,INFEASIBLE,INFEASIBLE,OPTIMAL,OPTIMAL
FKBP5,INFEASIBLE,INFEASIBLE,INFEASIBLE,INFEASIBLE
LHFPL5,INFEASIBLE,INFEASIBLE,INFEASIBLE,INFEASIBLE
SRPK1,INFEASIBLE,INFEASIBLE,INFEASIBLE,INFEASIBLE
MAPK14,INFEASIBLE,INFEASIBLE,INFEASIBLE,INFEASIBLE
BRPF3,OPTIMAL,OPTIMAL,OPTIMAL,OPTIMAL
KCTD20,INFEASIBLE,OPTIMAL,INFEASIBLE,OPTIMAL
STK38,INFEASIBLE,INFEASIBLE,OPTIMAL,OPTIMAL
SRSF3,INFEASIBLE,INFEASIBLE,OPTIMAL,INFEASIBLE
CDKN1A,OPTIMAL,OPTIMAL,OPTIMAL,INFEASIBLE
PPIL1,INFEASIBLE,INFEASIBLE,OPTIMAL,OPTIMAL
C6orf89,INFEASIBLE,OPTIMAL,OPTIMAL,OPTIMAL
MTCH1,INFEASIBLE,INFEASIBLE,OPTIMAL,OPTIMAL
TBC1D22B,OPTIMAL,OPTIMAL,INFEASIBLE,OPTIMAL
RNF8,INFEASIBLE,INFEASIBLE,INFEASIBLE,OPTIMAL
CMTR1,INFEASIBLE,INFEASIBLE,INFEASIBLE,OPTIMAL
CCDC167,INFEASIBLE,INFEASIBLE,INFEASIBLE,INFEASIBLE
ZFAND3,INFEASIBLE,OPTIMAL,INFEASIBLE,INFEASIBLE
BTBD9,INFEASIBLE,OPTIMAL,INFEASIBLE,INFEASIBLE
GLO1,INFEASIBLE,INFEASIBLE,OPTIMAL,OPTIMAL
SAYSD1,INFEASIBLE,INFEASIBLE,OPTIMAL,OPTIMAL
DAAM2,OPTIMAL,OPTIMAL,OPTIMAL,OPTIMAL
OARD1,INFEASIBLE,INFEASIBLE,OPTIMAL,OPTIMAL
NFYA,OPTIMAL,OPTIMAL,OPTIMAL,OPTIMAL
FOXP4,OPTIMAL,OPTIMAL,OPTIMAL,OPTIMAL
TOMM6,INFEASIBLE,INFEASIBLE,OPTIMAL,OPTIMAL
USP49,OPTIMAL,OPTIMAL,INFEASIBLE,OPTIMAL
MED20,INFEASIBLE,INFEASIBLE,INFEASIBLE,OPTIMAL
BYSL,INFEASIBLE,INFEASIBLE,OPTIMAL,OPTIMAL
CCND3,OPTIMAL,OPTIMAL,OPTIMAL,OPTIMAL
TAF8,INFEASIBLE,INFEASIBLE,INFEASIBLE,OPTIMAL
MRPS10,INFEASIBLE,INFEASIBLE,INFEASIBLE,OPTIMAL
TRERF1,OPTIMAL,OPTIMAL,OPTIMAL,OPTIMAL
UBR2,INFEASIBLE,INFEASIBLE,INFEASIBLE,INFEASIBLE
TBCC,OPTIMAL,OPTIMAL,OPTIMAL,OPTIMAL
BICRAL,OPTIMAL,OPTIMAL,OPTIMAL,OPTIMAL
RPL7L1,INFEASIBLE,INFEASIBLE,INFEASIBLE,OPTIMAL
CNPY3,INFEASIBLE,INFEASIBLE,OPTIMAL,OPTIMAL
PEX6,INFEASIBLE,INFEASIBLE,OPTIMAL,OPTIMAL
PPP2R5D,INFEASIBLE,OPTIMAL,OPTIMAL,INFEASIBLE
MEA1,INFEASIBLE,INFEASIBLE,OPTIMAL,OPTIMAL
KLHDC3,INFEASIBLE,INFEASIBLE,INFEASIBLE,OPTIMAL
RRP36,INFEASIBLE,INFEASIBLE,OPTIMAL,OPTIMAL
KLC4,OPTIMAL,OPTIMAL,OPTIMAL,OPTIMAL
MRPL2,INFEASIBLE,INFEASIBLE,OPTIMAL,OPTIMAL
PTK7,INFEASIBLE,OPTIMAL,INFEASIBLE,OPTIMAL
SRF,OPTIMAL,OPTIMAL,OPTIMAL,OPTIMAL
DNPH1,INFEASIBLE,INFEASIBLE,OPTIMAL,OPTIMAL
ZNF318,INFEASIBLE,INFEASIBLE,OPTIMAL,INFEASIBLE
ABCC10,OPTIMAL,OPTIMAL,OPTIMAL,OPTIMAL
TJAP1,INFEASIBLE,OPTIMAL,OPTIMAL,INFEASIBLE
POLR1C,INFEASIBLE,INFEASIBLE,OPTIMAL,OPTIMAL
YIPF3,INFEASIBLE,INFEASIBLE,OPTIMAL,OPTIMAL
XPO5,INFEASIBLE,INFEASIBLE,OPTIMAL,INFEASIBLE
POLH,INFEASIBLE,INFEASIBLE,OPTIMAL,OPTIMAL
GTPBP2,INFEASIBLE,OPTIMAL,OPTIMAL,INFEASIBLE
MAD2L1BP,INFEASIBLE,INFEASIBLE,OPTIMAL,OPTIMAL
MRPS18A,INFEASIBLE,INFEASIBLE,OPTIMAL,OPTIMAL
VEGFA,INFEASIBLE,OPTIMAL,OPTIMAL,OPTIMAL
MRPL14,INFEASIBLE,INFEASIBLE,INFEASIBLE,OPTIMAL
TMEM63B,INFEASIBLE,INFEASIBLE,INFEASIBLE,INFEASIBLE
SLC29A1,INFEASIBLE,INFEASIBLE,OPTIMAL,OPTIMAL
HSP90AB1,INFEASIBLE,INFEASIBLE,OPTIMAL,OPTIMAL
SLC35B2,INFEASIBLE,INFEASIBLE,OPTIMAL,OPTIMAL
AARS2,INFEASIBLE,OPTIMAL,OPTIMAL,OPTIMAL
CDC5L,OPTIMAL,OPTIMAL,OPTIMAL,INFEASIBLE
SUPT3H,INFEASIBLE,INFEASIBLE,INFEASIBLE,OPTIMAL
RUNX2,OPTIMAL,OPTIMAL,OPTIMAL,OPTIMAL
CYP39A1,OPTIMAL,OPTIMAL,OPTIMAL,OPTIMAL
SLC25A27,INFEASIBLE,INFEASIBLE,OPTIMAL,OPTIMAL
TNFRSF21,OPTIMAL,OPTIMAL,OPTIMAL,OPTIMAL
CD2AP,INFEASIBLE,INFEASIBLE,OPTIMAL,INFEASIBLE
MMUT,INFEASIBLE,INFEASIBLE,OPTIMAL,OPTIMAL
CENPQ,INFEASIBLE,INFEASIBLE,OPTIMAL,INFEASIBLE
MCM3,INFEASIBLE,OPTIMAL,OPTIMAL,OPTIMAL
PAQR8,INFEASIBLE,OPTIMAL,INFEASIBLE,OPTIMAL
EFHC1,INFEASIBLE,INFEASIBLE,OPTIMAL,OPTIMAL
TRAM2,INFEASIBLE,INFEASIBLE,INFEASIBLE,OPTIMAL
TMEM14A,INFEASIBLE,INFEASIBLE,OPTIMAL,OPTIMAL
GSTA4,INFEASIBLE,INFEASIBLE,OPTIMAL,OPTIMAL
CILK1,INFEASIBLE,OPTIMAL,OPTIMAL,OPTIMAL
FBXO9,INFEASIBLE,OPTIMAL,INFEASIBLE,OPTIMAL
ELOVL5,INFEASIBLE,OPTIMAL,OPTIMAL,INFEASIBLE
GCLC,OPTIMAL,OPTIMAL,OPTIMAL,OPTIMAL
LRRC1,INFEASIBLE,OPTIMAL,OPTIMAL,OPTIMAL
DST,OPTIMAL,OPTIMAL,OPTIMAL,OPTIMAL
KIAA1586,INFEASIBLE,INFEASIBLE,INFEASIBLE,OPTIMAL
ZNF451,INFEASIBLE,OPTIMAL,INFEASIBLE,INFEASIBLE
BAG2,OPTIMAL,OPTIMAL,OPTIMAL,OPTIMAL
RAB23,INFEASIBLE,INFEASIBLE,OPTIMAL,OPTIMAL
PRIM2,INFEASIBLE,OPTIMAL,INFEASIBLE,INFEASIBLE
PHF3,INFEASIBLE,INFEASIBLE,OPTIMAL,INFEASIBLE
EYS,OPTIMAL,OPTIMAL,OPTIMAL,OPTIMAL
ADGRB3,OPTIMAL,OPTIMAL,OPTIMAL,OPTIMAL
LMBRD1,INFEASIBLE,INFEASIBLE,INFEASIBLE,OPTIMAL
COL19A1,OPTIMAL,OPTIMAL,OPTIMAL,OPTIMAL
FAM135A,INFEASIBLE,INFEASIBLE,INFEASIBLE,INFEASIBLE
SDHAF4,INFEASIBLE,OPTIMAL,INFEASIBLE,OPTIMAL
SMAP1,INFEASIBLE,OPTIMAL,OPTIMAL,OPTIMAL
B3GAT2,OPTIMAL,OPTIMAL,OPTIMAL,OPTIMAL
OGFRL1,INFEASIBLE,INFEASIBLE,OPTIMAL,OPTIMAL
KCNQ5,OPTIMAL,OPTIMAL,INFEASIBLE,OPTIMAL
KHDC1,INFEASIBLE,OPTIMAL,OPTIMAL,OPTIMAL
OOEP,INFEASIBLE,OPTIMAL,OPTIMAL,OPTIMAL
MTO1,INFEASIBLE,OPTIMAL,INFEASIBLE,OPTIMAL
EEF1A1,INFEASIBLE,INFEASIBLE,INFEASIBLE,OPTIMAL
SLC17A5,INFEASIBLE,INFEASIBLE,INFEASIBLE,OPTIMAL
COX7A2,INFEASIBLE,INFEASIBLE,INFEASIBLE,OPTIMAL
TMEM30A,INFEASIBLE,OPTIMAL,OPTIMAL,OPTIMAL
SENP6,OPTIMAL,OPTIMAL,OPTIMAL,OPTIMAL
MYO6,OPTIMAL,OPTIMAL,INFEASIBLE,INFEASIBLE
IRAK1BP1,OPTIMAL,OPTIMAL,INFEASIBLE,OPTIMAL
PHIP,INFEASIBLE,OPTIMAL,OPTIMAL,OPTIMAL
HMGN3,INFEASIBLE,INFEASIBLE,INFEASIBLE,OPTIMAL
LCA5,INFEASIBLE,INFEASIBLE,OPTIMAL,INFEASIBLE
SH3BGRL2,INFEASIBLE,INFEASIBLE,OPTIMAL,OPTIMAL
ELOVL4,INFEASIBLE,OPTIMAL,OPTIMAL,INFEASIBLE
TTK,INFEASIBLE,INFEASIBLE,INFEASIBLE,OPTIMAL
BCKDHB,OPTIMAL,OPTIMAL,OPTIMAL,INFEASIBLE
TENT5A,INFEASIBLE,INFEASIBLE,INFEASIBLE,OPTIMAL
IBTK,INFEASIBLE,INFEASIBLE,OPTIMAL,OPTIMAL
TPBG,INFEASIBLE,INFEASIBLE,OPTIMAL,OPTIMAL
UBE3D,INFEASIBLE,INFEASIBLE,INFEASIBLE,INFEASIBLE
DOP1A,INFEASIBLE,INFEASIBLE,INFEASIBLE,OPTIMAL
PGM3,INFEASIBLE,INFEASIBLE,OPTIMAL,OPTIMAL
ME1,OPTIMAL,OPTIMAL,OPTIMAL,OPTIMAL
CYB5R4,INFEASIBLE,INFEASIBLE,OPTIMAL,OPTIMAL
CEP162,INFEASIBLE,INFEASIBLE,INFEASIBLE,OPTIMAL
TBX18,INFEASIBLE,INFEASIBLE,OPTIMAL,OPTIMAL
SNX14,INFEASIBLE,INFEASIBLE,INFEASIBLE,INFEASIBLE
SYNCRIP,INFEASIBLE,INFEASIBLE,OPTIMAL,INFEASIBLE
ZNF292,INFEASIBLE,INFEASIBLE,INFEASIBLE,OPTIMAL
SMIM8,INFEASIBLE,INFEASIBLE,OPTIMAL,OPTIMAL
SLC35A1,INFEASIBLE,INFEASIBLE,INFEASIBLE,OPTIMAL
RARS2,INFEASIBLE,INFEASIBLE,OPTIMAL,OPTIMAL
ORC3,INFEASIBLE,INFEASIBLE,OPTIMAL,OPTIMAL
AKIRIN2,INFEASIBLE,INFEASIBLE,OPTIMAL,OPTIMAL
RNGTT,OPTIMAL,OPTIMAL,INFEASIBLE,INFEASIBLE
PNRC1,INFEASIBLE,INFEASIBLE,OPTIMAL,OPTIMAL
SRSF12,INFEASIBLE,OPTIMAL,INFEASIBLE,OPTIMAL
PM20D2,INFEASIBLE,OPTIMAL,OPTIMAL,OPTIMAL
UBE2J1,INFEASIBLE,OPTIMAL,OPTIMAL,OPTIMAL
RRAGD,OPTIMAL,OPTIMAL,OPTIMAL,OPTIMAL
ANKRD6,INFEASIBLE,INFEASIBLE,OPTIMAL,OPTIMAL
LYRM2,INFEASIBLE,OPTIMAL,OPTIMAL,INFEASIBLE
MDN1,INFEASIBLE,INFEASIBLE,INFEASIBLE,OPTIMAL
CASP8AP2,INFEASIBLE,INFEASIBLE,INFEASIBLE,OPTIMAL
BACH2,INFEASIBLE,OPTIMAL,OPTIMAL,OPTIMAL
MAP3K7,INFEASIBLE,OPTIMAL,INFEASIBLE,INFEASIBLE
EPHA7,INFEASIBLE,OPTIMAL,OPTIMAL,OPTIMAL
MANEA,OPTIMAL,OPTIMAL,OPTIMAL,INFEASIBLE
UFL1,INFEASIBLE,INFEASIBLE,OPTIMAL,OPTIMAL
GPR63,INFEASIBLE,INFEASIBLE,INFEASIBLE,OPTIMAL
NDUFAF4,INFEASIBLE,INFEASIBLE,OPTIMAL,OPTIMAL
MMS22L,INFEASIBLE,INFEASIBLE,INFEASIBLE,INFEASIBLE
POU3F2,OPTIMAL,OPTIMAL,OPTIMAL,INFEASIBLE
FBXL4,INFEASIBLE,INFEASIBLE,OPTIMAL,INFEASIBLE
FAXC,INFEASIBLE,OPTIMAL,OPTIMAL,OPTIMAL
COQ3,INFEASIBLE,INFEASIBLE,OPTIMAL,OPTIMAL
PNISR,INFEASIBLE,INFEASIBLE,INFEASIBLE,INFEASIBLE
USP45,OPTIMAL,OPTIMAL,OPTIMAL,INFEASIBLE
TSTD3,INFEASIBLE,INFEASIBLE,INFEASIBLE,OPTIMAL
CCNC,INFEASIBLE,INFEASIBLE,OPTIMAL,OPTIMAL
ASCC3,INFEASIBLE,INFEASIBLE,INFEASIBLE,INFEASIBLE
HACE1,OPTIMAL,OPTIMAL,OPTIMAL,OPTIMAL
LIN28B,INFEASIBLE,OPTIMAL,OPTIMAL,INFEASIBLE
POPDC3,OPTIMAL,OPTIMAL,OPTIMAL,OPTIMAL
PREP,OPTIMAL,OPTIMAL,OPTIMAL,INFEASIBLE
ATG5,INFEASIBLE,OPTIMAL,INFEASIBLE,OPTIMAL
RTN4IP1,OPTIMAL,OPTIMAL,OPTIMAL,OPTIMAL
QRSL1,OPTIMAL,OPTIMAL,OPTIMAL,OPTIMAL
MTRES1,INFEASIBLE,OPTIMAL,INFEASIBLE,OPTIMAL
BEND3,INFEASIBLE,OPTIMAL,OPTIMAL,INFEASIBLE
PDSS2,INFEASIBLE,OPTIMAL,INFEASIBLE,INFEASIBLE
SOBP,OPTIMAL,OPTIMAL,OPTIMAL,OPTIMAL
SEC63,INFEASIBLE,INFEASIBLE,INFEASIBLE,INFEASIBLE
OSTM1,OPTIMAL,OPTIMAL,OPTIMAL,OPTIMAL
SNX3,INFEASIBLE,OPTIMAL,OPTIMAL,OPTIMAL
AFG1L,INFEASIBLE,OPTIMAL,OPTIMAL,OPTIMAL
FOXO3,INFEASIBLE,INFEASIBLE,OPTIMAL,INFEASIBLE
ARMC2,INFEASIBLE,INFEASIBLE,OPTIMAL,OPTIMAL
SESN1,OPTIMAL,OPTIMAL,OPTIMAL,INFEASIBLE
CEP57L1,INFEASIBLE,INFEASIBLE,OPTIMAL,OPTIMAL
CD164,INFEASIBLE,INFEASIBLE,INFEASIBLE,INFEASIBLE
PPIL6,INFEASIBLE,INFEASIBLE,OPTIMAL,OPTIMAL
ZBTB24,INFEASIBLE,INFEASIBLE,OPTIMAL,OPTIMAL
FIG4,OPTIMAL,OPTIMAL,OPTIMAL,OPTIMAL
WASF1,INFEASIBLE,OPTIMAL,INFEASIBLE,OPTIMAL
CDC40,INFEASIBLE,INFEASIBLE,OPTIMAL,OPTIMAL
SLC22A16,INFEASIBLE,OPTIMAL,OPTIMAL,OPTIMAL
CDK19,OPTIMAL,OPTIMAL,OPTIMAL,INFEASIBLE
AMD1,INFEASIBLE,INFEASIBLE,INFEASIBLE,INFEASIBLE
GTF3C6,INFEASIBLE,INFEASIBLE,OPTIMAL,OPTIMAL
RPF2,INFEASIBLE,INFEASIBLE,OPTIMAL,OPTIMAL
SLC16A10,INFEASIBLE,OPTIMAL,INFEASIBLE,INFEASIBLE
MFSD4B,OPTIMAL,OPTIMAL,INFEASIBLE,INFEASIBLE
REV3L,OPTIMAL,OPTIMAL,INFEASIBLE,INFEASIBLE
TRAF3IP2,INFEASIBLE,INFEASIBLE,OPTIMAL,OPTIMAL
FYN,OPTIMAL,OPTIMAL,OPTIMAL,OPTIMAL
TUBE1,INFEASIBLE,OPTIMAL,OPTIMAL,INFEASIBLE
FAM229B,OPTIMAL,OPTIMAL,OPTIMAL,OPTIMAL
LAMA4,OPTIMAL,OPTIMAL,INFEASIBLE,OPTIMAL
MARCKS,INFEASIBLE,INFEASIBLE,OPTIMAL,OPTIMAL
HDAC2,INFEASIBLE,INFEASIBLE,OPTIMAL,OPTIMAL
NT5DC1,INFEASIBLE,INFEASIBLE,OPTIMAL,OPTIMAL
TSPYL4,INFEASIBLE,INFEASIBLE,OPTIMAL,OPTIMAL
DSE,INFEASIBLE,INFEASIBLE,OPTIMAL,OPTIMAL
TSPYL1,INFEASIBLE,INFEASIBLE,OPTIMAL,OPTIMAL
RWDD1,INFEASIBLE,INFEASIBLE,INFEASIBLE,INFEASIBLE
ZUP1,INFEASIBLE,OPTIMAL,OPTIMAL,OPTIMAL
KPNA5,INFEASIBLE,INFEASIBLE,OPTIMAL,OPTIMAL
DCBLD1,INFEASIBLE,INFEASIBLE,OPTIMAL,OPTIMAL
GOPC,INFEASIBLE,INFEASIBLE,OPTIMAL,OPTIMAL
NUS1,INFEASIBLE,INFEASIBLE,OPTIMAL,OPTIMAL
SLC35F1,INFEASIBLE,INFEASIBLE,INFEASIBLE,OPTIMAL
CEP85L,INFEASIBLE,INFEASIBLE,OPTIMAL,OPTIMAL
MCM9,OPTIMAL,OPTIMAL,OPTIMAL,OPTIMAL
ASF1A,INFEASIBLE,INFEASIBLE,OPTIMAL,OPTIMAL
FAM184A,INFEASIBLE,OPTIMAL,INFEASIBLE,INFEASIBLE
MAN1A1,INFEASIBLE,OPTIMAL,OPTIMAL,INFEASIBLE
TBC1D32,INFEASIBLE,OPTIMAL,INFEASIBLE,INFEASIBLE
GJA1,INFEASIBLE,INFEASIBLE,INFEASIBLE,OPTIMAL
HSF2,INFEASIBLE,OPTIMAL,OPTIMAL,OPTIMAL
SERINC1,INFEASIBLE,INFEASIBLE,OPTIMAL,OPTIMAL
PKIB,INFEASIBLE,INFEASIBLE,OPTIMAL,INFEASIBLE
NKAIN2,OPTIMAL,OPTIMAL,INFEASIBLE,OPTIMAL
RNF217,INFEASIBLE,INFEASIBLE,OPTIMAL,OPTIMAL
TPD52L1,INFEASIBLE,INFEASIBLE,OPTIMAL,OPTIMAL
HDDC2,INFEASIBLE,INFEASIBLE,OPTIMAL,OPTIMAL
HEY2,INFEASIBLE,INFEASIBLE,INFEASIBLE,OPTIMAL
NCOA7,INFEASIBLE,INFEASIBLE,OPTIMAL,OPTIMAL
HINT3,INFEASIBLE,INFEASIBLE,OPTIMAL,OPTIMAL
TRMT11,INFEASIBLE,INFEASIBLE,INFEASIBLE,INFEASIBLE
CENPW,INFEASIBLE,INFEASIBLE,OPTIMAL,OPTIMAL
RNF146,INFEASIBLE,INFEASIBLE,OPTIMAL,OPTIMAL
ECHDC1,INFEASIBLE,INFEASIBLE,OPTIMAL,OPTIMAL
PTPRK,OPTIMAL,OPTIMAL,INFEASIBLE,OPTIMAL
LAMA2,INFEASIBLE,OPTIMAL,OPTIMAL,OPTIMAL
ARHGAP18,OPTIMAL,OPTIMAL,OPTIMAL,OPTIMAL
L3MBTL3,OPTIMAL,OPTIMAL,OPTIMAL,OPTIMAL
EPB41L2,INFEASIBLE,INFEASIBLE,INFEASIBLE,OPTIMAL
AKAP7,OPTIMAL,OPTIMAL,OPTIMAL,OPTIMAL
MED23,INFEASIBLE,OPTIMAL,OPTIMAL,INFEASIBLE
ENPP1,INFEASIBLE,INFEASIBLE,OPTIMAL,INFEASIBLE
MOXD1,OPTIMAL,OPTIMAL,OPTIMAL,OPTIMAL
STX7,INFEASIBLE,INFEASIBLE,OPTIMAL,OPTIMAL
SLC18B1,INFEASIBLE,INFEASIBLE,INFEASIBLE,OPTIMAL
RPS12,INFEASIBLE,INFEASIBLE,INFEASIBLE,OPTIMAL
EYA4,OPTIMAL,OPTIMAL,INFEASIBLE,INFEASIBLE
TBPL1,INFEASIBLE,INFEASIBLE,INFEASIBLE,OPTIMAL
HBS1L,INFEASIBLE,INFEASIBLE,INFEASIBLE,OPTIMAL
AHI1,INFEASIBLE,INFEASIBLE,OPTIMAL,INFEASIBLE
MTFR2,INFEASIBLE,INFEASIBLE,OPTIMAL,OPTIMAL
BCLAF1,INFEASIBLE,INFEASIBLE,OPTIMAL,OPTIMAL
MAP7,INFEASIBLE,INFEASIBLE,INFEASIBLE,INFEASIBLE
MAP3K5,INFEASIBLE,OPTIMAL,INFEASIBLE,OPTIMAL
PEX7,INFEASIBLE,INFEASIBLE,OPTIMAL,INFEASIBLE
IFNGR1,INFEASIBLE,INFEASIBLE,INFEASIBLE,OPTIMAL
PERP,INFEASIBLE,INFEASIBLE,INFEASIBLE,INFEASIBLE
ARFGEF3,OPTIMAL,OPTIMAL,OPTIMAL,OPTIMAL
HEBP2,INFEASIBLE,INFEASIBLE,OPTIMAL,OPTIMAL
NHSL1,INFEASIBLE,OPTIMAL,INFEASIBLE,INFEASIBLE
CCDC28A,INFEASIBLE,INFEASIBLE,OPTIMAL,INFEASIBLE
REPS1,OPTIMAL,OPTIMAL,OPTIMAL,OPTIMAL
ABRACL,INFEASIBLE,INFEASIBLE,OPTIMAL,OPTIMAL
HECA,OPTIMAL,OPTIMAL,INFEASIBLE,OPTIMAL
CITED2,OPTIMAL,OPTIMAL,OPTIMAL,OPTIMAL
VTA1,INFEASIBLE,INFEASIBLE,OPTIMAL,OPTIMAL
HIVEP2,INFEASIBLE,INFEASIBLE,OPTIMAL,OPTIMAL
AIG1,INFEASIBLE,INFEASIBLE,INFEASIBLE,OPTIMAL
ADAT2,INFEASIBLE,INFEASIBLE,INFEASIBLE,OPTIMAL
PEX3,INFEASIBLE,INFEASIBLE,OPTIMAL,OPTIMAL
FUCA2,INFEASIBLE,INFEASIBLE,OPTIMAL,OPTIMAL
PHACTR2,OPTIMAL,OPTIMAL,OPTIMAL,INFEASIBLE
LTV1,INFEASIBLE,INFEASIBLE,OPTIMAL,OPTIMAL
PLAGL1,INFEASIBLE,INFEASIBLE,OPTIMAL,INFEASIBLE
SF3B5,INFEASIBLE,INFEASIBLE,OPTIMAL,OPTIMAL
UTRN,INFEASIBLE,INFEASIBLE,INFEASIBLE,INFEASIBLE
EPM2A,OPTIMAL,OPTIMAL,INFEASIBLE,OPTIMAL
FBXO30,INFEASIBLE,INFEASIBLE,OPTIMAL,OPTIMAL
SHPRH,INFEASIBLE,INFEASIBLE,OPTIMAL,OPTIMAL
RAB32,OPTIMAL,OPTIMAL,OPTIMAL,OPTIMAL
STXBP5,INFEASIBLE,INFEASIBLE,INFEASIBLE,INFEASIBLE
SAMD5,OPTIMAL,OPTIMAL,OPTIMAL,INFEASIBLE
SASH1,INFEASIBLE,OPTIMAL,INFEASIBLE,INFEASIBLE
UST,INFEASIBLE,OPTIMAL,OPTIMAL,OPTIMAL
TAB2,OPTIMAL,OPTIMAL,INFEASIBLE,OPTIMAL
PPIL4,INFEASIBLE,INFEASIBLE,OPTIMAL,OPTIMAL
GINM1,INFEASIBLE,INFEASIBLE,INFEASIBLE,OPTIMAL
KATNA1,INFEASIBLE,INFEASIBLE,INFEASIBLE,OPTIMAL
LATS1,OPTIMAL,OPTIMAL,OPTIMAL,OPTIMAL
NUP43,INFEASIBLE,INFEASIBLE,OPTIMAL,OPTIMAL
PCMT1,OPTIMAL,OPTIMAL,OPTIMAL,OPTIMAL
LRP11,INFEASIBLE,OPTIMAL,OPTIMAL,OPTIMAL
ULBP3,INFEASIBLE,INFEASIBLE,INFEASIBLE,OPTIMAL
PPP1R14C,INFEASIBLE,INFEASIBLE,INFEASIBLE,OPTIMAL
PLEKHG1,OPTIMAL,OPTIMAL,OPTIMAL,OPTIMAL
MTHFD1L,INFEASIBLE,OPTIMAL,OPTIMAL,OPTIMAL
AKAP12,OPTIMAL,OPTIMAL,INFEASIBLE,INFEASIBLE
ZBTB2,INFEASIBLE,INFEASIBLE,OPTIMAL,OPTIMAL
RMND1,INFEASIBLE,INFEASIBLE,INFEASIBLE,INFEASIBLE
ARMT1,INFEASIBLE,OPTIMAL,OPTIMAL,OPTIMAL
SYNE1,INFEASIBLE,OPTIMAL,OPTIMAL,OPTIMAL
FBXO5,INFEASIBLE,OPTIMAL,OPTIMAL,INFEASIBLE
MTRF1L,INFEASIBLE,OPTIMAL,OPTIMAL,OPTIMAL
RGS17,OPTIMAL,OPTIMAL,INFEASIBLE,INFEASIBLE
CNKSR3,INFEASIBLE,INFEASIBLE,INFEASIBLE,OPTIMAL
SCAF8,INFEASIBLE,INFEASIBLE,OPTIMAL,OPTIMAL
TIAM2,OPTIMAL,OPTIMAL,OPTIMAL,OPTIMAL
TFB1M,INFEASIBLE,INFEASIBLE,OPTIMAL,OPTIMAL
ARID1B,OPTIMAL,OPTIMAL,INFEASIBLE,INFEASIBLE
TMEM242,INFEASIBLE,OPTIMAL,INFEASIBLE,OPTIMAL
ZDHHC14,OPTIMAL,OPTIMAL,INFEASIBLE,OPTIMAL
SNX9,INFEASIBLE,OPTIMAL,OPTIMAL,INFEASIBLE
SYNJ2,OPTIMAL,OPTIMAL,OPTIMAL,INFEASIBLE
SERAC1,OPTIMAL,OPTIMAL,OPTIMAL,OPTIMAL
GTF2H5,INFEASIBLE,INFEASIBLE,OPTIMAL,OPTIMAL
TULP4,INFEASIBLE,INFEASIBLE,INFEASIBLE,INFEASIBLE
TMEM181,INFEASIBLE,INFEASIBLE,INFEASIBLE,OPTIMAL
DYNLT1,INFEASIBLE,INFEASIBLE,OPTIMAL,OPTIMAL
SYTL3,INFEASIBLE,OPTIMAL,OPTIMAL,OPTIMAL
EZR,INFEASIBLE,OPTIMAL,OPTIMAL,OPTIMAL
RSPH3,INFEASIBLE,INFEASIBLE,INFEASIBLE,OPTIMAL
SOD2,OPTIMAL,OPTIMAL,OPTIMAL,OPTIMAL
WTAP,INFEASIBLE,INFEASIBLE,INFEASIBLE,INFEASIBLE
ACAT2,INFEASIBLE,INFEASIBLE,OPTIMAL,OPTIMAL
TCP1,INFEASIBLE,INFEASIBLE,INFEASIBLE,OPTIMAL
MRPL18,INFEASIBLE,INFEASIBLE,OPTIMAL,OPTIMAL
IGF2R,INFEASIBLE,INFEASIBLE,OPTIMAL,OPTIMAL
MAP3K4,INFEASIBLE,INFEASIBLE,OPTIMAL,INFEASIBLE
AGPAT4,INFEASIBLE,OPTIMAL,OPTIMAL,OPTIMAL
PRKN,OPTIMAL,OPTIMAL,INFEASIBLE,OPTIMAL
QKI,OPTIMAL,OPTIMAL,INFEASIBLE,INFEASIBLE
PDE10A,OPTIMAL,OPTIMAL,OPTIMAL,INFEASIBLE
SFT2D1,INFEASIBLE,INFEASIBLE,OPTIMAL,INFEASIBLE
MPC1,INFEASIBLE,INFEASIBLE,OPTIMAL,OPTIMAL
RPS6KA2,OPTIMAL,OPTIMAL,INFEASIBLE,INFEASIBLE
RNASET2,INFEASIBLE,INFEASIBLE,OPTIMAL,OPTIMAL
CEP43,OPTIMAL,OPTIMAL,OPTIMAL,OPTIMAL
AFDN,INFEASIBLE,OPTIMAL,INFEASIBLE,OPTIMAL
WDR27,INFEASIBLE,INFEASIBLE,INFEASIBLE,OPTIMAL
C6orf120,INFEASIBLE,INFEASIBLE,OPTIMAL,OPTIMAL
PHF10,OPTIMAL,OPTIMAL,OPTIMAL,OPTIMAL
ERMARD,OPTIMAL,OPTIMAL,OPTIMAL,OPTIMAL
FAM120B,INFEASIBLE,OPTIMAL,INFEASIBLE,OPTIMAL
PSMB1,INFEASIBLE,INFEASIBLE,OPTIMAL,OPTIMAL
TBP,INFEASIBLE,OPTIMAL,OPTIMAL,OPTIMAL
PDCD2,INFEASIBLE,INFEASIBLE,OPTIMAL,OPTIMAL
PRKAR1B,OPTIMAL,OPTIMAL,INFEASIBLE,OPTIMAL
DNAAF5,INFEASIBLE,OPTIMAL,INFEASIBLE,OPTIMAL
SUN1,INFEASIBLE,INFEASIBLE,OPTIMAL,OPTIMAL
COX19,INFEASIBLE,INFEASIBLE,OPTIMAL,OPTIMAL
C7orf50,INFEASIBLE,INFEASIBLE,OPTIMAL,OPTIMAL
ZFAND2A,INFEASIBLE,INFEASIBLE,OPTIMAL,OPTIMAL
INTS1,INFEASIBLE,OPTIMAL,OPTIMAL,OPTIMAL
PSMG3,INFEASIBLE,INFEASIBLE,INFEASIBLE,OPTIMAL
MAD1L1,OPTIMAL,OPTIMAL,OPTIMAL,OPTIMAL
MRM2,INFEASIBLE,INFEASIBLE,INFEASIBLE,OPTIMAL
NUDT1,INFEASIBLE,INFEASIBLE,OPTIMAL,OPTIMAL
SNX8,INFEASIBLE,OPTIMAL,OPTIMAL,INFEASIBLE
EIF3B,INFEASIBLE,INFEASIBLE,OPTIMAL,OPTIMAL
CHST12,OPTIMAL,OPTIMAL,OPTIMAL,OPTIMAL
BRAT1,INFEASIBLE,INFEASIBLE,OPTIMAL,OPTIMAL
IQCE,OPTIMAL,OPTIMAL,OPTIMAL,OPTIMAL
TTYH3,INFEASIBLE,OPTIMAL,OPTIMAL,OPTIMAL
GNA12,INFEASIBLE,INFEASIBLE,INFEASIBLE,INFEASIBLE
SDK1,OPTIMAL,OPTIMAL,INFEASIBLE,INFEASIBLE
FOXK1,OPTIMAL,OPTIMAL,OPTIMAL,OPTIMAL
AP5Z1,OPTIMAL,INFEASIBLE,OPTIMAL,OPTIMAL
RADIL,INFEASIBLE,INFEASIBLE,OPTIMAL,OPTIMAL
RBAK,INFEASIBLE,INFEASIBLE,OPTIMAL,OPTIMAL
WIPI2,OPTIMAL,OPTIMAL,OPTIMAL,OPTIMAL
SLC29A4,OPTIMAL,OPTIMAL,OPTIMAL,OPTIMAL
TNRC18,OPTIMAL,OPTIMAL,OPTIMAL,OPTIMAL
FBXL18,OPTIMAL,OPTIMAL,OPTIMAL,OPTIMAL
ACTB,INFEASIBLE,INFEASIBLE,INFEASIBLE,OPTIMAL
FSCN1,INFEASIBLE,INFEASIBLE,OPTIMAL,OPTIMAL
RNF216,OPTIMAL,OPTIMAL,OPTIMAL,OPTIMAL
CCZ1,INFEASIBLE,INFEASIBLE,INFEASIBLE,OPTIMAL
PMS2,OPTIMAL,INFEASIBLE,OPTIMAL,OPTIMAL
AIMP2,INFEASIBLE,INFEASIBLE,OPTIMAL,OPTIMAL
EIF2AK1,INFEASIBLE,INFEASIBLE,INFEASIBLE,INFEASIBLE
USP42,OPTIMAL,OPTIMAL,OPTIMAL,OPTIMAL
CYTH3,OPTIMAL,OPTIMAL,OPTIMAL,OPTIMAL
RAC1,INFEASIBLE,INFEASIBLE,INFEASIBLE,OPTIMAL
DAGLB,INFEASIBLE,INFEASIBLE,INFEASIBLE,OPTIMAL
KDELR2,INFEASIBLE,INFEASIBLE,OPTIMAL,OPTIMAL
ZDHHC4,INFEASIBLE,INFEASIBLE,OPTIMAL,OPTIMAL
INTS15,INFEASIBLE,OPTIMAL,OPTIMAL,OPTIMAL
ZNF316,INFEASIBLE,OPTIMAL,OPTIMAL,OPTIMAL
ZNF12,INFEASIBLE,INFEASIBLE,OPTIMAL,OPTIMAL
CCZ1B,INFEASIBLE,INFEASIBLE,OPTIMAL,OPTIMAL
C1GALT1,INFEASIBLE,INFEASIBLE,OPTIMAL,OPTIMAL
MIOS,INFEASIBLE,INFEASIBLE,OPTIMAL,OPTIMAL
RPA3,INFEASIBLE,INFEASIBLE,INFEASIBLE,OPTIMAL
UMAD1,INFEASIBLE,INFEASIBLE,INFEASIBLE,OPTIMAL
GLCCI1,INFEASIBLE,OPTIMAL,INFEASIBLE,INFEASIBLE
NXPH1,INFEASIBLE,OPTIMAL,OPTIMAL,OPTIMAL
NDUFA4,INFEASIBLE,INFEASIBLE,OPTIMAL,OPTIMAL
PHF14,INFEASIBLE,INFEASIBLE,INFEASIBLE,OPTIMAL
TMEM106B,OPTIMAL,OPTIMAL,INFEASIBLE,OPTIMAL
VWDE,INFEASIBLE,INFEASIBLE,OPTIMAL,INFEASIBLE
ARL4A,INFEASIBLE,OPTIMAL,OPTIMAL,OPTIMAL
DGKB,INFEASIBLE,OPTIMAL,INFEASIBLE,OPTIMAL
CRPPA,OPTIMAL,OPTIMAL,INFEASIBLE,OPTIMAL
ANKMY2,INFEASIBLE,INFEASIBLE,OPTIMAL,OPTIMAL
BZW2,INFEASIBLE,OPTIMAL,INFEASIBLE,OPTIMAL
TSPAN13,INFEASIBLE,OPTIMAL,OPTIMAL,OPTIMAL
AHR,INFEASIBLE,OPTIMAL,OPTIMAL,OPTIMAL
SNX13,INFEASIBLE,INFEASIBLE,OPTIMAL,OPTIMAL
HDAC9,OPTIMAL,OPTIMAL,OPTIMAL,OPTIMAL
TWIST1,OPTIMAL,OPTIMAL,OPTIMAL,OPTIMAL
POLR1F,INFEASIBLE,INFEASIBLE,INFEASIBLE,OPTIMAL
SP4,INFEASIBLE,OPTIMAL,INFEASIBLE,OPTIMAL
DNAH11,INFEASIBLE,INFEASIBLE,INFEASIBLE,OPTIMAL
CDCA7L,OPTIMAL,OPTIMAL,INFEASIBLE,INFEASIBLE
RAPGEF5,INFEASIBLE,OPTIMAL,INFEASIBLE,OPTIMAL
STEAP1B,INFEASIBLE,OPTIMAL,OPTIMAL,OPTIMAL
TOMM7,INFEASIBLE,INFEASIBLE,INFEASIBLE,INFEASIBLE
HYCC1,OPTIMAL,OPTIMAL,OPTIMAL,OPTIMAL
KLHL7,OPTIMAL,OPTIMAL,OPTIMAL,OPTIMAL
NUP42,INFEASIBLE,INFEASIBLE,OPTIMAL,OPTIMAL
MALSU1,INFEASIBLE,INFEASIBLE,OPTIMAL,OPTIMAL
IGF2BP3,OPTIMAL,OPTIMAL,INFEASIBLE,INFEASIBLE
TRA2A,INFEASIBLE,INFEASIBLE,INFEASIBLE,INFEASIBLE
CCDC126,OPTIMAL,OPTIMAL,OPTIMAL,OPTIMAL
PALS2,INFEASIBLE,INFEASIBLE,OPTIMAL,INFEASIBLE
OSBPL3,INFEASIBLE,INFEASIBLE,INFEASIBLE,INFEASIBLE
CYCS,INFEASIBLE,INFEASIBLE,OPTIMAL,OPTIMAL
C7orf31,OPTIMAL,OPTIMAL,OPTIMAL,OPTIMAL
NFE2L3,INFEASIBLE,INFEASIBLE,OPTIMAL,OPTIMAL
HNRNPA2B1,INFEASIBLE,INFEASIBLE,OPTIMAL,OPTIMAL
CBX3,INFEASIBLE,INFEASIBLE,OPTIMAL,OPTIMAL
SNX10,INFEASIBLE,INFEASIBLE,OPTIMAL,OPTIMAL
SKAP2,INFEASIBLE,INFEASIBLE,INFEASIBLE,OPTIMAL
HOXA3,INFEASIBLE,INFEASIBLE,INFEASIBLE,INFEASIBLE
HOXA5,INFEASIBLE,INFEASIBLE,OPTIMAL,OPTIMAL
HOXA7,OPTIMAL,OPTIMAL,OPTIMAL,OPTIMAL
HOXA9,INFEASIBLE,OPTIMAL,OPTIMAL,INFEASIBLE
HOXA10,INFEASIBLE,INFEASIBLE,INFEASIBLE,OPTIMAL
HOXA11,INFEASIBLE,INFEASIBLE,OPTIMAL,OPTIMAL
HOXA13,OPTIMAL,OPTIMAL,OPTIMAL,OPTIMAL
HIBADH,OPTIMAL,OPTIMAL,INFEASIBLE,OPTIMAL
TAX1BP1,INFEASIBLE,INFEASIBLE,OPTIMAL,OPTIMAL
JAZF1,OPTIMAL,OPTIMAL,INFEASIBLE,OPTIMAL
CREB5,INFEASIBLE,OPTIMAL,INFEASIBLE,INFEASIBLE
CPVL,INFEASIBLE,INFEASIBLE,OPTIMAL,OPTIMAL
CHN2,OPTIMAL,OPTIMAL,INFEASIBLE,INFEASIBLE
WIPF3,INFEASIBLE,INFEASIBLE,INFEASIBLE,OPTIMAL
SCRN1,OPTIMAL,OPTIMAL,OPTIMAL,OPTIMAL
FKBP14,INFEASIBLE,INFEASIBLE,OPTIMAL,OPTIMAL
PLEKHA8,INFEASIBLE,INFEASIBLE,INFEASIBLE,OPTIMAL
MTURN,INFEASIBLE,INFEASIBLE,OPTIMAL,INFEASIBLE
ZNRF2,INFEASIBLE,OPTIMAL,INFEASIBLE,INFEASIBLE
NOD1,INFEASIBLE,INFEASIBLE,OPTIMAL,OPTIMAL
GGCT,INFEASIBLE,INFEASIBLE,INFEASIBLE,OPTIMAL
GARS1,INFEASIBLE,OPTIMAL,INFEASIBLE,OPTIMAL
MINDY4,INFEASIBLE,INFEASIBLE,OPTIMAL,OPTIMAL
LSM5,INFEASIBLE,INFEASIBLE,INFEASIBLE,OPTIMAL
AVL9,INFEASIBLE,OPTIMAL,INFEASIBLE,INFEASIBLE
KBTBD2,OPTIMAL,OPTIMAL,OPTIMAL,OPTIMAL
FKBP9,INFEASIBLE,INFEASIBLE,OPTIMAL,OPTIMAL
NT5C3A,INFEASIBLE,INFEASIBLE,INFEASIBLE,OPTIMAL
RP9,INFEASIBLE,INFEASIBLE,INFEASIBLE,OPTIMAL
BBS9,INFEASIBLE,INFEASIBLE,INFEASIBLE,OPTIMAL
BMPER,OPTIMAL,OPTIMAL,OPTIMAL,OPTIMAL
DPY19L1,INFEASIBLE,OPTIMAL,INFEASIBLE,OPTIMAL
TBX20,INFEASIBLE,OPTIMAL,OPTIMAL,OPTIMAL
HERPUD2,OPTIMAL,OPTIMAL,OPTIMAL,OPTIMAL
SEPTIN7,INFEASIBLE,INFEASIBLE,OPTIMAL,OPTIMAL
EEPD1,INFEASIBLE,OPTIMAL,OPTIMAL,INFEASIBLE
MATCAP2,INFEASIBLE,INFEASIBLE,INFEASIBLE,OPTIMAL
ANLN,INFEASIBLE,OPTIMAL,OPTIMAL,OPTIMAL
ELMO1,OPTIMAL,OPTIMAL,INFEASIBLE,OPTIMAL
STARD3NL,INFEASIBLE,INFEASIBLE,INFEASIBLE,OPTIMAL
AMPH,OPTIMAL,OPTIMAL,OPTIMAL,OPTIMAL
VPS41,OPTIMAL,OPTIMAL,OPTIMAL,INFEASIBLE
POU6F2,OPTIMAL,OPTIMAL,OPTIMAL,OPTIMAL
YAE1,INFEASIBLE,INFEASIBLE,OPTIMAL,OPTIMAL
RALA,INFEASIBLE,INFEASIBLE,INFEASIBLE,OPTIMAL
CDK13,OPTIMAL,OPTIMAL,INFEASIBLE,OPTIMAL
MPLKIP,INFEASIBLE,INFEASIBLE,OPTIMAL,OPTIMAL
SUGCT,INFEASIBLE,OPTIMAL,OPTIMAL,OPTIMAL
GLI3,OPTIMAL,OPTIMAL,OPTIMAL,OPTIMAL
C7orf25,INFEASIBLE,INFEASIBLE,INFEASIBLE,OPTIMAL
PSMA2,INFEASIBLE,INFEASIBLE,INFEASIBLE,OPTIMAL
MRPL32,INFEASIBLE,INFEASIBLE,OPTIMAL,OPTIMAL
STK17A,INFEASIBLE,INFEASIBLE,INFEASIBLE,OPTIMAL
COA1,INFEASIBLE,INFEASIBLE,OPTIMAL,OPTIMAL
BLVRA,INFEASIBLE,OPTIMAL,OPTIMAL,INFEASIBLE
MRPS24,INFEASIBLE,INFEASIBLE,OPTIMAL,OPTIMAL
URGCP,INFEASIBLE,OPTIMAL,OPTIMAL,OPTIMAL
UBE2D4,INFEASIBLE,INFEASIBLE,OPTIMAL,OPTIMAL
DBNL,INFEASIBLE,INFEASIBLE,OPTIMAL,OPTIMAL
POLM,INFEASIBLE,INFEASIBLE,OPTIMAL,OPTIMAL
POLD2,INFEASIBLE,INFEASIBLE,OPTIMAL,OPTIMAL
YKT6,INFEASIBLE,INFEASIBLE,OPTIMAL,OPTIMAL
NUDCD3,INFEASIBLE,INFEASIBLE,OPTIMAL,OPTIMAL
DDX56,INFEASIBLE,OPTIMAL,OPTIMAL,OPTIMAL
TMED4,INFEASIBLE,INFEASIBLE,INFEASIBLE,OPTIMAL
OGDH,OPTIMAL,OPTIMAL,OPTIMAL,OPTIMAL
ZMIZ2,INFEASIBLE,INFEASIBLE,OPTIMAL,OPTIMAL
PPIA,INFEASIBLE,INFEASIBLE,OPTIMAL,OPTIMAL
PURB,OPTIMAL,OPTIMAL,OPTIMAL,OPTIMAL
CCM2,OPTIMAL,OPTIMAL,INFEASIBLE,OPTIMAL
TBRG4,INFEASIBLE,INFEASIBLE,OPTIMAL,OPTIMAL
ADCY1,OPTIMAL,OPTIMAL,OPTIMAL,INFEASIBLE
TNS3,OPTIMAL,OPTIMAL,OPTIMAL,OPTIMAL
HUS1,INFEASIBLE,INFEASIBLE,OPTIMAL,OPTIMAL
UPP1,INFEASIBLE,INFEASIBLE,OPTIMAL,INFEASIBLE
FIGNL1,INFEASIBLE,INFEASIBLE,OPTIMAL,OPTIMAL
GRB10,OPTIMAL,OPTIMAL,INFEASIBLE,OPTIMAL
COBL,INFEASIBLE,INFEASIBLE,INFEASIBLE,OPTIMAL
SEC61G,INFEASIBLE,INFEASIBLE,INFEASIBLE,OPTIMAL
EGFR,OPTIMAL,OPTIMAL,OPTIMAL,OPTIMAL
LANCL2,INFEASIBLE,OPTIMAL,INFEASIBLE,OPTIMAL
VOPP1,OPTIMAL,OPTIMAL,OPTIMAL,OPTIMAL
ZNF713,OPTIMAL,OPTIMAL,OPTIMAL,OPTIMAL
NIPSNAP2,INFEASIBLE,INFEASIBLE,OPTIMAL,OPTIMAL
MRPS17,INFEASIBLE,INFEASIBLE,INFEASIBLE,OPTIMAL
PSPH,INFEASIBLE,INFEASIBLE,INFEASIBLE,OPTIMAL
CCT6A,INFEASIBLE,INFEASIBLE,OPTIMAL,OPTIMAL
SUMF2,INFEASIBLE,INFEASIBLE,OPTIMAL,OPTIMAL
PHKG1,INFEASIBLE,INFEASIBLE,INFEASIBLE,INFEASIBLE
CHCHD2,INFEASIBLE,INFEASIBLE,INFEASIBLE,OPTIMAL
ZNF736,INFEASIBLE,INFEASIBLE,INFEASIBLE,INFEASIBLE
ZNF680,INFEASIBLE,INFEASIBLE,INFEASIBLE,OPTIMAL
ZNF107,INFEASIBLE,INFEASIBLE,OPTIMAL,OPTIMAL
ZNF138,INFEASIBLE,INFEASIBLE,OPTIMAL,OPTIMAL
ZNF273,OPTIMAL,OPTIMAL,OPTIMAL,OPTIMAL
ZNF92,INFEASIBLE,INFEASIBLE,OPTIMAL,OPTIMAL
VKORC1L1,OPTIMAL,OPTIMAL,INFEASIBLE,OPTIMAL
GUSB,INFEASIBLE,INFEASIBLE,INFEASIBLE,OPTIMAL
ASL,INFEASIBLE,INFEASIBLE,OPTIMAL,OPTIMAL
CRCP,INFEASIBLE,OPTIMAL,INFEASIBLE,OPTIMAL
TPST1,OPTIMAL,OPTIMAL,INFEASIBLE,INFEASIBLE
RABGEF1,INFEASIBLE,INFEASIBLE,INFEASIBLE,INFEASIBLE
TMEM248,INFEASIBLE,INFEASIBLE,OPTIMAL,INFEASIBLE
SBDS,INFEASIBLE,INFEASIBLE,OPTIMAL,OPTIMAL
TYW1,INFEASIBLE,OPTIMAL,INFEASIBLE,INFEASIBLE
AUTS2,OPTIMAL,OPTIMAL,INFEASIBLE,INFEASIBLE
CALN1,INFEASIBLE,OPTIMAL,OPTIMAL,OPTIMAL
TYW1B,OPTIMAL,OPTIMAL,INFEASIBLE,OPTIMAL
POM121,INFEASIBLE,INFEASIBLE,INFEASIBLE,OPTIMAL
NSUN5,INFEASIBLE,OPTIMAL,OPTIMAL,OPTIMAL
BAZ1B,INFEASIBLE,OPTIMAL,INFEASIBLE,INFEASIBLE
BCL7B,INFEASIBLE,INFEASIBLE,OPTIMAL,OPTIMAL
TBL2,INFEASIBLE,INFEASIBLE,OPTIMAL,OPTIMAL
MLXIPL,OPTIMAL,OPTIMAL,OPTIMAL,OPTIMAL
DNAJC30,INFEASIBLE,INFEASIBLE,OPTIMAL,OPTIMAL
BUD23,INFEASIBLE,INFEASIBLE,OPTIMAL,OPTIMAL
ABHD11,OPTIMAL,OPTIMAL,OPTIMAL,OPTIMAL
LIMK1,OPTIMAL,OPTIMAL,OPTIMAL,OPTIMAL
EIF4H,INFEASIBLE,INFEASIBLE,OPTIMAL,OPTIMAL
RFC2,INFEASIBLE,OPTIMAL,OPTIMAL,OPTIMAL
CLIP2,OPTIMAL,OPTIMAL,OPTIMAL,OPTIMAL
GTF2IRD1,INFEASIBLE,OPTIMAL,OPTIMAL,OPTIMAL
GTF2I,OPTIMAL,OPTIMAL,OPTIMAL,OPTIMAL
CASTOR2,INFEASIBLE,INFEASIBLE,OPTIMAL,INFEASIBLE
RCC1L,INFEASIBLE,INFEASIBLE,OPTIMAL,INFEASIBLE
POM121C,INFEASIBLE,INFEASIBLE,INFEASIBLE,OPTIMAL
HIP1,INFEASIBLE,OPTIMAL,INFEASIBLE,OPTIMAL
RHBDD2,INFEASIBLE,INFEASIBLE,OPTIMAL,OPTIMAL
POR,INFEASIBLE,OPTIMAL,INFEASIBLE,OPTIMAL
TMEM120A,INFEASIBLE,OPTIMAL,OPTIMAL,OPTIMAL
STYXL1,OPTIMAL,OPTIMAL,OPTIMAL,INFEASIBLE
MDH2,INFEASIBLE,INFEASIBLE,INFEASIBLE,OPTIMAL
HSPB1,INFEASIBLE,INFEASIBLE,INFEASIBLE,INFEASIBLE
YWHAG,INFEASIBLE,INFEASIBLE,OPTIMAL,OPTIMAL
POMZP3,OPTIMAL,OPTIMAL,INFEASIBLE,OPTIMAL
PTPN12,INFEASIBLE,OPTIMAL,INFEASIBLE,OPTIMAL
RSBN1L,INFEASIBLE,INFEASIBLE,INFEASIBLE,OPTIMAL
TMEM60,INFEASIBLE,INFEASIBLE,OPTIMAL,OPTIMAL
PHTF2,OPTIMAL,OPTIMAL,OPTIMAL,OPTIMAL
MAGI2,OPTIMAL,OPTIMAL,OPTIMAL,INFEASIBLE
GNAI1,OPTIMAL,OPTIMAL,OPTIMAL,OPTIMAL
SEMA3C,INFEASIBLE,INFEASIBLE,OPTIMAL,INFEASIBLE
CACNA2D1,OPTIMAL,OPTIMAL,OPTIMAL,OPTIMAL
PCLO,INFEASIBLE,OPTIMAL,INFEASIBLE,OPTIMAL
SEMA3E,INFEASIBLE,OPTIMAL,OPTIMAL,OPTIMAL
SEMA3A,OPTIMAL,OPTIMAL,OPTIMAL,OPTIMAL
SEMA3D,INFEASIBLE,INFEASIBLE,OPTIMAL,INFEASIBLE
ELAPOR2,INFEASIBLE,INFEASIBLE,OPTIMAL,OPTIMAL
DMTF1,INFEASIBLE,INFEASIBLE,OPTIMAL,OPTIMAL
TMEM243,OPTIMAL,OPTIMAL,OPTIMAL,OPTIMAL
CROT,INFEASIBLE,OPTIMAL,OPTIMAL,OPTIMAL
ABCB1,INFEASIBLE,OPTIMAL,OPTIMAL,OPTIMAL
RUNDC3B,OPTIMAL,OPTIMAL,OPTIMAL,OPTIMAL
SLC25A40,INFEASIBLE,INFEASIBLE,INFEASIBLE,INFEASIBLE
DBF4,INFEASIBLE,INFEASIBLE,INFEASIBLE,OPTIMAL
ADAM22,INFEASIBLE,OPTIMAL,INFEASIBLE,OPTIMAL
SRI,INFEASIBLE,INFEASIBLE,OPTIMAL,OPTIMAL
STEAP1,INFEASIBLE,INFEASIBLE,OPTIMAL,OPTIMAL
STEAP2,OPTIMAL,OPTIMAL,INFEASIBLE,INFEASIBLE
GTPBP10,INFEASIBLE,INFEASIBLE,INFEASIBLE,OPTIMAL
CLDN12,INFEASIBLE,OPTIMAL,INFEASIBLE,OPTIMAL
CDK14,OPTIMAL,OPTIMAL,INFEASIBLE,OPTIMAL
MTERF1,OPTIMAL,OPTIMAL,INFEASIBLE,OPTIMAL
AKAP9,INFEASIBLE,INFEASIBLE,INFEASIBLE,INFEASIBLE
CYP51A1,INFEASIBLE,INFEASIBLE,INFEASIBLE,INFEASIBLE
KRIT1,INFEASIBLE,INFEASIBLE,INFEASIBLE,OPTIMAL
ANKIB1,OPTIMAL,OPTIMAL,INFEASIBLE,OPTIMAL
GATAD1,INFEASIBLE,INFEASIBLE,OPTIMAL,OPTIMAL
PEX1,INFEASIBLE,INFEASIBLE,OPTIMAL,OPTIMAL
RBM48,INFEASIBLE,INFEASIBLE,OPTIMAL,OPTIMAL
FAM133B,INFEASIBLE,INFEASIBLE,INFEASIBLE,INFEASIBLE
CDK6,OPTIMAL,OPTIMAL,OPTIMAL,INFEASIBLE
VPS50,INFEASIBLE,INFEASIBLE,INFEASIBLE,INFEASIBLE
GNGT1,INFEASIBLE,OPTIMAL,INFEASIBLE,INFEASIBLE
GNG11,INFEASIBLE,INFEASIBLE,OPTIMAL,OPTIMAL
BET1,INFEASIBLE,INFEASIBLE,OPTIMAL,OPTIMAL
CASD1,INFEASIBLE,INFEASIBLE,INFEASIBLE,OPTIMAL
SGCE,OPTIMAL,OPTIMAL,OPTIMAL,OPTIMAL
PPP1R9A,OPTIMAL,OPTIMAL,INFEASIBLE,INFEASIBLE
PON2,INFEASIBLE,INFEASIBLE,OPTIMAL,OPTIMAL
DYNC1I1,INFEASIBLE,INFEASIBLE,OPTIMAL,OPTIMAL
SLC25A13,INFEASIBLE,OPTIMAL,OPTIMAL,OPTIMAL
SEM1,INFEASIBLE,INFEASIBLE,INFEASIBLE,OPTIMAL
SDHAF3,INFEASIBLE,INFEASIBLE,OPTIMAL,OPTIMAL
LMTK2,INFEASIBLE,OPTIMAL,OPTIMAL,INFEASIBLE
TECPR1,OPTIMAL,OPTIMAL,OPTIMAL,OPTIMAL
BRI3,INFEASIBLE,INFEASIBLE,INFEASIBLE,OPTIMAL
BAIAP2L1,OPTIMAL,OPTIMAL,OPTIMAL,OPTIMAL
TRRAP,OPTIMAL,OPTIMAL,INFEASIBLE,INFEASIBLE
SMURF1,OPTIMAL,OPTIMAL,INFEASIBLE,INFEASIBLE
ARPC1A,INFEASIBLE,INFEASIBLE,OPTIMAL,OPTIMAL
ARPC1B,INFEASIBLE,INFEASIBLE,OPTIMAL,OPTIMAL
PDAP1,INFEASIBLE,INFEASIBLE,OPTIMAL,OPTIMAL
BUD31,INFEASIBLE,INFEASIBLE,OPTIMAL,OPTIMAL
PTCD1,OPTIMAL,OPTIMAL,OPTIMAL,OPTIMAL
CPSF4,INFEASIBLE,INFEASIBLE,OPTIMAL,OPTIMAL
ATP5MF,INFEASIBLE,INFEASIBLE,INFEASIBLE,OPTIMAL
ZNF789,INFEASIBLE,INFEASIBLE,OPTIMAL,OPTIMAL
ZNF394,INFEASIBLE,INFEASIBLE,INFEASIBLE,OPTIMAL
ZKSCAN5,OPTIMAL,OPTIMAL,OPTIMAL,OPTIMAL
FAM200A,INFEASIBLE,INFEASIBLE,OPTIMAL,INFEASIBLE
ZNF655,INFEASIBLE,INFEASIBLE,INFEASIBLE,OPTIMAL
ZSCAN25,INFEASIBLE,INFEASIBLE,OPTIMAL,OPTIMAL
TRIM4,OPTIMAL,OPTIMAL,OPTIMAL,OPTIMAL
ZKSCAN1,OPTIMAL,OPTIMAL,INFEASIBLE,INFEASIBLE
ZSCAN21,INFEASIBLE,INFEASIBLE,INFEASIBLE,OPTIMAL
ZNF3,INFEASIBLE,INFEASIBLE,INFEASIBLE,OPTIMAL
COPS6,INFEASIBLE,INFEASIBLE,OPTIMAL,OPTIMAL
MCM7,INFEASIBLE,INFEASIBLE,INFEASIBLE,OPTIMAL
AP4M1,INFEASIBLE,INFEASIBLE,OPTIMAL,INFEASIBLE
TAF6,INFEASIBLE,INFEASIBLE,OPTIMAL,OPTIMAL
LAMTOR4,INFEASIBLE,INFEASIBLE,OPTIMAL,OPTIMAL
PILRB,INFEASIBLE,OPTIMAL,INFEASIBLE,INFEASIBLE
ZCWPW1,OPTIMAL,OPTIMAL,OPTIMAL,OPTIMAL
MEPCE,INFEASIBLE,OPTIMAL,OPTIMAL,OPTIMAL
PPP1R35,INFEASIBLE,OPTIMAL,OPTIMAL,OPTIMAL
TSC22D4,INFEASIBLE,INFEASIBLE,OPTIMAL,OPTIMAL
AGFG2,OPTIMAL,OPTIMAL,OPTIMAL,OPTIMAL
GNB2,INFEASIBLE,OPTIMAL,OPTIMAL,INFEASIBLE
GIGYF1,OPTIMAL,OPTIMAL,INFEASIBLE,OPTIMAL
POP7,INFEASIBLE,INFEASIBLE,INFEASIBLE,OPTIMAL
ZAN,INFEASIBLE,OPTIMAL,OPTIMAL,OPTIMAL
EPHB4,OPTIMAL,OPTIMAL,OPTIMAL,OPTIMAL
SLC12A9,INFEASIBLE,OPTIMAL,OPTIMAL,INFEASIBLE
TRIP6,INFEASIBLE,INFEASIBLE,OPTIMAL,OPTIMAL
SRRT,INFEASIBLE,INFEASIBLE,OPTIMAL,OPTIMAL
UFSP1,INFEASIBLE,INFEASIBLE,OPTIMAL,OPTIMAL
AP1S1,INFEASIBLE,INFEASIBLE,OPTIMAL,OPTIMAL
PLOD3,OPTIMAL,OPTIMAL,OPTIMAL,OPTIMAL
ZNHIT1,INFEASIBLE,INFEASIBLE,INFEASIBLE,OPTIMAL
FIS1,INFEASIBLE,INFEASIBLE,INFEASIBLE,OPTIMAL
IFT22,OPTIMAL,OPTIMAL,OPTIMAL,OPTIMAL
COL26A1,OPTIMAL,OPTIMAL,INFEASIBLE,INFEASIBLE
CUX1,OPTIMAL,OPTIMAL,INFEASIBLE,OPTIMAL
PRKRIP1,INFEASIBLE,INFEASIBLE,INFEASIBLE,OPTIMAL
ORAI2,OPTIMAL,OPTIMAL,INFEASIBLE,OPTIMAL
ALKBH4,INFEASIBLE,INFEASIBLE,INFEASIBLE,OPTIMAL
LRWD1,INFEASIBLE,INFEASIBLE,OPTIMAL,OPTIMAL
POLR2J,INFEASIBLE,INFEASIBLE,INFEASIBLE,OPTIMAL
POLR2J3,INFEASIBLE,INFEASIBLE,INFEASIBLE,OPTIMAL
UPK3BL1,INFEASIBLE,INFEASIBLE,INFEASIBLE,OPTIMAL
FAM185A,INFEASIBLE,OPTIMAL,OPTIMAL,OPTIMAL
FBXL13,INFEASIBLE,OPTIMAL,OPTIMAL,OPTIMAL
ARMC10,INFEASIBLE,INFEASIBLE,OPTIMAL,OPTIMAL
NAPEPLD,INFEASIBLE,INFEASIBLE,OPTIMAL,OPTIMAL
PMPCB,INFEASIBLE,INFEASIBLE,OPTIMAL,OPTIMAL
DNAJC2,INFEASIBLE,INFEASIBLE,OPTIMAL,OPTIMAL
PSMC2,INFEASIBLE,OPTIMAL,INFEASIBLE,OPTIMAL
RELN,INFEASIBLE,OPTIMAL,OPTIMAL,OPTIMAL
ORC5,INFEASIBLE,INFEASIBLE,INFEASIBLE,OPTIMAL
KMT2E,INFEASIBLE,OPTIMAL,INFEASIBLE,INFEASIBLE
SRPK2,OPTIMAL,OPTIMAL,INFEASIBLE,OPTIMAL
PUS7,INFEASIBLE,INFEASIBLE,INFEASIBLE,OPTIMAL
RINT1,OPTIMAL,OPTIMAL,OPTIMAL,OPTIMAL
EFCAB10,OPTIMAL,OPTIMAL,OPTIMAL,INFEASIBLE
ATXN7L1,OPTIMAL,OPTIMAL,INFEASIBLE,OPTIMAL
CDHR3,INFEASIBLE,INFEASIBLE,OPTIMAL,INFEASIBLE
SYPL1,OPTIMAL,OPTIMAL,OPTIMAL,OPTIMAL
NAMPT,OPTIMAL,OPTIMAL,OPTIMAL,OPTIMAL
CCDC71L,OPTIMAL,OPTIMAL,OPTIMAL,OPTIMAL
PRKAR2B,OPTIMAL,OPTIMAL,OPTIMAL,OPTIMAL
HBP1,INFEASIBLE,INFEASIBLE,OPTIMAL,OPTIMAL
COG5,OPTIMAL,OPTIMAL,OPTIMAL,OPTIMAL
DUS4L,INFEASIBLE,INFEASIBLE,OPTIMAL,OPTIMAL
BCAP29,INFEASIBLE,INFEASIBLE,INFEASIBLE,OPTIMAL
CBLL1,INFEASIBLE,INFEASIBLE,OPTIMAL,INFEASIBLE
SLC26A3,INFEASIBLE,OPTIMAL,OPTIMAL,OPTIMAL
DLD,INFEASIBLE,OPTIMAL,INFEASIBLE,OPTIMAL
LAMB1,INFEASIBLE,OPTIMAL,OPTIMAL,OPTIMAL
NRCAM,OPTIMAL,OPTIMAL,INFEASIBLE,INFEASIBLE
PNPLA8,OPTIMAL,OPTIMAL,OPTIMAL,OPTIMAL
THAP5,INFEASIBLE,INFEASIBLE,INFEASIBLE,OPTIMAL
IMMP2L,OPTIMAL,OPTIMAL,INFEASIBLE,OPTIMAL
DOCK4,OPTIMAL,OPTIMAL,INFEASIBLE,INFEASIBLE
ZNF277,INFEASIBLE,INFEASIBLE,OPTIMAL,OPTIMAL
IFRD1,INFEASIBLE,INFEASIBLE,OPTIMAL,OPTIMAL
TMEM168,OPTIMAL,OPTIMAL,INFEASIBLE,OPTIMAL
BMT2,INFEASIBLE,INFEASIBLE,OPTIMAL,OPTIMAL
SMIM30,INFEASIBLE,INFEASIBLE,OPTIMAL,OPTIMAL
FOXP2,OPTIMAL,OPTIMAL,OPTIMAL,OPTIMAL
MDFIC,INFEASIBLE,INFEASIBLE,OPTIMAL,OPTIMAL
TES,INFEASIBLE,INFEASIBLE,INFEASIBLE,OPTIMAL
CAV2,OPTIMAL,OPTIMAL,OPTIMAL,OPTIMAL
CAV1,OPTIMAL,OPTIMAL,OPTIMAL,OPTIMAL
MET,OPTIMAL,OPTIMAL,INFEASIBLE,INFEASIBLE
CAPZA2,INFEASIBLE,INFEASIBLE,INFEASIBLE,OPTIMAL
ST7,OPTIMAL,OPTIMAL,OPTIMAL,OPTIMAL
CTTNBP2,INFEASIBLE,OPTIMAL,OPTIMAL,OPTIMAL
LSM8,INFEASIBLE,INFEASIBLE,OPTIMAL,OPTIMAL
ANKRD7,OPTIMAL,OPTIMAL,OPTIMAL,OPTIMAL
KCND2,INFEASIBLE,OPTIMAL,OPTIMAL,OPTIMAL
TSPAN12,INFEASIBLE,INFEASIBLE,OPTIMAL,INFEASIBLE
ING3,INFEASIBLE,INFEASIBLE,OPTIMAL,OPTIMAL
FAM3C,INFEASIBLE,INFEASIBLE,OPTIMAL,INFEASIBLE
AASS,INFEASIBLE,INFEASIBLE,OPTIMAL,OPTIMAL
CADPS2,OPTIMAL,OPTIMAL,OPTIMAL,OPTIMAL
NDUFA5,INFEASIBLE,INFEASIBLE,OPTIMAL,OPTIMAL
WASL,INFEASIBLE,OPTIMAL,INFEASIBLE,OPTIMAL
POT1,INFEASIBLE,INFEASIBLE,OPTIMAL,OPTIMAL
ZNF800,INFEASIBLE,OPTIMAL,OPTIMAL,INFEASIBLE
ARF5,INFEASIBLE,INFEASIBLE,OPTIMAL,INFEASIBLE
SND1,OPTIMAL,OPTIMAL,INFEASIBLE,OPTIMAL
RBM28,INFEASIBLE,INFEASIBLE,OPTIMAL,OPTIMAL
IMPDH1,INFEASIBLE,OPTIMAL,OPTIMAL,OPTIMAL
HILPDA,INFEASIBLE,INFEASIBLE,OPTIMAL,OPTIMAL
METTL2B,INFEASIBLE,INFEASIBLE,INFEASIBLE,OPTIMAL
CALU,INFEASIBLE,INFEASIBLE,INFEASIBLE,OPTIMAL
CCDC136,OPTIMAL,INFEASIBLE,OPTIMAL,OPTIMAL
FLNC,INFEASIBLE,INFEASIBLE,OPTIMAL,OPTIMAL
ATP6V1F,INFEASIBLE,INFEASIBLE,OPTIMAL,OPTIMAL
TNPO3,INFEASIBLE,INFEASIBLE,INFEASIBLE,OPTIMAL
TSPAN33,INFEASIBLE,INFEASIBLE,OPTIMAL,OPTIMAL
SMO,INFEASIBLE,INFEASIBLE,OPTIMAL,OPTIMAL
AHCYL2,OPTIMAL,OPTIMAL,INFEASIBLE,INFEASIBLE
STRIP2,INFEASIBLE,OPTIMAL,INFEASIBLE,OPTIMAL
NRF1,INFEASIBLE,INFEASIBLE,INFEASIBLE,OPTIMAL
UBE2H,INFEASIBLE,OPTIMAL,INFEASIBLE,OPTIMAL
ZC3HC1,INFEASIBLE,OPTIMAL,INFEASIBLE,INFEASIBLE
KLHDC10,OPTIMAL,OPTIMAL,INFEASIBLE,INFEASIBLE
TMEM209,INFEASIBLE,INFEASIBLE,OPTIMAL,OPTIMAL
CEP41,OPTIMAL,OPTIMAL,OPTIMAL,OPTIMAL
COPG2,OPTIMAL,OPTIMAL,OPTIMAL,OPTIMAL
MKLN1,INFEASIBLE,OPTIMAL,INFEASIBLE,INFEASIBLE
PODXL,OPTIMAL,OPTIMAL,OPTIMAL,OPTIMAL
CHCHD3,OPTIMAL,OPTIMAL,INFEASIBLE,OPTIMAL
EXOC4,OPTIMAL,OPTIMAL,INFEASIBLE,INFEASIBLE
SLC35B4,INFEASIBLE,INFEASIBLE,OPTIMAL,OPTIMAL
AKR1B1,INFEASIBLE,INFEASIBLE,OPTIMAL,INFEASIBLE
BPGM,INFEASIBLE,INFEASIBLE,OPTIMAL,OPTIMAL
CALD1,INFEASIBLE,INFEASIBLE,INFEASIBLE,OPTIMAL
AGBL3,INFEASIBLE,OPTIMAL,OPTIMAL,OPTIMAL
CYREN,INFEASIBLE,INFEASIBLE,OPTIMAL,OPTIMAL
WDR91,OPTIMAL,OPTIMAL,OPTIMAL,OPTIMAL
CNOT4,OPTIMAL,OPTIMAL,INFEASIBLE,OPTIMAL
NUP205,INFEASIBLE,INFEASIBLE,INFEASIBLE,OPTIMAL
STMP1,INFEASIBLE,OPTIMAL,INFEASIBLE,OPTIMAL
MTPN,INFEASIBLE,INFEASIBLE,OPTIMAL,INFEASIBLE
CREB3L2,OPTIMAL,OPTIMAL,INFEASIBLE,OPTIMAL
TRIM24,INFEASIBLE,INFEASIBLE,INFEASIBLE,INFEASIBLE
KIAA1549,INFEASIBLE,INFEASIBLE,INFEASIBLE,OPTIMAL
ZC3HAV1L,OPTIMAL,OPTIMAL,OPTIMAL,OPTIMAL
ZC3HAV1,INFEASIBLE,OPTIMAL,OPTIMAL,OPTIMAL
TTC26,INFEASIBLE,INFEASIBLE,OPTIMAL,OPTIMAL
UBN2,INFEASIBLE,OPTIMAL,INFEASIBLE,INFEASIBLE
FMC1,INFEASIBLE,INFEASIBLE,OPTIMAL,OPTIMAL
LUC7L2,INFEASIBLE,INFEASIBLE,OPTIMAL,INFEASIBLE
KLRG2,INFEASIBLE,INFEASIBLE,OPTIMAL,OPTIMAL
HIPK2,OPTIMAL,OPTIMAL,INFEASIBLE,OPTIMAL
TBXAS1,OPTIMAL,OPTIMAL,OPTIMAL,OPTIMAL
KDM7A,INFEASIBLE,INFEASIBLE,OPTIMAL,OPTIMAL
SLC37A3,INFEASIBLE,OPTIMAL,OPTIMAL,INFEASIBLE
MKRN1,OPTIMAL,OPTIMAL,INFEASIBLE,OPTIMAL
DENND2A,INFEASIBLE,INFEASIBLE,INFEASIBLE,OPTIMAL
ADCK2,INFEASIBLE,INFEASIBLE,OPTIMAL,OPTIMAL
NDUFB2,INFEASIBLE,INFEASIBLE,OPTIMAL,OPTIMAL
BRAF,INFEASIBLE,INFEASIBLE,OPTIMAL,INFEASIBLE
MRPS33,INFEASIBLE,INFEASIBLE,INFEASIBLE,OPTIMAL
TMEM178B,OPTIMAL,OPTIMAL,INFEASIBLE,OPTIMAL
AGK,INFEASIBLE,INFEASIBLE,OPTIMAL,OPTIMAL
DENND11,INFEASIBLE,OPTIMAL,OPTIMAL,OPTIMAL
SSBP1,INFEASIBLE,INFEASIBLE,INFEASIBLE,OPTIMAL
GSTK1,INFEASIBLE,INFEASIBLE,INFEASIBLE,OPTIMAL
CASP2,INFEASIBLE,OPTIMAL,INFEASIBLE,INFEASIBLE
ZYX,INFEASIBLE,OPTIMAL,OPTIMAL,OPTIMAL
TCAF1,INFEASIBLE,INFEASIBLE,INFEASIBLE,OPTIMAL
TPK1,OPTIMAL,OPTIMAL,OPTIMAL,OPTIMAL
CNTNAP2,OPTIMAL,OPTIMAL,OPTIMAL,OPTIMAL
CUL1,INFEASIBLE,INFEASIBLE,INFEASIBLE,INFEASIBLE
EZH2,INFEASIBLE,OPTIMAL,INFEASIBLE,INFEASIBLE
PDIA4,INFEASIBLE,INFEASIBLE,INFEASIBLE,OPTIMAL
ZNF786,INFEASIBLE,INFEASIBLE,OPTIMAL,OPTIMAL
ZNF425,OPTIMAL,OPTIMAL,OPTIMAL,OPTIMAL
ZNF398,INFEASIBLE,INFEASIBLE,INFEASIBLE,INFEASIBLE
ZNF282,INFEASIBLE,INFEASIBLE,INFEASIBLE,OPTIMAL
ZNF212,INFEASIBLE,INFEASIBLE,OPTIMAL,OPTIMAL
ZNF783,INFEASIBLE,INFEASIBLE,OPTIMAL,OPTIMAL
ZNF777,OPTIMAL,OPTIMAL,OPTIMAL,OPTIMAL
ZNF746,OPTIMAL,OPTIMAL,OPTIMAL,INFEASIBLE
KRBA1,INFEASIBLE,INFEASIBLE,INFEASIBLE,OPTIMAL
ZNF862,INFEASIBLE,OPTIMAL,INFEASIBLE,OPTIMAL
ATP6V0E2,INFEASIBLE,OPTIMAL,INFEASIBLE,OPTIMAL
LRRC61,INFEASIBLE,INFEASIBLE,OPTIMAL,OPTIMAL
REPIN1,INFEASIBLE,OPTIMAL,OPTIMAL,INFEASIBLE
ZNF775,OPTIMAL,OPTIMAL,OPTIMAL,OPTIMAL
ABCB8,INFEASIBLE,INFEASIBLE,OPTIMAL,OPTIMAL
CDK5,INFEASIBLE,INFEASIBLE,INFEASIBLE,OPTIMAL
SLC4A2,OPTIMAL,OPTIMAL,OPTIMAL,OPTIMAL
FASTK,INFEASIBLE,OPTIMAL,OPTIMAL,OPTIMAL
TMUB1,OPTIMAL,OPTIMAL,INFEASIBLE,OPTIMAL
AGAP3,INFEASIBLE,OPTIMAL,INFEASIBLE,OPTIMAL
ABCF2,INFEASIBLE,INFEASIBLE,INFEASIBLE,OPTIMAL
CHPF2,OPTIMAL,OPTIMAL,OPTIMAL,OPTIMAL
SMARCD3,INFEASIBLE,INFEASIBLE,OPTIMAL,OPTIMAL
NUB1,INFEASIBLE,OPTIMAL,OPTIMAL,INFEASIBLE
RHEB,INFEASIBLE,OPTIMAL,OPTIMAL,OPTIMAL
PRKAG2,INFEASIBLE,OPTIMAL,INFEASIBLE,OPTIMAL
GALNT11,INFEASIBLE,OPTIMAL,INFEASIBLE,OPTIMAL
KMT2C,INFEASIBLE,INFEASIBLE,INFEASIBLE,INFEASIBLE
XRCC2,INFEASIBLE,OPTIMAL,INFEASIBLE,INFEASIBLE
ACTR3B,OPTIMAL,OPTIMAL,INFEASIBLE,INFEASIBLE
PAXIP1,OPTIMAL,OPTIMAL,INFEASIBLE,OPTIMAL
INSIG1,INFEASIBLE,INFEASIBLE,OPTIMAL,OPTIMAL
EN2,INFEASIBLE,OPTIMAL,OPTIMAL,OPTIMAL
RBM33,INFEASIBLE,INFEASIBLE,INFEASIBLE,INFEASIBLE
RNF32,INFEASIBLE,INFEASIBLE,OPTIMAL,OPTIMAL
LMBR1,INFEASIBLE,INFEASIBLE,INFEASIBLE,INFEASIBLE
NOM1,INFEASIBLE,INFEASIBLE,INFEASIBLE,OPTIMAL
MNX1,OPTIMAL,OPTIMAL,OPTIMAL,OPTIMAL
UBE3C,INFEASIBLE,OPTIMAL,INFEASIBLE,INFEASIBLE
DNAJB6,INFEASIBLE,OPTIMAL,OPTIMAL,OPTIMAL
NCAPG2,INFEASIBLE,INFEASIBLE,INFEASIBLE,INFEASIBLE
ESYT2,INFEASIBLE,INFEASIBLE,INFEASIBLE,INFEASIBLE
DYNC2I1,INFEASIBLE,INFEASIBLE,INFEASIBLE,OPTIMAL
FBXO25,INFEASIBLE,INFEASIBLE,OPTIMAL,OPTIMAL
ERICH1,OPTIMAL,OPTIMAL,OPTIMAL,INFEASIBLE
CLN8,INFEASIBLE,INFEASIBLE,INFEASIBLE,OPTIMAL
ARHGEF10,INFEASIBLE,INFEASIBLE,INFEASIBLE,OPTIMAL
CSMD1,INFEASIBLE,OPTIMAL,OPTIMAL,OPTIMAL
MCPH1,OPTIMAL,OPTIMAL,OPTIMAL,INFEASIBLE
ANGPT2,INFEASIBLE,INFEASIBLE,INFEASIBLE,INFEASIBLE
AGPAT5,INFEASIBLE,INFEASIBLE,OPTIMAL,OPTIMAL
MFHAS1,OPTIMAL,OPTIMAL,OPTIMAL,OPTIMAL
ERI1,INFEASIBLE,OPTIMAL,OPTIMAL,INFEASIBLE
TNKS,OPTIMAL,OPTIMAL,OPTIMAL,INFEASIBLE
MSRA,OPTIMAL,OPTIMAL,OPTIMAL,OPTIMAL
PINX1,OPTIMAL,OPTIMAL,OPTIMAL,OPTIMAL
XKR6,INFEASIBLE,OPTIMAL,INFEASIBLE,INFEASIBLE
MTMR9,INFEASIBLE,INFEASIBLE,OPTIMAL,INFEASIBLE
GATA4,INFEASIBLE,OPTIMAL,INFEASIBLE,OPTIMAL
NEIL2,INFEASIBLE,INFEASIBLE,INFEASIBLE,INFEASIBLE
FDFT1,INFEASIBLE,OPTIMAL,OPTIMAL,OPTIMAL
CTSB,INFEASIBLE,INFEASIBLE,OPTIMAL,OPTIMAL
LONRF1,INFEASIBLE,INFEASIBLE,OPTIMAL,OPTIMAL
DLC1,OPTIMAL,OPTIMAL,OPTIMAL,OPTIMAL
SGCZ,OPTIMAL,OPTIMAL,OPTIMAL,OPTIMAL
TUSC3,OPTIMAL,OPTIMAL,OPTIMAL,OPTIMAL
MICU3,OPTIMAL,OPTIMAL,INFEASIBLE,OPTIMAL
ZDHHC2,INFEASIBLE,OPTIMAL,INFEASIBLE,INFEASIBLE
CNOT7,INFEASIBLE,INFEASIBLE,OPTIMAL,OPTIMAL
VPS37A,INFEASIBLE,INFEASIBLE,OPTIMAL,OPTIMAL
SLC7A2,OPTIMAL,OPTIMAL,OPTIMAL,OPTIMAL
MTUS1,OPTIMAL,OPTIMAL,OPTIMAL,OPTIMAL
PCM1,OPTIMAL,OPTIMAL,OPTIMAL,OPTIMAL
ASAH1,INFEASIBLE,INFEASIBLE,INFEASIBLE,OPTIMAL
PSD3,INFEASIBLE,INFEASIBLE,INFEASIBLE,INFEASIBLE
SH2D4A,INFEASIBLE,INFEASIBLE,OPTIMAL,OPTIMAL
INTS10,INFEASIBLE,OPTIMAL,OPTIMAL,OPTIMAL
ATP6V1B2,INFEASIBLE,INFEASIBLE,OPTIMAL,OPTIMAL
XPO7,INFEASIBLE,INFEASIBLE,OPTIMAL,OPTIMAL
REEP4,INFEASIBLE,INFEASIBLE,OPTIMAL,OPTIMAL
POLR3D,INFEASIBLE,INFEASIBLE,OPTIMAL,OPTIMAL
SLC39A14,INFEASIBLE,INFEASIBLE,OPTIMAL,OPTIMAL
PPP3CC,INFEASIBLE,INFEASIBLE,OPTIMAL,OPTIMAL
SORBS3,INFEASIBLE,INFEASIBLE,OPTIMAL,OPTIMAL
PDLIM2,OPTIMAL,OPTIMAL,OPTIMAL,OPTIMAL
CCAR2,OPTIMAL,INFEASIBLE,OPTIMAL,OPTIMAL
BIN3,INFEASIBLE,INFEASIBLE,OPTIMAL,OPTIMAL
TNFRSF10B,INFEASIBLE,INFEASIBLE,OPTIMAL,INFEASIBLE
CHMP7,INFEASIBLE,INFEASIBLE,INFEASIBLE,OPTIMAL
R3HCC1,INFEASIBLE,OPTIMAL,OPTIMAL,OPTIMAL
ENTPD4,INFEASIBLE,INFEASIBLE,OPTIMAL,INFEASIBLE
SLC25A37,INFEASIBLE,OPTIMAL,OPTIMAL,OPTIMAL
NEFM,INFEASIBLE,INFEASIBLE,INFEASIBLE,OPTIMAL
NEFL,INFEASIBLE,INFEASIBLE,OPTIMAL,INFEASIBLE
DOCK5,INFEASIBLE,INFEASIBLE,OPTIMAL,INFEASIBLE
KCTD9,OPTIMAL,OPTIMAL,OPTIMAL,OPTIMAL
CDCA2,INFEASIBLE,INFEASIBLE,OPTIMAL,OPTIMAL
EBF2,OPTIMAL,OPTIMAL,OPTIMAL,OPTIMAL
PPP2R2A,INFEASIBLE,INFEASIBLE,OPTIMAL,OPTIMAL
BNIP3L,INFEASIBLE,INFEASIBLE,OPTIMAL,OPTIMAL
PNMA2,INFEASIBLE,INFEASIBLE,OPTIMAL,INFEASIBLE
DPYSL2,INFEASIBLE,OPTIMAL,OPTIMAL,INFEASIBLE
TRIM35,INFEASIBLE,INFEASIBLE,OPTIMAL,OPTIMAL
CLU,INFEASIBLE,INFEASIBLE,OPTIMAL,OPTIMAL
CCDC25,INFEASIBLE,INFEASIBLE,OPTIMAL,OPTIMAL
ESCO2,INFEASIBLE,OPTIMAL,OPTIMAL,OPTIMAL
PBK,INFEASIBLE,INFEASIBLE,OPTIMAL,OPTIMAL
ELP3,INFEASIBLE,INFEASIBLE,OPTIMAL,OPTIMAL
FBXO16,OPTIMAL,OPTIMAL,OPTIMAL,INFEASIBLE
FZD3,INFEASIBLE,OPTIMAL,OPTIMAL,OPTIMAL
EXTL3,INFEASIBLE,OPTIMAL,OPTIMAL,OPTIMAL
INTS9,INFEASIBLE,OPTIMAL,INFEASIBLE,OPTIMAL
HMBOX1,INFEASIBLE,OPTIMAL,OPTIMAL,INFEASIBLE
KIF13B,OPTIMAL,OPTIMAL,OPTIMAL,OPTIMAL
SARAF,INFEASIBLE,INFEASIBLE,OPTIMAL,OPTIMAL
LEPROTL1,INFEASIBLE,OPTIMAL,OPTIMAL,INFEASIBLE
DCTN6,INFEASIBLE,OPTIMAL,OPTIMAL,OPTIMAL
RBPMS,OPTIMAL,OPTIMAL,INFEASIBLE,OPTIMAL
GTF2E2,INFEASIBLE,INFEASIBLE,INFEASIBLE,OPTIMAL
GSR,INFEASIBLE,OPTIMAL,OPTIMAL,INFEASIBLE
UBXN8,INFEASIBLE,OPTIMAL,OPTIMAL,OPTIMAL
PPP2CB,INFEASIBLE,OPTIMAL,OPTIMAL,INFEASIBLE
TEX15,OPTIMAL,OPTIMAL,OPTIMAL,OPTIMAL
WRN,INFEASIBLE,INFEASIBLE,OPTIMAL,INFEASIBLE
NRG1,INFEASIBLE,OPTIMAL,OPTIMAL,OPTIMAL
FUT10,INFEASIBLE,INFEASIBLE,INFEASIBLE,INFEASIBLE
TTI2,OPTIMAL,OPTIMAL,OPTIMAL,OPTIMAL
MAK16,INFEASIBLE,INFEASIBLE,OPTIMAL,OPTIMAL
ZNF703,INFEASIBLE,OPTIMAL,OPTIMAL,OPTIMAL
ERLIN2,OPTIMAL,OPTIMAL,OPTIMAL,OPTIMAL
PLPBP,INFEASIBLE,INFEASIBLE,INFEASIBLE,OPTIMAL
ADGRA2,OPTIMAL,OPTIMAL,OPTIMAL,OPTIMAL
RAB11FIP1,OPTIMAL,OPTIMAL,OPTIMAL,OPTIMAL
EIF4EBP1,INFEASIBLE,INFEASIBLE,INFEASIBLE,OPTIMAL
ASH2L,INFEASIBLE,INFEASIBLE,INFEASIBLE,OPTIMAL
LSM1,INFEASIBLE,INFEASIBLE,INFEASIBLE,OPTIMAL
BAG4,OPTIMAL,OPTIMAL,OPTIMAL,OPTIMAL
DDHD2,INFEASIBLE,OPTIMAL,OPTIMAL,OPTIMAL
PLPP5,INFEASIBLE,INFEASIBLE,OPTIMAL,OPTIMAL
NSD3,INFEASIBLE,INFEASIBLE,INFEASIBLE,OPTIMAL
FGFR1,INFEASIBLE,OPTIMAL,OPTIMAL,INFEASIBLE
TACC1,OPTIMAL,OPTIMAL,OPTIMAL,OPTIMAL
TM2D2,INFEASIBLE,INFEASIBLE,OPTIMAL,INFEASIBLE
ADAM9,INFEASIBLE,OPTIMAL,INFEASIBLE,INFEASIBLE
SFRP1,OPTIMAL,OPTIMAL,OPTIMAL,OPTIMAL
GOLGA7,INFEASIBLE,INFEASIBLE,OPTIMAL,OPTIMAL
GINS4,INFEASIBLE,INFEASIBLE,OPTIMAL,INFEASIBLE
GPAT4,OPTIMAL,OPTIMAL,OPTIMAL,OPTIMAL
KAT6A,INFEASIBLE,OPTIMAL,INFEASIBLE,INFEASIBLE
AP3M2,OPTIMAL,OPTIMAL,OPTIMAL,OPTIMAL
PLAT,INFEASIBLE,OPTIMAL,OPTIMAL,INFEASIBLE
IKBKB,INFEASIBLE,OPTIMAL,OPTIMAL,OPTIMAL
POLB,INFEASIBLE,OPTIMAL,OPTIMAL,OPTIMAL
VDAC3,INFEASIBLE,INFEASIBLE,OPTIMAL,OPTIMAL
SLC20A2,INFEASIBLE,OPTIMAL,OPTIMAL,INFEASIBLE
SMIM19,INFEASIBLE,INFEASIBLE,OPTIMAL,OPTIMAL
THAP1,INFEASIBLE,INFEASIBLE,OPTIMAL,INFEASIBLE
RNF170,INFEASIBLE,OPTIMAL,OPTIMAL,OPTIMAL
HOOK3,OPTIMAL,OPTIMAL,OPTIMAL,OPTIMAL
FNTA,INFEASIBLE,INFEASIBLE,OPTIMAL,OPTIMAL
POMK,INFEASIBLE,OPTIMAL,OPTIMAL,OPTIMAL
HGSNAT,INFEASIBLE,INFEASIBLE,OPTIMAL,OPTIMAL
SPIDR,OPTIMAL,OPTIMAL,OPTIMAL,OPTIMAL
CEBPD,OPTIMAL,OPTIMAL,OPTIMAL,OPTIMAL
PRKDC,INFEASIBLE,INFEASIBLE,INFEASIBLE,INFEASIBLE
MCM4,INFEASIBLE,OPTIMAL,INFEASIBLE,OPTIMAL
UBE2V2,INFEASIBLE,INFEASIBLE,OPTIMAL,INFEASIBLE
SNAI2,INFEASIBLE,INFEASIBLE,OPTIMAL,OPTIMAL
PXDNL,INFEASIBLE,OPTIMAL,OPTIMAL,OPTIMAL
PCMTD1,INFEASIBLE,INFEASIBLE,INFEASIBLE,INFEASIBLE
RB1CC1,OPTIMAL,OPTIMAL,INFEASIBLE,OPTIMAL
ATP6V1H,INFEASIBLE,INFEASIBLE,OPTIMAL,INFEASIBLE
RGS20,OPTIMAL,OPTIMAL,OPTIMAL,OPTIMAL
TCEA1,INFEASIBLE,INFEASIBLE,OPTIMAL,INFEASIBLE
LYPLA1,INFEASIBLE,INFEASIBLE,INFEASIBLE,OPTIMAL
MRPL15,INFEASIBLE,INFEASIBLE,OPTIMAL,OPTIMAL
TMEM68,INFEASIBLE,INFEASIBLE,INFEASIBLE,OPTIMAL
TGS1,INFEASIBLE,INFEASIBLE,OPTIMAL,OPTIMAL
LYN,INFEASIBLE,INFEASIBLE,OPTIMAL,INFEASIBLE
RPS20,INFEASIBLE,INFEASIBLE,INFEASIBLE,INFEASIBLE
PLAG1,OPTIMAL,OPTIMAL,OPTIMAL,OPTIMAL
CHCHD7,INFEASIBLE,INFEASIBLE,OPTIMAL,OPTIMAL
BPNT2,OPTIMAL,OPTIMAL,OPTIMAL,INFEASIBLE
FAM110B,INFEASIBLE,INFEASIBLE,OPTIMAL,INFEASIBLE
UBXN2B,INFEASIBLE,OPTIMAL,OPTIMAL,OPTIMAL
SDCBP,INFEASIBLE,INFEASIBLE,OPTIMAL,OPTIMAL
NSMAF,OPTIMAL,OPTIMAL,INFEASIBLE,OPTIMAL
TOX,INFEASIBLE,OPTIMAL,OPTIMAL,OPTIMAL
CA8,INFEASIBLE,OPTIMAL,INFEASIBLE,OPTIMAL
RAB2A,INFEASIBLE,OPTIMAL,OPTIMAL,INFEASIBLE
CHD7,OPTIMAL,OPTIMAL,OPTIMAL,OPTIMAL
ASPH,INFEASIBLE,INFEASIBLE,INFEASIBLE,INFEASIBLE
NKAIN3,OPTIMAL,OPTIMAL,OPTIMAL,OPTIMAL
GGH,INFEASIBLE,INFEASIBLE,OPTIMAL,OPTIMAL
YTHDF3,INFEASIBLE,INFEASIBLE,OPTIMAL,INFEASIBLE
CYP7B1,INFEASIBLE,OPTIMAL,INFEASIBLE,OPTIMAL
ARMC1,INFEASIBLE,INFEASIBLE,OPTIMAL,OPTIMAL
MTFR1,OPTIMAL,OPTIMAL,OPTIMAL,OPTIMAL
PDE7A,INFEASIBLE,OPTIMAL,OPTIMAL,INFEASIBLE
RRS1,INFEASIBLE,INFEASIBLE,OPTIMAL,INFEASIBLE
MYBL1,INFEASIBLE,INFEASIBLE,OPTIMAL,INFEASIBLE
VCPIP1,INFEASIBLE,OPTIMAL,OPTIMAL,INFEASIBLE
SGK3,INFEASIBLE,INFEASIBLE,OPTIMAL,OPTIMAL
COPS5,INFEASIBLE,INFEASIBLE,INFEASIBLE,OPTIMAL
CSPP1,INFEASIBLE,INFEASIBLE,INFEASIBLE,INFEASIBLE
ARFGEF1,OPTIMAL,OPTIMAL,OPTIMAL,OPTIMAL
PREX2,OPTIMAL,OPTIMAL,INFEASIBLE,INFEASIBLE
C8orf34,OPTIMAL,OPTIMAL,OPTIMAL,OPTIMAL
SLCO5A1,OPTIMAL,OPTIMAL,OPTIMAL,INFEASIBLE
NCOA2,OPTIMAL,OPTIMAL,INFEASIBLE,OPTIMAL
TRAM1,INFEASIBLE,OPTIMAL,INFEASIBLE,OPTIMAL
LACTB2,OPTIMAL,OPTIMAL,OPTIMAL,OPTIMAL
EYA1,INFEASIBLE,OPTIMAL,OPTIMAL,OPTIMAL
KCNB2,OPTIMAL,OPTIMAL,INFEASIBLE,OPTIMAL
TERF1,INFEASIBLE,INFEASIBLE,OPTIMAL,INFEASIBLE
RPL7,INFEASIBLE,INFEASIBLE,OPTIMAL,OPTIMAL
RDH10,INFEASIBLE,OPTIMAL,INFEASIBLE,OPTIMAL
STAU2,INFEASIBLE,OPTIMAL,INFEASIBLE,INFEASIBLE
UBE2W,INFEASIBLE,OPTIMAL,INFEASIBLE,INFEASIBLE
ELOC,INFEASIBLE,INFEASIBLE,OPTIMAL,OPTIMAL
TMEM70,INFEASIBLE,INFEASIBLE,OPTIMAL,OPTIMAL
JPH1,INFEASIBLE,OPTIMAL,INFEASIBLE,OPTIMAL
GDAP1,INFEASIBLE,INFEASIBLE,INFEASIBLE,OPTIMAL
CRISPLD1,INFEASIBLE,INFEASIBLE,OPTIMAL,OPTIMAL
HNF4G,INFEASIBLE,INFEASIBLE,OPTIMAL,OPTIMAL
ZFHX4,INFEASIBLE,OPTIMAL,INFEASIBLE,OPTIMAL
PEX2,INFEASIBLE,INFEASIBLE,OPTIMAL,OPTIMAL
PKIA,INFEASIBLE,OPTIMAL,INFEASIBLE,OPTIMAL
ZC2HC1A,OPTIMAL,OPTIMAL,OPTIMAL,OPTIMAL
HEY1,INFEASIBLE,INFEASIBLE,OPTIMAL,OPTIMAL
MRPS28,INFEASIBLE,INFEASIBLE,OPTIMAL,OPTIMAL
TPD52,INFEASIBLE,OPTIMAL,INFEASIBLE,INFEASIBLE
ZBTB10,INFEASIBLE,OPTIMAL,OPTIMAL,OPTIMAL
ZNF704,OPTIMAL,OPTIMAL,OPTIMAL,INFEASIBLE
PAG1,OPTIMAL,OPTIMAL,OPTIMAL,INFEASIBLE
FABP5,INFEASIBLE,INFEASIBLE,OPTIMAL,OPTIMAL
IMPA1,INFEASIBLE,INFEASIBLE,OPTIMAL,OPTIMAL
ZFAND1,INFEASIBLE,INFEASIBLE,OPTIMAL,OPTIMAL
LRRCC1,INFEASIBLE,INFEASIBLE,OPTIMAL,OPTIMAL
E2F5,INFEASIBLE,OPTIMAL,INFEASIBLE,OPTIMAL
RBIS,INFEASIBLE,INFEASIBLE,OPTIMAL,INFEASIBLE
CA13,OPTIMAL,OPTIMAL,OPTIMAL,OPTIMAL
CA2,INFEASIBLE,OPTIMAL,INFEASIBLE,OPTIMAL
WWP1,INFEASIBLE,OPTIMAL,OPTIMAL,OPTIMAL
RMDN1,INFEASIBLE,OPTIMAL,OPTIMAL,OPTIMAL
CPNE3,INFEASIBLE,INFEASIBLE,OPTIMAL,OPTIMAL
MMP16,OPTIMAL,OPTIMAL,OPTIMAL,OPTIMAL
RIPK2,INFEASIBLE,INFEASIBLE,OPTIMAL,OPTIMAL
OSGIN2,INFEASIBLE,INFEASIBLE,INFEASIBLE,OPTIMAL
NBN,INFEASIBLE,OPTIMAL,OPTIMAL,OPTIMAL
DECR1,INFEASIBLE,INFEASIBLE,OPTIMAL,OPTIMAL
TMEM64,INFEASIBLE,OPTIMAL,OPTIMAL,OPTIMAL
NECAB1,INFEASIBLE,OPTIMAL,OPTIMAL,INFEASIBLE
C8orf88,INFEASIBLE,INFEASIBLE,OPTIMAL,OPTIMAL
OTUD6B,INFEASIBLE,INFEASIBLE,OPTIMAL,INFEASIBLE
LRRC69,OPTIMAL,OPTIMAL,OPTIMAL,OPTIMAL
RUNX1T1,INFEASIBLE,INFEASIBLE,INFEASIBLE,OPTIMAL
TRIQK,INFEASIBLE,OPTIMAL,INFEASIBLE,INFEASIBLE
CIBAR1,INFEASIBLE,INFEASIBLE,OPTIMAL,OPTIMAL
RBM12B,INFEASIBLE,INFEASIBLE,OPTIMAL,OPTIMAL
TMEM67,INFEASIBLE,INFEASIBLE,OPTIMAL,OPTIMAL
RAD54B,INFEASIBLE,OPTIMAL,INFEASIBLE,OPTIMAL
VIRMA,INFEASIBLE,INFEASIBLE,INFEASIBLE,OPTIMAL
ESRP1,INFEASIBLE,OPTIMAL,INFEASIBLE,OPTIMAL
DPY19L4,INFEASIBLE,INFEASIBLE,OPTIMAL,OPTIMAL
INTS8,OPTIMAL,OPTIMAL,OPTIMAL,OPTIMAL
CCNE2,INFEASIBLE,INFEASIBLE,OPTIMAL,OPTIMAL
NDUFAF6,INFEASIBLE,OPTIMAL,OPTIMAL,INFEASIBLE
PLEKHF2,OPTIMAL,OPTIMAL,OPTIMAL,OPTIMAL
UQCRB,INFEASIBLE,INFEASIBLE,OPTIMAL,OPTIMAL
MTERF3,INFEASIBLE,OPTIMAL,OPTIMAL,OPTIMAL
PTDSS1,INFEASIBLE,INFEASIBLE,OPTIMAL,OPTIMAL
SDC2,INFEASIBLE,INFEASIBLE,OPTIMAL,INFEASIBLE
MTDH,INFEASIBLE,OPTIMAL,INFEASIBLE,OPTIMAL
LAPTM4B,INFEASIBLE,INFEASIBLE,INFEASIBLE,INFEASIBLE
RPL30,INFEASIBLE,INFEASIBLE,OPTIMAL,OPTIMAL
ERICH5,INFEASIBLE,INFEASIBLE,OPTIMAL,OPTIMAL
RIDA,INFEASIBLE,INFEASIBLE,OPTIMAL,OPTIMAL
POP1,INFEASIBLE,OPTIMAL,OPTIMAL,OPTIMAL
STK3,OPTIMAL,OPTIMAL,INFEASIBLE,INFEASIBLE
VPS13B,OPTIMAL,OPTIMAL,OPTIMAL,OPTIMAL
COX6C,INFEASIBLE,INFEASIBLE,OPTIMAL,OPTIMAL
POLR2K,INFEASIBLE,INFEASIBLE,OPTIMAL,OPTIMAL
SPAG1,INFEASIBLE,OPTIMAL,OPTIMAL,INFEASIBLE
RNF19A,INFEASIBLE,INFEASIBLE,OPTIMAL,OPTIMAL
ANKRD46,INFEASIBLE,INFEASIBLE,OPTIMAL,OPTIMAL
PABPC1,INFEASIBLE,OPTIMAL,OPTIMAL,OPTIMAL
YWHAZ,INFEASIBLE,INFEASIBLE,OPTIMAL,OPTIMAL
ZNF706,INFEASIBLE,OPTIMAL,OPTIMAL,OPTIMAL
NCALD,INFEASIBLE,OPTIMAL,OPTIMAL,OPTIMAL
RRM2B,OPTIMAL,OPTIMAL,OPTIMAL,INFEASIBLE
UBR5,INFEASIBLE,INFEASIBLE,OPTIMAL,INFEASIBLE
AZIN1,INFEASIBLE,INFEASIBLE,OPTIMAL,OPTIMAL
ATP6V1C1,INFEASIBLE,OPTIMAL,OPTIMAL,INFEASIBLE
FZD6,OPTIMAL,OPTIMAL,OPTIMAL,OPTIMAL
SLC25A32,INFEASIBLE,INFEASIBLE,INFEASIBLE,OPTIMAL
DCAF13,INFEASIBLE,INFEASIBLE,OPTIMAL,OPTIMAL
RIMS2,OPTIMAL,OPTIMAL,OPTIMAL,INFEASIBLE
LRP12,OPTIMAL,OPTIMAL,OPTIMAL,OPTIMAL
ZFPM2,OPTIMAL,OPTIMAL,OPTIMAL,OPTIMAL
OXR1,INFEASIBLE,OPTIMAL,INFEASIBLE,INFEASIBLE
EIF3E,INFEASIBLE,INFEASIBLE,OPTIMAL,OPTIMAL
EMC2,INFEASIBLE,OPTIMAL,OPTIMAL,OPTIMAL
NUDCD1,INFEASIBLE,INFEASIBLE,OPTIMAL,INFEASIBLE
ENY2,INFEASIBLE,INFEASIBLE,OPTIMAL,OPTIMAL
EBAG9,INFEASIBLE,INFEASIBLE,OPTIMAL,OPTIMAL
SYBU,OPTIMAL,OPTIMAL,OPTIMAL,OPTIMAL
CSMD3,INFEASIBLE,OPTIMAL,OPTIMAL,OPTIMAL
TRPS1,OPTIMAL,OPTIMAL,INFEASIBLE,INFEASIBLE
EIF3H,INFEASIBLE,INFEASIBLE,OPTIMAL,INFEASIBLE
UTP23,INFEASIBLE,INFEASIBLE,OPTIMAL,OPTIMAL
RAD21,INFEASIBLE,INFEASIBLE,OPTIMAL,INFEASIBLE
MED30,INFEASIBLE,INFEASIBLE,OPTIMAL,OPTIMAL
EXT1,OPTIMAL,OPTIMAL,OPTIMAL,OPTIMAL
SAMD12,INFEASIBLE,OPTIMAL,INFEASIBLE,INFEASIBLE
TAF2,INFEASIBLE,INFEASIBLE,OPTIMAL,INFEASIBLE
DSCC1,INFEASIBLE,INFEASIBLE,INFEASIBLE,OPTIMAL
DEPTOR,OPTIMAL,OPTIMAL,OPTIMAL,OPTIMAL
MRPL13,INFEASIBLE,INFEASIBLE,OPTIMAL,OPTIMAL
MTBP,INFEASIBLE,INFEASIBLE,OPTIMAL,INFEASIBLE
SNTB1,OPTIMAL,OPTIMAL,INFEASIBLE,INFEASIBLE
HAS2,OPTIMAL,OPTIMAL,OPTIMAL,OPTIMAL
ZHX2,INFEASIBLE,INFEASIBLE,INFEASIBLE,OPTIMAL
DERL1,INFEASIBLE,OPTIMAL,OPTIMAL,OPTIMAL
TBC1D31,INFEASIBLE,INFEASIBLE,OPTIMAL,INFEASIBLE
C8orf76,INFEASIBLE,INFEASIBLE,INFEASIBLE,OPTIMAL
ZHX1,OPTIMAL,OPTIMAL,OPTIMAL,OPTIMAL
ATAD2,INFEASIBLE,OPTIMAL,INFEASIBLE,OPTIMAL
NTAQ1,INFEASIBLE,INFEASIBLE,OPTIMAL,OPTIMAL
FBXO32,OPTIMAL,OPTIMAL,INFEASIBLE,OPTIMAL
FAM91A1,OPTIMAL,OPTIMAL,OPTIMAL,OPTIMAL
TMEM65,INFEASIBLE,OPTIMAL,INFEASIBLE,OPTIMAL
TRMT12,INFEASIBLE,INFEASIBLE,OPTIMAL,OPTIMAL
RNF139,INFEASIBLE,INFEASIBLE,OPTIMAL,OPTIMAL
TATDN1,INFEASIBLE,INFEASIBLE,OPTIMAL,OPTIMAL
NDUFB9,INFEASIBLE,INFEASIBLE,OPTIMAL,OPTIMAL
MTSS1,OPTIMAL,OPTIMAL,INFEASIBLE,OPTIMAL
SQLE,INFEASIBLE,INFEASIBLE,INFEASIBLE,OPTIMAL
WASHC5,INFEASIBLE,OPTIMAL,OPTIMAL,OPTIMAL
NSMCE2,INFEASIBLE,INFEASIBLE,INFEASIBLE,INFEASIBLE
TRIB1,INFEASIBLE,OPTIMAL,INFEASIBLE,INFEASIBLE
LRATD2,OPTIMAL,OPTIMAL,OPTIMAL,OPTIMAL
MYC,OPTIMAL,OPTIMAL,INFEASIBLE,OPTIMAL
CYRIB,INFEASIBLE,INFEASIBLE,OPTIMAL,INFEASIBLE
ASAP1,OPTIMAL,OPTIMAL,INFEASIBLE,INFEASIBLE
EFR3A,INFEASIBLE,INFEASIBLE,INFEASIBLE,OPTIMAL
PHF20L1,INFEASIBLE,INFEASIBLE,OPTIMAL,OPTIMAL
NDRG1,INFEASIBLE,INFEASIBLE,OPTIMAL,OPTIMAL
ST3GAL1,OPTIMAL,OPTIMAL,OPTIMAL,OPTIMAL
ZFAT,INFEASIBLE,OPTIMAL,INFEASIBLE,OPTIMAL
KHDRBS3,OPTIMAL,OPTIMAL,OPTIMAL,OPTIMAL
TRAPPC9,OPTIMAL,OPTIMAL,OPTIMAL,INFEASIBLE
CHRAC1,INFEASIBLE,INFEASIBLE,INFEASIBLE,INFEASIBLE
AGO2,INFEASIBLE,OPTIMAL,INFEASIBLE,OPTIMAL
PTK2,OPTIMAL,OPTIMAL,OPTIMAL,OPTIMAL
SLC45A4,OPTIMAL,OPTIMAL,OPTIMAL,INFEASIBLE
TSNARE1,OPTIMAL,OPTIMAL,INFEASIBLE,OPTIMAL
JRK,INFEASIBLE,INFEASIBLE,OPTIMAL,OPTIMAL
THEM6,INFEASIBLE,INFEASIBLE,OPTIMAL,OPTIMAL
LY6E,INFEASIBLE,OPTIMAL,OPTIMAL,OPTIMAL
TOP1MT,INFEASIBLE,OPTIMAL,OPTIMAL,OPTIMAL
ZC3H3,OPTIMAL,OPTIMAL,OPTIMAL,INFEASIBLE
NAPRT,OPTIMAL,OPTIMAL,OPTIMAL,OPTIMAL
EEF1D,OPTIMAL,OPTIMAL,OPTIMAL,OPTIMAL
TIGD5,OPTIMAL,OPTIMAL,OPTIMAL,OPTIMAL
PYCR3,OPTIMAL,OPTIMAL,OPTIMAL,OPTIMAL
GFUS,INFEASIBLE,OPTIMAL,OPTIMAL,OPTIMAL
ZNF623,INFEASIBLE,INFEASIBLE,INFEASIBLE,OPTIMAL
SCRIB,INFEASIBLE,INFEASIBLE,OPTIMAL,OPTIMAL
PUF60,INFEASIBLE,OPTIMAL,OPTIMAL,OPTIMAL
PLEC,OPTIMAL,OPTIMAL,OPTIMAL,INFEASIBLE
GRINA,INFEASIBLE,OPTIMAL,OPTIMAL,OPTIMAL
EXOSC4,INFEASIBLE,INFEASIBLE,OPTIMAL,OPTIMAL
GPAA1,INFEASIBLE,OPTIMAL,OPTIMAL,INFEASIBLE
CYC1,INFEASIBLE,INFEASIBLE,OPTIMAL,OPTIMAL
SHARPIN,OPTIMAL,OPTIMAL,OPTIMAL,OPTIMAL
MAF1,INFEASIBLE,INFEASIBLE,OPTIMAL,OPTIMAL
HGH1,INFEASIBLE,INFEASIBLE,OPTIMAL,OPTIMAL
MROH1,INFEASIBLE,INFEASIBLE,OPTIMAL,OPTIMAL
BOP1,INFEASIBLE,INFEASIBLE,OPTIMAL,OPTIMAL
HSF1,INFEASIBLE,OPTIMAL,OPTIMAL,OPTIMAL
DGAT1,OPTIMAL,INFEASIBLE,OPTIMAL,OPTIMAL
SLC52A2,INFEASIBLE,INFEASIBLE,OPTIMAL,OPTIMAL
FBXL6,INFEASIBLE,INFEASIBLE,OPTIMAL,OPTIMAL
CPSF1,OPTIMAL,OPTIMAL,OPTIMAL,OPTIMAL
SLC39A4,INFEASIBLE,INFEASIBLE,OPTIMAL,OPTIMAL
VPS28,INFEASIBLE,OPTIMAL,OPTIMAL,OPTIMAL
TONSL,INFEASIBLE,INFEASIBLE,OPTIMAL,OPTIMAL
ZFTRAF1,OPTIMAL,OPTIMAL,OPTIMAL,OPTIMAL
TMEM276,OPTIMAL,OPTIMAL,OPTIMAL,OPTIMAL
PPP1R16A,INFEASIBLE,INFEASIBLE,OPTIMAL,OPTIMAL
MFSD3,INFEASIBLE,INFEASIBLE,OPTIMAL,OPTIMAL
RECQL4,INFEASIBLE,INFEASIBLE,OPTIMAL,INFEASIBLE
LRRC14,INFEASIBLE,INFEASIBLE,OPTIMAL,OPTIMAL
C8orf82,INFEASIBLE,INFEASIBLE,OPTIMAL,OPTIMAL
ARHGAP39,INFEASIBLE,INFEASIBLE,INFEASIBLE,OPTIMAL
ZNF251,INFEASIBLE,INFEASIBLE,OPTIMAL,OPTIMAL
ZNF34,INFEASIBLE,INFEASIBLE,INFEASIBLE,OPTIMAL
RPL8,INFEASIBLE,INFEASIBLE,OPTIMAL,OPTIMAL
ZNF7,OPTIMAL,OPTIMAL,INFEASIBLE,INFEASIBLE
COMMD5,INFEASIBLE,OPTIMAL,OPTIMAL,OPTIMAL
ZNF250,INFEASIBLE,INFEASIBLE,INFEASIBLE,OPTIMAL
ZNF16,OPTIMAL,OPTIMAL,OPTIMAL,OPTIMAL
C8orf33,INFEASIBLE,INFEASIBLE,OPTIMAL,OPTIMAL
ZNG1A,INFEASIBLE,OPTIMAL,OPTIMAL,OPTIMAL
DOCK8,OPTIMAL,OPTIMAL,OPTIMAL,OPTIMAL
KANK1,OPTIMAL,OPTIMAL,INFEASIBLE,INFEASIBLE
SMARCA2,OPTIMAL,OPTIMAL,OPTIMAL,INFEASIBLE
PUM3,INFEASIBLE,INFEASIBLE,OPTIMAL,OPTIMAL
RFX3,INFEASIBLE,OPTIMAL,INFEASIBLE,INFEASIBLE
GLIS3,OPTIMAL,OPTIMAL,INFEASIBLE,INFEASIBLE
SLC1A1,OPTIMAL,OPTIMAL,OPTIMAL,OPTIMAL
CDC37L1,INFEASIBLE,INFEASIBLE,OPTIMAL,OPTIMAL
AK3,INFEASIBLE,INFEASIBLE,OPTIMAL,INFEASIBLE
RCL1,INFEASIBLE,INFEASIBLE,OPTIMAL,INFEASIBLE
JAK2,OPTIMAL,OPTIMAL,OPTIMAL,OPTIMAL
PLGRKT,INFEASIBLE,INFEASIBLE,OPTIMAL,OPTIMAL
RIC1,OPTIMAL,OPTIMAL,OPTIMAL,OPTIMAL
ERMP1,INFEASIBLE,OPTIMAL,INFEASIBLE,OPTIMAL
KIAA2026,OPTIMAL,OPTIMAL,INFEASIBLE,OPTIMAL
RANBP6,INFEASIBLE,INFEASIBLE,OPTIMAL,OPTIMAL
UHRF2,OPTIMAL,OPTIMAL,OPTIMAL,OPTIMAL
GLDC,INFEASIBLE,INFEASIBLE,OPTIMAL,INFEASIBLE
KDM4C,OPTIMAL,OPTIMAL,OPTIMAL,OPTIMAL
DMAC1,INFEASIBLE,INFEASIBLE,OPTIMAL,OPTIMAL
PTPRD,OPTIMAL,OPTIMAL,OPTIMAL,OPTIMAL
MPDZ,OPTIMAL,OPTIMAL,OPTIMAL,OPTIMAL
NFIB,OPTIMAL,OPTIMAL,INFEASIBLE,OPTIMAL
ZDHHC21,INFEASIBLE,OPTIMAL,OPTIMAL,OPTIMAL
TTC39B,INFEASIBLE,INFEASIBLE,OPTIMAL,OPTIMAL
SNAPC3,INFEASIBLE,INFEASIBLE,INFEASIBLE,OPTIMAL
PSIP1,INFEASIBLE,INFEASIBLE,OPTIMAL,INFEASIBLE
CCDC171,OPTIMAL,OPTIMAL,OPTIMAL,OPTIMAL
BNC2,OPTIMAL,OPTIMAL,INFEASIBLE,INFEASIBLE
CNTLN,INFEASIBLE,INFEASIBLE,INFEASIBLE,OPTIMAL
SH3GL2,OPTIMAL,OPTIMAL,OPTIMAL,OPTIMAL
ADAMTSL1,OPTIMAL,OPTIMAL,OPTIMAL,OPTIMAL
RRAGA,INFEASIBLE,INFEASIBLE,OPTIMAL,OPTIMAL
HAUS6,INFEASIBLE,INFEASIBLE,INFEASIBLE,INFEASIBLE
PLIN2,INFEASIBLE,INFEASIBLE,OPTIMAL,OPTIMAL
DENND4C,INFEASIBLE,INFEASIBLE,INFEASIBLE,INFEASIBLE
RPS6,INFEASIBLE,INFEASIBLE,INFEASIBLE,OPTIMAL
MLLT3,INFEASIBLE,OPTIMAL,INFEASIBLE,INFEASIBLE
FOCAD,INFEASIBLE,OPTIMAL,INFEASIBLE,INFEASIBLE
KLHL9,INFEASIBLE,INFEASIBLE,OPTIMAL,OPTIMAL
MTAP,INFEASIBLE,OPTIMAL,OPTIMAL,INFEASIBLE
CDKN2A,INFEASIBLE,INFEASIBLE,OPTIMAL,OPTIMAL
CDKN2B,INFEASIBLE,INFEASIBLE,OPTIMAL,INFEASIBLE
ELAVL2,OPTIMAL,OPTIMAL,OPTIMAL,OPTIMAL
TUSC1,INFEASIBLE,INFEASIBLE,OPTIMAL,OPTIMAL
CAAP1,OPTIMAL,OPTIMAL,OPTIMAL,OPTIMAL
PLAA,INFEASIBLE,INFEASIBLE,INFEASIBLE,OPTIMAL
IFT74,INFEASIBLE,INFEASIBLE,OPTIMAL,INFEASIBLE
MOB3B,OPTIMAL,OPTIMAL,OPTIMAL,OPTIMAL
C9orf72,INFEASIBLE,INFEASIBLE,OPTIMAL,OPTIMAL
LINGO2,OPTIMAL,OPTIMAL,OPTIMAL,OPTIMAL
ACO1,INFEASIBLE,INFEASIBLE,OPTIMAL,INFEASIBLE
RIGI,INFEASIBLE,OPTIMAL,OPTIMAL,OPTIMAL
TOPORS,INFEASIBLE,INFEASIBLE,OPTIMAL,OPTIMAL
SMIM27,INFEASIBLE,INFEASIBLE,INFEASIBLE,OPTIMAL
NDUFB6,INFEASIBLE,INFEASIBLE,OPTIMAL,OPTIMAL
APTX,INFEASIBLE,INFEASIBLE,INFEASIBLE,OPTIMAL
DNAJA1,INFEASIBLE,INFEASIBLE,OPTIMAL,OPTIMAL
SMU1,INFEASIBLE,INFEASIBLE,OPTIMAL,INFEASIBLE
B4GALT1,INFEASIBLE,INFEASIBLE,INFEASIBLE,INFEASIBLE
BAG1,INFEASIBLE,OPTIMAL,INFEASIBLE,INFEASIBLE
CHMP5,INFEASIBLE,INFEASIBLE,OPTIMAL,OPTIMAL
NFX1,INFEASIBLE,INFEASIBLE,INFEASIBLE,INFEASIBLE
NOL6,INFEASIBLE,INFEASIBLE,OPTIMAL,OPTIMAL
ANKRD18B,INFEASIBLE,INFEASIBLE,OPTIMAL,OPTIMAL
UBE2R2,INFEASIBLE,OPTIMAL,INFEASIBLE,INFEASIBLE
UBAP2,INFEASIBLE,INFEASIBLE,OPTIMAL,INFEASIBLE
DCAF12,INFEASIBLE,INFEASIBLE,OPTIMAL,OPTIMAL
UBAP1,INFEASIBLE,INFEASIBLE,OPTIMAL,OPTIMAL
KIF24,INFEASIBLE,INFEASIBLE,INFEASIBLE,INFEASIBLE
NUDT2,OPTIMAL,OPTIMAL,OPTIMAL,OPTIMAL
FAM219A,INFEASIBLE,INFEASIBLE,OPTIMAL,OPTIMAL
ENHO,INFEASIBLE,INFEASIBLE,INFEASIBLE,OPTIMAL
RPP25L,INFEASIBLE,INFEASIBLE,OPTIMAL,OPTIMAL
DCTN3,INFEASIBLE,INFEASIBLE,INFEASIBLE,OPTIMAL
SIGMAR1,INFEASIBLE,INFEASIBLE,OPTIMAL,OPTIMAL
GALT,OPTIMAL,OPTIMAL,OPTIMAL,OPTIMAL
ENSG00000187186,INFEASIBLE,INFEASIBLE,OPTIMAL,OPTIMAL
VCP,INFEASIBLE,OPTIMAL,INFEASIBLE,OPTIMAL
FANCG,INFEASIBLE,INFEASIBLE,OPTIMAL,OPTIMAL
PIGO,INFEASIBLE,INFEASIBLE,INFEASIBLE,OPTIMAL
STOML2,INFEASIBLE,INFEASIBLE,INFEASIBLE,OPTIMAL
UNC13B,OPTIMAL,OPTIMAL,OPTIMAL,OPTIMAL
RUSC2,INFEASIBLE,INFEASIBLE,OPTIMAL,OPTIMAL
CCDC107,INFEASIBLE,INFEASIBLE,OPTIMAL,OPTIMAL
ARHGEF39,INFEASIBLE,INFEASIBLE,OPTIMAL,OPTIMAL
TLN1,INFEASIBLE,INFEASIBLE,OPTIMAL,OPTIMAL
CREB3,INFEASIBLE,INFEASIBLE,OPTIMAL,OPTIMAL
GBA2,INFEASIBLE,INFEASIBLE,OPTIMAL,OPTIMAL
RGP1,INFEASIBLE,INFEASIBLE,OPTIMAL,OPTIMAL
HINT2,INFEASIBLE,INFEASIBLE,OPTIMAL,OPTIMAL
RECK,OPTIMAL,OPTIMAL,OPTIMAL,OPTIMAL
GLIPR2,OPTIMAL,OPTIMAL,OPTIMAL,OPTIMAL
CLTA,OPTIMAL,OPTIMAL,OPTIMAL,OPTIMAL
GNE,OPTIMAL,OPTIMAL,OPTIMAL,OPTIMAL
RNF38,OPTIMAL,OPTIMAL,OPTIMAL,INFEASIBLE
MELK,OPTIMAL,OPTIMAL,OPTIMAL,OPTIMAL
ZCCHC7,OPTIMAL,OPTIMAL,INFEASIBLE,INFEASIBLE
GRHPR,INFEASIBLE,INFEASIBLE,OPTIMAL,INFEASIBLE
ZBTB5,INFEASIBLE,OPTIMAL,OPTIMAL,INFEASIBLE
POLR1E,INFEASIBLE,INFEASIBLE,OPTIMAL,OPTIMAL
FBXO10,INFEASIBLE,OPTIMAL,OPTIMAL,OPTIMAL
TOMM5,INFEASIBLE,INFEASIBLE,INFEASIBLE,OPTIMAL
TRMT10B,OPTIMAL,OPTIMAL,INFEASIBLE,OPTIMAL
EXOSC3,OPTIMAL,OPTIMAL,INFEASIBLE,OPTIMAL
DCAF10,INFEASIBLE,OPTIMAL,INFEASIBLE,OPTIMAL
SLC25A51,INFEASIBLE,INFEASIBLE,INFEASIBLE,OPTIMAL
SHB,INFEASIBLE,INFEASIBLE,OPTIMAL,OPTIMAL
ALDH1B1,INFEASIBLE,INFEASIBLE,OPTIMAL,OPTIMAL
IGFBPL1,INFEASIBLE,INFEASIBLE,INFEASIBLE,OPTIMAL
ANKRD18A,OPTIMAL,OPTIMAL,INFEASIBLE,OPTIMAL
CNTNAP3,INFEASIBLE,INFEASIBLE,OPTIMAL,OPTIMAL
ZNG1F,INFEASIBLE,INFEASIBLE,OPTIMAL,OPTIMAL
CNTNAP3B,OPTIMAL,OPTIMAL,OPTIMAL,OPTIMAL
ZNG1E,INFEASIBLE,INFEASIBLE,INFEASIBLE,OPTIMAL
ZNG1C,INFEASIBLE,INFEASIBLE,OPTIMAL,INFEASIBLE
PIP5K1B,OPTIMAL,OPTIMAL,INFEASIBLE,OPTIMAL
PABIR1,INFEASIBLE,INFEASIBLE,OPTIMAL,OPTIMAL
FXN,INFEASIBLE,INFEASIBLE,INFEASIBLE,OPTIMAL
TJP2,INFEASIBLE,OPTIMAL,INFEASIBLE,OPTIMAL
PTAR1,INFEASIBLE,INFEASIBLE,OPTIMAL,OPTIMAL
SMC5,INFEASIBLE,INFEASIBLE,INFEASIBLE,OPTIMAL
KLF9,INFEASIBLE,INFEASIBLE,OPTIMAL,OPTIMAL
TRPM3,INFEASIBLE,OPTIMAL,OPTIMAL,OPTIMAL
CEMIP2,OPTIMAL,OPTIMAL,OPTIMAL,OPTIMAL
ABHD17B,INFEASIBLE,INFEASIBLE,INFEASIBLE,OPTIMAL
C9orf85,OPTIMAL,OPTIMAL,INFEASIBLE,OPTIMAL
ZFAND5,INFEASIBLE,INFEASIBLE,OPTIMAL,INFEASIBLE
RORB,OPTIMAL,OPTIMAL,OPTIMAL,OPTIMAL
TRPM6,OPTIMAL,OPTIMAL,OPTIMAL,OPTIMAL
C9orf40,INFEASIBLE,INFEASIBLE,OPTIMAL,OPTIMAL
CARNMT1,INFEASIBLE,INFEASIBLE,OPTIMAL,OPTIMAL
NMRK1,INFEASIBLE,INFEASIBLE,OPTIMAL,OPTIMAL
OSTF1,INFEASIBLE,INFEASIBLE,OPTIMAL,INFEASIBLE
PCSK5,OPTIMAL,OPTIMAL,INFEASIBLE,INFEASIBLE
RFK,INFEASIBLE,INFEASIBLE,OPTIMAL,OPTIMAL
GCNT1,OPTIMAL,OPTIMAL,OPTIMAL,OPTIMAL
VPS13A,OPTIMAL,OPTIMAL,OPTIMAL,INFEASIBLE
GNAQ,OPTIMAL,OPTIMAL,OPTIMAL,OPTIMAL
CEP78,INFEASIBLE,INFEASIBLE,INFEASIBLE,OPTIMAL
PSAT1,INFEASIBLE,OPTIMAL,INFEASIBLE,INFEASIBLE
TLE4,INFEASIBLE,INFEASIBLE,INFEASIBLE,INFEASIBLE
TLE1,INFEASIBLE,OPTIMAL,INFEASIBLE,INFEASIBLE
RASEF,OPTIMAL,OPTIMAL,OPTIMAL,OPTIMAL
FRMD3,OPTIMAL,OPTIMAL,INFEASIBLE,OPTIMAL
UBQLN1,INFEASIBLE,OPTIMAL,OPTIMAL,OPTIMAL
GKAP1,INFEASIBLE,OPTIMAL,INFEASIBLE,INFEASIBLE
KIF27,INFEASIBLE,OPTIMAL,INFEASIBLE,OPTIMAL
C9orf64,INFEASIBLE,INFEASIBLE,INFEASIBLE,OPTIMAL
HNRNPK,INFEASIBLE,INFEASIBLE,INFEASIBLE,OPTIMAL
RMI1,INFEASIBLE,INFEASIBLE,INFEASIBLE,OPTIMAL
AGTPBP1,OPTIMAL,OPTIMAL,OPTIMAL,OPTIMAL
NAA35,INFEASIBLE,INFEASIBLE,INFEASIBLE,INFEASIBLE
GOLM1,INFEASIBLE,OPTIMAL,OPTIMAL,INFEASIBLE
ISCA1,INFEASIBLE,INFEASIBLE,INFEASIBLE,OPTIMAL
TUT7,INFEASIBLE,INFEASIBLE,INFEASIBLE,OPTIMAL
GAS1,OPTIMAL,OPTIMAL,INFEASIBLE,OPTIMAL
DAPK1,INFEASIBLE,OPTIMAL,OPTIMAL,OPTIMAL
CTSL,INFEASIBLE,INFEASIBLE,OPTIMAL,OPTIMAL
SPIN1,INFEASIBLE,INFEASIBLE,INFEASIBLE,INFEASIBLE
CKS2,INFEASIBLE,INFEASIBLE,OPTIMAL,OPTIMAL
SECISBP2,INFEASIBLE,INFEASIBLE,OPTIMAL,OPTIMAL
SEMA4D,OPTIMAL,OPTIMAL,OPTIMAL,OPTIMAL
SYK,INFEASIBLE,INFEASIBLE,OPTIMAL,OPTIMAL
AUH,INFEASIBLE,INFEASIBLE,INFEASIBLE,OPTIMAL
NFIL3,INFEASIBLE,INFEASIBLE,OPTIMAL,INFEASIBLE
ROR2,INFEASIBLE,OPTIMAL,OPTIMAL,OPTIMAL
SPTLC1,INFEASIBLE,INFEASIBLE,INFEASIBLE,OPTIMAL
IARS1,INFEASIBLE,INFEASIBLE,INFEASIBLE,INFEASIBLE
NOL8,INFEASIBLE,OPTIMAL,OPTIMAL,INFEASIBLE
CENPP,OPTIMAL,OPTIMAL,OPTIMAL,OPTIMAL
OGN,INFEASIBLE,INFEASIBLE,OPTIMAL,OPTIMAL
ECM2,INFEASIBLE,INFEASIBLE,INFEASIBLE,OPTIMAL
IPPK,INFEASIBLE,OPTIMAL,OPTIMAL,OPTIMAL
BICD2,OPTIMAL,OPTIMAL,INFEASIBLE,OPTIMAL
ZNF484,INFEASIBLE,INFEASIBLE,INFEASIBLE,OPTIMAL
CARD19,INFEASIBLE,INFEASIBLE,OPTIMAL,OPTIMAL
NINJ1,INFEASIBLE,OPTIMAL,INFEASIBLE,OPTIMAL
WNK2,INFEASIBLE,INFEASIBLE,OPTIMAL,OPTIMAL
FAM120AOS,OPTIMAL,OPTIMAL,OPTIMAL,OPTIMAL
FAM120A,INFEASIBLE,OPTIMAL,INFEASIBLE,OPTIMAL
PHF2,OPTIMAL,OPTIMAL,OPTIMAL,OPTIMAL
BARX1,INFEASIBLE,INFEASIBLE,OPTIMAL,INFEASIBLE
PTPDC1,INFEASIBLE,OPTIMAL,INFEASIBLE,OPTIMAL
ZNF169,INFEASIBLE,INFEASIBLE,INFEASIBLE,OPTIMAL
MFSD14B,OPTIMAL,OPTIMAL,OPTIMAL,OPTIMAL
AOPEP,INFEASIBLE,OPTIMAL,INFEASIBLE,OPTIMAL
FANCC,INFEASIBLE,INFEASIBLE,INFEASIBLE,OPTIMAL
PTCH1,INFEASIBLE,OPTIMAL,INFEASIBLE,OPTIMAL
ERCC6L2,INFEASIBLE,INFEASIBLE,INFEASIBLE,OPTIMAL
ZNF367,OPTIMAL,OPTIMAL,OPTIMAL,OPTIMAL
HABP4,INFEASIBLE,INFEASIBLE,OPTIMAL,INFEASIBLE
CDC14B,OPTIMAL,OPTIMAL,OPTIMAL,INFEASIBLE
PRXL2C,INFEASIBLE,INFEASIBLE,OPTIMAL,OPTIMAL
ZNF782,INFEASIBLE,INFEASIBLE,OPTIMAL,OPTIMAL
CTSV,INFEASIBLE,OPTIMAL,OPTIMAL,OPTIMAL
TDRD7,INFEASIBLE,INFEASIBLE,OPTIMAL,OPTIMAL
TMOD1,INFEASIBLE,INFEASIBLE,OPTIMAL,OPTIMAL
TSTD2,INFEASIBLE,INFEASIBLE,OPTIMAL,OPTIMAL
NCBP1,OPTIMAL,OPTIMAL,INFEASIBLE,OPTIMAL
XPA,INFEASIBLE,INFEASIBLE,OPTIMAL,OPTIMAL
TRMO,INFEASIBLE,INFEASIBLE,INFEASIBLE,OPTIMAL
ANP32B,INFEASIBLE,INFEASIBLE,OPTIMAL,OPTIMAL
NANS,INFEASIBLE,INFEASIBLE,OPTIMAL,OPTIMAL
TRIM14,OPTIMAL,OPTIMAL,INFEASIBLE,OPTIMAL
CORO2A,OPTIMAL,OPTIMAL,OPTIMAL,OPTIMAL
GABBR2,INFEASIBLE,OPTIMAL,OPTIMAL,OPTIMAL
ANKS6,INFEASIBLE,OPTIMAL,INFEASIBLE,OPTIMAL
GALNT12,INFEASIBLE,INFEASIBLE,OPTIMAL,INFEASIBLE
TGFBR1,INFEASIBLE,INFEASIBLE,OPTIMAL,OPTIMAL
ALG2,INFEASIBLE,INFEASIBLE,OPTIMAL,OPTIMAL
SEC61B,INFEASIBLE,INFEASIBLE,INFEASIBLE,OPTIMAL
STX17,INFEASIBLE,OPTIMAL,OPTIMAL,OPTIMAL
ERP44,INFEASIBLE,INFEASIBLE,INFEASIBLE,OPTIMAL
INVS,INFEASIBLE,OPTIMAL,INFEASIBLE,OPTIMAL
TEX10,INFEASIBLE,INFEASIBLE,OPTIMAL,OPTIMAL
MSANTD3,INFEASIBLE,OPTIMAL,OPTIMAL,INFEASIBLE
TMEFF1,OPTIMAL,OPTIMAL,OPTIMAL,OPTIMAL
MRPL50,INFEASIBLE,INFEASIBLE,OPTIMAL,OPTIMAL
ZNF189,INFEASIBLE,INFEASIBLE,OPTIMAL,OPTIMAL
PGAP4,OPTIMAL,OPTIMAL,OPTIMAL,OPTIMAL
RNF20,INFEASIBLE,INFEASIBLE,OPTIMAL,OPTIMAL
SMC2,INFEASIBLE,INFEASIBLE,OPTIMAL,OPTIMAL
NIPSNAP3A,INFEASIBLE,OPTIMAL,OPTIMAL,OPTIMAL
SLC44A1,INFEASIBLE,INFEASIBLE,INFEASIBLE,OPTIMAL
FSD1L,INFEASIBLE,INFEASIBLE,INFEASIBLE,OPTIMAL
FKTN,INFEASIBLE,INFEASIBLE,INFEASIBLE,OPTIMAL
TMEM38B,INFEASIBLE,INFEASIBLE,OPTIMAL,INFEASIBLE
ZNF462,INFEASIBLE,INFEASIBLE,OPTIMAL,INFEASIBLE
RAD23B,INFEASIBLE,OPTIMAL,OPTIMAL,OPTIMAL
ELP1,INFEASIBLE,OPTIMAL,OPTIMAL,OPTIMAL
ABITRAM,INFEASIBLE,INFEASIBLE,INFEASIBLE,OPTIMAL
CTNNAL1,INFEASIBLE,INFEASIBLE,OPTIMAL,INFEASIBLE
TMEM245,OPTIMAL,OPTIMAL,INFEASIBLE,OPTIMAL
EPB41L4B,OPTIMAL,OPTIMAL,OPTIMAL,OPTIMAL
PTPN3,INFEASIBLE,OPTIMAL,INFEASIBLE,OPTIMAL
PALM2AKAP2,OPTIMAL,OPTIMAL,OPTIMAL,OPTIMAL
TXN,INFEASIBLE,INFEASIBLE,OPTIMAL,OPTIMAL
LPAR1,OPTIMAL,OPTIMAL,OPTIMAL,OPTIMAL
ECPAS,INFEASIBLE,INFEASIBLE,INFEASIBLE,INFEASIBLE
ZNF483,OPTIMAL,OPTIMAL,INFEASIBLE,OPTIMAL
DNAJC25,INFEASIBLE,INFEASIBLE,INFEASIBLE,OPTIMAL
GNG10,INFEASIBLE,INFEASIBLE,INFEASIBLE,INFEASIBLE
UGCG,INFEASIBLE,INFEASIBLE,INFEASIBLE,INFEASIBLE
SUSD1,OPTIMAL,OPTIMAL,OPTIMAL,OPTIMAL
PTBP3,INFEASIBLE,INFEASIBLE,INFEASIBLE,OPTIMAL
HSDL2,INFEASIBLE,OPTIMAL,INFEASIBLE,INFEASIBLE
KIAA1958,OPTIMAL,OPTIMAL,INFEASIBLE,INFEASIBLE
INIP,INFEASIBLE,OPTIMAL,INFEASIBLE,OPTIMAL
SNX30,INFEASIBLE,OPTIMAL,OPTIMAL,INFEASIBLE
ZNF883,INFEASIBLE,INFEASIBLE,OPTIMAL,INFEASIBLE
FKBP15,OPTIMAL,OPTIMAL,OPTIMAL,OPTIMAL
SLC31A1,INFEASIBLE,INFEASIBLE,OPTIMAL,OPTIMAL
CDC26,INFEASIBLE,INFEASIBLE,INFEASIBLE,OPTIMAL
PRPF4,INFEASIBLE,OPTIMAL,INFEASIBLE,OPTIMAL
HDHD3,OPTIMAL,OPTIMAL,OPTIMAL,OPTIMAL
POLE3,INFEASIBLE,INFEASIBLE,INFEASIBLE,INFEASIBLE
ZNF618,OPTIMAL,OPTIMAL,INFEASIBLE,OPTIMAL
COL27A1,OPTIMAL,OPTIMAL,INFEASIBLE,OPTIMAL
WHRN,OPTIMAL,OPTIMAL,OPTIMAL,OPTIMAL
ATP6V1G1,INFEASIBLE,INFEASIBLE,OPTIMAL,OPTIMAL
TMEM268,INFEASIBLE,INFEASIBLE,OPTIMAL,OPTIMAL
ASTN2,OPTIMAL,OPTIMAL,OPTIMAL,OPTIMAL
TRIM32,INFEASIBLE,INFEASIBLE,OPTIMAL,INFEASIBLE
CDK5RAP2,INFEASIBLE,INFEASIBLE,INFEASIBLE,OPTIMAL
MEGF9,INFEASIBLE,INFEASIBLE,INFEASIBLE,OPTIMAL
FBXW2,INFEASIBLE,OPTIMAL,OPTIMAL,INFEASIBLE
B3GALT9,INFEASIBLE,INFEASIBLE,OPTIMAL,OPTIMAL
PSMD5,INFEASIBLE,OPTIMAL,INFEASIBLE,OPTIMAL
PHF19,INFEASIBLE,OPTIMAL,OPTIMAL,OPTIMAL
CNTRL,INFEASIBLE,INFEASIBLE,INFEASIBLE,OPTIMAL
RAB14,INFEASIBLE,INFEASIBLE,OPTIMAL,OPTIMAL
STOM,OPTIMAL,OPTIMAL,OPTIMAL,INFEASIBLE
DAB2IP,INFEASIBLE,OPTIMAL,OPTIMAL,OPTIMAL
TTLL11,OPTIMAL,OPTIMAL,OPTIMAL,OPTIMAL
NDUFA8,INFEASIBLE,INFEASIBLE,OPTIMAL,OPTIMAL
RBM18,INFEASIBLE,INFEASIBLE,OPTIMAL,OPTIMAL
MRRF,INFEASIBLE,INFEASIBLE,OPTIMAL,INFEASIBLE
PDCL,INFEASIBLE,INFEASIBLE,OPTIMAL,OPTIMAL
RC3H2,OPTIMAL,OPTIMAL,INFEASIBLE,OPTIMAL
ZBTB6,INFEASIBLE,INFEASIBLE,OPTIMAL,OPTIMAL
RABGAP1,INFEASIBLE,INFEASIBLE,INFEASIBLE,INFEASIBLE
STRBP,INFEASIBLE,INFEASIBLE,OPTIMAL,OPTIMAL
DENND1A,OPTIMAL,OPTIMAL,INFEASIBLE,INFEASIBLE
NEK6,OPTIMAL,OPTIMAL,OPTIMAL,OPTIMAL
PSMB7,INFEASIBLE,INFEASIBLE,OPTIMAL,OPTIMAL
NR6A1,OPTIMAL,OPTIMAL,INFEASIBLE,INFEASIBLE
RPL35,INFEASIBLE,INFEASIBLE,OPTIMAL,OPTIMAL
ARPC5L,INFEASIBLE,INFEASIBLE,OPTIMAL,OPTIMAL
GOLGA1,INFEASIBLE,INFEASIBLE,INFEASIBLE,OPTIMAL
SCAI,OPTIMAL,OPTIMAL,OPTIMAL,OPTIMAL
PPP6C,INFEASIBLE,OPTIMAL,INFEASIBLE,OPTIMAL
RABEPK,INFEASIBLE,INFEASIBLE,OPTIMAL,INFEASIBLE
HSPA5,INFEASIBLE,INFEASIBLE,OPTIMAL,OPTIMAL
GAPVD1,INFEASIBLE,INFEASIBLE,INFEASIBLE,INFEASIBLE
MAPKAP1,INFEASIBLE,INFEASIBLE,INFEASIBLE,INFEASIBLE
PBX3,OPTIMAL,OPTIMAL,OPTIMAL,OPTIMAL
MVB12B,INFEASIBLE,INFEASIBLE,OPTIMAL,INFEASIBLE
LMX1B,INFEASIBLE,OPTIMAL,OPTIMAL,INFEASIBLE
ZBTB43,INFEASIBLE,INFEASIBLE,INFEASIBLE,OPTIMAL
RALGPS1,INFEASIBLE,OPTIMAL,OPTIMAL,OPTIMAL
GARNL3,INFEASIBLE,INFEASIBLE,INFEASIBLE,OPTIMAL
SLC2A8,INFEASIBLE,INFEASIBLE,OPTIMAL,OPTIMAL
ZNF79,OPTIMAL,INFEASIBLE,OPTIMAL,OPTIMAL
RPL12,INFEASIBLE,INFEASIBLE,INFEASIBLE,OPTIMAL
LRSAM1,INFEASIBLE,INFEASIBLE,INFEASIBLE,OPTIMAL
NIBAN2,INFEASIBLE,INFEASIBLE,OPTIMAL,OPTIMAL
STXBP1,INFEASIBLE,OPTIMAL,INFEASIBLE,OPTIMAL
PTRH1,INFEASIBLE,INFEASIBLE,OPTIMAL,OPTIMAL
TOR2A,INFEASIBLE,INFEASIBLE,OPTIMAL,INFEASIBLE
CDK9,OPTIMAL,OPTIMAL,OPTIMAL,OPTIMAL
FPGS,INFEASIBLE,OPTIMAL,OPTIMAL,OPTIMAL
AK1,INFEASIBLE,OPTIMAL,OPTIMAL,OPTIMAL
ST6GALNAC6,INFEASIBLE,OPTIMAL,OPTIMAL,OPTIMAL
DPM2,INFEASIBLE,INFEASIBLE,OPTIMAL,OPTIMAL
EEIG1,INFEASIBLE,OPTIMAL,OPTIMAL,INFEASIBLE
SLC25A25,INFEASIBLE,INFEASIBLE,INFEASIBLE,OPTIMAL
PTGES2,INFEASIBLE,OPTIMAL,OPTIMAL,OPTIMAL
BBLN,INFEASIBLE,INFEASIBLE,OPTIMAL,OPTIMAL
CIZ1,INFEASIBLE,OPTIMAL,OPTIMAL,OPTIMAL
DNM1,OPTIMAL,OPTIMAL,INFEASIBLE,OPTIMAL
GOLGA2,INFEASIBLE,INFEASIBLE,OPTIMAL,OPTIMAL
SWI5,INFEASIBLE,OPTIMAL,OPTIMAL,OPTIMAL
TRUB2,INFEASIBLE,INFEASIBLE,OPTIMAL,OPTIMAL
COQ4,INFEASIBLE,INFEASIBLE,OPTIMAL,OPTIMAL
SLC27A4,INFEASIBLE,OPTIMAL,OPTIMAL,OPTIMAL
URM1,OPTIMAL,OPTIMAL,OPTIMAL,OPTIMAL
CERCAM,INFEASIBLE,INFEASIBLE,OPTIMAL,OPTIMAL
ODF2,OPTIMAL,OPTIMAL,OPTIMAL,OPTIMAL
GLE1,INFEASIBLE,OPTIMAL,OPTIMAL,OPTIMAL
SPTAN1,INFEASIBLE,INFEASIBLE,INFEASIBLE,INFEASIBLE
DYNC2I2,INFEASIBLE,OPTIMAL,OPTIMAL,OPTIMAL
SET,INFEASIBLE,INFEASIBLE,INFEASIBLE,INFEASIBLE
PKN3,INFEASIBLE,INFEASIBLE,INFEASIBLE,OPTIMAL
ZDHHC12,INFEASIBLE,INFEASIBLE,OPTIMAL,OPTIMAL
ZER1,OPTIMAL,OPTIMAL,OPTIMAL,OPTIMAL
TBC1D13,OPTIMAL,OPTIMAL,OPTIMAL,OPTIMAL
ENDOG,INFEASIBLE,INFEASIBLE,OPTIMAL,OPTIMAL
SPOUT1,INFEASIBLE,OPTIMAL,INFEASIBLE,OPTIMAL
KYAT1,INFEASIBLE,INFEASIBLE,OPTIMAL,OPTIMAL
LRRC8A,INFEASIBLE,INFEASIBLE,OPTIMAL,INFEASIBLE
PHYHD1,INFEASIBLE,INFEASIBLE,OPTIMAL,OPTIMAL
DOLK,INFEASIBLE,INFEASIBLE,OPTIMAL,OPTIMAL
NUP188,INFEASIBLE,INFEASIBLE,INFEASIBLE,OPTIMAL
SH3GLB2,OPTIMAL,OPTIMAL,OPTIMAL,OPTIMAL
MIGA2,OPTIMAL,OPTIMAL,OPTIMAL,OPTIMAL
DOLPP1,INFEASIBLE,INFEASIBLE,OPTIMAL,INFEASIBLE
CRAT,OPTIMAL,OPTIMAL,OPTIMAL,OPTIMAL
PTPA,INFEASIBLE,OPTIMAL,OPTIMAL,OPTIMAL
NTMT1,INFEASIBLE,OPTIMAL,OPTIMAL,OPTIMAL
ASB6,INFEASIBLE,INFEASIBLE,OPTIMAL,OPTIMAL
TOR1B,INFEASIBLE,OPTIMAL,OPTIMAL,INFEASIBLE
TOR1A,INFEASIBLE,INFEASIBLE,OPTIMAL,OPTIMAL
C9orf78,INFEASIBLE,OPTIMAL,OPTIMAL,OPTIMAL
USP20,OPTIMAL,OPTIMAL,OPTIMAL,OPTIMAL
FNBP1,INFEASIBLE,OPTIMAL,INFEASIBLE,OPTIMAL
GPR107,INFEASIBLE,INFEASIBLE,OPTIMAL,OPTIMAL
NCS1,INFEASIBLE,OPTIMAL,OPTIMAL,OPTIMAL
ASS1,OPTIMAL,OPTIMAL,OPTIMAL,OPTIMAL
FUBP3,INFEASIBLE,OPTIMAL,INFEASIBLE,OPTIMAL
EXOSC2,INFEASIBLE,INFEASIBLE,INFEASIBLE,OPTIMAL
ABL1,INFEASIBLE,OPTIMAL,INFEASIBLE,OPTIMAL
LAMC3,OPTIMAL,OPTIMAL,OPTIMAL,OPTIMAL
AIF1L,OPTIMAL,OPTIMAL,OPTIMAL,INFEASIBLE
NUP214,INFEASIBLE,INFEASIBLE,INFEASIBLE,OPTIMAL
PLPP7,INFEASIBLE,OPTIMAL,OPTIMAL,OPTIMAL
PRRC2B,INFEASIBLE,INFEASIBLE,INFEASIBLE,INFEASIBLE
POMT1,INFEASIBLE,INFEASIBLE,OPTIMAL,INFEASIBLE
UCK1,INFEASIBLE,INFEASIBLE,INFEASIBLE,OPTIMAL
RAPGEF1,OPTIMAL,OPTIMAL,OPTIMAL,OPTIMAL
MED27,INFEASIBLE,OPTIMAL,INFEASIBLE,OPTIMAL
SETX,INFEASIBLE,INFEASIBLE,OPTIMAL,OPTIMAL
TTF1,INFEASIBLE,INFEASIBLE,INFEASIBLE,OPTIMAL
DDX31,INFEASIBLE,INFEASIBLE,INFEASIBLE,OPTIMAL
GTF3C4,INFEASIBLE,INFEASIBLE,OPTIMAL,OPTIMAL
SPACA9,INFEASIBLE,OPTIMAL,INFEASIBLE,OPTIMAL
TSC1,INFEASIBLE,OPTIMAL,INFEASIBLE,OPTIMAL
GTF3C5,INFEASIBLE,OPTIMAL,OPTIMAL,OPTIMAL
RALGDS,OPTIMAL,OPTIMAL,OPTIMAL,OPTIMAL
SURF6,INFEASIBLE,INFEASIBLE,OPTIMAL,OPTIMAL
MED22,INFEASIBLE,INFEASIBLE,OPTIMAL,OPTIMAL
RPL7A,INFEASIBLE,INFEASIBLE,OPTIMAL,OPTIMAL
SURF1,INFEASIBLE,INFEASIBLE,OPTIMAL,OPTIMAL
SURF2,INFEASIBLE,INFEASIBLE,OPTIMAL,OPTIMAL
SURF4,INFEASIBLE,INFEASIBLE,OPTIMAL,OPTIMAL
REXO4,INFEASIBLE,INFEASIBLE,INFEASIBLE,INFEASIBLE
ADAMTS13,OPTIMAL,OPTIMAL,OPTIMAL,OPTIMAL
VAV2,OPTIMAL,OPTIMAL,INFEASIBLE,OPTIMAL
BRD3OS,INFEASIBLE,INFEASIBLE,OPTIMAL,OPTIMAL
BRD3,OPTIMAL,OPTIMAL,INFEASIBLE,OPTIMAL
WDR5,INFEASIBLE,INFEASIBLE,INFEASIBLE,OPTIMAL
RXRA,OPTIMAL,OPTIMAL,OPTIMAL,OPTIMAL
PIERCE1,INFEASIBLE,INFEASIBLE,OPTIMAL,OPTIMAL
MRPS2,INFEASIBLE,INFEASIBLE,OPTIMAL,OPTIMAL
CAMSAP1,INFEASIBLE,OPTIMAL,OPTIMAL,OPTIMAL
UBAC1,INFEASIBLE,OPTIMAL,INFEASIBLE,OPTIMAL
NACC2,OPTIMAL,OPTIMAL,OPTIMAL,INFEASIBLE
TMEM250,OPTIMAL,OPTIMAL,OPTIMAL,OPTIMAL
QSOX2,OPTIMAL,OPTIMAL,INFEASIBLE,OPTIMAL
GPSM1,OPTIMAL,OPTIMAL,INFEASIBLE,OPTIMAL
DNLZ,OPTIMAL,OPTIMAL,OPTIMAL,OPTIMAL
SNAPC4,INFEASIBLE,OPTIMAL,OPTIMAL,OPTIMAL
ENTR1,OPTIMAL,OPTIMAL,OPTIMAL,OPTIMAL
PMPCA,INFEASIBLE,INFEASIBLE,OPTIMAL,OPTIMAL
INPP5E,OPTIMAL,OPTIMAL,OPTIMAL,OPTIMAL
SEC16A,INFEASIBLE,OPTIMAL,OPTIMAL,OPTIMAL
EGFL7,OPTIMAL,OPTIMAL,OPTIMAL,OPTIMAL
AGPAT2,INFEASIBLE,INFEASIBLE,OPTIMAL,OPTIMAL
DIPK1B,INFEASIBLE,INFEASIBLE,OPTIMAL,OPTIMAL
TMEM141,INFEASIBLE,INFEASIBLE,INFEASIBLE,OPTIMAL
RABL6,OPTIMAL,OPTIMAL,OPTIMAL,OPTIMAL
PHPT1,INFEASIBLE,INFEASIBLE,INFEASIBLE,OPTIMAL
EDF1,INFEASIBLE,INFEASIBLE,OPTIMAL,OPTIMAL
TRAF2,INFEASIBLE,INFEASIBLE,OPTIMAL,OPTIMAL
FBXW5,OPTIMAL,OPTIMAL,OPTIMAL,OPTIMAL
PAXX,INFEASIBLE,INFEASIBLE,OPTIMAL,OPTIMAL
NPDC1,OPTIMAL,OPTIMAL,OPTIMAL,OPTIMAL
SAPCD2,INFEASIBLE,INFEASIBLE,OPTIMAL,OPTIMAL
MAN1B1,OPTIMAL,OPTIMAL,OPTIMAL,OPTIMAL
SSNA1,INFEASIBLE,INFEASIBLE,OPTIMAL,OPTIMAL
TPRN,OPTIMAL,OPTIMAL,OPTIMAL,OPTIMAL
TMEM203,INFEASIBLE,OPTIMAL,OPTIMAL,OPTIMAL
NDOR1,INFEASIBLE,INFEASIBLE,OPTIMAL,OPTIMAL
TUBB4B,INFEASIBLE,OPTIMAL,OPTIMAL,OPTIMAL
NELFB,INFEASIBLE,OPTIMAL,OPTIMAL,OPTIMAL
NRARP,INFEASIBLE,OPTIMAL,INFEASIBLE,OPTIMAL
EXD3,OPTIMAL,OPTIMAL,OPTIMAL,OPTIMAL
NOXA1,INFEASIBLE,OPTIMAL,OPTIMAL,OPTIMAL
NSMF,INFEASIBLE,OPTIMAL,OPTIMAL,OPTIMAL
MRPL41,INFEASIBLE,INFEASIBLE,OPTIMAL,OPTIMAL
DPH7,INFEASIBLE,INFEASIBLE,INFEASIBLE,OPTIMAL
ZMYND19,INFEASIBLE,INFEASIBLE,OPTIMAL,OPTIMAL
ARRDC1,INFEASIBLE,INFEASIBLE,OPTIMAL,INFEASIBLE
EHMT1,INFEASIBLE,OPTIMAL,INFEASIBLE,OPTIMAL
ZMYND11,OPTIMAL,OPTIMAL,INFEASIBLE,OPTIMAL
DIP2C,OPTIMAL,OPTIMAL,INFEASIBLE,OPTIMAL
LARP4B,INFEASIBLE,INFEASIBLE,INFEASIBLE,INFEASIBLE
GTPBP4,INFEASIBLE,INFEASIBLE,INFEASIBLE,OPTIMAL
IDI1,INFEASIBLE,OPTIMAL,OPTIMAL,INFEASIBLE
WDR37,OPTIMAL,OPTIMAL,OPTIMAL,OPTIMAL
PFKP,OPTIMAL,OPTIMAL,OPTIMAL,OPTIMAL
PITRM1,INFEASIBLE,INFEASIBLE,OPTIMAL,OPTIMAL
KLF6,OPTIMAL,OPTIMAL,OPTIMAL,OPTIMAL
NET1,INFEASIBLE,INFEASIBLE,OPTIMAL,OPTIMAL
ASB13,INFEASIBLE,INFEASIBLE,OPTIMAL,OPTIMAL
TASOR2,INFEASIBLE,INFEASIBLE,OPTIMAL,INFEASIBLE
GDI2,INFEASIBLE,INFEASIBLE,OPTIMAL,OPTIMAL
ANKRD16,INFEASIBLE,INFEASIBLE,OPTIMAL,INFEASIBLE
FBH1,INFEASIBLE,OPTIMAL,OPTIMAL,OPTIMAL
IL2RA,INFEASIBLE,OPTIMAL,INFEASIBLE,OPTIMAL
RBM17,INFEASIBLE,INFEASIBLE,OPTIMAL,INFEASIBLE
PFKFB3,INFEASIBLE,INFEASIBLE,INFEASIBLE,INFEASIBLE
PRKCQ,OPTIMAL,OPTIMAL,OPTIMAL,OPTIMAL
SFMBT2,OPTIMAL,OPTIMAL,OPTIMAL,INFEASIBLE
KIN,INFEASIBLE,INFEASIBLE,INFEASIBLE,OPTIMAL
ATP5F1C,INFEASIBLE,INFEASIBLE,INFEASIBLE,OPTIMAL
TAF3,INFEASIBLE,INFEASIBLE,INFEASIBLE,INFEASIBLE
GATA3,OPTIMAL,OPTIMAL,OPTIMAL,INFEASIBLE
CELF2,OPTIMAL,OPTIMAL,INFEASIBLE,OPTIMAL
USP6NL,INFEASIBLE,OPTIMAL,OPTIMAL,OPTIMAL
PROSER2,INFEASIBLE,INFEASIBLE,INFEASIBLE,INFEASIBLE
UPF2,OPTIMAL,OPTIMAL,OPTIMAL,INFEASIBLE
DHTKD1,INFEASIBLE,OPTIMAL,OPTIMAL,OPTIMAL
SEC61A2,INFEASIBLE,INFEASIBLE,OPTIMAL,OPTIMAL
NUDT5,INFEASIBLE,INFEASIBLE,INFEASIBLE,OPTIMAL
CDC123,INFEASIBLE,INFEASIBLE,OPTIMAL,OPTIMAL
CAMK1D,OPTIMAL,OPTIMAL,OPTIMAL,OPTIMAL
CCDC3,OPTIMAL,OPTIMAL,OPTIMAL,OPTIMAL
OPTN,OPTIMAL,OPTIMAL,OPTIMAL,INFEASIBLE
MCM10,INFEASIBLE,INFEASIBLE,INFEASIBLE,INFEASIBLE
PHYH,INFEASIBLE,INFEASIBLE,OPTIMAL,OPTIMAL
SEPHS1,OPTIMAL,OPTIMAL,OPTIMAL,OPTIMAL
BEND7,OPTIMAL,OPTIMAL,OPTIMAL,OPTIMAL
PRPF18,INFEASIBLE,OPTIMAL,OPTIMAL,OPTIMAL
FRMD4A,OPTIMAL,OPTIMAL,OPTIMAL,OPTIMAL
FAM107B,OPTIMAL,OPTIMAL,OPTIMAL,OPTIMAL
MSANTD7,INFEASIBLE,INFEASIBLE,OPTIMAL,OPTIMAL
HSPA14,INFEASIBLE,INFEASIBLE,INFEASIBLE,OPTIMAL
SUV39H2,INFEASIBLE,INFEASIBLE,OPTIMAL,OPTIMAL
DCLRE1C,OPTIMAL,OPTIMAL,INFEASIBLE,INFEASIBLE
RPP38,INFEASIBLE,OPTIMAL,OPTIMAL,OPTIMAL
NMT2,INFEASIBLE,OPTIMAL,OPTIMAL,INFEASIBLE
FAM171A1,OPTIMAL,OPTIMAL,INFEASIBLE,INFEASIBLE
ITGA8,OPTIMAL,OPTIMAL,OPTIMAL,OPTIMAL
MINDY3,INFEASIBLE,OPTIMAL,OPTIMAL,INFEASIBLE
PTER,OPTIMAL,OPTIMAL,OPTIMAL,OPTIMAL
RSU1,OPTIMAL,OPTIMAL,OPTIMAL,OPTIMAL
TRDMT1,INFEASIBLE,INFEASIBLE,OPTIMAL,OPTIMAL
VIM,INFEASIBLE,INFEASIBLE,OPTIMAL,OPTIMAL
HACD1,INFEASIBLE,INFEASIBLE,INFEASIBLE,OPTIMAL
STAM,INFEASIBLE,OPTIMAL,OPTIMAL,OPTIMAL
CACNB2,OPTIMAL,OPTIMAL,INFEASIBLE,OPTIMAL
NSUN6,OPTIMAL,OPTIMAL,OPTIMAL,INFEASIBLE
ARL5B,INFEASIBLE,OPTIMAL,INFEASIBLE,INFEASIBLE
PLXDC2,INFEASIBLE,OPTIMAL,INFEASIBLE,INFEASIBLE
NEBL,OPTIMAL,OPTIMAL,OPTIMAL,INFEASIBLE
SKIDA1,OPTIMAL,OPTIMAL,OPTIMAL,INFEASIBLE
MLLT10,OPTIMAL,OPTIMAL,INFEASIBLE,OPTIMAL
DNAJC1,INFEASIBLE,INFEASIBLE,INFEASIBLE,INFEASIBLE
COMMD3,INFEASIBLE,INFEASIBLE,OPTIMAL,OPTIMAL
BMI1,INFEASIBLE,OPTIMAL,INFEASIBLE,OPTIMAL
PIP4K2A,INFEASIBLE,INFEASIBLE,INFEASIBLE,OPTIMAL
ARMC3,OPTIMAL,OPTIMAL,OPTIMAL,OPTIMAL
MSRB2,INFEASIBLE,INFEASIBLE,OPTIMAL,OPTIMAL
KIAA1217,OPTIMAL,OPTIMAL,OPTIMAL,OPTIMAL
ARHGAP21,INFEASIBLE,OPTIMAL,OPTIMAL,INFEASIBLE
PRTFDC1,OPTIMAL,OPTIMAL,INFEASIBLE,OPTIMAL
THNSL1,INFEASIBLE,INFEASIBLE,OPTIMAL,OPTIMAL
MYO3A,OPTIMAL,OPTIMAL,INFEASIBLE,OPTIMAL
PDSS1,INFEASIBLE,OPTIMAL,OPTIMAL,OPTIMAL
ABI1,INFEASIBLE,OPTIMAL,OPTIMAL,INFEASIBLE
ANKRD26,INFEASIBLE,INFEASIBLE,INFEASIBLE,INFEASIBLE
YME1L1,INFEASIBLE,INFEASIBLE,INFEASIBLE,INFEASIBLE
MASTL,INFEASIBLE,INFEASIBLE,INFEASIBLE,INFEASIBLE
ACBD5,INFEASIBLE,OPTIMAL,OPTIMAL,INFEASIBLE
RAB18,INFEASIBLE,OPTIMAL,OPTIMAL,OPTIMAL
MKX,OPTIMAL,OPTIMAL,OPTIMAL,OPTIMAL
ODAD2,INFEASIBLE,INFEASIBLE,OPTIMAL,INFEASIBLE
MPP7,OPTIMAL,OPTIMAL,OPTIMAL,OPTIMAL
WAC,OPTIMAL,OPTIMAL,INFEASIBLE,INFEASIBLE
BAMBI,OPTIMAL,OPTIMAL,OPTIMAL,OPTIMAL
SVIL,INFEASIBLE,OPTIMAL,INFEASIBLE,OPTIMAL
JCAD,OPTIMAL,OPTIMAL,INFEASIBLE,OPTIMAL
MTPAP,INFEASIBLE,INFEASIBLE,INFEASIBLE,OPTIMAL
MAP3K8,INFEASIBLE,INFEASIBLE,OPTIMAL,INFEASIBLE
ZNF438,OPTIMAL,OPTIMAL,INFEASIBLE,OPTIMAL
ZEB1,OPTIMAL,OPTIMAL,INFEASIBLE,INFEASIBLE
ARHGAP12,OPTIMAL,OPTIMAL,OPTIMAL,OPTIMAL
KIF5B,INFEASIBLE,INFEASIBLE,INFEASIBLE,OPTIMAL
EPC1,OPTIMAL,OPTIMAL,OPTIMAL,OPTIMAL
CCDC7,OPTIMAL,OPTIMAL,OPTIMAL,OPTIMAL
ITGB1,OPTIMAL,OPTIMAL,OPTIMAL,OPTIMAL
NRP1,OPTIMAL,OPTIMAL,INFEASIBLE,OPTIMAL
PARD3,OPTIMAL,OPTIMAL,OPTIMAL,OPTIMAL
CUL2,INFEASIBLE,INFEASIBLE,OPTIMAL,INFEASIBLE
CREM,INFEASIBLE,OPTIMAL,OPTIMAL,INFEASIBLE
CCNY,OPTIMAL,OPTIMAL,INFEASIBLE,OPTIMAL
FZD8,OPTIMAL,OPTIMAL,OPTIMAL,OPTIMAL
ZNF248,OPTIMAL,OPTIMAL,OPTIMAL,OPTIMAL
ZNF33A,OPTIMAL,OPTIMAL,INFEASIBLE,OPTIMAL
ZNF37A,INFEASIBLE,INFEASIBLE,OPTIMAL,OPTIMAL
ZNF33B,OPTIMAL,OPTIMAL,INFEASIBLE,OPTIMAL
BMS1,INFEASIBLE,INFEASIBLE,OPTIMAL,OPTIMAL
CSGALNACT2,INFEASIBLE,OPTIMAL,OPTIMAL,INFEASIBLE
HNRNPF,INFEASIBLE,INFEASIBLE,OPTIMAL,OPTIMAL
ZNF239,INFEASIBLE,INFEASIBLE,OPTIMAL,OPTIMAL
ZNF485,INFEASIBLE,INFEASIBLE,OPTIMAL,OPTIMAL
ZNF32,OPTIMAL,OPTIMAL,OPTIMAL,OPTIMAL
ZNF22,INFEASIBLE,INFEASIBLE,INFEASIBLE,OPTIMAL
MARCHF8,INFEASIBLE,OPTIMAL,INFEASIBLE,OPTIMAL
ZFAND4,INFEASIBLE,OPTIMAL,OPTIMAL,INFEASIBLE
WASHC2C,INFEASIBLE,OPTIMAL,OPTIMAL,OPTIMAL
TIMM23,INFEASIBLE,INFEASIBLE,OPTIMAL,OPTIMAL
NCOA4,INFEASIBLE,INFEASIBLE,OPTIMAL,OPTIMAL
FAM25G,INFEASIBLE,OPTIMAL,INFEASIBLE,OPTIMAL
MAPK8,INFEASIBLE,INFEASIBLE,OPTIMAL,INFEASIBLE
ARHGAP22,OPTIMAL,OPTIMAL,OPTIMAL,INFEASIBLE
ERCC6,INFEASIBLE,INFEASIBLE,OPTIMAL,OPTIMAL
PARG,OPTIMAL,OPTIMAL,INFEASIBLE,INFEASIBLE
TIMM23B,INFEASIBLE,INFEASIBLE,OPTIMAL,OPTIMAL
AGAP6,INFEASIBLE,INFEASIBLE,OPTIMAL,INFEASIBLE
WASHC2A,INFEASIBLE,INFEASIBLE,INFEASIBLE,OPTIMAL
SGMS1,OPTIMAL,OPTIMAL,INFEASIBLE,INFEASIBLE
PRKG1,OPTIMAL,OPTIMAL,INFEASIBLE,OPTIMAL
CSTF2T,INFEASIBLE,INFEASIBLE,OPTIMAL,OPTIMAL
PCDH15,OPTIMAL,OPTIMAL,OPTIMAL,OPTIMAL
ZWINT,INFEASIBLE,INFEASIBLE,OPTIMAL,OPTIMAL
IPMK,INFEASIBLE,INFEASIBLE,OPTIMAL,INFEASIBLE
CISD1,INFEASIBLE,INFEASIBLE,INFEASIBLE,OPTIMAL
UBE2D1,INFEASIBLE,INFEASIBLE,OPTIMAL,INFEASIBLE
TFAM,INFEASIBLE,INFEASIBLE,INFEASIBLE,OPTIMAL
BICC1,OPTIMAL,OPTIMAL,OPTIMAL,OPTIMAL
FAM13C,INFEASIBLE,OPTIMAL,OPTIMAL,OPTIMAL
SLC16A9,OPTIMAL,OPTIMAL,OPTIMAL,OPTIMAL
CCDC6,INFEASIBLE,INFEASIBLE,OPTIMAL,OPTIMAL
ANK3,OPTIMAL,OPTIMAL,OPTIMAL,INFEASIBLE
CDK1,INFEASIBLE,INFEASIBLE,INFEASIBLE,OPTIMAL
RHOBTB1,OPTIMAL,OPTIMAL,OPTIMAL,OPTIMAL
ARID5B,OPTIMAL,OPTIMAL,OPTIMAL,OPTIMAL
RTKN2,INFEASIBLE,INFEASIBLE,INFEASIBLE,INFEASIBLE
ADO,OPTIMAL,OPTIMAL,OPTIMAL,OPTIMAL
NRBF2,INFEASIBLE,INFEASIBLE,INFEASIBLE,OPTIMAL
JMJD1C,OPTIMAL,OPTIMAL,INFEASIBLE,OPTIMAL
REEP3,INFEASIBLE,INFEASIBLE,OPTIMAL,OPTIMAL
CTNNA3,OPTIMAL,OPTIMAL,OPTIMAL,OPTIMAL
DNAJC12,OPTIMAL,OPTIMAL,OPTIMAL,OPTIMAL
SIRT1,INFEASIBLE,INFEASIBLE,INFEASIBLE,INFEASIBLE
HERC4,INFEASIBLE,OPTIMAL,INFEASIBLE,INFEASIBLE
PBLD,INFEASIBLE,INFEASIBLE,OPTIMAL,OPTIMAL
HNRNPH3,INFEASIBLE,INFEASIBLE,OPTIMAL,OPTIMAL
RUFY2,INFEASIBLE,OPTIMAL,OPTIMAL,OPTIMAL
DNA2,INFEASIBLE,INFEASIBLE,OPTIMAL,INFEASIBLE
SLC25A16,INFEASIBLE,OPTIMAL,INFEASIBLE,INFEASIBLE
TET1,INFEASIBLE,OPTIMAL,OPTIMAL,OPTIMAL
CCAR1,INFEASIBLE,INFEASIBLE,OPTIMAL,INFEASIBLE
STOX1,INFEASIBLE,INFEASIBLE,OPTIMAL,OPTIMAL
DDX50,INFEASIBLE,OPTIMAL,OPTIMAL,INFEASIBLE
DDX21,INFEASIBLE,INFEASIBLE,OPTIMAL,OPTIMAL
KIFBP,INFEASIBLE,INFEASIBLE,OPTIMAL,INFEASIBLE
VPS26A,INFEASIBLE,INFEASIBLE,INFEASIBLE,OPTIMAL
SUPV3L1,INFEASIBLE,INFEASIBLE,OPTIMAL,INFEASIBLE
HK1,OPTIMAL,OPTIMAL,OPTIMAL,OPTIMAL
TSPAN15,OPTIMAL,INFEASIBLE,OPTIMAL,OPTIMAL
FAM241B,INFEASIBLE,INFEASIBLE,INFEASIBLE,OPTIMAL
MACROH2A2,OPTIMAL,OPTIMAL,OPTIMAL,INFEASIBLE
TYSND1,INFEASIBLE,INFEASIBLE,OPTIMAL,OPTIMAL
SAR1A,INFEASIBLE,INFEASIBLE,OPTIMAL,OPTIMAL
PPA1,INFEASIBLE,INFEASIBLE,INFEASIBLE,INFEASIBLE
LRRC20,OPTIMAL,OPTIMAL,INFEASIBLE,OPTIMAL
EIF4EBP2,INFEASIBLE,INFEASIBLE,INFEASIBLE,OPTIMAL
PALD1,OPTIMAL,OPTIMAL,OPTIMAL,OPTIMAL
SGPL1,INFEASIBLE,INFEASIBLE,OPTIMAL,INFEASIBLE
PCBD1,INFEASIBLE,INFEASIBLE,OPTIMAL,INFEASIBLE
UNC5B,OPTIMAL,OPTIMAL,OPTIMAL,OPTIMAL
PSAP,INFEASIBLE,INFEASIBLE,OPTIMAL,INFEASIBLE
CHST3,INFEASIBLE,INFEASIBLE,INFEASIBLE,OPTIMAL
ASCC1,OPTIMAL,OPTIMAL,OPTIMAL,OPTIMAL
ANAPC16,INFEASIBLE,INFEASIBLE,INFEASIBLE,OPTIMAL
DDIT4,INFEASIBLE,INFEASIBLE,OPTIMAL,OPTIMAL
DNAJB12,INFEASIBLE,INFEASIBLE,OPTIMAL,OPTIMAL
MICU1,INFEASIBLE,OPTIMAL,INFEASIBLE,OPTIMAL
MCU,INFEASIBLE,OPTIMAL,INFEASIBLE,INFEASIBLE
P4HA1,INFEASIBLE,INFEASIBLE,OPTIMAL,INFEASIBLE
NUDT13,INFEASIBLE,OPTIMAL,OPTIMAL,OPTIMAL
ECD,INFEASIBLE,INFEASIBLE,OPTIMAL,OPTIMAL
FAM149B1,OPTIMAL,OPTIMAL,OPTIMAL,OPTIMAL
DNAJC9,INFEASIBLE,OPTIMAL,OPTIMAL,OPTIMAL
MRPS16,INFEASIBLE,INFEASIBLE,OPTIMAL,OPTIMAL
ANXA7,INFEASIBLE,INFEASIBLE,OPTIMAL,OPTIMAL
PPP3CB,OPTIMAL,OPTIMAL,INFEASIBLE,OPTIMAL
USP54,INFEASIBLE,INFEASIBLE,INFEASIBLE,INFEASIBLE
SEC24C,OPTIMAL,OPTIMAL,OPTIMAL,OPTIMAL
FUT11,OPTIMAL,OPTIMAL,INFEASIBLE,OPTIMAL
CHCHD1,INFEASIBLE,INFEASIBLE,INFEASIBLE,OPTIMAL
ZSWIM8,INFEASIBLE,INFEASIBLE,INFEASIBLE,OPTIMAL
NDST2,INFEASIBLE,INFEASIBLE,OPTIMAL,OPTIMAL
CAMK2G,OPTIMAL,OPTIMAL,OPTIMAL,OPTIMAL
VCL,INFEASIBLE,INFEASIBLE,INFEASIBLE,OPTIMAL
AP3M1,OPTIMAL,OPTIMAL,OPTIMAL,INFEASIBLE
ADK,OPTIMAL,OPTIMAL,INFEASIBLE,INFEASIBLE
KAT6B,OPTIMAL,OPTIMAL,INFEASIBLE,OPTIMAL
SAMD8,INFEASIBLE,OPTIMAL,INFEASIBLE,INFEASIBLE
VDAC2,INFEASIBLE,INFEASIBLE,OPTIMAL,OPTIMAL
COMTD1,INFEASIBLE,INFEASIBLE,INFEASIBLE,OPTIMAL
ZNF503,INFEASIBLE,INFEASIBLE,OPTIMAL,OPTIMAL
LRMDA,INFEASIBLE,OPTIMAL,OPTIMAL,OPTIMAL
DLG5,INFEASIBLE,OPTIMAL,INFEASIBLE,OPTIMAL
POLR3A,INFEASIBLE,INFEASIBLE,INFEASIBLE,OPTIMAL
RPS24,INFEASIBLE,INFEASIBLE,INFEASIBLE,OPTIMAL
ZMIZ1,OPTIMAL,OPTIMAL,OPTIMAL,OPTIMAL
PPIF,OPTIMAL,OPTIMAL,OPTIMAL,OPTIMAL
ZCCHC24,INFEASIBLE,INFEASIBLE,OPTIMAL,OPTIMAL
EIF5AL1,INFEASIBLE,INFEASIBLE,OPTIMAL,OPTIMAL
TMEM254,INFEASIBLE,INFEASIBLE,OPTIMAL,OPTIMAL
ANXA11,INFEASIBLE,INFEASIBLE,OPTIMAL,OPTIMAL
PRXL2A,OPTIMAL,OPTIMAL,OPTIMAL,OPTIMAL
TSPAN14,OPTIMAL,OPTIMAL,OPTIMAL,OPTIMAL
GHITM,INFEASIBLE,INFEASIBLE,OPTIMAL,OPTIMAL
CCSER2,INFEASIBLE,OPTIMAL,INFEASIBLE,INFEASIBLE
GRID1,OPTIMAL,OPTIMAL,OPTIMAL,OPTIMAL
WAPL,INFEASIBLE,OPTIMAL,INFEASIBLE,INFEASIBLE
BMPR1A,OPTIMAL,OPTIMAL,OPTIMAL,OPTIMAL
GLUD1,INFEASIBLE,INFEASIBLE,INFEASIBLE,OPTIMAL
SHLD2,INFEASIBLE,INFEASIBLE,OPTIMAL,INFEASIBLE
MINPP1,INFEASIBLE,INFEASIBLE,OPTIMAL,OPTIMAL
PAPSS2,OPTIMAL,OPTIMAL,OPTIMAL,OPTIMAL
ATAD1,INFEASIBLE,INFEASIBLE,INFEASIBLE,INFEASIBLE
PTEN,INFEASIBLE,INFEASIBLE,OPTIMAL,INFEASIBLE
STAMBPL1,OPTIMAL,OPTIMAL,OPTIMAL,OPTIMAL
LIPA,OPTIMAL,OPTIMAL,OPTIMAL,OPTIMAL
IFIT5,INFEASIBLE,INFEASIBLE,OPTIMAL,OPTIMAL
PANK1,INFEASIBLE,OPTIMAL,OPTIMAL,OPTIMAL
KIF20B,INFEASIBLE,INFEASIBLE,OPTIMAL,OPTIMAL
RPP30,INFEASIBLE,INFEASIBLE,OPTIMAL,OPTIMAL
PCGF5,OPTIMAL,OPTIMAL,OPTIMAL,OPTIMAL
HECTD2,OPTIMAL,OPTIMAL,OPTIMAL,INFEASIBLE
TNKS2,INFEASIBLE,INFEASIBLE,INFEASIBLE,INFEASIBLE
BTAF1,INFEASIBLE,OPTIMAL,INFEASIBLE,INFEASIBLE
CPEB3,INFEASIBLE,INFEASIBLE,OPTIMAL,INFEASIBLE
MARCHF5,INFEASIBLE,INFEASIBLE,INFEASIBLE,OPTIMAL
IDE,INFEASIBLE,INFEASIBLE,INFEASIBLE,OPTIMAL
KIF11,INFEASIBLE,INFEASIBLE,INFEASIBLE,INFEASIBLE
EXOC6,INFEASIBLE,OPTIMAL,INFEASIBLE,OPTIMAL
CEP55,INFEASIBLE,INFEASIBLE,INFEASIBLE,INFEASIBLE
FRA10AC1,INFEASIBLE,INFEASIBLE,OPTIMAL,OPTIMAL
SLC35G1,INFEASIBLE,INFEASIBLE,OPTIMAL,OPTIMAL
PLCE1,OPTIMAL,OPTIMAL,OPTIMAL,OPTIMAL
NOC3L,INFEASIBLE,INFEASIBLE,OPTIMAL,OPTIMAL
TBC1D12,INFEASIBLE,OPTIMAL,OPTIMAL,OPTIMAL
HELLS,INFEASIBLE,INFEASIBLE,INFEASIBLE,INFEASIBLE
PDLIM1,INFEASIBLE,INFEASIBLE,OPTIMAL,INFEASIBLE
SORBS1,OPTIMAL,OPTIMAL,OPTIMAL,OPTIMAL
ALDH18A1,INFEASIBLE,INFEASIBLE,INFEASIBLE,INFEASIBLE
TCTN3,INFEASIBLE,OPTIMAL,INFEASIBLE,OPTIMAL
CCNJ,INFEASIBLE,OPTIMAL,OPTIMAL,OPTIMAL
ZNF518A,INFEASIBLE,INFEASIBLE,INFEASIBLE,OPTIMAL
TM9SF3,INFEASIBLE,INFEASIBLE,OPTIMAL,INFEASIBLE
PIK3AP1,INFEASIBLE,OPTIMAL,OPTIMAL,OPTIMAL
LCOR,INFEASIBLE,OPTIMAL,INFEASIBLE,OPTIMAL
ARHGAP19,OPTIMAL,OPTIMAL,INFEASIBLE,OPTIMAL
FRAT2,INFEASIBLE,INFEASIBLE,OPTIMAL,OPTIMAL
RRP12,OPTIMAL,OPTIMAL,INFEASIBLE,OPTIMAL
PGAM1,INFEASIBLE,INFEASIBLE,OPTIMAL,OPTIMAL
EXOSC1,INFEASIBLE,INFEASIBLE,OPTIMAL,OPTIMAL
ZDHHC16,INFEASIBLE,INFEASIBLE,INFEASIBLE,OPTIMAL
MMS19,INFEASIBLE,INFEASIBLE,OPTIMAL,OPTIMAL
UBTD1,OPTIMAL,OPTIMAL,OPTIMAL,OPTIMAL
MORN4,INFEASIBLE,OPTIMAL,OPTIMAL,OPTIMAL
PI4K2A,OPTIMAL,OPTIMAL,OPTIMAL,OPTIMAL
AVPI1,INFEASIBLE,INFEASIBLE,OPTIMAL,OPTIMAL
MARVELD1,INFEASIBLE,INFEASIBLE,OPTIMAL,OPTIMAL
ZFYVE27,OPTIMAL,OPTIMAL,OPTIMAL,OPTIMAL
R3HCC1L,INFEASIBLE,INFEASIBLE,INFEASIBLE,OPTIMAL
HPS1,INFEASIBLE,INFEASIBLE,OPTIMAL,OPTIMAL
CNNM1,OPTIMAL,OPTIMAL,OPTIMAL,OPTIMAL
GOT1,INFEASIBLE,INFEASIBLE,OPTIMAL,OPTIMAL
SLC25A28,INFEASIBLE,OPTIMAL,OPTIMAL,OPTIMAL
ENTPD7,INFEASIBLE,INFEASIBLE,OPTIMAL,INFEASIBLE
CUTC,INFEASIBLE,INFEASIBLE,OPTIMAL,OPTIMAL
COX15,INFEASIBLE,INFEASIBLE,INFEASIBLE,INFEASIBLE
DNMBP,INFEASIBLE,OPTIMAL,OPTIMAL,OPTIMAL
ERLIN1,INFEASIBLE,INFEASIBLE,OPTIMAL,OPTIMAL
CHUK,INFEASIBLE,INFEASIBLE,INFEASIBLE,OPTIMAL
CWF19L1,INFEASIBLE,INFEASIBLE,OPTIMAL,OPTIMAL
BLOC1S2,INFEASIBLE,INFEASIBLE,OPTIMAL,OPTIMAL
SCD,INFEASIBLE,INFEASIBLE,INFEASIBLE,OPTIMAL
NDUFB8,INFEASIBLE,INFEASIBLE,OPTIMAL,OPTIMAL
HIF1AN,INFEASIBLE,INFEASIBLE,INFEASIBLE,INFEASIBLE
SLF2,INFEASIBLE,INFEASIBLE,INFEASIBLE,INFEASIBLE
MRPL43,INFEASIBLE,INFEASIBLE,OPTIMAL,OPTIMAL
TWNK,INFEASIBLE,INFEASIBLE,INFEASIBLE,OPTIMAL
LZTS2,OPTIMAL,OPTIMAL,OPTIMAL,OPTIMAL
BTRC,INFEASIBLE,INFEASIBLE,INFEASIBLE,INFEASIBLE
DPCD,INFEASIBLE,INFEASIBLE,OPTIMAL,OPTIMAL
POLL,INFEASIBLE,INFEASIBLE,OPTIMAL,OPTIMAL
FBXW4,OPTIMAL,OPTIMAL,OPTIMAL,OPTIMAL
NPM3,INFEASIBLE,INFEASIBLE,OPTIMAL,OPTIMAL
OGA,INFEASIBLE,INFEASIBLE,OPTIMAL,INFEASIBLE
ARMH3,OPTIMAL,OPTIMAL,INFEASIBLE,INFEASIBLE
HPS6,OPTIMAL,OPTIMAL,OPTIMAL,OPTIMAL
LDB1,OPTIMAL,OPTIMAL,OPTIMAL,OPTIMAL
PPRC1,INFEASIBLE,INFEASIBLE,OPTIMAL,INFEASIBLE
NOLC1,OPTIMAL,OPTIMAL,OPTIMAL,INFEASIBLE
GBF1,OPTIMAL,OPTIMAL,OPTIMAL,INFEASIBLE
FBXL15,INFEASIBLE,INFEASIBLE,OPTIMAL,OPTIMAL
CUEDC2,INFEASIBLE,OPTIMAL,INFEASIBLE,OPTIMAL
C10orf95,INFEASIBLE,INFEASIBLE,OPTIMAL,OPTIMAL
MFSD13A,INFEASIBLE,INFEASIBLE,INFEASIBLE,OPTIMAL
ACTR1A,INFEASIBLE,INFEASIBLE,OPTIMAL,OPTIMAL
SUFU,INFEASIBLE,OPTIMAL,OPTIMAL,OPTIMAL
TRIM8,OPTIMAL,OPTIMAL,OPTIMAL,OPTIMAL
ARL3,INFEASIBLE,INFEASIBLE,OPTIMAL,OPTIMAL
SFXN2,OPTIMAL,OPTIMAL,OPTIMAL,INFEASIBLE
WBP1L,INFEASIBLE,INFEASIBLE,INFEASIBLE,INFEASIBLE
BORCS7,INFEASIBLE,INFEASIBLE,OPTIMAL,OPTIMAL
AS3MT,OPTIMAL,OPTIMAL,OPTIMAL,OPTIMAL
CNNM2,INFEASIBLE,OPTIMAL,INFEASIBLE,INFEASIBLE
NT5C2,OPTIMAL,OPTIMAL,OPTIMAL,OPTIMAL
PCGF6,INFEASIBLE,INFEASIBLE,INFEASIBLE,OPTIMAL
TAF5,INFEASIBLE,INFEASIBLE,OPTIMAL,OPTIMAL
ATP5MK,INFEASIBLE,INFEASIBLE,INFEASIBLE,OPTIMAL
PDCD11,INFEASIBLE,INFEASIBLE,INFEASIBLE,OPTIMAL
SH3PXD2A,OPTIMAL,OPTIMAL,OPTIMAL,OPTIMAL
STN1,INFEASIBLE,INFEASIBLE,OPTIMAL,OPTIMAL
SLK,OPTIMAL,OPTIMAL,INFEASIBLE,OPTIMAL
SFR1,INFEASIBLE,INFEASIBLE,OPTIMAL,OPTIMAL
GSTO1,INFEASIBLE,INFEASIBLE,INFEASIBLE,OPTIMAL
GSTO2,INFEASIBLE,INFEASIBLE,OPTIMAL,OPTIMAL
XPNPEP1,INFEASIBLE,OPTIMAL,OPTIMAL,OPTIMAL
ADD3,INFEASIBLE,OPTIMAL,INFEASIBLE,INFEASIBLE
MXI1,OPTIMAL,OPTIMAL,OPTIMAL,OPTIMAL
SMNDC1,INFEASIBLE,OPTIMAL,OPTIMAL,INFEASIBLE
SMC3,INFEASIBLE,INFEASIBLE,INFEASIBLE,OPTIMAL
RBM20,INFEASIBLE,INFEASIBLE,INFEASIBLE,INFEASIBLE
PDCD4,INFEASIBLE,INFEASIBLE,INFEASIBLE,INFEASIBLE
BBIP1,INFEASIBLE,INFEASIBLE,INFEASIBLE,OPTIMAL
SHOC2,INFEASIBLE,INFEASIBLE,INFEASIBLE,OPTIMAL
GPAM,INFEASIBLE,INFEASIBLE,OPTIMAL,OPTIMAL
ZDHHC6,INFEASIBLE,INFEASIBLE,INFEASIBLE,OPTIMAL
VTI1A,INFEASIBLE,INFEASIBLE,OPTIMAL,INFEASIBLE
TCF7L2,OPTIMAL,OPTIMAL,OPTIMAL,INFEASIBLE
CASP7,INFEASIBLE,INFEASIBLE,OPTIMAL,INFEASIBLE
DCLRE1A,INFEASIBLE,OPTIMAL,OPTIMAL,OPTIMAL
NHLRC2,INFEASIBLE,INFEASIBLE,OPTIMAL,INFEASIBLE
CCDC186,INFEASIBLE,OPTIMAL,OPTIMAL,INFEASIBLE
ABLIM1,OPTIMAL,OPTIMAL,OPTIMAL,OPTIMAL
FHIP2A,OPTIMAL,OPTIMAL,OPTIMAL,OPTIMAL
TRUB1,INFEASIBLE,INFEASIBLE,INFEASIBLE,OPTIMAL
ATRNL1,OPTIMAL,OPTIMAL,INFEASIBLE,OPTIMAL
HSPA12A,INFEASIBLE,INFEASIBLE,OPTIMAL,OPTIMAL
SHTN1,OPTIMAL,OPTIMAL,OPTIMAL,INFEASIBLE
PDZD8,INFEASIBLE,OPTIMAL,INFEASIBLE,OPTIMAL
EMX2,OPTIMAL,OPTIMAL,OPTIMAL,OPTIMAL
RAB11FIP2,INFEASIBLE,INFEASIBLE,OPTIMAL,INFEASIBLE
FAM204A,INFEASIBLE,INFEASIBLE,INFEASIBLE,OPTIMAL
CACUL1,INFEASIBLE,INFEASIBLE,INFEASIBLE,OPTIMAL
NANOS1,OPTIMAL,OPTIMAL,OPTIMAL,OPTIMAL
EIF3A,INFEASIBLE,INFEASIBLE,OPTIMAL,OPTIMAL
DENND10,OPTIMAL,OPTIMAL,INFEASIBLE,OPTIMAL
SFXN4,INFEASIBLE,INFEASIBLE,INFEASIBLE,OPTIMAL
PRDX3,INFEASIBLE,INFEASIBLE,OPTIMAL,OPTIMAL
GRK5,OPTIMAL,OPTIMAL,INFEASIBLE,OPTIMAL
RGS10,INFEASIBLE,INFEASIBLE,OPTIMAL,OPTIMAL
TIAL1,INFEASIBLE,INFEASIBLE,INFEASIBLE,INFEASIBLE
BAG3,INFEASIBLE,INFEASIBLE,OPTIMAL,OPTIMAL
INPP5F,OPTIMAL,OPTIMAL,INFEASIBLE,INFEASIBLE
MCMBP,INFEASIBLE,OPTIMAL,OPTIMAL,OPTIMAL
SEC23IP,INFEASIBLE,INFEASIBLE,OPTIMAL,OPTIMAL
PLPP4,INFEASIBLE,INFEASIBLE,INFEASIBLE,OPTIMAL
WDR11,INFEASIBLE,INFEASIBLE,OPTIMAL,OPTIMAL
FGFR2,INFEASIBLE,OPTIMAL,OPTIMAL,OPTIMAL
ATE1,INFEASIBLE,INFEASIBLE,OPTIMAL,INFEASIBLE
NSMCE4A,INFEASIBLE,INFEASIBLE,OPTIMAL,OPTIMAL
TACC2,OPTIMAL,OPTIMAL,OPTIMAL,OPTIMAL
PLEKHA1,INFEASIBLE,INFEASIBLE,OPTIMAL,OPTIMAL
C10orf88,INFEASIBLE,INFEASIBLE,OPTIMAL,INFEASIBLE
PSTK,OPTIMAL,OPTIMAL,OPTIMAL,OPTIMAL
IKZF5,OPTIMAL,OPTIMAL,OPTIMAL,OPTIMAL
ACADSB,INFEASIBLE,INFEASIBLE,OPTIMAL,INFEASIBLE
BUB3,INFEASIBLE,INFEASIBLE,INFEASIBLE,OPTIMAL
CHST15,OPTIMAL,OPTIMAL,OPTIMAL,OPTIMAL
OAT,INFEASIBLE,INFEASIBLE,OPTIMAL,INFEASIBLE
LHPP,OPTIMAL,OPTIMAL,OPTIMAL,OPTIMAL
FAM53B,INFEASIBLE,INFEASIBLE,OPTIMAL,OPTIMAL
EEF1AKMT2,INFEASIBLE,INFEASIBLE,INFEASIBLE,INFEASIBLE
ABRAXAS2,INFEASIBLE,INFEASIBLE,INFEASIBLE,OPTIMAL
ZRANB1,INFEASIBLE,OPTIMAL,OPTIMAL,OPTIMAL
CTBP2,INFEASIBLE,INFEASIBLE,INFEASIBLE,INFEASIBLE
EDRF1,INFEASIBLE,OPTIMAL,OPTIMAL,OPTIMAL
UROS,INFEASIBLE,OPTIMAL,OPTIMAL,OPTIMAL
BCCIP,INFEASIBLE,INFEASIBLE,INFEASIBLE,INFEASIBLE
DHX32,INFEASIBLE,INFEASIBLE,OPTIMAL,OPTIMAL
DOCK1,OPTIMAL,OPTIMAL,OPTIMAL,OPTIMAL
MKI67,INFEASIBLE,OPTIMAL,OPTIMAL,INFEASIBLE
EBF3,INFEASIBLE,OPTIMAL,OPTIMAL,OPTIMAL
GLRX3,OPTIMAL,OPTIMAL,OPTIMAL,OPTIMAL
PPP2R2D,INFEASIBLE,OPTIMAL,INFEASIBLE,OPTIMAL
BNIP3,INFEASIBLE,INFEASIBLE,OPTIMAL,OPTIMAL
STK32C,INFEASIBLE,OPTIMAL,OPTIMAL,OPTIMAL
INPP5A,OPTIMAL,OPTIMAL,OPTIMAL,OPTIMAL
TUBGCP2,OPTIMAL,OPTIMAL,OPTIMAL,OPTIMAL
ZNF511,INFEASIBLE,INFEASIBLE,OPTIMAL,OPTIMAL
FUOM,INFEASIBLE,INFEASIBLE,OPTIMAL,OPTIMAL
ECHS1,INFEASIBLE,INFEASIBLE,OPTIMAL,OPTIMAL
MTG1,INFEASIBLE,INFEASIBLE,OPTIMAL,OPTIMAL
BET1L,INFEASIBLE,INFEASIBLE,OPTIMAL,INFEASIBLE
RIC8A,INFEASIBLE,OPTIMAL,OPTIMAL,OPTIMAL
SIRT3,INFEASIBLE,INFEASIBLE,OPTIMAL,OPTIMAL
PSMD13,INFEASIBLE,INFEASIBLE,OPTIMAL,OPTIMAL
IFITM2,INFEASIBLE,INFEASIBLE,OPTIMAL,OPTIMAL
IFITM1,INFEASIBLE,INFEASIBLE,OPTIMAL,OPTIMAL
SIGIRR,OPTIMAL,OPTIMAL,OPTIMAL,OPTIMAL
PTDSS2,INFEASIBLE,INFEASIBLE,INFEASIBLE,OPTIMAL
RNH1,INFEASIBLE,INFEASIBLE,INFEASIBLE,OPTIMAL
HRAS,INFEASIBLE,OPTIMAL,OPTIMAL,OPTIMAL
RASSF7,INFEASIBLE,INFEASIBLE,OPTIMAL,OPTIMAL
PHRF1,INFEASIBLE,INFEASIBLE,INFEASIBLE,OPTIMAL
DEAF1,INFEASIBLE,OPTIMAL,INFEASIBLE,OPTIMAL
TMEM80,INFEASIBLE,INFEASIBLE,OPTIMAL,OPTIMAL
TALDO1,INFEASIBLE,INFEASIBLE,OPTIMAL,OPTIMAL
GATD1,INFEASIBLE,OPTIMAL,OPTIMAL,INFEASIBLE
SLC25A22,INFEASIBLE,INFEASIBLE,INFEASIBLE,OPTIMAL
RPLP2,INFEASIBLE,INFEASIBLE,INFEASIBLE,OPTIMAL
PNPLA2,INFEASIBLE,OPTIMAL,OPTIMAL,OPTIMAL
CD151,INFEASIBLE,INFEASIBLE,OPTIMAL,OPTIMAL
POLR2L,INFEASIBLE,INFEASIBLE,INFEASIBLE,OPTIMAL
TSPAN4,OPTIMAL,OPTIMAL,OPTIMAL,OPTIMAL
CHID1,INFEASIBLE,INFEASIBLE,OPTIMAL,OPTIMAL
AP2A2,INFEASIBLE,INFEASIBLE,INFEASIBLE,OPTIMAL
TOLLIP,OPTIMAL,OPTIMAL,OPTIMAL,OPTIMAL
BRSK2,OPTIMAL,OPTIMAL,OPTIMAL,OPTIMAL
MOB2,OPTIMAL,OPTIMAL,INFEASIBLE,OPTIMAL
CTSD,INFEASIBLE,INFEASIBLE,OPTIMAL,OPTIMAL
MRPL23,INFEASIBLE,INFEASIBLE,OPTIMAL,OPTIMAL
CD81,INFEASIBLE,INFEASIBLE,OPTIMAL,OPTIMAL
TSSC4,INFEASIBLE,INFEASIBLE,OPTIMAL,OPTIMAL
CDKN1C,OPTIMAL,OPTIMAL,OPTIMAL,OPTIMAL
PHLDA2,INFEASIBLE,INFEASIBLE,OPTIMAL,OPTIMAL
NAP1L4,INFEASIBLE,INFEASIBLE,INFEASIBLE,OPTIMAL
CARS1,INFEASIBLE,INFEASIBLE,INFEASIBLE,OPTIMAL
OSBPL5,OPTIMAL,OPTIMAL,OPTIMAL,OPTIMAL
ZNF195,INFEASIBLE,INFEASIBLE,INFEASIBLE,OPTIMAL
ART5,INFEASIBLE,INFEASIBLE,OPTIMAL,INFEASIBLE
NUP98,INFEASIBLE,INFEASIBLE,INFEASIBLE,INFEASIBLE
PGAP2,INFEASIBLE,INFEASIBLE,INFEASIBLE,OPTIMAL
RHOG,INFEASIBLE,INFEASIBLE,OPTIMAL,OPTIMAL
STIM1,OPTIMAL,OPTIMAL,OPTIMAL,OPTIMAL
RRM1,INFEASIBLE,INFEASIBLE,OPTIMAL,OPTIMAL
APBB1,INFEASIBLE,INFEASIBLE,INFEASIBLE,OPTIMAL
ARFIP2,INFEASIBLE,INFEASIBLE,INFEASIBLE,OPTIMAL
TIMM10B,INFEASIBLE,INFEASIBLE,OPTIMAL,OPTIMAL
DNHD1,OPTIMAL,OPTIMAL,OPTIMAL,OPTIMAL
RRP8,INFEASIBLE,INFEASIBLE,OPTIMAL,OPTIMAL
ILK,OPTIMAL,OPTIMAL,OPTIMAL,OPTIMAL
TAF10,INFEASIBLE,INFEASIBLE,OPTIMAL,OPTIMAL
MRPL17,INFEASIBLE,INFEASIBLE,OPTIMAL,OPTIMAL
ZNF215,INFEASIBLE,INFEASIBLE,OPTIMAL,OPTIMAL
EIF3F,INFEASIBLE,INFEASIBLE,OPTIMAL,INFEASIBLE
TUB,INFEASIBLE,INFEASIBLE,OPTIMAL,INFEASIBLE
STK33,INFEASIBLE,INFEASIBLE,OPTIMAL,INFEASIBLE
TRIM66,INFEASIBLE,INFEASIBLE,INFEASIBLE,INFEASIBLE
RPL27A,INFEASIBLE,OPTIMAL,INFEASIBLE,INFEASIBLE
DENND2B,OPTIMAL,OPTIMAL,OPTIMAL,INFEASIBLE
AKIP1,OPTIMAL,OPTIMAL,OPTIMAL,OPTIMAL
TMEM9B,INFEASIBLE,INFEASIBLE,OPTIMAL,OPTIMAL
NRIP3,OPTIMAL,OPTIMAL,OPTIMAL,OPTIMAL
DENND5A,OPTIMAL,OPTIMAL,INFEASIBLE,OPTIMAL
TMEM41B,INFEASIBLE,INFEASIBLE,OPTIMAL,OPTIMAL
IPO7,INFEASIBLE,INFEASIBLE,INFEASIBLE,INFEASIBLE
ZNF143,INFEASIBLE,INFEASIBLE,INFEASIBLE,OPTIMAL
WEE1,OPTIMAL,OPTIMAL,OPTIMAL,INFEASIBLE
SWAP70,INFEASIBLE,INFEASIBLE,INFEASIBLE,OPTIMAL
SBF2,INFEASIBLE,INFEASIBLE,INFEASIBLE,INFEASIBLE
RNF141,INFEASIBLE,INFEASIBLE,OPTIMAL,OPTIMAL
CTR9,INFEASIBLE,OPTIMAL,OPTIMAL,INFEASIBLE
EIF4G2,INFEASIBLE,INFEASIBLE,INFEASIBLE,OPTIMAL
ZBED5,INFEASIBLE,OPTIMAL,OPTIMAL,OPTIMAL
GALNT18,INFEASIBLE,INFEASIBLE,OPTIMAL,OPTIMAL
USP47,INFEASIBLE,INFEASIBLE,OPTIMAL,OPTIMAL
PARVA,OPTIMAL,OPTIMAL,OPTIMAL,OPTIMAL
TEAD1,OPTIMAL,OPTIMAL,INFEASIBLE,INFEASIBLE
BTBD10,INFEASIBLE,OPTIMAL,INFEASIBLE,OPTIMAL
FAR1,INFEASIBLE,INFEASIBLE,OPTIMAL,OPTIMAL
SPON1,OPTIMAL,OPTIMAL,OPTIMAL,OPTIMAL
RRAS2,INFEASIBLE,INFEASIBLE,OPTIMAL,OPTIMAL
COPB1,INFEASIBLE,INFEASIBLE,INFEASIBLE,OPTIMAL
PSMA1,OPTIMAL,OPTIMAL,INFEASIBLE,OPTIMAL
PDE3B,INFEASIBLE,INFEASIBLE,OPTIMAL,OPTIMAL
CYP2R1,INFEASIBLE,OPTIMAL,INFEASIBLE,INFEASIBLE
CALCB,INFEASIBLE,INFEASIBLE,OPTIMAL,OPTIMAL
SOX6,OPTIMAL,OPTIMAL,INFEASIBLE,OPTIMAL
C11orf58,INFEASIBLE,INFEASIBLE,INFEASIBLE,OPTIMAL
PLEKHA7,INFEASIBLE,INFEASIBLE,INFEASIBLE,INFEASIBLE
RPS13,INFEASIBLE,INFEASIBLE,OPTIMAL,OPTIMAL
PIK3C2A,INFEASIBLE,OPTIMAL,OPTIMAL,INFEASIBLE
NUCB2,OPTIMAL,OPTIMAL,OPTIMAL,OPTIMAL
NCR3LG1,INFEASIBLE,INFEASIBLE,OPTIMAL,OPTIMAL
SERGEF,INFEASIBLE,INFEASIBLE,INFEASIBLE,INFEASIBLE
SAAL1,INFEASIBLE,INFEASIBLE,OPTIMAL,OPTIMAL
HPS5,INFEASIBLE,INFEASIBLE,OPTIMAL,OPTIMAL
GTF2H1,INFEASIBLE,INFEASIBLE,OPTIMAL,OPTIMAL
LDHA,INFEASIBLE,INFEASIBLE,OPTIMAL,OPTIMAL
LDHC,OPTIMAL,OPTIMAL,OPTIMAL,OPTIMAL
TSG101,INFEASIBLE,OPTIMAL,OPTIMAL,OPTIMAL
UEVLD,INFEASIBLE,INFEASIBLE,INFEASIBLE,OPTIMAL
MISFA,INFEASIBLE,INFEASIBLE,INFEASIBLE,OPTIMAL
SPTY2D1,INFEASIBLE,OPTIMAL,INFEASIBLE,OPTIMAL
ZDHHC13,OPTIMAL,OPTIMAL,OPTIMAL,OPTIMAL
E2F8,INFEASIBLE,INFEASIBLE,OPTIMAL,OPTIMAL
NAV2,OPTIMAL,OPTIMAL,OPTIMAL,OPTIMAL
HTATIP2,INFEASIBLE,INFEASIBLE,INFEASIBLE,OPTIMAL
PRMT3,INFEASIBLE,INFEASIBLE,INFEASIBLE,INFEASIBLE
ANO5,INFEASIBLE,INFEASIBLE,INFEASIBLE,OPTIMAL
SVIP,INFEASIBLE,INFEASIBLE,INFEASIBLE,INFEASIBLE
CCDC34,INFEASIBLE,INFEASIBLE,INFEASIBLE,OPTIMAL
LGR4,INFEASIBLE,OPTIMAL,OPTIMAL,INFEASIBLE
LIN7C,INFEASIBLE,INFEASIBLE,OPTIMAL,OPTIMAL
KIF18A,INFEASIBLE,INFEASIBLE,INFEASIBLE,OPTIMAL
METTL15,INFEASIBLE,INFEASIBLE,OPTIMAL,INFEASIBLE
ARL14EP,INFEASIBLE,INFEASIBLE,OPTIMAL,OPTIMAL
MPPED2,OPTIMAL,OPTIMAL,INFEASIBLE,OPTIMAL
DNAJC24,INFEASIBLE,INFEASIBLE,OPTIMAL,OPTIMAL
IMMP1L,INFEASIBLE,INFEASIBLE,INFEASIBLE,INFEASIBLE
ELP4,INFEASIBLE,INFEASIBLE,OPTIMAL,INFEASIBLE
PAX6,INFEASIBLE,INFEASIBLE,OPTIMAL,INFEASIBLE
RCN1,INFEASIBLE,INFEASIBLE,OPTIMAL,OPTIMAL
WT1,OPTIMAL,OPTIMAL,OPTIMAL,OPTIMAL
EIF3M,INFEASIBLE,INFEASIBLE,OPTIMAL,INFEASIBLE
CCDC73,INFEASIBLE,OPTIMAL,OPTIMAL,OPTIMAL
PRRG4,INFEASIBLE,OPTIMAL,OPTIMAL,OPTIMAL
QSER1,INFEASIBLE,OPTIMAL,OPTIMAL,INFEASIBLE
DEPDC7,INFEASIBLE,INFEASIBLE,INFEASIBLE,OPTIMAL
TCP11L1,INFEASIBLE,INFEASIBLE,OPTIMAL,OPTIMAL
CSTF3,INFEASIBLE,OPTIMAL,OPTIMAL,OPTIMAL
HIPK3,OPTIMAL,OPTIMAL,INFEASIBLE,OPTIMAL
KIAA1549L,OPTIMAL,OPTIMAL,OPTIMAL,INFEASIBLE
CD59,INFEASIBLE,INFEASIBLE,OPTIMAL,INFEASIBLE
FBXO3,INFEASIBLE,INFEASIBLE,OPTIMAL,OPTIMAL
CAPRIN1,OPTIMAL,OPTIMAL,OPTIMAL,OPTIMAL
NAT10,INFEASIBLE,INFEASIBLE,OPTIMAL,OPTIMAL
ABTB2,OPTIMAL,OPTIMAL,OPTIMAL,OPTIMAL
CAT,INFEASIBLE,OPTIMAL,OPTIMAL,OPTIMAL
APIP,OPTIMAL,OPTIMAL,OPTIMAL,INFEASIBLE
PDHX,INFEASIBLE,INFEASIBLE,OPTIMAL,OPTIMAL
PAMR1,INFEASIBLE,INFEASIBLE,OPTIMAL,OPTIMAL
FJX1,INFEASIBLE,INFEASIBLE,INFEASIBLE,OPTIMAL
TRIM44,INFEASIBLE,INFEASIBLE,OPTIMAL,INFEASIBLE
LDLRAD3,OPTIMAL,OPTIMAL,INFEASIBLE,OPTIMAL
COMMD9,INFEASIBLE,OPTIMAL,OPTIMAL,OPTIMAL
TRAF6,INFEASIBLE,INFEASIBLE,OPTIMAL,OPTIMAL
IFTAP,INFEASIBLE,INFEASIBLE,INFEASIBLE,OPTIMAL
LRRC4C,INFEASIBLE,OPTIMAL,OPTIMAL,OPTIMAL
API5,INFEASIBLE,INFEASIBLE,OPTIMAL,OPTIMAL
TTC17,OPTIMAL,OPTIMAL,OPTIMAL,INFEASIBLE
HSD17B12,OPTIMAL,OPTIMAL,OPTIMAL,INFEASIBLE
ALKBH3,INFEASIBLE,INFEASIBLE,OPTIMAL,OPTIMAL
EXT2,OPTIMAL,OPTIMAL,OPTIMAL,INFEASIBLE
ALX4,INFEASIBLE,INFEASIBLE,OPTIMAL,OPTIMAL
TSPAN18,OPTIMAL,OPTIMAL,OPTIMAL,INFEASIBLE
TP53I11,INFEASIBLE,INFEASIBLE,OPTIMAL,OPTIMAL
CRY2,OPTIMAL,OPTIMAL,OPTIMAL,OPTIMAL
PEX16,OPTIMAL,OPTIMAL,INFEASIBLE,OPTIMAL
PHF21A,OPTIMAL,OPTIMAL,OPTIMAL,INFEASIBLE
DGKZ,INFEASIBLE,INFEASIBLE,OPTIMAL,OPTIMAL
MDK,INFEASIBLE,OPTIMAL,OPTIMAL,OPTIMAL
AMBRA1,INFEASIBLE,OPTIMAL,INFEASIBLE,OPTIMAL
ATG13,INFEASIBLE,INFEASIBLE,INFEASIBLE,INFEASIBLE
ARHGAP1,INFEASIBLE,INFEASIBLE,OPTIMAL,OPTIMAL
CKAP5,INFEASIBLE,INFEASIBLE,OPTIMAL,INFEASIBLE
LRP4,OPTIMAL,OPTIMAL,OPTIMAL,INFEASIBLE
CSTPP1,INFEASIBLE,OPTIMAL,INFEASIBLE,OPTIMAL
ARFGAP2,INFEASIBLE,INFEASIBLE,OPTIMAL,OPTIMAL
PACSIN3,INFEASIBLE,INFEASIBLE,OPTIMAL,OPTIMAL
DDB2,INFEASIBLE,INFEASIBLE,OPTIMAL,INFEASIBLE
ACP2,INFEASIBLE,INFEASIBLE,INFEASIBLE,OPTIMAL
NR1H3,INFEASIBLE,INFEASIBLE,OPTIMAL,OPTIMAL
MADD,INFEASIBLE,OPTIMAL,OPTIMAL,OPTIMAL
SLC39A13,INFEASIBLE,INFEASIBLE,OPTIMAL,OPTIMAL
PSMC3,INFEASIBLE,INFEASIBLE,OPTIMAL,OPTIMAL
CELF1,INFEASIBLE,INFEASIBLE,INFEASIBLE,OPTIMAL
NDUFS3,INFEASIBLE,INFEASIBLE,OPTIMAL,OPTIMAL
PTPMT1,INFEASIBLE,INFEASIBLE,OPTIMAL,OPTIMAL
MTCH2,INFEASIBLE,INFEASIBLE,INFEASIBLE,OPTIMAL
FNBP4,INFEASIBLE,OPTIMAL,OPTIMAL,OPTIMAL
NUP160,OPTIMAL,OPTIMAL,INFEASIBLE,INFEASIBLE
PTPRJ,OPTIMAL,OPTIMAL,OPTIMAL,OPTIMAL
OR5D3P,OPTIMAL,OPTIMAL,OPTIMAL,OPTIMAL
TNKS1BP1,OPTIMAL,OPTIMAL,OPTIMAL,OPTIMAL
SSRP1,INFEASIBLE,OPTIMAL,INFEASIBLE,OPTIMAL
RTN4RL2,INFEASIBLE,INFEASIBLE,OPTIMAL,OPTIMAL
SLC43A1,INFEASIBLE,INFEASIBLE,OPTIMAL,OPTIMAL
TIMM10,INFEASIBLE,INFEASIBLE,OPTIMAL,OPTIMAL
CLP1,OPTIMAL,OPTIMAL,INFEASIBLE,OPTIMAL
ZDHHC5,INFEASIBLE,OPTIMAL,INFEASIBLE,OPTIMAL
MED19,INFEASIBLE,OPTIMAL,OPTIMAL,OPTIMAL
TMX2,INFEASIBLE,INFEASIBLE,OPTIMAL,OPTIMAL
SELENOH,INFEASIBLE,INFEASIBLE,OPTIMAL,INFEASIBLE
CTNND1,INFEASIBLE,OPTIMAL,INFEASIBLE,INFEASIBLE
ZFP91,INFEASIBLE,OPTIMAL,INFEASIBLE,OPTIMAL
OSBP,OPTIMAL,OPTIMAL,OPTIMAL,INFEASIBLE
PATL1,INFEASIBLE,INFEASIBLE,OPTIMAL,OPTIMAL
STX3,OPTIMAL,OPTIMAL,OPTIMAL,OPTIMAL
MRPL16,INFEASIBLE,INFEASIBLE,OPTIMAL,OPTIMAL
CCDC86,INFEASIBLE,OPTIMAL,OPTIMAL,OPTIMAL
PRPF19,INFEASIBLE,INFEASIBLE,OPTIMAL,OPTIMAL
TMEM109,INFEASIBLE,INFEASIBLE,OPTIMAL,OPTIMAL
TMEM132A,OPTIMAL,OPTIMAL,OPTIMAL,OPTIMAL
VPS37C,OPTIMAL,OPTIMAL,OPTIMAL,OPTIMAL
DDB1,OPTIMAL,OPTIMAL,INFEASIBLE,OPTIMAL
TKFC,INFEASIBLE,INFEASIBLE,OPTIMAL,OPTIMAL
CYB561A3,OPTIMAL,OPTIMAL,OPTIMAL,OPTIMAL
TMEM138,INFEASIBLE,INFEASIBLE,INFEASIBLE,OPTIMAL
TMEM216,INFEASIBLE,INFEASIBLE,OPTIMAL,OPTIMAL
CPSF7,OPTIMAL,OPTIMAL,OPTIMAL,OPTIMAL
SDHAF2,INFEASIBLE,INFEASIBLE,OPTIMAL,OPTIMAL
TMEM258,INFEASIBLE,INFEASIBLE,INFEASIBLE,OPTIMAL
FEN1,INFEASIBLE,INFEASIBLE,OPTIMAL,INFEASIBLE
FADS2,INFEASIBLE,INFEASIBLE,OPTIMAL,OPTIMAL
FADS1,INFEASIBLE,OPTIMAL,INFEASIBLE,OPTIMAL
FADS3,INFEASIBLE,OPTIMAL,OPTIMAL,OPTIMAL
FTH1,INFEASIBLE,INFEASIBLE,OPTIMAL,OPTIMAL
INCENP,INFEASIBLE,OPTIMAL,OPTIMAL,INFEASIBLE
ASRGL1,INFEASIBLE,OPTIMAL,OPTIMAL,OPTIMAL
AHNAK,OPTIMAL,OPTIMAL,OPTIMAL,INFEASIBLE
EEF1G,INFEASIBLE,INFEASIBLE,INFEASIBLE,OPTIMAL
TUT1,INFEASIBLE,OPTIMAL,OPTIMAL,OPTIMAL
MTA2,INFEASIBLE,INFEASIBLE,OPTIMAL,INFEASIBLE
B3GAT3,INFEASIBLE,INFEASIBLE,OPTIMAL,OPTIMAL
GANAB,INFEASIBLE,INFEASIBLE,OPTIMAL,OPTIMAL
INTS5,INFEASIBLE,INFEASIBLE,OPTIMAL,OPTIMAL
CSKMT,INFEASIBLE,INFEASIBLE,INFEASIBLE,OPTIMAL
UQCC3,INFEASIBLE,INFEASIBLE,OPTIMAL,OPTIMAL
UBXN1,INFEASIBLE,INFEASIBLE,OPTIMAL,INFEASIBLE
BSCL2,INFEASIBLE,INFEASIBLE,OPTIMAL,OPTIMAL
HNRNPUL2,INFEASIBLE,OPTIMAL,OPTIMAL,OPTIMAL
TTC9C,INFEASIBLE,INFEASIBLE,INFEASIBLE,OPTIMAL
POLR2G,INFEASIBLE,INFEASIBLE,OPTIMAL,OPTIMAL
TAF6L,OPTIMAL,OPTIMAL,OPTIMAL,OPTIMAL
TMEM223,INFEASIBLE,INFEASIBLE,OPTIMAL,OPTIMAL
TMEM179B,INFEASIBLE,INFEASIBLE,INFEASIBLE,OPTIMAL
NXF1,INFEASIBLE,INFEASIBLE,OPTIMAL,OPTIMAL
STX5,INFEASIBLE,INFEASIBLE,INFEASIBLE,INFEASIBLE
WDR74,INFEASIBLE,INFEASIBLE,OPTIMAL,OPTIMAL
SLC3A2,INFEASIBLE,OPTIMAL,INFEASIBLE,OPTIMAL
PLAAT3,INFEASIBLE,INFEASIBLE,OPTIMAL,OPTIMAL
ATL3,INFEASIBLE,INFEASIBLE,INFEASIBLE,OPTIMAL
RTN3,INFEASIBLE,OPTIMAL,INFEASIBLE,INFEASIBLE
ZFTA,OPTIMAL,OPTIMAL,OPTIMAL,OPTIMAL
SPINDOC,INFEASIBLE,OPTIMAL,OPTIMAL,INFEASIBLE
MARK2,INFEASIBLE,INFEASIBLE,INFEASIBLE,OPTIMAL
NAA40,INFEASIBLE,INFEASIBLE,OPTIMAL,OPTIMAL
COX8A,INFEASIBLE,INFEASIBLE,INFEASIBLE,OPTIMAL
OTUB1,INFEASIBLE,INFEASIBLE,OPTIMAL,OPTIMAL
MACROD1,OPTIMAL,OPTIMAL,OPTIMAL,OPTIMAL
STIP1,INFEASIBLE,OPTIMAL,INFEASIBLE,OPTIMAL
TRPT1,INFEASIBLE,OPTIMAL,OPTIMAL,OPTIMAL
NUDT22,INFEASIBLE,INFEASIBLE,OPTIMAL,OPTIMAL
DNAJC4,INFEASIBLE,INFEASIBLE,OPTIMAL,OPTIMAL
VEGFB,INFEASIBLE,OPTIMAL,OPTIMAL,OPTIMAL
FKBP2,INFEASIBLE,INFEASIBLE,OPTIMAL,OPTIMAL
PPP1R14B,INFEASIBLE,INFEASIBLE,OPTIMAL,OPTIMAL
PLCB3,INFEASIBLE,INFEASIBLE,OPTIMAL,OPTIMAL
BAD,INFEASIBLE,OPTIMAL,OPTIMAL,OPTIMAL
GPR137,OPTIMAL,OPTIMAL,OPTIMAL,OPTIMAL
ESRRA,OPTIMAL,OPTIMAL,OPTIMAL,OPTIMAL
TRMT112,INFEASIBLE,INFEASIBLE,OPTIMAL,OPTIMAL
PRDX5,INFEASIBLE,INFEASIBLE,OPTIMAL,OPTIMAL
RASGRP2,INFEASIBLE,INFEASIBLE,OPTIMAL,OPTIMAL
SF1,INFEASIBLE,OPTIMAL,OPTIMAL,INFEASIBLE
MEN1,OPTIMAL,OPTIMAL,OPTIMAL,OPTIMAL
EHD1,OPTIMAL,OPTIMAL,OPTIMAL,OPTIMAL
ATG2A,OPTIMAL,OPTIMAL,OPTIMAL,OPTIMAL
ARL2,INFEASIBLE,INFEASIBLE,OPTIMAL,OPTIMAL
SNX15,INFEASIBLE,INFEASIBLE,OPTIMAL,OPTIMAL
SAC3D1,INFEASIBLE,INFEASIBLE,OPTIMAL,OPTIMAL
CDCA5,INFEASIBLE,INFEASIBLE,INFEASIBLE,OPTIMAL
ZFPL1,INFEASIBLE,INFEASIBLE,INFEASIBLE,OPTIMAL
TMEM262,INFEASIBLE,INFEASIBLE,OPTIMAL,INFEASIBLE
VPS51,OPTIMAL,OPTIMAL,OPTIMAL,OPTIMAL
TM7SF2,INFEASIBLE,OPTIMAL,OPTIMAL,OPTIMAL
ZNHIT2,INFEASIBLE,INFEASIBLE,INFEASIBLE,OPTIMAL
FAU,INFEASIBLE,INFEASIBLE,INFEASIBLE,OPTIMAL
SYVN1,INFEASIBLE,INFEASIBLE,INFEASIBLE,OPTIMAL
MRPL49,INFEASIBLE,INFEASIBLE,OPTIMAL,OPTIMAL
CAPN1,INFEASIBLE,INFEASIBLE,OPTIMAL,OPTIMAL
POLA2,INFEASIBLE,INFEASIBLE,INFEASIBLE,INFEASIBLE
CDC42EP2,INFEASIBLE,INFEASIBLE,OPTIMAL,OPTIMAL
DPF2,INFEASIBLE,INFEASIBLE,OPTIMAL,OPTIMAL
FRMD8,INFEASIBLE,INFEASIBLE,INFEASIBLE,OPTIMAL
SCYL1,INFEASIBLE,INFEASIBLE,OPTIMAL,OPTIMAL
LTBP3,OPTIMAL,OPTIMAL,OPTIMAL,OPTIMAL
ZNRD2,INFEASIBLE,INFEASIBLE,OPTIMAL,OPTIMAL
FAM89B,INFEASIBLE,INFEASIBLE,OPTIMAL,OPTIMAL
MAP3K11,OPTIMAL,OPTIMAL,OPTIMAL,INFEASIBLE
PCNX3,INFEASIBLE,INFEASIBLE,OPTIMAL,OPTIMAL
RELA,OPTIMAL,OPTIMAL,OPTIMAL,OPTIMAL
KAT5,INFEASIBLE,INFEASIBLE,OPTIMAL,INFEASIBLE
RNASEH2C,INFEASIBLE,INFEASIBLE,OPTIMAL,OPTIMAL
AP5B1,INFEASIBLE,OPTIMAL,OPTIMAL,OPTIMAL
CFL1,INFEASIBLE,INFEASIBLE,OPTIMAL,OPTIMAL
MUS81,INFEASIBLE,INFEASIBLE,OPTIMAL,OPTIMAL
FIBP,INFEASIBLE,INFEASIBLE,OPTIMAL,OPTIMAL
CCDC85B,INFEASIBLE,INFEASIBLE,OPTIMAL,OPTIMAL
C11orf68,INFEASIBLE,INFEASIBLE,OPTIMAL,OPTIMAL
DRAP1,INFEASIBLE,INFEASIBLE,OPTIMAL,OPTIMAL
SART1,INFEASIBLE,OPTIMAL,OPTIMAL,OPTIMAL
EIF1AD,INFEASIBLE,OPTIMAL,INFEASIBLE,OPTIMAL
BANF1,INFEASIBLE,INFEASIBLE,INFEASIBLE,OPTIMAL
SF3B2,INFEASIBLE,INFEASIBLE,OPTIMAL,OPTIMAL
PACS1,INFEASIBLE,OPTIMAL,OPTIMAL,OPTIMAL
KLC2,INFEASIBLE,INFEASIBLE,OPTIMAL,OPTIMAL
RAB1B,INFEASIBLE,OPTIMAL,OPTIMAL,OPTIMAL
YIF1A,INFEASIBLE,INFEASIBLE,OPTIMAL,OPTIMAL
BRMS1,INFEASIBLE,INFEASIBLE,INFEASIBLE,OPTIMAL
B4GAT1,INFEASIBLE,INFEASIBLE,OPTIMAL,OPTIMAL
SLC29A2,INFEASIBLE,INFEASIBLE,OPTIMAL,OPTIMAL
MRPL11,INFEASIBLE,INFEASIBLE,OPTIMAL,OPTIMAL
DPP3,OPTIMAL,OPTIMAL,OPTIMAL,OPTIMAL
BBS1,INFEASIBLE,INFEASIBLE,OPTIMAL,OPTIMAL
ZDHHC24,INFEASIBLE,OPTIMAL,OPTIMAL,OPTIMAL
CCS,INFEASIBLE,INFEASIBLE,OPTIMAL,OPTIMAL
RBM14,INFEASIBLE,OPTIMAL,INFEASIBLE,OPTIMAL
RBM4,INFEASIBLE,INFEASIBLE,INFEASIBLE,OPTIMAL
RBM4B,INFEASIBLE,OPTIMAL,INFEASIBLE,INFEASIBLE
SPTBN2,INFEASIBLE,OPTIMAL,INFEASIBLE,OPTIMAL
C11orf80,OPTIMAL,OPTIMAL,INFEASIBLE,INFEASIBLE
RCE1,INFEASIBLE,INFEASIBLE,OPTIMAL,OPTIMAL
PC,OPTIMAL,OPTIMAL,OPTIMAL,OPTIMAL
LRFN4,INFEASIBLE,INFEASIBLE,OPTIMAL,OPTIMAL
KDM2A,INFEASIBLE,INFEASIBLE,INFEASIBLE,OPTIMAL
GRK2,INFEASIBLE,INFEASIBLE,OPTIMAL,INFEASIBLE
ANKRD13D,OPTIMAL,OPTIMAL,OPTIMAL,OPTIMAL
RAD9A,OPTIMAL,OPTIMAL,INFEASIBLE,OPTIMAL
POLD4,INFEASIBLE,INFEASIBLE,OPTIMAL,OPTIMAL
PPP1CA,INFEASIBLE,OPTIMAL,OPTIMAL,OPTIMAL
RPS6KB2,INFEASIBLE,OPTIMAL,INFEASIBLE,OPTIMAL
CORO1B,INFEASIBLE,OPTIMAL,OPTIMAL,OPTIMAL
TMEM134,OPTIMAL,OPTIMAL,OPTIMAL,OPTIMAL
AIP,OPTIMAL,OPTIMAL,OPTIMAL,OPTIMAL
CDK2AP2,INFEASIBLE,OPTIMAL,OPTIMAL,OPTIMAL
GSTP1,INFEASIBLE,INFEASIBLE,INFEASIBLE,OPTIMAL
NDUFV1,INFEASIBLE,INFEASIBLE,OPTIMAL,OPTIMAL
NUDT8,INFEASIBLE,INFEASIBLE,OPTIMAL,INFEASIBLE
NDUFS8,INFEASIBLE,INFEASIBLE,OPTIMAL,INFEASIBLE
CHKA,INFEASIBLE,OPTIMAL,INFEASIBLE,INFEASIBLE
KMT5B,OPTIMAL,OPTIMAL,INFEASIBLE,OPTIMAL
C11orf24,INFEASIBLE,OPTIMAL,OPTIMAL,INFEASIBLE
LRP5,OPTIMAL,OPTIMAL,OPTIMAL,INFEASIBLE
PPP6R3,INFEASIBLE,INFEASIBLE,INFEASIBLE,INFEASIBLE
GAL,INFEASIBLE,INFEASIBLE,OPTIMAL,OPTIMAL
TESMIN,INFEASIBLE,INFEASIBLE,INFEASIBLE,INFEASIBLE
CPT1A,OPTIMAL,OPTIMAL,OPTIMAL,OPTIMAL
MRPL21,INFEASIBLE,INFEASIBLE,OPTIMAL,OPTIMAL
IGHMBP2,OPTIMAL,OPTIMAL,OPTIMAL,OPTIMAL
TPCN2,INFEASIBLE,OPTIMAL,OPTIMAL,OPTIMAL
CCND1,INFEASIBLE,OPTIMAL,INFEASIBLE,OPTIMAL
LTO1,INFEASIBLE,INFEASIBLE,OPTIMAL,OPTIMAL
FADD,INFEASIBLE,INFEASIBLE,OPTIMAL,OPTIMAL
PPFIA1,INFEASIBLE,OPTIMAL,OPTIMAL,OPTIMAL
CTTN,INFEASIBLE,INFEASIBLE,INFEASIBLE,INFEASIBLE
SHANK2,INFEASIBLE,OPTIMAL,OPTIMAL,OPTIMAL
DHCR7,INFEASIBLE,INFEASIBLE,INFEASIBLE,OPTIMAL
NADSYN1,OPTIMAL,OPTIMAL,OPTIMAL,OPTIMAL
XNDC1N,INFEASIBLE,OPTIMAL,INFEASIBLE,OPTIMAL
RNF121,INFEASIBLE,OPTIMAL,INFEASIBLE,OPTIMAL
NUMA1,INFEASIBLE,OPTIMAL,INFEASIBLE,OPTIMAL
LAMTOR1,INFEASIBLE,INFEASIBLE,INFEASIBLE,OPTIMAL
ANAPC15,INFEASIBLE,INFEASIBLE,OPTIMAL,OPTIMAL
INPPL1,INFEASIBLE,OPTIMAL,OPTIMAL,INFEASIBLE
CLPB,INFEASIBLE,INFEASIBLE,OPTIMAL,OPTIMAL
ARAP1,INFEASIBLE,INFEASIBLE,INFEASIBLE,OPTIMAL
STARD10,OPTIMAL,OPTIMAL,OPTIMAL,OPTIMAL
FCHSD2,INFEASIBLE,OPTIMAL,INFEASIBLE,INFEASIBLE
RELT,OPTIMAL,OPTIMAL,OPTIMAL,OPTIMAL
FAM168A,OPTIMAL,OPTIMAL,INFEASIBLE,INFEASIBLE
RAB6A,INFEASIBLE,INFEASIBLE,INFEASIBLE,OPTIMAL
MRPL48,INFEASIBLE,OPTIMAL,OPTIMAL,OPTIMAL
COA4,INFEASIBLE,INFEASIBLE,OPTIMAL,OPTIMAL
PAAF1,OPTIMAL,OPTIMAL,OPTIMAL,OPTIMAL
UCP2,INFEASIBLE,INFEASIBLE,OPTIMAL,OPTIMAL
C2CD3,INFEASIBLE,INFEASIBLE,OPTIMAL,INFEASIBLE
PPME1,INFEASIBLE,INFEASIBLE,OPTIMAL,INFEASIBLE
PGM2L1,INFEASIBLE,INFEASIBLE,INFEASIBLE,OPTIMAL
LIPT2,INFEASIBLE,INFEASIBLE,OPTIMAL,OPTIMAL
POLD3,INFEASIBLE,INFEASIBLE,OPTIMAL,OPTIMAL
RNF169,OPTIMAL,OPTIMAL,OPTIMAL,OPTIMAL
XRRA1,INFEASIBLE,INFEASIBLE,INFEASIBLE,INFEASIBLE
SPCS2,INFEASIBLE,INFEASIBLE,OPTIMAL,OPTIMAL
NEU3,INFEASIBLE,INFEASIBLE,OPTIMAL,OPTIMAL
ARRB1,OPTIMAL,OPTIMAL,OPTIMAL,OPTIMAL
RPS3,INFEASIBLE,INFEASIBLE,OPTIMAL,OPTIMAL
SERPINH1,OPTIMAL,OPTIMAL,OPTIMAL,OPTIMAL
DGAT2,INFEASIBLE,INFEASIBLE,OPTIMAL,INFEASIBLE
UVRAG,INFEASIBLE,INFEASIBLE,INFEASIBLE,INFEASIBLE
THAP12,INFEASIBLE,INFEASIBLE,OPTIMAL,OPTIMAL
EMSY,INFEASIBLE,INFEASIBLE,INFEASIBLE,INFEASIBLE
ACER3,OPTIMAL,OPTIMAL,OPTIMAL,OPTIMAL
PAK1,INFEASIBLE,INFEASIBLE,INFEASIBLE,OPTIMAL
CLNS1A,INFEASIBLE,INFEASIBLE,INFEASIBLE,OPTIMAL
AQP11,INFEASIBLE,INFEASIBLE,INFEASIBLE,OPTIMAL
RSF1,OPTIMAL,OPTIMAL,OPTIMAL,OPTIMAL
AAMDC,OPTIMAL,OPTIMAL,OPTIMAL,OPTIMAL
INTS4,INFEASIBLE,INFEASIBLE,OPTIMAL,OPTIMAL
NDUFC2,INFEASIBLE,INFEASIBLE,INFEASIBLE,OPTIMAL
ALG8,INFEASIBLE,OPTIMAL,OPTIMAL,OPTIMAL
GAB2,OPTIMAL,OPTIMAL,INFEASIBLE,OPTIMAL
NARS2,INFEASIBLE,INFEASIBLE,INFEASIBLE,INFEASIBLE
TENM4,OPTIMAL,OPTIMAL,INFEASIBLE,OPTIMAL
PRCP,OPTIMAL,OPTIMAL,OPTIMAL,OPTIMAL
DDIAS,INFEASIBLE,INFEASIBLE,OPTIMAL,INFEASIBLE
RAB30,OPTIMAL,OPTIMAL,OPTIMAL,INFEASIBLE
PCF11,INFEASIBLE,INFEASIBLE,OPTIMAL,INFEASIBLE
ANKRD42,INFEASIBLE,INFEASIBLE,OPTIMAL,INFEASIBLE
CCDC90B,INFEASIBLE,INFEASIBLE,OPTIMAL,OPTIMAL
DLG2,OPTIMAL,OPTIMAL,OPTIMAL,OPTIMAL
TMEM126B,INFEASIBLE,INFEASIBLE,OPTIMAL,OPTIMAL
TMEM126A,INFEASIBLE,INFEASIBLE,OPTIMAL,OPTIMAL
CREBZF,INFEASIBLE,OPTIMAL,OPTIMAL,OPTIMAL
PICALM,OPTIMAL,OPTIMAL,OPTIMAL,OPTIMAL
EED,OPTIMAL,OPTIMAL,OPTIMAL,OPTIMAL
HIKESHI,INFEASIBLE,INFEASIBLE,OPTIMAL,OPTIMAL
PRSS23,OPTIMAL,OPTIMAL,OPTIMAL,OPTIMAL
TMEM135,INFEASIBLE,INFEASIBLE,INFEASIBLE,INFEASIBLE
RAB38,INFEASIBLE,INFEASIBLE,OPTIMAL,OPTIMAL
CTSC,INFEASIBLE,INFEASIBLE,OPTIMAL,INFEASIBLE
CHORDC1,INFEASIBLE,INFEASIBLE,OPTIMAL,OPTIMAL
FAT3,OPTIMAL,OPTIMAL,INFEASIBLE,OPTIMAL
SLC36A4,INFEASIBLE,INFEASIBLE,OPTIMAL,OPTIMAL
SMCO4,INFEASIBLE,OPTIMAL,OPTIMAL,OPTIMAL
CEP295,INFEASIBLE,INFEASIBLE,INFEASIBLE,INFEASIBLE
TAF1D,INFEASIBLE,INFEASIBLE,INFEASIBLE,INFEASIBLE
C11orf54,INFEASIBLE,INFEASIBLE,INFEASIBLE,OPTIMAL
MED17,INFEASIBLE,INFEASIBLE,OPTIMAL,OPTIMAL
MRE11,INFEASIBLE,INFEASIBLE,OPTIMAL,OPTIMAL
ANKRD49,INFEASIBLE,INFEASIBLE,OPTIMAL,OPTIMAL
AMOTL1,OPTIMAL,OPTIMAL,INFEASIBLE,INFEASIBLE
CWC15,INFEASIBLE,INFEASIBLE,INFEASIBLE,OPTIMAL
KDM4D,INFEASIBLE,INFEASIBLE,OPTIMAL,OPTIMAL
SRSF8,INFEASIBLE,OPTIMAL,INFEASIBLE,OPTIMAL
ENDOD1,INFEASIBLE,INFEASIBLE,INFEASIBLE,OPTIMAL
SESN3,INFEASIBLE,INFEASIBLE,OPTIMAL,OPTIMAL
FAM76B,INFEASIBLE,INFEASIBLE,OPTIMAL,OPTIMAL
CEP57,INFEASIBLE,INFEASIBLE,INFEASIBLE,INFEASIBLE
MTMR2,INFEASIBLE,OPTIMAL,INFEASIBLE,OPTIMAL
MAML2,INFEASIBLE,INFEASIBLE,OPTIMAL,OPTIMAL
CCDC82,INFEASIBLE,INFEASIBLE,OPTIMAL,OPTIMAL
JRKL,OPTIMAL,OPTIMAL,OPTIMAL,OPTIMAL
ARHGAP42,OPTIMAL,OPTIMAL,OPTIMAL,OPTIMAL
CEP126,INFEASIBLE,INFEASIBLE,OPTIMAL,OPTIMAL
CFAP300,INFEASIBLE,OPTIMAL,OPTIMAL,OPTIMAL
YAP1,OPTIMAL,OPTIMAL,OPTIMAL,OPTIMAL
BIRC2,INFEASIBLE,OPTIMAL,OPTIMAL,OPTIMAL
TMEM123,INFEASIBLE,INFEASIBLE,INFEASIBLE,OPTIMAL
DCUN1D5,INFEASIBLE,INFEASIBLE,INFEASIBLE,OPTIMAL
DYNC2H1,OPTIMAL,OPTIMAL,OPTIMAL,OPTIMAL
MSANTD4,INFEASIBLE,INFEASIBLE,OPTIMAL,OPTIMAL
KBTBD3,INFEASIBLE,INFEASIBLE,OPTIMAL,OPTIMAL
AASDHPPT,INFEASIBLE,INFEASIBLE,OPTIMAL,OPTIMAL
GUCY1A2,OPTIMAL,OPTIMAL,OPTIMAL,OPTIMAL
CWF19L2,INFEASIBLE,INFEASIBLE,INFEASIBLE,OPTIMAL
ALKBH8,INFEASIBLE,INFEASIBLE,OPTIMAL,INFEASIBLE
ELMOD1,INFEASIBLE,INFEASIBLE,OPTIMAL,OPTIMAL
SLC35F2,INFEASIBLE,OPTIMAL,INFEASIBLE,OPTIMAL
RAB39A,INFEASIBLE,OPTIMAL,OPTIMAL,OPTIMAL
CUL5,INFEASIBLE,INFEASIBLE,INFEASIBLE,OPTIMAL
ACAT1,INFEASIBLE,OPTIMAL,OPTIMAL,OPTIMAL
NPAT,INFEASIBLE,INFEASIBLE,INFEASIBLE,INFEASIBLE
ATM,INFEASIBLE,INFEASIBLE,OPTIMAL,OPTIMAL
C11orf65,INFEASIBLE,INFEASIBLE,OPTIMAL,OPTIMAL
POGLUT3,INFEASIBLE,INFEASIBLE,OPTIMAL,OPTIMAL
EXPH5,INFEASIBLE,INFEASIBLE,INFEASIBLE,OPTIMAL
DDX10,INFEASIBLE,INFEASIBLE,OPTIMAL,OPTIMAL
RDX,INFEASIBLE,INFEASIBLE,OPTIMAL,OPTIMAL
ZC3H12C,INFEASIBLE,INFEASIBLE,OPTIMAL,INFEASIBLE
FDX1,INFEASIBLE,INFEASIBLE,OPTIMAL,OPTIMAL
ARHGAP20,INFEASIBLE,OPTIMAL,OPTIMAL,INFEASIBLE
LAYN,INFEASIBLE,OPTIMAL,OPTIMAL,OPTIMAL
SIK2,OPTIMAL,OPTIMAL,OPTIMAL,OPTIMAL
PPP2R1B,INFEASIBLE,INFEASIBLE,INFEASIBLE,OPTIMAL
ALG9,INFEASIBLE,INFEASIBLE,INFEASIBLE,INFEASIBLE
FDXACB1,INFEASIBLE,INFEASIBLE,INFEASIBLE,INFEASIBLE
CFAP68,INFEASIBLE,INFEASIBLE,OPTIMAL,OPTIMAL
DIXDC1,INFEASIBLE,OPTIMAL,INFEASIBLE,OPTIMAL
DLAT,INFEASIBLE,INFEASIBLE,INFEASIBLE,OPTIMAL
PIH1D2,OPTIMAL,OPTIMAL,OPTIMAL,OPTIMAL
NKAPD1,INFEASIBLE,INFEASIBLE,INFEASIBLE,OPTIMAL
TIMM8B,INFEASIBLE,INFEASIBLE,INFEASIBLE,OPTIMAL
SDHD,INFEASIBLE,INFEASIBLE,OPTIMAL,OPTIMAL
PTS,INFEASIBLE,INFEASIBLE,OPTIMAL,OPTIMAL
NCAM1,INFEASIBLE,OPTIMAL,INFEASIBLE,OPTIMAL
TTC12,INFEASIBLE,INFEASIBLE,OPTIMAL,OPTIMAL
ZW10,OPTIMAL,OPTIMAL,OPTIMAL,OPTIMAL
USP28,OPTIMAL,OPTIMAL,OPTIMAL,OPTIMAL
ZBTB16,OPTIMAL,OPTIMAL,OPTIMAL,OPTIMAL
C11orf71,INFEASIBLE,INFEASIBLE,OPTIMAL,OPTIMAL
RBM7,INFEASIBLE,INFEASIBLE,OPTIMAL,OPTIMAL
REXO2,INFEASIBLE,INFEASIBLE,OPTIMAL,OPTIMAL
CADM1,OPTIMAL,OPTIMAL,INFEASIBLE,OPTIMAL
BUD13,INFEASIBLE,INFEASIBLE,OPTIMAL,OPTIMAL
ZPR1,INFEASIBLE,INFEASIBLE,OPTIMAL,OPTIMAL
SIK3,INFEASIBLE,INFEASIBLE,INFEASIBLE,INFEASIBLE
PAFAH1B2,INFEASIBLE,INFEASIBLE,INFEASIBLE,OPTIMAL
SIDT2,INFEASIBLE,OPTIMAL,OPTIMAL,OPTIMAL
PCSK7,INFEASIBLE,INFEASIBLE,OPTIMAL,OPTIMAL
RNF214,INFEASIBLE,INFEASIBLE,OPTIMAL,OPTIMAL
BACE1,OPTIMAL,OPTIMAL,INFEASIBLE,OPTIMAL
CEP164,OPTIMAL,OPTIMAL,OPTIMAL,OPTIMAL
FXYD6,OPTIMAL,OPTIMAL,OPTIMAL,OPTIMAL
UBE4A,INFEASIBLE,INFEASIBLE,INFEASIBLE,OPTIMAL
ATP5MG,INFEASIBLE,INFEASIBLE,OPTIMAL,OPTIMAL
KMT2A,OPTIMAL,OPTIMAL,OPTIMAL,OPTIMAL
IFT46,INFEASIBLE,INFEASIBLE,OPTIMAL,OPTIMAL
ARCN1,INFEASIBLE,OPTIMAL,OPTIMAL,OPTIMAL
PHLDB1,OPTIMAL,OPTIMAL,OPTIMAL,OPTIMAL
DDX6,INFEASIBLE,INFEASIBLE,INFEASIBLE,OPTIMAL
BCL9L,OPTIMAL,OPTIMAL,OPTIMAL,OPTIMAL
CENATAC,INFEASIBLE,INFEASIBLE,INFEASIBLE,INFEASIBLE
RPS25,INFEASIBLE,INFEASIBLE,INFEASIBLE,OPTIMAL
TRAPPC4,INFEASIBLE,INFEASIBLE,INFEASIBLE,OPTIMAL
SLC37A4,INFEASIBLE,INFEASIBLE,INFEASIBLE,OPTIMAL
HYOU1,INFEASIBLE,INFEASIBLE,OPTIMAL,OPTIMAL
VPS11,INFEASIBLE,INFEASIBLE,OPTIMAL,OPTIMAL
HMBS,INFEASIBLE,INFEASIBLE,INFEASIBLE,OPTIMAL
DPAGT1,INFEASIBLE,INFEASIBLE,OPTIMAL,OPTIMAL
HINFP,INFEASIBLE,INFEASIBLE,INFEASIBLE,OPTIMAL
NLRX1,INFEASIBLE,OPTIMAL,OPTIMAL,OPTIMAL
CBL,INFEASIBLE,INFEASIBLE,INFEASIBLE,OPTIMAL
RNF26,INFEASIBLE,INFEASIBLE,OPTIMAL,OPTIMAL
USP2,INFEASIBLE,INFEASIBLE,INFEASIBLE,INFEASIBLE
NECTIN1,OPTIMAL,OPTIMAL,INFEASIBLE,OPTIMAL
OAF,INFEASIBLE,OPTIMAL,OPTIMAL,INFEASIBLE
POU2F3,OPTIMAL,OPTIMAL,OPTIMAL,OPTIMAL
TLCD5,INFEASIBLE,INFEASIBLE,OPTIMAL,OPTIMAL
ARHGEF12,OPTIMAL,OPTIMAL,INFEASIBLE,INFEASIBLE
GRIK4,OPTIMAL,OPTIMAL,OPTIMAL,OPTIMAL
TBCEL,INFEASIBLE,INFEASIBLE,INFEASIBLE,OPTIMAL
SC5D,INFEASIBLE,INFEASIBLE,OPTIMAL,OPTIMAL
SORL1,OPTIMAL,OPTIMAL,INFEASIBLE,OPTIMAL
UBASH3B,INFEASIBLE,OPTIMAL,OPTIMAL,INFEASIBLE
JHY,OPTIMAL,OPTIMAL,OPTIMAL,OPTIMAL
HSPA8,INFEASIBLE,INFEASIBLE,OPTIMAL,OPTIMAL
CLMP,OPTIMAL,OPTIMAL,INFEASIBLE,INFEASIBLE
GRAMD1B,OPTIMAL,OPTIMAL,OPTIMAL,OPTIMAL
ZNF202,INFEASIBLE,INFEASIBLE,OPTIMAL,OPTIMAL
TBRG1,INFEASIBLE,INFEASIBLE,OPTIMAL,OPTIMAL
SPA17,INFEASIBLE,INFEASIBLE,INFEASIBLE,INFEASIBLE
NRGN,OPTIMAL,OPTIMAL,OPTIMAL,OPTIMAL
MSANTD2,INFEASIBLE,INFEASIBLE,INFEASIBLE,OPTIMAL
CCDC15,OPTIMAL,OPTIMAL,OPTIMAL,OPTIMAL
TMEM218,OPTIMAL,OPTIMAL,OPTIMAL,OPTIMAL
PKNOX2,OPTIMAL,OPTIMAL,OPTIMAL,INFEASIBLE
FEZ1,OPTIMAL,OPTIMAL,INFEASIBLE,OPTIMAL
EI24,INFEASIBLE,OPTIMAL,INFEASIBLE,OPTIMAL
STT3A,INFEASIBLE,INFEASIBLE,OPTIMAL,OPTIMAL
CHEK1,INFEASIBLE,OPTIMAL,OPTIMAL,OPTIMAL
PUS3,INFEASIBLE,OPTIMAL,OPTIMAL,INFEASIBLE
CDON,OPTIMAL,OPTIMAL,OPTIMAL,OPTIMAL
RPUSD4,INFEASIBLE,INFEASIBLE,OPTIMAL,OPTIMAL
FAM118B,OPTIMAL,OPTIMAL,INFEASIBLE,OPTIMAL
SRPRA,INFEASIBLE,INFEASIBLE,OPTIMAL,OPTIMAL
FOXRED1,INFEASIBLE,INFEASIBLE,OPTIMAL,OPTIMAL
TIRAP,INFEASIBLE,INFEASIBLE,INFEASIBLE,OPTIMAL
DCPS,INFEASIBLE,INFEASIBLE,OPTIMAL,OPTIMAL
ST3GAL4,OPTIMAL,OPTIMAL,INFEASIBLE,OPTIMAL
FLI1,OPTIMAL,OPTIMAL,INFEASIBLE,OPTIMAL
ARHGAP32,INFEASIBLE,INFEASIBLE,INFEASIBLE,OPTIMAL
BARX2,OPTIMAL,OPTIMAL,INFEASIBLE,OPTIMAL
NFRKB,INFEASIBLE,INFEASIBLE,OPTIMAL,OPTIMAL
PRDM10,INFEASIBLE,INFEASIBLE,INFEASIBLE,OPTIMAL
APLP2,INFEASIBLE,INFEASIBLE,OPTIMAL,INFEASIBLE
ZBTB44,INFEASIBLE,OPTIMAL,OPTIMAL,OPTIMAL
JAM3,OPTIMAL,OPTIMAL,OPTIMAL,INFEASIBLE
NCAPD3,INFEASIBLE,INFEASIBLE,OPTIMAL,OPTIMAL
VPS26B,INFEASIBLE,INFEASIBLE,INFEASIBLE,INFEASIBLE
THYN1,INFEASIBLE,INFEASIBLE,INFEASIBLE,OPTIMAL
ACAD8,INFEASIBLE,INFEASIBLE,OPTIMAL,OPTIMAL
GLB1L2,INFEASIBLE,INFEASIBLE,OPTIMAL,OPTIMAL
KDM5A,INFEASIBLE,OPTIMAL,OPTIMAL,OPTIMAL
CCDC77,INFEASIBLE,INFEASIBLE,OPTIMAL,INFEASIBLE
B4GALNT3,OPTIMAL,OPTIMAL,INFEASIBLE,OPTIMAL
WNK1,INFEASIBLE,INFEASIBLE,INFEASIBLE,OPTIMAL
RAD52,INFEASIBLE,OPTIMAL,OPTIMAL,OPTIMAL
ERC1,INFEASIBLE,OPTIMAL,INFEASIBLE,INFEASIBLE
WNT5B,OPTIMAL,OPTIMAL,OPTIMAL,OPTIMAL
FBXL14,OPTIMAL,OPTIMAL,INFEASIBLE,OPTIMAL
ADIPOR2,INFEASIBLE,INFEASIBLE,INFEASIBLE,OPTIMAL
DCP1B,INFEASIBLE,INFEASIBLE,INFEASIBLE,OPTIMAL
CACNA1C,OPTIMAL,OPTIMAL,OPTIMAL,INFEASIBLE
FKBP4,INFEASIBLE,INFEASIBLE,OPTIMAL,OPTIMAL
ITFG2,INFEASIBLE,INFEASIBLE,INFEASIBLE,OPTIMAL
FOXM1,INFEASIBLE,INFEASIBLE,OPTIMAL,OPTIMAL
RHNO1,INFEASIBLE,INFEASIBLE,INFEASIBLE,OPTIMAL
TULP3,INFEASIBLE,INFEASIBLE,OPTIMAL,OPTIMAL
TEAD4,INFEASIBLE,OPTIMAL,INFEASIBLE,OPTIMAL
TSPAN9,INFEASIBLE,OPTIMAL,OPTIMAL,INFEASIBLE
CRACR2A,INFEASIBLE,OPTIMAL,OPTIMAL,OPTIMAL
PARP11,INFEASIBLE,INFEASIBLE,OPTIMAL,OPTIMAL
CCND2,INFEASIBLE,INFEASIBLE,INFEASIBLE,INFEASIBLE
TIGAR,OPTIMAL,OPTIMAL,OPTIMAL,OPTIMAL
FGF23,INFEASIBLE,OPTIMAL,OPTIMAL,OPTIMAL
C12orf4,INFEASIBLE,INFEASIBLE,OPTIMAL,OPTIMAL
RAD51AP1,INFEASIBLE,INFEASIBLE,OPTIMAL,OPTIMAL
DYRK4,INFEASIBLE,INFEASIBLE,OPTIMAL,OPTIMAL
NDUFA9,INFEASIBLE,INFEASIBLE,OPTIMAL,OPTIMAL
CD9,INFEASIBLE,INFEASIBLE,OPTIMAL,OPTIMAL
TNFRSF1A,INFEASIBLE,INFEASIBLE,OPTIMAL,OPTIMAL
MRPL51,INFEASIBLE,INFEASIBLE,INFEASIBLE,OPTIMAL
NCAPD2,INFEASIBLE,INFEASIBLE,INFEASIBLE,INFEASIBLE
GAPDH,INFEASIBLE,INFEASIBLE,INFEASIBLE,OPTIMAL
IFFO1,OPTIMAL,OPTIMAL,OPTIMAL,OPTIMAL
NOP2,INFEASIBLE,INFEASIBLE,OPTIMAL,OPTIMAL
CHD4,INFEASIBLE,INFEASIBLE,OPTIMAL,OPTIMAL
ING4,INFEASIBLE,INFEASIBLE,OPTIMAL,OPTIMAL
ZNF384,INFEASIBLE,OPTIMAL,OPTIMAL,OPTIMAL
COPS7A,OPTIMAL,OPTIMAL,OPTIMAL,OPTIMAL
MLF2,INFEASIBLE,INFEASIBLE,OPTIMAL,OPTIMAL
PTMS,OPTIMAL,OPTIMAL,OPTIMAL,OPTIMAL
P3H3,OPTIMAL,OPTIMAL,OPTIMAL,OPTIMAL
CDCA3,INFEASIBLE,INFEASIBLE,OPTIMAL,OPTIMAL
USP5,INFEASIBLE,OPTIMAL,OPTIMAL,OPTIMAL
TPI1,INFEASIBLE,INFEASIBLE,INFEASIBLE,OPTIMAL
LRRC23,OPTIMAL,OPTIMAL,OPTIMAL,OPTIMAL
ATN1,INFEASIBLE,INFEASIBLE,OPTIMAL,OPTIMAL
C12orf57,INFEASIBLE,INFEASIBLE,OPTIMAL,OPTIMAL
PHB2,INFEASIBLE,INFEASIBLE,OPTIMAL,OPTIMAL
EMG1,INFEASIBLE,INFEASIBLE,OPTIMAL,OPTIMAL
LPCAT3,INFEASIBLE,INFEASIBLE,INFEASIBLE,OPTIMAL
C1S,INFEASIBLE,INFEASIBLE,OPTIMAL,OPTIMAL
PEX5,OPTIMAL,OPTIMAL,INFEASIBLE,OPTIMAL
NECAP1,OPTIMAL,OPTIMAL,OPTIMAL,OPTIMAL
RIMKLB,INFEASIBLE,OPTIMAL,OPTIMAL,OPTIMAL
PHC1,INFEASIBLE,INFEASIBLE,OPTIMAL,OPTIMAL
M6PR,INFEASIBLE,INFEASIBLE,OPTIMAL,INFEASIBLE
KLRG1,INFEASIBLE,INFEASIBLE,INFEASIBLE,OPTIMAL
CLEC2D,INFEASIBLE,INFEASIBLE,OPTIMAL,OPTIMAL
GABARAPL1,INFEASIBLE,INFEASIBLE,INFEASIBLE,OPTIMAL
MAGOHB,INFEASIBLE,INFEASIBLE,OPTIMAL,OPTIMAL
YBX3,INFEASIBLE,INFEASIBLE,INFEASIBLE,OPTIMAL
PRH1,INFEASIBLE,INFEASIBLE,OPTIMAL,OPTIMAL
SMIM10L1,INFEASIBLE,INFEASIBLE,OPTIMAL,OPTIMAL
ETV6,OPTIMAL,OPTIMAL,OPTIMAL,OPTIMAL
BCL2L14,OPTIMAL,OPTIMAL,OPTIMAL,OPTIMAL
LRP6,OPTIMAL,OPTIMAL,INFEASIBLE,INFEASIBLE
BORCS5,INFEASIBLE,OPTIMAL,OPTIMAL,INFEASIBLE
DUSP16,INFEASIBLE,INFEASIBLE,INFEASIBLE,OPTIMAL
CREBL2,INFEASIBLE,INFEASIBLE,OPTIMAL,OPTIMAL
CDKN1B,INFEASIBLE,OPTIMAL,OPTIMAL,INFEASIBLE
APOLD1,INFEASIBLE,OPTIMAL,OPTIMAL,INFEASIBLE
HEBP1,INFEASIBLE,OPTIMAL,OPTIMAL,OPTIMAL
FAM234B,INFEASIBLE,OPTIMAL,OPTIMAL,OPTIMAL
ATF7IP,INFEASIBLE,INFEASIBLE,OPTIMAL,OPTIMAL
WBP11,INFEASIBLE,INFEASIBLE,OPTIMAL,OPTIMAL
RERG,OPTIMAL,OPTIMAL,OPTIMAL,OPTIMAL
EPS8,INFEASIBLE,OPTIMAL,OPTIMAL,INFEASIBLE
STRAP,INFEASIBLE,INFEASIBLE,OPTIMAL,OPTIMAL
DERA,OPTIMAL,OPTIMAL,OPTIMAL,INFEASIBLE
MGST1,OPTIMAL,OPTIMAL,OPTIMAL,OPTIMAL
PLEKHA5,INFEASIBLE,INFEASIBLE,INFEASIBLE,INFEASIBLE
AEBP2,OPTIMAL,OPTIMAL,INFEASIBLE,OPTIMAL
PDE3A,OPTIMAL,OPTIMAL,OPTIMAL,OPTIMAL
PYROXD1,INFEASIBLE,INFEASIBLE,INFEASIBLE,OPTIMAL
RECQL,OPTIMAL,OPTIMAL,OPTIMAL,OPTIMAL
GOLT1B,INFEASIBLE,OPTIMAL,OPTIMAL,INFEASIBLE
LDHB,INFEASIBLE,INFEASIBLE,INFEASIBLE,OPTIMAL
KCNJ8,INFEASIBLE,INFEASIBLE,OPTIMAL,OPTIMAL
CMAS,INFEASIBLE,INFEASIBLE,OPTIMAL,OPTIMAL
C2CD5,INFEASIBLE,OPTIMAL,OPTIMAL,OPTIMAL
ETNK1,INFEASIBLE,INFEASIBLE,INFEASIBLE,INFEASIBLE
SOX5,OPTIMAL,OPTIMAL,OPTIMAL,OPTIMAL
BCAT1,INFEASIBLE,INFEASIBLE,OPTIMAL,INFEASIBLE
ETFRF1,INFEASIBLE,INFEASIBLE,OPTIMAL,OPTIMAL
KRAS,INFEASIBLE,OPTIMAL,OPTIMAL,OPTIMAL
RASSF8,INFEASIBLE,INFEASIBLE,OPTIMAL,OPTIMAL
SSPN,INFEASIBLE,INFEASIBLE,OPTIMAL,OPTIMAL
ITPR2,INFEASIBLE,OPTIMAL,INFEASIBLE,OPTIMAL
INTS13,INFEASIBLE,OPTIMAL,OPTIMAL,INFEASIBLE
FGFR1OP2,INFEASIBLE,INFEASIBLE,OPTIMAL,OPTIMAL
TM7SF3,INFEASIBLE,INFEASIBLE,OPTIMAL,OPTIMAL
MED21,INFEASIBLE,INFEASIBLE,INFEASIBLE,OPTIMAL
STK38L,INFEASIBLE,OPTIMAL,OPTIMAL,OPTIMAL
BMAL2,OPTIMAL,OPTIMAL,OPTIMAL,OPTIMAL
PPFIBP1,INFEASIBLE,INFEASIBLE,OPTIMAL,OPTIMAL
MRPS35,INFEASIBLE,INFEASIBLE,OPTIMAL,OPTIMAL
KLHL42,INFEASIBLE,INFEASIBLE,INFEASIBLE,OPTIMAL
CCDC91,INFEASIBLE,OPTIMAL,INFEASIBLE,INFEASIBLE
FAR2,INFEASIBLE,INFEASIBLE,INFEASIBLE,INFEASIBLE
ERGIC2,INFEASIBLE,INFEASIBLE,OPTIMAL,OPTIMAL
TMTC1,OPTIMAL,OPTIMAL,OPTIMAL,INFEASIBLE
IPO8,INFEASIBLE,OPTIMAL,OPTIMAL,INFEASIBLE
CAPRIN2,OPTIMAL,OPTIMAL,OPTIMAL,OPTIMAL
DDX11,INFEASIBLE,OPTIMAL,INFEASIBLE,OPTIMAL
SINHCAF,INFEASIBLE,INFEASIBLE,OPTIMAL,OPTIMAL
DENND5B,OPTIMAL,OPTIMAL,OPTIMAL,OPTIMAL
AMN1,INFEASIBLE,INFEASIBLE,INFEASIBLE,OPTIMAL
RESF1,INFEASIBLE,INFEASIBLE,OPTIMAL,INFEASIBLE
BICD1,INFEASIBLE,OPTIMAL,INFEASIBLE,OPTIMAL
FGD4,OPTIMAL,OPTIMAL,INFEASIBLE,OPTIMAL
DNM1L,INFEASIBLE,INFEASIBLE,OPTIMAL,OPTIMAL
YARS2,INFEASIBLE,INFEASIBLE,OPTIMAL,OPTIMAL
PKP2,OPTIMAL,OPTIMAL,OPTIMAL,INFEASIBLE
CPNE8,INFEASIBLE,INFEASIBLE,INFEASIBLE,OPTIMAL
KIF21A,INFEASIBLE,INFEASIBLE,INFEASIBLE,INFEASIBLE
C12orf40,INFEASIBLE,OPTIMAL,OPTIMAL,OPTIMAL
SLC2A13,INFEASIBLE,INFEASIBLE,INFEASIBLE,OPTIMAL
CNTN1,OPTIMAL,OPTIMAL,INFEASIBLE,OPTIMAL
GXYLT1,INFEASIBLE,OPTIMAL,OPTIMAL,OPTIMAL
YAF2,INFEASIBLE,INFEASIBLE,INFEASIBLE,OPTIMAL
PPHLN1,OPTIMAL,OPTIMAL,OPTIMAL,INFEASIBLE
ZCRB1,INFEASIBLE,INFEASIBLE,INFEASIBLE,OPTIMAL
PRICKLE1,INFEASIBLE,OPTIMAL,OPTIMAL,INFEASIBLE
ADAMTS20,OPTIMAL,OPTIMAL,OPTIMAL,OPTIMAL
PUS7L,INFEASIBLE,INFEASIBLE,OPTIMAL,OPTIMAL
IRAK4,INFEASIBLE,INFEASIBLE,OPTIMAL,OPTIMAL
TWF1,INFEASIBLE,INFEASIBLE,OPTIMAL,OPTIMAL
TMEM117,INFEASIBLE,INFEASIBLE,INFEASIBLE,OPTIMAL
NELL2,OPTIMAL,OPTIMAL,OPTIMAL,OPTIMAL
ANO6,OPTIMAL,OPTIMAL,OPTIMAL,INFEASIBLE
ARID2,INFEASIBLE,INFEASIBLE,INFEASIBLE,INFEASIBLE
SCAF11,INFEASIBLE,INFEASIBLE,OPTIMAL,OPTIMAL
SLC38A1,INFEASIBLE,INFEASIBLE,OPTIMAL,OPTIMAL
SLC38A2,INFEASIBLE,INFEASIBLE,OPTIMAL,INFEASIBLE
RPAP3,INFEASIBLE,INFEASIBLE,OPTIMAL,OPTIMAL
SLC48A1,INFEASIBLE,OPTIMAL,OPTIMAL,OPTIMAL
HDAC7,INFEASIBLE,INFEASIBLE,OPTIMAL,OPTIMAL
TMEM106C,INFEASIBLE,INFEASIBLE,OPTIMAL,OPTIMAL
COL2A1,OPTIMAL,OPTIMAL,OPTIMAL,INFEASIBLE
SENP1,INFEASIBLE,INFEASIBLE,OPTIMAL,OPTIMAL
PFKM,INFEASIBLE,INFEASIBLE,OPTIMAL,OPTIMAL
ASB8,OPTIMAL,OPTIMAL,OPTIMAL,OPTIMAL
KANSL2,INFEASIBLE,INFEASIBLE,OPTIMAL,OPTIMAL
CCNT1,INFEASIBLE,INFEASIBLE,OPTIMAL,OPTIMAL
ADCY6,OPTIMAL,OPTIMAL,OPTIMAL,OPTIMAL
DDX23,INFEASIBLE,INFEASIBLE,OPTIMAL,OPTIMAL
CCDC65,INFEASIBLE,INFEASIBLE,OPTIMAL,OPTIMAL
FKBP11,OPTIMAL,OPTIMAL,OPTIMAL,OPTIMAL
ARF3,INFEASIBLE,INFEASIBLE,OPTIMAL,OPTIMAL
PRKAG1,INFEASIBLE,INFEASIBLE,OPTIMAL,OPTIMAL
KMT2D,OPTIMAL,OPTIMAL,OPTIMAL,OPTIMAL
LMBR1L,INFEASIBLE,INFEASIBLE,INFEASIBLE,OPTIMAL
TUBA1B,INFEASIBLE,INFEASIBLE,OPTIMAL,OPTIMAL
TUBA1A,INFEASIBLE,INFEASIBLE,OPTIMAL,OPTIMAL
TUBA1C,INFEASIBLE,OPTIMAL,OPTIMAL,OPTIMAL
TROAP,INFEASIBLE,INFEASIBLE,OPTIMAL,OPTIMAL
SPATS2,INFEASIBLE,OPTIMAL,INFEASIBLE,OPTIMAL
MCRS1,INFEASIBLE,INFEASIBLE,OPTIMAL,OPTIMAL
PRPF40B,INFEASIBLE,INFEASIBLE,OPTIMAL,OPTIMAL
FMNL3,OPTIMAL,OPTIMAL,OPTIMAL,INFEASIBLE
TMBIM6,INFEASIBLE,INFEASIBLE,OPTIMAL,OPTIMAL
NCKAP5L,OPTIMAL,OPTIMAL,OPTIMAL,OPTIMAL
BCDIN3D,INFEASIBLE,INFEASIBLE,OPTIMAL,OPTIMAL
RACGAP1,INFEASIBLE,INFEASIBLE,INFEASIBLE,INFEASIBLE
ASIC1,OPTIMAL,OPTIMAL,INFEASIBLE,OPTIMAL
SMARCD1,INFEASIBLE,INFEASIBLE,INFEASIBLE,INFEASIBLE
COX14,INFEASIBLE,INFEASIBLE,INFEASIBLE,INFEASIBLE
CERS5,OPTIMAL,OPTIMAL,INFEASIBLE,INFEASIBLE
LIMA1,INFEASIBLE,OPTIMAL,OPTIMAL,OPTIMAL
LARP4,INFEASIBLE,OPTIMAL,INFEASIBLE,OPTIMAL
DIP2B,INFEASIBLE,INFEASIBLE,INFEASIBLE,INFEASIBLE
ATF1,INFEASIBLE,OPTIMAL,INFEASIBLE,OPTIMAL
METTL7A,OPTIMAL,OPTIMAL,INFEASIBLE,INFEASIBLE
SLC11A2,INFEASIBLE,OPTIMAL,OPTIMAL,OPTIMAL
LETMD1,INFEASIBLE,INFEASIBLE,INFEASIBLE,OPTIMAL
CSRNP2,INFEASIBLE,INFEASIBLE,INFEASIBLE,OPTIMAL
TFCP2,INFEASIBLE,INFEASIBLE,INFEASIBLE,INFEASIBLE
DAZAP2,OPTIMAL,OPTIMAL,OPTIMAL,OPTIMAL
GALNT6,OPTIMAL,OPTIMAL,OPTIMAL,OPTIMAL
SCN8A,OPTIMAL,OPTIMAL,OPTIMAL,OPTIMAL
ACVR1B,OPTIMAL,OPTIMAL,OPTIMAL,OPTIMAL
ATG101,INFEASIBLE,OPTIMAL,OPTIMAL,OPTIMAL
KRT8,OPTIMAL,OPTIMAL,OPTIMAL,OPTIMAL
KRT18,INFEASIBLE,INFEASIBLE,OPTIMAL,OPTIMAL
EIF4B,INFEASIBLE,INFEASIBLE,OPTIMAL,OPTIMAL
CSAD,OPTIMAL,OPTIMAL,OPTIMAL,OPTIMAL
ZNF740,INFEASIBLE,INFEASIBLE,OPTIMAL,OPTIMAL
MFSD5,INFEASIBLE,OPTIMAL,INFEASIBLE,OPTIMAL
ESPL1,INFEASIBLE,INFEASIBLE,OPTIMAL,OPTIMAL
PFDN5,INFEASIBLE,INFEASIBLE,OPTIMAL,OPTIMAL
MYG1,INFEASIBLE,INFEASIBLE,OPTIMAL,OPTIMAL
AAAS,INFEASIBLE,INFEASIBLE,OPTIMAL,OPTIMAL
SP1,INFEASIBLE,OPTIMAL,INFEASIBLE,INFEASIBLE
PRR13,INFEASIBLE,INFEASIBLE,OPTIMAL,OPTIMAL
PCBP2,INFEASIBLE,INFEASIBLE,INFEASIBLE,INFEASIBLE
MAP3K12,INFEASIBLE,INFEASIBLE,OPTIMAL,INFEASIBLE
TARBP2,INFEASIBLE,INFEASIBLE,OPTIMAL,OPTIMAL
ATF7,OPTIMAL,OPTIMAL,OPTIMAL,OPTIMAL
ATP5MC2,INFEASIBLE,INFEASIBLE,OPTIMAL,OPTIMAL
HOXC10,INFEASIBLE,INFEASIBLE,OPTIMAL,OPTIMAL
HOXC6,OPTIMAL,OPTIMAL,OPTIMAL,OPTIMAL
HOXC9,INFEASIBLE,INFEASIBLE,OPTIMAL,OPTIMAL
HOXC8,INFEASIBLE,INFEASIBLE,OPTIMAL,OPTIMAL
HOXC4,OPTIMAL,OPTIMAL,OPTIMAL,OPTIMAL
SMUG1,INFEASIBLE,INFEASIBLE,OPTIMAL,OPTIMAL
CBX5,INFEASIBLE,INFEASIBLE,OPTIMAL,OPTIMAL
HNRNPA1,INFEASIBLE,INFEASIBLE,OPTIMAL,OPTIMAL
COPZ1,INFEASIBLE,INFEASIBLE,OPTIMAL,OPTIMAL
ZNF385A,INFEASIBLE,INFEASIBLE,OPTIMAL,OPTIMAL
ITGA5,OPTIMAL,OPTIMAL,INFEASIBLE,OPTIMAL
PPP1R1A,INFEASIBLE,INFEASIBLE,OPTIMAL,INFEASIBLE
BLOC1S1,INFEASIBLE,INFEASIBLE,OPTIMAL,INFEASIBLE
CD63,INFEASIBLE,INFEASIBLE,OPTIMAL,INFEASIBLE
GDF11,OPTIMAL,OPTIMAL,OPTIMAL,OPTIMAL
SARNP,INFEASIBLE,INFEASIBLE,INFEASIBLE,OPTIMAL
ORMDL2,INFEASIBLE,INFEASIBLE,OPTIMAL,OPTIMAL
DNAJC14,INFEASIBLE,INFEASIBLE,OPTIMAL,OPTIMAL
PYM1,INFEASIBLE,OPTIMAL,OPTIMAL,OPTIMAL
CDK2,INFEASIBLE,OPTIMAL,OPTIMAL,OPTIMAL
RAB5B,INFEASIBLE,INFEASIBLE,OPTIMAL,OPTIMAL
RPS26,INFEASIBLE,INFEASIBLE,INFEASIBLE,OPTIMAL
PA2G4,INFEASIBLE,INFEASIBLE,INFEASIBLE,OPTIMAL
RPL41,INFEASIBLE,INFEASIBLE,INFEASIBLE,OPTIMAL
ESYT1,INFEASIBLE,INFEASIBLE,OPTIMAL,OPTIMAL
MYL6B,INFEASIBLE,INFEASIBLE,INFEASIBLE,INFEASIBLE
MYL6,INFEASIBLE,INFEASIBLE,OPTIMAL,OPTIMAL
SMARCC2,INFEASIBLE,INFEASIBLE,OPTIMAL,INFEASIBLE
RNF41,INFEASIBLE,INFEASIBLE,INFEASIBLE,OPTIMAL
NABP2,INFEASIBLE,INFEASIBLE,OPTIMAL,OPTIMAL
ANKRD52,INFEASIBLE,OPTIMAL,OPTIMAL,INFEASIBLE
COQ10A,INFEASIBLE,INFEASIBLE,OPTIMAL,OPTIMAL
CS,INFEASIBLE,INFEASIBLE,OPTIMAL,INFEASIBLE
CNPY2,INFEASIBLE,INFEASIBLE,OPTIMAL,OPTIMAL
STAT2,OPTIMAL,OPTIMAL,INFEASIBLE,OPTIMAL
TIMELESS,INFEASIBLE,INFEASIBLE,INFEASIBLE,OPTIMAL
SPRYD4,INFEASIBLE,INFEASIBLE,OPTIMAL,OPTIMAL
RBMS2,INFEASIBLE,OPTIMAL,OPTIMAL,OPTIMAL
BAZ2A,INFEASIBLE,INFEASIBLE,INFEASIBLE,OPTIMAL
ATP5F1B,INFEASIBLE,INFEASIBLE,OPTIMAL,OPTIMAL
PTGES3,INFEASIBLE,INFEASIBLE,INFEASIBLE,INFEASIBLE
NACA,INFEASIBLE,INFEASIBLE,INFEASIBLE,OPTIMAL
PRIM1,INFEASIBLE,OPTIMAL,OPTIMAL,OPTIMAL
ZBTB39,OPTIMAL,OPTIMAL,OPTIMAL,OPTIMAL
NEMP1,OPTIMAL,OPTIMAL,OPTIMAL,INFEASIBLE
STAT6,INFEASIBLE,INFEASIBLE,OPTIMAL,OPTIMAL
LRP1,OPTIMAL,OPTIMAL,OPTIMAL,OPTIMAL
SHMT2,INFEASIBLE,INFEASIBLE,OPTIMAL,OPTIMAL
R3HDM2,OPTIMAL,OPTIMAL,INFEASIBLE,OPTIMAL
MARS1,OPTIMAL,OPTIMAL,OPTIMAL,OPTIMAL
MBD6,OPTIMAL,OPTIMAL,INFEASIBLE,OPTIMAL
DCTN2,INFEASIBLE,INFEASIBLE,OPTIMAL,OPTIMAL
KIF5A,INFEASIBLE,OPTIMAL,INFEASIBLE,OPTIMAL
PIP4K2C,INFEASIBLE,INFEASIBLE,OPTIMAL,INFEASIBLE
OS9,INFEASIBLE,OPTIMAL,INFEASIBLE,INFEASIBLE
TSPAN31,INFEASIBLE,INFEASIBLE,OPTIMAL,OPTIMAL
CDK4,INFEASIBLE,INFEASIBLE,OPTIMAL,OPTIMAL
MARCHF9,OPTIMAL,OPTIMAL,OPTIMAL,OPTIMAL
METTL1,INFEASIBLE,INFEASIBLE,OPTIMAL,OPTIMAL
EEF1AKMT3,INFEASIBLE,INFEASIBLE,INFEASIBLE,OPTIMAL
TSFM,INFEASIBLE,INFEASIBLE,OPTIMAL,OPTIMAL
CTDSP2,OPTIMAL,OPTIMAL,INFEASIBLE,OPTIMAL
ATP23,OPTIMAL,OPTIMAL,OPTIMAL,OPTIMAL
LRIG3,INFEASIBLE,INFEASIBLE,OPTIMAL,OPTIMAL
TAFA2,OPTIMAL,OPTIMAL,OPTIMAL,OPTIMAL
USP15,INFEASIBLE,INFEASIBLE,OPTIMAL,INFEASIBLE
MON2,INFEASIBLE,INFEASIBLE,INFEASIBLE,INFEASIBLE
PPM1H,OPTIMAL,OPTIMAL,INFEASIBLE,OPTIMAL
RXYLT1,INFEASIBLE,OPTIMAL,OPTIMAL,OPTIMAL
SRGAP1,OPTIMAL,OPTIMAL,INFEASIBLE,OPTIMAL
KICS2,OPTIMAL,OPTIMAL,OPTIMAL,OPTIMAL
XPOT,INFEASIBLE,OPTIMAL,INFEASIBLE,INFEASIBLE
TBK1,INFEASIBLE,OPTIMAL,INFEASIBLE,OPTIMAL
RASSF3,INFEASIBLE,OPTIMAL,INFEASIBLE,INFEASIBLE
GNS,OPTIMAL,OPTIMAL,OPTIMAL,OPTIMAL
TBC1D30,OPTIMAL,OPTIMAL,OPTIMAL,INFEASIBLE
LEMD3,INFEASIBLE,INFEASIBLE,OPTIMAL,OPTIMAL
MSRB3,OPTIMAL,OPTIMAL,OPTIMAL,OPTIMAL
HMGA2,INFEASIBLE,INFEASIBLE,INFEASIBLE,INFEASIBLE
LLPH,INFEASIBLE,INFEASIBLE,OPTIMAL,INFEASIBLE
TMBIM4,INFEASIBLE,INFEASIBLE,INFEASIBLE,OPTIMAL
HELB,INFEASIBLE,OPTIMAL,INFEASIBLE,OPTIMAL
GRIP1,OPTIMAL,OPTIMAL,INFEASIBLE,INFEASIBLE
CAND1,INFEASIBLE,OPTIMAL,OPTIMAL,OPTIMAL
DYRK2,INFEASIBLE,OPTIMAL,OPTIMAL,OPTIMAL
MDM1,INFEASIBLE,INFEASIBLE,OPTIMAL,OPTIMAL
RAP1B,INFEASIBLE,OPTIMAL,OPTIMAL,INFEASIBLE
NUP107,INFEASIBLE,INFEASIBLE,OPTIMAL,OPTIMAL
SLC35E3,OPTIMAL,OPTIMAL,OPTIMAL,OPTIMAL
MDM2,INFEASIBLE,OPTIMAL,OPTIMAL,OPTIMAL
CPM,INFEASIBLE,INFEASIBLE,OPTIMAL,INFEASIBLE
CPSF6,INFEASIBLE,INFEASIBLE,INFEASIBLE,INFEASIBLE
YEATS4,INFEASIBLE,INFEASIBLE,INFEASIBLE,OPTIMAL
FRS2,INFEASIBLE,OPTIMAL,INFEASIBLE,OPTIMAL
CCT2,INFEASIBLE,INFEASIBLE,OPTIMAL,INFEASIBLE
RAB3IP,INFEASIBLE,OPTIMAL,INFEASIBLE,INFEASIBLE
CNOT2,INFEASIBLE,INFEASIBLE,OPTIMAL,OPTIMAL
KCNMB4,OPTIMAL,OPTIMAL,OPTIMAL,OPTIMAL
TSPAN8,INFEASIBLE,OPTIMAL,OPTIMAL,OPTIMAL
LGR5,INFEASIBLE,INFEASIBLE,INFEASIBLE,INFEASIBLE
ZFC3H1,INFEASIBLE,INFEASIBLE,OPTIMAL,OPTIMAL
THAP2,INFEASIBLE,INFEASIBLE,OPTIMAL,INFEASIBLE
TMEM19,OPTIMAL,OPTIMAL,OPTIMAL,OPTIMAL
RAB21,INFEASIBLE,INFEASIBLE,INFEASIBLE,INFEASIBLE
TBC1D15,INFEASIBLE,INFEASIBLE,OPTIMAL,OPTIMAL
TRHDE,INFEASIBLE,OPTIMAL,OPTIMAL,OPTIMAL
ATXN7L3B,INFEASIBLE,INFEASIBLE,OPTIMAL,OPTIMAL
CAPS2,OPTIMAL,OPTIMAL,INFEASIBLE,OPTIMAL
GLIPR1,INFEASIBLE,OPTIMAL,OPTIMAL,OPTIMAL
KRR1,INFEASIBLE,INFEASIBLE,INFEASIBLE,OPTIMAL
NAP1L1,INFEASIBLE,INFEASIBLE,INFEASIBLE,INFEASIBLE
OSBPL8,OPTIMAL,OPTIMAL,OPTIMAL,INFEASIBLE
ZDHHC17,INFEASIBLE,OPTIMAL,INFEASIBLE,INFEASIBLE
CSRP2,INFEASIBLE,INFEASIBLE,OPTIMAL,INFEASIBLE
E2F7,INFEASIBLE,INFEASIBLE,OPTIMAL,OPTIMAL
SYT1,OPTIMAL,OPTIMAL,OPTIMAL,OPTIMAL
PAWR,INFEASIBLE,INFEASIBLE,INFEASIBLE,INFEASIBLE
PPP1R12A,INFEASIBLE,INFEASIBLE,OPTIMAL,INFEASIBLE
LIN7A,INFEASIBLE,OPTIMAL,OPTIMAL,OPTIMAL
ACSS3,INFEASIBLE,INFEASIBLE,INFEASIBLE,OPTIMAL
PPFIA2,OPTIMAL,OPTIMAL,OPTIMAL,OPTIMAL
CCDC59,INFEASIBLE,INFEASIBLE,OPTIMAL,OPTIMAL
METTL25,OPTIMAL,OPTIMAL,OPTIMAL,OPTIMAL
TMTC2,OPTIMAL,OPTIMAL,INFEASIBLE,OPTIMAL
SLC6A15,OPTIMAL,OPTIMAL,INFEASIBLE,OPTIMAL
ALX1,INFEASIBLE,OPTIMAL,OPTIMAL,OPTIMAL
MGAT4C,INFEASIBLE,OPTIMAL,OPTIMAL,OPTIMAL
C12orf29,INFEASIBLE,INFEASIBLE,INFEASIBLE,OPTIMAL
CEP290,INFEASIBLE,INFEASIBLE,OPTIMAL,OPTIMAL
TMTC3,INFEASIBLE,INFEASIBLE,OPTIMAL,INFEASIBLE
KITLG,INFEASIBLE,OPTIMAL,INFEASIBLE,OPTIMAL
POC1B,INFEASIBLE,INFEASIBLE,INFEASIBLE,OPTIMAL
ATP2B1,INFEASIBLE,INFEASIBLE,INFEASIBLE,INFEASIBLE
BTG1,INFEASIBLE,INFEASIBLE,OPTIMAL,OPTIMAL
EEA1,OPTIMAL,OPTIMAL,OPTIMAL,OPTIMAL
NUDT4,OPTIMAL,OPTIMAL,OPTIMAL,OPTIMAL
UBE2N,INFEASIBLE,INFEASIBLE,INFEASIBLE,OPTIMAL
MRPL42,INFEASIBLE,INFEASIBLE,OPTIMAL,OPTIMAL
CRADD,OPTIMAL,OPTIMAL,OPTIMAL,OPTIMAL
CEP83,OPTIMAL,OPTIMAL,OPTIMAL,INFEASIBLE
TMCC3,OPTIMAL,OPTIMAL,OPTIMAL,OPTIMAL
NDUFA12,INFEASIBLE,INFEASIBLE,OPTIMAL,OPTIMAL
NR2C1,INFEASIBLE,INFEASIBLE,INFEASIBLE,OPTIMAL
FGD6,OPTIMAL,OPTIMAL,OPTIMAL,OPTIMAL
VEZT,INFEASIBLE,INFEASIBLE,OPTIMAL,OPTIMAL
METAP2,INFEASIBLE,INFEASIBLE,OPTIMAL,INFEASIBLE
USP44,OPTIMAL,OPTIMAL,OPTIMAL,OPTIMAL
SNRPF,INFEASIBLE,INFEASIBLE,INFEASIBLE,INFEASIBLE
LTA4H,INFEASIBLE,INFEASIBLE,OPTIMAL,OPTIMAL
ELK3,OPTIMAL,OPTIMAL,OPTIMAL,OPTIMAL
CDK17,INFEASIBLE,OPTIMAL,OPTIMAL,OPTIMAL
NEDD1,INFEASIBLE,INFEASIBLE,OPTIMAL,OPTIMAL
TMPO,INFEASIBLE,INFEASIBLE,OPTIMAL,INFEASIBLE
SLC25A3,INFEASIBLE,INFEASIBLE,OPTIMAL,OPTIMAL
IKBIP,INFEASIBLE,INFEASIBLE,OPTIMAL,OPTIMAL
APAF1,INFEASIBLE,INFEASIBLE,INFEASIBLE,OPTIMAL
ANKS1B,OPTIMAL,OPTIMAL,OPTIMAL,OPTIMAL
BLTP3B,OPTIMAL,OPTIMAL,OPTIMAL,OPTIMAL
ACTR6,INFEASIBLE,INFEASIBLE,OPTIMAL,OPTIMAL
DEPDC4,OPTIMAL,OPTIMAL,INFEASIBLE,OPTIMAL
SCYL2,INFEASIBLE,INFEASIBLE,OPTIMAL,OPTIMAL
GAS2L3,INFEASIBLE,OPTIMAL,OPTIMAL,INFEASIBLE
ANO4,OPTIMAL,OPTIMAL,OPTIMAL,OPTIMAL
UTP20,INFEASIBLE,INFEASIBLE,OPTIMAL,OPTIMAL
ARL1,INFEASIBLE,INFEASIBLE,INFEASIBLE,OPTIMAL
CHPT1,INFEASIBLE,INFEASIBLE,INFEASIBLE,INFEASIBLE
GNPTAB,INFEASIBLE,INFEASIBLE,INFEASIBLE,OPTIMAL
WASHC3,INFEASIBLE,INFEASIBLE,OPTIMAL,INFEASIBLE
NUP37,OPTIMAL,OPTIMAL,OPTIMAL,OPTIMAL
PARPBP,INFEASIBLE,INFEASIBLE,OPTIMAL,INFEASIBLE
NT5DC3,OPTIMAL,OPTIMAL,OPTIMAL,INFEASIBLE
HSP90B1,INFEASIBLE,INFEASIBLE,OPTIMAL,OPTIMAL
UQCC6,INFEASIBLE,INFEASIBLE,OPTIMAL,OPTIMAL
TDG,INFEASIBLE,INFEASIBLE,OPTIMAL,OPTIMAL
HCFC2,INFEASIBLE,OPTIMAL,OPTIMAL,INFEASIBLE
NFYB,INFEASIBLE,INFEASIBLE,OPTIMAL,OPTIMAL
TXNRD1,INFEASIBLE,INFEASIBLE,INFEASIBLE,OPTIMAL
CHST11,OPTIMAL,OPTIMAL,OPTIMAL,OPTIMAL
SLC41A2,OPTIMAL,OPTIMAL,INFEASIBLE,INFEASIBLE
NOPCHAP1,INFEASIBLE,OPTIMAL,INFEASIBLE,OPTIMAL
ALDH1L2,OPTIMAL,OPTIMAL,INFEASIBLE,OPTIMAL
WASHC4,INFEASIBLE,INFEASIBLE,INFEASIBLE,OPTIMAL
APPL2,OPTIMAL,OPTIMAL,OPTIMAL,OPTIMAL
C12orf75,INFEASIBLE,OPTIMAL,OPTIMAL,OPTIMAL
NUAK1,INFEASIBLE,INFEASIBLE,INFEASIBLE,OPTIMAL
CKAP4,INFEASIBLE,OPTIMAL,INFEASIBLE,OPTIMAL
POLR3B,INFEASIBLE,INFEASIBLE,OPTIMAL,OPTIMAL
RIC8B,OPTIMAL,OPTIMAL,INFEASIBLE,INFEASIBLE
TMEM263,INFEASIBLE,INFEASIBLE,INFEASIBLE,INFEASIBLE
MTERF2,INFEASIBLE,INFEASIBLE,OPTIMAL,OPTIMAL
CRY1,INFEASIBLE,INFEASIBLE,INFEASIBLE,OPTIMAL
ABTB3,OPTIMAL,OPTIMAL,OPTIMAL,OPTIMAL
PWP1,OPTIMAL,OPTIMAL,OPTIMAL,OPTIMAL
PRDM4,INFEASIBLE,OPTIMAL,OPTIMAL,OPTIMAL
SART3,INFEASIBLE,OPTIMAL,OPTIMAL,OPTIMAL
ISCU,INFEASIBLE,INFEASIBLE,OPTIMAL,OPTIMAL
CORO1C,OPTIMAL,OPTIMAL,OPTIMAL,INFEASIBLE
SSH1,INFEASIBLE,INFEASIBLE,INFEASIBLE,OPTIMAL
USP30,INFEASIBLE,INFEASIBLE,OPTIMAL,OPTIMAL
ALKBH2,INFEASIBLE,INFEASIBLE,INFEASIBLE,OPTIMAL
UNG,INFEASIBLE,INFEASIBLE,INFEASIBLE,OPTIMAL
ACACB,OPTIMAL,OPTIMAL,OPTIMAL,OPTIMAL
KCTD10,INFEASIBLE,INFEASIBLE,INFEASIBLE,OPTIMAL
UBE3B,OPTIMAL,OPTIMAL,OPTIMAL,OPTIMAL
MMAB,INFEASIBLE,OPTIMAL,OPTIMAL,OPTIMAL
MVK,OPTIMAL,OPTIMAL,OPTIMAL,OPTIMAL
FAM222A,OPTIMAL,OPTIMAL,OPTIMAL,OPTIMAL
GLTP,INFEASIBLE,INFEASIBLE,INFEASIBLE,OPTIMAL
TCHP,INFEASIBLE,INFEASIBLE,OPTIMAL,INFEASIBLE
GIT2,INFEASIBLE,INFEASIBLE,OPTIMAL,INFEASIBLE
ANKRD13A,INFEASIBLE,OPTIMAL,OPTIMAL,OPTIMAL
C12orf76,INFEASIBLE,INFEASIBLE,OPTIMAL,OPTIMAL
IFT81,INFEASIBLE,INFEASIBLE,OPTIMAL,INFEASIBLE
ATP2A2,INFEASIBLE,INFEASIBLE,INFEASIBLE,OPTIMAL
ANAPC7,INFEASIBLE,INFEASIBLE,INFEASIBLE,OPTIMAL
ARPC3,INFEASIBLE,INFEASIBLE,OPTIMAL,INFEASIBLE
GPN3,INFEASIBLE,INFEASIBLE,OPTIMAL,OPTIMAL
FAM216A,INFEASIBLE,OPTIMAL,OPTIMAL,OPTIMAL
VPS29,INFEASIBLE,INFEASIBLE,INFEASIBLE,OPTIMAL
PPTC7,INFEASIBLE,INFEASIBLE,INFEASIBLE,INFEASIBLE
TCTN1,INFEASIBLE,INFEASIBLE,OPTIMAL,OPTIMAL
PPP1CC,INFEASIBLE,INFEASIBLE,INFEASIBLE,INFEASIBLE
CUX2,INFEASIBLE,OPTIMAL,OPTIMAL,OPTIMAL
SH2B3,OPTIMAL,OPTIMAL,OPTIMAL,OPTIMAL
ATXN2,INFEASIBLE,INFEASIBLE,INFEASIBLE,INFEASIBLE
BRAP,INFEASIBLE,INFEASIBLE,INFEASIBLE,OPTIMAL
ACAD10,INFEASIBLE,INFEASIBLE,OPTIMAL,OPTIMAL
ALDH2,INFEASIBLE,INFEASIBLE,OPTIMAL,OPTIMAL
MAPKAPK5,INFEASIBLE,INFEASIBLE,OPTIMAL,OPTIMAL
TMEM116,INFEASIBLE,INFEASIBLE,INFEASIBLE,OPTIMAL
ERP29,INFEASIBLE,INFEASIBLE,OPTIMAL,OPTIMAL
NAA25,INFEASIBLE,INFEASIBLE,INFEASIBLE,OPTIMAL
TRAFD1,INFEASIBLE,OPTIMAL,OPTIMAL,OPTIMAL
HECTD4,INFEASIBLE,OPTIMAL,INFEASIBLE,OPTIMAL
RPL6,INFEASIBLE,INFEASIBLE,OPTIMAL,INFEASIBLE
PTPN11,INFEASIBLE,INFEASIBLE,INFEASIBLE,INFEASIBLE
DDX54,INFEASIBLE,INFEASIBLE,OPTIMAL,OPTIMAL
RITA1,INFEASIBLE,INFEASIBLE,OPTIMAL,OPTIMAL
TPCN1,INFEASIBLE,OPTIMAL,OPTIMAL,OPTIMAL
PLBD2,INFEASIBLE,INFEASIBLE,OPTIMAL,OPTIMAL
RBM19,INFEASIBLE,INFEASIBLE,INFEASIBLE,OPTIMAL
TBX3,INFEASIBLE,OPTIMAL,OPTIMAL,OPTIMAL
MED13L,OPTIMAL,OPTIMAL,INFEASIBLE,INFEASIBLE
SPRING1,INFEASIBLE,INFEASIBLE,OPTIMAL,OPTIMAL
RNFT2,INFEASIBLE,OPTIMAL,OPTIMAL,OPTIMAL
HRK,OPTIMAL,OPTIMAL,OPTIMAL,OPTIMAL
FBXW8,INFEASIBLE,INFEASIBLE,INFEASIBLE,OPTIMAL
TESC,INFEASIBLE,INFEASIBLE,OPTIMAL,OPTIMAL
FBXO21,INFEASIBLE,INFEASIBLE,INFEASIBLE,OPTIMAL
KSR2,OPTIMAL,OPTIMAL,OPTIMAL,OPTIMAL
RFC5,INFEASIBLE,INFEASIBLE,INFEASIBLE,OPTIMAL
WSB2,OPTIMAL,OPTIMAL,OPTIMAL,INFEASIBLE
VSIG10,INFEASIBLE,INFEASIBLE,OPTIMAL,OPTIMAL
PEBP1,INFEASIBLE,INFEASIBLE,INFEASIBLE,OPTIMAL
TAOK3,OPTIMAL,OPTIMAL,OPTIMAL,OPTIMAL
SUDS3,INFEASIBLE,INFEASIBLE,OPTIMAL,OPTIMAL
PRKAB1,INFEASIBLE,INFEASIBLE,OPTIMAL,OPTIMAL
CIT,INFEASIBLE,INFEASIBLE,INFEASIBLE,INFEASIBLE
RAB35,INFEASIBLE,OPTIMAL,INFEASIBLE,OPTIMAL
GCN1,INFEASIBLE,INFEASIBLE,OPTIMAL,OPTIMAL
RPLP0,INFEASIBLE,INFEASIBLE,OPTIMAL,OPTIMAL
PXN,OPTIMAL,OPTIMAL,OPTIMAL,OPTIMAL
MSI1,INFEASIBLE,OPTIMAL,OPTIMAL,OPTIMAL
COX6A1,INFEASIBLE,INFEASIBLE,OPTIMAL,OPTIMAL
TRIAP1,INFEASIBLE,INFEASIBLE,OPTIMAL,OPTIMAL
GATC,INFEASIBLE,INFEASIBLE,OPTIMAL,OPTIMAL
SRSF9,INFEASIBLE,INFEASIBLE,OPTIMAL,OPTIMAL
DYNLL1,INFEASIBLE,INFEASIBLE,OPTIMAL,OPTIMAL
COQ5,OPTIMAL,OPTIMAL,OPTIMAL,OPTIMAL
RNF10,INFEASIBLE,INFEASIBLE,OPTIMAL,INFEASIBLE
POP5,INFEASIBLE,INFEASIBLE,OPTIMAL,OPTIMAL
MLEC,INFEASIBLE,INFEASIBLE,OPTIMAL,OPTIMAL
UNC119B,OPTIMAL,OPTIMAL,OPTIMAL,OPTIMAL
SPPL3,OPTIMAL,OPTIMAL,INFEASIBLE,OPTIMAL
C12orf43,INFEASIBLE,INFEASIBLE,OPTIMAL,OPTIMAL
P2RX4,INFEASIBLE,INFEASIBLE,OPTIMAL,OPTIMAL
CAMKK2,OPTIMAL,OPTIMAL,OPTIMAL,OPTIMAL
ANAPC5,INFEASIBLE,INFEASIBLE,OPTIMAL,INFEASIBLE
RNF34,INFEASIBLE,OPTIMAL,INFEASIBLE,INFEASIBLE
KDM2B,OPTIMAL,OPTIMAL,INFEASIBLE,OPTIMAL
ORAI1,OPTIMAL,OPTIMAL,OPTIMAL,OPTIMAL
TMEM120B,INFEASIBLE,INFEASIBLE,INFEASIBLE,OPTIMAL
RHOF,INFEASIBLE,INFEASIBLE,OPTIMAL,OPTIMAL
SETD1B,OPTIMAL,OPTIMAL,OPTIMAL,OPTIMAL
PSMD9,INFEASIBLE,INFEASIBLE,OPTIMAL,OPTIMAL
CFAP251,INFEASIBLE,OPTIMAL,OPTIMAL,OPTIMAL
BCL7A,INFEASIBLE,OPTIMAL,INFEASIBLE,OPTIMAL
MLXIP,INFEASIBLE,INFEASIBLE,INFEASIBLE,OPTIMAL
VPS33A,INFEASIBLE,INFEASIBLE,OPTIMAL,OPTIMAL
CLIP1,INFEASIBLE,OPTIMAL,INFEASIBLE,OPTIMAL
ZCCHC8,INFEASIBLE,INFEASIBLE,INFEASIBLE,INFEASIBLE
RSRC2,INFEASIBLE,INFEASIBLE,OPTIMAL,OPTIMAL
KNTC1,INFEASIBLE,OPTIMAL,OPTIMAL,OPTIMAL
DENR,INFEASIBLE,INFEASIBLE,INFEASIBLE,INFEASIBLE
HIP1R,OPTIMAL,OPTIMAL,OPTIMAL,OPTIMAL
VPS37B,INFEASIBLE,INFEASIBLE,INFEASIBLE,OPTIMAL
ABCB9,INFEASIBLE,OPTIMAL,OPTIMAL,OPTIMAL
ARL6IP4,INFEASIBLE,INFEASIBLE,INFEASIBLE,OPTIMAL
PITPNM2,OPTIMAL,OPTIMAL,OPTIMAL,OPTIMAL
MPHOSPH9,OPTIMAL,OPTIMAL,INFEASIBLE,OPTIMAL
MTRFR,INFEASIBLE,OPTIMAL,OPTIMAL,OPTIMAL
CDK2AP1,INFEASIBLE,OPTIMAL,INFEASIBLE,INFEASIBLE
SBNO1,INFEASIBLE,INFEASIBLE,INFEASIBLE,INFEASIBLE
KMT5A,OPTIMAL,OPTIMAL,INFEASIBLE,OPTIMAL
RILPL2,INFEASIBLE,INFEASIBLE,OPTIMAL,OPTIMAL
SNRNP35,INFEASIBLE,INFEASIBLE,OPTIMAL,OPTIMAL
RILPL1,OPTIMAL,OPTIMAL,OPTIMAL,OPTIMAL
TMED2,INFEASIBLE,OPTIMAL,INFEASIBLE,OPTIMAL
DDX55,INFEASIBLE,INFEASIBLE,INFEASIBLE,OPTIMAL
EIF2B1,INFEASIBLE,OPTIMAL,OPTIMAL,OPTIMAL
GTF2H3,INFEASIBLE,INFEASIBLE,OPTIMAL,OPTIMAL
TCTN2,INFEASIBLE,INFEASIBLE,OPTIMAL,OPTIMAL
ATP6V0A2,OPTIMAL,OPTIMAL,OPTIMAL,OPTIMAL
CCDC92,OPTIMAL,OPTIMAL,OPTIMAL,OPTIMAL
ZNF664,OPTIMAL,OPTIMAL,OPTIMAL,INFEASIBLE
NCOR2,OPTIMAL,OPTIMAL,INFEASIBLE,OPTIMAL
SCARB1,OPTIMAL,OPTIMAL,OPTIMAL,OPTIMAL
UBC,INFEASIBLE,INFEASIBLE,OPTIMAL,OPTIMAL
DHX37,INFEASIBLE,INFEASIBLE,OPTIMAL,INFEASIBLE
BRI3BP,INFEASIBLE,INFEASIBLE,INFEASIBLE,OPTIMAL
AACS,INFEASIBLE,INFEASIBLE,INFEASIBLE,OPTIMAL
SLC15A4,OPTIMAL,OPTIMAL,OPTIMAL,OPTIMAL
STX2,INFEASIBLE,INFEASIBLE,INFEASIBLE,OPTIMAL
RAN,INFEASIBLE,INFEASIBLE,OPTIMAL,OPTIMAL
SFSWAP,INFEASIBLE,OPTIMAL,OPTIMAL,OPTIMAL
ULK1,OPTIMAL,OPTIMAL,OPTIMAL,OPTIMAL
PUS1,INFEASIBLE,INFEASIBLE,OPTIMAL,INFEASIBLE
EP400,OPTIMAL,OPTIMAL,INFEASIBLE,OPTIMAL
DDX51,INFEASIBLE,INFEASIBLE,OPTIMAL,OPTIMAL
NOC4L,INFEASIBLE,INFEASIBLE,OPTIMAL,OPTIMAL
FBRSL1,OPTIMAL,OPTIMAL,INFEASIBLE,OPTIMAL
POLE,INFEASIBLE,OPTIMAL,INFEASIBLE,OPTIMAL
PXMP2,INFEASIBLE,OPTIMAL,OPTIMAL,OPTIMAL
PGAM5,INFEASIBLE,OPTIMAL,OPTIMAL,OPTIMAL
ANKLE2,INFEASIBLE,INFEASIBLE,INFEASIBLE,INFEASIBLE
GOLGA3,INFEASIBLE,OPTIMAL,OPTIMAL,INFEASIBLE
CHFR,OPTIMAL,OPTIMAL,OPTIMAL,OPTIMAL
ZNF26,INFEASIBLE,INFEASIBLE,OPTIMAL,OPTIMAL
ZNF84,INFEASIBLE,INFEASIBLE,OPTIMAL,OPTIMAL
ZNF140,INFEASIBLE,INFEASIBLE,OPTIMAL,OPTIMAL
ZNF891,INFEASIBLE,OPTIMAL,OPTIMAL,OPTIMAL
ZNF10,INFEASIBLE,OPTIMAL,INFEASIBLE,OPTIMAL
ZNF268,OPTIMAL,OPTIMAL,OPTIMAL,OPTIMAL
MPHOSPH8,INFEASIBLE,INFEASIBLE,OPTIMAL,INFEASIBLE
PSPC1,INFEASIBLE,INFEASIBLE,INFEASIBLE,OPTIMAL
ZMYM5,INFEASIBLE,INFEASIBLE,INFEASIBLE,OPTIMAL
ZMYM2,INFEASIBLE,INFEASIBLE,INFEASIBLE,INFEASIBLE
CRYL1,INFEASIBLE,INFEASIBLE,OPTIMAL,OPTIMAL
IFT88,OPTIMAL,OPTIMAL,OPTIMAL,OPTIMAL
EEF1AKMT1,OPTIMAL,OPTIMAL,INFEASIBLE,OPTIMAL
XPO4,OPTIMAL,OPTIMAL,INFEASIBLE,OPTIMAL
LATS2,OPTIMAL,OPTIMAL,OPTIMAL,OPTIMAL
SAP18,INFEASIBLE,INFEASIBLE,OPTIMAL,OPTIMAL
SKA3,INFEASIBLE,OPTIMAL,OPTIMAL,OPTIMAL
MRPL57,INFEASIBLE,INFEASIBLE,OPTIMAL,OPTIMAL
ZDHHC20,INFEASIBLE,INFEASIBLE,INFEASIBLE,OPTIMAL
MICU2,OPTIMAL,OPTIMAL,INFEASIBLE,INFEASIBLE
SACS,OPTIMAL,OPTIMAL,OPTIMAL,INFEASIBLE
MIPEP,OPTIMAL,OPTIMAL,INFEASIBLE,OPTIMAL
SPATA13,OPTIMAL,OPTIMAL,INFEASIBLE,OPTIMAL
PARP4,INFEASIBLE,INFEASIBLE,INFEASIBLE,OPTIMAL
CENPJ,INFEASIBLE,INFEASIBLE,INFEASIBLE,OPTIMAL
MTMR6,INFEASIBLE,INFEASIBLE,OPTIMAL,INFEASIBLE
NUP58,INFEASIBLE,INFEASIBLE,INFEASIBLE,INFEASIBLE
SHISA2,OPTIMAL,OPTIMAL,OPTIMAL,OPTIMAL
RNF6,INFEASIBLE,INFEASIBLE,INFEASIBLE,OPTIMAL
CDK8,INFEASIBLE,OPTIMAL,OPTIMAL,INFEASIBLE
WASF3,INFEASIBLE,OPTIMAL,OPTIMAL,INFEASIBLE
USP12,OPTIMAL,OPTIMAL,OPTIMAL,OPTIMAL
RPL21,INFEASIBLE,INFEASIBLE,INFEASIBLE,INFEASIBLE
GTF3A,INFEASIBLE,INFEASIBLE,INFEASIBLE,OPTIMAL
MTIF3,INFEASIBLE,INFEASIBLE,OPTIMAL,OPTIMAL
LNX2,INFEASIBLE,INFEASIBLE,OPTIMAL,OPTIMAL
POLR1D,INFEASIBLE,OPTIMAL,OPTIMAL,OPTIMAL
CDX2,INFEASIBLE,INFEASIBLE,OPTIMAL,OPTIMAL
FLT3,INFEASIBLE,OPTIMAL,OPTIMAL,OPTIMAL
PAN3,OPTIMAL,OPTIMAL,INFEASIBLE,OPTIMAL
FLT1,INFEASIBLE,OPTIMAL,OPTIMAL,OPTIMAL
POMP,INFEASIBLE,INFEASIBLE,INFEASIBLE,OPTIMAL
SLC7A1,INFEASIBLE,INFEASIBLE,INFEASIBLE,INFEASIBLE
UBL3,INFEASIBLE,OPTIMAL,INFEASIBLE,OPTIMAL
KATNAL1,INFEASIBLE,INFEASIBLE,INFEASIBLE,OPTIMAL
HMGB1,INFEASIBLE,OPTIMAL,INFEASIBLE,OPTIMAL
USPL1,INFEASIBLE,INFEASIBLE,INFEASIBLE,OPTIMAL
HSPH1,INFEASIBLE,INFEASIBLE,OPTIMAL,OPTIMAL
B3GLCT,OPTIMAL,OPTIMAL,OPTIMAL,INFEASIBLE
FRY,OPTIMAL,OPTIMAL,INFEASIBLE,OPTIMAL
BRCA2,INFEASIBLE,INFEASIBLE,OPTIMAL,INFEASIBLE
N4BP2L2,OPTIMAL,OPTIMAL,INFEASIBLE,OPTIMAL
PDS5B,INFEASIBLE,OPTIMAL,OPTIMAL,OPTIMAL
STARD13,INFEASIBLE,OPTIMAL,OPTIMAL,OPTIMAL
RFC3,INFEASIBLE,OPTIMAL,INFEASIBLE,OPTIMAL
NBEA,OPTIMAL,OPTIMAL,INFEASIBLE,OPTIMAL
SPART,INFEASIBLE,INFEASIBLE,OPTIMAL,OPTIMAL
RFXAP,INFEASIBLE,OPTIMAL,OPTIMAL,OPTIMAL
SMAD9,INFEASIBLE,OPTIMAL,INFEASIBLE,OPTIMAL
ALG5,INFEASIBLE,INFEASIBLE,OPTIMAL,OPTIMAL
EXOSC8,INFEASIBLE,INFEASIBLE,OPTIMAL,OPTIMAL
SUPT20H,INFEASIBLE,INFEASIBLE,INFEASIBLE,OPTIMAL
UFM1,INFEASIBLE,OPTIMAL,OPTIMAL,OPTIMAL
FREM2,INFEASIBLE,INFEASIBLE,OPTIMAL,OPTIMAL
PROSER1,INFEASIBLE,INFEASIBLE,INFEASIBLE,INFEASIBLE
NHLRC3,INFEASIBLE,INFEASIBLE,OPTIMAL,OPTIMAL
LHFPL6,INFEASIBLE,OPTIMAL,OPTIMAL,OPTIMAL
COG6,OPTIMAL,OPTIMAL,OPTIMAL,INFEASIBLE
FOXO1,INFEASIBLE,INFEASIBLE,INFEASIBLE,INFEASIBLE
MRPS31,OPTIMAL,OPTIMAL,INFEASIBLE,OPTIMAL
SLC25A15,INFEASIBLE,INFEASIBLE,OPTIMAL,OPTIMAL
ELF1,INFEASIBLE,OPTIMAL,OPTIMAL,OPTIMAL
WBP4,INFEASIBLE,OPTIMAL,OPTIMAL,OPTIMAL
KBTBD6,OPTIMAL,OPTIMAL,OPTIMAL,OPTIMAL
KBTBD7,INFEASIBLE,OPTIMAL,OPTIMAL,OPTIMAL
MTRF1,INFEASIBLE,INFEASIBLE,OPTIMAL,OPTIMAL
NAA16,INFEASIBLE,INFEASIBLE,INFEASIBLE,OPTIMAL
VWA8,INFEASIBLE,OPTIMAL,OPTIMAL,INFEASIBLE
DGKH,OPTIMAL,OPTIMAL,OPTIMAL,INFEASIBLE
AKAP11,INFEASIBLE,INFEASIBLE,OPTIMAL,OPTIMAL
ENOX1,OPTIMAL,OPTIMAL,INFEASIBLE,INFEASIBLE
CCDC122,INFEASIBLE,INFEASIBLE,OPTIMAL,OPTIMAL
TSC22D1,INFEASIBLE,INFEASIBLE,OPTIMAL,INFEASIBLE
NUFIP1,INFEASIBLE,INFEASIBLE,OPTIMAL,OPTIMAL
GPALPP1,INFEASIBLE,INFEASIBLE,OPTIMAL,OPTIMAL
GTF2F2,INFEASIBLE,INFEASIBLE,OPTIMAL,OPTIMAL
TPT1,INFEASIBLE,INFEASIBLE,OPTIMAL,INFEASIBLE
COG3,OPTIMAL,OPTIMAL,OPTIMAL,OPTIMAL
ZC3H13,INFEASIBLE,OPTIMAL,INFEASIBLE,OPTIMAL
LRCH1,INFEASIBLE,OPTIMAL,INFEASIBLE,OPTIMAL
ESD,INFEASIBLE,INFEASIBLE,OPTIMAL,OPTIMAL
SUCLA2,INFEASIBLE,INFEASIBLE,OPTIMAL,OPTIMAL
NUDT15,INFEASIBLE,INFEASIBLE,OPTIMAL,OPTIMAL
MED4,INFEASIBLE,INFEASIBLE,INFEASIBLE,OPTIMAL
ITM2B,INFEASIBLE,INFEASIBLE,OPTIMAL,OPTIMAL
RB1,INFEASIBLE,OPTIMAL,INFEASIBLE,OPTIMAL
FNDC3A,INFEASIBLE,INFEASIBLE,INFEASIBLE,OPTIMAL
CDADC1,INFEASIBLE,OPTIMAL,INFEASIBLE,OPTIMAL
SETDB2,INFEASIBLE,INFEASIBLE,OPTIMAL,OPTIMAL
RCBTB1,OPTIMAL,OPTIMAL,OPTIMAL,OPTIMAL
EBPL,INFEASIBLE,OPTIMAL,OPTIMAL,OPTIMAL
KPNA3,OPTIMAL,OPTIMAL,OPTIMAL,OPTIMAL
SPRYD7,INFEASIBLE,OPTIMAL,OPTIMAL,OPTIMAL
TRIM13,OPTIMAL,OPTIMAL,OPTIMAL,OPTIMAL
RNASEH2B,OPTIMAL,OPTIMAL,OPTIMAL,INFEASIBLE
INTS6,OPTIMAL,OPTIMAL,OPTIMAL,OPTIMAL
WDFY2,OPTIMAL,OPTIMAL,OPTIMAL,OPTIMAL
ATP7B,INFEASIBLE,INFEASIBLE,OPTIMAL,OPTIMAL
ALG11,OPTIMAL,OPTIMAL,OPTIMAL,OPTIMAL
NEK3,OPTIMAL,OPTIMAL,OPTIMAL,OPTIMAL
VPS36,INFEASIBLE,INFEASIBLE,OPTIMAL,OPTIMAL
CKAP2,INFEASIBLE,INFEASIBLE,OPTIMAL,OPTIMAL
SUGT1,INFEASIBLE,INFEASIBLE,OPTIMAL,OPTIMAL
PCDH17,OPTIMAL,OPTIMAL,OPTIMAL,OPTIMAL
DIAPH3,INFEASIBLE,OPTIMAL,INFEASIBLE,INFEASIBLE
TDRD3,INFEASIBLE,OPTIMAL,INFEASIBLE,OPTIMAL
PCDH9,INFEASIBLE,OPTIMAL,INFEASIBLE,INFEASIBLE
DACH1,INFEASIBLE,OPTIMAL,INFEASIBLE,INFEASIBLE
MZT1,OPTIMAL,OPTIMAL,OPTIMAL,INFEASIBLE
BORA,INFEASIBLE,INFEASIBLE,OPTIMAL,OPTIMAL
DIS3,INFEASIBLE,INFEASIBLE,OPTIMAL,OPTIMAL
PIBF1,INFEASIBLE,INFEASIBLE,INFEASIBLE,INFEASIBLE
KLF5,INFEASIBLE,INFEASIBLE,INFEASIBLE,OPTIMAL
KLF12,INFEASIBLE,INFEASIBLE,INFEASIBLE,INFEASIBLE
TBC1D4,INFEASIBLE,INFEASIBLE,INFEASIBLE,OPTIMAL
COMMD6,INFEASIBLE,INFEASIBLE,OPTIMAL,INFEASIBLE
UCHL3,INFEASIBLE,INFEASIBLE,INFEASIBLE,OPTIMAL
LMO7,INFEASIBLE,INFEASIBLE,INFEASIBLE,OPTIMAL
KCTD12,INFEASIBLE,INFEASIBLE,INFEASIBLE,OPTIMAL
CLN5,INFEASIBLE,OPTIMAL,OPTIMAL,INFEASIBLE
FBXL3,INFEASIBLE,INFEASIBLE,OPTIMAL,OPTIMAL
MYCBP2,INFEASIBLE,INFEASIBLE,INFEASIBLE,INFEASIBLE
SLAIN1,OPTIMAL,OPTIMAL,OPTIMAL,INFEASIBLE
POU4F1,INFEASIBLE,OPTIMAL,OPTIMAL,INFEASIBLE
OBI1,INFEASIBLE,INFEASIBLE,OPTIMAL,INFEASIBLE
RBM26,INFEASIBLE,INFEASIBLE,INFEASIBLE,OPTIMAL
NDFIP2,INFEASIBLE,INFEASIBLE,OPTIMAL,OPTIMAL
SPRY2,OPTIMAL,OPTIMAL,INFEASIBLE,OPTIMAL
SLITRK5,OPTIMAL,OPTIMAL,OPTIMAL,OPTIMAL
GPC5,INFEASIBLE,OPTIMAL,INFEASIBLE,OPTIMAL
GPC6,OPTIMAL,OPTIMAL,INFEASIBLE,OPTIMAL
TGDS,OPTIMAL,OPTIMAL,OPTIMAL,OPTIMAL
GPR180,INFEASIBLE,INFEASIBLE,INFEASIBLE,OPTIMAL
ABCC4,OPTIMAL,OPTIMAL,OPTIMAL,OPTIMAL
DZIP1,INFEASIBLE,INFEASIBLE,OPTIMAL,OPTIMAL
DNAJC3,OPTIMAL,OPTIMAL,OPTIMAL,OPTIMAL
UGGT2,INFEASIBLE,INFEASIBLE,OPTIMAL,INFEASIBLE
HS6ST3,OPTIMAL,OPTIMAL,OPTIMAL,OPTIMAL
MBNL2,INFEASIBLE,OPTIMAL,OPTIMAL,OPTIMAL
RAP2A,INFEASIBLE,INFEASIBLE,OPTIMAL,OPTIMAL
IPO5,INFEASIBLE,OPTIMAL,OPTIMAL,OPTIMAL
FARP1,OPTIMAL,OPTIMAL,INFEASIBLE,OPTIMAL
STK24,OPTIMAL,OPTIMAL,OPTIMAL,OPTIMAL
DOCK9,INFEASIBLE,OPTIMAL,OPTIMAL,OPTIMAL
UBAC2,OPTIMAL,OPTIMAL,OPTIMAL,OPTIMAL
TM9SF2,INFEASIBLE,INFEASIBLE,INFEASIBLE,OPTIMAL
CLYBL,OPTIMAL,OPTIMAL,OPTIMAL,OPTIMAL
ZIC5,OPTIMAL,OPTIMAL,OPTIMAL,INFEASIBLE
ZIC2,INFEASIBLE,INFEASIBLE,OPTIMAL,INFEASIBLE
PCCA,INFEASIBLE,OPTIMAL,OPTIMAL,OPTIMAL
TMTC4,INFEASIBLE,INFEASIBLE,OPTIMAL,OPTIMAL
TPP2,INFEASIBLE,INFEASIBLE,OPTIMAL,INFEASIBLE
TEX30,INFEASIBLE,INFEASIBLE,OPTIMAL,OPTIMAL
BIVM,INFEASIBLE,OPTIMAL,OPTIMAL,OPTIMAL
ERCC5,INFEASIBLE,INFEASIBLE,OPTIMAL,OPTIMAL
EFNB2,OPTIMAL,OPTIMAL,OPTIMAL,OPTIMAL
ARGLU1,INFEASIBLE,INFEASIBLE,OPTIMAL,OPTIMAL
NALF1,INFEASIBLE,OPTIMAL,OPTIMAL,OPTIMAL
COL4A2,OPTIMAL,OPTIMAL,OPTIMAL,OPTIMAL
CARS2,OPTIMAL,OPTIMAL,OPTIMAL,INFEASIBLE
ING1,OPTIMAL,OPTIMAL,OPTIMAL,OPTIMAL
ANKRD10,INFEASIBLE,INFEASIBLE,OPTIMAL,OPTIMAL
ARHGEF7,OPTIMAL,OPTIMAL,OPTIMAL,OPTIMAL
TUBGCP3,INFEASIBLE,INFEASIBLE,OPTIMAL,OPTIMAL
ATP11A,INFEASIBLE,INFEASIBLE,INFEASIBLE,OPTIMAL
PCID2,INFEASIBLE,INFEASIBLE,OPTIMAL,OPTIMAL
CUL4A,OPTIMAL,OPTIMAL,OPTIMAL,OPTIMAL
LAMP1,INFEASIBLE,INFEASIBLE,OPTIMAL,OPTIMAL
GRTP1,OPTIMAL,OPTIMAL,OPTIMAL,OPTIMAL
DCUN1D2,INFEASIBLE,INFEASIBLE,OPTIMAL,INFEASIBLE
TMCO3,INFEASIBLE,INFEASIBLE,OPTIMAL,OPTIMAL
TFDP1,OPTIMAL,OPTIMAL,INFEASIBLE,INFEASIBLE
CDC16,INFEASIBLE,INFEASIBLE,OPTIMAL,OPTIMAL
UPF3A,INFEASIBLE,INFEASIBLE,OPTIMAL,OPTIMAL
CHAMP1,INFEASIBLE,OPTIMAL,OPTIMAL,OPTIMAL
POTEG,INFEASIBLE,OPTIMAL,INFEASIBLE,OPTIMAL
TTC5,INFEASIBLE,INFEASIBLE,OPTIMAL,OPTIMAL
CCNB1IP1,INFEASIBLE,INFEASIBLE,OPTIMAL,OPTIMAL
PARP2,INFEASIBLE,INFEASIBLE,OPTIMAL,OPTIMAL
OSGEP,INFEASIBLE,INFEASIBLE,OPTIMAL,OPTIMAL
APEX1,INFEASIBLE,INFEASIBLE,OPTIMAL,OPTIMAL
PIP4P1,INFEASIBLE,INFEASIBLE,OPTIMAL,OPTIMAL
PNP,INFEASIBLE,INFEASIBLE,INFEASIBLE,OPTIMAL
METTL17,INFEASIBLE,INFEASIBLE,OPTIMAL,OPTIMAL
NDRG2,INFEASIBLE,OPTIMAL,OPTIMAL,OPTIMAL
HNRNPC,INFEASIBLE,INFEASIBLE,INFEASIBLE,OPTIMAL
SUPT16H,INFEASIBLE,INFEASIBLE,OPTIMAL,OPTIMAL
CHD8,INFEASIBLE,INFEASIBLE,INFEASIBLE,OPTIMAL
RAB2B,INFEASIBLE,INFEASIBLE,INFEASIBLE,INFEASIBLE
TOX4,INFEASIBLE,INFEASIBLE,OPTIMAL,INFEASIBLE
METTL3,INFEASIBLE,OPTIMAL,INFEASIBLE,OPTIMAL
SALL2,OPTIMAL,OPTIMAL,OPTIMAL,OPTIMAL
DAD1,INFEASIBLE,INFEASIBLE,OPTIMAL,OPTIMAL
OXA1L,OPTIMAL,OPTIMAL,OPTIMAL,OPTIMAL
MRPL52,INFEASIBLE,INFEASIBLE,OPTIMAL,OPTIMAL
LRP10,INFEASIBLE,INFEASIBLE,OPTIMAL,OPTIMAL
RBM23,INFEASIBLE,OPTIMAL,OPTIMAL,OPTIMAL
PRMT5,INFEASIBLE,INFEASIBLE,OPTIMAL,OPTIMAL
HAUS4,INFEASIBLE,INFEASIBLE,OPTIMAL,INFEASIBLE
C14orf93,INFEASIBLE,INFEASIBLE,OPTIMAL,OPTIMAL
PSMB5,INFEASIBLE,INFEASIBLE,OPTIMAL,OPTIMAL
ACIN1,INFEASIBLE,INFEASIBLE,OPTIMAL,OPTIMAL
C14orf119,INFEASIBLE,INFEASIBLE,OPTIMAL,OPTIMAL
SLC7A8,OPTIMAL,INFEASIBLE,OPTIMAL,OPTIMAL
HOMEZ,INFEASIBLE,INFEASIBLE,OPTIMAL,OPTIMAL
PPP1R3E,OPTIMAL,OPTIMAL,INFEASIBLE,OPTIMAL
BCL2L2,OPTIMAL,OPTIMAL,OPTIMAL,OPTIMAL
PABPN1,INFEASIBLE,INFEASIBLE,INFEASIBLE,OPTIMAL
NGDN,INFEASIBLE,INFEASIBLE,INFEASIBLE,OPTIMAL
ZFHX2,OPTIMAL,OPTIMAL,INFEASIBLE,OPTIMAL
DHRS4,OPTIMAL,OPTIMAL,OPTIMAL,OPTIMAL
DHRS4L2,OPTIMAL,OPTIMAL,OPTIMAL,OPTIMAL
PCK2,OPTIMAL,OPTIMAL,OPTIMAL,OPTIMAL
DCAF11,INFEASIBLE,INFEASIBLE,OPTIMAL,INFEASIBLE
PSME1,INFEASIBLE,INFEASIBLE,OPTIMAL,OPTIMAL
EMC9,INFEASIBLE,INFEASIBLE,OPTIMAL,INFEASIBLE
PSME2,INFEASIBLE,INFEASIBLE,OPTIMAL,OPTIMAL
RNF31,OPTIMAL,OPTIMAL,OPTIMAL,INFEASIBLE
IPO4,INFEASIBLE,INFEASIBLE,INFEASIBLE,OPTIMAL
TM9SF1,INFEASIBLE,OPTIMAL,OPTIMAL,OPTIMAL
CHMP4A,INFEASIBLE,INFEASIBLE,OPTIMAL,OPTIMAL
MDP1,OPTIMAL,OPTIMAL,OPTIMAL,OPTIMAL
NEDD8,INFEASIBLE,INFEASIBLE,OPTIMAL,INFEASIBLE
GMPR2,OPTIMAL,OPTIMAL,OPTIMAL,OPTIMAL
TINF2,INFEASIBLE,INFEASIBLE,OPTIMAL,OPTIMAL
RABGGTA,OPTIMAL,OPTIMAL,OPTIMAL,OPTIMAL
SDR39U1,INFEASIBLE,INFEASIBLE,OPTIMAL,OPTIMAL
STXBP6,OPTIMAL,OPTIMAL,OPTIMAL,OPTIMAL
NOVA1,INFEASIBLE,OPTIMAL,OPTIMAL,INFEASIBLE
FOXG1,OPTIMAL,OPTIMAL,OPTIMAL,OPTIMAL
PRKD1,OPTIMAL,OPTIMAL,INFEASIBLE,INFEASIBLE
G2E3,INFEASIBLE,INFEASIBLE,OPTIMAL,OPTIMAL
SCFD1,INFEASIBLE,INFEASIBLE,OPTIMAL,INFEASIBLE
COCH,INFEASIBLE,INFEASIBLE,INFEASIBLE,OPTIMAL
STRN3,INFEASIBLE,INFEASIBLE,INFEASIBLE,INFEASIBLE
AP4S1,OPTIMAL,OPTIMAL,OPTIMAL,INFEASIBLE
HECTD1,INFEASIBLE,OPTIMAL,INFEASIBLE,OPTIMAL
HEATR5A,INFEASIBLE,OPTIMAL,OPTIMAL,OPTIMAL
DTD2,INFEASIBLE,OPTIMAL,INFEASIBLE,OPTIMAL
NUBPL,OPTIMAL,OPTIMAL,OPTIMAL,INFEASIBLE
ARHGAP5,OPTIMAL,OPTIMAL,INFEASIBLE,INFEASIBLE
AKAP6,OPTIMAL,OPTIMAL,OPTIMAL,OPTIMAL
NPAS3,OPTIMAL,OPTIMAL,INFEASIBLE,INFEASIBLE
EGLN3,OPTIMAL,OPTIMAL,OPTIMAL,OPTIMAL
SPTSSA,INFEASIBLE,INFEASIBLE,OPTIMAL,OPTIMAL
EAPP,INFEASIBLE,INFEASIBLE,OPTIMAL,OPTIMAL
SNX6,INFEASIBLE,INFEASIBLE,OPTIMAL,OPTIMAL
CFL2,INFEASIBLE,INFEASIBLE,OPTIMAL,INFEASIBLE
BAZ1A,INFEASIBLE,OPTIMAL,INFEASIBLE,OPTIMAL
SRP54,INFEASIBLE,INFEASIBLE,OPTIMAL,INFEASIBLE
FAM177A1,INFEASIBLE,INFEASIBLE,OPTIMAL,OPTIMAL
PPP2R3C,INFEASIBLE,INFEASIBLE,OPTIMAL,OPTIMAL
PRORP,INFEASIBLE,OPTIMAL,OPTIMAL,OPTIMAL
PSMA6,INFEASIBLE,INFEASIBLE,INFEASIBLE,INFEASIBLE
NFKBIA,INFEASIBLE,OPTIMAL,OPTIMAL,OPTIMAL
RALGAPA1,INFEASIBLE,OPTIMAL,OPTIMAL,INFEASIBLE
BRMS1L,INFEASIBLE,OPTIMAL,INFEASIBLE,OPTIMAL
MBIP,INFEASIBLE,INFEASIBLE,OPTIMAL,OPTIMAL
PAX9,INFEASIBLE,INFEASIBLE,OPTIMAL,OPTIMAL
SLC25A21,INFEASIBLE,OPTIMAL,OPTIMAL,OPTIMAL
MIPOL1,INFEASIBLE,INFEASIBLE,INFEASIBLE,INFEASIBLE
FOXA1,INFEASIBLE,OPTIMAL,OPTIMAL,OPTIMAL
SEC23A,OPTIMAL,OPTIMAL,OPTIMAL,INFEASIBLE
GEMIN2,INFEASIBLE,INFEASIBLE,OPTIMAL,OPTIMAL
TRAPPC6B,INFEASIBLE,INFEASIBLE,INFEASIBLE,INFEASIBLE
PNN,INFEASIBLE,INFEASIBLE,OPTIMAL,OPTIMAL
MIA2,OPTIMAL,OPTIMAL,INFEASIBLE,OPTIMAL
FBXO33,OPTIMAL,OPTIMAL,OPTIMAL,OPTIMAL
LRFN5,INFEASIBLE,OPTIMAL,INFEASIBLE,OPTIMAL
KLHL28,INFEASIBLE,OPTIMAL,INFEASIBLE,OPTIMAL
TOGARAM1,OPTIMAL,OPTIMAL,OPTIMAL,OPTIMAL
PRPF39,INFEASIBLE,INFEASIBLE,OPTIMAL,OPTIMAL
FKBP3,INFEASIBLE,INFEASIBLE,OPTIMAL,OPTIMAL
FANCM,INFEASIBLE,INFEASIBLE,INFEASIBLE,OPTIMAL
MIS18BP1,INFEASIBLE,INFEASIBLE,OPTIMAL,INFEASIBLE
MDGA2,OPTIMAL,OPTIMAL,INFEASIBLE,OPTIMAL
RPS29,INFEASIBLE,INFEASIBLE,INFEASIBLE,INFEASIBLE
LRR1,INFEASIBLE,INFEASIBLE,OPTIMAL,OPTIMAL
RPL36AL,INFEASIBLE,INFEASIBLE,OPTIMAL,OPTIMAL
MGAT2,INFEASIBLE,OPTIMAL,OPTIMAL,OPTIMAL
DNAAF2,INFEASIBLE,INFEASIBLE,OPTIMAL,OPTIMAL
POLE2,OPTIMAL,OPTIMAL,OPTIMAL,OPTIMAL
KLHDC2,INFEASIBLE,INFEASIBLE,INFEASIBLE,OPTIMAL
NEMF,INFEASIBLE,INFEASIBLE,INFEASIBLE,OPTIMAL
ARF6,INFEASIBLE,INFEASIBLE,INFEASIBLE,OPTIMAL
VCPKMT,INFEASIBLE,INFEASIBLE,OPTIMAL,OPTIMAL
SOS2,OPTIMAL,OPTIMAL,OPTIMAL,OPTIMAL
L2HGDH,OPTIMAL,OPTIMAL,OPTIMAL,OPTIMAL
DMAC2L,INFEASIBLE,INFEASIBLE,OPTIMAL,OPTIMAL
CDKL1,OPTIMAL,OPTIMAL,OPTIMAL,OPTIMAL
MAP4K5,INFEASIBLE,OPTIMAL,INFEASIBLE,INFEASIBLE
ATL1,OPTIMAL,OPTIMAL,INFEASIBLE,OPTIMAL
SAV1,INFEASIBLE,INFEASIBLE,OPTIMAL,OPTIMAL
NIN,OPTIMAL,OPTIMAL,OPTIMAL,OPTIMAL
PYGL,OPTIMAL,OPTIMAL,OPTIMAL,OPTIMAL
TRIM9,OPTIMAL,OPTIMAL,OPTIMAL,INFEASIBLE
TMX1,INFEASIBLE,INFEASIBLE,OPTIMAL,OPTIMAL
FRMD6,INFEASIBLE,OPTIMAL,INFEASIBLE,OPTIMAL
RTRAF,INFEASIBLE,INFEASIBLE,OPTIMAL,OPTIMAL
TXNDC16,INFEASIBLE,OPTIMAL,INFEASIBLE,INFEASIBLE
GPR137C,INFEASIBLE,INFEASIBLE,INFEASIBLE,INFEASIBLE
ERO1A,OPTIMAL,OPTIMAL,INFEASIBLE,OPTIMAL
PSMC6,OPTIMAL,OPTIMAL,OPTIMAL,OPTIMAL
STYX,INFEASIBLE,INFEASIBLE,INFEASIBLE,OPTIMAL
GNPNAT1,OPTIMAL,OPTIMAL,OPTIMAL,OPTIMAL
FERMT2,INFEASIBLE,INFEASIBLE,INFEASIBLE,INFEASIBLE
DDHD1,OPTIMAL,OPTIMAL,OPTIMAL,INFEASIBLE
BMP4,INFEASIBLE,INFEASIBLE,OPTIMAL,OPTIMAL
CDKN3,INFEASIBLE,INFEASIBLE,OPTIMAL,OPTIMAL
CNIH1,INFEASIBLE,INFEASIBLE,INFEASIBLE,OPTIMAL
GMFB,INFEASIBLE,INFEASIBLE,OPTIMAL,OPTIMAL
CGRRF1,INFEASIBLE,INFEASIBLE,INFEASIBLE,OPTIMAL
SAMD4A,OPTIMAL,OPTIMAL,INFEASIBLE,OPTIMAL
GCH1,INFEASIBLE,INFEASIBLE,OPTIMAL,INFEASIBLE
WDHD1,INFEASIBLE,INFEASIBLE,OPTIMAL,INFEASIBLE
SOCS4,INFEASIBLE,INFEASIBLE,OPTIMAL,OPTIMAL
MAPK1IP1L,INFEASIBLE,INFEASIBLE,OPTIMAL,OPTIMAL
LGALS3,INFEASIBLE,INFEASIBLE,INFEASIBLE,OPTIMAL
DLGAP5,INFEASIBLE,INFEASIBLE,OPTIMAL,OPTIMAL
FBXO34,OPTIMAL,OPTIMAL,INFEASIBLE,INFEASIBLE
ATG14,OPTIMAL,OPTIMAL,OPTIMAL,OPTIMAL
KTN1,INFEASIBLE,INFEASIBLE,INFEASIBLE,INFEASIBLE
PELI2,OPTIMAL,OPTIMAL,OPTIMAL,OPTIMAL
TMEM260,OPTIMAL,OPTIMAL,INFEASIBLE,OPTIMAL
EXOC5,INFEASIBLE,INFEASIBLE,INFEASIBLE,OPTIMAL
AP5M1,INFEASIBLE,INFEASIBLE,INFEASIBLE,OPTIMAL
NAA30,INFEASIBLE,OPTIMAL,OPTIMAL,OPTIMAL
ARMH4,INFEASIBLE,INFEASIBLE,INFEASIBLE,OPTIMAL
ACTR10,INFEASIBLE,OPTIMAL,OPTIMAL,INFEASIBLE
PSMA3,INFEASIBLE,INFEASIBLE,INFEASIBLE,OPTIMAL
ARID4A,OPTIMAL,OPTIMAL,OPTIMAL,OPTIMAL
TIMM9,INFEASIBLE,INFEASIBLE,INFEASIBLE,OPTIMAL
KIAA0586,OPTIMAL,OPTIMAL,OPTIMAL,OPTIMAL
DAAM1,OPTIMAL,OPTIMAL,OPTIMAL,INFEASIBLE
GPR135,INFEASIBLE,INFEASIBLE,OPTIMAL,OPTIMAL
L3HYPDH,INFEASIBLE,OPTIMAL,OPTIMAL,OPTIMAL
JKAMP,INFEASIBLE,INFEASIBLE,OPTIMAL,OPTIMAL
RTN1,INFEASIBLE,INFEASIBLE,OPTIMAL,OPTIMAL
PCNX4,INFEASIBLE,INFEASIBLE,INFEASIBLE,OPTIMAL
DHRS7,INFEASIBLE,INFEASIBLE,INFEASIBLE,OPTIMAL
PPM1A,INFEASIBLE,OPTIMAL,INFEASIBLE,INFEASIBLE
SIX1,INFEASIBLE,INFEASIBLE,INFEASIBLE,OPTIMAL
SIX4,INFEASIBLE,INFEASIBLE,OPTIMAL,OPTIMAL
MNAT1,INFEASIBLE,INFEASIBLE,INFEASIBLE,INFEASIBLE
TRMT5,INFEASIBLE,OPTIMAL,OPTIMAL,OPTIMAL
SLC38A6,INFEASIBLE,INFEASIBLE,OPTIMAL,OPTIMAL
PRKCH,OPTIMAL,OPTIMAL,OPTIMAL,OPTIMAL
HIF1A,INFEASIBLE,INFEASIBLE,OPTIMAL,INFEASIBLE
SNAPC1,INFEASIBLE,INFEASIBLE,OPTIMAL,OPTIMAL
PPP2R5E,INFEASIBLE,INFEASIBLE,INFEASIBLE,INFEASIBLE
WDR89,INFEASIBLE,INFEASIBLE,INFEASIBLE,OPTIMAL
SGPP1,OPTIMAL,OPTIMAL,OPTIMAL,OPTIMAL
SYNE2,OPTIMAL,OPTIMAL,INFEASIBLE,INFEASIBLE
ESR2,INFEASIBLE,OPTIMAL,OPTIMAL,OPTIMAL
MTHFD1,INFEASIBLE,INFEASIBLE,OPTIMAL,OPTIMAL
ZBTB25,OPTIMAL,OPTIMAL,INFEASIBLE,OPTIMAL
ZBTB1,INFEASIBLE,INFEASIBLE,OPTIMAL,INFEASIBLE
PLEKHG3,OPTIMAL,OPTIMAL,OPTIMAL,INFEASIBLE
CHURC1,INFEASIBLE,INFEASIBLE,INFEASIBLE,OPTIMAL
FNTB,OPTIMAL,OPTIMAL,OPTIMAL,OPTIMAL
MAX,OPTIMAL,OPTIMAL,OPTIMAL,OPTIMAL
FUT8,INFEASIBLE,INFEASIBLE,INFEASIBLE,OPTIMAL
GPHN,INFEASIBLE,INFEASIBLE,INFEASIBLE,OPTIMAL
PALS1,OPTIMAL,OPTIMAL,INFEASIBLE,OPTIMAL
ATP6V1D,OPTIMAL,OPTIMAL,OPTIMAL,OPTIMAL
EIF2S1,INFEASIBLE,INFEASIBLE,INFEASIBLE,INFEASIBLE
PLEKHH1,OPTIMAL,OPTIMAL,OPTIMAL,OPTIMAL
PIGH,INFEASIBLE,INFEASIBLE,OPTIMAL,OPTIMAL
ARG2,OPTIMAL,OPTIMAL,OPTIMAL,OPTIMAL
VTI1B,INFEASIBLE,INFEASIBLE,OPTIMAL,OPTIMAL
RDH11,OPTIMAL,OPTIMAL,OPTIMAL,OPTIMAL
ZFYVE26,INFEASIBLE,INFEASIBLE,INFEASIBLE,INFEASIBLE
RAD51B,INFEASIBLE,OPTIMAL,OPTIMAL,OPTIMAL
ZFP36L1,INFEASIBLE,OPTIMAL,OPTIMAL,INFEASIBLE
ACTN1,OPTIMAL,OPTIMAL,INFEASIBLE,OPTIMAL
DCAF5,INFEASIBLE,INFEASIBLE,INFEASIBLE,INFEASIBLE
EXD2,INFEASIBLE,INFEASIBLE,INFEASIBLE,INFEASIBLE
ERH,INFEASIBLE,INFEASIBLE,OPTIMAL,OPTIMAL
SLC39A9,INFEASIBLE,OPTIMAL,INFEASIBLE,INFEASIBLE
SUSD6,INFEASIBLE,OPTIMAL,INFEASIBLE,OPTIMAL
SRSF5,INFEASIBLE,INFEASIBLE,INFEASIBLE,OPTIMAL
SMOC1,INFEASIBLE,INFEASIBLE,OPTIMAL,INFEASIBLE
COX16,INFEASIBLE,INFEASIBLE,OPTIMAL,OPTIMAL
SYNJ2BP,INFEASIBLE,INFEASIBLE,OPTIMAL,OPTIMAL
MED6,OPTIMAL,OPTIMAL,OPTIMAL,OPTIMAL
MAP3K9,INFEASIBLE,OPTIMAL,INFEASIBLE,OPTIMAL
PCNX1,OPTIMAL,OPTIMAL,OPTIMAL,INFEASIBLE
SIPA1L1,OPTIMAL,OPTIMAL,OPTIMAL,INFEASIBLE
DPF3,OPTIMAL,OPTIMAL,INFEASIBLE,OPTIMAL
DCAF4,INFEASIBLE,INFEASIBLE,OPTIMAL,OPTIMAL
ZFYVE1,OPTIMAL,OPTIMAL,OPTIMAL,OPTIMAL
RBM25,OPTIMAL,OPTIMAL,INFEASIBLE,OPTIMAL
PSEN1,INFEASIBLE,INFEASIBLE,INFEASIBLE,INFEASIBLE
NUMB,OPTIMAL,OPTIMAL,INFEASIBLE,INFEASIBLE
DNAL1,INFEASIBLE,INFEASIBLE,OPTIMAL,OPTIMAL
PNMA1,OPTIMAL,OPTIMAL,OPTIMAL,OPTIMAL
MIDEAS,INFEASIBLE,INFEASIBLE,INFEASIBLE,OPTIMAL
PTGR2,OPTIMAL,OPTIMAL,OPTIMAL,OPTIMAL
ZNF410,INFEASIBLE,INFEASIBLE,OPTIMAL,OPTIMAL
COQ6,INFEASIBLE,INFEASIBLE,OPTIMAL,OPTIMAL
ENTPD5,INFEASIBLE,INFEASIBLE,OPTIMAL,OPTIMAL
BBOF1,OPTIMAL,OPTIMAL,OPTIMAL,OPTIMAL
ALDH6A1,INFEASIBLE,INFEASIBLE,OPTIMAL,OPTIMAL
LIN52,OPTIMAL,OPTIMAL,INFEASIBLE,INFEASIBLE
ABCD4,INFEASIBLE,INFEASIBLE,OPTIMAL,OPTIMAL
NPC2,INFEASIBLE,INFEASIBLE,OPTIMAL,INFEASIBLE
ISCA2,INFEASIBLE,INFEASIBLE,OPTIMAL,OPTIMAL
AREL1,INFEASIBLE,INFEASIBLE,INFEASIBLE,INFEASIBLE
FCF1,INFEASIBLE,OPTIMAL,OPTIMAL,OPTIMAL
YLPM1,INFEASIBLE,INFEASIBLE,INFEASIBLE,OPTIMAL
DLST,INFEASIBLE,OPTIMAL,OPTIMAL,OPTIMAL
RPS6KL1,INFEASIBLE,OPTIMAL,OPTIMAL,OPTIMAL
EIF2B2,INFEASIBLE,INFEASIBLE,OPTIMAL,OPTIMAL
ACYP1,INFEASIBLE,INFEASIBLE,OPTIMAL,INFEASIBLE
NEK9,INFEASIBLE,INFEASIBLE,INFEASIBLE,OPTIMAL
TMED10,INFEASIBLE,INFEASIBLE,OPTIMAL,INFEASIBLE
JDP2,INFEASIBLE,OPTIMAL,OPTIMAL,OPTIMAL
TTLL5,OPTIMAL,OPTIMAL,INFEASIBLE,INFEASIBLE
ERG28,INFEASIBLE,OPTIMAL,OPTIMAL,OPTIMAL
IFT43,INFEASIBLE,OPTIMAL,OPTIMAL,INFEASIBLE
GPATCH2L,INFEASIBLE,INFEASIBLE,OPTIMAL,OPTIMAL
ESRRB,INFEASIBLE,OPTIMAL,INFEASIBLE,OPTIMAL
VASH1,OPTIMAL,OPTIMAL,OPTIMAL,OPTIMAL
ANGEL1,OPTIMAL,OPTIMAL,OPTIMAL,OPTIMAL
IRF2BPL,OPTIMAL,OPTIMAL,OPTIMAL,OPTIMAL
CIPC,INFEASIBLE,INFEASIBLE,OPTIMAL,OPTIMAL
NGB,OPTIMAL,OPTIMAL,OPTIMAL,OPTIMAL
POMT2,INFEASIBLE,INFEASIBLE,INFEASIBLE,OPTIMAL
GSTZ1,INFEASIBLE,INFEASIBLE,OPTIMAL,OPTIMAL
TMED8,OPTIMAL,OPTIMAL,OPTIMAL,OPTIMAL
VIPAS39,INFEASIBLE,INFEASIBLE,OPTIMAL,OPTIMAL
AHSA1,INFEASIBLE,INFEASIBLE,INFEASIBLE,OPTIMAL
SPTLC2,INFEASIBLE,INFEASIBLE,OPTIMAL,OPTIMAL
ALKBH1,INFEASIBLE,INFEASIBLE,OPTIMAL,OPTIMAL
SLIRP,INFEASIBLE,OPTIMAL,OPTIMAL,OPTIMAL
SNW1,INFEASIBLE,INFEASIBLE,OPTIMAL,OPTIMAL
ADCK1,OPTIMAL,OPTIMAL,OPTIMAL,OPTIMAL
NRXN3,OPTIMAL,OPTIMAL,INFEASIBLE,INFEASIBLE
CEP128,INFEASIBLE,INFEASIBLE,INFEASIBLE,INFEASIBLE
GTF2A1,INFEASIBLE,OPTIMAL,OPTIMAL,OPTIMAL
STON2,INFEASIBLE,OPTIMAL,INFEASIBLE,INFEASIBLE
SEL1L,INFEASIBLE,OPTIMAL,OPTIMAL,INFEASIBLE
SPATA7,INFEASIBLE,INFEASIBLE,OPTIMAL,OPTIMAL
PTPN21,INFEASIBLE,OPTIMAL,OPTIMAL,OPTIMAL
ZC3H14,INFEASIBLE,OPTIMAL,INFEASIBLE,OPTIMAL
EML5,OPTIMAL,OPTIMAL,OPTIMAL,OPTIMAL
TTC8,INFEASIBLE,INFEASIBLE,OPTIMAL,OPTIMAL
FOXN3,INFEASIBLE,OPTIMAL,INFEASIBLE,INFEASIBLE
EFCAB11,INFEASIBLE,OPTIMAL,INFEASIBLE,OPTIMAL
TDP1,INFEASIBLE,INFEASIBLE,OPTIMAL,OPTIMAL
PSMC1,INFEASIBLE,INFEASIBLE,OPTIMAL,OPTIMAL
NRDE2,INFEASIBLE,INFEASIBLE,OPTIMAL,OPTIMAL
CALM1,INFEASIBLE,INFEASIBLE,INFEASIBLE,INFEASIBLE
TTC7B,OPTIMAL,OPTIMAL,INFEASIBLE,OPTIMAL
RPS6KA5,INFEASIBLE,OPTIMAL,INFEASIBLE,INFEASIBLE
DGLUCY,INFEASIBLE,OPTIMAL,INFEASIBLE,OPTIMAL
CCDC88C,OPTIMAL,OPTIMAL,OPTIMAL,INFEASIBLE
PPP4R3A,INFEASIBLE,OPTIMAL,OPTIMAL,INFEASIBLE
TRIP11,OPTIMAL,OPTIMAL,OPTIMAL,OPTIMAL
ATXN3,OPTIMAL,OPTIMAL,OPTIMAL,OPTIMAL
NDUFB1,INFEASIBLE,INFEASIBLE,OPTIMAL,INFEASIBLE
CPSF2,INFEASIBLE,INFEASIBLE,OPTIMAL,INFEASIBLE
RIN3,INFEASIBLE,INFEASIBLE,OPTIMAL,OPTIMAL
LGMN,INFEASIBLE,OPTIMAL,OPTIMAL,INFEASIBLE
GOLGA5,INFEASIBLE,OPTIMAL,OPTIMAL,INFEASIBLE
ITPK1,OPTIMAL,OPTIMAL,OPTIMAL,OPTIMAL
LYSET,INFEASIBLE,OPTIMAL,OPTIMAL,OPTIMAL
GON7,INFEASIBLE,INFEASIBLE,OPTIMAL,INFEASIBLE
UBR7,INFEASIBLE,INFEASIBLE,OPTIMAL,INFEASIBLE
BTBD7,INFEASIBLE,INFEASIBLE,INFEASIBLE,OPTIMAL
DDX24,OPTIMAL,OPTIMAL,INFEASIBLE,INFEASIBLE
IFI27L1,INFEASIBLE,INFEASIBLE,OPTIMAL,OPTIMAL
IFI27L2,INFEASIBLE,INFEASIBLE,OPTIMAL,OPTIMAL
PPP4R4,INFEASIBLE,INFEASIBLE,INFEASIBLE,OPTIMAL
DICER1,INFEASIBLE,INFEASIBLE,INFEASIBLE,OPTIMAL
CLMN,OPTIMAL,OPTIMAL,OPTIMAL,OPTIMAL
GLRX5,INFEASIBLE,INFEASIBLE,INFEASIBLE,OPTIMAL
C14orf132,INFEASIBLE,INFEASIBLE,OPTIMAL,OPTIMAL
ATG2B,INFEASIBLE,INFEASIBLE,INFEASIBLE,OPTIMAL
GSKIP,INFEASIBLE,OPTIMAL,OPTIMAL,INFEASIBLE
AK7,INFEASIBLE,OPTIMAL,OPTIMAL,OPTIMAL
PAPOLA,INFEASIBLE,INFEASIBLE,OPTIMAL,OPTIMAL
VRK1,INFEASIBLE,INFEASIBLE,INFEASIBLE,OPTIMAL
SETD3,OPTIMAL,OPTIMAL,OPTIMAL,OPTIMAL
CCNK,INFEASIBLE,INFEASIBLE,INFEASIBLE,OPTIMAL
CCDC85C,OPTIMAL,OPTIMAL,OPTIMAL,OPTIMAL
EML1,OPTIMAL,OPTIMAL,INFEASIBLE,INFEASIBLE
EVL,OPTIMAL,OPTIMAL,INFEASIBLE,INFEASIBLE
YY1,OPTIMAL,OPTIMAL,OPTIMAL,OPTIMAL
WARS1,INFEASIBLE,OPTIMAL,OPTIMAL,INFEASIBLE
WDR25,INFEASIBLE,OPTIMAL,OPTIMAL,OPTIMAL
PPP2R5C,INFEASIBLE,OPTIMAL,INFEASIBLE,INFEASIBLE
DYNC1H1,INFEASIBLE,OPTIMAL,OPTIMAL,OPTIMAL
HSP90AA1,INFEASIBLE,OPTIMAL,INFEASIBLE,OPTIMAL
WDR20,INFEASIBLE,OPTIMAL,INFEASIBLE,OPTIMAL
MOK,INFEASIBLE,INFEASIBLE,OPTIMAL,OPTIMAL
ZNF839,INFEASIBLE,INFEASIBLE,OPTIMAL,OPTIMAL
CINP,INFEASIBLE,OPTIMAL,OPTIMAL,OPTIMAL
TECPR2,OPTIMAL,OPTIMAL,OPTIMAL,INFEASIBLE
ANKRD9,INFEASIBLE,OPTIMAL,OPTIMAL,OPTIMAL
RCOR1,INFEASIBLE,OPTIMAL,INFEASIBLE,INFEASIBLE
TRAF3,OPTIMAL,OPTIMAL,INFEASIBLE,OPTIMAL
CDC42BPB,INFEASIBLE,OPTIMAL,OPTIMAL,INFEASIBLE
EIF5,INFEASIBLE,INFEASIBLE,INFEASIBLE,INFEASIBLE
MARK3,INFEASIBLE,OPTIMAL,INFEASIBLE,INFEASIBLE
CKB,INFEASIBLE,OPTIMAL,INFEASIBLE,OPTIMAL
TRMT61A,INFEASIBLE,INFEASIBLE,OPTIMAL,OPTIMAL
BAG5,INFEASIBLE,INFEASIBLE,INFEASIBLE,OPTIMAL
KLC1,INFEASIBLE,OPTIMAL,INFEASIBLE,INFEASIBLE
COA8,OPTIMAL,OPTIMAL,INFEASIBLE,OPTIMAL
XRCC3,INFEASIBLE,INFEASIBLE,OPTIMAL,OPTIMAL
ZFYVE21,INFEASIBLE,INFEASIBLE,OPTIMAL,OPTIMAL
PPP1R13B,OPTIMAL,OPTIMAL,OPTIMAL,INFEASIBLE
ATP5MJ,INFEASIBLE,INFEASIBLE,OPTIMAL,INFEASIBLE
INF2,OPTIMAL,OPTIMAL,OPTIMAL,OPTIMAL
SIVA1,INFEASIBLE,INFEASIBLE,INFEASIBLE,INFEASIBLE
AKT1,INFEASIBLE,OPTIMAL,OPTIMAL,OPTIMAL
CEP170B,OPTIMAL,OPTIMAL,OPTIMAL,OPTIMAL
CDCA4,INFEASIBLE,OPTIMAL,OPTIMAL,OPTIMAL
JAG2,OPTIMAL,OPTIMAL,OPTIMAL,INFEASIBLE
NUDT14,OPTIMAL,OPTIMAL,OPTIMAL,OPTIMAL
BRF1,INFEASIBLE,OPTIMAL,OPTIMAL,OPTIMAL
BTBD6,INFEASIBLE,OPTIMAL,OPTIMAL,OPTIMAL
PACS2,OPTIMAL,OPTIMAL,INFEASIBLE,INFEASIBLE
MTA1,OPTIMAL,OPTIMAL,OPTIMAL,OPTIMAL
TEDC1,INFEASIBLE,INFEASIBLE,OPTIMAL,OPTIMAL
TMEM121,INFEASIBLE,OPTIMAL,OPTIMAL,OPTIMAL
NIPA1,INFEASIBLE,OPTIMAL,OPTIMAL,OPTIMAL
NIPA2,INFEASIBLE,OPTIMAL,INFEASIBLE,OPTIMAL
CYFIP1,INFEASIBLE,INFEASIBLE,INFEASIBLE,OPTIMAL
TUBGCP5,OPTIMAL,OPTIMAL,OPTIMAL,OPTIMAL
UBE3A,INFEASIBLE,INFEASIBLE,INFEASIBLE,OPTIMAL
OCA2,OPTIMAL,OPTIMAL,OPTIMAL,INFEASIBLE
HERC2,INFEASIBLE,OPTIMAL,OPTIMAL,OPTIMAL
APBA2,OPTIMAL,OPTIMAL,INFEASIBLE,INFEASIBLE
ENTREP2,OPTIMAL,OPTIMAL,OPTIMAL,OPTIMAL
NSMCE3,INFEASIBLE,OPTIMAL,INFEASIBLE,OPTIMAL
TJP1,INFEASIBLE,INFEASIBLE,INFEASIBLE,OPTIMAL
ARHGAP11B,INFEASIBLE,INFEASIBLE,OPTIMAL,OPTIMAL
FAN1,OPTIMAL,OPTIMAL,OPTIMAL,OPTIMAL
KLF13,OPTIMAL,OPTIMAL,OPTIMAL,OPTIMAL
OTUD7A,INFEASIBLE,OPTIMAL,OPTIMAL,INFEASIBLE
CHRNA7,OPTIMAL,OPTIMAL,OPTIMAL,OPTIMAL
ARHGAP11A,INFEASIBLE,INFEASIBLE,OPTIMAL,OPTIMAL
AVEN,INFEASIBLE,OPTIMAL,OPTIMAL,OPTIMAL
EMC7,INFEASIBLE,INFEASIBLE,INFEASIBLE,OPTIMAL
KATNBL1,INFEASIBLE,OPTIMAL,OPTIMAL,OPTIMAL
EMC4,INFEASIBLE,INFEASIBLE,OPTIMAL,OPTIMAL
SLC12A6,OPTIMAL,OPTIMAL,OPTIMAL,OPTIMAL
NOP10,INFEASIBLE,INFEASIBLE,OPTIMAL,OPTIMAL
LPCAT4,INFEASIBLE,OPTIMAL,OPTIMAL,OPTIMAL
GOLGA8A,INFEASIBLE,INFEASIBLE,OPTIMAL,OPTIMAL
AQR,OPTIMAL,OPTIMAL,OPTIMAL,OPTIMAL
ZNF770,INFEASIBLE,OPTIMAL,INFEASIBLE,INFEASIBLE
DPH6,OPTIMAL,OPTIMAL,OPTIMAL,OPTIMAL
CDIN1,INFEASIBLE,INFEASIBLE,INFEASIBLE,INFEASIBLE
MEIS2,INFEASIBLE,OPTIMAL,INFEASIBLE,OPTIMAL
SPRED1,OPTIMAL,OPTIMAL,OPTIMAL,OPTIMAL
FAM98B,INFEASIBLE,INFEASIBLE,OPTIMAL,OPTIMAL
GPR176,OPTIMAL,OPTIMAL,OPTIMAL,OPTIMAL
EIF2AK4,INFEASIBLE,INFEASIBLE,OPTIMAL,INFEASIBLE
SRP14,INFEASIBLE,INFEASIBLE,INFEASIBLE,OPTIMAL
BUB1B,INFEASIBLE,INFEASIBLE,INFEASIBLE,OPTIMAL
KNSTRN,INFEASIBLE,INFEASIBLE,OPTIMAL,OPTIMAL
IVD,INFEASIBLE,INFEASIBLE,OPTIMAL,INFEASIBLE
BAHD1,OPTIMAL,OPTIMAL,OPTIMAL,OPTIMAL
CHST14,INFEASIBLE,INFEASIBLE,OPTIMAL,OPTIMAL
CCDC32,INFEASIBLE,INFEASIBLE,OPTIMAL,OPTIMAL
RPUSD2,INFEASIBLE,INFEASIBLE,OPTIMAL,OPTIMAL
KNL1,INFEASIBLE,OPTIMAL,OPTIMAL,OPTIMAL
RAD51,INFEASIBLE,INFEASIBLE,OPTIMAL,INFEASIBLE
RMDN3,INFEASIBLE,INFEASIBLE,INFEASIBLE,OPTIMAL
GCHFR,INFEASIBLE,INFEASIBLE,OPTIMAL,OPTIMAL
DNAJC17,OPTIMAL,OPTIMAL,OPTIMAL,OPTIMAL
VPS18,INFEASIBLE,INFEASIBLE,OPTIMAL,OPTIMAL
INO80,OPTIMAL,OPTIMAL,INFEASIBLE,OPTIMAL
CHP1,OPTIMAL,OPTIMAL,INFEASIBLE,OPTIMAL
OIP5,INFEASIBLE,OPTIMAL,OPTIMAL,OPTIMAL
NUSAP1,INFEASIBLE,INFEASIBLE,INFEASIBLE,OPTIMAL
NDUFAF1,OPTIMAL,OPTIMAL,INFEASIBLE,OPTIMAL
RTF1,OPTIMAL,OPTIMAL,OPTIMAL,OPTIMAL
RPAP1,OPTIMAL,INFEASIBLE,OPTIMAL,OPTIMAL
TYRO3,OPTIMAL,OPTIMAL,OPTIMAL,OPTIMAL
MGA,OPTIMAL,OPTIMAL,INFEASIBLE,INFEASIBLE
MAPKBP1,INFEASIBLE,INFEASIBLE,OPTIMAL,INFEASIBLE
EHD4,INFEASIBLE,INFEASIBLE,OPTIMAL,OPTIMAL
VPS39,OPTIMAL,OPTIMAL,OPTIMAL,OPTIMAL
TMEM87A,INFEASIBLE,INFEASIBLE,OPTIMAL,OPTIMAL
ZNF106,INFEASIBLE,INFEASIBLE,OPTIMAL,OPTIMAL
SNAP23,INFEASIBLE,INFEASIBLE,OPTIMAL,OPTIMAL
LRRC57,INFEASIBLE,OPTIMAL,OPTIMAL,INFEASIBLE
HAUS2,OPTIMAL,OPTIMAL,OPTIMAL,OPTIMAL
STARD9,OPTIMAL,OPTIMAL,OPTIMAL,OPTIMAL
TTBK2,INFEASIBLE,OPTIMAL,INFEASIBLE,INFEASIBLE
UBR1,INFEASIBLE,INFEASIBLE,INFEASIBLE,INFEASIBLE
TMEM62,OPTIMAL,OPTIMAL,OPTIMAL,OPTIMAL
CCNDBP1,INFEASIBLE,OPTIMAL,OPTIMAL,OPTIMAL
LCMT2,INFEASIBLE,OPTIMAL,OPTIMAL,OPTIMAL
ADAL,INFEASIBLE,INFEASIBLE,OPTIMAL,OPTIMAL
TUBGCP4,INFEASIBLE,OPTIMAL,INFEASIBLE,OPTIMAL
TP53BP1,OPTIMAL,OPTIMAL,OPTIMAL,INFEASIBLE
MAP1A,INFEASIBLE,OPTIMAL,INFEASIBLE,OPTIMAL
PPIP5K1,OPTIMAL,OPTIMAL,OPTIMAL,INFEASIBLE
CATSPER2,INFEASIBLE,OPTIMAL,OPTIMAL,OPTIMAL
PDIA3,INFEASIBLE,INFEASIBLE,OPTIMAL,OPTIMAL
SERF2,INFEASIBLE,INFEASIBLE,INFEASIBLE,OPTIMAL
HYPK,INFEASIBLE,INFEASIBLE,OPTIMAL,OPTIMAL
MFAP1,INFEASIBLE,INFEASIBLE,OPTIMAL,OPTIMAL
WDR76,INFEASIBLE,OPTIMAL,INFEASIBLE,INFEASIBLE
FRMD5,INFEASIBLE,OPTIMAL,INFEASIBLE,INFEASIBLE
GOLM2,OPTIMAL,OPTIMAL,OPTIMAL,INFEASIBLE
CTDSPL2,INFEASIBLE,INFEASIBLE,INFEASIBLE,INFEASIBLE
EIF3J,INFEASIBLE,OPTIMAL,OPTIMAL,OPTIMAL
SPG11,INFEASIBLE,INFEASIBLE,OPTIMAL,OPTIMAL
B2M,INFEASIBLE,INFEASIBLE,INFEASIBLE,INFEASIBLE
SORD,INFEASIBLE,INFEASIBLE,INFEASIBLE,OPTIMAL
SPATA5L1,OPTIMAL,OPTIMAL,OPTIMAL,OPTIMAL
BLOC1S6,INFEASIBLE,INFEASIBLE,OPTIMAL,INFEASIBLE
SEMA6D,OPTIMAL,OPTIMAL,OPTIMAL,OPTIMAL
MYEF2,INFEASIBLE,INFEASIBLE,INFEASIBLE,OPTIMAL
SLC12A1,INFEASIBLE,OPTIMAL,INFEASIBLE,OPTIMAL
DUT,INFEASIBLE,INFEASIBLE,OPTIMAL,OPTIMAL
CEP152,OPTIMAL,OPTIMAL,OPTIMAL,OPTIMAL
EID1,INFEASIBLE,INFEASIBLE,OPTIMAL,OPTIMAL
SECISBP2L,OPTIMAL,OPTIMAL,OPTIMAL,OPTIMAL
COPS2,OPTIMAL,OPTIMAL,OPTIMAL,OPTIMAL
GALK2,OPTIMAL,OPTIMAL,OPTIMAL,OPTIMAL
FAM227B,OPTIMAL,OPTIMAL,OPTIMAL,OPTIMAL
DTWD1,INFEASIBLE,INFEASIBLE,OPTIMAL,OPTIMAL
GABPB1,INFEASIBLE,OPTIMAL,INFEASIBLE,INFEASIBLE
USP8,OPTIMAL,OPTIMAL,OPTIMAL,OPTIMAL
TRPM7,INFEASIBLE,OPTIMAL,INFEASIBLE,INFEASIBLE
SPPL2A,OPTIMAL,OPTIMAL,OPTIMAL,OPTIMAL
AP4E1,INFEASIBLE,INFEASIBLE,OPTIMAL,INFEASIBLE
DMXL2,OPTIMAL,OPTIMAL,OPTIMAL,OPTIMAL
TMOD2,INFEASIBLE,INFEASIBLE,OPTIMAL,OPTIMAL
TMOD3,INFEASIBLE,OPTIMAL,INFEASIBLE,OPTIMAL
LEO1,INFEASIBLE,INFEASIBLE,OPTIMAL,INFEASIBLE
MAPK6,OPTIMAL,OPTIMAL,OPTIMAL,OPTIMAL
GNB5,OPTIMAL,OPTIMAL,INFEASIBLE,OPTIMAL
MYO5C,OPTIMAL,OPTIMAL,OPTIMAL,OPTIMAL
MYO5A,INFEASIBLE,OPTIMAL,INFEASIBLE,INFEASIBLE
ARPP19,INFEASIBLE,INFEASIBLE,INFEASIBLE,INFEASIBLE
ATOSA,OPTIMAL,OPTIMAL,OPTIMAL,INFEASIBLE
UNC13C,INFEASIBLE,OPTIMAL,OPTIMAL,OPTIMAL
RSL24D1,INFEASIBLE,INFEASIBLE,OPTIMAL,INFEASIBLE
RAB27A,INFEASIBLE,INFEASIBLE,INFEASIBLE,OPTIMAL
PIGBOS1,INFEASIBLE,OPTIMAL,OPTIMAL,OPTIMAL
PIGB,OPTIMAL,OPTIMAL,OPTIMAL,OPTIMAL
CCPG1,INFEASIBLE,OPTIMAL,OPTIMAL,OPTIMAL
DNAAF4,OPTIMAL,OPTIMAL,OPTIMAL,OPTIMAL
PYGO1,OPTIMAL,OPTIMAL,INFEASIBLE,OPTIMAL
PRTG,OPTIMAL,OPTIMAL,OPTIMAL,OPTIMAL
NEDD4,OPTIMAL,OPTIMAL,OPTIMAL,OPTIMAL
RFX7,INFEASIBLE,INFEASIBLE,INFEASIBLE,OPTIMAL
TEX9,OPTIMAL,OPTIMAL,OPTIMAL,OPTIMAL
MNS1,OPTIMAL,OPTIMAL,OPTIMAL,OPTIMAL
ZNF280D,INFEASIBLE,INFEASIBLE,OPTIMAL,OPTIMAL
TCF12,INFEASIBLE,OPTIMAL,INFEASIBLE,INFEASIBLE
CGNL1,OPTIMAL,OPTIMAL,OPTIMAL,OPTIMAL
POLR2M,OPTIMAL,OPTIMAL,INFEASIBLE,INFEASIBLE
ALDH1A2,INFEASIBLE,OPTIMAL,OPTIMAL,OPTIMAL
ADAM10,INFEASIBLE,OPTIMAL,OPTIMAL,OPTIMAL
MINDY2,OPTIMAL,OPTIMAL,OPTIMAL,OPTIMAL
RNF111,INFEASIBLE,INFEASIBLE,OPTIMAL,INFEASIBLE
SLTM,INFEASIBLE,OPTIMAL,OPTIMAL,OPTIMAL
CCNB2,INFEASIBLE,INFEASIBLE,OPTIMAL,OPTIMAL
MYO1E,OPTIMAL,OPTIMAL,OPTIMAL,OPTIMAL
FAM81A,OPTIMAL,OPTIMAL,OPTIMAL,OPTIMAL
GTF2A2,INFEASIBLE,OPTIMAL,OPTIMAL,OPTIMAL
BNIP2,INFEASIBLE,INFEASIBLE,OPTIMAL,INFEASIBLE
ANXA2,INFEASIBLE,OPTIMAL,INFEASIBLE,OPTIMAL
ICE2,INFEASIBLE,INFEASIBLE,INFEASIBLE,OPTIMAL
RORA,OPTIMAL,OPTIMAL,INFEASIBLE,OPTIMAL
VPS13C,INFEASIBLE,INFEASIBLE,OPTIMAL,INFEASIBLE
TLN2,OPTIMAL,OPTIMAL,INFEASIBLE,INFEASIBLE
TPM1,INFEASIBLE,INFEASIBLE,OPTIMAL,INFEASIBLE
LACTB,OPTIMAL,OPTIMAL,OPTIMAL,OPTIMAL
RPS27L,INFEASIBLE,OPTIMAL,OPTIMAL,OPTIMAL
RAB8B,OPTIMAL,OPTIMAL,OPTIMAL,OPTIMAL
CA12,OPTIMAL,OPTIMAL,OPTIMAL,OPTIMAL
USP3,INFEASIBLE,INFEASIBLE,OPTIMAL,OPTIMAL
HERC1,OPTIMAL,OPTIMAL,INFEASIBLE,INFEASIBLE
CIAO2A,INFEASIBLE,INFEASIBLE,OPTIMAL,OPTIMAL
SNX1,INFEASIBLE,INFEASIBLE,OPTIMAL,OPTIMAL
PPIB,INFEASIBLE,INFEASIBLE,INFEASIBLE,OPTIMAL
CSNK1G1,OPTIMAL,OPTIMAL,OPTIMAL,OPTIMAL
PCLAF,INFEASIBLE,OPTIMAL,OPTIMAL,INFEASIBLE
TRIP4,OPTIMAL,OPTIMAL,OPTIMAL,OPTIMAL
ZNF609,OPTIMAL,OPTIMAL,OPTIMAL,OPTIMAL
OAZ2,OPTIMAL,OPTIMAL,OPTIMAL,OPTIMAL
RBPMS2,INFEASIBLE,OPTIMAL,OPTIMAL,OPTIMAL
SPG21,INFEASIBLE,OPTIMAL,OPTIMAL,OPTIMAL
MTFMT,INFEASIBLE,INFEASIBLE,OPTIMAL,OPTIMAL
PDCD7,OPTIMAL,OPTIMAL,OPTIMAL,OPTIMAL
CLPX,INFEASIBLE,OPTIMAL,INFEASIBLE,OPTIMAL
PARP16,OPTIMAL,OPTIMAL,OPTIMAL,OPTIMAL
IGDCC3,OPTIMAL,OPTIMAL,OPTIMAL,OPTIMAL
IGDCC4,OPTIMAL,OPTIMAL,INFEASIBLE,OPTIMAL
DPP8,INFEASIBLE,INFEASIBLE,INFEASIBLE,INFEASIBLE
HACD3,OPTIMAL,OPTIMAL,INFEASIBLE,OPTIMAL
INTS14,INFEASIBLE,INFEASIBLE,OPTIMAL,OPTIMAL
SLC24A1,INFEASIBLE,INFEASIBLE,OPTIMAL,OPTIMAL
DENND4A,OPTIMAL,OPTIMAL,OPTIMAL,OPTIMAL
RAB11A,OPTIMAL,OPTIMAL,INFEASIBLE,OPTIMAL
MEGF11,OPTIMAL,OPTIMAL,OPTIMAL,OPTIMAL
DIS3L,INFEASIBLE,OPTIMAL,OPTIMAL,INFEASIBLE
TIPIN,INFEASIBLE,INFEASIBLE,OPTIMAL,OPTIMAL
MAP2K1,INFEASIBLE,INFEASIBLE,INFEASIBLE,OPTIMAL
SNAPC5,INFEASIBLE,INFEASIBLE,OPTIMAL,OPTIMAL
RPL4,INFEASIBLE,INFEASIBLE,OPTIMAL,OPTIMAL
ZWILCH,INFEASIBLE,INFEASIBLE,INFEASIBLE,OPTIMAL
SMAD6,INFEASIBLE,INFEASIBLE,INFEASIBLE,OPTIMAL
SMAD3,OPTIMAL,OPTIMAL,OPTIMAL,OPTIMAL
AAGAB,INFEASIBLE,INFEASIBLE,OPTIMAL,INFEASIBLE
IQCH,OPTIMAL,OPTIMAL,OPTIMAL,INFEASIBLE
C15orf61,INFEASIBLE,INFEASIBLE,OPTIMAL,OPTIMAL
MAP2K5,OPTIMAL,OPTIMAL,OPTIMAL,OPTIMAL
PIAS1,INFEASIBLE,OPTIMAL,OPTIMAL,INFEASIBLE
CALML4,INFEASIBLE,INFEASIBLE,OPTIMAL,OPTIMAL
CLN6,INFEASIBLE,INFEASIBLE,OPTIMAL,OPTIMAL
FEM1B,OPTIMAL,OPTIMAL,OPTIMAL,OPTIMAL
CORO2B,INFEASIBLE,OPTIMAL,OPTIMAL,OPTIMAL
ANP32A,INFEASIBLE,INFEASIBLE,OPTIMAL,OPTIMAL
SPESP1,OPTIMAL,OPTIMAL,INFEASIBLE,OPTIMAL
GLCE,INFEASIBLE,INFEASIBLE,OPTIMAL,INFEASIBLE
PAQR5,INFEASIBLE,INFEASIBLE,INFEASIBLE,OPTIMAL
KIF23,INFEASIBLE,OPTIMAL,INFEASIBLE,INFEASIBLE
RPLP1,INFEASIBLE,INFEASIBLE,INFEASIBLE,OPTIMAL
TLE3,OPTIMAL,OPTIMAL,INFEASIBLE,OPTIMAL
UACA,INFEASIBLE,OPTIMAL,INFEASIBLE,OPTIMAL
LARP6,INFEASIBLE,OPTIMAL,INFEASIBLE,OPTIMAL
LRRC49,INFEASIBLE,INFEASIBLE,OPTIMAL,OPTIMAL
THSD4,INFEASIBLE,OPTIMAL,OPTIMAL,OPTIMAL
MYO9A,OPTIMAL,OPTIMAL,INFEASIBLE,OPTIMAL
SENP8,INFEASIBLE,INFEASIBLE,OPTIMAL,OPTIMAL
PKM,INFEASIBLE,INFEASIBLE,OPTIMAL,OPTIMAL
PARP6,INFEASIBLE,INFEASIBLE,OPTIMAL,OPTIMAL
HEXA,INFEASIBLE,INFEASIBLE,OPTIMAL,OPTIMAL
ARIH1,INFEASIBLE,OPTIMAL,INFEASIBLE,OPTIMAL
BBS4,INFEASIBLE,INFEASIBLE,INFEASIBLE,OPTIMAL
ADPGK,INFEASIBLE,OPTIMAL,OPTIMAL,OPTIMAL
NEO1,OPTIMAL,OPTIMAL,OPTIMAL,OPTIMAL
NPTN,INFEASIBLE,INFEASIBLE,OPTIMAL,INFEASIBLE
CD276,INFEASIBLE,OPTIMAL,OPTIMAL,OPTIMAL
PML,INFEASIBLE,INFEASIBLE,OPTIMAL,OPTIMAL
UBL7,INFEASIBLE,INFEASIBLE,OPTIMAL,OPTIMAL
ARID3B,OPTIMAL,OPTIMAL,INFEASIBLE,OPTIMAL
CLK3,INFEASIBLE,INFEASIBLE,OPTIMAL,OPTIMAL
EDC3,INFEASIBLE,INFEASIBLE,INFEASIBLE,OPTIMAL
CSK,INFEASIBLE,INFEASIBLE,INFEASIBLE,INFEASIBLE
ULK3,INFEASIBLE,INFEASIBLE,OPTIMAL,OPTIMAL
SCAMP2,INFEASIBLE,OPTIMAL,OPTIMAL,OPTIMAL
MPI,INFEASIBLE,OPTIMAL,OPTIMAL,OPTIMAL
FAM219B,INFEASIBLE,OPTIMAL,OPTIMAL,OPTIMAL
COX5A,INFEASIBLE,INFEASIBLE,INFEASIBLE,OPTIMAL
RPP25,INFEASIBLE,INFEASIBLE,OPTIMAL,OPTIMAL
SCAMP5,INFEASIBLE,OPTIMAL,OPTIMAL,OPTIMAL
PPCDC,INFEASIBLE,OPTIMAL,INFEASIBLE,OPTIMAL
C15orf39,INFEASIBLE,OPTIMAL,INFEASIBLE,OPTIMAL
COMMD4,OPTIMAL,OPTIMAL,OPTIMAL,OPTIMAL
MAN2C1,INFEASIBLE,INFEASIBLE,INFEASIBLE,OPTIMAL
SIN3A,INFEASIBLE,INFEASIBLE,INFEASIBLE,INFEASIBLE
PTPN9,INFEASIBLE,OPTIMAL,OPTIMAL,OPTIMAL
SNUPN,INFEASIBLE,OPTIMAL,OPTIMAL,OPTIMAL
IMP3,INFEASIBLE,INFEASIBLE,OPTIMAL,OPTIMAL
UBE2Q2,INFEASIBLE,INFEASIBLE,OPTIMAL,OPTIMAL
FBXO22,INFEASIBLE,INFEASIBLE,INFEASIBLE,OPTIMAL
NRG4,INFEASIBLE,INFEASIBLE,INFEASIBLE,OPTIMAL
TMEM266,INFEASIBLE,OPTIMAL,OPTIMAL,OPTIMAL
ETFA,INFEASIBLE,OPTIMAL,INFEASIBLE,INFEASIBLE
ISL2,INFEASIBLE,INFEASIBLE,OPTIMAL,INFEASIBLE
SCAPER,OPTIMAL,OPTIMAL,OPTIMAL,OPTIMAL
RCN2,INFEASIBLE,INFEASIBLE,OPTIMAL,OPTIMAL
TSPAN3,INFEASIBLE,OPTIMAL,OPTIMAL,OPTIMAL
PEAK1,OPTIMAL,OPTIMAL,OPTIMAL,OPTIMAL
HMG20A,INFEASIBLE,INFEASIBLE,INFEASIBLE,OPTIMAL
LINGO1,OPTIMAL,OPTIMAL,OPTIMAL,OPTIMAL
TBC1D2B,INFEASIBLE,INFEASIBLE,INFEASIBLE,OPTIMAL
CIB2,INFEASIBLE,INFEASIBLE,OPTIMAL,OPTIMAL
IDH3A,INFEASIBLE,OPTIMAL,OPTIMAL,INFEASIBLE
SKIC8,INFEASIBLE,INFEASIBLE,OPTIMAL,OPTIMAL
IREB2,OPTIMAL,OPTIMAL,OPTIMAL,INFEASIBLE
HYKK,OPTIMAL,OPTIMAL,OPTIMAL,OPTIMAL
PSMA4,INFEASIBLE,INFEASIBLE,OPTIMAL,OPTIMAL
CHRNA5,INFEASIBLE,OPTIMAL,OPTIMAL,OPTIMAL
MORF4L1,INFEASIBLE,INFEASIBLE,OPTIMAL,OPTIMAL
CTSH,INFEASIBLE,INFEASIBLE,OPTIMAL,OPTIMAL
TMED3,INFEASIBLE,OPTIMAL,OPTIMAL,OPTIMAL
MTHFS,INFEASIBLE,OPTIMAL,OPTIMAL,OPTIMAL
ZFAND6,INFEASIBLE,INFEASIBLE,INFEASIBLE,INFEASIBLE
FAH,OPTIMAL,OPTIMAL,OPTIMAL,OPTIMAL
ABHD17C,INFEASIBLE,OPTIMAL,INFEASIBLE,OPTIMAL
MESD,INFEASIBLE,INFEASIBLE,OPTIMAL,OPTIMAL
TLNRD1,INFEASIBLE,INFEASIBLE,OPTIMAL,OPTIMAL
EFL1,INFEASIBLE,INFEASIBLE,OPTIMAL,OPTIMAL
RPS17,INFEASIBLE,INFEASIBLE,INFEASIBLE,OPTIMAL
CPEB1,INFEASIBLE,OPTIMAL,OPTIMAL,OPTIMAL
WHAMM,INFEASIBLE,INFEASIBLE,OPTIMAL,INFEASIBLE
HOMER2,INFEASIBLE,INFEASIBLE,OPTIMAL,INFEASIBLE
RAMAC,INFEASIBLE,INFEASIBLE,OPTIMAL,OPTIMAL
C15orf40,INFEASIBLE,INFEASIBLE,INFEASIBLE,OPTIMAL
BTBD1,INFEASIBLE,INFEASIBLE,OPTIMAL,OPTIMAL
HDGFL3,OPTIMAL,OPTIMAL,OPTIMAL,INFEASIBLE
SH3GL3,INFEASIBLE,INFEASIBLE,INFEASIBLE,OPTIMAL
ZSCAN2,INFEASIBLE,INFEASIBLE,OPTIMAL,OPTIMAL
WDR73,INFEASIBLE,INFEASIBLE,OPTIMAL,OPTIMAL
NMB,INFEASIBLE,INFEASIBLE,OPTIMAL,OPTIMAL
SEC11A,INFEASIBLE,INFEASIBLE,OPTIMAL,OPTIMAL
ZNF592,INFEASIBLE,INFEASIBLE,OPTIMAL,OPTIMAL
PDE8A,INFEASIBLE,INFEASIBLE,INFEASIBLE,OPTIMAL
AKAP13,OPTIMAL,OPTIMAL,OPTIMAL,OPTIMAL
KLHL25,OPTIMAL,OPTIMAL,OPTIMAL,OPTIMAL
AGBL1,INFEASIBLE,OPTIMAL,OPTIMAL,OPTIMAL
MRPL46,INFEASIBLE,INFEASIBLE,OPTIMAL,OPTIMAL
MRPS11,INFEASIBLE,INFEASIBLE,INFEASIBLE,OPTIMAL
DET1,INFEASIBLE,INFEASIBLE,OPTIMAL,OPTIMAL
AEN,INFEASIBLE,INFEASIBLE,OPTIMAL,OPTIMAL
MFGE8,OPTIMAL,OPTIMAL,OPTIMAL,OPTIMAL
ABHD2,INFEASIBLE,INFEASIBLE,OPTIMAL,OPTIMAL
FANCI,INFEASIBLE,INFEASIBLE,OPTIMAL,INFEASIBLE
POLG,OPTIMAL,OPTIMAL,OPTIMAL,INFEASIBLE
TICRR,INFEASIBLE,INFEASIBLE,OPTIMAL,OPTIMAL
KIF7,OPTIMAL,OPTIMAL,OPTIMAL,OPTIMAL
PEX11A,INFEASIBLE,INFEASIBLE,OPTIMAL,OPTIMAL
MESP1,INFEASIBLE,INFEASIBLE,OPTIMAL,OPTIMAL
AP3S2,INFEASIBLE,INFEASIBLE,OPTIMAL,OPTIMAL
ARPIN,INFEASIBLE,INFEASIBLE,OPTIMAL,OPTIMAL
ZNF710,OPTIMAL,OPTIMAL,OPTIMAL,OPTIMAL
IDH2,OPTIMAL,OPTIMAL,OPTIMAL,OPTIMAL
SEMA4B,INFEASIBLE,OPTIMAL,OPTIMAL,OPTIMAL
CIB1,INFEASIBLE,INFEASIBLE,OPTIMAL,OPTIMAL
GDPGP1,INFEASIBLE,INFEASIBLE,OPTIMAL,OPTIMAL
NGRN,INFEASIBLE,INFEASIBLE,OPTIMAL,OPTIMAL
IQGAP1,INFEASIBLE,INFEASIBLE,OPTIMAL,INFEASIBLE
CRTC3,OPTIMAL,OPTIMAL,INFEASIBLE,OPTIMAL
BLM,OPTIMAL,OPTIMAL,INFEASIBLE,OPTIMAL
FURIN,OPTIMAL,OPTIMAL,OPTIMAL,OPTIMAL
HDDC3,INFEASIBLE,INFEASIBLE,OPTIMAL,OPTIMAL
UNC45A,INFEASIBLE,INFEASIBLE,OPTIMAL,OPTIMAL
RCCD1,INFEASIBLE,OPTIMAL,OPTIMAL,OPTIMAL
PRC1,INFEASIBLE,INFEASIBLE,OPTIMAL,OPTIMAL
FAM174B,OPTIMAL,OPTIMAL,OPTIMAL,OPTIMAL
CHD2,OPTIMAL,OPTIMAL,INFEASIBLE,INFEASIBLE
RGMA,INFEASIBLE,INFEASIBLE,OPTIMAL,OPTIMAL
NR2F2,OPTIMAL,OPTIMAL,OPTIMAL,OPTIMAL
IGF1R,OPTIMAL,OPTIMAL,INFEASIBLE,OPTIMAL
TTC23,INFEASIBLE,OPTIMAL,OPTIMAL,OPTIMAL
LRRC28,INFEASIBLE,OPTIMAL,OPTIMAL,INFEASIBLE
MEF2A,OPTIMAL,OPTIMAL,INFEASIBLE,OPTIMAL
LYSMD4,OPTIMAL,OPTIMAL,OPTIMAL,OPTIMAL
ADAMTS17,OPTIMAL,OPTIMAL,INFEASIBLE,OPTIMAL
LINS1,INFEASIBLE,INFEASIBLE,OPTIMAL,INFEASIBLE
ASB7,INFEASIBLE,INFEASIBLE,OPTIMAL,OPTIMAL
CHSY1,INFEASIBLE,OPTIMAL,INFEASIBLE,OPTIMAL
SELENOS,OPTIMAL,OPTIMAL,INFEASIBLE,OPTIMAL
SNRPA1,INFEASIBLE,INFEASIBLE,OPTIMAL,OPTIMAL
PCSK6,OPTIMAL,OPTIMAL,INFEASIBLE,OPTIMAL
TM2D3,INFEASIBLE,INFEASIBLE,OPTIMAL,OPTIMAL
TARS3,INFEASIBLE,INFEASIBLE,INFEASIBLE,OPTIMAL
POLR3K,INFEASIBLE,INFEASIBLE,OPTIMAL,OPTIMAL
SNRNP25,INFEASIBLE,INFEASIBLE,OPTIMAL,OPTIMAL
MPG,INFEASIBLE,OPTIMAL,INFEASIBLE,OPTIMAL
NPRL3,INFEASIBLE,OPTIMAL,OPTIMAL,OPTIMAL
HBQ1,INFEASIBLE,INFEASIBLE,OPTIMAL,INFEASIBLE
LUC7L,INFEASIBLE,INFEASIBLE,INFEASIBLE,OPTIMAL
FAM234A,INFEASIBLE,INFEASIBLE,OPTIMAL,OPTIMAL
ARHGDIG,INFEASIBLE,INFEASIBLE,OPTIMAL,OPTIMAL
AXIN1,INFEASIBLE,OPTIMAL,INFEASIBLE,OPTIMAL
MRPL28,INFEASIBLE,INFEASIBLE,OPTIMAL,OPTIMAL
PGAP6,OPTIMAL,OPTIMAL,OPTIMAL,OPTIMAL
NME4,INFEASIBLE,INFEASIBLE,OPTIMAL,OPTIMAL
RAB11FIP3,OPTIMAL,OPTIMAL,OPTIMAL,OPTIMAL
CAPN15,OPTIMAL,OPTIMAL,INFEASIBLE,OPTIMAL
PIGQ,OPTIMAL,OPTIMAL,OPTIMAL,OPTIMAL
RAB40C,OPTIMAL,OPTIMAL,INFEASIBLE,OPTIMAL
METTL26,INFEASIBLE,INFEASIBLE,OPTIMAL,OPTIMAL
MCRIP2,INFEASIBLE,INFEASIBLE,OPTIMAL,OPTIMAL
WDR90,OPTIMAL,OPTIMAL,INFEASIBLE,OPTIMAL
RHOT2,INFEASIBLE,INFEASIBLE,OPTIMAL,OPTIMAL
STUB1,INFEASIBLE,INFEASIBLE,INFEASIBLE,OPTIMAL
JMJD8,INFEASIBLE,INFEASIBLE,OPTIMAL,OPTIMAL
METRN,INFEASIBLE,INFEASIBLE,OPTIMAL,OPTIMAL
ANTKMT,INFEASIBLE,INFEASIBLE,OPTIMAL,OPTIMAL
HAGHL,OPTIMAL,OPTIMAL,OPTIMAL,OPTIMAL
CIAO3,INFEASIBLE,INFEASIBLE,OPTIMAL,OPTIMAL
RPUSD1,INFEASIBLE,INFEASIBLE,OPTIMAL,OPTIMAL
CHTF18,OPTIMAL,OPTIMAL,OPTIMAL,OPTIMAL
LMF1,OPTIMAL,OPTIMAL,OPTIMAL,INFEASIBLE
CACNA1H,INFEASIBLE,INFEASIBLE,OPTIMAL,OPTIMAL
UBE2I,INFEASIBLE,INFEASIBLE,INFEASIBLE,OPTIMAL
TSR3,INFEASIBLE,OPTIMAL,OPTIMAL,OPTIMAL
GNPTG,OPTIMAL,OPTIMAL,OPTIMAL,OPTIMAL
UNKL,OPTIMAL,OPTIMAL,OPTIMAL,OPTIMAL
UQCC4,INFEASIBLE,INFEASIBLE,OPTIMAL,OPTIMAL
CLCN7,OPTIMAL,OPTIMAL,OPTIMAL,OPTIMAL
TELO2,OPTIMAL,OPTIMAL,OPTIMAL,OPTIMAL
IFT140,OPTIMAL,OPTIMAL,OPTIMAL,OPTIMAL
CRAMP1,OPTIMAL,OPTIMAL,OPTIMAL,INFEASIBLE
JPT2,INFEASIBLE,INFEASIBLE,INFEASIBLE,INFEASIBLE
MAPK8IP3,INFEASIBLE,OPTIMAL,OPTIMAL,OPTIMAL
NME3,INFEASIBLE,INFEASIBLE,INFEASIBLE,OPTIMAL
MRPS34,INFEASIBLE,INFEASIBLE,OPTIMAL,OPTIMAL
SPSB3,INFEASIBLE,INFEASIBLE,OPTIMAL,OPTIMAL
NUBP2,INFEASIBLE,OPTIMAL,INFEASIBLE,OPTIMAL
HAGH,INFEASIBLE,INFEASIBLE,OPTIMAL,OPTIMAL
FAHD1,INFEASIBLE,INFEASIBLE,OPTIMAL,OPTIMAL
MSRB1,OPTIMAL,OPTIMAL,OPTIMAL,OPTIMAL
NDUFB10,INFEASIBLE,INFEASIBLE,OPTIMAL,OPTIMAL
RPS2,INFEASIBLE,INFEASIBLE,INFEASIBLE,OPTIMAL
TBL3,INFEASIBLE,INFEASIBLE,OPTIMAL,OPTIMAL
GFER,INFEASIBLE,INFEASIBLE,OPTIMAL,INFEASIBLE
ZNF598,INFEASIBLE,OPTIMAL,INFEASIBLE,OPTIMAL
NPW,INFEASIBLE,INFEASIBLE,OPTIMAL,OPTIMAL
NHERF2,INFEASIBLE,OPTIMAL,OPTIMAL,OPTIMAL
NTHL1,INFEASIBLE,INFEASIBLE,OPTIMAL,OPTIMAL
TSC2,OPTIMAL,OPTIMAL,OPTIMAL,OPTIMAL
PKD1,OPTIMAL,OPTIMAL,OPTIMAL,OPTIMAL
TRAF7,INFEASIBLE,INFEASIBLE,OPTIMAL,OPTIMAL
MLST8,INFEASIBLE,INFEASIBLE,OPTIMAL,OPTIMAL
PGP,INFEASIBLE,OPTIMAL,OPTIMAL,OPTIMAL
E4F1,OPTIMAL,OPTIMAL,OPTIMAL,OPTIMAL
ECI1,INFEASIBLE,INFEASIBLE,OPTIMAL,OPTIMAL
RNPS1,INFEASIBLE,INFEASIBLE,OPTIMAL,INFEASIBLE
ABCA3,INFEASIBLE,OPTIMAL,OPTIMAL,INFEASIBLE
CCNF,INFEASIBLE,OPTIMAL,OPTIMAL,INFEASIBLE
TEDC2,INFEASIBLE,INFEASIBLE,OPTIMAL,OPTIMAL
TBC1D24,INFEASIBLE,INFEASIBLE,OPTIMAL,OPTIMAL
ATP6V0C,INFEASIBLE,INFEASIBLE,INFEASIBLE,OPTIMAL
AMDHD2,OPTIMAL,OPTIMAL,INFEASIBLE,OPTIMAL
PDPK1,OPTIMAL,OPTIMAL,OPTIMAL,OPTIMAL
KCTD5,OPTIMAL,OPTIMAL,OPTIMAL,INFEASIBLE
SRRM2,INFEASIBLE,INFEASIBLE,INFEASIBLE,INFEASIBLE
ELOB,INFEASIBLE,INFEASIBLE,OPTIMAL,OPTIMAL
FLYWCH2,INFEASIBLE,INFEASIBLE,OPTIMAL,OPTIMAL
FLYWCH1,OPTIMAL,OPTIMAL,OPTIMAL,OPTIMAL
PKMYT1,INFEASIBLE,INFEASIBLE,OPTIMAL,OPTIMAL
PAQR4,INFEASIBLE,OPTIMAL,OPTIMAL,OPTIMAL
TNFRSF12A,INFEASIBLE,INFEASIBLE,OPTIMAL,INFEASIBLE
HCFC1R1,INFEASIBLE,INFEASIBLE,OPTIMAL,OPTIMAL
THOC6,INFEASIBLE,INFEASIBLE,INFEASIBLE,OPTIMAL
ZNF205,OPTIMAL,OPTIMAL,OPTIMAL,OPTIMAL
ZNF200,INFEASIBLE,INFEASIBLE,OPTIMAL,OPTIMAL
ZNF263,INFEASIBLE,INFEASIBLE,OPTIMAL,OPTIMAL
ZNF75A,INFEASIBLE,OPTIMAL,OPTIMAL,INFEASIBLE
ZSCAN32,INFEASIBLE,INFEASIBLE,OPTIMAL,OPTIMAL
ZNF174,INFEASIBLE,INFEASIBLE,OPTIMAL,OPTIMAL
NAA60,INFEASIBLE,OPTIMAL,INFEASIBLE,OPTIMAL
CLUAP1,INFEASIBLE,INFEASIBLE,OPTIMAL,OPTIMAL
SLX4,OPTIMAL,OPTIMAL,OPTIMAL,OPTIMAL
DNASE1,OPTIMAL,OPTIMAL,OPTIMAL,OPTIMAL
TRAP1,INFEASIBLE,INFEASIBLE,INFEASIBLE,INFEASIBLE
CREBBP,OPTIMAL,OPTIMAL,OPTIMAL,INFEASIBLE
ADCY9,OPTIMAL,OPTIMAL,INFEASIBLE,OPTIMAL
TFAP4,INFEASIBLE,OPTIMAL,OPTIMAL,OPTIMAL
PAM16,INFEASIBLE,INFEASIBLE,INFEASIBLE,OPTIMAL
CORO7,OPTIMAL,OPTIMAL,OPTIMAL,OPTIMAL
DNAJA3,INFEASIBLE,INFEASIBLE,OPTIMAL,OPTIMAL
NMRAL1,OPTIMAL,OPTIMAL,OPTIMAL,OPTIMAL
HMOX2,INFEASIBLE,OPTIMAL,OPTIMAL,OPTIMAL
CDIP1,OPTIMAL,OPTIMAL,OPTIMAL,INFEASIBLE
UBALD1,OPTIMAL,OPTIMAL,OPTIMAL,OPTIMAL
MGRN1,INFEASIBLE,OPTIMAL,OPTIMAL,OPTIMAL
NUDT16L1,OPTIMAL,OPTIMAL,OPTIMAL,OPTIMAL
ANKS3,INFEASIBLE,OPTIMAL,INFEASIBLE,INFEASIBLE
ZNF500,INFEASIBLE,OPTIMAL,INFEASIBLE,OPTIMAL
ROGDI,INFEASIBLE,INFEASIBLE,OPTIMAL,OPTIMAL
GLYR1,INFEASIBLE,INFEASIBLE,OPTIMAL,OPTIMAL
UBN1,OPTIMAL,OPTIMAL,OPTIMAL,OPTIMAL
SEC14L5,INFEASIBLE,OPTIMAL,INFEASIBLE,OPTIMAL
ALG1,OPTIMAL,OPTIMAL,OPTIMAL,OPTIMAL
EEF2KMT,INFEASIBLE,INFEASIBLE,OPTIMAL,OPTIMAL
RBFOX1,INFEASIBLE,OPTIMAL,OPTIMAL,OPTIMAL
METTL22,OPTIMAL,OPTIMAL,OPTIMAL,OPTIMAL
ABAT,OPTIMAL,OPTIMAL,OPTIMAL,OPTIMAL
PMM2,INFEASIBLE,INFEASIBLE,OPTIMAL,OPTIMAL
CARHSP1,OPTIMAL,OPTIMAL,INFEASIBLE,OPTIMAL
USP7,OPTIMAL,OPTIMAL,OPTIMAL,INFEASIBLE
HAPSTR1,OPTIMAL,OPTIMAL,OPTIMAL,INFEASIBLE
ATF7IP2,INFEASIBLE,OPTIMAL,OPTIMAL,OPTIMAL
EMP2,OPTIMAL,OPTIMAL,OPTIMAL,OPTIMAL
NUBP1,INFEASIBLE,OPTIMAL,OPTIMAL,OPTIMAL
DEXI,INFEASIBLE,INFEASIBLE,INFEASIBLE,OPTIMAL
CLEC16A,OPTIMAL,OPTIMAL,INFEASIBLE,OPTIMAL
RMI2,OPTIMAL,OPTIMAL,OPTIMAL,OPTIMAL
ENSG00000188897,INFEASIBLE,INFEASIBLE,OPTIMAL,INFEASIBLE
LITAF,INFEASIBLE,OPTIMAL,OPTIMAL,OPTIMAL
SNN,INFEASIBLE,INFEASIBLE,OPTIMAL,OPTIMAL
TXNDC11,OPTIMAL,OPTIMAL,OPTIMAL,OPTIMAL
ZC3H7A,OPTIMAL,OPTIMAL,INFEASIBLE,OPTIMAL
RSL1D1,INFEASIBLE,INFEASIBLE,OPTIMAL,OPTIMAL
GSPT1,INFEASIBLE,OPTIMAL,OPTIMAL,INFEASIBLE
SNX29,OPTIMAL,OPTIMAL,OPTIMAL,OPTIMAL
CPPED1,OPTIMAL,OPTIMAL,OPTIMAL,OPTIMAL
ERCC4,INFEASIBLE,INFEASIBLE,INFEASIBLE,OPTIMAL
MRTFB,INFEASIBLE,OPTIMAL,INFEASIBLE,OPTIMAL
PARN,OPTIMAL,OPTIMAL,OPTIMAL,OPTIMAL
BFAR,INFEASIBLE,INFEASIBLE,INFEASIBLE,OPTIMAL
NOMO1,INFEASIBLE,INFEASIBLE,OPTIMAL,OPTIMAL
PDXDC1,OPTIMAL,OPTIMAL,OPTIMAL,INFEASIBLE
NTAN1,OPTIMAL,OPTIMAL,OPTIMAL,OPTIMAL
RRN3,INFEASIBLE,OPTIMAL,OPTIMAL,OPTIMAL
MARF1,OPTIMAL,OPTIMAL,OPTIMAL,OPTIMAL
NDE1,INFEASIBLE,INFEASIBLE,INFEASIBLE,OPTIMAL
CEP20,INFEASIBLE,INFEASIBLE,OPTIMAL,OPTIMAL
ABCC1,OPTIMAL,OPTIMAL,OPTIMAL,OPTIMAL
NOMO3,INFEASIBLE,INFEASIBLE,INFEASIBLE,OPTIMAL
XYLT1,OPTIMAL,OPTIMAL,OPTIMAL,INFEASIBLE
NOMO2,INFEASIBLE,INFEASIBLE,OPTIMAL,OPTIMAL
RPS15A,INFEASIBLE,INFEASIBLE,OPTIMAL,OPTIMAL
ARL6IP1,INFEASIBLE,INFEASIBLE,INFEASIBLE,OPTIMAL
SMG1,OPTIMAL,OPTIMAL,INFEASIBLE,INFEASIBLE
TMC7,INFEASIBLE,OPTIMAL,OPTIMAL,OPTIMAL
COQ7,OPTIMAL,OPTIMAL,OPTIMAL,OPTIMAL
ITPRIPL2,INFEASIBLE,INFEASIBLE,INFEASIBLE,OPTIMAL
GDE1,INFEASIBLE,INFEASIBLE,INFEASIBLE,OPTIMAL
CCP110,INFEASIBLE,INFEASIBLE,OPTIMAL,OPTIMAL
VPS35L,OPTIMAL,OPTIMAL,OPTIMAL,OPTIMAL
KNOP1,INFEASIBLE,INFEASIBLE,INFEASIBLE,OPTIMAL
IQCK,OPTIMAL,OPTIMAL,OPTIMAL,OPTIMAL
GPRC5B,OPTIMAL,OPTIMAL,OPTIMAL,INFEASIBLE
THUMPD1,INFEASIBLE,INFEASIBLE,OPTIMAL,OPTIMAL
ERI2,INFEASIBLE,INFEASIBLE,OPTIMAL,OPTIMAL
REXO5,INFEASIBLE,INFEASIBLE,OPTIMAL,OPTIMAL
LYRM1,OPTIMAL,OPTIMAL,OPTIMAL,OPTIMAL
LDAF1,INFEASIBLE,INFEASIBLE,OPTIMAL,OPTIMAL
METTL9,INFEASIBLE,OPTIMAL,OPTIMAL,OPTIMAL
NPIPB4,INFEASIBLE,INFEASIBLE,OPTIMAL,OPTIMAL
UQCRC2,INFEASIBLE,INFEASIBLE,OPTIMAL,OPTIMAL
MOSMO,OPTIMAL,OPTIMAL,OPTIMAL,OPTIMAL
EEF2K,OPTIMAL,OPTIMAL,OPTIMAL,OPTIMAL
POLR3E,INFEASIBLE,OPTIMAL,OPTIMAL,OPTIMAL
CDR2,INFEASIBLE,OPTIMAL,OPTIMAL,OPTIMAL
USP31,OPTIMAL,OPTIMAL,INFEASIBLE,OPTIMAL
COG7,INFEASIBLE,OPTIMAL,INFEASIBLE,INFEASIBLE
GGA2,INFEASIBLE,OPTIMAL,INFEASIBLE,OPTIMAL
EARS2,OPTIMAL,OPTIMAL,OPTIMAL,OPTIMAL
UBFD1,INFEASIBLE,OPTIMAL,OPTIMAL,OPTIMAL
NDUFAB1,INFEASIBLE,INFEASIBLE,OPTIMAL,OPTIMAL
PALB2,INFEASIBLE,INFEASIBLE,OPTIMAL,OPTIMAL
DCTN5,INFEASIBLE,OPTIMAL,OPTIMAL,OPTIMAL
PLK1,INFEASIBLE,OPTIMAL,OPTIMAL,OPTIMAL
PRKCB,OPTIMAL,OPTIMAL,OPTIMAL,INFEASIBLE
RBBP6,INFEASIBLE,INFEASIBLE,OPTIMAL,OPTIMAL
TNRC6A,OPTIMAL,OPTIMAL,INFEASIBLE,OPTIMAL
ARHGAP17,INFEASIBLE,INFEASIBLE,INFEASIBLE,OPTIMAL
LCMT1,INFEASIBLE,INFEASIBLE,OPTIMAL,OPTIMAL
NSMCE1,INFEASIBLE,OPTIMAL,OPTIMAL,OPTIMAL
GTF3C1,INFEASIBLE,INFEASIBLE,OPTIMAL,OPTIMAL
KATNIP,OPTIMAL,OPTIMAL,OPTIMAL,OPTIMAL
XPO6,INFEASIBLE,INFEASIBLE,INFEASIBLE,INFEASIBLE
CLN3,INFEASIBLE,INFEASIBLE,INFEASIBLE,OPTIMAL
SGF29,INFEASIBLE,INFEASIBLE,INFEASIBLE,OPTIMAL
EIF3C,INFEASIBLE,INFEASIBLE,OPTIMAL,OPTIMAL
ATXN2L,INFEASIBLE,OPTIMAL,OPTIMAL,OPTIMAL
TUFM,INFEASIBLE,INFEASIBLE,OPTIMAL,OPTIMAL
SH2B1,INFEASIBLE,INFEASIBLE,OPTIMAL,OPTIMAL
RABEP2,OPTIMAL,OPTIMAL,OPTIMAL,OPTIMAL
NFATC2IP,OPTIMAL,OPTIMAL,OPTIMAL,OPTIMAL
SPNS1,OPTIMAL,OPTIMAL,OPTIMAL,OPTIMAL
QPRT,OPTIMAL,OPTIMAL,OPTIMAL,OPTIMAL
KIF22,INFEASIBLE,OPTIMAL,OPTIMAL,OPTIMAL
MAZ,INFEASIBLE,OPTIMAL,INFEASIBLE,OPTIMAL
PAGR1,INFEASIBLE,INFEASIBLE,OPTIMAL,OPTIMAL
MVP,OPTIMAL,OPTIMAL,OPTIMAL,OPTIMAL
CDIPT,OPTIMAL,OPTIMAL,OPTIMAL,OPTIMAL
SEZ6L2,OPTIMAL,OPTIMAL,OPTIMAL,OPTIMAL
ASPHD1,INFEASIBLE,OPTIMAL,OPTIMAL,OPTIMAL
KCTD13,INFEASIBLE,INFEASIBLE,OPTIMAL,OPTIMAL
TMEM219,INFEASIBLE,INFEASIBLE,OPTIMAL,OPTIMAL
TAOK2,INFEASIBLE,INFEASIBLE,OPTIMAL,OPTIMAL
HIRIP3,INFEASIBLE,OPTIMAL,OPTIMAL,OPTIMAL
INO80E,INFEASIBLE,OPTIMAL,OPTIMAL,OPTIMAL
DOC2A,OPTIMAL,OPTIMAL,OPTIMAL,OPTIMAL
ALDOA,INFEASIBLE,INFEASIBLE,OPTIMAL,OPTIMAL
PPP4C,INFEASIBLE,INFEASIBLE,OPTIMAL,OPTIMAL
YPEL3,INFEASIBLE,OPTIMAL,OPTIMAL,INFEASIBLE
MAPK3,INFEASIBLE,INFEASIBLE,OPTIMAL,OPTIMAL
BOLA2B,INFEASIBLE,INFEASIBLE,OPTIMAL,OPTIMAL
NPIPB13,INFEASIBLE,INFEASIBLE,INFEASIBLE,INFEASIBLE
CD2BP2,INFEASIBLE,OPTIMAL,OPTIMAL,OPTIMAL
TBC1D10B,INFEASIBLE,OPTIMAL,OPTIMAL,OPTIMAL
ZNF48,INFEASIBLE,INFEASIBLE,OPTIMAL,OPTIMAL
SEPTIN1,INFEASIBLE,OPTIMAL,OPTIMAL,OPTIMAL
ZNF771,OPTIMAL,OPTIMAL,OPTIMAL,OPTIMAL
DCTPP1,INFEASIBLE,INFEASIBLE,OPTIMAL,OPTIMAL
SEPHS2,INFEASIBLE,INFEASIBLE,OPTIMAL,OPTIMAL
ZNF768,OPTIMAL,OPTIMAL,OPTIMAL,OPTIMAL
ZNF747,INFEASIBLE,INFEASIBLE,OPTIMAL,OPTIMAL
ZNF764,INFEASIBLE,INFEASIBLE,OPTIMAL,INFEASIBLE
ZNF688,OPTIMAL,OPTIMAL,OPTIMAL,OPTIMAL
ZNF689,INFEASIBLE,INFEASIBLE,OPTIMAL,OPTIMAL
PRR14,INFEASIBLE,INFEASIBLE,OPTIMAL,OPTIMAL
FBRS,OPTIMAL,OPTIMAL,OPTIMAL,OPTIMAL
SRCAP,INFEASIBLE,INFEASIBLE,OPTIMAL,OPTIMAL
PHKG2,INFEASIBLE,INFEASIBLE,INFEASIBLE,OPTIMAL
CFAP119,INFEASIBLE,INFEASIBLE,OPTIMAL,OPTIMAL
RNF40,INFEASIBLE,OPTIMAL,OPTIMAL,OPTIMAL
ZNF629,OPTIMAL,OPTIMAL,OPTIMAL,OPTIMAL
BCL7C,INFEASIBLE,INFEASIBLE,OPTIMAL,OPTIMAL
FBXL19,OPTIMAL,OPTIMAL,OPTIMAL,OPTIMAL
SETD1A,OPTIMAL,OPTIMAL,OPTIMAL,OPTIMAL
STX4,INFEASIBLE,INFEASIBLE,OPTIMAL,OPTIMAL
ZNF668,INFEASIBLE,INFEASIBLE,OPTIMAL,OPTIMAL
VKORC1,INFEASIBLE,INFEASIBLE,OPTIMAL,OPTIMAL
BCKDK,INFEASIBLE,OPTIMAL,OPTIMAL,OPTIMAL
KAT8,INFEASIBLE,INFEASIBLE,OPTIMAL,OPTIMAL
FUS,INFEASIBLE,INFEASIBLE,OPTIMAL,OPTIMAL
RUSF1,INFEASIBLE,INFEASIBLE,OPTIMAL,OPTIMAL
KRBOX5,INFEASIBLE,OPTIMAL,OPTIMAL,OPTIMAL
ZNF267,INFEASIBLE,INFEASIBLE,INFEASIBLE,OPTIMAL
SHCBP1,OPTIMAL,OPTIMAL,OPTIMAL,INFEASIBLE
VPS35,INFEASIBLE,OPTIMAL,OPTIMAL,OPTIMAL
ORC6,INFEASIBLE,OPTIMAL,INFEASIBLE,INFEASIBLE
C16orf87,INFEASIBLE,INFEASIBLE,OPTIMAL,OPTIMAL
GPT2,OPTIMAL,OPTIMAL,OPTIMAL,OPTIMAL
DNAJA2,INFEASIBLE,INFEASIBLE,OPTIMAL,INFEASIBLE
NETO2,INFEASIBLE,OPTIMAL,OPTIMAL,OPTIMAL
ITFG1,INFEASIBLE,OPTIMAL,INFEASIBLE,INFEASIBLE
PHKB,INFEASIBLE,OPTIMAL,INFEASIBLE,INFEASIBLE
LONP2,INFEASIBLE,INFEASIBLE,INFEASIBLE,OPTIMAL
SIAH1,INFEASIBLE,OPTIMAL,OPTIMAL,OPTIMAL
N4BP1,INFEASIBLE,OPTIMAL,OPTIMAL,INFEASIBLE
ZNF423,INFEASIBLE,OPTIMAL,OPTIMAL,OPTIMAL
CNEP1R1,INFEASIBLE,INFEASIBLE,INFEASIBLE,INFEASIBLE
HEATR3,INFEASIBLE,OPTIMAL,OPTIMAL,OPTIMAL
TENT4B,INFEASIBLE,INFEASIBLE,INFEASIBLE,OPTIMAL
BRD7,INFEASIBLE,INFEASIBLE,OPTIMAL,OPTIMAL
CYLD,INFEASIBLE,INFEASIBLE,OPTIMAL,OPTIMAL
SALL1,INFEASIBLE,INFEASIBLE,OPTIMAL,INFEASIBLE
HNRNPA1L3,INFEASIBLE,OPTIMAL,OPTIMAL,OPTIMAL
CHD9,INFEASIBLE,INFEASIBLE,INFEASIBLE,INFEASIBLE
RBL2,INFEASIBLE,OPTIMAL,OPTIMAL,OPTIMAL
AKTIP,INFEASIBLE,INFEASIBLE,OPTIMAL,OPTIMAL
RPGRIP1L,INFEASIBLE,INFEASIBLE,OPTIMAL,OPTIMAL
FTO,INFEASIBLE,OPTIMAL,INFEASIBLE,INFEASIBLE
IRX3,INFEASIBLE,INFEASIBLE,OPTIMAL,OPTIMAL
IRX5,INFEASIBLE,INFEASIBLE,OPTIMAL,OPTIMAL
LPCAT2,INFEASIBLE,INFEASIBLE,OPTIMAL,OPTIMAL
AMFR,INFEASIBLE,INFEASIBLE,OPTIMAL,OPTIMAL
NUDT21,INFEASIBLE,INFEASIBLE,OPTIMAL,OPTIMAL
OGFOD1,INFEASIBLE,INFEASIBLE,INFEASIBLE,OPTIMAL
BBS2,OPTIMAL,OPTIMAL,OPTIMAL,OPTIMAL
MT2A,INFEASIBLE,INFEASIBLE,OPTIMAL,INFEASIBLE
MT1X,INFEASIBLE,INFEASIBLE,OPTIMAL,OPTIMAL
NUP93,OPTIMAL,OPTIMAL,OPTIMAL,OPTIMAL
HERPUD1,INFEASIBLE,INFEASIBLE,OPTIMAL,OPTIMAL
CPNE2,OPTIMAL,OPTIMAL,OPTIMAL,OPTIMAL
PSME3IP1,INFEASIBLE,INFEASIBLE,INFEASIBLE,OPTIMAL
RSPRY1,INFEASIBLE,INFEASIBLE,OPTIMAL,OPTIMAL
ARL2BP,INFEASIBLE,INFEASIBLE,OPTIMAL,OPTIMAL
PLLP,INFEASIBLE,OPTIMAL,OPTIMAL,OPTIMAL
CIAPIN1,INFEASIBLE,OPTIMAL,OPTIMAL,OPTIMAL
COQ9,INFEASIBLE,INFEASIBLE,INFEASIBLE,OPTIMAL
POLR2C,INFEASIBLE,INFEASIBLE,OPTIMAL,OPTIMAL
CCDC102A,INFEASIBLE,INFEASIBLE,OPTIMAL,OPTIMAL
KATNB1,INFEASIBLE,OPTIMAL,OPTIMAL,OPTIMAL
USB1,INFEASIBLE,OPTIMAL,OPTIMAL,OPTIMAL
CFAP20,INFEASIBLE,INFEASIBLE,INFEASIBLE,OPTIMAL
CSNK2A2,INFEASIBLE,OPTIMAL,INFEASIBLE,INFEASIBLE
CCDC113,INFEASIBLE,INFEASIBLE,OPTIMAL,OPTIMAL
GINS3,INFEASIBLE,OPTIMAL,OPTIMAL,OPTIMAL
SETD6,INFEASIBLE,OPTIMAL,OPTIMAL,INFEASIBLE
CNOT1,INFEASIBLE,INFEASIBLE,INFEASIBLE,INFEASIBLE
SLC38A7,OPTIMAL,OPTIMAL,OPTIMAL,OPTIMAL
GOT2,INFEASIBLE,INFEASIBLE,OPTIMAL,OPTIMAL
TK2,OPTIMAL,OPTIMAL,INFEASIBLE,OPTIMAL
CKLF,INFEASIBLE,INFEASIBLE,INFEASIBLE,OPTIMAL
CMTM3,INFEASIBLE,INFEASIBLE,OPTIMAL,OPTIMAL
CMTM4,OPTIMAL,OPTIMAL,INFEASIBLE,INFEASIBLE
DYNC1LI2,INFEASIBLE,INFEASIBLE,OPTIMAL,OPTIMAL
TERB1,INFEASIBLE,OPTIMAL,OPTIMAL,OPTIMAL
NAE1,INFEASIBLE,INFEASIBLE,OPTIMAL,OPTIMAL
PDP2,INFEASIBLE,INFEASIBLE,OPTIMAL,OPTIMAL
CIAO2B,INFEASIBLE,INFEASIBLE,OPTIMAL,OPTIMAL
CES2,INFEASIBLE,INFEASIBLE,OPTIMAL,OPTIMAL
CBFB,INFEASIBLE,INFEASIBLE,OPTIMAL,INFEASIBLE
PHAF1,INFEASIBLE,INFEASIBLE,OPTIMAL,INFEASIBLE
TRADD,INFEASIBLE,INFEASIBLE,OPTIMAL,OPTIMAL
E2F4,INFEASIBLE,OPTIMAL,INFEASIBLE,OPTIMAL
TMEM208,INFEASIBLE,INFEASIBLE,OPTIMAL,OPTIMAL
FHOD1,INFEASIBLE,INFEASIBLE,INFEASIBLE,OPTIMAL
ATP6V0D1,INFEASIBLE,INFEASIBLE,OPTIMAL,OPTIMAL
RIPOR1,OPTIMAL,OPTIMAL,OPTIMAL,OPTIMAL
CTCF,INFEASIBLE,INFEASIBLE,INFEASIBLE,OPTIMAL
CARMIL2,OPTIMAL,OPTIMAL,OPTIMAL,OPTIMAL
ACD,OPTIMAL,INFEASIBLE,OPTIMAL,OPTIMAL
GFOD2,INFEASIBLE,INFEASIBLE,OPTIMAL,OPTIMAL
RANBP10,INFEASIBLE,OPTIMAL,OPTIMAL,OPTIMAL
CENPT,INFEASIBLE,INFEASIBLE,OPTIMAL,OPTIMAL
THAP11,INFEASIBLE,INFEASIBLE,OPTIMAL,OPTIMAL
NUTF2,INFEASIBLE,INFEASIBLE,OPTIMAL,OPTIMAL
EDC4,INFEASIBLE,INFEASIBLE,OPTIMAL,OPTIMAL
PSKH1,INFEASIBLE,INFEASIBLE,OPTIMAL,OPTIMAL
PSMB10,INFEASIBLE,INFEASIBLE,OPTIMAL,OPTIMAL
DUS2,INFEASIBLE,INFEASIBLE,OPTIMAL,OPTIMAL
DDX28,INFEASIBLE,INFEASIBLE,OPTIMAL,OPTIMAL
NFATC3,OPTIMAL,OPTIMAL,OPTIMAL,OPTIMAL
SLC7A6,INFEASIBLE,OPTIMAL,OPTIMAL,INFEASIBLE
SLC7A6OS,INFEASIBLE,INFEASIBLE,INFEASIBLE,INFEASIBLE
PRMT7,INFEASIBLE,INFEASIBLE,OPTIMAL,OPTIMAL
ZFP90,OPTIMAL,OPTIMAL,OPTIMAL,OPTIMAL
TANGO6,INFEASIBLE,OPTIMAL,OPTIMAL,OPTIMAL
UTP4,INFEASIBLE,OPTIMAL,INFEASIBLE,OPTIMAL
SNTB2,OPTIMAL,OPTIMAL,OPTIMAL,OPTIMAL
VPS4A,INFEASIBLE,INFEASIBLE,OPTIMAL,OPTIMAL
COG8,INFEASIBLE,OPTIMAL,OPTIMAL,INFEASIBLE
NIP7,INFEASIBLE,INFEASIBLE,OPTIMAL,OPTIMAL
TERF2,OPTIMAL,OPTIMAL,OPTIMAL,OPTIMAL
CYB5B,INFEASIBLE,OPTIMAL,OPTIMAL,OPTIMAL
NFAT5,INFEASIBLE,INFEASIBLE,INFEASIBLE,OPTIMAL
NOB1,INFEASIBLE,INFEASIBLE,OPTIMAL,OPTIMAL
WWP2,OPTIMAL,OPTIMAL,OPTIMAL,INFEASIBLE
PDPR,INFEASIBLE,INFEASIBLE,INFEASIBLE,OPTIMAL
EXOSC6,INFEASIBLE,OPTIMAL,INFEASIBLE,OPTIMAL
AARS1,INFEASIBLE,OPTIMAL,OPTIMAL,INFEASIBLE
DDX19B,OPTIMAL,OPTIMAL,OPTIMAL,OPTIMAL
DDX19A,INFEASIBLE,INFEASIBLE,OPTIMAL,INFEASIBLE
ST3GAL2,OPTIMAL,OPTIMAL,INFEASIBLE,OPTIMAL
COG4,OPTIMAL,OPTIMAL,OPTIMAL,OPTIMAL
SF3B3,INFEASIBLE,INFEASIBLE,INFEASIBLE,INFEASIBLE
MTSS2,OPTIMAL,OPTIMAL,OPTIMAL,INFEASIBLE
VAC14,INFEASIBLE,OPTIMAL,OPTIMAL,OPTIMAL
ZNF23,INFEASIBLE,INFEASIBLE,INFEASIBLE,OPTIMAL
PHLPP2,OPTIMAL,OPTIMAL,OPTIMAL,OPTIMAL
AP1G1,INFEASIBLE,INFEASIBLE,INFEASIBLE,OPTIMAL
ATXN1L,OPTIMAL,OPTIMAL,OPTIMAL,OPTIMAL
IST1,INFEASIBLE,INFEASIBLE,OPTIMAL,OPTIMAL
ZNF821,OPTIMAL,OPTIMAL,INFEASIBLE,OPTIMAL
DHODH,OPTIMAL,OPTIMAL,OPTIMAL,OPTIMAL
TXNL4B,INFEASIBLE,INFEASIBLE,OPTIMAL,OPTIMAL
DHX38,INFEASIBLE,INFEASIBLE,OPTIMAL,OPTIMAL
ZFHX3,OPTIMAL,OPTIMAL,OPTIMAL,OPTIMAL
PSMD7,INFEASIBLE,INFEASIBLE,INFEASIBLE,OPTIMAL
GLG1,INFEASIBLE,OPTIMAL,INFEASIBLE,INFEASIBLE
RFWD3,INFEASIBLE,INFEASIBLE,INFEASIBLE,OPTIMAL
WDR59,INFEASIBLE,INFEASIBLE,INFEASIBLE,OPTIMAL
ZNRF1,INFEASIBLE,OPTIMAL,INFEASIBLE,OPTIMAL
ZFP1,OPTIMAL,OPTIMAL,OPTIMAL,OPTIMAL
BCAR1,OPTIMAL,OPTIMAL,INFEASIBLE,OPTIMAL
CFDP1,INFEASIBLE,INFEASIBLE,INFEASIBLE,INFEASIBLE
TMEM170A,INFEASIBLE,INFEASIBLE,OPTIMAL,OPTIMAL
GABARAPL2,INFEASIBLE,INFEASIBLE,OPTIMAL,OPTIMAL
ADAT1,INFEASIBLE,OPTIMAL,INFEASIBLE,OPTIMAL
KARS1,OPTIMAL,OPTIMAL,OPTIMAL,OPTIMAL
TERF2IP,INFEASIBLE,OPTIMAL,OPTIMAL,OPTIMAL
MON1B,OPTIMAL,OPTIMAL,OPTIMAL,OPTIMAL
SYCE1L,INFEASIBLE,INFEASIBLE,OPTIMAL,OPTIMAL
NUDT7,INFEASIBLE,INFEASIBLE,OPTIMAL,OPTIMAL
WWOX,OPTIMAL,OPTIMAL,INFEASIBLE,OPTIMAL
MAF,OPTIMAL,OPTIMAL,OPTIMAL,OPTIMAL
CDYL2,OPTIMAL,OPTIMAL,INFEASIBLE,OPTIMAL
CMC2,INFEASIBLE,INFEASIBLE,OPTIMAL,OPTIMAL
CENPN,INFEASIBLE,OPTIMAL,OPTIMAL,OPTIMAL
ATMIN,INFEASIBLE,INFEASIBLE,INFEASIBLE,OPTIMAL
C16orf46,INFEASIBLE,INFEASIBLE,OPTIMAL,OPTIMAL
GCSH,INFEASIBLE,INFEASIBLE,OPTIMAL,OPTIMAL
GAN,INFEASIBLE,INFEASIBLE,INFEASIBLE,OPTIMAL
CMIP,OPTIMAL,OPTIMAL,OPTIMAL,OPTIMAL
PLCG2,OPTIMAL,OPTIMAL,INFEASIBLE,OPTIMAL
MPHOSPH6,INFEASIBLE,INFEASIBLE,OPTIMAL,OPTIMAL
CDH13,INFEASIBLE,OPTIMAL,INFEASIBLE,OPTIMAL
HSBP1,INFEASIBLE,INFEASIBLE,INFEASIBLE,OPTIMAL
MLYCD,OPTIMAL,OPTIMAL,OPTIMAL,OPTIMAL
MBTPS1,INFEASIBLE,INFEASIBLE,OPTIMAL,OPTIMAL
HSDL1,INFEASIBLE,INFEASIBLE,OPTIMAL,OPTIMAL
TAF1C,INFEASIBLE,INFEASIBLE,OPTIMAL,OPTIMAL
MEAK7,OPTIMAL,OPTIMAL,OPTIMAL,OPTIMAL
COTL1,INFEASIBLE,INFEASIBLE,OPTIMAL,OPTIMAL
KLHL36,OPTIMAL,OPTIMAL,OPTIMAL,OPTIMAL
USP10,INFEASIBLE,INFEASIBLE,OPTIMAL,OPTIMAL
ZDHHC7,INFEASIBLE,INFEASIBLE,OPTIMAL,OPTIMAL
KIAA0513,INFEASIBLE,INFEASIBLE,OPTIMAL,OPTIMAL
GSE1,OPTIMAL,OPTIMAL,INFEASIBLE,OPTIMAL
GINS2,INFEASIBLE,OPTIMAL,OPTIMAL,OPTIMAL
C16orf74,INFEASIBLE,INFEASIBLE,OPTIMAL,INFEASIBLE
EMC8,OPTIMAL,OPTIMAL,OPTIMAL,OPTIMAL
COX4I1,INFEASIBLE,INFEASIBLE,OPTIMAL,OPTIMAL
MTHFSD,INFEASIBLE,INFEASIBLE,OPTIMAL,OPTIMAL
C16orf95,OPTIMAL,OPTIMAL,OPTIMAL,OPTIMAL
FBXO31,INFEASIBLE,INFEASIBLE,OPTIMAL,INFEASIBLE
MAP1LC3B,INFEASIBLE,INFEASIBLE,OPTIMAL,OPTIMAL
ZCCHC14,INFEASIBLE,INFEASIBLE,OPTIMAL,OPTIMAL
KLHDC4,INFEASIBLE,INFEASIBLE,INFEASIBLE,OPTIMAL
SLC7A5,INFEASIBLE,INFEASIBLE,OPTIMAL,OPTIMAL
BANP,INFEASIBLE,INFEASIBLE,OPTIMAL,OPTIMAL
ZFPM1,OPTIMAL,OPTIMAL,OPTIMAL,OPTIMAL
ZC3H18,INFEASIBLE,INFEASIBLE,OPTIMAL,INFEASIBLE
CYBA,INFEASIBLE,INFEASIBLE,OPTIMAL,OPTIMAL
MVD,OPTIMAL,OPTIMAL,OPTIMAL,OPTIMAL
RNF166,INFEASIBLE,INFEASIBLE,OPTIMAL,OPTIMAL
CTU2,OPTIMAL,OPTIMAL,OPTIMAL,OPTIMAL
PIEZO1,OPTIMAL,OPTIMAL,INFEASIBLE,OPTIMAL
CDT1,INFEASIBLE,OPTIMAL,OPTIMAL,INFEASIBLE
APRT,INFEASIBLE,INFEASIBLE,OPTIMAL,OPTIMAL
GALNS,OPTIMAL,OPTIMAL,OPTIMAL,INFEASIBLE
TRAPPC2L,INFEASIBLE,INFEASIBLE,OPTIMAL,OPTIMAL
ACSF3,OPTIMAL,OPTIMAL,OPTIMAL,OPTIMAL
ZNF778,INFEASIBLE,INFEASIBLE,OPTIMAL,INFEASIBLE
ANKRD11,INFEASIBLE,INFEASIBLE,INFEASIBLE,INFEASIBLE
SPG7,OPTIMAL,OPTIMAL,OPTIMAL,OPTIMAL
RPL13,INFEASIBLE,INFEASIBLE,INFEASIBLE,OPTIMAL
CPNE7,INFEASIBLE,INFEASIBLE,OPTIMAL,OPTIMAL
CHMP1A,OPTIMAL,OPTIMAL,OPTIMAL,OPTIMAL
SPATA33,INFEASIBLE,INFEASIBLE,INFEASIBLE,OPTIMAL
CDK10,OPTIMAL,OPTIMAL,INFEASIBLE,OPTIMAL
SPATA2L,INFEASIBLE,OPTIMAL,INFEASIBLE,OPTIMAL
VPS9D1,INFEASIBLE,INFEASIBLE,INFEASIBLE,OPTIMAL
ZNF276,INFEASIBLE,INFEASIBLE,OPTIMAL,OPTIMAL
FANCA,INFEASIBLE,INFEASIBLE,INFEASIBLE,OPTIMAL
SPIRE2,INFEASIBLE,INFEASIBLE,OPTIMAL,OPTIMAL
TCF25,INFEASIBLE,INFEASIBLE,INFEASIBLE,OPTIMAL
DEF8,INFEASIBLE,INFEASIBLE,OPTIMAL,OPTIMAL
DBNDD1,OPTIMAL,OPTIMAL,OPTIMAL,OPTIMAL
GAS8,INFEASIBLE,INFEASIBLE,INFEASIBLE,OPTIMAL
RFLNB,INFEASIBLE,INFEASIBLE,INFEASIBLE,INFEASIBLE
VPS53,INFEASIBLE,OPTIMAL,OPTIMAL,INFEASIBLE
TLCD3A,INFEASIBLE,INFEASIBLE,OPTIMAL,OPTIMAL
GEMIN4,INFEASIBLE,INFEASIBLE,OPTIMAL,OPTIMAL
GLOD4,INFEASIBLE,INFEASIBLE,OPTIMAL,OPTIMAL
MRM3,INFEASIBLE,INFEASIBLE,OPTIMAL,OPTIMAL
NXN,OPTIMAL,OPTIMAL,OPTIMAL,OPTIMAL
TIMM22,INFEASIBLE,INFEASIBLE,OPTIMAL,OPTIMAL
ABR,OPTIMAL,OPTIMAL,OPTIMAL,INFEASIBLE
YWHAE,INFEASIBLE,INFEASIBLE,INFEASIBLE,INFEASIBLE
CRK,OPTIMAL,OPTIMAL,OPTIMAL,OPTIMAL
MYO1C,INFEASIBLE,OPTIMAL,OPTIMAL,OPTIMAL
INPP5K,INFEASIBLE,INFEASIBLE,OPTIMAL,OPTIMAL
PITPNA,OPTIMAL,OPTIMAL,INFEASIBLE,OPTIMAL
PRPF8,INFEASIBLE,INFEASIBLE,OPTIMAL,OPTIMAL
TLCD2,INFEASIBLE,INFEASIBLE,OPTIMAL,OPTIMAL
WDR81,INFEASIBLE,INFEASIBLE,OPTIMAL,INFEASIBLE
SERPINF1,INFEASIBLE,INFEASIBLE,OPTIMAL,OPTIMAL
SMYD4,INFEASIBLE,INFEASIBLE,INFEASIBLE,OPTIMAL
RPA1,INFEASIBLE,INFEASIBLE,INFEASIBLE,INFEASIBLE
DPH1,OPTIMAL,OPTIMAL,OPTIMAL,OPTIMAL
SMG6,OPTIMAL,OPTIMAL,INFEASIBLE,INFEASIBLE
SRR,INFEASIBLE,INFEASIBLE,INFEASIBLE,OPTIMAL
TSR1,INFEASIBLE,INFEASIBLE,INFEASIBLE,OPTIMAL
SGSM2,INFEASIBLE,INFEASIBLE,OPTIMAL,OPTIMAL
MNT,INFEASIBLE,INFEASIBLE,OPTIMAL,OPTIMAL
METTL16,OPTIMAL,OPTIMAL,OPTIMAL,OPTIMAL
PAFAH1B1,OPTIMAL,OPTIMAL,OPTIMAL,INFEASIBLE
CLUH,OPTIMAL,OPTIMAL,OPTIMAL,OPTIMAL
RAP1GAP2,OPTIMAL,OPTIMAL,OPTIMAL,OPTIMAL
TRPV1,INFEASIBLE,INFEASIBLE,INFEASIBLE,OPTIMAL
SHPK,OPTIMAL,OPTIMAL,INFEASIBLE,OPTIMAL
CTNS,INFEASIBLE,INFEASIBLE,OPTIMAL,OPTIMAL
TAX1BP3,INFEASIBLE,INFEASIBLE,OPTIMAL,OPTIMAL
EMC6,INFEASIBLE,INFEASIBLE,INFEASIBLE,OPTIMAL
ITGAE,INFEASIBLE,OPTIMAL,INFEASIBLE,OPTIMAL
NCBP3,INFEASIBLE,OPTIMAL,OPTIMAL,OPTIMAL
CAMKK1,OPTIMAL,OPTIMAL,OPTIMAL,OPTIMAL
ZZEF1,INFEASIBLE,OPTIMAL,OPTIMAL,OPTIMAL
CYB5D2,OPTIMAL,OPTIMAL,OPTIMAL,OPTIMAL
ANKFY1,INFEASIBLE,INFEASIBLE,OPTIMAL,OPTIMAL
UBE2G1,INFEASIBLE,INFEASIBLE,INFEASIBLE,OPTIMAL
MYBBP1A,INFEASIBLE,INFEASIBLE,OPTIMAL,OPTIMAL
PELP1,INFEASIBLE,INFEASIBLE,INFEASIBLE,OPTIMAL
ARRB2,INFEASIBLE,INFEASIBLE,OPTIMAL,OPTIMAL
MED11,INFEASIBLE,INFEASIBLE,INFEASIBLE,OPTIMAL
PSMB6,INFEASIBLE,INFEASIBLE,OPTIMAL,OPTIMAL
MINK1,INFEASIBLE,OPTIMAL,OPTIMAL,INFEASIBLE
CHRNE,INFEASIBLE,OPTIMAL,OPTIMAL,OPTIMAL
SLC25A11,INFEASIBLE,INFEASIBLE,OPTIMAL,OPTIMAL
RNF167,INFEASIBLE,OPTIMAL,OPTIMAL,OPTIMAL
PFN1,INFEASIBLE,INFEASIBLE,INFEASIBLE,OPTIMAL
SPAG7,INFEASIBLE,INFEASIBLE,OPTIMAL,OPTIMAL
CAMTA2,INFEASIBLE,INFEASIBLE,OPTIMAL,OPTIMAL
KIF1C,INFEASIBLE,OPTIMAL,OPTIMAL,OPTIMAL
ZNF232,INFEASIBLE,INFEASIBLE,OPTIMAL,OPTIMAL
ZNF594,INFEASIBLE,INFEASIBLE,INFEASIBLE,OPTIMAL
RABEP1,OPTIMAL,OPTIMAL,INFEASIBLE,INFEASIBLE
NUP88,OPTIMAL,OPTIMAL,OPTIMAL,OPTIMAL
RPAIN,INFEASIBLE,INFEASIBLE,INFEASIBLE,OPTIMAL
C1QBP,INFEASIBLE,INFEASIBLE,INFEASIBLE,OPTIMAL
DHX33,OPTIMAL,OPTIMAL,OPTIMAL,OPTIMAL
DERL2,INFEASIBLE,INFEASIBLE,OPTIMAL,OPTIMAL
MIS12,INFEASIBLE,INFEASIBLE,INFEASIBLE,OPTIMAL
WSCD1,INFEASIBLE,OPTIMAL,OPTIMAL,OPTIMAL
PIMREG,INFEASIBLE,OPTIMAL,OPTIMAL,OPTIMAL
KIAA0753,INFEASIBLE,INFEASIBLE,OPTIMAL,OPTIMAL
TXNDC17,INFEASIBLE,INFEASIBLE,INFEASIBLE,OPTIMAL
MED31,INFEASIBLE,INFEASIBLE,INFEASIBLE,OPTIMAL
RNASEK,INFEASIBLE,INFEASIBLE,INFEASIBLE,OPTIMAL
C17orf49,INFEASIBLE,INFEASIBLE,OPTIMAL,OPTIMAL
ACADVL,INFEASIBLE,INFEASIBLE,OPTIMAL,OPTIMAL
DVL2,OPTIMAL,OPTIMAL,OPTIMAL,OPTIMAL
PHF23,INFEASIBLE,INFEASIBLE,INFEASIBLE,OPTIMAL
GABARAP,INFEASIBLE,INFEASIBLE,INFEASIBLE,OPTIMAL
CTDNEP1,INFEASIBLE,INFEASIBLE,OPTIMAL,OPTIMAL
ELP5,INFEASIBLE,INFEASIBLE,OPTIMAL,OPTIMAL
EIF5A,INFEASIBLE,INFEASIBLE,INFEASIBLE,OPTIMAL
GPS2,INFEASIBLE,INFEASIBLE,INFEASIBLE,OPTIMAL
NEURL4,OPTIMAL,OPTIMAL,OPTIMAL,OPTIMAL
TMEM256,INFEASIBLE,INFEASIBLE,OPTIMAL,INFEASIBLE
NLGN2,OPTIMAL,OPTIMAL,OPTIMAL,OPTIMAL
ZBTB4,INFEASIBLE,INFEASIBLE,OPTIMAL,INFEASIBLE
POLR2A,INFEASIBLE,INFEASIBLE,INFEASIBLE,INFEASIBLE
SENP3,INFEASIBLE,OPTIMAL,OPTIMAL,OPTIMAL
EIF4A1,INFEASIBLE,INFEASIBLE,INFEASIBLE,OPTIMAL
MPDU1,INFEASIBLE,INFEASIBLE,OPTIMAL,OPTIMAL
FXR2,INFEASIBLE,OPTIMAL,INFEASIBLE,OPTIMAL
SAT2,INFEASIBLE,INFEASIBLE,OPTIMAL,OPTIMAL
ATP1B2,OPTIMAL,OPTIMAL,OPTIMAL,OPTIMAL
TP53,INFEASIBLE,INFEASIBLE,INFEASIBLE,OPTIMAL
WRAP53,INFEASIBLE,INFEASIBLE,OPTIMAL,OPTIMAL
KDM6B,INFEASIBLE,OPTIMAL,OPTIMAL,OPTIMAL
NAA38,INFEASIBLE,INFEASIBLE,INFEASIBLE,INFEASIBLE
CYB5D1,INFEASIBLE,INFEASIBLE,OPTIMAL,OPTIMAL
CHD3,INFEASIBLE,INFEASIBLE,OPTIMAL,OPTIMAL
TRAPPC1,INFEASIBLE,INFEASIBLE,OPTIMAL,INFEASIBLE
CNTROB,INFEASIBLE,INFEASIBLE,OPTIMAL,OPTIMAL
PER1,INFEASIBLE,INFEASIBLE,OPTIMAL,OPTIMAL
VAMP2,OPTIMAL,OPTIMAL,OPTIMAL,OPTIMAL
TMEM107,INFEASIBLE,OPTIMAL,INFEASIBLE,OPTIMAL
BORCS6,INFEASIBLE,INFEASIBLE,OPTIMAL,OPTIMAL
AURKB,INFEASIBLE,INFEASIBLE,OPTIMAL,INFEASIBLE
CTC1,INFEASIBLE,INFEASIBLE,OPTIMAL,OPTIMAL
PFAS,INFEASIBLE,INFEASIBLE,OPTIMAL,INFEASIBLE
RANGRF,INFEASIBLE,INFEASIBLE,OPTIMAL,OPTIMAL
RPL26,INFEASIBLE,INFEASIBLE,INFEASIBLE,OPTIMAL
NDEL1,OPTIMAL,OPTIMAL,OPTIMAL,OPTIMAL
MYH10,INFEASIBLE,OPTIMAL,INFEASIBLE,OPTIMAL
NTN1,OPTIMAL,OPTIMAL,INFEASIBLE,OPTIMAL
STX8,INFEASIBLE,INFEASIBLE,INFEASIBLE,INFEASIBLE
SCO1,INFEASIBLE,INFEASIBLE,INFEASIBLE,OPTIMAL
DNAH9,INFEASIBLE,OPTIMAL,OPTIMAL,OPTIMAL
MAP2K4,OPTIMAL,OPTIMAL,OPTIMAL,OPTIMAL
ARHGAP44,OPTIMAL,OPTIMAL,OPTIMAL,OPTIMAL
ELAC2,INFEASIBLE,INFEASIBLE,OPTIMAL,OPTIMAL
HS3ST3A1,OPTIMAL,OPTIMAL,INFEASIBLE,INFEASIBLE
COX10,INFEASIBLE,INFEASIBLE,INFEASIBLE,INFEASIBLE
HS3ST3B1,INFEASIBLE,INFEASIBLE,OPTIMAL,OPTIMAL
PMP22,INFEASIBLE,INFEASIBLE,OPTIMAL,OPTIMAL
TVP23C,INFEASIBLE,INFEASIBLE,OPTIMAL,OPTIMAL
TRIM16,INFEASIBLE,OPTIMAL,INFEASIBLE,OPTIMAL
ZNF286A,INFEASIBLE,INFEASIBLE,OPTIMAL,OPTIMAL
ADORA2B,INFEASIBLE,OPTIMAL,OPTIMAL,OPTIMAL
ZSWIM7,INFEASIBLE,OPTIMAL,INFEASIBLE,OPTIMAL
TTC19,INFEASIBLE,INFEASIBLE,OPTIMAL,OPTIMAL
NCOR1,INFEASIBLE,INFEASIBLE,INFEASIBLE,INFEASIBLE
PIGL,INFEASIBLE,INFEASIBLE,OPTIMAL,OPTIMAL
CENPV,INFEASIBLE,INFEASIBLE,OPTIMAL,INFEASIBLE
UBB,INFEASIBLE,INFEASIBLE,OPTIMAL,OPTIMAL
LRRC75A,INFEASIBLE,INFEASIBLE,INFEASIBLE,INFEASIBLE
MPRIP,OPTIMAL,OPTIMAL,OPTIMAL,OPTIMAL
PLD6,INFEASIBLE,INFEASIBLE,INFEASIBLE,OPTIMAL
FLCN,OPTIMAL,OPTIMAL,OPTIMAL,OPTIMAL
COPS3,INFEASIBLE,INFEASIBLE,OPTIMAL,OPTIMAL
NT5M,INFEASIBLE,INFEASIBLE,OPTIMAL,OPTIMAL
MED9,INFEASIBLE,INFEASIBLE,INFEASIBLE,OPTIMAL
PEMT,INFEASIBLE,INFEASIBLE,OPTIMAL,OPTIMAL
RAI1,OPTIMAL,OPTIMAL,INFEASIBLE,OPTIMAL
SREBF1,INFEASIBLE,INFEASIBLE,OPTIMAL,OPTIMAL
TOM1L2,OPTIMAL,OPTIMAL,OPTIMAL,OPTIMAL
ATPAF2,OPTIMAL,OPTIMAL,OPTIMAL,OPTIMAL
GID4,OPTIMAL,OPTIMAL,OPTIMAL,INFEASIBLE
DRG2,OPTIMAL,OPTIMAL,OPTIMAL,OPTIMAL
ALKBH5,INFEASIBLE,INFEASIBLE,INFEASIBLE,OPTIMAL
LLGL1,OPTIMAL,OPTIMAL,OPTIMAL,OPTIMAL
FLII,OPTIMAL,OPTIMAL,OPTIMAL,OPTIMAL
TOP3A,INFEASIBLE,OPTIMAL,INFEASIBLE,OPTIMAL
SMCR8,INFEASIBLE,OPTIMAL,INFEASIBLE,OPTIMAL
SHMT1,INFEASIBLE,INFEASIBLE,INFEASIBLE,OPTIMAL
TVP23B,INFEASIBLE,INFEASIBLE,OPTIMAL,OPTIMAL
PRPSAP2,OPTIMAL,OPTIMAL,INFEASIBLE,INFEASIBLE
EPN2,INFEASIBLE,INFEASIBLE,INFEASIBLE,INFEASIBLE
B9D1,INFEASIBLE,INFEASIBLE,OPTIMAL,OPTIMAL
SLC47A1,OPTIMAL,OPTIMAL,INFEASIBLE,INFEASIBLE
ALDH3A2,INFEASIBLE,INFEASIBLE,OPTIMAL,OPTIMAL
ULK2,OPTIMAL,OPTIMAL,OPTIMAL,INFEASIBLE
AKAP10,INFEASIBLE,INFEASIBLE,OPTIMAL,OPTIMAL
SPECC1,OPTIMAL,OPTIMAL,INFEASIBLE,INFEASIBLE
USP22,INFEASIBLE,INFEASIBLE,INFEASIBLE,INFEASIBLE
DHRS7B,INFEASIBLE,OPTIMAL,INFEASIBLE,INFEASIBLE
TMEM11,INFEASIBLE,INFEASIBLE,OPTIMAL,OPTIMAL
MAP2K3,INFEASIBLE,INFEASIBLE,OPTIMAL,OPTIMAL
KCNJ12,OPTIMAL,OPTIMAL,OPTIMAL,OPTIMAL
WSB1,INFEASIBLE,OPTIMAL,INFEASIBLE,OPTIMAL
KSR1,OPTIMAL,OPTIMAL,INFEASIBLE,OPTIMAL
NLK,INFEASIBLE,INFEASIBLE,INFEASIBLE,INFEASIBLE
TMEM97,INFEASIBLE,INFEASIBLE,OPTIMAL,OPTIMAL
IFT20,INFEASIBLE,INFEASIBLE,INFEASIBLE,OPTIMAL
TNFAIP1,INFEASIBLE,INFEASIBLE,OPTIMAL,OPTIMAL
POLDIP2,INFEASIBLE,INFEASIBLE,OPTIMAL,OPTIMAL
TMEM199,INFEASIBLE,INFEASIBLE,OPTIMAL,OPTIMAL
SARM1,OPTIMAL,OPTIMAL,OPTIMAL,INFEASIBLE
SLC46A1,INFEASIBLE,INFEASIBLE,OPTIMAL,OPTIMAL
RSKR,OPTIMAL,OPTIMAL,INFEASIBLE,OPTIMAL
UNC119,INFEASIBLE,OPTIMAL,OPTIMAL,INFEASIBLE
PIGS,INFEASIBLE,INFEASIBLE,OPTIMAL,OPTIMAL
SPAG5,INFEASIBLE,INFEASIBLE,OPTIMAL,OPTIMAL
BLTP2,INFEASIBLE,OPTIMAL,OPTIMAL,OPTIMAL
SDF2,INFEASIBLE,INFEASIBLE,OPTIMAL,OPTIMAL
SUPT6H,INFEASIBLE,OPTIMAL,INFEASIBLE,OPTIMAL
RAB34,INFEASIBLE,INFEASIBLE,OPTIMAL,OPTIMAL
RPL23A,INFEASIBLE,INFEASIBLE,INFEASIBLE,OPTIMAL
TLCD1,INFEASIBLE,INFEASIBLE,OPTIMAL,OPTIMAL
NEK8,OPTIMAL,OPTIMAL,OPTIMAL,OPTIMAL
TRAF4,INFEASIBLE,INFEASIBLE,OPTIMAL,OPTIMAL
FAM222B,OPTIMAL,OPTIMAL,INFEASIBLE,OPTIMAL
ERAL1,INFEASIBLE,INFEASIBLE,OPTIMAL,OPTIMAL
FLOT2,INFEASIBLE,OPTIMAL,OPTIMAL,OPTIMAL
DHRS13,INFEASIBLE,INFEASIBLE,OPTIMAL,OPTIMAL
PHF12,INFEASIBLE,INFEASIBLE,INFEASIBLE,OPTIMAL
MYO18A,OPTIMAL,OPTIMAL,OPTIMAL,OPTIMAL
NUFIP2,INFEASIBLE,INFEASIBLE,INFEASIBLE,OPTIMAL
TAOK1,OPTIMAL,OPTIMAL,OPTIMAL,OPTIMAL
TP53I13,OPTIMAL,OPTIMAL,OPTIMAL,OPTIMAL
GIT1,OPTIMAL,OPTIMAL,OPTIMAL,OPTIMAL
ANKRD13B,OPTIMAL,OPTIMAL,OPTIMAL,OPTIMAL
SSH2,INFEASIBLE,INFEASIBLE,INFEASIBLE,OPTIMAL
NSRP1,INFEASIBLE,INFEASIBLE,INFEASIBLE,OPTIMAL
BLMH,INFEASIBLE,INFEASIBLE,OPTIMAL,INFEASIBLE
CPD,INFEASIBLE,INFEASIBLE,INFEASIBLE,OPTIMAL
GOSR1,INFEASIBLE,INFEASIBLE,OPTIMAL,OPTIMAL
CRLF3,OPTIMAL,OPTIMAL,OPTIMAL,OPTIMAL
ATAD5,INFEASIBLE,INFEASIBLE,OPTIMAL,INFEASIBLE
TEFM,INFEASIBLE,INFEASIBLE,OPTIMAL,OPTIMAL
ADAP2,INFEASIBLE,INFEASIBLE,OPTIMAL,OPTIMAL
RNF135,INFEASIBLE,INFEASIBLE,OPTIMAL,OPTIMAL
NF1,OPTIMAL,OPTIMAL,INFEASIBLE,INFEASIBLE
OMG,OPTIMAL,OPTIMAL,OPTIMAL,INFEASIBLE
RAB11FIP4,OPTIMAL,OPTIMAL,OPTIMAL,OPTIMAL
COPRS,INFEASIBLE,INFEASIBLE,OPTIMAL,OPTIMAL
UTP6,INFEASIBLE,INFEASIBLE,OPTIMAL,OPTIMAL
SUZ12,INFEASIBLE,INFEASIBLE,INFEASIBLE,OPTIMAL
LRRC37B,INFEASIBLE,INFEASIBLE,INFEASIBLE,OPTIMAL
RHOT1,OPTIMAL,OPTIMAL,OPTIMAL,OPTIMAL
RHBDL3,OPTIMAL,OPTIMAL,OPTIMAL,OPTIMAL
C17orf75,INFEASIBLE,INFEASIBLE,OPTIMAL,OPTIMAL
ZNF207,INFEASIBLE,INFEASIBLE,INFEASIBLE,INFEASIBLE
PSMD11,INFEASIBLE,INFEASIBLE,INFEASIBLE,OPTIMAL
MYO1D,OPTIMAL,OPTIMAL,OPTIMAL,OPTIMAL
TMEM98,INFEASIBLE,OPTIMAL,OPTIMAL,OPTIMAL
ZNF830,INFEASIBLE,OPTIMAL,OPTIMAL,INFEASIBLE
LIG3,INFEASIBLE,INFEASIBLE,OPTIMAL,OPTIMAL
RFFL,INFEASIBLE,INFEASIBLE,INFEASIBLE,OPTIMAL
RAD51D,OPTIMAL,OPTIMAL,OPTIMAL,OPTIMAL
NLE1,INFEASIBLE,OPTIMAL,OPTIMAL,OPTIMAL
AP2B1,INFEASIBLE,INFEASIBLE,OPTIMAL,OPTIMAL
RASL10B,OPTIMAL,OPTIMAL,OPTIMAL,OPTIMAL
TAF15,INFEASIBLE,INFEASIBLE,INFEASIBLE,INFEASIBLE
RDM1,INFEASIBLE,INFEASIBLE,OPTIMAL,OPTIMAL
ZNHIT3,INFEASIBLE,INFEASIBLE,OPTIMAL,OPTIMAL
MYO19,OPTIMAL,OPTIMAL,INFEASIBLE,INFEASIBLE
PIGW,INFEASIBLE,INFEASIBLE,OPTIMAL,INFEASIBLE
GGNBP2,OPTIMAL,OPTIMAL,OPTIMAL,OPTIMAL
DHRS11,INFEASIBLE,INFEASIBLE,OPTIMAL,OPTIMAL
MRM1,INFEASIBLE,OPTIMAL,OPTIMAL,OPTIMAL
LHX1,INFEASIBLE,OPTIMAL,OPTIMAL,OPTIMAL
AATF,INFEASIBLE,OPTIMAL,INFEASIBLE,INFEASIBLE
ACACA,INFEASIBLE,OPTIMAL,INFEASIBLE,INFEASIBLE
TADA2A,INFEASIBLE,INFEASIBLE,OPTIMAL,OPTIMAL
DUSP14,INFEASIBLE,INFEASIBLE,OPTIMAL,OPTIMAL
SYNRG,INFEASIBLE,INFEASIBLE,OPTIMAL,OPTIMAL
DDX52,OPTIMAL,OPTIMAL,OPTIMAL,OPTIMAL
MRPL45,INFEASIBLE,OPTIMAL,OPTIMAL,INFEASIBLE
SOCS7,INFEASIBLE,INFEASIBLE,INFEASIBLE,OPTIMAL
MLLT6,OPTIMAL,OPTIMAL,OPTIMAL,OPTIMAL
CISD3,INFEASIBLE,INFEASIBLE,OPTIMAL,OPTIMAL
PCGF2,INFEASIBLE,OPTIMAL,OPTIMAL,INFEASIBLE
PSMB3,INFEASIBLE,INFEASIBLE,OPTIMAL,OPTIMAL
PIP4K2B,OPTIMAL,OPTIMAL,OPTIMAL,OPTIMAL
CWC25,INFEASIBLE,INFEASIBLE,OPTIMAL,OPTIMAL
RPL23,INFEASIBLE,INFEASIBLE,INFEASIBLE,OPTIMAL
LASP1,INFEASIBLE,INFEASIBLE,OPTIMAL,OPTIMAL
RPL19,INFEASIBLE,INFEASIBLE,OPTIMAL,OPTIMAL
FBXL20,INFEASIBLE,OPTIMAL,INFEASIBLE,INFEASIBLE
MED1,INFEASIBLE,OPTIMAL,OPTIMAL,OPTIMAL
CDK12,INFEASIBLE,INFEASIBLE,INFEASIBLE,INFEASIBLE
STARD3,INFEASIBLE,INFEASIBLE,OPTIMAL,OPTIMAL
ERBB2,OPTIMAL,OPTIMAL,OPTIMAL,OPTIMAL
MIEN1,INFEASIBLE,INFEASIBLE,OPTIMAL,OPTIMAL
IKZF3,OPTIMAL,OPTIMAL,OPTIMAL,OPTIMAL
ORMDL3,INFEASIBLE,INFEASIBLE,OPTIMAL,OPTIMAL
PSMD3,INFEASIBLE,INFEASIBLE,OPTIMAL,OPTIMAL
MED24,INFEASIBLE,OPTIMAL,OPTIMAL,INFEASIBLE
THRA,OPTIMAL,OPTIMAL,INFEASIBLE,OPTIMAL
MSL1,OPTIMAL,OPTIMAL,OPTIMAL,OPTIMAL
CASC3,INFEASIBLE,INFEASIBLE,INFEASIBLE,OPTIMAL
WIPF2,OPTIMAL,OPTIMAL,OPTIMAL,OPTIMAL
CDC6,INFEASIBLE,INFEASIBLE,OPTIMAL,INFEASIBLE
RARA,INFEASIBLE,INFEASIBLE,INFEASIBLE,OPTIMAL
TOP2A,INFEASIBLE,OPTIMAL,INFEASIBLE,OPTIMAL
SMARCE1,INFEASIBLE,INFEASIBLE,OPTIMAL,OPTIMAL
KRT10,INFEASIBLE,INFEASIBLE,INFEASIBLE,OPTIMAL
EIF1,INFEASIBLE,INFEASIBLE,INFEASIBLE,OPTIMAL
JUP,INFEASIBLE,INFEASIBLE,OPTIMAL,INFEASIBLE
P3H4,INFEASIBLE,INFEASIBLE,OPTIMAL,OPTIMAL
FKBP10,INFEASIBLE,OPTIMAL,OPTIMAL,OPTIMAL
NT5C3B,INFEASIBLE,INFEASIBLE,OPTIMAL,OPTIMAL
KLHL11,OPTIMAL,OPTIMAL,OPTIMAL,OPTIMAL
ACLY,INFEASIBLE,OPTIMAL,INFEASIBLE,OPTIMAL
CNP,INFEASIBLE,OPTIMAL,OPTIMAL,INFEASIBLE
DNAJC7,INFEASIBLE,OPTIMAL,OPTIMAL,OPTIMAL
NKIRAS2,INFEASIBLE,INFEASIBLE,OPTIMAL,INFEASIBLE
KAT2A,INFEASIBLE,OPTIMAL,OPTIMAL,OPTIMAL
RAB5C,INFEASIBLE,OPTIMAL,OPTIMAL,OPTIMAL
STAT5B,OPTIMAL,OPTIMAL,OPTIMAL,OPTIMAL
STAT3,OPTIMAL,OPTIMAL,OPTIMAL,OPTIMAL
ATP6V0A1,INFEASIBLE,OPTIMAL,OPTIMAL,OPTIMAL
NAGLU,OPTIMAL,OPTIMAL,OPTIMAL,OPTIMAL
COASY,INFEASIBLE,INFEASIBLE,OPTIMAL,OPTIMAL
MLX,INFEASIBLE,INFEASIBLE,OPTIMAL,INFEASIBLE
PSMC3IP,INFEASIBLE,INFEASIBLE,OPTIMAL,INFEASIBLE
RETREG3,INFEASIBLE,INFEASIBLE,INFEASIBLE,OPTIMAL
TUBG1,INFEASIBLE,INFEASIBLE,OPTIMAL,OPTIMAL
PLEKHH3,INFEASIBLE,INFEASIBLE,OPTIMAL,OPTIMAL
EZH1,INFEASIBLE,INFEASIBLE,OPTIMAL,OPTIMAL
RAMP2,INFEASIBLE,INFEASIBLE,INFEASIBLE,OPTIMAL
VPS25,INFEASIBLE,INFEASIBLE,OPTIMAL,OPTIMAL
COA3,INFEASIBLE,INFEASIBLE,OPTIMAL,OPTIMAL
BECN1,INFEASIBLE,INFEASIBLE,OPTIMAL,OPTIMAL
PSME3,INFEASIBLE,INFEASIBLE,INFEASIBLE,OPTIMAL
AARSD1,OPTIMAL,OPTIMAL,OPTIMAL,OPTIMAL
RUNDC1,INFEASIBLE,OPTIMAL,OPTIMAL,OPTIMAL
RPL27,INFEASIBLE,INFEASIBLE,OPTIMAL,OPTIMAL
VAT1,OPTIMAL,OPTIMAL,INFEASIBLE,OPTIMAL
RND2,INFEASIBLE,OPTIMAL,OPTIMAL,OPTIMAL
BRCA1,INFEASIBLE,OPTIMAL,INFEASIBLE,INFEASIBLE
NBR1,INFEASIBLE,INFEASIBLE,INFEASIBLE,INFEASIBLE
CCDC200,INFEASIBLE,OPTIMAL,OPTIMAL,OPTIMAL
ARL4D,INFEASIBLE,OPTIMAL,OPTIMAL,OPTIMAL
DHX8,OPTIMAL,OPTIMAL,INFEASIBLE,OPTIMAL
DUSP3,INFEASIBLE,INFEASIBLE,OPTIMAL,OPTIMAL
MPP3,INFEASIBLE,INFEASIBLE,INFEASIBLE,OPTIMAL
MPP2,INFEASIBLE,INFEASIBLE,OPTIMAL,OPTIMAL
TMEM101,INFEASIBLE,INFEASIBLE,OPTIMAL,OPTIMAL
LSM12,INFEASIBLE,INFEASIBLE,INFEASIBLE,INFEASIBLE
G6PC3,INFEASIBLE,INFEASIBLE,OPTIMAL,INFEASIBLE
HDAC5,OPTIMAL,OPTIMAL,OPTIMAL,OPTIMAL
HROB,INFEASIBLE,INFEASIBLE,OPTIMAL,OPTIMAL
TMUB2,INFEASIBLE,INFEASIBLE,OPTIMAL,OPTIMAL
ATXN7L3,OPTIMAL,OPTIMAL,OPTIMAL,OPTIMAL
UBTF,OPTIMAL,OPTIMAL,INFEASIBLE,INFEASIBLE
SLC25A39,INFEASIBLE,INFEASIBLE,INFEASIBLE,OPTIMAL
GRN,INFEASIBLE,INFEASIBLE,INFEASIBLE,OPTIMAL
GPATCH8,OPTIMAL,OPTIMAL,INFEASIBLE,OPTIMAL
MEIOC,OPTIMAL,OPTIMAL,INFEASIBLE,OPTIMAL
CCDC43,INFEASIBLE,INFEASIBLE,INFEASIBLE,OPTIMAL
DBF4B,INFEASIBLE,INFEASIBLE,INFEASIBLE,INFEASIBLE
ADAM11,INFEASIBLE,OPTIMAL,OPTIMAL,OPTIMAL
GJC1,OPTIMAL,OPTIMAL,OPTIMAL,OPTIMAL
EFTUD2,INFEASIBLE,INFEASIBLE,OPTIMAL,OPTIMAL
KIF18B,INFEASIBLE,INFEASIBLE,INFEASIBLE,INFEASIBLE
NMT1,OPTIMAL,OPTIMAL,OPTIMAL,OPTIMAL
DCAKD,INFEASIBLE,OPTIMAL,INFEASIBLE,INFEASIBLE
PLCD3,OPTIMAL,OPTIMAL,OPTIMAL,OPTIMAL
HEXIM1,INFEASIBLE,INFEASIBLE,OPTIMAL,OPTIMAL
MAP3K14,INFEASIBLE,INFEASIBLE,OPTIMAL,OPTIMAL
PLEKHM1,OPTIMAL,OPTIMAL,INFEASIBLE,OPTIMAL
MAPT,INFEASIBLE,OPTIMAL,OPTIMAL,INFEASIBLE
KANSL1,INFEASIBLE,OPTIMAL,INFEASIBLE,INFEASIBLE
ARL17B,OPTIMAL,OPTIMAL,OPTIMAL,OPTIMAL
ARL17A,OPTIMAL,OPTIMAL,OPTIMAL,INFEASIBLE
LRRC37A2,INFEASIBLE,INFEASIBLE,INFEASIBLE,INFEASIBLE
NSF,OPTIMAL,OPTIMAL,OPTIMAL,INFEASIBLE
GOSR2,INFEASIBLE,INFEASIBLE,OPTIMAL,OPTIMAL
RPRML,INFEASIBLE,INFEASIBLE,OPTIMAL,OPTIMAL
CDC27,INFEASIBLE,INFEASIBLE,OPTIMAL,OPTIMAL
NPEPPS,INFEASIBLE,INFEASIBLE,INFEASIBLE,OPTIMAL
KPNB1,INFEASIBLE,OPTIMAL,INFEASIBLE,INFEASIBLE
TBKBP1,OPTIMAL,OPTIMAL,OPTIMAL,OPTIMAL
MRPL10,INFEASIBLE,INFEASIBLE,OPTIMAL,OPTIMAL
SCRN2,INFEASIBLE,INFEASIBLE,OPTIMAL,OPTIMAL
SP2,INFEASIBLE,OPTIMAL,OPTIMAL,OPTIMAL
PNPO,INFEASIBLE,INFEASIBLE,OPTIMAL,INFEASIBLE
CDK5RAP3,OPTIMAL,OPTIMAL,OPTIMAL,OPTIMAL
NFE2L1,INFEASIBLE,INFEASIBLE,OPTIMAL,OPTIMAL
CBX1,INFEASIBLE,INFEASIBLE,OPTIMAL,OPTIMAL
SNX11,INFEASIBLE,INFEASIBLE,OPTIMAL,OPTIMAL
HOXB2,OPTIMAL,OPTIMAL,OPTIMAL,OPTIMAL
HOXB3,OPTIMAL,OPTIMAL,INFEASIBLE,OPTIMAL
HOXB6,INFEASIBLE,INFEASIBLE,OPTIMAL,OPTIMAL
HOXB7,INFEASIBLE,INFEASIBLE,INFEASIBLE,OPTIMAL
HOXB8,INFEASIBLE,INFEASIBLE,INFEASIBLE,OPTIMAL
HOXB9,INFEASIBLE,OPTIMAL,OPTIMAL,OPTIMAL
CALCOCO2,INFEASIBLE,INFEASIBLE,OPTIMAL,INFEASIBLE
ATP5MC1,INFEASIBLE,INFEASIBLE,OPTIMAL,OPTIMAL
UBE2Z,INFEASIBLE,OPTIMAL,OPTIMAL,OPTIMAL
SNF8,INFEASIBLE,INFEASIBLE,OPTIMAL,OPTIMAL
IGF2BP1,OPTIMAL,OPTIMAL,OPTIMAL,OPTIMAL
ZNF652,INFEASIBLE,INFEASIBLE,INFEASIBLE,OPTIMAL
PHB1,INFEASIBLE,INFEASIBLE,OPTIMAL,OPTIMAL
SPOP,INFEASIBLE,INFEASIBLE,OPTIMAL,OPTIMAL
SLC35B1,INFEASIBLE,INFEASIBLE,OPTIMAL,OPTIMAL
FAM117A,OPTIMAL,INFEASIBLE,OPTIMAL,OPTIMAL
KAT7,INFEASIBLE,INFEASIBLE,OPTIMAL,OPTIMAL
PDK2,INFEASIBLE,INFEASIBLE,OPTIMAL,OPTIMAL
PPP1R9B,OPTIMAL,OPTIMAL,OPTIMAL,OPTIMAL
XYLT2,INFEASIBLE,INFEASIBLE,OPTIMAL,INFEASIBLE
MRPL27,INFEASIBLE,INFEASIBLE,OPTIMAL,OPTIMAL
EME1,INFEASIBLE,OPTIMAL,OPTIMAL,OPTIMAL
LRRC59,INFEASIBLE,INFEASIBLE,OPTIMAL,OPTIMAL
RSAD1,INFEASIBLE,INFEASIBLE,OPTIMAL,OPTIMAL
ANKRD40,INFEASIBLE,INFEASIBLE,INFEASIBLE,OPTIMAL
LUC7L3,INFEASIBLE,INFEASIBLE,OPTIMAL,OPTIMAL
TOB1,INFEASIBLE,INFEASIBLE,INFEASIBLE,OPTIMAL
SPAG9,INFEASIBLE,INFEASIBLE,INFEASIBLE,INFEASIBLE
NME1,INFEASIBLE,INFEASIBLE,OPTIMAL,OPTIMAL
NME2,INFEASIBLE,INFEASIBLE,INFEASIBLE,OPTIMAL
MBTD1,INFEASIBLE,INFEASIBLE,OPTIMAL,INFEASIBLE
UTP18,OPTIMAL,OPTIMAL,OPTIMAL,OPTIMAL
TOM1L1,OPTIMAL,OPTIMAL,OPTIMAL,OPTIMAL
COX11,INFEASIBLE,INFEASIBLE,INFEASIBLE,OPTIMAL
STXBP4,INFEASIBLE,INFEASIBLE,INFEASIBLE,INFEASIBLE
MMD,INFEASIBLE,OPTIMAL,OPTIMAL,OPTIMAL
PCTP,INFEASIBLE,OPTIMAL,OPTIMAL,OPTIMAL
NOG,INFEASIBLE,INFEASIBLE,OPTIMAL,OPTIMAL
C17orf67,INFEASIBLE,INFEASIBLE,INFEASIBLE,OPTIMAL
DGKE,INFEASIBLE,INFEASIBLE,OPTIMAL,OPTIMAL
TRIM25,INFEASIBLE,INFEASIBLE,OPTIMAL,OPTIMAL
COIL,INFEASIBLE,INFEASIBLE,OPTIMAL,OPTIMAL
SCPEP1,INFEASIBLE,OPTIMAL,OPTIMAL,OPTIMAL
AKAP1,OPTIMAL,OPTIMAL,OPTIMAL,INFEASIBLE
MSI2,OPTIMAL,OPTIMAL,INFEASIBLE,OPTIMAL
MRPS23,INFEASIBLE,INFEASIBLE,INFEASIBLE,OPTIMAL
CUEDC1,INFEASIBLE,OPTIMAL,INFEASIBLE,OPTIMAL
VEZF1,OPTIMAL,OPTIMAL,OPTIMAL,OPTIMAL
SRSF1,INFEASIBLE,INFEASIBLE,OPTIMAL,INFEASIBLE
DYNLL2,INFEASIBLE,OPTIMAL,OPTIMAL,OPTIMAL
MKS1,INFEASIBLE,OPTIMAL,OPTIMAL,OPTIMAL
SUPT4H1,INFEASIBLE,INFEASIBLE,OPTIMAL,OPTIMAL
RNF43,INFEASIBLE,INFEASIBLE,OPTIMAL,OPTIMAL
MTMR4,OPTIMAL,OPTIMAL,INFEASIBLE,OPTIMAL
TEX14,INFEASIBLE,INFEASIBLE,INFEASIBLE,OPTIMAL
RAD51C,INFEASIBLE,OPTIMAL,OPTIMAL,OPTIMAL
PPM1E,INFEASIBLE,INFEASIBLE,INFEASIBLE,INFEASIBLE
TRIM37,INFEASIBLE,INFEASIBLE,OPTIMAL,OPTIMAL
SKA2,INFEASIBLE,INFEASIBLE,INFEASIBLE,OPTIMAL
PRR11,INFEASIBLE,OPTIMAL,INFEASIBLE,OPTIMAL
SMG8,INFEASIBLE,INFEASIBLE,OPTIMAL,INFEASIBLE
GDPD1,OPTIMAL,OPTIMAL,OPTIMAL,OPTIMAL
DHX40,INFEASIBLE,INFEASIBLE,OPTIMAL,INFEASIBLE
CLTC,INFEASIBLE,INFEASIBLE,INFEASIBLE,INFEASIBLE
PTRH2,INFEASIBLE,INFEASIBLE,OPTIMAL,OPTIMAL
VMP1,INFEASIBLE,INFEASIBLE,OPTIMAL,INFEASIBLE
TUBD1,INFEASIBLE,INFEASIBLE,INFEASIBLE,OPTIMAL
RPS6KB1,INFEASIBLE,OPTIMAL,INFEASIBLE,OPTIMAL
RNFT1,INFEASIBLE,OPTIMAL,INFEASIBLE,INFEASIBLE
HEATR6,INFEASIBLE,OPTIMAL,OPTIMAL,INFEASIBLE
USP32,INFEASIBLE,OPTIMAL,INFEASIBLE,OPTIMAL
APPBP2,INFEASIBLE,OPTIMAL,INFEASIBLE,OPTIMAL
PPM1D,INFEASIBLE,OPTIMAL,INFEASIBLE,INFEASIBLE
BCAS3,OPTIMAL,OPTIMAL,OPTIMAL,INFEASIBLE
TBX2,OPTIMAL,OPTIMAL,OPTIMAL,OPTIMAL
BRIP1,INFEASIBLE,OPTIMAL,INFEASIBLE,INFEASIBLE
INTS2,OPTIMAL,OPTIMAL,INFEASIBLE,OPTIMAL
MED13,INFEASIBLE,INFEASIBLE,INFEASIBLE,INFEASIBLE
METTL2A,INFEASIBLE,INFEASIBLE,INFEASIBLE,OPTIMAL
TLK2,OPTIMAL,OPTIMAL,OPTIMAL,OPTIMAL
MRC2,INFEASIBLE,OPTIMAL,INFEASIBLE,OPTIMAL
TANC2,INFEASIBLE,INFEASIBLE,INFEASIBLE,OPTIMAL
DCAF7,INFEASIBLE,OPTIMAL,OPTIMAL,INFEASIBLE
TACO1,INFEASIBLE,INFEASIBLE,OPTIMAL,OPTIMAL
MAP3K3,OPTIMAL,OPTIMAL,OPTIMAL,OPTIMAL
STRADA,INFEASIBLE,OPTIMAL,INFEASIBLE,INFEASIBLE
LIMD2,INFEASIBLE,OPTIMAL,OPTIMAL,OPTIMAL
CCDC47,INFEASIBLE,INFEASIBLE,INFEASIBLE,OPTIMAL
DDX42,INFEASIBLE,INFEASIBLE,INFEASIBLE,INFEASIBLE
FTSJ3,INFEASIBLE,INFEASIBLE,OPTIMAL,OPTIMAL
PSMC5,INFEASIBLE,INFEASIBLE,OPTIMAL,OPTIMAL
SMARCD2,OPTIMAL,OPTIMAL,OPTIMAL,OPTIMAL
ERN1,OPTIMAL,OPTIMAL,OPTIMAL,OPTIMAL
TEX2,OPTIMAL,OPTIMAL,OPTIMAL,OPTIMAL
POLG2,INFEASIBLE,INFEASIBLE,INFEASIBLE,INFEASIBLE
DDX5,INFEASIBLE,INFEASIBLE,OPTIMAL,OPTIMAL
CEP95,INFEASIBLE,INFEASIBLE,OPTIMAL,OPTIMAL
SMURF2,OPTIMAL,OPTIMAL,INFEASIBLE,OPTIMAL
LRRC37A3,OPTIMAL,OPTIMAL,OPTIMAL,OPTIMAL
GNA13,INFEASIBLE,OPTIMAL,OPTIMAL,OPTIMAL
RGS9,INFEASIBLE,INFEASIBLE,OPTIMAL,OPTIMAL
CEP112,OPTIMAL,OPTIMAL,OPTIMAL,OPTIMAL
PRKCA,OPTIMAL,OPTIMAL,OPTIMAL,INFEASIBLE
HELZ,INFEASIBLE,OPTIMAL,INFEASIBLE,OPTIMAL
PSMD12,INFEASIBLE,INFEASIBLE,OPTIMAL,OPTIMAL
PITPNC1,OPTIMAL,OPTIMAL,OPTIMAL,OPTIMAL
NOL11,INFEASIBLE,OPTIMAL,OPTIMAL,INFEASIBLE
BPTF,OPTIMAL,OPTIMAL,INFEASIBLE,OPTIMAL
C17orf58,INFEASIBLE,INFEASIBLE,OPTIMAL,OPTIMAL
KPNA2,INFEASIBLE,INFEASIBLE,INFEASIBLE,OPTIMAL
AMZ2,INFEASIBLE,INFEASIBLE,OPTIMAL,OPTIMAL
ARSG,INFEASIBLE,OPTIMAL,INFEASIBLE,INFEASIBLE
PRKAR1A,INFEASIBLE,INFEASIBLE,OPTIMAL,OPTIMAL
ABCA5,INFEASIBLE,OPTIMAL,OPTIMAL,OPTIMAL
MAP2K6,OPTIMAL,OPTIMAL,OPTIMAL,OPTIMAL
SLC39A11,OPTIMAL,OPTIMAL,INFEASIBLE,OPTIMAL
SSTR2,INFEASIBLE,OPTIMAL,OPTIMAL,OPTIMAL
COG1,INFEASIBLE,INFEASIBLE,OPTIMAL,OPTIMAL
FAM104A,INFEASIBLE,OPTIMAL,INFEASIBLE,OPTIMAL
C17orf80,INFEASIBLE,INFEASIBLE,INFEASIBLE,OPTIMAL
CDC42EP4,OPTIMAL,OPTIMAL,OPTIMAL,OPTIMAL
SDK2,OPTIMAL,OPTIMAL,INFEASIBLE,OPTIMAL
RPL38,INFEASIBLE,INFEASIBLE,OPTIMAL,OPTIMAL
NHERF1,INFEASIBLE,INFEASIBLE,OPTIMAL,OPTIMAL
NAT9,INFEASIBLE,INFEASIBLE,OPTIMAL,OPTIMAL
TMEM104,INFEASIBLE,INFEASIBLE,OPTIMAL,OPTIMAL
CDR2L,INFEASIBLE,OPTIMAL,OPTIMAL,OPTIMAL
MRPL58,INFEASIBLE,INFEASIBLE,OPTIMAL,OPTIMAL
KCTD2,INFEASIBLE,INFEASIBLE,OPTIMAL,INFEASIBLE
ATP5PD,INFEASIBLE,INFEASIBLE,OPTIMAL,OPTIMAL
ARMC7,INFEASIBLE,INFEASIBLE,INFEASIBLE,INFEASIBLE
NT5C,INFEASIBLE,INFEASIBLE,OPTIMAL,OPTIMAL
JPT1,INFEASIBLE,INFEASIBLE,INFEASIBLE,OPTIMAL
SUMO2,INFEASIBLE,INFEASIBLE,INFEASIBLE,INFEASIBLE
NUP85,INFEASIBLE,OPTIMAL,INFEASIBLE,OPTIMAL
GGA3,OPTIMAL,OPTIMAL,OPTIMAL,OPTIMAL
MRPS7,INFEASIBLE,INFEASIBLE,INFEASIBLE,OPTIMAL
MIF4GD,OPTIMAL,OPTIMAL,OPTIMAL,OPTIMAL
SLC25A19,OPTIMAL,OPTIMAL,OPTIMAL,OPTIMAL
GRB2,INFEASIBLE,OPTIMAL,INFEASIBLE,INFEASIBLE
TMEM94,OPTIMAL,OPTIMAL,OPTIMAL,OPTIMAL
TSEN54,INFEASIBLE,OPTIMAL,OPTIMAL,OPTIMAL
LLGL2,OPTIMAL,OPTIMAL,OPTIMAL,OPTIMAL
RECQL5,INFEASIBLE,INFEASIBLE,INFEASIBLE,INFEASIBLE
SAP30BP,INFEASIBLE,INFEASIBLE,INFEASIBLE,INFEASIBLE
GALK1,INFEASIBLE,OPTIMAL,OPTIMAL,OPTIMAL
UNK,INFEASIBLE,OPTIMAL,INFEASIBLE,INFEASIBLE
WBP2,INFEASIBLE,INFEASIBLE,OPTIMAL,OPTIMAL
TRIM65,INFEASIBLE,OPTIMAL,OPTIMAL,OPTIMAL
MRPL38,INFEASIBLE,INFEASIBLE,OPTIMAL,OPTIMAL
FBF1,INFEASIBLE,INFEASIBLE,OPTIMAL,OPTIMAL
ACOX1,INFEASIBLE,INFEASIBLE,INFEASIBLE,OPTIMAL
TEN1,INFEASIBLE,INFEASIBLE,OPTIMAL,OPTIMAL
SRP68,INFEASIBLE,OPTIMAL,OPTIMAL,OPTIMAL
EXOC7,OPTIMAL,OPTIMAL,OPTIMAL,OPTIMAL
RNF157,INFEASIBLE,OPTIMAL,OPTIMAL,OPTIMAL
UBALD2,INFEASIBLE,INFEASIBLE,OPTIMAL,OPTIMAL
QRICH2,OPTIMAL,OPTIMAL,OPTIMAL,OPTIMAL
PRPSAP1,OPTIMAL,OPTIMAL,OPTIMAL,OPTIMAL
SPHK1,INFEASIBLE,INFEASIBLE,OPTIMAL,OPTIMAL
UBE2O,INFEASIBLE,OPTIMAL,OPTIMAL,OPTIMAL
RHBDF2,OPTIMAL,OPTIMAL,OPTIMAL,OPTIMAL
ENSG00000284526,INFEASIBLE,OPTIMAL,INFEASIBLE,INFEASIBLE
MXRA7,OPTIMAL,OPTIMAL,OPTIMAL,INFEASIBLE
JMJD6,INFEASIBLE,INFEASIBLE,OPTIMAL,OPTIMAL
METTL23,INFEASIBLE,INFEASIBLE,INFEASIBLE,OPTIMAL
SRSF2,INFEASIBLE,INFEASIBLE,OPTIMAL,OPTIMAL
MFSD11,INFEASIBLE,OPTIMAL,INFEASIBLE,OPTIMAL
SEC14L1,INFEASIBLE,INFEASIBLE,OPTIMAL,INFEASIBLE
SEPTIN9,OPTIMAL,OPTIMAL,OPTIMAL,OPTIMAL
TNRC6C,OPTIMAL,OPTIMAL,OPTIMAL,OPTIMAL
SYNGR2,INFEASIBLE,INFEASIBLE,OPTIMAL,OPTIMAL
TK1,INFEASIBLE,INFEASIBLE,OPTIMAL,OPTIMAL
AFMID,INFEASIBLE,INFEASIBLE,INFEASIBLE,OPTIMAL
BIRC5,INFEASIBLE,INFEASIBLE,OPTIMAL,OPTIMAL
PGS1,INFEASIBLE,OPTIMAL,OPTIMAL,OPTIMAL
CYTH1,OPTIMAL,OPTIMAL,OPTIMAL,OPTIMAL
USP36,INFEASIBLE,OPTIMAL,OPTIMAL,OPTIMAL
TIMP2,OPTIMAL,OPTIMAL,OPTIMAL,OPTIMAL
CANT1,INFEASIBLE,INFEASIBLE,OPTIMAL,OPTIMAL
ENGASE,OPTIMAL,OPTIMAL,OPTIMAL,OPTIMAL
CBX2,OPTIMAL,OPTIMAL,OPTIMAL,OPTIMAL
CBX8,INFEASIBLE,INFEASIBLE,OPTIMAL,OPTIMAL
CBX4,INFEASIBLE,OPTIMAL,INFEASIBLE,OPTIMAL
TBC1D16,OPTIMAL,OPTIMAL,OPTIMAL,OPTIMAL
GAA,INFEASIBLE,INFEASIBLE,OPTIMAL,OPTIMAL
EIF4A3,INFEASIBLE,INFEASIBLE,INFEASIBLE,INFEASIBLE
SLC26A11,INFEASIBLE,OPTIMAL,OPTIMAL,OPTIMAL
RNF213,OPTIMAL,OPTIMAL,OPTIMAL,OPTIMAL
ENDOV,INFEASIBLE,INFEASIBLE,OPTIMAL,OPTIMAL
NPTX1,INFEASIBLE,OPTIMAL,OPTIMAL,OPTIMAL
RPTOR,INFEASIBLE,OPTIMAL,OPTIMAL,INFEASIBLE
CHMP6,INFEASIBLE,INFEASIBLE,OPTIMAL,OPTIMAL
BAIAP2,OPTIMAL,OPTIMAL,OPTIMAL,OPTIMAL
CEP131,OPTIMAL,OPTIMAL,OPTIMAL,OPTIMAL
NDUFAF8,INFEASIBLE,INFEASIBLE,INFEASIBLE,INFEASIBLE
SLC38A10,OPTIMAL,OPTIMAL,OPTIMAL,INFEASIBLE
BAHCC1,OPTIMAL,OPTIMAL,OPTIMAL,OPTIMAL
ACTG1,INFEASIBLE,INFEASIBLE,OPTIMAL,OPTIMAL
FAAP100,OPTIMAL,OPTIMAL,OPTIMAL,OPTIMAL
NPLOC4,INFEASIBLE,OPTIMAL,INFEASIBLE,INFEASIBLE
OXLD1,INFEASIBLE,INFEASIBLE,OPTIMAL,OPTIMAL
CCDC137,INFEASIBLE,INFEASIBLE,INFEASIBLE,OPTIMAL
ARL16,INFEASIBLE,INFEASIBLE,OPTIMAL,OPTIMAL
HGS,INFEASIBLE,INFEASIBLE,INFEASIBLE,OPTIMAL
MRPL12,INFEASIBLE,INFEASIBLE,INFEASIBLE,OPTIMAL
SLC25A10,INFEASIBLE,INFEASIBLE,OPTIMAL,OPTIMAL
MCRIP1,OPTIMAL,OPTIMAL,OPTIMAL,OPTIMAL
P4HB,INFEASIBLE,INFEASIBLE,INFEASIBLE,INFEASIBLE
ARHGDIA,INFEASIBLE,OPTIMAL,OPTIMAL,INFEASIBLE
ALYREF,INFEASIBLE,INFEASIBLE,OPTIMAL,OPTIMAL
ANAPC11,INFEASIBLE,INFEASIBLE,OPTIMAL,OPTIMAL
PCYT2,OPTIMAL,OPTIMAL,OPTIMAL,OPTIMAL
MAFG,OPTIMAL,OPTIMAL,INFEASIBLE,INFEASIBLE
PYCR1,INFEASIBLE,INFEASIBLE,OPTIMAL,OPTIMAL
ASPSCR1,INFEASIBLE,OPTIMAL,OPTIMAL,OPTIMAL
CENPX,INFEASIBLE,INFEASIBLE,INFEASIBLE,INFEASIBLE
LRRC45,OPTIMAL,OPTIMAL,OPTIMAL,OPTIMAL
RAC3,INFEASIBLE,INFEASIBLE,OPTIMAL,OPTIMAL
DCXR,INFEASIBLE,INFEASIBLE,OPTIMAL,OPTIMAL
RFNG,OPTIMAL,OPTIMAL,OPTIMAL,OPTIMAL
GPS1,OPTIMAL,OPTIMAL,OPTIMAL,INFEASIBLE
DUS1L,INFEASIBLE,INFEASIBLE,INFEASIBLE,OPTIMAL
FASN,INFEASIBLE,OPTIMAL,OPTIMAL,INFEASIBLE
CCDC57,INFEASIBLE,INFEASIBLE,OPTIMAL,INFEASIBLE
SLC16A3,OPTIMAL,OPTIMAL,INFEASIBLE,OPTIMAL
CSNK1D,INFEASIBLE,INFEASIBLE,INFEASIBLE,OPTIMAL
OGFOD3,INFEASIBLE,OPTIMAL,OPTIMAL,OPTIMAL
HEXD,INFEASIBLE,INFEASIBLE,OPTIMAL,OPTIMAL
CYBC1,INFEASIBLE,INFEASIBLE,OPTIMAL,OPTIMAL
NARF,INFEASIBLE,OPTIMAL,OPTIMAL,OPTIMAL
FOXK2,INFEASIBLE,INFEASIBLE,INFEASIBLE,OPTIMAL
WDR45B,INFEASIBLE,INFEASIBLE,OPTIMAL,OPTIMAL
RAB40B,OPTIMAL,OPTIMAL,OPTIMAL,OPTIMAL
FN3KRP,INFEASIBLE,INFEASIBLE,OPTIMAL,INFEASIBLE
TBCD,INFEASIBLE,OPTIMAL,OPTIMAL,INFEASIBLE
B3GNTL1,INFEASIBLE,INFEASIBLE,OPTIMAL,OPTIMAL
METRNL,OPTIMAL,OPTIMAL,OPTIMAL,OPTIMAL
USP14,INFEASIBLE,INFEASIBLE,INFEASIBLE,OPTIMAL
THOC1,INFEASIBLE,INFEASIBLE,OPTIMAL,INFEASIBLE
COLEC12,OPTIMAL,OPTIMAL,OPTIMAL,OPTIMAL
TYMS,INFEASIBLE,INFEASIBLE,OPTIMAL,INFEASIBLE
ENOSF1,INFEASIBLE,INFEASIBLE,OPTIMAL,OPTIMAL
YES1,INFEASIBLE,OPTIMAL,OPTIMAL,INFEASIBLE
METTL4,INFEASIBLE,INFEASIBLE,OPTIMAL,OPTIMAL
NDC80,OPTIMAL,OPTIMAL,OPTIMAL,OPTIMAL
SMCHD1,INFEASIBLE,OPTIMAL,INFEASIBLE,OPTIMAL
EMILIN2,INFEASIBLE,INFEASIBLE,OPTIMAL,OPTIMAL
LPIN2,OPTIMAL,OPTIMAL,OPTIMAL,OPTIMAL
MYL12A,INFEASIBLE,INFEASIBLE,OPTIMAL,OPTIMAL
MYL12B,INFEASIBLE,INFEASIBLE,OPTIMAL,OPTIMAL
TGIF1,OPTIMAL,OPTIMAL,OPTIMAL,OPTIMAL
DLGAP1,OPTIMAL,OPTIMAL,OPTIMAL,OPTIMAL
ZBTB14,OPTIMAL,OPTIMAL,OPTIMAL,OPTIMAL
EPB41L3,OPTIMAL,OPTIMAL,INFEASIBLE,OPTIMAL
L3MBTL4,OPTIMAL,OPTIMAL,INFEASIBLE,OPTIMAL
LAMA1,INFEASIBLE,INFEASIBLE,OPTIMAL,OPTIMAL
PTPRM,OPTIMAL,OPTIMAL,INFEASIBLE,INFEASIBLE
RAB12,OPTIMAL,OPTIMAL,OPTIMAL,OPTIMAL
MTCL1,INFEASIBLE,OPTIMAL,INFEASIBLE,INFEASIBLE
NDUFV2,INFEASIBLE,INFEASIBLE,OPTIMAL,INFEASIBLE
ANKRD12,INFEASIBLE,INFEASIBLE,OPTIMAL,OPTIMAL
TWSG1,OPTIMAL,OPTIMAL,OPTIMAL,OPTIMAL
RALBP1,INFEASIBLE,INFEASIBLE,INFEASIBLE,OPTIMAL
PPP4R1,INFEASIBLE,OPTIMAL,OPTIMAL,INFEASIBLE
RAB31,INFEASIBLE,INFEASIBLE,INFEASIBLE,OPTIMAL
VAPA,OPTIMAL,OPTIMAL,OPTIMAL,OPTIMAL
NAPG,INFEASIBLE,OPTIMAL,OPTIMAL,INFEASIBLE
GNAL,INFEASIBLE,OPTIMAL,INFEASIBLE,OPTIMAL
CHMP1B,INFEASIBLE,INFEASIBLE,OPTIMAL,OPTIMAL
MPPE1,INFEASIBLE,INFEASIBLE,INFEASIBLE,INFEASIBLE
IMPA2,OPTIMAL,OPTIMAL,OPTIMAL,OPTIMAL
TUBB6,INFEASIBLE,OPTIMAL,OPTIMAL,OPTIMAL
AFG3L2,INFEASIBLE,INFEASIBLE,OPTIMAL,INFEASIBLE
PRELID3A,INFEASIBLE,INFEASIBLE,OPTIMAL,OPTIMAL
SPIRE1,OPTIMAL,OPTIMAL,INFEASIBLE,OPTIMAL
PSMG2,OPTIMAL,OPTIMAL,OPTIMAL,OPTIMAL
CEP76,INFEASIBLE,INFEASIBLE,OPTIMAL,OPTIMAL
PTPN2,INFEASIBLE,INFEASIBLE,INFEASIBLE,INFEASIBLE
SEH1L,INFEASIBLE,INFEASIBLE,OPTIMAL,OPTIMAL
CEP192,INFEASIBLE,OPTIMAL,INFEASIBLE,INFEASIBLE
LDLRAD4,OPTIMAL,OPTIMAL,OPTIMAL,OPTIMAL
FAM210A,INFEASIBLE,INFEASIBLE,OPTIMAL,OPTIMAL
RNMT,INFEASIBLE,INFEASIBLE,INFEASIBLE,INFEASIBLE
ZNF519,OPTIMAL,OPTIMAL,OPTIMAL,INFEASIBLE
ROCK1,OPTIMAL,OPTIMAL,INFEASIBLE,INFEASIBLE
GREB1L,INFEASIBLE,INFEASIBLE,INFEASIBLE,INFEASIBLE
ESCO1,INFEASIBLE,INFEASIBLE,INFEASIBLE,OPTIMAL
SNRPD1,INFEASIBLE,INFEASIBLE,OPTIMAL,OPTIMAL
ABHD3,INFEASIBLE,OPTIMAL,INFEASIBLE,INFEASIBLE
MIB1,OPTIMAL,OPTIMAL,OPTIMAL,OPTIMAL
GATA6,INFEASIBLE,OPTIMAL,OPTIMAL,OPTIMAL
RBBP8,INFEASIBLE,INFEASIBLE,INFEASIBLE,OPTIMAL
CABLES1,OPTIMAL,OPTIMAL,INFEASIBLE,INFEASIBLE
TMEM241,OPTIMAL,OPTIMAL,OPTIMAL,OPTIMAL
RIOK3,INFEASIBLE,INFEASIBLE,OPTIMAL,INFEASIBLE
RMC1,INFEASIBLE,INFEASIBLE,OPTIMAL,OPTIMAL
NPC1,INFEASIBLE,INFEASIBLE,OPTIMAL,OPTIMAL
ANKRD29,OPTIMAL,OPTIMAL,INFEASIBLE,OPTIMAL
LAMA3,OPTIMAL,OPTIMAL,OPTIMAL,OPTIMAL
TTC39C,OPTIMAL,OPTIMAL,OPTIMAL,OPTIMAL
CABYR,OPTIMAL,OPTIMAL,OPTIMAL,OPTIMAL
OSBPL1A,INFEASIBLE,INFEASIBLE,INFEASIBLE,OPTIMAL
IMPACT,INFEASIBLE,INFEASIBLE,OPTIMAL,INFEASIBLE
ZNF521,INFEASIBLE,OPTIMAL,OPTIMAL,OPTIMAL
SS18,INFEASIBLE,INFEASIBLE,INFEASIBLE,INFEASIBLE
TAF4B,INFEASIBLE,INFEASIBLE,INFEASIBLE,INFEASIBLE
KCTD1,INFEASIBLE,OPTIMAL,INFEASIBLE,OPTIMAL
CHST9,INFEASIBLE,INFEASIBLE,INFEASIBLE,OPTIMAL
CDH2,OPTIMAL,OPTIMAL,INFEASIBLE,INFEASIBLE
DSC3,INFEASIBLE,INFEASIBLE,INFEASIBLE,INFEASIBLE
DSC2,INFEASIBLE,INFEASIBLE,OPTIMAL,OPTIMAL
DSG2,INFEASIBLE,INFEASIBLE,OPTIMAL,INFEASIBLE
B4GALT6,INFEASIBLE,OPTIMAL,OPTIMAL,OPTIMAL
TRAPPC8,OPTIMAL,OPTIMAL,INFEASIBLE,INFEASIBLE
RNF125,OPTIMAL,OPTIMAL,OPTIMAL,OPTIMAL
RNF138,INFEASIBLE,INFEASIBLE,INFEASIBLE,INFEASIBLE
GAREM1,OPTIMAL,OPTIMAL,INFEASIBLE,INFEASIBLE
ASXL3,OPTIMAL,OPTIMAL,OPTIMAL,OPTIMAL
NOL4,OPTIMAL,OPTIMAL,INFEASIBLE,OPTIMAL
DTNA,INFEASIBLE,INFEASIBLE,INFEASIBLE,INFEASIBLE
MAPRE2,INFEASIBLE,INFEASIBLE,INFEASIBLE,INFEASIBLE
ZNF397,OPTIMAL,OPTIMAL,INFEASIBLE,OPTIMAL
ZSCAN30,OPTIMAL,OPTIMAL,INFEASIBLE,INFEASIBLE
ZNF24,INFEASIBLE,INFEASIBLE,OPTIMAL,OPTIMAL
INO80C,INFEASIBLE,INFEASIBLE,OPTIMAL,OPTIMAL
GALNT1,INFEASIBLE,INFEASIBLE,INFEASIBLE,OPTIMAL
C18orf21,INFEASIBLE,INFEASIBLE,INFEASIBLE,OPTIMAL
RPRD1A,INFEASIBLE,INFEASIBLE,INFEASIBLE,INFEASIBLE
SLC39A6,INFEASIBLE,INFEASIBLE,INFEASIBLE,OPTIMAL
ELP2,INFEASIBLE,OPTIMAL,OPTIMAL,OPTIMAL
MOCOS,OPTIMAL,OPTIMAL,OPTIMAL,OPTIMAL
FHOD3,OPTIMAL,OPTIMAL,OPTIMAL,INFEASIBLE
TPGS2,INFEASIBLE,INFEASIBLE,OPTIMAL,INFEASIBLE
KIAA1328,INFEASIBLE,INFEASIBLE,OPTIMAL,OPTIMAL
CELF4,OPTIMAL,OPTIMAL,OPTIMAL,OPTIMAL
PIK3C3,INFEASIBLE,OPTIMAL,INFEASIBLE,INFEASIBLE
SETBP1,OPTIMAL,OPTIMAL,OPTIMAL,OPTIMAL
EPG5,OPTIMAL,OPTIMAL,INFEASIBLE,OPTIMAL
PSTPIP2,OPTIMAL,OPTIMAL,OPTIMAL,OPTIMAL
ATP5F1A,INFEASIBLE,INFEASIBLE,OPTIMAL,INFEASIBLE
HAUS1,INFEASIBLE,INFEASIBLE,OPTIMAL,OPTIMAL
C18orf25,INFEASIBLE,OPTIMAL,OPTIMAL,INFEASIBLE
PIAS2,OPTIMAL,OPTIMAL,INFEASIBLE,OPTIMAL
HDHD2,INFEASIBLE,INFEASIBLE,OPTIMAL,OPTIMAL
IER3IP1,INFEASIBLE,INFEASIBLE,OPTIMAL,OPTIMAL
SMAD2,INFEASIBLE,INFEASIBLE,OPTIMAL,INFEASIBLE
ZBTB7C,OPTIMAL,OPTIMAL,INFEASIBLE,INFEASIBLE
CTIF,OPTIMAL,OPTIMAL,OPTIMAL,OPTIMAL
SMAD7,INFEASIBLE,OPTIMAL,OPTIMAL,OPTIMAL
DYM,INFEASIBLE,OPTIMAL,OPTIMAL,OPTIMAL
C18orf32,INFEASIBLE,INFEASIBLE,OPTIMAL,INFEASIBLE
RPL17,INFEASIBLE,INFEASIBLE,OPTIMAL,OPTIMAL
ACAA2,INFEASIBLE,INFEASIBLE,OPTIMAL,OPTIMAL
MBD1,INFEASIBLE,INFEASIBLE,OPTIMAL,OPTIMAL
CXXC1,INFEASIBLE,INFEASIBLE,OPTIMAL,OPTIMAL
SKA1,OPTIMAL,OPTIMAL,OPTIMAL,OPTIMAL
ME2,INFEASIBLE,OPTIMAL,OPTIMAL,INFEASIBLE
ELAC1,INFEASIBLE,INFEASIBLE,OPTIMAL,OPTIMAL
SMAD4,INFEASIBLE,INFEASIBLE,INFEASIBLE,OPTIMAL
MEX3C,INFEASIBLE,OPTIMAL,OPTIMAL,OPTIMAL
MBD2,OPTIMAL,OPTIMAL,OPTIMAL,OPTIMAL
C18orf54,INFEASIBLE,INFEASIBLE,OPTIMAL,OPTIMAL
RAB27B,INFEASIBLE,OPTIMAL,OPTIMAL,OPTIMAL
TCF4,INFEASIBLE,INFEASIBLE,INFEASIBLE,INFEASIBLE
TXNL1,INFEASIBLE,INFEASIBLE,OPTIMAL,OPTIMAL
WDR7,INFEASIBLE,OPTIMAL,OPTIMAL,OPTIMAL
ONECUT2,OPTIMAL,OPTIMAL,OPTIMAL,OPTIMAL
FECH,INFEASIBLE,INFEASIBLE,INFEASIBLE,OPTIMAL
NARS1,INFEASIBLE,INFEASIBLE,OPTIMAL,INFEASIBLE
ATP8B1,INFEASIBLE,OPTIMAL,INFEASIBLE,OPTIMAL
NEDD4L,OPTIMAL,OPTIMAL,OPTIMAL,OPTIMAL
MALT1,OPTIMAL,OPTIMAL,INFEASIBLE,OPTIMAL
ZNF532,OPTIMAL,OPTIMAL,OPTIMAL,OPTIMAL
SEC11C,INFEASIBLE,INFEASIBLE,OPTIMAL,OPTIMAL
LMAN1,INFEASIBLE,INFEASIBLE,OPTIMAL,OPTIMAL
PMAIP1,OPTIMAL,INFEASIBLE,OPTIMAL,OPTIMAL
RNF152,OPTIMAL,OPTIMAL,OPTIMAL,OPTIMAL
PIGN,OPTIMAL,OPTIMAL,OPTIMAL,INFEASIBLE
RELCH,INFEASIBLE,INFEASIBLE,OPTIMAL,OPTIMAL
TNFRSF11A,OPTIMAL,OPTIMAL,OPTIMAL,OPTIMAL
ZCCHC2,INFEASIBLE,OPTIMAL,OPTIMAL,OPTIMAL
PHLPP1,OPTIMAL,OPTIMAL,OPTIMAL,OPTIMAL
BCL2,INFEASIBLE,OPTIMAL,INFEASIBLE,OPTIMAL
KDSR,OPTIMAL,OPTIMAL,INFEASIBLE,OPTIMAL
VPS4B,INFEASIBLE,INFEASIBLE,INFEASIBLE,OPTIMAL
CDH7,INFEASIBLE,OPTIMAL,OPTIMAL,OPTIMAL
TMX3,INFEASIBLE,INFEASIBLE,OPTIMAL,INFEASIBLE
DOK6,OPTIMAL,OPTIMAL,OPTIMAL,OPTIMAL
RTTN,INFEASIBLE,OPTIMAL,OPTIMAL,OPTIMAL
SOCS6,OPTIMAL,OPTIMAL,OPTIMAL,OPTIMAL
TIMM21,INFEASIBLE,OPTIMAL,OPTIMAL,OPTIMAL
CYB5A,INFEASIBLE,INFEASIBLE,OPTIMAL,OPTIMAL
CNDP2,INFEASIBLE,INFEASIBLE,OPTIMAL,OPTIMAL
ZNF407,OPTIMAL,OPTIMAL,OPTIMAL,OPTIMAL
PTGR3,INFEASIBLE,INFEASIBLE,OPTIMAL,OPTIMAL
TSHZ1,OPTIMAL,OPTIMAL,OPTIMAL,INFEASIBLE
ZNF516,OPTIMAL,OPTIMAL,INFEASIBLE,OPTIMAL
ZNF236,OPTIMAL,OPTIMAL,INFEASIBLE,OPTIMAL
ATP9B,OPTIMAL,OPTIMAL,OPTIMAL,OPTIMAL
CTDP1,OPTIMAL,OPTIMAL,OPTIMAL,OPTIMAL
SLC66A2,OPTIMAL,OPTIMAL,INFEASIBLE,OPTIMAL
HSBP1L1,INFEASIBLE,INFEASIBLE,OPTIMAL,OPTIMAL
TXNL4A,INFEASIBLE,INFEASIBLE,INFEASIBLE,OPTIMAL
RBFA,INFEASIBLE,INFEASIBLE,OPTIMAL,OPTIMAL
ADNP2,INFEASIBLE,INFEASIBLE,INFEASIBLE,OPTIMAL
PARD6G,OPTIMAL,OPTIMAL,OPTIMAL,OPTIMAL
MIER2,INFEASIBLE,INFEASIBLE,OPTIMAL,OPTIMAL
TPGS1,INFEASIBLE,OPTIMAL,OPTIMAL,OPTIMAL
CDC34,INFEASIBLE,INFEASIBLE,OPTIMAL,OPTIMAL
BSG,INFEASIBLE,INFEASIBLE,OPTIMAL,OPTIMAL
POLRMT,INFEASIBLE,INFEASIBLE,INFEASIBLE,OPTIMAL
RNF126,INFEASIBLE,OPTIMAL,OPTIMAL,OPTIMAL
PALM,OPTIMAL,OPTIMAL,OPTIMAL,OPTIMAL
PTBP1,INFEASIBLE,OPTIMAL,OPTIMAL,OPTIMAL
CFD,INFEASIBLE,INFEASIBLE,OPTIMAL,OPTIMAL
MED16,INFEASIBLE,INFEASIBLE,OPTIMAL,OPTIMAL
R3HDM4,INFEASIBLE,INFEASIBLE,OPTIMAL,OPTIMAL
ARID3A,OPTIMAL,OPTIMAL,OPTIMAL,OPTIMAL
WDR18,INFEASIBLE,INFEASIBLE,OPTIMAL,OPTIMAL
TMEM259,OPTIMAL,OPTIMAL,OPTIMAL,OPTIMAL
CNN2,OPTIMAL,OPTIMAL,OPTIMAL,OPTIMAL
ABCA7,OPTIMAL,OPTIMAL,OPTIMAL,OPTIMAL
POLR2E,INFEASIBLE,INFEASIBLE,OPTIMAL,OPTIMAL
GPX4,INFEASIBLE,INFEASIBLE,INFEASIBLE,OPTIMAL
SBNO2,OPTIMAL,OPTIMAL,OPTIMAL,INFEASIBLE
STK11,INFEASIBLE,OPTIMAL,OPTIMAL,OPTIMAL
ATP5F1D,INFEASIBLE,INFEASIBLE,OPTIMAL,OPTIMAL
MIDN,INFEASIBLE,INFEASIBLE,OPTIMAL,OPTIMAL
CIRBP,INFEASIBLE,OPTIMAL,OPTIMAL,OPTIMAL
FAM174C,INFEASIBLE,INFEASIBLE,OPTIMAL,OPTIMAL
PWWP3A,INFEASIBLE,OPTIMAL,OPTIMAL,INFEASIBLE
NDUFS7,INFEASIBLE,INFEASIBLE,INFEASIBLE,INFEASIBLE
GAMT,INFEASIBLE,OPTIMAL,OPTIMAL,OPTIMAL
DAZAP1,OPTIMAL,OPTIMAL,OPTIMAL,INFEASIBLE
RPS15,INFEASIBLE,INFEASIBLE,INFEASIBLE,OPTIMAL
C19orf25,INFEASIBLE,INFEASIBLE,OPTIMAL,OPTIMAL
MEX3D,OPTIMAL,OPTIMAL,OPTIMAL,OPTIMAL
MBD3,OPTIMAL,OPTIMAL,OPTIMAL,OPTIMAL
UQCR11,INFEASIBLE,INFEASIBLE,INFEASIBLE,OPTIMAL
TCF3,OPTIMAL,OPTIMAL,OPTIMAL,OPTIMAL
REXO1,OPTIMAL,OPTIMAL,OPTIMAL,INFEASIBLE
KLF16,OPTIMAL,OPTIMAL,OPTIMAL,OPTIMAL
ABHD17A,INFEASIBLE,OPTIMAL,OPTIMAL,OPTIMAL
SCAMP4,OPTIMAL,OPTIMAL,OPTIMAL,INFEASIBLE
CSNK1G2,INFEASIBLE,INFEASIBLE,INFEASIBLE,OPTIMAL
BTBD2,OPTIMAL,OPTIMAL,OPTIMAL,OPTIMAL
MKNK2,INFEASIBLE,INFEASIBLE,OPTIMAL,OPTIMAL
MOB3A,INFEASIBLE,INFEASIBLE,INFEASIBLE,OPTIMAL
AP3D1,INFEASIBLE,OPTIMAL,INFEASIBLE,OPTIMAL
DOT1L,OPTIMAL,OPTIMAL,INFEASIBLE,OPTIMAL
PLEKHJ1,INFEASIBLE,INFEASIBLE,OPTIMAL,OPTIMAL
SF3A2,INFEASIBLE,INFEASIBLE,OPTIMAL,OPTIMAL
OAZ1,INFEASIBLE,INFEASIBLE,OPTIMAL,OPTIMAL
LSM7,INFEASIBLE,INFEASIBLE,OPTIMAL,OPTIMAL
SPPL2B,INFEASIBLE,INFEASIBLE,OPTIMAL,OPTIMAL
TMPRSS9,OPTIMAL,OPTIMAL,OPTIMAL,OPTIMAL
TIMM13,INFEASIBLE,INFEASIBLE,OPTIMAL,OPTIMAL
LMNB2,INFEASIBLE,OPTIMAL,OPTIMAL,OPTIMAL
GADD45B,INFEASIBLE,OPTIMAL,OPTIMAL,INFEASIBLE
GNG7,OPTIMAL,OPTIMAL,OPTIMAL,OPTIMAL
DIRAS1,OPTIMAL,OPTIMAL,OPTIMAL,OPTIMAL
SLC39A3,INFEASIBLE,INFEASIBLE,INFEASIBLE,OPTIMAL
SGTA,INFEASIBLE,INFEASIBLE,OPTIMAL,OPTIMAL
THOP1,INFEASIBLE,OPTIMAL,OPTIMAL,OPTIMAL
ZNF57,OPTIMAL,OPTIMAL,INFEASIBLE,OPTIMAL
ZNF77,INFEASIBLE,INFEASIBLE,OPTIMAL,OPTIMAL
TLE5,OPTIMAL,OPTIMAL,OPTIMAL,OPTIMAL
GNA11,INFEASIBLE,OPTIMAL,INFEASIBLE,OPTIMAL
NCLN,INFEASIBLE,OPTIMAL,OPTIMAL,OPTIMAL
NFIC,OPTIMAL,OPTIMAL,OPTIMAL,OPTIMAL
DOHH,INFEASIBLE,INFEASIBLE,OPTIMAL,OPTIMAL
FZR1,OPTIMAL,OPTIMAL,INFEASIBLE,OPTIMAL
MFSD12,OPTIMAL,OPTIMAL,OPTIMAL,OPTIMAL
HMG20B,INFEASIBLE,INFEASIBLE,OPTIMAL,OPTIMAL
CACTIN,INFEASIBLE,INFEASIBLE,OPTIMAL,OPTIMAL
PIP5K1C,OPTIMAL,OPTIMAL,OPTIMAL,OPTIMAL
MRPL54,INFEASIBLE,INFEASIBLE,OPTIMAL,OPTIMAL
MATK,OPTIMAL,OPTIMAL,OPTIMAL,OPTIMAL
DAPK3,INFEASIBLE,INFEASIBLE,OPTIMAL,OPTIMAL
EEF2,INFEASIBLE,INFEASIBLE,INFEASIBLE,INFEASIBLE
PIAS4,OPTIMAL,OPTIMAL,OPTIMAL,OPTIMAL
ZBTB7A,OPTIMAL,OPTIMAL,OPTIMAL,OPTIMAL
MAP2K2,INFEASIBLE,INFEASIBLE,OPTIMAL,OPTIMAL
SIRT6,OPTIMAL,OPTIMAL,OPTIMAL,INFEASIBLE
YJU2,OPTIMAL,OPTIMAL,OPTIMAL,OPTIMAL
FSD1,INFEASIBLE,INFEASIBLE,INFEASIBLE,OPTIMAL
MPND,INFEASIBLE,INFEASIBLE,OPTIMAL,INFEASIBLE
SH3GL1,INFEASIBLE,INFEASIBLE,INFEASIBLE,OPTIMAL
CHAF1A,INFEASIBLE,INFEASIBLE,OPTIMAL,INFEASIBLE
UBXN6,OPTIMAL,OPTIMAL,OPTIMAL,OPTIMAL
HDGFL2,INFEASIBLE,INFEASIBLE,OPTIMAL,OPTIMAL
MYDGF,INFEASIBLE,OPTIMAL,OPTIMAL,OPTIMAL
DPP9,OPTIMAL,OPTIMAL,INFEASIBLE,OPTIMAL
FEM1A,INFEASIBLE,OPTIMAL,OPTIMAL,OPTIMAL
PLIN3,OPTIMAL,OPTIMAL,OPTIMAL,OPTIMAL
UHRF1,INFEASIBLE,INFEASIBLE,INFEASIBLE,OPTIMAL
KDM4B,OPTIMAL,OPTIMAL,OPTIMAL,OPTIMAL
PTPRS,OPTIMAL,OPTIMAL,INFEASIBLE,OPTIMAL
TINCR,OPTIMAL,OPTIMAL,OPTIMAL,OPTIMAL
SAFB2,INFEASIBLE,OPTIMAL,OPTIMAL,OPTIMAL
SAFB,INFEASIBLE,INFEASIBLE,INFEASIBLE,OPTIMAL
RPL36,INFEASIBLE,INFEASIBLE,INFEASIBLE,OPTIMAL
MICOS13,INFEASIBLE,INFEASIBLE,OPTIMAL,OPTIMAL
LONP1,INFEASIBLE,OPTIMAL,INFEASIBLE,INFEASIBLE
DUS3L,INFEASIBLE,INFEASIBLE,OPTIMAL,OPTIMAL
NRTN,OPTIMAL,OPTIMAL,OPTIMAL,OPTIMAL
NDUFA11,INFEASIBLE,INFEASIBLE,OPTIMAL,OPTIMAL
RANBP3,INFEASIBLE,OPTIMAL,OPTIMAL,OPTIMAL
RFX2,INFEASIBLE,OPTIMAL,OPTIMAL,OPTIMAL
ACSBG2,INFEASIBLE,OPTIMAL,OPTIMAL,OPTIMAL
MLLT1,OPTIMAL,OPTIMAL,OPTIMAL,OPTIMAL
CLPP,INFEASIBLE,INFEASIBLE,INFEASIBLE,OPTIMAL
ALKBH7,INFEASIBLE,INFEASIBLE,OPTIMAL,OPTIMAL
GTF2F1,OPTIMAL,OPTIMAL,INFEASIBLE,OPTIMAL
KHSRP,INFEASIBLE,OPTIMAL,OPTIMAL,INFEASIBLE
SLC25A23,INFEASIBLE,OPTIMAL,OPTIMAL,OPTIMAL
TUBB4A,OPTIMAL,OPTIMAL,OPTIMAL,OPTIMAL
CD70,INFEASIBLE,INFEASIBLE,INFEASIBLE,OPTIMAL
GPR108,INFEASIBLE,OPTIMAL,OPTIMAL,OPTIMAL
TRIP10,OPTIMAL,OPTIMAL,INFEASIBLE,OPTIMAL
ZNF557,INFEASIBLE,INFEASIBLE,OPTIMAL,OPTIMAL
INSR,OPTIMAL,OPTIMAL,INFEASIBLE,OPTIMAL
ARHGEF18,OPTIMAL,OPTIMAL,OPTIMAL,OPTIMAL
ZNF358,INFEASIBLE,OPTIMAL,OPTIMAL,OPTIMAL
CAMSAP3,OPTIMAL,OPTIMAL,OPTIMAL,OPTIMAL
XAB2,INFEASIBLE,INFEASIBLE,OPTIMAL,OPTIMAL
PET100,INFEASIBLE,INFEASIBLE,INFEASIBLE,OPTIMAL
STXBP2,INFEASIBLE,OPTIMAL,OPTIMAL,OPTIMAL
TRAPPC5,INFEASIBLE,INFEASIBLE,OPTIMAL,OPTIMAL
EVI5L,INFEASIBLE,INFEASIBLE,OPTIMAL,OPTIMAL
MAP2K7,OPTIMAL,OPTIMAL,OPTIMAL,OPTIMAL
SNAPC2,INFEASIBLE,OPTIMAL,OPTIMAL,OPTIMAL
CTXN1,INFEASIBLE,OPTIMAL,OPTIMAL,OPTIMAL
TIMM44,INFEASIBLE,INFEASIBLE,OPTIMAL,OPTIMAL
ELAVL1,INFEASIBLE,INFEASIBLE,OPTIMAL,OPTIMAL
CERS4,OPTIMAL,OPTIMAL,OPTIMAL,OPTIMAL
CD320,INFEASIBLE,INFEASIBLE,OPTIMAL,OPTIMAL
NDUFA7,INFEASIBLE,INFEASIBLE,OPTIMAL,OPTIMAL
RPS28,INFEASIBLE,INFEASIBLE,INFEASIBLE,INFEASIBLE
RAB11B,INFEASIBLE,INFEASIBLE,OPTIMAL,OPTIMAL
MARCHF2,OPTIMAL,OPTIMAL,OPTIMAL,OPTIMAL
HNRNPM,INFEASIBLE,OPTIMAL,INFEASIBLE,OPTIMAL
ZNF414,INFEASIBLE,OPTIMAL,OPTIMAL,OPTIMAL
ZNF317,INFEASIBLE,INFEASIBLE,INFEASIBLE,OPTIMAL
ZNF559,INFEASIBLE,INFEASIBLE,OPTIMAL,OPTIMAL
ZNF266,OPTIMAL,OPTIMAL,OPTIMAL,OPTIMAL
ZNF426,OPTIMAL,OPTIMAL,OPTIMAL,OPTIMAL
ZNF121,INFEASIBLE,INFEASIBLE,INFEASIBLE,INFEASIBLE
ZNF561,INFEASIBLE,INFEASIBLE,OPTIMAL,OPTIMAL
ZNF562,INFEASIBLE,INFEASIBLE,INFEASIBLE,OPTIMAL
FBXL12,INFEASIBLE,INFEASIBLE,OPTIMAL,OPTIMAL
UBL5,INFEASIBLE,INFEASIBLE,INFEASIBLE,INFEASIBLE
PIN1,INFEASIBLE,INFEASIBLE,OPTIMAL,OPTIMAL
PPAN,INFEASIBLE,INFEASIBLE,OPTIMAL,OPTIMAL
EIF3G,INFEASIBLE,INFEASIBLE,OPTIMAL,OPTIMAL
DNMT1,INFEASIBLE,INFEASIBLE,OPTIMAL,OPTIMAL
MRPL4,INFEASIBLE,OPTIMAL,OPTIMAL,OPTIMAL
FDX2,INFEASIBLE,OPTIMAL,OPTIMAL,OPTIMAL
RAVER1,INFEASIBLE,INFEASIBLE,INFEASIBLE,OPTIMAL
ICAM3,INFEASIBLE,INFEASIBLE,OPTIMAL,OPTIMAL
TYK2,OPTIMAL,OPTIMAL,OPTIMAL,OPTIMAL
CDC37,INFEASIBLE,INFEASIBLE,OPTIMAL,OPTIMAL
PDE4A,OPTIMAL,OPTIMAL,OPTIMAL,INFEASIBLE
KEAP1,INFEASIBLE,INFEASIBLE,INFEASIBLE,OPTIMAL
ATG4D,INFEASIBLE,OPTIMAL,OPTIMAL,OPTIMAL
KRI1,INFEASIBLE,OPTIMAL,OPTIMAL,OPTIMAL
CDKN2D,INFEASIBLE,INFEASIBLE,OPTIMAL,OPTIMAL
SLC44A2,INFEASIBLE,INFEASIBLE,OPTIMAL,OPTIMAL
ILF3,INFEASIBLE,INFEASIBLE,OPTIMAL,OPTIMAL
QTRT1,INFEASIBLE,INFEASIBLE,OPTIMAL,OPTIMAL
DNM2,OPTIMAL,OPTIMAL,OPTIMAL,OPTIMAL
TMED1,INFEASIBLE,INFEASIBLE,OPTIMAL,OPTIMAL
CARM1,INFEASIBLE,OPTIMAL,INFEASIBLE,INFEASIBLE
YIPF2,INFEASIBLE,INFEASIBLE,OPTIMAL,OPTIMAL
TIMM29,INFEASIBLE,INFEASIBLE,OPTIMAL,OPTIMAL
SMARCA4,INFEASIBLE,INFEASIBLE,INFEASIBLE,INFEASIBLE
LDLR,INFEASIBLE,INFEASIBLE,INFEASIBLE,INFEASIBLE
SPC24,INFEASIBLE,INFEASIBLE,INFEASIBLE,INFEASIBLE
KANK2,INFEASIBLE,OPTIMAL,INFEASIBLE,OPTIMAL
DOCK6,OPTIMAL,OPTIMAL,OPTIMAL,OPTIMAL
RAB3D,OPTIMAL,OPTIMAL,OPTIMAL,OPTIMAL
TMEM205,INFEASIBLE,INFEASIBLE,OPTIMAL,INFEASIBLE
PLPPR2,INFEASIBLE,INFEASIBLE,OPTIMAL,OPTIMAL
SWSAP1,INFEASIBLE,INFEASIBLE,OPTIMAL,OPTIMAL
PRKCSH,INFEASIBLE,INFEASIBLE,OPTIMAL,OPTIMAL
ECSIT,OPTIMAL,OPTIMAL,OPTIMAL,OPTIMAL
ELOF1,INFEASIBLE,OPTIMAL,INFEASIBLE,OPTIMAL
ZNF627,OPTIMAL,OPTIMAL,OPTIMAL,INFEASIBLE
ZNF440,OPTIMAL,OPTIMAL,OPTIMAL,OPTIMAL
ZNF700,INFEASIBLE,OPTIMAL,OPTIMAL,INFEASIBLE
ZNF136,INFEASIBLE,INFEASIBLE,OPTIMAL,OPTIMAL
ZNF44,OPTIMAL,OPTIMAL,OPTIMAL,OPTIMAL
ZNF709,INFEASIBLE,INFEASIBLE,OPTIMAL,OPTIMAL
ZNF564,INFEASIBLE,INFEASIBLE,OPTIMAL,OPTIMAL
ZNF490,OPTIMAL,OPTIMAL,OPTIMAL,OPTIMAL
ZNF791,INFEASIBLE,INFEASIBLE,OPTIMAL,INFEASIBLE
MAN2B1,INFEASIBLE,INFEASIBLE,OPTIMAL,OPTIMAL
WDR83,INFEASIBLE,INFEASIBLE,OPTIMAL,OPTIMAL
WDR83OS,INFEASIBLE,INFEASIBLE,OPTIMAL,OPTIMAL
DHPS,INFEASIBLE,INFEASIBLE,OPTIMAL,OPTIMAL
FBXW9,INFEASIBLE,INFEASIBLE,INFEASIBLE,INFEASIBLE
TNPO2,INFEASIBLE,INFEASIBLE,OPTIMAL,INFEASIBLE
TRIR,INFEASIBLE,INFEASIBLE,INFEASIBLE,OPTIMAL
GET3,INFEASIBLE,INFEASIBLE,OPTIMAL,OPTIMAL
HOOK2,OPTIMAL,OPTIMAL,INFEASIBLE,OPTIMAL
PRDX2,INFEASIBLE,INFEASIBLE,OPTIMAL,OPTIMAL
RNASEH2A,INFEASIBLE,INFEASIBLE,OPTIMAL,OPTIMAL
MAST1,INFEASIBLE,INFEASIBLE,INFEASIBLE,OPTIMAL
DNASE2,INFEASIBLE,INFEASIBLE,INFEASIBLE,OPTIMAL
GCDH,INFEASIBLE,INFEASIBLE,OPTIMAL,OPTIMAL
SYCE2,INFEASIBLE,INFEASIBLE,OPTIMAL,OPTIMAL
FARSA,INFEASIBLE,INFEASIBLE,OPTIMAL,OPTIMAL
CALR,INFEASIBLE,INFEASIBLE,INFEASIBLE,OPTIMAL
RAD23A,INFEASIBLE,INFEASIBLE,OPTIMAL,OPTIMAL
GADD45GIP1,INFEASIBLE,INFEASIBLE,OPTIMAL,OPTIMAL
NFIX,INFEASIBLE,OPTIMAL,OPTIMAL,INFEASIBLE
TRMT1,INFEASIBLE,INFEASIBLE,OPTIMAL,OPTIMAL
NACC1,INFEASIBLE,OPTIMAL,OPTIMAL,OPTIMAL
STX10,INFEASIBLE,INFEASIBLE,OPTIMAL,OPTIMAL
IER2,OPTIMAL,OPTIMAL,OPTIMAL,OPTIMAL
CACNA1A,INFEASIBLE,OPTIMAL,OPTIMAL,OPTIMAL
YJU2B,INFEASIBLE,INFEASIBLE,OPTIMAL,OPTIMAL
MRI1,INFEASIBLE,INFEASIBLE,INFEASIBLE,OPTIMAL
C19orf53,INFEASIBLE,INFEASIBLE,INFEASIBLE,INFEASIBLE
CC2D1A,INFEASIBLE,INFEASIBLE,INFEASIBLE,INFEASIBLE
DCAF15,OPTIMAL,OPTIMAL,OPTIMAL,OPTIMAL
RFX1,INFEASIBLE,INFEASIBLE,OPTIMAL,OPTIMAL
SAMD1,INFEASIBLE,OPTIMAL,INFEASIBLE,OPTIMAL
PRKACA,INFEASIBLE,OPTIMAL,INFEASIBLE,INFEASIBLE
ASF1B,INFEASIBLE,OPTIMAL,OPTIMAL,INFEASIBLE
ADGRL1,OPTIMAL,OPTIMAL,OPTIMAL,OPTIMAL
DDX39A,INFEASIBLE,INFEASIBLE,OPTIMAL,OPTIMAL
PKN1,INFEASIBLE,OPTIMAL,OPTIMAL,OPTIMAL
GIPC1,INFEASIBLE,OPTIMAL,OPTIMAL,OPTIMAL
DNAJB1,OPTIMAL,OPTIMAL,OPTIMAL,OPTIMAL
TECR,INFEASIBLE,INFEASIBLE,OPTIMAL,OPTIMAL
NDUFB7,INFEASIBLE,INFEASIBLE,INFEASIBLE,OPTIMAL
ZNF333,OPTIMAL,OPTIMAL,OPTIMAL,OPTIMAL
ILVBL,INFEASIBLE,INFEASIBLE,OPTIMAL,OPTIMAL
NOTCH3,INFEASIBLE,INFEASIBLE,OPTIMAL,OPTIMAL
BRD4,OPTIMAL,OPTIMAL,INFEASIBLE,INFEASIBLE
AKAP8,INFEASIBLE,INFEASIBLE,INFEASIBLE,OPTIMAL
AKAP8L,INFEASIBLE,INFEASIBLE,INFEASIBLE,OPTIMAL
WIZ,OPTIMAL,OPTIMAL,OPTIMAL,OPTIMAL
TPM4,INFEASIBLE,OPTIMAL,OPTIMAL,INFEASIBLE
RAB8A,INFEASIBLE,INFEASIBLE,OPTIMAL,OPTIMAL
FAM32A,INFEASIBLE,INFEASIBLE,OPTIMAL,OPTIMAL
AP1M1,OPTIMAL,OPTIMAL,INFEASIBLE,INFEASIBLE
EPS15L1,INFEASIBLE,OPTIMAL,INFEASIBLE,OPTIMAL
C19orf44,INFEASIBLE,INFEASIBLE,OPTIMAL,OPTIMAL
CHERP,INFEASIBLE,INFEASIBLE,OPTIMAL,OPTIMAL
SLC35E1,INFEASIBLE,OPTIMAL,INFEASIBLE,OPTIMAL
MED26,INFEASIBLE,INFEASIBLE,INFEASIBLE,OPTIMAL
SMIM7,INFEASIBLE,INFEASIBLE,OPTIMAL,INFEASIBLE
TMEM38A,INFEASIBLE,INFEASIBLE,INFEASIBLE,OPTIMAL
SIN3B,INFEASIBLE,OPTIMAL,OPTIMAL,OPTIMAL
HAUS8,OPTIMAL,OPTIMAL,OPTIMAL,OPTIMAL
MYO9B,INFEASIBLE,INFEASIBLE,OPTIMAL,OPTIMAL
USE1,INFEASIBLE,INFEASIBLE,OPTIMAL,OPTIMAL
OCEL1,INFEASIBLE,OPTIMAL,OPTIMAL,OPTIMAL
NR2F6,OPTIMAL,OPTIMAL,OPTIMAL,OPTIMAL
BABAM1,OPTIMAL,OPTIMAL,OPTIMAL,OPTIMAL
ABHD8,INFEASIBLE,INFEASIBLE,OPTIMAL,OPTIMAL
MRPL34,INFEASIBLE,INFEASIBLE,OPTIMAL,OPTIMAL
DDA1,INFEASIBLE,OPTIMAL,OPTIMAL,OPTIMAL
ANO8,INFEASIBLE,INFEASIBLE,INFEASIBLE,INFEASIBLE
GTPBP3,INFEASIBLE,OPTIMAL,INFEASIBLE,INFEASIBLE
MVB12A,INFEASIBLE,OPTIMAL,OPTIMAL,OPTIMAL
SLC27A1,OPTIMAL,OPTIMAL,OPTIMAL,INFEASIBLE
PGLS,INFEASIBLE,OPTIMAL,OPTIMAL,OPTIMAL
COLGALT1,INFEASIBLE,OPTIMAL,OPTIMAL,INFEASIBLE
MAP1S,OPTIMAL,OPTIMAL,OPTIMAL,OPTIMAL
RPL18A,INFEASIBLE,INFEASIBLE,OPTIMAL,OPTIMAL
CCDC124,INFEASIBLE,INFEASIBLE,INFEASIBLE,OPTIMAL
MAST3,OPTIMAL,OPTIMAL,INFEASIBLE,OPTIMAL
PIK3R2,INFEASIBLE,OPTIMAL,OPTIMAL,OPTIMAL
IFI30,INFEASIBLE,INFEASIBLE,OPTIMAL,OPTIMAL
MPV17L2,INFEASIBLE,INFEASIBLE,OPTIMAL,OPTIMAL
RAB3A,OPTIMAL,OPTIMAL,OPTIMAL,OPTIMAL
JUND,INFEASIBLE,OPTIMAL,OPTIMAL,OPTIMAL
LSM4,INFEASIBLE,INFEASIBLE,OPTIMAL,OPTIMAL
SSBP4,OPTIMAL,OPTIMAL,OPTIMAL,OPTIMAL
ISYNA1,INFEASIBLE,INFEASIBLE,OPTIMAL,OPTIMAL
ELL,INFEASIBLE,INFEASIBLE,OPTIMAL,OPTIMAL
FKBP8,INFEASIBLE,INFEASIBLE,OPTIMAL,OPTIMAL
KXD1,INFEASIBLE,INFEASIBLE,OPTIMAL,OPTIMAL
UBA52,INFEASIBLE,INFEASIBLE,INFEASIBLE,OPTIMAL
REX1BD,INFEASIBLE,INFEASIBLE,OPTIMAL,OPTIMAL
CRTC1,OPTIMAL,OPTIMAL,INFEASIBLE,OPTIMAL
UPF1,INFEASIBLE,OPTIMAL,OPTIMAL,OPTIMAL
CERS1,INFEASIBLE,INFEASIBLE,OPTIMAL,OPTIMAL
COPE,INFEASIBLE,INFEASIBLE,OPTIMAL,OPTIMAL
DDX49,INFEASIBLE,INFEASIBLE,OPTIMAL,OPTIMAL
SUGP2,INFEASIBLE,OPTIMAL,OPTIMAL,OPTIMAL
ARMC6,INFEASIBLE,INFEASIBLE,OPTIMAL,INFEASIBLE
SLC25A42,INFEASIBLE,OPTIMAL,OPTIMAL,OPTIMAL
TMEM161A,INFEASIBLE,INFEASIBLE,OPTIMAL,OPTIMAL
MEF2B,OPTIMAL,OPTIMAL,OPTIMAL,OPTIMAL
BORCS8,INFEASIBLE,OPTIMAL,OPTIMAL,OPTIMAL
RFXANK,INFEASIBLE,INFEASIBLE,OPTIMAL,OPTIMAL
NR2C2AP,INFEASIBLE,INFEASIBLE,OPTIMAL,OPTIMAL
SUGP1,INFEASIBLE,INFEASIBLE,OPTIMAL,OPTIMAL
MAU2,INFEASIBLE,OPTIMAL,OPTIMAL,OPTIMAL
GATAD2A,INFEASIBLE,INFEASIBLE,INFEASIBLE,OPTIMAL
NDUFA13,INFEASIBLE,INFEASIBLE,INFEASIBLE,OPTIMAL
YJEFN3,INFEASIBLE,INFEASIBLE,INFEASIBLE,INFEASIBLE
PBX4,INFEASIBLE,OPTIMAL,INFEASIBLE,INFEASIBLE
ATP13A1,INFEASIBLE,INFEASIBLE,OPTIMAL,OPTIMAL
ZNF101,INFEASIBLE,INFEASIBLE,INFEASIBLE,OPTIMAL
ZNF14,INFEASIBLE,INFEASIBLE,OPTIMAL,OPTIMAL
ZNF506,INFEASIBLE,OPTIMAL,OPTIMAL,OPTIMAL
ZNF66,OPTIMAL,OPTIMAL,OPTIMAL,OPTIMAL
ZNF85,INFEASIBLE,INFEASIBLE,OPTIMAL,OPTIMAL
ZNF430,INFEASIBLE,INFEASIBLE,INFEASIBLE,OPTIMAL
ZNF714,INFEASIBLE,OPTIMAL,OPTIMAL,OPTIMAL
ZNF431,INFEASIBLE,INFEASIBLE,OPTIMAL,OPTIMAL
ZNF708,INFEASIBLE,OPTIMAL,INFEASIBLE,INFEASIBLE
ZNF738,INFEASIBLE,INFEASIBLE,INFEASIBLE,OPTIMAL
ZNF493,OPTIMAL,OPTIMAL,OPTIMAL,INFEASIBLE
ZNF429,INFEASIBLE,INFEASIBLE,OPTIMAL,OPTIMAL
ZNF100,INFEASIBLE,OPTIMAL,OPTIMAL,OPTIMAL
ZNF724,INFEASIBLE,INFEASIBLE,OPTIMAL,OPTIMAL
ZNF91,INFEASIBLE,INFEASIBLE,OPTIMAL,OPTIMAL
ZNF675,OPTIMAL,OPTIMAL,OPTIMAL,INFEASIBLE
RPSA2,OPTIMAL,OPTIMAL,OPTIMAL,OPTIMAL
ZNF254,INFEASIBLE,OPTIMAL,INFEASIBLE,OPTIMAL
UQCRFS1,INFEASIBLE,INFEASIBLE,OPTIMAL,OPTIMAL
POP4,INFEASIBLE,INFEASIBLE,OPTIMAL,OPTIMAL
C19orf12,INFEASIBLE,INFEASIBLE,OPTIMAL,OPTIMAL
CCNE1,OPTIMAL,OPTIMAL,OPTIMAL,OPTIMAL
URI1,OPTIMAL,OPTIMAL,OPTIMAL,OPTIMAL
ZNF536,OPTIMAL,OPTIMAL,INFEASIBLE,OPTIMAL
TSHZ3,INFEASIBLE,INFEASIBLE,OPTIMAL,OPTIMAL
ZNF507,INFEASIBLE,INFEASIBLE,INFEASIBLE,OPTIMAL
DPY19L3,INFEASIBLE,INFEASIBLE,INFEASIBLE,OPTIMAL
PDCD5,INFEASIBLE,INFEASIBLE,INFEASIBLE,INFEASIBLE
ANKRD27,INFEASIBLE,OPTIMAL,INFEASIBLE,OPTIMAL
NUDT19,INFEASIBLE,INFEASIBLE,OPTIMAL,INFEASIBLE
CEP89,OPTIMAL,OPTIMAL,OPTIMAL,OPTIMAL
FAAP24,OPTIMAL,OPTIMAL,OPTIMAL,OPTIMAL
RHPN2,INFEASIBLE,INFEASIBLE,INFEASIBLE,INFEASIBLE
GPATCH1,INFEASIBLE,INFEASIBLE,OPTIMAL,OPTIMAL
LRP3,OPTIMAL,OPTIMAL,OPTIMAL,INFEASIBLE
CEBPA,OPTIMAL,OPTIMAL,OPTIMAL,OPTIMAL
CEBPG,INFEASIBLE,INFEASIBLE,OPTIMAL,INFEASIBLE
PEPD,INFEASIBLE,INFEASIBLE,INFEASIBLE,OPTIMAL
KCTD15,OPTIMAL,OPTIMAL,INFEASIBLE,OPTIMAL
LSM14A,OPTIMAL,OPTIMAL,INFEASIBLE,INFEASIBLE
GARRE1,INFEASIBLE,OPTIMAL,INFEASIBLE,OPTIMAL
GPI,OPTIMAL,OPTIMAL,OPTIMAL,OPTIMAL
PDCD2L,INFEASIBLE,INFEASIBLE,OPTIMAL,OPTIMAL
UBA2,OPTIMAL,OPTIMAL,OPTIMAL,OPTIMAL
SCGB2B2,OPTIMAL,OPTIMAL,OPTIMAL,OPTIMAL
ZNF302,OPTIMAL,OPTIMAL,OPTIMAL,OPTIMAL
GRAMD1A,OPTIMAL,OPTIMAL,OPTIMAL,OPTIMAL
FXYD5,OPTIMAL,OPTIMAL,OPTIMAL,OPTIMAL
LSR,INFEASIBLE,INFEASIBLE,INFEASIBLE,OPTIMAL
USF2,OPTIMAL,OPTIMAL,OPTIMAL,OPTIMAL
DMKN,INFEASIBLE,INFEASIBLE,OPTIMAL,OPTIMAL
TMEM147,INFEASIBLE,INFEASIBLE,INFEASIBLE,INFEASIBLE
HAUS5,INFEASIBLE,INFEASIBLE,INFEASIBLE,INFEASIBLE
RBM42,INFEASIBLE,INFEASIBLE,OPTIMAL,OPTIMAL
COX6B1,INFEASIBLE,INFEASIBLE,OPTIMAL,OPTIMAL
KMT2B,OPTIMAL,OPTIMAL,INFEASIBLE,OPTIMAL
IGFLR1,INFEASIBLE,INFEASIBLE,OPTIMAL,OPTIMAL
U2AF1L4,INFEASIBLE,INFEASIBLE,OPTIMAL,OPTIMAL
PSENEN,INFEASIBLE,INFEASIBLE,OPTIMAL,OPTIMAL
LIN37,INFEASIBLE,INFEASIBLE,OPTIMAL,INFEASIBLE
PROSER3,INFEASIBLE,OPTIMAL,INFEASIBLE,OPTIMAL
SDHAF1,INFEASIBLE,INFEASIBLE,OPTIMAL,INFEASIBLE
ALKBH6,OPTIMAL,INFEASIBLE,OPTIMAL,OPTIMAL
WDR62,INFEASIBLE,INFEASIBLE,OPTIMAL,OPTIMAL
POLR2I,INFEASIBLE,INFEASIBLE,OPTIMAL,OPTIMAL
TBCB,INFEASIBLE,INFEASIBLE,OPTIMAL,OPTIMAL
CAPNS1,OPTIMAL,OPTIMAL,OPTIMAL,OPTIMAL
ZNF565,INFEASIBLE,INFEASIBLE,INFEASIBLE,OPTIMAL
ZNF146,INFEASIBLE,INFEASIBLE,INFEASIBLE,OPTIMAL
ZFP14,INFEASIBLE,INFEASIBLE,OPTIMAL,OPTIMAL
ZNF566,INFEASIBLE,INFEASIBLE,OPTIMAL,OPTIMAL
ZNF260,INFEASIBLE,INFEASIBLE,OPTIMAL,OPTIMAL
ZNF529,INFEASIBLE,INFEASIBLE,INFEASIBLE,OPTIMAL
ZNF382,OPTIMAL,OPTIMAL,OPTIMAL,OPTIMAL
ZNF567,INFEASIBLE,INFEASIBLE,OPTIMAL,OPTIMAL
ZNF850,INFEASIBLE,INFEASIBLE,OPTIMAL,INFEASIBLE
ZNF790,INFEASIBLE,INFEASIBLE,INFEASIBLE,OPTIMAL
ZNF345,INFEASIBLE,INFEASIBLE,OPTIMAL,OPTIMAL
ZNF568,OPTIMAL,OPTIMAL,INFEASIBLE,OPTIMAL
ZNF420,INFEASIBLE,INFEASIBLE,OPTIMAL,OPTIMAL
ZNF585A,INFEASIBLE,INFEASIBLE,OPTIMAL,OPTIMAL
ZNF585B,INFEASIBLE,INFEASIBLE,OPTIMAL,OPTIMAL
ZNF383,OPTIMAL,OPTIMAL,OPTIMAL,OPTIMAL
ZNF875,INFEASIBLE,OPTIMAL,INFEASIBLE,OPTIMAL
ZNF569,OPTIMAL,INFEASIBLE,OPTIMAL,OPTIMAL
ZFP30,OPTIMAL,OPTIMAL,INFEASIBLE,OPTIMAL
ZNF607,INFEASIBLE,INFEASIBLE,OPTIMAL,OPTIMAL
ZNF573,INFEASIBLE,INFEASIBLE,INFEASIBLE,INFEASIBLE
SIPA1L3,OPTIMAL,OPTIMAL,INFEASIBLE,OPTIMAL
DPF1,OPTIMAL,OPTIMAL,OPTIMAL,OPTIMAL
SPINT2,OPTIMAL,OPTIMAL,OPTIMAL,OPTIMAL
PPP1R14A,INFEASIBLE,INFEASIBLE,OPTIMAL,OPTIMAL
YIF1B,INFEASIBLE,INFEASIBLE,OPTIMAL,INFEASIBLE
CATSPERG,INFEASIBLE,INFEASIBLE,OPTIMAL,INFEASIBLE
PSMD8,INFEASIBLE,INFEASIBLE,OPTIMAL,OPTIMAL
FAM98C,INFEASIBLE,INFEASIBLE,OPTIMAL,OPTIMAL
EIF3K,INFEASIBLE,INFEASIBLE,OPTIMAL,OPTIMAL
ACTN4,INFEASIBLE,OPTIMAL,INFEASIBLE,INFEASIBLE
ECH1,INFEASIBLE,INFEASIBLE,OPTIMAL,OPTIMAL
HNRNPL,INFEASIBLE,INFEASIBLE,INFEASIBLE,INFEASIBLE
SIRT2,OPTIMAL,OPTIMAL,OPTIMAL,OPTIMAL
NFKBIB,INFEASIBLE,INFEASIBLE,OPTIMAL,OPTIMAL
SARS2,INFEASIBLE,INFEASIBLE,OPTIMAL,INFEASIBLE
MRPS12,INFEASIBLE,INFEASIBLE,OPTIMAL,OPTIMAL
FBXO17,INFEASIBLE,OPTIMAL,OPTIMAL,OPTIMAL
PAK4,OPTIMAL,OPTIMAL,OPTIMAL,INFEASIBLE
LRFN1,OPTIMAL,OPTIMAL,OPTIMAL,OPTIMAL
SAMD4B,OPTIMAL,OPTIMAL,OPTIMAL,OPTIMAL
PAF1,INFEASIBLE,OPTIMAL,OPTIMAL,OPTIMAL
MED29,INFEASIBLE,INFEASIBLE,OPTIMAL,INFEASIBLE
RPS16,INFEASIBLE,INFEASIBLE,INFEASIBLE,OPTIMAL
SUPT5H,INFEASIBLE,INFEASIBLE,OPTIMAL,OPTIMAL
TIMM50,OPTIMAL,OPTIMAL,OPTIMAL,INFEASIBLE
DLL3,INFEASIBLE,OPTIMAL,OPTIMAL,OPTIMAL
EID2B,INFEASIBLE,INFEASIBLE,INFEASIBLE,OPTIMAL
EID2,INFEASIBLE,INFEASIBLE,OPTIMAL,OPTIMAL
FBL,INFEASIBLE,INFEASIBLE,INFEASIBLE,OPTIMAL
PSMC4,INFEASIBLE,OPTIMAL,OPTIMAL,OPTIMAL
ZNF546,INFEASIBLE,INFEASIBLE,INFEASIBLE,OPTIMAL
ZNF780B,INFEASIBLE,INFEASIBLE,INFEASIBLE,INFEASIBLE
ZNF780A,INFEASIBLE,INFEASIBLE,OPTIMAL,OPTIMAL
MAP3K10,OPTIMAL,OPTIMAL,OPTIMAL,OPTIMAL
AKT2,OPTIMAL,OPTIMAL,OPTIMAL,OPTIMAL
C19orf47,INFEASIBLE,INFEASIBLE,OPTIMAL,OPTIMAL
PLD3,OPTIMAL,OPTIMAL,INFEASIBLE,OPTIMAL
SERTAD1,INFEASIBLE,OPTIMAL,OPTIMAL,OPTIMAL
SERTAD3,INFEASIBLE,INFEASIBLE,OPTIMAL,OPTIMAL
BLVRB,INFEASIBLE,INFEASIBLE,OPTIMAL,OPTIMAL
SPTBN4,OPTIMAL,OPTIMAL,OPTIMAL,OPTIMAL
SHKBP1,OPTIMAL,OPTIMAL,OPTIMAL,OPTIMAL
LTBP4,OPTIMAL,OPTIMAL,OPTIMAL,OPTIMAL
NUMBL,OPTIMAL,OPTIMAL,OPTIMAL,OPTIMAL
COQ8B,INFEASIBLE,INFEASIBLE,INFEASIBLE,INFEASIBLE
ACTMAP,INFEASIBLE,INFEASIBLE,INFEASIBLE,OPTIMAL
SNRPA,INFEASIBLE,INFEASIBLE,OPTIMAL,OPTIMAL
RAB4B,OPTIMAL,OPTIMAL,OPTIMAL,OPTIMAL
EGLN2,INFEASIBLE,OPTIMAL,INFEASIBLE,OPTIMAL
HNRNPUL1,INFEASIBLE,OPTIMAL,OPTIMAL,OPTIMAL
TGFB1,OPTIMAL,OPTIMAL,OPTIMAL,OPTIMAL
CCDC97,INFEASIBLE,INFEASIBLE,OPTIMAL,OPTIMAL
TMEM91,INFEASIBLE,INFEASIBLE,OPTIMAL,OPTIMAL
B9D2,INFEASIBLE,INFEASIBLE,OPTIMAL,OPTIMAL
EXOSC5,INFEASIBLE,INFEASIBLE,OPTIMAL,OPTIMAL
BCKDHA,INFEASIBLE,INFEASIBLE,OPTIMAL,OPTIMAL
DMAC2,OPTIMAL,OPTIMAL,OPTIMAL,OPTIMAL
RPS19,INFEASIBLE,INFEASIBLE,OPTIMAL,OPTIMAL
ARHGEF1,OPTIMAL,OPTIMAL,OPTIMAL,OPTIMAL
RABAC1,INFEASIBLE,INFEASIBLE,OPTIMAL,OPTIMAL
ZNF574,OPTIMAL,OPTIMAL,OPTIMAL,OPTIMAL
DEDD2,INFEASIBLE,INFEASIBLE,INFEASIBLE,OPTIMAL
ZNF526,OPTIMAL,OPTIMAL,OPTIMAL,OPTIMAL
GSK3A,INFEASIBLE,INFEASIBLE,INFEASIBLE,OPTIMAL
ERF,INFEASIBLE,INFEASIBLE,OPTIMAL,OPTIMAL
CIC,OPTIMAL,OPTIMAL,OPTIMAL,OPTIMAL
PAFAH1B3,INFEASIBLE,INFEASIBLE,OPTIMAL,OPTIMAL
MEGF8,OPTIMAL,OPTIMAL,OPTIMAL,OPTIMAL
CNFN,INFEASIBLE,INFEASIBLE,OPTIMAL,OPTIMAL
PHLDB3,INFEASIBLE,INFEASIBLE,OPTIMAL,OPTIMAL
ETHE1,OPTIMAL,OPTIMAL,INFEASIBLE,INFEASIBLE
XRCC1,INFEASIBLE,INFEASIBLE,INFEASIBLE,OPTIMAL
IRGQ,INFEASIBLE,INFEASIBLE,INFEASIBLE,OPTIMAL
ZNF576,INFEASIBLE,INFEASIBLE,INFEASIBLE,OPTIMAL
ZNF428,INFEASIBLE,OPTIMAL,INFEASIBLE,OPTIMAL
PLAUR,OPTIMAL,OPTIMAL,OPTIMAL,OPTIMAL
SMG9,OPTIMAL,OPTIMAL,OPTIMAL,OPTIMAL
ZNF283,OPTIMAL,OPTIMAL,OPTIMAL,OPTIMAL
ZNF45,OPTIMAL,OPTIMAL,OPTIMAL,OPTIMAL
ZNF155,INFEASIBLE,INFEASIBLE,INFEASIBLE,OPTIMAL
ZNF224,INFEASIBLE,INFEASIBLE,OPTIMAL,INFEASIBLE
ZNF234,INFEASIBLE,INFEASIBLE,INFEASIBLE,INFEASIBLE
ZNF226,INFEASIBLE,INFEASIBLE,OPTIMAL,OPTIMAL
ZNF227,INFEASIBLE,INFEASIBLE,OPTIMAL,OPTIMAL
ZNF235,OPTIMAL,OPTIMAL,OPTIMAL,OPTIMAL
PVR,INFEASIBLE,INFEASIBLE,OPTIMAL,OPTIMAL
NECTIN2,OPTIMAL,OPTIMAL,INFEASIBLE,OPTIMAL
TOMM40,INFEASIBLE,INFEASIBLE,INFEASIBLE,OPTIMAL
APOE,INFEASIBLE,OPTIMAL,OPTIMAL,INFEASIBLE
APOC1,INFEASIBLE,INFEASIBLE,OPTIMAL,OPTIMAL
CLPTM1,OPTIMAL,OPTIMAL,OPTIMAL,OPTIMAL
CLASRP,OPTIMAL,OPTIMAL,OPTIMAL,INFEASIBLE
GEMIN7,INFEASIBLE,INFEASIBLE,OPTIMAL,OPTIMAL
MARK4,OPTIMAL,OPTIMAL,OPTIMAL,OPTIMAL
PPP1R37,OPTIMAL,OPTIMAL,OPTIMAL,OPTIMAL
TRAPPC6A,OPTIMAL,OPTIMAL,OPTIMAL,OPTIMAL
ERCC2,INFEASIBLE,INFEASIBLE,INFEASIBLE,OPTIMAL
PPP1R13L,OPTIMAL,OPTIMAL,OPTIMAL,OPTIMAL
POLR1G,INFEASIBLE,INFEASIBLE,OPTIMAL,OPTIMAL
ERCC1,OPTIMAL,OPTIMAL,INFEASIBLE,OPTIMAL
RTN2,OPTIMAL,OPTIMAL,INFEASIBLE,OPTIMAL
PPM1N,OPTIMAL,OPTIMAL,OPTIMAL,OPTIMAL
VASP,INFEASIBLE,INFEASIBLE,OPTIMAL,OPTIMAL
OPA3,OPTIMAL,OPTIMAL,OPTIMAL,OPTIMAL
EML2,OPTIMAL,OPTIMAL,OPTIMAL,OPTIMAL
SNRPD2,INFEASIBLE,INFEASIBLE,INFEASIBLE,OPTIMAL
QPCTL,INFEASIBLE,INFEASIBLE,OPTIMAL,OPTIMAL
FBXO46,INFEASIBLE,INFEASIBLE,OPTIMAL,OPTIMAL
DMPK,INFEASIBLE,INFEASIBLE,OPTIMAL,OPTIMAL
DMWD,OPTIMAL,OPTIMAL,OPTIMAL,OPTIMAL
SYMPK,OPTIMAL,OPTIMAL,INFEASIBLE,INFEASIBLE
IRF2BP1,INFEASIBLE,INFEASIBLE,INFEASIBLE,OPTIMAL
MYPOP,INFEASIBLE,INFEASIBLE,INFEASIBLE,OPTIMAL
PPP5C,INFEASIBLE,OPTIMAL,OPTIMAL,OPTIMAL
CCDC8,INFEASIBLE,INFEASIBLE,OPTIMAL,OPTIMAL
PNMA8A,OPTIMAL,OPTIMAL,OPTIMAL,OPTIMAL
CALM3,INFEASIBLE,OPTIMAL,OPTIMAL,OPTIMAL
PRKD2,INFEASIBLE,OPTIMAL,OPTIMAL,OPTIMAL
STRN4,INFEASIBLE,INFEASIBLE,OPTIMAL,OPTIMAL
FKRP,OPTIMAL,OPTIMAL,OPTIMAL,OPTIMAL
SLC1A5,INFEASIBLE,INFEASIBLE,INFEASIBLE,OPTIMAL
AP2S1,INFEASIBLE,INFEASIBLE,OPTIMAL,OPTIMAL
ARHGAP35,INFEASIBLE,OPTIMAL,OPTIMAL,INFEASIBLE
NPAS1,OPTIMAL,OPTIMAL,OPTIMAL,OPTIMAL
TMEM160,INFEASIBLE,INFEASIBLE,INFEASIBLE,OPTIMAL
ZC3H4,INFEASIBLE,INFEASIBLE,INFEASIBLE,OPTIMAL
SAE1,INFEASIBLE,INFEASIBLE,OPTIMAL,INFEASIBLE
BBC3,OPTIMAL,OPTIMAL,OPTIMAL,OPTIMAL
CCDC9,OPTIMAL,OPTIMAL,INFEASIBLE,OPTIMAL
DHX34,INFEASIBLE,OPTIMAL,OPTIMAL,OPTIMAL
NAPA,INFEASIBLE,OPTIMAL,OPTIMAL,OPTIMAL
NOP53,INFEASIBLE,INFEASIBLE,OPTIMAL,OPTIMAL
SELENOW,INFEASIBLE,INFEASIBLE,OPTIMAL,OPTIMAL
LIG1,INFEASIBLE,OPTIMAL,INFEASIBLE,INFEASIBLE
ZSWIM9,OPTIMAL,OPTIMAL,OPTIMAL,OPTIMAL
CARD8,OPTIMAL,OPTIMAL,OPTIMAL,OPTIMAL
EMP3,INFEASIBLE,INFEASIBLE,INFEASIBLE,OPTIMAL
TMEM143,OPTIMAL,OPTIMAL,OPTIMAL,OPTIMAL
KDELR1,INFEASIBLE,INFEASIBLE,OPTIMAL,INFEASIBLE
GRIN2D,OPTIMAL,OPTIMAL,INFEASIBLE,OPTIMAL
GRWD1,INFEASIBLE,OPTIMAL,OPTIMAL,OPTIMAL
KCNJ14,OPTIMAL,OPTIMAL,OPTIMAL,OPTIMAL
CYTH2,INFEASIBLE,INFEASIBLE,OPTIMAL,OPTIMAL
RPL18,INFEASIBLE,INFEASIBLE,INFEASIBLE,OPTIMAL
SPHK2,INFEASIBLE,INFEASIBLE,OPTIMAL,OPTIMAL
DBP,OPTIMAL,OPTIMAL,OPTIMAL,OPTIMAL
CA11,INFEASIBLE,OPTIMAL,OPTIMAL,INFEASIBLE
BCAT2,INFEASIBLE,INFEASIBLE,OPTIMAL,OPTIMAL
NUCB1,INFEASIBLE,INFEASIBLE,INFEASIBLE,OPTIMAL
BAX,OPTIMAL,OPTIMAL,OPTIMAL,OPTIMAL
FTL,INFEASIBLE,INFEASIBLE,INFEASIBLE,OPTIMAL
GYS1,INFEASIBLE,OPTIMAL,INFEASIBLE,OPTIMAL
RUVBL2,INFEASIBLE,INFEASIBLE,OPTIMAL,OPTIMAL
SNRNP70,INFEASIBLE,INFEASIBLE,OPTIMAL,OPTIMAL
LIN7B,OPTIMAL,OPTIMAL,OPTIMAL,OPTIMAL
PPFIA3,OPTIMAL,OPTIMAL,INFEASIBLE,OPTIMAL
TRPM4,OPTIMAL,OPTIMAL,OPTIMAL,OPTIMAL
SLC6A16,OPTIMAL,OPTIMAL,OPTIMAL,OPTIMAL
TEAD2,INFEASIBLE,INFEASIBLE,INFEASIBLE,OPTIMAL
PIH1D1,INFEASIBLE,INFEASIBLE,OPTIMAL,OPTIMAL
ALDH16A1,OPTIMAL,OPTIMAL,OPTIMAL,OPTIMAL
RPL13A,INFEASIBLE,INFEASIBLE,INFEASIBLE,INFEASIBLE
RPS11,INFEASIBLE,INFEASIBLE,INFEASIBLE,OPTIMAL
FCGRT,INFEASIBLE,INFEASIBLE,OPTIMAL,OPTIMAL
NOSIP,INFEASIBLE,OPTIMAL,OPTIMAL,OPTIMAL
PRR12,OPTIMAL,OPTIMAL,OPTIMAL,OPTIMAL
RRAS,OPTIMAL,OPTIMAL,OPTIMAL,OPTIMAL
SCAF1,OPTIMAL,OPTIMAL,OPTIMAL,OPTIMAL
IRF3,INFEASIBLE,INFEASIBLE,OPTIMAL,OPTIMAL
BCL2L12,INFEASIBLE,OPTIMAL,OPTIMAL,OPTIMAL
PRMT1,INFEASIBLE,INFEASIBLE,OPTIMAL,OPTIMAL
CPT1C,OPTIMAL,OPTIMAL,OPTIMAL,OPTIMAL
AP2A1,INFEASIBLE,INFEASIBLE,OPTIMAL,INFEASIBLE
FUZ,INFEASIBLE,OPTIMAL,OPTIMAL,OPTIMAL
MED25,OPTIMAL,OPTIMAL,OPTIMAL,OPTIMAL
PTOV1,INFEASIBLE,OPTIMAL,OPTIMAL,OPTIMAL
PNKP,INFEASIBLE,OPTIMAL,INFEASIBLE,OPTIMAL
AKT1S1,INFEASIBLE,OPTIMAL,OPTIMAL,OPTIMAL
TBC1D17,OPTIMAL,OPTIMAL,OPTIMAL,OPTIMAL
NUP62,INFEASIBLE,INFEASIBLE,INFEASIBLE,OPTIMAL
ATF5,OPTIMAL,OPTIMAL,OPTIMAL,OPTIMAL
VRK3,OPTIMAL,OPTIMAL,OPTIMAL,OPTIMAL
ZNF473,INFEASIBLE,OPTIMAL,INFEASIBLE,OPTIMAL
MYH14,OPTIMAL,OPTIMAL,OPTIMAL,OPTIMAL
NR1H2,OPTIMAL,OPTIMAL,OPTIMAL,OPTIMAL
POLD1,INFEASIBLE,OPTIMAL,OPTIMAL,OPTIMAL
EMC10,INFEASIBLE,OPTIMAL,INFEASIBLE,OPTIMAL
JOSD2,INFEASIBLE,INFEASIBLE,OPTIMAL,OPTIMAL
C19orf81,INFEASIBLE,INFEASIBLE,OPTIMAL,OPTIMAL
CLEC11A,INFEASIBLE,INFEASIBLE,OPTIMAL,INFEASIBLE
KLK8,INFEASIBLE,INFEASIBLE,OPTIMAL,OPTIMAL
CTU1,OPTIMAL,OPTIMAL,OPTIMAL,OPTIMAL
ETFB,INFEASIBLE,INFEASIBLE,OPTIMAL,OPTIMAL
ZNF649,INFEASIBLE,INFEASIBLE,OPTIMAL,OPTIMAL
ZNF614,INFEASIBLE,INFEASIBLE,OPTIMAL,OPTIMAL
ZNF616,INFEASIBLE,INFEASIBLE,INFEASIBLE,OPTIMAL
PPP2R1A,INFEASIBLE,OPTIMAL,OPTIMAL,INFEASIBLE
ZNF766,INFEASIBLE,INFEASIBLE,INFEASIBLE,OPTIMAL
ZNF480,INFEASIBLE,OPTIMAL,OPTIMAL,OPTIMAL
ZNF611,OPTIMAL,OPTIMAL,OPTIMAL,OPTIMAL
ZNF845,INFEASIBLE,INFEASIBLE,OPTIMAL,OPTIMAL
ZNF765,OPTIMAL,OPTIMAL,OPTIMAL,OPTIMAL
ZNF761,INFEASIBLE,INFEASIBLE,OPTIMAL,OPTIMAL
MYADM,OPTIMAL,OPTIMAL,INFEASIBLE,OPTIMAL
CACNG8,OPTIMAL,OPTIMAL,OPTIMAL,OPTIMAL
NDUFA3,INFEASIBLE,INFEASIBLE,OPTIMAL,OPTIMAL
TFPT,INFEASIBLE,INFEASIBLE,OPTIMAL,OPTIMAL
PRPF31,INFEASIBLE,INFEASIBLE,OPTIMAL,INFEASIBLE
CNOT3,INFEASIBLE,INFEASIBLE,OPTIMAL,INFEASIBLE
LENG1,INFEASIBLE,INFEASIBLE,OPTIMAL,OPTIMAL
MBOAT7,OPTIMAL,OPTIMAL,OPTIMAL,OPTIMAL
TSEN34,INFEASIBLE,OPTIMAL,INFEASIBLE,OPTIMAL
RPS9,INFEASIBLE,INFEASIBLE,OPTIMAL,OPTIMAL
LENG8,INFEASIBLE,OPTIMAL,OPTIMAL,OPTIMAL
LENG9,INFEASIBLE,INFEASIBLE,OPTIMAL,OPTIMAL
RDH13,INFEASIBLE,OPTIMAL,OPTIMAL,OPTIMAL
PPP1R12C,OPTIMAL,OPTIMAL,OPTIMAL,OPTIMAL
TNNT1,OPTIMAL,OPTIMAL,OPTIMAL,OPTIMAL
TNNI3,OPTIMAL,OPTIMAL,OPTIMAL,OPTIMAL
PPP6R1,OPTIMAL,OPTIMAL,INFEASIBLE,OPTIMAL
HSPBP1,INFEASIBLE,OPTIMAL,OPTIMAL,OPTIMAL
BRSK1,INFEASIBLE,OPTIMAL,INFEASIBLE,OPTIMAL
KMT5C,OPTIMAL,OPTIMAL,OPTIMAL,OPTIMAL
RPL28,INFEASIBLE,INFEASIBLE,INFEASIBLE,OPTIMAL
UBE2S,INFEASIBLE,INFEASIBLE,OPTIMAL,OPTIMAL
ISOC2,INFEASIBLE,INFEASIBLE,OPTIMAL,OPTIMAL
NAT14,INFEASIBLE,INFEASIBLE,INFEASIBLE,OPTIMAL
ZNF579,OPTIMAL,OPTIMAL,OPTIMAL,OPTIMAL
ZNF865,OPTIMAL,OPTIMAL,OPTIMAL,OPTIMAL
ZNF580,INFEASIBLE,OPTIMAL,OPTIMAL,OPTIMAL
ZNF581,INFEASIBLE,INFEASIBLE,OPTIMAL,OPTIMAL
CCDC106,INFEASIBLE,INFEASIBLE,OPTIMAL,OPTIMAL
U2AF2,INFEASIBLE,OPTIMAL,OPTIMAL,OPTIMAL
EPN1,OPTIMAL,OPTIMAL,OPTIMAL,OPTIMAL
ZNF787,OPTIMAL,OPTIMAL,OPTIMAL,OPTIMAL
ZNF444,INFEASIBLE,OPTIMAL,OPTIMAL,OPTIMAL
ZSCAN5A,INFEASIBLE,OPTIMAL,OPTIMAL,OPTIMAL
ZNF71,OPTIMAL,INFEASIBLE,OPTIMAL,OPTIMAL
ZNF264,INFEASIBLE,INFEASIBLE,INFEASIBLE,OPTIMAL
ZNF805,INFEASIBLE,INFEASIBLE,OPTIMAL,OPTIMAL
ZNF460,INFEASIBLE,INFEASIBLE,OPTIMAL,OPTIMAL
TRAPPC2B,INFEASIBLE,INFEASIBLE,OPTIMAL,OPTIMAL
ZNF749,INFEASIBLE,OPTIMAL,INFEASIBLE,OPTIMAL
ZNF530,INFEASIBLE,INFEASIBLE,OPTIMAL,OPTIMAL
ZNF134,INFEASIBLE,INFEASIBLE,OPTIMAL,OPTIMAL
ZNF551,INFEASIBLE,INFEASIBLE,OPTIMAL,OPTIMAL
ZNF586,INFEASIBLE,INFEASIBLE,OPTIMAL,OPTIMAL
ZNF552,INFEASIBLE,OPTIMAL,OPTIMAL,OPTIMAL
ZNF587B,OPTIMAL,OPTIMAL,OPTIMAL,OPTIMAL
ZNF814,OPTIMAL,OPTIMAL,OPTIMAL,OPTIMAL
ZNF587,INFEASIBLE,INFEASIBLE,OPTIMAL,OPTIMAL
ZNF274,INFEASIBLE,INFEASIBLE,OPTIMAL,INFEASIBLE
ZNF8,INFEASIBLE,INFEASIBLE,OPTIMAL,OPTIMAL
ERVK3-1,INFEASIBLE,INFEASIBLE,OPTIMAL,OPTIMAL
A1BG,INFEASIBLE,INFEASIBLE,INFEASIBLE,OPTIMAL
RPS5,INFEASIBLE,INFEASIBLE,OPTIMAL,OPTIMAL
ZNF584,OPTIMAL,OPTIMAL,OPTIMAL,OPTIMAL
SLC27A5,OPTIMAL,OPTIMAL,OPTIMAL,OPTIMAL
TRIM28,INFEASIBLE,OPTIMAL,INFEASIBLE,OPTIMAL
CHMP2A,INFEASIBLE,INFEASIBLE,OPTIMAL,OPTIMAL
UBE2M,INFEASIBLE,INFEASIBLE,INFEASIBLE,OPTIMAL
MZF1,INFEASIBLE,INFEASIBLE,INFEASIBLE,OPTIMAL
C20orf96,INFEASIBLE,INFEASIBLE,OPTIMAL,OPTIMAL
ZCCHC3,INFEASIBLE,INFEASIBLE,OPTIMAL,OPTIMAL
SOX12,OPTIMAL,OPTIMAL,INFEASIBLE,OPTIMAL
NRSN2,OPTIMAL,OPTIMAL,OPTIMAL,OPTIMAL
RBCK1,INFEASIBLE,OPTIMAL,OPTIMAL,OPTIMAL
TBC1D20,OPTIMAL,OPTIMAL,OPTIMAL,OPTIMAL
CSNK2A1,INFEASIBLE,OPTIMAL,OPTIMAL,OPTIMAL
SRXN1,OPTIMAL,OPTIMAL,OPTIMAL,OPTIMAL
PSMF1,INFEASIBLE,OPTIMAL,INFEASIBLE,OPTIMAL
FKBP1A,INFEASIBLE,INFEASIBLE,OPTIMAL,INFEASIBLE
NSFL1C,INFEASIBLE,INFEASIBLE,OPTIMAL,OPTIMAL
STK35,OPTIMAL,OPTIMAL,OPTIMAL,OPTIMAL
SNRPB,INFEASIBLE,INFEASIBLE,OPTIMAL,OPTIMAL
ZNF343,INFEASIBLE,INFEASIBLE,OPTIMAL,OPTIMAL
NOP56,INFEASIBLE,INFEASIBLE,OPTIMAL,OPTIMAL
IDH3B,INFEASIBLE,INFEASIBLE,OPTIMAL,OPTIMAL
VPS16,INFEASIBLE,INFEASIBLE,OPTIMAL,INFEASIBLE
PTPRA,INFEASIBLE,OPTIMAL,INFEASIBLE,INFEASIBLE
MRPS26,INFEASIBLE,INFEASIBLE,INFEASIBLE,OPTIMAL
UBOX5,OPTIMAL,OPTIMAL,OPTIMAL,OPTIMAL
FASTKD5,INFEASIBLE,OPTIMAL,OPTIMAL,OPTIMAL
DDRGK1,INFEASIBLE,INFEASIBLE,OPTIMAL,OPTIMAL
ITPA,INFEASIBLE,INFEASIBLE,OPTIMAL,OPTIMAL
DNAAF9,OPTIMAL,OPTIMAL,OPTIMAL,INFEASIBLE
ATRN,INFEASIBLE,OPTIMAL,INFEASIBLE,OPTIMAL
ADISSP,INFEASIBLE,INFEASIBLE,OPTIMAL,OPTIMAL
CENPB,OPTIMAL,OPTIMAL,OPTIMAL,OPTIMAL
CDC25B,INFEASIBLE,OPTIMAL,OPTIMAL,OPTIMAL
AP5S1,INFEASIBLE,INFEASIBLE,OPTIMAL,OPTIMAL
MAVS,OPTIMAL,OPTIMAL,OPTIMAL,OPTIMAL
PANK2,OPTIMAL,OPTIMAL,OPTIMAL,OPTIMAL
RNF24,INFEASIBLE,INFEASIBLE,OPTIMAL,OPTIMAL
SMOX,INFEASIBLE,OPTIMAL,OPTIMAL,OPTIMAL
PRNP,INFEASIBLE,INFEASIBLE,OPTIMAL,OPTIMAL
SLC23A2,INFEASIBLE,INFEASIBLE,INFEASIBLE,INFEASIBLE
TMEM230,INFEASIBLE,INFEASIBLE,OPTIMAL,INFEASIBLE
PCNA,INFEASIBLE,INFEASIBLE,OPTIMAL,INFEASIBLE
CDS2,INFEASIBLE,OPTIMAL,OPTIMAL,INFEASIBLE
GPCPD1,OPTIMAL,OPTIMAL,OPTIMAL,OPTIMAL
SHLD1,OPTIMAL,OPTIMAL,OPTIMAL,OPTIMAL
TRMT6,INFEASIBLE,INFEASIBLE,OPTIMAL,OPTIMAL
MCM8,INFEASIBLE,OPTIMAL,OPTIMAL,INFEASIBLE
CRLS1,INFEASIBLE,INFEASIBLE,OPTIMAL,OPTIMAL
BMP2,INFEASIBLE,INFEASIBLE,OPTIMAL,OPTIMAL
TMX4,INFEASIBLE,INFEASIBLE,INFEASIBLE,INFEASIBLE
PLCB1,OPTIMAL,OPTIMAL,INFEASIBLE,INFEASIBLE
PLCB4,INFEASIBLE,INFEASIBLE,INFEASIBLE,INFEASIBLE
ANKEF1,INFEASIBLE,INFEASIBLE,OPTIMAL,OPTIMAL
MKKS,INFEASIBLE,INFEASIBLE,INFEASIBLE,OPTIMAL
SLX4IP,INFEASIBLE,INFEASIBLE,OPTIMAL,OPTIMAL
BTBD3,INFEASIBLE,INFEASIBLE,INFEASIBLE,OPTIMAL
TASP1,OPTIMAL,OPTIMAL,INFEASIBLE,INFEASIBLE
ESF1,INFEASIBLE,INFEASIBLE,OPTIMAL,OPTIMAL
NDUFAF5,INFEASIBLE,INFEASIBLE,INFEASIBLE,OPTIMAL
MACROD2,OPTIMAL,OPTIMAL,OPTIMAL,OPTIMAL
KIF16B,INFEASIBLE,INFEASIBLE,INFEASIBLE,OPTIMAL
SNRPB2,INFEASIBLE,OPTIMAL,OPTIMAL,OPTIMAL
DSTN,INFEASIBLE,INFEASIBLE,INFEASIBLE,INFEASIBLE
RRBP1,INFEASIBLE,INFEASIBLE,OPTIMAL,OPTIMAL
SNX5,INFEASIBLE,OPTIMAL,INFEASIBLE,INFEASIBLE
OVOL2,INFEASIBLE,INFEASIBLE,INFEASIBLE,INFEASIBLE
MGME1,INFEASIBLE,INFEASIBLE,INFEASIBLE,INFEASIBLE
KAT14,INFEASIBLE,OPTIMAL,INFEASIBLE,OPTIMAL
PET117,INFEASIBLE,INFEASIBLE,OPTIMAL,OPTIMAL
ZNF133,INFEASIBLE,INFEASIBLE,OPTIMAL,OPTIMAL
POLR3F,OPTIMAL,OPTIMAL,INFEASIBLE,OPTIMAL
RBBP9,INFEASIBLE,INFEASIBLE,OPTIMAL,INFEASIBLE
SEC23B,INFEASIBLE,INFEASIBLE,INFEASIBLE,OPTIMAL
SMIM26,INFEASIBLE,INFEASIBLE,OPTIMAL,OPTIMAL
DTD1,INFEASIBLE,INFEASIBLE,OPTIMAL,OPTIMAL
RIN2,OPTIMAL,OPTIMAL,INFEASIBLE,OPTIMAL
NAA20,INFEASIBLE,INFEASIBLE,OPTIMAL,OPTIMAL
CRNKL1,INFEASIBLE,INFEASIBLE,OPTIMAL,OPTIMAL
RALGAPA2,OPTIMAL,OPTIMAL,OPTIMAL,OPTIMAL
KIZ,INFEASIBLE,INFEASIBLE,INFEASIBLE,INFEASIBLE
XRN2,INFEASIBLE,INFEASIBLE,OPTIMAL,INFEASIBLE
NXT1,INFEASIBLE,INFEASIBLE,INFEASIBLE,OPTIMAL
GZF1,INFEASIBLE,OPTIMAL,OPTIMAL,OPTIMAL
NAPB,OPTIMAL,OPTIMAL,OPTIMAL,OPTIMAL
CST3,INFEASIBLE,INFEASIBLE,OPTIMAL,OPTIMAL
SYNDIG1,INFEASIBLE,INFEASIBLE,OPTIMAL,OPTIMAL
APMAP,INFEASIBLE,INFEASIBLE,OPTIMAL,OPTIMAL
ENTPD6,INFEASIBLE,INFEASIBLE,OPTIMAL,OPTIMAL
PYGB,INFEASIBLE,OPTIMAL,OPTIMAL,OPTIMAL
ABHD12,OPTIMAL,OPTIMAL,OPTIMAL,INFEASIBLE
GINS1,INFEASIBLE,INFEASIBLE,OPTIMAL,INFEASIBLE
NINL,INFEASIBLE,OPTIMAL,OPTIMAL,OPTIMAL
NANP,INFEASIBLE,OPTIMAL,OPTIMAL,OPTIMAL
ZNF337,INFEASIBLE,INFEASIBLE,INFEASIBLE,OPTIMAL
HM13,INFEASIBLE,INFEASIBLE,INFEASIBLE,OPTIMAL
ID1,INFEASIBLE,OPTIMAL,INFEASIBLE,OPTIMAL
BCL2L1,INFEASIBLE,OPTIMAL,OPTIMAL,OPTIMAL
TPX2,INFEASIBLE,INFEASIBLE,OPTIMAL,OPTIMAL
PDRG1,INFEASIBLE,INFEASIBLE,OPTIMAL,OPTIMAL
TM9SF4,INFEASIBLE,INFEASIBLE,OPTIMAL,OPTIMAL
PLAGL2,INFEASIBLE,OPTIMAL,INFEASIBLE,INFEASIBLE
POFUT1,INFEASIBLE,OPTIMAL,OPTIMAL,OPTIMAL
KIF3B,OPTIMAL,OPTIMAL,OPTIMAL,INFEASIBLE
ASXL1,OPTIMAL,OPTIMAL,INFEASIBLE,INFEASIBLE
NOL4L,OPTIMAL,OPTIMAL,OPTIMAL,OPTIMAL
COMMD7,INFEASIBLE,OPTIMAL,OPTIMAL,OPTIMAL
DNMT3B,INFEASIBLE,INFEASIBLE,OPTIMAL,OPTIMAL
MAPRE1,INFEASIBLE,INFEASIBLE,OPTIMAL,OPTIMAL
CDK5RAP1,INFEASIBLE,INFEASIBLE,OPTIMAL,OPTIMAL
SNTA1,INFEASIBLE,OPTIMAL,OPTIMAL,OPTIMAL
CBFA2T2,OPTIMAL,OPTIMAL,INFEASIBLE,INFEASIBLE
E2F1,INFEASIBLE,OPTIMAL,OPTIMAL,INFEASIBLE
CHMP4B,INFEASIBLE,OPTIMAL,INFEASIBLE,OPTIMAL
RALY,OPTIMAL,OPTIMAL,OPTIMAL,OPTIMAL
EIF2S2,INFEASIBLE,INFEASIBLE,OPTIMAL,INFEASIBLE
AHCY,INFEASIBLE,INFEASIBLE,OPTIMAL,INFEASIBLE
ITCH,INFEASIBLE,INFEASIBLE,INFEASIBLE,INFEASIBLE
DYNLRB1,INFEASIBLE,INFEASIBLE,OPTIMAL,OPTIMAL
PIGU,OPTIMAL,OPTIMAL,OPTIMAL,OPTIMAL
NCOA6,INFEASIBLE,OPTIMAL,INFEASIBLE,OPTIMAL
GGT7,INFEASIBLE,INFEASIBLE,OPTIMAL,OPTIMAL
ACSS2,OPTIMAL,OPTIMAL,OPTIMAL,OPTIMAL
GSS,INFEASIBLE,INFEASIBLE,OPTIMAL,OPTIMAL
TRPC4AP,INFEASIBLE,INFEASIBLE,OPTIMAL,OPTIMAL
EDEM2,INFEASIBLE,INFEASIBLE,OPTIMAL,OPTIMAL
MMP24OS,OPTIMAL,OPTIMAL,OPTIMAL,OPTIMAL
EIF6,INFEASIBLE,OPTIMAL,OPTIMAL,OPTIMAL
UQCC1,INFEASIBLE,INFEASIBLE,OPTIMAL,OPTIMAL
CEP250,INFEASIBLE,INFEASIBLE,OPTIMAL,OPTIMAL
ERGIC3,INFEASIBLE,INFEASIBLE,INFEASIBLE,OPTIMAL
CPNE1,INFEASIBLE,INFEASIBLE,OPTIMAL,INFEASIBLE
RBM12,INFEASIBLE,INFEASIBLE,OPTIMAL,OPTIMAL
NFS1,INFEASIBLE,INFEASIBLE,OPTIMAL,OPTIMAL
ROMO1,INFEASIBLE,INFEASIBLE,INFEASIBLE,OPTIMAL
RBM39,INFEASIBLE,INFEASIBLE,OPTIMAL,OPTIMAL
PHF20,INFEASIBLE,INFEASIBLE,OPTIMAL,OPTIMAL
SCAND1,INFEASIBLE,INFEASIBLE,OPTIMAL,OPTIMAL
CNBD2,INFEASIBLE,INFEASIBLE,OPTIMAL,OPTIMAL
EPB41L1,OPTIMAL,OPTIMAL,OPTIMAL,OPTIMAL
AAR2,INFEASIBLE,OPTIMAL,OPTIMAL,OPTIMAL
DLGAP4,OPTIMAL,OPTIMAL,OPTIMAL,OPTIMAL
TGIF2,OPTIMAL,OPTIMAL,INFEASIBLE,OPTIMAL
RAB5IF,INFEASIBLE,OPTIMAL,OPTIMAL,OPTIMAL
NDRG3,INFEASIBLE,OPTIMAL,INFEASIBLE,INFEASIBLE
DSN1,INFEASIBLE,INFEASIBLE,INFEASIBLE,OPTIMAL
SOGA1,OPTIMAL,OPTIMAL,OPTIMAL,OPTIMAL
SAMHD1,INFEASIBLE,OPTIMAL,INFEASIBLE,OPTIMAL
RBL1,OPTIMAL,OPTIMAL,OPTIMAL,OPTIMAL
RPN2,INFEASIBLE,INFEASIBLE,INFEASIBLE,OPTIMAL
MANBAL,INFEASIBLE,INFEASIBLE,OPTIMAL,OPTIMAL
BLCAP,INFEASIBLE,INFEASIBLE,OPTIMAL,INFEASIBLE
CTNNBL1,INFEASIBLE,INFEASIBLE,OPTIMAL,INFEASIBLE
TTI1,INFEASIBLE,INFEASIBLE,OPTIMAL,OPTIMAL
RPRD1B,INFEASIBLE,OPTIMAL,INFEASIBLE,INFEASIBLE
RALGAPB,INFEASIBLE,OPTIMAL,OPTIMAL,OPTIMAL
ACTR5,OPTIMAL,OPTIMAL,OPTIMAL,OPTIMAL
FAM83D,INFEASIBLE,OPTIMAL,OPTIMAL,INFEASIBLE
DHX35,OPTIMAL,OPTIMAL,OPTIMAL,OPTIMAL
MAFB,OPTIMAL,OPTIMAL,OPTIMAL,OPTIMAL
TOP1,INFEASIBLE,INFEASIBLE,OPTIMAL,OPTIMAL
PLCG1,OPTIMAL,OPTIMAL,OPTIMAL,OPTIMAL
ZHX3,INFEASIBLE,INFEASIBLE,OPTIMAL,OPTIMAL
LPIN3,INFEASIBLE,INFEASIBLE,OPTIMAL,OPTIMAL
CHD6,INFEASIBLE,INFEASIBLE,INFEASIBLE,OPTIMAL
PTPRT,INFEASIBLE,OPTIMAL,OPTIMAL,OPTIMAL
SRSF6,INFEASIBLE,INFEASIBLE,INFEASIBLE,INFEASIBLE
L3MBTL1,OPTIMAL,OPTIMAL,INFEASIBLE,OPTIMAL
IFT52,INFEASIBLE,INFEASIBLE,OPTIMAL,INFEASIBLE
MYBL2,INFEASIBLE,OPTIMAL,OPTIMAL,INFEASIBLE
TOX2,INFEASIBLE,OPTIMAL,OPTIMAL,OPTIMAL
OSER1,INFEASIBLE,INFEASIBLE,OPTIMAL,OPTIMAL
FITM2,INFEASIBLE,INFEASIBLE,OPTIMAL,OPTIMAL
TTPAL,OPTIMAL,OPTIMAL,OPTIMAL,OPTIMAL
SERINC3,INFEASIBLE,INFEASIBLE,OPTIMAL,OPTIMAL
PKIG,INFEASIBLE,INFEASIBLE,OPTIMAL,OPTIMAL
ADA,INFEASIBLE,INFEASIBLE,OPTIMAL,OPTIMAL
RIMS4,OPTIMAL,OPTIMAL,OPTIMAL,OPTIMAL
YWHAB,INFEASIBLE,INFEASIBLE,INFEASIBLE,OPTIMAL
PABPC1L,INFEASIBLE,OPTIMAL,INFEASIBLE,OPTIMAL
TOMM34,INFEASIBLE,INFEASIBLE,INFEASIBLE,OPTIMAL
STK4,INFEASIBLE,INFEASIBLE,OPTIMAL,INFEASIBLE
SDC4,INFEASIBLE,INFEASIBLE,INFEASIBLE,OPTIMAL
SYS1,INFEASIBLE,INFEASIBLE,INFEASIBLE,INFEASIBLE
DBNDD2,INFEASIBLE,INFEASIBLE,OPTIMAL,OPTIMAL
PIGT,INFEASIBLE,OPTIMAL,OPTIMAL,OPTIMAL
DNTTIP1,INFEASIBLE,OPTIMAL,OPTIMAL,OPTIMAL
UBE2C,INFEASIBLE,INFEASIBLE,OPTIMAL,OPTIMAL
ACOT8,INFEASIBLE,INFEASIBLE,OPTIMAL,OPTIMAL
CTSA,OPTIMAL,OPTIMAL,OPTIMAL,OPTIMAL
PLTP,OPTIMAL,OPTIMAL,OPTIMAL,OPTIMAL
PCIF1,OPTIMAL,OPTIMAL,OPTIMAL,OPTIMAL
ZNF335,INFEASIBLE,INFEASIBLE,OPTIMAL,OPTIMAL
SLC12A5,INFEASIBLE,INFEASIBLE,OPTIMAL,OPTIMAL
NCOA5,INFEASIBLE,OPTIMAL,OPTIMAL,OPTIMAL
SLC35C2,INFEASIBLE,INFEASIBLE,OPTIMAL,OPTIMAL
ELMO2,OPTIMAL,OPTIMAL,OPTIMAL,OPTIMAL
SLC13A3,OPTIMAL,OPTIMAL,OPTIMAL,OPTIMAL
TP53RK,INFEASIBLE,INFEASIBLE,OPTIMAL,OPTIMAL
EYA2,INFEASIBLE,OPTIMAL,INFEASIBLE,INFEASIBLE
ZMYND8,INFEASIBLE,INFEASIBLE,INFEASIBLE,OPTIMAL
NCOA3,OPTIMAL,OPTIMAL,OPTIMAL,INFEASIBLE
SULF2,INFEASIBLE,OPTIMAL,OPTIMAL,OPTIMAL
ARFGEF2,INFEASIBLE,OPTIMAL,INFEASIBLE,OPTIMAL
CSE1L,INFEASIBLE,INFEASIBLE,INFEASIBLE,INFEASIBLE
STAU1,INFEASIBLE,INFEASIBLE,INFEASIBLE,OPTIMAL
DDX27,INFEASIBLE,INFEASIBLE,OPTIMAL,OPTIMAL
ZNFX1,INFEASIBLE,INFEASIBLE,OPTIMAL,OPTIMAL
B4GALT5,INFEASIBLE,OPTIMAL,INFEASIBLE,INFEASIBLE
SLC9A8,OPTIMAL,OPTIMAL,OPTIMAL,OPTIMAL
RNF114,OPTIMAL,OPTIMAL,OPTIMAL,OPTIMAL
UBE2V1,INFEASIBLE,INFEASIBLE,OPTIMAL,OPTIMAL
PEDS1,INFEASIBLE,INFEASIBLE,OPTIMAL,OPTIMAL
CEBPB,OPTIMAL,OPTIMAL,OPTIMAL,INFEASIBLE
PTPN1,INFEASIBLE,INFEASIBLE,OPTIMAL,INFEASIBLE
PARD6B,INFEASIBLE,INFEASIBLE,OPTIMAL,INFEASIBLE
BCAS4,INFEASIBLE,INFEASIBLE,OPTIMAL,OPTIMAL
ADNP,INFEASIBLE,INFEASIBLE,INFEASIBLE,OPTIMAL
DPM1,INFEASIBLE,INFEASIBLE,OPTIMAL,OPTIMAL
MOCS3,INFEASIBLE,INFEASIBLE,OPTIMAL,OPTIMAL
KCNG1,INFEASIBLE,INFEASIBLE,OPTIMAL,OPTIMAL
ATP9A,OPTIMAL,OPTIMAL,OPTIMAL,OPTIMAL
ZFP64,INFEASIBLE,OPTIMAL,OPTIMAL,INFEASIBLE
TSHZ2,OPTIMAL,OPTIMAL,OPTIMAL,OPTIMAL
ZNF217,OPTIMAL,OPTIMAL,INFEASIBLE,INFEASIBLE
PFDN4,INFEASIBLE,INFEASIBLE,OPTIMAL,OPTIMAL
FAM210B,INFEASIBLE,INFEASIBLE,INFEASIBLE,OPTIMAL
AURKA,INFEASIBLE,INFEASIBLE,OPTIMAL,OPTIMAL
CSTF1,INFEASIBLE,INFEASIBLE,OPTIMAL,INFEASIBLE
RTF2,INFEASIBLE,INFEASIBLE,INFEASIBLE,INFEASIBLE
TFAP2C,INFEASIBLE,INFEASIBLE,INFEASIBLE,OPTIMAL
BMP7,OPTIMAL,OPTIMAL,OPTIMAL,OPTIMAL
RAE1,INFEASIBLE,OPTIMAL,OPTIMAL,OPTIMAL
RBM38,OPTIMAL,OPTIMAL,OPTIMAL,OPTIMAL
HMGB1P1,INFEASIBLE,INFEASIBLE,OPTIMAL,OPTIMAL
PMEPA1,OPTIMAL,OPTIMAL,OPTIMAL,OPTIMAL
RAB22A,INFEASIBLE,OPTIMAL,INFEASIBLE,OPTIMAL
VAPB,OPTIMAL,OPTIMAL,OPTIMAL,OPTIMAL
STX16,INFEASIBLE,INFEASIBLE,INFEASIBLE,OPTIMAL
GNAS,INFEASIBLE,INFEASIBLE,INFEASIBLE,INFEASIBLE
NELFCD,OPTIMAL,OPTIMAL,OPTIMAL,OPTIMAL
ATP5F1E,INFEASIBLE,INFEASIBLE,INFEASIBLE,INFEASIBLE
PRELID3B,INFEASIBLE,INFEASIBLE,OPTIMAL,OPTIMAL
PHACTR3,OPTIMAL,OPTIMAL,INFEASIBLE,OPTIMAL
FAM217B,INFEASIBLE,INFEASIBLE,INFEASIBLE,OPTIMAL
CDH4,INFEASIBLE,OPTIMAL,OPTIMAL,OPTIMAL
TAF4,OPTIMAL,OPTIMAL,INFEASIBLE,OPTIMAL
LSM14B,OPTIMAL,OPTIMAL,INFEASIBLE,OPTIMAL
PSMA7,INFEASIBLE,INFEASIBLE,OPTIMAL,OPTIMAL
SS18L1,INFEASIBLE,INFEASIBLE,OPTIMAL,OPTIMAL
MTG2,INFEASIBLE,INFEASIBLE,OPTIMAL,OPTIMAL
OSBPL2,OPTIMAL,OPTIMAL,OPTIMAL,OPTIMAL
ADRM1,INFEASIBLE,INFEASIBLE,OPTIMAL,OPTIMAL
LAMA5,INFEASIBLE,OPTIMAL,OPTIMAL,OPTIMAL
RPS21,INFEASIBLE,INFEASIBLE,INFEASIBLE,OPTIMAL
SLCO4A1,OPTIMAL,OPTIMAL,OPTIMAL,OPTIMAL
MRGBP,INFEASIBLE,INFEASIBLE,OPTIMAL,OPTIMAL
OGFR,OPTIMAL,OPTIMAL,OPTIMAL,OPTIMAL
TCFL5,INFEASIBLE,OPTIMAL,OPTIMAL,OPTIMAL
DIDO1,INFEASIBLE,INFEASIBLE,OPTIMAL,OPTIMAL
GID8,INFEASIBLE,INFEASIBLE,OPTIMAL,OPTIMAL
YTHDF1,INFEASIBLE,OPTIMAL,OPTIMAL,OPTIMAL
ARFGAP1,INFEASIBLE,INFEASIBLE,OPTIMAL,OPTIMAL
KCNQ2,OPTIMAL,OPTIMAL,INFEASIBLE,OPTIMAL
EEF1A2,INFEASIBLE,OPTIMAL,OPTIMAL,INFEASIBLE
PPDPF,INFEASIBLE,OPTIMAL,OPTIMAL,OPTIMAL
GMEB2,INFEASIBLE,OPTIMAL,INFEASIBLE,OPTIMAL
STMN3,INFEASIBLE,INFEASIBLE,OPTIMAL,OPTIMAL
RTEL1,INFEASIBLE,INFEASIBLE,INFEASIBLE,OPTIMAL
ARFRP1,INFEASIBLE,INFEASIBLE,OPTIMAL,OPTIMAL
ZGPAT,OPTIMAL,OPTIMAL,OPTIMAL,OPTIMAL
SLC2A4RG,OPTIMAL,OPTIMAL,OPTIMAL,OPTIMAL
ZBTB46,OPTIMAL,OPTIMAL,INFEASIBLE,OPTIMAL
TPD52L2,INFEASIBLE,INFEASIBLE,OPTIMAL,OPTIMAL
DNAJC5,INFEASIBLE,OPTIMAL,INFEASIBLE,INFEASIBLE
ZNF512B,OPTIMAL,OPTIMAL,OPTIMAL,OPTIMAL
PRPF6,INFEASIBLE,OPTIMAL,OPTIMAL,OPTIMAL
TCEA2,OPTIMAL,OPTIMAL,OPTIMAL,OPTIMAL
RGS19,OPTIMAL,OPTIMAL,OPTIMAL,OPTIMAL
PCMTD2,INFEASIBLE,INFEASIBLE,INFEASIBLE,INFEASIBLE
HSPA13,OPTIMAL,OPTIMAL,OPTIMAL,OPTIMAL
NRIP1,INFEASIBLE,OPTIMAL,INFEASIBLE,INFEASIBLE
USP25,INFEASIBLE,OPTIMAL,INFEASIBLE,INFEASIBLE
CXADR,INFEASIBLE,INFEASIBLE,OPTIMAL,OPTIMAL
BTG3,INFEASIBLE,INFEASIBLE,INFEASIBLE,INFEASIBLE
C21orf91,INFEASIBLE,INFEASIBLE,OPTIMAL,OPTIMAL
NCAM2,OPTIMAL,OPTIMAL,OPTIMAL,OPTIMAL
MRPL39,INFEASIBLE,INFEASIBLE,OPTIMAL,OPTIMAL
ATP5PF,INFEASIBLE,INFEASIBLE,OPTIMAL,OPTIMAL
GABPA,INFEASIBLE,INFEASIBLE,OPTIMAL,INFEASIBLE
APP,INFEASIBLE,OPTIMAL,INFEASIBLE,INFEASIBLE
ADAMTS1,INFEASIBLE,INFEASIBLE,OPTIMAL,OPTIMAL
N6AMT1,INFEASIBLE,INFEASIBLE,OPTIMAL,OPTIMAL
LTN1,OPTIMAL,OPTIMAL,OPTIMAL,OPTIMAL
RWDD2B,INFEASIBLE,INFEASIBLE,OPTIMAL,OPTIMAL
USP16,INFEASIBLE,INFEASIBLE,INFEASIBLE,OPTIMAL
CCT8,INFEASIBLE,INFEASIBLE,OPTIMAL,INFEASIBLE
BACH1,OPTIMAL,OPTIMAL,INFEASIBLE,OPTIMAL
TIAM1,OPTIMAL,OPTIMAL,OPTIMAL,OPTIMAL
SOD1,INFEASIBLE,INFEASIBLE,OPTIMAL,OPTIMAL
SCAF4,INFEASIBLE,INFEASIBLE,INFEASIBLE,OPTIMAL
HUNK,OPTIMAL,OPTIMAL,OPTIMAL,OPTIMAL
MIS18A,INFEASIBLE,INFEASIBLE,OPTIMAL,OPTIMAL
URB1,INFEASIBLE,OPTIMAL,INFEASIBLE,OPTIMAL
TCP10L,OPTIMAL,OPTIMAL,OPTIMAL,OPTIMAL
CFAP298,INFEASIBLE,INFEASIBLE,OPTIMAL,OPTIMAL
SYNJ1,INFEASIBLE,INFEASIBLE,INFEASIBLE,INFEASIBLE
PAXBP1,INFEASIBLE,INFEASIBLE,OPTIMAL,OPTIMAL
IFNAR2,INFEASIBLE,INFEASIBLE,INFEASIBLE,INFEASIBLE
IL10RB,INFEASIBLE,INFEASIBLE,OPTIMAL,OPTIMAL
IFNAR1,INFEASIBLE,INFEASIBLE,INFEASIBLE,INFEASIBLE
IFNGR2,OPTIMAL,OPTIMAL,INFEASIBLE,OPTIMAL
TMEM50B,INFEASIBLE,OPTIMAL,OPTIMAL,OPTIMAL
GART,INFEASIBLE,INFEASIBLE,OPTIMAL,INFEASIBLE
SON,INFEASIBLE,INFEASIBLE,OPTIMAL,OPTIMAL
DONSON,INFEASIBLE,INFEASIBLE,OPTIMAL,OPTIMAL
CRYZL1,OPTIMAL,OPTIMAL,OPTIMAL,OPTIMAL
ITSN1,OPTIMAL,OPTIMAL,INFEASIBLE,OPTIMAL
ATP5PO,INFEASIBLE,INFEASIBLE,INFEASIBLE,OPTIMAL
MRPS6,INFEASIBLE,INFEASIBLE,OPTIMAL,OPTIMAL
SLC5A3,INFEASIBLE,INFEASIBLE,OPTIMAL,OPTIMAL
SMIM11,INFEASIBLE,OPTIMAL,OPTIMAL,OPTIMAL
RCAN1,OPTIMAL,OPTIMAL,OPTIMAL,OPTIMAL
RUNX1,OPTIMAL,OPTIMAL,OPTIMAL,OPTIMAL
SETD4,INFEASIBLE,INFEASIBLE,OPTIMAL,OPTIMAL
CBR1,INFEASIBLE,INFEASIBLE,OPTIMAL,OPTIMAL
CBR3,INFEASIBLE,INFEASIBLE,OPTIMAL,OPTIMAL
DOP1B,OPTIMAL,OPTIMAL,OPTIMAL,OPTIMAL
MORC3,INFEASIBLE,INFEASIBLE,OPTIMAL,OPTIMAL
CHAF1B,INFEASIBLE,INFEASIBLE,OPTIMAL,OPTIMAL
SIM2,OPTIMAL,OPTIMAL,OPTIMAL,OPTIMAL
HLCS,INFEASIBLE,INFEASIBLE,INFEASIBLE,OPTIMAL
PIGP,INFEASIBLE,INFEASIBLE,OPTIMAL,OPTIMAL
TTC3,INFEASIBLE,INFEASIBLE,OPTIMAL,OPTIMAL
VPS26C,INFEASIBLE,INFEASIBLE,INFEASIBLE,INFEASIBLE
DYRK1A,INFEASIBLE,INFEASIBLE,INFEASIBLE,INFEASIBLE
ETS2,INFEASIBLE,INFEASIBLE,INFEASIBLE,OPTIMAL
PSMG1,INFEASIBLE,INFEASIBLE,INFEASIBLE,OPTIMAL
BRWD1,OPTIMAL,OPTIMAL,INFEASIBLE,INFEASIBLE
HMGN1,INFEASIBLE,OPTIMAL,INFEASIBLE,INFEASIBLE
GET1,INFEASIBLE,INFEASIBLE,OPTIMAL,OPTIMAL
DSCAM,INFEASIBLE,OPTIMAL,OPTIMAL,OPTIMAL
BACE2,OPTIMAL,OPTIMAL,INFEASIBLE,OPTIMAL
PRDM15,INFEASIBLE,OPTIMAL,OPTIMAL,OPTIMAL
ZBTB21,INFEASIBLE,OPTIMAL,INFEASIBLE,OPTIMAL
PDE9A,INFEASIBLE,OPTIMAL,INFEASIBLE,OPTIMAL
WDR4,INFEASIBLE,OPTIMAL,OPTIMAL,OPTIMAL
NDUFV3,INFEASIBLE,INFEASIBLE,INFEASIBLE,OPTIMAL
PKNOX1,INFEASIBLE,INFEASIBLE,OPTIMAL,OPTIMAL
CBS,INFEASIBLE,INFEASIBLE,OPTIMAL,OPTIMAL
U2AF1,INFEASIBLE,INFEASIBLE,OPTIMAL,OPTIMAL
RRP1B,INFEASIBLE,INFEASIBLE,OPTIMAL,OPTIMAL
PDXK,INFEASIBLE,INFEASIBLE,INFEASIBLE,OPTIMAL
CSTB,INFEASIBLE,INFEASIBLE,OPTIMAL,OPTIMAL
RRP1,INFEASIBLE,INFEASIBLE,OPTIMAL,OPTIMAL
AGPAT3,INFEASIBLE,INFEASIBLE,OPTIMAL,OPTIMAL
TRAPPC10,INFEASIBLE,INFEASIBLE,OPTIMAL,OPTIMAL
PWP2,INFEASIBLE,INFEASIBLE,OPTIMAL,OPTIMAL
GATD3,INFEASIBLE,INFEASIBLE,INFEASIBLE,OPTIMAL
PFKL,OPTIMAL,OPTIMAL,OPTIMAL,OPTIMAL
CFAP410,INFEASIBLE,INFEASIBLE,OPTIMAL,OPTIMAL
UBE2G2,INFEASIBLE,INFEASIBLE,INFEASIBLE,OPTIMAL
SUMO3,INFEASIBLE,INFEASIBLE,OPTIMAL,OPTIMAL
PTTG1IP,INFEASIBLE,INFEASIBLE,INFEASIBLE,OPTIMAL
SLX9,INFEASIBLE,INFEASIBLE,OPTIMAL,OPTIMAL
ADARB1,INFEASIBLE,INFEASIBLE,INFEASIBLE,OPTIMAL
POFUT2,INFEASIBLE,INFEASIBLE,OPTIMAL,OPTIMAL
COL18A1,OPTIMAL,OPTIMAL,INFEASIBLE,OPTIMAL
SLC19A1,INFEASIBLE,INFEASIBLE,OPTIMAL,INFEASIBLE
PCBP3,OPTIMAL,OPTIMAL,OPTIMAL,OPTIMAL
COL6A1,OPTIMAL,OPTIMAL,OPTIMAL,OPTIMAL
SPATC1L,INFEASIBLE,INFEASIBLE,OPTIMAL,INFEASIBLE
LSS,INFEASIBLE,INFEASIBLE,OPTIMAL,OPTIMAL
MCM3AP,INFEASIBLE,INFEASIBLE,OPTIMAL,OPTIMAL
YBEY,INFEASIBLE,INFEASIBLE,OPTIMAL,OPTIMAL
C21orf58,INFEASIBLE,INFEASIBLE,OPTIMAL,INFEASIBLE
PCNT,INFEASIBLE,OPTIMAL,OPTIMAL,OPTIMAL
DIP2A,OPTIMAL,OPTIMAL,INFEASIBLE,OPTIMAL
PRMT2,INFEASIBLE,INFEASIBLE,OPTIMAL,OPTIMAL
POTEH,INFEASIBLE,OPTIMAL,OPTIMAL,OPTIMAL
IL17RA,INFEASIBLE,INFEASIBLE,INFEASIBLE,OPTIMAL
HDHD5,INFEASIBLE,INFEASIBLE,OPTIMAL,OPTIMAL
CECR2,OPTIMAL,OPTIMAL,OPTIMAL,INFEASIBLE
ATP6V1E1,INFEASIBLE,INFEASIBLE,OPTIMAL,OPTIMAL
BCL2L13,INFEASIBLE,OPTIMAL,INFEASIBLE,OPTIMAL
BID,INFEASIBLE,OPTIMAL,OPTIMAL,OPTIMAL
MICAL3,OPTIMAL,OPTIMAL,INFEASIBLE,OPTIMAL
PEX26,INFEASIBLE,INFEASIBLE,OPTIMAL,OPTIMAL
USP18,INFEASIBLE,OPTIMAL,INFEASIBLE,OPTIMAL
DGCR2,OPTIMAL,OPTIMAL,INFEASIBLE,OPTIMAL
ESS2,INFEASIBLE,INFEASIBLE,INFEASIBLE,OPTIMAL
SLC25A1,INFEASIBLE,INFEASIBLE,OPTIMAL,OPTIMAL
CLTCL1,OPTIMAL,OPTIMAL,OPTIMAL,OPTIMAL
HIRA,OPTIMAL,OPTIMAL,OPTIMAL,OPTIMAL
C22orf39,INFEASIBLE,INFEASIBLE,OPTIMAL,OPTIMAL
MRPL40,INFEASIBLE,INFEASIBLE,OPTIMAL,OPTIMAL
UFD1,INFEASIBLE,INFEASIBLE,OPTIMAL,INFEASIBLE
CDC45,INFEASIBLE,INFEASIBLE,INFEASIBLE,INFEASIBLE
GP1BB,INFEASIBLE,INFEASIBLE,OPTIMAL,OPTIMAL
TBX1,OPTIMAL,OPTIMAL,OPTIMAL,OPTIMAL
GNB1L,INFEASIBLE,INFEASIBLE,OPTIMAL,OPTIMAL
RTL10,INFEASIBLE,INFEASIBLE,OPTIMAL,OPTIMAL
TXNRD2,OPTIMAL,OPTIMAL,INFEASIBLE,OPTIMAL
COMT,OPTIMAL,OPTIMAL,OPTIMAL,OPTIMAL
TANGO2,INFEASIBLE,OPTIMAL,OPTIMAL,OPTIMAL
DGCR8,OPTIMAL,OPTIMAL,OPTIMAL,OPTIMAL
TRMT2A,INFEASIBLE,OPTIMAL,OPTIMAL,OPTIMAL
RANBP1,INFEASIBLE,INFEASIBLE,OPTIMAL,OPTIMAL
ZDHHC8,INFEASIBLE,OPTIMAL,OPTIMAL,OPTIMAL
DGCR6L,INFEASIBLE,INFEASIBLE,OPTIMAL,OPTIMAL
ZNF74,INFEASIBLE,OPTIMAL,OPTIMAL,INFEASIBLE
SCARF2,OPTIMAL,OPTIMAL,OPTIMAL,OPTIMAL
KLHL22,INFEASIBLE,INFEASIBLE,OPTIMAL,OPTIMAL
MED15,OPTIMAL,OPTIMAL,INFEASIBLE,OPTIMAL
PI4KA,INFEASIBLE,INFEASIBLE,INFEASIBLE,OPTIMAL
SNAP29,INFEASIBLE,INFEASIBLE,OPTIMAL,OPTIMAL
CRKL,INFEASIBLE,INFEASIBLE,INFEASIBLE,OPTIMAL
LZTR1,INFEASIBLE,OPTIMAL,INFEASIBLE,OPTIMAL
THAP7,INFEASIBLE,OPTIMAL,OPTIMAL,OPTIMAL
HIC2,OPTIMAL,OPTIMAL,OPTIMAL,OPTIMAL
UBE2L3,INFEASIBLE,OPTIMAL,OPTIMAL,OPTIMAL
YDJC,INFEASIBLE,INFEASIBLE,OPTIMAL,OPTIMAL
SDF2L1,INFEASIBLE,INFEASIBLE,INFEASIBLE,OPTIMAL
PPIL2,OPTIMAL,OPTIMAL,OPTIMAL,OPTIMAL
YPEL1,INFEASIBLE,INFEASIBLE,OPTIMAL,OPTIMAL
MAPK1,INFEASIBLE,INFEASIBLE,INFEASIBLE,INFEASIBLE
PPM1F,OPTIMAL,OPTIMAL,OPTIMAL,OPTIMAL
TOP3B,INFEASIBLE,INFEASIBLE,INFEASIBLE,OPTIMAL
ZNF280B,INFEASIBLE,INFEASIBLE,OPTIMAL,INFEASIBLE
PRAME,INFEASIBLE,OPTIMAL,OPTIMAL,OPTIMAL
GNAZ,OPTIMAL,OPTIMAL,OPTIMAL,OPTIMAL
BCR,OPTIMAL,OPTIMAL,OPTIMAL,OPTIMAL
ZNF70,OPTIMAL,OPTIMAL,OPTIMAL,OPTIMAL
CHCHD10,INFEASIBLE,INFEASIBLE,OPTIMAL,OPTIMAL
SMARCB1,INFEASIBLE,OPTIMAL,OPTIMAL,OPTIMAL
DERL3,INFEASIBLE,INFEASIBLE,OPTIMAL,OPTIMAL
SLC2A11,INFEASIBLE,INFEASIBLE,OPTIMAL,OPTIMAL
MIF,INFEASIBLE,INFEASIBLE,OPTIMAL,OPTIMAL
DDT,INFEASIBLE,INFEASIBLE,OPTIMAL,OPTIMAL
CABIN1,INFEASIBLE,INFEASIBLE,OPTIMAL,OPTIMAL
SPECC1L,INFEASIBLE,INFEASIBLE,INFEASIBLE,OPTIMAL
GUCD1,INFEASIBLE,OPTIMAL,OPTIMAL,OPTIMAL
SNRPD3,INFEASIBLE,INFEASIBLE,INFEASIBLE,OPTIMAL
SGSM1,OPTIMAL,OPTIMAL,OPTIMAL,OPTIMAL
KIAA1671,INFEASIBLE,OPTIMAL,INFEASIBLE,OPTIMAL
GRK3,OPTIMAL,OPTIMAL,INFEASIBLE,OPTIMAL
ASPHD2,INFEASIBLE,INFEASIBLE,INFEASIBLE,INFEASIBLE
HPS4,OPTIMAL,OPTIMAL,OPTIMAL,OPTIMAL
SRRD,INFEASIBLE,INFEASIBLE,OPTIMAL,OPTIMAL
TFIP11,OPTIMAL,OPTIMAL,OPTIMAL,OPTIMAL
TPST2,INFEASIBLE,INFEASIBLE,INFEASIBLE,OPTIMAL
PITPNB,OPTIMAL,OPTIMAL,INFEASIBLE,INFEASIBLE
TTC28,OPTIMAL,OPTIMAL,INFEASIBLE,INFEASIBLE
CHEK2,INFEASIBLE,INFEASIBLE,OPTIMAL,OPTIMAL
HSCB,INFEASIBLE,INFEASIBLE,OPTIMAL,OPTIMAL
CCDC117,INFEASIBLE,INFEASIBLE,INFEASIBLE,INFEASIBLE
XBP1,INFEASIBLE,INFEASIBLE,OPTIMAL,INFEASIBLE
ZNRF3,OPTIMAL,OPTIMAL,INFEASIBLE,INFEASIBLE
KREMEN1,INFEASIBLE,INFEASIBLE,OPTIMAL,OPTIMAL
EMID1,OPTIMAL,OPTIMAL,OPTIMAL,OPTIMAL
RHBDD3,INFEASIBLE,OPTIMAL,INFEASIBLE,OPTIMAL
EWSR1,INFEASIBLE,INFEASIBLE,OPTIMAL,OPTIMAL
AP1B1,INFEASIBLE,OPTIMAL,INFEASIBLE,OPTIMAL
THOC5,INFEASIBLE,INFEASIBLE,OPTIMAL,OPTIMAL
NIPSNAP1,INFEASIBLE,INFEASIBLE,OPTIMAL,OPTIMAL
NF2,INFEASIBLE,INFEASIBLE,INFEASIBLE,INFEASIBLE
ZMAT5,INFEASIBLE,OPTIMAL,OPTIMAL,OPTIMAL
UQCR10,INFEASIBLE,INFEASIBLE,INFEASIBLE,OPTIMAL
ASCC2,OPTIMAL,OPTIMAL,OPTIMAL,OPTIMAL
MTMR3,INFEASIBLE,INFEASIBLE,OPTIMAL,INFEASIBLE
TBC1D10A,INFEASIBLE,INFEASIBLE,OPTIMAL,OPTIMAL
SF3A1,INFEASIBLE,INFEASIBLE,OPTIMAL,OPTIMAL
RNF215,INFEASIBLE,INFEASIBLE,OPTIMAL,OPTIMAL
SEC14L2,INFEASIBLE,INFEASIBLE,OPTIMAL,OPTIMAL
MTFP1,INFEASIBLE,INFEASIBLE,OPTIMAL,OPTIMAL
PES1,OPTIMAL,OPTIMAL,OPTIMAL,OPTIMAL
SLC35E4,OPTIMAL,OPTIMAL,INFEASIBLE,INFEASIBLE
DUSP18,OPTIMAL,OPTIMAL,OPTIMAL,OPTIMAL
OSBP2,INFEASIBLE,OPTIMAL,OPTIMAL,OPTIMAL
MORC2,INFEASIBLE,INFEASIBLE,OPTIMAL,OPTIMAL
TUG1,INFEASIBLE,INFEASIBLE,INFEASIBLE,INFEASIBLE
SMTN,OPTIMAL,OPTIMAL,OPTIMAL,OPTIMAL
SELENOM,INFEASIBLE,INFEASIBLE,OPTIMAL,OPTIMAL
RNF185,INFEASIBLE,INFEASIBLE,OPTIMAL,INFEASIBLE
LIMK2,OPTIMAL,OPTIMAL,INFEASIBLE,INFEASIBLE
PATZ1,OPTIMAL,OPTIMAL,OPTIMAL,OPTIMAL
DRG1,INFEASIBLE,INFEASIBLE,OPTIMAL,OPTIMAL
EIF4ENIF1,INFEASIBLE,INFEASIBLE,OPTIMAL,OPTIMAL
SFI1,INFEASIBLE,OPTIMAL,OPTIMAL,INFEASIBLE
PISD,OPTIMAL,OPTIMAL,INFEASIBLE,OPTIMAL
PRR14L,INFEASIBLE,OPTIMAL,INFEASIBLE,INFEASIBLE
DEPDC5,OPTIMAL,OPTIMAL,OPTIMAL,OPTIMAL
YWHAH,INFEASIBLE,INFEASIBLE,INFEASIBLE,OPTIMAL
RTCB,INFEASIBLE,INFEASIBLE,INFEASIBLE,INFEASIBLE
FBXO7,INFEASIBLE,INFEASIBLE,OPTIMAL,INFEASIBLE
SYN3,OPTIMAL,OPTIMAL,OPTIMAL,OPTIMAL
TIMP3,OPTIMAL,OPTIMAL,OPTIMAL,OPTIMAL
LARGE1,OPTIMAL,OPTIMAL,INFEASIBLE,OPTIMAL
HMGXB4,INFEASIBLE,INFEASIBLE,OPTIMAL,OPTIMAL
TOM1,INFEASIBLE,INFEASIBLE,OPTIMAL,OPTIMAL
HMOX1,INFEASIBLE,OPTIMAL,INFEASIBLE,INFEASIBLE
MCM5,INFEASIBLE,INFEASIBLE,OPTIMAL,OPTIMAL
RBFOX2,INFEASIBLE,OPTIMAL,INFEASIBLE,INFEASIBLE
APOL2,INFEASIBLE,INFEASIBLE,OPTIMAL,OPTIMAL
MYH9,INFEASIBLE,INFEASIBLE,OPTIMAL,INFEASIBLE
TXN2,INFEASIBLE,INFEASIBLE,OPTIMAL,OPTIMAL
FOXRED2,INFEASIBLE,OPTIMAL,OPTIMAL,OPTIMAL
EIF3D,INFEASIBLE,INFEASIBLE,OPTIMAL,OPTIMAL
IFT27,INFEASIBLE,INFEASIBLE,OPTIMAL,OPTIMAL
TST,INFEASIBLE,INFEASIBLE,OPTIMAL,OPTIMAL
MPST,INFEASIBLE,INFEASIBLE,OPTIMAL,OPTIMAL
KCTD17,OPTIMAL,OPTIMAL,OPTIMAL,OPTIMAL
CDC42EP1,INFEASIBLE,OPTIMAL,OPTIMAL,OPTIMAL
GGA1,INFEASIBLE,OPTIMAL,OPTIMAL,OPTIMAL
SH3BP1,INFEASIBLE,INFEASIBLE,OPTIMAL,OPTIMAL
PDXP,INFEASIBLE,OPTIMAL,OPTIMAL,OPTIMAL
NOL12,INFEASIBLE,INFEASIBLE,OPTIMAL,OPTIMAL
TRIOBP,OPTIMAL,OPTIMAL,OPTIMAL,INFEASIBLE
GCAT,OPTIMAL,INFEASIBLE,OPTIMAL,OPTIMAL
ANKRD54,INFEASIBLE,OPTIMAL,OPTIMAL,OPTIMAL
EIF3L,INFEASIBLE,INFEASIBLE,INFEASIBLE,OPTIMAL
MICALL1,OPTIMAL,OPTIMAL,OPTIMAL,OPTIMAL
POLR2F,INFEASIBLE,INFEASIBLE,INFEASIBLE,OPTIMAL
PICK1,INFEASIBLE,INFEASIBLE,OPTIMAL,OPTIMAL
PLA2G6,OPTIMAL,OPTIMAL,OPTIMAL,OPTIMAL
TMEM184B,INFEASIBLE,INFEASIBLE,INFEASIBLE,OPTIMAL
CSNK1E,OPTIMAL,OPTIMAL,OPTIMAL,OPTIMAL
KDELR3,INFEASIBLE,OPTIMAL,OPTIMAL,INFEASIBLE
DDX17,INFEASIBLE,INFEASIBLE,INFEASIBLE,OPTIMAL
DMC1,INFEASIBLE,INFEASIBLE,OPTIMAL,OPTIMAL
FAM227A,OPTIMAL,OPTIMAL,OPTIMAL,OPTIMAL
CBY1,INFEASIBLE,INFEASIBLE,OPTIMAL,INFEASIBLE
TOMM22,INFEASIBLE,INFEASIBLE,OPTIMAL,OPTIMAL
JOSD1,INFEASIBLE,INFEASIBLE,OPTIMAL,OPTIMAL
GTPBP1,OPTIMAL,OPTIMAL,OPTIMAL,OPTIMAL
SUN2,OPTIMAL,OPTIMAL,OPTIMAL,INFEASIBLE
CBX6,INFEASIBLE,INFEASIBLE,INFEASIBLE,INFEASIBLE
APOBEC3C,INFEASIBLE,INFEASIBLE,INFEASIBLE,INFEASIBLE
RPL3,INFEASIBLE,INFEASIBLE,INFEASIBLE,INFEASIBLE
SYNGR1,INFEASIBLE,INFEASIBLE,OPTIMAL,OPTIMAL
TAB1,INFEASIBLE,INFEASIBLE,OPTIMAL,OPTIMAL
MIEF1,INFEASIBLE,INFEASIBLE,OPTIMAL,OPTIMAL
ATF4,OPTIMAL,OPTIMAL,INFEASIBLE,OPTIMAL
RPS19BP1,INFEASIBLE,INFEASIBLE,OPTIMAL,OPTIMAL
TNRC6B,OPTIMAL,OPTIMAL,INFEASIBLE,INFEASIBLE
ADSL,INFEASIBLE,INFEASIBLE,OPTIMAL,OPTIMAL
SGSM3,INFEASIBLE,INFEASIBLE,OPTIMAL,OPTIMAL
MRTFA,OPTIMAL,OPTIMAL,INFEASIBLE,INFEASIBLE
SLC25A17,INFEASIBLE,INFEASIBLE,INFEASIBLE,INFEASIBLE
ST13,INFEASIBLE,INFEASIBLE,INFEASIBLE,OPTIMAL
XPNPEP3,INFEASIBLE,OPTIMAL,INFEASIBLE,OPTIMAL
RBX1,INFEASIBLE,INFEASIBLE,INFEASIBLE,OPTIMAL
EP300,INFEASIBLE,INFEASIBLE,OPTIMAL,INFEASIBLE
L3MBTL2,INFEASIBLE,INFEASIBLE,OPTIMAL,OPTIMAL
RANGAP1,INFEASIBLE,OPTIMAL,OPTIMAL,OPTIMAL
ZC3H7B,INFEASIBLE,OPTIMAL,OPTIMAL,OPTIMAL
TOB2,INFEASIBLE,INFEASIBLE,OPTIMAL,INFEASIBLE
ACO2,INFEASIBLE,OPTIMAL,OPTIMAL,OPTIMAL
PHF5A,INFEASIBLE,INFEASIBLE,INFEASIBLE,OPTIMAL
POLR3H,INFEASIBLE,INFEASIBLE,INFEASIBLE,OPTIMAL
PMM1,INFEASIBLE,OPTIMAL,OPTIMAL,OPTIMAL
DESI1,INFEASIBLE,INFEASIBLE,INFEASIBLE,INFEASIBLE
XRCC6,INFEASIBLE,INFEASIBLE,OPTIMAL,OPTIMAL
SNU13,INFEASIBLE,INFEASIBLE,INFEASIBLE,OPTIMAL
CCDC134,INFEASIBLE,INFEASIBLE,OPTIMAL,INFEASIBLE
SREBF2,INFEASIBLE,OPTIMAL,OPTIMAL,INFEASIBLE
CENPM,INFEASIBLE,INFEASIBLE,OPTIMAL,OPTIMAL
WBP2NL,OPTIMAL,OPTIMAL,OPTIMAL,INFEASIBLE
NAGA,INFEASIBLE,INFEASIBLE,OPTIMAL,OPTIMAL
SMDT1,INFEASIBLE,INFEASIBLE,INFEASIBLE,OPTIMAL
NDUFA6,INFEASIBLE,INFEASIBLE,INFEASIBLE,OPTIMAL
TCF20,OPTIMAL,OPTIMAL,OPTIMAL,OPTIMAL
RRP7A,INFEASIBLE,INFEASIBLE,OPTIMAL,OPTIMAL
POLDIP3,INFEASIBLE,OPTIMAL,OPTIMAL,OPTIMAL
CYB5R3,INFEASIBLE,OPTIMAL,OPTIMAL,OPTIMAL
ARFGAP3,INFEASIBLE,INFEASIBLE,OPTIMAL,OPTIMAL
PACSIN2,INFEASIBLE,OPTIMAL,INFEASIBLE,INFEASIBLE
MCAT,INFEASIBLE,INFEASIBLE,INFEASIBLE,INFEASIBLE
TSPO,INFEASIBLE,INFEASIBLE,OPTIMAL,OPTIMAL
TTLL12,INFEASIBLE,OPTIMAL,OPTIMAL,OPTIMAL
PNPLA3,INFEASIBLE,INFEASIBLE,INFEASIBLE,OPTIMAL
SAMM50,INFEASIBLE,INFEASIBLE,OPTIMAL,OPTIMAL
PARVB,OPTIMAL,OPTIMAL,OPTIMAL,OPTIMAL
RTL6,INFEASIBLE,OPTIMAL,OPTIMAL,OPTIMAL
PRR5,OPTIMAL,OPTIMAL,OPTIMAL,INFEASIBLE
ARHGAP8,INFEASIBLE,OPTIMAL,INFEASIBLE,OPTIMAL
PHF21B,OPTIMAL,OPTIMAL,OPTIMAL,OPTIMAL
NUP50,INFEASIBLE,INFEASIBLE,INFEASIBLE,OPTIMAL
KIAA0930,OPTIMAL,OPTIMAL,OPTIMAL,OPTIMAL
FAM118A,OPTIMAL,OPTIMAL,OPTIMAL,OPTIMAL
RIBC2,INFEASIBLE,INFEASIBLE,OPTIMAL,INFEASIBLE
FBLN1,INFEASIBLE,OPTIMAL,OPTIMAL,OPTIMAL
ATXN10,OPTIMAL,OPTIMAL,OPTIMAL,INFEASIBLE
PPARA,OPTIMAL,OPTIMAL,OPTIMAL,OPTIMAL
CDPF1,INFEASIBLE,INFEASIBLE,INFEASIBLE,OPTIMAL
TTC38,OPTIMAL,OPTIMAL,OPTIMAL,OPTIMAL
GTSE1,INFEASIBLE,INFEASIBLE,OPTIMAL,OPTIMAL
TRMU,INFEASIBLE,INFEASIBLE,INFEASIBLE,OPTIMAL
CELSR1,OPTIMAL,OPTIMAL,OPTIMAL,OPTIMAL
GRAMD4,OPTIMAL,OPTIMAL,OPTIMAL,OPTIMAL
CERK,INFEASIBLE,OPTIMAL,OPTIMAL,OPTIMAL
TBC1D22A,OPTIMAL,OPTIMAL,INFEASIBLE,OPTIMAL
BRD1,OPTIMAL,OPTIMAL,OPTIMAL,OPTIMAL
ZBED4,INFEASIBLE,INFEASIBLE,INFEASIBLE,OPTIMAL
ALG12,INFEASIBLE,INFEASIBLE,INFEASIBLE,OPTIMAL
CRELD2,INFEASIBLE,OPTIMAL,OPTIMAL,OPTIMAL
PIM3,OPTIMAL,OPTIMAL,OPTIMAL,OPTIMAL
TRABD,INFEASIBLE,INFEASIBLE,OPTIMAL,OPTIMAL
SELENOO,INFEASIBLE,INFEASIBLE,OPTIMAL,OPTIMAL
TUBGCP6,OPTIMAL,INFEASIBLE,OPTIMAL,OPTIMAL
MAPK12,INFEASIBLE,OPTIMAL,OPTIMAL,INFEASIBLE
PLXNB2,OPTIMAL,OPTIMAL,OPTIMAL,OPTIMAL
PPP6R2,INFEASIBLE,OPTIMAL,INFEASIBLE,OPTIMAL
SBF1,OPTIMAL,OPTIMAL,INFEASIBLE,OPTIMAL
LMF2,INFEASIBLE,INFEASIBLE,OPTIMAL,OPTIMAL
NCAPH2,INFEASIBLE,INFEASIBLE,OPTIMAL,OPTIMAL
SCO2,INFEASIBLE,INFEASIBLE,INFEASIBLE,OPTIMAL
TYMP,INFEASIBLE,INFEASIBLE,OPTIMAL,INFEASIBLE
CHKB,OPTIMAL,OPTIMAL,INFEASIBLE,INFEASIBLE
MAPK8IP2,OPTIMAL,OPTIMAL,OPTIMAL,OPTIMAL
SHANK3,OPTIMAL,OPTIMAL,OPTIMAL,OPTIMAL
RABL2B,INFEASIBLE,INFEASIBLE,OPTIMAL,OPTIMAL
PLCXD1,OPTIMAL,OPTIMAL,OPTIMAL,OPTIMAL
GTPBP6,INFEASIBLE,INFEASIBLE,OPTIMAL,OPTIMAL
PPP2R3B,OPTIMAL,OPTIMAL,OPTIMAL,OPTIMAL
SLC25A6,INFEASIBLE,INFEASIBLE,OPTIMAL,OPTIMAL
ASMTL,INFEASIBLE,INFEASIBLE,OPTIMAL,OPTIMAL
AKAP17A,OPTIMAL,OPTIMAL,OPTIMAL,OPTIMAL
DHRSX,OPTIMAL,OPTIMAL,INFEASIBLE,OPTIMAL
CD99,INFEASIBLE,INFEASIBLE,INFEASIBLE,OPTIMAL
GYG2,OPTIMAL,OPTIMAL,OPTIMAL,OPTIMAL
PRKX,OPTIMAL,OPTIMAL,INFEASIBLE,OPTIMAL
PUDP,INFEASIBLE,INFEASIBLE,OPTIMAL,OPTIMAL
STS,INFEASIBLE,OPTIMAL,OPTIMAL,OPTIMAL
PNPLA4,INFEASIBLE,INFEASIBLE,OPTIMAL,OPTIMAL
TBL1X,INFEASIBLE,OPTIMAL,INFEASIBLE,OPTIMAL
SHROOM2,INFEASIBLE,OPTIMAL,OPTIMAL,OPTIMAL
MID1,INFEASIBLE,INFEASIBLE,OPTIMAL,OPTIMAL
HCCS,INFEASIBLE,OPTIMAL,OPTIMAL,OPTIMAL
MSL3,INFEASIBLE,INFEASIBLE,OPTIMAL,OPTIMAL
FRMPD4,INFEASIBLE,OPTIMAL,OPTIMAL,OPTIMAL
PRPS2,INFEASIBLE,INFEASIBLE,INFEASIBLE,INFEASIBLE
TMSB4X,INFEASIBLE,INFEASIBLE,OPTIMAL,OPTIMAL
RAB9A,INFEASIBLE,INFEASIBLE,OPTIMAL,OPTIMAL
TRAPPC2,INFEASIBLE,INFEASIBLE,OPTIMAL,OPTIMAL
OFD1,INFEASIBLE,INFEASIBLE,OPTIMAL,OPTIMAL
GPM6B,OPTIMAL,OPTIMAL,OPTIMAL,OPTIMAL
GEMIN8,OPTIMAL,OPTIMAL,OPTIMAL,OPTIMAL
FANCB,INFEASIBLE,OPTIMAL,OPTIMAL,OPTIMAL
MOSPD2,INFEASIBLE,INFEASIBLE,INFEASIBLE,OPTIMAL
PIGA,INFEASIBLE,INFEASIBLE,INFEASIBLE,INFEASIBLE
PIR,OPTIMAL,OPTIMAL,OPTIMAL,OPTIMAL
CA5B,INFEASIBLE,INFEASIBLE,INFEASIBLE,OPTIMAL
ZRSR2,INFEASIBLE,INFEASIBLE,OPTIMAL,OPTIMAL
AP1S2,INFEASIBLE,INFEASIBLE,OPTIMAL,OPTIMAL
CTPS2,OPTIMAL,OPTIMAL,OPTIMAL,OPTIMAL
SYAP1,INFEASIBLE,INFEASIBLE,OPTIMAL,OPTIMAL
TXLNG,INFEASIBLE,INFEASIBLE,INFEASIBLE,OPTIMAL
RBBP7,INFEASIBLE,INFEASIBLE,OPTIMAL,INFEASIBLE
NHS,OPTIMAL,OPTIMAL,OPTIMAL,OPTIMAL
SCML1,INFEASIBLE,INFEASIBLE,OPTIMAL,INFEASIBLE
SCML2,INFEASIBLE,INFEASIBLE,INFEASIBLE,OPTIMAL
CDKL5,OPTIMAL,OPTIMAL,INFEASIBLE,OPTIMAL
PHKA2,INFEASIBLE,OPTIMAL,OPTIMAL,INFEASIBLE
PDHA1,INFEASIBLE,INFEASIBLE,OPTIMAL,OPTIMAL
MAP3K15,OPTIMAL,OPTIMAL,OPTIMAL,OPTIMAL
SH3KBP1,OPTIMAL,OPTIMAL,OPTIMAL,OPTIMAL
BCLAF3,OPTIMAL,OPTIMAL,OPTIMAL,INFEASIBLE
MAP7D2,OPTIMAL,OPTIMAL,OPTIMAL,OPTIMAL
EIF1AX,INFEASIBLE,INFEASIBLE,OPTIMAL,INFEASIBLE
RPS6KA3,OPTIMAL,OPTIMAL,OPTIMAL,OPTIMAL
CNKSR2,INFEASIBLE,OPTIMAL,OPTIMAL,OPTIMAL
MBTPS2,OPTIMAL,OPTIMAL,OPTIMAL,OPTIMAL
SMS,OPTIMAL,OPTIMAL,INFEASIBLE,OPTIMAL
PRDX4,INFEASIBLE,INFEASIBLE,OPTIMAL,OPTIMAL
ACOT9,OPTIMAL,OPTIMAL,OPTIMAL,OPTIMAL
SAT1,INFEASIBLE,INFEASIBLE,OPTIMAL,INFEASIBLE
APOO,INFEASIBLE,OPTIMAL,OPTIMAL,OPTIMAL
KLHL15,INFEASIBLE,INFEASIBLE,INFEASIBLE,OPTIMAL
EIF2S3,INFEASIBLE,INFEASIBLE,INFEASIBLE,INFEASIBLE
ZFX,INFEASIBLE,OPTIMAL,INFEASIBLE,OPTIMAL
PDK3,INFEASIBLE,OPTIMAL,INFEASIBLE,OPTIMAL
POLA1,INFEASIBLE,OPTIMAL,INFEASIBLE,INFEASIBLE
IL1RAPL1,INFEASIBLE,OPTIMAL,OPTIMAL,OPTIMAL
GK,INFEASIBLE,OPTIMAL,OPTIMAL,OPTIMAL
TAB3,OPTIMAL,OPTIMAL,OPTIMAL,OPTIMAL
DMD,INFEASIBLE,OPTIMAL,OPTIMAL,OPTIMAL
TMEM47,INFEASIBLE,INFEASIBLE,OPTIMAL,OPTIMAL
PRRG1,INFEASIBLE,INFEASIBLE,OPTIMAL,OPTIMAL
DYNLT3,INFEASIBLE,OPTIMAL,OPTIMAL,INFEASIBLE
RPGR,INFEASIBLE,INFEASIBLE,OPTIMAL,OPTIMAL
TSPAN7,INFEASIBLE,INFEASIBLE,OPTIMAL,OPTIMAL
MID1IP1,INFEASIBLE,INFEASIBLE,OPTIMAL,OPTIMAL
BCOR,OPTIMAL,OPTIMAL,OPTIMAL,OPTIMAL
ATP6AP2,INFEASIBLE,INFEASIBLE,OPTIMAL,OPTIMAL
CXorf38,OPTIMAL,OPTIMAL,OPTIMAL,OPTIMAL
MED14,INFEASIBLE,INFEASIBLE,OPTIMAL,OPTIMAL
USP9X,INFEASIBLE,INFEASIBLE,INFEASIBLE,INFEASIBLE
DDX3X,INFEASIBLE,INFEASIBLE,OPTIMAL,OPTIMAL
CASK,OPTIMAL,OPTIMAL,OPTIMAL,OPTIMAL
FUNDC1,INFEASIBLE,INFEASIBLE,OPTIMAL,OPTIMAL
KDM6A,INFEASIBLE,OPTIMAL,INFEASIBLE,INFEASIBLE
KRBOX4,INFEASIBLE,INFEASIBLE,OPTIMAL,INFEASIBLE
SLC9A7,INFEASIBLE,INFEASIBLE,OPTIMAL,OPTIMAL
RP2,INFEASIBLE,INFEASIBLE,OPTIMAL,OPTIMAL
JADE3,OPTIMAL,OPTIMAL,OPTIMAL,OPTIMAL
NDUFB11,INFEASIBLE,INFEASIBLE,OPTIMAL,OPTIMAL
RBM10,INFEASIBLE,INFEASIBLE,OPTIMAL,OPTIMAL
UBA1,INFEASIBLE,INFEASIBLE,OPTIMAL,OPTIMAL
CDK16,INFEASIBLE,OPTIMAL,OPTIMAL,OPTIMAL
USP11,INFEASIBLE,INFEASIBLE,OPTIMAL,OPTIMAL
ZNF41,INFEASIBLE,INFEASIBLE,OPTIMAL,OPTIMAL
ARAF,OPTIMAL,OPTIMAL,OPTIMAL,OPTIMAL
TIMP1,INFEASIBLE,INFEASIBLE,INFEASIBLE,OPTIMAL
ELK1,INFEASIBLE,INFEASIBLE,OPTIMAL,OPTIMAL
UXT,INFEASIBLE,INFEASIBLE,OPTIMAL,OPTIMAL
ZNF81,INFEASIBLE,INFEASIBLE,OPTIMAL,INFEASIBLE
FTSJ1,INFEASIBLE,INFEASIBLE,OPTIMAL,OPTIMAL
EBP,INFEASIBLE,INFEASIBLE,INFEASIBLE,OPTIMAL
TBC1D25,INFEASIBLE,INFEASIBLE,OPTIMAL,INFEASIBLE
RBM3,INFEASIBLE,INFEASIBLE,OPTIMAL,INFEASIBLE
WDR13,OPTIMAL,OPTIMAL,OPTIMAL,OPTIMAL
SUV39H1,OPTIMAL,OPTIMAL,OPTIMAL,OPTIMAL
HDAC6,OPTIMAL,OPTIMAL,OPTIMAL,OPTIMAL
PCSK1N,INFEASIBLE,INFEASIBLE,OPTIMAL,OPTIMAL
PQBP1,INFEASIBLE,INFEASIBLE,OPTIMAL,OPTIMAL
TIMM17B,INFEASIBLE,OPTIMAL,OPTIMAL,OPTIMAL
SLC35A2,INFEASIBLE,INFEASIBLE,OPTIMAL,OPTIMAL
PIM2,INFEASIBLE,INFEASIBLE,OPTIMAL,OPTIMAL
OTUD5,INFEASIBLE,INFEASIBLE,OPTIMAL,OPTIMAL
GRIPAP1,INFEASIBLE,INFEASIBLE,OPTIMAL,OPTIMAL
TFE3,OPTIMAL,OPTIMAL,INFEASIBLE,OPTIMAL
PRAF2,OPTIMAL,OPTIMAL,OPTIMAL,OPTIMAL
WDR45,INFEASIBLE,INFEASIBLE,OPTIMAL,OPTIMAL
GPKOW,INFEASIBLE,INFEASIBLE,OPTIMAL,OPTIMAL
PLP2,INFEASIBLE,INFEASIBLE,OPTIMAL,OPTIMAL
PRICKLE3,INFEASIBLE,INFEASIBLE,OPTIMAL,OPTIMAL
SYP,INFEASIBLE,INFEASIBLE,OPTIMAL,OPTIMAL
CCDC22,INFEASIBLE,INFEASIBLE,OPTIMAL,OPTIMAL
CLCN5,OPTIMAL,OPTIMAL,INFEASIBLE,OPTIMAL
NUDT11,INFEASIBLE,INFEASIBLE,OPTIMAL,OPTIMAL
GSPT2,INFEASIBLE,INFEASIBLE,OPTIMAL,OPTIMAL
MAGED1,INFEASIBLE,INFEASIBLE,INFEASIBLE,OPTIMAL
FAM156A,OPTIMAL,OPTIMAL,OPTIMAL,OPTIMAL
TSPYL2,INFEASIBLE,OPTIMAL,OPTIMAL,OPTIMAL
KANTR,OPTIMAL,OPTIMAL,OPTIMAL,OPTIMAL
KDM5C,INFEASIBLE,OPTIMAL,INFEASIBLE,OPTIMAL
IQSEC2,OPTIMAL,OPTIMAL,INFEASIBLE,OPTIMAL
SMC1A,INFEASIBLE,INFEASIBLE,OPTIMAL,INFEASIBLE
HSD17B10,INFEASIBLE,INFEASIBLE,INFEASIBLE,OPTIMAL
HUWE1,INFEASIBLE,INFEASIBLE,OPTIMAL,INFEASIBLE
PHF8,OPTIMAL,OPTIMAL,OPTIMAL,OPTIMAL
FAM120C,INFEASIBLE,INFEASIBLE,OPTIMAL,OPTIMAL
WNK3,INFEASIBLE,OPTIMAL,OPTIMAL,OPTIMAL
TSR2,INFEASIBLE,INFEASIBLE,OPTIMAL,OPTIMAL
FGD1,OPTIMAL,OPTIMAL,OPTIMAL,OPTIMAL
GNL3L,INFEASIBLE,INFEASIBLE,INFEASIBLE,INFEASIBLE
MAGED2,INFEASIBLE,INFEASIBLE,OPTIMAL,OPTIMAL
APEX2,INFEASIBLE,OPTIMAL,INFEASIBLE,OPTIMAL
FAM104B,INFEASIBLE,INFEASIBLE,OPTIMAL,OPTIMAL
RRAGB,OPTIMAL,OPTIMAL,INFEASIBLE,OPTIMAL
UBQLN2,OPTIMAL,OPTIMAL,OPTIMAL,OPTIMAL
NBDY,OPTIMAL,OPTIMAL,OPTIMAL,INFEASIBLE
SPIN3,OPTIMAL,OPTIMAL,OPTIMAL,OPTIMAL
SPIN2B,INFEASIBLE,INFEASIBLE,OPTIMAL,OPTIMAL
SPIN4,INFEASIBLE,OPTIMAL,INFEASIBLE,INFEASIBLE
ARHGEF9,INFEASIBLE,OPTIMAL,OPTIMAL,OPTIMAL
AMER1,INFEASIBLE,INFEASIBLE,OPTIMAL,OPTIMAL
MTMR8,OPTIMAL,OPTIMAL,OPTIMAL,OPTIMAL
ZC4H2,OPTIMAL,OPTIMAL,OPTIMAL,OPTIMAL
ZC3H12B,OPTIMAL,INFEASIBLE,OPTIMAL,OPTIMAL
LAS1L,INFEASIBLE,INFEASIBLE,OPTIMAL,OPTIMAL
MSN,INFEASIBLE,OPTIMAL,OPTIMAL,OPTIMAL
AR,INFEASIBLE,OPTIMAL,OPTIMAL,OPTIMAL
OPHN1,OPTIMAL,OPTIMAL,OPTIMAL,OPTIMAL
YIPF6,INFEASIBLE,INFEASIBLE,INFEASIBLE,OPTIMAL
PJA1,INFEASIBLE,INFEASIBLE,OPTIMAL,INFEASIBLE
NALF2,INFEASIBLE,INFEASIBLE,OPTIMAL,OPTIMAL
EDA,OPTIMAL,OPTIMAL,OPTIMAL,OPTIMAL
IGBP1,INFEASIBLE,INFEASIBLE,INFEASIBLE,INFEASIBLE
PDZD11,INFEASIBLE,OPTIMAL,OPTIMAL,OPTIMAL
KIF4A,INFEASIBLE,INFEASIBLE,OPTIMAL,INFEASIBLE
DLG3,INFEASIBLE,INFEASIBLE,OPTIMAL,OPTIMAL
SNX12,INFEASIBLE,INFEASIBLE,INFEASIBLE,OPTIMAL
MED12,INFEASIBLE,INFEASIBLE,OPTIMAL,OPTIMAL
ZMYM3,INFEASIBLE,INFEASIBLE,OPTIMAL,INFEASIBLE
NONO,INFEASIBLE,INFEASIBLE,OPTIMAL,INFEASIBLE
TAF1,OPTIMAL,OPTIMAL,OPTIMAL,OPTIMAL
OGT,INFEASIBLE,OPTIMAL,INFEASIBLE,OPTIMAL
NHSL2,OPTIMAL,OPTIMAL,OPTIMAL,OPTIMAL
PIN4,OPTIMAL,OPTIMAL,OPTIMAL,OPTIMAL
ERCC6L,INFEASIBLE,INFEASIBLE,INFEASIBLE,OPTIMAL
RPS4X,INFEASIBLE,INFEASIBLE,INFEASIBLE,OPTIMAL
CITED1,INFEASIBLE,INFEASIBLE,OPTIMAL,OPTIMAL
HDAC8,OPTIMAL,OPTIMAL,INFEASIBLE,OPTIMAL
PHKA1,OPTIMAL,OPTIMAL,OPTIMAL,OPTIMAL
CHIC1,INFEASIBLE,INFEASIBLE,OPTIMAL,OPTIMAL
SLC16A2,INFEASIBLE,INFEASIBLE,OPTIMAL,OPTIMAL
RLIM,INFEASIBLE,INFEASIBLE,OPTIMAL,OPTIMAL
ABCB7,INFEASIBLE,OPTIMAL,INFEASIBLE,OPTIMAL
UPRT,OPTIMAL,OPTIMAL,OPTIMAL,OPTIMAL
PBDC1,INFEASIBLE,INFEASIBLE,OPTIMAL,OPTIMAL
ATRX,OPTIMAL,OPTIMAL,OPTIMAL,OPTIMAL
MAGT1,INFEASIBLE,INFEASIBLE,OPTIMAL,OPTIMAL
COX7B,INFEASIBLE,INFEASIBLE,INFEASIBLE,OPTIMAL
ATP7A,INFEASIBLE,OPTIMAL,OPTIMAL,OPTIMAL
PGK1,INFEASIBLE,OPTIMAL,OPTIMAL,OPTIMAL
TAF9B,INFEASIBLE,OPTIMAL,OPTIMAL,OPTIMAL
LPAR4,INFEASIBLE,OPTIMAL,OPTIMAL,OPTIMAL
BRWD3,INFEASIBLE,INFEASIBLE,INFEASIBLE,INFEASIBLE
HMGN5,INFEASIBLE,INFEASIBLE,OPTIMAL,OPTIMAL
SH3BGRL,INFEASIBLE,OPTIMAL,OPTIMAL,INFEASIBLE
RPS6KA6,OPTIMAL,OPTIMAL,OPTIMAL,OPTIMAL
HDX,OPTIMAL,OPTIMAL,INFEASIBLE,OPTIMAL
APOOL,OPTIMAL,OPTIMAL,INFEASIBLE,OPTIMAL
ZNF711,OPTIMAL,OPTIMAL,OPTIMAL,OPTIMAL
CHM,INFEASIBLE,OPTIMAL,OPTIMAL,INFEASIBLE
DACH2,OPTIMAL,OPTIMAL,OPTIMAL,OPTIMAL
DIAPH2,INFEASIBLE,OPTIMAL,INFEASIBLE,INFEASIBLE
TSPAN6,INFEASIBLE,INFEASIBLE,OPTIMAL,OPTIMAL
SYTL4,INFEASIBLE,INFEASIBLE,OPTIMAL,OPTIMAL
CSTF2,INFEASIBLE,INFEASIBLE,INFEASIBLE,OPTIMAL
TRMT2B,INFEASIBLE,INFEASIBLE,INFEASIBLE,INFEASIBLE
CENPI,INFEASIBLE,INFEASIBLE,INFEASIBLE,INFEASIBLE
TIMM8A,INFEASIBLE,INFEASIBLE,OPTIMAL,OPTIMAL
RPL36A,INFEASIBLE,INFEASIBLE,INFEASIBLE,OPTIMAL
GLA,INFEASIBLE,INFEASIBLE,OPTIMAL,INFEASIBLE
HNRNPH2,INFEASIBLE,INFEASIBLE,INFEASIBLE,OPTIMAL
ARMCX4,INFEASIBLE,INFEASIBLE,OPTIMAL,OPTIMAL
ARMCX3,INFEASIBLE,INFEASIBLE,INFEASIBLE,INFEASIBLE
BEX5,OPTIMAL,OPTIMAL,OPTIMAL,OPTIMAL
TMSB15A,INFEASIBLE,INFEASIBLE,OPTIMAL,OPTIMAL
ARMCX5,INFEASIBLE,INFEASIBLE,OPTIMAL,OPTIMAL
BEX1,INFEASIBLE,INFEASIBLE,OPTIMAL,OPTIMAL
BEX4,INFEASIBLE,INFEASIBLE,OPTIMAL,OPTIMAL
TCEAL8,INFEASIBLE,INFEASIBLE,OPTIMAL,OPTIMAL
BEX2,OPTIMAL,OPTIMAL,OPTIMAL,OPTIMAL
TCEAL9,INFEASIBLE,OPTIMAL,OPTIMAL,OPTIMAL
BEX3,INFEASIBLE,INFEASIBLE,OPTIMAL,OPTIMAL
TCEAL4,INFEASIBLE,INFEASIBLE,OPTIMAL,OPTIMAL
TCEAL3,INFEASIBLE,OPTIMAL,OPTIMAL,INFEASIBLE
TCEAL1,INFEASIBLE,OPTIMAL,OPTIMAL,OPTIMAL
MORF4L2,INFEASIBLE,INFEASIBLE,OPTIMAL,INFEASIBLE
SLC25A53,INFEASIBLE,OPTIMAL,OPTIMAL,OPTIMAL
FAM199X,INFEASIBLE,INFEASIBLE,OPTIMAL,OPTIMAL
RADX,INFEASIBLE,INFEASIBLE,INFEASIBLE,OPTIMAL
RNF128,INFEASIBLE,OPTIMAL,OPTIMAL,OPTIMAL
TBC1D8B,INFEASIBLE,INFEASIBLE,OPTIMAL,OPTIMAL
MORC4,OPTIMAL,OPTIMAL,INFEASIBLE,OPTIMAL
RBM41,INFEASIBLE,INFEASIBLE,INFEASIBLE,OPTIMAL
NUP62CL,INFEASIBLE,INFEASIBLE,OPTIMAL,INFEASIBLE
PRPS1,INFEASIBLE,INFEASIBLE,OPTIMAL,OPTIMAL
TSC22D3,INFEASIBLE,INFEASIBLE,OPTIMAL,OPTIMAL
MID2,OPTIMAL,OPTIMAL,OPTIMAL,OPTIMAL
PSMD10,INFEASIBLE,INFEASIBLE,INFEASIBLE,OPTIMAL
ATG4A,INFEASIBLE,OPTIMAL,OPTIMAL,OPTIMAL
COL4A6,INFEASIBLE,OPTIMAL,INFEASIBLE,OPTIMAL
COL4A5,INFEASIBLE,OPTIMAL,INFEASIBLE,OPTIMAL
IRS4,INFEASIBLE,INFEASIBLE,OPTIMAL,OPTIMAL
NXT2,INFEASIBLE,INFEASIBLE,INFEASIBLE,INFEASIBLE
ACSL4,INFEASIBLE,INFEASIBLE,INFEASIBLE,OPTIMAL
TMEM164,INFEASIBLE,OPTIMAL,OPTIMAL,OPTIMAL
AMMECR1,OPTIMAL,OPTIMAL,OPTIMAL,OPTIMAL
PAK3,OPTIMAL,OPTIMAL,OPTIMAL,OPTIMAL
ALG13,INFEASIBLE,INFEASIBLE,INFEASIBLE,INFEASIBLE
AMOT,INFEASIBLE,INFEASIBLE,OPTIMAL,OPTIMAL
LRCH2,INFEASIBLE,OPTIMAL,OPTIMAL,OPTIMAL
PLS3,INFEASIBLE,INFEASIBLE,OPTIMAL,INFEASIBLE
KLHL13,OPTIMAL,OPTIMAL,OPTIMAL,OPTIMAL
WDR44,INFEASIBLE,INFEASIBLE,OPTIMAL,INFEASIBLE
DOCK11,OPTIMAL,OPTIMAL,OPTIMAL,OPTIMAL
IL13RA1,INFEASIBLE,OPTIMAL,INFEASIBLE,OPTIMAL
ZCCHC12,INFEASIBLE,INFEASIBLE,OPTIMAL,OPTIMAL
LONRF3,INFEASIBLE,INFEASIBLE,OPTIMAL,INFEASIBLE
PGRMC1,INFEASIBLE,INFEASIBLE,OPTIMAL,OPTIMAL
SLC25A43,INFEASIBLE,OPTIMAL,OPTIMAL,OPTIMAL
SLC25A5,INFEASIBLE,INFEASIBLE,OPTIMAL,OPTIMAL
UBE2A,INFEASIBLE,OPTIMAL,OPTIMAL,OPTIMAL
STEEP1,INFEASIBLE,INFEASIBLE,INFEASIBLE,OPTIMAL
NKRF,INFEASIBLE,OPTIMAL,OPTIMAL,OPTIMAL
SEPTIN6,INFEASIBLE,INFEASIBLE,OPTIMAL,INFEASIBLE
RPL39,INFEASIBLE,INFEASIBLE,INFEASIBLE,INFEASIBLE
UPF3B,INFEASIBLE,INFEASIBLE,INFEASIBLE,OPTIMAL
RNF113A,INFEASIBLE,INFEASIBLE,INFEASIBLE,OPTIMAL
NDUFA1,INFEASIBLE,INFEASIBLE,OPTIMAL,OPTIMAL
NKAP,INFEASIBLE,INFEASIBLE,OPTIMAL,OPTIMAL
RHOXF1,OPTIMAL,OPTIMAL,INFEASIBLE,OPTIMAL
ZBTB33,INFEASIBLE,INFEASIBLE,OPTIMAL,OPTIMAL
LAMP2,INFEASIBLE,INFEASIBLE,OPTIMAL,OPTIMAL
CUL4B,INFEASIBLE,OPTIMAL,OPTIMAL,OPTIMAL
MCTS1,INFEASIBLE,INFEASIBLE,OPTIMAL,OPTIMAL
C1GALT1C1,INFEASIBLE,INFEASIBLE,OPTIMAL,OPTIMAL
THOC2,INFEASIBLE,INFEASIBLE,INFEASIBLE,INFEASIBLE
XIAP,INFEASIBLE,INFEASIBLE,OPTIMAL,INFEASIBLE
STAG2,OPTIMAL,OPTIMAL,OPTIMAL,OPTIMAL
TENM1,OPTIMAL,INFEASIBLE,OPTIMAL,OPTIMAL
SMARCA1,INFEASIBLE,INFEASIBLE,OPTIMAL,OPTIMAL
OCRL,INFEASIBLE,INFEASIBLE,OPTIMAL,OPTIMAL
ZDHHC9,INFEASIBLE,INFEASIBLE,OPTIMAL,OPTIMAL
UTP14A,INFEASIBLE,INFEASIBLE,OPTIMAL,OPTIMAL
BCORL1,OPTIMAL,OPTIMAL,OPTIMAL,OPTIMAL
ELF4,INFEASIBLE,INFEASIBLE,OPTIMAL,OPTIMAL
AIFM1,INFEASIBLE,INFEASIBLE,INFEASIBLE,OPTIMAL
ZNF280C,INFEASIBLE,OPTIMAL,INFEASIBLE,OPTIMAL
SLC25A14,INFEASIBLE,INFEASIBLE,OPTIMAL,OPTIMAL
RBMX2,INFEASIBLE,INFEASIBLE,OPTIMAL,OPTIMAL
ENOX2,OPTIMAL,OPTIMAL,INFEASIBLE,INFEASIBLE
IGSF1,INFEASIBLE,INFEASIBLE,INFEASIBLE,INFEASIBLE
STK26,INFEASIBLE,INFEASIBLE,OPTIMAL,OPTIMAL
RAP2C,INFEASIBLE,INFEASIBLE,OPTIMAL,INFEASIBLE
MBNL3,OPTIMAL,OPTIMAL,OPTIMAL,OPTIMAL
HS6ST2,INFEASIBLE,INFEASIBLE,INFEASIBLE,INFEASIBLE
GPC4,OPTIMAL,OPTIMAL,OPTIMAL,OPTIMAL
GPC3,INFEASIBLE,INFEASIBLE,INFEASIBLE,INFEASIBLE
PHF6,INFEASIBLE,INFEASIBLE,INFEASIBLE,OPTIMAL
HPRT1,INFEASIBLE,INFEASIBLE,OPTIMAL,OPTIMAL
PLAC1,INFEASIBLE,OPTIMAL,OPTIMAL,OPTIMAL
PABIR2,INFEASIBLE,INFEASIBLE,OPTIMAL,OPTIMAL
PABIR3,INFEASIBLE,INFEASIBLE,INFEASIBLE,OPTIMAL
MOSPD1,INFEASIBLE,INFEASIBLE,INFEASIBLE,OPTIMAL
SMIM10,INFEASIBLE,INFEASIBLE,OPTIMAL,OPTIMAL
RTL8B,INFEASIBLE,INFEASIBLE,INFEASIBLE,OPTIMAL
RTL8C,INFEASIBLE,OPTIMAL,OPTIMAL,OPTIMAL
RTL8A,INFEASIBLE,INFEASIBLE,OPTIMAL,OPTIMAL
ZNF75D,INFEASIBLE,INFEASIBLE,INFEASIBLE,OPTIMAL
INTS6L,INFEASIBLE,INFEASIBLE,INFEASIBLE,OPTIMAL
MMGT1,INFEASIBLE,INFEASIBLE,OPTIMAL,INFEASIBLE
SLC9A6,OPTIMAL,OPTIMAL,INFEASIBLE,OPTIMAL
FHL1,INFEASIBLE,INFEASIBLE,OPTIMAL,INFEASIBLE
MAP7D3,INFEASIBLE,INFEASIBLE,INFEASIBLE,OPTIMAL
HTATSF1,INFEASIBLE,INFEASIBLE,OPTIMAL,OPTIMAL
RBMX,INFEASIBLE,OPTIMAL,OPTIMAL,INFEASIBLE
ZIC3,OPTIMAL,OPTIMAL,OPTIMAL,INFEASIBLE
FGF13,OPTIMAL,OPTIMAL,OPTIMAL,OPTIMAL
ATP11C,OPTIMAL,OPTIMAL,INFEASIBLE,INFEASIBLE
LDOC1,OPTIMAL,OPTIMAL,OPTIMAL,OPTIMAL
FMR1,OPTIMAL,OPTIMAL,INFEASIBLE,INFEASIBLE
AFF2,OPTIMAL,OPTIMAL,OPTIMAL,OPTIMAL
IDS,INFEASIBLE,INFEASIBLE,OPTIMAL,OPTIMAL
EOLA1,OPTIMAL,OPTIMAL,OPTIMAL,OPTIMAL
TMEM185A,INFEASIBLE,INFEASIBLE,OPTIMAL,OPTIMAL
EOLA2,INFEASIBLE,INFEASIBLE,OPTIMAL,INFEASIBLE
MTM1,OPTIMAL,OPTIMAL,OPTIMAL,OPTIMAL
MTMR1,INFEASIBLE,OPTIMAL,OPTIMAL,INFEASIBLE
CD99L2,OPTIMAL,OPTIMAL,OPTIMAL,OPTIMAL
HMGB3,INFEASIBLE,INFEASIBLE,OPTIMAL,OPTIMAL
VMA21,INFEASIBLE,INFEASIBLE,OPTIMAL,INFEASIBLE
MAGEA3,INFEASIBLE,INFEASIBLE,OPTIMAL,OPTIMAL
CETN2,INFEASIBLE,OPTIMAL,OPTIMAL,OPTIMAL
NSDHL,INFEASIBLE,INFEASIBLE,OPTIMAL,OPTIMAL
PNMA6A,OPTIMAL,INFEASIBLE,OPTIMAL,OPTIMAL
ZNF275,OPTIMAL,OPTIMAL,OPTIMAL,OPTIMAL
HAUS7,INFEASIBLE,OPTIMAL,OPTIMAL,OPTIMAL
CCNQ,INFEASIBLE,INFEASIBLE,OPTIMAL,OPTIMAL
DUSP9,OPTIMAL,OPTIMAL,OPTIMAL,OPTIMAL
SLC6A8,OPTIMAL,OPTIMAL,INFEASIBLE,OPTIMAL
BCAP31,INFEASIBLE,INFEASIBLE,OPTIMAL,OPTIMAL
ABCD1,INFEASIBLE,INFEASIBLE,OPTIMAL,OPTIMAL
IDH3G,INFEASIBLE,INFEASIBLE,OPTIMAL,OPTIMAL
SSR4,INFEASIBLE,INFEASIBLE,INFEASIBLE,OPTIMAL
NAA10,INFEASIBLE,INFEASIBLE,INFEASIBLE,OPTIMAL
HCFC1,INFEASIBLE,OPTIMAL,OPTIMAL,OPTIMAL
TMEM187,INFEASIBLE,INFEASIBLE,OPTIMAL,OPTIMAL
IRAK1,INFEASIBLE,OPTIMAL,OPTIMAL,OPTIMAL
MECP2,INFEASIBLE,INFEASIBLE,OPTIMAL,OPTIMAL
FLNA,INFEASIBLE,OPTIMAL,INFEASIBLE,OPTIMAL
EMD,INFEASIBLE,INFEASIBLE,OPTIMAL,OPTIMAL
RPL10,INFEASIBLE,INFEASIBLE,INFEASIBLE,OPTIMAL
DNASE1L1,OPTIMAL,OPTIMAL,OPTIMAL,OPTIMAL
TAFAZZIN,INFEASIBLE,OPTIMAL,OPTIMAL,OPTIMAL
ATP6AP1,INFEASIBLE,INFEASIBLE,INFEASIBLE,OPTIMAL
GDI1,OPTIMAL,OPTIMAL,OPTIMAL,OPTIMAL
FAM50A,INFEASIBLE,INFEASIBLE,OPTIMAL,OPTIMAL
PLXNA3,OPTIMAL,OPTIMAL,OPTIMAL,OPTIMAL
LAGE3,INFEASIBLE,INFEASIBLE,OPTIMAL,INFEASIBLE
UBL4A,INFEASIBLE,INFEASIBLE,OPTIMAL,OPTIMAL
SLC10A3,INFEASIBLE,INFEASIBLE,OPTIMAL,OPTIMAL
FAM3A,INFEASIBLE,INFEASIBLE,INFEASIBLE,OPTIMAL
G6PD,INFEASIBLE,INFEASIBLE,OPTIMAL,OPTIMAL
IKBKG,OPTIMAL,OPTIMAL,OPTIMAL,OPTIMAL
DKC1,INFEASIBLE,INFEASIBLE,OPTIMAL,OPTIMAL
MPP1,INFEASIBLE,INFEASIBLE,OPTIMAL,OPTIMAL
FUNDC2,INFEASIBLE,INFEASIBLE,INFEASIBLE,OPTIMAL
CMC4,INFEASIBLE,INFEASIBLE,OPTIMAL,OPTIMAL
MTCP1,INFEASIBLE,INFEASIBLE,INFEASIBLE,OPTIMAL
BRCC3,INFEASIBLE,INFEASIBLE,INFEASIBLE,INFEASIBLE
VBP1,INFEASIBLE,INFEASIBLE,OPTIMAL,OPTIMAL
TMLHE,INFEASIBLE,INFEASIBLE,OPTIMAL,OPTIMAL
VAMP7,INFEASIBLE,OPTIMAL,OPTIMAL,OPTIMAL
ZFY,INFEASIBLE,OPTIMAL,OPTIMAL,OPTIMAL
PCDH11Y,INFEASIBLE,OPTIMAL,OPTIMAL,OPTIMAL
MT-ND1,INFEASIBLE,OPTIMAL,INFEASIBLE,INFEASIBLE
MT-ND2,INFEASIBLE,INFEASIBLE,INFEASIBLE,INFEASIBLE
MT-CO1,INFEASIBLE,INFEASIBLE,INFEASIBLE,INFEASIBLE
MT-CO2,INFEASIBLE,INFEASIBLE,INFEASIBLE,INFEASIBLE
MT-ATP8,OPTIMAL,INFEASIBLE,OPTIMAL,OPTIMAL
MT-ATP6,INFEASIBLE,INFEASIBLE,INFEASIBLE,INFEASIBLE
MT-CO3,INFEASIBLE,INFEASIBLE,INFEASIBLE,INFEASIBLE
MT-ND3,INFEASIBLE,INFEASIBLE,INFEASIBLE,INFEASIBLE
MT-ND4L,INFEASIBLE,INFEASIBLE,OPTIMAL,OPTIMAL
MT-ND4,INFEASIBLE,INFEASIBLE,INFEASIBLE,INFEASIBLE
MT-ND5,INFEASIBLE,INFEASIBLE,INFEASIBLE,OPTIMAL
MT-ND6,INFEASIBLE,OPTIMAL,OPTIMAL,OPTIMAL
MT-CYB,INFEASIBLE,INFEASIBLE,INFEASIBLE,INFEASIBLE
