,MIR3654_All_HAR_min,MIR3654_All_HAR_max,MIR3654_All_HAR_mid,MIR3654_G1_HAR_min,MIR3654_G1_HAR_max,MIR3654_G1_HAR_mid,MIR3654_S_HAR_min,MIR3654_S_HAR_max,MIR3654_S_HAR_mid,MIR3654_G2M_HAR_min,MIR3654_G2M_HAR_max,MIR3654_G2M_HAR_mid
SAMD11,,,,,,,,,,,,
NOC2L,0.14320295723614362,0.3967002504858861,0.26995160386101485,,,,,,,,,
HES4,,,,,,,,,,,,
ISG15,,,,,,,,,,,,
AGRN,,,,-0.980677120423983,-0.3543463964791759,-0.6675117584515795,,,,,,
C1orf159,,,,,,,,,,,,
SDF4,,,,,,,,,,,,
B3GALT6,,,,,,,,,,,,
UBE2J2,0.1146104266495968,0.4232655889627628,0.26893800780617977,,,,,,,,,
ACAP3,,,,,,,,,,,,
PUSL1,0.064905405095451,0.32907483460038534,0.19699011984791817,,,,,,,,,
INTS11,,,,,,,,,,,,
DVL1,0.09370935176180266,0.320660278822259,0.20718481529203084,-0.9805673344514737,-0.17715983339221916,-0.5788635839218464,,,,,,
AURKAIP1,0.3650723477017146,0.6473223648808373,0.5061973562912759,,,,,,,,,
CCNL2,,,,,,,,,,,,
MRPL20,0.19680330611031915,0.4275865589087842,0.31219493250955166,,,,,,,,,
ATAD3B,0.0927661063668992,0.35504901618721474,0.22390756127705697,,,,,,,,,
ATAD3A,0.09102789817885645,0.3632852107911774,0.22715655448501693,,,,,,,,,
SSU72,0.24668775106912855,0.5830625381093221,0.4148751445892253,,,,,,,,,
MIB2,,,,,,,,,,,,
CDK11B,,,,,,,,,,,,
SLC35E2B,,,,,,,,,,,,
CDK11A,,,,,,,,,,,,
NADK,,,,,,,,,,,,
GNB1,,,,,,,,,,,,
PRKCZ,,,,,,,,,,,,
FAAP20,,,,,,,,,,,,
SKI,,,,-0.9872567327584296,-0.40281283815124996,-0.6950347854548398,,,,,,
MORN1,,,,,,,,,,,,
RER1,0.2126038749744123,0.5487968110723169,0.38070034302336464,,,,,,,,,
PEX10,0.0577370848276983,0.2951188857454896,0.17642798528659395,,,,,,,,,
PANK4,,,,,,,,,,,,
HES5,,,,,,,,,,,,
PRDM16,,,,-0.9953336735126755,-0.4307415548868207,-0.7130376141997481,,,,,,
TPRG1L,,,,,,,,,,,,
WRAP73,,,,,,,,,,,,
SMIM1,,,,,,,,,,,,
LRRC47,,,,,,,,,,,,
CEP104,,,,,,,,,,,,
DFFB,,,,,,,,,,,,
C1orf174,,,,,,,,,,,,
NPHP4,,,,,,,,,,,,
KCNAB2,,,,,,,,,,,,
RPL22,0.25638094222728663,0.5748907742820917,0.4156358582546892,,,,,,,,,
ICMT,,,,,,,,,,,,
ACOT7,,,,-0.9800608918765508,-0.36585615860783155,-0.6729585252421911,,,,,,
NOL9,,,,,,,,,,,,
ZBTB48,,,,-0.9896388924191051,-0.24327551028671052,-0.6164572013529078,,,,,,
KLHL21,,,,-0.9863325630711925,-0.2540221754864249,-0.6201773692788087,,,,,,
PHF13,,,,,,,,,,,,
THAP3,,,,,,,,,,,,
DNAJC11,,,,,,,,,,,,
CAMTA1,,,,,,,,,,,,
VAMP3,,,,,,,,,,,,
PER3,,,,,,,,,,,,
PARK7,0.2837617347658514,0.5084402534663348,0.3961009941160931,,,,,,,,,
ERRFI1,,,,,,,,,,,,
RERE,,,,,,,,,,,,
ENO1,0.3970531699403942,0.5842190259768063,0.49063609795860025,,,,,,,,,
GPR157,,,,,,,,,,,,
H6PD,,,,,,,,,,,,
SPSB1,,,,,,,,,,,,
SLC25A33,,,,,,,,,,,,
TMEM201,,,,,,,,,,,,
CLSTN1,,,,,,,,,,,,
CTNNBIP1,,,,,,,,,,,,
LZIC,0.11952395259092106,0.38343720701302,0.2514805798019705,,,,,,,,,
NMNAT1,,,,,,,,,,,,
RBP7,,,,,,,,,,,,
UBE4B,,,,,,,,,,,,
KIF1B,,,,,,,,,,,,
PGD,0.1473177721965347,0.394858611137674,0.27108819166710435,,,,,,,,,
CENPS,,,,,,,,,,,,
DFFA,0.10878868339298431,0.42194127439741447,0.2653649788951994,,,,,,,,,
PEX14,,,,,,,,,,,,
CASZ1,,,,,,,,,,,,
TARDBP,0.1000566926506707,0.35183905421144585,0.22594787343105827,,,,,,,,,
SRM,0.197341095319527,0.48315397911183217,0.3402475372156796,,,,,,,,,
EXOSC10,0.07907866531686926,0.35262639707987503,0.21585253119837214,,,,,,,,,
MTOR,,,,,,,,,,,,
UBIAD1,,,,,,,,,,,,
FBXO44,,,,,,,,,,,,
MAD2L2,,,,,,,,,,,,
AGTRAP,0.1375745459418865,0.38774025847871707,0.26265740221030176,,,,,,,,,
MTHFR,,,,,,,,,,,,
CLCN6,,,,,,,,,,,,
KIAA2013,0.10705017118634469,0.37845482091239085,0.24275249604936777,,,,,,,,,
PLOD1,,,,,,,,,,,,
MFN2,,,,,,,,,,,,
MIIP,0.11454002681953433,0.35969789668158775,0.23711896175056105,,,,,,,,,
VPS13D,,,,,,,,,,,,
DHRS3,,,,,,,,,,,,
PDPN,,,,,,,,,,,,
PRDM2,,,,,,,,,,,,
KAZN,,,,,,,,,,,,
TMEM51,,,,,,,,,,,,
EFHD2,,,,,,,,,,,,
CASP9,,,,,,,,,,,,
DNAJC16,,,,,,,,,,,,
DDI2,,,,,,,,,,,,
PLEKHM2,,,,,,,,,,,,
UQCRHL,,,,,,,,,,,,
SPEN,,,,,,,,,,,,
ZBTB17,,,,,,,,,,,,
FBXO42,,,,,,,,,,,,
SZRD1,0.06677901492218667,0.359332223135029,0.21305561902860784,,,,,,,,,
NECAP2,,,,,,,,,,,,
NBPF1,,,,,,,,,,,,
CROCC,,,,,,,,,,,,
ATP13A2,,,,,,,,,,,,
SDHB,,,,,,,,,,,,
RCC2,,,,,,,,,,,,
ALDH4A1,,,,,,,,,,,,
UBR4,,,,,,,,,,,,
EMC1,,,,-0.9934578704792906,-0.6146646572231096,-0.8040612638512001,,,,,,
MRTO4,0.1941916683032277,0.44241629380603315,0.3183039810546304,,,,,,,,,
AKR7A2,0.1232598702394896,0.49167558262078315,0.30746772643013637,,,,,,,,,
SLC66A1,,,,,,,,,,,,
CAPZB,0.2244650026412802,0.6384710679023299,0.43146803527180505,,,,,,,,,
MICOS10,0.22160844915537625,0.5423561379657528,0.3819822935605645,,,,,,,,,
NBL1,,,,,,,,,,,,
TMCO4,,,,,,,,,,,,
OTUD3,,,,,,,,,,,,
PLA2G5,-0.3376387868207232,-0.10653855904387716,-0.22208867293230017,-0.9916686600588414,-0.3694684957007057,-0.6805685778797735,,,,,,
CAMK2N1,,,,,,,,,,,,
MUL1,,,,,,,,,,,,
PINK1,0.09698014161181845,0.3431501515136422,0.22006514656273032,,,,,,,,,
DDOST,,,,,,,,,,,,
KIF17,,,,,,,,,,,,
HP1BP3,,,,,,,,,,,,
EIF4G3,,,,,,,,,,,,
ECE1,,,,,,,,,,,,
USP48,,,,,,,,,,,,
HSPG2,,,,,,,,,,,,
CDC42,,,,,,,-0.9823581547062934,-0.34969403049948083,-0.6660260926028871,,,
ZBTB40,,,,,,,,,,,,
EPHA8,,,,,,,,,,,,
EPHB2,,,,,,,,,,,,
KDM1A,0.12847024688013958,0.41134194576112515,0.26990609632063234,,,,,,,,,
LUZP1,,,,,,,,,,,,
HNRNPR,0.21094877912086507,0.3843358943292301,0.2976423367250476,,,,0.3283512081588178,0.6653953011066622,0.49687325463274,,,
ASAP3,,,,,,,,,,,,
E2F2,-0.29318307132866855,-0.09365010541438175,-0.19341658837152514,,,,,,,,,
ID3,,,,,,,,,,,,
RPL11,0.39761068916613473,0.6396819032043927,0.5186462961852637,,,,,,,,,
ELOA,0.12175833243376724,0.3729237897388313,0.24734106108629927,,,,,,,,,
PITHD1,0.16128507041073734,0.4276517511637821,0.2944684107872597,,,,,,,,,
LYPLA2,0.15614059760205945,0.4052288863764161,0.28068474198923776,,,,,,,,,
GALE,,,,,,,,,,,,
HMGCL,,,,,,,,,,,,
FUCA1,,,,,,,,,,,,
PNRC2,0.11797895080410341,0.3961053307875663,0.2570421407958349,,,,,,,,,
SRSF10,,,,,,,,,,,,
GRHL3,-0.25040986028859463,-0.11533179510771256,-0.1828708276981536,-0.9779221851416992,-0.43418044591835453,-0.7060513155300269,-0.3215417971273158,-0.06284537244806278,-0.19219358478768928,-0.4039047013408392,-0.1187115304074992,-0.2613081158741692
STPG1,,,,,,,,,,,,
NIPAL3,,,,,,,,,,,,
RCAN3,,,,,,,,,,,,
SRRM1,,,,,,,,,,,,
CLIC4,,,,,,,,,,,,
SYF2,0.09566462109636277,0.4210124079657026,0.2583385145310327,,,,,,,,,
RSRP1,,,,,,,,,,,,
TMEM50A,0.20156631508482148,0.4671768740553768,0.33437159457009913,,,,,,,,,
MACO1,,,,,,,,,,,,
LDLRAP1,,,,,,,,,,,,
SELENON,,,,,,,,,,,,
MTFR1L,,,,,,,,,,,,
AUNIP,,,,,,,,,,,,
PAQR7,,,,,,,,,,,,
STMN1,0.14724988312703985,0.4312743470792841,0.28926211510316197,,,,,,,,,
PDIK1L,,,,,,,,,,,,
ZNF593,0.17260442659018704,0.44385242445071516,0.3082284255204511,,,,,,,,,
CEP85,0.20559784355754432,0.36374575257935093,0.2846717980684476,,,,,,,,,
SH3BGRL3,,,,,,,,,,,,
UBXN11,,,,,,,,,,,,
DHDDS,,,,,,,,,,,,
HMGN2,,,,,,,,,,,,
RPS6KA1,,,,,,,,,,,,
ARID1A,,,,,,,,,,,,
ZDHHC18,,,,,,,,,,,,
GPN2,,,,,,,,,,,,
GPATCH3,,,,,,,,,,,,
NUDC,0.20558052814611844,0.41406421932989784,0.30982237373800814,,,,,,,,,
TRNP1,,,,,,,,,,,,
SLC9A1,,,,,,,,,,,,
WDTC1,,,,,,,,,,,,
TMEM222,,,,,,,,,,,,
WASF2,,,,,,,,,,,,
AHDC1,,,,,,,,,,,,
FAM76A,-0.4870842325063242,-0.13175302018529603,-0.30941862634581013,,,,-0.8103549135815229,-0.1661078918231497,-0.4882314027023363,,,
STX12,,,,,,,,,,,,
PPP1R8,,,,,,,,,,,,
RPA2,,,,,,,,,,,,
EYA3,,,,,,,,,,,,
DNAJC8,0.10895138383003414,0.4074495007230882,0.2582004422765612,,,,,,,,,
ATP5IF1,0.2013200506500074,0.4902139955104133,0.34576702308021035,,,,,,,,,
SESN2,,,,,,,,,,,,
MED18,,,,,,,,,,,,
PHACTR4,,,,,,,,,,,,
RCC1,,,,,,,,,,,,
TRNAU1AP,,,,,,,,,,,,
TAF12,,,,,,,,,,,,
GMEB1,,,,,,,-0.5879606816800147,-0.1222071297667814,-0.35508390572339804,,,
YTHDF2,0.13351405889039747,0.3782860915079164,0.2559000751991569,,,,,,,,,
EPB41,,,,,,,,,,,,
SRSF4,,,,,,,,,,,,
MECR,,,,,,,,,,,,
PTPRU,,,,,,,,,,,,
MATN1,,,,,,,,,,,,
SDC3,,,,,,,,,,,,
PUM1,,,,,,,,,,,,
NKAIN1,,,,-0.9872635221483387,-0.48255977506002,-0.7349116486041793,,,,,,
SNRNP40,,,,,,,,,,,,
ZCCHC17,,,,,,,,,,,,
PEF1,0.19377322229753713,0.4370320010595618,0.31540261167854944,,,,,,,,,
PTP4A2,0.15292352936888318,0.3678990573029587,0.26041129333592095,,,,,,,,,
KHDRBS1,0.10756637528057227,0.4441005414901721,0.27583345838537215,,,,,,,,,
TMEM39B,,,,,,,,,,,,
KPNA6,,,,,,,,,,,,
TXLNA,,,,,,,,,,,,
CCDC28B,,,,,,,,,,,,
TMEM234,,,,,,,,,,,,
EIF3I,0.2523052435646007,0.5402336609468642,0.39626945225573246,,,,,,,,,
HDAC1,0.10187837233441487,0.4086050868215541,0.25524172957798447,,,,,,,,,
MARCKSL1,0.17366063105307272,0.4998109780686734,0.33673580456087304,,,,,,,,,
BSDC1,,,,,,,,,,,,
ZBTB8B,-0.30554013266868,-0.15263085998884837,-0.22908549632876418,-0.993377613866218,-0.5844088934444166,-0.7888932536553173,-0.45416301339142695,-0.0845156209906357,-0.2693393171910313,-0.41614145594619706,-0.13496106499667146,-0.27555126047143425
ZBTB8A,,,,-0.993784330471948,-0.4978549060096065,-0.7458196182407772,,,,,,
ZBTB8OS,,,,,,,,,,,,
RBBP4,,,,,,,,,,,,
SYNC,-0.5697496029258621,-0.28766197705655616,-0.4287057899912091,,,,-0.6466135808126141,-0.2089919119328693,-0.42780274637274174,-0.5548394993272112,-0.16943452138462414,-0.36213701035591767
KIAA1522,,,,,,,,,,,,
YARS1,,,,,,,,,,,,
S100PBP,,,,,,,,,,,,
TMEM54,,,,,,,,,,,,
RNF19B,,,,,,,,,,,,
AK2,0.15143065363639008,0.47691176309720534,0.3141712083667977,,,,,,,,,
ZNF362,,,,,,,,,,,,
PHC2,,,,,,,,,,,,
SMIM12,,,,,,,,,,,,
TMEM35B,,,,,,,,,,,,
ZMYM6,,,,,,,,,,,,
ZMYM1,0.08528957482636207,0.3177979451375404,0.20154375998195123,,,,,,,,,
SFPQ,0.32787919954502054,0.5402657192736176,0.43407245940931904,,,,0.17730845186534083,0.6077915791498444,0.3925500155075926,,,
ZMYM4,,,,,,,,,,,,
KIAA0319L,,,,,,,,,,,,
NCDN,,,,,,,,,,,,
PSMB2,0.1522491539301057,0.521920384993365,0.3370847694617354,,,,,,,,,
CLSPN,-0.9655092906711393,-0.3245720173894296,-0.6450406540302844,,,,,,,,,
AGO4,,,,,,,,,,,,
AGO1,,,,,,,,,,,,
AGO3,,,,,,,,,,,,
ADPRS,0.1336800278985005,0.3646524102438219,0.2491662190711612,,,,,,,,,
TRAPPC3,0.28565724939343057,0.536464005646768,0.4110606275200993,,,,0.12514045871204263,0.5167783671662548,0.3209594129391487,0.12860441177868662,0.5391555999190423,0.33388000584886446
MAP7D1,0.11430336834591928,0.32724031194127073,0.22077184014359502,,,,,,,,,
THRAP3,,,,,,,,,,,,
EVA1B,,,,,,,,,,,,
STK40,,,,,,,,,,,,
LSM10,0.10670039274173089,0.4090986571660949,0.2578995249539129,,,,,,,,,
OSCP1,,,,,,,,,,,,
MRPS15,0.19326689221758814,0.4764894417193285,0.3348781669684583,,,,,,,,,
MEAF6,,,,,,,,,,,,
SNIP1,,,,,,,,,,,,
GNL2,0.11377210094969192,0.3688861372119283,0.24132911908081012,,,,,,,,,
C1orf109,0.06640524810858638,0.28661183834604254,0.17650854322731446,,,,,,,,,
CDCA8,0.19854987250054026,0.39756045686869484,0.29805516468461757,,,,,,,,,
MANEAL,,,,,,,,,,,,
YRDC,0.1653777357295194,0.4328803530729259,0.2991290444012226,,,,,,,,,
C1orf122,,,,,,,,,,,,
MTF1,,,,,,,,,,,,
INPP5B,,,,,,,,,,,,
SF3A3,,,,,,,,,,,,
FHL3,,,,,,,,,,,,
UTP11,,,,,,,,,,,,
RRAGC,0.07788538693908224,0.2943987700609049,0.1861420784999936,,,,,,,,,
MYCBP,,,,,,,,,,,,
AKIRIN1,0.12033762072449704,0.4077442566426165,0.26404093868355677,,,,,,,,,
NDUFS5,0.2969461996115281,0.5658989390215389,0.4314225693165335,,,,,,,,,
MACF1,,,,,,,,,,,,
PABPC4,,,,,,,,,,,,
PPIE,0.07862729106076037,0.3825849075442895,0.23060609930252493,,,,,,,,,
BMP8B,,,,,,,,,,,,
TRIT1,,,,,,,,,,,,
CAP1,0.08140113945319877,0.3614465048664633,0.22142382215983103,,,,,,,,,
PPT1,,,,,,,,,,,,
RLF,,,,,,,,,,,,
ZMPSTE24,0.06128823897800544,0.32536689332100044,0.19332756614950294,,,,,,,,,
SMAP2,,,,,,,,,,,,
ZNF684,,,,,,,,,,,,
NFYC,,,,,,,,,,,,
CTPS1,,,,,,,,,,,,
SCMH1,,,,,,,,,,,,
HIVEP3,,,,,,,,,,,,
FOXJ3,,,,,,,,,,,,
RIMKLA,,,,,,,,,,,,
PPCS,,,,,,,,,,,,
PPIH,0.21273681797109723,0.5241722288589733,0.36845452341503526,,,,,,,,,
YBX1,0.1985262043859558,0.4274912780797064,0.31300874123283107,,,,,,,,,
P3H1,,,,,,,,,,,,
C1orf50,,,,,,,,,,,,
SVBP,,,,,,,,,,,,
ZNF691,,,,,,,,,,,,
SLC2A1,,,,,,,,,,,,
EBNA1BP2,0.1732022779511117,0.401990618892781,0.2875964484219463,,,,,,,,,
CDC20,0.2963145154842924,0.4775701154071498,0.3869423154457211,,,,0.17222659376501884,0.47666530247817396,0.3244459481215964,,,
ELOVL1,,,,,,,,,,,,
MED8,0.18090328835919442,0.40964425113359393,0.2952737697463942,,,,,,,,,
SZT2,-0.3023061601161885,-0.15071742540137126,-0.22651179275877986,-0.9895676219182434,-0.548935643833091,-0.7692516328756672,-0.3230297765577198,-0.09695703268216813,-0.20999340461994398,-0.4245645851194642,-0.16199425230429285,-0.2932794187118785
HYI,,,,,,,,,,,,
PTPRF,,,,,,,,,,,,
KDM4A,,,,,,,,,,,,
ST3GAL3,,,,,,,,,,,,
IPO13,,,,,,,,,,,,
DPH2,0.14110551920058523,0.4027330912736571,0.27191930523712116,,,,,,,,,
ATP6V0B,0.22484278705636676,0.4281677693328002,0.32650527819458347,,,,0.16888445317750464,0.5995141387219189,0.3841992959497118,,,
B4GALT2,0.0781737526860029,0.30506774337559056,0.19162074803079673,,,,,,,,,
DMAP1,0.10050287440581004,0.3265019528746211,0.21350241364021555,,,,,,,,,
ERI3,,,,,,,,,,,,
RNF220,,,,-0.9805426245591119,-0.27858388849628385,-0.6295632565276978,,,,,,
TMEM53,,,,,,,,,,,,
KIF2C,0.10430754086217417,0.3354483157037041,0.21987792828293912,,,,,,,,,
RPS8,0.3652560712822098,0.6123714652227297,0.48881376825246975,,,,,,,,,
PTCH2,,,,,,,,,,,,
EIF2B3,,,,,,,,,,,,
HECTD3,,,,,,,,,,,,
UROD,0.07667602085187515,0.3633677314076758,0.22002187612977547,,,,,,,,,
ZSWIM5,,,,,,,,,,,,
MUTYH,,,,,,,,,,,,
TOE1,,,,,,,,,,,,
TESK2,,,,-0.9874436810357541,-0.35595306148383415,-0.6716983712597941,,,,,,
MMACHC,,,,,,,,,,,,
PRDX1,0.31969229419827166,0.4847475152940156,0.40221990474614366,,,,0.13187225617175677,0.6176383218712896,0.3747552890215232,0.2897434169265873,0.5890235345187425,0.4393834757226649
AKR1A1,0.09097647182635492,0.39556335693094474,0.24326991437864984,,,,,,,,,
NASP,0.13722237732538384,0.4367256178418964,0.2869739975836401,,,,,,,,,
GPBP1L1,,,,,,,,,,,,
TMEM69,,,,,,,,,,,,
IPP,,,,,,,,,,,,
MAST2,,,,,,,,,,,,
PIK3R3,,,,,,,,,,,,
POMGNT1,,,,,,,,,,,,
RAD54L,,,,,,,,,,,,
LRRC41,,,,,,,,,,,,
UQCRH,0.18769857492388115,0.5378079691149069,0.362753272019394,,,,,,,,,
NSUN4,,,,,,,,,,,,
DMBX1,,,,,,,,,,,,
MKNK1,,,,,,,,,,,,
ATPAF1,0.12062325437742281,0.41798818189670284,0.26930571813706283,,,,,,,,,
EFCAB14,,,,,,,,,,,,
STIL,,,,,,,,,,,,
CMPK1,,,,,,,,,,,,
FOXD2,,,,,,,,,,,,
TRABD2B,,,,-0.9903643452886033,-0.5328073098473441,-0.7615858275679737,,,,,,
SPATA6,,,,,,,,,,,,
FAF1,,,,,,,,,,,,
CDKN2C,0.1946020476257092,0.45801852529811393,0.32631028646191157,,,,,,,,,
RNF11,,,,,,,,,,,,
EPS15,,,,-0.9833825271414076,-0.3187455363381624,-0.651064031739785,,,,,,
OSBPL9,,,,,,,,,,,,
NRDC,,,,,,,,,,,,
RAB3B,,,,,,,,,,,,
TXNDC12,0.16005485198202765,0.40180948456049204,0.28093216827125983,,,,0.11160996832953612,0.5239027978545956,0.3177563830920659,,,
KTI12,,,,,,,,,,,,
BTF3L4,,,,,,,,,,,,
ZFYVE9,,,,,,,,,,,,
CC2D1B,,,,,,,,,,,,
ORC1,,,,,,,,,,,,
PRPF38A,0.19874326452713342,0.4613489710834402,0.3300461178052868,,,,,,,,,
TUT4,,,,,,,,,,,,
COA7,0.09498504352836402,0.32550205532288384,0.21024354942562393,,,,,,,,,
ZYG11B,,,,,,,,,,,,
ZYG11A,,,,-0.9892425122873588,-0.29964700169402403,-0.6444447569906915,,,,,,
ECHDC2,-0.27978051990883246,-0.15384973789103623,-0.21681512889993435,-0.9830827854112785,-0.4616252669070873,-0.7223540261591829,-0.36634799257827394,-0.06417513052123128,-0.21526156154975262,-0.4019340504528996,-0.10881756862004055,-0.2553758095364701
SCP2,,,,,,,,,,,,
CPT2,,,,,,,,,,,,
CZIB,0.10073807770835672,0.38968773956582536,0.24521290863709105,,,,,,,,,
MAGOH,0.22221828746688185,0.5160255019217896,0.36912189469433576,,,,0.14468775721588958,0.5163808536584106,0.33053430543715007,,,
LRP8,,,,,,,,,,,,
GLIS1,,,,,,,,,,,,
NDC1,,,,,,,,,,,,
YIPF1,,,,,,,,,,,,
IFT25,,,,,,,,,,,,
LRRC42,,,,,,,,,,,,
TMEM59,0.18430341849901058,0.39494353282610434,0.2896234756625575,,,,,,,,,
TCEANC2,,,,,,,,,,,,
CYB5RL,,,,,,,,,,,,
MRPL37,0.2188772899103233,0.549737327811315,0.38430730886081915,,,,,,,,,
SSBP3,,,,,,,,,,,,
TTC4,0.14306213269626136,0.407242877966566,0.27515250533141367,,,,,,,,,
DHCR24,0.08738675156151993,0.33082280617528537,0.20910477886840265,,,,,,,,,
USP24,,,,,,,,,,,,
PLPP3,-0.3457234431165964,-0.0656759040143288,-0.2056996735654626,-0.9926494223597616,-0.5212798627314981,-0.7569646425456298,,,,,,
PRKAA2,,,,,,,,,,,,
DAB1,,,,,,,,,,,,
OMA1,0.12175971651693177,0.3669293823083304,0.24434454941263106,,,,,,,,,
MYSM1,,,,,,,,,,,,
JUN,,,,,,,,,,,,
FGGY,,,,,,,,,,,,
HOOK1,,,,,,,,,,,,
NFIA,-0.39170077730518865,-0.12194718987310146,-0.25682398358914504,,,,-0.47323582433182293,-0.049416201940238505,-0.2613260131360307,-0.589816844442971,-0.1856087237687594,-0.3877127841058652
TM2D1,,,,,,,,,,,,
PATJ,-0.3479686793578357,-0.11195434285772413,-0.2299615111077799,-0.9928778510416004,-0.46487363205792365,-0.728875741549762,-0.4739276201126292,-0.15745913158687508,-0.3156933758497521,,,
USP1,,,,,,,,,,,,
DOCK7,-0.24318153598053566,-0.03929630219029269,-0.14123891908541417,-0.9847478219082904,-0.44697038230821784,-0.7158591021082541,-0.4598416799929083,-0.015805217099805806,-0.23782344854635706,,,
ATG4C,,,,,,,,,,,,
ALG6,,,,,,,,,,,,
ITGB3BP,,,,,,,,,,,,
EFCAB7,,,,,,,,,,,,
PGM1,,,,,,,,,,,,
ROR1,,,,-0.9898640612527285,-0.3031519567905599,-0.6465080090216442,,,,,,
CACHD1,,,,,,,,,,,,
RAVER2,,,,,,,,,,,,
JAK1,,,,,,,,,,,,
AK4,,,,,,,,,,,,
DNAJC6,,,,,,,,,,,,
LEPROT,0.09942727997164558,0.3667900739389373,0.23310867695529144,,,,,,,,,
LEPR,,,,,,,,,,,,
MIER1,,,,,,,,,,,,
SLC35D1,,,,,,,,,,,,
IL12RB2,,,,-0.9914985907890841,-0.407701152328034,-0.6995998715585591,,,,,,
SERBP1,0.29021784635913517,0.5665564898690921,0.42838716811411365,,,,,,,,,
GADD45A,,,,,,,,,,,,
GNG12,,,,,,,,,,,,
WLS,,,,,,,,,,,,
DEPDC1,0.34793891310763464,0.5378085251108272,0.4428737191092309,,,,,,,0.09860501407897514,0.3931810821557692,0.24589304811737217
LRRC40,,,,,,,,,,,,
SRSF11,0.15824865536964355,0.5282492594087431,0.34324895738919337,,,,,,,,,
ANKRD13C,,,,,,,,,,,,
CTH,,,,,,,,,,,,
ZRANB2,,,,,,,,,,,,
LRRIQ3,,,,,,,,,,,,
FPGT,,,,,,,,,,,,
TNNI3K,-0.3648888471453329,-0.2058991475935438,-0.2853939973694383,-0.9821198414962611,-0.4900106247319453,-0.7360652331141032,-0.4089722095889807,-0.1714765019023451,-0.29022435574566285,-0.5107723968864564,-0.20715092885733416,-0.35896166287189524
CRYZ,,,,,,,,,,,,
TYW3,0.13098705524881712,0.45131134014767244,0.29114919769824477,,,,,,,,,
LHX8,,,,,,,,,,,,
SLC44A5,,,,,,,,,,,,
ACADM,,,,,,,,,,,,
RABGGTB,0.1734348582323747,0.37678436523512876,0.2751096117337517,,,,,,,,,
ST6GALNAC3,-0.40540710991628376,-0.15446621844355357,-0.2799366641799187,-0.9978353134221534,-0.5504050939281574,-0.7741202036751553,,,,,,
PIGK,,,,,,,,,,,,
ZZZ3,,,,,,,,,,,,
USP33,,,,,,,,,,,,
MIGA1,,,,,,,,,,,,
NEXN,,,,,,,,,,,,
FUBP1,,,,,,,,,,,,
DNAJB4,0.10576015061033249,0.32864760513428226,0.21720387787230738,,,,,,,,,
ADGRL2,,,,-0.9869288953025568,-0.3545084487623656,-0.6707186720324612,,,,,,
TTLL7,,,,,,,,,,,,
PRKACB,,,,,,,,,,,,
RPF1,0.19304973490782873,0.4853901749845454,0.33921995494618706,,,,,,,,,
GNG5,,,,,,,,,,,,
CTBS,,,,,,,,,,,,
SSX2IP,0.1744132660611062,0.44649769812734336,0.3104554820942248,,,,,,,,,
LPAR3,,,,,,,,,,,,
MCOLN2,,,,,,,,,,,,
DNAI3,,,,,,,,,,,,
MCOLN3,,,,,,,,,,,,
SYDE2,,,,-0.99001269836571,-0.39034530486518304,-0.6901790016154465,,,,,,
C1orf52,0.18144532976328281,0.4293472115616925,0.30539627066248765,,,,,,,,,
BCL10,,,,,,,,,,,,
DDAH1,,,,,,,,,,,,
CCN1,,,,-0.9916786919535403,-0.3179019599908625,-0.6547903259722014,,,,,,
ZNHIT6,,,,,,,,,,,,
ODF2L,,,,-0.9912254728442134,-0.4617172256543158,-0.7264713492492646,,,,,,
SH3GLB1,,,,,,,,,,,,
SELENOF,0.11242953436240406,0.4584085067318814,0.28541902054714274,,,,,,,,,
HS2ST1,,,,,,,,,,,,
LMO4,0.196956794685239,0.4541974394032951,0.32557711704426706,,,,,,,,,
PKN2,,,,,,,,,,,,
GTF2B,0.09852903919817234,0.33431272452907473,0.21642088186362354,,,,,,,,,
KYAT3,,,,,,,,,,,,
RBMXL1,,,,,,,,,,,,
LRRC8B,,,,,,,,,,,,
LRRC8C,,,,-0.9936930687848464,-0.33256109114700017,-0.6631270799659232,,,,,,
LRRC8D,,,,,,,,,,,,
ZNF326,0.24628992046156645,0.43716851736512563,0.34172921891334607,,,,,,,,,
ZNF644,,,,,,,,,,,,
HFM1,,,,,,,,,,,,
CDC7,,,,,,,,,,,,
TGFBR3,,,,-0.9791570876960793,-0.18380715930966368,-0.5814821235028715,,,,,,
BTBD8,,,,,,,,,,,,
GLMN,,,,,,,,,,,,
RPAP2,0.05771835395688051,0.31658695904566797,0.18715265650127424,,,,,,,,,
EVI5,,,,,,,,,,,,
RPL5,0.3824869303252905,0.5551498270497643,0.4688183786875274,,,,0.2243610689658212,0.4839935313592212,0.3541773001625212,0.26919960263141307,0.5810230572149226,0.42511132992316786
DIPK1A,,,,,,,,,,,,
MTF2,0.09787251577914267,0.38281453342866173,0.2403435246039022,,,,,,,,,
TMED5,,,,,,,,,,,,
CCDC18,,,,,,,,,,,,
DR1,,,,,,,,,,,,
FNBP1L,0.08666292874059657,0.3208666867882118,0.20376480776440417,,,,,,,,,
BCAR3,,,,,,,,,,,,
DNTTIP2,0.26642193419634563,0.46232951661176386,0.3643757254040547,,,,0.10925168000683462,0.45339276525524225,0.28132222263103845,0.12083664542177693,0.5089897482343305,0.31491319682805374
GCLM,0.08033492766311234,0.3540023232181246,0.21716862544061846,,,,,,,,,
ARHGAP29,,,,,,,,,,,,
ABCD3,,,,,,,,,,,,
CNN3,,,,,,,,,,,,
ALG14,,,,,,,,,,,,
TLCD4,,,,,,,,,,,,
RWDD3,,,,,,,,,,,,
PTBP2,,,,,,,,,,,,
DPYD,,,,-0.9951674939083882,-0.5309157099675702,-0.7630416019379792,,,,,,
SNX7,0.10747352972182594,0.39762253089871696,0.25254803031027145,,,,,,,,,
FRRS1,,,,,,,,,,,,
AGL,,,,,,,,,,,,
SLC35A3,,,,,,,,,,,,
MFSD14A,,,,,,,,,,,,
SASS6,0.17684219613187796,0.4583228159713225,0.3175825060516002,,,,,,,,,
TRMT13,0.06409098600789948,0.296432790939877,0.18026188847388824,,,,,,,,,
DBT,,,,,,,,,,,,
RTCA,,,,,,,,,,,,
CDC14A,,,,,,,,,,,,
EXTL2,,,,,,,,,,,,
SLC30A7,,,,,,,-0.3907249987437295,0.013059120403235341,-0.18883293917024707,,,
DPH5,0.12312443539357426,0.3952145056874489,0.2591694705405116,,,,,,,,,
RNPC3,,,,,,,,,,,,
PRMT6,0.167722130647199,0.40491398741954626,0.28631805903337265,,,,,,,,,
VAV3,,,,,,,,,,,,
SLC25A24,,,,,,,,,,,,
EEIG2,,,,-0.9897578203539503,-0.29533800093441037,-0.6425479106441804,,,,,,
PRPF38B,0.213913263944206,0.49115755956222834,0.3525354117532172,,,,,,,,,
STXBP3,0.07175186127276062,0.3241929908391902,0.1979724260559754,,,,,,,,,
GPSM2,,,,,,,,,,,,
CLCC1,,,,,,,,,,,,
WDR47,,,,,,,,,,,,
TAF13,,,,,,,,,,,,
TMEM167B,0.08116723146092798,0.29939805537333464,0.1902826434171313,,,,,,,,,
SARS1,0.17859763768393036,0.5081661322346007,0.3433818849592655,,,,,,,,,
CELSR2,,,,,,,,,,,,
PSRC1,0.26669199693466966,0.5136034572163201,0.39014772707549483,,,,,,,0.11214441792867669,0.43954355605867834,0.2758439869936775
SORT1,,,,-0.9889845294958816,-0.497526486581295,-0.7432555080385883,,,,,,
PSMA5,0.1851760296473114,0.44906238655977704,0.3171192081035442,,,,,,,,,
GNAI3,,,,,,,,,,,,
AMPD2,,,,,,,,,,,,
GSTM3,0.18277646601955136,0.45852922018893144,0.3206528431042414,,,,,,,,,
AHCYL1,0.10809598225024225,0.40923652402499056,0.2586662531376164,,,,,,,,,
STRIP1,,,,,,,,,,,,
KCNC4,,,,,,,,,,,,
RBM15,,,,,,,,,,,,
SLC16A4,-0.40211716089215055,-0.15982769339810676,-0.28097242714512866,,,,,,,-0.4739064221254643,-0.09202084537689746,-0.2829636337511809
LAMTOR5,0.31296549848077326,0.5620406509769099,0.4375030747288416,,,,,,,,,
LRIF1,0.09190360055153285,0.2521438405420065,0.17202372054676968,,,,,,,,,
DRAM2,,,,,,,,,,,,
CEPT1,,,,,,,,,,,,
WDR77,0.23832258555653832,0.5118123718451537,0.375067478700846,,,,,,,,,
ATP5PB,0.3198160999542551,0.5301463324998814,0.42498121622706825,,,,0.2858663625237933,0.5921867941987293,0.43902657836126135,,,
RAP1A,,,,,,,,,,,,
DDX20,0.13331276287997518,0.35158035892643613,0.24244656090320565,,,,,,,,,
CTTNBP2NL,,,,,,,,,,,,
ST7L,,,,,,,,,,,,
CAPZA1,,,,,,,-0.9838485873963094,-0.39252257624790465,-0.688185581822107,-0.9903045338961131,-0.4635017287677851,-0.7269031313319491
MOV10,,,,,,,,,,,,
RHOC,,,,,,,,,,,,
SLC16A1,,,,,,,,,,,,
LRIG2,,,,,,,,,,,,
MAGI3,,,,,,,,,,,,
PHTF1,,,,,,,,,,,,
RSBN1,0.08830742985132897,0.32819665648108914,0.20825204316620904,,,,,,,,,
AP4B1,0.06704816928122526,0.3029775150808135,0.18501284218101938,,,,,,,,,
DCLRE1B,,,,,,,,,,,,
HIPK1,,,,,,,,,,,,
TRIM33,,,,,,,,,,,,
BCAS2,0.28661734643473863,0.5371591972315165,0.4118882718331276,,,,,,,,,
DENND2C,,,,,,,,,,,,
NRAS,0.18277801095841936,0.44554656534718007,0.31416228815279973,,,,,,,,,
CSDE1,0.23220058516176245,0.46653389759753666,0.3493672413796496,,,,,,,,,
SIKE1,0.11185333767504636,0.45885648906370025,0.2853549133693733,,,,,,,,,
VANGL1,0.1946755809990975,0.42960265265798764,0.31213911682854256,,,,,,,,,
SLC22A15,,,,,,,,,,,,
ATP1A1,0.12855489053393712,0.4027927789382302,0.26567383473608364,,,,,,,,,
CD58,,,,,,,,,,,,
IGSF3,,,,,,,,,,,,
PTGFRN,,,,-0.9934470179220595,-0.5113926976740649,-0.7524198577980622,,,,,,
TTF2,,,,,,,,,,,,
MAN1A2,,,,,,,,,,,,
GDAP2,,,,,,,,,,,,
WDR3,0.19409112631534226,0.41887043332650625,0.30648077982092425,,,,,,,,,
WARS2,,,,,,,,,,,,
ZNF697,,,,,,,,,,,,
PHGDH,0.23620085740160834,0.47413961375112096,0.3551702355763646,,,,,,,,,
NOTCH2,,,,,,,,,,,,
SEC22B,-0.643794481024495,-0.12029693175304094,-0.38204570638876795,,,,-0.9409436273361665,-0.1395556864871468,-0.5402496569116567,,,
NBPF8,,,,,,,,,,,,
FAM72B,0.15937136357652879,0.3763099258716443,0.26784064472408653,,,,,,,,,
SRGAP2C,,,,,,,,,,,,
NBPF15,,,,-0.985101864362487,-0.3248191570177783,-0.6549605106901326,,,,,,
SRGAP2B,,,,,,,,,,,,
NBPF20,,,,,,,,,,,,
GPR89A,,,,,,,,,,,,
RNF115,,,,,,,,,,,,
POLR3C,,,,,,,,,,,,
PIAS3,0.09281015786610992,0.33616942820412726,0.2144897930351186,,,,,,,,,
PEX11B,0.10452548787812586,0.28800275510557044,0.19626412149184816,,,,,,,,,
RBM8A,0.19477871289191165,0.4919911121642674,0.3433849125280895,,,,,,,,,
LIX1L,0.07642549186888861,0.274673404661889,0.17554944826538882,,,,,,,,,
POLR3GL,0.09764052358375276,0.3759822886861753,0.23681140613496401,,,,,,,,,
TXNIP,0.08082156582670075,0.2886404125777028,0.18473098920220177,,,,,,,,,
NOTCH2NLA,,,,,,,,,,,,
NBPF12,,,,,,,,,,,,
PRKAB2,0.05889729127841916,0.2911363662210278,0.17501682874972346,,,,,,,,,
BCL9,,,,,,,,,,,,
ACP6,,,,,,,,,,,,
GPR89B,,,,,,,,,,,,
NBPF11,,,,-0.9878671897754664,-0.2677953874279839,-0.6278312886017252,,,,,,
PDE4DIP,-0.16087856729839037,0.034796768534863014,-0.06304089938176367,-0.9902297900391392,-0.4869964787588157,-0.7386131343989775,,,,,,
NBPF9,,,,,,,,,,,,
NOTCH2NLC,,,,,,,,,,,,
BOLA1,0.08453495896638119,0.31220180106419615,0.19836838001528867,,,,,,,,,
SV2A,,,,,,,,,,,,
SF3B4,0.16246366785007132,0.4465369390303786,0.30450030344022494,,,,,,,,,
OTUD7B,,,,,,,,,,,,
VPS45,,,,,,,,,,,,
PLEKHO1,0.06956340987469013,0.2880527174289367,0.1788080636518134,-0.9829902700524947,-0.28575144025784965,-0.6343708551551722,,,,,,
ANP32E,,,,,,,,,,,,
APH1A,0.16180209759424263,0.42319169097784604,0.2924968942860443,,,,,,,,,
C1orf54,,,,,,,,,,,,
MRPS21,0.1447576727088328,0.46509183966483164,0.30492475618683224,,,,,,,,,
PRPF3,,,,,,,,,,,,
RPRD2,,,,,,,,,,,,
TARS2,,,,,,,,,,,,
MCL1,0.10931879758578601,0.31836071402772037,0.21383975580675318,,,,,,,,,
ENSA,0.18638447232868677,0.4996576677903131,0.34302107005949994,,,,,,,,,
GOLPH3L,,,,,,,,,,,,
ARNT,,,,,,,,,,,,
SETDB1,,,,,,,,,,,,
CERS2,0.20081736319757132,0.44616641558763304,0.3234918893926022,,,,0.17485834036730843,0.5638046054023144,0.3693314728848114,,,
MINDY1,,,,,,,,,,,,
PRUNE1,,,,,,,,,,,,
C1orf56,-0.5159071481140337,-0.273684075909702,-0.39479561201186786,-0.971275739720875,-0.21975769645443824,-0.5955167180876566,-0.6607551902202097,-0.22057312745911645,-0.44066415883966303,-0.6134392402393868,-0.18825660276725062,-0.4008479215033187
CDC42SE1,-0.3562117113120365,-0.12678741155469983,-0.24149956143336815,-0.9857115936275926,-0.2561073426947913,-0.620909468161192,-0.48417458895697474,-0.08041555650232657,-0.28229507272965065,,,
GABPB2,,,,,,,,,,,,
SCNM1,,,,,,,,,,,,
LYSMD1,-0.36130652817352155,-0.12457398483819997,-0.24294025650586076,,,,-0.5953814905088367,-0.186867375268908,-0.39112443288887233,,,
VPS72,0.2699091077267957,0.530153600386551,0.40003135405667334,,,,,,,0.16513763316460195,0.5953758307314367,0.38025673194801934
PIP5K1A,,,,,,,,,,,,
PSMD4,0.10088263804718388,0.43331584347954794,0.2670992407633659,,,,,,,,,
ZNF687,,,,,,,,,,,,
PI4KB,0.09452311174345135,0.3592519132849784,0.22688751251421488,,,,,,,,,
RFX5,,,,,,,,,,,,
SELENBP1,,,,,,,,,,,,
PSMB4,,,,,,,,,,,,
POGZ,,,,,,,,,,,,
CGN,,,,,,,,,,,,
SNX27,,,,,,,,,,,,
MRPL9,0.19289251218159473,0.4334092451885079,0.3131508786850513,,,,0.11945061329824821,0.5744560629320314,0.34695333811513984,,,
TDRKH,,,,,,,,,,,,
THEM4,,,,,,,,,,,,
S100A10,,,,,,,,,,,,
S100A11,,,,,,,,,,,,
S100A13,0.11878921133085137,0.43471590599333465,0.27675255866209303,,,,,,,,,
CHTOP,0.16906752395082522,0.4756256916612068,0.322346607806016,,,,,,,,,
SNAPIN,0.16342274248718128,0.3674604770189224,0.26544160975305187,,,,,,,,,
ILF2,0.43355192897279643,0.5946327929432608,0.5140923609580286,,,,0.27828814457817475,0.6735495891261248,0.4759188668521498,,,
INTS3,0.09891691930764858,0.362090694275476,0.2305038067915623,,,,,,,,,
GATAD2B,,,,,,,,,,,,
DENND4B,,,,,,,,,,,,
CRTC2,0.0628234679794962,0.28952671978187816,0.1761750938806872,,,,,,,,,
SLC39A1,0.17911889406109266,0.4776735324502532,0.3283962132556729,,,,,,,,,
JTB,0.28802218557855697,0.5699998015061779,0.42901099354236744,,,,0.2757470161561439,0.5811192674786804,0.4284331418174121,,,
RAB13,,,,,,,,,,,,
RPS27,,,,,,,,,,,,
NUP210L,,,,,,,,,,,,
TPM3,0.15623268794428927,0.43042960658879736,0.2933311472665433,,,,,,,,,
C1orf43,0.28023526245160835,0.6018464590470096,0.441040860749309,,,,,,,,,
UBAP2L,,,,,,,,,,,,
HAX1,0.19662578874943812,0.39263215369327387,0.294628971221356,,,,,,,,,
ATP8B2,,,,,,,,,,,,
UBE2Q1,0.23697115112476064,0.4335495127026698,0.3352603319137152,,,,,,,,,
ADAR,,,,,,,,,,,,
PMVK,0.1296923800990165,0.3994367523865154,0.2645645662427659,,,,,,,,,
PYGO2,,,,,,,,,,,,
SHC1,,,,,,,,,,,,
CKS1B,0.2954731308663772,0.47558518187151716,0.3855291563689472,,,,,,,,,
FLAD1,0.0884489644749964,0.30776541710229205,0.19810719078864422,,,,,,,,,
ADAM15,,,,,,,,,,,,
SLC50A1,0.13325498507932695,0.32791368666411025,0.23058433587171862,,,,,,,,,
DPM3,,,,,,,,,,,,
KRTCAP2,0.30092676592826717,0.4977247294613923,0.39932574769482976,,,,,,,,,
MTX1,0.22063057610305253,0.4717880211100284,0.3462092986065405,,,,,,,,,
GBA1,,,,,,,,,,,,
ENTREP3,0.2067289038887656,0.4845474310298031,0.34563816745928433,,,,,,,,,
SCAMP3,0.1223457964173073,0.36057867759576206,0.24146223700653469,,,,,,,,,
CLK2,,,,,,,,,,,,
FDPS,,,,,,,,,,,,
RUSC1,,,,,,,,,,,,
ASH1L,,,,,,,,,,,,
MSTO1,,,,,,,,,,,,
YY1AP1,,,,,,,,,,,,
DAP3,,,,,,,,,,,,
GON4L,,,,,,,,,,,,
RIT1,,,,,,,,,,,,
KHDC4,,,,,,,,,,,,
ARHGEF2,0.09267217949588334,0.31556538992322475,0.20411878470955405,,,,,,,,,
SSR2,0.27039356270449044,0.487025413691889,0.3787094881981897,,,,0.11810536520168685,0.474710191220223,0.29640777821095493,0.15301292263932664,0.6324129573771883,0.39271294000825746
UBQLN4,0.08702843800718969,0.32428208344172665,0.20565526072445817,,,,,,,,,
LAMTOR2,0.16602508254854279,0.5132782952938568,0.3396516889211998,,,,,,,,,
MEX3A,0.1766914481193062,0.429930234112396,0.3033108411158511,,,,,,,,,
LMNA,,,,,,,,,,,,
SLC25A44,,,,,,,,,,,,
PMF1,0.13680009286473008,0.4282190728788644,0.2825095828717972,,,,,,,,,
SMG5,,,,,,,,,,,,
GLMP,,,,,,,,,,,,
CCT3,0.2157470915466905,0.400070894977525,0.30790899326210774,,,,,,,,,
TSACC,,,,,,,,,,,,
MEF2D,,,,,,,,,,,,
IQGAP3,,,,,,,-0.47170814642199,-0.1585885517095236,-0.3151483490657568,,,
NAXE,0.2115494460129645,0.46168970646158286,0.3366195762372737,,,,,,,,,
GPATCH4,0.3493983657342653,0.5213261964335619,0.4353622810839136,,,,,,,,,
CRABP2,0.1067609679972991,0.3041130665442201,0.2054370172707596,,,,,,,,,
ISG20L2,,,,,,,,,,,,
METTL25B,,,,,,,,,,,,
MRPL24,0.14192675775156643,0.391546063485058,0.2667364106183122,,,,,,,,,
HDGF,0.14847359071304772,0.3430015054758464,0.24573754809444706,,,,,,,,,
PRCC,,,,,,,,,,,,
ARHGEF11,0.10690933953761185,0.3278008653333845,0.21735510243549816,,,,,,,,,
ETV3,,,,,,,,,,,,
KIRREL1,,,,,,,,,,,,
TAGLN2,0.25424799275441795,0.5086615418268541,0.381454767290636,,,,,,,,,
PIGM,,,,,,,,,,,,
PEA15,,,,,,,,,,,,
DCAF8,0.10368162497398016,0.3380582797879754,0.22086995238097779,,,,,,,,,
PEX19,0.1848271257056961,0.42956047173886147,0.3071937987222788,,,,0.1355110521154746,0.5704852127759515,0.3529981324457131,,,
COPA,,,,,,,,,,,,
NCSTN,,,,,,,,,,,,
VANGL2,,,,,,,,,,,,
F11R,,,,,,,,,,,,
USF1,,,,,,,,,,,,
PFDN2,0.2350006791227874,0.5471965262858322,0.3910986027043098,,,,,,,,,
NIT1,0.07544359563308756,0.3236643979117062,0.19955399677239688,,,,,,,,,
DEDD,,,,,,,,,,,,
UFC1,0.22150290086518498,0.500754318880944,0.3611286098730645,,,,,,,,,
USP21,,,,,,,,,,,,
PPOX,,,,,,,,,,,,
B4GALT3,0.06563910591837824,0.31021600549890505,0.18792755570864164,,,,,,,,,
NDUFS2,0.2681909595028062,0.5810670713352558,0.424629015419031,,,,0.26830760441222806,0.7086546333469336,0.4884811188795808,,,
TOMM40L,0.08305238066181234,0.33594197678969984,0.20949717872575607,,,,,,,,,
SDHC,0.09746973413496092,0.3779802520025187,0.23772499306873981,,,,,,,,,
DUSP12,0.13279783741477358,0.3914565025757502,0.26212716999526187,,,,,,,,,
ATF6,,,,,,,,,,,,
NOS1AP,,,,,,,,,,,,
UHMK1,0.09324761659635719,0.3110297982948586,0.2021387074456079,,,,,,,,,
UAP1,0.08767321610913374,0.37930662659631603,0.2334899213527249,,,,,,,,,
DDR2,,,,,,,,,,,,
HSD17B7,,,,,,,,,,,,
NUF2,0.13358714092101456,0.3734632556687619,0.25352519829488823,,,,,,,,,
PBX1,,,,,,,,,,,,
MGST3,0.18342584858693037,0.47185078820276893,0.32763831839484964,,,,,,,,,
ALDH9A1,,,,,,,,,,,,
TMCO1,,,,-0.9888363662471058,-0.33544484191477497,-0.6621406040809403,,,,,,
UCK2,0.11452102741179235,0.3545009343729561,0.2345109808923742,,,,,,,,,
POGK,,,,,,,,,,,,
TADA1,,,,,,,,,,,,
POU2F1,,,,,,,,,,,,
CREG1,,,,-0.990800937217143,-0.48758853991936807,-0.7391947385682556,,,,,,
MPZL1,,,,,,,,,,,,
MPC2,0.12215313553884201,0.49835170264863465,0.31025241909373835,,,,,,,,,
DCAF6,,,,,,,,,,,,
GPR161,,,,,,,,,,,,
TIPRL,0.34598264223835584,0.6247493332841255,0.4853659877612407,,,,0.16266376813608915,0.5370558999503307,0.3498598340432099,0.20625622505488772,0.5982328778282333,0.4022445514415605
SFT2D2,,,,,,,,,,,,
ATP1B1,-0.6358750302099432,-0.21416065346110133,-0.42501784183552227,,,,-0.8667950442088235,-0.2590776227979443,-0.5629363335033839,,,
NME7,,,,,,,,,,,,
BLZF1,,,,,,,,,,,,
CCDC181,,,,,,,,,,,,
SLC19A2,,,,,,,,,,,,
C1orf112,,,,,,,,,,,,
METTL18,,,,,,,,,,,,
SCYL3,,,,-0.9864288749851693,-0.33762189651935487,-0.6620253857522621,,,,,,
KIFAP3,,,,,,,,,,,,
GORAB,,,,,,,,,,,,
PRRC2C,0.28074724739594126,0.5295609752694741,0.4051541113327077,,,,,,,,,
VAMP4,,,,,,,,,,,,
METTL13,,,,,,,,,,,,
DNM3,,,,,,,,,,,,
PIGC,0.10646144696405661,0.3526920326575199,0.22957673981078827,,,,,,,,,
SUCO,,,,-0.9893549746875405,-0.3789673438771265,-0.6841611592823336,,,,,,
PRDX6,0.2786431848208173,0.5759487839146009,0.4272959843677091,,,,,,,,,
KLHL20,,,,,,,,,,,,
CENPL,,,,,,,,,,,,
DARS2,,,,,,,,,,,,
ZBTB37,,,,,,,,,,,,
RC3H1,,,,,,,,,,,,
RABGAP1L,-0.3227891534412386,-0.09874142248966335,-0.21076528796545096,-0.991977620051724,-0.49626386461644817,-0.7441207423340861,-0.45761588048762136,-0.06770462892525869,-0.26266025470644006,,,
CACYBP,0.26225254729352554,0.479736995468345,0.3709947713809353,,,,,,,,,
MRPS14,0.20249861521119109,0.49597541392212513,0.3492370145666581,,,,,,,,,
COP1,,,,-0.9816689648882698,-0.2776629597035439,-0.6296659622959069,,,,,,
RASAL2,,,,,,,,,,,,
RALGPS2,-0.32129695204373937,-0.16368534930381437,-0.24249115067377686,-0.9904481640491298,-0.5462802708396872,-0.7683642174444085,-0.37235360576869914,-0.14255463130813256,-0.2574541185384158,,,
FAM20B,,,,,,,,,,,,
TOR3A,,,,,,,,,,,,
ABL2,,,,-0.9875126266932831,-0.2727424506726359,-0.6301275386829595,,,,,,
SOAT1,,,,,,,,,,,,
TOR1AIP2,,,,,,,,,,,,
TOR1AIP1,,,,,,,,,,,,
CEP350,0.1338120813172722,0.34628424303362587,0.24004816217544905,,,,,,,,,
QSOX1,,,,-0.9905048662609177,-0.2936604587770459,-0.6420826625189818,,,,,,
ACBD6,,,,,,,,,,,,
XPR1,,,,,,,,,,,,
STX6,,,,,,,,,,,,
IER5,,,,,,,,,,,,
GLUL,0.12000744231134132,0.34336888239316826,0.23168816235225478,,,,,,,,,
RGS16,,,,,,,,,,,,
NPL,,,,,,,,,,,,
DHX9,,,,,,,,,,,,
LAMC1,,,,,,,,,,,,
SMG7,,,,,,,,,,,,
ARPC5,0.2302828890823774,0.5040090816044664,0.3671459853434219,,,,,,,,,
RGL1,-0.26059127118951764,-0.0661199638069248,-0.16335561749822122,,,,,,,,,
TSEN15,0.08535949924384388,0.3494588751818956,0.21740918721286975,,,,,,,,,
C1orf21,,,,,,,,,,,,
EDEM3,,,,,,,,,,,,
NIBAN1,,,,-0.9930099115070445,-0.32396834435188954,-0.658489127929467,,,,,,
RNF2,,,,,,,,,,,,
TRMT1L,,,,,,,,,,,,
SWT1,,,,,,,,,,,,
IVNS1ABP,,,,,,,,,,,,
HMCN1,,,,,,,,,,,,
TPR,0.21629766172071355,0.41320821430058224,0.3147529380106479,,,,0.16068101618441785,0.48536221834350196,0.3230216172639599,,,
ODR4,,,,,,,,,,,,
PLA2G4A,,,,,,,,,,,,
BRINP3,,,,-0.9819929659468165,-0.27010194119452197,-0.6260474535706693,,,,,,
UCHL5,0.18859105706657783,0.5132740733982332,0.3509325652324055,,,,,,,,,
RO60,,,,,,,,,,,,
GLRX2,0.15695683431189925,0.4381741314733522,0.29756548289262574,,,,,,,,,
CDC73,,,,,,,,,,,,
KCNT2,-0.31589601194153294,-0.0961018719733058,-0.20599894195741936,,,,,,,,,
ASPM,0.30216320005555064,0.4667633861674417,0.3844632931114962,,,,,,,,,
ZBTB41,,,,,,,,,,,,
DENND1B,,,,-0.9928614575136124,-0.5646637878796558,-0.7787626226966341,,,,,,
C1orf53,,,,,,,,,,,,
NEK7,,,,,,,,,,,,
ZNF281,0.1044391832728647,0.3130131443221551,0.2087261637975099,,,,,,,,,
KIF14,0.08512989867348261,0.2757485428700064,0.1804392207717445,,,,,,,,,
DDX59,,,,,,,,,,,,
CAMSAP2,,,,,,,,,,,,
TMEM9,0.13621390083356444,0.40724314369692555,0.271728522265245,,,,,,,,,
NAV1,,,,-0.9876349789764644,-0.3474988248119103,-0.6675669018941873,,,,,,
IPO9,,,,,,,,,,,,
TIMM17A,0.18992147895934458,0.48858594905553493,0.33925371400743976,,,,,,,,,
RNPEP,0.09510489963351432,0.40427447447971154,0.24968968705661293,,,,,,,,,
ARL8A,0.06550671841890432,0.2773953574054786,0.17145103791219146,,,,,,,,,
UBE2T,,,,,,,,,,,,
PPP1R12B,,,,,,,,,,,,
SYT2,-0.2918415778163567,-0.17876079397062866,-0.2353011858934927,-0.9878240677709746,-0.4993307957820299,-0.7435774317765023,-0.28604677278043106,-0.1149931439881963,-0.2005199583843137,-0.3705904028099082,-0.18993589568232658,-0.2802631492461174
KDM5B,0.20385346609460236,0.4141378747523182,0.3089956704234603,,,,,,,,,
RABIF,,,,,,,,,,,,
KLHL12,,,,,,,,,,,,
ADIPOR1,0.17914197036870635,0.434713843296271,0.30692790683248866,,,,,,,,,
CYB5R1,,,,,,,,,,,,
TMEM183A,,,,,,,,,,,,
BTG2,,,,,,,,,,,,
ATP2B4,,,,,,,,,,,,
SNRPE,,,,,,,,,,,,
SOX13,,,,,,,,,,,,
ETNK2,-0.10874121258199633,0.0437200566813366,-0.03251057795032987,-0.9189074309598432,-0.25773986441259383,-0.5883236476862185,,,,,,
PPP1R15B,,,,,,,,,,,,
PIK3C2B,,,,,,,,,,,,
MDM4,-0.6685154673757481,-0.28601695148301576,-0.4772662094293819,-0.9837759716158513,-0.27971806359599344,-0.6317470176059223,-0.8028983848548079,-0.3305079551458696,-0.5667031700003388,-0.6639991465852677,-0.1461947124787947,-0.4050969295320312
RBBP5,,,,,,,,,,,,
DSTYK,,,,,,,,,,,,
CDK18,,,,-0.9906078089066038,-0.47774557464730605,-0.734176691776955,,,,,,
ELK4,,,,,,,,,,,,
NUCKS1,,,,,,,,,,,,
RAB29,0.12151112101525806,0.3494470025203172,0.23547906176778763,,,,,,,,,
SLC41A1,,,,,,,,,,,,
SRGAP2,,,,,,,,,,,,
EIF2D,,,,,,,,,,,,
DYRK3,,,,,,,,,,,,
MAPKAPK2,,,,,,,,,,,,
PFKFB2,,,,,,,,,,,,
YOD1,,,,,,,,,,,,
CD55,,,,,,,,,,,,
CD46,,,,,,,,,,,,
PLXNA2,-0.2176370887963249,-0.06480558739795246,-0.1412213380971387,-0.9641343388711108,-0.3747611608794264,-0.6694477498752686,,,,,,
C1orf74,,,,,,,,,,,,
UTP25,,,,,,,,,,,,
SYT14,,,,,,,,,,,,
SERTAD4,,,,,,,,,,,,
HHAT,,,,-0.9952161730773499,-0.6107068005410647,-0.8029614868092073,,,,,,
RCOR3,,,,,,,,,,,,
TRAF5,,,,,,,,,,,,
NEK2,0.18973099515481576,0.45766210504223453,0.32369655009852516,,,,,,,,,
LPGAT1,,,,,,,,,,,,
INTS7,,,,,,,,,,,,
DTL,-0.20928193681193744,-0.011886759861936182,-0.11058434833693681,,,,,,,,,
PPP2R5A,,,,,,,,,,,,
PACC1,,,,,,,,,,,,
NENF,,,,,,,,,,,,
ATF3,,,,,,,,,,,,
BATF3,,,,,,,,,,,,
NSL1,,,,,,,,,,,,
TATDN3,,,,,,,,,,,,
FLVCR1,,,,,,,,,,,,
ANGEL2,,,,,,,,,,,,
RPS6KC1,,,,,,,,,,,,
SMYD2,,,,,,,,,,,,
PTPN14,,,,,,,,,,,,
CENPF,0.29098490116438924,0.4126458328784137,0.3518153670214015,,,,0.1545652753378844,0.4419482891722402,0.2982567822550623,,,
KCTD3,0.07962689685170392,0.31824414312872595,0.19893551999021494,,,,,,,,,
ESRRG,-0.31346700602496935,-0.13617430014943907,-0.22482065308720423,-0.9936599477748271,-0.5921258772407079,-0.7928929125077675,-0.41238047591307,-0.1489517012582557,-0.28066608858566283,,,
GPATCH2,,,,,,,,,,,,
SPATA17,,,,,,,,,,,,
RRP15,,,,,,,,,,,,
TGFB2,-0.2982252063117432,-0.15164491064401633,-0.22493505847787976,-0.992363395856593,-0.520825667080753,-0.756594531468673,,,,-0.3892218797949756,-0.13164596252015132,-0.2604339211575635
LYPLAL1,,,,,,,,,,,,
SLC30A10,-0.2909237996941399,-0.1686440503006055,-0.2297839249973727,-0.9897566071250858,-0.5890653910502093,-0.7894109990876476,-0.28961577321256743,-0.12581231418480668,-0.20771404369868707,-0.4148468586767743,-0.200121764204699,-0.3074843114407366
EPRS1,0.2657766222819711,0.4948436289834574,0.38031012563271427,,,,0.14561089224485327,0.40026971785906296,0.2729403050519581,0.33220378563485803,0.6042988202429549,0.4682513029389065
BPNT1,,,,-0.9610495918627544,-0.20664790764990676,-0.5838487497563306,,,,,,
IARS2,,,,,,,,,,,,
RAB3GAP2,,,,,,,,,,,,
MARK1,,,,,,,,,,,,
MTARC2,,,,,,,,,,,,
MTARC1,0.12151435572937257,0.36738524901838615,0.24444980237387937,,,,,,,,,
TAF1A,,,,,,,,,,,,
MIA3,0.08854591913866856,0.31162876399519274,0.20008734156693064,,,,,,,,,
AIDA,0.07143435075592998,0.3044409678910164,0.18793765932347317,,,,,,,,,
BROX,,,,,,,,,,,,
DISP1,,,,,,,,,,,,
CAPN2,,,,,,,,,,,,
TP53BP2,0.057742572017511665,0.2652572862580444,0.16149992913777803,,,,,,,,,
FBXO28,,,,,,,,,,,,
DEGS1,0.16983790502441234,0.37613433421709574,0.27298611962075403,,,,,,,,,
NVL,,,,,,,,,,,,
CNIH4,0.22157231762092114,0.5733837439161091,0.3974780307685151,,,,,,,,,
WDR26,,,,,,,,,,,,
CNIH3,,,,,,,,,,,,
DNAH14,,,,,,,,,,,,
LBR,0.20617608052773265,0.42889019656617555,0.3175331385469541,,,,,,,,,
ENAH,,,,,,,,,,,,
SRP9,0.25924441062769943,0.5915951271771872,0.4254197689024433,,,,,,,,,
EPHX1,,,,,,,,,,,,
TMEM63A,,,,,,,,,,,,
PYCR2,,,,,,,,,,,,
SDE2,,,,,,,,,,,,
ACBD3,0.18417459595794225,0.47098998532172753,0.3275822906398349,,,,,,,,,
LIN9,,,,,,,,,,,,
PARP1,0.20244762248627537,0.4100721762258226,0.30625989935604897,,,,,,,,,
ITPKB,,,,,,,,,,,,
PSEN2,0.06488354151107611,0.28305424665601164,0.17396889408354388,,,,,,,,,
COQ8A,,,,,,,,,,,,
CDC42BPA,,,,,,,,,,,,
ZNF678,,,,,,,,,,,,
SNAP47,0.16064787144732184,0.4222864182266766,0.2914671448369992,,,,,,,,,
JMJD4,0.15190598800269622,0.4342621518519566,0.2930840699273264,,,,,,,,,
ARF1,0.2375749917018551,0.5143679940625235,0.37597149288218934,,,,,,,,,
C1orf35,,,,,,,,,,,,
MRPL55,0.14410118316035023,0.4382372911316976,0.29116923714602394,,,,,,,,,
GUK1,0.1313731756932776,0.4498155938908321,0.29059438479205485,,,,,,,,,
IBA57,,,,,,,,,,,,
TRIM11,,,,,,,,,,,,
RNF187,0.15719890280779225,0.44614060479241036,0.3016697538001013,,,,,,,,,
RHOU,,,,,,,,,,,,
RAB4A,,,,,,,,,,,,
CCSAP,0.11409496561360043,0.357292834385658,0.23569389999962922,,,,,,,,,
NUP133,,,,,,,,,,,,
ABCB10,,,,,,,,,,,,
TAF5L,,,,,,,,,,,,
URB2,,,,,,,,,,,,
GALNT2,,,,,,,,,,,,
PGBD5,,,,,,,,,,,,
COG2,,,,,,,,,,,,
C1orf198,,,,,,,,,,,,
TTC13,,,,,,,,,,,,
ARV1,0.1696542649329999,0.43238817494444326,0.30102121993872155,,,,,,,,,
FAM89A,0.13105038995227067,0.3637832067863883,0.2474167983693295,,,,,,,,,
C1orf131,0.13510106803632055,0.3921151433144843,0.26360810567540244,,,,,,,,,
GNPAT,,,,,,,,,,,,
EXOC8,,,,,,,,,,,,
SPRTN,0.1388949006160282,0.35276270173813185,0.24582880117708,,,,,,,,,
EGLN1,0.09737981256996298,0.3448593266627771,0.22111956961637003,,,,,,,,,
TSNAX,0.1050149912766274,0.3575081474849745,0.23126156938080095,,,,,,,,,
DISC1,,,,,,,-0.4542062192465733,-0.10239501865956976,-0.2783006189530715,,,
SIPA1L2,,,,,,,,,,,,
NTPCR,0.08155155034992143,0.41335953504871076,0.24745554269931608,,,,,,,,,
PCNX2,,,,,,,,,,,,
MAP3K21,,,,,,,,,,,,
KCNK1,,,,,,,,,,,,
COA6,0.21636684548680568,0.41933125403822324,0.3178490497625145,,,,,,,,,
TARBP1,,,,,,,,,,,,
IRF2BP2,,,,,,,,,,,,
TOMM20,0.30406817055765895,0.5788711757148179,0.4414696731362384,,,,0.2208947793671174,0.5765058694607401,0.3987003244139288,,,
ARID4B,,,,,,,,,,,,
GGPS1,,,,,,,,,,,,
TBCE,,,,,,,,,,,,
B3GALNT2,,,,,,,,,,,,
GNG4,,,,,,,,,,,,
LYST,,,,,,,,,,,,
NID1,,,,,,,,,,,,
GPR137B,,,,,,,,,,,,
ERO1B,,,,-0.9861860383238235,-0.355236316186652,-0.6707111772552378,,,,,,
EDARADD,,,,,,,,,,,,
HEATR1,,,,,,,,,,,,
ACTN2,,,,,,,,,,,,
MTR,0.09882073080030879,0.37845378121213025,0.23863725600621952,,,,,,,,,
RYR2,-0.2380570429458387,-0.07787019142646368,-0.1579636171861512,-0.9831981318148288,-0.22460929954208292,-0.6039037156784559,,,,,,
CHRM3,-0.23839852867426875,-0.05174134932342667,-0.1450699389988477,-0.9872329818711844,-0.43516864672880856,-0.7112008142999965,-0.2995165811176746,-0.06620359609312367,-0.18286008860539912,,,
FMN2,-0.3070884255931548,-0.05558480287244563,-0.18133661423280023,-0.9748985516902281,-0.1789390309046701,-0.576918791297449,,,,,,
RGS7,-0.3474598297899429,-0.15392074225229957,-0.2506902860211212,-0.9808572974672406,-0.3265556081831159,-0.6537064528251783,,,,-0.3828020924341408,-0.0657496350955874,-0.2242758637648641
FH,,,,,,,,,,,,
CHML,,,,,,,,,,,,
EXO1,-0.3466999039786899,-0.06523386415882851,-0.20596688406875918,,,,,,,,,
CEP170,,,,,,,,,,,,
SDCCAG8,,,,,,,,,,,,
AKT3,,,,,,,,,,,,
ZBTB18,,,,,,,,,,,,
ADSS2,0.17234695950673107,0.4024421603736422,0.28739455994018664,,,,,,,,,
CATSPERE,,,,,,,,,,,,
DESI2,0.22378512700290054,0.45102282521682135,0.33740397610986095,,,,,,,,,
COX20,,,,,,,,,,,,
HNRNPU,0.13858767169910502,0.3167879438293764,0.22768780776424072,,,,,,,,,
EFCAB2,,,,,,,,,,,,
KIF26B,-0.28254617800987636,-0.0833251087014796,-0.18293564335567797,,,,,,,,,
SMYD3,-0.33878085899979493,-0.08968567949249666,-0.2142332692461458,,,,-0.3875567059866282,-0.030893857882425144,-0.2092252819345267,,,
TFB2M,0.10365426683140702,0.3279705924635355,0.21581242964747127,,,,,,,,,
CNST,,,,,,,,,,,,
SCCPDH,0.141601261247159,0.39419399538454303,0.267897628315851,,,,,,,,,
AHCTF1,,,,-0.9942567479421439,-0.5138314916997906,-0.7540441198209673,,,,,,
ZNF695,,,,,,,,,,,,
ZNF670,,,,,,,,,,,,
ZNF124,,,,,,,,,,,,
ZNF496,,,,,,,,,,,,
SH3YL1,,,,,,,,,,,,
ACP1,0.14284975972949568,0.44403181501449873,0.2934407873719972,,,,,,,,,
TMEM18,0.09277763670897224,0.3740108671250728,0.2333942519170225,,,,,,,,,
SNTG2,,,,,,,,,,,,
PXDN,,,,,,,,,,,,
EIPR1,,,,,,,,,,,,
TRAPPC12,,,,,,,,,,,,
ADI1,0.1398477878120837,0.42869665137083024,0.284272219591457,,,,,,,,,
RNASEH1,0.17049254586477328,0.41220600839852406,0.29134927713164865,,,,,,,,,
RPS7,0.40951033150248517,0.5803516936180588,0.494931012560272,,,,,,,0.29559453594220536,0.6108343896777497,0.45321446280997757
DCDC2C,-0.27847497747332495,-0.1806610661357549,-0.22956802180453992,-0.9692866289242954,-0.4303761665588135,-0.6998313977415545,-0.2572970855021845,-0.09599051893444108,-0.17664380221831277,-0.4016341515983537,-0.20145342632898625,-0.30154378896366996
RNF144A,,,,,,,,,,,,
ID2,,,,,,,,,,,,
KIDINS220,0.08275595566312909,0.31207510241533937,0.19741552903923423,,,,,,,,,
MBOAT2,,,,,,,,,,,,
ASAP2,,,,,,,,,,,,
ITGB1BP1,,,,,,,,,,,,
CPSF3,,,,,,,,,,,,
IAH1,,,,,,,,,,,,
ADAM17,,,,,,,,,,,,
YWHAQ,0.21050052651742834,0.4772652085130268,0.34388286751522756,,,,,,,,,
TAF1B,,,,,,,,,,,,
KLF11,,,,,,,,,,,,
RRM2,,,,,,,,,,,,
HPCAL1,,,,,,,,,,,,
ODC1,,,,,,,,,,,,
NOL10,,,,,,,,,,,,
PDIA6,0.23162908019426434,0.42262745488396175,0.32712826753911306,,,,,,,,,
SLC66A3,,,,,,,,,,,,
ROCK2,0.08541393751978746,0.31133400418986584,0.19837397085482666,,,,,,,,,
E2F6,,,,,,,,,,,,
GREB1,,,,,,,,,,,,
LPIN1,,,,,,,,,,,,
NBAS,,,,,,,,,,,,
DDX1,,,,,,,,,,,,
SMC6,,,,,,,,,,,,
GEN1,,,,,,,,,,,,
RDH14,0.20371590166598602,0.43037155595682347,0.31704372881140475,,,,,,,,,
TTC32,0.09446468356090719,0.34310229405863557,0.2187834888097714,,,,,,,,,
WDR35,,,,,,,,,,,,
LAPTM4A,0.2726871991602302,0.5023953426629251,0.38754127091157764,,,,0.18239712649401865,0.5015853745995693,0.34199125054679397,0.08084731877991433,0.4233476232829266,0.25209747103142044
PUM2,,,,,,,,,,,,
RHOB,,,,,,,,,,,,
HS1BP3,0.07319884424628081,0.3421442121546556,0.20767152820046822,,,,,,,,,
LDAH,,,,,,,,,,,,
KLHL29,,,,-0.9921788174885812,-0.5045818935712074,-0.7483803555298942,,,,,,
ATAD2B,,,,,,,,,,,,
UBXN2A,,,,,,,,,,,,
WDCP,,,,,,,,,,,,
FKBP1B,,,,,,,,,,,,
SF3B6,0.1688372325552207,0.48570988436967016,0.32727355846244544,,,,,,,,,
FAM228B,,,,,,,,,,,,
TP53I3,,,,,,,,,,,,
ITSN2,,,,,,,,,,,,
NCOA1,,,,,,,,,,,,
PTRHD1,,,,,,,,,,,,
CENPO,,,,,,,,,,,,
ADCY3,,,,,,,,,,,,
DNAJC27,,,,,,,,,,,,
EFR3B,,,,-0.9897032662252209,-0.42409235076208324,-0.706897808493652,,,,,,
DNMT3A,,,,-0.9898540733647728,-0.5673706543095587,-0.7786123638371658,,,,,,
DTNB,,,,,,,,,,,,
ASXL2,,,,,,,,,,,,
RAB10,0.11492939096523534,0.3312020761795629,0.22306573357239912,,,,,,,,,
GAREM2,,,,,,,,,,,,
HADHA,0.1940778785032065,0.49671488162170163,0.3453963800624541,,,,,,,,,
HADHB,,,,,,,,,,,,
SELENOI,,,,,,,,,,,,
SLC35F6,,,,,,,,,,,,
CENPA,0.2270529387918741,0.4160218520274117,0.3215373954096429,,,,,,,,,
DPYSL5,,,,,,,,,,,,
MAPRE3,,,,,,,,,,,,
TMEM214,0.11340264311522555,0.3799213214685917,0.2466619822919086,,,,,,,,,
AGBL5,,,,,,,,,,,,
OST4,,,,,,,,,,,,
KHK,,,,,,,,,,,,
PREB,0.22141165779296362,0.49749241166802854,0.3594520347304961,,,,0.1175073351405569,0.6030817803457639,0.3602945577431604,,,
SLC5A6,0.05771434071881812,0.2680289033754338,0.16287162204712596,,,,,,,,,
ATRAID,0.21320993666181365,0.4157778925271969,0.31449391459450526,,,,,,,,,
CAD,,,,,,,,,,,,
MPV17,0.17042649433527443,0.4467515831850605,0.30858903876016747,,,,,,,,,
GTF3C2,,,,,,,,,,,,
EIF2B4,,,,,,,,,,,,
SNX17,0.2030443927869621,0.4807679541160438,0.3419061734515029,,,,,,,,,
PPM1G,0.11712269321375818,0.5296659980075897,0.32339434561067393,,,,,,,,,
NRBP1,0.12765072876166964,0.3407783190158352,0.2342145238887524,,,,,,,,,
IFT172,,,,,,,,,,,,
ZNF512,,,,,,,,,,,,
GPN1,,,,,,,,,,,,
SUPT7L,,,,,,,,,,,,
SLC4A1AP,0.2512230040812895,0.47632065335396895,0.36377182871762925,,,,0.15839974232733045,0.6226466458940864,0.3905231941107084,0.13965039277359242,0.5155107162461118,0.32758055450985213
MRPL33,,,,,,,,,,,,
BABAM2,,,,,,,,,,,,
PPP1CB,,,,,,,-0.9912863693409534,-0.5239767900375453,-0.7576315796892493,-0.9914233916381344,-0.5729452169905382,-0.7821843043143364
SPDYA,,,,,,,,,,,,
TRMT61B,,,,,,,,,,,,
WDR43,,,,,,,,,,,,
CLIP4,,,,,,,,,,,,
YPEL5,,,,,,,,,,,,
LCLAT1,,,,,,,,,,,,
GALNT14,,,,,,,,,,,,
EHD3,,,,,,,,,,,,
DPY30,,,,,,,,,,,,
SPAST,,,,,,,,,,,,
SLC30A6,,,,,,,,,,,,
YIPF4,-0.24154841324017645,-0.03551159590259036,-0.1385300045713834,-0.9921482593559414,-0.535337435486179,-0.7637428474210601,,,,,,
BIRC6,,,,,,,,,,,,
TTC27,,,,,,,,,,,,
LTBP1,-0.28578612399010245,-0.06389776530182452,-0.17484194464596348,,,,,,,,,
FAM98A,0.1992078727506396,0.4740591001542467,0.3366334864524431,,,,,,,,,
CRIM1,,,,,,,,,,,,
FEZ2,0.11242295181554048,0.4012152883343221,0.2568191200749313,,,,,,,,,
STRN,,,,,,,,,,,,
HEATR5B,,,,,,,,,,,,
GPATCH11,,,,,,,,,,,,
EIF2AK2,,,,,,,,,,,,
CEBPZOS,,,,,,,,,,,,
CEBPZ,,,,,,,,,,,,
NDUFAF7,,,,,,,,,,,,
PRKD3,,,,,,,,,,,,
QPCT,,,,,,,,,,,,
CDC42EP3,,,,,,,,,,,,
RMDN2,,,,,,,,,,,,
ATL2,,,,,,,,,,,,
HNRNPLL,0.0947214081359482,0.36028553387001716,0.22750347100298268,,,,,,,,,
GALM,,,,,,,,,,,,
SRSF7,0.20910052977497026,0.4115681798050937,0.31033435479003196,,,,0.08421565183782236,0.481285512519584,0.2827505821787032,,,
GEMIN6,0.24944857038710244,0.5074466767881166,0.3784476235876095,,,,,,,,,
DHX57,,,,,,,,,,,,
MORN2,,,,,,,,,,,,
SOS1,,,,,,,,,,,,
MAP4K3,,,,,,,,,,,,
THUMPD2,,,,,,,,,,,,
SLC8A1,,,,,,,,,,,,
PKDCC,,,,,,,,,,,,
EML4,,,,,,,,,,,,
COX7A2L,0.27483524357690997,0.5842071055679623,0.4295211745724361,,,,,,,,,
KCNG3,,,,,,,,,,,,
MTA3,,,,,,,,,,,,
ZFP36L2,,,,,,,,,,,,
THADA,,,,,,,,,,,,
PLEKHH2,,,,,,,,,,,,
DYNC2LI1,,,,,,,,,,,,
LRPPRC,,,,,,,,,,,,
PPM1B,,,,,,,,,,,,
PREPL,,,,,,,,,,,,
CAMKMT,-0.3232101192281221,-0.09480833775633454,-0.2090092284922283,,,,,,,,,
SIX2,0.08791788739162826,0.32056393529805866,0.20424091134484346,-0.9940804485142041,-0.3542945573122228,-0.6741875029132134,,,,,,
SRBD1,,,,,,,,,,,,
PRKCE,,,,,,,,,,,,
EPAS1,,,,,,,,,,,,
ATP6V1E2,,,,,,,,,,,,
RHOQ,,,,,,,,,,,,
PIGF,,,,,,,,,,,,
CRIPT,,,,,,,,,,,,
MCFD2,0.11830549921841613,0.39343248750070586,0.255868993359561,,,,,,,,,
TTC7A,,,,-0.9913677960658552,-0.5886880828377367,-0.790027939451796,,,,,,
CALM2,0.32863075650998735,0.49032392973718714,0.40947734312358725,,,,0.10851771691232093,0.4180563279558099,0.26328702243406543,,,
MSH2,,,,-0.996305611147843,-0.4993064603639619,-0.7478060357559024,,,,,,
MSH6,,,,,,,,,,,,
FBXO11,,,,,,,,,,,,
FOXN2,,,,,,,,,,,,
PPP1R21,,,,,,,,,,,,
STON1,,,,,,,,,,,,
NRXN1,-0.26684729679058716,-0.15869440033451462,-0.2127708485625509,-0.9911349790270987,-0.5605113297433526,-0.7758231543852256,,,,-0.4050007065539283,-0.13597441044784792,-0.2704875585008881
ASB3,,,,,,,,,,,,
CHAC2,,,,,,,,,,,,
ERLEC1,0.09817895829106713,0.392550846429031,0.24536490236004904,,,,,,,,,
PSME4,,,,,,,,,,,,
ACYP2,,,,,,,,,,,,
SPTBN1,,,,,,,,,,,,
EML6,-0.2676536986053385,-0.053626110964905466,-0.16063990478512197,,,,,,,,,
RTN4,0.16836764025631779,0.4168118339469751,0.29258973710164643,,,,,,,,,
CLHC1,,,,,,,,,,,,
RPS27A,0.399492664176968,0.6558792980092265,0.5276859810930973,,,,,,,,,
MTIF2,0.18992058702217307,0.45302144811334266,0.32147101756775787,,,,,,,,,
CCDC88A,,,,,,,,,,,,
CFAP36,,,,,,,,,,,,
PPP4R3B,0.06693633637471147,0.35852855529803057,0.21273244583637102,,,,,,,,,
PNPT1,,,,,,,,,,,,
VRK2,,,,,,,,,,,,
FANCL,,,,,,,,,,,,
BCL11A,,,,,,,,,,,,
PAPOLG,,,,,,,,,,,,
REL,,,,,,,,,,,,
PUS10,,,,,,,,,,,,
PEX13,,,,,,,,,,,,
SANBR,,,,,,,,,,,,
C2orf74,,,,,,,,,,,,
USP34,,,,,,,,,,,,
XPO1,,,,,,,,,,,,
FAM161A,,,,,,,,,,,,
CCT4,0.15219370405514868,0.6122502652526994,0.38222198465392404,,,,,,,,,
COMMD1,,,,,,,,,,,,
B3GNT2,,,,,,,,,,,,
EHBP1,,,,,,,,,,,,
WDPCP,,,,-0.9889016912818954,-0.48003938707375976,-0.7344705391778276,,,,,,
MDH1,0.23934841414177144,0.5619913822332685,0.40066989818751997,,,,,,,,,
UGP2,,,,,,,,,,,,
VPS54,,,,,,,,,,,,
PELI1,,,,,,,,,,,,
LGALSL,,,,,,,,,,,,
AFTPH,,,,,,,,,,,,
SERTAD2,,,,,,,,,,,,
CEP68,,,,,,,,,,,,
RAB1A,,,,,,,,,,,,
ACTR2,0.17307393035659083,0.4444198294240974,0.3087468798903441,,,,,,,,,
SPRED2,,,,,,,,,,,,
MEIS1,,,,,,,,,,,,
ETAA1,,,,,,,,,,,,
C1D,0.22213703437613577,0.545283285775659,0.38371016007589737,,,,0.13691666946772874,0.5702017095543404,0.35355918951103454,,,
DNAAF10,,,,,,,,,,,,
PNO1,0.08498696305209083,0.43087399164234724,0.257930477347219,,,,0.1381728615545017,0.5202917274263688,0.32923229449043523,,,
PPP3R1,,,,,,,,,,,,
CNRIP1,,,,,,,,,,,,
FBXO48,,,,-0.9895939450678016,-0.25693700548695037,-0.623265475277376,,,,,,
APLF,,,,,,,,,,,,
ANTXR1,,,,,,,,,,,,
GFPT1,,,,,,,,,,,,
NFU1,,,,,,,,,,,,
AAK1,,,,,,,,,,,,
ANXA4,,,,,,,,,,,,
GMCL1,,,,,,,,,,,,
SNRNP27,,,,,,,,,,,,
MXD1,,,,,,,,,,,,
PCBP1,0.31903348852714336,0.5704688309382637,0.4447511597327035,,,,,,,,,
C2orf42,,,,,,,,,,,,
TIA1,,,,,,,,,,,,
PCYOX1,,,,,,,,,,,,
SNRPG,,,,,,,,,,,,
FAM136A,0.2859029833321076,0.5585642196523904,0.42223360149224903,,,,,,,,,
ADD2,,,,,,,,,,,,
VAX2,,,,,,,,,,,,
TEX261,,,,,,,,,,,,
NAGK,,,,,,,,,,,,
MCEE,,,,,,,,,,,,
MPHOSPH10,0.22484584235071572,0.4389626207195768,0.33190423153514625,,,,,,,,,
PAIP2B,0.11170808165373168,0.31658021389107327,0.21414414777240248,,,,,,,,,
ZNF638,,,,,,,,,,,,
EXOC6B,,,,,,,,,,,,
SPR,,,,,,,,,,,,
SFXN5,,,,,,,,,,,,
RAB11FIP5,,,,,,,,,,,,
SMYD5,,,,,,,,,,,,
PRADC1,,,,,,,,,,,,
CCT7,0.35408400938672163,0.6736220593216254,0.5138530343541735,,,,0.22517387805325315,0.643497400472418,0.4343356392628356,,,
ALMS1,,,,,,,,,,,,
TPRKB,0.1175337593338888,0.5554910452019529,0.33651240226792084,,,,,,,,,
DUSP11,,,,,,,,,,,,
STAMBP,,,,,,,,,,,,
DGUOK,,,,,,,,,,,,
TET3,,,,,,,,,,,,
BOLA3,,,,,,,,,,,,
MOB1A,,,,,,,,,,,,
MTHFD2,,,,,,,,,,,,
DCTN1,0.13454982298807652,0.36287211898319216,0.24871097098563433,,,,,,,,,
WDR54,0.07761636390720522,0.34392087347667594,0.21076861869194058,,,,,,,,,
RTKN,,,,,,,,,,,,
INO80B,0.13513601540027154,0.38317909252008636,0.2591575539601789,,,,,,,,,
WBP1,,,,,,,,,,,,
MOGS,,,,,,,,,,,,
MRPL53,,,,,,,,,,,,
CCDC142,,,,,,,,,,,,
TTC31,,,,,,,,,,,,
PCGF1,,,,,,,,,,,,
AUP1,0.19047523968383503,0.45294729470950285,0.3217112671966689,,,,,,,,,
HTRA2,,,,,,,,,,,,
DOK1,,,,,,,,,,,,
HK2,,,,,,,,,,,,
POLE4,,,,,,,,,,,,
MRPL19,0.24191273099966218,0.5654673708238362,0.4036900509117492,,,,,,,,,
GCFC2,,,,,,,,,,,,
LRRTM4,-0.33593266336732386,-0.1273324387634318,-0.23163255106537783,,,,,,,,,
SUCLG1,0.26391431364205764,0.5482964896940328,0.4061054016680452,,,,,,,,,
DNAH6,-0.2420146422306445,-0.1396083237023672,-0.19081148296650585,-0.9789452287057153,-0.4602746490311517,-0.7196099388684335,-0.3704157479683058,-0.15409170761193372,-0.26225372779011974,-0.41947302356934085,-0.17797353732169427,-0.29872328044551755
TMSB10,,,,,,,,,,,,
KCMF1,,,,,,,,,,,,
TCF7L1,,,,,,,,,,,,
TGOLN2,,,,,,,,,,,,
RETSAT,,,,,,,,,,,,
ELMOD3,,,,,,,,,,,,
CAPG,,,,,,,,,,,,
MAT2A,,,,,,,,,,,,
GGCX,,,,,,,,,,,,
VAMP8,,,,,,,,,,,,
RNF181,0.19192549177756998,0.47360490072912703,0.3327651962533485,,,,,,,,,
USP39,,,,,,,,,,,,
C2orf68,-0.44868317147774145,-0.1301244723671428,-0.28940382192244213,,,,,,,-0.39857084563884,-0.05066740362273065,-0.22461912463078532
ST3GAL5,,,,,,,,,,,,
POLR1A,,,,,,,,,,,,
PTCD3,,,,,,,,,,,,
IMMT,,,,,,,,,,,,
MRPL35,,,,,,,,,,,,
REEP1,,,,,,,,,,,,
KDM3A,0.06678718976843129,0.25987645360909994,0.16333182168876562,,,,0.12724761857455316,0.491947693999497,0.30959765628702507,,,
CHMP3,,,,,,,,,,,,
RNF103,,,,,,,,,,,,
RMND5A,,,,,,,,,,,,
KRCC1,,,,,,,,,,,,
EIF2AK3,-0.2777530216212678,-0.06784184886569371,-0.17279743524348076,,,,,,,,,
RPIA,,,,,,,,,,,,
MRPS5,0.22927921587937747,0.4946085160740587,0.36194386597671807,,,,,,,,,
ZNF514,,,,,,,,,,,,
ZNF2,,,,,,,,,,,,
FAHD2A,,,,,,,,,,,,
ANKRD36C,,,,,,,,,,,,
DUSP2,0.07800036772644652,0.31673493223712756,0.19736764998178705,,,,,,,,,
STARD7,0.13916415599122323,0.45079223233415405,0.29497819416268867,,,,,,,,,
TMEM127,,,,,,,,,,,,
CIAO1,,,,,,,,,,,,
SNRNP200,0.13597790867302031,0.38210677757567724,0.25904234312434876,,,,,,,,,
ITPRIPL1,,,,,,,,,,,,
NCAPH,0.16822089140494906,0.43337342846733806,0.30079715993614353,,,,,,,,,
KANSL3,,,,,,,,,,,,
LMAN2L,,,,,,,,,,,,
CNNM4,,,,,,,,,,,,
CNNM3,,,,,,,,,,,,
ANKRD39,0.1256605052177497,0.41668294009409196,0.2711717226559208,,,,,,,,,
FAHD2B,,,,,,,,,,,,
ANKRD36,,,,,,,,,,,,
ANKRD36B,,,,,,,,,,,,
COX5B,0.2508595960709914,0.5130182051686036,0.3819389006197975,,,,,,,,,
ACTR1B,,,,,,,,,,,,
C2orf92,,,,,,,,,,,,
TMEM131,,,,,,,,,,,,
INPP4A,,,,,,,,,,,,
COA5,,,,,,,,,,,,
UNC50,0.1919952190272706,0.49401330487926703,0.34300426195326883,,,,,,,,,
MGAT4A,,,,,,,,,,,,
TSGA10,,,,,,,,,,,,
LIPT1,,,,,,,,,,,,
MITD1,,,,,,,,,,,,
MRPL30,,,,,,,,,,,,
TXNDC9,0.1346628021946018,0.4676931503196234,0.3011779762571126,,,,,,,,,
EIF5B,,,,,,,,,,,,
REV1,,,,,,,,,,,,
AFF3,,,,-0.9847978092338201,-0.3393827728785927,-0.6620902910562064,,,,,,
LONRF2,,,,,,,,,,,,
CHST10,,,,,,,,,,,,
PDCL3,0.11343562664958949,0.4167236013265558,0.2650796139880726,,,,,,,,,
NPAS2,,,,,,,,,,,,
RPL31,0.42733975301875965,0.6968502621772559,0.5620950075980078,,,,,,,,,
TBC1D8,,,,,,,,,,,,
CNOT11,,,,,,,,,,,,
RNF149,,,,,,,,,,,,
MAP4K4,,,,-0.9794317376083916,-0.3713363222617183,-0.675384029935055,,,,,,
MFSD9,,,,,,,,,,,,
TMEM182,,,,-0.9944426277083332,-0.5540316879064016,-0.7742371578073675,,,,,,
POU3F3,,,,,,,,,,,,
MRPS9,,,,,,,,,,,,
TGFBRAP1,,,,,,,,,,,,
C2orf49,,,,,,,,,,,,
FHL2,,,,,,,,,,,,
NCK2,,,,,,,,,,,,
UXS1,,,,,,,,,,,,
GCC2,0.1168612113439198,0.4226333703011177,0.26974729082251875,,,,,,,,,
LIMS1,,,,,,,,,,,,
RANBP2,0.07772306604455635,0.32245076137647855,0.20008691371051746,,,,,,,,,
CCDC138,,,,,,,,,,,,
SH3RF3,,,,,,,,,,,,
SEPTIN10,,,,,,,,,,,,
SOWAHC,,,,,,,,,,,,
NPHP1,,,,,,,,,,,,
MTLN,,,,,,,,,,,,
BUB1,0.13532090948883574,0.4032575035958249,0.26928920654233035,,,,,,,,,
BCL2L11,,,,,,,,,,,,
ANAPC1,,,,,,,,,,,,
MERTK,,,,,,,,,,,,
TMEM87B,,,,,,,,,,,,
ZC3H8,,,,,,,,,,,,
ZC3H6,,,,,,,,,,,,
RGPD8,,,,,,,,,,,,
TTL,,,,,,,,,,,,
POLR1B,,,,,,,,,,,,
CHCHD5,,,,,,,,,,,,
SLC20A1,,,,,,,,,,,,
CKAP2L,0.0983120885403891,0.3200274682243994,0.20916977838239426,,,,,,,,,
ZNG1B,,,,,,,,,,,,
RABL2A,,,,,,,,,,,,
SLC35F5,,,,,,,,,,,,
ACTR3,0.16271365122124862,0.38310850145948266,0.27291107634036565,,,,,,,,,
DDX18,,,,,,,,,,,,
CCDC93,,,,,,,,,,,,
INSIG2,,,,,,,,,,,,
STEAP3,,,,,,,,,,,,
C2orf76,,,,,,,,,,,,
DBI,0.29142375837550455,0.6108859432431395,0.45115485080932205,,,,,,,,,
TMEM177,0.15482112242792823,0.4306415375542987,0.29273132999111345,,,,,,,,,
PTPN4,,,,,,,,,,,,
EPB41L5,,,,,,,,,,,,
TMEM185B,,,,,,,,,,,,
RALB,,,,,,,,,,,,
GLI2,,,,-0.977186742854227,-0.18863561268121024,-0.5829111777677186,,,,,,
CLASP1,,,,-0.9858411342773292,-0.33462951745978997,-0.6602353258685596,,,,,,
NIFK,0.2286881523211168,0.4596310398776293,0.3441595960993731,,,,,,,,,
TSN,0.13498423337993812,0.47086969840697723,0.3029269658934577,,,,,,,,,
GYPC,,,,,,,,,,,,
BIN1,,,,,,,,,,,,
ERCC3,,,,,,,,,,,,
MAP3K2,,,,,,,,,,,,
IWS1,0.12301339209535618,0.362990080226215,0.24300173616078558,,,,,,,,,
WDR33,,,,,,,,,,,,
SFT2D3,,,,,,,,,,,,
POLR2D,,,,,,,,,,,,
AMMECR1L,,,,,,,,,,,,
SAP130,,,,,,,,,,,,
UGGT1,,,,-0.9902380034878893,-0.41426146545004405,-0.7022497344689667,,,,,,
HS6ST1,,,,,,,,,,,,
SMPD4,,,,,,,,,,,,
MZT2B,0.2146154374135921,0.5338414537507203,0.37422844558215623,,,,,,,,,
CCDC115,,,,,,,,,,,,
IMP4,0.11099802960662107,0.44115286856405356,0.2760754490853373,,,,,,,,,
PTPN18,,,,,,,,,,,,
ARHGEF4,-0.30680958278688397,-0.13224894402484919,-0.2195292634058666,-0.9952254801211533,-0.5827580737415259,-0.7889917769313396,,,,-0.3143369250099158,-0.0766405195033822,-0.19548872225664898
FAM168B,,,,,,,,,,,,
PLEKHB2,0.11975758114891973,0.3512805173928676,0.23551904927089365,,,,,,,,,
MZT2A,0.2247823468264053,0.5225658686460235,0.3736741077362144,,,,,,,,,
CCDC74A,,,,,,,,,,,,
LYPD1,,,,,,,,,,,,
NCKAP5,-0.2798720274761827,-0.10627565167306817,-0.19307383957462546,-0.8897613485012668,-0.21693992942735396,-0.5533506389643104,,,,,,
MGAT5,,,,,,,,,,,,
TMEM163,,,,,,,,,,,,
CCNT2,,,,,,,,,,,,
RAB3GAP1,,,,,,,,,,,,
ZRANB3,,,,-0.9885359167551461,-0.45348791080068107,-0.7210119137779136,,,,,,
R3HDM1,,,,,,,,,,,,
UBXN4,0.20999398320777665,0.4757038068005461,0.3428488950041614,,,,,,,,,
MCM6,,,,,,,,,,,,
DARS1,0.11431123199950423,0.46360253431170634,0.2889568831556053,,,,,,,,,
SPOPL,,,,,,,,,,,,
LRP1B,-0.3937814048415786,-0.1767718746900329,-0.28527663976580575,-0.9929532736193547,-0.5310537462204691,-0.7620035099199118,,,,-0.4298216626138793,-0.16243926154367147,-0.29613046207877536
ARHGAP15,-0.25691491567280506,-0.08656448321132801,-0.17173969944206652,-0.991431525022438,-0.5686392267629867,-0.7800353758927123,,,,-0.31281099714714194,-0.029038956820961328,-0.17092497698405162
GTDC1,,,,,,,,,,,,
ZEB2,,,,,,,,,,,,
ACVR2A,,,,,,,,,,,,
ORC4,,,,,,,,,,,,
MBD5,,,,,,,,,,,,
EPC2,,,,,,,,,,,,
KIF5C,,,,,,,,,,,,
LYPD6B,,,,,,,,,,,,
LYPD6,,,,,,,,,,,,
MMADHC,0.19747088229625692,0.4907610357031723,0.3441159589997146,,,,,,,,,
RND3,,,,,,,,,,,,
RIF1,,,,-0.989315017491181,-0.39434542002949086,-0.6918302187603359,,,,,,
NEB,-0.322195749101691,-0.07210622129875506,-0.19715098520022303,,,,,,,,,
ARL5A,,,,,,,,,,,,
CACNB4,,,,,,,,,,,,
STAM2,,,,,,,,,,,,
FMNL2,,,,,,,,,,,,
PRPF40A,0.2234676818262649,0.5698909523170042,0.3966793170716345,,,,,,,,,
ARL6IP6,,,,,,,,,,,,
GALNT13,,,,-0.967127010206511,-0.26936452982594106,-0.618245770016226,,,,,,
KCNJ3,-0.32133271340976477,-0.19300569032914394,-0.25716920186945436,-0.9902691524155589,-0.543174109315711,-0.7667216308656349,-0.39759404546313376,-0.10868975525197791,-0.25314190035755585,-0.40530153936817903,-0.17699142541871069,-0.29114648239344487
GPD2,,,,,,,,,,,,
ACVR1,,,,-0.9926449597755754,-0.4972622319309819,-0.7449535958532787,,,,,,
PKP4,,,,,,,,,,,,
DAPL1,,,,,,,,,,,,
TANC1,,,,-0.9899909191295865,-0.5167926463600498,-0.7533917827448182,,,,,,
WDSUB1,,,,,,,,,,,,
BAZ2B,,,,,,,,,,,,
MARCHF7,,,,,,,,,,,,
CD302,,,,,,,,,,,,
RBMS1,,,,,,,,,,,,
TANK,,,,,,,,,,,,
PSMD14,,,,,,,,,,,,
GCA,,,,,,,,,,,,
FIGN,,,,,,,,,,,,
GRB14,,,,,,,,,,,,
COBLL1,,,,,,,,,,,,
CSRNP3,,,,,,,,,,,,
TTC21B,,,,,,,,,,,,
STK39,,,,,,,,,,,,
CERS6,,,,,,,,,,,,
SPC25,,,,,,,,,,,,
LRP2,-0.2744692731683187,-0.06582068211590412,-0.17014497764211142,,,,,,,,,
BBS5,,,,,,,,,,,,
FASTKD1,,,,,,,,,,,,
PPIG,0.15718634696005404,0.4537978281904075,0.3054920875752308,,,,,,,,,
CFAP210,,,,,,,,,,,,
PHOSPHO2,0.12185898847930039,0.377340806710244,0.2495998975947722,,,,,,,,,
KLHL23,,,,,,,,,,,,
SSB,0.31003724622444123,0.5275139840519472,0.41877561513819417,,,,,,,,,
METTL5,0.17356841208086923,0.41350247681007324,0.29353544444547125,,,,,,,,,
UBR3,,,,,,,,,,,,
ERICH2,,,,,,,,,,,,
GAD1,,,,,,,,,,,,
GORASP2,0.08327746794302897,0.370999851153519,0.227138659548274,,,,,,,,,
TLK1,,,,-0.9908067724315138,-0.3962358188459269,-0.6935212956387203,,,,,,
METTL8,,,,,,,,,,,,
DCAF17,,,,,,,,,,,,
CYBRD1,,,,,,,,,,,,
DYNC1I2,,,,,,,,,,,,
SLC25A12,,,,,,,,,,,,
HAT1,,,,,,,,,,,,
METAP1D,,,,,,,,,,,,
DLX1,,,,,,,,,,,,
DLX2,,,,,,,,,,,,
ITGA6,,,,,,,,,,,,
PDK1,,,,,,,,,,,,
RAPGEF4,,,,,,,,,,,,
MAP3K20,,,,,,,,,,,,
CDCA7,,,,,,,,,,,,
SP3,,,,,,,,,,,,
OLA1,,,,,,,,,,,,
SP9,,,,,,,,,,,,
CIR1,0.12987508667707018,0.4321334401468477,0.28100426341195894,,,,,,,,,
SCRN3,,,,,,,,,,,,
GPR155,,,,,,,,,,,,
WIPF1,,,,,,,,,,,,
CHN1,,,,,,,,,,,,
ATF2,,,,,,,,,,,,
ATP5MC3,,,,,,,,,,,,
LNPK,,,,,,,,,,,,
HOXD13,0.09455708613543246,0.3336747238194238,0.21411590497742813,,,,,,,,,
HOXD11,,,,,,,,,,,,
HOXD10,,,,,,,,,,,,
HOXD9,,,,,,,,,,,,
HOXD8,,,,,,,,,,,,
HOXD3,,,,,,,,,,,,
MTX2,,,,,,,,,,,,
HNRNPA3,0.311218084587761,0.42709890682175083,0.3691584957047559,,,,,,,,,
NFE2L2,,,,,,,,,,,,
AGPS,,,,,,,,,,,,
PDE11A,-0.307070484574795,-0.15822374872841682,-0.23264711665160592,-0.9901260296936804,-0.5602482848402526,-0.7751871572669664,-0.25851266108814935,-0.1014134852494515,-0.17996307316880042,-0.43839358703162323,-0.1707080630369744,-0.3045508250342988
RBM45,,,,,,,,,,,,
OSBPL6,,,,,,,,,,,,
PRKRA,,,,,,,,,,,,
PJVK,,,,,,,,,,,,
FKBP7,,,,,,,,,,,,
PLEKHA3,,,,,,,,,,,,
TTN,-0.2861750161866564,-0.05452618212075961,-0.170350599153708,-0.9963548734715875,-0.6271383688856218,-0.8117466211786046,,,,,,
SESTD1,,,,,,,,,,,,
ZNF385B,-0.29016130301020626,-0.08917914549241286,-0.18967022425130955,,,,-0.42535641414725317,-0.0657695743542887,-0.24556299425077094,,,
CWC22,0.09623098382332645,0.3666109240845884,0.23142095395395743,,,,,,,,,
UBE2E3,,,,,,,,,,,,
ITGA4,,,,-0.993330818961411,-0.6191311403337896,-0.8062309796476003,,,,,,
NEUROD1,-0.3341960731192331,-0.18268116250521776,-0.25843861781222544,-0.9916162205707055,-0.6055369185935576,-0.7985765695821316,-0.27519426899118454,-0.11123106369234603,-0.1932126663417653,-0.38465961942997107,-0.19098389145946618,-0.2878217554447186
ITPRID2,,,,,,,,,,,,
DNAJC10,0.06986596576635179,0.3379517376140905,0.20390885169022113,,,,,,,,,
NCKAP1,,,,,,,,,,,,
DUSP19,,,,,,,,,,,,
NUP35,,,,,,,,,,,,
ZNF804A,,,,-0.9327444296072209,-0.25905087556539436,-0.5958976525863077,,,,,,
ZC3H15,0.24925975500440165,0.5659132897524725,0.40758652237843707,,,,,,,,,
ITGAV,,,,,,,,,,,,
FAM171B,,,,,,,,,,,,
TFPI,,,,,,,,,,,,
GULP1,,,,,,,,,,,,
WDR75,,,,,,,,,,,,
ASNSD1,0.11407927159686773,0.40699562996641303,0.26053745078164037,,,,,,,,,
ANKAR,,,,,,,,,,,,
OSGEPL1,,,,,,,,,,,,
ORMDL1,0.12871998094788842,0.47090408914388876,0.2998120350458886,,,,,,,,,
PMS1,,,,,,,,,,,,
C2orf88,-0.21503713150696938,-0.07054874142469686,-0.14279293646583313,,,,,,,,,
HIBCH,,,,,,,,,,,,
INPP1,,,,,,,,,,,,
NAB1,,,,,,,,,,,,
GLS,,,,,,,,,,,,
STAT1,,,,,,,,,,,,
MYO1B,,,,,,,,,,,,
NABP1,-0.29598995465591116,-0.14635065159555016,-0.22117030312573066,-0.9943941471881892,-0.6183484374878627,-0.806371292338026,-0.2455248111628112,-0.10448973405891128,-0.17500727261086124,-0.4586763952768043,-0.1933777754267564,-0.3260270853517804
SLC39A10,,,,,,,,,,,,
STK17B,,,,,,,,,,,,
HECW2,,,,-0.9906279156588813,-0.4578505029115214,-0.7242392092852014,,,,,,
CCDC150,-0.4331584329204044,-0.09045095775352369,-0.26180469533696404,,,,,,,,,
GTF3C3,,,,,,,,,,,,
PGAP1,,,,,,,,,,,,
ANKRD44,-0.2752506775498106,-0.08045152554989778,-0.17785110154985417,-0.9939370988879336,-0.6199501434634237,-0.8069436211756786,,,,,,
SF3B1,0.0870458796993974,0.33902572917592366,0.21303580443766051,,,,,,,,,
COQ10B,,,,,,,,,,,,
HSPD1,0.21581726136905025,0.4335714677121957,0.32469436454062295,,,,,,,,,
HSPE1,0.1893734236480241,0.41676821154306787,0.303070817595546,,,,,,,,,
MOB4,0.1925799721507827,0.5011401026800618,0.34686003741542226,,,,,,,,,
MARS2,0.05840043086992306,0.29191934611306436,0.17515988849149372,,,,,,,,,
PLCL1,-0.37203148638746086,-0.1507573771867472,-0.26139443178710403,-0.9938019155385819,-0.5682598534237683,-0.7810308844811751,,,,-0.2855703421318239,-0.060841133795610396,-0.17320573796371716
SATB2,,,,,,,,,,,,
FTCDNL1,,,,,,,,,,,,
C2orf69,,,,,,,,,,,,
TYW5,,,,,,,,,,,,
MAIP1,,,,,,,,,,,,
SPATS2L,,,,,,,,,,,,
SGO2,0.24397845188737657,0.4568053377937206,0.3503918948405486,,,,,,,,,
BZW1,0.1361734734367059,0.48208136458824924,0.3091274190124776,,,,,,,,,
CLK1,,,,,,,,,,,,
PPIL3,0.2118947589352319,0.44458300119158933,0.3282388800634106,,,,,,,,,
NIF3L1,0.17970777401103152,0.45958777488195907,0.3196477744464953,,,,,,,,,
ORC2,,,,,,,,,,,,
HYCC2,,,,,,,,,,,,
NDUFB3,0.227885580870987,0.5697488198830868,0.3988172003770369,,,,,,,,,
CFLAR,,,,,,,,,,,,
CASP10,,,,,,,,,,,,
CASP8,,,,,,,,,,,,
TRAK2,,,,,,,,,,,,
STRADB,,,,,,,,,,,,
TMEM237,,,,,,,,,,,,
ALS2,,,,,,,,,,,,
SUMO1,0.22565614884710547,0.5793489953120209,0.4025025720795632,,,,,,,,,
NOP58,,,,,,,,,,,,
BMPR2,,,,-0.9867010613367713,-0.3527593989620163,-0.6697302301493938,,,,,,
FAM117B,,,,,,,,,,,,
ICA1L,,,,,,,,,,,,
WDR12,,,,,,,,,,,,
NBEAL1,,,,,,,,,,,,
CYP20A1,,,,,,,,,,,,
ABI2,-0.38725358090921896,-0.08459148040428893,-0.23592253065675395,,,,,,,,,
RAPH1,,,,-0.9916294013322634,-0.33796694141358236,-0.6647981713729229,,,,,,
PARD3B,-0.28660488248362415,-0.054577329239205635,-0.1705911058614149,-0.9884738156269502,-0.5058128549948655,-0.7471433353109078,-0.39746498853033635,-0.030377063639897093,-0.21392102608511673,,,
NRP2,,,,,,,,,,,,
INO80D,,,,-0.9820836093008846,-0.14630292703411804,-0.5641932681675013,,,,,,
NDUFS1,,,,,,,,,,,,
EEF1B2,0.31886218325032323,0.5385173297757581,0.42868975651304064,,,,,,,,,
ZDBF2,,,,,,,,,,,,
ADAM23,,,,,,,,,,,,
FASTKD2,,,,-0.9862114292923411,-0.36694152831154436,-0.6765764788019427,,,,,,
KLF7,,,,,,,,,,,,
CREB1,,,,,,,,,,,,
METTL21A,,,,,,,,,,,,
CCNYL1,,,,,,,,,,,,
PLEKHM3,,,,-0.9883745840388471,-0.3184525246654613,-0.6534135543521542,,,,,,
CRYGD,,,,,,,,,,,,
IDH1,,,,,,,,,,,,
PIKFYVE,,,,,,,,,,,,
MAP2,-0.33481810219925195,-0.16317123813183199,-0.24899467016554197,-0.9960333634633713,-0.7079450331223539,-0.8519891982928627,-0.4692713439585613,-0.09195074325298647,-0.2806110436057739,-0.45315179799606864,-0.11356856719018785,-0.28336018259312823
RPE,,,,,,,,,,,,
KANSL1L,,,,,,,,,,,,
LANCL1,,,,,,,,,,,,
CPS1,,,,-0.994912333233593,-0.5003011631371257,-0.7476067481853593,,,,,,
ERBB4,-0.2830195201581248,-0.07241541582635488,-0.17771746799223986,,,,,,,,,
SPAG16,,,,,,,,,,,,
BARD1,,,,,,,,,,,,
ATIC,0.1548122525815974,0.4171511361121938,0.2859816943468956,,,,,,,,,
FN1,,,,,,,,,,,,
MREG,,,,,,,,,,,,
PECR,,,,,,,,,,,,
XRCC5,0.22762732343940414,0.4916869630917058,0.359657143265555,,,,,,,,,
SMARCAL1,,,,,,,,,,,,
RPL37A,0.26881193742397624,0.5855483050577506,0.4271801212408634,,,,,,,,,
IGFBP2,0.12713103888789748,0.339112403782635,0.23312172133526626,,,,,,,,,
IGFBP5,,,,,,,,,,,,
ARPC2,0.24199685288928915,0.5822548882556057,0.41212587057244743,,,,,,,,,
AAMP,0.09321185758126424,0.3863839101208958,0.23979788385108003,,,,,,,,,
PNKD,0.09601932412192624,0.41744711181032246,0.25673321796612436,,,,,,,,,
CTDSP1,,,,,,,,,,,,
USP37,,,,,,,,,,,,
CNOT9,-0.9649756237247737,-0.38376947786169013,-0.6743725507932319,,,,-0.8042838287355539,-0.1690485913407916,-0.4866662100381728,,,
ZNF142,,,,,,,,,,,,
BCS1L,0.09039267061096491,0.35060878446355004,0.22050072753725747,,,,,,,,,
RNF25,,,,,,,,,,,,
TTLL4,,,,-0.9705868051448999,-0.16713515274075755,-0.5688609789428287,,,,,,
NHEJ1,,,,,,,,,,,,
CNPPD1,,,,,,,,,,,,
RETREG2,,,,,,,,,,,,
ZFAND2B,,,,,,,,,,,,
ATG9A,0.07833804255103152,0.33041654034584955,0.20437729144844052,,,,,,,,,
ANKZF1,,,,,,,,,,,,
STK16,0.14539527465424773,0.4261409592651851,0.2857681169597164,,,,,,,,,
DNPEP,,,,,,,,,,,,
GMPPA,0.11641235771794659,0.36438174511377636,0.24039705141586148,,,,,,,,,
CHPF,,,,,,,,,,,,
OBSL1,,,,,,,,,,,,
EPHA4,,,,,,,,,,,,
PAX3,,,,,,,,,,,,
FARSB,0.09850464218556121,0.39914278816566967,0.24882371517561544,,,,,,,,,
ACSL3,,,,-0.9804897439775793,-0.38074276489622905,-0.6806162544369041,,,,,,
AP1S3,,,,-0.9846312928941064,-0.32212003894557323,-0.6533756659198399,,,,,,
WDFY1,,,,,,,,,,,,
MRPL44,0.08557361850293864,0.3241552317702726,0.20486442513660563,,,,,,,,,
SERPINE2,,,,,,,,,,,,
CUL3,,,,,,,,,,,,
RHBDD1,,,,,,,,,,,,
MFF,0.15955011317734838,0.45828304071405174,0.30891657694570007,,,,,,,,,
AGFG1,,,,,,,,,,,,
TRIP12,,,,,,,,,,,,
FBXO36,,,,,,,,,,,,
CAB39,,,,,,,,,,,,
ITM2C,,,,,,,,,,,,
PSMD1,0.16422051391905412,0.4342210893807227,0.2992208016498884,,,,,,,,,
ARMC9,,,,,,,,,,,,
NCL,0.242843260004719,0.402289076702989,0.322566168353854,,,,0.31917809626577415,0.4833814314836346,0.4012797638747044,,,
PTMA,0.2876069253531116,0.5909619655718429,0.43928444546247725,,,,,,,,,
PDE6D,,,,,,,,,,,,
COPS7B,,,,,,,,,,,,
NPPC,,,,,,,,,,,,
DIS3L2,,,,,,,,,,,,
TIGD1,,,,,,,,,,,,
EIF4E2,0.2433232195893838,0.5409956131785292,0.39215941638395646,,,,,,,,,
EFHD1,,,,,,,,,,,,
GIGYF2,,,,,,,,,,,,
ATG16L1,,,,,,,,,,,,
DGKD,,,,-0.9944202021735581,-0.533735823688637,-0.7640780129310976,,,,,,
USP40,,,,,,,,,,,,
HJURP,,,,,,,,,,,,
ARL4C,,,,,,,,,,,,
SH3BP4,,,,,,,,,,,,
AGAP1,,,,-0.9834971798962227,-0.29450046838157157,-0.6389988241388971,,,,,,
COPS8,0.1885194269612981,0.4708057294349981,0.3296625781981481,,,,,,,,,
LRRFIP1,0.19036796564734038,0.4417053154618953,0.31603664055461783,,,,,,,,,
RAMP1,,,,,,,,,,,,
UBE2F,,,,,,,,,,,,
SCLY,,,,,,,,,,,,
ILKAP,,,,,,,,,,,,
HES6,,,,,,,,,,,,
PER2,,,,,,,,,,,,
TRAF3IP1,,,,,,,,,,,,
ASB1,,,,,,,,,,,,
TWIST2,,,,,,,,,,,,
HDAC4,,,,-0.99346864220147,-0.34607236317436263,-0.6697705026879164,,,,,,
NDUFA10,0.13876107950685312,0.4816582992786176,0.31020968939273535,,,,,,,,,
COPS9,,,,,,,,,,,,
ANKMY1,,,,,,,,,,,,
DUSP28,,,,,,,,,,,,
RNPEPL1,,,,,,,,,,,,
KIF1A,,,,,,,,,,,,
SNED1,,,,-0.987389635838085,-0.40880308972152735,-0.6980963627798062,,,,,,
MTERF4,0.11684245915891248,0.3895736472599888,0.2532080532094506,,,,,,,,,
PASK,,,,,,,,,,,,
PPP1R7,0.1715630340972957,0.49199339929596186,0.33177821669662877,,,,,,,,,
ANO7,-0.1298376665052944,-0.04561041084193922,-0.0877240386736168,-0.7177151969647262,-0.2785600202519728,-0.4981376086083495,,,,,,
HDLBP,,,,,,,,,,,,
SEPTIN2,,,,,,,,,,,,
FARP2,,,,,,,,,,,,
STK25,0.16092270652574614,0.43853607792614746,0.2997293922259468,,,,,,,,,
THAP4,,,,,,,,,,,,
ATG4B,,,,,,,,,,,,
DTYMK,0.18880895251476248,0.48204696349345505,0.33542795800410874,,,,,,,,,
ING5,,,,,,,,,,,,
D2HGDH,,,,,,,,,,,,
CNTN4,-0.2753625281706173,-0.14078745727437114,-0.20807499272249422,-0.9830854013530006,-0.4139897389814155,-0.6985375701672081,-0.2999343656103691,-0.10873330638704752,-0.20433383599870833,-0.37907064764724585,-0.13934921054788282,-0.25920992909756435
TRNT1,,,,,,,,,,,,
CRBN,,,,,,,,,,,,
SUMF1,,,,,,,,,,,,
ITPR1,,,,,,,,,,,,
ARL8B,,,,,,,,,,,,
EDEM1,,,,,,,,,,,,
GRM7,-0.26153766123134564,-0.16501118611036442,-0.21327442367085503,-0.9968039583699277,-0.60126637391623,-0.7990351661430788,-0.28150774661930367,-0.13725809051122978,-0.20938291856526672,-0.3241156693267545,-0.16541523601416866,-0.24476545267046157
CAV3,-0.34767242156988565,-0.08795633362904767,-0.21781437759946665,,,,,,,-0.3579779716204748,-0.051695065728360835,-0.20483651867441782
RAD18,,,,,,,,,,,,
SRGAP3,,,,,,,,,,,,
THUMPD3,0.11658088817384742,0.41786693003127817,0.2672239091025628,,,,,,,,,
SETD5,,,,-0.9874281606345555,-0.2759487268029033,-0.6316884437187293,,,,,,
MTMR14,,,,,,,,,,,,
BRPF1,,,,,,,,,,,,
OGG1,,,,,,,,,,,,
CAMK1,,,,,,,,,,,,
TADA3,,,,,,,,,,,,
ARPC4,,,,,,,,,,,,
TTLL3,,,,,,,,,,,,
RPUSD3,0.0930552799020169,0.3756429324837248,0.23434910619287086,,,,,,,,,
JAGN1,0.2341308708564106,0.4725640746040163,0.35334747273021344,,,,,,,,,
PRRT3,,,,,,,,,,,,
EMC3,,,,,,,,,,,,
FANCD2,,,,,,,,,,,,
BRK1,,,,,,,,,,,,
VHL,,,,,,,,,,,,
TATDN2,,,,,,,,,,,,
SEC13,,,,,,,,,,,,
SLC6A11,,,,,,,,,,,,
ATG7,,,,-0.9879017802098617,-0.5207030216404662,-0.754302400925164,,,,,,
VGLL4,-0.2906338922495494,-0.09450012008042805,-0.19256700616498873,-0.9953732355906875,-0.6321615585984266,-0.813767397094557,,,,,,
TAMM41,,,,,,,,,,,,
SYN2,,,,-0.994773323740669,-0.4608524493210667,-0.7278128865308678,,,,,,
PPARG,,,,-0.9851605977510998,-0.4248953927444632,-0.7050279952477815,,,,,,
TSEN2,,,,,,,,,,,,
MKRN2OS,,,,,,,,,,,,
MKRN2,,,,,,,,,,,,
RAF1,,,,,,,,,,,,
CAND2,,,,,,,,,,,,
RPL32,0.33826848193698567,0.5832318741699365,0.4607501780534611,,,,,,,,,
IQSEC1,,,,,,,,,,,,
NUP210,,,,,,,,,,,,
CHCHD4,,,,,,,,,,,,
TMEM43,,,,,,,,,,,,
XPC,,,,,,,,,,,,
LSM3,,,,,,,,,,,,
SLC6A6,,,,,,,,,,,,
CCDC174,,,,,,,,,,,,
NR2C2,-0.40559975974095797,-0.09647839819413115,-0.25103907896754457,,,,,,,,,
MRPS25,0.15953137214494115,0.4395281445650358,0.29952975835498846,,,,,,,,,
RBSN,,,,,,,,,,,,
CAPN7,,,,,,,,,,,,
SH3BP5,0.1422373507949873,0.4050120356139231,0.2736246932044552,,,,,,,,,
METTL6,,,,,,,,,,,,
EAF1,,,,,,,,,,,,
HACL1,,,,,,,,,,,,
BTD,,,,,,,,,,,,
ANKRD28,,,,,,,,,,,,
DPH3,,,,,,,,,,,,
OXNAD1,,,,,,,,,,,,
RFTN1,,,,,,,,,,,,
PLCL2,,,,,,,,,,,,
TBC1D5,-0.22985390090684954,-0.035448400572085294,-0.13265115073946743,-0.9697787875614754,-0.21445335848121702,-0.5921160730213462,,,,,,
SATB1,,,,,,,,,,,,
RAB5A,,,,,,,,,,,,
KAT2B,,,,,,,,,,,,
SGO1,0.0817881373122423,0.36977800775103575,0.22578307253163904,,,,,,,,,
ZNF385D,-0.2954463315490525,-0.16172714801855326,-0.22858673978380287,-0.9855787865643051,-0.5255987372082709,-0.755588761886288,-0.2541095264306447,-0.13281069396975623,-0.19346011020020049,-0.34639174466169403,-0.18004904746251113,-0.26322039606210257
UBE2E2,,,,,,,,,,,,
UBE2E1,,,,,,,,,,,,
NKIRAS1,,,,,,,,,,,,
RPL15,0.42166631761140017,0.6137274240555216,0.5176968708334608,,,,,,,,,
NR1D2,,,,,,,,,,,,
THRB,,,,-0.9975399215524184,-0.5668535563900163,-0.7821967389712174,,,,,,
RARB,-0.40496006097451365,-0.18315644289068106,-0.2940582519325974,-0.990348751733929,-0.4070053276592153,-0.6986770396965721,-0.3580993756739347,-0.07989145689095972,-0.2189954162824472,-0.48424814351281975,-0.09197005078847216,-0.288109097150646
TOP2B,0.11496385279101347,0.36104210362861944,0.23800297820981645,,,,,,,,,
NGLY1,,,,,,,,,,,,
OXSM,0.10030808050250198,0.3598630247775329,0.23008555264001745,,,,,,,,,
LRRC3B,-0.26824954002399254,-0.16601888290027073,-0.21713421146213163,-0.9858152521809548,-0.580769921709645,-0.7832925869452999,-0.3056879837964116,-0.16119130906139503,-0.2334396464289033,-0.3666120982445626,-0.19067962437304536,-0.278645861308804
NEK10,,,,,,,,,,,,
SLC4A7,,,,,,,,,,,,
CMC1,,,,,,,,,,,,
AZI2,,,,,,,,,,,,
ZCWPW2,,,,,,,,,,,,
RBMS3,-0.3772886443231133,-0.15967919218050666,-0.26848391825181,-0.9939037409932093,-0.6154136407082501,-0.8046586908507297,-0.377764502650189,-0.06739280448045083,-0.22257865356531992,,,
TGFBR2,,,,,,,,,,,,
STT3B,,,,,,,,,,,,
OSBPL10,,,,-0.9897919388908537,-0.49518391476224943,-0.7424879268265516,,,,,,
GPD1L,,,,,,,,,,,,
CMTM8,,,,,,,,,,,,
CMTM7,,,,,,,,,,,,
CMTM6,0.1706255223484295,0.3814120210444897,0.2760187716964596,,,,,,,,,
DYNC1LI1,0.11085365201488848,0.3907886406791217,0.2508211463470051,,,,,,,,,
CNOT10,,,,,,,,,,,,
TRIM71,-0.20990764093454187,-0.08056094529809131,-0.14523429311631658,-0.9841293204990864,-0.42605741222156657,-0.7050933663603265,,,,,,
GLB1,,,,,,,,,,,,
CRTAP,,,,,,,,,,,,
SUSD5,,,,,,,,,,,,
FBXL2,-0.4174894252947257,-0.08459280583546258,-0.2510411155650941,,,,,,,,,
UBP1,,,,,,,,,,,,
CLASP2,,,,,,,,,,,,
PDCD6IP,,,,,,,,,,,,
STAC,,,,,,,,,,,,
LRRFIP2,,,,,,,,,,,,
GOLGA4,,,,,,,,,,,,
CTDSPL,,,,,,,,,,,,
ACAA1,0.099910183732774,0.3715886797398753,0.23574943173632465,,,,,,,,,
OXSR1,,,,,,,,,,,,
XYLB,,,,,,,,,,,,
ACVR2B,,,,,,,,,,,,
EXOG,,,,,,,,,,,,
SCN5A,,,,,,,,,,,,
WDR48,0.08387955844315335,0.35588806554849534,0.21988381199582435,,,,,,,,,
GORASP1,,,,,,,,,,,,
SLC25A38,0.08154469580470303,0.2822139938005361,0.18187934480261955,,,,,,,,,
RPSA,0.34510990955587184,0.5015152055398746,0.4233125575478732,,,,,,,,,
EIF1B,0.14123787598902834,0.47111066427044895,0.30617427012973863,,,,,,,,,
RPL14,0.3195580200422221,0.5630100274312676,0.44128402373674486,,,,,,,,,
ZNF620,,,,,,,,,,,,
ZNF621,,,,,,,,,,,,
CTNNB1,-0.7748235267836373,-0.40370463533883955,-0.5892640810612384,-0.9841234958691318,-0.32376205942729097,-0.6539427776482114,-0.8077848404513092,-0.31101276523692967,-0.5593988028441195,-0.8639951812680878,-0.34747582499253693,-0.6057355031303124
ULK4,-0.2749022373986672,-0.0996272816097336,-0.1872647595042004,-0.9858256396056764,-0.3752163164037686,-0.6805209780047226,,,,,,
TRAK1,,,,,,,,,,,,
SEC22C,,,,,,,,,,,,
SS18L2,,,,,,,,,,,,
NKTR,,,,,,,,,,,,
HIGD1A,0.14812409153213207,0.4071906769052069,0.2776573842186695,,,,,,,,,
POMGNT2,,,,,,,,,,,,
SNRK,,,,,,,,,,,,
ANO10,,,,,,,,,,,,
ABHD5,,,,,,,,,,,,
TCAIM,,,,,,,,,,,,
ZNF445,,,,,,,,,,,,
ZNF852,,,,,,,,,,,,
ZNF197,,,,,,,,,,,,
ZNF35,0.09034408514273895,0.29535254085947105,0.192848313001105,,,,,,,,,
KIAA1143,,,,,,,,,,,,
KIF15,,,,,,,,,,,,
TMEM42,,,,,,,,,,,,
ZDHHC3,0.09993528734129922,0.3822578555477883,0.24109657144454377,,,,,,,,,
EXOSC7,0.12528007494437557,0.4379537589586508,0.2816169169515132,,,,,,,,,
TMEM158,,,,,,,,,,,,
LARS2,,,,,,,,,,,,
LIMD1,,,,,,,,,,,,
SACM1L,,,,,,,,,,,,
LZTFL1,,,,,,,,,,,,
FYCO1,,,,,,,,,,,,
CCDC12,0.10705715428116908,0.44526462417048923,0.27616088922582915,,,,,,,,,
NBEAL2,,,,,,,,,,,,
SETD2,,,,,,,,,,,,
KIF9,,,,,,,,,,,,
KLHL18,,,,,,,,,,,,
PTPN23,,,,,,,,,,,,
SCAP,,,,,,,,,,,,
ELP6,,,,,,,,,,,,
CSPG5,,,,,,,,,,,,
SMARCC1,,,,,,,,,,,,
DHX30,,,,,,,,,,,,
MAP4,,,,,,,,,,,,
CDC25A,,,,,,,,,,,,
ZNF589,,,,,,,,,,,,
NME6,,,,,,,,,,,,
CCDC51,0.19850795339773347,0.43377165847276744,0.3161398059352505,,,,,,,,,
TMA7,,,,,,,,,,,,
ATRIP,,,,,,,,,,,,
SHISA5,0.1010057371157634,0.3529100614286951,0.22695789927222923,,,,,,,,,
UQCRC1,0.17988532467028792,0.4915782948594157,0.3357318097648518,,,,,,,,,
NCKIPSD,,,,-0.9822232046605546,-0.22292371172388378,-0.6025734581922192,,,,,,
IP6K2,-0.20417633810278138,0.00823907857470781,-0.09796862976403678,-0.9867216977227555,-0.47919044932658644,-0.732956073524671,,,,,,
PRKAR2A,,,,,,,,,,,,
SLC25A20,,,,,,,,,,,,
ARIH2,,,,,,,,,,,,
WDR6,,,,,,,,,,,,
DALRD3,,,,,,,,,,,,
NDUFAF3,0.219025571410533,0.4409851973142249,0.330005384362379,,,,,,,,,
IMPDH2,0.1030969473460272,0.36284791761610596,0.23297243248106658,,,,,,,,,
QRICH1,,,,,,,,,,,,
QARS1,,,,,,,,,,,,
USP19,,,,,,,,,,,,
CCDC71,,,,,,,,,,,,
USP4,,,,,,,,,,,,
GPX1,0.20802356354989246,0.5261986842855897,0.3671111239177411,,,,,,,,,
RHOA,,,,,,,,,,,,
TCTA,,,,,,,,,,,,
DAG1,,,,,,,,,,,,
APEH,,,,,,,,,,,,
RNF123,,,,,,,,,,,,
GMPPB,,,,,,,,,,,,
IP6K1,,,,,,,,,,,,
TRAIP,,,,,,,,,,,,
MON1A,0.11037560118385473,0.33759350775644636,0.22398455447015053,,,,,,,,,
RBM6,,,,,,,,,,,,
RBM5,,,,,,,,,,,,
GNAI2,0.20141807903029368,0.4816809240981202,0.34154950156420694,,,,,,,,,
IFRD2,0.15003065949249697,0.39879921212194336,0.27441493580722015,,,,,,,,,
HYAL2,,,,-0.9898232057741378,-0.3134067945942712,-0.6516150001842045,,,,,,
TUSC2,,,,,,,,,,,,
RASSF1,,,,,,,,,,,,
NPRL2,,,,,,,,,,,,
CYB561D2,0.11391083431298145,0.35023375087116243,0.23207229259207193,,,,,,,,,
TMEM115,0.1370095205789976,0.39891371433717165,0.2679616174580846,,,,,,,,,
HEMK1,,,,,,,,,,,,
MAPKAPK3,,,,,,,,,,,,
DOCK3,,,,,,,,,,,,
MANF,0.14230411653313305,0.3718652615429887,0.25708468903806087,,,,,,,,,
RBM15B,0.11150393484139252,0.35807486654035564,0.2347894006908741,,,,,,,,,
DCAF1,,,,,,,,,,,,
RAD54L2,,,,,,,,,,,,
TEX264,0.13436068680037477,0.41359304489412996,0.27397686584725234,,,,,,,,,
RRP9,0.14991636335390202,0.40789325183492814,0.27890480759441505,,,,,,,,,
ABHD14B,,,,,,,,,,,,
ABHD14A,,,,,,,,,,,,
ACY1,,,,,,,,,,,,
RPL29,0.3480744222378337,0.5315156372336138,0.43979502973572376,,,,,,,,,
DUSP7,,,,,,,,,,,,
POC1A,,,,,,,,,,,,
ALAS1,,,,,,,,,,,,
TWF2,,,,,,,,,,,,
WDR82,,,,,,,,,,,,
BAP1,0.09635687117316838,0.349521673494872,0.2229392723340202,,,,,,,,,
PHF7,,,,,,,,,,,,
NISCH,,,,,,,,,,,,
NT5DC2,,,,,,,,,,,,
UQCC5,,,,,,,,,,,,
PBRM1,,,,,,,,,,,,
GNL3,,,,,,,,,,,,
GLT8D1,,,,,,,,,,,,
SPCS1,0.17481264715432165,0.4883348072610219,0.33157372720767175,,,,,,,,,
NEK4,,,,,,,,,,,,
STIMATE,,,,,,,,,,,,
SFMBT1,,,,,,,,,,,,
RFT1,,,,,,,,,,,,
PRKCD,,,,,,,,,,,,
TKT,0.2085259851382713,0.5152976910931886,0.3619118381157299,,,,,,,,,
DCP1A,,,,-0.991779164015344,-0.3129708109067447,-0.6523749874610444,,,,,,
CACNA1D,-0.29883290529950896,-0.10515568720745117,-0.20199429625348006,-0.9936145893059312,-0.5864764770067079,-0.7900455331563195,,,,,,
CHDH,,,,,,,,,,,,
ACTR8,0.07197318178230876,0.3312520490544876,0.20161261541839817,,,,,,,,,
SELENOK,0.1350388449428234,0.38573031197397656,0.26038457845839996,,,,,,,,,
CACNA2D3,,,,,,,,,,,,
WNT5A,,,,,,,,,,,,
ERC2,,,,,,,-0.4360145435732966,-0.10665167788368861,-0.2713331107284926,,,
CCDC66,,,,,,,,,,,,
TASOR,,,,,,,,,,,,
ARHGEF3,,,,,,,,,,,,
APPL1,,,,,,,,,,,,
PDE12,,,,,,,,,,,,
ARF4,,,,,,,,,,,,
DENND6A,,,,,,,,,,,,
SLMAP,,,,,,,,,,,,
FLNB,,,,-0.9879294166860778,-0.3481113439255434,-0.6680203803058106,,,,,,
ABHD6,,,,,,,,,,,,
PXK,,,,,,,,,,,,
PDHB,0.25584520287727835,0.4881259122088663,0.37198555754307233,,,,,,,,,
KCTD6,,,,,,,,,,,,
CFAP20DC,,,,,,,,,,,,
FHIT,-0.30906861808072916,-0.06849504999153805,-0.1887818340361336,,,,-0.5616709388924703,-0.23333888371552894,-0.3975049113039996,,,
PTPRG,-0.4894163976416917,-0.1764754285932154,-0.3329459131174536,-0.9892134278959395,-0.40404043089618386,-0.6966269293960616,,,,-0.5879964715537055,-0.1916726776424554,-0.38983457459808046
C3orf14,,,,,,,,,,,,
THOC7,,,,,,,,,,,,
ATXN7,,,,,,,,,,,,
PSMD6,0.18077312233030815,0.41667803097069644,0.2987255766505023,,,,,,,,,
PRICKLE2,-0.24677449717392905,-0.02266268999448322,-0.13471859358420613,,,,,,,,,
MAGI1,,,,-0.980991279091066,-0.4045330683547162,-0.6927621737228911,-0.5057505232401319,-0.026097273360965758,-0.26592389830054886,,,
SLC25A26,,,,,,,,,,,,
LRIG1,,,,-0.9957442309595467,-0.5397650762387025,-0.7677546535991246,,,,,,
SUCLG2,,,,,,,,,,,,
TMF1,0.14544317131324047,0.3803081039525493,0.2628756376328949,,,,,,,,,
UBA3,,,,,,,,,,,,
ARL6IP5,0.05412845964910492,0.33472089246338227,0.19442467605624358,,,,,,,,,
FRMD4B,-0.21515097193411414,-0.05654695377807474,-0.13584896285609444,-0.9731994188513595,-0.35823263611972456,-0.665716027485542,,,,,,
MITF,,,,,,,,,,,,
FOXP1,-0.4212901007566002,-0.10518037064035445,-0.26323523569847734,-0.9883073408099255,-0.38356172473407735,-0.6859345327720014,,,,,,
EIF4E3,,,,-0.9843430654849284,-0.26094508450890125,-0.6226440749969149,,,,,,
GPR27,0.07374730866034492,0.3291429578438318,0.20144513325208835,,,,,,,,,
RYBP,,,,,,,,,,,,
SHQ1,,,,,,,,,,,,
GXYLT2,,,,,,,,,,,,
PPP4R2,,,,,,,,,,,,
PDZRN3,-0.38199431050283034,-0.22113315338526024,-0.3015637319440453,-0.9885180082039445,-0.5021503964195245,-0.7453342023117345,-0.33130174768377496,-0.13237166365387384,-0.23183670566882442,-0.45946951841943373,-0.21616750475429844,-0.3378185115868661
ZNF717,,,,,,,,,,,,
ROBO2,-0.3443022254583736,-0.1871023787074482,-0.2657023020829109,-0.9960137744300118,-0.6355267911208509,-0.8157702827754314,-0.37664573418005326,-0.08959804123129995,-0.2331218877056766,-0.4245178849883073,-0.11718627015124691,-0.2708520775697771
ROBO1,-0.38384848557601237,-0.16341452444007448,-0.27363150500804345,,,,-0.403138564292673,-0.023732466025293237,-0.2134355151589831,-0.5257749096155033,-0.11937490369196369,-0.3225749066537335
GBE1,,,,,,,,,,,,
CADM2,,,,-0.9843761066294834,-0.31730074223777904,-0.6508384244336312,,,,,,
CHMP2B,,,,,,,,,,,,
CGGBP1,,,,,,,,,,,,
ZNF654,-0.2952054654926363,-0.061269673093654484,-0.1782375692931454,,,,,,,,,
C3orf38,,,,,,,,,,,,
EPHA3,-0.27715297068353006,-0.0707223620607901,-0.17393766637216007,-0.9954326699483931,-0.5291769879331496,-0.7623048289407713,,,,,,
PROS1,,,,-0.9831830379423409,-0.3877763450905768,-0.6854796915164588,,,,,,
ARL13B,,,,,,,,,,,,
DHFR2,,,,,,,,,,,,
NSUN3,,,,,,,,,,,,
EPHA6,-0.2941346860477391,-0.12029426729259547,-0.2072144766701673,-0.9827107699988454,-0.46400559902778105,-0.7233581845133132,,,,,,
ARL6,,,,,,,,,,,,
CRYBG3,,,,,,,,,,,,
RIOX2,,,,,,,,,,,,
CLDND1,0.088266329985434,0.30729870113544194,0.19778251556043797,,,,,,,,,
CPOX,,,,,,,,,,,,
ST3GAL6,,,,,,,,,,,,
DCBLD2,,,,,,,,,,,,
CMSS1,,,,,,,,,,,,
FILIP1L,-0.5378509295640499,-0.28467797158260705,-0.4112644505733285,-0.9826668363372049,-0.24498995824267855,-0.6138283972899417,-0.5349168551526375,-0.15814048323641988,-0.34652866919452874,-0.6825348403756368,-0.1876777825879435,-0.43510631148179013
TBC1D23,,,,,,,,,,,,
NIT2,0.08790955572530076,0.39452810207547123,0.24121882890038598,,,,,,,,,
TOMM70,0.19350657320265288,0.38222460916731027,0.28786559118498156,,,,,,,,,
LNP1,,,,,,,,,,,,
TMEM45A,,,,,,,,,,,,
TFG,0.1614868209502046,0.43944055628804707,0.30046368861912587,,,,,,,,,
SENP7,,,,,,,,,,,,
TRMT10C,0.2790925762289691,0.5299047496640418,0.40449866294650544,,,,,,,0.18463776187033165,0.592260776422822,0.38844926914657685
PCNP,,,,,,,,,,,,
ZBTB11,,,,,,,,,,,,
RPL24,0.31338479148564774,0.5975875528709644,0.4554861721783061,,,,,,,,,
CEP97,,,,,,,,,,,,
NXPE3,,,,,,,,,,,,
ALCAM,,,,,,,,,,,,
CBLB,,,,,,,,,,,,
BBX,,,,,,,,,,,,
CD47,,,,,,,,,,,,
IFT57,,,,,,,,,,,,
CIP2A,,,,-0.9811345307203865,-0.4095339526159317,-0.695334241668159,,,,,,
DZIP3,0.15037009219425534,0.36823060788633777,0.25930035004029656,,,,,,,,,
NECTIN3,,,,,,,,,,,,
PHLDB2,,,,,,,,,,,,
ABHD10,0.18203709931309428,0.4778302163891876,0.3299336578511409,,,,,,,,,
C3orf52,,,,,,,,,,,,
ATG3,,,,,,,,,,,,
SLC35A5,,,,,,,,,,,,
CCDC80,,,,,,,,,,,,
GTPBP8,0.1307026112282363,0.4069717346753774,0.26883717295180687,,,,,,,,,
NEPRO,,,,,,,,,,,,
BOC,,,,,,,,,,,,
CFAP44,,,,,,,,,,,,
SPICE1,,,,,,,,,,,,
USF3,,,,,,,,,,,,
NAA50,,,,,,,,,,,,
ATP6V1A,,,,-0.9918044257935585,-0.3093533419227144,-0.6505788838581364,,,,,,
ZDHHC23,,,,,,,,,,,,
QTRT2,,,,,,,,,,,,
ZBTB20,-0.24493762644899394,-0.05867545185258124,-0.1518065391507876,,,,,,,,,
LSAMP,-0.23497570642333615,-0.08716712099131269,-0.16107141370732442,-0.9919426111738708,-0.435830335000261,-0.713886473087066,,,,,,
B4GALT4,,,,,,,,,,,,
TMEM39A,,,,,,,,,,,,
POGLUT1,,,,,,,,,,,,
TIMMDC1,0.17280586070121484,0.476964792342318,0.3248853265217664,,,,,,,,,
COX17,,,,,,,,,,,,
GSK3B,,,,,,,,,,,,
LRRC58,,,,,,,,,,,,
FSTL1,,,,,,,,,,,,
NDUFB4,,,,,,,,,,,,
RABL3,,,,,,,,,,,,
GTF2E1,,,,,,,,,,,,
STXBP5L,-0.1873370606448887,-0.0075197357968842474,-0.09742839822088648,,,,,,,,,
POLQ,,,,,,,,,,,,
GOLGB1,,,,-0.9898478602796289,-0.5456770100855947,-0.7677624351826118,,,,,,
IQCB1,,,,,,,,,,,,
EAF2,,,,-0.993234157149306,-0.5802119636021257,-0.7867230603757158,,,,,,
MIX23,,,,,,,,,,,,
FAM162A,0.15507648966395507,0.44703200337320925,0.30105424651858215,,,,,,,,,
KPNA1,,,,,,,,,,,,
HSPBAP1,,,,,,,,,,,,
SLC49A4,,,,,,,,,,,,
PDIA5,,,,,,,,,,,,
SEC22A,,,,,,,,,,,,
HACD2,,,,,,,,,,,,
MYLK,,,,,,,,,,,,
CCDC14,,,,,,,,,,,,
KALRN,,,,-0.9898460691355876,-0.335313420995661,-0.6625797450656243,,,,,,
UMPS,0.21352654441391072,0.4313375416907234,0.3224320430523171,,,,,,,,,
ITGB5,,,,,,,,,,,,
HEG1,,,,,,,,,,,,
ZNF148,,,,,,,,,,,,
SNX4,,,,,,,,,,,,
OSBPL11,,,,,,,,,,,,
SLC41A3,,,,-0.9802219608061716,-0.2952296826963974,-0.6377258217512844,,,,,,
KLF15,-0.26714250773448406,-0.04428141261436524,-0.15571196017442465,-0.9874270763978704,-0.4010743985220463,-0.6942507374599584,,,,-0.33362867377531863,-0.03990494702168852,-0.18676681039850357
ZXDC,,,,,,,,,,,,
TXNRD3,,,,,,,,,,,,
CHCHD6,,,,,,,,,,,,
PLXNA1,,,,-0.9865349423735952,-0.4232653610010867,-0.704900151687341,,,,,,
TPRA1,0.06997600719846728,0.3309646184867232,0.20047031284259526,,,,,,,,,
MCM2,,,,,,,,,,,,
PODXL2,0.09506434192994709,0.33370000264943983,0.21438217228969347,,,,,,,,,
SEC61A1,0.08361249067796092,0.34904323356495576,0.21632786212145833,,,,,,,,,
RUVBL1,0.1545220077919416,0.42207270553174164,0.28829735666184164,,,,,,,,,
EEFSEC,,,,,,,,,,,,
GATA2,0.08268209089917641,0.2922816146006908,0.18748185274993362,,,,,,,,,
RPN1,,,,,,,,,,,,
RAB7A,,,,,,,,,,,,
ACAD9,,,,-0.9858245335333349,-0.196033227907568,-0.5909288807204515,,,,,,
CFAP92,-0.3633932886149564,-0.1476872514417497,-0.25554027002835306,-0.9910164706800696,-0.352543870880441,-0.6717801707802553,,,,-0.4167582644320176,-0.10224304154675389,-0.25950065298938574
ISY1,0.07035172088709642,0.32834231497708083,0.19934701793208862,,,,,,,,,
CNBP,0.1341078635275338,0.3939722944388971,0.26404007898321546,,,,,,,,,
COPG1,,,,,,,,,,,,
HMCES,,,,,,,,,,,,
IFT122,,,,,,,,,,,,
MBD4,,,,,,,,,,,,
TMCC1,,,,,,,,,,,,
PIK3R4,,,,,,,,,,,,
ATP2C1,,,,-0.9769559419595336,-0.22308946254763226,-0.6000227022535829,,,,,,
ASTE1,,,,,,,,,,,,
NUDT16,0.1564499721935786,0.38236221367657125,0.2694060929350749,,,,,,,,,
MRPL3,0.25299842495556585,0.4537462956502052,0.35337236030288555,,,,0.22222198990167322,0.5840671646181913,0.40314457725993225,,,
DNAJC13,,,,,,,,,,,,
ACAD11,,,,,,,,,,,,
UBA5,0.14861031376129924,0.43834766724821744,0.29347899050475834,,,,,,,,,
NPHP3,,,,,,,,,,,,
TMEM108,,,,-0.9939382918156122,-0.6043522067523525,-0.7991452492839823,,,,,,
CDV3,0.1772083674601146,0.495296174140378,0.33625227080024633,,,,,,,,,
TOPBP1,,,,,,,,,,,,
SRPRB,,,,,,,,,,,,
RAB6B,,,,,,,,,,,,
RYK,,,,,,,,,,,,
ANAPC13,0.09448195030338845,0.3886482744463287,0.2415651123748586,,,,,,,,,
CEP63,,,,,,,,,,,,
PPP2R3A,,,,,,,,,,,,
MSL2,,,,,,,,,,,,
PCCB,,,,-0.9904822776091808,-0.2637577007981924,-0.6271199892036866,,,,,,
STAG1,,,,-0.9847310267346938,-0.3892488720209323,-0.6869899493778131,,,,,,
SLC35G2,,,,,,,,,,,,
NCK1,,,,,,,,,,,,
DZIP1L,,,,,,,,,,,,
DBR1,,,,,,,,,,,,
ARMC8,,,,,,,,,,,,
MRAS,,,,-0.9865549516550121,-0.36579224870049853,-0.6761736001777553,,,,,,
CEP70,,,,,,,,,,,,
FAIM,0.07569149992140316,0.4409623998689493,0.25832694989517624,,,,,,,,,
PIK3CB,,,,,,,,,,,,
MRPS22,0.17071609882951452,0.4520182183208559,0.3113671585751852,,,,,,,,,
COPB2,0.18824255825229005,0.42632216867877387,0.30728236346553195,,,,0.1743776197313458,0.575203013528963,0.3747903166301544,,,
RBP1,,,,,,,,,,,,
SLC25A36,0.09984751337894575,0.3997269430680789,0.24978722822351232,,,,,,,,,
PXYLP1,,,,,,,,,,,,
ZBTB38,0.12896932023126526,0.37122120655471197,0.2500952633929886,,,,,,,,,
RASA2,,,,-0.9887991517093156,-0.41709343202850224,-0.7029462918689089,,,,,,
RNF7,0.17996141547640854,0.5490696634418094,0.364515539459109,,,,,,,,,
ATP1B3,,,,,,,,,,,,
TFDP2,,,,,,,,,,,,
GK5,,,,,,,,,,,,
XRN1,,,,,,,,,,,,
ATR,,,,,,,,,,,,
PLS1,,,,,,,,,,,,
TRPC1,,,,,,,,,,,,
PCOLCE2,,,,-0.9851256619566173,-0.3932527183109307,-0.689189190133774,,,,,,
U2SURP,0.29321798974126634,0.5552117080547279,0.4242148488979971,,,,,,,,,
DIPK2A,,,,-0.9914940941751299,-0.27902999167273523,-0.6352620429239326,,,,,,
PLOD2,,,,-0.9920630872463917,-0.5129012508644141,-0.7524821690554029,,,,,,
PLSCR1,,,,,,,,,,,,
GYG1,0.11321936798583335,0.36383260225282343,0.23852598511932838,,,,,,,,,
HLTF,0.10207011720678659,0.41641499535005266,0.25924255627841963,,,,,,,,,
HPS3,,,,,,,,,,,,
WWTR1,,,,,,,,,,,,
COMMD2,0.13152556852006408,0.40146870970051196,0.26649713911028805,,,,,,,,,
ANKUB1,,,,,,,,,,,,
RNF13,,,,,,,,,,,,
PFN2,0.17277934484313326,0.48251527787088466,0.327647311357009,,,,,,,,,
TSC22D2,,,,,,,,,,,,
SERP1,0.22474528303215688,0.5292702362402282,0.37700775963619254,,,,,,,,,
EIF2A,,,,,,,,,,,,
SELENOT,0.13681480942912388,0.42803071663459114,0.28242276303185754,,,,,,,,,
SIAH2,,,,,,,,,,,,
MED12L,-0.380495319547144,-0.184134239093318,-0.28231477932023097,-0.9940804581036317,-0.6387510346284593,-0.8164157463660455,-0.37312559106613924,-0.1020887123989303,-0.23760715173253477,-0.4288434060981602,-0.1628339818350014,-0.2958386939665808
GPR171,-0.29347557888699033,-0.08797327822489308,-0.1907244285559417,,,,,,,,,
P2RY14,-0.42284634552628797,-0.21005899230852695,-0.3164526689174075,,,,-0.4512563947331746,-0.07117551240426301,-0.2612159535687188,-0.4347357958347878,-0.12105532561401133,-0.2778955607243996
MBNL1,,,,-0.9858988218729404,-0.320926191037444,-0.6534125064551922,,,,,,
P2RY1,,,,,,,,,,,,
RAP2B,,,,,,,,,,,,
ARHGEF26,,,,,,,,,,,,
DHX36,0.2216949695500604,0.5271496319854375,0.37442230076774896,,,,,,,,,
PLCH1,,,,,,,,,,,,
C3orf33,,,,,,,,,,,,
SLC33A1,,,,,,,,,,,,
GMPS,,,,,,,,,,,,
SSR3,,,,,,,,,,,,
TIPARP,,,,,,,,,,,,
CCNL1,,,,,,,,,,,,
SHOX2,,,,,,,,,,,,
RSRC1,,,,,,,,,,,,
MLF1,0.07078821284151694,0.37271306964648115,0.22175064124399904,,,,,,,,,
GFM1,,,,,,,,,,,,
LXN,,,,,,,,,,,,
MFSD1,0.08380269673022529,0.3470905891200371,0.2154466429251312,,,,,,,,,
SCHIP1,,,,,,,,,,,,
IFT80,,,,,,,,,,,,
SMC4,0.18559637600690526,0.41370241743526986,0.2996493967210876,,,,,,,,,
TRIM59,0.08698963601541038,0.34877682529367604,0.2178832306545432,,,,,,,,,
KPNA4,,,,,,,,,,,,
PPM1L,,,,,,,,,,,,
NMD3,0.09992750018012503,0.34494144461065157,0.2224344723953883,,,,,,,,,
PDCD10,,,,,,,,,,,,
GOLIM4,,,,,,,,,,,,
MECOM,-0.46027536079053316,-0.17790765274417294,-0.31909150676735304,-0.9874454147273295,-0.32819759648583996,-0.6578215056065847,-0.41383923547365614,-0.08826912912301609,-0.2510541822983361,,,
MYNN,,,,,,,,,,,,
LRRC34,,,,,,,,,,,,
SEC62,0.28776456302621745,0.5218137489347577,0.4047891559804876,,,,,,,,,
GPR160,-0.313223492491338,-0.07824919838687065,-0.19573634543910434,-0.9934098694376471,-0.6351081791559663,-0.8142590242968066,,,,,,
PHC3,,,,,,,,,,,,
PRKCI,0.14927166096469288,0.397697026610599,0.27348434378764597,,,,,,,,,
SKIL,,,,,,,,,,,,
RPL22L1,,,,,,,,,,,,
EIF5A2,,,,,,,,,,,,
TNIK,,,,,,,,,,,,
PLD1,,,,,,,,,,,,
FNDC3B,,,,-0.9883862757361377,-0.3782833010258953,-0.6833347883810165,,,,,,
NCEH1,,,,,,,,,,,,
ECT2,0.173131064912221,0.3653940948378035,0.26926257987501223,,,,,,,,,
NLGN1,,,,-0.981283876141876,-0.27627692920891433,-0.6287804026753951,-0.34007318815301335,-0.0614128674012204,-0.2007430277771169,,,
NAALADL2,-0.29386979625032794,-0.14503544564557666,-0.21945262094795231,-0.9899366638400895,-0.5469403429589103,-0.7684385033994998,,,,-0.4084820846636521,-0.0986593266264861,-0.2535707056450691
TBL1XR1,,,,-0.9839527006611878,-0.33621545566446576,-0.6600840781628268,,,,,,
KCNMB2,-0.3631949282096585,-0.1530319886339894,-0.2581134584218239,-0.9908067530564838,-0.5887034613439709,-0.7897551072002273,,,,-0.4331992927709232,-0.08978585971106717,-0.2614925762409952
ZMAT3,,,,,,,,,,,,
PIK3CA,,,,,,,,,,,,
ZNF639,0.12340455673833459,0.35343610413404886,0.2384203304361917,,,,,,,,,
MFN1,,,,,,,,,,,,
GNB4,,,,,,,,,,,,
ACTL6A,0.16512650264080367,0.45151268959737334,0.3083195961190885,,,,,,,,,
MRPL47,0.23484369247686404,0.48224896264706196,0.35854632756196303,,,,0.12544723488212037,0.5263153461316847,0.32588129050690257,,,
NDUFB5,0.19744255595378432,0.5061053525189473,0.3517739542363658,,,,,,,,,
USP13,,,,,,,,,,,,
TTC14,0.11550793060293858,0.32992758772925046,0.22271775916609451,,,,,,,,,
FXR1,0.11943309272164374,0.3948394220406756,0.2571362573811597,,,,,,,,,
DNAJC19,,,,,,,,,,,,
SOX2,0.07165428235141638,0.315869358759367,0.1937618205553917,,,,,,,,,
ATP11B,,,,,,,,,,,,
DCUN1D1,-0.6604921397443096,-0.16254431440826567,-0.41151822707628766,,,,,,,,,
MCCC1,,,,,,,,,,,,
MCF2L2,-0.23163056417173783,-0.082764975705007,-0.15719776993837242,-0.9824407861284167,-0.32837168617145956,-0.6554062361499381,,,,,,
B3GNT5,,,,,,,,,,,,
KLHL24,,,,,,,,,,,,
YEATS2,,,,,,,,,,,,
PARL,0.16350700853179057,0.45738564360733586,0.31044632606956324,,,,,,,,,
ABCC5,,,,,,,,,,,,
EIF2B5,0.08821751421492627,0.34604190769914317,0.2171297109570347,,,,,,,,,
DVL3,0.08817361758563416,0.31619366889017997,0.20218364323790705,,,,,,,,,
AP2M1,0.2635222510939155,0.5716652065391677,0.41759372881654166,,,,,,,,,
ABCF3,0.0749455176950987,0.34949137831556765,0.21221844800533318,,,,,,,,,
ALG3,0.19112181287573107,0.4556622640452843,0.3233920384605077,,,,,,,,,
EEF1AKMT4,0.14747789288921337,0.40280609724025934,0.27514199506473636,,,,,,,,,
PSMD2,0.17544099749200492,0.43241993377953125,0.3039304656357681,,,,,,,,,
EIF4G1,0.21604337486985162,0.5024429332626423,0.35924315406624696,,,,,,,,,
POLR2H,0.15805576849789918,0.40335383983051276,0.28070480416420596,,,,,,,,,
MAGEF1,0.18352629167001616,0.4236748538497428,0.3036005727598795,,,,,,,,,
VPS8,,,,,,,,,,,,
EHHADH,,,,,,,,,,,,
MAP3K13,,,,,,,,,,,,
TMEM41A,0.1375536613028818,0.3911416456481836,0.2643476534755327,,,,,,,,,
SENP2,,,,,,,,,,,,
IGF2BP2,,,,-0.9906718314057774,-0.3676651151037066,-0.6791684732547421,,,,,,
TRA2B,0.2238982414543896,0.4864239212774047,0.35516108136589714,,,,,,,,,
TBCCD1,,,,,,,,,,,,
DNAJB11,0.16138590171703307,0.38089573834721435,0.2711408200321237,,,,,,,,,
EIF4A2,0.0641425237712917,0.3247097843171623,0.194426154044227,,,,,,,,,
RFC4,,,,,,,,,,,,
ST6GAL1,,,,,,,,,,,,
RPL39L,0.07704857840323308,0.358805822282076,0.21792720034265456,,,,,,,,,
LPP,-0.3493384984974519,-0.19321385425021542,-0.27127617637383367,-0.9931040910319056,-0.582488073114703,-0.7877960820733043,-0.46812839322327043,-0.10552751458863138,-0.2868279539059509,,,
P3H2,,,,,,,,,,,,
CCDC50,0.10655389677406127,0.37327666380496166,0.23991528028951148,,,,,,,,,
FGF12,-0.2940565912384577,-0.11801050672689549,-0.2060335489826766,-0.9902655432565095,-0.5388969638278621,-0.7645812535421859,,,,,,
MB21D2,,,,,,,,,,,,
PLAAT1,,,,,,,,,,,,
OPA1,,,,,,,,,,,,
HES1,,,,,,,,,,,,
ATP13A3,,,,,,,,,,,,
LSG1,0.07951353560945136,0.30446284408962343,0.1919881898495374,,,,,,,,,
XXYLT1,,,,,,,,,,,,
ACAP2,,,,,,,,,,,,
PPP1R2,0.17748624981098488,0.4545167395941432,0.316001494702564,,,,,,,,,
TNK2,,,,-0.9932719006570491,-0.5427517096659902,-0.7680118051615197,,,,,,
TFRC,,,,,,,,,,,,
PCYT1A,0.1162460402299499,0.35680766642816464,0.23652685332905726,,,,,,,,,
DYNLT2B,,,,,,,,,,,,
UBXN7,,,,,,,,,,,,
RNF168,,,,,,,,,,,,
WDR53,,,,,,,,,,,,
FBXO45,0.08476703030611031,0.3254604091715655,0.2051137197388379,,,,,,,,,
PIGX,,,,-0.9924078134698676,-0.5135067042034853,-0.7529572588366764,,,,,,
CEP19,0.05630961642994976,0.2736948856270246,0.16500225102848717,,,,,,,,,
PAK2,,,,,,,,,,,,
SENP5,,,,,,,,,,,,
NCBP2,0.11199125658630377,0.3661926742886171,0.23909196543746045,,,,,,,,,
NCBP2AS2,0.11630736134891548,0.37665985577865974,0.2464836085637876,,,,0.14728558712132983,0.49981046963948345,0.32354802838040664,,,
MELTF,,,,,,,,,,,,
DLG1,,,,,,,,,,,,
RUBCN,,,,,,,,,,,,
FYTTD1,,,,,,,,,,,,
LRCH3,,,,,,,,,,,,
IQCG,,,,,,,,,,,,
RPL35A,0.32149240205790763,0.6238963162654941,0.4726943591617009,,,,,,,,,
LMLN,,,,,,,,,,,,
ZNF721,,,,,,,,,,,,
PIGG,,,,,,,,,,,,
ATP5ME,,,,,,,,,,,,
MYL5,,,,-0.9926326354485192,-0.5848469727647269,-0.788739804106623,,,,,,
PCGF3,,,,,,,,,,,,
GAK,,,,,,,,,,,,
TMEM175,,,,,,,,,,,,
FGFRL1,,,,,,,,,,,,
CTBP1,,,,,,,,,,,,
MAEA,0.12249886155927611,0.381686835916984,0.25209284873813004,,,,,,,,,
UVSSA,,,,,,,,,,,,
SLBP,,,,,,,,,,,,
TACC3,0.15613737357594507,0.3875852671232389,0.271861320349592,,,,,,,,,
TMEM129,,,,,,,,,,,,
FGFR3,,,,,,,,,,,,
LETM1,,,,,,,,,,,,
NSD2,,,,,,,,,,,,
NELFA,,,,,,,,,,,,
C4orf48,,,,,,,,,,,,
NAT8L,,,,,,,,,,,,
POLN,,,,,,,,,,,,
HAUS3,,,,,,,,,,,,
MXD4,0.05762836607079702,0.33039731415372203,0.19401284011225953,,,,,,,,,
ZFYVE28,,,,,,,,,,,,
RNF4,,,,,,,,,,,,
FAM193A,,,,-0.9901431215943606,-0.3835254873454369,-0.6868343044698988,,,,,,
TNIP2,,,,,,,,,,,,
ADD1,,,,,,,,,,,,
MFSD10,,,,,,,,,,,,
NOP14,0.209287899536469,0.43152674349570297,0.320407321516086,,,,,,,,,
GRK4,,,,,,,,,,,,
HTT,,,,,,,,,,,,
RGS12,,,,,,,,,,,,
LRPAP1,0.17774204857154988,0.44113614249085686,0.30943909553120336,,,,,,,,,
ADRA2C,,,,,,,,,,,,
TMEM128,,,,,,,,,,,,
LYAR,0.1163400129495761,0.4056584718076995,0.2609992423786378,,,,,,,,,
STX18,,,,-0.9890194648684154,-0.5179835257843701,-0.7535014953263928,,,,,,
MSX1,,,,,,,,,,,,
EVC,,,,,,,,,,,,
MAN2B2,,,,,,,,,,,,
MRFAP1,0.11482004770042982,0.4719378658179448,0.2933789567591873,,,,,,,,,
ENSG00000170846,,,,,,,,,,,,
MRFAP1L1,0.16468500782944906,0.3843738304412778,0.27452941913536344,,,,,,,,,
BLOC1S4,,,,,,,,,,,,
KIAA0232,,,,,,,,,,,,
TBC1D14,,,,-0.992395994180985,-0.5416572969522783,-0.7670266455666317,,,,,,
TADA2B,0.12413345749119041,0.37145412564687236,0.2477937915690314,,,,,,,,,
GRPEL1,0.1627896295297086,0.4864262615285778,0.3246079455291432,,,,,,,,,
SORCS2,-0.1549154117753237,-0.08085216979659066,-0.11788379078595718,-0.9282160831234416,-0.23963919281974375,-0.5839276379715926,-0.30767457699483225,-0.14663237615111602,-0.22715347657297413,-0.20331082741639692,-0.07641250361168737,-0.13986166551404214
AFAP1,,,,,,,,,,,,
ACOX3,,,,,,,,,,,,
TRMT44,,,,,,,,,,,,
HMX1,,,,,,,,,,,,
WDR1,,,,,,,,,,,,
ZNF518B,,,,,,,,,,,,
RAB28,,,,,,,,,,,,
BOD1L1,0.1093560390283766,0.3781522667526613,0.24375415289051894,,,,,,,,,
CPEB2,,,,,,,,,,,,
CC2D2A,,,,,,,,,,,,
FBXL5,,,,,,,,,,,,
FAM200B,,,,,,,,,,,,
TAPT1,,,,,,,,,,,,
QDPR,,,,,,,,,,,,
LAP3,,,,,,,,,,,,
MED28,0.21069856075779742,0.5007881565017482,0.3557433586297728,,,,,,,,,
FAM184B,-0.286614605350655,-0.1542666166806658,-0.22044061101566043,-0.9920470306945928,-0.5622447248509855,-0.7771458777727891,-0.33076341461204667,-0.10908435445908303,-0.21992388453556486,-0.4197644865105318,-0.16164484236793839,-0.2907046644392351
DCAF16,,,,-0.9857488251845962,-0.3047142806343154,-0.6452315529094558,,,,,,
NCAPG,0.08413367302871233,0.313556431266577,0.19884505214764467,,,,,,,,,
LCORL,,,,-0.9684183518043018,-0.21048922903093914,-0.5894537904176205,,,,,,
SLIT2,-0.3100464833373807,-0.12937504246469622,-0.21971076290103847,,,,,,,,,
PACRGL,,,,,,,,,,,,
ADGRA3,,,,-0.9903888398338637,-0.3555468207158458,-0.6729678302748547,,,,,,
GBA3,-0.3795039180120982,-0.12635716474989997,-0.2529305413809991,,,,,,,,,
DHX15,,,,,,,,,,,,
SEPSECS,,,,,,,,,,,,
PI4K2B,,,,,,,,,,,,
ZCCHC4,,,,,,,,,,,,
ANAPC4,,,,,,,,,,,,
SEL1L3,,,,-0.9863876568625516,-0.2717312842599845,-0.629059470561268,,,,,,
SMIM20,,,,,,,,,,,,
RBPJ,,,,,,,,,,,,
TBC1D19,,,,,,,,,,,,
STIM2,,,,,,,,,,,,
PCDH7,,,,,,,,,,,,
ARAP2,,,,,,,,,,,,
RELL1,,,,-0.988010126793526,-0.4032197825452697,-0.6956149546693978,,,,,,
PGM2,,,,,,,,,,,,
TBC1D1,,,,,,,,,,,,
KLF3,,,,,,,,,,,,
FAM114A1,,,,,,,,,,,,
KLHL5,,,,,,,,,,,,
WDR19,,,,,,,,,,,,
RFC1,,,,,,,,,,,,
RPL9,0.2973011361293064,0.5344317960264989,0.4158664660779027,,,,,,,,,
LIAS,,,,,,,,,,,,
UGDH,,,,,,,,,,,,
SMIM14,,,,,,,,,,,,
UBE2K,,,,,,,,,,,,
PDS5A,,,,,,,,,,,,
N4BP2,,,,,,,,,,,,
RBM47,,,,,,,,,,,,
APBB2,,,,,,,,,,,,
UCHL1,0.2030407522408672,0.4052338415805489,0.30413729691070807,,,,,,,,,
LIMCH1,-0.3024185761944015,-0.17450026260363619,-0.23845941939901882,-0.9935986966674333,-0.5645428243598958,-0.7790707605136645,-0.3722500553904132,-0.1104054383427218,-0.24132774686656752,-0.4318526882849439,-0.1519317005837586,-0.2918921944343512
TMEM33,-0.6136966548625066,-0.18176232644878665,-0.3977294906556466,,,,,,,,,
SLC30A9,,,,,,,,,,,,
BEND4,,,,,,,,,,,,
ATP8A1,-0.3123630927821309,-0.060640348349349234,-0.18650172056574008,,,,-0.5312248179875367,-0.1219033388659504,-0.32656407842674356,,,
KCTD8,,,,-0.9670827835196233,-0.2356569784420614,-0.6013698809808423,,,,,,
GUF1,,,,,,,,,,,,
GNPDA2,,,,,,,,,,,,
COMMD8,,,,,,,,,,,,
ATP10D,,,,-0.9926275572055557,-0.354944345374107,-0.6737859512898314,,,,,,
NFXL1,,,,,,,,,,,,
NIPAL1,,,,,,,,,,,,
TXK,,,,,,,,,,,,
TEC,,,,,,,,,,,,
SLAIN2,,,,,,,,,,,,
FRYL,,,,,,,,,,,,
OCIAD1,,,,,,,,,,,,
DCUN1D4,,,,,,,,,,,,
SGCB,,,,,,,,,,,,
USP46,,,,,,,,,,,,
SCFD2,,,,-0.9723989365923752,-0.29826386260144905,-0.6353313995969121,,,,,,
FIP1L1,0.09000839209394368,0.31208343442872377,0.20104591326133373,,,,,,,,,
CHIC2,0.13635610682630234,0.34476158243136024,0.2405588446288313,,,,,,,,,
SRD5A3,,,,,,,,,,,,
TMEM165,,,,,,,,,,,,
CLOCK,,,,,,,,,,,,
NMU,,,,,,,,,,,,
EXOC1,,,,,,,,,,,,
CEP135,,,,,,,,,,,,
CRACD,,,,-0.99093952864628,-0.39746832014571454,-0.6942039243959972,,,,,,
AASDH,,,,,,,,,,,,
PPAT,,,,,,,,,,,,
PAICS,,,,,,,,,,,,
SRP72,0.2175238242596672,0.4815853438363293,0.3495545840479982,,,,,,,,,
HOPX,,,,,,,,,,,,
REST,,,,,,,,,,,,
NOA1,0.091005333850833,0.31873671017146304,0.204871022011148,,,,,,,,,
POLR2B,0.14195958536880005,0.4025731164284615,0.27226635089863077,,,,,,,,,
ADGRL3,-0.18091840430910464,-0.10200686480395693,-0.1414626345565308,-0.976647379193456,-0.32886772385658486,-0.6527575515250205,-0.3862759752476833,-0.0681722946998548,-0.22722413497376906,-0.2216289278429857,-0.06720711977715577,-0.14441802381007074
EPHA5,-0.307006295177561,-0.08106170598871777,-0.19403400058313938,-0.9876899883267204,-0.4655484582665449,-0.7266192232966326,,,,,,
CENPC,,,,,,,,,,,,
UBA6,,,,,,,,,,,,
YTHDC1,0.24243558247241068,0.4698812346968599,0.35615840858463527,,,,,,,,,
UTP3,,,,,,,,,,,,
RUFY3,,,,,,,,,,,,
GRSF1,0.09224429858651058,0.3734044638570187,0.23282438122176463,,,,,,,,,
MOB1B,,,,,,,,,,,,
DCK,,,,,,,,,,,,
SLC4A4,,,,-0.9616835307881466,-0.2028694447476862,-0.5822764877679164,,,,,,
ADAMTS3,-0.23590777883302827,-0.04321500419606273,-0.1395613915145455,,,,,,,,,
COX18,,,,,,,,,,,,
ANKRD17,,,,,,,,,,,,
MTHFD2L,,,,,,,,,,,,
RCHY1,0.11293797182285394,0.3609647549926598,0.23695136340775685,,,,,,,,,
THAP6,,,,,,,,,,,,
CDKL2,,,,,,,,,,,,
G3BP2,0.12956555495375227,0.3870108218741505,0.2582881884139514,,,,,,,,,
USO1,,,,,,,,,,,,
NAAA,,,,,,,,,,,,
SDAD1,,,,,,,,,,,,
NUP54,,,,,,,,,,,,
SCARB2,,,,,,,,,,,,
SHROOM3,,,,,,,,,,,,
SEPTIN11,,,,,,,,,,,,
CCNI,,,,,,,,,,,,
CCNG2,,,,,,,,,,,,
CNOT6L,,,,-0.9844566243207624,-0.2973995110359389,-0.6409280676783506,,,,,,
MRPL1,,,,,,,,,,,,
FRAS1,,,,-0.9891409907631417,-0.2880279201782086,-0.6385844554706751,,,,,,
BMP2K,,,,,,,,,,,,
PAQR3,,,,,,,,,,,,
ANTXR2,,,,,,,,,,,,
RASGEF1B,-0.32313287711627586,-0.20045585336894384,-0.26179436524260985,-0.9870992551193973,-0.5152538678534216,-0.7511765614864094,-0.34029670896141495,-0.11416223171166917,-0.22722947033654206,-0.43714108724071027,-0.20183117379439908,-0.3194861305175547
HNRNPD,0.2329909715363102,0.42245037784058426,0.32772067468844723,,,,,,,,,
HNRNPDL,0.3556532813553909,0.5008307308388495,0.42824200609712026,,,,0.3136009912597322,0.6062864779227396,0.4599437345912359,,,
ENOPH1,,,,,,,,,,,,
TMEM150C,,,,,,,,,,,,
SCD5,,,,,,,,,,,,
SEC31A,,,,,,,,,,,,
THAP9,,,,,,,,,,,,
LIN54,,,,,,,,,,,,
COPS4,,,,,,,,,,,,
COQ2,,,,,,,,,,,,
HELQ,,,,,,,,,,,,
MRPS18C,0.14355540938940803,0.4352707254377566,0.2894130674135823,,,,,,,,,
ABRAXAS1,-0.31602555954313954,-0.1478181728285407,-0.23192186618584013,-0.988277018254757,-0.5691334349245484,-0.7787052265896527,-0.29772767245034765,-0.06120863093702357,-0.1794681516936856,-0.45242390758487505,-0.1907417741109274,-0.32158284084790123
GPAT3,-0.3250862375773521,-0.17619099811164196,-0.25063861784449704,-0.9882027001579408,-0.5622258391394752,-0.775214269648708,-0.30720656373802074,-0.13761697870029904,-0.2224117712191599,-0.37037935944680056,-0.14224935568703895,-0.2563143575669198
CDS1,,,,,,,,,,,,
WDFY3,,,,-0.9880194771252491,-0.1616258492720978,-0.5748226631986735,,,,,,
ARHGAP24,-0.2746753734324265,-0.055826130255574306,-0.1652507518440004,-0.9931115757592837,-0.3851455839567035,-0.6891285798579936,,,,,,
MAPK10,-0.22161167230411596,-0.0812962067247509,-0.15145393951443342,,,,,,,-0.41363831081630265,-0.08278611610876775,-0.2482122134625352
PTPN13,,,,,,,,,,,,
AFF1,-0.506745037286055,-0.19077000470375888,-0.348757520994907,-0.9887567336902456,-0.565455567146607,-0.7771061504184263,-0.6090282884446063,-0.0670473832098994,-0.3380378358272529,-0.6017273233089526,-0.15672058043501866,-0.37922395187198565
KLHL8,,,,,,,,,,,,
HSD17B11,,,,,,,,,,,,
NUDT9,,,,,,,,,,,,
PKD2,,,,,,,,,,,,
PPM1K,,,,,,,,,,,,
HERC5,,,,,,,,,,,,
HERC3,,,,,,,,,,,,
FAM13A,-0.3348168396135298,-0.050549441649605786,-0.1926831406315678,-0.9854694472723265,-0.3797421713523805,-0.6826058093123535,,,,,,
GPRIN3,,,,,,,,,,,,
SNCA,,,,,,,,,,,,
CCSER1,,,,,,,,,,,,
GRID2,-0.2757059730395383,-0.12843646595706443,-0.20207121949830137,-0.9917769439206882,-0.6114384462545961,-0.8016076950876421,,,,-0.31410814725101266,-0.07913335368610828,-0.19662075046856048
SMARCAD1,,,,,,,,,,,,
PDLIM5,,,,,,,,,,,,
BMPR1B,-0.34695434917119217,-0.10191034392162461,-0.2244323465464084,-0.9927885147459046,-0.5249488366899189,-0.7588686757179117,,,,,,
UNC5C,,,,,,,,,,,,
STPG2,-0.2722782146799921,-0.12254060263055884,-0.19740940865527545,-0.9945055953652121,-0.5832810428324747,-0.7888933190988434,,,,-0.3757298134988951,-0.09419247075235082,-0.23496114212562297
RAP1GDS1,,,,-0.982692382365444,-0.1782365488960279,-0.580464465630736,,,,,,
TSPAN5,,,,,,,,,,,,
EIF4E,,,,,,,,,,,,
METAP1,,,,,,,,,,,,
ADH5,0.1290160965836272,0.453542631975747,0.2912793642796871,,,,,,,,,
TRMT10A,,,,,,,,,,,,
LAMTOR3,0.06627197450463396,0.32351390858750767,0.1948929415460708,,,,,,,,,
DNAJB14,,,,,,,,,,,,
PPP3CA,-0.8473980295685407,-0.31588126978655323,-0.581639649677547,,,,-0.9312101928445106,-0.26821111441424333,-0.5997106536293769,,,
SLC39A8,,,,,,,,,,,,
NFKB1,,,,,,,,,,,,
MANBA,,,,,,,,,,,,
UBE2D3,,,,,,,,,,,,
CISD2,,,,,,,,,,,,
SLC9B2,,,,,,,,,,,,
BDH2,,,,,,,,,,,,
CENPE,0.18099462479727896,0.3645807397240807,0.27278768226067984,,,,,,,,,
CXXC4,,,,,,,,,,,,
TET2,,,,,,,,,,,,
PPA2,,,,,,,,,,,,
INTS12,,,,,,,,,,,,
GSTCD,,,,-0.9824639466796391,-0.15225118653420056,-0.5673575666069198,,,,,,
TBCK,,,,,,,,,,,,
AIMP1,0.11555399656165585,0.3602549939458547,0.2379044952537553,,,,,,,,,
PAPSS1,,,,,,,,,,,,
SGMS2,,,,,,,,,,,,
HADH,,,,,,,,,,,,
LEF1,,,,,,,,,,,,
RPL34,0.25501579998667556,0.622031335869793,0.43852356792823427,,,,,,,,,
OSTC,0.1547688181641148,0.46957741001885905,0.31217311409148696,,,,,,,,,
COL25A1,-0.2823043220413373,-0.07937595329945292,-0.1808401376703951,-0.9882206586075222,-0.49540686175136617,-0.7418137601794441,,,,,,
SEC24B,,,,,,,,,,,,
MCUB,,,,,,,,,,,,
CASP6,,,,,,,,,,,,
PLA2G12A,,,,,,,,,,,,
GAR1,0.21453817828333582,0.38143462312006765,0.29798640070170174,,,,,,,,,
ELOVL6,,,,,,,,,,,,
ENPEP,,,,,,,,,,,,
PITX2,,,,,,,,,,,,
FAM241A,,,,,,,,,,,,
AP1AR,0.10335382475074767,0.3292690694722325,0.21631144711149008,,,,,,,,,
TIFA,,,,,,,,,,,,
ALPK1,,,,,,,,,,,,
ZGRF1,,,,,,,,,,,,
LARP7,0.0982820608007359,0.44992276085666605,0.27410241082870096,,,,,,,,,
ANK2,-0.4277604841661521,-0.1685416157603286,-0.2981510499632404,-0.9814766429642925,-0.2654281947539999,-0.6234524188591462,,,,,,
CAMK2D,,,,,,,,,,,,
ARSJ,,,,,,,,,,,,
UGT8,,,,,,,,,,,,
METTL14,,,,,,,,,,,,
SEC24D,,,,,,,,,,,,
USP53,,,,,,,,,,,,
C4orf3,,,,,,,,,,,,
PDE5A,,,,,,,,,,,,
MAD2L1,0.2300719600983653,0.4612060921505886,0.34563902612447694,,,,,,,,,
PRDM5,,,,,,,,,,,,
QRFPR,,,,-0.986350968510823,-0.4359311589054746,-0.7111410637081488,,,,,,
ANXA5,0.14891227470127555,0.3577423400075999,0.25332730735443776,,,,,,,,,
EXOSC9,,,,,,,,,,,,
CCNA2,0.25633826538832666,0.4763014132560372,0.36631983932218193,,,,,,,,,
BBS7,,,,,,,,,,,,
TRPC3,-0.2656494206505064,-0.13340089294529012,-0.19952515679789826,-0.9889894120359751,-0.49039212718283615,-0.7396907696094056,,,,-0.3797818048816206,-0.13152049183116868,-0.25565114835639463
BLTP1,,,,-0.9860006406986344,-0.37623874761282,-0.6811196941557272,,,,,,
FGF2,,,,,,,,,,,,
NUDT6,,,,,,,,,,,,
SPATA5,,,,,,,,,,,,
SPRY1,,,,,,,,,,,,
ANKRD50,,,,,,,,,,,,
INTU,,,,,,,,,,,,
HSPA4L,,,,,,,,,,,,
PLK4,,,,-0.9885406630472371,-0.42830409458120583,-0.7084223788142214,,,,,,
MFSD8,,,,,,,,,,,,
ABHD18,-0.38694860620409766,-0.06520454579290651,-0.2260765759985021,-0.9884208227462222,-0.4024600916086395,-0.6954404571774309,,,,,,
LARP1B,,,,,,,,,,,,
PGRMC2,0.14705843687943118,0.38662328058736983,0.2668408587334005,,,,,,,,,
JADE1,,,,,,,,,,,,
SCLT1,,,,,,,,,,,,
C4orf33,,,,,,,,,,,,
PCDH10,,,,,,,,,,,,
SLC7A11,,,,,,,,,,,,
NOCT,,,,,,,,,,,,
ELF2,,,,,,,,,,,,
MGARP,,,,,,,,,,,,
NDUFC1,,,,,,,,,,,,
NAA15,,,,,,,,,,,,
RAB33B,,,,,,,,,,,,
SETD7,,,,-0.9875307995328986,-0.4251575970704556,-0.706344198301677,,,,,,
MGST2,0.05724945688048627,0.2943510284482544,0.17580024266437033,,,,,,,,,
MAML3,-0.24104859719652608,-0.024803422446482856,-0.13292600982150446,-0.9891821449015751,-0.329184539281588,-0.6591833420915816,,,,,,
SCOC,0.18551764682146443,0.4851873670717925,0.33535250694662844,,,,,,,,,
CLGN,,,,,,,,,,,,
ELMOD2,,,,,,,,,,,,
TBC1D9,,,,,,,,,,,,
RNF150,,,,,,,,,,,,
ZNF330,0.1938628669373288,0.4066033454570778,0.30023310619720334,,,,,,,,,
USP38,,,,,,,,,,,,
GAB1,,,,,,,,,,,,
SMARCA5,0.08675858754529636,0.2970013939746727,0.19187999075998452,,,,0.17539753154699972,0.5623014430985371,0.36884948732276845,,,
HHIP,-0.28717194886570546,-0.10188384238978546,-0.19452789562774547,-0.9944867915453055,-0.5473346109880141,-0.7709107012666598,,,,,,
ANAPC10,,,,,,,,,,,,
ABCE1,0.15055508050908775,0.36877437663577267,0.2596647285724302,,,,,,,,,
OTUD4,,,,,,,,,,,,
SMAD1,0.06799932293577801,0.325396771717675,0.19669804732672652,,,,,,,,,
ZNF827,,,,,,,,,,,,
LSM6,,,,,,,,,,,,
SLC10A7,,,,-0.9950695049860547,-0.5210869943189844,-0.7580782496525196,,,,,,
EDNRA,,,,,,,,,,,,
TMEM184C,,,,,,,,,,,,
PRMT9,,,,,,,,,,,,
ARHGAP10,,,,-0.9884196829452788,-0.40354695871989693,-0.6959833208325878,,,,,,
NR3C2,-0.2924077066084969,-0.0683939507743001,-0.1804008286913985,,,,,,,,,
DCLK2,-0.2749117324094675,-0.05248260559923578,-0.16369716900435163,,,,,,,,,
LRBA,-0.3477688160415453,-0.0858875955679595,-0.2168282058047524,-0.9846155669593034,-0.2712825167455842,-0.6279490418524438,,,,,,
RPS3A,0.3668078735340503,0.6175087087515174,0.49215829114278387,,,,,,,,,
SH3D19,,,,,,,,,,,,
FHIP1A,,,,,,,,,,,,
GATB,,,,-0.9809456990638775,-0.3031287923372747,-0.6420372457005761,,,,,,
FBXW7,,,,,,,,,,,,
ARFIP1,,,,,,,,,,,,
TRIM2,,,,,,,,,,,,
MND1,,,,,,,,,,,,
TMEM131L,,,,,,,,,,,,
PLRG1,0.142496859908046,0.41905405845931465,0.2807754591836803,,,,,,,,,
MAP9,,,,,,,,,,,,
GUCY1A1,,,,,,,,,,,,
GUCY1B1,,,,,,,,,,,,
PDGFC,,,,,,,,,,,,
TMEM144,,,,,,,,,,,,
C4orf46,,,,,,,,,,,,
ETFDH,,,,,,,,,,,,
PPID,0.15170128410728817,0.38420576437626996,0.2679535242417791,,,,,,,,,
FNIP2,,,,,,,,,,,,
RAPGEF2,,,,,,,,,,,,
FSTL5,-0.29648669187921,-0.17233983449209023,-0.23441326318565012,-0.9952784596000577,-0.6055911277316269,-0.8004347936658422,,,,-0.3720809560511096,-0.14221627134508238,-0.257148613698096
NAF1,,,,,,,,,,,,
TMA16,,,,,,,,,,,,
TMEM192,,,,,,,,,,,,
KLHL2,,,,,,,,,,,,
MSMO1,,,,,,,,,,,,
CPE,,,,,,,,,,,,
TLL1,,,,,,,,,,,,
SPOCK3,,,,-0.9765919348982891,-0.05231673396541735,-0.5144543344318532,,,,,,
PALLD,,,,,,,,,,,,
CBR4,,,,,,,,,,,,
SH3RF1,,,,,,,,,,,,
NEK1,,,,,,,,,,,,
CLCN3,,,,,,,,,,,,
HPF1,,,,,,,,,,,,
MFAP3L,,,,,,,,,,,,
AADAT,,,,,,,,,,,,
GALNTL6,,,,,,,,,,,,
GALNT7,,,,,,,,,,,,
HMGB2,0.2542655989457644,0.449943139809533,0.35210436937764866,,,,0.10384737268500567,0.5020792096417852,0.30296329116339543,,,
SAP30,0.13408388760542808,0.40332912830658463,0.26870650795600637,,,,,,,,,
FBXO8,0.058206468579409094,0.2773068913123765,0.1677566799458928,,,,,,,,,
CEP44,,,,,,,,,,,,
GPM6A,-0.2664586604022432,-0.10799937280649888,-0.18722901660437102,-0.973366873333516,-0.3692562304402075,-0.6713115518868618,,,,-0.41841130524974035,-0.11113613908938787,-0.26477372216956413
WDR17,,,,,,,,,,,,
SPCS3,,,,,,,,,,,,
VEGFC,,,,,,,,,,,,
NEIL3,,,,,,,,,,,,
AGA,,,,,,,,,,,,
TENM3,,,,,,,,,,,,
DCTD,,,,,,,,,,,,
WWC2,,,,-0.993065459809326,-0.6099414444518366,-0.8015034521305813,,,,,,
CDKN2AIP,,,,,,,,,,,,
ING2,,,,,,,,,,,,
RWDD4,,,,,,,,,,,,
TRAPPC11,,,,,,,,,,,,
STOX2,,,,-0.9923170156733561,-0.42291019758765236,-0.7076136066305042,,,,,,
IRF2,,,,,,,,,,,,
CASP3,,,,,,,,,,,,
PRIMPOL,,,,,,,,,,,,
CENPU,,,,,,,,,,,,
ACSL1,,,,,,,,,,,,
SLC25A4,,,,,,,,,,,,
CFAP97,,,,,,,,,,,,
SNX25,,,,,,,,,,,,
UFSP2,,,,,,,,,,,,
PDLIM3,,,,,,,,,,,,
SORBS2,-0.32410613237019525,-0.10383799091057203,-0.21397206164038363,-0.9918559258886861,-0.49028009391612126,-0.7410680099024036,,,,,,
CYP4V2,,,,,,,,,,,,
FAT1,,,,,,,,,,,,
FRG1,,,,,,,,,,,,
CCDC127,,,,,,,,,,,,
SDHA,0.2088999541655351,0.4386687856299295,0.3237843698977323,,,,,,,,,
PDCD6,0.2362215090886275,0.5266914235283257,0.38145646630847657,,,,,,,,,
AHRR,,,,,,,,,,,,
EXOC3,,,,,,,,,,,,
CEP72,,,,,,,,,,,,
BRD9,,,,,,,,,,,,
TRIP13,0.09194762783538604,0.3740416184239176,0.2329946231296518,,,,,,,,,
CLPTM1L,0.1922608504503852,0.5182265598208581,0.35524370513562165,,,,,,,,,
LPCAT1,,,,,,,,,,,,
MRPL36,0.19562191854442665,0.4695206115552184,0.33257126504982254,,,,,,,,,
NDUFS6,,,,,,,,,,,,
ADAMTS16,-0.48376482074354127,-0.13286119328622795,-0.3083130070148846,,,,-0.7576305260625823,-0.1630235414033922,-0.4603270337329872,,,
ICE1,0.1209258379791857,0.3615394921375468,0.24123266505836627,,,,,,,,,
MED10,0.23556656825804065,0.5022498552333818,0.36890821174571126,,,,,,,,,
NSUN2,0.1541305607816198,0.4147288627299087,0.28442971175576426,,,,,,,,,
SRD5A1,,,,,,,,,,,,
TENT4A,,,,,,,,,,,,
MTRR,,,,,,,,,,,,
FASTKD3,,,,,,,,,,,,
SEMA5A,,,,,,,,,,,,
ATPSCKMT,,,,,,,,,,,,
CCT5,0.32829317760641585,0.5701941631780113,0.4492436703922136,,,,0.21366096771322077,0.5405540641329106,0.3771075159230657,,,
CMBL,,,,,,,,,,,,
MARCHF6,,,,,,,-0.8455602590970241,-0.120401311192256,-0.48298078514464005,,,
ANKRD33B,,,,,,,,,,,,
DAP,,,,,,,,,,,,
TRIO,,,,,,,,,,,,
OTULINL,,,,,,,,,,-0.19426942383935691,-0.010389042210640713,-0.10232923302499881
OTULIN,,,,,,,,,,,,
ANKH,,,,,,,,,,,,
FBXL7,,,,-0.9895636764376058,-0.44158013688109693,-0.7155719066593513,,,,,,
ZNF622,0.11830598221580546,0.3450193995451098,0.23166269088045763,,,,,,,,,
RETREG1,,,,,,,,,,,,
MYO10,,,,,,,,,,,,
BASP1,,,,,,,,,,,,
CDH18,-0.27335245570812183,-0.1720675730008793,-0.22271001435450055,-0.9399669338850976,-0.4322770931128792,-0.6861220134989884,-0.3942256079487352,-0.1425775006216948,-0.268401554285215,-0.4260779805423563,-0.1897873215293869,-0.3079326510358716
CDH12,-0.3088332193985218,-0.1071300850337867,-0.20798165221615425,-0.9820497746711729,-0.3368209660519415,-0.6594353703615572,,,,,,
DROSHA,,,,,,,,,,,,
C5orf22,,,,,,,,,,,,
PDZD2,,,,-0.9861357767595704,-0.48179917131159106,-0.7339674740355807,,,,,,
GOLPH3,,,,,,,,,,,,
MTMR12,,,,-0.9917041879250843,-0.35753591218865577,-0.67462005005687,,,,,,
ZFR,,,,,,,,,,,,
SUB1,0.27764426750769206,0.7439265003177195,0.5107853839127058,,,,,,,,,
TARS1,,,,,,,,,,,,
RAI14,,,,,,,,,,,,
RAD1,0.10685601641936181,0.4230337440638568,0.2649448802416093,,,,,,,,,
BRIX1,0.2400879660142444,0.5419975741162311,0.39104277006523774,,,,,,,,,
DNAJC21,,,,,,,,,,,,
LMBRD2,,,,,,,,,,,,
SKP2,,,,,,,,,,,,
NADK2,,,,,,,,,,,,
SLC1A3,,,,,,,,,,,,
NIPBL,,,,,,,,,,,,
CPLANE1,,,,,,,,,,,,
NUP155,,,,,,,,,,,,
WDR70,,,,,,,,,,,,
LIFR,,,,,,,,,,,,
RICTOR,,,,,,,,,,,,
DAB2,,,,,,,,,,,,
TTC33,,,,,,,,,,,,
PRKAA1,,,,,,,,,,,,
RPL37,0.3789778732600179,0.939975933404718,0.659476903332368,,,,,,,,,
OXCT1,,,,,,,,,,,,
RIMOC1,0.18265266205230687,0.43088392291679495,0.3067682924845509,,,,,,,,,
FBXO4,,,,,,,,,,,,
GHR,,,,,,,,,,,,
SELENOP,,,,,,,,,,,,
ZNF131,,,,,,,,,,,,
HMGCS1,,,,,,,,,,,,
TMEM267,,,,,,,,,,,,
C5orf34,,,,-0.9862722700601975,-0.2126615157800579,-0.5994668929201277,,,,,,
PAIP1,,,,,,,,,,,,
NNT,,,,,,,,,,,,
MRPS30,0.09964409045751954,0.3551585483720468,0.22740131941478317,,,,,,,,,
EMB,,,,,,,,,,,,
PARP8,,,,,,,,,,,,
ISL1,,,,,,,,,,,,
PELO,0.16337341847753076,0.39513720056396706,0.2792553095207489,,,,,,,,,
ITGA2,,,,-0.9828015789942298,-0.4207286773320506,-0.7017651281631402,,,,,,
MOCS2,0.21200697905040272,0.4874703702303207,0.3497386746403617,,,,,,,,,
NDUFS4,,,,,,,,,,,,
ARL15,-0.414400139186687,-0.1433954912206552,-0.2788978152036711,-0.973493674769724,-0.3165139083917287,-0.6450037915807264,-0.5031717993361761,-0.14784124843282198,-0.325506523884499,,,
SNX18,,,,,,,,,,,,
GPX8,,,,,,,,,,,,
DHX29,0.19808049431078587,0.4743526366227043,0.3362165654667451,,,,0.13240009094202562,0.6491723478329902,0.3907862193875079,,,
MTREX,,,,,,,,,,,,
PLPP1,,,,-0.9858797020472587,-0.35077426517695726,-0.668326983612108,,,,,,
SLC38A9,,,,,,,,,,,,
IL6ST,,,,,,,,,,,,
MAP3K1,,,,,,,,,,,,
SETD9,,,,,,,,,,,,
MIER3,,,,,,,,,,,,
GPBP1,,,,,,,,,,,,
RAB3C,-0.2891884099080829,-0.17178054848877913,-0.230484479198431,-0.9828622798843221,-0.489737978118304,-0.736300129001313,-0.2786948015229818,-0.09768580098624373,-0.18819030125461278,-0.45831175468779317,-0.17425003126970695,-0.31628089297875006
PDE4D,-0.24918861158875655,-0.057827107415640545,-0.15350785950219856,,,,,,,,,
DEPDC1B,,,,,,,,,,,,
ELOVL7,,,,,,,,,,,,
ERCC8,,,,,,,,,,,,
NDUFAF2,,,,,,,,,,,,
SMIM15,0.14207181905499555,0.413018028036641,0.2775449235458183,,,,,,,,,
ZSWIM6,,,,,,,,,,,,
KIF2A,,,,,,,,,,,,
DIMT1,0.15509796828900585,0.46572961667663937,0.31041379248282264,,,,,,,,,
IPO11,,,,-0.9867156421799577,-0.4227884765573267,-0.7047520593686422,,,,,,
SREK1IP1,0.16344323384860227,0.4765608012774179,0.32000201756301005,,,,,,,,,
CWC27,,,,,,,,,,,,
ADAMTS6,,,,,,,,,,,,
CENPK,,,,,,,,,,,,
PPWD1,,,,,,,,,,,,
TRIM23,,,,,,,,,,,,
TRAPPC13,,,,,,,,,,,,
SGTB,,,,,,,,,,,,
NLN,,,,,,,,,,,,
ERBIN,,,,,,,,,,,,
SREK1,,,,,,,,,,,,
MAST4,-0.3165789528931198,-0.06336634608913948,-0.18997264949112966,-0.9793006782730839,-0.3917971722056145,-0.6855489252393492,,,,,,
PIK3R1,,,,,,,,,,,,
SLC30A5,-0.19580047710141812,-0.10356648860890158,-0.14968348285515987,-0.9770032120987073,-0.4233635716312597,-0.7001833918649836,-0.4076778083853108,-0.119686753888411,-0.26368228113686093,-0.3711533133579028,-0.14212317335234592,-0.25663824335512436
CCNB1,0.3797457814169274,0.559698101863335,0.4697219416401312,,,,0.18433449364522478,0.5061682630294325,0.34525137833732866,0.12074966791782779,0.47396201024124135,0.29735583907953456
CENPH,,,,,,,,,,,,
MRPS36,,,,,,,,,,,,
CDK7,0.11984662266956077,0.35693402054612233,0.23839032160784154,,,,,,,,,
CCDC125,,,,,,,,,,,,
AK6,0.2328761851154806,0.49864166808038096,0.3657589265979308,,,,,,,,,
TAF9,0.15613339707241272,0.4785609932781502,0.3173471951752815,,,,,,,,,
RAD17,,,,,,,,,,,,
MARVELD2,,,,,,,,,,,,
OCLN,,,,,,,,,,,,
GTF2H2C,,,,,,,,,,,,
SMN2,0.08466159051369658,0.30832888352680377,0.19649523702025018,,,,,,,,,
SMN1,,,,,,,,,,,,
GTF2H2,,,,,,,,,,,,
BDP1,,,,,,,,,,,,
MCCC2,,,,,,,,,,,,
MAP1B,,,,,,,,,,,,
MRPS27,,,,,,,,,,,,
PTCD2,,,,,,,,,,,,
TNPO1,,,,,,,,,,,,
FCHO2,,,,,,,,,,,,
FOXD1,0.07324074510072928,0.3015959624345822,0.18741835376765575,,,,,,,,,
BTF3,0.3851566275688158,0.563825990600742,0.4744913090847789,,,,,,,,,
ANKRA2,,,,,,,,,,,,
UTP15,0.17697654593408604,0.4207398702991107,0.29885820811659836,,,,,,,,,
ARHGEF28,,,,,,,,,,,,
HEXB,-0.22298731226117233,-0.0798900176532753,-0.1514386649572238,-0.9899860280568552,-0.4603139314286316,-0.7251499797427434,-0.23585493378773964,-0.03309050869239389,-0.13447272124006676,,,
GFM2,,,,,,,,,,,,
NSA2,,,,,,,,,,,,
FAM169A,,,,,,,,,,,,
HMGCR,,,,,,,,,,,,
CERT1,,,,,,,,,,,,
POLK,,,,,,,,,,,,
POC5,,,,,,,,,,,,
IQGAP2,,,,,,,,,,,,
F2R,,,,,,,,,,,,
AGGF1,0.14900846284441632,0.3621062587777859,0.25555736081110114,,,,,,,,,
ZBED3,,,,,,,,,,,,
WDR41,,,,,,,,,,,,
TBCA,,,,,,,,,,,,
AP3B1,,,,,,,,,,,,
SCAMP1,,,,,,,,,,,,
LHFPL2,,,,-0.9960603734761625,-0.7262855428335819,-0.8611729581548722,,,,,,
ARSB,,,,,,,,,,,,
DMGDH,,,,,,,,,,,,
JMY,,,,,,,,,,,,
HOMER1,,,,,,,,,,,,
TENT2,,,,,,,,,,,,
MTX3,,,,,,,,,,,,
THBS4,,,,,,,,,,,,
SERINC5,,,,,,,,,,,,
ZFYVE16,,,,,,,,,,,,
FAM151B,,,,,,,,,,,,
DHFR,,,,,,,,,,,,
MSH3,,,,-0.9904880546649447,-0.441756058822855,-0.7161220567438998,,,,,,
RASGRF2,,,,,,,,,,,,
ZCCHC9,,,,,,,,,,,,
SSBP2,,,,,,,,,,,,
ATG10,-0.24202927646860525,-0.10340787511818987,-0.17271857579339756,-0.9816258057202665,-0.5058140802501323,-0.7437199429851994,,,,-0.3803971630242029,-0.06993646762794498,-0.22516681532607394
RPS23,0.4054202141825817,0.6745426203172117,0.5399814172498967,,,,,,,,,
TMEM167A,0.15859838092328635,0.5223370831648257,0.34046773204405606,,,,,,,,,
XRCC4,,,,,,,,,,,,
VCAN,,,,,,,,,,,,
EDIL3,-0.22300007759314744,-0.061938553262218886,-0.14246931542768315,,,,,,,,,
COX7C,0.24511488571693069,0.5938147234796987,0.4194648045983147,,,,,,,,,
RASA1,-0.3669163571883295,-0.1368370948372619,-0.2518767260127957,-0.9849124817841522,-0.3032683263665858,-0.644090404075369,-0.44616715272951674,-0.07343914748866892,-0.25980315010909283,,,
CCNH,,,,,,,,,,,,
TMEM161B,,,,,,,,,,,,
MEF2C,,,,,,,,,,,,
CETN3,,,,,,,,,,,,
MBLAC2,,,,,,,,,,,,
POLR3G,0.10342698296171723,0.3776510281777222,0.24053900556971974,,,,,,,,,
LYSMD3,0.07293018328404476,0.2809428523923425,0.17693651783819364,,,,0.09176119371587269,0.52966862362383,0.31071490866985135,,,
ADGRV1,-0.40784902927405703,-0.1624995579998274,-0.28517429363694224,-0.9905082387730478,-0.5163021697363663,-0.753405204254707,,,,-0.4366685442776841,-0.09534543047779581,-0.26600698737774
ARRDC3,-0.3882232210903484,-0.14968657555789472,-0.26895489832412156,,,,,,,-0.4674189383681202,-0.13106853437377428,-0.29924373637094726
NR2F1,,,,,,,,,,,,
FAM172A,,,,,,,,,,,,
SLF1,,,,,,,,,,,,
MCTP1,-0.28401257071689423,-0.08517421071230327,-0.18459339071459874,-0.9943057979367712,-0.5938574945069245,-0.7940816462218478,,,,,,
SKIC3,,,,,,,,,,,,
ARSK,,,,,,,,,,,,
RFESD,,,,,,,,,,,,
RHOBTB3,0.13470709358980953,0.38479480351192435,0.25975094855086694,,,,,,,,,
GLRX,,,,,,,,,,,,
ELL2,,,,,,,,,,,,
CAST,,,,,,,,,,,,
LNPEP,,,,,,,,,,,,
RIOK2,0.19079974274572306,0.4522895689537904,0.3215446558497567,,,,,,,,,
RGMB,,,,,,,,,,,,
CHD1,,,,,,,,,,,,
FAM174A,0.11102868877351302,0.33331815537492093,0.22217342207421698,,,,,,,,,
SLCO6A1,,,,,,,,,,,,
PAM,,,,-0.9746660235875702,-0.19403244440730094,-0.5843492339974355,,,,,,
GIN1,,,,,,,,,,,,
PPIP5K2,,,,,,,,,,,,
MACIR,,,,,,,,,,,,
NUDT12,,,,,,,,,,,,
EFNA5,-0.43756125127440537,-0.08509094597672058,-0.261326098625563,-0.9889901833368165,-0.28932922658590066,-0.6391597049613587,-0.49110652989436016,-0.052779639850606665,-0.2719430848724834,,,
FBXL17,,,,,,,,,,,,
FER,,,,,,,,,,,,
PJA2,,,,,,,,,,,,
MAN2A1,,,,,,,,,,,,
SLC25A46,0.0711511714263834,0.31565318069850923,0.1934021760624463,,,,,,,,,
WDR36,,,,,,,,,,,,
CAMK4,-0.264447833714321,-0.04691246413300311,-0.15568014892366205,-0.9873934648466778,-0.35570696829529685,-0.6715502165709873,,,,,,
STARD4,,,,,,,,,,,,
NREP,-0.21650006753315817,-0.019423544172542547,-0.11796180585285036,-0.983919631707676,-0.445276830583628,-0.714598231145652,,,,,,
EPB41L4A,,,,,,,,,,,,
APC,,,,,,,,,,,,
SRP19,0.24425663619876467,0.5807096823585742,0.41248315927866946,,,,,,,,,
REEP5,0.14324622940059611,0.455289334308112,0.2992677818543541,,,,,,,,,
DCP2,,,,,,,,,,,,
MCC,,,,,,,,,,,,
YTHDC2,0.09155679958959219,0.3959685876679419,0.24376269362876704,,,,,,,,,
TRIM36,,,,,,,,,,,,
PGGT1B,,,,,,,,,,,,
CCDC112,,,,,,,,,,,,
FEM1C,,,,,,,,,,,,
TMED7,,,,,,,,,,,,
ATG12,,,,,,,,,,,,
AP3S1,0.11981787761405109,0.48988616671946633,0.3048520221667587,,,,,,,,,
COMMD10,,,,-0.981864937072193,-0.24700285721847606,-0.6144338971453346,,,,,,
SEMA6A,,,,,,,,,,,,
DTWD2,,,,,,,,,,,,
DMXL1,,,,,,,,,,,,
TNFAIP8,,,,,,,,,,,,
HSD17B4,,,,,,,,,,,,
PRR16,,,,,,,,,,,,
SRFBP1,0.11566579936991186,0.38424394901707953,0.2499548741934957,,,,,,,,,
SNX2,0.1300678612827923,0.3779438012238603,0.2540058312533263,,,,,,,,,
SNX24,,,,,,,,,,,,
PPIC,,,,,,,,,,,,
PRDM6,,,,,,,,,,,,
CEP120,,,,,,,,,,,,
CSNK1G3,0.11211169296896258,0.3687797083776667,0.24044570067331464,,,,,,,,,
ZNF608,,,,,,,,,,,,
ALDH7A1,,,,,,,,,,,,
PHAX,0.13845870070109567,0.3990600877457891,0.2687593942234424,,,,,,,,,
LMNB1,,,,,,,,,,,,
MARCHF3,,,,-0.992944262595373,-0.52760575825377,-0.7602750104245715,,,,,,
C5orf63,,,,,,,,,,,,
PRRC1,,,,,,,,,,,,
SLC12A2,-0.5168350883133342,-0.15380096974172358,-0.33531802902752894,,,,-0.7365105962761662,-0.110593427514624,-0.4235520118953951,,,
FBN2,,,,,,,,,,,,
ISOC1,0.13302356992737416,0.3891086068198387,0.26106608837360645,,,,,,,,,
ADAMTS19,,,,,,,,,,,,
CHSY3,-0.22197980460076744,-0.06286421235723452,-0.142422008479001,,,,,,,,,
HINT1,,,,,,,,,,,,
LYRM7,,,,,,,,,,,,
CDC42SE2,,,,-0.9845621845250245,-0.28776970492030296,-0.6361659447226637,,,,,,
RAPGEF6,,,,-0.9889156153207268,-0.4368542781015769,-0.7128849467111519,,,,,,
FNIP1,,,,,,,,,,,,
P4HA2,,,,,,,,,,,,
PDLIM4,,,,,,,,,,,,
SLC22A5,,,,,,,,,,,,
IRF1,,,,,,,,,,,,
RAD50,0.12699178940210326,0.3586838862926735,0.24283783784738838,,,,,,,,,
KIF3A,0.16072402532029356,0.42389154229328535,0.29230778380678946,,,,,,,,,
SEPTIN8,0.07681464274306266,0.3283708327951322,0.20259273776909742,,,,,,,,,
UQCRQ,,,,,,,,,,,,
AFF4,,,,,,,,,,,,
ZCCHC10,0.15244641592675542,0.4463975444266258,0.29942198017669064,,,,,,,,,
HSPA4,0.12192977028183309,0.3214514846748285,0.2216906274783308,,,,,,,,,
C5orf15,,,,,,,,,,,,
VDAC1,,,,,,,,,,,,
TCF7,,,,,,,,,,,,
SKP1,0.2796290099733076,0.597675519479298,0.4386522647263028,,,,,,,,,
PPP2CA,0.11757269788478956,0.3951719221663781,0.2563723100255838,,,,,,,,,
CDKL3,,,,,,,,,,,,
UBE2B,0.1777036048716627,0.4734112627980186,0.32555743383484065,,,,,,,,,
CDKN2AIPNL,0.12873057453320405,0.3804364777583206,0.25458352614576235,,,,,,,,,
SAR1B,0.08814501990223736,0.433124797531585,0.2606349087169112,,,,,,,,,
SEC24A,,,,,,,,,,,,
CAMLG,0.18673396244621257,0.4757144081540696,0.3312241853001411,,,,,,,,,
DDX46,,,,,,,,,,,,
C5orf24,,,,,,,,,,,,
TXNDC15,,,,,,,,,,,,
PCBD2,,,,,,,,,,,,
PITX1,0.21998925112868653,0.4579297683956465,0.3389595097621665,,,,,,,,,
MACROH2A1,,,,,,,,,,,,
SLC25A48,,,,,,,,,,,,
SMAD5,,,,,,,,,,,,
HNRNPA0,,,,,,,,,,,,
PKD2L2,,,,,,,,,,,,
FAM13B,,,,,,,,,,,,
BRD8,0.16984081725712324,0.3981230067036735,0.28398191198039835,,,,,,,,,
KIF20A,0.2256973260535536,0.43027662387573246,0.327986974964643,,,,,,,,,
CDC23,0.1031821969458708,0.3887420793932694,0.24596213816957008,,,,,,,,,
CDC25C,,,,,,,,,,,,
FAM53C,,,,,,,,,,,,
KDM3B,0.07054978965523868,0.32559834732086745,0.19807406848805306,,,,,,,,,
REEP2,,,,-0.9931974862542166,-0.44002284602157915,-0.7166101661378979,,,,,,
EGR1,-0.18501233728191646,-0.04727195606092028,-0.11614214667141837,,,,-0.23032009748052118,-0.03542048953192244,-0.13287029350622181,,,
ETF1,0.11755034146897754,0.4512372263760638,0.2843937839225207,,,,,,,,,
HSPA9,0.21247347651186185,0.41496241607729384,0.31371794629457783,,,,,,,,,
CTNNA1,,,,,,,,,,,,
SIL1,,,,,,,,,,,,
MATR3,0.155357905727952,0.4113030747362472,0.2833304902320996,,,,,,,,,
PAIP2,0.11439025403928096,0.5081113803357843,0.3112508171875326,,,,,,,,,
SPATA24,,,,,,,,,,,,
DNAJC18,,,,,,,,,,,,
UBE2D2,,,,,,,,,,,,
CXXC5,,,,,,,,,,,,
NRG2,,,,,,,,,,,,
PURA,0.29015851146883376,0.563793392300355,0.42697595188459436,,,,,,,,,
CYSTM1,,,,,,,,,,,,
PFDN1,,,,,,,,,,,,
ANKHD1,,,,,,,,,,,,
SRA1,,,,,,,,,,,,
SLC35A4,0.06906357060345021,0.3230320450509575,0.19604780782720385,,,,,,,,,
NDUFA2,0.18121892753339244,0.5817650907976075,0.38149200916549997,,,,,,,,,
TMCO6,,,,-0.9894348986689676,-0.2919579310896633,-0.6406964148793155,,,,,,
IK,0.11178910417633281,0.385332296441973,0.2485607003091529,,,,,,,,,
WDR55,,,,,,,,,,,,
HARS1,0.13979210440006243,0.39608983018399296,0.2679409672920277,,,,,,,,,
HARS2,,,,,,,,,,,,
ZMAT2,0.2066937661884043,0.48150186442874937,0.34409781530857686,,,,,,,,,
TAF7,0.14742275802307872,0.33965790814357927,0.243540333083329,,,,0.16792684464319418,0.4870354644133318,0.327481154528263,,,
DIAPH1,0.1315270046393398,0.38835809944427896,0.2599425520418094,,,,,,,,,
HDAC3,,,,,,,,,,,,
DELE1,,,,,,,,,,,,
RNF14,0.10729878984047538,0.35098369753800807,0.2291412436892417,,,,,,,,,
GNPDA1,0.17995875928359426,0.507140024845637,0.34354939206461566,,,,,,,,,
NDFIP1,0.24318113323033172,0.5325826936905257,0.3878819134604287,,,,,,,,,
ARHGAP26,-0.2285921384760077,-0.06892110455198956,-0.14875662151399863,-0.9634939486491727,-0.2999132096396699,-0.6317035791444213,-0.4906116786506696,-0.08218358366830236,-0.286397631159486,,,
NR3C1,,,,-0.9851221085797325,-0.31962492492027533,-0.6523735167500039,,,,,,
YIPF5,0.10716657483501625,0.40409972947454303,0.25563315215477966,,,,,,,,,
KCTD16,-0.2366053395727196,-0.03776362809388012,-0.13718448383329984,-0.9889425118179002,-0.4809583344885759,-0.734950423153238,,,,,,
PRELID2,,,,,,,,,,,,
LARS1,,,,,,,,,,,,
RBM27,0.18037134577905314,0.4506362973507236,0.3155038215648884,,,,,,,,,
TCERG1,0.08847252834752696,0.34185703111094146,0.2151647797292342,,,,,,,,,
DPYSL3,,,,,,,,,,,,
JAKMIP2,,,,,,,,,,,,
SPINK5,,,,,,,,,,,,
FBXO38,,,,,,,,,,,,
GRPEL2,,,,,,,,,,,,
CSNK1A1,,,,,,,,,,,,
ARHGEF37,,,,,,,,,,,,
PPARGC1B,,,,,,,,,,,,
SLC26A2,,,,,,,,,,,,
HMGXB3,0.09918742479881669,0.3716012711879023,0.2353943479933595,,,,,,,,,
TCOF1,0.18228803495125173,0.43655687379405855,0.30942245437265514,,,,0.2472890473411399,0.5981946133217567,0.4227418303314483,,,
RPS14,0.36467577887529545,0.5740637193489083,0.4693697491121019,,,,,,,,,
NDST1,,,,-0.9904383154080529,-0.37738193553490623,-0.6839101254714796,,,,,,
RBM22,0.22118580703150953,0.5332391904512732,0.3772124987413914,,,,,,,,,
DCTN4,,,,,,,,,,,,
SMIM3,,,,,,,,,,,,
GPX3,,,,,,,,,,,,
TNIP1,0.11536779672128848,0.3586183353394394,0.23699306603036394,,,,,,,,,
ANXA6,,,,,,,,,,,,
GM2A,,,,,,,,,,,,
SLC36A1,,,,,,,,,,,,
SPARC,,,,,,,,,,,,
ATOX1,,,,,,,,,,,,
G3BP1,,,,,,,,,,,,
FAM114A2,,,,,,,,,,,,
MFAP3,,,,,,,,,,,,
GALNT10,,,,,,,,,,,,
SAP30L,0.08493007032336893,0.34545356047815473,0.21519181540076182,,,,,,,,,
HAND1,,,,,,,,,,,,
LARP1,0.1360148595211753,0.4435070958118224,0.2897609776664989,,,,,,,,,
FAXDC2,,,,,,,,,,,,
CNOT8,,,,,,,,,,,,
GEMIN5,,,,,,,,,,,,
MRPL22,0.37236849756061124,0.5927893952459368,0.48257894640327403,,,,0.12353229434474813,0.52495410410109,0.32424319922291905,,,
MED7,0.09621958866308403,0.33585874304233754,0.21603916585271077,,,,,,,,,
CYFIP2,,,,,,,,,,,,
THG1L,0.08375641407038491,0.31316444404492294,0.19846042905765393,,,,,,,,,
LSM11,,,,,,,,,,,,
CLINT1,0.17018786478173456,0.40464547155959785,0.2874166681706662,,,,,,,,,
EBF1,,,,,,,,,,,,
RNF145,0.11856664840383647,0.41232529557743586,0.2654459719906362,,,,,,,,,
UBLCP1,0.2801876569883893,0.5502272880244987,0.415207472506444,,,,0.19040326452204456,0.6688632880411205,0.42963327628158254,0.1385398994676948,0.49981029372194546,0.31917509659482013
TTC1,0.21060312014497923,0.5279370981255715,0.36927010913527536,,,,,,,,,
PWWP2A,,,,,,,,,,,,
SLU7,0.07788594889924598,0.3405248662580832,0.2092054075786646,,,,,,,,,
PTTG1,0.3468387065306505,0.545862946703964,0.44635082661730724,,,,0.1338164247175658,0.4479349599896291,0.29087569235359745,0.14948915389563056,0.467527740184924,0.30850844704027724
CCNG1,0.1577420373004839,0.44937655649172525,0.30355929689610456,,,,0.09391364015114648,0.4977595875743887,0.2958366138627676,,,
NUDCD2,0.20086564334152038,0.5172646027876653,0.3590651230645928,,,,,,,,,
HMMR,0.2996018414263473,0.4930141446545445,0.39630799304044595,,,,0.17540379195501915,0.4907309824291485,0.33306738719208384,,,
MAT2B,0.2149174631470935,0.4328012336039059,0.3238593483754997,,,,,,,,,
TENM2,-0.2768301250607715,-0.17532505852639074,-0.2260775917935811,-0.9889294339262601,-0.6098274156547369,-0.7993784247904985,-0.28467536044950215,-0.1149516383534666,-0.19981349940148438,-0.30309699370510906,-0.16352127689992033,-0.23330913530251468
WWC1,,,,,,,,,,,,
RARS1,,,,,,,,,,,,
PANK3,,,,,,,,,,,,
SLIT3,-0.2527463057659038,-0.04743123228659336,-0.15008876902624857,,,,,,,,,
SPDL1,0.20943629184274656,0.42649490635221293,0.31796559909747973,,,,,,,,,
RANBP17,-0.3260434275431967,-0.08417861780560493,-0.20511102267440082,,,,,,,,,
NPM1,0.318098492197985,0.45086445003390563,0.38448147111594533,,,,0.15012390292462155,0.3688729371476912,0.25949842003615636,,,
FBXW11,,,,,,,,,,,,
STK10,,,,,,,,,,,,
UBTD2,,,,,,,,,,,,
SH3PXD2B,,,,,,,,,,,,
DUSP1,,,,,,,,,,,,
ERGIC1,,,,,,,,,,,,
RPL26L1,0.23028897790063463,0.4783040161897562,0.3542964970451954,,,,,,,,,
ATP6V0E1,0.24289814383473432,0.6179830985253261,0.4304406211800302,,,,,,,,,
CREBRF,-0.21847136935139996,-0.06330195588358016,-0.14088666261749005,-0.98489600102856,-0.4751989280380421,-0.730047464533301,-0.3077680623276048,-0.03824131629874153,-0.17300468931317314,,,
BNIP1,,,,,,,,,,,,
NKX2-5,,,,,,,,,,,,
STC2,,,,,,,,,,,,
BOD1,0.20492734783279543,0.43330352469730044,0.3191154362650479,,,,,,,,,
CPEB4,,,,,,,,,,,,
MSX2,0.0797106939348741,0.2657797659783456,0.17274522995660985,,,,,,,,,
SFXN1,,,,,,,,,,,,
THOC3,0.1151444230087057,0.3736408327848272,0.24439262789676644,,,,,,,,,
SIMC1,,,,,,,,,,,,
KIAA1191,0.09535962387022576,0.34665682526039787,0.22100822456531183,,,,0.1041551295271579,0.5335212601760351,0.3188381948515965,,,
ARL10,,,,,,,,,,,,
NOP16,0.25472938695432756,0.5070149262171996,0.38087215658576357,,,,0.2602439228302443,0.5681469965444317,0.41419545968733795,0.15182054525477645,0.48048427286429335,0.3161524090595349
HIGD2A,0.3006153625590369,0.5720885293335664,0.43635194594630167,,,,,,,,,
CLTB,0.20852487895639227,0.5354538880146388,0.3719893834855155,,,,,,,,,
FAF2,0.12208188853992727,0.3589895992315738,0.24053574388575055,,,,,,,,,
RNF44,0.06945807268721522,0.30745385100448885,0.18845596184585203,,,,,,,,,
CDHR2,-0.3439985374302218,-0.12927869998557504,-0.23663861870789843,-0.9886917385347131,-0.543359703046186,-0.7660257207904495,-0.26317311207415356,-0.08947298197835087,-0.1763230470262522,-0.40170441264669265,-0.11379928807994973,-0.2577518503633212
GPRIN1,,,,-0.9764477086218104,-0.2912147740613506,-0.6338312413415805,,,,,,
TSPAN17,,,,,,,,,,,,
UIMC1,,,,,,,,,,,,
ZNF346,,,,-0.9869598920116031,-0.2030044397961255,-0.5949821659038643,,,,,,
NSD1,,,,,,,,,,,,
RAB24,,,,,,,,,,,,
MXD3,,,,,,,,,,,,
PRELID1,0.19804984868841094,0.5577826490798539,0.3779162488841324,,,,,,,,,
LMAN2,0.2009000430973671,0.5206311853474663,0.3607656142224167,,,,,,,,,
RGS14,0.0647113334840951,0.30635315688562254,0.1855322451848588,,,,,,,,,
F12,0.08425302890633125,0.2898941086558516,0.1870735687810914,,,,,,,,,
GRK6,0.21006976994064627,0.5196133975815488,0.36484158376109754,,,,,,,,,
PRR7,,,,,,,,,,,,
DBN1,0.18827745840400403,0.3817330445124297,0.28500525145821687,,,,0.17569482329601502,0.502811124624313,0.339252973960164,,,
PDLIM7,0.09872782606230526,0.3743897540112333,0.23655879003676927,,,,,,,,,
DOK3,,,,,,,,,,,,
DDX41,,,,,,,,,,,,
FAM193B,,,,,,,,,,,,
TMED9,0.2614933760001566,0.5010176326032345,0.3812555043016955,,,,,,,0.1054097968739242,0.4513677293476998,0.278388763110812
B4GALT7,0.13923331735928457,0.439305824242959,0.2892695708011218,,,,,,,,,
RMND5B,,,,,,,,,,,,
NHP2,0.2576312823783114,0.5294058844347601,0.3935185834065358,,,,,,,,,
HNRNPAB,0.32314603512815787,0.5097370191533387,0.4164415271407483,,,,0.1427523682160864,0.446736601590495,0.2947444849032907,,,
PHYKPL,,,,,,,,,,,,
COL23A1,-0.21271134953475399,-0.050153602583209986,-0.13143247605898198,,,,,,,,,
CLK4,,,,,,,,,,,,
ZNF354A,,,,,,,,,,,,
ZNF354B,,,,-0.984403359060546,-0.43786419087120415,-0.711133774965875,,,,,,
ADAMTS2,,,,,,,,,,,,
RUFY1,,,,,,,,,,,,
HNRNPH1,-0.8389463557848481,-0.257165296038352,-0.5480558259116001,,,,-0.6776334888469208,-0.16734044628782105,-0.4224869675673709,,,
CANX,0.11596452215330208,0.29241187638309807,0.2041881992682001,,,,,,,,,
MAML1,,,,,,,,,,,,
MGAT4B,0.08066128052877732,0.35741513393328594,0.21903820723103162,,,,,,,,,
SQSTM1,,,,,,,,,,,,
MRNIP,,,,,,,,,,,,
TBC1D9B,0.09026619120503745,0.3703683641968989,0.23031727770096816,,,,,,,,,
RNF130,,,,,,,,,,,,
RASGEF1C,,,,-0.9826083994321069,-0.306505175049701,-0.6445567872409039,,,,,,
MAPK9,,,,,,,,,,,,
GFPT2,,,,,,,,,,,,
CNOT6,,,,,,,,,,,,
FLT4,,,,,,,,,,,,
MGAT1,,,,,,,,,,,,
ZFP62,,,,,,,,,,,,
BTNL9,,,,,,,,,,,,
TRIM41,,,,-0.979662159668429,-0.3172074826195757,-0.6484348211440023,,,,,,
RACK1,0.3921075650866814,0.5444657074503123,0.46828663626849687,,,,0.11948497319506793,0.4291168215931481,0.274300897394108,0.2173246710724533,0.5067191915611843,0.3620219313168188
TRIM52,,,,,,,,,,,,
DUSP22,,,,,,,,,,,,
EXOC2,,,,,,,,,,,,
FOXF2,,,,,,,,,,,,
FOXC1,,,,,,,,,,,,
GMDS,,,,,,,,,,,,
WRNIP1,0.10554440248550925,0.36225170835475734,0.2338980554201333,,,,,,,,,
SERPINB1,,,,,,,,,,,,
SERPINB6,,,,,,,,,,,,
NQO2,0.08656556841462726,0.36773258332807246,0.22714907587134986,,,,,,,,,
RIPK1,,,,-0.9322081569104113,-0.25907250031810625,-0.5956403286142588,,,,,,
BPHL,,,,,,,,,,,,
TUBB2A,0.08959383828580932,0.3399085306344204,0.21475118446011485,,,,,,,,,
TUBB2B,,,,,,,,,,,,
PSMG4,,,,,,,,,,,,
SLC22A23,,,,,,,,,,,,
FAM50B,0.10406627784049889,0.3350113920056601,0.2195388349230795,,,,,,,,,
PRPF4B,,,,,,,,,,,,
ECI2,0.1378124750461992,0.4241205064747798,0.2809664907604895,,,,,,,,,
CDYL,-0.22214393200052696,0.02476007709787164,-0.09869192745132765,-0.9833997443590051,-0.4378716678865864,-0.7106357061227957,,,,,,
RPP40,,,,,,,,,,,,
LYRM4,,,,,,,,,,,,
FARS2,,,,,,,,,,,,
NRN1,0.1316411998054375,0.3180008260395715,0.2248210129225045,,,,,,,,,
RREB1,,,,,,,,,,,,
SSR1,,,,,,,,,,,,
RIOK1,0.16545325006251752,0.42339644148952693,0.29442484577602224,,,,,,,,,
DSP,0.11878041528334034,0.2842535198736974,0.20151696757851886,,,,,,,,,
SNRNP48,0.13164043558928087,0.3672464761015575,0.24944345584541916,,,,,,,,,
BMP6,-0.25915353171953254,-0.044517500862600666,-0.1518355162910666,-0.9923625783017695,-0.5436984380488381,-0.7680305081753038,,,,,,
TXNDC5,,,,,,,,,,,,
BLOC1S5,,,,,,,,,,,,
EEF1E1,0.18387139719741935,0.5201142251625717,0.3519928111799955,,,,,,,,,
SLC35B3,0.06861620152236855,0.3090364563152716,0.18882632891882006,,,,,,,,,
TFAP2A,,,,,,,,,,,,
PAK1IP1,0.1285071633376219,0.36625236175470877,0.24737976254616534,,,,,,,,,
TMEM14C,,,,,,,,,,,,
TMEM14B,,,,,,,,,,,,
MAK,-0.47765702845043423,-0.19509233230178064,-0.3363746803761074,-0.9869543848576525,-0.46573146830347256,-0.7263429265805625,,,,-0.5298904303926285,-0.15523747872029878,-0.34256395455646366
SYCP2L,,,,,,,,,,,,
ELOVL2,,,,,,,,,,,,
SMIM13,,,,,,,,,,,,
TMEM170B,,,,,,,,,,,,
HIVEP1,,,,,,,,,,,,
PHACTR1,-0.20380990353009154,-0.05806385679915233,-0.13093688016462193,-0.9929155676151316,-0.5905487578053903,-0.7917321627102609,-0.384493482190716,-0.1363831686291811,-0.26043832540994855,,,
TBC1D7,,,,,,,,,,,,
GFOD1,,,,,,,,,,,,
SIRT5,,,,,,,,,,,,
NOL7,0.18975127420235405,0.48798202785123573,0.3388666510267949,,,,,,,,,
RANBP9,-0.3279557319881862,-0.0940351887810343,-0.21099546038461026,-0.9864683005838975,-0.42230393016134676,-0.7043861153726221,,,,,,
MCUR1,,,,,,,,,,,,
JARID2,,,,-0.9736956014813476,-0.2662081606843633,-0.6199518810828555,,,,,,
DTNBP1,,,,,,,,,,,,
MYLIP,,,,,,,,,,,,
ATXN1,,,,,,,,,,,,
CAP2,,,,,,,,,,,,
FAM8A1,0.07468043118245263,0.28555593343178576,0.18011818230711918,,,,,,,,,
NUP153,,,,-0.9899730698484672,-0.31821350247387253,-0.6540932861611699,,,,,,
KIF13A,-0.16853002605199055,-0.026935010330416956,-0.09773251819120375,-0.9832512307557204,-0.4052848073790607,-0.6942680190673906,,,,,,
TPMT,,,,,,,,,,,,
KDM1B,,,,,,,,,,,,
DEK,,,,,,,,,,,,
ID4,,,,,,,,,,,,
MBOAT1,,,,,,,,,,,,
E2F3,,,,,,,,,,,,
CDKAL1,-0.5479149961075976,-0.19213170962701864,-0.37002335286730814,-0.9892244183703025,-0.4882366710701162,-0.7387305447202094,-0.5377896826109115,-0.09980122684585506,-0.3187954547283833,,,
SOX4,,,,,,,,,,,,
MRS2,,,,,,,,,,,,
ALDH5A1,,,,,,,,,,,,
TDP2,,,,,,,,,,,,
ACOT13,0.181118063012491,0.47045755093246,0.3257878069724755,,,,,,,,,
C6orf62,,,,,,,,,,,,
GMNN,,,,,,,,,,,,
RIPOR2,-0.30122754765544363,-0.1269113049050583,-0.21406942628025097,-0.7479281323934681,-0.7479281323934681,-0.7479281323934681,-0.26336761017700194,-0.07126107727960711,-0.16731434372830453,,,
CARMIL1,-0.41118137985009556,-0.08920226392596567,-0.25019182188803063,,,,,,,,,
BTN3A2,,,,-0.989594249678386,-0.4363423018023999,-0.712968275740393,,,,,,
BTN2A1,,,,,,,,,,,,
HMGN4,0.09618099792658134,0.3054810577271871,0.20083102782688422,,,,,,,,,
ABT1,0.22673290634355475,0.46015359072967726,0.343443248536616,,,,,,,,,
ZNF322,0.10429829908813976,0.31563009351809274,0.20996419630311625,,,,,,,,,
ZNF391,,,,,,,,,,,,
ZKSCAN8,,,,,,,,,,,,
ZSCAN26,,,,,,,,,,,,
PGBD1,,,,,,,,,,,,
ZSCAN12,,,,,,,,,,,,
TRIM27,,,,,,,,,,,,
GABBR1,,,,,,,,,,,,
HLA-A,,,,,,,,,,,,
POLR1H,0.2244139345674893,0.4742396997520202,0.3493268171597547,,,,,,,,,
PPP1R11,0.09982417380517385,0.383925030949194,0.24187460237718392,,,,,,,,,
TRIM26,,,,,,,,,,,,
RPP21,0.1610661538030367,0.444470878820355,0.3027685163116959,,,,,,,,,
HLA-E,,,,,,,,,,,,
GNL1,,,,,,,,,,,,
PRR3,,,,,,,,,,,,
ABCF1,0.11138293739311053,0.4381310644713299,0.2747570009322202,,,,,,,,,
PPP1R10,0.12691573551033675,0.3465252498549621,0.2367204926826494,,,,,,,,,
MRPS18B,0.20099268766867803,0.4963734959598478,0.34868309181426294,,,,,,,,,
ATAT1,,,,,,,,,,,,
C6orf136,,,,,,,,,,,,
DHX16,0.21409083792229797,0.421151039845157,0.3176209388837275,,,,,,,,,
NRM,,,,,,,,,,,,
MDC1,0.0653476832508033,0.3119321242136368,0.18863990373222006,,,,,,,,,
TUBB,0.3767046702265511,0.5732554557783995,0.4749800630024753,,,,,,,,,
FLOT1,,,,,,,,,,,,
GTF2H4,0.0966353313416829,0.37036592144744584,0.23350062639456437,,,,,,,,,
VARS2,,,,,,,,,,,,
CCHCR1,,,,,,,,,,,,
TCF19,,,,,,,,,,,,
HLA-C,0.10671218821290807,0.3532125489912971,0.2299623686021026,,,,,,,,,
HLA-B,,,,,,,,,,,,
MICA,,,,,,,,,,,,
DDX39B,0.3246834704347613,0.5819581297292938,0.4533208000820276,,,,,,,0.20704122010845566,0.5920005763721335,0.3995208982402946
NFKBIL1,,,,,,,,,,,,
PRRC2A,0.17192195213032938,0.4417111737225994,0.30681656292646436,,,,,,,,,
BAG6,,,,,,,,,,,,
C6orf47,,,,,,,,,,,,
GPANK1,,,,,,,,,,,,
CSNK2B,0.25081219552765815,0.5283651191194325,0.3895886573235453,,,,,,,,,
ABHD16A,,,,,,,,,,,,
DDAH2,,,,,,,,,,,,
CLIC1,0.2752046815752427,0.5520790324205112,0.4136418569978769,,,,,,,0.18305413683975266,0.5742903394914383,0.3786722381655955
MSH5,,,,-0.9750382882476388,-0.14942832421412042,-0.5622333062308796,,,,,,
VARS1,0.1042412883546477,0.3877328863798867,0.24598708736726718,,,,,,,,,
LSM2,,,,,,,,,,,,
HSPA1B,0.17740659543398984,0.36775767110429364,0.2725821332691417,,,,,,,,,
NEU1,0.13634728889596823,0.3639465598352515,0.25014692436560987,,,,,,,,,
EHMT2,0.14457369564405775,0.392505912738687,0.26853980419137236,,,,,,,,,
C2,,,,,,,,,,,,
NELFE,,,,,,,,,,,,
SKIC2,,,,,,,,,,,,
DXO,,,,,,,,,,,,
STK19,,,,,,,,,,,,
ATF6B,,,,,,,,,,,,
FKBPL,,,,,,,,,,,,
PPT2,,,,,,,,,,,,
AGPAT1,0.0952520642852877,0.38222111457612234,0.23873658943070503,,,,,,,,,
RNF5,0.23010513785256062,0.48767216713137423,0.35888865249196744,,,,,,,,,
PBX2,0.07103123328540857,0.33624878883873155,0.20364001106207005,,,,,,,,,
HLA-DRB1,,,,,,,,,,,,
TAP2,0.08937804262591388,0.3229117829868395,0.20614491280637667,-0.9902212148043836,-0.3057766345738059,-0.6479989246890947,,,,,,
BRD2,0.09920420568696285,0.39206579726034546,0.24563500147365416,,,,,,,,,
RXRB,,,,,,,,,,,,
SLC39A7,0.14371945757174642,0.38104466541038967,0.262382061491068,,,,,,,,,
HSD17B8,,,,,,,,,,,,
RING1,,,,,,,,,,,,
VPS52,,,,,,,,,,,,
RPS18,,,,,,,,,,,,
WDR46,0.16068204198196048,0.4141001089403316,0.28739107546114606,,,,,,,,,
PFDN6,0.2804396548353447,0.5311227185885542,0.40578118671194946,,,,,,,0.15389739425088214,0.5568738378368059,0.355385616043844
TAPBP,,,,,,,,,,,,
DAXX,0.11120243206629733,0.4366545484737312,0.27392849027001426,,,,,,,,,
KIFC1,0.05614435080496536,0.2514583845754066,0.15380136769018599,,,,,,,,,
CUTA,0.15937817619149863,0.42016763921813316,0.2897729077048159,,,,,,,,,
BAK1,0.12226375638880897,0.3710382464428442,0.2466510014158266,,,,,,,,,
ITPR3,,,,-0.9883663580084214,-0.5000103008951867,-0.7441883294518041,,,,,,
UQCC2,,,,,,,,,,,,
LEMD2,0.11595730911840511,0.37125911305138104,0.24360821108489308,,,,,,,,,
HMGA1,0.08740526286127524,0.3577141982756459,0.22255973056846057,,,,,,,,,
SMIM29,,,,,,,,,,,,
NUDT3,,,,,,,,,,,,
RPS10,0.4180718075099728,0.6416063380475323,0.5298390727787525,,,,,,,,,
ILRUN,,,,,,,,,,,,
SNRPC,0.2593766689322901,0.529804972143341,0.3945908205378156,,,,,,,,,
BLTP3A,,,,,,,,,,,,
TAF11,,,,,,,,,,,,
ANKS1A,,,,-0.9841322071671879,-0.3479971900479915,-0.6660646986075897,,,,,,
ZNF76,,,,,,,,,,,,
PPARD,,,,,,,,,,,,
FANCE,,,,,,,,,,,,
RPL10A,0.34655763777731075,0.6095219479476206,0.4780397928624657,,,,,,,,,
TEAD3,,,,,,,,,,,,
FKBP5,,,,,,,,,,,,
LHFPL5,-0.3720630665942502,-0.12975880160575584,-0.25091093410000304,,,,-0.48681377285311883,-0.11031405776434745,-0.29856391530873316,,,
SRPK1,0.12624097995964303,0.3909838388644032,0.2586124094120231,,,,,,,,,
MAPK14,,,,,,,,,,,,
BRPF3,0.06361850697989307,0.31810401860595855,0.1908612627929258,,,,,,,,,
KCTD20,0.12680064127826376,0.4724531123928633,0.29962687683556355,,,,,,,,,
STK38,,,,,,,,,,,,
SRSF3,0.24927161885837368,0.44293562820328836,0.346103623530831,,,,,,,,,
CDKN1A,,,,,,,,,,,,
PPIL1,0.08693924017436214,0.3343614274089543,0.2106503337916582,,,,,,,,,
C6orf89,,,,,,,,,,,,
MTCH1,0.2711980029399111,0.5499196949368454,0.41055884893837824,,,,,,,0.1477938886893109,0.5602689408145223,0.3540314147519166
TBC1D22B,,,,-0.9895322302930998,-0.4082854771685293,-0.6989088537308146,,,,,,
RNF8,0.17998079451150772,0.48890642730582157,0.33444361090866465,,,,,,,,,
CMTR1,,,,,,,,,,,,
CCDC167,,,,,,,,,,,,
ZFAND3,,,,,,,,,,,,
BTBD9,,,,,,,,,,,,
GLO1,0.22747224155672427,0.5241896221467788,0.37583093185175154,,,,,,,,,
SAYSD1,0.11575815928513614,0.3586098565066345,0.23718400789588534,,,,,,,,,
DAAM2,,,,-0.9963273412410172,-0.6052763191247339,-0.8008018301828755,,,,,,
OARD1,,,,,,,,,,,,
NFYA,,,,-0.991263689537428,-0.3077934319623966,-0.6495285607499124,,,,,,
FOXP4,,,,,,,,,,,,
TOMM6,0.20643971959606602,0.4943101017294357,0.35037491066275084,,,,,,,,,
USP49,,,,,,,,,,,,
MED20,,,,,,,,,,,,
BYSL,0.1397451181798275,0.38439397085718474,0.2620695445185061,,,,,,,,,
CCND3,,,,,,,,,,,,
TAF8,,,,,,,,,,,,
MRPS10,0.19441064295745644,0.48866808934770983,0.3415393661525831,,,,,,,,,
TRERF1,,,,-0.9914894993748071,-0.32768510044141946,-0.6595872999081133,,,,,,
UBR2,,,,,,,,,,,,
TBCC,0.09494483750820164,0.3168943023703966,0.20591956993929914,,,,,,,,,
BICRAL,,,,-0.9887352694717049,-0.5085828763897637,-0.7486590729307343,,,,,,
RPL7L1,0.2714927792476301,0.5471834367755836,0.40933810801160686,,,,,,,,,
CNPY3,,,,,,,,,,,,
PEX6,,,,,,,,,,,,
PPP2R5D,,,,,,,,,,,,
MEA1,,,,,,,,,,,,
KLHDC3,,,,,,,,,,,,
RRP36,0.17022397540532264,0.485957496759346,0.3280907360823343,,,,,,,,,
KLC4,,,,,,,,,,,,
MRPL2,0.18201778746482478,0.4764687172949456,0.32924325237988517,,,,,,,,,
PTK7,,,,,,,,,,,,
SRF,0.12209515550269234,0.3867520208574367,0.2544235881800645,,,,,,,,,
DNPH1,0.2699707103640933,0.5689830079223189,0.4194768591432061,,,,,,,,,
ZNF318,0.08959318754192118,0.34804669842827046,0.21881994298509583,,,,,,,,,
ABCC10,,,,,,,,,,,,
TJAP1,,,,,,,,,,,,
POLR1C,,,,,,,,,,,,
YIPF3,0.04834601401670813,0.3166217489161866,0.18248388146644737,,,,,,,,,
XPO5,,,,,,,,,,,,
POLH,,,,,,,,,,,,
GTPBP2,,,,,,,,,,,,
MAD2L1BP,0.10314318644150547,0.3545348012272486,0.22883899383437706,,,,,,,,,
MRPS18A,0.26339394230965785,0.5228052673782762,0.393099604843967,,,,,,,,,
VEGFA,,,,,,,,,,,,
MRPL14,0.3280007013556909,0.6003637270484905,0.4641822142020907,,,,,,,,,
TMEM63B,,,,,,,,,,,,
SLC29A1,,,,,,,,,,,,
HSP90AB1,0.3152789131205338,0.4830970241686154,0.3991879686445746,,,,0.12191819080631874,0.4617583508528923,0.2918382708296055,,,
SLC35B2,0.0955051709870248,0.3629494653364898,0.2292273181617573,,,,,,,,,
AARS2,,,,,,,,,,,,
CDC5L,0.16392731679670927,0.45107393730315637,0.3075006270499328,,,,,,,,,
SUPT3H,,,,,,,-0.35023881344398466,0.0040126287948236625,-0.1731130923245805,,,
RUNX2,-0.41354497080977537,-0.16441777910821911,-0.28898137495899723,-0.9911554673457659,-0.36358270225957245,-0.6773690848026692,,,,-0.48878651406532325,-0.1280211781177583,-0.30840384609154076
CYP39A1,,,,,,,,,,,,
SLC25A27,,,,,,,,,,,,
TNFRSF21,,,,,,,,,,,,
CD2AP,,,,,,,,,,,,
MMUT,,,,,,,,,,,,
CENPQ,,,,,,,,,,,,
MCM3,,,,,,,,,,,,
PAQR8,-0.3143980510380142,-0.1790478359820713,-0.24672294351004276,-0.9916103604638645,-0.5416662001662795,-0.766638280315072,-0.2938662560863431,-0.1381441876437733,-0.2160052218650582,-0.3535739888125057,-0.17524594105973165,-0.2644099649361187
EFHC1,,,,,,,,,,,,
TRAM2,,,,,,,,,,,,
TMEM14A,,,,,,,,,,,,
GSTA4,,,,,,,,,,,,
CILK1,0.1686320743845175,0.41545947677779427,0.29204577558115585,,,,,,,,,
FBXO9,,,,,,,,,,,,
ELOVL5,,,,,,,,,,,,
GCLC,,,,-0.9890068194795515,-0.27450287691728087,-0.6317548481984162,,,,,,
LRRC1,,,,,,,,,,,,
DST,,,,-0.9924073347625243,-0.46864000395912087,-0.7305236693608226,,,,,,
KIAA1586,0.09162470178187382,0.3841777432346902,0.23790122250828202,,,,,,,,,
ZNF451,,,,,,,,,,,,
BAG2,0.06859887624582013,0.30640518503626213,0.18750203064104112,,,,,,,,,
RAB23,,,,,,,,,,,,
PRIM2,-0.350776680531054,-0.11195151541303813,-0.23136409797204605,,,,,,,,,
PHF3,0.12877697081398412,0.37880769601965275,0.25379233341681845,,,,,,,,,
EYS,-0.25577332647903644,-0.13055963304194804,-0.19316647976049223,-0.9733405851034814,-0.40206266438525323,-0.6877016247443674,-0.3067287713793004,-0.06989616979579223,-0.1883124705875463,-0.3794058936309071,-0.14790241120831574,-0.26365415241961143
ADGRB3,-0.32679923530638005,-0.10593579136172804,-0.21636751333405405,-0.9902993938172499,-0.47778984805675695,-0.7340446209370034,,,,,,
LMBRD1,,,,,,,,,,,,
COL19A1,,,,-0.9907359816636969,-0.5506523035397689,-0.7706941426017329,,,,,,
FAM135A,,,,,,,,,,,,
SDHAF4,,,,,,,,,,,,
SMAP1,0.07700005676126383,0.5471598091060315,0.31207993293364766,,,,,,,,,
B3GAT2,,,,,,,,,,,,
OGFRL1,,,,,,,,,,,,
KCNQ5,,,,-0.9770614431300483,-0.3606820497462517,-0.66887174643815,,,,,,
KHDC1,-0.348187179280439,-0.1346419384454526,-0.24141455886294583,-0.9896307758915234,-0.45766078495092943,-0.7236457804212264,,,,,,
OOEP,,,,,,,,,,,,
MTO1,,,,,,,,,,,,
EEF1A1,0.3527024168057336,0.567478091237965,0.46009025402184933,,,,0.20883008899950348,0.539137102368919,0.37398359568421125,0.2865247705536134,0.7798753044876028,0.5332000375206081
SLC17A5,,,,,,,,,,,,
COX7A2,0.3360772059730258,0.6079418048704736,0.4720095054217497,,,,,,,,,
TMEM30A,,,,,,,,,,,,
SENP6,,,,,,,,,,,,
MYO6,,,,,,,,,,,,
IRAK1BP1,,,,,,,,,,,,
PHIP,,,,,,,,,,,,
HMGN3,,,,,,,,,,,,
LCA5,,,,,,,,,,,,
SH3BGRL2,,,,,,,,,,,,
ELOVL4,0.09065212850447983,0.29937764084808627,0.19501488467628306,,,,,,,,,
TTK,0.12944861117037132,0.339513698220503,0.23448115469543715,,,,,,,,,
BCKDHB,,,,,,,,,,,,
TENT5A,,,,,,,,,,,,
IBTK,,,,,,,,,,,,
TPBG,-0.1371916736785703,-0.021177718031102622,-0.07918469585483646,-0.9466817575971739,-0.26907760133107617,-0.607879679464125,,,,,,
UBE3D,,,,,,,-0.4288564510303843,-0.10208969936226936,-0.2654730751963268,,,
DOP1A,,,,,,,,,,,,
PGM3,,,,,,,,,,,,
ME1,,,,,,,,,,,,
CYB5R4,,,,,,,,,,,,
CEP162,,,,,,,,,,,,
TBX18,,,,,,,,,,,,
SNX14,,,,,,,,,,,,
SYNCRIP,0.1462006506014041,0.34887076655588056,0.24753570857864232,,,,,,,,,
ZNF292,,,,,,,,,,,,
SMIM8,,,,,,,,,,,,
SLC35A1,,,,,,,,,,,,
RARS2,,,,,,,,,,,,
ORC3,,,,,,,,,,,,
AKIRIN2,0.1399548059229654,0.425206579744798,0.28258069283388165,,,,,,,,,
RNGTT,,,,,,,,,,,,
PNRC1,0.16134403070791162,0.4409066344936213,0.30112533260076646,,,,,,,,,
SRSF12,,,,,,,,,,,,
PM20D2,0.12227614309545587,0.3733790867941613,0.2478276149448086,,,,,,,,,
UBE2J1,0.08016528008611375,0.3243902776650543,0.202277778875584,,,,,,,,,
RRAGD,,,,,,,,,,,,
ANKRD6,,,,,,,,,,,,
LYRM2,,,,,,,,,,,,
MDN1,,,,,,,,,,,,
CASP8AP2,,,,,,,,,,,,
BACH2,,,,-0.9876122140839967,-0.3260499078605325,-0.6568310609722646,,,,,,
MAP3K7,,,,,,,,,,,,
EPHA7,,,,,,,,,,,,
MANEA,,,,,,,,,,,,
UFL1,0.13611779648216807,0.4094741265978881,0.2727959615400281,,,,0.11143273230400869,0.5513909436962331,0.33141183800012086,,,
GPR63,,,,,,,,,,,,
NDUFAF4,0.16895403388735353,0.4506917404509625,0.309822887169158,,,,,,,,,
MMS22L,,,,,,,,,,,,
POU3F2,,,,,,,,,,,,
FBXL4,,,,,,,,,,,,
FAXC,,,,,,,,,,,,
COQ3,0.22262401935496767,0.41587484360245575,0.3192494314787117,,,,,,,,,
PNISR,0.17346338544540232,0.4552750834925724,0.31436923446898735,,,,,,,,,
USP45,,,,,,,,,,,,
TSTD3,,,,,,,,,,,,
CCNC,0.15866578828040664,0.5171046718858638,0.33788523008313526,,,,,,,,,
ASCC3,,,,,,,,,,,,
HACE1,,,,,,,,,,,,
LIN28B,,,,,,,,,,,,
POPDC3,,,,,,,,,,,,
PREP,,,,,,,,,,,,
ATG5,,,,,,,,,,,,
RTN4IP1,0.09564992207047171,0.31065904940559086,0.2031544857380313,,,,,,,,,
QRSL1,,,,,,,,,,,,
MTRES1,,,,,,,,,,,,
BEND3,,,,,,,,,,,,
PDSS2,,,,,,,,,,,,
SOBP,,,,,,,,,,,,
SEC63,0.1167953818185556,0.3368838663047635,0.22683962406165956,,,,,,,,,
OSTM1,,,,,,,,,,,,
SNX3,0.15227302728014838,0.45435360078264836,0.3033133140313984,,,,,,,,,
AFG1L,,,,,,,,,,,,
FOXO3,,,,,,,,,,,,
ARMC2,,,,,,,,,,,,
SESN1,,,,,,,,,,,,
CEP57L1,,,,,,,,,,,,
CD164,0.06934127980098012,0.36335553644940355,0.21634840812519185,,,,,,,,,
PPIL6,,,,,,,,,,,,
ZBTB24,0.08512975397415254,0.29847126569526605,0.1918005098347093,,,,,,,,,
FIG4,,,,,,,,,,,,
WASF1,,,,,,,,,,,,
CDC40,0.20400658283323825,0.45536332405688934,0.32968495344506377,,,,,,,,,
SLC22A16,-0.27490081079987344,-0.17441297031370043,-0.22465689055678695,-0.9932883828615007,-0.6532945412849396,-0.8232914620732201,-0.2501515769817986,-0.09928693774318997,-0.17471925736249427,-0.4201062511550075,-0.21650001928741122,-0.31830313522120934
CDK19,,,,,,,,,,,,
AMD1,0.11965332304311666,0.342082873339786,0.23086809819145132,,,,,,,,,
GTF3C6,0.15561211509025205,0.47716197984726433,0.3163870474687582,,,,,,,,,
RPF2,0.24839031477246545,0.5163546181183146,0.38237246644539,,,,,,,,,
SLC16A10,,,,,,,,,,,,
MFSD4B,-0.29757047643544643,-0.021926716853993534,-0.15974859664472,-0.9904910947682893,-0.3116587365744273,-0.6510749156713583,,,,,,
REV3L,,,,,,,,,,,,
TRAF3IP2,,,,,,,,,,,,
FYN,,,,,,,,,,,,
TUBE1,,,,,,,,,,,,
FAM229B,,,,,,,,,,,,
LAMA4,,,,,,,,,,,,
MARCKS,,,,,,,,,,,,
HDAC2,0.21485729312314006,0.5168143463920306,0.36583581975758533,,,,,,,,,
NT5DC1,,,,,,,,,,,,
TSPYL4,,,,,,,,,,,,
DSE,,,,,,,,,,,,
TSPYL1,,,,,,,,,,,,
RWDD1,,,,,,,,,,,,
ZUP1,,,,,,,,,,,,
KPNA5,,,,,,,,,,,,
DCBLD1,,,,,,,,,,,,
GOPC,0.19695481440706783,0.49121769447778557,0.3440862544424267,,,,,,,,,
NUS1,0.12791237450483933,0.38825782390452296,0.25808509920468115,,,,,,,,,
SLC35F1,,,,-0.9795137131821083,-0.28052818261212087,-0.6300209478971146,,,,,,
CEP85L,,,,,,,,,,,,
MCM9,,,,,,,,,,,,
ASF1A,0.10495786517694267,0.3259531425493277,0.2154555038631352,,,,,,,,,
FAM184A,,,,,,,,,,,,
MAN1A1,,,,,,,,,,,,
TBC1D32,,,,-0.9779716346304973,-0.2632526371231811,-0.6206121358768392,,,,,,
GJA1,,,,,,,,,,,,
HSF2,,,,,,,,,,,,
SERINC1,0.08106394472991985,0.3019424846343841,0.19150321468215198,,,,,,,,,
PKIB,,,,,,,,,,,,
NKAIN2,,,,,,,,,,,,
RNF217,,,,,,,,,,,,
TPD52L1,,,,,,,,,,,,
HDDC2,0.3133279870110451,0.5809174093200823,0.4471226981655637,,,,,,,,,
HEY2,0.10416077396115375,0.3363729934908539,0.22026688372600384,,,,,,,,,
NCOA7,,,,,,,,,,,,
HINT3,0.11972743799914673,0.32305563326475006,0.2213915356319484,,,,,,,,,
TRMT11,,,,,,,,,,,,
CENPW,0.2684168995336281,0.5374554695351783,0.40293618453440316,,,,0.13792066551772217,0.5643543391098262,0.3511375023137742,,,
RNF146,0.11001825368051411,0.32925755802687373,0.21963790585369392,,,,,,,,,
ECHDC1,0.22193191398338563,0.5735961000454614,0.3977640070144235,,,,,,,,,
PTPRK,,,,-0.9853678594225203,-0.31999066008698157,-0.6526792597547509,,,,,,
LAMA2,,,,,,,,,,,,
ARHGAP18,,,,-0.9897959433939086,-0.3603024626509688,-0.6750492030224388,,,,,,
L3MBTL3,,,,-0.9893120244567413,-0.43760617652051886,-0.71345910048863,,,,,,
EPB41L2,,,,,,,,,,,,
AKAP7,,,,-0.9897258745139355,-0.4926536296369156,-0.7411897520754256,,,,,,
MED23,,,,,,,,,,,,
ENPP1,,,,,,,,,,,,
MOXD1,,,,,,,,,,,,
STX7,,,,,,,,,,,,
SLC18B1,,,,,,,,,,,,
RPS12,0.3334897316611284,0.6637991445333742,0.4986444380972513,,,,,,,,,
EYA4,,,,-0.9813877543765068,-0.28528350051195767,-0.6333356274442322,,,,,,
TBPL1,0.11330781088090058,0.4777283908722211,0.29551810087656083,,,,,,,,,
HBS1L,,,,,,,,,,,,
AHI1,,,,,,,,,,,,
MTFR2,,,,,,,,,,,,
BCLAF1,0.15051628855499286,0.31622810416313446,0.23337219635906364,,,,0.14372420581318102,0.4881065454114763,0.31591537561232863,,,
MAP7,,,,,,,,,,,,
MAP3K5,,,,,,,,,,,,
PEX7,,,,,,,,,,,,
IFNGR1,,,,,,,,,,,,
PERP,0.07665458002848322,0.3318405476595922,0.2042475638440377,,,,,,,,,
ARFGEF3,,,,,,,,,,,,
HEBP2,,,,,,,,,,,,
NHSL1,,,,,,,,,,,,
CCDC28A,0.07443193840614216,0.3341340255123495,0.20428298195924582,,,,,,,,,
REPS1,,,,,,,,,,,,
ABRACL,0.24042861612122784,0.520507961617392,0.38046828886930995,,,,,,,,,
HECA,,,,,,,,,,,,
CITED2,,,,,,,,,,,,
VTA1,,,,,,,,,,,,
HIVEP2,,,,,,,,,,,,
AIG1,,,,,,,,,,,,
ADAT2,,,,,,,,,,,,
PEX3,,,,,,,,,,,,
FUCA2,0.15149881054506809,0.42840956015963577,0.28995418535235196,,,,,,,,,
PHACTR2,,,,-0.99446300723135,-0.5866434018542359,-0.790553204542793,,,,,,
LTV1,0.21418399962974044,0.41898497030302856,0.31658448496638447,,,,,,,,,
PLAGL1,,,,,,,,,,,,
SF3B5,0.17464775295166246,0.4707366328226749,0.32269219288716866,,,,,,,,,
UTRN,,,,,,,,,,,,
EPM2A,,,,,,,,,,,,
FBXO30,0.06610268744856793,0.2896098340167665,0.1778562607326672,,,,,,,,,
SHPRH,,,,,,,,,,,,
RAB32,0.1412107761894873,0.3948856781940832,0.2680482271917852,,,,,,,,,
STXBP5,,,,,,,,,,,,
SAMD5,,,,,,,,,,,,
SASH1,,,,,,,,,,,,
UST,,,,,,,,,,,,
TAB2,,,,,,,,,,,,
PPIL4,0.14475668861583518,0.3986159507770102,0.27168631969642265,,,,,,,,,
GINM1,,,,,,,,,,,,
KATNA1,0.07720859383436765,0.3431852460578387,0.21019691994610318,,,,,,,,,
LATS1,,,,,,,,,,,,
NUP43,,,,,,,,,,,,
PCMT1,0.2943621733633972,0.5264664891209522,0.4104143312421747,,,,,,,,,
LRP11,,,,,,,,,,,,
ULBP3,,,,,,,,,,,,
PPP1R14C,,,,,,,,,,,,
PLEKHG1,,,,-0.9921951143220472,-0.4254353064630612,-0.7088152103925542,,,,,,
MTHFD1L,,,,,,,,,,,,
AKAP12,,,,,,,,,,,,
ZBTB2,,,,,,,,,,,,
RMND1,,,,,,,,,,,,
ARMT1,,,,,,,,,,,,
SYNE1,-0.27968726433191377,-0.12430613607559632,-0.20199670020375504,-0.9882708233903303,-0.4974367338587979,-0.7428537786245641,-0.3367692208273146,-0.09604646201385778,-0.21640784142058617,-0.43659671801443267,-0.1030544369884743,-0.2698255775014535
FBXO5,-0.3939740576843991,-0.08272250586937317,-0.23834828177688613,,,,,,,,,
MTRF1L,0.15506292143448733,0.37563178007702924,0.26534735075575827,,,,,,,,,
RGS17,,,,,,,,,,,,
CNKSR3,,,,,,,,,,,,
SCAF8,-0.4483882198246677,-0.15348464951946036,-0.30093643467206405,-0.9774026130551466,-0.25586955124773564,-0.6166360821514412,,,,,,
TIAM2,,,,,,,,,,,,
TFB1M,0.09271351164818312,0.38110620363169306,0.2369098576399381,,,,,,,,,
ARID1B,-0.6467142031289034,-0.25841806161116737,-0.4525661323700354,-0.9860915512084182,-0.310724861075113,-0.6484082061417655,-0.7603153946992158,-0.19449412258592497,-0.47740475864257037,,,
TMEM242,0.10407994888668066,0.38640084895605076,0.2452403989213657,,,,,,,,,
ZDHHC14,,,,,,,,,,,,
SNX9,,,,,,,,,,,,
SYNJ2,,,,,,,,,,,,
SERAC1,,,,,,,,,,,,
GTF2H5,,,,,,,,,,,,
TULP4,,,,,,,,,,,,
TMEM181,,,,,,,,,,,,
DYNLT1,0.17136842485445633,0.47894708634254807,0.3251577555985022,,,,,,,,,
SYTL3,-0.28376170818232244,-0.16333671604314434,-0.22354921211273338,-0.9929718836116701,-0.5747610313247821,-0.7838664574682261,-0.18946274421302076,-0.09557245579778523,-0.14251760000540298,-0.3366808307172483,-0.19707315508402598,-0.26687699290063716
EZR,,,,,,,,,,,,
RSPH3,,,,,,,,,,,,
SOD2,,,,-0.9883687465304547,-0.42803824537756513,-0.7082034959540099,,,,,,
WTAP,-0.739041260390152,-0.2884800985038269,-0.5137606794469894,,,,-0.9186428559952026,-0.3085405681192864,-0.6135917120572445,-0.8951611030392467,-0.1696568184169159,-0.5324089607280813
ACAT2,0.2763219210712697,0.4689465931844034,0.37263425712783654,,,,,,,,,
TCP1,0.214074305606501,0.5274711711470629,0.37077273837678193,,,,,,,,,
MRPL18,0.16418188537365597,0.4312728337855287,0.29772735957959234,,,,,,,,,
IGF2R,,,,,,,,,,,,
MAP3K4,,,,,,,,,,,,
AGPAT4,,,,,,,,,,,,
PRKN,,,,-0.9873041456043783,-0.41543438289160545,-0.7013692642479918,,,,,,
QKI,,,,,,,,,,,,
PDE10A,,,,,,,,,,,,
SFT2D1,0.16906204629821764,0.461955027328225,0.31550853681322133,,,,,,,,,
MPC1,0.1625854214804139,0.4884071348784977,0.3254962781794558,,,,,,,,,
RPS6KA2,,,,-0.9855525193279328,-0.37812677993900734,-0.68183964963347,,,,,,
RNASET2,0.19180744894830276,0.42778302567820964,0.3097952373132562,,,,,,,,,
CEP43,,,,,,,,,,,,
AFDN,0.2614535150266254,0.4701942170725025,0.36582386604956396,,,,,,,,,
WDR27,,,,,,,,,,,,
C6orf120,0.08458564786284418,0.3512339596641055,0.21790980376347482,,,,,,,,,
PHF10,0.0766764246134312,0.37531670960798247,0.22599656711070684,,,,,,,,,
ERMARD,0.10945545021764966,0.3363952378124907,0.2229253440150702,,,,,,,,,
FAM120B,,,,,,,,,,,,
PSMB1,0.24778070978524222,0.5396150023633688,0.3936978560743055,,,,,,,,,
TBP,,,,,,,,,,,,
PDCD2,0.1247470841134701,0.3633943492957509,0.2440707167046105,,,,,,,,,
PRKAR1B,,,,,,,,,,,,
DNAAF5,0.08106059736781383,0.3231256967636454,0.20209314706572962,,,,,,,,,
SUN1,,,,,,,,,,,,
COX19,,,,,,,,,,,,
C7orf50,,,,,,,,,,,,
ZFAND2A,,,,,,,,,,,,
INTS1,,,,,,,,,,,,
PSMG3,,,,,,,,,,,,
MAD1L1,,,,,,,,,,,,
MRM2,0.1106554003114063,0.33708153674665964,0.22386846852903297,,,,,,,,,
NUDT1,0.12094105099272301,0.38751625732817513,0.25422865416044904,,,,,,,,,
SNX8,,,,,,,,,,,,
EIF3B,0.21460988343272228,0.4104258450181258,0.31251786422542405,,,,,,,,,
CHST12,-0.17693418787073395,0.009249916297275469,-0.08384213578672924,-0.9856197759244192,-0.5126753759474194,-0.7491475759359193,,,,,,
BRAT1,,,,,,,,,,,,
IQCE,,,,,,,,,,,,
TTYH3,,,,,,,,,,,,
GNA12,,,,,,,,,,,,
SDK1,-0.32182429948492813,-0.0812642980846842,-0.20154429878480618,,,,,,,,,
FOXK1,,,,,,,,,,,,
AP5Z1,,,,,,,,,,,,
RADIL,,,,,,,,,,,,
RBAK,0.07699343807888219,0.33124345286603113,0.20411844547245667,,,,,,,,,
WIPI2,0.13210827389688445,0.43226879500821774,0.2821885344525511,,,,,,,,,
SLC29A4,,,,,,,,,,,,
TNRC18,,,,,,,,,,,,
FBXL18,,,,-0.9920199972416289,-0.4847334732381148,-0.7383767352398718,,,,,,
ACTB,,,,,,,,,,,,
FSCN1,,,,,,,,,,,,
RNF216,,,,-0.9866479668678336,-0.4206401391424977,-0.7036440530051656,,,,,,
CCZ1,,,,,,,,,,,,
PMS2,,,,,,,,,,,,
AIMP2,0.1732925412498076,0.4560177777760782,0.31465515951294293,,,,,,,,,
EIF2AK1,0.1044332571546974,0.41105418645795516,0.25774372180632626,,,,,,,,,
USP42,,,,-0.9900756057047903,-0.42081677854845473,-0.7054461921266225,,,,,,
CYTH3,,,,-0.9884327781432894,-0.4480608424319633,-0.7182468102876264,,,,,,
RAC1,0.2633539096456035,0.4939004264781258,0.3786271680618647,,,,,,,0.15508103319838581,0.5413093591231278,0.34819519616075684
DAGLB,,,,,,,,,,,,
KDELR2,0.22845073372188873,0.5723742460094786,0.4004124898656837,,,,0.1673538481771141,0.6653733720992682,0.4163636101381911,,,
ZDHHC4,,,,,,,,,,,,
INTS15,0.09600563069463038,0.3216286323580374,0.20881713152633388,,,,,,,,,
ZNF316,,,,,,,,,,,,
ZNF12,0.0800376759510452,0.3035278774601521,0.19178277670559865,,,,,,,,,
CCZ1B,,,,,,,,,,,,
C1GALT1,,,,,,,,,,,,
MIOS,,,,,,,,,,,,
RPA3,,,,,,,,,,,,
UMAD1,,,,,,,,,,,,
GLCCI1,,,,,,,,,,,,
NXPH1,-0.2633953423068543,-0.17979432687673574,-0.22159483459179502,-0.6534236422802036,-0.6534236422802036,-0.6534236422802036,-0.245328572810679,-0.08738043923536794,-0.16635450602302346,-0.4468622573054069,-0.2609224432855936,-0.35389235029550026
NDUFA4,0.2405155497351901,0.4480072609737527,0.3442614053544714,,,,,,,,,
PHF14,,,,,,,,,,,,
TMEM106B,,,,-0.9849714226545405,-0.39603102801848633,-0.6905012253365135,,,,,,
VWDE,,,,,,,,,,,,
ARL4A,0.09588377832656833,0.3517142370482051,0.2237990076873867,,,,,,,,,
DGKB,-0.2945167228234551,-0.21032492843085412,-0.2524208256271546,-0.9924990751373282,-0.5248635095687822,-0.7586812923530553,-0.3077305446536643,-0.14242088293874014,-0.22507571379620223,-0.4591820295925255,-0.2595255204417978,-0.35935377501716165
CRPPA,,,,,,,,,,,,
ANKMY2,,,,,,,,,,,,
BZW2,0.16434450647578452,0.4222061957247713,0.2932753511002779,,,,,,,,,
TSPAN13,0.08423556448770625,0.31761898805741173,0.200927276272559,,,,,,,,,
AHR,,,,-0.9757670440486088,-0.29302298155340634,-0.6343950128010076,,,,,,
SNX13,,,,,,,,,,,,
HDAC9,-0.2997133009721905,-0.13024124056159755,-0.21497727076689405,,,,,,,,,
TWIST1,,,,-0.9899462465155703,-0.27323645389520335,-0.6315913502053868,,,,,,
POLR1F,0.32389635578602216,0.5264197134452434,0.4251580346156328,,,,,,,0.11645612863143456,0.4835357191710689,0.29999592390125174
SP4,,,,,,,,,,,,
DNAH11,-0.30578018535209067,-0.08058666043029486,-0.19318342289119278,-0.9818983455074404,-0.32082348011035483,-0.6513609128088976,,,,,,
CDCA7L,,,,-0.9902567580164742,-0.4650874713278646,-0.7276721146721694,,,,,,
RAPGEF5,,,,,,,,,,,,
STEAP1B,-0.25480723721929427,-0.1381571537736425,-0.1964821954964684,-0.9841959867882027,-0.4601344937291524,-0.7221652402586776,-0.3002976824570022,-0.09398865137011984,-0.19714316691356104,-0.32708029425686647,-0.12454186075919906,-0.22581107750803275
TOMM7,,,,,,,,,,,,
HYCC1,,,,-0.9843010042367648,-0.4352043535138716,-0.7097526788753182,,,,,,
KLHL7,,,,,,,,,,,,
NUP42,,,,,,,,,,,,
MALSU1,0.19500720251315315,0.4693941971825433,0.3322006998478482,,,,,,,,,
IGF2BP3,,,,,,,,,,,,
TRA2A,-0.9582040760644301,-0.294614206869584,-0.6264091414670071,,,,-0.8672186056961596,-0.25675623299676037,-0.56198741934646,,,
CCDC126,,,,,,,,,,,,
PALS2,,,,,,,,,,,,
OSBPL3,-0.4404892876157027,-0.12888196023127063,-0.2846856239234867,,,,,,,,,
CYCS,0.2006614613553008,0.44853733216027714,0.324599396757789,,,,,,,,,
C7orf31,,,,,,,,,,,,
NFE2L3,,,,,,,,,,,,
HNRNPA2B1,0.25898492447968874,0.44609783653166996,0.35254138050567935,,,,,,,,,
CBX3,,,,,,,,,,,,
SNX10,,,,,,,,,,,,
SKAP2,,,,,,,,,,,,
HOXA3,-0.3079272846420529,-0.10213201519115847,-0.20502964991660566,,,,,,,,,
HOXA5,,,,,,,,,,,,
HOXA7,0.0766103252323913,0.3283075526310621,0.2024589389317267,,,,,,,,,
HOXA9,,,,,,,,,,,,
HOXA10,,,,,,,,,,,,
HOXA11,,,,,,,,,,,,
HOXA13,,,,,,,,,,,,
HIBADH,,,,-0.9869945250168498,-0.5029252189671243,-0.744959871991987,,,,,,
TAX1BP1,0.20242327616123693,0.46558523653301476,0.3340042563471258,,,,,,,,,
JAZF1,-0.2632326883382565,-0.031411338108905576,-0.14732201322358104,-0.9871208670459801,-0.44351110607476446,-0.7153159865603723,,,,,,
CREB5,,,,,,,,,,,,
CPVL,,,,,,,,,,,,
CHN2,,,,,,,,,,,,
WIPF3,,,,,,,,,,,,
SCRN1,0.08637784541212871,0.33899240250827783,0.21268512396020328,,,,,,,,,
FKBP14,,,,,,,,,,,,
PLEKHA8,,,,,,,,,,,,
MTURN,,,,,,,,,,,,
ZNRF2,,,,,,,,,,,,
NOD1,,,,-0.994574906259214,-0.5177042872097216,-0.7561395967344677,,,,,,
GGCT,,,,,,,,,,,,
GARS1,0.11603868056222154,0.3342271199589331,0.22513290026057733,,,,,,,,,
MINDY4,,,,,,,,,,,,
LSM5,,,,,,,,,,,,
AVL9,,,,,,,,,,,,
KBTBD2,,,,,,,,,,,,
FKBP9,,,,,,,,,,,,
NT5C3A,,,,,,,,,,,,
RP9,,,,,,,,,,,,
BBS9,,,,,,,,,,,,
BMPER,,,,-0.9914360256780742,-0.35269321790261715,-0.6720646217903457,-0.3871154512386339,-0.14142904165391817,-0.264272246446276,,,
DPY19L1,,,,,,,,,,,,
TBX20,,,,,,,,,,,,
HERPUD2,,,,,,,,,,,,
SEPTIN7,0.12243029437496519,0.4392733939006287,0.28085184413779696,,,,,,,,,
EEPD1,,,,,,,,,,,,
MATCAP2,,,,,,,,,,,,
ANLN,0.07393429227282296,0.3111174280188706,0.19252586014584677,,,,,,,,,
ELMO1,,,,,,,,,,,,
STARD3NL,0.09930277303316244,0.44329550917599786,0.27129914110458014,,,,,,,,,
AMPH,,,,,,,-0.3797221314141089,-0.09161426557920149,-0.23566819849665518,,,
VPS41,,,,,,,,,,,,
POU6F2,,,,,,,,,,,,
YAE1,0.1691336065198124,0.41925955950768395,0.2941965830137482,,,,,,,,,
RALA,0.12023809755336179,0.43034773217537536,0.2752929148643686,,,,,,,,,
CDK13,,,,,,,,,,,,
MPLKIP,0.16709375890625117,0.5024257007386055,0.3347597298224283,,,,,,,,,
SUGCT,,,,,,,,,,,,
GLI3,,,,,,,,,,,,
C7orf25,0.07773735601023364,0.32512146881326676,0.2014294124117502,,,,,,,,,
PSMA2,0.2400002101134355,0.5475462900306103,0.3937732500720229,,,,,,,,,
MRPL32,0.2718538736416546,0.5088936651865267,0.39037376941409063,,,,,,,,,
STK17A,0.07500168214683502,0.32545893920802005,0.20023031067742753,,,,,,,,,
COA1,,,,,,,,,,,,
BLVRA,0.1596571658510906,0.49966569380992587,0.3296614298305082,,,,,,,,,
MRPS24,,,,,,,,,,,,
URGCP,,,,,,,,,,,,
UBE2D4,,,,,,,,,,,,
DBNL,,,,,,,,,,,,
POLM,,,,,,,,,,,,
POLD2,,,,,,,,,,,,
YKT6,0.10176503619823198,0.3397218421981777,0.22074343919820483,,,,,,,,,
NUDCD3,,,,,,,,,,,,
DDX56,0.10650127472847594,0.3936873363536277,0.25009430554105183,,,,,,,,,
TMED4,,,,,,,-0.8903133353448354,-0.16361861437855052,-0.5269659748616929,,,
OGDH,,,,,,,,,,,,
ZMIZ2,,,,,,,,,,,,
PPIA,0.3090786927521985,0.4714319522610253,0.3902553225066119,,,,,,,,,
PURB,,,,,,,,,,,,
CCM2,,,,,,,,,,,,
TBRG4,0.1106268158138303,0.33508940455725594,0.22285811018554313,,,,,,,,,
ADCY1,,,,-0.9946365267325037,-0.6537905230182834,-0.8242135248753936,,,,,,
TNS3,,,,,,,,,,,,
HUS1,,,,,,,,,,,,
UPP1,,,,,,,,,,,,
FIGNL1,,,,,,,,,,,,
GRB10,,,,,,,,,,,,
COBL,,,,,,,,,,,,
SEC61G,0.17453919006725913,0.5631878852599342,0.3688635376635967,,,,,,,,,
EGFR,,,,,,,,,,,,
LANCL2,,,,,,,,,,,,
VOPP1,,,,,,,,,,,,
ZNF713,-0.3293175069133491,-0.06699164623172789,-0.1981545765725385,-0.9893975090038866,-0.5370911467627277,-0.7632443278833072,,,,,,
NIPSNAP2,,,,,,,,,,,,
MRPS17,0.21706553354926694,0.4656718231920328,0.3413686783706499,,,,,,,,,
PSPH,,,,,,,,,,,,
CCT6A,0.272715825059131,0.4683675845401471,0.37054170479963905,,,,,,,,,
SUMF2,,,,,,,,,,,,
PHKG1,-0.59002274863094,-0.2504555927337712,-0.4202391706823556,,,,-0.6510090207379123,-0.22040184735913498,-0.4357054340485237,-0.5216206613155251,-0.12786215904064901,-0.32474141017808705
CHCHD2,0.18747364873940467,0.525593579985433,0.3565336143624188,,,,,,,,,
ZNF736,,,,,,,,,,,,
ZNF680,,,,,,,,,,,,
ZNF107,,,,,,,,,,,,
ZNF138,,,,,,,,,,,,
ZNF273,,,,,,,,,,,,
ZNF92,,,,,,,,,,,,
VKORC1L1,,,,,,,,,,,,
GUSB,,,,,,,,,,,,
ASL,,,,,,,,,,,,
CRCP,,,,,,,,,,,,
TPST1,,,,,,,,,,,,
RABGEF1,,,,,,,,,,,,
TMEM248,,,,,,,,,,,,
SBDS,0.13584636741568398,0.4319546331227927,0.28390050026923835,,,,,,,,,
TYW1,,,,,,,,,,,,
AUTS2,-0.3104871700389388,-0.07113421290375906,-0.1908106914713489,-0.9920908248329157,-0.47789559897363487,-0.7349932119032753,-0.6042119048634157,-0.14719551880508544,-0.37570371183425055,,,
CALN1,-0.23083835121997132,-0.1382336257113159,-0.18453598846564362,-0.9859159652147654,-0.4301675662968665,-0.708041765755816,-0.3244913565538403,-0.1416222514835142,-0.23305680401867726,-0.33417278063451866,-0.13033705936927661,-0.23225492000189762
TYW1B,,,,-0.9799370240189935,-0.28621715260070907,-0.6330770883098513,,,,,,
POM121,,,,,,,,,,,,
NSUN5,,,,,,,,,,,,
BAZ1B,,,,,,,,,,,,
BCL7B,,,,,,,,,,,,
TBL2,0.12092729362794812,0.37522846881486654,0.24807788122140734,,,,,,,,,
MLXIPL,,,,,,,,,,,,
DNAJC30,,,,,,,,,,,,
BUD23,0.13388531852313146,0.403914720113745,0.2689000193184382,,,,,,,,,
ABHD11,,,,,,,,,,,,
LIMK1,,,,,,,,,,,,
EIF4H,0.2443038976358993,0.4911716844473336,0.36773779104161647,,,,0.11616031759467155,0.46505783980245313,0.29060907869856234,,,
RFC2,,,,,,,,,,,,
CLIP2,,,,,,,,,,,,
GTF2IRD1,,,,,,,,,,,,
GTF2I,,,,-0.9854249895035333,-0.31458985480757584,-0.6500074221555545,,,,,,
CASTOR2,,,,-0.9851866767205325,-0.25198253326115505,-0.6185846049908438,,,,,,
RCC1L,0.09937389065710983,0.3989189651307925,0.24914642789395117,,,,,,,,,
POM121C,,,,,,,,,,,,
HIP1,,,,,,,,,,,,
RHBDD2,,,,,,,,,,,,
POR,,,,,,,,,,,,
TMEM120A,,,,,,,,,,,,
STYXL1,,,,,,,,,,,,
MDH2,0.24848702248386315,0.5647177402411568,0.40660238136251,,,,,,,,,
HSPB1,,,,,,,,,,,,
YWHAG,,,,,,,,,,,,
POMZP3,,,,,,,,,,,,
PTPN12,0.15156937438677553,0.41646135746960256,0.28401536592818905,,,,,,,,,
RSBN1L,0.1507100738778777,0.4554276200986944,0.30306884698828607,,,,,,,,,
TMEM60,0.15309906786488092,0.4520180534154367,0.30255856064015885,,,,,,,,,
PHTF2,,,,,,,,,,,,
MAGI2,-0.38024310368109343,-0.1308105598424995,-0.25552683176179647,-0.990687026054414,-0.4573558283382618,-0.7240214271963379,,,,,,
GNAI1,,,,,,,,,,,,
SEMA3C,,,,,,,,,,,,
CACNA2D1,,,,-0.979803884644829,-0.3347679600471938,-0.6572859223460115,,,,,,
PCLO,,,,,,,,,,,,
SEMA3E,-0.3114438205613548,-0.164809819945276,-0.23812682025331539,-0.9937915260465157,-0.4965715278127225,-0.7451815269296191,-0.2632886356056185,-0.07790881045507429,-0.1705987230303464,-0.42621958086022116,-0.219050160985844,-0.32263487092303256
SEMA3A,,,,-0.9907835339957717,-0.5953606862726162,-0.793072110134194,,,,,,
SEMA3D,,,,,,,,,,,,
ELAPOR2,,,,,,,,,,,,
DMTF1,,,,,,,,,,,,
TMEM243,,,,,,,,,,,,
CROT,,,,,,,,,,,,
ABCB1,-0.3184593691633917,-0.16419790545214547,-0.24132863730776857,-0.9871925966446773,-0.5332214349547788,-0.760207015799728,-0.3371404080510096,-0.0987491895253833,-0.21794479878819645,-0.4944500175924821,-0.20089049437558587,-0.347670255984034
RUNDC3B,,,,,,,,,,,,
SLC25A40,,,,,,,,,,,,
DBF4,0.0850674071139177,0.29878077114630824,0.19192408913011297,,,,,,,,,
ADAM22,,,,,,,,,,,,
SRI,,,,,,,,,,,,
STEAP1,0.06851364822162935,0.2886041459597898,0.17855889709070957,,,,,,,,,
STEAP2,,,,,,,,,,,,
GTPBP10,,,,,,,,,,,,
CLDN12,,,,,,,,,,,,
CDK14,,,,-0.9913192369790409,-0.4273917122211789,-0.7093554746001098,,,,,,
MTERF1,,,,-0.9942254547080712,-0.42706229938950424,-0.7106438770487877,,,,,,
AKAP9,,,,,,,,,,,,
CYP51A1,,,,,,,,,,,,
KRIT1,0.09052317284513291,0.35108856903570207,0.22080587094041748,,,,,,,,,
ANKIB1,,,,-0.9937461333423616,-0.5204877094287863,-0.757116921385574,,,,,,
GATAD1,,,,,,,,,,,,
PEX1,0.06062424735742209,0.2697362203415044,0.16518023384946326,,,,,,,,,
RBM48,,,,,,,,,,,,
FAM133B,,,,,,,,,,,,
CDK6,,,,-0.9870750054350497,-0.368776196723749,-0.6779256010793994,,,,,,
VPS50,,,,,,,,,,,,
GNGT1,,,,-0.9692674999348341,-0.20374038444981107,-0.5865039421923226,,,,,,
GNG11,,,,,,,,,,,,
BET1,0.07778390357725933,0.34863903164171567,0.2132114676094875,,,,,,,,,
CASD1,,,,,,,,,,,,
SGCE,,,,,,,,,,,,
PPP1R9A,,,,,,,,,,,,
PON2,,,,,,,,,,,,
DYNC1I1,,,,,,,,,,,,
SLC25A13,,,,,,,,,,,,
SEM1,0.33053084116353865,0.5960337277951054,0.46328228447932207,,,,,,,,,
SDHAF3,,,,,,,,,,,,
LMTK2,,,,,,,,,,,,
TECPR1,,,,,,,,,,,,
BRI3,,,,,,,,,,,,
BAIAP2L1,,,,,,,,,,,,
TRRAP,,,,,,,,,,,,
SMURF1,,,,-0.9915736788357564,-0.4775714135334941,-0.7345725461846253,,,,,,
ARPC1A,,,,,,,,,,,,
ARPC1B,0.12108230283814685,0.4219803744765179,0.27153133865733237,,,,,,,,,
PDAP1,0.1818864564368734,0.43505777620049596,0.30847211631868465,,,,,,,,,
BUD31,0.19571193931087122,0.5078943238708928,0.35180313159088206,,,,0.26252119934763035,0.6725554223013177,0.46753831082447406,,,
PTCD1,,,,,,,,,,,,
CPSF4,0.10150613676363425,0.3347546283537196,0.21813038255867692,,,,,,,,,
ATP5MF,0.26537847491332184,0.47589071326301435,0.3706345940881681,,,,,,,,,
ZNF789,,,,,,,,,,,,
ZNF394,,,,,,,,,,,,
ZKSCAN5,,,,,,,,,,,,
FAM200A,,,,,,,,,,,,
ZNF655,,,,,,,,,,,,
ZSCAN25,,,,,,,,,,,,
TRIM4,,,,,,,,,,,,
ZKSCAN1,,,,,,,,,,,,
ZSCAN21,,,,,,,,,,,,
ZNF3,,,,,,,,,,,,
COPS6,0.23262256728928585,0.5253168015334369,0.37896968441136136,,,,,,,,,
MCM7,,,,,,,,,,,,
AP4M1,,,,,,,,,,,,
TAF6,,,,,,,,,,,,
LAMTOR4,0.17803392452379863,0.5079380419413008,0.3429859832325497,,,,,,,,,
PILRB,,,,,,,,,,,,
ZCWPW1,,,,-0.9948656621552334,-0.5890325855569581,-0.7919491238560958,,,,,,
MEPCE,0.05514709226047776,0.30761786075157166,0.1813824765060247,,,,,,,,,
PPP1R35,,,,,,,,,,,,
TSC22D4,0.08212552013395422,0.3174804709711707,0.19980299555256248,,,,,,,,,
AGFG2,,,,,,,,,,,,
GNB2,0.104306405613522,0.38986808588367616,0.24708724574859908,,,,,,,,,
GIGYF1,,,,,,,,,,,,
POP7,0.11387135926346052,0.48446907543154316,0.2991702173475018,,,,,,,,,
ZAN,-0.22417827584375977,-0.12036598028430054,-0.17227212806403014,-0.9904466768616921,-0.4943192190573702,-0.7423829479595312,,,,-0.5439210543297741,-0.12934023870081462,-0.3366306465152944
EPHB4,,,,,,,,,,,,
SLC12A9,,,,,,,,,,,,
TRIP6,0.21479902743739848,0.4271296481088917,0.3209643377731451,,,,,,,,,
SRRT,0.17665027332982547,0.45509069080875114,0.3158704820692883,,,,,,,,,
UFSP1,0.08134297364777479,0.3056945999383515,0.19351878679306317,,,,,,,,,
AP1S1,0.1408953322682121,0.3901085205435346,0.26550192640587333,,,,,,,,,
PLOD3,,,,,,,,,,,,
ZNHIT1,,,,,,,,,,,,
FIS1,,,,,,,,,,,,
IFT22,,,,,,,,,,,,
COL26A1,,,,,,,,,,,,
CUX1,,,,,,,,,,,,
PRKRIP1,,,,,,,,,,,,
ORAI2,,,,,,,,,,,,
ALKBH4,,,,,,,,,,,,
LRWD1,,,,,,,,,,,,
POLR2J,,,,,,,,,,,,
POLR2J3,,,,,,,,,,,,
UPK3BL1,,,,,,,,,,,,
FAM185A,,,,,,,,,,,,
FBXL13,-0.42637281442053954,-0.1580684355105709,-0.29222062496555523,-0.9945850153247725,-0.4626155481591442,-0.7286002817419583,-0.5551273698907565,-0.1301888855986177,-0.34265812774468707,,,
ARMC10,,,,,,,,,,,,
NAPEPLD,,,,,,,,,,,,
PMPCB,0.25501735625056055,0.5395210731486896,0.39726921469962506,,,,,,,,,
DNAJC2,0.1435563403914002,0.4143271207880174,0.27894173058970884,,,,,,,,,
PSMC2,0.19755542861938366,0.48836555747397103,0.34296049304667736,,,,,,,,,
RELN,-0.32195001498580283,-0.1454313569032528,-0.2336906859445278,-0.9926305980544401,-0.5134863253117721,-0.7530584616831061,-0.2528096871470602,-0.08650453129915991,-0.16965710922311006,-0.3787305700226427,-0.16654152306586498,-0.27263604654425383
ORC5,,,,,,,,,,,,
KMT2E,,,,,,,,,,,,
SRPK2,,,,,,,,,,,,
PUS7,,,,,,,,,,,,
RINT1,,,,,,,,,,,,
EFCAB10,,,,,,,,,,,,
ATXN7L1,,,,,,,,,,,,
CDHR3,,,,,,,,,,,,
SYPL1,0.12578477718514203,0.35832551915310995,0.242055148169126,,,,,,,,,
NAMPT,,,,,,,,,,,,
CCDC71L,0.06976908393968022,0.3249013458413609,0.19733521489052055,,,,,,,,,
PRKAR2B,,,,,,,,,,,,
HBP1,,,,,,,,,,,,
COG5,,,,-0.9956749453101151,-0.47881947675636005,-0.7372472110332375,,,,,,
DUS4L,,,,,,,,,,,,
BCAP29,,,,,,,,,,,,
CBLL1,,,,,,,,,,,,
SLC26A3,-0.3378121749790233,-0.1920029846278333,-0.26490757980342833,-0.992505037542876,-0.6276094842372948,-0.8100572608900853,-0.40073885727666264,-0.1539355708457225,-0.2773372140611926,-0.3591416618109924,-0.1599036005624452,-0.2595226311867188
DLD,0.17780939525303913,0.44095069945752446,0.3093800473552818,,,,0.16973538721269613,0.5319144190343341,0.3508249031235151,,,
LAMB1,,,,-0.9936803401088261,-0.4742141125901232,-0.7339472263494746,,,,,,
NRCAM,,,,,,,,,,,,
PNPLA8,-0.23266102773691344,-0.11727782687888863,-0.17496942730790105,-0.9677799861366172,-0.3169776169434138,-0.6423788015400155,,,,-0.36601078387910985,-0.18018674432170814,-0.273098764100409
THAP5,,,,,,,,,,,,
IMMP2L,-0.4974731131412149,-0.24050728826047438,-0.36899020070084465,-0.9758585968550216,-0.24762814228605917,-0.6117433695705404,-0.46311829711190167,-0.10827809351031588,-0.2856981953111088,-0.412693385681384,-0.08350059335674866,-0.2480969895190663
DOCK4,,,,-0.9862915758742101,-0.22725870825671457,-0.6067751420654623,,,,,,
ZNF277,,,,,,,,,,,,
IFRD1,,,,,,,,,,,,
TMEM168,,,,,,,,,,,,
BMT2,,,,,,,,,,,,
SMIM30,0.1487838532330521,0.434856433011856,0.2918201431224541,,,,,,,,,
FOXP2,,,,-0.9823447867976128,-0.2616577714882007,-0.6220012791429068,,,,,,
MDFIC,,,,,,,,,,,,
TES,,,,,,,,,,,,
CAV2,,,,,,,,,,,,
CAV1,,,,,,,,,,,,
MET,,,,,,,,,,,,
CAPZA2,0.2022417100357031,0.543882523513461,0.37306211677458206,,,,,,,,,
ST7,,,,,,,,,,,,
CTTNBP2,-0.20540115346501045,-0.045678352313266404,-0.12553975288913843,-0.9935934352275626,-0.5823019017709634,-0.787947668499263,,,,,,
LSM8,0.22108169455958304,0.5314917111386421,0.3762867028491126,,,,,,,,,
ANKRD7,,,,,,,,,,,,
KCND2,-0.2490895927331477,-0.12065537839343451,-0.1848724855632911,-0.9912608339730797,-0.4970442614768621,-0.7441525477249709,,,,-0.25902076662386714,-0.0695747034966672,-0.16429773506026718
TSPAN12,,,,,,,,,,,,
ING3,,,,,,,,,,,,
FAM3C,0.14846692532236316,0.36870780656050367,0.2585873659414334,,,,,,,,,
AASS,,,,,,,,,,,,
CADPS2,,,,-0.9901471853703876,-0.4091156381464491,-0.6996314117584184,,,,,,
NDUFA5,0.2732238201879794,0.5104053258842245,0.39181457303610195,,,,0.225344743003872,0.6131101560508615,0.41922744952736674,,,
WASL,0.15513430482776266,0.4171205229912559,0.2861274139095093,,,,,,,,,
POT1,,,,,,,,,,,,
ZNF800,,,,,,,,,,,,
ARF5,0.09109330265368239,0.373584517608711,0.23233891013119667,,,,,,,,,
SND1,,,,,,,,,,,,
RBM28,0.23552576021484986,0.46256353748126067,0.34904464884805525,,,,,,,,,
IMPDH1,0.14440953003196866,0.4321614147948914,0.28828547241343006,,,,,,,,,
HILPDA,0.10716705217782835,0.3457228417552265,0.22644494696652742,,,,,,,,,
METTL2B,,,,,,,,,,,,
CALU,0.1512496912652337,0.3881915741149997,0.2697206326901167,,,,,,,,,
CCDC136,,,,,,,,,,,,
FLNC,,,,,,,,,,,,
ATP6V1F,0.18767195776930534,0.5067219767425386,0.347196967255922,,,,,,,,,
TNPO3,,,,,,,,,,,,
TSPAN33,,,,,,,,,,,,
SMO,,,,,,,,,,,,
AHCYL2,,,,,,,,,,,,
STRIP2,,,,,,,,,,,,
NRF1,,,,,,,,,,,,
UBE2H,,,,,,,,,,,,
ZC3HC1,,,,,,,,,,,,
KLHDC10,,,,,,,,,,,,
TMEM209,,,,,,,,,,,,
CEP41,,,,,,,,,,,,
COPG2,,,,-0.9880977670947798,-0.43575345798069776,-0.7119256125377388,,,,,,
MKLN1,,,,,,,,,,,,
PODXL,,,,,,,,,,,,
CHCHD3,0.16436316705262266,0.5478094418792621,0.35608630446594236,,,,,,,,,
EXOC4,,,,,,,,,,,,
SLC35B4,0.15497938493672395,0.38811307763856184,0.2715462312876429,,,,,,,,,
AKR1B1,0.22233050108016264,0.4887237051181939,0.3555271030991783,,,,,,,,,
BPGM,0.19195150043856415,0.4487493982210606,0.3203504493298124,,,,,,,,,
CALD1,,,,,,,,,,,,
AGBL3,-0.24374187371388997,-0.056637201922849816,-0.15018953781836988,-0.9956959683553982,-0.6435228243191288,-0.8196093963372635,,,,,,
CYREN,,,,,,,,,,,,
WDR91,,,,,,,,,,,,
CNOT4,,,,,,,,,,,,
NUP205,,,,,,,,,,,,
STMP1,,,,,,,,,,,,
MTPN,0.23912432076576867,0.5481420553242058,0.39363318804498726,,,,,,,,,
CREB3L2,,,,,,,,,,,,
TRIM24,,,,,,,,,,,,
KIAA1549,,,,,,,,,,,,
ZC3HAV1L,0.13191400077467735,0.33650573213668933,0.23420986645568334,,,,,,,,,
ZC3HAV1,-0.2623687710997245,-0.1296834864649629,-0.1960261287823437,-0.9829434677386162,-0.43057019059981977,-0.706756829169218,-0.39536768373298226,-0.11602211787498522,-0.2556949008039837,-0.39695458374212755,-0.0815788848902874,-0.23926673431620749
TTC26,,,,,,,,,,,,
UBN2,,,,,,,,,,,,
FMC1,0.14310549002311612,0.462837462931244,0.30297147647718004,,,,,,,,,
LUC7L2,,,,,,,,,,,,
KLRG2,,,,-0.9945154683195593,-0.5797674627537965,-0.787141465536678,,,,,,
HIPK2,,,,,,,,,,,,
TBXAS1,,,,-0.987334896101483,-0.2463781764260318,-0.6168565362637574,,,,,,
KDM7A,,,,,,,,,,,,
SLC37A3,,,,,,,,,,,,
MKRN1,0.08299951900068255,0.30154177074995664,0.19227064487531959,,,,,,,,,
DENND2A,-0.22749976907221883,-0.03757568616982953,-0.13253772762102417,,,,,,,,,
ADCK2,,,,,,,,,,,,
NDUFB2,0.2271711317101238,0.5356444123426725,0.38140777202639814,,,,,,,,,
BRAF,,,,,,,,,,,,
MRPS33,0.20166953817509606,0.4872828835423823,0.3444762108587392,,,,,,,,,
TMEM178B,,,,,,,,,,,,
AGK,,,,,,,,,,,,
DENND11,,,,,,,,,,,,
SSBP1,0.40241797311154404,0.6405138299814124,0.5214659015464782,,,,,,,,,
GSTK1,0.07660447110710462,0.31021890480931025,0.19341168795820743,,,,,,,,,
CASP2,,,,,,,,,,,,
ZYX,0.1669512213951652,0.40154031562408476,0.28424576850962496,,,,,,,,,
TCAF1,,,,,,,,,,,,
TPK1,-0.30162557215031327,-0.1192966211363852,-0.21046109664334922,-0.9876524045250944,-0.43512070662417907,-0.7113865555746367,,,,-0.4552808801346682,-0.09094799211937962,-0.2731144361270239
CNTNAP2,-0.16548434326254394,0.009068493231537526,-0.07820792501550321,-0.976859248170543,-0.3323570380002431,-0.6546081430853931,,,,,,
CUL1,,,,,,,,,,,,
EZH2,,,,,,,,,,,,
PDIA4,,,,,,,,,,,,
ZNF786,,,,,,,,,,,,
ZNF425,,,,,,,,,,,,
ZNF398,,,,,,,,,,,,
ZNF282,0.08786847671662101,0.3218262488412959,0.20484736277895846,,,,,,,,,
ZNF212,,,,,,,,,,,,
ZNF783,,,,,,,,,,,,
ZNF777,,,,-0.9890677929049004,-0.35098868628787483,-0.6700282395963877,,,,,,
ZNF746,0.09740255615983943,0.34996247102349254,0.223682513591666,,,,,,,,,
KRBA1,,,,,,,,,,,,
ZNF862,-0.28506404814417324,-0.15937898329321795,-0.22222151571869558,-0.9891454162068928,-0.5135320722238135,-0.7513387442153532,-0.25034746320896,-0.10755001865125723,-0.17894874093010862,-0.38290399337000636,-0.16251616312626213,-0.27271007824813426
ATP6V0E2,,,,,,,,,,,,
LRRC61,,,,,,,,,,,,
REPIN1,,,,,,,,,,,,
ZNF775,,,,,,,,,,,,
ABCB8,,,,,,,,,,,,
CDK5,0.15892449384658,0.4750104861381984,0.3169674899923892,,,,,,,,,
SLC4A2,,,,,,,,,,,,
FASTK,0.10850393623603864,0.3610909756846366,0.23479745596033763,,,,,,,,,
TMUB1,0.1359217971093255,0.4205805614514284,0.27825117928037696,,,,,,,,,
AGAP3,,,,,,,,,,,,
ABCF2,0.11372354721033853,0.3170020965406761,0.21536282187550732,,,,,,,,,
CHPF2,,,,,,,,,,,,
SMARCD3,,,,,,,,,,,,
NUB1,,,,,,,,,,,,
RHEB,0.1014732433451796,0.37480946863723746,0.23814135599120853,,,,,,,,,
PRKAG2,,,,,,,,,,,,
GALNT11,,,,,,,,,,,,
KMT2C,,,,,,,,,,,,
XRCC2,,,,,,,,,,,,
ACTR3B,-0.4473890555351114,-0.0928901477162445,-0.27013960162567796,-0.9836297457459859,-0.31156715820873004,-0.647598451977358,,,,,,
PAXIP1,,,,,,,,,,,,
INSIG1,,,,,,,,,,,,
EN2,0.14112526160146655,0.3860667512983868,0.26359600644992665,,,,,,,,,
RBM33,,,,,,,,,,,,
RNF32,,,,-0.9881410402503866,-0.3838502959429968,-0.6859956680966917,,,,,,
LMBR1,,,,,,,,,,,,
NOM1,0.12587873406264802,0.355971431230207,0.24092508264642754,,,,,,,,,
MNX1,,,,,,,,,,,,
UBE3C,,,,,,,,,,,,
DNAJB6,0.1885698467550003,0.47345218102278064,0.3310110138888905,,,,,,,,,
NCAPG2,,,,,,,,,,,,
ESYT2,,,,,,,,,,,,
DYNC2I1,,,,,,,,,,,,
FBXO25,,,,,,,,,,,,
ERICH1,,,,,,,,,,,,
CLN8,,,,,,,,,,,,
ARHGEF10,,,,,,,,,,,,
CSMD1,-0.328819127919149,-0.20018399251389377,-0.2645015602165214,-0.9964851616502909,-0.6681721203173256,-0.8323286409838082,-0.27092665535937743,-0.11566912254284982,-0.19329788895111363,-0.4798906607872995,-0.2456893107011884,-0.3627899857442439
MCPH1,,,,,,,,,,,,
ANGPT2,-0.33538992633995995,-0.10399775112019807,-0.21969383873007903,,,,,,,,,
AGPAT5,,,,,,,,,,,,
MFHAS1,,,,-0.9892276400349136,-0.4013447950113245,-0.695286217523119,,,,,,
ERI1,,,,,,,,,,,,
TNKS,,,,,,,,,,,,
MSRA,,,,-0.9905492693871399,-0.5567427309732859,-0.7736460001802129,,,,,,
PINX1,,,,,,,,,,,,
XKR6,-0.26476887262704796,-0.02859090518595166,-0.1466798889064998,-0.9875059659487455,-0.28713455519297426,-0.6373202605708599,,,,,,
MTMR9,,,,,,,,,,,,
GATA4,,,,,,,,,,,,
NEIL2,,,,,,,,,,,,
FDFT1,0.15767266597654608,0.4398384964854367,0.2987555812309914,,,,,,,,,
CTSB,,,,,,,,,,,,
LONRF1,,,,-0.9887602232640791,-0.3006514634320378,-0.6447058433480585,,,,,,
DLC1,,,,,,,,,,,,
SGCZ,-0.17063726307294125,-0.03966047680536512,-0.10514886993915318,-0.9812476846822776,-0.5057056710102779,-0.7434766778462778,,,,,,
TUSC3,,,,,,,,,,,,
MICU3,,,,,,,,,,,,
ZDHHC2,,,,,,,,,,,,
CNOT7,,,,,,,,,,,,
VPS37A,,,,,,,,,,,,
SLC7A2,,,,-0.9845941710669954,-0.39017758590789536,-0.6873858784874454,,,,,,
MTUS1,,,,,,,,,,,,
PCM1,,,,,,,,,,,,
ASAH1,0.1040211436299105,0.32462771983084276,0.21432443173037663,,,,,,,,,
PSD3,,,,-0.9880506486187345,-0.2617868303549423,-0.6249187394868384,,,,,,
SH2D4A,,,,,,,,,,,,
INTS10,,,,,,,,,,,,
ATP6V1B2,,,,,,,,,,,,
XPO7,,,,,,,,,,,,
REEP4,0.19004580581976235,0.40187214106452246,0.2959589734421424,,,,,,,,,
POLR3D,0.12249440097421166,0.34660541359454083,0.23454990728437625,,,,,,,,,
SLC39A14,,,,,,,,,,,,
PPP3CC,,,,,,,,,,,,
SORBS3,,,,-0.9884174095929864,-0.3418110022885527,-0.6651142059407695,,,,,,
PDLIM2,,,,,,,,,,,,
CCAR2,,,,,,,,,,,,
BIN3,,,,,,,,,,,,
TNFRSF10B,,,,,,,,,,,,
CHMP7,,,,,,,,,,,,
R3HCC1,0.0748680456979757,0.31831611594341186,0.1965920808206938,,,,,,,,,
ENTPD4,,,,,,,,,,,,
SLC25A37,-0.2611857284823415,-0.1458410230745229,-0.2035133757784322,-0.9741110908906413,-0.38825884718444725,-0.6811849690375442,-0.34433496104708816,-0.12460405107116791,-0.23446950605912803,-0.4611523162134469,-0.20426927138567583,-0.33271079379956137
NEFM,,,,,,,,,,,,
NEFL,,,,,,,,,,,,
DOCK5,,,,,,,,,,,,
KCTD9,,,,,,,,,,,,
CDCA2,,,,,,,,,,,,
EBF2,-0.26037450794489175,-0.07037074384138484,-0.16537262589313828,,,,,,,-0.35738298657590645,-0.0820444319585384,-0.21971370926722242
PPP2R2A,,,,,,,,,,,,
BNIP3L,,,,,,,,,,,,
PNMA2,,,,,,,,,,,,
DPYSL2,,,,,,,,,,,,
TRIM35,,,,,,,,,,,,
CLU,,,,,,,,,,,,
CCDC25,,,,,,,,,,,,
ESCO2,,,,,,,,,,,,
PBK,,,,,,,,,,,,
ELP3,,,,,,,,,,,,
FBXO16,,,,,,,,,,,,
FZD3,,,,,,,,,,,,
EXTL3,-0.22503326028727075,-0.12553621851160882,-0.17528473939943978,-0.9816438320722372,-0.48578938347371386,-0.7337166077729755,-0.21808063117570628,-0.06988322385621216,-0.14398192751595923,-0.3802191223043638,-0.12769824224873275,-0.2539586822765483
INTS9,,,,-0.9871463211213242,-0.44405452785163135,-0.7156004244864778,,,,,,
HMBOX1,,,,,,,,,,,,
KIF13B,,,,,,,,,,,,
SARAF,,,,,,,,,,,,
LEPROTL1,0.09004432363556361,0.3705609102284293,0.23030261693199644,,,,,,,,,
DCTN6,0.06542211136271292,0.3546094670122375,0.2100157891874752,,,,,,,,,
RBPMS,,,,,,,,,,,,
GTF2E2,,,,,,,,,,,,
GSR,,,,,,,,,,,,
UBXN8,,,,,,,,,,,,
PPP2CB,0.05901193371055627,0.3504453025535641,0.20472861813206017,,,,,,,,,
TEX15,,,,,,,,,,,,
WRN,,,,,,,,,,,,
NRG1,-0.23537941262224926,-0.11315009630804056,-0.17426475446514492,-0.9878593147924466,-0.5059918139093283,-0.7469255643508874,,,,-0.3371184451385167,-0.10336905006339209,-0.2202437476009544
FUT10,,,,,,,,,,,,
TTI2,,,,,,,,,,,,
MAK16,0.09729876026978537,0.3363875654960726,0.21684316288292899,,,,,,,,,
ZNF703,0.11711914214386925,0.35926636782265176,0.2381927549832605,,,,,,,,,
ERLIN2,,,,,,,,,,,,
PLPBP,,,,,,,,,,,,
ADGRA2,,,,,,,,,,,,
RAB11FIP1,,,,,,,,,,,,
EIF4EBP1,0.12880393540934137,0.4085072752358673,0.26865560532260435,,,,,,,,,
ASH2L,,,,,,,,,,,,
LSM1,0.15766682460744658,0.3660078052557955,0.26183731493162105,,,,,,,,,
BAG4,,,,,,,,,,,,
DDHD2,,,,,,,,,,,,
PLPP5,,,,,,,,,,,,
NSD3,,,,,,,,,,,,
FGFR1,,,,,,,,,,,,
TACC1,,,,,,,,,,,,
TM2D2,0.2187621705710712,0.46571017300532785,0.34223617178819954,,,,,,,,,
ADAM9,,,,,,,,,,,,
SFRP1,,,,,,,,,,,,
GOLGA7,,,,,,,,,,,,
GINS4,,,,,,,,,,,,
GPAT4,,,,,,,,,,,,
KAT6A,,,,,,,,,,,,
AP3M2,,,,,,,,,,,,
PLAT,,,,,,,,,,,,
IKBKB,-0.17223300766868324,0.03701138013125333,-0.06761081376871496,-0.9586411222724859,-0.28143520422835205,-0.6200381632504189,,,,,,
POLB,,,,,,,,,,,,
VDAC3,0.2797021050895147,0.5455373833616072,0.4126197442255609,,,,,,,0.1427007351206594,0.5554129501045064,0.3490568426125829
SLC20A2,,,,,,,,,,,,
SMIM19,0.06610885265553204,0.38640477367359033,0.2262568131645612,,,,,,,,,
THAP1,,,,,,,,,,,,
RNF170,,,,,,,,,,,,
HOOK3,,,,-0.9891482870143485,-0.4451633523749851,-0.7171558196946668,,,,,,
FNTA,0.13692509490291,0.41842232535952706,0.27767371013121855,,,,,,,,,
POMK,,,,,,,,,,,,
HGSNAT,,,,,,,,,,,,
SPIDR,-0.3537000891127794,-0.1383433550304351,-0.24602172207160725,-0.9940025814352076,-0.45829603891112713,-0.7261493101731673,,,,,,
CEBPD,,,,,,,,,,,,
PRKDC,,,,,,,,,,,,
MCM4,-0.5116827233767486,-0.14027128278625683,-0.3259770030815027,,,,,,,,,
UBE2V2,,,,,,,,,,,,
SNAI2,,,,,,,,,,,,
PXDNL,-0.28053740484768186,-0.17049660672305963,-0.22551700578537076,-0.9892376898286739,-0.5965712244176525,-0.7929044571231632,-0.2173579377476598,-0.07427280931561078,-0.1458153735316353,-0.36114881512599156,-0.1694901906134849,-0.2653195028697382
PCMTD1,,,,,,,,,,,,
RB1CC1,,,,,,,,,,,,
ATP6V1H,,,,,,,,,,,,
RGS20,,,,,,,,,,,,
TCEA1,,,,,,,,,,,,
LYPLA1,,,,,,,,,,,,
MRPL15,0.15769465954455286,0.4106338789179591,0.284164269231256,,,,,,,,,
TMEM68,,,,,,,,,,,,
TGS1,0.09978227791899089,0.4078023121297341,0.2537922950243625,,,,,,,,,
LYN,,,,,,,,,,,,
RPS20,,,,,,,,,,,,
PLAG1,,,,-0.9917628489568108,-0.39633905348016557,-0.6940509512184881,,,,,,
CHCHD7,0.17622500383168904,0.5327663805917269,0.35449569221170796,,,,,,,,,
BPNT2,,,,,,,,,,,,
FAM110B,,,,,,,,,,,,
UBXN2B,,,,,,,,,,,,
SDCBP,,,,,,,,,,,,
NSMAF,,,,,,,,,,,,
TOX,-0.26499023666368976,-0.07546907180247381,-0.17022965423308178,-0.9868732881765142,-0.48225228206267107,-0.7345627851195926,,,,,,
CA8,,,,,,,,,,,,
RAB2A,,,,,,,,,,,,
CHD7,,,,,,,,,,,,
ASPH,,,,,,,,,,,,
NKAIN3,,,,-0.9948008534060098,-0.5696611494632409,-0.7822310014346253,,,,,,
GGH,,,,,,,,,,,,
YTHDF3,,,,,,,,,,,,
CYP7B1,-0.2993723777888136,-0.15229489870044255,-0.22583363824462807,-0.9932599459130743,-0.5435590501057308,-0.7684094980094025,-0.3144668269889209,-0.13924191963796195,-0.22685437331344144,-0.36000129458545516,-0.14536377334255027,-0.2526825339640027
ARMC1,,,,,,,,,,,,
MTFR1,,,,-0.9913258169469117,-0.555027786314565,-0.7731768016307383,,,,,,
PDE7A,,,,,,,,,,,,
RRS1,0.15404555773753695,0.3639443539800536,0.2589949558587953,,,,,,,,,
MYBL1,,,,,,,,,,,,
VCPIP1,,,,,,,,,,,,
SGK3,,,,,,,,,,,,
COPS5,0.14479495158072678,0.4530859340336963,0.29894044280721155,,,,,,,,,
CSPP1,,,,,,,,,,,,
ARFGEF1,,,,,,,,,,,,
PREX2,,,,,,,,,,,,
C8orf34,,,,,,,-0.3267254260929282,-0.030968182937186572,-0.17884680451505738,,,
SLCO5A1,,,,,,,,,,,,
NCOA2,,,,,,,,,,,,
TRAM1,,,,,,,,,,,,
LACTB2,,,,,,,,,,,,
EYA1,,,,-0.9935424370916901,-0.6076209006992046,-0.8005816688954474,,,,,,
KCNB2,-0.21683136115370272,-0.05458079484270898,-0.13570607799820586,-0.9615847857552603,-0.2667318706403989,-0.6141583281978296,,,,,,
TERF1,,,,,,,,,,,,
RPL7,0.3535747810310195,0.5092350122263537,0.43140489662868664,,,,0.20014788289849186,0.606835479941687,0.4034916814200894,,,
RDH10,,,,,,,,,,,,
STAU2,,,,-0.9932373117839559,-0.48284993027517836,-0.7380436210295671,,,,,,
UBE2W,-0.40832316615612235,-0.06566785297624413,-0.23699550956618323,,,,-0.5953554741843268,-0.17110397111663947,-0.3832297226504831,,,
ELOC,,,,,,,,,,,,
TMEM70,0.11002091859148552,0.4017317109296491,0.2558763147605673,,,,,,,,,
JPH1,-0.342569250576125,-0.09741508068432703,-0.219992165630226,,,,,,,,,
GDAP1,,,,,,,,,,,,
CRISPLD1,,,,,,,,,,,,
HNF4G,,,,-0.9930931319635508,-0.45785455589044327,-0.725473843926997,,,,,,
ZFHX4,,,,,,,,,,,,
PEX2,0.07481897120723918,0.2835574085480477,0.17918818987764343,,,,,,,,,
PKIA,,,,,,,,,,,,
ZC2HC1A,,,,,,,,,,,,
HEY1,,,,,,,,,,,,
MRPS28,,,,,,,,,,,,
TPD52,,,,,,,,,,,,
ZBTB10,,,,,,,,,,,,
ZNF704,,,,,,,,,,,,
PAG1,,,,,,,,,,,,
FABP5,,,,,,,,,,,,
IMPA1,,,,,,,,,,,,
ZFAND1,,,,,,,,,,,,
LRRCC1,,,,,,,,,,,,
E2F5,,,,,,,,,,,,
RBIS,,,,,,,,,,,,
CA13,,,,,,,,,,,,
CA2,,,,,,,,,,,,
WWP1,,,,,,,,,,,,
RMDN1,,,,,,,,,,,,
CPNE3,,,,,,,,,,,,
MMP16,,,,-0.9945550153920102,-0.5438609092596515,-0.7692079623258308,,,,,,
RIPK2,,,,,,,,,,,,
OSGIN2,,,,,,,,,,,,
NBN,0.08161152615646423,0.3565330828867539,0.21907230452160906,,,,,,,,,
DECR1,0.12439496465736893,0.37916872719749484,0.2517818459274319,,,,,,,,,
TMEM64,,,,,,,,,,,,
NECAB1,-0.5062927639060191,-0.21271242132199084,-0.35950259261400497,,,,,,,-0.6248353093740245,-0.18476092868634034,-0.4047981190301824
C8orf88,,,,,,,,,,,,
OTUD6B,,,,,,,,,,,,
LRRC69,-0.31700444537933875,-0.06892100191204942,-0.19296272364569408,-0.9913427717840573,-0.5688186630879651,-0.7800807174360112,,,,,,
RUNX1T1,,,,,,,,,,,,
TRIQK,,,,,,,,,,,,
CIBAR1,,,,,,,,,,,,
RBM12B,,,,,,,,,,,,
TMEM67,,,,,,,,,,,,
RAD54B,,,,-0.9881472216802412,-0.3985048098171344,-0.6933260157486878,,,,,,
VIRMA,,,,,,,,,,,,
ESRP1,-0.3142060092516911,-0.16952535853099865,-0.24186568389134488,-0.9807178569982357,-0.5184061346371902,-0.7495619958177129,-0.3133549957939489,-0.17096775753138785,-0.24216137666266835,-0.3847746366017975,-0.19968189582827123,-0.2922282662150344
DPY19L4,,,,,,,,,,,,
INTS8,,,,,,,,,,,,
CCNE2,-0.35322912156758535,-0.14763928849087923,-0.2504342050292323,,,,,,,,,
NDUFAF6,,,,,,,,,,,,
PLEKHF2,,,,,,,,,,,,
UQCRB,0.2530721391383777,0.554656015205825,0.4038640771721014,,,,,,,,,
MTERF3,,,,,,,,,,,,
PTDSS1,,,,,,,,,,,,
SDC2,,,,,,,,,,,,
MTDH,0.11184244912466858,0.4353677732701458,0.2736051111974072,,,,,,,,,
LAPTM4B,0.16267543810281157,0.4266077696259798,0.2946416038643957,,,,,,,,,
RPL30,0.23200785873818286,0.5462156855143134,0.38911177212624815,,,,,,,,,
ERICH5,,,,-0.9873858570159121,-0.2742497587717124,-0.6308178078938123,,,,,,
RIDA,0.06241962664488871,0.32267179971223175,0.19254571317856023,,,,,,,,,
POP1,,,,,,,,,,,,
STK3,,,,,,,,,,,,
VPS13B,-0.35238315050556496,-0.08384840277146488,-0.21811577663851492,-0.9863873569696489,-0.2698014870675296,-0.6280944220185892,,,,,,
COX6C,0.21404617244092033,0.4253931719646468,0.3197196722027836,,,,,,,,,
POLR2K,,,,,,,,,,,,
SPAG1,,,,,,,,,,,,
RNF19A,,,,,,,,,,,,
ANKRD46,,,,,,,,,,,,
PABPC1,,,,,,,,,,,,
YWHAZ,,,,,,,,,,,,
ZNF706,,,,,,,,,,,,
NCALD,-0.26683815098244656,-0.13977448811832321,-0.2033063195503849,-0.9797206347794004,-0.49273945814630377,-0.7362300464628521,-0.30483953774028,-0.06946585588450935,-0.18715269681239466,-0.33026485171786796,-0.1725539025307986,-0.2514093771243333
RRM2B,,,,,,,,,,,,
UBR5,,,,,,,,,,,,
AZIN1,,,,,,,,,,,,
ATP6V1C1,,,,,,,,,,,,
FZD6,,,,-0.9897355136393978,-0.4478252193946606,-0.7187803665170291,,,,,,
SLC25A32,0.11825743815583377,0.33637614079606504,0.2273167894759494,,,,,,,,,
DCAF13,0.21922536432107187,0.4703092101932923,0.3447672872571821,,,,,,,,,
RIMS2,-0.20186329452182106,-0.07029773134984765,-0.13608051293583434,,,,,,,-0.22542987139627776,-0.021230899622456428,-0.12333038550936709
LRP12,,,,,,,,,,,,
ZFPM2,-0.4038582237852332,-0.18813376969939927,-0.29599599674231625,-0.9956088069900951,-0.5994126572288682,-0.7975107321094816,-0.4177002436118926,-0.12548206981795673,-0.2715911567149247,-0.5123584616292833,-0.18626249414458723,-0.34931047788693526
OXR1,,,,,,,,,,,,
EIF3E,0.236673168409689,0.5126745790711946,0.3746738737404418,,,,,,,,,
EMC2,,,,,,,,,,,,
NUDCD1,,,,,,,,,,,,
ENY2,,,,,,,,,,,,
EBAG9,,,,,,,,,,,,
SYBU,,,,-0.9940769637047985,-0.4853706776986689,-0.7397238207017337,,,,,,
CSMD3,-0.30487593828224363,-0.1499060244241853,-0.22739098135321445,-0.9900697996471739,-0.5335911774445334,-0.7618304885458537,-0.29933253956167105,-0.10661020856074835,-0.2029713740612097,-0.3319575956104077,-0.05295983072169307,-0.1924587131660504
TRPS1,,,,,,,,,,,,
EIF3H,0.21728130564419001,0.5082287790807788,0.3627550423624844,,,,,,,,,
UTP23,0.10238294712233216,0.3268881116864184,0.21463552940437527,,,,,,,,,
RAD21,0.12025522772638092,0.33237414316405856,0.22631468544521974,,,,0.1449398992247158,0.41146792017109496,0.27820390969790537,,,
MED30,,,,,,,,,,,,
EXT1,-0.49731282202056387,-0.24704217986591132,-0.3721775009432376,-0.9919332830907571,-0.4900649809560093,-0.7409991320233832,,,,-0.6299368453818002,-0.21460368680031308,-0.4222702660910566
SAMD12,,,,-0.9892478344375648,-0.4956741759937014,-0.7424610052156331,,,,,,
TAF2,,,,,,,,,,,,
DSCC1,,,,,,,,,,,,
DEPTOR,,,,-0.9846417917439869,-0.48282270510648295,-0.7337322484252349,,,,,,
MRPL13,0.10654250207604207,0.384163904729606,0.24535320340282402,,,,,,,,,
MTBP,,,,,,,,,,,,
SNTB1,,,,-0.9949792865160616,-0.5222613125810394,-0.7586202995485505,,,,,,
HAS2,,,,,,,,,,,,
ZHX2,,,,,,,,,,,,
DERL1,0.10052254875406486,0.3433033743253882,0.22191296153972653,,,,,,,,,
TBC1D31,,,,,,,,,,,,
C8orf76,0.10868422427084251,0.38032630585738975,0.24450526506411613,,,,,,,,,
ZHX1,0.15691785377771036,0.37539601800540456,0.2661569358915575,,,,,,,,,
ATAD2,-0.5630752965782905,-0.1039353033764479,-0.33350529997736916,,,,,,,,,
NTAQ1,,,,,,,,,,,,
FBXO32,,,,,,,,,,,,
FAM91A1,,,,,,,,,,,,
TMEM65,,,,,,,,,,,,
TRMT12,,,,,,,,,,,,
RNF139,,,,,,,,,,,,
TATDN1,0.14102698004114617,0.4406765544603792,0.29085176725076267,,,,,,,,,
NDUFB9,0.19468693271537024,0.3985303065173252,0.2966086196163477,,,,,,,,,
MTSS1,,,,,,,,,,,,
SQLE,0.27046545008365835,0.43752809229366024,0.3539967711886593,,,,,,,,,
WASHC5,,,,,,,,,,,,
NSMCE2,,,,,,,,,,,,
TRIB1,,,,,,,,,,,,
LRATD2,,,,,,,,,,,,
MYC,,,,,,,,,,,,
CYRIB,,,,,,,,,,,,
ASAP1,,,,,,,,,,,,
EFR3A,0.08301343812351349,0.33863302860363603,0.21082323336357475,,,,,,,,,
PHF20L1,0.1476650759643635,0.37892275894510763,0.26329391745473557,,,,,,,,,
NDRG1,,,,-0.9915869064014644,-0.3544719157050288,-0.6730294110532467,,,,,,
ST3GAL1,,,,-0.9957217690071235,-0.5909283726421931,-0.7933250708246583,,,,,,
ZFAT,,,,,,,,,,,,
KHDRBS3,,,,,,,,,,,,
TRAPPC9,,,,-0.9902751003741421,-0.49068706945534196,-0.7404810849147421,,,,,,
CHRAC1,,,,,,,,,,,,
AGO2,,,,,,,,,,,,
PTK2,-0.3371480717366251,-0.057053327545109035,-0.19710069964086707,-0.9913312035631381,-0.6052354042161658,-0.798283303889652,,,,,,
SLC45A4,,,,,,,,,,,,
TSNARE1,,,,,,,,,,,,
JRK,,,,,,,,,,,,
THEM6,,,,,,,,,,,,
LY6E,,,,,,,,,,,,
TOP1MT,0.10219751370246706,0.34659764288806405,0.22439757829526555,,,,,,,,,
ZC3H3,,,,,,,,,,,,
NAPRT,,,,,,,,,,,,
EEF1D,0.3239890454974272,0.5437282167449059,0.4338586311211665,,,,,,,,,
TIGD5,,,,,,,,,,,,
PYCR3,,,,,,,,,,,,
GFUS,,,,,,,,,,,,
ZNF623,,,,,,,,,,,,
SCRIB,,,,,,,,,,,,
PUF60,0.12442395132100184,0.42275816267293026,0.27359105699696606,,,,,,,,,
PLEC,,,,,,,,,,,,
GRINA,,,,,,,,,,,,
EXOSC4,0.1905458487423905,0.47397436717639385,0.3322601079593922,,,,,,,,,
GPAA1,0.07655566288529374,0.3438678975850081,0.2102117802351509,,,,,,,,,
CYC1,0.23684882438000246,0.5171811865418114,0.37701500546090694,,,,,,,,,
SHARPIN,,,,,,,,,,,,
MAF1,0.11138079818524431,0.4141117406999017,0.262746269442573,,,,,,,,,
HGH1,,,,,,,,,,,,
MROH1,,,,,,,,,,,,
BOP1,0.1279632713203045,0.42268815107464036,0.2753257111974724,,,,,,,,,
HSF1,0.09490955534580768,0.3689036272538005,0.2319065912998041,,,,,,,,,
DGAT1,,,,,,,,,,,,
SLC52A2,0.0954091103469259,0.3588364982348603,0.2271228042908931,,,,,,,,,
FBXL6,,,,,,,,,,,,
CPSF1,,,,,,,,,,,,
SLC39A4,,,,,,,,,,,,
VPS28,0.1283623293235685,0.40053120512150914,0.2644467672225388,,,,,,,,,
TONSL,,,,,,,,,,,,
ZFTRAF1,,,,,,,,,,,,
TMEM276,0.0762392463211957,0.32508650198001476,0.20066287415060524,,,,,,,,,
PPP1R16A,,,,-0.9897084295339198,-0.2392581859714211,-0.6144833077526705,,,,,,
MFSD3,,,,,,,,,,,,
RECQL4,,,,,,,,,,,,
LRRC14,,,,,,,,,,,,
C8orf82,,,,,,,,,,,,
ARHGAP39,,,,,,,,,,,,
ZNF251,,,,,,,,,,,,
ZNF34,,,,,,,,,,,,
RPL8,0.3618422957799043,0.5308093678847787,0.44632583183234154,,,,0.23311378076587816,0.4859526139781952,0.3595331973720367,,,
ZNF7,,,,,,,,,,,,
COMMD5,,,,,,,,,,,,
ZNF250,,,,-0.990286406780814,-0.2779755642798559,-0.634130985530335,,,,,,
ZNF16,,,,,,,,,,,,
C8orf33,,,,,,,,,,,,
ZNG1A,,,,,,,,,,,,
DOCK8,,,,,,,,,,,,
KANK1,,,,,,,,,,,,
SMARCA2,,,,-0.9957280369395637,-0.43849696420887124,-0.7171125005742175,,,,,,
PUM3,,,,,,,,,,,,
RFX3,,,,,,,,,,,,
GLIS3,,,,,,,,,,,,
SLC1A1,,,,,,,,,,,,
CDC37L1,,,,,,,,,,,,
AK3,,,,,,,,,,,,
RCL1,,,,,,,,,,,,
JAK2,,,,,,,,,,,,
PLGRKT,,,,,,,,,,,,
RIC1,,,,,,,,,,,,
ERMP1,,,,,,,,,,,,
KIAA2026,,,,,,,,,,,,
RANBP6,,,,,,,,,,,,
UHRF2,-0.444338985759442,-0.16333455752109374,-0.30383677164026784,-0.991229469238785,-0.521982625988216,-0.7566060476135005,-0.6876044496253634,-0.1663548530911582,-0.42697965135826077,,,
GLDC,,,,,,,,,,,,
KDM4C,-0.8638721975446289,-0.26169760904809036,-0.5627849032963597,-0.9962426924209984,-0.5854798525412728,-0.7908612724811356,-0.9693711678475121,-0.1778799983491036,-0.5736255830983078,,,
DMAC1,0.16211159459748353,0.4039873480910878,0.28304947134428565,,,,,,,,,
PTPRD,-0.2776473851699608,-0.10645848148314878,-0.1920529333265548,-0.9872509274263308,-0.5812693816548586,-0.7842601545405947,,,,,,
MPDZ,,,,,,,,,,,,
NFIB,,,,-0.9730613499926123,-0.27364222020506035,-0.6233517850988364,,,,,,
ZDHHC21,,,,,,,,,,,,
TTC39B,,,,,,,,,,,,
SNAPC3,,,,,,,,,,,,
PSIP1,,,,,,,,,,,,
CCDC171,,,,,,,,,,,,
BNC2,,,,-0.9762704755433558,-0.26045388022871746,-0.6183621778860366,,,,,,
CNTLN,,,,,,,,,,,,
SH3GL2,,,,,,,,,,,,
ADAMTSL1,-0.12223687840044825,-0.01653128796432267,-0.06938408318238545,,,,,,,,,
RRAGA,0.24270024991245243,0.5350777338001895,0.388888991856321,,,,,,,,,
HAUS6,,,,,,,,,,,,
PLIN2,0.14182024522821232,0.41675983391570265,0.27929003957195747,,,,,,,,,
DENND4C,,,,,,,,,,,,
RPS6,0.4453075799639169,0.6784784234078193,0.5618930016858681,,,,,,,,,
MLLT3,,,,,,,,,,,,
FOCAD,,,,,,,,,,,,
KLHL9,,,,,,,,,,,,
MTAP,,,,,,,,,,,,
CDKN2A,0.3522984854002581,0.597295673700411,0.47479707955033457,,,,,,,,,
CDKN2B,,,,,,,,,,,,
ELAVL2,,,,,,,,,,,,
TUSC1,0.09586927568430104,0.3902446922414764,0.24305698396288872,,,,,,,,,
CAAP1,,,,,,,,,,,,
PLAA,,,,,,,,,,,,
IFT74,0.0756540422944626,0.3680660213909622,0.22186003184271239,,,,,,,,,
MOB3B,-0.4302299807100116,-0.16932650553656334,-0.2997782431232875,-0.9939760755597079,-0.5466866158463469,-0.7703313457030274,,,,,,
C9orf72,,,,,,,,,,,,
LINGO2,-0.213567817201702,-0.04902510499511761,-0.1312964610984098,,,,,,,,,
ACO1,,,,,,,,,,,,
RIGI,-0.2608642029659282,-0.10174867769789923,-0.18130644033191373,-0.9786358695965577,-0.2785860811524091,-0.6286109753744834,,,,-0.3766012713320479,-0.07931814686514048,-0.2279597090985942
TOPORS,,,,,,,,,,,,
SMIM27,,,,,,,,,,,,
NDUFB6,0.23127894742360347,0.5782041554011778,0.4047415514123906,,,,,,,,,
APTX,,,,,,,,,,,,
DNAJA1,0.14748034197283375,0.3864450422941564,0.26696269213349505,,,,,,,,,
SMU1,,,,,,,,,,,,
B4GALT1,-0.43910964717378553,-0.12663943735322628,-0.2828745422635059,,,,-0.5974723918499172,-0.15215617998312442,-0.3748142859165208,,,
BAG1,0.07740622410858937,0.35525535370528133,0.21633078890693536,,,,,,,,,
CHMP5,0.1216889300351902,0.3499500562325498,0.23581949313387002,,,,,,,,,
NFX1,,,,,,,,,,,,
NOL6,0.06590243976088998,0.30280446201997224,0.18435345089043112,,,,,,,,,
ANKRD18B,0.09281632592227983,0.3250020775339385,0.20890920172810917,,,,,,,,,
UBE2R2,0.06697787688266595,0.3366158370799834,0.20179685698132466,,,,,,,,,
UBAP2,,,,,,,,,,,,
DCAF12,,,,,,,,,,,,
UBAP1,,,,,,,,,,,,
KIF24,,,,,,,,,,,,
NUDT2,0.14320680027965982,0.43175904250632874,0.28748292139299425,,,,,,,,,
FAM219A,,,,,,,,,,,,
ENHO,,,,,,,,,,,,
RPP25L,0.14169678341913458,0.37364339433104826,0.2576700888750914,,,,,,,,,
DCTN3,0.2294818066942286,0.48596039503844773,0.3577211008663382,,,,,,,,,
SIGMAR1,0.25537114677628947,0.5081042532722596,0.38173770002427454,,,,0.2443127237915982,0.5807946594963764,0.4125536916439873,,,
GALT,,,,,,,,,,,,
ENSG00000187186,,,,,,,,,,,,
VCP,0.09831357664006084,0.3946518279242219,0.24648270228214136,,,,,,,,,
FANCG,,,,,,,,,,,,
PIGO,,,,,,,,,,,,
STOML2,0.3396747197125643,0.612235070292908,0.47595489500273613,,,,,,,,,
UNC13B,,,,-0.9917542045989589,-0.4635660599853397,-0.7276601322921493,,,,,,
RUSC2,,,,,,,,,,,,
CCDC107,,,,,,,,,,,,
ARHGEF39,0.25894687361538454,0.4789849969590663,0.36896593528722543,,,,,,,,,
TLN1,0.18684027900603806,0.4832168234818218,0.33502855124392994,,,,,,,,,
CREB3,0.07718353189392063,0.32022021231274406,0.19870187210333234,,,,,,,,,
GBA2,,,,,,,,,,,,
RGP1,0.0785269466765775,0.3523942767188685,0.21546061169772301,,,,,,,,,
HINT2,0.21372624459456582,0.5068583862218395,0.36029231540820267,,,,,,,,,
RECK,,,,,,,,,,,,
GLIPR2,,,,,,,,,,,,
CLTA,0.09862447275465037,0.4195991386510516,0.259111805702851,,,,,,,,,
GNE,,,,,,,,,,,,
RNF38,,,,,,,,,,,,
MELK,-0.5470467881105389,-0.2612986425487488,-0.40417271532964383,-0.9954183035883586,-0.5690387383762437,-0.7822285209823012,-0.4622779526569618,-0.12779156420005588,-0.29503475842850885,-0.9183010430806781,-0.29125788484864706,-0.6047794639646625
ZCCHC7,,,,,,,,,,,,
GRHPR,,,,,,,,,,,,
ZBTB5,,,,,,,,,,,,
POLR1E,,,,,,,,,,,,
FBXO10,,,,,,,,,,,,
TOMM5,,,,,,,,,,,,
TRMT10B,,,,-0.9934187556262456,-0.6456806861538484,-0.8195497208900471,,,,,,
EXOSC3,0.1509250272372247,0.492568170573869,0.32174659890554685,,,,,,,,,
DCAF10,,,,,,,,,,,,
SLC25A51,,,,,,,,,,,,
SHB,,,,,,,,,,,,
ALDH1B1,,,,,,,,,,,,
IGFBPL1,,,,,,,,,,,,
ANKRD18A,,,,,,,,,,,,
CNTNAP3,,,,,,,,,,,,
ZNG1F,,,,,,,,,,,,
CNTNAP3B,,,,,,,,,,,,
ZNG1E,,,,,,,,,,,,
ZNG1C,-0.45275958077479556,-0.17524123630401148,-0.31400040853940353,,,,-0.7136940252073624,-0.2432494920645159,-0.47847175863593916,,,
PIP5K1B,,,,,,,,,,,,
PABIR1,,,,,,,,,,,,
FXN,0.08214075480789734,0.3709365833865241,0.2265386690972107,,,,,,,,,
TJP2,,,,,,,,,,,,
PTAR1,,,,,,,,,,,,
SMC5,,,,,,,,,,,,
KLF9,,,,,,,,,,,,
TRPM3,-0.34884389355433265,-0.213567742883393,-0.2812058182188628,-0.9935972310326747,-0.6787684367550009,-0.8361828338938377,-0.313988553143831,-0.15169535752520674,-0.23284195533451887,-0.46758340789396724,-0.21716304815251877,-0.342373228023243
CEMIP2,,,,,,,,,,,,
ABHD17B,,,,,,,,,,,,
C9orf85,,,,,,,,,,,,
ZFAND5,0.18589817960476412,0.43899471354715475,0.31244644657595944,,,,,,,,,
RORB,,,,,,,,,,,,
TRPM6,,,,-0.9704922196284086,-0.360693135032625,-0.6655926773305167,,,,,,
C9orf40,,,,,,,,,,,,
CARNMT1,,,,,,,,,,,,
NMRK1,,,,,,,,,,,,
OSTF1,,,,,,,,,,,,
PCSK5,,,,,,,,,,,,
RFK,0.23515765830327057,0.5313511890784672,0.38325442369086893,,,,0.18588448529453647,0.681364424649506,0.43362445497202123,,,
GCNT1,-0.12763944531077126,-0.052452537801622956,-0.09004599155619711,-0.8993843124064844,-0.31337294498052265,-0.6063786286935036,-0.8330264949584788,-0.0995016673312081,-0.46626408114484347,-0.2659429510662071,-0.053298849903046105,-0.1596209004846266
VPS13A,,,,,,,,,,,,
GNAQ,,,,,,,,,,,,
CEP78,,,,,,,,,,,,
PSAT1,0.07679659477603556,0.34515435538815625,0.2109754750820959,,,,,,,,,
TLE4,,,,,,,,,,,,
TLE1,,,,,,,,,,,,
RASEF,,,,,,,,,,,,
FRMD3,,,,-0.9920070807067316,-0.5257536259853598,-0.7588803533460458,,,,,,
UBQLN1,,,,,,,,,,,,
GKAP1,,,,,,,,,,,,
KIF27,,,,,,,,,,,,
C9orf64,,,,,,,,,,,,
HNRNPK,,,,,,,,,,,,
RMI1,,,,,,,,,,,,
AGTPBP1,,,,-0.9897608745843767,-0.45762277184081773,-0.7236918232125972,,,,,,
NAA35,,,,,,,,,,,,
GOLM1,,,,,,,,,,,,
ISCA1,,,,,,,,,,,,
TUT7,,,,,,,,,,,,
GAS1,,,,,,,,,,,,
DAPK1,,,,,,,,,,,,
CTSL,0.11361071885957655,0.3847243505759272,0.24916753471775188,,,,,,,,,
SPIN1,,,,,,,,,,,,
CKS2,0.3886436784373759,0.5806579327991225,0.4846508056182492,,,,,,,0.15534294912851426,0.5199112880490886,0.33762711858880146
SECISBP2,,,,,,,,,,,,
SEMA4D,-0.23259472299636647,-0.017383998233145036,-0.12498936061475575,-0.9862830593047112,-0.3853731499587078,-0.6858281046317095,,,,,,
SYK,,,,,,,,,,,,
AUH,,,,,,,,,,,,
NFIL3,,,,,,,,,,,,
ROR2,,,,-0.992478816045735,-0.5382046393016376,-0.7653417276736862,,,,,,
SPTLC1,,,,,,,,,,,,
IARS1,,,,,,,,,,,,
NOL8,0.15563307345205923,0.4120291465611987,0.283831110006629,,,,,,,,,
CENPP,-0.44423695678218944,-0.18141250603156064,-0.31282473140687506,,,,-0.5828878535543798,-0.015031986883283503,-0.29895992021883167,,,
OGN,-0.38328015388855396,-0.15804704335569406,-0.270663598622124,,,,-0.503673748423073,-0.12828983507713115,-0.3159817917501021,,,
ECM2,-0.7213379237969041,-0.40035640172004167,-0.5608471627584729,,,,-0.8811009709136157,-0.3142902108540938,-0.5976955908838548,-0.6768154032418284,-0.23818721647525853,-0.4575013098585435
IPPK,,,,,,,,,,,,
BICD2,,,,,,,,,,,,
ZNF484,,,,,,,,,,,,
CARD19,,,,,,,,,,,,
NINJ1,,,,,,,,,,,,
WNK2,,,,,,,,,,,,
FAM120AOS,0.11977775046297688,0.38280009384114283,0.25128892215205983,,,,,,,,,
FAM120A,,,,,,,,,,,,
PHF2,,,,,,,,,,,,
BARX1,,,,,,,,,,,,
PTPDC1,,,,,,,,,,,,
ZNF169,,,,,,,,,,,,
MFSD14B,,,,,,,,,,,,
AOPEP,,,,-0.9828500102206444,-0.33129106669389247,-0.6570705384572685,,,,,,
FANCC,,,,,,,,,,,,
PTCH1,,,,,,,,,,,,
ERCC6L2,,,,,,,,,,,,
ZNF367,-0.3054637774348266,-0.09241003330409689,-0.19893690536946174,-0.9904928454446432,-0.5265527581473195,-0.7585228017959813,,,,,,
HABP4,,,,,,,,,,,,
CDC14B,,,,,,,,,,,,
PRXL2C,,,,,,,,,,,,
ZNF782,,,,-0.9922318445241286,-0.36198438471908995,-0.6771081146216092,,,,,,
CTSV,,,,,,,,,,,,
TDRD7,,,,,,,,,,,,
TMOD1,,,,,,,,,,,,
TSTD2,,,,,,,,,,,,
NCBP1,,,,,,,,,,,,
XPA,0.10517695091256289,0.39241316622166333,0.24879505856711312,,,,,,,,,
TRMO,,,,,,,,,,,,
ANP32B,0.1348385452832889,0.4100276721393057,0.2724331087112973,,,,,,,,,
NANS,0.12946355634175866,0.46942782836397545,0.29944569235286705,,,,,,,,,
TRIM14,,,,,,,,,,,,
CORO2A,,,,,,,,,,,,
GABBR2,-0.21722147419185464,-0.1181066148596308,-0.1676640445257427,-0.9565181784286467,-0.352769270747536,-0.6546437245880914,,,,-0.39652849150164665,-0.16755235533342666,-0.28204042341753666
ANKS6,,,,,,,,,,,,
GALNT12,,,,,,,,,,,,
TGFBR1,,,,,,,,,,,,
ALG2,,,,,,,,,,,,
SEC61B,0.3001095268223473,0.6461742740615469,0.47314190044194715,,,,,,,,,
STX17,0.09072308849077301,0.3307508022103447,0.21073694535055887,,,,,,,,,
ERP44,,,,,,,,,,,,
INVS,,,,,,,,,,,,
TEX10,,,,-0.989199749120491,-0.3214902960632879,-0.6553450225918894,,,,,,
MSANTD3,,,,,,,,,,,,
TMEFF1,,,,,,,,,,,,
MRPL50,0.2244509483172199,0.4832098000167955,0.3538303741670077,,,,,,,,,
ZNF189,,,,,,,,,,,,
PGAP4,,,,,,,,,,,,
RNF20,0.136657644149864,0.3437846802958956,0.2402211622228798,,,,,,,,,
SMC2,0.20690714326301732,0.4605513085535125,0.3337292259082649,,,,,,,,,
NIPSNAP3A,,,,,,,,,,,,
SLC44A1,,,,,,,,,,,,
FSD1L,,,,,,,,,,,,
FKTN,,,,,,,,,,,,
TMEM38B,0.18773449387617525,0.463620208914808,0.3256773513954916,,,,,,,,,
ZNF462,,,,,,,-0.861662458128857,-0.22658582186885082,-0.5441241399988539,,,
RAD23B,0.16203231189958486,0.4439615967264064,0.3029969543129956,,,,,,,,,
ELP1,0.08879044725831917,0.37710638200622604,0.23294841463227262,,,,,,,,,
ABITRAM,,,,,,,,,,,,
CTNNAL1,,,,,,,,,,,,
TMEM245,,,,,,,,,,,,
EPB41L4B,,,,,,,,,,,,
PTPN3,,,,,,,,,,,,
PALM2AKAP2,,,,-0.9896590519061181,-0.3548464385804273,-0.6722527452432727,,,,,,
TXN,0.3055065734491201,0.5954691061376157,0.45048783979336793,,,,,,,,,
LPAR1,,,,-0.9808388792596083,-0.2400301369122308,-0.6104345080859196,,,,,,
ECPAS,,,,,,,,,,,,
ZNF483,-0.41571318717017475,-0.0983593249403714,-0.2570362560552731,,,,,,,,,
DNAJC25,,,,,,,,,,,,
GNG10,,,,,,,,,,,,
UGCG,,,,,,,,,,,,
SUSD1,,,,,,,,,,,,
PTBP3,,,,,,,,,,,,
HSDL2,,,,,,,,,,,,
KIAA1958,,,,-0.9772862818258671,-0.32789672871701336,-0.6525915052714402,,,,,,
INIP,,,,,,,,,,,,
SNX30,,,,,,,,,,,,
ZNF883,,,,,,,,,,,,
FKBP15,,,,,,,,,,,,
SLC31A1,,,,,,,,,,,,
CDC26,0.18511396011446865,0.5542815622859469,0.3696977612002078,,,,,,,,,
PRPF4,,,,,,,,,,,,
HDHD3,,,,-0.9863853120792349,-0.36686931100953785,-0.6766273115443864,,,,,,
POLE3,0.23392819681288846,0.48808942630004454,0.36100881155646647,,,,,,,,,
ZNF618,,,,,,,,,,,,
COL27A1,,,,,,,,,,,,
WHRN,,,,,,,,,,,,
ATP6V1G1,0.32395301822903766,0.5855556923060543,0.454754355267546,,,,,,,,,
TMEM268,,,,,,,,,,,,
ASTN2,,,,-0.9887048726994746,-0.241935287568932,-0.6153200801342034,,,,,,
TRIM32,0.07759393259074245,0.3258468297773844,0.2017203811840634,,,,,,,,,
CDK5RAP2,,,,,,,,,,,,
MEGF9,,,,,,,,,,,,
FBXW2,,,,,,,,,,,,
B3GALT9,,,,,,,,,,,,
PSMD5,,,,,,,,,,,,
PHF19,,,,,,,,,,,,
CNTRL,,,,,,,,,,,,
RAB14,0.23314003024023353,0.49443382986582274,0.36378693005302815,,,,,,,,,
STOM,,,,,,,,,,,,
DAB2IP,,,,,,,,,,,,
TTLL11,,,,,,,,,,,,
NDUFA8,0.2831787644146874,0.498040312119885,0.39060953826728617,,,,,,,0.15584383013975012,0.6109513592266355,0.3833975946831928
RBM18,0.07845116776639575,0.3724453107579734,0.22544823926218457,,,,,,,,,
MRRF,0.06922120234226845,0.36188461662670507,0.21555290948448674,,,,,,,,,
PDCL,,,,,,,,,,,,
RC3H2,,,,,,,,,,,,
ZBTB6,,,,,,,,,,,,
RABGAP1,,,,,,,,,,,,
STRBP,,,,,,,,,,,,
DENND1A,,,,,,,,,,,,
NEK6,0.08346953912931139,0.35364061401913066,0.21855507657422102,,,,,,,,,
PSMB7,0.27657416352784375,0.5823364873679828,0.4294553254479133,,,,,,,,,
NR6A1,,,,,,,,,,,,
RPL35,0.34191114507901665,0.5817517415666181,0.4618314433228174,,,,,,,,,
ARPC5L,0.15889012662745083,0.47780485812127255,0.31834749237436166,,,,,,,,,
GOLGA1,,,,,,,,,,,,
SCAI,,,,,,,,,,,,
PPP6C,,,,,,,,,,,,
RABEPK,0.12859563433321966,0.4104548853549497,0.26952525984408465,,,,,,,,,
HSPA5,0.12646261826765326,0.3289026715168934,0.22768264489227333,,,,,,,,,
GAPVD1,0.08873002521692491,0.34006677005657826,0.2143983976367516,,,,,,,,,
MAPKAP1,,,,,,,,,,,,
PBX3,-0.28071952709232034,-0.04209961783469811,-0.16140957246350923,-0.9928542831488734,-0.49170837447247234,-0.7422813288106729,,,,,,
MVB12B,,,,,,,,,,,,
LMX1B,,,,,,,,,,,,
ZBTB43,,,,,,,,,,,,
RALGPS1,-0.26108793939009317,-0.0614604889639692,-0.1612742141770312,-0.9890100515483891,-0.40816876264610064,-0.6985894070972448,,,,,,
GARNL3,,,,-0.9936165298152179,-0.46090501934879136,-0.7272607745820046,,,,,,
SLC2A8,,,,,,,,,,,,
ZNF79,,,,,,,,,,,,
RPL12,0.27439456341041457,0.8735855513230807,0.5739900573667476,,,,,,,,,
LRSAM1,,,,,,,,,,,,
NIBAN2,0.06783522085564267,0.2932375447186448,0.18053638278714373,,,,,,,,,
STXBP1,,,,,,,,,,,,
PTRH1,,,,,,,,,,,,
TOR2A,,,,,,,,,,,,
CDK9,,,,,,,,,,,,
FPGS,,,,,,,,,,,,
AK1,0.10891130814722179,0.44256706539126,0.2757391867692409,,,,,,,,,
ST6GALNAC6,,,,,,,,,,,,
DPM2,,,,,,,,,,,,
EEIG1,,,,,,,,,,,,
SLC25A25,,,,,,,,,,,,
PTGES2,0.23182277596842196,0.45932938852301775,0.34557608224571984,,,,,,,,,
BBLN,0.10276877375482961,0.4620965544518502,0.2824326641033399,,,,,,,,,
CIZ1,0.10982805179839422,0.39798720022370726,0.25390762601105077,,,,,,,,,
DNM1,,,,,,,,,,,,
GOLGA2,,,,,,,,,,,,
SWI5,,,,,,,,,,,,
TRUB2,0.2635417221331558,0.5186539350685091,0.3910978286008324,,,,,,,,,
COQ4,0.11552297656611499,0.37158598886983096,0.24355448271797298,,,,,,,,,
SLC27A4,0.11715345215703425,0.34367974279093855,0.2304165974739864,,,,,,,,,
URM1,,,,,,,,,,,,
CERCAM,,,,,,,,,,,,
ODF2,,,,,,,,,,,,
GLE1,,,,,,,,,,,,
SPTAN1,,,,,,,,,,,,
DYNC2I2,,,,,,,,,,,,
SET,,,,,,,,,,,,
PKN3,,,,,,,,,,,,
ZDHHC12,,,,,,,,,,,,
ZER1,,,,,,,,,,,,
TBC1D13,,,,,,,,,,,,
ENDOG,0.23429824231886318,0.4557537810911775,0.34502601170502034,,,,,,,,,
SPOUT1,,,,,,,,,,,,
KYAT1,,,,,,,,,,,,
LRRC8A,,,,,,,,,,,,
PHYHD1,,,,,,,,,,,,
DOLK,0.09527429335352101,0.3647075910180511,0.22999094218578606,,,,,,,,,
NUP188,,,,,,,,,,,,
SH3GLB2,0.12841683696701814,0.37024950175799126,0.24933316936250471,,,,,,,,,
MIGA2,,,,-0.9933282650073744,-0.5815524553722736,-0.787440360189824,,,,,,
DOLPP1,,,,,,,,,,,,
CRAT,,,,,,,,,,,,
PTPA,0.08741237193399315,0.3646794486299833,0.22604591028198823,,,,,,,,,
NTMT1,0.1716818525708741,0.47970042008318914,0.3256911363270316,,,,,,,,,
ASB6,,,,,,,,,,,,
TOR1B,,,,,,,,,,,,
TOR1A,0.07681582332772885,0.3061323249421984,0.19147407413496362,,,,,,,,,
C9orf78,0.19000968959612638,0.49945173802564635,0.3447307138108864,,,,,,,,,
USP20,,,,-0.992108305782221,-0.5199816796384733,-0.7560449927103472,,,,,,
FNBP1,,,,,,,,,,,,
GPR107,,,,,,,,,,,,
NCS1,,,,,,,,,,,,
ASS1,,,,,,,,,,,,
FUBP3,,,,,,,,,,,,
EXOSC2,,,,,,,,,,,,
ABL1,,,,,,,,,,,,
LAMC3,,,,,,,,,,,,
AIF1L,,,,,,,,,,,,
NUP214,,,,,,,,,,,,
PLPP7,-0.14947139734778225,-0.005365787777566507,-0.07741859256267437,-0.9889948542506096,-0.5542315640524293,-0.7716132091515195,,,,,,
PRRC2B,,,,,,,,,,,,
POMT1,,,,,,,,,,,,
UCK1,,,,,,,,,,,,
RAPGEF1,,,,,,,,,,,,
MED27,,,,,,,,,,,,
SETX,,,,,,,,,,,,
TTF1,0.10321512074438913,0.3798466631913056,0.24153089196784738,,,,,,,,,
DDX31,,,,,,,,,,,,
GTF3C4,0.11779332015782605,0.405835058187954,0.26181418917289,,,,,,,,,
SPACA9,,,,,,,,,,,,
TSC1,,,,,,,,,,,,
GTF3C5,0.10314470933018718,0.3615451847664056,0.2323449470482964,,,,,,,,,
RALGDS,,,,,,,,,,,,
SURF6,,,,,,,,,,,,
MED22,,,,,,,,,,,,
RPL7A,0.4178444342818653,0.6228249825274572,0.5203347084046612,,,,,,,,,
SURF1,,,,,,,,,,,,
SURF2,0.1870241158050383,0.4981114366343826,0.34256777621971046,,,,,,,,,
SURF4,0.20478410988939513,0.46999760460737056,0.33739085724838286,,,,,,,,,
REXO4,,,,,,,,,,,,
ADAMTS13,,,,,,,,,,,,
VAV2,,,,,,,,,,,,
BRD3OS,,,,,,,,,,,,
BRD3,,,,,,,,,,,,
WDR5,,,,,,,,,,,,
RXRA,,,,-0.986587972308507,-0.25435147198171476,-0.6204697221451109,,,,,,
PIERCE1,,,,,,,,,,,,
MRPS2,0.21558596157099,0.488052312579572,0.351819137075281,,,,,,,,,
CAMSAP1,,,,,,,,,,,,
UBAC1,,,,,,,,,,,,
NACC2,,,,,,,,,,,,
TMEM250,0.10734954429518395,0.33506343086084156,0.22120648757801276,,,,,,,,,
QSOX2,,,,,,,,,,,,
GPSM1,,,,,,,,,,,,
DNLZ,0.16340420280523174,0.39608507012174643,0.27974463646348907,,,,,,,,,
SNAPC4,,,,,,,,,,,,
ENTR1,0.13736084963571701,0.3820492060905795,0.25970502786314825,,,,,,,,,
PMPCA,0.1350067060212724,0.460702348887515,0.29785452745439367,,,,,,,,,
INPP5E,,,,,,,,,,,,
SEC16A,,,,,,,,,,,,
EGFL7,,,,,,,,,,,,
AGPAT2,0.15067863091723124,0.44544565235176264,0.29806214163449696,,,,,,,,,
DIPK1B,0.19521192683340874,0.4463096237470724,0.32076077529024055,,,,,,,,,
TMEM141,,,,,,,,,,,,
RABL6,,,,-0.9885063717310879,-0.4039633302225604,-0.6962348509768241,,,,,,
PHPT1,0.14002219901119672,0.455629307393359,0.2978257532022779,,,,,,,,,
EDF1,0.26655484429305687,0.5894925893135525,0.4280237168033047,,,,,,,,,
TRAF2,,,,,,,,,,,,
FBXW5,0.15073528073164608,0.4139657544933648,0.28235051761250546,,,,,,,,,
PAXX,,,,,,,,,,,,
NPDC1,0.11045131202708103,0.35135420466716694,0.23090275834712398,,,,,,,,,
SAPCD2,0.09868814086288318,0.31344542018357113,0.20606678052322716,,,,,,,,,
MAN1B1,,,,,,,,,,,,
SSNA1,0.15430641973056206,0.44179019235329886,0.29804830604193044,,,,,,,,,
TPRN,0.06603380120110845,0.2984698273334684,0.18225181426728843,,,,,,,,,
TMEM203,0.12859120486204773,0.4470398040001456,0.28781550443109666,,,,,,,,,
NDOR1,,,,,,,,,,,,
TUBB4B,0.23770204762721595,0.5099937474185811,0.3738478975228985,,,,0.11484249961554024,0.5073423779001267,0.3110924387578335,,,
NELFB,0.1260099318556258,0.3997634566276963,0.26288669424166106,,,,,,,,,
NRARP,,,,,,,,,,,,
EXD3,,,,,,,,,,,,
NOXA1,,,,,,,,,,,,
NSMF,0.07151072366927111,0.3285079287168893,0.2000093261930802,,,,,,,,,
MRPL41,0.2584485568959879,0.5103780938766234,0.3844133253863056,,,,,,,,,
DPH7,,,,,,,,,,,,
ZMYND19,,,,,,,,,,,,
ARRDC1,,,,,,,,,,,,
EHMT1,,,,,,,,,,,,
ZMYND11,,,,,,,,,,,,
DIP2C,,,,-0.9842487624720189,-0.4149396137778153,-0.699594188124917,,,,,,
LARP4B,,,,,,,,,,,,
GTPBP4,0.1988296949285064,0.4816468748597534,0.3402382848941299,,,,0.08232442916001913,0.6142574306664944,0.3482909299132568,,,
IDI1,,,,,,,,,,,,
WDR37,,,,,,,,,,,,
PFKP,,,,,,,,,,,,
PITRM1,,,,,,,,,,,,
KLF6,,,,,,,,,,,,
NET1,,,,,,,,,,,,
ASB13,,,,,,,,,,,,
TASOR2,,,,,,,,,,,,
GDI2,,,,,,,,,,,,
ANKRD16,,,,,,,,,,,,
FBH1,,,,,,,,,,,,
IL2RA,-0.20792917111962253,-0.11984751656319054,-0.16388834384140655,-0.8218433339406099,-0.3828871659216053,-0.6023652499311076,-0.2717520036096615,-0.11568266844481268,-0.1937173360272371,-0.3120527022673424,-0.1539624390458143,-0.23300757065657834
RBM17,,,,,,,,,,,,
PFKFB3,,,,,,,,,,,,
PRKCQ,,,,,,,,,,,,
SFMBT2,,,,,,,,,,,,
KIN,0.22647192190106977,0.4769335085680128,0.3517027152345413,,,,,,,,,
ATP5F1C,0.34830380779689885,0.6201593496260973,0.4842315787114981,,,,,,,,,
TAF3,,,,,,,,,,,,
GATA3,,,,,,,,,,,,
CELF2,,,,,,,,,,,,
USP6NL,,,,-0.9937828262789932,-0.4952747152215866,-0.7445287707502899,,,,,,
PROSER2,,,,,,,,,,,,
UPF2,,,,,,,,,,,,
DHTKD1,,,,,,,,,,,,
SEC61A2,,,,,,,,,,,,
NUDT5,0.23560923852122273,0.5067904473638494,0.37119984294253605,,,,,,,,,
CDC123,0.2766413453621497,0.5574303062154585,0.4170358257888041,,,,,,,,,
CAMK1D,-0.31865718405953597,-0.09543142134354328,-0.20704430270153962,-0.9885591282118918,-0.5302899525026636,-0.7594245403572777,,,,,,
CCDC3,,,,-0.9850472022997668,-0.2495842840191046,-0.6173157431594357,,,,,,
OPTN,,,,,,,,,,,,
MCM10,,,,,,,,,,,,
PHYH,,,,,,,,,,,,
SEPHS1,,,,,,,,,,,,
BEND7,,,,,,,,,,,,
PRPF18,,,,,,,,,,,,
FRMD4A,-0.25797948569264934,-0.028501905621808363,-0.14324069565722886,,,,,,,,,
FAM107B,,,,,,,,,,,,
MSANTD7,,,,,,,,,,,,
HSPA14,0.11850614343447172,0.4411621778797707,0.2798341606571212,,,,,,,,,
SUV39H2,,,,,,,,,,,,
DCLRE1C,-0.7177760971833095,-0.35519332999518555,-0.5364847135892475,,,,-0.8114722375760492,-0.1520759173825825,-0.4817740774793159,,,
RPP38,,,,,,,,,,,,
NMT2,,,,,,,,,,,,
FAM171A1,,,,,,,,,,,,
ITGA8,,,,-0.9918654681957843,-0.3943297958715024,-0.6930976320336433,,,,,,
MINDY3,,,,,,,,,,,,
PTER,,,,,,,,,,,,
RSU1,,,,,,,,,,,,
TRDMT1,,,,,,,,,,,,
VIM,,,,,,,,,,,,
HACD1,,,,,,,,,,,,
STAM,,,,,,,,,,,,
CACNB2,-0.3954602436221484,-0.14971466719716378,-0.27258745540965607,-0.9873993953504557,-0.3652095060229631,-0.6763044506867094,,,,,,
NSUN6,,,,,,,,,,,,
ARL5B,0.1323006141767247,0.3467312091720041,0.23951591167436442,,,,,,,,,
PLXDC2,,,,-0.9845964028113097,-0.39337537812216566,-0.6889858904667376,,,,,,
NEBL,,,,,,,,,,,,
SKIDA1,,,,,,,,,,,,
MLLT10,-0.4842594119569996,-0.11689709258966224,-0.3005782522733309,-0.9903733994202765,-0.5577155752228843,-0.7740444873215804,-0.47087645962712604,-0.03471854795833734,-0.2527975037927317,,,
DNAJC1,,,,,,,,,,,,
COMMD3,0.08133696223792417,0.3540854353170185,0.21771119877747136,,,,,,,,,
BMI1,0.21383508019346276,0.4651431384770777,0.3394891093352702,,,,,,,,,
PIP4K2A,,,,-0.9886580168343073,-0.4220015285107424,-0.7053297726725248,,,,,,
ARMC3,,,,,,,,,,,,
MSRB2,,,,,,,,,,,,
KIAA1217,-0.30699499131653823,-0.1019444544744012,-0.20446972289546972,-0.992163176791309,-0.5486976386966051,-0.7704304077439571,,,,,,
ARHGAP21,,,,,,,,,,,,
PRTFDC1,,,,,,,,,,,,
THNSL1,0.0715805559269551,0.30645142596447883,0.18901599094571697,,,,,,,,,
MYO3A,,,,,,,,,,,,
PDSS1,,,,,,,,,,,,
ABI1,,,,,,,,,,,,
ANKRD26,,,,,,,,,,,,
YME1L1,0.12614203378264308,0.446607577434827,0.286374805608735,,,,,,,,,
MASTL,,,,,,,,,,,,
ACBD5,,,,,,,,,,,,
RAB18,,,,,,,,,,,,
MKX,,,,,,,,,,,,
ODAD2,,,,,,,,,,,,
MPP7,,,,-0.9926898353516169,-0.48671885986034685,-0.7397043476059819,,,,,,
WAC,,,,,,,,,,,,
BAMBI,,,,,,,,,,,,
SVIL,,,,,,,,,,,,
JCAD,,,,,,,,,,,,
MTPAP,,,,,,,-0.7096814275178098,-0.14721870285545383,-0.4284500651866318,,,
MAP3K8,,,,,,,,,,,,
ZNF438,,,,,,,,,,,,
ZEB1,,,,,,,,,,,,
ARHGAP12,,,,,,,,,,,,
KIF5B,0.27180515331039584,0.5210742097052445,0.39643968150782016,,,,,,,,,
EPC1,,,,-0.9879779528710698,-0.4591528873610424,-0.7235654201160562,,,,,,
CCDC7,,,,,,,,,,,,
ITGB1,,,,,,,,,,,,
NRP1,,,,,,,,,,,,
PARD3,,,,-0.9716159246866249,-0.22483265262820726,-0.5982242886574161,,,,,,
CUL2,0.07526216650837089,0.39848882345124426,0.2368754949798076,,,,,,,,,
CREM,,,,,,,,,,,,
CCNY,,,,-0.9902676551624889,-0.5664164302962369,-0.7783420427293629,,,,,,
FZD8,,,,,,,,,,,,
ZNF248,,,,-0.9922886673648341,-0.43224313833398326,-0.7122659028494087,,,,,,
ZNF33A,,,,,,,,,,,,
ZNF37A,,,,,,,,,,,,
ZNF33B,,,,,,,,,,,,
BMS1,0.10684076181789513,0.3583317967537104,0.23258627928580278,,,,,,,,,
CSGALNACT2,,,,,,,,,,,,
HNRNPF,0.21201119490566797,0.5071659177452353,0.35958855632545167,,,,,,,,,
ZNF239,,,,,,,,,,,,
ZNF485,,,,,,,,,,,,
ZNF32,0.08950079191841541,0.3675729538239475,0.22853687287118146,,,,,,,,,
ZNF22,0.17763612169265694,0.45299603731406246,0.3153160795033597,,,,,,,,,
MARCHF8,,,,,,,,,,,,
ZFAND4,,,,,,,,,,,,
WASHC2C,-0.21516394848669865,-0.03489144794641425,-0.12502769821655646,-0.9899244711592202,-0.5449859109606243,-0.7674551910599223,,,,,,
TIMM23,0.15225543128735666,0.4714895609067736,0.31187249609706513,,,,,,,,,
NCOA4,0.13182905675081916,0.39976304887917247,0.2657960528149958,,,,,,,,,
FAM25G,-0.25147614305558114,-0.1641612003872465,-0.20781867172141383,-0.974196721392743,-0.5431491173598103,-0.7586729193762767,-0.2543666618028412,-0.08797367582871768,-0.17117016881577943,-0.3291919863041127,-0.16411483441743646,-0.2466534103607746
MAPK8,,,,,,,,,,,,
ARHGAP22,,,,-0.9904483551112536,-0.43596469042793495,-0.7132065227695943,,,,,,
ERCC6,,,,,,,,,,,,
PARG,,,,,,,,,,,,
TIMM23B,,,,,,,,,,,,
AGAP6,,,,,,,,,,,,
WASHC2A,,,,,,,,,,,,
SGMS1,,,,-0.9871164153024548,-0.38197002051615614,-0.6845432179093054,,,,,,
PRKG1,-0.3468598792002156,-0.1233663946428576,-0.2351131369215366,-0.9737339284905752,-0.17854934033168174,-0.5761416344111284,-0.39988552705074054,-0.07377410129242325,-0.2368298141715819,,,
CSTF2T,,,,,,,,,,,,
PCDH15,,,,-0.9943533523107324,-0.6630394042525506,-0.8286963782816414,,,,,,
ZWINT,,,,,,,,,,,,
IPMK,,,,,,,,,,,,
CISD1,0.2388844076105774,0.5834665826797711,0.41117549514517426,,,,,,,,,
UBE2D1,,,,,,,,,,,,
TFAM,0.2582287757046666,0.4695224787878273,0.363875627246247,,,,0.1277366721396268,0.6419192814087639,0.38482797677419533,,,
BICC1,,,,-0.9925320649113254,-0.4067197964015578,-0.6996259306564416,,,,,,
FAM13C,-0.21605239745448215,-0.11889830015396803,-0.1674753488042251,-0.699958117368977,-0.699958117368977,-0.699958117368977,,,,-0.3371560368677306,-0.1322483397486712,-0.2347021883082009
SLC16A9,,,,,,,,,,,,
CCDC6,,,,,,,,,,,,
ANK3,,,,,,,,,,,,
CDK1,0.21191366722206792,0.42118981055459437,0.31655173888833116,,,,,,,,,
RHOBTB1,,,,-0.9903259719013328,-0.14881877905131416,-0.5695723754763234,,,,,,
ARID5B,,,,,,,,,,,,
RTKN2,,,,,,,,,,,,
ADO,,,,,,,,,,,,
NRBF2,0.05778554638656495,0.3469801851718832,0.2023828657792241,,,,,,,,,
JMJD1C,-0.4027941455271363,-0.10902459118755403,-0.2559093683573452,-0.9959893158562902,-0.5230078382483456,-0.7594985770523179,,,,,,
REEP3,,,,,,,,,,,,
CTNNA3,,,,-0.9937664699331314,-0.5111515212155833,-0.7524589955743574,,,,,,
DNAJC12,,,,,,,,,,,,
SIRT1,,,,,,,,,,,,
HERC4,,,,,,,,,,,,
PBLD,,,,,,,,,,,,
HNRNPH3,0.17177410300241155,0.40900121301052866,0.2903876580064701,,,,0.11364897027236949,0.5034762609146152,0.30856261559349235,,,
RUFY2,,,,,,,,,,,,
DNA2,,,,,,,,,,,,
SLC25A16,,,,,,,,,,,,
TET1,0.1044078247987616,0.4172022979034125,0.26080506135108705,,,,,,,,,
CCAR1,0.15075635356529177,0.4136612195588965,0.28220878656209414,,,,,,,,,
STOX1,,,,-0.9900105590166117,-0.3020752701453239,-0.6460429145809679,,,,,,
DDX50,,,,,,,,,,,,
DDX21,,,,,,,,,,,,
KIFBP,0.0819975478188453,0.37387453810410093,0.22793604296147313,,,,,,,,,
VPS26A,0.18314144154004455,0.46262789468319515,0.32288466811161987,,,,,,,,,
SUPV3L1,,,,,,,,,,,,
HK1,,,,,,,,,,,,
TSPAN15,,,,,,,,,,,,
FAM241B,,,,,,,,,,,,
MACROH2A2,,,,,,,,,,,,
TYSND1,0.07313119147580222,0.3084441701456175,0.19078768081070985,-0.9913312420744188,-0.31452924843390595,-0.6529302452541623,,,,,,
SAR1A,,,,,,,,,,,,
PPA1,0.13257221002610192,0.5659059191335287,0.34923906457981535,,,,,,,,,
LRRC20,,,,,,,,,,,,
EIF4EBP2,,,,,,,,,,,,
PALD1,,,,,,,,,,,,
SGPL1,,,,,,,,,,,,
PCBD1,,,,,,,,,,,,
UNC5B,,,,,,,,,,,,
PSAP,0.055767450952100686,0.2938593769743314,0.17481341396321604,,,,,,,,,
CHST3,,,,,,,,,,,,
ASCC1,,,,,,,,,,,,
ANAPC16,,,,,,,,,,,,
DDIT4,0.07178519695726193,0.25886203627969784,0.16532361661847988,,,,,,,,,
DNAJB12,,,,,,,,,,,,
MICU1,,,,,,,,,,,,
MCU,,,,,,,,,,,,
P4HA1,,,,,,,,,,,,
NUDT13,,,,,,,,,,,,
ECD,,,,,,,,,,,,
FAM149B1,,,,,,,,,,,,
DNAJC9,,,,,,,,,,,,
MRPS16,0.36337944622742446,0.5970257021200275,0.48020257417372597,,,,,,,,,
ANXA7,,,,,,,,,,,,
PPP3CB,,,,-0.9801863842454235,-0.25809229486115903,-0.6191393395532913,,,,,,
USP54,,,,,,,,,,,,
SEC24C,,,,,,,,,,,,
FUT11,,,,,,,,,,,,
CHCHD1,0.1837671313635682,0.5039008091840699,0.343833970273819,,,,,,,,,
ZSWIM8,,,,,,,,,,,,
NDST2,,,,,,,,,,,,
CAMK2G,0.08221040579344215,0.3012078782872846,0.19170914204036338,,,,,,,,,
VCL,0.15593566159727293,0.4090728755707657,0.28250426858401934,,,,,,,,,
AP3M1,-0.11208227620211593,0.0672627124861928,-0.022409781857961567,-0.9823714368824855,-0.2680935494999321,-0.6252324931912088,,,,,,
ADK,,,,,,,,,,,,
KAT6B,,,,,,,,,,,,
SAMD8,,,,,,,,,,,,
VDAC2,0.273943484012508,0.59436841188863,0.434155947950569,,,,,,,,,
COMTD1,0.1081572320092576,0.4608904773127831,0.28452385466102037,,,,,,,,,
ZNF503,,,,,,,,,,,,
LRMDA,-0.2566755269594808,-0.13012773902672994,-0.19340163299310537,-0.9903191704571579,-0.49839552377558827,-0.7443573471163731,,,,-0.3481955580548932,-0.1563264525480892,-0.2522610053014912
DLG5,,,,,,,,,,,,
POLR3A,,,,,,,,,,,,
RPS24,0.45298907002208827,0.6846160530585713,0.5688025615403298,,,,,,,,,
ZMIZ1,,,,,,,,,,,,
PPIF,0.1697188300038895,0.4280612280654986,0.2988900290346941,,,,,,,,,
ZCCHC24,,,,,,,,,,,,
EIF5AL1,,,,,,,,,,,,
TMEM254,,,,,,,,,,,,
ANXA11,0.16362684514802286,0.46785756136547046,0.3157422032567467,,,,,,,,,
PRXL2A,,,,,,,,,,,,
TSPAN14,,,,-0.9888841631381994,-0.3810629182707961,-0.6849735407044977,,,,,,
GHITM,0.2730976103922731,0.5549591717917829,0.414028391092028,,,,,,,,,
CCSER2,,,,,,,,,,,,
GRID1,,,,-0.9940680955437269,-0.5113231381569828,-0.7526956168503549,,,,,,
WAPL,,,,,,,,,,,,
BMPR1A,,,,-0.9898266733121783,-0.4010012160491717,-0.6954139446806751,,,,,,
GLUD1,,,,,,,,,,,,
SHLD2,,,,,,,,,,,,
MINPP1,,,,,,,,,,,,
PAPSS2,,,,-0.9836488688209316,-0.46777878458629,-0.7257138267036108,,,,,,
ATAD1,,,,,,,,,,,,
PTEN,,,,,,,,,,,,
STAMBPL1,,,,,,,,,,,,
LIPA,,,,,,,,,,,,
IFIT5,,,,,,,,,,,,
PANK1,,,,,,,,,,,,
KIF20B,0.23392207595437625,0.4637728407985437,0.34884745837646,,,,,,,,,
RPP30,0.1427910697157324,0.5691418777712828,0.3559664737435076,,,,,,,,,
PCGF5,,,,,,,,,,,,
HECTD2,,,,,,,,,,,,
TNKS2,,,,,,,,,,,,
BTAF1,,,,,,,,,,,,
CPEB3,-0.32197842617647227,-0.063176151459876,-0.19257728881817412,,,,,,,,,
MARCHF5,,,,,,,,,,,,
IDE,,,,,,,,,,,,
KIF11,0.19827556717986952,0.4251104216338316,0.31169299440685055,,,,,,,,,
EXOC6,,,,,,,,,,,,
CEP55,0.2171236446847327,0.4537291924090698,0.33542641854690125,,,,,,,,,
FRA10AC1,0.22673294428067572,0.4552873007732658,0.34101012252697077,,,,,,,,,
SLC35G1,,,,,,,,,,,,
PLCE1,-0.5210108451831349,-0.18384212851983855,-0.3524264868514867,-0.9786242540930886,-0.4647220214972177,-0.7216731377951532,,,,,,
NOC3L,0.09039559745104045,0.3597278512605397,0.22506172435579008,,,,,,,,,
TBC1D12,,,,,,,,,,,,
HELLS,,,,,,,,,,,,
PDLIM1,0.07666271603973367,0.3644078919789596,0.22053530400934665,,,,,,,,,
SORBS1,,,,-0.9849784883358261,-0.24311533036291125,-0.6140469093493687,,,,,,
ALDH18A1,,,,,,,,,,,,
TCTN3,0.073967449803811,0.33021724670341185,0.20209234825361141,,,,,,,,,
CCNJ,,,,,,,,,,,,
ZNF518A,,,,,,,,,,,,
TM9SF3,0.14510813665841737,0.393563563719643,0.26933585018903017,,,,,,,,,
PIK3AP1,-0.26077771516702514,-0.11230822228534083,-0.18654296872618298,-0.9820673705779605,-0.4320040770623197,-0.7070357238201401,-0.24032584030608437,-0.04950649263087233,-0.14491616646847835,,,
LCOR,,,,-0.9862632828828364,-0.33653074635279095,-0.6613970146178136,,,,,,
ARHGAP19,,,,-0.9904192596057159,-0.33928089202204914,-0.6648500758138824,,,,,,
FRAT2,0.09567666093041416,0.343451274207065,0.21956396756873958,,,,,,,,,
RRP12,,,,,,,,,,,,
PGAM1,0.24249730411270687,0.5299697946162484,0.3862335493644776,,,,,,,,,
EXOSC1,0.10897321183912012,0.3874742114420876,0.24822371164060386,,,,,,,,,
ZDHHC16,0.17015992759759782,0.44435984920210453,0.3072598883998512,,,,,,,,,
MMS19,,,,,,,,,,,,
UBTD1,,,,,,,,,,,,
MORN4,,,,,,,,,,,,
PI4K2A,,,,,,,,,,,,
AVPI1,,,,,,,,,,,,
MARVELD1,,,,,,,,,,,,
ZFYVE27,,,,,,,,,,,,
R3HCC1L,,,,,,,,,,,,
HPS1,,,,,,,,,,,,
CNNM1,,,,,,,,,,,,
GOT1,0.1019386408427024,0.37940857460957333,0.24067360772613788,,,,,,,,,
SLC25A28,-0.14481334544906171,0.014726524726076757,-0.06504341036149248,-0.9823597615113364,-0.39625754908698857,-0.6893086552991625,,,,,,
ENTPD7,,,,,,,,,,,,
CUTC,0.13210930440405144,0.39465169105032794,0.2633804977271897,,,,,,,,,
COX15,,,,,,,,,,,,
DNMBP,,,,,,,,,,,,
ERLIN1,,,,,,,,,,,,
CHUK,,,,,,,,,,,,
CWF19L1,,,,,,,,,,,,
BLOC1S2,0.13115178122796795,0.43231064771757693,0.28173121447277244,,,,,,,,,
SCD,,,,,,,,,,,,
NDUFB8,0.3102561130321788,0.5872419205603603,0.44874901679626955,,,,,,,,,
HIF1AN,0.10001497817833171,0.3510747645847594,0.22554487138154555,,,,,,,,,
SLF2,,,,,,,,,,,,
MRPL43,0.15637283025711327,0.41506928008267785,0.28572105516989554,,,,,,,,,
TWNK,0.14988294694400042,0.36631109042492027,0.25809701868446033,,,,,,,,,
LZTS2,0.07573037110923586,0.326283532873873,0.20100695199155444,,,,,,,,,
BTRC,,,,,,,,,,,,
DPCD,,,,,,,,,,,,
POLL,,,,,,,,,,,,
FBXW4,,,,,,,,,,,,
NPM3,0.2935815826140841,0.5828839860335411,0.43823278432381263,,,,,,,,,
OGA,,,,,,,,,,,,
ARMH3,,,,-0.9884922332194597,-0.40140271966327945,-0.6949474764413696,,,,,,
HPS6,0.13574890859888508,0.3815657291195866,0.2586573188592358,,,,,,,,,
LDB1,,,,,,,,,,,,
PPRC1,,,,,,,,,,,,
NOLC1,0.13848111751473194,0.39707241283548267,0.2677767651751073,,,,,,,,,
GBF1,,,,,,,,,,,,
FBXL15,,,,,,,,,,,,
CUEDC2,0.13755844485925622,0.41390870168879945,0.2757335732740278,,,,,,,,,
C10orf95,,,,,,,,,,,,
MFSD13A,,,,,,,,,,,,
ACTR1A,0.14347739210900137,0.4375333584734142,0.2905053752912078,,,,,,,,,
SUFU,,,,,,,,,,,,
TRIM8,,,,,,,,,,,,
ARL3,,,,,,,,,,,,
SFXN2,,,,,,,,,,,,
WBP1L,,,,,,,,,,,,
BORCS7,0.13252235621281616,0.3794144966836986,0.25596842644825735,,,,,,,,,
AS3MT,,,,-0.9903021332829739,-0.3833980288908216,-0.6868500810868977,,,,,,
CNNM2,,,,,,,,,,,,
NT5C2,,,,-0.9936519560135619,-0.44409271888798485,-0.7188723374507734,,,,,,
PCGF6,,,,,,,,,,,,
TAF5,0.09236911292789898,0.34712551669084046,0.2197473148093697,,,,,,,,,
ATP5MK,,,,,,,,,,,,
PDCD11,,,,,,,,,,,,
SH3PXD2A,,,,-0.9795026783788386,-0.16593613252526523,-0.5727194054520519,,,,,,
STN1,,,,,,,,,,,,
SLK,0.18805067193424346,0.39743158270252343,0.2927411273183834,,,,0.1564492784821436,0.5343886170476932,0.34541894776491844,,,
SFR1,,,,,,,,,,,,
GSTO1,0.2511180722464399,0.4961380384357029,0.3736280553410714,,,,,,,,,
GSTO2,,,,,,,,,,,,
XPNPEP1,,,,,,,,,,,,
ADD3,,,,,,,,,,,,
MXI1,,,,,,,,,,,,
SMNDC1,0.06686358357341111,0.37919816283560287,0.22303087320450699,,,,,,,,,
SMC3,0.2445632141905179,0.4820946790121126,0.36332894660131526,,,,,,,,,
RBM20,,,,,,,,,,,,
PDCD4,,,,,,,,,,,,
BBIP1,,,,,,,,,,,,
SHOC2,0.06415838569627587,0.3874691165268582,0.22581375111156704,,,,,,,,,
GPAM,,,,,,,,,,,,
ZDHHC6,,,,,,,,,,,,
VTI1A,,,,,,,,,,,,
TCF7L2,,,,,,,,,,,,
CASP7,,,,,,,,,,,,
DCLRE1A,,,,,,,,,,,,
NHLRC2,,,,,,,,,,,,
CCDC186,,,,,,,,,,,,
ABLIM1,,,,-0.9827762133942668,-0.2680029137769314,-0.625389563585599,,,,,,
FHIP2A,,,,,,,,,,,,
TRUB1,0.12918239787124736,0.3913092184973771,0.2602458081843122,,,,,,,,,
ATRNL1,-0.30066966733292055,-0.12833368134501955,-0.21450167433897005,,,,,,,,,
HSPA12A,,,,,,,,,,,,
SHTN1,,,,,,,,,,,,
PDZD8,,,,,,,,,,,,
EMX2,,,,-0.991958509355761,-0.18781652007225916,-0.5898875147140101,,,,,,
RAB11FIP2,,,,,,,,,,,,
FAM204A,,,,,,,,,,,,
CACUL1,,,,,,,,,,,,
NANOS1,,,,,,,,,,,,
EIF3A,0.2625446408710144,0.4468113479080044,0.3546779943895094,,,,,,,,,
DENND10,,,,,,,,,,,,
SFXN4,0.11850111165196522,0.38118274208151665,0.24984192686674095,,,,,,,,,
PRDX3,0.29495235755083044,0.5722597054269706,0.43360603148890053,,,,,,,,,
GRK5,,,,,,,,,,,,
RGS10,,,,,,,,,,,,
TIAL1,,,,,,,,,,,,
BAG3,0.08413210065478756,0.31599772315213626,0.2000649119034619,,,,,,,,,
INPP5F,,,,,,,,,,,,
MCMBP,,,,,,,,,,,,
SEC23IP,,,,,,,,,,,,
PLPP4,,,,,,,,,,,,
WDR11,,,,,,,,,,,,
FGFR2,-0.3199490234757203,-0.12249325521092927,-0.22122113934332477,-0.983600113601698,-0.39990544934425776,-0.6917527814729778,-0.37867590386745814,-0.029207714172868385,-0.20394180902016326,-0.4577897286301127,-0.15261304398811174,-0.3052013863091122
ATE1,,,,,,,,,,,,
NSMCE4A,0.20923850689111995,0.4443790232260781,0.326808765058599,,,,,,,,,
TACC2,,,,-0.9854537317332863,-0.4837856769278035,-0.7346197043305449,,,,,,
PLEKHA1,,,,,,,,,,,,
C10orf88,,,,,,,,,,,,
PSTK,,,,,,,,,,,,
IKZF5,,,,,,,,,,,,
ACADSB,,,,,,,,,,,,
BUB3,0.3021512155554006,0.5482424331768149,0.42519682436610773,,,,,,,0.16379011108567262,0.5740807910342176,0.36893545105994513
CHST15,,,,,,,,,,,,
OAT,0.15087070486897067,0.40340576375922704,0.27713823431409884,,,,0.20050255106132336,0.6485972903347491,0.4245499206980362,,,
LHPP,,,,,,,,,,,,
FAM53B,,,,,,,,,,,,
EEF1AKMT2,,,,,,,,,,,,
ABRAXAS2,0.13267319738477046,0.3559221368246956,0.24429766710473302,,,,,,,,,
ZRANB1,,,,,,,,,,,,
CTBP2,,,,,,,,,,,,
EDRF1,,,,,,,,,,,,
UROS,0.19190830147004906,0.4738071824904091,0.3328577419802291,,,,,,,,,
BCCIP,,,,,,,,,,,,
DHX32,,,,,,,,,,,,
DOCK1,,,,,,,,,,,,
MKI67,0.2535894293561511,0.40914859556016575,0.3313690124581584,,,,,,,,,
EBF3,-0.3479011787680693,-0.1322668703786664,-0.24008402457336786,-0.991542348118549,-0.5901766692136745,-0.7908595086661118,,,,,,
GLRX3,,,,,,,,,,,,
PPP2R2D,,,,,,,,,,,,
BNIP3,0.06935553423205623,0.39829731400997503,0.23382642412101562,,,,,,,,,
STK32C,,,,,,,,,,,,
INPP5A,,,,-0.9887346223951509,-0.4813247711390125,-0.7350296967670817,,,,,,
TUBGCP2,0.17810692649866958,0.4918989500600799,0.3350029382793747,,,,,,,,,
ZNF511,0.15312276271771316,0.48141700687093825,0.3172698847943257,,,,,,,,,
FUOM,,,,,,,,,,,,
ECHS1,0.2097588693960793,0.4907509687535593,0.3502549190748193,,,,,,,,,
MTG1,0.17197425686087145,0.44105549776375663,0.306514877312314,,,,,,,,,
BET1L,,,,,,,,,,,,
RIC8A,0.11918593553079601,0.3565585947160477,0.23787226512342186,,,,,,,,,
SIRT3,,,,,,,,,,,,
PSMD13,0.18439009535043688,0.5110259991401983,0.34770804724531756,,,,,,,,,
IFITM2,,,,-0.9823327696363907,-0.3961161657164811,-0.6892244676764359,,,,,,
IFITM1,,,,,,,,,,,,
SIGIRR,,,,,,,,,,,,
PTDSS2,,,,,,,,,,,,
RNH1,0.15787740653810003,0.484883239223421,0.3213803228807605,,,,,,,,,
HRAS,0.22045572818663342,0.5067043541350804,0.3635800411608569,,,,,,,,,
RASSF7,,,,,,,,,,,,
PHRF1,,,,,,,,,,,,
DEAF1,,,,,,,,,,,,
TMEM80,,,,,,,,,,,,
TALDO1,0.17822813177900915,0.4737183706803197,0.3259732512296644,,,,,,,,,
GATD1,,,,,,,,,,,,
SLC25A22,,,,,,,,,,,,
RPLP2,0.3962727896699988,0.8361019210687956,0.6161873553693972,,,,,,,,,
PNPLA2,0.17880495939239416,0.4016185437884068,0.29021175159040047,,,,,,,,,
CD151,0.15265635555627957,0.3514378050335761,0.25204708029492784,,,,,,,,,
POLR2L,0.3801449461690449,0.6094276178859871,0.49478628202751596,,,,,,,,,
TSPAN4,,,,,,,,,,,,
CHID1,0.13386100252571476,0.4647723859114837,0.2993166942185992,,,,,,,,,
AP2A2,,,,,,,,,,,,
TOLLIP,,,,,,,,,,,,
BRSK2,,,,,,,,,,,,
MOB2,0.10051247844886131,0.3400679171062493,0.2202901977775553,-0.9936913163980379,-0.4150677597727043,-0.7043795380853711,,,,,,
CTSD,,,,,,,,,,,,
MRPL23,0.2785911059980648,0.5095120242306673,0.39405156511436606,,,,,,,,,
CD81,0.20529988855629944,0.47892907148625286,0.34211448002127615,,,,0.1296253532899609,0.47593781247762135,0.3027815828837911,,,
TSSC4,0.24205072388688428,0.5093467797689314,0.37569875182790785,,,,,,,,,
CDKN1C,,,,,,,,,,,,
PHLDA2,,,,,,,,,,,,
NAP1L4,,,,,,,,,,,,
CARS1,0.14988509064112657,0.39793054260537714,0.27390781662325187,,,,,,,,,
OSBPL5,,,,-0.9956163016951571,-0.5283197792081991,-0.7619680404516781,,,,,,
ZNF195,,,,,,,,,,,,
ART5,,,,,,,,,,,,
NUP98,,,,,,,,,,,,
PGAP2,,,,,,,,,,,,
RHOG,0.16795617687911832,0.44685475504176125,0.30740546596043977,,,,,,,,,
STIM1,,,,,,,,,,,,
RRM1,,,,,,,,,,,,
APBB1,,,,,,,,,,,,
ARFIP2,0.11238179856720232,0.38290869625820834,0.24764524741270533,,,,,,,,,
TIMM10B,,,,,,,,,,,,
DNHD1,,,,,,,,,,,,
RRP8,,,,,,,,,,,,
ILK,0.07839848759967821,0.3597162615090707,0.21905737455437446,,,,,,,,,
TAF10,,,,,,,,,,,,
MRPL17,0.11960311125755829,0.4630653677761265,0.2913342395168424,,,,,,,,,
ZNF215,,,,,,,,,,,,
EIF3F,0.22335702308754,0.4717677915710214,0.3475624073292807,,,,,,,,,
TUB,,,,,,,,,,,,
STK33,,,,-0.975313232439665,-0.12784373621099432,-0.5515784843253296,,,,,,
TRIM66,,,,,,,,,,,,
RPL27A,0.30203834247520106,0.5054913511495064,0.4037648468123537,,,,,,,,,
DENND2B,,,,,,,,,,,,
AKIP1,,,,,,,,,,,,
TMEM9B,0.17588729005507103,0.4559635701748677,0.3159254301149694,,,,,,,,,
NRIP3,,,,,,,,,,,,
DENND5A,,,,-0.9899215227946603,-0.3947138369488751,-0.6923176798717676,,,,,,
TMEM41B,,,,,,,,,,,,
IPO7,,,,,,,,,,,,
ZNF143,,,,,,,,,,,,
WEE1,,,,,,,,,,,,
SWAP70,,,,,,,,,,,,
SBF2,,,,,,,,,,,,
RNF141,0.12700491907753164,0.465786786828928,0.2963958529532298,,,,,,,,,
CTR9,0.19419266278039102,0.4905762503118956,0.3423844565461433,,,,0.14577360247510673,0.5106530086887555,0.3282133055819311,,,
EIF4G2,0.21958190523043508,0.5738664286258122,0.3967241669281236,,,,0.14581697327499332,0.5664894648894773,0.3561532190822353,,,
ZBED5,,,,,,,,,,,,
GALNT18,,,,-0.958349144567585,-0.141338004239614,-0.5498435744035995,,,,,,
USP47,0.09172579056232771,0.3284206488826957,0.2100732197225117,,,,,,,,,
PARVA,,,,,,,,,,,,
TEAD1,,,,-0.9777504413285175,-0.2346777891796072,-0.6062141152540623,,,,,,
BTBD10,,,,,,,,,,,,
FAR1,,,,,,,,,,,,
SPON1,,,,-0.9894297760284112,-0.4984477540716828,-0.743938765050047,,,,,,
RRAS2,,,,,,,,,,,,
COPB1,,,,,,,,,,,,
PSMA1,0.21556035939887197,0.6663440769723442,0.4409522181856081,,,,,,,,,
PDE3B,,,,-0.971943638053366,-0.0937227811324647,-0.5328332095929154,,,,,,
CYP2R1,,,,,,,,,,,,
CALCB,,,,,,,,,,,,
SOX6,,,,,,,,,,,,
C11orf58,0.17251162267142042,0.4093372158993807,0.2909244192854006,,,,,,,,,
PLEKHA7,0.09438497077492226,0.3859309568374524,0.2401579638061873,,,,,,,,,
RPS13,0.4197971859356596,0.6582313109283653,0.5390142484320124,,,,,,,,,
PIK3C2A,,,,,,,,,,,,
NUCB2,0.1946116592157153,0.4757666179638443,0.3351891385897798,,,,,,,,,
NCR3LG1,,,,,,,,,,,,
SERGEF,,,,,,,,,,,,
SAAL1,,,,,,,,,,,,
HPS5,0.10466419447799208,0.36140636880277754,0.2330352816403848,,,,,,,,,
GTF2H1,,,,,,,,,,,,
LDHA,0.30663869681893063,0.6039623734252306,0.45530053512208063,,,,,,,0.21218591076881443,0.579737085183,0.39596149797590724
LDHC,,,,-0.9870988086777748,-0.3482941047563461,-0.6676964567170605,,,,,,
TSG101,0.10654761863160064,0.37012553242281443,0.23833657552720755,,,,,,,,,
UEVLD,,,,,,,,,,,,
MISFA,,,,,,,,,,,,
SPTY2D1,,,,,,,,,,,,
ZDHHC13,,,,,,,,,,,,
E2F8,-0.32823872191813674,-0.09426093346075153,-0.21124982768944414,,,,,,,,,
NAV2,,,,,,,,,,,,
HTATIP2,,,,,,,,,,,,
PRMT3,,,,,,,,,,,,
ANO5,,,,,,,,,,,,
SVIP,,,,,,,,,,,,
CCDC34,,,,,,,,,,,,
LGR4,,,,,,,,,,,,
LIN7C,,,,,,,,,,,,
KIF18A,,,,,,,,,,,,
METTL15,,,,,,,,,,,,
ARL14EP,,,,,,,,,,,,
MPPED2,,,,,,,,,,,,
DNAJC24,,,,,,,,,,,,
IMMP1L,,,,,,,,,,,,
ELP4,,,,,,,,,,,,
PAX6,,,,,,,,,,,,
RCN1,0.1865485692227867,0.4448071814736503,0.3156778753482185,,,,,,,,,
WT1,,,,,,,,,,,,
EIF3M,0.23585360547724418,0.5569253652942353,0.39638948538573976,,,,,,,,,
CCDC73,-0.2629423031826821,-0.15890425494978672,-0.2109232790662344,-0.9919327489516259,-0.5927545629016557,-0.7923436559266408,-0.32843223234075336,-0.13471077275569465,-0.231571502548224,-0.3823496689786691,-0.1898563933504735,-0.2861030311645713
PRRG4,,,,,,,,,,,,
QSER1,,,,,,,,,,,,
DEPDC7,,,,,,,,,,,,
TCP11L1,,,,,,,,,,,,
CSTF3,,,,,,,,,,,,
HIPK3,,,,,,,,,,,,
KIAA1549L,,,,,,,,,,,,
CD59,0.1001012082485448,0.3476848418286383,0.22389302503859154,,,,,,,,,
FBXO3,,,,,,,,,,,,
CAPRIN1,0.15901337041784533,0.3966403717295025,0.27782687107367393,,,,0.11372808832060985,0.5094421376098406,0.31158511296522523,,,
NAT10,,,,,,,,,,,,
ABTB2,,,,,,,,,,,,
CAT,,,,,,,,,,,,
APIP,,,,,,,,,,,,
PDHX,,,,,,,,,,,,
PAMR1,,,,-0.9918331783145771,-0.5007507212151023,-0.7462919497648397,,,,,,
FJX1,0.058206756530685556,0.2758968971100903,0.16705182682038794,,,,,,,,,
TRIM44,0.10057889259287467,0.35907702302225625,0.22982795780756546,,,,,,,,,
LDLRAD3,,,,-0.9910523779686456,-0.431229351104528,-0.7111408645365869,,,,,,
COMMD9,,,,,,,,,,,,
TRAF6,,,,,,,,,,,,
IFTAP,,,,,,,,,,,,
LRRC4C,-0.28761277662121126,-0.17420230398927508,-0.2309075403052432,-0.9912593084619434,-0.5305629912394816,-0.7609111498507125,-0.2221865843124991,-0.11139974299353575,-0.16679316365301744,-0.40812000523295633,-0.21143898154868335,-0.30977949339081984
API5,0.07007814595966023,0.317527770027403,0.19380295799353162,,,,,,,,,
TTC17,,,,-0.9912683212958414,-0.37183903656839556,-0.6815536789321185,,,,,,
HSD17B12,0.17263974859903142,0.5016418877705892,0.3371408181848103,,,,,,,0.12919698659701742,0.5761069737913701,0.35265198019419375
ALKBH3,0.172560314548988,0.4089130243734295,0.29073666946120874,,,,,,,,,
EXT2,,,,,,,,,,,,
ALX4,,,,,,,,,,,,
TSPAN18,,,,,,,,,,,,
TP53I11,,,,,,,,,,,,
CRY2,,,,,,,,,,,,
PEX16,,,,,,,,,,,,
PHF21A,,,,,,,,,,,,
DGKZ,,,,,,,,,,,,
MDK,0.08829943034457666,0.28329986962436277,0.1857996499844697,,,,,,,,,
AMBRA1,,,,,,,,,,,,
ATG13,,,,,,,,,,,,
ARHGAP1,,,,,,,,,,,,
CKAP5,0.11695573589451154,0.3887924726490872,0.25287410427179935,,,,,,,,,
LRP4,,,,,,,,,,,,
CSTPP1,,,,,,,,,,,,
ARFGAP2,,,,,,,,,,,,
PACSIN3,0.14337815547353072,0.3953734570801337,0.2693758062768322,,,,0.09246664959946001,0.6055970668058818,0.3490318582026709,,,
DDB2,,,,,,,,,,,,
ACP2,0.06487392716701812,0.3176711163188218,0.19127252174291995,,,,,,,,,
NR1H3,0.06152632970029711,0.26424906970680345,0.16288769970355027,,,,,,,,,
MADD,,,,,,,,,,,,
SLC39A13,,,,,,,,,,,,
PSMC3,0.24351369641688408,0.5762357314233832,0.40987471392013364,,,,,,,,,
CELF1,,,,,,,,,,,,
NDUFS3,0.31831839654281874,0.5430340804141031,0.4306762384784609,,,,,,,0.21656779391431158,0.6520118095021408,0.4342898017082262
PTPMT1,0.1094249988818519,0.37725846802342833,0.24334173345264012,,,,,,,,,
MTCH2,0.22245714006357178,0.593413926477433,0.40793553327050236,,,,,,,,,
FNBP4,0.12307217650459552,0.4101356696981834,0.2666039231013895,,,,,,,,,
NUP160,,,,,,,,,,,,
PTPRJ,,,,,,,,,,,,
OR5D3P,,,,,,,,,,,,
TNKS1BP1,,,,,,,,,,,,
SSRP1,0.09576234191679996,0.32847394737028945,0.2121181446435447,,,,,,,,,
RTN4RL2,,,,,,,,,,,,
SLC43A1,,,,,,,,,,,,
TIMM10,0.3143538221470929,0.5938645394435131,0.45410918079530305,,,,,,,,,
CLP1,0.12928519570182156,0.34488454520445944,0.2370848704531405,,,,,,,,,
ZDHHC5,,,,,,,,,,,,
MED19,,,,,,,,,,,,
TMX2,0.1484894597697543,0.4007705297153914,0.2746299947425729,,,,,,,,,
SELENOH,0.20093466405031393,0.4437992765602994,0.32236697030530664,,,,,,,,,
CTNND1,,,,,,,,,,,,
ZFP91,0.14833424023533584,0.4382231869932993,0.29327871361431757,,,,,,,,,
OSBP,0.09796721239165004,0.3572974060773771,0.22763230923451355,,,,,,,,,
PATL1,,,,,,,,,,,,
STX3,,,,,,,,,,,,
MRPL16,0.22360268143120637,0.486875975984359,0.3552393287077827,,,,,,,,,
CCDC86,0.15238870165048177,0.3900624033066976,0.2712255524785897,,,,0.17324222186707736,0.5999795670081381,0.38661089443760777,,,
PRPF19,0.09107452693635522,0.39328153261198506,0.24217802977417013,,,,,,,,,
TMEM109,,,,,,,,,,,,
TMEM132A,,,,,,,,,,,,
VPS37C,,,,-0.9940813809987784,-0.4854272217162795,-0.739754301357529,,,,,,
DDB1,0.13069350322664766,0.40544571055341977,0.26806960689003373,,,,,,,,,
TKFC,,,,,,,,,,,,
CYB561A3,,,,,,,,,,,,
TMEM138,0.07475344253980541,0.3017930517461741,0.18827324714298976,,,,,,,,,
TMEM216,,,,,,,,,,,,
CPSF7,,,,,,,,,,,,
SDHAF2,,,,,,,,,,,,
TMEM258,,,,,,,,,,,,
FEN1,,,,,,,,,,,,
FADS2,,,,,,,,,,,,
FADS1,,,,,,,,,,,,
FADS3,-0.27305596177687647,-0.1406146385610635,-0.20683530016896998,-0.9896245000290086,-0.5657710610622462,-0.7776977805456273,-0.3074089300812806,-0.1290317265303224,-0.21822032830580151,-0.3368553227681454,-0.1704164982087649,-0.25363591048845513
FTH1,0.2752895516674133,0.544174267046246,0.4097319093568297,,,,,,,,,
INCENP,0.17618926659262132,0.4269720096914097,0.3015806381420155,,,,,,,,,
ASRGL1,,,,,,,,,,,,
AHNAK,,,,,,,,,,,,
EEF1G,0.658210829023019,0.8836130836652293,0.7709119563441241,,,,0.6019968663325639,0.885575379243116,0.74378612278784,0.561570861084919,0.8859264077947169,0.723748634439818
TUT1,,,,,,,,,,,,
MTA2,,,,,,,,,,,,
B3GAT3,0.12754759015139938,0.40567155033363045,0.2666095702425149,,,,0.17615997556783328,0.6490815385835408,0.412620757075687,,,
GANAB,,,,,,,,,,,,
INTS5,0.1006490887318255,0.3533275742851753,0.2269883315085004,,,,,,,,,
CSKMT,,,,,,,,,,,,
UQCC3,0.21557375549499389,0.4913041520822007,0.3534389537885973,,,,,,,,,
UBXN1,0.29944253488201483,0.5480867881707945,0.4237646615264047,,,,0.23147711628964082,0.6309586960024931,0.431217906146067,,,
BSCL2,,,,,,,,,,,,
HNRNPUL2,0.17919661950027221,0.4006873412579003,0.28994198037908625,,,,,,,,,
TTC9C,,,,,,,,,,,,
POLR2G,0.17859702935394106,0.4214839836874675,0.30004050652070424,,,,,,,,,
TAF6L,,,,,,,,,,,,
TMEM223,0.20304343467075758,0.5105261510724086,0.3567847928715831,,,,,,,,,
TMEM179B,0.22552691442902378,0.5097805631455772,0.36765373878730045,,,,,,,,,
NXF1,,,,,,,,,,,,
STX5,,,,,,,,,,,,
WDR74,,,,,,,,,,,,
SLC3A2,,,,,,,,,,,,
PLAAT3,,,,,,,,,,,,
ATL3,,,,,,,,,,,,
RTN3,,,,,,,,,,,,
ZFTA,0.1408008178234762,0.41376202857549205,0.2772814231994841,,,,,,,,,
SPINDOC,,,,,,,,,,,,
MARK2,,,,,,,,,,,,
NAA40,0.10038541098596232,0.3522157273994922,0.22630056919272726,,,,,,,,,
COX8A,0.23007463497692993,0.8071226778493237,0.5185986564131269,,,,,,,,,
OTUB1,0.29054096323798884,0.5174877753768327,0.40401436930741075,,,,,,,,,
MACROD1,,,,,,,,,,,,
STIP1,0.22131227793343214,0.5143253412134803,0.3678188095734562,,,,0.22702141499876424,0.6455919992706659,0.4363067071347151,,,
TRPT1,,,,,,,,,,,,
NUDT22,0.1788912999367238,0.4221108832979671,0.30050109161734545,,,,,,,,,
DNAJC4,,,,,,,,,,,,
VEGFB,,,,,,,,,,,,
FKBP2,0.10528435634921669,0.3595165368342132,0.23240044659171494,,,,,,,,,
PPP1R14B,0.2740470737517044,0.5934302736015691,0.43373867367663677,,,,,,,,,
PLCB3,,,,,,,,,,,,
BAD,,,,,,,,,,,,
GPR137,,,,,,,,,,,,
ESRRA,,,,,,,,,,,,
TRMT112,0.18378093844624677,0.4279484683792414,0.3058647034127441,,,,,,,,,
PRDX5,0.31203287251850165,0.5322321472230128,0.42213250987075723,,,,,,,,,
RASGRP2,,,,,,,,,,,,
SF1,0.15500702874695416,0.4125412623009923,0.28377414552397323,,,,,,,,,
MEN1,0.060596923723626815,0.2998894323097295,0.18024317801667813,-0.9872896557836607,-0.3724567712463846,-0.6798732135150226,,,,,,
EHD1,,,,,,,,,,,,
ATG2A,0.07828241002415887,0.30640101766288275,0.1923417138435208,,,,,,,,,
ARL2,0.24297942296919522,0.5008058153809157,0.37189261917505545,,,,,,,,,
SNX15,,,,,,,,,,,,
SAC3D1,0.17211418402976997,0.48247370447835713,0.32729394425406355,,,,,,,,,
CDCA5,,,,,,,,,,,,
ZFPL1,,,,,,,,,,,,
TMEM262,0.09220565146475772,0.28723995159650556,0.18972280153063165,,,,,,,,,
VPS51,,,,,,,,,,,,
TM7SF2,,,,,,,,,,,,
ZNHIT2,0.14599475083025762,0.3719978545398283,0.258996302685043,,,,,,,,,
FAU,0.41733868270067487,0.6825424176617563,0.5499405501812156,,,,,,,,,
SYVN1,,,,,,,,,,,,
MRPL49,0.13036756249156436,0.4197111304730791,0.27503934648232176,,,,,,,,,
CAPN1,,,,,,,,,,,,
POLA2,,,,,,,,,,,,
CDC42EP2,0.08072315734227356,0.337965338130182,0.20934424773622778,,,,,,,,,
DPF2,0.1059224725063121,0.3791384906894725,0.24253048159789228,,,,,,,,,
FRMD8,,,,,,,,,,,,
SCYL1,0.15765181074545814,0.4067662580333992,0.2822090343894287,,,,0.12639608331496188,0.6145744420318427,0.3704852626734023,,,
LTBP3,,,,,,,,,,,,
ZNRD2,0.173274607808013,0.39579626807102075,0.28453543793951686,,,,,,,,,
FAM89B,,,,,,,,,,,,
MAP3K11,,,,,,,,,,,,
PCNX3,,,,,,,,,,,,
RELA,0.09176873690501706,0.32103344679385293,0.206401091849435,,,,,,,,,
KAT5,,,,,,,,,,,,
RNASEH2C,0.2933707684321653,0.5529262855007587,0.423148526966462,,,,,,,,,
AP5B1,0.10735407595038428,0.3266633918925742,0.21700873392147924,,,,,,,,,
CFL1,0.30417095954942763,0.5813094395051448,0.4427401995272862,,,,,,,,,
MUS81,0.08112609351530989,0.34858071532992524,0.21485340442261758,,,,,,,,,
FIBP,0.14486918151633665,0.4596672485459921,0.3022682150311644,,,,,,,,,
CCDC85B,0.17437200133897987,0.42689183675444087,0.3006319190467104,,,,0.15707733598552914,0.5541882034727712,0.35563276972915014,,,
C11orf68,0.06612746392221516,0.29531364439554325,0.18072055415887922,,,,,,,,,
DRAP1,0.21836561547264863,0.5040052268329366,0.3611854211527926,,,,,,,,,
SART1,,,,,,,,,,,,
EIF1AD,,,,,,,,,,,,
BANF1,0.25163690045689774,0.5214016027925196,0.3865192516247087,,,,,,,,,
SF3B2,0.24596988193762043,0.4892981847783562,0.3676340333579883,,,,0.23316192906386612,0.6311671341773555,0.4321645316206108,,,
PACS1,,,,,,,,,,,,
KLC2,0.09261669074471485,0.3292367135695541,0.21092670215713447,,,,,,,,,
RAB1B,0.14831280186493986,0.433455785860422,0.29088429386268094,,,,,,,,,
YIF1A,0.30778963198453624,0.6034017640104646,0.45559569799750044,,,,,,,,,
BRMS1,0.18117066755681924,0.4573571119170724,0.3192638897369458,,,,,,,,,
B4GAT1,0.25396062936237307,0.4928241611302258,0.3733923952462994,,,,0.19975997907934687,0.6257331110269972,0.41274654505317204,,,
SLC29A2,,,,,,,,,,,,
MRPL11,0.23780019711846423,0.5570611451178606,0.39743067111816244,,,,,,,,,
DPP3,,,,,,,,,,,,
BBS1,,,,,,,,,,,,
ZDHHC24,0.0932672942424206,0.3994934441146042,0.2463803691785124,,,,0.1650853578523148,0.6268937780485304,0.3959895679504226,,,
CCS,0.17304530183256206,0.4633806226624374,0.31821296224749973,,,,,,,,,
RBM14,,,,,,,,,,,,
RBM4,0.12892220547284766,0.47811852293277995,0.3035203642028138,,,,,,,,,
RBM4B,,,,,,,,,,,,
SPTBN2,,,,,,,,,,,,
C11orf80,,,,-0.9947887029358782,-0.653102668055232,-0.8239456854955551,,,,,,
RCE1,,,,,,,,,,,,
PC,,,,,,,,,,,,
LRFN4,0.07441342593102172,0.29813176823965637,0.18627259708533905,,,,,,,,,
KDM2A,,,,,,,,,,,,
GRK2,0.08348036369318655,0.3459875077819272,0.2147339357375569,,,,,,,,,
ANKRD13D,,,,,,,,,,,,
RAD9A,,,,,,,,,,,,
POLD4,0.05175528048075674,0.2696600064734956,0.16070764347712616,,,,,,,,,
PPP1CA,0.2817534978466489,0.5157489809082881,0.3987512393774685,,,,0.13665673786222024,0.5101207333786435,0.32338873562043186,0.1577653311320518,0.5814343886555235,0.3695998598937877
RPS6KB2,0.11330188311105674,0.4067940295459023,0.26004795632847955,,,,,,,,,
CORO1B,,,,,,,,,,,,
TMEM134,,,,,,,,,,,,
AIP,0.11083088018818353,0.3779692567184736,0.24440006845332857,,,,,,,,,
CDK2AP2,,,,,,,,,,,,
GSTP1,0.214688291785741,0.4204646633117693,0.3175764775487552,,,,,,,,,
NDUFV1,0.29300985215539366,0.5324845453877526,0.4127471987715731,,,,,,,,,
NUDT8,,,,,,,,,,,,
NDUFS8,0.3505005103195571,0.6057180414461718,0.47810927588286445,,,,,,,,,
CHKA,,,,,,,,,,,,
KMT5B,,,,,,,,,,,,
C11orf24,,,,,,,,,,,,
LRP5,,,,,,,,,,,,
PPP6R3,,,,,,,,,,,,
GAL,0.18481062350954497,0.44332990812130924,0.3140702658154271,,,,0.19688011924086057,0.5615820313805737,0.37923107531071715,,,
TESMIN,,,,,,,,,,,,
CPT1A,,,,,,,,,,,,
MRPL21,0.11144658269888315,0.3923145962396973,0.2518805894692902,,,,,,,,,
IGHMBP2,,,,,,,,,,,,
TPCN2,,,,,,,,,,,,
CCND1,0.1206962759933164,0.32073124266010555,0.22071375932671097,,,,,,,,,
LTO1,,,,,,,,,,,,
FADD,,,,,,,,,,,,
PPFIA1,0.10540804773455502,0.3602701290104854,0.2328390883725202,,,,,,,,,
CTTN,,,,,,,,,,,,
SHANK2,-0.28757411484545303,-0.1445762420239537,-0.21607517843470336,-0.9767750257077836,-0.4801185721687342,-0.7284467989382589,,,,-0.3596386726045311,-0.1196952525126376,-0.23966696255858433
DHCR7,,,,,,,,,,,,
NADSYN1,,,,,,,,,,,,
XNDC1N,,,,,,,,,,,,
RNF121,,,,,,,,,,,,
NUMA1,,,,,,,,,,,,
LAMTOR1,0.2292103468791274,0.4766881475945876,0.3529492472368575,,,,,,,,,
ANAPC15,0.18737934976451856,0.47481186113245205,0.3310956054484853,,,,,,,,,
INPPL1,,,,,,,,,,,,
CLPB,,,,,,,,,,,,
ARAP1,,,,,,,,,,,,
STARD10,,,,,,,,,,,,
FCHSD2,,,,,,,,,,,,
RELT,,,,,,,,,,,,
FAM168A,,,,,,,,,,,,
RAB6A,,,,,,,,,,,,
MRPL48,,,,,,,,,,,,
COA4,0.1702282266651862,0.47219238880815373,0.32121030773667,,,,,,,,,
PAAF1,,,,,,,,,,,,
UCP2,,,,,,,,,,,,
C2CD3,,,,,,,,,,,,
PPME1,,,,,,,,,,,,
PGM2L1,,,,,,,,,,,,
LIPT2,,,,,,,,,,,,
POLD3,,,,,,,,,,,,
RNF169,,,,,,,,,,,,
XRRA1,,,,,,,-0.6038285821991431,-0.09661160865476964,-0.3502200954269564,,,
SPCS2,0.28765052292184584,0.5060331545708897,0.3968418387463678,,,,0.16928805427966923,0.5481821101413729,0.35873508221052103,,,
NEU3,,,,,,,,,,,,
ARRB1,,,,,,,,,,,,
RPS3,0.5170033365205954,0.7114456734427883,0.6142245049816919,,,,0.12806055362091975,0.5174409403287812,0.32275074697485046,0.40972648865499295,0.7136028637587405,0.5616646762068667
SERPINH1,,,,,,,,,,,,
DGAT2,0.060969839813752855,0.28832373646971865,0.17464678814173576,,,,,,,,,
UVRAG,,,,,,,,,,,,
THAP12,0.1382512853886076,0.37648977142119255,0.25737052840490005,,,,,,,,,
EMSY,,,,,,,,,,,,
ACER3,,,,,,,,,,,,
PAK1,,,,,,,,,,,,
CLNS1A,0.08527449083688585,0.5077611425211488,0.29651781667901733,,,,,,,,,
AQP11,,,,-0.9852776036386935,-0.3070967683396838,-0.6461871859891887,,,,,,
RSF1,0.1186749521262309,0.35731270374383184,0.23799382793503138,,,,,,,,,
AAMDC,0.11403638756830263,0.49765144020127305,0.3058439138847878,,,,,,,,,
INTS4,,,,,,,,,,,,
NDUFC2,0.3033050509508512,0.5363909050351643,0.41984797799300777,,,,,,,,,
ALG8,,,,,,,,,,,,
GAB2,,,,,,,,,,,,
NARS2,,,,,,,,,,,,
TENM4,,,,-0.9957867280026994,-0.5491226927574411,-0.7724547103800703,,,,,,
PRCP,,,,,,,,,,,,
DDIAS,,,,,,,,,,,,
RAB30,,,,,,,,,,,,
PCF11,,,,,,,,,,,,
ANKRD42,,,,,,,,,,,,
CCDC90B,,,,,,,,,,,,
DLG2,,,,-0.9864390692324573,-0.28208856642910424,-0.6342638178307808,,,,,,
TMEM126B,0.1449455568027946,0.5051518100101339,0.32504868340646426,,,,,,,,,
TMEM126A,0.15865799083208731,0.4012215050020998,0.27993974791709353,,,,,,,,,
CREBZF,,,,,,,,,,,,
PICALM,,,,-0.9911762718050655,-0.47297571530628224,-0.7320759935556739,,,,,,
EED,,,,,,,,,,,,
HIKESHI,0.19533834203166148,0.5523663465766973,0.37385234430417935,,,,,,,,,
PRSS23,,,,,,,,,,,,
TMEM135,,,,,,,,,,,,
RAB38,,,,,,,,,,,,
CTSC,0.06589482662849004,0.2500113950239885,0.15795311082623928,,,,,,,,,
CHORDC1,0.254637399068228,0.5047978689762952,0.3797176340222616,,,,,,,,,
FAT3,,,,,,,,,,,,
SLC36A4,,,,,,,,,,,,
SMCO4,,,,,,,,,,,,
CEP295,,,,,,,,,,,,
TAF1D,,,,,,,,,,,,
C11orf54,0.09244774284054434,0.3722185053698118,0.2323331241051781,,,,,,,,,
MED17,,,,,,,,,,,,
MRE11,,,,,,,,,,,,
ANKRD49,,,,,,,,,,,,
AMOTL1,,,,,,,,,,,,
CWC15,0.23432965775782932,0.5085936530444453,0.3714616554011373,,,,,,,,,
KDM4D,,,,,,,,,,,,
SRSF8,0.1751249276075381,0.43765205300954163,0.3063884903085399,,,,,,,,,
ENDOD1,,,,,,,,,,,,
SESN3,,,,,,,,,,,,
FAM76B,,,,,,,,,,,,
CEP57,,,,,,,,,,,,
MTMR2,,,,,,,,,,,,
MAML2,,,,,,,,,,,,
CCDC82,,,,,,,,,,,,
JRKL,,,,,,,,,,,,
ARHGAP42,,,,-0.9914968898594336,-0.38048951717867263,-0.6859932035190531,,,,,,
CEP126,,,,,,,,,,,,
CFAP300,,,,,,,,,,,,
YAP1,,,,,,,,,,,,
BIRC2,,,,,,,,,,,,
TMEM123,0.18322941834845194,0.42428886423725215,0.30375914129285203,,,,,,,,,
DCUN1D5,0.34161839210892353,0.5623774798732427,0.4519979359910831,,,,0.1857978187513608,0.6321955566742808,0.40899668771282083,,,
DYNC2H1,,,,,,,,,,,,
MSANTD4,,,,,,,,,,,,
KBTBD3,,,,,,,,,,,,
AASDHPPT,0.2893221961368953,0.5282946382176872,0.4088084171772912,,,,0.10646915316598983,0.5688610211839742,0.337665087174982,,,
GUCY1A2,-0.2760782850736688,-0.09045121839512804,-0.18326475173439843,-0.9932837019680593,-0.5971113965951819,-0.7951975492816206,,,,,,
CWF19L2,,,,,,,,,,,,
ALKBH8,0.0582015566812034,0.3077519257376693,0.18297674120943636,,,,,,,,,
ELMOD1,,,,,,,,,,,,
SLC35F2,,,,-0.9944461325823942,-0.48778490219843074,-0.7411155173904125,,,,,,
RAB39A,,,,,,,,,,,,
CUL5,,,,-0.9766345488017806,-0.22574854119522308,-0.6011915449985018,,,,,,
ACAT1,0.16481228871728637,0.5145872948069694,0.3396997917621279,,,,,,,,,
NPAT,,,,,,,,,,,,
ATM,,,,,,,,,,,,
C11orf65,,,,,,,,,,,,
POGLUT3,,,,,,,,,,,,
EXPH5,,,,,,,,,,,,
DDX10,,,,,,,,,,,,
RDX,0.1775604634865872,0.41768084509836895,0.2976206542924781,,,,,,,,,
ZC3H12C,,,,,,,,,,,,
FDX1,0.13822727800769175,0.4920770483835619,0.31515216319562683,,,,,,,,,
ARHGAP20,,,,,,,,,,,,
LAYN,0.09947197517955307,0.3306994099189775,0.2150856925492653,,,,0.18041414086059074,0.6020642910168873,0.391239215938739,,,
SIK2,-0.20328766534399323,-0.01744371325432477,-0.11036568929915899,-0.9874259754886205,-0.47824696999456423,-0.7328364727415924,,,,,,
PPP2R1B,,,,,,,,,,,,
ALG9,,,,,,,,,,,,
FDXACB1,,,,,,,,,,,,
CFAP68,,,,,,,,,,,,
DIXDC1,,,,,,,,,,,,
DLAT,,,,,,,,,,,,
PIH1D2,,,,-0.9825222737613691,-0.23908197023509573,-0.6108021219982325,,,,,,
NKAPD1,0.2214605124390527,0.45822869707575153,0.33984460475740214,,,,,,,,,
TIMM8B,,,,,,,,,,,,
SDHD,0.20256027216424524,0.5290526787988269,0.36580647548153605,,,,,,,,,
PTS,,,,,,,,,,,,
NCAM1,-0.2099840761786245,-0.022380192292457322,-0.11618213423554091,,,,,,,,,
TTC12,,,,,,,,,,,,
ZW10,,,,,,,,,,,,
USP28,,,,,,,,,,,,
ZBTB16,,,,,,,,,,,,
C11orf71,,,,,,,,,,,,
RBM7,,,,,,,,,,,,
REXO2,0.2340225344642473,0.558454403225558,0.39623846884490266,,,,,,,,,
CADM1,-0.5377567559174908,-0.18373807451989865,-0.36074741521869474,,,,-0.6561249610998504,-0.169571534544611,-0.41284824782223073,,,
BUD13,,,,,,,,,,,,
ZPR1,0.08207498425584182,0.34462958830677215,0.21335228628130698,,,,,,,,,
SIK3,,,,,,,,,,,,
PAFAH1B2,,,,,,,,,,,,
SIDT2,,,,,,,,,,,,
PCSK7,,,,,,,,,,,,
RNF214,,,,,,,,,,,,
BACE1,,,,,,,,,,,,
CEP164,0.09995447320052629,0.37946844339962316,0.23971145830007473,,,,,,,,,
FXYD6,,,,,,,,,,,,
UBE4A,,,,,,,,,,,,
ATP5MG,0.33675381248211916,0.8153264939373029,0.576040153209711,,,,,,,,,
KMT2A,,,,-0.9483220997924919,-0.17188650838039934,-0.5601043040864456,,,,,,
IFT46,,,,,,,,,,,,
ARCN1,0.09043802835520666,0.3333127879639897,0.21187540815959818,,,,,,,,,
PHLDB1,,,,,,,,,,,,
DDX6,,,,,,,,,,,,
BCL9L,,,,,,,,,,,,
CENATAC,,,,,,,,,,,,
RPS25,,,,,,,,,,,,
TRAPPC4,0.08955020433811432,0.3473857787831315,0.2184679915606229,,,,,,,,,
SLC37A4,,,,,,,,,,,,
HYOU1,,,,,,,,,,,,
VPS11,,,,,,,,,,,,
HMBS,0.2308168129868693,0.5252575125326535,0.3780371627597614,,,,0.14850890503404843,0.6188229253458185,0.3836659151899335,,,
DPAGT1,0.0754469860229926,0.3327399501072597,0.20409346806512615,,,,,,,,,
HINFP,,,,,,,,,,,,
NLRX1,-0.22960545865083223,-0.11007240155225073,-0.1698389301015415,-0.9789318691568356,-0.5102188973244377,-0.7445753832406367,-0.2549648891625248,-0.0509676097394417,-0.15296624945098325,-0.37009732086654784,-0.06964753946297772,-0.21987243016476277
CBL,,,,,,,,,,,,
RNF26,0.1827165526732319,0.37699979163829594,0.2798581721557639,,,,,,,,,
USP2,,,,,,,,,,,,
NECTIN1,,,,,,,,,,,,
OAF,0.08543423479049823,0.30627535637848347,0.19585479558449084,,,,,,,,,
POU2F3,,,,,,,,,,,,
TLCD5,,,,,,,,,,,,
ARHGEF12,,,,,,,,,,,,
GRIK4,,,,-0.9872750469879138,-0.30090505668051915,-0.6440900518342165,,,,,,
TBCEL,,,,,,,,,,,,
SC5D,0.07056231266709316,0.2980340262719213,0.18429816946950725,,,,,,,,,
SORL1,,,,,,,,,,,,
UBASH3B,,,,,,,,,,,,
JHY,,,,,,,,,,,,
HSPA8,0.28398647733910065,0.4469605535714437,0.3654735154552722,,,,0.23038712398074512,0.4889793005862085,0.35968321228347677,0.16218891176645236,0.5219401910126266,0.34206455138953945
CLMP,,,,,,,,,,,,
GRAMD1B,,,,,,,,,,,,
ZNF202,0.09708112625262705,0.3205004677844527,0.20879079701853986,,,,,,,,,
TBRG1,0.11295579271565713,0.40019654354918,0.25657616813241857,,,,,,,,,
SPA17,0.1409182373474596,0.3843112855896522,0.2626147614685559,,,,,,,,,
NRGN,,,,,,,,,,,,
MSANTD2,,,,,,,,,,,,
CCDC15,,,,,,,,,,,,
TMEM218,0.09461110548400682,0.36926199825343176,0.23193655186871928,,,,,,,,,
PKNOX2,,,,-0.9884547044792251,-0.27071993687345136,-0.6295873206763383,,,,,,
FEZ1,,,,,,,,,,,,
EI24,0.24095071536275048,0.5813581031990753,0.4111544092809129,,,,,,,,,
STT3A,,,,,,,,,,,,
CHEK1,,,,,,,,,,,,
PUS3,0.09620068379024886,0.36141080408041865,0.22880574393533376,,,,,,,,,
CDON,,,,,,,,,,,,
RPUSD4,,,,,,,,,,,,
FAM118B,,,,,,,,,,,,
SRPRA,0.1251488633532942,0.41316913299396585,0.26915899817363004,,,,,,,,,
FOXRED1,,,,,,,,,,,,
TIRAP,,,,,,,,,,,,
DCPS,0.16417421622192882,0.443113025260424,0.3036436207411764,,,,,,,,,
ST3GAL4,,,,,,,,,,,,
FLI1,,,,,,,,,,,,
ARHGAP32,,,,-0.9823690864567716,-0.4170729244133008,-0.6997210054350362,,,,,,
BARX2,,,,,,,,,,,,
NFRKB,,,,,,,,,,,,
PRDM10,,,,,,,,,,,,
APLP2,0.09842642165967838,0.3418076751078564,0.2201170483837674,,,,,,,,,
ZBTB44,,,,,,,,,,,,
JAM3,,,,,,,,,,,,
NCAPD3,,,,,,,,,,,,
VPS26B,,,,,,,,,,,,
THYN1,,,,,,,,,,,,
ACAD8,,,,,,,,,,,,
GLB1L2,,,,,,,,,,,,
KDM5A,,,,,,,,,,,,
CCDC77,,,,,,,,,,,,
B4GALNT3,,,,,,,,,,,,
WNK1,,,,,,,,,,,,
RAD52,,,,,,,,,,,,
ERC1,,,,,,,,,,,,
WNT5B,,,,,,,,,,,,
FBXL14,,,,,,,,,,,,
ADIPOR2,,,,,,,,,,,,
DCP1B,,,,,,,,,,,,
CACNA1C,-0.2844260799922561,-0.0880867861442038,-0.18625643306822995,,,,,,,,,
FKBP4,0.26215144972224,0.46564566754448844,0.36389855863336423,,,,,,,,,
ITFG2,,,,,,,,,,,,
FOXM1,0.07400652262983774,0.32746809431301294,0.20073730847142535,,,,,,,,,
RHNO1,0.06810282942961737,0.30382529012160964,0.1859640597756135,,,,,,,,,
TULP3,,,,,,,,,,,,
TEAD4,,,,,,,,,,,,
TSPAN9,,,,,,,,,,,,
CRACR2A,,,,,,,,,,,,
PARP11,,,,,,,,,,,,
CCND2,,,,,,,,,,,,
TIGAR,,,,,,,,,,,,
FGF23,-0.21106499453646274,-0.14649276313015677,-0.17877887883330976,-0.5927138599513169,-0.5927138599513169,-0.5927138599513169,-0.2856056806477693,-0.10651514686689438,-0.19606041375733185,-0.35967957442946413,-0.1862908567050007,-0.27298521556723243
C12orf4,,,,,,,,,,,,
RAD51AP1,,,,,,,,,,,,
DYRK4,,,,,,,,,,,,
NDUFA9,0.2654549726947621,0.5475102703078658,0.406482621501314,,,,,,,,,
CD9,,,,,,,,,,,,
TNFRSF1A,,,,,,,,,,,,
MRPL51,0.1771515184730058,0.5127511177497626,0.3449513181113842,,,,,,,,,
NCAPD2,,,,,,,,,,,,
GAPDH,0.2687984005638584,0.4438214721130174,0.3563099363384379,,,,,,,,,
IFFO1,,,,,,,,,,,,
NOP2,0.10940946966956874,0.4064084478315833,0.257908958750576,,,,,,,,,
CHD4,,,,,,,,,,,,
ING4,,,,,,,,,,,,
ZNF384,,,,,,,,,,,,
COPS7A,0.12267755158909224,0.3731986284062893,0.2479380899976908,,,,,,,,,
MLF2,0.3708628040482721,0.5430898658578567,0.4569763349530644,,,,0.0999415243706433,0.4845455971298699,0.2922435607502566,0.09132838654277753,0.31625921591136247,0.20379380122707
PTMS,,,,,,,,,,,,
P3H3,,,,,,,,,,,,
CDCA3,0.20763291007618462,0.3925030970897809,0.30006800358298275,,,,,,,,,
USP5,,,,,,,,,,,,
TPI1,0.1852415000027009,0.4330456695246618,0.3091435847636813,,,,,,,,,
LRRC23,,,,,,,,,,,,
ATN1,,,,,,,,,,,,
C12orf57,,,,,,,,,,,,
PHB2,0.20032447822224803,0.5303330214510477,0.36532874983664787,,,,,,,,,
EMG1,0.18263900465974356,0.40396508954274796,0.29330204710124574,,,,,,,,,
LPCAT3,,,,,,,,,,,,
C1S,,,,,,,,,,,,
PEX5,,,,,,,,,,,,
NECAP1,,,,,,,,,,,,
RIMKLB,,,,,,,,,,,,
PHC1,,,,,,,,,,,,
M6PR,0.08937708176231465,0.3818768615540821,0.2356269716581984,,,,,,,,,
KLRG1,,,,,,,,,,,,
CLEC2D,,,,,,,,,,,,
GABARAPL1,,,,,,,,,,,,
MAGOHB,0.1750177377150111,0.4574191750995692,0.3162184564072902,,,,,,,,,
YBX3,0.09120497264281287,0.3009264096743703,0.19606569115859157,,,,,,,,,
PRH1,,,,,,,,,,,,
SMIM10L1,,,,,,,,,,,,
ETV6,,,,,,,,,,,,
BCL2L14,-0.44337395068487867,-0.18039080949602643,-0.31188238009045255,-0.9903901825719792,-0.3266300950049895,-0.6585101387884844,-0.5228993067189073,-0.16568704319409217,-0.3442931749564997,,,
LRP6,,,,,,,,,,,,
BORCS5,,,,,,,,,,,,
DUSP16,,,,,,,,,,,,
CREBL2,,,,,,,,,,,,
CDKN1B,0.097321093703325,0.3218713684276726,0.2095962310654988,,,,,,,,,
APOLD1,,,,,,,,,,,,
HEBP1,,,,,,,,,,,,
FAM234B,,,,,,,,,,,,
ATF7IP,,,,,,,,,,,,
WBP11,0.1527894330075751,0.43502967226762856,0.2939095526376018,,,,,,,,,
RERG,,,,-0.994696797001949,-0.5288542605743447,-0.7617755287881469,,,,,,
EPS8,,,,,,,,,,,,
STRAP,0.22592611110168134,0.4740955079022011,0.35001080950194124,,,,,,,,,
DERA,,,,,,,,,,,,
MGST1,,,,,,,,,,,,
PLEKHA5,,,,,,,,,,,,
AEBP2,,,,,,,,,,,,
PDE3A,,,,-0.9861553533148075,-0.42580353947402405,-0.7059794463944158,,,,,,
PYROXD1,0.08018248374637857,0.33188699188788623,0.20603473781713239,,,,,,,,,
RECQL,,,,-0.9918797461295247,-0.4746717460042082,-0.7332757460668664,,,,,,
GOLT1B,,,,,,,,,,,,
LDHB,0.328872208235652,0.5601649977735549,0.44451860300460344,,,,,,,0.2888709491515087,0.6440583692240034,0.46646465918775604
KCNJ8,,,,,,,,,,,,
CMAS,0.19997170904853792,0.4846325060607897,0.34230210755466384,,,,,,,,,
C2CD5,,,,,,,,,,,,
ETNK1,,,,,,,,,,,,
SOX5,-0.34287321610232296,-0.10978397823664804,-0.2263285971694855,-0.9836146962333404,-0.35336382079411677,-0.6684892585137285,-0.4876913904282653,-0.13010169808362335,-0.3088965442559443,,,
BCAT1,,,,,,,,,,,,
ETFRF1,,,,,,,,,,,,
KRAS,0.1283923608625104,0.4018178713409275,0.26510511610171894,,,,,,,,,
RASSF8,,,,,,,,,,,,
SSPN,,,,,,,,,,,,
ITPR2,,,,,,,,,,,,
INTS13,0.07985645110695115,0.2660422625366948,0.17294935682182297,,,,,,,,,
FGFR1OP2,0.08576346919677753,0.3985425929793899,0.2421530310880837,,,,,,,,,
TM7SF3,,,,,,,,,,,,
MED21,,,,,,,,,,,,
STK38L,,,,,,,,,,,,
BMAL2,,,,,,,,,,,,
PPFIBP1,,,,,,,,,,,,
MRPS35,,,,,,,,,,,,
KLHL42,,,,,,,,,,,,
CCDC91,,,,,,,,,,,,
FAR2,,,,,,,,,,,,
ERGIC2,0.21566543265643584,0.5175791758655893,0.3666223042610126,,,,,,,,,
TMTC1,-0.30074821957106834,-0.05841091445116211,-0.17957956701111522,,,,,,,,,
IPO8,,,,,,,,,,,,
CAPRIN2,,,,,,,-0.6094624509413368,-0.13786210866250498,-0.3736622798019209,,,
DDX11,,,,-0.9937837912817385,-0.5065843727081342,-0.7501840819949364,,,,,,
SINHCAF,,,,,,,,,,,,
DENND5B,,,,-0.9847929700934039,-0.4747229012330721,-0.729757935663238,,,,,,
AMN1,,,,,,,,,,,,
RESF1,,,,,,,,,,,,
BICD1,,,,-0.9736259956404671,-0.16079021334316954,-0.5672081044918184,,,,,,
FGD4,,,,,,,,,,,,
DNM1L,0.11689236627618439,0.37210381026055667,0.24449808826837052,,,,,,,,,
YARS2,,,,,,,,,,,,
PKP2,,,,-0.9906458190346928,-0.45378395524153226,-0.7222148871381125,,,,,,
CPNE8,,,,,,,,,,,,
KIF21A,,,,,,,,,,,,
C12orf40,-0.32993698609337957,-0.17548422235803682,-0.2527106042257082,-0.9895461768681195,-0.5084508876365526,-0.748998532252336,-0.5284056006840376,-0.18247553847627915,-0.3554405695801584,-0.440866736513428,-0.1751701815544025,-0.3080184590339152
SLC2A13,,,,,,,,,,,,
CNTN1,-0.26417735874222215,-0.09012962987840076,-0.17715349431031147,,,,-0.34628707939838593,-0.1143797743156495,-0.23033342685701771,,,
GXYLT1,,,,,,,,,,,,
YAF2,,,,,,,,,,,,
PPHLN1,,,,,,,,,,,,
ZCRB1,,,,,,,,,,,,
PRICKLE1,,,,,,,,,,,,
ADAMTS20,-0.2387003003770859,-0.059428938768776536,-0.1490646195729312,,,,,,,,,
PUS7L,0.06696091415790957,0.3360588460364207,0.20150988009716514,,,,,,,,,
IRAK4,,,,,,,,,,,,
TWF1,0.06205249550604034,0.30160641409439004,0.1818294548002152,,,,,,,,,
TMEM117,,,,-0.9869418166703713,-0.1436643833075334,-0.5653030999889523,,,,,,
NELL2,,,,,,,,,,,,
ANO6,,,,,,,,,,,,
ARID2,,,,,,,,,,,,
SCAF11,0.06641308082050319,0.35099430593320124,0.2087036933768522,,,,,,,,,
SLC38A1,0.12439378169405262,0.3676194637335869,0.24600662271381976,,,,,,,,,
SLC38A2,,,,,,,,,,,,
RPAP3,,,,,,,,,,,,
SLC48A1,-0.2792061330499782,-0.1675993082390127,-0.22340272064449546,-0.9937969333446777,-0.5303354519174541,-0.7620661926310659,-0.28769064738540784,-0.09221651566539452,-0.18995358152540118,-0.39966905768192573,-0.18039258392469995,-0.2900308208033128
HDAC7,,,,,,,,,,,,
TMEM106C,,,,,,,,,,,,
COL2A1,,,,,,,,,,,,
SENP1,,,,,,,,,,,,
PFKM,,,,,,,,,,,,
ASB8,,,,,,,,,,,,
KANSL2,,,,,,,,,,,,
CCNT1,,,,,,,,,,,,
ADCY6,,,,-0.9949134699085641,-0.56837726898078,-0.7816453694446721,,,,,,
DDX23,0.2063497117516053,0.4487945166088014,0.3275721141802033,,,,,,,,,
CCDC65,-0.3400226454345552,-0.06854734869612097,-0.2042849970653381,,,,,,,,,
FKBP11,,,,,,,,,,,,
ARF3,0.1451561984084452,0.47426102104466883,0.309708609726557,,,,,,,,,
PRKAG1,,,,,,,,,,,,
KMT2D,0.06737383765043665,0.29619829809466897,0.1817860678725528,,,,,,,,,
LMBR1L,0.0773969259964818,0.2941174621283058,0.1857571940623938,-0.9925476472814441,-0.3428575611850723,-0.6677026042332582,,,,,,
TUBA1B,0.32741670301674936,0.619614386478273,0.47351554474751123,,,,0.17060872940662453,0.48401638043875495,0.32731255492268974,,,
TUBA1A,0.18492650362710267,0.3987269672680134,0.291826735447558,,,,,,,,,
TUBA1C,0.36997780317510354,0.5913448220446847,0.48066131260989414,,,,0.18725937104235194,0.5619724554768414,0.37461591325959664,0.17180041432165807,0.42490347762072955,0.2983519459711938
TROAP,,,,,,,,,,,,
SPATS2,,,,,,,,,,,,
MCRS1,0.1771378048675072,0.443958460691931,0.3105481327797191,,,,,,,,,
PRPF40B,,,,,,,,,,,,
FMNL3,,,,,,,,,,,,
TMBIM6,0.19142676246325113,0.39952467943318565,0.2954757209482184,,,,,,,,,
NCKAP5L,,,,,,,,,,,,
BCDIN3D,0.05472923258603895,0.2764270061376662,0.16557811936185257,,,,,,,,,
RACGAP1,,,,,,,,,,,,
ASIC1,,,,-0.9885644618878021,-0.31259321392759654,-0.6505788379076993,,,,,,
SMARCD1,,,,,,,,,,,,
COX14,,,,,,,,,,,,
CERS5,,,,,,,,,,,,
LIMA1,-0.180077256590747,-0.04656918207801439,-0.11332321933438069,-0.9779416793570431,-0.40174107662002567,-0.6898413779885344,,,,,,
LARP4,,,,,,,,,,,,
DIP2B,,,,,,,,,,,,
ATF1,,,,,,,,,,,,
METTL7A,,,,,,,,,,,,
SLC11A2,,,,,,,,,,,,
LETMD1,,,,,,,,,,,,
CSRNP2,,,,,,,,,,,,
TFCP2,,,,,,,,,,,,
DAZAP2,0.07428395206013759,0.32581169465562565,0.20004782335788163,,,,,,,,,
GALNT6,,,,,,,,,,,,
SCN8A,,,,-0.9796936841290027,-0.2836914297859113,-0.631692556957457,,,,,,
ACVR1B,,,,,,,,,,,,
ATG101,0.12108306009080906,0.3915930908583478,0.25633807547457843,,,,,,,,,
KRT8,,,,,,,,,,,,
KRT18,,,,,,,,,,,,
EIF4B,,,,,,,,,,,,
CSAD,,,,,,,,,,,,
ZNF740,,,,,,,,,,,,
MFSD5,0.10012981534406815,0.3196757989534294,0.20990280714874876,-0.9895968790709553,-0.31462850695214245,-0.6521126930115488,,,,,,
ESPL1,,,,,,,,,,,,
PFDN5,0.24038098468368946,0.4916324007918975,0.3660066927377935,,,,,,,,,
MYG1,0.2000018518351117,0.5316181571331108,0.3658100044841113,,,,,,,,,
AAAS,0.1352720004417163,0.4344717101735453,0.2848718553076308,,,,,,,,,
SP1,,,,,,,,,,,,
PRR13,0.1337245224327698,0.44201490140745775,0.2878697119201138,,,,,,,,,
PCBP2,,,,,,,,,,,,
MAP3K12,-0.3246523359704186,-0.07925621043208507,-0.20195427320125184,,,,,,,,,
TARBP2,,,,,,,,,,,,
ATF7,,,,,,,,,,,,
ATP5MC2,0.32168201576342875,0.5656639272570089,0.4436729715102188,,,,,,,,,
HOXC10,0.0871055782732269,0.3382137502003677,0.2126596642367973,,,,,,,,,
HOXC6,,,,,,,,,,,,
HOXC9,,,,,,,,,,,,
HOXC8,,,,,,,,,,,,
HOXC4,,,,,,,,,,,,
SMUG1,,,,,,,,,,,,
CBX5,,,,,,,,,,,,
HNRNPA1,0.3326106711973016,0.5537187532491249,0.44316471222321324,,,,0.17914046083176827,0.4057154939313512,0.29242797738155973,,,
COPZ1,0.15581097383957226,0.42743946138288813,0.29162521761123017,,,,,,,,,
ZNF385A,,,,,,,,,,,,
ITGA5,,,,,,,,,,,,
PPP1R1A,,,,,,,,,,,,
BLOC1S1,,,,,,,,,,,,
CD63,0.1718500527133794,0.43835015562339597,0.3051001041683877,,,,,,,,,
GDF11,,,,,,,,,,,,
SARNP,,,,,,,,,,,,
ORMDL2,,,,,,,,,,,,
DNAJC14,,,,,,,,,,,,
PYM1,,,,,,,,,,,,
CDK2,,,,,,,,,,,,
RAB5B,,,,,,,,,,,,
RPS26,0.32874927492108214,0.6669516788119565,0.4978504768665193,,,,,,,,,
PA2G4,0.18862665976438023,0.4231460169776997,0.30588633837103996,,,,,,,,,
RPL41,0.4283281306366136,0.804922747663489,0.6166254391500513,,,,,,,,,
ESYT1,,,,,,,,,,,,
MYL6B,,,,,,,,,,,,
MYL6,0.26331028881514373,0.4829559182411934,0.37313310352816853,,,,,,,,,
SMARCC2,0.12464718172880528,0.3749842430689734,0.24981571239888933,,,,,,,,,
RNF41,0.11175652763385108,0.39922529179707333,0.2554909097154622,,,,,,,,,
NABP2,0.13796991211877158,0.4474321375811175,0.29270102484994454,,,,,,,,,
ANKRD52,,,,,,,,,,,,
COQ10A,,,,,,,,,,,,
CS,,,,,,,,,,,,
CNPY2,0.2280065233523909,0.4750704175398773,0.35153847044613407,,,,,,,,,
STAT2,,,,,,,,,,,,
TIMELESS,,,,,,,,,,,,
SPRYD4,,,,,,,,,,,,
RBMS2,,,,,,,,,,,,
BAZ2A,0.17908344174561094,0.41443851862847925,0.2967609801870451,,,,,,,,,
ATP5F1B,0.3429677533848058,0.584032915338849,0.4635003343618274,,,,,,,,,
PTGES3,0.2857121478250676,0.4831161580163711,0.38441415292071934,,,,,,,,,
NACA,0.22564989715446926,0.4902045073846186,0.35792720226954394,,,,,,,,,
PRIM1,,,,,,,,,,,,
ZBTB39,,,,,,,,,,,,
NEMP1,,,,,,,,,,,,
STAT6,,,,,,,,,,,,
LRP1,,,,,,,,,,,,
SHMT2,0.1336807598876458,0.3855633208077499,0.25962204034769787,,,,,,,,,
R3HDM2,,,,-0.9785365593559607,-0.3123851727516076,-0.6454608660537842,,,,,,
MARS1,0.07041627196687394,0.3389955188273404,0.20470589539710718,,,,,,,,,
MBD6,,,,,,,,,,,,
DCTN2,0.10074335079466525,0.4028955030382283,0.25181942691644676,,,,,,,,,
KIF5A,-0.31411120782244795,-0.07823774143924231,-0.19617447463084514,-0.989139395372032,-0.4704965808872314,-0.7298179881296317,,,,,,
PIP4K2C,,,,-0.9920766904879593,-0.4244643898155643,-0.7082705401517618,,,,,,
OS9,0.07433240375641399,0.28467988025336605,0.17950614200489,,,,,,,,,
TSPAN31,,,,,,,,,,,,
CDK4,0.1782559469486888,0.4510943991990773,0.31467517307388304,,,,,,,,,
MARCHF9,,,,,,,,,,,,
METTL1,,,,,,,,,,,,
EEF1AKMT3,,,,,,,,,,,,
TSFM,0.21596136923491202,0.4504489089372951,0.33320513908610355,,,,,,,,,
CTDSP2,,,,,,,,,,,,
ATP23,,,,,,,,,,,,
LRIG3,,,,,,,,,,,,
TAFA2,,,,-0.994462780379562,-0.4158741248445687,-0.7051684526120654,,,,,,
USP15,,,,,,,,,,,,
MON2,,,,,,,,,,,,
PPM1H,,,,-0.9889012009173566,-0.3235741696471972,-0.6562376852822769,,,,,,
RXYLT1,,,,,,,,,,,,
SRGAP1,,,,,,,,,,,,
KICS2,,,,,,,,,,,,
XPOT,,,,,,,,,,,,
TBK1,,,,,,,,,,,,
RASSF3,,,,,,,-0.8773656813031596,-0.32094998164210686,-0.5991578314726332,,,
GNS,,,,,,,,,,,,
TBC1D30,,,,,,,,,,,,
LEMD3,,,,-0.9848342035997633,-0.39005122852404683,-0.687442716061905,,,,,,
MSRB3,,,,,,,,,,,,
HMGA2,,,,,,,,,,,,
LLPH,,,,,,,,,,,,
TMBIM4,0.1755305121575884,0.42604789975638785,0.3007892059569881,,,,,,,,,
HELB,,,,,,,,,,,,
GRIP1,-0.24712239608098108,-0.0438931601381338,-0.14550777810955745,,,,,,,,,
CAND1,,,,,,,,,,,,
DYRK2,0.09901374895319386,0.32521197749954833,0.2121128632263711,,,,,,,,,
MDM1,,,,,,,,,,,,
RAP1B,0.14275731308200526,0.4911226816793327,0.31693999738066897,,,,,,,,,
NUP107,,,,,,,,,,,,
SLC35E3,,,,,,,,,,,,
MDM2,,,,,,,,,,,,
CPM,,,,,,,,,,,,
CPSF6,,,,,,,,,,,,
YEATS4,,,,,,,,,,,,
FRS2,,,,,,,,,,,,
CCT2,0.4077006535200984,0.615954094650277,0.5118273740851876,,,,,,,,,
RAB3IP,,,,,,,,,,,,
CNOT2,,,,,,,,,,,,
KCNMB4,,,,,,,,,,,,
TSPAN8,-0.26514174583413186,-0.1627607537569543,-0.21395124979554309,-0.9887919960545444,-0.5745203216589432,-0.7816561588567438,-0.32749900783618047,-0.11275581663329941,-0.22012741223473994,-0.42387547338262543,-0.2015462262437153,-0.3127108498131704
LGR5,,,,,,,,,,,,
ZFC3H1,,,,,,,,,,,,
THAP2,,,,,,,,,,,,
TMEM19,,,,,,,,,,,,
RAB21,,,,,,,,,,,,
TBC1D15,,,,,,,,,,,,
TRHDE,,,,,,,,,,,,
ATXN7L3B,0.1587098169124415,0.39294229790715507,0.27582605740979826,,,,,,,,,
CAPS2,,,,,,,,,,,,
GLIPR1,,,,,,,,,,,,
KRR1,0.16524569872273986,0.38253580969628964,0.27389075420951475,,,,,,,,,
NAP1L1,,,,,,,,,,,,
OSBPL8,,,,,,,,,,,,
ZDHHC17,,,,,,,,,,,,
CSRP2,,,,,,,,,,,,
E2F7,-0.3760445609153792,-0.11244133685598715,-0.24424294888568315,,,,,,,,,
SYT1,-0.3198097493932513,-0.10161150279850516,-0.21071062609587823,-0.9804754630823063,-0.32072502401494135,-0.6506002435486238,,,,,,
PAWR,,,,,,,,,,,,
PPP1R12A,,,,,,,,,,,,
LIN7A,,,,,,,,,,,,
ACSS3,,,,,,,,,,,,
PPFIA2,,,,-0.9921363920336282,-0.5516779946548661,-0.7719071933442472,-0.36409508307716315,-0.08041871331980495,-0.22225689819848404,,,
CCDC59,0.14414006274189833,0.41183521289355673,0.2779876378177275,,,,,,,,,
METTL25,,,,,,,,,,,,
TMTC2,-0.3845627865445365,-0.12718594717420054,-0.25587436685936854,,,,-0.47038091353756645,-0.12596058258131543,-0.29817074805944094,,,
SLC6A15,,,,-0.9879010989586929,-0.48327287090612653,-0.7355869849324097,,,,,,
ALX1,,,,,,,,,,,,
MGAT4C,-0.3050809283642208,-0.17691475572923832,-0.24099784204672955,-0.9924334736140236,-0.5575932986020349,-0.7750133861080293,-0.2571083423689644,-0.1285635401059194,-0.1928359412374419,-0.4427677600316303,-0.21759515496732687,-0.3301814574994786
C12orf29,0.21063714391520585,0.48811371645813834,0.3493754301866721,,,,,,,,,
CEP290,,,,,,,,,,,,
TMTC3,,,,,,,,,,,,
KITLG,,,,,,,,,,,,
POC1B,,,,,,,,,,,,
ATP2B1,0.19041225847015122,0.4694908937894757,0.32995157612981346,,,,,,,,,
BTG1,0.08962937851195897,0.3301848806298556,0.2099071295709073,,,,,,,,,
EEA1,,,,-0.992548520598879,-0.6027068164723108,-0.797627668535595,,,,,,
NUDT4,,,,,,,,,,,,
UBE2N,,,,,,,,,,,,
MRPL42,0.21134616980610407,0.628066693329108,0.41970643156760606,,,,,,,,,
CRADD,,,,-0.991573798089392,-0.5250608753081265,-0.7583173366987592,,,,,,
CEP83,,,,,,,,,,,,
TMCC3,,,,,,,,,,,,
NDUFA12,0.17647320726913823,0.576955209338995,0.37671420830406666,,,,,,,,,
NR2C1,,,,,,,,,,,,
FGD6,,,,,,,,,,,,
VEZT,,,,,,,,,,,,
METAP2,,,,,,,,,,,,
USP44,,,,,,,,,,,,
SNRPF,,,,,,,,,,,,
LTA4H,,,,,,,,,,,,
ELK3,,,,,,,,,,,,
CDK17,,,,,,,,,,,,
NEDD1,,,,,,,,,,,,
TMPO,,,,,,,,,,,,
SLC25A3,0.3225766950701655,0.58901479549669,0.45579574528342776,,,,0.19121942033309475,0.5767650087037846,0.3839922145184397,,,
IKBIP,,,,,,,,,,,,
APAF1,,,,,,,,,,,,
ANKS1B,-0.2757385093645422,-0.10359890291574385,-0.18966870614014303,-0.9940263090273733,-0.5008181315227251,-0.7474222202750492,,,,,,
BLTP3B,,,,,,,,,,,,
ACTR6,0.2549567019982417,0.5166429267764653,0.3857998143873535,,,,,,,,,
DEPDC4,,,,,,,,,,,,
SCYL2,,,,,,,,,,,,
GAS2L3,,,,,,,,,,,,
ANO4,,,,,,,,,,,,
UTP20,,,,,,,,,,,,
ARL1,,,,,,,,,,,,
CHPT1,0.18192976506863712,0.5101008004019435,0.3460152827352903,,,,,,,,,
GNPTAB,,,,-0.9934033506567911,-0.37436491161855723,-0.6838841311376742,,,,,,
WASHC3,,,,,,,,,,,,
NUP37,0.1394477713457002,0.4343160460853493,0.28688190871552477,,,,,,,,,
PARPBP,,,,,,,,,,,,
NT5DC3,,,,,,,,,,,,
HSP90B1,0.11693904057322149,0.2906380192831715,0.20378852992819652,,,,,,,,,
UQCC6,,,,,,,,,,,,
TDG,0.08365370536278281,0.4007862946798513,0.24222000002131705,,,,,,,,,
HCFC2,,,,,,,,,,,,
NFYB,,,,,,,,,,,,
TXNRD1,0.1785252236997475,0.43098339798019675,0.3047543108399721,,,,,,,,,
CHST11,-0.28242166085223147,-0.12765768114365802,-0.20503967099794473,-0.9918406296932346,-0.6251633401883067,-0.8085019849407706,-0.32810737778145777,-0.05705664405813561,-0.19258201091979668,-0.4207698787967394,-0.09084829801616516,-0.2558090884064523
SLC41A2,,,,,,,,,,,,
NOPCHAP1,0.1498618359481985,0.3908034065727652,0.27033262126048185,,,,,,,,,
ALDH1L2,,,,,,,,,,,,
WASHC4,0.08418301040619675,0.32263170048097345,0.2034073554435851,,,,,,,,,
APPL2,,,,-0.9916912469206565,-0.336452517353071,-0.6640718821368637,,,,,,
C12orf75,,,,,,,,,,,,
NUAK1,,,,,,,,,,,,
CKAP4,0.16901227586780498,0.4337597869121211,0.301386031389963,,,,,,,,,
POLR3B,,,,,,,,,,,,
RIC8B,,,,,,,,,,,,
TMEM263,,,,,,,,,,,,
MTERF2,,,,,,,,,,,,
CRY1,,,,,,,,,,,,
ABTB3,,,,-0.9914516179920543,-0.5096915639669386,-0.7505715909794964,,,,,,
PWP1,0.1735807432237362,0.4603889123947758,0.316984827809256,,,,,,,,,
PRDM4,,,,,,,,,,,,
SART3,,,,,,,,,,,,
ISCU,0.23288648381573182,0.4960758045217185,0.3644811441687252,,,,,,,,,
CORO1C,,,,-0.9945135642706782,-0.5194767567338041,-0.7569951605022411,,,,,,
SSH1,,,,,,,,,,,,
USP30,,,,,,,,,,,,
ALKBH2,0.10199666416976857,0.3008832128615526,0.2014399385156606,,,,,,,,,
UNG,-0.3142899537249253,-0.08219663759205519,-0.19824329565849025,,,,,,,,,
ACACB,,,,,,,,,,,,
KCTD10,,,,,,,,,,,,
UBE3B,,,,,,,,,,,,
MMAB,0.21368304694046816,0.5193107521810375,0.3664968995607528,,,,,,,,,
MVK,,,,,,,,,,,,
FAM222A,,,,,,,,,,,,
GLTP,,,,,,,,,,,,
TCHP,0.09794782962455918,0.3437549975878095,0.22085141360618432,,,,,,,,,
GIT2,,,,,,,,,,,,
ANKRD13A,,,,,,,,,,,,
C12orf76,,,,,,,,,,,,
IFT81,0.07397337027443592,0.3113686044857522,0.19267098738009406,,,,,,,,,
ATP2A2,,,,,,,,,,,,
ANAPC7,,,,,,,,,,,,
ARPC3,,,,,,,,,,,,
GPN3,0.25622288497522655,0.5893984283942738,0.42281065668475015,,,,,,,,,
FAM216A,0.15820501687492408,0.338738196594408,0.24847160673466606,,,,,,,,,
VPS29,0.2950495857495292,0.5943907928398661,0.44472018929469764,,,,,,,,,
PPTC7,,,,,,,-0.6080541840113175,-0.12342324081621636,-0.36573871241376693,,,
TCTN1,,,,,,,,,,,,
PPP1CC,0.3225805441072893,0.5909709402606466,0.45677574218396794,,,,0.12704057133113766,0.5074708294880504,0.31725570040959405,,,
CUX2,-0.2489514623430004,-0.09113388487284911,-0.17004267360792474,-0.9853027945895548,-0.5350497236285003,-0.7601762591090275,-0.2680723625459243,-0.05691087688647778,-0.16249161971620105,,,
SH2B3,,,,,,,,,,,,
ATXN2,,,,,,,,,,,,
BRAP,,,,,,,,,,,,
ACAD10,,,,,,,,,,,,
ALDH2,0.07628908795303388,0.3214941136504926,0.1988916008017632,,,,,,,,,
MAPKAPK5,,,,,,,,,,,,
TMEM116,,,,,,,,,,,,
ERP29,0.08548452199764767,0.40092064341656913,0.2432025827071084,,,,,,,,,
NAA25,,,,,,,,,,,,
TRAFD1,,,,,,,,,,,,
HECTD4,,,,,,,,,,,,
RPL6,0.35000033351808224,0.6582610190999885,0.5041306763090354,,,,,,,,,
PTPN11,0.193179071705506,0.43716643665690536,0.31517275418120566,,,,,,,,,
DDX54,0.13008275698356958,0.41066709074110175,0.27037492386233564,,,,,,,,,
RITA1,,,,,,,,,,,,
TPCN1,,,,,,,,,,,,
PLBD2,,,,,,,,,,,,
RBM19,,,,,,,,,,,,
TBX3,0.0761552991935668,0.32826394564957967,0.20220962242157323,,,,,,,,,
MED13L,,,,,,,,,,,,
SPRING1,,,,,,,,,,,,
RNFT2,-0.284019345587019,-0.1375670845064963,-0.21079321504675766,-0.9921645811482016,-0.5390206128335624,-0.765592596990882,-0.2621253301351696,-0.0822344444421909,-0.17217988728868025,-0.3806146553056953,-0.12141028495031403,-0.25101247012800465
HRK,,,,,,,,,,,,
FBXW8,,,,,,,,,,,,
TESC,-0.14365447249607852,-0.0694527683523443,-0.1065536204242114,-0.9641931355341417,-0.28701889369885414,-0.6256060146164979,,,,-0.2890657859781488,-0.06941792605632528,-0.17924185601723705
FBXO21,0.08923161124353386,0.36087034302782683,0.22505097713568034,,,,,,,,,
KSR2,-0.2599028342693139,-0.047052255320172744,-0.15347754479474332,,,,,,,,,
RFC5,,,,,,,,,,,,
WSB2,-0.5294192102844582,-0.21711014552824906,-0.3732646779063536,,,,-0.7870686237809098,-0.15951963311625603,-0.47329412844858293,,,
VSIG10,,,,,,,,,,,,
PEBP1,0.2737804277537946,0.44847829722203086,0.3611293624879127,,,,,,,,,
TAOK3,,,,,,,,,,,,
SUDS3,,,,,,,,,,,,
PRKAB1,,,,,,,,,,,,
CIT,-0.3246026790327918,-0.06682170845424436,-0.19571219374351806,-0.9917085308319614,-0.35052327262155114,-0.6711159017267563,-0.5149299555964317,-0.12377989277806258,-0.31935492418724715,,,
RAB35,,,,,,,,,,,,
GCN1,,,,,,,,,,,,
RPLP0,0.38037612656824976,0.5730276510265186,0.4767018887973842,,,,,,,,,
PXN,,,,,,,,,,,,
MSI1,,,,-0.9555868577450891,-0.3327785672545415,-0.6441827124998153,,,,,,
COX6A1,0.21240390095532077,0.4183708549300287,0.31538737794267474,,,,,,,,,
TRIAP1,0.13809241827505028,0.44134377002436354,0.2897180941497069,,,,,,,,,
GATC,,,,,,,,,,,,
SRSF9,0.28897880365393636,0.571554777381559,0.4302667905177477,,,,,,,,,
DYNLL1,0.3268305932454163,0.48950225346828163,0.40816642335684894,,,,0.31003723801248545,0.5904852023685845,0.45026122019053494,,,
COQ5,,,,-0.9955309735576847,-0.4463532331295727,-0.7209421033436287,,,,,,
RNF10,0.12390765857583451,0.39608103888356416,0.25999434872969934,,,,,,,,,
POP5,0.16170689781293462,0.444364326089705,0.3030356119513198,,,,,,,,,
MLEC,0.26943509478792077,0.5388573638194514,0.40414622930368604,,,,,,,,,
UNC119B,,,,,,,,,,,,
SPPL3,,,,-0.9903019148974403,-0.33521414427164925,-0.6627580295845448,-0.4337284944184243,-0.041826206898965775,-0.23777735065869504,,,
C12orf43,0.12106471154036061,0.38478335863439367,0.25292403508737715,,,,,,,,,
P2RX4,,,,,,,,,,,,
CAMKK2,,,,,,,,,,,,
ANAPC5,,,,,,,,,,,,
RNF34,,,,,,,,,,,,
KDM2B,,,,,,,,,,,,
ORAI1,,,,,,,,,,,,
TMEM120B,,,,,,,,,,,,
RHOF,,,,,,,,,,,,
SETD1B,,,,-0.9838450331695682,-0.35702398181873823,-0.6704345074941532,,,,,,
PSMD9,0.17042952357921776,0.4852104031343329,0.3278199633567753,,,,,,,,,
CFAP251,-0.30335849706329554,-0.19165108743484138,-0.24750479224906846,-0.998253592232497,-0.6365765456166778,-0.8174150689245874,-0.267107444342301,-0.12338345607431586,-0.1952454502083084,-0.428326168982313,-0.2534920314228668,-0.3409091002025899
BCL7A,0.07580771356247556,0.42504390158875655,0.25042580757561606,,,,,,,,,
MLXIP,,,,,,,,,,,,
VPS33A,,,,,,,,,,,,
CLIP1,,,,,,,,,,,,
ZCCHC8,,,,,,,,,,,,
RSRC2,,,,,,,,,,,,
KNTC1,,,,,,,,,,,,
DENR,,,,,,,,,,,,
HIP1R,,,,,,,,,,,,
VPS37B,,,,,,,,,,,,
ABCB9,,,,,,,,,,,,
ARL6IP4,,,,,,,,,,,,
PITPNM2,,,,,,,,,,,,
MPHOSPH9,-0.5504356253948455,-0.13055509942390758,-0.3404953624093765,,,,,,,,,
MTRFR,,,,,,,,,,,,
CDK2AP1,0.10338261168200397,0.4522566361374417,0.2778196239097228,,,,,,,,,
SBNO1,,,,,,,,,,,,
KMT5A,,,,,,,,,,,,
RILPL2,,,,,,,,,,,,
SNRNP35,,,,,,,,,,,,
RILPL1,,,,,,,,,,,,
TMED2,0.12139188349983551,0.4322286614534813,0.2768102724766584,,,,,,,,,
DDX55,,,,,,,,,,,,
EIF2B1,,,,,,,,,,,,
GTF2H3,0.13890379866498698,0.37625487832595395,0.25757933849547043,,,,,,,,,
TCTN2,,,,,,,,,,,,
ATP6V0A2,,,,,,,,,,,,
CCDC92,,,,,,,,,,,,
ZNF664,0.08603850509080885,0.34570847225897916,0.215873488674894,,,,,,,,,
NCOR2,0.09436412023948244,0.3241916618408864,0.2092778910401844,,,,,,,,,
SCARB1,,,,,,,,,,,,
UBC,0.28191242086004037,0.5342698050393873,0.4080911129497138,,,,,,,,,
DHX37,0.09912334587509368,0.3675122841233336,0.23331781499921364,,,,,,,,,
BRI3BP,,,,,,,,,,,,
AACS,,,,,,,,,,,,
SLC15A4,,,,,,,,,,,,
STX2,,,,,,,,,,,,
RAN,0.31092927967187667,0.483640035342643,0.39728465750725983,,,,,,,,,
SFSWAP,0.1723687203976169,0.43751806202719257,0.3049433912124047,,,,,,,,,
ULK1,,,,,,,,,,,,
PUS1,,,,,,,,,,,,
EP400,,,,,,,,,,,,
DDX51,,,,,,,,,,,,
NOC4L,0.14385079883388094,0.3903031284508877,0.2670769636423843,,,,,,,,,
FBRSL1,,,,,,,,,,,,
POLE,,,,,,,,,,,,
PXMP2,,,,,,,,,,,,
PGAM5,,,,,,,,,,,,
ANKLE2,,,,,,,,,,,,
GOLGA3,,,,,,,,,,,,
CHFR,,,,,,,,,,,,
ZNF26,,,,,,,,,,,,
ZNF84,,,,,,,,,,,,
ZNF140,,,,,,,,,,,,
ZNF891,,,,,,,,,,,,
ZNF10,,,,,,,,,,,,
ZNF268,,,,-0.9825437095637554,-0.3564209369159599,-0.6694823232398577,,,,,,
MPHOSPH8,0.08054770661079202,0.3911085266271636,0.23582811661897782,,,,,,,,,
PSPC1,,,,,,,,,,,,
ZMYM5,,,,,,,,,,,,
ZMYM2,,,,,,,,,,,,
CRYL1,,,,,,,,,,,,
IFT88,,,,,,,,,,,,
EEF1AKMT1,,,,,,,,,,,,
XPO4,,,,,,,,,,,,
LATS2,,,,,,,,,,,,
SAP18,0.22193971562001577,0.5356777667259918,0.3788087411730038,,,,,,,,,
SKA3,,,,,,,,,,,,
MRPL57,0.17275015534270866,0.5069301898787257,0.3398401726107172,,,,,,,,,
ZDHHC20,,,,,,,,,,,,
MICU2,,,,,,,,,,,,
SACS,,,,,,,,,,,,
MIPEP,,,,-0.9888349634040564,-0.3793402208304631,-0.6840875921172598,,,,,,
SPATA13,,,,,,,,,,,,
PARP4,,,,,,,,,,,,
CENPJ,,,,,,,,,,,,
MTMR6,,,,,,,,,,,,
NUP58,,,,,,,,,,,,
SHISA2,,,,-0.9859654408966376,-0.19464631404352153,-0.5903058774700796,,,,,,
RNF6,0.14318367426918158,0.4123876683897409,0.27778567132946125,,,,,,,,,
CDK8,,,,,,,,,,,,
WASF3,,,,,,,,,,,,
USP12,,,,,,,,,,,,
RPL21,0.23837952261647039,0.6764844378927933,0.45743198025463183,,,,,,,,,
GTF3A,,,,,,,,,,,,
MTIF3,,,,,,,,,,,,
LNX2,,,,,,,,,,,,
POLR1D,0.11152777575575869,0.40547737576511034,0.2585025757604345,,,,,,,,,
CDX2,,,,,,,,,,,,
FLT3,-0.23791167455867643,-0.15151216974781992,-0.19471192215324817,-0.9797166840884097,-0.46536949445787823,-0.7225430892731439,-0.3407624787519929,-0.06507722270207332,-0.2029198507270331,-0.3691938379607908,-0.18514922055244215,-0.2771715292566165
PAN3,,,,-0.9929179585646662,-0.3988495575733081,-0.6958837580689872,,,,,,
FLT1,,,,-0.9885445770915655,-0.3912411488066761,-0.6898928629491208,,,,,,
POMP,,,,,,,,,,,,
SLC7A1,,,,,,,,,,,,
UBL3,,,,,,,,,,,,
KATNAL1,,,,,,,,,,,,
HMGB1,0.13595713733597803,0.5397029316049244,0.33783003447045123,,,,,,,,,
USPL1,,,,,,,,,,,,
HSPH1,0.20543872290579177,0.4442494194925137,0.3248440711991527,,,,0.13691203082851353,0.4204108818083817,0.27866145631844763,,,
B3GLCT,,,,,,,,,,,,
FRY,,,,,,,,,,,,
BRCA2,,,,,,,,,,,,
N4BP2L2,,,,,,,,,,,,
PDS5B,,,,,,,,,,,,
STARD13,,,,,,,,,,,,
RFC3,,,,,,,,,,,,
NBEA,,,,-0.9912256499195836,-0.5002925138969052,-0.7457590819082445,,,,,,
SPART,0.0949521684216102,0.40994277851071725,0.2524474734661637,,,,,,,,,
RFXAP,-0.15864616584411412,-0.06568502953587664,-0.11216559768999537,-0.9742985198572249,-0.4369239925759838,-0.7056112562166044,,,,,,
SMAD9,,,,,,,,,,,,
ALG5,0.15826632120314166,0.4505982572030747,0.30443228920310816,,,,,,,,,
EXOSC8,0.17491054056334132,0.4238661731144839,0.29938835683891263,,,,,,,,,
SUPT20H,0.0688655594252052,0.2915151232093901,0.18019034131729766,,,,,,,,,
UFM1,,,,,,,,,,,,
FREM2,,,,,,,,,,,,
PROSER1,,,,,,,,,,,,
NHLRC3,,,,,,,,,,,,
LHFPL6,,,,,,,,,,,,
COG6,,,,,,,,,,,,
FOXO1,,,,,,,,,,,,
MRPS31,0.1639080225142855,0.50758769099964,0.3357478567569627,,,,,,,,,
SLC25A15,,,,,,,,,,,,
ELF1,,,,,,,,,,,,
WBP4,0.10319408837003578,0.3752412510653463,0.23921766971769104,,,,,,,,,
KBTBD6,,,,,,,,,,,,
KBTBD7,,,,,,,,,,,,
MTRF1,,,,,,,,,,,,
NAA16,,,,,,,,,,,,
VWA8,,,,,,,,,,,,
DGKH,,,,-0.9608688063180382,-0.1398153484721639,-0.550342077395101,,,,,,
AKAP11,,,,,,,,,,,,
ENOX1,,,,-0.9850390015480516,-0.23276535631892728,-0.6089021789334894,,,,,,
CCDC122,,,,,,,,,,,,
TSC22D1,,,,-0.9888471100135308,-0.30890755245263773,-0.6488773312330842,,,,,,
NUFIP1,0.11369504584861119,0.36895435160122375,0.24132469872491746,,,,,,,,,
GPALPP1,,,,,,,,,,,,
GTF2F2,,,,,,,,,,,,
TPT1,0.17981808871678281,0.547376432820951,0.36359726076886695,,,,,,,,,
COG3,,,,,,,,,,,,
ZC3H13,,,,,,,,,,,,
LRCH1,,,,,,,,,,,,
ESD,0.15121184317913353,0.3736343581312283,0.26242310065518093,,,,,,,,,
SUCLA2,,,,,,,,,,,,
NUDT15,,,,,,,,,,,,
MED4,,,,,,,,,,,,
ITM2B,,,,,,,,,,,,
RB1,,,,,,,,,,,,
FNDC3A,,,,,,,,,,,,
CDADC1,,,,,,,,,,,,
SETDB2,,,,,,,,,,,,
RCBTB1,,,,-0.9953469825310028,-0.6407067816980249,-0.8180268821145138,,,,,,
EBPL,0.23419436787882641,0.5212284757549127,0.37771142181686956,,,,,,,,,
KPNA3,,,,,,,,,,,,
SPRYD7,0.14675323960532857,0.44132397427638703,0.2940386069408578,,,,,,,,,
TRIM13,,,,-0.9960170767559262,-0.6441887178170461,-0.8201028972864861,,,,,,
RNASEH2B,,,,,,,,,,,,
INTS6,,,,,,,,,,,,
WDFY2,-0.248015375332441,-0.04860595289859048,-0.14831066411551574,-0.9826784276637825,-0.4277639592427789,-0.7052211934532807,,,,,,
ATP7B,,,,,,,,,,,,
ALG11,,,,,,,,,,,,
NEK3,0.07174488321928776,0.3224330378751352,0.19708896054721148,,,,,,,,,
VPS36,0.12358469745281789,0.41924398636422316,0.27141434190852054,,,,,,,,,
CKAP2,0.2043928947015292,0.45329462324531267,0.32884375897342094,,,,,,,,,
SUGT1,0.1648050596610687,0.4519725356371264,0.30838879764909755,,,,,,,,,
PCDH17,,,,,,,,,,,,
DIAPH3,,,,,,,,,,,,
TDRD3,,,,,,,,,,,,
PCDH9,,,,,,,,,,,,
DACH1,,,,,,,,,,,,
MZT1,0.24503010626304828,0.5851379745008337,0.415084040381941,,,,,,,,,
BORA,0.10235259230126924,0.337282865510291,0.21981772890578014,,,,,,,,,
DIS3,0.09405739786728781,0.3861480425454189,0.24010272020635337,,,,,,,,,
PIBF1,,,,,,,,,,,,
KLF5,,,,,,,,,,,,
KLF12,-0.3066207632184545,-0.06017569754553138,-0.18339823038199293,,,,,,,,,
TBC1D4,,,,,,,,,,,,
COMMD6,,,,,,,,,,,,
UCHL3,0.1593824604095109,0.43805389026762787,0.29871817533856937,,,,,,,,,
LMO7,,,,,,,,,,,,
KCTD12,,,,,,,,,,,,
CLN5,,,,,,,,,,,,
FBXL3,0.09200478463873997,0.3065597898398374,0.19928228723928867,,,,,,,,,
MYCBP2,,,,,,,,,,,,
SLAIN1,,,,,,,,,,,,
POU4F1,,,,,,,,,,,,
OBI1,,,,,,,,,,,,
RBM26,,,,,,,,,,,,
NDFIP2,,,,,,,,,,,,
SPRY2,,,,,,,,,,,,
SLITRK5,,,,-0.9895385469803399,-0.4408827325395906,-0.7152106397599652,,,,,,
GPC5,,,,,,,,,,,,
GPC6,-0.35500785903468307,-0.13596186607211228,-0.2454848625533977,,,,-0.3982891113357461,-0.0688423517240435,-0.23356573152989482,,,
TGDS,,,,-0.9874867640200113,-0.452167688062444,-0.7198272260412277,,,,,,
GPR180,,,,,,,,,,,,
ABCC4,,,,-0.9904476236744657,-0.561684634295623,-0.7760661289850443,,,,,,
DZIP1,,,,,,,,,,,,
DNAJC3,,,,,,,,,,,,
UGGT2,,,,,,,,,,,,
HS6ST3,-0.2826379566610222,-0.08821744420093539,-0.18542770043097878,,,,,,,,,
MBNL2,,,,,,,,,,,,
RAP2A,,,,,,,,,,,,
IPO5,,,,,,,,,,,,
FARP1,-0.28262019222712037,-0.04210492603099768,-0.16236255912905903,,,,,,,,,
STK24,,,,,,,,,,,,
DOCK9,-0.326003494621931,-0.13744690008672397,-0.2317251973543275,-0.9910309887963463,-0.6092780561259566,-0.8001545224611515,-0.25871160157652073,-0.113538936427982,-0.18612526900225138,-0.33386068751147463,-0.10396684505139168,-0.21891376628143316
UBAC2,,,,,,,,,,,,
TM9SF2,0.07876713996286938,0.34702999169045445,0.21289856582666192,,,,,,,,,
CLYBL,,,,-0.9907229055681478,-0.45902161136243386,-0.7248722584652908,,,,,,
ZIC5,,,,,,,,,,,,
ZIC2,,,,,,,,,,,,
PCCA,-0.34389310049921074,-0.13458163554715355,-0.23923736802318213,-0.9828759125862512,-0.39843320539071,-0.6906545589884806,,,,-0.41439417164765163,-0.07777853661656015,-0.2460863541321059
TMTC4,,,,,,,,,,,,
TPP2,,,,,,,,,,,,
TEX30,,,,,,,,,,,,
BIVM,,,,,,,,,,,,
ERCC5,,,,,,,,,,,,
EFNB2,,,,,,,,,,,,
ARGLU1,,,,,,,,,,,,
NALF1,,,,,,,,,,,,
COL4A2,,,,,,,,,,,,
CARS2,,,,,,,,,,,,
ING1,,,,,,,,,,,,
ANKRD10,-0.8052416549297863,-0.2708627890907157,-0.538052222010251,,,,-0.8462580039997953,-0.2954601292144265,-0.5708590666071109,-0.6300688821402645,-0.13249774839108733,-0.3812833152656759
ARHGEF7,,,,,,,,,,,,
TUBGCP3,,,,,,,,,,,,
ATP11A,,,,,,,,,,,,
PCID2,,,,,,,,,,,,
CUL4A,,,,,,,,,,,,
LAMP1,,,,,,,,,,,,
GRTP1,,,,,,,,,,,,
DCUN1D2,,,,,,,,,,,,
TMCO3,,,,,,,,,,,,
TFDP1,,,,,,,,,,,,
CDC16,0.10640092859756684,0.31599442080787127,0.21119767470271905,,,,,,,,,
UPF3A,,,,,,,,,,,,
CHAMP1,,,,,,,,,,,,
POTEG,-0.23565765536534738,-0.14977766239637835,-0.19271765888086287,-0.9837808572982869,-0.5163093049981238,-0.7500450811482053,-0.19937016918011494,-0.11168760952052252,-0.15552888935031872,-0.39371234828156115,-0.21650271839931645,-0.30510753334043883
TTC5,,,,,,,,,,,,
CCNB1IP1,,,,,,,,,,,,
PARP2,,,,,,,,,,,,
OSGEP,,,,,,,,,,,,
APEX1,0.21880322013764242,0.493500054795023,0.3561516374663327,,,,,,,,,
PIP4P1,,,,,,,,,,,,
PNP,,,,,,,,,,,,
METTL17,,,,,,,,,,,,
NDRG2,-0.2604725388201444,-0.14255740179670492,-0.20151497030842463,-0.9961458966041015,-0.636370508254604,-0.8162582024293528,,,,-0.36082858498788256,-0.1345834786545116,-0.24770603182119708
HNRNPC,0.1366317961188887,0.3866288931543963,0.2616303446366425,,,,,,,,,
SUPT16H,0.14617861993344147,0.42266857479114317,0.28442359736229234,,,,0.14821154839201917,0.5220092909084133,0.33511041965021626,,,
CHD8,0.08105123766723255,0.3954811251194872,0.23826618139335987,,,,,,,,,
RAB2B,-0.34722262372061613,-0.08703183449989896,-0.21712722911025756,,,,,,,,,
TOX4,0.23702281942797845,0.513878403114318,0.3754506112711482,,,,,,,,,
METTL3,0.15391510045877732,0.42049847202466,0.2872067862417187,,,,,,,,,
SALL2,,,,,,,,,,,,
DAD1,0.2537250701378975,0.577934326140394,0.4158296981391457,,,,,,,,,
OXA1L,,,,,,,,,,,,
MRPL52,,,,,,,,,,,,
LRP10,0.06411979225250496,0.29841789589512735,0.18126884407381616,,,,,,,,,
RBM23,,,,,,,,,,,,
PRMT5,0.15078985557221325,0.4147097658428778,0.2827498107075455,,,,,,,,,
HAUS4,,,,,,,,,,,,
C14orf93,,,,,,,,,,,,
PSMB5,0.25263000236671823,0.4854291997836366,0.3690296010751774,,,,,,,,,
ACIN1,0.18181470304928973,0.4028781959223903,0.29234644948584004,,,,0.1103395371995867,0.49916766924516204,0.3047536032223744,,,
C14orf119,0.2999938880597825,0.5476677696022383,0.4238308288310104,,,,0.15811360087787105,0.673932277848363,0.416022939363117,,,
SLC7A8,,,,,,,,,,,,
HOMEZ,,,,,,,,,,,,
PPP1R3E,,,,,,,,,,,,
BCL2L2,,,,,,,,,,,,
PABPN1,0.35850769516840764,0.5759643141283547,0.46723600464838116,,,,0.3609409225396844,0.6806831794553365,0.5208120509975105,0.3121378466282236,0.6985045957083768,0.5053212211683001
NGDN,0.21426700312399324,0.5195059015069725,0.3668864523154829,,,,,,,,,
ZFHX2,,,,,,,,,,,,
DHRS4,,,,-0.977975487478442,-0.18544723056476503,-0.5817113590216035,,,,,,
DHRS4L2,0.14167898428833792,0.39350907444994804,0.267594029369143,,,,,,,,,
PCK2,,,,,,,,,,,,
DCAF11,,,,,,,,,,,,
PSME1,,,,,,,,,,,,
EMC9,0.15705560984777378,0.42407959991374405,0.29056760488075895,,,,,,,,,
PSME2,0.1457019267272516,0.4233929286092289,0.28454742766824026,,,,,,,,,
RNF31,,,,,,,,,,,,
IPO4,0.060943860428007486,0.33026882750490294,0.1956063439664552,,,,,,,,,
TM9SF1,0.09382819105116134,0.34490236193041524,0.2193652764907883,,,,,,,,,
CHMP4A,0.1553517328739584,0.45905986398254717,0.3072057984282528,,,,,,,,,
MDP1,0.07223888568893093,0.36206041470862804,0.2171496501987795,,,,,,,,,
NEDD8,0.3208145008374902,0.6324683438926302,0.4766414223650602,,,,,,,,,
GMPR2,0.06502992244340482,0.3295291940453281,0.19727955824436647,,,,,,,,,
TINF2,,,,,,,,,,,,
RABGGTA,,,,,,,,,,,,
SDR39U1,,,,,,,,,,,,
STXBP6,,,,,,,,,,,,
NOVA1,,,,,,,,,,,,
FOXG1,,,,,,,,,,,,
PRKD1,-0.2631726841627712,-0.06603422487648639,-0.16460345451962877,-0.9740701213602425,-0.2620480556085292,-0.6180590884843858,,,,,,
G2E3,0.14099389666619516,0.33585937812560085,0.238426637395898,,,,,,,,,
SCFD1,,,,,,,,,,,,
COCH,,,,,,,,,,,,
STRN3,,,,,,,,,,,,
AP4S1,,,,,,,,,,,,
HECTD1,,,,,,,,,,,,
HEATR5A,,,,,,,,,,,,
DTD2,,,,,,,,,,,,
NUBPL,,,,,,,,,,,,
ARHGAP5,,,,,,,,,,,,
AKAP6,-0.2292570912440821,-0.08636699183422601,-0.15781204153915407,-0.9787562419087946,-0.3746207160106871,-0.6766884789597408,,,,,,
NPAS3,-0.2033709519082569,-0.019820363373059348,-0.11159565764065812,-0.9656523728804539,-0.14804589102610596,-0.5568491319532799,,,,,,
EGLN3,,,,-0.9371083403383618,-0.2552193499105527,-0.5961638451244572,,,,,,
SPTSSA,0.19485372163223189,0.4321473654650944,0.31350054354866314,,,,0.10734860871837525,0.45651664203976333,0.28193262537906927,,,
EAPP,0.24776971789780527,0.4928070504447455,0.3702883841712754,,,,,,,,,
SNX6,0.22683686804843858,0.5079054900610488,0.3673711790547437,,,,,,,,,
CFL2,0.210474778419176,0.5414623614491888,0.3759685699341824,,,,,,,,,
BAZ1A,0.07179099787207506,0.2794855679255115,0.17563828289879327,,,,,,,,,
SRP54,,,,,,,,,,,,
FAM177A1,,,,,,,,,,,,
PPP2R3C,,,,,,,,,,,,
PRORP,,,,,,,,,,,,
PSMA6,0.25171424595705977,0.5439662360268845,0.3978402409919721,,,,,,,,,
NFKBIA,,,,,,,,,,,,
RALGAPA1,,,,,,,,,,,,
BRMS1L,,,,,,,,,,,,
MBIP,0.15570894273204275,0.40702334851844124,0.281366145625242,,,,,,,,,
PAX9,,,,,,,,,,,,
SLC25A21,,,,,,,,,,,,
MIPOL1,,,,,,,,,,,,
FOXA1,,,,-0.9654830059669561,-0.2535788891966761,-0.6095309475818161,,,,,,
SEC23A,,,,,,,,,,,,
GEMIN2,0.14422853176505826,0.4150751038118927,0.2796518177884755,,,,,,,,,
TRAPPC6B,,,,,,,,,,,,
PNN,0.2133231126721175,0.45605684172071015,0.3346899771964138,,,,0.14467228749223154,0.45531419642799725,0.2999932419601144,,,
MIA2,,,,,,,,,,,,
FBXO33,,,,,,,,,,,,
LRFN5,,,,,,,,,,,,
KLHL28,,,,,,,,,,,,
TOGARAM1,-0.3351243633066512,-0.07884476106183878,-0.206984562184245,-0.9875102591636348,-0.48111432753828987,-0.7343122933509623,,,,,,
PRPF39,,,,,,,,,,,,
FKBP3,0.21859202029916858,0.5143241751309342,0.3664580977150514,,,,,,,,,
FANCM,,,,,,,,,,,,
MIS18BP1,0.182820904516258,0.44443906767848523,0.3136299860973716,,,,,,,,,
MDGA2,,,,-0.9686057446749275,-0.3666664282490913,-0.6676360864620094,,,,,,
RPS29,0.2553772186751813,0.758433622685279,0.5069054206802301,,,,,,,,,
LRR1,0.11258796309874274,0.4534310175784625,0.2830094903386026,,,,,,,,,
RPL36AL,0.3425935995815413,0.5635656036959243,0.45307960163873284,,,,,,,,,
MGAT2,0.1045277903764779,0.3629640806693109,0.2337459355228944,,,,,,,,,
DNAAF2,0.17100829704486006,0.4239322994247549,0.2974702982348075,,,,,,,,,
POLE2,,,,-0.986186089994904,-0.40518631030207874,-0.6956862001484914,,,,,,
KLHDC2,,,,,,,,,,,,
NEMF,0.11142753872756016,0.43983921890127237,0.27563337881441624,,,,,,,,,
ARF6,,,,,,,,,,,,
VCPKMT,,,,,,,,,,,,
SOS2,,,,,,,,,,,,
L2HGDH,,,,,,,,,,,,
DMAC2L,,,,,,,,,,,,
CDKL1,,,,,,,,,,,,
MAP4K5,,,,,,,,,,,,
ATL1,,,,,,,,,,,,
SAV1,,,,,,,,,,,,
NIN,0.11771982582103308,0.33866177462812086,0.22819080022457697,,,,,,,,,
PYGL,,,,,,,,,,,,
TRIM9,,,,,,,,,,,,
TMX1,,,,,,,,,,,,
FRMD6,,,,,,,,,,,,
RTRAF,0.27732786384536723,0.5114494432742949,0.39438865355983105,,,,,,,,,
TXNDC16,,,,,,,,,,,,
GPR137C,,,,,,,,,,,,
ERO1A,,,,,,,,,,,,
PSMC6,0.12706183748810043,0.4708428995136728,0.29895236850088663,,,,,,,,,
STYX,,,,,,,,,,,,
GNPNAT1,0.14914990245994902,0.39997401015923983,0.27456195630959446,,,,,,,,,
FERMT2,0.15927872153078532,0.4091999630958488,0.28423934231331704,,,,,,,,,
DDHD1,,,,,,,,,,,,
BMP4,,,,,,,,,,,,
CDKN3,0.2512977050236602,0.5351304420280337,0.393214073525847,,,,,,,,,
CNIH1,0.1686856874485023,0.4562668077780618,0.312476247613282,,,,,,,,,
GMFB,,,,,,,,,,,,
CGRRF1,,,,,,,,,,,,
SAMD4A,,,,,,,,,,,,
GCH1,,,,,,,,,,,,
WDHD1,,,,,,,,,,,,
SOCS4,,,,,,,,,,,,
MAPK1IP1L,,,,,,,,,,,,
LGALS3,,,,,,,,,,,,
DLGAP5,0.25705517608061934,0.49683746561756786,0.37694632084909363,,,,0.16615007109429347,0.47315497676911505,0.3196525239317043,,,
FBXO34,,,,,,,,,,,,
ATG14,,,,,,,,,,,,
KTN1,,,,,,,,,,,,
PELI2,,,,,,,,,,,,
TMEM260,,,,,,,,,,,,
EXOC5,,,,,,,,,,,,
AP5M1,,,,,,,,,,,,
NAA30,0.13371034635638288,0.40062831546988537,0.2671693309131341,,,,,,,,,
ARMH4,,,,,,,,,,,,
ACTR10,,,,,,,,,,,,
PSMA3,0.2113620111221811,0.5874270218368507,0.3993945164795159,,,,,,,,,
ARID4A,,,,,,,,,,,,
TIMM9,,,,,,,,,,,,
KIAA0586,,,,,,,,,,,,
DAAM1,,,,,,,,,,,,
GPR135,,,,,,,,,,,,
L3HYPDH,,,,,,,,,,,,
JKAMP,0.1715650038946298,0.4111813336817051,0.29137316878816744,,,,,,,,,
RTN1,,,,,,,,,,,,
PCNX4,,,,,,,,,,,,
DHRS7,0.08910283394758609,0.37560681338637336,0.23235482366697974,,,,,,,,,
PPM1A,,,,,,,,,,,,
SIX1,,,,,,,,,,,,
SIX4,,,,,,,,,,,,
MNAT1,,,,,,,,,,,,
TRMT5,,,,,,,,,,,,
SLC38A6,,,,,,,,,,,,
PRKCH,,,,-0.9708807988063141,-0.23990746468208682,-0.6053941317442004,,,,,,
HIF1A,,,,,,,,,,,,
SNAPC1,,,,,,,,,,,,
PPP2R5E,,,,,,,,,,,,
WDR89,,,,,,,,,,,,
SGPP1,,,,,,,,,,,,
SYNE2,,,,,,,,,,,,
ESR2,,,,,,,,,,,,
MTHFD1,,,,,,,,,,,,
ZBTB25,,,,,,,,,,,,
ZBTB1,,,,,,,,,,,,
PLEKHG3,,,,,,,,,,,,
CHURC1,0.12892392688011778,0.4248614287412133,0.2768926778106655,,,,,,,,,
FNTB,,,,,,,,,,,,
MAX,,,,-0.9760834560321857,-0.34642941977580183,-0.6612564379039938,,,,,,
FUT8,,,,,,,,,,,,
GPHN,,,,,,,,,,,,
PALS1,,,,,,,,,,,,
ATP6V1D,,,,,,,,,,,,
EIF2S1,,,,,,,,,,,,
PLEKHH1,,,,,,,,,,,,
PIGH,0.19204400128699994,0.4860011794158719,0.3390225903514359,,,,,,,0.129127378773038,0.5532714855493518,0.3411994321611949
ARG2,,,,,,,,,,,,
VTI1B,,,,,,,,,,,,
RDH11,,,,,,,,,,,,
ZFYVE26,,,,,,,,,,,,
RAD51B,-0.3272044775109958,-0.19200652781708583,-0.2596055026640408,-0.9797309646687029,-0.4963168904530155,-0.7380239275608592,-0.44834995544873496,-0.1447418291224956,-0.2965458922856153,-0.5569022995143926,-0.2184944429039869,-0.38769837120918976
ZFP36L1,,,,,,,,,,,,
ACTN1,,,,,,,,,,,,
DCAF5,,,,,,,,,,,,
EXD2,,,,,,,,,,,,
ERH,0.1082106995233926,0.34052597735663964,0.22436833844001614,,,,,,,,,
SLC39A9,,,,,,,,,,,,
SUSD6,,,,,,,,,,,,
SRSF5,0.2515614105957801,0.5012739269940505,0.3764176687949153,,,,0.24376829379207396,0.7026572238991401,0.47321275884560704,,,
SMOC1,,,,,,,,,,,,
COX16,,,,,,,,,,,,
SYNJ2BP,,,,,,,,,,,,
MED6,0.1052270277117927,0.3769616381989059,0.2410943329553493,,,,,,,,,
MAP3K9,,,,,,,,,,,,
PCNX1,,,,,,,,,,,,
SIPA1L1,,,,-0.9883451833286337,-0.45295392736598383,-0.7206495553473088,,,,,,
DPF3,,,,,,,,,,,,
DCAF4,,,,,,,,,,,,
ZFYVE1,,,,,,,,,,,,
RBM25,0.17451883729193743,0.44091307678805414,0.30771595703999577,,,,,,,,,
PSEN1,,,,,,,,,,,,
NUMB,,,,-0.9938866069327552,-0.6387103702166849,-0.81629848857472,,,,,,
DNAL1,,,,,,,,,,,,
PNMA1,0.046024839277643836,0.3265101396692251,0.18626748947343447,,,,,,,,,
MIDEAS,,,,,,,,,,,,
PTGR2,,,,,,,,,,,,
ZNF410,,,,,,,,,,,,
COQ6,,,,,,,,,,,,
ENTPD5,,,,,,,,,,,,
BBOF1,,,,-0.9965070181133866,-0.661281815238244,-0.8288944166758153,,,,,,
ALDH6A1,,,,,,,,,,,,
LIN52,,,,-0.9820102237909004,-0.34206156433106444,-0.6620358940609824,,,,,,
ABCD4,,,,,,,,,,,,
NPC2,0.19737957581267138,0.40708832317960053,0.30223394949613597,,,,,,,,,
ISCA2,0.2509069576709052,0.5053339203122821,0.37812043899159364,,,,,,,,,
AREL1,,,,,,,,,,,,
FCF1,,,,,,,,,,,,
YLPM1,,,,,,,,,,,,
DLST,,,,,,,,,,,,
RPS6KL1,,,,,,,,,,,,
EIF2B2,0.15702748004242298,0.4582537142545295,0.30764059714847625,,,,,,,,,
ACYP1,,,,,,,,,,,,
NEK9,,,,,,,,,,,,
TMED10,0.1579774134896074,0.43015008342881483,0.2940637484592111,,,,,,,,,
JDP2,,,,-0.9857638385429142,-0.32255654998398414,-0.6541601942634492,,,,,,
TTLL5,,,,,,,,,,,,
ERG28,0.1433671138386118,0.4250307935075069,0.28419895367305936,,,,,,,,,
IFT43,,,,,,,,,,,,
GPATCH2L,,,,,,,,,,,,
ESRRB,,,,,,,,,,,,
VASH1,,,,,,,,,,,,
ANGEL1,,,,-0.9922323862580461,-0.4379131166154749,-0.7150727514367605,,,,,,
IRF2BPL,-0.3977079224566729,-0.13230707465895122,-0.2650074985578121,-0.988954909934873,-0.4376484541102387,-0.7133016820225558,-0.4576617349136099,-0.0820353738006453,-0.2698485543571276,-0.5494436782018045,-0.11104092698069445,-0.3302423025912495
CIPC,,,,,,,,,,,,
NGB,-0.2748187811420944,-0.07140960291016347,-0.17311419202612893,,,,,,,,,
POMT2,,,,,,,,,,,,
GSTZ1,0.059955177648706635,0.29140237808557135,0.17567877786713898,,,,,,,,,
TMED8,,,,,,,,,,,,
VIPAS39,,,,,,,,,,,,
AHSA1,0.21362097944421268,0.43124997134677956,0.3224354753954961,,,,0.13909378224453484,0.6037850926550811,0.37143943744980795,,,
SPTLC2,,,,,,,,,,,,
ALKBH1,,,,-0.9947793555218227,-0.5444119538304892,-0.769595654676156,,,,,,
SLIRP,0.26854390183396654,0.5728330036611957,0.42068845274758115,,,,,,,,,
SNW1,0.21546210736476903,0.4804994760363448,0.3479807917005569,,,,,,,,,
ADCK1,,,,,,,,,,,,
NRXN3,-0.3024056614350355,-0.10863230003936034,-0.20551898073719793,-0.9903776424975955,-0.4930229220389379,-0.7417002822682667,-0.3727450271075738,-0.04554602078321435,-0.20914552394539407,,,
CEP128,,,,,,,,,,,,
GTF2A1,,,,,,,,,,,,
STON2,,,,,,,,,,,,
SEL1L,,,,,,,,,,,,
SPATA7,,,,,,,,,,,,
PTPN21,,,,,,,,,,,,
ZC3H14,,,,,,,,,,,,
EML5,,,,,,,,,,,,
TTC8,,,,,,,,,,,,
FOXN3,,,,-0.9812697370458482,-0.2796938211418388,-0.6304817790938435,,,,,,
EFCAB11,,,,,,,,,,,,
TDP1,,,,,,,,,,,,
PSMC1,0.17341423007877688,0.47955983597842994,0.3264870330286034,,,,,,,,,
NRDE2,,,,,,,,,,,,
CALM1,0.13266102605294008,0.43297067612430484,0.28281585108862245,,,,,,,,,
TTC7B,,,,,,,,,,,,
RPS6KA5,,,,,,,,,,,,
DGLUCY,,,,,,,,,,,,
CCDC88C,,,,-0.992664496566813,-0.5274706737056857,-0.7600675851362493,,,,,,
PPP4R3A,,,,,,,,,,,,
TRIP11,,,,-0.9810329079058248,-0.2835279059863599,-0.6322804069460923,,,,,,
ATXN3,,,,,,,,,,,,
NDUFB1,,,,,,,,,,,,
CPSF2,0.10338499014598473,0.3912850916762373,0.24733504091111103,,,,,,,,,
RIN3,,,,,,,,,,,,
LGMN,,,,,,,,,,,,
GOLGA5,,,,,,,,,,,,
ITPK1,,,,,,,,,,,,
LYSET,,,,,,,,,,,,
GON7,,,,,,,,,,,,
UBR7,,,,,,,,,,,,
BTBD7,,,,,,,,,,,,
DDX24,0.11572593513605352,0.3449703028348627,0.2303481189854581,,,,,,,,,
IFI27L1,,,,,,,,,,,,
IFI27L2,,,,,,,,,,,,
PPP4R4,,,,,,,,,,,,
DICER1,0.12189788897210702,0.3314772919488803,0.22668759046049367,,,,,,,,,
CLMN,,,,,,,,,,,,
GLRX5,0.2522430685919834,0.5547168354378877,0.4034799520149356,,,,,,,,,
C14orf132,,,,,,,,,,,,
ATG2B,,,,,,,,,,,,
GSKIP,,,,,,,,,,,,
AK7,-0.2646520283901457,-0.13005905289404007,-0.19735554064209287,-0.9883782057480022,-0.469362846956054,-0.7288705263520281,,,,-0.3191690797123668,-0.09796415194598367,-0.20856661582917524
PAPOLA,0.15203017004800773,0.461749961758301,0.3068900659031544,,,,,,,,,
VRK1,,,,,,,,,,,,
SETD3,-0.153142057485863,0.06483273246732822,-0.04415466250926738,-0.9839259324783689,-0.31928597788294816,-0.6516059551806586,,,,,,
CCNK,,,,,,,,,,,,
CCDC85C,,,,-0.98503760940838,-0.23760670833037636,-0.6113221588693782,,,,,,
EML1,,,,,,,,,,,,
EVL,,,,,,,,,,,,
YY1,0.12721674790386756,0.4678081951559426,0.29751247152990506,,,,,,,,,
WARS1,,,,,,,,,,,,
WDR25,-0.2880033930909186,-0.1356955864149488,-0.21184948975293372,-0.98390659581134,-0.4715422982782831,-0.7277244470448115,,,,-0.36665150605904295,-0.06385656086109841,-0.2152540334600707
PPP2R5C,,,,,,,,,,,,
DYNC1H1,0.24991922348487697,0.4325603351006056,0.3412397792927413,,,,,,,,,
HSP90AA1,0.21262593060953563,0.42671765326199756,0.3196717919357666,,,,,,,,,
WDR20,,,,,,,,,,,,
MOK,,,,,,,,,,,,
ZNF839,,,,,,,,,,,,
CINP,0.09338661693235377,0.37309458930326245,0.23324060311780812,,,,,,,,,
TECPR2,,,,,,,,,,,,
ANKRD9,,,,,,,,,,,,
RCOR1,,,,,,,,,,,,
TRAF3,,,,,,,,,,,,
CDC42BPB,,,,,,,,,,,,
EIF5,0.2204041974219216,0.400624119796294,0.3105141586091078,,,,,,,,,
MARK3,,,,,,,,,,,,
CKB,0.22448546848351722,0.4822922063088912,0.3533888373962042,,,,,,,,,
TRMT61A,0.11336584762438738,0.34119373099167316,0.22727978930803028,,,,,,,,,
BAG5,0.06979132684037774,0.2907981156765596,0.18029472125846868,,,,,,,,,
KLC1,,,,,,,,,,,,
COA8,,,,,,,,,,,,
XRCC3,,,,,,,,,,,,
ZFYVE21,0.09930890367219981,0.3642989647606316,0.2318039342164157,,,,,,,,,
PPP1R13B,,,,,,,,,,,,
ATP5MJ,0.2352242890499674,0.5958498884657136,0.4155370887578405,,,,,,,,,
INF2,,,,,,,,,,,,
SIVA1,,,,,,,,,,,,
AKT1,0.11507619796258174,0.41988648820498253,0.26748134308378213,,,,,,,,,
CEP170B,,,,,,,,,,,,
CDCA4,,,,,,,,,,,,
JAG2,,,,,,,,,,,,
NUDT14,,,,,,,,,,,,
BRF1,,,,,,,,,,,,
BTBD6,,,,,,,,,,,,
PACS2,,,,,,,,,,,,
MTA1,0.08357218709258749,0.36991331136041333,0.2267427492265004,,,,,,,,,
TEDC1,,,,,,,,,,,,
TMEM121,,,,,,,,,,,,
NIPA1,,,,,,,,,,,,
NIPA2,0.16350029746268932,0.4390277476549208,0.3012640225588051,,,,,,,,,
CYFIP1,,,,,,,,,,,,
TUBGCP5,,,,,,,,,,,,
UBE3A,,,,,,,,,,,,
OCA2,,,,,,,-0.3661509290317786,-0.10568469040575854,-0.23591780971876858,,,
HERC2,,,,,,,,,,,,
APBA2,,,,,,,,,,,,
ENTREP2,-0.2747770294932865,-0.08051129810351544,-0.17764416379840095,-0.9945582227212857,-0.5692372986186501,-0.781897760669968,,,,,,
NSMCE3,0.15330052125000967,0.38911428147732563,0.27120740136366767,,,,,,,,,
TJP1,,,,,,,,,,,,
ARHGAP11B,,,,,,,,,,,,
FAN1,,,,,,,,,,,,
KLF13,0.07970586607727334,0.3035992996476222,0.1916525828624478,,,,,,,,,
OTUD7A,,,,,,,,,,,,
CHRNA7,,,,,,,,,,,,
ARHGAP11A,0.11692924820454795,0.32948740134780286,0.22320832477617542,,,,,,,,,
AVEN,,,,,,,,,,,,
EMC7,0.1245605420862348,0.3635615410028054,0.2440610415445201,,,,,,,,,
KATNBL1,,,,,,,,,,,,
EMC4,0.24959672260281093,0.5812038212045468,0.4154002719036789,,,,0.18375185541589653,0.6279147864156339,0.40583332091576524,,,
SLC12A6,,,,,,,,,,,,
NOP10,,,,,,,,,,,,
LPCAT4,,,,,,,,,,,,
GOLGA8A,,,,,,,,,,,,
AQR,,,,,,,,,,,,
ZNF770,,,,,,,,,,,,
DPH6,,,,,,,,,,,,
CDIN1,,,,,,,,,,,,
MEIS2,,,,,,,,,,,,
SPRED1,,,,,,,,,,,,
FAM98B,,,,,,,,,,,,
GPR176,,,,,,,,,,,,
EIF2AK4,0.1141216311589068,0.4382521053659628,0.2761868682624348,,,,,,,,,
SRP14,,,,,,,,,,,,
BUB1B,0.14547666755651012,0.3645632712556344,0.2550199694060723,,,,,,,,,
KNSTRN,0.30916369979198943,0.549046148872851,0.4291049243324202,,,,,,,0.18226584098874474,0.6142565177603231,0.3982611793745339
IVD,0.08688758716488294,0.3607744599346866,0.22383102354978476,,,,,,,,,
BAHD1,,,,-0.9918181537061984,-0.3948290764667348,-0.6933236150864666,,,,,,
CHST14,,,,,,,,,,,,
CCDC32,,,,,,,,,,,,
RPUSD2,0.1122394349944936,0.33255180650815463,0.22239562075132413,,,,,,,,,
KNL1,0.1120481436273928,0.3403053645610603,0.22617675409422655,,,,,,,,,
RAD51,,,,,,,,,,,,
RMDN3,0.0794158736763773,0.29315378726522173,0.18628483047079952,,,,,,,,,
GCHFR,,,,,,,,,,,,
DNAJC17,,,,-0.9925744295190589,-0.4991883923570546,-0.7458814109380567,,,,,,
VPS18,,,,,,,,,,,,
INO80,,,,,,,,,,,,
CHP1,,,,,,,,,,,,
OIP5,0.09111154983957873,0.4101988154105199,0.2506551826250493,,,,,,,,,
NUSAP1,0.2017480258298231,0.41443889561616726,0.30809346072299515,,,,,,,,,
NDUFAF1,,,,,,,,,,,,
RTF1,0.11373624516278115,0.4171351799969407,0.2654357125798609,,,,,,,,,
RPAP1,,,,,,,,,,,,
TYRO3,,,,,,,,,,,,
MGA,,,,,,,,,,,,
MAPKBP1,,,,,,,,,,,,
EHD4,,,,,,,,,,,,
VPS39,,,,,,,,,,,,
TMEM87A,,,,,,,,,,,,
ZNF106,0.12277796719068669,0.39846447967643683,0.26062122343356176,,,,,,,,,
SNAP23,0.12074980285404713,0.3809722755305426,0.25086103919229485,,,,,,,,,
LRRC57,,,,,,,,,,,,
HAUS2,,,,,,,,,,,,
STARD9,,,,,,,,,,,,
TTBK2,,,,,,,,,,,,
UBR1,,,,,,,,,,,,
TMEM62,,,,,,,,,,,,
CCNDBP1,,,,,,,,,,,,
LCMT2,-0.25586010877455556,-0.11283559558188395,-0.18434785217821975,-0.981032142461165,-0.463834405873423,-0.722433274167294,,,,-0.28206814421076387,-0.07865859833892236,-0.18036337127484312
ADAL,,,,,,,,,,,,
TUBGCP4,,,,,,,,,,,,
TP53BP1,,,,,,,,,,,,
MAP1A,,,,,,,,,,,,
PPIP5K1,,,,,,,,,,,,
CATSPER2,-0.3634239134010238,-0.1379014275788496,-0.25066267048993673,-0.9935137271816439,-0.6531647741606642,-0.8233392506711541,,,,,,
PDIA3,0.08391362736425956,0.3694097728420589,0.22666170010315922,,,,,,,,,
SERF2,0.1718761105359125,0.5303515798956543,0.35111384521578337,,,,,,,,,
HYPK,,,,,,,,,,,,
MFAP1,0.11562208137597388,0.3658261579062495,0.24072411964111168,,,,,,,,,
WDR76,-0.5415575902159873,-0.24663669800250204,-0.3940971441092447,,,,,,,,,
FRMD5,,,,,,,,,,,,
GOLM2,,,,,,,,,,,,
CTDSPL2,,,,-0.9881227826752598,-0.3756788296370051,-0.6819008061561325,,,,,,
EIF3J,,,,,,,,,,,,
SPG11,,,,,,,,,,,,
B2M,0.12295352767573356,0.4081322289050663,0.2655428782903999,,,,,,,,,
SORD,,,,,,,,,,,,
SPATA5L1,,,,-0.9914366102428063,-0.4390155880030184,-0.7152260991229124,,,,,,
BLOC1S6,,,,,,,,,,,,
SEMA6D,,,,-0.9913417024845186,-0.3138877551160081,-0.6526147288002633,,,,,,
MYEF2,0.05976240647815313,0.2529014719192987,0.1563319391987259,,,,,,,,,
SLC12A1,-0.19157404424105898,-0.10628345462606198,-0.1489287494335605,-0.9180933853953493,-0.379925631540125,-0.6490095084677372,-0.23648348503180883,-0.10096949042145782,-0.16872648772663332,-0.4346284808344955,-0.18595525427383605,-0.31029186755416577
DUT,,,,,,,,,,,,
CEP152,,,,-0.9804814512294568,-0.24068956497739902,-0.6105855081034279,,,,,,
EID1,0.17679825555989528,0.4788930806697632,0.32784566811482924,,,,,,,,,
SECISBP2L,,,,,,,,,,,,
COPS2,0.12671834710836635,0.445320236951968,0.2860192920301672,,,,,,,,,
GALK2,,,,,,,,,,,,
FAM227B,,,,,,,,,,,,
DTWD1,,,,,,,,,,,,
GABPB1,,,,,,,,,,,,
USP8,,,,-0.9872133198302617,-0.41012098433032373,-0.6986671520802927,,,,,,
TRPM7,,,,,,,,,,,,
SPPL2A,,,,,,,,,,,,
AP4E1,,,,,,,,,,,,
DMXL2,,,,,,,,,,,,
TMOD2,,,,-0.9827497547994207,-0.27741737785490966,-0.6300835663271652,,,,,,
TMOD3,0.1387083419370209,0.37948593081337506,0.259097136375198,,,,,,,,,
LEO1,0.09869973178968539,0.3235284563493724,0.21111409406952888,,,,,,,,,
MAPK6,,,,-0.9698424215219307,-0.17325123250820754,-0.5715468270150691,,,,,,
GNB5,,,,,,,,,,,,
MYO5C,,,,,,,,,,,,
MYO5A,,,,,,,,,,,,
ARPP19,,,,,,,,,,,,
ATOSA,,,,,,,,,,,,
UNC13C,-0.284449868330003,-0.17002555469904201,-0.22723771151452252,-0.9888218992256492,-0.5763904587830756,-0.7826061790043624,-0.2868427892128455,-0.09664845916878768,-0.1917456241908166,-0.40375462831455794,-0.21023471822272857,-0.30699467326864327
RSL24D1,0.178946273474922,0.4585841004423172,0.3187651869586196,,,,,,,,,
RAB27A,,,,,,,,,,,,
PIGBOS1,,,,,,,,,,,,
PIGB,,,,,,,,,,,,
CCPG1,,,,,,,,,,,,
DNAAF4,,,,,,,,,,,,
PYGO1,,,,,,,,,,,,
PRTG,,,,,,,,,,,,
NEDD4,,,,,,,,,,,,
RFX7,,,,,,,,,,,,
TEX9,,,,,,,,,,,,
MNS1,-0.2051389648978761,-0.04661377988476975,-0.12587637239132293,-0.9786942676341657,-0.41365401657510537,-0.6961741421046355,,,,,,
ZNF280D,,,,,,,,,,,,
TCF12,,,,,,,,,,,,
CGNL1,,,,-0.9520475365413102,-0.25547954622240115,-0.6037635413818557,,,,,,
POLR2M,,,,,,,,,,,,
ALDH1A2,,,,,,,,,,,,
ADAM10,-0.27233806911461156,-0.14391460285779611,-0.20812633598620384,-0.9875051889089843,-0.5589729094657984,-0.7732390491873913,-0.23570845013170352,-0.07253683010121512,-0.15412264011645932,-0.4311854086895994,-0.1619547319013452,-0.29657007029547233
MINDY2,,,,-0.9613607978646087,-0.19923137152816708,-0.5802960846963879,,,,,,
RNF111,-0.45565635514633834,-0.0968410454139351,-0.2762487002801367,,,,-0.746389359292199,-0.14266342142499228,-0.44452639035859565,,,
SLTM,0.1645675286249765,0.35881650632404927,0.2616920174745129,,,,,,,,,
CCNB2,0.27282500853666797,0.5023974462001188,0.3876112273683934,,,,,,,,,
MYO1E,,,,-0.9816546596012965,-0.34108670724833556,-0.6613706834248161,,,,,,
FAM81A,,,,,,,,,,,,
GTF2A2,0.2047421944060257,0.5087521028415324,0.35674714862377904,,,,,,,,,
BNIP2,0.09477599124130208,0.3313086698497653,0.2130423305455337,,,,,,,,,
ANXA2,0.1257373001923259,0.3342773631331241,0.23000733166272502,,,,,,,,,
ICE2,,,,,,,,,,,,
RORA,-0.38105657993498243,-0.15039241549215462,-0.26572449771356854,,,,,,,,,
VPS13C,,,,,,,,,,,,
TLN2,,,,-0.9935033143575225,-0.5965410949497126,-0.7950222046536175,,,,,,
TPM1,,,,,,,,,,,,
LACTB,0.04993103790239706,0.32081151525462986,0.18537127657851346,,,,,,,,,
RPS27L,,,,,,,,,,,,
RAB8B,,,,,,,,,,,,
CA12,,,,-0.9938950858973514,-0.6016275198139625,-0.7977613028556569,,,,,,
USP3,,,,,,,,,,,,
HERC1,,,,,,,,,,,,
CIAO2A,0.1248375089117785,0.40543011608129254,0.2651338124965355,,,,,,,,,
SNX1,,,,,,,,,,,,
PPIB,0.19624462738425735,0.3707578971860344,0.2835012622851459,,,,,,,,,
CSNK1G1,,,,-0.980962517370614,-0.2675612598249018,-0.6242618885977579,,,,,,
PCLAF,,,,,,,,,,,,
TRIP4,,,,,,,,,,,,
ZNF609,,,,,,,,,,,,
OAZ2,,,,,,,,,,,,
RBPMS2,-0.2739634719512254,-0.0753086373555058,-0.1746360546533656,-0.9864890455501547,-0.38530705594303044,-0.6858980507465926,,,,-0.3244618773436957,-0.04581905016530715,-0.1851404637545014
SPG21,0.11942419433554362,0.38136086891694637,0.250392531626245,,,,,,,,,
MTFMT,,,,,,,,,,,,
PDCD7,0.13341018604557248,0.3826335051858184,0.2580218456156954,,,,,,,,,
CLPX,0.1281384970032235,0.38224171464626555,0.25519010582474455,,,,,,,,,
PARP16,,,,,,,,,,,,
IGDCC3,,,,,,,,,,,,
IGDCC4,,,,,,,,,,,,
DPP8,,,,,,,,,,,,
HACD3,0.2533480687630667,0.459977843213083,0.35666295598807485,,,,,,,,,
INTS14,,,,,,,,,,,,
SLC24A1,,,,,,,,,,,,
DENND4A,-0.36819381376377386,-0.0937124168428819,-0.23095311530332788,-0.982359136702174,-0.4369231543643739,-0.709641145533274,,,,,,
RAB11A,,,,,,,,,,,,
MEGF11,,,,-0.991897523176738,-0.41154934434001056,-0.7017234337583742,,,,,,
DIS3L,,,,,,,,,,,,
TIPIN,,,,,,,,,,,,
MAP2K1,,,,-0.9865471551397827,-0.17914104857986243,-0.5828441018598226,,,,,,
SNAPC5,,,,,,,,,,,,
RPL4,0.34224383356014865,0.5810577451475839,0.4616507893538663,,,,0.13142235784837036,0.5072436642252445,0.31933301103680745,,,
ZWILCH,,,,,,,,,,,,
SMAD6,,,,,,,,,,,,
SMAD3,,,,-0.9925042796125183,-0.5813347233732368,-0.7869195014928776,,,,,,
AAGAB,,,,,,,,,,,,
IQCH,,,,-0.9732165041273156,-0.26987366706161314,-0.6215450855944644,,,,,,
C15orf61,,,,,,,,,,,,
MAP2K5,-0.25761033597925753,-0.10838306976924257,-0.18299670287425004,-0.9877050584233298,-0.5587093840502836,-0.7732072212368066,,,,-0.40796124754150526,-0.101895163332269,-0.2549282054368871
PIAS1,,,,,,,,,,,,
CALML4,,,,,,,,,,,,
CLN6,,,,,,,,,,,,
FEM1B,,,,,,,,,,,,
CORO2B,-0.1699924283894939,-0.07742350244493494,-0.12370796541721443,-0.9859473782917484,-0.5629139966634205,-0.7744306874775844,,,,-0.3492234089399671,-0.11810276294407887,-0.233663085942023
ANP32A,0.2171322081000006,0.41106308070371506,0.31409764440185783,,,,,,,,,
SPESP1,,,,,,,,,,,,
GLCE,,,,,,,,,,,,
PAQR5,,,,,,,,,,,,
KIF23,0.15120766981484507,0.3355523180175538,0.24337999391619944,,,,,,,,,
RPLP1,,,,,,,,,,,,
TLE3,,,,,,,,,,,,
UACA,0.1019726953422769,0.3228224558114861,0.2123975755768815,,,,,,,,,
LARP6,,,,,,,,,,,,
LRRC49,,,,,,,,,,,,
THSD4,-0.3552198901556041,-0.15407764091303341,-0.25464876553431876,-0.993530904574108,-0.5399364236030294,-0.7667336640885687,-0.45078301306145546,-0.10643796862857727,-0.2786104908450164,,,
MYO9A,,,,,,,,,,,,
SENP8,,,,,,,,,,,,
PKM,0.21121395330796927,0.5361821534050331,0.3736980533565012,,,,,,,,,
PARP6,,,,,,,,,,,,
HEXA,,,,,,,,,,,,
ARIH1,,,,,,,,,,,,
BBS4,,,,,,,,,,,,
ADPGK,,,,,,,,,,,,
NEO1,,,,-0.9917752518210035,-0.3845415617507396,-0.6881584067858715,,,,,,
NPTN,,,,,,,,,,,,
CD276,,,,,,,,,,,,
PML,,,,,,,,,,,,
UBL7,0.11996092209399922,0.3756682067815246,0.24781456443776192,,,,,,,,,
ARID3B,,,,,,,,,,,,
CLK3,,,,,,,,,,,,
EDC3,,,,,,,,,,,,
CSK,0.10297394537394106,0.3705042314059586,0.23673908838994984,,,,,,,,,
ULK3,,,,,,,,,,,,
SCAMP2,0.15883037654513796,0.4179527729687033,0.2883915747569206,,,,,,,,,
MPI,,,,,,,,,,,,
FAM219B,,,,,,,,,,,,
COX5A,0.17642406665511062,0.5364120534994535,0.35641806007728205,,,,,,,,,
RPP25,0.10263703917437715,0.3059290235971867,0.20428303138578194,,,,,,,,,
SCAMP5,,,,,,,,,,,,
PPCDC,,,,,,,,,,,,
C15orf39,,,,,,,,,,,,
COMMD4,0.1161776933097032,0.41491095369058867,0.26554432350014595,,,,,,,,,
MAN2C1,,,,,,,,,,,,
SIN3A,,,,,,,,,,,,
PTPN9,,,,,,,,,,,,
SNUPN,0.1256120928964605,0.35379544739804447,0.23970377014725247,,,,,,,,,
IMP3,0.1780811396423798,0.48256460117841204,0.33032287041039593,,,,,,,,,
UBE2Q2,,,,,,,,,,,,
FBXO22,,,,,,,,,,,,
NRG4,,,,,,,,,,,,
TMEM266,-0.274925229802671,-0.1253927721444205,-0.20015900097354572,-0.9798183522184225,-0.4233959592862262,-0.7016071557523244,,,,-0.30988859521020645,-0.06196666789215495,-0.1859276315511807
ETFA,,,,,,,,,,,,
ISL2,,,,,,,,,,,,
SCAPER,,,,,,,,,,,,
RCN2,0.1352804005377073,0.38657124873929183,0.26092582463849956,,,,,,,,,
TSPAN3,0.24234944294392152,0.45713386535923345,0.3497416541515775,,,,,,,,,
PEAK1,,,,-0.9891381487845748,-0.45720102304443766,-0.7231695859145062,,,,,,
HMG20A,,,,,,,,,,,,
LINGO1,-0.30562406099306305,-0.17602284189621817,-0.24082345144464062,-0.9852579057751615,-0.492192551629148,-0.7387252287021547,-0.3618805586839865,-0.11937758850933076,-0.24062907359665864,-0.42082536486902367,-0.1683977303196804,-0.29461154759435204
TBC1D2B,,,,,,,,,,,,
CIB2,,,,,,,,,,,,
IDH3A,0.07007599933872366,0.33048184048355506,0.20027891991113936,,,,,,,,,
SKIC8,0.12038680094324176,0.37393389950843126,0.24716035022583652,,,,,,,,,
IREB2,,,,,,,,,,,,
HYKK,,,,,,,,,,,,
PSMA4,0.24254032721206714,0.46037370754297513,0.3514570173775211,,,,,,,,,
CHRNA5,,,,,,,,,,,,
MORF4L1,0.15891071637571233,0.37831140851989103,0.2686110624478017,,,,,,,,,
CTSH,,,,,,,,,,,,
TMED3,,,,,,,,,,,,
MTHFS,,,,,,,,,,,,
ZFAND6,,,,,,,,,,,,
FAH,0.10212535986444383,0.32318212629485726,0.21265374307965054,,,,,,,,,
ABHD17C,,,,,,,,,,,,
MESD,0.19355320857377456,0.510361050347171,0.3519571294604728,,,,,,,,,
TLNRD1,,,,,,,,,,,,
EFL1,,,,,,,,,,,,
RPS17,0.24546755178552626,0.49302727666200147,0.36924741422376384,,,,,,,,,
CPEB1,,,,-0.9916251286146539,-0.5782160130374459,-0.7849205708260498,,,,,,
WHAMM,,,,,,,,,,,,
HOMER2,,,,,,,,,,,,
RAMAC,,,,,,,,,,,,
C15orf40,,,,,,,,,,,,
BTBD1,,,,,,,,,,,,
HDGFL3,,,,,,,,,,,,
SH3GL3,,,,,,,,,,,,
ZSCAN2,,,,,,,,,,,,
WDR73,,,,,,,,,,,,
NMB,0.08194144525945249,0.35021207725210185,0.21607676125577718,,,,,,,,,
SEC11A,0.17082019758433564,0.43389792397243465,0.30235906077838515,,,,,,,,,
ZNF592,,,,,,,,,,,,
PDE8A,,,,,,,,,,,,
AKAP13,,,,-0.9899544261368303,-0.4870173859896434,-0.7384859060632368,,,,,,
KLHL25,,,,,,,,,,,,
AGBL1,-0.30937619638852876,-0.17785227851874102,-0.2436142374536349,-0.9911840173914782,-0.5073812720638216,-0.7492826447276499,-0.35650313964746383,-0.14628521488007057,-0.2513941772637672,-0.3978248803696303,-0.21571226805078636,-0.3067685742102083
MRPL46,0.2461745166787138,0.47963992141965556,0.36290721904918466,,,,,,,0.13260741661620828,0.6364816117781468,0.3845445141971775
MRPS11,0.11660223844282488,0.35713911044365243,0.23687067444323867,,,,,,,,,
DET1,,,,,,,,,,,,
AEN,,,,,,,,,,,,
MFGE8,,,,,,,,,,,,
ABHD2,,,,,,,,,,,,
FANCI,,,,,,,,,,,,
POLG,,,,,,,,,,,,
TICRR,,,,,,,,,,,,
KIF7,,,,,,,,,,,,
PEX11A,0.15928849971993422,0.4081398120917662,0.2837141559058502,,,,,,,,,
MESP1,,,,,,,,,,,,
AP3S2,,,,,,,,,,,,
ARPIN,,,,,,,,,,,,
ZNF710,,,,,,,,,,,,
IDH2,,,,,,,,,,,,
SEMA4B,-0.17469844130440618,-0.05583714646491295,-0.11526779388465956,-0.9560122038786979,-0.36036510253984577,-0.6581886532092718,,,,-0.2745831215166141,-0.0099564227683018,-0.14226977214245795
CIB1,0.12559186757520535,0.40224272278676837,0.26391729518098683,,,,,,,,,
GDPGP1,,,,,,,,,,,,
NGRN,0.13745412708748148,0.40752974246788903,0.27249193477768524,,,,,,,,,
IQGAP1,,,,,,,,,,,,
CRTC3,,,,,,,,,,,,
BLM,,,,,,,,,,,,
FURIN,,,,,,,,,,,,
HDDC3,0.16027976946244682,0.42907160336616584,0.2946756864143063,,,,,,,,,
UNC45A,,,,,,,,,,,,
RCCD1,,,,,,,,,,,,
PRC1,0.2965975987502372,0.5097621094306333,0.4031798540904352,,,,,,,,,
FAM174B,,,,-0.9853263301023829,-0.4613146251095277,-0.7233204776059553,,,,,,
CHD2,,,,,,,,,,,,
RGMA,,,,,,,,,,,,
NR2F2,0.14131356693009942,0.40532192165724373,0.27331774429367156,,,,,,,,,
IGF1R,,,,-0.9887741523674293,-0.4349899814415797,-0.7118820669045045,,,,,,
TTC23,,,,,,,,,,,,
LRRC28,,,,,,,,,,,,
MEF2A,,,,-0.982008485778151,-0.32474990976493645,-0.6533791977715437,,,,,,
LYSMD4,,,,,,,,,,,,
ADAMTS17,,,,-0.9800932546916159,-0.29971137095273176,-0.6399023128221738,-0.34549198269311454,-0.08786469236722105,-0.2166783375301678,,,
LINS1,,,,,,,,,,,,
ASB7,,,,,,,,,,,,
CHSY1,,,,,,,,,,,,
SELENOS,0.12594655568317767,0.40020581707128533,0.2630761863772315,,,,,,,,,
SNRPA1,0.1809552311623487,0.5319016662146088,0.3564284486884787,,,,,,,,,
PCSK6,,,,-0.9722423703021656,-0.09204664467024887,-0.5321445074862072,,,,,,
TM2D3,0.10109092843544713,0.4030424532227609,0.252066690829104,,,,,,,,,
TARS3,,,,,,,,,,,,
POLR3K,,,,,,,,,,,,
SNRNP25,0.10512664291639669,0.37375080269611144,0.23943872280625406,,,,,,,,,
MPG,0.21302559784900127,0.454093506669979,0.33355955225949013,,,,,,,,,
NPRL3,,,,,,,,,,,,
HBQ1,,,,,,,,,,,,
LUC7L,,,,,,,,,,,,
FAM234A,,,,,,,,,,,,
ARHGDIG,0.16123717586196873,0.4113801485467358,0.28630866220435225,,,,,,,,,
AXIN1,,,,,,,,,,,,
MRPL28,0.2646207902288691,0.4972084689137227,0.3809146295712959,,,,,,,,,
PGAP6,,,,,,,,,,,,
NME4,0.276452945031744,0.5085759844806849,0.39251446475621443,,,,,,,,,
RAB11FIP3,,,,,,,,,,,,
CAPN15,,,,,,,,,,,,
PIGQ,,,,,,,,,,,,
RAB40C,,,,,,,,,,,,
METTL26,0.16995754707512178,0.5127850092245682,0.34137127814984497,,,,,,,,,
MCRIP2,,,,,,,,,,,,
WDR90,,,,,,,,,,,,
RHOT2,,,,,,,,,,,,
STUB1,0.32422048348400573,0.5761978406684728,0.4502091620762393,,,,,,,,,
JMJD8,0.08420242285621658,0.3299312617205906,0.2070668422884036,,,,,,,,,
METRN,,,,,,,,,,,,
ANTKMT,0.20775318979566684,0.4236203259124234,0.3156867578540451,,,,,,,,,
HAGHL,,,,,,,,,,,,
CIAO3,,,,,,,,,,,,
RPUSD1,0.09055331166175873,0.347880391770099,0.21921685171592886,,,,,,,,,
CHTF18,,,,,,,,,,,,
LMF1,,,,,,,,,,,,
CACNA1H,,,,,,,,,,,,
UBE2I,0.23718933632105765,0.4880001942122818,0.3625947652666697,,,,,,,,,
TSR3,0.10131611798075803,0.41696317039905817,0.2591396441899081,,,,,,,,,
GNPTG,,,,,,,,,,,,
UNKL,,,,,,,,,,,,
UQCC4,0.16311569018659897,0.43243521783616473,0.29777545401138183,,,,,,,,,
CLCN7,,,,,,,,,,,,
TELO2,,,,,,,,,,,,
IFT140,,,,,,,,,,,,
CRAMP1,,,,,,,,,,,,
JPT2,,,,,,,,,,,,
MAPK8IP3,-0.24108244243661012,-0.02122885821895115,-0.13115565032778062,,,,,,,,,
NME3,0.17287087400153625,0.4347617064611036,0.30381629023131995,,,,,,,,,
MRPS34,0.21487828846294452,0.4851466973391353,0.3500124929010399,,,,,,,,,
SPSB3,,,,,,,,,,,,
NUBP2,0.09790109171246196,0.38940260230555707,0.24365184700900952,,,,,,,,,
HAGH,0.12353880303491328,0.38537248079467745,0.25445564191479536,,,,,,,,,
FAHD1,0.07672785386945442,0.34159206369732875,0.20915995878339158,,,,,,,,,
MSRB1,,,,,,,,,,,,
NDUFB10,0.23041136545198398,0.4652348427370272,0.34782310409450556,,,,,,,,,
RPS2,0.2690305131470154,0.45937643137352,0.3642034722602677,,,,,,,,,
TBL3,0.08530270788230107,0.35447516960041686,0.21988893874135895,,,,,,,,,
GFER,0.10292226591963582,0.3525356950527986,0.2277289804862172,,,,,,,,,
ZNF598,0.09076191380626722,0.34118150604873193,0.2159717099274996,,,,,,,,,
NPW,,,,,,,,,,,,
NHERF2,0.16972635509380593,0.4255331880309291,0.29762977156236753,,,,,,,,,
NTHL1,0.1922664075030557,0.4647769787398447,0.3285216931214502,,,,,,,,,
TSC2,,,,,,,,,,,,
PKD1,,,,,,,,,,,,
TRAF7,0.06580498042465088,0.2859119262247782,0.17585845332471453,,,,,,,,,
MLST8,0.15049741751114137,0.4038920676334933,0.27719474257231735,,,,,,,,,
PGP,0.21873805206798352,0.5121949038774379,0.3654664779727107,,,,,,,,,
E4F1,,,,,,,,,,,,
ECI1,0.22770627176052913,0.5519328098047891,0.3898195407826591,,,,0.1812970359791992,0.5821810388415317,0.38173903741036547,,,
RNPS1,0.22662848722027837,0.477717718314997,0.3521731027676377,,,,,,,,,
ABCA3,,,,,,,,,,,,
CCNF,,,,,,,,,,,,
TEDC2,,,,,,,,,,,,
TBC1D24,,,,,,,,,,,,
ATP6V0C,0.11718738217866408,0.500534682697172,0.30886103243791807,,,,,,,,,
AMDHD2,,,,,,,,,,,,
PDPK1,,,,,,,,,,,,
KCTD5,,,,,,,,,,,,
SRRM2,0.2750956153818895,0.4507931957637039,0.3629444055727967,,,,0.11497983755909719,0.4063595434330247,0.2606696904960609,,,
ELOB,0.13199791238978778,0.7600471376541956,0.4460225250219917,,,,,,,,,
FLYWCH2,,,,,,,,,,,,
FLYWCH1,,,,,,,,,,,,
PKMYT1,,,,,,,,,,,,
PAQR4,,,,,,,,,,,,
TNFRSF12A,,,,,,,,,,,,
HCFC1R1,,,,,,,,,,,,
THOC6,0.17707298828472445,0.35168724601450196,0.2643801171496132,,,,,,,,,
ZNF205,,,,,,,,,,,,
ZNF200,,,,,,,,,,,,
ZNF263,,,,,,,,,,,,
ZNF75A,,,,,,,,,,,,
ZSCAN32,,,,,,,,,,,,
ZNF174,,,,-0.9905544999137303,-0.44906092498513106,-0.7198077124494306,,,,,,
NAA60,,,,,,,,,,,,
CLUAP1,,,,,,,,,,,,
SLX4,,,,,,,,,,,,
DNASE1,,,,,,,,,,,,
TRAP1,,,,,,,,,,,,
CREBBP,,,,,,,,,,,,
ADCY9,,,,,,,,,,,,
TFAP4,,,,,,,,,,,,
PAM16,0.13214208415794476,0.38348403758108657,0.25781306086951566,,,,,,,,,
CORO7,,,,,,,,,,,,
DNAJA3,0.14635210962283246,0.42912558380716925,0.28773884671500083,,,,,,,,,
NMRAL1,,,,,,,,,,,,
HMOX2,0.12559782648035603,0.38244614117855397,0.254021983829455,,,,,,,,,
CDIP1,,,,,,,,,,,,
UBALD1,,,,,,,,,,,,
MGRN1,,,,,,,,,,,,
NUDT16L1,0.19283010332421896,0.44666720451747904,0.319748653920849,,,,,,,,,
ANKS3,,,,,,,,,,,,
ZNF500,,,,,,,,,,,,
ROGDI,,,,,,,,,,,,
GLYR1,,,,,,,,,,,,
UBN1,,,,,,,,,,,,
SEC14L5,-0.2550172288811557,-0.13791013537348001,-0.19646368212731785,-0.9895378767409835,-0.4946618414217999,-0.7420998590813916,-0.24017927738528946,-0.09156518677226225,-0.16587223207877586,-0.3308563658372972,-0.18406660164130575,-0.2574614837393015
ALG1,,,,,,,,,,,,
EEF2KMT,,,,,,,,,,,,
RBFOX1,-0.2857407442902821,-0.16341672830498624,-0.2245787362976342,-0.9857203413772461,-0.540561625159296,-0.763140983268271,-0.24090601123342842,-0.08154256821510837,-0.1612242897242684,-0.4028843154600239,-0.21327710693319657,-0.30808071119661024
METTL22,,,,,,,,,,,,
ABAT,,,,-0.9915733407689445,-0.4494878156190012,-0.7205305781939728,,,,,,
PMM2,,,,,,,,,,,,
CARHSP1,,,,,,,,,,,,
USP7,0.14167174293607718,0.4247119703096673,0.2831918566228722,,,,,,,,,
HAPSTR1,,,,,,,,,,,,
ATF7IP2,,,,,,,,,,,,
EMP2,,,,,,,,,,,,
NUBP1,,,,,,,,,,,,
DEXI,0.14964893844003593,0.40037471436940586,0.2750118264047209,,,,,,,,,
CLEC16A,,,,,,,,,,,,
RMI2,,,,,,,,,,,,
ENSG00000188897,,,,,,,,,,,,
LITAF,,,,,,,,,,,,
SNN,,,,,,,,,,,,
TXNDC11,,,,,,,,,,,,
ZC3H7A,,,,,,,,,,,,
RSL1D1,0.27376524003446656,0.44829714140582055,0.36103119072014356,,,,0.2338522478515887,0.6178897773908848,0.4258710126212367,,,
GSPT1,0.24500326822124943,0.5681996479999265,0.40660145811058795,,,,0.2044216405539701,0.6219896120144153,0.41320562628419266,,,
SNX29,-0.346695240902208,-0.047498612661542906,-0.19709692678187546,-0.9862842366623296,-0.31206840921198886,-0.6491763229371592,-0.5132123534062992,-0.07315788427858902,-0.29318511884244414,,,
CPPED1,,,,-0.9962498935539411,-0.627200168158515,-0.811725030856228,,,,,,
ERCC4,0.09496266584837079,0.3455327589427686,0.22024771239556967,,,,,,,,,
MRTFB,,,,,,,,,,,,
PARN,,,,,,,,,,,,
BFAR,,,,,,,,,,,,
NOMO1,,,,,,,,,,,,
PDXDC1,,,,,,,,,,,,
NTAN1,,,,,,,,,,,,
RRN3,,,,,,,,,,,,
MARF1,,,,,,,,,,,,
NDE1,0.07929320219070599,0.3023737261305736,0.1908334641606398,,,,,,,,,
CEP20,0.1809283557218759,0.47321538774939587,0.3270718717356359,,,,,,,,,
ABCC1,,,,-0.974468170913198,-0.09255071322465017,-0.5335094420689241,,,,,,
NOMO3,,,,,,,,,,,,
XYLT1,,,,,,,,,,,,
NOMO2,,,,,,,,,,,,
RPS15A,0.4137639756338291,0.6818413620035245,0.5478026688186768,,,,,,,,,
ARL6IP1,0.3638500317722195,0.5284252124463675,0.44613762210929353,,,,0.10119480622241625,0.37681271507565745,0.23900376064903683,0.26300522134923043,0.5537085900156784,0.4083569056824544
SMG1,,,,,,,,,,,,
TMC7,,,,-0.9675745615096321,-0.2606350190108931,-0.6141047902602625,,,,,,
COQ7,,,,,,,,,,,,
ITPRIPL2,,,,,,,,,,,,
GDE1,0.17023526178589388,0.4264624694434897,0.29834886561469176,,,,,,,,,
CCP110,,,,,,,,,,,,
VPS35L,,,,-0.9914275422359947,-0.31490753494176343,-0.6531675385888791,,,,,,
KNOP1,,,,,,,,,,,,
IQCK,,,,-0.9814290901999848,-0.17597321721220652,-0.5787011537060957,,,,,,
GPRC5B,,,,,,,,,,,,
THUMPD1,,,,,,,,,,,,
ERI2,,,,,,,,,,,,
REXO5,,,,,,,,,,,,
LYRM1,,,,,,,,,,,,
LDAF1,,,,,,,,,,,,
METTL9,,,,,,,,,,,,
NPIPB4,,,,,,,,,,,,
UQCRC2,0.1394063128718769,0.4164511825600262,0.27792874771595155,,,,,,,,,
MOSMO,,,,,,,,,,,,
EEF2K,,,,,,,,,,,,
POLR3E,,,,,,,,,,,,
CDR2,,,,,,,,,,,,
USP31,,,,,,,,,,,,
COG7,,,,,,,,,,,,
GGA2,,,,,,,,,,,,
EARS2,,,,,,,,,,,,
UBFD1,0.13950529091617694,0.4115665193352439,0.2755359051257104,,,,,,,,,
NDUFAB1,0.2362030021682713,0.5012590970334279,0.36873104960084957,,,,,,,,,
PALB2,,,,,,,,,,,,
DCTN5,,,,,,,,,,,,
PLK1,0.3874325859122742,0.5608599527593856,0.47414626933582993,,,,0.21249524649853813,0.5722402300310256,0.3923677382647819,0.16606903523209698,0.563507629861891,0.36478833254699394
PRKCB,-0.2118095851806918,-0.04509947406788535,-0.12845452962428858,-0.9939358853356545,-0.3945429795146932,-0.6942394324251738,,,,,,
RBBP6,0.12070348899034904,0.35568621094430686,0.23819484996732795,,,,,,,,,
TNRC6A,,,,,,,,,,,,
ARHGAP17,,,,,,,,,,,,
LCMT1,,,,,,,,,,,,
NSMCE1,0.1115120654337891,0.4323763504512207,0.2719442079425049,,,,,,,,,
GTF3C1,,,,,,,,,,,,
KATNIP,,,,,,,,,,,,
XPO6,,,,,,,,,,,,
CLN3,,,,,,,,,,,,
SGF29,,,,,,,,,,,,
EIF3C,,,,,,,,,,,,
ATXN2L,,,,,,,,,,,,
TUFM,0.19034723091918654,0.4850349004841894,0.33769106570168794,,,,,,,,,
SH2B1,,,,,,,,,,,,
RABEP2,,,,-0.9965882292339722,-0.6666269018098194,-0.8316075655218957,,,,,,
NFATC2IP,,,,-0.9970289248455317,-0.6527192810598632,-0.8248741029526975,,,,,,
SPNS1,0.08894963205343114,0.33801160292430454,0.21348061748886785,,,,,,,,,
QPRT,0.08978291165278295,0.36237617033764474,0.22607954099521385,,,,,,,,,
KIF22,0.13636646825434248,0.39187272110942567,0.26411959468188406,,,,,,,,,
MAZ,0.21044790529520555,0.5389250509106016,0.37468647810290356,,,,,,,,,
PAGR1,0.1416896376331653,0.4501214076608436,0.2959055226470044,,,,,,,,,
MVP,-0.21579434436667716,-0.011300439308840218,-0.1135473918377587,,,,,,,,,
CDIPT,0.1430894956119422,0.3758738839599109,0.25948168978592656,,,,,,,,,
SEZ6L2,,,,,,,,,,,,
ASPHD1,,,,,,,,,,,,
KCTD13,,,,,,,,,,,,
TMEM219,,,,,,,,,,,,
TAOK2,,,,,,,,,,,,
HIRIP3,0.08157393483573792,0.33824669384451683,0.20991031434012739,,,,,,,,,
INO80E,,,,,,,,,,,,
DOC2A,,,,,,,,,,,,
ALDOA,,,,,,,,,,,,
PPP4C,0.30382822711051755,0.5059261873839574,0.4048772072472375,,,,0.18866543745078787,0.6431543236133926,0.41590988053209027,,,
YPEL3,,,,,,,,,,,,
MAPK3,0.09973134583029405,0.370090721728332,0.23491103377931305,,,,,,,,,
BOLA2B,,,,,,,,,,,,
NPIPB13,,,,,,,,,,,,
CD2BP2,0.10072382899042194,0.3849013024036683,0.24281256569704512,,,,,,,,,
TBC1D10B,0.11372989976469418,0.37662299879812094,0.24517644928140755,,,,,,,,,
ZNF48,,,,,,,,,,,,
SEPTIN1,-0.2433823842031956,-0.053941834812137573,-0.1486621095076666,-0.9862573218594755,-0.35431097107025866,-0.670284146464867,,,,-0.3832714518269429,-0.037218206148097635,-0.21024482898752025
ZNF771,0.08320660300320858,0.34557389912770015,0.21439025106545437,,,,,,,,,
DCTPP1,0.18169531146832923,0.47304680976176394,0.3273710606150466,,,,,,,,,
SEPHS2,0.25333004730079167,0.4988556096729466,0.37609282848686915,,,,0.2806786081708264,0.595010744333451,0.43784467625213874,,,
ZNF768,0.06651480457422597,0.3202459427618658,0.1933803736680459,,,,,,,,,
ZNF747,,,,,,,,,,,,
ZNF764,0.05859646467533905,0.3215803415114671,0.19008840309340308,,,,,,,,,
ZNF688,,,,,,,,,,,,
ZNF689,,,,,,,,,,,,
PRR14,,,,,,,,,,,,
FBRS,0.11997453326714046,0.34531275052510024,0.23264364189612036,,,,,,,,,
SRCAP,,,,,,,,,,,,
PHKG2,,,,,,,,,,,,
CFAP119,,,,,,,,,,,,
RNF40,0.15770401398612008,0.4237412251655793,0.2907226195758497,,,,,,,,,
ZNF629,,,,,,,,,,,,
BCL7C,,,,,,,,,,,,
FBXL19,,,,,,,,,,,,
SETD1A,,,,,,,,,,,,
STX4,0.2030974502848543,0.44032072429483876,0.32170908728984654,,,,,,,,,
ZNF668,0.09525344294185169,0.33023033843353694,0.2127418906876943,,,,,,,,,
VKORC1,0.2030350129156635,0.4182877904516572,0.31066140168366035,,,,,,,,,
BCKDK,,,,,,,,,,,,
KAT8,,,,,,,,,,,,
FUS,,,,,,,,,,,,
RUSF1,,,,,,,,,,,,
KRBOX5,,,,,,,,,,,,
ZNF267,0.06727969822036456,0.31793837690367216,0.19260903756201836,,,,,,,,,
SHCBP1,,,,,,,,,,,,
VPS35,0.1789202240048806,0.4760363843363503,0.32747830417061546,,,,,,,,,
ORC6,,,,,,,,,,,,
C16orf87,0.16319425865945666,0.4603428412023223,0.3117685499308895,,,,,,,,,
GPT2,,,,,,,,,,,,
DNAJA2,,,,,,,,,,,,
NETO2,,,,,,,,,,,,
ITFG1,,,,,,,,,,,,
PHKB,,,,,,,,,,,,
LONP2,,,,,,,,,,,,
SIAH1,,,,,,,,,,,,
N4BP1,,,,,,,,,,,,
ZNF423,,,,-0.9619428288363916,-0.2791703344480075,-0.6205565816421995,,,,,,
CNEP1R1,,,,,,,,,,,,
HEATR3,,,,,,,,,,,,
TENT4B,,,,,,,,,,,,
BRD7,0.2054172393807549,0.5166270460177824,0.3610221426992687,,,,,,,,,
CYLD,,,,,,,,,,,,
SALL1,0.13426048179417027,0.3854388638159703,0.2598496728050703,,,,,,,,,
HNRNPA1L3,0.12044825271754966,0.3775565062083158,0.24900237946293274,,,,,,,,,
CHD9,,,,,,,,,,,,
RBL2,,,,,,,,,,,,
AKTIP,,,,,,,,,,,,
RPGRIP1L,,,,,,,,,,,,
FTO,,,,,,,,,,,,
IRX3,,,,,,,,,,,,
IRX5,,,,,,,,,,,,
LPCAT2,,,,,,,,,,,,
AMFR,,,,,,,,,,,,
NUDT21,0.12159934038054679,0.38211807463693687,0.25185870750874184,,,,,,,,,
OGFOD1,,,,,,,,,,,,
BBS2,,,,-0.9902071998887079,-0.4036721591012213,-0.6969396794949646,,,,,,
MT2A,,,,,,,,,,,,
MT1X,0.13188458734634168,0.33198537966705194,0.2319349835066968,,,,,,,,,
NUP93,,,,,,,,,,,,
HERPUD1,0.05931855482088735,0.3168021835121329,0.18806036916651012,,,,,,,,,
CPNE2,,,,,,,,,,,,
PSME3IP1,,,,,,,,,,,,
RSPRY1,,,,,,,,,,,,
ARL2BP,0.14535595175634594,0.4261039846182029,0.2857299681872744,,,,,,,,,
PLLP,,,,,,,,,,,,
CIAPIN1,0.22593419403854362,0.4810198756657288,0.3534770348521362,,,,,,,,,
COQ9,0.15128941720504727,0.38985759275723875,0.270573504981143,,,,,,,,,
POLR2C,,,,,,,,,,,,
CCDC102A,,,,,,,,,,,,
KATNB1,,,,,,,,,,,,
USB1,,,,,,,,,,,,
CFAP20,,,,,,,,,,,,
CSNK2A2,,,,,,,,,,,,
CCDC113,,,,,,,,,,,,
GINS3,,,,,,,,,,,,
SETD6,,,,,,,,,,,,
CNOT1,,,,,,,,,,,,
SLC38A7,,,,,,,,,,,,
GOT2,,,,,,,,,,,,
TK2,,,,,,,,,,,,
CKLF,,,,,,,,,,,,
CMTM3,0.058640519901579514,0.2833795472884913,0.17101003359503542,,,,,,,,,
CMTM4,,,,,,,,,,,,
DYNC1LI2,0.08010625900070284,0.3456878489139193,0.21289705395731107,,,,,,,,,
TERB1,-0.34353069898622396,-0.14928151181874225,-0.2464061054024831,-0.971949339473276,-0.5219843613442638,-0.7469668504087699,-0.3112955825152147,-0.07657624929276384,-0.1939359159039893,-0.36011546375888653,-0.14813044030791778,-0.2541229520334022
NAE1,0.21595532235643689,0.5065976133932323,0.3612764678748346,,,,,,,,,
PDP2,,,,,,,,,,,,
CIAO2B,0.1481584864751952,0.47064839996398805,0.3094034432195916,,,,,,,,,
CES2,0.09436762380233747,0.3324109877963386,0.21338930579933804,,,,,,,,,
CBFB,,,,,,,,,,,,
PHAF1,,,,,,,,,,,,
TRADD,,,,,,,,,,,,
E2F4,0.0910519957784815,0.3163270446786162,0.20368952022854886,,,,,,,,,
TMEM208,0.20925723550055153,0.5139669498515578,0.36161209267605465,,,,,,,,,
FHOD1,,,,,,,,,,,,
ATP6V0D1,0.09210563634872146,0.3365202643499033,0.21431295034931236,,,,,,,,,
RIPOR1,,,,,,,,,,,,
CTCF,,,,,,,,,,,,
CARMIL2,0.06478749483813563,0.2794310322930112,0.1721092635655734,,,,,,,,,
ACD,,,,,,,,,,,,
GFOD2,,,,,,,,,,,,
RANBP10,,,,,,,,,,,,
CENPT,,,,,,,,,,,,
THAP11,0.13108446520924297,0.3816383098896224,0.25636138754943266,,,,,,,,,
NUTF2,,,,,,,,,,,,
EDC4,0.12725036369523993,0.397862113473987,0.26255623858461347,,,,,,,,,
PSKH1,,,,,,,,,,,,
PSMB10,0.10750460358373341,0.4256077174506519,0.26655616051719266,,,,,,,,,
DUS2,,,,,,,,,,,,
DDX28,0.09735812452972473,0.34884495047330616,0.22310153750151546,,,,,,,,,
NFATC3,-0.2585574375887258,-0.05150491846473178,-0.15503117802672878,-0.9882021957746496,-0.513113941350093,-0.7506580685623714,-0.35278197709867587,-0.051508676143691694,-0.20214532662118379,,,
SLC7A6,,,,,,,,,,,,
SLC7A6OS,,,,,,,,,,,,
PRMT7,,,,,,,,,,,,
ZFP90,,,,,,,,,,,,
TANGO6,,,,,,,,,,,,
UTP4,,,,,,,,,,,,
SNTB2,,,,,,,,,,,,
VPS4A,,,,,,,,,,,,
COG8,,,,,,,,,,,,
NIP7,0.21247509982007953,0.4289397738003873,0.3207074368102334,,,,,,,,,
TERF2,-0.21022652139132517,0.0029792106071664247,-0.10362365539207936,-0.9937967959710635,-0.5739922308601696,-0.7838945134156166,,,,,,
CYB5B,0.14387048106974773,0.5034762166027856,0.3236733488362667,,,,,,,,,
NFAT5,,,,,,,,,,,,
NOB1,0.18112278332010306,0.492202650672015,0.33666271699605904,,,,,,,,,
WWP2,,,,,,,,,,,,
PDPR,,,,,,,,,,,,
EXOSC6,,,,,,,,,,,,
AARS1,,,,,,,,,,,,
DDX19B,,,,,,,,,,,,
DDX19A,,,,,,,,,,,,
ST3GAL2,,,,,,,,,,,,
COG4,,,,,,,,,,,,
SF3B3,,,,,,,,,,,,
MTSS2,,,,,,,,,,,,
VAC14,,,,,,,,,,,,
ZNF23,,,,,,,,,,,,
PHLPP2,,,,,,,,,,,,
AP1G1,,,,,,,,,,,,
ATXN1L,,,,,,,,,,,,
IST1,,,,,,,,,,,,
ZNF821,,,,,,,,,,,,
DHODH,,,,,,,,,,,,
TXNL4B,,,,,,,,,,,,
DHX38,0.10759533451707605,0.3794916493933308,0.24354349195520342,,,,,,,,,
ZFHX3,-0.35227084792026814,-0.0916365853465551,-0.22195371663341162,-0.9864601850527386,-0.4231032303279568,-0.7047817076903478,,,,,,
PSMD7,0.31722762728925696,0.5594329234508879,0.4383302753700724,,,,0.12490062056809577,0.5759604004727674,0.3504305105204316,,,
GLG1,,,,,,,,,,,,
RFWD3,,,,,,,,,,,,
WDR59,,,,,,,,,,,,
ZNRF1,,,,,,,,,,,,
ZFP1,,,,,,,,,,,,
BCAR1,,,,,,,,,,,,
CFDP1,,,,,,,,,,,,
TMEM170A,,,,,,,,,,,,
GABARAPL2,0.14669873753525337,0.37769912332399025,0.26219893042962183,,,,,,,,,
ADAT1,,,,,,,,,,,,
KARS1,,,,,,,,,,,,
TERF2IP,0.12444833727193927,0.41940766453190015,0.2719280009019197,,,,,,,,,
MON1B,,,,,,,,,,,,
SYCE1L,,,,,,,,,,,,
NUDT7,0.09540137829952,0.35374016253099355,0.22457077041525678,,,,,,,,,
WWOX,-0.48177822151598587,-0.21411007476243205,-0.34794414813920893,,,,-0.6759965883037725,-0.2650590406690583,-0.4705278144864154,,,
MAF,,,,,,,,,,,,
CDYL2,,,,,,,,,,,,
CMC2,0.16230196226845575,0.5024473537378595,0.33237465800315763,,,,,,,,,
CENPN,,,,,,,,,,,,
ATMIN,0.11833496666218313,0.33229139364870747,0.2253131801554453,,,,,,,,,
C16orf46,,,,,,,,,,,,
GCSH,,,,,,,,,,,,
GAN,,,,,,,,,,,,
CMIP,,,,,,,,,,,,
PLCG2,,,,,,,,,,,,
MPHOSPH6,,,,,,,,,,,,
CDH13,-0.30846068326945875,-0.1599179437693086,-0.23418931351938366,-0.9853756872341705,-0.48392179063540613,-0.7346487389347883,-0.2515060804530473,-0.11390298940892674,-0.182704534930987,-0.44555477208770106,-0.2124033186066692,-0.32897904534718514
HSBP1,,,,,,,,,,,,
MLYCD,,,,,,,,,,,,
MBTPS1,,,,,,,,,,,,
HSDL1,,,,,,,,,,,,
TAF1C,,,,,,,,,,,,
MEAK7,-0.18161056605500847,-0.00769386357170903,-0.09465221481335875,-0.9862775599044087,-0.21347562644178308,-0.5998765931730958,,,,,,
COTL1,0.10035765886623056,0.38780943988837185,0.2440835493773012,,,,,,,,,
KLHL36,,,,,,,,,,,,
USP10,,,,,,,,,,,,
ZDHHC7,,,,,,,,,,,,
KIAA0513,,,,,,,,,,,,
GSE1,,,,,,,,,,,,
GINS2,,,,,,,,,,,,
C16orf74,,,,,,,,,,,,
EMC8,0.11570610088922667,0.42942912322613974,0.2725676120576832,,,,,,,,,
COX4I1,0.27469963812405784,0.5029628131984403,0.38883122566124906,,,,,,,,,
MTHFSD,,,,,,,,,,,,
C16orf95,,,,,,,,,,,,
FBXO31,,,,,,,,,,,,
MAP1LC3B,0.15077860829207335,0.4181308912874179,0.2844547497897456,,,,,,,,,
ZCCHC14,-0.11318130135694912,0.003905694228674714,-0.0546378035641372,-0.9506819957643412,-0.35012388688518975,-0.6504029413247655,,,,,,
KLHDC4,,,,,,,,,,,,
SLC7A5,0.10092384627436642,0.2734902994493072,0.1872070728618368,,,,,,,,,
BANP,,,,,,,,,,,,
ZFPM1,,,,,,,,,,,,
ZC3H18,0.0877285424908767,0.4024830847480665,0.2451058136194716,,,,,,,,,
CYBA,0.14376265389766354,0.3171731446428639,0.23046789927026373,,,,,,,,,
MVD,,,,,,,,,,,,
RNF166,0.06125767236840029,0.2889912653921813,0.1751244688802908,,,,,,,,,
CTU2,,,,,,,,,,,,
PIEZO1,,,,,,,,,,,,
CDT1,,,,,,,,,,,,
APRT,0.13570163866865198,0.46648173293300693,0.30109168580082946,,,,,,,,,
GALNS,,,,,,,,,,,,
TRAPPC2L,0.15539747566811304,0.44153257503796134,0.2984650253530372,,,,,,,,,
ACSF3,,,,,,,,,,,,
ZNF778,,,,,,,,,,,,
ANKRD11,0.11335472240753935,0.329911710240649,0.2216332163240942,,,,,,,,,
SPG7,-0.17130706320426495,0.0005227188953286821,-0.08539217215446814,-0.981431620757952,-0.4218641818225522,-0.7016479012902521,,,,,,
RPL13,0.42060731932255374,0.6194458351042303,0.5200265772133921,,,,0.18446346538520605,0.504480053385763,0.3444717593854845,,,
CPNE7,,,,,,,,,,,,
CHMP1A,,,,,,,,,,,,
SPATA33,,,,,,,,,,,,
CDK10,,,,,,,,,,,,
SPATA2L,,,,,,,,,,,,
VPS9D1,-0.39063411664070397,-0.1174262607657849,-0.25403018870324445,,,,,,,-0.4488229385001978,-0.09559841083859197,-0.27221067466939486
ZNF276,,,,,,,,,,,,
FANCA,,,,-0.9906659161172359,-0.3342631410513343,-0.6624645285842851,,,,,,
SPIRE2,,,,,,,,,,,,
TCF25,0.1552654466273691,0.4583942525182777,0.3068298495728234,,,,,,,,,
DEF8,0.19518374150395182,0.5108107778583428,0.3529972596811473,,,,,,,,,
DBNDD1,,,,,,,,,,,,
GAS8,,,,,,,,,,,,
RFLNB,,,,,,,,,,,,
VPS53,,,,,,,,,,,,
TLCD3A,,,,,,,,,,,,
GEMIN4,,,,,,,,,,,,
GLOD4,0.11656137442309054,0.3663364939118744,0.24144893416748248,,,,,,,,,
MRM3,0.12865127023916695,0.3644155367144035,0.24653340347678523,,,,,,,,,
NXN,-0.25436555640749803,-0.06538922172844178,-0.1598773890679699,-0.9862910573629041,-0.3061693261218044,-0.6462301917423543,-0.3662481734736646,0.011441905725473241,-0.17740313387409568,,,
TIMM22,0.24972904449247574,0.46914276292780904,0.3594359037101424,,,,,,,,,
ABR,,,,,,,,,,,,
YWHAE,,,,,,,-0.984875843162851,-0.37112324100351834,-0.6779995420831847,,,
CRK,,,,,,,,,,,,
MYO1C,,,,,,,,,,,,
INPP5K,,,,,,,,,,,,
PITPNA,0.10049257751480382,0.4069840886176095,0.25373833306620663,,,,,,,,,
PRPF8,0.12272669369615112,0.3629456643251397,0.24283617901064541,,,,,,,,,
TLCD2,,,,,,,,,,,,
WDR81,,,,,,,,,,,,
SERPINF1,0.08736986552618861,0.3120072045250883,0.19968853502563844,,,,,,,,,
SMYD4,,,,,,,,,,,,
RPA1,,,,,,,,,,,,
DPH1,,,,,,,,,,,,
SMG6,,,,,,,,,,,,
SRR,,,,,,,,,,,,
TSR1,0.1537193135692071,0.37389148653369453,0.2638054000514508,,,,,,,,,
SGSM2,,,,-0.9512706831504076,-0.29002290717271756,-0.6206467951615626,,,,,,
MNT,,,,,,,,,,,,
METTL16,,,,,,,,,,,,
PAFAH1B1,,,,,,,,,,,,
CLUH,0.08880410624433521,0.3148251300903834,0.2018146181673593,,,,,,,,,
RAP1GAP2,,,,,,,,,,,,
TRPV1,,,,,,,,,,,,
SHPK,,,,,,,,,,,,
CTNS,,,,,,,,,,,,
TAX1BP3,,,,,,,,,,,,
EMC6,0.12881648393813397,0.3852156762350372,0.2570160800865856,,,,,,,,,
ITGAE,,,,,,,,,,,,
NCBP3,0.13134720482144574,0.361294045450366,0.24632062513590586,,,,,,,,,
CAMKK1,,,,,,,,,,,,
ZZEF1,,,,,,,,,,,,
CYB5D2,,,,,,,,,,,,
ANKFY1,,,,,,,,,,,,
UBE2G1,,,,,,,,,,,,
MYBBP1A,,,,,,,,,,,,
PELP1,,,,,,,,,,,,
ARRB2,0.09279591754340782,0.3398532978945318,0.2163246077189698,,,,,,,,,
MED11,0.17574303448663384,0.4425619205764462,0.30915247753154,,,,,,,,,
PSMB6,0.19419391970730884,0.5083870353402217,0.35129047752376524,,,,,,,,,
MINK1,,,,,,,,,,,,
CHRNE,-0.1663130776237838,-0.011902844976846738,-0.08910796130031527,-0.9590219724049986,-0.2985646801435162,-0.6287933262742574,,,,,,
SLC25A11,0.27817669650781446,0.5402394884050779,0.4092080924564462,,,,,,,,,
RNF167,,,,,,,,,,,,
PFN1,0.30006270098934007,0.5605595707285009,0.4303111358589205,,,,,,,,,
SPAG7,,,,,,,,,,,,
CAMTA2,,,,,,,,,,,,
KIF1C,0.08956776424052755,0.35319186648523976,0.22137981536288365,,,,,,,,,
ZNF232,,,,,,,,,,,,
ZNF594,,,,,,,,,,,,
RABEP1,,,,,,,,,,,,
NUP88,,,,-0.9776003344711833,-0.3279324347463442,-0.6527663846087638,,,,,,
RPAIN,,,,,,,,,,,,
C1QBP,0.31554512200770335,0.5229225833119807,0.41923385265984203,,,,,,,,,
DHX33,,,,,,,,,,,,
DERL2,0.1325950177402586,0.41310967317687153,0.27285234545856507,,,,,,,,,
MIS12,,,,,,,,,,,,
WSCD1,,,,,,,,,,,,
PIMREG,0.11702947951244841,0.3293927506389759,0.22321111507571215,,,,,,,,,
KIAA0753,,,,,,,,,,,,
TXNDC17,,,,,,,,,,,,
MED31,,,,,,,,,,,,
RNASEK,,,,,,,,,,,,
C17orf49,0.13426137244746442,0.4858560056037217,0.3100586890255931,,,,,,,,,
ACADVL,,,,,,,,,,,,
DVL2,,,,,,,,,,,,
PHF23,0.22778848116097594,0.44744481970235156,0.3376166504316638,,,,,,,,,
GABARAP,,,,,,,,,,,,
CTDNEP1,0.12980816852014773,0.4764428501972154,0.30312550935868154,,,,,,,,,
ELP5,0.15331755610159667,0.49136653965655525,0.32234204787907594,,,,,,,,,
EIF5A,,,,,,,-0.5898404575313579,-0.03983002368751369,-0.3148352406094358,,,
GPS2,,,,,,,,,,,,
NEURL4,,,,-0.99095636417405,-0.5918725413534925,-0.7914144527637712,,,,,,
TMEM256,0.12155224361239592,0.41505118028432586,0.2683017119483609,,,,,,,,,
NLGN2,,,,-0.9952172187591374,-0.5655525941170174,-0.7803849064380775,,,,,,
ZBTB4,,,,,,,,,,,,
POLR2A,0.08431589875575825,0.325800381496547,0.20505814012615262,,,,,,,,,
SENP3,,,,-0.9826370404086597,-0.4222335724192948,-0.7024353064139772,,,,,,
EIF4A1,0.39217161435738057,0.6045622896607042,0.4983669520090424,,,,0.32643075173216546,0.6442871484967239,0.48535895011444463,,,
MPDU1,0.06344676809866033,0.31430759177342876,0.18887717993604455,,,,,,,,,
FXR2,0.1004045141622697,0.3450616908755522,0.22273310251891096,,,,,,,,,
SAT2,0.16109616631314325,0.4547405655117037,0.3079183659124235,,,,,,,,,
ATP1B2,-0.20619283913438788,-0.031775753525304845,-0.11898429632984636,-0.995352536130788,-0.597200377226453,-0.7962764566786205,,,,,,
TP53,-0.6535844135521933,-0.2511502389955942,-0.45236732627389376,,,,-0.5666856837580249,-0.1016491223106371,-0.33416740303433096,-0.5749487538523762,-0.1623379602183215,-0.36864335703534884
WRAP53,,,,,,,,,,,,
KDM6B,,,,,,,,,,,,
NAA38,,,,,,,,,,,,
CYB5D1,,,,,,,,,,,,
CHD3,0.20145401461932175,0.47477342990989185,0.3381137222646068,,,,,,,,,
TRAPPC1,0.1765708879554068,0.5044412344159679,0.3405060611856873,,,,,,,,,
CNTROB,,,,,,,,,,,,
PER1,,,,,,,,,,,,
VAMP2,0.07293569291558596,0.3280037253044369,0.20046970911001144,,,,,,,,,
TMEM107,,,,,,,,,,,,
BORCS6,,,,,,,,,,,,
AURKB,0.06614325106513466,0.30797782327714385,0.18706053717113924,,,,,,,,,
CTC1,,,,,,,,,,,,
PFAS,,,,,,,,,,,,
RANGRF,0.08144024574644859,0.3688768344308276,0.2251585400886381,,,,,,,,,
RPL26,0.3848234632581258,0.6022431779854738,0.4935333206217998,,,,,,,,,
NDEL1,,,,-0.9906201252798783,-0.43594457072277293,-0.7132823480013256,,,,,,
MYH10,,,,,,,,,,,,
NTN1,,,,,,,,,,,,
STX8,,,,,,,,,,,,
SCO1,,,,,,,,,,,,
DNAH9,-0.3103113828461934,-0.17356467664874678,-0.24193802974747008,-0.9950299600471291,-0.5832430340490825,-0.7891364970481058,-0.3442093263716011,-0.13630193881485492,-0.24025563259322802,-0.3922480709837881,-0.1845712060726281,-0.2884096385282081
MAP2K4,0.059840444762954435,0.2910273560830548,0.1754339004230046,,,,,,,,,
ARHGAP44,,,,,,,,,,,,
ELAC2,0.09388645626601916,0.3445001817690787,0.21919331901754893,,,,,,,,,
HS3ST3A1,,,,-0.9870870003055014,-0.35295905240885794,-0.6700230263571797,,,,,,
COX10,,,,,,,,,,,,
HS3ST3B1,,,,,,,,,,,,
PMP22,,,,,,,,,,,,
TVP23C,,,,,,,,,,,,
TRIM16,,,,,,,,,,,,
ZNF286A,,,,,,,,,,,,
ADORA2B,,,,,,,,,,,,
ZSWIM7,,,,,,,,,,,,
TTC19,,,,,,,,,,,,
NCOR1,0.12382695031650978,0.3827577537947995,0.25329235205565465,,,,,,,,,
PIGL,,,,,,,,,,,,
CENPV,,,,,,,,,,,,
UBB,0.23619947415736534,0.4232993605711821,0.3297494173642737,,,,,,,,,
LRRC75A,-0.7111655220706999,-0.42374404095408774,-0.5674547815123938,-0.9809669115652616,-0.24296398576235104,-0.6119654486638063,-0.6439480322197172,-0.2682558550187518,-0.4561019436192345,-0.6206028001540992,-0.19124489806264092,-0.40592384910837004
MPRIP,,,,,,,,,,,,
PLD6,0.07546292651465906,0.29279551763344946,0.18412922207405427,,,,,,,,,
FLCN,,,,,,,,,,,,
COPS3,0.16984682448702318,0.515462458922608,0.3426546417048156,,,,,,,,,
NT5M,,,,,,,,,,,,
MED9,,,,,,,,,,,,
PEMT,0.10964034905554382,0.37880813804063573,0.24422424354808978,,,,,,,,,
RAI1,,,,-0.9941610493024813,-0.5764482865296116,-0.7853046679160465,,,,,,
SREBF1,,,,,,,,,,,,
TOM1L2,,,,-0.9911391568456548,-0.46992311948266796,-0.7305311381641614,,,,,,
ATPAF2,,,,-0.9934278325985595,-0.5200307067455757,-0.7567292696720676,,,,,,
GID4,,,,,,,,,,,,
DRG2,0.10969145081947143,0.41650040263696775,0.2630959267282196,,,,,,,,,
ALKBH5,0.13167952327767962,0.34737124542149855,0.2395253843495891,,,,,,,,,
LLGL1,,,,,,,,,,,,
FLII,,,,,,,,,,,,
TOP3A,,,,,,,,,,,,
SMCR8,,,,,,,,,,,,
SHMT1,,,,,,,,,,,,
TVP23B,,,,,,,,,,,,
PRPSAP2,,,,,,,,,,,,
EPN2,,,,,,,-0.6099465220853165,-0.028649923577290518,-0.31929822283130355,,,
B9D1,0.1486562657813451,0.3977347464517393,0.2731955061165422,,,,,,,,,
SLC47A1,,,,,,,,,,,,
ALDH3A2,0.10449734822814014,0.42577159210243926,0.2651344701652897,,,,,,,,,
ULK2,,,,,,,,,,,,
AKAP10,,,,,,,,,,,,
SPECC1,,,,-0.9915907564170785,-0.5073986034344139,-0.7494946799257463,,,,,,
USP22,,,,,,,,,,,,
DHRS7B,,,,,,,,,,,,
TMEM11,0.12500051343576987,0.39959155112513384,0.26229603228045184,,,,,,,,,
MAP2K3,,,,,,,,,,,,
KCNJ12,,,,,,,,,,,,
WSB1,,,,,,,,,,,,
KSR1,,,,-0.9945338383957002,-0.5496395322506458,-0.7720866853231729,,,,,,
NLK,,,,,,,,,,,,
TMEM97,,,,,,,,,,,,
IFT20,,,,,,,,,,,,
TNFAIP1,0.08594352441468087,0.3518326801200331,0.218888102267357,,,,,,,,,
POLDIP2,0.16831320026856503,0.4719302696908002,0.3201217349796826,,,,,,,,,
TMEM199,0.12657400196586235,0.3816971316253347,0.2541355667955985,,,,,,,,,
SARM1,,,,,,,,,,,,
SLC46A1,,,,,,,,,,,,
RSKR,-0.3392486251630149,-0.10439190942472627,-0.22182026729387058,-0.9895624236391032,-0.4209363621317688,-0.705249392885436,,,,,,
UNC119,,,,,,,,,,,,
PIGS,,,,,,,,,,,,
SPAG5,0.1655327052089848,0.4163467974331777,0.29093975132108124,,,,,,,,,
BLTP2,,,,,,,,,,,,
SDF2,,,,,,,,,,,,
SUPT6H,0.19203599189695922,0.4234624013324186,0.3077491966146889,,,,,,,,,
RAB34,0.07073273471616283,0.3217853843076503,0.19625905951190656,,,,,,,,,
RPL23A,0.414758626888393,0.642535159748877,0.528646893318635,,,,,,,,,
TLCD1,0.1022974750576257,0.3207416034055476,0.21151953923158665,,,,,,,,,
NEK8,-0.19493442321675025,-0.03853770215904628,-0.11673606268789827,-0.9887261028425455,-0.5142896518975723,-0.7515078773700589,,,,,,
TRAF4,,,,,,,,,,,,
FAM222B,,,,,,,,,,,,
ERAL1,0.09205919292370475,0.3189153628818051,0.20548727790275492,,,,,,,,,
FLOT2,,,,,,,,,,,,
DHRS13,,,,,,,,,,,,
PHF12,,,,,,,,,,,,
MYO18A,,,,,,,,,,,,
NUFIP2,0.09042905043054981,0.32867733481130484,0.20955319262092734,,,,,,,,,
TAOK1,,,,,,,,,,,,
TP53I13,,,,,,,,,,,,
GIT1,,,,,,,,,,,,
ANKRD13B,,,,,,,,,,,,
SSH2,,,,,,,,,,,,
NSRP1,,,,,,,,,,,,
BLMH,,,,,,,,,,,,
CPD,,,,,,,,,,,,
GOSR1,0.13091354354478446,0.46986650723284545,0.300390025388815,,,,,,,,,
CRLF3,-0.5175705690763038,-0.1654575074056126,-0.3415140382409582,,,,,,,,,
ATAD5,,,,,,,,,,,,
TEFM,0.11384861698140655,0.37838376673803054,0.24611619185971856,,,,,,,,,
ADAP2,,,,,,,,,,,,
RNF135,0.07539400799297452,0.3376977344503012,0.20654587122163787,,,,,,,,,
NF1,,,,,,,,,,,,
OMG,-0.36844629977350973,-0.13416117376943126,-0.2513037367714705,,,,,,,-0.4820635522384204,-0.09942978431033415,-0.2907466682743773
RAB11FIP4,,,,,,,,,,,,
COPRS,0.16652832244374619,0.4842041850884318,0.325366253766089,,,,,,,,,
UTP6,0.18887504936815733,0.4581772902359482,0.3235261698020528,,,,,,,,,
SUZ12,,,,,,,,,,,,
LRRC37B,,,,-0.9918053840265435,-0.41612966517404654,-0.703967524600295,,,,,,
RHOT1,,,,,,,,,,,,
RHBDL3,,,,,,,,,,,,
C17orf75,0.10698609631500001,0.35634117845402347,0.23166363738451173,,,,,,,,,
ZNF207,,,,,,,,,,,,
PSMD11,,,,,,,,,,,,
MYO1D,-0.4277224668971757,-0.18982240897887226,-0.308772437938024,-0.9904685340887175,-0.5653208965923151,-0.7778947153405162,,,,,,
TMEM98,0.09907678260392284,0.3781292547739905,0.23860301868895667,,,,,,,,,
ZNF830,,,,,,,,,,,,
LIG3,0.09356599232067074,0.3417697628920105,0.21766787760634063,,,,,,,,,
RFFL,,,,,,,,,,,,
RAD51D,,,,,,,,,,,,
NLE1,,,,,,,,,,,,
AP2B1,,,,,,,,,,,,
RASL10B,,,,,,,,,,,,
TAF15,,,,,,,,,,,,
RDM1,,,,,,,,,,,,
ZNHIT3,0.10167915344252539,0.3485710189658548,0.22512508620419008,,,,,,,,,
MYO19,-0.30430947175008416,-0.05226089093125167,-0.17828518134066793,,,,,,,,,
PIGW,,,,,,,,,,,,
GGNBP2,0.10377375483193237,0.3691061701212854,0.23643996247660887,,,,,,,,,
DHRS11,,,,,,,,,,,,
MRM1,-0.579374501603252,-0.1419458448118538,-0.3606601732075529,-0.9861124333480014,-0.4680129849952804,-0.7270627091716408,,,,,,
LHX1,,,,,,,,,,,,
AATF,0.1182337269269393,0.35049351630979364,0.23436362161836646,,,,,,,,,
ACACA,,,,,,,,,,,,
TADA2A,,,,-0.9879380453574973,-0.39499392338839684,-0.691465984372947,,,,,,
DUSP14,0.1211647368871869,0.3691264028791987,0.2451455698831928,,,,,,,,,
SYNRG,0.14037268364496502,0.43836279712903237,0.2893677403869987,,,,,,,,,
DDX52,,,,,,,,,,,,
MRPL45,0.15347356200428414,0.46028235391142097,0.30687795795785255,,,,,,,,,
SOCS7,,,,,,,,,,,,
MLLT6,,,,-0.9912417092895202,-0.3964182625480021,-0.6938299859187611,,,,,,
CISD3,,,,,,,,,,,,
PCGF2,,,,,,,,,,,,
PSMB3,0.22160610323845142,0.516514874405691,0.3690604888220712,,,,,,,,,
PIP4K2B,,,,,,,,,,,,
CWC25,,,,,,,,,,,,
RPL23,0.1985075577893286,0.4707579395708843,0.33463274868010645,,,,,,,,,
LASP1,,,,,,,,,,,,
RPL19,0.4055384020225226,0.5789195775685765,0.4922289897955495,,,,0.20837977528756024,0.48436550434836617,0.3463726398179632,,,
FBXL20,,,,,,,,,,,,
MED1,,,,,,,,,,,,
CDK12,0.12613857223534533,0.42641193744916894,0.2762752548422571,,,,,,,,,
STARD3,,,,,,,,,,,,
ERBB2,,,,,,,,,,,,
MIEN1,0.20032249084286355,0.5106539992570698,0.3554882450499667,,,,,,,,,
IKZF3,,,,,,,,,,,,
ORMDL3,,,,,,,,,,,,
PSMD3,0.2036744578441454,0.516468647429513,0.3600715526368292,,,,0.16092376726470334,0.6421288475430791,0.4015263074038912,,,
MED24,,,,,,,,,,,,
THRA,0.09912672046708358,0.3117463175300511,0.20543651899856735,,,,0.11313764281730489,0.5072865404340683,0.3102120916256866,,,
MSL1,,,,,,,,,,,,
CASC3,,,,,,,,,,,,
WIPF2,,,,-0.9816214866215703,-0.3839004120247874,-0.6827609493231789,,,,,,
CDC6,,,,,,,,,,,,
RARA,,,,,,,,,,,,
TOP2A,0.27509477431796886,0.4243659510107357,0.3497303626643523,,,,,,,,,
SMARCE1,0.15718141998126556,0.4273398339149816,0.2922606269481236,,,,,,,,,
KRT10,,,,,,,,,,,,
EIF1,0.2519330828164873,0.5637695758100169,0.4078513293132521,,,,,,,,,
JUP,,,,,,,,,,,,
P3H4,0.09278037251087884,0.36461181559919675,0.2286960940550378,,,,,,,,,
FKBP10,0.13619912881559196,0.4099419500387283,0.27307053942716014,,,,,,,,,
NT5C3B,0.2585348516262469,0.5712590032397047,0.4148969274329758,,,,,,,,,
KLHL11,,,,,,,,,,,,
ACLY,,,,,,,,,,,,
CNP,,,,,,,,,,,,
DNAJC7,0.22410488437824655,0.4760788048813765,0.3500918446298115,,,,,,,,,
NKIRAS2,,,,,,,,,,,,
KAT2A,0.10506725448347988,0.34337858090727524,0.22422291769537755,,,,,,,,,
RAB5C,0.1748713034384893,0.5172067188367772,0.34603901113763325,,,,,,,,,
STAT5B,,,,,,,,,,,,
STAT3,,,,,,,,,,,,
ATP6V0A1,,,,,,,,,,,,
NAGLU,,,,,,,,,,,,
COASY,0.08036459940135389,0.30702234730897876,0.19369347335516632,,,,,,,,,
MLX,,,,,,,,,,,,
PSMC3IP,-0.24777172499823005,-0.03452901414922308,-0.14115036957372656,,,,,,,,,
RETREG3,,,,,,,,,,,,
TUBG1,0.15072677564763817,0.5145601772114246,0.33264347642953135,,,,,,,,,
PLEKHH3,,,,,,,,,,,,
EZH1,,,,,,,,,,,,
RAMP2,,,,,,,,,,,,
VPS25,0.2868293422185811,0.5402880529413384,0.4135586975799598,,,,,,,,,
COA3,0.2722545622815852,0.5325567150433465,0.4024056386624658,,,,,,,,,
BECN1,0.08185360450878652,0.33803135158563563,0.20994247804721108,,,,,,,,,
PSME3,0.1921860569301749,0.4721775079362993,0.3321817824332371,,,,,,,,,
AARSD1,,,,,,,,,,,,
RUNDC1,,,,,,,,,,,,
RPL27,0.2839843553972392,0.5694956044724785,0.42673997993485885,,,,,,,,,
VAT1,,,,,,,,,,,,
RND2,,,,,,,,,,,,
BRCA1,,,,,,,,,,,,
NBR1,,,,,,,,,,,,
CCDC200,,,,,,,,,,,,
ARL4D,,,,,,,,,,,,
DHX8,,,,,,,,,,,,
DUSP3,0.10361679688509119,0.3945187656331888,0.24906778125913998,,,,,,,,,
MPP3,,,,,,,,,,,,
MPP2,,,,,,,,,,,,
TMEM101,,,,,,,,,,,,
LSM12,,,,,,,,,,,,
G6PC3,,,,,,,,,,,,
HDAC5,,,,,,,,,,,,
HROB,,,,,,,,,,,,
TMUB2,,,,,,,,,,,,
ATXN7L3,0.13825799074566544,0.37275008640576884,0.25550403857571713,,,,,,,,,
UBTF,0.1607885402873188,0.4258456878496108,0.2933171140684648,,,,,,,,,
SLC25A39,0.17776397538659472,0.49323927011585134,0.335501622751223,,,,,,,,,
GRN,,,,,,,,,,,,
GPATCH8,,,,,,,,,,,,
MEIOC,,,,,,,,,,,,
CCDC43,0.14381226874348338,0.4773279272144708,0.3105700979789771,,,,,,,,,
DBF4B,,,,,,,,,,,,
ADAM11,,,,-0.9772693022560454,-0.2876541866777628,-0.6324617444669041,,,,,,
GJC1,,,,,,,,,,,,
EFTUD2,,,,,,,,,,,,
KIF18B,,,,,,,-0.6666299907103874,-0.21180636836673067,-0.439218179538559,,,
NMT1,,,,,,,,,,,,
DCAKD,,,,,,,,,,,,
PLCD3,,,,,,,,,,,,
HEXIM1,,,,,,,,,,,,
MAP3K14,,,,,,,,,,,,
PLEKHM1,,,,,,,,,,,,
MAPT,,,,,,,,,,,,
KANSL1,,,,,,,,,,,,
ARL17B,,,,-0.9891065340907732,-0.41859898693117525,-0.7038527605109742,,,,,,
ARL17A,,,,,,,,,,,,
LRRC37A2,-0.33408202596514847,-0.0673992272942753,-0.20074062662971187,,,,,,,,,
NSF,,,,,,,,,,,,
GOSR2,,,,,,,,,,,,
RPRML,,,,,,,0.09698557495605101,0.5180035377507664,0.30749455635340867,,,
CDC27,,,,,,,,,,,,
NPEPPS,,,,,,,,,,,,
KPNB1,,,,,,,,,,,,
TBKBP1,,,,,,,,,,,,
MRPL10,0.12802106019856066,0.32617631534979985,0.22709868777418024,,,,,,,,,
SCRN2,,,,,,,,,,,,
SP2,,,,,,,,,,,,
PNPO,,,,,,,,,,,,
CDK5RAP3,0.11429347227799296,0.33799009300984706,0.22614178264392001,,,,,,,,,
NFE2L1,,,,,,,,,,,,
CBX1,,,,,,,,,,,,
SNX11,,,,,,,,,,,,
HOXB2,,,,,,,,,,,,
HOXB3,,,,,,,,,,,,
HOXB6,,,,,,,,,,,,
HOXB7,,,,,,,,,,,,
HOXB8,,,,,,,,,,,,
HOXB9,0.1497765502610211,0.38251539781763916,0.26614597403933016,,,,,,,,,
CALCOCO2,0.09068928686744743,0.32258769187511516,0.2066384893712813,,,,,,,,,
ATP5MC1,0.22655705239645896,0.5359149628003627,0.3812360075984108,,,,,,,,,
UBE2Z,,,,,,,,,,,,
SNF8,0.08984041203916186,0.35531946727378544,0.22257993965647366,,,,,,,,,
IGF2BP1,,,,,,,,,,,,
ZNF652,,,,,,,-0.6464261705347328,-0.11559065815519359,-0.38100841434496324,,,
PHB1,0.41469734667376285,0.6099448020720596,0.5123210743729112,,,,,,,,,
SPOP,,,,,,,,,,,,
SLC35B1,0.10921412079904208,0.4409740615884922,0.27509409119376715,,,,,,,,,
FAM117A,,,,,,,,,,,,
KAT7,,,,,,,,,,,,
PDK2,,,,,,,,,,,,
PPP1R9B,,,,,,,,,,,,
XYLT2,-0.39432354339055115,-0.10193496503512688,-0.24812925421283902,,,,-0.5591434101261616,-0.1271514728705923,-0.34314744149837695,,,
MRPL27,0.249869127377398,0.54802550897031,0.398947318173854,,,,,,,,,
EME1,,,,,,,,,,,,
LRRC59,0.23575383661656193,0.4954426003907697,0.3655982185036658,,,,0.10942916249547203,0.47975005246861296,0.2945896074820425,,,
RSAD1,0.10009836239595139,0.32871895386062366,0.21440865812828752,,,,,,,,,
ANKRD40,,,,,,,,,,,,
LUC7L3,0.17094175834340247,0.41745937220901697,0.29420056527620975,,,,,,,,,
TOB1,,,,,,,,,,,,
SPAG9,,,,,,,,,,,,
NME1,0.2632489668676442,0.5561538276065766,0.4097013972371104,,,,,,,,,
NME2,,,,,,,,,,,,
MBTD1,,,,,,,,,,,,
UTP18,0.06815981806242233,0.37868815099254993,0.22342398452748613,,,,,,,,,
TOM1L1,,,,,,,,,,,,
COX11,0.07402686767738031,0.33575442036253533,0.20489064401995782,,,,,,,,,
STXBP4,,,,,,,,,,,,
MMD,,,,,,,,,,,,
PCTP,,,,,,,,,,,,
NOG,,,,,,,,,,,,
C17orf67,,,,,,,,,,,,
DGKE,,,,,,,,,,,,
TRIM25,,,,,,,,,,,,
COIL,0.24480589853822757,0.509770866214136,0.3772883823761818,,,,,,,,,
SCPEP1,,,,,,,,,,,,
AKAP1,,,,,,,,,,,,
MSI2,,,,,,,,,,,,
MRPS23,0.30009914587786546,0.5418921647103787,0.4209956552941221,,,,,,,,,
CUEDC1,,,,,,,,,,,,
VEZF1,,,,,,,,,,,,
SRSF1,0.08836969961609499,0.332700818713162,0.21053525916462848,,,,,,,,,
DYNLL2,0.13790632127582533,0.3425158242781153,0.2402110727769703,,,,,,,,,
MKS1,,,,,,,,,,,,
SUPT4H1,0.15805296499635074,0.4608421913102259,0.3094475781532883,,,,,,,,,
RNF43,,,,,,,,,,,,
MTMR4,,,,,,,,,,,,
TEX14,,,,,,,,,,,,
RAD51C,,,,,,,,,,,,
PPM1E,,,,,,,,,,,,
TRIM37,,,,,,,,,,,,
SKA2,,,,,,,,,,,,
PRR11,0.08926567713614439,0.31286961793624257,0.2010676475361935,,,,,,,,,
SMG8,,,,,,,,,,,,
GDPD1,,,,,,,,,,,,
DHX40,,,,,,,,,,,,
CLTC,,,,,,,,,,,,
PTRH2,0.20572101189717568,0.4383430728140656,0.32203204235562066,,,,,,,,,
VMP1,,,,,,,,,,,,
TUBD1,,,,,,,,,,,,
RPS6KB1,,,,,,,,,,,,
RNFT1,0.10608569896636694,0.3885413747381679,0.24731353685226742,,,,,,,,,
HEATR6,,,,,,,,,,,,
USP32,,,,,,,,,,,,
APPBP2,,,,,,,,,,,,
PPM1D,,,,,,,,,,,,
BCAS3,,,,,,,,,,,,
TBX2,,,,,,,,,,,,
BRIP1,-0.3785000989966051,-0.10169267961143792,-0.2400963893040215,,,,,,,,,
INTS2,,,,-0.9902944731969084,-0.34122155075151245,-0.6657580119742105,,,,,,
MED13,,,,,,,,,,,,
METTL2A,,,,,,,,,,,,
TLK2,,,,,,,,,,,,
MRC2,,,,,,,,,,,,
TANC2,,,,,,,,,,,,
DCAF7,0.1342854585145811,0.37534016625872046,0.25481281238665077,,,,,,,,,
TACO1,0.24206759361600402,0.4948004561784495,0.36843402489722676,,,,,,,,,
MAP3K3,,,,,,,,,,,,
STRADA,,,,,,,,,,,,
LIMD2,,,,,,,,,,,,
CCDC47,0.16468254052430864,0.386391630621104,0.2755370855727063,,,,,,,,,
DDX42,0.13808858168085886,0.383170361563199,0.26062947162202893,,,,,,,,,
FTSJ3,0.16484893342088583,0.41984325428379,0.2923460938523379,,,,0.15820277501858743,0.5434939024321402,0.3508483387253638,,,
PSMC5,0.3116531153364253,0.5901026229785715,0.4508778691574984,,,,0.28183902218521745,0.6668155583392616,0.4743272902622395,,,
SMARCD2,0.10824656550979206,0.35196544712005573,0.2301060063149239,,,,,,,,,
ERN1,,,,,,,,,,,,
TEX2,,,,,,,,,,,,
POLG2,,,,,,,,,,,,
DDX5,0.26053904092452157,0.48499892527317534,0.3727689830988484,,,,0.24893688545634782,0.5258342127109045,0.38738554908362616,,,
CEP95,,,,,,,,,,,,
SMURF2,,,,,,,,,,,,
LRRC37A3,,,,,,,,,,,,
GNA13,,,,,,,,,,,,
RGS9,,,,,,,,,,,,
CEP112,,,,,,,,,,,,
PRKCA,,,,,,,,,,,,
HELZ,,,,,,,,,,,,
PSMD12,0.10477453210962397,0.4089823661774789,0.25687844914355146,,,,,,,,,
PITPNC1,,,,,,,,,,,,
NOL11,0.16260502825458342,0.4147530118515885,0.288679020053086,,,,,,,,,
BPTF,,,,,,,,,,,,
C17orf58,,,,,,,,,,,,
KPNA2,0.33385111343183915,0.5382136179769731,0.4360323657044061,,,,,,,,,
AMZ2,,,,,,,,,,,,
ARSG,,,,,,,,,,,,
PRKAR1A,0.08603845131540404,0.3494152631933051,0.2177268572543546,,,,,,,,,
ABCA5,,,,,,,,,,,,
MAP2K6,,,,,,,,,,,,
SLC39A11,,,,,,,-0.4521478324573041,-0.023511265505003754,-0.23782954898115394,,,
SSTR2,-0.2765390872165164,-0.13766473405452506,-0.20710191063552072,-0.9898915301738491,-0.5482991631792051,-0.7690953466765271,-0.26962352568438086,-0.07611396906797975,-0.1728687473761803,-0.40896324037935317,-0.16231671460769226,-0.2856399774935227
COG1,,,,,,,,,,,,
FAM104A,,,,,,,,,,,,
C17orf80,,,,,,,,,,,,
CDC42EP4,,,,,,,,,,,,
SDK2,,,,,,,,,,,,
RPL38,0.3280338376435307,0.633151118517699,0.4805924780806149,,,,,,,,,
NHERF1,,,,,,,,,,,,
NAT9,,,,,,,,,,,,
TMEM104,,,,,,,,,,,,
CDR2L,,,,,,,,,,,,
MRPL58,0.3399273048843622,0.5710595084922161,0.45549340668828914,,,,0.17652559375889496,0.5522804808307447,0.3644030372948198,,,
KCTD2,,,,,,,,,,,,
ATP5PD,,,,,,,,,,,,
ARMC7,,,,,,,,,,,,
NT5C,,,,,,,,,,,,
JPT1,0.3872240715813137,0.6106131174919672,0.49891859453664045,,,,,,,,,
SUMO2,0.1859442285215237,0.680696039800265,0.4333201341608944,,,,,,,,,
NUP85,,,,,,,,,,,,
GGA3,,,,,,,,,,,,
MRPS7,0.21734160139287603,0.4254946236254366,0.3214181125091563,,,,0.197201968879753,0.641384580169276,0.4192932745245145,,,
MIF4GD,,,,,,,,,,,,
SLC25A19,,,,-0.9596407229067205,-0.20237028721352146,-0.581005505060121,,,,,,
GRB2,,,,,,,,,,,,
TMEM94,,,,,,,,,,,,
TSEN54,,,,,,,,,,,,
LLGL2,,,,,,,,,,,,
RECQL5,,,,,,,,,,,,
SAP30BP,,,,,,,,,,,,
GALK1,0.1680973218092555,0.42689849853327766,0.2974979101712666,,,,,,,,,
UNK,,,,,,,,,,,,
WBP2,0.11644134163313098,0.3777178976655539,0.24707961964934244,,,,,,,,,
TRIM65,0.0626847535327881,0.28320403903984664,0.17294439628631736,,,,,,,,,
MRPL38,0.259897999496141,0.47993695692350674,0.3699174782098239,,,,0.16552384865819256,0.5595693724997317,0.36254661057896215,,,
FBF1,,,,,,,,,,,,
ACOX1,,,,,,,,,,,,
TEN1,,,,,,,,,,,,
SRP68,,,,,,,,,,,,
EXOC7,,,,,,,,,,,,
RNF157,,,,,,,,,,,,
UBALD2,0.11306612285355357,0.36872284872363154,0.24089448578859254,,,,,,,,,
QRICH2,,,,,,,,,,,,
PRPSAP1,,,,,,,,,,,,
SPHK1,,,,,,,,,,,,
UBE2O,0.06086601089908023,0.2922887568529298,0.17657738387600502,,,,,,,,,
RHBDF2,,,,,,,,,,,,
ENSG00000284526,-0.486079508110665,-0.23821319509692557,-0.36214635160379527,,,,-0.5406273232125607,-0.1251269913715982,-0.33287715729207945,-0.6344757580580198,-0.21909664345000326,-0.4267862007540115
MXRA7,0.13967320912367198,0.3906964948713268,0.2651848519974994,,,,,,,,,
JMJD6,0.12500453917577445,0.3722731470548202,0.24863884311529733,,,,,,,,,
METTL23,0.2160466296115353,0.4689163244415239,0.34248147702652965,,,,,,,,,
SRSF2,0.20351030416919139,0.4686349727456236,0.3360726384574075,,,,,,,,,
MFSD11,,,,,,,,,,,,
SEC14L1,,,,,,,,,,,,
SEPTIN9,,,,,,,,,,,,
TNRC6C,,,,,,,,,,,,
SYNGR2,0.09057959007363618,0.3648367352528423,0.22770816266323926,,,,,,,,,
TK1,-0.3971312012021095,-0.05335509702259869,-0.2252431491123541,,,,,,,,,
AFMID,-0.4302248378963479,-0.13489692396038777,-0.28256088092836784,,,,,,,,,
BIRC5,0.2953806191758025,0.44944677463818233,0.37241369690699244,,,,,,,,,
PGS1,,,,,,,,,,,,
CYTH1,,,,,,,,,,,,
USP36,,,,,,,,,,,,
TIMP2,,,,,,,,,,,,
CANT1,0.11103495901168942,0.35869669808635507,0.23486582854902224,,,,,,,,,
ENGASE,,,,,,,,,,,,
CBX2,,,,,,,,,,,,
CBX8,,,,,,,,,,,,
CBX4,,,,,,,,,,,,
TBC1D16,,,,,,,,,,,,
GAA,,,,,,,,,,,,
EIF4A3,0.21543001275795573,0.47481943882032723,0.3451247257891415,,,,0.16624531177306007,0.568860997039136,0.36755315440609804,,,
SLC26A11,,,,,,,,,,,,
RNF213,,,,,,,,,,,,
ENDOV,,,,,,,,,,,,
NPTX1,,,,,,,,,,,,
RPTOR,,,,,,,,,,,,
CHMP6,,,,,,,,,,,,
BAIAP2,,,,,,,,,,,,
CEP131,,,,,,,,,,,,
NDUFAF8,0.20662627545384346,0.4990337054935398,0.3528299904736916,,,,,,,,,
SLC38A10,,,,,,,,,,,,
BAHCC1,,,,,,,,,,,,
ACTG1,0.18213329499333303,0.4483750964355442,0.3152541957144386,,,,,,,,,
FAAP100,,,,-0.9867168047864284,-0.3002926796152966,-0.6435047422008625,,,,,,
NPLOC4,,,,,,,,,,,,
OXLD1,0.12140727483009536,0.36039641370620623,0.2409018442681508,,,,,,,,,
CCDC137,,,,,,,,,,,,
ARL16,0.12779320839431563,0.4006649842990018,0.2642290963466587,,,,,,,,,
HGS,,,,,,,,,,,,
MRPL12,0.19160352247484558,0.44586514156145296,0.31873433201814927,,,,,,,,,
SLC25A10,0.06906481228679053,0.32476642511819004,0.19691561870249027,,,,,,,,,
MCRIP1,,,,,,,,,,,,
P4HB,0.1717423171864386,0.3900562524543478,0.28089928482039317,,,,,,,,,
ARHGDIA,0.23764396964614004,0.5135176202270734,0.3755807949366067,,,,,,,,,
ALYREF,0.2734169258790468,0.5146791448530268,0.39404803536603683,,,,,,,,,
ANAPC11,0.19083717658957372,0.49601317613098866,0.3434251763602812,,,,,,,,,
PCYT2,,,,,,,,,,,,
MAFG,,,,,,,,,,,,
PYCR1,0.07528197932562332,0.34477963754057794,0.21003080843310062,,,,,,,,,
ASPSCR1,,,,,,,,,,,,
CENPX,,,,,,,,,,,,
LRRC45,,,,,,,,,,,,
RAC3,0.12851751608525386,0.3431565312085892,0.23583702364692152,,,,,,,,,
DCXR,0.28410391608616825,0.515725348993116,0.3999146325396421,,,,,,,,,
RFNG,,,,-0.9917162495852616,-0.41914346343247016,-0.7054298565088659,,,,,,
GPS1,0.11364668400437143,0.38282379298616614,0.2482352384952688,,,,,,,,,
DUS1L,0.23036072388533727,0.49230318753760244,0.36133195571146987,,,,,,,,,
FASN,0.1476435240634416,0.42604389873001774,0.2868437113967297,,,,,,,,,
CCDC57,,,,,,,,,,,,
SLC16A3,,,,,,,,,,,,
CSNK1D,,,,,,,,,,,,
OGFOD3,0.10761004869876625,0.39103884126327293,0.24932444498101958,,,,,,,,,
HEXD,,,,,,,,,,,,
CYBC1,,,,,,,,,,,,
NARF,,,,,,,,,,,,
FOXK2,,,,,,,,,,,,
WDR45B,,,,,,,,,,,,
RAB40B,,,,,,,,,,,,
FN3KRP,,,,,,,,,,,,
TBCD,,,,,,,,,,,,
B3GNTL1,,,,,,,,,,,,
METRNL,,,,,,,,,,,,
USP14,0.1701299753335204,0.4376648872585866,0.3038974312960535,,,,,,,,,
THOC1,,,,,,,,,,,,
COLEC12,,,,,,,,,,,,
TYMS,,,,,,,,,,,,
ENOSF1,,,,,,,,,,,,
YES1,,,,,,,,,,,,
METTL4,,,,,,,,,,,,
NDC80,0.107255504770804,0.3430356231703513,0.22514556397057767,,,,,,,,,
SMCHD1,,,,,,,,,,,,
EMILIN2,,,,,,,,,,,,
LPIN2,-0.23826180009059214,-0.015878474640674118,-0.12707013736563313,-0.9869622655691447,-0.38515805825445476,-0.6860601619117997,,,,,,
MYL12A,0.14416829371420387,0.42574052045166594,0.2849544070829349,,,,,,,,,
MYL12B,0.17603156705791775,0.5348736137143634,0.3554525903861406,,,,,,,,,
TGIF1,,,,,,,,,,,,
DLGAP1,,,,-0.9819598614530094,-0.37325466146186526,-0.6776072614574373,-0.2615415012941973,-0.059432999108560085,-0.1604872502013787,,,
ZBTB14,,,,-0.990887011606552,-0.44647073963314093,-0.7186788756198464,,,,,,
EPB41L3,,,,-0.9842139031367109,-0.27698606102862156,-0.6305999820826662,,,,,,
L3MBTL4,,,,,,,,,,,,
LAMA1,,,,,,,,,,,,
PTPRM,,,,,,,,,,,,
RAB12,,,,-0.9837542580601428,-0.37518969654673845,-0.6794719773034407,,,,,,
MTCL1,,,,,,,,,,,,
NDUFV2,0.19913485571238193,0.4841210408338238,0.34162794827310283,,,,,,,,,
ANKRD12,,,,,,,,,,,,
TWSG1,,,,,,,,,,,,
RALBP1,0.14549184223020026,0.49009211934823105,0.31779198078921567,,,,,,,,,
PPP4R1,,,,,,,,,,,,
RAB31,0.1264505404379231,0.37512510990877146,0.2507878251733473,,,,,,,,,
VAPA,0.12378306327573486,0.4193803397721733,0.2715817015239541,,,,,,,,,
NAPG,,,,,,,,,,,,
GNAL,,,,,,,,,,,,
CHMP1B,,,,,,,,,,,,
MPPE1,,,,,,,,,,,,
IMPA2,-0.16896900435556902,-0.000610884460132879,-0.08478994440785095,-0.9911192745883391,-0.24473046823804098,-0.6179248714131901,,,,,,
TUBB6,,,,,,,,,,,,
AFG3L2,0.15549228239924906,0.3899399055823838,0.2727160939908164,,,,,,,,,
PRELID3A,,,,,,,,,,,,
SPIRE1,,,,-0.9917466242814252,-0.5137081115043182,-0.7527273678928716,,,,,,
PSMG2,,,,,,,,,,,,
CEP76,,,,,,,,,,,,
PTPN2,,,,,,,,,,,,
SEH1L,,,,,,,,,,,,
CEP192,,,,,,,,,,,,
LDLRAD4,,,,-0.9936828604405206,-0.5520254271194605,-0.7728541437799905,,,,,,
FAM210A,,,,,,,,,,,,
RNMT,0.21779390034300763,0.4706100148984153,0.3442019576207115,,,,,,,,,
ZNF519,,,,,,,,,,,,
ROCK1,0.0885556809765,0.37076511337984913,0.22966039717817457,,,,,,,,,
GREB1L,,,,,,,,,,,,
ESCO1,,,,,,,,,,,,
SNRPD1,0.1606851656424898,0.4270822535396926,0.2938837095910912,,,,,,,,,
ABHD3,,,,,,,,,,,,
MIB1,-0.34534825885751536,-0.08675351369479765,-0.2160508862761565,-0.9747525673099023,-0.22056875120532113,-0.5976606592576117,,,,,,
GATA6,,,,,,,,,,,,
RBBP8,,,,,,,,,,,,
CABLES1,,,,-0.9852577377758945,-0.37470649250466503,-0.6799821151402798,,,,,,
TMEM241,,,,,,,,,,,,
RIOK3,,,,,,,,,,,,
RMC1,-0.16699139112090586,0.002434500775417852,-0.082278445172744,-0.9636393001092961,-0.22164317466140637,-0.5926412373853512,,,,,,
NPC1,,,,,,,,,,,,
ANKRD29,,,,,,,,,,,,
LAMA3,,,,,,,,,,,,
TTC39C,,,,,,,,,,,,
CABYR,,,,,,,,,,,,
OSBPL1A,,,,,,,,,,,,
IMPACT,,,,,,,,,,,,
ZNF521,-0.2878665722362996,-0.14184665605671712,-0.21485661414650836,-0.9849378701251856,-0.42283100477884666,-0.7038844374520161,-0.47911465822001065,-0.06399478820721546,-0.27155472321361307,-0.3653684438644605,-0.06400879767226501,-0.21468862076836276
SS18,,,,,,,,,,,,
TAF4B,,,,,,,,,,,,
KCTD1,,,,,,,,,,,,
CHST9,,,,,,,,,,,,
CDH2,,,,,,,,,,,,
DSC3,,,,,,,,,,,,
DSC2,,,,,,,,,,,,
DSG2,,,,,,,,,,,,
B4GALT6,,,,,,,,,,,,
TRAPPC8,,,,,,,,,,,,
RNF125,,,,-0.9845963646861808,-0.40464353838134975,-0.6946199515337653,,,,,,
RNF138,,,,,,,,,,,,
GAREM1,,,,,,,,,,,,
ASXL3,,,,,,,,,,,,
NOL4,,,,-0.9641595443701922,-0.1818615862210714,-0.5730105652956319,,,,,,
DTNA,,,,,,,,,,,,
MAPRE2,,,,,,,,,,,,
ZNF397,,,,,,,,,,,,
ZSCAN30,,,,,,,,,,,,
ZNF24,0.2551694236123301,0.4629826161214163,0.3590760198668732,,,,,,,,,
INO80C,,,,,,,,,,,,
GALNT1,,,,,,,,,,,,
C18orf21,,,,,,,,,,,,
RPRD1A,,,,,,,,,,,,
SLC39A6,,,,,,,,,,,,
ELP2,,,,,,,,,,,,
MOCOS,,,,,,,,,,,,
FHOD3,,,,,,,,,,,,
TPGS2,,,,,,,,,,,,
KIAA1328,,,,,,,,,,,,
CELF4,,,,,,,,,,,,
PIK3C3,,,,,,,,,,,,
SETBP1,,,,-0.9916986133650919,-0.5281843970489882,-0.7599415052070401,,,,,,
EPG5,,,,,,,,,,,,
PSTPIP2,,,,,,,,,,,,
ATP5F1A,0.27811359006360836,0.5201166633967818,0.39911512673019506,,,,,,,,,
HAUS1,,,,,,,,,,,,
C18orf25,,,,,,,,,,,,
PIAS2,,,,-0.9920104836290673,-0.5412814174221697,-0.7666459505256185,,,,,,
HDHD2,,,,,,,,,,,,
IER3IP1,,,,,,,,,,,,
SMAD2,,,,,,,,,,,,
ZBTB7C,,,,,,,,,,,,
CTIF,,,,-0.9943373926742549,-0.5778929159850735,-0.7861151543296643,,,,,,
SMAD7,-0.19197651432215726,-0.10502609181779557,-0.14850130306997641,-0.9816863698785854,-0.44937487467275217,-0.7155306222756688,,,,-0.2099872688002033,-0.0744454702740416,-0.14221636953712244
DYM,,,,,,,,,,,,
C18orf32,,,,,,,,,,,,
RPL17,0.3806063545413244,0.6168920870701293,0.49874922080572687,,,,,,,0.10370283659462011,0.5243740195147288,0.31403842805467447
ACAA2,,,,,,,,,,,,
MBD1,,,,,,,,,,,,
CXXC1,,,,,,,,,,,,
SKA1,,,,,,,,,,,,
ME2,,,,,,,,,,,,
ELAC1,,,,,,,,,,,,
SMAD4,,,,,,,,,,,,
MEX3C,-0.2020927723065636,-0.04500982099116524,-0.12355129664886443,-0.9458283508108367,-0.2456726917623488,-0.5957505212865928,,,,,,
MBD2,0.13226294756874443,0.387814686865585,0.2600388172171647,,,,,,,,,
C18orf54,,,,,,,,,,,,
RAB27B,-0.2785720458724466,-0.14062162892059724,-0.2095968373965219,-0.9842244408005165,-0.49027782127029845,-0.7372511310354075,-0.3600912920360984,-0.1074251284463322,-0.2337582102412153,-0.36712112876822606,-0.11144583531468873,-0.23928348204145738
TCF4,,,,,,,,,,,,
TXNL1,,,,,,,,,,,,
WDR7,,,,,,,,,,,,
ONECUT2,,,,,,,,,,,,
FECH,,,,,,,,,,,,
NARS1,,,,,,,,,,,,
ATP8B1,-0.4033810559731822,-0.11926548621730071,-0.26132327109524145,,,,-0.3941828389755912,-0.0958812680392687,-0.24503205350742996,,,
NEDD4L,-0.2413557537618474,-0.037785988775101656,-0.13957087126847453,-0.9758888206927495,-0.26442786598638524,-0.6201583433395674,,,,,,
MALT1,,,,,,,,,,,,
ZNF532,,,,,,,,,,,,
SEC11C,,,,,,,,,,,,
LMAN1,0.22221819059435224,0.4710745812381222,0.3466463859162372,,,,,,,,,
PMAIP1,,,,,,,,,,,,
RNF152,,,,-0.9941916492056266,-0.5932278284937471,-0.7937097388496869,,,,,,
PIGN,,,,,,,,,,,,
RELCH,,,,,,,,,,,,
TNFRSF11A,,,,,,,,,,,,
ZCCHC2,,,,,,,,,,,,
PHLPP1,,,,,,,,,,,,
BCL2,-0.24938319518750082,-0.0560527902910641,-0.15271799273928247,,,,,,,,,
KDSR,0.08558881920939955,0.36815388625263124,0.22687135273101539,,,,,,,,,
VPS4B,0.11660073699770848,0.42224344454451596,0.26942209077111223,,,,,,,,,
CDH7,-0.20169434790216545,-0.007997218779033866,-0.10484578334059966,-0.990123802283486,-0.5568174638341492,-0.7734706330588176,,,,,,
TMX3,,,,,,,,,,,,
DOK6,-0.30255735251677346,-0.11839429441687677,-0.2104758234668251,-0.983703085567323,-0.40431927871594164,-0.6940111821416324,,,,,,
RTTN,-0.24539320827005617,-0.03257637540659596,-0.13898479183832607,,,,,,,,,
SOCS6,,,,,,,,,,,,
TIMM21,0.13834445788428004,0.40667932217512365,0.27251189002970183,,,,,,,,,
CYB5A,,,,,,,,,,,,
CNDP2,0.07107600374704788,0.3641081039950755,0.21759205387106167,,,,,,,,,
ZNF407,,,,-0.9905051589027584,-0.4513441586371722,-0.7209246587699653,,,,,,
PTGR3,0.14650332194581395,0.45366957009447606,0.300086446020145,,,,,,,,,
TSHZ1,,,,,,,,,,,,
ZNF516,,,,-0.9794187321765624,-0.22420893348484208,-0.6018138328307022,,,,,,
ZNF236,,,,,,,,,,,,
ATP9B,,,,,,,,,,,,
CTDP1,,,,,,,,,,,,
SLC66A2,,,,,,,,,,,,
HSBP1L1,,,,,,,,,,,,
TXNL4A,,,,,,,,,,,,
RBFA,,,,,,,,,,,,
ADNP2,,,,,,,,,,,,
PARD6G,,,,-0.9926753054413591,-0.6433209920337053,-0.8179981487375322,,,,,,
MIER2,,,,,,,,,,,,
TPGS1,0.0868863787831363,0.3213778356904864,0.20413210723681136,,,,,,,,,
CDC34,0.17028444694326125,0.3932507879227813,0.28176761743302126,,,,,,,,,
BSG,0.21401410287382086,0.4360314108172374,0.3250227568455291,,,,,,,,,
POLRMT,,,,,,,,,,,,
RNF126,0.2578217255555777,0.5081235686889229,0.3829726471222503,,,,,,,,,
PALM,,,,,,,,,,,,
PTBP1,0.16382132214855166,0.4433909940602631,0.3036061581044074,,,,,,,,,
CFD,,,,,,,,,,,,
MED16,0.1017549207744339,0.3256739789896539,0.2137144498820439,,,,,,,,,
R3HDM4,0.10795697443261297,0.39141615382758205,0.24968656413009752,,,,,,,,,
ARID3A,,,,,,,,,,,,
WDR18,0.18177099242586345,0.47945015122502954,0.3306105718254465,,,,,,,,,
TMEM259,0.15868170301650084,0.4128826773361697,0.28578219017633527,,,,,,,,,
CNN2,,,,,,,,,,,,
ABCA7,,,,,,,,,,,,
POLR2E,0.2490456396135767,0.5011766117086364,0.37511112566110655,,,,,,,,,
GPX4,0.21794485353916124,0.41962154203636287,0.31878319778776204,,,,,,,,,
SBNO2,,,,-0.9376425653475892,-0.13128281501746003,-0.5344626901825246,,,,,,
STK11,0.1427928420200758,0.35984842274262696,0.2513206323813514,,,,,,,,,
ATP5F1D,0.2178120317635326,0.45505711077240824,0.3364345712679704,,,,,,,,,
MIDN,,,,,,,,,,,,
CIRBP,0.13061675115666269,0.41497646619903383,0.2727966086778483,,,,,,,,,
FAM174C,0.18538307313832278,0.49001860907546196,0.33770084110689236,,,,,,,,,
PWWP3A,,,,,,,,,,,,
NDUFS7,0.14965041626055187,0.45210336034502874,0.3008768883027903,,,,,,,,,
GAMT,0.14697176649136984,0.368608462909373,0.2577901147003714,,,,,,,,,
DAZAP1,0.2682180961968948,0.4905559051723145,0.3793870006846046,,,,,,,,,
RPS15,0.3085118589646889,0.5364518205604878,0.42248183976258835,,,,,,,,,
C19orf25,,,,,,,,,,,,
MEX3D,,,,,,,,,,,,
MBD3,,,,,,,,,,,,
UQCR11,,,,,,,,,,,,
TCF3,,,,,,,,,,,,
REXO1,,,,,,,,,,,,
KLF16,,,,,,,,,,,,
ABHD17A,0.09973615102091303,0.4311662417183543,0.26545119636963366,,,,,,,,,
SCAMP4,,,,,,,,,,,,
CSNK1G2,0.07906573006486062,0.34130388364097214,0.21018480685291638,,,,,,,,,
BTBD2,,,,,,,,,,,,
MKNK2,,,,,,,,,,,,
MOB3A,,,,,,,,,,,,
AP3D1,0.1888094146821372,0.4838574460889123,0.33633343038552477,,,,,,,,,
DOT1L,,,,,,,,,,,,
PLEKHJ1,0.1085522792111993,0.38055272236836557,0.24455250078978244,,,,,,,,,
SF3A2,,,,,,,,,,,,
OAZ1,0.298298843029907,0.5117500815485937,0.4050244622892504,,,,,,,,,
LSM7,,,,,,,,,,,,
SPPL2B,,,,,,,,,,,,
TMPRSS9,-0.263647731048358,-0.06011113140787947,-0.16187943122811874,-0.981464616945043,-0.34183360840973037,-0.6616491126773867,,,,,,
TIMM13,0.26760124161010485,0.4989791009179281,0.38329017126401643,,,,,,,,,
LMNB2,0.18636961091230503,0.43423641978952693,0.310303015350916,,,,,,,,,
GADD45B,,,,,,,,,,,,
GNG7,,,,,,,,,,,,
DIRAS1,,,,,,,,,,,,
SLC39A3,0.1964379099093604,0.4865724837671364,0.3415051968382484,,,,,,,,,
SGTA,,,,,,,,,,,,
THOP1,,,,,,,,,,,,
ZNF57,,,,,,,,,,,,
ZNF77,,,,,,,,,,,,
TLE5,,,,,,,,,,,,
GNA11,0.28551261250305104,0.5197992312387084,0.40265592187087973,,,,0.22467322234309162,0.6607140226748756,0.4426936225089836,,,
NCLN,,,,,,,,,,,,
NFIC,,,,,,,,,,,,
DOHH,0.10358383017904163,0.3304381430588948,0.21701098661896823,,,,,,,,,
FZR1,0.1638942984008921,0.4062629694980249,0.2850786339494585,,,,,,,,,
MFSD12,,,,,,,,,,,,
HMG20B,0.10192966942695375,0.34905299985332106,0.2254913346401374,,,,,,,,,
CACTIN,,,,,,,,,,,,
PIP5K1C,,,,,,,,,,,,
MRPL54,0.2665728009406155,0.5222654303833414,0.3944191156619784,,,,,,,,,
MATK,,,,,,,,,,,,
DAPK3,0.05582044198529394,0.261027916423343,0.15842417920431848,,,,,,,,,
EEF2,0.3840775425009639,0.5627765833310389,0.47342706291600134,,,,0.12052880319944312,0.42805619412166335,0.2742924986605532,,,
PIAS4,,,,,,,,,,,,
ZBTB7A,,,,,,,,,,,,
MAP2K2,0.1673859817353828,0.48909269476609735,0.3282393382507401,,,,,,,,,
SIRT6,,,,,,,,,,,,
YJU2,,,,,,,,,,,,
FSD1,,,,,,,,,,,,
MPND,,,,,,,,,,,,
SH3GL1,0.09995561498384554,0.36067135864844185,0.2303134868161437,,,,,,,,,
CHAF1A,,,,,,,,,,,,
UBXN6,,,,,,,,,,,,
HDGFL2,0.18651416405859073,0.4525686072667225,0.3195413856626566,,,,,,,,,
MYDGF,0.23364594580602815,0.4908986125906706,0.36227227919834937,,,,0.14627247667095847,0.5219110376276928,0.3340917571493256,,,
DPP9,,,,,,,,,,,,
FEM1A,-0.29861214758378957,-0.13206047071323052,-0.21533630914851004,-0.9930584813047095,-0.5695843093434454,-0.7813213953240774,,,,-0.4762669741054343,-0.10115673485829958,-0.2887118544818669
PLIN3,,,,,,,,,,,,
UHRF1,-0.4268995340287167,-0.13660435260615986,-0.2817519433174383,,,,,,,,,
KDM4B,,,,-0.9858366648041692,-0.47632996737346306,-0.7310833160888162,,,,,,
PTPRS,-0.49994882555314546,-0.12116827247024357,-0.3105585490116945,,,,,,,,,
TINCR,,,,,,,,,,,,
SAFB2,0.23690385166315564,0.47317326302775115,0.3550385573454534,,,,0.12661631011864657,0.5282142829089935,0.32741529651382006,,,
SAFB,0.2044649460318702,0.4028161273267026,0.30364053667928637,,,,,,,,,
RPL36,,,,,,,,,,,,
MICOS13,0.19121800713571702,0.45044328360302893,0.320830645369373,,,,,,,,,
LONP1,,,,,,,,,,,,
DUS3L,0.07546941381658186,0.3101387530260934,0.19280408342133762,,,,,,,,,
NRTN,,,,-0.976046860841539,-0.2932803872731135,-0.6346636240573262,,,,,,
NDUFA11,0.29601640673475377,0.7113734654743227,0.5036949361045382,,,,,,,,,
RANBP3,,,,,,,,,,,,
RFX2,-0.3143590326556112,-0.183329968807464,-0.2488445007315376,-0.9881451982045392,-0.543108261013266,-0.7656267296089025,-0.30839500590393637,-0.1006979898083706,-0.20454649785615348,-0.47254262944664777,-0.20474455267226369,-0.33864359105945574
ACSBG2,-0.2721841638836641,-0.14847723998915005,-0.21033070193640707,-0.6139687662413075,-0.6139687662413075,-0.6139687662413075,-0.18469364705638833,-0.06378799564051871,-0.12424082134845352,-0.4757863690150866,-0.2285173122744822,-0.3521518406447844
MLLT1,0.09826959728958527,0.3431540972006858,0.22071184724513554,,,,,,,,,
CLPP,0.16888802259548033,0.5045503665492733,0.3367191945723768,,,,,,,,,
ALKBH7,0.16281571396659508,0.4536445382473213,0.3082301261069582,,,,,,,,,
GTF2F1,0.09354341248523401,0.3984786823674879,0.24601104742636096,,,,,,,,,
KHSRP,0.2367032982368933,0.5238220350358505,0.38026266663637187,,,,,,,,,
SLC25A23,0.11124974739896461,0.3653321637150295,0.23829095555699706,,,,,,,,,
TUBB4A,,,,,,,,,,,,
CD70,,,,,,,,,,,,
GPR108,,,,,,,,,,,,
TRIP10,,,,,,,,,,,,
ZNF557,,,,,,,,,,,,
INSR,-0.4508632984523082,-0.13918491497743335,-0.2950241067148708,,,,-0.5959689781087637,-0.09791187559559827,-0.34694042685218096,,,
ARHGEF18,,,,,,,,,,,,
ZNF358,0.09829306850118653,0.36294801585934383,0.23062054218026518,,,,,,,,,
CAMSAP3,,,,,,,,,,,,
XAB2,0.06833262381859535,0.29067117092078176,0.17950189736968855,,,,,,,,,
PET100,0.16799477072793348,0.5204280525843932,0.3442114116561633,,,,,,,,,
STXBP2,,,,,,,,,,,,
TRAPPC5,0.1480695381669563,0.45687701740653824,0.30247327778674726,,,,,,,,,
EVI5L,,,,,,,,,,,,
MAP2K7,0.0730995882757359,0.34463136043524456,0.20886547435549024,,,,,,,,,
SNAPC2,,,,,,,,,,,,
CTXN1,,,,,,,,,,,,
TIMM44,,,,,,,,,,,,
ELAVL1,0.17824462213262346,0.5088739164324124,0.34355926928251795,,,,,,,,,
CERS4,,,,,,,,,,,,
CD320,0.130360850637702,0.45831053454850307,0.29433569259310255,,,,,,,,,
NDUFA7,0.2711721340144384,0.5474950154256112,0.4093335747200248,,,,,,,,,
RPS28,,,,,,,,,,,,
RAB11B,0.1304637185254548,0.39083585798235443,0.2606497882539046,,,,,,,,,
MARCHF2,,,,-0.9728359564372564,-0.27344036081190787,-0.6231381586245821,,,,,,
HNRNPM,0.18509777043454975,0.3817543314614492,0.2834260509479995,,,,,,,,,
ZNF414,,,,-0.986964588414825,-0.34698425372984565,-0.6669744210723354,,,,,,
ZNF317,,,,,,,,,,,,
ZNF559,,,,,,,,,,,,
ZNF266,,,,,,,,,,,,
ZNF426,,,,,,,,,,,,
ZNF121,,,,,,,,,,,,
ZNF561,0.07829791619375037,0.31498616901222126,0.19664204260298582,,,,,,,,,
ZNF562,,,,,,,,,,,,
FBXL12,,,,,,,,,,,,
UBL5,0.1961348479161845,0.7467586370083653,0.4714467424622749,,,,,,,,,
PIN1,0.1720529098053422,0.4941032338400848,0.33307807182271354,,,,,,,,,
PPAN,0.278110778193255,0.5382204033666314,0.4081655907799432,,,,,,,0.11434112121954826,0.47210511094206636,0.2932231160808073
EIF3G,0.23605637968732535,0.5109860928056636,0.37352123624649447,,,,,,,,,
DNMT1,,,,,,,,,,,,
MRPL4,0.25133740674849375,0.5367648831839713,0.3940511449662325,,,,0.13900965278947447,0.5526706348412284,0.34584014381535144,,,
FDX2,0.1640875171020483,0.4488105033300647,0.3064490102160565,,,,,,,,,
RAVER1,0.16046954009276584,0.44386674160537753,0.3021681408490717,,,,,,,,,
ICAM3,,,,,,,,,,,,
TYK2,,,,,,,,,,,,
CDC37,0.23366302534527592,0.4537792163817968,0.34372112086353634,,,,,,,,,
PDE4A,,,,,,,,,,,,
KEAP1,0.12233741311194467,0.37747199192193204,0.24990470251693836,,,,,,,,,
ATG4D,,,,,,,,,,,,
KRI1,0.20422146031810756,0.4016068699706549,0.30291416514438124,,,,,,,,,
CDKN2D,,,,,,,,,,,,
SLC44A2,,,,,,,,,,,,
ILF3,,,,,,,,,,,,
QTRT1,0.12709060516087656,0.38044023670275984,0.2537654209318182,,,,,,,,,
DNM2,-0.16496894264657014,0.04814017312187417,-0.05841438476234798,-0.9760964351936028,-0.34801414881616344,-0.6620552920048831,,,,,,
TMED1,0.13339030586818768,0.4100603108090805,0.27172530833863406,,,,,,,,,
CARM1,,,,,,,,,,,,
YIPF2,,,,,,,,,,,,
TIMM29,0.12511613762729967,0.4051589457055251,0.26513754166641235,,,,,,,,,
SMARCA4,0.2174475365053747,0.5135290270776873,0.36548828179153103,,,,,,,,,
LDLR,,,,,,,,,,,,
SPC24,-0.5752684534291701,-0.11586164902661086,-0.3455650512278905,,,,,,,,,
KANK2,,,,,,,,,,,,
DOCK6,,,,,,,,,,,,
RAB3D,,,,,,,,,,,,
TMEM205,,,,,,,,,,,,
PLPPR2,,,,,,,,,,,,
SWSAP1,0.07938312031232897,0.31977002174477587,0.19957657102855242,,,,,,,,,
PRKCSH,,,,,,,,,,,,
ECSIT,0.1867181751489812,0.40809080743711884,0.29740449129305,,,,,,,,,
ELOF1,0.1328213785669325,0.41320362529799326,0.27301250193246285,,,,,,,,,
ZNF627,,,,,,,,,,,,
ZNF440,,,,,,,,,,,,
ZNF700,,,,-0.9896788247199313,-0.3470051833298265,-0.6683420040248789,,,,,,
ZNF136,0.023982036199918254,0.24002298403259834,0.1320025101162583,,,,,,,,,
ZNF44,,,,,,,,,,,,
ZNF709,,,,,,,,,,,,
ZNF564,,,,,,,,,,,,
ZNF490,,,,,,,,,,,,
ZNF791,,,,,,,,,,,,
MAN2B1,,,,,,,,,,,,
WDR83,0.10317812611926155,0.36435895522812495,0.23376854067369324,,,,,,,,,
WDR83OS,0.2594880319134311,0.5284522449486436,0.39397013843103734,,,,0.15219740770672693,0.6038756612265815,0.37803653446665425,,,
DHPS,0.057188629420558745,0.32571549645845294,0.19145206293950584,,,,,,,,,
FBXW9,,,,,,,,,,,,
TNPO2,,,,,,,,,,,,
TRIR,0.3503100971330348,0.6510379999063157,0.5006740485196752,,,,,,,,,
GET3,0.12189879564110108,0.3571335308665231,0.2395161632538121,,,,,,,,,
HOOK2,,,,,,,,,,,,
PRDX2,0.2699249351092045,0.5523153551232268,0.41112014511621564,,,,,,,,,
RNASEH2A,,,,,,,,,,,,
MAST1,,,,,,,,,,,,
DNASE2,,,,,,,,,,,,
GCDH,,,,,,,,,,,,
SYCE2,,,,,,,,,,,,
FARSA,0.2270757871905014,0.4569662506845457,0.34202101893752357,,,,0.1217770663123047,0.46498859640498164,0.2933828313586432,,,
CALR,,,,,,,,,,,,
RAD23A,0.17957529892782423,0.5104892849649912,0.3450322919464077,,,,0.19040447036181754,0.5827691741070428,0.38658682223443014,,,
GADD45GIP1,0.18590511072056098,0.4563500771039121,0.32112759391223655,,,,,,,,,
NFIX,0.10316875100925452,0.3476514110139484,0.22541008101160148,,,,,,,,,
TRMT1,0.09203930174596116,0.3279424446510179,0.20999087319848952,,,,,,,,,
NACC1,,,,,,,,,,,,
STX10,0.11182117100000045,0.4008633589984627,0.2563422649992316,,,,,,,,,
IER2,,,,,,,,,,,,
CACNA1A,-0.2937226508072836,-0.1759357425605262,-0.2348291966839049,-0.9972609093468706,-0.5654929873846456,-0.7813769483657581,-0.27619911444726164,-0.10387528844945422,-0.19003720144835792,-0.4150058336878249,-0.2158776825385781,-0.3154417581132015
YJU2B,,,,,,,,,,,,
MRI1,,,,,,,,,,,,
C19orf53,0.1308421219998679,0.5185759662652669,0.3247090441325674,,,,,,,,,
CC2D1A,,,,,,,,,,,,
DCAF15,,,,,,,,,,,,
RFX1,,,,,,,,,,,,
SAMD1,,,,,,,,,,,,
PRKACA,,,,,,,,,,,,
ASF1B,,,,,,,,,,,,
ADGRL1,,,,,,,,,,,,
DDX39A,0.28030173793127217,0.5276631010343411,0.40398241948280667,,,,,,,,,
PKN1,0.14665299714932578,0.4492698028074659,0.2979613999783959,,,,,,,,,
GIPC1,0.15904775765504847,0.48947207998077286,0.32425991881791066,,,,,,,,,
DNAJB1,0.132276185216489,0.37212178480315805,0.2521989850098235,,,,,,,,,
TECR,0.24915808481219298,0.513400434690758,0.3812792597514755,,,,,,,,,
NDUFB7,0.12133266956648418,0.44513663060412856,0.28323465008530635,,,,,,,,,
ZNF333,,,,,,,,,,,,
ILVBL,0.0735598532606648,0.32257875438071393,0.19806930382068938,,,,,,,,,
NOTCH3,,,,,,,,,,,,
BRD4,,,,,,,,,,,,
AKAP8,0.09148512006595759,0.3348619813413516,0.2131735507036546,,,,,,,,,
AKAP8L,,,,,,,,,,,,
WIZ,,,,-0.9908843899260296,-0.4709711710097812,-0.7309277804679054,,,,,,
TPM4,,,,,,,,,,,,
RAB8A,0.13567599002828148,0.48339349412339006,0.30953474207583576,,,,,,,,,
FAM32A,,,,,,,,,,,,
AP1M1,,,,,,,,,,,,
EPS15L1,,,,,,,,,,,,
C19orf44,,,,-0.9925644015621679,-0.44407807173418345,-0.7183212366481757,,,,,,
CHERP,,,,,,,,,,,,
SLC35E1,,,,,,,,,,,,
MED26,,,,,,,,,,,,
SMIM7,,,,,,,,,,,,
TMEM38A,,,,,,,,,,,,
SIN3B,,,,,,,,,,,,
HAUS8,,,,,,,,,,,,
MYO9B,,,,,,,,,,,,
USE1,0.08033439565729769,0.4062323430788149,0.24328336936805628,,,,,,,,,
OCEL1,,,,,,,,,,,,
NR2F6,0.211507408119269,0.4752236057209713,0.34336550692012013,,,,,,,,,
BABAM1,0.14688318314760027,0.44940094200284175,0.298142062575221,,,,,,,,,
ABHD8,,,,,,,,,,,,
MRPL34,0.16750357715687775,0.4451196097413166,0.3063115934490972,,,,,,,,,
DDA1,0.08408829338359453,0.3942053552945943,0.2391468243390944,,,,,,,,,
ANO8,-0.6362561077238679,-0.3139099812203866,-0.47508304447212724,,,,-0.7423457608355758,-0.25689735671220193,-0.49962155877388886,-0.6967619746126378,-0.24592670856584484,-0.4713443415892413
GTPBP3,,,,,,,,,,,,
MVB12A,0.1538840275957438,0.4153988504890147,0.28464143904237926,,,,,,,,,
SLC27A1,,,,,,,,,,,,
PGLS,,,,,,,,,,,,
COLGALT1,,,,,,,,,,,,
MAP1S,0.07905588333680127,0.3399594901538152,0.20950768674530823,,,,,,,,,
RPL18A,0.3598934940230892,0.5581669663971403,0.4590302302101147,,,,0.21226140569604846,0.4759307905536864,0.3440960981248674,0.2180587955423543,0.5296156156298998,0.37383720558612704
CCDC124,0.2620053332794232,0.5523713397806088,0.407188336530016,,,,,,,,,
MAST3,,,,-0.986952994514939,-0.3203253562921901,-0.6536391754035645,,,,,,
PIK3R2,,,,,,,,,,,,
IFI30,,,,,,,,,,,,
MPV17L2,0.06821301665002381,0.31306620329085766,0.19063960997044074,,,,,,,,,
RAB3A,,,,,,,,,,,,
JUND,,,,,,,,,,,,
LSM4,0.2254711982003566,0.5314348646851247,0.3784530314427407,,,,,,,,,
SSBP4,,,,,,,,,,,,
ISYNA1,0.08714118875154625,0.3043082782242559,0.19572473348790106,,,,,,,,,
ELL,,,,-0.9962522283613481,-0.6025662147869759,-0.7994092215741619,,,,,,
FKBP8,0.1524625805117135,0.4406733488801107,0.2965679646959121,,,,,,,,,
KXD1,0.10338672456492172,0.42419034195783734,0.2637885332613795,,,,,,,,,
UBA52,0.22603716344319866,0.49835678903661595,0.3621969762399073,,,,,,,,,
REX1BD,0.18689145269133176,0.4348170368015962,0.310854244746464,,,,,,,,,
CRTC1,,,,,,,,,,,,
UPF1,,,,,,,,,,,,
CERS1,0.06740681444404388,0.31189307928756604,0.18964994686580497,,,,,,,,,
COPE,0.18035113295949892,0.4663716736703044,0.32336140331490165,,,,,,,,,
DDX49,0.1485826571448136,0.35947356290780735,0.2540281100263105,,,,,,,,,
SUGP2,,,,,,,,,,,,
ARMC6,0.11718480675889309,0.3827071654205847,0.2499459860897389,,,,,,,,,
SLC25A42,,,,,,,,,,,,
TMEM161A,,,,,,,,,,,,
MEF2B,,,,,,,,,,,,
BORCS8,,,,,,,,,,,,
RFXANK,0.06796969954869139,0.3686970990478749,0.21833339929828316,,,,,,,,,
NR2C2AP,,,,,,,,,,,,
SUGP1,,,,,,,,,,,,
MAU2,,,,,,,,,,,,
GATAD2A,,,,,,,,,,,,
NDUFA13,0.2175108882798803,0.5770884995645552,0.39729969392221776,,,,,,,,,
YJEFN3,,,,,,,,,,,,
PBX4,,,,,,,,,,,,
ATP13A1,,,,,,,,,,,,
ZNF101,,,,,,,,,,,,
ZNF14,,,,,,,,,,,,
ZNF506,-0.30102589786438316,-0.1580667295166748,-0.22954631369052897,-0.9957158577659317,-0.5503812403292786,-0.7730485490476051,-0.4549997071491104,-0.1332472584931917,-0.2941234828211511,-0.4262597904281778,-0.09944211344783799,-0.2628509519380079
ZNF66,,,,,,,,,,,,
ZNF85,,,,,,,,,,,,
ZNF430,,,,,,,,,,,,
ZNF714,,,,,,,,,,,,
ZNF431,,,,,,,,,,,,
ZNF708,,,,-0.9867038085298026,-0.3657585331542996,-0.6762311708420511,,,,,,
ZNF738,,,,,,,,,,,,
ZNF493,,,,,,,,,,,,
ZNF429,,,,,,,,,,,,
ZNF100,,,,,,,,,,,,
ZNF724,,,,,,,,,,,,
ZNF91,,,,,,,,,,,,
ZNF675,,,,,,,,,,,,
RPSA2,,,,,,,,,,,,
ZNF254,,,,,,,,,,,,
UQCRFS1,0.201804095296965,0.5181683526772352,0.35998622398710006,,,,,,,,,
POP4,0.20694400436293595,0.520725923710971,0.3638349640369535,,,,,,,,,
C19orf12,,,,,,,,,,,,
CCNE1,,,,-0.9393405458119679,-0.22002980164136207,-0.579685173726665,,,,,,
URI1,0.10408221546251077,0.3720596595805345,0.23807093752152264,,,,,,,,,
ZNF536,,,,,,,,,,,,
TSHZ3,,,,,,,,,,,,
ZNF507,,,,,,,,,,,,
DPY19L3,,,,-0.9965974299975717,-0.6657456295611978,-0.8311715297793847,,,,,,
PDCD5,,,,,,,,,,,,
ANKRD27,,,,,,,,,,,,
NUDT19,,,,,,,,,,,,
CEP89,,,,,,,,,,,,
FAAP24,,,,,,,,,,,,
RHPN2,,,,,,,,,,,,
GPATCH1,,,,,,,,,,,,
LRP3,,,,,,,,,,,,
CEBPA,,,,,,,,,,,,
CEBPG,0.038411926213325946,0.3272796716133729,0.18284579891334943,,,,,,,,,
PEPD,,,,,,,,,,,,
KCTD15,,,,,,,,,,,,
LSM14A,,,,,,,,,,,,
GARRE1,,,,,,,,,,,,
GPI,0.112263274183163,0.4841609967747177,0.2982121354789403,,,,,,,,,
PDCD2L,0.1000625352023131,0.3840316741239042,0.24204710466310866,,,,,,,,,
UBA2,,,,,,,,,,,,
SCGB2B2,,,,-0.995729194970092,-0.6878121343219907,-0.8417706646460414,,,,,,
ZNF302,,,,-0.9844166694484325,-0.3485876903816252,-0.6665021799150288,,,,,,
GRAMD1A,,,,,,,,,,,,
FXYD5,,,,,,,,,,,,
LSR,,,,,,,,,,,,
USF2,0.14485147148373811,0.41764620956153814,0.2812488405226381,,,,,,,,,
DMKN,0.11818506497647187,0.3141851897028815,0.21618512733967668,,,,,,,,,
TMEM147,0.1391051463858779,0.42460827853848604,0.28185671246218197,,,,,,,,,
HAUS5,,,,,,,,,,,,
RBM42,0.14362603792294082,0.3708558656953651,0.25724095180915296,,,,,,,,,
COX6B1,0.2477796065814574,0.5110393380099987,0.379409472295728,,,,,,,,,
KMT2B,0.08250235182088331,0.29742729191750267,0.189964821869193,,,,,,,,,
IGFLR1,,,,,,,,,,,,
U2AF1L4,,,,,,,,,,,,
PSENEN,0.14675606058313467,0.4450801180100798,0.29591808929660723,,,,,,,,,
LIN37,,,,,,,,,,,,
PROSER3,,,,,,,,,,,,
SDHAF1,0.07066637618137767,0.27865445867744426,0.17466041742941096,,,,,,,,,
ALKBH6,,,,,,,,,,,,
WDR62,,,,,,,,,,,,
POLR2I,,,,,,,,,,,,
TBCB,0.16194110791614547,0.4884585442963813,0.3251998261062634,,,,,,,,,
CAPNS1,,,,,,,,,,,,
ZNF565,-0.3725605369519324,-0.13511640877192782,-0.2538384728619301,,,,-0.5870157835853536,-0.19494574687815336,-0.39098076523175346,,,
ZNF146,,,,,,,,,,,,
ZFP14,,,,,,,,,,,,
ZNF566,,,,,,,,,,,,
ZNF260,,,,,,,,,,,,
ZNF529,,,,,,,,,,,,
ZNF382,,,,,,,,,,,,
ZNF567,,,,,,,,,,,,
ZNF850,,,,,,,,,,,,
ZNF790,,,,,,,,,,,,
ZNF345,,,,,,,,,,,,
ZNF568,,,,,,,,,,,,
ZNF420,,,,,,,,,,,,
ZNF585A,,,,,,,,,,,,
ZNF585B,,,,,,,,,,,,
ZNF383,,,,,,,,,,,,
ZNF875,,,,,,,,,,,,
ZNF569,,,,,,,,,,,,
ZFP30,,,,,,,,,,,,
ZNF607,,,,,,,,,,,,
ZNF573,,,,,,,,,,,,
SIPA1L3,,,,,,,,,,,,
DPF1,,,,,,,,,,,,
SPINT2,0.10996832077289431,0.3290591708353409,0.21951374580411762,,,,,,,,,
PPP1R14A,,,,,,,,,,,,
YIF1B,0.11505848672814305,0.3733339341699491,0.24419621044904607,,,,,,,,,
CATSPERG,-0.273665206463771,-0.07570763722050403,-0.1746864218421375,,,,,,,,,
PSMD8,0.22903384411094355,0.4925931082390964,0.36081347617501996,,,,,,,,,
FAM98C,,,,,,,,,,,,
EIF3K,0.27315070679290465,0.5577610347018954,0.41545587074740004,,,,,,,,,
ACTN4,0.1689003144180176,0.3871156499194281,0.27800798216872286,,,,,,,,,
ECH1,,,,,,,,,,,,
HNRNPL,,,,,,,,,,,,
SIRT2,,,,,,,,,,,,
NFKBIB,0.06508524965160625,0.3046648934521063,0.18487507155185628,,,,,,,,,
SARS2,,,,,,,,,,,,
MRPS12,0.20374341724279693,0.49988330216166976,0.3518133597022334,,,,,,,,,
FBXO17,,,,,,,,,,,,
PAK4,0.051975342608284916,0.3001155499488497,0.1760454462785673,,,,,,,,,
LRFN1,,,,,,,,,,,,
SAMD4B,0.131602157141261,0.3653112435431787,0.24845670034221984,,,,,,,,,
PAF1,0.09656255073920991,0.3513504955268419,0.2239565231330259,,,,,,,,,
MED29,,,,,,,,,,,,
RPS16,0.41951270999044116,0.6400987298834228,0.5298057199369319,,,,,,,,,
SUPT5H,0.15358223287222125,0.4499764906353821,0.30177936175380166,,,,,,,,,
TIMM50,0.0663280001016026,0.4108662339542005,0.23859711702790157,,,,,,,,,
DLL3,,,,,,,,,,,,
EID2B,,,,,,,,,,,,
EID2,0.16658499280600542,0.383846455273455,0.2752157240397302,,,,0.16699129303141969,0.5689620007368483,0.367976646884134,,,
FBL,0.24752107852255012,0.4661359731856178,0.356828525854084,,,,,,,,,
PSMC4,0.14280178976548105,0.4587159235873881,0.3007588566764346,,,,,,,,,
ZNF546,,,,,,,,,,,,
ZNF780B,,,,,,,,,,,,
ZNF780A,0.112249023654091,0.38146714449083324,0.24685808407246213,,,,,,,,,
MAP3K10,,,,,,,,,,,,
AKT2,,,,,,,,,,,,
C19orf47,,,,,,,,,,,,
PLD3,,,,,,,,,,,,
SERTAD1,0.07126994665381643,0.3197358512084852,0.1955028989311508,,,,,,,,,
SERTAD3,0.07348029823694716,0.3040137037985084,0.1887470010177278,,,,,,,,,
BLVRB,,,,,,,,,,,,
SPTBN4,,,,,,,,,,,,
SHKBP1,,,,,,,,,,,,
LTBP4,,,,,,,,,,,,
NUMBL,,,,,,,,,,,,
COQ8B,,,,,,,,,,,,
ACTMAP,,,,,,,,,,,,
SNRPA,0.18286178871598513,0.4451334522546076,0.31399762048529634,,,,0.14242975418241782,0.5256731047497235,0.3340514294660707,,,
RAB4B,,,,,,,,,,,,
EGLN2,,,,,,,,,,,,
HNRNPUL1,,,,,,,,,,,,
TGFB1,,,,,,,,,,,,
CCDC97,,,,,,,,,,,,
TMEM91,,,,,,,,,,,,
B9D2,,,,,,,,,,,,
EXOSC5,0.10223175556075281,0.4262595241379513,0.26424563984935207,,,,,,,,,
BCKDHA,,,,,,,,,,,,
DMAC2,,,,,,,,,,,,
RPS19,0.23606984864103353,0.704415555297401,0.47024270196921725,,,,,,,,,
ARHGEF1,,,,,,,,,,,,
RABAC1,0.20799198923258339,0.43530231610779385,0.3216471526701886,,,,,,,,,
ZNF574,,,,,,,,,,,,
DEDD2,,,,,,,,,,,,
ZNF526,,,,,,,,,,,,
GSK3A,0.12107466585806433,0.3729219920232248,0.24699832894064455,,,,,,,,,
ERF,0.10230864166630642,0.36347602172383797,0.2328923316950722,,,,,,,,,
CIC,,,,,,,,,,,,
PAFAH1B3,0.1996011799449859,0.4458906176196378,0.32274589878231186,,,,,,,,,
MEGF8,,,,,,,,,,,,
CNFN,,,,,,,,,,,,
PHLDB3,,,,,,,,,,,,
ETHE1,,,,,,,,,,,,
XRCC1,,,,,,,,,,,,
IRGQ,,,,,,,,,,,,
ZNF576,,,,,,,,,,,,
ZNF428,0.14765701521158311,0.4252507735924295,0.2864538944020063,,,,,,,,,
PLAUR,,,,,,,,,,,,
SMG9,,,,,,,,,,,,
ZNF283,,,,-0.991082701378527,-0.35053213708883935,-0.6708074192336833,,,,,,
ZNF45,,,,-0.9888704656443814,-0.3335653711127008,-0.6612179183785412,,,,,,
ZNF155,,,,,,,,,,,,
ZNF224,,,,,,,,,,,,
ZNF234,,,,,,,,,,,,
ZNF226,,,,,,,,,,,,
ZNF227,,,,,,,,,,,,
ZNF235,,,,,,,,,,,,
PVR,,,,,,,,,,,,
NECTIN2,,,,,,,,,,,,
TOMM40,0.20828845891789738,0.5208073220759978,0.3645478904969476,,,,,,,,,
APOE,,,,,,,,,,,,
APOC1,,,,,,,,,,,,
CLPTM1,,,,,,,,,,,,
CLASRP,,,,,,,,,,,,
GEMIN7,0.15543402471848594,0.4565168356316076,0.3059754301750468,,,,,,,,,
MARK4,,,,,,,,,,,,
PPP1R37,,,,,,,,,,,,
TRAPPC6A,0.11125708576925362,0.33544386792420333,0.22335047684672849,,,,,,,,,
ERCC2,,,,,,,,,,,,
PPP1R13L,,,,,,,,,,,,
POLR1G,,,,,,,,,,,,
ERCC1,,,,,,,,,,,,
RTN2,,,,,,,,,,,,
PPM1N,-0.1590200436180995,-0.000358904860363812,-0.07968947423923164,-0.9506029677805654,-0.2933441185706096,-0.6219735431755875,,,,,,
VASP,0.05576797689638073,0.28097532794741475,0.16837165242189775,,,,,,,,,
OPA3,,,,,,,,,,,,
EML2,,,,,,,,,,,,
SNRPD2,,,,,,,,,,,,
QPCTL,,,,-0.9910674417063002,-0.34983682568965274,-0.6704521336979765,,,,,,
FBXO46,,,,,,,,,,,,
DMPK,,,,,,,,,,,,
DMWD,-0.23931644933386959,-0.07381649845693981,-0.1565664738954047,-0.99345554214955,-0.573211787804588,-0.783333664977069,,,,-0.4462756826738025,-0.06533022314259676,-0.25580295290819965
SYMPK,,,,,,,,,,,,
IRF2BP1,,,,,,,,,,,,
MYPOP,,,,,,,,,,,,
PPP5C,-0.20451335562126863,-0.028391217849377107,-0.11645228673532287,-0.9859431636903229,-0.5191026366124083,-0.7525229001513656,,,,,,
CCDC8,0.05233085353105659,0.30806248954512333,0.18019667153808996,,,,,,,,,
PNMA8A,,,,,,,,,,,,
CALM3,0.1848349969012032,0.4915601709650696,0.33819758393313637,,,,,,,,,
PRKD2,-0.11172044907766393,0.06246756768225769,-0.02462644069770312,-0.9822099477014691,-0.3913480066120238,-0.6867789771567464,,,,,,
STRN4,,,,,,,,,,,,
FKRP,,,,,,,,,,,,
SLC1A5,,,,,,,,,,,,
AP2S1,,,,,,,,,,,,
ARHGAP35,,,,,,,,,,,,
NPAS1,,,,-0.9908365900082539,-0.4926357296526453,-0.7417361598304496,,,,,,
TMEM160,0.19768964783102838,0.5245898163657251,0.36113973209837674,,,,,,,,,
ZC3H4,,,,,,,-0.600361693456196,-0.11184015064860055,-0.3561009220523983,,,
SAE1,,,,,,,,,,,,
BBC3,,,,,,,,,,,,
CCDC9,,,,,,,,,,,,
DHX34,,,,,,,,,,,,
NAPA,0.08579950093750408,0.36901709685501405,0.22740829889625908,,,,,,,,,
NOP53,0.16451500769063365,0.40128798649710384,0.28290149709386875,,,,,,,,,
SELENOW,,,,,,,,,,,,
LIG1,,,,,,,,,,,,
ZSWIM9,,,,,,,,,,,,
CARD8,,,,,,,,,,,,
EMP3,,,,,,,,,,,,
TMEM143,,,,,,,,,,,,
KDELR1,0.254945510522864,0.48016155283207135,0.3675535316774677,,,,,,,,,
GRIN2D,,,,,,,,,,,,
GRWD1,0.15400198354611916,0.38298705343765865,0.2684945184918889,,,,,,,,,
KCNJ14,,,,,,,,,,,,
CYTH2,,,,,,,,,,,,
RPL18,0.3924641676216796,0.5773948089152282,0.48492948826845395,,,,0.259829385433585,0.5714083036280201,0.41561884453080256,0.3000437916128218,0.6075299289422504,0.4537868602775361
SPHK2,,,,,,,,,,,,
DBP,,,,,,,,,,,,
CA11,,,,,,,,,,,,
BCAT2,,,,,,,,,,,,
NUCB1,,,,,,,,,,,,
BAX,0.19955382468104707,0.5021749025651443,0.3508643636230957,,,,,,,,,
FTL,,,,,,,,,,,,
GYS1,,,,,,,,,,,,
RUVBL2,0.21022293706268222,0.5032213497144807,0.3567221433885815,,,,,,,,,
SNRNP70,0.16546942542212142,0.358946863608039,0.26220814451508023,,,,,,,,,
LIN7B,,,,,,,,,,,,
PPFIA3,,,,,,,,,,,,
TRPM4,,,,,,,,,,,,
SLC6A16,,,,-0.9911513066142333,-0.4630165915474509,-0.7270839490808421,,,,,,
TEAD2,,,,,,,,,,,,
PIH1D1,,,,,,,,,,,,
ALDH16A1,,,,,,,,,,,,
RPL13A,0.31071594955088366,0.5771250963578629,0.4439205229543733,,,,,,,,,
RPS11,0.28032084291415205,0.729073511053372,0.504697176983762,,,,,,,,,
FCGRT,,,,,,,,,,,,
NOSIP,0.21664219011947466,0.507038944941886,0.3618405675306803,,,,,,,,,
PRR12,,,,,,,,,,,,
RRAS,,,,,,,,,,,,
SCAF1,,,,,,,,,,,,
IRF3,0.09861040953884113,0.3625989612280083,0.2306046853834247,,,,,,,,,
BCL2L12,0.12173630749927185,0.4153740358682532,0.26855517168376253,,,,,,,,,
PRMT1,0.19382206361151788,0.48159366019598016,0.337707861903749,,,,,,,,,
CPT1C,,,,,,,,,,,,
AP2A1,,,,,,,,,,,,
FUZ,,,,,,,,,,,,
MED25,,,,,,,,,,,,
PTOV1,0.12892473612314154,0.3726540505607252,0.2507893933419334,,,,,,,,,
PNKP,,,,,,,,,,,,
AKT1S1,0.12788693342066962,0.37952116215637244,0.253704047788521,,,,,,,,,
TBC1D17,,,,-0.9917428168609721,-0.38826787270846236,-0.6900053447847172,,,,,,
NUP62,,,,,,,,,,,,
ATF5,,,,,,,,,,,,
VRK3,,,,,,,,,,,,
ZNF473,,,,,,,,,,,,
MYH14,-0.1371403695849978,0.01321978583061587,-0.06196029187719097,-0.9824786778907106,-0.4731439348388005,-0.7278113063647556,,,,,,
NR1H2,,,,,,,,,,,,
POLD1,,,,,,,,,,,,
EMC10,,,,,,,,,,,,
JOSD2,,,,,,,,,,,,
C19orf81,,,,,,,,,,,,
CLEC11A,,,,,,,,,,,,
KLK8,,,,,,,,,,,,
CTU1,0.15948809593035806,0.4166496516435237,0.2880688737869409,,,,,,,,,
ETFB,0.25468541025039515,0.574962566610904,0.41482398843064955,,,,,,,0.16614675835363774,0.5461897781304444,0.35616826824204106
ZNF649,0.09346887964661942,0.2975943947572975,0.19553163720195846,,,,,,,,,
ZNF614,,,,,,,,,,,,
ZNF616,,,,,,,,,,,,
PPP2R1A,0.1307921945083388,0.37829343311616626,0.2545428138122525,,,,,,,,,
ZNF766,,,,,,,,,,,,
ZNF480,0.0782242734441086,0.3292440585327241,0.20373416598841634,,,,,,,,,
ZNF611,,,,,,,,,,,,
ZNF845,,,,,,,,,,,,
ZNF765,,,,,,,,,,,,
ZNF761,,,,,,,,,,,,
MYADM,,,,,,,,,,,,
CACNG8,,,,,,,,,,,,
NDUFA3,,,,,,,,,,,,
TFPT,0.05089968568486391,0.2938527677493793,0.1723762267171216,,,,,,,,,
PRPF31,0.2018634072793145,0.45413335459550447,0.3279983809374095,,,,,,,,,
CNOT3,0.036816647624955026,0.29042410417407555,0.16362037589951528,,,,,,,,,
LENG1,,,,,,,,,,,,
MBOAT7,,,,,,,,,,,,
TSEN34,0.18935855103738464,0.45312195220079265,0.32124025161908865,,,,,,,,,
RPS9,0.27993656880547263,0.6078698585246577,0.44390321366506513,,,,,,,,,
LENG8,-0.24161443822011125,-0.1068786995774015,-0.17424656889875637,-0.983578388446994,-0.44348328285587657,-0.7135308356514353,,,,-0.4165824025357246,-0.057683542822555146,-0.23713297267913988
LENG9,-0.3152092933205995,-0.06315550613763059,-0.18918239972911505,,,,,,,,,
RDH13,,,,,,,,,,,,
PPP1R12C,,,,,,,,,,,,
TNNT1,,,,,,,,,,,,
TNNI3,,,,,,,,,,,,
PPP6R1,0.06652178809116462,0.34164813540874994,0.20408496174995727,,,,,,,,,
HSPBP1,0.13879351844371784,0.386628863768737,0.2627111911062274,,,,,,,,,
BRSK1,-0.20016297765954333,-0.14718618449854018,-0.17367458107904177,-0.6934859586259817,-0.6934859586259817,-0.6934859586259817,-0.32212466862691563,-0.12827857074931065,-0.22520161968811314,-0.1996111631553037,-0.11613319155489604,-0.15787217735509987
KMT5C,,,,,,,,,,,,
RPL28,0.215210335020714,0.6654465514656643,0.44032844324318915,,,,,,,,,
UBE2S,0.42756522897968224,0.6018899896468666,0.5147276093132744,,,,0.31024580405840363,0.5719902448068822,0.4411180244326429,,,
ISOC2,0.1649244844485702,0.4608020044748173,0.3128632444616937,,,,,,,,,
NAT14,,,,,,,,,,,,
ZNF579,0.12040528301748342,0.37277847808267833,0.24659188055008088,,,,,,,,,
ZNF865,,,,,,,,,,,,
ZNF580,,,,,,,,,,,,
ZNF581,0.04546256973620967,0.2900302710821907,0.16774642040920018,,,,,,,,,
CCDC106,,,,,,,,,,,,
U2AF2,0.17576171943296934,0.46354094059520645,0.3196513300140879,,,,0.13383540521135381,0.6161658615420117,0.37500063337668277,,,
EPN1,0.11043039923114112,0.44170052143426314,0.27606546033270213,,,,,,,,,
ZNF787,,,,,,,,,,,,
ZNF444,,,,,,,,,,,,
ZSCAN5A,,,,,,,,,,,,
ZNF71,,,,,,,,,,,,
ZNF264,,,,,,,,,,,,
ZNF805,,,,,,,,,,,,
ZNF460,,,,,,,,,,,,
TRAPPC2B,,,,,,,,,,,,
ZNF749,,,,,,,,,,,,
ZNF530,,,,,,,,,,,,
ZNF134,,,,,,,,,,,,
ZNF551,,,,,,,,,,,,
ZNF586,,,,,,,,,,,,
ZNF552,,,,,,,,,,,,
ZNF587B,,,,,,,,,,,,
ZNF814,-0.3291553211290634,-0.07602646945018011,-0.20259089528962176,-0.9799842377213605,-0.1585535396008825,-0.5692688886611215,,,,,,
ZNF587,,,,,,,,,,,,
ZNF274,,,,,,,,,,,,
ZNF8,,,,,,,,,,,,
ERVK3-1,0.14265912594196553,0.3663526567242554,0.25450589133311047,,,,,,,,,
A1BG,,,,,,,,,,,,
RPS5,0.18914639009286247,0.5308378643649119,0.3599921272288872,,,,,,,,,
ZNF584,,,,,,,,,,,,
SLC27A5,,,,,,,,,,,,
TRIM28,0.18762291949797946,0.5316010129914688,0.35961196624472413,,,,,,,,,
CHMP2A,,,,,,,,,,,,
UBE2M,0.30864443798473673,0.5975338277450193,0.453089132864878,,,,,,,,,
MZF1,,,,,,,,,,,,
C20orf96,,,,,,,,,,,,
ZCCHC3,,,,,,,,,,,,
SOX12,,,,,,,,,,,,
NRSN2,,,,,,,,,,,,
RBCK1,,,,,,,,,,,,
TBC1D20,,,,,,,,,,,,
CSNK2A1,,,,,,,,,,,,
SRXN1,,,,,,,,,,,,
PSMF1,,,,,,,,,,,,
FKBP1A,,,,,,,,,,,,
NSFL1C,0.1137912244940444,0.35662303984930493,0.23520713217167466,,,,,,,,,
STK35,,,,,,,,,,,,
SNRPB,0.15928102656597565,0.4242038552934492,0.2917424409297124,,,,,,,,,
ZNF343,,,,,,,,,,,,
NOP56,,,,,,,,,,,,
IDH3B,,,,,,,,,,,,
VPS16,,,,,,,,,,,,
PTPRA,,,,,,,,,,,,
MRPS26,0.2408438341195865,0.5214944613244917,0.38116914772203914,,,,,,,,,
UBOX5,,,,,,,,,,,,
FASTKD5,,,,,,,,,,,,
DDRGK1,0.15722797702492208,0.40646764748996983,0.28184781225744593,,,,,,,,,
ITPA,,,,,,,,,,,,
DNAAF9,,,,,,,,,,,,
ATRN,,,,,,,,,,,,
ADISSP,0.16844327009940976,0.49662240320492196,0.3325328366521659,,,,,,,,,
CENPB,,,,,,,,,,,,
CDC25B,0.052259294985198414,0.30836737512886486,0.18031333505703165,,,,,,,,,
AP5S1,,,,,,,,,,,,
MAVS,,,,,,,,,,,,
PANK2,-0.34800127460216423,-0.13147974546409633,-0.2397405100331303,-0.988083679447467,-0.40799508092650527,-0.6980393801869862,,,,,,
RNF24,,,,,,,,,,,,
SMOX,-0.3712781783900433,-0.20758032913712185,-0.2894292537635826,-0.9928938844244112,-0.633690498306048,-0.8132921913652296,-0.3432018328960005,-0.13345303267798245,-0.23832743278699148,-0.4656728916001882,-0.2005793566035007,-0.33312612410184445
PRNP,,,,,,,,,,,,
SLC23A2,,,,,,,,,,,,
TMEM230,,,,,,,,,,,,
PCNA,,,,,,,,,,,,
CDS2,,,,,,,,,,,,
GPCPD1,,,,-0.9926139300499394,-0.5089688495220283,-0.7507913897859838,,,,,,
SHLD1,,,,,,,,,,,,
TRMT6,,,,,,,,,,,,
MCM8,,,,,,,,,,,,
CRLS1,,,,,,,,,,,,
BMP2,,,,,,,,,,,,
TMX4,,,,,,,,,,,,
PLCB1,-0.29932592983398826,-0.08971030174725311,-0.19451811579062067,,,,-0.40491998121556366,-0.07707641410538858,-0.24099819766047612,,,
PLCB4,,,,,,,,,,,,
ANKEF1,,,,,,,,,,,,
MKKS,,,,,,,,,,,,
SLX4IP,,,,,,,,,,,,
BTBD3,,,,,,,,,,,,
TASP1,,,,,,,,,,,,
ESF1,0.20096414672862287,0.42367557371329945,0.31231986022096114,,,,,,,,,
NDUFAF5,,,,,,,,,,,,
MACROD2,-0.4565453227363535,-0.19915543628640012,-0.3278503795113768,-0.9895216515646991,-0.5058979590176269,-0.747709805291163,-0.3683464247296895,-0.13052772420314587,-0.24943707446641766,-0.36698179628088096,-0.09342204253576225,-0.2302019194083216
KIF16B,,,,,,,-0.45517218460261694,-0.06250160207760859,-0.2588368933401128,,,
SNRPB2,0.13306206158069203,0.4398757178576347,0.28646888971916334,,,,,,,,,
DSTN,,,,,,,,,,,,
RRBP1,0.07599434075847375,0.3363322306252966,0.2061632856918852,,,,,,,,,
SNX5,,,,,,,,,,,,
OVOL2,-0.5630198744644835,-0.31193713466413014,-0.4374785045643068,,,,-0.5181829540475432,-0.19653489888240322,-0.35735892646497325,-0.676453608997853,-0.24452235861091387,-0.46048798380438344
MGME1,,,,,,,,,,,,
KAT14,,,,,,,,,,,,
PET117,,,,,,,,,,,,
ZNF133,,,,,,,,,,,,
POLR3F,,,,,,,,,,,,
RBBP9,,,,,,,,,,,,
SEC23B,,,,,,,,,,,,
SMIM26,,,,,,,,,,,,
DTD1,,,,,,,,,,,,
RIN2,,,,,,,,,,,,
NAA20,0.18460158151777875,0.47239753937680234,0.32849956044729056,,,,,,,,,
CRNKL1,0.11508654533427647,0.35407663549945434,0.2345815904168654,,,,,,,,,
RALGAPA2,-0.6301588999796707,-0.20595401677081432,-0.4180564583752425,,,,-0.9081755968356746,-0.1503905563425868,-0.5292830765891308,,,
KIZ,,,,,,,,,,,,
XRN2,0.14595623866870697,0.46045593202602314,0.30320608534736504,,,,,,,,,
NXT1,,,,,,,,,,,,
GZF1,,,,,,,,,,,,
NAPB,,,,,,,,,,,,
CST3,0.07607128673072916,0.35319330528903364,0.2146322960098814,,,,,,,,,
SYNDIG1,,,,,,,,,,,,
APMAP,,,,,,,,,,,,
ENTPD6,,,,,,,,,,,,
PYGB,,,,,,,,,,,,
ABHD12,,,,,,,,,,,,
GINS1,,,,,,,,,,,,
NINL,,,,,,,,,,,,
NANP,,,,,,,,,,,,
ZNF337,,,,,,,,,,,,
HM13,,,,,,,,,,,,
ID1,,,,,,,,,,,,
BCL2L1,,,,,,,,,,,,
TPX2,0.24877337663199728,0.4727056238659223,0.3607395002489598,,,,0.08881288725966201,0.3932048517235065,0.24100886949158426,,,
PDRG1,,,,,,,,,,,,
TM9SF4,,,,,,,,,,,,
PLAGL2,,,,,,,,,,,,
POFUT1,,,,,,,,,,,,
KIF3B,,,,,,,,,,,,
ASXL1,,,,,,,,,,,,
NOL4L,,,,,,,,,,,,
COMMD7,0.11565975372748509,0.41305245397553886,0.264356103851512,,,,0.10991108115431616,0.5340074466508853,0.3219592639026007,,,
DNMT3B,,,,,,,,,,,,
MAPRE1,0.1832342935258605,0.4102168219088668,0.29672555771736364,,,,,,,,,
CDK5RAP1,,,,,,,,,,,,
SNTA1,,,,,,,,,,,,
CBFA2T2,,,,,,,,,,,,
E2F1,-0.40153184895160715,-0.15411753942097028,-0.27782469418628875,,,,,,,,,
CHMP4B,,,,,,,,,,,,
RALY,,,,,,,,,,,,
EIF2S2,,,,,,,,,,,,
AHCY,0.08475232688048305,0.38100556366136057,0.23287894527092182,,,,,,,,,
ITCH,,,,,,,,,,,,
DYNLRB1,,,,,,,,,,,,
PIGU,,,,-0.9970740451675054,-0.7008236208273906,-0.8489488329974479,,,,,,
NCOA6,,,,,,,,,,,,
GGT7,,,,,,,,,,,,
ACSS2,,,,-0.9901901729371114,-0.3328312765460404,-0.6615107247415759,,,,,,
GSS,,,,,,,,,,,,
TRPC4AP,,,,,,,,,,,,
EDEM2,,,,,,,,,,,,
MMP24OS,,,,,,,,,,,,
EIF6,0.1586304520846232,0.44698878097081063,0.30280961652771693,,,,,,,,,
UQCC1,,,,,,,,,,,,
CEP250,,,,,,,,,,,,
ERGIC3,0.12763416758667245,0.4513734140912176,0.28950379083894506,,,,,,,,,
CPNE1,,,,,,,,,,,,
RBM12,0.12697025047382438,0.35038987068041016,0.23868006057711727,,,,,,,,,
NFS1,,,,,,,,,,,,
ROMO1,,,,,,,,,,,,
RBM39,,,,,,,,,,,,
PHF20,,,,,,,,,,,,
SCAND1,,,,,,,,,,,,
CNBD2,,,,,,,,,,,,
EPB41L1,,,,,,,,,,,,
AAR2,-0.2314403035018047,-0.09380007454746324,-0.16262018902463396,-0.9938972792294882,-0.5692029573578511,-0.7815501182936697,-0.28024554520743333,-0.017423363288768662,-0.148834454248101,-0.29912810696366066,-0.05845585349364201,-0.17879198022865134
DLGAP4,,,,-0.9866740055425229,-0.2614200802244839,-0.6240470428835034,,,,,,
TGIF2,,,,,,,,,,,,
RAB5IF,0.09915648781581606,0.4036689348972378,0.25141271135652693,,,,,,,,,
NDRG3,,,,,,,,,,,,
DSN1,,,,,,,,,,,,
SOGA1,,,,,,,,,,,,
SAMHD1,,,,,,,,,,,,
RBL1,,,,,,,,,,,,
RPN2,,,,,,,,,,,,
MANBAL,,,,,,,,,,,,
BLCAP,,,,,,,,,,,,
CTNNBL1,,,,,,,,,,,,
TTI1,,,,,,,,,,,,
RPRD1B,,,,-0.9903231961056982,-0.3330328670930688,-0.6616780315993835,,,,,,
RALGAPB,,,,,,,,,,,,
ACTR5,,,,,,,,,,,,
FAM83D,,,,,,,,,,,,
DHX35,,,,,,,,,,,,
MAFB,,,,,,,,,,,,
TOP1,0.22504208873741272,0.4603210121395592,0.34268155043848597,,,,,,,,,
PLCG1,,,,,,,,,,,,
ZHX3,,,,,,,,,,,,
LPIN3,,,,,,,,,,,,
CHD6,,,,,,,,,,,,
PTPRT,-0.3168627641848395,-0.20443668656822253,-0.260649725376531,-0.9900426922426904,-0.6131104413940077,-0.801576566818349,-0.3064313378899412,-0.12493743127216636,-0.21568438458105377,-0.43053287262228485,-0.23247238535821094,-0.3315026289902479
SRSF6,-0.9863039994864833,-0.42262185037196237,-0.7044629249292228,,,,-0.9607779993459468,-0.2252714344362101,-0.5930247168910784,,,
L3MBTL1,,,,,,,,,,,,
IFT52,,,,,,,,,,,,
MYBL2,,,,,,,,,,,,
TOX2,-0.2713558618791898,-0.17073679195707508,-0.22104632691813245,-0.9771735553181673,-0.4941079232692566,-0.735640739293712,-0.24870397873648578,-0.11759509566352093,-0.18314953720000335,-0.36119915334136393,-0.2066967200427562,-0.2839479366920601
OSER1,,,,,,,,,,,,
FITM2,,,,,,,,,,,,
TTPAL,,,,,,,,,,,,
SERINC3,0.1831155797599713,0.43810512036800314,0.31061035006398724,,,,,,,,,
PKIG,,,,,,,,,,,,
ADA,,,,,,,,,,,,
RIMS4,,,,,,,,,,,,
YWHAB,0.2555927548093844,0.6293516584414834,0.44247220662543396,,,,,,,,,
PABPC1L,,,,,,,,,,,,
TOMM34,,,,,,,,,,,,
STK4,,,,,,,,,,,,
SDC4,,,,,,,,,,,,
SYS1,,,,,,,,,,,,
DBNDD2,,,,,,,,,,,,
PIGT,,,,,,,,,,,,
DNTTIP1,0.07046321249226015,0.3259879577204504,0.1982255851063553,,,,,,,,,
UBE2C,0.389271410285651,0.53054924411427,0.4599103271999605,,,,,,,0.19579680492128115,0.4895047447806516,0.3426507748509664
ACOT8,0.16518346445632423,0.4367132211166006,0.30094834278646243,,,,,,,,,
CTSA,,,,,,,,,,,,
PLTP,,,,,,,,,,,,
PCIF1,,,,,,,,,,,,
ZNF335,,,,,,,,,,,,
SLC12A5,,,,,,,,,,,,
NCOA5,,,,,,,,,,,,
SLC35C2,0.15012651724556794,0.39473339044116257,0.27242995384336527,,,,,,,,,
ELMO2,,,,,,,,,,,,
SLC13A3,,,,,,,,,,,,
TP53RK,,,,,,,,,,,,
EYA2,,,,-0.9930623496533993,-0.21696061058870497,-0.6050114801210522,,,,,,
ZMYND8,,,,,,,,,,,,
NCOA3,,,,,,,,,,,,
SULF2,,,,,,,,,,,,
ARFGEF2,,,,,,,,,,,,
CSE1L,,,,,,,,,,,,
STAU1,,,,,,,,,,,,
DDX27,0.17677152579770208,0.45349624786848897,0.3151338868330955,,,,,,,,,
ZNFX1,,,,,,,,,,,,
B4GALT5,,,,,,,,,,,,
SLC9A8,,,,,,,,,,,,
RNF114,0.16507328306403232,0.4097675447949268,0.28742041392947953,,,,,,,,,
UBE2V1,,,,,,,,,,,,
PEDS1,,,,,,,,,,,,
CEBPB,0.10558493039857086,0.31419474646407997,0.20988983843132542,,,,,,,,,
PTPN1,0.08231289340588586,0.3835925051936379,0.2329526992997619,,,,,,,,,
PARD6B,,,,,,,,,,,,
BCAS4,,,,,,,,,,,,
ADNP,,,,,,,,,,,,
DPM1,,,,,,,,,,,,
MOCS3,,,,,,,,,,,,
KCNG1,,,,,,,,,,,,
ATP9A,,,,,,,,,,,,
ZFP64,,,,,,,,,,,,
TSHZ2,,,,,,,,,,,,
ZNF217,,,,,,,,,,,,
PFDN4,,,,,,,,,,,,
FAM210B,,,,,,,,,,,,
AURKA,0.30533496265930865,0.4412991350641011,0.3733170488617049,,,,,,,,,
CSTF1,,,,,,,,,,,,
RTF2,0.16158785662742603,0.459822407892933,0.3107051322601795,,,,0.16956561523237987,0.6418559060926969,0.4057107606625384,,,
TFAP2C,-0.2780983926647686,-0.08996131323662239,-0.1840298529506955,,,,,,,,,
BMP7,0.13072690465800224,0.34114995399327724,0.23593842932563974,,,,,,,,,
RAE1,0.12393591009919726,0.35262761402619297,0.2382817620626951,,,,,,,,,
RBM38,,,,,,,,,,,,
HMGB1P1,,,,,,,,,,,,
PMEPA1,,,,,,,,,,,,
RAB22A,0.09100595096306412,0.329035049787568,0.21002050037531605,,,,,,,,,
VAPB,,,,,,,,,,,,
STX16,,,,,,,,,,,,
GNAS,,,,,,,,,,,,
NELFCD,,,,,,,,,,,,
ATP5F1E,,,,,,,,,,,,
PRELID3B,,,,,,,,,,,,
PHACTR3,,,,,,,,,,,,
FAM217B,,,,,,,,,,,,
CDH4,-0.3424657020940961,-0.1987199962844811,-0.2705928491892886,-0.9890495950500471,-0.5336667801452346,-0.7613581875976408,-0.31359867163294247,-0.11282993524442458,-0.21321430343868353,-0.4038279394862275,-0.20399100923954142,-0.30390947436288446
TAF4,,,,,,,,,,,,
LSM14B,0.0790697753596465,0.351688486994429,0.21537913117703775,,,,,,,,,
PSMA7,0.15065729010899478,0.5440964160662869,0.3473768530876408,,,,,,,,,
SS18L1,,,,,,,,,,,,
MTG2,,,,,,,,,,,,
OSBPL2,,,,,,,,,,,,
ADRM1,0.21715972497216485,0.5132875290740087,0.36522362702308675,,,,,,,,,
LAMA5,,,,-0.9934766889462082,-0.47166305974269435,-0.7325698743444513,,,,,,
RPS21,0.3485166448326017,0.8592524416617076,0.6038845432471547,,,,,,,,,
SLCO4A1,,,,,,,,,,,,
MRGBP,0.1866222533277504,0.4422036842663121,0.3144129687970313,,,,,,,,,
OGFR,0.12603955655452492,0.4219512510392964,0.2739954037969107,,,,,,,,,
TCFL5,,,,,,,,,,,,
DIDO1,,,,,,,,,,,,
GID8,,,,,,,,,,,,
YTHDF1,,,,,,,,,,,,
ARFGAP1,,,,,,,,,,,,
KCNQ2,,,,,,,,,,,,
EEF1A2,,,,,,,,,,,,
PPDPF,0.14423557244202484,0.48688075731134745,0.31555816487668614,,,,,,,,,
GMEB2,,,,,,,,,,,,
STMN3,,,,,,,,,,,,
RTEL1,,,,,,,,,,,,
ARFRP1,,,,,,,,,,,,
ZGPAT,,,,,,,,,,,,
SLC2A4RG,,,,,,,,,,,,
ZBTB46,,,,,,,,,,,,
TPD52L2,,,,,,,,,,,,
DNAJC5,,,,,,,,,,,,
ZNF512B,,,,,,,,,,,,
PRPF6,0.2807042316916594,0.5470717227355435,0.4138879772136015,,,,,,,,,
TCEA2,,,,,,,,,,,,
RGS19,0.14052182920121695,0.36213865106125337,0.25133024013123517,,,,,,,,,
PCMTD2,,,,,,,,,,,,
HSPA13,,,,,,,,,,,,
NRIP1,,,,,,,,,,,,
USP25,,,,,,,,,,,,
CXADR,,,,,,,,,,,,
BTG3,,,,,,,,,,,,
C21orf91,,,,,,,,,,,,
NCAM2,-0.274583692418058,-0.09963032431750257,-0.1871070083677803,-0.9896332331460403,-0.5480736136670131,-0.7688534234065267,,,,,,
MRPL39,0.11175674362923359,0.3949008817335696,0.25332881268140156,,,,,,,,,
ATP5PF,0.16558356034867988,0.5068948223087469,0.3362391913287134,,,,,,,,,
GABPA,,,,,,,,,,,,
APP,,,,,,,,,,,,
ADAMTS1,,,,,,,,,,,,
N6AMT1,,,,,,,,,,,,
LTN1,,,,,,,,,,,,
RWDD2B,,,,,,,,,,,,
USP16,0.11241148585553289,0.4584443826133599,0.2854279342344464,,,,,,,,,
CCT8,0.22958413884200024,0.5151414575700993,0.3723627982060498,,,,,,,,,
BACH1,-0.3482659606564749,-0.1123786164027129,-0.2303222885295939,,,,,,,,,
TIAM1,-0.40519416740355646,-0.22443007300322856,-0.3148121202033925,-0.991848599439317,-0.5735629596519333,-0.7827057795456251,-0.5249731549425641,-0.1839899450280824,-0.3544815499853233,-0.6124992867609387,-0.2515541770521558,-0.4320267319065473
SOD1,0.37809626362825854,0.6023116566354444,0.49020396013185147,,,,,,,,,
SCAF4,,,,,,,,,,,,
HUNK,,,,-0.9915339432345155,-0.36836964528508287,-0.6799517942597992,,,,,,
MIS18A,0.1936500898248718,0.4715366956875563,0.332593392756214,,,,,,,,,
URB1,,,,,,,,,,,,
TCP10L,,,,,,,,,,,,
CFAP298,0.23236054469531073,0.4920335220765924,0.36219703338595155,,,,,,,,,
SYNJ1,,,,,,,,,,,,
PAXBP1,,,,,,,,,,,,
IFNAR2,,,,,,,,,,,,
IL10RB,,,,,,,,,,,,
IFNAR1,,,,,,,,,,,,
IFNGR2,,,,,,,,,,,,
TMEM50B,,,,,,,,,,,,
GART,,,,,,,,,,,,
SON,0.2949597694337948,0.48549729554115106,0.3902285324874729,,,,,,,,,
DONSON,,,,,,,,,,,,
CRYZL1,,,,,,,,,,,,
ITSN1,,,,,,,,,,,,
ATP5PO,0.15372306015049042,0.4426979733383247,0.29821051674440757,,,,,,,,,
MRPS6,0.10459691525469031,0.3738638480343763,0.2392303816445333,,,,,,,,,
SLC5A3,,,,,,,,,,,,
SMIM11,,,,,,,,,,,,
RCAN1,,,,,,,,,,,,
RUNX1,-0.29034461711797555,-0.10623671324016035,-0.19829066517906796,-0.9958930172150451,-0.6353883737414978,-0.8156406954782714,,,,,,
SETD4,,,,,,,,,,,,
CBR1,,,,,,,,,,,,
CBR3,,,,,,,,,,,,
DOP1B,,,,,,,,,,,,
MORC3,,,,,,,,,,,,
CHAF1B,,,,,,,,,,,,
SIM2,,,,,,,,,,,,
HLCS,,,,,,,,,,,,
PIGP,,,,,,,,,,,,
TTC3,,,,,,,,,,,,
VPS26C,,,,,,,,,,,,
DYRK1A,,,,,,,,,,,,
ETS2,,,,,,,,,,,,
PSMG1,0.16755047674963844,0.47961521313698086,0.32358284494330963,,,,,,,,,
BRWD1,,,,,,,,,,,,
HMGN1,,,,,,,,,,,,
GET1,,,,,,,,,,,,
DSCAM,-0.3030768058193487,-0.19500132217062302,-0.24903906399498588,-0.9925693097601318,-0.5833433661833074,-0.7879563379717196,-0.2806387510622862,-0.1411211300929779,-0.21087994057763204,-0.4277022282425021,-0.22638856598679838,-0.32704539711465025
BACE2,,,,,,,,,,,,
PRDM15,,,,-0.9814973923842774,-0.19495798804046455,-0.588227690212371,,,,,,
ZBTB21,,,,,,,,,,,,
PDE9A,,,,,,,,,,,,
WDR4,,,,,,,,,,,,
NDUFV3,,,,,,,,,,,,
PKNOX1,,,,,,,,,,,,
CBS,0.16969976435011502,0.48070421348434855,0.3252019889172318,,,,,,,,,
U2AF1,0.3728374182328688,0.6031717902241864,0.48800460422852765,,,,,,,0.18227347747896178,0.4662698909785108,0.3242716842287363
RRP1B,0.2753401723720119,0.5057191782625191,0.3905296753172655,,,,,,,,,
PDXK,,,,,,,,,,,,
CSTB,,,,,,,,,,,,
RRP1,0.12312763346156727,0.37837706941037585,0.2507523514359716,,,,,,,,,
AGPAT3,,,,,,,,,,,,
TRAPPC10,,,,,,,,,,,,
PWP2,0.10189336499708684,0.34737957434890676,0.2246364696729968,,,,,,,,,
GATD3,,,,,,,,,,,,
PFKL,,,,,,,,,,,,
CFAP410,,,,,,,,,,,,
UBE2G2,,,,,,,,,,,,
SUMO3,0.34486579936206707,0.5816426413267748,0.46325422034442093,,,,,,,,,
PTTG1IP,0.13168578862614552,0.36657941773099373,0.2491326031785696,,,,,,,,,
SLX9,0.13454170722710992,0.4346712543014602,0.2846064807642851,,,,,,,,,
ADARB1,,,,,,,,,,,,
POFUT2,,,,,,,,,,,,
COL18A1,,,,,,,,,,,,
SLC19A1,,,,,,,,,,,,
PCBP3,,,,,,,,,,,,
COL6A1,,,,,,,,,,,,
SPATC1L,,,,,,,,,,,,
LSS,,,,,,,,,,,,
MCM3AP,,,,,,,,,,,,
YBEY,,,,,,,,,,,,
C21orf58,,,,,,,,,,,,
PCNT,,,,-0.9912798190808062,-0.4007612845426632,-0.6960205518117347,,,,,,
DIP2A,,,,,,,,,,,,
PRMT2,,,,,,,,,,,,
POTEH,-0.20712994433355178,-0.13039493631140972,-0.16876244032248075,-0.9828727940727503,-0.397121964331542,-0.6899973792021461,-0.3393002291320413,-0.14346028081505216,-0.2413802549735467,-0.41893939833899557,-0.19622485872581447,-0.307582128532405
IL17RA,,,,,,,,,,,,
HDHD5,,,,,,,,,,,,
CECR2,,,,-0.9872089820141962,-0.31815255033393386,-0.652680766174065,,,,,,
ATP6V1E1,0.1368645851014446,0.450466052264509,0.2936653186829768,,,,,,,,,
BCL2L13,,,,,,,,,,,,
BID,,,,,,,,,,,,
MICAL3,,,,,,,,,,,,
PEX26,,,,-0.9913497500531072,-0.474456875998399,-0.7329033130257531,,,,,,
USP18,,,,,,,,,,,,
DGCR2,,,,,,,,,,,,
ESS2,,,,,,,,,,,,
SLC25A1,0.18105430990416668,0.474541119055845,0.32779771448000583,,,,,,,,,
CLTCL1,,,,,,,,,,,,
HIRA,,,,,,,,,,,,
C22orf39,,,,,,,,,,,,
MRPL40,0.20525930670156378,0.42120791288932374,0.3132336097954438,,,,,,,,,
UFD1,0.2145868456932665,0.5210667653479463,0.36782680552060637,,,,,,,,,
CDC45,,,,,,,,,,,,
GP1BB,,,,,,,,,,,,
TBX1,0.07955046583380208,0.3420006263580808,0.21077554609594146,-0.9964424828803287,-0.7072134746183708,-0.8518279787493497,,,,,,
GNB1L,,,,,,,,,,,,
RTL10,,,,,,,,,,,,
TXNRD2,,,,,,,,,,,,
COMT,,,,,,,,,,,,
TANGO2,,,,,,,,,,,,
DGCR8,,,,,,,,,,,,
TRMT2A,,,,,,,,,,,,
RANBP1,0.2818438416533014,0.5072300824715225,0.39453696206241196,,,,,,,,,
ZDHHC8,,,,-0.9730739132444025,-0.22084930944322487,-0.5969616113438136,,,,,,
DGCR6L,0.09265605321456986,0.38492997850666283,0.23879301586061635,,,,,,,,,
ZNF74,,,,,,,,,,,,
SCARF2,,,,,,,,,,,,
KLHL22,,,,,,,,,,,,
MED15,,,,,,,,,,,,
PI4KA,,,,,,,,,,,,
SNAP29,,,,,,,,,,,,
CRKL,0.1080652496912052,0.3284111286308229,0.21823818916101406,,,,,,,,,
LZTR1,,,,,,,,,,,,
THAP7,,,,,,,,,,,,
HIC2,0.14312157238645634,0.34510578661642294,0.24411367950143964,,,,,,,,,
UBE2L3,0.2617069145605804,0.5893007339601487,0.42550382426036454,,,,,,,,,
YDJC,0.20444790893254505,0.4464830115550737,0.3254654602438094,,,,0.10814086928341056,0.5267421221411707,0.31744149571229063,,,
SDF2L1,0.20439139919477692,0.4823943102289992,0.3433928547118881,,,,,,,,,
PPIL2,,,,,,,,,,,,
YPEL1,,,,,,,,,,,,
MAPK1,,,,,,,,,,,,
PPM1F,0.09714629650883247,0.3120755093519489,0.2046109029303907,,,,,,,,,
TOP3B,,,,,,,,,,,,
ZNF280B,,,,,,,,,,,,
PRAME,0.09929276508275389,0.32265308655955993,0.2109729258211569,,,,,,,,,
GNAZ,,,,,,,,,,,,
BCR,,,,,,,,,,,,
ZNF70,,,,,,,,,,,,
CHCHD10,0.3542713563978794,0.5649187419990511,0.4595950491984653,,,,,,,,,
SMARCB1,0.14465522203490921,0.42315509034797333,0.2839051561914413,,,,,,,,,
DERL3,,,,,,,,,,,,
SLC2A11,,,,,,,,,,,,
MIF,0.21736320039586132,0.4693096060131767,0.34333640320451897,,,,,,,,,
DDT,0.2780357181584707,0.5134605189340119,0.3957481185462413,,,,,,,,,
CABIN1,,,,,,,,,,,,
SPECC1L,,,,,,,,,,,,
GUCD1,,,,,,,,,,,,
SNRPD3,0.3518341271909815,0.5758093268371117,0.4638217270140466,,,,,,,,,
SGSM1,,,,,,,,,,,,
KIAA1671,,,,,,,,,,,,
GRK3,,,,,,,,,,,,
ASPHD2,,,,,,,,,,,,
HPS4,,,,,,,,,,,,
SRRD,0.08267645365447261,0.3344931106272703,0.20858478214087145,,,,,,,,,
TFIP11,,,,,,,,,,,,
TPST2,,,,,,,,,,,,
PITPNB,,,,,,,,,,,,
TTC28,,,,-0.9809755658590275,-0.32535641893485623,-0.6531659923969418,,,,,,
CHEK2,,,,,,,,,,,,
HSCB,,,,,,,,,,,,
CCDC117,,,,,,,,,,,,
XBP1,0.1756353817239475,0.3507321609984893,0.2631837713612184,,,,,,,,,
ZNRF3,,,,,,,,,,,,
KREMEN1,,,,,,,,,,,,
EMID1,,,,,,,,,,,,
RHBDD3,,,,,,,,,,,,
EWSR1,,,,,,,,,,,,
AP1B1,,,,,,,,,,,,
THOC5,,,,,,,,,,,,
NIPSNAP1,,,,,,,,,,,,
NF2,,,,,,,,,,,,
ZMAT5,0.16531557828499358,0.41677633153488414,0.29104595490993884,,,,,,,,,
UQCR10,,,,,,,,,,,,
ASCC2,0.09015536653190954,0.37775130881776736,0.23395333767483845,,,,,,,,,
MTMR3,,,,,,,,,,,,
TBC1D10A,,,,,,,,,,,,
SF3A1,,,,,,,,,,,,
RNF215,,,,,,,,,,,,
SEC14L2,,,,,,,,,,,,
MTFP1,0.22161757446681804,0.4857043954874541,0.35366098497713605,,,,,,,,,
PES1,0.16114549941947134,0.39669585573503713,0.27892067757725425,,,,,,,,,
SLC35E4,,,,,,,,,,,,
DUSP18,,,,,,,,,,,,
OSBP2,,,,,,,,,,,,
MORC2,0.05297982179823624,0.29205224192401086,0.17251603186112355,,,,,,,,,
TUG1,,,,,,,,,,,,
SMTN,,,,,,,,,,,,
SELENOM,,,,,,,,,,,,
RNF185,,,,,,,,,,,,
LIMK2,,,,,,,,,,,,
PATZ1,0.07315396707833322,0.287768923885654,0.1804614454819936,,,,,,,,,
DRG1,0.13767629198610964,0.4702045750483853,0.3039404335172475,,,,,,,,,
EIF4ENIF1,,,,,,,,,,,,
SFI1,,,,,,,,,,,,
PISD,,,,,,,,,,,,
PRR14L,,,,,,,,,,,,
DEPDC5,,,,,,,,,,,,
YWHAH,0.1038665514335412,0.36827778375876935,0.2360721675961553,,,,,,,,,
RTCB,0.3113565307648713,0.6093834965887222,0.46037001367679675,,,,0.20903669611717327,0.6695298777103595,0.4392832869137664,0.12875284954113295,0.5111521968302447,0.31995252318568884
FBXO7,0.23176023120644468,0.4988051685091224,0.3652826998577835,,,,,,,,,
SYN3,-0.3392199312991421,-0.15927251307413084,-0.24924622218663645,-0.9869007901267982,-0.49982171147811283,-0.7433612508024555,,,,,,
TIMP3,,,,,,,,,,,,
LARGE1,-0.31526774056864176,-0.08310021608388111,-0.19918397832626145,,,,-0.5565989483670107,-0.15394287205573765,-0.3552709102113742,,,
HMGXB4,0.147456576927357,0.4582487037850901,0.30285264035622356,,,,,,,,,
TOM1,,,,,,,,,,,,
HMOX1,,,,,,,,,,,,
MCM5,-0.29944318456378843,-0.022554450738687715,-0.16099881765123808,,,,,,,,,
RBFOX2,,,,,,,,,,,,
APOL2,,,,,,,,,,,,
MYH9,0.07485013330837821,0.3199403212398261,0.19739522727410214,,,,,,,,,
TXN2,0.15261468395120534,0.4181184777112437,0.2853665808312245,,,,,,,,,
FOXRED2,,,,,,,,,,,,
EIF3D,0.2572749937768118,0.5094207179611987,0.3833478558690052,,,,,,,,,
IFT27,0.1254383074418888,0.3724424266965943,0.24894036706924155,,,,0.06169563939356124,0.5334159292423717,0.2975557843179665,,,
TST,0.16787543485214915,0.4515336853668493,0.3097045601094992,,,,0.09791865269529429,0.4972315306831464,0.29757509168922036,,,
MPST,0.17185207188444887,0.4651163666665161,0.3184842192754825,,,,,,,,,
KCTD17,0.07775457385767683,0.33051840107400804,0.20413648746584243,,,,,,,,,
CDC42EP1,0.20670656629796597,0.44676670850566863,0.3267366374018173,,,,,,,,,
GGA1,0.075583403014292,0.3237824022196574,0.1996829026169747,,,,,,,,,
SH3BP1,,,,,,,,,,,,
PDXP,0.14054847127028103,0.4059529437024942,0.2732507074863876,,,,,,,,,
NOL12,0.24123645045225123,0.4708213068023635,0.35602887862730737,,,,,,,,,
TRIOBP,,,,,,,,,,,,
GCAT,,,,,,,,,,,,
ANKRD54,0.1043583868209038,0.3195559542443947,0.21195717053264926,,,,,,,,,
EIF3L,,,,,,,,,,,,
MICALL1,,,,,,,,,,,,
POLR2F,0.10496870772149179,0.47868704209847185,0.2918278749099818,,,,,,,,,
PICK1,,,,,,,,,,,,
PLA2G6,,,,,,,,,,,,
TMEM184B,,,,,,,,,,,,
CSNK1E,0.3346944250974916,0.6017867579853415,0.46824059154141656,,,,,,,,,
KDELR3,0.10713191255348331,0.34988561679961655,0.22850876467654993,,,,,,,,,
DDX17,0.08742780570637752,0.34468527953871,0.21605654262254376,,,,,,,,,
DMC1,,,,,,,,,,,,
FAM227A,,,,,,,,,,,,
CBY1,,,,,,,,,,,,
TOMM22,,,,,,,,,,,,
JOSD1,,,,,,,,,,,,
GTPBP1,,,,,,,,,,,,
SUN2,,,,,,,,,,,,
CBX6,,,,,,,-0.9862243772042872,-0.43293132815057445,-0.7095778526774308,,,
APOBEC3C,-0.3305364784148409,-0.09055284778255224,-0.21054466309869657,,,,-0.608317054766021,-0.10890307068271513,-0.3586100627243681,,,
RPL3,0.3102296881375855,0.761770337105147,0.5360000126213662,,,,,,,,,
SYNGR1,,,,,,,,,,,,
TAB1,,,,,,,,,,,,
MIEF1,0.13069591711771653,0.4030365654230798,0.26686624127039815,,,,,,,,,
ATF4,,,,,,,,,,,,
RPS19BP1,0.22690914496043904,0.44790553392679994,0.3374073394436195,,,,,,,,,
TNRC6B,,,,,,,,,,,,
ADSL,0.21710714615392532,0.43073727445140186,0.3239222103026636,,,,,,,,,
SGSM3,,,,,,,,,,,,
MRTFA,,,,,,,,,,,,
SLC25A17,,,,,,,,,,,,
ST13,,,,,,,,,,,,
XPNPEP3,,,,,,,,,,,,
RBX1,,,,,,,,,,,,
EP300,0.09225462843725636,0.3575602421617584,0.22490743529950738,,,,,,,,,
L3MBTL2,,,,,,,,,,,,
RANGAP1,0.17208914655193475,0.4290874746785326,0.30058831061523367,,,,,,,,,
ZC3H7B,0.13877508856221238,0.4008038215217154,0.2697894550419639,,,,,,,,,
TOB2,0.09729843788295768,0.34189853276800447,0.21959848532548107,,,,,,,,,
ACO2,,,,,,,,,,,,
PHF5A,,,,,,,,,,,,
POLR3H,0.1206024672399634,0.43307452132807256,0.27683849428401797,,,,,,,,,
PMM1,,,,,,,,,,,,
DESI1,,,,,,,,,,,,
XRCC6,0.2958082768534972,0.5579530199061142,0.4268806483798057,,,,,,,,,
SNU13,0.2062878840315431,0.5462162156458114,0.3762520498386772,,,,,,,,,
CCDC134,,,,,,,,,,,,
SREBF2,,,,,,,,,,,,
CENPM,0.13935813136140152,0.4503984515756059,0.2948782914685037,,,,,,,,,
WBP2NL,-0.25115988618909524,-0.041690513310162616,-0.14642519974962892,-0.9890200285506413,-0.5549988083990645,-0.7720094184748529,,,,,,
NAGA,,,,,,,,,,,,
SMDT1,,,,,,,,,,,,
NDUFA6,0.22505999879461994,0.4939261084188986,0.35949305360675926,,,,,,,,,
TCF20,,,,,,,,,,,,
RRP7A,0.1918638868590319,0.49401871637311645,0.34294130161607417,,,,,,,,,
POLDIP3,,,,,,,,,,,,
CYB5R3,0.14597228582084862,0.4998098125184013,0.32289104916962497,,,,,,,,,
ARFGAP3,,,,,,,,,,,,
PACSIN2,,,,,,,,,,,,
MCAT,0.08875850117804908,0.3467644470497006,0.21776147411387484,,,,,,,,,
TSPO,0.21027111413857072,0.510426991290256,0.36034905271441336,,,,,,,,,
TTLL12,0.1982745712229478,0.4630791671969885,0.33067686920996814,,,,,,,,,
PNPLA3,,,,,,,,,,,,
SAMM50,0.2689794560756375,0.538882075753292,0.40393076591446475,,,,,,,,,
PARVB,,,,-0.9778998688298561,-0.2424339517125284,-0.6101669102711923,,,,,,
RTL6,,,,-0.9774813221554258,-0.27637319160398643,-0.6269272568797062,,,,,,
PRR5,,,,,,,,,,,,
ARHGAP8,,,,,,,,,,,,
PHF21B,,,,,,,,,,,,
NUP50,,,,,,,,,,,,
KIAA0930,,,,,,,,,,,,
FAM118A,,,,,,,,,,,,
RIBC2,-0.3222740653706229,-0.10990118856327574,-0.21608762696694933,,,,,,,,,
FBLN1,,,,,,,,,,,,
ATXN10,,,,-0.9799599711481646,-0.2258224197301262,-0.6028911954391454,,,,,,
PPARA,,,,-0.9861249381793123,-0.385259569783331,-0.6856922539813217,,,,,,
CDPF1,0.07620024798311183,0.29193422241925526,0.18406723520118354,,,,,,,,,
TTC38,,,,,,,,,,,,
GTSE1,0.3830081720816419,0.5461712604924978,0.4645897162870698,,,,,,,,,
TRMU,0.0987693723351379,0.34530613964933876,0.22203775599223832,,,,,,,,,
CELSR1,,,,-0.9926090831691377,-0.41942605348309886,-0.7060175683261183,,,,,,
GRAMD4,,,,,,,,,,,,
CERK,,,,,,,,,,,,
TBC1D22A,,,,,,,,,,,,
BRD1,,,,,,,,,,,,
ZBED4,,,,,,,,,,,,
ALG12,0.05932333591306515,0.2916733789039583,0.17549835740851172,,,,,,,,,
CRELD2,0.0595541406395794,0.3374552663870225,0.19850470351330096,,,,,,,,,
PIM3,0.14686492827126274,0.37058173520409504,0.2587233317376789,,,,,,,,,
TRABD,0.1542031143326813,0.3749756053430542,0.26458935983786774,,,,,,,,,
SELENOO,,,,,,,,,,,,
TUBGCP6,,,,-0.9888218528505538,-0.45868020640192625,-0.72375102962624,,,,,,
MAPK12,,,,,,,,,,,,
PLXNB2,,,,,,,,,,,,
PPP6R2,,,,,,,,,,,,
SBF1,,,,,,,,,,,,
LMF2,,,,,,,,,,,,
NCAPH2,,,,,,,,,,,,
SCO2,0.1811995493080761,0.41815274727422486,0.29967614829115047,,,,,,,,,
TYMP,,,,,,,,,,,,
CHKB,,,,,,,,,,,,
MAPK8IP2,,,,,,,,,,,,
SHANK3,,,,-0.9573001367819587,-0.2326177809412886,-0.5949589588616236,,,,,,
RABL2B,,,,,,,,,,,,
PLCXD1,,,,,,,,,,,,
GTPBP6,0.21088155644129392,0.44837377559322233,0.3296276660172581,,,,,,,,,
PPP2R3B,,,,,,,,,,,,
SLC25A6,0.2664261497728969,0.5294005274816479,0.3979133386272724,,,,0.1605821855483094,0.63205727259763,0.3963197290729697,,,
ASMTL,,,,,,,,,,,,
AKAP17A,0.10475822090414931,0.3501315402569585,0.2274448805805539,,,,,,,,,
DHRSX,,,,,,,,,,,,
CD99,,,,,,,,,,,,
GYG2,,,,,,,,,,,,
PRKX,,,,,,,,,,,,
PUDP,,,,,,,,,,,,
STS,-0.32889305725867235,-0.18628533761238478,-0.25758919743552855,-0.9910174241033193,-0.5524388930374261,-0.7717281585703727,-0.2890463092714124,-0.07920157060043907,-0.18412393993592574,-0.4361811269735424,-0.15723495300897036,-0.2967080399912564
PNPLA4,,,,,,,,,,,,
TBL1X,,,,,,,,,,,,
SHROOM2,-0.3072480317310605,-0.17870606300279293,-0.2429770473669267,-0.9895515128717475,-0.4655093468485414,-0.7275304298601444,-0.36153792329346,-0.1462746675575302,-0.25390629542549514,-0.37326987602654804,-0.14412216926592422,-0.25869602264623615
MID1,,,,,,,,,,,,
HCCS,0.1985807840109319,0.4693152018483357,0.3339479929296338,,,,,,,,,
MSL3,,,,,,,,,,,,
FRMPD4,-0.24363294040392236,-0.08036807309229829,-0.16200050674811034,-0.9936023835367888,-0.5600122727442927,-0.7768073281405408,,,,,,
PRPS2,-0.47081777514302703,-0.18732506261422843,-0.32907141887862773,,,,-0.6582536233638776,-0.15932996180328074,-0.40879179258357917,,,
TMSB4X,,,,,,,,,,,,
RAB9A,,,,,,,,,,,,
TRAPPC2,,,,,,,,,,,,
OFD1,0.09780529237067463,0.35711322688848696,0.2274592596295808,,,,,,,,,
GPM6B,-0.3672133191971036,-0.10300707960718788,-0.23511019940214573,-0.9880983341146823,-0.32206741832147934,-0.6550828762180808,,,,,,
GEMIN8,,,,,,,,,,,,
FANCB,,,,,,,,,,,,
MOSPD2,,,,,,,,,,,,
PIGA,,,,,,,,,,,,
PIR,,,,,,,,,,,,
CA5B,,,,-0.9909226614624778,-0.4288563533765935,-0.7098895074195356,,,,,,
ZRSR2,,,,,,,,,,,,
AP1S2,,,,,,,,,,,,
CTPS2,,,,,,,,,,,,
SYAP1,0.25120427095351433,0.47281157116246014,0.36200792105798724,,,,,,,,,
TXLNG,,,,,,,,,,,,
RBBP7,,,,,,,,,,,,
NHS,-0.22270931293309265,-0.0585335715159595,-0.14062144222452608,,,,,,,,,
SCML1,,,,,,,,,,,,
SCML2,,,,,,,,,,,,
CDKL5,,,,-0.9889950865466914,-0.5148680964723158,-0.7519315915095036,,,,,,
PHKA2,,,,,,,,,,,,
PDHA1,0.3079039491494325,0.5142449623089862,0.4110744557292093,,,,,,,,,
MAP3K15,-0.30828535885637914,-0.09740684997269873,-0.20284610441453893,-0.9932173075547269,-0.4860033710559941,-0.7396103393053606,,,,,,
SH3KBP1,,,,-0.9876103918902471,-0.2998040524170128,-0.64370722215363,,,,,,
BCLAF3,,,,,,,,,,,,
MAP7D2,,,,,,,,,,,,
EIF1AX,,,,,,,,,,,,
RPS6KA3,,,,,,,,,,,,
CNKSR2,-0.3595609872897179,-0.17383351378471493,-0.26669725053721643,-0.9843535893986892,-0.48124568755253927,-0.7327996384756142,-0.271656405119534,-0.11443392623997413,-0.19304516567975405,-0.3162583683683129,-0.17704859397024614,-0.24665348116927951
MBTPS2,,,,,,,,,,,,
SMS,,,,,,,,,,,,
PRDX4,0.23860170682324114,0.462649178825193,0.3506254428242171,,,,,,,,,
ACOT9,,,,,,,,,,,,
SAT1,,,,,,,,,,,,
APOO,,,,,,,,,,,,
KLHL15,,,,,,,,,,,,
EIF2S3,-0.9720575091641351,-0.30136293688568666,-0.6367102230249109,,,,,,,,,
ZFX,,,,,,,,,,,,
PDK3,,,,,,,,,,,,
POLA1,-0.33956349533316027,-0.05905164597020686,-0.19930757065168356,,,,,,,,,
IL1RAPL1,-0.23035076615618438,-0.07914938429880036,-0.15475007522749237,-0.9814509999505273,-0.41315041791447266,-0.6973007089325,,,,,,
GK,,,,,,,,,,,,
TAB3,,,,,,,,,,,,
DMD,-0.24623445551320886,-0.12950056582794092,-0.1878675106705749,-0.9821461703396036,-0.44199110971867756,-0.7120686400291406,-0.32093167429904634,-0.055751166086946795,-0.18834142019299657,,,
TMEM47,0.12360999518762081,0.32654298539535853,0.22507649029148968,,,,,,,,,
PRRG1,,,,,,,,,,,,
DYNLT3,,,,,,,,,,,,
RPGR,,,,,,,,,,,,
TSPAN7,,,,,,,,,,,,
MID1IP1,0.11692274637816116,0.32451179818663284,0.22071727228239701,,,,,,,,,
BCOR,-0.3068885377923651,-0.09220334376651243,-0.19954594077943877,-0.9824883401702634,-0.4838283991177612,-0.7331583696440123,-0.38837926101227405,0.0070616711628141635,-0.19065879492472995,-0.520763808883052,-0.05788569738870835,-0.28932475313588013
ATP6AP2,,,,,,,,,,,,
CXorf38,,,,-0.9797308150193856,-0.25638675496364793,-0.6180587849915168,,,,,,
MED14,,,,,,,,,,,,
USP9X,,,,,,,,,,,,
DDX3X,,,,,,,,,,,,
CASK,,,,,,,,,,,,
FUNDC1,0.09681823602721593,0.3443542625415808,0.22058624928439835,,,,,,,,,
KDM6A,,,,,,,,,,,,
KRBOX4,,,,,,,,,,,,
SLC9A7,,,,,,,,,,,,
RP2,,,,,,,,,,,,
JADE3,,,,,,,,,,,,
NDUFB11,0.21103498747120505,0.5279474561608869,0.369491221816046,,,,,,,,,
RBM10,,,,,,,,,,,,
UBA1,0.16211406233932654,0.4719335782736918,0.31702382030650916,,,,,,,,,
CDK16,,,,,,,,,,,,
USP11,,,,,,,,,,,,
ZNF41,,,,,,,,,,,,
ARAF,,,,,,,,,,,,
TIMP1,,,,,,,,,,,,
ELK1,,,,,,,,,,,,
UXT,0.26194987557953514,0.4896480299953516,0.37579895278744335,,,,,,,,,
ZNF81,,,,,,,,,,,,
FTSJ1,,,,,,,,,,,,
EBP,,,,,,,,,,,,
TBC1D25,,,,,,,,,,,,
RBM3,0.15950903576839254,0.5064081540466813,0.3329585949075369,,,,,,,,,
WDR13,0.09238512335815918,0.35586538101198717,0.22412525218507318,,,,,,,,,
SUV39H1,,,,,,,,,,,,
HDAC6,,,,,,,,,,,,
PCSK1N,,,,,,,,,,,,
PQBP1,0.24431945125121757,0.504779881835973,0.3745496665435953,,,,0.19742680108615343,0.6650400457952281,0.43123342344069077,,,
TIMM17B,0.10366670381338765,0.4055238362750342,0.2545952700442109,,,,,,,,,
SLC35A2,,,,,,,,,,,,
PIM2,,,,,,,,,,,,
OTUD5,,,,,,,,,,,,
GRIPAP1,0.12146497218730602,0.3560375701715113,0.23875127117940864,,,,,,,,,
TFE3,,,,,,,,,,,,
PRAF2,,,,,,,,,,,,
WDR45,,,,,,,,,,,,
GPKOW,,,,,,,,,,,,
PLP2,,,,,,,,,,,,
PRICKLE3,,,,,,,,,,,,
SYP,,,,,,,,,,,,
CCDC22,,,,,,,,,,,,
CLCN5,,,,,,,,,,,,
NUDT11,0.12042938374936916,0.3667233456654368,0.243576364707403,,,,,,,,,
GSPT2,0.08138452248947728,0.2874978037340148,0.18444116311174602,,,,,,,,,
MAGED1,,,,,,,,,,,,
FAM156A,-0.26866407974274525,-0.035670528944323265,-0.15216730434353426,-0.9875387734873403,-0.372220068174679,-0.6798794208310097,,,,,,
TSPYL2,,,,,,,,,,,,
KANTR,,,,,,,,,,,,
KDM5C,,,,,,,,,,,,
IQSEC2,,,,,,,,,,,,
SMC1A,,,,,,,,,,,,
HSD17B10,0.1065949851141937,0.475592891249754,0.2910939381819739,,,,,,,,,
HUWE1,,,,,,,,,,,,
PHF8,,,,,,,,,,,,
FAM120C,,,,,,,,,,,,
WNK3,0.1181820364303724,0.36769190092121473,0.24293696867579356,,,,,,,,,
TSR2,0.16909031836041755,0.431739949692285,0.3004151340263513,,,,,,,,,
FGD1,,,,,,,,,,,,
GNL3L,,,,,,,,,,,,
MAGED2,,,,,,,,,,,,
APEX2,,,,,,,,,,,,
FAM104B,,,,,,,,,,,,
RRAGB,,,,,,,,,,,,
UBQLN2,,,,,,,,,,,,
NBDY,,,,,,,,,,,,
SPIN3,,,,,,,,,,,,
SPIN2B,,,,,,,,,,,,
SPIN4,,,,,,,,,,,,
ARHGEF9,,,,,,,,,,,,
AMER1,,,,,,,,,,,,
MTMR8,,,,,,,,,,,,
ZC4H2,,,,,,,,,,,,
ZC3H12B,-0.23134374290621165,-0.060080005186397445,-0.14571187404630453,-0.9734739482940502,-0.1924215269100398,-0.582947737602045,,,,,,
LAS1L,0.11460181769956654,0.3522473137471763,0.23342456572337145,,,,,,,,,
MSN,,,,,,,,,,,,
AR,,,,,,,,,,,,
OPHN1,-0.3597371813432705,-0.15156443337697562,-0.255650807360123,-0.981270243710169,-0.3190463248655144,-0.6501582842878417,,,,,,
YIPF6,0.23402483793894746,0.5159633293800381,0.37499408365949277,,,,,,,0.1526054655508299,0.5307111886663867,0.3416583271086083
PJA1,,,,,,,,,,,,
NALF2,,,,,,,,,,,,
EDA,-0.3678566750459934,-0.16415551386304542,-0.2660060944545194,,,,-0.49336420492987393,-0.10709024631649065,-0.30022722562318227,-0.33416274843082644,-0.07718214139531185,-0.20567244491306913
IGBP1,,,,,,,,,,,,
PDZD11,,,,,,,,,,,,
KIF4A,0.08060392880900595,0.29839735451709737,0.18950064166305167,,,,,,,,,
DLG3,,,,,,,,,,,,
SNX12,,,,,,,,,,,,
MED12,,,,,,,,,,,,
ZMYM3,0.07853605246984936,0.3264750821800872,0.20250556732496827,,,,,,,,,
NONO,0.1799469707419435,0.38530017257343463,0.28262357165768903,,,,,,,,,
TAF1,,,,,,,,,,,,
OGT,,,,,,,,,,,,
NHSL2,,,,-0.9918282851895249,-0.407273444156292,-0.6995508646729085,,,,,,
PIN4,,,,,,,,,,,,
ERCC6L,,,,,,,,,,,,
RPS4X,0.430699547970718,0.6439213002000611,0.5373104240853895,,,,,,,,,
CITED1,0.07460397801116697,0.1892992629562151,0.13195162048369102,,,,,,,,,
HDAC8,,,,,,,,,,,,
PHKA1,,,,,,,,,,,,
CHIC1,,,,,,,,,,,,
SLC16A2,,,,,,,,,,,,
RLIM,,,,,,,,,,,,
ABCB7,,,,,,,,,,,,
UPRT,,,,,,,,,,,,
PBDC1,0.1991229271793614,0.4487589353351423,0.3239409312572518,,,,,,,,,
ATRX,-0.3151172734142674,-0.015175627008512334,-0.16514645021138985,-0.9848140912201694,-0.40600885148409227,-0.6954114713521309,,,,,,
MAGT1,,,,,,,,,,,,
COX7B,0.23600648588263418,0.5457168677428509,0.39086167681274253,,,,,,,,,
ATP7A,,,,-0.9833594455473755,-0.23083112296047772,-0.6070952842539267,,,,,,
PGK1,0.25047169051821055,0.45503140906434897,0.35275154979127976,,,,,,,,,
TAF9B,-0.515619533148594,-0.08493587836233413,-0.3002777057554641,,,,,,,,,
LPAR4,-0.2899656270281266,-0.16178411705973997,-0.2258748720439333,-0.9914324859942529,-0.5053618258516528,-0.7483971559229529,-0.3156513343939655,-0.1173869366564594,-0.21651913552521243,-0.3845842625169988,-0.2195946625224717,-0.30208946251973523
BRWD3,,,,,,,,,,,,
HMGN5,,,,,,,,,,,,
SH3BGRL,,,,,,,,,,,,
RPS6KA6,,,,-0.9876439550258108,-0.503688091678898,-0.7456660233523544,,,,,,
HDX,,,,-0.9826359342529137,-0.31774983732783557,-0.6501928857903747,,,,,,
APOOL,,,,,,,,,,,,
ZNF711,,,,,,,,,,,,
CHM,,,,,,,,,,,,
DACH2,-0.20675897315563685,-0.04105987840550254,-0.1239094257805697,,,,,,,,,
DIAPH2,,,,,,,-0.6714272888571747,-0.14027829901914204,-0.4058527939381584,,,
TSPAN6,0.1839479814414846,0.5053344870975666,0.3446412342695256,,,,,,,,,
SYTL4,,,,,,,,,,,,
CSTF2,,,,,,,,,,,,
TRMT2B,,,,,,,,,,,,
CENPI,,,,-0.9913531296534147,-0.42901056435463253,-0.7101818470040236,-0.44188101132445984,-0.0737983297533082,-0.257839670538884,,,
TIMM8A,,,,,,,,,,,,
RPL36A,0.4271119579030881,0.6698945838063547,0.5485032708547214,,,,,,,,,
GLA,0.10348355838666203,0.32028129892381796,0.21188242865523998,,,,,,,,,
HNRNPH2,0.23782185896222793,0.4625882145126194,0.35020503673742365,,,,0.0949771187130022,0.4988352643513095,0.29690619153215586,,,
ARMCX4,,,,,,,,,,,,
ARMCX3,,,,,,,,,,,,
BEX5,,,,,,,,,,,,
TMSB15A,-0.26030707207101406,-0.030746481437396646,-0.14552677675420536,,,,,,,,,
ARMCX5,,,,,,,,,,,,
BEX1,,,,,,,,,,,,
BEX4,0.19608002553091142,0.395731583444795,0.2959058044878532,,,,,,,,,
TCEAL8,,,,,,,,,,,,
BEX2,,,,,,,,,,,,
TCEAL9,,,,,,,,,,,,
BEX3,0.2149699223964051,0.4484507371240862,0.3317103297602456,,,,,,,,,
TCEAL4,,,,,,,,,,,,
TCEAL3,,,,,,,,,,,,
TCEAL1,0.10053133101681987,0.3559160949835001,0.22822371300015998,,,,,,,,,
MORF4L2,0.27770347170914855,0.5046438141977846,0.39117364295346657,,,,0.10829253520267942,0.4432767477874156,0.2757846414950475,,,
SLC25A53,,,,,,,,,,,,
FAM199X,0.08564390800890058,0.3494365400532066,0.2175402240310536,,,,,,,,,
RADX,,,,-0.9886076451778403,-0.1584241023797135,-0.5735158737787769,,,,,,
RNF128,,,,,,,,,,,,
TBC1D8B,,,,,,,,,,,,
MORC4,,,,,,,,,,,,
RBM41,,,,,,,,,,,,
NUP62CL,,,,,,,,,,,,
PRPS1,0.14961039976744722,0.47437270886659905,0.31199155431702313,,,,,,,,,
TSC22D3,,,,,,,,,,,,
MID2,,,,,,,,,,,,
PSMD10,,,,,,,,,,,,
ATG4A,,,,,,,,,,,,
COL4A6,,,,,,,,,,,,
COL4A5,,,,,,,,,,,,
IRS4,,,,,,,,,,,,
NXT2,,,,,,,,,,,,
ACSL4,,,,,,,,,,,,
TMEM164,,,,,,,,,,,,
AMMECR1,,,,,,,,,,,,
PAK3,,,,,,,,,,,,
ALG13,,,,,,,,,,,,
AMOT,,,,,,,,,,,,
LRCH2,,,,,,,,,,,,
PLS3,,,,,,,,,,,,
KLHL13,,,,-0.9871325731065468,-0.4115927670756769,-0.6993626700911119,,,,,,
WDR44,,,,,,,,,,,,
DOCK11,,,,-0.9722043527240258,-0.279714853536449,-0.6259596031302375,,,,,,
IL13RA1,,,,,,,,,,,,
ZCCHC12,,,,,,,,,,,,
LONRF3,,,,,,,,,,,,
PGRMC1,0.2192306701172875,0.4284051545246904,0.32381791232098894,,,,,,,,,
SLC25A43,,,,,,,,,,,,
SLC25A5,0.26704555779648803,0.478297803852073,0.3726716808242805,,,,,,,,,
UBE2A,,,,,,,,,,,,
STEEP1,,,,,,,,,,,,
NKRF,0.09020415834934117,0.3251787217467268,0.20769144004803397,,,,,,,,,
SEPTIN6,,,,,,,,,,,,
RPL39,0.40297465667237947,0.9832432189073285,0.6931089377898539,,,,,,,,,
UPF3B,,,,,,,,,,,,
RNF113A,0.06473789920771005,0.3014065398141277,0.18307221951091887,,,,,,,,,
NDUFA1,0.22605380668517408,0.510600961976416,0.36832738433079504,,,,,,,,,
NKAP,0.17883424233192594,0.45367375907172103,0.31625400070182347,,,,,,,,,
RHOXF1,,,,,,,,,,,,
ZBTB33,0.07576122155012655,0.2902610359916271,0.18301112877087683,,,,,,,,,
LAMP2,,,,,,,,,,,,
CUL4B,,,,,,,,,,,,
MCTS1,0.10743460461566798,0.4873378924118461,0.29738624851375706,,,,,,,,,
C1GALT1C1,0.07567005608572769,0.3278551779280039,0.2017626170068658,,,,,,,,,
THOC2,0.16642396786629657,0.39314786967397714,0.27978591877013687,,,,,,,,,
XIAP,,,,,,,,,,,,
STAG2,,,,-0.9804181144375054,-0.3952081208717303,-0.6878131176546178,,,,,,
TENM1,,,,,,,,,,,,
SMARCA1,0.06860059206570225,0.31583718891012946,0.19221889048791585,,,,,,,,,
OCRL,,,,,,,,,,,,
ZDHHC9,,,,,,,,,,,,
UTP14A,0.11424898694458348,0.3580702190192925,0.23615960298193797,,,,,,,,,
BCORL1,-0.1385395381365989,0.07857350811411919,-0.02998301501123985,-0.986806267556596,-0.36617519468817394,-0.6764907311223849,,,,,,
ELF4,,,,,,,,,,,,
AIFM1,0.1098611079421241,0.39434239173381785,0.25210174983797096,,,,,,,,,
ZNF280C,,,,,,,,,,,,
SLC25A14,,,,,,,,,,,,
RBMX2,0.2277224630211972,0.48970989877270443,0.3587161808969508,,,,,,,,,
ENOX2,,,,,,,,,,,,
IGSF1,,,,,,,,,,,,
STK26,,,,,,,,,,,,
RAP2C,,,,,,,,,,,,
MBNL3,,,,,,,,,,,,
HS6ST2,,,,,,,,,,,,
GPC4,-0.28684321855004014,-0.07022894400795464,-0.1785360812789974,-0.9878782678286622,-0.39241760733717834,-0.6901479375829203,,,,,,
GPC3,-0.28249702673344596,-0.09915886268733987,-0.1908279447103929,,,,-0.39530780834902934,-0.09505721910362683,-0.2451825137263281,,,
PHF6,0.17663327637551943,0.44366909120982445,0.3101511837926719,,,,,,,,,
HPRT1,0.12104989938750399,0.38449437829726946,0.2527721388423867,,,,,,,,,
PLAC1,-0.26740478125333295,-0.08808161882503507,-0.177743200039184,-0.9886101956276445,-0.3886523782871964,-0.6886312869574205,,,,,,
PABIR2,,,,,,,,,,,,
PABIR3,,,,,,,,,,,,
MOSPD1,0.12259117423989184,0.37419769400508834,0.2483944341224901,,,,,,,,,
SMIM10,,,,,,,,,,,,
RTL8B,,,,,,,,,,,,
RTL8C,,,,,,,,,,,,
RTL8A,,,,,,,,,,,,
ZNF75D,,,,,,,,,,,,
INTS6L,,,,,,,,,,,,
MMGT1,0.11334022280460337,0.3360157508379219,0.22467798682126264,,,,,,,,,
SLC9A6,,,,,,,,,,,,
FHL1,0.1681186046104802,0.4314796693077821,0.29979913695913113,,,,,,,,,
MAP7D3,,,,,,,,,,,,
HTATSF1,0.16157536353421326,0.45233034910650594,0.3069528563203596,,,,,,,,,
RBMX,,,,,,,,,,,,
ZIC3,,,,,,,,,,,,
FGF13,-0.1994141801194921,-0.060046593544130264,-0.12973038683181118,-0.9908171266035292,-0.4892244366956216,-0.7400207816495754,,,,,,
ATP11C,,,,,,,,,,,,
LDOC1,,,,,,,,,,,,
FMR1,,,,,,,,,,,,
AFF2,,,,,,,,,,,,
IDS,,,,,,,,,,,,
EOLA1,,,,,,,,,,,,
TMEM185A,,,,,,,,,,,,
EOLA2,,,,,,,,,,,,
MTM1,,,,,,,,,,,,
MTMR1,,,,,,,,,,,,
CD99L2,,,,,,,,,,,,
HMGB3,0.24687697062301733,0.41778815237612377,0.3323325614995706,,,,,,,,,
VMA21,,,,,,,,,,,,
MAGEA3,,,,,,,,,,,,
CETN2,,,,,,,,,,,,
NSDHL,0.1608461471556619,0.43756120538686155,0.2992036762712617,,,,,,,,,
PNMA6A,,,,,,,,,,,,
ZNF275,,,,,,,,,,,,
HAUS7,0.06952425152049459,0.3378517143593086,0.2036879829399016,,,,,,,,,
CCNQ,0.3532508389458539,0.5739035414726523,0.46357719020925314,,,,0.16069028093072407,0.6116351773029918,0.3861627291168579,,,
DUSP9,,,,,,,,,,,,
SLC6A8,0.13021660355593923,0.3811611367828332,0.25568887016938624,,,,,,,,,
BCAP31,0.3038143525883485,0.5324504888378158,0.4181324207130821,,,,,,,0.14631762850057053,0.606270637536731,0.3762941330186508
ABCD1,,,,,,,,,,,,
IDH3G,0.12073013371874039,0.36570105169465894,0.24321559270669968,,,,,,,,,
SSR4,0.32638942657023595,0.5809401768188717,0.4536648016945538,,,,,,,,,
NAA10,0.141072628584499,0.40458081496734033,0.27282672177591966,,,,,,,,,
HCFC1,0.19447902381968504,0.475924145569196,0.3352015846944405,,,,,,,,,
TMEM187,,,,,,,,,,,,
IRAK1,0.16334736085471235,0.4164041182907258,0.28987573957271906,,,,,,,,,
MECP2,,,,,,,,,,,,
FLNA,0.04875383942529411,0.2584801355665395,0.1536169874959168,,,,,,,,,
EMD,0.23508642349208164,0.5191962040772631,0.37714131378467236,,,,,,,,,
RPL10,0.44388152962656735,0.6110189279883558,0.5274502288074616,,,,,,,0.2927944771521571,0.5692768556963625,0.43103566642425983
DNASE1L1,,,,,,,,,,,,
TAFAZZIN,0.08419181268720786,0.353203384475487,0.21869759858134744,,,,,,,,,
ATP6AP1,0.0952973078897493,0.3486242437168098,0.22196077580327955,,,,,,,,,
GDI1,0.09276818873552632,0.3428437783763497,0.21780598355593803,,,,,,,,,
FAM50A,0.16905098613863254,0.35462770662131604,0.2618393463799743,,,,,,,,,
PLXNA3,,,,,,,,,,,,
LAGE3,0.10949781262872266,0.4260645057033536,0.2677811591660381,,,,,,,,,
UBL4A,0.10340188509389896,0.3615276370205452,0.23246476105722208,,,,,,,,,
SLC10A3,,,,,,,,,,,,
FAM3A,0.09109231594406958,0.34931405084867173,0.22020318339637066,,,,,,,,,
G6PD,,,,,,,,,,,,
IKBKG,,,,,,,,,,,,
DKC1,0.15558018207491062,0.36764126328652974,0.26161072268072016,,,,,,,,,
MPP1,,,,,,,,,,,,
FUNDC2,0.1756576311050731,0.5009491945005543,0.33830341280281373,,,,,,,,,
CMC4,,,,,,,,,,,,
MTCP1,-0.42791877605252726,-0.2038968269567683,-0.3159078015046478,,,,-0.6739396203337655,-0.2065141184692285,-0.440226869401497,-0.5187119152891772,-0.13881327351179587,-0.3287625944004865
BRCC3,,,,,,,,,,,,
VBP1,0.1667512102229577,0.439482394941565,0.30311680258226137,,,,,,,,,
TMLHE,,,,,,,,,,,,
VAMP7,0.13577308258319595,0.4222492423143888,0.27901116244879237,,,,,,,,,
ZFY,-0.28613293465872436,-0.17644322514095195,-0.23128807989983816,-0.9839098494761633,-0.5469042348614571,-0.7654070421688102,-0.27496276569168354,-0.1198080631589479,-0.1973854144253157,-0.44371778593143374,-0.2151695230929182,-0.32944365451217594
PCDH11Y,-0.2644068942989404,-0.13757470484187273,-0.20099079957040655,-0.9920933408074643,-0.5557447495723723,-0.7739190451899183,,,,-0.3989928736229489,-0.1720245844856671,-0.285508729054308
MT-ND1,-0.3325369043690551,-0.07887128291776206,-0.20570409364340858,,,,,,,,,
MT-ND2,,,,,,,,,,,,
MT-CO1,,,,,,,,,,,,
MT-CO2,,,,,,,,,,,,
MT-ATP8,-0.4927269426599263,-0.3008695038529361,-0.3967982232564312,-0.9805422008829652,-0.39596777852347026,-0.6882549897032177,-0.38040100113778835,-0.10142387846064954,-0.24091243979921895,-0.8261517401595282,-0.3892232147195529,-0.6076874774395405
MT-ATP6,-0.5390459227038569,-0.25583432350972163,-0.3974401231067892,,,,-0.5318288600216681,-0.1119013752976173,-0.3218651176596427,-0.7691381201020674,-0.21749286110286795,-0.49331549060246765
MT-CO3,,,,,,,,,,,,
MT-ND3,,,,,,,,,,,,
MT-ND4L,-0.2604957080065663,-0.0658322236230812,-0.16316396581482376,-0.9774851639844472,-0.30287709217627184,-0.6401811280803595,,,,-0.5166155701118054,-0.13601529938927276,-0.32631543475053904
MT-ND4,,,,,,,,,,,,
MT-ND5,-0.21854669941242374,-0.027458280040441492,-0.12300248972643262,-0.9362133880128536,-0.15784870332237255,-0.5470310456676131,,,,,,
MT-ND6,-0.34860877607519936,-0.09530798270337183,-0.2219583793892856,-0.9821435058376744,-0.3841304527791331,-0.6831369793084038,-0.3650671029589081,0.000717350566419011,-0.18217487619624453,-0.4707441708414241,-0.08590489468739157,-0.27832453276440783
MT-CYB,,,,,,,,,,,,
