,MIR3652_All_status,MIR3652_G1_status,MIR3652_S_status,MIR3652_G2M_status
SAMD11,OPTIMAL,OPTIMAL,OPTIMAL,OPTIMAL
NOC2L,INFEASIBLE,OPTIMAL,INFEASIBLE,INFEASIBLE
HES4,OPTIMAL,OPTIMAL,OPTIMAL,OPTIMAL
ISG15,OPTIMAL,OPTIMAL,OPTIMAL,OPTIMAL
AGRN,OPTIMAL,OPTIMAL,OPTIMAL,OPTIMAL
C1orf159,INFEASIBLE,OPTIMAL,INFEASIBLE,INFEASIBLE
SDF4,OPTIMAL,OPTIMAL,OPTIMAL,OPTIMAL
B3GALT6,OPTIMAL,OPTIMAL,OPTIMAL,OPTIMAL
UBE2J2,OPTIMAL,OPTIMAL,OPTIMAL,OPTIMAL
ACAP3,OPTIMAL,OPTIMAL,OPTIMAL,OPTIMAL
PUSL1,OPTIMAL,OPTIMAL,OPTIMAL,OPTIMAL
INTS11,OPTIMAL,OPTIMAL,OPTIMAL,OPTIMAL
DVL1,OPTIMAL,OPTIMAL,OPTIMAL,OPTIMAL
AURKAIP1,OPTIMAL,OPTIMAL,OPTIMAL,OPTIMAL
CCNL2,INFEASIBLE,OPTIMAL,OPTIMAL,OPTIMAL
MRPL20,OPTIMAL,INFEASIBLE,OPTIMAL,OPTIMAL
ATAD3B,OPTIMAL,OPTIMAL,OPTIMAL,OPTIMAL
ATAD3A,OPTIMAL,OPTIMAL,OPTIMAL,OPTIMAL
SSU72,OPTIMAL,OPTIMAL,OPTIMAL,OPTIMAL
MIB2,OPTIMAL,OPTIMAL,OPTIMAL,OPTIMAL
CDK11B,INFEASIBLE,OPTIMAL,INFEASIBLE,INFEASIBLE
SLC35E2B,OPTIMAL,OPTIMAL,OPTIMAL,OPTIMAL
CDK11A,INFEASIBLE,OPTIMAL,OPTIMAL,OPTIMAL
NADK,OPTIMAL,OPTIMAL,OPTIMAL,OPTIMAL
GNB1,INFEASIBLE,OPTIMAL,INFEASIBLE,INFEASIBLE
PRKCZ,OPTIMAL,OPTIMAL,OPTIMAL,OPTIMAL
FAAP20,OPTIMAL,INFEASIBLE,OPTIMAL,OPTIMAL
SKI,INFEASIBLE,OPTIMAL,OPTIMAL,INFEASIBLE
MORN1,OPTIMAL,OPTIMAL,OPTIMAL,OPTIMAL
RER1,OPTIMAL,OPTIMAL,OPTIMAL,OPTIMAL
PEX10,OPTIMAL,OPTIMAL,OPTIMAL,OPTIMAL
PANK4,OPTIMAL,OPTIMAL,OPTIMAL,OPTIMAL
HES5,INFEASIBLE,OPTIMAL,OPTIMAL,OPTIMAL
PRDM16,OPTIMAL,INFEASIBLE,OPTIMAL,OPTIMAL
TPRG1L,OPTIMAL,OPTIMAL,OPTIMAL,OPTIMAL
WRAP73,OPTIMAL,OPTIMAL,OPTIMAL,OPTIMAL
SMIM1,OPTIMAL,OPTIMAL,OPTIMAL,OPTIMAL
LRRC47,INFEASIBLE,OPTIMAL,OPTIMAL,OPTIMAL
CEP104,INFEASIBLE,OPTIMAL,INFEASIBLE,INFEASIBLE
DFFB,INFEASIBLE,OPTIMAL,INFEASIBLE,OPTIMAL
C1orf174,OPTIMAL,INFEASIBLE,OPTIMAL,OPTIMAL
NPHP4,OPTIMAL,OPTIMAL,INFEASIBLE,OPTIMAL
KCNAB2,OPTIMAL,OPTIMAL,OPTIMAL,OPTIMAL
RPL22,OPTIMAL,INFEASIBLE,OPTIMAL,OPTIMAL
ICMT,OPTIMAL,OPTIMAL,INFEASIBLE,OPTIMAL
ACOT7,OPTIMAL,OPTIMAL,OPTIMAL,OPTIMAL
NOL9,INFEASIBLE,OPTIMAL,INFEASIBLE,INFEASIBLE
ZBTB48,OPTIMAL,OPTIMAL,OPTIMAL,OPTIMAL
KLHL21,OPTIMAL,OPTIMAL,OPTIMAL,OPTIMAL
PHF13,OPTIMAL,OPTIMAL,OPTIMAL,OPTIMAL
THAP3,OPTIMAL,OPTIMAL,OPTIMAL,OPTIMAL
DNAJC11,INFEASIBLE,OPTIMAL,INFEASIBLE,INFEASIBLE
CAMTA1,OPTIMAL,OPTIMAL,OPTIMAL,OPTIMAL
VAMP3,OPTIMAL,OPTIMAL,OPTIMAL,OPTIMAL
PER3,INFEASIBLE,OPTIMAL,OPTIMAL,OPTIMAL
PARK7,OPTIMAL,OPTIMAL,OPTIMAL,OPTIMAL
ERRFI1,OPTIMAL,OPTIMAL,OPTIMAL,OPTIMAL
RERE,INFEASIBLE,OPTIMAL,INFEASIBLE,OPTIMAL
ENO1,INFEASIBLE,OPTIMAL,INFEASIBLE,OPTIMAL
GPR157,OPTIMAL,OPTIMAL,OPTIMAL,OPTIMAL
H6PD,OPTIMAL,OPTIMAL,OPTIMAL,OPTIMAL
SPSB1,OPTIMAL,INFEASIBLE,OPTIMAL,OPTIMAL
SLC25A33,INFEASIBLE,OPTIMAL,OPTIMAL,OPTIMAL
TMEM201,OPTIMAL,OPTIMAL,OPTIMAL,OPTIMAL
CLSTN1,INFEASIBLE,OPTIMAL,INFEASIBLE,INFEASIBLE
CTNNBIP1,OPTIMAL,OPTIMAL,OPTIMAL,OPTIMAL
LZIC,INFEASIBLE,OPTIMAL,OPTIMAL,INFEASIBLE
NMNAT1,OPTIMAL,OPTIMAL,OPTIMAL,OPTIMAL
RBP7,OPTIMAL,OPTIMAL,OPTIMAL,OPTIMAL
UBE4B,INFEASIBLE,OPTIMAL,INFEASIBLE,INFEASIBLE
KIF1B,INFEASIBLE,OPTIMAL,INFEASIBLE,INFEASIBLE
PGD,INFEASIBLE,OPTIMAL,INFEASIBLE,OPTIMAL
CENPS,OPTIMAL,OPTIMAL,OPTIMAL,OPTIMAL
DFFA,OPTIMAL,OPTIMAL,OPTIMAL,OPTIMAL
PEX14,INFEASIBLE,OPTIMAL,INFEASIBLE,INFEASIBLE
CASZ1,OPTIMAL,OPTIMAL,INFEASIBLE,OPTIMAL
TARDBP,INFEASIBLE,OPTIMAL,INFEASIBLE,INFEASIBLE
SRM,OPTIMAL,INFEASIBLE,OPTIMAL,OPTIMAL
EXOSC10,INFEASIBLE,OPTIMAL,INFEASIBLE,INFEASIBLE
MTOR,INFEASIBLE,OPTIMAL,INFEASIBLE,INFEASIBLE
UBIAD1,OPTIMAL,OPTIMAL,OPTIMAL,OPTIMAL
FBXO44,OPTIMAL,INFEASIBLE,OPTIMAL,OPTIMAL
MAD2L2,OPTIMAL,OPTIMAL,OPTIMAL,OPTIMAL
AGTRAP,OPTIMAL,OPTIMAL,OPTIMAL,OPTIMAL
MTHFR,OPTIMAL,OPTIMAL,OPTIMAL,OPTIMAL
CLCN6,INFEASIBLE,OPTIMAL,OPTIMAL,INFEASIBLE
KIAA2013,OPTIMAL,OPTIMAL,OPTIMAL,OPTIMAL
PLOD1,INFEASIBLE,OPTIMAL,OPTIMAL,OPTIMAL
MFN2,INFEASIBLE,OPTIMAL,INFEASIBLE,INFEASIBLE
MIIP,OPTIMAL,OPTIMAL,OPTIMAL,OPTIMAL
VPS13D,INFEASIBLE,OPTIMAL,INFEASIBLE,OPTIMAL
DHRS3,OPTIMAL,OPTIMAL,OPTIMAL,OPTIMAL
PDPN,OPTIMAL,INFEASIBLE,OPTIMAL,OPTIMAL
PRDM2,INFEASIBLE,OPTIMAL,INFEASIBLE,INFEASIBLE
KAZN,OPTIMAL,OPTIMAL,INFEASIBLE,OPTIMAL
TMEM51,OPTIMAL,OPTIMAL,OPTIMAL,OPTIMAL
EFHD2,OPTIMAL,OPTIMAL,OPTIMAL,OPTIMAL
CASP9,OPTIMAL,OPTIMAL,OPTIMAL,OPTIMAL
DNAJC16,OPTIMAL,OPTIMAL,OPTIMAL,OPTIMAL
DDI2,INFEASIBLE,OPTIMAL,INFEASIBLE,OPTIMAL
PLEKHM2,INFEASIBLE,OPTIMAL,OPTIMAL,OPTIMAL
UQCRHL,OPTIMAL,OPTIMAL,OPTIMAL,OPTIMAL
SPEN,INFEASIBLE,OPTIMAL,INFEASIBLE,INFEASIBLE
ZBTB17,OPTIMAL,OPTIMAL,OPTIMAL,OPTIMAL
FBXO42,INFEASIBLE,OPTIMAL,INFEASIBLE,OPTIMAL
SZRD1,OPTIMAL,OPTIMAL,OPTIMAL,OPTIMAL
NECAP2,OPTIMAL,OPTIMAL,OPTIMAL,OPTIMAL
NBPF1,INFEASIBLE,INFEASIBLE,INFEASIBLE,OPTIMAL
CROCC,OPTIMAL,OPTIMAL,OPTIMAL,OPTIMAL
ATP13A2,OPTIMAL,OPTIMAL,OPTIMAL,OPTIMAL
SDHB,OPTIMAL,OPTIMAL,OPTIMAL,OPTIMAL
RCC2,INFEASIBLE,OPTIMAL,INFEASIBLE,INFEASIBLE
ALDH4A1,OPTIMAL,OPTIMAL,OPTIMAL,OPTIMAL
UBR4,INFEASIBLE,OPTIMAL,INFEASIBLE,INFEASIBLE
EMC1,INFEASIBLE,OPTIMAL,INFEASIBLE,OPTIMAL
MRTO4,OPTIMAL,OPTIMAL,OPTIMAL,OPTIMAL
AKR7A2,OPTIMAL,OPTIMAL,OPTIMAL,OPTIMAL
SLC66A1,OPTIMAL,OPTIMAL,OPTIMAL,OPTIMAL
CAPZB,OPTIMAL,OPTIMAL,OPTIMAL,OPTIMAL
MICOS10,OPTIMAL,INFEASIBLE,OPTIMAL,OPTIMAL
NBL1,OPTIMAL,OPTIMAL,OPTIMAL,OPTIMAL
TMCO4,OPTIMAL,OPTIMAL,OPTIMAL,OPTIMAL
OTUD3,INFEASIBLE,OPTIMAL,INFEASIBLE,INFEASIBLE
PLA2G5,INFEASIBLE,OPTIMAL,INFEASIBLE,OPTIMAL
CAMK2N1,OPTIMAL,OPTIMAL,OPTIMAL,OPTIMAL
MUL1,INFEASIBLE,OPTIMAL,OPTIMAL,OPTIMAL
PINK1,OPTIMAL,OPTIMAL,OPTIMAL,OPTIMAL
DDOST,OPTIMAL,OPTIMAL,OPTIMAL,OPTIMAL
KIF17,OPTIMAL,OPTIMAL,OPTIMAL,OPTIMAL
HP1BP3,INFEASIBLE,OPTIMAL,INFEASIBLE,INFEASIBLE
EIF4G3,INFEASIBLE,OPTIMAL,INFEASIBLE,INFEASIBLE
ECE1,INFEASIBLE,OPTIMAL,INFEASIBLE,OPTIMAL
USP48,INFEASIBLE,OPTIMAL,INFEASIBLE,INFEASIBLE
HSPG2,OPTIMAL,OPTIMAL,OPTIMAL,OPTIMAL
CDC42,OPTIMAL,INFEASIBLE,OPTIMAL,OPTIMAL
ZBTB40,INFEASIBLE,OPTIMAL,OPTIMAL,INFEASIBLE
EPHA8,OPTIMAL,OPTIMAL,OPTIMAL,OPTIMAL
EPHB2,OPTIMAL,OPTIMAL,OPTIMAL,OPTIMAL
KDM1A,INFEASIBLE,OPTIMAL,INFEASIBLE,INFEASIBLE
LUZP1,INFEASIBLE,OPTIMAL,INFEASIBLE,INFEASIBLE
HNRNPR,INFEASIBLE,OPTIMAL,INFEASIBLE,INFEASIBLE
ASAP3,OPTIMAL,OPTIMAL,OPTIMAL,OPTIMAL
E2F2,OPTIMAL,OPTIMAL,OPTIMAL,OPTIMAL
ID3,OPTIMAL,OPTIMAL,OPTIMAL,OPTIMAL
RPL11,OPTIMAL,INFEASIBLE,OPTIMAL,OPTIMAL
ELOA,INFEASIBLE,OPTIMAL,INFEASIBLE,OPTIMAL
PITHD1,INFEASIBLE,OPTIMAL,OPTIMAL,OPTIMAL
LYPLA2,OPTIMAL,OPTIMAL,OPTIMAL,OPTIMAL
GALE,OPTIMAL,OPTIMAL,OPTIMAL,OPTIMAL
HMGCL,OPTIMAL,OPTIMAL,OPTIMAL,OPTIMAL
FUCA1,OPTIMAL,OPTIMAL,OPTIMAL,OPTIMAL
PNRC2,INFEASIBLE,OPTIMAL,INFEASIBLE,OPTIMAL
SRSF10,INFEASIBLE,OPTIMAL,INFEASIBLE,INFEASIBLE
GRHL3,INFEASIBLE,INFEASIBLE,OPTIMAL,INFEASIBLE
STPG1,OPTIMAL,OPTIMAL,OPTIMAL,OPTIMAL
NIPAL3,OPTIMAL,OPTIMAL,OPTIMAL,OPTIMAL
RCAN3,INFEASIBLE,OPTIMAL,OPTIMAL,OPTIMAL
SRRM1,INFEASIBLE,OPTIMAL,INFEASIBLE,INFEASIBLE
CLIC4,OPTIMAL,OPTIMAL,OPTIMAL,OPTIMAL
SYF2,OPTIMAL,OPTIMAL,OPTIMAL,OPTIMAL
RSRP1,INFEASIBLE,OPTIMAL,OPTIMAL,OPTIMAL
TMEM50A,OPTIMAL,OPTIMAL,INFEASIBLE,OPTIMAL
MACO1,INFEASIBLE,OPTIMAL,INFEASIBLE,INFEASIBLE
LDLRAP1,OPTIMAL,OPTIMAL,OPTIMAL,OPTIMAL
SELENON,OPTIMAL,OPTIMAL,OPTIMAL,OPTIMAL
MTFR1L,OPTIMAL,OPTIMAL,OPTIMAL,OPTIMAL
AUNIP,INFEASIBLE,OPTIMAL,INFEASIBLE,INFEASIBLE
PAQR7,INFEASIBLE,OPTIMAL,OPTIMAL,OPTIMAL
STMN1,OPTIMAL,INFEASIBLE,OPTIMAL,OPTIMAL
PDIK1L,OPTIMAL,OPTIMAL,OPTIMAL,OPTIMAL
ZNF593,OPTIMAL,INFEASIBLE,OPTIMAL,OPTIMAL
CEP85,OPTIMAL,INFEASIBLE,OPTIMAL,OPTIMAL
SH3BGRL3,OPTIMAL,OPTIMAL,OPTIMAL,OPTIMAL
UBXN11,OPTIMAL,OPTIMAL,OPTIMAL,OPTIMAL
DHDDS,INFEASIBLE,OPTIMAL,INFEASIBLE,OPTIMAL
HMGN2,OPTIMAL,INFEASIBLE,OPTIMAL,OPTIMAL
RPS6KA1,OPTIMAL,OPTIMAL,OPTIMAL,OPTIMAL
ARID1A,INFEASIBLE,OPTIMAL,INFEASIBLE,INFEASIBLE
ZDHHC18,OPTIMAL,OPTIMAL,OPTIMAL,OPTIMAL
GPN2,OPTIMAL,OPTIMAL,OPTIMAL,OPTIMAL
GPATCH3,OPTIMAL,OPTIMAL,OPTIMAL,OPTIMAL
NUDC,INFEASIBLE,OPTIMAL,INFEASIBLE,INFEASIBLE
TRNP1,OPTIMAL,OPTIMAL,OPTIMAL,OPTIMAL
SLC9A1,OPTIMAL,OPTIMAL,OPTIMAL,OPTIMAL
WDTC1,OPTIMAL,OPTIMAL,OPTIMAL,OPTIMAL
TMEM222,OPTIMAL,OPTIMAL,OPTIMAL,OPTIMAL
WASF2,OPTIMAL,OPTIMAL,OPTIMAL,OPTIMAL
AHDC1,OPTIMAL,OPTIMAL,OPTIMAL,OPTIMAL
FAM76A,INFEASIBLE,OPTIMAL,OPTIMAL,OPTIMAL
STX12,INFEASIBLE,OPTIMAL,INFEASIBLE,OPTIMAL
PPP1R8,INFEASIBLE,OPTIMAL,INFEASIBLE,OPTIMAL
RPA2,OPTIMAL,OPTIMAL,OPTIMAL,OPTIMAL
EYA3,OPTIMAL,OPTIMAL,INFEASIBLE,OPTIMAL
DNAJC8,OPTIMAL,OPTIMAL,OPTIMAL,OPTIMAL
ATP5IF1,OPTIMAL,OPTIMAL,OPTIMAL,OPTIMAL
SESN2,INFEASIBLE,OPTIMAL,OPTIMAL,OPTIMAL
MED18,OPTIMAL,OPTIMAL,OPTIMAL,OPTIMAL
PHACTR4,INFEASIBLE,OPTIMAL,INFEASIBLE,OPTIMAL
RCC1,INFEASIBLE,OPTIMAL,INFEASIBLE,INFEASIBLE
TRNAU1AP,OPTIMAL,OPTIMAL,OPTIMAL,OPTIMAL
TAF12,OPTIMAL,OPTIMAL,OPTIMAL,OPTIMAL
GMEB1,OPTIMAL,OPTIMAL,OPTIMAL,OPTIMAL
YTHDF2,INFEASIBLE,OPTIMAL,INFEASIBLE,INFEASIBLE
EPB41,INFEASIBLE,OPTIMAL,INFEASIBLE,INFEASIBLE
SRSF4,INFEASIBLE,OPTIMAL,INFEASIBLE,INFEASIBLE
MECR,OPTIMAL,OPTIMAL,OPTIMAL,OPTIMAL
PTPRU,OPTIMAL,OPTIMAL,OPTIMAL,OPTIMAL
MATN1,OPTIMAL,OPTIMAL,OPTIMAL,OPTIMAL
SDC3,OPTIMAL,OPTIMAL,OPTIMAL,OPTIMAL
PUM1,INFEASIBLE,OPTIMAL,INFEASIBLE,INFEASIBLE
NKAIN1,OPTIMAL,OPTIMAL,OPTIMAL,OPTIMAL
SNRNP40,OPTIMAL,OPTIMAL,OPTIMAL,OPTIMAL
ZCCHC17,INFEASIBLE,OPTIMAL,OPTIMAL,INFEASIBLE
PEF1,OPTIMAL,OPTIMAL,OPTIMAL,OPTIMAL
PTP4A2,INFEASIBLE,OPTIMAL,INFEASIBLE,OPTIMAL
KHDRBS1,INFEASIBLE,OPTIMAL,INFEASIBLE,INFEASIBLE
TMEM39B,OPTIMAL,OPTIMAL,OPTIMAL,OPTIMAL
KPNA6,INFEASIBLE,OPTIMAL,INFEASIBLE,OPTIMAL
TXLNA,INFEASIBLE,OPTIMAL,INFEASIBLE,INFEASIBLE
CCDC28B,OPTIMAL,OPTIMAL,OPTIMAL,OPTIMAL
TMEM234,OPTIMAL,OPTIMAL,OPTIMAL,OPTIMAL
EIF3I,OPTIMAL,OPTIMAL,OPTIMAL,OPTIMAL
HDAC1,INFEASIBLE,OPTIMAL,INFEASIBLE,INFEASIBLE
MARCKSL1,OPTIMAL,OPTIMAL,INFEASIBLE,OPTIMAL
BSDC1,INFEASIBLE,OPTIMAL,INFEASIBLE,INFEASIBLE
ZBTB8B,INFEASIBLE,INFEASIBLE,OPTIMAL,OPTIMAL
ZBTB8A,OPTIMAL,INFEASIBLE,OPTIMAL,OPTIMAL
ZBTB8OS,OPTIMAL,OPTIMAL,OPTIMAL,OPTIMAL
RBBP4,INFEASIBLE,OPTIMAL,INFEASIBLE,OPTIMAL
SYNC,INFEASIBLE,OPTIMAL,INFEASIBLE,INFEASIBLE
KIAA1522,OPTIMAL,OPTIMAL,OPTIMAL,OPTIMAL
YARS1,INFEASIBLE,OPTIMAL,INFEASIBLE,INFEASIBLE
S100PBP,OPTIMAL,OPTIMAL,OPTIMAL,OPTIMAL
TMEM54,OPTIMAL,OPTIMAL,OPTIMAL,OPTIMAL
RNF19B,OPTIMAL,OPTIMAL,OPTIMAL,OPTIMAL
AK2,INFEASIBLE,OPTIMAL,INFEASIBLE,OPTIMAL
ZNF362,OPTIMAL,OPTIMAL,OPTIMAL,OPTIMAL
PHC2,OPTIMAL,OPTIMAL,INFEASIBLE,OPTIMAL
SMIM12,OPTIMAL,OPTIMAL,OPTIMAL,OPTIMAL
TMEM35B,OPTIMAL,INFEASIBLE,OPTIMAL,OPTIMAL
ZMYM6,INFEASIBLE,OPTIMAL,INFEASIBLE,OPTIMAL
ZMYM1,INFEASIBLE,OPTIMAL,INFEASIBLE,INFEASIBLE
SFPQ,INFEASIBLE,OPTIMAL,INFEASIBLE,INFEASIBLE
ZMYM4,INFEASIBLE,OPTIMAL,INFEASIBLE,INFEASIBLE
KIAA0319L,INFEASIBLE,OPTIMAL,INFEASIBLE,OPTIMAL
NCDN,OPTIMAL,OPTIMAL,INFEASIBLE,OPTIMAL
PSMB2,OPTIMAL,OPTIMAL,OPTIMAL,OPTIMAL
CLSPN,OPTIMAL,OPTIMAL,OPTIMAL,OPTIMAL
AGO4,OPTIMAL,OPTIMAL,OPTIMAL,OPTIMAL
AGO1,INFEASIBLE,OPTIMAL,INFEASIBLE,INFEASIBLE
AGO3,INFEASIBLE,OPTIMAL,INFEASIBLE,INFEASIBLE
ADPRS,OPTIMAL,OPTIMAL,OPTIMAL,OPTIMAL
TRAPPC3,OPTIMAL,OPTIMAL,OPTIMAL,OPTIMAL
MAP7D1,INFEASIBLE,OPTIMAL,OPTIMAL,OPTIMAL
THRAP3,OPTIMAL,OPTIMAL,INFEASIBLE,OPTIMAL
EVA1B,OPTIMAL,OPTIMAL,OPTIMAL,OPTIMAL
STK40,OPTIMAL,OPTIMAL,OPTIMAL,OPTIMAL
LSM10,OPTIMAL,INFEASIBLE,OPTIMAL,OPTIMAL
OSCP1,OPTIMAL,OPTIMAL,OPTIMAL,OPTIMAL
MRPS15,OPTIMAL,INFEASIBLE,OPTIMAL,OPTIMAL
MEAF6,OPTIMAL,OPTIMAL,OPTIMAL,OPTIMAL
SNIP1,INFEASIBLE,OPTIMAL,OPTIMAL,INFEASIBLE
GNL2,INFEASIBLE,OPTIMAL,INFEASIBLE,INFEASIBLE
C1orf109,INFEASIBLE,OPTIMAL,OPTIMAL,OPTIMAL
CDCA8,INFEASIBLE,OPTIMAL,OPTIMAL,OPTIMAL
MANEAL,OPTIMAL,OPTIMAL,OPTIMAL,OPTIMAL
YRDC,OPTIMAL,OPTIMAL,OPTIMAL,OPTIMAL
C1orf122,OPTIMAL,OPTIMAL,OPTIMAL,OPTIMAL
MTF1,INFEASIBLE,OPTIMAL,OPTIMAL,OPTIMAL
INPP5B,INFEASIBLE,OPTIMAL,INFEASIBLE,OPTIMAL
SF3A3,INFEASIBLE,OPTIMAL,INFEASIBLE,INFEASIBLE
FHL3,OPTIMAL,OPTIMAL,OPTIMAL,OPTIMAL
UTP11,INFEASIBLE,OPTIMAL,INFEASIBLE,OPTIMAL
RRAGC,INFEASIBLE,OPTIMAL,OPTIMAL,OPTIMAL
MYCBP,OPTIMAL,OPTIMAL,OPTIMAL,OPTIMAL
AKIRIN1,INFEASIBLE,OPTIMAL,INFEASIBLE,INFEASIBLE
NDUFS5,OPTIMAL,OPTIMAL,OPTIMAL,OPTIMAL
MACF1,INFEASIBLE,OPTIMAL,INFEASIBLE,INFEASIBLE
PABPC4,OPTIMAL,OPTIMAL,OPTIMAL,OPTIMAL
PPIE,OPTIMAL,OPTIMAL,OPTIMAL,OPTIMAL
BMP8B,INFEASIBLE,OPTIMAL,OPTIMAL,OPTIMAL
TRIT1,INFEASIBLE,OPTIMAL,INFEASIBLE,INFEASIBLE
CAP1,INFEASIBLE,OPTIMAL,INFEASIBLE,INFEASIBLE
PPT1,INFEASIBLE,OPTIMAL,INFEASIBLE,OPTIMAL
RLF,INFEASIBLE,OPTIMAL,INFEASIBLE,INFEASIBLE
ZMPSTE24,INFEASIBLE,OPTIMAL,INFEASIBLE,INFEASIBLE
SMAP2,INFEASIBLE,OPTIMAL,INFEASIBLE,INFEASIBLE
ZNF684,OPTIMAL,OPTIMAL,OPTIMAL,OPTIMAL
NFYC,INFEASIBLE,OPTIMAL,INFEASIBLE,OPTIMAL
CTPS1,INFEASIBLE,OPTIMAL,INFEASIBLE,INFEASIBLE
SCMH1,INFEASIBLE,OPTIMAL,INFEASIBLE,INFEASIBLE
HIVEP3,INFEASIBLE,OPTIMAL,INFEASIBLE,INFEASIBLE
FOXJ3,INFEASIBLE,OPTIMAL,INFEASIBLE,INFEASIBLE
RIMKLA,OPTIMAL,OPTIMAL,OPTIMAL,OPTIMAL
PPCS,OPTIMAL,OPTIMAL,OPTIMAL,OPTIMAL
PPIH,OPTIMAL,OPTIMAL,OPTIMAL,OPTIMAL
YBX1,INFEASIBLE,INFEASIBLE,INFEASIBLE,INFEASIBLE
P3H1,INFEASIBLE,OPTIMAL,INFEASIBLE,INFEASIBLE
C1orf50,OPTIMAL,OPTIMAL,OPTIMAL,OPTIMAL
SVBP,OPTIMAL,OPTIMAL,OPTIMAL,OPTIMAL
ZNF691,OPTIMAL,INFEASIBLE,OPTIMAL,OPTIMAL
SLC2A1,INFEASIBLE,OPTIMAL,INFEASIBLE,OPTIMAL
EBNA1BP2,OPTIMAL,INFEASIBLE,OPTIMAL,OPTIMAL
CDC20,INFEASIBLE,OPTIMAL,INFEASIBLE,OPTIMAL
ELOVL1,OPTIMAL,OPTIMAL,OPTIMAL,OPTIMAL
MED8,OPTIMAL,OPTIMAL,OPTIMAL,OPTIMAL
SZT2,INFEASIBLE,INFEASIBLE,OPTIMAL,OPTIMAL
HYI,OPTIMAL,OPTIMAL,OPTIMAL,OPTIMAL
PTPRF,INFEASIBLE,OPTIMAL,INFEASIBLE,INFEASIBLE
KDM4A,INFEASIBLE,OPTIMAL,INFEASIBLE,INFEASIBLE
ST3GAL3,INFEASIBLE,OPTIMAL,INFEASIBLE,INFEASIBLE
IPO13,OPTIMAL,OPTIMAL,OPTIMAL,OPTIMAL
DPH2,OPTIMAL,OPTIMAL,OPTIMAL,OPTIMAL
ATP6V0B,OPTIMAL,OPTIMAL,OPTIMAL,OPTIMAL
B4GALT2,OPTIMAL,OPTIMAL,OPTIMAL,OPTIMAL
DMAP1,OPTIMAL,OPTIMAL,OPTIMAL,OPTIMAL
ERI3,INFEASIBLE,OPTIMAL,INFEASIBLE,OPTIMAL
RNF220,INFEASIBLE,OPTIMAL,INFEASIBLE,INFEASIBLE
TMEM53,OPTIMAL,OPTIMAL,OPTIMAL,OPTIMAL
KIF2C,INFEASIBLE,OPTIMAL,OPTIMAL,OPTIMAL
RPS8,OPTIMAL,INFEASIBLE,OPTIMAL,OPTIMAL
PTCH2,OPTIMAL,OPTIMAL,OPTIMAL,OPTIMAL
EIF2B3,INFEASIBLE,INFEASIBLE,INFEASIBLE,OPTIMAL
HECTD3,OPTIMAL,OPTIMAL,OPTIMAL,OPTIMAL
UROD,INFEASIBLE,OPTIMAL,OPTIMAL,OPTIMAL
ZSWIM5,INFEASIBLE,OPTIMAL,INFEASIBLE,OPTIMAL
MUTYH,OPTIMAL,OPTIMAL,OPTIMAL,OPTIMAL
TOE1,OPTIMAL,OPTIMAL,OPTIMAL,OPTIMAL
TESK2,OPTIMAL,INFEASIBLE,OPTIMAL,OPTIMAL
MMACHC,OPTIMAL,OPTIMAL,OPTIMAL,OPTIMAL
PRDX1,OPTIMAL,OPTIMAL,OPTIMAL,OPTIMAL
AKR1A1,OPTIMAL,OPTIMAL,OPTIMAL,OPTIMAL
NASP,INFEASIBLE,OPTIMAL,INFEASIBLE,INFEASIBLE
GPBP1L1,INFEASIBLE,OPTIMAL,OPTIMAL,INFEASIBLE
TMEM69,OPTIMAL,OPTIMAL,OPTIMAL,OPTIMAL
IPP,OPTIMAL,OPTIMAL,OPTIMAL,OPTIMAL
MAST2,INFEASIBLE,OPTIMAL,INFEASIBLE,INFEASIBLE
PIK3R3,INFEASIBLE,OPTIMAL,INFEASIBLE,INFEASIBLE
POMGNT1,OPTIMAL,OPTIMAL,OPTIMAL,OPTIMAL
RAD54L,OPTIMAL,OPTIMAL,OPTIMAL,OPTIMAL
LRRC41,INFEASIBLE,OPTIMAL,INFEASIBLE,INFEASIBLE
UQCRH,OPTIMAL,INFEASIBLE,OPTIMAL,OPTIMAL
NSUN4,OPTIMAL,OPTIMAL,OPTIMAL,OPTIMAL
DMBX1,OPTIMAL,OPTIMAL,OPTIMAL,OPTIMAL
MKNK1,OPTIMAL,OPTIMAL,OPTIMAL,OPTIMAL
ATPAF1,OPTIMAL,OPTIMAL,OPTIMAL,OPTIMAL
EFCAB14,INFEASIBLE,OPTIMAL,INFEASIBLE,OPTIMAL
STIL,OPTIMAL,OPTIMAL,INFEASIBLE,OPTIMAL
CMPK1,INFEASIBLE,OPTIMAL,INFEASIBLE,INFEASIBLE
FOXD2,OPTIMAL,OPTIMAL,OPTIMAL,OPTIMAL
TRABD2B,INFEASIBLE,OPTIMAL,INFEASIBLE,OPTIMAL
SPATA6,OPTIMAL,OPTIMAL,INFEASIBLE,OPTIMAL
FAF1,INFEASIBLE,OPTIMAL,INFEASIBLE,INFEASIBLE
CDKN2C,OPTIMAL,INFEASIBLE,OPTIMAL,OPTIMAL
RNF11,INFEASIBLE,OPTIMAL,OPTIMAL,INFEASIBLE
EPS15,INFEASIBLE,OPTIMAL,INFEASIBLE,INFEASIBLE
OSBPL9,INFEASIBLE,OPTIMAL,INFEASIBLE,INFEASIBLE
NRDC,INFEASIBLE,OPTIMAL,INFEASIBLE,INFEASIBLE
RAB3B,OPTIMAL,OPTIMAL,OPTIMAL,OPTIMAL
TXNDC12,INFEASIBLE,OPTIMAL,INFEASIBLE,OPTIMAL
KTI12,OPTIMAL,OPTIMAL,OPTIMAL,OPTIMAL
BTF3L4,OPTIMAL,OPTIMAL,OPTIMAL,OPTIMAL
ZFYVE9,INFEASIBLE,OPTIMAL,INFEASIBLE,INFEASIBLE
CC2D1B,OPTIMAL,OPTIMAL,OPTIMAL,OPTIMAL
ORC1,OPTIMAL,OPTIMAL,INFEASIBLE,OPTIMAL
PRPF38A,INFEASIBLE,OPTIMAL,INFEASIBLE,INFEASIBLE
TUT4,INFEASIBLE,OPTIMAL,INFEASIBLE,INFEASIBLE
COA7,INFEASIBLE,OPTIMAL,INFEASIBLE,OPTIMAL
ZYG11B,INFEASIBLE,OPTIMAL,INFEASIBLE,OPTIMAL
ZYG11A,INFEASIBLE,OPTIMAL,INFEASIBLE,INFEASIBLE
ECHDC2,INFEASIBLE,INFEASIBLE,OPTIMAL,OPTIMAL
SCP2,INFEASIBLE,OPTIMAL,OPTIMAL,INFEASIBLE
CPT2,OPTIMAL,OPTIMAL,OPTIMAL,OPTIMAL
CZIB,OPTIMAL,OPTIMAL,OPTIMAL,OPTIMAL
MAGOH,OPTIMAL,OPTIMAL,OPTIMAL,OPTIMAL
LRP8,INFEASIBLE,OPTIMAL,INFEASIBLE,OPTIMAL
GLIS1,INFEASIBLE,OPTIMAL,OPTIMAL,OPTIMAL
NDC1,INFEASIBLE,OPTIMAL,INFEASIBLE,INFEASIBLE
YIPF1,OPTIMAL,OPTIMAL,OPTIMAL,OPTIMAL
IFT25,OPTIMAL,OPTIMAL,OPTIMAL,OPTIMAL
LRRC42,OPTIMAL,OPTIMAL,OPTIMAL,OPTIMAL
TMEM59,OPTIMAL,OPTIMAL,OPTIMAL,OPTIMAL
TCEANC2,INFEASIBLE,OPTIMAL,INFEASIBLE,OPTIMAL
CYB5RL,OPTIMAL,OPTIMAL,OPTIMAL,OPTIMAL
MRPL37,OPTIMAL,INFEASIBLE,OPTIMAL,OPTIMAL
SSBP3,INFEASIBLE,OPTIMAL,INFEASIBLE,INFEASIBLE
TTC4,INFEASIBLE,OPTIMAL,INFEASIBLE,INFEASIBLE
DHCR24,INFEASIBLE,OPTIMAL,INFEASIBLE,INFEASIBLE
USP24,INFEASIBLE,OPTIMAL,INFEASIBLE,INFEASIBLE
PLPP3,OPTIMAL,INFEASIBLE,OPTIMAL,OPTIMAL
PRKAA2,INFEASIBLE,OPTIMAL,INFEASIBLE,INFEASIBLE
DAB1,OPTIMAL,OPTIMAL,OPTIMAL,OPTIMAL
OMA1,INFEASIBLE,OPTIMAL,INFEASIBLE,OPTIMAL
MYSM1,INFEASIBLE,OPTIMAL,INFEASIBLE,INFEASIBLE
JUN,OPTIMAL,OPTIMAL,OPTIMAL,OPTIMAL
FGGY,OPTIMAL,OPTIMAL,OPTIMAL,OPTIMAL
HOOK1,INFEASIBLE,OPTIMAL,INFEASIBLE,INFEASIBLE
NFIA,INFEASIBLE,OPTIMAL,INFEASIBLE,OPTIMAL
TM2D1,OPTIMAL,OPTIMAL,OPTIMAL,OPTIMAL
PATJ,OPTIMAL,INFEASIBLE,OPTIMAL,OPTIMAL
USP1,INFEASIBLE,OPTIMAL,INFEASIBLE,INFEASIBLE
DOCK7,OPTIMAL,INFEASIBLE,INFEASIBLE,OPTIMAL
ATG4C,INFEASIBLE,OPTIMAL,OPTIMAL,INFEASIBLE
ALG6,INFEASIBLE,OPTIMAL,INFEASIBLE,OPTIMAL
ITGB3BP,OPTIMAL,OPTIMAL,OPTIMAL,OPTIMAL
EFCAB7,INFEASIBLE,OPTIMAL,OPTIMAL,OPTIMAL
PGM1,OPTIMAL,OPTIMAL,OPTIMAL,OPTIMAL
ROR1,INFEASIBLE,OPTIMAL,INFEASIBLE,OPTIMAL
CACHD1,INFEASIBLE,OPTIMAL,INFEASIBLE,INFEASIBLE
RAVER2,INFEASIBLE,OPTIMAL,INFEASIBLE,INFEASIBLE
JAK1,INFEASIBLE,OPTIMAL,INFEASIBLE,INFEASIBLE
AK4,OPTIMAL,OPTIMAL,OPTIMAL,OPTIMAL
DNAJC6,INFEASIBLE,OPTIMAL,INFEASIBLE,OPTIMAL
LEPROT,OPTIMAL,OPTIMAL,OPTIMAL,OPTIMAL
LEPR,INFEASIBLE,OPTIMAL,INFEASIBLE,OPTIMAL
MIER1,INFEASIBLE,OPTIMAL,INFEASIBLE,INFEASIBLE
SLC35D1,INFEASIBLE,OPTIMAL,INFEASIBLE,INFEASIBLE
IL12RB2,OPTIMAL,INFEASIBLE,OPTIMAL,OPTIMAL
SERBP1,INFEASIBLE,OPTIMAL,INFEASIBLE,INFEASIBLE
GADD45A,OPTIMAL,OPTIMAL,OPTIMAL,OPTIMAL
GNG12,INFEASIBLE,OPTIMAL,INFEASIBLE,OPTIMAL
WLS,INFEASIBLE,OPTIMAL,INFEASIBLE,INFEASIBLE
DEPDC1,INFEASIBLE,OPTIMAL,INFEASIBLE,INFEASIBLE
LRRC40,INFEASIBLE,OPTIMAL,INFEASIBLE,OPTIMAL
SRSF11,INFEASIBLE,OPTIMAL,INFEASIBLE,OPTIMAL
ANKRD13C,INFEASIBLE,OPTIMAL,OPTIMAL,OPTIMAL
CTH,OPTIMAL,OPTIMAL,OPTIMAL,OPTIMAL
ZRANB2,INFEASIBLE,OPTIMAL,INFEASIBLE,INFEASIBLE
LRRIQ3,OPTIMAL,OPTIMAL,OPTIMAL,OPTIMAL
FPGT,INFEASIBLE,OPTIMAL,INFEASIBLE,INFEASIBLE
TNNI3K,INFEASIBLE,INFEASIBLE,OPTIMAL,INFEASIBLE
CRYZ,INFEASIBLE,OPTIMAL,INFEASIBLE,INFEASIBLE
TYW3,OPTIMAL,OPTIMAL,INFEASIBLE,OPTIMAL
LHX8,OPTIMAL,OPTIMAL,OPTIMAL,OPTIMAL
SLC44A5,INFEASIBLE,OPTIMAL,INFEASIBLE,INFEASIBLE
ACADM,INFEASIBLE,OPTIMAL,INFEASIBLE,INFEASIBLE
RABGGTB,INFEASIBLE,OPTIMAL,OPTIMAL,OPTIMAL
ST6GALNAC3,INFEASIBLE,OPTIMAL,INFEASIBLE,OPTIMAL
PIGK,INFEASIBLE,OPTIMAL,INFEASIBLE,INFEASIBLE
ZZZ3,INFEASIBLE,OPTIMAL,INFEASIBLE,INFEASIBLE
USP33,INFEASIBLE,OPTIMAL,INFEASIBLE,INFEASIBLE
MIGA1,INFEASIBLE,OPTIMAL,INFEASIBLE,OPTIMAL
NEXN,INFEASIBLE,OPTIMAL,INFEASIBLE,OPTIMAL
FUBP1,INFEASIBLE,OPTIMAL,INFEASIBLE,INFEASIBLE
DNAJB4,INFEASIBLE,OPTIMAL,OPTIMAL,INFEASIBLE
ADGRL2,INFEASIBLE,OPTIMAL,INFEASIBLE,INFEASIBLE
TTLL7,INFEASIBLE,OPTIMAL,INFEASIBLE,INFEASIBLE
PRKACB,INFEASIBLE,OPTIMAL,INFEASIBLE,INFEASIBLE
RPF1,OPTIMAL,OPTIMAL,OPTIMAL,OPTIMAL
GNG5,OPTIMAL,INFEASIBLE,OPTIMAL,OPTIMAL
CTBS,OPTIMAL,OPTIMAL,OPTIMAL,OPTIMAL
SSX2IP,INFEASIBLE,OPTIMAL,INFEASIBLE,INFEASIBLE
LPAR3,INFEASIBLE,OPTIMAL,INFEASIBLE,INFEASIBLE
MCOLN2,INFEASIBLE,OPTIMAL,INFEASIBLE,INFEASIBLE
DNAI3,OPTIMAL,OPTIMAL,INFEASIBLE,OPTIMAL
MCOLN3,OPTIMAL,OPTIMAL,INFEASIBLE,OPTIMAL
SYDE2,INFEASIBLE,OPTIMAL,INFEASIBLE,OPTIMAL
C1orf52,OPTIMAL,OPTIMAL,OPTIMAL,OPTIMAL
BCL10,OPTIMAL,OPTIMAL,OPTIMAL,OPTIMAL
DDAH1,INFEASIBLE,OPTIMAL,INFEASIBLE,OPTIMAL
CCN1,OPTIMAL,OPTIMAL,OPTIMAL,OPTIMAL
ZNHIT6,INFEASIBLE,OPTIMAL,INFEASIBLE,INFEASIBLE
ODF2L,INFEASIBLE,OPTIMAL,INFEASIBLE,INFEASIBLE
SH3GLB1,INFEASIBLE,OPTIMAL,INFEASIBLE,INFEASIBLE
SELENOF,INFEASIBLE,OPTIMAL,INFEASIBLE,OPTIMAL
HS2ST1,INFEASIBLE,OPTIMAL,INFEASIBLE,INFEASIBLE
LMO4,OPTIMAL,OPTIMAL,OPTIMAL,OPTIMAL
PKN2,INFEASIBLE,OPTIMAL,INFEASIBLE,INFEASIBLE
GTF2B,INFEASIBLE,OPTIMAL,INFEASIBLE,INFEASIBLE
KYAT3,INFEASIBLE,OPTIMAL,INFEASIBLE,OPTIMAL
RBMXL1,INFEASIBLE,OPTIMAL,INFEASIBLE,INFEASIBLE
LRRC8B,INFEASIBLE,OPTIMAL,INFEASIBLE,INFEASIBLE
LRRC8C,INFEASIBLE,OPTIMAL,INFEASIBLE,INFEASIBLE
LRRC8D,INFEASIBLE,OPTIMAL,INFEASIBLE,INFEASIBLE
ZNF326,INFEASIBLE,OPTIMAL,INFEASIBLE,INFEASIBLE
ZNF644,INFEASIBLE,OPTIMAL,INFEASIBLE,INFEASIBLE
HFM1,OPTIMAL,OPTIMAL,INFEASIBLE,OPTIMAL
CDC7,INFEASIBLE,OPTIMAL,INFEASIBLE,OPTIMAL
TGFBR3,INFEASIBLE,OPTIMAL,INFEASIBLE,OPTIMAL
BTBD8,OPTIMAL,OPTIMAL,OPTIMAL,OPTIMAL
GLMN,INFEASIBLE,OPTIMAL,INFEASIBLE,OPTIMAL
RPAP2,INFEASIBLE,OPTIMAL,INFEASIBLE,INFEASIBLE
EVI5,INFEASIBLE,OPTIMAL,INFEASIBLE,INFEASIBLE
RPL5,OPTIMAL,INFEASIBLE,OPTIMAL,OPTIMAL
DIPK1A,INFEASIBLE,OPTIMAL,INFEASIBLE,INFEASIBLE
MTF2,INFEASIBLE,OPTIMAL,INFEASIBLE,INFEASIBLE
TMED5,INFEASIBLE,OPTIMAL,INFEASIBLE,INFEASIBLE
CCDC18,INFEASIBLE,OPTIMAL,INFEASIBLE,OPTIMAL
DR1,INFEASIBLE,OPTIMAL,INFEASIBLE,INFEASIBLE
FNBP1L,INFEASIBLE,OPTIMAL,INFEASIBLE,INFEASIBLE
BCAR3,INFEASIBLE,OPTIMAL,INFEASIBLE,OPTIMAL
DNTTIP2,INFEASIBLE,OPTIMAL,INFEASIBLE,INFEASIBLE
GCLM,INFEASIBLE,OPTIMAL,OPTIMAL,OPTIMAL
ARHGAP29,INFEASIBLE,OPTIMAL,OPTIMAL,OPTIMAL
ABCD3,INFEASIBLE,OPTIMAL,INFEASIBLE,OPTIMAL
CNN3,OPTIMAL,INFEASIBLE,OPTIMAL,OPTIMAL
ALG14,OPTIMAL,OPTIMAL,OPTIMAL,OPTIMAL
TLCD4,OPTIMAL,OPTIMAL,OPTIMAL,OPTIMAL
RWDD3,OPTIMAL,OPTIMAL,INFEASIBLE,OPTIMAL
PTBP2,INFEASIBLE,OPTIMAL,INFEASIBLE,INFEASIBLE
DPYD,OPTIMAL,OPTIMAL,OPTIMAL,OPTIMAL
SNX7,INFEASIBLE,OPTIMAL,INFEASIBLE,OPTIMAL
FRRS1,OPTIMAL,OPTIMAL,OPTIMAL,OPTIMAL
AGL,INFEASIBLE,OPTIMAL,INFEASIBLE,OPTIMAL
SLC35A3,INFEASIBLE,OPTIMAL,INFEASIBLE,INFEASIBLE
MFSD14A,INFEASIBLE,OPTIMAL,INFEASIBLE,INFEASIBLE
SASS6,INFEASIBLE,OPTIMAL,OPTIMAL,INFEASIBLE
TRMT13,INFEASIBLE,OPTIMAL,INFEASIBLE,OPTIMAL
DBT,INFEASIBLE,OPTIMAL,OPTIMAL,OPTIMAL
RTCA,OPTIMAL,OPTIMAL,OPTIMAL,OPTIMAL
CDC14A,INFEASIBLE,OPTIMAL,INFEASIBLE,INFEASIBLE
EXTL2,INFEASIBLE,OPTIMAL,INFEASIBLE,OPTIMAL
SLC30A7,INFEASIBLE,OPTIMAL,OPTIMAL,OPTIMAL
DPH5,INFEASIBLE,OPTIMAL,INFEASIBLE,INFEASIBLE
RNPC3,INFEASIBLE,OPTIMAL,INFEASIBLE,OPTIMAL
PRMT6,INFEASIBLE,OPTIMAL,INFEASIBLE,OPTIMAL
VAV3,INFEASIBLE,OPTIMAL,INFEASIBLE,OPTIMAL
SLC25A24,INFEASIBLE,OPTIMAL,INFEASIBLE,INFEASIBLE
EEIG2,INFEASIBLE,OPTIMAL,INFEASIBLE,INFEASIBLE
PRPF38B,INFEASIBLE,OPTIMAL,INFEASIBLE,INFEASIBLE
STXBP3,INFEASIBLE,OPTIMAL,INFEASIBLE,INFEASIBLE
GPSM2,INFEASIBLE,OPTIMAL,INFEASIBLE,INFEASIBLE
CLCC1,INFEASIBLE,OPTIMAL,INFEASIBLE,OPTIMAL
WDR47,INFEASIBLE,OPTIMAL,INFEASIBLE,OPTIMAL
TAF13,OPTIMAL,OPTIMAL,OPTIMAL,OPTIMAL
TMEM167B,OPTIMAL,OPTIMAL,OPTIMAL,OPTIMAL
SARS1,OPTIMAL,OPTIMAL,OPTIMAL,OPTIMAL
CELSR2,OPTIMAL,OPTIMAL,OPTIMAL,OPTIMAL
PSRC1,INFEASIBLE,OPTIMAL,OPTIMAL,OPTIMAL
SORT1,INFEASIBLE,OPTIMAL,INFEASIBLE,OPTIMAL
PSMA5,OPTIMAL,OPTIMAL,INFEASIBLE,OPTIMAL
GNAI3,INFEASIBLE,OPTIMAL,INFEASIBLE,INFEASIBLE
AMPD2,OPTIMAL,OPTIMAL,OPTIMAL,OPTIMAL
GSTM3,OPTIMAL,OPTIMAL,OPTIMAL,OPTIMAL
AHCYL1,INFEASIBLE,OPTIMAL,INFEASIBLE,INFEASIBLE
STRIP1,INFEASIBLE,OPTIMAL,OPTIMAL,INFEASIBLE
KCNC4,OPTIMAL,OPTIMAL,OPTIMAL,OPTIMAL
RBM15,INFEASIBLE,OPTIMAL,INFEASIBLE,OPTIMAL
SLC16A4,OPTIMAL,OPTIMAL,OPTIMAL,OPTIMAL
LAMTOR5,OPTIMAL,OPTIMAL,OPTIMAL,OPTIMAL
LRIF1,INFEASIBLE,OPTIMAL,OPTIMAL,OPTIMAL
DRAM2,OPTIMAL,OPTIMAL,OPTIMAL,OPTIMAL
CEPT1,INFEASIBLE,OPTIMAL,INFEASIBLE,OPTIMAL
WDR77,OPTIMAL,OPTIMAL,INFEASIBLE,OPTIMAL
ATP5PB,OPTIMAL,INFEASIBLE,OPTIMAL,OPTIMAL
RAP1A,INFEASIBLE,OPTIMAL,INFEASIBLE,INFEASIBLE
DDX20,INFEASIBLE,OPTIMAL,INFEASIBLE,OPTIMAL
CTTNBP2NL,INFEASIBLE,OPTIMAL,OPTIMAL,INFEASIBLE
ST7L,INFEASIBLE,OPTIMAL,INFEASIBLE,OPTIMAL
CAPZA1,INFEASIBLE,INFEASIBLE,OPTIMAL,INFEASIBLE
MOV10,INFEASIBLE,OPTIMAL,OPTIMAL,OPTIMAL
RHOC,OPTIMAL,OPTIMAL,OPTIMAL,OPTIMAL
SLC16A1,INFEASIBLE,OPTIMAL,INFEASIBLE,INFEASIBLE
LRIG2,INFEASIBLE,OPTIMAL,INFEASIBLE,OPTIMAL
MAGI3,INFEASIBLE,OPTIMAL,INFEASIBLE,INFEASIBLE
PHTF1,INFEASIBLE,OPTIMAL,INFEASIBLE,OPTIMAL
RSBN1,INFEASIBLE,OPTIMAL,OPTIMAL,OPTIMAL
AP4B1,OPTIMAL,OPTIMAL,OPTIMAL,OPTIMAL
DCLRE1B,INFEASIBLE,OPTIMAL,INFEASIBLE,OPTIMAL
HIPK1,INFEASIBLE,OPTIMAL,OPTIMAL,OPTIMAL
TRIM33,INFEASIBLE,OPTIMAL,INFEASIBLE,INFEASIBLE
BCAS2,OPTIMAL,OPTIMAL,OPTIMAL,OPTIMAL
DENND2C,OPTIMAL,OPTIMAL,INFEASIBLE,OPTIMAL
NRAS,INFEASIBLE,OPTIMAL,INFEASIBLE,INFEASIBLE
CSDE1,INFEASIBLE,OPTIMAL,INFEASIBLE,INFEASIBLE
SIKE1,OPTIMAL,OPTIMAL,OPTIMAL,OPTIMAL
VANGL1,INFEASIBLE,OPTIMAL,INFEASIBLE,OPTIMAL
SLC22A15,INFEASIBLE,OPTIMAL,INFEASIBLE,OPTIMAL
ATP1A1,INFEASIBLE,OPTIMAL,INFEASIBLE,INFEASIBLE
CD58,INFEASIBLE,OPTIMAL,OPTIMAL,INFEASIBLE
IGSF3,INFEASIBLE,OPTIMAL,INFEASIBLE,OPTIMAL
PTGFRN,OPTIMAL,OPTIMAL,OPTIMAL,OPTIMAL
TTF2,INFEASIBLE,OPTIMAL,INFEASIBLE,INFEASIBLE
MAN1A2,INFEASIBLE,OPTIMAL,INFEASIBLE,INFEASIBLE
GDAP2,INFEASIBLE,OPTIMAL,INFEASIBLE,INFEASIBLE
WDR3,INFEASIBLE,OPTIMAL,INFEASIBLE,INFEASIBLE
WARS2,INFEASIBLE,OPTIMAL,INFEASIBLE,INFEASIBLE
ZNF697,OPTIMAL,OPTIMAL,OPTIMAL,OPTIMAL
PHGDH,OPTIMAL,OPTIMAL,INFEASIBLE,OPTIMAL
NOTCH2,INFEASIBLE,OPTIMAL,INFEASIBLE,OPTIMAL
SEC22B,OPTIMAL,OPTIMAL,OPTIMAL,OPTIMAL
NBPF8,INFEASIBLE,OPTIMAL,INFEASIBLE,OPTIMAL
FAM72B,INFEASIBLE,OPTIMAL,OPTIMAL,OPTIMAL
SRGAP2C,OPTIMAL,OPTIMAL,OPTIMAL,OPTIMAL
NBPF15,OPTIMAL,OPTIMAL,INFEASIBLE,OPTIMAL
SRGAP2B,INFEASIBLE,OPTIMAL,INFEASIBLE,OPTIMAL
NBPF20,INFEASIBLE,OPTIMAL,INFEASIBLE,INFEASIBLE
GPR89A,INFEASIBLE,OPTIMAL,INFEASIBLE,INFEASIBLE
RNF115,INFEASIBLE,OPTIMAL,INFEASIBLE,OPTIMAL
POLR3C,INFEASIBLE,OPTIMAL,INFEASIBLE,OPTIMAL
PIAS3,INFEASIBLE,OPTIMAL,OPTIMAL,OPTIMAL
PEX11B,OPTIMAL,OPTIMAL,OPTIMAL,OPTIMAL
RBM8A,OPTIMAL,OPTIMAL,OPTIMAL,OPTIMAL
LIX1L,OPTIMAL,OPTIMAL,OPTIMAL,OPTIMAL
POLR3GL,OPTIMAL,OPTIMAL,OPTIMAL,OPTIMAL
TXNIP,OPTIMAL,OPTIMAL,OPTIMAL,OPTIMAL
NOTCH2NLA,OPTIMAL,OPTIMAL,OPTIMAL,OPTIMAL
NBPF12,INFEASIBLE,OPTIMAL,INFEASIBLE,OPTIMAL
PRKAB2,INFEASIBLE,OPTIMAL,OPTIMAL,OPTIMAL
BCL9,INFEASIBLE,OPTIMAL,INFEASIBLE,INFEASIBLE
ACP6,INFEASIBLE,OPTIMAL,INFEASIBLE,OPTIMAL
GPR89B,INFEASIBLE,OPTIMAL,INFEASIBLE,OPTIMAL
NBPF11,OPTIMAL,OPTIMAL,OPTIMAL,OPTIMAL
PDE4DIP,OPTIMAL,INFEASIBLE,OPTIMAL,OPTIMAL
NBPF9,INFEASIBLE,OPTIMAL,OPTIMAL,INFEASIBLE
NOTCH2NLC,OPTIMAL,OPTIMAL,OPTIMAL,OPTIMAL
BOLA1,OPTIMAL,OPTIMAL,OPTIMAL,OPTIMAL
SV2A,OPTIMAL,OPTIMAL,OPTIMAL,OPTIMAL
SF3B4,INFEASIBLE,OPTIMAL,OPTIMAL,OPTIMAL
OTUD7B,INFEASIBLE,OPTIMAL,INFEASIBLE,INFEASIBLE
VPS45,INFEASIBLE,OPTIMAL,INFEASIBLE,INFEASIBLE
PLEKHO1,INFEASIBLE,INFEASIBLE,INFEASIBLE,OPTIMAL
ANP32E,INFEASIBLE,OPTIMAL,INFEASIBLE,INFEASIBLE
APH1A,OPTIMAL,OPTIMAL,OPTIMAL,OPTIMAL
C1orf54,OPTIMAL,OPTIMAL,OPTIMAL,OPTIMAL
MRPS21,OPTIMAL,OPTIMAL,OPTIMAL,OPTIMAL
PRPF3,INFEASIBLE,OPTIMAL,INFEASIBLE,OPTIMAL
RPRD2,INFEASIBLE,OPTIMAL,INFEASIBLE,INFEASIBLE
TARS2,OPTIMAL,OPTIMAL,OPTIMAL,OPTIMAL
MCL1,INFEASIBLE,OPTIMAL,OPTIMAL,INFEASIBLE
ENSA,INFEASIBLE,OPTIMAL,INFEASIBLE,OPTIMAL
GOLPH3L,INFEASIBLE,OPTIMAL,INFEASIBLE,OPTIMAL
ARNT,INFEASIBLE,OPTIMAL,INFEASIBLE,OPTIMAL
SETDB1,INFEASIBLE,OPTIMAL,INFEASIBLE,INFEASIBLE
CERS2,INFEASIBLE,OPTIMAL,INFEASIBLE,OPTIMAL
MINDY1,OPTIMAL,OPTIMAL,OPTIMAL,OPTIMAL
PRUNE1,INFEASIBLE,OPTIMAL,OPTIMAL,INFEASIBLE
C1orf56,INFEASIBLE,INFEASIBLE,INFEASIBLE,INFEASIBLE
CDC42SE1,INFEASIBLE,INFEASIBLE,INFEASIBLE,INFEASIBLE
GABPB2,OPTIMAL,OPTIMAL,OPTIMAL,OPTIMAL
SCNM1,OPTIMAL,OPTIMAL,OPTIMAL,OPTIMAL
LYSMD1,INFEASIBLE,OPTIMAL,INFEASIBLE,INFEASIBLE
VPS72,OPTIMAL,OPTIMAL,OPTIMAL,OPTIMAL
PIP5K1A,INFEASIBLE,OPTIMAL,INFEASIBLE,INFEASIBLE
PSMD4,INFEASIBLE,OPTIMAL,INFEASIBLE,OPTIMAL
ZNF687,OPTIMAL,OPTIMAL,OPTIMAL,OPTIMAL
PI4KB,INFEASIBLE,OPTIMAL,INFEASIBLE,OPTIMAL
RFX5,INFEASIBLE,OPTIMAL,INFEASIBLE,OPTIMAL
SELENBP1,OPTIMAL,OPTIMAL,OPTIMAL,OPTIMAL
PSMB4,OPTIMAL,OPTIMAL,OPTIMAL,OPTIMAL
POGZ,OPTIMAL,OPTIMAL,INFEASIBLE,OPTIMAL
CGN,INFEASIBLE,OPTIMAL,INFEASIBLE,OPTIMAL
SNX27,INFEASIBLE,OPTIMAL,INFEASIBLE,INFEASIBLE
MRPL9,INFEASIBLE,OPTIMAL,INFEASIBLE,OPTIMAL
TDRKH,INFEASIBLE,OPTIMAL,INFEASIBLE,OPTIMAL
THEM4,OPTIMAL,OPTIMAL,OPTIMAL,OPTIMAL
S100A10,OPTIMAL,OPTIMAL,OPTIMAL,OPTIMAL
S100A11,INFEASIBLE,OPTIMAL,INFEASIBLE,OPTIMAL
S100A13,OPTIMAL,INFEASIBLE,OPTIMAL,OPTIMAL
CHTOP,INFEASIBLE,OPTIMAL,INFEASIBLE,OPTIMAL
SNAPIN,OPTIMAL,OPTIMAL,OPTIMAL,OPTIMAL
ILF2,OPTIMAL,OPTIMAL,INFEASIBLE,OPTIMAL
INTS3,INFEASIBLE,OPTIMAL,INFEASIBLE,OPTIMAL
GATAD2B,INFEASIBLE,OPTIMAL,INFEASIBLE,INFEASIBLE
DENND4B,OPTIMAL,OPTIMAL,OPTIMAL,OPTIMAL
CRTC2,INFEASIBLE,OPTIMAL,OPTIMAL,OPTIMAL
SLC39A1,INFEASIBLE,OPTIMAL,INFEASIBLE,OPTIMAL
JTB,OPTIMAL,INFEASIBLE,OPTIMAL,OPTIMAL
RAB13,OPTIMAL,OPTIMAL,OPTIMAL,OPTIMAL
RPS27,OPTIMAL,INFEASIBLE,OPTIMAL,OPTIMAL
NUP210L,OPTIMAL,OPTIMAL,OPTIMAL,OPTIMAL
TPM3,INFEASIBLE,OPTIMAL,INFEASIBLE,INFEASIBLE
C1orf43,OPTIMAL,OPTIMAL,OPTIMAL,OPTIMAL
UBAP2L,INFEASIBLE,OPTIMAL,INFEASIBLE,INFEASIBLE
HAX1,OPTIMAL,OPTIMAL,OPTIMAL,OPTIMAL
ATP8B2,INFEASIBLE,OPTIMAL,INFEASIBLE,OPTIMAL
UBE2Q1,INFEASIBLE,OPTIMAL,INFEASIBLE,INFEASIBLE
ADAR,INFEASIBLE,OPTIMAL,INFEASIBLE,INFEASIBLE
PMVK,OPTIMAL,OPTIMAL,OPTIMAL,OPTIMAL
PYGO2,OPTIMAL,OPTIMAL,OPTIMAL,OPTIMAL
SHC1,OPTIMAL,OPTIMAL,OPTIMAL,OPTIMAL
CKS1B,OPTIMAL,OPTIMAL,OPTIMAL,OPTIMAL
FLAD1,OPTIMAL,OPTIMAL,OPTIMAL,OPTIMAL
ADAM15,OPTIMAL,OPTIMAL,OPTIMAL,OPTIMAL
SLC50A1,OPTIMAL,OPTIMAL,OPTIMAL,OPTIMAL
DPM3,INFEASIBLE,OPTIMAL,OPTIMAL,OPTIMAL
KRTCAP2,INFEASIBLE,OPTIMAL,OPTIMAL,OPTIMAL
MTX1,OPTIMAL,OPTIMAL,OPTIMAL,OPTIMAL
GBA1,OPTIMAL,OPTIMAL,OPTIMAL,OPTIMAL
ENTREP3,OPTIMAL,OPTIMAL,INFEASIBLE,OPTIMAL
SCAMP3,OPTIMAL,OPTIMAL,OPTIMAL,OPTIMAL
CLK2,INFEASIBLE,OPTIMAL,INFEASIBLE,OPTIMAL
FDPS,OPTIMAL,OPTIMAL,OPTIMAL,OPTIMAL
RUSC1,OPTIMAL,INFEASIBLE,OPTIMAL,OPTIMAL
ASH1L,INFEASIBLE,OPTIMAL,INFEASIBLE,INFEASIBLE
MSTO1,OPTIMAL,OPTIMAL,OPTIMAL,OPTIMAL
YY1AP1,INFEASIBLE,OPTIMAL,INFEASIBLE,OPTIMAL
DAP3,OPTIMAL,OPTIMAL,OPTIMAL,OPTIMAL
GON4L,INFEASIBLE,OPTIMAL,INFEASIBLE,INFEASIBLE
RIT1,OPTIMAL,OPTIMAL,OPTIMAL,OPTIMAL
KHDC4,INFEASIBLE,OPTIMAL,INFEASIBLE,OPTIMAL
ARHGEF2,INFEASIBLE,OPTIMAL,INFEASIBLE,INFEASIBLE
SSR2,OPTIMAL,OPTIMAL,OPTIMAL,OPTIMAL
UBQLN4,INFEASIBLE,OPTIMAL,OPTIMAL,OPTIMAL
LAMTOR2,OPTIMAL,OPTIMAL,OPTIMAL,OPTIMAL
MEX3A,INFEASIBLE,OPTIMAL,INFEASIBLE,INFEASIBLE
LMNA,OPTIMAL,OPTIMAL,INFEASIBLE,OPTIMAL
SLC25A44,OPTIMAL,OPTIMAL,OPTIMAL,OPTIMAL
PMF1,OPTIMAL,OPTIMAL,OPTIMAL,OPTIMAL
SMG5,INFEASIBLE,OPTIMAL,INFEASIBLE,OPTIMAL
GLMP,OPTIMAL,OPTIMAL,OPTIMAL,OPTIMAL
CCT3,INFEASIBLE,OPTIMAL,INFEASIBLE,INFEASIBLE
TSACC,OPTIMAL,OPTIMAL,OPTIMAL,OPTIMAL
MEF2D,OPTIMAL,OPTIMAL,OPTIMAL,OPTIMAL
IQGAP3,OPTIMAL,OPTIMAL,INFEASIBLE,OPTIMAL
NAXE,OPTIMAL,OPTIMAL,OPTIMAL,OPTIMAL
GPATCH4,INFEASIBLE,OPTIMAL,INFEASIBLE,INFEASIBLE
CRABP2,OPTIMAL,INFEASIBLE,OPTIMAL,OPTIMAL
ISG20L2,OPTIMAL,OPTIMAL,OPTIMAL,OPTIMAL
METTL25B,OPTIMAL,INFEASIBLE,OPTIMAL,OPTIMAL
MRPL24,OPTIMAL,OPTIMAL,OPTIMAL,OPTIMAL
HDGF,INFEASIBLE,OPTIMAL,INFEASIBLE,INFEASIBLE
PRCC,INFEASIBLE,OPTIMAL,INFEASIBLE,INFEASIBLE
ARHGEF11,INFEASIBLE,OPTIMAL,INFEASIBLE,INFEASIBLE
ETV3,INFEASIBLE,OPTIMAL,INFEASIBLE,INFEASIBLE
KIRREL1,INFEASIBLE,OPTIMAL,INFEASIBLE,INFEASIBLE
TAGLN2,OPTIMAL,OPTIMAL,OPTIMAL,OPTIMAL
PIGM,OPTIMAL,OPTIMAL,OPTIMAL,OPTIMAL
PEA15,OPTIMAL,OPTIMAL,OPTIMAL,OPTIMAL
DCAF8,INFEASIBLE,OPTIMAL,INFEASIBLE,INFEASIBLE
PEX19,OPTIMAL,OPTIMAL,OPTIMAL,OPTIMAL
COPA,INFEASIBLE,OPTIMAL,INFEASIBLE,INFEASIBLE
NCSTN,INFEASIBLE,OPTIMAL,OPTIMAL,OPTIMAL
VANGL2,OPTIMAL,OPTIMAL,INFEASIBLE,OPTIMAL
F11R,OPTIMAL,OPTIMAL,OPTIMAL,OPTIMAL
USF1,OPTIMAL,OPTIMAL,OPTIMAL,OPTIMAL
PFDN2,OPTIMAL,OPTIMAL,OPTIMAL,OPTIMAL
NIT1,OPTIMAL,OPTIMAL,OPTIMAL,OPTIMAL
DEDD,OPTIMAL,OPTIMAL,OPTIMAL,OPTIMAL
UFC1,OPTIMAL,OPTIMAL,OPTIMAL,OPTIMAL
USP21,OPTIMAL,OPTIMAL,OPTIMAL,OPTIMAL
PPOX,OPTIMAL,OPTIMAL,OPTIMAL,OPTIMAL
B4GALT3,OPTIMAL,OPTIMAL,OPTIMAL,OPTIMAL
NDUFS2,OPTIMAL,OPTIMAL,OPTIMAL,OPTIMAL
TOMM40L,OPTIMAL,OPTIMAL,OPTIMAL,OPTIMAL
SDHC,INFEASIBLE,OPTIMAL,INFEASIBLE,OPTIMAL
DUSP12,OPTIMAL,OPTIMAL,OPTIMAL,OPTIMAL
ATF6,INFEASIBLE,OPTIMAL,INFEASIBLE,INFEASIBLE
NOS1AP,INFEASIBLE,OPTIMAL,INFEASIBLE,INFEASIBLE
UHMK1,INFEASIBLE,OPTIMAL,INFEASIBLE,INFEASIBLE
UAP1,INFEASIBLE,OPTIMAL,INFEASIBLE,INFEASIBLE
DDR2,INFEASIBLE,OPTIMAL,INFEASIBLE,OPTIMAL
HSD17B7,OPTIMAL,OPTIMAL,OPTIMAL,OPTIMAL
NUF2,INFEASIBLE,OPTIMAL,INFEASIBLE,INFEASIBLE
PBX1,INFEASIBLE,OPTIMAL,INFEASIBLE,OPTIMAL
MGST3,OPTIMAL,OPTIMAL,OPTIMAL,OPTIMAL
ALDH9A1,OPTIMAL,OPTIMAL,INFEASIBLE,OPTIMAL
TMCO1,OPTIMAL,OPTIMAL,INFEASIBLE,OPTIMAL
UCK2,OPTIMAL,OPTIMAL,INFEASIBLE,OPTIMAL
POGK,INFEASIBLE,OPTIMAL,INFEASIBLE,INFEASIBLE
TADA1,INFEASIBLE,OPTIMAL,INFEASIBLE,OPTIMAL
POU2F1,INFEASIBLE,OPTIMAL,INFEASIBLE,INFEASIBLE
CREG1,OPTIMAL,OPTIMAL,INFEASIBLE,OPTIMAL
MPZL1,INFEASIBLE,OPTIMAL,INFEASIBLE,OPTIMAL
MPC2,OPTIMAL,OPTIMAL,OPTIMAL,OPTIMAL
DCAF6,INFEASIBLE,OPTIMAL,INFEASIBLE,INFEASIBLE
GPR161,INFEASIBLE,OPTIMAL,OPTIMAL,OPTIMAL
TIPRL,INFEASIBLE,OPTIMAL,INFEASIBLE,OPTIMAL
SFT2D2,INFEASIBLE,OPTIMAL,INFEASIBLE,OPTIMAL
ATP1B1,INFEASIBLE,OPTIMAL,OPTIMAL,OPTIMAL
NME7,INFEASIBLE,OPTIMAL,INFEASIBLE,OPTIMAL
BLZF1,INFEASIBLE,OPTIMAL,INFEASIBLE,OPTIMAL
CCDC181,OPTIMAL,OPTIMAL,OPTIMAL,OPTIMAL
SLC19A2,OPTIMAL,OPTIMAL,OPTIMAL,OPTIMAL
C1orf112,OPTIMAL,OPTIMAL,INFEASIBLE,OPTIMAL
METTL18,OPTIMAL,OPTIMAL,OPTIMAL,OPTIMAL
SCYL3,OPTIMAL,INFEASIBLE,OPTIMAL,OPTIMAL
KIFAP3,OPTIMAL,OPTIMAL,OPTIMAL,OPTIMAL
GORAB,INFEASIBLE,OPTIMAL,INFEASIBLE,OPTIMAL
PRRC2C,INFEASIBLE,OPTIMAL,INFEASIBLE,INFEASIBLE
VAMP4,OPTIMAL,OPTIMAL,OPTIMAL,OPTIMAL
METTL13,OPTIMAL,OPTIMAL,OPTIMAL,OPTIMAL
DNM3,INFEASIBLE,OPTIMAL,INFEASIBLE,OPTIMAL
PIGC,OPTIMAL,OPTIMAL,OPTIMAL,OPTIMAL
SUCO,INFEASIBLE,INFEASIBLE,INFEASIBLE,INFEASIBLE
PRDX6,OPTIMAL,OPTIMAL,OPTIMAL,OPTIMAL
KLHL20,INFEASIBLE,OPTIMAL,INFEASIBLE,INFEASIBLE
CENPL,INFEASIBLE,OPTIMAL,OPTIMAL,OPTIMAL
DARS2,INFEASIBLE,OPTIMAL,INFEASIBLE,OPTIMAL
ZBTB37,INFEASIBLE,OPTIMAL,INFEASIBLE,OPTIMAL
RC3H1,INFEASIBLE,OPTIMAL,INFEASIBLE,OPTIMAL
RABGAP1L,INFEASIBLE,OPTIMAL,INFEASIBLE,INFEASIBLE
CACYBP,OPTIMAL,OPTIMAL,OPTIMAL,OPTIMAL
MRPS14,OPTIMAL,OPTIMAL,OPTIMAL,OPTIMAL
COP1,INFEASIBLE,OPTIMAL,INFEASIBLE,INFEASIBLE
RASAL2,INFEASIBLE,OPTIMAL,INFEASIBLE,OPTIMAL
RALGPS2,INFEASIBLE,INFEASIBLE,INFEASIBLE,OPTIMAL
FAM20B,INFEASIBLE,OPTIMAL,INFEASIBLE,INFEASIBLE
TOR3A,OPTIMAL,OPTIMAL,OPTIMAL,OPTIMAL
ABL2,INFEASIBLE,OPTIMAL,INFEASIBLE,INFEASIBLE
SOAT1,INFEASIBLE,OPTIMAL,INFEASIBLE,INFEASIBLE
TOR1AIP2,OPTIMAL,OPTIMAL,OPTIMAL,OPTIMAL
TOR1AIP1,INFEASIBLE,OPTIMAL,INFEASIBLE,OPTIMAL
CEP350,INFEASIBLE,OPTIMAL,INFEASIBLE,INFEASIBLE
QSOX1,OPTIMAL,OPTIMAL,OPTIMAL,OPTIMAL
ACBD6,INFEASIBLE,OPTIMAL,INFEASIBLE,INFEASIBLE
XPR1,INFEASIBLE,OPTIMAL,INFEASIBLE,INFEASIBLE
STX6,INFEASIBLE,OPTIMAL,INFEASIBLE,OPTIMAL
IER5,OPTIMAL,OPTIMAL,OPTIMAL,OPTIMAL
GLUL,INFEASIBLE,INFEASIBLE,INFEASIBLE,OPTIMAL
RGS16,OPTIMAL,INFEASIBLE,OPTIMAL,OPTIMAL
NPL,OPTIMAL,OPTIMAL,OPTIMAL,OPTIMAL
DHX9,INFEASIBLE,OPTIMAL,INFEASIBLE,INFEASIBLE
LAMC1,INFEASIBLE,OPTIMAL,INFEASIBLE,INFEASIBLE
SMG7,INFEASIBLE,OPTIMAL,INFEASIBLE,INFEASIBLE
ARPC5,INFEASIBLE,OPTIMAL,INFEASIBLE,OPTIMAL
RGL1,OPTIMAL,OPTIMAL,INFEASIBLE,OPTIMAL
TSEN15,OPTIMAL,OPTIMAL,OPTIMAL,OPTIMAL
C1orf21,INFEASIBLE,OPTIMAL,INFEASIBLE,INFEASIBLE
EDEM3,INFEASIBLE,OPTIMAL,INFEASIBLE,INFEASIBLE
NIBAN1,INFEASIBLE,OPTIMAL,INFEASIBLE,INFEASIBLE
RNF2,OPTIMAL,OPTIMAL,OPTIMAL,OPTIMAL
TRMT1L,INFEASIBLE,OPTIMAL,INFEASIBLE,OPTIMAL
SWT1,INFEASIBLE,OPTIMAL,OPTIMAL,OPTIMAL
IVNS1ABP,INFEASIBLE,OPTIMAL,INFEASIBLE,OPTIMAL
HMCN1,OPTIMAL,OPTIMAL,INFEASIBLE,OPTIMAL
TPR,INFEASIBLE,OPTIMAL,INFEASIBLE,INFEASIBLE
ODR4,INFEASIBLE,OPTIMAL,INFEASIBLE,INFEASIBLE
PLA2G4A,INFEASIBLE,OPTIMAL,INFEASIBLE,INFEASIBLE
BRINP3,INFEASIBLE,OPTIMAL,INFEASIBLE,OPTIMAL
UCHL5,INFEASIBLE,OPTIMAL,INFEASIBLE,INFEASIBLE
RO60,INFEASIBLE,OPTIMAL,INFEASIBLE,INFEASIBLE
GLRX2,OPTIMAL,OPTIMAL,OPTIMAL,OPTIMAL
CDC73,INFEASIBLE,OPTIMAL,INFEASIBLE,INFEASIBLE
KCNT2,INFEASIBLE,OPTIMAL,INFEASIBLE,INFEASIBLE
ASPM,INFEASIBLE,OPTIMAL,INFEASIBLE,INFEASIBLE
ZBTB41,INFEASIBLE,OPTIMAL,INFEASIBLE,INFEASIBLE
DENND1B,INFEASIBLE,OPTIMAL,INFEASIBLE,INFEASIBLE
C1orf53,OPTIMAL,OPTIMAL,OPTIMAL,OPTIMAL
NEK7,INFEASIBLE,OPTIMAL,INFEASIBLE,INFEASIBLE
ZNF281,INFEASIBLE,OPTIMAL,INFEASIBLE,INFEASIBLE
KIF14,INFEASIBLE,OPTIMAL,OPTIMAL,INFEASIBLE
DDX59,OPTIMAL,OPTIMAL,OPTIMAL,OPTIMAL
CAMSAP2,INFEASIBLE,OPTIMAL,INFEASIBLE,INFEASIBLE
TMEM9,OPTIMAL,OPTIMAL,OPTIMAL,OPTIMAL
NAV1,OPTIMAL,OPTIMAL,INFEASIBLE,OPTIMAL
IPO9,INFEASIBLE,OPTIMAL,INFEASIBLE,INFEASIBLE
TIMM17A,OPTIMAL,OPTIMAL,OPTIMAL,OPTIMAL
RNPEP,INFEASIBLE,OPTIMAL,INFEASIBLE,OPTIMAL
ARL8A,OPTIMAL,OPTIMAL,OPTIMAL,OPTIMAL
UBE2T,INFEASIBLE,INFEASIBLE,OPTIMAL,OPTIMAL
PPP1R12B,INFEASIBLE,OPTIMAL,INFEASIBLE,INFEASIBLE
SYT2,INFEASIBLE,INFEASIBLE,OPTIMAL,OPTIMAL
KDM5B,INFEASIBLE,OPTIMAL,INFEASIBLE,INFEASIBLE
RABIF,OPTIMAL,OPTIMAL,OPTIMAL,OPTIMAL
KLHL12,OPTIMAL,OPTIMAL,OPTIMAL,OPTIMAL
ADIPOR1,OPTIMAL,OPTIMAL,OPTIMAL,OPTIMAL
CYB5R1,OPTIMAL,OPTIMAL,OPTIMAL,OPTIMAL
TMEM183A,INFEASIBLE,OPTIMAL,OPTIMAL,OPTIMAL
BTG2,INFEASIBLE,OPTIMAL,OPTIMAL,OPTIMAL
ATP2B4,OPTIMAL,OPTIMAL,OPTIMAL,OPTIMAL
SNRPE,OPTIMAL,INFEASIBLE,OPTIMAL,OPTIMAL
SOX13,OPTIMAL,OPTIMAL,OPTIMAL,OPTIMAL
ETNK2,OPTIMAL,INFEASIBLE,OPTIMAL,OPTIMAL
PPP1R15B,INFEASIBLE,OPTIMAL,OPTIMAL,INFEASIBLE
PIK3C2B,OPTIMAL,OPTIMAL,OPTIMAL,OPTIMAL
MDM4,INFEASIBLE,OPTIMAL,INFEASIBLE,INFEASIBLE
RBBP5,OPTIMAL,OPTIMAL,OPTIMAL,OPTIMAL
DSTYK,OPTIMAL,OPTIMAL,OPTIMAL,OPTIMAL
CDK18,OPTIMAL,INFEASIBLE,OPTIMAL,OPTIMAL
ELK4,INFEASIBLE,OPTIMAL,OPTIMAL,OPTIMAL
NUCKS1,OPTIMAL,INFEASIBLE,OPTIMAL,OPTIMAL
RAB29,OPTIMAL,OPTIMAL,OPTIMAL,OPTIMAL
SLC41A1,INFEASIBLE,INFEASIBLE,OPTIMAL,OPTIMAL
SRGAP2,OPTIMAL,OPTIMAL,INFEASIBLE,OPTIMAL
EIF2D,INFEASIBLE,OPTIMAL,OPTIMAL,OPTIMAL
DYRK3,INFEASIBLE,OPTIMAL,OPTIMAL,OPTIMAL
MAPKAPK2,INFEASIBLE,OPTIMAL,OPTIMAL,OPTIMAL
PFKFB2,OPTIMAL,OPTIMAL,OPTIMAL,OPTIMAL
YOD1,INFEASIBLE,OPTIMAL,INFEASIBLE,OPTIMAL
CD55,INFEASIBLE,OPTIMAL,INFEASIBLE,INFEASIBLE
CD46,INFEASIBLE,OPTIMAL,INFEASIBLE,INFEASIBLE
PLXNA2,OPTIMAL,OPTIMAL,OPTIMAL,OPTIMAL
C1orf74,OPTIMAL,OPTIMAL,OPTIMAL,OPTIMAL
UTP25,INFEASIBLE,OPTIMAL,INFEASIBLE,INFEASIBLE
SYT14,OPTIMAL,OPTIMAL,OPTIMAL,OPTIMAL
SERTAD4,OPTIMAL,INFEASIBLE,OPTIMAL,OPTIMAL
HHAT,OPTIMAL,OPTIMAL,INFEASIBLE,OPTIMAL
RCOR3,OPTIMAL,OPTIMAL,INFEASIBLE,OPTIMAL
TRAF5,INFEASIBLE,OPTIMAL,OPTIMAL,INFEASIBLE
NEK2,INFEASIBLE,OPTIMAL,INFEASIBLE,INFEASIBLE
LPGAT1,INFEASIBLE,OPTIMAL,INFEASIBLE,INFEASIBLE
INTS7,INFEASIBLE,OPTIMAL,INFEASIBLE,INFEASIBLE
DTL,INFEASIBLE,OPTIMAL,INFEASIBLE,INFEASIBLE
PPP2R5A,INFEASIBLE,OPTIMAL,INFEASIBLE,INFEASIBLE
PACC1,INFEASIBLE,OPTIMAL,INFEASIBLE,OPTIMAL
NENF,OPTIMAL,INFEASIBLE,OPTIMAL,OPTIMAL
ATF3,OPTIMAL,OPTIMAL,OPTIMAL,OPTIMAL
BATF3,OPTIMAL,OPTIMAL,OPTIMAL,OPTIMAL
NSL1,INFEASIBLE,OPTIMAL,INFEASIBLE,OPTIMAL
TATDN3,OPTIMAL,OPTIMAL,OPTIMAL,OPTIMAL
FLVCR1,INFEASIBLE,OPTIMAL,INFEASIBLE,INFEASIBLE
ANGEL2,INFEASIBLE,OPTIMAL,INFEASIBLE,INFEASIBLE
RPS6KC1,INFEASIBLE,OPTIMAL,INFEASIBLE,INFEASIBLE
SMYD2,OPTIMAL,OPTIMAL,OPTIMAL,OPTIMAL
PTPN14,INFEASIBLE,OPTIMAL,INFEASIBLE,OPTIMAL
CENPF,INFEASIBLE,OPTIMAL,INFEASIBLE,INFEASIBLE
KCTD3,INFEASIBLE,OPTIMAL,INFEASIBLE,INFEASIBLE
ESRRG,OPTIMAL,INFEASIBLE,OPTIMAL,OPTIMAL
GPATCH2,INFEASIBLE,OPTIMAL,INFEASIBLE,INFEASIBLE
SPATA17,INFEASIBLE,OPTIMAL,OPTIMAL,OPTIMAL
RRP15,OPTIMAL,OPTIMAL,OPTIMAL,OPTIMAL
TGFB2,INFEASIBLE,INFEASIBLE,OPTIMAL,INFEASIBLE
LYPLAL1,INFEASIBLE,OPTIMAL,INFEASIBLE,OPTIMAL
SLC30A10,INFEASIBLE,INFEASIBLE,INFEASIBLE,INFEASIBLE
EPRS1,INFEASIBLE,OPTIMAL,INFEASIBLE,INFEASIBLE
BPNT1,OPTIMAL,INFEASIBLE,OPTIMAL,OPTIMAL
IARS2,INFEASIBLE,OPTIMAL,INFEASIBLE,OPTIMAL
RAB3GAP2,INFEASIBLE,OPTIMAL,INFEASIBLE,INFEASIBLE
MARK1,INFEASIBLE,OPTIMAL,INFEASIBLE,INFEASIBLE
MTARC2,INFEASIBLE,OPTIMAL,OPTIMAL,OPTIMAL
MTARC1,INFEASIBLE,OPTIMAL,INFEASIBLE,OPTIMAL
TAF1A,OPTIMAL,OPTIMAL,OPTIMAL,OPTIMAL
MIA3,INFEASIBLE,OPTIMAL,INFEASIBLE,INFEASIBLE
AIDA,INFEASIBLE,OPTIMAL,INFEASIBLE,INFEASIBLE
BROX,OPTIMAL,OPTIMAL,OPTIMAL,OPTIMAL
DISP1,OPTIMAL,OPTIMAL,INFEASIBLE,OPTIMAL
CAPN2,INFEASIBLE,OPTIMAL,OPTIMAL,OPTIMAL
TP53BP2,INFEASIBLE,OPTIMAL,INFEASIBLE,INFEASIBLE
FBXO28,INFEASIBLE,OPTIMAL,INFEASIBLE,INFEASIBLE
DEGS1,INFEASIBLE,OPTIMAL,INFEASIBLE,OPTIMAL
NVL,INFEASIBLE,OPTIMAL,INFEASIBLE,INFEASIBLE
CNIH4,OPTIMAL,OPTIMAL,OPTIMAL,OPTIMAL
WDR26,INFEASIBLE,OPTIMAL,OPTIMAL,INFEASIBLE
CNIH3,INFEASIBLE,OPTIMAL,INFEASIBLE,OPTIMAL
DNAH14,INFEASIBLE,OPTIMAL,INFEASIBLE,INFEASIBLE
LBR,INFEASIBLE,OPTIMAL,INFEASIBLE,INFEASIBLE
ENAH,INFEASIBLE,OPTIMAL,INFEASIBLE,INFEASIBLE
SRP9,INFEASIBLE,OPTIMAL,INFEASIBLE,OPTIMAL
EPHX1,OPTIMAL,OPTIMAL,OPTIMAL,OPTIMAL
TMEM63A,OPTIMAL,OPTIMAL,OPTIMAL,OPTIMAL
PYCR2,OPTIMAL,OPTIMAL,OPTIMAL,OPTIMAL
SDE2,INFEASIBLE,OPTIMAL,INFEASIBLE,INFEASIBLE
ACBD3,OPTIMAL,OPTIMAL,OPTIMAL,OPTIMAL
LIN9,INFEASIBLE,OPTIMAL,INFEASIBLE,INFEASIBLE
PARP1,INFEASIBLE,OPTIMAL,INFEASIBLE,OPTIMAL
ITPKB,INFEASIBLE,OPTIMAL,INFEASIBLE,OPTIMAL
PSEN2,OPTIMAL,OPTIMAL,OPTIMAL,OPTIMAL
COQ8A,OPTIMAL,OPTIMAL,OPTIMAL,OPTIMAL
CDC42BPA,INFEASIBLE,OPTIMAL,INFEASIBLE,INFEASIBLE
ZNF678,INFEASIBLE,OPTIMAL,INFEASIBLE,INFEASIBLE
SNAP47,OPTIMAL,OPTIMAL,INFEASIBLE,OPTIMAL
JMJD4,OPTIMAL,OPTIMAL,OPTIMAL,OPTIMAL
ARF1,INFEASIBLE,OPTIMAL,INFEASIBLE,OPTIMAL
C1orf35,OPTIMAL,OPTIMAL,OPTIMAL,OPTIMAL
MRPL55,OPTIMAL,OPTIMAL,OPTIMAL,OPTIMAL
GUK1,OPTIMAL,OPTIMAL,OPTIMAL,OPTIMAL
IBA57,OPTIMAL,OPTIMAL,OPTIMAL,OPTIMAL
TRIM11,INFEASIBLE,OPTIMAL,OPTIMAL,OPTIMAL
RNF187,OPTIMAL,OPTIMAL,OPTIMAL,OPTIMAL
RHOU,OPTIMAL,OPTIMAL,OPTIMAL,OPTIMAL
RAB4A,OPTIMAL,INFEASIBLE,OPTIMAL,OPTIMAL
CCSAP,INFEASIBLE,OPTIMAL,INFEASIBLE,INFEASIBLE
NUP133,INFEASIBLE,OPTIMAL,INFEASIBLE,OPTIMAL
ABCB10,OPTIMAL,OPTIMAL,INFEASIBLE,OPTIMAL
TAF5L,INFEASIBLE,OPTIMAL,INFEASIBLE,INFEASIBLE
URB2,INFEASIBLE,OPTIMAL,INFEASIBLE,INFEASIBLE
GALNT2,INFEASIBLE,OPTIMAL,INFEASIBLE,INFEASIBLE
PGBD5,OPTIMAL,OPTIMAL,OPTIMAL,OPTIMAL
COG2,INFEASIBLE,OPTIMAL,INFEASIBLE,OPTIMAL
C1orf198,OPTIMAL,OPTIMAL,OPTIMAL,OPTIMAL
TTC13,INFEASIBLE,OPTIMAL,INFEASIBLE,OPTIMAL
ARV1,INFEASIBLE,OPTIMAL,INFEASIBLE,OPTIMAL
FAM89A,OPTIMAL,OPTIMAL,OPTIMAL,OPTIMAL
C1orf131,OPTIMAL,OPTIMAL,OPTIMAL,OPTIMAL
GNPAT,INFEASIBLE,OPTIMAL,OPTIMAL,OPTIMAL
EXOC8,INFEASIBLE,OPTIMAL,INFEASIBLE,OPTIMAL
SPRTN,INFEASIBLE,OPTIMAL,INFEASIBLE,OPTIMAL
EGLN1,INFEASIBLE,OPTIMAL,INFEASIBLE,INFEASIBLE
TSNAX,INFEASIBLE,OPTIMAL,INFEASIBLE,OPTIMAL
DISC1,INFEASIBLE,OPTIMAL,INFEASIBLE,INFEASIBLE
SIPA1L2,INFEASIBLE,OPTIMAL,INFEASIBLE,OPTIMAL
NTPCR,OPTIMAL,OPTIMAL,OPTIMAL,OPTIMAL
PCNX2,INFEASIBLE,OPTIMAL,INFEASIBLE,INFEASIBLE
MAP3K21,INFEASIBLE,OPTIMAL,INFEASIBLE,INFEASIBLE
KCNK1,INFEASIBLE,OPTIMAL,INFEASIBLE,OPTIMAL
COA6,OPTIMAL,OPTIMAL,OPTIMAL,OPTIMAL
TARBP1,INFEASIBLE,OPTIMAL,INFEASIBLE,INFEASIBLE
IRF2BP2,INFEASIBLE,OPTIMAL,OPTIMAL,OPTIMAL
TOMM20,INFEASIBLE,OPTIMAL,INFEASIBLE,OPTIMAL
ARID4B,INFEASIBLE,OPTIMAL,INFEASIBLE,INFEASIBLE
GGPS1,INFEASIBLE,OPTIMAL,INFEASIBLE,INFEASIBLE
TBCE,INFEASIBLE,OPTIMAL,INFEASIBLE,INFEASIBLE
B3GALNT2,OPTIMAL,OPTIMAL,INFEASIBLE,OPTIMAL
GNG4,OPTIMAL,OPTIMAL,INFEASIBLE,OPTIMAL
LYST,INFEASIBLE,OPTIMAL,INFEASIBLE,OPTIMAL
NID1,INFEASIBLE,OPTIMAL,INFEASIBLE,OPTIMAL
GPR137B,OPTIMAL,OPTIMAL,OPTIMAL,OPTIMAL
ERO1B,INFEASIBLE,OPTIMAL,INFEASIBLE,INFEASIBLE
EDARADD,OPTIMAL,OPTIMAL,OPTIMAL,OPTIMAL
HEATR1,INFEASIBLE,OPTIMAL,INFEASIBLE,INFEASIBLE
ACTN2,OPTIMAL,OPTIMAL,OPTIMAL,OPTIMAL
MTR,INFEASIBLE,OPTIMAL,INFEASIBLE,INFEASIBLE
RYR2,INFEASIBLE,OPTIMAL,INFEASIBLE,OPTIMAL
CHRM3,INFEASIBLE,OPTIMAL,INFEASIBLE,INFEASIBLE
FMN2,INFEASIBLE,OPTIMAL,INFEASIBLE,OPTIMAL
RGS7,OPTIMAL,OPTIMAL,INFEASIBLE,OPTIMAL
FH,OPTIMAL,OPTIMAL,OPTIMAL,OPTIMAL
CHML,INFEASIBLE,OPTIMAL,INFEASIBLE,INFEASIBLE
EXO1,INFEASIBLE,OPTIMAL,INFEASIBLE,OPTIMAL
CEP170,INFEASIBLE,OPTIMAL,INFEASIBLE,INFEASIBLE
SDCCAG8,INFEASIBLE,OPTIMAL,INFEASIBLE,OPTIMAL
AKT3,INFEASIBLE,OPTIMAL,INFEASIBLE,INFEASIBLE
ZBTB18,INFEASIBLE,OPTIMAL,INFEASIBLE,OPTIMAL
ADSS2,INFEASIBLE,OPTIMAL,INFEASIBLE,INFEASIBLE
CATSPERE,OPTIMAL,OPTIMAL,INFEASIBLE,OPTIMAL
DESI2,INFEASIBLE,OPTIMAL,INFEASIBLE,INFEASIBLE
COX20,OPTIMAL,OPTIMAL,OPTIMAL,OPTIMAL
HNRNPU,INFEASIBLE,OPTIMAL,INFEASIBLE,INFEASIBLE
EFCAB2,INFEASIBLE,OPTIMAL,INFEASIBLE,OPTIMAL
KIF26B,OPTIMAL,OPTIMAL,OPTIMAL,OPTIMAL
SMYD3,INFEASIBLE,OPTIMAL,INFEASIBLE,INFEASIBLE
TFB2M,INFEASIBLE,OPTIMAL,OPTIMAL,OPTIMAL
CNST,INFEASIBLE,OPTIMAL,INFEASIBLE,OPTIMAL
SCCPDH,OPTIMAL,OPTIMAL,OPTIMAL,OPTIMAL
AHCTF1,INFEASIBLE,OPTIMAL,INFEASIBLE,INFEASIBLE
ZNF695,OPTIMAL,OPTIMAL,OPTIMAL,OPTIMAL
ZNF670,INFEASIBLE,OPTIMAL,OPTIMAL,OPTIMAL
ZNF124,INFEASIBLE,OPTIMAL,INFEASIBLE,OPTIMAL
ZNF496,INFEASIBLE,OPTIMAL,INFEASIBLE,OPTIMAL
SH3YL1,OPTIMAL,OPTIMAL,INFEASIBLE,OPTIMAL
ACP1,OPTIMAL,OPTIMAL,OPTIMAL,OPTIMAL
TMEM18,OPTIMAL,OPTIMAL,OPTIMAL,OPTIMAL
SNTG2,INFEASIBLE,OPTIMAL,INFEASIBLE,INFEASIBLE
PXDN,OPTIMAL,OPTIMAL,INFEASIBLE,OPTIMAL
EIPR1,INFEASIBLE,OPTIMAL,INFEASIBLE,INFEASIBLE
TRAPPC12,INFEASIBLE,OPTIMAL,INFEASIBLE,OPTIMAL
ADI1,OPTIMAL,OPTIMAL,OPTIMAL,OPTIMAL
RNASEH1,OPTIMAL,OPTIMAL,OPTIMAL,OPTIMAL
RPS7,OPTIMAL,OPTIMAL,OPTIMAL,OPTIMAL
DCDC2C,INFEASIBLE,INFEASIBLE,INFEASIBLE,INFEASIBLE
RNF144A,OPTIMAL,OPTIMAL,OPTIMAL,OPTIMAL
ID2,OPTIMAL,OPTIMAL,OPTIMAL,OPTIMAL
KIDINS220,INFEASIBLE,OPTIMAL,INFEASIBLE,INFEASIBLE
MBOAT2,INFEASIBLE,OPTIMAL,INFEASIBLE,INFEASIBLE
ASAP2,INFEASIBLE,OPTIMAL,OPTIMAL,INFEASIBLE
ITGB1BP1,OPTIMAL,OPTIMAL,OPTIMAL,OPTIMAL
CPSF3,INFEASIBLE,OPTIMAL,INFEASIBLE,OPTIMAL
IAH1,OPTIMAL,OPTIMAL,OPTIMAL,OPTIMAL
ADAM17,OPTIMAL,OPTIMAL,OPTIMAL,OPTIMAL
YWHAQ,INFEASIBLE,OPTIMAL,INFEASIBLE,OPTIMAL
TAF1B,INFEASIBLE,OPTIMAL,INFEASIBLE,INFEASIBLE
KLF11,OPTIMAL,OPTIMAL,OPTIMAL,OPTIMAL
RRM2,OPTIMAL,OPTIMAL,OPTIMAL,OPTIMAL
HPCAL1,OPTIMAL,OPTIMAL,OPTIMAL,OPTIMAL
ODC1,OPTIMAL,INFEASIBLE,OPTIMAL,OPTIMAL
NOL10,INFEASIBLE,OPTIMAL,INFEASIBLE,INFEASIBLE
PDIA6,INFEASIBLE,OPTIMAL,INFEASIBLE,INFEASIBLE
SLC66A3,OPTIMAL,OPTIMAL,OPTIMAL,OPTIMAL
ROCK2,INFEASIBLE,OPTIMAL,INFEASIBLE,INFEASIBLE
E2F6,INFEASIBLE,OPTIMAL,INFEASIBLE,INFEASIBLE
GREB1,OPTIMAL,OPTIMAL,INFEASIBLE,OPTIMAL
LPIN1,OPTIMAL,OPTIMAL,OPTIMAL,OPTIMAL
NBAS,INFEASIBLE,OPTIMAL,INFEASIBLE,INFEASIBLE
DDX1,OPTIMAL,OPTIMAL,INFEASIBLE,OPTIMAL
SMC6,INFEASIBLE,OPTIMAL,INFEASIBLE,INFEASIBLE
GEN1,INFEASIBLE,OPTIMAL,INFEASIBLE,INFEASIBLE
RDH14,INFEASIBLE,OPTIMAL,INFEASIBLE,OPTIMAL
TTC32,OPTIMAL,OPTIMAL,OPTIMAL,OPTIMAL
WDR35,INFEASIBLE,OPTIMAL,INFEASIBLE,INFEASIBLE
LAPTM4A,INFEASIBLE,OPTIMAL,INFEASIBLE,OPTIMAL
PUM2,INFEASIBLE,OPTIMAL,INFEASIBLE,INFEASIBLE
RHOB,OPTIMAL,INFEASIBLE,OPTIMAL,OPTIMAL
HS1BP3,OPTIMAL,OPTIMAL,OPTIMAL,OPTIMAL
LDAH,INFEASIBLE,OPTIMAL,INFEASIBLE,INFEASIBLE
KLHL29,INFEASIBLE,OPTIMAL,INFEASIBLE,OPTIMAL
ATAD2B,INFEASIBLE,OPTIMAL,INFEASIBLE,INFEASIBLE
UBXN2A,INFEASIBLE,OPTIMAL,INFEASIBLE,INFEASIBLE
WDCP,OPTIMAL,OPTIMAL,OPTIMAL,OPTIMAL
FKBP1B,OPTIMAL,INFEASIBLE,OPTIMAL,OPTIMAL
SF3B6,OPTIMAL,OPTIMAL,OPTIMAL,OPTIMAL
FAM228B,OPTIMAL,OPTIMAL,OPTIMAL,OPTIMAL
TP53I3,OPTIMAL,OPTIMAL,OPTIMAL,OPTIMAL
ITSN2,INFEASIBLE,OPTIMAL,INFEASIBLE,INFEASIBLE
NCOA1,INFEASIBLE,OPTIMAL,INFEASIBLE,INFEASIBLE
PTRHD1,OPTIMAL,OPTIMAL,OPTIMAL,OPTIMAL
CENPO,OPTIMAL,OPTIMAL,OPTIMAL,OPTIMAL
ADCY3,OPTIMAL,OPTIMAL,OPTIMAL,OPTIMAL
DNAJC27,OPTIMAL,OPTIMAL,OPTIMAL,OPTIMAL
EFR3B,OPTIMAL,OPTIMAL,OPTIMAL,OPTIMAL
DNMT3A,OPTIMAL,OPTIMAL,OPTIMAL,OPTIMAL
DTNB,INFEASIBLE,OPTIMAL,INFEASIBLE,OPTIMAL
ASXL2,INFEASIBLE,OPTIMAL,INFEASIBLE,INFEASIBLE
RAB10,INFEASIBLE,OPTIMAL,INFEASIBLE,INFEASIBLE
GAREM2,OPTIMAL,OPTIMAL,OPTIMAL,OPTIMAL
HADHA,INFEASIBLE,OPTIMAL,INFEASIBLE,INFEASIBLE
HADHB,OPTIMAL,OPTIMAL,OPTIMAL,OPTIMAL
SELENOI,INFEASIBLE,OPTIMAL,INFEASIBLE,INFEASIBLE
SLC35F6,OPTIMAL,OPTIMAL,OPTIMAL,OPTIMAL
CENPA,OPTIMAL,OPTIMAL,OPTIMAL,OPTIMAL
DPYSL5,OPTIMAL,OPTIMAL,INFEASIBLE,OPTIMAL
MAPRE3,INFEASIBLE,OPTIMAL,INFEASIBLE,OPTIMAL
TMEM214,INFEASIBLE,OPTIMAL,OPTIMAL,OPTIMAL
AGBL5,OPTIMAL,OPTIMAL,OPTIMAL,OPTIMAL
OST4,OPTIMAL,INFEASIBLE,OPTIMAL,OPTIMAL
KHK,OPTIMAL,OPTIMAL,OPTIMAL,OPTIMAL
PREB,OPTIMAL,OPTIMAL,OPTIMAL,OPTIMAL
SLC5A6,OPTIMAL,OPTIMAL,OPTIMAL,OPTIMAL
ATRAID,OPTIMAL,OPTIMAL,OPTIMAL,OPTIMAL
CAD,OPTIMAL,OPTIMAL,INFEASIBLE,OPTIMAL
MPV17,OPTIMAL,OPTIMAL,OPTIMAL,OPTIMAL
GTF3C2,INFEASIBLE,OPTIMAL,INFEASIBLE,OPTIMAL
EIF2B4,INFEASIBLE,OPTIMAL,INFEASIBLE,OPTIMAL
SNX17,OPTIMAL,OPTIMAL,INFEASIBLE,OPTIMAL
PPM1G,INFEASIBLE,INFEASIBLE,INFEASIBLE,OPTIMAL
NRBP1,INFEASIBLE,OPTIMAL,INFEASIBLE,INFEASIBLE
IFT172,INFEASIBLE,OPTIMAL,OPTIMAL,OPTIMAL
ZNF512,INFEASIBLE,OPTIMAL,INFEASIBLE,OPTIMAL
GPN1,OPTIMAL,OPTIMAL,OPTIMAL,OPTIMAL
SUPT7L,OPTIMAL,OPTIMAL,OPTIMAL,OPTIMAL
SLC4A1AP,INFEASIBLE,OPTIMAL,INFEASIBLE,INFEASIBLE
MRPL33,OPTIMAL,OPTIMAL,OPTIMAL,OPTIMAL
BABAM2,INFEASIBLE,OPTIMAL,INFEASIBLE,INFEASIBLE
PPP1CB,INFEASIBLE,INFEASIBLE,INFEASIBLE,INFEASIBLE
SPDYA,OPTIMAL,OPTIMAL,OPTIMAL,OPTIMAL
TRMT61B,OPTIMAL,OPTIMAL,OPTIMAL,OPTIMAL
WDR43,INFEASIBLE,OPTIMAL,INFEASIBLE,INFEASIBLE
CLIP4,INFEASIBLE,OPTIMAL,INFEASIBLE,OPTIMAL
YPEL5,INFEASIBLE,OPTIMAL,OPTIMAL,OPTIMAL
LCLAT1,INFEASIBLE,OPTIMAL,INFEASIBLE,INFEASIBLE
GALNT14,INFEASIBLE,OPTIMAL,INFEASIBLE,INFEASIBLE
EHD3,OPTIMAL,OPTIMAL,OPTIMAL,OPTIMAL
DPY30,OPTIMAL,OPTIMAL,OPTIMAL,OPTIMAL
SPAST,INFEASIBLE,OPTIMAL,INFEASIBLE,INFEASIBLE
SLC30A6,INFEASIBLE,OPTIMAL,INFEASIBLE,OPTIMAL
YIPF4,OPTIMAL,INFEASIBLE,OPTIMAL,OPTIMAL
BIRC6,INFEASIBLE,OPTIMAL,INFEASIBLE,INFEASIBLE
TTC27,INFEASIBLE,OPTIMAL,INFEASIBLE,INFEASIBLE
LTBP1,INFEASIBLE,OPTIMAL,INFEASIBLE,OPTIMAL
FAM98A,INFEASIBLE,OPTIMAL,INFEASIBLE,INFEASIBLE
CRIM1,INFEASIBLE,OPTIMAL,INFEASIBLE,OPTIMAL
FEZ2,INFEASIBLE,OPTIMAL,OPTIMAL,OPTIMAL
STRN,INFEASIBLE,OPTIMAL,INFEASIBLE,INFEASIBLE
HEATR5B,INFEASIBLE,OPTIMAL,INFEASIBLE,OPTIMAL
GPATCH11,OPTIMAL,OPTIMAL,OPTIMAL,OPTIMAL
EIF2AK2,INFEASIBLE,OPTIMAL,INFEASIBLE,INFEASIBLE
CEBPZOS,OPTIMAL,INFEASIBLE,OPTIMAL,OPTIMAL
CEBPZ,INFEASIBLE,OPTIMAL,INFEASIBLE,INFEASIBLE
NDUFAF7,INFEASIBLE,OPTIMAL,OPTIMAL,INFEASIBLE
PRKD3,INFEASIBLE,OPTIMAL,INFEASIBLE,OPTIMAL
QPCT,OPTIMAL,OPTIMAL,OPTIMAL,OPTIMAL
CDC42EP3,OPTIMAL,OPTIMAL,OPTIMAL,OPTIMAL
RMDN2,INFEASIBLE,OPTIMAL,INFEASIBLE,OPTIMAL
ATL2,INFEASIBLE,OPTIMAL,INFEASIBLE,OPTIMAL
HNRNPLL,INFEASIBLE,OPTIMAL,INFEASIBLE,OPTIMAL
GALM,OPTIMAL,OPTIMAL,OPTIMAL,OPTIMAL
SRSF7,OPTIMAL,OPTIMAL,OPTIMAL,OPTIMAL
GEMIN6,OPTIMAL,OPTIMAL,OPTIMAL,OPTIMAL
DHX57,INFEASIBLE,OPTIMAL,INFEASIBLE,OPTIMAL
MORN2,OPTIMAL,OPTIMAL,OPTIMAL,OPTIMAL
SOS1,INFEASIBLE,OPTIMAL,INFEASIBLE,INFEASIBLE
MAP4K3,INFEASIBLE,OPTIMAL,INFEASIBLE,INFEASIBLE
THUMPD2,INFEASIBLE,OPTIMAL,INFEASIBLE,OPTIMAL
SLC8A1,INFEASIBLE,OPTIMAL,INFEASIBLE,OPTIMAL
PKDCC,OPTIMAL,OPTIMAL,OPTIMAL,OPTIMAL
EML4,INFEASIBLE,OPTIMAL,INFEASIBLE,INFEASIBLE
COX7A2L,OPTIMAL,OPTIMAL,OPTIMAL,OPTIMAL
KCNG3,INFEASIBLE,OPTIMAL,INFEASIBLE,INFEASIBLE
MTA3,INFEASIBLE,OPTIMAL,INFEASIBLE,OPTIMAL
ZFP36L2,OPTIMAL,OPTIMAL,OPTIMAL,OPTIMAL
THADA,INFEASIBLE,OPTIMAL,INFEASIBLE,INFEASIBLE
PLEKHH2,OPTIMAL,OPTIMAL,OPTIMAL,OPTIMAL
DYNC2LI1,OPTIMAL,OPTIMAL,OPTIMAL,OPTIMAL
LRPPRC,INFEASIBLE,OPTIMAL,INFEASIBLE,INFEASIBLE
PPM1B,INFEASIBLE,OPTIMAL,INFEASIBLE,INFEASIBLE
PREPL,INFEASIBLE,OPTIMAL,INFEASIBLE,INFEASIBLE
CAMKMT,INFEASIBLE,OPTIMAL,INFEASIBLE,OPTIMAL
SIX2,OPTIMAL,OPTIMAL,OPTIMAL,OPTIMAL
SRBD1,INFEASIBLE,OPTIMAL,INFEASIBLE,INFEASIBLE
PRKCE,INFEASIBLE,OPTIMAL,INFEASIBLE,OPTIMAL
EPAS1,OPTIMAL,OPTIMAL,OPTIMAL,OPTIMAL
ATP6V1E2,OPTIMAL,OPTIMAL,OPTIMAL,OPTIMAL
RHOQ,OPTIMAL,OPTIMAL,OPTIMAL,OPTIMAL
PIGF,OPTIMAL,OPTIMAL,OPTIMAL,OPTIMAL
CRIPT,OPTIMAL,OPTIMAL,OPTIMAL,OPTIMAL
MCFD2,OPTIMAL,OPTIMAL,INFEASIBLE,OPTIMAL
TTC7A,OPTIMAL,OPTIMAL,OPTIMAL,OPTIMAL
CALM2,INFEASIBLE,OPTIMAL,INFEASIBLE,OPTIMAL
MSH2,OPTIMAL,INFEASIBLE,INFEASIBLE,OPTIMAL
MSH6,INFEASIBLE,OPTIMAL,INFEASIBLE,INFEASIBLE
FBXO11,INFEASIBLE,OPTIMAL,INFEASIBLE,INFEASIBLE
FOXN2,INFEASIBLE,OPTIMAL,INFEASIBLE,OPTIMAL
PPP1R21,OPTIMAL,OPTIMAL,INFEASIBLE,OPTIMAL
STON1,OPTIMAL,OPTIMAL,OPTIMAL,OPTIMAL
NRXN1,INFEASIBLE,INFEASIBLE,OPTIMAL,OPTIMAL
ASB3,INFEASIBLE,OPTIMAL,INFEASIBLE,INFEASIBLE
CHAC2,OPTIMAL,OPTIMAL,OPTIMAL,OPTIMAL
ERLEC1,INFEASIBLE,OPTIMAL,INFEASIBLE,INFEASIBLE
PSME4,INFEASIBLE,OPTIMAL,INFEASIBLE,INFEASIBLE
ACYP2,OPTIMAL,OPTIMAL,OPTIMAL,OPTIMAL
SPTBN1,INFEASIBLE,OPTIMAL,INFEASIBLE,INFEASIBLE
EML6,OPTIMAL,OPTIMAL,INFEASIBLE,OPTIMAL
RTN4,INFEASIBLE,OPTIMAL,INFEASIBLE,OPTIMAL
CLHC1,OPTIMAL,OPTIMAL,OPTIMAL,OPTIMAL
RPS27A,OPTIMAL,OPTIMAL,OPTIMAL,OPTIMAL
MTIF2,INFEASIBLE,OPTIMAL,INFEASIBLE,INFEASIBLE
CCDC88A,INFEASIBLE,OPTIMAL,INFEASIBLE,INFEASIBLE
CFAP36,OPTIMAL,OPTIMAL,OPTIMAL,OPTIMAL
PPP4R3B,INFEASIBLE,OPTIMAL,INFEASIBLE,INFEASIBLE
PNPT1,INFEASIBLE,OPTIMAL,INFEASIBLE,INFEASIBLE
VRK2,INFEASIBLE,OPTIMAL,INFEASIBLE,INFEASIBLE
FANCL,OPTIMAL,OPTIMAL,INFEASIBLE,OPTIMAL
BCL11A,INFEASIBLE,OPTIMAL,INFEASIBLE,OPTIMAL
PAPOLG,INFEASIBLE,OPTIMAL,OPTIMAL,INFEASIBLE
REL,OPTIMAL,OPTIMAL,INFEASIBLE,OPTIMAL
PUS10,INFEASIBLE,OPTIMAL,INFEASIBLE,OPTIMAL
PEX13,INFEASIBLE,OPTIMAL,OPTIMAL,OPTIMAL
SANBR,INFEASIBLE,OPTIMAL,INFEASIBLE,OPTIMAL
C2orf74,OPTIMAL,OPTIMAL,OPTIMAL,OPTIMAL
USP34,INFEASIBLE,OPTIMAL,INFEASIBLE,INFEASIBLE
XPO1,INFEASIBLE,OPTIMAL,INFEASIBLE,INFEASIBLE
FAM161A,OPTIMAL,OPTIMAL,OPTIMAL,OPTIMAL
CCT4,INFEASIBLE,OPTIMAL,INFEASIBLE,INFEASIBLE
COMMD1,OPTIMAL,OPTIMAL,OPTIMAL,OPTIMAL
B3GNT2,INFEASIBLE,OPTIMAL,INFEASIBLE,OPTIMAL
EHBP1,INFEASIBLE,OPTIMAL,INFEASIBLE,INFEASIBLE
WDPCP,INFEASIBLE,OPTIMAL,INFEASIBLE,OPTIMAL
MDH1,OPTIMAL,OPTIMAL,OPTIMAL,OPTIMAL
UGP2,INFEASIBLE,OPTIMAL,OPTIMAL,OPTIMAL
VPS54,INFEASIBLE,OPTIMAL,INFEASIBLE,INFEASIBLE
PELI1,INFEASIBLE,OPTIMAL,OPTIMAL,OPTIMAL
LGALSL,OPTIMAL,INFEASIBLE,OPTIMAL,OPTIMAL
AFTPH,INFEASIBLE,OPTIMAL,OPTIMAL,INFEASIBLE
SERTAD2,INFEASIBLE,OPTIMAL,INFEASIBLE,OPTIMAL
CEP68,OPTIMAL,OPTIMAL,OPTIMAL,OPTIMAL
RAB1A,INFEASIBLE,OPTIMAL,OPTIMAL,INFEASIBLE
ACTR2,INFEASIBLE,OPTIMAL,INFEASIBLE,INFEASIBLE
SPRED2,INFEASIBLE,OPTIMAL,OPTIMAL,OPTIMAL
MEIS1,OPTIMAL,OPTIMAL,INFEASIBLE,OPTIMAL
ETAA1,INFEASIBLE,OPTIMAL,INFEASIBLE,INFEASIBLE
C1D,OPTIMAL,OPTIMAL,OPTIMAL,OPTIMAL
DNAAF10,OPTIMAL,OPTIMAL,OPTIMAL,OPTIMAL
PNO1,INFEASIBLE,OPTIMAL,INFEASIBLE,OPTIMAL
PPP3R1,INFEASIBLE,OPTIMAL,INFEASIBLE,INFEASIBLE
CNRIP1,OPTIMAL,OPTIMAL,OPTIMAL,OPTIMAL
FBXO48,OPTIMAL,OPTIMAL,OPTIMAL,OPTIMAL
APLF,OPTIMAL,OPTIMAL,INFEASIBLE,OPTIMAL
ANTXR1,INFEASIBLE,OPTIMAL,INFEASIBLE,INFEASIBLE
GFPT1,INFEASIBLE,OPTIMAL,INFEASIBLE,INFEASIBLE
NFU1,OPTIMAL,OPTIMAL,OPTIMAL,OPTIMAL
AAK1,OPTIMAL,OPTIMAL,INFEASIBLE,OPTIMAL
ANXA4,OPTIMAL,OPTIMAL,OPTIMAL,OPTIMAL
GMCL1,INFEASIBLE,OPTIMAL,INFEASIBLE,OPTIMAL
SNRNP27,OPTIMAL,OPTIMAL,OPTIMAL,OPTIMAL
MXD1,INFEASIBLE,OPTIMAL,OPTIMAL,OPTIMAL
PCBP1,OPTIMAL,OPTIMAL,OPTIMAL,OPTIMAL
C2orf42,INFEASIBLE,OPTIMAL,OPTIMAL,OPTIMAL
TIA1,INFEASIBLE,OPTIMAL,INFEASIBLE,OPTIMAL
PCYOX1,INFEASIBLE,OPTIMAL,INFEASIBLE,OPTIMAL
SNRPG,INFEASIBLE,INFEASIBLE,OPTIMAL,OPTIMAL
FAM136A,OPTIMAL,OPTIMAL,INFEASIBLE,OPTIMAL
ADD2,OPTIMAL,OPTIMAL,INFEASIBLE,OPTIMAL
VAX2,OPTIMAL,OPTIMAL,OPTIMAL,OPTIMAL
TEX261,OPTIMAL,OPTIMAL,OPTIMAL,OPTIMAL
NAGK,OPTIMAL,OPTIMAL,OPTIMAL,OPTIMAL
MCEE,OPTIMAL,OPTIMAL,OPTIMAL,OPTIMAL
MPHOSPH10,INFEASIBLE,OPTIMAL,INFEASIBLE,INFEASIBLE
PAIP2B,INFEASIBLE,OPTIMAL,OPTIMAL,INFEASIBLE
ZNF638,INFEASIBLE,OPTIMAL,INFEASIBLE,INFEASIBLE
EXOC6B,INFEASIBLE,OPTIMAL,INFEASIBLE,INFEASIBLE
SPR,OPTIMAL,OPTIMAL,OPTIMAL,OPTIMAL
SFXN5,INFEASIBLE,OPTIMAL,INFEASIBLE,OPTIMAL
RAB11FIP5,INFEASIBLE,OPTIMAL,OPTIMAL,OPTIMAL
SMYD5,OPTIMAL,OPTIMAL,OPTIMAL,OPTIMAL
PRADC1,OPTIMAL,OPTIMAL,OPTIMAL,OPTIMAL
CCT7,OPTIMAL,OPTIMAL,OPTIMAL,OPTIMAL
ALMS1,INFEASIBLE,OPTIMAL,INFEASIBLE,INFEASIBLE
TPRKB,OPTIMAL,OPTIMAL,OPTIMAL,OPTIMAL
DUSP11,INFEASIBLE,OPTIMAL,OPTIMAL,OPTIMAL
STAMBP,OPTIMAL,OPTIMAL,OPTIMAL,OPTIMAL
DGUOK,OPTIMAL,OPTIMAL,OPTIMAL,OPTIMAL
TET3,INFEASIBLE,OPTIMAL,INFEASIBLE,OPTIMAL
BOLA3,OPTIMAL,INFEASIBLE,OPTIMAL,OPTIMAL
MOB1A,INFEASIBLE,OPTIMAL,OPTIMAL,OPTIMAL
MTHFD2,INFEASIBLE,OPTIMAL,INFEASIBLE,OPTIMAL
DCTN1,INFEASIBLE,OPTIMAL,INFEASIBLE,INFEASIBLE
WDR54,OPTIMAL,OPTIMAL,OPTIMAL,OPTIMAL
RTKN,OPTIMAL,OPTIMAL,OPTIMAL,OPTIMAL
INO80B,OPTIMAL,OPTIMAL,OPTIMAL,OPTIMAL
WBP1,OPTIMAL,OPTIMAL,OPTIMAL,OPTIMAL
MOGS,OPTIMAL,OPTIMAL,OPTIMAL,OPTIMAL
MRPL53,OPTIMAL,OPTIMAL,OPTIMAL,OPTIMAL
CCDC142,OPTIMAL,OPTIMAL,OPTIMAL,OPTIMAL
TTC31,INFEASIBLE,OPTIMAL,OPTIMAL,OPTIMAL
PCGF1,OPTIMAL,OPTIMAL,OPTIMAL,OPTIMAL
AUP1,OPTIMAL,OPTIMAL,OPTIMAL,OPTIMAL
HTRA2,OPTIMAL,OPTIMAL,OPTIMAL,OPTIMAL
DOK1,OPTIMAL,OPTIMAL,OPTIMAL,OPTIMAL
HK2,OPTIMAL,OPTIMAL,OPTIMAL,OPTIMAL
POLE4,OPTIMAL,OPTIMAL,OPTIMAL,OPTIMAL
MRPL19,INFEASIBLE,OPTIMAL,INFEASIBLE,OPTIMAL
GCFC2,INFEASIBLE,OPTIMAL,INFEASIBLE,INFEASIBLE
LRRTM4,OPTIMAL,OPTIMAL,INFEASIBLE,OPTIMAL
SUCLG1,OPTIMAL,OPTIMAL,OPTIMAL,OPTIMAL
DNAH6,INFEASIBLE,INFEASIBLE,OPTIMAL,INFEASIBLE
TMSB10,OPTIMAL,OPTIMAL,OPTIMAL,OPTIMAL
KCMF1,INFEASIBLE,OPTIMAL,INFEASIBLE,INFEASIBLE
TCF7L1,INFEASIBLE,OPTIMAL,INFEASIBLE,OPTIMAL
TGOLN2,INFEASIBLE,OPTIMAL,INFEASIBLE,OPTIMAL
RETSAT,OPTIMAL,OPTIMAL,OPTIMAL,OPTIMAL
ELMOD3,OPTIMAL,OPTIMAL,OPTIMAL,OPTIMAL
CAPG,OPTIMAL,OPTIMAL,OPTIMAL,OPTIMAL
MAT2A,INFEASIBLE,OPTIMAL,OPTIMAL,OPTIMAL
GGCX,OPTIMAL,OPTIMAL,OPTIMAL,OPTIMAL
VAMP8,OPTIMAL,OPTIMAL,OPTIMAL,OPTIMAL
RNF181,OPTIMAL,OPTIMAL,OPTIMAL,OPTIMAL
USP39,OPTIMAL,OPTIMAL,INFEASIBLE,OPTIMAL
C2orf68,INFEASIBLE,INFEASIBLE,OPTIMAL,INFEASIBLE
ST3GAL5,OPTIMAL,OPTIMAL,INFEASIBLE,OPTIMAL
POLR1A,INFEASIBLE,OPTIMAL,INFEASIBLE,INFEASIBLE
PTCD3,INFEASIBLE,OPTIMAL,INFEASIBLE,OPTIMAL
IMMT,INFEASIBLE,OPTIMAL,INFEASIBLE,OPTIMAL
MRPL35,OPTIMAL,OPTIMAL,OPTIMAL,OPTIMAL
REEP1,OPTIMAL,OPTIMAL,OPTIMAL,OPTIMAL
KDM3A,INFEASIBLE,OPTIMAL,INFEASIBLE,INFEASIBLE
CHMP3,OPTIMAL,OPTIMAL,OPTIMAL,OPTIMAL
RNF103,INFEASIBLE,OPTIMAL,INFEASIBLE,INFEASIBLE
RMND5A,INFEASIBLE,OPTIMAL,INFEASIBLE,OPTIMAL
KRCC1,INFEASIBLE,OPTIMAL,INFEASIBLE,OPTIMAL
EIF2AK3,INFEASIBLE,OPTIMAL,INFEASIBLE,OPTIMAL
RPIA,OPTIMAL,INFEASIBLE,OPTIMAL,OPTIMAL
MRPS5,OPTIMAL,OPTIMAL,INFEASIBLE,OPTIMAL
ZNF514,OPTIMAL,OPTIMAL,OPTIMAL,OPTIMAL
ZNF2,OPTIMAL,OPTIMAL,OPTIMAL,OPTIMAL
FAHD2A,OPTIMAL,OPTIMAL,OPTIMAL,OPTIMAL
ANKRD36C,INFEASIBLE,OPTIMAL,INFEASIBLE,INFEASIBLE
DUSP2,OPTIMAL,OPTIMAL,OPTIMAL,OPTIMAL
STARD7,INFEASIBLE,OPTIMAL,INFEASIBLE,INFEASIBLE
TMEM127,OPTIMAL,OPTIMAL,OPTIMAL,OPTIMAL
CIAO1,OPTIMAL,OPTIMAL,OPTIMAL,OPTIMAL
SNRNP200,INFEASIBLE,OPTIMAL,INFEASIBLE,INFEASIBLE
ITPRIPL1,OPTIMAL,OPTIMAL,OPTIMAL,OPTIMAL
NCAPH,INFEASIBLE,OPTIMAL,OPTIMAL,INFEASIBLE
KANSL3,INFEASIBLE,OPTIMAL,INFEASIBLE,OPTIMAL
LMAN2L,INFEASIBLE,OPTIMAL,INFEASIBLE,OPTIMAL
CNNM4,INFEASIBLE,OPTIMAL,INFEASIBLE,OPTIMAL
CNNM3,OPTIMAL,OPTIMAL,OPTIMAL,OPTIMAL
ANKRD39,OPTIMAL,OPTIMAL,OPTIMAL,OPTIMAL
FAHD2B,OPTIMAL,OPTIMAL,OPTIMAL,OPTIMAL
ANKRD36,INFEASIBLE,OPTIMAL,INFEASIBLE,OPTIMAL
ANKRD36B,OPTIMAL,OPTIMAL,OPTIMAL,OPTIMAL
COX5B,OPTIMAL,OPTIMAL,OPTIMAL,OPTIMAL
ACTR1B,OPTIMAL,OPTIMAL,OPTIMAL,OPTIMAL
C2orf92,OPTIMAL,OPTIMAL,OPTIMAL,OPTIMAL
TMEM131,INFEASIBLE,OPTIMAL,INFEASIBLE,INFEASIBLE
INPP4A,INFEASIBLE,OPTIMAL,INFEASIBLE,INFEASIBLE
COA5,OPTIMAL,OPTIMAL,OPTIMAL,OPTIMAL
UNC50,OPTIMAL,OPTIMAL,OPTIMAL,OPTIMAL
MGAT4A,INFEASIBLE,OPTIMAL,INFEASIBLE,OPTIMAL
TSGA10,OPTIMAL,OPTIMAL,OPTIMAL,OPTIMAL
LIPT1,OPTIMAL,OPTIMAL,OPTIMAL,OPTIMAL
MITD1,OPTIMAL,INFEASIBLE,OPTIMAL,OPTIMAL
MRPL30,INFEASIBLE,OPTIMAL,INFEASIBLE,INFEASIBLE
TXNDC9,OPTIMAL,OPTIMAL,OPTIMAL,OPTIMAL
EIF5B,OPTIMAL,OPTIMAL,OPTIMAL,OPTIMAL
REV1,INFEASIBLE,OPTIMAL,INFEASIBLE,OPTIMAL
AFF3,INFEASIBLE,OPTIMAL,INFEASIBLE,INFEASIBLE
LONRF2,INFEASIBLE,OPTIMAL,INFEASIBLE,INFEASIBLE
CHST10,OPTIMAL,OPTIMAL,OPTIMAL,OPTIMAL
PDCL3,OPTIMAL,OPTIMAL,OPTIMAL,OPTIMAL
NPAS2,OPTIMAL,OPTIMAL,INFEASIBLE,OPTIMAL
RPL31,OPTIMAL,OPTIMAL,OPTIMAL,OPTIMAL
TBC1D8,OPTIMAL,OPTIMAL,OPTIMAL,OPTIMAL
CNOT11,INFEASIBLE,OPTIMAL,OPTIMAL,OPTIMAL
RNF149,INFEASIBLE,OPTIMAL,INFEASIBLE,INFEASIBLE
MAP4K4,INFEASIBLE,INFEASIBLE,INFEASIBLE,INFEASIBLE
MFSD9,INFEASIBLE,OPTIMAL,OPTIMAL,OPTIMAL
TMEM182,INFEASIBLE,OPTIMAL,INFEASIBLE,INFEASIBLE
POU3F3,INFEASIBLE,OPTIMAL,INFEASIBLE,OPTIMAL
MRPS9,INFEASIBLE,OPTIMAL,INFEASIBLE,OPTIMAL
TGFBRAP1,INFEASIBLE,OPTIMAL,INFEASIBLE,OPTIMAL
C2orf49,OPTIMAL,OPTIMAL,OPTIMAL,OPTIMAL
FHL2,OPTIMAL,OPTIMAL,OPTIMAL,OPTIMAL
NCK2,INFEASIBLE,OPTIMAL,INFEASIBLE,OPTIMAL
UXS1,INFEASIBLE,OPTIMAL,INFEASIBLE,INFEASIBLE
GCC2,INFEASIBLE,OPTIMAL,INFEASIBLE,INFEASIBLE
LIMS1,INFEASIBLE,OPTIMAL,INFEASIBLE,INFEASIBLE
RANBP2,INFEASIBLE,OPTIMAL,INFEASIBLE,INFEASIBLE
CCDC138,INFEASIBLE,OPTIMAL,INFEASIBLE,INFEASIBLE
SH3RF3,INFEASIBLE,OPTIMAL,INFEASIBLE,INFEASIBLE
SEPTIN10,INFEASIBLE,OPTIMAL,INFEASIBLE,OPTIMAL
SOWAHC,OPTIMAL,OPTIMAL,OPTIMAL,OPTIMAL
NPHP1,OPTIMAL,OPTIMAL,OPTIMAL,OPTIMAL
MTLN,INFEASIBLE,INFEASIBLE,OPTIMAL,INFEASIBLE
BUB1,INFEASIBLE,OPTIMAL,INFEASIBLE,INFEASIBLE
BCL2L11,INFEASIBLE,OPTIMAL,OPTIMAL,OPTIMAL
ANAPC1,INFEASIBLE,OPTIMAL,INFEASIBLE,INFEASIBLE
MERTK,INFEASIBLE,OPTIMAL,OPTIMAL,OPTIMAL
TMEM87B,INFEASIBLE,OPTIMAL,OPTIMAL,OPTIMAL
ZC3H8,INFEASIBLE,OPTIMAL,OPTIMAL,OPTIMAL
ZC3H6,OPTIMAL,OPTIMAL,OPTIMAL,OPTIMAL
RGPD8,OPTIMAL,INFEASIBLE,OPTIMAL,OPTIMAL
TTL,INFEASIBLE,OPTIMAL,INFEASIBLE,OPTIMAL
POLR1B,INFEASIBLE,OPTIMAL,INFEASIBLE,INFEASIBLE
CHCHD5,OPTIMAL,OPTIMAL,OPTIMAL,OPTIMAL
SLC20A1,OPTIMAL,OPTIMAL,OPTIMAL,OPTIMAL
CKAP2L,INFEASIBLE,OPTIMAL,OPTIMAL,OPTIMAL
ZNG1B,INFEASIBLE,OPTIMAL,INFEASIBLE,OPTIMAL
RABL2A,OPTIMAL,OPTIMAL,OPTIMAL,OPTIMAL
SLC35F5,INFEASIBLE,OPTIMAL,OPTIMAL,INFEASIBLE
ACTR3,INFEASIBLE,OPTIMAL,INFEASIBLE,INFEASIBLE
DDX18,OPTIMAL,INFEASIBLE,OPTIMAL,OPTIMAL
CCDC93,INFEASIBLE,OPTIMAL,OPTIMAL,INFEASIBLE
INSIG2,INFEASIBLE,OPTIMAL,OPTIMAL,OPTIMAL
STEAP3,INFEASIBLE,OPTIMAL,INFEASIBLE,OPTIMAL
C2orf76,OPTIMAL,OPTIMAL,INFEASIBLE,OPTIMAL
DBI,OPTIMAL,OPTIMAL,OPTIMAL,OPTIMAL
TMEM177,OPTIMAL,OPTIMAL,OPTIMAL,OPTIMAL
PTPN4,INFEASIBLE,OPTIMAL,INFEASIBLE,INFEASIBLE
EPB41L5,INFEASIBLE,OPTIMAL,INFEASIBLE,INFEASIBLE
TMEM185B,OPTIMAL,OPTIMAL,OPTIMAL,OPTIMAL
RALB,INFEASIBLE,OPTIMAL,OPTIMAL,INFEASIBLE
GLI2,INFEASIBLE,OPTIMAL,INFEASIBLE,OPTIMAL
CLASP1,INFEASIBLE,OPTIMAL,INFEASIBLE,INFEASIBLE
NIFK,OPTIMAL,OPTIMAL,OPTIMAL,OPTIMAL
TSN,INFEASIBLE,OPTIMAL,OPTIMAL,INFEASIBLE
GYPC,OPTIMAL,INFEASIBLE,OPTIMAL,OPTIMAL
BIN1,OPTIMAL,OPTIMAL,OPTIMAL,OPTIMAL
ERCC3,INFEASIBLE,OPTIMAL,INFEASIBLE,OPTIMAL
MAP3K2,INFEASIBLE,OPTIMAL,INFEASIBLE,INFEASIBLE
IWS1,INFEASIBLE,OPTIMAL,INFEASIBLE,INFEASIBLE
WDR33,INFEASIBLE,OPTIMAL,INFEASIBLE,INFEASIBLE
SFT2D3,OPTIMAL,OPTIMAL,OPTIMAL,OPTIMAL
POLR2D,OPTIMAL,OPTIMAL,OPTIMAL,OPTIMAL
AMMECR1L,INFEASIBLE,OPTIMAL,OPTIMAL,INFEASIBLE
SAP130,INFEASIBLE,OPTIMAL,INFEASIBLE,OPTIMAL
UGGT1,INFEASIBLE,OPTIMAL,INFEASIBLE,INFEASIBLE
HS6ST1,OPTIMAL,OPTIMAL,OPTIMAL,OPTIMAL
SMPD4,OPTIMAL,OPTIMAL,INFEASIBLE,OPTIMAL
MZT2B,INFEASIBLE,OPTIMAL,OPTIMAL,OPTIMAL
CCDC115,OPTIMAL,OPTIMAL,OPTIMAL,OPTIMAL
IMP4,OPTIMAL,INFEASIBLE,OPTIMAL,OPTIMAL
PTPN18,OPTIMAL,OPTIMAL,OPTIMAL,OPTIMAL
ARHGEF4,INFEASIBLE,INFEASIBLE,OPTIMAL,OPTIMAL
FAM168B,INFEASIBLE,OPTIMAL,INFEASIBLE,OPTIMAL
PLEKHB2,INFEASIBLE,OPTIMAL,INFEASIBLE,OPTIMAL
MZT2A,OPTIMAL,OPTIMAL,OPTIMAL,OPTIMAL
CCDC74A,OPTIMAL,OPTIMAL,INFEASIBLE,OPTIMAL
LYPD1,OPTIMAL,INFEASIBLE,OPTIMAL,OPTIMAL
NCKAP5,OPTIMAL,OPTIMAL,OPTIMAL,OPTIMAL
MGAT5,INFEASIBLE,OPTIMAL,INFEASIBLE,INFEASIBLE
TMEM163,OPTIMAL,OPTIMAL,OPTIMAL,OPTIMAL
CCNT2,INFEASIBLE,OPTIMAL,INFEASIBLE,INFEASIBLE
RAB3GAP1,INFEASIBLE,OPTIMAL,INFEASIBLE,INFEASIBLE
ZRANB3,INFEASIBLE,OPTIMAL,INFEASIBLE,INFEASIBLE
R3HDM1,INFEASIBLE,OPTIMAL,INFEASIBLE,INFEASIBLE
UBXN4,INFEASIBLE,OPTIMAL,OPTIMAL,OPTIMAL
MCM6,OPTIMAL,OPTIMAL,INFEASIBLE,OPTIMAL
DARS1,INFEASIBLE,OPTIMAL,INFEASIBLE,INFEASIBLE
SPOPL,INFEASIBLE,OPTIMAL,INFEASIBLE,INFEASIBLE
LRP1B,OPTIMAL,OPTIMAL,INFEASIBLE,OPTIMAL
ARHGAP15,OPTIMAL,INFEASIBLE,OPTIMAL,OPTIMAL
GTDC1,INFEASIBLE,OPTIMAL,OPTIMAL,OPTIMAL
ZEB2,INFEASIBLE,OPTIMAL,INFEASIBLE,INFEASIBLE
ACVR2A,INFEASIBLE,OPTIMAL,INFEASIBLE,INFEASIBLE
ORC4,INFEASIBLE,OPTIMAL,INFEASIBLE,OPTIMAL
MBD5,INFEASIBLE,OPTIMAL,INFEASIBLE,INFEASIBLE
EPC2,INFEASIBLE,OPTIMAL,INFEASIBLE,INFEASIBLE
KIF5C,OPTIMAL,OPTIMAL,OPTIMAL,OPTIMAL
LYPD6B,OPTIMAL,OPTIMAL,OPTIMAL,OPTIMAL
LYPD6,OPTIMAL,OPTIMAL,OPTIMAL,OPTIMAL
MMADHC,OPTIMAL,OPTIMAL,OPTIMAL,OPTIMAL
RND3,OPTIMAL,OPTIMAL,OPTIMAL,OPTIMAL
RIF1,INFEASIBLE,OPTIMAL,INFEASIBLE,INFEASIBLE
NEB,OPTIMAL,OPTIMAL,OPTIMAL,OPTIMAL
ARL5A,OPTIMAL,OPTIMAL,OPTIMAL,OPTIMAL
CACNB4,INFEASIBLE,OPTIMAL,INFEASIBLE,OPTIMAL
STAM2,INFEASIBLE,OPTIMAL,INFEASIBLE,INFEASIBLE
FMNL2,INFEASIBLE,OPTIMAL,INFEASIBLE,INFEASIBLE
PRPF40A,INFEASIBLE,OPTIMAL,INFEASIBLE,INFEASIBLE
ARL6IP6,OPTIMAL,OPTIMAL,INFEASIBLE,OPTIMAL
GALNT13,INFEASIBLE,OPTIMAL,INFEASIBLE,INFEASIBLE
KCNJ3,INFEASIBLE,INFEASIBLE,OPTIMAL,INFEASIBLE
GPD2,INFEASIBLE,OPTIMAL,INFEASIBLE,INFEASIBLE
ACVR1,OPTIMAL,OPTIMAL,INFEASIBLE,OPTIMAL
PKP4,INFEASIBLE,OPTIMAL,INFEASIBLE,INFEASIBLE
DAPL1,OPTIMAL,INFEASIBLE,OPTIMAL,OPTIMAL
TANC1,INFEASIBLE,OPTIMAL,INFEASIBLE,OPTIMAL
WDSUB1,OPTIMAL,OPTIMAL,OPTIMAL,OPTIMAL
BAZ2B,INFEASIBLE,OPTIMAL,INFEASIBLE,INFEASIBLE
MARCHF7,INFEASIBLE,OPTIMAL,INFEASIBLE,INFEASIBLE
CD302,OPTIMAL,OPTIMAL,OPTIMAL,OPTIMAL
RBMS1,INFEASIBLE,OPTIMAL,INFEASIBLE,INFEASIBLE
TANK,INFEASIBLE,OPTIMAL,INFEASIBLE,INFEASIBLE
PSMD14,OPTIMAL,OPTIMAL,OPTIMAL,OPTIMAL
GCA,OPTIMAL,OPTIMAL,OPTIMAL,OPTIMAL
FIGN,INFEASIBLE,OPTIMAL,INFEASIBLE,OPTIMAL
GRB14,INFEASIBLE,OPTIMAL,INFEASIBLE,OPTIMAL
COBLL1,INFEASIBLE,OPTIMAL,INFEASIBLE,INFEASIBLE
CSRNP3,OPTIMAL,OPTIMAL,INFEASIBLE,OPTIMAL
TTC21B,INFEASIBLE,OPTIMAL,INFEASIBLE,OPTIMAL
STK39,INFEASIBLE,OPTIMAL,INFEASIBLE,INFEASIBLE
CERS6,INFEASIBLE,OPTIMAL,INFEASIBLE,INFEASIBLE
SPC25,OPTIMAL,OPTIMAL,OPTIMAL,OPTIMAL
LRP2,OPTIMAL,OPTIMAL,INFEASIBLE,OPTIMAL
BBS5,INFEASIBLE,OPTIMAL,INFEASIBLE,OPTIMAL
FASTKD1,INFEASIBLE,OPTIMAL,INFEASIBLE,OPTIMAL
PPIG,INFEASIBLE,OPTIMAL,OPTIMAL,OPTIMAL
CFAP210,OPTIMAL,OPTIMAL,OPTIMAL,OPTIMAL
PHOSPHO2,OPTIMAL,OPTIMAL,OPTIMAL,OPTIMAL
KLHL23,INFEASIBLE,OPTIMAL,INFEASIBLE,OPTIMAL
SSB,OPTIMAL,OPTIMAL,OPTIMAL,OPTIMAL
METTL5,OPTIMAL,INFEASIBLE,OPTIMAL,OPTIMAL
UBR3,INFEASIBLE,OPTIMAL,INFEASIBLE,INFEASIBLE
ERICH2,OPTIMAL,OPTIMAL,OPTIMAL,OPTIMAL
GAD1,OPTIMAL,OPTIMAL,OPTIMAL,OPTIMAL
GORASP2,INFEASIBLE,OPTIMAL,INFEASIBLE,INFEASIBLE
TLK1,INFEASIBLE,OPTIMAL,INFEASIBLE,INFEASIBLE
METTL8,INFEASIBLE,OPTIMAL,INFEASIBLE,INFEASIBLE
DCAF17,INFEASIBLE,OPTIMAL,INFEASIBLE,INFEASIBLE
CYBRD1,OPTIMAL,OPTIMAL,OPTIMAL,OPTIMAL
DYNC1I2,OPTIMAL,OPTIMAL,OPTIMAL,OPTIMAL
SLC25A12,INFEASIBLE,OPTIMAL,INFEASIBLE,OPTIMAL
HAT1,INFEASIBLE,OPTIMAL,INFEASIBLE,OPTIMAL
METAP1D,INFEASIBLE,OPTIMAL,INFEASIBLE,OPTIMAL
DLX1,OPTIMAL,OPTIMAL,OPTIMAL,OPTIMAL
DLX2,OPTIMAL,OPTIMAL,OPTIMAL,OPTIMAL
ITGA6,INFEASIBLE,OPTIMAL,INFEASIBLE,INFEASIBLE
PDK1,OPTIMAL,OPTIMAL,INFEASIBLE,OPTIMAL
RAPGEF4,INFEASIBLE,OPTIMAL,INFEASIBLE,OPTIMAL
MAP3K20,INFEASIBLE,OPTIMAL,INFEASIBLE,INFEASIBLE
CDCA7,INFEASIBLE,OPTIMAL,INFEASIBLE,INFEASIBLE
SP3,INFEASIBLE,OPTIMAL,INFEASIBLE,INFEASIBLE
OLA1,INFEASIBLE,OPTIMAL,INFEASIBLE,INFEASIBLE
SP9,OPTIMAL,OPTIMAL,OPTIMAL,OPTIMAL
CIR1,OPTIMAL,OPTIMAL,OPTIMAL,OPTIMAL
SCRN3,INFEASIBLE,OPTIMAL,INFEASIBLE,INFEASIBLE
GPR155,OPTIMAL,OPTIMAL,OPTIMAL,OPTIMAL
WIPF1,OPTIMAL,OPTIMAL,INFEASIBLE,OPTIMAL
CHN1,INFEASIBLE,OPTIMAL,INFEASIBLE,INFEASIBLE
ATF2,INFEASIBLE,OPTIMAL,INFEASIBLE,INFEASIBLE
ATP5MC3,INFEASIBLE,INFEASIBLE,OPTIMAL,OPTIMAL
LNPK,OPTIMAL,OPTIMAL,OPTIMAL,OPTIMAL
HOXD13,INFEASIBLE,OPTIMAL,INFEASIBLE,OPTIMAL
HOXD11,INFEASIBLE,OPTIMAL,INFEASIBLE,OPTIMAL
HOXD10,INFEASIBLE,OPTIMAL,INFEASIBLE,OPTIMAL
HOXD9,OPTIMAL,OPTIMAL,OPTIMAL,OPTIMAL
HOXD8,OPTIMAL,OPTIMAL,OPTIMAL,OPTIMAL
HOXD3,OPTIMAL,OPTIMAL,INFEASIBLE,OPTIMAL
MTX2,INFEASIBLE,OPTIMAL,INFEASIBLE,OPTIMAL
HNRNPA3,INFEASIBLE,OPTIMAL,INFEASIBLE,INFEASIBLE
NFE2L2,INFEASIBLE,OPTIMAL,INFEASIBLE,OPTIMAL
AGPS,INFEASIBLE,OPTIMAL,INFEASIBLE,INFEASIBLE
PDE11A,INFEASIBLE,INFEASIBLE,INFEASIBLE,OPTIMAL
RBM45,INFEASIBLE,OPTIMAL,INFEASIBLE,OPTIMAL
OSBPL6,INFEASIBLE,OPTIMAL,INFEASIBLE,INFEASIBLE
PRKRA,OPTIMAL,OPTIMAL,OPTIMAL,OPTIMAL
PJVK,OPTIMAL,OPTIMAL,OPTIMAL,OPTIMAL
FKBP7,OPTIMAL,OPTIMAL,OPTIMAL,OPTIMAL
PLEKHA3,OPTIMAL,OPTIMAL,OPTIMAL,OPTIMAL
TTN,OPTIMAL,OPTIMAL,OPTIMAL,OPTIMAL
SESTD1,INFEASIBLE,OPTIMAL,INFEASIBLE,INFEASIBLE
ZNF385B,INFEASIBLE,OPTIMAL,INFEASIBLE,INFEASIBLE
CWC22,INFEASIBLE,OPTIMAL,INFEASIBLE,INFEASIBLE
UBE2E3,OPTIMAL,OPTIMAL,INFEASIBLE,OPTIMAL
ITGA4,INFEASIBLE,OPTIMAL,INFEASIBLE,OPTIMAL
NEUROD1,INFEASIBLE,INFEASIBLE,INFEASIBLE,INFEASIBLE
ITPRID2,INFEASIBLE,OPTIMAL,OPTIMAL,INFEASIBLE
DNAJC10,INFEASIBLE,OPTIMAL,INFEASIBLE,INFEASIBLE
NCKAP1,INFEASIBLE,OPTIMAL,INFEASIBLE,INFEASIBLE
DUSP19,INFEASIBLE,OPTIMAL,OPTIMAL,OPTIMAL
NUP35,INFEASIBLE,OPTIMAL,INFEASIBLE,INFEASIBLE
ZNF804A,INFEASIBLE,OPTIMAL,INFEASIBLE,INFEASIBLE
ZC3H15,OPTIMAL,OPTIMAL,OPTIMAL,OPTIMAL
ITGAV,INFEASIBLE,OPTIMAL,INFEASIBLE,INFEASIBLE
FAM171B,OPTIMAL,OPTIMAL,OPTIMAL,OPTIMAL
TFPI,INFEASIBLE,OPTIMAL,INFEASIBLE,OPTIMAL
GULP1,INFEASIBLE,OPTIMAL,INFEASIBLE,INFEASIBLE
WDR75,INFEASIBLE,OPTIMAL,INFEASIBLE,INFEASIBLE
ASNSD1,OPTIMAL,OPTIMAL,OPTIMAL,OPTIMAL
ANKAR,INFEASIBLE,OPTIMAL,INFEASIBLE,OPTIMAL
OSGEPL1,INFEASIBLE,OPTIMAL,OPTIMAL,OPTIMAL
ORMDL1,OPTIMAL,OPTIMAL,OPTIMAL,OPTIMAL
PMS1,INFEASIBLE,OPTIMAL,INFEASIBLE,OPTIMAL
C2orf88,OPTIMAL,OPTIMAL,OPTIMAL,OPTIMAL
HIBCH,INFEASIBLE,OPTIMAL,INFEASIBLE,INFEASIBLE
INPP1,OPTIMAL,OPTIMAL,OPTIMAL,OPTIMAL
NAB1,INFEASIBLE,OPTIMAL,INFEASIBLE,INFEASIBLE
GLS,INFEASIBLE,OPTIMAL,INFEASIBLE,INFEASIBLE
STAT1,INFEASIBLE,OPTIMAL,INFEASIBLE,INFEASIBLE
MYO1B,INFEASIBLE,OPTIMAL,INFEASIBLE,INFEASIBLE
NABP1,INFEASIBLE,INFEASIBLE,OPTIMAL,INFEASIBLE
SLC39A10,INFEASIBLE,OPTIMAL,INFEASIBLE,OPTIMAL
STK17B,OPTIMAL,OPTIMAL,OPTIMAL,OPTIMAL
HECW2,OPTIMAL,OPTIMAL,INFEASIBLE,OPTIMAL
CCDC150,OPTIMAL,OPTIMAL,OPTIMAL,OPTIMAL
GTF3C3,INFEASIBLE,OPTIMAL,INFEASIBLE,INFEASIBLE
PGAP1,INFEASIBLE,OPTIMAL,INFEASIBLE,INFEASIBLE
ANKRD44,OPTIMAL,OPTIMAL,INFEASIBLE,OPTIMAL
SF3B1,INFEASIBLE,OPTIMAL,INFEASIBLE,INFEASIBLE
COQ10B,INFEASIBLE,OPTIMAL,OPTIMAL,OPTIMAL
HSPD1,INFEASIBLE,OPTIMAL,INFEASIBLE,INFEASIBLE
HSPE1,OPTIMAL,INFEASIBLE,OPTIMAL,OPTIMAL
MOB4,OPTIMAL,OPTIMAL,OPTIMAL,OPTIMAL
MARS2,INFEASIBLE,OPTIMAL,OPTIMAL,OPTIMAL
PLCL1,OPTIMAL,OPTIMAL,OPTIMAL,OPTIMAL
SATB2,INFEASIBLE,OPTIMAL,INFEASIBLE,OPTIMAL
FTCDNL1,OPTIMAL,OPTIMAL,OPTIMAL,OPTIMAL
C2orf69,OPTIMAL,OPTIMAL,OPTIMAL,OPTIMAL
TYW5,OPTIMAL,OPTIMAL,OPTIMAL,OPTIMAL
MAIP1,OPTIMAL,OPTIMAL,OPTIMAL,OPTIMAL
SPATS2L,OPTIMAL,OPTIMAL,OPTIMAL,OPTIMAL
SGO2,INFEASIBLE,OPTIMAL,INFEASIBLE,INFEASIBLE
BZW1,INFEASIBLE,OPTIMAL,INFEASIBLE,INFEASIBLE
CLK1,INFEASIBLE,OPTIMAL,OPTIMAL,OPTIMAL
PPIL3,OPTIMAL,OPTIMAL,INFEASIBLE,OPTIMAL
NIF3L1,OPTIMAL,OPTIMAL,INFEASIBLE,OPTIMAL
ORC2,INFEASIBLE,OPTIMAL,INFEASIBLE,INFEASIBLE
HYCC2,OPTIMAL,OPTIMAL,OPTIMAL,OPTIMAL
NDUFB3,OPTIMAL,OPTIMAL,OPTIMAL,OPTIMAL
CFLAR,INFEASIBLE,OPTIMAL,OPTIMAL,OPTIMAL
CASP10,OPTIMAL,OPTIMAL,OPTIMAL,OPTIMAL
CASP8,INFEASIBLE,OPTIMAL,INFEASIBLE,INFEASIBLE
TRAK2,INFEASIBLE,OPTIMAL,OPTIMAL,OPTIMAL
STRADB,OPTIMAL,OPTIMAL,OPTIMAL,OPTIMAL
TMEM237,OPTIMAL,OPTIMAL,OPTIMAL,OPTIMAL
ALS2,INFEASIBLE,OPTIMAL,INFEASIBLE,INFEASIBLE
SUMO1,OPTIMAL,OPTIMAL,OPTIMAL,OPTIMAL
NOP58,INFEASIBLE,OPTIMAL,INFEASIBLE,INFEASIBLE
BMPR2,INFEASIBLE,OPTIMAL,INFEASIBLE,INFEASIBLE
FAM117B,INFEASIBLE,OPTIMAL,INFEASIBLE,INFEASIBLE
ICA1L,OPTIMAL,OPTIMAL,OPTIMAL,OPTIMAL
WDR12,INFEASIBLE,OPTIMAL,INFEASIBLE,OPTIMAL
NBEAL1,INFEASIBLE,OPTIMAL,INFEASIBLE,OPTIMAL
CYP20A1,INFEASIBLE,OPTIMAL,OPTIMAL,OPTIMAL
ABI2,OPTIMAL,OPTIMAL,INFEASIBLE,OPTIMAL
RAPH1,OPTIMAL,OPTIMAL,OPTIMAL,OPTIMAL
PARD3B,INFEASIBLE,OPTIMAL,INFEASIBLE,INFEASIBLE
NRP2,INFEASIBLE,OPTIMAL,OPTIMAL,OPTIMAL
INO80D,OPTIMAL,INFEASIBLE,OPTIMAL,OPTIMAL
NDUFS1,INFEASIBLE,OPTIMAL,INFEASIBLE,INFEASIBLE
EEF1B2,OPTIMAL,INFEASIBLE,OPTIMAL,OPTIMAL
ZDBF2,INFEASIBLE,OPTIMAL,INFEASIBLE,INFEASIBLE
ADAM23,INFEASIBLE,OPTIMAL,INFEASIBLE,INFEASIBLE
FASTKD2,OPTIMAL,INFEASIBLE,OPTIMAL,OPTIMAL
KLF7,OPTIMAL,OPTIMAL,OPTIMAL,OPTIMAL
CREB1,OPTIMAL,OPTIMAL,INFEASIBLE,OPTIMAL
METTL21A,OPTIMAL,OPTIMAL,OPTIMAL,OPTIMAL
CCNYL1,INFEASIBLE,OPTIMAL,OPTIMAL,INFEASIBLE
PLEKHM3,INFEASIBLE,OPTIMAL,INFEASIBLE,OPTIMAL
CRYGD,INFEASIBLE,OPTIMAL,OPTIMAL,OPTIMAL
IDH1,INFEASIBLE,OPTIMAL,INFEASIBLE,OPTIMAL
PIKFYVE,INFEASIBLE,OPTIMAL,INFEASIBLE,INFEASIBLE
MAP2,INFEASIBLE,INFEASIBLE,OPTIMAL,INFEASIBLE
RPE,INFEASIBLE,OPTIMAL,INFEASIBLE,OPTIMAL
KANSL1L,INFEASIBLE,OPTIMAL,INFEASIBLE,INFEASIBLE
LANCL1,INFEASIBLE,OPTIMAL,INFEASIBLE,OPTIMAL
CPS1,INFEASIBLE,OPTIMAL,OPTIMAL,OPTIMAL
ERBB4,INFEASIBLE,OPTIMAL,INFEASIBLE,INFEASIBLE
SPAG16,INFEASIBLE,OPTIMAL,INFEASIBLE,INFEASIBLE
BARD1,OPTIMAL,OPTIMAL,INFEASIBLE,OPTIMAL
ATIC,INFEASIBLE,OPTIMAL,INFEASIBLE,OPTIMAL
FN1,OPTIMAL,OPTIMAL,OPTIMAL,OPTIMAL
MREG,INFEASIBLE,OPTIMAL,OPTIMAL,OPTIMAL
PECR,OPTIMAL,OPTIMAL,OPTIMAL,OPTIMAL
XRCC5,INFEASIBLE,OPTIMAL,INFEASIBLE,INFEASIBLE
SMARCAL1,INFEASIBLE,OPTIMAL,INFEASIBLE,OPTIMAL
RPL37A,OPTIMAL,OPTIMAL,OPTIMAL,OPTIMAL
IGFBP2,OPTIMAL,OPTIMAL,OPTIMAL,OPTIMAL
IGFBP5,OPTIMAL,OPTIMAL,OPTIMAL,OPTIMAL
ARPC2,OPTIMAL,OPTIMAL,OPTIMAL,OPTIMAL
AAMP,INFEASIBLE,OPTIMAL,INFEASIBLE,OPTIMAL
PNKD,OPTIMAL,OPTIMAL,OPTIMAL,OPTIMAL
CTDSP1,OPTIMAL,OPTIMAL,OPTIMAL,OPTIMAL
USP37,INFEASIBLE,OPTIMAL,INFEASIBLE,INFEASIBLE
CNOT9,INFEASIBLE,OPTIMAL,OPTIMAL,OPTIMAL
ZNF142,OPTIMAL,OPTIMAL,OPTIMAL,OPTIMAL
BCS1L,OPTIMAL,OPTIMAL,OPTIMAL,OPTIMAL
RNF25,OPTIMAL,OPTIMAL,OPTIMAL,OPTIMAL
TTLL4,OPTIMAL,OPTIMAL,OPTIMAL,OPTIMAL
NHEJ1,INFEASIBLE,OPTIMAL,OPTIMAL,OPTIMAL
CNPPD1,OPTIMAL,OPTIMAL,OPTIMAL,OPTIMAL
RETREG2,OPTIMAL,OPTIMAL,OPTIMAL,OPTIMAL
ZFAND2B,OPTIMAL,OPTIMAL,OPTIMAL,OPTIMAL
ATG9A,OPTIMAL,OPTIMAL,INFEASIBLE,OPTIMAL
ANKZF1,OPTIMAL,OPTIMAL,OPTIMAL,OPTIMAL
STK16,OPTIMAL,OPTIMAL,OPTIMAL,OPTIMAL
DNPEP,OPTIMAL,OPTIMAL,OPTIMAL,OPTIMAL
GMPPA,OPTIMAL,OPTIMAL,OPTIMAL,OPTIMAL
CHPF,OPTIMAL,OPTIMAL,OPTIMAL,OPTIMAL
OBSL1,OPTIMAL,OPTIMAL,OPTIMAL,OPTIMAL
EPHA4,INFEASIBLE,OPTIMAL,INFEASIBLE,OPTIMAL
PAX3,INFEASIBLE,OPTIMAL,INFEASIBLE,OPTIMAL
FARSB,INFEASIBLE,OPTIMAL,INFEASIBLE,INFEASIBLE
ACSL3,INFEASIBLE,OPTIMAL,INFEASIBLE,INFEASIBLE
AP1S3,INFEASIBLE,OPTIMAL,INFEASIBLE,INFEASIBLE
WDFY1,INFEASIBLE,OPTIMAL,INFEASIBLE,INFEASIBLE
MRPL44,INFEASIBLE,OPTIMAL,OPTIMAL,OPTIMAL
SERPINE2,OPTIMAL,OPTIMAL,OPTIMAL,OPTIMAL
CUL3,INFEASIBLE,OPTIMAL,INFEASIBLE,INFEASIBLE
RHBDD1,INFEASIBLE,OPTIMAL,INFEASIBLE,INFEASIBLE
MFF,OPTIMAL,OPTIMAL,OPTIMAL,OPTIMAL
AGFG1,INFEASIBLE,OPTIMAL,INFEASIBLE,INFEASIBLE
TRIP12,INFEASIBLE,OPTIMAL,INFEASIBLE,INFEASIBLE
FBXO36,OPTIMAL,OPTIMAL,OPTIMAL,OPTIMAL
CAB39,INFEASIBLE,OPTIMAL,INFEASIBLE,INFEASIBLE
ITM2C,OPTIMAL,OPTIMAL,OPTIMAL,OPTIMAL
PSMD1,INFEASIBLE,OPTIMAL,INFEASIBLE,INFEASIBLE
ARMC9,OPTIMAL,OPTIMAL,OPTIMAL,OPTIMAL
NCL,INFEASIBLE,OPTIMAL,INFEASIBLE,INFEASIBLE
PTMA,OPTIMAL,INFEASIBLE,OPTIMAL,OPTIMAL
PDE6D,OPTIMAL,OPTIMAL,INFEASIBLE,OPTIMAL
COPS7B,OPTIMAL,OPTIMAL,OPTIMAL,OPTIMAL
NPPC,OPTIMAL,OPTIMAL,OPTIMAL,OPTIMAL
DIS3L2,INFEASIBLE,OPTIMAL,INFEASIBLE,INFEASIBLE
TIGD1,INFEASIBLE,OPTIMAL,INFEASIBLE,OPTIMAL
EIF4E2,OPTIMAL,INFEASIBLE,OPTIMAL,OPTIMAL
EFHD1,OPTIMAL,OPTIMAL,OPTIMAL,OPTIMAL
GIGYF2,INFEASIBLE,OPTIMAL,INFEASIBLE,INFEASIBLE
ATG16L1,INFEASIBLE,OPTIMAL,INFEASIBLE,INFEASIBLE
DGKD,INFEASIBLE,OPTIMAL,INFEASIBLE,INFEASIBLE
USP40,INFEASIBLE,OPTIMAL,INFEASIBLE,OPTIMAL
HJURP,OPTIMAL,INFEASIBLE,OPTIMAL,OPTIMAL
ARL4C,OPTIMAL,OPTIMAL,OPTIMAL,OPTIMAL
SH3BP4,INFEASIBLE,OPTIMAL,OPTIMAL,OPTIMAL
AGAP1,INFEASIBLE,OPTIMAL,INFEASIBLE,INFEASIBLE
COPS8,OPTIMAL,OPTIMAL,OPTIMAL,OPTIMAL
LRRFIP1,INFEASIBLE,OPTIMAL,INFEASIBLE,INFEASIBLE
RAMP1,OPTIMAL,OPTIMAL,OPTIMAL,OPTIMAL
UBE2F,OPTIMAL,OPTIMAL,OPTIMAL,OPTIMAL
SCLY,INFEASIBLE,OPTIMAL,INFEASIBLE,OPTIMAL
ILKAP,INFEASIBLE,OPTIMAL,INFEASIBLE,OPTIMAL
HES6,OPTIMAL,OPTIMAL,OPTIMAL,OPTIMAL
PER2,OPTIMAL,OPTIMAL,OPTIMAL,OPTIMAL
TRAF3IP1,INFEASIBLE,OPTIMAL,INFEASIBLE,INFEASIBLE
ASB1,OPTIMAL,OPTIMAL,OPTIMAL,OPTIMAL
TWIST2,OPTIMAL,OPTIMAL,OPTIMAL,OPTIMAL
HDAC4,INFEASIBLE,OPTIMAL,INFEASIBLE,OPTIMAL
NDUFA10,INFEASIBLE,OPTIMAL,INFEASIBLE,OPTIMAL
COPS9,OPTIMAL,OPTIMAL,OPTIMAL,OPTIMAL
ANKMY1,INFEASIBLE,OPTIMAL,INFEASIBLE,INFEASIBLE
DUSP28,OPTIMAL,OPTIMAL,OPTIMAL,OPTIMAL
RNPEPL1,OPTIMAL,OPTIMAL,OPTIMAL,OPTIMAL
KIF1A,OPTIMAL,OPTIMAL,OPTIMAL,OPTIMAL
SNED1,OPTIMAL,OPTIMAL,OPTIMAL,OPTIMAL
MTERF4,OPTIMAL,OPTIMAL,OPTIMAL,OPTIMAL
PASK,OPTIMAL,OPTIMAL,OPTIMAL,OPTIMAL
PPP1R7,OPTIMAL,OPTIMAL,OPTIMAL,OPTIMAL
ANO7,OPTIMAL,OPTIMAL,OPTIMAL,OPTIMAL
HDLBP,INFEASIBLE,OPTIMAL,INFEASIBLE,INFEASIBLE
SEPTIN2,INFEASIBLE,OPTIMAL,INFEASIBLE,INFEASIBLE
FARP2,INFEASIBLE,OPTIMAL,INFEASIBLE,INFEASIBLE
STK25,OPTIMAL,OPTIMAL,OPTIMAL,OPTIMAL
THAP4,OPTIMAL,OPTIMAL,INFEASIBLE,OPTIMAL
ATG4B,OPTIMAL,OPTIMAL,OPTIMAL,OPTIMAL
DTYMK,OPTIMAL,INFEASIBLE,OPTIMAL,OPTIMAL
ING5,OPTIMAL,OPTIMAL,OPTIMAL,OPTIMAL
D2HGDH,OPTIMAL,OPTIMAL,OPTIMAL,OPTIMAL
CNTN4,INFEASIBLE,INFEASIBLE,OPTIMAL,INFEASIBLE
TRNT1,INFEASIBLE,OPTIMAL,INFEASIBLE,OPTIMAL
CRBN,INFEASIBLE,OPTIMAL,OPTIMAL,OPTIMAL
SUMF1,INFEASIBLE,OPTIMAL,INFEASIBLE,INFEASIBLE
ITPR1,INFEASIBLE,OPTIMAL,INFEASIBLE,INFEASIBLE
ARL8B,INFEASIBLE,OPTIMAL,INFEASIBLE,INFEASIBLE
EDEM1,OPTIMAL,OPTIMAL,OPTIMAL,OPTIMAL
GRM7,INFEASIBLE,INFEASIBLE,INFEASIBLE,INFEASIBLE
CAV3,OPTIMAL,OPTIMAL,OPTIMAL,OPTIMAL
RAD18,INFEASIBLE,OPTIMAL,INFEASIBLE,INFEASIBLE
SRGAP3,INFEASIBLE,OPTIMAL,INFEASIBLE,OPTIMAL
THUMPD3,INFEASIBLE,OPTIMAL,OPTIMAL,OPTIMAL
SETD5,INFEASIBLE,OPTIMAL,INFEASIBLE,INFEASIBLE
MTMR14,INFEASIBLE,OPTIMAL,INFEASIBLE,OPTIMAL
BRPF1,OPTIMAL,OPTIMAL,OPTIMAL,OPTIMAL
OGG1,OPTIMAL,OPTIMAL,OPTIMAL,OPTIMAL
CAMK1,OPTIMAL,OPTIMAL,OPTIMAL,OPTIMAL
TADA3,OPTIMAL,OPTIMAL,OPTIMAL,OPTIMAL
ARPC4,OPTIMAL,OPTIMAL,OPTIMAL,OPTIMAL
TTLL3,INFEASIBLE,OPTIMAL,INFEASIBLE,OPTIMAL
RPUSD3,OPTIMAL,OPTIMAL,OPTIMAL,OPTIMAL
JAGN1,OPTIMAL,OPTIMAL,OPTIMAL,OPTIMAL
PRRT3,OPTIMAL,OPTIMAL,OPTIMAL,OPTIMAL
EMC3,OPTIMAL,OPTIMAL,OPTIMAL,OPTIMAL
FANCD2,OPTIMAL,OPTIMAL,OPTIMAL,OPTIMAL
BRK1,OPTIMAL,OPTIMAL,OPTIMAL,OPTIMAL
VHL,OPTIMAL,OPTIMAL,OPTIMAL,OPTIMAL
TATDN2,INFEASIBLE,OPTIMAL,INFEASIBLE,OPTIMAL
SEC13,OPTIMAL,OPTIMAL,OPTIMAL,OPTIMAL
SLC6A11,INFEASIBLE,OPTIMAL,INFEASIBLE,INFEASIBLE
ATG7,INFEASIBLE,OPTIMAL,INFEASIBLE,INFEASIBLE
VGLL4,OPTIMAL,INFEASIBLE,INFEASIBLE,OPTIMAL
TAMM41,OPTIMAL,OPTIMAL,OPTIMAL,OPTIMAL
SYN2,INFEASIBLE,OPTIMAL,INFEASIBLE,INFEASIBLE
PPARG,OPTIMAL,OPTIMAL,INFEASIBLE,INFEASIBLE
TSEN2,INFEASIBLE,OPTIMAL,INFEASIBLE,OPTIMAL
MKRN2OS,OPTIMAL,OPTIMAL,OPTIMAL,OPTIMAL
MKRN2,INFEASIBLE,OPTIMAL,INFEASIBLE,OPTIMAL
RAF1,INFEASIBLE,OPTIMAL,OPTIMAL,INFEASIBLE
CAND2,OPTIMAL,OPTIMAL,INFEASIBLE,OPTIMAL
RPL32,OPTIMAL,INFEASIBLE,OPTIMAL,OPTIMAL
IQSEC1,INFEASIBLE,OPTIMAL,INFEASIBLE,OPTIMAL
NUP210,OPTIMAL,OPTIMAL,INFEASIBLE,OPTIMAL
CHCHD4,OPTIMAL,INFEASIBLE,OPTIMAL,OPTIMAL
TMEM43,INFEASIBLE,OPTIMAL,INFEASIBLE,INFEASIBLE
XPC,INFEASIBLE,OPTIMAL,INFEASIBLE,INFEASIBLE
LSM3,OPTIMAL,OPTIMAL,OPTIMAL,OPTIMAL
SLC6A6,OPTIMAL,OPTIMAL,OPTIMAL,OPTIMAL
CCDC174,OPTIMAL,OPTIMAL,OPTIMAL,OPTIMAL
NR2C2,OPTIMAL,OPTIMAL,INFEASIBLE,OPTIMAL
MRPS25,OPTIMAL,OPTIMAL,OPTIMAL,OPTIMAL
RBSN,INFEASIBLE,OPTIMAL,INFEASIBLE,OPTIMAL
CAPN7,INFEASIBLE,OPTIMAL,INFEASIBLE,INFEASIBLE
SH3BP5,INFEASIBLE,OPTIMAL,OPTIMAL,INFEASIBLE
METTL6,INFEASIBLE,OPTIMAL,INFEASIBLE,INFEASIBLE
EAF1,OPTIMAL,OPTIMAL,OPTIMAL,OPTIMAL
HACL1,INFEASIBLE,OPTIMAL,INFEASIBLE,INFEASIBLE
BTD,OPTIMAL,OPTIMAL,OPTIMAL,OPTIMAL
ANKRD28,INFEASIBLE,OPTIMAL,INFEASIBLE,INFEASIBLE
DPH3,OPTIMAL,INFEASIBLE,OPTIMAL,OPTIMAL
OXNAD1,INFEASIBLE,OPTIMAL,INFEASIBLE,INFEASIBLE
RFTN1,INFEASIBLE,OPTIMAL,INFEASIBLE,OPTIMAL
PLCL2,INFEASIBLE,OPTIMAL,INFEASIBLE,OPTIMAL
TBC1D5,INFEASIBLE,OPTIMAL,INFEASIBLE,INFEASIBLE
SATB1,OPTIMAL,OPTIMAL,OPTIMAL,OPTIMAL
RAB5A,INFEASIBLE,OPTIMAL,INFEASIBLE,INFEASIBLE
KAT2B,OPTIMAL,OPTIMAL,INFEASIBLE,OPTIMAL
SGO1,OPTIMAL,OPTIMAL,OPTIMAL,OPTIMAL
ZNF385D,INFEASIBLE,INFEASIBLE,INFEASIBLE,INFEASIBLE
UBE2E2,INFEASIBLE,OPTIMAL,INFEASIBLE,INFEASIBLE
UBE2E1,INFEASIBLE,OPTIMAL,INFEASIBLE,INFEASIBLE
NKIRAS1,INFEASIBLE,OPTIMAL,OPTIMAL,INFEASIBLE
RPL15,OPTIMAL,INFEASIBLE,OPTIMAL,OPTIMAL
NR1D2,INFEASIBLE,OPTIMAL,OPTIMAL,INFEASIBLE
THRB,INFEASIBLE,OPTIMAL,INFEASIBLE,INFEASIBLE
RARB,OPTIMAL,OPTIMAL,OPTIMAL,OPTIMAL
TOP2B,INFEASIBLE,OPTIMAL,INFEASIBLE,INFEASIBLE
NGLY1,INFEASIBLE,OPTIMAL,INFEASIBLE,INFEASIBLE
OXSM,OPTIMAL,OPTIMAL,OPTIMAL,OPTIMAL
LRRC3B,INFEASIBLE,INFEASIBLE,INFEASIBLE,INFEASIBLE
NEK10,OPTIMAL,OPTIMAL,OPTIMAL,OPTIMAL
SLC4A7,INFEASIBLE,OPTIMAL,INFEASIBLE,INFEASIBLE
CMC1,OPTIMAL,OPTIMAL,OPTIMAL,OPTIMAL
AZI2,INFEASIBLE,OPTIMAL,INFEASIBLE,OPTIMAL
ZCWPW2,INFEASIBLE,OPTIMAL,OPTIMAL,INFEASIBLE
RBMS3,OPTIMAL,OPTIMAL,INFEASIBLE,OPTIMAL
TGFBR2,OPTIMAL,OPTIMAL,OPTIMAL,OPTIMAL
STT3B,INFEASIBLE,OPTIMAL,INFEASIBLE,INFEASIBLE
OSBPL10,OPTIMAL,OPTIMAL,INFEASIBLE,OPTIMAL
GPD1L,OPTIMAL,OPTIMAL,OPTIMAL,OPTIMAL
CMTM8,INFEASIBLE,OPTIMAL,INFEASIBLE,OPTIMAL
CMTM7,OPTIMAL,OPTIMAL,OPTIMAL,OPTIMAL
CMTM6,INFEASIBLE,OPTIMAL,INFEASIBLE,INFEASIBLE
DYNC1LI1,INFEASIBLE,OPTIMAL,INFEASIBLE,INFEASIBLE
CNOT10,INFEASIBLE,OPTIMAL,INFEASIBLE,INFEASIBLE
TRIM71,INFEASIBLE,INFEASIBLE,OPTIMAL,OPTIMAL
GLB1,INFEASIBLE,OPTIMAL,INFEASIBLE,OPTIMAL
CRTAP,INFEASIBLE,OPTIMAL,INFEASIBLE,INFEASIBLE
SUSD5,INFEASIBLE,OPTIMAL,INFEASIBLE,INFEASIBLE
FBXL2,OPTIMAL,OPTIMAL,OPTIMAL,OPTIMAL
UBP1,INFEASIBLE,OPTIMAL,OPTIMAL,INFEASIBLE
CLASP2,INFEASIBLE,OPTIMAL,INFEASIBLE,OPTIMAL
PDCD6IP,INFEASIBLE,OPTIMAL,INFEASIBLE,INFEASIBLE
STAC,INFEASIBLE,OPTIMAL,INFEASIBLE,OPTIMAL
LRRFIP2,INFEASIBLE,OPTIMAL,INFEASIBLE,INFEASIBLE
GOLGA4,INFEASIBLE,OPTIMAL,INFEASIBLE,INFEASIBLE
CTDSPL,INFEASIBLE,OPTIMAL,INFEASIBLE,INFEASIBLE
ACAA1,OPTIMAL,OPTIMAL,OPTIMAL,OPTIMAL
OXSR1,INFEASIBLE,OPTIMAL,INFEASIBLE,INFEASIBLE
XYLB,INFEASIBLE,OPTIMAL,INFEASIBLE,INFEASIBLE
ACVR2B,INFEASIBLE,OPTIMAL,INFEASIBLE,INFEASIBLE
EXOG,OPTIMAL,OPTIMAL,INFEASIBLE,OPTIMAL
SCN5A,OPTIMAL,OPTIMAL,OPTIMAL,OPTIMAL
WDR48,INFEASIBLE,OPTIMAL,INFEASIBLE,INFEASIBLE
GORASP1,OPTIMAL,OPTIMAL,OPTIMAL,OPTIMAL
SLC25A38,OPTIMAL,OPTIMAL,OPTIMAL,OPTIMAL
RPSA,INFEASIBLE,OPTIMAL,INFEASIBLE,OPTIMAL
EIF1B,OPTIMAL,OPTIMAL,OPTIMAL,OPTIMAL
RPL14,OPTIMAL,INFEASIBLE,INFEASIBLE,OPTIMAL
ZNF620,INFEASIBLE,OPTIMAL,INFEASIBLE,OPTIMAL
ZNF621,INFEASIBLE,OPTIMAL,INFEASIBLE,OPTIMAL
CTNNB1,INFEASIBLE,OPTIMAL,INFEASIBLE,INFEASIBLE
ULK4,OPTIMAL,OPTIMAL,INFEASIBLE,OPTIMAL
TRAK1,INFEASIBLE,OPTIMAL,INFEASIBLE,OPTIMAL
SEC22C,INFEASIBLE,OPTIMAL,OPTIMAL,OPTIMAL
SS18L2,OPTIMAL,OPTIMAL,OPTIMAL,OPTIMAL
NKTR,INFEASIBLE,OPTIMAL,INFEASIBLE,INFEASIBLE
HIGD1A,OPTIMAL,INFEASIBLE,OPTIMAL,OPTIMAL
POMGNT2,OPTIMAL,OPTIMAL,OPTIMAL,OPTIMAL
SNRK,INFEASIBLE,OPTIMAL,OPTIMAL,INFEASIBLE
ANO10,INFEASIBLE,OPTIMAL,INFEASIBLE,INFEASIBLE
ABHD5,OPTIMAL,OPTIMAL,OPTIMAL,OPTIMAL
TCAIM,INFEASIBLE,OPTIMAL,INFEASIBLE,INFEASIBLE
ZNF445,INFEASIBLE,OPTIMAL,INFEASIBLE,OPTIMAL
ZNF852,INFEASIBLE,OPTIMAL,INFEASIBLE,INFEASIBLE
ZNF197,INFEASIBLE,OPTIMAL,OPTIMAL,OPTIMAL
ZNF35,INFEASIBLE,OPTIMAL,INFEASIBLE,OPTIMAL
KIAA1143,INFEASIBLE,OPTIMAL,OPTIMAL,OPTIMAL
KIF15,INFEASIBLE,OPTIMAL,INFEASIBLE,INFEASIBLE
TMEM42,OPTIMAL,OPTIMAL,OPTIMAL,OPTIMAL
ZDHHC3,INFEASIBLE,OPTIMAL,OPTIMAL,OPTIMAL
EXOSC7,OPTIMAL,OPTIMAL,OPTIMAL,OPTIMAL
TMEM158,OPTIMAL,OPTIMAL,OPTIMAL,OPTIMAL
LARS2,INFEASIBLE,OPTIMAL,INFEASIBLE,INFEASIBLE
LIMD1,INFEASIBLE,OPTIMAL,OPTIMAL,INFEASIBLE
SACM1L,INFEASIBLE,OPTIMAL,INFEASIBLE,INFEASIBLE
LZTFL1,OPTIMAL,OPTIMAL,OPTIMAL,OPTIMAL
FYCO1,INFEASIBLE,OPTIMAL,INFEASIBLE,INFEASIBLE
CCDC12,OPTIMAL,OPTIMAL,OPTIMAL,OPTIMAL
NBEAL2,OPTIMAL,OPTIMAL,OPTIMAL,OPTIMAL
SETD2,INFEASIBLE,OPTIMAL,INFEASIBLE,INFEASIBLE
KIF9,OPTIMAL,OPTIMAL,OPTIMAL,OPTIMAL
KLHL18,INFEASIBLE,OPTIMAL,OPTIMAL,INFEASIBLE
PTPN23,OPTIMAL,OPTIMAL,OPTIMAL,OPTIMAL
SCAP,INFEASIBLE,OPTIMAL,INFEASIBLE,INFEASIBLE
ELP6,OPTIMAL,OPTIMAL,OPTIMAL,OPTIMAL
CSPG5,OPTIMAL,OPTIMAL,OPTIMAL,OPTIMAL
SMARCC1,INFEASIBLE,OPTIMAL,INFEASIBLE,INFEASIBLE
DHX30,INFEASIBLE,OPTIMAL,INFEASIBLE,INFEASIBLE
MAP4,INFEASIBLE,OPTIMAL,INFEASIBLE,INFEASIBLE
CDC25A,INFEASIBLE,OPTIMAL,INFEASIBLE,OPTIMAL
ZNF589,INFEASIBLE,OPTIMAL,INFEASIBLE,OPTIMAL
NME6,OPTIMAL,OPTIMAL,OPTIMAL,OPTIMAL
CCDC51,OPTIMAL,OPTIMAL,OPTIMAL,OPTIMAL
TMA7,OPTIMAL,INFEASIBLE,OPTIMAL,OPTIMAL
ATRIP,INFEASIBLE,OPTIMAL,INFEASIBLE,OPTIMAL
SHISA5,OPTIMAL,OPTIMAL,OPTIMAL,OPTIMAL
UQCRC1,INFEASIBLE,OPTIMAL,INFEASIBLE,OPTIMAL
NCKIPSD,OPTIMAL,OPTIMAL,OPTIMAL,OPTIMAL
IP6K2,OPTIMAL,OPTIMAL,INFEASIBLE,OPTIMAL
PRKAR2A,INFEASIBLE,OPTIMAL,INFEASIBLE,INFEASIBLE
SLC25A20,OPTIMAL,OPTIMAL,OPTIMAL,OPTIMAL
ARIH2,INFEASIBLE,OPTIMAL,INFEASIBLE,OPTIMAL
WDR6,OPTIMAL,OPTIMAL,INFEASIBLE,OPTIMAL
DALRD3,OPTIMAL,OPTIMAL,OPTIMAL,OPTIMAL
NDUFAF3,OPTIMAL,INFEASIBLE,OPTIMAL,OPTIMAL
IMPDH2,INFEASIBLE,OPTIMAL,INFEASIBLE,OPTIMAL
QRICH1,INFEASIBLE,OPTIMAL,OPTIMAL,OPTIMAL
QARS1,OPTIMAL,OPTIMAL,OPTIMAL,OPTIMAL
USP19,OPTIMAL,OPTIMAL,OPTIMAL,OPTIMAL
CCDC71,OPTIMAL,OPTIMAL,OPTIMAL,OPTIMAL
USP4,INFEASIBLE,OPTIMAL,INFEASIBLE,OPTIMAL
GPX1,OPTIMAL,OPTIMAL,OPTIMAL,OPTIMAL
RHOA,INFEASIBLE,OPTIMAL,OPTIMAL,OPTIMAL
TCTA,OPTIMAL,OPTIMAL,OPTIMAL,OPTIMAL
DAG1,INFEASIBLE,OPTIMAL,INFEASIBLE,INFEASIBLE
APEH,OPTIMAL,OPTIMAL,OPTIMAL,OPTIMAL
RNF123,OPTIMAL,OPTIMAL,OPTIMAL,OPTIMAL
GMPPB,OPTIMAL,INFEASIBLE,OPTIMAL,OPTIMAL
IP6K1,INFEASIBLE,OPTIMAL,INFEASIBLE,INFEASIBLE
TRAIP,OPTIMAL,OPTIMAL,OPTIMAL,OPTIMAL
MON1A,INFEASIBLE,INFEASIBLE,OPTIMAL,OPTIMAL
RBM6,INFEASIBLE,OPTIMAL,INFEASIBLE,INFEASIBLE
RBM5,INFEASIBLE,OPTIMAL,INFEASIBLE,OPTIMAL
GNAI2,OPTIMAL,OPTIMAL,OPTIMAL,OPTIMAL
IFRD2,OPTIMAL,OPTIMAL,OPTIMAL,OPTIMAL
HYAL2,OPTIMAL,OPTIMAL,OPTIMAL,OPTIMAL
TUSC2,OPTIMAL,OPTIMAL,OPTIMAL,OPTIMAL
RASSF1,OPTIMAL,OPTIMAL,OPTIMAL,OPTIMAL
NPRL2,OPTIMAL,OPTIMAL,OPTIMAL,OPTIMAL
CYB561D2,OPTIMAL,OPTIMAL,OPTIMAL,OPTIMAL
TMEM115,OPTIMAL,OPTIMAL,OPTIMAL,OPTIMAL
HEMK1,OPTIMAL,OPTIMAL,OPTIMAL,OPTIMAL
MAPKAPK3,OPTIMAL,OPTIMAL,OPTIMAL,OPTIMAL
DOCK3,INFEASIBLE,OPTIMAL,INFEASIBLE,INFEASIBLE
MANF,INFEASIBLE,OPTIMAL,INFEASIBLE,OPTIMAL
RBM15B,OPTIMAL,OPTIMAL,OPTIMAL,OPTIMAL
DCAF1,INFEASIBLE,OPTIMAL,INFEASIBLE,INFEASIBLE
RAD54L2,INFEASIBLE,OPTIMAL,OPTIMAL,INFEASIBLE
TEX264,OPTIMAL,OPTIMAL,OPTIMAL,OPTIMAL
RRP9,OPTIMAL,OPTIMAL,OPTIMAL,OPTIMAL
ABHD14B,OPTIMAL,OPTIMAL,OPTIMAL,OPTIMAL
ABHD14A,OPTIMAL,OPTIMAL,OPTIMAL,OPTIMAL
ACY1,OPTIMAL,OPTIMAL,OPTIMAL,OPTIMAL
RPL29,OPTIMAL,INFEASIBLE,OPTIMAL,OPTIMAL
DUSP7,OPTIMAL,OPTIMAL,OPTIMAL,OPTIMAL
POC1A,OPTIMAL,OPTIMAL,OPTIMAL,OPTIMAL
ALAS1,INFEASIBLE,OPTIMAL,OPTIMAL,INFEASIBLE
TWF2,OPTIMAL,OPTIMAL,OPTIMAL,OPTIMAL
WDR82,INFEASIBLE,OPTIMAL,INFEASIBLE,INFEASIBLE
BAP1,OPTIMAL,OPTIMAL,OPTIMAL,OPTIMAL
PHF7,OPTIMAL,OPTIMAL,OPTIMAL,OPTIMAL
NISCH,OPTIMAL,OPTIMAL,OPTIMAL,OPTIMAL
NT5DC2,OPTIMAL,OPTIMAL,OPTIMAL,OPTIMAL
UQCC5,OPTIMAL,INFEASIBLE,OPTIMAL,OPTIMAL
PBRM1,INFEASIBLE,OPTIMAL,INFEASIBLE,INFEASIBLE
GNL3,INFEASIBLE,OPTIMAL,INFEASIBLE,INFEASIBLE
GLT8D1,OPTIMAL,OPTIMAL,OPTIMAL,OPTIMAL
SPCS1,OPTIMAL,OPTIMAL,OPTIMAL,OPTIMAL
NEK4,OPTIMAL,OPTIMAL,OPTIMAL,OPTIMAL
STIMATE,INFEASIBLE,OPTIMAL,OPTIMAL,OPTIMAL
SFMBT1,OPTIMAL,OPTIMAL,INFEASIBLE,OPTIMAL
RFT1,INFEASIBLE,OPTIMAL,INFEASIBLE,OPTIMAL
PRKCD,OPTIMAL,OPTIMAL,OPTIMAL,OPTIMAL
TKT,OPTIMAL,OPTIMAL,OPTIMAL,OPTIMAL
DCP1A,INFEASIBLE,OPTIMAL,INFEASIBLE,INFEASIBLE
CACNA1D,OPTIMAL,INFEASIBLE,OPTIMAL,OPTIMAL
CHDH,OPTIMAL,OPTIMAL,OPTIMAL,OPTIMAL
ACTR8,INFEASIBLE,OPTIMAL,INFEASIBLE,INFEASIBLE
SELENOK,OPTIMAL,OPTIMAL,OPTIMAL,OPTIMAL
CACNA2D3,INFEASIBLE,OPTIMAL,INFEASIBLE,INFEASIBLE
WNT5A,OPTIMAL,OPTIMAL,OPTIMAL,OPTIMAL
ERC2,INFEASIBLE,OPTIMAL,INFEASIBLE,INFEASIBLE
CCDC66,INFEASIBLE,OPTIMAL,INFEASIBLE,INFEASIBLE
TASOR,INFEASIBLE,OPTIMAL,INFEASIBLE,INFEASIBLE
ARHGEF3,INFEASIBLE,OPTIMAL,INFEASIBLE,OPTIMAL
APPL1,OPTIMAL,OPTIMAL,OPTIMAL,OPTIMAL
PDE12,INFEASIBLE,OPTIMAL,INFEASIBLE,INFEASIBLE
ARF4,INFEASIBLE,OPTIMAL,INFEASIBLE,OPTIMAL
DENND6A,INFEASIBLE,OPTIMAL,INFEASIBLE,OPTIMAL
SLMAP,INFEASIBLE,OPTIMAL,INFEASIBLE,INFEASIBLE
FLNB,INFEASIBLE,OPTIMAL,INFEASIBLE,OPTIMAL
ABHD6,OPTIMAL,OPTIMAL,OPTIMAL,OPTIMAL
PXK,INFEASIBLE,OPTIMAL,INFEASIBLE,OPTIMAL
PDHB,OPTIMAL,OPTIMAL,OPTIMAL,OPTIMAL
KCTD6,OPTIMAL,OPTIMAL,OPTIMAL,OPTIMAL
CFAP20DC,INFEASIBLE,OPTIMAL,INFEASIBLE,OPTIMAL
FHIT,INFEASIBLE,OPTIMAL,INFEASIBLE,INFEASIBLE
PTPRG,INFEASIBLE,OPTIMAL,INFEASIBLE,OPTIMAL
C3orf14,OPTIMAL,INFEASIBLE,OPTIMAL,OPTIMAL
THOC7,OPTIMAL,INFEASIBLE,OPTIMAL,OPTIMAL
ATXN7,INFEASIBLE,OPTIMAL,OPTIMAL,INFEASIBLE
PSMD6,INFEASIBLE,OPTIMAL,INFEASIBLE,INFEASIBLE
PRICKLE2,INFEASIBLE,OPTIMAL,INFEASIBLE,OPTIMAL
MAGI1,INFEASIBLE,OPTIMAL,INFEASIBLE,INFEASIBLE
SLC25A26,OPTIMAL,OPTIMAL,OPTIMAL,OPTIMAL
LRIG1,INFEASIBLE,OPTIMAL,INFEASIBLE,INFEASIBLE
SUCLG2,INFEASIBLE,OPTIMAL,INFEASIBLE,INFEASIBLE
TMF1,INFEASIBLE,OPTIMAL,INFEASIBLE,INFEASIBLE
UBA3,INFEASIBLE,OPTIMAL,INFEASIBLE,OPTIMAL
ARL6IP5,INFEASIBLE,OPTIMAL,INFEASIBLE,OPTIMAL
FRMD4B,OPTIMAL,INFEASIBLE,OPTIMAL,OPTIMAL
MITF,INFEASIBLE,OPTIMAL,OPTIMAL,OPTIMAL
FOXP1,OPTIMAL,OPTIMAL,OPTIMAL,OPTIMAL
EIF4E3,INFEASIBLE,OPTIMAL,INFEASIBLE,INFEASIBLE
GPR27,OPTIMAL,OPTIMAL,OPTIMAL,OPTIMAL
RYBP,INFEASIBLE,OPTIMAL,INFEASIBLE,INFEASIBLE
SHQ1,INFEASIBLE,OPTIMAL,INFEASIBLE,INFEASIBLE
GXYLT2,OPTIMAL,OPTIMAL,OPTIMAL,OPTIMAL
PPP4R2,INFEASIBLE,OPTIMAL,INFEASIBLE,INFEASIBLE
PDZRN3,INFEASIBLE,INFEASIBLE,OPTIMAL,INFEASIBLE
ZNF717,OPTIMAL,OPTIMAL,INFEASIBLE,OPTIMAL
ROBO2,OPTIMAL,OPTIMAL,INFEASIBLE,OPTIMAL
ROBO1,INFEASIBLE,OPTIMAL,INFEASIBLE,OPTIMAL
GBE1,INFEASIBLE,OPTIMAL,INFEASIBLE,INFEASIBLE
CADM2,OPTIMAL,OPTIMAL,INFEASIBLE,OPTIMAL
CHMP2B,INFEASIBLE,OPTIMAL,INFEASIBLE,OPTIMAL
CGGBP1,INFEASIBLE,OPTIMAL,INFEASIBLE,INFEASIBLE
ZNF654,INFEASIBLE,OPTIMAL,INFEASIBLE,INFEASIBLE
C3orf38,OPTIMAL,OPTIMAL,OPTIMAL,OPTIMAL
EPHA3,INFEASIBLE,OPTIMAL,INFEASIBLE,INFEASIBLE
PROS1,OPTIMAL,OPTIMAL,OPTIMAL,OPTIMAL
ARL13B,INFEASIBLE,OPTIMAL,INFEASIBLE,OPTIMAL
DHFR2,OPTIMAL,OPTIMAL,OPTIMAL,OPTIMAL
NSUN3,INFEASIBLE,OPTIMAL,INFEASIBLE,OPTIMAL
EPHA6,INFEASIBLE,OPTIMAL,INFEASIBLE,INFEASIBLE
ARL6,OPTIMAL,OPTIMAL,OPTIMAL,OPTIMAL
CRYBG3,INFEASIBLE,OPTIMAL,INFEASIBLE,INFEASIBLE
RIOX2,INFEASIBLE,OPTIMAL,INFEASIBLE,INFEASIBLE
CLDND1,INFEASIBLE,OPTIMAL,OPTIMAL,INFEASIBLE
CPOX,INFEASIBLE,OPTIMAL,INFEASIBLE,OPTIMAL
ST3GAL6,INFEASIBLE,OPTIMAL,INFEASIBLE,INFEASIBLE
DCBLD2,INFEASIBLE,OPTIMAL,INFEASIBLE,INFEASIBLE
CMSS1,OPTIMAL,OPTIMAL,INFEASIBLE,OPTIMAL
FILIP1L,OPTIMAL,OPTIMAL,INFEASIBLE,OPTIMAL
TBC1D23,INFEASIBLE,OPTIMAL,OPTIMAL,OPTIMAL
NIT2,OPTIMAL,INFEASIBLE,OPTIMAL,OPTIMAL
TOMM70,INFEASIBLE,OPTIMAL,INFEASIBLE,INFEASIBLE
LNP1,INFEASIBLE,OPTIMAL,INFEASIBLE,OPTIMAL
TMEM45A,OPTIMAL,OPTIMAL,OPTIMAL,OPTIMAL
TFG,INFEASIBLE,OPTIMAL,INFEASIBLE,INFEASIBLE
SENP7,INFEASIBLE,OPTIMAL,OPTIMAL,OPTIMAL
TRMT10C,OPTIMAL,OPTIMAL,OPTIMAL,OPTIMAL
PCNP,INFEASIBLE,OPTIMAL,INFEASIBLE,INFEASIBLE
ZBTB11,INFEASIBLE,OPTIMAL,INFEASIBLE,INFEASIBLE
RPL24,OPTIMAL,OPTIMAL,OPTIMAL,OPTIMAL
CEP97,INFEASIBLE,OPTIMAL,INFEASIBLE,OPTIMAL
NXPE3,INFEASIBLE,OPTIMAL,OPTIMAL,INFEASIBLE
ALCAM,INFEASIBLE,OPTIMAL,INFEASIBLE,INFEASIBLE
CBLB,INFEASIBLE,OPTIMAL,INFEASIBLE,OPTIMAL
BBX,INFEASIBLE,OPTIMAL,INFEASIBLE,INFEASIBLE
CD47,OPTIMAL,OPTIMAL,OPTIMAL,OPTIMAL
IFT57,INFEASIBLE,OPTIMAL,INFEASIBLE,INFEASIBLE
CIP2A,INFEASIBLE,INFEASIBLE,INFEASIBLE,INFEASIBLE
DZIP3,INFEASIBLE,OPTIMAL,INFEASIBLE,INFEASIBLE
NECTIN3,INFEASIBLE,OPTIMAL,INFEASIBLE,INFEASIBLE
PHLDB2,INFEASIBLE,OPTIMAL,OPTIMAL,INFEASIBLE
ABHD10,INFEASIBLE,OPTIMAL,INFEASIBLE,INFEASIBLE
C3orf52,INFEASIBLE,OPTIMAL,OPTIMAL,INFEASIBLE
ATG3,INFEASIBLE,OPTIMAL,INFEASIBLE,INFEASIBLE
SLC35A5,OPTIMAL,OPTIMAL,OPTIMAL,OPTIMAL
CCDC80,OPTIMAL,OPTIMAL,OPTIMAL,OPTIMAL
GTPBP8,OPTIMAL,OPTIMAL,OPTIMAL,OPTIMAL
NEPRO,INFEASIBLE,OPTIMAL,INFEASIBLE,OPTIMAL
BOC,OPTIMAL,OPTIMAL,OPTIMAL,OPTIMAL
CFAP44,INFEASIBLE,OPTIMAL,INFEASIBLE,INFEASIBLE
SPICE1,INFEASIBLE,OPTIMAL,INFEASIBLE,OPTIMAL
USF3,INFEASIBLE,OPTIMAL,INFEASIBLE,INFEASIBLE
NAA50,INFEASIBLE,OPTIMAL,INFEASIBLE,INFEASIBLE
ATP6V1A,INFEASIBLE,OPTIMAL,INFEASIBLE,INFEASIBLE
ZDHHC23,INFEASIBLE,OPTIMAL,OPTIMAL,OPTIMAL
QTRT2,INFEASIBLE,OPTIMAL,INFEASIBLE,INFEASIBLE
ZBTB20,OPTIMAL,OPTIMAL,INFEASIBLE,OPTIMAL
LSAMP,OPTIMAL,INFEASIBLE,OPTIMAL,OPTIMAL
B4GALT4,INFEASIBLE,OPTIMAL,INFEASIBLE,OPTIMAL
TMEM39A,INFEASIBLE,OPTIMAL,OPTIMAL,INFEASIBLE
POGLUT1,OPTIMAL,OPTIMAL,OPTIMAL,OPTIMAL
TIMMDC1,INFEASIBLE,OPTIMAL,INFEASIBLE,INFEASIBLE
COX17,OPTIMAL,OPTIMAL,OPTIMAL,OPTIMAL
GSK3B,INFEASIBLE,OPTIMAL,INFEASIBLE,INFEASIBLE
LRRC58,INFEASIBLE,OPTIMAL,INFEASIBLE,INFEASIBLE
FSTL1,INFEASIBLE,OPTIMAL,OPTIMAL,OPTIMAL
NDUFB4,OPTIMAL,OPTIMAL,OPTIMAL,OPTIMAL
RABL3,INFEASIBLE,OPTIMAL,OPTIMAL,OPTIMAL
GTF2E1,INFEASIBLE,OPTIMAL,OPTIMAL,INFEASIBLE
STXBP5L,OPTIMAL,OPTIMAL,INFEASIBLE,OPTIMAL
POLQ,INFEASIBLE,OPTIMAL,INFEASIBLE,INFEASIBLE
GOLGB1,INFEASIBLE,INFEASIBLE,INFEASIBLE,INFEASIBLE
IQCB1,INFEASIBLE,OPTIMAL,INFEASIBLE,INFEASIBLE
EAF2,OPTIMAL,OPTIMAL,OPTIMAL,OPTIMAL
MIX23,OPTIMAL,OPTIMAL,OPTIMAL,OPTIMAL
FAM162A,OPTIMAL,OPTIMAL,OPTIMAL,OPTIMAL
KPNA1,INFEASIBLE,OPTIMAL,INFEASIBLE,INFEASIBLE
HSPBAP1,INFEASIBLE,OPTIMAL,OPTIMAL,INFEASIBLE
SLC49A4,INFEASIBLE,OPTIMAL,INFEASIBLE,OPTIMAL
PDIA5,INFEASIBLE,OPTIMAL,INFEASIBLE,INFEASIBLE
SEC22A,INFEASIBLE,OPTIMAL,INFEASIBLE,OPTIMAL
HACD2,INFEASIBLE,OPTIMAL,INFEASIBLE,INFEASIBLE
MYLK,OPTIMAL,OPTIMAL,OPTIMAL,OPTIMAL
CCDC14,INFEASIBLE,OPTIMAL,INFEASIBLE,INFEASIBLE
KALRN,INFEASIBLE,OPTIMAL,INFEASIBLE,OPTIMAL
UMPS,INFEASIBLE,OPTIMAL,INFEASIBLE,INFEASIBLE
ITGB5,OPTIMAL,OPTIMAL,OPTIMAL,OPTIMAL
HEG1,INFEASIBLE,OPTIMAL,INFEASIBLE,OPTIMAL
ZNF148,INFEASIBLE,OPTIMAL,INFEASIBLE,INFEASIBLE
SNX4,INFEASIBLE,OPTIMAL,INFEASIBLE,OPTIMAL
OSBPL11,INFEASIBLE,OPTIMAL,INFEASIBLE,INFEASIBLE
SLC41A3,OPTIMAL,INFEASIBLE,OPTIMAL,OPTIMAL
KLF15,OPTIMAL,INFEASIBLE,OPTIMAL,OPTIMAL
ZXDC,INFEASIBLE,OPTIMAL,INFEASIBLE,INFEASIBLE
TXNRD3,INFEASIBLE,OPTIMAL,INFEASIBLE,INFEASIBLE
CHCHD6,INFEASIBLE,OPTIMAL,INFEASIBLE,INFEASIBLE
PLXNA1,OPTIMAL,OPTIMAL,OPTIMAL,OPTIMAL
TPRA1,OPTIMAL,OPTIMAL,OPTIMAL,OPTIMAL
MCM2,INFEASIBLE,OPTIMAL,INFEASIBLE,INFEASIBLE
PODXL2,INFEASIBLE,OPTIMAL,INFEASIBLE,OPTIMAL
SEC61A1,INFEASIBLE,OPTIMAL,INFEASIBLE,OPTIMAL
RUVBL1,INFEASIBLE,OPTIMAL,INFEASIBLE,INFEASIBLE
EEFSEC,INFEASIBLE,OPTIMAL,INFEASIBLE,OPTIMAL
GATA2,OPTIMAL,OPTIMAL,OPTIMAL,OPTIMAL
RPN1,INFEASIBLE,OPTIMAL,INFEASIBLE,OPTIMAL
RAB7A,INFEASIBLE,OPTIMAL,INFEASIBLE,INFEASIBLE
ACAD9,INFEASIBLE,OPTIMAL,INFEASIBLE,INFEASIBLE
CFAP92,OPTIMAL,OPTIMAL,INFEASIBLE,OPTIMAL
ISY1,INFEASIBLE,OPTIMAL,INFEASIBLE,INFEASIBLE
CNBP,OPTIMAL,OPTIMAL,INFEASIBLE,OPTIMAL
COPG1,INFEASIBLE,OPTIMAL,OPTIMAL,OPTIMAL
HMCES,INFEASIBLE,OPTIMAL,OPTIMAL,OPTIMAL
IFT122,INFEASIBLE,OPTIMAL,INFEASIBLE,OPTIMAL
MBD4,OPTIMAL,OPTIMAL,OPTIMAL,OPTIMAL
TMCC1,INFEASIBLE,OPTIMAL,INFEASIBLE,INFEASIBLE
PIK3R4,INFEASIBLE,OPTIMAL,INFEASIBLE,INFEASIBLE
ATP2C1,INFEASIBLE,OPTIMAL,INFEASIBLE,INFEASIBLE
ASTE1,OPTIMAL,OPTIMAL,OPTIMAL,OPTIMAL
NUDT16,OPTIMAL,OPTIMAL,OPTIMAL,OPTIMAL
MRPL3,INFEASIBLE,OPTIMAL,INFEASIBLE,OPTIMAL
DNAJC13,INFEASIBLE,OPTIMAL,INFEASIBLE,INFEASIBLE
ACAD11,INFEASIBLE,OPTIMAL,INFEASIBLE,INFEASIBLE
UBA5,INFEASIBLE,OPTIMAL,INFEASIBLE,INFEASIBLE
NPHP3,INFEASIBLE,OPTIMAL,INFEASIBLE,INFEASIBLE
TMEM108,INFEASIBLE,OPTIMAL,INFEASIBLE,INFEASIBLE
CDV3,INFEASIBLE,OPTIMAL,INFEASIBLE,INFEASIBLE
TOPBP1,INFEASIBLE,OPTIMAL,INFEASIBLE,INFEASIBLE
SRPRB,OPTIMAL,OPTIMAL,OPTIMAL,OPTIMAL
RAB6B,OPTIMAL,OPTIMAL,OPTIMAL,OPTIMAL
RYK,INFEASIBLE,OPTIMAL,INFEASIBLE,INFEASIBLE
ANAPC13,OPTIMAL,OPTIMAL,OPTIMAL,OPTIMAL
CEP63,OPTIMAL,OPTIMAL,OPTIMAL,OPTIMAL
PPP2R3A,INFEASIBLE,OPTIMAL,INFEASIBLE,INFEASIBLE
MSL2,INFEASIBLE,OPTIMAL,INFEASIBLE,OPTIMAL
PCCB,OPTIMAL,OPTIMAL,OPTIMAL,OPTIMAL
STAG1,INFEASIBLE,OPTIMAL,INFEASIBLE,INFEASIBLE
SLC35G2,INFEASIBLE,OPTIMAL,INFEASIBLE,OPTIMAL
NCK1,INFEASIBLE,OPTIMAL,INFEASIBLE,INFEASIBLE
DZIP1L,INFEASIBLE,OPTIMAL,INFEASIBLE,OPTIMAL
DBR1,INFEASIBLE,OPTIMAL,OPTIMAL,INFEASIBLE
ARMC8,INFEASIBLE,OPTIMAL,INFEASIBLE,INFEASIBLE
MRAS,OPTIMAL,OPTIMAL,OPTIMAL,OPTIMAL
CEP70,INFEASIBLE,OPTIMAL,OPTIMAL,OPTIMAL
FAIM,OPTIMAL,INFEASIBLE,OPTIMAL,OPTIMAL
PIK3CB,INFEASIBLE,OPTIMAL,INFEASIBLE,INFEASIBLE
MRPS22,INFEASIBLE,OPTIMAL,INFEASIBLE,INFEASIBLE
COPB2,INFEASIBLE,OPTIMAL,INFEASIBLE,INFEASIBLE
RBP1,OPTIMAL,OPTIMAL,OPTIMAL,OPTIMAL
SLC25A36,INFEASIBLE,OPTIMAL,INFEASIBLE,OPTIMAL
PXYLP1,OPTIMAL,OPTIMAL,OPTIMAL,OPTIMAL
ZBTB38,INFEASIBLE,OPTIMAL,OPTIMAL,OPTIMAL
RASA2,INFEASIBLE,OPTIMAL,INFEASIBLE,INFEASIBLE
RNF7,OPTIMAL,OPTIMAL,OPTIMAL,OPTIMAL
ATP1B3,OPTIMAL,OPTIMAL,OPTIMAL,OPTIMAL
TFDP2,INFEASIBLE,OPTIMAL,INFEASIBLE,OPTIMAL
GK5,INFEASIBLE,OPTIMAL,INFEASIBLE,OPTIMAL
XRN1,INFEASIBLE,OPTIMAL,INFEASIBLE,INFEASIBLE
ATR,INFEASIBLE,OPTIMAL,INFEASIBLE,INFEASIBLE
PLS1,INFEASIBLE,OPTIMAL,INFEASIBLE,INFEASIBLE
TRPC1,INFEASIBLE,OPTIMAL,INFEASIBLE,INFEASIBLE
PCOLCE2,INFEASIBLE,OPTIMAL,INFEASIBLE,INFEASIBLE
U2SURP,INFEASIBLE,OPTIMAL,INFEASIBLE,INFEASIBLE
DIPK2A,INFEASIBLE,OPTIMAL,INFEASIBLE,INFEASIBLE
PLOD2,INFEASIBLE,INFEASIBLE,INFEASIBLE,INFEASIBLE
PLSCR1,OPTIMAL,OPTIMAL,OPTIMAL,OPTIMAL
GYG1,OPTIMAL,OPTIMAL,OPTIMAL,OPTIMAL
HLTF,INFEASIBLE,OPTIMAL,INFEASIBLE,INFEASIBLE
HPS3,OPTIMAL,OPTIMAL,INFEASIBLE,OPTIMAL
WWTR1,INFEASIBLE,OPTIMAL,INFEASIBLE,INFEASIBLE
COMMD2,OPTIMAL,OPTIMAL,OPTIMAL,OPTIMAL
ANKUB1,INFEASIBLE,OPTIMAL,INFEASIBLE,OPTIMAL
RNF13,INFEASIBLE,OPTIMAL,INFEASIBLE,INFEASIBLE
PFN2,OPTIMAL,OPTIMAL,OPTIMAL,OPTIMAL
TSC22D2,INFEASIBLE,OPTIMAL,INFEASIBLE,OPTIMAL
SERP1,OPTIMAL,OPTIMAL,OPTIMAL,OPTIMAL
EIF2A,INFEASIBLE,OPTIMAL,INFEASIBLE,INFEASIBLE
SELENOT,OPTIMAL,OPTIMAL,OPTIMAL,OPTIMAL
SIAH2,OPTIMAL,OPTIMAL,OPTIMAL,OPTIMAL
MED12L,OPTIMAL,INFEASIBLE,OPTIMAL,OPTIMAL
GPR171,OPTIMAL,OPTIMAL,OPTIMAL,OPTIMAL
P2RY14,OPTIMAL,OPTIMAL,OPTIMAL,OPTIMAL
MBNL1,INFEASIBLE,OPTIMAL,INFEASIBLE,INFEASIBLE
P2RY1,INFEASIBLE,OPTIMAL,OPTIMAL,OPTIMAL
RAP2B,OPTIMAL,OPTIMAL,OPTIMAL,OPTIMAL
ARHGEF26,INFEASIBLE,OPTIMAL,INFEASIBLE,INFEASIBLE
DHX36,INFEASIBLE,OPTIMAL,INFEASIBLE,OPTIMAL
PLCH1,INFEASIBLE,OPTIMAL,INFEASIBLE,INFEASIBLE
C3orf33,INFEASIBLE,OPTIMAL,OPTIMAL,OPTIMAL
SLC33A1,INFEASIBLE,OPTIMAL,INFEASIBLE,INFEASIBLE
GMPS,INFEASIBLE,OPTIMAL,INFEASIBLE,INFEASIBLE
SSR3,INFEASIBLE,OPTIMAL,OPTIMAL,OPTIMAL
TIPARP,INFEASIBLE,OPTIMAL,INFEASIBLE,OPTIMAL
CCNL1,INFEASIBLE,OPTIMAL,OPTIMAL,INFEASIBLE
SHOX2,OPTIMAL,OPTIMAL,OPTIMAL,OPTIMAL
RSRC1,INFEASIBLE,OPTIMAL,INFEASIBLE,INFEASIBLE
MLF1,OPTIMAL,OPTIMAL,OPTIMAL,OPTIMAL
GFM1,INFEASIBLE,OPTIMAL,INFEASIBLE,INFEASIBLE
LXN,OPTIMAL,OPTIMAL,OPTIMAL,OPTIMAL
MFSD1,INFEASIBLE,OPTIMAL,INFEASIBLE,OPTIMAL
SCHIP1,OPTIMAL,OPTIMAL,OPTIMAL,OPTIMAL
IFT80,INFEASIBLE,OPTIMAL,INFEASIBLE,INFEASIBLE
SMC4,INFEASIBLE,OPTIMAL,INFEASIBLE,INFEASIBLE
TRIM59,OPTIMAL,OPTIMAL,OPTIMAL,OPTIMAL
KPNA4,INFEASIBLE,OPTIMAL,INFEASIBLE,INFEASIBLE
PPM1L,INFEASIBLE,OPTIMAL,INFEASIBLE,INFEASIBLE
NMD3,INFEASIBLE,OPTIMAL,INFEASIBLE,INFEASIBLE
PDCD10,INFEASIBLE,OPTIMAL,INFEASIBLE,INFEASIBLE
GOLIM4,INFEASIBLE,OPTIMAL,OPTIMAL,INFEASIBLE
MECOM,OPTIMAL,OPTIMAL,INFEASIBLE,OPTIMAL
MYNN,OPTIMAL,OPTIMAL,OPTIMAL,OPTIMAL
LRRC34,OPTIMAL,OPTIMAL,OPTIMAL,OPTIMAL
SEC62,OPTIMAL,OPTIMAL,OPTIMAL,OPTIMAL
GPR160,OPTIMAL,OPTIMAL,OPTIMAL,OPTIMAL
PHC3,INFEASIBLE,OPTIMAL,INFEASIBLE,OPTIMAL
PRKCI,INFEASIBLE,OPTIMAL,INFEASIBLE,INFEASIBLE
SKIL,INFEASIBLE,OPTIMAL,INFEASIBLE,OPTIMAL
RPL22L1,OPTIMAL,OPTIMAL,OPTIMAL,OPTIMAL
EIF5A2,OPTIMAL,OPTIMAL,OPTIMAL,OPTIMAL
TNIK,INFEASIBLE,OPTIMAL,INFEASIBLE,INFEASIBLE
PLD1,OPTIMAL,OPTIMAL,OPTIMAL,OPTIMAL
FNDC3B,INFEASIBLE,OPTIMAL,INFEASIBLE,INFEASIBLE
NCEH1,OPTIMAL,OPTIMAL,OPTIMAL,OPTIMAL
ECT2,INFEASIBLE,OPTIMAL,INFEASIBLE,INFEASIBLE
NLGN1,INFEASIBLE,OPTIMAL,INFEASIBLE,INFEASIBLE
NAALADL2,OPTIMAL,INFEASIBLE,INFEASIBLE,OPTIMAL
TBL1XR1,INFEASIBLE,OPTIMAL,INFEASIBLE,INFEASIBLE
KCNMB2,OPTIMAL,OPTIMAL,OPTIMAL,OPTIMAL
ZMAT3,INFEASIBLE,OPTIMAL,OPTIMAL,OPTIMAL
PIK3CA,INFEASIBLE,OPTIMAL,INFEASIBLE,INFEASIBLE
ZNF639,INFEASIBLE,OPTIMAL,INFEASIBLE,OPTIMAL
MFN1,INFEASIBLE,OPTIMAL,INFEASIBLE,INFEASIBLE
GNB4,INFEASIBLE,OPTIMAL,INFEASIBLE,INFEASIBLE
ACTL6A,INFEASIBLE,OPTIMAL,INFEASIBLE,INFEASIBLE
MRPL47,OPTIMAL,OPTIMAL,OPTIMAL,OPTIMAL
NDUFB5,OPTIMAL,OPTIMAL,OPTIMAL,OPTIMAL
USP13,INFEASIBLE,OPTIMAL,INFEASIBLE,OPTIMAL
TTC14,INFEASIBLE,OPTIMAL,INFEASIBLE,INFEASIBLE
FXR1,INFEASIBLE,OPTIMAL,INFEASIBLE,INFEASIBLE
DNAJC19,OPTIMAL,OPTIMAL,OPTIMAL,OPTIMAL
SOX2,OPTIMAL,OPTIMAL,OPTIMAL,OPTIMAL
ATP11B,INFEASIBLE,OPTIMAL,INFEASIBLE,INFEASIBLE
DCUN1D1,OPTIMAL,OPTIMAL,OPTIMAL,OPTIMAL
MCCC1,INFEASIBLE,OPTIMAL,INFEASIBLE,OPTIMAL
MCF2L2,OPTIMAL,INFEASIBLE,OPTIMAL,OPTIMAL
B3GNT5,INFEASIBLE,OPTIMAL,INFEASIBLE,OPTIMAL
KLHL24,OPTIMAL,OPTIMAL,OPTIMAL,OPTIMAL
YEATS2,INFEASIBLE,OPTIMAL,INFEASIBLE,INFEASIBLE
PARL,INFEASIBLE,OPTIMAL,INFEASIBLE,OPTIMAL
ABCC5,INFEASIBLE,OPTIMAL,INFEASIBLE,INFEASIBLE
EIF2B5,OPTIMAL,OPTIMAL,OPTIMAL,OPTIMAL
DVL3,INFEASIBLE,OPTIMAL,OPTIMAL,OPTIMAL
AP2M1,OPTIMAL,OPTIMAL,OPTIMAL,OPTIMAL
ABCF3,INFEASIBLE,OPTIMAL,OPTIMAL,OPTIMAL
ALG3,OPTIMAL,OPTIMAL,OPTIMAL,OPTIMAL
EEF1AKMT4,OPTIMAL,OPTIMAL,OPTIMAL,OPTIMAL
PSMD2,INFEASIBLE,OPTIMAL,INFEASIBLE,OPTIMAL
EIF4G1,INFEASIBLE,OPTIMAL,INFEASIBLE,INFEASIBLE
POLR2H,OPTIMAL,INFEASIBLE,OPTIMAL,OPTIMAL
MAGEF1,OPTIMAL,OPTIMAL,INFEASIBLE,OPTIMAL
VPS8,INFEASIBLE,OPTIMAL,INFEASIBLE,OPTIMAL
EHHADH,INFEASIBLE,OPTIMAL,INFEASIBLE,OPTIMAL
MAP3K13,OPTIMAL,OPTIMAL,OPTIMAL,OPTIMAL
TMEM41A,OPTIMAL,OPTIMAL,OPTIMAL,OPTIMAL
SENP2,INFEASIBLE,OPTIMAL,INFEASIBLE,INFEASIBLE
IGF2BP2,INFEASIBLE,OPTIMAL,INFEASIBLE,INFEASIBLE
TRA2B,INFEASIBLE,OPTIMAL,INFEASIBLE,INFEASIBLE
TBCCD1,OPTIMAL,OPTIMAL,OPTIMAL,OPTIMAL
DNAJB11,INFEASIBLE,OPTIMAL,INFEASIBLE,INFEASIBLE
EIF4A2,INFEASIBLE,OPTIMAL,INFEASIBLE,INFEASIBLE
RFC4,OPTIMAL,OPTIMAL,OPTIMAL,OPTIMAL
ST6GAL1,INFEASIBLE,OPTIMAL,INFEASIBLE,OPTIMAL
RPL39L,OPTIMAL,OPTIMAL,OPTIMAL,OPTIMAL
LPP,OPTIMAL,INFEASIBLE,OPTIMAL,OPTIMAL
P3H2,OPTIMAL,OPTIMAL,OPTIMAL,OPTIMAL
CCDC50,INFEASIBLE,OPTIMAL,INFEASIBLE,INFEASIBLE
FGF12,OPTIMAL,INFEASIBLE,OPTIMAL,OPTIMAL
MB21D2,OPTIMAL,OPTIMAL,OPTIMAL,OPTIMAL
PLAAT1,OPTIMAL,OPTIMAL,OPTIMAL,OPTIMAL
OPA1,INFEASIBLE,OPTIMAL,INFEASIBLE,INFEASIBLE
HES1,OPTIMAL,OPTIMAL,OPTIMAL,OPTIMAL
ATP13A3,OPTIMAL,OPTIMAL,INFEASIBLE,OPTIMAL
LSG1,INFEASIBLE,OPTIMAL,INFEASIBLE,INFEASIBLE
XXYLT1,INFEASIBLE,OPTIMAL,INFEASIBLE,INFEASIBLE
ACAP2,INFEASIBLE,OPTIMAL,INFEASIBLE,INFEASIBLE
PPP1R2,INFEASIBLE,INFEASIBLE,INFEASIBLE,INFEASIBLE
TNK2,OPTIMAL,OPTIMAL,OPTIMAL,OPTIMAL
TFRC,INFEASIBLE,OPTIMAL,INFEASIBLE,INFEASIBLE
PCYT1A,INFEASIBLE,OPTIMAL,INFEASIBLE,INFEASIBLE
DYNLT2B,OPTIMAL,OPTIMAL,OPTIMAL,OPTIMAL
UBXN7,INFEASIBLE,INFEASIBLE,INFEASIBLE,INFEASIBLE
RNF168,INFEASIBLE,OPTIMAL,OPTIMAL,INFEASIBLE
WDR53,OPTIMAL,OPTIMAL,OPTIMAL,OPTIMAL
FBXO45,INFEASIBLE,OPTIMAL,OPTIMAL,OPTIMAL
PIGX,OPTIMAL,INFEASIBLE,OPTIMAL,OPTIMAL
CEP19,OPTIMAL,OPTIMAL,OPTIMAL,OPTIMAL
PAK2,INFEASIBLE,OPTIMAL,INFEASIBLE,INFEASIBLE
SENP5,OPTIMAL,OPTIMAL,OPTIMAL,OPTIMAL
NCBP2,OPTIMAL,OPTIMAL,OPTIMAL,OPTIMAL
NCBP2AS2,OPTIMAL,OPTIMAL,OPTIMAL,OPTIMAL
MELTF,OPTIMAL,OPTIMAL,OPTIMAL,OPTIMAL
DLG1,INFEASIBLE,OPTIMAL,INFEASIBLE,INFEASIBLE
RUBCN,OPTIMAL,OPTIMAL,OPTIMAL,OPTIMAL
FYTTD1,OPTIMAL,OPTIMAL,OPTIMAL,OPTIMAL
LRCH3,INFEASIBLE,OPTIMAL,INFEASIBLE,INFEASIBLE
IQCG,OPTIMAL,OPTIMAL,OPTIMAL,OPTIMAL
RPL35A,OPTIMAL,OPTIMAL,OPTIMAL,OPTIMAL
LMLN,OPTIMAL,OPTIMAL,OPTIMAL,OPTIMAL
ZNF721,INFEASIBLE,OPTIMAL,INFEASIBLE,INFEASIBLE
PIGG,INFEASIBLE,OPTIMAL,INFEASIBLE,OPTIMAL
ATP5ME,INFEASIBLE,INFEASIBLE,OPTIMAL,OPTIMAL
MYL5,OPTIMAL,OPTIMAL,OPTIMAL,OPTIMAL
PCGF3,OPTIMAL,OPTIMAL,OPTIMAL,OPTIMAL
GAK,INFEASIBLE,OPTIMAL,OPTIMAL,INFEASIBLE
TMEM175,OPTIMAL,OPTIMAL,OPTIMAL,OPTIMAL
FGFRL1,OPTIMAL,OPTIMAL,OPTIMAL,OPTIMAL
CTBP1,OPTIMAL,OPTIMAL,OPTIMAL,OPTIMAL
MAEA,INFEASIBLE,OPTIMAL,INFEASIBLE,INFEASIBLE
UVSSA,INFEASIBLE,OPTIMAL,OPTIMAL,INFEASIBLE
SLBP,INFEASIBLE,OPTIMAL,INFEASIBLE,INFEASIBLE
TACC3,INFEASIBLE,OPTIMAL,INFEASIBLE,INFEASIBLE
TMEM129,OPTIMAL,OPTIMAL,OPTIMAL,OPTIMAL
FGFR3,OPTIMAL,OPTIMAL,OPTIMAL,OPTIMAL
LETM1,OPTIMAL,OPTIMAL,OPTIMAL,OPTIMAL
NSD2,INFEASIBLE,OPTIMAL,INFEASIBLE,INFEASIBLE
NELFA,OPTIMAL,OPTIMAL,OPTIMAL,OPTIMAL
C4orf48,INFEASIBLE,OPTIMAL,OPTIMAL,OPTIMAL
NAT8L,OPTIMAL,OPTIMAL,OPTIMAL,OPTIMAL
POLN,INFEASIBLE,OPTIMAL,INFEASIBLE,OPTIMAL
HAUS3,INFEASIBLE,OPTIMAL,OPTIMAL,INFEASIBLE
MXD4,OPTIMAL,OPTIMAL,OPTIMAL,OPTIMAL
ZFYVE28,INFEASIBLE,OPTIMAL,INFEASIBLE,OPTIMAL
RNF4,INFEASIBLE,OPTIMAL,INFEASIBLE,INFEASIBLE
FAM193A,INFEASIBLE,OPTIMAL,INFEASIBLE,INFEASIBLE
TNIP2,OPTIMAL,OPTIMAL,OPTIMAL,OPTIMAL
ADD1,INFEASIBLE,OPTIMAL,INFEASIBLE,INFEASIBLE
MFSD10,OPTIMAL,OPTIMAL,OPTIMAL,OPTIMAL
NOP14,INFEASIBLE,OPTIMAL,INFEASIBLE,INFEASIBLE
GRK4,OPTIMAL,OPTIMAL,OPTIMAL,OPTIMAL
HTT,INFEASIBLE,OPTIMAL,INFEASIBLE,INFEASIBLE
RGS12,INFEASIBLE,OPTIMAL,INFEASIBLE,INFEASIBLE
LRPAP1,OPTIMAL,OPTIMAL,OPTIMAL,OPTIMAL
ADRA2C,OPTIMAL,OPTIMAL,OPTIMAL,OPTIMAL
TMEM128,INFEASIBLE,OPTIMAL,OPTIMAL,OPTIMAL
LYAR,OPTIMAL,INFEASIBLE,INFEASIBLE,OPTIMAL
STX18,INFEASIBLE,OPTIMAL,INFEASIBLE,INFEASIBLE
MSX1,OPTIMAL,INFEASIBLE,INFEASIBLE,OPTIMAL
EVC,INFEASIBLE,OPTIMAL,INFEASIBLE,OPTIMAL
MAN2B2,OPTIMAL,OPTIMAL,OPTIMAL,OPTIMAL
MRFAP1,INFEASIBLE,OPTIMAL,OPTIMAL,INFEASIBLE
ENSG00000170846,OPTIMAL,OPTIMAL,OPTIMAL,OPTIMAL
MRFAP1L1,INFEASIBLE,OPTIMAL,OPTIMAL,OPTIMAL
BLOC1S4,OPTIMAL,INFEASIBLE,OPTIMAL,OPTIMAL
KIAA0232,INFEASIBLE,OPTIMAL,INFEASIBLE,INFEASIBLE
TBC1D14,INFEASIBLE,OPTIMAL,INFEASIBLE,INFEASIBLE
TADA2B,INFEASIBLE,OPTIMAL,INFEASIBLE,INFEASIBLE
GRPEL1,OPTIMAL,OPTIMAL,OPTIMAL,OPTIMAL
SORCS2,INFEASIBLE,INFEASIBLE,INFEASIBLE,INFEASIBLE
AFAP1,OPTIMAL,OPTIMAL,OPTIMAL,OPTIMAL
ACOX3,OPTIMAL,OPTIMAL,OPTIMAL,OPTIMAL
TRMT44,INFEASIBLE,OPTIMAL,OPTIMAL,INFEASIBLE
HMX1,OPTIMAL,OPTIMAL,OPTIMAL,OPTIMAL
WDR1,INFEASIBLE,OPTIMAL,OPTIMAL,OPTIMAL
ZNF518B,INFEASIBLE,OPTIMAL,INFEASIBLE,OPTIMAL
RAB28,INFEASIBLE,OPTIMAL,INFEASIBLE,INFEASIBLE
BOD1L1,INFEASIBLE,OPTIMAL,INFEASIBLE,INFEASIBLE
CPEB2,OPTIMAL,OPTIMAL,OPTIMAL,OPTIMAL
CC2D2A,OPTIMAL,OPTIMAL,OPTIMAL,OPTIMAL
FBXL5,OPTIMAL,OPTIMAL,INFEASIBLE,OPTIMAL
FAM200B,OPTIMAL,OPTIMAL,OPTIMAL,OPTIMAL
TAPT1,INFEASIBLE,OPTIMAL,INFEASIBLE,INFEASIBLE
QDPR,OPTIMAL,INFEASIBLE,OPTIMAL,OPTIMAL
LAP3,INFEASIBLE,OPTIMAL,INFEASIBLE,OPTIMAL
MED28,OPTIMAL,OPTIMAL,OPTIMAL,OPTIMAL
FAM184B,INFEASIBLE,INFEASIBLE,OPTIMAL,OPTIMAL
DCAF16,INFEASIBLE,OPTIMAL,INFEASIBLE,OPTIMAL
NCAPG,INFEASIBLE,OPTIMAL,INFEASIBLE,INFEASIBLE
LCORL,INFEASIBLE,OPTIMAL,INFEASIBLE,INFEASIBLE
SLIT2,OPTIMAL,OPTIMAL,INFEASIBLE,OPTIMAL
PACRGL,INFEASIBLE,OPTIMAL,INFEASIBLE,OPTIMAL
ADGRA3,INFEASIBLE,OPTIMAL,INFEASIBLE,INFEASIBLE
GBA3,INFEASIBLE,OPTIMAL,OPTIMAL,INFEASIBLE
DHX15,INFEASIBLE,OPTIMAL,INFEASIBLE,INFEASIBLE
SEPSECS,OPTIMAL,OPTIMAL,INFEASIBLE,OPTIMAL
PI4K2B,OPTIMAL,OPTIMAL,OPTIMAL,OPTIMAL
ZCCHC4,INFEASIBLE,OPTIMAL,OPTIMAL,OPTIMAL
ANAPC4,INFEASIBLE,OPTIMAL,INFEASIBLE,OPTIMAL
SEL1L3,OPTIMAL,OPTIMAL,OPTIMAL,OPTIMAL
SMIM20,OPTIMAL,INFEASIBLE,OPTIMAL,OPTIMAL
RBPJ,INFEASIBLE,OPTIMAL,INFEASIBLE,OPTIMAL
TBC1D19,INFEASIBLE,OPTIMAL,INFEASIBLE,INFEASIBLE
STIM2,INFEASIBLE,OPTIMAL,INFEASIBLE,OPTIMAL
PCDH7,INFEASIBLE,OPTIMAL,INFEASIBLE,INFEASIBLE
ARAP2,INFEASIBLE,OPTIMAL,INFEASIBLE,INFEASIBLE
RELL1,OPTIMAL,OPTIMAL,OPTIMAL,OPTIMAL
PGM2,INFEASIBLE,OPTIMAL,INFEASIBLE,OPTIMAL
TBC1D1,INFEASIBLE,OPTIMAL,INFEASIBLE,INFEASIBLE
KLF3,INFEASIBLE,OPTIMAL,INFEASIBLE,OPTIMAL
FAM114A1,OPTIMAL,OPTIMAL,OPTIMAL,OPTIMAL
KLHL5,INFEASIBLE,OPTIMAL,INFEASIBLE,INFEASIBLE
WDR19,INFEASIBLE,OPTIMAL,INFEASIBLE,OPTIMAL
RFC1,INFEASIBLE,OPTIMAL,INFEASIBLE,INFEASIBLE
RPL9,OPTIMAL,OPTIMAL,OPTIMAL,OPTIMAL
LIAS,OPTIMAL,OPTIMAL,OPTIMAL,OPTIMAL
UGDH,INFEASIBLE,OPTIMAL,OPTIMAL,INFEASIBLE
SMIM14,OPTIMAL,OPTIMAL,OPTIMAL,OPTIMAL
UBE2K,INFEASIBLE,OPTIMAL,INFEASIBLE,INFEASIBLE
PDS5A,INFEASIBLE,OPTIMAL,INFEASIBLE,INFEASIBLE
N4BP2,INFEASIBLE,OPTIMAL,INFEASIBLE,INFEASIBLE
RBM47,OPTIMAL,OPTIMAL,OPTIMAL,OPTIMAL
APBB2,INFEASIBLE,OPTIMAL,INFEASIBLE,OPTIMAL
UCHL1,INFEASIBLE,OPTIMAL,OPTIMAL,OPTIMAL
LIMCH1,INFEASIBLE,INFEASIBLE,OPTIMAL,OPTIMAL
TMEM33,OPTIMAL,OPTIMAL,OPTIMAL,OPTIMAL
SLC30A9,INFEASIBLE,OPTIMAL,INFEASIBLE,INFEASIBLE
BEND4,INFEASIBLE,OPTIMAL,INFEASIBLE,OPTIMAL
ATP8A1,INFEASIBLE,OPTIMAL,INFEASIBLE,OPTIMAL
KCTD8,INFEASIBLE,OPTIMAL,INFEASIBLE,OPTIMAL
GUF1,INFEASIBLE,OPTIMAL,INFEASIBLE,INFEASIBLE
GNPDA2,INFEASIBLE,OPTIMAL,INFEASIBLE,OPTIMAL
COMMD8,OPTIMAL,OPTIMAL,OPTIMAL,OPTIMAL
ATP10D,INFEASIBLE,OPTIMAL,OPTIMAL,OPTIMAL
NFXL1,INFEASIBLE,OPTIMAL,INFEASIBLE,INFEASIBLE
NIPAL1,INFEASIBLE,OPTIMAL,INFEASIBLE,OPTIMAL
TXK,INFEASIBLE,OPTIMAL,OPTIMAL,OPTIMAL
TEC,INFEASIBLE,OPTIMAL,INFEASIBLE,OPTIMAL
SLAIN2,INFEASIBLE,OPTIMAL,INFEASIBLE,INFEASIBLE
FRYL,INFEASIBLE,OPTIMAL,INFEASIBLE,INFEASIBLE
OCIAD1,INFEASIBLE,OPTIMAL,INFEASIBLE,OPTIMAL
DCUN1D4,INFEASIBLE,OPTIMAL,INFEASIBLE,INFEASIBLE
SGCB,INFEASIBLE,OPTIMAL,INFEASIBLE,OPTIMAL
USP46,INFEASIBLE,OPTIMAL,INFEASIBLE,OPTIMAL
SCFD2,INFEASIBLE,OPTIMAL,INFEASIBLE,INFEASIBLE
FIP1L1,INFEASIBLE,OPTIMAL,INFEASIBLE,INFEASIBLE
CHIC2,INFEASIBLE,OPTIMAL,INFEASIBLE,INFEASIBLE
SRD5A3,OPTIMAL,OPTIMAL,OPTIMAL,OPTIMAL
TMEM165,INFEASIBLE,OPTIMAL,INFEASIBLE,INFEASIBLE
CLOCK,INFEASIBLE,OPTIMAL,INFEASIBLE,INFEASIBLE
NMU,OPTIMAL,OPTIMAL,OPTIMAL,OPTIMAL
EXOC1,INFEASIBLE,OPTIMAL,INFEASIBLE,INFEASIBLE
CEP135,INFEASIBLE,OPTIMAL,INFEASIBLE,INFEASIBLE
CRACD,INFEASIBLE,OPTIMAL,INFEASIBLE,INFEASIBLE
AASDH,OPTIMAL,OPTIMAL,OPTIMAL,OPTIMAL
PPAT,INFEASIBLE,OPTIMAL,INFEASIBLE,INFEASIBLE
PAICS,INFEASIBLE,OPTIMAL,INFEASIBLE,INFEASIBLE
SRP72,INFEASIBLE,OPTIMAL,INFEASIBLE,INFEASIBLE
HOPX,OPTIMAL,OPTIMAL,OPTIMAL,OPTIMAL
REST,INFEASIBLE,OPTIMAL,INFEASIBLE,INFEASIBLE
NOA1,INFEASIBLE,OPTIMAL,OPTIMAL,OPTIMAL
POLR2B,INFEASIBLE,OPTIMAL,INFEASIBLE,INFEASIBLE
ADGRL3,OPTIMAL,INFEASIBLE,INFEASIBLE,OPTIMAL
EPHA5,OPTIMAL,OPTIMAL,OPTIMAL,OPTIMAL
CENPC,INFEASIBLE,OPTIMAL,INFEASIBLE,INFEASIBLE
UBA6,INFEASIBLE,OPTIMAL,INFEASIBLE,INFEASIBLE
YTHDC1,INFEASIBLE,OPTIMAL,INFEASIBLE,INFEASIBLE
UTP3,INFEASIBLE,OPTIMAL,INFEASIBLE,INFEASIBLE
RUFY3,INFEASIBLE,OPTIMAL,INFEASIBLE,OPTIMAL
GRSF1,INFEASIBLE,OPTIMAL,INFEASIBLE,INFEASIBLE
MOB1B,INFEASIBLE,OPTIMAL,INFEASIBLE,INFEASIBLE
DCK,INFEASIBLE,OPTIMAL,INFEASIBLE,OPTIMAL
SLC4A4,INFEASIBLE,OPTIMAL,INFEASIBLE,OPTIMAL
ADAMTS3,INFEASIBLE,OPTIMAL,INFEASIBLE,INFEASIBLE
COX18,INFEASIBLE,OPTIMAL,OPTIMAL,INFEASIBLE
ANKRD17,INFEASIBLE,OPTIMAL,INFEASIBLE,INFEASIBLE
MTHFD2L,OPTIMAL,OPTIMAL,OPTIMAL,OPTIMAL
RCHY1,INFEASIBLE,OPTIMAL,INFEASIBLE,OPTIMAL
THAP6,INFEASIBLE,OPTIMAL,OPTIMAL,OPTIMAL
CDKL2,OPTIMAL,OPTIMAL,OPTIMAL,OPTIMAL
G3BP2,INFEASIBLE,OPTIMAL,INFEASIBLE,INFEASIBLE
USO1,INFEASIBLE,OPTIMAL,INFEASIBLE,INFEASIBLE
NAAA,OPTIMAL,OPTIMAL,OPTIMAL,OPTIMAL
SDAD1,INFEASIBLE,OPTIMAL,OPTIMAL,INFEASIBLE
NUP54,INFEASIBLE,OPTIMAL,INFEASIBLE,INFEASIBLE
SCARB2,INFEASIBLE,OPTIMAL,INFEASIBLE,OPTIMAL
SHROOM3,OPTIMAL,OPTIMAL,INFEASIBLE,OPTIMAL
SEPTIN11,INFEASIBLE,OPTIMAL,INFEASIBLE,INFEASIBLE
CCNI,OPTIMAL,OPTIMAL,OPTIMAL,OPTIMAL
CCNG2,OPTIMAL,OPTIMAL,OPTIMAL,OPTIMAL
CNOT6L,INFEASIBLE,OPTIMAL,INFEASIBLE,INFEASIBLE
MRPL1,OPTIMAL,OPTIMAL,OPTIMAL,OPTIMAL
FRAS1,INFEASIBLE,OPTIMAL,INFEASIBLE,INFEASIBLE
BMP2K,INFEASIBLE,OPTIMAL,INFEASIBLE,INFEASIBLE
PAQR3,OPTIMAL,OPTIMAL,INFEASIBLE,OPTIMAL
ANTXR2,INFEASIBLE,OPTIMAL,OPTIMAL,OPTIMAL
RASGEF1B,INFEASIBLE,INFEASIBLE,OPTIMAL,INFEASIBLE
HNRNPD,INFEASIBLE,OPTIMAL,INFEASIBLE,INFEASIBLE
HNRNPDL,INFEASIBLE,OPTIMAL,INFEASIBLE,INFEASIBLE
ENOPH1,INFEASIBLE,OPTIMAL,INFEASIBLE,OPTIMAL
TMEM150C,OPTIMAL,OPTIMAL,OPTIMAL,OPTIMAL
SCD5,INFEASIBLE,OPTIMAL,INFEASIBLE,INFEASIBLE
SEC31A,INFEASIBLE,OPTIMAL,INFEASIBLE,INFEASIBLE
THAP9,OPTIMAL,OPTIMAL,INFEASIBLE,OPTIMAL
LIN54,INFEASIBLE,OPTIMAL,INFEASIBLE,INFEASIBLE
COPS4,INFEASIBLE,OPTIMAL,INFEASIBLE,OPTIMAL
COQ2,OPTIMAL,OPTIMAL,OPTIMAL,OPTIMAL
HELQ,INFEASIBLE,OPTIMAL,OPTIMAL,OPTIMAL
MRPS18C,OPTIMAL,INFEASIBLE,OPTIMAL,OPTIMAL
ABRAXAS1,INFEASIBLE,INFEASIBLE,OPTIMAL,OPTIMAL
GPAT3,INFEASIBLE,INFEASIBLE,OPTIMAL,OPTIMAL
CDS1,INFEASIBLE,OPTIMAL,OPTIMAL,INFEASIBLE
WDFY3,INFEASIBLE,OPTIMAL,INFEASIBLE,INFEASIBLE
ARHGAP24,INFEASIBLE,OPTIMAL,INFEASIBLE,OPTIMAL
MAPK10,OPTIMAL,OPTIMAL,OPTIMAL,OPTIMAL
PTPN13,INFEASIBLE,OPTIMAL,INFEASIBLE,INFEASIBLE
AFF1,OPTIMAL,OPTIMAL,OPTIMAL,OPTIMAL
KLHL8,INFEASIBLE,OPTIMAL,INFEASIBLE,INFEASIBLE
HSD17B11,OPTIMAL,OPTIMAL,INFEASIBLE,OPTIMAL
NUDT9,INFEASIBLE,OPTIMAL,INFEASIBLE,INFEASIBLE
PKD2,INFEASIBLE,OPTIMAL,INFEASIBLE,INFEASIBLE
PPM1K,OPTIMAL,OPTIMAL,OPTIMAL,OPTIMAL
HERC5,OPTIMAL,OPTIMAL,OPTIMAL,OPTIMAL
HERC3,INFEASIBLE,OPTIMAL,INFEASIBLE,OPTIMAL
FAM13A,INFEASIBLE,OPTIMAL,INFEASIBLE,INFEASIBLE
GPRIN3,INFEASIBLE,OPTIMAL,INFEASIBLE,OPTIMAL
SNCA,INFEASIBLE,OPTIMAL,INFEASIBLE,INFEASIBLE
CCSER1,INFEASIBLE,OPTIMAL,INFEASIBLE,INFEASIBLE
GRID2,OPTIMAL,OPTIMAL,OPTIMAL,OPTIMAL
SMARCAD1,INFEASIBLE,OPTIMAL,INFEASIBLE,INFEASIBLE
PDLIM5,INFEASIBLE,OPTIMAL,INFEASIBLE,INFEASIBLE
BMPR1B,OPTIMAL,OPTIMAL,INFEASIBLE,OPTIMAL
UNC5C,INFEASIBLE,OPTIMAL,INFEASIBLE,INFEASIBLE
STPG2,OPTIMAL,OPTIMAL,OPTIMAL,OPTIMAL
RAP1GDS1,INFEASIBLE,OPTIMAL,INFEASIBLE,INFEASIBLE
TSPAN5,INFEASIBLE,OPTIMAL,INFEASIBLE,OPTIMAL
EIF4E,INFEASIBLE,OPTIMAL,INFEASIBLE,OPTIMAL
METAP1,INFEASIBLE,OPTIMAL,INFEASIBLE,OPTIMAL
ADH5,OPTIMAL,OPTIMAL,OPTIMAL,OPTIMAL
TRMT10A,INFEASIBLE,OPTIMAL,OPTIMAL,OPTIMAL
LAMTOR3,INFEASIBLE,OPTIMAL,OPTIMAL,OPTIMAL
DNAJB14,INFEASIBLE,OPTIMAL,INFEASIBLE,INFEASIBLE
PPP3CA,OPTIMAL,OPTIMAL,OPTIMAL,OPTIMAL
SLC39A8,INFEASIBLE,OPTIMAL,INFEASIBLE,OPTIMAL
NFKB1,INFEASIBLE,OPTIMAL,INFEASIBLE,INFEASIBLE
MANBA,INFEASIBLE,OPTIMAL,INFEASIBLE,INFEASIBLE
UBE2D3,INFEASIBLE,OPTIMAL,INFEASIBLE,INFEASIBLE
CISD2,INFEASIBLE,OPTIMAL,INFEASIBLE,OPTIMAL
SLC9B2,OPTIMAL,OPTIMAL,OPTIMAL,OPTIMAL
BDH2,OPTIMAL,OPTIMAL,OPTIMAL,OPTIMAL
CENPE,INFEASIBLE,OPTIMAL,INFEASIBLE,INFEASIBLE
CXXC4,OPTIMAL,OPTIMAL,OPTIMAL,OPTIMAL
TET2,INFEASIBLE,OPTIMAL,INFEASIBLE,INFEASIBLE
PPA2,INFEASIBLE,OPTIMAL,INFEASIBLE,OPTIMAL
INTS12,INFEASIBLE,OPTIMAL,INFEASIBLE,OPTIMAL
GSTCD,INFEASIBLE,OPTIMAL,INFEASIBLE,OPTIMAL
TBCK,INFEASIBLE,OPTIMAL,INFEASIBLE,INFEASIBLE
AIMP1,OPTIMAL,OPTIMAL,OPTIMAL,OPTIMAL
PAPSS1,OPTIMAL,OPTIMAL,INFEASIBLE,OPTIMAL
SGMS2,INFEASIBLE,OPTIMAL,INFEASIBLE,INFEASIBLE
HADH,OPTIMAL,OPTIMAL,OPTIMAL,OPTIMAL
LEF1,INFEASIBLE,OPTIMAL,INFEASIBLE,INFEASIBLE
RPL34,OPTIMAL,OPTIMAL,OPTIMAL,OPTIMAL
OSTC,OPTIMAL,OPTIMAL,OPTIMAL,OPTIMAL
COL25A1,INFEASIBLE,OPTIMAL,INFEASIBLE,INFEASIBLE
SEC24B,INFEASIBLE,OPTIMAL,INFEASIBLE,INFEASIBLE
MCUB,OPTIMAL,OPTIMAL,OPTIMAL,OPTIMAL
CASP6,OPTIMAL,OPTIMAL,OPTIMAL,OPTIMAL
PLA2G12A,OPTIMAL,OPTIMAL,OPTIMAL,OPTIMAL
GAR1,INFEASIBLE,OPTIMAL,INFEASIBLE,INFEASIBLE
ELOVL6,INFEASIBLE,OPTIMAL,INFEASIBLE,INFEASIBLE
ENPEP,OPTIMAL,OPTIMAL,INFEASIBLE,OPTIMAL
PITX2,INFEASIBLE,OPTIMAL,OPTIMAL,OPTIMAL
FAM241A,INFEASIBLE,OPTIMAL,INFEASIBLE,OPTIMAL
AP1AR,INFEASIBLE,OPTIMAL,INFEASIBLE,INFEASIBLE
TIFA,OPTIMAL,OPTIMAL,OPTIMAL,OPTIMAL
ALPK1,INFEASIBLE,OPTIMAL,INFEASIBLE,OPTIMAL
ZGRF1,INFEASIBLE,OPTIMAL,INFEASIBLE,INFEASIBLE
LARP7,OPTIMAL,OPTIMAL,OPTIMAL,OPTIMAL
ANK2,INFEASIBLE,OPTIMAL,INFEASIBLE,INFEASIBLE
CAMK2D,INFEASIBLE,OPTIMAL,INFEASIBLE,INFEASIBLE
ARSJ,OPTIMAL,OPTIMAL,INFEASIBLE,OPTIMAL
UGT8,INFEASIBLE,OPTIMAL,INFEASIBLE,INFEASIBLE
METTL14,INFEASIBLE,OPTIMAL,INFEASIBLE,INFEASIBLE
SEC24D,INFEASIBLE,OPTIMAL,INFEASIBLE,INFEASIBLE
USP53,INFEASIBLE,OPTIMAL,INFEASIBLE,INFEASIBLE
C4orf3,OPTIMAL,OPTIMAL,OPTIMAL,OPTIMAL
PDE5A,OPTIMAL,OPTIMAL,INFEASIBLE,OPTIMAL
MAD2L1,OPTIMAL,OPTIMAL,OPTIMAL,OPTIMAL
PRDM5,INFEASIBLE,OPTIMAL,INFEASIBLE,OPTIMAL
QRFPR,INFEASIBLE,OPTIMAL,INFEASIBLE,OPTIMAL
ANXA5,OPTIMAL,OPTIMAL,INFEASIBLE,OPTIMAL
EXOSC9,OPTIMAL,OPTIMAL,OPTIMAL,OPTIMAL
CCNA2,INFEASIBLE,INFEASIBLE,INFEASIBLE,INFEASIBLE
BBS7,OPTIMAL,OPTIMAL,OPTIMAL,OPTIMAL
TRPC3,OPTIMAL,INFEASIBLE,OPTIMAL,OPTIMAL
BLTP1,INFEASIBLE,OPTIMAL,INFEASIBLE,INFEASIBLE
FGF2,INFEASIBLE,OPTIMAL,INFEASIBLE,OPTIMAL
NUDT6,OPTIMAL,OPTIMAL,OPTIMAL,OPTIMAL
SPATA5,INFEASIBLE,OPTIMAL,INFEASIBLE,INFEASIBLE
SPRY1,OPTIMAL,OPTIMAL,OPTIMAL,OPTIMAL
ANKRD50,INFEASIBLE,OPTIMAL,INFEASIBLE,OPTIMAL
INTU,INFEASIBLE,OPTIMAL,INFEASIBLE,OPTIMAL
HSPA4L,INFEASIBLE,OPTIMAL,INFEASIBLE,INFEASIBLE
PLK4,OPTIMAL,OPTIMAL,OPTIMAL,OPTIMAL
MFSD8,INFEASIBLE,OPTIMAL,INFEASIBLE,OPTIMAL
ABHD18,OPTIMAL,OPTIMAL,INFEASIBLE,OPTIMAL
LARP1B,INFEASIBLE,OPTIMAL,INFEASIBLE,INFEASIBLE
PGRMC2,INFEASIBLE,OPTIMAL,INFEASIBLE,INFEASIBLE
JADE1,INFEASIBLE,OPTIMAL,INFEASIBLE,OPTIMAL
SCLT1,INFEASIBLE,OPTIMAL,INFEASIBLE,INFEASIBLE
C4orf33,OPTIMAL,OPTIMAL,OPTIMAL,OPTIMAL
PCDH10,OPTIMAL,OPTIMAL,INFEASIBLE,OPTIMAL
SLC7A11,INFEASIBLE,OPTIMAL,INFEASIBLE,OPTIMAL
NOCT,OPTIMAL,OPTIMAL,OPTIMAL,OPTIMAL
ELF2,INFEASIBLE,OPTIMAL,INFEASIBLE,INFEASIBLE
MGARP,OPTIMAL,OPTIMAL,OPTIMAL,OPTIMAL
NDUFC1,OPTIMAL,OPTIMAL,OPTIMAL,OPTIMAL
NAA15,INFEASIBLE,OPTIMAL,INFEASIBLE,OPTIMAL
RAB33B,OPTIMAL,OPTIMAL,OPTIMAL,OPTIMAL
SETD7,INFEASIBLE,OPTIMAL,INFEASIBLE,INFEASIBLE
MGST2,OPTIMAL,OPTIMAL,OPTIMAL,OPTIMAL
MAML3,INFEASIBLE,OPTIMAL,INFEASIBLE,OPTIMAL
SCOC,OPTIMAL,OPTIMAL,OPTIMAL,OPTIMAL
CLGN,INFEASIBLE,OPTIMAL,INFEASIBLE,OPTIMAL
ELMOD2,INFEASIBLE,OPTIMAL,INFEASIBLE,OPTIMAL
TBC1D9,INFEASIBLE,OPTIMAL,INFEASIBLE,INFEASIBLE
RNF150,INFEASIBLE,OPTIMAL,INFEASIBLE,OPTIMAL
ZNF330,OPTIMAL,OPTIMAL,OPTIMAL,OPTIMAL
USP38,INFEASIBLE,OPTIMAL,INFEASIBLE,OPTIMAL
GAB1,INFEASIBLE,OPTIMAL,INFEASIBLE,INFEASIBLE
SMARCA5,INFEASIBLE,OPTIMAL,INFEASIBLE,INFEASIBLE
HHIP,INFEASIBLE,INFEASIBLE,OPTIMAL,OPTIMAL
ANAPC10,INFEASIBLE,OPTIMAL,INFEASIBLE,OPTIMAL
ABCE1,INFEASIBLE,OPTIMAL,INFEASIBLE,INFEASIBLE
OTUD4,INFEASIBLE,OPTIMAL,INFEASIBLE,INFEASIBLE
SMAD1,INFEASIBLE,OPTIMAL,INFEASIBLE,OPTIMAL
ZNF827,INFEASIBLE,OPTIMAL,INFEASIBLE,OPTIMAL
LSM6,OPTIMAL,OPTIMAL,OPTIMAL,OPTIMAL
SLC10A7,INFEASIBLE,OPTIMAL,INFEASIBLE,INFEASIBLE
EDNRA,OPTIMAL,OPTIMAL,OPTIMAL,OPTIMAL
TMEM184C,INFEASIBLE,OPTIMAL,INFEASIBLE,INFEASIBLE
PRMT9,OPTIMAL,OPTIMAL,INFEASIBLE,OPTIMAL
ARHGAP10,INFEASIBLE,OPTIMAL,INFEASIBLE,OPTIMAL
NR3C2,INFEASIBLE,OPTIMAL,INFEASIBLE,INFEASIBLE
DCLK2,OPTIMAL,OPTIMAL,INFEASIBLE,OPTIMAL
LRBA,INFEASIBLE,OPTIMAL,INFEASIBLE,INFEASIBLE
RPS3A,OPTIMAL,OPTIMAL,OPTIMAL,OPTIMAL
SH3D19,INFEASIBLE,OPTIMAL,INFEASIBLE,INFEASIBLE
FHIP1A,INFEASIBLE,OPTIMAL,INFEASIBLE,INFEASIBLE
GATB,OPTIMAL,OPTIMAL,OPTIMAL,OPTIMAL
FBXW7,INFEASIBLE,OPTIMAL,INFEASIBLE,INFEASIBLE
ARFIP1,INFEASIBLE,OPTIMAL,INFEASIBLE,INFEASIBLE
TRIM2,INFEASIBLE,OPTIMAL,INFEASIBLE,INFEASIBLE
MND1,OPTIMAL,OPTIMAL,OPTIMAL,OPTIMAL
TMEM131L,INFEASIBLE,OPTIMAL,INFEASIBLE,OPTIMAL
PLRG1,OPTIMAL,OPTIMAL,OPTIMAL,OPTIMAL
MAP9,INFEASIBLE,OPTIMAL,OPTIMAL,INFEASIBLE
GUCY1A1,OPTIMAL,OPTIMAL,INFEASIBLE,OPTIMAL
GUCY1B1,OPTIMAL,OPTIMAL,OPTIMAL,OPTIMAL
PDGFC,INFEASIBLE,OPTIMAL,INFEASIBLE,OPTIMAL
TMEM144,OPTIMAL,OPTIMAL,OPTIMAL,OPTIMAL
C4orf46,OPTIMAL,OPTIMAL,OPTIMAL,OPTIMAL
ETFDH,INFEASIBLE,OPTIMAL,INFEASIBLE,OPTIMAL
PPID,INFEASIBLE,OPTIMAL,INFEASIBLE,INFEASIBLE
FNIP2,OPTIMAL,OPTIMAL,OPTIMAL,OPTIMAL
RAPGEF2,INFEASIBLE,OPTIMAL,INFEASIBLE,INFEASIBLE
FSTL5,INFEASIBLE,INFEASIBLE,OPTIMAL,INFEASIBLE
NAF1,INFEASIBLE,OPTIMAL,INFEASIBLE,INFEASIBLE
TMA16,OPTIMAL,OPTIMAL,OPTIMAL,OPTIMAL
TMEM192,INFEASIBLE,OPTIMAL,INFEASIBLE,OPTIMAL
KLHL2,INFEASIBLE,OPTIMAL,INFEASIBLE,INFEASIBLE
MSMO1,INFEASIBLE,OPTIMAL,OPTIMAL,OPTIMAL
CPE,INFEASIBLE,OPTIMAL,INFEASIBLE,INFEASIBLE
TLL1,OPTIMAL,OPTIMAL,INFEASIBLE,OPTIMAL
SPOCK3,OPTIMAL,OPTIMAL,OPTIMAL,OPTIMAL
PALLD,INFEASIBLE,OPTIMAL,INFEASIBLE,OPTIMAL
CBR4,INFEASIBLE,OPTIMAL,OPTIMAL,INFEASIBLE
SH3RF1,INFEASIBLE,OPTIMAL,INFEASIBLE,INFEASIBLE
NEK1,INFEASIBLE,OPTIMAL,INFEASIBLE,INFEASIBLE
CLCN3,INFEASIBLE,OPTIMAL,INFEASIBLE,INFEASIBLE
HPF1,OPTIMAL,OPTIMAL,OPTIMAL,OPTIMAL
MFAP3L,OPTIMAL,OPTIMAL,OPTIMAL,OPTIMAL
AADAT,OPTIMAL,OPTIMAL,OPTIMAL,OPTIMAL
GALNTL6,INFEASIBLE,OPTIMAL,INFEASIBLE,OPTIMAL
GALNT7,INFEASIBLE,OPTIMAL,INFEASIBLE,INFEASIBLE
HMGB2,INFEASIBLE,OPTIMAL,INFEASIBLE,OPTIMAL
SAP30,OPTIMAL,OPTIMAL,OPTIMAL,OPTIMAL
FBXO8,OPTIMAL,INFEASIBLE,OPTIMAL,OPTIMAL
CEP44,INFEASIBLE,OPTIMAL,INFEASIBLE,OPTIMAL
GPM6A,INFEASIBLE,INFEASIBLE,OPTIMAL,OPTIMAL
WDR17,INFEASIBLE,OPTIMAL,INFEASIBLE,OPTIMAL
SPCS3,INFEASIBLE,OPTIMAL,INFEASIBLE,INFEASIBLE
VEGFC,INFEASIBLE,OPTIMAL,INFEASIBLE,OPTIMAL
NEIL3,INFEASIBLE,OPTIMAL,OPTIMAL,INFEASIBLE
AGA,OPTIMAL,OPTIMAL,OPTIMAL,OPTIMAL
TENM3,INFEASIBLE,OPTIMAL,INFEASIBLE,INFEASIBLE
DCTD,OPTIMAL,OPTIMAL,OPTIMAL,OPTIMAL
WWC2,INFEASIBLE,OPTIMAL,INFEASIBLE,INFEASIBLE
CDKN2AIP,INFEASIBLE,OPTIMAL,INFEASIBLE,INFEASIBLE
ING2,OPTIMAL,OPTIMAL,OPTIMAL,OPTIMAL
RWDD4,OPTIMAL,OPTIMAL,OPTIMAL,OPTIMAL
TRAPPC11,INFEASIBLE,OPTIMAL,INFEASIBLE,OPTIMAL
STOX2,INFEASIBLE,OPTIMAL,INFEASIBLE,INFEASIBLE
IRF2,INFEASIBLE,OPTIMAL,OPTIMAL,OPTIMAL
CASP3,INFEASIBLE,OPTIMAL,INFEASIBLE,INFEASIBLE
PRIMPOL,OPTIMAL,OPTIMAL,OPTIMAL,INFEASIBLE
CENPU,OPTIMAL,OPTIMAL,OPTIMAL,OPTIMAL
ACSL1,INFEASIBLE,OPTIMAL,OPTIMAL,OPTIMAL
SLC25A4,OPTIMAL,OPTIMAL,OPTIMAL,OPTIMAL
CFAP97,OPTIMAL,OPTIMAL,INFEASIBLE,OPTIMAL
SNX25,INFEASIBLE,OPTIMAL,INFEASIBLE,INFEASIBLE
UFSP2,OPTIMAL,OPTIMAL,OPTIMAL,OPTIMAL
PDLIM3,OPTIMAL,OPTIMAL,OPTIMAL,OPTIMAL
SORBS2,OPTIMAL,INFEASIBLE,OPTIMAL,OPTIMAL
CYP4V2,OPTIMAL,OPTIMAL,OPTIMAL,OPTIMAL
FAT1,INFEASIBLE,OPTIMAL,INFEASIBLE,INFEASIBLE
FRG1,OPTIMAL,INFEASIBLE,OPTIMAL,OPTIMAL
CCDC127,OPTIMAL,OPTIMAL,OPTIMAL,OPTIMAL
SDHA,INFEASIBLE,OPTIMAL,INFEASIBLE,OPTIMAL
PDCD6,OPTIMAL,OPTIMAL,OPTIMAL,OPTIMAL
AHRR,INFEASIBLE,OPTIMAL,INFEASIBLE,OPTIMAL
EXOC3,INFEASIBLE,OPTIMAL,INFEASIBLE,OPTIMAL
CEP72,INFEASIBLE,OPTIMAL,OPTIMAL,OPTIMAL
BRD9,OPTIMAL,OPTIMAL,OPTIMAL,OPTIMAL
TRIP13,INFEASIBLE,OPTIMAL,INFEASIBLE,OPTIMAL
CLPTM1L,INFEASIBLE,OPTIMAL,OPTIMAL,OPTIMAL
LPCAT1,INFEASIBLE,OPTIMAL,INFEASIBLE,OPTIMAL
MRPL36,OPTIMAL,INFEASIBLE,OPTIMAL,OPTIMAL
NDUFS6,OPTIMAL,INFEASIBLE,OPTIMAL,OPTIMAL
ADAMTS16,INFEASIBLE,OPTIMAL,INFEASIBLE,INFEASIBLE
ICE1,INFEASIBLE,OPTIMAL,INFEASIBLE,INFEASIBLE
MED10,INFEASIBLE,OPTIMAL,OPTIMAL,OPTIMAL
NSUN2,INFEASIBLE,OPTIMAL,INFEASIBLE,INFEASIBLE
SRD5A1,OPTIMAL,OPTIMAL,OPTIMAL,OPTIMAL
TENT4A,INFEASIBLE,OPTIMAL,INFEASIBLE,INFEASIBLE
MTRR,INFEASIBLE,OPTIMAL,INFEASIBLE,OPTIMAL
FASTKD3,INFEASIBLE,OPTIMAL,INFEASIBLE,OPTIMAL
SEMA5A,OPTIMAL,INFEASIBLE,OPTIMAL,OPTIMAL
ATPSCKMT,OPTIMAL,OPTIMAL,OPTIMAL,OPTIMAL
CCT5,INFEASIBLE,OPTIMAL,INFEASIBLE,INFEASIBLE
CMBL,OPTIMAL,OPTIMAL,OPTIMAL,OPTIMAL
MARCHF6,OPTIMAL,OPTIMAL,OPTIMAL,OPTIMAL
ANKRD33B,OPTIMAL,OPTIMAL,OPTIMAL,OPTIMAL
DAP,OPTIMAL,OPTIMAL,OPTIMAL,OPTIMAL
TRIO,INFEASIBLE,OPTIMAL,INFEASIBLE,OPTIMAL
OTULINL,OPTIMAL,OPTIMAL,OPTIMAL,OPTIMAL
OTULIN,INFEASIBLE,OPTIMAL,INFEASIBLE,OPTIMAL
ANKH,OPTIMAL,OPTIMAL,INFEASIBLE,OPTIMAL
FBXL7,OPTIMAL,OPTIMAL,OPTIMAL,OPTIMAL
ZNF622,INFEASIBLE,OPTIMAL,INFEASIBLE,INFEASIBLE
RETREG1,INFEASIBLE,OPTIMAL,OPTIMAL,OPTIMAL
MYO10,INFEASIBLE,OPTIMAL,INFEASIBLE,INFEASIBLE
BASP1,OPTIMAL,OPTIMAL,OPTIMAL,OPTIMAL
CDH18,INFEASIBLE,INFEASIBLE,OPTIMAL,INFEASIBLE
CDH12,INFEASIBLE,OPTIMAL,INFEASIBLE,INFEASIBLE
DROSHA,INFEASIBLE,OPTIMAL,INFEASIBLE,INFEASIBLE
C5orf22,INFEASIBLE,OPTIMAL,INFEASIBLE,OPTIMAL
PDZD2,OPTIMAL,OPTIMAL,OPTIMAL,OPTIMAL
GOLPH3,INFEASIBLE,OPTIMAL,INFEASIBLE,INFEASIBLE
MTMR12,INFEASIBLE,OPTIMAL,INFEASIBLE,INFEASIBLE
ZFR,INFEASIBLE,OPTIMAL,INFEASIBLE,INFEASIBLE
SUB1,OPTIMAL,INFEASIBLE,OPTIMAL,OPTIMAL
TARS1,INFEASIBLE,OPTIMAL,INFEASIBLE,INFEASIBLE
RAI14,INFEASIBLE,OPTIMAL,INFEASIBLE,INFEASIBLE
RAD1,OPTIMAL,OPTIMAL,OPTIMAL,OPTIMAL
BRIX1,OPTIMAL,OPTIMAL,OPTIMAL,OPTIMAL
DNAJC21,INFEASIBLE,OPTIMAL,INFEASIBLE,INFEASIBLE
LMBRD2,INFEASIBLE,OPTIMAL,INFEASIBLE,OPTIMAL
SKP2,OPTIMAL,OPTIMAL,OPTIMAL,OPTIMAL
NADK2,OPTIMAL,OPTIMAL,OPTIMAL,OPTIMAL
SLC1A3,INFEASIBLE,OPTIMAL,INFEASIBLE,INFEASIBLE
NIPBL,INFEASIBLE,OPTIMAL,INFEASIBLE,INFEASIBLE
CPLANE1,INFEASIBLE,OPTIMAL,INFEASIBLE,OPTIMAL
NUP155,OPTIMAL,OPTIMAL,OPTIMAL,OPTIMAL
WDR70,INFEASIBLE,OPTIMAL,INFEASIBLE,INFEASIBLE
LIFR,INFEASIBLE,OPTIMAL,INFEASIBLE,INFEASIBLE
RICTOR,INFEASIBLE,OPTIMAL,INFEASIBLE,INFEASIBLE
DAB2,OPTIMAL,OPTIMAL,OPTIMAL,OPTIMAL
TTC33,INFEASIBLE,OPTIMAL,INFEASIBLE,INFEASIBLE
PRKAA1,INFEASIBLE,OPTIMAL,INFEASIBLE,INFEASIBLE
RPL37,OPTIMAL,OPTIMAL,OPTIMAL,OPTIMAL
OXCT1,INFEASIBLE,OPTIMAL,INFEASIBLE,OPTIMAL
RIMOC1,INFEASIBLE,OPTIMAL,INFEASIBLE,INFEASIBLE
FBXO4,INFEASIBLE,OPTIMAL,OPTIMAL,OPTIMAL
GHR,INFEASIBLE,OPTIMAL,INFEASIBLE,OPTIMAL
SELENOP,OPTIMAL,OPTIMAL,OPTIMAL,OPTIMAL
ZNF131,INFEASIBLE,OPTIMAL,INFEASIBLE,INFEASIBLE
HMGCS1,OPTIMAL,OPTIMAL,OPTIMAL,OPTIMAL
TMEM267,OPTIMAL,OPTIMAL,OPTIMAL,OPTIMAL
C5orf34,INFEASIBLE,OPTIMAL,INFEASIBLE,OPTIMAL
PAIP1,INFEASIBLE,OPTIMAL,INFEASIBLE,OPTIMAL
NNT,INFEASIBLE,OPTIMAL,INFEASIBLE,INFEASIBLE
MRPS30,OPTIMAL,OPTIMAL,INFEASIBLE,OPTIMAL
EMB,INFEASIBLE,OPTIMAL,INFEASIBLE,OPTIMAL
PARP8,INFEASIBLE,OPTIMAL,INFEASIBLE,OPTIMAL
ISL1,OPTIMAL,OPTIMAL,OPTIMAL,OPTIMAL
PELO,OPTIMAL,OPTIMAL,OPTIMAL,OPTIMAL
ITGA2,OPTIMAL,OPTIMAL,OPTIMAL,OPTIMAL
MOCS2,OPTIMAL,OPTIMAL,OPTIMAL,OPTIMAL
NDUFS4,OPTIMAL,OPTIMAL,OPTIMAL,OPTIMAL
ARL15,INFEASIBLE,OPTIMAL,INFEASIBLE,INFEASIBLE
SNX18,INFEASIBLE,OPTIMAL,OPTIMAL,OPTIMAL
GPX8,OPTIMAL,OPTIMAL,OPTIMAL,OPTIMAL
DHX29,INFEASIBLE,OPTIMAL,INFEASIBLE,OPTIMAL
MTREX,INFEASIBLE,OPTIMAL,INFEASIBLE,INFEASIBLE
PLPP1,OPTIMAL,OPTIMAL,INFEASIBLE,OPTIMAL
SLC38A9,INFEASIBLE,OPTIMAL,INFEASIBLE,OPTIMAL
IL6ST,INFEASIBLE,OPTIMAL,INFEASIBLE,INFEASIBLE
MAP3K1,INFEASIBLE,OPTIMAL,OPTIMAL,OPTIMAL
SETD9,OPTIMAL,OPTIMAL,OPTIMAL,OPTIMAL
MIER3,INFEASIBLE,OPTIMAL,INFEASIBLE,INFEASIBLE
GPBP1,INFEASIBLE,OPTIMAL,INFEASIBLE,INFEASIBLE
RAB3C,INFEASIBLE,INFEASIBLE,OPTIMAL,INFEASIBLE
PDE4D,INFEASIBLE,OPTIMAL,INFEASIBLE,INFEASIBLE
DEPDC1B,INFEASIBLE,OPTIMAL,OPTIMAL,OPTIMAL
ELOVL7,INFEASIBLE,OPTIMAL,OPTIMAL,OPTIMAL
ERCC8,INFEASIBLE,OPTIMAL,INFEASIBLE,INFEASIBLE
NDUFAF2,OPTIMAL,OPTIMAL,OPTIMAL,OPTIMAL
SMIM15,INFEASIBLE,OPTIMAL,INFEASIBLE,INFEASIBLE
ZSWIM6,INFEASIBLE,OPTIMAL,INFEASIBLE,INFEASIBLE
KIF2A,INFEASIBLE,OPTIMAL,INFEASIBLE,INFEASIBLE
DIMT1,OPTIMAL,OPTIMAL,INFEASIBLE,OPTIMAL
IPO11,INFEASIBLE,OPTIMAL,INFEASIBLE,OPTIMAL
SREK1IP1,OPTIMAL,OPTIMAL,OPTIMAL,OPTIMAL
CWC27,INFEASIBLE,OPTIMAL,INFEASIBLE,INFEASIBLE
ADAMTS6,OPTIMAL,OPTIMAL,INFEASIBLE,OPTIMAL
CENPK,OPTIMAL,OPTIMAL,OPTIMAL,OPTIMAL
PPWD1,INFEASIBLE,OPTIMAL,INFEASIBLE,INFEASIBLE
TRIM23,INFEASIBLE,OPTIMAL,INFEASIBLE,INFEASIBLE
TRAPPC13,OPTIMAL,OPTIMAL,OPTIMAL,OPTIMAL
SGTB,INFEASIBLE,OPTIMAL,INFEASIBLE,INFEASIBLE
NLN,INFEASIBLE,OPTIMAL,INFEASIBLE,INFEASIBLE
ERBIN,INFEASIBLE,OPTIMAL,INFEASIBLE,INFEASIBLE
SREK1,INFEASIBLE,OPTIMAL,INFEASIBLE,INFEASIBLE
MAST4,OPTIMAL,OPTIMAL,INFEASIBLE,OPTIMAL
PIK3R1,INFEASIBLE,OPTIMAL,INFEASIBLE,INFEASIBLE
SLC30A5,INFEASIBLE,INFEASIBLE,INFEASIBLE,OPTIMAL
CCNB1,INFEASIBLE,OPTIMAL,INFEASIBLE,INFEASIBLE
CENPH,INFEASIBLE,OPTIMAL,INFEASIBLE,OPTIMAL
MRPS36,OPTIMAL,OPTIMAL,OPTIMAL,OPTIMAL
CDK7,INFEASIBLE,OPTIMAL,OPTIMAL,OPTIMAL
CCDC125,INFEASIBLE,OPTIMAL,INFEASIBLE,OPTIMAL
AK6,OPTIMAL,INFEASIBLE,OPTIMAL,OPTIMAL
TAF9,OPTIMAL,OPTIMAL,OPTIMAL,OPTIMAL
RAD17,INFEASIBLE,OPTIMAL,INFEASIBLE,INFEASIBLE
MARVELD2,OPTIMAL,OPTIMAL,OPTIMAL,OPTIMAL
OCLN,INFEASIBLE,OPTIMAL,OPTIMAL,OPTIMAL
GTF2H2C,INFEASIBLE,OPTIMAL,INFEASIBLE,INFEASIBLE
SMN2,OPTIMAL,OPTIMAL,OPTIMAL,OPTIMAL
SMN1,OPTIMAL,OPTIMAL,OPTIMAL,OPTIMAL
GTF2H2,OPTIMAL,OPTIMAL,OPTIMAL,OPTIMAL
BDP1,INFEASIBLE,OPTIMAL,INFEASIBLE,INFEASIBLE
MCCC2,INFEASIBLE,OPTIMAL,INFEASIBLE,INFEASIBLE
MAP1B,INFEASIBLE,OPTIMAL,OPTIMAL,INFEASIBLE
MRPS27,INFEASIBLE,OPTIMAL,INFEASIBLE,INFEASIBLE
PTCD2,INFEASIBLE,OPTIMAL,OPTIMAL,INFEASIBLE
TNPO1,INFEASIBLE,OPTIMAL,INFEASIBLE,INFEASIBLE
FCHO2,INFEASIBLE,OPTIMAL,INFEASIBLE,INFEASIBLE
FOXD1,OPTIMAL,OPTIMAL,OPTIMAL,OPTIMAL
BTF3,OPTIMAL,OPTIMAL,OPTIMAL,OPTIMAL
ANKRA2,OPTIMAL,OPTIMAL,OPTIMAL,OPTIMAL
UTP15,INFEASIBLE,OPTIMAL,INFEASIBLE,INFEASIBLE
ARHGEF28,OPTIMAL,OPTIMAL,OPTIMAL,OPTIMAL
HEXB,INFEASIBLE,INFEASIBLE,INFEASIBLE,OPTIMAL
GFM2,INFEASIBLE,OPTIMAL,INFEASIBLE,INFEASIBLE
NSA2,OPTIMAL,OPTIMAL,OPTIMAL,OPTIMAL
FAM169A,INFEASIBLE,OPTIMAL,INFEASIBLE,INFEASIBLE
HMGCR,INFEASIBLE,OPTIMAL,INFEASIBLE,INFEASIBLE
CERT1,INFEASIBLE,OPTIMAL,INFEASIBLE,INFEASIBLE
POLK,INFEASIBLE,OPTIMAL,INFEASIBLE,INFEASIBLE
POC5,OPTIMAL,OPTIMAL,OPTIMAL,OPTIMAL
IQGAP2,INFEASIBLE,OPTIMAL,INFEASIBLE,INFEASIBLE
F2R,OPTIMAL,OPTIMAL,OPTIMAL,OPTIMAL
AGGF1,INFEASIBLE,OPTIMAL,INFEASIBLE,INFEASIBLE
ZBED3,OPTIMAL,OPTIMAL,OPTIMAL,OPTIMAL
WDR41,INFEASIBLE,OPTIMAL,INFEASIBLE,OPTIMAL
TBCA,INFEASIBLE,INFEASIBLE,INFEASIBLE,OPTIMAL
AP3B1,INFEASIBLE,OPTIMAL,INFEASIBLE,INFEASIBLE
SCAMP1,INFEASIBLE,OPTIMAL,INFEASIBLE,INFEASIBLE
LHFPL2,INFEASIBLE,OPTIMAL,INFEASIBLE,INFEASIBLE
ARSB,OPTIMAL,OPTIMAL,OPTIMAL,OPTIMAL
DMGDH,OPTIMAL,OPTIMAL,OPTIMAL,OPTIMAL
JMY,INFEASIBLE,OPTIMAL,OPTIMAL,INFEASIBLE
HOMER1,INFEASIBLE,OPTIMAL,INFEASIBLE,INFEASIBLE
TENT2,INFEASIBLE,OPTIMAL,INFEASIBLE,INFEASIBLE
MTX3,INFEASIBLE,OPTIMAL,INFEASIBLE,INFEASIBLE
THBS4,OPTIMAL,OPTIMAL,OPTIMAL,OPTIMAL
SERINC5,OPTIMAL,OPTIMAL,OPTIMAL,OPTIMAL
ZFYVE16,INFEASIBLE,OPTIMAL,INFEASIBLE,INFEASIBLE
FAM151B,OPTIMAL,OPTIMAL,INFEASIBLE,OPTIMAL
DHFR,OPTIMAL,OPTIMAL,OPTIMAL,OPTIMAL
MSH3,INFEASIBLE,OPTIMAL,INFEASIBLE,INFEASIBLE
RASGRF2,INFEASIBLE,OPTIMAL,INFEASIBLE,OPTIMAL
ZCCHC9,OPTIMAL,OPTIMAL,OPTIMAL,OPTIMAL
SSBP2,INFEASIBLE,OPTIMAL,INFEASIBLE,INFEASIBLE
ATG10,OPTIMAL,INFEASIBLE,OPTIMAL,OPTIMAL
RPS23,OPTIMAL,INFEASIBLE,OPTIMAL,OPTIMAL
TMEM167A,OPTIMAL,OPTIMAL,OPTIMAL,OPTIMAL
XRCC4,INFEASIBLE,OPTIMAL,INFEASIBLE,OPTIMAL
VCAN,INFEASIBLE,OPTIMAL,INFEASIBLE,OPTIMAL
EDIL3,OPTIMAL,OPTIMAL,OPTIMAL,OPTIMAL
COX7C,OPTIMAL,INFEASIBLE,OPTIMAL,OPTIMAL
RASA1,INFEASIBLE,OPTIMAL,INFEASIBLE,INFEASIBLE
CCNH,INFEASIBLE,OPTIMAL,INFEASIBLE,INFEASIBLE
TMEM161B,INFEASIBLE,OPTIMAL,INFEASIBLE,INFEASIBLE
MEF2C,OPTIMAL,OPTIMAL,OPTIMAL,OPTIMAL
CETN3,OPTIMAL,OPTIMAL,OPTIMAL,OPTIMAL
MBLAC2,INFEASIBLE,OPTIMAL,OPTIMAL,OPTIMAL
POLR3G,INFEASIBLE,OPTIMAL,INFEASIBLE,OPTIMAL
LYSMD3,INFEASIBLE,OPTIMAL,INFEASIBLE,INFEASIBLE
ADGRV1,OPTIMAL,INFEASIBLE,INFEASIBLE,OPTIMAL
ARRDC3,OPTIMAL,OPTIMAL,OPTIMAL,OPTIMAL
NR2F1,OPTIMAL,OPTIMAL,OPTIMAL,OPTIMAL
FAM172A,INFEASIBLE,OPTIMAL,INFEASIBLE,INFEASIBLE
SLF1,INFEASIBLE,OPTIMAL,INFEASIBLE,OPTIMAL
MCTP1,OPTIMAL,OPTIMAL,OPTIMAL,OPTIMAL
SKIC3,INFEASIBLE,OPTIMAL,INFEASIBLE,INFEASIBLE
ARSK,INFEASIBLE,OPTIMAL,INFEASIBLE,INFEASIBLE
RFESD,OPTIMAL,OPTIMAL,OPTIMAL,OPTIMAL
RHOBTB3,OPTIMAL,OPTIMAL,INFEASIBLE,OPTIMAL
GLRX,OPTIMAL,OPTIMAL,OPTIMAL,OPTIMAL
ELL2,INFEASIBLE,OPTIMAL,INFEASIBLE,OPTIMAL
CAST,INFEASIBLE,OPTIMAL,OPTIMAL,INFEASIBLE
LNPEP,INFEASIBLE,OPTIMAL,INFEASIBLE,INFEASIBLE
RIOK2,INFEASIBLE,OPTIMAL,INFEASIBLE,INFEASIBLE
RGMB,OPTIMAL,OPTIMAL,OPTIMAL,OPTIMAL
CHD1,INFEASIBLE,OPTIMAL,INFEASIBLE,INFEASIBLE
FAM174A,OPTIMAL,OPTIMAL,OPTIMAL,OPTIMAL
SLCO6A1,INFEASIBLE,OPTIMAL,INFEASIBLE,INFEASIBLE
PAM,INFEASIBLE,OPTIMAL,INFEASIBLE,INFEASIBLE
GIN1,OPTIMAL,OPTIMAL,OPTIMAL,OPTIMAL
PPIP5K2,INFEASIBLE,OPTIMAL,INFEASIBLE,INFEASIBLE
MACIR,OPTIMAL,OPTIMAL,OPTIMAL,OPTIMAL
NUDT12,INFEASIBLE,OPTIMAL,INFEASIBLE,OPTIMAL
EFNA5,INFEASIBLE,OPTIMAL,INFEASIBLE,OPTIMAL
FBXL17,INFEASIBLE,OPTIMAL,INFEASIBLE,INFEASIBLE
FER,INFEASIBLE,OPTIMAL,INFEASIBLE,INFEASIBLE
PJA2,INFEASIBLE,OPTIMAL,INFEASIBLE,INFEASIBLE
MAN2A1,INFEASIBLE,OPTIMAL,INFEASIBLE,OPTIMAL
SLC25A46,INFEASIBLE,OPTIMAL,INFEASIBLE,OPTIMAL
WDR36,INFEASIBLE,OPTIMAL,INFEASIBLE,INFEASIBLE
CAMK4,INFEASIBLE,OPTIMAL,INFEASIBLE,OPTIMAL
STARD4,INFEASIBLE,OPTIMAL,OPTIMAL,OPTIMAL
NREP,OPTIMAL,OPTIMAL,OPTIMAL,OPTIMAL
EPB41L4A,OPTIMAL,OPTIMAL,OPTIMAL,OPTIMAL
APC,INFEASIBLE,OPTIMAL,INFEASIBLE,INFEASIBLE
SRP19,OPTIMAL,OPTIMAL,OPTIMAL,OPTIMAL
REEP5,OPTIMAL,OPTIMAL,OPTIMAL,OPTIMAL
DCP2,INFEASIBLE,OPTIMAL,INFEASIBLE,INFEASIBLE
MCC,INFEASIBLE,OPTIMAL,INFEASIBLE,OPTIMAL
YTHDC2,INFEASIBLE,OPTIMAL,INFEASIBLE,INFEASIBLE
TRIM36,OPTIMAL,OPTIMAL,OPTIMAL,OPTIMAL
PGGT1B,OPTIMAL,OPTIMAL,OPTIMAL,OPTIMAL
CCDC112,INFEASIBLE,OPTIMAL,OPTIMAL,OPTIMAL
FEM1C,INFEASIBLE,OPTIMAL,INFEASIBLE,INFEASIBLE
TMED7,INFEASIBLE,OPTIMAL,INFEASIBLE,INFEASIBLE
ATG12,OPTIMAL,OPTIMAL,OPTIMAL,OPTIMAL
AP3S1,OPTIMAL,OPTIMAL,OPTIMAL,OPTIMAL
COMMD10,INFEASIBLE,OPTIMAL,INFEASIBLE,INFEASIBLE
SEMA6A,INFEASIBLE,OPTIMAL,INFEASIBLE,INFEASIBLE
DTWD2,INFEASIBLE,OPTIMAL,INFEASIBLE,INFEASIBLE
DMXL1,INFEASIBLE,OPTIMAL,INFEASIBLE,INFEASIBLE
TNFAIP8,OPTIMAL,OPTIMAL,INFEASIBLE,OPTIMAL
HSD17B4,INFEASIBLE,OPTIMAL,INFEASIBLE,INFEASIBLE
PRR16,OPTIMAL,OPTIMAL,OPTIMAL,OPTIMAL
SRFBP1,INFEASIBLE,OPTIMAL,INFEASIBLE,INFEASIBLE
SNX2,INFEASIBLE,OPTIMAL,INFEASIBLE,INFEASIBLE
SNX24,OPTIMAL,OPTIMAL,INFEASIBLE,OPTIMAL
PPIC,OPTIMAL,OPTIMAL,OPTIMAL,OPTIMAL
PRDM6,INFEASIBLE,OPTIMAL,INFEASIBLE,INFEASIBLE
CEP120,INFEASIBLE,OPTIMAL,INFEASIBLE,INFEASIBLE
CSNK1G3,INFEASIBLE,OPTIMAL,INFEASIBLE,INFEASIBLE
ZNF608,OPTIMAL,OPTIMAL,OPTIMAL,OPTIMAL
ALDH7A1,INFEASIBLE,OPTIMAL,INFEASIBLE,OPTIMAL
PHAX,INFEASIBLE,OPTIMAL,OPTIMAL,OPTIMAL
LMNB1,INFEASIBLE,OPTIMAL,INFEASIBLE,INFEASIBLE
MARCHF3,OPTIMAL,OPTIMAL,OPTIMAL,OPTIMAL
C5orf63,OPTIMAL,OPTIMAL,OPTIMAL,OPTIMAL
PRRC1,INFEASIBLE,OPTIMAL,INFEASIBLE,OPTIMAL
SLC12A2,OPTIMAL,OPTIMAL,OPTIMAL,OPTIMAL
FBN2,INFEASIBLE,OPTIMAL,INFEASIBLE,INFEASIBLE
ISOC1,OPTIMAL,OPTIMAL,INFEASIBLE,OPTIMAL
ADAMTS19,INFEASIBLE,OPTIMAL,INFEASIBLE,OPTIMAL
CHSY3,INFEASIBLE,OPTIMAL,INFEASIBLE,INFEASIBLE
HINT1,OPTIMAL,INFEASIBLE,OPTIMAL,OPTIMAL
LYRM7,INFEASIBLE,OPTIMAL,INFEASIBLE,INFEASIBLE
CDC42SE2,INFEASIBLE,OPTIMAL,INFEASIBLE,OPTIMAL
RAPGEF6,INFEASIBLE,OPTIMAL,INFEASIBLE,INFEASIBLE
FNIP1,OPTIMAL,OPTIMAL,OPTIMAL,OPTIMAL
P4HA2,OPTIMAL,OPTIMAL,OPTIMAL,OPTIMAL
PDLIM4,OPTIMAL,INFEASIBLE,OPTIMAL,OPTIMAL
SLC22A5,OPTIMAL,OPTIMAL,OPTIMAL,OPTIMAL
IRF1,OPTIMAL,OPTIMAL,OPTIMAL,OPTIMAL
RAD50,INFEASIBLE,OPTIMAL,INFEASIBLE,INFEASIBLE
KIF3A,INFEASIBLE,OPTIMAL,INFEASIBLE,INFEASIBLE
SEPTIN8,INFEASIBLE,OPTIMAL,OPTIMAL,OPTIMAL
UQCRQ,INFEASIBLE,INFEASIBLE,OPTIMAL,OPTIMAL
AFF4,INFEASIBLE,OPTIMAL,INFEASIBLE,INFEASIBLE
ZCCHC10,OPTIMAL,OPTIMAL,OPTIMAL,OPTIMAL
HSPA4,INFEASIBLE,OPTIMAL,INFEASIBLE,INFEASIBLE
C5orf15,INFEASIBLE,OPTIMAL,INFEASIBLE,INFEASIBLE
VDAC1,INFEASIBLE,OPTIMAL,INFEASIBLE,OPTIMAL
TCF7,OPTIMAL,OPTIMAL,OPTIMAL,OPTIMAL
SKP1,OPTIMAL,OPTIMAL,OPTIMAL,OPTIMAL
PPP2CA,INFEASIBLE,OPTIMAL,INFEASIBLE,INFEASIBLE
CDKL3,OPTIMAL,OPTIMAL,OPTIMAL,OPTIMAL
UBE2B,OPTIMAL,INFEASIBLE,OPTIMAL,OPTIMAL
CDKN2AIPNL,OPTIMAL,OPTIMAL,OPTIMAL,OPTIMAL
SAR1B,INFEASIBLE,OPTIMAL,INFEASIBLE,OPTIMAL
SEC24A,INFEASIBLE,OPTIMAL,INFEASIBLE,OPTIMAL
CAMLG,OPTIMAL,OPTIMAL,OPTIMAL,OPTIMAL
DDX46,INFEASIBLE,OPTIMAL,INFEASIBLE,INFEASIBLE
C5orf24,INFEASIBLE,OPTIMAL,OPTIMAL,OPTIMAL
TXNDC15,INFEASIBLE,OPTIMAL,INFEASIBLE,OPTIMAL
PCBD2,OPTIMAL,OPTIMAL,INFEASIBLE,OPTIMAL
PITX1,OPTIMAL,OPTIMAL,OPTIMAL,OPTIMAL
MACROH2A1,OPTIMAL,INFEASIBLE,OPTIMAL,OPTIMAL
SLC25A48,OPTIMAL,OPTIMAL,OPTIMAL,OPTIMAL
SMAD5,INFEASIBLE,OPTIMAL,INFEASIBLE,INFEASIBLE
HNRNPA0,OPTIMAL,INFEASIBLE,OPTIMAL,OPTIMAL
PKD2L2,OPTIMAL,OPTIMAL,OPTIMAL,OPTIMAL
FAM13B,INFEASIBLE,OPTIMAL,INFEASIBLE,INFEASIBLE
BRD8,INFEASIBLE,OPTIMAL,OPTIMAL,INFEASIBLE
KIF20A,INFEASIBLE,OPTIMAL,INFEASIBLE,OPTIMAL
CDC23,INFEASIBLE,OPTIMAL,INFEASIBLE,OPTIMAL
CDC25C,OPTIMAL,OPTIMAL,OPTIMAL,OPTIMAL
FAM53C,OPTIMAL,OPTIMAL,OPTIMAL,OPTIMAL
KDM3B,INFEASIBLE,OPTIMAL,INFEASIBLE,INFEASIBLE
REEP2,OPTIMAL,OPTIMAL,OPTIMAL,OPTIMAL
EGR1,INFEASIBLE,OPTIMAL,OPTIMAL,OPTIMAL
ETF1,INFEASIBLE,OPTIMAL,INFEASIBLE,INFEASIBLE
HSPA9,INFEASIBLE,OPTIMAL,INFEASIBLE,INFEASIBLE
CTNNA1,INFEASIBLE,OPTIMAL,INFEASIBLE,INFEASIBLE
SIL1,INFEASIBLE,OPTIMAL,INFEASIBLE,INFEASIBLE
MATR3,INFEASIBLE,OPTIMAL,INFEASIBLE,INFEASIBLE
PAIP2,INFEASIBLE,OPTIMAL,INFEASIBLE,OPTIMAL
SPATA24,OPTIMAL,OPTIMAL,OPTIMAL,OPTIMAL
DNAJC18,OPTIMAL,OPTIMAL,OPTIMAL,OPTIMAL
UBE2D2,OPTIMAL,OPTIMAL,OPTIMAL,OPTIMAL
CXXC5,OPTIMAL,OPTIMAL,OPTIMAL,OPTIMAL
NRG2,INFEASIBLE,OPTIMAL,INFEASIBLE,OPTIMAL
PURA,INFEASIBLE,OPTIMAL,INFEASIBLE,OPTIMAL
CYSTM1,OPTIMAL,OPTIMAL,OPTIMAL,OPTIMAL
PFDN1,OPTIMAL,OPTIMAL,OPTIMAL,OPTIMAL
ANKHD1,INFEASIBLE,OPTIMAL,INFEASIBLE,INFEASIBLE
SRA1,OPTIMAL,OPTIMAL,INFEASIBLE,OPTIMAL
SLC35A4,OPTIMAL,OPTIMAL,OPTIMAL,OPTIMAL
NDUFA2,OPTIMAL,OPTIMAL,OPTIMAL,OPTIMAL
TMCO6,OPTIMAL,OPTIMAL,OPTIMAL,OPTIMAL
IK,INFEASIBLE,OPTIMAL,INFEASIBLE,INFEASIBLE
WDR55,OPTIMAL,OPTIMAL,OPTIMAL,OPTIMAL
HARS1,OPTIMAL,OPTIMAL,OPTIMAL,OPTIMAL
HARS2,OPTIMAL,OPTIMAL,OPTIMAL,OPTIMAL
ZMAT2,OPTIMAL,OPTIMAL,OPTIMAL,OPTIMAL
TAF7,INFEASIBLE,OPTIMAL,INFEASIBLE,INFEASIBLE
DIAPH1,INFEASIBLE,OPTIMAL,INFEASIBLE,INFEASIBLE
HDAC3,OPTIMAL,OPTIMAL,INFEASIBLE,OPTIMAL
DELE1,INFEASIBLE,OPTIMAL,INFEASIBLE,OPTIMAL
RNF14,INFEASIBLE,OPTIMAL,INFEASIBLE,OPTIMAL
GNPDA1,INFEASIBLE,OPTIMAL,OPTIMAL,OPTIMAL
NDFIP1,INFEASIBLE,OPTIMAL,INFEASIBLE,OPTIMAL
ARHGAP26,OPTIMAL,OPTIMAL,OPTIMAL,OPTIMAL
NR3C1,INFEASIBLE,OPTIMAL,INFEASIBLE,INFEASIBLE
YIPF5,INFEASIBLE,OPTIMAL,OPTIMAL,OPTIMAL
KCTD16,OPTIMAL,INFEASIBLE,OPTIMAL,OPTIMAL
PRELID2,INFEASIBLE,OPTIMAL,INFEASIBLE,OPTIMAL
LARS1,INFEASIBLE,OPTIMAL,INFEASIBLE,INFEASIBLE
RBM27,INFEASIBLE,OPTIMAL,INFEASIBLE,INFEASIBLE
TCERG1,INFEASIBLE,OPTIMAL,INFEASIBLE,INFEASIBLE
DPYSL3,OPTIMAL,INFEASIBLE,INFEASIBLE,OPTIMAL
JAKMIP2,INFEASIBLE,OPTIMAL,INFEASIBLE,INFEASIBLE
SPINK5,INFEASIBLE,OPTIMAL,INFEASIBLE,OPTIMAL
FBXO38,INFEASIBLE,OPTIMAL,INFEASIBLE,INFEASIBLE
GRPEL2,INFEASIBLE,OPTIMAL,INFEASIBLE,INFEASIBLE
CSNK1A1,INFEASIBLE,OPTIMAL,INFEASIBLE,OPTIMAL
ARHGEF37,OPTIMAL,OPTIMAL,OPTIMAL,OPTIMAL
PPARGC1B,INFEASIBLE,OPTIMAL,INFEASIBLE,INFEASIBLE
SLC26A2,INFEASIBLE,OPTIMAL,INFEASIBLE,INFEASIBLE
HMGXB3,INFEASIBLE,OPTIMAL,INFEASIBLE,INFEASIBLE
TCOF1,INFEASIBLE,OPTIMAL,INFEASIBLE,INFEASIBLE
RPS14,OPTIMAL,INFEASIBLE,OPTIMAL,OPTIMAL
NDST1,INFEASIBLE,OPTIMAL,INFEASIBLE,OPTIMAL
RBM22,INFEASIBLE,OPTIMAL,OPTIMAL,OPTIMAL
DCTN4,INFEASIBLE,OPTIMAL,INFEASIBLE,INFEASIBLE
SMIM3,OPTIMAL,OPTIMAL,OPTIMAL,OPTIMAL
GPX3,OPTIMAL,OPTIMAL,OPTIMAL,OPTIMAL
TNIP1,INFEASIBLE,OPTIMAL,INFEASIBLE,OPTIMAL
ANXA6,OPTIMAL,OPTIMAL,INFEASIBLE,OPTIMAL
GM2A,OPTIMAL,INFEASIBLE,OPTIMAL,OPTIMAL
SLC36A1,INFEASIBLE,OPTIMAL,INFEASIBLE,OPTIMAL
SPARC,OPTIMAL,OPTIMAL,OPTIMAL,OPTIMAL
ATOX1,OPTIMAL,INFEASIBLE,OPTIMAL,OPTIMAL
G3BP1,INFEASIBLE,OPTIMAL,INFEASIBLE,INFEASIBLE
FAM114A2,INFEASIBLE,INFEASIBLE,INFEASIBLE,INFEASIBLE
MFAP3,INFEASIBLE,OPTIMAL,INFEASIBLE,INFEASIBLE
GALNT10,OPTIMAL,OPTIMAL,OPTIMAL,OPTIMAL
SAP30L,OPTIMAL,OPTIMAL,OPTIMAL,OPTIMAL
HAND1,OPTIMAL,OPTIMAL,OPTIMAL,OPTIMAL
LARP1,INFEASIBLE,OPTIMAL,INFEASIBLE,INFEASIBLE
FAXDC2,OPTIMAL,OPTIMAL,OPTIMAL,OPTIMAL
CNOT8,INFEASIBLE,OPTIMAL,INFEASIBLE,INFEASIBLE
GEMIN5,INFEASIBLE,OPTIMAL,INFEASIBLE,OPTIMAL
MRPL22,OPTIMAL,OPTIMAL,OPTIMAL,OPTIMAL
MED7,OPTIMAL,OPTIMAL,OPTIMAL,OPTIMAL
CYFIP2,INFEASIBLE,OPTIMAL,OPTIMAL,OPTIMAL
THG1L,OPTIMAL,OPTIMAL,OPTIMAL,OPTIMAL
LSM11,OPTIMAL,OPTIMAL,OPTIMAL,OPTIMAL
CLINT1,INFEASIBLE,OPTIMAL,INFEASIBLE,INFEASIBLE
EBF1,OPTIMAL,OPTIMAL,OPTIMAL,OPTIMAL
RNF145,INFEASIBLE,OPTIMAL,INFEASIBLE,OPTIMAL
UBLCP1,INFEASIBLE,OPTIMAL,INFEASIBLE,INFEASIBLE
TTC1,INFEASIBLE,OPTIMAL,INFEASIBLE,OPTIMAL
PWWP2A,OPTIMAL,OPTIMAL,OPTIMAL,OPTIMAL
SLU7,INFEASIBLE,OPTIMAL,INFEASIBLE,INFEASIBLE
PTTG1,OPTIMAL,OPTIMAL,OPTIMAL,OPTIMAL
CCNG1,INFEASIBLE,OPTIMAL,INFEASIBLE,OPTIMAL
NUDCD2,OPTIMAL,OPTIMAL,OPTIMAL,OPTIMAL
HMMR,INFEASIBLE,OPTIMAL,INFEASIBLE,INFEASIBLE
MAT2B,INFEASIBLE,OPTIMAL,INFEASIBLE,INFEASIBLE
TENM2,INFEASIBLE,INFEASIBLE,INFEASIBLE,INFEASIBLE
WWC1,INFEASIBLE,OPTIMAL,INFEASIBLE,OPTIMAL
RARS1,INFEASIBLE,OPTIMAL,INFEASIBLE,INFEASIBLE
PANK3,INFEASIBLE,OPTIMAL,INFEASIBLE,INFEASIBLE
SLIT3,OPTIMAL,OPTIMAL,OPTIMAL,OPTIMAL
SPDL1,INFEASIBLE,OPTIMAL,INFEASIBLE,INFEASIBLE
RANBP17,INFEASIBLE,OPTIMAL,INFEASIBLE,INFEASIBLE
NPM1,INFEASIBLE,OPTIMAL,INFEASIBLE,INFEASIBLE
FBXW11,INFEASIBLE,OPTIMAL,INFEASIBLE,INFEASIBLE
STK10,INFEASIBLE,OPTIMAL,INFEASIBLE,INFEASIBLE
UBTD2,INFEASIBLE,OPTIMAL,INFEASIBLE,INFEASIBLE
SH3PXD2B,INFEASIBLE,OPTIMAL,INFEASIBLE,OPTIMAL
DUSP1,OPTIMAL,OPTIMAL,OPTIMAL,OPTIMAL
ERGIC1,INFEASIBLE,OPTIMAL,INFEASIBLE,OPTIMAL
RPL26L1,OPTIMAL,INFEASIBLE,OPTIMAL,OPTIMAL
ATP6V0E1,OPTIMAL,OPTIMAL,OPTIMAL,OPTIMAL
CREBRF,OPTIMAL,INFEASIBLE,OPTIMAL,OPTIMAL
BNIP1,OPTIMAL,OPTIMAL,OPTIMAL,OPTIMAL
NKX2-5,OPTIMAL,OPTIMAL,OPTIMAL,OPTIMAL
STC2,INFEASIBLE,OPTIMAL,INFEASIBLE,OPTIMAL
BOD1,OPTIMAL,OPTIMAL,OPTIMAL,OPTIMAL
CPEB4,INFEASIBLE,OPTIMAL,INFEASIBLE,INFEASIBLE
MSX2,OPTIMAL,OPTIMAL,OPTIMAL,OPTIMAL
SFXN1,OPTIMAL,OPTIMAL,OPTIMAL,OPTIMAL
THOC3,INFEASIBLE,OPTIMAL,INFEASIBLE,INFEASIBLE
SIMC1,INFEASIBLE,OPTIMAL,INFEASIBLE,INFEASIBLE
KIAA1191,INFEASIBLE,OPTIMAL,INFEASIBLE,OPTIMAL
ARL10,OPTIMAL,OPTIMAL,OPTIMAL,OPTIMAL
NOP16,OPTIMAL,OPTIMAL,OPTIMAL,OPTIMAL
HIGD2A,OPTIMAL,OPTIMAL,OPTIMAL,OPTIMAL
CLTB,OPTIMAL,OPTIMAL,OPTIMAL,OPTIMAL
FAF2,INFEASIBLE,OPTIMAL,INFEASIBLE,INFEASIBLE
RNF44,OPTIMAL,OPTIMAL,OPTIMAL,OPTIMAL
CDHR2,INFEASIBLE,INFEASIBLE,OPTIMAL,OPTIMAL
GPRIN1,OPTIMAL,OPTIMAL,OPTIMAL,OPTIMAL
TSPAN17,OPTIMAL,OPTIMAL,OPTIMAL,OPTIMAL
UIMC1,INFEASIBLE,OPTIMAL,INFEASIBLE,INFEASIBLE
ZNF346,INFEASIBLE,OPTIMAL,INFEASIBLE,INFEASIBLE
NSD1,INFEASIBLE,OPTIMAL,INFEASIBLE,INFEASIBLE
RAB24,OPTIMAL,OPTIMAL,OPTIMAL,OPTIMAL
MXD3,OPTIMAL,OPTIMAL,OPTIMAL,OPTIMAL
PRELID1,OPTIMAL,INFEASIBLE,OPTIMAL,OPTIMAL
LMAN2,OPTIMAL,OPTIMAL,OPTIMAL,OPTIMAL
RGS14,OPTIMAL,OPTIMAL,OPTIMAL,OPTIMAL
F12,OPTIMAL,OPTIMAL,OPTIMAL,OPTIMAL
GRK6,OPTIMAL,OPTIMAL,OPTIMAL,OPTIMAL
PRR7,OPTIMAL,OPTIMAL,OPTIMAL,OPTIMAL
DBN1,INFEASIBLE,OPTIMAL,INFEASIBLE,INFEASIBLE
PDLIM7,OPTIMAL,OPTIMAL,OPTIMAL,OPTIMAL
DOK3,OPTIMAL,OPTIMAL,OPTIMAL,OPTIMAL
DDX41,INFEASIBLE,OPTIMAL,INFEASIBLE,OPTIMAL
FAM193B,INFEASIBLE,OPTIMAL,INFEASIBLE,INFEASIBLE
TMED9,INFEASIBLE,OPTIMAL,INFEASIBLE,INFEASIBLE
B4GALT7,OPTIMAL,OPTIMAL,OPTIMAL,OPTIMAL
RMND5B,OPTIMAL,OPTIMAL,OPTIMAL,OPTIMAL
NHP2,OPTIMAL,INFEASIBLE,OPTIMAL,OPTIMAL
HNRNPAB,INFEASIBLE,OPTIMAL,INFEASIBLE,INFEASIBLE
PHYKPL,OPTIMAL,OPTIMAL,INFEASIBLE,OPTIMAL
COL23A1,OPTIMAL,OPTIMAL,OPTIMAL,OPTIMAL
CLK4,INFEASIBLE,OPTIMAL,INFEASIBLE,INFEASIBLE
ZNF354A,INFEASIBLE,OPTIMAL,INFEASIBLE,INFEASIBLE
ZNF354B,INFEASIBLE,OPTIMAL,INFEASIBLE,INFEASIBLE
ADAMTS2,OPTIMAL,OPTIMAL,OPTIMAL,OPTIMAL
RUFY1,INFEASIBLE,OPTIMAL,INFEASIBLE,OPTIMAL
HNRNPH1,INFEASIBLE,INFEASIBLE,OPTIMAL,OPTIMAL
CANX,INFEASIBLE,OPTIMAL,INFEASIBLE,INFEASIBLE
MAML1,INFEASIBLE,OPTIMAL,OPTIMAL,OPTIMAL
MGAT4B,OPTIMAL,OPTIMAL,OPTIMAL,OPTIMAL
SQSTM1,INFEASIBLE,OPTIMAL,INFEASIBLE,OPTIMAL
MRNIP,OPTIMAL,OPTIMAL,INFEASIBLE,OPTIMAL
TBC1D9B,INFEASIBLE,OPTIMAL,INFEASIBLE,OPTIMAL
RNF130,INFEASIBLE,OPTIMAL,INFEASIBLE,INFEASIBLE
RASGEF1C,INFEASIBLE,OPTIMAL,INFEASIBLE,INFEASIBLE
MAPK9,INFEASIBLE,OPTIMAL,INFEASIBLE,INFEASIBLE
GFPT2,OPTIMAL,OPTIMAL,OPTIMAL,OPTIMAL
CNOT6,INFEASIBLE,OPTIMAL,INFEASIBLE,INFEASIBLE
FLT4,OPTIMAL,OPTIMAL,OPTIMAL,OPTIMAL
MGAT1,OPTIMAL,OPTIMAL,OPTIMAL,OPTIMAL
ZFP62,INFEASIBLE,OPTIMAL,INFEASIBLE,OPTIMAL
BTNL9,OPTIMAL,OPTIMAL,OPTIMAL,OPTIMAL
TRIM41,INFEASIBLE,OPTIMAL,OPTIMAL,INFEASIBLE
RACK1,OPTIMAL,OPTIMAL,OPTIMAL,OPTIMAL
TRIM52,INFEASIBLE,OPTIMAL,INFEASIBLE,OPTIMAL
DUSP22,OPTIMAL,OPTIMAL,OPTIMAL,OPTIMAL
EXOC2,INFEASIBLE,OPTIMAL,INFEASIBLE,INFEASIBLE
FOXF2,OPTIMAL,OPTIMAL,OPTIMAL,OPTIMAL
FOXC1,OPTIMAL,OPTIMAL,OPTIMAL,OPTIMAL
GMDS,INFEASIBLE,OPTIMAL,INFEASIBLE,INFEASIBLE
WRNIP1,INFEASIBLE,OPTIMAL,OPTIMAL,OPTIMAL
SERPINB1,OPTIMAL,OPTIMAL,OPTIMAL,OPTIMAL
SERPINB6,OPTIMAL,OPTIMAL,OPTIMAL,OPTIMAL
NQO2,OPTIMAL,OPTIMAL,OPTIMAL,OPTIMAL
RIPK1,INFEASIBLE,OPTIMAL,INFEASIBLE,INFEASIBLE
BPHL,OPTIMAL,OPTIMAL,OPTIMAL,OPTIMAL
TUBB2A,OPTIMAL,INFEASIBLE,OPTIMAL,OPTIMAL
TUBB2B,OPTIMAL,OPTIMAL,OPTIMAL,OPTIMAL
PSMG4,OPTIMAL,OPTIMAL,OPTIMAL,OPTIMAL
SLC22A23,INFEASIBLE,OPTIMAL,INFEASIBLE,OPTIMAL
FAM50B,OPTIMAL,OPTIMAL,OPTIMAL,OPTIMAL
PRPF4B,INFEASIBLE,OPTIMAL,INFEASIBLE,INFEASIBLE
ECI2,INFEASIBLE,OPTIMAL,INFEASIBLE,OPTIMAL
CDYL,OPTIMAL,INFEASIBLE,INFEASIBLE,OPTIMAL
RPP40,OPTIMAL,OPTIMAL,OPTIMAL,OPTIMAL
LYRM4,OPTIMAL,OPTIMAL,OPTIMAL,OPTIMAL
FARS2,INFEASIBLE,OPTIMAL,INFEASIBLE,INFEASIBLE
NRN1,INFEASIBLE,OPTIMAL,OPTIMAL,OPTIMAL
RREB1,INFEASIBLE,OPTIMAL,OPTIMAL,OPTIMAL
SSR1,INFEASIBLE,OPTIMAL,INFEASIBLE,INFEASIBLE
RIOK1,INFEASIBLE,OPTIMAL,INFEASIBLE,INFEASIBLE
DSP,INFEASIBLE,OPTIMAL,INFEASIBLE,INFEASIBLE
SNRNP48,INFEASIBLE,OPTIMAL,OPTIMAL,OPTIMAL
BMP6,OPTIMAL,OPTIMAL,OPTIMAL,OPTIMAL
TXNDC5,INFEASIBLE,OPTIMAL,INFEASIBLE,OPTIMAL
BLOC1S5,INFEASIBLE,OPTIMAL,INFEASIBLE,INFEASIBLE
EEF1E1,OPTIMAL,OPTIMAL,OPTIMAL,OPTIMAL
SLC35B3,INFEASIBLE,OPTIMAL,OPTIMAL,INFEASIBLE
TFAP2A,OPTIMAL,OPTIMAL,OPTIMAL,OPTIMAL
PAK1IP1,OPTIMAL,OPTIMAL,INFEASIBLE,OPTIMAL
TMEM14C,OPTIMAL,OPTIMAL,OPTIMAL,OPTIMAL
TMEM14B,OPTIMAL,OPTIMAL,OPTIMAL,OPTIMAL
MAK,OPTIMAL,INFEASIBLE,INFEASIBLE,OPTIMAL
SYCP2L,INFEASIBLE,OPTIMAL,INFEASIBLE,INFEASIBLE
ELOVL2,OPTIMAL,OPTIMAL,INFEASIBLE,OPTIMAL
SMIM13,OPTIMAL,OPTIMAL,OPTIMAL,OPTIMAL
TMEM170B,INFEASIBLE,OPTIMAL,OPTIMAL,OPTIMAL
HIVEP1,INFEASIBLE,OPTIMAL,INFEASIBLE,INFEASIBLE
PHACTR1,OPTIMAL,INFEASIBLE,OPTIMAL,OPTIMAL
TBC1D7,OPTIMAL,OPTIMAL,OPTIMAL,OPTIMAL
GFOD1,OPTIMAL,OPTIMAL,OPTIMAL,OPTIMAL
SIRT5,OPTIMAL,OPTIMAL,OPTIMAL,OPTIMAL
NOL7,OPTIMAL,OPTIMAL,OPTIMAL,OPTIMAL
RANBP9,OPTIMAL,OPTIMAL,INFEASIBLE,OPTIMAL
MCUR1,OPTIMAL,INFEASIBLE,OPTIMAL,OPTIMAL
JARID2,INFEASIBLE,OPTIMAL,INFEASIBLE,INFEASIBLE
DTNBP1,INFEASIBLE,OPTIMAL,INFEASIBLE,OPTIMAL
MYLIP,INFEASIBLE,OPTIMAL,OPTIMAL,OPTIMAL
ATXN1,INFEASIBLE,OPTIMAL,INFEASIBLE,OPTIMAL
CAP2,OPTIMAL,OPTIMAL,INFEASIBLE,OPTIMAL
FAM8A1,INFEASIBLE,OPTIMAL,INFEASIBLE,INFEASIBLE
NUP153,INFEASIBLE,OPTIMAL,INFEASIBLE,INFEASIBLE
KIF13A,OPTIMAL,INFEASIBLE,INFEASIBLE,OPTIMAL
TPMT,INFEASIBLE,OPTIMAL,OPTIMAL,OPTIMAL
KDM1B,INFEASIBLE,OPTIMAL,INFEASIBLE,INFEASIBLE
DEK,INFEASIBLE,OPTIMAL,INFEASIBLE,INFEASIBLE
ID4,OPTIMAL,OPTIMAL,OPTIMAL,OPTIMAL
MBOAT1,OPTIMAL,OPTIMAL,OPTIMAL,OPTIMAL
E2F3,INFEASIBLE,OPTIMAL,INFEASIBLE,INFEASIBLE
CDKAL1,OPTIMAL,OPTIMAL,INFEASIBLE,OPTIMAL
SOX4,INFEASIBLE,INFEASIBLE,OPTIMAL,OPTIMAL
MRS2,INFEASIBLE,OPTIMAL,INFEASIBLE,INFEASIBLE
ALDH5A1,OPTIMAL,OPTIMAL,OPTIMAL,OPTIMAL
TDP2,INFEASIBLE,OPTIMAL,INFEASIBLE,OPTIMAL
ACOT13,OPTIMAL,OPTIMAL,OPTIMAL,OPTIMAL
C6orf62,OPTIMAL,OPTIMAL,OPTIMAL,OPTIMAL
GMNN,INFEASIBLE,OPTIMAL,INFEASIBLE,INFEASIBLE
RIPOR2,INFEASIBLE,INFEASIBLE,OPTIMAL,OPTIMAL
CARMIL1,OPTIMAL,OPTIMAL,INFEASIBLE,OPTIMAL
BTN3A2,OPTIMAL,INFEASIBLE,OPTIMAL,OPTIMAL
BTN2A1,INFEASIBLE,OPTIMAL,OPTIMAL,INFEASIBLE
HMGN4,INFEASIBLE,OPTIMAL,OPTIMAL,OPTIMAL
ABT1,INFEASIBLE,OPTIMAL,INFEASIBLE,OPTIMAL
ZNF322,INFEASIBLE,OPTIMAL,INFEASIBLE,OPTIMAL
ZNF391,OPTIMAL,OPTIMAL,OPTIMAL,OPTIMAL
ZKSCAN8,INFEASIBLE,OPTIMAL,INFEASIBLE,INFEASIBLE
ZSCAN26,INFEASIBLE,OPTIMAL,INFEASIBLE,INFEASIBLE
PGBD1,OPTIMAL,OPTIMAL,OPTIMAL,OPTIMAL
ZSCAN12,INFEASIBLE,OPTIMAL,INFEASIBLE,OPTIMAL
TRIM27,INFEASIBLE,OPTIMAL,INFEASIBLE,INFEASIBLE
GABBR1,OPTIMAL,OPTIMAL,INFEASIBLE,OPTIMAL
HLA-A,OPTIMAL,OPTIMAL,OPTIMAL,OPTIMAL
POLR1H,OPTIMAL,OPTIMAL,OPTIMAL,OPTIMAL
PPP1R11,INFEASIBLE,OPTIMAL,INFEASIBLE,OPTIMAL
TRIM26,INFEASIBLE,OPTIMAL,INFEASIBLE,INFEASIBLE
RPP21,OPTIMAL,OPTIMAL,OPTIMAL,OPTIMAL
HLA-E,OPTIMAL,OPTIMAL,OPTIMAL,OPTIMAL
GNL1,OPTIMAL,OPTIMAL,OPTIMAL,OPTIMAL
PRR3,INFEASIBLE,OPTIMAL,INFEASIBLE,OPTIMAL
ABCF1,OPTIMAL,OPTIMAL,INFEASIBLE,OPTIMAL
PPP1R10,INFEASIBLE,OPTIMAL,INFEASIBLE,INFEASIBLE
MRPS18B,OPTIMAL,OPTIMAL,OPTIMAL,OPTIMAL
ATAT1,OPTIMAL,OPTIMAL,OPTIMAL,OPTIMAL
C6orf136,OPTIMAL,OPTIMAL,OPTIMAL,OPTIMAL
DHX16,INFEASIBLE,OPTIMAL,INFEASIBLE,INFEASIBLE
NRM,OPTIMAL,OPTIMAL,OPTIMAL,OPTIMAL
MDC1,INFEASIBLE,OPTIMAL,INFEASIBLE,INFEASIBLE
TUBB,OPTIMAL,INFEASIBLE,OPTIMAL,OPTIMAL
FLOT1,OPTIMAL,OPTIMAL,OPTIMAL,OPTIMAL
GTF2H4,OPTIMAL,OPTIMAL,OPTIMAL,OPTIMAL
VARS2,OPTIMAL,OPTIMAL,OPTIMAL,OPTIMAL
CCHCR1,OPTIMAL,OPTIMAL,OPTIMAL,OPTIMAL
TCF19,OPTIMAL,OPTIMAL,OPTIMAL,OPTIMAL
HLA-C,OPTIMAL,OPTIMAL,OPTIMAL,OPTIMAL
HLA-B,OPTIMAL,OPTIMAL,OPTIMAL,OPTIMAL
MICA,OPTIMAL,OPTIMAL,OPTIMAL,OPTIMAL
DDX39B,INFEASIBLE,OPTIMAL,INFEASIBLE,OPTIMAL
NFKBIL1,OPTIMAL,OPTIMAL,OPTIMAL,OPTIMAL
PRRC2A,INFEASIBLE,OPTIMAL,INFEASIBLE,OPTIMAL
BAG6,OPTIMAL,OPTIMAL,OPTIMAL,OPTIMAL
C6orf47,OPTIMAL,OPTIMAL,OPTIMAL,OPTIMAL
GPANK1,OPTIMAL,OPTIMAL,OPTIMAL,OPTIMAL
CSNK2B,OPTIMAL,OPTIMAL,OPTIMAL,OPTIMAL
ABHD16A,OPTIMAL,OPTIMAL,OPTIMAL,OPTIMAL
DDAH2,OPTIMAL,OPTIMAL,OPTIMAL,OPTIMAL
CLIC1,OPTIMAL,OPTIMAL,OPTIMAL,OPTIMAL
MSH5,OPTIMAL,OPTIMAL,OPTIMAL,OPTIMAL
VARS1,OPTIMAL,OPTIMAL,OPTIMAL,OPTIMAL
LSM2,OPTIMAL,OPTIMAL,OPTIMAL,OPTIMAL
HSPA1B,INFEASIBLE,OPTIMAL,INFEASIBLE,INFEASIBLE
NEU1,OPTIMAL,OPTIMAL,OPTIMAL,OPTIMAL
EHMT2,INFEASIBLE,OPTIMAL,INFEASIBLE,OPTIMAL
C2,OPTIMAL,OPTIMAL,OPTIMAL,OPTIMAL
NELFE,OPTIMAL,INFEASIBLE,OPTIMAL,OPTIMAL
SKIC2,OPTIMAL,INFEASIBLE,OPTIMAL,OPTIMAL
DXO,OPTIMAL,OPTIMAL,OPTIMAL,OPTIMAL
STK19,OPTIMAL,OPTIMAL,OPTIMAL,OPTIMAL
ATF6B,OPTIMAL,OPTIMAL,OPTIMAL,OPTIMAL
FKBPL,OPTIMAL,OPTIMAL,OPTIMAL,OPTIMAL
PPT2,OPTIMAL,OPTIMAL,OPTIMAL,OPTIMAL
AGPAT1,OPTIMAL,OPTIMAL,OPTIMAL,OPTIMAL
RNF5,OPTIMAL,OPTIMAL,OPTIMAL,OPTIMAL
PBX2,INFEASIBLE,OPTIMAL,INFEASIBLE,OPTIMAL
HLA-DRB1,OPTIMAL,OPTIMAL,OPTIMAL,OPTIMAL
TAP2,INFEASIBLE,OPTIMAL,INFEASIBLE,OPTIMAL
BRD2,INFEASIBLE,OPTIMAL,INFEASIBLE,OPTIMAL
RXRB,INFEASIBLE,OPTIMAL,OPTIMAL,OPTIMAL
SLC39A7,INFEASIBLE,OPTIMAL,INFEASIBLE,OPTIMAL
HSD17B8,OPTIMAL,OPTIMAL,OPTIMAL,OPTIMAL
RING1,OPTIMAL,OPTIMAL,OPTIMAL,OPTIMAL
VPS52,OPTIMAL,OPTIMAL,OPTIMAL,OPTIMAL
RPS18,OPTIMAL,OPTIMAL,OPTIMAL,OPTIMAL
WDR46,OPTIMAL,INFEASIBLE,OPTIMAL,OPTIMAL
PFDN6,OPTIMAL,OPTIMAL,OPTIMAL,OPTIMAL
TAPBP,OPTIMAL,OPTIMAL,OPTIMAL,OPTIMAL
DAXX,INFEASIBLE,OPTIMAL,INFEASIBLE,OPTIMAL
KIFC1,INFEASIBLE,OPTIMAL,OPTIMAL,OPTIMAL
CUTA,OPTIMAL,OPTIMAL,OPTIMAL,OPTIMAL
BAK1,OPTIMAL,OPTIMAL,OPTIMAL,OPTIMAL
ITPR3,OPTIMAL,OPTIMAL,OPTIMAL,OPTIMAL
UQCC2,OPTIMAL,OPTIMAL,OPTIMAL,OPTIMAL
LEMD2,INFEASIBLE,OPTIMAL,OPTIMAL,OPTIMAL
HMGA1,OPTIMAL,INFEASIBLE,OPTIMAL,OPTIMAL
SMIM29,OPTIMAL,OPTIMAL,OPTIMAL,OPTIMAL
NUDT3,INFEASIBLE,OPTIMAL,INFEASIBLE,INFEASIBLE
RPS10,OPTIMAL,OPTIMAL,OPTIMAL,OPTIMAL
ILRUN,INFEASIBLE,OPTIMAL,INFEASIBLE,INFEASIBLE
SNRPC,OPTIMAL,OPTIMAL,OPTIMAL,OPTIMAL
BLTP3A,INFEASIBLE,OPTIMAL,INFEASIBLE,INFEASIBLE
TAF11,OPTIMAL,OPTIMAL,OPTIMAL,OPTIMAL
ANKS1A,INFEASIBLE,OPTIMAL,INFEASIBLE,INFEASIBLE
ZNF76,OPTIMAL,OPTIMAL,OPTIMAL,OPTIMAL
PPARD,INFEASIBLE,OPTIMAL,INFEASIBLE,OPTIMAL
FANCE,OPTIMAL,OPTIMAL,OPTIMAL,OPTIMAL
RPL10A,OPTIMAL,OPTIMAL,OPTIMAL,OPTIMAL
TEAD3,OPTIMAL,OPTIMAL,OPTIMAL,OPTIMAL
FKBP5,INFEASIBLE,OPTIMAL,INFEASIBLE,INFEASIBLE
LHFPL5,OPTIMAL,OPTIMAL,OPTIMAL,OPTIMAL
SRPK1,INFEASIBLE,OPTIMAL,INFEASIBLE,INFEASIBLE
MAPK14,INFEASIBLE,OPTIMAL,INFEASIBLE,INFEASIBLE
BRPF3,INFEASIBLE,OPTIMAL,INFEASIBLE,INFEASIBLE
KCTD20,INFEASIBLE,OPTIMAL,INFEASIBLE,OPTIMAL
STK38,INFEASIBLE,OPTIMAL,INFEASIBLE,INFEASIBLE
SRSF3,INFEASIBLE,OPTIMAL,INFEASIBLE,INFEASIBLE
CDKN1A,OPTIMAL,OPTIMAL,OPTIMAL,OPTIMAL
PPIL1,INFEASIBLE,OPTIMAL,INFEASIBLE,INFEASIBLE
C6orf89,INFEASIBLE,OPTIMAL,OPTIMAL,OPTIMAL
MTCH1,OPTIMAL,OPTIMAL,OPTIMAL,OPTIMAL
TBC1D22B,OPTIMAL,INFEASIBLE,OPTIMAL,OPTIMAL
RNF8,INFEASIBLE,OPTIMAL,INFEASIBLE,INFEASIBLE
CMTR1,INFEASIBLE,OPTIMAL,INFEASIBLE,INFEASIBLE
CCDC167,OPTIMAL,OPTIMAL,OPTIMAL,OPTIMAL
ZFAND3,INFEASIBLE,OPTIMAL,INFEASIBLE,INFEASIBLE
BTBD9,INFEASIBLE,OPTIMAL,INFEASIBLE,INFEASIBLE
GLO1,INFEASIBLE,OPTIMAL,INFEASIBLE,OPTIMAL
SAYSD1,OPTIMAL,OPTIMAL,OPTIMAL,OPTIMAL
DAAM2,OPTIMAL,OPTIMAL,INFEASIBLE,OPTIMAL
OARD1,OPTIMAL,OPTIMAL,OPTIMAL,OPTIMAL
NFYA,INFEASIBLE,OPTIMAL,INFEASIBLE,OPTIMAL
FOXP4,OPTIMAL,OPTIMAL,INFEASIBLE,OPTIMAL
TOMM6,OPTIMAL,OPTIMAL,OPTIMAL,OPTIMAL
USP49,INFEASIBLE,OPTIMAL,INFEASIBLE,OPTIMAL
MED20,OPTIMAL,OPTIMAL,OPTIMAL,OPTIMAL
BYSL,INFEASIBLE,OPTIMAL,INFEASIBLE,OPTIMAL
CCND3,OPTIMAL,OPTIMAL,OPTIMAL,OPTIMAL
TAF8,INFEASIBLE,OPTIMAL,OPTIMAL,OPTIMAL
MRPS10,OPTIMAL,OPTIMAL,OPTIMAL,OPTIMAL
TRERF1,INFEASIBLE,OPTIMAL,INFEASIBLE,OPTIMAL
UBR2,INFEASIBLE,OPTIMAL,INFEASIBLE,INFEASIBLE
TBCC,OPTIMAL,OPTIMAL,OPTIMAL,OPTIMAL
BICRAL,OPTIMAL,OPTIMAL,OPTIMAL,OPTIMAL
RPL7L1,INFEASIBLE,OPTIMAL,INFEASIBLE,OPTIMAL
CNPY3,INFEASIBLE,OPTIMAL,INFEASIBLE,OPTIMAL
PEX6,OPTIMAL,OPTIMAL,OPTIMAL,OPTIMAL
PPP2R5D,OPTIMAL,OPTIMAL,INFEASIBLE,OPTIMAL
MEA1,OPTIMAL,OPTIMAL,OPTIMAL,OPTIMAL
KLHDC3,OPTIMAL,OPTIMAL,OPTIMAL,OPTIMAL
RRP36,OPTIMAL,OPTIMAL,OPTIMAL,OPTIMAL
KLC4,OPTIMAL,OPTIMAL,OPTIMAL,OPTIMAL
MRPL2,OPTIMAL,OPTIMAL,OPTIMAL,OPTIMAL
PTK7,INFEASIBLE,OPTIMAL,INFEASIBLE,OPTIMAL
SRF,INFEASIBLE,OPTIMAL,OPTIMAL,INFEASIBLE
DNPH1,OPTIMAL,OPTIMAL,OPTIMAL,OPTIMAL
ZNF318,INFEASIBLE,OPTIMAL,INFEASIBLE,OPTIMAL
ABCC10,OPTIMAL,OPTIMAL,OPTIMAL,OPTIMAL
TJAP1,INFEASIBLE,OPTIMAL,OPTIMAL,INFEASIBLE
POLR1C,OPTIMAL,OPTIMAL,OPTIMAL,OPTIMAL
YIPF3,INFEASIBLE,OPTIMAL,OPTIMAL,OPTIMAL
XPO5,INFEASIBLE,OPTIMAL,INFEASIBLE,INFEASIBLE
POLH,OPTIMAL,OPTIMAL,OPTIMAL,OPTIMAL
GTPBP2,OPTIMAL,OPTIMAL,OPTIMAL,OPTIMAL
MAD2L1BP,OPTIMAL,OPTIMAL,OPTIMAL,OPTIMAL
MRPS18A,OPTIMAL,OPTIMAL,OPTIMAL,OPTIMAL
VEGFA,INFEASIBLE,OPTIMAL,OPTIMAL,INFEASIBLE
MRPL14,OPTIMAL,OPTIMAL,OPTIMAL,OPTIMAL
TMEM63B,INFEASIBLE,OPTIMAL,OPTIMAL,OPTIMAL
SLC29A1,OPTIMAL,OPTIMAL,OPTIMAL,OPTIMAL
HSP90AB1,INFEASIBLE,OPTIMAL,INFEASIBLE,INFEASIBLE
SLC35B2,OPTIMAL,OPTIMAL,OPTIMAL,OPTIMAL
AARS2,OPTIMAL,OPTIMAL,OPTIMAL,OPTIMAL
CDC5L,INFEASIBLE,OPTIMAL,INFEASIBLE,OPTIMAL
SUPT3H,INFEASIBLE,OPTIMAL,INFEASIBLE,OPTIMAL
RUNX2,OPTIMAL,OPTIMAL,INFEASIBLE,OPTIMAL
CYP39A1,INFEASIBLE,OPTIMAL,INFEASIBLE,OPTIMAL
SLC25A27,INFEASIBLE,OPTIMAL,INFEASIBLE,OPTIMAL
TNFRSF21,OPTIMAL,OPTIMAL,INFEASIBLE,OPTIMAL
CD2AP,INFEASIBLE,OPTIMAL,INFEASIBLE,INFEASIBLE
MMUT,INFEASIBLE,OPTIMAL,INFEASIBLE,OPTIMAL
CENPQ,OPTIMAL,OPTIMAL,OPTIMAL,OPTIMAL
MCM3,INFEASIBLE,OPTIMAL,INFEASIBLE,INFEASIBLE
PAQR8,INFEASIBLE,INFEASIBLE,INFEASIBLE,OPTIMAL
EFHC1,INFEASIBLE,OPTIMAL,INFEASIBLE,OPTIMAL
TRAM2,OPTIMAL,OPTIMAL,INFEASIBLE,OPTIMAL
TMEM14A,OPTIMAL,OPTIMAL,OPTIMAL,OPTIMAL
GSTA4,OPTIMAL,OPTIMAL,OPTIMAL,OPTIMAL
CILK1,OPTIMAL,OPTIMAL,OPTIMAL,OPTIMAL
FBXO9,OPTIMAL,OPTIMAL,OPTIMAL,OPTIMAL
ELOVL5,INFEASIBLE,OPTIMAL,INFEASIBLE,INFEASIBLE
GCLC,INFEASIBLE,OPTIMAL,OPTIMAL,OPTIMAL
LRRC1,INFEASIBLE,OPTIMAL,OPTIMAL,OPTIMAL
DST,INFEASIBLE,OPTIMAL,INFEASIBLE,INFEASIBLE
KIAA1586,INFEASIBLE,OPTIMAL,INFEASIBLE,INFEASIBLE
ZNF451,INFEASIBLE,OPTIMAL,INFEASIBLE,INFEASIBLE
BAG2,INFEASIBLE,OPTIMAL,INFEASIBLE,OPTIMAL
RAB23,INFEASIBLE,OPTIMAL,INFEASIBLE,OPTIMAL
PRIM2,INFEASIBLE,OPTIMAL,INFEASIBLE,INFEASIBLE
PHF3,INFEASIBLE,OPTIMAL,INFEASIBLE,INFEASIBLE
EYS,INFEASIBLE,INFEASIBLE,OPTIMAL,OPTIMAL
ADGRB3,INFEASIBLE,OPTIMAL,INFEASIBLE,INFEASIBLE
LMBRD1,INFEASIBLE,OPTIMAL,INFEASIBLE,OPTIMAL
COL19A1,OPTIMAL,INFEASIBLE,OPTIMAL,OPTIMAL
FAM135A,INFEASIBLE,OPTIMAL,INFEASIBLE,INFEASIBLE
SDHAF4,OPTIMAL,OPTIMAL,OPTIMAL,OPTIMAL
SMAP1,OPTIMAL,OPTIMAL,OPTIMAL,OPTIMAL
B3GAT2,OPTIMAL,INFEASIBLE,OPTIMAL,OPTIMAL
OGFRL1,OPTIMAL,OPTIMAL,OPTIMAL,OPTIMAL
KCNQ5,INFEASIBLE,OPTIMAL,INFEASIBLE,INFEASIBLE
KHDC1,OPTIMAL,INFEASIBLE,OPTIMAL,OPTIMAL
OOEP,OPTIMAL,OPTIMAL,OPTIMAL,OPTIMAL
MTO1,INFEASIBLE,OPTIMAL,OPTIMAL,OPTIMAL
EEF1A1,INFEASIBLE,OPTIMAL,INFEASIBLE,OPTIMAL
SLC17A5,INFEASIBLE,OPTIMAL,OPTIMAL,OPTIMAL
COX7A2,OPTIMAL,OPTIMAL,OPTIMAL,OPTIMAL
TMEM30A,INFEASIBLE,OPTIMAL,INFEASIBLE,INFEASIBLE
SENP6,INFEASIBLE,OPTIMAL,INFEASIBLE,INFEASIBLE
MYO6,INFEASIBLE,OPTIMAL,INFEASIBLE,INFEASIBLE
IRAK1BP1,INFEASIBLE,OPTIMAL,INFEASIBLE,OPTIMAL
PHIP,INFEASIBLE,OPTIMAL,INFEASIBLE,INFEASIBLE
HMGN3,OPTIMAL,INFEASIBLE,OPTIMAL,OPTIMAL
LCA5,INFEASIBLE,OPTIMAL,INFEASIBLE,OPTIMAL
SH3BGRL2,INFEASIBLE,OPTIMAL,OPTIMAL,OPTIMAL
ELOVL4,INFEASIBLE,OPTIMAL,INFEASIBLE,INFEASIBLE
TTK,INFEASIBLE,OPTIMAL,INFEASIBLE,INFEASIBLE
BCKDHB,INFEASIBLE,OPTIMAL,INFEASIBLE,INFEASIBLE
TENT5A,OPTIMAL,OPTIMAL,OPTIMAL,OPTIMAL
IBTK,INFEASIBLE,OPTIMAL,INFEASIBLE,INFEASIBLE
TPBG,OPTIMAL,INFEASIBLE,OPTIMAL,OPTIMAL
UBE3D,INFEASIBLE,OPTIMAL,INFEASIBLE,INFEASIBLE
DOP1A,INFEASIBLE,OPTIMAL,INFEASIBLE,INFEASIBLE
PGM3,INFEASIBLE,OPTIMAL,INFEASIBLE,INFEASIBLE
ME1,INFEASIBLE,OPTIMAL,INFEASIBLE,INFEASIBLE
CYB5R4,INFEASIBLE,OPTIMAL,INFEASIBLE,INFEASIBLE
CEP162,INFEASIBLE,OPTIMAL,INFEASIBLE,INFEASIBLE
TBX18,INFEASIBLE,OPTIMAL,INFEASIBLE,OPTIMAL
SNX14,INFEASIBLE,OPTIMAL,INFEASIBLE,INFEASIBLE
SYNCRIP,INFEASIBLE,OPTIMAL,INFEASIBLE,INFEASIBLE
ZNF292,INFEASIBLE,OPTIMAL,INFEASIBLE,INFEASIBLE
SMIM8,OPTIMAL,OPTIMAL,OPTIMAL,OPTIMAL
SLC35A1,INFEASIBLE,OPTIMAL,OPTIMAL,OPTIMAL
RARS2,INFEASIBLE,OPTIMAL,INFEASIBLE,INFEASIBLE
ORC3,INFEASIBLE,OPTIMAL,INFEASIBLE,OPTIMAL
AKIRIN2,INFEASIBLE,OPTIMAL,INFEASIBLE,OPTIMAL
RNGTT,INFEASIBLE,OPTIMAL,INFEASIBLE,INFEASIBLE
PNRC1,INFEASIBLE,OPTIMAL,OPTIMAL,OPTIMAL
SRSF12,OPTIMAL,OPTIMAL,OPTIMAL,OPTIMAL
PM20D2,INFEASIBLE,OPTIMAL,INFEASIBLE,INFEASIBLE
UBE2J1,OPTIMAL,OPTIMAL,OPTIMAL,OPTIMAL
RRAGD,OPTIMAL,OPTIMAL,OPTIMAL,OPTIMAL
ANKRD6,INFEASIBLE,OPTIMAL,INFEASIBLE,OPTIMAL
LYRM2,OPTIMAL,OPTIMAL,OPTIMAL,OPTIMAL
MDN1,INFEASIBLE,OPTIMAL,INFEASIBLE,INFEASIBLE
CASP8AP2,OPTIMAL,OPTIMAL,INFEASIBLE,INFEASIBLE
BACH2,OPTIMAL,INFEASIBLE,INFEASIBLE,OPTIMAL
MAP3K7,INFEASIBLE,OPTIMAL,INFEASIBLE,INFEASIBLE
EPHA7,INFEASIBLE,OPTIMAL,INFEASIBLE,INFEASIBLE
MANEA,INFEASIBLE,OPTIMAL,INFEASIBLE,INFEASIBLE
UFL1,INFEASIBLE,OPTIMAL,INFEASIBLE,INFEASIBLE
GPR63,INFEASIBLE,OPTIMAL,INFEASIBLE,OPTIMAL
NDUFAF4,OPTIMAL,OPTIMAL,OPTIMAL,OPTIMAL
MMS22L,INFEASIBLE,OPTIMAL,INFEASIBLE,INFEASIBLE
POU3F2,INFEASIBLE,OPTIMAL,INFEASIBLE,OPTIMAL
FBXL4,INFEASIBLE,OPTIMAL,INFEASIBLE,OPTIMAL
FAXC,INFEASIBLE,OPTIMAL,INFEASIBLE,INFEASIBLE
COQ3,OPTIMAL,OPTIMAL,OPTIMAL,OPTIMAL
PNISR,INFEASIBLE,OPTIMAL,INFEASIBLE,INFEASIBLE
USP45,INFEASIBLE,OPTIMAL,INFEASIBLE,INFEASIBLE
TSTD3,OPTIMAL,OPTIMAL,INFEASIBLE,OPTIMAL
CCNC,INFEASIBLE,OPTIMAL,INFEASIBLE,INFEASIBLE
ASCC3,INFEASIBLE,OPTIMAL,INFEASIBLE,INFEASIBLE
HACE1,INFEASIBLE,OPTIMAL,INFEASIBLE,INFEASIBLE
LIN28B,INFEASIBLE,OPTIMAL,INFEASIBLE,INFEASIBLE
POPDC3,OPTIMAL,OPTIMAL,INFEASIBLE,OPTIMAL
PREP,INFEASIBLE,OPTIMAL,INFEASIBLE,INFEASIBLE
ATG5,OPTIMAL,OPTIMAL,OPTIMAL,OPTIMAL
RTN4IP1,INFEASIBLE,OPTIMAL,OPTIMAL,OPTIMAL
QRSL1,INFEASIBLE,OPTIMAL,INFEASIBLE,INFEASIBLE
MTRES1,OPTIMAL,OPTIMAL,OPTIMAL,OPTIMAL
BEND3,OPTIMAL,OPTIMAL,OPTIMAL,OPTIMAL
PDSS2,INFEASIBLE,OPTIMAL,INFEASIBLE,INFEASIBLE
SOBP,INFEASIBLE,OPTIMAL,INFEASIBLE,INFEASIBLE
SEC63,INFEASIBLE,OPTIMAL,INFEASIBLE,INFEASIBLE
OSTM1,INFEASIBLE,OPTIMAL,OPTIMAL,OPTIMAL
SNX3,OPTIMAL,OPTIMAL,OPTIMAL,OPTIMAL
AFG1L,INFEASIBLE,OPTIMAL,INFEASIBLE,INFEASIBLE
FOXO3,INFEASIBLE,OPTIMAL,INFEASIBLE,INFEASIBLE
ARMC2,OPTIMAL,OPTIMAL,OPTIMAL,OPTIMAL
SESN1,INFEASIBLE,OPTIMAL,INFEASIBLE,OPTIMAL
CEP57L1,INFEASIBLE,OPTIMAL,INFEASIBLE,OPTIMAL
CD164,INFEASIBLE,OPTIMAL,INFEASIBLE,INFEASIBLE
PPIL6,OPTIMAL,OPTIMAL,OPTIMAL,OPTIMAL
ZBTB24,INFEASIBLE,OPTIMAL,INFEASIBLE,INFEASIBLE
FIG4,INFEASIBLE,OPTIMAL,INFEASIBLE,INFEASIBLE
WASF1,INFEASIBLE,OPTIMAL,INFEASIBLE,INFEASIBLE
CDC40,INFEASIBLE,OPTIMAL,INFEASIBLE,OPTIMAL
SLC22A16,INFEASIBLE,INFEASIBLE,INFEASIBLE,INFEASIBLE
CDK19,INFEASIBLE,OPTIMAL,INFEASIBLE,OPTIMAL
AMD1,INFEASIBLE,OPTIMAL,INFEASIBLE,INFEASIBLE
GTF3C6,OPTIMAL,OPTIMAL,INFEASIBLE,OPTIMAL
RPF2,OPTIMAL,OPTIMAL,OPTIMAL,OPTIMAL
SLC16A10,INFEASIBLE,OPTIMAL,INFEASIBLE,INFEASIBLE
MFSD4B,INFEASIBLE,OPTIMAL,INFEASIBLE,OPTIMAL
REV3L,INFEASIBLE,OPTIMAL,INFEASIBLE,INFEASIBLE
TRAF3IP2,OPTIMAL,OPTIMAL,OPTIMAL,OPTIMAL
FYN,INFEASIBLE,OPTIMAL,INFEASIBLE,INFEASIBLE
TUBE1,OPTIMAL,OPTIMAL,OPTIMAL,OPTIMAL
FAM229B,OPTIMAL,OPTIMAL,OPTIMAL,OPTIMAL
LAMA4,OPTIMAL,OPTIMAL,OPTIMAL,OPTIMAL
MARCKS,OPTIMAL,OPTIMAL,OPTIMAL,OPTIMAL
HDAC2,INFEASIBLE,OPTIMAL,INFEASIBLE,INFEASIBLE
NT5DC1,INFEASIBLE,OPTIMAL,INFEASIBLE,INFEASIBLE
TSPYL4,INFEASIBLE,OPTIMAL,INFEASIBLE,OPTIMAL
DSE,INFEASIBLE,OPTIMAL,INFEASIBLE,INFEASIBLE
TSPYL1,INFEASIBLE,OPTIMAL,INFEASIBLE,INFEASIBLE
RWDD1,OPTIMAL,INFEASIBLE,OPTIMAL,OPTIMAL
ZUP1,INFEASIBLE,OPTIMAL,INFEASIBLE,OPTIMAL
KPNA5,INFEASIBLE,OPTIMAL,INFEASIBLE,INFEASIBLE
DCBLD1,INFEASIBLE,OPTIMAL,INFEASIBLE,OPTIMAL
GOPC,INFEASIBLE,OPTIMAL,INFEASIBLE,OPTIMAL
NUS1,INFEASIBLE,OPTIMAL,INFEASIBLE,INFEASIBLE
SLC35F1,INFEASIBLE,OPTIMAL,INFEASIBLE,INFEASIBLE
CEP85L,INFEASIBLE,OPTIMAL,INFEASIBLE,INFEASIBLE
MCM9,INFEASIBLE,OPTIMAL,INFEASIBLE,INFEASIBLE
ASF1A,INFEASIBLE,OPTIMAL,INFEASIBLE,OPTIMAL
FAM184A,INFEASIBLE,OPTIMAL,INFEASIBLE,INFEASIBLE
MAN1A1,INFEASIBLE,OPTIMAL,INFEASIBLE,INFEASIBLE
TBC1D32,INFEASIBLE,OPTIMAL,INFEASIBLE,INFEASIBLE
GJA1,INFEASIBLE,OPTIMAL,INFEASIBLE,INFEASIBLE
HSF2,INFEASIBLE,OPTIMAL,INFEASIBLE,INFEASIBLE
SERINC1,INFEASIBLE,OPTIMAL,INFEASIBLE,INFEASIBLE
PKIB,OPTIMAL,OPTIMAL,OPTIMAL,OPTIMAL
NKAIN2,OPTIMAL,OPTIMAL,OPTIMAL,OPTIMAL
RNF217,INFEASIBLE,OPTIMAL,INFEASIBLE,INFEASIBLE
TPD52L1,OPTIMAL,OPTIMAL,INFEASIBLE,OPTIMAL
HDDC2,OPTIMAL,INFEASIBLE,OPTIMAL,OPTIMAL
HEY2,OPTIMAL,OPTIMAL,OPTIMAL,OPTIMAL
NCOA7,INFEASIBLE,OPTIMAL,INFEASIBLE,OPTIMAL
HINT3,INFEASIBLE,OPTIMAL,OPTIMAL,OPTIMAL
TRMT11,INFEASIBLE,OPTIMAL,INFEASIBLE,INFEASIBLE
CENPW,OPTIMAL,OPTIMAL,OPTIMAL,OPTIMAL
RNF146,INFEASIBLE,OPTIMAL,INFEASIBLE,INFEASIBLE
ECHDC1,INFEASIBLE,OPTIMAL,INFEASIBLE,INFEASIBLE
PTPRK,INFEASIBLE,OPTIMAL,INFEASIBLE,INFEASIBLE
LAMA2,OPTIMAL,OPTIMAL,OPTIMAL,OPTIMAL
ARHGAP18,OPTIMAL,OPTIMAL,INFEASIBLE,OPTIMAL
L3MBTL3,INFEASIBLE,OPTIMAL,INFEASIBLE,INFEASIBLE
EPB41L2,INFEASIBLE,OPTIMAL,INFEASIBLE,INFEASIBLE
AKAP7,OPTIMAL,INFEASIBLE,OPTIMAL,OPTIMAL
MED23,OPTIMAL,OPTIMAL,INFEASIBLE,OPTIMAL
ENPP1,INFEASIBLE,OPTIMAL,INFEASIBLE,OPTIMAL
MOXD1,OPTIMAL,OPTIMAL,INFEASIBLE,OPTIMAL
STX7,INFEASIBLE,OPTIMAL,INFEASIBLE,OPTIMAL
SLC18B1,OPTIMAL,OPTIMAL,OPTIMAL,OPTIMAL
RPS12,OPTIMAL,OPTIMAL,OPTIMAL,OPTIMAL
EYA4,INFEASIBLE,OPTIMAL,INFEASIBLE,INFEASIBLE
TBPL1,OPTIMAL,OPTIMAL,OPTIMAL,OPTIMAL
HBS1L,INFEASIBLE,OPTIMAL,INFEASIBLE,INFEASIBLE
AHI1,INFEASIBLE,OPTIMAL,INFEASIBLE,INFEASIBLE
MTFR2,INFEASIBLE,OPTIMAL,OPTIMAL,OPTIMAL
BCLAF1,INFEASIBLE,OPTIMAL,INFEASIBLE,INFEASIBLE
MAP7,INFEASIBLE,OPTIMAL,INFEASIBLE,INFEASIBLE
MAP3K5,INFEASIBLE,OPTIMAL,INFEASIBLE,INFEASIBLE
PEX7,OPTIMAL,OPTIMAL,OPTIMAL,OPTIMAL
IFNGR1,INFEASIBLE,OPTIMAL,INFEASIBLE,INFEASIBLE
PERP,INFEASIBLE,OPTIMAL,INFEASIBLE,INFEASIBLE
ARFGEF3,INFEASIBLE,OPTIMAL,INFEASIBLE,OPTIMAL
HEBP2,OPTIMAL,OPTIMAL,OPTIMAL,OPTIMAL
NHSL1,OPTIMAL,OPTIMAL,INFEASIBLE,OPTIMAL
CCDC28A,OPTIMAL,OPTIMAL,OPTIMAL,OPTIMAL
REPS1,INFEASIBLE,OPTIMAL,INFEASIBLE,OPTIMAL
ABRACL,OPTIMAL,OPTIMAL,OPTIMAL,OPTIMAL
HECA,OPTIMAL,OPTIMAL,OPTIMAL,OPTIMAL
CITED2,OPTIMAL,OPTIMAL,OPTIMAL,OPTIMAL
VTA1,INFEASIBLE,OPTIMAL,INFEASIBLE,INFEASIBLE
HIVEP2,INFEASIBLE,OPTIMAL,INFEASIBLE,INFEASIBLE
AIG1,OPTIMAL,OPTIMAL,OPTIMAL,OPTIMAL
ADAT2,INFEASIBLE,OPTIMAL,INFEASIBLE,INFEASIBLE
PEX3,INFEASIBLE,OPTIMAL,INFEASIBLE,INFEASIBLE
FUCA2,INFEASIBLE,OPTIMAL,INFEASIBLE,OPTIMAL
PHACTR2,INFEASIBLE,OPTIMAL,INFEASIBLE,INFEASIBLE
LTV1,INFEASIBLE,OPTIMAL,INFEASIBLE,INFEASIBLE
PLAGL1,INFEASIBLE,OPTIMAL,INFEASIBLE,OPTIMAL
SF3B5,OPTIMAL,OPTIMAL,OPTIMAL,OPTIMAL
UTRN,INFEASIBLE,OPTIMAL,INFEASIBLE,INFEASIBLE
EPM2A,OPTIMAL,OPTIMAL,OPTIMAL,OPTIMAL
FBXO30,INFEASIBLE,OPTIMAL,INFEASIBLE,INFEASIBLE
SHPRH,INFEASIBLE,OPTIMAL,INFEASIBLE,INFEASIBLE
RAB32,OPTIMAL,OPTIMAL,OPTIMAL,OPTIMAL
STXBP5,INFEASIBLE,OPTIMAL,INFEASIBLE,INFEASIBLE
SAMD5,INFEASIBLE,OPTIMAL,INFEASIBLE,INFEASIBLE
SASH1,OPTIMAL,OPTIMAL,OPTIMAL,OPTIMAL
UST,INFEASIBLE,OPTIMAL,INFEASIBLE,INFEASIBLE
TAB2,INFEASIBLE,OPTIMAL,INFEASIBLE,INFEASIBLE
PPIL4,INFEASIBLE,OPTIMAL,INFEASIBLE,INFEASIBLE
GINM1,INFEASIBLE,OPTIMAL,INFEASIBLE,OPTIMAL
KATNA1,INFEASIBLE,OPTIMAL,INFEASIBLE,OPTIMAL
LATS1,INFEASIBLE,OPTIMAL,INFEASIBLE,INFEASIBLE
NUP43,OPTIMAL,OPTIMAL,INFEASIBLE,OPTIMAL
PCMT1,INFEASIBLE,OPTIMAL,INFEASIBLE,OPTIMAL
LRP11,INFEASIBLE,OPTIMAL,INFEASIBLE,OPTIMAL
ULBP3,OPTIMAL,OPTIMAL,OPTIMAL,OPTIMAL
PPP1R14C,INFEASIBLE,OPTIMAL,OPTIMAL,OPTIMAL
PLEKHG1,OPTIMAL,OPTIMAL,OPTIMAL,OPTIMAL
MTHFD1L,INFEASIBLE,OPTIMAL,INFEASIBLE,INFEASIBLE
AKAP12,INFEASIBLE,OPTIMAL,INFEASIBLE,INFEASIBLE
ZBTB2,INFEASIBLE,OPTIMAL,INFEASIBLE,INFEASIBLE
RMND1,INFEASIBLE,OPTIMAL,INFEASIBLE,OPTIMAL
ARMT1,INFEASIBLE,OPTIMAL,INFEASIBLE,INFEASIBLE
SYNE1,INFEASIBLE,INFEASIBLE,OPTIMAL,INFEASIBLE
FBXO5,OPTIMAL,OPTIMAL,OPTIMAL,OPTIMAL
MTRF1L,INFEASIBLE,OPTIMAL,INFEASIBLE,OPTIMAL
RGS17,INFEASIBLE,OPTIMAL,INFEASIBLE,INFEASIBLE
CNKSR3,INFEASIBLE,OPTIMAL,INFEASIBLE,OPTIMAL
SCAF8,OPTIMAL,OPTIMAL,OPTIMAL,INFEASIBLE
TIAM2,INFEASIBLE,OPTIMAL,INFEASIBLE,OPTIMAL
TFB1M,INFEASIBLE,OPTIMAL,INFEASIBLE,OPTIMAL
ARID1B,OPTIMAL,OPTIMAL,INFEASIBLE,OPTIMAL
TMEM242,OPTIMAL,OPTIMAL,OPTIMAL,OPTIMAL
ZDHHC14,INFEASIBLE,OPTIMAL,INFEASIBLE,OPTIMAL
SNX9,INFEASIBLE,OPTIMAL,INFEASIBLE,INFEASIBLE
SYNJ2,OPTIMAL,OPTIMAL,OPTIMAL,OPTIMAL
SERAC1,OPTIMAL,OPTIMAL,OPTIMAL,OPTIMAL
GTF2H5,OPTIMAL,OPTIMAL,OPTIMAL,OPTIMAL
TULP4,INFEASIBLE,OPTIMAL,INFEASIBLE,INFEASIBLE
TMEM181,INFEASIBLE,OPTIMAL,INFEASIBLE,INFEASIBLE
DYNLT1,OPTIMAL,OPTIMAL,OPTIMAL,OPTIMAL
SYTL3,INFEASIBLE,INFEASIBLE,INFEASIBLE,INFEASIBLE
EZR,INFEASIBLE,OPTIMAL,INFEASIBLE,INFEASIBLE
RSPH3,OPTIMAL,OPTIMAL,OPTIMAL,OPTIMAL
SOD2,OPTIMAL,INFEASIBLE,INFEASIBLE,OPTIMAL
WTAP,INFEASIBLE,INFEASIBLE,INFEASIBLE,OPTIMAL
ACAT2,OPTIMAL,OPTIMAL,OPTIMAL,OPTIMAL
TCP1,INFEASIBLE,OPTIMAL,INFEASIBLE,INFEASIBLE
MRPL18,OPTIMAL,OPTIMAL,OPTIMAL,OPTIMAL
IGF2R,INFEASIBLE,OPTIMAL,INFEASIBLE,INFEASIBLE
MAP3K4,INFEASIBLE,OPTIMAL,INFEASIBLE,INFEASIBLE
AGPAT4,INFEASIBLE,OPTIMAL,INFEASIBLE,INFEASIBLE
PRKN,OPTIMAL,OPTIMAL,INFEASIBLE,OPTIMAL
QKI,INFEASIBLE,OPTIMAL,INFEASIBLE,INFEASIBLE
PDE10A,INFEASIBLE,OPTIMAL,INFEASIBLE,INFEASIBLE
SFT2D1,OPTIMAL,OPTIMAL,INFEASIBLE,OPTIMAL
MPC1,OPTIMAL,OPTIMAL,OPTIMAL,OPTIMAL
RPS6KA2,INFEASIBLE,OPTIMAL,INFEASIBLE,OPTIMAL
RNASET2,INFEASIBLE,OPTIMAL,OPTIMAL,OPTIMAL
CEP43,INFEASIBLE,OPTIMAL,INFEASIBLE,OPTIMAL
AFDN,INFEASIBLE,OPTIMAL,INFEASIBLE,INFEASIBLE
WDR27,INFEASIBLE,OPTIMAL,INFEASIBLE,INFEASIBLE
C6orf120,OPTIMAL,OPTIMAL,INFEASIBLE,OPTIMAL
PHF10,INFEASIBLE,OPTIMAL,INFEASIBLE,INFEASIBLE
ERMARD,INFEASIBLE,OPTIMAL,OPTIMAL,OPTIMAL
FAM120B,INFEASIBLE,OPTIMAL,INFEASIBLE,INFEASIBLE
PSMB1,INFEASIBLE,OPTIMAL,OPTIMAL,OPTIMAL
TBP,INFEASIBLE,OPTIMAL,OPTIMAL,OPTIMAL
PDCD2,OPTIMAL,OPTIMAL,OPTIMAL,OPTIMAL
PRKAR1B,INFEASIBLE,OPTIMAL,INFEASIBLE,OPTIMAL
DNAAF5,INFEASIBLE,OPTIMAL,INFEASIBLE,OPTIMAL
SUN1,INFEASIBLE,OPTIMAL,INFEASIBLE,OPTIMAL
COX19,OPTIMAL,OPTIMAL,OPTIMAL,OPTIMAL
C7orf50,OPTIMAL,OPTIMAL,OPTIMAL,OPTIMAL
ZFAND2A,OPTIMAL,OPTIMAL,OPTIMAL,OPTIMAL
INTS1,OPTIMAL,OPTIMAL,OPTIMAL,OPTIMAL
PSMG3,OPTIMAL,OPTIMAL,OPTIMAL,OPTIMAL
MAD1L1,INFEASIBLE,OPTIMAL,INFEASIBLE,INFEASIBLE
MRM2,OPTIMAL,OPTIMAL,OPTIMAL,OPTIMAL
NUDT1,OPTIMAL,INFEASIBLE,OPTIMAL,OPTIMAL
SNX8,OPTIMAL,OPTIMAL,OPTIMAL,OPTIMAL
EIF3B,INFEASIBLE,OPTIMAL,INFEASIBLE,INFEASIBLE
CHST12,OPTIMAL,INFEASIBLE,OPTIMAL,OPTIMAL
BRAT1,OPTIMAL,OPTIMAL,OPTIMAL,OPTIMAL
IQCE,INFEASIBLE,OPTIMAL,OPTIMAL,OPTIMAL
TTYH3,OPTIMAL,OPTIMAL,INFEASIBLE,OPTIMAL
GNA12,INFEASIBLE,OPTIMAL,INFEASIBLE,OPTIMAL
SDK1,INFEASIBLE,OPTIMAL,INFEASIBLE,INFEASIBLE
FOXK1,INFEASIBLE,OPTIMAL,INFEASIBLE,INFEASIBLE
AP5Z1,OPTIMAL,INFEASIBLE,OPTIMAL,OPTIMAL
RADIL,OPTIMAL,OPTIMAL,INFEASIBLE,OPTIMAL
RBAK,INFEASIBLE,OPTIMAL,INFEASIBLE,INFEASIBLE
WIPI2,OPTIMAL,OPTIMAL,OPTIMAL,OPTIMAL
SLC29A4,OPTIMAL,OPTIMAL,OPTIMAL,OPTIMAL
TNRC18,INFEASIBLE,OPTIMAL,INFEASIBLE,OPTIMAL
FBXL18,OPTIMAL,INFEASIBLE,OPTIMAL,OPTIMAL
ACTB,OPTIMAL,OPTIMAL,OPTIMAL,OPTIMAL
FSCN1,OPTIMAL,OPTIMAL,OPTIMAL,OPTIMAL
RNF216,INFEASIBLE,INFEASIBLE,INFEASIBLE,OPTIMAL
CCZ1,OPTIMAL,OPTIMAL,OPTIMAL,OPTIMAL
PMS2,INFEASIBLE,OPTIMAL,INFEASIBLE,OPTIMAL
AIMP2,OPTIMAL,OPTIMAL,OPTIMAL,OPTIMAL
EIF2AK1,INFEASIBLE,OPTIMAL,INFEASIBLE,INFEASIBLE
USP42,OPTIMAL,OPTIMAL,OPTIMAL,OPTIMAL
CYTH3,INFEASIBLE,OPTIMAL,INFEASIBLE,OPTIMAL
RAC1,OPTIMAL,INFEASIBLE,OPTIMAL,OPTIMAL
DAGLB,OPTIMAL,OPTIMAL,OPTIMAL,OPTIMAL
KDELR2,OPTIMAL,OPTIMAL,OPTIMAL,OPTIMAL
ZDHHC4,OPTIMAL,OPTIMAL,OPTIMAL,OPTIMAL
INTS15,OPTIMAL,OPTIMAL,OPTIMAL,OPTIMAL
ZNF316,INFEASIBLE,INFEASIBLE,OPTIMAL,INFEASIBLE
ZNF12,INFEASIBLE,OPTIMAL,INFEASIBLE,INFEASIBLE
CCZ1B,INFEASIBLE,OPTIMAL,INFEASIBLE,INFEASIBLE
C1GALT1,INFEASIBLE,OPTIMAL,INFEASIBLE,INFEASIBLE
MIOS,INFEASIBLE,OPTIMAL,OPTIMAL,INFEASIBLE
RPA3,INFEASIBLE,INFEASIBLE,OPTIMAL,OPTIMAL
UMAD1,INFEASIBLE,OPTIMAL,INFEASIBLE,OPTIMAL
GLCCI1,INFEASIBLE,OPTIMAL,INFEASIBLE,INFEASIBLE
NXPH1,INFEASIBLE,INFEASIBLE,INFEASIBLE,INFEASIBLE
NDUFA4,OPTIMAL,OPTIMAL,OPTIMAL,OPTIMAL
PHF14,INFEASIBLE,OPTIMAL,INFEASIBLE,INFEASIBLE
TMEM106B,INFEASIBLE,OPTIMAL,INFEASIBLE,OPTIMAL
VWDE,INFEASIBLE,OPTIMAL,INFEASIBLE,INFEASIBLE
ARL4A,OPTIMAL,OPTIMAL,OPTIMAL,OPTIMAL
DGKB,INFEASIBLE,INFEASIBLE,INFEASIBLE,INFEASIBLE
CRPPA,INFEASIBLE,OPTIMAL,INFEASIBLE,INFEASIBLE
ANKMY2,INFEASIBLE,OPTIMAL,INFEASIBLE,INFEASIBLE
BZW2,INFEASIBLE,OPTIMAL,INFEASIBLE,OPTIMAL
TSPAN13,OPTIMAL,OPTIMAL,OPTIMAL,OPTIMAL
AHR,OPTIMAL,OPTIMAL,OPTIMAL,OPTIMAL
SNX13,INFEASIBLE,OPTIMAL,INFEASIBLE,INFEASIBLE
HDAC9,OPTIMAL,OPTIMAL,OPTIMAL,OPTIMAL
TWIST1,OPTIMAL,OPTIMAL,OPTIMAL,OPTIMAL
POLR1F,OPTIMAL,OPTIMAL,OPTIMAL,OPTIMAL
SP4,INFEASIBLE,OPTIMAL,INFEASIBLE,OPTIMAL
DNAH11,OPTIMAL,OPTIMAL,INFEASIBLE,OPTIMAL
CDCA7L,INFEASIBLE,OPTIMAL,INFEASIBLE,OPTIMAL
RAPGEF5,INFEASIBLE,OPTIMAL,INFEASIBLE,INFEASIBLE
STEAP1B,INFEASIBLE,INFEASIBLE,INFEASIBLE,OPTIMAL
TOMM7,OPTIMAL,INFEASIBLE,OPTIMAL,OPTIMAL
HYCC1,INFEASIBLE,INFEASIBLE,INFEASIBLE,INFEASIBLE
KLHL7,OPTIMAL,OPTIMAL,OPTIMAL,OPTIMAL
NUP42,OPTIMAL,OPTIMAL,OPTIMAL,OPTIMAL
MALSU1,OPTIMAL,OPTIMAL,OPTIMAL,OPTIMAL
IGF2BP3,INFEASIBLE,OPTIMAL,INFEASIBLE,INFEASIBLE
TRA2A,OPTIMAL,OPTIMAL,OPTIMAL,OPTIMAL
CCDC126,OPTIMAL,OPTIMAL,OPTIMAL,OPTIMAL
PALS2,INFEASIBLE,OPTIMAL,INFEASIBLE,INFEASIBLE
OSBPL3,OPTIMAL,OPTIMAL,OPTIMAL,OPTIMAL
CYCS,OPTIMAL,OPTIMAL,OPTIMAL,OPTIMAL
C7orf31,OPTIMAL,OPTIMAL,OPTIMAL,OPTIMAL
NFE2L3,INFEASIBLE,OPTIMAL,INFEASIBLE,INFEASIBLE
HNRNPA2B1,INFEASIBLE,OPTIMAL,INFEASIBLE,INFEASIBLE
CBX3,OPTIMAL,INFEASIBLE,OPTIMAL,OPTIMAL
SNX10,OPTIMAL,OPTIMAL,OPTIMAL,OPTIMAL
SKAP2,INFEASIBLE,OPTIMAL,INFEASIBLE,INFEASIBLE
HOXA3,OPTIMAL,OPTIMAL,INFEASIBLE,OPTIMAL
HOXA5,OPTIMAL,OPTIMAL,OPTIMAL,OPTIMAL
HOXA7,OPTIMAL,OPTIMAL,OPTIMAL,OPTIMAL
HOXA9,OPTIMAL,OPTIMAL,INFEASIBLE,OPTIMAL
HOXA10,OPTIMAL,OPTIMAL,OPTIMAL,OPTIMAL
HOXA11,OPTIMAL,OPTIMAL,OPTIMAL,OPTIMAL
HOXA13,INFEASIBLE,OPTIMAL,OPTIMAL,OPTIMAL
HIBADH,INFEASIBLE,OPTIMAL,INFEASIBLE,OPTIMAL
TAX1BP1,INFEASIBLE,OPTIMAL,INFEASIBLE,INFEASIBLE
JAZF1,INFEASIBLE,OPTIMAL,INFEASIBLE,OPTIMAL
CREB5,INFEASIBLE,OPTIMAL,INFEASIBLE,OPTIMAL
CPVL,INFEASIBLE,OPTIMAL,INFEASIBLE,OPTIMAL
CHN2,INFEASIBLE,OPTIMAL,INFEASIBLE,INFEASIBLE
WIPF3,OPTIMAL,OPTIMAL,OPTIMAL,OPTIMAL
SCRN1,INFEASIBLE,OPTIMAL,INFEASIBLE,INFEASIBLE
FKBP14,INFEASIBLE,OPTIMAL,INFEASIBLE,INFEASIBLE
PLEKHA8,INFEASIBLE,OPTIMAL,INFEASIBLE,INFEASIBLE
MTURN,OPTIMAL,OPTIMAL,OPTIMAL,OPTIMAL
ZNRF2,OPTIMAL,OPTIMAL,OPTIMAL,OPTIMAL
NOD1,OPTIMAL,OPTIMAL,OPTIMAL,OPTIMAL
GGCT,OPTIMAL,INFEASIBLE,OPTIMAL,OPTIMAL
GARS1,INFEASIBLE,OPTIMAL,INFEASIBLE,INFEASIBLE
MINDY4,INFEASIBLE,OPTIMAL,INFEASIBLE,OPTIMAL
LSM5,OPTIMAL,INFEASIBLE,OPTIMAL,OPTIMAL
AVL9,INFEASIBLE,OPTIMAL,INFEASIBLE,INFEASIBLE
KBTBD2,INFEASIBLE,OPTIMAL,OPTIMAL,OPTIMAL
FKBP9,OPTIMAL,OPTIMAL,OPTIMAL,OPTIMAL
NT5C3A,INFEASIBLE,OPTIMAL,INFEASIBLE,INFEASIBLE
RP9,OPTIMAL,OPTIMAL,OPTIMAL,OPTIMAL
BBS9,INFEASIBLE,OPTIMAL,INFEASIBLE,INFEASIBLE
BMPER,OPTIMAL,OPTIMAL,OPTIMAL,OPTIMAL
DPY19L1,INFEASIBLE,OPTIMAL,INFEASIBLE,INFEASIBLE
TBX20,INFEASIBLE,OPTIMAL,INFEASIBLE,OPTIMAL
HERPUD2,OPTIMAL,OPTIMAL,OPTIMAL,OPTIMAL
SEPTIN7,INFEASIBLE,OPTIMAL,INFEASIBLE,INFEASIBLE
EEPD1,INFEASIBLE,OPTIMAL,INFEASIBLE,INFEASIBLE
MATCAP2,INFEASIBLE,OPTIMAL,OPTIMAL,OPTIMAL
ANLN,INFEASIBLE,OPTIMAL,INFEASIBLE,INFEASIBLE
ELMO1,OPTIMAL,OPTIMAL,OPTIMAL,OPTIMAL
STARD3NL,OPTIMAL,OPTIMAL,OPTIMAL,OPTIMAL
AMPH,OPTIMAL,OPTIMAL,OPTIMAL,OPTIMAL
VPS41,INFEASIBLE,OPTIMAL,INFEASIBLE,INFEASIBLE
POU6F2,INFEASIBLE,OPTIMAL,INFEASIBLE,OPTIMAL
YAE1,OPTIMAL,OPTIMAL,OPTIMAL,OPTIMAL
RALA,OPTIMAL,OPTIMAL,OPTIMAL,OPTIMAL
CDK13,INFEASIBLE,OPTIMAL,INFEASIBLE,INFEASIBLE
MPLKIP,OPTIMAL,OPTIMAL,INFEASIBLE,OPTIMAL
SUGCT,INFEASIBLE,OPTIMAL,INFEASIBLE,OPTIMAL
GLI3,INFEASIBLE,OPTIMAL,INFEASIBLE,INFEASIBLE
C7orf25,OPTIMAL,OPTIMAL,OPTIMAL,OPTIMAL
PSMA2,OPTIMAL,OPTIMAL,OPTIMAL,OPTIMAL
MRPL32,OPTIMAL,OPTIMAL,OPTIMAL,OPTIMAL
STK17A,INFEASIBLE,OPTIMAL,INFEASIBLE,OPTIMAL
COA1,INFEASIBLE,OPTIMAL,INFEASIBLE,OPTIMAL
BLVRA,OPTIMAL,OPTIMAL,OPTIMAL,OPTIMAL
MRPS24,INFEASIBLE,INFEASIBLE,OPTIMAL,OPTIMAL
URGCP,INFEASIBLE,OPTIMAL,OPTIMAL,OPTIMAL
UBE2D4,OPTIMAL,OPTIMAL,OPTIMAL,OPTIMAL
DBNL,INFEASIBLE,OPTIMAL,OPTIMAL,OPTIMAL
POLM,OPTIMAL,OPTIMAL,OPTIMAL,OPTIMAL
POLD2,OPTIMAL,OPTIMAL,OPTIMAL,OPTIMAL
YKT6,INFEASIBLE,OPTIMAL,OPTIMAL,OPTIMAL
NUDCD3,INFEASIBLE,OPTIMAL,INFEASIBLE,INFEASIBLE
DDX56,OPTIMAL,OPTIMAL,INFEASIBLE,OPTIMAL
TMED4,OPTIMAL,OPTIMAL,OPTIMAL,OPTIMAL
OGDH,OPTIMAL,OPTIMAL,INFEASIBLE,OPTIMAL
ZMIZ2,OPTIMAL,OPTIMAL,OPTIMAL,OPTIMAL
PPIA,OPTIMAL,OPTIMAL,OPTIMAL,OPTIMAL
PURB,INFEASIBLE,OPTIMAL,INFEASIBLE,INFEASIBLE
CCM2,OPTIMAL,OPTIMAL,INFEASIBLE,OPTIMAL
TBRG4,OPTIMAL,OPTIMAL,OPTIMAL,OPTIMAL
ADCY1,INFEASIBLE,OPTIMAL,INFEASIBLE,INFEASIBLE
TNS3,OPTIMAL,OPTIMAL,INFEASIBLE,OPTIMAL
HUS1,OPTIMAL,OPTIMAL,OPTIMAL,OPTIMAL
UPP1,OPTIMAL,OPTIMAL,OPTIMAL,OPTIMAL
FIGNL1,INFEASIBLE,OPTIMAL,INFEASIBLE,INFEASIBLE
GRB10,INFEASIBLE,OPTIMAL,INFEASIBLE,INFEASIBLE
COBL,INFEASIBLE,OPTIMAL,INFEASIBLE,INFEASIBLE
SEC61G,OPTIMAL,INFEASIBLE,OPTIMAL,OPTIMAL
EGFR,OPTIMAL,OPTIMAL,INFEASIBLE,OPTIMAL
LANCL2,INFEASIBLE,OPTIMAL,INFEASIBLE,OPTIMAL
VOPP1,INFEASIBLE,OPTIMAL,INFEASIBLE,OPTIMAL
ZNF713,OPTIMAL,OPTIMAL,OPTIMAL,OPTIMAL
NIPSNAP2,OPTIMAL,OPTIMAL,OPTIMAL,OPTIMAL
MRPS17,OPTIMAL,INFEASIBLE,OPTIMAL,OPTIMAL
PSPH,OPTIMAL,OPTIMAL,OPTIMAL,OPTIMAL
CCT6A,INFEASIBLE,OPTIMAL,INFEASIBLE,INFEASIBLE
SUMF2,OPTIMAL,OPTIMAL,OPTIMAL,OPTIMAL
PHKG1,INFEASIBLE,OPTIMAL,INFEASIBLE,INFEASIBLE
CHCHD2,OPTIMAL,INFEASIBLE,OPTIMAL,OPTIMAL
ZNF736,INFEASIBLE,OPTIMAL,INFEASIBLE,INFEASIBLE
ZNF680,INFEASIBLE,OPTIMAL,INFEASIBLE,OPTIMAL
ZNF107,INFEASIBLE,OPTIMAL,INFEASIBLE,INFEASIBLE
ZNF138,INFEASIBLE,OPTIMAL,INFEASIBLE,INFEASIBLE
ZNF273,OPTIMAL,OPTIMAL,OPTIMAL,OPTIMAL
ZNF92,INFEASIBLE,OPTIMAL,INFEASIBLE,INFEASIBLE
VKORC1L1,INFEASIBLE,OPTIMAL,INFEASIBLE,INFEASIBLE
GUSB,OPTIMAL,OPTIMAL,INFEASIBLE,OPTIMAL
ASL,OPTIMAL,OPTIMAL,OPTIMAL,OPTIMAL
CRCP,INFEASIBLE,OPTIMAL,INFEASIBLE,INFEASIBLE
TPST1,INFEASIBLE,OPTIMAL,INFEASIBLE,OPTIMAL
RABGEF1,INFEASIBLE,OPTIMAL,INFEASIBLE,OPTIMAL
TMEM248,INFEASIBLE,OPTIMAL,INFEASIBLE,OPTIMAL
SBDS,INFEASIBLE,OPTIMAL,INFEASIBLE,OPTIMAL
TYW1,INFEASIBLE,OPTIMAL,INFEASIBLE,INFEASIBLE
AUTS2,INFEASIBLE,OPTIMAL,INFEASIBLE,INFEASIBLE
CALN1,INFEASIBLE,INFEASIBLE,OPTIMAL,OPTIMAL
TYW1B,OPTIMAL,OPTIMAL,INFEASIBLE,OPTIMAL
POM121,INFEASIBLE,OPTIMAL,INFEASIBLE,INFEASIBLE
NSUN5,OPTIMAL,OPTIMAL,OPTIMAL,OPTIMAL
BAZ1B,INFEASIBLE,OPTIMAL,INFEASIBLE,INFEASIBLE
BCL7B,OPTIMAL,OPTIMAL,OPTIMAL,OPTIMAL
TBL2,INFEASIBLE,OPTIMAL,INFEASIBLE,INFEASIBLE
MLXIPL,OPTIMAL,OPTIMAL,OPTIMAL,OPTIMAL
DNAJC30,OPTIMAL,OPTIMAL,OPTIMAL,OPTIMAL
BUD23,OPTIMAL,OPTIMAL,OPTIMAL,OPTIMAL
ABHD11,OPTIMAL,OPTIMAL,OPTIMAL,OPTIMAL
LIMK1,INFEASIBLE,OPTIMAL,INFEASIBLE,OPTIMAL
EIF4H,INFEASIBLE,OPTIMAL,INFEASIBLE,INFEASIBLE
RFC2,OPTIMAL,OPTIMAL,OPTIMAL,OPTIMAL
CLIP2,OPTIMAL,OPTIMAL,OPTIMAL,OPTIMAL
GTF2IRD1,INFEASIBLE,OPTIMAL,INFEASIBLE,OPTIMAL
GTF2I,INFEASIBLE,OPTIMAL,INFEASIBLE,INFEASIBLE
CASTOR2,OPTIMAL,OPTIMAL,OPTIMAL,OPTIMAL
RCC1L,INFEASIBLE,OPTIMAL,INFEASIBLE,OPTIMAL
POM121C,INFEASIBLE,OPTIMAL,INFEASIBLE,INFEASIBLE
HIP1,INFEASIBLE,OPTIMAL,INFEASIBLE,OPTIMAL
RHBDD2,OPTIMAL,OPTIMAL,OPTIMAL,OPTIMAL
POR,INFEASIBLE,OPTIMAL,INFEASIBLE,OPTIMAL
TMEM120A,OPTIMAL,OPTIMAL,OPTIMAL,OPTIMAL
STYXL1,INFEASIBLE,OPTIMAL,INFEASIBLE,OPTIMAL
MDH2,OPTIMAL,INFEASIBLE,OPTIMAL,OPTIMAL
HSPB1,INFEASIBLE,INFEASIBLE,OPTIMAL,OPTIMAL
YWHAG,INFEASIBLE,OPTIMAL,INFEASIBLE,INFEASIBLE
POMZP3,OPTIMAL,OPTIMAL,OPTIMAL,OPTIMAL
PTPN12,INFEASIBLE,OPTIMAL,INFEASIBLE,INFEASIBLE
RSBN1L,INFEASIBLE,OPTIMAL,OPTIMAL,OPTIMAL
TMEM60,OPTIMAL,OPTIMAL,OPTIMAL,OPTIMAL
PHTF2,INFEASIBLE,OPTIMAL,INFEASIBLE,OPTIMAL
MAGI2,OPTIMAL,OPTIMAL,INFEASIBLE,OPTIMAL
GNAI1,INFEASIBLE,OPTIMAL,INFEASIBLE,INFEASIBLE
SEMA3C,INFEASIBLE,OPTIMAL,OPTIMAL,INFEASIBLE
CACNA2D1,INFEASIBLE,OPTIMAL,INFEASIBLE,INFEASIBLE
PCLO,OPTIMAL,OPTIMAL,INFEASIBLE,OPTIMAL
SEMA3E,INFEASIBLE,INFEASIBLE,OPTIMAL,OPTIMAL
SEMA3A,INFEASIBLE,OPTIMAL,INFEASIBLE,OPTIMAL
SEMA3D,OPTIMAL,OPTIMAL,INFEASIBLE,OPTIMAL
ELAPOR2,INFEASIBLE,OPTIMAL,INFEASIBLE,INFEASIBLE
DMTF1,INFEASIBLE,OPTIMAL,INFEASIBLE,INFEASIBLE
TMEM243,OPTIMAL,OPTIMAL,OPTIMAL,OPTIMAL
CROT,OPTIMAL,OPTIMAL,OPTIMAL,OPTIMAL
ABCB1,INFEASIBLE,INFEASIBLE,OPTIMAL,INFEASIBLE
RUNDC3B,INFEASIBLE,OPTIMAL,INFEASIBLE,OPTIMAL
SLC25A40,INFEASIBLE,OPTIMAL,INFEASIBLE,OPTIMAL
DBF4,INFEASIBLE,OPTIMAL,OPTIMAL,OPTIMAL
ADAM22,INFEASIBLE,OPTIMAL,INFEASIBLE,OPTIMAL
SRI,OPTIMAL,OPTIMAL,OPTIMAL,OPTIMAL
STEAP1,OPTIMAL,OPTIMAL,OPTIMAL,OPTIMAL
STEAP2,OPTIMAL,OPTIMAL,OPTIMAL,OPTIMAL
GTPBP10,INFEASIBLE,OPTIMAL,INFEASIBLE,INFEASIBLE
CLDN12,INFEASIBLE,OPTIMAL,OPTIMAL,OPTIMAL
CDK14,INFEASIBLE,OPTIMAL,INFEASIBLE,INFEASIBLE
MTERF1,OPTIMAL,OPTIMAL,INFEASIBLE,OPTIMAL
AKAP9,INFEASIBLE,OPTIMAL,INFEASIBLE,INFEASIBLE
CYP51A1,INFEASIBLE,OPTIMAL,INFEASIBLE,INFEASIBLE
KRIT1,INFEASIBLE,OPTIMAL,INFEASIBLE,INFEASIBLE
ANKIB1,INFEASIBLE,OPTIMAL,INFEASIBLE,INFEASIBLE
GATAD1,OPTIMAL,OPTIMAL,OPTIMAL,OPTIMAL
PEX1,INFEASIBLE,OPTIMAL,INFEASIBLE,INFEASIBLE
RBM48,OPTIMAL,OPTIMAL,OPTIMAL,OPTIMAL
FAM133B,OPTIMAL,OPTIMAL,OPTIMAL,OPTIMAL
CDK6,INFEASIBLE,OPTIMAL,INFEASIBLE,INFEASIBLE
VPS50,INFEASIBLE,OPTIMAL,INFEASIBLE,INFEASIBLE
GNGT1,INFEASIBLE,OPTIMAL,INFEASIBLE,INFEASIBLE
GNG11,OPTIMAL,OPTIMAL,OPTIMAL,OPTIMAL
BET1,OPTIMAL,OPTIMAL,OPTIMAL,OPTIMAL
CASD1,INFEASIBLE,OPTIMAL,OPTIMAL,INFEASIBLE
SGCE,OPTIMAL,OPTIMAL,INFEASIBLE,OPTIMAL
PPP1R9A,INFEASIBLE,OPTIMAL,INFEASIBLE,INFEASIBLE
PON2,INFEASIBLE,OPTIMAL,INFEASIBLE,OPTIMAL
DYNC1I1,OPTIMAL,OPTIMAL,OPTIMAL,OPTIMAL
SLC25A13,OPTIMAL,OPTIMAL,OPTIMAL,OPTIMAL
SEM1,OPTIMAL,OPTIMAL,OPTIMAL,OPTIMAL
SDHAF3,OPTIMAL,OPTIMAL,OPTIMAL,OPTIMAL
LMTK2,INFEASIBLE,OPTIMAL,INFEASIBLE,INFEASIBLE
TECPR1,OPTIMAL,OPTIMAL,OPTIMAL,OPTIMAL
BRI3,OPTIMAL,OPTIMAL,OPTIMAL,OPTIMAL
BAIAP2L1,INFEASIBLE,OPTIMAL,INFEASIBLE,INFEASIBLE
TRRAP,INFEASIBLE,OPTIMAL,INFEASIBLE,INFEASIBLE
SMURF1,INFEASIBLE,OPTIMAL,INFEASIBLE,INFEASIBLE
ARPC1A,OPTIMAL,OPTIMAL,OPTIMAL,OPTIMAL
ARPC1B,OPTIMAL,INFEASIBLE,OPTIMAL,OPTIMAL
PDAP1,INFEASIBLE,OPTIMAL,INFEASIBLE,OPTIMAL
BUD31,OPTIMAL,OPTIMAL,OPTIMAL,OPTIMAL
PTCD1,OPTIMAL,OPTIMAL,INFEASIBLE,OPTIMAL
CPSF4,OPTIMAL,OPTIMAL,OPTIMAL,OPTIMAL
ATP5MF,OPTIMAL,INFEASIBLE,OPTIMAL,OPTIMAL
ZNF789,OPTIMAL,OPTIMAL,OPTIMAL,OPTIMAL
ZNF394,OPTIMAL,OPTIMAL,OPTIMAL,OPTIMAL
ZKSCAN5,OPTIMAL,OPTIMAL,OPTIMAL,OPTIMAL
FAM200A,INFEASIBLE,OPTIMAL,INFEASIBLE,OPTIMAL
ZNF655,INFEASIBLE,OPTIMAL,INFEASIBLE,INFEASIBLE
ZSCAN25,INFEASIBLE,OPTIMAL,INFEASIBLE,INFEASIBLE
TRIM4,INFEASIBLE,OPTIMAL,INFEASIBLE,INFEASIBLE
ZKSCAN1,INFEASIBLE,OPTIMAL,INFEASIBLE,INFEASIBLE
ZSCAN21,OPTIMAL,OPTIMAL,OPTIMAL,OPTIMAL
ZNF3,OPTIMAL,OPTIMAL,OPTIMAL,OPTIMAL
COPS6,OPTIMAL,INFEASIBLE,OPTIMAL,OPTIMAL
MCM7,OPTIMAL,OPTIMAL,INFEASIBLE,OPTIMAL
AP4M1,OPTIMAL,OPTIMAL,OPTIMAL,OPTIMAL
TAF6,OPTIMAL,OPTIMAL,OPTIMAL,OPTIMAL
LAMTOR4,INFEASIBLE,OPTIMAL,OPTIMAL,OPTIMAL
PILRB,INFEASIBLE,OPTIMAL,INFEASIBLE,OPTIMAL
ZCWPW1,OPTIMAL,INFEASIBLE,OPTIMAL,OPTIMAL
MEPCE,OPTIMAL,INFEASIBLE,OPTIMAL,OPTIMAL
PPP1R35,OPTIMAL,OPTIMAL,OPTIMAL,OPTIMAL
TSC22D4,OPTIMAL,OPTIMAL,OPTIMAL,OPTIMAL
AGFG2,OPTIMAL,OPTIMAL,INFEASIBLE,OPTIMAL
GNB2,OPTIMAL,INFEASIBLE,OPTIMAL,OPTIMAL
GIGYF1,OPTIMAL,OPTIMAL,OPTIMAL,OPTIMAL
POP7,OPTIMAL,INFEASIBLE,OPTIMAL,OPTIMAL
ZAN,INFEASIBLE,INFEASIBLE,OPTIMAL,OPTIMAL
EPHB4,INFEASIBLE,OPTIMAL,INFEASIBLE,OPTIMAL
SLC12A9,OPTIMAL,OPTIMAL,OPTIMAL,OPTIMAL
TRIP6,OPTIMAL,OPTIMAL,OPTIMAL,OPTIMAL
SRRT,INFEASIBLE,OPTIMAL,INFEASIBLE,INFEASIBLE
UFSP1,OPTIMAL,OPTIMAL,OPTIMAL,OPTIMAL
AP1S1,OPTIMAL,OPTIMAL,OPTIMAL,OPTIMAL
PLOD3,OPTIMAL,OPTIMAL,OPTIMAL,OPTIMAL
ZNHIT1,OPTIMAL,OPTIMAL,OPTIMAL,OPTIMAL
FIS1,INFEASIBLE,OPTIMAL,OPTIMAL,OPTIMAL
IFT22,OPTIMAL,OPTIMAL,OPTIMAL,OPTIMAL
COL26A1,OPTIMAL,OPTIMAL,OPTIMAL,OPTIMAL
CUX1,INFEASIBLE,OPTIMAL,INFEASIBLE,INFEASIBLE
PRKRIP1,INFEASIBLE,OPTIMAL,INFEASIBLE,OPTIMAL
ORAI2,OPTIMAL,OPTIMAL,OPTIMAL,OPTIMAL
ALKBH4,OPTIMAL,OPTIMAL,OPTIMAL,OPTIMAL
LRWD1,OPTIMAL,OPTIMAL,OPTIMAL,OPTIMAL
POLR2J,INFEASIBLE,INFEASIBLE,OPTIMAL,OPTIMAL
POLR2J3,INFEASIBLE,OPTIMAL,INFEASIBLE,OPTIMAL
UPK3BL1,INFEASIBLE,OPTIMAL,OPTIMAL,INFEASIBLE
FAM185A,INFEASIBLE,OPTIMAL,INFEASIBLE,OPTIMAL
FBXL13,OPTIMAL,INFEASIBLE,OPTIMAL,OPTIMAL
ARMC10,OPTIMAL,OPTIMAL,INFEASIBLE,OPTIMAL
NAPEPLD,OPTIMAL,OPTIMAL,INFEASIBLE,OPTIMAL
PMPCB,INFEASIBLE,OPTIMAL,INFEASIBLE,OPTIMAL
DNAJC2,OPTIMAL,OPTIMAL,INFEASIBLE,OPTIMAL
PSMC2,OPTIMAL,OPTIMAL,INFEASIBLE,OPTIMAL
RELN,INFEASIBLE,INFEASIBLE,INFEASIBLE,OPTIMAL
ORC5,INFEASIBLE,OPTIMAL,INFEASIBLE,INFEASIBLE
KMT2E,INFEASIBLE,OPTIMAL,INFEASIBLE,INFEASIBLE
SRPK2,OPTIMAL,OPTIMAL,INFEASIBLE,OPTIMAL
PUS7,INFEASIBLE,OPTIMAL,INFEASIBLE,INFEASIBLE
RINT1,INFEASIBLE,OPTIMAL,INFEASIBLE,INFEASIBLE
EFCAB10,OPTIMAL,OPTIMAL,OPTIMAL,OPTIMAL
ATXN7L1,INFEASIBLE,OPTIMAL,INFEASIBLE,OPTIMAL
CDHR3,INFEASIBLE,OPTIMAL,INFEASIBLE,OPTIMAL
SYPL1,OPTIMAL,OPTIMAL,OPTIMAL,OPTIMAL
NAMPT,INFEASIBLE,INFEASIBLE,INFEASIBLE,INFEASIBLE
CCDC71L,OPTIMAL,OPTIMAL,OPTIMAL,OPTIMAL
PRKAR2B,INFEASIBLE,OPTIMAL,INFEASIBLE,INFEASIBLE
HBP1,OPTIMAL,OPTIMAL,OPTIMAL,OPTIMAL
COG5,INFEASIBLE,OPTIMAL,INFEASIBLE,INFEASIBLE
DUS4L,OPTIMAL,OPTIMAL,OPTIMAL,OPTIMAL
BCAP29,INFEASIBLE,OPTIMAL,INFEASIBLE,OPTIMAL
CBLL1,INFEASIBLE,OPTIMAL,INFEASIBLE,INFEASIBLE
SLC26A3,INFEASIBLE,INFEASIBLE,INFEASIBLE,INFEASIBLE
DLD,INFEASIBLE,OPTIMAL,INFEASIBLE,INFEASIBLE
LAMB1,INFEASIBLE,OPTIMAL,INFEASIBLE,OPTIMAL
NRCAM,INFEASIBLE,OPTIMAL,INFEASIBLE,INFEASIBLE
PNPLA8,OPTIMAL,OPTIMAL,OPTIMAL,OPTIMAL
THAP5,OPTIMAL,OPTIMAL,OPTIMAL,OPTIMAL
IMMP2L,OPTIMAL,OPTIMAL,INFEASIBLE,OPTIMAL
DOCK4,INFEASIBLE,OPTIMAL,INFEASIBLE,INFEASIBLE
ZNF277,INFEASIBLE,OPTIMAL,INFEASIBLE,INFEASIBLE
IFRD1,INFEASIBLE,OPTIMAL,INFEASIBLE,OPTIMAL
TMEM168,INFEASIBLE,OPTIMAL,INFEASIBLE,INFEASIBLE
BMT2,INFEASIBLE,OPTIMAL,INFEASIBLE,INFEASIBLE
SMIM30,INFEASIBLE,OPTIMAL,INFEASIBLE,OPTIMAL
FOXP2,INFEASIBLE,OPTIMAL,INFEASIBLE,INFEASIBLE
MDFIC,INFEASIBLE,OPTIMAL,INFEASIBLE,INFEASIBLE
TES,INFEASIBLE,OPTIMAL,INFEASIBLE,OPTIMAL
CAV2,OPTIMAL,OPTIMAL,OPTIMAL,OPTIMAL
CAV1,OPTIMAL,OPTIMAL,OPTIMAL,OPTIMAL
MET,INFEASIBLE,OPTIMAL,INFEASIBLE,INFEASIBLE
CAPZA2,INFEASIBLE,OPTIMAL,INFEASIBLE,INFEASIBLE
ST7,OPTIMAL,OPTIMAL,OPTIMAL,OPTIMAL
CTTNBP2,OPTIMAL,INFEASIBLE,OPTIMAL,OPTIMAL
LSM8,OPTIMAL,OPTIMAL,OPTIMAL,OPTIMAL
ANKRD7,OPTIMAL,OPTIMAL,OPTIMAL,OPTIMAL
KCND2,OPTIMAL,OPTIMAL,OPTIMAL,OPTIMAL
TSPAN12,OPTIMAL,OPTIMAL,OPTIMAL,OPTIMAL
ING3,OPTIMAL,INFEASIBLE,OPTIMAL,OPTIMAL
FAM3C,INFEASIBLE,OPTIMAL,INFEASIBLE,INFEASIBLE
AASS,INFEASIBLE,OPTIMAL,INFEASIBLE,INFEASIBLE
CADPS2,INFEASIBLE,OPTIMAL,INFEASIBLE,INFEASIBLE
NDUFA5,OPTIMAL,OPTIMAL,OPTIMAL,OPTIMAL
WASL,INFEASIBLE,OPTIMAL,INFEASIBLE,INFEASIBLE
POT1,INFEASIBLE,OPTIMAL,INFEASIBLE,OPTIMAL
ZNF800,INFEASIBLE,OPTIMAL,INFEASIBLE,INFEASIBLE
ARF5,OPTIMAL,OPTIMAL,OPTIMAL,OPTIMAL
SND1,INFEASIBLE,OPTIMAL,INFEASIBLE,INFEASIBLE
RBM28,INFEASIBLE,OPTIMAL,INFEASIBLE,INFEASIBLE
IMPDH1,OPTIMAL,OPTIMAL,OPTIMAL,OPTIMAL
HILPDA,OPTIMAL,OPTIMAL,OPTIMAL,OPTIMAL
METTL2B,INFEASIBLE,OPTIMAL,INFEASIBLE,INFEASIBLE
CALU,INFEASIBLE,OPTIMAL,INFEASIBLE,INFEASIBLE
CCDC136,INFEASIBLE,OPTIMAL,INFEASIBLE,INFEASIBLE
FLNC,OPTIMAL,OPTIMAL,OPTIMAL,OPTIMAL
ATP6V1F,OPTIMAL,OPTIMAL,OPTIMAL,OPTIMAL
TNPO3,INFEASIBLE,OPTIMAL,INFEASIBLE,OPTIMAL
TSPAN33,OPTIMAL,OPTIMAL,OPTIMAL,OPTIMAL
SMO,INFEASIBLE,OPTIMAL,OPTIMAL,INFEASIBLE
AHCYL2,INFEASIBLE,OPTIMAL,INFEASIBLE,INFEASIBLE
STRIP2,OPTIMAL,OPTIMAL,INFEASIBLE,OPTIMAL
NRF1,INFEASIBLE,OPTIMAL,INFEASIBLE,INFEASIBLE
UBE2H,INFEASIBLE,OPTIMAL,INFEASIBLE,INFEASIBLE
ZC3HC1,OPTIMAL,OPTIMAL,INFEASIBLE,OPTIMAL
KLHDC10,INFEASIBLE,OPTIMAL,INFEASIBLE,INFEASIBLE
TMEM209,OPTIMAL,OPTIMAL,OPTIMAL,OPTIMAL
CEP41,OPTIMAL,INFEASIBLE,OPTIMAL,OPTIMAL
COPG2,OPTIMAL,OPTIMAL,INFEASIBLE,OPTIMAL
MKLN1,INFEASIBLE,OPTIMAL,INFEASIBLE,INFEASIBLE
PODXL,OPTIMAL,OPTIMAL,OPTIMAL,OPTIMAL
CHCHD3,INFEASIBLE,OPTIMAL,INFEASIBLE,OPTIMAL
EXOC4,INFEASIBLE,OPTIMAL,INFEASIBLE,INFEASIBLE
SLC35B4,INFEASIBLE,OPTIMAL,INFEASIBLE,OPTIMAL
AKR1B1,OPTIMAL,OPTIMAL,OPTIMAL,OPTIMAL
BPGM,INFEASIBLE,OPTIMAL,INFEASIBLE,OPTIMAL
CALD1,INFEASIBLE,OPTIMAL,INFEASIBLE,INFEASIBLE
AGBL3,OPTIMAL,INFEASIBLE,INFEASIBLE,OPTIMAL
CYREN,OPTIMAL,OPTIMAL,OPTIMAL,OPTIMAL
WDR91,OPTIMAL,OPTIMAL,OPTIMAL,OPTIMAL
CNOT4,INFEASIBLE,OPTIMAL,INFEASIBLE,INFEASIBLE
NUP205,INFEASIBLE,OPTIMAL,INFEASIBLE,INFEASIBLE
STMP1,OPTIMAL,OPTIMAL,OPTIMAL,OPTIMAL
MTPN,INFEASIBLE,OPTIMAL,INFEASIBLE,INFEASIBLE
CREB3L2,INFEASIBLE,OPTIMAL,INFEASIBLE,INFEASIBLE
TRIM24,INFEASIBLE,OPTIMAL,INFEASIBLE,INFEASIBLE
KIAA1549,INFEASIBLE,OPTIMAL,INFEASIBLE,INFEASIBLE
ZC3HAV1L,INFEASIBLE,OPTIMAL,INFEASIBLE,INFEASIBLE
ZC3HAV1,INFEASIBLE,INFEASIBLE,OPTIMAL,OPTIMAL
TTC26,INFEASIBLE,OPTIMAL,INFEASIBLE,OPTIMAL
UBN2,INFEASIBLE,OPTIMAL,INFEASIBLE,INFEASIBLE
FMC1,OPTIMAL,OPTIMAL,OPTIMAL,OPTIMAL
LUC7L2,INFEASIBLE,OPTIMAL,INFEASIBLE,INFEASIBLE
KLRG2,INFEASIBLE,OPTIMAL,INFEASIBLE,OPTIMAL
HIPK2,INFEASIBLE,OPTIMAL,INFEASIBLE,INFEASIBLE
TBXAS1,OPTIMAL,OPTIMAL,OPTIMAL,OPTIMAL
KDM7A,INFEASIBLE,OPTIMAL,INFEASIBLE,INFEASIBLE
SLC37A3,INFEASIBLE,OPTIMAL,OPTIMAL,OPTIMAL
MKRN1,INFEASIBLE,OPTIMAL,OPTIMAL,OPTIMAL
DENND2A,OPTIMAL,OPTIMAL,OPTIMAL,OPTIMAL
ADCK2,OPTIMAL,OPTIMAL,OPTIMAL,OPTIMAL
NDUFB2,OPTIMAL,INFEASIBLE,OPTIMAL,OPTIMAL
BRAF,INFEASIBLE,OPTIMAL,INFEASIBLE,INFEASIBLE
MRPS33,OPTIMAL,OPTIMAL,OPTIMAL,OPTIMAL
TMEM178B,INFEASIBLE,OPTIMAL,INFEASIBLE,INFEASIBLE
AGK,INFEASIBLE,OPTIMAL,INFEASIBLE,INFEASIBLE
DENND11,INFEASIBLE,OPTIMAL,INFEASIBLE,OPTIMAL
SSBP1,OPTIMAL,INFEASIBLE,OPTIMAL,OPTIMAL
GSTK1,OPTIMAL,OPTIMAL,OPTIMAL,OPTIMAL
CASP2,OPTIMAL,OPTIMAL,OPTIMAL,OPTIMAL
ZYX,OPTIMAL,OPTIMAL,OPTIMAL,OPTIMAL
TCAF1,INFEASIBLE,OPTIMAL,INFEASIBLE,INFEASIBLE
TPK1,OPTIMAL,INFEASIBLE,OPTIMAL,OPTIMAL
CNTNAP2,OPTIMAL,OPTIMAL,OPTIMAL,OPTIMAL
CUL1,INFEASIBLE,OPTIMAL,INFEASIBLE,INFEASIBLE
EZH2,INFEASIBLE,OPTIMAL,INFEASIBLE,OPTIMAL
PDIA4,INFEASIBLE,OPTIMAL,INFEASIBLE,INFEASIBLE
ZNF786,INFEASIBLE,OPTIMAL,INFEASIBLE,OPTIMAL
ZNF425,OPTIMAL,OPTIMAL,OPTIMAL,OPTIMAL
ZNF398,INFEASIBLE,OPTIMAL,INFEASIBLE,OPTIMAL
ZNF282,INFEASIBLE,OPTIMAL,INFEASIBLE,INFEASIBLE
ZNF212,OPTIMAL,OPTIMAL,OPTIMAL,OPTIMAL
ZNF783,INFEASIBLE,OPTIMAL,INFEASIBLE,OPTIMAL
ZNF777,INFEASIBLE,OPTIMAL,INFEASIBLE,OPTIMAL
ZNF746,INFEASIBLE,OPTIMAL,OPTIMAL,OPTIMAL
KRBA1,INFEASIBLE,OPTIMAL,INFEASIBLE,OPTIMAL
ZNF862,INFEASIBLE,INFEASIBLE,INFEASIBLE,OPTIMAL
ATP6V0E2,OPTIMAL,OPTIMAL,OPTIMAL,OPTIMAL
LRRC61,OPTIMAL,OPTIMAL,OPTIMAL,OPTIMAL
REPIN1,OPTIMAL,OPTIMAL,OPTIMAL,OPTIMAL
ZNF775,OPTIMAL,OPTIMAL,OPTIMAL,OPTIMAL
ABCB8,OPTIMAL,OPTIMAL,OPTIMAL,OPTIMAL
CDK5,OPTIMAL,OPTIMAL,OPTIMAL,OPTIMAL
SLC4A2,OPTIMAL,OPTIMAL,OPTIMAL,OPTIMAL
FASTK,OPTIMAL,OPTIMAL,OPTIMAL,OPTIMAL
TMUB1,OPTIMAL,OPTIMAL,OPTIMAL,OPTIMAL
AGAP3,OPTIMAL,OPTIMAL,OPTIMAL,OPTIMAL
ABCF2,INFEASIBLE,OPTIMAL,INFEASIBLE,INFEASIBLE
CHPF2,OPTIMAL,OPTIMAL,OPTIMAL,OPTIMAL
SMARCD3,OPTIMAL,OPTIMAL,OPTIMAL,OPTIMAL
NUB1,INFEASIBLE,OPTIMAL,INFEASIBLE,INFEASIBLE
RHEB,OPTIMAL,OPTIMAL,INFEASIBLE,OPTIMAL
PRKAG2,INFEASIBLE,OPTIMAL,INFEASIBLE,INFEASIBLE
GALNT11,INFEASIBLE,OPTIMAL,INFEASIBLE,OPTIMAL
KMT2C,INFEASIBLE,OPTIMAL,INFEASIBLE,INFEASIBLE
XRCC2,INFEASIBLE,OPTIMAL,INFEASIBLE,INFEASIBLE
ACTR3B,OPTIMAL,OPTIMAL,INFEASIBLE,OPTIMAL
PAXIP1,INFEASIBLE,OPTIMAL,INFEASIBLE,INFEASIBLE
INSIG1,OPTIMAL,OPTIMAL,OPTIMAL,OPTIMAL
EN2,INFEASIBLE,OPTIMAL,OPTIMAL,OPTIMAL
RBM33,INFEASIBLE,OPTIMAL,INFEASIBLE,INFEASIBLE
RNF32,OPTIMAL,OPTIMAL,OPTIMAL,OPTIMAL
LMBR1,INFEASIBLE,OPTIMAL,INFEASIBLE,INFEASIBLE
NOM1,INFEASIBLE,OPTIMAL,INFEASIBLE,INFEASIBLE
MNX1,OPTIMAL,OPTIMAL,OPTIMAL,OPTIMAL
UBE3C,INFEASIBLE,OPTIMAL,INFEASIBLE,INFEASIBLE
DNAJB6,INFEASIBLE,OPTIMAL,INFEASIBLE,INFEASIBLE
NCAPG2,INFEASIBLE,OPTIMAL,INFEASIBLE,INFEASIBLE
ESYT2,INFEASIBLE,OPTIMAL,INFEASIBLE,INFEASIBLE
DYNC2I1,INFEASIBLE,OPTIMAL,INFEASIBLE,OPTIMAL
FBXO25,OPTIMAL,OPTIMAL,OPTIMAL,OPTIMAL
ERICH1,INFEASIBLE,OPTIMAL,OPTIMAL,OPTIMAL
CLN8,OPTIMAL,OPTIMAL,OPTIMAL,OPTIMAL
ARHGEF10,INFEASIBLE,OPTIMAL,INFEASIBLE,INFEASIBLE
CSMD1,INFEASIBLE,INFEASIBLE,OPTIMAL,INFEASIBLE
MCPH1,OPTIMAL,OPTIMAL,OPTIMAL,INFEASIBLE
ANGPT2,INFEASIBLE,OPTIMAL,OPTIMAL,INFEASIBLE
AGPAT5,INFEASIBLE,OPTIMAL,INFEASIBLE,OPTIMAL
MFHAS1,OPTIMAL,INFEASIBLE,OPTIMAL,OPTIMAL
ERI1,INFEASIBLE,OPTIMAL,INFEASIBLE,OPTIMAL
TNKS,INFEASIBLE,OPTIMAL,INFEASIBLE,INFEASIBLE
MSRA,OPTIMAL,OPTIMAL,INFEASIBLE,OPTIMAL
PINX1,OPTIMAL,OPTIMAL,INFEASIBLE,OPTIMAL
XKR6,INFEASIBLE,OPTIMAL,INFEASIBLE,INFEASIBLE
MTMR9,INFEASIBLE,OPTIMAL,OPTIMAL,OPTIMAL
GATA4,INFEASIBLE,OPTIMAL,INFEASIBLE,OPTIMAL
NEIL2,OPTIMAL,OPTIMAL,OPTIMAL,OPTIMAL
FDFT1,INFEASIBLE,OPTIMAL,INFEASIBLE,OPTIMAL
CTSB,OPTIMAL,OPTIMAL,OPTIMAL,OPTIMAL
LONRF1,INFEASIBLE,OPTIMAL,OPTIMAL,INFEASIBLE
DLC1,OPTIMAL,OPTIMAL,OPTIMAL,OPTIMAL
SGCZ,OPTIMAL,OPTIMAL,INFEASIBLE,OPTIMAL
TUSC3,OPTIMAL,OPTIMAL,OPTIMAL,OPTIMAL
MICU3,INFEASIBLE,OPTIMAL,INFEASIBLE,OPTIMAL
ZDHHC2,OPTIMAL,OPTIMAL,OPTIMAL,OPTIMAL
CNOT7,OPTIMAL,OPTIMAL,OPTIMAL,OPTIMAL
VPS37A,INFEASIBLE,OPTIMAL,OPTIMAL,INFEASIBLE
SLC7A2,OPTIMAL,OPTIMAL,INFEASIBLE,OPTIMAL
MTUS1,INFEASIBLE,OPTIMAL,INFEASIBLE,INFEASIBLE
PCM1,INFEASIBLE,INFEASIBLE,INFEASIBLE,INFEASIBLE
ASAH1,INFEASIBLE,OPTIMAL,INFEASIBLE,OPTIMAL
PSD3,INFEASIBLE,OPTIMAL,INFEASIBLE,INFEASIBLE
SH2D4A,OPTIMAL,OPTIMAL,OPTIMAL,OPTIMAL
INTS10,INFEASIBLE,OPTIMAL,OPTIMAL,OPTIMAL
ATP6V1B2,INFEASIBLE,OPTIMAL,OPTIMAL,OPTIMAL
XPO7,INFEASIBLE,OPTIMAL,INFEASIBLE,INFEASIBLE
REEP4,OPTIMAL,OPTIMAL,OPTIMAL,OPTIMAL
POLR3D,INFEASIBLE,OPTIMAL,INFEASIBLE,OPTIMAL
SLC39A14,INFEASIBLE,OPTIMAL,INFEASIBLE,INFEASIBLE
PPP3CC,INFEASIBLE,OPTIMAL,INFEASIBLE,OPTIMAL
SORBS3,OPTIMAL,OPTIMAL,OPTIMAL,OPTIMAL
PDLIM2,OPTIMAL,OPTIMAL,OPTIMAL,OPTIMAL
CCAR2,INFEASIBLE,OPTIMAL,INFEASIBLE,OPTIMAL
BIN3,INFEASIBLE,OPTIMAL,INFEASIBLE,OPTIMAL
TNFRSF10B,INFEASIBLE,OPTIMAL,OPTIMAL,OPTIMAL
CHMP7,INFEASIBLE,OPTIMAL,OPTIMAL,INFEASIBLE
R3HCC1,INFEASIBLE,OPTIMAL,OPTIMAL,OPTIMAL
ENTPD4,INFEASIBLE,OPTIMAL,INFEASIBLE,OPTIMAL
SLC25A37,INFEASIBLE,INFEASIBLE,OPTIMAL,INFEASIBLE
NEFM,OPTIMAL,OPTIMAL,OPTIMAL,OPTIMAL
NEFL,OPTIMAL,INFEASIBLE,OPTIMAL,OPTIMAL
DOCK5,OPTIMAL,OPTIMAL,INFEASIBLE,OPTIMAL
KCTD9,INFEASIBLE,OPTIMAL,OPTIMAL,OPTIMAL
CDCA2,INFEASIBLE,OPTIMAL,OPTIMAL,OPTIMAL
EBF2,OPTIMAL,OPTIMAL,OPTIMAL,OPTIMAL
PPP2R2A,INFEASIBLE,OPTIMAL,INFEASIBLE,INFEASIBLE
BNIP3L,INFEASIBLE,OPTIMAL,OPTIMAL,OPTIMAL
PNMA2,OPTIMAL,OPTIMAL,OPTIMAL,OPTIMAL
DPYSL2,INFEASIBLE,OPTIMAL,OPTIMAL,INFEASIBLE
TRIM35,OPTIMAL,OPTIMAL,OPTIMAL,OPTIMAL
CLU,OPTIMAL,OPTIMAL,OPTIMAL,OPTIMAL
CCDC25,OPTIMAL,OPTIMAL,OPTIMAL,OPTIMAL
ESCO2,OPTIMAL,OPTIMAL,OPTIMAL,OPTIMAL
PBK,OPTIMAL,OPTIMAL,OPTIMAL,OPTIMAL
ELP3,INFEASIBLE,OPTIMAL,INFEASIBLE,INFEASIBLE
FBXO16,OPTIMAL,OPTIMAL,INFEASIBLE,OPTIMAL
FZD3,INFEASIBLE,OPTIMAL,OPTIMAL,OPTIMAL
EXTL3,INFEASIBLE,INFEASIBLE,INFEASIBLE,OPTIMAL
INTS9,INFEASIBLE,OPTIMAL,OPTIMAL,OPTIMAL
HMBOX1,INFEASIBLE,OPTIMAL,INFEASIBLE,OPTIMAL
KIF13B,OPTIMAL,OPTIMAL,OPTIMAL,OPTIMAL
SARAF,INFEASIBLE,OPTIMAL,INFEASIBLE,OPTIMAL
LEPROTL1,OPTIMAL,OPTIMAL,OPTIMAL,OPTIMAL
DCTN6,INFEASIBLE,OPTIMAL,OPTIMAL,OPTIMAL
RBPMS,OPTIMAL,OPTIMAL,OPTIMAL,OPTIMAL
GTF2E2,INFEASIBLE,OPTIMAL,INFEASIBLE,OPTIMAL
GSR,INFEASIBLE,OPTIMAL,OPTIMAL,OPTIMAL
UBXN8,INFEASIBLE,OPTIMAL,OPTIMAL,OPTIMAL
PPP2CB,INFEASIBLE,OPTIMAL,INFEASIBLE,INFEASIBLE
TEX15,INFEASIBLE,OPTIMAL,INFEASIBLE,INFEASIBLE
WRN,INFEASIBLE,OPTIMAL,INFEASIBLE,INFEASIBLE
NRG1,OPTIMAL,INFEASIBLE,OPTIMAL,OPTIMAL
FUT10,OPTIMAL,OPTIMAL,OPTIMAL,OPTIMAL
TTI2,OPTIMAL,OPTIMAL,OPTIMAL,OPTIMAL
MAK16,INFEASIBLE,OPTIMAL,INFEASIBLE,INFEASIBLE
ZNF703,OPTIMAL,OPTIMAL,OPTIMAL,OPTIMAL
ERLIN2,INFEASIBLE,OPTIMAL,INFEASIBLE,INFEASIBLE
PLPBP,OPTIMAL,OPTIMAL,OPTIMAL,OPTIMAL
ADGRA2,OPTIMAL,OPTIMAL,OPTIMAL,OPTIMAL
RAB11FIP1,INFEASIBLE,OPTIMAL,INFEASIBLE,INFEASIBLE
EIF4EBP1,OPTIMAL,INFEASIBLE,OPTIMAL,OPTIMAL
ASH2L,INFEASIBLE,OPTIMAL,INFEASIBLE,OPTIMAL
LSM1,OPTIMAL,OPTIMAL,OPTIMAL,OPTIMAL
BAG4,OPTIMAL,OPTIMAL,OPTIMAL,OPTIMAL
DDHD2,INFEASIBLE,OPTIMAL,INFEASIBLE,INFEASIBLE
PLPP5,OPTIMAL,OPTIMAL,OPTIMAL,OPTIMAL
NSD3,INFEASIBLE,OPTIMAL,INFEASIBLE,INFEASIBLE
FGFR1,INFEASIBLE,OPTIMAL,OPTIMAL,OPTIMAL
TACC1,INFEASIBLE,OPTIMAL,OPTIMAL,INFEASIBLE
TM2D2,OPTIMAL,OPTIMAL,OPTIMAL,OPTIMAL
ADAM9,INFEASIBLE,OPTIMAL,INFEASIBLE,INFEASIBLE
SFRP1,OPTIMAL,OPTIMAL,OPTIMAL,OPTIMAL
GOLGA7,OPTIMAL,OPTIMAL,OPTIMAL,OPTIMAL
GINS4,OPTIMAL,OPTIMAL,OPTIMAL,OPTIMAL
GPAT4,INFEASIBLE,OPTIMAL,OPTIMAL,OPTIMAL
KAT6A,INFEASIBLE,OPTIMAL,INFEASIBLE,INFEASIBLE
AP3M2,INFEASIBLE,OPTIMAL,INFEASIBLE,OPTIMAL
PLAT,OPTIMAL,OPTIMAL,OPTIMAL,OPTIMAL
IKBKB,OPTIMAL,OPTIMAL,INFEASIBLE,OPTIMAL
POLB,INFEASIBLE,OPTIMAL,INFEASIBLE,OPTIMAL
VDAC3,OPTIMAL,OPTIMAL,OPTIMAL,OPTIMAL
SLC20A2,INFEASIBLE,OPTIMAL,INFEASIBLE,OPTIMAL
SMIM19,OPTIMAL,OPTIMAL,OPTIMAL,OPTIMAL
THAP1,OPTIMAL,OPTIMAL,OPTIMAL,OPTIMAL
RNF170,OPTIMAL,OPTIMAL,OPTIMAL,OPTIMAL
HOOK3,INFEASIBLE,INFEASIBLE,INFEASIBLE,INFEASIBLE
FNTA,OPTIMAL,OPTIMAL,OPTIMAL,OPTIMAL
POMK,INFEASIBLE,OPTIMAL,INFEASIBLE,INFEASIBLE
HGSNAT,OPTIMAL,OPTIMAL,INFEASIBLE,OPTIMAL
SPIDR,INFEASIBLE,OPTIMAL,INFEASIBLE,INFEASIBLE
CEBPD,INFEASIBLE,OPTIMAL,OPTIMAL,OPTIMAL
PRKDC,INFEASIBLE,OPTIMAL,INFEASIBLE,INFEASIBLE
MCM4,OPTIMAL,OPTIMAL,INFEASIBLE,OPTIMAL
UBE2V2,OPTIMAL,OPTIMAL,OPTIMAL,OPTIMAL
SNAI2,OPTIMAL,OPTIMAL,OPTIMAL,OPTIMAL
PXDNL,INFEASIBLE,INFEASIBLE,INFEASIBLE,OPTIMAL
PCMTD1,OPTIMAL,OPTIMAL,OPTIMAL,OPTIMAL
RB1CC1,INFEASIBLE,OPTIMAL,INFEASIBLE,INFEASIBLE
ATP6V1H,INFEASIBLE,OPTIMAL,INFEASIBLE,OPTIMAL
RGS20,OPTIMAL,OPTIMAL,OPTIMAL,OPTIMAL
TCEA1,INFEASIBLE,OPTIMAL,INFEASIBLE,INFEASIBLE
LYPLA1,OPTIMAL,OPTIMAL,INFEASIBLE,OPTIMAL
MRPL15,OPTIMAL,OPTIMAL,OPTIMAL,OPTIMAL
TMEM68,OPTIMAL,OPTIMAL,OPTIMAL,OPTIMAL
TGS1,INFEASIBLE,OPTIMAL,OPTIMAL,OPTIMAL
LYN,INFEASIBLE,OPTIMAL,INFEASIBLE,INFEASIBLE
RPS20,INFEASIBLE,OPTIMAL,OPTIMAL,INFEASIBLE
PLAG1,OPTIMAL,OPTIMAL,OPTIMAL,OPTIMAL
CHCHD7,OPTIMAL,OPTIMAL,OPTIMAL,OPTIMAL
BPNT2,INFEASIBLE,OPTIMAL,INFEASIBLE,INFEASIBLE
FAM110B,OPTIMAL,OPTIMAL,OPTIMAL,OPTIMAL
UBXN2B,INFEASIBLE,OPTIMAL,INFEASIBLE,OPTIMAL
SDCBP,INFEASIBLE,OPTIMAL,OPTIMAL,INFEASIBLE
NSMAF,INFEASIBLE,OPTIMAL,INFEASIBLE,INFEASIBLE
TOX,OPTIMAL,INFEASIBLE,OPTIMAL,OPTIMAL
CA8,OPTIMAL,OPTIMAL,OPTIMAL,OPTIMAL
RAB2A,INFEASIBLE,OPTIMAL,INFEASIBLE,OPTIMAL
CHD7,INFEASIBLE,OPTIMAL,INFEASIBLE,INFEASIBLE
ASPH,INFEASIBLE,OPTIMAL,INFEASIBLE,INFEASIBLE
NKAIN3,INFEASIBLE,OPTIMAL,INFEASIBLE,OPTIMAL
GGH,OPTIMAL,OPTIMAL,OPTIMAL,OPTIMAL
YTHDF3,INFEASIBLE,OPTIMAL,INFEASIBLE,INFEASIBLE
CYP7B1,INFEASIBLE,INFEASIBLE,INFEASIBLE,INFEASIBLE
ARMC1,INFEASIBLE,OPTIMAL,OPTIMAL,OPTIMAL
MTFR1,INFEASIBLE,OPTIMAL,INFEASIBLE,OPTIMAL
PDE7A,INFEASIBLE,OPTIMAL,INFEASIBLE,INFEASIBLE
RRS1,INFEASIBLE,OPTIMAL,INFEASIBLE,INFEASIBLE
MYBL1,INFEASIBLE,OPTIMAL,INFEASIBLE,OPTIMAL
VCPIP1,OPTIMAL,OPTIMAL,OPTIMAL,OPTIMAL
SGK3,OPTIMAL,OPTIMAL,INFEASIBLE,OPTIMAL
COPS5,OPTIMAL,OPTIMAL,OPTIMAL,OPTIMAL
CSPP1,INFEASIBLE,OPTIMAL,INFEASIBLE,INFEASIBLE
ARFGEF1,INFEASIBLE,OPTIMAL,INFEASIBLE,OPTIMAL
PREX2,INFEASIBLE,OPTIMAL,INFEASIBLE,INFEASIBLE
C8orf34,OPTIMAL,OPTIMAL,OPTIMAL,OPTIMAL
SLCO5A1,INFEASIBLE,OPTIMAL,INFEASIBLE,OPTIMAL
NCOA2,INFEASIBLE,OPTIMAL,INFEASIBLE,INFEASIBLE
TRAM1,INFEASIBLE,OPTIMAL,INFEASIBLE,INFEASIBLE
LACTB2,OPTIMAL,INFEASIBLE,OPTIMAL,OPTIMAL
EYA1,OPTIMAL,INFEASIBLE,OPTIMAL,OPTIMAL
KCNB2,INFEASIBLE,OPTIMAL,INFEASIBLE,INFEASIBLE
TERF1,INFEASIBLE,OPTIMAL,OPTIMAL,INFEASIBLE
RPL7,OPTIMAL,OPTIMAL,OPTIMAL,OPTIMAL
RDH10,OPTIMAL,INFEASIBLE,OPTIMAL,OPTIMAL
STAU2,INFEASIBLE,OPTIMAL,INFEASIBLE,INFEASIBLE
UBE2W,OPTIMAL,OPTIMAL,OPTIMAL,OPTIMAL
ELOC,OPTIMAL,OPTIMAL,OPTIMAL,OPTIMAL
TMEM70,OPTIMAL,OPTIMAL,OPTIMAL,OPTIMAL
JPH1,INFEASIBLE,OPTIMAL,INFEASIBLE,INFEASIBLE
GDAP1,INFEASIBLE,OPTIMAL,INFEASIBLE,OPTIMAL
CRISPLD1,INFEASIBLE,OPTIMAL,INFEASIBLE,OPTIMAL
HNF4G,OPTIMAL,OPTIMAL,OPTIMAL,OPTIMAL
ZFHX4,INFEASIBLE,OPTIMAL,INFEASIBLE,INFEASIBLE
PEX2,OPTIMAL,OPTIMAL,OPTIMAL,OPTIMAL
PKIA,OPTIMAL,OPTIMAL,INFEASIBLE,OPTIMAL
ZC2HC1A,OPTIMAL,OPTIMAL,OPTIMAL,OPTIMAL
HEY1,OPTIMAL,OPTIMAL,OPTIMAL,OPTIMAL
MRPS28,OPTIMAL,OPTIMAL,OPTIMAL,OPTIMAL
TPD52,INFEASIBLE,OPTIMAL,INFEASIBLE,INFEASIBLE
ZBTB10,INFEASIBLE,OPTIMAL,INFEASIBLE,INFEASIBLE
ZNF704,INFEASIBLE,OPTIMAL,INFEASIBLE,INFEASIBLE
PAG1,INFEASIBLE,OPTIMAL,INFEASIBLE,INFEASIBLE
FABP5,OPTIMAL,INFEASIBLE,OPTIMAL,OPTIMAL
IMPA1,INFEASIBLE,OPTIMAL,INFEASIBLE,OPTIMAL
ZFAND1,OPTIMAL,OPTIMAL,OPTIMAL,OPTIMAL
LRRCC1,OPTIMAL,OPTIMAL,OPTIMAL,OPTIMAL
E2F5,INFEASIBLE,OPTIMAL,INFEASIBLE,OPTIMAL
RBIS,INFEASIBLE,INFEASIBLE,OPTIMAL,OPTIMAL
CA13,OPTIMAL,OPTIMAL,OPTIMAL,OPTIMAL
CA2,OPTIMAL,INFEASIBLE,OPTIMAL,OPTIMAL
WWP1,INFEASIBLE,OPTIMAL,INFEASIBLE,INFEASIBLE
RMDN1,OPTIMAL,OPTIMAL,OPTIMAL,OPTIMAL
CPNE3,INFEASIBLE,OPTIMAL,OPTIMAL,OPTIMAL
MMP16,INFEASIBLE,OPTIMAL,INFEASIBLE,INFEASIBLE
RIPK2,OPTIMAL,OPTIMAL,OPTIMAL,OPTIMAL
OSGIN2,INFEASIBLE,OPTIMAL,OPTIMAL,OPTIMAL
NBN,INFEASIBLE,OPTIMAL,INFEASIBLE,INFEASIBLE
DECR1,OPTIMAL,OPTIMAL,OPTIMAL,OPTIMAL
TMEM64,INFEASIBLE,OPTIMAL,OPTIMAL,OPTIMAL
NECAB1,OPTIMAL,OPTIMAL,OPTIMAL,OPTIMAL
C8orf88,OPTIMAL,OPTIMAL,OPTIMAL,OPTIMAL
OTUD6B,INFEASIBLE,OPTIMAL,INFEASIBLE,INFEASIBLE
LRRC69,OPTIMAL,INFEASIBLE,OPTIMAL,OPTIMAL
RUNX1T1,INFEASIBLE,OPTIMAL,INFEASIBLE,OPTIMAL
TRIQK,INFEASIBLE,OPTIMAL,INFEASIBLE,OPTIMAL
CIBAR1,OPTIMAL,OPTIMAL,OPTIMAL,OPTIMAL
RBM12B,INFEASIBLE,OPTIMAL,INFEASIBLE,INFEASIBLE
TMEM67,INFEASIBLE,OPTIMAL,OPTIMAL,OPTIMAL
RAD54B,INFEASIBLE,OPTIMAL,INFEASIBLE,INFEASIBLE
VIRMA,INFEASIBLE,OPTIMAL,INFEASIBLE,INFEASIBLE
ESRP1,INFEASIBLE,INFEASIBLE,INFEASIBLE,INFEASIBLE
DPY19L4,INFEASIBLE,OPTIMAL,INFEASIBLE,OPTIMAL
INTS8,INFEASIBLE,OPTIMAL,INFEASIBLE,INFEASIBLE
CCNE2,OPTIMAL,OPTIMAL,OPTIMAL,OPTIMAL
NDUFAF6,OPTIMAL,OPTIMAL,OPTIMAL,OPTIMAL
PLEKHF2,INFEASIBLE,OPTIMAL,OPTIMAL,OPTIMAL
UQCRB,OPTIMAL,OPTIMAL,OPTIMAL,OPTIMAL
MTERF3,OPTIMAL,OPTIMAL,OPTIMAL,OPTIMAL
PTDSS1,OPTIMAL,OPTIMAL,INFEASIBLE,OPTIMAL
SDC2,INFEASIBLE,OPTIMAL,INFEASIBLE,OPTIMAL
MTDH,INFEASIBLE,OPTIMAL,INFEASIBLE,INFEASIBLE
LAPTM4B,INFEASIBLE,OPTIMAL,OPTIMAL,OPTIMAL
RPL30,OPTIMAL,OPTIMAL,OPTIMAL,OPTIMAL
ERICH5,OPTIMAL,OPTIMAL,OPTIMAL,OPTIMAL
RIDA,OPTIMAL,OPTIMAL,OPTIMAL,OPTIMAL
POP1,INFEASIBLE,OPTIMAL,INFEASIBLE,INFEASIBLE
STK3,INFEASIBLE,OPTIMAL,INFEASIBLE,INFEASIBLE
VPS13B,INFEASIBLE,OPTIMAL,INFEASIBLE,INFEASIBLE
COX6C,OPTIMAL,OPTIMAL,OPTIMAL,OPTIMAL
POLR2K,OPTIMAL,INFEASIBLE,OPTIMAL,OPTIMAL
SPAG1,INFEASIBLE,OPTIMAL,OPTIMAL,OPTIMAL
RNF19A,INFEASIBLE,OPTIMAL,INFEASIBLE,OPTIMAL
ANKRD46,INFEASIBLE,OPTIMAL,OPTIMAL,INFEASIBLE
PABPC1,INFEASIBLE,OPTIMAL,INFEASIBLE,INFEASIBLE
YWHAZ,INFEASIBLE,OPTIMAL,INFEASIBLE,INFEASIBLE
ZNF706,OPTIMAL,OPTIMAL,OPTIMAL,OPTIMAL
NCALD,INFEASIBLE,INFEASIBLE,OPTIMAL,OPTIMAL
RRM2B,INFEASIBLE,OPTIMAL,INFEASIBLE,INFEASIBLE
UBR5,INFEASIBLE,OPTIMAL,INFEASIBLE,INFEASIBLE
AZIN1,INFEASIBLE,OPTIMAL,INFEASIBLE,OPTIMAL
ATP6V1C1,INFEASIBLE,OPTIMAL,INFEASIBLE,OPTIMAL
FZD6,INFEASIBLE,OPTIMAL,INFEASIBLE,INFEASIBLE
SLC25A32,INFEASIBLE,OPTIMAL,INFEASIBLE,INFEASIBLE
DCAF13,OPTIMAL,OPTIMAL,OPTIMAL,OPTIMAL
RIMS2,OPTIMAL,OPTIMAL,OPTIMAL,OPTIMAL
LRP12,INFEASIBLE,OPTIMAL,OPTIMAL,INFEASIBLE
ZFPM2,OPTIMAL,OPTIMAL,INFEASIBLE,OPTIMAL
OXR1,INFEASIBLE,OPTIMAL,INFEASIBLE,OPTIMAL
EIF3E,OPTIMAL,OPTIMAL,OPTIMAL,OPTIMAL
EMC2,OPTIMAL,OPTIMAL,OPTIMAL,OPTIMAL
NUDCD1,INFEASIBLE,OPTIMAL,INFEASIBLE,INFEASIBLE
ENY2,OPTIMAL,INFEASIBLE,OPTIMAL,OPTIMAL
EBAG9,OPTIMAL,OPTIMAL,OPTIMAL,OPTIMAL
SYBU,OPTIMAL,OPTIMAL,OPTIMAL,OPTIMAL
CSMD3,OPTIMAL,OPTIMAL,OPTIMAL,OPTIMAL
TRPS1,INFEASIBLE,OPTIMAL,INFEASIBLE,INFEASIBLE
EIF3H,INFEASIBLE,OPTIMAL,INFEASIBLE,INFEASIBLE
UTP23,OPTIMAL,OPTIMAL,OPTIMAL,OPTIMAL
RAD21,INFEASIBLE,OPTIMAL,INFEASIBLE,INFEASIBLE
MED30,OPTIMAL,OPTIMAL,OPTIMAL,OPTIMAL
EXT1,OPTIMAL,INFEASIBLE,INFEASIBLE,OPTIMAL
SAMD12,INFEASIBLE,OPTIMAL,INFEASIBLE,OPTIMAL
TAF2,INFEASIBLE,OPTIMAL,INFEASIBLE,INFEASIBLE
DSCC1,OPTIMAL,OPTIMAL,OPTIMAL,OPTIMAL
DEPTOR,OPTIMAL,OPTIMAL,OPTIMAL,OPTIMAL
MRPL13,OPTIMAL,INFEASIBLE,OPTIMAL,OPTIMAL
MTBP,INFEASIBLE,OPTIMAL,INFEASIBLE,INFEASIBLE
SNTB1,INFEASIBLE,OPTIMAL,INFEASIBLE,OPTIMAL
HAS2,OPTIMAL,OPTIMAL,OPTIMAL,OPTIMAL
ZHX2,INFEASIBLE,OPTIMAL,INFEASIBLE,OPTIMAL
DERL1,INFEASIBLE,OPTIMAL,OPTIMAL,OPTIMAL
TBC1D31,INFEASIBLE,OPTIMAL,INFEASIBLE,OPTIMAL
C8orf76,INFEASIBLE,OPTIMAL,OPTIMAL,OPTIMAL
ZHX1,INFEASIBLE,OPTIMAL,INFEASIBLE,INFEASIBLE
ATAD2,OPTIMAL,OPTIMAL,INFEASIBLE,OPTIMAL
NTAQ1,OPTIMAL,OPTIMAL,OPTIMAL,OPTIMAL
FBXO32,OPTIMAL,OPTIMAL,OPTIMAL,OPTIMAL
FAM91A1,INFEASIBLE,OPTIMAL,INFEASIBLE,INFEASIBLE
TMEM65,INFEASIBLE,OPTIMAL,INFEASIBLE,INFEASIBLE
TRMT12,OPTIMAL,OPTIMAL,OPTIMAL,OPTIMAL
RNF139,OPTIMAL,OPTIMAL,OPTIMAL,OPTIMAL
TATDN1,OPTIMAL,OPTIMAL,INFEASIBLE,OPTIMAL
NDUFB9,OPTIMAL,OPTIMAL,OPTIMAL,OPTIMAL
MTSS1,OPTIMAL,OPTIMAL,OPTIMAL,OPTIMAL
SQLE,INFEASIBLE,OPTIMAL,INFEASIBLE,INFEASIBLE
WASHC5,INFEASIBLE,OPTIMAL,INFEASIBLE,INFEASIBLE
NSMCE2,INFEASIBLE,OPTIMAL,INFEASIBLE,INFEASIBLE
TRIB1,OPTIMAL,OPTIMAL,OPTIMAL,OPTIMAL
LRATD2,OPTIMAL,OPTIMAL,OPTIMAL,OPTIMAL
MYC,OPTIMAL,OPTIMAL,OPTIMAL,OPTIMAL
CYRIB,INFEASIBLE,OPTIMAL,INFEASIBLE,OPTIMAL
ASAP1,INFEASIBLE,OPTIMAL,INFEASIBLE,INFEASIBLE
EFR3A,INFEASIBLE,OPTIMAL,INFEASIBLE,INFEASIBLE
PHF20L1,INFEASIBLE,OPTIMAL,INFEASIBLE,INFEASIBLE
NDRG1,OPTIMAL,OPTIMAL,OPTIMAL,OPTIMAL
ST3GAL1,OPTIMAL,OPTIMAL,OPTIMAL,OPTIMAL
ZFAT,OPTIMAL,OPTIMAL,INFEASIBLE,OPTIMAL
KHDRBS3,OPTIMAL,OPTIMAL,INFEASIBLE,OPTIMAL
TRAPPC9,INFEASIBLE,OPTIMAL,INFEASIBLE,OPTIMAL
CHRAC1,OPTIMAL,OPTIMAL,OPTIMAL,OPTIMAL
AGO2,INFEASIBLE,OPTIMAL,INFEASIBLE,INFEASIBLE
PTK2,INFEASIBLE,OPTIMAL,INFEASIBLE,INFEASIBLE
SLC45A4,INFEASIBLE,OPTIMAL,INFEASIBLE,OPTIMAL
TSNARE1,OPTIMAL,OPTIMAL,OPTIMAL,OPTIMAL
JRK,INFEASIBLE,OPTIMAL,INFEASIBLE,OPTIMAL
THEM6,OPTIMAL,OPTIMAL,OPTIMAL,OPTIMAL
LY6E,OPTIMAL,OPTIMAL,OPTIMAL,OPTIMAL
TOP1MT,INFEASIBLE,OPTIMAL,INFEASIBLE,INFEASIBLE
ZC3H3,OPTIMAL,OPTIMAL,OPTIMAL,OPTIMAL
NAPRT,OPTIMAL,OPTIMAL,OPTIMAL,OPTIMAL
EEF1D,OPTIMAL,OPTIMAL,OPTIMAL,OPTIMAL
TIGD5,OPTIMAL,OPTIMAL,OPTIMAL,OPTIMAL
PYCR3,OPTIMAL,OPTIMAL,OPTIMAL,OPTIMAL
GFUS,OPTIMAL,OPTIMAL,OPTIMAL,OPTIMAL
ZNF623,INFEASIBLE,OPTIMAL,INFEASIBLE,OPTIMAL
SCRIB,OPTIMAL,OPTIMAL,OPTIMAL,OPTIMAL
PUF60,OPTIMAL,OPTIMAL,OPTIMAL,OPTIMAL
PLEC,INFEASIBLE,OPTIMAL,INFEASIBLE,OPTIMAL
GRINA,OPTIMAL,OPTIMAL,OPTIMAL,OPTIMAL
EXOSC4,OPTIMAL,INFEASIBLE,OPTIMAL,OPTIMAL
GPAA1,OPTIMAL,OPTIMAL,OPTIMAL,OPTIMAL
CYC1,OPTIMAL,INFEASIBLE,OPTIMAL,OPTIMAL
SHARPIN,OPTIMAL,OPTIMAL,OPTIMAL,OPTIMAL
MAF1,OPTIMAL,OPTIMAL,INFEASIBLE,OPTIMAL
HGH1,OPTIMAL,INFEASIBLE,OPTIMAL,OPTIMAL
MROH1,OPTIMAL,OPTIMAL,OPTIMAL,OPTIMAL
BOP1,OPTIMAL,OPTIMAL,INFEASIBLE,OPTIMAL
HSF1,INFEASIBLE,OPTIMAL,OPTIMAL,OPTIMAL
DGAT1,OPTIMAL,OPTIMAL,OPTIMAL,OPTIMAL
SLC52A2,OPTIMAL,OPTIMAL,OPTIMAL,OPTIMAL
FBXL6,OPTIMAL,OPTIMAL,OPTIMAL,OPTIMAL
CPSF1,OPTIMAL,OPTIMAL,INFEASIBLE,OPTIMAL
SLC39A4,OPTIMAL,OPTIMAL,OPTIMAL,OPTIMAL
VPS28,OPTIMAL,OPTIMAL,OPTIMAL,OPTIMAL
TONSL,OPTIMAL,OPTIMAL,INFEASIBLE,OPTIMAL
ZFTRAF1,OPTIMAL,OPTIMAL,OPTIMAL,OPTIMAL
TMEM276,OPTIMAL,OPTIMAL,OPTIMAL,OPTIMAL
PPP1R16A,OPTIMAL,OPTIMAL,OPTIMAL,OPTIMAL
MFSD3,OPTIMAL,OPTIMAL,OPTIMAL,OPTIMAL
RECQL4,OPTIMAL,OPTIMAL,OPTIMAL,OPTIMAL
LRRC14,OPTIMAL,OPTIMAL,OPTIMAL,OPTIMAL
C8orf82,OPTIMAL,OPTIMAL,OPTIMAL,OPTIMAL
ARHGAP39,INFEASIBLE,OPTIMAL,INFEASIBLE,INFEASIBLE
ZNF251,OPTIMAL,OPTIMAL,INFEASIBLE,OPTIMAL
ZNF34,OPTIMAL,OPTIMAL,OPTIMAL,OPTIMAL
RPL8,OPTIMAL,OPTIMAL,OPTIMAL,OPTIMAL
ZNF7,OPTIMAL,OPTIMAL,OPTIMAL,OPTIMAL
COMMD5,OPTIMAL,OPTIMAL,OPTIMAL,OPTIMAL
ZNF250,OPTIMAL,OPTIMAL,OPTIMAL,OPTIMAL
ZNF16,INFEASIBLE,OPTIMAL,INFEASIBLE,OPTIMAL
C8orf33,OPTIMAL,OPTIMAL,OPTIMAL,OPTIMAL
ZNG1A,OPTIMAL,OPTIMAL,OPTIMAL,OPTIMAL
DOCK8,OPTIMAL,OPTIMAL,OPTIMAL,OPTIMAL
KANK1,INFEASIBLE,OPTIMAL,INFEASIBLE,INFEASIBLE
SMARCA2,INFEASIBLE,OPTIMAL,INFEASIBLE,INFEASIBLE
PUM3,INFEASIBLE,OPTIMAL,INFEASIBLE,OPTIMAL
RFX3,INFEASIBLE,OPTIMAL,INFEASIBLE,INFEASIBLE
GLIS3,INFEASIBLE,OPTIMAL,INFEASIBLE,OPTIMAL
SLC1A1,INFEASIBLE,OPTIMAL,INFEASIBLE,OPTIMAL
CDC37L1,INFEASIBLE,OPTIMAL,INFEASIBLE,OPTIMAL
AK3,INFEASIBLE,OPTIMAL,INFEASIBLE,OPTIMAL
RCL1,INFEASIBLE,OPTIMAL,INFEASIBLE,OPTIMAL
JAK2,INFEASIBLE,OPTIMAL,INFEASIBLE,OPTIMAL
PLGRKT,OPTIMAL,INFEASIBLE,OPTIMAL,OPTIMAL
RIC1,INFEASIBLE,OPTIMAL,INFEASIBLE,INFEASIBLE
ERMP1,INFEASIBLE,OPTIMAL,OPTIMAL,OPTIMAL
KIAA2026,INFEASIBLE,OPTIMAL,INFEASIBLE,INFEASIBLE
RANBP6,INFEASIBLE,OPTIMAL,INFEASIBLE,OPTIMAL
UHRF2,OPTIMAL,INFEASIBLE,INFEASIBLE,OPTIMAL
GLDC,INFEASIBLE,OPTIMAL,INFEASIBLE,OPTIMAL
KDM4C,OPTIMAL,OPTIMAL,OPTIMAL,OPTIMAL
DMAC1,OPTIMAL,OPTIMAL,OPTIMAL,OPTIMAL
PTPRD,OPTIMAL,OPTIMAL,INFEASIBLE,OPTIMAL
MPDZ,INFEASIBLE,OPTIMAL,INFEASIBLE,INFEASIBLE
NFIB,INFEASIBLE,OPTIMAL,INFEASIBLE,OPTIMAL
ZDHHC21,INFEASIBLE,OPTIMAL,INFEASIBLE,INFEASIBLE
TTC39B,OPTIMAL,OPTIMAL,OPTIMAL,OPTIMAL
SNAPC3,INFEASIBLE,OPTIMAL,INFEASIBLE,INFEASIBLE
PSIP1,INFEASIBLE,OPTIMAL,INFEASIBLE,INFEASIBLE
CCDC171,INFEASIBLE,OPTIMAL,INFEASIBLE,INFEASIBLE
BNC2,INFEASIBLE,OPTIMAL,INFEASIBLE,OPTIMAL
CNTLN,INFEASIBLE,OPTIMAL,INFEASIBLE,INFEASIBLE
SH3GL2,OPTIMAL,OPTIMAL,OPTIMAL,OPTIMAL
ADAMTSL1,OPTIMAL,OPTIMAL,OPTIMAL,OPTIMAL
RRAGA,OPTIMAL,OPTIMAL,OPTIMAL,OPTIMAL
HAUS6,INFEASIBLE,OPTIMAL,INFEASIBLE,INFEASIBLE
PLIN2,OPTIMAL,OPTIMAL,OPTIMAL,OPTIMAL
DENND4C,INFEASIBLE,OPTIMAL,INFEASIBLE,INFEASIBLE
RPS6,OPTIMAL,INFEASIBLE,OPTIMAL,OPTIMAL
MLLT3,INFEASIBLE,OPTIMAL,INFEASIBLE,INFEASIBLE
FOCAD,INFEASIBLE,OPTIMAL,INFEASIBLE,INFEASIBLE
KLHL9,INFEASIBLE,OPTIMAL,INFEASIBLE,OPTIMAL
MTAP,INFEASIBLE,OPTIMAL,INFEASIBLE,INFEASIBLE
CDKN2A,OPTIMAL,INFEASIBLE,OPTIMAL,OPTIMAL
CDKN2B,OPTIMAL,OPTIMAL,OPTIMAL,OPTIMAL
ELAVL2,INFEASIBLE,OPTIMAL,INFEASIBLE,OPTIMAL
TUSC1,OPTIMAL,OPTIMAL,OPTIMAL,OPTIMAL
CAAP1,INFEASIBLE,OPTIMAL,INFEASIBLE,INFEASIBLE
PLAA,INFEASIBLE,OPTIMAL,INFEASIBLE,OPTIMAL
IFT74,INFEASIBLE,OPTIMAL,INFEASIBLE,OPTIMAL
MOB3B,OPTIMAL,OPTIMAL,OPTIMAL,OPTIMAL
C9orf72,OPTIMAL,OPTIMAL,OPTIMAL,OPTIMAL
LINGO2,OPTIMAL,OPTIMAL,OPTIMAL,OPTIMAL
ACO1,INFEASIBLE,OPTIMAL,INFEASIBLE,OPTIMAL
RIGI,OPTIMAL,INFEASIBLE,OPTIMAL,OPTIMAL
TOPORS,INFEASIBLE,OPTIMAL,OPTIMAL,INFEASIBLE
SMIM27,OPTIMAL,OPTIMAL,OPTIMAL,OPTIMAL
NDUFB6,OPTIMAL,OPTIMAL,OPTIMAL,OPTIMAL
APTX,INFEASIBLE,OPTIMAL,INFEASIBLE,OPTIMAL
DNAJA1,INFEASIBLE,OPTIMAL,INFEASIBLE,INFEASIBLE
SMU1,INFEASIBLE,OPTIMAL,INFEASIBLE,OPTIMAL
B4GALT1,INFEASIBLE,OPTIMAL,OPTIMAL,INFEASIBLE
BAG1,OPTIMAL,OPTIMAL,OPTIMAL,OPTIMAL
CHMP5,INFEASIBLE,OPTIMAL,INFEASIBLE,OPTIMAL
NFX1,INFEASIBLE,OPTIMAL,INFEASIBLE,OPTIMAL
NOL6,INFEASIBLE,OPTIMAL,INFEASIBLE,OPTIMAL
ANKRD18B,INFEASIBLE,OPTIMAL,INFEASIBLE,INFEASIBLE
UBE2R2,INFEASIBLE,OPTIMAL,INFEASIBLE,OPTIMAL
UBAP2,INFEASIBLE,OPTIMAL,INFEASIBLE,INFEASIBLE
DCAF12,INFEASIBLE,OPTIMAL,OPTIMAL,OPTIMAL
UBAP1,INFEASIBLE,OPTIMAL,INFEASIBLE,INFEASIBLE
KIF24,OPTIMAL,OPTIMAL,OPTIMAL,OPTIMAL
NUDT2,OPTIMAL,OPTIMAL,OPTIMAL,OPTIMAL
FAM219A,OPTIMAL,OPTIMAL,OPTIMAL,OPTIMAL
ENHO,OPTIMAL,OPTIMAL,OPTIMAL,OPTIMAL
RPP25L,OPTIMAL,OPTIMAL,OPTIMAL,OPTIMAL
DCTN3,OPTIMAL,OPTIMAL,OPTIMAL,OPTIMAL
SIGMAR1,OPTIMAL,OPTIMAL,OPTIMAL,OPTIMAL
GALT,OPTIMAL,INFEASIBLE,OPTIMAL,OPTIMAL
ENSG00000187186,OPTIMAL,OPTIMAL,OPTIMAL,OPTIMAL
VCP,INFEASIBLE,OPTIMAL,INFEASIBLE,INFEASIBLE
FANCG,OPTIMAL,OPTIMAL,OPTIMAL,OPTIMAL
PIGO,OPTIMAL,OPTIMAL,OPTIMAL,OPTIMAL
STOML2,OPTIMAL,INFEASIBLE,OPTIMAL,OPTIMAL
UNC13B,INFEASIBLE,INFEASIBLE,INFEASIBLE,OPTIMAL
RUSC2,INFEASIBLE,OPTIMAL,INFEASIBLE,OPTIMAL
CCDC107,OPTIMAL,OPTIMAL,OPTIMAL,OPTIMAL
ARHGEF39,INFEASIBLE,OPTIMAL,OPTIMAL,OPTIMAL
TLN1,INFEASIBLE,OPTIMAL,INFEASIBLE,INFEASIBLE
CREB3,OPTIMAL,OPTIMAL,OPTIMAL,OPTIMAL
GBA2,OPTIMAL,INFEASIBLE,OPTIMAL,OPTIMAL
RGP1,OPTIMAL,OPTIMAL,OPTIMAL,OPTIMAL
HINT2,OPTIMAL,OPTIMAL,OPTIMAL,OPTIMAL
RECK,OPTIMAL,OPTIMAL,OPTIMAL,OPTIMAL
GLIPR2,OPTIMAL,OPTIMAL,OPTIMAL,OPTIMAL
CLTA,OPTIMAL,OPTIMAL,OPTIMAL,OPTIMAL
GNE,INFEASIBLE,OPTIMAL,INFEASIBLE,OPTIMAL
RNF38,INFEASIBLE,OPTIMAL,INFEASIBLE,INFEASIBLE
MELK,INFEASIBLE,INFEASIBLE,OPTIMAL,OPTIMAL
ZCCHC7,INFEASIBLE,OPTIMAL,INFEASIBLE,INFEASIBLE
GRHPR,OPTIMAL,INFEASIBLE,OPTIMAL,OPTIMAL
ZBTB5,INFEASIBLE,OPTIMAL,OPTIMAL,OPTIMAL
POLR1E,OPTIMAL,OPTIMAL,OPTIMAL,OPTIMAL
FBXO10,INFEASIBLE,OPTIMAL,INFEASIBLE,OPTIMAL
TOMM5,OPTIMAL,INFEASIBLE,OPTIMAL,OPTIMAL
TRMT10B,OPTIMAL,OPTIMAL,OPTIMAL,OPTIMAL
EXOSC3,OPTIMAL,OPTIMAL,OPTIMAL,OPTIMAL
DCAF10,INFEASIBLE,OPTIMAL,INFEASIBLE,INFEASIBLE
SLC25A51,OPTIMAL,OPTIMAL,OPTIMAL,OPTIMAL
SHB,INFEASIBLE,OPTIMAL,INFEASIBLE,OPTIMAL
ALDH1B1,OPTIMAL,OPTIMAL,OPTIMAL,OPTIMAL
IGFBPL1,OPTIMAL,OPTIMAL,OPTIMAL,OPTIMAL
ANKRD18A,INFEASIBLE,OPTIMAL,INFEASIBLE,INFEASIBLE
CNTNAP3,INFEASIBLE,OPTIMAL,INFEASIBLE,OPTIMAL
ZNG1F,OPTIMAL,OPTIMAL,OPTIMAL,OPTIMAL
CNTNAP3B,OPTIMAL,OPTIMAL,INFEASIBLE,OPTIMAL
ZNG1E,OPTIMAL,OPTIMAL,OPTIMAL,OPTIMAL
ZNG1C,INFEASIBLE,OPTIMAL,OPTIMAL,OPTIMAL
PIP5K1B,INFEASIBLE,OPTIMAL,INFEASIBLE,OPTIMAL
PABIR1,OPTIMAL,OPTIMAL,OPTIMAL,OPTIMAL
FXN,OPTIMAL,OPTIMAL,OPTIMAL,OPTIMAL
TJP2,INFEASIBLE,OPTIMAL,INFEASIBLE,OPTIMAL
PTAR1,INFEASIBLE,OPTIMAL,INFEASIBLE,OPTIMAL
SMC5,INFEASIBLE,OPTIMAL,INFEASIBLE,INFEASIBLE
KLF9,OPTIMAL,OPTIMAL,OPTIMAL,OPTIMAL
TRPM3,INFEASIBLE,INFEASIBLE,INFEASIBLE,INFEASIBLE
CEMIP2,OPTIMAL,OPTIMAL,INFEASIBLE,OPTIMAL
ABHD17B,INFEASIBLE,OPTIMAL,INFEASIBLE,INFEASIBLE
C9orf85,OPTIMAL,OPTIMAL,OPTIMAL,OPTIMAL
ZFAND5,INFEASIBLE,OPTIMAL,OPTIMAL,OPTIMAL
RORB,INFEASIBLE,OPTIMAL,INFEASIBLE,OPTIMAL
TRPM6,OPTIMAL,INFEASIBLE,OPTIMAL,OPTIMAL
C9orf40,OPTIMAL,OPTIMAL,OPTIMAL,OPTIMAL
CARNMT1,INFEASIBLE,OPTIMAL,INFEASIBLE,INFEASIBLE
NMRK1,OPTIMAL,OPTIMAL,OPTIMAL,OPTIMAL
OSTF1,OPTIMAL,INFEASIBLE,OPTIMAL,OPTIMAL
PCSK5,INFEASIBLE,OPTIMAL,INFEASIBLE,OPTIMAL
RFK,INFEASIBLE,OPTIMAL,INFEASIBLE,OPTIMAL
GCNT1,INFEASIBLE,INFEASIBLE,INFEASIBLE,OPTIMAL
VPS13A,INFEASIBLE,OPTIMAL,INFEASIBLE,INFEASIBLE
GNAQ,INFEASIBLE,OPTIMAL,INFEASIBLE,INFEASIBLE
CEP78,INFEASIBLE,OPTIMAL,INFEASIBLE,INFEASIBLE
PSAT1,OPTIMAL,INFEASIBLE,OPTIMAL,OPTIMAL
TLE4,INFEASIBLE,OPTIMAL,INFEASIBLE,OPTIMAL
TLE1,INFEASIBLE,OPTIMAL,INFEASIBLE,INFEASIBLE
RASEF,INFEASIBLE,OPTIMAL,INFEASIBLE,INFEASIBLE
FRMD3,OPTIMAL,OPTIMAL,OPTIMAL,OPTIMAL
UBQLN1,INFEASIBLE,OPTIMAL,INFEASIBLE,INFEASIBLE
GKAP1,OPTIMAL,OPTIMAL,OPTIMAL,OPTIMAL
KIF27,OPTIMAL,OPTIMAL,OPTIMAL,OPTIMAL
C9orf64,INFEASIBLE,OPTIMAL,INFEASIBLE,OPTIMAL
HNRNPK,INFEASIBLE,OPTIMAL,INFEASIBLE,INFEASIBLE
RMI1,OPTIMAL,OPTIMAL,OPTIMAL,OPTIMAL
AGTPBP1,INFEASIBLE,OPTIMAL,INFEASIBLE,INFEASIBLE
NAA35,INFEASIBLE,OPTIMAL,INFEASIBLE,INFEASIBLE
GOLM1,INFEASIBLE,OPTIMAL,INFEASIBLE,INFEASIBLE
ISCA1,OPTIMAL,INFEASIBLE,OPTIMAL,OPTIMAL
TUT7,INFEASIBLE,OPTIMAL,INFEASIBLE,INFEASIBLE
GAS1,OPTIMAL,OPTIMAL,OPTIMAL,OPTIMAL
DAPK1,INFEASIBLE,OPTIMAL,INFEASIBLE,OPTIMAL
CTSL,INFEASIBLE,OPTIMAL,INFEASIBLE,OPTIMAL
SPIN1,INFEASIBLE,OPTIMAL,INFEASIBLE,OPTIMAL
CKS2,OPTIMAL,INFEASIBLE,OPTIMAL,OPTIMAL
SECISBP2,OPTIMAL,OPTIMAL,OPTIMAL,OPTIMAL
SEMA4D,OPTIMAL,OPTIMAL,INFEASIBLE,OPTIMAL
SYK,OPTIMAL,OPTIMAL,INFEASIBLE,OPTIMAL
AUH,INFEASIBLE,OPTIMAL,INFEASIBLE,INFEASIBLE
NFIL3,OPTIMAL,OPTIMAL,OPTIMAL,OPTIMAL
ROR2,OPTIMAL,OPTIMAL,INFEASIBLE,OPTIMAL
SPTLC1,INFEASIBLE,OPTIMAL,INFEASIBLE,INFEASIBLE
IARS1,INFEASIBLE,OPTIMAL,INFEASIBLE,INFEASIBLE
NOL8,INFEASIBLE,OPTIMAL,INFEASIBLE,INFEASIBLE
CENPP,INFEASIBLE,OPTIMAL,INFEASIBLE,INFEASIBLE
OGN,OPTIMAL,OPTIMAL,OPTIMAL,OPTIMAL
ECM2,INFEASIBLE,OPTIMAL,OPTIMAL,OPTIMAL
IPPK,OPTIMAL,OPTIMAL,OPTIMAL,OPTIMAL
BICD2,INFEASIBLE,OPTIMAL,INFEASIBLE,INFEASIBLE
ZNF484,INFEASIBLE,OPTIMAL,INFEASIBLE,OPTIMAL
CARD19,OPTIMAL,OPTIMAL,OPTIMAL,OPTIMAL
NINJ1,OPTIMAL,INFEASIBLE,OPTIMAL,OPTIMAL
WNK2,INFEASIBLE,OPTIMAL,INFEASIBLE,INFEASIBLE
FAM120AOS,OPTIMAL,OPTIMAL,OPTIMAL,OPTIMAL
FAM120A,INFEASIBLE,OPTIMAL,INFEASIBLE,INFEASIBLE
PHF2,INFEASIBLE,OPTIMAL,OPTIMAL,INFEASIBLE
BARX1,OPTIMAL,INFEASIBLE,OPTIMAL,OPTIMAL
PTPDC1,INFEASIBLE,OPTIMAL,INFEASIBLE,OPTIMAL
ZNF169,OPTIMAL,OPTIMAL,OPTIMAL,OPTIMAL
MFSD14B,INFEASIBLE,OPTIMAL,INFEASIBLE,INFEASIBLE
AOPEP,INFEASIBLE,OPTIMAL,INFEASIBLE,INFEASIBLE
FANCC,INFEASIBLE,OPTIMAL,INFEASIBLE,OPTIMAL
PTCH1,OPTIMAL,OPTIMAL,INFEASIBLE,OPTIMAL
ERCC6L2,INFEASIBLE,OPTIMAL,INFEASIBLE,INFEASIBLE
ZNF367,OPTIMAL,INFEASIBLE,OPTIMAL,OPTIMAL
HABP4,INFEASIBLE,OPTIMAL,INFEASIBLE,INFEASIBLE
CDC14B,INFEASIBLE,OPTIMAL,INFEASIBLE,OPTIMAL
PRXL2C,OPTIMAL,OPTIMAL,OPTIMAL,OPTIMAL
ZNF782,INFEASIBLE,OPTIMAL,INFEASIBLE,INFEASIBLE
CTSV,INFEASIBLE,OPTIMAL,OPTIMAL,OPTIMAL
TDRD7,INFEASIBLE,OPTIMAL,INFEASIBLE,INFEASIBLE
TMOD1,OPTIMAL,OPTIMAL,OPTIMAL,OPTIMAL
TSTD2,OPTIMAL,OPTIMAL,INFEASIBLE,OPTIMAL
NCBP1,INFEASIBLE,OPTIMAL,INFEASIBLE,INFEASIBLE
XPA,OPTIMAL,INFEASIBLE,OPTIMAL,OPTIMAL
TRMO,OPTIMAL,OPTIMAL,OPTIMAL,OPTIMAL
ANP32B,INFEASIBLE,OPTIMAL,INFEASIBLE,INFEASIBLE
NANS,OPTIMAL,OPTIMAL,OPTIMAL,OPTIMAL
TRIM14,INFEASIBLE,OPTIMAL,INFEASIBLE,OPTIMAL
CORO2A,OPTIMAL,OPTIMAL,OPTIMAL,OPTIMAL
GABBR2,INFEASIBLE,INFEASIBLE,OPTIMAL,INFEASIBLE
ANKS6,OPTIMAL,OPTIMAL,OPTIMAL,OPTIMAL
GALNT12,OPTIMAL,OPTIMAL,OPTIMAL,OPTIMAL
TGFBR1,INFEASIBLE,OPTIMAL,INFEASIBLE,OPTIMAL
ALG2,INFEASIBLE,OPTIMAL,OPTIMAL,OPTIMAL
SEC61B,OPTIMAL,INFEASIBLE,OPTIMAL,OPTIMAL
STX17,INFEASIBLE,OPTIMAL,OPTIMAL,OPTIMAL
ERP44,INFEASIBLE,OPTIMAL,INFEASIBLE,INFEASIBLE
INVS,INFEASIBLE,OPTIMAL,INFEASIBLE,INFEASIBLE
TEX10,INFEASIBLE,OPTIMAL,INFEASIBLE,INFEASIBLE
MSANTD3,OPTIMAL,OPTIMAL,OPTIMAL,OPTIMAL
TMEFF1,INFEASIBLE,OPTIMAL,INFEASIBLE,INFEASIBLE
MRPL50,OPTIMAL,OPTIMAL,OPTIMAL,OPTIMAL
ZNF189,INFEASIBLE,OPTIMAL,INFEASIBLE,INFEASIBLE
PGAP4,OPTIMAL,INFEASIBLE,OPTIMAL,OPTIMAL
RNF20,INFEASIBLE,OPTIMAL,INFEASIBLE,INFEASIBLE
SMC2,INFEASIBLE,OPTIMAL,INFEASIBLE,INFEASIBLE
NIPSNAP3A,OPTIMAL,OPTIMAL,OPTIMAL,OPTIMAL
SLC44A1,OPTIMAL,OPTIMAL,INFEASIBLE,OPTIMAL
FSD1L,INFEASIBLE,OPTIMAL,INFEASIBLE,INFEASIBLE
FKTN,INFEASIBLE,OPTIMAL,INFEASIBLE,OPTIMAL
TMEM38B,INFEASIBLE,OPTIMAL,INFEASIBLE,INFEASIBLE
ZNF462,OPTIMAL,OPTIMAL,OPTIMAL,OPTIMAL
RAD23B,INFEASIBLE,OPTIMAL,INFEASIBLE,INFEASIBLE
ELP1,INFEASIBLE,OPTIMAL,INFEASIBLE,INFEASIBLE
ABITRAM,OPTIMAL,OPTIMAL,OPTIMAL,OPTIMAL
CTNNAL1,OPTIMAL,OPTIMAL,INFEASIBLE,OPTIMAL
TMEM245,INFEASIBLE,OPTIMAL,INFEASIBLE,INFEASIBLE
EPB41L4B,OPTIMAL,OPTIMAL,OPTIMAL,OPTIMAL
PTPN3,OPTIMAL,OPTIMAL,OPTIMAL,OPTIMAL
PALM2AKAP2,INFEASIBLE,OPTIMAL,INFEASIBLE,OPTIMAL
TXN,OPTIMAL,INFEASIBLE,OPTIMAL,OPTIMAL
LPAR1,INFEASIBLE,OPTIMAL,INFEASIBLE,OPTIMAL
ECPAS,INFEASIBLE,OPTIMAL,INFEASIBLE,INFEASIBLE
ZNF483,OPTIMAL,OPTIMAL,OPTIMAL,OPTIMAL
DNAJC25,INFEASIBLE,OPTIMAL,INFEASIBLE,INFEASIBLE
GNG10,OPTIMAL,OPTIMAL,OPTIMAL,OPTIMAL
UGCG,OPTIMAL,OPTIMAL,OPTIMAL,OPTIMAL
SUSD1,OPTIMAL,OPTIMAL,OPTIMAL,OPTIMAL
PTBP3,INFEASIBLE,OPTIMAL,INFEASIBLE,INFEASIBLE
HSDL2,OPTIMAL,OPTIMAL,INFEASIBLE,OPTIMAL
KIAA1958,INFEASIBLE,OPTIMAL,INFEASIBLE,INFEASIBLE
INIP,OPTIMAL,OPTIMAL,OPTIMAL,OPTIMAL
SNX30,INFEASIBLE,OPTIMAL,INFEASIBLE,INFEASIBLE
ZNF883,OPTIMAL,OPTIMAL,OPTIMAL,OPTIMAL
FKBP15,INFEASIBLE,OPTIMAL,INFEASIBLE,OPTIMAL
SLC31A1,INFEASIBLE,OPTIMAL,INFEASIBLE,OPTIMAL
CDC26,OPTIMAL,OPTIMAL,OPTIMAL,OPTIMAL
PRPF4,INFEASIBLE,OPTIMAL,INFEASIBLE,INFEASIBLE
HDHD3,OPTIMAL,OPTIMAL,OPTIMAL,OPTIMAL
POLE3,INFEASIBLE,OPTIMAL,INFEASIBLE,INFEASIBLE
ZNF618,INFEASIBLE,OPTIMAL,INFEASIBLE,OPTIMAL
COL27A1,INFEASIBLE,OPTIMAL,INFEASIBLE,OPTIMAL
WHRN,INFEASIBLE,OPTIMAL,INFEASIBLE,OPTIMAL
ATP6V1G1,OPTIMAL,OPTIMAL,OPTIMAL,OPTIMAL
TMEM268,OPTIMAL,OPTIMAL,OPTIMAL,OPTIMAL
ASTN2,OPTIMAL,OPTIMAL,OPTIMAL,OPTIMAL
TRIM32,INFEASIBLE,OPTIMAL,INFEASIBLE,OPTIMAL
CDK5RAP2,INFEASIBLE,OPTIMAL,INFEASIBLE,INFEASIBLE
MEGF9,OPTIMAL,OPTIMAL,OPTIMAL,OPTIMAL
FBXW2,INFEASIBLE,OPTIMAL,INFEASIBLE,OPTIMAL
B3GALT9,INFEASIBLE,OPTIMAL,OPTIMAL,OPTIMAL
PSMD5,OPTIMAL,OPTIMAL,OPTIMAL,OPTIMAL
PHF19,OPTIMAL,OPTIMAL,OPTIMAL,OPTIMAL
CNTRL,INFEASIBLE,OPTIMAL,INFEASIBLE,INFEASIBLE
RAB14,INFEASIBLE,OPTIMAL,INFEASIBLE,OPTIMAL
STOM,OPTIMAL,OPTIMAL,OPTIMAL,OPTIMAL
DAB2IP,OPTIMAL,OPTIMAL,OPTIMAL,OPTIMAL
TTLL11,OPTIMAL,OPTIMAL,OPTIMAL,OPTIMAL
NDUFA8,OPTIMAL,OPTIMAL,OPTIMAL,OPTIMAL
RBM18,OPTIMAL,OPTIMAL,OPTIMAL,OPTIMAL
MRRF,INFEASIBLE,OPTIMAL,INFEASIBLE,OPTIMAL
PDCL,INFEASIBLE,OPTIMAL,OPTIMAL,OPTIMAL
RC3H2,INFEASIBLE,OPTIMAL,INFEASIBLE,INFEASIBLE
ZBTB6,INFEASIBLE,OPTIMAL,OPTIMAL,OPTIMAL
RABGAP1,INFEASIBLE,OPTIMAL,INFEASIBLE,INFEASIBLE
STRBP,INFEASIBLE,OPTIMAL,INFEASIBLE,INFEASIBLE
DENND1A,INFEASIBLE,OPTIMAL,INFEASIBLE,INFEASIBLE
NEK6,OPTIMAL,OPTIMAL,OPTIMAL,OPTIMAL
PSMB7,OPTIMAL,OPTIMAL,OPTIMAL,OPTIMAL
NR6A1,INFEASIBLE,OPTIMAL,INFEASIBLE,INFEASIBLE
RPL35,INFEASIBLE,INFEASIBLE,INFEASIBLE,INFEASIBLE
ARPC5L,OPTIMAL,OPTIMAL,OPTIMAL,OPTIMAL
GOLGA1,INFEASIBLE,OPTIMAL,INFEASIBLE,OPTIMAL
SCAI,INFEASIBLE,OPTIMAL,INFEASIBLE,OPTIMAL
PPP6C,OPTIMAL,OPTIMAL,OPTIMAL,OPTIMAL
RABEPK,OPTIMAL,OPTIMAL,OPTIMAL,OPTIMAL
HSPA5,INFEASIBLE,OPTIMAL,INFEASIBLE,INFEASIBLE
GAPVD1,INFEASIBLE,OPTIMAL,INFEASIBLE,OPTIMAL
MAPKAP1,INFEASIBLE,OPTIMAL,INFEASIBLE,INFEASIBLE
PBX3,INFEASIBLE,OPTIMAL,INFEASIBLE,INFEASIBLE
MVB12B,INFEASIBLE,OPTIMAL,INFEASIBLE,OPTIMAL
LMX1B,OPTIMAL,OPTIMAL,OPTIMAL,OPTIMAL
ZBTB43,OPTIMAL,OPTIMAL,OPTIMAL,OPTIMAL
RALGPS1,OPTIMAL,INFEASIBLE,OPTIMAL,OPTIMAL
GARNL3,INFEASIBLE,OPTIMAL,INFEASIBLE,OPTIMAL
SLC2A8,OPTIMAL,OPTIMAL,OPTIMAL,OPTIMAL
ZNF79,OPTIMAL,OPTIMAL,OPTIMAL,OPTIMAL
RPL12,OPTIMAL,INFEASIBLE,OPTIMAL,OPTIMAL
LRSAM1,OPTIMAL,OPTIMAL,OPTIMAL,OPTIMAL
NIBAN2,OPTIMAL,OPTIMAL,OPTIMAL,OPTIMAL
STXBP1,INFEASIBLE,OPTIMAL,INFEASIBLE,OPTIMAL
PTRH1,OPTIMAL,OPTIMAL,OPTIMAL,OPTIMAL
TOR2A,OPTIMAL,OPTIMAL,OPTIMAL,OPTIMAL
CDK9,OPTIMAL,OPTIMAL,OPTIMAL,OPTIMAL
FPGS,OPTIMAL,OPTIMAL,OPTIMAL,OPTIMAL
AK1,OPTIMAL,OPTIMAL,OPTIMAL,OPTIMAL
ST6GALNAC6,OPTIMAL,OPTIMAL,OPTIMAL,OPTIMAL
DPM2,OPTIMAL,OPTIMAL,OPTIMAL,OPTIMAL
EEIG1,OPTIMAL,OPTIMAL,OPTIMAL,OPTIMAL
SLC25A25,OPTIMAL,OPTIMAL,OPTIMAL,OPTIMAL
PTGES2,OPTIMAL,OPTIMAL,OPTIMAL,OPTIMAL
BBLN,OPTIMAL,INFEASIBLE,OPTIMAL,OPTIMAL
CIZ1,OPTIMAL,OPTIMAL,OPTIMAL,OPTIMAL
DNM1,OPTIMAL,OPTIMAL,OPTIMAL,OPTIMAL
GOLGA2,OPTIMAL,OPTIMAL,OPTIMAL,OPTIMAL
SWI5,OPTIMAL,OPTIMAL,OPTIMAL,OPTIMAL
TRUB2,OPTIMAL,OPTIMAL,OPTIMAL,OPTIMAL
COQ4,OPTIMAL,OPTIMAL,OPTIMAL,OPTIMAL
SLC27A4,INFEASIBLE,OPTIMAL,INFEASIBLE,OPTIMAL
URM1,OPTIMAL,OPTIMAL,OPTIMAL,OPTIMAL
CERCAM,OPTIMAL,OPTIMAL,INFEASIBLE,OPTIMAL
ODF2,INFEASIBLE,OPTIMAL,INFEASIBLE,OPTIMAL
GLE1,INFEASIBLE,OPTIMAL,INFEASIBLE,OPTIMAL
SPTAN1,INFEASIBLE,OPTIMAL,INFEASIBLE,INFEASIBLE
DYNC2I2,OPTIMAL,OPTIMAL,OPTIMAL,OPTIMAL
SET,OPTIMAL,INFEASIBLE,OPTIMAL,OPTIMAL
PKN3,OPTIMAL,OPTIMAL,OPTIMAL,OPTIMAL
ZDHHC12,OPTIMAL,OPTIMAL,OPTIMAL,OPTIMAL
ZER1,OPTIMAL,OPTIMAL,OPTIMAL,OPTIMAL
TBC1D13,OPTIMAL,OPTIMAL,OPTIMAL,OPTIMAL
ENDOG,OPTIMAL,OPTIMAL,OPTIMAL,OPTIMAL
SPOUT1,OPTIMAL,OPTIMAL,OPTIMAL,OPTIMAL
KYAT1,OPTIMAL,OPTIMAL,INFEASIBLE,OPTIMAL
LRRC8A,OPTIMAL,OPTIMAL,INFEASIBLE,OPTIMAL
PHYHD1,OPTIMAL,OPTIMAL,OPTIMAL,OPTIMAL
DOLK,OPTIMAL,OPTIMAL,OPTIMAL,OPTIMAL
NUP188,INFEASIBLE,OPTIMAL,INFEASIBLE,OPTIMAL
SH3GLB2,OPTIMAL,OPTIMAL,OPTIMAL,OPTIMAL
MIGA2,OPTIMAL,OPTIMAL,OPTIMAL,OPTIMAL
DOLPP1,OPTIMAL,OPTIMAL,OPTIMAL,OPTIMAL
CRAT,OPTIMAL,OPTIMAL,OPTIMAL,OPTIMAL
PTPA,OPTIMAL,OPTIMAL,OPTIMAL,OPTIMAL
NTMT1,OPTIMAL,OPTIMAL,OPTIMAL,OPTIMAL
ASB6,OPTIMAL,OPTIMAL,OPTIMAL,OPTIMAL
TOR1B,OPTIMAL,OPTIMAL,OPTIMAL,OPTIMAL
TOR1A,INFEASIBLE,OPTIMAL,OPTIMAL,OPTIMAL
C9orf78,INFEASIBLE,OPTIMAL,INFEASIBLE,INFEASIBLE
USP20,OPTIMAL,OPTIMAL,OPTIMAL,OPTIMAL
FNBP1,INFEASIBLE,OPTIMAL,INFEASIBLE,OPTIMAL
GPR107,OPTIMAL,OPTIMAL,OPTIMAL,OPTIMAL
NCS1,INFEASIBLE,OPTIMAL,OPTIMAL,OPTIMAL
ASS1,OPTIMAL,OPTIMAL,OPTIMAL,OPTIMAL
FUBP3,INFEASIBLE,OPTIMAL,INFEASIBLE,INFEASIBLE
EXOSC2,INFEASIBLE,OPTIMAL,INFEASIBLE,OPTIMAL
ABL1,INFEASIBLE,OPTIMAL,INFEASIBLE,OPTIMAL
LAMC3,OPTIMAL,OPTIMAL,OPTIMAL,OPTIMAL
AIF1L,OPTIMAL,OPTIMAL,OPTIMAL,OPTIMAL
NUP214,INFEASIBLE,OPTIMAL,INFEASIBLE,INFEASIBLE
PLPP7,OPTIMAL,INFEASIBLE,OPTIMAL,OPTIMAL
PRRC2B,INFEASIBLE,OPTIMAL,INFEASIBLE,INFEASIBLE
POMT1,OPTIMAL,OPTIMAL,OPTIMAL,OPTIMAL
UCK1,OPTIMAL,OPTIMAL,OPTIMAL,OPTIMAL
RAPGEF1,INFEASIBLE,OPTIMAL,INFEASIBLE,INFEASIBLE
MED27,INFEASIBLE,OPTIMAL,INFEASIBLE,OPTIMAL
SETX,INFEASIBLE,OPTIMAL,INFEASIBLE,INFEASIBLE
TTF1,OPTIMAL,OPTIMAL,OPTIMAL,OPTIMAL
DDX31,INFEASIBLE,OPTIMAL,INFEASIBLE,OPTIMAL
GTF3C4,INFEASIBLE,OPTIMAL,INFEASIBLE,INFEASIBLE
SPACA9,OPTIMAL,OPTIMAL,OPTIMAL,OPTIMAL
TSC1,OPTIMAL,OPTIMAL,OPTIMAL,OPTIMAL
GTF3C5,INFEASIBLE,OPTIMAL,OPTIMAL,OPTIMAL
RALGDS,OPTIMAL,OPTIMAL,OPTIMAL,OPTIMAL
SURF6,OPTIMAL,OPTIMAL,OPTIMAL,OPTIMAL
MED22,OPTIMAL,OPTIMAL,OPTIMAL,OPTIMAL
RPL7A,OPTIMAL,OPTIMAL,OPTIMAL,OPTIMAL
SURF1,OPTIMAL,OPTIMAL,OPTIMAL,OPTIMAL
SURF2,OPTIMAL,INFEASIBLE,OPTIMAL,OPTIMAL
SURF4,OPTIMAL,OPTIMAL,INFEASIBLE,OPTIMAL
REXO4,INFEASIBLE,OPTIMAL,INFEASIBLE,OPTIMAL
ADAMTS13,OPTIMAL,OPTIMAL,OPTIMAL,OPTIMAL
VAV2,INFEASIBLE,OPTIMAL,INFEASIBLE,INFEASIBLE
BRD3OS,OPTIMAL,OPTIMAL,OPTIMAL,OPTIMAL
BRD3,OPTIMAL,OPTIMAL,OPTIMAL,OPTIMAL
WDR5,OPTIMAL,INFEASIBLE,OPTIMAL,OPTIMAL
RXRA,OPTIMAL,OPTIMAL,OPTIMAL,OPTIMAL
PIERCE1,OPTIMAL,OPTIMAL,OPTIMAL,OPTIMAL
MRPS2,OPTIMAL,OPTIMAL,OPTIMAL,OPTIMAL
CAMSAP1,INFEASIBLE,OPTIMAL,INFEASIBLE,INFEASIBLE
UBAC1,OPTIMAL,OPTIMAL,OPTIMAL,OPTIMAL
NACC2,OPTIMAL,OPTIMAL,OPTIMAL,OPTIMAL
TMEM250,OPTIMAL,OPTIMAL,OPTIMAL,OPTIMAL
QSOX2,INFEASIBLE,OPTIMAL,OPTIMAL,OPTIMAL
GPSM1,OPTIMAL,OPTIMAL,OPTIMAL,OPTIMAL
DNLZ,OPTIMAL,OPTIMAL,OPTIMAL,OPTIMAL
SNAPC4,OPTIMAL,OPTIMAL,OPTIMAL,OPTIMAL
ENTR1,INFEASIBLE,OPTIMAL,OPTIMAL,OPTIMAL
PMPCA,INFEASIBLE,OPTIMAL,OPTIMAL,OPTIMAL
INPP5E,OPTIMAL,OPTIMAL,OPTIMAL,OPTIMAL
SEC16A,OPTIMAL,OPTIMAL,OPTIMAL,OPTIMAL
EGFL7,OPTIMAL,OPTIMAL,OPTIMAL,OPTIMAL
AGPAT2,OPTIMAL,OPTIMAL,OPTIMAL,OPTIMAL
DIPK1B,OPTIMAL,OPTIMAL,OPTIMAL,OPTIMAL
TMEM141,OPTIMAL,OPTIMAL,OPTIMAL,OPTIMAL
RABL6,OPTIMAL,OPTIMAL,OPTIMAL,OPTIMAL
PHPT1,INFEASIBLE,OPTIMAL,OPTIMAL,OPTIMAL
EDF1,OPTIMAL,INFEASIBLE,OPTIMAL,OPTIMAL
TRAF2,OPTIMAL,OPTIMAL,OPTIMAL,OPTIMAL
FBXW5,OPTIMAL,OPTIMAL,OPTIMAL,OPTIMAL
PAXX,OPTIMAL,OPTIMAL,OPTIMAL,OPTIMAL
NPDC1,OPTIMAL,OPTIMAL,OPTIMAL,OPTIMAL
SAPCD2,OPTIMAL,OPTIMAL,OPTIMAL,OPTIMAL
MAN1B1,OPTIMAL,OPTIMAL,OPTIMAL,OPTIMAL
SSNA1,OPTIMAL,OPTIMAL,OPTIMAL,OPTIMAL
TPRN,OPTIMAL,OPTIMAL,OPTIMAL,OPTIMAL
TMEM203,OPTIMAL,OPTIMAL,OPTIMAL,OPTIMAL
NDOR1,INFEASIBLE,OPTIMAL,INFEASIBLE,INFEASIBLE
TUBB4B,OPTIMAL,INFEASIBLE,OPTIMAL,OPTIMAL
NELFB,OPTIMAL,OPTIMAL,OPTIMAL,OPTIMAL
NRARP,OPTIMAL,OPTIMAL,OPTIMAL,OPTIMAL
EXD3,OPTIMAL,OPTIMAL,OPTIMAL,OPTIMAL
NOXA1,OPTIMAL,OPTIMAL,OPTIMAL,OPTIMAL
NSMF,OPTIMAL,OPTIMAL,OPTIMAL,OPTIMAL
MRPL41,INFEASIBLE,OPTIMAL,OPTIMAL,OPTIMAL
DPH7,OPTIMAL,OPTIMAL,OPTIMAL,OPTIMAL
ZMYND19,OPTIMAL,OPTIMAL,OPTIMAL,OPTIMAL
ARRDC1,OPTIMAL,OPTIMAL,OPTIMAL,OPTIMAL
EHMT1,INFEASIBLE,OPTIMAL,INFEASIBLE,INFEASIBLE
ZMYND11,INFEASIBLE,OPTIMAL,INFEASIBLE,INFEASIBLE
DIP2C,INFEASIBLE,OPTIMAL,INFEASIBLE,INFEASIBLE
LARP4B,INFEASIBLE,OPTIMAL,INFEASIBLE,INFEASIBLE
GTPBP4,INFEASIBLE,OPTIMAL,INFEASIBLE,INFEASIBLE
IDI1,OPTIMAL,OPTIMAL,OPTIMAL,OPTIMAL
WDR37,INFEASIBLE,OPTIMAL,INFEASIBLE,INFEASIBLE
PFKP,OPTIMAL,OPTIMAL,OPTIMAL,OPTIMAL
PITRM1,INFEASIBLE,OPTIMAL,OPTIMAL,OPTIMAL
KLF6,OPTIMAL,OPTIMAL,OPTIMAL,OPTIMAL
NET1,INFEASIBLE,OPTIMAL,INFEASIBLE,INFEASIBLE
ASB13,OPTIMAL,OPTIMAL,OPTIMAL,OPTIMAL
TASOR2,INFEASIBLE,OPTIMAL,INFEASIBLE,INFEASIBLE
GDI2,INFEASIBLE,OPTIMAL,INFEASIBLE,INFEASIBLE
ANKRD16,OPTIMAL,OPTIMAL,INFEASIBLE,OPTIMAL
FBH1,INFEASIBLE,OPTIMAL,INFEASIBLE,OPTIMAL
IL2RA,INFEASIBLE,INFEASIBLE,INFEASIBLE,INFEASIBLE
RBM17,INFEASIBLE,OPTIMAL,INFEASIBLE,INFEASIBLE
PFKFB3,INFEASIBLE,OPTIMAL,INFEASIBLE,INFEASIBLE
PRKCQ,OPTIMAL,OPTIMAL,OPTIMAL,OPTIMAL
SFMBT2,INFEASIBLE,OPTIMAL,INFEASIBLE,OPTIMAL
KIN,INFEASIBLE,OPTIMAL,OPTIMAL,OPTIMAL
ATP5F1C,OPTIMAL,OPTIMAL,OPTIMAL,OPTIMAL
TAF3,INFEASIBLE,OPTIMAL,INFEASIBLE,INFEASIBLE
GATA3,OPTIMAL,OPTIMAL,OPTIMAL,OPTIMAL
CELF2,INFEASIBLE,OPTIMAL,INFEASIBLE,INFEASIBLE
USP6NL,INFEASIBLE,OPTIMAL,INFEASIBLE,INFEASIBLE
PROSER2,OPTIMAL,OPTIMAL,OPTIMAL,OPTIMAL
UPF2,INFEASIBLE,OPTIMAL,INFEASIBLE,OPTIMAL
DHTKD1,OPTIMAL,OPTIMAL,OPTIMAL,OPTIMAL
SEC61A2,OPTIMAL,OPTIMAL,OPTIMAL,OPTIMAL
NUDT5,OPTIMAL,OPTIMAL,OPTIMAL,OPTIMAL
CDC123,OPTIMAL,OPTIMAL,INFEASIBLE,OPTIMAL
CAMK1D,OPTIMAL,OPTIMAL,INFEASIBLE,OPTIMAL
CCDC3,OPTIMAL,OPTIMAL,INFEASIBLE,OPTIMAL
OPTN,OPTIMAL,OPTIMAL,OPTIMAL,OPTIMAL
MCM10,INFEASIBLE,OPTIMAL,INFEASIBLE,INFEASIBLE
PHYH,OPTIMAL,OPTIMAL,OPTIMAL,OPTIMAL
SEPHS1,OPTIMAL,OPTIMAL,INFEASIBLE,OPTIMAL
BEND7,INFEASIBLE,OPTIMAL,INFEASIBLE,INFEASIBLE
PRPF18,INFEASIBLE,OPTIMAL,OPTIMAL,OPTIMAL
FRMD4A,OPTIMAL,OPTIMAL,INFEASIBLE,OPTIMAL
FAM107B,OPTIMAL,INFEASIBLE,INFEASIBLE,OPTIMAL
MSANTD7,OPTIMAL,OPTIMAL,OPTIMAL,OPTIMAL
HSPA14,OPTIMAL,OPTIMAL,INFEASIBLE,OPTIMAL
SUV39H2,INFEASIBLE,OPTIMAL,OPTIMAL,OPTIMAL
DCLRE1C,INFEASIBLE,OPTIMAL,OPTIMAL,OPTIMAL
RPP38,OPTIMAL,OPTIMAL,OPTIMAL,OPTIMAL
NMT2,OPTIMAL,OPTIMAL,OPTIMAL,OPTIMAL
FAM171A1,INFEASIBLE,OPTIMAL,INFEASIBLE,OPTIMAL
ITGA8,OPTIMAL,OPTIMAL,OPTIMAL,OPTIMAL
MINDY3,INFEASIBLE,OPTIMAL,INFEASIBLE,OPTIMAL
PTER,OPTIMAL,OPTIMAL,INFEASIBLE,OPTIMAL
RSU1,OPTIMAL,OPTIMAL,OPTIMAL,OPTIMAL
TRDMT1,OPTIMAL,OPTIMAL,OPTIMAL,OPTIMAL
VIM,OPTIMAL,OPTIMAL,OPTIMAL,OPTIMAL
HACD1,OPTIMAL,OPTIMAL,OPTIMAL,OPTIMAL
STAM,INFEASIBLE,OPTIMAL,INFEASIBLE,INFEASIBLE
CACNB2,OPTIMAL,OPTIMAL,INFEASIBLE,OPTIMAL
NSUN6,INFEASIBLE,OPTIMAL,INFEASIBLE,INFEASIBLE
ARL5B,INFEASIBLE,OPTIMAL,INFEASIBLE,INFEASIBLE
PLXDC2,INFEASIBLE,OPTIMAL,INFEASIBLE,INFEASIBLE
NEBL,INFEASIBLE,OPTIMAL,INFEASIBLE,OPTIMAL
SKIDA1,OPTIMAL,OPTIMAL,OPTIMAL,OPTIMAL
MLLT10,OPTIMAL,OPTIMAL,INFEASIBLE,OPTIMAL
DNAJC1,INFEASIBLE,OPTIMAL,INFEASIBLE,OPTIMAL
COMMD3,OPTIMAL,OPTIMAL,OPTIMAL,OPTIMAL
BMI1,INFEASIBLE,OPTIMAL,INFEASIBLE,INFEASIBLE
PIP4K2A,INFEASIBLE,OPTIMAL,INFEASIBLE,INFEASIBLE
ARMC3,OPTIMAL,OPTIMAL,OPTIMAL,OPTIMAL
MSRB2,OPTIMAL,OPTIMAL,OPTIMAL,OPTIMAL
KIAA1217,OPTIMAL,OPTIMAL,OPTIMAL,OPTIMAL
ARHGAP21,INFEASIBLE,OPTIMAL,INFEASIBLE,INFEASIBLE
PRTFDC1,OPTIMAL,INFEASIBLE,INFEASIBLE,OPTIMAL
THNSL1,INFEASIBLE,OPTIMAL,INFEASIBLE,INFEASIBLE
MYO3A,INFEASIBLE,OPTIMAL,INFEASIBLE,OPTIMAL
PDSS1,INFEASIBLE,OPTIMAL,INFEASIBLE,OPTIMAL
ABI1,INFEASIBLE,OPTIMAL,INFEASIBLE,INFEASIBLE
ANKRD26,INFEASIBLE,OPTIMAL,INFEASIBLE,INFEASIBLE
YME1L1,INFEASIBLE,OPTIMAL,INFEASIBLE,INFEASIBLE
MASTL,OPTIMAL,OPTIMAL,INFEASIBLE,OPTIMAL
ACBD5,INFEASIBLE,OPTIMAL,INFEASIBLE,INFEASIBLE
RAB18,INFEASIBLE,OPTIMAL,INFEASIBLE,INFEASIBLE
MKX,OPTIMAL,OPTIMAL,OPTIMAL,OPTIMAL
ODAD2,INFEASIBLE,OPTIMAL,INFEASIBLE,INFEASIBLE
MPP7,INFEASIBLE,OPTIMAL,INFEASIBLE,OPTIMAL
WAC,INFEASIBLE,OPTIMAL,INFEASIBLE,INFEASIBLE
BAMBI,OPTIMAL,OPTIMAL,OPTIMAL,OPTIMAL
SVIL,OPTIMAL,OPTIMAL,INFEASIBLE,OPTIMAL
JCAD,OPTIMAL,OPTIMAL,OPTIMAL,OPTIMAL
MTPAP,OPTIMAL,OPTIMAL,OPTIMAL,OPTIMAL
MAP3K8,OPTIMAL,OPTIMAL,OPTIMAL,OPTIMAL
ZNF438,OPTIMAL,OPTIMAL,OPTIMAL,OPTIMAL
ZEB1,INFEASIBLE,OPTIMAL,INFEASIBLE,INFEASIBLE
ARHGAP12,INFEASIBLE,OPTIMAL,INFEASIBLE,INFEASIBLE
KIF5B,INFEASIBLE,OPTIMAL,INFEASIBLE,INFEASIBLE
EPC1,OPTIMAL,INFEASIBLE,INFEASIBLE,OPTIMAL
CCDC7,OPTIMAL,OPTIMAL,INFEASIBLE,OPTIMAL
ITGB1,INFEASIBLE,OPTIMAL,INFEASIBLE,INFEASIBLE
NRP1,OPTIMAL,OPTIMAL,INFEASIBLE,OPTIMAL
PARD3,INFEASIBLE,OPTIMAL,INFEASIBLE,INFEASIBLE
CUL2,INFEASIBLE,OPTIMAL,INFEASIBLE,INFEASIBLE
CREM,INFEASIBLE,OPTIMAL,OPTIMAL,OPTIMAL
CCNY,INFEASIBLE,OPTIMAL,INFEASIBLE,INFEASIBLE
FZD8,OPTIMAL,OPTIMAL,OPTIMAL,OPTIMAL
ZNF248,INFEASIBLE,OPTIMAL,INFEASIBLE,INFEASIBLE
ZNF33A,INFEASIBLE,OPTIMAL,INFEASIBLE,INFEASIBLE
ZNF37A,INFEASIBLE,OPTIMAL,INFEASIBLE,INFEASIBLE
ZNF33B,INFEASIBLE,OPTIMAL,INFEASIBLE,INFEASIBLE
BMS1,INFEASIBLE,OPTIMAL,INFEASIBLE,INFEASIBLE
CSGALNACT2,INFEASIBLE,OPTIMAL,INFEASIBLE,OPTIMAL
HNRNPF,INFEASIBLE,OPTIMAL,INFEASIBLE,INFEASIBLE
ZNF239,INFEASIBLE,OPTIMAL,OPTIMAL,INFEASIBLE
ZNF485,INFEASIBLE,OPTIMAL,OPTIMAL,OPTIMAL
ZNF32,OPTIMAL,OPTIMAL,OPTIMAL,OPTIMAL
ZNF22,OPTIMAL,OPTIMAL,OPTIMAL,OPTIMAL
MARCHF8,INFEASIBLE,OPTIMAL,INFEASIBLE,INFEASIBLE
ZFAND4,OPTIMAL,OPTIMAL,OPTIMAL,OPTIMAL
WASHC2C,OPTIMAL,INFEASIBLE,INFEASIBLE,OPTIMAL
TIMM23,INFEASIBLE,OPTIMAL,INFEASIBLE,INFEASIBLE
NCOA4,INFEASIBLE,OPTIMAL,INFEASIBLE,INFEASIBLE
FAM25G,INFEASIBLE,INFEASIBLE,INFEASIBLE,INFEASIBLE
MAPK8,INFEASIBLE,OPTIMAL,INFEASIBLE,INFEASIBLE
ARHGAP22,INFEASIBLE,OPTIMAL,INFEASIBLE,OPTIMAL
ERCC6,INFEASIBLE,OPTIMAL,INFEASIBLE,INFEASIBLE
PARG,INFEASIBLE,OPTIMAL,INFEASIBLE,INFEASIBLE
TIMM23B,INFEASIBLE,OPTIMAL,INFEASIBLE,INFEASIBLE
AGAP6,INFEASIBLE,OPTIMAL,INFEASIBLE,OPTIMAL
WASHC2A,INFEASIBLE,OPTIMAL,INFEASIBLE,INFEASIBLE
SGMS1,INFEASIBLE,OPTIMAL,INFEASIBLE,INFEASIBLE
PRKG1,INFEASIBLE,OPTIMAL,INFEASIBLE,INFEASIBLE
CSTF2T,INFEASIBLE,OPTIMAL,INFEASIBLE,INFEASIBLE
PCDH15,OPTIMAL,OPTIMAL,OPTIMAL,OPTIMAL
ZWINT,OPTIMAL,OPTIMAL,OPTIMAL,OPTIMAL
IPMK,INFEASIBLE,OPTIMAL,INFEASIBLE,OPTIMAL
CISD1,OPTIMAL,OPTIMAL,OPTIMAL,OPTIMAL
UBE2D1,INFEASIBLE,OPTIMAL,OPTIMAL,OPTIMAL
TFAM,INFEASIBLE,OPTIMAL,INFEASIBLE,INFEASIBLE
BICC1,INFEASIBLE,OPTIMAL,INFEASIBLE,OPTIMAL
FAM13C,INFEASIBLE,INFEASIBLE,OPTIMAL,OPTIMAL
SLC16A9,INFEASIBLE,OPTIMAL,INFEASIBLE,INFEASIBLE
CCDC6,INFEASIBLE,OPTIMAL,INFEASIBLE,INFEASIBLE
ANK3,INFEASIBLE,OPTIMAL,INFEASIBLE,INFEASIBLE
CDK1,OPTIMAL,OPTIMAL,INFEASIBLE,OPTIMAL
RHOBTB1,OPTIMAL,INFEASIBLE,OPTIMAL,OPTIMAL
ARID5B,INFEASIBLE,OPTIMAL,INFEASIBLE,OPTIMAL
RTKN2,INFEASIBLE,OPTIMAL,INFEASIBLE,OPTIMAL
ADO,OPTIMAL,OPTIMAL,OPTIMAL,OPTIMAL
NRBF2,INFEASIBLE,OPTIMAL,OPTIMAL,OPTIMAL
JMJD1C,INFEASIBLE,OPTIMAL,INFEASIBLE,INFEASIBLE
REEP3,INFEASIBLE,OPTIMAL,INFEASIBLE,INFEASIBLE
CTNNA3,OPTIMAL,INFEASIBLE,INFEASIBLE,OPTIMAL
DNAJC12,OPTIMAL,OPTIMAL,OPTIMAL,OPTIMAL
SIRT1,INFEASIBLE,OPTIMAL,OPTIMAL,OPTIMAL
HERC4,INFEASIBLE,OPTIMAL,INFEASIBLE,INFEASIBLE
PBLD,OPTIMAL,OPTIMAL,OPTIMAL,OPTIMAL
HNRNPH3,INFEASIBLE,OPTIMAL,INFEASIBLE,INFEASIBLE
RUFY2,INFEASIBLE,OPTIMAL,INFEASIBLE,OPTIMAL
DNA2,INFEASIBLE,OPTIMAL,INFEASIBLE,OPTIMAL
SLC25A16,OPTIMAL,OPTIMAL,OPTIMAL,OPTIMAL
TET1,INFEASIBLE,OPTIMAL,INFEASIBLE,OPTIMAL
CCAR1,INFEASIBLE,OPTIMAL,INFEASIBLE,INFEASIBLE
STOX1,OPTIMAL,OPTIMAL,OPTIMAL,OPTIMAL
DDX50,INFEASIBLE,OPTIMAL,INFEASIBLE,INFEASIBLE
DDX21,OPTIMAL,OPTIMAL,OPTIMAL,OPTIMAL
KIFBP,INFEASIBLE,OPTIMAL,INFEASIBLE,INFEASIBLE
VPS26A,INFEASIBLE,OPTIMAL,INFEASIBLE,INFEASIBLE
SUPV3L1,INFEASIBLE,OPTIMAL,INFEASIBLE,INFEASIBLE
HK1,INFEASIBLE,OPTIMAL,INFEASIBLE,INFEASIBLE
TSPAN15,OPTIMAL,OPTIMAL,OPTIMAL,OPTIMAL
FAM241B,OPTIMAL,OPTIMAL,OPTIMAL,OPTIMAL
MACROH2A2,INFEASIBLE,OPTIMAL,INFEASIBLE,OPTIMAL
TYSND1,OPTIMAL,OPTIMAL,OPTIMAL,OPTIMAL
SAR1A,OPTIMAL,OPTIMAL,OPTIMAL,OPTIMAL
PPA1,OPTIMAL,OPTIMAL,INFEASIBLE,OPTIMAL
LRRC20,OPTIMAL,OPTIMAL,OPTIMAL,OPTIMAL
EIF4EBP2,OPTIMAL,OPTIMAL,OPTIMAL,OPTIMAL
PALD1,OPTIMAL,OPTIMAL,INFEASIBLE,OPTIMAL
SGPL1,INFEASIBLE,OPTIMAL,INFEASIBLE,INFEASIBLE
PCBD1,OPTIMAL,INFEASIBLE,OPTIMAL,OPTIMAL
UNC5B,INFEASIBLE,OPTIMAL,INFEASIBLE,OPTIMAL
PSAP,INFEASIBLE,OPTIMAL,INFEASIBLE,OPTIMAL
CHST3,OPTIMAL,OPTIMAL,OPTIMAL,OPTIMAL
ASCC1,INFEASIBLE,OPTIMAL,INFEASIBLE,OPTIMAL
ANAPC16,OPTIMAL,OPTIMAL,OPTIMAL,OPTIMAL
DDIT4,OPTIMAL,INFEASIBLE,OPTIMAL,OPTIMAL
DNAJB12,OPTIMAL,OPTIMAL,OPTIMAL,OPTIMAL
MICU1,INFEASIBLE,OPTIMAL,INFEASIBLE,INFEASIBLE
MCU,INFEASIBLE,OPTIMAL,INFEASIBLE,INFEASIBLE
P4HA1,INFEASIBLE,OPTIMAL,INFEASIBLE,INFEASIBLE
NUDT13,OPTIMAL,OPTIMAL,OPTIMAL,OPTIMAL
ECD,INFEASIBLE,OPTIMAL,INFEASIBLE,INFEASIBLE
FAM149B1,INFEASIBLE,OPTIMAL,INFEASIBLE,OPTIMAL
DNAJC9,INFEASIBLE,OPTIMAL,INFEASIBLE,OPTIMAL
MRPS16,OPTIMAL,OPTIMAL,OPTIMAL,OPTIMAL
ANXA7,OPTIMAL,OPTIMAL,OPTIMAL,OPTIMAL
PPP3CB,INFEASIBLE,OPTIMAL,INFEASIBLE,INFEASIBLE
USP54,INFEASIBLE,OPTIMAL,INFEASIBLE,OPTIMAL
SEC24C,OPTIMAL,OPTIMAL,OPTIMAL,OPTIMAL
FUT11,OPTIMAL,OPTIMAL,OPTIMAL,OPTIMAL
CHCHD1,OPTIMAL,OPTIMAL,OPTIMAL,OPTIMAL
ZSWIM8,OPTIMAL,OPTIMAL,OPTIMAL,OPTIMAL
NDST2,OPTIMAL,OPTIMAL,OPTIMAL,OPTIMAL
CAMK2G,INFEASIBLE,OPTIMAL,INFEASIBLE,OPTIMAL
VCL,INFEASIBLE,OPTIMAL,INFEASIBLE,INFEASIBLE
AP3M1,OPTIMAL,INFEASIBLE,INFEASIBLE,OPTIMAL
ADK,INFEASIBLE,OPTIMAL,INFEASIBLE,INFEASIBLE
KAT6B,INFEASIBLE,OPTIMAL,INFEASIBLE,INFEASIBLE
SAMD8,INFEASIBLE,OPTIMAL,INFEASIBLE,INFEASIBLE
VDAC2,OPTIMAL,OPTIMAL,OPTIMAL,OPTIMAL
COMTD1,OPTIMAL,OPTIMAL,OPTIMAL,OPTIMAL
ZNF503,OPTIMAL,INFEASIBLE,OPTIMAL,OPTIMAL
LRMDA,OPTIMAL,INFEASIBLE,OPTIMAL,OPTIMAL
DLG5,INFEASIBLE,OPTIMAL,INFEASIBLE,OPTIMAL
POLR3A,INFEASIBLE,OPTIMAL,INFEASIBLE,INFEASIBLE
RPS24,OPTIMAL,OPTIMAL,OPTIMAL,OPTIMAL
ZMIZ1,OPTIMAL,OPTIMAL,OPTIMAL,OPTIMAL
PPIF,OPTIMAL,OPTIMAL,OPTIMAL,OPTIMAL
ZCCHC24,OPTIMAL,OPTIMAL,OPTIMAL,OPTIMAL
EIF5AL1,INFEASIBLE,OPTIMAL,OPTIMAL,INFEASIBLE
TMEM254,OPTIMAL,OPTIMAL,OPTIMAL,OPTIMAL
ANXA11,OPTIMAL,OPTIMAL,OPTIMAL,OPTIMAL
PRXL2A,OPTIMAL,OPTIMAL,OPTIMAL,OPTIMAL
TSPAN14,OPTIMAL,INFEASIBLE,OPTIMAL,OPTIMAL
GHITM,INFEASIBLE,OPTIMAL,INFEASIBLE,INFEASIBLE
CCSER2,INFEASIBLE,OPTIMAL,INFEASIBLE,INFEASIBLE
GRID1,INFEASIBLE,OPTIMAL,INFEASIBLE,INFEASIBLE
WAPL,INFEASIBLE,OPTIMAL,INFEASIBLE,INFEASIBLE
BMPR1A,INFEASIBLE,OPTIMAL,INFEASIBLE,INFEASIBLE
GLUD1,INFEASIBLE,OPTIMAL,INFEASIBLE,INFEASIBLE
SHLD2,INFEASIBLE,OPTIMAL,INFEASIBLE,INFEASIBLE
MINPP1,INFEASIBLE,OPTIMAL,INFEASIBLE,OPTIMAL
PAPSS2,OPTIMAL,OPTIMAL,INFEASIBLE,OPTIMAL
ATAD1,INFEASIBLE,OPTIMAL,INFEASIBLE,INFEASIBLE
PTEN,INFEASIBLE,OPTIMAL,INFEASIBLE,INFEASIBLE
STAMBPL1,INFEASIBLE,OPTIMAL,OPTIMAL,OPTIMAL
LIPA,OPTIMAL,OPTIMAL,OPTIMAL,OPTIMAL
IFIT5,OPTIMAL,OPTIMAL,OPTIMAL,OPTIMAL
PANK1,INFEASIBLE,OPTIMAL,INFEASIBLE,OPTIMAL
KIF20B,INFEASIBLE,OPTIMAL,INFEASIBLE,INFEASIBLE
RPP30,OPTIMAL,OPTIMAL,OPTIMAL,OPTIMAL
PCGF5,INFEASIBLE,OPTIMAL,INFEASIBLE,INFEASIBLE
HECTD2,INFEASIBLE,OPTIMAL,INFEASIBLE,INFEASIBLE
TNKS2,INFEASIBLE,OPTIMAL,INFEASIBLE,INFEASIBLE
BTAF1,INFEASIBLE,OPTIMAL,INFEASIBLE,INFEASIBLE
CPEB3,OPTIMAL,OPTIMAL,INFEASIBLE,OPTIMAL
MARCHF5,INFEASIBLE,OPTIMAL,OPTIMAL,OPTIMAL
IDE,INFEASIBLE,OPTIMAL,INFEASIBLE,INFEASIBLE
KIF11,INFEASIBLE,OPTIMAL,INFEASIBLE,INFEASIBLE
EXOC6,INFEASIBLE,OPTIMAL,INFEASIBLE,INFEASIBLE
CEP55,INFEASIBLE,OPTIMAL,INFEASIBLE,INFEASIBLE
FRA10AC1,INFEASIBLE,OPTIMAL,INFEASIBLE,INFEASIBLE
SLC35G1,INFEASIBLE,OPTIMAL,INFEASIBLE,INFEASIBLE
PLCE1,OPTIMAL,OPTIMAL,OPTIMAL,OPTIMAL
NOC3L,INFEASIBLE,OPTIMAL,INFEASIBLE,INFEASIBLE
TBC1D12,INFEASIBLE,OPTIMAL,INFEASIBLE,OPTIMAL
HELLS,OPTIMAL,OPTIMAL,OPTIMAL,OPTIMAL
PDLIM1,OPTIMAL,OPTIMAL,OPTIMAL,OPTIMAL
SORBS1,OPTIMAL,OPTIMAL,OPTIMAL,OPTIMAL
ALDH18A1,INFEASIBLE,OPTIMAL,INFEASIBLE,INFEASIBLE
TCTN3,INFEASIBLE,OPTIMAL,INFEASIBLE,OPTIMAL
CCNJ,INFEASIBLE,OPTIMAL,INFEASIBLE,INFEASIBLE
ZNF518A,INFEASIBLE,OPTIMAL,INFEASIBLE,INFEASIBLE
TM9SF3,INFEASIBLE,OPTIMAL,INFEASIBLE,INFEASIBLE
PIK3AP1,INFEASIBLE,INFEASIBLE,OPTIMAL,OPTIMAL
LCOR,INFEASIBLE,OPTIMAL,INFEASIBLE,INFEASIBLE
ARHGAP19,INFEASIBLE,OPTIMAL,OPTIMAL,OPTIMAL
FRAT2,OPTIMAL,OPTIMAL,OPTIMAL,OPTIMAL
RRP12,OPTIMAL,OPTIMAL,OPTIMAL,OPTIMAL
PGAM1,OPTIMAL,OPTIMAL,OPTIMAL,OPTIMAL
EXOSC1,OPTIMAL,OPTIMAL,OPTIMAL,OPTIMAL
ZDHHC16,OPTIMAL,OPTIMAL,OPTIMAL,OPTIMAL
MMS19,INFEASIBLE,OPTIMAL,INFEASIBLE,OPTIMAL
UBTD1,OPTIMAL,OPTIMAL,OPTIMAL,OPTIMAL
MORN4,OPTIMAL,OPTIMAL,OPTIMAL,OPTIMAL
PI4K2A,OPTIMAL,OPTIMAL,OPTIMAL,OPTIMAL
AVPI1,OPTIMAL,OPTIMAL,OPTIMAL,OPTIMAL
MARVELD1,OPTIMAL,OPTIMAL,OPTIMAL,OPTIMAL
ZFYVE27,OPTIMAL,OPTIMAL,OPTIMAL,OPTIMAL
R3HCC1L,INFEASIBLE,OPTIMAL,INFEASIBLE,INFEASIBLE
HPS1,OPTIMAL,OPTIMAL,OPTIMAL,OPTIMAL
CNNM1,OPTIMAL,OPTIMAL,OPTIMAL,OPTIMAL
GOT1,OPTIMAL,OPTIMAL,OPTIMAL,OPTIMAL
SLC25A28,OPTIMAL,OPTIMAL,OPTIMAL,OPTIMAL
ENTPD7,INFEASIBLE,OPTIMAL,INFEASIBLE,INFEASIBLE
CUTC,OPTIMAL,OPTIMAL,OPTIMAL,OPTIMAL
COX15,INFEASIBLE,OPTIMAL,INFEASIBLE,OPTIMAL
DNMBP,INFEASIBLE,OPTIMAL,INFEASIBLE,OPTIMAL
ERLIN1,INFEASIBLE,OPTIMAL,INFEASIBLE,INFEASIBLE
CHUK,INFEASIBLE,OPTIMAL,INFEASIBLE,INFEASIBLE
CWF19L1,INFEASIBLE,OPTIMAL,INFEASIBLE,OPTIMAL
BLOC1S2,OPTIMAL,OPTIMAL,OPTIMAL,OPTIMAL
SCD,INFEASIBLE,OPTIMAL,INFEASIBLE,INFEASIBLE
NDUFB8,OPTIMAL,OPTIMAL,OPTIMAL,OPTIMAL
HIF1AN,INFEASIBLE,OPTIMAL,OPTIMAL,OPTIMAL
SLF2,INFEASIBLE,OPTIMAL,INFEASIBLE,INFEASIBLE
MRPL43,OPTIMAL,OPTIMAL,OPTIMAL,OPTIMAL
TWNK,INFEASIBLE,OPTIMAL,INFEASIBLE,INFEASIBLE
LZTS2,OPTIMAL,OPTIMAL,OPTIMAL,OPTIMAL
BTRC,INFEASIBLE,OPTIMAL,INFEASIBLE,INFEASIBLE
DPCD,OPTIMAL,OPTIMAL,OPTIMAL,OPTIMAL
POLL,OPTIMAL,OPTIMAL,OPTIMAL,OPTIMAL
FBXW4,INFEASIBLE,OPTIMAL,INFEASIBLE,OPTIMAL
NPM3,OPTIMAL,OPTIMAL,OPTIMAL,OPTIMAL
OGA,INFEASIBLE,OPTIMAL,INFEASIBLE,INFEASIBLE
ARMH3,INFEASIBLE,OPTIMAL,INFEASIBLE,OPTIMAL
HPS6,OPTIMAL,OPTIMAL,OPTIMAL,OPTIMAL
LDB1,OPTIMAL,OPTIMAL,OPTIMAL,OPTIMAL
PPRC1,OPTIMAL,OPTIMAL,OPTIMAL,OPTIMAL
NOLC1,INFEASIBLE,OPTIMAL,INFEASIBLE,INFEASIBLE
GBF1,INFEASIBLE,OPTIMAL,INFEASIBLE,OPTIMAL
FBXL15,OPTIMAL,OPTIMAL,OPTIMAL,OPTIMAL
CUEDC2,OPTIMAL,INFEASIBLE,OPTIMAL,OPTIMAL
C10orf95,OPTIMAL,OPTIMAL,OPTIMAL,OPTIMAL
MFSD13A,OPTIMAL,OPTIMAL,OPTIMAL,OPTIMAL
ACTR1A,OPTIMAL,OPTIMAL,OPTIMAL,OPTIMAL
SUFU,INFEASIBLE,OPTIMAL,INFEASIBLE,OPTIMAL
TRIM8,OPTIMAL,OPTIMAL,OPTIMAL,OPTIMAL
ARL3,OPTIMAL,OPTIMAL,OPTIMAL,OPTIMAL
SFXN2,OPTIMAL,OPTIMAL,OPTIMAL,OPTIMAL
WBP1L,INFEASIBLE,OPTIMAL,INFEASIBLE,OPTIMAL
BORCS7,OPTIMAL,OPTIMAL,OPTIMAL,OPTIMAL
AS3MT,OPTIMAL,OPTIMAL,OPTIMAL,OPTIMAL
CNNM2,INFEASIBLE,OPTIMAL,INFEASIBLE,OPTIMAL
NT5C2,OPTIMAL,OPTIMAL,INFEASIBLE,OPTIMAL
PCGF6,INFEASIBLE,OPTIMAL,INFEASIBLE,INFEASIBLE
TAF5,OPTIMAL,OPTIMAL,OPTIMAL,OPTIMAL
ATP5MK,OPTIMAL,INFEASIBLE,OPTIMAL,OPTIMAL
PDCD11,INFEASIBLE,OPTIMAL,INFEASIBLE,INFEASIBLE
SH3PXD2A,INFEASIBLE,OPTIMAL,INFEASIBLE,OPTIMAL
STN1,OPTIMAL,OPTIMAL,OPTIMAL,OPTIMAL
SLK,INFEASIBLE,OPTIMAL,INFEASIBLE,INFEASIBLE
SFR1,OPTIMAL,OPTIMAL,OPTIMAL,OPTIMAL
GSTO1,OPTIMAL,OPTIMAL,OPTIMAL,OPTIMAL
GSTO2,OPTIMAL,OPTIMAL,OPTIMAL,OPTIMAL
XPNPEP1,OPTIMAL,OPTIMAL,OPTIMAL,OPTIMAL
ADD3,INFEASIBLE,OPTIMAL,INFEASIBLE,OPTIMAL
MXI1,INFEASIBLE,OPTIMAL,INFEASIBLE,INFEASIBLE
SMNDC1,INFEASIBLE,OPTIMAL,OPTIMAL,OPTIMAL
SMC3,INFEASIBLE,OPTIMAL,INFEASIBLE,INFEASIBLE
RBM20,INFEASIBLE,OPTIMAL,INFEASIBLE,OPTIMAL
PDCD4,INFEASIBLE,OPTIMAL,OPTIMAL,INFEASIBLE
BBIP1,OPTIMAL,OPTIMAL,OPTIMAL,OPTIMAL
SHOC2,INFEASIBLE,OPTIMAL,INFEASIBLE,INFEASIBLE
GPAM,INFEASIBLE,OPTIMAL,INFEASIBLE,OPTIMAL
ZDHHC6,OPTIMAL,OPTIMAL,OPTIMAL,OPTIMAL
VTI1A,INFEASIBLE,OPTIMAL,INFEASIBLE,INFEASIBLE
TCF7L2,INFEASIBLE,OPTIMAL,INFEASIBLE,OPTIMAL
CASP7,OPTIMAL,OPTIMAL,OPTIMAL,OPTIMAL
DCLRE1A,INFEASIBLE,OPTIMAL,INFEASIBLE,INFEASIBLE
NHLRC2,INFEASIBLE,OPTIMAL,INFEASIBLE,INFEASIBLE
CCDC186,INFEASIBLE,OPTIMAL,INFEASIBLE,INFEASIBLE
ABLIM1,INFEASIBLE,OPTIMAL,INFEASIBLE,INFEASIBLE
FHIP2A,INFEASIBLE,OPTIMAL,INFEASIBLE,INFEASIBLE
TRUB1,INFEASIBLE,OPTIMAL,INFEASIBLE,INFEASIBLE
ATRNL1,OPTIMAL,OPTIMAL,OPTIMAL,OPTIMAL
HSPA12A,INFEASIBLE,OPTIMAL,INFEASIBLE,OPTIMAL
SHTN1,INFEASIBLE,INFEASIBLE,OPTIMAL,INFEASIBLE
PDZD8,INFEASIBLE,OPTIMAL,INFEASIBLE,INFEASIBLE
EMX2,OPTIMAL,INFEASIBLE,OPTIMAL,OPTIMAL
RAB11FIP2,INFEASIBLE,OPTIMAL,INFEASIBLE,INFEASIBLE
FAM204A,OPTIMAL,OPTIMAL,OPTIMAL,OPTIMAL
CACUL1,INFEASIBLE,OPTIMAL,INFEASIBLE,INFEASIBLE
NANOS1,OPTIMAL,OPTIMAL,OPTIMAL,OPTIMAL
EIF3A,INFEASIBLE,OPTIMAL,INFEASIBLE,INFEASIBLE
DENND10,OPTIMAL,OPTIMAL,OPTIMAL,OPTIMAL
SFXN4,OPTIMAL,OPTIMAL,OPTIMAL,OPTIMAL
PRDX3,OPTIMAL,OPTIMAL,OPTIMAL,OPTIMAL
GRK5,INFEASIBLE,OPTIMAL,INFEASIBLE,OPTIMAL
RGS10,OPTIMAL,INFEASIBLE,OPTIMAL,OPTIMAL
TIAL1,OPTIMAL,OPTIMAL,OPTIMAL,OPTIMAL
BAG3,INFEASIBLE,OPTIMAL,OPTIMAL,OPTIMAL
INPP5F,OPTIMAL,OPTIMAL,OPTIMAL,OPTIMAL
MCMBP,INFEASIBLE,OPTIMAL,INFEASIBLE,INFEASIBLE
SEC23IP,INFEASIBLE,OPTIMAL,INFEASIBLE,OPTIMAL
PLPP4,OPTIMAL,OPTIMAL,OPTIMAL,OPTIMAL
WDR11,INFEASIBLE,OPTIMAL,INFEASIBLE,OPTIMAL
FGFR2,OPTIMAL,INFEASIBLE,OPTIMAL,OPTIMAL
ATE1,INFEASIBLE,OPTIMAL,INFEASIBLE,OPTIMAL
NSMCE4A,OPTIMAL,OPTIMAL,OPTIMAL,OPTIMAL
TACC2,OPTIMAL,OPTIMAL,OPTIMAL,OPTIMAL
PLEKHA1,INFEASIBLE,OPTIMAL,INFEASIBLE,OPTIMAL
C10orf88,INFEASIBLE,OPTIMAL,INFEASIBLE,INFEASIBLE
PSTK,OPTIMAL,OPTIMAL,OPTIMAL,OPTIMAL
IKZF5,INFEASIBLE,OPTIMAL,INFEASIBLE,INFEASIBLE
ACADSB,INFEASIBLE,OPTIMAL,INFEASIBLE,INFEASIBLE
BUB3,OPTIMAL,OPTIMAL,OPTIMAL,OPTIMAL
CHST15,INFEASIBLE,OPTIMAL,OPTIMAL,OPTIMAL
OAT,OPTIMAL,OPTIMAL,OPTIMAL,OPTIMAL
LHPP,OPTIMAL,OPTIMAL,OPTIMAL,OPTIMAL
FAM53B,INFEASIBLE,OPTIMAL,INFEASIBLE,INFEASIBLE
EEF1AKMT2,OPTIMAL,OPTIMAL,OPTIMAL,OPTIMAL
ABRAXAS2,INFEASIBLE,OPTIMAL,OPTIMAL,INFEASIBLE
ZRANB1,INFEASIBLE,OPTIMAL,INFEASIBLE,OPTIMAL
CTBP2,INFEASIBLE,OPTIMAL,INFEASIBLE,INFEASIBLE
EDRF1,INFEASIBLE,OPTIMAL,INFEASIBLE,INFEASIBLE
UROS,OPTIMAL,OPTIMAL,OPTIMAL,OPTIMAL
BCCIP,OPTIMAL,OPTIMAL,INFEASIBLE,OPTIMAL
DHX32,INFEASIBLE,OPTIMAL,INFEASIBLE,INFEASIBLE
DOCK1,INFEASIBLE,OPTIMAL,INFEASIBLE,INFEASIBLE
MKI67,INFEASIBLE,OPTIMAL,INFEASIBLE,INFEASIBLE
EBF3,OPTIMAL,INFEASIBLE,INFEASIBLE,OPTIMAL
GLRX3,OPTIMAL,OPTIMAL,OPTIMAL,OPTIMAL
PPP2R2D,INFEASIBLE,OPTIMAL,INFEASIBLE,INFEASIBLE
BNIP3,OPTIMAL,OPTIMAL,OPTIMAL,OPTIMAL
STK32C,OPTIMAL,OPTIMAL,OPTIMAL,OPTIMAL
INPP5A,INFEASIBLE,OPTIMAL,OPTIMAL,OPTIMAL
TUBGCP2,INFEASIBLE,OPTIMAL,INFEASIBLE,OPTIMAL
ZNF511,OPTIMAL,INFEASIBLE,OPTIMAL,OPTIMAL
FUOM,OPTIMAL,OPTIMAL,OPTIMAL,OPTIMAL
ECHS1,OPTIMAL,OPTIMAL,OPTIMAL,OPTIMAL
MTG1,OPTIMAL,OPTIMAL,OPTIMAL,OPTIMAL
BET1L,OPTIMAL,OPTIMAL,OPTIMAL,OPTIMAL
RIC8A,OPTIMAL,OPTIMAL,OPTIMAL,OPTIMAL
SIRT3,OPTIMAL,OPTIMAL,OPTIMAL,OPTIMAL
PSMD13,OPTIMAL,OPTIMAL,OPTIMAL,OPTIMAL
IFITM2,OPTIMAL,OPTIMAL,OPTIMAL,OPTIMAL
IFITM1,OPTIMAL,OPTIMAL,OPTIMAL,OPTIMAL
SIGIRR,OPTIMAL,INFEASIBLE,OPTIMAL,OPTIMAL
PTDSS2,OPTIMAL,OPTIMAL,OPTIMAL,OPTIMAL
RNH1,OPTIMAL,INFEASIBLE,OPTIMAL,OPTIMAL
HRAS,OPTIMAL,OPTIMAL,OPTIMAL,OPTIMAL
RASSF7,OPTIMAL,OPTIMAL,OPTIMAL,OPTIMAL
PHRF1,INFEASIBLE,OPTIMAL,INFEASIBLE,INFEASIBLE
DEAF1,OPTIMAL,OPTIMAL,OPTIMAL,OPTIMAL
TMEM80,OPTIMAL,OPTIMAL,OPTIMAL,OPTIMAL
TALDO1,OPTIMAL,OPTIMAL,OPTIMAL,OPTIMAL
GATD1,OPTIMAL,OPTIMAL,OPTIMAL,OPTIMAL
SLC25A22,OPTIMAL,OPTIMAL,OPTIMAL,OPTIMAL
RPLP2,OPTIMAL,OPTIMAL,OPTIMAL,OPTIMAL
PNPLA2,OPTIMAL,OPTIMAL,OPTIMAL,OPTIMAL
CD151,OPTIMAL,OPTIMAL,OPTIMAL,OPTIMAL
POLR2L,OPTIMAL,OPTIMAL,OPTIMAL,OPTIMAL
TSPAN4,OPTIMAL,OPTIMAL,OPTIMAL,OPTIMAL
CHID1,OPTIMAL,OPTIMAL,OPTIMAL,OPTIMAL
AP2A2,INFEASIBLE,OPTIMAL,INFEASIBLE,INFEASIBLE
TOLLIP,OPTIMAL,OPTIMAL,OPTIMAL,OPTIMAL
BRSK2,OPTIMAL,OPTIMAL,OPTIMAL,OPTIMAL
MOB2,OPTIMAL,OPTIMAL,OPTIMAL,OPTIMAL
CTSD,OPTIMAL,OPTIMAL,OPTIMAL,OPTIMAL
MRPL23,OPTIMAL,INFEASIBLE,OPTIMAL,OPTIMAL
CD81,OPTIMAL,OPTIMAL,OPTIMAL,OPTIMAL
TSSC4,OPTIMAL,OPTIMAL,OPTIMAL,OPTIMAL
CDKN1C,OPTIMAL,OPTIMAL,OPTIMAL,OPTIMAL
PHLDA2,INFEASIBLE,OPTIMAL,OPTIMAL,OPTIMAL
NAP1L4,INFEASIBLE,OPTIMAL,INFEASIBLE,INFEASIBLE
CARS1,INFEASIBLE,OPTIMAL,INFEASIBLE,OPTIMAL
OSBPL5,OPTIMAL,OPTIMAL,OPTIMAL,OPTIMAL
ZNF195,INFEASIBLE,OPTIMAL,INFEASIBLE,OPTIMAL
ART5,OPTIMAL,OPTIMAL,OPTIMAL,OPTIMAL
NUP98,INFEASIBLE,OPTIMAL,INFEASIBLE,OPTIMAL
PGAP2,OPTIMAL,OPTIMAL,OPTIMAL,OPTIMAL
RHOG,OPTIMAL,OPTIMAL,OPTIMAL,OPTIMAL
STIM1,INFEASIBLE,OPTIMAL,INFEASIBLE,OPTIMAL
RRM1,INFEASIBLE,OPTIMAL,INFEASIBLE,INFEASIBLE
APBB1,INFEASIBLE,OPTIMAL,OPTIMAL,OPTIMAL
ARFIP2,OPTIMAL,OPTIMAL,OPTIMAL,OPTIMAL
TIMM10B,OPTIMAL,OPTIMAL,OPTIMAL,OPTIMAL
DNHD1,INFEASIBLE,OPTIMAL,INFEASIBLE,INFEASIBLE
RRP8,OPTIMAL,OPTIMAL,OPTIMAL,OPTIMAL
ILK,OPTIMAL,OPTIMAL,OPTIMAL,OPTIMAL
TAF10,INFEASIBLE,INFEASIBLE,OPTIMAL,OPTIMAL
MRPL17,OPTIMAL,INFEASIBLE,OPTIMAL,OPTIMAL
ZNF215,INFEASIBLE,OPTIMAL,INFEASIBLE,INFEASIBLE
EIF3F,OPTIMAL,OPTIMAL,OPTIMAL,OPTIMAL
TUB,OPTIMAL,OPTIMAL,OPTIMAL,OPTIMAL
STK33,INFEASIBLE,OPTIMAL,INFEASIBLE,INFEASIBLE
TRIM66,INFEASIBLE,OPTIMAL,INFEASIBLE,OPTIMAL
RPL27A,INFEASIBLE,OPTIMAL,INFEASIBLE,INFEASIBLE
DENND2B,INFEASIBLE,OPTIMAL,INFEASIBLE,OPTIMAL
AKIP1,OPTIMAL,OPTIMAL,OPTIMAL,OPTIMAL
TMEM9B,OPTIMAL,OPTIMAL,OPTIMAL,OPTIMAL
NRIP3,OPTIMAL,OPTIMAL,OPTIMAL,OPTIMAL
DENND5A,INFEASIBLE,OPTIMAL,INFEASIBLE,INFEASIBLE
TMEM41B,INFEASIBLE,OPTIMAL,INFEASIBLE,INFEASIBLE
IPO7,INFEASIBLE,OPTIMAL,INFEASIBLE,INFEASIBLE
ZNF143,INFEASIBLE,OPTIMAL,OPTIMAL,OPTIMAL
WEE1,OPTIMAL,OPTIMAL,INFEASIBLE,OPTIMAL
SWAP70,INFEASIBLE,OPTIMAL,INFEASIBLE,INFEASIBLE
SBF2,INFEASIBLE,OPTIMAL,INFEASIBLE,INFEASIBLE
RNF141,OPTIMAL,OPTIMAL,OPTIMAL,OPTIMAL
CTR9,INFEASIBLE,OPTIMAL,INFEASIBLE,INFEASIBLE
EIF4G2,INFEASIBLE,OPTIMAL,INFEASIBLE,INFEASIBLE
ZBED5,OPTIMAL,OPTIMAL,OPTIMAL,OPTIMAL
GALNT18,INFEASIBLE,OPTIMAL,INFEASIBLE,INFEASIBLE
USP47,INFEASIBLE,OPTIMAL,INFEASIBLE,INFEASIBLE
PARVA,OPTIMAL,OPTIMAL,INFEASIBLE,OPTIMAL
TEAD1,INFEASIBLE,OPTIMAL,INFEASIBLE,INFEASIBLE
BTBD10,INFEASIBLE,OPTIMAL,INFEASIBLE,INFEASIBLE
FAR1,INFEASIBLE,OPTIMAL,INFEASIBLE,INFEASIBLE
SPON1,OPTIMAL,OPTIMAL,OPTIMAL,OPTIMAL
RRAS2,INFEASIBLE,OPTIMAL,INFEASIBLE,INFEASIBLE
COPB1,INFEASIBLE,OPTIMAL,INFEASIBLE,INFEASIBLE
PSMA1,OPTIMAL,OPTIMAL,OPTIMAL,OPTIMAL
PDE3B,INFEASIBLE,OPTIMAL,INFEASIBLE,INFEASIBLE
CYP2R1,OPTIMAL,OPTIMAL,OPTIMAL,OPTIMAL
CALCB,OPTIMAL,OPTIMAL,OPTIMAL,OPTIMAL
SOX6,INFEASIBLE,OPTIMAL,INFEASIBLE,INFEASIBLE
C11orf58,INFEASIBLE,OPTIMAL,INFEASIBLE,INFEASIBLE
PLEKHA7,OPTIMAL,OPTIMAL,INFEASIBLE,OPTIMAL
RPS13,OPTIMAL,INFEASIBLE,OPTIMAL,OPTIMAL
PIK3C2A,INFEASIBLE,OPTIMAL,INFEASIBLE,INFEASIBLE
NUCB2,INFEASIBLE,OPTIMAL,INFEASIBLE,INFEASIBLE
NCR3LG1,INFEASIBLE,OPTIMAL,INFEASIBLE,OPTIMAL
SERGEF,INFEASIBLE,OPTIMAL,INFEASIBLE,INFEASIBLE
SAAL1,INFEASIBLE,OPTIMAL,INFEASIBLE,OPTIMAL
HPS5,INFEASIBLE,OPTIMAL,INFEASIBLE,INFEASIBLE
GTF2H1,INFEASIBLE,OPTIMAL,INFEASIBLE,OPTIMAL
LDHA,OPTIMAL,OPTIMAL,OPTIMAL,OPTIMAL
LDHC,OPTIMAL,INFEASIBLE,OPTIMAL,OPTIMAL
TSG101,INFEASIBLE,OPTIMAL,INFEASIBLE,OPTIMAL
UEVLD,OPTIMAL,OPTIMAL,OPTIMAL,OPTIMAL
MISFA,OPTIMAL,OPTIMAL,OPTIMAL,OPTIMAL
SPTY2D1,INFEASIBLE,OPTIMAL,INFEASIBLE,OPTIMAL
ZDHHC13,INFEASIBLE,OPTIMAL,INFEASIBLE,OPTIMAL
E2F8,OPTIMAL,OPTIMAL,OPTIMAL,OPTIMAL
NAV2,OPTIMAL,OPTIMAL,OPTIMAL,OPTIMAL
HTATIP2,OPTIMAL,OPTIMAL,OPTIMAL,OPTIMAL
PRMT3,INFEASIBLE,OPTIMAL,INFEASIBLE,INFEASIBLE
ANO5,INFEASIBLE,OPTIMAL,INFEASIBLE,INFEASIBLE
SVIP,OPTIMAL,OPTIMAL,OPTIMAL,OPTIMAL
CCDC34,OPTIMAL,OPTIMAL,OPTIMAL,OPTIMAL
LGR4,INFEASIBLE,OPTIMAL,INFEASIBLE,OPTIMAL
LIN7C,INFEASIBLE,OPTIMAL,INFEASIBLE,INFEASIBLE
KIF18A,INFEASIBLE,OPTIMAL,INFEASIBLE,INFEASIBLE
METTL15,INFEASIBLE,OPTIMAL,INFEASIBLE,INFEASIBLE
ARL14EP,OPTIMAL,OPTIMAL,OPTIMAL,OPTIMAL
MPPED2,OPTIMAL,OPTIMAL,INFEASIBLE,OPTIMAL
DNAJC24,INFEASIBLE,OPTIMAL,INFEASIBLE,INFEASIBLE
IMMP1L,OPTIMAL,OPTIMAL,OPTIMAL,OPTIMAL
ELP4,INFEASIBLE,OPTIMAL,INFEASIBLE,INFEASIBLE
PAX6,OPTIMAL,OPTIMAL,OPTIMAL,OPTIMAL
RCN1,INFEASIBLE,OPTIMAL,INFEASIBLE,INFEASIBLE
WT1,OPTIMAL,OPTIMAL,OPTIMAL,OPTIMAL
EIF3M,INFEASIBLE,OPTIMAL,INFEASIBLE,OPTIMAL
CCDC73,INFEASIBLE,INFEASIBLE,OPTIMAL,OPTIMAL
PRRG4,OPTIMAL,OPTIMAL,OPTIMAL,OPTIMAL
QSER1,INFEASIBLE,OPTIMAL,INFEASIBLE,INFEASIBLE
DEPDC7,OPTIMAL,OPTIMAL,OPTIMAL,OPTIMAL
TCP11L1,OPTIMAL,OPTIMAL,OPTIMAL,OPTIMAL
CSTF3,INFEASIBLE,OPTIMAL,INFEASIBLE,INFEASIBLE
HIPK3,INFEASIBLE,OPTIMAL,INFEASIBLE,INFEASIBLE
KIAA1549L,INFEASIBLE,OPTIMAL,INFEASIBLE,OPTIMAL
CD59,OPTIMAL,OPTIMAL,OPTIMAL,OPTIMAL
FBXO3,INFEASIBLE,OPTIMAL,INFEASIBLE,OPTIMAL
CAPRIN1,INFEASIBLE,OPTIMAL,INFEASIBLE,INFEASIBLE
NAT10,INFEASIBLE,OPTIMAL,INFEASIBLE,INFEASIBLE
ABTB2,INFEASIBLE,OPTIMAL,INFEASIBLE,OPTIMAL
CAT,OPTIMAL,OPTIMAL,OPTIMAL,OPTIMAL
APIP,INFEASIBLE,OPTIMAL,INFEASIBLE,OPTIMAL
PDHX,INFEASIBLE,OPTIMAL,INFEASIBLE,INFEASIBLE
PAMR1,OPTIMAL,OPTIMAL,INFEASIBLE,OPTIMAL
FJX1,OPTIMAL,OPTIMAL,OPTIMAL,OPTIMAL
TRIM44,INFEASIBLE,OPTIMAL,INFEASIBLE,INFEASIBLE
LDLRAD3,INFEASIBLE,OPTIMAL,INFEASIBLE,INFEASIBLE
COMMD9,OPTIMAL,OPTIMAL,OPTIMAL,OPTIMAL
TRAF6,INFEASIBLE,OPTIMAL,OPTIMAL,OPTIMAL
IFTAP,OPTIMAL,OPTIMAL,OPTIMAL,OPTIMAL
LRRC4C,INFEASIBLE,INFEASIBLE,INFEASIBLE,INFEASIBLE
API5,INFEASIBLE,OPTIMAL,INFEASIBLE,INFEASIBLE
TTC17,INFEASIBLE,OPTIMAL,INFEASIBLE,INFEASIBLE
HSD17B12,INFEASIBLE,OPTIMAL,INFEASIBLE,INFEASIBLE
ALKBH3,OPTIMAL,OPTIMAL,OPTIMAL,OPTIMAL
EXT2,INFEASIBLE,OPTIMAL,INFEASIBLE,INFEASIBLE
ALX4,INFEASIBLE,OPTIMAL,OPTIMAL,OPTIMAL
TSPAN18,OPTIMAL,OPTIMAL,INFEASIBLE,OPTIMAL
TP53I11,OPTIMAL,INFEASIBLE,OPTIMAL,OPTIMAL
CRY2,OPTIMAL,OPTIMAL,INFEASIBLE,OPTIMAL
PEX16,OPTIMAL,OPTIMAL,OPTIMAL,OPTIMAL
PHF21A,INFEASIBLE,OPTIMAL,INFEASIBLE,INFEASIBLE
DGKZ,OPTIMAL,OPTIMAL,INFEASIBLE,OPTIMAL
MDK,OPTIMAL,OPTIMAL,OPTIMAL,OPTIMAL
AMBRA1,INFEASIBLE,OPTIMAL,INFEASIBLE,INFEASIBLE
ATG13,INFEASIBLE,OPTIMAL,INFEASIBLE,INFEASIBLE
ARHGAP1,OPTIMAL,OPTIMAL,OPTIMAL,OPTIMAL
CKAP5,INFEASIBLE,OPTIMAL,INFEASIBLE,INFEASIBLE
LRP4,OPTIMAL,OPTIMAL,OPTIMAL,OPTIMAL
CSTPP1,INFEASIBLE,OPTIMAL,INFEASIBLE,OPTIMAL
ARFGAP2,INFEASIBLE,OPTIMAL,OPTIMAL,OPTIMAL
PACSIN3,OPTIMAL,OPTIMAL,OPTIMAL,OPTIMAL
DDB2,OPTIMAL,OPTIMAL,OPTIMAL,OPTIMAL
ACP2,OPTIMAL,OPTIMAL,OPTIMAL,OPTIMAL
NR1H3,OPTIMAL,OPTIMAL,OPTIMAL,OPTIMAL
MADD,OPTIMAL,OPTIMAL,OPTIMAL,OPTIMAL
SLC39A13,OPTIMAL,OPTIMAL,OPTIMAL,OPTIMAL
PSMC3,OPTIMAL,OPTIMAL,OPTIMAL,OPTIMAL
CELF1,INFEASIBLE,OPTIMAL,INFEASIBLE,INFEASIBLE
NDUFS3,OPTIMAL,OPTIMAL,OPTIMAL,OPTIMAL
PTPMT1,OPTIMAL,INFEASIBLE,OPTIMAL,OPTIMAL
MTCH2,OPTIMAL,OPTIMAL,OPTIMAL,OPTIMAL
FNBP4,INFEASIBLE,OPTIMAL,INFEASIBLE,INFEASIBLE
NUP160,INFEASIBLE,OPTIMAL,INFEASIBLE,INFEASIBLE
PTPRJ,INFEASIBLE,OPTIMAL,INFEASIBLE,OPTIMAL
OR5D3P,OPTIMAL,OPTIMAL,OPTIMAL,OPTIMAL
TNKS1BP1,INFEASIBLE,OPTIMAL,OPTIMAL,OPTIMAL
SSRP1,INFEASIBLE,OPTIMAL,INFEASIBLE,INFEASIBLE
RTN4RL2,OPTIMAL,OPTIMAL,OPTIMAL,OPTIMAL
SLC43A1,OPTIMAL,OPTIMAL,OPTIMAL,OPTIMAL
TIMM10,OPTIMAL,OPTIMAL,OPTIMAL,OPTIMAL
CLP1,OPTIMAL,OPTIMAL,OPTIMAL,OPTIMAL
ZDHHC5,INFEASIBLE,OPTIMAL,INFEASIBLE,INFEASIBLE
MED19,OPTIMAL,OPTIMAL,OPTIMAL,OPTIMAL
TMX2,INFEASIBLE,OPTIMAL,INFEASIBLE,OPTIMAL
SELENOH,OPTIMAL,OPTIMAL,OPTIMAL,OPTIMAL
CTNND1,INFEASIBLE,OPTIMAL,INFEASIBLE,OPTIMAL
ZFP91,INFEASIBLE,OPTIMAL,INFEASIBLE,INFEASIBLE
OSBP,INFEASIBLE,OPTIMAL,INFEASIBLE,INFEASIBLE
PATL1,OPTIMAL,OPTIMAL,INFEASIBLE,OPTIMAL
STX3,OPTIMAL,OPTIMAL,OPTIMAL,OPTIMAL
MRPL16,OPTIMAL,OPTIMAL,OPTIMAL,OPTIMAL
CCDC86,OPTIMAL,OPTIMAL,OPTIMAL,OPTIMAL
PRPF19,OPTIMAL,OPTIMAL,OPTIMAL,OPTIMAL
TMEM109,OPTIMAL,OPTIMAL,OPTIMAL,OPTIMAL
TMEM132A,OPTIMAL,OPTIMAL,OPTIMAL,OPTIMAL
VPS37C,OPTIMAL,INFEASIBLE,OPTIMAL,OPTIMAL
DDB1,INFEASIBLE,OPTIMAL,INFEASIBLE,INFEASIBLE
TKFC,OPTIMAL,OPTIMAL,OPTIMAL,OPTIMAL
CYB561A3,OPTIMAL,OPTIMAL,OPTIMAL,OPTIMAL
TMEM138,OPTIMAL,OPTIMAL,OPTIMAL,OPTIMAL
TMEM216,OPTIMAL,OPTIMAL,OPTIMAL,OPTIMAL
CPSF7,INFEASIBLE,OPTIMAL,INFEASIBLE,OPTIMAL
SDHAF2,INFEASIBLE,OPTIMAL,INFEASIBLE,OPTIMAL
TMEM258,OPTIMAL,INFEASIBLE,OPTIMAL,OPTIMAL
FEN1,OPTIMAL,OPTIMAL,OPTIMAL,OPTIMAL
FADS2,OPTIMAL,OPTIMAL,OPTIMAL,OPTIMAL
FADS1,OPTIMAL,OPTIMAL,INFEASIBLE,OPTIMAL
FADS3,INFEASIBLE,INFEASIBLE,OPTIMAL,OPTIMAL
FTH1,OPTIMAL,OPTIMAL,OPTIMAL,OPTIMAL
INCENP,INFEASIBLE,OPTIMAL,INFEASIBLE,INFEASIBLE
ASRGL1,OPTIMAL,OPTIMAL,OPTIMAL,OPTIMAL
AHNAK,INFEASIBLE,OPTIMAL,OPTIMAL,INFEASIBLE
EEF1G,OPTIMAL,OPTIMAL,INFEASIBLE,OPTIMAL
TUT1,INFEASIBLE,OPTIMAL,INFEASIBLE,OPTIMAL
MTA2,OPTIMAL,OPTIMAL,OPTIMAL,OPTIMAL
B3GAT3,OPTIMAL,OPTIMAL,OPTIMAL,OPTIMAL
GANAB,INFEASIBLE,OPTIMAL,INFEASIBLE,INFEASIBLE
INTS5,OPTIMAL,OPTIMAL,OPTIMAL,OPTIMAL
CSKMT,OPTIMAL,OPTIMAL,OPTIMAL,OPTIMAL
UQCC3,OPTIMAL,INFEASIBLE,OPTIMAL,OPTIMAL
UBXN1,INFEASIBLE,OPTIMAL,INFEASIBLE,INFEASIBLE
BSCL2,OPTIMAL,OPTIMAL,OPTIMAL,OPTIMAL
HNRNPUL2,INFEASIBLE,OPTIMAL,INFEASIBLE,INFEASIBLE
TTC9C,OPTIMAL,OPTIMAL,OPTIMAL,OPTIMAL
POLR2G,OPTIMAL,OPTIMAL,OPTIMAL,OPTIMAL
TAF6L,OPTIMAL,OPTIMAL,OPTIMAL,OPTIMAL
TMEM223,OPTIMAL,OPTIMAL,OPTIMAL,OPTIMAL
TMEM179B,OPTIMAL,OPTIMAL,OPTIMAL,OPTIMAL
NXF1,OPTIMAL,OPTIMAL,OPTIMAL,OPTIMAL
STX5,OPTIMAL,OPTIMAL,OPTIMAL,OPTIMAL
WDR74,OPTIMAL,OPTIMAL,OPTIMAL,OPTIMAL
SLC3A2,OPTIMAL,OPTIMAL,INFEASIBLE,OPTIMAL
PLAAT3,OPTIMAL,OPTIMAL,OPTIMAL,OPTIMAL
ATL3,INFEASIBLE,OPTIMAL,INFEASIBLE,INFEASIBLE
RTN3,INFEASIBLE,OPTIMAL,INFEASIBLE,INFEASIBLE
ZFTA,INFEASIBLE,OPTIMAL,OPTIMAL,OPTIMAL
SPINDOC,OPTIMAL,OPTIMAL,INFEASIBLE,OPTIMAL
MARK2,OPTIMAL,OPTIMAL,OPTIMAL,OPTIMAL
NAA40,INFEASIBLE,OPTIMAL,OPTIMAL,INFEASIBLE
COX8A,OPTIMAL,OPTIMAL,OPTIMAL,OPTIMAL
OTUB1,OPTIMAL,OPTIMAL,OPTIMAL,OPTIMAL
MACROD1,OPTIMAL,OPTIMAL,OPTIMAL,OPTIMAL
STIP1,INFEASIBLE,OPTIMAL,INFEASIBLE,INFEASIBLE
TRPT1,OPTIMAL,OPTIMAL,OPTIMAL,OPTIMAL
NUDT22,OPTIMAL,OPTIMAL,OPTIMAL,OPTIMAL
DNAJC4,OPTIMAL,OPTIMAL,OPTIMAL,OPTIMAL
VEGFB,OPTIMAL,OPTIMAL,OPTIMAL,OPTIMAL
FKBP2,OPTIMAL,OPTIMAL,OPTIMAL,OPTIMAL
PPP1R14B,OPTIMAL,OPTIMAL,OPTIMAL,OPTIMAL
PLCB3,OPTIMAL,OPTIMAL,OPTIMAL,OPTIMAL
BAD,OPTIMAL,OPTIMAL,OPTIMAL,OPTIMAL
GPR137,OPTIMAL,OPTIMAL,OPTIMAL,OPTIMAL
ESRRA,OPTIMAL,OPTIMAL,OPTIMAL,OPTIMAL
TRMT112,OPTIMAL,OPTIMAL,OPTIMAL,OPTIMAL
PRDX5,INFEASIBLE,OPTIMAL,OPTIMAL,OPTIMAL
RASGRP2,OPTIMAL,OPTIMAL,OPTIMAL,OPTIMAL
SF1,INFEASIBLE,OPTIMAL,INFEASIBLE,INFEASIBLE
MEN1,OPTIMAL,INFEASIBLE,OPTIMAL,OPTIMAL
EHD1,OPTIMAL,OPTIMAL,OPTIMAL,OPTIMAL
ATG2A,OPTIMAL,OPTIMAL,OPTIMAL,OPTIMAL
ARL2,OPTIMAL,INFEASIBLE,OPTIMAL,OPTIMAL
SNX15,OPTIMAL,OPTIMAL,OPTIMAL,OPTIMAL
SAC3D1,INFEASIBLE,INFEASIBLE,OPTIMAL,OPTIMAL
CDCA5,OPTIMAL,OPTIMAL,OPTIMAL,OPTIMAL
ZFPL1,OPTIMAL,OPTIMAL,OPTIMAL,OPTIMAL
TMEM262,INFEASIBLE,OPTIMAL,INFEASIBLE,INFEASIBLE
VPS51,OPTIMAL,OPTIMAL,OPTIMAL,OPTIMAL
TM7SF2,OPTIMAL,OPTIMAL,OPTIMAL,OPTIMAL
ZNHIT2,OPTIMAL,OPTIMAL,OPTIMAL,OPTIMAL
FAU,OPTIMAL,OPTIMAL,OPTIMAL,OPTIMAL
SYVN1,OPTIMAL,OPTIMAL,OPTIMAL,OPTIMAL
MRPL49,OPTIMAL,OPTIMAL,OPTIMAL,OPTIMAL
CAPN1,OPTIMAL,OPTIMAL,OPTIMAL,OPTIMAL
POLA2,OPTIMAL,OPTIMAL,INFEASIBLE,OPTIMAL
CDC42EP2,OPTIMAL,OPTIMAL,OPTIMAL,OPTIMAL
DPF2,INFEASIBLE,OPTIMAL,OPTIMAL,OPTIMAL
FRMD8,OPTIMAL,OPTIMAL,OPTIMAL,OPTIMAL
SCYL1,OPTIMAL,OPTIMAL,INFEASIBLE,OPTIMAL
LTBP3,OPTIMAL,OPTIMAL,OPTIMAL,OPTIMAL
ZNRD2,INFEASIBLE,INFEASIBLE,OPTIMAL,OPTIMAL
FAM89B,OPTIMAL,OPTIMAL,OPTIMAL,OPTIMAL
MAP3K11,OPTIMAL,OPTIMAL,OPTIMAL,OPTIMAL
PCNX3,OPTIMAL,OPTIMAL,OPTIMAL,OPTIMAL
RELA,OPTIMAL,INFEASIBLE,OPTIMAL,OPTIMAL
KAT5,OPTIMAL,OPTIMAL,OPTIMAL,OPTIMAL
RNASEH2C,OPTIMAL,OPTIMAL,OPTIMAL,OPTIMAL
AP5B1,OPTIMAL,OPTIMAL,OPTIMAL,OPTIMAL
CFL1,OPTIMAL,OPTIMAL,OPTIMAL,OPTIMAL
MUS81,OPTIMAL,OPTIMAL,OPTIMAL,OPTIMAL
FIBP,OPTIMAL,OPTIMAL,OPTIMAL,OPTIMAL
CCDC85B,OPTIMAL,OPTIMAL,OPTIMAL,OPTIMAL
C11orf68,OPTIMAL,OPTIMAL,OPTIMAL,OPTIMAL
DRAP1,OPTIMAL,OPTIMAL,OPTIMAL,OPTIMAL
SART1,INFEASIBLE,OPTIMAL,INFEASIBLE,INFEASIBLE
EIF1AD,OPTIMAL,OPTIMAL,OPTIMAL,OPTIMAL
BANF1,OPTIMAL,OPTIMAL,OPTIMAL,OPTIMAL
SF3B2,INFEASIBLE,OPTIMAL,INFEASIBLE,INFEASIBLE
PACS1,INFEASIBLE,OPTIMAL,INFEASIBLE,INFEASIBLE
KLC2,INFEASIBLE,OPTIMAL,INFEASIBLE,OPTIMAL
RAB1B,OPTIMAL,OPTIMAL,OPTIMAL,OPTIMAL
YIF1A,OPTIMAL,INFEASIBLE,OPTIMAL,OPTIMAL
BRMS1,OPTIMAL,OPTIMAL,OPTIMAL,OPTIMAL
B4GAT1,OPTIMAL,OPTIMAL,INFEASIBLE,OPTIMAL
SLC29A2,OPTIMAL,OPTIMAL,OPTIMAL,OPTIMAL
MRPL11,OPTIMAL,INFEASIBLE,OPTIMAL,OPTIMAL
DPP3,OPTIMAL,OPTIMAL,OPTIMAL,OPTIMAL
BBS1,OPTIMAL,OPTIMAL,OPTIMAL,OPTIMAL
ZDHHC24,OPTIMAL,OPTIMAL,OPTIMAL,OPTIMAL
CCS,OPTIMAL,OPTIMAL,OPTIMAL,OPTIMAL
RBM14,INFEASIBLE,OPTIMAL,INFEASIBLE,OPTIMAL
RBM4,OPTIMAL,OPTIMAL,OPTIMAL,OPTIMAL
RBM4B,OPTIMAL,OPTIMAL,OPTIMAL,OPTIMAL
SPTBN2,OPTIMAL,OPTIMAL,OPTIMAL,OPTIMAL
C11orf80,OPTIMAL,OPTIMAL,INFEASIBLE,OPTIMAL
RCE1,OPTIMAL,OPTIMAL,OPTIMAL,OPTIMAL
PC,OPTIMAL,OPTIMAL,OPTIMAL,OPTIMAL
LRFN4,OPTIMAL,OPTIMAL,OPTIMAL,OPTIMAL
KDM2A,INFEASIBLE,OPTIMAL,INFEASIBLE,INFEASIBLE
GRK2,OPTIMAL,OPTIMAL,OPTIMAL,OPTIMAL
ANKRD13D,OPTIMAL,OPTIMAL,OPTIMAL,OPTIMAL
RAD9A,OPTIMAL,OPTIMAL,INFEASIBLE,OPTIMAL
POLD4,OPTIMAL,OPTIMAL,OPTIMAL,OPTIMAL
PPP1CA,OPTIMAL,OPTIMAL,OPTIMAL,OPTIMAL
RPS6KB2,OPTIMAL,OPTIMAL,OPTIMAL,OPTIMAL
CORO1B,OPTIMAL,OPTIMAL,OPTIMAL,OPTIMAL
TMEM134,OPTIMAL,OPTIMAL,OPTIMAL,OPTIMAL
AIP,OPTIMAL,OPTIMAL,OPTIMAL,OPTIMAL
CDK2AP2,OPTIMAL,OPTIMAL,OPTIMAL,OPTIMAL
GSTP1,OPTIMAL,OPTIMAL,OPTIMAL,OPTIMAL
NDUFV1,OPTIMAL,OPTIMAL,OPTIMAL,OPTIMAL
NUDT8,INFEASIBLE,OPTIMAL,OPTIMAL,OPTIMAL
NDUFS8,OPTIMAL,OPTIMAL,OPTIMAL,OPTIMAL
CHKA,INFEASIBLE,OPTIMAL,INFEASIBLE,INFEASIBLE
KMT5B,INFEASIBLE,OPTIMAL,INFEASIBLE,INFEASIBLE
C11orf24,OPTIMAL,OPTIMAL,OPTIMAL,OPTIMAL
LRP5,INFEASIBLE,OPTIMAL,INFEASIBLE,OPTIMAL
PPP6R3,INFEASIBLE,OPTIMAL,INFEASIBLE,INFEASIBLE
GAL,OPTIMAL,OPTIMAL,OPTIMAL,OPTIMAL
TESMIN,OPTIMAL,OPTIMAL,OPTIMAL,OPTIMAL
CPT1A,OPTIMAL,OPTIMAL,OPTIMAL,OPTIMAL
MRPL21,OPTIMAL,OPTIMAL,OPTIMAL,OPTIMAL
IGHMBP2,OPTIMAL,OPTIMAL,OPTIMAL,OPTIMAL
TPCN2,OPTIMAL,OPTIMAL,OPTIMAL,OPTIMAL
CCND1,INFEASIBLE,OPTIMAL,INFEASIBLE,OPTIMAL
LTO1,OPTIMAL,OPTIMAL,OPTIMAL,OPTIMAL
FADD,OPTIMAL,OPTIMAL,OPTIMAL,OPTIMAL
PPFIA1,INFEASIBLE,OPTIMAL,INFEASIBLE,INFEASIBLE
CTTN,OPTIMAL,OPTIMAL,OPTIMAL,OPTIMAL
SHANK2,INFEASIBLE,INFEASIBLE,OPTIMAL,OPTIMAL
DHCR7,OPTIMAL,OPTIMAL,OPTIMAL,OPTIMAL
NADSYN1,OPTIMAL,OPTIMAL,OPTIMAL,OPTIMAL
XNDC1N,INFEASIBLE,OPTIMAL,INFEASIBLE,INFEASIBLE
RNF121,INFEASIBLE,OPTIMAL,INFEASIBLE,OPTIMAL
NUMA1,INFEASIBLE,OPTIMAL,INFEASIBLE,INFEASIBLE
LAMTOR1,OPTIMAL,OPTIMAL,OPTIMAL,OPTIMAL
ANAPC15,OPTIMAL,OPTIMAL,OPTIMAL,OPTIMAL
INPPL1,OPTIMAL,OPTIMAL,OPTIMAL,OPTIMAL
CLPB,INFEASIBLE,OPTIMAL,INFEASIBLE,OPTIMAL
ARAP1,OPTIMAL,INFEASIBLE,OPTIMAL,OPTIMAL
STARD10,OPTIMAL,OPTIMAL,OPTIMAL,OPTIMAL
FCHSD2,INFEASIBLE,OPTIMAL,INFEASIBLE,INFEASIBLE
RELT,OPTIMAL,OPTIMAL,OPTIMAL,OPTIMAL
FAM168A,INFEASIBLE,OPTIMAL,INFEASIBLE,OPTIMAL
RAB6A,INFEASIBLE,OPTIMAL,INFEASIBLE,OPTIMAL
MRPL48,OPTIMAL,OPTIMAL,OPTIMAL,OPTIMAL
COA4,OPTIMAL,INFEASIBLE,OPTIMAL,OPTIMAL
PAAF1,OPTIMAL,OPTIMAL,OPTIMAL,OPTIMAL
UCP2,OPTIMAL,OPTIMAL,OPTIMAL,OPTIMAL
C2CD3,INFEASIBLE,OPTIMAL,INFEASIBLE,OPTIMAL
PPME1,INFEASIBLE,OPTIMAL,INFEASIBLE,INFEASIBLE
PGM2L1,OPTIMAL,OPTIMAL,OPTIMAL,OPTIMAL
LIPT2,OPTIMAL,OPTIMAL,OPTIMAL,OPTIMAL
POLD3,OPTIMAL,OPTIMAL,OPTIMAL,OPTIMAL
RNF169,INFEASIBLE,OPTIMAL,INFEASIBLE,INFEASIBLE
XRRA1,OPTIMAL,OPTIMAL,OPTIMAL,OPTIMAL
SPCS2,INFEASIBLE,OPTIMAL,INFEASIBLE,OPTIMAL
NEU3,INFEASIBLE,OPTIMAL,INFEASIBLE,OPTIMAL
ARRB1,OPTIMAL,OPTIMAL,OPTIMAL,OPTIMAL
RPS3,OPTIMAL,OPTIMAL,OPTIMAL,OPTIMAL
SERPINH1,INFEASIBLE,OPTIMAL,INFEASIBLE,OPTIMAL
DGAT2,OPTIMAL,OPTIMAL,OPTIMAL,OPTIMAL
UVRAG,INFEASIBLE,OPTIMAL,INFEASIBLE,INFEASIBLE
THAP12,INFEASIBLE,OPTIMAL,INFEASIBLE,INFEASIBLE
EMSY,INFEASIBLE,OPTIMAL,INFEASIBLE,INFEASIBLE
ACER3,INFEASIBLE,OPTIMAL,INFEASIBLE,INFEASIBLE
PAK1,INFEASIBLE,OPTIMAL,INFEASIBLE,OPTIMAL
CLNS1A,INFEASIBLE,OPTIMAL,INFEASIBLE,OPTIMAL
AQP11,OPTIMAL,OPTIMAL,OPTIMAL,OPTIMAL
RSF1,INFEASIBLE,OPTIMAL,INFEASIBLE,INFEASIBLE
AAMDC,OPTIMAL,INFEASIBLE,OPTIMAL,OPTIMAL
INTS4,INFEASIBLE,OPTIMAL,INFEASIBLE,OPTIMAL
NDUFC2,INFEASIBLE,INFEASIBLE,OPTIMAL,OPTIMAL
ALG8,OPTIMAL,OPTIMAL,INFEASIBLE,OPTIMAL
GAB2,OPTIMAL,OPTIMAL,OPTIMAL,OPTIMAL
NARS2,INFEASIBLE,OPTIMAL,INFEASIBLE,OPTIMAL
TENM4,OPTIMAL,OPTIMAL,INFEASIBLE,OPTIMAL
PRCP,OPTIMAL,OPTIMAL,INFEASIBLE,OPTIMAL
DDIAS,INFEASIBLE,OPTIMAL,INFEASIBLE,OPTIMAL
RAB30,OPTIMAL,OPTIMAL,OPTIMAL,OPTIMAL
PCF11,INFEASIBLE,OPTIMAL,INFEASIBLE,INFEASIBLE
ANKRD42,OPTIMAL,OPTIMAL,OPTIMAL,OPTIMAL
CCDC90B,OPTIMAL,OPTIMAL,OPTIMAL,OPTIMAL
DLG2,INFEASIBLE,OPTIMAL,INFEASIBLE,INFEASIBLE
TMEM126B,OPTIMAL,OPTIMAL,OPTIMAL,OPTIMAL
TMEM126A,OPTIMAL,OPTIMAL,OPTIMAL,OPTIMAL
CREBZF,INFEASIBLE,OPTIMAL,INFEASIBLE,OPTIMAL
PICALM,OPTIMAL,OPTIMAL,INFEASIBLE,OPTIMAL
EED,OPTIMAL,OPTIMAL,INFEASIBLE,OPTIMAL
HIKESHI,OPTIMAL,OPTIMAL,OPTIMAL,OPTIMAL
PRSS23,OPTIMAL,OPTIMAL,OPTIMAL,OPTIMAL
TMEM135,INFEASIBLE,OPTIMAL,INFEASIBLE,INFEASIBLE
RAB38,OPTIMAL,OPTIMAL,OPTIMAL,OPTIMAL
CTSC,OPTIMAL,OPTIMAL,OPTIMAL,OPTIMAL
CHORDC1,INFEASIBLE,OPTIMAL,INFEASIBLE,OPTIMAL
FAT3,INFEASIBLE,OPTIMAL,INFEASIBLE,OPTIMAL
SLC36A4,INFEASIBLE,OPTIMAL,INFEASIBLE,INFEASIBLE
SMCO4,OPTIMAL,OPTIMAL,OPTIMAL,OPTIMAL
CEP295,INFEASIBLE,OPTIMAL,INFEASIBLE,OPTIMAL
TAF1D,INFEASIBLE,OPTIMAL,INFEASIBLE,INFEASIBLE
C11orf54,OPTIMAL,OPTIMAL,OPTIMAL,OPTIMAL
MED17,INFEASIBLE,OPTIMAL,INFEASIBLE,INFEASIBLE
MRE11,INFEASIBLE,OPTIMAL,INFEASIBLE,INFEASIBLE
ANKRD49,OPTIMAL,OPTIMAL,OPTIMAL,OPTIMAL
AMOTL1,INFEASIBLE,OPTIMAL,INFEASIBLE,INFEASIBLE
CWC15,OPTIMAL,OPTIMAL,OPTIMAL,OPTIMAL
KDM4D,INFEASIBLE,OPTIMAL,OPTIMAL,OPTIMAL
SRSF8,OPTIMAL,OPTIMAL,INFEASIBLE,OPTIMAL
ENDOD1,OPTIMAL,OPTIMAL,OPTIMAL,OPTIMAL
SESN3,INFEASIBLE,OPTIMAL,INFEASIBLE,INFEASIBLE
FAM76B,INFEASIBLE,OPTIMAL,INFEASIBLE,INFEASIBLE
CEP57,INFEASIBLE,OPTIMAL,INFEASIBLE,INFEASIBLE
MTMR2,INFEASIBLE,OPTIMAL,INFEASIBLE,INFEASIBLE
MAML2,OPTIMAL,OPTIMAL,INFEASIBLE,OPTIMAL
CCDC82,INFEASIBLE,OPTIMAL,INFEASIBLE,INFEASIBLE
JRKL,INFEASIBLE,OPTIMAL,INFEASIBLE,OPTIMAL
ARHGAP42,INFEASIBLE,OPTIMAL,INFEASIBLE,OPTIMAL
CEP126,INFEASIBLE,OPTIMAL,INFEASIBLE,INFEASIBLE
CFAP300,OPTIMAL,OPTIMAL,OPTIMAL,OPTIMAL
YAP1,INFEASIBLE,OPTIMAL,INFEASIBLE,INFEASIBLE
BIRC2,OPTIMAL,OPTIMAL,OPTIMAL,OPTIMAL
TMEM123,INFEASIBLE,OPTIMAL,INFEASIBLE,INFEASIBLE
DCUN1D5,INFEASIBLE,OPTIMAL,INFEASIBLE,OPTIMAL
DYNC2H1,INFEASIBLE,OPTIMAL,INFEASIBLE,INFEASIBLE
MSANTD4,INFEASIBLE,OPTIMAL,INFEASIBLE,OPTIMAL
KBTBD3,OPTIMAL,OPTIMAL,OPTIMAL,OPTIMAL
AASDHPPT,INFEASIBLE,OPTIMAL,INFEASIBLE,INFEASIBLE
GUCY1A2,OPTIMAL,INFEASIBLE,INFEASIBLE,OPTIMAL
CWF19L2,INFEASIBLE,OPTIMAL,INFEASIBLE,INFEASIBLE
ALKBH8,INFEASIBLE,OPTIMAL,OPTIMAL,INFEASIBLE
ELMOD1,OPTIMAL,OPTIMAL,OPTIMAL,OPTIMAL
SLC35F2,INFEASIBLE,OPTIMAL,OPTIMAL,OPTIMAL
RAB39A,OPTIMAL,OPTIMAL,OPTIMAL,OPTIMAL
CUL5,INFEASIBLE,OPTIMAL,INFEASIBLE,INFEASIBLE
ACAT1,INFEASIBLE,OPTIMAL,INFEASIBLE,OPTIMAL
NPAT,INFEASIBLE,OPTIMAL,INFEASIBLE,INFEASIBLE
ATM,INFEASIBLE,OPTIMAL,INFEASIBLE,INFEASIBLE
C11orf65,OPTIMAL,OPTIMAL,OPTIMAL,OPTIMAL
POGLUT3,OPTIMAL,OPTIMAL,OPTIMAL,OPTIMAL
EXPH5,INFEASIBLE,OPTIMAL,INFEASIBLE,INFEASIBLE
DDX10,INFEASIBLE,OPTIMAL,INFEASIBLE,INFEASIBLE
RDX,INFEASIBLE,OPTIMAL,INFEASIBLE,INFEASIBLE
ZC3H12C,INFEASIBLE,OPTIMAL,INFEASIBLE,OPTIMAL
FDX1,OPTIMAL,OPTIMAL,OPTIMAL,OPTIMAL
ARHGAP20,OPTIMAL,OPTIMAL,INFEASIBLE,OPTIMAL
LAYN,OPTIMAL,OPTIMAL,OPTIMAL,OPTIMAL
SIK2,OPTIMAL,OPTIMAL,INFEASIBLE,OPTIMAL
PPP2R1B,INFEASIBLE,OPTIMAL,INFEASIBLE,INFEASIBLE
ALG9,INFEASIBLE,OPTIMAL,OPTIMAL,OPTIMAL
FDXACB1,OPTIMAL,OPTIMAL,OPTIMAL,OPTIMAL
CFAP68,OPTIMAL,OPTIMAL,OPTIMAL,OPTIMAL
DIXDC1,OPTIMAL,OPTIMAL,OPTIMAL,OPTIMAL
DLAT,INFEASIBLE,OPTIMAL,INFEASIBLE,INFEASIBLE
PIH1D2,OPTIMAL,OPTIMAL,OPTIMAL,OPTIMAL
NKAPD1,OPTIMAL,OPTIMAL,OPTIMAL,OPTIMAL
TIMM8B,OPTIMAL,OPTIMAL,OPTIMAL,OPTIMAL
SDHD,OPTIMAL,OPTIMAL,OPTIMAL,OPTIMAL
PTS,OPTIMAL,OPTIMAL,OPTIMAL,OPTIMAL
NCAM1,OPTIMAL,OPTIMAL,INFEASIBLE,OPTIMAL
TTC12,INFEASIBLE,OPTIMAL,INFEASIBLE,OPTIMAL
ZW10,INFEASIBLE,OPTIMAL,INFEASIBLE,INFEASIBLE
USP28,INFEASIBLE,OPTIMAL,INFEASIBLE,INFEASIBLE
ZBTB16,OPTIMAL,OPTIMAL,OPTIMAL,OPTIMAL
C11orf71,OPTIMAL,OPTIMAL,OPTIMAL,OPTIMAL
RBM7,INFEASIBLE,OPTIMAL,OPTIMAL,OPTIMAL
REXO2,OPTIMAL,OPTIMAL,OPTIMAL,OPTIMAL
CADM1,OPTIMAL,OPTIMAL,OPTIMAL,OPTIMAL
BUD13,OPTIMAL,OPTIMAL,OPTIMAL,OPTIMAL
ZPR1,OPTIMAL,OPTIMAL,OPTIMAL,OPTIMAL
SIK3,INFEASIBLE,OPTIMAL,INFEASIBLE,INFEASIBLE
PAFAH1B2,INFEASIBLE,OPTIMAL,INFEASIBLE,INFEASIBLE
SIDT2,OPTIMAL,OPTIMAL,OPTIMAL,OPTIMAL
PCSK7,OPTIMAL,OPTIMAL,INFEASIBLE,OPTIMAL
RNF214,INFEASIBLE,OPTIMAL,INFEASIBLE,OPTIMAL
BACE1,OPTIMAL,OPTIMAL,OPTIMAL,OPTIMAL
CEP164,OPTIMAL,OPTIMAL,OPTIMAL,OPTIMAL
FXYD6,OPTIMAL,OPTIMAL,OPTIMAL,OPTIMAL
UBE4A,INFEASIBLE,OPTIMAL,INFEASIBLE,OPTIMAL
ATP5MG,OPTIMAL,OPTIMAL,OPTIMAL,OPTIMAL
KMT2A,INFEASIBLE,OPTIMAL,INFEASIBLE,INFEASIBLE
IFT46,INFEASIBLE,OPTIMAL,OPTIMAL,OPTIMAL
ARCN1,INFEASIBLE,OPTIMAL,INFEASIBLE,INFEASIBLE
PHLDB1,OPTIMAL,OPTIMAL,OPTIMAL,OPTIMAL
DDX6,INFEASIBLE,OPTIMAL,INFEASIBLE,INFEASIBLE
BCL9L,OPTIMAL,OPTIMAL,OPTIMAL,OPTIMAL
CENATAC,INFEASIBLE,OPTIMAL,INFEASIBLE,OPTIMAL
RPS25,OPTIMAL,OPTIMAL,OPTIMAL,OPTIMAL
TRAPPC4,OPTIMAL,OPTIMAL,OPTIMAL,OPTIMAL
SLC37A4,OPTIMAL,OPTIMAL,OPTIMAL,OPTIMAL
HYOU1,INFEASIBLE,OPTIMAL,INFEASIBLE,INFEASIBLE
VPS11,OPTIMAL,OPTIMAL,OPTIMAL,OPTIMAL
HMBS,OPTIMAL,OPTIMAL,OPTIMAL,OPTIMAL
DPAGT1,OPTIMAL,OPTIMAL,INFEASIBLE,OPTIMAL
HINFP,OPTIMAL,OPTIMAL,OPTIMAL,OPTIMAL
NLRX1,INFEASIBLE,INFEASIBLE,OPTIMAL,OPTIMAL
CBL,INFEASIBLE,OPTIMAL,INFEASIBLE,INFEASIBLE
RNF26,INFEASIBLE,OPTIMAL,OPTIMAL,OPTIMAL
USP2,OPTIMAL,OPTIMAL,OPTIMAL,OPTIMAL
NECTIN1,OPTIMAL,OPTIMAL,OPTIMAL,OPTIMAL
OAF,INFEASIBLE,OPTIMAL,INFEASIBLE,OPTIMAL
POU2F3,OPTIMAL,OPTIMAL,OPTIMAL,OPTIMAL
TLCD5,OPTIMAL,OPTIMAL,OPTIMAL,OPTIMAL
ARHGEF12,INFEASIBLE,OPTIMAL,INFEASIBLE,INFEASIBLE
GRIK4,OPTIMAL,OPTIMAL,INFEASIBLE,OPTIMAL
TBCEL,INFEASIBLE,OPTIMAL,INFEASIBLE,INFEASIBLE
SC5D,INFEASIBLE,OPTIMAL,INFEASIBLE,OPTIMAL
SORL1,OPTIMAL,OPTIMAL,OPTIMAL,OPTIMAL
UBASH3B,OPTIMAL,OPTIMAL,OPTIMAL,OPTIMAL
JHY,OPTIMAL,OPTIMAL,OPTIMAL,OPTIMAL
HSPA8,INFEASIBLE,OPTIMAL,INFEASIBLE,INFEASIBLE
CLMP,OPTIMAL,OPTIMAL,OPTIMAL,OPTIMAL
GRAMD1B,OPTIMAL,OPTIMAL,INFEASIBLE,OPTIMAL
ZNF202,INFEASIBLE,OPTIMAL,OPTIMAL,OPTIMAL
TBRG1,OPTIMAL,OPTIMAL,INFEASIBLE,OPTIMAL
SPA17,OPTIMAL,OPTIMAL,OPTIMAL,OPTIMAL
NRGN,OPTIMAL,OPTIMAL,OPTIMAL,OPTIMAL
MSANTD2,INFEASIBLE,OPTIMAL,INFEASIBLE,INFEASIBLE
CCDC15,OPTIMAL,OPTIMAL,OPTIMAL,OPTIMAL
TMEM218,OPTIMAL,OPTIMAL,OPTIMAL,OPTIMAL
PKNOX2,INFEASIBLE,OPTIMAL,INFEASIBLE,INFEASIBLE
FEZ1,OPTIMAL,OPTIMAL,OPTIMAL,OPTIMAL
EI24,OPTIMAL,OPTIMAL,OPTIMAL,OPTIMAL
STT3A,OPTIMAL,OPTIMAL,OPTIMAL,OPTIMAL
CHEK1,OPTIMAL,OPTIMAL,OPTIMAL,OPTIMAL
PUS3,OPTIMAL,OPTIMAL,OPTIMAL,OPTIMAL
CDON,INFEASIBLE,OPTIMAL,INFEASIBLE,OPTIMAL
RPUSD4,OPTIMAL,OPTIMAL,OPTIMAL,OPTIMAL
FAM118B,OPTIMAL,OPTIMAL,OPTIMAL,OPTIMAL
SRPRA,INFEASIBLE,OPTIMAL,INFEASIBLE,INFEASIBLE
FOXRED1,OPTIMAL,OPTIMAL,INFEASIBLE,OPTIMAL
TIRAP,OPTIMAL,OPTIMAL,OPTIMAL,OPTIMAL
DCPS,OPTIMAL,OPTIMAL,OPTIMAL,OPTIMAL
ST3GAL4,OPTIMAL,OPTIMAL,OPTIMAL,OPTIMAL
FLI1,OPTIMAL,OPTIMAL,OPTIMAL,OPTIMAL
ARHGAP32,INFEASIBLE,OPTIMAL,INFEASIBLE,INFEASIBLE
BARX2,OPTIMAL,OPTIMAL,OPTIMAL,OPTIMAL
NFRKB,INFEASIBLE,OPTIMAL,INFEASIBLE,OPTIMAL
PRDM10,INFEASIBLE,OPTIMAL,INFEASIBLE,OPTIMAL
APLP2,INFEASIBLE,OPTIMAL,INFEASIBLE,INFEASIBLE
ZBTB44,INFEASIBLE,OPTIMAL,INFEASIBLE,INFEASIBLE
JAM3,INFEASIBLE,OPTIMAL,INFEASIBLE,INFEASIBLE
NCAPD3,INFEASIBLE,OPTIMAL,INFEASIBLE,OPTIMAL
VPS26B,OPTIMAL,OPTIMAL,OPTIMAL,OPTIMAL
THYN1,OPTIMAL,OPTIMAL,OPTIMAL,OPTIMAL
ACAD8,OPTIMAL,OPTIMAL,OPTIMAL,OPTIMAL
GLB1L2,OPTIMAL,OPTIMAL,OPTIMAL,OPTIMAL
KDM5A,INFEASIBLE,OPTIMAL,INFEASIBLE,INFEASIBLE
CCDC77,INFEASIBLE,OPTIMAL,OPTIMAL,OPTIMAL
B4GALNT3,INFEASIBLE,OPTIMAL,INFEASIBLE,INFEASIBLE
WNK1,INFEASIBLE,OPTIMAL,INFEASIBLE,INFEASIBLE
RAD52,INFEASIBLE,OPTIMAL,INFEASIBLE,OPTIMAL
ERC1,INFEASIBLE,OPTIMAL,INFEASIBLE,INFEASIBLE
WNT5B,INFEASIBLE,OPTIMAL,INFEASIBLE,OPTIMAL
FBXL14,OPTIMAL,OPTIMAL,OPTIMAL,OPTIMAL
ADIPOR2,INFEASIBLE,OPTIMAL,INFEASIBLE,INFEASIBLE
DCP1B,INFEASIBLE,OPTIMAL,INFEASIBLE,INFEASIBLE
CACNA1C,OPTIMAL,OPTIMAL,INFEASIBLE,OPTIMAL
FKBP4,INFEASIBLE,OPTIMAL,INFEASIBLE,INFEASIBLE
ITFG2,INFEASIBLE,OPTIMAL,OPTIMAL,INFEASIBLE
FOXM1,INFEASIBLE,OPTIMAL,OPTIMAL,OPTIMAL
RHNO1,OPTIMAL,OPTIMAL,OPTIMAL,OPTIMAL
TULP3,INFEASIBLE,OPTIMAL,INFEASIBLE,OPTIMAL
TEAD4,OPTIMAL,OPTIMAL,OPTIMAL,OPTIMAL
TSPAN9,OPTIMAL,OPTIMAL,OPTIMAL,OPTIMAL
CRACR2A,INFEASIBLE,OPTIMAL,INFEASIBLE,OPTIMAL
PARP11,INFEASIBLE,OPTIMAL,INFEASIBLE,INFEASIBLE
CCND2,INFEASIBLE,OPTIMAL,OPTIMAL,OPTIMAL
TIGAR,INFEASIBLE,OPTIMAL,INFEASIBLE,INFEASIBLE
FGF23,INFEASIBLE,INFEASIBLE,INFEASIBLE,INFEASIBLE
C12orf4,INFEASIBLE,OPTIMAL,INFEASIBLE,INFEASIBLE
RAD51AP1,OPTIMAL,OPTIMAL,OPTIMAL,OPTIMAL
DYRK4,OPTIMAL,OPTIMAL,OPTIMAL,OPTIMAL
NDUFA9,OPTIMAL,OPTIMAL,OPTIMAL,OPTIMAL
CD9,OPTIMAL,OPTIMAL,OPTIMAL,OPTIMAL
TNFRSF1A,INFEASIBLE,OPTIMAL,OPTIMAL,OPTIMAL
MRPL51,OPTIMAL,OPTIMAL,OPTIMAL,OPTIMAL
NCAPD2,INFEASIBLE,OPTIMAL,INFEASIBLE,OPTIMAL
GAPDH,INFEASIBLE,INFEASIBLE,INFEASIBLE,INFEASIBLE
IFFO1,INFEASIBLE,OPTIMAL,OPTIMAL,OPTIMAL
NOP2,INFEASIBLE,OPTIMAL,INFEASIBLE,INFEASIBLE
CHD4,INFEASIBLE,OPTIMAL,INFEASIBLE,INFEASIBLE
ING4,OPTIMAL,OPTIMAL,OPTIMAL,OPTIMAL
ZNF384,INFEASIBLE,OPTIMAL,OPTIMAL,OPTIMAL
COPS7A,OPTIMAL,OPTIMAL,OPTIMAL,OPTIMAL
MLF2,OPTIMAL,INFEASIBLE,OPTIMAL,OPTIMAL
PTMS,INFEASIBLE,OPTIMAL,INFEASIBLE,OPTIMAL
P3H3,INFEASIBLE,OPTIMAL,OPTIMAL,OPTIMAL
CDCA3,INFEASIBLE,OPTIMAL,OPTIMAL,OPTIMAL
USP5,INFEASIBLE,OPTIMAL,INFEASIBLE,OPTIMAL
TPI1,OPTIMAL,INFEASIBLE,OPTIMAL,OPTIMAL
LRRC23,INFEASIBLE,OPTIMAL,OPTIMAL,OPTIMAL
ATN1,INFEASIBLE,OPTIMAL,INFEASIBLE,OPTIMAL
C12orf57,OPTIMAL,OPTIMAL,OPTIMAL,OPTIMAL
PHB2,OPTIMAL,OPTIMAL,OPTIMAL,OPTIMAL
EMG1,OPTIMAL,OPTIMAL,OPTIMAL,OPTIMAL
LPCAT3,OPTIMAL,OPTIMAL,INFEASIBLE,OPTIMAL
C1S,OPTIMAL,OPTIMAL,INFEASIBLE,OPTIMAL
PEX5,INFEASIBLE,OPTIMAL,INFEASIBLE,OPTIMAL
NECAP1,INFEASIBLE,OPTIMAL,INFEASIBLE,OPTIMAL
RIMKLB,INFEASIBLE,OPTIMAL,OPTIMAL,INFEASIBLE
PHC1,OPTIMAL,OPTIMAL,OPTIMAL,OPTIMAL
M6PR,INFEASIBLE,OPTIMAL,INFEASIBLE,INFEASIBLE
KLRG1,INFEASIBLE,OPTIMAL,INFEASIBLE,OPTIMAL
CLEC2D,OPTIMAL,OPTIMAL,INFEASIBLE,OPTIMAL
GABARAPL1,OPTIMAL,OPTIMAL,OPTIMAL,OPTIMAL
MAGOHB,OPTIMAL,OPTIMAL,OPTIMAL,OPTIMAL
YBX3,OPTIMAL,OPTIMAL,OPTIMAL,OPTIMAL
PRH1,INFEASIBLE,OPTIMAL,INFEASIBLE,OPTIMAL
SMIM10L1,OPTIMAL,OPTIMAL,OPTIMAL,OPTIMAL
ETV6,OPTIMAL,OPTIMAL,INFEASIBLE,OPTIMAL
BCL2L14,OPTIMAL,OPTIMAL,OPTIMAL,OPTIMAL
LRP6,INFEASIBLE,OPTIMAL,INFEASIBLE,INFEASIBLE
BORCS5,OPTIMAL,OPTIMAL,OPTIMAL,OPTIMAL
DUSP16,INFEASIBLE,OPTIMAL,INFEASIBLE,OPTIMAL
CREBL2,INFEASIBLE,OPTIMAL,INFEASIBLE,OPTIMAL
CDKN1B,INFEASIBLE,OPTIMAL,INFEASIBLE,INFEASIBLE
APOLD1,OPTIMAL,OPTIMAL,OPTIMAL,OPTIMAL
HEBP1,OPTIMAL,OPTIMAL,OPTIMAL,OPTIMAL
FAM234B,OPTIMAL,OPTIMAL,OPTIMAL,OPTIMAL
ATF7IP,INFEASIBLE,OPTIMAL,INFEASIBLE,INFEASIBLE
WBP11,INFEASIBLE,OPTIMAL,INFEASIBLE,INFEASIBLE
RERG,OPTIMAL,OPTIMAL,INFEASIBLE,OPTIMAL
EPS8,INFEASIBLE,OPTIMAL,INFEASIBLE,INFEASIBLE
STRAP,OPTIMAL,OPTIMAL,OPTIMAL,OPTIMAL
DERA,OPTIMAL,OPTIMAL,OPTIMAL,OPTIMAL
MGST1,OPTIMAL,OPTIMAL,OPTIMAL,OPTIMAL
PLEKHA5,INFEASIBLE,OPTIMAL,INFEASIBLE,INFEASIBLE
AEBP2,INFEASIBLE,OPTIMAL,INFEASIBLE,INFEASIBLE
PDE3A,OPTIMAL,OPTIMAL,OPTIMAL,OPTIMAL
PYROXD1,INFEASIBLE,OPTIMAL,INFEASIBLE,OPTIMAL
RECQL,OPTIMAL,OPTIMAL,OPTIMAL,OPTIMAL
GOLT1B,INFEASIBLE,OPTIMAL,INFEASIBLE,OPTIMAL
LDHB,OPTIMAL,OPTIMAL,OPTIMAL,OPTIMAL
KCNJ8,OPTIMAL,OPTIMAL,OPTIMAL,OPTIMAL
CMAS,INFEASIBLE,OPTIMAL,INFEASIBLE,INFEASIBLE
C2CD5,INFEASIBLE,OPTIMAL,INFEASIBLE,OPTIMAL
ETNK1,INFEASIBLE,OPTIMAL,INFEASIBLE,INFEASIBLE
SOX5,INFEASIBLE,OPTIMAL,INFEASIBLE,OPTIMAL
BCAT1,INFEASIBLE,OPTIMAL,INFEASIBLE,INFEASIBLE
ETFRF1,OPTIMAL,OPTIMAL,OPTIMAL,OPTIMAL
KRAS,INFEASIBLE,OPTIMAL,INFEASIBLE,OPTIMAL
RASSF8,INFEASIBLE,OPTIMAL,INFEASIBLE,INFEASIBLE
SSPN,OPTIMAL,OPTIMAL,OPTIMAL,OPTIMAL
ITPR2,INFEASIBLE,OPTIMAL,INFEASIBLE,INFEASIBLE
INTS13,INFEASIBLE,OPTIMAL,INFEASIBLE,INFEASIBLE
FGFR1OP2,INFEASIBLE,OPTIMAL,OPTIMAL,OPTIMAL
TM7SF3,INFEASIBLE,OPTIMAL,INFEASIBLE,OPTIMAL
MED21,OPTIMAL,OPTIMAL,OPTIMAL,OPTIMAL
STK38L,INFEASIBLE,OPTIMAL,INFEASIBLE,INFEASIBLE
BMAL2,INFEASIBLE,OPTIMAL,INFEASIBLE,OPTIMAL
PPFIBP1,INFEASIBLE,OPTIMAL,INFEASIBLE,INFEASIBLE
MRPS35,INFEASIBLE,OPTIMAL,INFEASIBLE,OPTIMAL
KLHL42,INFEASIBLE,OPTIMAL,INFEASIBLE,OPTIMAL
CCDC91,INFEASIBLE,OPTIMAL,INFEASIBLE,INFEASIBLE
FAR2,INFEASIBLE,OPTIMAL,INFEASIBLE,INFEASIBLE
ERGIC2,OPTIMAL,OPTIMAL,OPTIMAL,OPTIMAL
TMTC1,OPTIMAL,OPTIMAL,INFEASIBLE,OPTIMAL
IPO8,INFEASIBLE,OPTIMAL,INFEASIBLE,INFEASIBLE
CAPRIN2,OPTIMAL,OPTIMAL,OPTIMAL,OPTIMAL
DDX11,INFEASIBLE,OPTIMAL,INFEASIBLE,INFEASIBLE
SINHCAF,INFEASIBLE,OPTIMAL,INFEASIBLE,INFEASIBLE
DENND5B,INFEASIBLE,OPTIMAL,INFEASIBLE,INFEASIBLE
AMN1,OPTIMAL,OPTIMAL,OPTIMAL,OPTIMAL
RESF1,INFEASIBLE,OPTIMAL,INFEASIBLE,INFEASIBLE
BICD1,INFEASIBLE,OPTIMAL,INFEASIBLE,INFEASIBLE
FGD4,OPTIMAL,OPTIMAL,INFEASIBLE,OPTIMAL
DNM1L,INFEASIBLE,OPTIMAL,INFEASIBLE,INFEASIBLE
YARS2,OPTIMAL,OPTIMAL,OPTIMAL,OPTIMAL
PKP2,INFEASIBLE,OPTIMAL,OPTIMAL,OPTIMAL
CPNE8,OPTIMAL,OPTIMAL,OPTIMAL,OPTIMAL
KIF21A,INFEASIBLE,OPTIMAL,INFEASIBLE,INFEASIBLE
C12orf40,INFEASIBLE,INFEASIBLE,OPTIMAL,OPTIMAL
SLC2A13,INFEASIBLE,OPTIMAL,INFEASIBLE,INFEASIBLE
CNTN1,INFEASIBLE,OPTIMAL,INFEASIBLE,OPTIMAL
GXYLT1,INFEASIBLE,OPTIMAL,INFEASIBLE,INFEASIBLE
YAF2,INFEASIBLE,OPTIMAL,INFEASIBLE,OPTIMAL
PPHLN1,INFEASIBLE,OPTIMAL,INFEASIBLE,INFEASIBLE
ZCRB1,OPTIMAL,OPTIMAL,OPTIMAL,OPTIMAL
PRICKLE1,INFEASIBLE,OPTIMAL,INFEASIBLE,OPTIMAL
ADAMTS20,OPTIMAL,OPTIMAL,OPTIMAL,OPTIMAL
PUS7L,INFEASIBLE,OPTIMAL,INFEASIBLE,INFEASIBLE
IRAK4,OPTIMAL,OPTIMAL,OPTIMAL,OPTIMAL
TWF1,INFEASIBLE,OPTIMAL,INFEASIBLE,INFEASIBLE
TMEM117,INFEASIBLE,OPTIMAL,INFEASIBLE,INFEASIBLE
NELL2,INFEASIBLE,OPTIMAL,INFEASIBLE,OPTIMAL
ANO6,INFEASIBLE,OPTIMAL,INFEASIBLE,INFEASIBLE
ARID2,INFEASIBLE,OPTIMAL,INFEASIBLE,INFEASIBLE
SCAF11,INFEASIBLE,OPTIMAL,INFEASIBLE,INFEASIBLE
SLC38A1,INFEASIBLE,OPTIMAL,INFEASIBLE,INFEASIBLE
SLC38A2,INFEASIBLE,OPTIMAL,INFEASIBLE,OPTIMAL
RPAP3,INFEASIBLE,OPTIMAL,INFEASIBLE,INFEASIBLE
SLC48A1,INFEASIBLE,INFEASIBLE,OPTIMAL,INFEASIBLE
HDAC7,OPTIMAL,OPTIMAL,OPTIMAL,OPTIMAL
TMEM106C,OPTIMAL,OPTIMAL,OPTIMAL,OPTIMAL
COL2A1,OPTIMAL,OPTIMAL,OPTIMAL,OPTIMAL
SENP1,INFEASIBLE,OPTIMAL,OPTIMAL,INFEASIBLE
PFKM,OPTIMAL,OPTIMAL,OPTIMAL,OPTIMAL
ASB8,OPTIMAL,OPTIMAL,OPTIMAL,OPTIMAL
KANSL2,INFEASIBLE,OPTIMAL,INFEASIBLE,OPTIMAL
CCNT1,INFEASIBLE,OPTIMAL,INFEASIBLE,INFEASIBLE
ADCY6,OPTIMAL,OPTIMAL,OPTIMAL,OPTIMAL
DDX23,INFEASIBLE,OPTIMAL,INFEASIBLE,INFEASIBLE
CCDC65,OPTIMAL,OPTIMAL,OPTIMAL,OPTIMAL
FKBP11,OPTIMAL,OPTIMAL,OPTIMAL,OPTIMAL
ARF3,OPTIMAL,OPTIMAL,OPTIMAL,OPTIMAL
PRKAG1,INFEASIBLE,OPTIMAL,INFEASIBLE,OPTIMAL
KMT2D,INFEASIBLE,OPTIMAL,OPTIMAL,OPTIMAL
LMBR1L,OPTIMAL,OPTIMAL,OPTIMAL,OPTIMAL
TUBA1B,OPTIMAL,INFEASIBLE,OPTIMAL,OPTIMAL
TUBA1A,OPTIMAL,OPTIMAL,OPTIMAL,OPTIMAL
TUBA1C,OPTIMAL,OPTIMAL,OPTIMAL,OPTIMAL
TROAP,OPTIMAL,OPTIMAL,OPTIMAL,OPTIMAL
SPATS2,INFEASIBLE,OPTIMAL,INFEASIBLE,INFEASIBLE
MCRS1,OPTIMAL,OPTIMAL,OPTIMAL,OPTIMAL
PRPF40B,INFEASIBLE,OPTIMAL,INFEASIBLE,INFEASIBLE
FMNL3,OPTIMAL,OPTIMAL,OPTIMAL,OPTIMAL
TMBIM6,OPTIMAL,OPTIMAL,OPTIMAL,OPTIMAL
NCKAP5L,INFEASIBLE,OPTIMAL,OPTIMAL,INFEASIBLE
BCDIN3D,INFEASIBLE,OPTIMAL,OPTIMAL,OPTIMAL
RACGAP1,INFEASIBLE,OPTIMAL,OPTIMAL,OPTIMAL
ASIC1,OPTIMAL,OPTIMAL,OPTIMAL,OPTIMAL
SMARCD1,INFEASIBLE,OPTIMAL,INFEASIBLE,OPTIMAL
COX14,OPTIMAL,INFEASIBLE,OPTIMAL,OPTIMAL
CERS5,INFEASIBLE,OPTIMAL,INFEASIBLE,INFEASIBLE
LIMA1,OPTIMAL,INFEASIBLE,INFEASIBLE,INFEASIBLE
LARP4,INFEASIBLE,OPTIMAL,INFEASIBLE,INFEASIBLE
DIP2B,INFEASIBLE,OPTIMAL,INFEASIBLE,INFEASIBLE
ATF1,INFEASIBLE,OPTIMAL,OPTIMAL,INFEASIBLE
METTL7A,OPTIMAL,OPTIMAL,OPTIMAL,OPTIMAL
SLC11A2,INFEASIBLE,OPTIMAL,INFEASIBLE,INFEASIBLE
LETMD1,OPTIMAL,OPTIMAL,INFEASIBLE,OPTIMAL
CSRNP2,INFEASIBLE,OPTIMAL,OPTIMAL,OPTIMAL
TFCP2,INFEASIBLE,OPTIMAL,INFEASIBLE,INFEASIBLE
DAZAP2,OPTIMAL,INFEASIBLE,OPTIMAL,OPTIMAL
GALNT6,OPTIMAL,OPTIMAL,OPTIMAL,OPTIMAL
SCN8A,INFEASIBLE,OPTIMAL,INFEASIBLE,INFEASIBLE
ACVR1B,INFEASIBLE,OPTIMAL,INFEASIBLE,OPTIMAL
ATG101,OPTIMAL,OPTIMAL,OPTIMAL,OPTIMAL
KRT8,OPTIMAL,OPTIMAL,OPTIMAL,OPTIMAL
KRT18,OPTIMAL,OPTIMAL,OPTIMAL,OPTIMAL
EIF4B,INFEASIBLE,OPTIMAL,INFEASIBLE,INFEASIBLE
CSAD,OPTIMAL,OPTIMAL,OPTIMAL,OPTIMAL
ZNF740,INFEASIBLE,OPTIMAL,OPTIMAL,INFEASIBLE
MFSD5,OPTIMAL,OPTIMAL,OPTIMAL,OPTIMAL
ESPL1,INFEASIBLE,OPTIMAL,INFEASIBLE,OPTIMAL
PFDN5,OPTIMAL,OPTIMAL,OPTIMAL,OPTIMAL
MYG1,OPTIMAL,OPTIMAL,OPTIMAL,OPTIMAL
AAAS,OPTIMAL,OPTIMAL,OPTIMAL,OPTIMAL
SP1,OPTIMAL,OPTIMAL,OPTIMAL,OPTIMAL
PRR13,OPTIMAL,OPTIMAL,OPTIMAL,OPTIMAL
PCBP2,INFEASIBLE,OPTIMAL,INFEASIBLE,INFEASIBLE
MAP3K12,OPTIMAL,OPTIMAL,OPTIMAL,OPTIMAL
TARBP2,OPTIMAL,OPTIMAL,OPTIMAL,OPTIMAL
ATF7,OPTIMAL,INFEASIBLE,OPTIMAL,OPTIMAL
ATP5MC2,OPTIMAL,OPTIMAL,OPTIMAL,OPTIMAL
HOXC10,OPTIMAL,OPTIMAL,OPTIMAL,OPTIMAL
HOXC6,OPTIMAL,INFEASIBLE,OPTIMAL,OPTIMAL
HOXC9,OPTIMAL,OPTIMAL,OPTIMAL,OPTIMAL
HOXC8,OPTIMAL,OPTIMAL,OPTIMAL,OPTIMAL
HOXC4,OPTIMAL,OPTIMAL,OPTIMAL,OPTIMAL
SMUG1,OPTIMAL,OPTIMAL,OPTIMAL,OPTIMAL
CBX5,INFEASIBLE,OPTIMAL,INFEASIBLE,INFEASIBLE
HNRNPA1,INFEASIBLE,OPTIMAL,INFEASIBLE,INFEASIBLE
COPZ1,OPTIMAL,OPTIMAL,OPTIMAL,OPTIMAL
ZNF385A,OPTIMAL,OPTIMAL,OPTIMAL,OPTIMAL
ITGA5,OPTIMAL,OPTIMAL,OPTIMAL,OPTIMAL
PPP1R1A,OPTIMAL,INFEASIBLE,OPTIMAL,OPTIMAL
BLOC1S1,OPTIMAL,OPTIMAL,OPTIMAL,OPTIMAL
CD63,OPTIMAL,OPTIMAL,OPTIMAL,OPTIMAL
GDF11,INFEASIBLE,OPTIMAL,OPTIMAL,OPTIMAL
SARNP,OPTIMAL,OPTIMAL,OPTIMAL,OPTIMAL
ORMDL2,OPTIMAL,OPTIMAL,OPTIMAL,OPTIMAL
DNAJC14,INFEASIBLE,OPTIMAL,INFEASIBLE,OPTIMAL
PYM1,INFEASIBLE,OPTIMAL,INFEASIBLE,OPTIMAL
CDK2,OPTIMAL,OPTIMAL,OPTIMAL,OPTIMAL
RAB5B,INFEASIBLE,OPTIMAL,OPTIMAL,OPTIMAL
RPS26,OPTIMAL,OPTIMAL,OPTIMAL,OPTIMAL
PA2G4,INFEASIBLE,OPTIMAL,INFEASIBLE,OPTIMAL
RPL41,OPTIMAL,OPTIMAL,OPTIMAL,OPTIMAL
ESYT1,OPTIMAL,OPTIMAL,OPTIMAL,OPTIMAL
MYL6B,OPTIMAL,OPTIMAL,OPTIMAL,OPTIMAL
MYL6,OPTIMAL,OPTIMAL,OPTIMAL,OPTIMAL
SMARCC2,INFEASIBLE,OPTIMAL,INFEASIBLE,INFEASIBLE
RNF41,OPTIMAL,OPTIMAL,OPTIMAL,OPTIMAL
NABP2,OPTIMAL,OPTIMAL,OPTIMAL,OPTIMAL
ANKRD52,INFEASIBLE,OPTIMAL,OPTIMAL,OPTIMAL
COQ10A,OPTIMAL,OPTIMAL,OPTIMAL,OPTIMAL
CS,INFEASIBLE,OPTIMAL,INFEASIBLE,INFEASIBLE
CNPY2,OPTIMAL,OPTIMAL,OPTIMAL,OPTIMAL
STAT2,OPTIMAL,OPTIMAL,OPTIMAL,OPTIMAL
TIMELESS,INFEASIBLE,OPTIMAL,INFEASIBLE,INFEASIBLE
SPRYD4,OPTIMAL,OPTIMAL,OPTIMAL,OPTIMAL
RBMS2,OPTIMAL,OPTIMAL,INFEASIBLE,OPTIMAL
BAZ2A,INFEASIBLE,OPTIMAL,INFEASIBLE,INFEASIBLE
ATP5F1B,OPTIMAL,OPTIMAL,OPTIMAL,OPTIMAL
PTGES3,INFEASIBLE,OPTIMAL,INFEASIBLE,INFEASIBLE
NACA,OPTIMAL,OPTIMAL,OPTIMAL,OPTIMAL
PRIM1,OPTIMAL,INFEASIBLE,OPTIMAL,OPTIMAL
ZBTB39,INFEASIBLE,OPTIMAL,INFEASIBLE,INFEASIBLE
NEMP1,INFEASIBLE,OPTIMAL,INFEASIBLE,INFEASIBLE
STAT6,OPTIMAL,OPTIMAL,OPTIMAL,OPTIMAL
LRP1,OPTIMAL,OPTIMAL,OPTIMAL,OPTIMAL
SHMT2,OPTIMAL,OPTIMAL,OPTIMAL,OPTIMAL
R3HDM2,OPTIMAL,OPTIMAL,OPTIMAL,OPTIMAL
MARS1,INFEASIBLE,OPTIMAL,INFEASIBLE,OPTIMAL
MBD6,OPTIMAL,INFEASIBLE,OPTIMAL,OPTIMAL
DCTN2,OPTIMAL,OPTIMAL,OPTIMAL,OPTIMAL
KIF5A,OPTIMAL,OPTIMAL,OPTIMAL,OPTIMAL
PIP4K2C,OPTIMAL,OPTIMAL,OPTIMAL,OPTIMAL
OS9,INFEASIBLE,OPTIMAL,INFEASIBLE,INFEASIBLE
TSPAN31,OPTIMAL,OPTIMAL,OPTIMAL,OPTIMAL
CDK4,OPTIMAL,OPTIMAL,OPTIMAL,OPTIMAL
MARCHF9,OPTIMAL,OPTIMAL,OPTIMAL,OPTIMAL
METTL1,OPTIMAL,OPTIMAL,OPTIMAL,OPTIMAL
EEF1AKMT3,OPTIMAL,OPTIMAL,OPTIMAL,OPTIMAL
TSFM,INFEASIBLE,OPTIMAL,INFEASIBLE,OPTIMAL
CTDSP2,OPTIMAL,OPTIMAL,OPTIMAL,OPTIMAL
ATP23,OPTIMAL,OPTIMAL,OPTIMAL,OPTIMAL
LRIG3,INFEASIBLE,OPTIMAL,INFEASIBLE,INFEASIBLE
TAFA2,OPTIMAL,OPTIMAL,OPTIMAL,OPTIMAL
USP15,INFEASIBLE,OPTIMAL,INFEASIBLE,INFEASIBLE
MON2,INFEASIBLE,OPTIMAL,INFEASIBLE,INFEASIBLE
PPM1H,INFEASIBLE,OPTIMAL,INFEASIBLE,OPTIMAL
RXYLT1,INFEASIBLE,OPTIMAL,INFEASIBLE,OPTIMAL
SRGAP1,INFEASIBLE,OPTIMAL,INFEASIBLE,OPTIMAL
KICS2,OPTIMAL,OPTIMAL,OPTIMAL,OPTIMAL
XPOT,INFEASIBLE,OPTIMAL,INFEASIBLE,INFEASIBLE
TBK1,INFEASIBLE,OPTIMAL,INFEASIBLE,INFEASIBLE
RASSF3,OPTIMAL,OPTIMAL,OPTIMAL,OPTIMAL
GNS,OPTIMAL,OPTIMAL,OPTIMAL,OPTIMAL
TBC1D30,OPTIMAL,OPTIMAL,OPTIMAL,OPTIMAL
LEMD3,INFEASIBLE,OPTIMAL,INFEASIBLE,INFEASIBLE
MSRB3,INFEASIBLE,OPTIMAL,INFEASIBLE,INFEASIBLE
HMGA2,INFEASIBLE,OPTIMAL,INFEASIBLE,OPTIMAL
LLPH,OPTIMAL,INFEASIBLE,OPTIMAL,OPTIMAL
TMBIM4,OPTIMAL,OPTIMAL,OPTIMAL,OPTIMAL
HELB,INFEASIBLE,OPTIMAL,OPTIMAL,OPTIMAL
GRIP1,INFEASIBLE,OPTIMAL,INFEASIBLE,INFEASIBLE
CAND1,INFEASIBLE,OPTIMAL,INFEASIBLE,INFEASIBLE
DYRK2,INFEASIBLE,OPTIMAL,INFEASIBLE,INFEASIBLE
MDM1,INFEASIBLE,OPTIMAL,INFEASIBLE,INFEASIBLE
RAP1B,INFEASIBLE,OPTIMAL,INFEASIBLE,INFEASIBLE
NUP107,INFEASIBLE,OPTIMAL,INFEASIBLE,INFEASIBLE
SLC35E3,INFEASIBLE,OPTIMAL,INFEASIBLE,OPTIMAL
MDM2,INFEASIBLE,OPTIMAL,INFEASIBLE,INFEASIBLE
CPM,OPTIMAL,OPTIMAL,OPTIMAL,OPTIMAL
CPSF6,INFEASIBLE,OPTIMAL,INFEASIBLE,INFEASIBLE
YEATS4,OPTIMAL,OPTIMAL,OPTIMAL,OPTIMAL
FRS2,INFEASIBLE,OPTIMAL,INFEASIBLE,INFEASIBLE
CCT2,INFEASIBLE,OPTIMAL,INFEASIBLE,OPTIMAL
RAB3IP,INFEASIBLE,OPTIMAL,INFEASIBLE,INFEASIBLE
CNOT2,INFEASIBLE,OPTIMAL,INFEASIBLE,INFEASIBLE
KCNMB4,INFEASIBLE,OPTIMAL,INFEASIBLE,OPTIMAL
TSPAN8,INFEASIBLE,INFEASIBLE,OPTIMAL,INFEASIBLE
LGR5,INFEASIBLE,OPTIMAL,OPTIMAL,OPTIMAL
ZFC3H1,INFEASIBLE,OPTIMAL,INFEASIBLE,INFEASIBLE
THAP2,OPTIMAL,OPTIMAL,OPTIMAL,OPTIMAL
TMEM19,OPTIMAL,OPTIMAL,OPTIMAL,OPTIMAL
RAB21,INFEASIBLE,OPTIMAL,INFEASIBLE,INFEASIBLE
TBC1D15,INFEASIBLE,OPTIMAL,INFEASIBLE,INFEASIBLE
TRHDE,INFEASIBLE,OPTIMAL,INFEASIBLE,OPTIMAL
ATXN7L3B,INFEASIBLE,OPTIMAL,INFEASIBLE,INFEASIBLE
CAPS2,OPTIMAL,OPTIMAL,OPTIMAL,OPTIMAL
GLIPR1,INFEASIBLE,OPTIMAL,OPTIMAL,OPTIMAL
KRR1,INFEASIBLE,OPTIMAL,INFEASIBLE,INFEASIBLE
NAP1L1,INFEASIBLE,OPTIMAL,INFEASIBLE,INFEASIBLE
OSBPL8,INFEASIBLE,OPTIMAL,INFEASIBLE,INFEASIBLE
ZDHHC17,INFEASIBLE,OPTIMAL,INFEASIBLE,INFEASIBLE
CSRP2,OPTIMAL,OPTIMAL,OPTIMAL,OPTIMAL
E2F7,OPTIMAL,OPTIMAL,OPTIMAL,OPTIMAL
SYT1,OPTIMAL,OPTIMAL,INFEASIBLE,INFEASIBLE
PAWR,INFEASIBLE,OPTIMAL,INFEASIBLE,INFEASIBLE
PPP1R12A,INFEASIBLE,OPTIMAL,INFEASIBLE,INFEASIBLE
LIN7A,INFEASIBLE,OPTIMAL,INFEASIBLE,OPTIMAL
ACSS3,INFEASIBLE,OPTIMAL,INFEASIBLE,INFEASIBLE
PPFIA2,OPTIMAL,OPTIMAL,OPTIMAL,OPTIMAL
CCDC59,OPTIMAL,OPTIMAL,INFEASIBLE,OPTIMAL
METTL25,INFEASIBLE,OPTIMAL,INFEASIBLE,INFEASIBLE
TMTC2,INFEASIBLE,OPTIMAL,INFEASIBLE,INFEASIBLE
SLC6A15,INFEASIBLE,OPTIMAL,INFEASIBLE,INFEASIBLE
ALX1,OPTIMAL,OPTIMAL,OPTIMAL,OPTIMAL
MGAT4C,INFEASIBLE,INFEASIBLE,INFEASIBLE,INFEASIBLE
C12orf29,INFEASIBLE,OPTIMAL,OPTIMAL,OPTIMAL
CEP290,INFEASIBLE,OPTIMAL,INFEASIBLE,INFEASIBLE
TMTC3,OPTIMAL,OPTIMAL,OPTIMAL,OPTIMAL
KITLG,INFEASIBLE,OPTIMAL,INFEASIBLE,INFEASIBLE
POC1B,OPTIMAL,OPTIMAL,INFEASIBLE,OPTIMAL
ATP2B1,INFEASIBLE,OPTIMAL,INFEASIBLE,INFEASIBLE
BTG1,OPTIMAL,OPTIMAL,OPTIMAL,OPTIMAL
EEA1,INFEASIBLE,INFEASIBLE,INFEASIBLE,INFEASIBLE
NUDT4,OPTIMAL,OPTIMAL,OPTIMAL,OPTIMAL
UBE2N,INFEASIBLE,OPTIMAL,OPTIMAL,INFEASIBLE
MRPL42,INFEASIBLE,OPTIMAL,OPTIMAL,OPTIMAL
CRADD,INFEASIBLE,OPTIMAL,INFEASIBLE,OPTIMAL
CEP83,INFEASIBLE,OPTIMAL,INFEASIBLE,INFEASIBLE
TMCC3,OPTIMAL,OPTIMAL,OPTIMAL,OPTIMAL
NDUFA12,OPTIMAL,INFEASIBLE,OPTIMAL,OPTIMAL
NR2C1,INFEASIBLE,OPTIMAL,INFEASIBLE,INFEASIBLE
FGD6,INFEASIBLE,OPTIMAL,INFEASIBLE,INFEASIBLE
VEZT,INFEASIBLE,OPTIMAL,INFEASIBLE,INFEASIBLE
METAP2,OPTIMAL,OPTIMAL,INFEASIBLE,OPTIMAL
USP44,INFEASIBLE,OPTIMAL,INFEASIBLE,OPTIMAL
SNRPF,OPTIMAL,INFEASIBLE,OPTIMAL,OPTIMAL
LTA4H,INFEASIBLE,OPTIMAL,OPTIMAL,OPTIMAL
ELK3,INFEASIBLE,OPTIMAL,OPTIMAL,INFEASIBLE
CDK17,INFEASIBLE,OPTIMAL,INFEASIBLE,OPTIMAL
NEDD1,INFEASIBLE,OPTIMAL,INFEASIBLE,OPTIMAL
TMPO,INFEASIBLE,OPTIMAL,INFEASIBLE,INFEASIBLE
SLC25A3,OPTIMAL,OPTIMAL,OPTIMAL,OPTIMAL
IKBIP,INFEASIBLE,OPTIMAL,INFEASIBLE,OPTIMAL
APAF1,INFEASIBLE,OPTIMAL,INFEASIBLE,OPTIMAL
ANKS1B,INFEASIBLE,OPTIMAL,INFEASIBLE,INFEASIBLE
BLTP3B,INFEASIBLE,OPTIMAL,INFEASIBLE,INFEASIBLE
ACTR6,OPTIMAL,OPTIMAL,OPTIMAL,OPTIMAL
DEPDC4,INFEASIBLE,OPTIMAL,OPTIMAL,OPTIMAL
SCYL2,INFEASIBLE,OPTIMAL,INFEASIBLE,INFEASIBLE
GAS2L3,INFEASIBLE,OPTIMAL,INFEASIBLE,OPTIMAL
ANO4,INFEASIBLE,OPTIMAL,INFEASIBLE,INFEASIBLE
UTP20,INFEASIBLE,OPTIMAL,INFEASIBLE,INFEASIBLE
ARL1,OPTIMAL,OPTIMAL,OPTIMAL,OPTIMAL
CHPT1,OPTIMAL,OPTIMAL,OPTIMAL,OPTIMAL
GNPTAB,INFEASIBLE,OPTIMAL,OPTIMAL,OPTIMAL
WASHC3,OPTIMAL,OPTIMAL,OPTIMAL,OPTIMAL
NUP37,OPTIMAL,OPTIMAL,INFEASIBLE,OPTIMAL
PARPBP,INFEASIBLE,OPTIMAL,INFEASIBLE,OPTIMAL
NT5DC3,INFEASIBLE,OPTIMAL,INFEASIBLE,INFEASIBLE
HSP90B1,INFEASIBLE,OPTIMAL,INFEASIBLE,INFEASIBLE
UQCC6,OPTIMAL,OPTIMAL,OPTIMAL,OPTIMAL
TDG,INFEASIBLE,OPTIMAL,INFEASIBLE,OPTIMAL
HCFC2,INFEASIBLE,OPTIMAL,OPTIMAL,OPTIMAL
NFYB,OPTIMAL,OPTIMAL,OPTIMAL,OPTIMAL
TXNRD1,INFEASIBLE,OPTIMAL,INFEASIBLE,INFEASIBLE
CHST11,OPTIMAL,INFEASIBLE,OPTIMAL,OPTIMAL
SLC41A2,INFEASIBLE,OPTIMAL,INFEASIBLE,INFEASIBLE
NOPCHAP1,OPTIMAL,INFEASIBLE,OPTIMAL,OPTIMAL
ALDH1L2,INFEASIBLE,OPTIMAL,INFEASIBLE,INFEASIBLE
WASHC4,INFEASIBLE,OPTIMAL,INFEASIBLE,INFEASIBLE
APPL2,INFEASIBLE,OPTIMAL,INFEASIBLE,INFEASIBLE
C12orf75,OPTIMAL,OPTIMAL,OPTIMAL,OPTIMAL
NUAK1,OPTIMAL,OPTIMAL,OPTIMAL,OPTIMAL
CKAP4,INFEASIBLE,OPTIMAL,INFEASIBLE,OPTIMAL
POLR3B,INFEASIBLE,OPTIMAL,INFEASIBLE,INFEASIBLE
RIC8B,OPTIMAL,OPTIMAL,OPTIMAL,OPTIMAL
TMEM263,OPTIMAL,OPTIMAL,OPTIMAL,OPTIMAL
MTERF2,INFEASIBLE,OPTIMAL,INFEASIBLE,OPTIMAL
CRY1,INFEASIBLE,OPTIMAL,INFEASIBLE,OPTIMAL
ABTB3,INFEASIBLE,OPTIMAL,INFEASIBLE,INFEASIBLE
PWP1,INFEASIBLE,OPTIMAL,INFEASIBLE,INFEASIBLE
PRDM4,INFEASIBLE,OPTIMAL,INFEASIBLE,INFEASIBLE
SART3,INFEASIBLE,OPTIMAL,INFEASIBLE,INFEASIBLE
ISCU,OPTIMAL,OPTIMAL,OPTIMAL,OPTIMAL
CORO1C,INFEASIBLE,OPTIMAL,OPTIMAL,INFEASIBLE
SSH1,INFEASIBLE,OPTIMAL,INFEASIBLE,INFEASIBLE
USP30,OPTIMAL,OPTIMAL,OPTIMAL,OPTIMAL
ALKBH2,OPTIMAL,OPTIMAL,OPTIMAL,OPTIMAL
UNG,OPTIMAL,OPTIMAL,INFEASIBLE,OPTIMAL
ACACB,OPTIMAL,OPTIMAL,INFEASIBLE,OPTIMAL
KCTD10,INFEASIBLE,OPTIMAL,INFEASIBLE,INFEASIBLE
UBE3B,OPTIMAL,OPTIMAL,OPTIMAL,OPTIMAL
MMAB,OPTIMAL,OPTIMAL,OPTIMAL,OPTIMAL
MVK,OPTIMAL,OPTIMAL,OPTIMAL,OPTIMAL
FAM222A,OPTIMAL,OPTIMAL,OPTIMAL,OPTIMAL
GLTP,OPTIMAL,OPTIMAL,OPTIMAL,OPTIMAL
TCHP,INFEASIBLE,OPTIMAL,INFEASIBLE,OPTIMAL
GIT2,INFEASIBLE,OPTIMAL,INFEASIBLE,INFEASIBLE
ANKRD13A,INFEASIBLE,OPTIMAL,INFEASIBLE,OPTIMAL
C12orf76,OPTIMAL,OPTIMAL,OPTIMAL,OPTIMAL
IFT81,INFEASIBLE,OPTIMAL,INFEASIBLE,INFEASIBLE
ATP2A2,INFEASIBLE,OPTIMAL,INFEASIBLE,INFEASIBLE
ANAPC7,INFEASIBLE,OPTIMAL,INFEASIBLE,OPTIMAL
ARPC3,OPTIMAL,OPTIMAL,OPTIMAL,OPTIMAL
GPN3,OPTIMAL,OPTIMAL,OPTIMAL,OPTIMAL
FAM216A,OPTIMAL,OPTIMAL,OPTIMAL,OPTIMAL
VPS29,OPTIMAL,OPTIMAL,OPTIMAL,OPTIMAL
PPTC7,OPTIMAL,OPTIMAL,OPTIMAL,OPTIMAL
TCTN1,OPTIMAL,OPTIMAL,OPTIMAL,OPTIMAL
PPP1CC,INFEASIBLE,OPTIMAL,INFEASIBLE,INFEASIBLE
CUX2,OPTIMAL,INFEASIBLE,OPTIMAL,OPTIMAL
SH2B3,OPTIMAL,OPTIMAL,OPTIMAL,OPTIMAL
ATXN2,INFEASIBLE,OPTIMAL,INFEASIBLE,INFEASIBLE
BRAP,INFEASIBLE,OPTIMAL,OPTIMAL,OPTIMAL
ACAD10,INFEASIBLE,OPTIMAL,INFEASIBLE,OPTIMAL
ALDH2,OPTIMAL,OPTIMAL,OPTIMAL,OPTIMAL
MAPKAPK5,INFEASIBLE,OPTIMAL,INFEASIBLE,INFEASIBLE
TMEM116,INFEASIBLE,OPTIMAL,OPTIMAL,OPTIMAL
ERP29,OPTIMAL,OPTIMAL,OPTIMAL,OPTIMAL
NAA25,INFEASIBLE,OPTIMAL,INFEASIBLE,INFEASIBLE
TRAFD1,INFEASIBLE,OPTIMAL,INFEASIBLE,INFEASIBLE
HECTD4,INFEASIBLE,OPTIMAL,INFEASIBLE,INFEASIBLE
RPL6,OPTIMAL,OPTIMAL,OPTIMAL,OPTIMAL
PTPN11,INFEASIBLE,OPTIMAL,INFEASIBLE,INFEASIBLE
DDX54,INFEASIBLE,OPTIMAL,INFEASIBLE,OPTIMAL
RITA1,OPTIMAL,OPTIMAL,OPTIMAL,OPTIMAL
TPCN1,OPTIMAL,OPTIMAL,OPTIMAL,OPTIMAL
PLBD2,OPTIMAL,OPTIMAL,OPTIMAL,OPTIMAL
RBM19,INFEASIBLE,OPTIMAL,INFEASIBLE,INFEASIBLE
TBX3,INFEASIBLE,OPTIMAL,INFEASIBLE,INFEASIBLE
MED13L,INFEASIBLE,OPTIMAL,INFEASIBLE,INFEASIBLE
SPRING1,OPTIMAL,OPTIMAL,OPTIMAL,OPTIMAL
RNFT2,INFEASIBLE,INFEASIBLE,OPTIMAL,OPTIMAL
HRK,OPTIMAL,OPTIMAL,OPTIMAL,OPTIMAL
FBXW8,INFEASIBLE,OPTIMAL,INFEASIBLE,INFEASIBLE
TESC,INFEASIBLE,OPTIMAL,OPTIMAL,OPTIMAL
FBXO21,INFEASIBLE,OPTIMAL,INFEASIBLE,INFEASIBLE
KSR2,OPTIMAL,OPTIMAL,OPTIMAL,OPTIMAL
RFC5,OPTIMAL,OPTIMAL,INFEASIBLE,OPTIMAL
WSB2,OPTIMAL,INFEASIBLE,OPTIMAL,OPTIMAL
VSIG10,OPTIMAL,OPTIMAL,INFEASIBLE,OPTIMAL
PEBP1,OPTIMAL,OPTIMAL,OPTIMAL,OPTIMAL
TAOK3,INFEASIBLE,OPTIMAL,INFEASIBLE,INFEASIBLE
SUDS3,INFEASIBLE,OPTIMAL,INFEASIBLE,OPTIMAL
PRKAB1,OPTIMAL,OPTIMAL,OPTIMAL,OPTIMAL
CIT,INFEASIBLE,OPTIMAL,INFEASIBLE,OPTIMAL
RAB35,INFEASIBLE,OPTIMAL,INFEASIBLE,OPTIMAL
GCN1,INFEASIBLE,OPTIMAL,INFEASIBLE,OPTIMAL
RPLP0,OPTIMAL,INFEASIBLE,OPTIMAL,OPTIMAL
PXN,OPTIMAL,OPTIMAL,OPTIMAL,OPTIMAL
MSI1,INFEASIBLE,INFEASIBLE,OPTIMAL,INFEASIBLE
COX6A1,OPTIMAL,OPTIMAL,OPTIMAL,OPTIMAL
TRIAP1,OPTIMAL,OPTIMAL,OPTIMAL,OPTIMAL
GATC,OPTIMAL,OPTIMAL,OPTIMAL,OPTIMAL
SRSF9,OPTIMAL,OPTIMAL,OPTIMAL,OPTIMAL
DYNLL1,OPTIMAL,OPTIMAL,OPTIMAL,OPTIMAL
COQ5,OPTIMAL,OPTIMAL,OPTIMAL,OPTIMAL
RNF10,INFEASIBLE,OPTIMAL,OPTIMAL,INFEASIBLE
POP5,OPTIMAL,OPTIMAL,OPTIMAL,OPTIMAL
MLEC,INFEASIBLE,OPTIMAL,INFEASIBLE,INFEASIBLE
UNC119B,INFEASIBLE,OPTIMAL,INFEASIBLE,OPTIMAL
SPPL3,INFEASIBLE,OPTIMAL,INFEASIBLE,INFEASIBLE
C12orf43,OPTIMAL,OPTIMAL,OPTIMAL,OPTIMAL
P2RX4,OPTIMAL,OPTIMAL,OPTIMAL,OPTIMAL
CAMKK2,INFEASIBLE,OPTIMAL,INFEASIBLE,OPTIMAL
ANAPC5,INFEASIBLE,OPTIMAL,INFEASIBLE,OPTIMAL
RNF34,INFEASIBLE,OPTIMAL,INFEASIBLE,INFEASIBLE
KDM2B,OPTIMAL,OPTIMAL,OPTIMAL,OPTIMAL
ORAI1,OPTIMAL,OPTIMAL,OPTIMAL,OPTIMAL
TMEM120B,OPTIMAL,OPTIMAL,INFEASIBLE,OPTIMAL
RHOF,OPTIMAL,OPTIMAL,OPTIMAL,OPTIMAL
SETD1B,INFEASIBLE,OPTIMAL,OPTIMAL,OPTIMAL
PSMD9,OPTIMAL,OPTIMAL,OPTIMAL,OPTIMAL
CFAP251,INFEASIBLE,INFEASIBLE,INFEASIBLE,INFEASIBLE
BCL7A,INFEASIBLE,OPTIMAL,OPTIMAL,INFEASIBLE
MLXIP,INFEASIBLE,OPTIMAL,INFEASIBLE,INFEASIBLE
VPS33A,INFEASIBLE,OPTIMAL,INFEASIBLE,OPTIMAL
CLIP1,INFEASIBLE,OPTIMAL,INFEASIBLE,INFEASIBLE
ZCCHC8,INFEASIBLE,OPTIMAL,INFEASIBLE,INFEASIBLE
RSRC2,INFEASIBLE,OPTIMAL,INFEASIBLE,OPTIMAL
KNTC1,INFEASIBLE,OPTIMAL,INFEASIBLE,OPTIMAL
DENR,INFEASIBLE,OPTIMAL,INFEASIBLE,INFEASIBLE
HIP1R,OPTIMAL,OPTIMAL,OPTIMAL,OPTIMAL
VPS37B,INFEASIBLE,OPTIMAL,OPTIMAL,INFEASIBLE
ABCB9,OPTIMAL,OPTIMAL,OPTIMAL,OPTIMAL
ARL6IP4,OPTIMAL,OPTIMAL,OPTIMAL,OPTIMAL
PITPNM2,INFEASIBLE,OPTIMAL,OPTIMAL,OPTIMAL
MPHOSPH9,OPTIMAL,OPTIMAL,INFEASIBLE,OPTIMAL
MTRFR,OPTIMAL,OPTIMAL,OPTIMAL,OPTIMAL
CDK2AP1,OPTIMAL,OPTIMAL,OPTIMAL,OPTIMAL
SBNO1,INFEASIBLE,OPTIMAL,INFEASIBLE,INFEASIBLE
KMT5A,OPTIMAL,OPTIMAL,OPTIMAL,OPTIMAL
RILPL2,OPTIMAL,OPTIMAL,OPTIMAL,OPTIMAL
SNRNP35,OPTIMAL,OPTIMAL,OPTIMAL,OPTIMAL
RILPL1,INFEASIBLE,OPTIMAL,INFEASIBLE,OPTIMAL
TMED2,INFEASIBLE,OPTIMAL,INFEASIBLE,INFEASIBLE
DDX55,INFEASIBLE,OPTIMAL,OPTIMAL,INFEASIBLE
EIF2B1,INFEASIBLE,OPTIMAL,INFEASIBLE,OPTIMAL
GTF2H3,INFEASIBLE,OPTIMAL,INFEASIBLE,INFEASIBLE
TCTN2,OPTIMAL,OPTIMAL,OPTIMAL,OPTIMAL
ATP6V0A2,INFEASIBLE,OPTIMAL,INFEASIBLE,INFEASIBLE
CCDC92,INFEASIBLE,OPTIMAL,INFEASIBLE,OPTIMAL
ZNF664,INFEASIBLE,OPTIMAL,INFEASIBLE,INFEASIBLE
NCOR2,INFEASIBLE,OPTIMAL,INFEASIBLE,INFEASIBLE
SCARB1,INFEASIBLE,OPTIMAL,INFEASIBLE,OPTIMAL
UBC,INFEASIBLE,OPTIMAL,OPTIMAL,OPTIMAL
DHX37,INFEASIBLE,OPTIMAL,INFEASIBLE,INFEASIBLE
BRI3BP,OPTIMAL,OPTIMAL,OPTIMAL,INFEASIBLE
AACS,INFEASIBLE,OPTIMAL,INFEASIBLE,INFEASIBLE
SLC15A4,INFEASIBLE,OPTIMAL,INFEASIBLE,OPTIMAL
STX2,INFEASIBLE,OPTIMAL,INFEASIBLE,OPTIMAL
RAN,OPTIMAL,INFEASIBLE,OPTIMAL,OPTIMAL
SFSWAP,INFEASIBLE,OPTIMAL,INFEASIBLE,INFEASIBLE
ULK1,OPTIMAL,OPTIMAL,OPTIMAL,OPTIMAL
PUS1,INFEASIBLE,OPTIMAL,INFEASIBLE,OPTIMAL
EP400,INFEASIBLE,OPTIMAL,INFEASIBLE,INFEASIBLE
DDX51,INFEASIBLE,OPTIMAL,OPTIMAL,OPTIMAL
NOC4L,OPTIMAL,OPTIMAL,OPTIMAL,OPTIMAL
FBRSL1,OPTIMAL,OPTIMAL,OPTIMAL,OPTIMAL
POLE,INFEASIBLE,OPTIMAL,INFEASIBLE,INFEASIBLE
PXMP2,OPTIMAL,OPTIMAL,OPTIMAL,OPTIMAL
PGAM5,OPTIMAL,OPTIMAL,OPTIMAL,OPTIMAL
ANKLE2,INFEASIBLE,OPTIMAL,INFEASIBLE,INFEASIBLE
GOLGA3,INFEASIBLE,OPTIMAL,INFEASIBLE,INFEASIBLE
CHFR,INFEASIBLE,OPTIMAL,INFEASIBLE,OPTIMAL
ZNF26,INFEASIBLE,OPTIMAL,INFEASIBLE,INFEASIBLE
ZNF84,OPTIMAL,OPTIMAL,INFEASIBLE,OPTIMAL
ZNF140,INFEASIBLE,OPTIMAL,INFEASIBLE,INFEASIBLE
ZNF891,INFEASIBLE,OPTIMAL,INFEASIBLE,OPTIMAL
ZNF10,INFEASIBLE,OPTIMAL,INFEASIBLE,OPTIMAL
ZNF268,OPTIMAL,OPTIMAL,OPTIMAL,OPTIMAL
MPHOSPH8,OPTIMAL,OPTIMAL,OPTIMAL,OPTIMAL
PSPC1,INFEASIBLE,OPTIMAL,INFEASIBLE,INFEASIBLE
ZMYM5,OPTIMAL,OPTIMAL,OPTIMAL,OPTIMAL
ZMYM2,INFEASIBLE,OPTIMAL,INFEASIBLE,INFEASIBLE
CRYL1,OPTIMAL,OPTIMAL,OPTIMAL,OPTIMAL
IFT88,INFEASIBLE,OPTIMAL,INFEASIBLE,OPTIMAL
EEF1AKMT1,OPTIMAL,INFEASIBLE,OPTIMAL,OPTIMAL
XPO4,INFEASIBLE,OPTIMAL,INFEASIBLE,INFEASIBLE
LATS2,INFEASIBLE,OPTIMAL,OPTIMAL,OPTIMAL
SAP18,OPTIMAL,OPTIMAL,OPTIMAL,OPTIMAL
SKA3,INFEASIBLE,OPTIMAL,OPTIMAL,OPTIMAL
MRPL57,INFEASIBLE,OPTIMAL,OPTIMAL,OPTIMAL
ZDHHC20,INFEASIBLE,OPTIMAL,INFEASIBLE,INFEASIBLE
MICU2,INFEASIBLE,OPTIMAL,INFEASIBLE,OPTIMAL
SACS,INFEASIBLE,OPTIMAL,INFEASIBLE,INFEASIBLE
MIPEP,INFEASIBLE,OPTIMAL,INFEASIBLE,OPTIMAL
SPATA13,INFEASIBLE,OPTIMAL,INFEASIBLE,OPTIMAL
PARP4,INFEASIBLE,OPTIMAL,INFEASIBLE,INFEASIBLE
CENPJ,INFEASIBLE,OPTIMAL,INFEASIBLE,INFEASIBLE
MTMR6,INFEASIBLE,OPTIMAL,INFEASIBLE,OPTIMAL
NUP58,INFEASIBLE,OPTIMAL,INFEASIBLE,INFEASIBLE
SHISA2,INFEASIBLE,OPTIMAL,OPTIMAL,INFEASIBLE
RNF6,INFEASIBLE,OPTIMAL,INFEASIBLE,INFEASIBLE
CDK8,INFEASIBLE,OPTIMAL,INFEASIBLE,INFEASIBLE
WASF3,INFEASIBLE,OPTIMAL,INFEASIBLE,OPTIMAL
USP12,INFEASIBLE,OPTIMAL,INFEASIBLE,INFEASIBLE
RPL21,OPTIMAL,INFEASIBLE,OPTIMAL,OPTIMAL
GTF3A,OPTIMAL,OPTIMAL,OPTIMAL,OPTIMAL
MTIF3,OPTIMAL,OPTIMAL,OPTIMAL,OPTIMAL
LNX2,OPTIMAL,OPTIMAL,OPTIMAL,OPTIMAL
POLR1D,OPTIMAL,OPTIMAL,OPTIMAL,OPTIMAL
CDX2,OPTIMAL,OPTIMAL,OPTIMAL,OPTIMAL
FLT3,INFEASIBLE,OPTIMAL,OPTIMAL,INFEASIBLE
PAN3,OPTIMAL,OPTIMAL,INFEASIBLE,OPTIMAL
FLT1,OPTIMAL,INFEASIBLE,OPTIMAL,OPTIMAL
POMP,INFEASIBLE,OPTIMAL,OPTIMAL,OPTIMAL
SLC7A1,INFEASIBLE,OPTIMAL,INFEASIBLE,INFEASIBLE
UBL3,INFEASIBLE,OPTIMAL,INFEASIBLE,OPTIMAL
KATNAL1,INFEASIBLE,OPTIMAL,INFEASIBLE,OPTIMAL
HMGB1,OPTIMAL,OPTIMAL,OPTIMAL,OPTIMAL
USPL1,INFEASIBLE,OPTIMAL,INFEASIBLE,INFEASIBLE
HSPH1,INFEASIBLE,OPTIMAL,INFEASIBLE,INFEASIBLE
B3GLCT,INFEASIBLE,OPTIMAL,INFEASIBLE,OPTIMAL
FRY,OPTIMAL,OPTIMAL,OPTIMAL,OPTIMAL
BRCA2,INFEASIBLE,OPTIMAL,INFEASIBLE,INFEASIBLE
N4BP2L2,INFEASIBLE,OPTIMAL,INFEASIBLE,OPTIMAL
PDS5B,INFEASIBLE,OPTIMAL,INFEASIBLE,INFEASIBLE
STARD13,INFEASIBLE,OPTIMAL,INFEASIBLE,OPTIMAL
RFC3,INFEASIBLE,OPTIMAL,INFEASIBLE,OPTIMAL
NBEA,INFEASIBLE,OPTIMAL,INFEASIBLE,INFEASIBLE
SPART,INFEASIBLE,OPTIMAL,INFEASIBLE,INFEASIBLE
RFXAP,INFEASIBLE,INFEASIBLE,OPTIMAL,OPTIMAL
SMAD9,INFEASIBLE,OPTIMAL,INFEASIBLE,OPTIMAL
ALG5,OPTIMAL,OPTIMAL,OPTIMAL,OPTIMAL
EXOSC8,OPTIMAL,OPTIMAL,OPTIMAL,OPTIMAL
SUPT20H,INFEASIBLE,OPTIMAL,INFEASIBLE,INFEASIBLE
UFM1,OPTIMAL,OPTIMAL,OPTIMAL,OPTIMAL
FREM2,OPTIMAL,OPTIMAL,OPTIMAL,OPTIMAL
PROSER1,INFEASIBLE,OPTIMAL,OPTIMAL,INFEASIBLE
NHLRC3,OPTIMAL,OPTIMAL,OPTIMAL,OPTIMAL
LHFPL6,INFEASIBLE,OPTIMAL,INFEASIBLE,INFEASIBLE
COG6,INFEASIBLE,OPTIMAL,INFEASIBLE,INFEASIBLE
FOXO1,INFEASIBLE,OPTIMAL,INFEASIBLE,OPTIMAL
MRPS31,OPTIMAL,OPTIMAL,OPTIMAL,OPTIMAL
SLC25A15,OPTIMAL,OPTIMAL,OPTIMAL,OPTIMAL
ELF1,INFEASIBLE,OPTIMAL,INFEASIBLE,INFEASIBLE
WBP4,OPTIMAL,OPTIMAL,OPTIMAL,OPTIMAL
KBTBD6,OPTIMAL,OPTIMAL,OPTIMAL,OPTIMAL
KBTBD7,OPTIMAL,OPTIMAL,OPTIMAL,OPTIMAL
MTRF1,INFEASIBLE,OPTIMAL,OPTIMAL,INFEASIBLE
NAA16,INFEASIBLE,OPTIMAL,INFEASIBLE,INFEASIBLE
VWA8,INFEASIBLE,OPTIMAL,INFEASIBLE,INFEASIBLE
DGKH,INFEASIBLE,OPTIMAL,INFEASIBLE,INFEASIBLE
AKAP11,INFEASIBLE,OPTIMAL,INFEASIBLE,INFEASIBLE
ENOX1,INFEASIBLE,OPTIMAL,INFEASIBLE,OPTIMAL
CCDC122,OPTIMAL,OPTIMAL,OPTIMAL,OPTIMAL
TSC22D1,INFEASIBLE,OPTIMAL,INFEASIBLE,OPTIMAL
NUFIP1,INFEASIBLE,OPTIMAL,OPTIMAL,OPTIMAL
GPALPP1,INFEASIBLE,OPTIMAL,INFEASIBLE,INFEASIBLE
GTF2F2,OPTIMAL,OPTIMAL,OPTIMAL,OPTIMAL
TPT1,OPTIMAL,OPTIMAL,OPTIMAL,OPTIMAL
COG3,OPTIMAL,OPTIMAL,OPTIMAL,OPTIMAL
ZC3H13,INFEASIBLE,OPTIMAL,INFEASIBLE,INFEASIBLE
LRCH1,INFEASIBLE,OPTIMAL,INFEASIBLE,OPTIMAL
ESD,OPTIMAL,OPTIMAL,OPTIMAL,OPTIMAL
SUCLA2,INFEASIBLE,OPTIMAL,INFEASIBLE,OPTIMAL
NUDT15,INFEASIBLE,OPTIMAL,INFEASIBLE,OPTIMAL
MED4,INFEASIBLE,OPTIMAL,INFEASIBLE,INFEASIBLE
ITM2B,OPTIMAL,OPTIMAL,OPTIMAL,OPTIMAL
RB1,INFEASIBLE,OPTIMAL,INFEASIBLE,INFEASIBLE
FNDC3A,INFEASIBLE,OPTIMAL,INFEASIBLE,INFEASIBLE
CDADC1,OPTIMAL,OPTIMAL,OPTIMAL,OPTIMAL
SETDB2,INFEASIBLE,OPTIMAL,INFEASIBLE,OPTIMAL
RCBTB1,OPTIMAL,OPTIMAL,OPTIMAL,OPTIMAL
EBPL,OPTIMAL,OPTIMAL,INFEASIBLE,OPTIMAL
KPNA3,INFEASIBLE,OPTIMAL,INFEASIBLE,INFEASIBLE
SPRYD7,OPTIMAL,OPTIMAL,OPTIMAL,OPTIMAL
TRIM13,OPTIMAL,OPTIMAL,OPTIMAL,OPTIMAL
RNASEH2B,OPTIMAL,INFEASIBLE,OPTIMAL,OPTIMAL
INTS6,INFEASIBLE,OPTIMAL,INFEASIBLE,INFEASIBLE
WDFY2,OPTIMAL,INFEASIBLE,OPTIMAL,OPTIMAL
ATP7B,OPTIMAL,OPTIMAL,INFEASIBLE,OPTIMAL
ALG11,INFEASIBLE,OPTIMAL,OPTIMAL,OPTIMAL
NEK3,INFEASIBLE,OPTIMAL,INFEASIBLE,OPTIMAL
VPS36,INFEASIBLE,OPTIMAL,OPTIMAL,OPTIMAL
CKAP2,INFEASIBLE,OPTIMAL,INFEASIBLE,INFEASIBLE
SUGT1,OPTIMAL,OPTIMAL,OPTIMAL,OPTIMAL
PCDH17,INFEASIBLE,OPTIMAL,INFEASIBLE,OPTIMAL
DIAPH3,INFEASIBLE,OPTIMAL,INFEASIBLE,INFEASIBLE
TDRD3,INFEASIBLE,OPTIMAL,INFEASIBLE,INFEASIBLE
PCDH9,INFEASIBLE,OPTIMAL,INFEASIBLE,OPTIMAL
DACH1,INFEASIBLE,OPTIMAL,INFEASIBLE,OPTIMAL
MZT1,INFEASIBLE,INFEASIBLE,OPTIMAL,OPTIMAL
BORA,INFEASIBLE,OPTIMAL,INFEASIBLE,OPTIMAL
DIS3,INFEASIBLE,OPTIMAL,INFEASIBLE,INFEASIBLE
PIBF1,INFEASIBLE,OPTIMAL,INFEASIBLE,INFEASIBLE
KLF5,OPTIMAL,OPTIMAL,OPTIMAL,OPTIMAL
KLF12,INFEASIBLE,OPTIMAL,INFEASIBLE,INFEASIBLE
TBC1D4,INFEASIBLE,OPTIMAL,INFEASIBLE,INFEASIBLE
COMMD6,OPTIMAL,OPTIMAL,OPTIMAL,OPTIMAL
UCHL3,OPTIMAL,OPTIMAL,OPTIMAL,OPTIMAL
LMO7,INFEASIBLE,OPTIMAL,INFEASIBLE,INFEASIBLE
KCTD12,OPTIMAL,OPTIMAL,INFEASIBLE,OPTIMAL
CLN5,OPTIMAL,OPTIMAL,OPTIMAL,OPTIMAL
FBXL3,INFEASIBLE,OPTIMAL,INFEASIBLE,INFEASIBLE
MYCBP2,INFEASIBLE,OPTIMAL,INFEASIBLE,INFEASIBLE
SLAIN1,INFEASIBLE,OPTIMAL,INFEASIBLE,INFEASIBLE
POU4F1,INFEASIBLE,OPTIMAL,INFEASIBLE,OPTIMAL
OBI1,INFEASIBLE,OPTIMAL,INFEASIBLE,INFEASIBLE
RBM26,INFEASIBLE,OPTIMAL,INFEASIBLE,INFEASIBLE
NDFIP2,OPTIMAL,OPTIMAL,INFEASIBLE,OPTIMAL
SPRY2,INFEASIBLE,OPTIMAL,INFEASIBLE,OPTIMAL
SLITRK5,INFEASIBLE,OPTIMAL,INFEASIBLE,OPTIMAL
GPC5,INFEASIBLE,OPTIMAL,INFEASIBLE,OPTIMAL
GPC6,INFEASIBLE,OPTIMAL,INFEASIBLE,INFEASIBLE
TGDS,OPTIMAL,INFEASIBLE,INFEASIBLE,OPTIMAL
GPR180,INFEASIBLE,OPTIMAL,INFEASIBLE,OPTIMAL
ABCC4,INFEASIBLE,OPTIMAL,INFEASIBLE,OPTIMAL
DZIP1,INFEASIBLE,OPTIMAL,INFEASIBLE,INFEASIBLE
DNAJC3,INFEASIBLE,OPTIMAL,INFEASIBLE,INFEASIBLE
UGGT2,INFEASIBLE,OPTIMAL,INFEASIBLE,INFEASIBLE
HS6ST3,INFEASIBLE,OPTIMAL,INFEASIBLE,INFEASIBLE
MBNL2,INFEASIBLE,OPTIMAL,INFEASIBLE,OPTIMAL
RAP2A,OPTIMAL,OPTIMAL,OPTIMAL,OPTIMAL
IPO5,INFEASIBLE,OPTIMAL,INFEASIBLE,INFEASIBLE
FARP1,INFEASIBLE,OPTIMAL,INFEASIBLE,OPTIMAL
STK24,INFEASIBLE,OPTIMAL,INFEASIBLE,INFEASIBLE
DOCK9,OPTIMAL,INFEASIBLE,OPTIMAL,OPTIMAL
UBAC2,INFEASIBLE,OPTIMAL,INFEASIBLE,INFEASIBLE
TM9SF2,INFEASIBLE,OPTIMAL,INFEASIBLE,INFEASIBLE
CLYBL,OPTIMAL,INFEASIBLE,INFEASIBLE,OPTIMAL
ZIC5,OPTIMAL,OPTIMAL,OPTIMAL,OPTIMAL
ZIC2,OPTIMAL,OPTIMAL,OPTIMAL,OPTIMAL
PCCA,OPTIMAL,OPTIMAL,INFEASIBLE,OPTIMAL
TMTC4,OPTIMAL,OPTIMAL,OPTIMAL,OPTIMAL
TPP2,OPTIMAL,OPTIMAL,INFEASIBLE,OPTIMAL
TEX30,OPTIMAL,OPTIMAL,OPTIMAL,OPTIMAL
BIVM,OPTIMAL,OPTIMAL,OPTIMAL,OPTIMAL
ERCC5,INFEASIBLE,OPTIMAL,OPTIMAL,OPTIMAL
EFNB2,INFEASIBLE,OPTIMAL,OPTIMAL,OPTIMAL
ARGLU1,OPTIMAL,OPTIMAL,OPTIMAL,OPTIMAL
NALF1,OPTIMAL,OPTIMAL,OPTIMAL,OPTIMAL
COL4A2,INFEASIBLE,OPTIMAL,INFEASIBLE,OPTIMAL
CARS2,OPTIMAL,OPTIMAL,OPTIMAL,OPTIMAL
ING1,OPTIMAL,OPTIMAL,OPTIMAL,OPTIMAL
ANKRD10,OPTIMAL,OPTIMAL,OPTIMAL,OPTIMAL
ARHGEF7,INFEASIBLE,OPTIMAL,INFEASIBLE,OPTIMAL
TUBGCP3,INFEASIBLE,OPTIMAL,INFEASIBLE,INFEASIBLE
ATP11A,INFEASIBLE,OPTIMAL,OPTIMAL,OPTIMAL
PCID2,OPTIMAL,OPTIMAL,OPTIMAL,OPTIMAL
CUL4A,OPTIMAL,OPTIMAL,OPTIMAL,OPTIMAL
LAMP1,OPTIMAL,OPTIMAL,OPTIMAL,OPTIMAL
GRTP1,OPTIMAL,OPTIMAL,OPTIMAL,OPTIMAL
DCUN1D2,OPTIMAL,OPTIMAL,OPTIMAL,OPTIMAL
TMCO3,INFEASIBLE,OPTIMAL,OPTIMAL,INFEASIBLE
TFDP1,OPTIMAL,OPTIMAL,OPTIMAL,OPTIMAL
CDC16,INFEASIBLE,OPTIMAL,OPTIMAL,OPTIMAL
UPF3A,OPTIMAL,OPTIMAL,OPTIMAL,OPTIMAL
CHAMP1,OPTIMAL,OPTIMAL,OPTIMAL,OPTIMAL
POTEG,INFEASIBLE,INFEASIBLE,INFEASIBLE,INFEASIBLE
TTC5,OPTIMAL,OPTIMAL,OPTIMAL,OPTIMAL
CCNB1IP1,OPTIMAL,OPTIMAL,OPTIMAL,OPTIMAL
PARP2,INFEASIBLE,OPTIMAL,INFEASIBLE,OPTIMAL
OSGEP,OPTIMAL,OPTIMAL,OPTIMAL,OPTIMAL
APEX1,INFEASIBLE,OPTIMAL,INFEASIBLE,INFEASIBLE
PIP4P1,OPTIMAL,OPTIMAL,OPTIMAL,OPTIMAL
PNP,OPTIMAL,OPTIMAL,OPTIMAL,OPTIMAL
METTL17,OPTIMAL,OPTIMAL,OPTIMAL,OPTIMAL
NDRG2,INFEASIBLE,INFEASIBLE,OPTIMAL,INFEASIBLE
HNRNPC,INFEASIBLE,OPTIMAL,INFEASIBLE,INFEASIBLE
SUPT16H,INFEASIBLE,OPTIMAL,INFEASIBLE,INFEASIBLE
CHD8,INFEASIBLE,OPTIMAL,INFEASIBLE,INFEASIBLE
RAB2B,OPTIMAL,OPTIMAL,OPTIMAL,OPTIMAL
TOX4,OPTIMAL,OPTIMAL,OPTIMAL,OPTIMAL
METTL3,OPTIMAL,OPTIMAL,OPTIMAL,OPTIMAL
SALL2,INFEASIBLE,OPTIMAL,OPTIMAL,OPTIMAL
DAD1,OPTIMAL,OPTIMAL,OPTIMAL,OPTIMAL
OXA1L,OPTIMAL,INFEASIBLE,OPTIMAL,OPTIMAL
MRPL52,OPTIMAL,OPTIMAL,OPTIMAL,OPTIMAL
LRP10,OPTIMAL,OPTIMAL,OPTIMAL,OPTIMAL
RBM23,INFEASIBLE,OPTIMAL,INFEASIBLE,OPTIMAL
PRMT5,OPTIMAL,OPTIMAL,INFEASIBLE,OPTIMAL
HAUS4,OPTIMAL,OPTIMAL,OPTIMAL,OPTIMAL
C14orf93,OPTIMAL,OPTIMAL,OPTIMAL,OPTIMAL
PSMB5,OPTIMAL,OPTIMAL,OPTIMAL,OPTIMAL
ACIN1,INFEASIBLE,OPTIMAL,INFEASIBLE,INFEASIBLE
C14orf119,OPTIMAL,OPTIMAL,OPTIMAL,OPTIMAL
SLC7A8,OPTIMAL,OPTIMAL,OPTIMAL,OPTIMAL
HOMEZ,OPTIMAL,OPTIMAL,OPTIMAL,OPTIMAL
PPP1R3E,OPTIMAL,OPTIMAL,OPTIMAL,OPTIMAL
BCL2L2,OPTIMAL,OPTIMAL,OPTIMAL,OPTIMAL
PABPN1,INFEASIBLE,OPTIMAL,INFEASIBLE,OPTIMAL
NGDN,OPTIMAL,OPTIMAL,OPTIMAL,OPTIMAL
ZFHX2,OPTIMAL,OPTIMAL,OPTIMAL,OPTIMAL
DHRS4,OPTIMAL,INFEASIBLE,OPTIMAL,OPTIMAL
DHRS4L2,OPTIMAL,OPTIMAL,OPTIMAL,OPTIMAL
PCK2,OPTIMAL,OPTIMAL,OPTIMAL,OPTIMAL
DCAF11,OPTIMAL,OPTIMAL,OPTIMAL,OPTIMAL
PSME1,OPTIMAL,OPTIMAL,OPTIMAL,OPTIMAL
EMC9,OPTIMAL,INFEASIBLE,OPTIMAL,OPTIMAL
PSME2,OPTIMAL,OPTIMAL,INFEASIBLE,OPTIMAL
RNF31,OPTIMAL,OPTIMAL,OPTIMAL,OPTIMAL
IPO4,INFEASIBLE,OPTIMAL,OPTIMAL,OPTIMAL
TM9SF1,OPTIMAL,OPTIMAL,OPTIMAL,OPTIMAL
CHMP4A,OPTIMAL,OPTIMAL,OPTIMAL,OPTIMAL
MDP1,OPTIMAL,OPTIMAL,OPTIMAL,OPTIMAL
NEDD8,OPTIMAL,INFEASIBLE,OPTIMAL,OPTIMAL
GMPR2,OPTIMAL,OPTIMAL,OPTIMAL,OPTIMAL
TINF2,OPTIMAL,OPTIMAL,OPTIMAL,OPTIMAL
RABGGTA,OPTIMAL,OPTIMAL,OPTIMAL,OPTIMAL
SDR39U1,OPTIMAL,OPTIMAL,OPTIMAL,OPTIMAL
STXBP6,OPTIMAL,OPTIMAL,OPTIMAL,OPTIMAL
NOVA1,OPTIMAL,OPTIMAL,OPTIMAL,OPTIMAL
FOXG1,OPTIMAL,OPTIMAL,OPTIMAL,OPTIMAL
PRKD1,INFEASIBLE,OPTIMAL,INFEASIBLE,INFEASIBLE
G2E3,INFEASIBLE,OPTIMAL,INFEASIBLE,INFEASIBLE
SCFD1,INFEASIBLE,OPTIMAL,INFEASIBLE,INFEASIBLE
COCH,OPTIMAL,OPTIMAL,OPTIMAL,OPTIMAL
STRN3,INFEASIBLE,OPTIMAL,INFEASIBLE,INFEASIBLE
AP4S1,OPTIMAL,OPTIMAL,OPTIMAL,OPTIMAL
HECTD1,INFEASIBLE,OPTIMAL,INFEASIBLE,INFEASIBLE
HEATR5A,INFEASIBLE,OPTIMAL,INFEASIBLE,OPTIMAL
DTD2,INFEASIBLE,OPTIMAL,INFEASIBLE,INFEASIBLE
NUBPL,INFEASIBLE,OPTIMAL,INFEASIBLE,INFEASIBLE
ARHGAP5,INFEASIBLE,OPTIMAL,INFEASIBLE,INFEASIBLE
AKAP6,OPTIMAL,INFEASIBLE,OPTIMAL,OPTIMAL
NPAS3,OPTIMAL,OPTIMAL,INFEASIBLE,OPTIMAL
EGLN3,INFEASIBLE,INFEASIBLE,OPTIMAL,OPTIMAL
SPTSSA,OPTIMAL,OPTIMAL,INFEASIBLE,OPTIMAL
EAPP,OPTIMAL,OPTIMAL,OPTIMAL,OPTIMAL
SNX6,OPTIMAL,OPTIMAL,OPTIMAL,OPTIMAL
CFL2,INFEASIBLE,OPTIMAL,INFEASIBLE,OPTIMAL
BAZ1A,INFEASIBLE,OPTIMAL,INFEASIBLE,INFEASIBLE
SRP54,INFEASIBLE,OPTIMAL,INFEASIBLE,INFEASIBLE
FAM177A1,OPTIMAL,OPTIMAL,OPTIMAL,OPTIMAL
PPP2R3C,OPTIMAL,OPTIMAL,OPTIMAL,OPTIMAL
PRORP,INFEASIBLE,OPTIMAL,INFEASIBLE,INFEASIBLE
PSMA6,OPTIMAL,OPTIMAL,OPTIMAL,OPTIMAL
NFKBIA,OPTIMAL,OPTIMAL,OPTIMAL,OPTIMAL
RALGAPA1,INFEASIBLE,OPTIMAL,INFEASIBLE,INFEASIBLE
BRMS1L,INFEASIBLE,OPTIMAL,INFEASIBLE,INFEASIBLE
MBIP,INFEASIBLE,OPTIMAL,INFEASIBLE,INFEASIBLE
PAX9,OPTIMAL,OPTIMAL,OPTIMAL,OPTIMAL
SLC25A21,INFEASIBLE,OPTIMAL,INFEASIBLE,INFEASIBLE
MIPOL1,INFEASIBLE,OPTIMAL,INFEASIBLE,INFEASIBLE
FOXA1,OPTIMAL,OPTIMAL,OPTIMAL,OPTIMAL
SEC23A,INFEASIBLE,OPTIMAL,INFEASIBLE,INFEASIBLE
GEMIN2,OPTIMAL,OPTIMAL,OPTIMAL,OPTIMAL
TRAPPC6B,OPTIMAL,OPTIMAL,OPTIMAL,OPTIMAL
PNN,INFEASIBLE,OPTIMAL,INFEASIBLE,INFEASIBLE
MIA2,INFEASIBLE,OPTIMAL,INFEASIBLE,INFEASIBLE
FBXO33,INFEASIBLE,OPTIMAL,OPTIMAL,OPTIMAL
LRFN5,INFEASIBLE,OPTIMAL,INFEASIBLE,OPTIMAL
KLHL28,OPTIMAL,OPTIMAL,OPTIMAL,OPTIMAL
TOGARAM1,OPTIMAL,INFEASIBLE,INFEASIBLE,OPTIMAL
PRPF39,INFEASIBLE,OPTIMAL,INFEASIBLE,INFEASIBLE
FKBP3,OPTIMAL,INFEASIBLE,OPTIMAL,OPTIMAL
FANCM,INFEASIBLE,OPTIMAL,INFEASIBLE,INFEASIBLE
MIS18BP1,INFEASIBLE,OPTIMAL,INFEASIBLE,INFEASIBLE
MDGA2,INFEASIBLE,OPTIMAL,INFEASIBLE,INFEASIBLE
RPS29,OPTIMAL,INFEASIBLE,INFEASIBLE,OPTIMAL
LRR1,OPTIMAL,OPTIMAL,OPTIMAL,OPTIMAL
RPL36AL,OPTIMAL,OPTIMAL,OPTIMAL,OPTIMAL
MGAT2,OPTIMAL,OPTIMAL,OPTIMAL,OPTIMAL
DNAAF2,OPTIMAL,OPTIMAL,OPTIMAL,OPTIMAL
POLE2,OPTIMAL,OPTIMAL,OPTIMAL,OPTIMAL
KLHDC2,OPTIMAL,OPTIMAL,OPTIMAL,OPTIMAL
NEMF,INFEASIBLE,OPTIMAL,INFEASIBLE,INFEASIBLE
ARF6,OPTIMAL,INFEASIBLE,OPTIMAL,OPTIMAL
VCPKMT,OPTIMAL,OPTIMAL,OPTIMAL,OPTIMAL
SOS2,OPTIMAL,OPTIMAL,OPTIMAL,OPTIMAL
L2HGDH,OPTIMAL,OPTIMAL,INFEASIBLE,OPTIMAL
DMAC2L,OPTIMAL,OPTIMAL,OPTIMAL,OPTIMAL
CDKL1,OPTIMAL,OPTIMAL,OPTIMAL,OPTIMAL
MAP4K5,INFEASIBLE,OPTIMAL,INFEASIBLE,INFEASIBLE
ATL1,OPTIMAL,OPTIMAL,OPTIMAL,OPTIMAL
SAV1,INFEASIBLE,OPTIMAL,INFEASIBLE,INFEASIBLE
NIN,INFEASIBLE,OPTIMAL,INFEASIBLE,INFEASIBLE
PYGL,OPTIMAL,OPTIMAL,OPTIMAL,OPTIMAL
TRIM9,INFEASIBLE,OPTIMAL,INFEASIBLE,INFEASIBLE
TMX1,INFEASIBLE,OPTIMAL,INFEASIBLE,INFEASIBLE
FRMD6,INFEASIBLE,OPTIMAL,OPTIMAL,INFEASIBLE
RTRAF,OPTIMAL,OPTIMAL,OPTIMAL,OPTIMAL
TXNDC16,INFEASIBLE,OPTIMAL,INFEASIBLE,OPTIMAL
GPR137C,INFEASIBLE,OPTIMAL,INFEASIBLE,INFEASIBLE
ERO1A,OPTIMAL,OPTIMAL,OPTIMAL,OPTIMAL
PSMC6,OPTIMAL,INFEASIBLE,OPTIMAL,OPTIMAL
STYX,OPTIMAL,OPTIMAL,OPTIMAL,OPTIMAL
GNPNAT1,INFEASIBLE,INFEASIBLE,INFEASIBLE,INFEASIBLE
FERMT2,INFEASIBLE,OPTIMAL,INFEASIBLE,OPTIMAL
DDHD1,INFEASIBLE,OPTIMAL,INFEASIBLE,INFEASIBLE
BMP4,OPTIMAL,OPTIMAL,OPTIMAL,OPTIMAL
CDKN3,OPTIMAL,INFEASIBLE,OPTIMAL,OPTIMAL
CNIH1,OPTIMAL,OPTIMAL,OPTIMAL,OPTIMAL
GMFB,INFEASIBLE,OPTIMAL,OPTIMAL,INFEASIBLE
CGRRF1,OPTIMAL,OPTIMAL,OPTIMAL,OPTIMAL
SAMD4A,INFEASIBLE,OPTIMAL,INFEASIBLE,INFEASIBLE
GCH1,OPTIMAL,OPTIMAL,OPTIMAL,OPTIMAL
WDHD1,INFEASIBLE,OPTIMAL,INFEASIBLE,OPTIMAL
SOCS4,INFEASIBLE,OPTIMAL,INFEASIBLE,INFEASIBLE
MAPK1IP1L,INFEASIBLE,OPTIMAL,INFEASIBLE,INFEASIBLE
LGALS3,INFEASIBLE,INFEASIBLE,OPTIMAL,OPTIMAL
DLGAP5,INFEASIBLE,OPTIMAL,INFEASIBLE,INFEASIBLE
FBXO34,INFEASIBLE,OPTIMAL,INFEASIBLE,INFEASIBLE
ATG14,INFEASIBLE,OPTIMAL,OPTIMAL,INFEASIBLE
KTN1,OPTIMAL,OPTIMAL,OPTIMAL,OPTIMAL
PELI2,INFEASIBLE,OPTIMAL,INFEASIBLE,INFEASIBLE
TMEM260,INFEASIBLE,OPTIMAL,INFEASIBLE,OPTIMAL
EXOC5,INFEASIBLE,OPTIMAL,INFEASIBLE,INFEASIBLE
AP5M1,OPTIMAL,OPTIMAL,INFEASIBLE,OPTIMAL
NAA30,INFEASIBLE,OPTIMAL,OPTIMAL,INFEASIBLE
ARMH4,OPTIMAL,OPTIMAL,INFEASIBLE,OPTIMAL
ACTR10,OPTIMAL,OPTIMAL,OPTIMAL,OPTIMAL
PSMA3,OPTIMAL,OPTIMAL,OPTIMAL,OPTIMAL
ARID4A,INFEASIBLE,OPTIMAL,INFEASIBLE,INFEASIBLE
TIMM9,OPTIMAL,OPTIMAL,OPTIMAL,OPTIMAL
KIAA0586,INFEASIBLE,INFEASIBLE,INFEASIBLE,INFEASIBLE
DAAM1,OPTIMAL,INFEASIBLE,OPTIMAL,OPTIMAL
GPR135,INFEASIBLE,OPTIMAL,INFEASIBLE,INFEASIBLE
L3HYPDH,INFEASIBLE,OPTIMAL,INFEASIBLE,OPTIMAL
JKAMP,INFEASIBLE,OPTIMAL,INFEASIBLE,OPTIMAL
RTN1,OPTIMAL,OPTIMAL,OPTIMAL,OPTIMAL
PCNX4,INFEASIBLE,OPTIMAL,INFEASIBLE,INFEASIBLE
DHRS7,INFEASIBLE,OPTIMAL,INFEASIBLE,OPTIMAL
PPM1A,OPTIMAL,OPTIMAL,OPTIMAL,OPTIMAL
SIX1,OPTIMAL,OPTIMAL,OPTIMAL,OPTIMAL
SIX4,OPTIMAL,OPTIMAL,OPTIMAL,OPTIMAL
MNAT1,INFEASIBLE,OPTIMAL,INFEASIBLE,OPTIMAL
TRMT5,INFEASIBLE,OPTIMAL,INFEASIBLE,INFEASIBLE
SLC38A6,INFEASIBLE,OPTIMAL,INFEASIBLE,OPTIMAL
PRKCH,OPTIMAL,OPTIMAL,INFEASIBLE,OPTIMAL
HIF1A,INFEASIBLE,OPTIMAL,INFEASIBLE,INFEASIBLE
SNAPC1,INFEASIBLE,OPTIMAL,INFEASIBLE,OPTIMAL
PPP2R5E,INFEASIBLE,OPTIMAL,INFEASIBLE,OPTIMAL
WDR89,OPTIMAL,OPTIMAL,OPTIMAL,OPTIMAL
SGPP1,INFEASIBLE,OPTIMAL,INFEASIBLE,OPTIMAL
SYNE2,INFEASIBLE,OPTIMAL,INFEASIBLE,INFEASIBLE
ESR2,OPTIMAL,OPTIMAL,INFEASIBLE,OPTIMAL
MTHFD1,INFEASIBLE,OPTIMAL,INFEASIBLE,INFEASIBLE
ZBTB25,OPTIMAL,OPTIMAL,INFEASIBLE,OPTIMAL
ZBTB1,INFEASIBLE,OPTIMAL,INFEASIBLE,INFEASIBLE
PLEKHG3,OPTIMAL,OPTIMAL,OPTIMAL,OPTIMAL
CHURC1,OPTIMAL,OPTIMAL,OPTIMAL,OPTIMAL
FNTB,OPTIMAL,OPTIMAL,OPTIMAL,OPTIMAL
MAX,OPTIMAL,OPTIMAL,INFEASIBLE,OPTIMAL
FUT8,INFEASIBLE,OPTIMAL,INFEASIBLE,INFEASIBLE
GPHN,INFEASIBLE,OPTIMAL,INFEASIBLE,INFEASIBLE
PALS1,INFEASIBLE,OPTIMAL,INFEASIBLE,INFEASIBLE
ATP6V1D,OPTIMAL,OPTIMAL,OPTIMAL,OPTIMAL
EIF2S1,INFEASIBLE,OPTIMAL,INFEASIBLE,INFEASIBLE
PLEKHH1,INFEASIBLE,OPTIMAL,OPTIMAL,OPTIMAL
PIGH,OPTIMAL,OPTIMAL,OPTIMAL,OPTIMAL
ARG2,OPTIMAL,OPTIMAL,OPTIMAL,OPTIMAL
VTI1B,OPTIMAL,OPTIMAL,OPTIMAL,OPTIMAL
RDH11,INFEASIBLE,OPTIMAL,INFEASIBLE,OPTIMAL
ZFYVE26,OPTIMAL,OPTIMAL,INFEASIBLE,OPTIMAL
RAD51B,INFEASIBLE,INFEASIBLE,INFEASIBLE,OPTIMAL
ZFP36L1,OPTIMAL,OPTIMAL,OPTIMAL,OPTIMAL
ACTN1,INFEASIBLE,OPTIMAL,INFEASIBLE,OPTIMAL
DCAF5,INFEASIBLE,OPTIMAL,INFEASIBLE,OPTIMAL
EXD2,OPTIMAL,OPTIMAL,INFEASIBLE,OPTIMAL
ERH,OPTIMAL,OPTIMAL,OPTIMAL,OPTIMAL
SLC39A9,INFEASIBLE,OPTIMAL,OPTIMAL,OPTIMAL
SUSD6,OPTIMAL,OPTIMAL,OPTIMAL,OPTIMAL
SRSF5,INFEASIBLE,OPTIMAL,INFEASIBLE,OPTIMAL
SMOC1,INFEASIBLE,OPTIMAL,INFEASIBLE,INFEASIBLE
COX16,OPTIMAL,OPTIMAL,OPTIMAL,OPTIMAL
SYNJ2BP,OPTIMAL,OPTIMAL,OPTIMAL,OPTIMAL
MED6,INFEASIBLE,OPTIMAL,INFEASIBLE,OPTIMAL
MAP3K9,OPTIMAL,OPTIMAL,OPTIMAL,OPTIMAL
PCNX1,INFEASIBLE,OPTIMAL,INFEASIBLE,INFEASIBLE
SIPA1L1,INFEASIBLE,OPTIMAL,INFEASIBLE,INFEASIBLE
DPF3,OPTIMAL,OPTIMAL,INFEASIBLE,OPTIMAL
DCAF4,INFEASIBLE,OPTIMAL,INFEASIBLE,OPTIMAL
ZFYVE1,OPTIMAL,OPTIMAL,OPTIMAL,OPTIMAL
RBM25,INFEASIBLE,OPTIMAL,INFEASIBLE,INFEASIBLE
PSEN1,INFEASIBLE,OPTIMAL,OPTIMAL,OPTIMAL
NUMB,INFEASIBLE,OPTIMAL,INFEASIBLE,INFEASIBLE
DNAL1,OPTIMAL,OPTIMAL,OPTIMAL,OPTIMAL
PNMA1,INFEASIBLE,OPTIMAL,INFEASIBLE,OPTIMAL
MIDEAS,INFEASIBLE,OPTIMAL,OPTIMAL,OPTIMAL
PTGR2,OPTIMAL,OPTIMAL,OPTIMAL,OPTIMAL
ZNF410,INFEASIBLE,OPTIMAL,INFEASIBLE,OPTIMAL
COQ6,OPTIMAL,OPTIMAL,OPTIMAL,OPTIMAL
ENTPD5,OPTIMAL,OPTIMAL,OPTIMAL,OPTIMAL
BBOF1,OPTIMAL,INFEASIBLE,OPTIMAL,OPTIMAL
ALDH6A1,OPTIMAL,OPTIMAL,OPTIMAL,OPTIMAL
LIN52,INFEASIBLE,OPTIMAL,INFEASIBLE,OPTIMAL
ABCD4,OPTIMAL,OPTIMAL,OPTIMAL,OPTIMAL
NPC2,OPTIMAL,OPTIMAL,OPTIMAL,OPTIMAL
ISCA2,OPTIMAL,OPTIMAL,OPTIMAL,OPTIMAL
AREL1,INFEASIBLE,OPTIMAL,INFEASIBLE,OPTIMAL
FCF1,OPTIMAL,OPTIMAL,OPTIMAL,OPTIMAL
YLPM1,INFEASIBLE,OPTIMAL,INFEASIBLE,INFEASIBLE
DLST,OPTIMAL,OPTIMAL,INFEASIBLE,OPTIMAL
RPS6KL1,OPTIMAL,OPTIMAL,INFEASIBLE,OPTIMAL
EIF2B2,OPTIMAL,OPTIMAL,OPTIMAL,OPTIMAL
ACYP1,OPTIMAL,OPTIMAL,OPTIMAL,OPTIMAL
NEK9,INFEASIBLE,OPTIMAL,INFEASIBLE,OPTIMAL
TMED10,INFEASIBLE,OPTIMAL,INFEASIBLE,OPTIMAL
JDP2,OPTIMAL,INFEASIBLE,OPTIMAL,OPTIMAL
TTLL5,INFEASIBLE,OPTIMAL,INFEASIBLE,OPTIMAL
ERG28,OPTIMAL,OPTIMAL,OPTIMAL,OPTIMAL
IFT43,OPTIMAL,OPTIMAL,OPTIMAL,OPTIMAL
GPATCH2L,INFEASIBLE,OPTIMAL,INFEASIBLE,INFEASIBLE
ESRRB,OPTIMAL,OPTIMAL,INFEASIBLE,OPTIMAL
VASH1,OPTIMAL,OPTIMAL,OPTIMAL,OPTIMAL
ANGEL1,INFEASIBLE,OPTIMAL,INFEASIBLE,OPTIMAL
IRF2BPL,INFEASIBLE,INFEASIBLE,OPTIMAL,OPTIMAL
CIPC,OPTIMAL,OPTIMAL,OPTIMAL,OPTIMAL
NGB,INFEASIBLE,OPTIMAL,OPTIMAL,OPTIMAL
POMT2,OPTIMAL,OPTIMAL,INFEASIBLE,OPTIMAL
GSTZ1,OPTIMAL,OPTIMAL,OPTIMAL,OPTIMAL
TMED8,INFEASIBLE,OPTIMAL,INFEASIBLE,OPTIMAL
VIPAS39,OPTIMAL,OPTIMAL,OPTIMAL,OPTIMAL
AHSA1,INFEASIBLE,OPTIMAL,INFEASIBLE,INFEASIBLE
SPTLC2,INFEASIBLE,OPTIMAL,INFEASIBLE,INFEASIBLE
ALKBH1,OPTIMAL,OPTIMAL,OPTIMAL,OPTIMAL
SLIRP,OPTIMAL,INFEASIBLE,OPTIMAL,OPTIMAL
SNW1,INFEASIBLE,OPTIMAL,INFEASIBLE,INFEASIBLE
ADCK1,INFEASIBLE,OPTIMAL,OPTIMAL,OPTIMAL
NRXN3,INFEASIBLE,OPTIMAL,INFEASIBLE,OPTIMAL
CEP128,INFEASIBLE,OPTIMAL,INFEASIBLE,INFEASIBLE
GTF2A1,INFEASIBLE,OPTIMAL,INFEASIBLE,INFEASIBLE
STON2,OPTIMAL,OPTIMAL,OPTIMAL,OPTIMAL
SEL1L,INFEASIBLE,OPTIMAL,INFEASIBLE,INFEASIBLE
SPATA7,OPTIMAL,OPTIMAL,INFEASIBLE,OPTIMAL
PTPN21,INFEASIBLE,OPTIMAL,OPTIMAL,OPTIMAL
ZC3H14,INFEASIBLE,OPTIMAL,INFEASIBLE,INFEASIBLE
EML5,INFEASIBLE,OPTIMAL,INFEASIBLE,INFEASIBLE
TTC8,INFEASIBLE,OPTIMAL,INFEASIBLE,INFEASIBLE
FOXN3,INFEASIBLE,OPTIMAL,INFEASIBLE,OPTIMAL
EFCAB11,OPTIMAL,OPTIMAL,INFEASIBLE,OPTIMAL
TDP1,INFEASIBLE,OPTIMAL,INFEASIBLE,OPTIMAL
PSMC1,OPTIMAL,OPTIMAL,OPTIMAL,OPTIMAL
NRDE2,OPTIMAL,OPTIMAL,OPTIMAL,OPTIMAL
CALM1,OPTIMAL,INFEASIBLE,OPTIMAL,OPTIMAL
TTC7B,INFEASIBLE,OPTIMAL,INFEASIBLE,INFEASIBLE
RPS6KA5,INFEASIBLE,OPTIMAL,INFEASIBLE,OPTIMAL
DGLUCY,OPTIMAL,OPTIMAL,OPTIMAL,OPTIMAL
CCDC88C,INFEASIBLE,OPTIMAL,OPTIMAL,OPTIMAL
PPP4R3A,INFEASIBLE,OPTIMAL,INFEASIBLE,INFEASIBLE
TRIP11,INFEASIBLE,INFEASIBLE,INFEASIBLE,INFEASIBLE
ATXN3,OPTIMAL,OPTIMAL,OPTIMAL,OPTIMAL
NDUFB1,INFEASIBLE,INFEASIBLE,OPTIMAL,OPTIMAL
CPSF2,INFEASIBLE,OPTIMAL,INFEASIBLE,INFEASIBLE
RIN3,OPTIMAL,OPTIMAL,OPTIMAL,OPTIMAL
LGMN,INFEASIBLE,OPTIMAL,INFEASIBLE,OPTIMAL
GOLGA5,INFEASIBLE,OPTIMAL,INFEASIBLE,INFEASIBLE
ITPK1,INFEASIBLE,OPTIMAL,INFEASIBLE,OPTIMAL
LYSET,OPTIMAL,OPTIMAL,OPTIMAL,OPTIMAL
GON7,OPTIMAL,OPTIMAL,OPTIMAL,OPTIMAL
UBR7,OPTIMAL,OPTIMAL,OPTIMAL,OPTIMAL
BTBD7,INFEASIBLE,OPTIMAL,INFEASIBLE,INFEASIBLE
DDX24,OPTIMAL,INFEASIBLE,INFEASIBLE,OPTIMAL
IFI27L1,OPTIMAL,OPTIMAL,OPTIMAL,OPTIMAL
IFI27L2,OPTIMAL,OPTIMAL,OPTIMAL,OPTIMAL
PPP4R4,INFEASIBLE,OPTIMAL,INFEASIBLE,INFEASIBLE
DICER1,INFEASIBLE,OPTIMAL,INFEASIBLE,INFEASIBLE
CLMN,OPTIMAL,OPTIMAL,OPTIMAL,OPTIMAL
GLRX5,OPTIMAL,OPTIMAL,OPTIMAL,OPTIMAL
C14orf132,OPTIMAL,OPTIMAL,OPTIMAL,OPTIMAL
ATG2B,INFEASIBLE,OPTIMAL,INFEASIBLE,INFEASIBLE
GSKIP,OPTIMAL,OPTIMAL,OPTIMAL,OPTIMAL
AK7,OPTIMAL,INFEASIBLE,OPTIMAL,OPTIMAL
PAPOLA,INFEASIBLE,OPTIMAL,INFEASIBLE,INFEASIBLE
VRK1,INFEASIBLE,OPTIMAL,INFEASIBLE,INFEASIBLE
SETD3,OPTIMAL,OPTIMAL,INFEASIBLE,OPTIMAL
CCNK,INFEASIBLE,OPTIMAL,INFEASIBLE,INFEASIBLE
CCDC85C,OPTIMAL,INFEASIBLE,INFEASIBLE,OPTIMAL
EML1,INFEASIBLE,OPTIMAL,INFEASIBLE,OPTIMAL
EVL,INFEASIBLE,OPTIMAL,INFEASIBLE,OPTIMAL
YY1,INFEASIBLE,OPTIMAL,INFEASIBLE,OPTIMAL
WARS1,INFEASIBLE,OPTIMAL,INFEASIBLE,OPTIMAL
WDR25,INFEASIBLE,INFEASIBLE,OPTIMAL,OPTIMAL
PPP2R5C,OPTIMAL,OPTIMAL,OPTIMAL,OPTIMAL
DYNC1H1,INFEASIBLE,OPTIMAL,INFEASIBLE,INFEASIBLE
HSP90AA1,INFEASIBLE,OPTIMAL,INFEASIBLE,INFEASIBLE
WDR20,INFEASIBLE,OPTIMAL,INFEASIBLE,OPTIMAL
MOK,OPTIMAL,OPTIMAL,OPTIMAL,OPTIMAL
ZNF839,INFEASIBLE,OPTIMAL,OPTIMAL,OPTIMAL
CINP,OPTIMAL,OPTIMAL,OPTIMAL,OPTIMAL
TECPR2,INFEASIBLE,OPTIMAL,INFEASIBLE,OPTIMAL
ANKRD9,OPTIMAL,OPTIMAL,OPTIMAL,OPTIMAL
RCOR1,INFEASIBLE,OPTIMAL,INFEASIBLE,INFEASIBLE
TRAF3,INFEASIBLE,OPTIMAL,INFEASIBLE,INFEASIBLE
CDC42BPB,INFEASIBLE,OPTIMAL,INFEASIBLE,INFEASIBLE
EIF5,OPTIMAL,OPTIMAL,OPTIMAL,OPTIMAL
MARK3,INFEASIBLE,OPTIMAL,INFEASIBLE,OPTIMAL
CKB,INFEASIBLE,INFEASIBLE,OPTIMAL,INFEASIBLE
TRMT61A,OPTIMAL,OPTIMAL,OPTIMAL,OPTIMAL
BAG5,INFEASIBLE,OPTIMAL,INFEASIBLE,INFEASIBLE
KLC1,INFEASIBLE,OPTIMAL,INFEASIBLE,INFEASIBLE
COA8,OPTIMAL,INFEASIBLE,OPTIMAL,OPTIMAL
XRCC3,INFEASIBLE,OPTIMAL,INFEASIBLE,OPTIMAL
ZFYVE21,OPTIMAL,OPTIMAL,OPTIMAL,OPTIMAL
PPP1R13B,INFEASIBLE,OPTIMAL,INFEASIBLE,OPTIMAL
ATP5MJ,OPTIMAL,OPTIMAL,OPTIMAL,OPTIMAL
INF2,OPTIMAL,OPTIMAL,OPTIMAL,OPTIMAL
SIVA1,INFEASIBLE,INFEASIBLE,OPTIMAL,INFEASIBLE
AKT1,OPTIMAL,OPTIMAL,OPTIMAL,OPTIMAL
CEP170B,OPTIMAL,OPTIMAL,OPTIMAL,OPTIMAL
CDCA4,OPTIMAL,OPTIMAL,OPTIMAL,OPTIMAL
JAG2,OPTIMAL,OPTIMAL,OPTIMAL,OPTIMAL
NUDT14,OPTIMAL,INFEASIBLE,OPTIMAL,OPTIMAL
BRF1,OPTIMAL,OPTIMAL,OPTIMAL,OPTIMAL
BTBD6,OPTIMAL,OPTIMAL,OPTIMAL,OPTIMAL
PACS2,OPTIMAL,OPTIMAL,OPTIMAL,OPTIMAL
MTA1,INFEASIBLE,OPTIMAL,INFEASIBLE,OPTIMAL
TEDC1,OPTIMAL,OPTIMAL,OPTIMAL,OPTIMAL
TMEM121,OPTIMAL,OPTIMAL,OPTIMAL,OPTIMAL
NIPA1,OPTIMAL,OPTIMAL,OPTIMAL,OPTIMAL
NIPA2,INFEASIBLE,OPTIMAL,INFEASIBLE,OPTIMAL
CYFIP1,INFEASIBLE,OPTIMAL,INFEASIBLE,OPTIMAL
TUBGCP5,OPTIMAL,OPTIMAL,INFEASIBLE,OPTIMAL
UBE3A,INFEASIBLE,OPTIMAL,INFEASIBLE,INFEASIBLE
OCA2,INFEASIBLE,OPTIMAL,INFEASIBLE,OPTIMAL
HERC2,INFEASIBLE,OPTIMAL,INFEASIBLE,INFEASIBLE
APBA2,INFEASIBLE,OPTIMAL,INFEASIBLE,OPTIMAL
ENTREP2,OPTIMAL,OPTIMAL,INFEASIBLE,OPTIMAL
NSMCE3,OPTIMAL,OPTIMAL,OPTIMAL,OPTIMAL
TJP1,INFEASIBLE,OPTIMAL,INFEASIBLE,INFEASIBLE
ARHGAP11B,INFEASIBLE,OPTIMAL,INFEASIBLE,INFEASIBLE
FAN1,INFEASIBLE,OPTIMAL,INFEASIBLE,OPTIMAL
KLF13,INFEASIBLE,OPTIMAL,OPTIMAL,OPTIMAL
OTUD7A,INFEASIBLE,OPTIMAL,INFEASIBLE,OPTIMAL
CHRNA7,INFEASIBLE,OPTIMAL,OPTIMAL,OPTIMAL
ARHGAP11A,INFEASIBLE,OPTIMAL,INFEASIBLE,INFEASIBLE
AVEN,INFEASIBLE,OPTIMAL,INFEASIBLE,OPTIMAL
EMC7,INFEASIBLE,OPTIMAL,INFEASIBLE,OPTIMAL
KATNBL1,INFEASIBLE,OPTIMAL,INFEASIBLE,INFEASIBLE
EMC4,OPTIMAL,OPTIMAL,OPTIMAL,OPTIMAL
SLC12A6,INFEASIBLE,OPTIMAL,INFEASIBLE,OPTIMAL
NOP10,OPTIMAL,INFEASIBLE,OPTIMAL,OPTIMAL
LPCAT4,OPTIMAL,OPTIMAL,OPTIMAL,OPTIMAL
GOLGA8A,INFEASIBLE,OPTIMAL,OPTIMAL,OPTIMAL
AQR,INFEASIBLE,OPTIMAL,INFEASIBLE,INFEASIBLE
ZNF770,INFEASIBLE,OPTIMAL,INFEASIBLE,INFEASIBLE
DPH6,OPTIMAL,OPTIMAL,INFEASIBLE,OPTIMAL
CDIN1,INFEASIBLE,OPTIMAL,INFEASIBLE,INFEASIBLE
MEIS2,INFEASIBLE,OPTIMAL,INFEASIBLE,INFEASIBLE
SPRED1,INFEASIBLE,OPTIMAL,INFEASIBLE,INFEASIBLE
FAM98B,INFEASIBLE,OPTIMAL,INFEASIBLE,INFEASIBLE
GPR176,OPTIMAL,OPTIMAL,OPTIMAL,OPTIMAL
EIF2AK4,OPTIMAL,OPTIMAL,OPTIMAL,OPTIMAL
SRP14,OPTIMAL,OPTIMAL,OPTIMAL,OPTIMAL
BUB1B,INFEASIBLE,OPTIMAL,INFEASIBLE,INFEASIBLE
KNSTRN,INFEASIBLE,OPTIMAL,OPTIMAL,OPTIMAL
IVD,INFEASIBLE,OPTIMAL,INFEASIBLE,OPTIMAL
BAHD1,INFEASIBLE,OPTIMAL,OPTIMAL,OPTIMAL
CHST14,OPTIMAL,OPTIMAL,OPTIMAL,OPTIMAL
CCDC32,OPTIMAL,OPTIMAL,OPTIMAL,OPTIMAL
RPUSD2,OPTIMAL,OPTIMAL,OPTIMAL,OPTIMAL
KNL1,INFEASIBLE,OPTIMAL,INFEASIBLE,INFEASIBLE
RAD51,INFEASIBLE,OPTIMAL,INFEASIBLE,INFEASIBLE
RMDN3,INFEASIBLE,OPTIMAL,INFEASIBLE,OPTIMAL
GCHFR,INFEASIBLE,INFEASIBLE,OPTIMAL,INFEASIBLE
DNAJC17,OPTIMAL,OPTIMAL,OPTIMAL,OPTIMAL
VPS18,OPTIMAL,OPTIMAL,OPTIMAL,OPTIMAL
INO80,INFEASIBLE,OPTIMAL,INFEASIBLE,INFEASIBLE
CHP1,OPTIMAL,OPTIMAL,OPTIMAL,OPTIMAL
OIP5,OPTIMAL,OPTIMAL,OPTIMAL,OPTIMAL
NUSAP1,INFEASIBLE,OPTIMAL,OPTIMAL,OPTIMAL
NDUFAF1,OPTIMAL,OPTIMAL,OPTIMAL,OPTIMAL
RTF1,OPTIMAL,INFEASIBLE,INFEASIBLE,OPTIMAL
RPAP1,INFEASIBLE,OPTIMAL,INFEASIBLE,OPTIMAL
TYRO3,OPTIMAL,OPTIMAL,OPTIMAL,OPTIMAL
MGA,INFEASIBLE,OPTIMAL,INFEASIBLE,INFEASIBLE
MAPKBP1,OPTIMAL,OPTIMAL,INFEASIBLE,OPTIMAL
EHD4,INFEASIBLE,OPTIMAL,OPTIMAL,OPTIMAL
VPS39,INFEASIBLE,OPTIMAL,OPTIMAL,OPTIMAL
TMEM87A,INFEASIBLE,OPTIMAL,INFEASIBLE,INFEASIBLE
ZNF106,INFEASIBLE,OPTIMAL,INFEASIBLE,INFEASIBLE
SNAP23,INFEASIBLE,OPTIMAL,INFEASIBLE,INFEASIBLE
LRRC57,OPTIMAL,OPTIMAL,OPTIMAL,OPTIMAL
HAUS2,OPTIMAL,OPTIMAL,OPTIMAL,OPTIMAL
STARD9,OPTIMAL,OPTIMAL,INFEASIBLE,OPTIMAL
TTBK2,INFEASIBLE,OPTIMAL,INFEASIBLE,INFEASIBLE
UBR1,INFEASIBLE,OPTIMAL,INFEASIBLE,INFEASIBLE
TMEM62,OPTIMAL,OPTIMAL,INFEASIBLE,OPTIMAL
CCNDBP1,OPTIMAL,OPTIMAL,OPTIMAL,OPTIMAL
LCMT2,INFEASIBLE,INFEASIBLE,OPTIMAL,OPTIMAL
ADAL,OPTIMAL,OPTIMAL,OPTIMAL,OPTIMAL
TUBGCP4,OPTIMAL,OPTIMAL,INFEASIBLE,OPTIMAL
TP53BP1,INFEASIBLE,OPTIMAL,INFEASIBLE,INFEASIBLE
MAP1A,OPTIMAL,OPTIMAL,OPTIMAL,OPTIMAL
PPIP5K1,OPTIMAL,OPTIMAL,OPTIMAL,OPTIMAL
CATSPER2,OPTIMAL,INFEASIBLE,OPTIMAL,OPTIMAL
PDIA3,INFEASIBLE,OPTIMAL,INFEASIBLE,INFEASIBLE
SERF2,OPTIMAL,OPTIMAL,OPTIMAL,OPTIMAL
HYPK,OPTIMAL,OPTIMAL,OPTIMAL,OPTIMAL
MFAP1,INFEASIBLE,OPTIMAL,INFEASIBLE,INFEASIBLE
WDR76,OPTIMAL,OPTIMAL,OPTIMAL,OPTIMAL
FRMD5,INFEASIBLE,OPTIMAL,INFEASIBLE,OPTIMAL
GOLM2,INFEASIBLE,OPTIMAL,INFEASIBLE,INFEASIBLE
CTDSPL2,INFEASIBLE,OPTIMAL,INFEASIBLE,INFEASIBLE
EIF3J,OPTIMAL,INFEASIBLE,OPTIMAL,OPTIMAL
SPG11,OPTIMAL,OPTIMAL,OPTIMAL,OPTIMAL
B2M,OPTIMAL,OPTIMAL,OPTIMAL,OPTIMAL
SORD,INFEASIBLE,OPTIMAL,INFEASIBLE,OPTIMAL
SPATA5L1,INFEASIBLE,OPTIMAL,OPTIMAL,OPTIMAL
BLOC1S6,INFEASIBLE,OPTIMAL,INFEASIBLE,OPTIMAL
SEMA6D,INFEASIBLE,OPTIMAL,INFEASIBLE,OPTIMAL
MYEF2,INFEASIBLE,OPTIMAL,INFEASIBLE,INFEASIBLE
SLC12A1,INFEASIBLE,INFEASIBLE,OPTIMAL,INFEASIBLE
DUT,OPTIMAL,INFEASIBLE,OPTIMAL,OPTIMAL
CEP152,INFEASIBLE,OPTIMAL,INFEASIBLE,INFEASIBLE
EID1,OPTIMAL,OPTIMAL,OPTIMAL,OPTIMAL
SECISBP2L,INFEASIBLE,OPTIMAL,INFEASIBLE,INFEASIBLE
COPS2,INFEASIBLE,OPTIMAL,INFEASIBLE,INFEASIBLE
GALK2,INFEASIBLE,OPTIMAL,INFEASIBLE,INFEASIBLE
FAM227B,OPTIMAL,OPTIMAL,OPTIMAL,OPTIMAL
DTWD1,OPTIMAL,OPTIMAL,INFEASIBLE,OPTIMAL
GABPB1,INFEASIBLE,OPTIMAL,OPTIMAL,OPTIMAL
USP8,INFEASIBLE,OPTIMAL,INFEASIBLE,INFEASIBLE
TRPM7,INFEASIBLE,OPTIMAL,INFEASIBLE,OPTIMAL
SPPL2A,OPTIMAL,OPTIMAL,OPTIMAL,OPTIMAL
AP4E1,INFEASIBLE,OPTIMAL,OPTIMAL,OPTIMAL
DMXL2,INFEASIBLE,OPTIMAL,INFEASIBLE,INFEASIBLE
TMOD2,OPTIMAL,OPTIMAL,OPTIMAL,OPTIMAL
TMOD3,INFEASIBLE,OPTIMAL,INFEASIBLE,INFEASIBLE
LEO1,INFEASIBLE,OPTIMAL,INFEASIBLE,INFEASIBLE
MAPK6,INFEASIBLE,OPTIMAL,INFEASIBLE,INFEASIBLE
GNB5,OPTIMAL,OPTIMAL,OPTIMAL,OPTIMAL
MYO5C,OPTIMAL,OPTIMAL,OPTIMAL,OPTIMAL
MYO5A,INFEASIBLE,OPTIMAL,INFEASIBLE,INFEASIBLE
ARPP19,INFEASIBLE,OPTIMAL,INFEASIBLE,INFEASIBLE
ATOSA,INFEASIBLE,OPTIMAL,INFEASIBLE,OPTIMAL
UNC13C,INFEASIBLE,INFEASIBLE,INFEASIBLE,INFEASIBLE
RSL24D1,INFEASIBLE,INFEASIBLE,INFEASIBLE,OPTIMAL
RAB27A,OPTIMAL,OPTIMAL,OPTIMAL,OPTIMAL
PIGBOS1,OPTIMAL,OPTIMAL,OPTIMAL,OPTIMAL
PIGB,OPTIMAL,OPTIMAL,INFEASIBLE,OPTIMAL
CCPG1,INFEASIBLE,OPTIMAL,INFEASIBLE,INFEASIBLE
DNAAF4,OPTIMAL,OPTIMAL,OPTIMAL,OPTIMAL
PYGO1,INFEASIBLE,OPTIMAL,INFEASIBLE,INFEASIBLE
PRTG,INFEASIBLE,OPTIMAL,INFEASIBLE,INFEASIBLE
NEDD4,INFEASIBLE,OPTIMAL,INFEASIBLE,OPTIMAL
RFX7,INFEASIBLE,OPTIMAL,INFEASIBLE,INFEASIBLE
TEX9,INFEASIBLE,OPTIMAL,INFEASIBLE,OPTIMAL
MNS1,OPTIMAL,INFEASIBLE,OPTIMAL,OPTIMAL
ZNF280D,OPTIMAL,OPTIMAL,OPTIMAL,OPTIMAL
TCF12,INFEASIBLE,OPTIMAL,INFEASIBLE,INFEASIBLE
CGNL1,OPTIMAL,INFEASIBLE,OPTIMAL,OPTIMAL
POLR2M,OPTIMAL,OPTIMAL,OPTIMAL,OPTIMAL
ALDH1A2,INFEASIBLE,OPTIMAL,INFEASIBLE,OPTIMAL
ADAM10,INFEASIBLE,INFEASIBLE,OPTIMAL,OPTIMAL
MINDY2,OPTIMAL,OPTIMAL,OPTIMAL,OPTIMAL
RNF111,OPTIMAL,OPTIMAL,OPTIMAL,OPTIMAL
SLTM,INFEASIBLE,OPTIMAL,INFEASIBLE,INFEASIBLE
CCNB2,INFEASIBLE,OPTIMAL,OPTIMAL,OPTIMAL
MYO1E,OPTIMAL,OPTIMAL,INFEASIBLE,OPTIMAL
FAM81A,OPTIMAL,INFEASIBLE,OPTIMAL,OPTIMAL
GTF2A2,OPTIMAL,INFEASIBLE,OPTIMAL,OPTIMAL
BNIP2,INFEASIBLE,OPTIMAL,INFEASIBLE,INFEASIBLE
ANXA2,OPTIMAL,OPTIMAL,OPTIMAL,OPTIMAL
ICE2,INFEASIBLE,OPTIMAL,INFEASIBLE,INFEASIBLE
RORA,OPTIMAL,OPTIMAL,INFEASIBLE,OPTIMAL
VPS13C,INFEASIBLE,OPTIMAL,INFEASIBLE,INFEASIBLE
TLN2,OPTIMAL,OPTIMAL,INFEASIBLE,OPTIMAL
TPM1,OPTIMAL,OPTIMAL,OPTIMAL,OPTIMAL
LACTB,INFEASIBLE,OPTIMAL,OPTIMAL,OPTIMAL
RPS27L,OPTIMAL,OPTIMAL,OPTIMAL,OPTIMAL
RAB8B,INFEASIBLE,OPTIMAL,INFEASIBLE,OPTIMAL
CA12,INFEASIBLE,OPTIMAL,OPTIMAL,OPTIMAL
USP3,INFEASIBLE,OPTIMAL,INFEASIBLE,INFEASIBLE
HERC1,INFEASIBLE,OPTIMAL,INFEASIBLE,INFEASIBLE
CIAO2A,OPTIMAL,OPTIMAL,OPTIMAL,OPTIMAL
SNX1,INFEASIBLE,OPTIMAL,INFEASIBLE,INFEASIBLE
PPIB,INFEASIBLE,OPTIMAL,INFEASIBLE,OPTIMAL
CSNK1G1,OPTIMAL,INFEASIBLE,INFEASIBLE,OPTIMAL
PCLAF,OPTIMAL,INFEASIBLE,OPTIMAL,OPTIMAL
TRIP4,INFEASIBLE,OPTIMAL,INFEASIBLE,OPTIMAL
ZNF609,INFEASIBLE,OPTIMAL,INFEASIBLE,OPTIMAL
OAZ2,OPTIMAL,OPTIMAL,OPTIMAL,OPTIMAL
RBPMS2,INFEASIBLE,INFEASIBLE,OPTIMAL,OPTIMAL
SPG21,OPTIMAL,OPTIMAL,OPTIMAL,OPTIMAL
MTFMT,OPTIMAL,OPTIMAL,OPTIMAL,OPTIMAL
PDCD7,OPTIMAL,OPTIMAL,OPTIMAL,OPTIMAL
CLPX,INFEASIBLE,OPTIMAL,INFEASIBLE,INFEASIBLE
PARP16,OPTIMAL,INFEASIBLE,OPTIMAL,OPTIMAL
IGDCC3,OPTIMAL,OPTIMAL,OPTIMAL,OPTIMAL
IGDCC4,OPTIMAL,OPTIMAL,OPTIMAL,OPTIMAL
DPP8,INFEASIBLE,OPTIMAL,INFEASIBLE,INFEASIBLE
HACD3,INFEASIBLE,OPTIMAL,INFEASIBLE,OPTIMAL
INTS14,INFEASIBLE,OPTIMAL,INFEASIBLE,OPTIMAL
SLC24A1,INFEASIBLE,OPTIMAL,INFEASIBLE,OPTIMAL
DENND4A,OPTIMAL,OPTIMAL,INFEASIBLE,OPTIMAL
RAB11A,OPTIMAL,OPTIMAL,INFEASIBLE,OPTIMAL
MEGF11,INFEASIBLE,OPTIMAL,INFEASIBLE,OPTIMAL
DIS3L,OPTIMAL,OPTIMAL,OPTIMAL,OPTIMAL
TIPIN,OPTIMAL,OPTIMAL,INFEASIBLE,OPTIMAL
MAP2K1,INFEASIBLE,OPTIMAL,INFEASIBLE,OPTIMAL
SNAPC5,OPTIMAL,OPTIMAL,OPTIMAL,OPTIMAL
RPL4,OPTIMAL,OPTIMAL,INFEASIBLE,OPTIMAL
ZWILCH,INFEASIBLE,OPTIMAL,INFEASIBLE,OPTIMAL
SMAD6,OPTIMAL,OPTIMAL,INFEASIBLE,OPTIMAL
SMAD3,INFEASIBLE,OPTIMAL,INFEASIBLE,OPTIMAL
AAGAB,INFEASIBLE,OPTIMAL,INFEASIBLE,INFEASIBLE
IQCH,OPTIMAL,OPTIMAL,OPTIMAL,OPTIMAL
C15orf61,OPTIMAL,INFEASIBLE,OPTIMAL,OPTIMAL
MAP2K5,INFEASIBLE,INFEASIBLE,OPTIMAL,OPTIMAL
PIAS1,INFEASIBLE,OPTIMAL,INFEASIBLE,INFEASIBLE
CALML4,OPTIMAL,OPTIMAL,OPTIMAL,OPTIMAL
CLN6,OPTIMAL,OPTIMAL,OPTIMAL,OPTIMAL
FEM1B,INFEASIBLE,OPTIMAL,OPTIMAL,INFEASIBLE
CORO2B,INFEASIBLE,INFEASIBLE,OPTIMAL,INFEASIBLE
ANP32A,INFEASIBLE,OPTIMAL,INFEASIBLE,INFEASIBLE
SPESP1,OPTIMAL,OPTIMAL,OPTIMAL,OPTIMAL
GLCE,INFEASIBLE,OPTIMAL,OPTIMAL,INFEASIBLE
PAQR5,OPTIMAL,OPTIMAL,OPTIMAL,OPTIMAL
KIF23,INFEASIBLE,INFEASIBLE,OPTIMAL,INFEASIBLE
RPLP1,OPTIMAL,INFEASIBLE,OPTIMAL,OPTIMAL
TLE3,OPTIMAL,OPTIMAL,OPTIMAL,OPTIMAL
UACA,INFEASIBLE,OPTIMAL,INFEASIBLE,INFEASIBLE
LARP6,OPTIMAL,INFEASIBLE,OPTIMAL,OPTIMAL
LRRC49,INFEASIBLE,OPTIMAL,OPTIMAL,OPTIMAL
THSD4,OPTIMAL,OPTIMAL,OPTIMAL,OPTIMAL
MYO9A,INFEASIBLE,OPTIMAL,INFEASIBLE,INFEASIBLE
SENP8,OPTIMAL,OPTIMAL,OPTIMAL,OPTIMAL
PKM,INFEASIBLE,OPTIMAL,INFEASIBLE,OPTIMAL
PARP6,INFEASIBLE,OPTIMAL,INFEASIBLE,OPTIMAL
HEXA,INFEASIBLE,OPTIMAL,INFEASIBLE,OPTIMAL
ARIH1,INFEASIBLE,OPTIMAL,INFEASIBLE,INFEASIBLE
BBS4,OPTIMAL,OPTIMAL,OPTIMAL,OPTIMAL
ADPGK,INFEASIBLE,OPTIMAL,INFEASIBLE,OPTIMAL
NEO1,INFEASIBLE,OPTIMAL,INFEASIBLE,INFEASIBLE
NPTN,INFEASIBLE,OPTIMAL,INFEASIBLE,INFEASIBLE
CD276,INFEASIBLE,OPTIMAL,INFEASIBLE,OPTIMAL
PML,OPTIMAL,OPTIMAL,OPTIMAL,OPTIMAL
UBL7,OPTIMAL,OPTIMAL,OPTIMAL,OPTIMAL
ARID3B,INFEASIBLE,OPTIMAL,INFEASIBLE,OPTIMAL
CLK3,OPTIMAL,OPTIMAL,OPTIMAL,OPTIMAL
EDC3,INFEASIBLE,OPTIMAL,OPTIMAL,OPTIMAL
CSK,OPTIMAL,OPTIMAL,OPTIMAL,OPTIMAL
ULK3,OPTIMAL,OPTIMAL,OPTIMAL,OPTIMAL
SCAMP2,OPTIMAL,OPTIMAL,OPTIMAL,OPTIMAL
MPI,OPTIMAL,OPTIMAL,OPTIMAL,OPTIMAL
FAM219B,OPTIMAL,OPTIMAL,OPTIMAL,OPTIMAL
COX5A,INFEASIBLE,INFEASIBLE,OPTIMAL,OPTIMAL
RPP25,OPTIMAL,OPTIMAL,OPTIMAL,OPTIMAL
SCAMP5,OPTIMAL,OPTIMAL,OPTIMAL,OPTIMAL
PPCDC,OPTIMAL,OPTIMAL,OPTIMAL,OPTIMAL
C15orf39,OPTIMAL,OPTIMAL,OPTIMAL,OPTIMAL
COMMD4,OPTIMAL,INFEASIBLE,OPTIMAL,OPTIMAL
MAN2C1,OPTIMAL,OPTIMAL,OPTIMAL,OPTIMAL
SIN3A,INFEASIBLE,OPTIMAL,INFEASIBLE,OPTIMAL
PTPN9,INFEASIBLE,OPTIMAL,INFEASIBLE,INFEASIBLE
SNUPN,OPTIMAL,OPTIMAL,OPTIMAL,OPTIMAL
IMP3,OPTIMAL,OPTIMAL,OPTIMAL,OPTIMAL
UBE2Q2,INFEASIBLE,OPTIMAL,INFEASIBLE,OPTIMAL
FBXO22,INFEASIBLE,OPTIMAL,INFEASIBLE,INFEASIBLE
NRG4,OPTIMAL,OPTIMAL,OPTIMAL,OPTIMAL
TMEM266,INFEASIBLE,INFEASIBLE,OPTIMAL,OPTIMAL
ETFA,OPTIMAL,OPTIMAL,INFEASIBLE,OPTIMAL
ISL2,OPTIMAL,OPTIMAL,OPTIMAL,OPTIMAL
SCAPER,INFEASIBLE,OPTIMAL,INFEASIBLE,INFEASIBLE
RCN2,INFEASIBLE,INFEASIBLE,INFEASIBLE,OPTIMAL
TSPAN3,INFEASIBLE,OPTIMAL,INFEASIBLE,OPTIMAL
PEAK1,INFEASIBLE,OPTIMAL,INFEASIBLE,INFEASIBLE
HMG20A,INFEASIBLE,OPTIMAL,INFEASIBLE,INFEASIBLE
LINGO1,INFEASIBLE,INFEASIBLE,OPTIMAL,INFEASIBLE
TBC1D2B,INFEASIBLE,OPTIMAL,INFEASIBLE,OPTIMAL
CIB2,OPTIMAL,OPTIMAL,OPTIMAL,OPTIMAL
IDH3A,INFEASIBLE,OPTIMAL,INFEASIBLE,INFEASIBLE
SKIC8,OPTIMAL,OPTIMAL,OPTIMAL,OPTIMAL
IREB2,INFEASIBLE,OPTIMAL,INFEASIBLE,OPTIMAL
HYKK,OPTIMAL,OPTIMAL,OPTIMAL,OPTIMAL
PSMA4,OPTIMAL,OPTIMAL,OPTIMAL,OPTIMAL
CHRNA5,INFEASIBLE,OPTIMAL,INFEASIBLE,OPTIMAL
MORF4L1,INFEASIBLE,OPTIMAL,INFEASIBLE,INFEASIBLE
CTSH,OPTIMAL,OPTIMAL,OPTIMAL,OPTIMAL
TMED3,INFEASIBLE,OPTIMAL,INFEASIBLE,INFEASIBLE
MTHFS,OPTIMAL,OPTIMAL,OPTIMAL,OPTIMAL
ZFAND6,OPTIMAL,OPTIMAL,INFEASIBLE,OPTIMAL
FAH,OPTIMAL,OPTIMAL,OPTIMAL,OPTIMAL
ABHD17C,INFEASIBLE,OPTIMAL,INFEASIBLE,OPTIMAL
MESD,INFEASIBLE,OPTIMAL,INFEASIBLE,OPTIMAL
TLNRD1,OPTIMAL,OPTIMAL,OPTIMAL,OPTIMAL
EFL1,INFEASIBLE,OPTIMAL,INFEASIBLE,INFEASIBLE
RPS17,OPTIMAL,INFEASIBLE,OPTIMAL,OPTIMAL
CPEB1,OPTIMAL,INFEASIBLE,OPTIMAL,OPTIMAL
WHAMM,OPTIMAL,OPTIMAL,OPTIMAL,OPTIMAL
HOMER2,INFEASIBLE,OPTIMAL,INFEASIBLE,OPTIMAL
RAMAC,OPTIMAL,OPTIMAL,OPTIMAL,OPTIMAL
C15orf40,OPTIMAL,INFEASIBLE,OPTIMAL,OPTIMAL
BTBD1,INFEASIBLE,OPTIMAL,INFEASIBLE,INFEASIBLE
HDGFL3,INFEASIBLE,OPTIMAL,INFEASIBLE,INFEASIBLE
SH3GL3,OPTIMAL,OPTIMAL,INFEASIBLE,OPTIMAL
ZSCAN2,OPTIMAL,OPTIMAL,OPTIMAL,OPTIMAL
WDR73,OPTIMAL,OPTIMAL,OPTIMAL,OPTIMAL
NMB,OPTIMAL,OPTIMAL,OPTIMAL,OPTIMAL
SEC11A,OPTIMAL,OPTIMAL,OPTIMAL,OPTIMAL
ZNF592,INFEASIBLE,OPTIMAL,INFEASIBLE,INFEASIBLE
PDE8A,INFEASIBLE,OPTIMAL,INFEASIBLE,INFEASIBLE
AKAP13,INFEASIBLE,INFEASIBLE,INFEASIBLE,INFEASIBLE
KLHL25,OPTIMAL,OPTIMAL,OPTIMAL,OPTIMAL
AGBL1,INFEASIBLE,INFEASIBLE,OPTIMAL,INFEASIBLE
MRPL46,OPTIMAL,OPTIMAL,OPTIMAL,OPTIMAL
MRPS11,OPTIMAL,OPTIMAL,OPTIMAL,OPTIMAL
DET1,OPTIMAL,OPTIMAL,OPTIMAL,OPTIMAL
AEN,OPTIMAL,OPTIMAL,OPTIMAL,OPTIMAL
MFGE8,OPTIMAL,OPTIMAL,OPTIMAL,OPTIMAL
ABHD2,INFEASIBLE,OPTIMAL,OPTIMAL,OPTIMAL
FANCI,INFEASIBLE,OPTIMAL,INFEASIBLE,INFEASIBLE
POLG,INFEASIBLE,OPTIMAL,INFEASIBLE,OPTIMAL
TICRR,OPTIMAL,OPTIMAL,INFEASIBLE,OPTIMAL
KIF7,INFEASIBLE,OPTIMAL,OPTIMAL,OPTIMAL
PEX11A,INFEASIBLE,OPTIMAL,OPTIMAL,OPTIMAL
MESP1,INFEASIBLE,OPTIMAL,OPTIMAL,OPTIMAL
AP3S2,INFEASIBLE,OPTIMAL,INFEASIBLE,OPTIMAL
ARPIN,OPTIMAL,OPTIMAL,OPTIMAL,OPTIMAL
ZNF710,INFEASIBLE,OPTIMAL,OPTIMAL,OPTIMAL
IDH2,OPTIMAL,OPTIMAL,OPTIMAL,OPTIMAL
SEMA4B,OPTIMAL,INFEASIBLE,OPTIMAL,OPTIMAL
CIB1,OPTIMAL,OPTIMAL,OPTIMAL,OPTIMAL
GDPGP1,OPTIMAL,INFEASIBLE,OPTIMAL,OPTIMAL
NGRN,OPTIMAL,OPTIMAL,INFEASIBLE,OPTIMAL
IQGAP1,INFEASIBLE,OPTIMAL,INFEASIBLE,OPTIMAL
CRTC3,INFEASIBLE,OPTIMAL,INFEASIBLE,INFEASIBLE
BLM,OPTIMAL,OPTIMAL,INFEASIBLE,OPTIMAL
FURIN,OPTIMAL,INFEASIBLE,OPTIMAL,OPTIMAL
HDDC3,OPTIMAL,OPTIMAL,OPTIMAL,OPTIMAL
UNC45A,OPTIMAL,OPTIMAL,OPTIMAL,OPTIMAL
RCCD1,OPTIMAL,OPTIMAL,OPTIMAL,OPTIMAL
PRC1,INFEASIBLE,OPTIMAL,INFEASIBLE,INFEASIBLE
FAM174B,OPTIMAL,OPTIMAL,OPTIMAL,OPTIMAL
CHD2,INFEASIBLE,OPTIMAL,INFEASIBLE,INFEASIBLE
RGMA,OPTIMAL,OPTIMAL,OPTIMAL,OPTIMAL
NR2F2,INFEASIBLE,OPTIMAL,OPTIMAL,OPTIMAL
IGF1R,INFEASIBLE,OPTIMAL,INFEASIBLE,OPTIMAL
TTC23,INFEASIBLE,OPTIMAL,INFEASIBLE,OPTIMAL
LRRC28,OPTIMAL,OPTIMAL,OPTIMAL,OPTIMAL
MEF2A,INFEASIBLE,OPTIMAL,INFEASIBLE,INFEASIBLE
LYSMD4,OPTIMAL,OPTIMAL,OPTIMAL,OPTIMAL
ADAMTS17,INFEASIBLE,OPTIMAL,INFEASIBLE,INFEASIBLE
LINS1,INFEASIBLE,OPTIMAL,INFEASIBLE,INFEASIBLE
ASB7,INFEASIBLE,OPTIMAL,INFEASIBLE,INFEASIBLE
CHSY1,OPTIMAL,OPTIMAL,OPTIMAL,OPTIMAL
SELENOS,OPTIMAL,OPTIMAL,INFEASIBLE,OPTIMAL
SNRPA1,OPTIMAL,OPTIMAL,OPTIMAL,OPTIMAL
PCSK6,INFEASIBLE,OPTIMAL,INFEASIBLE,INFEASIBLE
TM2D3,OPTIMAL,OPTIMAL,OPTIMAL,OPTIMAL
TARS3,OPTIMAL,OPTIMAL,INFEASIBLE,OPTIMAL
POLR3K,OPTIMAL,OPTIMAL,OPTIMAL,OPTIMAL
SNRNP25,OPTIMAL,OPTIMAL,OPTIMAL,OPTIMAL
MPG,OPTIMAL,OPTIMAL,OPTIMAL,OPTIMAL
NPRL3,OPTIMAL,OPTIMAL,OPTIMAL,OPTIMAL
HBQ1,OPTIMAL,OPTIMAL,OPTIMAL,OPTIMAL
LUC7L,INFEASIBLE,OPTIMAL,INFEASIBLE,INFEASIBLE
FAM234A,INFEASIBLE,OPTIMAL,OPTIMAL,OPTIMAL
ARHGDIG,OPTIMAL,OPTIMAL,OPTIMAL,OPTIMAL
AXIN1,INFEASIBLE,OPTIMAL,INFEASIBLE,OPTIMAL
MRPL28,OPTIMAL,OPTIMAL,OPTIMAL,OPTIMAL
PGAP6,OPTIMAL,OPTIMAL,OPTIMAL,OPTIMAL
NME4,OPTIMAL,INFEASIBLE,OPTIMAL,OPTIMAL
RAB11FIP3,INFEASIBLE,OPTIMAL,OPTIMAL,OPTIMAL
CAPN15,OPTIMAL,OPTIMAL,OPTIMAL,OPTIMAL
PIGQ,OPTIMAL,OPTIMAL,OPTIMAL,OPTIMAL
RAB40C,OPTIMAL,OPTIMAL,OPTIMAL,OPTIMAL
METTL26,OPTIMAL,INFEASIBLE,OPTIMAL,OPTIMAL
MCRIP2,OPTIMAL,OPTIMAL,OPTIMAL,OPTIMAL
WDR90,OPTIMAL,OPTIMAL,OPTIMAL,OPTIMAL
RHOT2,OPTIMAL,OPTIMAL,OPTIMAL,OPTIMAL
STUB1,OPTIMAL,OPTIMAL,OPTIMAL,OPTIMAL
JMJD8,OPTIMAL,OPTIMAL,OPTIMAL,OPTIMAL
METRN,OPTIMAL,OPTIMAL,OPTIMAL,OPTIMAL
ANTKMT,OPTIMAL,OPTIMAL,OPTIMAL,OPTIMAL
HAGHL,OPTIMAL,OPTIMAL,OPTIMAL,OPTIMAL
CIAO3,OPTIMAL,OPTIMAL,OPTIMAL,OPTIMAL
RPUSD1,OPTIMAL,OPTIMAL,OPTIMAL,OPTIMAL
CHTF18,OPTIMAL,OPTIMAL,OPTIMAL,OPTIMAL
LMF1,INFEASIBLE,OPTIMAL,OPTIMAL,INFEASIBLE
CACNA1H,OPTIMAL,OPTIMAL,OPTIMAL,OPTIMAL
UBE2I,OPTIMAL,OPTIMAL,OPTIMAL,OPTIMAL
TSR3,OPTIMAL,OPTIMAL,OPTIMAL,OPTIMAL
GNPTG,OPTIMAL,OPTIMAL,OPTIMAL,OPTIMAL
UNKL,INFEASIBLE,OPTIMAL,INFEASIBLE,OPTIMAL
UQCC4,OPTIMAL,OPTIMAL,OPTIMAL,OPTIMAL
CLCN7,OPTIMAL,OPTIMAL,OPTIMAL,OPTIMAL
TELO2,OPTIMAL,OPTIMAL,OPTIMAL,OPTIMAL
IFT140,INFEASIBLE,OPTIMAL,OPTIMAL,OPTIMAL
CRAMP1,INFEASIBLE,OPTIMAL,INFEASIBLE,OPTIMAL
JPT2,INFEASIBLE,OPTIMAL,OPTIMAL,OPTIMAL
MAPK8IP3,OPTIMAL,INFEASIBLE,OPTIMAL,OPTIMAL
NME3,OPTIMAL,OPTIMAL,OPTIMAL,OPTIMAL
MRPS34,OPTIMAL,OPTIMAL,OPTIMAL,OPTIMAL
SPSB3,OPTIMAL,OPTIMAL,OPTIMAL,OPTIMAL
NUBP2,OPTIMAL,OPTIMAL,OPTIMAL,OPTIMAL
HAGH,OPTIMAL,OPTIMAL,OPTIMAL,OPTIMAL
FAHD1,OPTIMAL,OPTIMAL,OPTIMAL,OPTIMAL
MSRB1,OPTIMAL,OPTIMAL,OPTIMAL,OPTIMAL
NDUFB10,OPTIMAL,OPTIMAL,OPTIMAL,OPTIMAL
RPS2,INFEASIBLE,OPTIMAL,INFEASIBLE,OPTIMAL
TBL3,OPTIMAL,OPTIMAL,OPTIMAL,OPTIMAL
GFER,OPTIMAL,OPTIMAL,OPTIMAL,OPTIMAL
ZNF598,INFEASIBLE,OPTIMAL,OPTIMAL,OPTIMAL
NPW,OPTIMAL,OPTIMAL,OPTIMAL,OPTIMAL
NHERF2,OPTIMAL,OPTIMAL,OPTIMAL,OPTIMAL
NTHL1,OPTIMAL,INFEASIBLE,OPTIMAL,OPTIMAL
TSC2,INFEASIBLE,OPTIMAL,INFEASIBLE,OPTIMAL
PKD1,OPTIMAL,OPTIMAL,OPTIMAL,OPTIMAL
TRAF7,OPTIMAL,OPTIMAL,OPTIMAL,OPTIMAL
MLST8,OPTIMAL,OPTIMAL,OPTIMAL,OPTIMAL
PGP,OPTIMAL,OPTIMAL,OPTIMAL,OPTIMAL
E4F1,OPTIMAL,OPTIMAL,OPTIMAL,OPTIMAL
ECI1,OPTIMAL,OPTIMAL,OPTIMAL,OPTIMAL
RNPS1,INFEASIBLE,OPTIMAL,INFEASIBLE,OPTIMAL
ABCA3,OPTIMAL,OPTIMAL,OPTIMAL,OPTIMAL
CCNF,OPTIMAL,OPTIMAL,OPTIMAL,OPTIMAL
TEDC2,OPTIMAL,OPTIMAL,OPTIMAL,OPTIMAL
TBC1D24,OPTIMAL,OPTIMAL,OPTIMAL,OPTIMAL
ATP6V0C,OPTIMAL,OPTIMAL,OPTIMAL,OPTIMAL
AMDHD2,OPTIMAL,OPTIMAL,OPTIMAL,OPTIMAL
PDPK1,INFEASIBLE,OPTIMAL,OPTIMAL,OPTIMAL
KCTD5,INFEASIBLE,OPTIMAL,INFEASIBLE,INFEASIBLE
SRRM2,INFEASIBLE,OPTIMAL,INFEASIBLE,OPTIMAL
ELOB,OPTIMAL,OPTIMAL,OPTIMAL,OPTIMAL
FLYWCH2,OPTIMAL,OPTIMAL,OPTIMAL,OPTIMAL
FLYWCH1,INFEASIBLE,OPTIMAL,OPTIMAL,OPTIMAL
PKMYT1,OPTIMAL,OPTIMAL,OPTIMAL,OPTIMAL
PAQR4,OPTIMAL,OPTIMAL,OPTIMAL,OPTIMAL
TNFRSF12A,OPTIMAL,OPTIMAL,OPTIMAL,OPTIMAL
HCFC1R1,OPTIMAL,OPTIMAL,OPTIMAL,OPTIMAL
THOC6,OPTIMAL,OPTIMAL,OPTIMAL,OPTIMAL
ZNF205,OPTIMAL,OPTIMAL,OPTIMAL,OPTIMAL
ZNF200,INFEASIBLE,OPTIMAL,OPTIMAL,INFEASIBLE
ZNF263,OPTIMAL,OPTIMAL,OPTIMAL,OPTIMAL
ZNF75A,INFEASIBLE,OPTIMAL,INFEASIBLE,OPTIMAL
ZSCAN32,INFEASIBLE,OPTIMAL,OPTIMAL,OPTIMAL
ZNF174,OPTIMAL,OPTIMAL,OPTIMAL,OPTIMAL
NAA60,INFEASIBLE,OPTIMAL,OPTIMAL,OPTIMAL
CLUAP1,INFEASIBLE,OPTIMAL,OPTIMAL,OPTIMAL
SLX4,INFEASIBLE,OPTIMAL,OPTIMAL,OPTIMAL
DNASE1,INFEASIBLE,OPTIMAL,INFEASIBLE,OPTIMAL
TRAP1,INFEASIBLE,OPTIMAL,INFEASIBLE,OPTIMAL
CREBBP,INFEASIBLE,OPTIMAL,INFEASIBLE,OPTIMAL
ADCY9,INFEASIBLE,OPTIMAL,INFEASIBLE,INFEASIBLE
TFAP4,OPTIMAL,OPTIMAL,OPTIMAL,OPTIMAL
PAM16,OPTIMAL,OPTIMAL,OPTIMAL,OPTIMAL
CORO7,OPTIMAL,OPTIMAL,OPTIMAL,OPTIMAL
DNAJA3,OPTIMAL,OPTIMAL,INFEASIBLE,OPTIMAL
NMRAL1,OPTIMAL,OPTIMAL,OPTIMAL,OPTIMAL
HMOX2,INFEASIBLE,OPTIMAL,INFEASIBLE,OPTIMAL
CDIP1,OPTIMAL,OPTIMAL,OPTIMAL,OPTIMAL
UBALD1,OPTIMAL,OPTIMAL,OPTIMAL,OPTIMAL
MGRN1,OPTIMAL,OPTIMAL,OPTIMAL,OPTIMAL
NUDT16L1,OPTIMAL,OPTIMAL,OPTIMAL,OPTIMAL
ANKS3,INFEASIBLE,OPTIMAL,INFEASIBLE,OPTIMAL
ZNF500,OPTIMAL,OPTIMAL,INFEASIBLE,OPTIMAL
ROGDI,OPTIMAL,OPTIMAL,OPTIMAL,OPTIMAL
GLYR1,INFEASIBLE,OPTIMAL,INFEASIBLE,INFEASIBLE
UBN1,INFEASIBLE,OPTIMAL,INFEASIBLE,OPTIMAL
SEC14L5,INFEASIBLE,INFEASIBLE,INFEASIBLE,INFEASIBLE
ALG1,OPTIMAL,OPTIMAL,OPTIMAL,OPTIMAL
EEF2KMT,OPTIMAL,OPTIMAL,OPTIMAL,OPTIMAL
RBFOX1,INFEASIBLE,INFEASIBLE,OPTIMAL,INFEASIBLE
METTL22,OPTIMAL,OPTIMAL,INFEASIBLE,OPTIMAL
ABAT,OPTIMAL,OPTIMAL,OPTIMAL,OPTIMAL
PMM2,INFEASIBLE,OPTIMAL,INFEASIBLE,INFEASIBLE
CARHSP1,OPTIMAL,INFEASIBLE,OPTIMAL,OPTIMAL
USP7,INFEASIBLE,OPTIMAL,INFEASIBLE,INFEASIBLE
HAPSTR1,INFEASIBLE,OPTIMAL,INFEASIBLE,INFEASIBLE
ATF7IP2,OPTIMAL,OPTIMAL,OPTIMAL,OPTIMAL
EMP2,OPTIMAL,OPTIMAL,OPTIMAL,OPTIMAL
NUBP1,OPTIMAL,OPTIMAL,OPTIMAL,OPTIMAL
DEXI,OPTIMAL,OPTIMAL,OPTIMAL,OPTIMAL
CLEC16A,INFEASIBLE,OPTIMAL,INFEASIBLE,OPTIMAL
RMI2,OPTIMAL,OPTIMAL,OPTIMAL,OPTIMAL
ENSG00000188897,OPTIMAL,OPTIMAL,OPTIMAL,OPTIMAL
LITAF,OPTIMAL,OPTIMAL,OPTIMAL,OPTIMAL
SNN,OPTIMAL,OPTIMAL,OPTIMAL,OPTIMAL
TXNDC11,INFEASIBLE,OPTIMAL,INFEASIBLE,INFEASIBLE
ZC3H7A,INFEASIBLE,OPTIMAL,INFEASIBLE,INFEASIBLE
RSL1D1,INFEASIBLE,OPTIMAL,INFEASIBLE,INFEASIBLE
GSPT1,INFEASIBLE,OPTIMAL,INFEASIBLE,INFEASIBLE
SNX29,OPTIMAL,OPTIMAL,OPTIMAL,OPTIMAL
CPPED1,OPTIMAL,OPTIMAL,OPTIMAL,OPTIMAL
ERCC4,OPTIMAL,OPTIMAL,OPTIMAL,OPTIMAL
MRTFB,INFEASIBLE,OPTIMAL,INFEASIBLE,OPTIMAL
PARN,INFEASIBLE,OPTIMAL,INFEASIBLE,INFEASIBLE
BFAR,OPTIMAL,OPTIMAL,OPTIMAL,OPTIMAL
NOMO1,INFEASIBLE,OPTIMAL,OPTIMAL,OPTIMAL
PDXDC1,INFEASIBLE,OPTIMAL,INFEASIBLE,INFEASIBLE
NTAN1,OPTIMAL,OPTIMAL,OPTIMAL,OPTIMAL
RRN3,INFEASIBLE,OPTIMAL,INFEASIBLE,INFEASIBLE
MARF1,OPTIMAL,OPTIMAL,OPTIMAL,OPTIMAL
NDE1,INFEASIBLE,OPTIMAL,OPTIMAL,OPTIMAL
CEP20,INFEASIBLE,OPTIMAL,OPTIMAL,OPTIMAL
ABCC1,INFEASIBLE,OPTIMAL,INFEASIBLE,OPTIMAL
NOMO3,OPTIMAL,OPTIMAL,OPTIMAL,OPTIMAL
XYLT1,OPTIMAL,OPTIMAL,OPTIMAL,OPTIMAL
NOMO2,OPTIMAL,OPTIMAL,OPTIMAL,OPTIMAL
RPS15A,OPTIMAL,OPTIMAL,OPTIMAL,OPTIMAL
ARL6IP1,INFEASIBLE,OPTIMAL,INFEASIBLE,INFEASIBLE
SMG1,INFEASIBLE,OPTIMAL,INFEASIBLE,INFEASIBLE
TMC7,OPTIMAL,INFEASIBLE,OPTIMAL,OPTIMAL
COQ7,OPTIMAL,OPTIMAL,OPTIMAL,OPTIMAL
ITPRIPL2,OPTIMAL,OPTIMAL,OPTIMAL,OPTIMAL
GDE1,OPTIMAL,OPTIMAL,OPTIMAL,OPTIMAL
CCP110,INFEASIBLE,OPTIMAL,INFEASIBLE,INFEASIBLE
VPS35L,INFEASIBLE,OPTIMAL,INFEASIBLE,INFEASIBLE
KNOP1,OPTIMAL,OPTIMAL,OPTIMAL,OPTIMAL
IQCK,OPTIMAL,OPTIMAL,OPTIMAL,OPTIMAL
GPRC5B,OPTIMAL,OPTIMAL,OPTIMAL,OPTIMAL
THUMPD1,INFEASIBLE,OPTIMAL,OPTIMAL,INFEASIBLE
ERI2,INFEASIBLE,OPTIMAL,INFEASIBLE,OPTIMAL
REXO5,OPTIMAL,OPTIMAL,OPTIMAL,OPTIMAL
LYRM1,OPTIMAL,OPTIMAL,OPTIMAL,OPTIMAL
LDAF1,OPTIMAL,OPTIMAL,OPTIMAL,OPTIMAL
METTL9,OPTIMAL,OPTIMAL,OPTIMAL,OPTIMAL
NPIPB4,INFEASIBLE,OPTIMAL,INFEASIBLE,INFEASIBLE
UQCRC2,INFEASIBLE,OPTIMAL,INFEASIBLE,OPTIMAL
MOSMO,OPTIMAL,OPTIMAL,INFEASIBLE,OPTIMAL
EEF2K,OPTIMAL,OPTIMAL,OPTIMAL,OPTIMAL
POLR3E,INFEASIBLE,OPTIMAL,INFEASIBLE,OPTIMAL
CDR2,INFEASIBLE,OPTIMAL,INFEASIBLE,INFEASIBLE
USP31,OPTIMAL,OPTIMAL,INFEASIBLE,OPTIMAL
COG7,OPTIMAL,OPTIMAL,INFEASIBLE,OPTIMAL
GGA2,INFEASIBLE,OPTIMAL,INFEASIBLE,INFEASIBLE
EARS2,INFEASIBLE,OPTIMAL,INFEASIBLE,OPTIMAL
UBFD1,INFEASIBLE,OPTIMAL,INFEASIBLE,INFEASIBLE
NDUFAB1,INFEASIBLE,OPTIMAL,OPTIMAL,OPTIMAL
PALB2,INFEASIBLE,OPTIMAL,INFEASIBLE,OPTIMAL
DCTN5,INFEASIBLE,OPTIMAL,INFEASIBLE,OPTIMAL
PLK1,INFEASIBLE,OPTIMAL,INFEASIBLE,OPTIMAL
PRKCB,OPTIMAL,OPTIMAL,OPTIMAL,OPTIMAL
RBBP6,INFEASIBLE,OPTIMAL,INFEASIBLE,INFEASIBLE
TNRC6A,INFEASIBLE,OPTIMAL,INFEASIBLE,OPTIMAL
ARHGAP17,INFEASIBLE,OPTIMAL,INFEASIBLE,INFEASIBLE
LCMT1,OPTIMAL,OPTIMAL,OPTIMAL,OPTIMAL
NSMCE1,OPTIMAL,OPTIMAL,OPTIMAL,OPTIMAL
GTF3C1,INFEASIBLE,OPTIMAL,INFEASIBLE,INFEASIBLE
KATNIP,INFEASIBLE,OPTIMAL,INFEASIBLE,OPTIMAL
XPO6,INFEASIBLE,OPTIMAL,INFEASIBLE,INFEASIBLE
CLN3,OPTIMAL,OPTIMAL,INFEASIBLE,OPTIMAL
SGF29,OPTIMAL,OPTIMAL,OPTIMAL,OPTIMAL
EIF3C,INFEASIBLE,OPTIMAL,INFEASIBLE,INFEASIBLE
ATXN2L,OPTIMAL,OPTIMAL,OPTIMAL,OPTIMAL
TUFM,OPTIMAL,OPTIMAL,OPTIMAL,OPTIMAL
SH2B1,OPTIMAL,OPTIMAL,OPTIMAL,OPTIMAL
RABEP2,OPTIMAL,INFEASIBLE,OPTIMAL,OPTIMAL
NFATC2IP,OPTIMAL,OPTIMAL,OPTIMAL,OPTIMAL
SPNS1,OPTIMAL,OPTIMAL,OPTIMAL,OPTIMAL
QPRT,OPTIMAL,OPTIMAL,OPTIMAL,OPTIMAL
KIF22,OPTIMAL,OPTIMAL,OPTIMAL,OPTIMAL
MAZ,OPTIMAL,OPTIMAL,OPTIMAL,OPTIMAL
PAGR1,OPTIMAL,OPTIMAL,OPTIMAL,OPTIMAL
MVP,OPTIMAL,OPTIMAL,OPTIMAL,OPTIMAL
CDIPT,OPTIMAL,OPTIMAL,OPTIMAL,OPTIMAL
SEZ6L2,OPTIMAL,OPTIMAL,OPTIMAL,OPTIMAL
ASPHD1,OPTIMAL,OPTIMAL,OPTIMAL,OPTIMAL
KCTD13,INFEASIBLE,OPTIMAL,OPTIMAL,OPTIMAL
TMEM219,INFEASIBLE,OPTIMAL,OPTIMAL,OPTIMAL
TAOK2,OPTIMAL,OPTIMAL,OPTIMAL,OPTIMAL
HIRIP3,INFEASIBLE,OPTIMAL,OPTIMAL,OPTIMAL
INO80E,OPTIMAL,OPTIMAL,OPTIMAL,OPTIMAL
DOC2A,OPTIMAL,OPTIMAL,OPTIMAL,OPTIMAL
ALDOA,OPTIMAL,OPTIMAL,OPTIMAL,OPTIMAL
PPP4C,OPTIMAL,OPTIMAL,OPTIMAL,OPTIMAL
YPEL3,OPTIMAL,OPTIMAL,OPTIMAL,OPTIMAL
MAPK3,OPTIMAL,OPTIMAL,OPTIMAL,OPTIMAL
BOLA2B,OPTIMAL,INFEASIBLE,OPTIMAL,OPTIMAL
NPIPB13,INFEASIBLE,OPTIMAL,INFEASIBLE,INFEASIBLE
CD2BP2,OPTIMAL,OPTIMAL,OPTIMAL,OPTIMAL
TBC1D10B,OPTIMAL,OPTIMAL,OPTIMAL,OPTIMAL
ZNF48,OPTIMAL,OPTIMAL,OPTIMAL,OPTIMAL
SEPTIN1,OPTIMAL,INFEASIBLE,OPTIMAL,OPTIMAL
ZNF771,OPTIMAL,OPTIMAL,OPTIMAL,OPTIMAL
DCTPP1,OPTIMAL,INFEASIBLE,OPTIMAL,OPTIMAL
SEPHS2,INFEASIBLE,OPTIMAL,INFEASIBLE,OPTIMAL
ZNF768,INFEASIBLE,OPTIMAL,INFEASIBLE,OPTIMAL
ZNF747,OPTIMAL,OPTIMAL,OPTIMAL,OPTIMAL
ZNF764,INFEASIBLE,OPTIMAL,OPTIMAL,OPTIMAL
ZNF688,OPTIMAL,OPTIMAL,OPTIMAL,OPTIMAL
ZNF689,OPTIMAL,OPTIMAL,OPTIMAL,OPTIMAL
PRR14,OPTIMAL,OPTIMAL,OPTIMAL,OPTIMAL
FBRS,INFEASIBLE,OPTIMAL,INFEASIBLE,OPTIMAL
SRCAP,INFEASIBLE,OPTIMAL,INFEASIBLE,INFEASIBLE
PHKG2,OPTIMAL,OPTIMAL,OPTIMAL,OPTIMAL
CFAP119,OPTIMAL,OPTIMAL,OPTIMAL,OPTIMAL
RNF40,INFEASIBLE,OPTIMAL,INFEASIBLE,INFEASIBLE
ZNF629,OPTIMAL,OPTIMAL,OPTIMAL,OPTIMAL
BCL7C,OPTIMAL,OPTIMAL,OPTIMAL,OPTIMAL
FBXL19,INFEASIBLE,OPTIMAL,INFEASIBLE,OPTIMAL
SETD1A,INFEASIBLE,OPTIMAL,INFEASIBLE,OPTIMAL
STX4,INFEASIBLE,OPTIMAL,INFEASIBLE,OPTIMAL
ZNF668,OPTIMAL,OPTIMAL,OPTIMAL,OPTIMAL
VKORC1,OPTIMAL,OPTIMAL,OPTIMAL,OPTIMAL
BCKDK,OPTIMAL,OPTIMAL,OPTIMAL,OPTIMAL
KAT8,OPTIMAL,OPTIMAL,OPTIMAL,OPTIMAL
FUS,INFEASIBLE,OPTIMAL,INFEASIBLE,INFEASIBLE
RUSF1,OPTIMAL,OPTIMAL,OPTIMAL,OPTIMAL
KRBOX5,INFEASIBLE,OPTIMAL,INFEASIBLE,OPTIMAL
ZNF267,INFEASIBLE,OPTIMAL,INFEASIBLE,INFEASIBLE
SHCBP1,INFEASIBLE,OPTIMAL,INFEASIBLE,OPTIMAL
VPS35,INFEASIBLE,OPTIMAL,INFEASIBLE,INFEASIBLE
ORC6,OPTIMAL,OPTIMAL,OPTIMAL,OPTIMAL
C16orf87,INFEASIBLE,OPTIMAL,OPTIMAL,OPTIMAL
GPT2,OPTIMAL,OPTIMAL,OPTIMAL,OPTIMAL
DNAJA2,INFEASIBLE,OPTIMAL,INFEASIBLE,INFEASIBLE
NETO2,INFEASIBLE,OPTIMAL,INFEASIBLE,INFEASIBLE
ITFG1,INFEASIBLE,OPTIMAL,INFEASIBLE,INFEASIBLE
PHKB,INFEASIBLE,OPTIMAL,INFEASIBLE,OPTIMAL
LONP2,INFEASIBLE,OPTIMAL,INFEASIBLE,INFEASIBLE
SIAH1,INFEASIBLE,OPTIMAL,OPTIMAL,OPTIMAL
N4BP1,INFEASIBLE,OPTIMAL,INFEASIBLE,INFEASIBLE
ZNF423,OPTIMAL,OPTIMAL,OPTIMAL,OPTIMAL
CNEP1R1,OPTIMAL,OPTIMAL,OPTIMAL,OPTIMAL
HEATR3,INFEASIBLE,OPTIMAL,INFEASIBLE,INFEASIBLE
TENT4B,INFEASIBLE,OPTIMAL,INFEASIBLE,INFEASIBLE
BRD7,OPTIMAL,OPTIMAL,INFEASIBLE,OPTIMAL
CYLD,INFEASIBLE,OPTIMAL,OPTIMAL,OPTIMAL
SALL1,INFEASIBLE,OPTIMAL,INFEASIBLE,OPTIMAL
HNRNPA1L3,OPTIMAL,OPTIMAL,OPTIMAL,OPTIMAL
CHD9,INFEASIBLE,OPTIMAL,INFEASIBLE,INFEASIBLE
RBL2,INFEASIBLE,OPTIMAL,INFEASIBLE,INFEASIBLE
AKTIP,OPTIMAL,OPTIMAL,OPTIMAL,OPTIMAL
RPGRIP1L,INFEASIBLE,OPTIMAL,OPTIMAL,OPTIMAL
FTO,INFEASIBLE,OPTIMAL,INFEASIBLE,INFEASIBLE
IRX3,OPTIMAL,OPTIMAL,OPTIMAL,OPTIMAL
IRX5,OPTIMAL,OPTIMAL,OPTIMAL,OPTIMAL
LPCAT2,INFEASIBLE,OPTIMAL,INFEASIBLE,INFEASIBLE
AMFR,OPTIMAL,OPTIMAL,OPTIMAL,OPTIMAL
NUDT21,INFEASIBLE,OPTIMAL,INFEASIBLE,OPTIMAL
OGFOD1,INFEASIBLE,OPTIMAL,OPTIMAL,OPTIMAL
BBS2,OPTIMAL,OPTIMAL,OPTIMAL,OPTIMAL
MT2A,OPTIMAL,OPTIMAL,OPTIMAL,OPTIMAL
MT1X,OPTIMAL,INFEASIBLE,OPTIMAL,OPTIMAL
NUP93,INFEASIBLE,OPTIMAL,INFEASIBLE,OPTIMAL
HERPUD1,OPTIMAL,OPTIMAL,OPTIMAL,OPTIMAL
CPNE2,OPTIMAL,OPTIMAL,OPTIMAL,OPTIMAL
PSME3IP1,INFEASIBLE,OPTIMAL,INFEASIBLE,INFEASIBLE
RSPRY1,INFEASIBLE,OPTIMAL,OPTIMAL,OPTIMAL
ARL2BP,INFEASIBLE,OPTIMAL,INFEASIBLE,INFEASIBLE
PLLP,OPTIMAL,OPTIMAL,OPTIMAL,OPTIMAL
CIAPIN1,OPTIMAL,OPTIMAL,OPTIMAL,OPTIMAL
COQ9,INFEASIBLE,OPTIMAL,OPTIMAL,OPTIMAL
POLR2C,OPTIMAL,OPTIMAL,OPTIMAL,OPTIMAL
CCDC102A,OPTIMAL,OPTIMAL,OPTIMAL,OPTIMAL
KATNB1,OPTIMAL,OPTIMAL,OPTIMAL,OPTIMAL
USB1,OPTIMAL,OPTIMAL,OPTIMAL,OPTIMAL
CFAP20,OPTIMAL,OPTIMAL,OPTIMAL,OPTIMAL
CSNK2A2,OPTIMAL,OPTIMAL,INFEASIBLE,OPTIMAL
CCDC113,OPTIMAL,OPTIMAL,OPTIMAL,OPTIMAL
GINS3,OPTIMAL,OPTIMAL,OPTIMAL,OPTIMAL
SETD6,OPTIMAL,OPTIMAL,OPTIMAL,OPTIMAL
CNOT1,INFEASIBLE,OPTIMAL,INFEASIBLE,INFEASIBLE
SLC38A7,INFEASIBLE,OPTIMAL,OPTIMAL,OPTIMAL
GOT2,INFEASIBLE,OPTIMAL,INFEASIBLE,INFEASIBLE
TK2,OPTIMAL,OPTIMAL,OPTIMAL,OPTIMAL
CKLF,OPTIMAL,OPTIMAL,OPTIMAL,OPTIMAL
CMTM3,OPTIMAL,OPTIMAL,OPTIMAL,OPTIMAL
CMTM4,INFEASIBLE,OPTIMAL,INFEASIBLE,OPTIMAL
DYNC1LI2,INFEASIBLE,OPTIMAL,OPTIMAL,INFEASIBLE
TERB1,INFEASIBLE,INFEASIBLE,INFEASIBLE,INFEASIBLE
NAE1,INFEASIBLE,OPTIMAL,INFEASIBLE,INFEASIBLE
PDP2,INFEASIBLE,OPTIMAL,OPTIMAL,OPTIMAL
CIAO2B,OPTIMAL,OPTIMAL,OPTIMAL,OPTIMAL
CES2,INFEASIBLE,OPTIMAL,INFEASIBLE,OPTIMAL
CBFB,INFEASIBLE,OPTIMAL,INFEASIBLE,INFEASIBLE
PHAF1,OPTIMAL,OPTIMAL,OPTIMAL,OPTIMAL
TRADD,OPTIMAL,OPTIMAL,OPTIMAL,OPTIMAL
E2F4,OPTIMAL,OPTIMAL,OPTIMAL,OPTIMAL
TMEM208,OPTIMAL,OPTIMAL,OPTIMAL,OPTIMAL
FHOD1,OPTIMAL,OPTIMAL,OPTIMAL,OPTIMAL
ATP6V0D1,OPTIMAL,OPTIMAL,OPTIMAL,OPTIMAL
RIPOR1,INFEASIBLE,OPTIMAL,OPTIMAL,INFEASIBLE
CTCF,INFEASIBLE,OPTIMAL,INFEASIBLE,INFEASIBLE
CARMIL2,OPTIMAL,OPTIMAL,OPTIMAL,OPTIMAL
ACD,OPTIMAL,OPTIMAL,OPTIMAL,OPTIMAL
GFOD2,INFEASIBLE,OPTIMAL,INFEASIBLE,INFEASIBLE
RANBP10,INFEASIBLE,OPTIMAL,INFEASIBLE,OPTIMAL
CENPT,OPTIMAL,OPTIMAL,OPTIMAL,OPTIMAL
THAP11,OPTIMAL,OPTIMAL,OPTIMAL,OPTIMAL
NUTF2,OPTIMAL,OPTIMAL,OPTIMAL,OPTIMAL
EDC4,OPTIMAL,OPTIMAL,OPTIMAL,OPTIMAL
PSKH1,OPTIMAL,OPTIMAL,OPTIMAL,OPTIMAL
PSMB10,OPTIMAL,INFEASIBLE,OPTIMAL,OPTIMAL
DUS2,OPTIMAL,OPTIMAL,OPTIMAL,OPTIMAL
DDX28,OPTIMAL,OPTIMAL,OPTIMAL,OPTIMAL
NFATC3,OPTIMAL,INFEASIBLE,OPTIMAL,OPTIMAL
SLC7A6,INFEASIBLE,OPTIMAL,INFEASIBLE,INFEASIBLE
SLC7A6OS,OPTIMAL,OPTIMAL,OPTIMAL,OPTIMAL
PRMT7,INFEASIBLE,OPTIMAL,INFEASIBLE,OPTIMAL
ZFP90,OPTIMAL,OPTIMAL,INFEASIBLE,OPTIMAL
TANGO6,INFEASIBLE,OPTIMAL,INFEASIBLE,OPTIMAL
UTP4,INFEASIBLE,OPTIMAL,INFEASIBLE,OPTIMAL
SNTB2,INFEASIBLE,OPTIMAL,INFEASIBLE,INFEASIBLE
VPS4A,INFEASIBLE,OPTIMAL,INFEASIBLE,OPTIMAL
COG8,OPTIMAL,OPTIMAL,OPTIMAL,OPTIMAL
NIP7,OPTIMAL,OPTIMAL,OPTIMAL,OPTIMAL
TERF2,OPTIMAL,INFEASIBLE,INFEASIBLE,INFEASIBLE
CYB5B,INFEASIBLE,OPTIMAL,INFEASIBLE,OPTIMAL
NFAT5,INFEASIBLE,OPTIMAL,INFEASIBLE,INFEASIBLE
NOB1,INFEASIBLE,OPTIMAL,INFEASIBLE,OPTIMAL
WWP2,OPTIMAL,OPTIMAL,OPTIMAL,OPTIMAL
PDPR,INFEASIBLE,OPTIMAL,INFEASIBLE,OPTIMAL
EXOSC6,OPTIMAL,OPTIMAL,OPTIMAL,OPTIMAL
AARS1,INFEASIBLE,OPTIMAL,INFEASIBLE,OPTIMAL
DDX19B,OPTIMAL,OPTIMAL,OPTIMAL,OPTIMAL
DDX19A,INFEASIBLE,OPTIMAL,INFEASIBLE,INFEASIBLE
ST3GAL2,INFEASIBLE,OPTIMAL,INFEASIBLE,OPTIMAL
COG4,OPTIMAL,OPTIMAL,OPTIMAL,OPTIMAL
SF3B3,INFEASIBLE,OPTIMAL,INFEASIBLE,OPTIMAL
MTSS2,OPTIMAL,OPTIMAL,OPTIMAL,OPTIMAL
VAC14,OPTIMAL,OPTIMAL,OPTIMAL,OPTIMAL
ZNF23,INFEASIBLE,OPTIMAL,OPTIMAL,OPTIMAL
PHLPP2,INFEASIBLE,OPTIMAL,INFEASIBLE,INFEASIBLE
AP1G1,OPTIMAL,OPTIMAL,OPTIMAL,OPTIMAL
ATXN1L,OPTIMAL,OPTIMAL,OPTIMAL,OPTIMAL
IST1,INFEASIBLE,OPTIMAL,INFEASIBLE,OPTIMAL
ZNF821,OPTIMAL,OPTIMAL,OPTIMAL,OPTIMAL
DHODH,OPTIMAL,OPTIMAL,OPTIMAL,OPTIMAL
TXNL4B,OPTIMAL,OPTIMAL,OPTIMAL,OPTIMAL
DHX38,INFEASIBLE,OPTIMAL,INFEASIBLE,INFEASIBLE
ZFHX3,OPTIMAL,INFEASIBLE,INFEASIBLE,OPTIMAL
PSMD7,OPTIMAL,OPTIMAL,OPTIMAL,OPTIMAL
GLG1,INFEASIBLE,OPTIMAL,INFEASIBLE,OPTIMAL
RFWD3,INFEASIBLE,OPTIMAL,INFEASIBLE,INFEASIBLE
WDR59,OPTIMAL,OPTIMAL,INFEASIBLE,OPTIMAL
ZNRF1,OPTIMAL,OPTIMAL,OPTIMAL,OPTIMAL
ZFP1,OPTIMAL,OPTIMAL,OPTIMAL,OPTIMAL
BCAR1,OPTIMAL,OPTIMAL,OPTIMAL,OPTIMAL
CFDP1,INFEASIBLE,OPTIMAL,INFEASIBLE,INFEASIBLE
TMEM170A,OPTIMAL,OPTIMAL,OPTIMAL,OPTIMAL
GABARAPL2,OPTIMAL,OPTIMAL,OPTIMAL,OPTIMAL
ADAT1,INFEASIBLE,OPTIMAL,OPTIMAL,INFEASIBLE
KARS1,OPTIMAL,OPTIMAL,INFEASIBLE,OPTIMAL
TERF2IP,INFEASIBLE,OPTIMAL,INFEASIBLE,OPTIMAL
MON1B,OPTIMAL,OPTIMAL,OPTIMAL,OPTIMAL
SYCE1L,INFEASIBLE,OPTIMAL,OPTIMAL,OPTIMAL
NUDT7,OPTIMAL,OPTIMAL,OPTIMAL,OPTIMAL
WWOX,OPTIMAL,OPTIMAL,OPTIMAL,OPTIMAL
MAF,OPTIMAL,OPTIMAL,OPTIMAL,OPTIMAL
CDYL2,OPTIMAL,OPTIMAL,INFEASIBLE,OPTIMAL
CMC2,OPTIMAL,OPTIMAL,OPTIMAL,OPTIMAL
CENPN,OPTIMAL,INFEASIBLE,OPTIMAL,OPTIMAL
ATMIN,INFEASIBLE,OPTIMAL,INFEASIBLE,OPTIMAL
C16orf46,OPTIMAL,OPTIMAL,OPTIMAL,OPTIMAL
GCSH,OPTIMAL,INFEASIBLE,OPTIMAL,OPTIMAL
GAN,OPTIMAL,OPTIMAL,OPTIMAL,OPTIMAL
CMIP,INFEASIBLE,OPTIMAL,INFEASIBLE,INFEASIBLE
PLCG2,INFEASIBLE,OPTIMAL,INFEASIBLE,INFEASIBLE
MPHOSPH6,OPTIMAL,OPTIMAL,INFEASIBLE,OPTIMAL
CDH13,INFEASIBLE,INFEASIBLE,INFEASIBLE,INFEASIBLE
HSBP1,OPTIMAL,OPTIMAL,OPTIMAL,OPTIMAL
MLYCD,OPTIMAL,OPTIMAL,OPTIMAL,OPTIMAL
MBTPS1,INFEASIBLE,OPTIMAL,INFEASIBLE,INFEASIBLE
HSDL1,INFEASIBLE,OPTIMAL,OPTIMAL,OPTIMAL
TAF1C,OPTIMAL,OPTIMAL,OPTIMAL,OPTIMAL
MEAK7,OPTIMAL,INFEASIBLE,OPTIMAL,OPTIMAL
COTL1,OPTIMAL,OPTIMAL,OPTIMAL,OPTIMAL
KLHL36,OPTIMAL,OPTIMAL,OPTIMAL,OPTIMAL
USP10,INFEASIBLE,OPTIMAL,INFEASIBLE,INFEASIBLE
ZDHHC7,INFEASIBLE,OPTIMAL,OPTIMAL,OPTIMAL
KIAA0513,OPTIMAL,OPTIMAL,OPTIMAL,OPTIMAL
GSE1,INFEASIBLE,OPTIMAL,INFEASIBLE,OPTIMAL
GINS2,INFEASIBLE,OPTIMAL,OPTIMAL,OPTIMAL
C16orf74,OPTIMAL,OPTIMAL,OPTIMAL,OPTIMAL
EMC8,OPTIMAL,INFEASIBLE,OPTIMAL,OPTIMAL
COX4I1,OPTIMAL,OPTIMAL,OPTIMAL,OPTIMAL
MTHFSD,OPTIMAL,OPTIMAL,OPTIMAL,OPTIMAL
C16orf95,OPTIMAL,OPTIMAL,OPTIMAL,OPTIMAL
FBXO31,OPTIMAL,OPTIMAL,OPTIMAL,OPTIMAL
MAP1LC3B,OPTIMAL,OPTIMAL,OPTIMAL,OPTIMAL
ZCCHC14,OPTIMAL,OPTIMAL,INFEASIBLE,OPTIMAL
KLHDC4,INFEASIBLE,OPTIMAL,INFEASIBLE,OPTIMAL
SLC7A5,INFEASIBLE,OPTIMAL,INFEASIBLE,OPTIMAL
BANP,OPTIMAL,OPTIMAL,OPTIMAL,OPTIMAL
ZFPM1,OPTIMAL,OPTIMAL,OPTIMAL,OPTIMAL
ZC3H18,INFEASIBLE,OPTIMAL,INFEASIBLE,INFEASIBLE
CYBA,INFEASIBLE,OPTIMAL,OPTIMAL,INFEASIBLE
MVD,OPTIMAL,OPTIMAL,OPTIMAL,OPTIMAL
RNF166,OPTIMAL,INFEASIBLE,OPTIMAL,OPTIMAL
CTU2,OPTIMAL,OPTIMAL,OPTIMAL,OPTIMAL
PIEZO1,INFEASIBLE,OPTIMAL,INFEASIBLE,OPTIMAL
CDT1,OPTIMAL,OPTIMAL,OPTIMAL,OPTIMAL
APRT,OPTIMAL,OPTIMAL,OPTIMAL,OPTIMAL
GALNS,OPTIMAL,OPTIMAL,OPTIMAL,OPTIMAL
TRAPPC2L,INFEASIBLE,OPTIMAL,OPTIMAL,INFEASIBLE
ACSF3,INFEASIBLE,OPTIMAL,INFEASIBLE,OPTIMAL
ZNF778,OPTIMAL,OPTIMAL,OPTIMAL,OPTIMAL
ANKRD11,INFEASIBLE,OPTIMAL,INFEASIBLE,INFEASIBLE
SPG7,OPTIMAL,OPTIMAL,INFEASIBLE,OPTIMAL
RPL13,OPTIMAL,OPTIMAL,OPTIMAL,OPTIMAL
CPNE7,OPTIMAL,OPTIMAL,OPTIMAL,OPTIMAL
CHMP1A,OPTIMAL,OPTIMAL,OPTIMAL,OPTIMAL
SPATA33,OPTIMAL,OPTIMAL,OPTIMAL,OPTIMAL
CDK10,OPTIMAL,OPTIMAL,OPTIMAL,OPTIMAL
SPATA2L,OPTIMAL,OPTIMAL,OPTIMAL,OPTIMAL
VPS9D1,OPTIMAL,OPTIMAL,OPTIMAL,OPTIMAL
ZNF276,OPTIMAL,OPTIMAL,OPTIMAL,OPTIMAL
FANCA,OPTIMAL,OPTIMAL,INFEASIBLE,OPTIMAL
SPIRE2,OPTIMAL,OPTIMAL,INFEASIBLE,OPTIMAL
TCF25,OPTIMAL,OPTIMAL,OPTIMAL,OPTIMAL
DEF8,OPTIMAL,INFEASIBLE,OPTIMAL,OPTIMAL
DBNDD1,OPTIMAL,OPTIMAL,OPTIMAL,OPTIMAL
GAS8,OPTIMAL,OPTIMAL,OPTIMAL,OPTIMAL
RFLNB,OPTIMAL,OPTIMAL,OPTIMAL,OPTIMAL
VPS53,INFEASIBLE,OPTIMAL,OPTIMAL,INFEASIBLE
TLCD3A,OPTIMAL,OPTIMAL,OPTIMAL,OPTIMAL
GEMIN4,OPTIMAL,OPTIMAL,OPTIMAL,OPTIMAL
GLOD4,INFEASIBLE,OPTIMAL,INFEASIBLE,INFEASIBLE
MRM3,OPTIMAL,OPTIMAL,OPTIMAL,OPTIMAL
NXN,OPTIMAL,INFEASIBLE,OPTIMAL,OPTIMAL
TIMM22,OPTIMAL,OPTIMAL,OPTIMAL,OPTIMAL
ABR,OPTIMAL,OPTIMAL,INFEASIBLE,OPTIMAL
YWHAE,INFEASIBLE,INFEASIBLE,OPTIMAL,OPTIMAL
CRK,INFEASIBLE,OPTIMAL,INFEASIBLE,OPTIMAL
MYO1C,OPTIMAL,OPTIMAL,OPTIMAL,OPTIMAL
INPP5K,OPTIMAL,OPTIMAL,OPTIMAL,OPTIMAL
PITPNA,INFEASIBLE,OPTIMAL,INFEASIBLE,OPTIMAL
PRPF8,INFEASIBLE,OPTIMAL,INFEASIBLE,INFEASIBLE
TLCD2,OPTIMAL,OPTIMAL,OPTIMAL,OPTIMAL
WDR81,OPTIMAL,OPTIMAL,OPTIMAL,OPTIMAL
SERPINF1,OPTIMAL,OPTIMAL,OPTIMAL,OPTIMAL
SMYD4,OPTIMAL,OPTIMAL,OPTIMAL,OPTIMAL
RPA1,INFEASIBLE,OPTIMAL,INFEASIBLE,OPTIMAL
DPH1,OPTIMAL,OPTIMAL,OPTIMAL,OPTIMAL
SMG6,INFEASIBLE,OPTIMAL,INFEASIBLE,INFEASIBLE
SRR,OPTIMAL,OPTIMAL,OPTIMAL,OPTIMAL
TSR1,INFEASIBLE,OPTIMAL,INFEASIBLE,INFEASIBLE
SGSM2,OPTIMAL,OPTIMAL,OPTIMAL,OPTIMAL
MNT,OPTIMAL,OPTIMAL,INFEASIBLE,OPTIMAL
METTL16,INFEASIBLE,OPTIMAL,INFEASIBLE,INFEASIBLE
PAFAH1B1,INFEASIBLE,OPTIMAL,INFEASIBLE,INFEASIBLE
CLUH,OPTIMAL,OPTIMAL,OPTIMAL,OPTIMAL
RAP1GAP2,OPTIMAL,OPTIMAL,OPTIMAL,OPTIMAL
TRPV1,OPTIMAL,OPTIMAL,OPTIMAL,OPTIMAL
SHPK,INFEASIBLE,OPTIMAL,INFEASIBLE,OPTIMAL
CTNS,OPTIMAL,OPTIMAL,OPTIMAL,OPTIMAL
TAX1BP3,OPTIMAL,OPTIMAL,OPTIMAL,OPTIMAL
EMC6,OPTIMAL,OPTIMAL,OPTIMAL,OPTIMAL
ITGAE,OPTIMAL,INFEASIBLE,OPTIMAL,OPTIMAL
NCBP3,INFEASIBLE,OPTIMAL,INFEASIBLE,INFEASIBLE
CAMKK1,INFEASIBLE,INFEASIBLE,OPTIMAL,OPTIMAL
ZZEF1,INFEASIBLE,OPTIMAL,INFEASIBLE,INFEASIBLE
CYB5D2,OPTIMAL,OPTIMAL,OPTIMAL,OPTIMAL
ANKFY1,INFEASIBLE,OPTIMAL,INFEASIBLE,INFEASIBLE
UBE2G1,INFEASIBLE,OPTIMAL,INFEASIBLE,INFEASIBLE
MYBBP1A,OPTIMAL,OPTIMAL,OPTIMAL,OPTIMAL
PELP1,INFEASIBLE,OPTIMAL,INFEASIBLE,OPTIMAL
ARRB2,OPTIMAL,OPTIMAL,OPTIMAL,OPTIMAL
MED11,OPTIMAL,OPTIMAL,OPTIMAL,OPTIMAL
PSMB6,INFEASIBLE,OPTIMAL,OPTIMAL,OPTIMAL
MINK1,INFEASIBLE,OPTIMAL,OPTIMAL,INFEASIBLE
CHRNE,INFEASIBLE,INFEASIBLE,OPTIMAL,OPTIMAL
SLC25A11,OPTIMAL,OPTIMAL,OPTIMAL,OPTIMAL
RNF167,OPTIMAL,OPTIMAL,OPTIMAL,OPTIMAL
PFN1,OPTIMAL,INFEASIBLE,OPTIMAL,OPTIMAL
SPAG7,OPTIMAL,OPTIMAL,OPTIMAL,OPTIMAL
CAMTA2,OPTIMAL,OPTIMAL,OPTIMAL,OPTIMAL
KIF1C,INFEASIBLE,OPTIMAL,INFEASIBLE,OPTIMAL
ZNF232,OPTIMAL,OPTIMAL,OPTIMAL,OPTIMAL
ZNF594,INFEASIBLE,OPTIMAL,INFEASIBLE,OPTIMAL
RABEP1,INFEASIBLE,OPTIMAL,INFEASIBLE,INFEASIBLE
NUP88,INFEASIBLE,INFEASIBLE,OPTIMAL,INFEASIBLE
RPAIN,OPTIMAL,OPTIMAL,OPTIMAL,OPTIMAL
C1QBP,OPTIMAL,INFEASIBLE,OPTIMAL,OPTIMAL
DHX33,INFEASIBLE,OPTIMAL,OPTIMAL,OPTIMAL
DERL2,OPTIMAL,OPTIMAL,OPTIMAL,OPTIMAL
MIS12,INFEASIBLE,OPTIMAL,INFEASIBLE,OPTIMAL
WSCD1,OPTIMAL,OPTIMAL,OPTIMAL,OPTIMAL
PIMREG,OPTIMAL,OPTIMAL,OPTIMAL,OPTIMAL
KIAA0753,INFEASIBLE,OPTIMAL,INFEASIBLE,INFEASIBLE
TXNDC17,OPTIMAL,INFEASIBLE,OPTIMAL,OPTIMAL
MED31,OPTIMAL,OPTIMAL,OPTIMAL,OPTIMAL
RNASEK,OPTIMAL,OPTIMAL,OPTIMAL,OPTIMAL
C17orf49,OPTIMAL,OPTIMAL,OPTIMAL,OPTIMAL
ACADVL,OPTIMAL,OPTIMAL,OPTIMAL,OPTIMAL
DVL2,OPTIMAL,OPTIMAL,OPTIMAL,OPTIMAL
PHF23,INFEASIBLE,OPTIMAL,INFEASIBLE,OPTIMAL
GABARAP,INFEASIBLE,OPTIMAL,OPTIMAL,OPTIMAL
CTDNEP1,OPTIMAL,OPTIMAL,OPTIMAL,OPTIMAL
ELP5,OPTIMAL,OPTIMAL,OPTIMAL,OPTIMAL
EIF5A,INFEASIBLE,INFEASIBLE,OPTIMAL,OPTIMAL
GPS2,OPTIMAL,OPTIMAL,OPTIMAL,OPTIMAL
NEURL4,OPTIMAL,INFEASIBLE,OPTIMAL,OPTIMAL
TMEM256,OPTIMAL,OPTIMAL,OPTIMAL,OPTIMAL
NLGN2,OPTIMAL,OPTIMAL,INFEASIBLE,OPTIMAL
ZBTB4,OPTIMAL,OPTIMAL,OPTIMAL,OPTIMAL
POLR2A,INFEASIBLE,OPTIMAL,INFEASIBLE,INFEASIBLE
SENP3,OPTIMAL,OPTIMAL,OPTIMAL,OPTIMAL
EIF4A1,OPTIMAL,OPTIMAL,OPTIMAL,OPTIMAL
MPDU1,OPTIMAL,OPTIMAL,OPTIMAL,OPTIMAL
FXR2,INFEASIBLE,OPTIMAL,INFEASIBLE,OPTIMAL
SAT2,OPTIMAL,OPTIMAL,OPTIMAL,OPTIMAL
ATP1B2,OPTIMAL,OPTIMAL,OPTIMAL,OPTIMAL
TP53,INFEASIBLE,INFEASIBLE,OPTIMAL,INFEASIBLE
WRAP53,OPTIMAL,OPTIMAL,OPTIMAL,OPTIMAL
KDM6B,OPTIMAL,OPTIMAL,OPTIMAL,OPTIMAL
NAA38,INFEASIBLE,OPTIMAL,OPTIMAL,OPTIMAL
CYB5D1,INFEASIBLE,OPTIMAL,OPTIMAL,INFEASIBLE
CHD3,INFEASIBLE,OPTIMAL,INFEASIBLE,INFEASIBLE
TRAPPC1,OPTIMAL,INFEASIBLE,OPTIMAL,OPTIMAL
CNTROB,OPTIMAL,OPTIMAL,INFEASIBLE,OPTIMAL
PER1,OPTIMAL,OPTIMAL,OPTIMAL,OPTIMAL
VAMP2,OPTIMAL,INFEASIBLE,OPTIMAL,OPTIMAL
TMEM107,OPTIMAL,OPTIMAL,OPTIMAL,OPTIMAL
BORCS6,OPTIMAL,OPTIMAL,OPTIMAL,OPTIMAL
AURKB,OPTIMAL,OPTIMAL,OPTIMAL,OPTIMAL
CTC1,OPTIMAL,OPTIMAL,OPTIMAL,OPTIMAL
PFAS,OPTIMAL,OPTIMAL,OPTIMAL,OPTIMAL
RANGRF,OPTIMAL,OPTIMAL,OPTIMAL,OPTIMAL
RPL26,OPTIMAL,INFEASIBLE,OPTIMAL,OPTIMAL
NDEL1,OPTIMAL,INFEASIBLE,INFEASIBLE,OPTIMAL
MYH10,INFEASIBLE,OPTIMAL,INFEASIBLE,INFEASIBLE
NTN1,INFEASIBLE,OPTIMAL,INFEASIBLE,OPTIMAL
STX8,OPTIMAL,OPTIMAL,OPTIMAL,OPTIMAL
SCO1,INFEASIBLE,OPTIMAL,INFEASIBLE,INFEASIBLE
DNAH9,INFEASIBLE,INFEASIBLE,INFEASIBLE,INFEASIBLE
MAP2K4,INFEASIBLE,OPTIMAL,INFEASIBLE,INFEASIBLE
ARHGAP44,OPTIMAL,OPTIMAL,OPTIMAL,OPTIMAL
ELAC2,INFEASIBLE,OPTIMAL,INFEASIBLE,OPTIMAL
HS3ST3A1,INFEASIBLE,OPTIMAL,INFEASIBLE,OPTIMAL
COX10,INFEASIBLE,OPTIMAL,INFEASIBLE,INFEASIBLE
HS3ST3B1,OPTIMAL,OPTIMAL,OPTIMAL,OPTIMAL
PMP22,OPTIMAL,OPTIMAL,OPTIMAL,OPTIMAL
TVP23C,INFEASIBLE,OPTIMAL,INFEASIBLE,INFEASIBLE
TRIM16,OPTIMAL,OPTIMAL,INFEASIBLE,OPTIMAL
ZNF286A,OPTIMAL,OPTIMAL,OPTIMAL,OPTIMAL
ADORA2B,OPTIMAL,OPTIMAL,OPTIMAL,OPTIMAL
ZSWIM7,OPTIMAL,OPTIMAL,OPTIMAL,OPTIMAL
TTC19,INFEASIBLE,OPTIMAL,INFEASIBLE,INFEASIBLE
NCOR1,INFEASIBLE,OPTIMAL,INFEASIBLE,INFEASIBLE
PIGL,INFEASIBLE,OPTIMAL,INFEASIBLE,OPTIMAL
CENPV,OPTIMAL,OPTIMAL,OPTIMAL,OPTIMAL
UBB,OPTIMAL,OPTIMAL,OPTIMAL,OPTIMAL
LRRC75A,INFEASIBLE,INFEASIBLE,INFEASIBLE,INFEASIBLE
MPRIP,INFEASIBLE,OPTIMAL,INFEASIBLE,INFEASIBLE
PLD6,INFEASIBLE,OPTIMAL,OPTIMAL,INFEASIBLE
FLCN,OPTIMAL,OPTIMAL,OPTIMAL,OPTIMAL
COPS3,OPTIMAL,OPTIMAL,OPTIMAL,OPTIMAL
NT5M,INFEASIBLE,OPTIMAL,INFEASIBLE,OPTIMAL
MED9,INFEASIBLE,OPTIMAL,INFEASIBLE,OPTIMAL
PEMT,OPTIMAL,INFEASIBLE,OPTIMAL,OPTIMAL
RAI1,INFEASIBLE,OPTIMAL,INFEASIBLE,OPTIMAL
SREBF1,OPTIMAL,OPTIMAL,OPTIMAL,OPTIMAL
TOM1L2,OPTIMAL,OPTIMAL,INFEASIBLE,OPTIMAL
ATPAF2,OPTIMAL,OPTIMAL,OPTIMAL,OPTIMAL
GID4,OPTIMAL,OPTIMAL,OPTIMAL,OPTIMAL
DRG2,OPTIMAL,OPTIMAL,OPTIMAL,OPTIMAL
ALKBH5,INFEASIBLE,OPTIMAL,INFEASIBLE,OPTIMAL
LLGL1,OPTIMAL,INFEASIBLE,OPTIMAL,OPTIMAL
FLII,OPTIMAL,OPTIMAL,INFEASIBLE,OPTIMAL
TOP3A,INFEASIBLE,OPTIMAL,INFEASIBLE,OPTIMAL
SMCR8,INFEASIBLE,OPTIMAL,OPTIMAL,OPTIMAL
SHMT1,OPTIMAL,OPTIMAL,OPTIMAL,OPTIMAL
TVP23B,INFEASIBLE,OPTIMAL,INFEASIBLE,INFEASIBLE
PRPSAP2,INFEASIBLE,OPTIMAL,INFEASIBLE,INFEASIBLE
EPN2,OPTIMAL,OPTIMAL,OPTIMAL,OPTIMAL
B9D1,OPTIMAL,OPTIMAL,OPTIMAL,OPTIMAL
SLC47A1,OPTIMAL,OPTIMAL,INFEASIBLE,OPTIMAL
ALDH3A2,OPTIMAL,OPTIMAL,OPTIMAL,OPTIMAL
ULK2,OPTIMAL,OPTIMAL,OPTIMAL,OPTIMAL
AKAP10,INFEASIBLE,OPTIMAL,INFEASIBLE,INFEASIBLE
SPECC1,INFEASIBLE,OPTIMAL,INFEASIBLE,INFEASIBLE
USP22,OPTIMAL,OPTIMAL,OPTIMAL,OPTIMAL
DHRS7B,INFEASIBLE,OPTIMAL,INFEASIBLE,INFEASIBLE
TMEM11,OPTIMAL,OPTIMAL,OPTIMAL,OPTIMAL
MAP2K3,OPTIMAL,OPTIMAL,OPTIMAL,OPTIMAL
KCNJ12,OPTIMAL,INFEASIBLE,OPTIMAL,OPTIMAL
WSB1,OPTIMAL,OPTIMAL,OPTIMAL,OPTIMAL
KSR1,OPTIMAL,OPTIMAL,OPTIMAL,OPTIMAL
NLK,INFEASIBLE,OPTIMAL,INFEASIBLE,INFEASIBLE
TMEM97,OPTIMAL,OPTIMAL,OPTIMAL,OPTIMAL
IFT20,OPTIMAL,OPTIMAL,OPTIMAL,OPTIMAL
TNFAIP1,OPTIMAL,OPTIMAL,OPTIMAL,OPTIMAL
POLDIP2,OPTIMAL,OPTIMAL,OPTIMAL,OPTIMAL
TMEM199,OPTIMAL,OPTIMAL,OPTIMAL,OPTIMAL
SARM1,OPTIMAL,OPTIMAL,OPTIMAL,OPTIMAL
SLC46A1,OPTIMAL,OPTIMAL,OPTIMAL,OPTIMAL
RSKR,OPTIMAL,OPTIMAL,OPTIMAL,OPTIMAL
UNC119,OPTIMAL,OPTIMAL,OPTIMAL,OPTIMAL
PIGS,INFEASIBLE,OPTIMAL,INFEASIBLE,OPTIMAL
SPAG5,INFEASIBLE,OPTIMAL,INFEASIBLE,INFEASIBLE
BLTP2,INFEASIBLE,OPTIMAL,INFEASIBLE,OPTIMAL
SDF2,OPTIMAL,OPTIMAL,OPTIMAL,OPTIMAL
SUPT6H,INFEASIBLE,OPTIMAL,INFEASIBLE,INFEASIBLE
RAB34,OPTIMAL,OPTIMAL,OPTIMAL,OPTIMAL
RPL23A,OPTIMAL,OPTIMAL,OPTIMAL,OPTIMAL
TLCD1,OPTIMAL,OPTIMAL,OPTIMAL,OPTIMAL
NEK8,OPTIMAL,INFEASIBLE,OPTIMAL,OPTIMAL
TRAF4,OPTIMAL,OPTIMAL,OPTIMAL,OPTIMAL
FAM222B,OPTIMAL,OPTIMAL,INFEASIBLE,OPTIMAL
ERAL1,OPTIMAL,OPTIMAL,INFEASIBLE,OPTIMAL
FLOT2,INFEASIBLE,OPTIMAL,OPTIMAL,OPTIMAL
DHRS13,OPTIMAL,OPTIMAL,OPTIMAL,OPTIMAL
PHF12,INFEASIBLE,OPTIMAL,OPTIMAL,INFEASIBLE
MYO18A,OPTIMAL,OPTIMAL,OPTIMAL,OPTIMAL
NUFIP2,INFEASIBLE,OPTIMAL,INFEASIBLE,INFEASIBLE
TAOK1,INFEASIBLE,OPTIMAL,INFEASIBLE,INFEASIBLE
TP53I13,OPTIMAL,INFEASIBLE,OPTIMAL,OPTIMAL
GIT1,OPTIMAL,OPTIMAL,OPTIMAL,OPTIMAL
ANKRD13B,OPTIMAL,OPTIMAL,OPTIMAL,OPTIMAL
SSH2,INFEASIBLE,OPTIMAL,INFEASIBLE,INFEASIBLE
NSRP1,OPTIMAL,OPTIMAL,OPTIMAL,OPTIMAL
BLMH,INFEASIBLE,OPTIMAL,INFEASIBLE,OPTIMAL
CPD,INFEASIBLE,OPTIMAL,OPTIMAL,OPTIMAL
GOSR1,INFEASIBLE,OPTIMAL,INFEASIBLE,INFEASIBLE
CRLF3,OPTIMAL,OPTIMAL,OPTIMAL,OPTIMAL
ATAD5,INFEASIBLE,OPTIMAL,INFEASIBLE,INFEASIBLE
TEFM,OPTIMAL,OPTIMAL,OPTIMAL,OPTIMAL
ADAP2,OPTIMAL,OPTIMAL,OPTIMAL,OPTIMAL
RNF135,OPTIMAL,OPTIMAL,OPTIMAL,OPTIMAL
NF1,INFEASIBLE,OPTIMAL,INFEASIBLE,INFEASIBLE
OMG,OPTIMAL,INFEASIBLE,OPTIMAL,OPTIMAL
RAB11FIP4,OPTIMAL,OPTIMAL,OPTIMAL,OPTIMAL
COPRS,OPTIMAL,OPTIMAL,OPTIMAL,OPTIMAL
UTP6,INFEASIBLE,OPTIMAL,INFEASIBLE,OPTIMAL
SUZ12,INFEASIBLE,OPTIMAL,INFEASIBLE,INFEASIBLE
LRRC37B,OPTIMAL,OPTIMAL,OPTIMAL,OPTIMAL
RHOT1,INFEASIBLE,OPTIMAL,INFEASIBLE,OPTIMAL
RHBDL3,OPTIMAL,OPTIMAL,OPTIMAL,OPTIMAL
C17orf75,OPTIMAL,OPTIMAL,OPTIMAL,OPTIMAL
ZNF207,INFEASIBLE,OPTIMAL,INFEASIBLE,INFEASIBLE
PSMD11,INFEASIBLE,OPTIMAL,OPTIMAL,OPTIMAL
MYO1D,OPTIMAL,INFEASIBLE,INFEASIBLE,OPTIMAL
TMEM98,OPTIMAL,OPTIMAL,OPTIMAL,OPTIMAL
ZNF830,INFEASIBLE,OPTIMAL,INFEASIBLE,OPTIMAL
LIG3,INFEASIBLE,OPTIMAL,INFEASIBLE,INFEASIBLE
RFFL,OPTIMAL,OPTIMAL,OPTIMAL,OPTIMAL
RAD51D,OPTIMAL,OPTIMAL,INFEASIBLE,OPTIMAL
NLE1,OPTIMAL,OPTIMAL,OPTIMAL,OPTIMAL
AP2B1,OPTIMAL,OPTIMAL,INFEASIBLE,OPTIMAL
RASL10B,OPTIMAL,OPTIMAL,OPTIMAL,OPTIMAL
TAF15,INFEASIBLE,OPTIMAL,INFEASIBLE,INFEASIBLE
RDM1,OPTIMAL,INFEASIBLE,OPTIMAL,OPTIMAL
ZNHIT3,OPTIMAL,OPTIMAL,OPTIMAL,OPTIMAL
MYO19,INFEASIBLE,OPTIMAL,INFEASIBLE,OPTIMAL
PIGW,INFEASIBLE,OPTIMAL,INFEASIBLE,OPTIMAL
GGNBP2,INFEASIBLE,OPTIMAL,INFEASIBLE,INFEASIBLE
DHRS11,OPTIMAL,OPTIMAL,OPTIMAL,OPTIMAL
MRM1,INFEASIBLE,OPTIMAL,INFEASIBLE,OPTIMAL
LHX1,OPTIMAL,INFEASIBLE,OPTIMAL,OPTIMAL
AATF,INFEASIBLE,OPTIMAL,INFEASIBLE,INFEASIBLE
ACACA,INFEASIBLE,OPTIMAL,INFEASIBLE,INFEASIBLE
TADA2A,OPTIMAL,OPTIMAL,OPTIMAL,OPTIMAL
DUSP14,OPTIMAL,OPTIMAL,OPTIMAL,OPTIMAL
SYNRG,INFEASIBLE,OPTIMAL,INFEASIBLE,OPTIMAL
DDX52,OPTIMAL,INFEASIBLE,INFEASIBLE,OPTIMAL
MRPL45,OPTIMAL,INFEASIBLE,OPTIMAL,OPTIMAL
SOCS7,INFEASIBLE,OPTIMAL,OPTIMAL,OPTIMAL
MLLT6,INFEASIBLE,OPTIMAL,OPTIMAL,OPTIMAL
CISD3,OPTIMAL,INFEASIBLE,OPTIMAL,OPTIMAL
PCGF2,OPTIMAL,OPTIMAL,OPTIMAL,OPTIMAL
PSMB3,OPTIMAL,OPTIMAL,OPTIMAL,OPTIMAL
PIP4K2B,INFEASIBLE,OPTIMAL,INFEASIBLE,OPTIMAL
CWC25,OPTIMAL,OPTIMAL,OPTIMAL,OPTIMAL
RPL23,OPTIMAL,OPTIMAL,OPTIMAL,OPTIMAL
LASP1,OPTIMAL,OPTIMAL,OPTIMAL,OPTIMAL
RPL19,OPTIMAL,OPTIMAL,OPTIMAL,OPTIMAL
FBXL20,INFEASIBLE,OPTIMAL,INFEASIBLE,OPTIMAL
MED1,INFEASIBLE,OPTIMAL,INFEASIBLE,INFEASIBLE
CDK12,INFEASIBLE,OPTIMAL,INFEASIBLE,INFEASIBLE
STARD3,OPTIMAL,OPTIMAL,OPTIMAL,OPTIMAL
ERBB2,OPTIMAL,OPTIMAL,OPTIMAL,OPTIMAL
MIEN1,OPTIMAL,OPTIMAL,OPTIMAL,OPTIMAL
IKZF3,OPTIMAL,OPTIMAL,OPTIMAL,OPTIMAL
ORMDL3,INFEASIBLE,OPTIMAL,OPTIMAL,OPTIMAL
PSMD3,INFEASIBLE,OPTIMAL,OPTIMAL,OPTIMAL
MED24,INFEASIBLE,OPTIMAL,INFEASIBLE,OPTIMAL
THRA,OPTIMAL,OPTIMAL,OPTIMAL,OPTIMAL
MSL1,INFEASIBLE,OPTIMAL,INFEASIBLE,OPTIMAL
CASC3,INFEASIBLE,OPTIMAL,INFEASIBLE,INFEASIBLE
WIPF2,OPTIMAL,INFEASIBLE,OPTIMAL,OPTIMAL
CDC6,INFEASIBLE,OPTIMAL,INFEASIBLE,OPTIMAL
RARA,INFEASIBLE,OPTIMAL,OPTIMAL,OPTIMAL
TOP2A,INFEASIBLE,INFEASIBLE,INFEASIBLE,INFEASIBLE
SMARCE1,INFEASIBLE,OPTIMAL,INFEASIBLE,INFEASIBLE
KRT10,OPTIMAL,INFEASIBLE,OPTIMAL,OPTIMAL
EIF1,OPTIMAL,INFEASIBLE,OPTIMAL,OPTIMAL
JUP,OPTIMAL,OPTIMAL,OPTIMAL,OPTIMAL
P3H4,OPTIMAL,OPTIMAL,OPTIMAL,OPTIMAL
FKBP10,INFEASIBLE,OPTIMAL,INFEASIBLE,OPTIMAL
NT5C3B,OPTIMAL,INFEASIBLE,OPTIMAL,OPTIMAL
KLHL11,INFEASIBLE,OPTIMAL,INFEASIBLE,INFEASIBLE
ACLY,INFEASIBLE,OPTIMAL,INFEASIBLE,OPTIMAL
CNP,OPTIMAL,OPTIMAL,OPTIMAL,OPTIMAL
DNAJC7,INFEASIBLE,OPTIMAL,INFEASIBLE,OPTIMAL
NKIRAS2,OPTIMAL,OPTIMAL,OPTIMAL,OPTIMAL
KAT2A,OPTIMAL,OPTIMAL,OPTIMAL,OPTIMAL
RAB5C,OPTIMAL,OPTIMAL,OPTIMAL,OPTIMAL
STAT5B,INFEASIBLE,OPTIMAL,INFEASIBLE,OPTIMAL
STAT3,INFEASIBLE,OPTIMAL,INFEASIBLE,OPTIMAL
ATP6V0A1,INFEASIBLE,OPTIMAL,INFEASIBLE,INFEASIBLE
NAGLU,OPTIMAL,OPTIMAL,OPTIMAL,OPTIMAL
COASY,OPTIMAL,OPTIMAL,OPTIMAL,OPTIMAL
MLX,OPTIMAL,OPTIMAL,OPTIMAL,OPTIMAL
PSMC3IP,OPTIMAL,OPTIMAL,OPTIMAL,OPTIMAL
RETREG3,OPTIMAL,OPTIMAL,OPTIMAL,OPTIMAL
TUBG1,OPTIMAL,OPTIMAL,OPTIMAL,OPTIMAL
PLEKHH3,OPTIMAL,OPTIMAL,OPTIMAL,OPTIMAL
EZH1,OPTIMAL,OPTIMAL,OPTIMAL,OPTIMAL
RAMP2,OPTIMAL,OPTIMAL,OPTIMAL,OPTIMAL
VPS25,OPTIMAL,OPTIMAL,OPTIMAL,OPTIMAL
COA3,OPTIMAL,INFEASIBLE,OPTIMAL,OPTIMAL
BECN1,INFEASIBLE,OPTIMAL,OPTIMAL,OPTIMAL
PSME3,INFEASIBLE,OPTIMAL,INFEASIBLE,OPTIMAL
AARSD1,OPTIMAL,OPTIMAL,OPTIMAL,OPTIMAL
RUNDC1,OPTIMAL,OPTIMAL,OPTIMAL,OPTIMAL
RPL27,OPTIMAL,OPTIMAL,OPTIMAL,OPTIMAL
VAT1,OPTIMAL,OPTIMAL,OPTIMAL,OPTIMAL
RND2,OPTIMAL,OPTIMAL,OPTIMAL,OPTIMAL
BRCA1,INFEASIBLE,OPTIMAL,INFEASIBLE,OPTIMAL
NBR1,INFEASIBLE,OPTIMAL,INFEASIBLE,OPTIMAL
CCDC200,OPTIMAL,OPTIMAL,OPTIMAL,OPTIMAL
ARL4D,OPTIMAL,OPTIMAL,OPTIMAL,OPTIMAL
DHX8,INFEASIBLE,OPTIMAL,INFEASIBLE,OPTIMAL
DUSP3,OPTIMAL,OPTIMAL,OPTIMAL,OPTIMAL
MPP3,INFEASIBLE,OPTIMAL,INFEASIBLE,OPTIMAL
MPP2,INFEASIBLE,OPTIMAL,OPTIMAL,OPTIMAL
TMEM101,INFEASIBLE,OPTIMAL,OPTIMAL,OPTIMAL
LSM12,OPTIMAL,OPTIMAL,OPTIMAL,OPTIMAL
G6PC3,INFEASIBLE,OPTIMAL,INFEASIBLE,OPTIMAL
HDAC5,OPTIMAL,OPTIMAL,OPTIMAL,OPTIMAL
HROB,OPTIMAL,OPTIMAL,OPTIMAL,OPTIMAL
TMUB2,OPTIMAL,OPTIMAL,OPTIMAL,OPTIMAL
ATXN7L3,INFEASIBLE,OPTIMAL,OPTIMAL,INFEASIBLE
UBTF,INFEASIBLE,OPTIMAL,INFEASIBLE,INFEASIBLE
SLC25A39,OPTIMAL,INFEASIBLE,OPTIMAL,OPTIMAL
GRN,OPTIMAL,OPTIMAL,OPTIMAL,OPTIMAL
GPATCH8,INFEASIBLE,OPTIMAL,INFEASIBLE,INFEASIBLE
MEIOC,OPTIMAL,OPTIMAL,OPTIMAL,OPTIMAL
CCDC43,INFEASIBLE,OPTIMAL,OPTIMAL,OPTIMAL
DBF4B,OPTIMAL,OPTIMAL,OPTIMAL,OPTIMAL
ADAM11,OPTIMAL,OPTIMAL,OPTIMAL,OPTIMAL
GJC1,INFEASIBLE,OPTIMAL,INFEASIBLE,INFEASIBLE
EFTUD2,INFEASIBLE,OPTIMAL,INFEASIBLE,OPTIMAL
KIF18B,INFEASIBLE,OPTIMAL,OPTIMAL,OPTIMAL
NMT1,OPTIMAL,OPTIMAL,OPTIMAL,OPTIMAL
DCAKD,OPTIMAL,OPTIMAL,OPTIMAL,OPTIMAL
PLCD3,OPTIMAL,OPTIMAL,OPTIMAL,OPTIMAL
HEXIM1,INFEASIBLE,OPTIMAL,INFEASIBLE,OPTIMAL
MAP3K14,OPTIMAL,OPTIMAL,OPTIMAL,OPTIMAL
PLEKHM1,OPTIMAL,OPTIMAL,OPTIMAL,OPTIMAL
MAPT,OPTIMAL,OPTIMAL,OPTIMAL,OPTIMAL
KANSL1,INFEASIBLE,OPTIMAL,INFEASIBLE,INFEASIBLE
ARL17B,OPTIMAL,OPTIMAL,OPTIMAL,OPTIMAL
ARL17A,OPTIMAL,OPTIMAL,INFEASIBLE,OPTIMAL
LRRC37A2,OPTIMAL,OPTIMAL,INFEASIBLE,OPTIMAL
NSF,INFEASIBLE,OPTIMAL,INFEASIBLE,INFEASIBLE
GOSR2,OPTIMAL,OPTIMAL,OPTIMAL,OPTIMAL
RPRML,OPTIMAL,INFEASIBLE,OPTIMAL,OPTIMAL
CDC27,INFEASIBLE,OPTIMAL,INFEASIBLE,INFEASIBLE
NPEPPS,INFEASIBLE,OPTIMAL,INFEASIBLE,INFEASIBLE
KPNB1,INFEASIBLE,OPTIMAL,INFEASIBLE,INFEASIBLE
TBKBP1,OPTIMAL,OPTIMAL,OPTIMAL,OPTIMAL
MRPL10,OPTIMAL,OPTIMAL,OPTIMAL,OPTIMAL
SCRN2,OPTIMAL,OPTIMAL,OPTIMAL,OPTIMAL
SP2,OPTIMAL,OPTIMAL,OPTIMAL,OPTIMAL
PNPO,OPTIMAL,OPTIMAL,OPTIMAL,OPTIMAL
CDK5RAP3,OPTIMAL,OPTIMAL,OPTIMAL,OPTIMAL
NFE2L1,INFEASIBLE,OPTIMAL,INFEASIBLE,INFEASIBLE
CBX1,INFEASIBLE,OPTIMAL,INFEASIBLE,INFEASIBLE
SNX11,OPTIMAL,OPTIMAL,OPTIMAL,OPTIMAL
HOXB2,OPTIMAL,OPTIMAL,OPTIMAL,OPTIMAL
HOXB3,INFEASIBLE,OPTIMAL,INFEASIBLE,OPTIMAL
HOXB6,OPTIMAL,OPTIMAL,OPTIMAL,OPTIMAL
HOXB7,OPTIMAL,OPTIMAL,OPTIMAL,OPTIMAL
HOXB8,OPTIMAL,INFEASIBLE,OPTIMAL,OPTIMAL
HOXB9,OPTIMAL,OPTIMAL,INFEASIBLE,OPTIMAL
CALCOCO2,INFEASIBLE,OPTIMAL,INFEASIBLE,INFEASIBLE
ATP5MC1,INFEASIBLE,INFEASIBLE,OPTIMAL,OPTIMAL
UBE2Z,OPTIMAL,OPTIMAL,OPTIMAL,OPTIMAL
SNF8,OPTIMAL,OPTIMAL,OPTIMAL,OPTIMAL
IGF2BP1,INFEASIBLE,OPTIMAL,INFEASIBLE,INFEASIBLE
ZNF652,OPTIMAL,OPTIMAL,OPTIMAL,OPTIMAL
PHB1,OPTIMAL,INFEASIBLE,OPTIMAL,OPTIMAL
SPOP,INFEASIBLE,OPTIMAL,INFEASIBLE,INFEASIBLE
SLC35B1,OPTIMAL,OPTIMAL,OPTIMAL,OPTIMAL
FAM117A,INFEASIBLE,OPTIMAL,OPTIMAL,OPTIMAL
KAT7,OPTIMAL,OPTIMAL,OPTIMAL,OPTIMAL
PDK2,OPTIMAL,OPTIMAL,OPTIMAL,OPTIMAL
PPP1R9B,INFEASIBLE,OPTIMAL,OPTIMAL,INFEASIBLE
XYLT2,INFEASIBLE,OPTIMAL,INFEASIBLE,OPTIMAL
MRPL27,OPTIMAL,OPTIMAL,OPTIMAL,OPTIMAL
EME1,OPTIMAL,OPTIMAL,INFEASIBLE,OPTIMAL
LRRC59,INFEASIBLE,INFEASIBLE,INFEASIBLE,OPTIMAL
RSAD1,OPTIMAL,OPTIMAL,OPTIMAL,OPTIMAL
ANKRD40,OPTIMAL,OPTIMAL,OPTIMAL,OPTIMAL
LUC7L3,INFEASIBLE,OPTIMAL,INFEASIBLE,INFEASIBLE
TOB1,OPTIMAL,OPTIMAL,OPTIMAL,OPTIMAL
SPAG9,INFEASIBLE,OPTIMAL,INFEASIBLE,INFEASIBLE
NME1,OPTIMAL,OPTIMAL,OPTIMAL,OPTIMAL
NME2,INFEASIBLE,INFEASIBLE,OPTIMAL,INFEASIBLE
MBTD1,INFEASIBLE,OPTIMAL,INFEASIBLE,INFEASIBLE
UTP18,INFEASIBLE,OPTIMAL,INFEASIBLE,INFEASIBLE
TOM1L1,OPTIMAL,OPTIMAL,INFEASIBLE,OPTIMAL
COX11,OPTIMAL,OPTIMAL,OPTIMAL,OPTIMAL
STXBP4,INFEASIBLE,OPTIMAL,INFEASIBLE,INFEASIBLE
MMD,OPTIMAL,OPTIMAL,OPTIMAL,OPTIMAL
PCTP,OPTIMAL,OPTIMAL,OPTIMAL,OPTIMAL
NOG,OPTIMAL,OPTIMAL,OPTIMAL,OPTIMAL
C17orf67,OPTIMAL,INFEASIBLE,OPTIMAL,OPTIMAL
DGKE,INFEASIBLE,OPTIMAL,INFEASIBLE,INFEASIBLE
TRIM25,INFEASIBLE,OPTIMAL,INFEASIBLE,INFEASIBLE
COIL,INFEASIBLE,OPTIMAL,OPTIMAL,OPTIMAL
SCPEP1,OPTIMAL,OPTIMAL,OPTIMAL,OPTIMAL
AKAP1,OPTIMAL,OPTIMAL,OPTIMAL,OPTIMAL
MSI2,INFEASIBLE,OPTIMAL,INFEASIBLE,INFEASIBLE
MRPS23,OPTIMAL,OPTIMAL,OPTIMAL,OPTIMAL
CUEDC1,INFEASIBLE,OPTIMAL,INFEASIBLE,OPTIMAL
VEZF1,INFEASIBLE,OPTIMAL,OPTIMAL,INFEASIBLE
SRSF1,INFEASIBLE,OPTIMAL,INFEASIBLE,INFEASIBLE
DYNLL2,INFEASIBLE,OPTIMAL,INFEASIBLE,INFEASIBLE
MKS1,INFEASIBLE,OPTIMAL,INFEASIBLE,OPTIMAL
SUPT4H1,OPTIMAL,OPTIMAL,OPTIMAL,OPTIMAL
RNF43,INFEASIBLE,OPTIMAL,INFEASIBLE,INFEASIBLE
MTMR4,INFEASIBLE,OPTIMAL,INFEASIBLE,OPTIMAL
TEX14,OPTIMAL,OPTIMAL,INFEASIBLE,OPTIMAL
RAD51C,OPTIMAL,OPTIMAL,OPTIMAL,OPTIMAL
PPM1E,INFEASIBLE,OPTIMAL,INFEASIBLE,INFEASIBLE
TRIM37,INFEASIBLE,OPTIMAL,INFEASIBLE,INFEASIBLE
SKA2,OPTIMAL,OPTIMAL,OPTIMAL,OPTIMAL
PRR11,INFEASIBLE,OPTIMAL,INFEASIBLE,OPTIMAL
SMG8,OPTIMAL,OPTIMAL,OPTIMAL,OPTIMAL
GDPD1,INFEASIBLE,OPTIMAL,OPTIMAL,OPTIMAL
DHX40,OPTIMAL,OPTIMAL,INFEASIBLE,OPTIMAL
CLTC,INFEASIBLE,OPTIMAL,INFEASIBLE,INFEASIBLE
PTRH2,OPTIMAL,OPTIMAL,OPTIMAL,OPTIMAL
VMP1,INFEASIBLE,OPTIMAL,INFEASIBLE,INFEASIBLE
TUBD1,OPTIMAL,OPTIMAL,OPTIMAL,OPTIMAL
RPS6KB1,INFEASIBLE,OPTIMAL,INFEASIBLE,INFEASIBLE
RNFT1,OPTIMAL,OPTIMAL,OPTIMAL,OPTIMAL
HEATR6,INFEASIBLE,OPTIMAL,OPTIMAL,OPTIMAL
USP32,INFEASIBLE,OPTIMAL,INFEASIBLE,INFEASIBLE
APPBP2,INFEASIBLE,OPTIMAL,INFEASIBLE,INFEASIBLE
PPM1D,INFEASIBLE,OPTIMAL,INFEASIBLE,OPTIMAL
BCAS3,INFEASIBLE,OPTIMAL,INFEASIBLE,INFEASIBLE
TBX2,OPTIMAL,OPTIMAL,OPTIMAL,OPTIMAL
BRIP1,INFEASIBLE,OPTIMAL,INFEASIBLE,INFEASIBLE
INTS2,INFEASIBLE,OPTIMAL,INFEASIBLE,INFEASIBLE
MED13,INFEASIBLE,OPTIMAL,INFEASIBLE,INFEASIBLE
METTL2A,INFEASIBLE,OPTIMAL,INFEASIBLE,OPTIMAL
TLK2,INFEASIBLE,OPTIMAL,INFEASIBLE,INFEASIBLE
MRC2,OPTIMAL,OPTIMAL,INFEASIBLE,OPTIMAL
TANC2,INFEASIBLE,OPTIMAL,INFEASIBLE,INFEASIBLE
DCAF7,INFEASIBLE,OPTIMAL,INFEASIBLE,INFEASIBLE
TACO1,OPTIMAL,OPTIMAL,OPTIMAL,OPTIMAL
MAP3K3,INFEASIBLE,OPTIMAL,INFEASIBLE,OPTIMAL
STRADA,OPTIMAL,OPTIMAL,INFEASIBLE,OPTIMAL
LIMD2,OPTIMAL,OPTIMAL,OPTIMAL,OPTIMAL
CCDC47,INFEASIBLE,OPTIMAL,INFEASIBLE,INFEASIBLE
DDX42,INFEASIBLE,OPTIMAL,INFEASIBLE,INFEASIBLE
FTSJ3,INFEASIBLE,OPTIMAL,INFEASIBLE,INFEASIBLE
PSMC5,OPTIMAL,OPTIMAL,OPTIMAL,OPTIMAL
SMARCD2,OPTIMAL,OPTIMAL,OPTIMAL,OPTIMAL
ERN1,OPTIMAL,OPTIMAL,OPTIMAL,OPTIMAL
TEX2,INFEASIBLE,OPTIMAL,INFEASIBLE,OPTIMAL
POLG2,INFEASIBLE,OPTIMAL,OPTIMAL,OPTIMAL
DDX5,INFEASIBLE,OPTIMAL,INFEASIBLE,INFEASIBLE
CEP95,INFEASIBLE,OPTIMAL,INFEASIBLE,INFEASIBLE
SMURF2,INFEASIBLE,OPTIMAL,INFEASIBLE,OPTIMAL
LRRC37A3,OPTIMAL,OPTIMAL,OPTIMAL,OPTIMAL
GNA13,INFEASIBLE,OPTIMAL,OPTIMAL,INFEASIBLE
RGS9,OPTIMAL,INFEASIBLE,OPTIMAL,OPTIMAL
CEP112,INFEASIBLE,OPTIMAL,INFEASIBLE,INFEASIBLE
PRKCA,INFEASIBLE,OPTIMAL,INFEASIBLE,OPTIMAL
HELZ,INFEASIBLE,OPTIMAL,INFEASIBLE,INFEASIBLE
PSMD12,INFEASIBLE,OPTIMAL,INFEASIBLE,INFEASIBLE
PITPNC1,INFEASIBLE,OPTIMAL,INFEASIBLE,OPTIMAL
NOL11,INFEASIBLE,OPTIMAL,INFEASIBLE,INFEASIBLE
BPTF,INFEASIBLE,OPTIMAL,INFEASIBLE,INFEASIBLE
C17orf58,OPTIMAL,OPTIMAL,OPTIMAL,OPTIMAL
KPNA2,INFEASIBLE,OPTIMAL,OPTIMAL,OPTIMAL
AMZ2,OPTIMAL,OPTIMAL,INFEASIBLE,OPTIMAL
ARSG,OPTIMAL,OPTIMAL,OPTIMAL,OPTIMAL
PRKAR1A,INFEASIBLE,OPTIMAL,INFEASIBLE,INFEASIBLE
ABCA5,INFEASIBLE,OPTIMAL,INFEASIBLE,INFEASIBLE
MAP2K6,OPTIMAL,OPTIMAL,INFEASIBLE,OPTIMAL
SLC39A11,OPTIMAL,OPTIMAL,INFEASIBLE,OPTIMAL
SSTR2,INFEASIBLE,INFEASIBLE,INFEASIBLE,OPTIMAL
COG1,OPTIMAL,OPTIMAL,OPTIMAL,OPTIMAL
FAM104A,OPTIMAL,OPTIMAL,OPTIMAL,OPTIMAL
C17orf80,INFEASIBLE,OPTIMAL,INFEASIBLE,INFEASIBLE
CDC42EP4,OPTIMAL,OPTIMAL,OPTIMAL,OPTIMAL
SDK2,INFEASIBLE,OPTIMAL,INFEASIBLE,OPTIMAL
RPL38,OPTIMAL,INFEASIBLE,OPTIMAL,OPTIMAL
NHERF1,OPTIMAL,OPTIMAL,OPTIMAL,OPTIMAL
NAT9,OPTIMAL,OPTIMAL,OPTIMAL,OPTIMAL
TMEM104,OPTIMAL,OPTIMAL,OPTIMAL,OPTIMAL
CDR2L,OPTIMAL,OPTIMAL,OPTIMAL,OPTIMAL
MRPL58,OPTIMAL,INFEASIBLE,OPTIMAL,OPTIMAL
KCTD2,OPTIMAL,OPTIMAL,OPTIMAL,OPTIMAL
ATP5PD,OPTIMAL,INFEASIBLE,OPTIMAL,OPTIMAL
ARMC7,OPTIMAL,OPTIMAL,OPTIMAL,OPTIMAL
NT5C,INFEASIBLE,OPTIMAL,OPTIMAL,OPTIMAL
JPT1,OPTIMAL,INFEASIBLE,OPTIMAL,OPTIMAL
SUMO2,OPTIMAL,INFEASIBLE,OPTIMAL,OPTIMAL
NUP85,OPTIMAL,OPTIMAL,OPTIMAL,OPTIMAL
GGA3,INFEASIBLE,OPTIMAL,INFEASIBLE,INFEASIBLE
MRPS7,OPTIMAL,OPTIMAL,OPTIMAL,OPTIMAL
MIF4GD,OPTIMAL,INFEASIBLE,OPTIMAL,OPTIMAL
SLC25A19,OPTIMAL,OPTIMAL,OPTIMAL,OPTIMAL
GRB2,INFEASIBLE,OPTIMAL,INFEASIBLE,INFEASIBLE
TMEM94,OPTIMAL,INFEASIBLE,OPTIMAL,OPTIMAL
TSEN54,OPTIMAL,OPTIMAL,OPTIMAL,OPTIMAL
LLGL2,OPTIMAL,INFEASIBLE,OPTIMAL,OPTIMAL
RECQL5,INFEASIBLE,OPTIMAL,OPTIMAL,INFEASIBLE
SAP30BP,INFEASIBLE,OPTIMAL,INFEASIBLE,INFEASIBLE
GALK1,OPTIMAL,OPTIMAL,OPTIMAL,OPTIMAL
UNK,INFEASIBLE,OPTIMAL,INFEASIBLE,OPTIMAL
WBP2,OPTIMAL,OPTIMAL,OPTIMAL,OPTIMAL
TRIM65,INFEASIBLE,OPTIMAL,INFEASIBLE,INFEASIBLE
MRPL38,OPTIMAL,INFEASIBLE,OPTIMAL,OPTIMAL
FBF1,OPTIMAL,OPTIMAL,OPTIMAL,OPTIMAL
ACOX1,OPTIMAL,OPTIMAL,OPTIMAL,OPTIMAL
TEN1,OPTIMAL,OPTIMAL,OPTIMAL,OPTIMAL
SRP68,INFEASIBLE,OPTIMAL,INFEASIBLE,INFEASIBLE
EXOC7,OPTIMAL,OPTIMAL,OPTIMAL,OPTIMAL
RNF157,OPTIMAL,OPTIMAL,OPTIMAL,OPTIMAL
UBALD2,OPTIMAL,OPTIMAL,OPTIMAL,OPTIMAL
QRICH2,OPTIMAL,OPTIMAL,OPTIMAL,OPTIMAL
PRPSAP1,OPTIMAL,OPTIMAL,OPTIMAL,OPTIMAL
SPHK1,OPTIMAL,OPTIMAL,OPTIMAL,OPTIMAL
UBE2O,INFEASIBLE,OPTIMAL,INFEASIBLE,INFEASIBLE
RHBDF2,INFEASIBLE,OPTIMAL,OPTIMAL,OPTIMAL
ENSG00000284526,OPTIMAL,OPTIMAL,OPTIMAL,OPTIMAL
MXRA7,INFEASIBLE,OPTIMAL,INFEASIBLE,OPTIMAL
JMJD6,INFEASIBLE,OPTIMAL,INFEASIBLE,OPTIMAL
METTL23,OPTIMAL,OPTIMAL,OPTIMAL,OPTIMAL
SRSF2,OPTIMAL,OPTIMAL,OPTIMAL,OPTIMAL
MFSD11,OPTIMAL,OPTIMAL,OPTIMAL,OPTIMAL
SEC14L1,INFEASIBLE,OPTIMAL,OPTIMAL,OPTIMAL
SEPTIN9,OPTIMAL,OPTIMAL,INFEASIBLE,OPTIMAL
TNRC6C,INFEASIBLE,OPTIMAL,INFEASIBLE,OPTIMAL
SYNGR2,OPTIMAL,OPTIMAL,OPTIMAL,OPTIMAL
TK1,INFEASIBLE,INFEASIBLE,OPTIMAL,OPTIMAL
AFMID,INFEASIBLE,OPTIMAL,OPTIMAL,OPTIMAL
BIRC5,INFEASIBLE,OPTIMAL,INFEASIBLE,INFEASIBLE
PGS1,INFEASIBLE,OPTIMAL,INFEASIBLE,OPTIMAL
CYTH1,INFEASIBLE,OPTIMAL,INFEASIBLE,INFEASIBLE
USP36,INFEASIBLE,OPTIMAL,INFEASIBLE,INFEASIBLE
TIMP2,OPTIMAL,OPTIMAL,OPTIMAL,OPTIMAL
CANT1,INFEASIBLE,OPTIMAL,OPTIMAL,OPTIMAL
ENGASE,OPTIMAL,OPTIMAL,OPTIMAL,OPTIMAL
CBX2,OPTIMAL,OPTIMAL,OPTIMAL,OPTIMAL
CBX8,OPTIMAL,OPTIMAL,OPTIMAL,OPTIMAL
CBX4,INFEASIBLE,OPTIMAL,OPTIMAL,OPTIMAL
TBC1D16,OPTIMAL,OPTIMAL,OPTIMAL,OPTIMAL
GAA,OPTIMAL,OPTIMAL,OPTIMAL,OPTIMAL
EIF4A3,INFEASIBLE,OPTIMAL,INFEASIBLE,OPTIMAL
SLC26A11,OPTIMAL,OPTIMAL,OPTIMAL,OPTIMAL
RNF213,INFEASIBLE,OPTIMAL,INFEASIBLE,OPTIMAL
ENDOV,OPTIMAL,OPTIMAL,OPTIMAL,OPTIMAL
NPTX1,OPTIMAL,OPTIMAL,OPTIMAL,OPTIMAL
RPTOR,INFEASIBLE,OPTIMAL,INFEASIBLE,INFEASIBLE
CHMP6,OPTIMAL,OPTIMAL,OPTIMAL,OPTIMAL
BAIAP2,OPTIMAL,OPTIMAL,OPTIMAL,OPTIMAL
CEP131,OPTIMAL,OPTIMAL,OPTIMAL,OPTIMAL
NDUFAF8,OPTIMAL,INFEASIBLE,OPTIMAL,OPTIMAL
SLC38A10,INFEASIBLE,OPTIMAL,OPTIMAL,OPTIMAL
BAHCC1,OPTIMAL,INFEASIBLE,OPTIMAL,OPTIMAL
ACTG1,OPTIMAL,OPTIMAL,INFEASIBLE,OPTIMAL
FAAP100,OPTIMAL,OPTIMAL,OPTIMAL,OPTIMAL
NPLOC4,INFEASIBLE,OPTIMAL,OPTIMAL,OPTIMAL
OXLD1,OPTIMAL,OPTIMAL,OPTIMAL,OPTIMAL
CCDC137,OPTIMAL,OPTIMAL,OPTIMAL,OPTIMAL
ARL16,OPTIMAL,OPTIMAL,OPTIMAL,OPTIMAL
HGS,OPTIMAL,OPTIMAL,OPTIMAL,OPTIMAL
MRPL12,INFEASIBLE,INFEASIBLE,OPTIMAL,OPTIMAL
SLC25A10,OPTIMAL,OPTIMAL,OPTIMAL,OPTIMAL
MCRIP1,OPTIMAL,OPTIMAL,OPTIMAL,OPTIMAL
P4HB,INFEASIBLE,OPTIMAL,INFEASIBLE,OPTIMAL
ARHGDIA,OPTIMAL,OPTIMAL,OPTIMAL,OPTIMAL
ALYREF,OPTIMAL,OPTIMAL,OPTIMAL,OPTIMAL
ANAPC11,OPTIMAL,INFEASIBLE,OPTIMAL,OPTIMAL
PCYT2,OPTIMAL,OPTIMAL,OPTIMAL,OPTIMAL
MAFG,OPTIMAL,OPTIMAL,OPTIMAL,OPTIMAL
PYCR1,OPTIMAL,OPTIMAL,OPTIMAL,OPTIMAL
ASPSCR1,OPTIMAL,OPTIMAL,OPTIMAL,OPTIMAL
CENPX,OPTIMAL,INFEASIBLE,OPTIMAL,OPTIMAL
LRRC45,OPTIMAL,OPTIMAL,OPTIMAL,OPTIMAL
RAC3,OPTIMAL,OPTIMAL,OPTIMAL,OPTIMAL
DCXR,INFEASIBLE,INFEASIBLE,OPTIMAL,OPTIMAL
RFNG,OPTIMAL,OPTIMAL,OPTIMAL,OPTIMAL
GPS1,OPTIMAL,OPTIMAL,OPTIMAL,OPTIMAL
DUS1L,OPTIMAL,OPTIMAL,OPTIMAL,OPTIMAL
FASN,OPTIMAL,INFEASIBLE,INFEASIBLE,OPTIMAL
CCDC57,OPTIMAL,OPTIMAL,OPTIMAL,OPTIMAL
SLC16A3,OPTIMAL,OPTIMAL,OPTIMAL,OPTIMAL
CSNK1D,INFEASIBLE,OPTIMAL,OPTIMAL,INFEASIBLE
OGFOD3,OPTIMAL,OPTIMAL,OPTIMAL,OPTIMAL
HEXD,OPTIMAL,OPTIMAL,OPTIMAL,OPTIMAL
CYBC1,OPTIMAL,OPTIMAL,OPTIMAL,OPTIMAL
NARF,OPTIMAL,OPTIMAL,OPTIMAL,OPTIMAL
FOXK2,INFEASIBLE,OPTIMAL,OPTIMAL,INFEASIBLE
WDR45B,OPTIMAL,OPTIMAL,OPTIMAL,OPTIMAL
RAB40B,OPTIMAL,OPTIMAL,OPTIMAL,OPTIMAL
FN3KRP,INFEASIBLE,OPTIMAL,OPTIMAL,OPTIMAL
TBCD,OPTIMAL,OPTIMAL,INFEASIBLE,OPTIMAL
B3GNTL1,OPTIMAL,OPTIMAL,OPTIMAL,OPTIMAL
METRNL,OPTIMAL,OPTIMAL,OPTIMAL,OPTIMAL
USP14,INFEASIBLE,OPTIMAL,INFEASIBLE,INFEASIBLE
THOC1,INFEASIBLE,OPTIMAL,INFEASIBLE,INFEASIBLE
COLEC12,INFEASIBLE,OPTIMAL,INFEASIBLE,INFEASIBLE
TYMS,OPTIMAL,OPTIMAL,OPTIMAL,OPTIMAL
ENOSF1,OPTIMAL,OPTIMAL,INFEASIBLE,OPTIMAL
YES1,INFEASIBLE,OPTIMAL,INFEASIBLE,INFEASIBLE
METTL4,OPTIMAL,OPTIMAL,OPTIMAL,OPTIMAL
NDC80,INFEASIBLE,OPTIMAL,OPTIMAL,OPTIMAL
SMCHD1,INFEASIBLE,OPTIMAL,INFEASIBLE,INFEASIBLE
EMILIN2,OPTIMAL,OPTIMAL,OPTIMAL,OPTIMAL
LPIN2,OPTIMAL,INFEASIBLE,OPTIMAL,OPTIMAL
MYL12A,OPTIMAL,OPTIMAL,OPTIMAL,OPTIMAL
MYL12B,OPTIMAL,INFEASIBLE,OPTIMAL,OPTIMAL
TGIF1,OPTIMAL,INFEASIBLE,OPTIMAL,OPTIMAL
DLGAP1,OPTIMAL,OPTIMAL,OPTIMAL,OPTIMAL
ZBTB14,OPTIMAL,OPTIMAL,OPTIMAL,OPTIMAL
EPB41L3,INFEASIBLE,OPTIMAL,INFEASIBLE,INFEASIBLE
L3MBTL4,INFEASIBLE,OPTIMAL,INFEASIBLE,INFEASIBLE
LAMA1,OPTIMAL,OPTIMAL,OPTIMAL,OPTIMAL
PTPRM,INFEASIBLE,OPTIMAL,INFEASIBLE,INFEASIBLE
RAB12,INFEASIBLE,OPTIMAL,OPTIMAL,INFEASIBLE
MTCL1,INFEASIBLE,OPTIMAL,INFEASIBLE,INFEASIBLE
NDUFV2,OPTIMAL,OPTIMAL,OPTIMAL,OPTIMAL
ANKRD12,INFEASIBLE,OPTIMAL,INFEASIBLE,INFEASIBLE
TWSG1,INFEASIBLE,OPTIMAL,INFEASIBLE,OPTIMAL
RALBP1,INFEASIBLE,OPTIMAL,OPTIMAL,OPTIMAL
PPP4R1,INFEASIBLE,OPTIMAL,INFEASIBLE,INFEASIBLE
RAB31,OPTIMAL,OPTIMAL,OPTIMAL,OPTIMAL
VAPA,INFEASIBLE,OPTIMAL,OPTIMAL,INFEASIBLE
NAPG,OPTIMAL,OPTIMAL,INFEASIBLE,OPTIMAL
GNAL,INFEASIBLE,OPTIMAL,INFEASIBLE,OPTIMAL
CHMP1B,OPTIMAL,OPTIMAL,OPTIMAL,OPTIMAL
MPPE1,OPTIMAL,OPTIMAL,OPTIMAL,OPTIMAL
IMPA2,OPTIMAL,INFEASIBLE,OPTIMAL,OPTIMAL
TUBB6,OPTIMAL,OPTIMAL,OPTIMAL,OPTIMAL
AFG3L2,INFEASIBLE,OPTIMAL,INFEASIBLE,INFEASIBLE
PRELID3A,OPTIMAL,OPTIMAL,OPTIMAL,OPTIMAL
SPIRE1,INFEASIBLE,OPTIMAL,INFEASIBLE,INFEASIBLE
PSMG2,OPTIMAL,OPTIMAL,OPTIMAL,OPTIMAL
CEP76,OPTIMAL,OPTIMAL,OPTIMAL,OPTIMAL
PTPN2,OPTIMAL,OPTIMAL,INFEASIBLE,OPTIMAL
SEH1L,INFEASIBLE,OPTIMAL,INFEASIBLE,OPTIMAL
CEP192,INFEASIBLE,OPTIMAL,INFEASIBLE,INFEASIBLE
LDLRAD4,OPTIMAL,OPTIMAL,INFEASIBLE,OPTIMAL
FAM210A,INFEASIBLE,OPTIMAL,OPTIMAL,INFEASIBLE
RNMT,OPTIMAL,OPTIMAL,INFEASIBLE,OPTIMAL
ZNF519,INFEASIBLE,OPTIMAL,INFEASIBLE,INFEASIBLE
ROCK1,INFEASIBLE,OPTIMAL,INFEASIBLE,INFEASIBLE
GREB1L,INFEASIBLE,OPTIMAL,INFEASIBLE,INFEASIBLE
ESCO1,INFEASIBLE,OPTIMAL,INFEASIBLE,INFEASIBLE
SNRPD1,OPTIMAL,INFEASIBLE,OPTIMAL,OPTIMAL
ABHD3,INFEASIBLE,OPTIMAL,INFEASIBLE,OPTIMAL
MIB1,INFEASIBLE,OPTIMAL,INFEASIBLE,INFEASIBLE
GATA6,INFEASIBLE,OPTIMAL,OPTIMAL,OPTIMAL
RBBP8,INFEASIBLE,OPTIMAL,INFEASIBLE,INFEASIBLE
CABLES1,INFEASIBLE,OPTIMAL,INFEASIBLE,OPTIMAL
TMEM241,INFEASIBLE,OPTIMAL,INFEASIBLE,INFEASIBLE
RIOK3,INFEASIBLE,OPTIMAL,INFEASIBLE,INFEASIBLE
RMC1,OPTIMAL,OPTIMAL,OPTIMAL,OPTIMAL
NPC1,INFEASIBLE,OPTIMAL,INFEASIBLE,INFEASIBLE
ANKRD29,OPTIMAL,OPTIMAL,OPTIMAL,OPTIMAL
LAMA3,INFEASIBLE,OPTIMAL,INFEASIBLE,INFEASIBLE
TTC39C,OPTIMAL,OPTIMAL,OPTIMAL,OPTIMAL
CABYR,OPTIMAL,OPTIMAL,OPTIMAL,OPTIMAL
OSBPL1A,INFEASIBLE,OPTIMAL,INFEASIBLE,OPTIMAL
IMPACT,INFEASIBLE,OPTIMAL,INFEASIBLE,OPTIMAL
ZNF521,OPTIMAL,INFEASIBLE,OPTIMAL,OPTIMAL
SS18,INFEASIBLE,OPTIMAL,INFEASIBLE,OPTIMAL
TAF4B,INFEASIBLE,OPTIMAL,INFEASIBLE,INFEASIBLE
KCTD1,INFEASIBLE,OPTIMAL,INFEASIBLE,OPTIMAL
CHST9,OPTIMAL,OPTIMAL,OPTIMAL,OPTIMAL
CDH2,INFEASIBLE,OPTIMAL,INFEASIBLE,INFEASIBLE
DSC3,INFEASIBLE,OPTIMAL,INFEASIBLE,INFEASIBLE
DSC2,INFEASIBLE,OPTIMAL,OPTIMAL,OPTIMAL
DSG2,INFEASIBLE,OPTIMAL,INFEASIBLE,INFEASIBLE
B4GALT6,INFEASIBLE,OPTIMAL,INFEASIBLE,OPTIMAL
TRAPPC8,INFEASIBLE,OPTIMAL,INFEASIBLE,INFEASIBLE
RNF125,OPTIMAL,INFEASIBLE,OPTIMAL,OPTIMAL
RNF138,INFEASIBLE,OPTIMAL,INFEASIBLE,INFEASIBLE
GAREM1,INFEASIBLE,OPTIMAL,INFEASIBLE,INFEASIBLE
ASXL3,INFEASIBLE,OPTIMAL,INFEASIBLE,INFEASIBLE
NOL4,INFEASIBLE,OPTIMAL,INFEASIBLE,OPTIMAL
DTNA,INFEASIBLE,OPTIMAL,INFEASIBLE,INFEASIBLE
MAPRE2,INFEASIBLE,OPTIMAL,INFEASIBLE,INFEASIBLE
ZNF397,OPTIMAL,OPTIMAL,OPTIMAL,OPTIMAL
ZSCAN30,INFEASIBLE,OPTIMAL,INFEASIBLE,INFEASIBLE
ZNF24,INFEASIBLE,OPTIMAL,INFEASIBLE,INFEASIBLE
INO80C,OPTIMAL,OPTIMAL,OPTIMAL,OPTIMAL
GALNT1,INFEASIBLE,OPTIMAL,INFEASIBLE,INFEASIBLE
C18orf21,OPTIMAL,OPTIMAL,OPTIMAL,OPTIMAL
RPRD1A,INFEASIBLE,OPTIMAL,INFEASIBLE,INFEASIBLE
SLC39A6,INFEASIBLE,OPTIMAL,INFEASIBLE,INFEASIBLE
ELP2,INFEASIBLE,OPTIMAL,INFEASIBLE,INFEASIBLE
MOCOS,OPTIMAL,OPTIMAL,INFEASIBLE,OPTIMAL
FHOD3,INFEASIBLE,OPTIMAL,INFEASIBLE,INFEASIBLE
TPGS2,OPTIMAL,OPTIMAL,OPTIMAL,OPTIMAL
KIAA1328,INFEASIBLE,OPTIMAL,INFEASIBLE,INFEASIBLE
CELF4,OPTIMAL,OPTIMAL,OPTIMAL,OPTIMAL
PIK3C3,INFEASIBLE,OPTIMAL,INFEASIBLE,INFEASIBLE
SETBP1,OPTIMAL,OPTIMAL,OPTIMAL,OPTIMAL
EPG5,INFEASIBLE,OPTIMAL,INFEASIBLE,OPTIMAL
PSTPIP2,OPTIMAL,OPTIMAL,OPTIMAL,OPTIMAL
ATP5F1A,INFEASIBLE,OPTIMAL,INFEASIBLE,INFEASIBLE
HAUS1,OPTIMAL,OPTIMAL,OPTIMAL,OPTIMAL
C18orf25,INFEASIBLE,OPTIMAL,INFEASIBLE,INFEASIBLE
PIAS2,OPTIMAL,OPTIMAL,INFEASIBLE,OPTIMAL
HDHD2,INFEASIBLE,OPTIMAL,INFEASIBLE,OPTIMAL
IER3IP1,OPTIMAL,OPTIMAL,OPTIMAL,OPTIMAL
SMAD2,INFEASIBLE,OPTIMAL,INFEASIBLE,INFEASIBLE
ZBTB7C,OPTIMAL,OPTIMAL,INFEASIBLE,OPTIMAL
CTIF,INFEASIBLE,OPTIMAL,INFEASIBLE,INFEASIBLE
SMAD7,OPTIMAL,INFEASIBLE,OPTIMAL,OPTIMAL
DYM,INFEASIBLE,OPTIMAL,INFEASIBLE,INFEASIBLE
C18orf32,OPTIMAL,OPTIMAL,OPTIMAL,OPTIMAL
RPL17,OPTIMAL,INFEASIBLE,OPTIMAL,OPTIMAL
ACAA2,OPTIMAL,OPTIMAL,OPTIMAL,OPTIMAL
MBD1,INFEASIBLE,OPTIMAL,INFEASIBLE,OPTIMAL
CXXC1,OPTIMAL,OPTIMAL,OPTIMAL,OPTIMAL
SKA1,OPTIMAL,INFEASIBLE,OPTIMAL,OPTIMAL
ME2,INFEASIBLE,OPTIMAL,INFEASIBLE,OPTIMAL
ELAC1,OPTIMAL,OPTIMAL,OPTIMAL,OPTIMAL
SMAD4,INFEASIBLE,OPTIMAL,INFEASIBLE,INFEASIBLE
MEX3C,OPTIMAL,INFEASIBLE,OPTIMAL,OPTIMAL
MBD2,INFEASIBLE,OPTIMAL,INFEASIBLE,OPTIMAL
C18orf54,OPTIMAL,OPTIMAL,OPTIMAL,OPTIMAL
RAB27B,INFEASIBLE,INFEASIBLE,OPTIMAL,OPTIMAL
TCF4,INFEASIBLE,OPTIMAL,INFEASIBLE,INFEASIBLE
TXNL1,OPTIMAL,OPTIMAL,OPTIMAL,OPTIMAL
WDR7,INFEASIBLE,OPTIMAL,INFEASIBLE,OPTIMAL
ONECUT2,INFEASIBLE,OPTIMAL,INFEASIBLE,OPTIMAL
FECH,OPTIMAL,OPTIMAL,OPTIMAL,OPTIMAL
NARS1,INFEASIBLE,OPTIMAL,INFEASIBLE,INFEASIBLE
ATP8B1,OPTIMAL,OPTIMAL,OPTIMAL,OPTIMAL
NEDD4L,INFEASIBLE,INFEASIBLE,INFEASIBLE,INFEASIBLE
MALT1,INFEASIBLE,OPTIMAL,OPTIMAL,OPTIMAL
ZNF532,OPTIMAL,OPTIMAL,OPTIMAL,OPTIMAL
SEC11C,OPTIMAL,OPTIMAL,OPTIMAL,OPTIMAL
LMAN1,INFEASIBLE,OPTIMAL,INFEASIBLE,INFEASIBLE
PMAIP1,INFEASIBLE,OPTIMAL,OPTIMAL,OPTIMAL
RNF152,OPTIMAL,OPTIMAL,OPTIMAL,OPTIMAL
PIGN,INFEASIBLE,OPTIMAL,INFEASIBLE,INFEASIBLE
RELCH,INFEASIBLE,OPTIMAL,INFEASIBLE,INFEASIBLE
TNFRSF11A,OPTIMAL,OPTIMAL,OPTIMAL,OPTIMAL
ZCCHC2,INFEASIBLE,OPTIMAL,OPTIMAL,OPTIMAL
PHLPP1,INFEASIBLE,OPTIMAL,INFEASIBLE,OPTIMAL
BCL2,OPTIMAL,OPTIMAL,OPTIMAL,OPTIMAL
KDSR,INFEASIBLE,OPTIMAL,OPTIMAL,OPTIMAL
VPS4B,INFEASIBLE,OPTIMAL,OPTIMAL,OPTIMAL
CDH7,OPTIMAL,INFEASIBLE,OPTIMAL,OPTIMAL
TMX3,INFEASIBLE,OPTIMAL,INFEASIBLE,INFEASIBLE
DOK6,OPTIMAL,OPTIMAL,OPTIMAL,OPTIMAL
RTTN,INFEASIBLE,OPTIMAL,INFEASIBLE,OPTIMAL
SOCS6,INFEASIBLE,OPTIMAL,INFEASIBLE,OPTIMAL
TIMM21,INFEASIBLE,OPTIMAL,INFEASIBLE,OPTIMAL
CYB5A,OPTIMAL,INFEASIBLE,OPTIMAL,OPTIMAL
CNDP2,INFEASIBLE,OPTIMAL,INFEASIBLE,OPTIMAL
ZNF407,INFEASIBLE,OPTIMAL,INFEASIBLE,INFEASIBLE
PTGR3,OPTIMAL,OPTIMAL,OPTIMAL,OPTIMAL
TSHZ1,INFEASIBLE,OPTIMAL,OPTIMAL,OPTIMAL
ZNF516,INFEASIBLE,OPTIMAL,INFEASIBLE,OPTIMAL
ZNF236,INFEASIBLE,OPTIMAL,INFEASIBLE,INFEASIBLE
ATP9B,INFEASIBLE,OPTIMAL,INFEASIBLE,INFEASIBLE
CTDP1,OPTIMAL,OPTIMAL,OPTIMAL,OPTIMAL
SLC66A2,OPTIMAL,OPTIMAL,OPTIMAL,OPTIMAL
HSBP1L1,INFEASIBLE,OPTIMAL,OPTIMAL,OPTIMAL
TXNL4A,INFEASIBLE,INFEASIBLE,OPTIMAL,OPTIMAL
RBFA,OPTIMAL,OPTIMAL,OPTIMAL,OPTIMAL
ADNP2,INFEASIBLE,OPTIMAL,OPTIMAL,OPTIMAL
PARD6G,OPTIMAL,OPTIMAL,OPTIMAL,OPTIMAL
MIER2,OPTIMAL,OPTIMAL,OPTIMAL,OPTIMAL
TPGS1,OPTIMAL,OPTIMAL,OPTIMAL,OPTIMAL
CDC34,OPTIMAL,INFEASIBLE,OPTIMAL,OPTIMAL
BSG,OPTIMAL,OPTIMAL,OPTIMAL,OPTIMAL
POLRMT,OPTIMAL,OPTIMAL,OPTIMAL,OPTIMAL
RNF126,OPTIMAL,INFEASIBLE,OPTIMAL,OPTIMAL
PALM,OPTIMAL,OPTIMAL,OPTIMAL,OPTIMAL
PTBP1,INFEASIBLE,OPTIMAL,INFEASIBLE,OPTIMAL
CFD,OPTIMAL,OPTIMAL,OPTIMAL,OPTIMAL
MED16,OPTIMAL,OPTIMAL,OPTIMAL,OPTIMAL
R3HDM4,OPTIMAL,OPTIMAL,OPTIMAL,OPTIMAL
ARID3A,OPTIMAL,OPTIMAL,INFEASIBLE,OPTIMAL
WDR18,OPTIMAL,OPTIMAL,OPTIMAL,OPTIMAL
TMEM259,OPTIMAL,OPTIMAL,OPTIMAL,OPTIMAL
CNN2,OPTIMAL,OPTIMAL,OPTIMAL,OPTIMAL
ABCA7,OPTIMAL,OPTIMAL,OPTIMAL,OPTIMAL
POLR2E,OPTIMAL,OPTIMAL,OPTIMAL,OPTIMAL
GPX4,INFEASIBLE,INFEASIBLE,OPTIMAL,OPTIMAL
SBNO2,OPTIMAL,OPTIMAL,OPTIMAL,OPTIMAL
STK11,INFEASIBLE,OPTIMAL,OPTIMAL,OPTIMAL
ATP5F1D,OPTIMAL,INFEASIBLE,OPTIMAL,OPTIMAL
MIDN,OPTIMAL,OPTIMAL,OPTIMAL,OPTIMAL
CIRBP,OPTIMAL,OPTIMAL,OPTIMAL,OPTIMAL
FAM174C,OPTIMAL,INFEASIBLE,OPTIMAL,OPTIMAL
PWWP3A,OPTIMAL,OPTIMAL,OPTIMAL,OPTIMAL
NDUFS7,OPTIMAL,OPTIMAL,OPTIMAL,OPTIMAL
GAMT,OPTIMAL,INFEASIBLE,OPTIMAL,OPTIMAL
DAZAP1,INFEASIBLE,OPTIMAL,INFEASIBLE,INFEASIBLE
RPS15,OPTIMAL,INFEASIBLE,OPTIMAL,OPTIMAL
C19orf25,OPTIMAL,OPTIMAL,OPTIMAL,OPTIMAL
MEX3D,OPTIMAL,OPTIMAL,OPTIMAL,OPTIMAL
MBD3,OPTIMAL,OPTIMAL,OPTIMAL,OPTIMAL
UQCR11,OPTIMAL,INFEASIBLE,OPTIMAL,OPTIMAL
TCF3,INFEASIBLE,OPTIMAL,OPTIMAL,OPTIMAL
REXO1,INFEASIBLE,OPTIMAL,OPTIMAL,OPTIMAL
KLF16,OPTIMAL,OPTIMAL,OPTIMAL,OPTIMAL
ABHD17A,OPTIMAL,OPTIMAL,OPTIMAL,OPTIMAL
SCAMP4,OPTIMAL,OPTIMAL,OPTIMAL,OPTIMAL
CSNK1G2,INFEASIBLE,OPTIMAL,INFEASIBLE,OPTIMAL
BTBD2,INFEASIBLE,OPTIMAL,INFEASIBLE,OPTIMAL
MKNK2,OPTIMAL,OPTIMAL,OPTIMAL,OPTIMAL
MOB3A,OPTIMAL,INFEASIBLE,OPTIMAL,OPTIMAL
AP3D1,INFEASIBLE,OPTIMAL,INFEASIBLE,INFEASIBLE
DOT1L,OPTIMAL,OPTIMAL,OPTIMAL,OPTIMAL
PLEKHJ1,OPTIMAL,OPTIMAL,OPTIMAL,OPTIMAL
SF3A2,OPTIMAL,OPTIMAL,OPTIMAL,OPTIMAL
OAZ1,OPTIMAL,OPTIMAL,OPTIMAL,OPTIMAL
LSM7,INFEASIBLE,INFEASIBLE,OPTIMAL,OPTIMAL
SPPL2B,OPTIMAL,OPTIMAL,OPTIMAL,OPTIMAL
TMPRSS9,OPTIMAL,OPTIMAL,OPTIMAL,OPTIMAL
TIMM13,OPTIMAL,INFEASIBLE,OPTIMAL,OPTIMAL
LMNB2,INFEASIBLE,OPTIMAL,INFEASIBLE,INFEASIBLE
GADD45B,OPTIMAL,OPTIMAL,OPTIMAL,OPTIMAL
GNG7,OPTIMAL,OPTIMAL,OPTIMAL,OPTIMAL
DIRAS1,OPTIMAL,OPTIMAL,OPTIMAL,OPTIMAL
SLC39A3,OPTIMAL,OPTIMAL,OPTIMAL,OPTIMAL
SGTA,OPTIMAL,OPTIMAL,OPTIMAL,OPTIMAL
THOP1,INFEASIBLE,OPTIMAL,INFEASIBLE,OPTIMAL
ZNF57,OPTIMAL,INFEASIBLE,OPTIMAL,OPTIMAL
ZNF77,OPTIMAL,OPTIMAL,OPTIMAL,OPTIMAL
TLE5,OPTIMAL,OPTIMAL,OPTIMAL,OPTIMAL
GNA11,OPTIMAL,OPTIMAL,OPTIMAL,OPTIMAL
NCLN,INFEASIBLE,OPTIMAL,INFEASIBLE,OPTIMAL
NFIC,OPTIMAL,OPTIMAL,OPTIMAL,OPTIMAL
DOHH,OPTIMAL,OPTIMAL,OPTIMAL,OPTIMAL
FZR1,OPTIMAL,OPTIMAL,OPTIMAL,OPTIMAL
MFSD12,OPTIMAL,OPTIMAL,OPTIMAL,OPTIMAL
HMG20B,INFEASIBLE,OPTIMAL,OPTIMAL,OPTIMAL
CACTIN,OPTIMAL,OPTIMAL,OPTIMAL,OPTIMAL
PIP5K1C,OPTIMAL,OPTIMAL,OPTIMAL,OPTIMAL
MRPL54,OPTIMAL,OPTIMAL,OPTIMAL,OPTIMAL
MATK,OPTIMAL,OPTIMAL,OPTIMAL,OPTIMAL
DAPK3,OPTIMAL,OPTIMAL,OPTIMAL,OPTIMAL
EEF2,INFEASIBLE,OPTIMAL,INFEASIBLE,OPTIMAL
PIAS4,OPTIMAL,OPTIMAL,OPTIMAL,OPTIMAL
ZBTB7A,OPTIMAL,OPTIMAL,OPTIMAL,OPTIMAL
MAP2K2,OPTIMAL,OPTIMAL,OPTIMAL,OPTIMAL
SIRT6,OPTIMAL,OPTIMAL,OPTIMAL,OPTIMAL
YJU2,OPTIMAL,OPTIMAL,OPTIMAL,OPTIMAL
FSD1,OPTIMAL,OPTIMAL,OPTIMAL,OPTIMAL
MPND,OPTIMAL,OPTIMAL,OPTIMAL,OPTIMAL
SH3GL1,INFEASIBLE,OPTIMAL,OPTIMAL,OPTIMAL
CHAF1A,INFEASIBLE,OPTIMAL,INFEASIBLE,INFEASIBLE
UBXN6,OPTIMAL,OPTIMAL,OPTIMAL,OPTIMAL
HDGFL2,INFEASIBLE,OPTIMAL,INFEASIBLE,INFEASIBLE
MYDGF,OPTIMAL,OPTIMAL,OPTIMAL,OPTIMAL
DPP9,OPTIMAL,OPTIMAL,OPTIMAL,OPTIMAL
FEM1A,INFEASIBLE,INFEASIBLE,OPTIMAL,OPTIMAL
PLIN3,OPTIMAL,OPTIMAL,OPTIMAL,OPTIMAL
UHRF1,OPTIMAL,OPTIMAL,INFEASIBLE,OPTIMAL
KDM4B,OPTIMAL,INFEASIBLE,INFEASIBLE,OPTIMAL
PTPRS,OPTIMAL,OPTIMAL,OPTIMAL,OPTIMAL
TINCR,OPTIMAL,OPTIMAL,OPTIMAL,OPTIMAL
SAFB2,INFEASIBLE,OPTIMAL,INFEASIBLE,INFEASIBLE
SAFB,INFEASIBLE,OPTIMAL,INFEASIBLE,INFEASIBLE
RPL36,INFEASIBLE,INFEASIBLE,OPTIMAL,OPTIMAL
MICOS13,INFEASIBLE,OPTIMAL,OPTIMAL,OPTIMAL
LONP1,INFEASIBLE,OPTIMAL,OPTIMAL,OPTIMAL
DUS3L,OPTIMAL,OPTIMAL,OPTIMAL,OPTIMAL
NRTN,OPTIMAL,INFEASIBLE,OPTIMAL,OPTIMAL
NDUFA11,INFEASIBLE,INFEASIBLE,OPTIMAL,OPTIMAL
RANBP3,INFEASIBLE,OPTIMAL,INFEASIBLE,INFEASIBLE
RFX2,INFEASIBLE,INFEASIBLE,OPTIMAL,INFEASIBLE
ACSBG2,INFEASIBLE,INFEASIBLE,OPTIMAL,INFEASIBLE
MLLT1,INFEASIBLE,OPTIMAL,INFEASIBLE,OPTIMAL
CLPP,OPTIMAL,OPTIMAL,OPTIMAL,OPTIMAL
ALKBH7,OPTIMAL,INFEASIBLE,OPTIMAL,OPTIMAL
GTF2F1,INFEASIBLE,INFEASIBLE,INFEASIBLE,INFEASIBLE
KHSRP,INFEASIBLE,OPTIMAL,INFEASIBLE,OPTIMAL
SLC25A23,OPTIMAL,OPTIMAL,OPTIMAL,OPTIMAL
TUBB4A,OPTIMAL,OPTIMAL,OPTIMAL,OPTIMAL
CD70,OPTIMAL,OPTIMAL,INFEASIBLE,OPTIMAL
GPR108,OPTIMAL,OPTIMAL,OPTIMAL,OPTIMAL
TRIP10,OPTIMAL,OPTIMAL,OPTIMAL,OPTIMAL
ZNF557,OPTIMAL,OPTIMAL,OPTIMAL,OPTIMAL
INSR,OPTIMAL,OPTIMAL,OPTIMAL,OPTIMAL
ARHGEF18,OPTIMAL,OPTIMAL,INFEASIBLE,OPTIMAL
ZNF358,OPTIMAL,OPTIMAL,OPTIMAL,OPTIMAL
CAMSAP3,OPTIMAL,OPTIMAL,OPTIMAL,OPTIMAL
XAB2,OPTIMAL,OPTIMAL,OPTIMAL,OPTIMAL
PET100,OPTIMAL,INFEASIBLE,OPTIMAL,OPTIMAL
STXBP2,OPTIMAL,OPTIMAL,OPTIMAL,OPTIMAL
TRAPPC5,INFEASIBLE,INFEASIBLE,OPTIMAL,OPTIMAL
EVI5L,OPTIMAL,OPTIMAL,OPTIMAL,OPTIMAL
MAP2K7,INFEASIBLE,OPTIMAL,OPTIMAL,OPTIMAL
SNAPC2,OPTIMAL,OPTIMAL,OPTIMAL,OPTIMAL
CTXN1,OPTIMAL,OPTIMAL,OPTIMAL,OPTIMAL
TIMM44,OPTIMAL,OPTIMAL,INFEASIBLE,OPTIMAL
ELAVL1,INFEASIBLE,OPTIMAL,INFEASIBLE,OPTIMAL
CERS4,OPTIMAL,INFEASIBLE,OPTIMAL,OPTIMAL
CD320,OPTIMAL,OPTIMAL,OPTIMAL,OPTIMAL
NDUFA7,OPTIMAL,OPTIMAL,OPTIMAL,OPTIMAL
RPS28,INFEASIBLE,INFEASIBLE,OPTIMAL,INFEASIBLE
RAB11B,OPTIMAL,OPTIMAL,OPTIMAL,OPTIMAL
MARCHF2,OPTIMAL,INFEASIBLE,OPTIMAL,OPTIMAL
HNRNPM,INFEASIBLE,OPTIMAL,INFEASIBLE,INFEASIBLE
ZNF414,OPTIMAL,OPTIMAL,OPTIMAL,OPTIMAL
ZNF317,INFEASIBLE,OPTIMAL,INFEASIBLE,INFEASIBLE
ZNF559,INFEASIBLE,OPTIMAL,OPTIMAL,OPTIMAL
ZNF266,INFEASIBLE,OPTIMAL,INFEASIBLE,OPTIMAL
ZNF426,OPTIMAL,OPTIMAL,OPTIMAL,OPTIMAL
ZNF121,INFEASIBLE,OPTIMAL,INFEASIBLE,INFEASIBLE
ZNF561,INFEASIBLE,OPTIMAL,INFEASIBLE,INFEASIBLE
ZNF562,OPTIMAL,OPTIMAL,INFEASIBLE,OPTIMAL
FBXL12,OPTIMAL,OPTIMAL,OPTIMAL,OPTIMAL
UBL5,OPTIMAL,INFEASIBLE,OPTIMAL,OPTIMAL
PIN1,OPTIMAL,INFEASIBLE,OPTIMAL,OPTIMAL
PPAN,INFEASIBLE,OPTIMAL,OPTIMAL,OPTIMAL
EIF3G,OPTIMAL,INFEASIBLE,OPTIMAL,OPTIMAL
DNMT1,INFEASIBLE,OPTIMAL,INFEASIBLE,INFEASIBLE
MRPL4,OPTIMAL,OPTIMAL,OPTIMAL,OPTIMAL
FDX2,OPTIMAL,OPTIMAL,OPTIMAL,OPTIMAL
RAVER1,INFEASIBLE,OPTIMAL,OPTIMAL,OPTIMAL
ICAM3,OPTIMAL,OPTIMAL,OPTIMAL,OPTIMAL
TYK2,OPTIMAL,OPTIMAL,OPTIMAL,OPTIMAL
CDC37,INFEASIBLE,OPTIMAL,INFEASIBLE,INFEASIBLE
PDE4A,OPTIMAL,OPTIMAL,OPTIMAL,OPTIMAL
KEAP1,OPTIMAL,OPTIMAL,OPTIMAL,OPTIMAL
ATG4D,OPTIMAL,OPTIMAL,OPTIMAL,OPTIMAL
KRI1,INFEASIBLE,OPTIMAL,INFEASIBLE,INFEASIBLE
CDKN2D,OPTIMAL,OPTIMAL,OPTIMAL,OPTIMAL
SLC44A2,INFEASIBLE,OPTIMAL,OPTIMAL,OPTIMAL
ILF3,INFEASIBLE,OPTIMAL,INFEASIBLE,INFEASIBLE
QTRT1,OPTIMAL,OPTIMAL,OPTIMAL,OPTIMAL
DNM2,OPTIMAL,INFEASIBLE,INFEASIBLE,OPTIMAL
TMED1,OPTIMAL,OPTIMAL,OPTIMAL,OPTIMAL
CARM1,OPTIMAL,OPTIMAL,OPTIMAL,OPTIMAL
YIPF2,OPTIMAL,OPTIMAL,OPTIMAL,OPTIMAL
TIMM29,OPTIMAL,OPTIMAL,OPTIMAL,OPTIMAL
SMARCA4,INFEASIBLE,OPTIMAL,INFEASIBLE,OPTIMAL
LDLR,OPTIMAL,OPTIMAL,OPTIMAL,OPTIMAL
SPC24,OPTIMAL,INFEASIBLE,OPTIMAL,OPTIMAL
KANK2,OPTIMAL,OPTIMAL,OPTIMAL,OPTIMAL
DOCK6,OPTIMAL,OPTIMAL,OPTIMAL,OPTIMAL
RAB3D,OPTIMAL,OPTIMAL,OPTIMAL,OPTIMAL
TMEM205,OPTIMAL,OPTIMAL,OPTIMAL,OPTIMAL
PLPPR2,OPTIMAL,OPTIMAL,OPTIMAL,OPTIMAL
SWSAP1,OPTIMAL,OPTIMAL,OPTIMAL,OPTIMAL
PRKCSH,INFEASIBLE,OPTIMAL,INFEASIBLE,OPTIMAL
ECSIT,OPTIMAL,OPTIMAL,OPTIMAL,OPTIMAL
ELOF1,OPTIMAL,OPTIMAL,OPTIMAL,OPTIMAL
ZNF627,OPTIMAL,OPTIMAL,OPTIMAL,OPTIMAL
ZNF440,INFEASIBLE,OPTIMAL,OPTIMAL,OPTIMAL
ZNF700,OPTIMAL,OPTIMAL,OPTIMAL,OPTIMAL
ZNF136,INFEASIBLE,OPTIMAL,OPTIMAL,OPTIMAL
ZNF44,OPTIMAL,OPTIMAL,OPTIMAL,OPTIMAL
ZNF709,INFEASIBLE,OPTIMAL,OPTIMAL,OPTIMAL
ZNF564,INFEASIBLE,OPTIMAL,OPTIMAL,OPTIMAL
ZNF490,OPTIMAL,OPTIMAL,OPTIMAL,OPTIMAL
ZNF791,OPTIMAL,OPTIMAL,INFEASIBLE,OPTIMAL
MAN2B1,OPTIMAL,OPTIMAL,OPTIMAL,OPTIMAL
WDR83,OPTIMAL,OPTIMAL,OPTIMAL,OPTIMAL
WDR83OS,OPTIMAL,OPTIMAL,OPTIMAL,OPTIMAL
DHPS,OPTIMAL,OPTIMAL,OPTIMAL,OPTIMAL
FBXW9,OPTIMAL,OPTIMAL,OPTIMAL,OPTIMAL
TNPO2,OPTIMAL,OPTIMAL,OPTIMAL,OPTIMAL
TRIR,OPTIMAL,OPTIMAL,OPTIMAL,OPTIMAL
GET3,OPTIMAL,OPTIMAL,OPTIMAL,OPTIMAL
HOOK2,OPTIMAL,OPTIMAL,OPTIMAL,OPTIMAL
PRDX2,INFEASIBLE,INFEASIBLE,INFEASIBLE,OPTIMAL
RNASEH2A,OPTIMAL,OPTIMAL,OPTIMAL,OPTIMAL
MAST1,OPTIMAL,OPTIMAL,OPTIMAL,OPTIMAL
DNASE2,OPTIMAL,OPTIMAL,OPTIMAL,OPTIMAL
GCDH,OPTIMAL,OPTIMAL,OPTIMAL,OPTIMAL
SYCE2,OPTIMAL,OPTIMAL,OPTIMAL,OPTIMAL
FARSA,INFEASIBLE,OPTIMAL,INFEASIBLE,OPTIMAL
CALR,INFEASIBLE,OPTIMAL,INFEASIBLE,INFEASIBLE
RAD23A,OPTIMAL,INFEASIBLE,INFEASIBLE,OPTIMAL
GADD45GIP1,INFEASIBLE,INFEASIBLE,OPTIMAL,OPTIMAL
NFIX,INFEASIBLE,OPTIMAL,INFEASIBLE,OPTIMAL
TRMT1,OPTIMAL,OPTIMAL,OPTIMAL,OPTIMAL
NACC1,INFEASIBLE,OPTIMAL,OPTIMAL,OPTIMAL
STX10,OPTIMAL,OPTIMAL,OPTIMAL,OPTIMAL
IER2,OPTIMAL,OPTIMAL,OPTIMAL,OPTIMAL
CACNA1A,INFEASIBLE,INFEASIBLE,OPTIMAL,INFEASIBLE
YJU2B,OPTIMAL,OPTIMAL,OPTIMAL,OPTIMAL
MRI1,OPTIMAL,OPTIMAL,INFEASIBLE,OPTIMAL
C19orf53,OPTIMAL,INFEASIBLE,OPTIMAL,OPTIMAL
CC2D1A,OPTIMAL,OPTIMAL,OPTIMAL,OPTIMAL
DCAF15,OPTIMAL,OPTIMAL,OPTIMAL,OPTIMAL
RFX1,OPTIMAL,INFEASIBLE,OPTIMAL,OPTIMAL
SAMD1,OPTIMAL,OPTIMAL,OPTIMAL,OPTIMAL
PRKACA,INFEASIBLE,OPTIMAL,OPTIMAL,OPTIMAL
ASF1B,OPTIMAL,OPTIMAL,OPTIMAL,OPTIMAL
ADGRL1,INFEASIBLE,OPTIMAL,INFEASIBLE,OPTIMAL
DDX39A,OPTIMAL,INFEASIBLE,OPTIMAL,OPTIMAL
PKN1,OPTIMAL,OPTIMAL,OPTIMAL,OPTIMAL
GIPC1,OPTIMAL,OPTIMAL,OPTIMAL,OPTIMAL
DNAJB1,INFEASIBLE,INFEASIBLE,OPTIMAL,OPTIMAL
TECR,OPTIMAL,OPTIMAL,OPTIMAL,OPTIMAL
NDUFB7,INFEASIBLE,INFEASIBLE,OPTIMAL,OPTIMAL
ZNF333,OPTIMAL,OPTIMAL,OPTIMAL,OPTIMAL
ILVBL,OPTIMAL,OPTIMAL,OPTIMAL,OPTIMAL
NOTCH3,OPTIMAL,OPTIMAL,OPTIMAL,OPTIMAL
BRD4,INFEASIBLE,OPTIMAL,INFEASIBLE,INFEASIBLE
AKAP8,INFEASIBLE,OPTIMAL,INFEASIBLE,INFEASIBLE
AKAP8L,INFEASIBLE,OPTIMAL,INFEASIBLE,INFEASIBLE
WIZ,OPTIMAL,OPTIMAL,OPTIMAL,OPTIMAL
TPM4,INFEASIBLE,OPTIMAL,INFEASIBLE,INFEASIBLE
RAB8A,INFEASIBLE,OPTIMAL,OPTIMAL,INFEASIBLE
FAM32A,OPTIMAL,OPTIMAL,OPTIMAL,OPTIMAL
AP1M1,INFEASIBLE,OPTIMAL,OPTIMAL,OPTIMAL
EPS15L1,INFEASIBLE,OPTIMAL,INFEASIBLE,OPTIMAL
C19orf44,OPTIMAL,OPTIMAL,OPTIMAL,OPTIMAL
CHERP,INFEASIBLE,OPTIMAL,INFEASIBLE,INFEASIBLE
SLC35E1,OPTIMAL,OPTIMAL,OPTIMAL,OPTIMAL
MED26,INFEASIBLE,OPTIMAL,OPTIMAL,INFEASIBLE
SMIM7,OPTIMAL,OPTIMAL,OPTIMAL,OPTIMAL
TMEM38A,OPTIMAL,OPTIMAL,OPTIMAL,OPTIMAL
SIN3B,INFEASIBLE,OPTIMAL,OPTIMAL,INFEASIBLE
HAUS8,OPTIMAL,OPTIMAL,OPTIMAL,OPTIMAL
MYO9B,INFEASIBLE,OPTIMAL,INFEASIBLE,OPTIMAL
USE1,OPTIMAL,INFEASIBLE,OPTIMAL,OPTIMAL
OCEL1,OPTIMAL,OPTIMAL,OPTIMAL,OPTIMAL
NR2F6,OPTIMAL,OPTIMAL,OPTIMAL,OPTIMAL
BABAM1,OPTIMAL,OPTIMAL,OPTIMAL,OPTIMAL
ABHD8,OPTIMAL,OPTIMAL,OPTIMAL,OPTIMAL
MRPL34,OPTIMAL,INFEASIBLE,OPTIMAL,OPTIMAL
DDA1,OPTIMAL,OPTIMAL,OPTIMAL,OPTIMAL
ANO8,INFEASIBLE,INFEASIBLE,INFEASIBLE,INFEASIBLE
GTPBP3,OPTIMAL,OPTIMAL,OPTIMAL,OPTIMAL
MVB12A,OPTIMAL,OPTIMAL,OPTIMAL,OPTIMAL
SLC27A1,OPTIMAL,OPTIMAL,OPTIMAL,OPTIMAL
PGLS,OPTIMAL,OPTIMAL,OPTIMAL,OPTIMAL
COLGALT1,OPTIMAL,OPTIMAL,OPTIMAL,OPTIMAL
MAP1S,OPTIMAL,OPTIMAL,OPTIMAL,OPTIMAL
RPL18A,OPTIMAL,INFEASIBLE,OPTIMAL,OPTIMAL
CCDC124,OPTIMAL,OPTIMAL,OPTIMAL,OPTIMAL
MAST3,OPTIMAL,OPTIMAL,OPTIMAL,OPTIMAL
PIK3R2,OPTIMAL,OPTIMAL,OPTIMAL,OPTIMAL
IFI30,OPTIMAL,OPTIMAL,OPTIMAL,OPTIMAL
MPV17L2,OPTIMAL,OPTIMAL,OPTIMAL,OPTIMAL
RAB3A,OPTIMAL,OPTIMAL,OPTIMAL,OPTIMAL
JUND,INFEASIBLE,OPTIMAL,OPTIMAL,INFEASIBLE
LSM4,OPTIMAL,INFEASIBLE,OPTIMAL,OPTIMAL
SSBP4,OPTIMAL,OPTIMAL,OPTIMAL,OPTIMAL
ISYNA1,OPTIMAL,OPTIMAL,OPTIMAL,OPTIMAL
ELL,INFEASIBLE,OPTIMAL,OPTIMAL,OPTIMAL
FKBP8,OPTIMAL,OPTIMAL,OPTIMAL,OPTIMAL
KXD1,OPTIMAL,INFEASIBLE,OPTIMAL,OPTIMAL
UBA52,OPTIMAL,OPTIMAL,OPTIMAL,OPTIMAL
REX1BD,OPTIMAL,OPTIMAL,OPTIMAL,OPTIMAL
CRTC1,OPTIMAL,OPTIMAL,OPTIMAL,OPTIMAL
UPF1,INFEASIBLE,OPTIMAL,OPTIMAL,INFEASIBLE
CERS1,OPTIMAL,OPTIMAL,OPTIMAL,OPTIMAL
COPE,OPTIMAL,OPTIMAL,OPTIMAL,OPTIMAL
DDX49,OPTIMAL,OPTIMAL,OPTIMAL,OPTIMAL
SUGP2,OPTIMAL,OPTIMAL,OPTIMAL,OPTIMAL
ARMC6,OPTIMAL,OPTIMAL,OPTIMAL,OPTIMAL
SLC25A42,OPTIMAL,OPTIMAL,OPTIMAL,OPTIMAL
TMEM161A,OPTIMAL,OPTIMAL,OPTIMAL,OPTIMAL
MEF2B,OPTIMAL,OPTIMAL,OPTIMAL,OPTIMAL
BORCS8,OPTIMAL,INFEASIBLE,OPTIMAL,OPTIMAL
RFXANK,OPTIMAL,OPTIMAL,OPTIMAL,OPTIMAL
NR2C2AP,OPTIMAL,OPTIMAL,OPTIMAL,OPTIMAL
SUGP1,INFEASIBLE,OPTIMAL,OPTIMAL,OPTIMAL
MAU2,OPTIMAL,OPTIMAL,OPTIMAL,OPTIMAL
GATAD2A,INFEASIBLE,OPTIMAL,INFEASIBLE,INFEASIBLE
NDUFA13,OPTIMAL,OPTIMAL,OPTIMAL,OPTIMAL
YJEFN3,OPTIMAL,OPTIMAL,OPTIMAL,OPTIMAL
PBX4,OPTIMAL,OPTIMAL,OPTIMAL,OPTIMAL
ATP13A1,OPTIMAL,OPTIMAL,OPTIMAL,OPTIMAL
ZNF101,OPTIMAL,INFEASIBLE,OPTIMAL,OPTIMAL
ZNF14,INFEASIBLE,OPTIMAL,INFEASIBLE,OPTIMAL
ZNF506,INFEASIBLE,INFEASIBLE,OPTIMAL,OPTIMAL
ZNF66,INFEASIBLE,OPTIMAL,INFEASIBLE,INFEASIBLE
ZNF85,INFEASIBLE,OPTIMAL,INFEASIBLE,INFEASIBLE
ZNF430,OPTIMAL,OPTIMAL,OPTIMAL,OPTIMAL
ZNF714,INFEASIBLE,OPTIMAL,INFEASIBLE,OPTIMAL
ZNF431,INFEASIBLE,OPTIMAL,INFEASIBLE,OPTIMAL
ZNF708,INFEASIBLE,OPTIMAL,INFEASIBLE,OPTIMAL
ZNF738,OPTIMAL,OPTIMAL,INFEASIBLE,OPTIMAL
ZNF493,OPTIMAL,OPTIMAL,OPTIMAL,OPTIMAL
ZNF429,OPTIMAL,OPTIMAL,OPTIMAL,OPTIMAL
ZNF100,INFEASIBLE,OPTIMAL,INFEASIBLE,INFEASIBLE
ZNF724,INFEASIBLE,OPTIMAL,INFEASIBLE,INFEASIBLE
ZNF91,INFEASIBLE,OPTIMAL,INFEASIBLE,INFEASIBLE
ZNF675,INFEASIBLE,OPTIMAL,INFEASIBLE,INFEASIBLE
RPSA2,OPTIMAL,OPTIMAL,OPTIMAL,OPTIMAL
ZNF254,OPTIMAL,OPTIMAL,OPTIMAL,OPTIMAL
UQCRFS1,OPTIMAL,OPTIMAL,OPTIMAL,OPTIMAL
POP4,OPTIMAL,OPTIMAL,OPTIMAL,OPTIMAL
C19orf12,OPTIMAL,OPTIMAL,OPTIMAL,OPTIMAL
CCNE1,OPTIMAL,OPTIMAL,OPTIMAL,OPTIMAL
URI1,INFEASIBLE,OPTIMAL,INFEASIBLE,INFEASIBLE
ZNF536,INFEASIBLE,OPTIMAL,INFEASIBLE,OPTIMAL
TSHZ3,OPTIMAL,OPTIMAL,OPTIMAL,OPTIMAL
ZNF507,INFEASIBLE,OPTIMAL,INFEASIBLE,INFEASIBLE
DPY19L3,OPTIMAL,OPTIMAL,OPTIMAL,OPTIMAL
PDCD5,INFEASIBLE,INFEASIBLE,OPTIMAL,INFEASIBLE
ANKRD27,OPTIMAL,OPTIMAL,OPTIMAL,OPTIMAL
NUDT19,OPTIMAL,OPTIMAL,OPTIMAL,OPTIMAL
CEP89,INFEASIBLE,OPTIMAL,OPTIMAL,INFEASIBLE
FAAP24,OPTIMAL,OPTIMAL,OPTIMAL,OPTIMAL
RHPN2,INFEASIBLE,OPTIMAL,INFEASIBLE,INFEASIBLE
GPATCH1,INFEASIBLE,OPTIMAL,OPTIMAL,OPTIMAL
LRP3,OPTIMAL,OPTIMAL,OPTIMAL,OPTIMAL
CEBPA,OPTIMAL,OPTIMAL,OPTIMAL,OPTIMAL
CEBPG,INFEASIBLE,OPTIMAL,OPTIMAL,OPTIMAL
PEPD,INFEASIBLE,OPTIMAL,INFEASIBLE,OPTIMAL
KCTD15,OPTIMAL,OPTIMAL,OPTIMAL,OPTIMAL
LSM14A,INFEASIBLE,OPTIMAL,INFEASIBLE,INFEASIBLE
GARRE1,OPTIMAL,OPTIMAL,OPTIMAL,OPTIMAL
GPI,INFEASIBLE,OPTIMAL,INFEASIBLE,OPTIMAL
PDCD2L,INFEASIBLE,OPTIMAL,OPTIMAL,OPTIMAL
UBA2,INFEASIBLE,OPTIMAL,INFEASIBLE,INFEASIBLE
SCGB2B2,OPTIMAL,OPTIMAL,OPTIMAL,OPTIMAL
ZNF302,OPTIMAL,OPTIMAL,INFEASIBLE,OPTIMAL
GRAMD1A,INFEASIBLE,OPTIMAL,OPTIMAL,INFEASIBLE
FXYD5,OPTIMAL,OPTIMAL,OPTIMAL,OPTIMAL
LSR,OPTIMAL,OPTIMAL,OPTIMAL,OPTIMAL
USF2,INFEASIBLE,OPTIMAL,INFEASIBLE,OPTIMAL
DMKN,OPTIMAL,OPTIMAL,OPTIMAL,OPTIMAL
TMEM147,OPTIMAL,OPTIMAL,OPTIMAL,OPTIMAL
HAUS5,OPTIMAL,OPTIMAL,OPTIMAL,OPTIMAL
RBM42,OPTIMAL,OPTIMAL,OPTIMAL,OPTIMAL
COX6B1,INFEASIBLE,INFEASIBLE,OPTIMAL,OPTIMAL
KMT2B,INFEASIBLE,OPTIMAL,INFEASIBLE,OPTIMAL
IGFLR1,INFEASIBLE,OPTIMAL,OPTIMAL,OPTIMAL
U2AF1L4,OPTIMAL,OPTIMAL,OPTIMAL,OPTIMAL
PSENEN,OPTIMAL,OPTIMAL,OPTIMAL,OPTIMAL
LIN37,OPTIMAL,OPTIMAL,OPTIMAL,OPTIMAL
PROSER3,OPTIMAL,OPTIMAL,OPTIMAL,OPTIMAL
SDHAF1,OPTIMAL,OPTIMAL,OPTIMAL,OPTIMAL
ALKBH6,OPTIMAL,OPTIMAL,OPTIMAL,OPTIMAL
WDR62,OPTIMAL,OPTIMAL,INFEASIBLE,OPTIMAL
POLR2I,OPTIMAL,INFEASIBLE,OPTIMAL,OPTIMAL
TBCB,OPTIMAL,OPTIMAL,OPTIMAL,OPTIMAL
CAPNS1,OPTIMAL,OPTIMAL,INFEASIBLE,OPTIMAL
ZNF565,OPTIMAL,OPTIMAL,OPTIMAL,OPTIMAL
ZNF146,INFEASIBLE,OPTIMAL,INFEASIBLE,INFEASIBLE
ZFP14,INFEASIBLE,OPTIMAL,INFEASIBLE,OPTIMAL
ZNF566,INFEASIBLE,OPTIMAL,INFEASIBLE,INFEASIBLE
ZNF260,INFEASIBLE,OPTIMAL,INFEASIBLE,INFEASIBLE
ZNF529,INFEASIBLE,OPTIMAL,INFEASIBLE,INFEASIBLE
ZNF382,INFEASIBLE,OPTIMAL,INFEASIBLE,OPTIMAL
ZNF567,INFEASIBLE,OPTIMAL,INFEASIBLE,INFEASIBLE
ZNF850,INFEASIBLE,OPTIMAL,INFEASIBLE,OPTIMAL
ZNF790,INFEASIBLE,OPTIMAL,INFEASIBLE,OPTIMAL
ZNF345,OPTIMAL,OPTIMAL,OPTIMAL,OPTIMAL
ZNF568,OPTIMAL,OPTIMAL,OPTIMAL,OPTIMAL
ZNF420,INFEASIBLE,OPTIMAL,INFEASIBLE,OPTIMAL
ZNF585A,OPTIMAL,OPTIMAL,OPTIMAL,OPTIMAL
ZNF585B,INFEASIBLE,OPTIMAL,INFEASIBLE,OPTIMAL
ZNF383,OPTIMAL,OPTIMAL,OPTIMAL,OPTIMAL
ZNF875,INFEASIBLE,OPTIMAL,INFEASIBLE,OPTIMAL
ZNF569,INFEASIBLE,OPTIMAL,INFEASIBLE,INFEASIBLE
ZFP30,INFEASIBLE,OPTIMAL,INFEASIBLE,INFEASIBLE
ZNF607,INFEASIBLE,INFEASIBLE,INFEASIBLE,INFEASIBLE
ZNF573,OPTIMAL,OPTIMAL,INFEASIBLE,OPTIMAL
SIPA1L3,OPTIMAL,OPTIMAL,INFEASIBLE,OPTIMAL
DPF1,OPTIMAL,OPTIMAL,OPTIMAL,OPTIMAL
SPINT2,OPTIMAL,OPTIMAL,OPTIMAL,OPTIMAL
PPP1R14A,OPTIMAL,INFEASIBLE,OPTIMAL,OPTIMAL
YIF1B,OPTIMAL,INFEASIBLE,OPTIMAL,OPTIMAL
CATSPERG,OPTIMAL,OPTIMAL,OPTIMAL,OPTIMAL
PSMD8,OPTIMAL,INFEASIBLE,OPTIMAL,OPTIMAL
FAM98C,OPTIMAL,OPTIMAL,OPTIMAL,OPTIMAL
EIF3K,OPTIMAL,OPTIMAL,OPTIMAL,OPTIMAL
ACTN4,INFEASIBLE,OPTIMAL,INFEASIBLE,INFEASIBLE
ECH1,OPTIMAL,OPTIMAL,OPTIMAL,OPTIMAL
HNRNPL,OPTIMAL,OPTIMAL,OPTIMAL,OPTIMAL
SIRT2,OPTIMAL,OPTIMAL,OPTIMAL,OPTIMAL
NFKBIB,OPTIMAL,OPTIMAL,OPTIMAL,OPTIMAL
SARS2,OPTIMAL,OPTIMAL,OPTIMAL,OPTIMAL
MRPS12,OPTIMAL,INFEASIBLE,OPTIMAL,OPTIMAL
FBXO17,OPTIMAL,OPTIMAL,INFEASIBLE,OPTIMAL
PAK4,INFEASIBLE,OPTIMAL,OPTIMAL,OPTIMAL
LRFN1,OPTIMAL,OPTIMAL,OPTIMAL,OPTIMAL
SAMD4B,INFEASIBLE,OPTIMAL,INFEASIBLE,OPTIMAL
PAF1,INFEASIBLE,OPTIMAL,INFEASIBLE,INFEASIBLE
MED29,OPTIMAL,OPTIMAL,OPTIMAL,OPTIMAL
RPS16,OPTIMAL,INFEASIBLE,OPTIMAL,OPTIMAL
SUPT5H,INFEASIBLE,OPTIMAL,INFEASIBLE,INFEASIBLE
TIMM50,OPTIMAL,OPTIMAL,OPTIMAL,OPTIMAL
DLL3,OPTIMAL,INFEASIBLE,OPTIMAL,OPTIMAL
EID2B,OPTIMAL,OPTIMAL,OPTIMAL,OPTIMAL
EID2,OPTIMAL,OPTIMAL,OPTIMAL,OPTIMAL
FBL,INFEASIBLE,INFEASIBLE,INFEASIBLE,INFEASIBLE
PSMC4,OPTIMAL,OPTIMAL,OPTIMAL,OPTIMAL
ZNF546,OPTIMAL,OPTIMAL,OPTIMAL,OPTIMAL
ZNF780B,INFEASIBLE,OPTIMAL,INFEASIBLE,INFEASIBLE
ZNF780A,OPTIMAL,OPTIMAL,OPTIMAL,OPTIMAL
MAP3K10,INFEASIBLE,OPTIMAL,INFEASIBLE,OPTIMAL
AKT2,INFEASIBLE,OPTIMAL,OPTIMAL,OPTIMAL
C19orf47,OPTIMAL,OPTIMAL,OPTIMAL,OPTIMAL
PLD3,OPTIMAL,OPTIMAL,INFEASIBLE,OPTIMAL
SERTAD1,OPTIMAL,OPTIMAL,OPTIMAL,OPTIMAL
SERTAD3,OPTIMAL,INFEASIBLE,OPTIMAL,OPTIMAL
BLVRB,OPTIMAL,OPTIMAL,OPTIMAL,OPTIMAL
SPTBN4,OPTIMAL,OPTIMAL,OPTIMAL,OPTIMAL
SHKBP1,OPTIMAL,OPTIMAL,OPTIMAL,OPTIMAL
LTBP4,OPTIMAL,OPTIMAL,OPTIMAL,OPTIMAL
NUMBL,OPTIMAL,OPTIMAL,OPTIMAL,OPTIMAL
COQ8B,INFEASIBLE,OPTIMAL,OPTIMAL,OPTIMAL
ACTMAP,OPTIMAL,OPTIMAL,OPTIMAL,OPTIMAL
SNRPA,OPTIMAL,OPTIMAL,OPTIMAL,OPTIMAL
RAB4B,OPTIMAL,OPTIMAL,OPTIMAL,OPTIMAL
EGLN2,OPTIMAL,OPTIMAL,OPTIMAL,OPTIMAL
HNRNPUL1,INFEASIBLE,OPTIMAL,INFEASIBLE,INFEASIBLE
TGFB1,OPTIMAL,OPTIMAL,OPTIMAL,OPTIMAL
CCDC97,INFEASIBLE,OPTIMAL,INFEASIBLE,OPTIMAL
TMEM91,OPTIMAL,OPTIMAL,OPTIMAL,OPTIMAL
B9D2,OPTIMAL,OPTIMAL,OPTIMAL,OPTIMAL
EXOSC5,OPTIMAL,OPTIMAL,OPTIMAL,OPTIMAL
BCKDHA,OPTIMAL,OPTIMAL,OPTIMAL,OPTIMAL
DMAC2,OPTIMAL,OPTIMAL,OPTIMAL,OPTIMAL
RPS19,OPTIMAL,INFEASIBLE,OPTIMAL,OPTIMAL
ARHGEF1,INFEASIBLE,OPTIMAL,OPTIMAL,OPTIMAL
RABAC1,OPTIMAL,OPTIMAL,OPTIMAL,OPTIMAL
ZNF574,OPTIMAL,INFEASIBLE,OPTIMAL,OPTIMAL
DEDD2,OPTIMAL,OPTIMAL,OPTIMAL,OPTIMAL
ZNF526,INFEASIBLE,OPTIMAL,INFEASIBLE,OPTIMAL
GSK3A,OPTIMAL,OPTIMAL,OPTIMAL,OPTIMAL
ERF,INFEASIBLE,OPTIMAL,OPTIMAL,OPTIMAL
CIC,OPTIMAL,OPTIMAL,OPTIMAL,OPTIMAL
PAFAH1B3,OPTIMAL,OPTIMAL,OPTIMAL,OPTIMAL
MEGF8,OPTIMAL,OPTIMAL,OPTIMAL,OPTIMAL
CNFN,OPTIMAL,OPTIMAL,OPTIMAL,OPTIMAL
PHLDB3,OPTIMAL,OPTIMAL,OPTIMAL,OPTIMAL
ETHE1,OPTIMAL,OPTIMAL,OPTIMAL,OPTIMAL
XRCC1,INFEASIBLE,OPTIMAL,INFEASIBLE,OPTIMAL
IRGQ,INFEASIBLE,OPTIMAL,OPTIMAL,OPTIMAL
ZNF576,OPTIMAL,OPTIMAL,OPTIMAL,OPTIMAL
ZNF428,OPTIMAL,OPTIMAL,OPTIMAL,OPTIMAL
PLAUR,OPTIMAL,OPTIMAL,OPTIMAL,OPTIMAL
SMG9,OPTIMAL,OPTIMAL,OPTIMAL,OPTIMAL
ZNF283,OPTIMAL,OPTIMAL,OPTIMAL,OPTIMAL
ZNF45,OPTIMAL,OPTIMAL,INFEASIBLE,OPTIMAL
ZNF155,INFEASIBLE,OPTIMAL,INFEASIBLE,INFEASIBLE
ZNF224,OPTIMAL,OPTIMAL,OPTIMAL,OPTIMAL
ZNF234,INFEASIBLE,OPTIMAL,OPTIMAL,INFEASIBLE
ZNF226,OPTIMAL,OPTIMAL,OPTIMAL,OPTIMAL
ZNF227,OPTIMAL,OPTIMAL,OPTIMAL,OPTIMAL
ZNF235,INFEASIBLE,OPTIMAL,INFEASIBLE,INFEASIBLE
PVR,INFEASIBLE,OPTIMAL,OPTIMAL,OPTIMAL
NECTIN2,INFEASIBLE,OPTIMAL,OPTIMAL,OPTIMAL
TOMM40,OPTIMAL,OPTIMAL,OPTIMAL,OPTIMAL
APOE,OPTIMAL,OPTIMAL,OPTIMAL,OPTIMAL
APOC1,OPTIMAL,OPTIMAL,OPTIMAL,OPTIMAL
CLPTM1,INFEASIBLE,OPTIMAL,OPTIMAL,OPTIMAL
CLASRP,INFEASIBLE,OPTIMAL,INFEASIBLE,OPTIMAL
GEMIN7,OPTIMAL,OPTIMAL,OPTIMAL,OPTIMAL
MARK4,OPTIMAL,OPTIMAL,INFEASIBLE,OPTIMAL
PPP1R37,OPTIMAL,OPTIMAL,OPTIMAL,OPTIMAL
TRAPPC6A,OPTIMAL,OPTIMAL,OPTIMAL,OPTIMAL
ERCC2,OPTIMAL,OPTIMAL,OPTIMAL,OPTIMAL
PPP1R13L,OPTIMAL,OPTIMAL,OPTIMAL,OPTIMAL
POLR1G,OPTIMAL,OPTIMAL,OPTIMAL,OPTIMAL
ERCC1,OPTIMAL,OPTIMAL,OPTIMAL,OPTIMAL
RTN2,OPTIMAL,OPTIMAL,OPTIMAL,OPTIMAL
PPM1N,INFEASIBLE,INFEASIBLE,OPTIMAL,OPTIMAL
VASP,OPTIMAL,OPTIMAL,OPTIMAL,OPTIMAL
OPA3,OPTIMAL,OPTIMAL,OPTIMAL,OPTIMAL
EML2,OPTIMAL,OPTIMAL,OPTIMAL,OPTIMAL
SNRPD2,OPTIMAL,INFEASIBLE,OPTIMAL,OPTIMAL
QPCTL,OPTIMAL,OPTIMAL,OPTIMAL,OPTIMAL
FBXO46,OPTIMAL,OPTIMAL,OPTIMAL,OPTIMAL
DMPK,OPTIMAL,OPTIMAL,OPTIMAL,OPTIMAL
DMWD,INFEASIBLE,INFEASIBLE,OPTIMAL,OPTIMAL
SYMPK,INFEASIBLE,OPTIMAL,INFEASIBLE,OPTIMAL
IRF2BP1,OPTIMAL,OPTIMAL,OPTIMAL,OPTIMAL
MYPOP,OPTIMAL,OPTIMAL,OPTIMAL,OPTIMAL
PPP5C,OPTIMAL,INFEASIBLE,OPTIMAL,OPTIMAL
CCDC8,INFEASIBLE,OPTIMAL,OPTIMAL,OPTIMAL
PNMA8A,INFEASIBLE,OPTIMAL,OPTIMAL,OPTIMAL
CALM3,OPTIMAL,OPTIMAL,OPTIMAL,OPTIMAL
PRKD2,OPTIMAL,OPTIMAL,OPTIMAL,OPTIMAL
STRN4,INFEASIBLE,OPTIMAL,INFEASIBLE,INFEASIBLE
FKRP,OPTIMAL,OPTIMAL,OPTIMAL,OPTIMAL
SLC1A5,INFEASIBLE,OPTIMAL,INFEASIBLE,OPTIMAL
AP2S1,OPTIMAL,OPTIMAL,OPTIMAL,OPTIMAL
ARHGAP35,INFEASIBLE,OPTIMAL,INFEASIBLE,INFEASIBLE
NPAS1,OPTIMAL,OPTIMAL,OPTIMAL,OPTIMAL
TMEM160,OPTIMAL,INFEASIBLE,OPTIMAL,OPTIMAL
ZC3H4,OPTIMAL,OPTIMAL,OPTIMAL,OPTIMAL
SAE1,INFEASIBLE,OPTIMAL,INFEASIBLE,INFEASIBLE
BBC3,OPTIMAL,OPTIMAL,OPTIMAL,OPTIMAL
CCDC9,INFEASIBLE,OPTIMAL,OPTIMAL,INFEASIBLE
DHX34,INFEASIBLE,OPTIMAL,INFEASIBLE,OPTIMAL
NAPA,OPTIMAL,OPTIMAL,OPTIMAL,OPTIMAL
NOP53,OPTIMAL,INFEASIBLE,OPTIMAL,OPTIMAL
SELENOW,INFEASIBLE,OPTIMAL,OPTIMAL,OPTIMAL
LIG1,INFEASIBLE,OPTIMAL,INFEASIBLE,OPTIMAL
ZSWIM9,INFEASIBLE,OPTIMAL,OPTIMAL,OPTIMAL
CARD8,INFEASIBLE,OPTIMAL,INFEASIBLE,OPTIMAL
EMP3,OPTIMAL,OPTIMAL,OPTIMAL,OPTIMAL
TMEM143,OPTIMAL,OPTIMAL,OPTIMAL,OPTIMAL
KDELR1,INFEASIBLE,OPTIMAL,INFEASIBLE,OPTIMAL
GRIN2D,OPTIMAL,OPTIMAL,OPTIMAL,OPTIMAL
GRWD1,INFEASIBLE,OPTIMAL,INFEASIBLE,INFEASIBLE
KCNJ14,OPTIMAL,INFEASIBLE,OPTIMAL,OPTIMAL
CYTH2,OPTIMAL,OPTIMAL,OPTIMAL,OPTIMAL
RPL18,OPTIMAL,OPTIMAL,OPTIMAL,OPTIMAL
SPHK2,OPTIMAL,OPTIMAL,OPTIMAL,OPTIMAL
DBP,OPTIMAL,OPTIMAL,OPTIMAL,OPTIMAL
CA11,OPTIMAL,OPTIMAL,OPTIMAL,OPTIMAL
BCAT2,OPTIMAL,OPTIMAL,OPTIMAL,OPTIMAL
NUCB1,INFEASIBLE,OPTIMAL,INFEASIBLE,INFEASIBLE
BAX,OPTIMAL,OPTIMAL,OPTIMAL,OPTIMAL
FTL,OPTIMAL,INFEASIBLE,OPTIMAL,OPTIMAL
GYS1,INFEASIBLE,OPTIMAL,INFEASIBLE,INFEASIBLE
RUVBL2,OPTIMAL,OPTIMAL,OPTIMAL,OPTIMAL
SNRNP70,INFEASIBLE,OPTIMAL,INFEASIBLE,OPTIMAL
LIN7B,OPTIMAL,INFEASIBLE,OPTIMAL,OPTIMAL
PPFIA3,OPTIMAL,OPTIMAL,OPTIMAL,OPTIMAL
TRPM4,OPTIMAL,OPTIMAL,OPTIMAL,OPTIMAL
SLC6A16,OPTIMAL,INFEASIBLE,OPTIMAL,OPTIMAL
TEAD2,OPTIMAL,OPTIMAL,OPTIMAL,OPTIMAL
PIH1D1,OPTIMAL,OPTIMAL,OPTIMAL,OPTIMAL
ALDH16A1,OPTIMAL,OPTIMAL,OPTIMAL,OPTIMAL
RPL13A,INFEASIBLE,OPTIMAL,INFEASIBLE,OPTIMAL
RPS11,OPTIMAL,OPTIMAL,OPTIMAL,OPTIMAL
FCGRT,OPTIMAL,OPTIMAL,OPTIMAL,OPTIMAL
NOSIP,OPTIMAL,OPTIMAL,OPTIMAL,OPTIMAL
PRR12,INFEASIBLE,OPTIMAL,OPTIMAL,OPTIMAL
RRAS,OPTIMAL,INFEASIBLE,OPTIMAL,OPTIMAL
SCAF1,OPTIMAL,OPTIMAL,OPTIMAL,OPTIMAL
IRF3,OPTIMAL,OPTIMAL,OPTIMAL,OPTIMAL
BCL2L12,OPTIMAL,OPTIMAL,OPTIMAL,OPTIMAL
PRMT1,OPTIMAL,OPTIMAL,OPTIMAL,OPTIMAL
CPT1C,OPTIMAL,INFEASIBLE,OPTIMAL,OPTIMAL
AP2A1,OPTIMAL,OPTIMAL,OPTIMAL,OPTIMAL
FUZ,OPTIMAL,OPTIMAL,OPTIMAL,OPTIMAL
MED25,OPTIMAL,OPTIMAL,OPTIMAL,OPTIMAL
PTOV1,OPTIMAL,OPTIMAL,OPTIMAL,OPTIMAL
PNKP,OPTIMAL,OPTIMAL,OPTIMAL,OPTIMAL
AKT1S1,OPTIMAL,OPTIMAL,OPTIMAL,OPTIMAL
TBC1D17,OPTIMAL,OPTIMAL,OPTIMAL,OPTIMAL
NUP62,OPTIMAL,OPTIMAL,OPTIMAL,OPTIMAL
ATF5,OPTIMAL,INFEASIBLE,OPTIMAL,OPTIMAL
VRK3,OPTIMAL,INFEASIBLE,OPTIMAL,OPTIMAL
ZNF473,OPTIMAL,OPTIMAL,OPTIMAL,OPTIMAL
MYH14,OPTIMAL,INFEASIBLE,OPTIMAL,OPTIMAL
NR1H2,OPTIMAL,OPTIMAL,OPTIMAL,OPTIMAL
POLD1,OPTIMAL,OPTIMAL,INFEASIBLE,OPTIMAL
EMC10,OPTIMAL,OPTIMAL,OPTIMAL,OPTIMAL
JOSD2,OPTIMAL,OPTIMAL,OPTIMAL,OPTIMAL
C19orf81,OPTIMAL,OPTIMAL,OPTIMAL,OPTIMAL
CLEC11A,INFEASIBLE,OPTIMAL,OPTIMAL,OPTIMAL
KLK8,OPTIMAL,OPTIMAL,OPTIMAL,OPTIMAL
CTU1,OPTIMAL,INFEASIBLE,OPTIMAL,OPTIMAL
ETFB,OPTIMAL,INFEASIBLE,OPTIMAL,OPTIMAL
ZNF649,INFEASIBLE,OPTIMAL,INFEASIBLE,INFEASIBLE
ZNF614,INFEASIBLE,OPTIMAL,INFEASIBLE,INFEASIBLE
ZNF616,INFEASIBLE,OPTIMAL,OPTIMAL,OPTIMAL
PPP2R1A,OPTIMAL,OPTIMAL,OPTIMAL,OPTIMAL
ZNF766,INFEASIBLE,OPTIMAL,INFEASIBLE,INFEASIBLE
ZNF480,INFEASIBLE,OPTIMAL,OPTIMAL,INFEASIBLE
ZNF611,INFEASIBLE,OPTIMAL,OPTIMAL,OPTIMAL
ZNF845,INFEASIBLE,INFEASIBLE,INFEASIBLE,OPTIMAL
ZNF765,OPTIMAL,OPTIMAL,OPTIMAL,OPTIMAL
ZNF761,INFEASIBLE,OPTIMAL,INFEASIBLE,INFEASIBLE
MYADM,OPTIMAL,OPTIMAL,OPTIMAL,OPTIMAL
CACNG8,OPTIMAL,OPTIMAL,INFEASIBLE,OPTIMAL
NDUFA3,INFEASIBLE,INFEASIBLE,INFEASIBLE,INFEASIBLE
TFPT,OPTIMAL,OPTIMAL,OPTIMAL,OPTIMAL
PRPF31,OPTIMAL,OPTIMAL,OPTIMAL,OPTIMAL
CNOT3,INFEASIBLE,OPTIMAL,INFEASIBLE,OPTIMAL
LENG1,INFEASIBLE,OPTIMAL,INFEASIBLE,OPTIMAL
MBOAT7,OPTIMAL,OPTIMAL,OPTIMAL,OPTIMAL
TSEN34,OPTIMAL,OPTIMAL,OPTIMAL,OPTIMAL
RPS9,OPTIMAL,OPTIMAL,OPTIMAL,OPTIMAL
LENG8,OPTIMAL,OPTIMAL,OPTIMAL,OPTIMAL
LENG9,OPTIMAL,OPTIMAL,OPTIMAL,OPTIMAL
RDH13,OPTIMAL,OPTIMAL,OPTIMAL,OPTIMAL
PPP1R12C,INFEASIBLE,OPTIMAL,OPTIMAL,OPTIMAL
TNNT1,OPTIMAL,OPTIMAL,OPTIMAL,OPTIMAL
TNNI3,OPTIMAL,OPTIMAL,OPTIMAL,OPTIMAL
PPP6R1,OPTIMAL,OPTIMAL,OPTIMAL,OPTIMAL
HSPBP1,OPTIMAL,OPTIMAL,OPTIMAL,OPTIMAL
BRSK1,INFEASIBLE,INFEASIBLE,OPTIMAL,INFEASIBLE
KMT5C,OPTIMAL,OPTIMAL,OPTIMAL,OPTIMAL
RPL28,OPTIMAL,INFEASIBLE,OPTIMAL,OPTIMAL
UBE2S,OPTIMAL,INFEASIBLE,OPTIMAL,OPTIMAL
ISOC2,OPTIMAL,OPTIMAL,OPTIMAL,OPTIMAL
NAT14,OPTIMAL,OPTIMAL,OPTIMAL,OPTIMAL
ZNF579,OPTIMAL,OPTIMAL,OPTIMAL,OPTIMAL
ZNF865,OPTIMAL,OPTIMAL,OPTIMAL,OPTIMAL
ZNF580,INFEASIBLE,OPTIMAL,OPTIMAL,OPTIMAL
ZNF581,OPTIMAL,OPTIMAL,OPTIMAL,OPTIMAL
CCDC106,OPTIMAL,OPTIMAL,OPTIMAL,OPTIMAL
U2AF2,INFEASIBLE,OPTIMAL,INFEASIBLE,INFEASIBLE
EPN1,OPTIMAL,OPTIMAL,OPTIMAL,OPTIMAL
ZNF787,OPTIMAL,OPTIMAL,OPTIMAL,OPTIMAL
ZNF444,OPTIMAL,OPTIMAL,OPTIMAL,OPTIMAL
ZSCAN5A,INFEASIBLE,OPTIMAL,INFEASIBLE,OPTIMAL
ZNF71,OPTIMAL,OPTIMAL,OPTIMAL,OPTIMAL
ZNF264,INFEASIBLE,OPTIMAL,OPTIMAL,OPTIMAL
ZNF805,OPTIMAL,OPTIMAL,OPTIMAL,OPTIMAL
ZNF460,OPTIMAL,OPTIMAL,OPTIMAL,OPTIMAL
TRAPPC2B,OPTIMAL,INFEASIBLE,OPTIMAL,OPTIMAL
ZNF749,OPTIMAL,INFEASIBLE,OPTIMAL,OPTIMAL
ZNF530,OPTIMAL,OPTIMAL,OPTIMAL,OPTIMAL
ZNF134,INFEASIBLE,OPTIMAL,OPTIMAL,OPTIMAL
ZNF551,INFEASIBLE,OPTIMAL,INFEASIBLE,INFEASIBLE
ZNF586,INFEASIBLE,OPTIMAL,INFEASIBLE,OPTIMAL
ZNF552,OPTIMAL,OPTIMAL,OPTIMAL,OPTIMAL
ZNF587B,INFEASIBLE,OPTIMAL,INFEASIBLE,INFEASIBLE
ZNF814,OPTIMAL,OPTIMAL,OPTIMAL,OPTIMAL
ZNF587,INFEASIBLE,OPTIMAL,INFEASIBLE,OPTIMAL
ZNF274,INFEASIBLE,OPTIMAL,INFEASIBLE,OPTIMAL
ZNF8,INFEASIBLE,OPTIMAL,OPTIMAL,OPTIMAL
ERVK3-1,OPTIMAL,OPTIMAL,OPTIMAL,OPTIMAL
A1BG,INFEASIBLE,OPTIMAL,OPTIMAL,OPTIMAL
RPS5,OPTIMAL,INFEASIBLE,OPTIMAL,OPTIMAL
ZNF584,OPTIMAL,OPTIMAL,OPTIMAL,OPTIMAL
SLC27A5,OPTIMAL,OPTIMAL,OPTIMAL,OPTIMAL
TRIM28,OPTIMAL,INFEASIBLE,OPTIMAL,OPTIMAL
CHMP2A,OPTIMAL,OPTIMAL,OPTIMAL,OPTIMAL
UBE2M,OPTIMAL,INFEASIBLE,OPTIMAL,OPTIMAL
MZF1,OPTIMAL,OPTIMAL,OPTIMAL,OPTIMAL
C20orf96,OPTIMAL,OPTIMAL,OPTIMAL,OPTIMAL
ZCCHC3,OPTIMAL,OPTIMAL,OPTIMAL,OPTIMAL
SOX12,OPTIMAL,OPTIMAL,OPTIMAL,OPTIMAL
NRSN2,OPTIMAL,OPTIMAL,OPTIMAL,OPTIMAL
RBCK1,OPTIMAL,OPTIMAL,OPTIMAL,OPTIMAL
TBC1D20,INFEASIBLE,OPTIMAL,OPTIMAL,OPTIMAL
CSNK2A1,INFEASIBLE,OPTIMAL,INFEASIBLE,INFEASIBLE
SRXN1,INFEASIBLE,OPTIMAL,OPTIMAL,OPTIMAL
PSMF1,INFEASIBLE,OPTIMAL,OPTIMAL,OPTIMAL
FKBP1A,OPTIMAL,OPTIMAL,OPTIMAL,OPTIMAL
NSFL1C,OPTIMAL,OPTIMAL,OPTIMAL,OPTIMAL
STK35,INFEASIBLE,OPTIMAL,OPTIMAL,OPTIMAL
SNRPB,OPTIMAL,INFEASIBLE,OPTIMAL,OPTIMAL
ZNF343,OPTIMAL,OPTIMAL,OPTIMAL,OPTIMAL
NOP56,INFEASIBLE,OPTIMAL,INFEASIBLE,OPTIMAL
IDH3B,OPTIMAL,OPTIMAL,OPTIMAL,OPTIMAL
VPS16,OPTIMAL,OPTIMAL,OPTIMAL,OPTIMAL
PTPRA,INFEASIBLE,OPTIMAL,INFEASIBLE,OPTIMAL
MRPS26,OPTIMAL,INFEASIBLE,OPTIMAL,OPTIMAL
UBOX5,OPTIMAL,OPTIMAL,OPTIMAL,OPTIMAL
FASTKD5,INFEASIBLE,OPTIMAL,OPTIMAL,OPTIMAL
DDRGK1,INFEASIBLE,OPTIMAL,INFEASIBLE,INFEASIBLE
ITPA,OPTIMAL,OPTIMAL,OPTIMAL,OPTIMAL
DNAAF9,OPTIMAL,OPTIMAL,OPTIMAL,OPTIMAL
ATRN,INFEASIBLE,OPTIMAL,INFEASIBLE,INFEASIBLE
ADISSP,OPTIMAL,OPTIMAL,OPTIMAL,OPTIMAL
CENPB,INFEASIBLE,OPTIMAL,INFEASIBLE,INFEASIBLE
CDC25B,INFEASIBLE,OPTIMAL,OPTIMAL,OPTIMAL
AP5S1,OPTIMAL,OPTIMAL,OPTIMAL,OPTIMAL
MAVS,OPTIMAL,OPTIMAL,OPTIMAL,OPTIMAL
PANK2,OPTIMAL,INFEASIBLE,OPTIMAL,OPTIMAL
RNF24,OPTIMAL,OPTIMAL,OPTIMAL,OPTIMAL
SMOX,INFEASIBLE,INFEASIBLE,OPTIMAL,INFEASIBLE
PRNP,INFEASIBLE,OPTIMAL,OPTIMAL,INFEASIBLE
SLC23A2,INFEASIBLE,OPTIMAL,INFEASIBLE,INFEASIBLE
TMEM230,OPTIMAL,OPTIMAL,OPTIMAL,OPTIMAL
PCNA,OPTIMAL,OPTIMAL,OPTIMAL,OPTIMAL
CDS2,OPTIMAL,OPTIMAL,OPTIMAL,OPTIMAL
GPCPD1,INFEASIBLE,OPTIMAL,INFEASIBLE,OPTIMAL
SHLD1,OPTIMAL,OPTIMAL,OPTIMAL,OPTIMAL
TRMT6,OPTIMAL,OPTIMAL,OPTIMAL,OPTIMAL
MCM8,INFEASIBLE,OPTIMAL,INFEASIBLE,INFEASIBLE
CRLS1,INFEASIBLE,OPTIMAL,INFEASIBLE,OPTIMAL
BMP2,OPTIMAL,INFEASIBLE,OPTIMAL,OPTIMAL
TMX4,INFEASIBLE,OPTIMAL,INFEASIBLE,INFEASIBLE
PLCB1,INFEASIBLE,OPTIMAL,INFEASIBLE,INFEASIBLE
PLCB4,INFEASIBLE,OPTIMAL,INFEASIBLE,INFEASIBLE
ANKEF1,OPTIMAL,OPTIMAL,OPTIMAL,OPTIMAL
MKKS,OPTIMAL,OPTIMAL,OPTIMAL,OPTIMAL
SLX4IP,INFEASIBLE,OPTIMAL,INFEASIBLE,OPTIMAL
BTBD3,INFEASIBLE,OPTIMAL,INFEASIBLE,OPTIMAL
TASP1,INFEASIBLE,OPTIMAL,INFEASIBLE,INFEASIBLE
ESF1,INFEASIBLE,OPTIMAL,INFEASIBLE,INFEASIBLE
NDUFAF5,INFEASIBLE,OPTIMAL,INFEASIBLE,OPTIMAL
MACROD2,OPTIMAL,OPTIMAL,INFEASIBLE,OPTIMAL
KIF16B,INFEASIBLE,OPTIMAL,INFEASIBLE,INFEASIBLE
SNRPB2,OPTIMAL,OPTIMAL,OPTIMAL,OPTIMAL
DSTN,OPTIMAL,OPTIMAL,OPTIMAL,OPTIMAL
RRBP1,INFEASIBLE,OPTIMAL,INFEASIBLE,INFEASIBLE
SNX5,INFEASIBLE,OPTIMAL,INFEASIBLE,INFEASIBLE
OVOL2,OPTIMAL,OPTIMAL,OPTIMAL,OPTIMAL
MGME1,OPTIMAL,OPTIMAL,OPTIMAL,OPTIMAL
KAT14,OPTIMAL,OPTIMAL,OPTIMAL,OPTIMAL
PET117,OPTIMAL,OPTIMAL,OPTIMAL,OPTIMAL
ZNF133,INFEASIBLE,OPTIMAL,INFEASIBLE,INFEASIBLE
POLR3F,INFEASIBLE,OPTIMAL,OPTIMAL,OPTIMAL
RBBP9,INFEASIBLE,OPTIMAL,OPTIMAL,OPTIMAL
SEC23B,INFEASIBLE,OPTIMAL,INFEASIBLE,OPTIMAL
SMIM26,OPTIMAL,OPTIMAL,OPTIMAL,OPTIMAL
DTD1,OPTIMAL,OPTIMAL,OPTIMAL,OPTIMAL
RIN2,OPTIMAL,OPTIMAL,OPTIMAL,OPTIMAL
NAA20,OPTIMAL,INFEASIBLE,OPTIMAL,OPTIMAL
CRNKL1,INFEASIBLE,OPTIMAL,INFEASIBLE,INFEASIBLE
RALGAPA2,OPTIMAL,OPTIMAL,OPTIMAL,OPTIMAL
KIZ,INFEASIBLE,OPTIMAL,INFEASIBLE,INFEASIBLE
XRN2,INFEASIBLE,OPTIMAL,INFEASIBLE,OPTIMAL
NXT1,OPTIMAL,OPTIMAL,OPTIMAL,OPTIMAL
GZF1,INFEASIBLE,OPTIMAL,OPTIMAL,INFEASIBLE
NAPB,INFEASIBLE,OPTIMAL,INFEASIBLE,OPTIMAL
CST3,OPTIMAL,OPTIMAL,OPTIMAL,OPTIMAL
SYNDIG1,OPTIMAL,OPTIMAL,OPTIMAL,OPTIMAL
APMAP,INFEASIBLE,OPTIMAL,OPTIMAL,INFEASIBLE
ENTPD6,INFEASIBLE,OPTIMAL,OPTIMAL,OPTIMAL
PYGB,INFEASIBLE,OPTIMAL,INFEASIBLE,OPTIMAL
ABHD12,INFEASIBLE,OPTIMAL,INFEASIBLE,OPTIMAL
GINS1,INFEASIBLE,OPTIMAL,INFEASIBLE,OPTIMAL
NINL,INFEASIBLE,OPTIMAL,INFEASIBLE,INFEASIBLE
NANP,INFEASIBLE,OPTIMAL,INFEASIBLE,OPTIMAL
ZNF337,INFEASIBLE,OPTIMAL,INFEASIBLE,INFEASIBLE
HM13,OPTIMAL,OPTIMAL,OPTIMAL,OPTIMAL
ID1,OPTIMAL,OPTIMAL,OPTIMAL,OPTIMAL
BCL2L1,OPTIMAL,OPTIMAL,OPTIMAL,OPTIMAL
TPX2,INFEASIBLE,OPTIMAL,INFEASIBLE,INFEASIBLE
PDRG1,OPTIMAL,OPTIMAL,OPTIMAL,OPTIMAL
TM9SF4,INFEASIBLE,OPTIMAL,OPTIMAL,OPTIMAL
PLAGL2,INFEASIBLE,OPTIMAL,OPTIMAL,OPTIMAL
POFUT1,INFEASIBLE,OPTIMAL,INFEASIBLE,OPTIMAL
KIF3B,INFEASIBLE,OPTIMAL,INFEASIBLE,OPTIMAL
ASXL1,OPTIMAL,OPTIMAL,OPTIMAL,OPTIMAL
NOL4L,OPTIMAL,OPTIMAL,OPTIMAL,OPTIMAL
COMMD7,OPTIMAL,OPTIMAL,OPTIMAL,OPTIMAL
DNMT3B,INFEASIBLE,OPTIMAL,OPTIMAL,OPTIMAL
MAPRE1,INFEASIBLE,OPTIMAL,INFEASIBLE,INFEASIBLE
CDK5RAP1,OPTIMAL,OPTIMAL,OPTIMAL,OPTIMAL
SNTA1,OPTIMAL,OPTIMAL,OPTIMAL,OPTIMAL
CBFA2T2,INFEASIBLE,OPTIMAL,INFEASIBLE,OPTIMAL
E2F1,OPTIMAL,OPTIMAL,OPTIMAL,OPTIMAL
CHMP4B,INFEASIBLE,OPTIMAL,INFEASIBLE,INFEASIBLE
RALY,OPTIMAL,OPTIMAL,OPTIMAL,OPTIMAL
EIF2S2,OPTIMAL,INFEASIBLE,OPTIMAL,OPTIMAL
AHCY,OPTIMAL,OPTIMAL,OPTIMAL,OPTIMAL
ITCH,INFEASIBLE,OPTIMAL,INFEASIBLE,INFEASIBLE
DYNLRB1,OPTIMAL,OPTIMAL,OPTIMAL,OPTIMAL
PIGU,OPTIMAL,OPTIMAL,OPTIMAL,OPTIMAL
NCOA6,INFEASIBLE,OPTIMAL,INFEASIBLE,INFEASIBLE
GGT7,OPTIMAL,OPTIMAL,OPTIMAL,OPTIMAL
ACSS2,OPTIMAL,OPTIMAL,OPTIMAL,OPTIMAL
GSS,OPTIMAL,OPTIMAL,OPTIMAL,OPTIMAL
TRPC4AP,INFEASIBLE,OPTIMAL,INFEASIBLE,INFEASIBLE
EDEM2,OPTIMAL,OPTIMAL,OPTIMAL,OPTIMAL
MMP24OS,OPTIMAL,OPTIMAL,OPTIMAL,OPTIMAL
EIF6,OPTIMAL,OPTIMAL,OPTIMAL,OPTIMAL
UQCC1,OPTIMAL,OPTIMAL,OPTIMAL,OPTIMAL
CEP250,INFEASIBLE,OPTIMAL,INFEASIBLE,INFEASIBLE
ERGIC3,OPTIMAL,OPTIMAL,OPTIMAL,OPTIMAL
CPNE1,OPTIMAL,OPTIMAL,OPTIMAL,OPTIMAL
RBM12,INFEASIBLE,OPTIMAL,INFEASIBLE,INFEASIBLE
NFS1,OPTIMAL,OPTIMAL,OPTIMAL,OPTIMAL
ROMO1,OPTIMAL,INFEASIBLE,OPTIMAL,OPTIMAL
RBM39,INFEASIBLE,OPTIMAL,INFEASIBLE,INFEASIBLE
PHF20,OPTIMAL,OPTIMAL,OPTIMAL,OPTIMAL
SCAND1,INFEASIBLE,OPTIMAL,OPTIMAL,INFEASIBLE
CNBD2,OPTIMAL,OPTIMAL,OPTIMAL,OPTIMAL
EPB41L1,OPTIMAL,OPTIMAL,OPTIMAL,OPTIMAL
AAR2,OPTIMAL,INFEASIBLE,OPTIMAL,OPTIMAL
DLGAP4,OPTIMAL,INFEASIBLE,OPTIMAL,OPTIMAL
TGIF2,INFEASIBLE,OPTIMAL,OPTIMAL,OPTIMAL
RAB5IF,OPTIMAL,OPTIMAL,OPTIMAL,OPTIMAL
NDRG3,OPTIMAL,OPTIMAL,OPTIMAL,OPTIMAL
DSN1,OPTIMAL,OPTIMAL,OPTIMAL,OPTIMAL
SOGA1,INFEASIBLE,OPTIMAL,OPTIMAL,INFEASIBLE
SAMHD1,OPTIMAL,OPTIMAL,OPTIMAL,OPTIMAL
RBL1,INFEASIBLE,OPTIMAL,INFEASIBLE,OPTIMAL
RPN2,OPTIMAL,OPTIMAL,INFEASIBLE,OPTIMAL
MANBAL,OPTIMAL,OPTIMAL,OPTIMAL,OPTIMAL
BLCAP,INFEASIBLE,OPTIMAL,INFEASIBLE,OPTIMAL
CTNNBL1,INFEASIBLE,OPTIMAL,INFEASIBLE,INFEASIBLE
TTI1,INFEASIBLE,OPTIMAL,INFEASIBLE,OPTIMAL
RPRD1B,INFEASIBLE,OPTIMAL,INFEASIBLE,INFEASIBLE
RALGAPB,INFEASIBLE,OPTIMAL,INFEASIBLE,INFEASIBLE
ACTR5,INFEASIBLE,OPTIMAL,OPTIMAL,OPTIMAL
FAM83D,OPTIMAL,OPTIMAL,OPTIMAL,OPTIMAL
DHX35,OPTIMAL,OPTIMAL,OPTIMAL,OPTIMAL
MAFB,OPTIMAL,OPTIMAL,OPTIMAL,OPTIMAL
TOP1,INFEASIBLE,OPTIMAL,INFEASIBLE,INFEASIBLE
PLCG1,INFEASIBLE,OPTIMAL,INFEASIBLE,OPTIMAL
ZHX3,INFEASIBLE,OPTIMAL,INFEASIBLE,INFEASIBLE
LPIN3,OPTIMAL,OPTIMAL,OPTIMAL,OPTIMAL
CHD6,INFEASIBLE,OPTIMAL,INFEASIBLE,INFEASIBLE
PTPRT,INFEASIBLE,INFEASIBLE,INFEASIBLE,INFEASIBLE
SRSF6,INFEASIBLE,INFEASIBLE,INFEASIBLE,INFEASIBLE
L3MBTL1,INFEASIBLE,OPTIMAL,INFEASIBLE,OPTIMAL
IFT52,OPTIMAL,OPTIMAL,OPTIMAL,OPTIMAL
MYBL2,OPTIMAL,OPTIMAL,INFEASIBLE,OPTIMAL
TOX2,INFEASIBLE,INFEASIBLE,INFEASIBLE,INFEASIBLE
OSER1,OPTIMAL,OPTIMAL,OPTIMAL,OPTIMAL
FITM2,OPTIMAL,OPTIMAL,OPTIMAL,OPTIMAL
TTPAL,INFEASIBLE,OPTIMAL,OPTIMAL,OPTIMAL
SERINC3,INFEASIBLE,OPTIMAL,INFEASIBLE,OPTIMAL
PKIG,OPTIMAL,OPTIMAL,INFEASIBLE,OPTIMAL
ADA,OPTIMAL,OPTIMAL,OPTIMAL,OPTIMAL
RIMS4,OPTIMAL,OPTIMAL,OPTIMAL,OPTIMAL
YWHAB,INFEASIBLE,OPTIMAL,INFEASIBLE,OPTIMAL
PABPC1L,OPTIMAL,OPTIMAL,OPTIMAL,OPTIMAL
TOMM34,INFEASIBLE,OPTIMAL,INFEASIBLE,OPTIMAL
STK4,INFEASIBLE,OPTIMAL,OPTIMAL,INFEASIBLE
SDC4,OPTIMAL,OPTIMAL,OPTIMAL,OPTIMAL
SYS1,OPTIMAL,OPTIMAL,OPTIMAL,OPTIMAL
DBNDD2,OPTIMAL,OPTIMAL,OPTIMAL,OPTIMAL
PIGT,OPTIMAL,OPTIMAL,OPTIMAL,OPTIMAL
DNTTIP1,INFEASIBLE,OPTIMAL,INFEASIBLE,OPTIMAL
UBE2C,INFEASIBLE,OPTIMAL,OPTIMAL,OPTIMAL
ACOT8,OPTIMAL,OPTIMAL,OPTIMAL,OPTIMAL
CTSA,OPTIMAL,OPTIMAL,OPTIMAL,OPTIMAL
PLTP,OPTIMAL,OPTIMAL,OPTIMAL,OPTIMAL
PCIF1,OPTIMAL,OPTIMAL,OPTIMAL,OPTIMAL
ZNF335,OPTIMAL,OPTIMAL,OPTIMAL,OPTIMAL
SLC12A5,OPTIMAL,OPTIMAL,OPTIMAL,OPTIMAL
NCOA5,INFEASIBLE,OPTIMAL,INFEASIBLE,INFEASIBLE
SLC35C2,INFEASIBLE,OPTIMAL,INFEASIBLE,OPTIMAL
ELMO2,OPTIMAL,OPTIMAL,OPTIMAL,OPTIMAL
SLC13A3,INFEASIBLE,OPTIMAL,OPTIMAL,INFEASIBLE
TP53RK,OPTIMAL,OPTIMAL,OPTIMAL,OPTIMAL
EYA2,INFEASIBLE,OPTIMAL,INFEASIBLE,OPTIMAL
ZMYND8,INFEASIBLE,OPTIMAL,INFEASIBLE,OPTIMAL
NCOA3,INFEASIBLE,OPTIMAL,INFEASIBLE,INFEASIBLE
SULF2,INFEASIBLE,OPTIMAL,INFEASIBLE,OPTIMAL
ARFGEF2,INFEASIBLE,OPTIMAL,INFEASIBLE,INFEASIBLE
CSE1L,INFEASIBLE,OPTIMAL,INFEASIBLE,INFEASIBLE
STAU1,INFEASIBLE,OPTIMAL,INFEASIBLE,INFEASIBLE
DDX27,OPTIMAL,OPTIMAL,OPTIMAL,OPTIMAL
ZNFX1,OPTIMAL,OPTIMAL,OPTIMAL,OPTIMAL
B4GALT5,INFEASIBLE,OPTIMAL,INFEASIBLE,INFEASIBLE
SLC9A8,INFEASIBLE,OPTIMAL,INFEASIBLE,OPTIMAL
RNF114,OPTIMAL,OPTIMAL,OPTIMAL,OPTIMAL
UBE2V1,OPTIMAL,OPTIMAL,OPTIMAL,OPTIMAL
PEDS1,INFEASIBLE,OPTIMAL,INFEASIBLE,OPTIMAL
CEBPB,OPTIMAL,OPTIMAL,OPTIMAL,OPTIMAL
PTPN1,INFEASIBLE,OPTIMAL,INFEASIBLE,INFEASIBLE
PARD6B,OPTIMAL,OPTIMAL,OPTIMAL,OPTIMAL
BCAS4,OPTIMAL,OPTIMAL,OPTIMAL,OPTIMAL
ADNP,OPTIMAL,OPTIMAL,OPTIMAL,OPTIMAL
DPM1,INFEASIBLE,OPTIMAL,OPTIMAL,OPTIMAL
MOCS3,OPTIMAL,OPTIMAL,OPTIMAL,OPTIMAL
KCNG1,OPTIMAL,OPTIMAL,OPTIMAL,OPTIMAL
ATP9A,INFEASIBLE,OPTIMAL,INFEASIBLE,OPTIMAL
ZFP64,INFEASIBLE,OPTIMAL,INFEASIBLE,OPTIMAL
TSHZ2,INFEASIBLE,OPTIMAL,INFEASIBLE,OPTIMAL
ZNF217,INFEASIBLE,OPTIMAL,INFEASIBLE,OPTIMAL
PFDN4,OPTIMAL,OPTIMAL,OPTIMAL,OPTIMAL
FAM210B,OPTIMAL,OPTIMAL,OPTIMAL,OPTIMAL
AURKA,INFEASIBLE,OPTIMAL,OPTIMAL,OPTIMAL
CSTF1,OPTIMAL,OPTIMAL,OPTIMAL,OPTIMAL
RTF2,INFEASIBLE,OPTIMAL,INFEASIBLE,INFEASIBLE
TFAP2C,INFEASIBLE,OPTIMAL,INFEASIBLE,OPTIMAL
BMP7,OPTIMAL,OPTIMAL,OPTIMAL,OPTIMAL
RAE1,OPTIMAL,OPTIMAL,INFEASIBLE,OPTIMAL
RBM38,OPTIMAL,OPTIMAL,OPTIMAL,OPTIMAL
HMGB1P1,OPTIMAL,OPTIMAL,INFEASIBLE,OPTIMAL
PMEPA1,OPTIMAL,OPTIMAL,OPTIMAL,OPTIMAL
RAB22A,INFEASIBLE,OPTIMAL,INFEASIBLE,INFEASIBLE
VAPB,INFEASIBLE,OPTIMAL,INFEASIBLE,INFEASIBLE
STX16,INFEASIBLE,OPTIMAL,INFEASIBLE,INFEASIBLE
GNAS,OPTIMAL,OPTIMAL,OPTIMAL,OPTIMAL
NELFCD,INFEASIBLE,OPTIMAL,INFEASIBLE,OPTIMAL
ATP5F1E,INFEASIBLE,INFEASIBLE,INFEASIBLE,INFEASIBLE
PRELID3B,OPTIMAL,OPTIMAL,OPTIMAL,OPTIMAL
PHACTR3,OPTIMAL,OPTIMAL,OPTIMAL,OPTIMAL
FAM217B,OPTIMAL,OPTIMAL,OPTIMAL,OPTIMAL
CDH4,INFEASIBLE,INFEASIBLE,INFEASIBLE,INFEASIBLE
TAF4,INFEASIBLE,OPTIMAL,INFEASIBLE,OPTIMAL
LSM14B,INFEASIBLE,OPTIMAL,OPTIMAL,OPTIMAL
PSMA7,OPTIMAL,OPTIMAL,OPTIMAL,OPTIMAL
SS18L1,INFEASIBLE,OPTIMAL,OPTIMAL,OPTIMAL
MTG2,OPTIMAL,OPTIMAL,INFEASIBLE,OPTIMAL
OSBPL2,INFEASIBLE,OPTIMAL,INFEASIBLE,INFEASIBLE
ADRM1,OPTIMAL,OPTIMAL,OPTIMAL,OPTIMAL
LAMA5,OPTIMAL,OPTIMAL,OPTIMAL,OPTIMAL
RPS21,OPTIMAL,INFEASIBLE,OPTIMAL,OPTIMAL
SLCO4A1,OPTIMAL,OPTIMAL,OPTIMAL,OPTIMAL
MRGBP,OPTIMAL,OPTIMAL,OPTIMAL,OPTIMAL
OGFR,OPTIMAL,OPTIMAL,OPTIMAL,OPTIMAL
TCFL5,OPTIMAL,OPTIMAL,OPTIMAL,OPTIMAL
DIDO1,INFEASIBLE,OPTIMAL,INFEASIBLE,INFEASIBLE
GID8,OPTIMAL,OPTIMAL,OPTIMAL,OPTIMAL
YTHDF1,INFEASIBLE,OPTIMAL,OPTIMAL,OPTIMAL
ARFGAP1,OPTIMAL,OPTIMAL,OPTIMAL,OPTIMAL
KCNQ2,OPTIMAL,OPTIMAL,OPTIMAL,OPTIMAL
EEF1A2,OPTIMAL,OPTIMAL,OPTIMAL,OPTIMAL
PPDPF,OPTIMAL,INFEASIBLE,OPTIMAL,OPTIMAL
GMEB2,OPTIMAL,OPTIMAL,OPTIMAL,OPTIMAL
STMN3,OPTIMAL,OPTIMAL,OPTIMAL,OPTIMAL
RTEL1,OPTIMAL,OPTIMAL,OPTIMAL,OPTIMAL
ARFRP1,OPTIMAL,OPTIMAL,OPTIMAL,OPTIMAL
ZGPAT,OPTIMAL,OPTIMAL,OPTIMAL,OPTIMAL
SLC2A4RG,INFEASIBLE,OPTIMAL,OPTIMAL,OPTIMAL
ZBTB46,OPTIMAL,OPTIMAL,OPTIMAL,OPTIMAL
TPD52L2,OPTIMAL,OPTIMAL,OPTIMAL,OPTIMAL
DNAJC5,OPTIMAL,OPTIMAL,OPTIMAL,OPTIMAL
ZNF512B,OPTIMAL,OPTIMAL,OPTIMAL,OPTIMAL
PRPF6,OPTIMAL,OPTIMAL,INFEASIBLE,OPTIMAL
TCEA2,OPTIMAL,OPTIMAL,OPTIMAL,OPTIMAL
RGS19,OPTIMAL,OPTIMAL,OPTIMAL,OPTIMAL
PCMTD2,INFEASIBLE,OPTIMAL,OPTIMAL,INFEASIBLE
HSPA13,INFEASIBLE,OPTIMAL,OPTIMAL,INFEASIBLE
NRIP1,INFEASIBLE,OPTIMAL,INFEASIBLE,INFEASIBLE
USP25,INFEASIBLE,OPTIMAL,INFEASIBLE,INFEASIBLE
CXADR,INFEASIBLE,OPTIMAL,INFEASIBLE,INFEASIBLE
BTG3,OPTIMAL,OPTIMAL,OPTIMAL,OPTIMAL
C21orf91,INFEASIBLE,OPTIMAL,INFEASIBLE,INFEASIBLE
NCAM2,OPTIMAL,INFEASIBLE,OPTIMAL,OPTIMAL
MRPL39,OPTIMAL,OPTIMAL,OPTIMAL,OPTIMAL
ATP5PF,OPTIMAL,OPTIMAL,OPTIMAL,OPTIMAL
GABPA,INFEASIBLE,OPTIMAL,INFEASIBLE,INFEASIBLE
APP,INFEASIBLE,OPTIMAL,INFEASIBLE,INFEASIBLE
ADAMTS1,OPTIMAL,OPTIMAL,OPTIMAL,OPTIMAL
N6AMT1,OPTIMAL,OPTIMAL,OPTIMAL,OPTIMAL
LTN1,INFEASIBLE,OPTIMAL,INFEASIBLE,INFEASIBLE
RWDD2B,INFEASIBLE,OPTIMAL,OPTIMAL,OPTIMAL
USP16,INFEASIBLE,OPTIMAL,INFEASIBLE,OPTIMAL
CCT8,OPTIMAL,INFEASIBLE,OPTIMAL,OPTIMAL
BACH1,INFEASIBLE,OPTIMAL,INFEASIBLE,INFEASIBLE
TIAM1,INFEASIBLE,INFEASIBLE,INFEASIBLE,OPTIMAL
SOD1,OPTIMAL,OPTIMAL,OPTIMAL,OPTIMAL
SCAF4,INFEASIBLE,OPTIMAL,INFEASIBLE,INFEASIBLE
HUNK,OPTIMAL,OPTIMAL,OPTIMAL,OPTIMAL
MIS18A,OPTIMAL,OPTIMAL,OPTIMAL,OPTIMAL
URB1,INFEASIBLE,OPTIMAL,INFEASIBLE,INFEASIBLE
TCP10L,INFEASIBLE,OPTIMAL,INFEASIBLE,OPTIMAL
CFAP298,INFEASIBLE,OPTIMAL,INFEASIBLE,OPTIMAL
SYNJ1,INFEASIBLE,OPTIMAL,INFEASIBLE,OPTIMAL
PAXBP1,INFEASIBLE,OPTIMAL,INFEASIBLE,INFEASIBLE
IFNAR2,OPTIMAL,OPTIMAL,OPTIMAL,OPTIMAL
IL10RB,OPTIMAL,OPTIMAL,OPTIMAL,OPTIMAL
IFNAR1,INFEASIBLE,OPTIMAL,INFEASIBLE,INFEASIBLE
IFNGR2,OPTIMAL,OPTIMAL,OPTIMAL,OPTIMAL
TMEM50B,OPTIMAL,OPTIMAL,OPTIMAL,OPTIMAL
GART,INFEASIBLE,OPTIMAL,INFEASIBLE,INFEASIBLE
SON,INFEASIBLE,OPTIMAL,INFEASIBLE,INFEASIBLE
DONSON,OPTIMAL,OPTIMAL,OPTIMAL,OPTIMAL
CRYZL1,INFEASIBLE,OPTIMAL,OPTIMAL,OPTIMAL
ITSN1,INFEASIBLE,OPTIMAL,INFEASIBLE,INFEASIBLE
ATP5PO,OPTIMAL,INFEASIBLE,OPTIMAL,OPTIMAL
MRPS6,OPTIMAL,OPTIMAL,OPTIMAL,OPTIMAL
SLC5A3,INFEASIBLE,OPTIMAL,INFEASIBLE,OPTIMAL
SMIM11,OPTIMAL,OPTIMAL,OPTIMAL,OPTIMAL
RCAN1,INFEASIBLE,OPTIMAL,OPTIMAL,OPTIMAL
RUNX1,OPTIMAL,OPTIMAL,OPTIMAL,OPTIMAL
SETD4,INFEASIBLE,OPTIMAL,INFEASIBLE,OPTIMAL
CBR1,OPTIMAL,INFEASIBLE,OPTIMAL,OPTIMAL
CBR3,OPTIMAL,OPTIMAL,OPTIMAL,OPTIMAL
DOP1B,OPTIMAL,OPTIMAL,OPTIMAL,OPTIMAL
MORC3,INFEASIBLE,OPTIMAL,OPTIMAL,INFEASIBLE
CHAF1B,OPTIMAL,OPTIMAL,INFEASIBLE,OPTIMAL
SIM2,INFEASIBLE,OPTIMAL,OPTIMAL,OPTIMAL
HLCS,INFEASIBLE,OPTIMAL,INFEASIBLE,OPTIMAL
PIGP,OPTIMAL,OPTIMAL,OPTIMAL,OPTIMAL
TTC3,INFEASIBLE,OPTIMAL,INFEASIBLE,INFEASIBLE
VPS26C,OPTIMAL,OPTIMAL,OPTIMAL,OPTIMAL
DYRK1A,INFEASIBLE,OPTIMAL,INFEASIBLE,INFEASIBLE
ETS2,INFEASIBLE,OPTIMAL,OPTIMAL,INFEASIBLE
PSMG1,OPTIMAL,OPTIMAL,OPTIMAL,OPTIMAL
BRWD1,INFEASIBLE,OPTIMAL,OPTIMAL,INFEASIBLE
HMGN1,OPTIMAL,OPTIMAL,OPTIMAL,OPTIMAL
GET1,OPTIMAL,OPTIMAL,OPTIMAL,OPTIMAL
DSCAM,INFEASIBLE,INFEASIBLE,OPTIMAL,INFEASIBLE
BACE2,OPTIMAL,OPTIMAL,OPTIMAL,OPTIMAL
PRDM15,INFEASIBLE,OPTIMAL,INFEASIBLE,OPTIMAL
ZBTB21,OPTIMAL,OPTIMAL,OPTIMAL,OPTIMAL
PDE9A,OPTIMAL,OPTIMAL,OPTIMAL,OPTIMAL
WDR4,INFEASIBLE,OPTIMAL,INFEASIBLE,OPTIMAL
NDUFV3,OPTIMAL,OPTIMAL,OPTIMAL,OPTIMAL
PKNOX1,INFEASIBLE,OPTIMAL,OPTIMAL,OPTIMAL
CBS,OPTIMAL,OPTIMAL,OPTIMAL,OPTIMAL
U2AF1,OPTIMAL,OPTIMAL,OPTIMAL,OPTIMAL
RRP1B,INFEASIBLE,OPTIMAL,INFEASIBLE,INFEASIBLE
PDXK,OPTIMAL,OPTIMAL,OPTIMAL,OPTIMAL
CSTB,OPTIMAL,OPTIMAL,OPTIMAL,OPTIMAL
RRP1,OPTIMAL,OPTIMAL,OPTIMAL,OPTIMAL
AGPAT3,INFEASIBLE,OPTIMAL,INFEASIBLE,OPTIMAL
TRAPPC10,INFEASIBLE,OPTIMAL,INFEASIBLE,INFEASIBLE
PWP2,OPTIMAL,OPTIMAL,OPTIMAL,OPTIMAL
GATD3,OPTIMAL,INFEASIBLE,OPTIMAL,OPTIMAL
PFKL,OPTIMAL,OPTIMAL,OPTIMAL,OPTIMAL
CFAP410,OPTIMAL,OPTIMAL,OPTIMAL,OPTIMAL
UBE2G2,INFEASIBLE,OPTIMAL,INFEASIBLE,OPTIMAL
SUMO3,OPTIMAL,OPTIMAL,OPTIMAL,OPTIMAL
PTTG1IP,INFEASIBLE,OPTIMAL,INFEASIBLE,INFEASIBLE
SLX9,OPTIMAL,INFEASIBLE,OPTIMAL,OPTIMAL
ADARB1,INFEASIBLE,OPTIMAL,INFEASIBLE,OPTIMAL
POFUT2,INFEASIBLE,OPTIMAL,OPTIMAL,OPTIMAL
COL18A1,OPTIMAL,OPTIMAL,OPTIMAL,OPTIMAL
SLC19A1,OPTIMAL,OPTIMAL,OPTIMAL,OPTIMAL
PCBP3,OPTIMAL,OPTIMAL,OPTIMAL,OPTIMAL
COL6A1,INFEASIBLE,OPTIMAL,INFEASIBLE,INFEASIBLE
SPATC1L,OPTIMAL,OPTIMAL,OPTIMAL,OPTIMAL
LSS,OPTIMAL,OPTIMAL,OPTIMAL,OPTIMAL
MCM3AP,INFEASIBLE,OPTIMAL,INFEASIBLE,INFEASIBLE
YBEY,OPTIMAL,INFEASIBLE,OPTIMAL,OPTIMAL
C21orf58,OPTIMAL,OPTIMAL,OPTIMAL,OPTIMAL
PCNT,INFEASIBLE,OPTIMAL,INFEASIBLE,INFEASIBLE
DIP2A,INFEASIBLE,OPTIMAL,INFEASIBLE,INFEASIBLE
PRMT2,OPTIMAL,OPTIMAL,OPTIMAL,OPTIMAL
POTEH,INFEASIBLE,INFEASIBLE,INFEASIBLE,INFEASIBLE
IL17RA,OPTIMAL,OPTIMAL,OPTIMAL,OPTIMAL
HDHD5,OPTIMAL,OPTIMAL,OPTIMAL,OPTIMAL
CECR2,INFEASIBLE,OPTIMAL,INFEASIBLE,INFEASIBLE
ATP6V1E1,INFEASIBLE,OPTIMAL,INFEASIBLE,OPTIMAL
BCL2L13,INFEASIBLE,OPTIMAL,INFEASIBLE,OPTIMAL
BID,OPTIMAL,OPTIMAL,OPTIMAL,OPTIMAL
MICAL3,INFEASIBLE,OPTIMAL,INFEASIBLE,OPTIMAL
PEX26,INFEASIBLE,OPTIMAL,INFEASIBLE,OPTIMAL
USP18,OPTIMAL,OPTIMAL,OPTIMAL,OPTIMAL
DGCR2,INFEASIBLE,OPTIMAL,INFEASIBLE,OPTIMAL
ESS2,OPTIMAL,OPTIMAL,OPTIMAL,OPTIMAL
SLC25A1,OPTIMAL,OPTIMAL,OPTIMAL,OPTIMAL
CLTCL1,INFEASIBLE,OPTIMAL,OPTIMAL,OPTIMAL
HIRA,INFEASIBLE,OPTIMAL,INFEASIBLE,OPTIMAL
C22orf39,OPTIMAL,OPTIMAL,OPTIMAL,OPTIMAL
MRPL40,OPTIMAL,OPTIMAL,OPTIMAL,OPTIMAL
UFD1,OPTIMAL,OPTIMAL,OPTIMAL,OPTIMAL
CDC45,OPTIMAL,OPTIMAL,INFEASIBLE,OPTIMAL
GP1BB,OPTIMAL,OPTIMAL,OPTIMAL,OPTIMAL
TBX1,OPTIMAL,OPTIMAL,OPTIMAL,OPTIMAL
GNB1L,OPTIMAL,OPTIMAL,OPTIMAL,OPTIMAL
RTL10,OPTIMAL,OPTIMAL,OPTIMAL,OPTIMAL
TXNRD2,OPTIMAL,OPTIMAL,OPTIMAL,OPTIMAL
COMT,OPTIMAL,OPTIMAL,INFEASIBLE,OPTIMAL
TANGO2,OPTIMAL,OPTIMAL,OPTIMAL,OPTIMAL
DGCR8,OPTIMAL,OPTIMAL,INFEASIBLE,OPTIMAL
TRMT2A,OPTIMAL,OPTIMAL,OPTIMAL,OPTIMAL
RANBP1,OPTIMAL,INFEASIBLE,OPTIMAL,OPTIMAL
ZDHHC8,OPTIMAL,OPTIMAL,OPTIMAL,OPTIMAL
DGCR6L,OPTIMAL,OPTIMAL,OPTIMAL,OPTIMAL
ZNF74,OPTIMAL,OPTIMAL,OPTIMAL,OPTIMAL
SCARF2,OPTIMAL,OPTIMAL,OPTIMAL,OPTIMAL
KLHL22,INFEASIBLE,OPTIMAL,INFEASIBLE,OPTIMAL
MED15,INFEASIBLE,OPTIMAL,INFEASIBLE,INFEASIBLE
PI4KA,INFEASIBLE,OPTIMAL,INFEASIBLE,OPTIMAL
SNAP29,OPTIMAL,OPTIMAL,INFEASIBLE,OPTIMAL
CRKL,INFEASIBLE,OPTIMAL,INFEASIBLE,INFEASIBLE
LZTR1,OPTIMAL,OPTIMAL,OPTIMAL,OPTIMAL
THAP7,OPTIMAL,OPTIMAL,OPTIMAL,OPTIMAL
HIC2,INFEASIBLE,OPTIMAL,INFEASIBLE,INFEASIBLE
UBE2L3,OPTIMAL,OPTIMAL,OPTIMAL,OPTIMAL
YDJC,OPTIMAL,INFEASIBLE,OPTIMAL,OPTIMAL
SDF2L1,OPTIMAL,OPTIMAL,OPTIMAL,OPTIMAL
PPIL2,OPTIMAL,OPTIMAL,OPTIMAL,OPTIMAL
YPEL1,OPTIMAL,OPTIMAL,OPTIMAL,OPTIMAL
MAPK1,INFEASIBLE,OPTIMAL,INFEASIBLE,INFEASIBLE
PPM1F,INFEASIBLE,OPTIMAL,INFEASIBLE,OPTIMAL
TOP3B,OPTIMAL,OPTIMAL,INFEASIBLE,OPTIMAL
ZNF280B,INFEASIBLE,OPTIMAL,OPTIMAL,OPTIMAL
PRAME,OPTIMAL,OPTIMAL,OPTIMAL,OPTIMAL
GNAZ,OPTIMAL,INFEASIBLE,OPTIMAL,OPTIMAL
BCR,INFEASIBLE,OPTIMAL,INFEASIBLE,OPTIMAL
ZNF70,INFEASIBLE,OPTIMAL,INFEASIBLE,INFEASIBLE
CHCHD10,OPTIMAL,OPTIMAL,OPTIMAL,OPTIMAL
SMARCB1,INFEASIBLE,OPTIMAL,INFEASIBLE,OPTIMAL
DERL3,OPTIMAL,OPTIMAL,OPTIMAL,OPTIMAL
SLC2A11,OPTIMAL,OPTIMAL,OPTIMAL,OPTIMAL
MIF,INFEASIBLE,INFEASIBLE,OPTIMAL,OPTIMAL
DDT,OPTIMAL,OPTIMAL,OPTIMAL,OPTIMAL
CABIN1,INFEASIBLE,OPTIMAL,INFEASIBLE,INFEASIBLE
SPECC1L,INFEASIBLE,OPTIMAL,INFEASIBLE,INFEASIBLE
GUCD1,OPTIMAL,OPTIMAL,OPTIMAL,OPTIMAL
SNRPD3,OPTIMAL,OPTIMAL,OPTIMAL,OPTIMAL
SGSM1,OPTIMAL,OPTIMAL,OPTIMAL,OPTIMAL
KIAA1671,INFEASIBLE,OPTIMAL,INFEASIBLE,OPTIMAL
GRK3,INFEASIBLE,OPTIMAL,INFEASIBLE,INFEASIBLE
ASPHD2,OPTIMAL,OPTIMAL,OPTIMAL,OPTIMAL
HPS4,INFEASIBLE,OPTIMAL,INFEASIBLE,OPTIMAL
SRRD,OPTIMAL,OPTIMAL,OPTIMAL,OPTIMAL
TFIP11,INFEASIBLE,OPTIMAL,OPTIMAL,OPTIMAL
TPST2,OPTIMAL,OPTIMAL,OPTIMAL,OPTIMAL
PITPNB,INFEASIBLE,OPTIMAL,INFEASIBLE,INFEASIBLE
TTC28,INFEASIBLE,OPTIMAL,INFEASIBLE,INFEASIBLE
CHEK2,INFEASIBLE,OPTIMAL,INFEASIBLE,OPTIMAL
HSCB,OPTIMAL,OPTIMAL,OPTIMAL,OPTIMAL
CCDC117,INFEASIBLE,OPTIMAL,INFEASIBLE,INFEASIBLE
XBP1,INFEASIBLE,OPTIMAL,INFEASIBLE,INFEASIBLE
ZNRF3,INFEASIBLE,OPTIMAL,OPTIMAL,OPTIMAL
KREMEN1,INFEASIBLE,OPTIMAL,OPTIMAL,INFEASIBLE
EMID1,OPTIMAL,OPTIMAL,OPTIMAL,OPTIMAL
RHBDD3,INFEASIBLE,OPTIMAL,OPTIMAL,OPTIMAL
EWSR1,INFEASIBLE,OPTIMAL,INFEASIBLE,INFEASIBLE
AP1B1,INFEASIBLE,OPTIMAL,INFEASIBLE,OPTIMAL
THOC5,INFEASIBLE,OPTIMAL,INFEASIBLE,INFEASIBLE
NIPSNAP1,OPTIMAL,OPTIMAL,OPTIMAL,OPTIMAL
NF2,INFEASIBLE,OPTIMAL,INFEASIBLE,INFEASIBLE
ZMAT5,OPTIMAL,OPTIMAL,OPTIMAL,OPTIMAL
UQCR10,INFEASIBLE,INFEASIBLE,OPTIMAL,OPTIMAL
ASCC2,OPTIMAL,OPTIMAL,INFEASIBLE,OPTIMAL
MTMR3,INFEASIBLE,OPTIMAL,INFEASIBLE,INFEASIBLE
TBC1D10A,OPTIMAL,OPTIMAL,OPTIMAL,OPTIMAL
SF3A1,INFEASIBLE,OPTIMAL,OPTIMAL,OPTIMAL
RNF215,OPTIMAL,OPTIMAL,OPTIMAL,OPTIMAL
SEC14L2,OPTIMAL,OPTIMAL,OPTIMAL,OPTIMAL
MTFP1,OPTIMAL,OPTIMAL,OPTIMAL,OPTIMAL
PES1,INFEASIBLE,OPTIMAL,INFEASIBLE,OPTIMAL
SLC35E4,OPTIMAL,OPTIMAL,OPTIMAL,OPTIMAL
DUSP18,OPTIMAL,OPTIMAL,OPTIMAL,OPTIMAL
OSBP2,INFEASIBLE,OPTIMAL,INFEASIBLE,OPTIMAL
MORC2,INFEASIBLE,OPTIMAL,INFEASIBLE,INFEASIBLE
TUG1,INFEASIBLE,OPTIMAL,INFEASIBLE,INFEASIBLE
SMTN,OPTIMAL,OPTIMAL,OPTIMAL,OPTIMAL
SELENOM,OPTIMAL,OPTIMAL,OPTIMAL,OPTIMAL
RNF185,INFEASIBLE,OPTIMAL,INFEASIBLE,OPTIMAL
LIMK2,INFEASIBLE,OPTIMAL,OPTIMAL,OPTIMAL
PATZ1,INFEASIBLE,OPTIMAL,OPTIMAL,OPTIMAL
DRG1,OPTIMAL,OPTIMAL,OPTIMAL,OPTIMAL
EIF4ENIF1,INFEASIBLE,OPTIMAL,INFEASIBLE,INFEASIBLE
SFI1,OPTIMAL,OPTIMAL,INFEASIBLE,OPTIMAL
PISD,INFEASIBLE,OPTIMAL,OPTIMAL,OPTIMAL
PRR14L,INFEASIBLE,OPTIMAL,INFEASIBLE,INFEASIBLE
DEPDC5,OPTIMAL,OPTIMAL,OPTIMAL,OPTIMAL
YWHAH,INFEASIBLE,INFEASIBLE,INFEASIBLE,OPTIMAL
RTCB,INFEASIBLE,OPTIMAL,OPTIMAL,OPTIMAL
FBXO7,INFEASIBLE,OPTIMAL,OPTIMAL,OPTIMAL
SYN3,OPTIMAL,OPTIMAL,OPTIMAL,OPTIMAL
TIMP3,OPTIMAL,OPTIMAL,OPTIMAL,OPTIMAL
LARGE1,INFEASIBLE,OPTIMAL,INFEASIBLE,OPTIMAL
HMGXB4,INFEASIBLE,OPTIMAL,OPTIMAL,OPTIMAL
TOM1,INFEASIBLE,OPTIMAL,INFEASIBLE,OPTIMAL
HMOX1,OPTIMAL,OPTIMAL,OPTIMAL,OPTIMAL
MCM5,OPTIMAL,OPTIMAL,OPTIMAL,OPTIMAL
RBFOX2,INFEASIBLE,OPTIMAL,INFEASIBLE,INFEASIBLE
APOL2,OPTIMAL,OPTIMAL,OPTIMAL,OPTIMAL
MYH9,INFEASIBLE,OPTIMAL,INFEASIBLE,INFEASIBLE
TXN2,OPTIMAL,OPTIMAL,OPTIMAL,OPTIMAL
FOXRED2,OPTIMAL,OPTIMAL,OPTIMAL,OPTIMAL
EIF3D,INFEASIBLE,OPTIMAL,INFEASIBLE,OPTIMAL
IFT27,OPTIMAL,OPTIMAL,OPTIMAL,OPTIMAL
TST,OPTIMAL,OPTIMAL,OPTIMAL,OPTIMAL
MPST,OPTIMAL,OPTIMAL,OPTIMAL,OPTIMAL
KCTD17,OPTIMAL,OPTIMAL,OPTIMAL,OPTIMAL
CDC42EP1,INFEASIBLE,OPTIMAL,INFEASIBLE,OPTIMAL
GGA1,OPTIMAL,OPTIMAL,OPTIMAL,OPTIMAL
SH3BP1,OPTIMAL,OPTIMAL,OPTIMAL,OPTIMAL
PDXP,OPTIMAL,OPTIMAL,OPTIMAL,OPTIMAL
NOL12,OPTIMAL,OPTIMAL,OPTIMAL,OPTIMAL
TRIOBP,INFEASIBLE,OPTIMAL,OPTIMAL,OPTIMAL
GCAT,OPTIMAL,OPTIMAL,OPTIMAL,OPTIMAL
ANKRD54,OPTIMAL,OPTIMAL,OPTIMAL,OPTIMAL
EIF3L,OPTIMAL,OPTIMAL,OPTIMAL,OPTIMAL
MICALL1,INFEASIBLE,OPTIMAL,INFEASIBLE,OPTIMAL
POLR2F,OPTIMAL,INFEASIBLE,OPTIMAL,OPTIMAL
PICK1,OPTIMAL,OPTIMAL,OPTIMAL,OPTIMAL
PLA2G6,OPTIMAL,OPTIMAL,OPTIMAL,OPTIMAL
TMEM184B,INFEASIBLE,OPTIMAL,INFEASIBLE,OPTIMAL
CSNK1E,OPTIMAL,OPTIMAL,OPTIMAL,OPTIMAL
KDELR3,OPTIMAL,OPTIMAL,OPTIMAL,OPTIMAL
DDX17,INFEASIBLE,OPTIMAL,INFEASIBLE,INFEASIBLE
DMC1,OPTIMAL,OPTIMAL,INFEASIBLE,OPTIMAL
FAM227A,OPTIMAL,OPTIMAL,OPTIMAL,OPTIMAL
CBY1,OPTIMAL,OPTIMAL,INFEASIBLE,OPTIMAL
TOMM22,OPTIMAL,OPTIMAL,OPTIMAL,OPTIMAL
JOSD1,INFEASIBLE,OPTIMAL,INFEASIBLE,INFEASIBLE
GTPBP1,INFEASIBLE,OPTIMAL,INFEASIBLE,INFEASIBLE
SUN2,INFEASIBLE,OPTIMAL,OPTIMAL,OPTIMAL
CBX6,OPTIMAL,INFEASIBLE,OPTIMAL,OPTIMAL
APOBEC3C,INFEASIBLE,OPTIMAL,OPTIMAL,OPTIMAL
RPL3,OPTIMAL,OPTIMAL,OPTIMAL,OPTIMAL
SYNGR1,OPTIMAL,OPTIMAL,OPTIMAL,OPTIMAL
TAB1,OPTIMAL,OPTIMAL,OPTIMAL,OPTIMAL
MIEF1,INFEASIBLE,OPTIMAL,INFEASIBLE,INFEASIBLE
ATF4,INFEASIBLE,OPTIMAL,INFEASIBLE,OPTIMAL
RPS19BP1,OPTIMAL,OPTIMAL,OPTIMAL,OPTIMAL
TNRC6B,OPTIMAL,OPTIMAL,OPTIMAL,OPTIMAL
ADSL,OPTIMAL,OPTIMAL,OPTIMAL,OPTIMAL
SGSM3,OPTIMAL,OPTIMAL,OPTIMAL,OPTIMAL
MRTFA,INFEASIBLE,OPTIMAL,INFEASIBLE,OPTIMAL
SLC25A17,INFEASIBLE,OPTIMAL,INFEASIBLE,INFEASIBLE
ST13,INFEASIBLE,OPTIMAL,INFEASIBLE,INFEASIBLE
XPNPEP3,INFEASIBLE,OPTIMAL,OPTIMAL,OPTIMAL
RBX1,OPTIMAL,INFEASIBLE,OPTIMAL,OPTIMAL
EP300,INFEASIBLE,OPTIMAL,INFEASIBLE,INFEASIBLE
L3MBTL2,OPTIMAL,OPTIMAL,OPTIMAL,OPTIMAL
RANGAP1,INFEASIBLE,OPTIMAL,INFEASIBLE,INFEASIBLE
ZC3H7B,INFEASIBLE,OPTIMAL,INFEASIBLE,INFEASIBLE
TOB2,INFEASIBLE,OPTIMAL,INFEASIBLE,INFEASIBLE
ACO2,OPTIMAL,OPTIMAL,OPTIMAL,OPTIMAL
PHF5A,OPTIMAL,OPTIMAL,OPTIMAL,OPTIMAL
POLR3H,OPTIMAL,OPTIMAL,OPTIMAL,OPTIMAL
PMM1,OPTIMAL,OPTIMAL,OPTIMAL,OPTIMAL
DESI1,OPTIMAL,OPTIMAL,OPTIMAL,OPTIMAL
XRCC6,INFEASIBLE,OPTIMAL,INFEASIBLE,OPTIMAL
SNU13,OPTIMAL,OPTIMAL,OPTIMAL,OPTIMAL
CCDC134,INFEASIBLE,OPTIMAL,INFEASIBLE,OPTIMAL
SREBF2,INFEASIBLE,OPTIMAL,INFEASIBLE,INFEASIBLE
CENPM,OPTIMAL,OPTIMAL,OPTIMAL,OPTIMAL
WBP2NL,OPTIMAL,OPTIMAL,OPTIMAL,OPTIMAL
NAGA,OPTIMAL,OPTIMAL,OPTIMAL,OPTIMAL
SMDT1,OPTIMAL,OPTIMAL,OPTIMAL,OPTIMAL
NDUFA6,OPTIMAL,OPTIMAL,OPTIMAL,OPTIMAL
TCF20,INFEASIBLE,OPTIMAL,INFEASIBLE,INFEASIBLE
RRP7A,OPTIMAL,OPTIMAL,OPTIMAL,OPTIMAL
POLDIP3,INFEASIBLE,OPTIMAL,OPTIMAL,OPTIMAL
CYB5R3,OPTIMAL,OPTIMAL,OPTIMAL,OPTIMAL
ARFGAP3,INFEASIBLE,OPTIMAL,INFEASIBLE,INFEASIBLE
PACSIN2,INFEASIBLE,OPTIMAL,INFEASIBLE,INFEASIBLE
MCAT,OPTIMAL,OPTIMAL,OPTIMAL,OPTIMAL
TSPO,OPTIMAL,OPTIMAL,OPTIMAL,OPTIMAL
TTLL12,INFEASIBLE,OPTIMAL,INFEASIBLE,OPTIMAL
PNPLA3,INFEASIBLE,OPTIMAL,INFEASIBLE,OPTIMAL
SAMM50,OPTIMAL,OPTIMAL,OPTIMAL,OPTIMAL
PARVB,OPTIMAL,OPTIMAL,OPTIMAL,OPTIMAL
RTL6,OPTIMAL,OPTIMAL,OPTIMAL,OPTIMAL
PRR5,OPTIMAL,OPTIMAL,OPTIMAL,OPTIMAL
ARHGAP8,OPTIMAL,OPTIMAL,OPTIMAL,OPTIMAL
PHF21B,INFEASIBLE,OPTIMAL,INFEASIBLE,OPTIMAL
NUP50,OPTIMAL,OPTIMAL,OPTIMAL,OPTIMAL
KIAA0930,OPTIMAL,OPTIMAL,OPTIMAL,OPTIMAL
FAM118A,INFEASIBLE,OPTIMAL,INFEASIBLE,OPTIMAL
RIBC2,OPTIMAL,OPTIMAL,OPTIMAL,INFEASIBLE
FBLN1,OPTIMAL,OPTIMAL,OPTIMAL,OPTIMAL
ATXN10,INFEASIBLE,OPTIMAL,INFEASIBLE,INFEASIBLE
PPARA,OPTIMAL,OPTIMAL,OPTIMAL,OPTIMAL
CDPF1,OPTIMAL,OPTIMAL,OPTIMAL,OPTIMAL
TTC38,OPTIMAL,OPTIMAL,OPTIMAL,OPTIMAL
GTSE1,INFEASIBLE,OPTIMAL,OPTIMAL,OPTIMAL
TRMU,INFEASIBLE,OPTIMAL,INFEASIBLE,OPTIMAL
CELSR1,INFEASIBLE,OPTIMAL,INFEASIBLE,OPTIMAL
GRAMD4,INFEASIBLE,OPTIMAL,OPTIMAL,OPTIMAL
CERK,OPTIMAL,INFEASIBLE,OPTIMAL,OPTIMAL
TBC1D22A,INFEASIBLE,OPTIMAL,INFEASIBLE,INFEASIBLE
BRD1,INFEASIBLE,OPTIMAL,INFEASIBLE,INFEASIBLE
ZBED4,INFEASIBLE,OPTIMAL,INFEASIBLE,INFEASIBLE
ALG12,OPTIMAL,OPTIMAL,OPTIMAL,OPTIMAL
CRELD2,OPTIMAL,OPTIMAL,OPTIMAL,OPTIMAL
PIM3,OPTIMAL,OPTIMAL,OPTIMAL,OPTIMAL
TRABD,OPTIMAL,OPTIMAL,OPTIMAL,OPTIMAL
SELENOO,INFEASIBLE,OPTIMAL,INFEASIBLE,INFEASIBLE
TUBGCP6,OPTIMAL,OPTIMAL,OPTIMAL,OPTIMAL
MAPK12,OPTIMAL,OPTIMAL,OPTIMAL,OPTIMAL
PLXNB2,OPTIMAL,OPTIMAL,OPTIMAL,OPTIMAL
PPP6R2,INFEASIBLE,OPTIMAL,INFEASIBLE,INFEASIBLE
SBF1,OPTIMAL,OPTIMAL,OPTIMAL,OPTIMAL
LMF2,OPTIMAL,OPTIMAL,OPTIMAL,OPTIMAL
NCAPH2,OPTIMAL,OPTIMAL,OPTIMAL,OPTIMAL
SCO2,OPTIMAL,INFEASIBLE,OPTIMAL,OPTIMAL
TYMP,OPTIMAL,OPTIMAL,OPTIMAL,INFEASIBLE
CHKB,OPTIMAL,OPTIMAL,OPTIMAL,OPTIMAL
MAPK8IP2,OPTIMAL,OPTIMAL,OPTIMAL,OPTIMAL
SHANK3,OPTIMAL,OPTIMAL,OPTIMAL,OPTIMAL
RABL2B,OPTIMAL,OPTIMAL,OPTIMAL,OPTIMAL
PLCXD1,OPTIMAL,OPTIMAL,OPTIMAL,OPTIMAL
GTPBP6,OPTIMAL,OPTIMAL,OPTIMAL,OPTIMAL
PPP2R3B,OPTIMAL,OPTIMAL,OPTIMAL,OPTIMAL
SLC25A6,OPTIMAL,OPTIMAL,OPTIMAL,OPTIMAL
ASMTL,OPTIMAL,OPTIMAL,OPTIMAL,OPTIMAL
AKAP17A,INFEASIBLE,OPTIMAL,INFEASIBLE,INFEASIBLE
DHRSX,OPTIMAL,OPTIMAL,OPTIMAL,OPTIMAL
CD99,OPTIMAL,INFEASIBLE,OPTIMAL,OPTIMAL
GYG2,OPTIMAL,OPTIMAL,INFEASIBLE,OPTIMAL
PRKX,INFEASIBLE,OPTIMAL,INFEASIBLE,OPTIMAL
PUDP,OPTIMAL,OPTIMAL,OPTIMAL,OPTIMAL
STS,INFEASIBLE,INFEASIBLE,OPTIMAL,INFEASIBLE
PNPLA4,OPTIMAL,OPTIMAL,OPTIMAL,OPTIMAL
TBL1X,INFEASIBLE,OPTIMAL,INFEASIBLE,INFEASIBLE
SHROOM2,INFEASIBLE,INFEASIBLE,INFEASIBLE,OPTIMAL
MID1,INFEASIBLE,OPTIMAL,INFEASIBLE,OPTIMAL
HCCS,INFEASIBLE,OPTIMAL,INFEASIBLE,OPTIMAL
MSL3,OPTIMAL,OPTIMAL,OPTIMAL,OPTIMAL
FRMPD4,OPTIMAL,INFEASIBLE,OPTIMAL,OPTIMAL
PRPS2,OPTIMAL,OPTIMAL,OPTIMAL,OPTIMAL
TMSB4X,OPTIMAL,OPTIMAL,OPTIMAL,OPTIMAL
RAB9A,OPTIMAL,OPTIMAL,OPTIMAL,OPTIMAL
TRAPPC2,OPTIMAL,OPTIMAL,OPTIMAL,OPTIMAL
OFD1,INFEASIBLE,OPTIMAL,INFEASIBLE,INFEASIBLE
GPM6B,OPTIMAL,OPTIMAL,OPTIMAL,OPTIMAL
GEMIN8,OPTIMAL,OPTIMAL,OPTIMAL,OPTIMAL
FANCB,INFEASIBLE,OPTIMAL,INFEASIBLE,INFEASIBLE
MOSPD2,INFEASIBLE,OPTIMAL,INFEASIBLE,OPTIMAL
PIGA,INFEASIBLE,OPTIMAL,INFEASIBLE,INFEASIBLE
PIR,OPTIMAL,OPTIMAL,INFEASIBLE,OPTIMAL
CA5B,INFEASIBLE,OPTIMAL,INFEASIBLE,OPTIMAL
ZRSR2,OPTIMAL,OPTIMAL,OPTIMAL,OPTIMAL
AP1S2,OPTIMAL,OPTIMAL,OPTIMAL,OPTIMAL
CTPS2,OPTIMAL,OPTIMAL,INFEASIBLE,OPTIMAL
SYAP1,INFEASIBLE,OPTIMAL,INFEASIBLE,INFEASIBLE
TXLNG,INFEASIBLE,OPTIMAL,INFEASIBLE,INFEASIBLE
RBBP7,INFEASIBLE,OPTIMAL,INFEASIBLE,INFEASIBLE
NHS,OPTIMAL,OPTIMAL,INFEASIBLE,OPTIMAL
SCML1,OPTIMAL,OPTIMAL,INFEASIBLE,OPTIMAL
SCML2,INFEASIBLE,OPTIMAL,INFEASIBLE,OPTIMAL
CDKL5,OPTIMAL,OPTIMAL,OPTIMAL,OPTIMAL
PHKA2,INFEASIBLE,OPTIMAL,INFEASIBLE,OPTIMAL
PDHA1,INFEASIBLE,OPTIMAL,INFEASIBLE,OPTIMAL
MAP3K15,OPTIMAL,OPTIMAL,OPTIMAL,OPTIMAL
SH3KBP1,OPTIMAL,OPTIMAL,OPTIMAL,OPTIMAL
BCLAF3,INFEASIBLE,OPTIMAL,INFEASIBLE,OPTIMAL
MAP7D2,OPTIMAL,INFEASIBLE,OPTIMAL,OPTIMAL
EIF1AX,OPTIMAL,INFEASIBLE,INFEASIBLE,OPTIMAL
RPS6KA3,INFEASIBLE,OPTIMAL,INFEASIBLE,INFEASIBLE
CNKSR2,INFEASIBLE,INFEASIBLE,INFEASIBLE,INFEASIBLE
MBTPS2,INFEASIBLE,OPTIMAL,INFEASIBLE,INFEASIBLE
SMS,INFEASIBLE,INFEASIBLE,INFEASIBLE,INFEASIBLE
PRDX4,OPTIMAL,OPTIMAL,OPTIMAL,OPTIMAL
ACOT9,OPTIMAL,INFEASIBLE,OPTIMAL,OPTIMAL
SAT1,OPTIMAL,OPTIMAL,OPTIMAL,OPTIMAL
APOO,OPTIMAL,OPTIMAL,OPTIMAL,OPTIMAL
KLHL15,INFEASIBLE,OPTIMAL,INFEASIBLE,INFEASIBLE
EIF2S3,OPTIMAL,OPTIMAL,OPTIMAL,OPTIMAL
ZFX,OPTIMAL,OPTIMAL,OPTIMAL,OPTIMAL
PDK3,INFEASIBLE,OPTIMAL,INFEASIBLE,OPTIMAL
POLA1,INFEASIBLE,OPTIMAL,INFEASIBLE,INFEASIBLE
IL1RAPL1,OPTIMAL,OPTIMAL,OPTIMAL,OPTIMAL
GK,OPTIMAL,OPTIMAL,OPTIMAL,OPTIMAL
TAB3,INFEASIBLE,OPTIMAL,OPTIMAL,OPTIMAL
DMD,INFEASIBLE,INFEASIBLE,OPTIMAL,OPTIMAL
TMEM47,INFEASIBLE,OPTIMAL,INFEASIBLE,INFEASIBLE
PRRG1,INFEASIBLE,OPTIMAL,INFEASIBLE,INFEASIBLE
DYNLT3,OPTIMAL,OPTIMAL,OPTIMAL,OPTIMAL
RPGR,INFEASIBLE,OPTIMAL,INFEASIBLE,INFEASIBLE
TSPAN7,OPTIMAL,OPTIMAL,INFEASIBLE,OPTIMAL
MID1IP1,OPTIMAL,OPTIMAL,OPTIMAL,OPTIMAL
BCOR,OPTIMAL,INFEASIBLE,OPTIMAL,OPTIMAL
ATP6AP2,INFEASIBLE,OPTIMAL,INFEASIBLE,OPTIMAL
CXorf38,OPTIMAL,INFEASIBLE,INFEASIBLE,OPTIMAL
MED14,INFEASIBLE,OPTIMAL,INFEASIBLE,INFEASIBLE
USP9X,INFEASIBLE,OPTIMAL,INFEASIBLE,INFEASIBLE
DDX3X,INFEASIBLE,OPTIMAL,INFEASIBLE,INFEASIBLE
CASK,INFEASIBLE,OPTIMAL,INFEASIBLE,INFEASIBLE
FUNDC1,OPTIMAL,OPTIMAL,OPTIMAL,OPTIMAL
KDM6A,INFEASIBLE,OPTIMAL,INFEASIBLE,INFEASIBLE
KRBOX4,OPTIMAL,OPTIMAL,OPTIMAL,OPTIMAL
SLC9A7,INFEASIBLE,OPTIMAL,INFEASIBLE,OPTIMAL
RP2,INFEASIBLE,OPTIMAL,INFEASIBLE,INFEASIBLE
JADE3,INFEASIBLE,OPTIMAL,INFEASIBLE,INFEASIBLE
NDUFB11,OPTIMAL,OPTIMAL,OPTIMAL,OPTIMAL
RBM10,INFEASIBLE,OPTIMAL,INFEASIBLE,OPTIMAL
UBA1,INFEASIBLE,OPTIMAL,OPTIMAL,OPTIMAL
CDK16,OPTIMAL,OPTIMAL,OPTIMAL,OPTIMAL
USP11,OPTIMAL,OPTIMAL,INFEASIBLE,OPTIMAL
ZNF41,INFEASIBLE,OPTIMAL,OPTIMAL,OPTIMAL
ARAF,OPTIMAL,OPTIMAL,OPTIMAL,OPTIMAL
TIMP1,OPTIMAL,OPTIMAL,OPTIMAL,OPTIMAL
ELK1,INFEASIBLE,OPTIMAL,OPTIMAL,INFEASIBLE
UXT,OPTIMAL,OPTIMAL,OPTIMAL,OPTIMAL
ZNF81,INFEASIBLE,OPTIMAL,INFEASIBLE,INFEASIBLE
FTSJ1,OPTIMAL,OPTIMAL,OPTIMAL,OPTIMAL
EBP,INFEASIBLE,OPTIMAL,OPTIMAL,OPTIMAL
TBC1D25,OPTIMAL,OPTIMAL,OPTIMAL,OPTIMAL
RBM3,INFEASIBLE,OPTIMAL,INFEASIBLE,OPTIMAL
WDR13,OPTIMAL,OPTIMAL,OPTIMAL,OPTIMAL
SUV39H1,OPTIMAL,OPTIMAL,OPTIMAL,OPTIMAL
HDAC6,OPTIMAL,OPTIMAL,OPTIMAL,OPTIMAL
PCSK1N,OPTIMAL,OPTIMAL,OPTIMAL,OPTIMAL
PQBP1,OPTIMAL,INFEASIBLE,OPTIMAL,OPTIMAL
TIMM17B,OPTIMAL,OPTIMAL,OPTIMAL,OPTIMAL
SLC35A2,OPTIMAL,OPTIMAL,OPTIMAL,OPTIMAL
PIM2,INFEASIBLE,OPTIMAL,OPTIMAL,OPTIMAL
OTUD5,INFEASIBLE,OPTIMAL,INFEASIBLE,OPTIMAL
GRIPAP1,INFEASIBLE,OPTIMAL,INFEASIBLE,INFEASIBLE
TFE3,OPTIMAL,OPTIMAL,OPTIMAL,OPTIMAL
PRAF2,OPTIMAL,OPTIMAL,OPTIMAL,OPTIMAL
WDR45,OPTIMAL,OPTIMAL,OPTIMAL,OPTIMAL
GPKOW,OPTIMAL,OPTIMAL,OPTIMAL,OPTIMAL
PLP2,OPTIMAL,OPTIMAL,OPTIMAL,OPTIMAL
PRICKLE3,OPTIMAL,OPTIMAL,OPTIMAL,OPTIMAL
SYP,OPTIMAL,OPTIMAL,OPTIMAL,OPTIMAL
CCDC22,OPTIMAL,OPTIMAL,OPTIMAL,OPTIMAL
CLCN5,INFEASIBLE,OPTIMAL,INFEASIBLE,INFEASIBLE
NUDT11,OPTIMAL,OPTIMAL,OPTIMAL,OPTIMAL
GSPT2,INFEASIBLE,OPTIMAL,INFEASIBLE,OPTIMAL
MAGED1,INFEASIBLE,OPTIMAL,INFEASIBLE,OPTIMAL
FAM156A,OPTIMAL,OPTIMAL,OPTIMAL,OPTIMAL
TSPYL2,INFEASIBLE,OPTIMAL,INFEASIBLE,INFEASIBLE
KANTR,INFEASIBLE,OPTIMAL,INFEASIBLE,OPTIMAL
KDM5C,INFEASIBLE,OPTIMAL,INFEASIBLE,OPTIMAL
IQSEC2,OPTIMAL,OPTIMAL,OPTIMAL,OPTIMAL
SMC1A,INFEASIBLE,OPTIMAL,INFEASIBLE,INFEASIBLE
HSD17B10,OPTIMAL,OPTIMAL,OPTIMAL,OPTIMAL
HUWE1,INFEASIBLE,OPTIMAL,INFEASIBLE,INFEASIBLE
PHF8,OPTIMAL,INFEASIBLE,OPTIMAL,OPTIMAL
FAM120C,INFEASIBLE,OPTIMAL,INFEASIBLE,OPTIMAL
WNK3,INFEASIBLE,OPTIMAL,INFEASIBLE,INFEASIBLE
TSR2,INFEASIBLE,OPTIMAL,INFEASIBLE,INFEASIBLE
FGD1,INFEASIBLE,OPTIMAL,INFEASIBLE,OPTIMAL
GNL3L,INFEASIBLE,OPTIMAL,INFEASIBLE,INFEASIBLE
MAGED2,OPTIMAL,OPTIMAL,OPTIMAL,OPTIMAL
APEX2,OPTIMAL,OPTIMAL,OPTIMAL,OPTIMAL
FAM104B,OPTIMAL,OPTIMAL,OPTIMAL,OPTIMAL
RRAGB,INFEASIBLE,OPTIMAL,INFEASIBLE,OPTIMAL
UBQLN2,INFEASIBLE,OPTIMAL,INFEASIBLE,OPTIMAL
NBDY,OPTIMAL,OPTIMAL,OPTIMAL,OPTIMAL
SPIN3,INFEASIBLE,OPTIMAL,INFEASIBLE,INFEASIBLE
SPIN2B,OPTIMAL,OPTIMAL,OPTIMAL,OPTIMAL
SPIN4,OPTIMAL,OPTIMAL,OPTIMAL,OPTIMAL
ARHGEF9,INFEASIBLE,OPTIMAL,INFEASIBLE,OPTIMAL
AMER1,INFEASIBLE,OPTIMAL,OPTIMAL,OPTIMAL
MTMR8,INFEASIBLE,OPTIMAL,INFEASIBLE,OPTIMAL
ZC4H2,INFEASIBLE,OPTIMAL,INFEASIBLE,INFEASIBLE
ZC3H12B,INFEASIBLE,OPTIMAL,INFEASIBLE,INFEASIBLE
LAS1L,INFEASIBLE,OPTIMAL,INFEASIBLE,INFEASIBLE
MSN,INFEASIBLE,OPTIMAL,INFEASIBLE,OPTIMAL
AR,INFEASIBLE,OPTIMAL,INFEASIBLE,OPTIMAL
OPHN1,OPTIMAL,OPTIMAL,INFEASIBLE,OPTIMAL
YIPF6,INFEASIBLE,OPTIMAL,OPTIMAL,OPTIMAL
PJA1,INFEASIBLE,OPTIMAL,INFEASIBLE,INFEASIBLE
NALF2,OPTIMAL,OPTIMAL,INFEASIBLE,OPTIMAL
EDA,INFEASIBLE,OPTIMAL,INFEASIBLE,INFEASIBLE
IGBP1,OPTIMAL,OPTIMAL,OPTIMAL,OPTIMAL
PDZD11,OPTIMAL,OPTIMAL,OPTIMAL,OPTIMAL
KIF4A,INFEASIBLE,OPTIMAL,INFEASIBLE,INFEASIBLE
DLG3,INFEASIBLE,OPTIMAL,INFEASIBLE,OPTIMAL
SNX12,OPTIMAL,OPTIMAL,OPTIMAL,OPTIMAL
MED12,OPTIMAL,OPTIMAL,OPTIMAL,OPTIMAL
ZMYM3,INFEASIBLE,OPTIMAL,INFEASIBLE,OPTIMAL
NONO,INFEASIBLE,OPTIMAL,INFEASIBLE,INFEASIBLE
TAF1,INFEASIBLE,OPTIMAL,INFEASIBLE,INFEASIBLE
OGT,OPTIMAL,OPTIMAL,OPTIMAL,OPTIMAL
NHSL2,OPTIMAL,OPTIMAL,OPTIMAL,OPTIMAL
PIN4,OPTIMAL,INFEASIBLE,OPTIMAL,OPTIMAL
ERCC6L,INFEASIBLE,OPTIMAL,INFEASIBLE,INFEASIBLE
RPS4X,OPTIMAL,INFEASIBLE,OPTIMAL,OPTIMAL
CITED1,INFEASIBLE,OPTIMAL,OPTIMAL,INFEASIBLE
HDAC8,INFEASIBLE,OPTIMAL,INFEASIBLE,INFEASIBLE
PHKA1,INFEASIBLE,OPTIMAL,INFEASIBLE,INFEASIBLE
CHIC1,INFEASIBLE,OPTIMAL,INFEASIBLE,INFEASIBLE
SLC16A2,INFEASIBLE,OPTIMAL,OPTIMAL,OPTIMAL
RLIM,INFEASIBLE,OPTIMAL,INFEASIBLE,OPTIMAL
ABCB7,INFEASIBLE,OPTIMAL,INFEASIBLE,OPTIMAL
UPRT,INFEASIBLE,OPTIMAL,INFEASIBLE,INFEASIBLE
PBDC1,OPTIMAL,OPTIMAL,OPTIMAL,OPTIMAL
ATRX,INFEASIBLE,INFEASIBLE,INFEASIBLE,INFEASIBLE
MAGT1,INFEASIBLE,OPTIMAL,INFEASIBLE,OPTIMAL
COX7B,OPTIMAL,OPTIMAL,OPTIMAL,OPTIMAL
ATP7A,INFEASIBLE,OPTIMAL,INFEASIBLE,OPTIMAL
PGK1,OPTIMAL,OPTIMAL,OPTIMAL,OPTIMAL
TAF9B,OPTIMAL,OPTIMAL,OPTIMAL,OPTIMAL
LPAR4,INFEASIBLE,INFEASIBLE,INFEASIBLE,INFEASIBLE
BRWD3,INFEASIBLE,OPTIMAL,INFEASIBLE,INFEASIBLE
HMGN5,OPTIMAL,OPTIMAL,OPTIMAL,OPTIMAL
SH3BGRL,INFEASIBLE,OPTIMAL,INFEASIBLE,OPTIMAL
RPS6KA6,OPTIMAL,OPTIMAL,INFEASIBLE,OPTIMAL
HDX,INFEASIBLE,OPTIMAL,INFEASIBLE,INFEASIBLE
APOOL,OPTIMAL,OPTIMAL,OPTIMAL,OPTIMAL
ZNF711,OPTIMAL,OPTIMAL,OPTIMAL,OPTIMAL
CHM,INFEASIBLE,OPTIMAL,INFEASIBLE,INFEASIBLE
DACH2,INFEASIBLE,OPTIMAL,INFEASIBLE,INFEASIBLE
DIAPH2,INFEASIBLE,OPTIMAL,INFEASIBLE,INFEASIBLE
TSPAN6,OPTIMAL,OPTIMAL,OPTIMAL,OPTIMAL
SYTL4,OPTIMAL,OPTIMAL,OPTIMAL,OPTIMAL
CSTF2,OPTIMAL,OPTIMAL,INFEASIBLE,OPTIMAL
TRMT2B,OPTIMAL,OPTIMAL,INFEASIBLE,OPTIMAL
CENPI,INFEASIBLE,OPTIMAL,INFEASIBLE,OPTIMAL
TIMM8A,OPTIMAL,OPTIMAL,OPTIMAL,OPTIMAL
RPL36A,OPTIMAL,OPTIMAL,OPTIMAL,OPTIMAL
GLA,OPTIMAL,OPTIMAL,OPTIMAL,OPTIMAL
HNRNPH2,INFEASIBLE,OPTIMAL,INFEASIBLE,INFEASIBLE
ARMCX4,INFEASIBLE,OPTIMAL,INFEASIBLE,OPTIMAL
ARMCX3,INFEASIBLE,OPTIMAL,INFEASIBLE,OPTIMAL
BEX5,OPTIMAL,OPTIMAL,OPTIMAL,OPTIMAL
TMSB15A,OPTIMAL,INFEASIBLE,OPTIMAL,OPTIMAL
ARMCX5,OPTIMAL,OPTIMAL,OPTIMAL,OPTIMAL
BEX1,OPTIMAL,INFEASIBLE,OPTIMAL,OPTIMAL
BEX4,INFEASIBLE,OPTIMAL,OPTIMAL,OPTIMAL
TCEAL8,OPTIMAL,OPTIMAL,OPTIMAL,OPTIMAL
BEX2,OPTIMAL,OPTIMAL,OPTIMAL,OPTIMAL
TCEAL9,OPTIMAL,OPTIMAL,OPTIMAL,OPTIMAL
BEX3,OPTIMAL,OPTIMAL,OPTIMAL,OPTIMAL
TCEAL4,INFEASIBLE,OPTIMAL,INFEASIBLE,OPTIMAL
TCEAL3,OPTIMAL,OPTIMAL,OPTIMAL,OPTIMAL
TCEAL1,OPTIMAL,OPTIMAL,OPTIMAL,OPTIMAL
MORF4L2,INFEASIBLE,OPTIMAL,INFEASIBLE,INFEASIBLE
SLC25A53,OPTIMAL,OPTIMAL,OPTIMAL,OPTIMAL
FAM199X,INFEASIBLE,OPTIMAL,INFEASIBLE,INFEASIBLE
RADX,INFEASIBLE,OPTIMAL,INFEASIBLE,INFEASIBLE
RNF128,INFEASIBLE,OPTIMAL,INFEASIBLE,INFEASIBLE
TBC1D8B,INFEASIBLE,OPTIMAL,INFEASIBLE,INFEASIBLE
MORC4,INFEASIBLE,OPTIMAL,INFEASIBLE,INFEASIBLE
RBM41,INFEASIBLE,OPTIMAL,INFEASIBLE,INFEASIBLE
NUP62CL,INFEASIBLE,OPTIMAL,INFEASIBLE,INFEASIBLE
PRPS1,OPTIMAL,OPTIMAL,OPTIMAL,OPTIMAL
TSC22D3,OPTIMAL,OPTIMAL,OPTIMAL,OPTIMAL
MID2,OPTIMAL,OPTIMAL,OPTIMAL,OPTIMAL
PSMD10,OPTIMAL,OPTIMAL,OPTIMAL,OPTIMAL
ATG4A,INFEASIBLE,OPTIMAL,OPTIMAL,OPTIMAL
COL4A6,INFEASIBLE,OPTIMAL,INFEASIBLE,OPTIMAL
COL4A5,INFEASIBLE,OPTIMAL,INFEASIBLE,INFEASIBLE
IRS4,INFEASIBLE,OPTIMAL,INFEASIBLE,INFEASIBLE
NXT2,OPTIMAL,OPTIMAL,OPTIMAL,OPTIMAL
ACSL4,INFEASIBLE,OPTIMAL,INFEASIBLE,OPTIMAL
TMEM164,INFEASIBLE,OPTIMAL,INFEASIBLE,OPTIMAL
AMMECR1,INFEASIBLE,OPTIMAL,INFEASIBLE,INFEASIBLE
PAK3,OPTIMAL,OPTIMAL,OPTIMAL,OPTIMAL
ALG13,INFEASIBLE,OPTIMAL,INFEASIBLE,INFEASIBLE
AMOT,INFEASIBLE,OPTIMAL,INFEASIBLE,INFEASIBLE
LRCH2,INFEASIBLE,OPTIMAL,INFEASIBLE,INFEASIBLE
PLS3,INFEASIBLE,OPTIMAL,INFEASIBLE,INFEASIBLE
KLHL13,INFEASIBLE,OPTIMAL,INFEASIBLE,INFEASIBLE
WDR44,INFEASIBLE,OPTIMAL,INFEASIBLE,OPTIMAL
DOCK11,OPTIMAL,INFEASIBLE,INFEASIBLE,INFEASIBLE
IL13RA1,INFEASIBLE,OPTIMAL,INFEASIBLE,OPTIMAL
ZCCHC12,OPTIMAL,INFEASIBLE,OPTIMAL,OPTIMAL
LONRF3,INFEASIBLE,OPTIMAL,INFEASIBLE,INFEASIBLE
PGRMC1,INFEASIBLE,OPTIMAL,INFEASIBLE,OPTIMAL
SLC25A43,OPTIMAL,OPTIMAL,OPTIMAL,OPTIMAL
SLC25A5,OPTIMAL,INFEASIBLE,OPTIMAL,OPTIMAL
UBE2A,OPTIMAL,OPTIMAL,OPTIMAL,OPTIMAL
STEEP1,OPTIMAL,OPTIMAL,OPTIMAL,OPTIMAL
NKRF,INFEASIBLE,OPTIMAL,INFEASIBLE,OPTIMAL
SEPTIN6,OPTIMAL,OPTIMAL,OPTIMAL,OPTIMAL
RPL39,OPTIMAL,INFEASIBLE,OPTIMAL,OPTIMAL
UPF3B,INFEASIBLE,OPTIMAL,OPTIMAL,OPTIMAL
RNF113A,OPTIMAL,OPTIMAL,OPTIMAL,OPTIMAL
NDUFA1,OPTIMAL,OPTIMAL,OPTIMAL,OPTIMAL
NKAP,OPTIMAL,OPTIMAL,OPTIMAL,OPTIMAL
RHOXF1,INFEASIBLE,OPTIMAL,INFEASIBLE,OPTIMAL
ZBTB33,INFEASIBLE,OPTIMAL,INFEASIBLE,INFEASIBLE
LAMP2,INFEASIBLE,OPTIMAL,INFEASIBLE,INFEASIBLE
CUL4B,INFEASIBLE,OPTIMAL,INFEASIBLE,INFEASIBLE
MCTS1,OPTIMAL,OPTIMAL,OPTIMAL,OPTIMAL
C1GALT1C1,OPTIMAL,OPTIMAL,INFEASIBLE,OPTIMAL
THOC2,INFEASIBLE,OPTIMAL,INFEASIBLE,INFEASIBLE
XIAP,INFEASIBLE,OPTIMAL,INFEASIBLE,INFEASIBLE
STAG2,OPTIMAL,INFEASIBLE,INFEASIBLE,INFEASIBLE
TENM1,INFEASIBLE,OPTIMAL,INFEASIBLE,OPTIMAL
SMARCA1,INFEASIBLE,OPTIMAL,INFEASIBLE,INFEASIBLE
OCRL,INFEASIBLE,OPTIMAL,INFEASIBLE,INFEASIBLE
ZDHHC9,INFEASIBLE,OPTIMAL,INFEASIBLE,OPTIMAL
UTP14A,INFEASIBLE,OPTIMAL,INFEASIBLE,INFEASIBLE
BCORL1,OPTIMAL,INFEASIBLE,OPTIMAL,INFEASIBLE
ELF4,OPTIMAL,OPTIMAL,OPTIMAL,OPTIMAL
AIFM1,INFEASIBLE,OPTIMAL,INFEASIBLE,INFEASIBLE
ZNF280C,INFEASIBLE,OPTIMAL,INFEASIBLE,INFEASIBLE
SLC25A14,OPTIMAL,OPTIMAL,OPTIMAL,OPTIMAL
RBMX2,OPTIMAL,OPTIMAL,OPTIMAL,OPTIMAL
ENOX2,INFEASIBLE,OPTIMAL,INFEASIBLE,INFEASIBLE
IGSF1,INFEASIBLE,OPTIMAL,INFEASIBLE,OPTIMAL
STK26,INFEASIBLE,OPTIMAL,INFEASIBLE,INFEASIBLE
RAP2C,OPTIMAL,OPTIMAL,OPTIMAL,OPTIMAL
MBNL3,INFEASIBLE,OPTIMAL,INFEASIBLE,INFEASIBLE
HS6ST2,INFEASIBLE,OPTIMAL,INFEASIBLE,INFEASIBLE
GPC4,OPTIMAL,INFEASIBLE,OPTIMAL,OPTIMAL
GPC3,OPTIMAL,OPTIMAL,OPTIMAL,OPTIMAL
PHF6,INFEASIBLE,OPTIMAL,INFEASIBLE,INFEASIBLE
HPRT1,OPTIMAL,OPTIMAL,OPTIMAL,OPTIMAL
PLAC1,OPTIMAL,OPTIMAL,INFEASIBLE,OPTIMAL
PABIR2,OPTIMAL,OPTIMAL,INFEASIBLE,OPTIMAL
PABIR3,OPTIMAL,OPTIMAL,OPTIMAL,OPTIMAL
MOSPD1,OPTIMAL,OPTIMAL,OPTIMAL,OPTIMAL
SMIM10,OPTIMAL,OPTIMAL,OPTIMAL,OPTIMAL
RTL8B,OPTIMAL,OPTIMAL,OPTIMAL,OPTIMAL
RTL8C,OPTIMAL,OPTIMAL,OPTIMAL,OPTIMAL
RTL8A,OPTIMAL,INFEASIBLE,OPTIMAL,OPTIMAL
ZNF75D,INFEASIBLE,OPTIMAL,INFEASIBLE,INFEASIBLE
INTS6L,OPTIMAL,OPTIMAL,INFEASIBLE,OPTIMAL
MMGT1,INFEASIBLE,OPTIMAL,INFEASIBLE,INFEASIBLE
SLC9A6,OPTIMAL,OPTIMAL,OPTIMAL,OPTIMAL
FHL1,INFEASIBLE,OPTIMAL,INFEASIBLE,OPTIMAL
MAP7D3,INFEASIBLE,OPTIMAL,INFEASIBLE,OPTIMAL
HTATSF1,INFEASIBLE,OPTIMAL,INFEASIBLE,INFEASIBLE
RBMX,OPTIMAL,OPTIMAL,INFEASIBLE,OPTIMAL
ZIC3,OPTIMAL,OPTIMAL,OPTIMAL,OPTIMAL
FGF13,OPTIMAL,OPTIMAL,OPTIMAL,OPTIMAL
ATP11C,INFEASIBLE,OPTIMAL,INFEASIBLE,INFEASIBLE
LDOC1,OPTIMAL,OPTIMAL,OPTIMAL,OPTIMAL
FMR1,INFEASIBLE,OPTIMAL,INFEASIBLE,INFEASIBLE
AFF2,INFEASIBLE,OPTIMAL,INFEASIBLE,OPTIMAL
IDS,OPTIMAL,OPTIMAL,OPTIMAL,OPTIMAL
EOLA1,OPTIMAL,OPTIMAL,OPTIMAL,OPTIMAL
TMEM185A,OPTIMAL,OPTIMAL,OPTIMAL,OPTIMAL
EOLA2,OPTIMAL,OPTIMAL,OPTIMAL,OPTIMAL
MTM1,INFEASIBLE,OPTIMAL,INFEASIBLE,OPTIMAL
MTMR1,INFEASIBLE,OPTIMAL,INFEASIBLE,INFEASIBLE
CD99L2,INFEASIBLE,OPTIMAL,INFEASIBLE,OPTIMAL
HMGB3,INFEASIBLE,INFEASIBLE,OPTIMAL,OPTIMAL
VMA21,OPTIMAL,OPTIMAL,OPTIMAL,OPTIMAL
MAGEA3,OPTIMAL,OPTIMAL,OPTIMAL,OPTIMAL
CETN2,OPTIMAL,OPTIMAL,OPTIMAL,OPTIMAL
NSDHL,OPTIMAL,OPTIMAL,OPTIMAL,OPTIMAL
PNMA6A,OPTIMAL,OPTIMAL,OPTIMAL,OPTIMAL
ZNF275,OPTIMAL,OPTIMAL,OPTIMAL,OPTIMAL
HAUS7,OPTIMAL,INFEASIBLE,OPTIMAL,OPTIMAL
CCNQ,OPTIMAL,OPTIMAL,OPTIMAL,OPTIMAL
DUSP9,OPTIMAL,INFEASIBLE,OPTIMAL,OPTIMAL
SLC6A8,INFEASIBLE,OPTIMAL,INFEASIBLE,OPTIMAL
BCAP31,OPTIMAL,OPTIMAL,OPTIMAL,OPTIMAL
ABCD1,OPTIMAL,OPTIMAL,OPTIMAL,OPTIMAL
IDH3G,OPTIMAL,OPTIMAL,OPTIMAL,OPTIMAL
SSR4,OPTIMAL,OPTIMAL,OPTIMAL,OPTIMAL
NAA10,INFEASIBLE,INFEASIBLE,OPTIMAL,INFEASIBLE
HCFC1,INFEASIBLE,OPTIMAL,INFEASIBLE,INFEASIBLE
TMEM187,OPTIMAL,OPTIMAL,OPTIMAL,OPTIMAL
IRAK1,OPTIMAL,OPTIMAL,OPTIMAL,OPTIMAL
MECP2,INFEASIBLE,OPTIMAL,INFEASIBLE,OPTIMAL
FLNA,OPTIMAL,OPTIMAL,OPTIMAL,OPTIMAL
EMD,OPTIMAL,OPTIMAL,OPTIMAL,OPTIMAL
RPL10,OPTIMAL,INFEASIBLE,OPTIMAL,OPTIMAL
DNASE1L1,OPTIMAL,OPTIMAL,OPTIMAL,OPTIMAL
TAFAZZIN,OPTIMAL,OPTIMAL,OPTIMAL,OPTIMAL
ATP6AP1,INFEASIBLE,OPTIMAL,INFEASIBLE,OPTIMAL
GDI1,INFEASIBLE,OPTIMAL,OPTIMAL,OPTIMAL
FAM50A,INFEASIBLE,OPTIMAL,INFEASIBLE,OPTIMAL
PLXNA3,OPTIMAL,OPTIMAL,OPTIMAL,OPTIMAL
LAGE3,INFEASIBLE,OPTIMAL,OPTIMAL,OPTIMAL
UBL4A,OPTIMAL,OPTIMAL,OPTIMAL,OPTIMAL
SLC10A3,OPTIMAL,OPTIMAL,OPTIMAL,OPTIMAL
FAM3A,OPTIMAL,OPTIMAL,OPTIMAL,OPTIMAL
G6PD,OPTIMAL,OPTIMAL,OPTIMAL,OPTIMAL
IKBKG,OPTIMAL,OPTIMAL,OPTIMAL,OPTIMAL
DKC1,OPTIMAL,OPTIMAL,INFEASIBLE,OPTIMAL
MPP1,OPTIMAL,OPTIMAL,INFEASIBLE,OPTIMAL
FUNDC2,OPTIMAL,OPTIMAL,OPTIMAL,OPTIMAL
CMC4,OPTIMAL,INFEASIBLE,OPTIMAL,OPTIMAL
MTCP1,OPTIMAL,OPTIMAL,OPTIMAL,OPTIMAL
BRCC3,INFEASIBLE,OPTIMAL,INFEASIBLE,INFEASIBLE
VBP1,OPTIMAL,INFEASIBLE,OPTIMAL,OPTIMAL
TMLHE,INFEASIBLE,OPTIMAL,INFEASIBLE,INFEASIBLE
VAMP7,INFEASIBLE,OPTIMAL,INFEASIBLE,OPTIMAL
ZFY,INFEASIBLE,INFEASIBLE,INFEASIBLE,INFEASIBLE
PCDH11Y,INFEASIBLE,INFEASIBLE,OPTIMAL,INFEASIBLE
MT-ND1,OPTIMAL,OPTIMAL,INFEASIBLE,OPTIMAL
MT-ND2,OPTIMAL,OPTIMAL,INFEASIBLE,OPTIMAL
MT-CO1,OPTIMAL,OPTIMAL,INFEASIBLE,OPTIMAL
MT-CO2,OPTIMAL,OPTIMAL,OPTIMAL,OPTIMAL
MT-ATP8,INFEASIBLE,OPTIMAL,OPTIMAL,OPTIMAL
MT-ATP6,OPTIMAL,OPTIMAL,OPTIMAL,OPTIMAL
MT-CO3,OPTIMAL,OPTIMAL,OPTIMAL,OPTIMAL
MT-ND3,OPTIMAL,OPTIMAL,OPTIMAL,OPTIMAL
MT-ND4L,OPTIMAL,OPTIMAL,OPTIMAL,OPTIMAL
MT-ND4,OPTIMAL,OPTIMAL,INFEASIBLE,OPTIMAL
MT-ND5,OPTIMAL,OPTIMAL,INFEASIBLE,OPTIMAL
MT-ND6,OPTIMAL,OPTIMAL,INFEASIBLE,OPTIMAL
MT-CYB,OPTIMAL,OPTIMAL,OPTIMAL,OPTIMAL
