,MIR4444-1_All_status,MIR4444-1_G1_status,MIR4444-1_S_status,MIR4444-1_G2M_status
SAMD11,OPTIMAL,OPTIMAL,OPTIMAL,OPTIMAL
NOC2L,INFEASIBLE,OPTIMAL,OPTIMAL,OPTIMAL
HES4,OPTIMAL,OPTIMAL,OPTIMAL,OPTIMAL
ISG15,OPTIMAL,OPTIMAL,OPTIMAL,OPTIMAL
AGRN,OPTIMAL,OPTIMAL,OPTIMAL,OPTIMAL
C1orf159,OPTIMAL,OPTIMAL,OPTIMAL,OPTIMAL
SDF4,OPTIMAL,OPTIMAL,OPTIMAL,OPTIMAL
B3GALT6,OPTIMAL,OPTIMAL,OPTIMAL,OPTIMAL
UBE2J2,OPTIMAL,OPTIMAL,OPTIMAL,OPTIMAL
ACAP3,OPTIMAL,OPTIMAL,OPTIMAL,OPTIMAL
PUSL1,OPTIMAL,OPTIMAL,OPTIMAL,OPTIMAL
INTS11,OPTIMAL,OPTIMAL,OPTIMAL,OPTIMAL
DVL1,OPTIMAL,OPTIMAL,OPTIMAL,OPTIMAL
AURKAIP1,OPTIMAL,OPTIMAL,OPTIMAL,OPTIMAL
CCNL2,OPTIMAL,OPTIMAL,OPTIMAL,OPTIMAL
MRPL20,OPTIMAL,OPTIMAL,OPTIMAL,OPTIMAL
ATAD3B,OPTIMAL,OPTIMAL,OPTIMAL,OPTIMAL
ATAD3A,OPTIMAL,OPTIMAL,OPTIMAL,OPTIMAL
SSU72,OPTIMAL,OPTIMAL,OPTIMAL,OPTIMAL
MIB2,OPTIMAL,INFEASIBLE,OPTIMAL,OPTIMAL
CDK11B,OPTIMAL,OPTIMAL,OPTIMAL,OPTIMAL
SLC35E2B,OPTIMAL,OPTIMAL,OPTIMAL,OPTIMAL
CDK11A,OPTIMAL,OPTIMAL,OPTIMAL,OPTIMAL
NADK,OPTIMAL,OPTIMAL,OPTIMAL,OPTIMAL
GNB1,OPTIMAL,OPTIMAL,OPTIMAL,INFEASIBLE
PRKCZ,OPTIMAL,OPTIMAL,OPTIMAL,OPTIMAL
FAAP20,OPTIMAL,OPTIMAL,OPTIMAL,OPTIMAL
SKI,OPTIMAL,OPTIMAL,OPTIMAL,OPTIMAL
MORN1,OPTIMAL,OPTIMAL,OPTIMAL,OPTIMAL
RER1,OPTIMAL,OPTIMAL,OPTIMAL,OPTIMAL
PEX10,OPTIMAL,OPTIMAL,OPTIMAL,OPTIMAL
PANK4,OPTIMAL,INFEASIBLE,OPTIMAL,OPTIMAL
HES5,OPTIMAL,OPTIMAL,OPTIMAL,OPTIMAL
PRDM16,OPTIMAL,OPTIMAL,OPTIMAL,OPTIMAL
TPRG1L,OPTIMAL,OPTIMAL,OPTIMAL,OPTIMAL
WRAP73,OPTIMAL,OPTIMAL,OPTIMAL,OPTIMAL
SMIM1,OPTIMAL,OPTIMAL,OPTIMAL,OPTIMAL
LRRC47,OPTIMAL,OPTIMAL,OPTIMAL,OPTIMAL
CEP104,OPTIMAL,OPTIMAL,OPTIMAL,OPTIMAL
DFFB,OPTIMAL,OPTIMAL,OPTIMAL,OPTIMAL
C1orf174,OPTIMAL,OPTIMAL,OPTIMAL,OPTIMAL
NPHP4,OPTIMAL,OPTIMAL,OPTIMAL,OPTIMAL
KCNAB2,OPTIMAL,OPTIMAL,OPTIMAL,OPTIMAL
RPL22,OPTIMAL,OPTIMAL,OPTIMAL,OPTIMAL
ICMT,OPTIMAL,OPTIMAL,OPTIMAL,OPTIMAL
ACOT7,OPTIMAL,INFEASIBLE,OPTIMAL,OPTIMAL
NOL9,OPTIMAL,OPTIMAL,OPTIMAL,OPTIMAL
ZBTB48,OPTIMAL,OPTIMAL,OPTIMAL,OPTIMAL
KLHL21,OPTIMAL,OPTIMAL,OPTIMAL,OPTIMAL
PHF13,OPTIMAL,OPTIMAL,OPTIMAL,OPTIMAL
THAP3,OPTIMAL,OPTIMAL,OPTIMAL,OPTIMAL
DNAJC11,OPTIMAL,OPTIMAL,OPTIMAL,OPTIMAL
CAMTA1,OPTIMAL,OPTIMAL,OPTIMAL,OPTIMAL
VAMP3,OPTIMAL,OPTIMAL,OPTIMAL,OPTIMAL
PER3,OPTIMAL,OPTIMAL,OPTIMAL,OPTIMAL
PARK7,OPTIMAL,OPTIMAL,OPTIMAL,OPTIMAL
ERRFI1,OPTIMAL,OPTIMAL,OPTIMAL,OPTIMAL
RERE,OPTIMAL,OPTIMAL,OPTIMAL,OPTIMAL
ENO1,OPTIMAL,OPTIMAL,OPTIMAL,OPTIMAL
GPR157,OPTIMAL,OPTIMAL,OPTIMAL,OPTIMAL
H6PD,OPTIMAL,OPTIMAL,OPTIMAL,OPTIMAL
SPSB1,OPTIMAL,OPTIMAL,OPTIMAL,OPTIMAL
SLC25A33,OPTIMAL,OPTIMAL,OPTIMAL,OPTIMAL
TMEM201,OPTIMAL,OPTIMAL,OPTIMAL,OPTIMAL
CLSTN1,OPTIMAL,OPTIMAL,OPTIMAL,OPTIMAL
CTNNBIP1,OPTIMAL,OPTIMAL,OPTIMAL,OPTIMAL
LZIC,OPTIMAL,OPTIMAL,OPTIMAL,OPTIMAL
NMNAT1,OPTIMAL,OPTIMAL,OPTIMAL,OPTIMAL
RBP7,OPTIMAL,INFEASIBLE,OPTIMAL,OPTIMAL
UBE4B,INFEASIBLE,OPTIMAL,OPTIMAL,OPTIMAL
KIF1B,INFEASIBLE,OPTIMAL,OPTIMAL,OPTIMAL
PGD,OPTIMAL,OPTIMAL,OPTIMAL,OPTIMAL
CENPS,OPTIMAL,OPTIMAL,OPTIMAL,OPTIMAL
DFFA,OPTIMAL,OPTIMAL,OPTIMAL,OPTIMAL
PEX14,OPTIMAL,OPTIMAL,OPTIMAL,OPTIMAL
CASZ1,INFEASIBLE,OPTIMAL,OPTIMAL,OPTIMAL
TARDBP,INFEASIBLE,OPTIMAL,OPTIMAL,INFEASIBLE
SRM,OPTIMAL,OPTIMAL,OPTIMAL,OPTIMAL
EXOSC10,OPTIMAL,OPTIMAL,OPTIMAL,OPTIMAL
MTOR,INFEASIBLE,OPTIMAL,OPTIMAL,OPTIMAL
UBIAD1,OPTIMAL,OPTIMAL,OPTIMAL,OPTIMAL
FBXO44,OPTIMAL,OPTIMAL,OPTIMAL,OPTIMAL
MAD2L2,OPTIMAL,OPTIMAL,OPTIMAL,OPTIMAL
AGTRAP,OPTIMAL,OPTIMAL,OPTIMAL,OPTIMAL
MTHFR,OPTIMAL,OPTIMAL,OPTIMAL,OPTIMAL
CLCN6,OPTIMAL,OPTIMAL,OPTIMAL,OPTIMAL
KIAA2013,OPTIMAL,OPTIMAL,OPTIMAL,OPTIMAL
PLOD1,OPTIMAL,OPTIMAL,OPTIMAL,OPTIMAL
MFN2,OPTIMAL,OPTIMAL,OPTIMAL,OPTIMAL
MIIP,OPTIMAL,OPTIMAL,OPTIMAL,OPTIMAL
VPS13D,OPTIMAL,OPTIMAL,OPTIMAL,OPTIMAL
DHRS3,OPTIMAL,OPTIMAL,OPTIMAL,OPTIMAL
PDPN,OPTIMAL,OPTIMAL,OPTIMAL,OPTIMAL
PRDM2,OPTIMAL,OPTIMAL,OPTIMAL,OPTIMAL
KAZN,OPTIMAL,OPTIMAL,OPTIMAL,OPTIMAL
TMEM51,OPTIMAL,OPTIMAL,OPTIMAL,OPTIMAL
EFHD2,OPTIMAL,OPTIMAL,OPTIMAL,OPTIMAL
CASP9,OPTIMAL,OPTIMAL,OPTIMAL,OPTIMAL
DNAJC16,OPTIMAL,OPTIMAL,OPTIMAL,OPTIMAL
DDI2,OPTIMAL,OPTIMAL,OPTIMAL,OPTIMAL
PLEKHM2,OPTIMAL,OPTIMAL,OPTIMAL,OPTIMAL
UQCRHL,OPTIMAL,OPTIMAL,OPTIMAL,OPTIMAL
SPEN,OPTIMAL,OPTIMAL,OPTIMAL,OPTIMAL
ZBTB17,OPTIMAL,OPTIMAL,OPTIMAL,OPTIMAL
FBXO42,OPTIMAL,OPTIMAL,OPTIMAL,OPTIMAL
SZRD1,OPTIMAL,OPTIMAL,OPTIMAL,OPTIMAL
NECAP2,OPTIMAL,OPTIMAL,OPTIMAL,OPTIMAL
NBPF1,OPTIMAL,OPTIMAL,OPTIMAL,OPTIMAL
CROCC,OPTIMAL,OPTIMAL,OPTIMAL,OPTIMAL
ATP13A2,OPTIMAL,OPTIMAL,OPTIMAL,OPTIMAL
SDHB,OPTIMAL,OPTIMAL,OPTIMAL,OPTIMAL
RCC2,OPTIMAL,OPTIMAL,OPTIMAL,OPTIMAL
ALDH4A1,OPTIMAL,OPTIMAL,OPTIMAL,OPTIMAL
UBR4,OPTIMAL,OPTIMAL,OPTIMAL,OPTIMAL
EMC1,OPTIMAL,OPTIMAL,OPTIMAL,OPTIMAL
MRTO4,OPTIMAL,OPTIMAL,OPTIMAL,OPTIMAL
AKR7A2,OPTIMAL,OPTIMAL,OPTIMAL,OPTIMAL
SLC66A1,OPTIMAL,OPTIMAL,OPTIMAL,OPTIMAL
CAPZB,OPTIMAL,OPTIMAL,OPTIMAL,OPTIMAL
MICOS10,OPTIMAL,OPTIMAL,OPTIMAL,OPTIMAL
NBL1,OPTIMAL,OPTIMAL,OPTIMAL,OPTIMAL
TMCO4,OPTIMAL,OPTIMAL,OPTIMAL,OPTIMAL
OTUD3,OPTIMAL,OPTIMAL,OPTIMAL,OPTIMAL
PLA2G5,INFEASIBLE,INFEASIBLE,OPTIMAL,OPTIMAL
CAMK2N1,OPTIMAL,OPTIMAL,OPTIMAL,OPTIMAL
MUL1,OPTIMAL,OPTIMAL,OPTIMAL,OPTIMAL
PINK1,OPTIMAL,OPTIMAL,OPTIMAL,OPTIMAL
DDOST,OPTIMAL,OPTIMAL,OPTIMAL,OPTIMAL
KIF17,OPTIMAL,OPTIMAL,OPTIMAL,OPTIMAL
HP1BP3,OPTIMAL,OPTIMAL,OPTIMAL,OPTIMAL
EIF4G3,OPTIMAL,OPTIMAL,OPTIMAL,OPTIMAL
ECE1,OPTIMAL,INFEASIBLE,OPTIMAL,OPTIMAL
USP48,INFEASIBLE,OPTIMAL,OPTIMAL,OPTIMAL
HSPG2,OPTIMAL,OPTIMAL,OPTIMAL,OPTIMAL
CDC42,OPTIMAL,OPTIMAL,OPTIMAL,OPTIMAL
ZBTB40,OPTIMAL,OPTIMAL,OPTIMAL,OPTIMAL
EPHA8,OPTIMAL,OPTIMAL,OPTIMAL,OPTIMAL
EPHB2,OPTIMAL,OPTIMAL,OPTIMAL,OPTIMAL
KDM1A,INFEASIBLE,OPTIMAL,INFEASIBLE,OPTIMAL
LUZP1,OPTIMAL,OPTIMAL,OPTIMAL,OPTIMAL
HNRNPR,INFEASIBLE,OPTIMAL,INFEASIBLE,INFEASIBLE
ASAP3,OPTIMAL,OPTIMAL,OPTIMAL,OPTIMAL
E2F2,OPTIMAL,OPTIMAL,OPTIMAL,OPTIMAL
ID3,OPTIMAL,OPTIMAL,OPTIMAL,OPTIMAL
RPL11,OPTIMAL,OPTIMAL,OPTIMAL,OPTIMAL
ELOA,OPTIMAL,OPTIMAL,OPTIMAL,OPTIMAL
PITHD1,OPTIMAL,OPTIMAL,OPTIMAL,OPTIMAL
LYPLA2,OPTIMAL,OPTIMAL,OPTIMAL,OPTIMAL
GALE,OPTIMAL,OPTIMAL,OPTIMAL,OPTIMAL
HMGCL,OPTIMAL,OPTIMAL,OPTIMAL,OPTIMAL
FUCA1,OPTIMAL,INFEASIBLE,OPTIMAL,OPTIMAL
PNRC2,OPTIMAL,OPTIMAL,OPTIMAL,OPTIMAL
SRSF10,OPTIMAL,OPTIMAL,OPTIMAL,OPTIMAL
GRHL3,OPTIMAL,OPTIMAL,OPTIMAL,INFEASIBLE
STPG1,OPTIMAL,INFEASIBLE,OPTIMAL,OPTIMAL
NIPAL3,OPTIMAL,OPTIMAL,OPTIMAL,OPTIMAL
RCAN3,OPTIMAL,OPTIMAL,OPTIMAL,OPTIMAL
SRRM1,OPTIMAL,OPTIMAL,OPTIMAL,OPTIMAL
CLIC4,OPTIMAL,OPTIMAL,OPTIMAL,OPTIMAL
SYF2,OPTIMAL,OPTIMAL,OPTIMAL,OPTIMAL
RSRP1,OPTIMAL,INFEASIBLE,OPTIMAL,OPTIMAL
TMEM50A,OPTIMAL,OPTIMAL,OPTIMAL,OPTIMAL
MACO1,OPTIMAL,OPTIMAL,OPTIMAL,OPTIMAL
LDLRAP1,OPTIMAL,OPTIMAL,OPTIMAL,OPTIMAL
SELENON,OPTIMAL,OPTIMAL,OPTIMAL,OPTIMAL
MTFR1L,OPTIMAL,OPTIMAL,OPTIMAL,OPTIMAL
AUNIP,OPTIMAL,OPTIMAL,OPTIMAL,OPTIMAL
PAQR7,OPTIMAL,OPTIMAL,OPTIMAL,OPTIMAL
STMN1,OPTIMAL,OPTIMAL,OPTIMAL,OPTIMAL
PDIK1L,OPTIMAL,OPTIMAL,OPTIMAL,OPTIMAL
ZNF593,OPTIMAL,OPTIMAL,OPTIMAL,OPTIMAL
CEP85,OPTIMAL,OPTIMAL,OPTIMAL,OPTIMAL
SH3BGRL3,OPTIMAL,OPTIMAL,OPTIMAL,OPTIMAL
UBXN11,OPTIMAL,OPTIMAL,OPTIMAL,OPTIMAL
DHDDS,OPTIMAL,OPTIMAL,OPTIMAL,OPTIMAL
HMGN2,OPTIMAL,OPTIMAL,OPTIMAL,OPTIMAL
RPS6KA1,OPTIMAL,OPTIMAL,OPTIMAL,OPTIMAL
ARID1A,INFEASIBLE,OPTIMAL,OPTIMAL,OPTIMAL
ZDHHC18,OPTIMAL,OPTIMAL,OPTIMAL,OPTIMAL
GPN2,OPTIMAL,OPTIMAL,OPTIMAL,OPTIMAL
GPATCH3,OPTIMAL,OPTIMAL,OPTIMAL,OPTIMAL
NUDC,INFEASIBLE,OPTIMAL,OPTIMAL,INFEASIBLE
TRNP1,OPTIMAL,OPTIMAL,OPTIMAL,OPTIMAL
SLC9A1,OPTIMAL,OPTIMAL,OPTIMAL,OPTIMAL
WDTC1,OPTIMAL,OPTIMAL,OPTIMAL,OPTIMAL
TMEM222,OPTIMAL,OPTIMAL,OPTIMAL,OPTIMAL
WASF2,OPTIMAL,OPTIMAL,OPTIMAL,OPTIMAL
AHDC1,OPTIMAL,INFEASIBLE,OPTIMAL,OPTIMAL
FAM76A,OPTIMAL,OPTIMAL,OPTIMAL,OPTIMAL
STX12,OPTIMAL,OPTIMAL,OPTIMAL,OPTIMAL
PPP1R8,OPTIMAL,INFEASIBLE,OPTIMAL,OPTIMAL
RPA2,OPTIMAL,OPTIMAL,OPTIMAL,OPTIMAL
EYA3,OPTIMAL,OPTIMAL,OPTIMAL,OPTIMAL
DNAJC8,OPTIMAL,OPTIMAL,OPTIMAL,OPTIMAL
ATP5IF1,OPTIMAL,OPTIMAL,OPTIMAL,OPTIMAL
SESN2,OPTIMAL,OPTIMAL,OPTIMAL,OPTIMAL
MED18,OPTIMAL,OPTIMAL,OPTIMAL,OPTIMAL
PHACTR4,OPTIMAL,OPTIMAL,OPTIMAL,OPTIMAL
RCC1,INFEASIBLE,OPTIMAL,OPTIMAL,OPTIMAL
TRNAU1AP,OPTIMAL,OPTIMAL,OPTIMAL,OPTIMAL
TAF12,OPTIMAL,OPTIMAL,OPTIMAL,OPTIMAL
GMEB1,OPTIMAL,OPTIMAL,OPTIMAL,OPTIMAL
YTHDF2,INFEASIBLE,OPTIMAL,OPTIMAL,OPTIMAL
EPB41,OPTIMAL,OPTIMAL,OPTIMAL,OPTIMAL
SRSF4,INFEASIBLE,OPTIMAL,OPTIMAL,INFEASIBLE
MECR,OPTIMAL,OPTIMAL,OPTIMAL,OPTIMAL
PTPRU,OPTIMAL,OPTIMAL,OPTIMAL,OPTIMAL
MATN1,OPTIMAL,INFEASIBLE,OPTIMAL,OPTIMAL
SDC3,OPTIMAL,OPTIMAL,OPTIMAL,OPTIMAL
PUM1,OPTIMAL,OPTIMAL,OPTIMAL,OPTIMAL
NKAIN1,OPTIMAL,INFEASIBLE,OPTIMAL,OPTIMAL
SNRNP40,OPTIMAL,OPTIMAL,OPTIMAL,OPTIMAL
ZCCHC17,OPTIMAL,OPTIMAL,OPTIMAL,OPTIMAL
PEF1,OPTIMAL,OPTIMAL,OPTIMAL,OPTIMAL
PTP4A2,INFEASIBLE,OPTIMAL,OPTIMAL,OPTIMAL
KHDRBS1,INFEASIBLE,OPTIMAL,INFEASIBLE,OPTIMAL
TMEM39B,OPTIMAL,OPTIMAL,OPTIMAL,OPTIMAL
KPNA6,OPTIMAL,OPTIMAL,OPTIMAL,OPTIMAL
TXLNA,OPTIMAL,OPTIMAL,OPTIMAL,OPTIMAL
CCDC28B,OPTIMAL,OPTIMAL,OPTIMAL,OPTIMAL
TMEM234,OPTIMAL,INFEASIBLE,OPTIMAL,OPTIMAL
EIF3I,OPTIMAL,OPTIMAL,OPTIMAL,OPTIMAL
HDAC1,OPTIMAL,OPTIMAL,OPTIMAL,OPTIMAL
MARCKSL1,OPTIMAL,OPTIMAL,OPTIMAL,OPTIMAL
BSDC1,OPTIMAL,OPTIMAL,OPTIMAL,OPTIMAL
ZBTB8B,OPTIMAL,OPTIMAL,OPTIMAL,OPTIMAL
ZBTB8A,OPTIMAL,OPTIMAL,OPTIMAL,OPTIMAL
ZBTB8OS,OPTIMAL,OPTIMAL,OPTIMAL,OPTIMAL
RBBP4,OPTIMAL,OPTIMAL,OPTIMAL,OPTIMAL
SYNC,INFEASIBLE,OPTIMAL,INFEASIBLE,OPTIMAL
KIAA1522,OPTIMAL,OPTIMAL,OPTIMAL,OPTIMAL
YARS1,OPTIMAL,OPTIMAL,OPTIMAL,OPTIMAL
S100PBP,OPTIMAL,OPTIMAL,OPTIMAL,OPTIMAL
TMEM54,OPTIMAL,OPTIMAL,OPTIMAL,OPTIMAL
RNF19B,OPTIMAL,OPTIMAL,OPTIMAL,OPTIMAL
AK2,OPTIMAL,OPTIMAL,OPTIMAL,OPTIMAL
ZNF362,OPTIMAL,OPTIMAL,OPTIMAL,OPTIMAL
PHC2,OPTIMAL,OPTIMAL,OPTIMAL,OPTIMAL
SMIM12,OPTIMAL,OPTIMAL,OPTIMAL,OPTIMAL
TMEM35B,OPTIMAL,OPTIMAL,OPTIMAL,OPTIMAL
ZMYM6,OPTIMAL,OPTIMAL,OPTIMAL,OPTIMAL
ZMYM1,OPTIMAL,OPTIMAL,OPTIMAL,OPTIMAL
SFPQ,INFEASIBLE,OPTIMAL,INFEASIBLE,INFEASIBLE
ZMYM4,INFEASIBLE,OPTIMAL,OPTIMAL,INFEASIBLE
KIAA0319L,OPTIMAL,OPTIMAL,OPTIMAL,OPTIMAL
NCDN,OPTIMAL,OPTIMAL,OPTIMAL,OPTIMAL
PSMB2,OPTIMAL,OPTIMAL,OPTIMAL,OPTIMAL
CLSPN,OPTIMAL,OPTIMAL,OPTIMAL,OPTIMAL
AGO4,OPTIMAL,OPTIMAL,OPTIMAL,OPTIMAL
AGO1,OPTIMAL,OPTIMAL,OPTIMAL,OPTIMAL
AGO3,OPTIMAL,OPTIMAL,OPTIMAL,OPTIMAL
ADPRS,OPTIMAL,OPTIMAL,OPTIMAL,OPTIMAL
TRAPPC3,OPTIMAL,OPTIMAL,OPTIMAL,OPTIMAL
MAP7D1,OPTIMAL,OPTIMAL,OPTIMAL,OPTIMAL
THRAP3,OPTIMAL,OPTIMAL,OPTIMAL,OPTIMAL
EVA1B,OPTIMAL,OPTIMAL,OPTIMAL,OPTIMAL
STK40,OPTIMAL,OPTIMAL,OPTIMAL,OPTIMAL
LSM10,OPTIMAL,OPTIMAL,OPTIMAL,OPTIMAL
OSCP1,OPTIMAL,OPTIMAL,OPTIMAL,OPTIMAL
MRPS15,OPTIMAL,OPTIMAL,OPTIMAL,OPTIMAL
MEAF6,OPTIMAL,OPTIMAL,OPTIMAL,OPTIMAL
SNIP1,INFEASIBLE,OPTIMAL,OPTIMAL,OPTIMAL
GNL2,INFEASIBLE,OPTIMAL,OPTIMAL,OPTIMAL
C1orf109,OPTIMAL,OPTIMAL,OPTIMAL,OPTIMAL
CDCA8,OPTIMAL,OPTIMAL,OPTIMAL,OPTIMAL
MANEAL,OPTIMAL,OPTIMAL,OPTIMAL,OPTIMAL
YRDC,OPTIMAL,OPTIMAL,OPTIMAL,OPTIMAL
C1orf122,OPTIMAL,OPTIMAL,OPTIMAL,OPTIMAL
MTF1,OPTIMAL,OPTIMAL,OPTIMAL,OPTIMAL
INPP5B,OPTIMAL,OPTIMAL,OPTIMAL,OPTIMAL
SF3A3,INFEASIBLE,OPTIMAL,OPTIMAL,INFEASIBLE
FHL3,OPTIMAL,OPTIMAL,OPTIMAL,OPTIMAL
UTP11,INFEASIBLE,OPTIMAL,OPTIMAL,OPTIMAL
RRAGC,OPTIMAL,OPTIMAL,OPTIMAL,OPTIMAL
MYCBP,OPTIMAL,OPTIMAL,OPTIMAL,OPTIMAL
AKIRIN1,INFEASIBLE,OPTIMAL,OPTIMAL,OPTIMAL
NDUFS5,OPTIMAL,OPTIMAL,OPTIMAL,OPTIMAL
MACF1,INFEASIBLE,OPTIMAL,OPTIMAL,OPTIMAL
PABPC4,OPTIMAL,OPTIMAL,OPTIMAL,OPTIMAL
PPIE,OPTIMAL,OPTIMAL,OPTIMAL,OPTIMAL
BMP8B,OPTIMAL,OPTIMAL,OPTIMAL,OPTIMAL
TRIT1,OPTIMAL,OPTIMAL,OPTIMAL,OPTIMAL
CAP1,OPTIMAL,OPTIMAL,OPTIMAL,OPTIMAL
PPT1,OPTIMAL,OPTIMAL,OPTIMAL,OPTIMAL
RLF,OPTIMAL,OPTIMAL,OPTIMAL,OPTIMAL
ZMPSTE24,INFEASIBLE,OPTIMAL,OPTIMAL,OPTIMAL
SMAP2,OPTIMAL,OPTIMAL,OPTIMAL,OPTIMAL
ZNF684,OPTIMAL,OPTIMAL,OPTIMAL,OPTIMAL
NFYC,OPTIMAL,OPTIMAL,OPTIMAL,OPTIMAL
CTPS1,OPTIMAL,OPTIMAL,OPTIMAL,OPTIMAL
SCMH1,INFEASIBLE,OPTIMAL,OPTIMAL,INFEASIBLE
HIVEP3,OPTIMAL,OPTIMAL,OPTIMAL,OPTIMAL
FOXJ3,OPTIMAL,OPTIMAL,OPTIMAL,OPTIMAL
RIMKLA,OPTIMAL,OPTIMAL,OPTIMAL,OPTIMAL
PPCS,OPTIMAL,OPTIMAL,OPTIMAL,OPTIMAL
PPIH,OPTIMAL,OPTIMAL,OPTIMAL,OPTIMAL
YBX1,OPTIMAL,OPTIMAL,OPTIMAL,OPTIMAL
P3H1,OPTIMAL,OPTIMAL,OPTIMAL,OPTIMAL
C1orf50,OPTIMAL,OPTIMAL,OPTIMAL,OPTIMAL
SVBP,OPTIMAL,OPTIMAL,OPTIMAL,OPTIMAL
ZNF691,OPTIMAL,OPTIMAL,OPTIMAL,OPTIMAL
SLC2A1,OPTIMAL,OPTIMAL,OPTIMAL,OPTIMAL
EBNA1BP2,OPTIMAL,OPTIMAL,OPTIMAL,OPTIMAL
CDC20,OPTIMAL,INFEASIBLE,OPTIMAL,OPTIMAL
ELOVL1,OPTIMAL,OPTIMAL,OPTIMAL,OPTIMAL
MED8,OPTIMAL,OPTIMAL,OPTIMAL,OPTIMAL
SZT2,OPTIMAL,OPTIMAL,OPTIMAL,OPTIMAL
HYI,OPTIMAL,OPTIMAL,OPTIMAL,OPTIMAL
PTPRF,OPTIMAL,OPTIMAL,OPTIMAL,OPTIMAL
KDM4A,OPTIMAL,OPTIMAL,OPTIMAL,OPTIMAL
ST3GAL3,OPTIMAL,OPTIMAL,OPTIMAL,OPTIMAL
IPO13,OPTIMAL,INFEASIBLE,OPTIMAL,OPTIMAL
DPH2,OPTIMAL,OPTIMAL,OPTIMAL,OPTIMAL
ATP6V0B,OPTIMAL,OPTIMAL,OPTIMAL,OPTIMAL
B4GALT2,OPTIMAL,OPTIMAL,OPTIMAL,OPTIMAL
DMAP1,OPTIMAL,OPTIMAL,OPTIMAL,OPTIMAL
ERI3,OPTIMAL,OPTIMAL,OPTIMAL,OPTIMAL
RNF220,OPTIMAL,OPTIMAL,OPTIMAL,OPTIMAL
TMEM53,OPTIMAL,OPTIMAL,OPTIMAL,OPTIMAL
KIF2C,OPTIMAL,OPTIMAL,OPTIMAL,OPTIMAL
RPS8,OPTIMAL,OPTIMAL,OPTIMAL,OPTIMAL
PTCH2,OPTIMAL,OPTIMAL,OPTIMAL,OPTIMAL
EIF2B3,OPTIMAL,INFEASIBLE,OPTIMAL,OPTIMAL
HECTD3,OPTIMAL,OPTIMAL,OPTIMAL,OPTIMAL
UROD,OPTIMAL,OPTIMAL,OPTIMAL,OPTIMAL
ZSWIM5,OPTIMAL,INFEASIBLE,OPTIMAL,OPTIMAL
MUTYH,OPTIMAL,OPTIMAL,OPTIMAL,OPTIMAL
TOE1,OPTIMAL,OPTIMAL,OPTIMAL,OPTIMAL
TESK2,OPTIMAL,INFEASIBLE,OPTIMAL,OPTIMAL
MMACHC,OPTIMAL,OPTIMAL,OPTIMAL,OPTIMAL
PRDX1,OPTIMAL,OPTIMAL,OPTIMAL,OPTIMAL
AKR1A1,OPTIMAL,OPTIMAL,OPTIMAL,OPTIMAL
NASP,INFEASIBLE,OPTIMAL,OPTIMAL,OPTIMAL
GPBP1L1,OPTIMAL,OPTIMAL,OPTIMAL,OPTIMAL
TMEM69,INFEASIBLE,OPTIMAL,OPTIMAL,OPTIMAL
IPP,OPTIMAL,OPTIMAL,OPTIMAL,OPTIMAL
MAST2,OPTIMAL,OPTIMAL,OPTIMAL,OPTIMAL
PIK3R3,OPTIMAL,INFEASIBLE,OPTIMAL,OPTIMAL
POMGNT1,OPTIMAL,OPTIMAL,OPTIMAL,OPTIMAL
RAD54L,OPTIMAL,OPTIMAL,OPTIMAL,OPTIMAL
LRRC41,OPTIMAL,OPTIMAL,OPTIMAL,OPTIMAL
UQCRH,OPTIMAL,OPTIMAL,OPTIMAL,OPTIMAL
NSUN4,OPTIMAL,OPTIMAL,OPTIMAL,OPTIMAL
DMBX1,OPTIMAL,OPTIMAL,OPTIMAL,OPTIMAL
MKNK1,OPTIMAL,OPTIMAL,OPTIMAL,OPTIMAL
ATPAF1,OPTIMAL,OPTIMAL,OPTIMAL,OPTIMAL
EFCAB14,OPTIMAL,OPTIMAL,OPTIMAL,OPTIMAL
STIL,OPTIMAL,OPTIMAL,OPTIMAL,OPTIMAL
CMPK1,OPTIMAL,OPTIMAL,OPTIMAL,OPTIMAL
FOXD2,OPTIMAL,INFEASIBLE,OPTIMAL,OPTIMAL
TRABD2B,OPTIMAL,INFEASIBLE,OPTIMAL,OPTIMAL
SPATA6,OPTIMAL,OPTIMAL,OPTIMAL,OPTIMAL
FAF1,OPTIMAL,OPTIMAL,OPTIMAL,OPTIMAL
CDKN2C,OPTIMAL,OPTIMAL,OPTIMAL,OPTIMAL
RNF11,OPTIMAL,OPTIMAL,OPTIMAL,OPTIMAL
EPS15,OPTIMAL,OPTIMAL,OPTIMAL,OPTIMAL
OSBPL9,INFEASIBLE,OPTIMAL,OPTIMAL,OPTIMAL
NRDC,INFEASIBLE,OPTIMAL,OPTIMAL,INFEASIBLE
RAB3B,OPTIMAL,OPTIMAL,OPTIMAL,OPTIMAL
TXNDC12,OPTIMAL,INFEASIBLE,OPTIMAL,OPTIMAL
KTI12,OPTIMAL,OPTIMAL,OPTIMAL,OPTIMAL
BTF3L4,OPTIMAL,OPTIMAL,OPTIMAL,OPTIMAL
ZFYVE9,INFEASIBLE,OPTIMAL,OPTIMAL,OPTIMAL
CC2D1B,OPTIMAL,OPTIMAL,OPTIMAL,OPTIMAL
ORC1,OPTIMAL,OPTIMAL,OPTIMAL,OPTIMAL
PRPF38A,INFEASIBLE,OPTIMAL,OPTIMAL,OPTIMAL
TUT4,INFEASIBLE,OPTIMAL,OPTIMAL,OPTIMAL
COA7,INFEASIBLE,OPTIMAL,OPTIMAL,OPTIMAL
ZYG11B,OPTIMAL,OPTIMAL,OPTIMAL,OPTIMAL
ZYG11A,OPTIMAL,OPTIMAL,OPTIMAL,OPTIMAL
ECHDC2,OPTIMAL,INFEASIBLE,OPTIMAL,OPTIMAL
SCP2,INFEASIBLE,OPTIMAL,OPTIMAL,OPTIMAL
CPT2,OPTIMAL,OPTIMAL,OPTIMAL,OPTIMAL
CZIB,OPTIMAL,OPTIMAL,OPTIMAL,OPTIMAL
MAGOH,OPTIMAL,OPTIMAL,OPTIMAL,OPTIMAL
LRP8,OPTIMAL,OPTIMAL,OPTIMAL,OPTIMAL
GLIS1,OPTIMAL,OPTIMAL,OPTIMAL,OPTIMAL
NDC1,OPTIMAL,INFEASIBLE,OPTIMAL,OPTIMAL
YIPF1,OPTIMAL,OPTIMAL,OPTIMAL,OPTIMAL
IFT25,OPTIMAL,OPTIMAL,OPTIMAL,OPTIMAL
LRRC42,OPTIMAL,OPTIMAL,OPTIMAL,OPTIMAL
TMEM59,OPTIMAL,OPTIMAL,OPTIMAL,OPTIMAL
TCEANC2,OPTIMAL,OPTIMAL,OPTIMAL,OPTIMAL
CYB5RL,OPTIMAL,OPTIMAL,OPTIMAL,OPTIMAL
MRPL37,OPTIMAL,OPTIMAL,OPTIMAL,OPTIMAL
SSBP3,OPTIMAL,OPTIMAL,OPTIMAL,OPTIMAL
TTC4,OPTIMAL,OPTIMAL,OPTIMAL,OPTIMAL
DHCR24,INFEASIBLE,OPTIMAL,OPTIMAL,OPTIMAL
USP24,INFEASIBLE,OPTIMAL,OPTIMAL,OPTIMAL
PLPP3,OPTIMAL,OPTIMAL,OPTIMAL,OPTIMAL
PRKAA2,OPTIMAL,OPTIMAL,OPTIMAL,OPTIMAL
DAB1,OPTIMAL,OPTIMAL,OPTIMAL,OPTIMAL
OMA1,OPTIMAL,OPTIMAL,OPTIMAL,OPTIMAL
MYSM1,OPTIMAL,OPTIMAL,OPTIMAL,OPTIMAL
JUN,OPTIMAL,OPTIMAL,OPTIMAL,OPTIMAL
FGGY,OPTIMAL,OPTIMAL,OPTIMAL,OPTIMAL
HOOK1,OPTIMAL,OPTIMAL,OPTIMAL,OPTIMAL
NFIA,OPTIMAL,OPTIMAL,OPTIMAL,OPTIMAL
TM2D1,OPTIMAL,OPTIMAL,OPTIMAL,OPTIMAL
PATJ,OPTIMAL,OPTIMAL,OPTIMAL,OPTIMAL
USP1,OPTIMAL,OPTIMAL,OPTIMAL,OPTIMAL
DOCK7,OPTIMAL,INFEASIBLE,OPTIMAL,OPTIMAL
ATG4C,OPTIMAL,OPTIMAL,OPTIMAL,OPTIMAL
ALG6,OPTIMAL,OPTIMAL,OPTIMAL,OPTIMAL
ITGB3BP,OPTIMAL,OPTIMAL,OPTIMAL,OPTIMAL
EFCAB7,OPTIMAL,OPTIMAL,OPTIMAL,OPTIMAL
PGM1,OPTIMAL,OPTIMAL,OPTIMAL,OPTIMAL
ROR1,OPTIMAL,OPTIMAL,OPTIMAL,OPTIMAL
CACHD1,OPTIMAL,INFEASIBLE,OPTIMAL,OPTIMAL
RAVER2,OPTIMAL,OPTIMAL,OPTIMAL,OPTIMAL
JAK1,OPTIMAL,OPTIMAL,OPTIMAL,OPTIMAL
AK4,OPTIMAL,OPTIMAL,OPTIMAL,OPTIMAL
DNAJC6,OPTIMAL,OPTIMAL,OPTIMAL,OPTIMAL
LEPROT,OPTIMAL,OPTIMAL,OPTIMAL,OPTIMAL
LEPR,OPTIMAL,OPTIMAL,OPTIMAL,OPTIMAL
MIER1,OPTIMAL,OPTIMAL,OPTIMAL,OPTIMAL
SLC35D1,OPTIMAL,OPTIMAL,OPTIMAL,OPTIMAL
IL12RB2,OPTIMAL,INFEASIBLE,OPTIMAL,OPTIMAL
SERBP1,INFEASIBLE,OPTIMAL,OPTIMAL,OPTIMAL
GADD45A,OPTIMAL,OPTIMAL,OPTIMAL,OPTIMAL
GNG12,OPTIMAL,OPTIMAL,OPTIMAL,OPTIMAL
WLS,OPTIMAL,OPTIMAL,OPTIMAL,OPTIMAL
DEPDC1,INFEASIBLE,OPTIMAL,OPTIMAL,OPTIMAL
LRRC40,OPTIMAL,OPTIMAL,OPTIMAL,OPTIMAL
SRSF11,OPTIMAL,OPTIMAL,OPTIMAL,OPTIMAL
ANKRD13C,OPTIMAL,OPTIMAL,OPTIMAL,OPTIMAL
CTH,OPTIMAL,OPTIMAL,OPTIMAL,OPTIMAL
ZRANB2,OPTIMAL,OPTIMAL,OPTIMAL,OPTIMAL
LRRIQ3,OPTIMAL,OPTIMAL,OPTIMAL,OPTIMAL
FPGT,OPTIMAL,OPTIMAL,OPTIMAL,OPTIMAL
TNNI3K,INFEASIBLE,INFEASIBLE,OPTIMAL,OPTIMAL
CRYZ,OPTIMAL,OPTIMAL,OPTIMAL,OPTIMAL
TYW3,OPTIMAL,OPTIMAL,OPTIMAL,OPTIMAL
LHX8,OPTIMAL,OPTIMAL,OPTIMAL,OPTIMAL
SLC44A5,OPTIMAL,OPTIMAL,OPTIMAL,OPTIMAL
ACADM,INFEASIBLE,OPTIMAL,OPTIMAL,OPTIMAL
RABGGTB,OPTIMAL,OPTIMAL,OPTIMAL,OPTIMAL
ST6GALNAC3,OPTIMAL,INFEASIBLE,OPTIMAL,OPTIMAL
PIGK,OPTIMAL,OPTIMAL,OPTIMAL,OPTIMAL
ZZZ3,INFEASIBLE,OPTIMAL,OPTIMAL,INFEASIBLE
USP33,INFEASIBLE,OPTIMAL,OPTIMAL,OPTIMAL
MIGA1,OPTIMAL,OPTIMAL,OPTIMAL,OPTIMAL
NEXN,OPTIMAL,OPTIMAL,OPTIMAL,OPTIMAL
FUBP1,INFEASIBLE,OPTIMAL,OPTIMAL,INFEASIBLE
DNAJB4,OPTIMAL,OPTIMAL,OPTIMAL,OPTIMAL
ADGRL2,INFEASIBLE,OPTIMAL,OPTIMAL,OPTIMAL
TTLL7,OPTIMAL,OPTIMAL,OPTIMAL,OPTIMAL
PRKACB,OPTIMAL,OPTIMAL,OPTIMAL,OPTIMAL
RPF1,INFEASIBLE,OPTIMAL,OPTIMAL,OPTIMAL
GNG5,OPTIMAL,OPTIMAL,OPTIMAL,OPTIMAL
CTBS,OPTIMAL,OPTIMAL,OPTIMAL,OPTIMAL
SSX2IP,INFEASIBLE,OPTIMAL,INFEASIBLE,INFEASIBLE
LPAR3,OPTIMAL,OPTIMAL,OPTIMAL,OPTIMAL
MCOLN2,OPTIMAL,OPTIMAL,OPTIMAL,OPTIMAL
DNAI3,OPTIMAL,OPTIMAL,OPTIMAL,OPTIMAL
MCOLN3,OPTIMAL,OPTIMAL,OPTIMAL,OPTIMAL
SYDE2,OPTIMAL,OPTIMAL,OPTIMAL,OPTIMAL
C1orf52,OPTIMAL,OPTIMAL,OPTIMAL,OPTIMAL
BCL10,OPTIMAL,OPTIMAL,OPTIMAL,OPTIMAL
DDAH1,OPTIMAL,OPTIMAL,OPTIMAL,OPTIMAL
CCN1,OPTIMAL,OPTIMAL,OPTIMAL,OPTIMAL
ZNHIT6,OPTIMAL,OPTIMAL,OPTIMAL,OPTIMAL
ODF2L,OPTIMAL,OPTIMAL,OPTIMAL,OPTIMAL
SH3GLB1,OPTIMAL,OPTIMAL,OPTIMAL,OPTIMAL
SELENOF,OPTIMAL,OPTIMAL,OPTIMAL,OPTIMAL
HS2ST1,OPTIMAL,OPTIMAL,OPTIMAL,OPTIMAL
LMO4,OPTIMAL,OPTIMAL,OPTIMAL,OPTIMAL
PKN2,INFEASIBLE,OPTIMAL,OPTIMAL,OPTIMAL
GTF2B,OPTIMAL,OPTIMAL,OPTIMAL,OPTIMAL
KYAT3,OPTIMAL,OPTIMAL,OPTIMAL,OPTIMAL
RBMXL1,OPTIMAL,OPTIMAL,OPTIMAL,OPTIMAL
LRRC8B,OPTIMAL,OPTIMAL,OPTIMAL,OPTIMAL
LRRC8C,OPTIMAL,OPTIMAL,OPTIMAL,OPTIMAL
LRRC8D,OPTIMAL,OPTIMAL,OPTIMAL,OPTIMAL
ZNF326,INFEASIBLE,OPTIMAL,OPTIMAL,OPTIMAL
ZNF644,OPTIMAL,OPTIMAL,OPTIMAL,OPTIMAL
HFM1,OPTIMAL,OPTIMAL,OPTIMAL,OPTIMAL
CDC7,OPTIMAL,OPTIMAL,OPTIMAL,OPTIMAL
TGFBR3,OPTIMAL,OPTIMAL,OPTIMAL,OPTIMAL
BTBD8,OPTIMAL,OPTIMAL,OPTIMAL,OPTIMAL
GLMN,OPTIMAL,OPTIMAL,OPTIMAL,OPTIMAL
RPAP2,INFEASIBLE,OPTIMAL,OPTIMAL,INFEASIBLE
EVI5,OPTIMAL,OPTIMAL,OPTIMAL,OPTIMAL
RPL5,OPTIMAL,OPTIMAL,OPTIMAL,OPTIMAL
DIPK1A,OPTIMAL,OPTIMAL,OPTIMAL,OPTIMAL
MTF2,OPTIMAL,OPTIMAL,OPTIMAL,OPTIMAL
TMED5,OPTIMAL,OPTIMAL,OPTIMAL,OPTIMAL
CCDC18,OPTIMAL,OPTIMAL,OPTIMAL,OPTIMAL
DR1,INFEASIBLE,OPTIMAL,OPTIMAL,OPTIMAL
FNBP1L,INFEASIBLE,OPTIMAL,OPTIMAL,INFEASIBLE
BCAR3,OPTIMAL,OPTIMAL,OPTIMAL,OPTIMAL
DNTTIP2,INFEASIBLE,OPTIMAL,OPTIMAL,OPTIMAL
GCLM,OPTIMAL,OPTIMAL,OPTIMAL,OPTIMAL
ARHGAP29,OPTIMAL,OPTIMAL,OPTIMAL,OPTIMAL
ABCD3,OPTIMAL,OPTIMAL,OPTIMAL,OPTIMAL
CNN3,OPTIMAL,OPTIMAL,OPTIMAL,OPTIMAL
ALG14,OPTIMAL,OPTIMAL,OPTIMAL,OPTIMAL
TLCD4,OPTIMAL,OPTIMAL,OPTIMAL,OPTIMAL
RWDD3,OPTIMAL,OPTIMAL,OPTIMAL,OPTIMAL
PTBP2,OPTIMAL,OPTIMAL,OPTIMAL,OPTIMAL
DPYD,OPTIMAL,OPTIMAL,OPTIMAL,OPTIMAL
SNX7,OPTIMAL,OPTIMAL,OPTIMAL,OPTIMAL
FRRS1,OPTIMAL,OPTIMAL,OPTIMAL,OPTIMAL
AGL,OPTIMAL,OPTIMAL,OPTIMAL,OPTIMAL
SLC35A3,OPTIMAL,OPTIMAL,OPTIMAL,OPTIMAL
MFSD14A,OPTIMAL,OPTIMAL,OPTIMAL,OPTIMAL
SASS6,INFEASIBLE,OPTIMAL,OPTIMAL,INFEASIBLE
TRMT13,OPTIMAL,OPTIMAL,OPTIMAL,OPTIMAL
DBT,OPTIMAL,OPTIMAL,OPTIMAL,OPTIMAL
RTCA,OPTIMAL,OPTIMAL,OPTIMAL,OPTIMAL
CDC14A,INFEASIBLE,OPTIMAL,OPTIMAL,OPTIMAL
EXTL2,OPTIMAL,OPTIMAL,OPTIMAL,OPTIMAL
SLC30A7,OPTIMAL,OPTIMAL,OPTIMAL,OPTIMAL
DPH5,INFEASIBLE,OPTIMAL,OPTIMAL,OPTIMAL
RNPC3,OPTIMAL,OPTIMAL,OPTIMAL,OPTIMAL
PRMT6,OPTIMAL,OPTIMAL,OPTIMAL,OPTIMAL
VAV3,OPTIMAL,OPTIMAL,OPTIMAL,OPTIMAL
SLC25A24,OPTIMAL,OPTIMAL,OPTIMAL,OPTIMAL
EEIG2,OPTIMAL,OPTIMAL,OPTIMAL,OPTIMAL
PRPF38B,INFEASIBLE,OPTIMAL,OPTIMAL,OPTIMAL
STXBP3,INFEASIBLE,OPTIMAL,OPTIMAL,OPTIMAL
GPSM2,OPTIMAL,OPTIMAL,OPTIMAL,OPTIMAL
CLCC1,OPTIMAL,OPTIMAL,OPTIMAL,OPTIMAL
WDR47,OPTIMAL,OPTIMAL,OPTIMAL,OPTIMAL
TAF13,OPTIMAL,OPTIMAL,OPTIMAL,OPTIMAL
TMEM167B,OPTIMAL,OPTIMAL,OPTIMAL,OPTIMAL
SARS1,OPTIMAL,OPTIMAL,OPTIMAL,OPTIMAL
CELSR2,OPTIMAL,OPTIMAL,OPTIMAL,OPTIMAL
PSRC1,INFEASIBLE,OPTIMAL,OPTIMAL,OPTIMAL
SORT1,OPTIMAL,OPTIMAL,OPTIMAL,OPTIMAL
PSMA5,OPTIMAL,OPTIMAL,OPTIMAL,OPTIMAL
GNAI3,INFEASIBLE,OPTIMAL,OPTIMAL,INFEASIBLE
AMPD2,OPTIMAL,OPTIMAL,OPTIMAL,OPTIMAL
GSTM3,OPTIMAL,OPTIMAL,OPTIMAL,OPTIMAL
AHCYL1,OPTIMAL,OPTIMAL,OPTIMAL,OPTIMAL
STRIP1,OPTIMAL,INFEASIBLE,OPTIMAL,OPTIMAL
KCNC4,OPTIMAL,OPTIMAL,OPTIMAL,OPTIMAL
RBM15,OPTIMAL,OPTIMAL,OPTIMAL,OPTIMAL
SLC16A4,OPTIMAL,OPTIMAL,OPTIMAL,OPTIMAL
LAMTOR5,OPTIMAL,OPTIMAL,OPTIMAL,OPTIMAL
LRIF1,OPTIMAL,OPTIMAL,OPTIMAL,OPTIMAL
DRAM2,OPTIMAL,OPTIMAL,OPTIMAL,OPTIMAL
CEPT1,OPTIMAL,INFEASIBLE,OPTIMAL,OPTIMAL
WDR77,INFEASIBLE,OPTIMAL,OPTIMAL,OPTIMAL
ATP5PB,OPTIMAL,OPTIMAL,OPTIMAL,OPTIMAL
RAP1A,INFEASIBLE,OPTIMAL,OPTIMAL,OPTIMAL
DDX20,OPTIMAL,OPTIMAL,OPTIMAL,OPTIMAL
CTTNBP2NL,OPTIMAL,OPTIMAL,OPTIMAL,OPTIMAL
ST7L,OPTIMAL,OPTIMAL,OPTIMAL,OPTIMAL
CAPZA1,INFEASIBLE,OPTIMAL,OPTIMAL,OPTIMAL
MOV10,OPTIMAL,OPTIMAL,OPTIMAL,OPTIMAL
RHOC,OPTIMAL,OPTIMAL,OPTIMAL,OPTIMAL
SLC16A1,OPTIMAL,OPTIMAL,OPTIMAL,OPTIMAL
LRIG2,OPTIMAL,OPTIMAL,OPTIMAL,OPTIMAL
MAGI3,OPTIMAL,OPTIMAL,OPTIMAL,OPTIMAL
PHTF1,OPTIMAL,OPTIMAL,OPTIMAL,OPTIMAL
RSBN1,OPTIMAL,OPTIMAL,OPTIMAL,OPTIMAL
AP4B1,OPTIMAL,INFEASIBLE,OPTIMAL,OPTIMAL
DCLRE1B,OPTIMAL,OPTIMAL,OPTIMAL,OPTIMAL
HIPK1,OPTIMAL,OPTIMAL,OPTIMAL,OPTIMAL
TRIM33,OPTIMAL,INFEASIBLE,OPTIMAL,OPTIMAL
BCAS2,OPTIMAL,OPTIMAL,OPTIMAL,OPTIMAL
DENND2C,OPTIMAL,INFEASIBLE,OPTIMAL,OPTIMAL
NRAS,OPTIMAL,OPTIMAL,OPTIMAL,OPTIMAL
CSDE1,INFEASIBLE,OPTIMAL,OPTIMAL,INFEASIBLE
SIKE1,OPTIMAL,OPTIMAL,OPTIMAL,OPTIMAL
VANGL1,OPTIMAL,OPTIMAL,OPTIMAL,OPTIMAL
SLC22A15,OPTIMAL,OPTIMAL,OPTIMAL,OPTIMAL
ATP1A1,OPTIMAL,OPTIMAL,OPTIMAL,OPTIMAL
CD58,OPTIMAL,OPTIMAL,OPTIMAL,OPTIMAL
IGSF3,OPTIMAL,OPTIMAL,OPTIMAL,OPTIMAL
PTGFRN,OPTIMAL,INFEASIBLE,OPTIMAL,OPTIMAL
TTF2,INFEASIBLE,OPTIMAL,OPTIMAL,INFEASIBLE
MAN1A2,INFEASIBLE,OPTIMAL,OPTIMAL,INFEASIBLE
GDAP2,OPTIMAL,OPTIMAL,OPTIMAL,OPTIMAL
WDR3,INFEASIBLE,OPTIMAL,OPTIMAL,INFEASIBLE
WARS2,OPTIMAL,OPTIMAL,OPTIMAL,OPTIMAL
ZNF697,OPTIMAL,OPTIMAL,OPTIMAL,OPTIMAL
PHGDH,INFEASIBLE,OPTIMAL,OPTIMAL,OPTIMAL
NOTCH2,OPTIMAL,OPTIMAL,OPTIMAL,OPTIMAL
SEC22B,OPTIMAL,OPTIMAL,OPTIMAL,OPTIMAL
NBPF8,OPTIMAL,OPTIMAL,OPTIMAL,OPTIMAL
FAM72B,OPTIMAL,INFEASIBLE,OPTIMAL,OPTIMAL
SRGAP2C,OPTIMAL,OPTIMAL,OPTIMAL,OPTIMAL
NBPF15,OPTIMAL,OPTIMAL,OPTIMAL,OPTIMAL
SRGAP2B,OPTIMAL,OPTIMAL,OPTIMAL,OPTIMAL
NBPF20,OPTIMAL,INFEASIBLE,OPTIMAL,INFEASIBLE
GPR89A,INFEASIBLE,OPTIMAL,OPTIMAL,OPTIMAL
RNF115,OPTIMAL,OPTIMAL,OPTIMAL,OPTIMAL
POLR3C,OPTIMAL,OPTIMAL,OPTIMAL,OPTIMAL
PIAS3,OPTIMAL,OPTIMAL,OPTIMAL,OPTIMAL
PEX11B,INFEASIBLE,OPTIMAL,OPTIMAL,OPTIMAL
RBM8A,OPTIMAL,OPTIMAL,OPTIMAL,OPTIMAL
LIX1L,OPTIMAL,OPTIMAL,OPTIMAL,OPTIMAL
POLR3GL,OPTIMAL,OPTIMAL,OPTIMAL,OPTIMAL
TXNIP,OPTIMAL,OPTIMAL,OPTIMAL,OPTIMAL
NOTCH2NLA,OPTIMAL,OPTIMAL,OPTIMAL,OPTIMAL
NBPF12,OPTIMAL,OPTIMAL,OPTIMAL,OPTIMAL
PRKAB2,OPTIMAL,OPTIMAL,OPTIMAL,OPTIMAL
BCL9,INFEASIBLE,OPTIMAL,OPTIMAL,OPTIMAL
ACP6,OPTIMAL,OPTIMAL,OPTIMAL,OPTIMAL
GPR89B,OPTIMAL,OPTIMAL,INFEASIBLE,OPTIMAL
NBPF11,OPTIMAL,OPTIMAL,OPTIMAL,OPTIMAL
PDE4DIP,OPTIMAL,OPTIMAL,OPTIMAL,OPTIMAL
NBPF9,OPTIMAL,OPTIMAL,OPTIMAL,OPTIMAL
NOTCH2NLC,OPTIMAL,OPTIMAL,OPTIMAL,OPTIMAL
BOLA1,OPTIMAL,OPTIMAL,OPTIMAL,OPTIMAL
SV2A,INFEASIBLE,OPTIMAL,OPTIMAL,OPTIMAL
SF3B4,OPTIMAL,OPTIMAL,OPTIMAL,OPTIMAL
OTUD7B,OPTIMAL,OPTIMAL,OPTIMAL,OPTIMAL
VPS45,OPTIMAL,OPTIMAL,OPTIMAL,OPTIMAL
PLEKHO1,OPTIMAL,OPTIMAL,OPTIMAL,OPTIMAL
ANP32E,INFEASIBLE,OPTIMAL,OPTIMAL,INFEASIBLE
APH1A,OPTIMAL,OPTIMAL,OPTIMAL,OPTIMAL
C1orf54,OPTIMAL,OPTIMAL,OPTIMAL,OPTIMAL
MRPS21,OPTIMAL,OPTIMAL,OPTIMAL,OPTIMAL
PRPF3,OPTIMAL,OPTIMAL,OPTIMAL,OPTIMAL
RPRD2,OPTIMAL,OPTIMAL,OPTIMAL,OPTIMAL
TARS2,OPTIMAL,OPTIMAL,OPTIMAL,OPTIMAL
MCL1,OPTIMAL,OPTIMAL,OPTIMAL,OPTIMAL
ENSA,INFEASIBLE,OPTIMAL,OPTIMAL,OPTIMAL
GOLPH3L,INFEASIBLE,OPTIMAL,OPTIMAL,OPTIMAL
ARNT,OPTIMAL,OPTIMAL,OPTIMAL,OPTIMAL
SETDB1,INFEASIBLE,OPTIMAL,OPTIMAL,OPTIMAL
CERS2,INFEASIBLE,OPTIMAL,OPTIMAL,OPTIMAL
MINDY1,OPTIMAL,OPTIMAL,OPTIMAL,OPTIMAL
PRUNE1,OPTIMAL,OPTIMAL,OPTIMAL,OPTIMAL
C1orf56,INFEASIBLE,OPTIMAL,OPTIMAL,INFEASIBLE
CDC42SE1,OPTIMAL,OPTIMAL,OPTIMAL,OPTIMAL
GABPB2,OPTIMAL,OPTIMAL,OPTIMAL,OPTIMAL
SCNM1,OPTIMAL,OPTIMAL,OPTIMAL,OPTIMAL
LYSMD1,INFEASIBLE,OPTIMAL,OPTIMAL,INFEASIBLE
VPS72,INFEASIBLE,OPTIMAL,OPTIMAL,OPTIMAL
PIP5K1A,OPTIMAL,OPTIMAL,OPTIMAL,OPTIMAL
PSMD4,OPTIMAL,OPTIMAL,OPTIMAL,OPTIMAL
ZNF687,OPTIMAL,OPTIMAL,OPTIMAL,OPTIMAL
PI4KB,OPTIMAL,OPTIMAL,OPTIMAL,OPTIMAL
RFX5,OPTIMAL,INFEASIBLE,OPTIMAL,OPTIMAL
SELENBP1,OPTIMAL,OPTIMAL,OPTIMAL,OPTIMAL
PSMB4,OPTIMAL,OPTIMAL,OPTIMAL,OPTIMAL
POGZ,OPTIMAL,OPTIMAL,OPTIMAL,OPTIMAL
CGN,OPTIMAL,OPTIMAL,OPTIMAL,OPTIMAL
SNX27,OPTIMAL,OPTIMAL,OPTIMAL,OPTIMAL
MRPL9,OPTIMAL,OPTIMAL,OPTIMAL,OPTIMAL
TDRKH,OPTIMAL,OPTIMAL,OPTIMAL,OPTIMAL
THEM4,OPTIMAL,OPTIMAL,OPTIMAL,OPTIMAL
S100A10,OPTIMAL,OPTIMAL,OPTIMAL,OPTIMAL
S100A11,OPTIMAL,OPTIMAL,OPTIMAL,OPTIMAL
S100A13,OPTIMAL,OPTIMAL,OPTIMAL,OPTIMAL
CHTOP,OPTIMAL,OPTIMAL,OPTIMAL,OPTIMAL
SNAPIN,OPTIMAL,OPTIMAL,OPTIMAL,OPTIMAL
ILF2,OPTIMAL,OPTIMAL,OPTIMAL,OPTIMAL
INTS3,OPTIMAL,OPTIMAL,OPTIMAL,OPTIMAL
GATAD2B,OPTIMAL,OPTIMAL,OPTIMAL,OPTIMAL
DENND4B,OPTIMAL,OPTIMAL,OPTIMAL,OPTIMAL
CRTC2,OPTIMAL,OPTIMAL,OPTIMAL,OPTIMAL
SLC39A1,OPTIMAL,OPTIMAL,OPTIMAL,OPTIMAL
JTB,OPTIMAL,OPTIMAL,OPTIMAL,OPTIMAL
RAB13,OPTIMAL,OPTIMAL,OPTIMAL,OPTIMAL
RPS27,OPTIMAL,OPTIMAL,OPTIMAL,OPTIMAL
NUP210L,OPTIMAL,OPTIMAL,OPTIMAL,INFEASIBLE
TPM3,INFEASIBLE,OPTIMAL,INFEASIBLE,OPTIMAL
C1orf43,OPTIMAL,OPTIMAL,OPTIMAL,OPTIMAL
UBAP2L,OPTIMAL,OPTIMAL,OPTIMAL,OPTIMAL
HAX1,OPTIMAL,OPTIMAL,OPTIMAL,OPTIMAL
ATP8B2,OPTIMAL,OPTIMAL,OPTIMAL,OPTIMAL
UBE2Q1,INFEASIBLE,OPTIMAL,OPTIMAL,OPTIMAL
ADAR,OPTIMAL,OPTIMAL,OPTIMAL,OPTIMAL
PMVK,OPTIMAL,OPTIMAL,OPTIMAL,OPTIMAL
PYGO2,OPTIMAL,OPTIMAL,OPTIMAL,OPTIMAL
SHC1,OPTIMAL,OPTIMAL,OPTIMAL,OPTIMAL
CKS1B,OPTIMAL,OPTIMAL,OPTIMAL,OPTIMAL
FLAD1,OPTIMAL,OPTIMAL,OPTIMAL,OPTIMAL
ADAM15,OPTIMAL,OPTIMAL,OPTIMAL,OPTIMAL
SLC50A1,OPTIMAL,OPTIMAL,OPTIMAL,OPTIMAL
DPM3,OPTIMAL,OPTIMAL,OPTIMAL,OPTIMAL
KRTCAP2,OPTIMAL,OPTIMAL,OPTIMAL,OPTIMAL
MTX1,OPTIMAL,OPTIMAL,OPTIMAL,OPTIMAL
GBA1,OPTIMAL,OPTIMAL,OPTIMAL,OPTIMAL
ENTREP3,OPTIMAL,OPTIMAL,OPTIMAL,OPTIMAL
SCAMP3,OPTIMAL,OPTIMAL,OPTIMAL,OPTIMAL
CLK2,OPTIMAL,OPTIMAL,OPTIMAL,OPTIMAL
FDPS,OPTIMAL,OPTIMAL,OPTIMAL,OPTIMAL
RUSC1,OPTIMAL,OPTIMAL,OPTIMAL,OPTIMAL
ASH1L,OPTIMAL,OPTIMAL,OPTIMAL,OPTIMAL
MSTO1,OPTIMAL,OPTIMAL,OPTIMAL,OPTIMAL
YY1AP1,OPTIMAL,OPTIMAL,OPTIMAL,OPTIMAL
DAP3,OPTIMAL,OPTIMAL,OPTIMAL,OPTIMAL
GON4L,OPTIMAL,INFEASIBLE,OPTIMAL,OPTIMAL
RIT1,OPTIMAL,OPTIMAL,OPTIMAL,OPTIMAL
KHDC4,OPTIMAL,INFEASIBLE,OPTIMAL,OPTIMAL
ARHGEF2,INFEASIBLE,OPTIMAL,OPTIMAL,OPTIMAL
SSR2,OPTIMAL,OPTIMAL,OPTIMAL,OPTIMAL
UBQLN4,OPTIMAL,OPTIMAL,OPTIMAL,OPTIMAL
LAMTOR2,OPTIMAL,OPTIMAL,OPTIMAL,OPTIMAL
MEX3A,INFEASIBLE,OPTIMAL,OPTIMAL,OPTIMAL
LMNA,OPTIMAL,OPTIMAL,OPTIMAL,OPTIMAL
SLC25A44,OPTIMAL,OPTIMAL,OPTIMAL,OPTIMAL
PMF1,OPTIMAL,OPTIMAL,OPTIMAL,OPTIMAL
SMG5,OPTIMAL,OPTIMAL,OPTIMAL,OPTIMAL
GLMP,OPTIMAL,OPTIMAL,OPTIMAL,OPTIMAL
CCT3,INFEASIBLE,OPTIMAL,OPTIMAL,OPTIMAL
TSACC,OPTIMAL,OPTIMAL,OPTIMAL,OPTIMAL
MEF2D,OPTIMAL,OPTIMAL,OPTIMAL,OPTIMAL
IQGAP3,INFEASIBLE,OPTIMAL,INFEASIBLE,INFEASIBLE
NAXE,OPTIMAL,OPTIMAL,OPTIMAL,OPTIMAL
GPATCH4,INFEASIBLE,OPTIMAL,OPTIMAL,OPTIMAL
CRABP2,OPTIMAL,OPTIMAL,OPTIMAL,OPTIMAL
ISG20L2,OPTIMAL,OPTIMAL,OPTIMAL,OPTIMAL
METTL25B,OPTIMAL,OPTIMAL,OPTIMAL,OPTIMAL
MRPL24,OPTIMAL,OPTIMAL,OPTIMAL,OPTIMAL
HDGF,INFEASIBLE,OPTIMAL,OPTIMAL,INFEASIBLE
PRCC,OPTIMAL,OPTIMAL,OPTIMAL,OPTIMAL
ARHGEF11,INFEASIBLE,OPTIMAL,OPTIMAL,OPTIMAL
ETV3,OPTIMAL,OPTIMAL,OPTIMAL,OPTIMAL
KIRREL1,OPTIMAL,INFEASIBLE,OPTIMAL,OPTIMAL
TAGLN2,OPTIMAL,OPTIMAL,OPTIMAL,OPTIMAL
PIGM,OPTIMAL,OPTIMAL,OPTIMAL,OPTIMAL
PEA15,OPTIMAL,OPTIMAL,OPTIMAL,OPTIMAL
DCAF8,OPTIMAL,OPTIMAL,OPTIMAL,OPTIMAL
PEX19,OPTIMAL,OPTIMAL,OPTIMAL,OPTIMAL
COPA,OPTIMAL,OPTIMAL,OPTIMAL,OPTIMAL
NCSTN,OPTIMAL,OPTIMAL,OPTIMAL,OPTIMAL
VANGL2,OPTIMAL,OPTIMAL,OPTIMAL,OPTIMAL
F11R,OPTIMAL,OPTIMAL,OPTIMAL,OPTIMAL
USF1,OPTIMAL,OPTIMAL,OPTIMAL,OPTIMAL
PFDN2,OPTIMAL,OPTIMAL,OPTIMAL,OPTIMAL
NIT1,OPTIMAL,OPTIMAL,OPTIMAL,OPTIMAL
DEDD,OPTIMAL,OPTIMAL,OPTIMAL,OPTIMAL
UFC1,OPTIMAL,OPTIMAL,OPTIMAL,OPTIMAL
USP21,OPTIMAL,OPTIMAL,OPTIMAL,OPTIMAL
PPOX,OPTIMAL,OPTIMAL,OPTIMAL,OPTIMAL
B4GALT3,OPTIMAL,OPTIMAL,OPTIMAL,OPTIMAL
NDUFS2,OPTIMAL,OPTIMAL,OPTIMAL,OPTIMAL
TOMM40L,OPTIMAL,OPTIMAL,OPTIMAL,OPTIMAL
SDHC,INFEASIBLE,OPTIMAL,OPTIMAL,OPTIMAL
DUSP12,OPTIMAL,OPTIMAL,OPTIMAL,OPTIMAL
ATF6,OPTIMAL,OPTIMAL,OPTIMAL,OPTIMAL
NOS1AP,OPTIMAL,OPTIMAL,OPTIMAL,OPTIMAL
UHMK1,INFEASIBLE,OPTIMAL,OPTIMAL,OPTIMAL
UAP1,OPTIMAL,OPTIMAL,OPTIMAL,OPTIMAL
DDR2,OPTIMAL,OPTIMAL,OPTIMAL,OPTIMAL
HSD17B7,OPTIMAL,OPTIMAL,OPTIMAL,OPTIMAL
NUF2,INFEASIBLE,OPTIMAL,OPTIMAL,OPTIMAL
PBX1,OPTIMAL,OPTIMAL,OPTIMAL,OPTIMAL
MGST3,OPTIMAL,OPTIMAL,OPTIMAL,OPTIMAL
ALDH9A1,OPTIMAL,OPTIMAL,OPTIMAL,OPTIMAL
TMCO1,OPTIMAL,OPTIMAL,OPTIMAL,OPTIMAL
UCK2,OPTIMAL,OPTIMAL,OPTIMAL,OPTIMAL
POGK,OPTIMAL,OPTIMAL,OPTIMAL,OPTIMAL
TADA1,OPTIMAL,OPTIMAL,OPTIMAL,OPTIMAL
POU2F1,OPTIMAL,OPTIMAL,OPTIMAL,OPTIMAL
CREG1,OPTIMAL,OPTIMAL,OPTIMAL,OPTIMAL
MPZL1,OPTIMAL,OPTIMAL,OPTIMAL,OPTIMAL
MPC2,OPTIMAL,OPTIMAL,OPTIMAL,OPTIMAL
DCAF6,OPTIMAL,OPTIMAL,OPTIMAL,OPTIMAL
GPR161,OPTIMAL,OPTIMAL,OPTIMAL,OPTIMAL
TIPRL,INFEASIBLE,OPTIMAL,OPTIMAL,OPTIMAL
SFT2D2,OPTIMAL,OPTIMAL,OPTIMAL,OPTIMAL
ATP1B1,INFEASIBLE,OPTIMAL,OPTIMAL,OPTIMAL
NME7,OPTIMAL,INFEASIBLE,OPTIMAL,OPTIMAL
BLZF1,OPTIMAL,OPTIMAL,OPTIMAL,OPTIMAL
CCDC181,OPTIMAL,OPTIMAL,OPTIMAL,OPTIMAL
SLC19A2,OPTIMAL,OPTIMAL,OPTIMAL,OPTIMAL
C1orf112,OPTIMAL,OPTIMAL,OPTIMAL,OPTIMAL
METTL18,OPTIMAL,OPTIMAL,OPTIMAL,OPTIMAL
SCYL3,OPTIMAL,OPTIMAL,OPTIMAL,OPTIMAL
KIFAP3,OPTIMAL,OPTIMAL,OPTIMAL,OPTIMAL
GORAB,OPTIMAL,OPTIMAL,OPTIMAL,OPTIMAL
PRRC2C,INFEASIBLE,OPTIMAL,OPTIMAL,INFEASIBLE
VAMP4,OPTIMAL,OPTIMAL,OPTIMAL,OPTIMAL
METTL13,OPTIMAL,OPTIMAL,OPTIMAL,OPTIMAL
DNM3,OPTIMAL,OPTIMAL,OPTIMAL,OPTIMAL
PIGC,OPTIMAL,OPTIMAL,OPTIMAL,OPTIMAL
SUCO,INFEASIBLE,OPTIMAL,OPTIMAL,OPTIMAL
PRDX6,OPTIMAL,OPTIMAL,OPTIMAL,OPTIMAL
KLHL20,OPTIMAL,OPTIMAL,OPTIMAL,OPTIMAL
CENPL,OPTIMAL,OPTIMAL,OPTIMAL,OPTIMAL
DARS2,OPTIMAL,OPTIMAL,OPTIMAL,OPTIMAL
ZBTB37,OPTIMAL,OPTIMAL,OPTIMAL,OPTIMAL
RC3H1,OPTIMAL,OPTIMAL,OPTIMAL,OPTIMAL
RABGAP1L,OPTIMAL,INFEASIBLE,OPTIMAL,OPTIMAL
CACYBP,OPTIMAL,OPTIMAL,OPTIMAL,OPTIMAL
MRPS14,OPTIMAL,OPTIMAL,OPTIMAL,OPTIMAL
COP1,OPTIMAL,OPTIMAL,OPTIMAL,OPTIMAL
RASAL2,OPTIMAL,OPTIMAL,OPTIMAL,OPTIMAL
RALGPS2,INFEASIBLE,OPTIMAL,INFEASIBLE,INFEASIBLE
FAM20B,OPTIMAL,OPTIMAL,OPTIMAL,OPTIMAL
TOR3A,OPTIMAL,OPTIMAL,OPTIMAL,OPTIMAL
ABL2,OPTIMAL,OPTIMAL,OPTIMAL,OPTIMAL
SOAT1,OPTIMAL,OPTIMAL,OPTIMAL,OPTIMAL
TOR1AIP2,OPTIMAL,OPTIMAL,OPTIMAL,OPTIMAL
TOR1AIP1,OPTIMAL,OPTIMAL,OPTIMAL,OPTIMAL
CEP350,INFEASIBLE,OPTIMAL,OPTIMAL,INFEASIBLE
QSOX1,OPTIMAL,INFEASIBLE,OPTIMAL,OPTIMAL
ACBD6,INFEASIBLE,OPTIMAL,OPTIMAL,OPTIMAL
XPR1,OPTIMAL,INFEASIBLE,OPTIMAL,OPTIMAL
STX6,OPTIMAL,OPTIMAL,OPTIMAL,OPTIMAL
IER5,OPTIMAL,OPTIMAL,INFEASIBLE,OPTIMAL
GLUL,OPTIMAL,OPTIMAL,OPTIMAL,OPTIMAL
RGS16,OPTIMAL,OPTIMAL,OPTIMAL,OPTIMAL
NPL,OPTIMAL,OPTIMAL,OPTIMAL,OPTIMAL
DHX9,INFEASIBLE,OPTIMAL,OPTIMAL,OPTIMAL
LAMC1,OPTIMAL,INFEASIBLE,OPTIMAL,OPTIMAL
SMG7,OPTIMAL,OPTIMAL,OPTIMAL,OPTIMAL
ARPC5,OPTIMAL,OPTIMAL,OPTIMAL,OPTIMAL
RGL1,OPTIMAL,OPTIMAL,OPTIMAL,OPTIMAL
TSEN15,OPTIMAL,OPTIMAL,OPTIMAL,OPTIMAL
C1orf21,OPTIMAL,OPTIMAL,OPTIMAL,OPTIMAL
EDEM3,OPTIMAL,OPTIMAL,OPTIMAL,OPTIMAL
NIBAN1,OPTIMAL,OPTIMAL,OPTIMAL,OPTIMAL
RNF2,OPTIMAL,OPTIMAL,OPTIMAL,OPTIMAL
TRMT1L,OPTIMAL,OPTIMAL,OPTIMAL,OPTIMAL
SWT1,OPTIMAL,INFEASIBLE,OPTIMAL,OPTIMAL
IVNS1ABP,OPTIMAL,OPTIMAL,OPTIMAL,OPTIMAL
HMCN1,OPTIMAL,OPTIMAL,OPTIMAL,OPTIMAL
TPR,INFEASIBLE,OPTIMAL,OPTIMAL,INFEASIBLE
ODR4,INFEASIBLE,OPTIMAL,OPTIMAL,OPTIMAL
PLA2G4A,OPTIMAL,OPTIMAL,OPTIMAL,OPTIMAL
BRINP3,OPTIMAL,OPTIMAL,OPTIMAL,OPTIMAL
UCHL5,INFEASIBLE,OPTIMAL,OPTIMAL,OPTIMAL
RO60,OPTIMAL,OPTIMAL,OPTIMAL,OPTIMAL
GLRX2,OPTIMAL,OPTIMAL,OPTIMAL,OPTIMAL
CDC73,INFEASIBLE,INFEASIBLE,OPTIMAL,OPTIMAL
KCNT2,OPTIMAL,INFEASIBLE,OPTIMAL,OPTIMAL
ASPM,INFEASIBLE,OPTIMAL,OPTIMAL,INFEASIBLE
ZBTB41,INFEASIBLE,OPTIMAL,OPTIMAL,OPTIMAL
DENND1B,OPTIMAL,OPTIMAL,OPTIMAL,OPTIMAL
C1orf53,OPTIMAL,OPTIMAL,OPTIMAL,OPTIMAL
NEK7,INFEASIBLE,OPTIMAL,OPTIMAL,OPTIMAL
ZNF281,INFEASIBLE,OPTIMAL,OPTIMAL,OPTIMAL
KIF14,INFEASIBLE,OPTIMAL,OPTIMAL,OPTIMAL
DDX59,OPTIMAL,OPTIMAL,OPTIMAL,OPTIMAL
CAMSAP2,OPTIMAL,OPTIMAL,OPTIMAL,OPTIMAL
TMEM9,OPTIMAL,OPTIMAL,OPTIMAL,OPTIMAL
NAV1,OPTIMAL,INFEASIBLE,OPTIMAL,OPTIMAL
IPO9,OPTIMAL,OPTIMAL,OPTIMAL,OPTIMAL
TIMM17A,OPTIMAL,OPTIMAL,OPTIMAL,OPTIMAL
RNPEP,OPTIMAL,OPTIMAL,OPTIMAL,OPTIMAL
ARL8A,OPTIMAL,OPTIMAL,OPTIMAL,OPTIMAL
UBE2T,OPTIMAL,OPTIMAL,OPTIMAL,OPTIMAL
PPP1R12B,OPTIMAL,OPTIMAL,OPTIMAL,OPTIMAL
SYT2,INFEASIBLE,OPTIMAL,INFEASIBLE,OPTIMAL
KDM5B,INFEASIBLE,OPTIMAL,OPTIMAL,INFEASIBLE
RABIF,OPTIMAL,OPTIMAL,OPTIMAL,OPTIMAL
KLHL12,OPTIMAL,OPTIMAL,OPTIMAL,OPTIMAL
ADIPOR1,OPTIMAL,OPTIMAL,OPTIMAL,OPTIMAL
CYB5R1,OPTIMAL,OPTIMAL,OPTIMAL,OPTIMAL
TMEM183A,OPTIMAL,OPTIMAL,OPTIMAL,OPTIMAL
BTG2,OPTIMAL,OPTIMAL,OPTIMAL,OPTIMAL
ATP2B4,OPTIMAL,OPTIMAL,OPTIMAL,OPTIMAL
SNRPE,OPTIMAL,OPTIMAL,OPTIMAL,OPTIMAL
SOX13,OPTIMAL,OPTIMAL,OPTIMAL,OPTIMAL
ETNK2,OPTIMAL,OPTIMAL,OPTIMAL,OPTIMAL
PPP1R15B,OPTIMAL,OPTIMAL,OPTIMAL,OPTIMAL
PIK3C2B,OPTIMAL,OPTIMAL,OPTIMAL,OPTIMAL
MDM4,INFEASIBLE,OPTIMAL,OPTIMAL,OPTIMAL
RBBP5,OPTIMAL,OPTIMAL,OPTIMAL,OPTIMAL
DSTYK,OPTIMAL,OPTIMAL,OPTIMAL,OPTIMAL
CDK18,OPTIMAL,OPTIMAL,OPTIMAL,OPTIMAL
ELK4,OPTIMAL,OPTIMAL,OPTIMAL,OPTIMAL
NUCKS1,OPTIMAL,OPTIMAL,OPTIMAL,OPTIMAL
RAB29,INFEASIBLE,OPTIMAL,OPTIMAL,OPTIMAL
SLC41A1,OPTIMAL,OPTIMAL,OPTIMAL,OPTIMAL
SRGAP2,OPTIMAL,OPTIMAL,OPTIMAL,OPTIMAL
EIF2D,INFEASIBLE,OPTIMAL,OPTIMAL,OPTIMAL
DYRK3,INFEASIBLE,OPTIMAL,OPTIMAL,OPTIMAL
MAPKAPK2,OPTIMAL,OPTIMAL,OPTIMAL,OPTIMAL
PFKFB2,OPTIMAL,OPTIMAL,OPTIMAL,OPTIMAL
YOD1,OPTIMAL,OPTIMAL,OPTIMAL,OPTIMAL
CD55,OPTIMAL,OPTIMAL,OPTIMAL,OPTIMAL
CD46,OPTIMAL,OPTIMAL,OPTIMAL,OPTIMAL
PLXNA2,OPTIMAL,OPTIMAL,OPTIMAL,OPTIMAL
C1orf74,OPTIMAL,OPTIMAL,OPTIMAL,OPTIMAL
UTP25,INFEASIBLE,OPTIMAL,OPTIMAL,OPTIMAL
SYT14,OPTIMAL,OPTIMAL,OPTIMAL,OPTIMAL
SERTAD4,OPTIMAL,OPTIMAL,OPTIMAL,OPTIMAL
HHAT,OPTIMAL,OPTIMAL,OPTIMAL,OPTIMAL
RCOR3,OPTIMAL,OPTIMAL,OPTIMAL,OPTIMAL
TRAF5,OPTIMAL,INFEASIBLE,OPTIMAL,OPTIMAL
NEK2,INFEASIBLE,OPTIMAL,INFEASIBLE,OPTIMAL
LPGAT1,OPTIMAL,OPTIMAL,OPTIMAL,OPTIMAL
INTS7,OPTIMAL,OPTIMAL,OPTIMAL,OPTIMAL
DTL,OPTIMAL,OPTIMAL,OPTIMAL,OPTIMAL
PPP2R5A,OPTIMAL,OPTIMAL,OPTIMAL,OPTIMAL
PACC1,OPTIMAL,OPTIMAL,OPTIMAL,OPTIMAL
NENF,OPTIMAL,OPTIMAL,OPTIMAL,OPTIMAL
ATF3,OPTIMAL,OPTIMAL,OPTIMAL,OPTIMAL
BATF3,OPTIMAL,OPTIMAL,OPTIMAL,OPTIMAL
NSL1,INFEASIBLE,OPTIMAL,OPTIMAL,OPTIMAL
TATDN3,OPTIMAL,OPTIMAL,OPTIMAL,OPTIMAL
FLVCR1,OPTIMAL,OPTIMAL,OPTIMAL,OPTIMAL
ANGEL2,OPTIMAL,OPTIMAL,OPTIMAL,OPTIMAL
RPS6KC1,OPTIMAL,INFEASIBLE,OPTIMAL,OPTIMAL
SMYD2,OPTIMAL,OPTIMAL,OPTIMAL,OPTIMAL
PTPN14,OPTIMAL,OPTIMAL,OPTIMAL,OPTIMAL
CENPF,INFEASIBLE,OPTIMAL,INFEASIBLE,INFEASIBLE
KCTD3,INFEASIBLE,OPTIMAL,OPTIMAL,OPTIMAL
ESRRG,OPTIMAL,OPTIMAL,OPTIMAL,OPTIMAL
GPATCH2,INFEASIBLE,OPTIMAL,OPTIMAL,OPTIMAL
SPATA17,OPTIMAL,OPTIMAL,OPTIMAL,OPTIMAL
RRP15,OPTIMAL,OPTIMAL,OPTIMAL,OPTIMAL
TGFB2,INFEASIBLE,INFEASIBLE,OPTIMAL,INFEASIBLE
LYPLAL1,OPTIMAL,OPTIMAL,OPTIMAL,OPTIMAL
SLC30A10,INFEASIBLE,INFEASIBLE,INFEASIBLE,OPTIMAL
EPRS1,INFEASIBLE,OPTIMAL,INFEASIBLE,OPTIMAL
BPNT1,OPTIMAL,OPTIMAL,OPTIMAL,OPTIMAL
IARS2,OPTIMAL,OPTIMAL,OPTIMAL,OPTIMAL
RAB3GAP2,OPTIMAL,OPTIMAL,OPTIMAL,OPTIMAL
MARK1,INFEASIBLE,OPTIMAL,OPTIMAL,OPTIMAL
MTARC2,OPTIMAL,OPTIMAL,OPTIMAL,OPTIMAL
MTARC1,OPTIMAL,OPTIMAL,OPTIMAL,OPTIMAL
TAF1A,INFEASIBLE,OPTIMAL,OPTIMAL,OPTIMAL
MIA3,INFEASIBLE,OPTIMAL,OPTIMAL,INFEASIBLE
AIDA,OPTIMAL,OPTIMAL,OPTIMAL,OPTIMAL
BROX,OPTIMAL,OPTIMAL,OPTIMAL,OPTIMAL
DISP1,OPTIMAL,OPTIMAL,OPTIMAL,OPTIMAL
CAPN2,OPTIMAL,OPTIMAL,OPTIMAL,OPTIMAL
TP53BP2,INFEASIBLE,OPTIMAL,INFEASIBLE,OPTIMAL
FBXO28,OPTIMAL,OPTIMAL,OPTIMAL,OPTIMAL
DEGS1,OPTIMAL,OPTIMAL,OPTIMAL,OPTIMAL
NVL,OPTIMAL,OPTIMAL,OPTIMAL,OPTIMAL
CNIH4,OPTIMAL,OPTIMAL,OPTIMAL,OPTIMAL
WDR26,OPTIMAL,OPTIMAL,OPTIMAL,OPTIMAL
CNIH3,OPTIMAL,OPTIMAL,OPTIMAL,OPTIMAL
DNAH14,INFEASIBLE,OPTIMAL,OPTIMAL,INFEASIBLE
LBR,INFEASIBLE,OPTIMAL,OPTIMAL,INFEASIBLE
ENAH,INFEASIBLE,OPTIMAL,OPTIMAL,OPTIMAL
SRP9,OPTIMAL,OPTIMAL,OPTIMAL,OPTIMAL
EPHX1,OPTIMAL,OPTIMAL,OPTIMAL,OPTIMAL
TMEM63A,OPTIMAL,OPTIMAL,OPTIMAL,OPTIMAL
PYCR2,OPTIMAL,OPTIMAL,OPTIMAL,OPTIMAL
SDE2,OPTIMAL,OPTIMAL,OPTIMAL,OPTIMAL
ACBD3,OPTIMAL,OPTIMAL,OPTIMAL,OPTIMAL
LIN9,OPTIMAL,OPTIMAL,OPTIMAL,OPTIMAL
PARP1,OPTIMAL,OPTIMAL,OPTIMAL,OPTIMAL
ITPKB,OPTIMAL,OPTIMAL,OPTIMAL,OPTIMAL
PSEN2,OPTIMAL,OPTIMAL,OPTIMAL,OPTIMAL
COQ8A,OPTIMAL,OPTIMAL,OPTIMAL,OPTIMAL
CDC42BPA,INFEASIBLE,OPTIMAL,OPTIMAL,OPTIMAL
ZNF678,INFEASIBLE,OPTIMAL,OPTIMAL,OPTIMAL
SNAP47,OPTIMAL,OPTIMAL,OPTIMAL,OPTIMAL
JMJD4,OPTIMAL,OPTIMAL,OPTIMAL,OPTIMAL
ARF1,INFEASIBLE,OPTIMAL,OPTIMAL,OPTIMAL
C1orf35,OPTIMAL,OPTIMAL,OPTIMAL,OPTIMAL
MRPL55,OPTIMAL,OPTIMAL,OPTIMAL,OPTIMAL
GUK1,OPTIMAL,OPTIMAL,OPTIMAL,OPTIMAL
IBA57,OPTIMAL,OPTIMAL,OPTIMAL,OPTIMAL
TRIM11,OPTIMAL,OPTIMAL,OPTIMAL,OPTIMAL
RNF187,OPTIMAL,OPTIMAL,OPTIMAL,OPTIMAL
RHOU,OPTIMAL,OPTIMAL,OPTIMAL,OPTIMAL
RAB4A,OPTIMAL,OPTIMAL,OPTIMAL,OPTIMAL
CCSAP,INFEASIBLE,OPTIMAL,OPTIMAL,OPTIMAL
NUP133,OPTIMAL,OPTIMAL,OPTIMAL,OPTIMAL
ABCB10,OPTIMAL,OPTIMAL,OPTIMAL,OPTIMAL
TAF5L,OPTIMAL,OPTIMAL,OPTIMAL,OPTIMAL
URB2,OPTIMAL,OPTIMAL,OPTIMAL,OPTIMAL
GALNT2,INFEASIBLE,OPTIMAL,INFEASIBLE,OPTIMAL
PGBD5,OPTIMAL,OPTIMAL,OPTIMAL,OPTIMAL
COG2,OPTIMAL,OPTIMAL,OPTIMAL,OPTIMAL
C1orf198,OPTIMAL,OPTIMAL,OPTIMAL,OPTIMAL
TTC13,OPTIMAL,OPTIMAL,OPTIMAL,OPTIMAL
ARV1,OPTIMAL,OPTIMAL,OPTIMAL,OPTIMAL
FAM89A,OPTIMAL,OPTIMAL,OPTIMAL,OPTIMAL
C1orf131,OPTIMAL,OPTIMAL,OPTIMAL,OPTIMAL
GNPAT,OPTIMAL,OPTIMAL,OPTIMAL,OPTIMAL
EXOC8,OPTIMAL,OPTIMAL,OPTIMAL,OPTIMAL
SPRTN,OPTIMAL,OPTIMAL,OPTIMAL,OPTIMAL
EGLN1,OPTIMAL,OPTIMAL,OPTIMAL,OPTIMAL
TSNAX,OPTIMAL,OPTIMAL,OPTIMAL,OPTIMAL
DISC1,OPTIMAL,OPTIMAL,OPTIMAL,OPTIMAL
SIPA1L2,OPTIMAL,OPTIMAL,OPTIMAL,OPTIMAL
NTPCR,OPTIMAL,OPTIMAL,OPTIMAL,OPTIMAL
PCNX2,OPTIMAL,OPTIMAL,OPTIMAL,OPTIMAL
MAP3K21,OPTIMAL,OPTIMAL,OPTIMAL,OPTIMAL
KCNK1,OPTIMAL,OPTIMAL,OPTIMAL,OPTIMAL
COA6,OPTIMAL,OPTIMAL,OPTIMAL,OPTIMAL
TARBP1,OPTIMAL,OPTIMAL,OPTIMAL,OPTIMAL
IRF2BP2,INFEASIBLE,OPTIMAL,OPTIMAL,OPTIMAL
TOMM20,INFEASIBLE,OPTIMAL,OPTIMAL,OPTIMAL
ARID4B,OPTIMAL,OPTIMAL,OPTIMAL,OPTIMAL
GGPS1,OPTIMAL,OPTIMAL,OPTIMAL,OPTIMAL
TBCE,OPTIMAL,OPTIMAL,OPTIMAL,OPTIMAL
B3GALNT2,OPTIMAL,OPTIMAL,OPTIMAL,OPTIMAL
GNG4,OPTIMAL,OPTIMAL,OPTIMAL,OPTIMAL
LYST,OPTIMAL,OPTIMAL,OPTIMAL,OPTIMAL
NID1,OPTIMAL,OPTIMAL,OPTIMAL,OPTIMAL
GPR137B,OPTIMAL,OPTIMAL,OPTIMAL,OPTIMAL
ERO1B,OPTIMAL,INFEASIBLE,OPTIMAL,OPTIMAL
EDARADD,OPTIMAL,OPTIMAL,OPTIMAL,OPTIMAL
HEATR1,INFEASIBLE,OPTIMAL,INFEASIBLE,OPTIMAL
ACTN2,OPTIMAL,OPTIMAL,OPTIMAL,OPTIMAL
MTR,INFEASIBLE,OPTIMAL,INFEASIBLE,INFEASIBLE
RYR2,OPTIMAL,OPTIMAL,OPTIMAL,OPTIMAL
CHRM3,OPTIMAL,OPTIMAL,OPTIMAL,OPTIMAL
FMN2,OPTIMAL,INFEASIBLE,OPTIMAL,OPTIMAL
RGS7,OPTIMAL,INFEASIBLE,OPTIMAL,OPTIMAL
FH,OPTIMAL,OPTIMAL,OPTIMAL,OPTIMAL
CHML,INFEASIBLE,OPTIMAL,OPTIMAL,OPTIMAL
EXO1,OPTIMAL,OPTIMAL,OPTIMAL,OPTIMAL
CEP170,INFEASIBLE,OPTIMAL,OPTIMAL,INFEASIBLE
SDCCAG8,OPTIMAL,OPTIMAL,OPTIMAL,OPTIMAL
AKT3,OPTIMAL,OPTIMAL,OPTIMAL,OPTIMAL
ZBTB18,OPTIMAL,OPTIMAL,OPTIMAL,OPTIMAL
ADSS2,INFEASIBLE,OPTIMAL,OPTIMAL,OPTIMAL
CATSPERE,OPTIMAL,INFEASIBLE,OPTIMAL,OPTIMAL
DESI2,INFEASIBLE,OPTIMAL,OPTIMAL,OPTIMAL
COX20,OPTIMAL,OPTIMAL,OPTIMAL,OPTIMAL
HNRNPU,INFEASIBLE,OPTIMAL,INFEASIBLE,INFEASIBLE
EFCAB2,OPTIMAL,INFEASIBLE,OPTIMAL,OPTIMAL
KIF26B,OPTIMAL,OPTIMAL,OPTIMAL,OPTIMAL
SMYD3,OPTIMAL,INFEASIBLE,OPTIMAL,OPTIMAL
TFB2M,OPTIMAL,OPTIMAL,OPTIMAL,OPTIMAL
CNST,OPTIMAL,OPTIMAL,OPTIMAL,OPTIMAL
SCCPDH,OPTIMAL,OPTIMAL,OPTIMAL,OPTIMAL
AHCTF1,OPTIMAL,OPTIMAL,OPTIMAL,OPTIMAL
ZNF695,OPTIMAL,OPTIMAL,OPTIMAL,OPTIMAL
ZNF670,OPTIMAL,OPTIMAL,OPTIMAL,OPTIMAL
ZNF124,OPTIMAL,INFEASIBLE,OPTIMAL,OPTIMAL
ZNF496,OPTIMAL,OPTIMAL,OPTIMAL,OPTIMAL
SH3YL1,OPTIMAL,OPTIMAL,OPTIMAL,OPTIMAL
ACP1,OPTIMAL,OPTIMAL,OPTIMAL,OPTIMAL
TMEM18,OPTIMAL,OPTIMAL,OPTIMAL,OPTIMAL
SNTG2,OPTIMAL,OPTIMAL,OPTIMAL,OPTIMAL
PXDN,OPTIMAL,OPTIMAL,OPTIMAL,OPTIMAL
EIPR1,OPTIMAL,OPTIMAL,OPTIMAL,OPTIMAL
TRAPPC12,OPTIMAL,OPTIMAL,OPTIMAL,OPTIMAL
ADI1,OPTIMAL,OPTIMAL,OPTIMAL,OPTIMAL
RNASEH1,OPTIMAL,OPTIMAL,OPTIMAL,OPTIMAL
RPS7,OPTIMAL,OPTIMAL,OPTIMAL,OPTIMAL
DCDC2C,INFEASIBLE,OPTIMAL,INFEASIBLE,OPTIMAL
RNF144A,OPTIMAL,OPTIMAL,OPTIMAL,OPTIMAL
ID2,OPTIMAL,OPTIMAL,OPTIMAL,OPTIMAL
KIDINS220,INFEASIBLE,OPTIMAL,OPTIMAL,INFEASIBLE
MBOAT2,OPTIMAL,OPTIMAL,OPTIMAL,OPTIMAL
ASAP2,OPTIMAL,OPTIMAL,OPTIMAL,OPTIMAL
ITGB1BP1,OPTIMAL,OPTIMAL,OPTIMAL,OPTIMAL
CPSF3,OPTIMAL,OPTIMAL,OPTIMAL,OPTIMAL
IAH1,OPTIMAL,OPTIMAL,OPTIMAL,OPTIMAL
ADAM17,OPTIMAL,OPTIMAL,OPTIMAL,OPTIMAL
YWHAQ,OPTIMAL,OPTIMAL,OPTIMAL,OPTIMAL
TAF1B,INFEASIBLE,OPTIMAL,OPTIMAL,OPTIMAL
KLF11,OPTIMAL,OPTIMAL,OPTIMAL,OPTIMAL
RRM2,OPTIMAL,OPTIMAL,OPTIMAL,OPTIMAL
HPCAL1,OPTIMAL,OPTIMAL,OPTIMAL,OPTIMAL
ODC1,OPTIMAL,OPTIMAL,OPTIMAL,OPTIMAL
NOL10,INFEASIBLE,OPTIMAL,OPTIMAL,OPTIMAL
PDIA6,INFEASIBLE,OPTIMAL,OPTIMAL,OPTIMAL
SLC66A3,OPTIMAL,OPTIMAL,OPTIMAL,OPTIMAL
ROCK2,INFEASIBLE,OPTIMAL,INFEASIBLE,INFEASIBLE
E2F6,OPTIMAL,OPTIMAL,OPTIMAL,OPTIMAL
GREB1,OPTIMAL,OPTIMAL,OPTIMAL,OPTIMAL
LPIN1,OPTIMAL,OPTIMAL,OPTIMAL,OPTIMAL
NBAS,OPTIMAL,OPTIMAL,OPTIMAL,OPTIMAL
DDX1,OPTIMAL,OPTIMAL,OPTIMAL,OPTIMAL
SMC6,OPTIMAL,OPTIMAL,OPTIMAL,OPTIMAL
GEN1,OPTIMAL,OPTIMAL,OPTIMAL,OPTIMAL
RDH14,OPTIMAL,OPTIMAL,OPTIMAL,OPTIMAL
TTC32,OPTIMAL,OPTIMAL,OPTIMAL,OPTIMAL
WDR35,OPTIMAL,OPTIMAL,OPTIMAL,OPTIMAL
LAPTM4A,OPTIMAL,OPTIMAL,OPTIMAL,OPTIMAL
PUM2,OPTIMAL,OPTIMAL,OPTIMAL,OPTIMAL
RHOB,OPTIMAL,OPTIMAL,OPTIMAL,OPTIMAL
HS1BP3,OPTIMAL,OPTIMAL,OPTIMAL,OPTIMAL
LDAH,OPTIMAL,OPTIMAL,OPTIMAL,OPTIMAL
KLHL29,OPTIMAL,OPTIMAL,OPTIMAL,OPTIMAL
ATAD2B,OPTIMAL,OPTIMAL,OPTIMAL,OPTIMAL
UBXN2A,OPTIMAL,OPTIMAL,OPTIMAL,OPTIMAL
WDCP,OPTIMAL,OPTIMAL,OPTIMAL,OPTIMAL
FKBP1B,OPTIMAL,OPTIMAL,OPTIMAL,OPTIMAL
SF3B6,OPTIMAL,OPTIMAL,OPTIMAL,OPTIMAL
FAM228B,OPTIMAL,OPTIMAL,OPTIMAL,OPTIMAL
TP53I3,OPTIMAL,OPTIMAL,OPTIMAL,OPTIMAL
ITSN2,INFEASIBLE,OPTIMAL,OPTIMAL,INFEASIBLE
NCOA1,OPTIMAL,OPTIMAL,OPTIMAL,OPTIMAL
PTRHD1,OPTIMAL,OPTIMAL,OPTIMAL,OPTIMAL
CENPO,OPTIMAL,OPTIMAL,OPTIMAL,OPTIMAL
ADCY3,OPTIMAL,OPTIMAL,OPTIMAL,OPTIMAL
DNAJC27,OPTIMAL,OPTIMAL,OPTIMAL,OPTIMAL
EFR3B,OPTIMAL,INFEASIBLE,OPTIMAL,OPTIMAL
DNMT3A,OPTIMAL,OPTIMAL,OPTIMAL,OPTIMAL
DTNB,OPTIMAL,INFEASIBLE,OPTIMAL,OPTIMAL
ASXL2,OPTIMAL,OPTIMAL,OPTIMAL,OPTIMAL
RAB10,INFEASIBLE,OPTIMAL,OPTIMAL,OPTIMAL
GAREM2,OPTIMAL,OPTIMAL,OPTIMAL,OPTIMAL
HADHA,INFEASIBLE,OPTIMAL,OPTIMAL,OPTIMAL
HADHB,OPTIMAL,OPTIMAL,OPTIMAL,OPTIMAL
SELENOI,OPTIMAL,OPTIMAL,OPTIMAL,OPTIMAL
SLC35F6,OPTIMAL,OPTIMAL,OPTIMAL,OPTIMAL
CENPA,INFEASIBLE,OPTIMAL,OPTIMAL,OPTIMAL
DPYSL5,OPTIMAL,OPTIMAL,OPTIMAL,OPTIMAL
MAPRE3,OPTIMAL,OPTIMAL,OPTIMAL,OPTIMAL
TMEM214,OPTIMAL,OPTIMAL,OPTIMAL,OPTIMAL
AGBL5,OPTIMAL,OPTIMAL,OPTIMAL,OPTIMAL
OST4,OPTIMAL,OPTIMAL,OPTIMAL,OPTIMAL
KHK,OPTIMAL,OPTIMAL,OPTIMAL,OPTIMAL
PREB,OPTIMAL,OPTIMAL,OPTIMAL,OPTIMAL
SLC5A6,OPTIMAL,OPTIMAL,OPTIMAL,OPTIMAL
ATRAID,OPTIMAL,OPTIMAL,OPTIMAL,OPTIMAL
CAD,OPTIMAL,OPTIMAL,OPTIMAL,OPTIMAL
MPV17,OPTIMAL,OPTIMAL,OPTIMAL,OPTIMAL
GTF3C2,OPTIMAL,OPTIMAL,OPTIMAL,OPTIMAL
EIF2B4,OPTIMAL,OPTIMAL,OPTIMAL,OPTIMAL
SNX17,OPTIMAL,OPTIMAL,OPTIMAL,OPTIMAL
PPM1G,INFEASIBLE,OPTIMAL,OPTIMAL,OPTIMAL
NRBP1,OPTIMAL,OPTIMAL,OPTIMAL,OPTIMAL
IFT172,OPTIMAL,OPTIMAL,OPTIMAL,OPTIMAL
ZNF512,OPTIMAL,OPTIMAL,OPTIMAL,OPTIMAL
GPN1,OPTIMAL,OPTIMAL,OPTIMAL,OPTIMAL
SUPT7L,OPTIMAL,INFEASIBLE,OPTIMAL,OPTIMAL
SLC4A1AP,INFEASIBLE,OPTIMAL,OPTIMAL,OPTIMAL
MRPL33,OPTIMAL,OPTIMAL,OPTIMAL,OPTIMAL
BABAM2,OPTIMAL,OPTIMAL,OPTIMAL,OPTIMAL
PPP1CB,INFEASIBLE,OPTIMAL,OPTIMAL,OPTIMAL
SPDYA,OPTIMAL,OPTIMAL,OPTIMAL,OPTIMAL
TRMT61B,OPTIMAL,OPTIMAL,OPTIMAL,OPTIMAL
WDR43,OPTIMAL,OPTIMAL,OPTIMAL,OPTIMAL
CLIP4,OPTIMAL,OPTIMAL,OPTIMAL,OPTIMAL
YPEL5,OPTIMAL,OPTIMAL,OPTIMAL,OPTIMAL
LCLAT1,INFEASIBLE,OPTIMAL,OPTIMAL,INFEASIBLE
GALNT14,OPTIMAL,OPTIMAL,OPTIMAL,OPTIMAL
EHD3,OPTIMAL,OPTIMAL,OPTIMAL,OPTIMAL
DPY30,OPTIMAL,OPTIMAL,OPTIMAL,OPTIMAL
SPAST,OPTIMAL,OPTIMAL,OPTIMAL,OPTIMAL
SLC30A6,OPTIMAL,OPTIMAL,OPTIMAL,OPTIMAL
YIPF4,OPTIMAL,OPTIMAL,OPTIMAL,OPTIMAL
BIRC6,OPTIMAL,OPTIMAL,OPTIMAL,OPTIMAL
TTC27,OPTIMAL,OPTIMAL,OPTIMAL,OPTIMAL
LTBP1,OPTIMAL,OPTIMAL,OPTIMAL,OPTIMAL
FAM98A,INFEASIBLE,OPTIMAL,OPTIMAL,INFEASIBLE
CRIM1,OPTIMAL,OPTIMAL,OPTIMAL,OPTIMAL
FEZ2,OPTIMAL,OPTIMAL,OPTIMAL,OPTIMAL
STRN,INFEASIBLE,OPTIMAL,OPTIMAL,OPTIMAL
HEATR5B,OPTIMAL,OPTIMAL,OPTIMAL,OPTIMAL
GPATCH11,OPTIMAL,OPTIMAL,OPTIMAL,OPTIMAL
EIF2AK2,INFEASIBLE,OPTIMAL,OPTIMAL,OPTIMAL
CEBPZOS,OPTIMAL,OPTIMAL,OPTIMAL,OPTIMAL
CEBPZ,OPTIMAL,OPTIMAL,OPTIMAL,OPTIMAL
NDUFAF7,OPTIMAL,OPTIMAL,OPTIMAL,OPTIMAL
PRKD3,OPTIMAL,OPTIMAL,OPTIMAL,OPTIMAL
QPCT,OPTIMAL,OPTIMAL,OPTIMAL,OPTIMAL
CDC42EP3,OPTIMAL,OPTIMAL,OPTIMAL,OPTIMAL
RMDN2,OPTIMAL,OPTIMAL,OPTIMAL,OPTIMAL
ATL2,OPTIMAL,OPTIMAL,OPTIMAL,OPTIMAL
HNRNPLL,OPTIMAL,OPTIMAL,OPTIMAL,OPTIMAL
GALM,OPTIMAL,OPTIMAL,OPTIMAL,OPTIMAL
SRSF7,OPTIMAL,OPTIMAL,OPTIMAL,OPTIMAL
GEMIN6,OPTIMAL,OPTIMAL,OPTIMAL,OPTIMAL
DHX57,OPTIMAL,OPTIMAL,OPTIMAL,OPTIMAL
MORN2,OPTIMAL,OPTIMAL,OPTIMAL,OPTIMAL
SOS1,OPTIMAL,OPTIMAL,OPTIMAL,OPTIMAL
MAP4K3,OPTIMAL,OPTIMAL,OPTIMAL,OPTIMAL
THUMPD2,OPTIMAL,OPTIMAL,OPTIMAL,OPTIMAL
SLC8A1,OPTIMAL,INFEASIBLE,OPTIMAL,OPTIMAL
PKDCC,OPTIMAL,OPTIMAL,OPTIMAL,OPTIMAL
EML4,OPTIMAL,OPTIMAL,OPTIMAL,OPTIMAL
COX7A2L,OPTIMAL,OPTIMAL,OPTIMAL,OPTIMAL
KCNG3,OPTIMAL,OPTIMAL,OPTIMAL,OPTIMAL
MTA3,OPTIMAL,OPTIMAL,OPTIMAL,OPTIMAL
ZFP36L2,OPTIMAL,OPTIMAL,OPTIMAL,OPTIMAL
THADA,OPTIMAL,OPTIMAL,OPTIMAL,OPTIMAL
PLEKHH2,OPTIMAL,OPTIMAL,OPTIMAL,OPTIMAL
DYNC2LI1,OPTIMAL,OPTIMAL,OPTIMAL,OPTIMAL
LRPPRC,OPTIMAL,INFEASIBLE,OPTIMAL,OPTIMAL
PPM1B,OPTIMAL,OPTIMAL,OPTIMAL,OPTIMAL
PREPL,INFEASIBLE,OPTIMAL,OPTIMAL,OPTIMAL
CAMKMT,OPTIMAL,OPTIMAL,OPTIMAL,OPTIMAL
SIX2,OPTIMAL,OPTIMAL,OPTIMAL,OPTIMAL
SRBD1,INFEASIBLE,OPTIMAL,OPTIMAL,OPTIMAL
PRKCE,OPTIMAL,OPTIMAL,OPTIMAL,OPTIMAL
EPAS1,OPTIMAL,OPTIMAL,OPTIMAL,OPTIMAL
ATP6V1E2,INFEASIBLE,OPTIMAL,OPTIMAL,OPTIMAL
RHOQ,OPTIMAL,OPTIMAL,OPTIMAL,OPTIMAL
PIGF,OPTIMAL,OPTIMAL,OPTIMAL,OPTIMAL
CRIPT,OPTIMAL,OPTIMAL,OPTIMAL,OPTIMAL
MCFD2,OPTIMAL,OPTIMAL,OPTIMAL,OPTIMAL
TTC7A,OPTIMAL,OPTIMAL,OPTIMAL,OPTIMAL
CALM2,INFEASIBLE,OPTIMAL,OPTIMAL,OPTIMAL
MSH2,OPTIMAL,OPTIMAL,OPTIMAL,OPTIMAL
MSH6,OPTIMAL,OPTIMAL,OPTIMAL,INFEASIBLE
FBXO11,OPTIMAL,OPTIMAL,OPTIMAL,OPTIMAL
FOXN2,OPTIMAL,OPTIMAL,OPTIMAL,OPTIMAL
PPP1R21,OPTIMAL,OPTIMAL,OPTIMAL,OPTIMAL
STON1,OPTIMAL,OPTIMAL,OPTIMAL,OPTIMAL
NRXN1,OPTIMAL,OPTIMAL,OPTIMAL,INFEASIBLE
ASB3,OPTIMAL,OPTIMAL,OPTIMAL,OPTIMAL
CHAC2,OPTIMAL,OPTIMAL,OPTIMAL,OPTIMAL
ERLEC1,OPTIMAL,OPTIMAL,OPTIMAL,OPTIMAL
PSME4,OPTIMAL,OPTIMAL,OPTIMAL,OPTIMAL
ACYP2,OPTIMAL,OPTIMAL,OPTIMAL,OPTIMAL
SPTBN1,INFEASIBLE,OPTIMAL,OPTIMAL,OPTIMAL
EML6,OPTIMAL,OPTIMAL,OPTIMAL,OPTIMAL
RTN4,OPTIMAL,OPTIMAL,OPTIMAL,OPTIMAL
CLHC1,OPTIMAL,OPTIMAL,OPTIMAL,OPTIMAL
RPS27A,OPTIMAL,OPTIMAL,OPTIMAL,OPTIMAL
MTIF2,INFEASIBLE,OPTIMAL,INFEASIBLE,OPTIMAL
CCDC88A,INFEASIBLE,OPTIMAL,OPTIMAL,INFEASIBLE
CFAP36,OPTIMAL,OPTIMAL,OPTIMAL,OPTIMAL
PPP4R3B,INFEASIBLE,OPTIMAL,OPTIMAL,OPTIMAL
PNPT1,OPTIMAL,OPTIMAL,OPTIMAL,OPTIMAL
VRK2,OPTIMAL,OPTIMAL,OPTIMAL,OPTIMAL
FANCL,OPTIMAL,OPTIMAL,OPTIMAL,OPTIMAL
BCL11A,OPTIMAL,INFEASIBLE,OPTIMAL,OPTIMAL
PAPOLG,OPTIMAL,OPTIMAL,OPTIMAL,OPTIMAL
REL,OPTIMAL,OPTIMAL,OPTIMAL,OPTIMAL
PUS10,OPTIMAL,OPTIMAL,OPTIMAL,OPTIMAL
PEX13,OPTIMAL,OPTIMAL,OPTIMAL,OPTIMAL
SANBR,OPTIMAL,OPTIMAL,OPTIMAL,OPTIMAL
C2orf74,OPTIMAL,OPTIMAL,OPTIMAL,OPTIMAL
USP34,OPTIMAL,OPTIMAL,OPTIMAL,OPTIMAL
XPO1,INFEASIBLE,OPTIMAL,OPTIMAL,OPTIMAL
FAM161A,OPTIMAL,OPTIMAL,OPTIMAL,OPTIMAL
CCT4,OPTIMAL,OPTIMAL,OPTIMAL,OPTIMAL
COMMD1,OPTIMAL,OPTIMAL,OPTIMAL,OPTIMAL
B3GNT2,OPTIMAL,OPTIMAL,OPTIMAL,OPTIMAL
EHBP1,INFEASIBLE,OPTIMAL,OPTIMAL,INFEASIBLE
WDPCP,OPTIMAL,OPTIMAL,OPTIMAL,OPTIMAL
MDH1,OPTIMAL,OPTIMAL,OPTIMAL,OPTIMAL
UGP2,OPTIMAL,OPTIMAL,OPTIMAL,OPTIMAL
VPS54,OPTIMAL,OPTIMAL,OPTIMAL,OPTIMAL
PELI1,OPTIMAL,OPTIMAL,OPTIMAL,OPTIMAL
LGALSL,OPTIMAL,OPTIMAL,OPTIMAL,OPTIMAL
AFTPH,OPTIMAL,OPTIMAL,OPTIMAL,OPTIMAL
SERTAD2,OPTIMAL,OPTIMAL,OPTIMAL,OPTIMAL
CEP68,OPTIMAL,OPTIMAL,OPTIMAL,OPTIMAL
RAB1A,OPTIMAL,OPTIMAL,OPTIMAL,OPTIMAL
ACTR2,INFEASIBLE,OPTIMAL,OPTIMAL,INFEASIBLE
SPRED2,OPTIMAL,OPTIMAL,OPTIMAL,OPTIMAL
MEIS1,OPTIMAL,OPTIMAL,OPTIMAL,OPTIMAL
ETAA1,OPTIMAL,OPTIMAL,OPTIMAL,OPTIMAL
C1D,OPTIMAL,OPTIMAL,OPTIMAL,OPTIMAL
DNAAF10,OPTIMAL,OPTIMAL,OPTIMAL,OPTIMAL
PNO1,OPTIMAL,OPTIMAL,OPTIMAL,OPTIMAL
PPP3R1,OPTIMAL,OPTIMAL,OPTIMAL,OPTIMAL
CNRIP1,OPTIMAL,OPTIMAL,OPTIMAL,OPTIMAL
FBXO48,OPTIMAL,INFEASIBLE,OPTIMAL,OPTIMAL
APLF,OPTIMAL,OPTIMAL,INFEASIBLE,OPTIMAL
ANTXR1,INFEASIBLE,OPTIMAL,OPTIMAL,OPTIMAL
GFPT1,OPTIMAL,OPTIMAL,OPTIMAL,OPTIMAL
NFU1,OPTIMAL,OPTIMAL,OPTIMAL,OPTIMAL
AAK1,OPTIMAL,OPTIMAL,OPTIMAL,OPTIMAL
ANXA4,OPTIMAL,OPTIMAL,OPTIMAL,OPTIMAL
GMCL1,OPTIMAL,OPTIMAL,OPTIMAL,OPTIMAL
SNRNP27,OPTIMAL,OPTIMAL,OPTIMAL,OPTIMAL
MXD1,OPTIMAL,OPTIMAL,OPTIMAL,OPTIMAL
PCBP1,OPTIMAL,OPTIMAL,OPTIMAL,OPTIMAL
C2orf42,OPTIMAL,OPTIMAL,OPTIMAL,OPTIMAL
TIA1,OPTIMAL,OPTIMAL,OPTIMAL,OPTIMAL
PCYOX1,OPTIMAL,OPTIMAL,OPTIMAL,OPTIMAL
SNRPG,OPTIMAL,OPTIMAL,OPTIMAL,OPTIMAL
FAM136A,OPTIMAL,OPTIMAL,OPTIMAL,OPTIMAL
ADD2,OPTIMAL,OPTIMAL,OPTIMAL,OPTIMAL
VAX2,OPTIMAL,OPTIMAL,OPTIMAL,OPTIMAL
TEX261,OPTIMAL,OPTIMAL,OPTIMAL,OPTIMAL
NAGK,OPTIMAL,OPTIMAL,OPTIMAL,OPTIMAL
MCEE,OPTIMAL,OPTIMAL,OPTIMAL,OPTIMAL
MPHOSPH10,INFEASIBLE,OPTIMAL,OPTIMAL,OPTIMAL
PAIP2B,OPTIMAL,OPTIMAL,OPTIMAL,OPTIMAL
ZNF638,INFEASIBLE,OPTIMAL,OPTIMAL,INFEASIBLE
EXOC6B,OPTIMAL,OPTIMAL,OPTIMAL,OPTIMAL
SPR,OPTIMAL,OPTIMAL,OPTIMAL,OPTIMAL
SFXN5,OPTIMAL,OPTIMAL,OPTIMAL,OPTIMAL
RAB11FIP5,OPTIMAL,INFEASIBLE,OPTIMAL,OPTIMAL
SMYD5,OPTIMAL,OPTIMAL,OPTIMAL,OPTIMAL
PRADC1,OPTIMAL,OPTIMAL,OPTIMAL,OPTIMAL
CCT7,OPTIMAL,OPTIMAL,OPTIMAL,OPTIMAL
ALMS1,OPTIMAL,OPTIMAL,OPTIMAL,INFEASIBLE
TPRKB,OPTIMAL,OPTIMAL,OPTIMAL,OPTIMAL
DUSP11,OPTIMAL,OPTIMAL,OPTIMAL,OPTIMAL
STAMBP,OPTIMAL,OPTIMAL,OPTIMAL,OPTIMAL
DGUOK,OPTIMAL,OPTIMAL,OPTIMAL,OPTIMAL
TET3,OPTIMAL,OPTIMAL,OPTIMAL,OPTIMAL
BOLA3,OPTIMAL,OPTIMAL,OPTIMAL,OPTIMAL
MOB1A,OPTIMAL,OPTIMAL,OPTIMAL,OPTIMAL
MTHFD2,OPTIMAL,OPTIMAL,OPTIMAL,OPTIMAL
DCTN1,INFEASIBLE,OPTIMAL,OPTIMAL,OPTIMAL
WDR54,OPTIMAL,OPTIMAL,OPTIMAL,OPTIMAL
RTKN,OPTIMAL,OPTIMAL,OPTIMAL,OPTIMAL
INO80B,OPTIMAL,OPTIMAL,OPTIMAL,OPTIMAL
WBP1,OPTIMAL,OPTIMAL,OPTIMAL,OPTIMAL
MOGS,OPTIMAL,OPTIMAL,OPTIMAL,OPTIMAL
MRPL53,OPTIMAL,OPTIMAL,OPTIMAL,OPTIMAL
CCDC142,OPTIMAL,OPTIMAL,OPTIMAL,OPTIMAL
TTC31,OPTIMAL,OPTIMAL,OPTIMAL,OPTIMAL
PCGF1,OPTIMAL,OPTIMAL,OPTIMAL,OPTIMAL
AUP1,OPTIMAL,OPTIMAL,OPTIMAL,OPTIMAL
HTRA2,OPTIMAL,OPTIMAL,OPTIMAL,OPTIMAL
DOK1,OPTIMAL,OPTIMAL,OPTIMAL,OPTIMAL
HK2,OPTIMAL,INFEASIBLE,OPTIMAL,OPTIMAL
POLE4,OPTIMAL,OPTIMAL,OPTIMAL,OPTIMAL
MRPL19,OPTIMAL,OPTIMAL,OPTIMAL,OPTIMAL
GCFC2,OPTIMAL,INFEASIBLE,OPTIMAL,OPTIMAL
LRRTM4,OPTIMAL,INFEASIBLE,OPTIMAL,OPTIMAL
SUCLG1,OPTIMAL,OPTIMAL,OPTIMAL,OPTIMAL
DNAH6,INFEASIBLE,INFEASIBLE,OPTIMAL,INFEASIBLE
TMSB10,OPTIMAL,OPTIMAL,OPTIMAL,OPTIMAL
KCMF1,OPTIMAL,OPTIMAL,OPTIMAL,OPTIMAL
TCF7L1,OPTIMAL,OPTIMAL,OPTIMAL,OPTIMAL
TGOLN2,OPTIMAL,OPTIMAL,OPTIMAL,OPTIMAL
RETSAT,OPTIMAL,OPTIMAL,OPTIMAL,OPTIMAL
ELMOD3,OPTIMAL,OPTIMAL,OPTIMAL,OPTIMAL
CAPG,OPTIMAL,INFEASIBLE,OPTIMAL,OPTIMAL
MAT2A,OPTIMAL,OPTIMAL,OPTIMAL,OPTIMAL
GGCX,OPTIMAL,OPTIMAL,OPTIMAL,OPTIMAL
VAMP8,OPTIMAL,INFEASIBLE,OPTIMAL,OPTIMAL
RNF181,OPTIMAL,OPTIMAL,OPTIMAL,OPTIMAL
USP39,OPTIMAL,OPTIMAL,OPTIMAL,OPTIMAL
C2orf68,INFEASIBLE,OPTIMAL,INFEASIBLE,OPTIMAL
ST3GAL5,OPTIMAL,OPTIMAL,OPTIMAL,OPTIMAL
POLR1A,OPTIMAL,OPTIMAL,OPTIMAL,OPTIMAL
PTCD3,INFEASIBLE,OPTIMAL,OPTIMAL,OPTIMAL
IMMT,OPTIMAL,OPTIMAL,OPTIMAL,OPTIMAL
MRPL35,OPTIMAL,OPTIMAL,OPTIMAL,OPTIMAL
REEP1,OPTIMAL,OPTIMAL,OPTIMAL,OPTIMAL
KDM3A,OPTIMAL,OPTIMAL,OPTIMAL,OPTIMAL
CHMP3,OPTIMAL,OPTIMAL,OPTIMAL,OPTIMAL
RNF103,OPTIMAL,OPTIMAL,OPTIMAL,OPTIMAL
RMND5A,OPTIMAL,OPTIMAL,OPTIMAL,OPTIMAL
KRCC1,OPTIMAL,OPTIMAL,OPTIMAL,OPTIMAL
EIF2AK3,OPTIMAL,OPTIMAL,OPTIMAL,OPTIMAL
RPIA,OPTIMAL,OPTIMAL,OPTIMAL,OPTIMAL
MRPS5,OPTIMAL,OPTIMAL,OPTIMAL,OPTIMAL
ZNF514,OPTIMAL,OPTIMAL,OPTIMAL,OPTIMAL
ZNF2,OPTIMAL,OPTIMAL,OPTIMAL,OPTIMAL
FAHD2A,OPTIMAL,OPTIMAL,OPTIMAL,OPTIMAL
ANKRD36C,OPTIMAL,OPTIMAL,OPTIMAL,OPTIMAL
DUSP2,OPTIMAL,OPTIMAL,OPTIMAL,OPTIMAL
STARD7,INFEASIBLE,OPTIMAL,OPTIMAL,OPTIMAL
TMEM127,OPTIMAL,OPTIMAL,OPTIMAL,OPTIMAL
CIAO1,OPTIMAL,OPTIMAL,OPTIMAL,OPTIMAL
SNRNP200,INFEASIBLE,OPTIMAL,OPTIMAL,OPTIMAL
ITPRIPL1,OPTIMAL,OPTIMAL,OPTIMAL,OPTIMAL
NCAPH,INFEASIBLE,OPTIMAL,OPTIMAL,OPTIMAL
KANSL3,OPTIMAL,OPTIMAL,OPTIMAL,OPTIMAL
LMAN2L,OPTIMAL,OPTIMAL,OPTIMAL,OPTIMAL
CNNM4,OPTIMAL,OPTIMAL,OPTIMAL,OPTIMAL
CNNM3,OPTIMAL,OPTIMAL,OPTIMAL,OPTIMAL
ANKRD39,OPTIMAL,OPTIMAL,OPTIMAL,OPTIMAL
FAHD2B,OPTIMAL,OPTIMAL,OPTIMAL,OPTIMAL
ANKRD36,OPTIMAL,OPTIMAL,OPTIMAL,OPTIMAL
ANKRD36B,OPTIMAL,OPTIMAL,OPTIMAL,OPTIMAL
COX5B,OPTIMAL,OPTIMAL,OPTIMAL,OPTIMAL
ACTR1B,OPTIMAL,OPTIMAL,OPTIMAL,OPTIMAL
C2orf92,OPTIMAL,OPTIMAL,OPTIMAL,OPTIMAL
TMEM131,OPTIMAL,OPTIMAL,OPTIMAL,OPTIMAL
INPP4A,INFEASIBLE,OPTIMAL,OPTIMAL,INFEASIBLE
COA5,OPTIMAL,OPTIMAL,OPTIMAL,OPTIMAL
UNC50,OPTIMAL,OPTIMAL,OPTIMAL,OPTIMAL
MGAT4A,OPTIMAL,OPTIMAL,OPTIMAL,OPTIMAL
TSGA10,OPTIMAL,OPTIMAL,OPTIMAL,OPTIMAL
LIPT1,OPTIMAL,INFEASIBLE,OPTIMAL,OPTIMAL
MITD1,OPTIMAL,OPTIMAL,OPTIMAL,OPTIMAL
MRPL30,OPTIMAL,OPTIMAL,OPTIMAL,OPTIMAL
TXNDC9,OPTIMAL,OPTIMAL,OPTIMAL,OPTIMAL
EIF5B,OPTIMAL,OPTIMAL,OPTIMAL,OPTIMAL
REV1,INFEASIBLE,OPTIMAL,OPTIMAL,OPTIMAL
AFF3,OPTIMAL,OPTIMAL,OPTIMAL,OPTIMAL
LONRF2,OPTIMAL,OPTIMAL,OPTIMAL,OPTIMAL
CHST10,OPTIMAL,OPTIMAL,OPTIMAL,OPTIMAL
PDCL3,OPTIMAL,OPTIMAL,OPTIMAL,OPTIMAL
NPAS2,OPTIMAL,OPTIMAL,OPTIMAL,OPTIMAL
RPL31,OPTIMAL,OPTIMAL,OPTIMAL,OPTIMAL
TBC1D8,OPTIMAL,INFEASIBLE,OPTIMAL,OPTIMAL
CNOT11,OPTIMAL,OPTIMAL,OPTIMAL,OPTIMAL
RNF149,OPTIMAL,OPTIMAL,OPTIMAL,OPTIMAL
MAP4K4,OPTIMAL,OPTIMAL,OPTIMAL,OPTIMAL
MFSD9,OPTIMAL,OPTIMAL,OPTIMAL,OPTIMAL
TMEM182,OPTIMAL,OPTIMAL,OPTIMAL,OPTIMAL
POU3F3,OPTIMAL,OPTIMAL,OPTIMAL,OPTIMAL
MRPS9,INFEASIBLE,OPTIMAL,OPTIMAL,OPTIMAL
TGFBRAP1,OPTIMAL,OPTIMAL,OPTIMAL,OPTIMAL
C2orf49,OPTIMAL,OPTIMAL,OPTIMAL,OPTIMAL
FHL2,OPTIMAL,OPTIMAL,OPTIMAL,OPTIMAL
NCK2,OPTIMAL,OPTIMAL,OPTIMAL,OPTIMAL
UXS1,OPTIMAL,OPTIMAL,OPTIMAL,OPTIMAL
GCC2,INFEASIBLE,OPTIMAL,OPTIMAL,INFEASIBLE
LIMS1,INFEASIBLE,OPTIMAL,OPTIMAL,OPTIMAL
RANBP2,INFEASIBLE,OPTIMAL,OPTIMAL,INFEASIBLE
CCDC138,INFEASIBLE,INFEASIBLE,OPTIMAL,INFEASIBLE
SH3RF3,INFEASIBLE,OPTIMAL,OPTIMAL,OPTIMAL
SEPTIN10,OPTIMAL,OPTIMAL,OPTIMAL,OPTIMAL
SOWAHC,OPTIMAL,OPTIMAL,OPTIMAL,OPTIMAL
NPHP1,OPTIMAL,OPTIMAL,OPTIMAL,OPTIMAL
MTLN,OPTIMAL,OPTIMAL,OPTIMAL,OPTIMAL
BUB1,OPTIMAL,OPTIMAL,OPTIMAL,OPTIMAL
BCL2L11,OPTIMAL,INFEASIBLE,OPTIMAL,OPTIMAL
ANAPC1,OPTIMAL,OPTIMAL,OPTIMAL,OPTIMAL
MERTK,OPTIMAL,INFEASIBLE,OPTIMAL,OPTIMAL
TMEM87B,OPTIMAL,OPTIMAL,OPTIMAL,OPTIMAL
ZC3H8,OPTIMAL,OPTIMAL,OPTIMAL,OPTIMAL
ZC3H6,OPTIMAL,OPTIMAL,OPTIMAL,OPTIMAL
RGPD8,OPTIMAL,OPTIMAL,OPTIMAL,OPTIMAL
TTL,OPTIMAL,OPTIMAL,OPTIMAL,OPTIMAL
POLR1B,OPTIMAL,OPTIMAL,OPTIMAL,OPTIMAL
CHCHD5,OPTIMAL,OPTIMAL,OPTIMAL,OPTIMAL
SLC20A1,OPTIMAL,OPTIMAL,OPTIMAL,OPTIMAL
CKAP2L,OPTIMAL,OPTIMAL,OPTIMAL,OPTIMAL
ZNG1B,OPTIMAL,OPTIMAL,OPTIMAL,OPTIMAL
RABL2A,OPTIMAL,OPTIMAL,OPTIMAL,OPTIMAL
SLC35F5,OPTIMAL,OPTIMAL,OPTIMAL,OPTIMAL
ACTR3,INFEASIBLE,OPTIMAL,OPTIMAL,OPTIMAL
DDX18,OPTIMAL,OPTIMAL,OPTIMAL,OPTIMAL
CCDC93,OPTIMAL,OPTIMAL,OPTIMAL,OPTIMAL
INSIG2,OPTIMAL,OPTIMAL,OPTIMAL,OPTIMAL
STEAP3,OPTIMAL,OPTIMAL,OPTIMAL,OPTIMAL
C2orf76,OPTIMAL,OPTIMAL,OPTIMAL,OPTIMAL
DBI,OPTIMAL,OPTIMAL,OPTIMAL,OPTIMAL
TMEM177,OPTIMAL,OPTIMAL,OPTIMAL,OPTIMAL
PTPN4,OPTIMAL,OPTIMAL,OPTIMAL,OPTIMAL
EPB41L5,OPTIMAL,INFEASIBLE,OPTIMAL,OPTIMAL
TMEM185B,OPTIMAL,INFEASIBLE,OPTIMAL,OPTIMAL
RALB,OPTIMAL,OPTIMAL,OPTIMAL,OPTIMAL
GLI2,INFEASIBLE,OPTIMAL,OPTIMAL,OPTIMAL
CLASP1,OPTIMAL,OPTIMAL,OPTIMAL,OPTIMAL
NIFK,INFEASIBLE,OPTIMAL,OPTIMAL,OPTIMAL
TSN,OPTIMAL,OPTIMAL,OPTIMAL,OPTIMAL
GYPC,OPTIMAL,OPTIMAL,OPTIMAL,OPTIMAL
BIN1,OPTIMAL,OPTIMAL,OPTIMAL,OPTIMAL
ERCC3,OPTIMAL,OPTIMAL,OPTIMAL,OPTIMAL
MAP3K2,OPTIMAL,OPTIMAL,OPTIMAL,OPTIMAL
IWS1,INFEASIBLE,OPTIMAL,OPTIMAL,OPTIMAL
WDR33,OPTIMAL,OPTIMAL,OPTIMAL,OPTIMAL
SFT2D3,OPTIMAL,OPTIMAL,OPTIMAL,OPTIMAL
POLR2D,OPTIMAL,OPTIMAL,OPTIMAL,OPTIMAL
AMMECR1L,OPTIMAL,OPTIMAL,OPTIMAL,OPTIMAL
SAP130,OPTIMAL,OPTIMAL,OPTIMAL,OPTIMAL
UGGT1,OPTIMAL,OPTIMAL,OPTIMAL,OPTIMAL
HS6ST1,OPTIMAL,OPTIMAL,OPTIMAL,OPTIMAL
SMPD4,OPTIMAL,OPTIMAL,OPTIMAL,OPTIMAL
MZT2B,OPTIMAL,OPTIMAL,OPTIMAL,OPTIMAL
CCDC115,OPTIMAL,OPTIMAL,OPTIMAL,OPTIMAL
IMP4,OPTIMAL,OPTIMAL,OPTIMAL,OPTIMAL
PTPN18,OPTIMAL,OPTIMAL,OPTIMAL,OPTIMAL
ARHGEF4,OPTIMAL,INFEASIBLE,OPTIMAL,OPTIMAL
FAM168B,OPTIMAL,OPTIMAL,OPTIMAL,OPTIMAL
PLEKHB2,OPTIMAL,OPTIMAL,OPTIMAL,OPTIMAL
MZT2A,OPTIMAL,OPTIMAL,OPTIMAL,OPTIMAL
CCDC74A,OPTIMAL,OPTIMAL,OPTIMAL,OPTIMAL
LYPD1,OPTIMAL,OPTIMAL,OPTIMAL,OPTIMAL
NCKAP5,OPTIMAL,OPTIMAL,OPTIMAL,OPTIMAL
MGAT5,OPTIMAL,OPTIMAL,OPTIMAL,OPTIMAL
TMEM163,OPTIMAL,OPTIMAL,OPTIMAL,OPTIMAL
CCNT2,OPTIMAL,OPTIMAL,OPTIMAL,OPTIMAL
RAB3GAP1,OPTIMAL,OPTIMAL,OPTIMAL,OPTIMAL
ZRANB3,OPTIMAL,OPTIMAL,OPTIMAL,OPTIMAL
R3HDM1,INFEASIBLE,OPTIMAL,OPTIMAL,OPTIMAL
UBXN4,OPTIMAL,OPTIMAL,OPTIMAL,OPTIMAL
MCM6,OPTIMAL,OPTIMAL,OPTIMAL,OPTIMAL
DARS1,INFEASIBLE,OPTIMAL,OPTIMAL,INFEASIBLE
SPOPL,OPTIMAL,OPTIMAL,OPTIMAL,OPTIMAL
LRP1B,OPTIMAL,OPTIMAL,OPTIMAL,OPTIMAL
ARHGAP15,OPTIMAL,OPTIMAL,OPTIMAL,OPTIMAL
GTDC1,OPTIMAL,INFEASIBLE,OPTIMAL,OPTIMAL
ZEB2,OPTIMAL,OPTIMAL,OPTIMAL,OPTIMAL
ACVR2A,OPTIMAL,OPTIMAL,OPTIMAL,OPTIMAL
ORC4,INFEASIBLE,OPTIMAL,OPTIMAL,OPTIMAL
MBD5,OPTIMAL,OPTIMAL,OPTIMAL,OPTIMAL
EPC2,OPTIMAL,OPTIMAL,OPTIMAL,OPTIMAL
KIF5C,OPTIMAL,OPTIMAL,OPTIMAL,OPTIMAL
LYPD6B,OPTIMAL,OPTIMAL,OPTIMAL,OPTIMAL
LYPD6,OPTIMAL,OPTIMAL,OPTIMAL,OPTIMAL
MMADHC,OPTIMAL,OPTIMAL,OPTIMAL,OPTIMAL
RND3,OPTIMAL,OPTIMAL,OPTIMAL,OPTIMAL
RIF1,INFEASIBLE,OPTIMAL,OPTIMAL,OPTIMAL
NEB,OPTIMAL,OPTIMAL,OPTIMAL,OPTIMAL
ARL5A,OPTIMAL,OPTIMAL,OPTIMAL,OPTIMAL
CACNB4,OPTIMAL,INFEASIBLE,OPTIMAL,OPTIMAL
STAM2,OPTIMAL,OPTIMAL,OPTIMAL,OPTIMAL
FMNL2,OPTIMAL,OPTIMAL,OPTIMAL,OPTIMAL
PRPF40A,INFEASIBLE,OPTIMAL,OPTIMAL,OPTIMAL
ARL6IP6,OPTIMAL,INFEASIBLE,OPTIMAL,OPTIMAL
GALNT13,OPTIMAL,OPTIMAL,OPTIMAL,OPTIMAL
KCNJ3,INFEASIBLE,OPTIMAL,OPTIMAL,OPTIMAL
GPD2,OPTIMAL,OPTIMAL,OPTIMAL,OPTIMAL
ACVR1,OPTIMAL,OPTIMAL,OPTIMAL,OPTIMAL
PKP4,OPTIMAL,OPTIMAL,OPTIMAL,OPTIMAL
DAPL1,OPTIMAL,OPTIMAL,OPTIMAL,OPTIMAL
TANC1,OPTIMAL,INFEASIBLE,OPTIMAL,OPTIMAL
WDSUB1,OPTIMAL,OPTIMAL,OPTIMAL,OPTIMAL
BAZ2B,OPTIMAL,OPTIMAL,OPTIMAL,OPTIMAL
MARCHF7,OPTIMAL,OPTIMAL,OPTIMAL,OPTIMAL
CD302,OPTIMAL,OPTIMAL,OPTIMAL,OPTIMAL
RBMS1,OPTIMAL,OPTIMAL,OPTIMAL,OPTIMAL
TANK,INFEASIBLE,OPTIMAL,OPTIMAL,OPTIMAL
PSMD14,OPTIMAL,OPTIMAL,OPTIMAL,OPTIMAL
GCA,OPTIMAL,INFEASIBLE,OPTIMAL,OPTIMAL
FIGN,OPTIMAL,OPTIMAL,OPTIMAL,OPTIMAL
GRB14,OPTIMAL,OPTIMAL,OPTIMAL,OPTIMAL
COBLL1,OPTIMAL,OPTIMAL,OPTIMAL,OPTIMAL
CSRNP3,OPTIMAL,OPTIMAL,OPTIMAL,OPTIMAL
TTC21B,OPTIMAL,OPTIMAL,OPTIMAL,OPTIMAL
STK39,OPTIMAL,OPTIMAL,OPTIMAL,OPTIMAL
CERS6,OPTIMAL,OPTIMAL,OPTIMAL,OPTIMAL
SPC25,OPTIMAL,OPTIMAL,OPTIMAL,OPTIMAL
LRP2,OPTIMAL,OPTIMAL,OPTIMAL,OPTIMAL
BBS5,OPTIMAL,OPTIMAL,OPTIMAL,OPTIMAL
FASTKD1,OPTIMAL,OPTIMAL,OPTIMAL,OPTIMAL
PPIG,INFEASIBLE,OPTIMAL,OPTIMAL,OPTIMAL
CFAP210,OPTIMAL,OPTIMAL,OPTIMAL,OPTIMAL
PHOSPHO2,OPTIMAL,OPTIMAL,OPTIMAL,OPTIMAL
KLHL23,OPTIMAL,OPTIMAL,OPTIMAL,OPTIMAL
SSB,OPTIMAL,OPTIMAL,OPTIMAL,OPTIMAL
METTL5,OPTIMAL,OPTIMAL,OPTIMAL,OPTIMAL
UBR3,OPTIMAL,OPTIMAL,OPTIMAL,OPTIMAL
ERICH2,OPTIMAL,OPTIMAL,OPTIMAL,OPTIMAL
GAD1,OPTIMAL,OPTIMAL,OPTIMAL,OPTIMAL
GORASP2,INFEASIBLE,OPTIMAL,OPTIMAL,OPTIMAL
TLK1,OPTIMAL,OPTIMAL,OPTIMAL,OPTIMAL
METTL8,OPTIMAL,OPTIMAL,OPTIMAL,OPTIMAL
DCAF17,OPTIMAL,OPTIMAL,OPTIMAL,OPTIMAL
CYBRD1,OPTIMAL,OPTIMAL,OPTIMAL,OPTIMAL
DYNC1I2,OPTIMAL,OPTIMAL,OPTIMAL,OPTIMAL
SLC25A12,OPTIMAL,OPTIMAL,OPTIMAL,OPTIMAL
HAT1,OPTIMAL,OPTIMAL,OPTIMAL,OPTIMAL
METAP1D,OPTIMAL,OPTIMAL,OPTIMAL,OPTIMAL
DLX1,OPTIMAL,OPTIMAL,OPTIMAL,OPTIMAL
DLX2,OPTIMAL,OPTIMAL,OPTIMAL,OPTIMAL
ITGA6,OPTIMAL,OPTIMAL,OPTIMAL,OPTIMAL
PDK1,OPTIMAL,OPTIMAL,OPTIMAL,OPTIMAL
RAPGEF4,OPTIMAL,INFEASIBLE,OPTIMAL,OPTIMAL
MAP3K20,INFEASIBLE,OPTIMAL,OPTIMAL,OPTIMAL
CDCA7,OPTIMAL,OPTIMAL,OPTIMAL,OPTIMAL
SP3,OPTIMAL,OPTIMAL,OPTIMAL,OPTIMAL
OLA1,INFEASIBLE,OPTIMAL,OPTIMAL,INFEASIBLE
SP9,OPTIMAL,INFEASIBLE,OPTIMAL,OPTIMAL
CIR1,OPTIMAL,OPTIMAL,OPTIMAL,OPTIMAL
SCRN3,OPTIMAL,OPTIMAL,OPTIMAL,OPTIMAL
GPR155,OPTIMAL,OPTIMAL,OPTIMAL,OPTIMAL
WIPF1,OPTIMAL,OPTIMAL,OPTIMAL,OPTIMAL
CHN1,OPTIMAL,INFEASIBLE,OPTIMAL,OPTIMAL
ATF2,OPTIMAL,OPTIMAL,OPTIMAL,OPTIMAL
ATP5MC3,OPTIMAL,OPTIMAL,OPTIMAL,OPTIMAL
LNPK,OPTIMAL,OPTIMAL,OPTIMAL,OPTIMAL
HOXD13,OPTIMAL,OPTIMAL,OPTIMAL,OPTIMAL
HOXD11,OPTIMAL,INFEASIBLE,OPTIMAL,OPTIMAL
HOXD10,OPTIMAL,OPTIMAL,OPTIMAL,OPTIMAL
HOXD9,OPTIMAL,OPTIMAL,OPTIMAL,OPTIMAL
HOXD8,OPTIMAL,INFEASIBLE,OPTIMAL,OPTIMAL
HOXD3,OPTIMAL,OPTIMAL,OPTIMAL,OPTIMAL
MTX2,OPTIMAL,OPTIMAL,OPTIMAL,OPTIMAL
HNRNPA3,INFEASIBLE,OPTIMAL,INFEASIBLE,INFEASIBLE
NFE2L2,OPTIMAL,OPTIMAL,OPTIMAL,OPTIMAL
AGPS,INFEASIBLE,OPTIMAL,OPTIMAL,OPTIMAL
PDE11A,INFEASIBLE,OPTIMAL,OPTIMAL,OPTIMAL
RBM45,OPTIMAL,OPTIMAL,OPTIMAL,OPTIMAL
OSBPL6,OPTIMAL,INFEASIBLE,OPTIMAL,OPTIMAL
PRKRA,OPTIMAL,OPTIMAL,OPTIMAL,OPTIMAL
PJVK,OPTIMAL,OPTIMAL,OPTIMAL,OPTIMAL
FKBP7,OPTIMAL,OPTIMAL,OPTIMAL,OPTIMAL
PLEKHA3,OPTIMAL,OPTIMAL,OPTIMAL,OPTIMAL
TTN,OPTIMAL,OPTIMAL,OPTIMAL,INFEASIBLE
SESTD1,OPTIMAL,OPTIMAL,OPTIMAL,OPTIMAL
ZNF385B,OPTIMAL,OPTIMAL,OPTIMAL,OPTIMAL
CWC22,INFEASIBLE,OPTIMAL,OPTIMAL,INFEASIBLE
UBE2E3,OPTIMAL,OPTIMAL,OPTIMAL,OPTIMAL
ITGA4,INFEASIBLE,OPTIMAL,OPTIMAL,OPTIMAL
NEUROD1,OPTIMAL,OPTIMAL,OPTIMAL,OPTIMAL
ITPRID2,INFEASIBLE,OPTIMAL,OPTIMAL,OPTIMAL
DNAJC10,INFEASIBLE,OPTIMAL,OPTIMAL,OPTIMAL
NCKAP1,INFEASIBLE,OPTIMAL,OPTIMAL,OPTIMAL
DUSP19,OPTIMAL,OPTIMAL,OPTIMAL,OPTIMAL
NUP35,OPTIMAL,OPTIMAL,OPTIMAL,OPTIMAL
ZNF804A,OPTIMAL,OPTIMAL,OPTIMAL,OPTIMAL
ZC3H15,OPTIMAL,OPTIMAL,OPTIMAL,OPTIMAL
ITGAV,OPTIMAL,OPTIMAL,OPTIMAL,OPTIMAL
FAM171B,OPTIMAL,OPTIMAL,OPTIMAL,OPTIMAL
TFPI,OPTIMAL,OPTIMAL,OPTIMAL,OPTIMAL
GULP1,OPTIMAL,OPTIMAL,OPTIMAL,OPTIMAL
WDR75,OPTIMAL,OPTIMAL,OPTIMAL,OPTIMAL
ASNSD1,OPTIMAL,OPTIMAL,OPTIMAL,OPTIMAL
ANKAR,OPTIMAL,OPTIMAL,OPTIMAL,OPTIMAL
OSGEPL1,OPTIMAL,OPTIMAL,OPTIMAL,OPTIMAL
ORMDL1,OPTIMAL,OPTIMAL,OPTIMAL,OPTIMAL
PMS1,OPTIMAL,OPTIMAL,OPTIMAL,OPTIMAL
C2orf88,OPTIMAL,OPTIMAL,OPTIMAL,OPTIMAL
HIBCH,INFEASIBLE,OPTIMAL,OPTIMAL,INFEASIBLE
INPP1,OPTIMAL,OPTIMAL,OPTIMAL,OPTIMAL
NAB1,OPTIMAL,OPTIMAL,OPTIMAL,OPTIMAL
GLS,INFEASIBLE,OPTIMAL,OPTIMAL,OPTIMAL
STAT1,OPTIMAL,OPTIMAL,OPTIMAL,OPTIMAL
MYO1B,OPTIMAL,OPTIMAL,OPTIMAL,OPTIMAL
NABP1,OPTIMAL,OPTIMAL,OPTIMAL,OPTIMAL
SLC39A10,OPTIMAL,OPTIMAL,OPTIMAL,OPTIMAL
STK17B,OPTIMAL,OPTIMAL,OPTIMAL,OPTIMAL
HECW2,OPTIMAL,OPTIMAL,OPTIMAL,OPTIMAL
CCDC150,OPTIMAL,OPTIMAL,OPTIMAL,OPTIMAL
GTF3C3,INFEASIBLE,OPTIMAL,OPTIMAL,INFEASIBLE
PGAP1,OPTIMAL,OPTIMAL,OPTIMAL,OPTIMAL
ANKRD44,OPTIMAL,OPTIMAL,OPTIMAL,OPTIMAL
SF3B1,INFEASIBLE,OPTIMAL,OPTIMAL,INFEASIBLE
COQ10B,OPTIMAL,OPTIMAL,OPTIMAL,OPTIMAL
HSPD1,INFEASIBLE,OPTIMAL,OPTIMAL,OPTIMAL
HSPE1,OPTIMAL,OPTIMAL,OPTIMAL,OPTIMAL
MOB4,OPTIMAL,OPTIMAL,OPTIMAL,OPTIMAL
MARS2,OPTIMAL,OPTIMAL,OPTIMAL,OPTIMAL
PLCL1,OPTIMAL,OPTIMAL,OPTIMAL,OPTIMAL
SATB2,OPTIMAL,OPTIMAL,OPTIMAL,OPTIMAL
FTCDNL1,OPTIMAL,OPTIMAL,OPTIMAL,OPTIMAL
C2orf69,OPTIMAL,OPTIMAL,OPTIMAL,OPTIMAL
TYW5,OPTIMAL,OPTIMAL,OPTIMAL,OPTIMAL
MAIP1,OPTIMAL,OPTIMAL,OPTIMAL,OPTIMAL
SPATS2L,OPTIMAL,OPTIMAL,OPTIMAL,OPTIMAL
SGO2,INFEASIBLE,OPTIMAL,OPTIMAL,INFEASIBLE
BZW1,OPTIMAL,OPTIMAL,OPTIMAL,OPTIMAL
CLK1,OPTIMAL,OPTIMAL,OPTIMAL,OPTIMAL
PPIL3,OPTIMAL,OPTIMAL,OPTIMAL,OPTIMAL
NIF3L1,OPTIMAL,OPTIMAL,OPTIMAL,OPTIMAL
ORC2,INFEASIBLE,OPTIMAL,OPTIMAL,OPTIMAL
HYCC2,OPTIMAL,OPTIMAL,OPTIMAL,OPTIMAL
NDUFB3,OPTIMAL,OPTIMAL,OPTIMAL,OPTIMAL
CFLAR,OPTIMAL,OPTIMAL,OPTIMAL,OPTIMAL
CASP10,OPTIMAL,OPTIMAL,OPTIMAL,OPTIMAL
CASP8,INFEASIBLE,INFEASIBLE,OPTIMAL,INFEASIBLE
TRAK2,OPTIMAL,OPTIMAL,OPTIMAL,OPTIMAL
STRADB,OPTIMAL,OPTIMAL,OPTIMAL,OPTIMAL
TMEM237,OPTIMAL,OPTIMAL,OPTIMAL,OPTIMAL
ALS2,OPTIMAL,OPTIMAL,OPTIMAL,OPTIMAL
SUMO1,OPTIMAL,OPTIMAL,OPTIMAL,OPTIMAL
NOP58,INFEASIBLE,OPTIMAL,OPTIMAL,OPTIMAL
BMPR2,OPTIMAL,OPTIMAL,OPTIMAL,OPTIMAL
FAM117B,OPTIMAL,OPTIMAL,OPTIMAL,OPTIMAL
ICA1L,OPTIMAL,INFEASIBLE,OPTIMAL,OPTIMAL
WDR12,INFEASIBLE,OPTIMAL,OPTIMAL,OPTIMAL
NBEAL1,OPTIMAL,OPTIMAL,OPTIMAL,OPTIMAL
CYP20A1,OPTIMAL,OPTIMAL,OPTIMAL,OPTIMAL
ABI2,OPTIMAL,OPTIMAL,OPTIMAL,OPTIMAL
RAPH1,OPTIMAL,OPTIMAL,OPTIMAL,OPTIMAL
PARD3B,OPTIMAL,OPTIMAL,OPTIMAL,OPTIMAL
NRP2,OPTIMAL,OPTIMAL,OPTIMAL,OPTIMAL
INO80D,OPTIMAL,OPTIMAL,OPTIMAL,OPTIMAL
NDUFS1,INFEASIBLE,OPTIMAL,INFEASIBLE,OPTIMAL
EEF1B2,OPTIMAL,OPTIMAL,OPTIMAL,OPTIMAL
ZDBF2,OPTIMAL,OPTIMAL,OPTIMAL,OPTIMAL
ADAM23,OPTIMAL,OPTIMAL,OPTIMAL,OPTIMAL
FASTKD2,OPTIMAL,OPTIMAL,OPTIMAL,OPTIMAL
KLF7,OPTIMAL,OPTIMAL,OPTIMAL,OPTIMAL
CREB1,OPTIMAL,OPTIMAL,OPTIMAL,OPTIMAL
METTL21A,OPTIMAL,OPTIMAL,OPTIMAL,OPTIMAL
CCNYL1,OPTIMAL,OPTIMAL,OPTIMAL,OPTIMAL
PLEKHM3,OPTIMAL,OPTIMAL,OPTIMAL,OPTIMAL
CRYGD,OPTIMAL,OPTIMAL,OPTIMAL,OPTIMAL
IDH1,OPTIMAL,OPTIMAL,OPTIMAL,OPTIMAL
PIKFYVE,OPTIMAL,OPTIMAL,OPTIMAL,OPTIMAL
MAP2,INFEASIBLE,OPTIMAL,OPTIMAL,INFEASIBLE
RPE,OPTIMAL,OPTIMAL,OPTIMAL,OPTIMAL
KANSL1L,OPTIMAL,OPTIMAL,OPTIMAL,OPTIMAL
LANCL1,OPTIMAL,OPTIMAL,OPTIMAL,OPTIMAL
CPS1,OPTIMAL,OPTIMAL,OPTIMAL,OPTIMAL
ERBB4,OPTIMAL,OPTIMAL,OPTIMAL,OPTIMAL
SPAG16,OPTIMAL,OPTIMAL,OPTIMAL,OPTIMAL
BARD1,OPTIMAL,OPTIMAL,OPTIMAL,OPTIMAL
ATIC,OPTIMAL,OPTIMAL,OPTIMAL,OPTIMAL
FN1,OPTIMAL,OPTIMAL,OPTIMAL,OPTIMAL
MREG,OPTIMAL,OPTIMAL,OPTIMAL,OPTIMAL
PECR,OPTIMAL,OPTIMAL,OPTIMAL,OPTIMAL
XRCC5,INFEASIBLE,OPTIMAL,OPTIMAL,INFEASIBLE
SMARCAL1,OPTIMAL,OPTIMAL,OPTIMAL,OPTIMAL
RPL37A,INFEASIBLE,OPTIMAL,OPTIMAL,OPTIMAL
IGFBP2,OPTIMAL,OPTIMAL,OPTIMAL,OPTIMAL
IGFBP5,OPTIMAL,OPTIMAL,OPTIMAL,OPTIMAL
ARPC2,OPTIMAL,OPTIMAL,OPTIMAL,OPTIMAL
AAMP,OPTIMAL,OPTIMAL,OPTIMAL,OPTIMAL
PNKD,INFEASIBLE,OPTIMAL,OPTIMAL,INFEASIBLE
CTDSP1,OPTIMAL,INFEASIBLE,OPTIMAL,OPTIMAL
USP37,OPTIMAL,OPTIMAL,OPTIMAL,OPTIMAL
CNOT9,OPTIMAL,OPTIMAL,OPTIMAL,OPTIMAL
ZNF142,OPTIMAL,OPTIMAL,OPTIMAL,OPTIMAL
BCS1L,OPTIMAL,OPTIMAL,OPTIMAL,OPTIMAL
RNF25,OPTIMAL,OPTIMAL,OPTIMAL,OPTIMAL
TTLL4,OPTIMAL,OPTIMAL,OPTIMAL,OPTIMAL
NHEJ1,OPTIMAL,OPTIMAL,OPTIMAL,OPTIMAL
CNPPD1,OPTIMAL,OPTIMAL,OPTIMAL,OPTIMAL
RETREG2,OPTIMAL,OPTIMAL,OPTIMAL,OPTIMAL
ZFAND2B,OPTIMAL,INFEASIBLE,OPTIMAL,OPTIMAL
ATG9A,OPTIMAL,OPTIMAL,OPTIMAL,OPTIMAL
ANKZF1,OPTIMAL,OPTIMAL,OPTIMAL,OPTIMAL
STK16,OPTIMAL,OPTIMAL,OPTIMAL,OPTIMAL
DNPEP,OPTIMAL,OPTIMAL,OPTIMAL,OPTIMAL
GMPPA,OPTIMAL,OPTIMAL,OPTIMAL,OPTIMAL
CHPF,OPTIMAL,OPTIMAL,OPTIMAL,OPTIMAL
OBSL1,OPTIMAL,OPTIMAL,OPTIMAL,OPTIMAL
EPHA4,OPTIMAL,OPTIMAL,OPTIMAL,OPTIMAL
PAX3,OPTIMAL,OPTIMAL,OPTIMAL,OPTIMAL
FARSB,OPTIMAL,OPTIMAL,OPTIMAL,OPTIMAL
ACSL3,INFEASIBLE,OPTIMAL,OPTIMAL,OPTIMAL
AP1S3,OPTIMAL,OPTIMAL,OPTIMAL,INFEASIBLE
WDFY1,OPTIMAL,OPTIMAL,OPTIMAL,OPTIMAL
MRPL44,OPTIMAL,OPTIMAL,OPTIMAL,OPTIMAL
SERPINE2,OPTIMAL,OPTIMAL,OPTIMAL,OPTIMAL
CUL3,INFEASIBLE,OPTIMAL,OPTIMAL,INFEASIBLE
RHBDD1,INFEASIBLE,OPTIMAL,INFEASIBLE,OPTIMAL
MFF,OPTIMAL,OPTIMAL,OPTIMAL,OPTIMAL
AGFG1,INFEASIBLE,OPTIMAL,OPTIMAL,OPTIMAL
TRIP12,INFEASIBLE,OPTIMAL,OPTIMAL,INFEASIBLE
FBXO36,OPTIMAL,OPTIMAL,OPTIMAL,OPTIMAL
CAB39,OPTIMAL,OPTIMAL,OPTIMAL,OPTIMAL
ITM2C,OPTIMAL,OPTIMAL,OPTIMAL,OPTIMAL
PSMD1,OPTIMAL,OPTIMAL,OPTIMAL,OPTIMAL
ARMC9,OPTIMAL,OPTIMAL,OPTIMAL,OPTIMAL
NCL,INFEASIBLE,OPTIMAL,INFEASIBLE,INFEASIBLE
PTMA,OPTIMAL,OPTIMAL,OPTIMAL,OPTIMAL
PDE6D,OPTIMAL,OPTIMAL,OPTIMAL,OPTIMAL
COPS7B,OPTIMAL,OPTIMAL,OPTIMAL,OPTIMAL
NPPC,OPTIMAL,OPTIMAL,OPTIMAL,OPTIMAL
DIS3L2,OPTIMAL,INFEASIBLE,OPTIMAL,INFEASIBLE
TIGD1,OPTIMAL,OPTIMAL,OPTIMAL,OPTIMAL
EIF4E2,OPTIMAL,OPTIMAL,OPTIMAL,OPTIMAL
EFHD1,OPTIMAL,OPTIMAL,OPTIMAL,OPTIMAL
GIGYF2,INFEASIBLE,OPTIMAL,OPTIMAL,INFEASIBLE
ATG16L1,OPTIMAL,OPTIMAL,OPTIMAL,OPTIMAL
DGKD,OPTIMAL,OPTIMAL,OPTIMAL,OPTIMAL
USP40,OPTIMAL,OPTIMAL,OPTIMAL,OPTIMAL
HJURP,OPTIMAL,OPTIMAL,OPTIMAL,OPTIMAL
ARL4C,OPTIMAL,OPTIMAL,OPTIMAL,OPTIMAL
SH3BP4,OPTIMAL,OPTIMAL,OPTIMAL,OPTIMAL
AGAP1,OPTIMAL,OPTIMAL,OPTIMAL,OPTIMAL
COPS8,OPTIMAL,OPTIMAL,OPTIMAL,OPTIMAL
LRRFIP1,INFEASIBLE,OPTIMAL,OPTIMAL,INFEASIBLE
RAMP1,OPTIMAL,OPTIMAL,OPTIMAL,OPTIMAL
UBE2F,OPTIMAL,OPTIMAL,OPTIMAL,OPTIMAL
SCLY,OPTIMAL,OPTIMAL,OPTIMAL,OPTIMAL
ILKAP,INFEASIBLE,OPTIMAL,OPTIMAL,OPTIMAL
HES6,OPTIMAL,OPTIMAL,OPTIMAL,OPTIMAL
PER2,OPTIMAL,OPTIMAL,OPTIMAL,OPTIMAL
TRAF3IP1,INFEASIBLE,OPTIMAL,OPTIMAL,OPTIMAL
ASB1,OPTIMAL,OPTIMAL,OPTIMAL,OPTIMAL
TWIST2,OPTIMAL,OPTIMAL,OPTIMAL,OPTIMAL
HDAC4,OPTIMAL,OPTIMAL,OPTIMAL,OPTIMAL
NDUFA10,INFEASIBLE,OPTIMAL,OPTIMAL,OPTIMAL
COPS9,OPTIMAL,OPTIMAL,OPTIMAL,OPTIMAL
ANKMY1,OPTIMAL,OPTIMAL,OPTIMAL,OPTIMAL
DUSP28,OPTIMAL,OPTIMAL,OPTIMAL,OPTIMAL
RNPEPL1,OPTIMAL,OPTIMAL,OPTIMAL,OPTIMAL
KIF1A,OPTIMAL,OPTIMAL,OPTIMAL,OPTIMAL
SNED1,OPTIMAL,OPTIMAL,OPTIMAL,OPTIMAL
MTERF4,OPTIMAL,OPTIMAL,OPTIMAL,OPTIMAL
PASK,OPTIMAL,OPTIMAL,OPTIMAL,OPTIMAL
PPP1R7,OPTIMAL,OPTIMAL,OPTIMAL,OPTIMAL
ANO7,OPTIMAL,OPTIMAL,OPTIMAL,OPTIMAL
HDLBP,OPTIMAL,OPTIMAL,OPTIMAL,OPTIMAL
SEPTIN2,OPTIMAL,OPTIMAL,OPTIMAL,OPTIMAL
FARP2,OPTIMAL,OPTIMAL,OPTIMAL,OPTIMAL
STK25,OPTIMAL,OPTIMAL,OPTIMAL,OPTIMAL
THAP4,OPTIMAL,OPTIMAL,OPTIMAL,OPTIMAL
ATG4B,OPTIMAL,OPTIMAL,OPTIMAL,OPTIMAL
DTYMK,OPTIMAL,OPTIMAL,OPTIMAL,OPTIMAL
ING5,OPTIMAL,OPTIMAL,OPTIMAL,OPTIMAL
D2HGDH,OPTIMAL,OPTIMAL,OPTIMAL,OPTIMAL
CNTN4,OPTIMAL,OPTIMAL,OPTIMAL,OPTIMAL
TRNT1,OPTIMAL,OPTIMAL,OPTIMAL,OPTIMAL
CRBN,OPTIMAL,OPTIMAL,OPTIMAL,OPTIMAL
SUMF1,OPTIMAL,OPTIMAL,OPTIMAL,OPTIMAL
ITPR1,OPTIMAL,OPTIMAL,OPTIMAL,OPTIMAL
ARL8B,OPTIMAL,OPTIMAL,OPTIMAL,OPTIMAL
EDEM1,OPTIMAL,OPTIMAL,OPTIMAL,OPTIMAL
GRM7,INFEASIBLE,INFEASIBLE,OPTIMAL,OPTIMAL
CAV3,OPTIMAL,OPTIMAL,OPTIMAL,OPTIMAL
RAD18,OPTIMAL,OPTIMAL,OPTIMAL,OPTIMAL
SRGAP3,OPTIMAL,OPTIMAL,OPTIMAL,OPTIMAL
THUMPD3,INFEASIBLE,OPTIMAL,OPTIMAL,OPTIMAL
SETD5,OPTIMAL,OPTIMAL,OPTIMAL,OPTIMAL
MTMR14,OPTIMAL,OPTIMAL,OPTIMAL,OPTIMAL
BRPF1,OPTIMAL,OPTIMAL,OPTIMAL,OPTIMAL
OGG1,OPTIMAL,OPTIMAL,OPTIMAL,OPTIMAL
CAMK1,OPTIMAL,OPTIMAL,OPTIMAL,OPTIMAL
TADA3,OPTIMAL,OPTIMAL,OPTIMAL,OPTIMAL
ARPC4,OPTIMAL,OPTIMAL,OPTIMAL,OPTIMAL
TTLL3,OPTIMAL,OPTIMAL,OPTIMAL,OPTIMAL
RPUSD3,OPTIMAL,OPTIMAL,OPTIMAL,OPTIMAL
JAGN1,OPTIMAL,OPTIMAL,OPTIMAL,OPTIMAL
PRRT3,OPTIMAL,OPTIMAL,OPTIMAL,OPTIMAL
EMC3,OPTIMAL,OPTIMAL,OPTIMAL,OPTIMAL
FANCD2,OPTIMAL,OPTIMAL,OPTIMAL,OPTIMAL
BRK1,OPTIMAL,OPTIMAL,OPTIMAL,OPTIMAL
VHL,OPTIMAL,OPTIMAL,OPTIMAL,OPTIMAL
TATDN2,OPTIMAL,OPTIMAL,OPTIMAL,OPTIMAL
SEC13,OPTIMAL,OPTIMAL,OPTIMAL,OPTIMAL
SLC6A11,INFEASIBLE,OPTIMAL,OPTIMAL,OPTIMAL
ATG7,OPTIMAL,OPTIMAL,OPTIMAL,OPTIMAL
VGLL4,OPTIMAL,OPTIMAL,OPTIMAL,OPTIMAL
TAMM41,OPTIMAL,OPTIMAL,OPTIMAL,OPTIMAL
SYN2,OPTIMAL,OPTIMAL,OPTIMAL,OPTIMAL
PPARG,OPTIMAL,OPTIMAL,OPTIMAL,OPTIMAL
TSEN2,OPTIMAL,OPTIMAL,OPTIMAL,OPTIMAL
MKRN2OS,OPTIMAL,OPTIMAL,OPTIMAL,OPTIMAL
MKRN2,OPTIMAL,OPTIMAL,OPTIMAL,OPTIMAL
RAF1,OPTIMAL,OPTIMAL,OPTIMAL,OPTIMAL
CAND2,OPTIMAL,OPTIMAL,OPTIMAL,OPTIMAL
RPL32,OPTIMAL,OPTIMAL,OPTIMAL,OPTIMAL
IQSEC1,OPTIMAL,OPTIMAL,OPTIMAL,OPTIMAL
NUP210,OPTIMAL,OPTIMAL,OPTIMAL,OPTIMAL
CHCHD4,OPTIMAL,OPTIMAL,OPTIMAL,OPTIMAL
TMEM43,OPTIMAL,OPTIMAL,OPTIMAL,OPTIMAL
XPC,OPTIMAL,OPTIMAL,OPTIMAL,OPTIMAL
LSM3,OPTIMAL,OPTIMAL,OPTIMAL,OPTIMAL
SLC6A6,INFEASIBLE,OPTIMAL,OPTIMAL,INFEASIBLE
CCDC174,OPTIMAL,OPTIMAL,OPTIMAL,OPTIMAL
NR2C2,OPTIMAL,OPTIMAL,OPTIMAL,OPTIMAL
MRPS25,OPTIMAL,OPTIMAL,OPTIMAL,OPTIMAL
RBSN,OPTIMAL,OPTIMAL,OPTIMAL,OPTIMAL
CAPN7,INFEASIBLE,OPTIMAL,OPTIMAL,OPTIMAL
SH3BP5,INFEASIBLE,OPTIMAL,OPTIMAL,OPTIMAL
METTL6,OPTIMAL,OPTIMAL,OPTIMAL,OPTIMAL
EAF1,OPTIMAL,OPTIMAL,OPTIMAL,OPTIMAL
HACL1,OPTIMAL,OPTIMAL,OPTIMAL,OPTIMAL
BTD,OPTIMAL,OPTIMAL,OPTIMAL,OPTIMAL
ANKRD28,OPTIMAL,OPTIMAL,OPTIMAL,OPTIMAL
DPH3,OPTIMAL,OPTIMAL,OPTIMAL,OPTIMAL
OXNAD1,OPTIMAL,OPTIMAL,OPTIMAL,OPTIMAL
RFTN1,OPTIMAL,OPTIMAL,OPTIMAL,OPTIMAL
PLCL2,OPTIMAL,OPTIMAL,OPTIMAL,OPTIMAL
TBC1D5,OPTIMAL,OPTIMAL,OPTIMAL,OPTIMAL
SATB1,OPTIMAL,OPTIMAL,OPTIMAL,OPTIMAL
RAB5A,OPTIMAL,OPTIMAL,OPTIMAL,OPTIMAL
KAT2B,OPTIMAL,OPTIMAL,OPTIMAL,OPTIMAL
SGO1,OPTIMAL,OPTIMAL,OPTIMAL,OPTIMAL
ZNF385D,OPTIMAL,OPTIMAL,OPTIMAL,INFEASIBLE
UBE2E2,OPTIMAL,OPTIMAL,OPTIMAL,OPTIMAL
UBE2E1,INFEASIBLE,OPTIMAL,OPTIMAL,OPTIMAL
NKIRAS1,OPTIMAL,OPTIMAL,OPTIMAL,OPTIMAL
RPL15,OPTIMAL,OPTIMAL,OPTIMAL,OPTIMAL
NR1D2,OPTIMAL,OPTIMAL,OPTIMAL,OPTIMAL
THRB,OPTIMAL,INFEASIBLE,OPTIMAL,OPTIMAL
RARB,OPTIMAL,OPTIMAL,OPTIMAL,OPTIMAL
TOP2B,INFEASIBLE,OPTIMAL,INFEASIBLE,INFEASIBLE
NGLY1,OPTIMAL,OPTIMAL,OPTIMAL,OPTIMAL
OXSM,OPTIMAL,OPTIMAL,OPTIMAL,OPTIMAL
LRRC3B,OPTIMAL,OPTIMAL,OPTIMAL,INFEASIBLE
NEK10,OPTIMAL,OPTIMAL,OPTIMAL,OPTIMAL
SLC4A7,OPTIMAL,OPTIMAL,OPTIMAL,OPTIMAL
CMC1,OPTIMAL,OPTIMAL,OPTIMAL,OPTIMAL
AZI2,OPTIMAL,OPTIMAL,OPTIMAL,OPTIMAL
ZCWPW2,OPTIMAL,OPTIMAL,OPTIMAL,OPTIMAL
RBMS3,OPTIMAL,INFEASIBLE,OPTIMAL,OPTIMAL
TGFBR2,OPTIMAL,OPTIMAL,OPTIMAL,OPTIMAL
STT3B,INFEASIBLE,OPTIMAL,OPTIMAL,OPTIMAL
OSBPL10,OPTIMAL,OPTIMAL,OPTIMAL,OPTIMAL
GPD1L,OPTIMAL,OPTIMAL,OPTIMAL,OPTIMAL
CMTM8,OPTIMAL,OPTIMAL,OPTIMAL,OPTIMAL
CMTM7,OPTIMAL,OPTIMAL,OPTIMAL,OPTIMAL
CMTM6,OPTIMAL,OPTIMAL,OPTIMAL,OPTIMAL
DYNC1LI1,INFEASIBLE,OPTIMAL,OPTIMAL,OPTIMAL
CNOT10,OPTIMAL,OPTIMAL,OPTIMAL,OPTIMAL
TRIM71,OPTIMAL,OPTIMAL,OPTIMAL,OPTIMAL
GLB1,OPTIMAL,OPTIMAL,OPTIMAL,OPTIMAL
CRTAP,OPTIMAL,OPTIMAL,OPTIMAL,OPTIMAL
SUSD5,OPTIMAL,OPTIMAL,OPTIMAL,OPTIMAL
FBXL2,OPTIMAL,OPTIMAL,OPTIMAL,OPTIMAL
UBP1,OPTIMAL,OPTIMAL,OPTIMAL,OPTIMAL
CLASP2,OPTIMAL,OPTIMAL,OPTIMAL,OPTIMAL
PDCD6IP,INFEASIBLE,OPTIMAL,OPTIMAL,OPTIMAL
STAC,OPTIMAL,OPTIMAL,OPTIMAL,OPTIMAL
LRRFIP2,OPTIMAL,OPTIMAL,OPTIMAL,OPTIMAL
GOLGA4,INFEASIBLE,OPTIMAL,OPTIMAL,INFEASIBLE
CTDSPL,OPTIMAL,OPTIMAL,OPTIMAL,OPTIMAL
ACAA1,OPTIMAL,OPTIMAL,OPTIMAL,OPTIMAL
OXSR1,OPTIMAL,INFEASIBLE,OPTIMAL,OPTIMAL
XYLB,OPTIMAL,OPTIMAL,OPTIMAL,OPTIMAL
ACVR2B,OPTIMAL,OPTIMAL,OPTIMAL,OPTIMAL
EXOG,OPTIMAL,OPTIMAL,OPTIMAL,OPTIMAL
SCN5A,OPTIMAL,INFEASIBLE,OPTIMAL,OPTIMAL
WDR48,INFEASIBLE,OPTIMAL,OPTIMAL,OPTIMAL
GORASP1,OPTIMAL,OPTIMAL,OPTIMAL,OPTIMAL
SLC25A38,OPTIMAL,OPTIMAL,OPTIMAL,OPTIMAL
RPSA,OPTIMAL,OPTIMAL,OPTIMAL,OPTIMAL
EIF1B,OPTIMAL,OPTIMAL,OPTIMAL,OPTIMAL
RPL14,OPTIMAL,OPTIMAL,OPTIMAL,OPTIMAL
ZNF620,OPTIMAL,OPTIMAL,OPTIMAL,OPTIMAL
ZNF621,OPTIMAL,OPTIMAL,OPTIMAL,OPTIMAL
CTNNB1,INFEASIBLE,OPTIMAL,INFEASIBLE,OPTIMAL
ULK4,OPTIMAL,OPTIMAL,OPTIMAL,OPTIMAL
TRAK1,OPTIMAL,OPTIMAL,OPTIMAL,OPTIMAL
SEC22C,OPTIMAL,OPTIMAL,OPTIMAL,OPTIMAL
SS18L2,OPTIMAL,OPTIMAL,OPTIMAL,OPTIMAL
NKTR,OPTIMAL,OPTIMAL,OPTIMAL,OPTIMAL
HIGD1A,OPTIMAL,OPTIMAL,OPTIMAL,OPTIMAL
POMGNT2,OPTIMAL,OPTIMAL,OPTIMAL,OPTIMAL
SNRK,OPTIMAL,OPTIMAL,OPTIMAL,OPTIMAL
ANO10,OPTIMAL,OPTIMAL,OPTIMAL,OPTIMAL
ABHD5,OPTIMAL,OPTIMAL,OPTIMAL,OPTIMAL
TCAIM,OPTIMAL,OPTIMAL,OPTIMAL,OPTIMAL
ZNF445,OPTIMAL,OPTIMAL,OPTIMAL,OPTIMAL
ZNF852,OPTIMAL,OPTIMAL,OPTIMAL,OPTIMAL
ZNF197,OPTIMAL,OPTIMAL,OPTIMAL,OPTIMAL
ZNF35,OPTIMAL,OPTIMAL,OPTIMAL,OPTIMAL
KIAA1143,OPTIMAL,OPTIMAL,OPTIMAL,OPTIMAL
KIF15,OPTIMAL,OPTIMAL,OPTIMAL,OPTIMAL
TMEM42,OPTIMAL,OPTIMAL,OPTIMAL,OPTIMAL
ZDHHC3,OPTIMAL,OPTIMAL,OPTIMAL,OPTIMAL
EXOSC7,OPTIMAL,OPTIMAL,OPTIMAL,OPTIMAL
TMEM158,OPTIMAL,OPTIMAL,OPTIMAL,OPTIMAL
LARS2,INFEASIBLE,OPTIMAL,OPTIMAL,OPTIMAL
LIMD1,OPTIMAL,OPTIMAL,OPTIMAL,OPTIMAL
SACM1L,INFEASIBLE,OPTIMAL,OPTIMAL,OPTIMAL
LZTFL1,OPTIMAL,OPTIMAL,OPTIMAL,OPTIMAL
FYCO1,OPTIMAL,OPTIMAL,OPTIMAL,OPTIMAL
CCDC12,OPTIMAL,OPTIMAL,OPTIMAL,OPTIMAL
NBEAL2,OPTIMAL,OPTIMAL,OPTIMAL,OPTIMAL
SETD2,INFEASIBLE,OPTIMAL,OPTIMAL,OPTIMAL
KIF9,OPTIMAL,OPTIMAL,OPTIMAL,OPTIMAL
KLHL18,OPTIMAL,OPTIMAL,OPTIMAL,OPTIMAL
PTPN23,OPTIMAL,OPTIMAL,OPTIMAL,OPTIMAL
SCAP,OPTIMAL,INFEASIBLE,OPTIMAL,OPTIMAL
ELP6,OPTIMAL,OPTIMAL,OPTIMAL,OPTIMAL
CSPG5,OPTIMAL,INFEASIBLE,OPTIMAL,OPTIMAL
SMARCC1,INFEASIBLE,OPTIMAL,OPTIMAL,INFEASIBLE
DHX30,OPTIMAL,OPTIMAL,OPTIMAL,OPTIMAL
MAP4,OPTIMAL,OPTIMAL,OPTIMAL,OPTIMAL
CDC25A,OPTIMAL,INFEASIBLE,OPTIMAL,OPTIMAL
ZNF589,OPTIMAL,OPTIMAL,OPTIMAL,OPTIMAL
NME6,OPTIMAL,OPTIMAL,OPTIMAL,OPTIMAL
CCDC51,OPTIMAL,OPTIMAL,OPTIMAL,OPTIMAL
TMA7,OPTIMAL,OPTIMAL,OPTIMAL,OPTIMAL
ATRIP,OPTIMAL,OPTIMAL,OPTIMAL,OPTIMAL
SHISA5,OPTIMAL,OPTIMAL,OPTIMAL,OPTIMAL
UQCRC1,OPTIMAL,OPTIMAL,OPTIMAL,OPTIMAL
NCKIPSD,OPTIMAL,OPTIMAL,OPTIMAL,OPTIMAL
IP6K2,OPTIMAL,INFEASIBLE,OPTIMAL,OPTIMAL
PRKAR2A,OPTIMAL,OPTIMAL,OPTIMAL,OPTIMAL
SLC25A20,OPTIMAL,OPTIMAL,OPTIMAL,OPTIMAL
ARIH2,OPTIMAL,OPTIMAL,OPTIMAL,OPTIMAL
WDR6,OPTIMAL,OPTIMAL,OPTIMAL,OPTIMAL
DALRD3,OPTIMAL,OPTIMAL,OPTIMAL,OPTIMAL
NDUFAF3,OPTIMAL,OPTIMAL,OPTIMAL,OPTIMAL
IMPDH2,OPTIMAL,OPTIMAL,OPTIMAL,OPTIMAL
QRICH1,OPTIMAL,OPTIMAL,OPTIMAL,OPTIMAL
QARS1,OPTIMAL,OPTIMAL,OPTIMAL,OPTIMAL
USP19,OPTIMAL,OPTIMAL,OPTIMAL,OPTIMAL
CCDC71,OPTIMAL,OPTIMAL,OPTIMAL,OPTIMAL
USP4,OPTIMAL,INFEASIBLE,OPTIMAL,OPTIMAL
GPX1,OPTIMAL,OPTIMAL,OPTIMAL,OPTIMAL
RHOA,OPTIMAL,OPTIMAL,OPTIMAL,OPTIMAL
TCTA,OPTIMAL,OPTIMAL,OPTIMAL,OPTIMAL
DAG1,OPTIMAL,OPTIMAL,OPTIMAL,OPTIMAL
APEH,OPTIMAL,OPTIMAL,OPTIMAL,OPTIMAL
RNF123,OPTIMAL,OPTIMAL,OPTIMAL,OPTIMAL
GMPPB,OPTIMAL,OPTIMAL,OPTIMAL,OPTIMAL
IP6K1,OPTIMAL,OPTIMAL,OPTIMAL,OPTIMAL
TRAIP,OPTIMAL,OPTIMAL,OPTIMAL,OPTIMAL
MON1A,OPTIMAL,OPTIMAL,OPTIMAL,OPTIMAL
RBM6,OPTIMAL,OPTIMAL,OPTIMAL,OPTIMAL
RBM5,OPTIMAL,OPTIMAL,OPTIMAL,OPTIMAL
GNAI2,OPTIMAL,OPTIMAL,OPTIMAL,OPTIMAL
IFRD2,OPTIMAL,OPTIMAL,OPTIMAL,OPTIMAL
HYAL2,OPTIMAL,OPTIMAL,OPTIMAL,OPTIMAL
TUSC2,OPTIMAL,OPTIMAL,OPTIMAL,OPTIMAL
RASSF1,OPTIMAL,OPTIMAL,OPTIMAL,OPTIMAL
NPRL2,OPTIMAL,OPTIMAL,OPTIMAL,OPTIMAL
CYB561D2,OPTIMAL,OPTIMAL,OPTIMAL,OPTIMAL
TMEM115,OPTIMAL,OPTIMAL,OPTIMAL,OPTIMAL
HEMK1,OPTIMAL,OPTIMAL,OPTIMAL,OPTIMAL
MAPKAPK3,OPTIMAL,OPTIMAL,OPTIMAL,OPTIMAL
DOCK3,INFEASIBLE,INFEASIBLE,OPTIMAL,INFEASIBLE
MANF,OPTIMAL,OPTIMAL,OPTIMAL,OPTIMAL
RBM15B,OPTIMAL,OPTIMAL,OPTIMAL,OPTIMAL
DCAF1,OPTIMAL,OPTIMAL,OPTIMAL,OPTIMAL
RAD54L2,OPTIMAL,INFEASIBLE,OPTIMAL,OPTIMAL
TEX264,OPTIMAL,OPTIMAL,OPTIMAL,OPTIMAL
RRP9,OPTIMAL,OPTIMAL,OPTIMAL,OPTIMAL
ABHD14B,OPTIMAL,OPTIMAL,OPTIMAL,OPTIMAL
ABHD14A,OPTIMAL,OPTIMAL,OPTIMAL,OPTIMAL
ACY1,OPTIMAL,OPTIMAL,OPTIMAL,OPTIMAL
RPL29,OPTIMAL,OPTIMAL,OPTIMAL,OPTIMAL
DUSP7,OPTIMAL,OPTIMAL,OPTIMAL,OPTIMAL
POC1A,OPTIMAL,OPTIMAL,OPTIMAL,OPTIMAL
ALAS1,OPTIMAL,OPTIMAL,OPTIMAL,OPTIMAL
TWF2,OPTIMAL,OPTIMAL,OPTIMAL,OPTIMAL
WDR82,OPTIMAL,OPTIMAL,OPTIMAL,OPTIMAL
BAP1,OPTIMAL,OPTIMAL,OPTIMAL,OPTIMAL
PHF7,OPTIMAL,OPTIMAL,OPTIMAL,OPTIMAL
NISCH,OPTIMAL,OPTIMAL,OPTIMAL,OPTIMAL
NT5DC2,OPTIMAL,OPTIMAL,OPTIMAL,OPTIMAL
UQCC5,OPTIMAL,OPTIMAL,OPTIMAL,OPTIMAL
PBRM1,INFEASIBLE,OPTIMAL,OPTIMAL,INFEASIBLE
GNL3,INFEASIBLE,OPTIMAL,OPTIMAL,OPTIMAL
GLT8D1,OPTIMAL,OPTIMAL,OPTIMAL,OPTIMAL
SPCS1,OPTIMAL,OPTIMAL,OPTIMAL,OPTIMAL
NEK4,OPTIMAL,OPTIMAL,OPTIMAL,OPTIMAL
STIMATE,OPTIMAL,OPTIMAL,OPTIMAL,OPTIMAL
SFMBT1,OPTIMAL,OPTIMAL,OPTIMAL,OPTIMAL
RFT1,OPTIMAL,OPTIMAL,OPTIMAL,OPTIMAL
PRKCD,OPTIMAL,OPTIMAL,OPTIMAL,OPTIMAL
TKT,OPTIMAL,OPTIMAL,OPTIMAL,OPTIMAL
DCP1A,INFEASIBLE,OPTIMAL,OPTIMAL,INFEASIBLE
CACNA1D,OPTIMAL,OPTIMAL,OPTIMAL,OPTIMAL
CHDH,OPTIMAL,OPTIMAL,OPTIMAL,OPTIMAL
ACTR8,OPTIMAL,OPTIMAL,OPTIMAL,OPTIMAL
SELENOK,OPTIMAL,OPTIMAL,OPTIMAL,OPTIMAL
CACNA2D3,OPTIMAL,INFEASIBLE,OPTIMAL,INFEASIBLE
WNT5A,OPTIMAL,OPTIMAL,OPTIMAL,OPTIMAL
ERC2,OPTIMAL,OPTIMAL,OPTIMAL,OPTIMAL
CCDC66,OPTIMAL,INFEASIBLE,OPTIMAL,OPTIMAL
TASOR,INFEASIBLE,OPTIMAL,OPTIMAL,OPTIMAL
ARHGEF3,OPTIMAL,OPTIMAL,OPTIMAL,OPTIMAL
APPL1,OPTIMAL,OPTIMAL,OPTIMAL,OPTIMAL
PDE12,OPTIMAL,OPTIMAL,OPTIMAL,OPTIMAL
ARF4,OPTIMAL,OPTIMAL,OPTIMAL,OPTIMAL
DENND6A,OPTIMAL,OPTIMAL,OPTIMAL,OPTIMAL
SLMAP,INFEASIBLE,OPTIMAL,OPTIMAL,OPTIMAL
FLNB,OPTIMAL,OPTIMAL,OPTIMAL,OPTIMAL
ABHD6,OPTIMAL,OPTIMAL,OPTIMAL,OPTIMAL
PXK,OPTIMAL,OPTIMAL,OPTIMAL,OPTIMAL
PDHB,OPTIMAL,OPTIMAL,OPTIMAL,OPTIMAL
KCTD6,OPTIMAL,OPTIMAL,OPTIMAL,OPTIMAL
CFAP20DC,OPTIMAL,OPTIMAL,OPTIMAL,OPTIMAL
FHIT,OPTIMAL,INFEASIBLE,OPTIMAL,OPTIMAL
PTPRG,OPTIMAL,INFEASIBLE,OPTIMAL,OPTIMAL
C3orf14,OPTIMAL,OPTIMAL,OPTIMAL,OPTIMAL
THOC7,OPTIMAL,OPTIMAL,OPTIMAL,OPTIMAL
ATXN7,OPTIMAL,OPTIMAL,OPTIMAL,OPTIMAL
PSMD6,OPTIMAL,OPTIMAL,OPTIMAL,OPTIMAL
PRICKLE2,OPTIMAL,OPTIMAL,OPTIMAL,OPTIMAL
MAGI1,OPTIMAL,INFEASIBLE,OPTIMAL,OPTIMAL
SLC25A26,OPTIMAL,OPTIMAL,OPTIMAL,OPTIMAL
LRIG1,OPTIMAL,INFEASIBLE,OPTIMAL,OPTIMAL
SUCLG2,OPTIMAL,OPTIMAL,OPTIMAL,OPTIMAL
TMF1,INFEASIBLE,OPTIMAL,OPTIMAL,OPTIMAL
UBA3,OPTIMAL,OPTIMAL,OPTIMAL,OPTIMAL
ARL6IP5,OPTIMAL,OPTIMAL,OPTIMAL,OPTIMAL
FRMD4B,OPTIMAL,OPTIMAL,OPTIMAL,OPTIMAL
MITF,OPTIMAL,OPTIMAL,OPTIMAL,OPTIMAL
FOXP1,OPTIMAL,OPTIMAL,OPTIMAL,OPTIMAL
EIF4E3,OPTIMAL,OPTIMAL,OPTIMAL,OPTIMAL
GPR27,OPTIMAL,OPTIMAL,OPTIMAL,OPTIMAL
RYBP,OPTIMAL,OPTIMAL,OPTIMAL,OPTIMAL
SHQ1,OPTIMAL,OPTIMAL,OPTIMAL,OPTIMAL
GXYLT2,OPTIMAL,OPTIMAL,OPTIMAL,OPTIMAL
PPP4R2,OPTIMAL,OPTIMAL,OPTIMAL,OPTIMAL
PDZRN3,OPTIMAL,OPTIMAL,OPTIMAL,OPTIMAL
ZNF717,OPTIMAL,OPTIMAL,OPTIMAL,OPTIMAL
ROBO2,OPTIMAL,OPTIMAL,OPTIMAL,OPTIMAL
ROBO1,OPTIMAL,OPTIMAL,OPTIMAL,OPTIMAL
GBE1,OPTIMAL,OPTIMAL,OPTIMAL,OPTIMAL
CADM2,OPTIMAL,OPTIMAL,OPTIMAL,OPTIMAL
CHMP2B,OPTIMAL,OPTIMAL,OPTIMAL,OPTIMAL
CGGBP1,INFEASIBLE,OPTIMAL,OPTIMAL,OPTIMAL
ZNF654,OPTIMAL,OPTIMAL,OPTIMAL,OPTIMAL
C3orf38,OPTIMAL,OPTIMAL,OPTIMAL,OPTIMAL
EPHA3,OPTIMAL,OPTIMAL,OPTIMAL,OPTIMAL
PROS1,OPTIMAL,INFEASIBLE,OPTIMAL,OPTIMAL
ARL13B,OPTIMAL,OPTIMAL,OPTIMAL,OPTIMAL
DHFR2,OPTIMAL,OPTIMAL,OPTIMAL,OPTIMAL
NSUN3,OPTIMAL,OPTIMAL,OPTIMAL,OPTIMAL
EPHA6,OPTIMAL,OPTIMAL,OPTIMAL,OPTIMAL
ARL6,OPTIMAL,OPTIMAL,OPTIMAL,OPTIMAL
CRYBG3,INFEASIBLE,OPTIMAL,OPTIMAL,OPTIMAL
RIOX2,INFEASIBLE,OPTIMAL,OPTIMAL,OPTIMAL
CLDND1,OPTIMAL,OPTIMAL,OPTIMAL,OPTIMAL
CPOX,OPTIMAL,OPTIMAL,OPTIMAL,OPTIMAL
ST3GAL6,OPTIMAL,OPTIMAL,OPTIMAL,OPTIMAL
DCBLD2,OPTIMAL,OPTIMAL,OPTIMAL,OPTIMAL
CMSS1,OPTIMAL,OPTIMAL,OPTIMAL,OPTIMAL
FILIP1L,OPTIMAL,OPTIMAL,OPTIMAL,OPTIMAL
TBC1D23,OPTIMAL,OPTIMAL,OPTIMAL,OPTIMAL
NIT2,OPTIMAL,OPTIMAL,OPTIMAL,OPTIMAL
TOMM70,OPTIMAL,OPTIMAL,OPTIMAL,OPTIMAL
LNP1,OPTIMAL,OPTIMAL,OPTIMAL,OPTIMAL
TMEM45A,OPTIMAL,OPTIMAL,OPTIMAL,OPTIMAL
TFG,INFEASIBLE,OPTIMAL,OPTIMAL,OPTIMAL
SENP7,OPTIMAL,OPTIMAL,OPTIMAL,OPTIMAL
TRMT10C,OPTIMAL,OPTIMAL,OPTIMAL,OPTIMAL
PCNP,OPTIMAL,OPTIMAL,OPTIMAL,OPTIMAL
ZBTB11,OPTIMAL,OPTIMAL,OPTIMAL,OPTIMAL
RPL24,OPTIMAL,OPTIMAL,OPTIMAL,OPTIMAL
CEP97,OPTIMAL,OPTIMAL,OPTIMAL,OPTIMAL
NXPE3,OPTIMAL,OPTIMAL,OPTIMAL,OPTIMAL
ALCAM,OPTIMAL,OPTIMAL,OPTIMAL,OPTIMAL
CBLB,OPTIMAL,OPTIMAL,OPTIMAL,OPTIMAL
BBX,INFEASIBLE,OPTIMAL,OPTIMAL,OPTIMAL
CD47,OPTIMAL,OPTIMAL,OPTIMAL,OPTIMAL
IFT57,OPTIMAL,OPTIMAL,OPTIMAL,OPTIMAL
CIP2A,OPTIMAL,INFEASIBLE,OPTIMAL,OPTIMAL
DZIP3,INFEASIBLE,OPTIMAL,OPTIMAL,OPTIMAL
NECTIN3,OPTIMAL,OPTIMAL,OPTIMAL,OPTIMAL
PHLDB2,OPTIMAL,INFEASIBLE,OPTIMAL,OPTIMAL
ABHD10,INFEASIBLE,OPTIMAL,OPTIMAL,OPTIMAL
C3orf52,OPTIMAL,OPTIMAL,OPTIMAL,OPTIMAL
ATG3,OPTIMAL,OPTIMAL,OPTIMAL,OPTIMAL
SLC35A5,OPTIMAL,OPTIMAL,OPTIMAL,OPTIMAL
CCDC80,OPTIMAL,OPTIMAL,OPTIMAL,OPTIMAL
GTPBP8,OPTIMAL,OPTIMAL,OPTIMAL,OPTIMAL
NEPRO,OPTIMAL,OPTIMAL,OPTIMAL,OPTIMAL
BOC,OPTIMAL,OPTIMAL,OPTIMAL,OPTIMAL
CFAP44,OPTIMAL,OPTIMAL,OPTIMAL,OPTIMAL
SPICE1,OPTIMAL,OPTIMAL,OPTIMAL,OPTIMAL
USF3,OPTIMAL,OPTIMAL,OPTIMAL,OPTIMAL
NAA50,OPTIMAL,OPTIMAL,OPTIMAL,OPTIMAL
ATP6V1A,OPTIMAL,OPTIMAL,OPTIMAL,OPTIMAL
ZDHHC23,OPTIMAL,OPTIMAL,OPTIMAL,OPTIMAL
QTRT2,OPTIMAL,OPTIMAL,OPTIMAL,OPTIMAL
ZBTB20,OPTIMAL,OPTIMAL,OPTIMAL,OPTIMAL
LSAMP,OPTIMAL,INFEASIBLE,OPTIMAL,OPTIMAL
B4GALT4,OPTIMAL,OPTIMAL,OPTIMAL,OPTIMAL
TMEM39A,OPTIMAL,OPTIMAL,OPTIMAL,OPTIMAL
POGLUT1,OPTIMAL,OPTIMAL,OPTIMAL,OPTIMAL
TIMMDC1,OPTIMAL,OPTIMAL,OPTIMAL,OPTIMAL
COX17,OPTIMAL,OPTIMAL,OPTIMAL,OPTIMAL
GSK3B,OPTIMAL,OPTIMAL,OPTIMAL,OPTIMAL
LRRC58,INFEASIBLE,OPTIMAL,OPTIMAL,OPTIMAL
FSTL1,OPTIMAL,OPTIMAL,OPTIMAL,OPTIMAL
NDUFB4,OPTIMAL,OPTIMAL,OPTIMAL,OPTIMAL
RABL3,OPTIMAL,OPTIMAL,OPTIMAL,OPTIMAL
GTF2E1,OPTIMAL,OPTIMAL,OPTIMAL,OPTIMAL
STXBP5L,OPTIMAL,OPTIMAL,OPTIMAL,OPTIMAL
POLQ,OPTIMAL,OPTIMAL,OPTIMAL,OPTIMAL
GOLGB1,OPTIMAL,INFEASIBLE,OPTIMAL,OPTIMAL
IQCB1,INFEASIBLE,OPTIMAL,OPTIMAL,OPTIMAL
EAF2,OPTIMAL,OPTIMAL,OPTIMAL,OPTIMAL
MIX23,OPTIMAL,OPTIMAL,OPTIMAL,OPTIMAL
FAM162A,OPTIMAL,OPTIMAL,OPTIMAL,OPTIMAL
KPNA1,INFEASIBLE,OPTIMAL,OPTIMAL,OPTIMAL
HSPBAP1,OPTIMAL,OPTIMAL,OPTIMAL,OPTIMAL
SLC49A4,OPTIMAL,OPTIMAL,OPTIMAL,OPTIMAL
PDIA5,OPTIMAL,OPTIMAL,OPTIMAL,OPTIMAL
SEC22A,OPTIMAL,OPTIMAL,OPTIMAL,OPTIMAL
HACD2,OPTIMAL,OPTIMAL,OPTIMAL,OPTIMAL
MYLK,OPTIMAL,OPTIMAL,OPTIMAL,OPTIMAL
CCDC14,OPTIMAL,OPTIMAL,OPTIMAL,OPTIMAL
KALRN,OPTIMAL,OPTIMAL,OPTIMAL,OPTIMAL
UMPS,INFEASIBLE,OPTIMAL,OPTIMAL,OPTIMAL
ITGB5,OPTIMAL,OPTIMAL,OPTIMAL,OPTIMAL
HEG1,OPTIMAL,OPTIMAL,OPTIMAL,OPTIMAL
ZNF148,INFEASIBLE,INFEASIBLE,OPTIMAL,INFEASIBLE
SNX4,OPTIMAL,OPTIMAL,OPTIMAL,OPTIMAL
OSBPL11,OPTIMAL,OPTIMAL,OPTIMAL,OPTIMAL
SLC41A3,OPTIMAL,OPTIMAL,OPTIMAL,OPTIMAL
KLF15,OPTIMAL,OPTIMAL,OPTIMAL,OPTIMAL
ZXDC,OPTIMAL,OPTIMAL,OPTIMAL,OPTIMAL
TXNRD3,OPTIMAL,OPTIMAL,OPTIMAL,OPTIMAL
CHCHD6,OPTIMAL,OPTIMAL,OPTIMAL,OPTIMAL
PLXNA1,OPTIMAL,OPTIMAL,OPTIMAL,OPTIMAL
TPRA1,OPTIMAL,OPTIMAL,OPTIMAL,OPTIMAL
MCM2,OPTIMAL,OPTIMAL,OPTIMAL,OPTIMAL
PODXL2,OPTIMAL,OPTIMAL,OPTIMAL,OPTIMAL
SEC61A1,OPTIMAL,OPTIMAL,OPTIMAL,OPTIMAL
RUVBL1,INFEASIBLE,OPTIMAL,OPTIMAL,OPTIMAL
EEFSEC,OPTIMAL,OPTIMAL,OPTIMAL,OPTIMAL
GATA2,OPTIMAL,OPTIMAL,OPTIMAL,OPTIMAL
RPN1,OPTIMAL,OPTIMAL,OPTIMAL,OPTIMAL
RAB7A,OPTIMAL,OPTIMAL,OPTIMAL,OPTIMAL
ACAD9,OPTIMAL,OPTIMAL,OPTIMAL,OPTIMAL
CFAP92,OPTIMAL,OPTIMAL,OPTIMAL,OPTIMAL
ISY1,INFEASIBLE,OPTIMAL,OPTIMAL,OPTIMAL
CNBP,OPTIMAL,OPTIMAL,OPTIMAL,OPTIMAL
COPG1,OPTIMAL,OPTIMAL,OPTIMAL,OPTIMAL
HMCES,OPTIMAL,OPTIMAL,OPTIMAL,OPTIMAL
IFT122,OPTIMAL,OPTIMAL,OPTIMAL,OPTIMAL
MBD4,OPTIMAL,OPTIMAL,OPTIMAL,OPTIMAL
TMCC1,OPTIMAL,OPTIMAL,OPTIMAL,OPTIMAL
PIK3R4,OPTIMAL,OPTIMAL,OPTIMAL,OPTIMAL
ATP2C1,INFEASIBLE,OPTIMAL,OPTIMAL,OPTIMAL
ASTE1,OPTIMAL,OPTIMAL,OPTIMAL,OPTIMAL
NUDT16,OPTIMAL,OPTIMAL,OPTIMAL,OPTIMAL
MRPL3,OPTIMAL,OPTIMAL,OPTIMAL,OPTIMAL
DNAJC13,OPTIMAL,OPTIMAL,OPTIMAL,OPTIMAL
ACAD11,OPTIMAL,OPTIMAL,OPTIMAL,OPTIMAL
UBA5,OPTIMAL,OPTIMAL,OPTIMAL,OPTIMAL
NPHP3,OPTIMAL,OPTIMAL,OPTIMAL,OPTIMAL
TMEM108,OPTIMAL,OPTIMAL,INFEASIBLE,OPTIMAL
CDV3,INFEASIBLE,OPTIMAL,OPTIMAL,OPTIMAL
TOPBP1,INFEASIBLE,OPTIMAL,OPTIMAL,INFEASIBLE
SRPRB,OPTIMAL,OPTIMAL,OPTIMAL,OPTIMAL
RAB6B,OPTIMAL,OPTIMAL,OPTIMAL,OPTIMAL
RYK,OPTIMAL,OPTIMAL,OPTIMAL,OPTIMAL
ANAPC13,OPTIMAL,OPTIMAL,OPTIMAL,OPTIMAL
CEP63,OPTIMAL,OPTIMAL,OPTIMAL,OPTIMAL
PPP2R3A,OPTIMAL,OPTIMAL,OPTIMAL,OPTIMAL
MSL2,OPTIMAL,INFEASIBLE,OPTIMAL,OPTIMAL
PCCB,OPTIMAL,OPTIMAL,OPTIMAL,OPTIMAL
STAG1,OPTIMAL,OPTIMAL,OPTIMAL,OPTIMAL
SLC35G2,OPTIMAL,OPTIMAL,OPTIMAL,OPTIMAL
NCK1,OPTIMAL,OPTIMAL,OPTIMAL,OPTIMAL
DZIP1L,OPTIMAL,OPTIMAL,OPTIMAL,OPTIMAL
DBR1,OPTIMAL,OPTIMAL,OPTIMAL,OPTIMAL
ARMC8,OPTIMAL,OPTIMAL,OPTIMAL,OPTIMAL
MRAS,OPTIMAL,OPTIMAL,OPTIMAL,OPTIMAL
CEP70,OPTIMAL,OPTIMAL,OPTIMAL,OPTIMAL
FAIM,OPTIMAL,OPTIMAL,OPTIMAL,OPTIMAL
PIK3CB,OPTIMAL,OPTIMAL,OPTIMAL,OPTIMAL
MRPS22,OPTIMAL,OPTIMAL,OPTIMAL,OPTIMAL
COPB2,OPTIMAL,OPTIMAL,OPTIMAL,OPTIMAL
RBP1,OPTIMAL,OPTIMAL,OPTIMAL,OPTIMAL
SLC25A36,OPTIMAL,OPTIMAL,OPTIMAL,OPTIMAL
PXYLP1,OPTIMAL,OPTIMAL,OPTIMAL,OPTIMAL
ZBTB38,INFEASIBLE,OPTIMAL,INFEASIBLE,OPTIMAL
RASA2,OPTIMAL,OPTIMAL,OPTIMAL,OPTIMAL
RNF7,OPTIMAL,OPTIMAL,OPTIMAL,OPTIMAL
ATP1B3,OPTIMAL,OPTIMAL,OPTIMAL,OPTIMAL
TFDP2,OPTIMAL,OPTIMAL,OPTIMAL,OPTIMAL
GK5,OPTIMAL,OPTIMAL,OPTIMAL,OPTIMAL
XRN1,INFEASIBLE,OPTIMAL,OPTIMAL,OPTIMAL
ATR,OPTIMAL,OPTIMAL,OPTIMAL,OPTIMAL
PLS1,OPTIMAL,OPTIMAL,OPTIMAL,OPTIMAL
TRPC1,OPTIMAL,OPTIMAL,OPTIMAL,OPTIMAL
PCOLCE2,OPTIMAL,OPTIMAL,OPTIMAL,OPTIMAL
U2SURP,INFEASIBLE,OPTIMAL,OPTIMAL,INFEASIBLE
DIPK2A,OPTIMAL,OPTIMAL,OPTIMAL,OPTIMAL
PLOD2,OPTIMAL,INFEASIBLE,OPTIMAL,OPTIMAL
PLSCR1,OPTIMAL,OPTIMAL,OPTIMAL,OPTIMAL
GYG1,OPTIMAL,OPTIMAL,OPTIMAL,OPTIMAL
HLTF,OPTIMAL,OPTIMAL,OPTIMAL,OPTIMAL
HPS3,OPTIMAL,OPTIMAL,OPTIMAL,OPTIMAL
WWTR1,OPTIMAL,OPTIMAL,OPTIMAL,OPTIMAL
COMMD2,OPTIMAL,OPTIMAL,OPTIMAL,OPTIMAL
ANKUB1,OPTIMAL,INFEASIBLE,OPTIMAL,OPTIMAL
RNF13,OPTIMAL,OPTIMAL,OPTIMAL,OPTIMAL
PFN2,OPTIMAL,OPTIMAL,OPTIMAL,OPTIMAL
TSC22D2,OPTIMAL,OPTIMAL,OPTIMAL,OPTIMAL
SERP1,OPTIMAL,OPTIMAL,OPTIMAL,OPTIMAL
EIF2A,OPTIMAL,OPTIMAL,OPTIMAL,OPTIMAL
SELENOT,OPTIMAL,OPTIMAL,OPTIMAL,OPTIMAL
SIAH2,OPTIMAL,OPTIMAL,OPTIMAL,OPTIMAL
MED12L,OPTIMAL,INFEASIBLE,OPTIMAL,OPTIMAL
GPR171,OPTIMAL,OPTIMAL,OPTIMAL,OPTIMAL
P2RY14,OPTIMAL,OPTIMAL,OPTIMAL,OPTIMAL
MBNL1,OPTIMAL,OPTIMAL,OPTIMAL,OPTIMAL
P2RY1,OPTIMAL,OPTIMAL,OPTIMAL,OPTIMAL
RAP2B,OPTIMAL,OPTIMAL,OPTIMAL,OPTIMAL
ARHGEF26,OPTIMAL,OPTIMAL,OPTIMAL,OPTIMAL
DHX36,OPTIMAL,OPTIMAL,OPTIMAL,OPTIMAL
PLCH1,OPTIMAL,INFEASIBLE,OPTIMAL,OPTIMAL
C3orf33,OPTIMAL,OPTIMAL,OPTIMAL,OPTIMAL
SLC33A1,OPTIMAL,OPTIMAL,OPTIMAL,OPTIMAL
GMPS,OPTIMAL,OPTIMAL,OPTIMAL,OPTIMAL
SSR3,OPTIMAL,OPTIMAL,OPTIMAL,OPTIMAL
TIPARP,OPTIMAL,OPTIMAL,OPTIMAL,OPTIMAL
CCNL1,OPTIMAL,OPTIMAL,OPTIMAL,OPTIMAL
SHOX2,OPTIMAL,OPTIMAL,OPTIMAL,OPTIMAL
RSRC1,OPTIMAL,OPTIMAL,OPTIMAL,OPTIMAL
MLF1,OPTIMAL,OPTIMAL,OPTIMAL,OPTIMAL
GFM1,OPTIMAL,OPTIMAL,OPTIMAL,OPTIMAL
LXN,OPTIMAL,OPTIMAL,OPTIMAL,OPTIMAL
MFSD1,OPTIMAL,OPTIMAL,OPTIMAL,OPTIMAL
SCHIP1,OPTIMAL,OPTIMAL,OPTIMAL,OPTIMAL
IFT80,INFEASIBLE,OPTIMAL,OPTIMAL,OPTIMAL
SMC4,INFEASIBLE,OPTIMAL,OPTIMAL,INFEASIBLE
TRIM59,OPTIMAL,OPTIMAL,OPTIMAL,OPTIMAL
KPNA4,OPTIMAL,OPTIMAL,OPTIMAL,OPTIMAL
PPM1L,OPTIMAL,OPTIMAL,OPTIMAL,OPTIMAL
NMD3,INFEASIBLE,OPTIMAL,OPTIMAL,INFEASIBLE
PDCD10,OPTIMAL,OPTIMAL,OPTIMAL,OPTIMAL
GOLIM4,OPTIMAL,OPTIMAL,OPTIMAL,OPTIMAL
MECOM,OPTIMAL,OPTIMAL,OPTIMAL,OPTIMAL
MYNN,OPTIMAL,OPTIMAL,OPTIMAL,OPTIMAL
LRRC34,OPTIMAL,OPTIMAL,OPTIMAL,OPTIMAL
SEC62,OPTIMAL,OPTIMAL,OPTIMAL,OPTIMAL
GPR160,OPTIMAL,INFEASIBLE,OPTIMAL,OPTIMAL
PHC3,OPTIMAL,OPTIMAL,OPTIMAL,OPTIMAL
PRKCI,INFEASIBLE,OPTIMAL,OPTIMAL,OPTIMAL
SKIL,OPTIMAL,OPTIMAL,OPTIMAL,OPTIMAL
RPL22L1,OPTIMAL,OPTIMAL,OPTIMAL,OPTIMAL
EIF5A2,OPTIMAL,OPTIMAL,OPTIMAL,OPTIMAL
TNIK,OPTIMAL,OPTIMAL,OPTIMAL,OPTIMAL
PLD1,OPTIMAL,OPTIMAL,OPTIMAL,OPTIMAL
FNDC3B,OPTIMAL,INFEASIBLE,OPTIMAL,OPTIMAL
NCEH1,OPTIMAL,OPTIMAL,OPTIMAL,OPTIMAL
ECT2,INFEASIBLE,OPTIMAL,INFEASIBLE,OPTIMAL
NLGN1,OPTIMAL,INFEASIBLE,OPTIMAL,OPTIMAL
NAALADL2,OPTIMAL,INFEASIBLE,OPTIMAL,OPTIMAL
TBL1XR1,OPTIMAL,OPTIMAL,OPTIMAL,OPTIMAL
KCNMB2,OPTIMAL,OPTIMAL,OPTIMAL,OPTIMAL
ZMAT3,OPTIMAL,OPTIMAL,OPTIMAL,OPTIMAL
PIK3CA,OPTIMAL,OPTIMAL,OPTIMAL,OPTIMAL
ZNF639,INFEASIBLE,OPTIMAL,OPTIMAL,OPTIMAL
MFN1,OPTIMAL,OPTIMAL,OPTIMAL,OPTIMAL
GNB4,INFEASIBLE,OPTIMAL,OPTIMAL,INFEASIBLE
ACTL6A,INFEASIBLE,OPTIMAL,OPTIMAL,OPTIMAL
MRPL47,INFEASIBLE,OPTIMAL,OPTIMAL,OPTIMAL
NDUFB5,OPTIMAL,OPTIMAL,OPTIMAL,OPTIMAL
USP13,OPTIMAL,OPTIMAL,OPTIMAL,OPTIMAL
TTC14,INFEASIBLE,OPTIMAL,OPTIMAL,INFEASIBLE
FXR1,OPTIMAL,OPTIMAL,OPTIMAL,OPTIMAL
DNAJC19,OPTIMAL,OPTIMAL,OPTIMAL,OPTIMAL
SOX2,OPTIMAL,OPTIMAL,OPTIMAL,OPTIMAL
ATP11B,OPTIMAL,OPTIMAL,OPTIMAL,OPTIMAL
DCUN1D1,OPTIMAL,OPTIMAL,OPTIMAL,OPTIMAL
MCCC1,OPTIMAL,OPTIMAL,OPTIMAL,OPTIMAL
MCF2L2,OPTIMAL,OPTIMAL,OPTIMAL,OPTIMAL
B3GNT5,OPTIMAL,OPTIMAL,OPTIMAL,OPTIMAL
KLHL24,OPTIMAL,OPTIMAL,OPTIMAL,OPTIMAL
YEATS2,OPTIMAL,OPTIMAL,OPTIMAL,OPTIMAL
PARL,OPTIMAL,OPTIMAL,OPTIMAL,OPTIMAL
ABCC5,INFEASIBLE,OPTIMAL,OPTIMAL,OPTIMAL
EIF2B5,OPTIMAL,OPTIMAL,OPTIMAL,OPTIMAL
DVL3,OPTIMAL,OPTIMAL,OPTIMAL,OPTIMAL
AP2M1,OPTIMAL,OPTIMAL,OPTIMAL,OPTIMAL
ABCF3,OPTIMAL,OPTIMAL,OPTIMAL,OPTIMAL
ALG3,OPTIMAL,OPTIMAL,OPTIMAL,OPTIMAL
EEF1AKMT4,OPTIMAL,OPTIMAL,OPTIMAL,OPTIMAL
PSMD2,OPTIMAL,OPTIMAL,OPTIMAL,OPTIMAL
EIF4G1,INFEASIBLE,OPTIMAL,INFEASIBLE,INFEASIBLE
POLR2H,OPTIMAL,OPTIMAL,OPTIMAL,OPTIMAL
MAGEF1,OPTIMAL,OPTIMAL,OPTIMAL,OPTIMAL
VPS8,OPTIMAL,INFEASIBLE,OPTIMAL,OPTIMAL
EHHADH,OPTIMAL,OPTIMAL,OPTIMAL,OPTIMAL
MAP3K13,OPTIMAL,OPTIMAL,OPTIMAL,OPTIMAL
TMEM41A,OPTIMAL,OPTIMAL,OPTIMAL,OPTIMAL
SENP2,OPTIMAL,OPTIMAL,OPTIMAL,OPTIMAL
IGF2BP2,OPTIMAL,OPTIMAL,OPTIMAL,OPTIMAL
TRA2B,INFEASIBLE,OPTIMAL,OPTIMAL,INFEASIBLE
TBCCD1,OPTIMAL,OPTIMAL,OPTIMAL,OPTIMAL
DNAJB11,INFEASIBLE,OPTIMAL,OPTIMAL,OPTIMAL
EIF4A2,OPTIMAL,OPTIMAL,OPTIMAL,OPTIMAL
RFC4,OPTIMAL,OPTIMAL,OPTIMAL,OPTIMAL
ST6GAL1,OPTIMAL,OPTIMAL,OPTIMAL,OPTIMAL
RPL39L,OPTIMAL,OPTIMAL,OPTIMAL,OPTIMAL
LPP,OPTIMAL,OPTIMAL,OPTIMAL,OPTIMAL
P3H2,OPTIMAL,OPTIMAL,OPTIMAL,OPTIMAL
CCDC50,OPTIMAL,OPTIMAL,OPTIMAL,OPTIMAL
FGF12,OPTIMAL,OPTIMAL,OPTIMAL,OPTIMAL
MB21D2,OPTIMAL,OPTIMAL,OPTIMAL,OPTIMAL
PLAAT1,OPTIMAL,OPTIMAL,OPTIMAL,OPTIMAL
OPA1,INFEASIBLE,OPTIMAL,OPTIMAL,OPTIMAL
HES1,OPTIMAL,OPTIMAL,OPTIMAL,OPTIMAL
ATP13A3,OPTIMAL,INFEASIBLE,OPTIMAL,OPTIMAL
LSG1,INFEASIBLE,OPTIMAL,OPTIMAL,OPTIMAL
XXYLT1,OPTIMAL,OPTIMAL,OPTIMAL,OPTIMAL
ACAP2,OPTIMAL,OPTIMAL,OPTIMAL,OPTIMAL
PPP1R2,OPTIMAL,OPTIMAL,OPTIMAL,OPTIMAL
TNK2,OPTIMAL,INFEASIBLE,OPTIMAL,OPTIMAL
TFRC,OPTIMAL,OPTIMAL,OPTIMAL,OPTIMAL
PCYT1A,OPTIMAL,OPTIMAL,OPTIMAL,OPTIMAL
DYNLT2B,OPTIMAL,OPTIMAL,OPTIMAL,OPTIMAL
UBXN7,OPTIMAL,OPTIMAL,OPTIMAL,INFEASIBLE
RNF168,OPTIMAL,OPTIMAL,OPTIMAL,OPTIMAL
WDR53,OPTIMAL,OPTIMAL,OPTIMAL,OPTIMAL
FBXO45,OPTIMAL,OPTIMAL,OPTIMAL,OPTIMAL
PIGX,OPTIMAL,OPTIMAL,OPTIMAL,OPTIMAL
CEP19,OPTIMAL,OPTIMAL,OPTIMAL,OPTIMAL
PAK2,OPTIMAL,OPTIMAL,OPTIMAL,OPTIMAL
SENP5,OPTIMAL,OPTIMAL,OPTIMAL,OPTIMAL
NCBP2,OPTIMAL,OPTIMAL,OPTIMAL,OPTIMAL
NCBP2AS2,OPTIMAL,OPTIMAL,OPTIMAL,OPTIMAL
MELTF,OPTIMAL,OPTIMAL,OPTIMAL,OPTIMAL
DLG1,OPTIMAL,OPTIMAL,OPTIMAL,OPTIMAL
RUBCN,OPTIMAL,OPTIMAL,OPTIMAL,OPTIMAL
FYTTD1,OPTIMAL,OPTIMAL,INFEASIBLE,OPTIMAL
LRCH3,OPTIMAL,OPTIMAL,OPTIMAL,OPTIMAL
IQCG,OPTIMAL,OPTIMAL,OPTIMAL,OPTIMAL
RPL35A,OPTIMAL,OPTIMAL,OPTIMAL,OPTIMAL
LMLN,OPTIMAL,OPTIMAL,OPTIMAL,OPTIMAL
ZNF721,INFEASIBLE,OPTIMAL,OPTIMAL,OPTIMAL
PIGG,OPTIMAL,OPTIMAL,OPTIMAL,OPTIMAL
ATP5ME,OPTIMAL,OPTIMAL,OPTIMAL,OPTIMAL
MYL5,OPTIMAL,OPTIMAL,OPTIMAL,OPTIMAL
PCGF3,OPTIMAL,OPTIMAL,OPTIMAL,OPTIMAL
GAK,OPTIMAL,OPTIMAL,OPTIMAL,OPTIMAL
TMEM175,OPTIMAL,OPTIMAL,OPTIMAL,OPTIMAL
FGFRL1,OPTIMAL,OPTIMAL,OPTIMAL,OPTIMAL
CTBP1,OPTIMAL,OPTIMAL,OPTIMAL,OPTIMAL
MAEA,INFEASIBLE,OPTIMAL,OPTIMAL,INFEASIBLE
UVSSA,OPTIMAL,OPTIMAL,OPTIMAL,OPTIMAL
SLBP,OPTIMAL,OPTIMAL,OPTIMAL,OPTIMAL
TACC3,INFEASIBLE,OPTIMAL,OPTIMAL,OPTIMAL
TMEM129,OPTIMAL,OPTIMAL,OPTIMAL,OPTIMAL
FGFR3,OPTIMAL,OPTIMAL,OPTIMAL,OPTIMAL
LETM1,OPTIMAL,OPTIMAL,OPTIMAL,OPTIMAL
NSD2,OPTIMAL,OPTIMAL,OPTIMAL,OPTIMAL
NELFA,OPTIMAL,OPTIMAL,OPTIMAL,OPTIMAL
C4orf48,OPTIMAL,OPTIMAL,OPTIMAL,OPTIMAL
NAT8L,OPTIMAL,OPTIMAL,OPTIMAL,OPTIMAL
POLN,OPTIMAL,OPTIMAL,OPTIMAL,OPTIMAL
HAUS3,INFEASIBLE,OPTIMAL,OPTIMAL,OPTIMAL
MXD4,OPTIMAL,OPTIMAL,OPTIMAL,OPTIMAL
ZFYVE28,OPTIMAL,OPTIMAL,OPTIMAL,OPTIMAL
RNF4,OPTIMAL,OPTIMAL,OPTIMAL,OPTIMAL
FAM193A,OPTIMAL,OPTIMAL,OPTIMAL,OPTIMAL
TNIP2,OPTIMAL,OPTIMAL,OPTIMAL,OPTIMAL
ADD1,OPTIMAL,OPTIMAL,OPTIMAL,OPTIMAL
MFSD10,OPTIMAL,OPTIMAL,OPTIMAL,OPTIMAL
NOP14,INFEASIBLE,OPTIMAL,OPTIMAL,INFEASIBLE
GRK4,OPTIMAL,INFEASIBLE,OPTIMAL,OPTIMAL
HTT,OPTIMAL,OPTIMAL,OPTIMAL,OPTIMAL
RGS12,OPTIMAL,OPTIMAL,OPTIMAL,OPTIMAL
LRPAP1,OPTIMAL,OPTIMAL,OPTIMAL,OPTIMAL
ADRA2C,OPTIMAL,OPTIMAL,OPTIMAL,OPTIMAL
TMEM128,OPTIMAL,OPTIMAL,OPTIMAL,OPTIMAL
LYAR,OPTIMAL,OPTIMAL,OPTIMAL,OPTIMAL
STX18,OPTIMAL,INFEASIBLE,OPTIMAL,OPTIMAL
MSX1,OPTIMAL,OPTIMAL,OPTIMAL,OPTIMAL
EVC,OPTIMAL,OPTIMAL,OPTIMAL,OPTIMAL
MAN2B2,OPTIMAL,OPTIMAL,OPTIMAL,OPTIMAL
MRFAP1,OPTIMAL,OPTIMAL,OPTIMAL,OPTIMAL
ENSG00000170846,OPTIMAL,INFEASIBLE,OPTIMAL,OPTIMAL
MRFAP1L1,OPTIMAL,OPTIMAL,OPTIMAL,OPTIMAL
BLOC1S4,OPTIMAL,OPTIMAL,OPTIMAL,OPTIMAL
KIAA0232,OPTIMAL,OPTIMAL,OPTIMAL,OPTIMAL
TBC1D14,OPTIMAL,OPTIMAL,OPTIMAL,OPTIMAL
TADA2B,INFEASIBLE,OPTIMAL,OPTIMAL,OPTIMAL
GRPEL1,OPTIMAL,OPTIMAL,OPTIMAL,OPTIMAL
SORCS2,INFEASIBLE,INFEASIBLE,OPTIMAL,INFEASIBLE
AFAP1,OPTIMAL,OPTIMAL,OPTIMAL,OPTIMAL
ACOX3,OPTIMAL,OPTIMAL,OPTIMAL,OPTIMAL
TRMT44,OPTIMAL,OPTIMAL,OPTIMAL,OPTIMAL
HMX1,OPTIMAL,OPTIMAL,OPTIMAL,OPTIMAL
WDR1,OPTIMAL,OPTIMAL,OPTIMAL,OPTIMAL
ZNF518B,OPTIMAL,OPTIMAL,OPTIMAL,OPTIMAL
RAB28,OPTIMAL,OPTIMAL,OPTIMAL,OPTIMAL
BOD1L1,INFEASIBLE,OPTIMAL,OPTIMAL,OPTIMAL
CPEB2,OPTIMAL,OPTIMAL,OPTIMAL,OPTIMAL
CC2D2A,OPTIMAL,OPTIMAL,OPTIMAL,OPTIMAL
FBXL5,OPTIMAL,OPTIMAL,OPTIMAL,OPTIMAL
FAM200B,OPTIMAL,OPTIMAL,OPTIMAL,OPTIMAL
TAPT1,OPTIMAL,OPTIMAL,OPTIMAL,OPTIMAL
QDPR,OPTIMAL,OPTIMAL,OPTIMAL,OPTIMAL
LAP3,OPTIMAL,OPTIMAL,OPTIMAL,OPTIMAL
MED28,OPTIMAL,OPTIMAL,OPTIMAL,OPTIMAL
FAM184B,OPTIMAL,OPTIMAL,OPTIMAL,OPTIMAL
DCAF16,OPTIMAL,OPTIMAL,OPTIMAL,OPTIMAL
NCAPG,OPTIMAL,OPTIMAL,OPTIMAL,OPTIMAL
LCORL,OPTIMAL,OPTIMAL,OPTIMAL,OPTIMAL
SLIT2,OPTIMAL,OPTIMAL,OPTIMAL,OPTIMAL
PACRGL,OPTIMAL,OPTIMAL,OPTIMAL,OPTIMAL
ADGRA3,INFEASIBLE,OPTIMAL,OPTIMAL,INFEASIBLE
GBA3,INFEASIBLE,OPTIMAL,OPTIMAL,OPTIMAL
DHX15,OPTIMAL,OPTIMAL,INFEASIBLE,OPTIMAL
SEPSECS,OPTIMAL,OPTIMAL,OPTIMAL,OPTIMAL
PI4K2B,OPTIMAL,OPTIMAL,OPTIMAL,OPTIMAL
ZCCHC4,OPTIMAL,OPTIMAL,OPTIMAL,OPTIMAL
ANAPC4,OPTIMAL,OPTIMAL,OPTIMAL,OPTIMAL
SEL1L3,OPTIMAL,OPTIMAL,OPTIMAL,OPTIMAL
SMIM20,OPTIMAL,OPTIMAL,OPTIMAL,OPTIMAL
RBPJ,OPTIMAL,OPTIMAL,OPTIMAL,OPTIMAL
TBC1D19,OPTIMAL,OPTIMAL,OPTIMAL,OPTIMAL
STIM2,OPTIMAL,OPTIMAL,OPTIMAL,OPTIMAL
PCDH7,OPTIMAL,OPTIMAL,OPTIMAL,OPTIMAL
ARAP2,OPTIMAL,OPTIMAL,OPTIMAL,OPTIMAL
RELL1,OPTIMAL,OPTIMAL,OPTIMAL,OPTIMAL
PGM2,OPTIMAL,OPTIMAL,OPTIMAL,OPTIMAL
TBC1D1,OPTIMAL,OPTIMAL,OPTIMAL,OPTIMAL
KLF3,OPTIMAL,OPTIMAL,OPTIMAL,OPTIMAL
FAM114A1,OPTIMAL,OPTIMAL,OPTIMAL,OPTIMAL
KLHL5,OPTIMAL,OPTIMAL,OPTIMAL,OPTIMAL
WDR19,OPTIMAL,INFEASIBLE,OPTIMAL,OPTIMAL
RFC1,OPTIMAL,OPTIMAL,OPTIMAL,OPTIMAL
RPL9,OPTIMAL,OPTIMAL,OPTIMAL,OPTIMAL
LIAS,OPTIMAL,OPTIMAL,OPTIMAL,OPTIMAL
UGDH,OPTIMAL,OPTIMAL,OPTIMAL,OPTIMAL
SMIM14,OPTIMAL,OPTIMAL,OPTIMAL,OPTIMAL
UBE2K,INFEASIBLE,OPTIMAL,OPTIMAL,OPTIMAL
PDS5A,INFEASIBLE,OPTIMAL,OPTIMAL,OPTIMAL
N4BP2,OPTIMAL,OPTIMAL,OPTIMAL,OPTIMAL
RBM47,OPTIMAL,OPTIMAL,OPTIMAL,OPTIMAL
APBB2,OPTIMAL,OPTIMAL,OPTIMAL,OPTIMAL
UCHL1,OPTIMAL,OPTIMAL,OPTIMAL,OPTIMAL
LIMCH1,OPTIMAL,OPTIMAL,OPTIMAL,INFEASIBLE
TMEM33,OPTIMAL,OPTIMAL,OPTIMAL,OPTIMAL
SLC30A9,OPTIMAL,OPTIMAL,OPTIMAL,OPTIMAL
BEND4,OPTIMAL,OPTIMAL,OPTIMAL,OPTIMAL
ATP8A1,OPTIMAL,INFEASIBLE,OPTIMAL,OPTIMAL
KCTD8,OPTIMAL,OPTIMAL,OPTIMAL,OPTIMAL
GUF1,OPTIMAL,OPTIMAL,OPTIMAL,OPTIMAL
GNPDA2,OPTIMAL,OPTIMAL,OPTIMAL,OPTIMAL
COMMD8,OPTIMAL,OPTIMAL,OPTIMAL,OPTIMAL
ATP10D,OPTIMAL,OPTIMAL,OPTIMAL,OPTIMAL
NFXL1,OPTIMAL,OPTIMAL,OPTIMAL,OPTIMAL
NIPAL1,OPTIMAL,OPTIMAL,OPTIMAL,OPTIMAL
TXK,OPTIMAL,OPTIMAL,OPTIMAL,OPTIMAL
TEC,OPTIMAL,OPTIMAL,OPTIMAL,OPTIMAL
SLAIN2,OPTIMAL,OPTIMAL,OPTIMAL,OPTIMAL
FRYL,OPTIMAL,INFEASIBLE,OPTIMAL,OPTIMAL
OCIAD1,OPTIMAL,OPTIMAL,OPTIMAL,OPTIMAL
DCUN1D4,OPTIMAL,OPTIMAL,OPTIMAL,OPTIMAL
SGCB,OPTIMAL,OPTIMAL,OPTIMAL,OPTIMAL
USP46,OPTIMAL,OPTIMAL,OPTIMAL,OPTIMAL
SCFD2,INFEASIBLE,OPTIMAL,OPTIMAL,OPTIMAL
FIP1L1,INFEASIBLE,OPTIMAL,INFEASIBLE,OPTIMAL
CHIC2,OPTIMAL,OPTIMAL,OPTIMAL,OPTIMAL
SRD5A3,OPTIMAL,OPTIMAL,OPTIMAL,OPTIMAL
TMEM165,OPTIMAL,OPTIMAL,OPTIMAL,OPTIMAL
CLOCK,OPTIMAL,OPTIMAL,OPTIMAL,OPTIMAL
NMU,OPTIMAL,OPTIMAL,OPTIMAL,OPTIMAL
EXOC1,OPTIMAL,OPTIMAL,OPTIMAL,OPTIMAL
CEP135,INFEASIBLE,OPTIMAL,OPTIMAL,OPTIMAL
CRACD,OPTIMAL,OPTIMAL,OPTIMAL,OPTIMAL
AASDH,OPTIMAL,OPTIMAL,OPTIMAL,OPTIMAL
PPAT,OPTIMAL,OPTIMAL,OPTIMAL,OPTIMAL
PAICS,OPTIMAL,OPTIMAL,OPTIMAL,OPTIMAL
SRP72,OPTIMAL,OPTIMAL,OPTIMAL,OPTIMAL
HOPX,OPTIMAL,OPTIMAL,OPTIMAL,OPTIMAL
REST,INFEASIBLE,OPTIMAL,OPTIMAL,OPTIMAL
NOA1,OPTIMAL,OPTIMAL,OPTIMAL,OPTIMAL
POLR2B,OPTIMAL,OPTIMAL,OPTIMAL,OPTIMAL
ADGRL3,INFEASIBLE,INFEASIBLE,OPTIMAL,INFEASIBLE
EPHA5,INFEASIBLE,OPTIMAL,OPTIMAL,OPTIMAL
CENPC,OPTIMAL,OPTIMAL,OPTIMAL,OPTIMAL
UBA6,OPTIMAL,OPTIMAL,OPTIMAL,OPTIMAL
YTHDC1,INFEASIBLE,OPTIMAL,OPTIMAL,OPTIMAL
UTP3,INFEASIBLE,OPTIMAL,OPTIMAL,OPTIMAL
RUFY3,OPTIMAL,OPTIMAL,OPTIMAL,OPTIMAL
GRSF1,INFEASIBLE,OPTIMAL,OPTIMAL,OPTIMAL
MOB1B,OPTIMAL,OPTIMAL,OPTIMAL,OPTIMAL
DCK,OPTIMAL,OPTIMAL,OPTIMAL,OPTIMAL
SLC4A4,OPTIMAL,INFEASIBLE,OPTIMAL,OPTIMAL
ADAMTS3,OPTIMAL,OPTIMAL,OPTIMAL,OPTIMAL
COX18,OPTIMAL,OPTIMAL,OPTIMAL,OPTIMAL
ANKRD17,INFEASIBLE,OPTIMAL,OPTIMAL,OPTIMAL
MTHFD2L,OPTIMAL,OPTIMAL,OPTIMAL,OPTIMAL
RCHY1,OPTIMAL,INFEASIBLE,OPTIMAL,OPTIMAL
THAP6,OPTIMAL,OPTIMAL,OPTIMAL,OPTIMAL
CDKL2,OPTIMAL,OPTIMAL,OPTIMAL,OPTIMAL
G3BP2,INFEASIBLE,OPTIMAL,OPTIMAL,OPTIMAL
USO1,INFEASIBLE,OPTIMAL,INFEASIBLE,OPTIMAL
NAAA,OPTIMAL,INFEASIBLE,OPTIMAL,OPTIMAL
SDAD1,OPTIMAL,OPTIMAL,OPTIMAL,OPTIMAL
NUP54,INFEASIBLE,OPTIMAL,OPTIMAL,OPTIMAL
SCARB2,OPTIMAL,OPTIMAL,OPTIMAL,OPTIMAL
SHROOM3,OPTIMAL,OPTIMAL,OPTIMAL,OPTIMAL
SEPTIN11,OPTIMAL,OPTIMAL,OPTIMAL,OPTIMAL
CCNI,OPTIMAL,OPTIMAL,OPTIMAL,OPTIMAL
CCNG2,OPTIMAL,OPTIMAL,OPTIMAL,OPTIMAL
CNOT6L,OPTIMAL,OPTIMAL,OPTIMAL,OPTIMAL
MRPL1,OPTIMAL,OPTIMAL,OPTIMAL,OPTIMAL
FRAS1,OPTIMAL,OPTIMAL,OPTIMAL,OPTIMAL
BMP2K,OPTIMAL,OPTIMAL,OPTIMAL,OPTIMAL
PAQR3,OPTIMAL,OPTIMAL,OPTIMAL,OPTIMAL
ANTXR2,OPTIMAL,OPTIMAL,OPTIMAL,OPTIMAL
RASGEF1B,OPTIMAL,OPTIMAL,OPTIMAL,OPTIMAL
HNRNPD,INFEASIBLE,OPTIMAL,INFEASIBLE,INFEASIBLE
HNRNPDL,INFEASIBLE,OPTIMAL,OPTIMAL,OPTIMAL
ENOPH1,OPTIMAL,OPTIMAL,OPTIMAL,OPTIMAL
TMEM150C,OPTIMAL,OPTIMAL,OPTIMAL,OPTIMAL
SCD5,OPTIMAL,OPTIMAL,OPTIMAL,OPTIMAL
SEC31A,OPTIMAL,OPTIMAL,OPTIMAL,OPTIMAL
THAP9,OPTIMAL,OPTIMAL,OPTIMAL,OPTIMAL
LIN54,OPTIMAL,OPTIMAL,OPTIMAL,OPTIMAL
COPS4,OPTIMAL,OPTIMAL,OPTIMAL,OPTIMAL
COQ2,OPTIMAL,OPTIMAL,OPTIMAL,OPTIMAL
HELQ,OPTIMAL,OPTIMAL,OPTIMAL,OPTIMAL
MRPS18C,OPTIMAL,OPTIMAL,OPTIMAL,OPTIMAL
ABRAXAS1,OPTIMAL,INFEASIBLE,OPTIMAL,OPTIMAL
GPAT3,OPTIMAL,INFEASIBLE,OPTIMAL,OPTIMAL
CDS1,OPTIMAL,OPTIMAL,OPTIMAL,OPTIMAL
WDFY3,OPTIMAL,INFEASIBLE,OPTIMAL,OPTIMAL
ARHGAP24,OPTIMAL,INFEASIBLE,OPTIMAL,OPTIMAL
MAPK10,OPTIMAL,OPTIMAL,OPTIMAL,OPTIMAL
PTPN13,INFEASIBLE,OPTIMAL,OPTIMAL,INFEASIBLE
AFF1,OPTIMAL,OPTIMAL,OPTIMAL,OPTIMAL
KLHL8,OPTIMAL,OPTIMAL,OPTIMAL,OPTIMAL
HSD17B11,OPTIMAL,OPTIMAL,OPTIMAL,OPTIMAL
NUDT9,OPTIMAL,OPTIMAL,OPTIMAL,OPTIMAL
PKD2,OPTIMAL,OPTIMAL,OPTIMAL,OPTIMAL
PPM1K,OPTIMAL,OPTIMAL,OPTIMAL,OPTIMAL
HERC5,OPTIMAL,OPTIMAL,OPTIMAL,OPTIMAL
HERC3,OPTIMAL,OPTIMAL,OPTIMAL,OPTIMAL
FAM13A,OPTIMAL,OPTIMAL,OPTIMAL,OPTIMAL
GPRIN3,OPTIMAL,OPTIMAL,OPTIMAL,OPTIMAL
SNCA,OPTIMAL,OPTIMAL,OPTIMAL,OPTIMAL
CCSER1,OPTIMAL,INFEASIBLE,OPTIMAL,OPTIMAL
GRID2,OPTIMAL,OPTIMAL,OPTIMAL,OPTIMAL
SMARCAD1,INFEASIBLE,OPTIMAL,OPTIMAL,INFEASIBLE
PDLIM5,INFEASIBLE,OPTIMAL,OPTIMAL,INFEASIBLE
BMPR1B,OPTIMAL,OPTIMAL,OPTIMAL,OPTIMAL
UNC5C,OPTIMAL,INFEASIBLE,OPTIMAL,OPTIMAL
STPG2,OPTIMAL,OPTIMAL,OPTIMAL,OPTIMAL
RAP1GDS1,INFEASIBLE,OPTIMAL,OPTIMAL,OPTIMAL
TSPAN5,OPTIMAL,OPTIMAL,OPTIMAL,OPTIMAL
EIF4E,OPTIMAL,OPTIMAL,OPTIMAL,OPTIMAL
METAP1,OPTIMAL,OPTIMAL,OPTIMAL,OPTIMAL
ADH5,OPTIMAL,OPTIMAL,OPTIMAL,OPTIMAL
TRMT10A,OPTIMAL,OPTIMAL,OPTIMAL,OPTIMAL
LAMTOR3,OPTIMAL,OPTIMAL,OPTIMAL,OPTIMAL
DNAJB14,OPTIMAL,OPTIMAL,OPTIMAL,OPTIMAL
PPP3CA,OPTIMAL,OPTIMAL,OPTIMAL,OPTIMAL
SLC39A8,OPTIMAL,OPTIMAL,OPTIMAL,OPTIMAL
NFKB1,OPTIMAL,OPTIMAL,OPTIMAL,OPTIMAL
MANBA,OPTIMAL,OPTIMAL,OPTIMAL,OPTIMAL
UBE2D3,OPTIMAL,OPTIMAL,OPTIMAL,OPTIMAL
CISD2,OPTIMAL,OPTIMAL,OPTIMAL,OPTIMAL
SLC9B2,OPTIMAL,OPTIMAL,OPTIMAL,OPTIMAL
BDH2,OPTIMAL,OPTIMAL,OPTIMAL,OPTIMAL
CENPE,INFEASIBLE,OPTIMAL,OPTIMAL,INFEASIBLE
CXXC4,OPTIMAL,OPTIMAL,OPTIMAL,OPTIMAL
TET2,INFEASIBLE,OPTIMAL,INFEASIBLE,OPTIMAL
PPA2,INFEASIBLE,OPTIMAL,OPTIMAL,OPTIMAL
INTS12,OPTIMAL,OPTIMAL,OPTIMAL,OPTIMAL
GSTCD,OPTIMAL,OPTIMAL,OPTIMAL,OPTIMAL
TBCK,OPTIMAL,OPTIMAL,OPTIMAL,OPTIMAL
AIMP1,OPTIMAL,OPTIMAL,OPTIMAL,OPTIMAL
PAPSS1,OPTIMAL,OPTIMAL,OPTIMAL,OPTIMAL
SGMS2,OPTIMAL,OPTIMAL,OPTIMAL,OPTIMAL
HADH,OPTIMAL,OPTIMAL,OPTIMAL,OPTIMAL
LEF1,OPTIMAL,OPTIMAL,OPTIMAL,OPTIMAL
RPL34,OPTIMAL,OPTIMAL,OPTIMAL,OPTIMAL
OSTC,OPTIMAL,OPTIMAL,OPTIMAL,OPTIMAL
COL25A1,OPTIMAL,INFEASIBLE,OPTIMAL,OPTIMAL
SEC24B,OPTIMAL,OPTIMAL,OPTIMAL,OPTIMAL
MCUB,OPTIMAL,OPTIMAL,OPTIMAL,OPTIMAL
CASP6,OPTIMAL,OPTIMAL,OPTIMAL,OPTIMAL
PLA2G12A,OPTIMAL,OPTIMAL,OPTIMAL,OPTIMAL
GAR1,INFEASIBLE,OPTIMAL,INFEASIBLE,INFEASIBLE
ELOVL6,OPTIMAL,OPTIMAL,OPTIMAL,OPTIMAL
ENPEP,OPTIMAL,OPTIMAL,OPTIMAL,OPTIMAL
PITX2,OPTIMAL,OPTIMAL,OPTIMAL,OPTIMAL
FAM241A,OPTIMAL,OPTIMAL,OPTIMAL,OPTIMAL
AP1AR,INFEASIBLE,OPTIMAL,OPTIMAL,OPTIMAL
TIFA,OPTIMAL,OPTIMAL,OPTIMAL,OPTIMAL
ALPK1,OPTIMAL,INFEASIBLE,OPTIMAL,OPTIMAL
ZGRF1,OPTIMAL,OPTIMAL,OPTIMAL,OPTIMAL
LARP7,OPTIMAL,OPTIMAL,OPTIMAL,OPTIMAL
ANK2,OPTIMAL,OPTIMAL,OPTIMAL,OPTIMAL
CAMK2D,OPTIMAL,OPTIMAL,OPTIMAL,OPTIMAL
ARSJ,OPTIMAL,OPTIMAL,OPTIMAL,OPTIMAL
UGT8,OPTIMAL,OPTIMAL,OPTIMAL,OPTIMAL
METTL14,OPTIMAL,OPTIMAL,OPTIMAL,OPTIMAL
SEC24D,OPTIMAL,OPTIMAL,OPTIMAL,OPTIMAL
USP53,INFEASIBLE,OPTIMAL,OPTIMAL,OPTIMAL
C4orf3,OPTIMAL,OPTIMAL,OPTIMAL,OPTIMAL
PDE5A,OPTIMAL,OPTIMAL,OPTIMAL,OPTIMAL
MAD2L1,OPTIMAL,OPTIMAL,OPTIMAL,OPTIMAL
PRDM5,OPTIMAL,OPTIMAL,OPTIMAL,OPTIMAL
QRFPR,OPTIMAL,OPTIMAL,OPTIMAL,OPTIMAL
ANXA5,OPTIMAL,OPTIMAL,OPTIMAL,OPTIMAL
EXOSC9,OPTIMAL,OPTIMAL,OPTIMAL,OPTIMAL
CCNA2,OPTIMAL,OPTIMAL,OPTIMAL,OPTIMAL
BBS7,OPTIMAL,OPTIMAL,OPTIMAL,OPTIMAL
TRPC3,OPTIMAL,OPTIMAL,OPTIMAL,OPTIMAL
BLTP1,OPTIMAL,OPTIMAL,OPTIMAL,OPTIMAL
FGF2,OPTIMAL,OPTIMAL,OPTIMAL,OPTIMAL
NUDT6,OPTIMAL,OPTIMAL,OPTIMAL,OPTIMAL
SPATA5,OPTIMAL,OPTIMAL,OPTIMAL,OPTIMAL
SPRY1,OPTIMAL,OPTIMAL,OPTIMAL,OPTIMAL
ANKRD50,INFEASIBLE,OPTIMAL,OPTIMAL,OPTIMAL
INTU,OPTIMAL,OPTIMAL,OPTIMAL,OPTIMAL
HSPA4L,OPTIMAL,OPTIMAL,OPTIMAL,OPTIMAL
PLK4,OPTIMAL,OPTIMAL,OPTIMAL,OPTIMAL
MFSD8,OPTIMAL,OPTIMAL,OPTIMAL,OPTIMAL
ABHD18,OPTIMAL,OPTIMAL,OPTIMAL,OPTIMAL
LARP1B,OPTIMAL,OPTIMAL,OPTIMAL,OPTIMAL
PGRMC2,INFEASIBLE,OPTIMAL,OPTIMAL,INFEASIBLE
JADE1,OPTIMAL,OPTIMAL,OPTIMAL,OPTIMAL
SCLT1,INFEASIBLE,OPTIMAL,OPTIMAL,OPTIMAL
C4orf33,OPTIMAL,OPTIMAL,OPTIMAL,OPTIMAL
PCDH10,OPTIMAL,OPTIMAL,OPTIMAL,OPTIMAL
SLC7A11,OPTIMAL,OPTIMAL,OPTIMAL,OPTIMAL
NOCT,OPTIMAL,OPTIMAL,OPTIMAL,OPTIMAL
ELF2,OPTIMAL,OPTIMAL,OPTIMAL,OPTIMAL
MGARP,INFEASIBLE,OPTIMAL,OPTIMAL,OPTIMAL
NDUFC1,OPTIMAL,OPTIMAL,OPTIMAL,OPTIMAL
NAA15,OPTIMAL,OPTIMAL,OPTIMAL,OPTIMAL
RAB33B,OPTIMAL,OPTIMAL,OPTIMAL,OPTIMAL
SETD7,OPTIMAL,OPTIMAL,OPTIMAL,OPTIMAL
MGST2,OPTIMAL,OPTIMAL,OPTIMAL,OPTIMAL
MAML3,OPTIMAL,OPTIMAL,OPTIMAL,OPTIMAL
SCOC,OPTIMAL,OPTIMAL,OPTIMAL,OPTIMAL
CLGN,OPTIMAL,INFEASIBLE,OPTIMAL,OPTIMAL
ELMOD2,OPTIMAL,INFEASIBLE,OPTIMAL,OPTIMAL
TBC1D9,OPTIMAL,OPTIMAL,OPTIMAL,OPTIMAL
RNF150,OPTIMAL,OPTIMAL,OPTIMAL,OPTIMAL
ZNF330,OPTIMAL,OPTIMAL,OPTIMAL,OPTIMAL
USP38,OPTIMAL,OPTIMAL,OPTIMAL,OPTIMAL
GAB1,OPTIMAL,INFEASIBLE,OPTIMAL,OPTIMAL
SMARCA5,INFEASIBLE,OPTIMAL,OPTIMAL,OPTIMAL
HHIP,OPTIMAL,OPTIMAL,OPTIMAL,OPTIMAL
ANAPC10,INFEASIBLE,OPTIMAL,OPTIMAL,OPTIMAL
ABCE1,INFEASIBLE,OPTIMAL,OPTIMAL,OPTIMAL
OTUD4,OPTIMAL,OPTIMAL,OPTIMAL,OPTIMAL
SMAD1,OPTIMAL,OPTIMAL,OPTIMAL,OPTIMAL
ZNF827,OPTIMAL,OPTIMAL,OPTIMAL,OPTIMAL
LSM6,OPTIMAL,OPTIMAL,OPTIMAL,OPTIMAL
SLC10A7,OPTIMAL,OPTIMAL,OPTIMAL,OPTIMAL
EDNRA,OPTIMAL,OPTIMAL,OPTIMAL,OPTIMAL
TMEM184C,OPTIMAL,OPTIMAL,OPTIMAL,OPTIMAL
PRMT9,OPTIMAL,OPTIMAL,OPTIMAL,OPTIMAL
ARHGAP10,OPTIMAL,OPTIMAL,OPTIMAL,OPTIMAL
NR3C2,OPTIMAL,OPTIMAL,OPTIMAL,OPTIMAL
DCLK2,OPTIMAL,OPTIMAL,OPTIMAL,OPTIMAL
LRBA,OPTIMAL,OPTIMAL,OPTIMAL,OPTIMAL
RPS3A,OPTIMAL,OPTIMAL,OPTIMAL,OPTIMAL
SH3D19,OPTIMAL,OPTIMAL,OPTIMAL,OPTIMAL
FHIP1A,OPTIMAL,INFEASIBLE,OPTIMAL,OPTIMAL
GATB,OPTIMAL,OPTIMAL,OPTIMAL,OPTIMAL
FBXW7,OPTIMAL,OPTIMAL,OPTIMAL,OPTIMAL
ARFIP1,OPTIMAL,OPTIMAL,OPTIMAL,OPTIMAL
TRIM2,OPTIMAL,OPTIMAL,OPTIMAL,OPTIMAL
MND1,OPTIMAL,INFEASIBLE,OPTIMAL,OPTIMAL
TMEM131L,OPTIMAL,OPTIMAL,OPTIMAL,OPTIMAL
PLRG1,OPTIMAL,OPTIMAL,OPTIMAL,OPTIMAL
MAP9,OPTIMAL,OPTIMAL,OPTIMAL,OPTIMAL
GUCY1A1,OPTIMAL,OPTIMAL,INFEASIBLE,OPTIMAL
GUCY1B1,OPTIMAL,OPTIMAL,OPTIMAL,OPTIMAL
PDGFC,OPTIMAL,OPTIMAL,OPTIMAL,OPTIMAL
TMEM144,OPTIMAL,OPTIMAL,OPTIMAL,OPTIMAL
C4orf46,OPTIMAL,INFEASIBLE,OPTIMAL,OPTIMAL
ETFDH,OPTIMAL,OPTIMAL,OPTIMAL,OPTIMAL
PPID,INFEASIBLE,OPTIMAL,OPTIMAL,INFEASIBLE
FNIP2,OPTIMAL,OPTIMAL,OPTIMAL,OPTIMAL
RAPGEF2,OPTIMAL,OPTIMAL,OPTIMAL,OPTIMAL
FSTL5,OPTIMAL,INFEASIBLE,OPTIMAL,OPTIMAL
NAF1,INFEASIBLE,OPTIMAL,OPTIMAL,OPTIMAL
TMA16,OPTIMAL,OPTIMAL,OPTIMAL,OPTIMAL
TMEM192,OPTIMAL,OPTIMAL,OPTIMAL,OPTIMAL
KLHL2,OPTIMAL,OPTIMAL,OPTIMAL,OPTIMAL
MSMO1,OPTIMAL,OPTIMAL,OPTIMAL,OPTIMAL
CPE,OPTIMAL,OPTIMAL,OPTIMAL,OPTIMAL
TLL1,OPTIMAL,OPTIMAL,OPTIMAL,OPTIMAL
SPOCK3,OPTIMAL,OPTIMAL,OPTIMAL,OPTIMAL
PALLD,OPTIMAL,OPTIMAL,OPTIMAL,OPTIMAL
CBR4,OPTIMAL,OPTIMAL,OPTIMAL,OPTIMAL
SH3RF1,OPTIMAL,OPTIMAL,OPTIMAL,OPTIMAL
NEK1,OPTIMAL,OPTIMAL,OPTIMAL,OPTIMAL
CLCN3,OPTIMAL,OPTIMAL,OPTIMAL,OPTIMAL
HPF1,OPTIMAL,OPTIMAL,OPTIMAL,OPTIMAL
MFAP3L,OPTIMAL,OPTIMAL,OPTIMAL,OPTIMAL
AADAT,OPTIMAL,OPTIMAL,OPTIMAL,OPTIMAL
GALNTL6,OPTIMAL,OPTIMAL,OPTIMAL,OPTIMAL
GALNT7,OPTIMAL,OPTIMAL,OPTIMAL,OPTIMAL
HMGB2,OPTIMAL,OPTIMAL,OPTIMAL,OPTIMAL
SAP30,INFEASIBLE,OPTIMAL,OPTIMAL,OPTIMAL
FBXO8,OPTIMAL,OPTIMAL,OPTIMAL,OPTIMAL
CEP44,OPTIMAL,OPTIMAL,OPTIMAL,OPTIMAL
GPM6A,INFEASIBLE,OPTIMAL,OPTIMAL,OPTIMAL
WDR17,OPTIMAL,OPTIMAL,OPTIMAL,OPTIMAL
SPCS3,OPTIMAL,OPTIMAL,OPTIMAL,OPTIMAL
VEGFC,OPTIMAL,INFEASIBLE,OPTIMAL,OPTIMAL
NEIL3,OPTIMAL,OPTIMAL,OPTIMAL,OPTIMAL
AGA,OPTIMAL,OPTIMAL,OPTIMAL,OPTIMAL
TENM3,OPTIMAL,OPTIMAL,OPTIMAL,OPTIMAL
DCTD,OPTIMAL,OPTIMAL,OPTIMAL,OPTIMAL
WWC2,OPTIMAL,INFEASIBLE,OPTIMAL,OPTIMAL
CDKN2AIP,OPTIMAL,OPTIMAL,OPTIMAL,OPTIMAL
ING2,OPTIMAL,OPTIMAL,OPTIMAL,OPTIMAL
RWDD4,OPTIMAL,OPTIMAL,OPTIMAL,OPTIMAL
TRAPPC11,OPTIMAL,OPTIMAL,OPTIMAL,OPTIMAL
STOX2,OPTIMAL,OPTIMAL,OPTIMAL,OPTIMAL
IRF2,OPTIMAL,OPTIMAL,OPTIMAL,OPTIMAL
CASP3,OPTIMAL,OPTIMAL,OPTIMAL,OPTIMAL
PRIMPOL,OPTIMAL,OPTIMAL,OPTIMAL,OPTIMAL
CENPU,OPTIMAL,OPTIMAL,OPTIMAL,OPTIMAL
ACSL1,OPTIMAL,OPTIMAL,OPTIMAL,OPTIMAL
SLC25A4,OPTIMAL,OPTIMAL,OPTIMAL,OPTIMAL
CFAP97,OPTIMAL,OPTIMAL,OPTIMAL,OPTIMAL
SNX25,OPTIMAL,OPTIMAL,OPTIMAL,OPTIMAL
UFSP2,OPTIMAL,OPTIMAL,OPTIMAL,OPTIMAL
PDLIM3,OPTIMAL,INFEASIBLE,OPTIMAL,OPTIMAL
SORBS2,OPTIMAL,OPTIMAL,OPTIMAL,OPTIMAL
CYP4V2,OPTIMAL,INFEASIBLE,OPTIMAL,OPTIMAL
FAT1,OPTIMAL,OPTIMAL,OPTIMAL,OPTIMAL
FRG1,OPTIMAL,OPTIMAL,OPTIMAL,OPTIMAL
CCDC127,OPTIMAL,OPTIMAL,OPTIMAL,OPTIMAL
SDHA,OPTIMAL,OPTIMAL,OPTIMAL,OPTIMAL
PDCD6,OPTIMAL,OPTIMAL,OPTIMAL,OPTIMAL
AHRR,OPTIMAL,OPTIMAL,OPTIMAL,OPTIMAL
EXOC3,OPTIMAL,INFEASIBLE,OPTIMAL,OPTIMAL
CEP72,OPTIMAL,OPTIMAL,OPTIMAL,OPTIMAL
BRD9,OPTIMAL,OPTIMAL,OPTIMAL,OPTIMAL
TRIP13,OPTIMAL,OPTIMAL,OPTIMAL,OPTIMAL
CLPTM1L,OPTIMAL,OPTIMAL,OPTIMAL,OPTIMAL
LPCAT1,OPTIMAL,OPTIMAL,OPTIMAL,OPTIMAL
MRPL36,OPTIMAL,OPTIMAL,OPTIMAL,OPTIMAL
NDUFS6,OPTIMAL,OPTIMAL,OPTIMAL,OPTIMAL
ADAMTS16,OPTIMAL,INFEASIBLE,OPTIMAL,OPTIMAL
ICE1,OPTIMAL,OPTIMAL,OPTIMAL,OPTIMAL
MED10,OPTIMAL,OPTIMAL,OPTIMAL,OPTIMAL
NSUN2,INFEASIBLE,OPTIMAL,OPTIMAL,OPTIMAL
SRD5A1,OPTIMAL,OPTIMAL,OPTIMAL,OPTIMAL
TENT4A,OPTIMAL,OPTIMAL,OPTIMAL,OPTIMAL
MTRR,OPTIMAL,OPTIMAL,OPTIMAL,OPTIMAL
FASTKD3,OPTIMAL,INFEASIBLE,OPTIMAL,OPTIMAL
SEMA5A,OPTIMAL,INFEASIBLE,OPTIMAL,OPTIMAL
ATPSCKMT,OPTIMAL,OPTIMAL,OPTIMAL,OPTIMAL
CCT5,INFEASIBLE,OPTIMAL,OPTIMAL,OPTIMAL
CMBL,OPTIMAL,OPTIMAL,OPTIMAL,OPTIMAL
MARCHF6,OPTIMAL,OPTIMAL,OPTIMAL,OPTIMAL
ANKRD33B,OPTIMAL,OPTIMAL,OPTIMAL,OPTIMAL
DAP,OPTIMAL,OPTIMAL,OPTIMAL,OPTIMAL
TRIO,OPTIMAL,OPTIMAL,OPTIMAL,OPTIMAL
OTULINL,INFEASIBLE,OPTIMAL,INFEASIBLE,INFEASIBLE
OTULIN,OPTIMAL,OPTIMAL,OPTIMAL,OPTIMAL
ANKH,OPTIMAL,OPTIMAL,OPTIMAL,OPTIMAL
FBXL7,OPTIMAL,OPTIMAL,OPTIMAL,OPTIMAL
ZNF622,INFEASIBLE,OPTIMAL,OPTIMAL,OPTIMAL
RETREG1,OPTIMAL,OPTIMAL,OPTIMAL,OPTIMAL
MYO10,OPTIMAL,OPTIMAL,OPTIMAL,OPTIMAL
BASP1,OPTIMAL,OPTIMAL,OPTIMAL,OPTIMAL
CDH18,OPTIMAL,OPTIMAL,OPTIMAL,OPTIMAL
CDH12,OPTIMAL,INFEASIBLE,OPTIMAL,OPTIMAL
DROSHA,OPTIMAL,OPTIMAL,OPTIMAL,OPTIMAL
C5orf22,OPTIMAL,OPTIMAL,OPTIMAL,OPTIMAL
PDZD2,OPTIMAL,INFEASIBLE,OPTIMAL,OPTIMAL
GOLPH3,OPTIMAL,OPTIMAL,OPTIMAL,OPTIMAL
MTMR12,OPTIMAL,OPTIMAL,OPTIMAL,OPTIMAL
ZFR,INFEASIBLE,OPTIMAL,OPTIMAL,OPTIMAL
SUB1,OPTIMAL,OPTIMAL,OPTIMAL,OPTIMAL
TARS1,OPTIMAL,OPTIMAL,OPTIMAL,OPTIMAL
RAI14,INFEASIBLE,OPTIMAL,OPTIMAL,INFEASIBLE
RAD1,OPTIMAL,OPTIMAL,OPTIMAL,OPTIMAL
BRIX1,OPTIMAL,OPTIMAL,OPTIMAL,OPTIMAL
DNAJC21,OPTIMAL,OPTIMAL,OPTIMAL,OPTIMAL
LMBRD2,OPTIMAL,OPTIMAL,OPTIMAL,OPTIMAL
SKP2,OPTIMAL,OPTIMAL,OPTIMAL,OPTIMAL
NADK2,OPTIMAL,OPTIMAL,OPTIMAL,OPTIMAL
SLC1A3,OPTIMAL,OPTIMAL,OPTIMAL,OPTIMAL
NIPBL,INFEASIBLE,OPTIMAL,OPTIMAL,INFEASIBLE
CPLANE1,OPTIMAL,OPTIMAL,OPTIMAL,OPTIMAL
NUP155,OPTIMAL,OPTIMAL,OPTIMAL,OPTIMAL
WDR70,OPTIMAL,OPTIMAL,OPTIMAL,OPTIMAL
LIFR,OPTIMAL,OPTIMAL,OPTIMAL,OPTIMAL
RICTOR,OPTIMAL,OPTIMAL,OPTIMAL,OPTIMAL
DAB2,OPTIMAL,OPTIMAL,OPTIMAL,OPTIMAL
TTC33,OPTIMAL,OPTIMAL,OPTIMAL,OPTIMAL
PRKAA1,OPTIMAL,OPTIMAL,OPTIMAL,OPTIMAL
RPL37,OPTIMAL,OPTIMAL,OPTIMAL,OPTIMAL
OXCT1,INFEASIBLE,OPTIMAL,OPTIMAL,OPTIMAL
RIMOC1,INFEASIBLE,OPTIMAL,OPTIMAL,OPTIMAL
FBXO4,OPTIMAL,OPTIMAL,OPTIMAL,OPTIMAL
GHR,OPTIMAL,OPTIMAL,OPTIMAL,OPTIMAL
SELENOP,OPTIMAL,OPTIMAL,OPTIMAL,OPTIMAL
ZNF131,OPTIMAL,OPTIMAL,OPTIMAL,OPTIMAL
HMGCS1,OPTIMAL,OPTIMAL,OPTIMAL,OPTIMAL
TMEM267,OPTIMAL,OPTIMAL,OPTIMAL,OPTIMAL
C5orf34,OPTIMAL,OPTIMAL,OPTIMAL,OPTIMAL
PAIP1,OPTIMAL,OPTIMAL,OPTIMAL,OPTIMAL
NNT,OPTIMAL,OPTIMAL,OPTIMAL,OPTIMAL
MRPS30,OPTIMAL,OPTIMAL,OPTIMAL,OPTIMAL
EMB,OPTIMAL,OPTIMAL,OPTIMAL,OPTIMAL
PARP8,OPTIMAL,OPTIMAL,OPTIMAL,OPTIMAL
ISL1,OPTIMAL,OPTIMAL,OPTIMAL,OPTIMAL
PELO,OPTIMAL,OPTIMAL,OPTIMAL,OPTIMAL
ITGA2,OPTIMAL,OPTIMAL,OPTIMAL,OPTIMAL
MOCS2,OPTIMAL,OPTIMAL,OPTIMAL,OPTIMAL
NDUFS4,OPTIMAL,OPTIMAL,OPTIMAL,OPTIMAL
ARL15,OPTIMAL,INFEASIBLE,OPTIMAL,OPTIMAL
SNX18,OPTIMAL,OPTIMAL,OPTIMAL,OPTIMAL
GPX8,OPTIMAL,OPTIMAL,OPTIMAL,OPTIMAL
DHX29,OPTIMAL,OPTIMAL,OPTIMAL,OPTIMAL
MTREX,INFEASIBLE,OPTIMAL,OPTIMAL,OPTIMAL
PLPP1,OPTIMAL,OPTIMAL,OPTIMAL,OPTIMAL
SLC38A9,OPTIMAL,OPTIMAL,OPTIMAL,OPTIMAL
IL6ST,OPTIMAL,OPTIMAL,OPTIMAL,OPTIMAL
MAP3K1,OPTIMAL,OPTIMAL,OPTIMAL,OPTIMAL
SETD9,OPTIMAL,OPTIMAL,OPTIMAL,OPTIMAL
MIER3,OPTIMAL,OPTIMAL,OPTIMAL,OPTIMAL
GPBP1,OPTIMAL,OPTIMAL,OPTIMAL,OPTIMAL
RAB3C,OPTIMAL,OPTIMAL,OPTIMAL,OPTIMAL
PDE4D,OPTIMAL,OPTIMAL,OPTIMAL,OPTIMAL
DEPDC1B,OPTIMAL,OPTIMAL,OPTIMAL,OPTIMAL
ELOVL7,OPTIMAL,OPTIMAL,OPTIMAL,OPTIMAL
ERCC8,OPTIMAL,OPTIMAL,OPTIMAL,OPTIMAL
NDUFAF2,OPTIMAL,OPTIMAL,OPTIMAL,OPTIMAL
SMIM15,OPTIMAL,OPTIMAL,OPTIMAL,OPTIMAL
ZSWIM6,OPTIMAL,OPTIMAL,OPTIMAL,OPTIMAL
KIF2A,INFEASIBLE,OPTIMAL,OPTIMAL,OPTIMAL
DIMT1,OPTIMAL,OPTIMAL,OPTIMAL,OPTIMAL
IPO11,OPTIMAL,OPTIMAL,OPTIMAL,OPTIMAL
SREK1IP1,OPTIMAL,OPTIMAL,OPTIMAL,OPTIMAL
CWC27,OPTIMAL,OPTIMAL,OPTIMAL,OPTIMAL
ADAMTS6,OPTIMAL,OPTIMAL,OPTIMAL,OPTIMAL
CENPK,OPTIMAL,OPTIMAL,OPTIMAL,OPTIMAL
PPWD1,INFEASIBLE,OPTIMAL,OPTIMAL,OPTIMAL
TRIM23,OPTIMAL,OPTIMAL,OPTIMAL,OPTIMAL
TRAPPC13,OPTIMAL,OPTIMAL,OPTIMAL,OPTIMAL
SGTB,OPTIMAL,OPTIMAL,OPTIMAL,OPTIMAL
NLN,INFEASIBLE,OPTIMAL,OPTIMAL,OPTIMAL
ERBIN,INFEASIBLE,OPTIMAL,OPTIMAL,INFEASIBLE
SREK1,OPTIMAL,OPTIMAL,OPTIMAL,OPTIMAL
MAST4,OPTIMAL,OPTIMAL,OPTIMAL,OPTIMAL
PIK3R1,OPTIMAL,OPTIMAL,OPTIMAL,OPTIMAL
SLC30A5,INFEASIBLE,INFEASIBLE,OPTIMAL,OPTIMAL
CCNB1,INFEASIBLE,OPTIMAL,OPTIMAL,OPTIMAL
CENPH,OPTIMAL,OPTIMAL,OPTIMAL,OPTIMAL
MRPS36,OPTIMAL,OPTIMAL,OPTIMAL,OPTIMAL
CDK7,OPTIMAL,OPTIMAL,OPTIMAL,OPTIMAL
CCDC125,OPTIMAL,OPTIMAL,OPTIMAL,OPTIMAL
AK6,OPTIMAL,OPTIMAL,OPTIMAL,OPTIMAL
TAF9,OPTIMAL,OPTIMAL,OPTIMAL,OPTIMAL
RAD17,OPTIMAL,OPTIMAL,OPTIMAL,OPTIMAL
MARVELD2,OPTIMAL,OPTIMAL,OPTIMAL,OPTIMAL
OCLN,OPTIMAL,OPTIMAL,OPTIMAL,OPTIMAL
GTF2H2C,INFEASIBLE,OPTIMAL,INFEASIBLE,OPTIMAL
SMN2,OPTIMAL,INFEASIBLE,OPTIMAL,OPTIMAL
SMN1,OPTIMAL,OPTIMAL,OPTIMAL,OPTIMAL
GTF2H2,OPTIMAL,OPTIMAL,OPTIMAL,OPTIMAL
BDP1,INFEASIBLE,OPTIMAL,OPTIMAL,OPTIMAL
MCCC2,OPTIMAL,OPTIMAL,OPTIMAL,OPTIMAL
MAP1B,OPTIMAL,OPTIMAL,OPTIMAL,OPTIMAL
MRPS27,OPTIMAL,OPTIMAL,OPTIMAL,OPTIMAL
PTCD2,OPTIMAL,INFEASIBLE,OPTIMAL,OPTIMAL
TNPO1,OPTIMAL,OPTIMAL,OPTIMAL,OPTIMAL
FCHO2,OPTIMAL,OPTIMAL,OPTIMAL,OPTIMAL
FOXD1,OPTIMAL,OPTIMAL,OPTIMAL,OPTIMAL
BTF3,OPTIMAL,OPTIMAL,OPTIMAL,OPTIMAL
ANKRA2,OPTIMAL,OPTIMAL,OPTIMAL,OPTIMAL
UTP15,INFEASIBLE,OPTIMAL,OPTIMAL,INFEASIBLE
ARHGEF28,OPTIMAL,INFEASIBLE,OPTIMAL,OPTIMAL
HEXB,OPTIMAL,OPTIMAL,OPTIMAL,OPTIMAL
GFM2,OPTIMAL,OPTIMAL,OPTIMAL,OPTIMAL
NSA2,OPTIMAL,OPTIMAL,OPTIMAL,OPTIMAL
FAM169A,OPTIMAL,OPTIMAL,OPTIMAL,OPTIMAL
HMGCR,OPTIMAL,OPTIMAL,OPTIMAL,OPTIMAL
CERT1,OPTIMAL,OPTIMAL,OPTIMAL,OPTIMAL
POLK,OPTIMAL,OPTIMAL,OPTIMAL,OPTIMAL
POC5,OPTIMAL,OPTIMAL,OPTIMAL,OPTIMAL
IQGAP2,OPTIMAL,OPTIMAL,OPTIMAL,OPTIMAL
F2R,OPTIMAL,OPTIMAL,OPTIMAL,OPTIMAL
AGGF1,INFEASIBLE,OPTIMAL,OPTIMAL,INFEASIBLE
ZBED3,OPTIMAL,OPTIMAL,OPTIMAL,OPTIMAL
WDR41,OPTIMAL,OPTIMAL,OPTIMAL,OPTIMAL
TBCA,INFEASIBLE,OPTIMAL,INFEASIBLE,OPTIMAL
AP3B1,INFEASIBLE,INFEASIBLE,OPTIMAL,OPTIMAL
SCAMP1,OPTIMAL,OPTIMAL,OPTIMAL,OPTIMAL
LHFPL2,OPTIMAL,OPTIMAL,OPTIMAL,OPTIMAL
ARSB,OPTIMAL,OPTIMAL,OPTIMAL,OPTIMAL
DMGDH,OPTIMAL,OPTIMAL,OPTIMAL,OPTIMAL
JMY,OPTIMAL,OPTIMAL,OPTIMAL,OPTIMAL
HOMER1,OPTIMAL,INFEASIBLE,OPTIMAL,OPTIMAL
TENT2,OPTIMAL,OPTIMAL,OPTIMAL,OPTIMAL
MTX3,OPTIMAL,OPTIMAL,OPTIMAL,OPTIMAL
THBS4,OPTIMAL,OPTIMAL,OPTIMAL,OPTIMAL
SERINC5,OPTIMAL,INFEASIBLE,OPTIMAL,OPTIMAL
ZFYVE16,OPTIMAL,OPTIMAL,OPTIMAL,OPTIMAL
FAM151B,OPTIMAL,OPTIMAL,OPTIMAL,OPTIMAL
DHFR,OPTIMAL,OPTIMAL,OPTIMAL,OPTIMAL
MSH3,OPTIMAL,INFEASIBLE,OPTIMAL,OPTIMAL
RASGRF2,OPTIMAL,OPTIMAL,OPTIMAL,OPTIMAL
ZCCHC9,OPTIMAL,OPTIMAL,OPTIMAL,OPTIMAL
SSBP2,OPTIMAL,OPTIMAL,OPTIMAL,OPTIMAL
ATG10,OPTIMAL,OPTIMAL,OPTIMAL,OPTIMAL
RPS23,OPTIMAL,OPTIMAL,OPTIMAL,OPTIMAL
TMEM167A,OPTIMAL,OPTIMAL,OPTIMAL,OPTIMAL
XRCC4,OPTIMAL,OPTIMAL,OPTIMAL,OPTIMAL
VCAN,OPTIMAL,OPTIMAL,OPTIMAL,OPTIMAL
EDIL3,OPTIMAL,OPTIMAL,OPTIMAL,OPTIMAL
COX7C,OPTIMAL,OPTIMAL,OPTIMAL,OPTIMAL
RASA1,OPTIMAL,OPTIMAL,OPTIMAL,OPTIMAL
CCNH,OPTIMAL,OPTIMAL,OPTIMAL,OPTIMAL
TMEM161B,OPTIMAL,OPTIMAL,OPTIMAL,OPTIMAL
MEF2C,OPTIMAL,OPTIMAL,OPTIMAL,OPTIMAL
CETN3,OPTIMAL,OPTIMAL,OPTIMAL,OPTIMAL
MBLAC2,OPTIMAL,OPTIMAL,OPTIMAL,OPTIMAL
POLR3G,OPTIMAL,OPTIMAL,OPTIMAL,OPTIMAL
LYSMD3,OPTIMAL,OPTIMAL,OPTIMAL,OPTIMAL
ADGRV1,OPTIMAL,INFEASIBLE,OPTIMAL,OPTIMAL
ARRDC3,OPTIMAL,OPTIMAL,OPTIMAL,OPTIMAL
NR2F1,OPTIMAL,OPTIMAL,OPTIMAL,OPTIMAL
FAM172A,OPTIMAL,OPTIMAL,OPTIMAL,OPTIMAL
SLF1,OPTIMAL,OPTIMAL,OPTIMAL,OPTIMAL
MCTP1,OPTIMAL,OPTIMAL,OPTIMAL,OPTIMAL
SKIC3,OPTIMAL,OPTIMAL,OPTIMAL,OPTIMAL
ARSK,OPTIMAL,OPTIMAL,OPTIMAL,OPTIMAL
RFESD,OPTIMAL,OPTIMAL,OPTIMAL,OPTIMAL
RHOBTB3,OPTIMAL,OPTIMAL,OPTIMAL,OPTIMAL
GLRX,OPTIMAL,OPTIMAL,OPTIMAL,OPTIMAL
ELL2,OPTIMAL,OPTIMAL,OPTIMAL,OPTIMAL
CAST,OPTIMAL,OPTIMAL,OPTIMAL,OPTIMAL
LNPEP,OPTIMAL,OPTIMAL,OPTIMAL,OPTIMAL
RIOK2,INFEASIBLE,OPTIMAL,OPTIMAL,OPTIMAL
RGMB,OPTIMAL,OPTIMAL,OPTIMAL,OPTIMAL
CHD1,INFEASIBLE,OPTIMAL,OPTIMAL,OPTIMAL
FAM174A,OPTIMAL,OPTIMAL,OPTIMAL,OPTIMAL
SLCO6A1,OPTIMAL,OPTIMAL,OPTIMAL,OPTIMAL
PAM,OPTIMAL,OPTIMAL,OPTIMAL,OPTIMAL
GIN1,OPTIMAL,OPTIMAL,OPTIMAL,OPTIMAL
PPIP5K2,OPTIMAL,OPTIMAL,OPTIMAL,OPTIMAL
MACIR,OPTIMAL,OPTIMAL,OPTIMAL,OPTIMAL
NUDT12,OPTIMAL,OPTIMAL,OPTIMAL,OPTIMAL
EFNA5,OPTIMAL,OPTIMAL,OPTIMAL,OPTIMAL
FBXL17,OPTIMAL,OPTIMAL,OPTIMAL,OPTIMAL
FER,INFEASIBLE,OPTIMAL,OPTIMAL,OPTIMAL
PJA2,OPTIMAL,OPTIMAL,OPTIMAL,OPTIMAL
MAN2A1,OPTIMAL,OPTIMAL,OPTIMAL,OPTIMAL
SLC25A46,OPTIMAL,OPTIMAL,OPTIMAL,OPTIMAL
WDR36,OPTIMAL,OPTIMAL,OPTIMAL,OPTIMAL
CAMK4,OPTIMAL,INFEASIBLE,OPTIMAL,OPTIMAL
STARD4,OPTIMAL,OPTIMAL,OPTIMAL,OPTIMAL
NREP,OPTIMAL,OPTIMAL,OPTIMAL,OPTIMAL
EPB41L4A,OPTIMAL,OPTIMAL,OPTIMAL,OPTIMAL
APC,INFEASIBLE,OPTIMAL,OPTIMAL,INFEASIBLE
SRP19,OPTIMAL,OPTIMAL,OPTIMAL,OPTIMAL
REEP5,OPTIMAL,OPTIMAL,OPTIMAL,OPTIMAL
DCP2,OPTIMAL,OPTIMAL,OPTIMAL,OPTIMAL
MCC,OPTIMAL,INFEASIBLE,OPTIMAL,OPTIMAL
YTHDC2,INFEASIBLE,OPTIMAL,OPTIMAL,OPTIMAL
TRIM36,OPTIMAL,OPTIMAL,OPTIMAL,INFEASIBLE
PGGT1B,OPTIMAL,OPTIMAL,OPTIMAL,OPTIMAL
CCDC112,OPTIMAL,OPTIMAL,OPTIMAL,OPTIMAL
FEM1C,OPTIMAL,OPTIMAL,OPTIMAL,OPTIMAL
TMED7,OPTIMAL,OPTIMAL,OPTIMAL,OPTIMAL
ATG12,OPTIMAL,OPTIMAL,OPTIMAL,OPTIMAL
AP3S1,OPTIMAL,OPTIMAL,OPTIMAL,OPTIMAL
COMMD10,OPTIMAL,OPTIMAL,OPTIMAL,OPTIMAL
SEMA6A,OPTIMAL,OPTIMAL,OPTIMAL,OPTIMAL
DTWD2,OPTIMAL,OPTIMAL,INFEASIBLE,OPTIMAL
DMXL1,OPTIMAL,OPTIMAL,OPTIMAL,OPTIMAL
TNFAIP8,OPTIMAL,OPTIMAL,OPTIMAL,OPTIMAL
HSD17B4,INFEASIBLE,OPTIMAL,OPTIMAL,OPTIMAL
PRR16,OPTIMAL,OPTIMAL,OPTIMAL,OPTIMAL
SRFBP1,OPTIMAL,OPTIMAL,OPTIMAL,OPTIMAL
SNX2,OPTIMAL,OPTIMAL,OPTIMAL,OPTIMAL
SNX24,OPTIMAL,OPTIMAL,OPTIMAL,OPTIMAL
PPIC,OPTIMAL,OPTIMAL,OPTIMAL,OPTIMAL
PRDM6,OPTIMAL,OPTIMAL,OPTIMAL,OPTIMAL
CEP120,OPTIMAL,OPTIMAL,OPTIMAL,OPTIMAL
CSNK1G3,INFEASIBLE,OPTIMAL,OPTIMAL,OPTIMAL
ZNF608,OPTIMAL,OPTIMAL,OPTIMAL,OPTIMAL
ALDH7A1,OPTIMAL,OPTIMAL,OPTIMAL,OPTIMAL
PHAX,INFEASIBLE,OPTIMAL,OPTIMAL,OPTIMAL
LMNB1,INFEASIBLE,OPTIMAL,OPTIMAL,OPTIMAL
MARCHF3,OPTIMAL,INFEASIBLE,OPTIMAL,OPTIMAL
C5orf63,OPTIMAL,OPTIMAL,OPTIMAL,OPTIMAL
PRRC1,OPTIMAL,OPTIMAL,OPTIMAL,OPTIMAL
SLC12A2,OPTIMAL,OPTIMAL,OPTIMAL,OPTIMAL
FBN2,OPTIMAL,OPTIMAL,OPTIMAL,OPTIMAL
ISOC1,OPTIMAL,OPTIMAL,OPTIMAL,OPTIMAL
ADAMTS19,OPTIMAL,OPTIMAL,OPTIMAL,OPTIMAL
CHSY3,OPTIMAL,OPTIMAL,OPTIMAL,OPTIMAL
HINT1,OPTIMAL,OPTIMAL,OPTIMAL,OPTIMAL
LYRM7,OPTIMAL,OPTIMAL,OPTIMAL,OPTIMAL
CDC42SE2,OPTIMAL,OPTIMAL,OPTIMAL,OPTIMAL
RAPGEF6,OPTIMAL,OPTIMAL,OPTIMAL,OPTIMAL
FNIP1,OPTIMAL,OPTIMAL,OPTIMAL,OPTIMAL
P4HA2,OPTIMAL,OPTIMAL,OPTIMAL,OPTIMAL
PDLIM4,OPTIMAL,OPTIMAL,OPTIMAL,OPTIMAL
SLC22A5,OPTIMAL,OPTIMAL,OPTIMAL,OPTIMAL
IRF1,OPTIMAL,INFEASIBLE,OPTIMAL,OPTIMAL
RAD50,INFEASIBLE,OPTIMAL,OPTIMAL,INFEASIBLE
KIF3A,INFEASIBLE,OPTIMAL,OPTIMAL,OPTIMAL
SEPTIN8,OPTIMAL,OPTIMAL,OPTIMAL,OPTIMAL
UQCRQ,OPTIMAL,OPTIMAL,OPTIMAL,OPTIMAL
AFF4,OPTIMAL,OPTIMAL,OPTIMAL,OPTIMAL
ZCCHC10,OPTIMAL,OPTIMAL,OPTIMAL,OPTIMAL
HSPA4,INFEASIBLE,OPTIMAL,OPTIMAL,INFEASIBLE
C5orf15,OPTIMAL,OPTIMAL,OPTIMAL,OPTIMAL
VDAC1,OPTIMAL,OPTIMAL,OPTIMAL,OPTIMAL
TCF7,OPTIMAL,OPTIMAL,OPTIMAL,OPTIMAL
SKP1,OPTIMAL,OPTIMAL,OPTIMAL,OPTIMAL
PPP2CA,OPTIMAL,OPTIMAL,OPTIMAL,OPTIMAL
CDKL3,OPTIMAL,INFEASIBLE,OPTIMAL,OPTIMAL
UBE2B,OPTIMAL,OPTIMAL,OPTIMAL,OPTIMAL
CDKN2AIPNL,OPTIMAL,OPTIMAL,OPTIMAL,OPTIMAL
SAR1B,OPTIMAL,OPTIMAL,OPTIMAL,OPTIMAL
SEC24A,OPTIMAL,OPTIMAL,OPTIMAL,OPTIMAL
CAMLG,OPTIMAL,OPTIMAL,OPTIMAL,OPTIMAL
DDX46,OPTIMAL,OPTIMAL,OPTIMAL,OPTIMAL
C5orf24,OPTIMAL,OPTIMAL,OPTIMAL,OPTIMAL
TXNDC15,OPTIMAL,OPTIMAL,OPTIMAL,OPTIMAL
PCBD2,OPTIMAL,INFEASIBLE,OPTIMAL,OPTIMAL
PITX1,OPTIMAL,OPTIMAL,OPTIMAL,OPTIMAL
MACROH2A1,OPTIMAL,OPTIMAL,OPTIMAL,OPTIMAL
SLC25A48,OPTIMAL,OPTIMAL,OPTIMAL,OPTIMAL
SMAD5,OPTIMAL,OPTIMAL,OPTIMAL,OPTIMAL
HNRNPA0,OPTIMAL,OPTIMAL,OPTIMAL,OPTIMAL
PKD2L2,OPTIMAL,OPTIMAL,OPTIMAL,OPTIMAL
FAM13B,OPTIMAL,OPTIMAL,OPTIMAL,OPTIMAL
BRD8,OPTIMAL,OPTIMAL,OPTIMAL,OPTIMAL
KIF20A,OPTIMAL,OPTIMAL,OPTIMAL,OPTIMAL
CDC23,OPTIMAL,OPTIMAL,OPTIMAL,OPTIMAL
CDC25C,OPTIMAL,INFEASIBLE,OPTIMAL,OPTIMAL
FAM53C,OPTIMAL,OPTIMAL,OPTIMAL,OPTIMAL
KDM3B,INFEASIBLE,OPTIMAL,OPTIMAL,OPTIMAL
REEP2,OPTIMAL,OPTIMAL,OPTIMAL,OPTIMAL
EGR1,OPTIMAL,OPTIMAL,INFEASIBLE,OPTIMAL
ETF1,OPTIMAL,OPTIMAL,OPTIMAL,OPTIMAL
HSPA9,INFEASIBLE,OPTIMAL,INFEASIBLE,OPTIMAL
CTNNA1,OPTIMAL,OPTIMAL,OPTIMAL,OPTIMAL
SIL1,OPTIMAL,OPTIMAL,OPTIMAL,OPTIMAL
MATR3,INFEASIBLE,OPTIMAL,OPTIMAL,INFEASIBLE
PAIP2,OPTIMAL,OPTIMAL,OPTIMAL,OPTIMAL
SPATA24,OPTIMAL,OPTIMAL,OPTIMAL,OPTIMAL
DNAJC18,OPTIMAL,OPTIMAL,OPTIMAL,OPTIMAL
UBE2D2,OPTIMAL,OPTIMAL,OPTIMAL,OPTIMAL
CXXC5,OPTIMAL,OPTIMAL,OPTIMAL,OPTIMAL
NRG2,OPTIMAL,OPTIMAL,OPTIMAL,INFEASIBLE
PURA,INFEASIBLE,OPTIMAL,OPTIMAL,OPTIMAL
CYSTM1,OPTIMAL,OPTIMAL,OPTIMAL,OPTIMAL
PFDN1,OPTIMAL,OPTIMAL,OPTIMAL,OPTIMAL
ANKHD1,OPTIMAL,OPTIMAL,OPTIMAL,OPTIMAL
SRA1,OPTIMAL,OPTIMAL,OPTIMAL,OPTIMAL
SLC35A4,OPTIMAL,OPTIMAL,OPTIMAL,OPTIMAL
NDUFA2,OPTIMAL,OPTIMAL,OPTIMAL,OPTIMAL
TMCO6,OPTIMAL,OPTIMAL,OPTIMAL,OPTIMAL
IK,OPTIMAL,OPTIMAL,OPTIMAL,OPTIMAL
WDR55,OPTIMAL,OPTIMAL,OPTIMAL,OPTIMAL
HARS1,OPTIMAL,OPTIMAL,OPTIMAL,OPTIMAL
HARS2,OPTIMAL,OPTIMAL,OPTIMAL,OPTIMAL
ZMAT2,OPTIMAL,OPTIMAL,OPTIMAL,OPTIMAL
TAF7,INFEASIBLE,OPTIMAL,OPTIMAL,OPTIMAL
DIAPH1,OPTIMAL,OPTIMAL,OPTIMAL,OPTIMAL
HDAC3,OPTIMAL,OPTIMAL,OPTIMAL,OPTIMAL
DELE1,OPTIMAL,INFEASIBLE,OPTIMAL,OPTIMAL
RNF14,INFEASIBLE,OPTIMAL,OPTIMAL,OPTIMAL
GNPDA1,OPTIMAL,OPTIMAL,OPTIMAL,OPTIMAL
NDFIP1,OPTIMAL,OPTIMAL,OPTIMAL,OPTIMAL
ARHGAP26,OPTIMAL,OPTIMAL,OPTIMAL,OPTIMAL
NR3C1,OPTIMAL,OPTIMAL,OPTIMAL,OPTIMAL
YIPF5,OPTIMAL,OPTIMAL,OPTIMAL,OPTIMAL
KCTD16,OPTIMAL,OPTIMAL,OPTIMAL,OPTIMAL
PRELID2,OPTIMAL,OPTIMAL,OPTIMAL,OPTIMAL
LARS1,INFEASIBLE,OPTIMAL,OPTIMAL,OPTIMAL
RBM27,INFEASIBLE,OPTIMAL,OPTIMAL,INFEASIBLE
TCERG1,INFEASIBLE,OPTIMAL,OPTIMAL,OPTIMAL
DPYSL3,OPTIMAL,OPTIMAL,OPTIMAL,OPTIMAL
JAKMIP2,OPTIMAL,OPTIMAL,OPTIMAL,OPTIMAL
SPINK5,OPTIMAL,OPTIMAL,OPTIMAL,OPTIMAL
FBXO38,OPTIMAL,OPTIMAL,OPTIMAL,OPTIMAL
GRPEL2,OPTIMAL,OPTIMAL,OPTIMAL,OPTIMAL
CSNK1A1,OPTIMAL,OPTIMAL,OPTIMAL,OPTIMAL
ARHGEF37,OPTIMAL,OPTIMAL,OPTIMAL,OPTIMAL
PPARGC1B,OPTIMAL,OPTIMAL,OPTIMAL,OPTIMAL
SLC26A2,INFEASIBLE,OPTIMAL,OPTIMAL,OPTIMAL
HMGXB3,OPTIMAL,OPTIMAL,OPTIMAL,OPTIMAL
TCOF1,INFEASIBLE,OPTIMAL,OPTIMAL,INFEASIBLE
RPS14,OPTIMAL,OPTIMAL,OPTIMAL,OPTIMAL
NDST1,OPTIMAL,OPTIMAL,OPTIMAL,OPTIMAL
RBM22,OPTIMAL,OPTIMAL,OPTIMAL,OPTIMAL
DCTN4,OPTIMAL,OPTIMAL,OPTIMAL,OPTIMAL
SMIM3,OPTIMAL,OPTIMAL,OPTIMAL,OPTIMAL
GPX3,OPTIMAL,OPTIMAL,OPTIMAL,OPTIMAL
TNIP1,OPTIMAL,OPTIMAL,OPTIMAL,OPTIMAL
ANXA6,OPTIMAL,OPTIMAL,OPTIMAL,OPTIMAL
GM2A,OPTIMAL,OPTIMAL,OPTIMAL,OPTIMAL
SLC36A1,OPTIMAL,OPTIMAL,OPTIMAL,OPTIMAL
SPARC,OPTIMAL,OPTIMAL,OPTIMAL,OPTIMAL
ATOX1,OPTIMAL,OPTIMAL,OPTIMAL,OPTIMAL
G3BP1,INFEASIBLE,OPTIMAL,OPTIMAL,OPTIMAL
FAM114A2,OPTIMAL,OPTIMAL,OPTIMAL,OPTIMAL
MFAP3,OPTIMAL,INFEASIBLE,OPTIMAL,OPTIMAL
GALNT10,OPTIMAL,OPTIMAL,OPTIMAL,OPTIMAL
SAP30L,OPTIMAL,OPTIMAL,OPTIMAL,OPTIMAL
HAND1,OPTIMAL,OPTIMAL,OPTIMAL,OPTIMAL
LARP1,INFEASIBLE,OPTIMAL,OPTIMAL,OPTIMAL
FAXDC2,OPTIMAL,OPTIMAL,OPTIMAL,OPTIMAL
CNOT8,OPTIMAL,OPTIMAL,OPTIMAL,OPTIMAL
GEMIN5,OPTIMAL,OPTIMAL,OPTIMAL,OPTIMAL
MRPL22,OPTIMAL,OPTIMAL,OPTIMAL,OPTIMAL
MED7,OPTIMAL,OPTIMAL,OPTIMAL,OPTIMAL
CYFIP2,OPTIMAL,OPTIMAL,OPTIMAL,OPTIMAL
THG1L,OPTIMAL,OPTIMAL,OPTIMAL,OPTIMAL
LSM11,OPTIMAL,OPTIMAL,OPTIMAL,OPTIMAL
CLINT1,INFEASIBLE,OPTIMAL,OPTIMAL,INFEASIBLE
EBF1,OPTIMAL,OPTIMAL,OPTIMAL,OPTIMAL
RNF145,OPTIMAL,OPTIMAL,OPTIMAL,OPTIMAL
UBLCP1,INFEASIBLE,OPTIMAL,OPTIMAL,OPTIMAL
TTC1,OPTIMAL,OPTIMAL,OPTIMAL,OPTIMAL
PWWP2A,OPTIMAL,OPTIMAL,OPTIMAL,OPTIMAL
SLU7,INFEASIBLE,OPTIMAL,OPTIMAL,OPTIMAL
PTTG1,OPTIMAL,OPTIMAL,OPTIMAL,OPTIMAL
CCNG1,OPTIMAL,OPTIMAL,OPTIMAL,OPTIMAL
NUDCD2,OPTIMAL,OPTIMAL,OPTIMAL,OPTIMAL
HMMR,INFEASIBLE,OPTIMAL,INFEASIBLE,INFEASIBLE
MAT2B,INFEASIBLE,OPTIMAL,OPTIMAL,OPTIMAL
TENM2,INFEASIBLE,OPTIMAL,OPTIMAL,INFEASIBLE
WWC1,OPTIMAL,OPTIMAL,OPTIMAL,INFEASIBLE
RARS1,OPTIMAL,OPTIMAL,OPTIMAL,OPTIMAL
PANK3,INFEASIBLE,OPTIMAL,OPTIMAL,OPTIMAL
SLIT3,OPTIMAL,OPTIMAL,OPTIMAL,OPTIMAL
SPDL1,INFEASIBLE,OPTIMAL,OPTIMAL,INFEASIBLE
RANBP17,OPTIMAL,OPTIMAL,OPTIMAL,OPTIMAL
NPM1,INFEASIBLE,OPTIMAL,OPTIMAL,OPTIMAL
FBXW11,OPTIMAL,OPTIMAL,OPTIMAL,OPTIMAL
STK10,OPTIMAL,OPTIMAL,OPTIMAL,OPTIMAL
UBTD2,OPTIMAL,OPTIMAL,OPTIMAL,OPTIMAL
SH3PXD2B,OPTIMAL,OPTIMAL,OPTIMAL,OPTIMAL
DUSP1,OPTIMAL,OPTIMAL,OPTIMAL,OPTIMAL
ERGIC1,OPTIMAL,OPTIMAL,OPTIMAL,OPTIMAL
RPL26L1,OPTIMAL,OPTIMAL,OPTIMAL,OPTIMAL
ATP6V0E1,OPTIMAL,OPTIMAL,OPTIMAL,OPTIMAL
CREBRF,OPTIMAL,OPTIMAL,OPTIMAL,OPTIMAL
BNIP1,OPTIMAL,OPTIMAL,OPTIMAL,OPTIMAL
NKX2-5,OPTIMAL,OPTIMAL,OPTIMAL,OPTIMAL
STC2,OPTIMAL,OPTIMAL,OPTIMAL,OPTIMAL
BOD1,OPTIMAL,OPTIMAL,OPTIMAL,OPTIMAL
CPEB4,OPTIMAL,INFEASIBLE,OPTIMAL,OPTIMAL
MSX2,OPTIMAL,OPTIMAL,OPTIMAL,OPTIMAL
SFXN1,OPTIMAL,OPTIMAL,OPTIMAL,OPTIMAL
THOC3,OPTIMAL,OPTIMAL,OPTIMAL,OPTIMAL
SIMC1,OPTIMAL,OPTIMAL,OPTIMAL,OPTIMAL
KIAA1191,OPTIMAL,OPTIMAL,OPTIMAL,OPTIMAL
ARL10,OPTIMAL,OPTIMAL,OPTIMAL,OPTIMAL
NOP16,OPTIMAL,OPTIMAL,OPTIMAL,OPTIMAL
HIGD2A,OPTIMAL,OPTIMAL,OPTIMAL,OPTIMAL
CLTB,OPTIMAL,OPTIMAL,OPTIMAL,OPTIMAL
FAF2,INFEASIBLE,OPTIMAL,OPTIMAL,OPTIMAL
RNF44,OPTIMAL,OPTIMAL,OPTIMAL,OPTIMAL
CDHR2,OPTIMAL,OPTIMAL,OPTIMAL,INFEASIBLE
GPRIN1,OPTIMAL,OPTIMAL,OPTIMAL,OPTIMAL
TSPAN17,OPTIMAL,OPTIMAL,OPTIMAL,OPTIMAL
UIMC1,INFEASIBLE,OPTIMAL,OPTIMAL,OPTIMAL
ZNF346,OPTIMAL,OPTIMAL,OPTIMAL,OPTIMAL
NSD1,INFEASIBLE,OPTIMAL,OPTIMAL,OPTIMAL
RAB24,OPTIMAL,OPTIMAL,OPTIMAL,OPTIMAL
MXD3,OPTIMAL,OPTIMAL,OPTIMAL,OPTIMAL
PRELID1,OPTIMAL,OPTIMAL,OPTIMAL,OPTIMAL
LMAN2,OPTIMAL,OPTIMAL,OPTIMAL,OPTIMAL
RGS14,OPTIMAL,OPTIMAL,OPTIMAL,OPTIMAL
F12,OPTIMAL,OPTIMAL,OPTIMAL,OPTIMAL
GRK6,OPTIMAL,OPTIMAL,OPTIMAL,OPTIMAL
PRR7,OPTIMAL,OPTIMAL,OPTIMAL,OPTIMAL
DBN1,INFEASIBLE,OPTIMAL,OPTIMAL,OPTIMAL
PDLIM7,OPTIMAL,OPTIMAL,OPTIMAL,OPTIMAL
DOK3,OPTIMAL,OPTIMAL,OPTIMAL,OPTIMAL
DDX41,OPTIMAL,OPTIMAL,OPTIMAL,OPTIMAL
FAM193B,OPTIMAL,INFEASIBLE,OPTIMAL,OPTIMAL
TMED9,OPTIMAL,OPTIMAL,OPTIMAL,OPTIMAL
B4GALT7,OPTIMAL,OPTIMAL,OPTIMAL,OPTIMAL
RMND5B,OPTIMAL,OPTIMAL,OPTIMAL,OPTIMAL
NHP2,OPTIMAL,OPTIMAL,OPTIMAL,OPTIMAL
HNRNPAB,INFEASIBLE,OPTIMAL,OPTIMAL,INFEASIBLE
PHYKPL,OPTIMAL,OPTIMAL,OPTIMAL,OPTIMAL
COL23A1,OPTIMAL,OPTIMAL,OPTIMAL,OPTIMAL
CLK4,OPTIMAL,OPTIMAL,OPTIMAL,OPTIMAL
ZNF354A,OPTIMAL,OPTIMAL,OPTIMAL,OPTIMAL
ZNF354B,OPTIMAL,OPTIMAL,OPTIMAL,OPTIMAL
ADAMTS2,OPTIMAL,OPTIMAL,OPTIMAL,OPTIMAL
RUFY1,OPTIMAL,OPTIMAL,OPTIMAL,OPTIMAL
HNRNPH1,OPTIMAL,OPTIMAL,OPTIMAL,OPTIMAL
CANX,INFEASIBLE,OPTIMAL,OPTIMAL,INFEASIBLE
MAML1,OPTIMAL,OPTIMAL,OPTIMAL,OPTIMAL
MGAT4B,OPTIMAL,INFEASIBLE,OPTIMAL,OPTIMAL
SQSTM1,OPTIMAL,OPTIMAL,OPTIMAL,OPTIMAL
MRNIP,OPTIMAL,OPTIMAL,OPTIMAL,OPTIMAL
TBC1D9B,OPTIMAL,OPTIMAL,OPTIMAL,OPTIMAL
RNF130,INFEASIBLE,OPTIMAL,OPTIMAL,OPTIMAL
RASGEF1C,OPTIMAL,OPTIMAL,OPTIMAL,OPTIMAL
MAPK9,OPTIMAL,OPTIMAL,OPTIMAL,OPTIMAL
GFPT2,OPTIMAL,OPTIMAL,OPTIMAL,OPTIMAL
CNOT6,OPTIMAL,OPTIMAL,OPTIMAL,OPTIMAL
FLT4,OPTIMAL,OPTIMAL,OPTIMAL,OPTIMAL
MGAT1,OPTIMAL,OPTIMAL,OPTIMAL,OPTIMAL
ZFP62,OPTIMAL,OPTIMAL,OPTIMAL,OPTIMAL
BTNL9,OPTIMAL,OPTIMAL,OPTIMAL,OPTIMAL
TRIM41,OPTIMAL,OPTIMAL,OPTIMAL,OPTIMAL
RACK1,OPTIMAL,OPTIMAL,OPTIMAL,OPTIMAL
TRIM52,OPTIMAL,OPTIMAL,OPTIMAL,OPTIMAL
DUSP22,OPTIMAL,OPTIMAL,OPTIMAL,OPTIMAL
EXOC2,OPTIMAL,OPTIMAL,OPTIMAL,OPTIMAL
FOXF2,OPTIMAL,OPTIMAL,OPTIMAL,OPTIMAL
FOXC1,OPTIMAL,OPTIMAL,OPTIMAL,OPTIMAL
GMDS,OPTIMAL,OPTIMAL,OPTIMAL,OPTIMAL
WRNIP1,OPTIMAL,OPTIMAL,OPTIMAL,OPTIMAL
SERPINB1,OPTIMAL,OPTIMAL,OPTIMAL,OPTIMAL
SERPINB6,OPTIMAL,OPTIMAL,OPTIMAL,OPTIMAL
NQO2,OPTIMAL,OPTIMAL,OPTIMAL,OPTIMAL
RIPK1,OPTIMAL,OPTIMAL,OPTIMAL,OPTIMAL
BPHL,OPTIMAL,OPTIMAL,OPTIMAL,OPTIMAL
TUBB2A,OPTIMAL,OPTIMAL,OPTIMAL,OPTIMAL
TUBB2B,OPTIMAL,OPTIMAL,OPTIMAL,OPTIMAL
PSMG4,OPTIMAL,OPTIMAL,OPTIMAL,OPTIMAL
SLC22A23,OPTIMAL,OPTIMAL,OPTIMAL,OPTIMAL
FAM50B,OPTIMAL,OPTIMAL,OPTIMAL,OPTIMAL
PRPF4B,OPTIMAL,OPTIMAL,OPTIMAL,OPTIMAL
ECI2,OPTIMAL,OPTIMAL,OPTIMAL,OPTIMAL
CDYL,OPTIMAL,INFEASIBLE,OPTIMAL,OPTIMAL
RPP40,OPTIMAL,OPTIMAL,OPTIMAL,OPTIMAL
LYRM4,OPTIMAL,INFEASIBLE,OPTIMAL,OPTIMAL
FARS2,OPTIMAL,OPTIMAL,OPTIMAL,OPTIMAL
NRN1,OPTIMAL,OPTIMAL,OPTIMAL,OPTIMAL
RREB1,OPTIMAL,OPTIMAL,OPTIMAL,OPTIMAL
SSR1,OPTIMAL,OPTIMAL,OPTIMAL,OPTIMAL
RIOK1,INFEASIBLE,OPTIMAL,OPTIMAL,OPTIMAL
DSP,INFEASIBLE,OPTIMAL,INFEASIBLE,INFEASIBLE
SNRNP48,OPTIMAL,OPTIMAL,OPTIMAL,OPTIMAL
BMP6,OPTIMAL,OPTIMAL,OPTIMAL,OPTIMAL
TXNDC5,OPTIMAL,OPTIMAL,OPTIMAL,OPTIMAL
BLOC1S5,OPTIMAL,OPTIMAL,OPTIMAL,OPTIMAL
EEF1E1,OPTIMAL,OPTIMAL,OPTIMAL,OPTIMAL
SLC35B3,OPTIMAL,OPTIMAL,OPTIMAL,OPTIMAL
TFAP2A,OPTIMAL,OPTIMAL,OPTIMAL,OPTIMAL
PAK1IP1,INFEASIBLE,OPTIMAL,OPTIMAL,OPTIMAL
TMEM14C,OPTIMAL,OPTIMAL,OPTIMAL,OPTIMAL
TMEM14B,OPTIMAL,OPTIMAL,OPTIMAL,OPTIMAL
MAK,OPTIMAL,OPTIMAL,OPTIMAL,OPTIMAL
SYCP2L,OPTIMAL,OPTIMAL,OPTIMAL,OPTIMAL
ELOVL2,OPTIMAL,OPTIMAL,OPTIMAL,OPTIMAL
SMIM13,OPTIMAL,OPTIMAL,OPTIMAL,OPTIMAL
TMEM170B,OPTIMAL,OPTIMAL,OPTIMAL,OPTIMAL
HIVEP1,INFEASIBLE,OPTIMAL,OPTIMAL,OPTIMAL
PHACTR1,INFEASIBLE,OPTIMAL,OPTIMAL,OPTIMAL
TBC1D7,OPTIMAL,OPTIMAL,OPTIMAL,OPTIMAL
GFOD1,OPTIMAL,OPTIMAL,OPTIMAL,OPTIMAL
SIRT5,OPTIMAL,OPTIMAL,OPTIMAL,OPTIMAL
NOL7,OPTIMAL,OPTIMAL,OPTIMAL,OPTIMAL
RANBP9,OPTIMAL,OPTIMAL,OPTIMAL,OPTIMAL
MCUR1,OPTIMAL,OPTIMAL,OPTIMAL,OPTIMAL
JARID2,OPTIMAL,OPTIMAL,OPTIMAL,OPTIMAL
DTNBP1,OPTIMAL,OPTIMAL,OPTIMAL,OPTIMAL
MYLIP,OPTIMAL,OPTIMAL,OPTIMAL,OPTIMAL
ATXN1,OPTIMAL,OPTIMAL,OPTIMAL,OPTIMAL
CAP2,OPTIMAL,OPTIMAL,OPTIMAL,OPTIMAL
FAM8A1,OPTIMAL,OPTIMAL,OPTIMAL,OPTIMAL
NUP153,OPTIMAL,OPTIMAL,OPTIMAL,OPTIMAL
KIF13A,OPTIMAL,INFEASIBLE,OPTIMAL,OPTIMAL
TPMT,OPTIMAL,OPTIMAL,OPTIMAL,OPTIMAL
KDM1B,OPTIMAL,OPTIMAL,OPTIMAL,OPTIMAL
DEK,OPTIMAL,OPTIMAL,OPTIMAL,OPTIMAL
ID4,OPTIMAL,OPTIMAL,OPTIMAL,OPTIMAL
MBOAT1,OPTIMAL,OPTIMAL,OPTIMAL,OPTIMAL
E2F3,OPTIMAL,OPTIMAL,OPTIMAL,OPTIMAL
CDKAL1,OPTIMAL,OPTIMAL,OPTIMAL,OPTIMAL
SOX4,OPTIMAL,OPTIMAL,OPTIMAL,OPTIMAL
MRS2,INFEASIBLE,OPTIMAL,OPTIMAL,OPTIMAL
ALDH5A1,OPTIMAL,OPTIMAL,OPTIMAL,OPTIMAL
TDP2,OPTIMAL,OPTIMAL,OPTIMAL,OPTIMAL
ACOT13,OPTIMAL,OPTIMAL,OPTIMAL,OPTIMAL
C6orf62,OPTIMAL,OPTIMAL,OPTIMAL,OPTIMAL
GMNN,OPTIMAL,OPTIMAL,OPTIMAL,OPTIMAL
RIPOR2,OPTIMAL,INFEASIBLE,OPTIMAL,OPTIMAL
CARMIL1,OPTIMAL,OPTIMAL,OPTIMAL,OPTIMAL
BTN3A2,OPTIMAL,OPTIMAL,OPTIMAL,OPTIMAL
BTN2A1,OPTIMAL,OPTIMAL,OPTIMAL,OPTIMAL
HMGN4,OPTIMAL,OPTIMAL,OPTIMAL,OPTIMAL
ABT1,OPTIMAL,OPTIMAL,OPTIMAL,OPTIMAL
ZNF322,OPTIMAL,OPTIMAL,OPTIMAL,OPTIMAL
ZNF391,OPTIMAL,OPTIMAL,OPTIMAL,OPTIMAL
ZKSCAN8,OPTIMAL,OPTIMAL,OPTIMAL,OPTIMAL
ZSCAN26,OPTIMAL,INFEASIBLE,OPTIMAL,OPTIMAL
PGBD1,OPTIMAL,OPTIMAL,OPTIMAL,OPTIMAL
ZSCAN12,OPTIMAL,INFEASIBLE,OPTIMAL,OPTIMAL
TRIM27,OPTIMAL,OPTIMAL,OPTIMAL,OPTIMAL
GABBR1,OPTIMAL,OPTIMAL,OPTIMAL,OPTIMAL
HLA-A,OPTIMAL,OPTIMAL,OPTIMAL,OPTIMAL
POLR1H,OPTIMAL,OPTIMAL,OPTIMAL,OPTIMAL
PPP1R11,OPTIMAL,OPTIMAL,OPTIMAL,OPTIMAL
TRIM26,INFEASIBLE,OPTIMAL,OPTIMAL,OPTIMAL
RPP21,OPTIMAL,OPTIMAL,OPTIMAL,OPTIMAL
HLA-E,OPTIMAL,OPTIMAL,OPTIMAL,OPTIMAL
GNL1,OPTIMAL,OPTIMAL,OPTIMAL,OPTIMAL
PRR3,OPTIMAL,OPTIMAL,OPTIMAL,OPTIMAL
ABCF1,OPTIMAL,OPTIMAL,OPTIMAL,OPTIMAL
PPP1R10,OPTIMAL,OPTIMAL,OPTIMAL,OPTIMAL
MRPS18B,OPTIMAL,OPTIMAL,OPTIMAL,OPTIMAL
ATAT1,OPTIMAL,OPTIMAL,OPTIMAL,OPTIMAL
C6orf136,OPTIMAL,OPTIMAL,OPTIMAL,OPTIMAL
DHX16,INFEASIBLE,OPTIMAL,OPTIMAL,OPTIMAL
NRM,OPTIMAL,OPTIMAL,OPTIMAL,OPTIMAL
MDC1,INFEASIBLE,OPTIMAL,OPTIMAL,OPTIMAL
TUBB,OPTIMAL,OPTIMAL,OPTIMAL,OPTIMAL
FLOT1,OPTIMAL,OPTIMAL,OPTIMAL,OPTIMAL
GTF2H4,OPTIMAL,OPTIMAL,OPTIMAL,OPTIMAL
VARS2,OPTIMAL,OPTIMAL,OPTIMAL,OPTIMAL
CCHCR1,OPTIMAL,OPTIMAL,OPTIMAL,OPTIMAL
TCF19,OPTIMAL,OPTIMAL,OPTIMAL,OPTIMAL
HLA-C,OPTIMAL,OPTIMAL,OPTIMAL,OPTIMAL
HLA-B,OPTIMAL,OPTIMAL,OPTIMAL,OPTIMAL
MICA,OPTIMAL,OPTIMAL,OPTIMAL,OPTIMAL
DDX39B,OPTIMAL,OPTIMAL,OPTIMAL,OPTIMAL
NFKBIL1,OPTIMAL,OPTIMAL,OPTIMAL,OPTIMAL
PRRC2A,OPTIMAL,OPTIMAL,OPTIMAL,OPTIMAL
BAG6,OPTIMAL,OPTIMAL,OPTIMAL,OPTIMAL
C6orf47,OPTIMAL,OPTIMAL,OPTIMAL,OPTIMAL
GPANK1,OPTIMAL,OPTIMAL,OPTIMAL,OPTIMAL
CSNK2B,OPTIMAL,OPTIMAL,OPTIMAL,OPTIMAL
ABHD16A,OPTIMAL,OPTIMAL,OPTIMAL,OPTIMAL
DDAH2,OPTIMAL,OPTIMAL,OPTIMAL,OPTIMAL
CLIC1,OPTIMAL,OPTIMAL,OPTIMAL,OPTIMAL
MSH5,OPTIMAL,OPTIMAL,OPTIMAL,OPTIMAL
VARS1,OPTIMAL,OPTIMAL,OPTIMAL,OPTIMAL
LSM2,OPTIMAL,OPTIMAL,OPTIMAL,OPTIMAL
HSPA1B,INFEASIBLE,OPTIMAL,OPTIMAL,OPTIMAL
NEU1,OPTIMAL,OPTIMAL,OPTIMAL,OPTIMAL
EHMT2,INFEASIBLE,OPTIMAL,OPTIMAL,OPTIMAL
C2,OPTIMAL,INFEASIBLE,OPTIMAL,OPTIMAL
NELFE,OPTIMAL,OPTIMAL,OPTIMAL,OPTIMAL
SKIC2,OPTIMAL,INFEASIBLE,OPTIMAL,OPTIMAL
DXO,OPTIMAL,OPTIMAL,OPTIMAL,OPTIMAL
STK19,OPTIMAL,OPTIMAL,OPTIMAL,OPTIMAL
ATF6B,OPTIMAL,OPTIMAL,OPTIMAL,OPTIMAL
FKBPL,OPTIMAL,OPTIMAL,OPTIMAL,OPTIMAL
PPT2,OPTIMAL,OPTIMAL,OPTIMAL,OPTIMAL
AGPAT1,OPTIMAL,OPTIMAL,OPTIMAL,OPTIMAL
RNF5,OPTIMAL,OPTIMAL,OPTIMAL,OPTIMAL
PBX2,OPTIMAL,OPTIMAL,OPTIMAL,OPTIMAL
HLA-DRB1,OPTIMAL,OPTIMAL,OPTIMAL,OPTIMAL
TAP2,OPTIMAL,OPTIMAL,OPTIMAL,OPTIMAL
BRD2,OPTIMAL,OPTIMAL,OPTIMAL,OPTIMAL
RXRB,OPTIMAL,OPTIMAL,OPTIMAL,OPTIMAL
SLC39A7,OPTIMAL,OPTIMAL,OPTIMAL,OPTIMAL
HSD17B8,OPTIMAL,OPTIMAL,OPTIMAL,OPTIMAL
RING1,OPTIMAL,OPTIMAL,OPTIMAL,OPTIMAL
VPS52,OPTIMAL,OPTIMAL,OPTIMAL,OPTIMAL
RPS18,OPTIMAL,OPTIMAL,OPTIMAL,OPTIMAL
WDR46,OPTIMAL,OPTIMAL,OPTIMAL,OPTIMAL
PFDN6,INFEASIBLE,OPTIMAL,OPTIMAL,OPTIMAL
TAPBP,OPTIMAL,OPTIMAL,OPTIMAL,OPTIMAL
DAXX,OPTIMAL,OPTIMAL,OPTIMAL,OPTIMAL
KIFC1,OPTIMAL,OPTIMAL,OPTIMAL,OPTIMAL
CUTA,OPTIMAL,INFEASIBLE,OPTIMAL,OPTIMAL
BAK1,OPTIMAL,OPTIMAL,OPTIMAL,OPTIMAL
ITPR3,OPTIMAL,OPTIMAL,OPTIMAL,OPTIMAL
UQCC2,OPTIMAL,OPTIMAL,OPTIMAL,OPTIMAL
LEMD2,OPTIMAL,OPTIMAL,OPTIMAL,OPTIMAL
HMGA1,OPTIMAL,OPTIMAL,OPTIMAL,OPTIMAL
SMIM29,OPTIMAL,OPTIMAL,OPTIMAL,OPTIMAL
NUDT3,INFEASIBLE,OPTIMAL,OPTIMAL,OPTIMAL
RPS10,OPTIMAL,OPTIMAL,OPTIMAL,OPTIMAL
ILRUN,OPTIMAL,OPTIMAL,OPTIMAL,OPTIMAL
SNRPC,OPTIMAL,OPTIMAL,OPTIMAL,OPTIMAL
BLTP3A,OPTIMAL,OPTIMAL,OPTIMAL,OPTIMAL
TAF11,OPTIMAL,OPTIMAL,OPTIMAL,OPTIMAL
ANKS1A,OPTIMAL,OPTIMAL,OPTIMAL,INFEASIBLE
ZNF76,OPTIMAL,OPTIMAL,OPTIMAL,OPTIMAL
PPARD,OPTIMAL,OPTIMAL,OPTIMAL,OPTIMAL
FANCE,OPTIMAL,OPTIMAL,OPTIMAL,OPTIMAL
RPL10A,OPTIMAL,OPTIMAL,OPTIMAL,OPTIMAL
TEAD3,OPTIMAL,OPTIMAL,OPTIMAL,OPTIMAL
FKBP5,INFEASIBLE,OPTIMAL,OPTIMAL,OPTIMAL
LHFPL5,OPTIMAL,OPTIMAL,OPTIMAL,OPTIMAL
SRPK1,INFEASIBLE,OPTIMAL,OPTIMAL,OPTIMAL
MAPK14,OPTIMAL,OPTIMAL,OPTIMAL,OPTIMAL
BRPF3,INFEASIBLE,OPTIMAL,OPTIMAL,OPTIMAL
KCTD20,OPTIMAL,OPTIMAL,OPTIMAL,OPTIMAL
STK38,OPTIMAL,OPTIMAL,OPTIMAL,OPTIMAL
SRSF3,INFEASIBLE,OPTIMAL,OPTIMAL,INFEASIBLE
CDKN1A,OPTIMAL,OPTIMAL,OPTIMAL,OPTIMAL
PPIL1,OPTIMAL,OPTIMAL,OPTIMAL,OPTIMAL
C6orf89,OPTIMAL,OPTIMAL,OPTIMAL,OPTIMAL
MTCH1,OPTIMAL,OPTIMAL,OPTIMAL,OPTIMAL
TBC1D22B,OPTIMAL,OPTIMAL,OPTIMAL,OPTIMAL
RNF8,INFEASIBLE,OPTIMAL,OPTIMAL,OPTIMAL
CMTR1,INFEASIBLE,OPTIMAL,OPTIMAL,OPTIMAL
CCDC167,OPTIMAL,OPTIMAL,OPTIMAL,OPTIMAL
ZFAND3,OPTIMAL,OPTIMAL,OPTIMAL,OPTIMAL
BTBD9,OPTIMAL,OPTIMAL,OPTIMAL,OPTIMAL
GLO1,OPTIMAL,OPTIMAL,OPTIMAL,OPTIMAL
SAYSD1,OPTIMAL,OPTIMAL,OPTIMAL,OPTIMAL
DAAM2,OPTIMAL,OPTIMAL,OPTIMAL,OPTIMAL
OARD1,OPTIMAL,OPTIMAL,OPTIMAL,OPTIMAL
NFYA,OPTIMAL,OPTIMAL,OPTIMAL,OPTIMAL
FOXP4,OPTIMAL,OPTIMAL,OPTIMAL,OPTIMAL
TOMM6,OPTIMAL,OPTIMAL,OPTIMAL,OPTIMAL
USP49,OPTIMAL,OPTIMAL,OPTIMAL,OPTIMAL
MED20,OPTIMAL,INFEASIBLE,OPTIMAL,OPTIMAL
BYSL,OPTIMAL,OPTIMAL,OPTIMAL,OPTIMAL
CCND3,OPTIMAL,OPTIMAL,OPTIMAL,OPTIMAL
TAF8,OPTIMAL,OPTIMAL,OPTIMAL,OPTIMAL
MRPS10,OPTIMAL,OPTIMAL,OPTIMAL,OPTIMAL
TRERF1,OPTIMAL,INFEASIBLE,OPTIMAL,OPTIMAL
UBR2,OPTIMAL,OPTIMAL,OPTIMAL,OPTIMAL
TBCC,OPTIMAL,OPTIMAL,OPTIMAL,OPTIMAL
BICRAL,OPTIMAL,OPTIMAL,OPTIMAL,OPTIMAL
RPL7L1,INFEASIBLE,OPTIMAL,OPTIMAL,OPTIMAL
CNPY3,OPTIMAL,OPTIMAL,OPTIMAL,OPTIMAL
PEX6,OPTIMAL,INFEASIBLE,OPTIMAL,OPTIMAL
PPP2R5D,OPTIMAL,OPTIMAL,OPTIMAL,OPTIMAL
MEA1,OPTIMAL,OPTIMAL,OPTIMAL,OPTIMAL
KLHDC3,OPTIMAL,OPTIMAL,OPTIMAL,OPTIMAL
RRP36,OPTIMAL,OPTIMAL,OPTIMAL,OPTIMAL
KLC4,OPTIMAL,OPTIMAL,OPTIMAL,OPTIMAL
MRPL2,OPTIMAL,OPTIMAL,OPTIMAL,OPTIMAL
PTK7,OPTIMAL,OPTIMAL,OPTIMAL,OPTIMAL
SRF,OPTIMAL,OPTIMAL,OPTIMAL,OPTIMAL
DNPH1,OPTIMAL,OPTIMAL,OPTIMAL,OPTIMAL
ZNF318,OPTIMAL,OPTIMAL,OPTIMAL,OPTIMAL
ABCC10,OPTIMAL,OPTIMAL,OPTIMAL,OPTIMAL
TJAP1,OPTIMAL,OPTIMAL,OPTIMAL,OPTIMAL
POLR1C,OPTIMAL,OPTIMAL,OPTIMAL,OPTIMAL
YIPF3,OPTIMAL,OPTIMAL,OPTIMAL,OPTIMAL
XPO5,OPTIMAL,OPTIMAL,OPTIMAL,OPTIMAL
POLH,OPTIMAL,OPTIMAL,OPTIMAL,OPTIMAL
GTPBP2,OPTIMAL,OPTIMAL,OPTIMAL,OPTIMAL
MAD2L1BP,OPTIMAL,OPTIMAL,OPTIMAL,OPTIMAL
MRPS18A,OPTIMAL,OPTIMAL,OPTIMAL,OPTIMAL
VEGFA,OPTIMAL,OPTIMAL,OPTIMAL,OPTIMAL
MRPL14,OPTIMAL,OPTIMAL,OPTIMAL,OPTIMAL
TMEM63B,OPTIMAL,OPTIMAL,OPTIMAL,OPTIMAL
SLC29A1,OPTIMAL,OPTIMAL,OPTIMAL,OPTIMAL
HSP90AB1,INFEASIBLE,OPTIMAL,OPTIMAL,OPTIMAL
SLC35B2,OPTIMAL,OPTIMAL,OPTIMAL,OPTIMAL
AARS2,OPTIMAL,OPTIMAL,OPTIMAL,OPTIMAL
CDC5L,OPTIMAL,OPTIMAL,OPTIMAL,OPTIMAL
SUPT3H,OPTIMAL,INFEASIBLE,OPTIMAL,OPTIMAL
RUNX2,OPTIMAL,OPTIMAL,OPTIMAL,OPTIMAL
CYP39A1,OPTIMAL,OPTIMAL,OPTIMAL,OPTIMAL
SLC25A27,OPTIMAL,OPTIMAL,OPTIMAL,OPTIMAL
TNFRSF21,OPTIMAL,OPTIMAL,OPTIMAL,OPTIMAL
CD2AP,INFEASIBLE,OPTIMAL,OPTIMAL,INFEASIBLE
MMUT,OPTIMAL,OPTIMAL,OPTIMAL,OPTIMAL
CENPQ,OPTIMAL,OPTIMAL,OPTIMAL,OPTIMAL
MCM3,OPTIMAL,OPTIMAL,OPTIMAL,OPTIMAL
PAQR8,OPTIMAL,OPTIMAL,OPTIMAL,INFEASIBLE
EFHC1,OPTIMAL,OPTIMAL,OPTIMAL,OPTIMAL
TRAM2,OPTIMAL,OPTIMAL,OPTIMAL,OPTIMAL
TMEM14A,OPTIMAL,OPTIMAL,OPTIMAL,OPTIMAL
GSTA4,OPTIMAL,OPTIMAL,OPTIMAL,OPTIMAL
CILK1,OPTIMAL,OPTIMAL,OPTIMAL,OPTIMAL
FBXO9,OPTIMAL,OPTIMAL,OPTIMAL,OPTIMAL
ELOVL5,OPTIMAL,OPTIMAL,OPTIMAL,OPTIMAL
GCLC,OPTIMAL,OPTIMAL,OPTIMAL,OPTIMAL
LRRC1,OPTIMAL,OPTIMAL,OPTIMAL,OPTIMAL
DST,INFEASIBLE,OPTIMAL,OPTIMAL,INFEASIBLE
KIAA1586,OPTIMAL,OPTIMAL,OPTIMAL,OPTIMAL
ZNF451,OPTIMAL,OPTIMAL,OPTIMAL,OPTIMAL
BAG2,OPTIMAL,OPTIMAL,OPTIMAL,OPTIMAL
RAB23,OPTIMAL,OPTIMAL,OPTIMAL,OPTIMAL
PRIM2,OPTIMAL,OPTIMAL,OPTIMAL,OPTIMAL
PHF3,INFEASIBLE,OPTIMAL,OPTIMAL,INFEASIBLE
EYS,INFEASIBLE,INFEASIBLE,OPTIMAL,OPTIMAL
ADGRB3,OPTIMAL,INFEASIBLE,OPTIMAL,OPTIMAL
LMBRD1,OPTIMAL,OPTIMAL,OPTIMAL,OPTIMAL
COL19A1,OPTIMAL,OPTIMAL,OPTIMAL,OPTIMAL
FAM135A,OPTIMAL,INFEASIBLE,OPTIMAL,OPTIMAL
SDHAF4,OPTIMAL,OPTIMAL,OPTIMAL,OPTIMAL
SMAP1,OPTIMAL,OPTIMAL,OPTIMAL,OPTIMAL
B3GAT2,OPTIMAL,INFEASIBLE,OPTIMAL,OPTIMAL
OGFRL1,OPTIMAL,OPTIMAL,OPTIMAL,OPTIMAL
KCNQ5,OPTIMAL,OPTIMAL,OPTIMAL,OPTIMAL
KHDC1,OPTIMAL,OPTIMAL,OPTIMAL,OPTIMAL
OOEP,OPTIMAL,OPTIMAL,OPTIMAL,OPTIMAL
MTO1,OPTIMAL,OPTIMAL,OPTIMAL,OPTIMAL
EEF1A1,INFEASIBLE,OPTIMAL,OPTIMAL,OPTIMAL
SLC17A5,OPTIMAL,OPTIMAL,OPTIMAL,OPTIMAL
COX7A2,OPTIMAL,OPTIMAL,OPTIMAL,OPTIMAL
TMEM30A,OPTIMAL,OPTIMAL,OPTIMAL,OPTIMAL
SENP6,INFEASIBLE,OPTIMAL,OPTIMAL,INFEASIBLE
MYO6,OPTIMAL,OPTIMAL,OPTIMAL,OPTIMAL
IRAK1BP1,OPTIMAL,OPTIMAL,OPTIMAL,OPTIMAL
PHIP,INFEASIBLE,OPTIMAL,OPTIMAL,OPTIMAL
HMGN3,OPTIMAL,OPTIMAL,OPTIMAL,OPTIMAL
LCA5,OPTIMAL,OPTIMAL,OPTIMAL,OPTIMAL
SH3BGRL2,OPTIMAL,OPTIMAL,OPTIMAL,OPTIMAL
ELOVL4,OPTIMAL,OPTIMAL,OPTIMAL,OPTIMAL
TTK,INFEASIBLE,OPTIMAL,OPTIMAL,OPTIMAL
BCKDHB,OPTIMAL,OPTIMAL,OPTIMAL,OPTIMAL
TENT5A,OPTIMAL,OPTIMAL,OPTIMAL,OPTIMAL
IBTK,OPTIMAL,OPTIMAL,OPTIMAL,OPTIMAL
TPBG,OPTIMAL,OPTIMAL,OPTIMAL,OPTIMAL
UBE3D,OPTIMAL,OPTIMAL,OPTIMAL,OPTIMAL
DOP1A,OPTIMAL,OPTIMAL,OPTIMAL,OPTIMAL
PGM3,OPTIMAL,OPTIMAL,OPTIMAL,OPTIMAL
ME1,INFEASIBLE,OPTIMAL,OPTIMAL,OPTIMAL
CYB5R4,OPTIMAL,OPTIMAL,OPTIMAL,OPTIMAL
CEP162,OPTIMAL,OPTIMAL,OPTIMAL,OPTIMAL
TBX18,OPTIMAL,OPTIMAL,OPTIMAL,OPTIMAL
SNX14,OPTIMAL,OPTIMAL,OPTIMAL,OPTIMAL
SYNCRIP,INFEASIBLE,OPTIMAL,OPTIMAL,INFEASIBLE
ZNF292,OPTIMAL,OPTIMAL,OPTIMAL,OPTIMAL
SMIM8,OPTIMAL,OPTIMAL,OPTIMAL,OPTIMAL
SLC35A1,OPTIMAL,OPTIMAL,OPTIMAL,OPTIMAL
RARS2,OPTIMAL,OPTIMAL,OPTIMAL,OPTIMAL
ORC3,INFEASIBLE,OPTIMAL,OPTIMAL,OPTIMAL
AKIRIN2,OPTIMAL,INFEASIBLE,OPTIMAL,OPTIMAL
RNGTT,INFEASIBLE,OPTIMAL,INFEASIBLE,OPTIMAL
PNRC1,OPTIMAL,OPTIMAL,OPTIMAL,OPTIMAL
SRSF12,OPTIMAL,OPTIMAL,OPTIMAL,OPTIMAL
PM20D2,INFEASIBLE,OPTIMAL,OPTIMAL,OPTIMAL
UBE2J1,OPTIMAL,OPTIMAL,OPTIMAL,OPTIMAL
RRAGD,OPTIMAL,OPTIMAL,OPTIMAL,OPTIMAL
ANKRD6,OPTIMAL,OPTIMAL,OPTIMAL,OPTIMAL
LYRM2,OPTIMAL,OPTIMAL,OPTIMAL,OPTIMAL
MDN1,OPTIMAL,OPTIMAL,OPTIMAL,OPTIMAL
CASP8AP2,OPTIMAL,OPTIMAL,OPTIMAL,OPTIMAL
BACH2,OPTIMAL,OPTIMAL,OPTIMAL,OPTIMAL
MAP3K7,INFEASIBLE,OPTIMAL,OPTIMAL,OPTIMAL
EPHA7,OPTIMAL,OPTIMAL,OPTIMAL,OPTIMAL
MANEA,INFEASIBLE,OPTIMAL,OPTIMAL,OPTIMAL
UFL1,OPTIMAL,OPTIMAL,OPTIMAL,OPTIMAL
GPR63,OPTIMAL,OPTIMAL,OPTIMAL,OPTIMAL
NDUFAF4,OPTIMAL,OPTIMAL,OPTIMAL,OPTIMAL
MMS22L,OPTIMAL,OPTIMAL,OPTIMAL,OPTIMAL
POU3F2,OPTIMAL,OPTIMAL,OPTIMAL,OPTIMAL
FBXL4,OPTIMAL,OPTIMAL,OPTIMAL,OPTIMAL
FAXC,OPTIMAL,OPTIMAL,OPTIMAL,OPTIMAL
COQ3,OPTIMAL,OPTIMAL,OPTIMAL,OPTIMAL
PNISR,INFEASIBLE,OPTIMAL,OPTIMAL,OPTIMAL
USP45,OPTIMAL,OPTIMAL,OPTIMAL,OPTIMAL
TSTD3,OPTIMAL,OPTIMAL,OPTIMAL,OPTIMAL
CCNC,INFEASIBLE,OPTIMAL,OPTIMAL,OPTIMAL
ASCC3,INFEASIBLE,OPTIMAL,OPTIMAL,INFEASIBLE
HACE1,OPTIMAL,OPTIMAL,OPTIMAL,OPTIMAL
LIN28B,INFEASIBLE,OPTIMAL,OPTIMAL,OPTIMAL
POPDC3,OPTIMAL,OPTIMAL,OPTIMAL,OPTIMAL
PREP,OPTIMAL,OPTIMAL,OPTIMAL,OPTIMAL
ATG5,OPTIMAL,OPTIMAL,OPTIMAL,OPTIMAL
RTN4IP1,OPTIMAL,OPTIMAL,OPTIMAL,OPTIMAL
QRSL1,OPTIMAL,INFEASIBLE,OPTIMAL,OPTIMAL
MTRES1,OPTIMAL,OPTIMAL,OPTIMAL,OPTIMAL
BEND3,OPTIMAL,OPTIMAL,OPTIMAL,OPTIMAL
PDSS2,OPTIMAL,OPTIMAL,OPTIMAL,OPTIMAL
SOBP,OPTIMAL,OPTIMAL,OPTIMAL,OPTIMAL
SEC63,INFEASIBLE,OPTIMAL,OPTIMAL,INFEASIBLE
OSTM1,OPTIMAL,OPTIMAL,OPTIMAL,OPTIMAL
SNX3,OPTIMAL,OPTIMAL,OPTIMAL,OPTIMAL
AFG1L,OPTIMAL,OPTIMAL,OPTIMAL,OPTIMAL
FOXO3,OPTIMAL,OPTIMAL,OPTIMAL,OPTIMAL
ARMC2,OPTIMAL,OPTIMAL,OPTIMAL,OPTIMAL
SESN1,OPTIMAL,OPTIMAL,OPTIMAL,OPTIMAL
CEP57L1,OPTIMAL,OPTIMAL,OPTIMAL,OPTIMAL
CD164,OPTIMAL,OPTIMAL,OPTIMAL,OPTIMAL
PPIL6,OPTIMAL,OPTIMAL,OPTIMAL,OPTIMAL
ZBTB24,INFEASIBLE,OPTIMAL,OPTIMAL,OPTIMAL
FIG4,OPTIMAL,OPTIMAL,OPTIMAL,OPTIMAL
WASF1,INFEASIBLE,OPTIMAL,OPTIMAL,OPTIMAL
CDC40,OPTIMAL,OPTIMAL,OPTIMAL,OPTIMAL
SLC22A16,INFEASIBLE,INFEASIBLE,OPTIMAL,OPTIMAL
CDK19,OPTIMAL,OPTIMAL,OPTIMAL,OPTIMAL
AMD1,INFEASIBLE,OPTIMAL,OPTIMAL,OPTIMAL
GTF3C6,OPTIMAL,OPTIMAL,OPTIMAL,OPTIMAL
RPF2,OPTIMAL,OPTIMAL,OPTIMAL,OPTIMAL
SLC16A10,OPTIMAL,OPTIMAL,OPTIMAL,OPTIMAL
MFSD4B,OPTIMAL,OPTIMAL,OPTIMAL,OPTIMAL
REV3L,OPTIMAL,INFEASIBLE,OPTIMAL,OPTIMAL
TRAF3IP2,OPTIMAL,OPTIMAL,OPTIMAL,OPTIMAL
FYN,OPTIMAL,OPTIMAL,OPTIMAL,OPTIMAL
TUBE1,OPTIMAL,OPTIMAL,OPTIMAL,OPTIMAL
FAM229B,OPTIMAL,OPTIMAL,OPTIMAL,OPTIMAL
LAMA4,OPTIMAL,OPTIMAL,OPTIMAL,OPTIMAL
MARCKS,OPTIMAL,OPTIMAL,OPTIMAL,OPTIMAL
HDAC2,INFEASIBLE,OPTIMAL,OPTIMAL,OPTIMAL
NT5DC1,OPTIMAL,OPTIMAL,OPTIMAL,OPTIMAL
TSPYL4,OPTIMAL,OPTIMAL,OPTIMAL,OPTIMAL
DSE,OPTIMAL,OPTIMAL,OPTIMAL,OPTIMAL
TSPYL1,OPTIMAL,OPTIMAL,OPTIMAL,OPTIMAL
RWDD1,OPTIMAL,OPTIMAL,OPTIMAL,OPTIMAL
ZUP1,OPTIMAL,OPTIMAL,OPTIMAL,OPTIMAL
KPNA5,OPTIMAL,OPTIMAL,OPTIMAL,OPTIMAL
DCBLD1,OPTIMAL,OPTIMAL,OPTIMAL,OPTIMAL
GOPC,OPTIMAL,OPTIMAL,OPTIMAL,OPTIMAL
NUS1,INFEASIBLE,OPTIMAL,OPTIMAL,OPTIMAL
SLC35F1,OPTIMAL,OPTIMAL,OPTIMAL,OPTIMAL
CEP85L,OPTIMAL,OPTIMAL,OPTIMAL,OPTIMAL
MCM9,OPTIMAL,OPTIMAL,OPTIMAL,OPTIMAL
ASF1A,OPTIMAL,OPTIMAL,OPTIMAL,OPTIMAL
FAM184A,OPTIMAL,OPTIMAL,OPTIMAL,OPTIMAL
MAN1A1,OPTIMAL,OPTIMAL,OPTIMAL,OPTIMAL
TBC1D32,OPTIMAL,OPTIMAL,OPTIMAL,OPTIMAL
GJA1,OPTIMAL,OPTIMAL,OPTIMAL,OPTIMAL
HSF2,OPTIMAL,OPTIMAL,OPTIMAL,OPTIMAL
SERINC1,INFEASIBLE,OPTIMAL,OPTIMAL,OPTIMAL
PKIB,OPTIMAL,OPTIMAL,OPTIMAL,OPTIMAL
NKAIN2,OPTIMAL,INFEASIBLE,INFEASIBLE,OPTIMAL
RNF217,OPTIMAL,OPTIMAL,OPTIMAL,OPTIMAL
TPD52L1,OPTIMAL,OPTIMAL,OPTIMAL,OPTIMAL
HDDC2,OPTIMAL,OPTIMAL,OPTIMAL,OPTIMAL
HEY2,OPTIMAL,OPTIMAL,OPTIMAL,OPTIMAL
NCOA7,OPTIMAL,OPTIMAL,OPTIMAL,OPTIMAL
HINT3,INFEASIBLE,OPTIMAL,OPTIMAL,OPTIMAL
TRMT11,OPTIMAL,OPTIMAL,OPTIMAL,OPTIMAL
CENPW,OPTIMAL,OPTIMAL,OPTIMAL,OPTIMAL
RNF146,OPTIMAL,OPTIMAL,OPTIMAL,OPTIMAL
ECHDC1,INFEASIBLE,OPTIMAL,OPTIMAL,OPTIMAL
PTPRK,OPTIMAL,OPTIMAL,OPTIMAL,OPTIMAL
LAMA2,OPTIMAL,INFEASIBLE,OPTIMAL,OPTIMAL
ARHGAP18,OPTIMAL,INFEASIBLE,OPTIMAL,OPTIMAL
L3MBTL3,OPTIMAL,OPTIMAL,OPTIMAL,OPTIMAL
EPB41L2,INFEASIBLE,OPTIMAL,OPTIMAL,OPTIMAL
AKAP7,OPTIMAL,OPTIMAL,OPTIMAL,OPTIMAL
MED23,OPTIMAL,OPTIMAL,OPTIMAL,OPTIMAL
ENPP1,OPTIMAL,OPTIMAL,OPTIMAL,OPTIMAL
MOXD1,OPTIMAL,OPTIMAL,OPTIMAL,OPTIMAL
STX7,OPTIMAL,OPTIMAL,OPTIMAL,OPTIMAL
SLC18B1,OPTIMAL,OPTIMAL,OPTIMAL,OPTIMAL
RPS12,OPTIMAL,OPTIMAL,OPTIMAL,OPTIMAL
EYA4,OPTIMAL,OPTIMAL,OPTIMAL,OPTIMAL
TBPL1,OPTIMAL,OPTIMAL,OPTIMAL,OPTIMAL
HBS1L,OPTIMAL,OPTIMAL,OPTIMAL,OPTIMAL
AHI1,OPTIMAL,OPTIMAL,OPTIMAL,OPTIMAL
MTFR2,OPTIMAL,OPTIMAL,OPTIMAL,OPTIMAL
BCLAF1,INFEASIBLE,OPTIMAL,INFEASIBLE,INFEASIBLE
MAP7,OPTIMAL,OPTIMAL,OPTIMAL,OPTIMAL
MAP3K5,OPTIMAL,OPTIMAL,OPTIMAL,OPTIMAL
PEX7,OPTIMAL,OPTIMAL,OPTIMAL,OPTIMAL
IFNGR1,OPTIMAL,OPTIMAL,OPTIMAL,OPTIMAL
PERP,INFEASIBLE,OPTIMAL,OPTIMAL,OPTIMAL
ARFGEF3,OPTIMAL,OPTIMAL,OPTIMAL,OPTIMAL
HEBP2,OPTIMAL,OPTIMAL,OPTIMAL,OPTIMAL
NHSL1,OPTIMAL,OPTIMAL,OPTIMAL,OPTIMAL
CCDC28A,OPTIMAL,OPTIMAL,OPTIMAL,OPTIMAL
REPS1,OPTIMAL,OPTIMAL,OPTIMAL,OPTIMAL
ABRACL,OPTIMAL,OPTIMAL,OPTIMAL,OPTIMAL
HECA,OPTIMAL,OPTIMAL,OPTIMAL,OPTIMAL
CITED2,OPTIMAL,OPTIMAL,OPTIMAL,OPTIMAL
VTA1,INFEASIBLE,OPTIMAL,INFEASIBLE,INFEASIBLE
HIVEP2,OPTIMAL,INFEASIBLE,OPTIMAL,OPTIMAL
AIG1,OPTIMAL,OPTIMAL,OPTIMAL,OPTIMAL
ADAT2,OPTIMAL,OPTIMAL,OPTIMAL,OPTIMAL
PEX3,OPTIMAL,OPTIMAL,OPTIMAL,OPTIMAL
FUCA2,INFEASIBLE,OPTIMAL,OPTIMAL,OPTIMAL
PHACTR2,OPTIMAL,OPTIMAL,OPTIMAL,OPTIMAL
LTV1,INFEASIBLE,OPTIMAL,OPTIMAL,OPTIMAL
PLAGL1,OPTIMAL,OPTIMAL,OPTIMAL,OPTIMAL
SF3B5,OPTIMAL,OPTIMAL,OPTIMAL,OPTIMAL
UTRN,OPTIMAL,OPTIMAL,OPTIMAL,OPTIMAL
EPM2A,OPTIMAL,OPTIMAL,OPTIMAL,OPTIMAL
FBXO30,INFEASIBLE,OPTIMAL,OPTIMAL,OPTIMAL
SHPRH,INFEASIBLE,OPTIMAL,OPTIMAL,INFEASIBLE
RAB32,OPTIMAL,OPTIMAL,OPTIMAL,OPTIMAL
STXBP5,OPTIMAL,OPTIMAL,OPTIMAL,OPTIMAL
SAMD5,OPTIMAL,OPTIMAL,OPTIMAL,OPTIMAL
SASH1,OPTIMAL,OPTIMAL,OPTIMAL,OPTIMAL
UST,OPTIMAL,INFEASIBLE,OPTIMAL,OPTIMAL
TAB2,INFEASIBLE,OPTIMAL,OPTIMAL,OPTIMAL
PPIL4,INFEASIBLE,OPTIMAL,OPTIMAL,OPTIMAL
GINM1,OPTIMAL,OPTIMAL,OPTIMAL,OPTIMAL
KATNA1,OPTIMAL,OPTIMAL,OPTIMAL,OPTIMAL
LATS1,INFEASIBLE,OPTIMAL,OPTIMAL,OPTIMAL
NUP43,OPTIMAL,OPTIMAL,OPTIMAL,OPTIMAL
PCMT1,OPTIMAL,OPTIMAL,OPTIMAL,OPTIMAL
LRP11,OPTIMAL,OPTIMAL,OPTIMAL,OPTIMAL
ULBP3,OPTIMAL,OPTIMAL,OPTIMAL,OPTIMAL
PPP1R14C,OPTIMAL,OPTIMAL,OPTIMAL,OPTIMAL
PLEKHG1,OPTIMAL,OPTIMAL,OPTIMAL,OPTIMAL
MTHFD1L,OPTIMAL,OPTIMAL,OPTIMAL,OPTIMAL
AKAP12,INFEASIBLE,OPTIMAL,OPTIMAL,OPTIMAL
ZBTB2,OPTIMAL,OPTIMAL,OPTIMAL,OPTIMAL
RMND1,OPTIMAL,OPTIMAL,OPTIMAL,OPTIMAL
ARMT1,OPTIMAL,OPTIMAL,OPTIMAL,OPTIMAL
SYNE1,OPTIMAL,OPTIMAL,OPTIMAL,OPTIMAL
FBXO5,OPTIMAL,OPTIMAL,OPTIMAL,OPTIMAL
MTRF1L,OPTIMAL,OPTIMAL,OPTIMAL,OPTIMAL
RGS17,OPTIMAL,OPTIMAL,OPTIMAL,OPTIMAL
CNKSR3,OPTIMAL,INFEASIBLE,OPTIMAL,OPTIMAL
SCAF8,OPTIMAL,INFEASIBLE,OPTIMAL,OPTIMAL
TIAM2,OPTIMAL,INFEASIBLE,OPTIMAL,OPTIMAL
TFB1M,OPTIMAL,OPTIMAL,OPTIMAL,OPTIMAL
ARID1B,OPTIMAL,OPTIMAL,OPTIMAL,OPTIMAL
TMEM242,OPTIMAL,OPTIMAL,OPTIMAL,OPTIMAL
ZDHHC14,OPTIMAL,OPTIMAL,OPTIMAL,OPTIMAL
SNX9,OPTIMAL,OPTIMAL,OPTIMAL,OPTIMAL
SYNJ2,OPTIMAL,OPTIMAL,OPTIMAL,OPTIMAL
SERAC1,OPTIMAL,OPTIMAL,OPTIMAL,OPTIMAL
GTF2H5,OPTIMAL,OPTIMAL,OPTIMAL,OPTIMAL
TULP4,OPTIMAL,OPTIMAL,OPTIMAL,OPTIMAL
TMEM181,INFEASIBLE,OPTIMAL,OPTIMAL,INFEASIBLE
DYNLT1,OPTIMAL,OPTIMAL,OPTIMAL,OPTIMAL
SYTL3,OPTIMAL,OPTIMAL,OPTIMAL,INFEASIBLE
EZR,INFEASIBLE,OPTIMAL,OPTIMAL,OPTIMAL
RSPH3,OPTIMAL,OPTIMAL,OPTIMAL,OPTIMAL
SOD2,OPTIMAL,OPTIMAL,OPTIMAL,OPTIMAL
WTAP,INFEASIBLE,OPTIMAL,OPTIMAL,OPTIMAL
ACAT2,OPTIMAL,OPTIMAL,OPTIMAL,OPTIMAL
TCP1,OPTIMAL,OPTIMAL,OPTIMAL,OPTIMAL
MRPL18,OPTIMAL,OPTIMAL,OPTIMAL,OPTIMAL
IGF2R,OPTIMAL,OPTIMAL,OPTIMAL,OPTIMAL
MAP3K4,OPTIMAL,OPTIMAL,OPTIMAL,OPTIMAL
AGPAT4,OPTIMAL,INFEASIBLE,OPTIMAL,OPTIMAL
PRKN,OPTIMAL,OPTIMAL,OPTIMAL,OPTIMAL
QKI,OPTIMAL,OPTIMAL,OPTIMAL,OPTIMAL
PDE10A,OPTIMAL,OPTIMAL,OPTIMAL,OPTIMAL
SFT2D1,OPTIMAL,OPTIMAL,OPTIMAL,OPTIMAL
MPC1,OPTIMAL,OPTIMAL,OPTIMAL,OPTIMAL
RPS6KA2,OPTIMAL,OPTIMAL,OPTIMAL,OPTIMAL
RNASET2,OPTIMAL,OPTIMAL,OPTIMAL,OPTIMAL
CEP43,OPTIMAL,OPTIMAL,OPTIMAL,OPTIMAL
AFDN,INFEASIBLE,OPTIMAL,OPTIMAL,INFEASIBLE
WDR27,OPTIMAL,OPTIMAL,OPTIMAL,OPTIMAL
C6orf120,OPTIMAL,OPTIMAL,OPTIMAL,OPTIMAL
PHF10,OPTIMAL,OPTIMAL,OPTIMAL,OPTIMAL
ERMARD,OPTIMAL,OPTIMAL,OPTIMAL,OPTIMAL
FAM120B,INFEASIBLE,OPTIMAL,OPTIMAL,OPTIMAL
PSMB1,OPTIMAL,OPTIMAL,OPTIMAL,OPTIMAL
TBP,OPTIMAL,OPTIMAL,OPTIMAL,OPTIMAL
PDCD2,OPTIMAL,OPTIMAL,OPTIMAL,OPTIMAL
PRKAR1B,OPTIMAL,OPTIMAL,OPTIMAL,OPTIMAL
DNAAF5,OPTIMAL,OPTIMAL,OPTIMAL,OPTIMAL
SUN1,OPTIMAL,OPTIMAL,OPTIMAL,OPTIMAL
COX19,OPTIMAL,OPTIMAL,OPTIMAL,OPTIMAL
C7orf50,OPTIMAL,OPTIMAL,OPTIMAL,OPTIMAL
ZFAND2A,OPTIMAL,OPTIMAL,OPTIMAL,OPTIMAL
INTS1,OPTIMAL,OPTIMAL,OPTIMAL,OPTIMAL
PSMG3,OPTIMAL,OPTIMAL,OPTIMAL,OPTIMAL
MAD1L1,OPTIMAL,INFEASIBLE,OPTIMAL,OPTIMAL
MRM2,OPTIMAL,OPTIMAL,OPTIMAL,OPTIMAL
NUDT1,OPTIMAL,OPTIMAL,OPTIMAL,OPTIMAL
SNX8,OPTIMAL,OPTIMAL,OPTIMAL,OPTIMAL
EIF3B,INFEASIBLE,OPTIMAL,OPTIMAL,INFEASIBLE
CHST12,OPTIMAL,OPTIMAL,OPTIMAL,OPTIMAL
BRAT1,OPTIMAL,OPTIMAL,OPTIMAL,OPTIMAL
IQCE,OPTIMAL,OPTIMAL,OPTIMAL,OPTIMAL
TTYH3,OPTIMAL,OPTIMAL,OPTIMAL,OPTIMAL
GNA12,OPTIMAL,OPTIMAL,OPTIMAL,OPTIMAL
SDK1,OPTIMAL,OPTIMAL,OPTIMAL,OPTIMAL
FOXK1,OPTIMAL,OPTIMAL,OPTIMAL,OPTIMAL
AP5Z1,OPTIMAL,OPTIMAL,OPTIMAL,OPTIMAL
RADIL,OPTIMAL,OPTIMAL,OPTIMAL,OPTIMAL
RBAK,INFEASIBLE,OPTIMAL,OPTIMAL,INFEASIBLE
WIPI2,OPTIMAL,OPTIMAL,OPTIMAL,OPTIMAL
SLC29A4,OPTIMAL,OPTIMAL,OPTIMAL,OPTIMAL
TNRC18,OPTIMAL,OPTIMAL,OPTIMAL,OPTIMAL
FBXL18,OPTIMAL,OPTIMAL,OPTIMAL,OPTIMAL
ACTB,OPTIMAL,OPTIMAL,OPTIMAL,OPTIMAL
FSCN1,OPTIMAL,OPTIMAL,OPTIMAL,OPTIMAL
RNF216,OPTIMAL,INFEASIBLE,OPTIMAL,OPTIMAL
CCZ1,OPTIMAL,OPTIMAL,OPTIMAL,OPTIMAL
PMS2,OPTIMAL,OPTIMAL,OPTIMAL,OPTIMAL
AIMP2,OPTIMAL,OPTIMAL,OPTIMAL,OPTIMAL
EIF2AK1,OPTIMAL,OPTIMAL,OPTIMAL,OPTIMAL
USP42,OPTIMAL,OPTIMAL,OPTIMAL,OPTIMAL
CYTH3,OPTIMAL,OPTIMAL,OPTIMAL,OPTIMAL
RAC1,INFEASIBLE,OPTIMAL,OPTIMAL,OPTIMAL
DAGLB,OPTIMAL,OPTIMAL,OPTIMAL,OPTIMAL
KDELR2,OPTIMAL,OPTIMAL,OPTIMAL,OPTIMAL
ZDHHC4,OPTIMAL,OPTIMAL,OPTIMAL,OPTIMAL
INTS15,OPTIMAL,OPTIMAL,OPTIMAL,OPTIMAL
ZNF316,OPTIMAL,OPTIMAL,OPTIMAL,OPTIMAL
ZNF12,INFEASIBLE,OPTIMAL,OPTIMAL,INFEASIBLE
CCZ1B,OPTIMAL,OPTIMAL,OPTIMAL,OPTIMAL
C1GALT1,OPTIMAL,OPTIMAL,OPTIMAL,OPTIMAL
MIOS,OPTIMAL,OPTIMAL,OPTIMAL,OPTIMAL
RPA3,OPTIMAL,OPTIMAL,OPTIMAL,OPTIMAL
UMAD1,OPTIMAL,OPTIMAL,OPTIMAL,OPTIMAL
GLCCI1,OPTIMAL,OPTIMAL,OPTIMAL,OPTIMAL
NXPH1,INFEASIBLE,OPTIMAL,OPTIMAL,OPTIMAL
NDUFA4,OPTIMAL,OPTIMAL,OPTIMAL,OPTIMAL
PHF14,OPTIMAL,OPTIMAL,OPTIMAL,OPTIMAL
TMEM106B,OPTIMAL,OPTIMAL,OPTIMAL,OPTIMAL
VWDE,OPTIMAL,OPTIMAL,OPTIMAL,OPTIMAL
ARL4A,OPTIMAL,OPTIMAL,OPTIMAL,OPTIMAL
DGKB,INFEASIBLE,OPTIMAL,INFEASIBLE,OPTIMAL
CRPPA,OPTIMAL,OPTIMAL,OPTIMAL,OPTIMAL
ANKMY2,OPTIMAL,OPTIMAL,OPTIMAL,OPTIMAL
BZW2,OPTIMAL,OPTIMAL,OPTIMAL,OPTIMAL
TSPAN13,OPTIMAL,OPTIMAL,OPTIMAL,OPTIMAL
AHR,OPTIMAL,INFEASIBLE,OPTIMAL,OPTIMAL
SNX13,OPTIMAL,OPTIMAL,OPTIMAL,OPTIMAL
HDAC9,OPTIMAL,OPTIMAL,OPTIMAL,OPTIMAL
TWIST1,OPTIMAL,OPTIMAL,OPTIMAL,OPTIMAL
POLR1F,OPTIMAL,OPTIMAL,OPTIMAL,OPTIMAL
SP4,OPTIMAL,OPTIMAL,OPTIMAL,OPTIMAL
DNAH11,OPTIMAL,OPTIMAL,OPTIMAL,OPTIMAL
CDCA7L,OPTIMAL,OPTIMAL,OPTIMAL,OPTIMAL
RAPGEF5,OPTIMAL,OPTIMAL,OPTIMAL,OPTIMAL
STEAP1B,OPTIMAL,OPTIMAL,OPTIMAL,OPTIMAL
TOMM7,OPTIMAL,OPTIMAL,OPTIMAL,OPTIMAL
HYCC1,OPTIMAL,OPTIMAL,OPTIMAL,OPTIMAL
KLHL7,OPTIMAL,OPTIMAL,OPTIMAL,OPTIMAL
NUP42,OPTIMAL,OPTIMAL,OPTIMAL,OPTIMAL
MALSU1,OPTIMAL,OPTIMAL,OPTIMAL,OPTIMAL
IGF2BP3,OPTIMAL,OPTIMAL,OPTIMAL,OPTIMAL
TRA2A,OPTIMAL,OPTIMAL,OPTIMAL,OPTIMAL
CCDC126,OPTIMAL,OPTIMAL,OPTIMAL,OPTIMAL
PALS2,INFEASIBLE,OPTIMAL,OPTIMAL,OPTIMAL
OSBPL3,OPTIMAL,OPTIMAL,OPTIMAL,OPTIMAL
CYCS,OPTIMAL,OPTIMAL,OPTIMAL,OPTIMAL
C7orf31,OPTIMAL,OPTIMAL,OPTIMAL,OPTIMAL
NFE2L3,OPTIMAL,OPTIMAL,OPTIMAL,OPTIMAL
HNRNPA2B1,INFEASIBLE,OPTIMAL,OPTIMAL,INFEASIBLE
CBX3,OPTIMAL,OPTIMAL,OPTIMAL,OPTIMAL
SNX10,OPTIMAL,OPTIMAL,OPTIMAL,OPTIMAL
SKAP2,OPTIMAL,OPTIMAL,OPTIMAL,OPTIMAL
HOXA3,OPTIMAL,OPTIMAL,OPTIMAL,OPTIMAL
HOXA5,OPTIMAL,OPTIMAL,OPTIMAL,OPTIMAL
HOXA7,OPTIMAL,OPTIMAL,OPTIMAL,OPTIMAL
HOXA9,OPTIMAL,OPTIMAL,OPTIMAL,OPTIMAL
HOXA10,OPTIMAL,OPTIMAL,OPTIMAL,OPTIMAL
HOXA11,OPTIMAL,OPTIMAL,OPTIMAL,OPTIMAL
HOXA13,OPTIMAL,OPTIMAL,OPTIMAL,OPTIMAL
HIBADH,OPTIMAL,OPTIMAL,OPTIMAL,OPTIMAL
TAX1BP1,INFEASIBLE,OPTIMAL,OPTIMAL,OPTIMAL
JAZF1,OPTIMAL,OPTIMAL,OPTIMAL,OPTIMAL
CREB5,OPTIMAL,INFEASIBLE,OPTIMAL,OPTIMAL
CPVL,OPTIMAL,OPTIMAL,OPTIMAL,OPTIMAL
CHN2,OPTIMAL,OPTIMAL,OPTIMAL,OPTIMAL
WIPF3,OPTIMAL,OPTIMAL,OPTIMAL,OPTIMAL
SCRN1,INFEASIBLE,OPTIMAL,OPTIMAL,OPTIMAL
FKBP14,OPTIMAL,OPTIMAL,OPTIMAL,OPTIMAL
PLEKHA8,OPTIMAL,OPTIMAL,OPTIMAL,OPTIMAL
MTURN,OPTIMAL,OPTIMAL,OPTIMAL,OPTIMAL
ZNRF2,OPTIMAL,OPTIMAL,OPTIMAL,OPTIMAL
NOD1,OPTIMAL,OPTIMAL,OPTIMAL,OPTIMAL
GGCT,OPTIMAL,OPTIMAL,OPTIMAL,OPTIMAL
GARS1,OPTIMAL,OPTIMAL,OPTIMAL,OPTIMAL
MINDY4,OPTIMAL,OPTIMAL,OPTIMAL,OPTIMAL
LSM5,OPTIMAL,OPTIMAL,OPTIMAL,OPTIMAL
AVL9,OPTIMAL,OPTIMAL,OPTIMAL,OPTIMAL
KBTBD2,OPTIMAL,OPTIMAL,OPTIMAL,OPTIMAL
FKBP9,OPTIMAL,OPTIMAL,OPTIMAL,OPTIMAL
NT5C3A,OPTIMAL,OPTIMAL,OPTIMAL,OPTIMAL
RP9,OPTIMAL,OPTIMAL,OPTIMAL,OPTIMAL
BBS9,OPTIMAL,OPTIMAL,OPTIMAL,OPTIMAL
BMPER,OPTIMAL,OPTIMAL,OPTIMAL,OPTIMAL
DPY19L1,INFEASIBLE,OPTIMAL,OPTIMAL,OPTIMAL
TBX20,OPTIMAL,OPTIMAL,OPTIMAL,OPTIMAL
HERPUD2,OPTIMAL,OPTIMAL,OPTIMAL,OPTIMAL
SEPTIN7,INFEASIBLE,OPTIMAL,OPTIMAL,OPTIMAL
EEPD1,OPTIMAL,OPTIMAL,OPTIMAL,OPTIMAL
MATCAP2,OPTIMAL,OPTIMAL,OPTIMAL,OPTIMAL
ANLN,INFEASIBLE,OPTIMAL,OPTIMAL,OPTIMAL
ELMO1,OPTIMAL,INFEASIBLE,OPTIMAL,OPTIMAL
STARD3NL,OPTIMAL,OPTIMAL,OPTIMAL,OPTIMAL
AMPH,OPTIMAL,INFEASIBLE,OPTIMAL,OPTIMAL
VPS41,OPTIMAL,OPTIMAL,OPTIMAL,OPTIMAL
POU6F2,OPTIMAL,OPTIMAL,OPTIMAL,OPTIMAL
YAE1,OPTIMAL,OPTIMAL,OPTIMAL,OPTIMAL
RALA,OPTIMAL,OPTIMAL,OPTIMAL,OPTIMAL
CDK13,OPTIMAL,OPTIMAL,OPTIMAL,OPTIMAL
MPLKIP,OPTIMAL,OPTIMAL,OPTIMAL,OPTIMAL
SUGCT,OPTIMAL,OPTIMAL,OPTIMAL,OPTIMAL
GLI3,OPTIMAL,OPTIMAL,OPTIMAL,OPTIMAL
C7orf25,OPTIMAL,OPTIMAL,OPTIMAL,OPTIMAL
PSMA2,OPTIMAL,OPTIMAL,OPTIMAL,OPTIMAL
MRPL32,OPTIMAL,OPTIMAL,OPTIMAL,OPTIMAL
STK17A,OPTIMAL,OPTIMAL,OPTIMAL,OPTIMAL
COA1,OPTIMAL,OPTIMAL,OPTIMAL,OPTIMAL
BLVRA,OPTIMAL,OPTIMAL,OPTIMAL,OPTIMAL
MRPS24,OPTIMAL,OPTIMAL,OPTIMAL,OPTIMAL
URGCP,OPTIMAL,OPTIMAL,OPTIMAL,OPTIMAL
UBE2D4,OPTIMAL,OPTIMAL,OPTIMAL,OPTIMAL
DBNL,OPTIMAL,OPTIMAL,OPTIMAL,OPTIMAL
POLM,OPTIMAL,OPTIMAL,OPTIMAL,OPTIMAL
POLD2,OPTIMAL,OPTIMAL,OPTIMAL,OPTIMAL
YKT6,INFEASIBLE,OPTIMAL,OPTIMAL,OPTIMAL
NUDCD3,OPTIMAL,OPTIMAL,OPTIMAL,OPTIMAL
DDX56,OPTIMAL,OPTIMAL,OPTIMAL,OPTIMAL
TMED4,OPTIMAL,OPTIMAL,INFEASIBLE,OPTIMAL
OGDH,OPTIMAL,OPTIMAL,OPTIMAL,OPTIMAL
ZMIZ2,OPTIMAL,OPTIMAL,OPTIMAL,OPTIMAL
PPIA,INFEASIBLE,OPTIMAL,OPTIMAL,OPTIMAL
PURB,OPTIMAL,OPTIMAL,OPTIMAL,OPTIMAL
CCM2,OPTIMAL,OPTIMAL,OPTIMAL,OPTIMAL
TBRG4,OPTIMAL,OPTIMAL,OPTIMAL,OPTIMAL
ADCY1,OPTIMAL,OPTIMAL,OPTIMAL,INFEASIBLE
TNS3,OPTIMAL,OPTIMAL,OPTIMAL,OPTIMAL
HUS1,OPTIMAL,OPTIMAL,OPTIMAL,OPTIMAL
UPP1,OPTIMAL,OPTIMAL,OPTIMAL,OPTIMAL
FIGNL1,OPTIMAL,OPTIMAL,OPTIMAL,OPTIMAL
GRB10,OPTIMAL,OPTIMAL,OPTIMAL,OPTIMAL
COBL,OPTIMAL,OPTIMAL,OPTIMAL,OPTIMAL
SEC61G,OPTIMAL,OPTIMAL,OPTIMAL,OPTIMAL
EGFR,OPTIMAL,OPTIMAL,OPTIMAL,OPTIMAL
LANCL2,OPTIMAL,OPTIMAL,OPTIMAL,OPTIMAL
VOPP1,OPTIMAL,OPTIMAL,OPTIMAL,OPTIMAL
ZNF713,OPTIMAL,OPTIMAL,OPTIMAL,OPTIMAL
NIPSNAP2,OPTIMAL,OPTIMAL,OPTIMAL,OPTIMAL
MRPS17,OPTIMAL,OPTIMAL,OPTIMAL,OPTIMAL
PSPH,OPTIMAL,OPTIMAL,OPTIMAL,OPTIMAL
CCT6A,INFEASIBLE,OPTIMAL,OPTIMAL,OPTIMAL
SUMF2,OPTIMAL,OPTIMAL,OPTIMAL,OPTIMAL
PHKG1,INFEASIBLE,OPTIMAL,INFEASIBLE,OPTIMAL
CHCHD2,OPTIMAL,OPTIMAL,OPTIMAL,OPTIMAL
ZNF736,OPTIMAL,OPTIMAL,OPTIMAL,OPTIMAL
ZNF680,OPTIMAL,OPTIMAL,OPTIMAL,OPTIMAL
ZNF107,OPTIMAL,OPTIMAL,OPTIMAL,OPTIMAL
ZNF138,OPTIMAL,OPTIMAL,OPTIMAL,OPTIMAL
ZNF273,OPTIMAL,OPTIMAL,OPTIMAL,OPTIMAL
ZNF92,OPTIMAL,OPTIMAL,OPTIMAL,OPTIMAL
VKORC1L1,OPTIMAL,OPTIMAL,OPTIMAL,OPTIMAL
GUSB,OPTIMAL,OPTIMAL,OPTIMAL,OPTIMAL
ASL,OPTIMAL,OPTIMAL,OPTIMAL,OPTIMAL
CRCP,OPTIMAL,OPTIMAL,OPTIMAL,OPTIMAL
TPST1,OPTIMAL,OPTIMAL,OPTIMAL,OPTIMAL
RABGEF1,OPTIMAL,OPTIMAL,OPTIMAL,OPTIMAL
TMEM248,OPTIMAL,OPTIMAL,OPTIMAL,OPTIMAL
SBDS,INFEASIBLE,OPTIMAL,OPTIMAL,OPTIMAL
TYW1,OPTIMAL,OPTIMAL,OPTIMAL,OPTIMAL
AUTS2,OPTIMAL,OPTIMAL,OPTIMAL,OPTIMAL
CALN1,INFEASIBLE,INFEASIBLE,OPTIMAL,OPTIMAL
TYW1B,OPTIMAL,OPTIMAL,OPTIMAL,OPTIMAL
POM121,OPTIMAL,OPTIMAL,OPTIMAL,OPTIMAL
NSUN5,OPTIMAL,OPTIMAL,OPTIMAL,OPTIMAL
BAZ1B,INFEASIBLE,OPTIMAL,OPTIMAL,INFEASIBLE
BCL7B,OPTIMAL,OPTIMAL,OPTIMAL,OPTIMAL
TBL2,OPTIMAL,OPTIMAL,OPTIMAL,OPTIMAL
MLXIPL,OPTIMAL,OPTIMAL,OPTIMAL,OPTIMAL
DNAJC30,OPTIMAL,OPTIMAL,OPTIMAL,OPTIMAL
BUD23,OPTIMAL,OPTIMAL,OPTIMAL,OPTIMAL
ABHD11,OPTIMAL,OPTIMAL,OPTIMAL,OPTIMAL
LIMK1,OPTIMAL,OPTIMAL,OPTIMAL,OPTIMAL
EIF4H,INFEASIBLE,OPTIMAL,OPTIMAL,OPTIMAL
RFC2,OPTIMAL,OPTIMAL,OPTIMAL,OPTIMAL
CLIP2,OPTIMAL,INFEASIBLE,OPTIMAL,OPTIMAL
GTF2IRD1,OPTIMAL,OPTIMAL,OPTIMAL,OPTIMAL
GTF2I,INFEASIBLE,OPTIMAL,OPTIMAL,OPTIMAL
CASTOR2,OPTIMAL,OPTIMAL,OPTIMAL,OPTIMAL
RCC1L,OPTIMAL,OPTIMAL,INFEASIBLE,OPTIMAL
POM121C,OPTIMAL,OPTIMAL,OPTIMAL,OPTIMAL
HIP1,OPTIMAL,OPTIMAL,OPTIMAL,OPTIMAL
RHBDD2,OPTIMAL,OPTIMAL,OPTIMAL,OPTIMAL
POR,OPTIMAL,OPTIMAL,OPTIMAL,OPTIMAL
TMEM120A,OPTIMAL,OPTIMAL,OPTIMAL,OPTIMAL
STYXL1,OPTIMAL,OPTIMAL,OPTIMAL,OPTIMAL
MDH2,OPTIMAL,OPTIMAL,OPTIMAL,OPTIMAL
HSPB1,OPTIMAL,OPTIMAL,OPTIMAL,OPTIMAL
YWHAG,INFEASIBLE,OPTIMAL,OPTIMAL,OPTIMAL
POMZP3,OPTIMAL,OPTIMAL,OPTIMAL,OPTIMAL
PTPN12,INFEASIBLE,OPTIMAL,OPTIMAL,OPTIMAL
RSBN1L,OPTIMAL,OPTIMAL,OPTIMAL,OPTIMAL
TMEM60,OPTIMAL,OPTIMAL,OPTIMAL,OPTIMAL
PHTF2,OPTIMAL,OPTIMAL,OPTIMAL,OPTIMAL
MAGI2,OPTIMAL,OPTIMAL,OPTIMAL,OPTIMAL
GNAI1,OPTIMAL,OPTIMAL,OPTIMAL,OPTIMAL
SEMA3C,OPTIMAL,OPTIMAL,OPTIMAL,OPTIMAL
CACNA2D1,OPTIMAL,OPTIMAL,OPTIMAL,OPTIMAL
PCLO,OPTIMAL,OPTIMAL,OPTIMAL,OPTIMAL
SEMA3E,INFEASIBLE,INFEASIBLE,OPTIMAL,OPTIMAL
SEMA3A,OPTIMAL,OPTIMAL,OPTIMAL,OPTIMAL
SEMA3D,OPTIMAL,OPTIMAL,OPTIMAL,OPTIMAL
ELAPOR2,INFEASIBLE,OPTIMAL,INFEASIBLE,OPTIMAL
DMTF1,OPTIMAL,OPTIMAL,OPTIMAL,OPTIMAL
TMEM243,OPTIMAL,OPTIMAL,OPTIMAL,OPTIMAL
CROT,OPTIMAL,OPTIMAL,OPTIMAL,OPTIMAL
ABCB1,INFEASIBLE,OPTIMAL,OPTIMAL,OPTIMAL
RUNDC3B,OPTIMAL,OPTIMAL,OPTIMAL,OPTIMAL
SLC25A40,OPTIMAL,OPTIMAL,OPTIMAL,OPTIMAL
DBF4,OPTIMAL,OPTIMAL,OPTIMAL,OPTIMAL
ADAM22,OPTIMAL,OPTIMAL,OPTIMAL,OPTIMAL
SRI,OPTIMAL,OPTIMAL,OPTIMAL,OPTIMAL
STEAP1,OPTIMAL,OPTIMAL,OPTIMAL,OPTIMAL
STEAP2,OPTIMAL,OPTIMAL,OPTIMAL,OPTIMAL
GTPBP10,INFEASIBLE,OPTIMAL,OPTIMAL,OPTIMAL
CLDN12,OPTIMAL,OPTIMAL,OPTIMAL,OPTIMAL
CDK14,OPTIMAL,OPTIMAL,OPTIMAL,OPTIMAL
MTERF1,OPTIMAL,OPTIMAL,OPTIMAL,OPTIMAL
AKAP9,OPTIMAL,OPTIMAL,OPTIMAL,OPTIMAL
CYP51A1,OPTIMAL,OPTIMAL,OPTIMAL,OPTIMAL
KRIT1,OPTIMAL,OPTIMAL,OPTIMAL,OPTIMAL
ANKIB1,OPTIMAL,OPTIMAL,OPTIMAL,OPTIMAL
GATAD1,OPTIMAL,OPTIMAL,OPTIMAL,OPTIMAL
PEX1,OPTIMAL,OPTIMAL,OPTIMAL,OPTIMAL
RBM48,OPTIMAL,OPTIMAL,OPTIMAL,OPTIMAL
FAM133B,OPTIMAL,OPTIMAL,OPTIMAL,OPTIMAL
CDK6,OPTIMAL,OPTIMAL,OPTIMAL,OPTIMAL
VPS50,OPTIMAL,OPTIMAL,OPTIMAL,OPTIMAL
GNGT1,OPTIMAL,OPTIMAL,OPTIMAL,OPTIMAL
GNG11,OPTIMAL,OPTIMAL,OPTIMAL,OPTIMAL
BET1,OPTIMAL,OPTIMAL,OPTIMAL,OPTIMAL
CASD1,OPTIMAL,OPTIMAL,OPTIMAL,OPTIMAL
SGCE,OPTIMAL,OPTIMAL,OPTIMAL,OPTIMAL
PPP1R9A,OPTIMAL,OPTIMAL,OPTIMAL,OPTIMAL
PON2,OPTIMAL,OPTIMAL,OPTIMAL,OPTIMAL
DYNC1I1,OPTIMAL,OPTIMAL,OPTIMAL,OPTIMAL
SLC25A13,OPTIMAL,OPTIMAL,OPTIMAL,OPTIMAL
SEM1,OPTIMAL,OPTIMAL,OPTIMAL,OPTIMAL
SDHAF3,OPTIMAL,OPTIMAL,OPTIMAL,OPTIMAL
LMTK2,OPTIMAL,OPTIMAL,OPTIMAL,OPTIMAL
TECPR1,OPTIMAL,OPTIMAL,OPTIMAL,OPTIMAL
BRI3,OPTIMAL,OPTIMAL,OPTIMAL,OPTIMAL
BAIAP2L1,OPTIMAL,OPTIMAL,OPTIMAL,OPTIMAL
TRRAP,OPTIMAL,OPTIMAL,OPTIMAL,OPTIMAL
SMURF1,OPTIMAL,OPTIMAL,OPTIMAL,OPTIMAL
ARPC1A,OPTIMAL,OPTIMAL,OPTIMAL,OPTIMAL
ARPC1B,OPTIMAL,OPTIMAL,OPTIMAL,OPTIMAL
PDAP1,OPTIMAL,OPTIMAL,OPTIMAL,OPTIMAL
BUD31,OPTIMAL,OPTIMAL,OPTIMAL,OPTIMAL
PTCD1,OPTIMAL,OPTIMAL,OPTIMAL,OPTIMAL
CPSF4,OPTIMAL,OPTIMAL,OPTIMAL,OPTIMAL
ATP5MF,OPTIMAL,OPTIMAL,OPTIMAL,OPTIMAL
ZNF789,OPTIMAL,OPTIMAL,OPTIMAL,OPTIMAL
ZNF394,OPTIMAL,OPTIMAL,OPTIMAL,OPTIMAL
ZKSCAN5,OPTIMAL,OPTIMAL,OPTIMAL,OPTIMAL
FAM200A,OPTIMAL,OPTIMAL,OPTIMAL,OPTIMAL
ZNF655,OPTIMAL,OPTIMAL,OPTIMAL,OPTIMAL
ZSCAN25,OPTIMAL,INFEASIBLE,OPTIMAL,OPTIMAL
TRIM4,OPTIMAL,OPTIMAL,OPTIMAL,OPTIMAL
ZKSCAN1,OPTIMAL,OPTIMAL,OPTIMAL,OPTIMAL
ZSCAN21,OPTIMAL,OPTIMAL,OPTIMAL,OPTIMAL
ZNF3,OPTIMAL,OPTIMAL,OPTIMAL,OPTIMAL
COPS6,OPTIMAL,OPTIMAL,OPTIMAL,OPTIMAL
MCM7,OPTIMAL,OPTIMAL,OPTIMAL,OPTIMAL
AP4M1,OPTIMAL,OPTIMAL,OPTIMAL,OPTIMAL
TAF6,OPTIMAL,OPTIMAL,OPTIMAL,OPTIMAL
LAMTOR4,OPTIMAL,OPTIMAL,OPTIMAL,OPTIMAL
PILRB,OPTIMAL,OPTIMAL,OPTIMAL,OPTIMAL
ZCWPW1,OPTIMAL,OPTIMAL,OPTIMAL,OPTIMAL
MEPCE,OPTIMAL,OPTIMAL,OPTIMAL,OPTIMAL
PPP1R35,OPTIMAL,OPTIMAL,OPTIMAL,OPTIMAL
TSC22D4,OPTIMAL,OPTIMAL,OPTIMAL,OPTIMAL
AGFG2,OPTIMAL,OPTIMAL,OPTIMAL,OPTIMAL
GNB2,OPTIMAL,OPTIMAL,OPTIMAL,OPTIMAL
GIGYF1,OPTIMAL,OPTIMAL,OPTIMAL,OPTIMAL
POP7,OPTIMAL,OPTIMAL,OPTIMAL,OPTIMAL
ZAN,OPTIMAL,OPTIMAL,OPTIMAL,OPTIMAL
EPHB4,OPTIMAL,OPTIMAL,OPTIMAL,OPTIMAL
SLC12A9,OPTIMAL,OPTIMAL,OPTIMAL,OPTIMAL
TRIP6,OPTIMAL,OPTIMAL,OPTIMAL,OPTIMAL
SRRT,INFEASIBLE,OPTIMAL,OPTIMAL,OPTIMAL
UFSP1,OPTIMAL,OPTIMAL,OPTIMAL,OPTIMAL
AP1S1,OPTIMAL,OPTIMAL,OPTIMAL,OPTIMAL
PLOD3,OPTIMAL,OPTIMAL,OPTIMAL,OPTIMAL
ZNHIT1,OPTIMAL,OPTIMAL,OPTIMAL,OPTIMAL
FIS1,OPTIMAL,OPTIMAL,OPTIMAL,OPTIMAL
IFT22,OPTIMAL,OPTIMAL,OPTIMAL,OPTIMAL
COL26A1,OPTIMAL,OPTIMAL,OPTIMAL,OPTIMAL
CUX1,OPTIMAL,OPTIMAL,OPTIMAL,OPTIMAL
PRKRIP1,OPTIMAL,OPTIMAL,OPTIMAL,OPTIMAL
ORAI2,OPTIMAL,OPTIMAL,OPTIMAL,OPTIMAL
ALKBH4,OPTIMAL,OPTIMAL,OPTIMAL,OPTIMAL
LRWD1,OPTIMAL,OPTIMAL,OPTIMAL,OPTIMAL
POLR2J,OPTIMAL,OPTIMAL,OPTIMAL,OPTIMAL
POLR2J3,OPTIMAL,OPTIMAL,OPTIMAL,OPTIMAL
UPK3BL1,INFEASIBLE,OPTIMAL,OPTIMAL,OPTIMAL
FAM185A,OPTIMAL,OPTIMAL,OPTIMAL,OPTIMAL
FBXL13,OPTIMAL,OPTIMAL,OPTIMAL,OPTIMAL
ARMC10,OPTIMAL,OPTIMAL,OPTIMAL,OPTIMAL
NAPEPLD,OPTIMAL,OPTIMAL,OPTIMAL,OPTIMAL
PMPCB,INFEASIBLE,OPTIMAL,OPTIMAL,OPTIMAL
DNAJC2,OPTIMAL,OPTIMAL,OPTIMAL,OPTIMAL
PSMC2,OPTIMAL,OPTIMAL,OPTIMAL,OPTIMAL
RELN,OPTIMAL,OPTIMAL,OPTIMAL,INFEASIBLE
ORC5,INFEASIBLE,OPTIMAL,OPTIMAL,INFEASIBLE
KMT2E,OPTIMAL,OPTIMAL,OPTIMAL,OPTIMAL
SRPK2,OPTIMAL,OPTIMAL,OPTIMAL,OPTIMAL
PUS7,INFEASIBLE,OPTIMAL,OPTIMAL,INFEASIBLE
RINT1,OPTIMAL,OPTIMAL,OPTIMAL,OPTIMAL
EFCAB10,OPTIMAL,OPTIMAL,OPTIMAL,OPTIMAL
ATXN7L1,OPTIMAL,OPTIMAL,OPTIMAL,OPTIMAL
CDHR3,OPTIMAL,OPTIMAL,OPTIMAL,OPTIMAL
SYPL1,OPTIMAL,OPTIMAL,OPTIMAL,OPTIMAL
NAMPT,OPTIMAL,OPTIMAL,OPTIMAL,OPTIMAL
CCDC71L,OPTIMAL,OPTIMAL,OPTIMAL,OPTIMAL
PRKAR2B,INFEASIBLE,OPTIMAL,OPTIMAL,OPTIMAL
HBP1,OPTIMAL,OPTIMAL,OPTIMAL,OPTIMAL
COG5,OPTIMAL,OPTIMAL,OPTIMAL,OPTIMAL
DUS4L,OPTIMAL,OPTIMAL,OPTIMAL,OPTIMAL
BCAP29,OPTIMAL,OPTIMAL,OPTIMAL,OPTIMAL
CBLL1,OPTIMAL,OPTIMAL,OPTIMAL,OPTIMAL
SLC26A3,OPTIMAL,OPTIMAL,OPTIMAL,OPTIMAL
DLD,INFEASIBLE,OPTIMAL,OPTIMAL,OPTIMAL
LAMB1,OPTIMAL,OPTIMAL,OPTIMAL,OPTIMAL
NRCAM,OPTIMAL,OPTIMAL,OPTIMAL,OPTIMAL
PNPLA8,OPTIMAL,OPTIMAL,OPTIMAL,OPTIMAL
THAP5,OPTIMAL,OPTIMAL,OPTIMAL,OPTIMAL
IMMP2L,OPTIMAL,OPTIMAL,OPTIMAL,OPTIMAL
DOCK4,OPTIMAL,OPTIMAL,OPTIMAL,OPTIMAL
ZNF277,OPTIMAL,OPTIMAL,OPTIMAL,OPTIMAL
IFRD1,OPTIMAL,OPTIMAL,OPTIMAL,OPTIMAL
TMEM168,INFEASIBLE,OPTIMAL,OPTIMAL,OPTIMAL
BMT2,OPTIMAL,OPTIMAL,OPTIMAL,OPTIMAL
SMIM30,INFEASIBLE,OPTIMAL,OPTIMAL,OPTIMAL
FOXP2,OPTIMAL,OPTIMAL,OPTIMAL,OPTIMAL
MDFIC,OPTIMAL,OPTIMAL,OPTIMAL,OPTIMAL
TES,OPTIMAL,OPTIMAL,OPTIMAL,OPTIMAL
CAV2,OPTIMAL,OPTIMAL,OPTIMAL,OPTIMAL
CAV1,OPTIMAL,OPTIMAL,OPTIMAL,OPTIMAL
MET,OPTIMAL,OPTIMAL,OPTIMAL,OPTIMAL
CAPZA2,INFEASIBLE,OPTIMAL,OPTIMAL,OPTIMAL
ST7,OPTIMAL,OPTIMAL,OPTIMAL,OPTIMAL
CTTNBP2,OPTIMAL,OPTIMAL,OPTIMAL,OPTIMAL
LSM8,OPTIMAL,OPTIMAL,OPTIMAL,OPTIMAL
ANKRD7,OPTIMAL,OPTIMAL,OPTIMAL,OPTIMAL
KCND2,OPTIMAL,OPTIMAL,OPTIMAL,OPTIMAL
TSPAN12,OPTIMAL,OPTIMAL,OPTIMAL,OPTIMAL
ING3,OPTIMAL,OPTIMAL,OPTIMAL,OPTIMAL
FAM3C,INFEASIBLE,OPTIMAL,OPTIMAL,OPTIMAL
AASS,OPTIMAL,OPTIMAL,OPTIMAL,OPTIMAL
CADPS2,OPTIMAL,OPTIMAL,OPTIMAL,OPTIMAL
NDUFA5,OPTIMAL,OPTIMAL,OPTIMAL,OPTIMAL
WASL,OPTIMAL,OPTIMAL,OPTIMAL,OPTIMAL
POT1,OPTIMAL,OPTIMAL,OPTIMAL,OPTIMAL
ZNF800,OPTIMAL,OPTIMAL,OPTIMAL,OPTIMAL
ARF5,OPTIMAL,OPTIMAL,OPTIMAL,OPTIMAL
SND1,INFEASIBLE,OPTIMAL,OPTIMAL,OPTIMAL
RBM28,INFEASIBLE,OPTIMAL,OPTIMAL,INFEASIBLE
IMPDH1,OPTIMAL,OPTIMAL,OPTIMAL,OPTIMAL
HILPDA,OPTIMAL,OPTIMAL,OPTIMAL,OPTIMAL
METTL2B,OPTIMAL,OPTIMAL,OPTIMAL,OPTIMAL
CALU,INFEASIBLE,OPTIMAL,OPTIMAL,OPTIMAL
CCDC136,OPTIMAL,OPTIMAL,OPTIMAL,OPTIMAL
FLNC,OPTIMAL,OPTIMAL,OPTIMAL,OPTIMAL
ATP6V1F,OPTIMAL,OPTIMAL,OPTIMAL,OPTIMAL
TNPO3,OPTIMAL,OPTIMAL,OPTIMAL,OPTIMAL
TSPAN33,OPTIMAL,OPTIMAL,OPTIMAL,OPTIMAL
SMO,OPTIMAL,OPTIMAL,OPTIMAL,OPTIMAL
AHCYL2,OPTIMAL,OPTIMAL,OPTIMAL,OPTIMAL
STRIP2,OPTIMAL,OPTIMAL,OPTIMAL,OPTIMAL
NRF1,OPTIMAL,OPTIMAL,OPTIMAL,OPTIMAL
UBE2H,OPTIMAL,OPTIMAL,OPTIMAL,OPTIMAL
ZC3HC1,OPTIMAL,INFEASIBLE,OPTIMAL,OPTIMAL
KLHDC10,OPTIMAL,OPTIMAL,OPTIMAL,OPTIMAL
TMEM209,OPTIMAL,OPTIMAL,OPTIMAL,OPTIMAL
CEP41,OPTIMAL,OPTIMAL,OPTIMAL,OPTIMAL
COPG2,OPTIMAL,INFEASIBLE,OPTIMAL,OPTIMAL
MKLN1,OPTIMAL,OPTIMAL,OPTIMAL,OPTIMAL
PODXL,OPTIMAL,OPTIMAL,OPTIMAL,OPTIMAL
CHCHD3,OPTIMAL,OPTIMAL,OPTIMAL,OPTIMAL
EXOC4,OPTIMAL,OPTIMAL,OPTIMAL,OPTIMAL
SLC35B4,OPTIMAL,OPTIMAL,OPTIMAL,OPTIMAL
AKR1B1,OPTIMAL,OPTIMAL,OPTIMAL,OPTIMAL
BPGM,OPTIMAL,OPTIMAL,OPTIMAL,OPTIMAL
CALD1,INFEASIBLE,OPTIMAL,OPTIMAL,OPTIMAL
AGBL3,OPTIMAL,OPTIMAL,OPTIMAL,OPTIMAL
CYREN,OPTIMAL,OPTIMAL,OPTIMAL,OPTIMAL
WDR91,OPTIMAL,OPTIMAL,OPTIMAL,OPTIMAL
CNOT4,OPTIMAL,OPTIMAL,OPTIMAL,OPTIMAL
NUP205,OPTIMAL,OPTIMAL,OPTIMAL,OPTIMAL
STMP1,OPTIMAL,OPTIMAL,OPTIMAL,OPTIMAL
MTPN,INFEASIBLE,OPTIMAL,OPTIMAL,OPTIMAL
CREB3L2,OPTIMAL,OPTIMAL,OPTIMAL,OPTIMAL
TRIM24,OPTIMAL,OPTIMAL,OPTIMAL,OPTIMAL
KIAA1549,OPTIMAL,OPTIMAL,OPTIMAL,OPTIMAL
ZC3HAV1L,OPTIMAL,OPTIMAL,OPTIMAL,OPTIMAL
ZC3HAV1,OPTIMAL,INFEASIBLE,OPTIMAL,OPTIMAL
TTC26,OPTIMAL,OPTIMAL,OPTIMAL,OPTIMAL
UBN2,OPTIMAL,OPTIMAL,OPTIMAL,OPTIMAL
FMC1,OPTIMAL,OPTIMAL,OPTIMAL,OPTIMAL
LUC7L2,INFEASIBLE,OPTIMAL,OPTIMAL,OPTIMAL
KLRG2,OPTIMAL,OPTIMAL,OPTIMAL,OPTIMAL
HIPK2,INFEASIBLE,OPTIMAL,OPTIMAL,OPTIMAL
TBXAS1,OPTIMAL,OPTIMAL,OPTIMAL,OPTIMAL
KDM7A,OPTIMAL,OPTIMAL,OPTIMAL,OPTIMAL
SLC37A3,OPTIMAL,OPTIMAL,OPTIMAL,OPTIMAL
MKRN1,OPTIMAL,OPTIMAL,OPTIMAL,OPTIMAL
DENND2A,OPTIMAL,OPTIMAL,OPTIMAL,OPTIMAL
ADCK2,OPTIMAL,OPTIMAL,OPTIMAL,OPTIMAL
NDUFB2,OPTIMAL,OPTIMAL,OPTIMAL,OPTIMAL
BRAF,OPTIMAL,OPTIMAL,OPTIMAL,OPTIMAL
MRPS33,OPTIMAL,OPTIMAL,OPTIMAL,OPTIMAL
TMEM178B,OPTIMAL,OPTIMAL,OPTIMAL,OPTIMAL
AGK,OPTIMAL,OPTIMAL,OPTIMAL,OPTIMAL
DENND11,OPTIMAL,OPTIMAL,INFEASIBLE,OPTIMAL
SSBP1,OPTIMAL,OPTIMAL,OPTIMAL,OPTIMAL
GSTK1,OPTIMAL,OPTIMAL,OPTIMAL,OPTIMAL
CASP2,OPTIMAL,OPTIMAL,OPTIMAL,OPTIMAL
ZYX,OPTIMAL,OPTIMAL,OPTIMAL,OPTIMAL
TCAF1,OPTIMAL,OPTIMAL,OPTIMAL,OPTIMAL
TPK1,OPTIMAL,INFEASIBLE,OPTIMAL,OPTIMAL
CNTNAP2,OPTIMAL,OPTIMAL,OPTIMAL,OPTIMAL
CUL1,OPTIMAL,OPTIMAL,OPTIMAL,OPTIMAL
EZH2,OPTIMAL,OPTIMAL,OPTIMAL,OPTIMAL
PDIA4,INFEASIBLE,OPTIMAL,INFEASIBLE,OPTIMAL
ZNF786,OPTIMAL,OPTIMAL,OPTIMAL,OPTIMAL
ZNF425,OPTIMAL,OPTIMAL,OPTIMAL,OPTIMAL
ZNF398,OPTIMAL,OPTIMAL,OPTIMAL,OPTIMAL
ZNF282,OPTIMAL,OPTIMAL,OPTIMAL,OPTIMAL
ZNF212,OPTIMAL,OPTIMAL,OPTIMAL,OPTIMAL
ZNF783,INFEASIBLE,OPTIMAL,OPTIMAL,OPTIMAL
ZNF777,OPTIMAL,OPTIMAL,OPTIMAL,OPTIMAL
ZNF746,OPTIMAL,OPTIMAL,OPTIMAL,OPTIMAL
KRBA1,OPTIMAL,OPTIMAL,OPTIMAL,OPTIMAL
ZNF862,OPTIMAL,OPTIMAL,OPTIMAL,OPTIMAL
ATP6V0E2,OPTIMAL,OPTIMAL,OPTIMAL,OPTIMAL
LRRC61,OPTIMAL,OPTIMAL,OPTIMAL,OPTIMAL
REPIN1,OPTIMAL,OPTIMAL,OPTIMAL,OPTIMAL
ZNF775,OPTIMAL,OPTIMAL,OPTIMAL,OPTIMAL
ABCB8,OPTIMAL,OPTIMAL,OPTIMAL,OPTIMAL
CDK5,OPTIMAL,OPTIMAL,OPTIMAL,OPTIMAL
SLC4A2,OPTIMAL,OPTIMAL,OPTIMAL,OPTIMAL
FASTK,OPTIMAL,OPTIMAL,OPTIMAL,OPTIMAL
TMUB1,OPTIMAL,OPTIMAL,OPTIMAL,OPTIMAL
AGAP3,OPTIMAL,OPTIMAL,OPTIMAL,OPTIMAL
ABCF2,OPTIMAL,OPTIMAL,OPTIMAL,OPTIMAL
CHPF2,OPTIMAL,OPTIMAL,OPTIMAL,OPTIMAL
SMARCD3,OPTIMAL,OPTIMAL,OPTIMAL,OPTIMAL
NUB1,OPTIMAL,OPTIMAL,OPTIMAL,OPTIMAL
RHEB,OPTIMAL,OPTIMAL,OPTIMAL,OPTIMAL
PRKAG2,OPTIMAL,OPTIMAL,OPTIMAL,OPTIMAL
GALNT11,OPTIMAL,OPTIMAL,OPTIMAL,OPTIMAL
KMT2C,OPTIMAL,OPTIMAL,OPTIMAL,OPTIMAL
XRCC2,OPTIMAL,OPTIMAL,OPTIMAL,OPTIMAL
ACTR3B,OPTIMAL,OPTIMAL,OPTIMAL,OPTIMAL
PAXIP1,INFEASIBLE,OPTIMAL,OPTIMAL,OPTIMAL
INSIG1,OPTIMAL,OPTIMAL,OPTIMAL,OPTIMAL
EN2,INFEASIBLE,OPTIMAL,OPTIMAL,OPTIMAL
RBM33,OPTIMAL,OPTIMAL,OPTIMAL,OPTIMAL
RNF32,OPTIMAL,OPTIMAL,OPTIMAL,OPTIMAL
LMBR1,OPTIMAL,OPTIMAL,OPTIMAL,OPTIMAL
NOM1,INFEASIBLE,OPTIMAL,OPTIMAL,OPTIMAL
MNX1,OPTIMAL,OPTIMAL,OPTIMAL,OPTIMAL
UBE3C,OPTIMAL,OPTIMAL,OPTIMAL,OPTIMAL
DNAJB6,INFEASIBLE,OPTIMAL,OPTIMAL,OPTIMAL
NCAPG2,INFEASIBLE,OPTIMAL,OPTIMAL,OPTIMAL
ESYT2,OPTIMAL,OPTIMAL,OPTIMAL,OPTIMAL
DYNC2I1,OPTIMAL,OPTIMAL,OPTIMAL,OPTIMAL
FBXO25,OPTIMAL,OPTIMAL,OPTIMAL,OPTIMAL
ERICH1,OPTIMAL,OPTIMAL,OPTIMAL,OPTIMAL
CLN8,OPTIMAL,OPTIMAL,OPTIMAL,OPTIMAL
ARHGEF10,OPTIMAL,OPTIMAL,OPTIMAL,OPTIMAL
CSMD1,OPTIMAL,OPTIMAL,OPTIMAL,OPTIMAL
MCPH1,OPTIMAL,INFEASIBLE,OPTIMAL,OPTIMAL
ANGPT2,OPTIMAL,OPTIMAL,OPTIMAL,OPTIMAL
AGPAT5,OPTIMAL,OPTIMAL,OPTIMAL,OPTIMAL
MFHAS1,OPTIMAL,INFEASIBLE,OPTIMAL,OPTIMAL
ERI1,OPTIMAL,OPTIMAL,OPTIMAL,OPTIMAL
TNKS,OPTIMAL,OPTIMAL,OPTIMAL,OPTIMAL
MSRA,OPTIMAL,OPTIMAL,OPTIMAL,OPTIMAL
PINX1,OPTIMAL,OPTIMAL,OPTIMAL,OPTIMAL
XKR6,OPTIMAL,OPTIMAL,OPTIMAL,OPTIMAL
MTMR9,OPTIMAL,INFEASIBLE,OPTIMAL,OPTIMAL
GATA4,OPTIMAL,OPTIMAL,OPTIMAL,OPTIMAL
NEIL2,OPTIMAL,OPTIMAL,OPTIMAL,OPTIMAL
FDFT1,OPTIMAL,OPTIMAL,OPTIMAL,OPTIMAL
CTSB,OPTIMAL,OPTIMAL,OPTIMAL,OPTIMAL
LONRF1,OPTIMAL,OPTIMAL,OPTIMAL,OPTIMAL
DLC1,OPTIMAL,OPTIMAL,OPTIMAL,OPTIMAL
SGCZ,OPTIMAL,OPTIMAL,OPTIMAL,OPTIMAL
TUSC3,OPTIMAL,OPTIMAL,OPTIMAL,OPTIMAL
MICU3,OPTIMAL,OPTIMAL,OPTIMAL,OPTIMAL
ZDHHC2,OPTIMAL,OPTIMAL,OPTIMAL,OPTIMAL
CNOT7,OPTIMAL,OPTIMAL,OPTIMAL,OPTIMAL
VPS37A,OPTIMAL,OPTIMAL,OPTIMAL,OPTIMAL
SLC7A2,OPTIMAL,OPTIMAL,OPTIMAL,OPTIMAL
MTUS1,OPTIMAL,OPTIMAL,OPTIMAL,OPTIMAL
PCM1,INFEASIBLE,OPTIMAL,OPTIMAL,OPTIMAL
ASAH1,OPTIMAL,OPTIMAL,OPTIMAL,OPTIMAL
PSD3,OPTIMAL,INFEASIBLE,OPTIMAL,OPTIMAL
SH2D4A,OPTIMAL,OPTIMAL,OPTIMAL,OPTIMAL
INTS10,OPTIMAL,OPTIMAL,OPTIMAL,OPTIMAL
ATP6V1B2,OPTIMAL,OPTIMAL,OPTIMAL,OPTIMAL
XPO7,OPTIMAL,OPTIMAL,OPTIMAL,OPTIMAL
REEP4,INFEASIBLE,OPTIMAL,OPTIMAL,OPTIMAL
POLR3D,INFEASIBLE,OPTIMAL,OPTIMAL,INFEASIBLE
SLC39A14,OPTIMAL,OPTIMAL,OPTIMAL,OPTIMAL
PPP3CC,OPTIMAL,INFEASIBLE,OPTIMAL,OPTIMAL
SORBS3,OPTIMAL,OPTIMAL,OPTIMAL,OPTIMAL
PDLIM2,OPTIMAL,OPTIMAL,OPTIMAL,OPTIMAL
CCAR2,OPTIMAL,OPTIMAL,OPTIMAL,OPTIMAL
BIN3,OPTIMAL,OPTIMAL,OPTIMAL,OPTIMAL
TNFRSF10B,OPTIMAL,OPTIMAL,OPTIMAL,OPTIMAL
CHMP7,OPTIMAL,OPTIMAL,OPTIMAL,OPTIMAL
R3HCC1,OPTIMAL,OPTIMAL,OPTIMAL,OPTIMAL
ENTPD4,OPTIMAL,OPTIMAL,OPTIMAL,OPTIMAL
SLC25A37,INFEASIBLE,INFEASIBLE,OPTIMAL,OPTIMAL
NEFM,OPTIMAL,OPTIMAL,OPTIMAL,OPTIMAL
NEFL,OPTIMAL,OPTIMAL,OPTIMAL,OPTIMAL
DOCK5,OPTIMAL,OPTIMAL,OPTIMAL,OPTIMAL
KCTD9,OPTIMAL,OPTIMAL,OPTIMAL,OPTIMAL
CDCA2,OPTIMAL,OPTIMAL,OPTIMAL,OPTIMAL
EBF2,OPTIMAL,INFEASIBLE,OPTIMAL,OPTIMAL
PPP2R2A,OPTIMAL,OPTIMAL,OPTIMAL,OPTIMAL
BNIP3L,OPTIMAL,OPTIMAL,OPTIMAL,OPTIMAL
PNMA2,OPTIMAL,OPTIMAL,OPTIMAL,OPTIMAL
DPYSL2,OPTIMAL,OPTIMAL,OPTIMAL,OPTIMAL
TRIM35,OPTIMAL,OPTIMAL,OPTIMAL,OPTIMAL
CLU,OPTIMAL,OPTIMAL,OPTIMAL,OPTIMAL
CCDC25,OPTIMAL,OPTIMAL,OPTIMAL,OPTIMAL
ESCO2,OPTIMAL,OPTIMAL,OPTIMAL,OPTIMAL
PBK,OPTIMAL,OPTIMAL,OPTIMAL,OPTIMAL
ELP3,OPTIMAL,OPTIMAL,OPTIMAL,OPTIMAL
FBXO16,OPTIMAL,OPTIMAL,OPTIMAL,OPTIMAL
FZD3,OPTIMAL,OPTIMAL,OPTIMAL,OPTIMAL
EXTL3,INFEASIBLE,INFEASIBLE,OPTIMAL,OPTIMAL
INTS9,OPTIMAL,OPTIMAL,OPTIMAL,OPTIMAL
HMBOX1,OPTIMAL,OPTIMAL,OPTIMAL,OPTIMAL
KIF13B,OPTIMAL,OPTIMAL,OPTIMAL,OPTIMAL
SARAF,OPTIMAL,OPTIMAL,OPTIMAL,OPTIMAL
LEPROTL1,OPTIMAL,OPTIMAL,OPTIMAL,OPTIMAL
DCTN6,OPTIMAL,OPTIMAL,OPTIMAL,OPTIMAL
RBPMS,OPTIMAL,OPTIMAL,OPTIMAL,OPTIMAL
GTF2E2,OPTIMAL,OPTIMAL,OPTIMAL,OPTIMAL
GSR,OPTIMAL,OPTIMAL,OPTIMAL,OPTIMAL
UBXN8,OPTIMAL,OPTIMAL,OPTIMAL,OPTIMAL
PPP2CB,OPTIMAL,OPTIMAL,OPTIMAL,OPTIMAL
TEX15,OPTIMAL,OPTIMAL,OPTIMAL,OPTIMAL
WRN,OPTIMAL,OPTIMAL,OPTIMAL,OPTIMAL
NRG1,INFEASIBLE,OPTIMAL,OPTIMAL,INFEASIBLE
FUT10,OPTIMAL,OPTIMAL,OPTIMAL,OPTIMAL
TTI2,OPTIMAL,OPTIMAL,OPTIMAL,OPTIMAL
MAK16,INFEASIBLE,OPTIMAL,OPTIMAL,INFEASIBLE
ZNF703,OPTIMAL,OPTIMAL,OPTIMAL,OPTIMAL
ERLIN2,INFEASIBLE,OPTIMAL,OPTIMAL,INFEASIBLE
PLPBP,OPTIMAL,OPTIMAL,OPTIMAL,OPTIMAL
ADGRA2,OPTIMAL,OPTIMAL,OPTIMAL,OPTIMAL
RAB11FIP1,OPTIMAL,OPTIMAL,OPTIMAL,OPTIMAL
EIF4EBP1,OPTIMAL,OPTIMAL,OPTIMAL,OPTIMAL
ASH2L,OPTIMAL,OPTIMAL,OPTIMAL,OPTIMAL
LSM1,OPTIMAL,OPTIMAL,OPTIMAL,OPTIMAL
BAG4,OPTIMAL,OPTIMAL,OPTIMAL,OPTIMAL
DDHD2,OPTIMAL,OPTIMAL,OPTIMAL,OPTIMAL
PLPP5,OPTIMAL,OPTIMAL,OPTIMAL,OPTIMAL
NSD3,OPTIMAL,OPTIMAL,OPTIMAL,OPTIMAL
FGFR1,OPTIMAL,OPTIMAL,OPTIMAL,OPTIMAL
TACC1,OPTIMAL,OPTIMAL,OPTIMAL,OPTIMAL
TM2D2,OPTIMAL,OPTIMAL,OPTIMAL,OPTIMAL
ADAM9,INFEASIBLE,OPTIMAL,OPTIMAL,OPTIMAL
SFRP1,OPTIMAL,OPTIMAL,OPTIMAL,OPTIMAL
GOLGA7,OPTIMAL,OPTIMAL,OPTIMAL,OPTIMAL
GINS4,OPTIMAL,OPTIMAL,OPTIMAL,OPTIMAL
GPAT4,OPTIMAL,OPTIMAL,OPTIMAL,OPTIMAL
KAT6A,INFEASIBLE,OPTIMAL,OPTIMAL,OPTIMAL
AP3M2,OPTIMAL,OPTIMAL,INFEASIBLE,OPTIMAL
PLAT,OPTIMAL,INFEASIBLE,OPTIMAL,OPTIMAL
IKBKB,OPTIMAL,OPTIMAL,OPTIMAL,OPTIMAL
POLB,OPTIMAL,OPTIMAL,OPTIMAL,OPTIMAL
VDAC3,INFEASIBLE,OPTIMAL,OPTIMAL,OPTIMAL
SLC20A2,OPTIMAL,OPTIMAL,OPTIMAL,OPTIMAL
SMIM19,OPTIMAL,OPTIMAL,OPTIMAL,OPTIMAL
THAP1,OPTIMAL,OPTIMAL,OPTIMAL,OPTIMAL
RNF170,OPTIMAL,OPTIMAL,OPTIMAL,OPTIMAL
HOOK3,OPTIMAL,INFEASIBLE,OPTIMAL,OPTIMAL
FNTA,OPTIMAL,OPTIMAL,OPTIMAL,OPTIMAL
POMK,OPTIMAL,OPTIMAL,OPTIMAL,OPTIMAL
HGSNAT,OPTIMAL,OPTIMAL,OPTIMAL,OPTIMAL
SPIDR,OPTIMAL,INFEASIBLE,OPTIMAL,OPTIMAL
CEBPD,OPTIMAL,OPTIMAL,OPTIMAL,OPTIMAL
PRKDC,OPTIMAL,OPTIMAL,OPTIMAL,OPTIMAL
MCM4,OPTIMAL,OPTIMAL,OPTIMAL,OPTIMAL
UBE2V2,OPTIMAL,OPTIMAL,OPTIMAL,OPTIMAL
SNAI2,OPTIMAL,OPTIMAL,OPTIMAL,OPTIMAL
PXDNL,OPTIMAL,OPTIMAL,OPTIMAL,INFEASIBLE
PCMTD1,OPTIMAL,OPTIMAL,OPTIMAL,OPTIMAL
RB1CC1,OPTIMAL,OPTIMAL,OPTIMAL,OPTIMAL
ATP6V1H,OPTIMAL,OPTIMAL,OPTIMAL,OPTIMAL
RGS20,OPTIMAL,OPTIMAL,OPTIMAL,OPTIMAL
TCEA1,OPTIMAL,OPTIMAL,OPTIMAL,OPTIMAL
LYPLA1,OPTIMAL,OPTIMAL,OPTIMAL,OPTIMAL
MRPL15,OPTIMAL,OPTIMAL,OPTIMAL,OPTIMAL
TMEM68,OPTIMAL,OPTIMAL,OPTIMAL,OPTIMAL
TGS1,OPTIMAL,OPTIMAL,OPTIMAL,OPTIMAL
LYN,OPTIMAL,OPTIMAL,OPTIMAL,OPTIMAL
RPS20,OPTIMAL,OPTIMAL,OPTIMAL,OPTIMAL
PLAG1,OPTIMAL,INFEASIBLE,OPTIMAL,OPTIMAL
CHCHD7,OPTIMAL,OPTIMAL,OPTIMAL,OPTIMAL
BPNT2,OPTIMAL,OPTIMAL,OPTIMAL,OPTIMAL
FAM110B,OPTIMAL,OPTIMAL,OPTIMAL,OPTIMAL
UBXN2B,OPTIMAL,OPTIMAL,OPTIMAL,OPTIMAL
SDCBP,OPTIMAL,OPTIMAL,OPTIMAL,OPTIMAL
NSMAF,OPTIMAL,OPTIMAL,OPTIMAL,OPTIMAL
TOX,OPTIMAL,OPTIMAL,OPTIMAL,OPTIMAL
CA8,OPTIMAL,INFEASIBLE,OPTIMAL,OPTIMAL
RAB2A,OPTIMAL,OPTIMAL,OPTIMAL,OPTIMAL
CHD7,INFEASIBLE,OPTIMAL,OPTIMAL,OPTIMAL
ASPH,OPTIMAL,OPTIMAL,OPTIMAL,OPTIMAL
NKAIN3,OPTIMAL,INFEASIBLE,OPTIMAL,OPTIMAL
GGH,OPTIMAL,OPTIMAL,OPTIMAL,OPTIMAL
YTHDF3,OPTIMAL,OPTIMAL,OPTIMAL,OPTIMAL
CYP7B1,OPTIMAL,OPTIMAL,OPTIMAL,OPTIMAL
ARMC1,OPTIMAL,OPTIMAL,OPTIMAL,OPTIMAL
MTFR1,OPTIMAL,OPTIMAL,OPTIMAL,OPTIMAL
PDE7A,OPTIMAL,INFEASIBLE,OPTIMAL,OPTIMAL
RRS1,INFEASIBLE,OPTIMAL,OPTIMAL,OPTIMAL
MYBL1,OPTIMAL,OPTIMAL,OPTIMAL,OPTIMAL
VCPIP1,OPTIMAL,OPTIMAL,OPTIMAL,OPTIMAL
SGK3,OPTIMAL,OPTIMAL,OPTIMAL,OPTIMAL
COPS5,OPTIMAL,OPTIMAL,OPTIMAL,OPTIMAL
CSPP1,OPTIMAL,OPTIMAL,OPTIMAL,OPTIMAL
ARFGEF1,OPTIMAL,OPTIMAL,OPTIMAL,OPTIMAL
PREX2,OPTIMAL,INFEASIBLE,OPTIMAL,OPTIMAL
C8orf34,OPTIMAL,OPTIMAL,OPTIMAL,OPTIMAL
SLCO5A1,OPTIMAL,OPTIMAL,OPTIMAL,OPTIMAL
NCOA2,OPTIMAL,OPTIMAL,OPTIMAL,OPTIMAL
TRAM1,OPTIMAL,OPTIMAL,OPTIMAL,OPTIMAL
LACTB2,OPTIMAL,OPTIMAL,OPTIMAL,OPTIMAL
EYA1,OPTIMAL,OPTIMAL,OPTIMAL,OPTIMAL
KCNB2,OPTIMAL,OPTIMAL,OPTIMAL,OPTIMAL
TERF1,OPTIMAL,OPTIMAL,OPTIMAL,OPTIMAL
RPL7,OPTIMAL,OPTIMAL,OPTIMAL,OPTIMAL
RDH10,OPTIMAL,OPTIMAL,OPTIMAL,OPTIMAL
STAU2,OPTIMAL,OPTIMAL,OPTIMAL,OPTIMAL
UBE2W,OPTIMAL,OPTIMAL,OPTIMAL,OPTIMAL
ELOC,OPTIMAL,OPTIMAL,OPTIMAL,OPTIMAL
TMEM70,OPTIMAL,OPTIMAL,OPTIMAL,OPTIMAL
JPH1,OPTIMAL,OPTIMAL,OPTIMAL,OPTIMAL
GDAP1,OPTIMAL,OPTIMAL,OPTIMAL,OPTIMAL
CRISPLD1,OPTIMAL,OPTIMAL,OPTIMAL,OPTIMAL
HNF4G,OPTIMAL,INFEASIBLE,OPTIMAL,OPTIMAL
ZFHX4,OPTIMAL,OPTIMAL,OPTIMAL,OPTIMAL
PEX2,OPTIMAL,OPTIMAL,OPTIMAL,OPTIMAL
PKIA,OPTIMAL,OPTIMAL,OPTIMAL,OPTIMAL
ZC2HC1A,OPTIMAL,OPTIMAL,OPTIMAL,OPTIMAL
HEY1,OPTIMAL,OPTIMAL,OPTIMAL,OPTIMAL
MRPS28,OPTIMAL,OPTIMAL,OPTIMAL,OPTIMAL
TPD52,OPTIMAL,OPTIMAL,OPTIMAL,OPTIMAL
ZBTB10,OPTIMAL,OPTIMAL,OPTIMAL,OPTIMAL
ZNF704,OPTIMAL,OPTIMAL,OPTIMAL,OPTIMAL
PAG1,OPTIMAL,OPTIMAL,OPTIMAL,OPTIMAL
FABP5,OPTIMAL,OPTIMAL,OPTIMAL,OPTIMAL
IMPA1,OPTIMAL,OPTIMAL,OPTIMAL,OPTIMAL
ZFAND1,OPTIMAL,OPTIMAL,OPTIMAL,OPTIMAL
LRRCC1,OPTIMAL,OPTIMAL,OPTIMAL,OPTIMAL
E2F5,OPTIMAL,OPTIMAL,OPTIMAL,OPTIMAL
RBIS,OPTIMAL,OPTIMAL,OPTIMAL,OPTIMAL
CA13,OPTIMAL,OPTIMAL,OPTIMAL,OPTIMAL
CA2,OPTIMAL,OPTIMAL,OPTIMAL,OPTIMAL
WWP1,OPTIMAL,INFEASIBLE,OPTIMAL,OPTIMAL
RMDN1,OPTIMAL,OPTIMAL,OPTIMAL,OPTIMAL
CPNE3,OPTIMAL,OPTIMAL,OPTIMAL,OPTIMAL
MMP16,OPTIMAL,OPTIMAL,OPTIMAL,OPTIMAL
RIPK2,OPTIMAL,OPTIMAL,OPTIMAL,OPTIMAL
OSGIN2,OPTIMAL,OPTIMAL,OPTIMAL,OPTIMAL
NBN,INFEASIBLE,INFEASIBLE,OPTIMAL,OPTIMAL
DECR1,OPTIMAL,OPTIMAL,OPTIMAL,OPTIMAL
TMEM64,OPTIMAL,OPTIMAL,OPTIMAL,OPTIMAL
NECAB1,INFEASIBLE,OPTIMAL,OPTIMAL,INFEASIBLE
C8orf88,OPTIMAL,OPTIMAL,OPTIMAL,OPTIMAL
OTUD6B,OPTIMAL,OPTIMAL,OPTIMAL,OPTIMAL
LRRC69,OPTIMAL,OPTIMAL,OPTIMAL,OPTIMAL
RUNX1T1,OPTIMAL,OPTIMAL,OPTIMAL,OPTIMAL
TRIQK,OPTIMAL,OPTIMAL,OPTIMAL,OPTIMAL
CIBAR1,OPTIMAL,OPTIMAL,OPTIMAL,OPTIMAL
RBM12B,OPTIMAL,OPTIMAL,OPTIMAL,OPTIMAL
TMEM67,OPTIMAL,OPTIMAL,OPTIMAL,OPTIMAL
RAD54B,OPTIMAL,OPTIMAL,OPTIMAL,OPTIMAL
VIRMA,OPTIMAL,OPTIMAL,OPTIMAL,OPTIMAL
ESRP1,OPTIMAL,OPTIMAL,OPTIMAL,OPTIMAL
DPY19L4,OPTIMAL,OPTIMAL,OPTIMAL,OPTIMAL
INTS8,OPTIMAL,OPTIMAL,OPTIMAL,OPTIMAL
CCNE2,OPTIMAL,OPTIMAL,OPTIMAL,OPTIMAL
NDUFAF6,OPTIMAL,OPTIMAL,OPTIMAL,OPTIMAL
PLEKHF2,INFEASIBLE,OPTIMAL,OPTIMAL,OPTIMAL
UQCRB,OPTIMAL,OPTIMAL,OPTIMAL,OPTIMAL
MTERF3,OPTIMAL,OPTIMAL,OPTIMAL,OPTIMAL
PTDSS1,OPTIMAL,OPTIMAL,OPTIMAL,OPTIMAL
SDC2,OPTIMAL,OPTIMAL,OPTIMAL,OPTIMAL
MTDH,OPTIMAL,OPTIMAL,OPTIMAL,OPTIMAL
LAPTM4B,OPTIMAL,OPTIMAL,OPTIMAL,OPTIMAL
RPL30,OPTIMAL,OPTIMAL,OPTIMAL,OPTIMAL
ERICH5,OPTIMAL,OPTIMAL,OPTIMAL,OPTIMAL
RIDA,OPTIMAL,OPTIMAL,OPTIMAL,OPTIMAL
POP1,OPTIMAL,OPTIMAL,OPTIMAL,OPTIMAL
STK3,OPTIMAL,OPTIMAL,OPTIMAL,OPTIMAL
VPS13B,OPTIMAL,OPTIMAL,OPTIMAL,OPTIMAL
COX6C,OPTIMAL,OPTIMAL,OPTIMAL,OPTIMAL
POLR2K,OPTIMAL,OPTIMAL,OPTIMAL,OPTIMAL
SPAG1,OPTIMAL,OPTIMAL,OPTIMAL,OPTIMAL
RNF19A,OPTIMAL,OPTIMAL,OPTIMAL,OPTIMAL
ANKRD46,OPTIMAL,OPTIMAL,OPTIMAL,OPTIMAL
PABPC1,OPTIMAL,OPTIMAL,OPTIMAL,OPTIMAL
YWHAZ,OPTIMAL,OPTIMAL,OPTIMAL,OPTIMAL
ZNF706,OPTIMAL,OPTIMAL,OPTIMAL,OPTIMAL
NCALD,OPTIMAL,OPTIMAL,OPTIMAL,INFEASIBLE
RRM2B,OPTIMAL,OPTIMAL,OPTIMAL,OPTIMAL
UBR5,OPTIMAL,OPTIMAL,OPTIMAL,OPTIMAL
AZIN1,OPTIMAL,OPTIMAL,OPTIMAL,OPTIMAL
ATP6V1C1,OPTIMAL,OPTIMAL,OPTIMAL,OPTIMAL
FZD6,OPTIMAL,OPTIMAL,OPTIMAL,OPTIMAL
SLC25A32,INFEASIBLE,OPTIMAL,OPTIMAL,OPTIMAL
DCAF13,OPTIMAL,OPTIMAL,OPTIMAL,OPTIMAL
RIMS2,OPTIMAL,OPTIMAL,OPTIMAL,OPTIMAL
LRP12,OPTIMAL,OPTIMAL,OPTIMAL,OPTIMAL
ZFPM2,OPTIMAL,OPTIMAL,OPTIMAL,OPTIMAL
OXR1,OPTIMAL,OPTIMAL,OPTIMAL,OPTIMAL
EIF3E,OPTIMAL,OPTIMAL,OPTIMAL,OPTIMAL
EMC2,OPTIMAL,OPTIMAL,OPTIMAL,OPTIMAL
NUDCD1,OPTIMAL,OPTIMAL,OPTIMAL,OPTIMAL
ENY2,OPTIMAL,OPTIMAL,OPTIMAL,OPTIMAL
EBAG9,OPTIMAL,OPTIMAL,OPTIMAL,OPTIMAL
SYBU,OPTIMAL,OPTIMAL,OPTIMAL,OPTIMAL
CSMD3,OPTIMAL,OPTIMAL,OPTIMAL,OPTIMAL
TRPS1,OPTIMAL,OPTIMAL,OPTIMAL,OPTIMAL
EIF3H,INFEASIBLE,OPTIMAL,OPTIMAL,OPTIMAL
UTP23,OPTIMAL,OPTIMAL,OPTIMAL,OPTIMAL
RAD21,INFEASIBLE,OPTIMAL,OPTIMAL,OPTIMAL
MED30,OPTIMAL,OPTIMAL,OPTIMAL,OPTIMAL
EXT1,OPTIMAL,OPTIMAL,OPTIMAL,OPTIMAL
SAMD12,OPTIMAL,OPTIMAL,OPTIMAL,OPTIMAL
TAF2,OPTIMAL,OPTIMAL,OPTIMAL,OPTIMAL
DSCC1,OPTIMAL,OPTIMAL,OPTIMAL,OPTIMAL
DEPTOR,OPTIMAL,OPTIMAL,OPTIMAL,OPTIMAL
MRPL13,OPTIMAL,OPTIMAL,OPTIMAL,OPTIMAL
MTBP,OPTIMAL,OPTIMAL,OPTIMAL,OPTIMAL
SNTB1,OPTIMAL,OPTIMAL,OPTIMAL,OPTIMAL
HAS2,OPTIMAL,OPTIMAL,OPTIMAL,OPTIMAL
ZHX2,OPTIMAL,OPTIMAL,OPTIMAL,OPTIMAL
DERL1,OPTIMAL,OPTIMAL,OPTIMAL,OPTIMAL
TBC1D31,OPTIMAL,OPTIMAL,OPTIMAL,OPTIMAL
C8orf76,OPTIMAL,OPTIMAL,OPTIMAL,OPTIMAL
ZHX1,INFEASIBLE,OPTIMAL,OPTIMAL,INFEASIBLE
ATAD2,OPTIMAL,OPTIMAL,OPTIMAL,OPTIMAL
NTAQ1,OPTIMAL,OPTIMAL,OPTIMAL,OPTIMAL
FBXO32,OPTIMAL,INFEASIBLE,OPTIMAL,OPTIMAL
FAM91A1,OPTIMAL,OPTIMAL,OPTIMAL,OPTIMAL
TMEM65,OPTIMAL,OPTIMAL,OPTIMAL,OPTIMAL
TRMT12,OPTIMAL,OPTIMAL,OPTIMAL,OPTIMAL
RNF139,OPTIMAL,OPTIMAL,OPTIMAL,OPTIMAL
TATDN1,OPTIMAL,OPTIMAL,OPTIMAL,OPTIMAL
NDUFB9,OPTIMAL,OPTIMAL,OPTIMAL,OPTIMAL
MTSS1,OPTIMAL,OPTIMAL,OPTIMAL,OPTIMAL
SQLE,INFEASIBLE,OPTIMAL,OPTIMAL,OPTIMAL
WASHC5,OPTIMAL,OPTIMAL,OPTIMAL,OPTIMAL
NSMCE2,OPTIMAL,OPTIMAL,OPTIMAL,OPTIMAL
TRIB1,OPTIMAL,OPTIMAL,OPTIMAL,OPTIMAL
LRATD2,OPTIMAL,OPTIMAL,OPTIMAL,OPTIMAL
MYC,OPTIMAL,OPTIMAL,OPTIMAL,OPTIMAL
CYRIB,OPTIMAL,OPTIMAL,OPTIMAL,OPTIMAL
ASAP1,OPTIMAL,OPTIMAL,OPTIMAL,OPTIMAL
EFR3A,OPTIMAL,OPTIMAL,OPTIMAL,OPTIMAL
PHF20L1,INFEASIBLE,OPTIMAL,OPTIMAL,INFEASIBLE
NDRG1,OPTIMAL,OPTIMAL,OPTIMAL,OPTIMAL
ST3GAL1,OPTIMAL,OPTIMAL,OPTIMAL,OPTIMAL
ZFAT,OPTIMAL,OPTIMAL,OPTIMAL,OPTIMAL
KHDRBS3,OPTIMAL,OPTIMAL,OPTIMAL,OPTIMAL
TRAPPC9,OPTIMAL,OPTIMAL,OPTIMAL,OPTIMAL
CHRAC1,OPTIMAL,OPTIMAL,OPTIMAL,OPTIMAL
AGO2,INFEASIBLE,OPTIMAL,OPTIMAL,INFEASIBLE
PTK2,OPTIMAL,OPTIMAL,OPTIMAL,OPTIMAL
SLC45A4,OPTIMAL,OPTIMAL,OPTIMAL,OPTIMAL
TSNARE1,OPTIMAL,OPTIMAL,OPTIMAL,OPTIMAL
JRK,OPTIMAL,OPTIMAL,OPTIMAL,OPTIMAL
THEM6,OPTIMAL,OPTIMAL,OPTIMAL,OPTIMAL
LY6E,OPTIMAL,OPTIMAL,OPTIMAL,OPTIMAL
TOP1MT,OPTIMAL,OPTIMAL,OPTIMAL,OPTIMAL
ZC3H3,OPTIMAL,OPTIMAL,OPTIMAL,OPTIMAL
NAPRT,OPTIMAL,OPTIMAL,OPTIMAL,OPTIMAL
EEF1D,OPTIMAL,OPTIMAL,OPTIMAL,OPTIMAL
TIGD5,OPTIMAL,OPTIMAL,OPTIMAL,OPTIMAL
PYCR3,OPTIMAL,OPTIMAL,OPTIMAL,OPTIMAL
GFUS,OPTIMAL,OPTIMAL,OPTIMAL,OPTIMAL
ZNF623,OPTIMAL,OPTIMAL,OPTIMAL,OPTIMAL
SCRIB,OPTIMAL,OPTIMAL,OPTIMAL,OPTIMAL
PUF60,OPTIMAL,OPTIMAL,OPTIMAL,OPTIMAL
PLEC,OPTIMAL,OPTIMAL,OPTIMAL,OPTIMAL
GRINA,OPTIMAL,OPTIMAL,OPTIMAL,OPTIMAL
EXOSC4,OPTIMAL,OPTIMAL,OPTIMAL,OPTIMAL
GPAA1,OPTIMAL,INFEASIBLE,OPTIMAL,OPTIMAL
CYC1,OPTIMAL,OPTIMAL,OPTIMAL,OPTIMAL
SHARPIN,OPTIMAL,OPTIMAL,OPTIMAL,OPTIMAL
MAF1,OPTIMAL,OPTIMAL,OPTIMAL,OPTIMAL
HGH1,OPTIMAL,OPTIMAL,OPTIMAL,OPTIMAL
MROH1,OPTIMAL,OPTIMAL,OPTIMAL,OPTIMAL
BOP1,OPTIMAL,OPTIMAL,OPTIMAL,OPTIMAL
HSF1,OPTIMAL,OPTIMAL,OPTIMAL,OPTIMAL
DGAT1,OPTIMAL,OPTIMAL,OPTIMAL,OPTIMAL
SLC52A2,OPTIMAL,OPTIMAL,OPTIMAL,OPTIMAL
FBXL6,OPTIMAL,OPTIMAL,OPTIMAL,OPTIMAL
CPSF1,OPTIMAL,OPTIMAL,OPTIMAL,OPTIMAL
SLC39A4,OPTIMAL,OPTIMAL,OPTIMAL,OPTIMAL
VPS28,OPTIMAL,OPTIMAL,OPTIMAL,OPTIMAL
TONSL,OPTIMAL,OPTIMAL,OPTIMAL,OPTIMAL
ZFTRAF1,OPTIMAL,INFEASIBLE,OPTIMAL,OPTIMAL
TMEM276,OPTIMAL,OPTIMAL,OPTIMAL,OPTIMAL
PPP1R16A,OPTIMAL,OPTIMAL,OPTIMAL,OPTIMAL
MFSD3,OPTIMAL,OPTIMAL,OPTIMAL,OPTIMAL
RECQL4,OPTIMAL,OPTIMAL,OPTIMAL,OPTIMAL
LRRC14,OPTIMAL,OPTIMAL,OPTIMAL,OPTIMAL
C8orf82,OPTIMAL,OPTIMAL,OPTIMAL,OPTIMAL
ARHGAP39,OPTIMAL,OPTIMAL,OPTIMAL,OPTIMAL
ZNF251,OPTIMAL,OPTIMAL,OPTIMAL,OPTIMAL
ZNF34,OPTIMAL,OPTIMAL,OPTIMAL,OPTIMAL
RPL8,OPTIMAL,OPTIMAL,OPTIMAL,OPTIMAL
ZNF7,OPTIMAL,OPTIMAL,OPTIMAL,OPTIMAL
COMMD5,OPTIMAL,OPTIMAL,OPTIMAL,OPTIMAL
ZNF250,OPTIMAL,OPTIMAL,OPTIMAL,OPTIMAL
ZNF16,OPTIMAL,OPTIMAL,OPTIMAL,OPTIMAL
C8orf33,OPTIMAL,OPTIMAL,OPTIMAL,OPTIMAL
ZNG1A,OPTIMAL,OPTIMAL,OPTIMAL,OPTIMAL
DOCK8,OPTIMAL,OPTIMAL,OPTIMAL,OPTIMAL
KANK1,OPTIMAL,OPTIMAL,OPTIMAL,OPTIMAL
SMARCA2,OPTIMAL,OPTIMAL,OPTIMAL,OPTIMAL
PUM3,OPTIMAL,OPTIMAL,OPTIMAL,OPTIMAL
RFX3,OPTIMAL,OPTIMAL,OPTIMAL,OPTIMAL
GLIS3,OPTIMAL,INFEASIBLE,OPTIMAL,OPTIMAL
SLC1A1,OPTIMAL,OPTIMAL,OPTIMAL,OPTIMAL
CDC37L1,OPTIMAL,OPTIMAL,OPTIMAL,OPTIMAL
AK3,OPTIMAL,OPTIMAL,OPTIMAL,OPTIMAL
RCL1,OPTIMAL,OPTIMAL,OPTIMAL,OPTIMAL
JAK2,OPTIMAL,OPTIMAL,OPTIMAL,OPTIMAL
PLGRKT,OPTIMAL,OPTIMAL,OPTIMAL,OPTIMAL
RIC1,OPTIMAL,OPTIMAL,OPTIMAL,OPTIMAL
ERMP1,OPTIMAL,OPTIMAL,OPTIMAL,OPTIMAL
KIAA2026,OPTIMAL,OPTIMAL,OPTIMAL,OPTIMAL
RANBP6,OPTIMAL,OPTIMAL,INFEASIBLE,OPTIMAL
UHRF2,OPTIMAL,INFEASIBLE,OPTIMAL,OPTIMAL
GLDC,OPTIMAL,OPTIMAL,OPTIMAL,OPTIMAL
KDM4C,OPTIMAL,OPTIMAL,OPTIMAL,OPTIMAL
DMAC1,OPTIMAL,OPTIMAL,OPTIMAL,OPTIMAL
PTPRD,OPTIMAL,INFEASIBLE,OPTIMAL,OPTIMAL
MPDZ,OPTIMAL,OPTIMAL,OPTIMAL,OPTIMAL
NFIB,OPTIMAL,OPTIMAL,OPTIMAL,OPTIMAL
ZDHHC21,OPTIMAL,OPTIMAL,OPTIMAL,OPTIMAL
TTC39B,OPTIMAL,OPTIMAL,OPTIMAL,OPTIMAL
SNAPC3,OPTIMAL,OPTIMAL,OPTIMAL,OPTIMAL
PSIP1,OPTIMAL,OPTIMAL,OPTIMAL,OPTIMAL
CCDC171,OPTIMAL,OPTIMAL,OPTIMAL,OPTIMAL
BNC2,OPTIMAL,INFEASIBLE,OPTIMAL,OPTIMAL
CNTLN,OPTIMAL,OPTIMAL,OPTIMAL,OPTIMAL
SH3GL2,OPTIMAL,OPTIMAL,OPTIMAL,OPTIMAL
ADAMTSL1,OPTIMAL,OPTIMAL,OPTIMAL,OPTIMAL
RRAGA,OPTIMAL,OPTIMAL,OPTIMAL,OPTIMAL
HAUS6,OPTIMAL,OPTIMAL,OPTIMAL,OPTIMAL
PLIN2,OPTIMAL,OPTIMAL,OPTIMAL,OPTIMAL
DENND4C,OPTIMAL,OPTIMAL,OPTIMAL,OPTIMAL
RPS6,OPTIMAL,OPTIMAL,OPTIMAL,OPTIMAL
MLLT3,OPTIMAL,OPTIMAL,OPTIMAL,OPTIMAL
FOCAD,OPTIMAL,INFEASIBLE,OPTIMAL,OPTIMAL
KLHL9,OPTIMAL,OPTIMAL,OPTIMAL,OPTIMAL
MTAP,OPTIMAL,OPTIMAL,OPTIMAL,OPTIMAL
CDKN2A,OPTIMAL,OPTIMAL,OPTIMAL,OPTIMAL
CDKN2B,OPTIMAL,OPTIMAL,OPTIMAL,OPTIMAL
ELAVL2,OPTIMAL,OPTIMAL,OPTIMAL,OPTIMAL
TUSC1,OPTIMAL,OPTIMAL,OPTIMAL,OPTIMAL
CAAP1,INFEASIBLE,OPTIMAL,OPTIMAL,OPTIMAL
PLAA,OPTIMAL,OPTIMAL,OPTIMAL,OPTIMAL
IFT74,OPTIMAL,OPTIMAL,OPTIMAL,OPTIMAL
MOB3B,OPTIMAL,INFEASIBLE,OPTIMAL,OPTIMAL
C9orf72,OPTIMAL,OPTIMAL,OPTIMAL,OPTIMAL
LINGO2,OPTIMAL,OPTIMAL,OPTIMAL,OPTIMAL
ACO1,OPTIMAL,OPTIMAL,OPTIMAL,OPTIMAL
RIGI,OPTIMAL,OPTIMAL,OPTIMAL,OPTIMAL
TOPORS,OPTIMAL,OPTIMAL,OPTIMAL,OPTIMAL
SMIM27,OPTIMAL,OPTIMAL,OPTIMAL,OPTIMAL
NDUFB6,OPTIMAL,OPTIMAL,OPTIMAL,OPTIMAL
APTX,OPTIMAL,OPTIMAL,OPTIMAL,OPTIMAL
DNAJA1,INFEASIBLE,OPTIMAL,OPTIMAL,OPTIMAL
SMU1,OPTIMAL,OPTIMAL,OPTIMAL,OPTIMAL
B4GALT1,OPTIMAL,OPTIMAL,OPTIMAL,OPTIMAL
BAG1,OPTIMAL,OPTIMAL,OPTIMAL,OPTIMAL
CHMP5,INFEASIBLE,OPTIMAL,OPTIMAL,OPTIMAL
NFX1,OPTIMAL,OPTIMAL,OPTIMAL,OPTIMAL
NOL6,OPTIMAL,OPTIMAL,OPTIMAL,OPTIMAL
ANKRD18B,INFEASIBLE,OPTIMAL,OPTIMAL,INFEASIBLE
UBE2R2,OPTIMAL,OPTIMAL,OPTIMAL,OPTIMAL
UBAP2,OPTIMAL,OPTIMAL,OPTIMAL,OPTIMAL
DCAF12,OPTIMAL,OPTIMAL,OPTIMAL,OPTIMAL
UBAP1,OPTIMAL,OPTIMAL,OPTIMAL,OPTIMAL
KIF24,OPTIMAL,OPTIMAL,OPTIMAL,OPTIMAL
NUDT2,OPTIMAL,OPTIMAL,OPTIMAL,OPTIMAL
FAM219A,OPTIMAL,OPTIMAL,OPTIMAL,OPTIMAL
ENHO,OPTIMAL,OPTIMAL,OPTIMAL,OPTIMAL
RPP25L,OPTIMAL,OPTIMAL,OPTIMAL,OPTIMAL
DCTN3,OPTIMAL,OPTIMAL,OPTIMAL,OPTIMAL
SIGMAR1,OPTIMAL,OPTIMAL,OPTIMAL,OPTIMAL
GALT,OPTIMAL,OPTIMAL,OPTIMAL,OPTIMAL
ENSG00000187186,OPTIMAL,OPTIMAL,OPTIMAL,OPTIMAL
VCP,OPTIMAL,OPTIMAL,OPTIMAL,OPTIMAL
FANCG,OPTIMAL,OPTIMAL,OPTIMAL,OPTIMAL
PIGO,OPTIMAL,OPTIMAL,OPTIMAL,OPTIMAL
STOML2,OPTIMAL,OPTIMAL,OPTIMAL,OPTIMAL
UNC13B,OPTIMAL,OPTIMAL,OPTIMAL,OPTIMAL
RUSC2,OPTIMAL,OPTIMAL,OPTIMAL,OPTIMAL
CCDC107,OPTIMAL,OPTIMAL,OPTIMAL,OPTIMAL
ARHGEF39,INFEASIBLE,OPTIMAL,OPTIMAL,OPTIMAL
TLN1,OPTIMAL,OPTIMAL,OPTIMAL,OPTIMAL
CREB3,OPTIMAL,OPTIMAL,OPTIMAL,OPTIMAL
GBA2,OPTIMAL,OPTIMAL,OPTIMAL,OPTIMAL
RGP1,OPTIMAL,OPTIMAL,OPTIMAL,OPTIMAL
HINT2,OPTIMAL,OPTIMAL,OPTIMAL,OPTIMAL
RECK,OPTIMAL,OPTIMAL,OPTIMAL,OPTIMAL
GLIPR2,OPTIMAL,OPTIMAL,OPTIMAL,OPTIMAL
CLTA,OPTIMAL,OPTIMAL,OPTIMAL,OPTIMAL
GNE,OPTIMAL,OPTIMAL,OPTIMAL,OPTIMAL
RNF38,OPTIMAL,OPTIMAL,OPTIMAL,OPTIMAL
MELK,OPTIMAL,OPTIMAL,INFEASIBLE,OPTIMAL
ZCCHC7,INFEASIBLE,OPTIMAL,OPTIMAL,OPTIMAL
GRHPR,OPTIMAL,OPTIMAL,OPTIMAL,OPTIMAL
ZBTB5,OPTIMAL,OPTIMAL,OPTIMAL,OPTIMAL
POLR1E,OPTIMAL,OPTIMAL,OPTIMAL,OPTIMAL
FBXO10,OPTIMAL,OPTIMAL,OPTIMAL,OPTIMAL
TOMM5,OPTIMAL,OPTIMAL,OPTIMAL,OPTIMAL
TRMT10B,OPTIMAL,OPTIMAL,OPTIMAL,OPTIMAL
EXOSC3,OPTIMAL,OPTIMAL,OPTIMAL,OPTIMAL
DCAF10,OPTIMAL,OPTIMAL,OPTIMAL,OPTIMAL
SLC25A51,OPTIMAL,OPTIMAL,OPTIMAL,OPTIMAL
SHB,OPTIMAL,OPTIMAL,OPTIMAL,OPTIMAL
ALDH1B1,OPTIMAL,OPTIMAL,OPTIMAL,OPTIMAL
IGFBPL1,OPTIMAL,OPTIMAL,OPTIMAL,OPTIMAL
ANKRD18A,INFEASIBLE,OPTIMAL,OPTIMAL,INFEASIBLE
CNTNAP3,INFEASIBLE,INFEASIBLE,OPTIMAL,OPTIMAL
ZNG1F,OPTIMAL,INFEASIBLE,OPTIMAL,OPTIMAL
CNTNAP3B,OPTIMAL,INFEASIBLE,OPTIMAL,OPTIMAL
ZNG1E,OPTIMAL,OPTIMAL,OPTIMAL,OPTIMAL
ZNG1C,OPTIMAL,INFEASIBLE,OPTIMAL,OPTIMAL
PIP5K1B,OPTIMAL,OPTIMAL,OPTIMAL,OPTIMAL
PABIR1,OPTIMAL,OPTIMAL,OPTIMAL,OPTIMAL
FXN,OPTIMAL,OPTIMAL,OPTIMAL,OPTIMAL
TJP2,OPTIMAL,OPTIMAL,OPTIMAL,OPTIMAL
PTAR1,OPTIMAL,OPTIMAL,OPTIMAL,OPTIMAL
SMC5,OPTIMAL,OPTIMAL,OPTIMAL,OPTIMAL
KLF9,OPTIMAL,OPTIMAL,OPTIMAL,OPTIMAL
TRPM3,OPTIMAL,OPTIMAL,OPTIMAL,OPTIMAL
CEMIP2,OPTIMAL,OPTIMAL,OPTIMAL,OPTIMAL
ABHD17B,OPTIMAL,OPTIMAL,OPTIMAL,OPTIMAL
C9orf85,OPTIMAL,OPTIMAL,OPTIMAL,OPTIMAL
ZFAND5,OPTIMAL,OPTIMAL,OPTIMAL,OPTIMAL
RORB,OPTIMAL,OPTIMAL,OPTIMAL,OPTIMAL
TRPM6,OPTIMAL,INFEASIBLE,OPTIMAL,OPTIMAL
C9orf40,OPTIMAL,OPTIMAL,OPTIMAL,OPTIMAL
CARNMT1,OPTIMAL,OPTIMAL,OPTIMAL,OPTIMAL
NMRK1,OPTIMAL,OPTIMAL,OPTIMAL,OPTIMAL
OSTF1,OPTIMAL,OPTIMAL,OPTIMAL,OPTIMAL
PCSK5,OPTIMAL,OPTIMAL,OPTIMAL,OPTIMAL
RFK,OPTIMAL,OPTIMAL,OPTIMAL,OPTIMAL
GCNT1,INFEASIBLE,INFEASIBLE,OPTIMAL,INFEASIBLE
VPS13A,OPTIMAL,OPTIMAL,OPTIMAL,OPTIMAL
GNAQ,OPTIMAL,OPTIMAL,OPTIMAL,OPTIMAL
CEP78,OPTIMAL,OPTIMAL,OPTIMAL,OPTIMAL
PSAT1,OPTIMAL,OPTIMAL,OPTIMAL,OPTIMAL
TLE4,OPTIMAL,OPTIMAL,OPTIMAL,OPTIMAL
TLE1,OPTIMAL,OPTIMAL,OPTIMAL,OPTIMAL
RASEF,OPTIMAL,OPTIMAL,OPTIMAL,OPTIMAL
FRMD3,OPTIMAL,OPTIMAL,OPTIMAL,OPTIMAL
UBQLN1,OPTIMAL,OPTIMAL,OPTIMAL,OPTIMAL
GKAP1,OPTIMAL,OPTIMAL,OPTIMAL,OPTIMAL
KIF27,OPTIMAL,OPTIMAL,OPTIMAL,OPTIMAL
C9orf64,OPTIMAL,OPTIMAL,OPTIMAL,OPTIMAL
HNRNPK,INFEASIBLE,OPTIMAL,INFEASIBLE,OPTIMAL
RMI1,OPTIMAL,OPTIMAL,OPTIMAL,OPTIMAL
AGTPBP1,OPTIMAL,OPTIMAL,OPTIMAL,OPTIMAL
NAA35,OPTIMAL,OPTIMAL,OPTIMAL,OPTIMAL
GOLM1,INFEASIBLE,OPTIMAL,OPTIMAL,OPTIMAL
ISCA1,OPTIMAL,OPTIMAL,OPTIMAL,OPTIMAL
TUT7,OPTIMAL,OPTIMAL,OPTIMAL,OPTIMAL
GAS1,OPTIMAL,OPTIMAL,OPTIMAL,OPTIMAL
DAPK1,OPTIMAL,OPTIMAL,OPTIMAL,OPTIMAL
CTSL,OPTIMAL,OPTIMAL,OPTIMAL,OPTIMAL
SPIN1,OPTIMAL,OPTIMAL,OPTIMAL,OPTIMAL
CKS2,OPTIMAL,OPTIMAL,OPTIMAL,OPTIMAL
SECISBP2,OPTIMAL,OPTIMAL,OPTIMAL,OPTIMAL
SEMA4D,OPTIMAL,OPTIMAL,OPTIMAL,OPTIMAL
SYK,OPTIMAL,OPTIMAL,OPTIMAL,OPTIMAL
AUH,OPTIMAL,OPTIMAL,OPTIMAL,OPTIMAL
NFIL3,OPTIMAL,OPTIMAL,OPTIMAL,OPTIMAL
ROR2,OPTIMAL,OPTIMAL,OPTIMAL,OPTIMAL
SPTLC1,OPTIMAL,OPTIMAL,OPTIMAL,OPTIMAL
IARS1,INFEASIBLE,OPTIMAL,OPTIMAL,OPTIMAL
NOL8,INFEASIBLE,OPTIMAL,OPTIMAL,INFEASIBLE
CENPP,OPTIMAL,INFEASIBLE,OPTIMAL,OPTIMAL
OGN,OPTIMAL,OPTIMAL,OPTIMAL,OPTIMAL
ECM2,INFEASIBLE,INFEASIBLE,OPTIMAL,OPTIMAL
IPPK,OPTIMAL,OPTIMAL,OPTIMAL,OPTIMAL
BICD2,OPTIMAL,OPTIMAL,OPTIMAL,OPTIMAL
ZNF484,OPTIMAL,OPTIMAL,OPTIMAL,OPTIMAL
CARD19,OPTIMAL,OPTIMAL,OPTIMAL,OPTIMAL
NINJ1,OPTIMAL,OPTIMAL,OPTIMAL,OPTIMAL
WNK2,OPTIMAL,OPTIMAL,OPTIMAL,OPTIMAL
FAM120AOS,OPTIMAL,OPTIMAL,OPTIMAL,OPTIMAL
FAM120A,INFEASIBLE,OPTIMAL,OPTIMAL,OPTIMAL
PHF2,OPTIMAL,OPTIMAL,OPTIMAL,OPTIMAL
BARX1,OPTIMAL,OPTIMAL,OPTIMAL,OPTIMAL
PTPDC1,OPTIMAL,OPTIMAL,OPTIMAL,OPTIMAL
ZNF169,OPTIMAL,OPTIMAL,OPTIMAL,OPTIMAL
MFSD14B,OPTIMAL,OPTIMAL,OPTIMAL,OPTIMAL
AOPEP,OPTIMAL,OPTIMAL,OPTIMAL,OPTIMAL
FANCC,OPTIMAL,OPTIMAL,OPTIMAL,OPTIMAL
PTCH1,OPTIMAL,OPTIMAL,OPTIMAL,OPTIMAL
ERCC6L2,OPTIMAL,OPTIMAL,OPTIMAL,OPTIMAL
ZNF367,OPTIMAL,OPTIMAL,OPTIMAL,OPTIMAL
HABP4,OPTIMAL,OPTIMAL,OPTIMAL,OPTIMAL
CDC14B,OPTIMAL,INFEASIBLE,OPTIMAL,OPTIMAL
PRXL2C,OPTIMAL,OPTIMAL,OPTIMAL,OPTIMAL
ZNF782,OPTIMAL,OPTIMAL,OPTIMAL,OPTIMAL
CTSV,OPTIMAL,OPTIMAL,OPTIMAL,OPTIMAL
TDRD7,OPTIMAL,OPTIMAL,OPTIMAL,OPTIMAL
TMOD1,OPTIMAL,OPTIMAL,OPTIMAL,OPTIMAL
TSTD2,OPTIMAL,OPTIMAL,OPTIMAL,OPTIMAL
NCBP1,OPTIMAL,OPTIMAL,OPTIMAL,OPTIMAL
XPA,OPTIMAL,OPTIMAL,OPTIMAL,OPTIMAL
TRMO,OPTIMAL,INFEASIBLE,OPTIMAL,OPTIMAL
ANP32B,INFEASIBLE,OPTIMAL,OPTIMAL,INFEASIBLE
NANS,OPTIMAL,OPTIMAL,OPTIMAL,OPTIMAL
TRIM14,OPTIMAL,OPTIMAL,OPTIMAL,OPTIMAL
CORO2A,OPTIMAL,OPTIMAL,OPTIMAL,OPTIMAL
GABBR2,OPTIMAL,OPTIMAL,OPTIMAL,INFEASIBLE
ANKS6,OPTIMAL,OPTIMAL,OPTIMAL,OPTIMAL
GALNT12,OPTIMAL,OPTIMAL,OPTIMAL,OPTIMAL
TGFBR1,OPTIMAL,OPTIMAL,OPTIMAL,OPTIMAL
ALG2,OPTIMAL,OPTIMAL,OPTIMAL,OPTIMAL
SEC61B,OPTIMAL,OPTIMAL,OPTIMAL,OPTIMAL
STX17,OPTIMAL,OPTIMAL,OPTIMAL,OPTIMAL
ERP44,OPTIMAL,OPTIMAL,OPTIMAL,OPTIMAL
INVS,OPTIMAL,OPTIMAL,OPTIMAL,OPTIMAL
TEX10,OPTIMAL,OPTIMAL,OPTIMAL,OPTIMAL
MSANTD3,OPTIMAL,OPTIMAL,OPTIMAL,OPTIMAL
TMEFF1,OPTIMAL,OPTIMAL,OPTIMAL,OPTIMAL
MRPL50,OPTIMAL,OPTIMAL,OPTIMAL,OPTIMAL
ZNF189,INFEASIBLE,OPTIMAL,OPTIMAL,OPTIMAL
PGAP4,OPTIMAL,INFEASIBLE,OPTIMAL,OPTIMAL
RNF20,INFEASIBLE,OPTIMAL,OPTIMAL,OPTIMAL
SMC2,INFEASIBLE,OPTIMAL,OPTIMAL,INFEASIBLE
NIPSNAP3A,OPTIMAL,OPTIMAL,OPTIMAL,OPTIMAL
SLC44A1,OPTIMAL,OPTIMAL,OPTIMAL,OPTIMAL
FSD1L,OPTIMAL,OPTIMAL,OPTIMAL,OPTIMAL
FKTN,OPTIMAL,OPTIMAL,OPTIMAL,OPTIMAL
TMEM38B,OPTIMAL,OPTIMAL,OPTIMAL,OPTIMAL
ZNF462,OPTIMAL,OPTIMAL,OPTIMAL,OPTIMAL
RAD23B,OPTIMAL,OPTIMAL,OPTIMAL,OPTIMAL
ELP1,INFEASIBLE,OPTIMAL,OPTIMAL,OPTIMAL
ABITRAM,OPTIMAL,OPTIMAL,OPTIMAL,OPTIMAL
CTNNAL1,OPTIMAL,OPTIMAL,OPTIMAL,OPTIMAL
TMEM245,OPTIMAL,OPTIMAL,OPTIMAL,OPTIMAL
EPB41L4B,OPTIMAL,INFEASIBLE,OPTIMAL,OPTIMAL
PTPN3,OPTIMAL,OPTIMAL,OPTIMAL,OPTIMAL
PALM2AKAP2,OPTIMAL,OPTIMAL,OPTIMAL,OPTIMAL
TXN,OPTIMAL,OPTIMAL,OPTIMAL,OPTIMAL
LPAR1,OPTIMAL,OPTIMAL,OPTIMAL,OPTIMAL
ECPAS,OPTIMAL,OPTIMAL,OPTIMAL,OPTIMAL
ZNF483,OPTIMAL,OPTIMAL,OPTIMAL,OPTIMAL
DNAJC25,OPTIMAL,INFEASIBLE,OPTIMAL,OPTIMAL
GNG10,OPTIMAL,OPTIMAL,OPTIMAL,OPTIMAL
UGCG,OPTIMAL,OPTIMAL,OPTIMAL,OPTIMAL
SUSD1,OPTIMAL,OPTIMAL,OPTIMAL,OPTIMAL
PTBP3,OPTIMAL,OPTIMAL,OPTIMAL,OPTIMAL
HSDL2,OPTIMAL,OPTIMAL,OPTIMAL,OPTIMAL
KIAA1958,OPTIMAL,INFEASIBLE,OPTIMAL,OPTIMAL
INIP,OPTIMAL,OPTIMAL,OPTIMAL,OPTIMAL
SNX30,OPTIMAL,OPTIMAL,OPTIMAL,OPTIMAL
ZNF883,OPTIMAL,OPTIMAL,OPTIMAL,OPTIMAL
FKBP15,OPTIMAL,OPTIMAL,OPTIMAL,OPTIMAL
SLC31A1,OPTIMAL,OPTIMAL,OPTIMAL,OPTIMAL
CDC26,OPTIMAL,OPTIMAL,OPTIMAL,OPTIMAL
PRPF4,OPTIMAL,OPTIMAL,OPTIMAL,OPTIMAL
HDHD3,OPTIMAL,OPTIMAL,OPTIMAL,OPTIMAL
POLE3,INFEASIBLE,OPTIMAL,OPTIMAL,OPTIMAL
ZNF618,OPTIMAL,OPTIMAL,OPTIMAL,OPTIMAL
COL27A1,OPTIMAL,OPTIMAL,OPTIMAL,OPTIMAL
WHRN,OPTIMAL,OPTIMAL,OPTIMAL,OPTIMAL
ATP6V1G1,OPTIMAL,OPTIMAL,OPTIMAL,OPTIMAL
TMEM268,OPTIMAL,OPTIMAL,OPTIMAL,OPTIMAL
ASTN2,OPTIMAL,INFEASIBLE,OPTIMAL,OPTIMAL
TRIM32,OPTIMAL,OPTIMAL,OPTIMAL,OPTIMAL
CDK5RAP2,INFEASIBLE,OPTIMAL,OPTIMAL,INFEASIBLE
MEGF9,OPTIMAL,OPTIMAL,OPTIMAL,OPTIMAL
FBXW2,OPTIMAL,OPTIMAL,OPTIMAL,OPTIMAL
B3GALT9,OPTIMAL,OPTIMAL,OPTIMAL,OPTIMAL
PSMD5,OPTIMAL,OPTIMAL,OPTIMAL,OPTIMAL
PHF19,OPTIMAL,OPTIMAL,OPTIMAL,OPTIMAL
CNTRL,INFEASIBLE,OPTIMAL,OPTIMAL,OPTIMAL
RAB14,OPTIMAL,OPTIMAL,OPTIMAL,OPTIMAL
STOM,OPTIMAL,OPTIMAL,OPTIMAL,OPTIMAL
DAB2IP,OPTIMAL,OPTIMAL,OPTIMAL,OPTIMAL
TTLL11,OPTIMAL,OPTIMAL,OPTIMAL,OPTIMAL
NDUFA8,OPTIMAL,OPTIMAL,OPTIMAL,OPTIMAL
RBM18,OPTIMAL,OPTIMAL,OPTIMAL,OPTIMAL
MRRF,OPTIMAL,OPTIMAL,OPTIMAL,OPTIMAL
PDCL,OPTIMAL,OPTIMAL,OPTIMAL,OPTIMAL
RC3H2,OPTIMAL,INFEASIBLE,OPTIMAL,OPTIMAL
ZBTB6,INFEASIBLE,INFEASIBLE,OPTIMAL,OPTIMAL
RABGAP1,OPTIMAL,OPTIMAL,OPTIMAL,OPTIMAL
STRBP,OPTIMAL,OPTIMAL,OPTIMAL,OPTIMAL
DENND1A,OPTIMAL,OPTIMAL,OPTIMAL,OPTIMAL
NEK6,OPTIMAL,OPTIMAL,OPTIMAL,OPTIMAL
PSMB7,OPTIMAL,OPTIMAL,OPTIMAL,OPTIMAL
NR6A1,OPTIMAL,INFEASIBLE,OPTIMAL,OPTIMAL
RPL35,OPTIMAL,OPTIMAL,OPTIMAL,OPTIMAL
ARPC5L,OPTIMAL,OPTIMAL,OPTIMAL,OPTIMAL
GOLGA1,OPTIMAL,OPTIMAL,OPTIMAL,OPTIMAL
SCAI,OPTIMAL,OPTIMAL,OPTIMAL,OPTIMAL
PPP6C,OPTIMAL,OPTIMAL,OPTIMAL,OPTIMAL
RABEPK,OPTIMAL,OPTIMAL,OPTIMAL,OPTIMAL
HSPA5,OPTIMAL,OPTIMAL,OPTIMAL,OPTIMAL
GAPVD1,OPTIMAL,OPTIMAL,OPTIMAL,OPTIMAL
MAPKAP1,INFEASIBLE,OPTIMAL,OPTIMAL,OPTIMAL
PBX3,OPTIMAL,OPTIMAL,OPTIMAL,OPTIMAL
MVB12B,OPTIMAL,OPTIMAL,OPTIMAL,OPTIMAL
LMX1B,OPTIMAL,OPTIMAL,OPTIMAL,OPTIMAL
ZBTB43,OPTIMAL,OPTIMAL,OPTIMAL,OPTIMAL
RALGPS1,OPTIMAL,OPTIMAL,OPTIMAL,OPTIMAL
GARNL3,OPTIMAL,OPTIMAL,OPTIMAL,OPTIMAL
SLC2A8,OPTIMAL,OPTIMAL,OPTIMAL,OPTIMAL
ZNF79,OPTIMAL,OPTIMAL,OPTIMAL,OPTIMAL
RPL12,OPTIMAL,OPTIMAL,OPTIMAL,OPTIMAL
LRSAM1,OPTIMAL,OPTIMAL,OPTIMAL,OPTIMAL
NIBAN2,OPTIMAL,INFEASIBLE,OPTIMAL,OPTIMAL
STXBP1,OPTIMAL,OPTIMAL,OPTIMAL,OPTIMAL
PTRH1,OPTIMAL,OPTIMAL,OPTIMAL,OPTIMAL
TOR2A,OPTIMAL,OPTIMAL,OPTIMAL,OPTIMAL
CDK9,OPTIMAL,OPTIMAL,OPTIMAL,OPTIMAL
FPGS,OPTIMAL,OPTIMAL,OPTIMAL,OPTIMAL
AK1,OPTIMAL,OPTIMAL,OPTIMAL,OPTIMAL
ST6GALNAC6,OPTIMAL,OPTIMAL,OPTIMAL,OPTIMAL
DPM2,OPTIMAL,OPTIMAL,OPTIMAL,OPTIMAL
EEIG1,OPTIMAL,OPTIMAL,INFEASIBLE,OPTIMAL
SLC25A25,OPTIMAL,OPTIMAL,OPTIMAL,OPTIMAL
PTGES2,OPTIMAL,OPTIMAL,OPTIMAL,OPTIMAL
BBLN,OPTIMAL,OPTIMAL,OPTIMAL,OPTIMAL
CIZ1,OPTIMAL,OPTIMAL,OPTIMAL,OPTIMAL
DNM1,OPTIMAL,OPTIMAL,OPTIMAL,OPTIMAL
GOLGA2,OPTIMAL,OPTIMAL,OPTIMAL,OPTIMAL
SWI5,OPTIMAL,OPTIMAL,OPTIMAL,OPTIMAL
TRUB2,OPTIMAL,OPTIMAL,OPTIMAL,OPTIMAL
COQ4,OPTIMAL,OPTIMAL,OPTIMAL,OPTIMAL
SLC27A4,OPTIMAL,OPTIMAL,OPTIMAL,OPTIMAL
URM1,OPTIMAL,OPTIMAL,OPTIMAL,OPTIMAL
CERCAM,OPTIMAL,OPTIMAL,OPTIMAL,OPTIMAL
ODF2,OPTIMAL,INFEASIBLE,OPTIMAL,OPTIMAL
GLE1,OPTIMAL,OPTIMAL,OPTIMAL,OPTIMAL
SPTAN1,OPTIMAL,OPTIMAL,OPTIMAL,OPTIMAL
DYNC2I2,OPTIMAL,OPTIMAL,OPTIMAL,OPTIMAL
SET,OPTIMAL,OPTIMAL,OPTIMAL,OPTIMAL
PKN3,OPTIMAL,OPTIMAL,OPTIMAL,OPTIMAL
ZDHHC12,OPTIMAL,OPTIMAL,OPTIMAL,OPTIMAL
ZER1,OPTIMAL,OPTIMAL,OPTIMAL,OPTIMAL
TBC1D13,OPTIMAL,OPTIMAL,OPTIMAL,OPTIMAL
ENDOG,OPTIMAL,OPTIMAL,OPTIMAL,OPTIMAL
SPOUT1,OPTIMAL,OPTIMAL,OPTIMAL,OPTIMAL
KYAT1,OPTIMAL,OPTIMAL,OPTIMAL,OPTIMAL
LRRC8A,OPTIMAL,OPTIMAL,OPTIMAL,OPTIMAL
PHYHD1,OPTIMAL,OPTIMAL,OPTIMAL,OPTIMAL
DOLK,OPTIMAL,OPTIMAL,OPTIMAL,OPTIMAL
NUP188,OPTIMAL,OPTIMAL,OPTIMAL,OPTIMAL
SH3GLB2,OPTIMAL,OPTIMAL,OPTIMAL,OPTIMAL
MIGA2,OPTIMAL,OPTIMAL,OPTIMAL,OPTIMAL
DOLPP1,OPTIMAL,OPTIMAL,OPTIMAL,OPTIMAL
CRAT,OPTIMAL,OPTIMAL,OPTIMAL,OPTIMAL
PTPA,OPTIMAL,OPTIMAL,OPTIMAL,OPTIMAL
NTMT1,OPTIMAL,OPTIMAL,OPTIMAL,OPTIMAL
ASB6,OPTIMAL,OPTIMAL,OPTIMAL,OPTIMAL
TOR1B,OPTIMAL,OPTIMAL,OPTIMAL,OPTIMAL
TOR1A,OPTIMAL,OPTIMAL,OPTIMAL,OPTIMAL
C9orf78,INFEASIBLE,OPTIMAL,OPTIMAL,OPTIMAL
USP20,OPTIMAL,OPTIMAL,OPTIMAL,OPTIMAL
FNBP1,OPTIMAL,OPTIMAL,OPTIMAL,OPTIMAL
GPR107,OPTIMAL,OPTIMAL,OPTIMAL,OPTIMAL
NCS1,OPTIMAL,OPTIMAL,OPTIMAL,OPTIMAL
ASS1,OPTIMAL,OPTIMAL,OPTIMAL,OPTIMAL
FUBP3,OPTIMAL,OPTIMAL,OPTIMAL,OPTIMAL
EXOSC2,OPTIMAL,OPTIMAL,OPTIMAL,OPTIMAL
ABL1,OPTIMAL,OPTIMAL,OPTIMAL,OPTIMAL
LAMC3,OPTIMAL,OPTIMAL,OPTIMAL,OPTIMAL
AIF1L,OPTIMAL,OPTIMAL,OPTIMAL,OPTIMAL
NUP214,OPTIMAL,OPTIMAL,OPTIMAL,OPTIMAL
PLPP7,OPTIMAL,OPTIMAL,OPTIMAL,OPTIMAL
PRRC2B,OPTIMAL,OPTIMAL,OPTIMAL,OPTIMAL
POMT1,OPTIMAL,OPTIMAL,OPTIMAL,OPTIMAL
UCK1,OPTIMAL,OPTIMAL,OPTIMAL,OPTIMAL
RAPGEF1,OPTIMAL,OPTIMAL,OPTIMAL,OPTIMAL
MED27,OPTIMAL,OPTIMAL,OPTIMAL,OPTIMAL
SETX,OPTIMAL,OPTIMAL,OPTIMAL,OPTIMAL
TTF1,OPTIMAL,OPTIMAL,OPTIMAL,OPTIMAL
DDX31,OPTIMAL,OPTIMAL,OPTIMAL,OPTIMAL
GTF3C4,OPTIMAL,OPTIMAL,OPTIMAL,OPTIMAL
SPACA9,OPTIMAL,OPTIMAL,OPTIMAL,OPTIMAL
TSC1,OPTIMAL,OPTIMAL,OPTIMAL,OPTIMAL
GTF3C5,OPTIMAL,OPTIMAL,OPTIMAL,OPTIMAL
RALGDS,OPTIMAL,OPTIMAL,OPTIMAL,OPTIMAL
SURF6,OPTIMAL,OPTIMAL,OPTIMAL,OPTIMAL
MED22,OPTIMAL,OPTIMAL,OPTIMAL,OPTIMAL
RPL7A,OPTIMAL,OPTIMAL,OPTIMAL,OPTIMAL
SURF1,OPTIMAL,OPTIMAL,OPTIMAL,OPTIMAL
SURF2,OPTIMAL,OPTIMAL,OPTIMAL,OPTIMAL
SURF4,OPTIMAL,OPTIMAL,OPTIMAL,OPTIMAL
REXO4,OPTIMAL,OPTIMAL,OPTIMAL,OPTIMAL
ADAMTS13,OPTIMAL,OPTIMAL,OPTIMAL,OPTIMAL
VAV2,OPTIMAL,INFEASIBLE,OPTIMAL,OPTIMAL
BRD3OS,OPTIMAL,OPTIMAL,OPTIMAL,OPTIMAL
BRD3,OPTIMAL,OPTIMAL,OPTIMAL,OPTIMAL
WDR5,OPTIMAL,OPTIMAL,OPTIMAL,OPTIMAL
RXRA,OPTIMAL,OPTIMAL,OPTIMAL,OPTIMAL
PIERCE1,OPTIMAL,OPTIMAL,OPTIMAL,OPTIMAL
MRPS2,OPTIMAL,OPTIMAL,OPTIMAL,OPTIMAL
CAMSAP1,OPTIMAL,OPTIMAL,OPTIMAL,OPTIMAL
UBAC1,OPTIMAL,OPTIMAL,OPTIMAL,OPTIMAL
NACC2,OPTIMAL,OPTIMAL,OPTIMAL,OPTIMAL
TMEM250,OPTIMAL,OPTIMAL,OPTIMAL,OPTIMAL
QSOX2,OPTIMAL,INFEASIBLE,OPTIMAL,OPTIMAL
GPSM1,OPTIMAL,OPTIMAL,OPTIMAL,OPTIMAL
DNLZ,OPTIMAL,OPTIMAL,OPTIMAL,OPTIMAL
SNAPC4,OPTIMAL,INFEASIBLE,OPTIMAL,OPTIMAL
ENTR1,INFEASIBLE,OPTIMAL,OPTIMAL,OPTIMAL
PMPCA,OPTIMAL,INFEASIBLE,OPTIMAL,OPTIMAL
INPP5E,OPTIMAL,OPTIMAL,OPTIMAL,OPTIMAL
SEC16A,OPTIMAL,OPTIMAL,OPTIMAL,OPTIMAL
EGFL7,OPTIMAL,OPTIMAL,OPTIMAL,OPTIMAL
AGPAT2,OPTIMAL,OPTIMAL,OPTIMAL,OPTIMAL
DIPK1B,OPTIMAL,OPTIMAL,OPTIMAL,OPTIMAL
TMEM141,OPTIMAL,OPTIMAL,OPTIMAL,OPTIMAL
RABL6,OPTIMAL,OPTIMAL,OPTIMAL,OPTIMAL
PHPT1,OPTIMAL,OPTIMAL,OPTIMAL,OPTIMAL
EDF1,OPTIMAL,OPTIMAL,OPTIMAL,OPTIMAL
TRAF2,OPTIMAL,OPTIMAL,OPTIMAL,OPTIMAL
FBXW5,OPTIMAL,OPTIMAL,OPTIMAL,OPTIMAL
PAXX,OPTIMAL,OPTIMAL,OPTIMAL,OPTIMAL
NPDC1,OPTIMAL,OPTIMAL,OPTIMAL,OPTIMAL
SAPCD2,OPTIMAL,INFEASIBLE,OPTIMAL,OPTIMAL
MAN1B1,OPTIMAL,OPTIMAL,OPTIMAL,OPTIMAL
SSNA1,OPTIMAL,OPTIMAL,OPTIMAL,OPTIMAL
TPRN,OPTIMAL,OPTIMAL,OPTIMAL,OPTIMAL
TMEM203,OPTIMAL,OPTIMAL,OPTIMAL,OPTIMAL
NDOR1,OPTIMAL,OPTIMAL,OPTIMAL,OPTIMAL
TUBB4B,OPTIMAL,OPTIMAL,OPTIMAL,OPTIMAL
NELFB,OPTIMAL,OPTIMAL,OPTIMAL,OPTIMAL
NRARP,OPTIMAL,OPTIMAL,OPTIMAL,OPTIMAL
EXD3,OPTIMAL,OPTIMAL,OPTIMAL,OPTIMAL
NOXA1,OPTIMAL,OPTIMAL,OPTIMAL,OPTIMAL
NSMF,OPTIMAL,OPTIMAL,OPTIMAL,OPTIMAL
MRPL41,OPTIMAL,OPTIMAL,OPTIMAL,OPTIMAL
DPH7,OPTIMAL,OPTIMAL,OPTIMAL,OPTIMAL
ZMYND19,OPTIMAL,OPTIMAL,OPTIMAL,OPTIMAL
ARRDC1,OPTIMAL,OPTIMAL,OPTIMAL,OPTIMAL
EHMT1,OPTIMAL,OPTIMAL,OPTIMAL,OPTIMAL
ZMYND11,INFEASIBLE,OPTIMAL,OPTIMAL,OPTIMAL
DIP2C,OPTIMAL,OPTIMAL,OPTIMAL,OPTIMAL
LARP4B,OPTIMAL,OPTIMAL,OPTIMAL,OPTIMAL
GTPBP4,INFEASIBLE,OPTIMAL,OPTIMAL,OPTIMAL
IDI1,OPTIMAL,OPTIMAL,OPTIMAL,OPTIMAL
WDR37,OPTIMAL,OPTIMAL,OPTIMAL,OPTIMAL
PFKP,OPTIMAL,OPTIMAL,OPTIMAL,OPTIMAL
PITRM1,OPTIMAL,OPTIMAL,OPTIMAL,OPTIMAL
KLF6,OPTIMAL,OPTIMAL,OPTIMAL,OPTIMAL
NET1,OPTIMAL,OPTIMAL,OPTIMAL,OPTIMAL
ASB13,OPTIMAL,OPTIMAL,OPTIMAL,OPTIMAL
TASOR2,OPTIMAL,OPTIMAL,OPTIMAL,OPTIMAL
GDI2,OPTIMAL,OPTIMAL,OPTIMAL,OPTIMAL
ANKRD16,OPTIMAL,OPTIMAL,OPTIMAL,OPTIMAL
FBH1,OPTIMAL,OPTIMAL,OPTIMAL,OPTIMAL
IL2RA,OPTIMAL,OPTIMAL,OPTIMAL,INFEASIBLE
RBM17,OPTIMAL,OPTIMAL,OPTIMAL,OPTIMAL
PFKFB3,OPTIMAL,OPTIMAL,OPTIMAL,OPTIMAL
PRKCQ,OPTIMAL,OPTIMAL,OPTIMAL,OPTIMAL
SFMBT2,OPTIMAL,OPTIMAL,OPTIMAL,OPTIMAL
KIN,OPTIMAL,OPTIMAL,OPTIMAL,OPTIMAL
ATP5F1C,OPTIMAL,OPTIMAL,OPTIMAL,OPTIMAL
TAF3,OPTIMAL,OPTIMAL,OPTIMAL,OPTIMAL
GATA3,OPTIMAL,OPTIMAL,OPTIMAL,OPTIMAL
CELF2,OPTIMAL,OPTIMAL,OPTIMAL,OPTIMAL
USP6NL,OPTIMAL,OPTIMAL,OPTIMAL,OPTIMAL
PROSER2,OPTIMAL,OPTIMAL,OPTIMAL,OPTIMAL
UPF2,OPTIMAL,OPTIMAL,OPTIMAL,OPTIMAL
DHTKD1,OPTIMAL,OPTIMAL,OPTIMAL,OPTIMAL
SEC61A2,OPTIMAL,OPTIMAL,OPTIMAL,OPTIMAL
NUDT5,OPTIMAL,OPTIMAL,OPTIMAL,OPTIMAL
CDC123,OPTIMAL,OPTIMAL,OPTIMAL,OPTIMAL
CAMK1D,OPTIMAL,OPTIMAL,OPTIMAL,OPTIMAL
CCDC3,OPTIMAL,OPTIMAL,OPTIMAL,OPTIMAL
OPTN,OPTIMAL,OPTIMAL,OPTIMAL,OPTIMAL
MCM10,OPTIMAL,OPTIMAL,OPTIMAL,OPTIMAL
PHYH,OPTIMAL,OPTIMAL,OPTIMAL,OPTIMAL
SEPHS1,OPTIMAL,OPTIMAL,OPTIMAL,OPTIMAL
BEND7,OPTIMAL,OPTIMAL,OPTIMAL,OPTIMAL
PRPF18,OPTIMAL,OPTIMAL,OPTIMAL,OPTIMAL
FRMD4A,OPTIMAL,OPTIMAL,OPTIMAL,OPTIMAL
FAM107B,OPTIMAL,OPTIMAL,OPTIMAL,OPTIMAL
MSANTD7,OPTIMAL,OPTIMAL,OPTIMAL,OPTIMAL
HSPA14,OPTIMAL,OPTIMAL,OPTIMAL,OPTIMAL
SUV39H2,OPTIMAL,OPTIMAL,OPTIMAL,OPTIMAL
DCLRE1C,INFEASIBLE,OPTIMAL,OPTIMAL,OPTIMAL
RPP38,OPTIMAL,OPTIMAL,OPTIMAL,OPTIMAL
NMT2,OPTIMAL,OPTIMAL,OPTIMAL,OPTIMAL
FAM171A1,OPTIMAL,OPTIMAL,OPTIMAL,OPTIMAL
ITGA8,OPTIMAL,OPTIMAL,OPTIMAL,OPTIMAL
MINDY3,OPTIMAL,OPTIMAL,OPTIMAL,OPTIMAL
PTER,OPTIMAL,OPTIMAL,OPTIMAL,OPTIMAL
RSU1,OPTIMAL,OPTIMAL,OPTIMAL,OPTIMAL
TRDMT1,OPTIMAL,OPTIMAL,OPTIMAL,OPTIMAL
VIM,OPTIMAL,OPTIMAL,OPTIMAL,OPTIMAL
HACD1,OPTIMAL,OPTIMAL,OPTIMAL,OPTIMAL
STAM,OPTIMAL,OPTIMAL,OPTIMAL,OPTIMAL
CACNB2,OPTIMAL,OPTIMAL,OPTIMAL,OPTIMAL
NSUN6,OPTIMAL,OPTIMAL,OPTIMAL,OPTIMAL
ARL5B,INFEASIBLE,OPTIMAL,OPTIMAL,OPTIMAL
PLXDC2,OPTIMAL,OPTIMAL,OPTIMAL,OPTIMAL
NEBL,OPTIMAL,OPTIMAL,OPTIMAL,OPTIMAL
SKIDA1,OPTIMAL,OPTIMAL,OPTIMAL,OPTIMAL
MLLT10,OPTIMAL,OPTIMAL,OPTIMAL,OPTIMAL
DNAJC1,OPTIMAL,OPTIMAL,OPTIMAL,OPTIMAL
COMMD3,OPTIMAL,OPTIMAL,OPTIMAL,OPTIMAL
BMI1,INFEASIBLE,OPTIMAL,OPTIMAL,OPTIMAL
PIP4K2A,OPTIMAL,OPTIMAL,OPTIMAL,OPTIMAL
ARMC3,OPTIMAL,OPTIMAL,OPTIMAL,OPTIMAL
MSRB2,OPTIMAL,OPTIMAL,OPTIMAL,OPTIMAL
KIAA1217,OPTIMAL,OPTIMAL,OPTIMAL,OPTIMAL
ARHGAP21,INFEASIBLE,OPTIMAL,OPTIMAL,OPTIMAL
PRTFDC1,OPTIMAL,OPTIMAL,OPTIMAL,OPTIMAL
THNSL1,OPTIMAL,INFEASIBLE,OPTIMAL,OPTIMAL
MYO3A,OPTIMAL,OPTIMAL,OPTIMAL,OPTIMAL
PDSS1,OPTIMAL,OPTIMAL,OPTIMAL,OPTIMAL
ABI1,OPTIMAL,OPTIMAL,OPTIMAL,OPTIMAL
ANKRD26,OPTIMAL,OPTIMAL,OPTIMAL,OPTIMAL
YME1L1,OPTIMAL,OPTIMAL,OPTIMAL,OPTIMAL
MASTL,OPTIMAL,OPTIMAL,OPTIMAL,OPTIMAL
ACBD5,OPTIMAL,OPTIMAL,OPTIMAL,OPTIMAL
RAB18,OPTIMAL,OPTIMAL,OPTIMAL,OPTIMAL
MKX,OPTIMAL,OPTIMAL,OPTIMAL,OPTIMAL
ODAD2,INFEASIBLE,OPTIMAL,OPTIMAL,OPTIMAL
MPP7,OPTIMAL,OPTIMAL,OPTIMAL,OPTIMAL
WAC,OPTIMAL,OPTIMAL,OPTIMAL,OPTIMAL
BAMBI,OPTIMAL,OPTIMAL,OPTIMAL,OPTIMAL
SVIL,OPTIMAL,OPTIMAL,OPTIMAL,OPTIMAL
JCAD,OPTIMAL,OPTIMAL,OPTIMAL,OPTIMAL
MTPAP,OPTIMAL,OPTIMAL,OPTIMAL,OPTIMAL
MAP3K8,OPTIMAL,OPTIMAL,OPTIMAL,OPTIMAL
ZNF438,OPTIMAL,OPTIMAL,OPTIMAL,OPTIMAL
ZEB1,INFEASIBLE,OPTIMAL,OPTIMAL,INFEASIBLE
ARHGAP12,OPTIMAL,OPTIMAL,OPTIMAL,OPTIMAL
KIF5B,INFEASIBLE,OPTIMAL,OPTIMAL,INFEASIBLE
EPC1,OPTIMAL,INFEASIBLE,OPTIMAL,OPTIMAL
CCDC7,OPTIMAL,OPTIMAL,OPTIMAL,OPTIMAL
ITGB1,OPTIMAL,OPTIMAL,OPTIMAL,OPTIMAL
NRP1,OPTIMAL,OPTIMAL,OPTIMAL,OPTIMAL
PARD3,OPTIMAL,OPTIMAL,OPTIMAL,OPTIMAL
CUL2,INFEASIBLE,OPTIMAL,INFEASIBLE,OPTIMAL
CREM,OPTIMAL,OPTIMAL,OPTIMAL,OPTIMAL
CCNY,OPTIMAL,OPTIMAL,OPTIMAL,OPTIMAL
FZD8,OPTIMAL,OPTIMAL,OPTIMAL,OPTIMAL
ZNF248,OPTIMAL,OPTIMAL,OPTIMAL,OPTIMAL
ZNF33A,OPTIMAL,OPTIMAL,OPTIMAL,OPTIMAL
ZNF37A,INFEASIBLE,OPTIMAL,OPTIMAL,INFEASIBLE
ZNF33B,OPTIMAL,OPTIMAL,OPTIMAL,OPTIMAL
BMS1,INFEASIBLE,OPTIMAL,INFEASIBLE,INFEASIBLE
CSGALNACT2,OPTIMAL,OPTIMAL,OPTIMAL,OPTIMAL
HNRNPF,INFEASIBLE,OPTIMAL,OPTIMAL,INFEASIBLE
ZNF239,OPTIMAL,INFEASIBLE,OPTIMAL,OPTIMAL
ZNF485,OPTIMAL,INFEASIBLE,OPTIMAL,OPTIMAL
ZNF32,OPTIMAL,OPTIMAL,OPTIMAL,OPTIMAL
ZNF22,OPTIMAL,OPTIMAL,OPTIMAL,OPTIMAL
MARCHF8,OPTIMAL,OPTIMAL,OPTIMAL,OPTIMAL
ZFAND4,OPTIMAL,INFEASIBLE,OPTIMAL,OPTIMAL
WASHC2C,OPTIMAL,OPTIMAL,OPTIMAL,OPTIMAL
TIMM23,OPTIMAL,OPTIMAL,OPTIMAL,OPTIMAL
NCOA4,INFEASIBLE,OPTIMAL,OPTIMAL,OPTIMAL
FAM25G,OPTIMAL,OPTIMAL,OPTIMAL,INFEASIBLE
MAPK8,OPTIMAL,INFEASIBLE,OPTIMAL,OPTIMAL
ARHGAP22,OPTIMAL,OPTIMAL,OPTIMAL,OPTIMAL
ERCC6,OPTIMAL,OPTIMAL,OPTIMAL,OPTIMAL
PARG,OPTIMAL,OPTIMAL,OPTIMAL,OPTIMAL
TIMM23B,OPTIMAL,INFEASIBLE,OPTIMAL,OPTIMAL
AGAP6,OPTIMAL,OPTIMAL,OPTIMAL,OPTIMAL
WASHC2A,INFEASIBLE,OPTIMAL,OPTIMAL,OPTIMAL
SGMS1,OPTIMAL,INFEASIBLE,OPTIMAL,OPTIMAL
PRKG1,OPTIMAL,INFEASIBLE,OPTIMAL,OPTIMAL
CSTF2T,INFEASIBLE,OPTIMAL,OPTIMAL,INFEASIBLE
PCDH15,OPTIMAL,OPTIMAL,OPTIMAL,OPTIMAL
ZWINT,OPTIMAL,OPTIMAL,OPTIMAL,OPTIMAL
IPMK,OPTIMAL,INFEASIBLE,OPTIMAL,OPTIMAL
CISD1,OPTIMAL,OPTIMAL,OPTIMAL,OPTIMAL
UBE2D1,OPTIMAL,OPTIMAL,OPTIMAL,OPTIMAL
TFAM,INFEASIBLE,OPTIMAL,OPTIMAL,OPTIMAL
BICC1,OPTIMAL,OPTIMAL,OPTIMAL,OPTIMAL
FAM13C,INFEASIBLE,INFEASIBLE,INFEASIBLE,OPTIMAL
SLC16A9,OPTIMAL,OPTIMAL,OPTIMAL,OPTIMAL
CCDC6,OPTIMAL,OPTIMAL,OPTIMAL,OPTIMAL
ANK3,OPTIMAL,OPTIMAL,OPTIMAL,OPTIMAL
CDK1,INFEASIBLE,OPTIMAL,OPTIMAL,OPTIMAL
RHOBTB1,OPTIMAL,OPTIMAL,OPTIMAL,OPTIMAL
ARID5B,OPTIMAL,OPTIMAL,OPTIMAL,OPTIMAL
RTKN2,OPTIMAL,OPTIMAL,OPTIMAL,OPTIMAL
ADO,OPTIMAL,OPTIMAL,OPTIMAL,OPTIMAL
NRBF2,OPTIMAL,OPTIMAL,OPTIMAL,OPTIMAL
JMJD1C,OPTIMAL,OPTIMAL,OPTIMAL,OPTIMAL
REEP3,OPTIMAL,OPTIMAL,OPTIMAL,OPTIMAL
CTNNA3,OPTIMAL,OPTIMAL,OPTIMAL,OPTIMAL
DNAJC12,OPTIMAL,OPTIMAL,OPTIMAL,OPTIMAL
SIRT1,OPTIMAL,OPTIMAL,OPTIMAL,OPTIMAL
HERC4,OPTIMAL,OPTIMAL,OPTIMAL,OPTIMAL
PBLD,OPTIMAL,INFEASIBLE,OPTIMAL,OPTIMAL
HNRNPH3,INFEASIBLE,OPTIMAL,INFEASIBLE,OPTIMAL
RUFY2,OPTIMAL,OPTIMAL,OPTIMAL,OPTIMAL
DNA2,OPTIMAL,OPTIMAL,OPTIMAL,OPTIMAL
SLC25A16,OPTIMAL,OPTIMAL,OPTIMAL,OPTIMAL
TET1,OPTIMAL,OPTIMAL,OPTIMAL,OPTIMAL
CCAR1,INFEASIBLE,OPTIMAL,INFEASIBLE,OPTIMAL
STOX1,OPTIMAL,OPTIMAL,OPTIMAL,OPTIMAL
DDX50,OPTIMAL,OPTIMAL,OPTIMAL,OPTIMAL
DDX21,OPTIMAL,OPTIMAL,OPTIMAL,OPTIMAL
KIFBP,OPTIMAL,OPTIMAL,OPTIMAL,OPTIMAL
VPS26A,INFEASIBLE,OPTIMAL,OPTIMAL,OPTIMAL
SUPV3L1,OPTIMAL,OPTIMAL,OPTIMAL,OPTIMAL
HK1,OPTIMAL,OPTIMAL,OPTIMAL,OPTIMAL
TSPAN15,OPTIMAL,OPTIMAL,OPTIMAL,OPTIMAL
FAM241B,OPTIMAL,INFEASIBLE,OPTIMAL,OPTIMAL
MACROH2A2,OPTIMAL,OPTIMAL,OPTIMAL,OPTIMAL
TYSND1,OPTIMAL,OPTIMAL,OPTIMAL,OPTIMAL
SAR1A,OPTIMAL,OPTIMAL,OPTIMAL,OPTIMAL
PPA1,OPTIMAL,OPTIMAL,OPTIMAL,OPTIMAL
LRRC20,OPTIMAL,OPTIMAL,OPTIMAL,OPTIMAL
EIF4EBP2,OPTIMAL,OPTIMAL,OPTIMAL,OPTIMAL
PALD1,OPTIMAL,OPTIMAL,OPTIMAL,OPTIMAL
SGPL1,OPTIMAL,OPTIMAL,OPTIMAL,OPTIMAL
PCBD1,OPTIMAL,OPTIMAL,OPTIMAL,OPTIMAL
UNC5B,OPTIMAL,OPTIMAL,OPTIMAL,OPTIMAL
PSAP,OPTIMAL,OPTIMAL,OPTIMAL,OPTIMAL
CHST3,OPTIMAL,OPTIMAL,OPTIMAL,OPTIMAL
ASCC1,OPTIMAL,OPTIMAL,OPTIMAL,OPTIMAL
ANAPC16,OPTIMAL,OPTIMAL,OPTIMAL,OPTIMAL
DDIT4,OPTIMAL,OPTIMAL,OPTIMAL,OPTIMAL
DNAJB12,OPTIMAL,OPTIMAL,OPTIMAL,OPTIMAL
MICU1,OPTIMAL,OPTIMAL,OPTIMAL,OPTIMAL
MCU,OPTIMAL,OPTIMAL,OPTIMAL,OPTIMAL
P4HA1,OPTIMAL,OPTIMAL,OPTIMAL,OPTIMAL
NUDT13,OPTIMAL,OPTIMAL,OPTIMAL,OPTIMAL
ECD,OPTIMAL,OPTIMAL,OPTIMAL,OPTIMAL
FAM149B1,OPTIMAL,OPTIMAL,OPTIMAL,OPTIMAL
DNAJC9,OPTIMAL,OPTIMAL,OPTIMAL,OPTIMAL
MRPS16,OPTIMAL,OPTIMAL,OPTIMAL,OPTIMAL
ANXA7,OPTIMAL,OPTIMAL,OPTIMAL,OPTIMAL
PPP3CB,OPTIMAL,OPTIMAL,OPTIMAL,OPTIMAL
USP54,OPTIMAL,OPTIMAL,OPTIMAL,OPTIMAL
SEC24C,OPTIMAL,OPTIMAL,OPTIMAL,OPTIMAL
FUT11,OPTIMAL,OPTIMAL,OPTIMAL,OPTIMAL
CHCHD1,OPTIMAL,OPTIMAL,OPTIMAL,OPTIMAL
ZSWIM8,OPTIMAL,OPTIMAL,OPTIMAL,OPTIMAL
NDST2,OPTIMAL,OPTIMAL,OPTIMAL,OPTIMAL
CAMK2G,OPTIMAL,OPTIMAL,OPTIMAL,OPTIMAL
VCL,INFEASIBLE,OPTIMAL,OPTIMAL,OPTIMAL
AP3M1,OPTIMAL,OPTIMAL,OPTIMAL,OPTIMAL
ADK,OPTIMAL,OPTIMAL,OPTIMAL,OPTIMAL
KAT6B,OPTIMAL,OPTIMAL,OPTIMAL,OPTIMAL
SAMD8,OPTIMAL,OPTIMAL,OPTIMAL,OPTIMAL
VDAC2,OPTIMAL,OPTIMAL,OPTIMAL,OPTIMAL
COMTD1,OPTIMAL,OPTIMAL,OPTIMAL,OPTIMAL
ZNF503,OPTIMAL,OPTIMAL,OPTIMAL,OPTIMAL
LRMDA,INFEASIBLE,OPTIMAL,OPTIMAL,OPTIMAL
DLG5,OPTIMAL,OPTIMAL,OPTIMAL,OPTIMAL
POLR3A,OPTIMAL,OPTIMAL,OPTIMAL,OPTIMAL
RPS24,OPTIMAL,OPTIMAL,OPTIMAL,OPTIMAL
ZMIZ1,OPTIMAL,OPTIMAL,OPTIMAL,OPTIMAL
PPIF,OPTIMAL,OPTIMAL,OPTIMAL,OPTIMAL
ZCCHC24,OPTIMAL,OPTIMAL,OPTIMAL,OPTIMAL
EIF5AL1,OPTIMAL,OPTIMAL,OPTIMAL,OPTIMAL
TMEM254,OPTIMAL,OPTIMAL,OPTIMAL,OPTIMAL
ANXA11,OPTIMAL,OPTIMAL,OPTIMAL,OPTIMAL
PRXL2A,OPTIMAL,OPTIMAL,OPTIMAL,OPTIMAL
TSPAN14,OPTIMAL,OPTIMAL,OPTIMAL,OPTIMAL
GHITM,OPTIMAL,OPTIMAL,OPTIMAL,OPTIMAL
CCSER2,OPTIMAL,OPTIMAL,OPTIMAL,OPTIMAL
GRID1,OPTIMAL,OPTIMAL,OPTIMAL,OPTIMAL
WAPL,INFEASIBLE,OPTIMAL,OPTIMAL,OPTIMAL
BMPR1A,OPTIMAL,INFEASIBLE,OPTIMAL,OPTIMAL
GLUD1,OPTIMAL,OPTIMAL,OPTIMAL,OPTIMAL
SHLD2,OPTIMAL,OPTIMAL,OPTIMAL,OPTIMAL
MINPP1,OPTIMAL,OPTIMAL,OPTIMAL,OPTIMAL
PAPSS2,OPTIMAL,INFEASIBLE,OPTIMAL,OPTIMAL
ATAD1,OPTIMAL,OPTIMAL,OPTIMAL,OPTIMAL
PTEN,OPTIMAL,OPTIMAL,OPTIMAL,OPTIMAL
STAMBPL1,OPTIMAL,OPTIMAL,OPTIMAL,OPTIMAL
LIPA,OPTIMAL,OPTIMAL,OPTIMAL,OPTIMAL
IFIT5,OPTIMAL,OPTIMAL,OPTIMAL,OPTIMAL
PANK1,OPTIMAL,OPTIMAL,OPTIMAL,OPTIMAL
KIF20B,INFEASIBLE,OPTIMAL,OPTIMAL,INFEASIBLE
RPP30,OPTIMAL,OPTIMAL,OPTIMAL,OPTIMAL
PCGF5,OPTIMAL,OPTIMAL,OPTIMAL,OPTIMAL
HECTD2,OPTIMAL,OPTIMAL,OPTIMAL,OPTIMAL
TNKS2,INFEASIBLE,OPTIMAL,OPTIMAL,OPTIMAL
BTAF1,OPTIMAL,OPTIMAL,OPTIMAL,OPTIMAL
CPEB3,OPTIMAL,OPTIMAL,OPTIMAL,OPTIMAL
MARCHF5,OPTIMAL,OPTIMAL,OPTIMAL,OPTIMAL
IDE,OPTIMAL,OPTIMAL,OPTIMAL,OPTIMAL
KIF11,INFEASIBLE,OPTIMAL,INFEASIBLE,INFEASIBLE
EXOC6,OPTIMAL,OPTIMAL,OPTIMAL,OPTIMAL
CEP55,INFEASIBLE,OPTIMAL,OPTIMAL,INFEASIBLE
FRA10AC1,INFEASIBLE,OPTIMAL,OPTIMAL,OPTIMAL
SLC35G1,OPTIMAL,OPTIMAL,OPTIMAL,OPTIMAL
PLCE1,OPTIMAL,OPTIMAL,OPTIMAL,OPTIMAL
NOC3L,INFEASIBLE,OPTIMAL,OPTIMAL,OPTIMAL
TBC1D12,OPTIMAL,OPTIMAL,OPTIMAL,OPTIMAL
HELLS,OPTIMAL,OPTIMAL,OPTIMAL,OPTIMAL
PDLIM1,OPTIMAL,OPTIMAL,OPTIMAL,OPTIMAL
SORBS1,OPTIMAL,OPTIMAL,OPTIMAL,OPTIMAL
ALDH18A1,OPTIMAL,OPTIMAL,OPTIMAL,OPTIMAL
TCTN3,OPTIMAL,OPTIMAL,OPTIMAL,OPTIMAL
CCNJ,INFEASIBLE,OPTIMAL,OPTIMAL,OPTIMAL
ZNF518A,OPTIMAL,OPTIMAL,OPTIMAL,OPTIMAL
TM9SF3,INFEASIBLE,OPTIMAL,INFEASIBLE,OPTIMAL
PIK3AP1,OPTIMAL,OPTIMAL,OPTIMAL,OPTIMAL
LCOR,INFEASIBLE,OPTIMAL,OPTIMAL,OPTIMAL
ARHGAP19,OPTIMAL,OPTIMAL,OPTIMAL,OPTIMAL
FRAT2,OPTIMAL,OPTIMAL,OPTIMAL,OPTIMAL
RRP12,OPTIMAL,OPTIMAL,OPTIMAL,OPTIMAL
PGAM1,OPTIMAL,OPTIMAL,OPTIMAL,OPTIMAL
EXOSC1,OPTIMAL,OPTIMAL,OPTIMAL,OPTIMAL
ZDHHC16,OPTIMAL,OPTIMAL,OPTIMAL,OPTIMAL
MMS19,OPTIMAL,OPTIMAL,OPTIMAL,OPTIMAL
UBTD1,OPTIMAL,OPTIMAL,OPTIMAL,OPTIMAL
MORN4,OPTIMAL,OPTIMAL,OPTIMAL,OPTIMAL
PI4K2A,OPTIMAL,OPTIMAL,OPTIMAL,OPTIMAL
AVPI1,OPTIMAL,INFEASIBLE,OPTIMAL,OPTIMAL
MARVELD1,OPTIMAL,OPTIMAL,OPTIMAL,OPTIMAL
ZFYVE27,OPTIMAL,OPTIMAL,OPTIMAL,OPTIMAL
R3HCC1L,OPTIMAL,OPTIMAL,OPTIMAL,OPTIMAL
HPS1,OPTIMAL,OPTIMAL,OPTIMAL,OPTIMAL
CNNM1,OPTIMAL,OPTIMAL,OPTIMAL,OPTIMAL
GOT1,OPTIMAL,OPTIMAL,OPTIMAL,OPTIMAL
SLC25A28,OPTIMAL,OPTIMAL,OPTIMAL,OPTIMAL
ENTPD7,OPTIMAL,OPTIMAL,OPTIMAL,OPTIMAL
CUTC,OPTIMAL,OPTIMAL,OPTIMAL,OPTIMAL
COX15,OPTIMAL,OPTIMAL,OPTIMAL,OPTIMAL
DNMBP,OPTIMAL,OPTIMAL,OPTIMAL,OPTIMAL
ERLIN1,OPTIMAL,OPTIMAL,OPTIMAL,OPTIMAL
CHUK,OPTIMAL,OPTIMAL,OPTIMAL,OPTIMAL
CWF19L1,OPTIMAL,OPTIMAL,OPTIMAL,OPTIMAL
BLOC1S2,OPTIMAL,OPTIMAL,OPTIMAL,OPTIMAL
SCD,OPTIMAL,OPTIMAL,OPTIMAL,OPTIMAL
NDUFB8,OPTIMAL,OPTIMAL,OPTIMAL,OPTIMAL
HIF1AN,OPTIMAL,OPTIMAL,OPTIMAL,OPTIMAL
SLF2,OPTIMAL,OPTIMAL,OPTIMAL,OPTIMAL
MRPL43,OPTIMAL,OPTIMAL,OPTIMAL,OPTIMAL
TWNK,INFEASIBLE,OPTIMAL,OPTIMAL,OPTIMAL
LZTS2,OPTIMAL,OPTIMAL,OPTIMAL,OPTIMAL
BTRC,OPTIMAL,OPTIMAL,OPTIMAL,OPTIMAL
DPCD,OPTIMAL,OPTIMAL,OPTIMAL,OPTIMAL
POLL,OPTIMAL,OPTIMAL,OPTIMAL,OPTIMAL
FBXW4,OPTIMAL,INFEASIBLE,OPTIMAL,OPTIMAL
NPM3,OPTIMAL,OPTIMAL,OPTIMAL,OPTIMAL
OGA,OPTIMAL,OPTIMAL,OPTIMAL,OPTIMAL
ARMH3,OPTIMAL,OPTIMAL,OPTIMAL,OPTIMAL
HPS6,OPTIMAL,OPTIMAL,OPTIMAL,OPTIMAL
LDB1,OPTIMAL,OPTIMAL,OPTIMAL,OPTIMAL
PPRC1,OPTIMAL,OPTIMAL,OPTIMAL,OPTIMAL
NOLC1,INFEASIBLE,OPTIMAL,OPTIMAL,OPTIMAL
GBF1,OPTIMAL,OPTIMAL,OPTIMAL,OPTIMAL
FBXL15,OPTIMAL,OPTIMAL,OPTIMAL,OPTIMAL
CUEDC2,OPTIMAL,OPTIMAL,OPTIMAL,OPTIMAL
C10orf95,INFEASIBLE,INFEASIBLE,OPTIMAL,INFEASIBLE
MFSD13A,OPTIMAL,OPTIMAL,OPTIMAL,OPTIMAL
ACTR1A,OPTIMAL,OPTIMAL,OPTIMAL,OPTIMAL
SUFU,OPTIMAL,INFEASIBLE,OPTIMAL,OPTIMAL
TRIM8,OPTIMAL,OPTIMAL,OPTIMAL,OPTIMAL
ARL3,OPTIMAL,OPTIMAL,OPTIMAL,OPTIMAL
SFXN2,OPTIMAL,OPTIMAL,OPTIMAL,OPTIMAL
WBP1L,OPTIMAL,OPTIMAL,OPTIMAL,OPTIMAL
BORCS7,OPTIMAL,OPTIMAL,OPTIMAL,OPTIMAL
AS3MT,OPTIMAL,OPTIMAL,OPTIMAL,OPTIMAL
CNNM2,OPTIMAL,OPTIMAL,OPTIMAL,OPTIMAL
NT5C2,OPTIMAL,OPTIMAL,OPTIMAL,OPTIMAL
PCGF6,OPTIMAL,OPTIMAL,OPTIMAL,OPTIMAL
TAF5,OPTIMAL,OPTIMAL,OPTIMAL,OPTIMAL
ATP5MK,OPTIMAL,OPTIMAL,OPTIMAL,OPTIMAL
PDCD11,OPTIMAL,OPTIMAL,OPTIMAL,OPTIMAL
SH3PXD2A,OPTIMAL,OPTIMAL,OPTIMAL,OPTIMAL
STN1,OPTIMAL,OPTIMAL,OPTIMAL,OPTIMAL
SLK,INFEASIBLE,OPTIMAL,INFEASIBLE,INFEASIBLE
SFR1,OPTIMAL,OPTIMAL,OPTIMAL,OPTIMAL
GSTO1,OPTIMAL,OPTIMAL,OPTIMAL,OPTIMAL
GSTO2,OPTIMAL,OPTIMAL,OPTIMAL,OPTIMAL
XPNPEP1,OPTIMAL,OPTIMAL,OPTIMAL,OPTIMAL
ADD3,OPTIMAL,OPTIMAL,OPTIMAL,OPTIMAL
MXI1,OPTIMAL,OPTIMAL,OPTIMAL,OPTIMAL
SMNDC1,OPTIMAL,OPTIMAL,OPTIMAL,OPTIMAL
SMC3,INFEASIBLE,OPTIMAL,OPTIMAL,OPTIMAL
RBM20,OPTIMAL,OPTIMAL,OPTIMAL,OPTIMAL
PDCD4,OPTIMAL,OPTIMAL,OPTIMAL,OPTIMAL
BBIP1,OPTIMAL,OPTIMAL,OPTIMAL,OPTIMAL
SHOC2,OPTIMAL,OPTIMAL,OPTIMAL,OPTIMAL
GPAM,OPTIMAL,OPTIMAL,OPTIMAL,OPTIMAL
ZDHHC6,OPTIMAL,OPTIMAL,OPTIMAL,OPTIMAL
VTI1A,OPTIMAL,OPTIMAL,OPTIMAL,OPTIMAL
TCF7L2,OPTIMAL,INFEASIBLE,OPTIMAL,OPTIMAL
CASP7,OPTIMAL,OPTIMAL,OPTIMAL,OPTIMAL
DCLRE1A,OPTIMAL,OPTIMAL,OPTIMAL,OPTIMAL
NHLRC2,OPTIMAL,OPTIMAL,OPTIMAL,OPTIMAL
CCDC186,OPTIMAL,OPTIMAL,OPTIMAL,OPTIMAL
ABLIM1,OPTIMAL,OPTIMAL,OPTIMAL,OPTIMAL
FHIP2A,OPTIMAL,OPTIMAL,OPTIMAL,OPTIMAL
TRUB1,INFEASIBLE,OPTIMAL,OPTIMAL,OPTIMAL
ATRNL1,OPTIMAL,OPTIMAL,OPTIMAL,OPTIMAL
HSPA12A,OPTIMAL,OPTIMAL,OPTIMAL,OPTIMAL
SHTN1,OPTIMAL,OPTIMAL,OPTIMAL,OPTIMAL
PDZD8,OPTIMAL,OPTIMAL,OPTIMAL,OPTIMAL
EMX2,OPTIMAL,INFEASIBLE,OPTIMAL,OPTIMAL
RAB11FIP2,OPTIMAL,OPTIMAL,OPTIMAL,OPTIMAL
FAM204A,OPTIMAL,OPTIMAL,OPTIMAL,OPTIMAL
CACUL1,OPTIMAL,OPTIMAL,OPTIMAL,OPTIMAL
NANOS1,OPTIMAL,OPTIMAL,OPTIMAL,OPTIMAL
EIF3A,INFEASIBLE,OPTIMAL,OPTIMAL,INFEASIBLE
DENND10,OPTIMAL,OPTIMAL,OPTIMAL,OPTIMAL
SFXN4,OPTIMAL,OPTIMAL,OPTIMAL,OPTIMAL
PRDX3,OPTIMAL,OPTIMAL,OPTIMAL,OPTIMAL
GRK5,OPTIMAL,OPTIMAL,OPTIMAL,OPTIMAL
RGS10,OPTIMAL,OPTIMAL,OPTIMAL,OPTIMAL
TIAL1,OPTIMAL,OPTIMAL,OPTIMAL,OPTIMAL
BAG3,OPTIMAL,OPTIMAL,OPTIMAL,OPTIMAL
INPP5F,OPTIMAL,OPTIMAL,OPTIMAL,OPTIMAL
MCMBP,OPTIMAL,OPTIMAL,OPTIMAL,OPTIMAL
SEC23IP,OPTIMAL,OPTIMAL,OPTIMAL,OPTIMAL
PLPP4,OPTIMAL,OPTIMAL,OPTIMAL,OPTIMAL
WDR11,OPTIMAL,OPTIMAL,OPTIMAL,OPTIMAL
FGFR2,OPTIMAL,OPTIMAL,OPTIMAL,INFEASIBLE
ATE1,OPTIMAL,OPTIMAL,OPTIMAL,OPTIMAL
NSMCE4A,OPTIMAL,OPTIMAL,OPTIMAL,OPTIMAL
TACC2,OPTIMAL,OPTIMAL,OPTIMAL,OPTIMAL
PLEKHA1,OPTIMAL,OPTIMAL,OPTIMAL,OPTIMAL
C10orf88,INFEASIBLE,OPTIMAL,OPTIMAL,OPTIMAL
PSTK,OPTIMAL,OPTIMAL,OPTIMAL,OPTIMAL
IKZF5,OPTIMAL,OPTIMAL,OPTIMAL,OPTIMAL
ACADSB,OPTIMAL,OPTIMAL,OPTIMAL,OPTIMAL
BUB3,INFEASIBLE,OPTIMAL,OPTIMAL,OPTIMAL
CHST15,OPTIMAL,OPTIMAL,OPTIMAL,OPTIMAL
OAT,OPTIMAL,OPTIMAL,OPTIMAL,OPTIMAL
LHPP,OPTIMAL,OPTIMAL,OPTIMAL,OPTIMAL
FAM53B,OPTIMAL,OPTIMAL,OPTIMAL,OPTIMAL
EEF1AKMT2,OPTIMAL,OPTIMAL,OPTIMAL,OPTIMAL
ABRAXAS2,INFEASIBLE,OPTIMAL,OPTIMAL,OPTIMAL
ZRANB1,OPTIMAL,OPTIMAL,OPTIMAL,OPTIMAL
CTBP2,OPTIMAL,OPTIMAL,OPTIMAL,OPTIMAL
EDRF1,OPTIMAL,OPTIMAL,OPTIMAL,OPTIMAL
UROS,OPTIMAL,OPTIMAL,OPTIMAL,OPTIMAL
BCCIP,OPTIMAL,OPTIMAL,OPTIMAL,OPTIMAL
DHX32,OPTIMAL,OPTIMAL,OPTIMAL,OPTIMAL
DOCK1,OPTIMAL,OPTIMAL,OPTIMAL,OPTIMAL
MKI67,INFEASIBLE,OPTIMAL,OPTIMAL,INFEASIBLE
EBF3,OPTIMAL,OPTIMAL,OPTIMAL,OPTIMAL
GLRX3,OPTIMAL,OPTIMAL,OPTIMAL,OPTIMAL
PPP2R2D,OPTIMAL,OPTIMAL,OPTIMAL,OPTIMAL
BNIP3,OPTIMAL,OPTIMAL,OPTIMAL,OPTIMAL
STK32C,OPTIMAL,OPTIMAL,OPTIMAL,OPTIMAL
INPP5A,OPTIMAL,OPTIMAL,OPTIMAL,OPTIMAL
TUBGCP2,OPTIMAL,OPTIMAL,OPTIMAL,OPTIMAL
ZNF511,OPTIMAL,OPTIMAL,OPTIMAL,OPTIMAL
FUOM,OPTIMAL,OPTIMAL,OPTIMAL,OPTIMAL
ECHS1,OPTIMAL,OPTIMAL,OPTIMAL,OPTIMAL
MTG1,INFEASIBLE,OPTIMAL,OPTIMAL,OPTIMAL
BET1L,OPTIMAL,OPTIMAL,OPTIMAL,OPTIMAL
RIC8A,OPTIMAL,OPTIMAL,OPTIMAL,OPTIMAL
SIRT3,OPTIMAL,OPTIMAL,OPTIMAL,OPTIMAL
PSMD13,OPTIMAL,OPTIMAL,OPTIMAL,OPTIMAL
IFITM2,OPTIMAL,OPTIMAL,OPTIMAL,OPTIMAL
IFITM1,OPTIMAL,INFEASIBLE,OPTIMAL,OPTIMAL
SIGIRR,OPTIMAL,OPTIMAL,OPTIMAL,OPTIMAL
PTDSS2,OPTIMAL,OPTIMAL,OPTIMAL,OPTIMAL
RNH1,OPTIMAL,OPTIMAL,OPTIMAL,OPTIMAL
HRAS,OPTIMAL,OPTIMAL,OPTIMAL,OPTIMAL
RASSF7,OPTIMAL,OPTIMAL,OPTIMAL,OPTIMAL
PHRF1,OPTIMAL,OPTIMAL,OPTIMAL,OPTIMAL
DEAF1,OPTIMAL,OPTIMAL,OPTIMAL,OPTIMAL
TMEM80,OPTIMAL,OPTIMAL,OPTIMAL,OPTIMAL
TALDO1,OPTIMAL,OPTIMAL,OPTIMAL,OPTIMAL
GATD1,OPTIMAL,INFEASIBLE,OPTIMAL,OPTIMAL
SLC25A22,OPTIMAL,INFEASIBLE,OPTIMAL,OPTIMAL
RPLP2,OPTIMAL,OPTIMAL,OPTIMAL,OPTIMAL
PNPLA2,OPTIMAL,OPTIMAL,OPTIMAL,OPTIMAL
CD151,OPTIMAL,OPTIMAL,OPTIMAL,OPTIMAL
POLR2L,OPTIMAL,OPTIMAL,OPTIMAL,OPTIMAL
TSPAN4,OPTIMAL,OPTIMAL,OPTIMAL,OPTIMAL
CHID1,OPTIMAL,OPTIMAL,OPTIMAL,OPTIMAL
AP2A2,OPTIMAL,OPTIMAL,OPTIMAL,OPTIMAL
TOLLIP,OPTIMAL,OPTIMAL,OPTIMAL,OPTIMAL
BRSK2,OPTIMAL,OPTIMAL,OPTIMAL,OPTIMAL
MOB2,OPTIMAL,OPTIMAL,OPTIMAL,OPTIMAL
CTSD,OPTIMAL,OPTIMAL,OPTIMAL,OPTIMAL
MRPL23,OPTIMAL,OPTIMAL,OPTIMAL,OPTIMAL
CD81,OPTIMAL,OPTIMAL,OPTIMAL,OPTIMAL
TSSC4,OPTIMAL,OPTIMAL,OPTIMAL,OPTIMAL
CDKN1C,OPTIMAL,OPTIMAL,OPTIMAL,OPTIMAL
PHLDA2,OPTIMAL,OPTIMAL,OPTIMAL,OPTIMAL
NAP1L4,OPTIMAL,OPTIMAL,OPTIMAL,OPTIMAL
CARS1,OPTIMAL,OPTIMAL,OPTIMAL,OPTIMAL
OSBPL5,OPTIMAL,OPTIMAL,OPTIMAL,OPTIMAL
ZNF195,OPTIMAL,OPTIMAL,OPTIMAL,OPTIMAL
ART5,OPTIMAL,OPTIMAL,OPTIMAL,INFEASIBLE
NUP98,OPTIMAL,OPTIMAL,OPTIMAL,OPTIMAL
PGAP2,OPTIMAL,OPTIMAL,OPTIMAL,OPTIMAL
RHOG,OPTIMAL,OPTIMAL,OPTIMAL,OPTIMAL
STIM1,OPTIMAL,OPTIMAL,OPTIMAL,OPTIMAL
RRM1,OPTIMAL,OPTIMAL,OPTIMAL,OPTIMAL
APBB1,OPTIMAL,OPTIMAL,OPTIMAL,OPTIMAL
ARFIP2,OPTIMAL,OPTIMAL,OPTIMAL,OPTIMAL
TIMM10B,OPTIMAL,OPTIMAL,OPTIMAL,OPTIMAL
DNHD1,OPTIMAL,OPTIMAL,OPTIMAL,OPTIMAL
RRP8,OPTIMAL,OPTIMAL,OPTIMAL,OPTIMAL
ILK,OPTIMAL,OPTIMAL,OPTIMAL,OPTIMAL
TAF10,OPTIMAL,OPTIMAL,OPTIMAL,OPTIMAL
MRPL17,OPTIMAL,OPTIMAL,OPTIMAL,OPTIMAL
ZNF215,OPTIMAL,OPTIMAL,OPTIMAL,OPTIMAL
EIF3F,OPTIMAL,OPTIMAL,OPTIMAL,OPTIMAL
TUB,OPTIMAL,OPTIMAL,OPTIMAL,OPTIMAL
STK33,OPTIMAL,OPTIMAL,OPTIMAL,OPTIMAL
TRIM66,OPTIMAL,OPTIMAL,OPTIMAL,OPTIMAL
RPL27A,INFEASIBLE,OPTIMAL,OPTIMAL,OPTIMAL
DENND2B,OPTIMAL,OPTIMAL,OPTIMAL,OPTIMAL
AKIP1,OPTIMAL,OPTIMAL,OPTIMAL,OPTIMAL
TMEM9B,OPTIMAL,OPTIMAL,OPTIMAL,OPTIMAL
NRIP3,OPTIMAL,OPTIMAL,OPTIMAL,OPTIMAL
DENND5A,OPTIMAL,OPTIMAL,OPTIMAL,OPTIMAL
TMEM41B,OPTIMAL,OPTIMAL,OPTIMAL,OPTIMAL
IPO7,INFEASIBLE,OPTIMAL,OPTIMAL,OPTIMAL
ZNF143,OPTIMAL,OPTIMAL,OPTIMAL,OPTIMAL
WEE1,OPTIMAL,OPTIMAL,OPTIMAL,OPTIMAL
SWAP70,OPTIMAL,OPTIMAL,OPTIMAL,OPTIMAL
SBF2,OPTIMAL,OPTIMAL,OPTIMAL,OPTIMAL
RNF141,OPTIMAL,OPTIMAL,OPTIMAL,OPTIMAL
CTR9,INFEASIBLE,OPTIMAL,OPTIMAL,INFEASIBLE
EIF4G2,OPTIMAL,OPTIMAL,OPTIMAL,OPTIMAL
ZBED5,OPTIMAL,OPTIMAL,OPTIMAL,OPTIMAL
GALNT18,OPTIMAL,OPTIMAL,OPTIMAL,OPTIMAL
USP47,INFEASIBLE,OPTIMAL,INFEASIBLE,INFEASIBLE
PARVA,OPTIMAL,OPTIMAL,OPTIMAL,OPTIMAL
TEAD1,OPTIMAL,OPTIMAL,OPTIMAL,OPTIMAL
BTBD10,OPTIMAL,OPTIMAL,OPTIMAL,OPTIMAL
FAR1,OPTIMAL,OPTIMAL,OPTIMAL,OPTIMAL
SPON1,INFEASIBLE,OPTIMAL,OPTIMAL,OPTIMAL
RRAS2,OPTIMAL,OPTIMAL,OPTIMAL,OPTIMAL
COPB1,OPTIMAL,OPTIMAL,OPTIMAL,OPTIMAL
PSMA1,OPTIMAL,OPTIMAL,OPTIMAL,OPTIMAL
PDE3B,OPTIMAL,OPTIMAL,OPTIMAL,OPTIMAL
CYP2R1,OPTIMAL,OPTIMAL,OPTIMAL,OPTIMAL
CALCB,OPTIMAL,INFEASIBLE,OPTIMAL,OPTIMAL
SOX6,OPTIMAL,OPTIMAL,OPTIMAL,OPTIMAL
C11orf58,OPTIMAL,OPTIMAL,OPTIMAL,OPTIMAL
PLEKHA7,OPTIMAL,OPTIMAL,OPTIMAL,OPTIMAL
RPS13,OPTIMAL,OPTIMAL,OPTIMAL,OPTIMAL
PIK3C2A,OPTIMAL,OPTIMAL,OPTIMAL,OPTIMAL
NUCB2,OPTIMAL,OPTIMAL,OPTIMAL,OPTIMAL
NCR3LG1,OPTIMAL,OPTIMAL,OPTIMAL,OPTIMAL
SERGEF,OPTIMAL,OPTIMAL,OPTIMAL,OPTIMAL
SAAL1,OPTIMAL,OPTIMAL,OPTIMAL,OPTIMAL
HPS5,OPTIMAL,OPTIMAL,OPTIMAL,OPTIMAL
GTF2H1,OPTIMAL,OPTIMAL,OPTIMAL,OPTIMAL
LDHA,OPTIMAL,OPTIMAL,OPTIMAL,OPTIMAL
LDHC,OPTIMAL,OPTIMAL,OPTIMAL,OPTIMAL
TSG101,INFEASIBLE,OPTIMAL,OPTIMAL,OPTIMAL
UEVLD,OPTIMAL,OPTIMAL,OPTIMAL,OPTIMAL
MISFA,OPTIMAL,OPTIMAL,OPTIMAL,OPTIMAL
SPTY2D1,OPTIMAL,OPTIMAL,OPTIMAL,OPTIMAL
ZDHHC13,OPTIMAL,OPTIMAL,OPTIMAL,OPTIMAL
E2F8,OPTIMAL,INFEASIBLE,OPTIMAL,OPTIMAL
NAV2,OPTIMAL,OPTIMAL,OPTIMAL,OPTIMAL
HTATIP2,OPTIMAL,OPTIMAL,OPTIMAL,OPTIMAL
PRMT3,OPTIMAL,OPTIMAL,OPTIMAL,OPTIMAL
ANO5,OPTIMAL,OPTIMAL,OPTIMAL,OPTIMAL
SVIP,OPTIMAL,OPTIMAL,OPTIMAL,OPTIMAL
CCDC34,OPTIMAL,OPTIMAL,OPTIMAL,OPTIMAL
LGR4,OPTIMAL,OPTIMAL,OPTIMAL,OPTIMAL
LIN7C,OPTIMAL,OPTIMAL,OPTIMAL,OPTIMAL
KIF18A,OPTIMAL,OPTIMAL,OPTIMAL,OPTIMAL
METTL15,INFEASIBLE,OPTIMAL,INFEASIBLE,OPTIMAL
ARL14EP,OPTIMAL,OPTIMAL,OPTIMAL,OPTIMAL
MPPED2,OPTIMAL,OPTIMAL,OPTIMAL,OPTIMAL
DNAJC24,OPTIMAL,OPTIMAL,OPTIMAL,OPTIMAL
IMMP1L,OPTIMAL,OPTIMAL,OPTIMAL,OPTIMAL
ELP4,INFEASIBLE,OPTIMAL,OPTIMAL,OPTIMAL
PAX6,OPTIMAL,OPTIMAL,OPTIMAL,OPTIMAL
RCN1,INFEASIBLE,OPTIMAL,OPTIMAL,OPTIMAL
WT1,OPTIMAL,OPTIMAL,OPTIMAL,OPTIMAL
EIF3M,OPTIMAL,OPTIMAL,OPTIMAL,OPTIMAL
CCDC73,INFEASIBLE,OPTIMAL,OPTIMAL,INFEASIBLE
PRRG4,OPTIMAL,OPTIMAL,OPTIMAL,OPTIMAL
QSER1,OPTIMAL,OPTIMAL,OPTIMAL,OPTIMAL
DEPDC7,OPTIMAL,OPTIMAL,OPTIMAL,OPTIMAL
TCP11L1,OPTIMAL,OPTIMAL,OPTIMAL,OPTIMAL
CSTF3,INFEASIBLE,OPTIMAL,OPTIMAL,OPTIMAL
HIPK3,OPTIMAL,OPTIMAL,OPTIMAL,OPTIMAL
KIAA1549L,OPTIMAL,INFEASIBLE,OPTIMAL,OPTIMAL
CD59,OPTIMAL,OPTIMAL,OPTIMAL,OPTIMAL
FBXO3,OPTIMAL,OPTIMAL,OPTIMAL,OPTIMAL
CAPRIN1,INFEASIBLE,OPTIMAL,INFEASIBLE,INFEASIBLE
NAT10,INFEASIBLE,OPTIMAL,INFEASIBLE,OPTIMAL
ABTB2,OPTIMAL,OPTIMAL,OPTIMAL,OPTIMAL
CAT,OPTIMAL,OPTIMAL,OPTIMAL,OPTIMAL
APIP,OPTIMAL,OPTIMAL,OPTIMAL,OPTIMAL
PDHX,OPTIMAL,OPTIMAL,OPTIMAL,OPTIMAL
PAMR1,OPTIMAL,OPTIMAL,OPTIMAL,OPTIMAL
FJX1,OPTIMAL,OPTIMAL,OPTIMAL,OPTIMAL
TRIM44,INFEASIBLE,OPTIMAL,OPTIMAL,OPTIMAL
LDLRAD3,OPTIMAL,OPTIMAL,OPTIMAL,OPTIMAL
COMMD9,OPTIMAL,OPTIMAL,OPTIMAL,OPTIMAL
TRAF6,OPTIMAL,OPTIMAL,OPTIMAL,OPTIMAL
IFTAP,OPTIMAL,OPTIMAL,OPTIMAL,OPTIMAL
LRRC4C,OPTIMAL,OPTIMAL,OPTIMAL,INFEASIBLE
API5,INFEASIBLE,OPTIMAL,INFEASIBLE,OPTIMAL
TTC17,OPTIMAL,OPTIMAL,OPTIMAL,OPTIMAL
HSD17B12,INFEASIBLE,OPTIMAL,OPTIMAL,OPTIMAL
ALKBH3,INFEASIBLE,OPTIMAL,OPTIMAL,OPTIMAL
EXT2,OPTIMAL,OPTIMAL,OPTIMAL,OPTIMAL
ALX4,INFEASIBLE,INFEASIBLE,OPTIMAL,OPTIMAL
TSPAN18,OPTIMAL,OPTIMAL,OPTIMAL,OPTIMAL
TP53I11,OPTIMAL,OPTIMAL,OPTIMAL,OPTIMAL
CRY2,OPTIMAL,OPTIMAL,OPTIMAL,OPTIMAL
PEX16,OPTIMAL,OPTIMAL,OPTIMAL,OPTIMAL
PHF21A,INFEASIBLE,OPTIMAL,INFEASIBLE,OPTIMAL
DGKZ,OPTIMAL,OPTIMAL,OPTIMAL,OPTIMAL
MDK,OPTIMAL,OPTIMAL,OPTIMAL,OPTIMAL
AMBRA1,OPTIMAL,OPTIMAL,OPTIMAL,OPTIMAL
ATG13,OPTIMAL,OPTIMAL,OPTIMAL,OPTIMAL
ARHGAP1,OPTIMAL,OPTIMAL,OPTIMAL,OPTIMAL
CKAP5,INFEASIBLE,OPTIMAL,OPTIMAL,INFEASIBLE
LRP4,OPTIMAL,OPTIMAL,OPTIMAL,OPTIMAL
CSTPP1,OPTIMAL,OPTIMAL,OPTIMAL,OPTIMAL
ARFGAP2,OPTIMAL,OPTIMAL,OPTIMAL,OPTIMAL
PACSIN3,OPTIMAL,OPTIMAL,OPTIMAL,OPTIMAL
DDB2,OPTIMAL,OPTIMAL,OPTIMAL,OPTIMAL
ACP2,OPTIMAL,OPTIMAL,OPTIMAL,OPTIMAL
NR1H3,OPTIMAL,OPTIMAL,OPTIMAL,OPTIMAL
MADD,OPTIMAL,OPTIMAL,OPTIMAL,OPTIMAL
SLC39A13,OPTIMAL,OPTIMAL,OPTIMAL,OPTIMAL
PSMC3,OPTIMAL,OPTIMAL,OPTIMAL,OPTIMAL
CELF1,OPTIMAL,OPTIMAL,OPTIMAL,OPTIMAL
NDUFS3,OPTIMAL,OPTIMAL,OPTIMAL,OPTIMAL
PTPMT1,OPTIMAL,OPTIMAL,OPTIMAL,OPTIMAL
MTCH2,OPTIMAL,OPTIMAL,OPTIMAL,OPTIMAL
FNBP4,OPTIMAL,OPTIMAL,OPTIMAL,OPTIMAL
NUP160,OPTIMAL,OPTIMAL,OPTIMAL,OPTIMAL
PTPRJ,OPTIMAL,OPTIMAL,OPTIMAL,OPTIMAL
OR5D3P,OPTIMAL,OPTIMAL,OPTIMAL,OPTIMAL
TNKS1BP1,OPTIMAL,OPTIMAL,OPTIMAL,OPTIMAL
SSRP1,OPTIMAL,OPTIMAL,OPTIMAL,OPTIMAL
RTN4RL2,OPTIMAL,OPTIMAL,OPTIMAL,OPTIMAL
SLC43A1,OPTIMAL,OPTIMAL,OPTIMAL,OPTIMAL
TIMM10,OPTIMAL,OPTIMAL,OPTIMAL,OPTIMAL
CLP1,OPTIMAL,OPTIMAL,OPTIMAL,OPTIMAL
ZDHHC5,OPTIMAL,OPTIMAL,OPTIMAL,OPTIMAL
MED19,OPTIMAL,OPTIMAL,OPTIMAL,OPTIMAL
TMX2,OPTIMAL,OPTIMAL,OPTIMAL,OPTIMAL
SELENOH,OPTIMAL,OPTIMAL,OPTIMAL,OPTIMAL
CTNND1,OPTIMAL,OPTIMAL,OPTIMAL,OPTIMAL
ZFP91,OPTIMAL,OPTIMAL,OPTIMAL,OPTIMAL
OSBP,INFEASIBLE,OPTIMAL,OPTIMAL,OPTIMAL
PATL1,OPTIMAL,OPTIMAL,OPTIMAL,OPTIMAL
STX3,OPTIMAL,OPTIMAL,OPTIMAL,OPTIMAL
MRPL16,OPTIMAL,OPTIMAL,OPTIMAL,OPTIMAL
CCDC86,OPTIMAL,OPTIMAL,OPTIMAL,OPTIMAL
PRPF19,OPTIMAL,OPTIMAL,OPTIMAL,OPTIMAL
TMEM109,OPTIMAL,OPTIMAL,OPTIMAL,OPTIMAL
TMEM132A,OPTIMAL,OPTIMAL,OPTIMAL,OPTIMAL
VPS37C,OPTIMAL,OPTIMAL,OPTIMAL,OPTIMAL
DDB1,INFEASIBLE,OPTIMAL,OPTIMAL,OPTIMAL
TKFC,OPTIMAL,OPTIMAL,OPTIMAL,OPTIMAL
CYB561A3,OPTIMAL,OPTIMAL,OPTIMAL,OPTIMAL
TMEM138,OPTIMAL,OPTIMAL,OPTIMAL,OPTIMAL
TMEM216,OPTIMAL,OPTIMAL,OPTIMAL,OPTIMAL
CPSF7,OPTIMAL,OPTIMAL,OPTIMAL,OPTIMAL
SDHAF2,OPTIMAL,OPTIMAL,OPTIMAL,OPTIMAL
TMEM258,OPTIMAL,OPTIMAL,OPTIMAL,OPTIMAL
FEN1,OPTIMAL,OPTIMAL,OPTIMAL,OPTIMAL
FADS2,OPTIMAL,OPTIMAL,OPTIMAL,OPTIMAL
FADS1,OPTIMAL,OPTIMAL,OPTIMAL,OPTIMAL
FADS3,OPTIMAL,OPTIMAL,OPTIMAL,INFEASIBLE
FTH1,OPTIMAL,OPTIMAL,OPTIMAL,OPTIMAL
INCENP,INFEASIBLE,OPTIMAL,OPTIMAL,OPTIMAL
ASRGL1,OPTIMAL,OPTIMAL,OPTIMAL,OPTIMAL
AHNAK,OPTIMAL,OPTIMAL,OPTIMAL,OPTIMAL
EEF1G,INFEASIBLE,OPTIMAL,OPTIMAL,OPTIMAL
TUT1,OPTIMAL,OPTIMAL,OPTIMAL,OPTIMAL
MTA2,OPTIMAL,OPTIMAL,OPTIMAL,OPTIMAL
B3GAT3,OPTIMAL,OPTIMAL,OPTIMAL,OPTIMAL
GANAB,OPTIMAL,OPTIMAL,OPTIMAL,OPTIMAL
INTS5,OPTIMAL,OPTIMAL,OPTIMAL,OPTIMAL
CSKMT,OPTIMAL,OPTIMAL,OPTIMAL,OPTIMAL
UQCC3,OPTIMAL,OPTIMAL,OPTIMAL,OPTIMAL
UBXN1,OPTIMAL,OPTIMAL,OPTIMAL,OPTIMAL
BSCL2,OPTIMAL,OPTIMAL,OPTIMAL,OPTIMAL
HNRNPUL2,INFEASIBLE,OPTIMAL,OPTIMAL,INFEASIBLE
TTC9C,OPTIMAL,INFEASIBLE,OPTIMAL,OPTIMAL
POLR2G,OPTIMAL,OPTIMAL,OPTIMAL,OPTIMAL
TAF6L,OPTIMAL,OPTIMAL,OPTIMAL,OPTIMAL
TMEM223,OPTIMAL,OPTIMAL,OPTIMAL,OPTIMAL
TMEM179B,OPTIMAL,OPTIMAL,OPTIMAL,OPTIMAL
NXF1,OPTIMAL,OPTIMAL,OPTIMAL,OPTIMAL
STX5,OPTIMAL,OPTIMAL,OPTIMAL,OPTIMAL
WDR74,OPTIMAL,OPTIMAL,OPTIMAL,OPTIMAL
SLC3A2,OPTIMAL,OPTIMAL,OPTIMAL,OPTIMAL
PLAAT3,OPTIMAL,OPTIMAL,OPTIMAL,OPTIMAL
ATL3,OPTIMAL,OPTIMAL,OPTIMAL,OPTIMAL
RTN3,OPTIMAL,OPTIMAL,OPTIMAL,OPTIMAL
ZFTA,OPTIMAL,OPTIMAL,OPTIMAL,OPTIMAL
SPINDOC,OPTIMAL,OPTIMAL,OPTIMAL,OPTIMAL
MARK2,OPTIMAL,OPTIMAL,OPTIMAL,OPTIMAL
NAA40,OPTIMAL,OPTIMAL,OPTIMAL,OPTIMAL
COX8A,OPTIMAL,OPTIMAL,OPTIMAL,OPTIMAL
OTUB1,OPTIMAL,OPTIMAL,OPTIMAL,OPTIMAL
MACROD1,OPTIMAL,INFEASIBLE,OPTIMAL,OPTIMAL
STIP1,INFEASIBLE,OPTIMAL,INFEASIBLE,OPTIMAL
TRPT1,OPTIMAL,OPTIMAL,OPTIMAL,OPTIMAL
NUDT22,OPTIMAL,OPTIMAL,OPTIMAL,OPTIMAL
DNAJC4,OPTIMAL,OPTIMAL,OPTIMAL,OPTIMAL
VEGFB,OPTIMAL,OPTIMAL,OPTIMAL,OPTIMAL
FKBP2,OPTIMAL,OPTIMAL,OPTIMAL,OPTIMAL
PPP1R14B,OPTIMAL,OPTIMAL,OPTIMAL,OPTIMAL
PLCB3,OPTIMAL,OPTIMAL,OPTIMAL,OPTIMAL
BAD,OPTIMAL,OPTIMAL,OPTIMAL,OPTIMAL
GPR137,OPTIMAL,OPTIMAL,OPTIMAL,OPTIMAL
ESRRA,OPTIMAL,OPTIMAL,OPTIMAL,OPTIMAL
TRMT112,OPTIMAL,OPTIMAL,OPTIMAL,OPTIMAL
PRDX5,OPTIMAL,OPTIMAL,OPTIMAL,OPTIMAL
RASGRP2,OPTIMAL,OPTIMAL,OPTIMAL,OPTIMAL
SF1,INFEASIBLE,OPTIMAL,OPTIMAL,OPTIMAL
MEN1,OPTIMAL,OPTIMAL,OPTIMAL,OPTIMAL
EHD1,OPTIMAL,OPTIMAL,OPTIMAL,OPTIMAL
ATG2A,OPTIMAL,OPTIMAL,OPTIMAL,OPTIMAL
ARL2,OPTIMAL,OPTIMAL,OPTIMAL,OPTIMAL
SNX15,OPTIMAL,OPTIMAL,OPTIMAL,OPTIMAL
SAC3D1,OPTIMAL,OPTIMAL,OPTIMAL,OPTIMAL
CDCA5,OPTIMAL,OPTIMAL,OPTIMAL,OPTIMAL
ZFPL1,OPTIMAL,OPTIMAL,OPTIMAL,OPTIMAL
TMEM262,OPTIMAL,INFEASIBLE,OPTIMAL,OPTIMAL
VPS51,OPTIMAL,OPTIMAL,OPTIMAL,OPTIMAL
TM7SF2,OPTIMAL,OPTIMAL,OPTIMAL,OPTIMAL
ZNHIT2,OPTIMAL,OPTIMAL,OPTIMAL,OPTIMAL
FAU,OPTIMAL,OPTIMAL,OPTIMAL,OPTIMAL
SYVN1,OPTIMAL,OPTIMAL,OPTIMAL,OPTIMAL
MRPL49,OPTIMAL,OPTIMAL,OPTIMAL,OPTIMAL
CAPN1,OPTIMAL,OPTIMAL,OPTIMAL,OPTIMAL
POLA2,OPTIMAL,OPTIMAL,OPTIMAL,OPTIMAL
CDC42EP2,OPTIMAL,OPTIMAL,OPTIMAL,OPTIMAL
DPF2,OPTIMAL,OPTIMAL,OPTIMAL,OPTIMAL
FRMD8,OPTIMAL,OPTIMAL,OPTIMAL,OPTIMAL
SCYL1,OPTIMAL,OPTIMAL,OPTIMAL,OPTIMAL
LTBP3,OPTIMAL,OPTIMAL,OPTIMAL,OPTIMAL
ZNRD2,OPTIMAL,OPTIMAL,OPTIMAL,OPTIMAL
FAM89B,OPTIMAL,OPTIMAL,OPTIMAL,OPTIMAL
MAP3K11,OPTIMAL,OPTIMAL,OPTIMAL,OPTIMAL
PCNX3,OPTIMAL,OPTIMAL,OPTIMAL,OPTIMAL
RELA,OPTIMAL,OPTIMAL,OPTIMAL,OPTIMAL
KAT5,OPTIMAL,OPTIMAL,OPTIMAL,OPTIMAL
RNASEH2C,OPTIMAL,OPTIMAL,OPTIMAL,OPTIMAL
AP5B1,OPTIMAL,OPTIMAL,OPTIMAL,OPTIMAL
CFL1,OPTIMAL,OPTIMAL,OPTIMAL,OPTIMAL
MUS81,OPTIMAL,OPTIMAL,OPTIMAL,OPTIMAL
FIBP,OPTIMAL,OPTIMAL,OPTIMAL,OPTIMAL
CCDC85B,OPTIMAL,OPTIMAL,OPTIMAL,OPTIMAL
C11orf68,OPTIMAL,OPTIMAL,OPTIMAL,OPTIMAL
DRAP1,OPTIMAL,OPTIMAL,OPTIMAL,OPTIMAL
SART1,OPTIMAL,OPTIMAL,OPTIMAL,OPTIMAL
EIF1AD,OPTIMAL,OPTIMAL,OPTIMAL,OPTIMAL
BANF1,OPTIMAL,OPTIMAL,OPTIMAL,OPTIMAL
SF3B2,INFEASIBLE,OPTIMAL,OPTIMAL,OPTIMAL
PACS1,OPTIMAL,OPTIMAL,OPTIMAL,OPTIMAL
KLC2,OPTIMAL,OPTIMAL,OPTIMAL,OPTIMAL
RAB1B,OPTIMAL,OPTIMAL,OPTIMAL,OPTIMAL
YIF1A,OPTIMAL,OPTIMAL,OPTIMAL,OPTIMAL
BRMS1,OPTIMAL,OPTIMAL,OPTIMAL,OPTIMAL
B4GAT1,OPTIMAL,OPTIMAL,OPTIMAL,OPTIMAL
SLC29A2,OPTIMAL,INFEASIBLE,OPTIMAL,OPTIMAL
MRPL11,OPTIMAL,OPTIMAL,OPTIMAL,OPTIMAL
DPP3,OPTIMAL,OPTIMAL,OPTIMAL,OPTIMAL
BBS1,OPTIMAL,OPTIMAL,OPTIMAL,OPTIMAL
ZDHHC24,OPTIMAL,OPTIMAL,OPTIMAL,OPTIMAL
CCS,OPTIMAL,OPTIMAL,OPTIMAL,OPTIMAL
RBM14,OPTIMAL,OPTIMAL,OPTIMAL,OPTIMAL
RBM4,OPTIMAL,OPTIMAL,OPTIMAL,OPTIMAL
RBM4B,OPTIMAL,OPTIMAL,OPTIMAL,OPTIMAL
SPTBN2,OPTIMAL,INFEASIBLE,OPTIMAL,OPTIMAL
C11orf80,OPTIMAL,OPTIMAL,OPTIMAL,OPTIMAL
RCE1,OPTIMAL,OPTIMAL,OPTIMAL,OPTIMAL
PC,OPTIMAL,OPTIMAL,OPTIMAL,OPTIMAL
LRFN4,OPTIMAL,OPTIMAL,OPTIMAL,OPTIMAL
KDM2A,OPTIMAL,OPTIMAL,OPTIMAL,OPTIMAL
GRK2,OPTIMAL,OPTIMAL,OPTIMAL,OPTIMAL
ANKRD13D,OPTIMAL,OPTIMAL,OPTIMAL,OPTIMAL
RAD9A,OPTIMAL,OPTIMAL,OPTIMAL,OPTIMAL
POLD4,OPTIMAL,OPTIMAL,OPTIMAL,OPTIMAL
PPP1CA,OPTIMAL,OPTIMAL,OPTIMAL,OPTIMAL
RPS6KB2,OPTIMAL,OPTIMAL,OPTIMAL,OPTIMAL
CORO1B,OPTIMAL,OPTIMAL,OPTIMAL,OPTIMAL
TMEM134,OPTIMAL,OPTIMAL,OPTIMAL,OPTIMAL
AIP,OPTIMAL,OPTIMAL,OPTIMAL,OPTIMAL
CDK2AP2,OPTIMAL,OPTIMAL,OPTIMAL,OPTIMAL
GSTP1,OPTIMAL,OPTIMAL,OPTIMAL,OPTIMAL
NDUFV1,OPTIMAL,OPTIMAL,OPTIMAL,OPTIMAL
NUDT8,OPTIMAL,OPTIMAL,OPTIMAL,OPTIMAL
NDUFS8,OPTIMAL,OPTIMAL,OPTIMAL,OPTIMAL
CHKA,OPTIMAL,OPTIMAL,OPTIMAL,OPTIMAL
KMT5B,INFEASIBLE,OPTIMAL,OPTIMAL,OPTIMAL
C11orf24,OPTIMAL,OPTIMAL,OPTIMAL,OPTIMAL
LRP5,OPTIMAL,OPTIMAL,OPTIMAL,OPTIMAL
PPP6R3,OPTIMAL,OPTIMAL,OPTIMAL,OPTIMAL
GAL,OPTIMAL,OPTIMAL,OPTIMAL,OPTIMAL
TESMIN,OPTIMAL,OPTIMAL,OPTIMAL,OPTIMAL
CPT1A,OPTIMAL,OPTIMAL,OPTIMAL,OPTIMAL
MRPL21,OPTIMAL,OPTIMAL,OPTIMAL,OPTIMAL
IGHMBP2,OPTIMAL,OPTIMAL,OPTIMAL,OPTIMAL
TPCN2,OPTIMAL,OPTIMAL,OPTIMAL,OPTIMAL
CCND1,INFEASIBLE,OPTIMAL,OPTIMAL,OPTIMAL
LTO1,OPTIMAL,OPTIMAL,OPTIMAL,OPTIMAL
FADD,OPTIMAL,OPTIMAL,OPTIMAL,OPTIMAL
PPFIA1,INFEASIBLE,OPTIMAL,OPTIMAL,OPTIMAL
CTTN,OPTIMAL,OPTIMAL,OPTIMAL,OPTIMAL
SHANK2,OPTIMAL,OPTIMAL,OPTIMAL,OPTIMAL
DHCR7,OPTIMAL,OPTIMAL,OPTIMAL,OPTIMAL
NADSYN1,OPTIMAL,OPTIMAL,OPTIMAL,OPTIMAL
XNDC1N,OPTIMAL,OPTIMAL,OPTIMAL,OPTIMAL
RNF121,OPTIMAL,OPTIMAL,OPTIMAL,OPTIMAL
NUMA1,OPTIMAL,INFEASIBLE,OPTIMAL,OPTIMAL
LAMTOR1,OPTIMAL,OPTIMAL,OPTIMAL,OPTIMAL
ANAPC15,OPTIMAL,OPTIMAL,OPTIMAL,OPTIMAL
INPPL1,OPTIMAL,OPTIMAL,OPTIMAL,OPTIMAL
CLPB,OPTIMAL,OPTIMAL,OPTIMAL,OPTIMAL
ARAP1,OPTIMAL,OPTIMAL,OPTIMAL,OPTIMAL
STARD10,OPTIMAL,OPTIMAL,OPTIMAL,OPTIMAL
FCHSD2,OPTIMAL,INFEASIBLE,OPTIMAL,OPTIMAL
RELT,OPTIMAL,OPTIMAL,OPTIMAL,OPTIMAL
FAM168A,OPTIMAL,OPTIMAL,OPTIMAL,OPTIMAL
RAB6A,OPTIMAL,OPTIMAL,OPTIMAL,OPTIMAL
MRPL48,OPTIMAL,OPTIMAL,OPTIMAL,OPTIMAL
COA4,OPTIMAL,OPTIMAL,OPTIMAL,OPTIMAL
PAAF1,OPTIMAL,OPTIMAL,OPTIMAL,OPTIMAL
UCP2,OPTIMAL,OPTIMAL,OPTIMAL,OPTIMAL
C2CD3,OPTIMAL,OPTIMAL,OPTIMAL,OPTIMAL
PPME1,OPTIMAL,OPTIMAL,OPTIMAL,OPTIMAL
PGM2L1,OPTIMAL,OPTIMAL,OPTIMAL,OPTIMAL
LIPT2,OPTIMAL,OPTIMAL,OPTIMAL,OPTIMAL
POLD3,OPTIMAL,OPTIMAL,OPTIMAL,OPTIMAL
RNF169,OPTIMAL,OPTIMAL,OPTIMAL,OPTIMAL
XRRA1,OPTIMAL,OPTIMAL,OPTIMAL,OPTIMAL
SPCS2,OPTIMAL,OPTIMAL,OPTIMAL,OPTIMAL
NEU3,OPTIMAL,OPTIMAL,OPTIMAL,OPTIMAL
ARRB1,OPTIMAL,OPTIMAL,OPTIMAL,OPTIMAL
RPS3,OPTIMAL,OPTIMAL,OPTIMAL,OPTIMAL
SERPINH1,OPTIMAL,OPTIMAL,OPTIMAL,OPTIMAL
DGAT2,OPTIMAL,OPTIMAL,OPTIMAL,OPTIMAL
UVRAG,OPTIMAL,OPTIMAL,OPTIMAL,OPTIMAL
THAP12,INFEASIBLE,OPTIMAL,OPTIMAL,OPTIMAL
EMSY,OPTIMAL,OPTIMAL,OPTIMAL,OPTIMAL
ACER3,INFEASIBLE,OPTIMAL,OPTIMAL,OPTIMAL
PAK1,OPTIMAL,OPTIMAL,OPTIMAL,OPTIMAL
CLNS1A,INFEASIBLE,OPTIMAL,OPTIMAL,OPTIMAL
AQP11,OPTIMAL,OPTIMAL,OPTIMAL,OPTIMAL
RSF1,OPTIMAL,OPTIMAL,OPTIMAL,OPTIMAL
AAMDC,OPTIMAL,OPTIMAL,OPTIMAL,OPTIMAL
INTS4,OPTIMAL,OPTIMAL,OPTIMAL,OPTIMAL
NDUFC2,OPTIMAL,OPTIMAL,OPTIMAL,OPTIMAL
ALG8,OPTIMAL,OPTIMAL,OPTIMAL,OPTIMAL
GAB2,OPTIMAL,OPTIMAL,OPTIMAL,OPTIMAL
NARS2,OPTIMAL,OPTIMAL,OPTIMAL,OPTIMAL
TENM4,OPTIMAL,OPTIMAL,OPTIMAL,OPTIMAL
PRCP,OPTIMAL,OPTIMAL,OPTIMAL,OPTIMAL
DDIAS,OPTIMAL,OPTIMAL,OPTIMAL,OPTIMAL
RAB30,OPTIMAL,OPTIMAL,OPTIMAL,OPTIMAL
PCF11,OPTIMAL,OPTIMAL,OPTIMAL,OPTIMAL
ANKRD42,OPTIMAL,OPTIMAL,OPTIMAL,OPTIMAL
CCDC90B,OPTIMAL,OPTIMAL,OPTIMAL,OPTIMAL
DLG2,OPTIMAL,OPTIMAL,OPTIMAL,OPTIMAL
TMEM126B,OPTIMAL,OPTIMAL,OPTIMAL,OPTIMAL
TMEM126A,OPTIMAL,OPTIMAL,OPTIMAL,OPTIMAL
CREBZF,OPTIMAL,OPTIMAL,OPTIMAL,OPTIMAL
PICALM,OPTIMAL,OPTIMAL,OPTIMAL,OPTIMAL
EED,OPTIMAL,OPTIMAL,OPTIMAL,OPTIMAL
HIKESHI,OPTIMAL,OPTIMAL,OPTIMAL,OPTIMAL
PRSS23,OPTIMAL,OPTIMAL,OPTIMAL,OPTIMAL
TMEM135,OPTIMAL,OPTIMAL,OPTIMAL,OPTIMAL
RAB38,OPTIMAL,OPTIMAL,OPTIMAL,OPTIMAL
CTSC,OPTIMAL,OPTIMAL,OPTIMAL,OPTIMAL
CHORDC1,INFEASIBLE,OPTIMAL,OPTIMAL,OPTIMAL
FAT3,OPTIMAL,OPTIMAL,OPTIMAL,OPTIMAL
SLC36A4,OPTIMAL,OPTIMAL,OPTIMAL,OPTIMAL
SMCO4,OPTIMAL,OPTIMAL,OPTIMAL,OPTIMAL
CEP295,OPTIMAL,OPTIMAL,OPTIMAL,OPTIMAL
TAF1D,OPTIMAL,OPTIMAL,OPTIMAL,OPTIMAL
C11orf54,OPTIMAL,OPTIMAL,OPTIMAL,OPTIMAL
MED17,OPTIMAL,OPTIMAL,OPTIMAL,OPTIMAL
MRE11,OPTIMAL,OPTIMAL,OPTIMAL,OPTIMAL
ANKRD49,OPTIMAL,OPTIMAL,OPTIMAL,OPTIMAL
AMOTL1,INFEASIBLE,OPTIMAL,OPTIMAL,OPTIMAL
CWC15,OPTIMAL,OPTIMAL,OPTIMAL,OPTIMAL
KDM4D,OPTIMAL,OPTIMAL,OPTIMAL,OPTIMAL
SRSF8,OPTIMAL,OPTIMAL,OPTIMAL,OPTIMAL
ENDOD1,OPTIMAL,OPTIMAL,OPTIMAL,OPTIMAL
SESN3,OPTIMAL,OPTIMAL,OPTIMAL,OPTIMAL
FAM76B,OPTIMAL,OPTIMAL,OPTIMAL,OPTIMAL
CEP57,OPTIMAL,OPTIMAL,OPTIMAL,OPTIMAL
MTMR2,OPTIMAL,OPTIMAL,OPTIMAL,OPTIMAL
MAML2,OPTIMAL,OPTIMAL,OPTIMAL,OPTIMAL
CCDC82,OPTIMAL,OPTIMAL,OPTIMAL,OPTIMAL
JRKL,OPTIMAL,OPTIMAL,OPTIMAL,OPTIMAL
ARHGAP42,OPTIMAL,OPTIMAL,OPTIMAL,OPTIMAL
CEP126,OPTIMAL,OPTIMAL,OPTIMAL,OPTIMAL
CFAP300,OPTIMAL,OPTIMAL,OPTIMAL,OPTIMAL
YAP1,OPTIMAL,OPTIMAL,OPTIMAL,OPTIMAL
BIRC2,OPTIMAL,OPTIMAL,OPTIMAL,OPTIMAL
TMEM123,INFEASIBLE,OPTIMAL,OPTIMAL,OPTIMAL
DCUN1D5,OPTIMAL,OPTIMAL,OPTIMAL,OPTIMAL
DYNC2H1,INFEASIBLE,OPTIMAL,OPTIMAL,INFEASIBLE
MSANTD4,OPTIMAL,OPTIMAL,OPTIMAL,OPTIMAL
KBTBD3,OPTIMAL,OPTIMAL,OPTIMAL,OPTIMAL
AASDHPPT,INFEASIBLE,OPTIMAL,OPTIMAL,INFEASIBLE
GUCY1A2,OPTIMAL,OPTIMAL,OPTIMAL,OPTIMAL
CWF19L2,OPTIMAL,OPTIMAL,OPTIMAL,OPTIMAL
ALKBH8,INFEASIBLE,OPTIMAL,OPTIMAL,INFEASIBLE
ELMOD1,OPTIMAL,OPTIMAL,OPTIMAL,OPTIMAL
SLC35F2,OPTIMAL,OPTIMAL,OPTIMAL,OPTIMAL
RAB39A,OPTIMAL,OPTIMAL,OPTIMAL,OPTIMAL
CUL5,OPTIMAL,OPTIMAL,OPTIMAL,OPTIMAL
ACAT1,INFEASIBLE,OPTIMAL,OPTIMAL,OPTIMAL
NPAT,OPTIMAL,OPTIMAL,OPTIMAL,OPTIMAL
ATM,OPTIMAL,OPTIMAL,OPTIMAL,OPTIMAL
C11orf65,OPTIMAL,OPTIMAL,OPTIMAL,OPTIMAL
POGLUT3,OPTIMAL,OPTIMAL,OPTIMAL,OPTIMAL
EXPH5,OPTIMAL,OPTIMAL,OPTIMAL,OPTIMAL
DDX10,INFEASIBLE,OPTIMAL,OPTIMAL,OPTIMAL
RDX,OPTIMAL,OPTIMAL,OPTIMAL,OPTIMAL
ZC3H12C,OPTIMAL,OPTIMAL,OPTIMAL,OPTIMAL
FDX1,OPTIMAL,OPTIMAL,OPTIMAL,OPTIMAL
ARHGAP20,OPTIMAL,OPTIMAL,OPTIMAL,OPTIMAL
LAYN,OPTIMAL,OPTIMAL,OPTIMAL,OPTIMAL
SIK2,OPTIMAL,OPTIMAL,OPTIMAL,OPTIMAL
PPP2R1B,OPTIMAL,OPTIMAL,OPTIMAL,OPTIMAL
ALG9,OPTIMAL,OPTIMAL,OPTIMAL,OPTIMAL
FDXACB1,OPTIMAL,OPTIMAL,INFEASIBLE,OPTIMAL
CFAP68,OPTIMAL,OPTIMAL,OPTIMAL,OPTIMAL
DIXDC1,OPTIMAL,OPTIMAL,OPTIMAL,OPTIMAL
DLAT,OPTIMAL,OPTIMAL,OPTIMAL,OPTIMAL
PIH1D2,OPTIMAL,OPTIMAL,OPTIMAL,OPTIMAL
NKAPD1,OPTIMAL,OPTIMAL,OPTIMAL,OPTIMAL
TIMM8B,OPTIMAL,OPTIMAL,OPTIMAL,OPTIMAL
SDHD,OPTIMAL,OPTIMAL,OPTIMAL,OPTIMAL
PTS,OPTIMAL,OPTIMAL,OPTIMAL,OPTIMAL
NCAM1,OPTIMAL,OPTIMAL,OPTIMAL,OPTIMAL
TTC12,OPTIMAL,OPTIMAL,OPTIMAL,OPTIMAL
ZW10,OPTIMAL,OPTIMAL,OPTIMAL,OPTIMAL
USP28,OPTIMAL,OPTIMAL,OPTIMAL,OPTIMAL
ZBTB16,OPTIMAL,OPTIMAL,OPTIMAL,OPTIMAL
C11orf71,OPTIMAL,OPTIMAL,OPTIMAL,OPTIMAL
RBM7,OPTIMAL,OPTIMAL,OPTIMAL,OPTIMAL
REXO2,OPTIMAL,OPTIMAL,OPTIMAL,OPTIMAL
CADM1,OPTIMAL,OPTIMAL,OPTIMAL,OPTIMAL
BUD13,OPTIMAL,OPTIMAL,OPTIMAL,OPTIMAL
ZPR1,OPTIMAL,OPTIMAL,OPTIMAL,OPTIMAL
SIK3,OPTIMAL,OPTIMAL,OPTIMAL,OPTIMAL
PAFAH1B2,OPTIMAL,OPTIMAL,OPTIMAL,OPTIMAL
SIDT2,OPTIMAL,OPTIMAL,OPTIMAL,OPTIMAL
PCSK7,OPTIMAL,OPTIMAL,OPTIMAL,OPTIMAL
RNF214,INFEASIBLE,OPTIMAL,OPTIMAL,OPTIMAL
BACE1,OPTIMAL,INFEASIBLE,OPTIMAL,OPTIMAL
CEP164,OPTIMAL,OPTIMAL,OPTIMAL,OPTIMAL
FXYD6,OPTIMAL,OPTIMAL,OPTIMAL,OPTIMAL
UBE4A,OPTIMAL,OPTIMAL,OPTIMAL,OPTIMAL
ATP5MG,OPTIMAL,OPTIMAL,OPTIMAL,OPTIMAL
KMT2A,OPTIMAL,OPTIMAL,OPTIMAL,OPTIMAL
IFT46,OPTIMAL,OPTIMAL,OPTIMAL,OPTIMAL
ARCN1,INFEASIBLE,OPTIMAL,OPTIMAL,OPTIMAL
PHLDB1,OPTIMAL,INFEASIBLE,OPTIMAL,OPTIMAL
DDX6,INFEASIBLE,OPTIMAL,OPTIMAL,OPTIMAL
BCL9L,OPTIMAL,OPTIMAL,OPTIMAL,OPTIMAL
CENATAC,OPTIMAL,OPTIMAL,OPTIMAL,OPTIMAL
RPS25,OPTIMAL,OPTIMAL,OPTIMAL,OPTIMAL
TRAPPC4,OPTIMAL,OPTIMAL,OPTIMAL,OPTIMAL
SLC37A4,OPTIMAL,OPTIMAL,OPTIMAL,OPTIMAL
HYOU1,OPTIMAL,OPTIMAL,OPTIMAL,OPTIMAL
VPS11,OPTIMAL,INFEASIBLE,OPTIMAL,OPTIMAL
HMBS,OPTIMAL,OPTIMAL,OPTIMAL,OPTIMAL
DPAGT1,OPTIMAL,OPTIMAL,OPTIMAL,OPTIMAL
HINFP,OPTIMAL,OPTIMAL,OPTIMAL,OPTIMAL
NLRX1,OPTIMAL,INFEASIBLE,OPTIMAL,OPTIMAL
CBL,INFEASIBLE,OPTIMAL,OPTIMAL,OPTIMAL
RNF26,OPTIMAL,OPTIMAL,OPTIMAL,OPTIMAL
USP2,OPTIMAL,OPTIMAL,OPTIMAL,OPTIMAL
NECTIN1,OPTIMAL,OPTIMAL,OPTIMAL,OPTIMAL
OAF,OPTIMAL,OPTIMAL,OPTIMAL,OPTIMAL
POU2F3,OPTIMAL,OPTIMAL,OPTIMAL,OPTIMAL
TLCD5,OPTIMAL,OPTIMAL,OPTIMAL,OPTIMAL
ARHGEF12,OPTIMAL,OPTIMAL,OPTIMAL,OPTIMAL
GRIK4,OPTIMAL,OPTIMAL,OPTIMAL,OPTIMAL
TBCEL,OPTIMAL,OPTIMAL,OPTIMAL,OPTIMAL
SC5D,OPTIMAL,OPTIMAL,OPTIMAL,OPTIMAL
SORL1,OPTIMAL,OPTIMAL,OPTIMAL,OPTIMAL
UBASH3B,OPTIMAL,OPTIMAL,OPTIMAL,OPTIMAL
JHY,OPTIMAL,OPTIMAL,OPTIMAL,OPTIMAL
HSPA8,INFEASIBLE,OPTIMAL,OPTIMAL,INFEASIBLE
CLMP,OPTIMAL,OPTIMAL,OPTIMAL,OPTIMAL
GRAMD1B,OPTIMAL,OPTIMAL,OPTIMAL,OPTIMAL
ZNF202,OPTIMAL,OPTIMAL,OPTIMAL,OPTIMAL
TBRG1,OPTIMAL,OPTIMAL,OPTIMAL,OPTIMAL
SPA17,OPTIMAL,OPTIMAL,OPTIMAL,OPTIMAL
NRGN,OPTIMAL,OPTIMAL,OPTIMAL,OPTIMAL
MSANTD2,OPTIMAL,INFEASIBLE,OPTIMAL,OPTIMAL
CCDC15,OPTIMAL,OPTIMAL,OPTIMAL,OPTIMAL
TMEM218,OPTIMAL,OPTIMAL,OPTIMAL,OPTIMAL
PKNOX2,OPTIMAL,OPTIMAL,OPTIMAL,OPTIMAL
FEZ1,OPTIMAL,OPTIMAL,OPTIMAL,OPTIMAL
EI24,OPTIMAL,OPTIMAL,OPTIMAL,OPTIMAL
STT3A,OPTIMAL,OPTIMAL,OPTIMAL,OPTIMAL
CHEK1,OPTIMAL,OPTIMAL,OPTIMAL,OPTIMAL
PUS3,OPTIMAL,OPTIMAL,OPTIMAL,OPTIMAL
CDON,OPTIMAL,OPTIMAL,OPTIMAL,OPTIMAL
RPUSD4,OPTIMAL,OPTIMAL,OPTIMAL,OPTIMAL
FAM118B,OPTIMAL,OPTIMAL,OPTIMAL,OPTIMAL
SRPRA,OPTIMAL,OPTIMAL,OPTIMAL,OPTIMAL
FOXRED1,OPTIMAL,OPTIMAL,OPTIMAL,OPTIMAL
TIRAP,OPTIMAL,OPTIMAL,OPTIMAL,OPTIMAL
DCPS,OPTIMAL,OPTIMAL,OPTIMAL,OPTIMAL
ST3GAL4,OPTIMAL,OPTIMAL,OPTIMAL,OPTIMAL
FLI1,OPTIMAL,OPTIMAL,OPTIMAL,OPTIMAL
ARHGAP32,INFEASIBLE,OPTIMAL,OPTIMAL,OPTIMAL
BARX2,OPTIMAL,OPTIMAL,OPTIMAL,OPTIMAL
NFRKB,OPTIMAL,OPTIMAL,OPTIMAL,OPTIMAL
PRDM10,OPTIMAL,OPTIMAL,OPTIMAL,OPTIMAL
APLP2,INFEASIBLE,OPTIMAL,OPTIMAL,OPTIMAL
ZBTB44,OPTIMAL,OPTIMAL,OPTIMAL,OPTIMAL
JAM3,OPTIMAL,OPTIMAL,OPTIMAL,OPTIMAL
NCAPD3,INFEASIBLE,OPTIMAL,OPTIMAL,OPTIMAL
VPS26B,OPTIMAL,OPTIMAL,OPTIMAL,OPTIMAL
THYN1,OPTIMAL,OPTIMAL,OPTIMAL,OPTIMAL
ACAD8,OPTIMAL,OPTIMAL,OPTIMAL,OPTIMAL
GLB1L2,OPTIMAL,OPTIMAL,OPTIMAL,OPTIMAL
KDM5A,OPTIMAL,OPTIMAL,OPTIMAL,OPTIMAL
CCDC77,OPTIMAL,OPTIMAL,OPTIMAL,OPTIMAL
B4GALNT3,OPTIMAL,OPTIMAL,OPTIMAL,OPTIMAL
WNK1,OPTIMAL,OPTIMAL,OPTIMAL,OPTIMAL
RAD52,OPTIMAL,OPTIMAL,OPTIMAL,OPTIMAL
ERC1,OPTIMAL,OPTIMAL,OPTIMAL,OPTIMAL
WNT5B,OPTIMAL,OPTIMAL,OPTIMAL,OPTIMAL
FBXL14,OPTIMAL,OPTIMAL,OPTIMAL,OPTIMAL
ADIPOR2,OPTIMAL,OPTIMAL,OPTIMAL,OPTIMAL
DCP1B,OPTIMAL,OPTIMAL,OPTIMAL,OPTIMAL
CACNA1C,OPTIMAL,OPTIMAL,OPTIMAL,OPTIMAL
FKBP4,INFEASIBLE,OPTIMAL,OPTIMAL,OPTIMAL
ITFG2,OPTIMAL,OPTIMAL,OPTIMAL,OPTIMAL
FOXM1,OPTIMAL,OPTIMAL,OPTIMAL,OPTIMAL
RHNO1,OPTIMAL,OPTIMAL,OPTIMAL,OPTIMAL
TULP3,OPTIMAL,OPTIMAL,OPTIMAL,OPTIMAL
TEAD4,OPTIMAL,OPTIMAL,OPTIMAL,OPTIMAL
TSPAN9,OPTIMAL,OPTIMAL,OPTIMAL,OPTIMAL
CRACR2A,OPTIMAL,OPTIMAL,OPTIMAL,OPTIMAL
PARP11,OPTIMAL,OPTIMAL,OPTIMAL,OPTIMAL
CCND2,OPTIMAL,OPTIMAL,OPTIMAL,OPTIMAL
TIGAR,OPTIMAL,OPTIMAL,OPTIMAL,OPTIMAL
FGF23,OPTIMAL,OPTIMAL,OPTIMAL,INFEASIBLE
C12orf4,INFEASIBLE,OPTIMAL,OPTIMAL,OPTIMAL
RAD51AP1,OPTIMAL,OPTIMAL,OPTIMAL,OPTIMAL
DYRK4,OPTIMAL,OPTIMAL,OPTIMAL,OPTIMAL
NDUFA9,OPTIMAL,OPTIMAL,OPTIMAL,OPTIMAL
CD9,OPTIMAL,OPTIMAL,OPTIMAL,OPTIMAL
TNFRSF1A,OPTIMAL,OPTIMAL,OPTIMAL,OPTIMAL
MRPL51,OPTIMAL,OPTIMAL,OPTIMAL,OPTIMAL
NCAPD2,OPTIMAL,OPTIMAL,OPTIMAL,OPTIMAL
GAPDH,OPTIMAL,OPTIMAL,OPTIMAL,OPTIMAL
IFFO1,OPTIMAL,OPTIMAL,OPTIMAL,OPTIMAL
NOP2,INFEASIBLE,OPTIMAL,OPTIMAL,OPTIMAL
CHD4,INFEASIBLE,OPTIMAL,OPTIMAL,OPTIMAL
ING4,OPTIMAL,OPTIMAL,OPTIMAL,OPTIMAL
ZNF384,OPTIMAL,OPTIMAL,OPTIMAL,OPTIMAL
COPS7A,OPTIMAL,OPTIMAL,OPTIMAL,OPTIMAL
MLF2,OPTIMAL,OPTIMAL,OPTIMAL,OPTIMAL
PTMS,OPTIMAL,OPTIMAL,OPTIMAL,OPTIMAL
P3H3,OPTIMAL,OPTIMAL,OPTIMAL,OPTIMAL
CDCA3,OPTIMAL,OPTIMAL,OPTIMAL,OPTIMAL
USP5,OPTIMAL,OPTIMAL,OPTIMAL,OPTIMAL
TPI1,OPTIMAL,OPTIMAL,OPTIMAL,OPTIMAL
LRRC23,OPTIMAL,OPTIMAL,OPTIMAL,OPTIMAL
ATN1,OPTIMAL,OPTIMAL,OPTIMAL,OPTIMAL
C12orf57,OPTIMAL,OPTIMAL,OPTIMAL,OPTIMAL
PHB2,OPTIMAL,OPTIMAL,OPTIMAL,OPTIMAL
EMG1,INFEASIBLE,OPTIMAL,OPTIMAL,OPTIMAL
LPCAT3,OPTIMAL,OPTIMAL,OPTIMAL,OPTIMAL
C1S,OPTIMAL,OPTIMAL,OPTIMAL,OPTIMAL
PEX5,OPTIMAL,INFEASIBLE,OPTIMAL,OPTIMAL
NECAP1,OPTIMAL,OPTIMAL,OPTIMAL,OPTIMAL
RIMKLB,OPTIMAL,OPTIMAL,OPTIMAL,OPTIMAL
PHC1,OPTIMAL,OPTIMAL,OPTIMAL,OPTIMAL
M6PR,OPTIMAL,OPTIMAL,OPTIMAL,OPTIMAL
KLRG1,OPTIMAL,OPTIMAL,OPTIMAL,OPTIMAL
CLEC2D,OPTIMAL,OPTIMAL,OPTIMAL,OPTIMAL
GABARAPL1,OPTIMAL,OPTIMAL,OPTIMAL,OPTIMAL
MAGOHB,OPTIMAL,OPTIMAL,OPTIMAL,OPTIMAL
YBX3,OPTIMAL,OPTIMAL,OPTIMAL,OPTIMAL
PRH1,INFEASIBLE,OPTIMAL,OPTIMAL,OPTIMAL
SMIM10L1,OPTIMAL,OPTIMAL,OPTIMAL,OPTIMAL
ETV6,OPTIMAL,OPTIMAL,OPTIMAL,OPTIMAL
BCL2L14,OPTIMAL,OPTIMAL,OPTIMAL,OPTIMAL
LRP6,OPTIMAL,OPTIMAL,OPTIMAL,OPTIMAL
BORCS5,OPTIMAL,OPTIMAL,OPTIMAL,OPTIMAL
DUSP16,OPTIMAL,OPTIMAL,OPTIMAL,OPTIMAL
CREBL2,OPTIMAL,OPTIMAL,OPTIMAL,OPTIMAL
CDKN1B,OPTIMAL,OPTIMAL,OPTIMAL,OPTIMAL
APOLD1,OPTIMAL,OPTIMAL,OPTIMAL,OPTIMAL
HEBP1,OPTIMAL,OPTIMAL,OPTIMAL,OPTIMAL
FAM234B,OPTIMAL,OPTIMAL,OPTIMAL,OPTIMAL
ATF7IP,INFEASIBLE,OPTIMAL,OPTIMAL,OPTIMAL
WBP11,INFEASIBLE,OPTIMAL,OPTIMAL,OPTIMAL
RERG,OPTIMAL,OPTIMAL,OPTIMAL,OPTIMAL
EPS8,OPTIMAL,INFEASIBLE,OPTIMAL,OPTIMAL
STRAP,OPTIMAL,OPTIMAL,OPTIMAL,OPTIMAL
DERA,OPTIMAL,OPTIMAL,OPTIMAL,OPTIMAL
MGST1,OPTIMAL,OPTIMAL,OPTIMAL,OPTIMAL
PLEKHA5,OPTIMAL,OPTIMAL,OPTIMAL,OPTIMAL
AEBP2,OPTIMAL,OPTIMAL,OPTIMAL,OPTIMAL
PDE3A,OPTIMAL,INFEASIBLE,OPTIMAL,OPTIMAL
PYROXD1,OPTIMAL,OPTIMAL,OPTIMAL,OPTIMAL
RECQL,OPTIMAL,OPTIMAL,OPTIMAL,OPTIMAL
GOLT1B,OPTIMAL,OPTIMAL,OPTIMAL,OPTIMAL
LDHB,OPTIMAL,OPTIMAL,OPTIMAL,OPTIMAL
KCNJ8,OPTIMAL,OPTIMAL,OPTIMAL,OPTIMAL
CMAS,INFEASIBLE,OPTIMAL,OPTIMAL,OPTIMAL
C2CD5,OPTIMAL,OPTIMAL,OPTIMAL,OPTIMAL
ETNK1,OPTIMAL,OPTIMAL,OPTIMAL,OPTIMAL
SOX5,OPTIMAL,OPTIMAL,OPTIMAL,OPTIMAL
BCAT1,OPTIMAL,OPTIMAL,OPTIMAL,OPTIMAL
ETFRF1,OPTIMAL,OPTIMAL,OPTIMAL,OPTIMAL
KRAS,OPTIMAL,OPTIMAL,OPTIMAL,OPTIMAL
RASSF8,INFEASIBLE,OPTIMAL,OPTIMAL,OPTIMAL
SSPN,OPTIMAL,OPTIMAL,OPTIMAL,OPTIMAL
ITPR2,INFEASIBLE,OPTIMAL,OPTIMAL,INFEASIBLE
INTS13,INFEASIBLE,OPTIMAL,OPTIMAL,OPTIMAL
FGFR1OP2,OPTIMAL,OPTIMAL,OPTIMAL,OPTIMAL
TM7SF3,OPTIMAL,OPTIMAL,OPTIMAL,OPTIMAL
MED21,OPTIMAL,OPTIMAL,OPTIMAL,OPTIMAL
STK38L,INFEASIBLE,OPTIMAL,OPTIMAL,OPTIMAL
BMAL2,OPTIMAL,OPTIMAL,OPTIMAL,OPTIMAL
PPFIBP1,OPTIMAL,OPTIMAL,OPTIMAL,OPTIMAL
MRPS35,OPTIMAL,OPTIMAL,OPTIMAL,OPTIMAL
KLHL42,OPTIMAL,OPTIMAL,OPTIMAL,OPTIMAL
CCDC91,OPTIMAL,OPTIMAL,OPTIMAL,OPTIMAL
FAR2,INFEASIBLE,OPTIMAL,INFEASIBLE,OPTIMAL
ERGIC2,OPTIMAL,OPTIMAL,OPTIMAL,OPTIMAL
TMTC1,OPTIMAL,OPTIMAL,OPTIMAL,OPTIMAL
IPO8,INFEASIBLE,OPTIMAL,OPTIMAL,INFEASIBLE
CAPRIN2,OPTIMAL,OPTIMAL,OPTIMAL,OPTIMAL
DDX11,OPTIMAL,OPTIMAL,OPTIMAL,OPTIMAL
SINHCAF,INFEASIBLE,OPTIMAL,OPTIMAL,OPTIMAL
DENND5B,OPTIMAL,OPTIMAL,OPTIMAL,OPTIMAL
AMN1,OPTIMAL,OPTIMAL,OPTIMAL,OPTIMAL
RESF1,OPTIMAL,OPTIMAL,OPTIMAL,OPTIMAL
BICD1,OPTIMAL,OPTIMAL,OPTIMAL,OPTIMAL
FGD4,OPTIMAL,OPTIMAL,OPTIMAL,OPTIMAL
DNM1L,INFEASIBLE,OPTIMAL,OPTIMAL,OPTIMAL
YARS2,OPTIMAL,OPTIMAL,OPTIMAL,OPTIMAL
PKP2,OPTIMAL,OPTIMAL,OPTIMAL,OPTIMAL
CPNE8,OPTIMAL,OPTIMAL,OPTIMAL,OPTIMAL
KIF21A,INFEASIBLE,OPTIMAL,OPTIMAL,OPTIMAL
C12orf40,OPTIMAL,OPTIMAL,OPTIMAL,OPTIMAL
SLC2A13,OPTIMAL,OPTIMAL,OPTIMAL,OPTIMAL
CNTN1,OPTIMAL,OPTIMAL,OPTIMAL,OPTIMAL
GXYLT1,INFEASIBLE,OPTIMAL,OPTIMAL,INFEASIBLE
YAF2,OPTIMAL,OPTIMAL,OPTIMAL,OPTIMAL
PPHLN1,OPTIMAL,OPTIMAL,OPTIMAL,OPTIMAL
ZCRB1,OPTIMAL,OPTIMAL,OPTIMAL,OPTIMAL
PRICKLE1,OPTIMAL,OPTIMAL,OPTIMAL,OPTIMAL
ADAMTS20,OPTIMAL,OPTIMAL,OPTIMAL,OPTIMAL
PUS7L,INFEASIBLE,OPTIMAL,OPTIMAL,OPTIMAL
IRAK4,OPTIMAL,INFEASIBLE,OPTIMAL,OPTIMAL
TWF1,INFEASIBLE,OPTIMAL,OPTIMAL,OPTIMAL
TMEM117,OPTIMAL,OPTIMAL,OPTIMAL,OPTIMAL
NELL2,OPTIMAL,OPTIMAL,OPTIMAL,OPTIMAL
ANO6,OPTIMAL,OPTIMAL,OPTIMAL,OPTIMAL
ARID2,OPTIMAL,OPTIMAL,OPTIMAL,OPTIMAL
SCAF11,INFEASIBLE,OPTIMAL,OPTIMAL,OPTIMAL
SLC38A1,INFEASIBLE,OPTIMAL,OPTIMAL,OPTIMAL
SLC38A2,OPTIMAL,OPTIMAL,OPTIMAL,OPTIMAL
RPAP3,OPTIMAL,OPTIMAL,OPTIMAL,OPTIMAL
SLC48A1,INFEASIBLE,INFEASIBLE,OPTIMAL,OPTIMAL
HDAC7,OPTIMAL,OPTIMAL,OPTIMAL,OPTIMAL
TMEM106C,OPTIMAL,OPTIMAL,OPTIMAL,OPTIMAL
COL2A1,OPTIMAL,OPTIMAL,OPTIMAL,OPTIMAL
SENP1,OPTIMAL,OPTIMAL,OPTIMAL,OPTIMAL
PFKM,INFEASIBLE,OPTIMAL,OPTIMAL,OPTIMAL
ASB8,OPTIMAL,OPTIMAL,OPTIMAL,OPTIMAL
KANSL2,OPTIMAL,OPTIMAL,OPTIMAL,OPTIMAL
CCNT1,OPTIMAL,OPTIMAL,OPTIMAL,OPTIMAL
ADCY6,OPTIMAL,OPTIMAL,OPTIMAL,OPTIMAL
DDX23,INFEASIBLE,OPTIMAL,OPTIMAL,INFEASIBLE
CCDC65,OPTIMAL,OPTIMAL,OPTIMAL,OPTIMAL
FKBP11,OPTIMAL,INFEASIBLE,OPTIMAL,OPTIMAL
ARF3,OPTIMAL,OPTIMAL,OPTIMAL,OPTIMAL
PRKAG1,OPTIMAL,OPTIMAL,OPTIMAL,OPTIMAL
KMT2D,OPTIMAL,OPTIMAL,OPTIMAL,OPTIMAL
LMBR1L,OPTIMAL,OPTIMAL,OPTIMAL,OPTIMAL
TUBA1B,OPTIMAL,OPTIMAL,OPTIMAL,OPTIMAL
TUBA1A,OPTIMAL,OPTIMAL,OPTIMAL,OPTIMAL
TUBA1C,OPTIMAL,OPTIMAL,OPTIMAL,OPTIMAL
TROAP,OPTIMAL,OPTIMAL,OPTIMAL,OPTIMAL
SPATS2,OPTIMAL,OPTIMAL,OPTIMAL,OPTIMAL
MCRS1,OPTIMAL,OPTIMAL,OPTIMAL,OPTIMAL
PRPF40B,OPTIMAL,OPTIMAL,OPTIMAL,OPTIMAL
FMNL3,OPTIMAL,OPTIMAL,OPTIMAL,OPTIMAL
TMBIM6,OPTIMAL,OPTIMAL,OPTIMAL,OPTIMAL
NCKAP5L,OPTIMAL,OPTIMAL,OPTIMAL,OPTIMAL
BCDIN3D,OPTIMAL,OPTIMAL,OPTIMAL,OPTIMAL
RACGAP1,OPTIMAL,OPTIMAL,OPTIMAL,OPTIMAL
ASIC1,OPTIMAL,OPTIMAL,OPTIMAL,OPTIMAL
SMARCD1,OPTIMAL,OPTIMAL,OPTIMAL,OPTIMAL
COX14,OPTIMAL,OPTIMAL,OPTIMAL,OPTIMAL
CERS5,INFEASIBLE,OPTIMAL,OPTIMAL,INFEASIBLE
LIMA1,OPTIMAL,OPTIMAL,OPTIMAL,OPTIMAL
LARP4,INFEASIBLE,OPTIMAL,OPTIMAL,OPTIMAL
DIP2B,INFEASIBLE,OPTIMAL,OPTIMAL,OPTIMAL
ATF1,OPTIMAL,OPTIMAL,OPTIMAL,OPTIMAL
METTL7A,OPTIMAL,OPTIMAL,OPTIMAL,OPTIMAL
SLC11A2,OPTIMAL,OPTIMAL,OPTIMAL,OPTIMAL
LETMD1,OPTIMAL,OPTIMAL,OPTIMAL,OPTIMAL
CSRNP2,OPTIMAL,OPTIMAL,OPTIMAL,OPTIMAL
TFCP2,OPTIMAL,OPTIMAL,OPTIMAL,OPTIMAL
DAZAP2,OPTIMAL,OPTIMAL,OPTIMAL,OPTIMAL
GALNT6,OPTIMAL,OPTIMAL,OPTIMAL,OPTIMAL
SCN8A,OPTIMAL,OPTIMAL,OPTIMAL,OPTIMAL
ACVR1B,OPTIMAL,OPTIMAL,OPTIMAL,OPTIMAL
ATG101,OPTIMAL,OPTIMAL,OPTIMAL,OPTIMAL
KRT8,OPTIMAL,OPTIMAL,OPTIMAL,OPTIMAL
KRT18,OPTIMAL,OPTIMAL,OPTIMAL,OPTIMAL
EIF4B,OPTIMAL,OPTIMAL,OPTIMAL,OPTIMAL
CSAD,OPTIMAL,OPTIMAL,OPTIMAL,OPTIMAL
ZNF740,OPTIMAL,OPTIMAL,OPTIMAL,OPTIMAL
MFSD5,OPTIMAL,INFEASIBLE,OPTIMAL,OPTIMAL
ESPL1,OPTIMAL,OPTIMAL,OPTIMAL,OPTIMAL
PFDN5,OPTIMAL,OPTIMAL,OPTIMAL,OPTIMAL
MYG1,OPTIMAL,OPTIMAL,OPTIMAL,OPTIMAL
AAAS,OPTIMAL,OPTIMAL,OPTIMAL,OPTIMAL
SP1,OPTIMAL,OPTIMAL,OPTIMAL,OPTIMAL
PRR13,OPTIMAL,OPTIMAL,OPTIMAL,OPTIMAL
PCBP2,OPTIMAL,OPTIMAL,OPTIMAL,OPTIMAL
MAP3K12,OPTIMAL,OPTIMAL,OPTIMAL,OPTIMAL
TARBP2,OPTIMAL,OPTIMAL,OPTIMAL,OPTIMAL
ATF7,OPTIMAL,OPTIMAL,OPTIMAL,OPTIMAL
ATP5MC2,OPTIMAL,OPTIMAL,OPTIMAL,OPTIMAL
HOXC10,OPTIMAL,OPTIMAL,OPTIMAL,OPTIMAL
HOXC6,OPTIMAL,OPTIMAL,OPTIMAL,OPTIMAL
HOXC9,OPTIMAL,OPTIMAL,OPTIMAL,OPTIMAL
HOXC8,OPTIMAL,OPTIMAL,OPTIMAL,OPTIMAL
HOXC4,OPTIMAL,OPTIMAL,OPTIMAL,OPTIMAL
SMUG1,OPTIMAL,OPTIMAL,OPTIMAL,OPTIMAL
CBX5,OPTIMAL,OPTIMAL,OPTIMAL,OPTIMAL
HNRNPA1,INFEASIBLE,OPTIMAL,INFEASIBLE,INFEASIBLE
COPZ1,OPTIMAL,OPTIMAL,OPTIMAL,OPTIMAL
ZNF385A,OPTIMAL,OPTIMAL,OPTIMAL,OPTIMAL
ITGA5,OPTIMAL,OPTIMAL,OPTIMAL,OPTIMAL
PPP1R1A,INFEASIBLE,OPTIMAL,OPTIMAL,INFEASIBLE
BLOC1S1,OPTIMAL,OPTIMAL,OPTIMAL,OPTIMAL
CD63,OPTIMAL,OPTIMAL,OPTIMAL,OPTIMAL
GDF11,OPTIMAL,OPTIMAL,OPTIMAL,OPTIMAL
SARNP,OPTIMAL,OPTIMAL,OPTIMAL,OPTIMAL
ORMDL2,OPTIMAL,OPTIMAL,OPTIMAL,OPTIMAL
DNAJC14,OPTIMAL,OPTIMAL,OPTIMAL,OPTIMAL
PYM1,OPTIMAL,OPTIMAL,OPTIMAL,OPTIMAL
CDK2,OPTIMAL,OPTIMAL,OPTIMAL,OPTIMAL
RAB5B,OPTIMAL,OPTIMAL,OPTIMAL,OPTIMAL
RPS26,OPTIMAL,OPTIMAL,OPTIMAL,OPTIMAL
PA2G4,OPTIMAL,OPTIMAL,OPTIMAL,OPTIMAL
RPL41,OPTIMAL,OPTIMAL,OPTIMAL,OPTIMAL
ESYT1,OPTIMAL,OPTIMAL,OPTIMAL,OPTIMAL
MYL6B,OPTIMAL,OPTIMAL,OPTIMAL,OPTIMAL
MYL6,OPTIMAL,OPTIMAL,OPTIMAL,OPTIMAL
SMARCC2,OPTIMAL,INFEASIBLE,OPTIMAL,OPTIMAL
RNF41,OPTIMAL,OPTIMAL,OPTIMAL,OPTIMAL
NABP2,OPTIMAL,OPTIMAL,OPTIMAL,OPTIMAL
ANKRD52,OPTIMAL,OPTIMAL,OPTIMAL,OPTIMAL
COQ10A,OPTIMAL,INFEASIBLE,OPTIMAL,OPTIMAL
CS,OPTIMAL,OPTIMAL,OPTIMAL,OPTIMAL
CNPY2,OPTIMAL,OPTIMAL,OPTIMAL,OPTIMAL
STAT2,OPTIMAL,OPTIMAL,OPTIMAL,OPTIMAL
TIMELESS,OPTIMAL,OPTIMAL,OPTIMAL,OPTIMAL
SPRYD4,OPTIMAL,OPTIMAL,OPTIMAL,OPTIMAL
RBMS2,OPTIMAL,OPTIMAL,OPTIMAL,OPTIMAL
BAZ2A,OPTIMAL,OPTIMAL,OPTIMAL,OPTIMAL
ATP5F1B,OPTIMAL,OPTIMAL,OPTIMAL,OPTIMAL
PTGES3,INFEASIBLE,OPTIMAL,OPTIMAL,OPTIMAL
NACA,OPTIMAL,OPTIMAL,OPTIMAL,OPTIMAL
PRIM1,OPTIMAL,OPTIMAL,OPTIMAL,OPTIMAL
ZBTB39,OPTIMAL,OPTIMAL,OPTIMAL,OPTIMAL
NEMP1,OPTIMAL,OPTIMAL,OPTIMAL,OPTIMAL
STAT6,OPTIMAL,INFEASIBLE,OPTIMAL,OPTIMAL
LRP1,OPTIMAL,OPTIMAL,OPTIMAL,OPTIMAL
SHMT2,OPTIMAL,OPTIMAL,OPTIMAL,OPTIMAL
R3HDM2,OPTIMAL,OPTIMAL,OPTIMAL,OPTIMAL
MARS1,OPTIMAL,OPTIMAL,OPTIMAL,OPTIMAL
MBD6,OPTIMAL,OPTIMAL,OPTIMAL,OPTIMAL
DCTN2,OPTIMAL,OPTIMAL,OPTIMAL,OPTIMAL
KIF5A,OPTIMAL,OPTIMAL,OPTIMAL,OPTIMAL
PIP4K2C,OPTIMAL,INFEASIBLE,OPTIMAL,OPTIMAL
OS9,OPTIMAL,OPTIMAL,OPTIMAL,OPTIMAL
TSPAN31,OPTIMAL,OPTIMAL,OPTIMAL,OPTIMAL
CDK4,OPTIMAL,OPTIMAL,OPTIMAL,OPTIMAL
MARCHF9,OPTIMAL,OPTIMAL,OPTIMAL,OPTIMAL
METTL1,OPTIMAL,OPTIMAL,OPTIMAL,OPTIMAL
EEF1AKMT3,OPTIMAL,INFEASIBLE,OPTIMAL,OPTIMAL
TSFM,OPTIMAL,OPTIMAL,OPTIMAL,OPTIMAL
CTDSP2,OPTIMAL,OPTIMAL,OPTIMAL,OPTIMAL
ATP23,OPTIMAL,OPTIMAL,OPTIMAL,OPTIMAL
LRIG3,OPTIMAL,OPTIMAL,OPTIMAL,OPTIMAL
TAFA2,OPTIMAL,OPTIMAL,OPTIMAL,OPTIMAL
USP15,INFEASIBLE,OPTIMAL,OPTIMAL,INFEASIBLE
MON2,OPTIMAL,OPTIMAL,OPTIMAL,OPTIMAL
PPM1H,OPTIMAL,OPTIMAL,OPTIMAL,OPTIMAL
RXYLT1,OPTIMAL,OPTIMAL,OPTIMAL,OPTIMAL
SRGAP1,OPTIMAL,OPTIMAL,OPTIMAL,OPTIMAL
KICS2,OPTIMAL,OPTIMAL,OPTIMAL,OPTIMAL
XPOT,OPTIMAL,OPTIMAL,OPTIMAL,OPTIMAL
TBK1,OPTIMAL,OPTIMAL,OPTIMAL,OPTIMAL
RASSF3,OPTIMAL,OPTIMAL,OPTIMAL,OPTIMAL
GNS,OPTIMAL,OPTIMAL,OPTIMAL,OPTIMAL
TBC1D30,OPTIMAL,OPTIMAL,OPTIMAL,OPTIMAL
LEMD3,OPTIMAL,OPTIMAL,OPTIMAL,OPTIMAL
MSRB3,OPTIMAL,OPTIMAL,OPTIMAL,OPTIMAL
HMGA2,OPTIMAL,INFEASIBLE,OPTIMAL,OPTIMAL
LLPH,OPTIMAL,OPTIMAL,OPTIMAL,OPTIMAL
TMBIM4,OPTIMAL,OPTIMAL,OPTIMAL,OPTIMAL
HELB,OPTIMAL,OPTIMAL,OPTIMAL,OPTIMAL
GRIP1,OPTIMAL,OPTIMAL,OPTIMAL,OPTIMAL
CAND1,INFEASIBLE,OPTIMAL,INFEASIBLE,OPTIMAL
DYRK2,INFEASIBLE,OPTIMAL,OPTIMAL,OPTIMAL
MDM1,OPTIMAL,OPTIMAL,OPTIMAL,OPTIMAL
RAP1B,OPTIMAL,OPTIMAL,OPTIMAL,OPTIMAL
NUP107,INFEASIBLE,OPTIMAL,OPTIMAL,OPTIMAL
SLC35E3,OPTIMAL,OPTIMAL,OPTIMAL,OPTIMAL
MDM2,INFEASIBLE,OPTIMAL,OPTIMAL,OPTIMAL
CPM,INFEASIBLE,OPTIMAL,INFEASIBLE,OPTIMAL
CPSF6,OPTIMAL,OPTIMAL,OPTIMAL,OPTIMAL
YEATS4,OPTIMAL,OPTIMAL,OPTIMAL,OPTIMAL
FRS2,OPTIMAL,OPTIMAL,OPTIMAL,OPTIMAL
CCT2,INFEASIBLE,OPTIMAL,OPTIMAL,OPTIMAL
RAB3IP,OPTIMAL,OPTIMAL,OPTIMAL,OPTIMAL
CNOT2,OPTIMAL,OPTIMAL,OPTIMAL,OPTIMAL
KCNMB4,OPTIMAL,OPTIMAL,OPTIMAL,OPTIMAL
TSPAN8,INFEASIBLE,INFEASIBLE,OPTIMAL,INFEASIBLE
LGR5,OPTIMAL,OPTIMAL,OPTIMAL,OPTIMAL
ZFC3H1,OPTIMAL,OPTIMAL,OPTIMAL,OPTIMAL
THAP2,OPTIMAL,OPTIMAL,OPTIMAL,OPTIMAL
TMEM19,OPTIMAL,OPTIMAL,OPTIMAL,OPTIMAL
RAB21,INFEASIBLE,OPTIMAL,OPTIMAL,OPTIMAL
TBC1D15,OPTIMAL,OPTIMAL,OPTIMAL,OPTIMAL
TRHDE,OPTIMAL,OPTIMAL,OPTIMAL,OPTIMAL
ATXN7L3B,OPTIMAL,OPTIMAL,OPTIMAL,OPTIMAL
CAPS2,OPTIMAL,OPTIMAL,OPTIMAL,OPTIMAL
GLIPR1,OPTIMAL,OPTIMAL,OPTIMAL,OPTIMAL
KRR1,INFEASIBLE,OPTIMAL,OPTIMAL,INFEASIBLE
NAP1L1,OPTIMAL,OPTIMAL,OPTIMAL,OPTIMAL
OSBPL8,INFEASIBLE,OPTIMAL,OPTIMAL,INFEASIBLE
ZDHHC17,OPTIMAL,OPTIMAL,OPTIMAL,OPTIMAL
CSRP2,OPTIMAL,OPTIMAL,OPTIMAL,OPTIMAL
E2F7,OPTIMAL,OPTIMAL,OPTIMAL,OPTIMAL
SYT1,OPTIMAL,INFEASIBLE,OPTIMAL,OPTIMAL
PAWR,OPTIMAL,OPTIMAL,OPTIMAL,OPTIMAL
PPP1R12A,OPTIMAL,OPTIMAL,OPTIMAL,OPTIMAL
LIN7A,OPTIMAL,OPTIMAL,OPTIMAL,OPTIMAL
ACSS3,OPTIMAL,OPTIMAL,OPTIMAL,OPTIMAL
PPFIA2,OPTIMAL,OPTIMAL,OPTIMAL,OPTIMAL
CCDC59,OPTIMAL,OPTIMAL,OPTIMAL,OPTIMAL
METTL25,OPTIMAL,OPTIMAL,OPTIMAL,OPTIMAL
TMTC2,OPTIMAL,INFEASIBLE,OPTIMAL,OPTIMAL
SLC6A15,OPTIMAL,OPTIMAL,OPTIMAL,OPTIMAL
ALX1,OPTIMAL,OPTIMAL,OPTIMAL,OPTIMAL
MGAT4C,INFEASIBLE,INFEASIBLE,OPTIMAL,OPTIMAL
C12orf29,OPTIMAL,OPTIMAL,OPTIMAL,OPTIMAL
CEP290,INFEASIBLE,OPTIMAL,OPTIMAL,OPTIMAL
TMTC3,OPTIMAL,OPTIMAL,OPTIMAL,OPTIMAL
KITLG,OPTIMAL,OPTIMAL,OPTIMAL,OPTIMAL
POC1B,OPTIMAL,INFEASIBLE,OPTIMAL,OPTIMAL
ATP2B1,INFEASIBLE,OPTIMAL,OPTIMAL,INFEASIBLE
BTG1,OPTIMAL,OPTIMAL,OPTIMAL,OPTIMAL
EEA1,OPTIMAL,OPTIMAL,OPTIMAL,OPTIMAL
NUDT4,OPTIMAL,OPTIMAL,OPTIMAL,OPTIMAL
UBE2N,OPTIMAL,OPTIMAL,OPTIMAL,OPTIMAL
MRPL42,OPTIMAL,OPTIMAL,OPTIMAL,OPTIMAL
CRADD,OPTIMAL,OPTIMAL,OPTIMAL,OPTIMAL
CEP83,OPTIMAL,OPTIMAL,OPTIMAL,OPTIMAL
TMCC3,OPTIMAL,OPTIMAL,OPTIMAL,OPTIMAL
NDUFA12,OPTIMAL,OPTIMAL,OPTIMAL,OPTIMAL
NR2C1,OPTIMAL,OPTIMAL,OPTIMAL,OPTIMAL
FGD6,OPTIMAL,OPTIMAL,OPTIMAL,OPTIMAL
VEZT,OPTIMAL,OPTIMAL,OPTIMAL,OPTIMAL
METAP2,OPTIMAL,OPTIMAL,OPTIMAL,OPTIMAL
USP44,OPTIMAL,OPTIMAL,OPTIMAL,OPTIMAL
SNRPF,OPTIMAL,OPTIMAL,OPTIMAL,OPTIMAL
LTA4H,OPTIMAL,OPTIMAL,OPTIMAL,OPTIMAL
ELK3,OPTIMAL,OPTIMAL,OPTIMAL,OPTIMAL
CDK17,OPTIMAL,OPTIMAL,OPTIMAL,OPTIMAL
NEDD1,OPTIMAL,OPTIMAL,OPTIMAL,OPTIMAL
TMPO,OPTIMAL,OPTIMAL,OPTIMAL,OPTIMAL
SLC25A3,OPTIMAL,OPTIMAL,OPTIMAL,OPTIMAL
IKBIP,OPTIMAL,OPTIMAL,OPTIMAL,OPTIMAL
APAF1,OPTIMAL,INFEASIBLE,OPTIMAL,OPTIMAL
ANKS1B,OPTIMAL,OPTIMAL,OPTIMAL,OPTIMAL
BLTP3B,OPTIMAL,INFEASIBLE,OPTIMAL,OPTIMAL
ACTR6,OPTIMAL,OPTIMAL,OPTIMAL,OPTIMAL
DEPDC4,OPTIMAL,OPTIMAL,OPTIMAL,OPTIMAL
SCYL2,OPTIMAL,OPTIMAL,OPTIMAL,OPTIMAL
GAS2L3,INFEASIBLE,OPTIMAL,OPTIMAL,OPTIMAL
ANO4,OPTIMAL,OPTIMAL,OPTIMAL,OPTIMAL
UTP20,INFEASIBLE,OPTIMAL,OPTIMAL,OPTIMAL
ARL1,OPTIMAL,OPTIMAL,OPTIMAL,OPTIMAL
CHPT1,OPTIMAL,OPTIMAL,OPTIMAL,OPTIMAL
GNPTAB,OPTIMAL,OPTIMAL,OPTIMAL,OPTIMAL
WASHC3,OPTIMAL,OPTIMAL,OPTIMAL,OPTIMAL
NUP37,OPTIMAL,OPTIMAL,OPTIMAL,OPTIMAL
PARPBP,OPTIMAL,OPTIMAL,OPTIMAL,OPTIMAL
NT5DC3,OPTIMAL,OPTIMAL,OPTIMAL,OPTIMAL
HSP90B1,INFEASIBLE,OPTIMAL,OPTIMAL,INFEASIBLE
UQCC6,OPTIMAL,OPTIMAL,OPTIMAL,OPTIMAL
TDG,OPTIMAL,OPTIMAL,OPTIMAL,OPTIMAL
HCFC2,OPTIMAL,OPTIMAL,OPTIMAL,OPTIMAL
NFYB,OPTIMAL,OPTIMAL,OPTIMAL,OPTIMAL
TXNRD1,OPTIMAL,OPTIMAL,OPTIMAL,OPTIMAL
CHST11,INFEASIBLE,INFEASIBLE,OPTIMAL,OPTIMAL
SLC41A2,OPTIMAL,OPTIMAL,OPTIMAL,OPTIMAL
NOPCHAP1,OPTIMAL,OPTIMAL,OPTIMAL,OPTIMAL
ALDH1L2,OPTIMAL,OPTIMAL,OPTIMAL,OPTIMAL
WASHC4,OPTIMAL,OPTIMAL,OPTIMAL,OPTIMAL
APPL2,OPTIMAL,OPTIMAL,OPTIMAL,OPTIMAL
C12orf75,OPTIMAL,OPTIMAL,OPTIMAL,OPTIMAL
NUAK1,OPTIMAL,OPTIMAL,OPTIMAL,OPTIMAL
CKAP4,OPTIMAL,OPTIMAL,OPTIMAL,OPTIMAL
POLR3B,INFEASIBLE,OPTIMAL,OPTIMAL,INFEASIBLE
RIC8B,OPTIMAL,OPTIMAL,OPTIMAL,OPTIMAL
TMEM263,OPTIMAL,OPTIMAL,OPTIMAL,OPTIMAL
MTERF2,OPTIMAL,OPTIMAL,OPTIMAL,OPTIMAL
CRY1,OPTIMAL,OPTIMAL,OPTIMAL,OPTIMAL
ABTB3,OPTIMAL,OPTIMAL,OPTIMAL,OPTIMAL
PWP1,INFEASIBLE,OPTIMAL,OPTIMAL,INFEASIBLE
PRDM4,INFEASIBLE,OPTIMAL,OPTIMAL,OPTIMAL
SART3,OPTIMAL,OPTIMAL,OPTIMAL,OPTIMAL
ISCU,OPTIMAL,OPTIMAL,OPTIMAL,OPTIMAL
CORO1C,OPTIMAL,OPTIMAL,OPTIMAL,OPTIMAL
SSH1,OPTIMAL,OPTIMAL,OPTIMAL,OPTIMAL
USP30,OPTIMAL,OPTIMAL,OPTIMAL,OPTIMAL
ALKBH2,OPTIMAL,OPTIMAL,OPTIMAL,OPTIMAL
UNG,OPTIMAL,OPTIMAL,OPTIMAL,OPTIMAL
ACACB,OPTIMAL,OPTIMAL,OPTIMAL,OPTIMAL
KCTD10,OPTIMAL,OPTIMAL,OPTIMAL,OPTIMAL
UBE3B,OPTIMAL,OPTIMAL,OPTIMAL,OPTIMAL
MMAB,OPTIMAL,OPTIMAL,OPTIMAL,OPTIMAL
MVK,OPTIMAL,OPTIMAL,OPTIMAL,OPTIMAL
FAM222A,OPTIMAL,OPTIMAL,OPTIMAL,OPTIMAL
GLTP,OPTIMAL,OPTIMAL,OPTIMAL,OPTIMAL
TCHP,OPTIMAL,OPTIMAL,OPTIMAL,OPTIMAL
GIT2,OPTIMAL,OPTIMAL,OPTIMAL,OPTIMAL
ANKRD13A,OPTIMAL,OPTIMAL,OPTIMAL,OPTIMAL
C12orf76,OPTIMAL,OPTIMAL,OPTIMAL,OPTIMAL
IFT81,INFEASIBLE,OPTIMAL,OPTIMAL,OPTIMAL
ATP2A2,OPTIMAL,OPTIMAL,OPTIMAL,OPTIMAL
ANAPC7,OPTIMAL,OPTIMAL,OPTIMAL,OPTIMAL
ARPC3,OPTIMAL,OPTIMAL,OPTIMAL,OPTIMAL
GPN3,OPTIMAL,OPTIMAL,OPTIMAL,OPTIMAL
FAM216A,OPTIMAL,OPTIMAL,OPTIMAL,OPTIMAL
VPS29,OPTIMAL,OPTIMAL,OPTIMAL,OPTIMAL
PPTC7,OPTIMAL,OPTIMAL,OPTIMAL,OPTIMAL
TCTN1,OPTIMAL,OPTIMAL,OPTIMAL,OPTIMAL
PPP1CC,INFEASIBLE,OPTIMAL,OPTIMAL,INFEASIBLE
CUX2,OPTIMAL,INFEASIBLE,OPTIMAL,OPTIMAL
SH2B3,OPTIMAL,OPTIMAL,OPTIMAL,OPTIMAL
ATXN2,OPTIMAL,OPTIMAL,OPTIMAL,OPTIMAL
BRAP,OPTIMAL,OPTIMAL,OPTIMAL,OPTIMAL
ACAD10,OPTIMAL,OPTIMAL,OPTIMAL,OPTIMAL
ALDH2,OPTIMAL,OPTIMAL,OPTIMAL,OPTIMAL
MAPKAPK5,OPTIMAL,OPTIMAL,OPTIMAL,OPTIMAL
TMEM116,OPTIMAL,OPTIMAL,OPTIMAL,OPTIMAL
ERP29,OPTIMAL,OPTIMAL,OPTIMAL,OPTIMAL
NAA25,OPTIMAL,OPTIMAL,OPTIMAL,OPTIMAL
TRAFD1,OPTIMAL,OPTIMAL,OPTIMAL,OPTIMAL
HECTD4,OPTIMAL,OPTIMAL,OPTIMAL,OPTIMAL
RPL6,OPTIMAL,OPTIMAL,OPTIMAL,OPTIMAL
PTPN11,INFEASIBLE,OPTIMAL,OPTIMAL,INFEASIBLE
DDX54,OPTIMAL,OPTIMAL,OPTIMAL,OPTIMAL
RITA1,OPTIMAL,OPTIMAL,OPTIMAL,OPTIMAL
TPCN1,OPTIMAL,OPTIMAL,OPTIMAL,OPTIMAL
PLBD2,OPTIMAL,OPTIMAL,OPTIMAL,OPTIMAL
RBM19,OPTIMAL,OPTIMAL,OPTIMAL,OPTIMAL
TBX3,OPTIMAL,OPTIMAL,OPTIMAL,OPTIMAL
MED13L,OPTIMAL,OPTIMAL,OPTIMAL,OPTIMAL
SPRING1,OPTIMAL,OPTIMAL,OPTIMAL,OPTIMAL
RNFT2,OPTIMAL,OPTIMAL,OPTIMAL,OPTIMAL
HRK,OPTIMAL,OPTIMAL,OPTIMAL,OPTIMAL
FBXW8,OPTIMAL,OPTIMAL,OPTIMAL,OPTIMAL
TESC,OPTIMAL,OPTIMAL,OPTIMAL,INFEASIBLE
FBXO21,OPTIMAL,OPTIMAL,OPTIMAL,OPTIMAL
KSR2,OPTIMAL,OPTIMAL,OPTIMAL,OPTIMAL
RFC5,OPTIMAL,OPTIMAL,OPTIMAL,OPTIMAL
WSB2,INFEASIBLE,OPTIMAL,OPTIMAL,OPTIMAL
VSIG10,OPTIMAL,OPTIMAL,OPTIMAL,OPTIMAL
PEBP1,OPTIMAL,OPTIMAL,OPTIMAL,OPTIMAL
TAOK3,OPTIMAL,OPTIMAL,OPTIMAL,OPTIMAL
SUDS3,OPTIMAL,OPTIMAL,OPTIMAL,OPTIMAL
PRKAB1,OPTIMAL,OPTIMAL,OPTIMAL,OPTIMAL
CIT,OPTIMAL,OPTIMAL,OPTIMAL,OPTIMAL
RAB35,OPTIMAL,OPTIMAL,OPTIMAL,OPTIMAL
GCN1,OPTIMAL,OPTIMAL,OPTIMAL,OPTIMAL
RPLP0,OPTIMAL,OPTIMAL,OPTIMAL,OPTIMAL
PXN,OPTIMAL,OPTIMAL,OPTIMAL,OPTIMAL
MSI1,OPTIMAL,OPTIMAL,OPTIMAL,OPTIMAL
COX6A1,OPTIMAL,OPTIMAL,OPTIMAL,OPTIMAL
TRIAP1,OPTIMAL,OPTIMAL,OPTIMAL,OPTIMAL
GATC,OPTIMAL,OPTIMAL,OPTIMAL,OPTIMAL
SRSF9,OPTIMAL,OPTIMAL,OPTIMAL,OPTIMAL
DYNLL1,OPTIMAL,OPTIMAL,OPTIMAL,OPTIMAL
COQ5,OPTIMAL,OPTIMAL,OPTIMAL,OPTIMAL
RNF10,INFEASIBLE,OPTIMAL,OPTIMAL,OPTIMAL
POP5,OPTIMAL,OPTIMAL,OPTIMAL,OPTIMAL
MLEC,INFEASIBLE,OPTIMAL,OPTIMAL,OPTIMAL
UNC119B,OPTIMAL,OPTIMAL,OPTIMAL,OPTIMAL
SPPL3,OPTIMAL,OPTIMAL,OPTIMAL,OPTIMAL
C12orf43,OPTIMAL,OPTIMAL,OPTIMAL,OPTIMAL
P2RX4,OPTIMAL,OPTIMAL,OPTIMAL,OPTIMAL
CAMKK2,OPTIMAL,OPTIMAL,OPTIMAL,OPTIMAL
ANAPC5,OPTIMAL,OPTIMAL,OPTIMAL,OPTIMAL
RNF34,OPTIMAL,OPTIMAL,OPTIMAL,OPTIMAL
KDM2B,OPTIMAL,OPTIMAL,OPTIMAL,OPTIMAL
ORAI1,OPTIMAL,OPTIMAL,OPTIMAL,OPTIMAL
TMEM120B,OPTIMAL,OPTIMAL,OPTIMAL,OPTIMAL
RHOF,OPTIMAL,OPTIMAL,OPTIMAL,OPTIMAL
SETD1B,INFEASIBLE,OPTIMAL,OPTIMAL,OPTIMAL
PSMD9,OPTIMAL,OPTIMAL,OPTIMAL,OPTIMAL
CFAP251,INFEASIBLE,OPTIMAL,OPTIMAL,OPTIMAL
BCL7A,INFEASIBLE,OPTIMAL,OPTIMAL,OPTIMAL
MLXIP,OPTIMAL,OPTIMAL,OPTIMAL,OPTIMAL
VPS33A,OPTIMAL,OPTIMAL,OPTIMAL,OPTIMAL
CLIP1,OPTIMAL,OPTIMAL,OPTIMAL,OPTIMAL
ZCCHC8,OPTIMAL,OPTIMAL,OPTIMAL,OPTIMAL
RSRC2,OPTIMAL,OPTIMAL,OPTIMAL,OPTIMAL
KNTC1,OPTIMAL,OPTIMAL,OPTIMAL,OPTIMAL
DENR,OPTIMAL,OPTIMAL,OPTIMAL,OPTIMAL
HIP1R,OPTIMAL,OPTIMAL,OPTIMAL,OPTIMAL
VPS37B,OPTIMAL,OPTIMAL,OPTIMAL,OPTIMAL
ABCB9,OPTIMAL,OPTIMAL,OPTIMAL,OPTIMAL
ARL6IP4,OPTIMAL,OPTIMAL,OPTIMAL,OPTIMAL
PITPNM2,OPTIMAL,OPTIMAL,OPTIMAL,OPTIMAL
MPHOSPH9,OPTIMAL,OPTIMAL,OPTIMAL,OPTIMAL
MTRFR,OPTIMAL,INFEASIBLE,OPTIMAL,OPTIMAL
CDK2AP1,OPTIMAL,OPTIMAL,OPTIMAL,OPTIMAL
SBNO1,OPTIMAL,OPTIMAL,OPTIMAL,OPTIMAL
KMT5A,OPTIMAL,OPTIMAL,OPTIMAL,OPTIMAL
RILPL2,OPTIMAL,OPTIMAL,OPTIMAL,OPTIMAL
SNRNP35,OPTIMAL,OPTIMAL,OPTIMAL,OPTIMAL
RILPL1,OPTIMAL,OPTIMAL,OPTIMAL,OPTIMAL
TMED2,OPTIMAL,OPTIMAL,OPTIMAL,OPTIMAL
DDX55,OPTIMAL,OPTIMAL,OPTIMAL,OPTIMAL
EIF2B1,OPTIMAL,OPTIMAL,OPTIMAL,OPTIMAL
GTF2H3,OPTIMAL,OPTIMAL,OPTIMAL,OPTIMAL
TCTN2,OPTIMAL,OPTIMAL,OPTIMAL,OPTIMAL
ATP6V0A2,OPTIMAL,OPTIMAL,OPTIMAL,OPTIMAL
CCDC92,OPTIMAL,OPTIMAL,OPTIMAL,OPTIMAL
ZNF664,INFEASIBLE,OPTIMAL,OPTIMAL,OPTIMAL
NCOR2,INFEASIBLE,OPTIMAL,OPTIMAL,INFEASIBLE
SCARB1,OPTIMAL,OPTIMAL,OPTIMAL,OPTIMAL
UBC,OPTIMAL,OPTIMAL,OPTIMAL,OPTIMAL
DHX37,INFEASIBLE,OPTIMAL,OPTIMAL,OPTIMAL
BRI3BP,OPTIMAL,OPTIMAL,OPTIMAL,OPTIMAL
AACS,OPTIMAL,OPTIMAL,OPTIMAL,OPTIMAL
SLC15A4,OPTIMAL,OPTIMAL,OPTIMAL,OPTIMAL
STX2,OPTIMAL,OPTIMAL,OPTIMAL,OPTIMAL
RAN,OPTIMAL,OPTIMAL,OPTIMAL,OPTIMAL
SFSWAP,INFEASIBLE,OPTIMAL,OPTIMAL,OPTIMAL
ULK1,OPTIMAL,OPTIMAL,OPTIMAL,OPTIMAL
PUS1,OPTIMAL,OPTIMAL,OPTIMAL,OPTIMAL
EP400,OPTIMAL,OPTIMAL,OPTIMAL,OPTIMAL
DDX51,OPTIMAL,OPTIMAL,OPTIMAL,OPTIMAL
NOC4L,OPTIMAL,OPTIMAL,OPTIMAL,OPTIMAL
FBRSL1,OPTIMAL,OPTIMAL,OPTIMAL,OPTIMAL
POLE,OPTIMAL,OPTIMAL,OPTIMAL,OPTIMAL
PXMP2,OPTIMAL,OPTIMAL,OPTIMAL,OPTIMAL
PGAM5,OPTIMAL,OPTIMAL,OPTIMAL,OPTIMAL
ANKLE2,OPTIMAL,OPTIMAL,OPTIMAL,OPTIMAL
GOLGA3,OPTIMAL,OPTIMAL,OPTIMAL,OPTIMAL
CHFR,OPTIMAL,OPTIMAL,OPTIMAL,OPTIMAL
ZNF26,OPTIMAL,INFEASIBLE,OPTIMAL,OPTIMAL
ZNF84,OPTIMAL,OPTIMAL,OPTIMAL,OPTIMAL
ZNF140,OPTIMAL,OPTIMAL,OPTIMAL,OPTIMAL
ZNF891,OPTIMAL,OPTIMAL,OPTIMAL,OPTIMAL
ZNF10,OPTIMAL,OPTIMAL,OPTIMAL,OPTIMAL
ZNF268,OPTIMAL,OPTIMAL,INFEASIBLE,OPTIMAL
MPHOSPH8,OPTIMAL,OPTIMAL,OPTIMAL,OPTIMAL
PSPC1,OPTIMAL,OPTIMAL,OPTIMAL,OPTIMAL
ZMYM5,OPTIMAL,OPTIMAL,OPTIMAL,OPTIMAL
ZMYM2,OPTIMAL,OPTIMAL,OPTIMAL,OPTIMAL
CRYL1,OPTIMAL,OPTIMAL,OPTIMAL,OPTIMAL
IFT88,OPTIMAL,OPTIMAL,OPTIMAL,OPTIMAL
EEF1AKMT1,OPTIMAL,OPTIMAL,OPTIMAL,OPTIMAL
XPO4,OPTIMAL,OPTIMAL,OPTIMAL,OPTIMAL
LATS2,OPTIMAL,OPTIMAL,OPTIMAL,OPTIMAL
SAP18,OPTIMAL,OPTIMAL,OPTIMAL,OPTIMAL
SKA3,OPTIMAL,OPTIMAL,OPTIMAL,OPTIMAL
MRPL57,OPTIMAL,OPTIMAL,OPTIMAL,OPTIMAL
ZDHHC20,OPTIMAL,INFEASIBLE,OPTIMAL,OPTIMAL
MICU2,OPTIMAL,OPTIMAL,OPTIMAL,OPTIMAL
SACS,INFEASIBLE,OPTIMAL,OPTIMAL,OPTIMAL
MIPEP,OPTIMAL,OPTIMAL,OPTIMAL,OPTIMAL
SPATA13,OPTIMAL,OPTIMAL,OPTIMAL,OPTIMAL
PARP4,OPTIMAL,OPTIMAL,OPTIMAL,OPTIMAL
CENPJ,OPTIMAL,OPTIMAL,OPTIMAL,OPTIMAL
MTMR6,OPTIMAL,OPTIMAL,OPTIMAL,OPTIMAL
NUP58,OPTIMAL,OPTIMAL,OPTIMAL,OPTIMAL
SHISA2,OPTIMAL,OPTIMAL,INFEASIBLE,OPTIMAL
RNF6,INFEASIBLE,OPTIMAL,OPTIMAL,OPTIMAL
CDK8,OPTIMAL,OPTIMAL,OPTIMAL,OPTIMAL
WASF3,OPTIMAL,OPTIMAL,OPTIMAL,OPTIMAL
USP12,OPTIMAL,OPTIMAL,OPTIMAL,OPTIMAL
RPL21,OPTIMAL,OPTIMAL,OPTIMAL,OPTIMAL
GTF3A,OPTIMAL,OPTIMAL,OPTIMAL,OPTIMAL
MTIF3,OPTIMAL,OPTIMAL,OPTIMAL,OPTIMAL
LNX2,OPTIMAL,OPTIMAL,OPTIMAL,OPTIMAL
POLR1D,OPTIMAL,OPTIMAL,OPTIMAL,OPTIMAL
CDX2,OPTIMAL,OPTIMAL,OPTIMAL,OPTIMAL
FLT3,OPTIMAL,INFEASIBLE,OPTIMAL,OPTIMAL
PAN3,OPTIMAL,OPTIMAL,OPTIMAL,OPTIMAL
FLT1,OPTIMAL,INFEASIBLE,OPTIMAL,OPTIMAL
POMP,OPTIMAL,OPTIMAL,OPTIMAL,OPTIMAL
SLC7A1,OPTIMAL,OPTIMAL,OPTIMAL,OPTIMAL
UBL3,OPTIMAL,OPTIMAL,OPTIMAL,OPTIMAL
KATNAL1,OPTIMAL,OPTIMAL,OPTIMAL,OPTIMAL
HMGB1,OPTIMAL,OPTIMAL,OPTIMAL,OPTIMAL
USPL1,OPTIMAL,OPTIMAL,OPTIMAL,OPTIMAL
HSPH1,INFEASIBLE,OPTIMAL,OPTIMAL,OPTIMAL
B3GLCT,OPTIMAL,OPTIMAL,OPTIMAL,OPTIMAL
FRY,OPTIMAL,OPTIMAL,OPTIMAL,OPTIMAL
BRCA2,INFEASIBLE,OPTIMAL,OPTIMAL,INFEASIBLE
N4BP2L2,OPTIMAL,OPTIMAL,OPTIMAL,OPTIMAL
PDS5B,OPTIMAL,OPTIMAL,OPTIMAL,OPTIMAL
STARD13,OPTIMAL,OPTIMAL,OPTIMAL,OPTIMAL
RFC3,OPTIMAL,OPTIMAL,OPTIMAL,OPTIMAL
NBEA,OPTIMAL,OPTIMAL,OPTIMAL,OPTIMAL
SPART,OPTIMAL,OPTIMAL,OPTIMAL,OPTIMAL
RFXAP,INFEASIBLE,INFEASIBLE,OPTIMAL,OPTIMAL
SMAD9,OPTIMAL,OPTIMAL,OPTIMAL,OPTIMAL
ALG5,OPTIMAL,OPTIMAL,OPTIMAL,OPTIMAL
EXOSC8,OPTIMAL,OPTIMAL,OPTIMAL,OPTIMAL
SUPT20H,INFEASIBLE,OPTIMAL,OPTIMAL,OPTIMAL
UFM1,OPTIMAL,OPTIMAL,OPTIMAL,OPTIMAL
FREM2,OPTIMAL,OPTIMAL,OPTIMAL,OPTIMAL
PROSER1,OPTIMAL,OPTIMAL,OPTIMAL,OPTIMAL
NHLRC3,OPTIMAL,OPTIMAL,OPTIMAL,OPTIMAL
LHFPL6,OPTIMAL,OPTIMAL,OPTIMAL,OPTIMAL
COG6,OPTIMAL,OPTIMAL,OPTIMAL,OPTIMAL
FOXO1,OPTIMAL,OPTIMAL,OPTIMAL,OPTIMAL
MRPS31,OPTIMAL,OPTIMAL,OPTIMAL,OPTIMAL
SLC25A15,OPTIMAL,OPTIMAL,OPTIMAL,OPTIMAL
ELF1,OPTIMAL,OPTIMAL,OPTIMAL,OPTIMAL
WBP4,OPTIMAL,OPTIMAL,OPTIMAL,OPTIMAL
KBTBD6,OPTIMAL,OPTIMAL,OPTIMAL,OPTIMAL
KBTBD7,OPTIMAL,OPTIMAL,OPTIMAL,OPTIMAL
MTRF1,OPTIMAL,OPTIMAL,OPTIMAL,OPTIMAL
NAA16,OPTIMAL,INFEASIBLE,OPTIMAL,OPTIMAL
VWA8,OPTIMAL,OPTIMAL,OPTIMAL,OPTIMAL
DGKH,OPTIMAL,INFEASIBLE,OPTIMAL,OPTIMAL
AKAP11,OPTIMAL,OPTIMAL,OPTIMAL,OPTIMAL
ENOX1,OPTIMAL,OPTIMAL,OPTIMAL,OPTIMAL
CCDC122,OPTIMAL,OPTIMAL,OPTIMAL,OPTIMAL
TSC22D1,OPTIMAL,OPTIMAL,OPTIMAL,OPTIMAL
NUFIP1,INFEASIBLE,OPTIMAL,OPTIMAL,OPTIMAL
GPALPP1,OPTIMAL,OPTIMAL,OPTIMAL,OPTIMAL
GTF2F2,OPTIMAL,OPTIMAL,OPTIMAL,OPTIMAL
TPT1,OPTIMAL,OPTIMAL,OPTIMAL,OPTIMAL
COG3,OPTIMAL,INFEASIBLE,OPTIMAL,OPTIMAL
ZC3H13,INFEASIBLE,OPTIMAL,OPTIMAL,OPTIMAL
LRCH1,OPTIMAL,OPTIMAL,OPTIMAL,OPTIMAL
ESD,OPTIMAL,OPTIMAL,OPTIMAL,OPTIMAL
SUCLA2,OPTIMAL,OPTIMAL,OPTIMAL,OPTIMAL
NUDT15,OPTIMAL,OPTIMAL,OPTIMAL,OPTIMAL
MED4,OPTIMAL,OPTIMAL,OPTIMAL,OPTIMAL
ITM2B,OPTIMAL,OPTIMAL,OPTIMAL,OPTIMAL
RB1,OPTIMAL,OPTIMAL,OPTIMAL,OPTIMAL
FNDC3A,OPTIMAL,OPTIMAL,OPTIMAL,OPTIMAL
CDADC1,OPTIMAL,OPTIMAL,OPTIMAL,OPTIMAL
SETDB2,OPTIMAL,OPTIMAL,OPTIMAL,OPTIMAL
RCBTB1,OPTIMAL,OPTIMAL,OPTIMAL,OPTIMAL
EBPL,OPTIMAL,OPTIMAL,OPTIMAL,OPTIMAL
KPNA3,OPTIMAL,INFEASIBLE,OPTIMAL,OPTIMAL
SPRYD7,OPTIMAL,OPTIMAL,OPTIMAL,OPTIMAL
TRIM13,OPTIMAL,OPTIMAL,OPTIMAL,OPTIMAL
RNASEH2B,OPTIMAL,OPTIMAL,OPTIMAL,OPTIMAL
INTS6,OPTIMAL,OPTIMAL,OPTIMAL,OPTIMAL
WDFY2,OPTIMAL,OPTIMAL,OPTIMAL,OPTIMAL
ATP7B,OPTIMAL,OPTIMAL,OPTIMAL,OPTIMAL
ALG11,OPTIMAL,OPTIMAL,OPTIMAL,OPTIMAL
NEK3,OPTIMAL,OPTIMAL,OPTIMAL,OPTIMAL
VPS36,INFEASIBLE,OPTIMAL,OPTIMAL,OPTIMAL
CKAP2,INFEASIBLE,OPTIMAL,OPTIMAL,OPTIMAL
SUGT1,OPTIMAL,OPTIMAL,OPTIMAL,OPTIMAL
PCDH17,OPTIMAL,OPTIMAL,OPTIMAL,OPTIMAL
DIAPH3,OPTIMAL,OPTIMAL,OPTIMAL,OPTIMAL
TDRD3,OPTIMAL,OPTIMAL,OPTIMAL,OPTIMAL
PCDH9,OPTIMAL,INFEASIBLE,OPTIMAL,OPTIMAL
DACH1,OPTIMAL,OPTIMAL,OPTIMAL,OPTIMAL
MZT1,OPTIMAL,OPTIMAL,OPTIMAL,OPTIMAL
BORA,OPTIMAL,OPTIMAL,OPTIMAL,OPTIMAL
DIS3,INFEASIBLE,OPTIMAL,OPTIMAL,OPTIMAL
PIBF1,OPTIMAL,INFEASIBLE,OPTIMAL,OPTIMAL
KLF5,OPTIMAL,OPTIMAL,OPTIMAL,OPTIMAL
KLF12,OPTIMAL,OPTIMAL,OPTIMAL,OPTIMAL
TBC1D4,OPTIMAL,INFEASIBLE,OPTIMAL,OPTIMAL
COMMD6,OPTIMAL,OPTIMAL,OPTIMAL,OPTIMAL
UCHL3,OPTIMAL,OPTIMAL,OPTIMAL,OPTIMAL
LMO7,OPTIMAL,OPTIMAL,OPTIMAL,OPTIMAL
KCTD12,OPTIMAL,OPTIMAL,OPTIMAL,OPTIMAL
CLN5,OPTIMAL,OPTIMAL,OPTIMAL,OPTIMAL
FBXL3,INFEASIBLE,OPTIMAL,OPTIMAL,OPTIMAL
MYCBP2,OPTIMAL,OPTIMAL,OPTIMAL,OPTIMAL
SLAIN1,INFEASIBLE,OPTIMAL,OPTIMAL,OPTIMAL
POU4F1,OPTIMAL,OPTIMAL,OPTIMAL,OPTIMAL
OBI1,INFEASIBLE,OPTIMAL,OPTIMAL,INFEASIBLE
RBM26,INFEASIBLE,OPTIMAL,OPTIMAL,OPTIMAL
NDFIP2,OPTIMAL,INFEASIBLE,OPTIMAL,OPTIMAL
SPRY2,OPTIMAL,OPTIMAL,OPTIMAL,OPTIMAL
SLITRK5,OPTIMAL,OPTIMAL,OPTIMAL,OPTIMAL
GPC5,OPTIMAL,OPTIMAL,OPTIMAL,OPTIMAL
GPC6,OPTIMAL,OPTIMAL,OPTIMAL,OPTIMAL
TGDS,OPTIMAL,OPTIMAL,OPTIMAL,OPTIMAL
GPR180,OPTIMAL,OPTIMAL,OPTIMAL,OPTIMAL
ABCC4,OPTIMAL,OPTIMAL,OPTIMAL,OPTIMAL
DZIP1,OPTIMAL,OPTIMAL,OPTIMAL,OPTIMAL
DNAJC3,OPTIMAL,OPTIMAL,OPTIMAL,OPTIMAL
UGGT2,OPTIMAL,OPTIMAL,OPTIMAL,OPTIMAL
HS6ST3,OPTIMAL,INFEASIBLE,OPTIMAL,OPTIMAL
MBNL2,OPTIMAL,OPTIMAL,OPTIMAL,OPTIMAL
RAP2A,OPTIMAL,OPTIMAL,OPTIMAL,OPTIMAL
IPO5,OPTIMAL,OPTIMAL,OPTIMAL,OPTIMAL
FARP1,OPTIMAL,INFEASIBLE,OPTIMAL,OPTIMAL
STK24,OPTIMAL,OPTIMAL,OPTIMAL,OPTIMAL
DOCK9,OPTIMAL,OPTIMAL,OPTIMAL,INFEASIBLE
UBAC2,OPTIMAL,OPTIMAL,OPTIMAL,OPTIMAL
TM9SF2,OPTIMAL,OPTIMAL,OPTIMAL,OPTIMAL
CLYBL,OPTIMAL,OPTIMAL,OPTIMAL,OPTIMAL
ZIC5,OPTIMAL,OPTIMAL,OPTIMAL,OPTIMAL
ZIC2,OPTIMAL,OPTIMAL,OPTIMAL,OPTIMAL
PCCA,OPTIMAL,OPTIMAL,OPTIMAL,OPTIMAL
TMTC4,OPTIMAL,OPTIMAL,OPTIMAL,OPTIMAL
TPP2,OPTIMAL,OPTIMAL,OPTIMAL,OPTIMAL
TEX30,OPTIMAL,OPTIMAL,OPTIMAL,OPTIMAL
BIVM,OPTIMAL,OPTIMAL,OPTIMAL,OPTIMAL
ERCC5,OPTIMAL,OPTIMAL,OPTIMAL,OPTIMAL
EFNB2,OPTIMAL,OPTIMAL,OPTIMAL,OPTIMAL
ARGLU1,OPTIMAL,OPTIMAL,OPTIMAL,OPTIMAL
NALF1,OPTIMAL,OPTIMAL,OPTIMAL,OPTIMAL
COL4A2,OPTIMAL,OPTIMAL,OPTIMAL,OPTIMAL
CARS2,OPTIMAL,OPTIMAL,OPTIMAL,OPTIMAL
ING1,OPTIMAL,INFEASIBLE,OPTIMAL,OPTIMAL
ANKRD10,INFEASIBLE,OPTIMAL,OPTIMAL,OPTIMAL
ARHGEF7,OPTIMAL,OPTIMAL,OPTIMAL,OPTIMAL
TUBGCP3,OPTIMAL,OPTIMAL,OPTIMAL,OPTIMAL
ATP11A,OPTIMAL,OPTIMAL,OPTIMAL,OPTIMAL
PCID2,OPTIMAL,OPTIMAL,OPTIMAL,OPTIMAL
CUL4A,OPTIMAL,OPTIMAL,OPTIMAL,OPTIMAL
LAMP1,OPTIMAL,OPTIMAL,OPTIMAL,OPTIMAL
GRTP1,OPTIMAL,OPTIMAL,OPTIMAL,OPTIMAL
DCUN1D2,OPTIMAL,OPTIMAL,OPTIMAL,OPTIMAL
TMCO3,OPTIMAL,OPTIMAL,OPTIMAL,OPTIMAL
TFDP1,OPTIMAL,OPTIMAL,OPTIMAL,OPTIMAL
CDC16,OPTIMAL,OPTIMAL,OPTIMAL,OPTIMAL
UPF3A,OPTIMAL,OPTIMAL,OPTIMAL,OPTIMAL
CHAMP1,OPTIMAL,OPTIMAL,OPTIMAL,OPTIMAL
POTEG,INFEASIBLE,OPTIMAL,OPTIMAL,INFEASIBLE
TTC5,OPTIMAL,OPTIMAL,OPTIMAL,OPTIMAL
CCNB1IP1,OPTIMAL,OPTIMAL,OPTIMAL,OPTIMAL
PARP2,INFEASIBLE,OPTIMAL,OPTIMAL,OPTIMAL
OSGEP,OPTIMAL,OPTIMAL,OPTIMAL,OPTIMAL
APEX1,INFEASIBLE,OPTIMAL,OPTIMAL,OPTIMAL
PIP4P1,OPTIMAL,OPTIMAL,OPTIMAL,OPTIMAL
PNP,OPTIMAL,OPTIMAL,OPTIMAL,OPTIMAL
METTL17,OPTIMAL,OPTIMAL,OPTIMAL,OPTIMAL
NDRG2,INFEASIBLE,OPTIMAL,OPTIMAL,OPTIMAL
HNRNPC,INFEASIBLE,OPTIMAL,OPTIMAL,INFEASIBLE
SUPT16H,INFEASIBLE,OPTIMAL,OPTIMAL,INFEASIBLE
CHD8,INFEASIBLE,OPTIMAL,OPTIMAL,OPTIMAL
RAB2B,OPTIMAL,OPTIMAL,OPTIMAL,OPTIMAL
TOX4,OPTIMAL,OPTIMAL,OPTIMAL,OPTIMAL
METTL3,OPTIMAL,INFEASIBLE,OPTIMAL,OPTIMAL
SALL2,OPTIMAL,OPTIMAL,OPTIMAL,OPTIMAL
DAD1,OPTIMAL,OPTIMAL,OPTIMAL,OPTIMAL
OXA1L,OPTIMAL,OPTIMAL,OPTIMAL,OPTIMAL
MRPL52,OPTIMAL,OPTIMAL,OPTIMAL,OPTIMAL
LRP10,OPTIMAL,OPTIMAL,OPTIMAL,OPTIMAL
RBM23,OPTIMAL,OPTIMAL,OPTIMAL,OPTIMAL
PRMT5,OPTIMAL,OPTIMAL,OPTIMAL,OPTIMAL
HAUS4,OPTIMAL,OPTIMAL,OPTIMAL,OPTIMAL
C14orf93,OPTIMAL,OPTIMAL,OPTIMAL,OPTIMAL
PSMB5,OPTIMAL,OPTIMAL,OPTIMAL,OPTIMAL
ACIN1,INFEASIBLE,OPTIMAL,INFEASIBLE,OPTIMAL
C14orf119,OPTIMAL,OPTIMAL,OPTIMAL,OPTIMAL
SLC7A8,OPTIMAL,OPTIMAL,OPTIMAL,OPTIMAL
HOMEZ,OPTIMAL,OPTIMAL,OPTIMAL,OPTIMAL
PPP1R3E,OPTIMAL,OPTIMAL,OPTIMAL,OPTIMAL
BCL2L2,OPTIMAL,OPTIMAL,OPTIMAL,OPTIMAL
PABPN1,INFEASIBLE,OPTIMAL,OPTIMAL,OPTIMAL
NGDN,OPTIMAL,OPTIMAL,OPTIMAL,OPTIMAL
ZFHX2,OPTIMAL,OPTIMAL,OPTIMAL,OPTIMAL
DHRS4,OPTIMAL,OPTIMAL,OPTIMAL,OPTIMAL
DHRS4L2,OPTIMAL,OPTIMAL,OPTIMAL,OPTIMAL
PCK2,OPTIMAL,OPTIMAL,OPTIMAL,OPTIMAL
DCAF11,OPTIMAL,OPTIMAL,OPTIMAL,OPTIMAL
PSME1,OPTIMAL,OPTIMAL,OPTIMAL,OPTIMAL
EMC9,OPTIMAL,OPTIMAL,OPTIMAL,OPTIMAL
PSME2,OPTIMAL,OPTIMAL,OPTIMAL,OPTIMAL
RNF31,OPTIMAL,INFEASIBLE,OPTIMAL,OPTIMAL
IPO4,OPTIMAL,OPTIMAL,OPTIMAL,OPTIMAL
TM9SF1,OPTIMAL,INFEASIBLE,OPTIMAL,OPTIMAL
CHMP4A,OPTIMAL,OPTIMAL,OPTIMAL,OPTIMAL
MDP1,OPTIMAL,OPTIMAL,OPTIMAL,OPTIMAL
NEDD8,OPTIMAL,OPTIMAL,OPTIMAL,OPTIMAL
GMPR2,OPTIMAL,OPTIMAL,OPTIMAL,OPTIMAL
TINF2,OPTIMAL,OPTIMAL,OPTIMAL,OPTIMAL
RABGGTA,OPTIMAL,OPTIMAL,OPTIMAL,OPTIMAL
SDR39U1,OPTIMAL,OPTIMAL,OPTIMAL,OPTIMAL
STXBP6,OPTIMAL,OPTIMAL,OPTIMAL,OPTIMAL
NOVA1,OPTIMAL,OPTIMAL,OPTIMAL,OPTIMAL
FOXG1,OPTIMAL,OPTIMAL,OPTIMAL,OPTIMAL
PRKD1,OPTIMAL,INFEASIBLE,OPTIMAL,OPTIMAL
G2E3,INFEASIBLE,INFEASIBLE,OPTIMAL,OPTIMAL
SCFD1,OPTIMAL,OPTIMAL,OPTIMAL,OPTIMAL
COCH,OPTIMAL,OPTIMAL,OPTIMAL,OPTIMAL
STRN3,OPTIMAL,OPTIMAL,OPTIMAL,OPTIMAL
AP4S1,OPTIMAL,OPTIMAL,OPTIMAL,OPTIMAL
HECTD1,OPTIMAL,OPTIMAL,OPTIMAL,OPTIMAL
HEATR5A,OPTIMAL,OPTIMAL,OPTIMAL,OPTIMAL
DTD2,INFEASIBLE,OPTIMAL,OPTIMAL,OPTIMAL
NUBPL,OPTIMAL,OPTIMAL,OPTIMAL,INFEASIBLE
ARHGAP5,INFEASIBLE,OPTIMAL,OPTIMAL,INFEASIBLE
AKAP6,OPTIMAL,INFEASIBLE,OPTIMAL,OPTIMAL
NPAS3,OPTIMAL,OPTIMAL,OPTIMAL,OPTIMAL
EGLN3,INFEASIBLE,INFEASIBLE,OPTIMAL,OPTIMAL
SPTSSA,OPTIMAL,OPTIMAL,OPTIMAL,OPTIMAL
EAPP,OPTIMAL,OPTIMAL,OPTIMAL,OPTIMAL
SNX6,OPTIMAL,OPTIMAL,OPTIMAL,OPTIMAL
CFL2,OPTIMAL,OPTIMAL,OPTIMAL,OPTIMAL
BAZ1A,INFEASIBLE,OPTIMAL,OPTIMAL,OPTIMAL
SRP54,OPTIMAL,OPTIMAL,OPTIMAL,OPTIMAL
FAM177A1,OPTIMAL,OPTIMAL,OPTIMAL,OPTIMAL
PPP2R3C,OPTIMAL,OPTIMAL,OPTIMAL,OPTIMAL
PRORP,OPTIMAL,OPTIMAL,OPTIMAL,OPTIMAL
PSMA6,OPTIMAL,OPTIMAL,OPTIMAL,OPTIMAL
NFKBIA,OPTIMAL,OPTIMAL,OPTIMAL,OPTIMAL
RALGAPA1,OPTIMAL,INFEASIBLE,OPTIMAL,OPTIMAL
BRMS1L,OPTIMAL,OPTIMAL,OPTIMAL,OPTIMAL
MBIP,INFEASIBLE,OPTIMAL,OPTIMAL,OPTIMAL
PAX9,OPTIMAL,OPTIMAL,OPTIMAL,OPTIMAL
SLC25A21,OPTIMAL,OPTIMAL,OPTIMAL,OPTIMAL
MIPOL1,OPTIMAL,OPTIMAL,OPTIMAL,OPTIMAL
FOXA1,OPTIMAL,OPTIMAL,OPTIMAL,OPTIMAL
SEC23A,OPTIMAL,OPTIMAL,OPTIMAL,OPTIMAL
GEMIN2,OPTIMAL,OPTIMAL,OPTIMAL,OPTIMAL
TRAPPC6B,OPTIMAL,OPTIMAL,OPTIMAL,OPTIMAL
PNN,INFEASIBLE,OPTIMAL,OPTIMAL,OPTIMAL
MIA2,INFEASIBLE,OPTIMAL,OPTIMAL,OPTIMAL
FBXO33,OPTIMAL,OPTIMAL,OPTIMAL,OPTIMAL
LRFN5,OPTIMAL,OPTIMAL,OPTIMAL,OPTIMAL
KLHL28,OPTIMAL,OPTIMAL,OPTIMAL,OPTIMAL
TOGARAM1,OPTIMAL,OPTIMAL,OPTIMAL,OPTIMAL
PRPF39,OPTIMAL,OPTIMAL,OPTIMAL,OPTIMAL
FKBP3,OPTIMAL,OPTIMAL,OPTIMAL,OPTIMAL
FANCM,OPTIMAL,OPTIMAL,OPTIMAL,OPTIMAL
MIS18BP1,INFEASIBLE,OPTIMAL,OPTIMAL,OPTIMAL
MDGA2,OPTIMAL,OPTIMAL,OPTIMAL,OPTIMAL
RPS29,OPTIMAL,OPTIMAL,OPTIMAL,OPTIMAL
LRR1,OPTIMAL,OPTIMAL,OPTIMAL,OPTIMAL
RPL36AL,OPTIMAL,OPTIMAL,OPTIMAL,OPTIMAL
MGAT2,OPTIMAL,OPTIMAL,OPTIMAL,OPTIMAL
DNAAF2,OPTIMAL,OPTIMAL,OPTIMAL,OPTIMAL
POLE2,OPTIMAL,OPTIMAL,OPTIMAL,OPTIMAL
KLHDC2,OPTIMAL,OPTIMAL,OPTIMAL,OPTIMAL
NEMF,INFEASIBLE,OPTIMAL,OPTIMAL,OPTIMAL
ARF6,OPTIMAL,OPTIMAL,OPTIMAL,OPTIMAL
VCPKMT,OPTIMAL,OPTIMAL,OPTIMAL,OPTIMAL
SOS2,OPTIMAL,OPTIMAL,OPTIMAL,OPTIMAL
L2HGDH,OPTIMAL,OPTIMAL,OPTIMAL,OPTIMAL
DMAC2L,OPTIMAL,OPTIMAL,OPTIMAL,OPTIMAL
CDKL1,OPTIMAL,OPTIMAL,OPTIMAL,OPTIMAL
MAP4K5,OPTIMAL,OPTIMAL,OPTIMAL,OPTIMAL
ATL1,OPTIMAL,OPTIMAL,OPTIMAL,OPTIMAL
SAV1,OPTIMAL,OPTIMAL,OPTIMAL,OPTIMAL
NIN,INFEASIBLE,OPTIMAL,INFEASIBLE,INFEASIBLE
PYGL,OPTIMAL,OPTIMAL,OPTIMAL,OPTIMAL
TRIM9,OPTIMAL,OPTIMAL,OPTIMAL,OPTIMAL
TMX1,INFEASIBLE,OPTIMAL,OPTIMAL,INFEASIBLE
FRMD6,OPTIMAL,OPTIMAL,OPTIMAL,OPTIMAL
RTRAF,OPTIMAL,OPTIMAL,OPTIMAL,OPTIMAL
TXNDC16,OPTIMAL,OPTIMAL,OPTIMAL,OPTIMAL
GPR137C,OPTIMAL,OPTIMAL,OPTIMAL,OPTIMAL
ERO1A,OPTIMAL,OPTIMAL,OPTIMAL,OPTIMAL
PSMC6,OPTIMAL,OPTIMAL,OPTIMAL,OPTIMAL
STYX,OPTIMAL,OPTIMAL,OPTIMAL,OPTIMAL
GNPNAT1,OPTIMAL,OPTIMAL,OPTIMAL,OPTIMAL
FERMT2,OPTIMAL,OPTIMAL,OPTIMAL,OPTIMAL
DDHD1,OPTIMAL,OPTIMAL,OPTIMAL,OPTIMAL
BMP4,OPTIMAL,OPTIMAL,OPTIMAL,OPTIMAL
CDKN3,OPTIMAL,OPTIMAL,OPTIMAL,OPTIMAL
CNIH1,OPTIMAL,OPTIMAL,OPTIMAL,OPTIMAL
GMFB,OPTIMAL,OPTIMAL,OPTIMAL,OPTIMAL
CGRRF1,OPTIMAL,OPTIMAL,OPTIMAL,OPTIMAL
SAMD4A,OPTIMAL,OPTIMAL,OPTIMAL,OPTIMAL
GCH1,OPTIMAL,OPTIMAL,OPTIMAL,OPTIMAL
WDHD1,OPTIMAL,OPTIMAL,OPTIMAL,OPTIMAL
SOCS4,OPTIMAL,OPTIMAL,OPTIMAL,OPTIMAL
MAPK1IP1L,OPTIMAL,OPTIMAL,OPTIMAL,OPTIMAL
LGALS3,OPTIMAL,OPTIMAL,OPTIMAL,OPTIMAL
DLGAP5,INFEASIBLE,OPTIMAL,INFEASIBLE,INFEASIBLE
FBXO34,OPTIMAL,OPTIMAL,OPTIMAL,OPTIMAL
ATG14,OPTIMAL,OPTIMAL,OPTIMAL,OPTIMAL
KTN1,OPTIMAL,OPTIMAL,OPTIMAL,OPTIMAL
PELI2,OPTIMAL,OPTIMAL,OPTIMAL,OPTIMAL
TMEM260,OPTIMAL,OPTIMAL,OPTIMAL,OPTIMAL
EXOC5,OPTIMAL,OPTIMAL,OPTIMAL,OPTIMAL
AP5M1,OPTIMAL,OPTIMAL,OPTIMAL,OPTIMAL
NAA30,OPTIMAL,OPTIMAL,OPTIMAL,OPTIMAL
ARMH4,OPTIMAL,OPTIMAL,OPTIMAL,OPTIMAL
ACTR10,OPTIMAL,OPTIMAL,OPTIMAL,OPTIMAL
PSMA3,OPTIMAL,OPTIMAL,OPTIMAL,OPTIMAL
ARID4A,OPTIMAL,OPTIMAL,OPTIMAL,OPTIMAL
TIMM9,OPTIMAL,OPTIMAL,OPTIMAL,OPTIMAL
KIAA0586,INFEASIBLE,OPTIMAL,OPTIMAL,OPTIMAL
DAAM1,OPTIMAL,OPTIMAL,OPTIMAL,OPTIMAL
GPR135,OPTIMAL,OPTIMAL,OPTIMAL,OPTIMAL
L3HYPDH,OPTIMAL,OPTIMAL,OPTIMAL,OPTIMAL
JKAMP,OPTIMAL,OPTIMAL,OPTIMAL,OPTIMAL
RTN1,OPTIMAL,INFEASIBLE,OPTIMAL,OPTIMAL
PCNX4,INFEASIBLE,OPTIMAL,OPTIMAL,OPTIMAL
DHRS7,OPTIMAL,OPTIMAL,OPTIMAL,OPTIMAL
PPM1A,OPTIMAL,OPTIMAL,OPTIMAL,OPTIMAL
SIX1,OPTIMAL,OPTIMAL,OPTIMAL,OPTIMAL
SIX4,OPTIMAL,OPTIMAL,OPTIMAL,OPTIMAL
MNAT1,OPTIMAL,OPTIMAL,OPTIMAL,OPTIMAL
TRMT5,OPTIMAL,OPTIMAL,OPTIMAL,OPTIMAL
SLC38A6,OPTIMAL,OPTIMAL,OPTIMAL,OPTIMAL
PRKCH,OPTIMAL,INFEASIBLE,OPTIMAL,OPTIMAL
HIF1A,INFEASIBLE,OPTIMAL,OPTIMAL,OPTIMAL
SNAPC1,OPTIMAL,OPTIMAL,OPTIMAL,OPTIMAL
PPP2R5E,OPTIMAL,OPTIMAL,OPTIMAL,OPTIMAL
WDR89,OPTIMAL,OPTIMAL,OPTIMAL,OPTIMAL
SGPP1,OPTIMAL,OPTIMAL,OPTIMAL,OPTIMAL
SYNE2,OPTIMAL,OPTIMAL,OPTIMAL,OPTIMAL
ESR2,OPTIMAL,OPTIMAL,OPTIMAL,OPTIMAL
MTHFD1,INFEASIBLE,OPTIMAL,OPTIMAL,OPTIMAL
ZBTB25,OPTIMAL,INFEASIBLE,OPTIMAL,OPTIMAL
ZBTB1,OPTIMAL,OPTIMAL,OPTIMAL,OPTIMAL
PLEKHG3,OPTIMAL,OPTIMAL,OPTIMAL,OPTIMAL
CHURC1,OPTIMAL,OPTIMAL,OPTIMAL,OPTIMAL
FNTB,OPTIMAL,INFEASIBLE,OPTIMAL,OPTIMAL
MAX,OPTIMAL,OPTIMAL,OPTIMAL,OPTIMAL
FUT8,OPTIMAL,OPTIMAL,OPTIMAL,OPTIMAL
GPHN,INFEASIBLE,OPTIMAL,OPTIMAL,INFEASIBLE
PALS1,OPTIMAL,OPTIMAL,OPTIMAL,OPTIMAL
ATP6V1D,OPTIMAL,OPTIMAL,OPTIMAL,OPTIMAL
EIF2S1,INFEASIBLE,OPTIMAL,OPTIMAL,OPTIMAL
PLEKHH1,OPTIMAL,OPTIMAL,OPTIMAL,OPTIMAL
PIGH,OPTIMAL,OPTIMAL,OPTIMAL,OPTIMAL
ARG2,OPTIMAL,OPTIMAL,OPTIMAL,OPTIMAL
VTI1B,OPTIMAL,OPTIMAL,OPTIMAL,OPTIMAL
RDH11,OPTIMAL,OPTIMAL,OPTIMAL,OPTIMAL
ZFYVE26,OPTIMAL,INFEASIBLE,OPTIMAL,OPTIMAL
RAD51B,OPTIMAL,OPTIMAL,OPTIMAL,OPTIMAL
ZFP36L1,OPTIMAL,OPTIMAL,OPTIMAL,OPTIMAL
ACTN1,INFEASIBLE,OPTIMAL,OPTIMAL,OPTIMAL
DCAF5,OPTIMAL,OPTIMAL,OPTIMAL,OPTIMAL
EXD2,OPTIMAL,OPTIMAL,OPTIMAL,OPTIMAL
ERH,OPTIMAL,OPTIMAL,OPTIMAL,OPTIMAL
SLC39A9,OPTIMAL,OPTIMAL,OPTIMAL,OPTIMAL
SUSD6,OPTIMAL,OPTIMAL,OPTIMAL,OPTIMAL
SRSF5,INFEASIBLE,OPTIMAL,OPTIMAL,OPTIMAL
SMOC1,OPTIMAL,OPTIMAL,OPTIMAL,OPTIMAL
COX16,OPTIMAL,OPTIMAL,OPTIMAL,OPTIMAL
SYNJ2BP,OPTIMAL,OPTIMAL,OPTIMAL,OPTIMAL
MED6,OPTIMAL,OPTIMAL,OPTIMAL,OPTIMAL
MAP3K9,OPTIMAL,OPTIMAL,OPTIMAL,OPTIMAL
PCNX1,INFEASIBLE,OPTIMAL,OPTIMAL,OPTIMAL
SIPA1L1,OPTIMAL,OPTIMAL,OPTIMAL,OPTIMAL
DPF3,OPTIMAL,OPTIMAL,OPTIMAL,OPTIMAL
DCAF4,OPTIMAL,OPTIMAL,OPTIMAL,OPTIMAL
ZFYVE1,OPTIMAL,OPTIMAL,OPTIMAL,OPTIMAL
RBM25,INFEASIBLE,OPTIMAL,OPTIMAL,INFEASIBLE
PSEN1,OPTIMAL,OPTIMAL,OPTIMAL,OPTIMAL
NUMB,OPTIMAL,INFEASIBLE,OPTIMAL,OPTIMAL
DNAL1,OPTIMAL,OPTIMAL,OPTIMAL,OPTIMAL
PNMA1,OPTIMAL,OPTIMAL,OPTIMAL,OPTIMAL
MIDEAS,OPTIMAL,OPTIMAL,OPTIMAL,OPTIMAL
PTGR2,OPTIMAL,OPTIMAL,OPTIMAL,OPTIMAL
ZNF410,OPTIMAL,OPTIMAL,OPTIMAL,OPTIMAL
COQ6,OPTIMAL,OPTIMAL,OPTIMAL,OPTIMAL
ENTPD5,OPTIMAL,OPTIMAL,OPTIMAL,OPTIMAL
BBOF1,OPTIMAL,OPTIMAL,OPTIMAL,OPTIMAL
ALDH6A1,OPTIMAL,OPTIMAL,OPTIMAL,OPTIMAL
LIN52,OPTIMAL,OPTIMAL,OPTIMAL,OPTIMAL
ABCD4,OPTIMAL,OPTIMAL,OPTIMAL,OPTIMAL
NPC2,OPTIMAL,OPTIMAL,OPTIMAL,OPTIMAL
ISCA2,OPTIMAL,OPTIMAL,OPTIMAL,OPTIMAL
AREL1,OPTIMAL,OPTIMAL,OPTIMAL,OPTIMAL
FCF1,OPTIMAL,OPTIMAL,OPTIMAL,OPTIMAL
YLPM1,INFEASIBLE,OPTIMAL,OPTIMAL,OPTIMAL
DLST,OPTIMAL,OPTIMAL,OPTIMAL,OPTIMAL
RPS6KL1,OPTIMAL,OPTIMAL,OPTIMAL,OPTIMAL
EIF2B2,OPTIMAL,OPTIMAL,OPTIMAL,OPTIMAL
ACYP1,OPTIMAL,OPTIMAL,OPTIMAL,OPTIMAL
NEK9,INFEASIBLE,OPTIMAL,OPTIMAL,OPTIMAL
TMED10,OPTIMAL,OPTIMAL,OPTIMAL,OPTIMAL
JDP2,OPTIMAL,OPTIMAL,OPTIMAL,OPTIMAL
TTLL5,OPTIMAL,OPTIMAL,OPTIMAL,OPTIMAL
ERG28,OPTIMAL,OPTIMAL,OPTIMAL,OPTIMAL
IFT43,OPTIMAL,OPTIMAL,OPTIMAL,OPTIMAL
GPATCH2L,OPTIMAL,OPTIMAL,OPTIMAL,OPTIMAL
ESRRB,OPTIMAL,OPTIMAL,OPTIMAL,OPTIMAL
VASH1,OPTIMAL,OPTIMAL,OPTIMAL,OPTIMAL
ANGEL1,OPTIMAL,OPTIMAL,OPTIMAL,OPTIMAL
IRF2BPL,INFEASIBLE,OPTIMAL,OPTIMAL,INFEASIBLE
CIPC,OPTIMAL,INFEASIBLE,OPTIMAL,OPTIMAL
NGB,OPTIMAL,OPTIMAL,OPTIMAL,OPTIMAL
POMT2,OPTIMAL,OPTIMAL,OPTIMAL,OPTIMAL
GSTZ1,OPTIMAL,OPTIMAL,OPTIMAL,OPTIMAL
TMED8,OPTIMAL,OPTIMAL,OPTIMAL,OPTIMAL
VIPAS39,OPTIMAL,OPTIMAL,OPTIMAL,OPTIMAL
AHSA1,INFEASIBLE,OPTIMAL,OPTIMAL,OPTIMAL
SPTLC2,OPTIMAL,OPTIMAL,OPTIMAL,OPTIMAL
ALKBH1,OPTIMAL,OPTIMAL,OPTIMAL,OPTIMAL
SLIRP,OPTIMAL,OPTIMAL,OPTIMAL,OPTIMAL
SNW1,INFEASIBLE,OPTIMAL,OPTIMAL,OPTIMAL
ADCK1,OPTIMAL,OPTIMAL,OPTIMAL,OPTIMAL
NRXN3,OPTIMAL,OPTIMAL,OPTIMAL,OPTIMAL
CEP128,OPTIMAL,OPTIMAL,OPTIMAL,OPTIMAL
GTF2A1,OPTIMAL,OPTIMAL,OPTIMAL,OPTIMAL
STON2,OPTIMAL,INFEASIBLE,OPTIMAL,OPTIMAL
SEL1L,OPTIMAL,OPTIMAL,OPTIMAL,OPTIMAL
SPATA7,OPTIMAL,OPTIMAL,OPTIMAL,OPTIMAL
PTPN21,OPTIMAL,OPTIMAL,OPTIMAL,OPTIMAL
ZC3H14,OPTIMAL,OPTIMAL,OPTIMAL,OPTIMAL
EML5,INFEASIBLE,OPTIMAL,OPTIMAL,OPTIMAL
TTC8,OPTIMAL,OPTIMAL,OPTIMAL,OPTIMAL
FOXN3,OPTIMAL,OPTIMAL,OPTIMAL,OPTIMAL
EFCAB11,OPTIMAL,OPTIMAL,OPTIMAL,OPTIMAL
TDP1,OPTIMAL,OPTIMAL,OPTIMAL,OPTIMAL
PSMC1,OPTIMAL,OPTIMAL,OPTIMAL,OPTIMAL
NRDE2,OPTIMAL,OPTIMAL,OPTIMAL,OPTIMAL
CALM1,OPTIMAL,OPTIMAL,OPTIMAL,OPTIMAL
TTC7B,OPTIMAL,OPTIMAL,OPTIMAL,OPTIMAL
RPS6KA5,OPTIMAL,OPTIMAL,OPTIMAL,OPTIMAL
DGLUCY,OPTIMAL,OPTIMAL,OPTIMAL,OPTIMAL
CCDC88C,OPTIMAL,OPTIMAL,OPTIMAL,OPTIMAL
PPP4R3A,INFEASIBLE,OPTIMAL,OPTIMAL,INFEASIBLE
TRIP11,INFEASIBLE,OPTIMAL,OPTIMAL,INFEASIBLE
ATXN3,OPTIMAL,OPTIMAL,OPTIMAL,OPTIMAL
NDUFB1,OPTIMAL,OPTIMAL,OPTIMAL,OPTIMAL
CPSF2,INFEASIBLE,OPTIMAL,OPTIMAL,INFEASIBLE
RIN3,OPTIMAL,OPTIMAL,OPTIMAL,OPTIMAL
LGMN,OPTIMAL,OPTIMAL,OPTIMAL,OPTIMAL
GOLGA5,OPTIMAL,OPTIMAL,OPTIMAL,OPTIMAL
ITPK1,OPTIMAL,OPTIMAL,OPTIMAL,OPTIMAL
LYSET,OPTIMAL,OPTIMAL,OPTIMAL,OPTIMAL
GON7,OPTIMAL,OPTIMAL,OPTIMAL,OPTIMAL
UBR7,OPTIMAL,OPTIMAL,OPTIMAL,OPTIMAL
BTBD7,OPTIMAL,OPTIMAL,OPTIMAL,OPTIMAL
DDX24,OPTIMAL,OPTIMAL,OPTIMAL,OPTIMAL
IFI27L1,OPTIMAL,OPTIMAL,OPTIMAL,OPTIMAL
IFI27L2,OPTIMAL,OPTIMAL,OPTIMAL,OPTIMAL
PPP4R4,OPTIMAL,OPTIMAL,OPTIMAL,OPTIMAL
DICER1,INFEASIBLE,OPTIMAL,INFEASIBLE,INFEASIBLE
CLMN,OPTIMAL,OPTIMAL,OPTIMAL,OPTIMAL
GLRX5,OPTIMAL,OPTIMAL,OPTIMAL,OPTIMAL
C14orf132,OPTIMAL,OPTIMAL,OPTIMAL,OPTIMAL
ATG2B,OPTIMAL,OPTIMAL,OPTIMAL,OPTIMAL
GSKIP,OPTIMAL,OPTIMAL,OPTIMAL,OPTIMAL
AK7,OPTIMAL,OPTIMAL,OPTIMAL,OPTIMAL
PAPOLA,INFEASIBLE,OPTIMAL,OPTIMAL,INFEASIBLE
VRK1,INFEASIBLE,OPTIMAL,OPTIMAL,OPTIMAL
SETD3,OPTIMAL,OPTIMAL,OPTIMAL,OPTIMAL
CCNK,OPTIMAL,OPTIMAL,OPTIMAL,OPTIMAL
CCDC85C,OPTIMAL,OPTIMAL,OPTIMAL,OPTIMAL
EML1,OPTIMAL,OPTIMAL,OPTIMAL,OPTIMAL
EVL,OPTIMAL,OPTIMAL,OPTIMAL,OPTIMAL
YY1,OPTIMAL,OPTIMAL,OPTIMAL,OPTIMAL
WARS1,OPTIMAL,OPTIMAL,OPTIMAL,OPTIMAL
WDR25,OPTIMAL,OPTIMAL,OPTIMAL,OPTIMAL
PPP2R5C,OPTIMAL,OPTIMAL,OPTIMAL,OPTIMAL
DYNC1H1,OPTIMAL,OPTIMAL,OPTIMAL,OPTIMAL
HSP90AA1,INFEASIBLE,OPTIMAL,OPTIMAL,OPTIMAL
WDR20,OPTIMAL,INFEASIBLE,OPTIMAL,OPTIMAL
MOK,OPTIMAL,OPTIMAL,OPTIMAL,OPTIMAL
ZNF839,OPTIMAL,OPTIMAL,OPTIMAL,OPTIMAL
CINP,OPTIMAL,OPTIMAL,OPTIMAL,OPTIMAL
TECPR2,OPTIMAL,OPTIMAL,OPTIMAL,OPTIMAL
ANKRD9,OPTIMAL,OPTIMAL,OPTIMAL,OPTIMAL
RCOR1,OPTIMAL,INFEASIBLE,OPTIMAL,OPTIMAL
TRAF3,OPTIMAL,OPTIMAL,OPTIMAL,OPTIMAL
CDC42BPB,INFEASIBLE,INFEASIBLE,OPTIMAL,OPTIMAL
EIF5,OPTIMAL,OPTIMAL,OPTIMAL,OPTIMAL
MARK3,OPTIMAL,OPTIMAL,OPTIMAL,OPTIMAL
CKB,OPTIMAL,OPTIMAL,OPTIMAL,OPTIMAL
TRMT61A,OPTIMAL,OPTIMAL,OPTIMAL,OPTIMAL
BAG5,OPTIMAL,OPTIMAL,OPTIMAL,OPTIMAL
KLC1,INFEASIBLE,OPTIMAL,OPTIMAL,OPTIMAL
COA8,OPTIMAL,OPTIMAL,OPTIMAL,OPTIMAL
XRCC3,OPTIMAL,OPTIMAL,OPTIMAL,OPTIMAL
ZFYVE21,OPTIMAL,OPTIMAL,OPTIMAL,OPTIMAL
PPP1R13B,OPTIMAL,OPTIMAL,OPTIMAL,OPTIMAL
ATP5MJ,OPTIMAL,OPTIMAL,OPTIMAL,OPTIMAL
INF2,OPTIMAL,OPTIMAL,OPTIMAL,OPTIMAL
SIVA1,OPTIMAL,OPTIMAL,OPTIMAL,OPTIMAL
AKT1,OPTIMAL,OPTIMAL,OPTIMAL,OPTIMAL
CEP170B,OPTIMAL,OPTIMAL,OPTIMAL,OPTIMAL
CDCA4,OPTIMAL,OPTIMAL,OPTIMAL,OPTIMAL
JAG2,OPTIMAL,OPTIMAL,OPTIMAL,OPTIMAL
NUDT14,OPTIMAL,OPTIMAL,OPTIMAL,OPTIMAL
BRF1,OPTIMAL,OPTIMAL,OPTIMAL,OPTIMAL
BTBD6,OPTIMAL,OPTIMAL,OPTIMAL,OPTIMAL
PACS2,OPTIMAL,INFEASIBLE,OPTIMAL,OPTIMAL
MTA1,OPTIMAL,OPTIMAL,OPTIMAL,OPTIMAL
TEDC1,OPTIMAL,OPTIMAL,OPTIMAL,OPTIMAL
TMEM121,OPTIMAL,OPTIMAL,OPTIMAL,OPTIMAL
NIPA1,OPTIMAL,OPTIMAL,OPTIMAL,OPTIMAL
NIPA2,OPTIMAL,OPTIMAL,OPTIMAL,OPTIMAL
CYFIP1,INFEASIBLE,OPTIMAL,OPTIMAL,OPTIMAL
TUBGCP5,OPTIMAL,OPTIMAL,OPTIMAL,OPTIMAL
UBE3A,INFEASIBLE,OPTIMAL,OPTIMAL,OPTIMAL
OCA2,OPTIMAL,OPTIMAL,OPTIMAL,OPTIMAL
HERC2,OPTIMAL,OPTIMAL,OPTIMAL,OPTIMAL
APBA2,OPTIMAL,OPTIMAL,OPTIMAL,OPTIMAL
ENTREP2,OPTIMAL,OPTIMAL,OPTIMAL,OPTIMAL
NSMCE3,OPTIMAL,OPTIMAL,OPTIMAL,OPTIMAL
TJP1,INFEASIBLE,OPTIMAL,OPTIMAL,OPTIMAL
ARHGAP11B,INFEASIBLE,INFEASIBLE,OPTIMAL,INFEASIBLE
FAN1,OPTIMAL,OPTIMAL,OPTIMAL,OPTIMAL
KLF13,INFEASIBLE,OPTIMAL,OPTIMAL,INFEASIBLE
OTUD7A,OPTIMAL,OPTIMAL,OPTIMAL,OPTIMAL
CHRNA7,OPTIMAL,OPTIMAL,OPTIMAL,OPTIMAL
ARHGAP11A,INFEASIBLE,OPTIMAL,OPTIMAL,INFEASIBLE
AVEN,OPTIMAL,OPTIMAL,OPTIMAL,OPTIMAL
EMC7,OPTIMAL,OPTIMAL,OPTIMAL,OPTIMAL
KATNBL1,OPTIMAL,OPTIMAL,OPTIMAL,OPTIMAL
EMC4,OPTIMAL,OPTIMAL,OPTIMAL,OPTIMAL
SLC12A6,OPTIMAL,OPTIMAL,OPTIMAL,OPTIMAL
NOP10,OPTIMAL,OPTIMAL,OPTIMAL,OPTIMAL
LPCAT4,OPTIMAL,OPTIMAL,OPTIMAL,OPTIMAL
GOLGA8A,OPTIMAL,OPTIMAL,OPTIMAL,OPTIMAL
AQR,OPTIMAL,OPTIMAL,OPTIMAL,OPTIMAL
ZNF770,OPTIMAL,OPTIMAL,OPTIMAL,OPTIMAL
DPH6,OPTIMAL,OPTIMAL,OPTIMAL,OPTIMAL
CDIN1,OPTIMAL,OPTIMAL,OPTIMAL,OPTIMAL
MEIS2,OPTIMAL,OPTIMAL,OPTIMAL,OPTIMAL
SPRED1,OPTIMAL,OPTIMAL,OPTIMAL,OPTIMAL
FAM98B,INFEASIBLE,OPTIMAL,OPTIMAL,OPTIMAL
GPR176,OPTIMAL,OPTIMAL,OPTIMAL,OPTIMAL
EIF2AK4,OPTIMAL,OPTIMAL,OPTIMAL,OPTIMAL
SRP14,OPTIMAL,OPTIMAL,OPTIMAL,OPTIMAL
BUB1B,INFEASIBLE,OPTIMAL,OPTIMAL,OPTIMAL
KNSTRN,INFEASIBLE,OPTIMAL,OPTIMAL,OPTIMAL
IVD,OPTIMAL,OPTIMAL,OPTIMAL,OPTIMAL
BAHD1,OPTIMAL,OPTIMAL,OPTIMAL,OPTIMAL
CHST14,OPTIMAL,OPTIMAL,OPTIMAL,OPTIMAL
CCDC32,OPTIMAL,OPTIMAL,OPTIMAL,OPTIMAL
RPUSD2,OPTIMAL,OPTIMAL,OPTIMAL,OPTIMAL
KNL1,INFEASIBLE,OPTIMAL,OPTIMAL,INFEASIBLE
RAD51,OPTIMAL,OPTIMAL,OPTIMAL,OPTIMAL
RMDN3,OPTIMAL,OPTIMAL,OPTIMAL,OPTIMAL
GCHFR,OPTIMAL,OPTIMAL,OPTIMAL,OPTIMAL
DNAJC17,OPTIMAL,OPTIMAL,OPTIMAL,OPTIMAL
VPS18,OPTIMAL,OPTIMAL,OPTIMAL,OPTIMAL
INO80,OPTIMAL,OPTIMAL,OPTIMAL,OPTIMAL
CHP1,OPTIMAL,OPTIMAL,OPTIMAL,OPTIMAL
OIP5,OPTIMAL,OPTIMAL,OPTIMAL,OPTIMAL
NUSAP1,OPTIMAL,OPTIMAL,OPTIMAL,OPTIMAL
NDUFAF1,OPTIMAL,OPTIMAL,OPTIMAL,OPTIMAL
RTF1,OPTIMAL,OPTIMAL,OPTIMAL,OPTIMAL
RPAP1,OPTIMAL,OPTIMAL,OPTIMAL,OPTIMAL
TYRO3,OPTIMAL,OPTIMAL,OPTIMAL,OPTIMAL
MGA,OPTIMAL,OPTIMAL,OPTIMAL,OPTIMAL
MAPKBP1,OPTIMAL,OPTIMAL,OPTIMAL,OPTIMAL
EHD4,OPTIMAL,INFEASIBLE,OPTIMAL,OPTIMAL
VPS39,OPTIMAL,OPTIMAL,OPTIMAL,OPTIMAL
TMEM87A,INFEASIBLE,OPTIMAL,OPTIMAL,OPTIMAL
ZNF106,INFEASIBLE,OPTIMAL,OPTIMAL,INFEASIBLE
SNAP23,INFEASIBLE,OPTIMAL,OPTIMAL,OPTIMAL
LRRC57,OPTIMAL,OPTIMAL,OPTIMAL,OPTIMAL
HAUS2,OPTIMAL,OPTIMAL,OPTIMAL,OPTIMAL
STARD9,OPTIMAL,OPTIMAL,OPTIMAL,OPTIMAL
TTBK2,INFEASIBLE,OPTIMAL,OPTIMAL,OPTIMAL
UBR1,OPTIMAL,INFEASIBLE,OPTIMAL,OPTIMAL
TMEM62,OPTIMAL,OPTIMAL,OPTIMAL,OPTIMAL
CCNDBP1,OPTIMAL,OPTIMAL,OPTIMAL,OPTIMAL
LCMT2,INFEASIBLE,INFEASIBLE,OPTIMAL,OPTIMAL
ADAL,OPTIMAL,OPTIMAL,OPTIMAL,OPTIMAL
TUBGCP4,OPTIMAL,OPTIMAL,OPTIMAL,OPTIMAL
TP53BP1,OPTIMAL,OPTIMAL,OPTIMAL,OPTIMAL
MAP1A,OPTIMAL,OPTIMAL,OPTIMAL,OPTIMAL
PPIP5K1,OPTIMAL,OPTIMAL,OPTIMAL,OPTIMAL
CATSPER2,OPTIMAL,OPTIMAL,OPTIMAL,OPTIMAL
PDIA3,OPTIMAL,INFEASIBLE,OPTIMAL,OPTIMAL
SERF2,OPTIMAL,OPTIMAL,OPTIMAL,OPTIMAL
HYPK,OPTIMAL,OPTIMAL,OPTIMAL,OPTIMAL
MFAP1,INFEASIBLE,OPTIMAL,OPTIMAL,OPTIMAL
WDR76,OPTIMAL,OPTIMAL,OPTIMAL,OPTIMAL
FRMD5,OPTIMAL,OPTIMAL,OPTIMAL,OPTIMAL
GOLM2,OPTIMAL,OPTIMAL,OPTIMAL,OPTIMAL
CTDSPL2,OPTIMAL,OPTIMAL,OPTIMAL,OPTIMAL
EIF3J,OPTIMAL,OPTIMAL,OPTIMAL,OPTIMAL
SPG11,OPTIMAL,OPTIMAL,OPTIMAL,OPTIMAL
B2M,OPTIMAL,OPTIMAL,OPTIMAL,OPTIMAL
SORD,OPTIMAL,OPTIMAL,OPTIMAL,OPTIMAL
SPATA5L1,OPTIMAL,OPTIMAL,OPTIMAL,OPTIMAL
BLOC1S6,INFEASIBLE,OPTIMAL,OPTIMAL,INFEASIBLE
SEMA6D,OPTIMAL,OPTIMAL,OPTIMAL,OPTIMAL
MYEF2,INFEASIBLE,OPTIMAL,OPTIMAL,OPTIMAL
SLC12A1,INFEASIBLE,INFEASIBLE,OPTIMAL,OPTIMAL
DUT,OPTIMAL,OPTIMAL,OPTIMAL,OPTIMAL
CEP152,OPTIMAL,OPTIMAL,OPTIMAL,OPTIMAL
EID1,OPTIMAL,OPTIMAL,OPTIMAL,OPTIMAL
SECISBP2L,OPTIMAL,OPTIMAL,OPTIMAL,OPTIMAL
COPS2,OPTIMAL,OPTIMAL,OPTIMAL,OPTIMAL
GALK2,OPTIMAL,OPTIMAL,OPTIMAL,OPTIMAL
FAM227B,OPTIMAL,OPTIMAL,OPTIMAL,OPTIMAL
DTWD1,OPTIMAL,OPTIMAL,OPTIMAL,OPTIMAL
GABPB1,OPTIMAL,OPTIMAL,OPTIMAL,OPTIMAL
USP8,OPTIMAL,OPTIMAL,OPTIMAL,OPTIMAL
TRPM7,OPTIMAL,OPTIMAL,OPTIMAL,OPTIMAL
SPPL2A,OPTIMAL,INFEASIBLE,OPTIMAL,OPTIMAL
AP4E1,OPTIMAL,OPTIMAL,OPTIMAL,OPTIMAL
DMXL2,OPTIMAL,OPTIMAL,OPTIMAL,OPTIMAL
TMOD2,OPTIMAL,OPTIMAL,OPTIMAL,OPTIMAL
TMOD3,INFEASIBLE,OPTIMAL,OPTIMAL,OPTIMAL
LEO1,INFEASIBLE,OPTIMAL,OPTIMAL,INFEASIBLE
MAPK6,OPTIMAL,INFEASIBLE,OPTIMAL,OPTIMAL
GNB5,OPTIMAL,OPTIMAL,OPTIMAL,OPTIMAL
MYO5C,OPTIMAL,OPTIMAL,OPTIMAL,OPTIMAL
MYO5A,OPTIMAL,OPTIMAL,OPTIMAL,OPTIMAL
ARPP19,OPTIMAL,OPTIMAL,OPTIMAL,OPTIMAL
ATOSA,OPTIMAL,OPTIMAL,OPTIMAL,OPTIMAL
UNC13C,OPTIMAL,OPTIMAL,OPTIMAL,INFEASIBLE
RSL24D1,OPTIMAL,OPTIMAL,OPTIMAL,OPTIMAL
RAB27A,OPTIMAL,OPTIMAL,OPTIMAL,OPTIMAL
PIGBOS1,OPTIMAL,OPTIMAL,OPTIMAL,OPTIMAL
PIGB,OPTIMAL,OPTIMAL,OPTIMAL,OPTIMAL
CCPG1,INFEASIBLE,OPTIMAL,OPTIMAL,OPTIMAL
DNAAF4,OPTIMAL,OPTIMAL,OPTIMAL,OPTIMAL
PYGO1,OPTIMAL,OPTIMAL,OPTIMAL,OPTIMAL
PRTG,OPTIMAL,INFEASIBLE,OPTIMAL,OPTIMAL
NEDD4,OPTIMAL,OPTIMAL,OPTIMAL,OPTIMAL
RFX7,OPTIMAL,OPTIMAL,OPTIMAL,OPTIMAL
TEX9,OPTIMAL,OPTIMAL,OPTIMAL,OPTIMAL
MNS1,OPTIMAL,OPTIMAL,OPTIMAL,OPTIMAL
ZNF280D,OPTIMAL,OPTIMAL,OPTIMAL,OPTIMAL
TCF12,OPTIMAL,OPTIMAL,OPTIMAL,OPTIMAL
CGNL1,OPTIMAL,OPTIMAL,OPTIMAL,OPTIMAL
POLR2M,OPTIMAL,OPTIMAL,OPTIMAL,OPTIMAL
ALDH1A2,OPTIMAL,OPTIMAL,OPTIMAL,OPTIMAL
ADAM10,INFEASIBLE,INFEASIBLE,OPTIMAL,OPTIMAL
MINDY2,OPTIMAL,OPTIMAL,OPTIMAL,OPTIMAL
RNF111,OPTIMAL,OPTIMAL,OPTIMAL,OPTIMAL
SLTM,INFEASIBLE,OPTIMAL,OPTIMAL,OPTIMAL
CCNB2,INFEASIBLE,OPTIMAL,OPTIMAL,OPTIMAL
MYO1E,OPTIMAL,INFEASIBLE,OPTIMAL,OPTIMAL
FAM81A,OPTIMAL,OPTIMAL,OPTIMAL,OPTIMAL
GTF2A2,OPTIMAL,OPTIMAL,OPTIMAL,OPTIMAL
BNIP2,OPTIMAL,OPTIMAL,OPTIMAL,OPTIMAL
ANXA2,OPTIMAL,OPTIMAL,OPTIMAL,OPTIMAL
ICE2,OPTIMAL,OPTIMAL,OPTIMAL,OPTIMAL
RORA,OPTIMAL,INFEASIBLE,OPTIMAL,OPTIMAL
VPS13C,OPTIMAL,OPTIMAL,OPTIMAL,OPTIMAL
TLN2,OPTIMAL,OPTIMAL,OPTIMAL,OPTIMAL
TPM1,OPTIMAL,OPTIMAL,OPTIMAL,OPTIMAL
LACTB,OPTIMAL,OPTIMAL,OPTIMAL,OPTIMAL
RPS27L,OPTIMAL,OPTIMAL,OPTIMAL,OPTIMAL
RAB8B,OPTIMAL,OPTIMAL,OPTIMAL,OPTIMAL
CA12,OPTIMAL,OPTIMAL,OPTIMAL,OPTIMAL
USP3,OPTIMAL,OPTIMAL,OPTIMAL,OPTIMAL
HERC1,OPTIMAL,OPTIMAL,OPTIMAL,OPTIMAL
CIAO2A,OPTIMAL,OPTIMAL,OPTIMAL,OPTIMAL
SNX1,OPTIMAL,OPTIMAL,OPTIMAL,OPTIMAL
PPIB,OPTIMAL,OPTIMAL,OPTIMAL,OPTIMAL
CSNK1G1,OPTIMAL,INFEASIBLE,OPTIMAL,OPTIMAL
PCLAF,OPTIMAL,OPTIMAL,OPTIMAL,OPTIMAL
TRIP4,OPTIMAL,OPTIMAL,OPTIMAL,OPTIMAL
ZNF609,OPTIMAL,OPTIMAL,OPTIMAL,OPTIMAL
OAZ2,OPTIMAL,OPTIMAL,OPTIMAL,OPTIMAL
RBPMS2,OPTIMAL,OPTIMAL,OPTIMAL,OPTIMAL
SPG21,OPTIMAL,OPTIMAL,OPTIMAL,OPTIMAL
MTFMT,OPTIMAL,OPTIMAL,OPTIMAL,OPTIMAL
PDCD7,OPTIMAL,OPTIMAL,OPTIMAL,OPTIMAL
CLPX,INFEASIBLE,OPTIMAL,OPTIMAL,OPTIMAL
PARP16,OPTIMAL,OPTIMAL,OPTIMAL,OPTIMAL
IGDCC3,OPTIMAL,OPTIMAL,OPTIMAL,OPTIMAL
IGDCC4,OPTIMAL,OPTIMAL,OPTIMAL,OPTIMAL
DPP8,OPTIMAL,OPTIMAL,OPTIMAL,OPTIMAL
HACD3,OPTIMAL,OPTIMAL,OPTIMAL,OPTIMAL
INTS14,OPTIMAL,OPTIMAL,OPTIMAL,OPTIMAL
SLC24A1,OPTIMAL,OPTIMAL,OPTIMAL,OPTIMAL
DENND4A,OPTIMAL,OPTIMAL,OPTIMAL,OPTIMAL
RAB11A,OPTIMAL,OPTIMAL,OPTIMAL,OPTIMAL
MEGF11,OPTIMAL,OPTIMAL,OPTIMAL,OPTIMAL
DIS3L,OPTIMAL,OPTIMAL,OPTIMAL,OPTIMAL
TIPIN,OPTIMAL,OPTIMAL,OPTIMAL,OPTIMAL
MAP2K1,OPTIMAL,OPTIMAL,OPTIMAL,OPTIMAL
SNAPC5,OPTIMAL,OPTIMAL,OPTIMAL,OPTIMAL
RPL4,INFEASIBLE,OPTIMAL,OPTIMAL,OPTIMAL
ZWILCH,OPTIMAL,OPTIMAL,OPTIMAL,OPTIMAL
SMAD6,OPTIMAL,OPTIMAL,OPTIMAL,OPTIMAL
SMAD3,OPTIMAL,OPTIMAL,OPTIMAL,OPTIMAL
AAGAB,OPTIMAL,OPTIMAL,OPTIMAL,OPTIMAL
IQCH,OPTIMAL,INFEASIBLE,OPTIMAL,OPTIMAL
C15orf61,OPTIMAL,OPTIMAL,OPTIMAL,OPTIMAL
MAP2K5,OPTIMAL,OPTIMAL,OPTIMAL,OPTIMAL
PIAS1,OPTIMAL,OPTIMAL,OPTIMAL,OPTIMAL
CALML4,OPTIMAL,OPTIMAL,OPTIMAL,OPTIMAL
CLN6,OPTIMAL,OPTIMAL,OPTIMAL,OPTIMAL
FEM1B,OPTIMAL,OPTIMAL,OPTIMAL,OPTIMAL
CORO2B,OPTIMAL,INFEASIBLE,OPTIMAL,OPTIMAL
ANP32A,INFEASIBLE,OPTIMAL,OPTIMAL,INFEASIBLE
SPESP1,OPTIMAL,OPTIMAL,OPTIMAL,OPTIMAL
GLCE,OPTIMAL,OPTIMAL,OPTIMAL,OPTIMAL
PAQR5,OPTIMAL,OPTIMAL,OPTIMAL,OPTIMAL
KIF23,INFEASIBLE,OPTIMAL,OPTIMAL,OPTIMAL
RPLP1,OPTIMAL,OPTIMAL,OPTIMAL,OPTIMAL
TLE3,OPTIMAL,OPTIMAL,OPTIMAL,OPTIMAL
UACA,INFEASIBLE,OPTIMAL,INFEASIBLE,INFEASIBLE
LARP6,OPTIMAL,OPTIMAL,OPTIMAL,OPTIMAL
LRRC49,OPTIMAL,INFEASIBLE,OPTIMAL,OPTIMAL
THSD4,OPTIMAL,OPTIMAL,OPTIMAL,OPTIMAL
MYO9A,OPTIMAL,OPTIMAL,OPTIMAL,OPTIMAL
SENP8,OPTIMAL,OPTIMAL,OPTIMAL,OPTIMAL
PKM,INFEASIBLE,OPTIMAL,OPTIMAL,OPTIMAL
PARP6,OPTIMAL,OPTIMAL,OPTIMAL,OPTIMAL
HEXA,OPTIMAL,OPTIMAL,OPTIMAL,OPTIMAL
ARIH1,INFEASIBLE,OPTIMAL,OPTIMAL,OPTIMAL
BBS4,OPTIMAL,OPTIMAL,OPTIMAL,OPTIMAL
ADPGK,OPTIMAL,INFEASIBLE,OPTIMAL,OPTIMAL
NEO1,OPTIMAL,OPTIMAL,OPTIMAL,OPTIMAL
NPTN,OPTIMAL,OPTIMAL,OPTIMAL,OPTIMAL
CD276,OPTIMAL,OPTIMAL,OPTIMAL,OPTIMAL
PML,OPTIMAL,OPTIMAL,OPTIMAL,OPTIMAL
UBL7,OPTIMAL,OPTIMAL,OPTIMAL,OPTIMAL
ARID3B,OPTIMAL,OPTIMAL,OPTIMAL,OPTIMAL
CLK3,OPTIMAL,OPTIMAL,OPTIMAL,OPTIMAL
EDC3,OPTIMAL,OPTIMAL,OPTIMAL,OPTIMAL
CSK,OPTIMAL,OPTIMAL,OPTIMAL,OPTIMAL
ULK3,OPTIMAL,OPTIMAL,OPTIMAL,OPTIMAL
SCAMP2,OPTIMAL,OPTIMAL,OPTIMAL,OPTIMAL
MPI,OPTIMAL,OPTIMAL,OPTIMAL,OPTIMAL
FAM219B,OPTIMAL,OPTIMAL,OPTIMAL,OPTIMAL
COX5A,OPTIMAL,OPTIMAL,OPTIMAL,OPTIMAL
RPP25,OPTIMAL,OPTIMAL,OPTIMAL,OPTIMAL
SCAMP5,OPTIMAL,OPTIMAL,OPTIMAL,OPTIMAL
PPCDC,OPTIMAL,OPTIMAL,OPTIMAL,OPTIMAL
C15orf39,OPTIMAL,OPTIMAL,INFEASIBLE,OPTIMAL
COMMD4,OPTIMAL,OPTIMAL,OPTIMAL,OPTIMAL
MAN2C1,OPTIMAL,INFEASIBLE,OPTIMAL,OPTIMAL
SIN3A,OPTIMAL,OPTIMAL,OPTIMAL,OPTIMAL
PTPN9,OPTIMAL,OPTIMAL,OPTIMAL,OPTIMAL
SNUPN,OPTIMAL,INFEASIBLE,OPTIMAL,OPTIMAL
IMP3,OPTIMAL,OPTIMAL,OPTIMAL,OPTIMAL
UBE2Q2,OPTIMAL,OPTIMAL,OPTIMAL,OPTIMAL
FBXO22,OPTIMAL,OPTIMAL,OPTIMAL,OPTIMAL
NRG4,OPTIMAL,OPTIMAL,OPTIMAL,OPTIMAL
TMEM266,OPTIMAL,OPTIMAL,OPTIMAL,OPTIMAL
ETFA,OPTIMAL,OPTIMAL,OPTIMAL,OPTIMAL
ISL2,OPTIMAL,OPTIMAL,OPTIMAL,OPTIMAL
SCAPER,OPTIMAL,OPTIMAL,OPTIMAL,OPTIMAL
RCN2,OPTIMAL,OPTIMAL,OPTIMAL,OPTIMAL
TSPAN3,OPTIMAL,OPTIMAL,OPTIMAL,OPTIMAL
PEAK1,OPTIMAL,INFEASIBLE,OPTIMAL,OPTIMAL
HMG20A,OPTIMAL,OPTIMAL,OPTIMAL,OPTIMAL
LINGO1,OPTIMAL,OPTIMAL,OPTIMAL,OPTIMAL
TBC1D2B,OPTIMAL,OPTIMAL,OPTIMAL,OPTIMAL
CIB2,OPTIMAL,OPTIMAL,OPTIMAL,OPTIMAL
IDH3A,INFEASIBLE,OPTIMAL,OPTIMAL,OPTIMAL
SKIC8,OPTIMAL,OPTIMAL,OPTIMAL,OPTIMAL
IREB2,OPTIMAL,OPTIMAL,OPTIMAL,OPTIMAL
HYKK,OPTIMAL,OPTIMAL,OPTIMAL,OPTIMAL
PSMA4,OPTIMAL,OPTIMAL,OPTIMAL,OPTIMAL
CHRNA5,OPTIMAL,OPTIMAL,OPTIMAL,OPTIMAL
MORF4L1,OPTIMAL,OPTIMAL,OPTIMAL,OPTIMAL
CTSH,OPTIMAL,OPTIMAL,OPTIMAL,OPTIMAL
TMED3,OPTIMAL,OPTIMAL,OPTIMAL,OPTIMAL
MTHFS,OPTIMAL,OPTIMAL,OPTIMAL,OPTIMAL
ZFAND6,OPTIMAL,OPTIMAL,OPTIMAL,OPTIMAL
FAH,OPTIMAL,OPTIMAL,OPTIMAL,OPTIMAL
ABHD17C,OPTIMAL,OPTIMAL,OPTIMAL,OPTIMAL
MESD,OPTIMAL,OPTIMAL,OPTIMAL,OPTIMAL
TLNRD1,OPTIMAL,OPTIMAL,OPTIMAL,OPTIMAL
EFL1,OPTIMAL,OPTIMAL,OPTIMAL,OPTIMAL
RPS17,OPTIMAL,OPTIMAL,OPTIMAL,OPTIMAL
CPEB1,OPTIMAL,OPTIMAL,OPTIMAL,OPTIMAL
WHAMM,OPTIMAL,OPTIMAL,OPTIMAL,OPTIMAL
HOMER2,OPTIMAL,OPTIMAL,OPTIMAL,OPTIMAL
RAMAC,OPTIMAL,OPTIMAL,OPTIMAL,OPTIMAL
C15orf40,OPTIMAL,OPTIMAL,OPTIMAL,OPTIMAL
BTBD1,OPTIMAL,OPTIMAL,OPTIMAL,OPTIMAL
HDGFL3,OPTIMAL,OPTIMAL,OPTIMAL,OPTIMAL
SH3GL3,OPTIMAL,OPTIMAL,OPTIMAL,OPTIMAL
ZSCAN2,OPTIMAL,OPTIMAL,OPTIMAL,OPTIMAL
WDR73,OPTIMAL,OPTIMAL,OPTIMAL,OPTIMAL
NMB,OPTIMAL,OPTIMAL,OPTIMAL,OPTIMAL
SEC11A,OPTIMAL,INFEASIBLE,OPTIMAL,OPTIMAL
ZNF592,OPTIMAL,OPTIMAL,OPTIMAL,OPTIMAL
PDE8A,OPTIMAL,OPTIMAL,OPTIMAL,OPTIMAL
AKAP13,OPTIMAL,OPTIMAL,OPTIMAL,OPTIMAL
KLHL25,OPTIMAL,INFEASIBLE,OPTIMAL,OPTIMAL
AGBL1,INFEASIBLE,OPTIMAL,OPTIMAL,INFEASIBLE
MRPL46,OPTIMAL,OPTIMAL,OPTIMAL,OPTIMAL
MRPS11,OPTIMAL,OPTIMAL,OPTIMAL,OPTIMAL
DET1,OPTIMAL,OPTIMAL,OPTIMAL,OPTIMAL
AEN,OPTIMAL,OPTIMAL,OPTIMAL,OPTIMAL
MFGE8,OPTIMAL,OPTIMAL,OPTIMAL,OPTIMAL
ABHD2,OPTIMAL,OPTIMAL,OPTIMAL,OPTIMAL
FANCI,OPTIMAL,OPTIMAL,OPTIMAL,OPTIMAL
POLG,OPTIMAL,OPTIMAL,OPTIMAL,OPTIMAL
TICRR,OPTIMAL,OPTIMAL,OPTIMAL,OPTIMAL
KIF7,OPTIMAL,OPTIMAL,OPTIMAL,OPTIMAL
PEX11A,OPTIMAL,OPTIMAL,OPTIMAL,OPTIMAL
MESP1,OPTIMAL,OPTIMAL,OPTIMAL,OPTIMAL
AP3S2,OPTIMAL,OPTIMAL,OPTIMAL,OPTIMAL
ARPIN,OPTIMAL,OPTIMAL,OPTIMAL,OPTIMAL
ZNF710,OPTIMAL,OPTIMAL,OPTIMAL,OPTIMAL
IDH2,OPTIMAL,OPTIMAL,OPTIMAL,OPTIMAL
SEMA4B,OPTIMAL,OPTIMAL,OPTIMAL,OPTIMAL
CIB1,OPTIMAL,OPTIMAL,OPTIMAL,OPTIMAL
GDPGP1,OPTIMAL,OPTIMAL,OPTIMAL,OPTIMAL
NGRN,OPTIMAL,OPTIMAL,OPTIMAL,OPTIMAL
IQGAP1,OPTIMAL,OPTIMAL,OPTIMAL,OPTIMAL
CRTC3,OPTIMAL,OPTIMAL,OPTIMAL,OPTIMAL
BLM,OPTIMAL,OPTIMAL,OPTIMAL,OPTIMAL
FURIN,OPTIMAL,OPTIMAL,OPTIMAL,OPTIMAL
HDDC3,OPTIMAL,OPTIMAL,OPTIMAL,OPTIMAL
UNC45A,OPTIMAL,OPTIMAL,OPTIMAL,OPTIMAL
RCCD1,OPTIMAL,OPTIMAL,OPTIMAL,OPTIMAL
PRC1,INFEASIBLE,OPTIMAL,OPTIMAL,OPTIMAL
FAM174B,OPTIMAL,OPTIMAL,OPTIMAL,OPTIMAL
CHD2,OPTIMAL,OPTIMAL,OPTIMAL,OPTIMAL
RGMA,OPTIMAL,OPTIMAL,OPTIMAL,OPTIMAL
NR2F2,OPTIMAL,OPTIMAL,OPTIMAL,OPTIMAL
IGF1R,OPTIMAL,OPTIMAL,OPTIMAL,OPTIMAL
TTC23,OPTIMAL,OPTIMAL,OPTIMAL,OPTIMAL
LRRC28,OPTIMAL,OPTIMAL,OPTIMAL,OPTIMAL
MEF2A,OPTIMAL,OPTIMAL,OPTIMAL,OPTIMAL
LYSMD4,OPTIMAL,OPTIMAL,OPTIMAL,OPTIMAL
ADAMTS17,OPTIMAL,OPTIMAL,OPTIMAL,OPTIMAL
LINS1,OPTIMAL,OPTIMAL,OPTIMAL,OPTIMAL
ASB7,INFEASIBLE,OPTIMAL,OPTIMAL,OPTIMAL
CHSY1,OPTIMAL,OPTIMAL,OPTIMAL,OPTIMAL
SELENOS,OPTIMAL,OPTIMAL,OPTIMAL,OPTIMAL
SNRPA1,OPTIMAL,OPTIMAL,OPTIMAL,OPTIMAL
PCSK6,OPTIMAL,OPTIMAL,OPTIMAL,OPTIMAL
TM2D3,OPTIMAL,OPTIMAL,OPTIMAL,OPTIMAL
TARS3,OPTIMAL,OPTIMAL,OPTIMAL,OPTIMAL
POLR3K,OPTIMAL,OPTIMAL,OPTIMAL,OPTIMAL
SNRNP25,OPTIMAL,OPTIMAL,OPTIMAL,OPTIMAL
MPG,OPTIMAL,OPTIMAL,OPTIMAL,OPTIMAL
NPRL3,OPTIMAL,OPTIMAL,OPTIMAL,OPTIMAL
HBQ1,OPTIMAL,OPTIMAL,OPTIMAL,OPTIMAL
LUC7L,OPTIMAL,OPTIMAL,OPTIMAL,OPTIMAL
FAM234A,OPTIMAL,OPTIMAL,OPTIMAL,OPTIMAL
ARHGDIG,OPTIMAL,OPTIMAL,OPTIMAL,OPTIMAL
AXIN1,OPTIMAL,OPTIMAL,OPTIMAL,OPTIMAL
MRPL28,OPTIMAL,OPTIMAL,OPTIMAL,OPTIMAL
PGAP6,OPTIMAL,OPTIMAL,OPTIMAL,OPTIMAL
NME4,OPTIMAL,OPTIMAL,OPTIMAL,OPTIMAL
RAB11FIP3,OPTIMAL,OPTIMAL,OPTIMAL,OPTIMAL
CAPN15,OPTIMAL,OPTIMAL,OPTIMAL,OPTIMAL
PIGQ,OPTIMAL,OPTIMAL,OPTIMAL,OPTIMAL
RAB40C,OPTIMAL,OPTIMAL,OPTIMAL,OPTIMAL
METTL26,OPTIMAL,OPTIMAL,OPTIMAL,OPTIMAL
MCRIP2,OPTIMAL,OPTIMAL,OPTIMAL,OPTIMAL
WDR90,OPTIMAL,OPTIMAL,OPTIMAL,OPTIMAL
RHOT2,OPTIMAL,OPTIMAL,OPTIMAL,OPTIMAL
STUB1,OPTIMAL,OPTIMAL,OPTIMAL,OPTIMAL
JMJD8,OPTIMAL,OPTIMAL,OPTIMAL,OPTIMAL
METRN,OPTIMAL,OPTIMAL,OPTIMAL,OPTIMAL
ANTKMT,OPTIMAL,OPTIMAL,OPTIMAL,OPTIMAL
HAGHL,OPTIMAL,OPTIMAL,OPTIMAL,OPTIMAL
CIAO3,OPTIMAL,OPTIMAL,OPTIMAL,OPTIMAL
RPUSD1,OPTIMAL,OPTIMAL,OPTIMAL,OPTIMAL
CHTF18,OPTIMAL,INFEASIBLE,OPTIMAL,OPTIMAL
LMF1,OPTIMAL,OPTIMAL,OPTIMAL,OPTIMAL
CACNA1H,OPTIMAL,OPTIMAL,OPTIMAL,OPTIMAL
UBE2I,OPTIMAL,OPTIMAL,OPTIMAL,OPTIMAL
TSR3,OPTIMAL,OPTIMAL,OPTIMAL,OPTIMAL
GNPTG,OPTIMAL,OPTIMAL,OPTIMAL,OPTIMAL
UNKL,OPTIMAL,OPTIMAL,OPTIMAL,OPTIMAL
UQCC4,OPTIMAL,OPTIMAL,OPTIMAL,OPTIMAL
CLCN7,OPTIMAL,OPTIMAL,OPTIMAL,OPTIMAL
TELO2,OPTIMAL,OPTIMAL,OPTIMAL,OPTIMAL
IFT140,OPTIMAL,OPTIMAL,OPTIMAL,OPTIMAL
CRAMP1,OPTIMAL,OPTIMAL,OPTIMAL,OPTIMAL
JPT2,OPTIMAL,OPTIMAL,OPTIMAL,OPTIMAL
MAPK8IP3,OPTIMAL,OPTIMAL,OPTIMAL,OPTIMAL
NME3,OPTIMAL,OPTIMAL,OPTIMAL,OPTIMAL
MRPS34,OPTIMAL,OPTIMAL,OPTIMAL,OPTIMAL
SPSB3,OPTIMAL,OPTIMAL,OPTIMAL,OPTIMAL
NUBP2,OPTIMAL,OPTIMAL,OPTIMAL,OPTIMAL
HAGH,OPTIMAL,OPTIMAL,OPTIMAL,OPTIMAL
FAHD1,OPTIMAL,OPTIMAL,OPTIMAL,OPTIMAL
MSRB1,OPTIMAL,OPTIMAL,OPTIMAL,OPTIMAL
NDUFB10,OPTIMAL,OPTIMAL,OPTIMAL,OPTIMAL
RPS2,INFEASIBLE,OPTIMAL,OPTIMAL,OPTIMAL
TBL3,OPTIMAL,OPTIMAL,OPTIMAL,OPTIMAL
GFER,OPTIMAL,OPTIMAL,OPTIMAL,OPTIMAL
ZNF598,OPTIMAL,OPTIMAL,OPTIMAL,OPTIMAL
NPW,OPTIMAL,OPTIMAL,OPTIMAL,OPTIMAL
NHERF2,OPTIMAL,OPTIMAL,OPTIMAL,OPTIMAL
NTHL1,OPTIMAL,OPTIMAL,OPTIMAL,OPTIMAL
TSC2,OPTIMAL,INFEASIBLE,OPTIMAL,OPTIMAL
PKD1,OPTIMAL,OPTIMAL,OPTIMAL,OPTIMAL
TRAF7,OPTIMAL,OPTIMAL,OPTIMAL,OPTIMAL
MLST8,OPTIMAL,OPTIMAL,OPTIMAL,OPTIMAL
PGP,OPTIMAL,OPTIMAL,OPTIMAL,OPTIMAL
E4F1,OPTIMAL,OPTIMAL,OPTIMAL,OPTIMAL
ECI1,OPTIMAL,OPTIMAL,OPTIMAL,OPTIMAL
RNPS1,OPTIMAL,OPTIMAL,OPTIMAL,OPTIMAL
ABCA3,OPTIMAL,OPTIMAL,OPTIMAL,OPTIMAL
CCNF,OPTIMAL,OPTIMAL,OPTIMAL,OPTIMAL
TEDC2,OPTIMAL,INFEASIBLE,OPTIMAL,OPTIMAL
TBC1D24,OPTIMAL,OPTIMAL,OPTIMAL,OPTIMAL
ATP6V0C,OPTIMAL,OPTIMAL,OPTIMAL,OPTIMAL
AMDHD2,OPTIMAL,OPTIMAL,OPTIMAL,OPTIMAL
PDPK1,OPTIMAL,OPTIMAL,OPTIMAL,OPTIMAL
KCTD5,OPTIMAL,OPTIMAL,OPTIMAL,OPTIMAL
SRRM2,OPTIMAL,OPTIMAL,OPTIMAL,OPTIMAL
ELOB,OPTIMAL,OPTIMAL,OPTIMAL,OPTIMAL
FLYWCH2,OPTIMAL,OPTIMAL,OPTIMAL,OPTIMAL
FLYWCH1,OPTIMAL,OPTIMAL,OPTIMAL,OPTIMAL
PKMYT1,OPTIMAL,OPTIMAL,OPTIMAL,OPTIMAL
PAQR4,OPTIMAL,OPTIMAL,OPTIMAL,OPTIMAL
TNFRSF12A,OPTIMAL,OPTIMAL,OPTIMAL,OPTIMAL
HCFC1R1,OPTIMAL,OPTIMAL,OPTIMAL,OPTIMAL
THOC6,OPTIMAL,OPTIMAL,OPTIMAL,OPTIMAL
ZNF205,OPTIMAL,OPTIMAL,OPTIMAL,OPTIMAL
ZNF200,OPTIMAL,OPTIMAL,OPTIMAL,OPTIMAL
ZNF263,OPTIMAL,OPTIMAL,OPTIMAL,OPTIMAL
ZNF75A,OPTIMAL,OPTIMAL,OPTIMAL,OPTIMAL
ZSCAN32,OPTIMAL,OPTIMAL,OPTIMAL,OPTIMAL
ZNF174,OPTIMAL,OPTIMAL,OPTIMAL,OPTIMAL
NAA60,OPTIMAL,OPTIMAL,OPTIMAL,OPTIMAL
CLUAP1,OPTIMAL,OPTIMAL,OPTIMAL,OPTIMAL
SLX4,OPTIMAL,OPTIMAL,OPTIMAL,OPTIMAL
DNASE1,OPTIMAL,OPTIMAL,OPTIMAL,OPTIMAL
TRAP1,OPTIMAL,OPTIMAL,OPTIMAL,OPTIMAL
CREBBP,OPTIMAL,OPTIMAL,OPTIMAL,OPTIMAL
ADCY9,OPTIMAL,OPTIMAL,OPTIMAL,OPTIMAL
TFAP4,OPTIMAL,OPTIMAL,OPTIMAL,OPTIMAL
PAM16,OPTIMAL,OPTIMAL,OPTIMAL,OPTIMAL
CORO7,OPTIMAL,OPTIMAL,OPTIMAL,OPTIMAL
DNAJA3,OPTIMAL,OPTIMAL,OPTIMAL,OPTIMAL
NMRAL1,OPTIMAL,OPTIMAL,OPTIMAL,OPTIMAL
HMOX2,OPTIMAL,OPTIMAL,OPTIMAL,OPTIMAL
CDIP1,OPTIMAL,INFEASIBLE,OPTIMAL,OPTIMAL
UBALD1,OPTIMAL,OPTIMAL,OPTIMAL,OPTIMAL
MGRN1,OPTIMAL,OPTIMAL,OPTIMAL,OPTIMAL
NUDT16L1,OPTIMAL,OPTIMAL,OPTIMAL,OPTIMAL
ANKS3,OPTIMAL,OPTIMAL,OPTIMAL,OPTIMAL
ZNF500,OPTIMAL,OPTIMAL,OPTIMAL,OPTIMAL
ROGDI,OPTIMAL,OPTIMAL,OPTIMAL,OPTIMAL
GLYR1,OPTIMAL,OPTIMAL,OPTIMAL,OPTIMAL
UBN1,OPTIMAL,OPTIMAL,OPTIMAL,OPTIMAL
SEC14L5,OPTIMAL,OPTIMAL,OPTIMAL,INFEASIBLE
ALG1,OPTIMAL,INFEASIBLE,OPTIMAL,OPTIMAL
EEF2KMT,OPTIMAL,OPTIMAL,OPTIMAL,OPTIMAL
RBFOX1,INFEASIBLE,INFEASIBLE,OPTIMAL,INFEASIBLE
METTL22,OPTIMAL,OPTIMAL,OPTIMAL,OPTIMAL
ABAT,OPTIMAL,OPTIMAL,OPTIMAL,OPTIMAL
PMM2,OPTIMAL,OPTIMAL,OPTIMAL,OPTIMAL
CARHSP1,OPTIMAL,OPTIMAL,OPTIMAL,OPTIMAL
USP7,INFEASIBLE,OPTIMAL,OPTIMAL,OPTIMAL
HAPSTR1,OPTIMAL,OPTIMAL,OPTIMAL,OPTIMAL
ATF7IP2,OPTIMAL,OPTIMAL,OPTIMAL,OPTIMAL
EMP2,OPTIMAL,OPTIMAL,OPTIMAL,OPTIMAL
NUBP1,OPTIMAL,OPTIMAL,OPTIMAL,OPTIMAL
DEXI,OPTIMAL,OPTIMAL,OPTIMAL,OPTIMAL
CLEC16A,OPTIMAL,OPTIMAL,OPTIMAL,OPTIMAL
RMI2,OPTIMAL,OPTIMAL,OPTIMAL,OPTIMAL
ENSG00000188897,OPTIMAL,OPTIMAL,OPTIMAL,OPTIMAL
LITAF,OPTIMAL,OPTIMAL,OPTIMAL,OPTIMAL
SNN,OPTIMAL,OPTIMAL,OPTIMAL,OPTIMAL
TXNDC11,OPTIMAL,OPTIMAL,OPTIMAL,OPTIMAL
ZC3H7A,OPTIMAL,OPTIMAL,OPTIMAL,OPTIMAL
RSL1D1,INFEASIBLE,OPTIMAL,OPTIMAL,INFEASIBLE
GSPT1,INFEASIBLE,OPTIMAL,INFEASIBLE,OPTIMAL
SNX29,OPTIMAL,OPTIMAL,OPTIMAL,OPTIMAL
CPPED1,OPTIMAL,OPTIMAL,OPTIMAL,OPTIMAL
ERCC4,OPTIMAL,OPTIMAL,OPTIMAL,OPTIMAL
MRTFB,OPTIMAL,OPTIMAL,OPTIMAL,OPTIMAL
PARN,OPTIMAL,OPTIMAL,OPTIMAL,OPTIMAL
BFAR,OPTIMAL,OPTIMAL,OPTIMAL,OPTIMAL
NOMO1,OPTIMAL,OPTIMAL,OPTIMAL,OPTIMAL
PDXDC1,OPTIMAL,OPTIMAL,OPTIMAL,OPTIMAL
NTAN1,OPTIMAL,OPTIMAL,OPTIMAL,OPTIMAL
RRN3,INFEASIBLE,OPTIMAL,OPTIMAL,OPTIMAL
MARF1,OPTIMAL,OPTIMAL,OPTIMAL,OPTIMAL
NDE1,INFEASIBLE,OPTIMAL,OPTIMAL,OPTIMAL
CEP20,OPTIMAL,OPTIMAL,OPTIMAL,OPTIMAL
ABCC1,OPTIMAL,INFEASIBLE,OPTIMAL,OPTIMAL
NOMO3,OPTIMAL,OPTIMAL,OPTIMAL,OPTIMAL
XYLT1,OPTIMAL,OPTIMAL,OPTIMAL,OPTIMAL
NOMO2,OPTIMAL,OPTIMAL,OPTIMAL,OPTIMAL
RPS15A,OPTIMAL,OPTIMAL,OPTIMAL,OPTIMAL
ARL6IP1,INFEASIBLE,OPTIMAL,OPTIMAL,INFEASIBLE
SMG1,OPTIMAL,OPTIMAL,OPTIMAL,OPTIMAL
TMC7,OPTIMAL,OPTIMAL,OPTIMAL,OPTIMAL
COQ7,OPTIMAL,OPTIMAL,OPTIMAL,OPTIMAL
ITPRIPL2,OPTIMAL,OPTIMAL,OPTIMAL,OPTIMAL
GDE1,OPTIMAL,OPTIMAL,OPTIMAL,OPTIMAL
CCP110,OPTIMAL,OPTIMAL,OPTIMAL,OPTIMAL
VPS35L,OPTIMAL,OPTIMAL,OPTIMAL,OPTIMAL
KNOP1,OPTIMAL,OPTIMAL,OPTIMAL,OPTIMAL
IQCK,OPTIMAL,OPTIMAL,OPTIMAL,OPTIMAL
GPRC5B,OPTIMAL,OPTIMAL,OPTIMAL,OPTIMAL
THUMPD1,OPTIMAL,OPTIMAL,OPTIMAL,OPTIMAL
ERI2,OPTIMAL,OPTIMAL,OPTIMAL,OPTIMAL
REXO5,OPTIMAL,OPTIMAL,OPTIMAL,OPTIMAL
LYRM1,OPTIMAL,OPTIMAL,OPTIMAL,OPTIMAL
LDAF1,OPTIMAL,OPTIMAL,OPTIMAL,OPTIMAL
METTL9,OPTIMAL,OPTIMAL,OPTIMAL,OPTIMAL
NPIPB4,OPTIMAL,OPTIMAL,OPTIMAL,OPTIMAL
UQCRC2,INFEASIBLE,OPTIMAL,OPTIMAL,OPTIMAL
MOSMO,OPTIMAL,OPTIMAL,OPTIMAL,OPTIMAL
EEF2K,OPTIMAL,OPTIMAL,OPTIMAL,OPTIMAL
POLR3E,OPTIMAL,OPTIMAL,OPTIMAL,OPTIMAL
CDR2,OPTIMAL,OPTIMAL,OPTIMAL,OPTIMAL
USP31,OPTIMAL,OPTIMAL,OPTIMAL,OPTIMAL
COG7,OPTIMAL,OPTIMAL,OPTIMAL,OPTIMAL
GGA2,OPTIMAL,OPTIMAL,OPTIMAL,OPTIMAL
EARS2,OPTIMAL,OPTIMAL,OPTIMAL,OPTIMAL
UBFD1,OPTIMAL,OPTIMAL,OPTIMAL,OPTIMAL
NDUFAB1,OPTIMAL,OPTIMAL,OPTIMAL,OPTIMAL
PALB2,OPTIMAL,OPTIMAL,OPTIMAL,OPTIMAL
DCTN5,OPTIMAL,OPTIMAL,OPTIMAL,OPTIMAL
PLK1,INFEASIBLE,OPTIMAL,OPTIMAL,OPTIMAL
PRKCB,OPTIMAL,OPTIMAL,OPTIMAL,OPTIMAL
RBBP6,OPTIMAL,OPTIMAL,OPTIMAL,OPTIMAL
TNRC6A,OPTIMAL,OPTIMAL,OPTIMAL,OPTIMAL
ARHGAP17,OPTIMAL,OPTIMAL,OPTIMAL,OPTIMAL
LCMT1,OPTIMAL,OPTIMAL,OPTIMAL,OPTIMAL
NSMCE1,OPTIMAL,OPTIMAL,OPTIMAL,OPTIMAL
GTF3C1,OPTIMAL,OPTIMAL,OPTIMAL,OPTIMAL
KATNIP,OPTIMAL,OPTIMAL,OPTIMAL,OPTIMAL
XPO6,INFEASIBLE,OPTIMAL,OPTIMAL,OPTIMAL
CLN3,OPTIMAL,OPTIMAL,OPTIMAL,OPTIMAL
SGF29,OPTIMAL,OPTIMAL,OPTIMAL,OPTIMAL
EIF3C,INFEASIBLE,OPTIMAL,OPTIMAL,OPTIMAL
ATXN2L,OPTIMAL,OPTIMAL,OPTIMAL,OPTIMAL
TUFM,OPTIMAL,OPTIMAL,OPTIMAL,OPTIMAL
SH2B1,OPTIMAL,OPTIMAL,OPTIMAL,OPTIMAL
RABEP2,OPTIMAL,OPTIMAL,OPTIMAL,OPTIMAL
NFATC2IP,OPTIMAL,OPTIMAL,OPTIMAL,OPTIMAL
SPNS1,OPTIMAL,OPTIMAL,OPTIMAL,OPTIMAL
QPRT,OPTIMAL,OPTIMAL,OPTIMAL,OPTIMAL
KIF22,OPTIMAL,OPTIMAL,OPTIMAL,OPTIMAL
MAZ,OPTIMAL,OPTIMAL,OPTIMAL,OPTIMAL
PAGR1,OPTIMAL,OPTIMAL,OPTIMAL,OPTIMAL
MVP,OPTIMAL,OPTIMAL,OPTIMAL,OPTIMAL
CDIPT,OPTIMAL,OPTIMAL,OPTIMAL,OPTIMAL
SEZ6L2,OPTIMAL,INFEASIBLE,OPTIMAL,OPTIMAL
ASPHD1,OPTIMAL,INFEASIBLE,OPTIMAL,OPTIMAL
KCTD13,INFEASIBLE,OPTIMAL,OPTIMAL,OPTIMAL
TMEM219,OPTIMAL,OPTIMAL,OPTIMAL,OPTIMAL
TAOK2,OPTIMAL,OPTIMAL,OPTIMAL,OPTIMAL
HIRIP3,OPTIMAL,OPTIMAL,OPTIMAL,OPTIMAL
INO80E,OPTIMAL,OPTIMAL,OPTIMAL,OPTIMAL
DOC2A,OPTIMAL,OPTIMAL,OPTIMAL,OPTIMAL
ALDOA,OPTIMAL,OPTIMAL,OPTIMAL,OPTIMAL
PPP4C,OPTIMAL,OPTIMAL,OPTIMAL,OPTIMAL
YPEL3,OPTIMAL,OPTIMAL,OPTIMAL,OPTIMAL
MAPK3,OPTIMAL,OPTIMAL,OPTIMAL,OPTIMAL
BOLA2B,OPTIMAL,INFEASIBLE,OPTIMAL,OPTIMAL
NPIPB13,INFEASIBLE,OPTIMAL,OPTIMAL,OPTIMAL
CD2BP2,OPTIMAL,OPTIMAL,OPTIMAL,OPTIMAL
TBC1D10B,OPTIMAL,OPTIMAL,OPTIMAL,OPTIMAL
ZNF48,OPTIMAL,OPTIMAL,OPTIMAL,OPTIMAL
SEPTIN1,OPTIMAL,OPTIMAL,OPTIMAL,OPTIMAL
ZNF771,OPTIMAL,OPTIMAL,OPTIMAL,OPTIMAL
DCTPP1,OPTIMAL,OPTIMAL,OPTIMAL,OPTIMAL
SEPHS2,OPTIMAL,OPTIMAL,OPTIMAL,OPTIMAL
ZNF768,INFEASIBLE,OPTIMAL,OPTIMAL,OPTIMAL
ZNF747,OPTIMAL,INFEASIBLE,OPTIMAL,OPTIMAL
ZNF764,OPTIMAL,OPTIMAL,OPTIMAL,OPTIMAL
ZNF688,OPTIMAL,OPTIMAL,OPTIMAL,OPTIMAL
ZNF689,OPTIMAL,OPTIMAL,OPTIMAL,OPTIMAL
PRR14,OPTIMAL,OPTIMAL,OPTIMAL,OPTIMAL
FBRS,OPTIMAL,OPTIMAL,OPTIMAL,OPTIMAL
SRCAP,OPTIMAL,OPTIMAL,OPTIMAL,OPTIMAL
PHKG2,OPTIMAL,OPTIMAL,OPTIMAL,OPTIMAL
CFAP119,OPTIMAL,OPTIMAL,OPTIMAL,OPTIMAL
RNF40,INFEASIBLE,OPTIMAL,OPTIMAL,OPTIMAL
ZNF629,OPTIMAL,OPTIMAL,OPTIMAL,OPTIMAL
BCL7C,OPTIMAL,OPTIMAL,OPTIMAL,OPTIMAL
FBXL19,OPTIMAL,OPTIMAL,OPTIMAL,OPTIMAL
SETD1A,OPTIMAL,OPTIMAL,OPTIMAL,OPTIMAL
STX4,INFEASIBLE,OPTIMAL,OPTIMAL,OPTIMAL
ZNF668,OPTIMAL,OPTIMAL,OPTIMAL,OPTIMAL
VKORC1,OPTIMAL,OPTIMAL,OPTIMAL,OPTIMAL
BCKDK,OPTIMAL,OPTIMAL,OPTIMAL,OPTIMAL
KAT8,OPTIMAL,OPTIMAL,OPTIMAL,OPTIMAL
FUS,INFEASIBLE,OPTIMAL,OPTIMAL,INFEASIBLE
RUSF1,OPTIMAL,OPTIMAL,OPTIMAL,OPTIMAL
KRBOX5,OPTIMAL,OPTIMAL,OPTIMAL,OPTIMAL
ZNF267,INFEASIBLE,INFEASIBLE,OPTIMAL,INFEASIBLE
SHCBP1,OPTIMAL,OPTIMAL,OPTIMAL,OPTIMAL
VPS35,OPTIMAL,OPTIMAL,OPTIMAL,OPTIMAL
ORC6,OPTIMAL,OPTIMAL,OPTIMAL,OPTIMAL
C16orf87,OPTIMAL,OPTIMAL,OPTIMAL,OPTIMAL
GPT2,OPTIMAL,OPTIMAL,OPTIMAL,OPTIMAL
DNAJA2,INFEASIBLE,OPTIMAL,OPTIMAL,INFEASIBLE
NETO2,OPTIMAL,OPTIMAL,OPTIMAL,OPTIMAL
ITFG1,OPTIMAL,OPTIMAL,OPTIMAL,OPTIMAL
PHKB,OPTIMAL,OPTIMAL,OPTIMAL,OPTIMAL
LONP2,OPTIMAL,OPTIMAL,OPTIMAL,OPTIMAL
SIAH1,OPTIMAL,OPTIMAL,OPTIMAL,OPTIMAL
N4BP1,OPTIMAL,OPTIMAL,OPTIMAL,OPTIMAL
ZNF423,OPTIMAL,OPTIMAL,OPTIMAL,OPTIMAL
CNEP1R1,OPTIMAL,OPTIMAL,OPTIMAL,OPTIMAL
HEATR3,OPTIMAL,OPTIMAL,OPTIMAL,OPTIMAL
TENT4B,OPTIMAL,OPTIMAL,OPTIMAL,OPTIMAL
BRD7,OPTIMAL,OPTIMAL,OPTIMAL,OPTIMAL
CYLD,OPTIMAL,OPTIMAL,OPTIMAL,OPTIMAL
SALL1,OPTIMAL,OPTIMAL,OPTIMAL,OPTIMAL
HNRNPA1L3,OPTIMAL,OPTIMAL,OPTIMAL,OPTIMAL
CHD9,OPTIMAL,OPTIMAL,OPTIMAL,OPTIMAL
RBL2,OPTIMAL,OPTIMAL,OPTIMAL,OPTIMAL
AKTIP,OPTIMAL,OPTIMAL,OPTIMAL,OPTIMAL
RPGRIP1L,OPTIMAL,OPTIMAL,OPTIMAL,OPTIMAL
FTO,OPTIMAL,OPTIMAL,OPTIMAL,OPTIMAL
IRX3,OPTIMAL,OPTIMAL,OPTIMAL,OPTIMAL
IRX5,OPTIMAL,OPTIMAL,OPTIMAL,OPTIMAL
LPCAT2,OPTIMAL,OPTIMAL,OPTIMAL,OPTIMAL
AMFR,OPTIMAL,OPTIMAL,OPTIMAL,OPTIMAL
NUDT21,OPTIMAL,OPTIMAL,OPTIMAL,OPTIMAL
OGFOD1,OPTIMAL,OPTIMAL,OPTIMAL,OPTIMAL
BBS2,OPTIMAL,OPTIMAL,OPTIMAL,OPTIMAL
MT2A,OPTIMAL,OPTIMAL,OPTIMAL,OPTIMAL
MT1X,OPTIMAL,OPTIMAL,OPTIMAL,OPTIMAL
NUP93,OPTIMAL,OPTIMAL,OPTIMAL,OPTIMAL
HERPUD1,OPTIMAL,OPTIMAL,OPTIMAL,OPTIMAL
CPNE2,OPTIMAL,INFEASIBLE,OPTIMAL,OPTIMAL
PSME3IP1,OPTIMAL,OPTIMAL,OPTIMAL,OPTIMAL
RSPRY1,OPTIMAL,OPTIMAL,OPTIMAL,OPTIMAL
ARL2BP,INFEASIBLE,OPTIMAL,OPTIMAL,INFEASIBLE
PLLP,OPTIMAL,INFEASIBLE,OPTIMAL,OPTIMAL
CIAPIN1,OPTIMAL,OPTIMAL,OPTIMAL,OPTIMAL
COQ9,OPTIMAL,OPTIMAL,OPTIMAL,OPTIMAL
POLR2C,OPTIMAL,OPTIMAL,OPTIMAL,OPTIMAL
CCDC102A,OPTIMAL,INFEASIBLE,OPTIMAL,OPTIMAL
KATNB1,OPTIMAL,OPTIMAL,OPTIMAL,OPTIMAL
USB1,OPTIMAL,OPTIMAL,OPTIMAL,OPTIMAL
CFAP20,OPTIMAL,OPTIMAL,OPTIMAL,OPTIMAL
CSNK2A2,OPTIMAL,OPTIMAL,OPTIMAL,OPTIMAL
CCDC113,OPTIMAL,OPTIMAL,OPTIMAL,OPTIMAL
GINS3,OPTIMAL,OPTIMAL,OPTIMAL,OPTIMAL
SETD6,OPTIMAL,OPTIMAL,OPTIMAL,OPTIMAL
CNOT1,OPTIMAL,OPTIMAL,OPTIMAL,OPTIMAL
SLC38A7,OPTIMAL,OPTIMAL,OPTIMAL,OPTIMAL
GOT2,OPTIMAL,OPTIMAL,OPTIMAL,OPTIMAL
TK2,OPTIMAL,OPTIMAL,OPTIMAL,OPTIMAL
CKLF,OPTIMAL,OPTIMAL,OPTIMAL,OPTIMAL
CMTM3,OPTIMAL,OPTIMAL,OPTIMAL,OPTIMAL
CMTM4,OPTIMAL,OPTIMAL,OPTIMAL,OPTIMAL
DYNC1LI2,INFEASIBLE,OPTIMAL,OPTIMAL,INFEASIBLE
TERB1,OPTIMAL,OPTIMAL,OPTIMAL,INFEASIBLE
NAE1,OPTIMAL,OPTIMAL,OPTIMAL,OPTIMAL
PDP2,OPTIMAL,OPTIMAL,OPTIMAL,OPTIMAL
CIAO2B,OPTIMAL,OPTIMAL,OPTIMAL,OPTIMAL
CES2,OPTIMAL,OPTIMAL,OPTIMAL,OPTIMAL
CBFB,OPTIMAL,OPTIMAL,OPTIMAL,OPTIMAL
PHAF1,OPTIMAL,OPTIMAL,OPTIMAL,OPTIMAL
TRADD,OPTIMAL,INFEASIBLE,OPTIMAL,OPTIMAL
E2F4,OPTIMAL,OPTIMAL,OPTIMAL,OPTIMAL
TMEM208,OPTIMAL,OPTIMAL,OPTIMAL,OPTIMAL
FHOD1,OPTIMAL,OPTIMAL,OPTIMAL,OPTIMAL
ATP6V0D1,OPTIMAL,OPTIMAL,OPTIMAL,OPTIMAL
RIPOR1,OPTIMAL,OPTIMAL,OPTIMAL,OPTIMAL
CTCF,OPTIMAL,OPTIMAL,OPTIMAL,OPTIMAL
CARMIL2,OPTIMAL,OPTIMAL,OPTIMAL,OPTIMAL
ACD,OPTIMAL,OPTIMAL,OPTIMAL,OPTIMAL
GFOD2,OPTIMAL,OPTIMAL,OPTIMAL,OPTIMAL
RANBP10,OPTIMAL,INFEASIBLE,OPTIMAL,OPTIMAL
CENPT,OPTIMAL,OPTIMAL,OPTIMAL,OPTIMAL
THAP11,OPTIMAL,OPTIMAL,OPTIMAL,OPTIMAL
NUTF2,OPTIMAL,OPTIMAL,OPTIMAL,OPTIMAL
EDC4,OPTIMAL,OPTIMAL,OPTIMAL,OPTIMAL
PSKH1,OPTIMAL,OPTIMAL,OPTIMAL,OPTIMAL
PSMB10,OPTIMAL,OPTIMAL,OPTIMAL,OPTIMAL
DUS2,OPTIMAL,OPTIMAL,OPTIMAL,OPTIMAL
DDX28,OPTIMAL,OPTIMAL,OPTIMAL,OPTIMAL
NFATC3,OPTIMAL,OPTIMAL,OPTIMAL,OPTIMAL
SLC7A6,OPTIMAL,OPTIMAL,OPTIMAL,OPTIMAL
SLC7A6OS,OPTIMAL,INFEASIBLE,OPTIMAL,OPTIMAL
PRMT7,OPTIMAL,INFEASIBLE,OPTIMAL,OPTIMAL
ZFP90,OPTIMAL,OPTIMAL,OPTIMAL,OPTIMAL
TANGO6,OPTIMAL,OPTIMAL,OPTIMAL,OPTIMAL
UTP4,OPTIMAL,OPTIMAL,OPTIMAL,OPTIMAL
SNTB2,INFEASIBLE,OPTIMAL,OPTIMAL,INFEASIBLE
VPS4A,OPTIMAL,OPTIMAL,OPTIMAL,OPTIMAL
COG8,OPTIMAL,OPTIMAL,OPTIMAL,OPTIMAL
NIP7,OPTIMAL,OPTIMAL,OPTIMAL,OPTIMAL
TERF2,OPTIMAL,OPTIMAL,OPTIMAL,OPTIMAL
CYB5B,OPTIMAL,OPTIMAL,OPTIMAL,OPTIMAL
NFAT5,OPTIMAL,OPTIMAL,OPTIMAL,OPTIMAL
NOB1,OPTIMAL,OPTIMAL,OPTIMAL,OPTIMAL
WWP2,OPTIMAL,INFEASIBLE,OPTIMAL,OPTIMAL
PDPR,OPTIMAL,OPTIMAL,OPTIMAL,OPTIMAL
EXOSC6,OPTIMAL,OPTIMAL,OPTIMAL,OPTIMAL
AARS1,OPTIMAL,OPTIMAL,OPTIMAL,OPTIMAL
DDX19B,OPTIMAL,OPTIMAL,OPTIMAL,OPTIMAL
DDX19A,OPTIMAL,OPTIMAL,OPTIMAL,OPTIMAL
ST3GAL2,OPTIMAL,OPTIMAL,OPTIMAL,OPTIMAL
COG4,OPTIMAL,OPTIMAL,OPTIMAL,OPTIMAL
SF3B3,OPTIMAL,OPTIMAL,OPTIMAL,OPTIMAL
MTSS2,OPTIMAL,OPTIMAL,OPTIMAL,OPTIMAL
VAC14,OPTIMAL,OPTIMAL,OPTIMAL,OPTIMAL
ZNF23,OPTIMAL,OPTIMAL,OPTIMAL,OPTIMAL
PHLPP2,OPTIMAL,OPTIMAL,OPTIMAL,OPTIMAL
AP1G1,OPTIMAL,OPTIMAL,OPTIMAL,OPTIMAL
ATXN1L,OPTIMAL,OPTIMAL,OPTIMAL,OPTIMAL
IST1,OPTIMAL,OPTIMAL,OPTIMAL,OPTIMAL
ZNF821,OPTIMAL,INFEASIBLE,OPTIMAL,OPTIMAL
DHODH,OPTIMAL,OPTIMAL,OPTIMAL,OPTIMAL
TXNL4B,OPTIMAL,OPTIMAL,OPTIMAL,OPTIMAL
DHX38,INFEASIBLE,OPTIMAL,INFEASIBLE,INFEASIBLE
ZFHX3,OPTIMAL,INFEASIBLE,OPTIMAL,OPTIMAL
PSMD7,OPTIMAL,OPTIMAL,OPTIMAL,OPTIMAL
GLG1,OPTIMAL,OPTIMAL,OPTIMAL,OPTIMAL
RFWD3,OPTIMAL,OPTIMAL,OPTIMAL,OPTIMAL
WDR59,OPTIMAL,OPTIMAL,OPTIMAL,OPTIMAL
ZNRF1,OPTIMAL,OPTIMAL,OPTIMAL,OPTIMAL
ZFP1,OPTIMAL,OPTIMAL,OPTIMAL,OPTIMAL
BCAR1,OPTIMAL,OPTIMAL,OPTIMAL,OPTIMAL
CFDP1,OPTIMAL,OPTIMAL,OPTIMAL,OPTIMAL
TMEM170A,OPTIMAL,OPTIMAL,OPTIMAL,OPTIMAL
GABARAPL2,OPTIMAL,OPTIMAL,OPTIMAL,OPTIMAL
ADAT1,OPTIMAL,OPTIMAL,OPTIMAL,OPTIMAL
KARS1,OPTIMAL,OPTIMAL,OPTIMAL,OPTIMAL
TERF2IP,OPTIMAL,OPTIMAL,OPTIMAL,OPTIMAL
MON1B,OPTIMAL,OPTIMAL,OPTIMAL,OPTIMAL
SYCE1L,OPTIMAL,OPTIMAL,OPTIMAL,OPTIMAL
NUDT7,OPTIMAL,OPTIMAL,OPTIMAL,OPTIMAL
WWOX,OPTIMAL,OPTIMAL,OPTIMAL,OPTIMAL
MAF,OPTIMAL,OPTIMAL,OPTIMAL,OPTIMAL
CDYL2,OPTIMAL,OPTIMAL,OPTIMAL,OPTIMAL
CMC2,OPTIMAL,OPTIMAL,OPTIMAL,OPTIMAL
CENPN,OPTIMAL,OPTIMAL,OPTIMAL,OPTIMAL
ATMIN,OPTIMAL,OPTIMAL,OPTIMAL,OPTIMAL
C16orf46,OPTIMAL,OPTIMAL,OPTIMAL,OPTIMAL
GCSH,OPTIMAL,OPTIMAL,OPTIMAL,OPTIMAL
GAN,OPTIMAL,OPTIMAL,OPTIMAL,OPTIMAL
CMIP,OPTIMAL,INFEASIBLE,OPTIMAL,OPTIMAL
PLCG2,OPTIMAL,OPTIMAL,OPTIMAL,OPTIMAL
MPHOSPH6,OPTIMAL,OPTIMAL,OPTIMAL,OPTIMAL
CDH13,INFEASIBLE,OPTIMAL,OPTIMAL,INFEASIBLE
HSBP1,OPTIMAL,OPTIMAL,OPTIMAL,OPTIMAL
MLYCD,OPTIMAL,OPTIMAL,OPTIMAL,OPTIMAL
MBTPS1,INFEASIBLE,OPTIMAL,OPTIMAL,INFEASIBLE
HSDL1,OPTIMAL,OPTIMAL,OPTIMAL,OPTIMAL
TAF1C,OPTIMAL,OPTIMAL,OPTIMAL,OPTIMAL
MEAK7,OPTIMAL,OPTIMAL,OPTIMAL,OPTIMAL
COTL1,OPTIMAL,OPTIMAL,OPTIMAL,OPTIMAL
KLHL36,OPTIMAL,OPTIMAL,OPTIMAL,OPTIMAL
USP10,INFEASIBLE,OPTIMAL,OPTIMAL,OPTIMAL
ZDHHC7,OPTIMAL,OPTIMAL,OPTIMAL,OPTIMAL
KIAA0513,OPTIMAL,OPTIMAL,OPTIMAL,OPTIMAL
GSE1,OPTIMAL,OPTIMAL,OPTIMAL,OPTIMAL
GINS2,OPTIMAL,OPTIMAL,OPTIMAL,OPTIMAL
C16orf74,OPTIMAL,OPTIMAL,OPTIMAL,OPTIMAL
EMC8,OPTIMAL,OPTIMAL,OPTIMAL,OPTIMAL
COX4I1,OPTIMAL,OPTIMAL,OPTIMAL,OPTIMAL
MTHFSD,OPTIMAL,OPTIMAL,OPTIMAL,OPTIMAL
C16orf95,OPTIMAL,OPTIMAL,OPTIMAL,OPTIMAL
FBXO31,OPTIMAL,OPTIMAL,OPTIMAL,OPTIMAL
MAP1LC3B,OPTIMAL,OPTIMAL,OPTIMAL,OPTIMAL
ZCCHC14,OPTIMAL,OPTIMAL,OPTIMAL,OPTIMAL
KLHDC4,OPTIMAL,OPTIMAL,OPTIMAL,OPTIMAL
SLC7A5,OPTIMAL,OPTIMAL,OPTIMAL,OPTIMAL
BANP,OPTIMAL,OPTIMAL,OPTIMAL,OPTIMAL
ZFPM1,OPTIMAL,OPTIMAL,OPTIMAL,OPTIMAL
ZC3H18,INFEASIBLE,OPTIMAL,OPTIMAL,OPTIMAL
CYBA,OPTIMAL,OPTIMAL,OPTIMAL,OPTIMAL
MVD,OPTIMAL,OPTIMAL,OPTIMAL,OPTIMAL
RNF166,OPTIMAL,OPTIMAL,OPTIMAL,OPTIMAL
CTU2,OPTIMAL,OPTIMAL,OPTIMAL,OPTIMAL
PIEZO1,OPTIMAL,OPTIMAL,OPTIMAL,OPTIMAL
CDT1,OPTIMAL,OPTIMAL,OPTIMAL,OPTIMAL
APRT,OPTIMAL,OPTIMAL,OPTIMAL,OPTIMAL
GALNS,OPTIMAL,OPTIMAL,OPTIMAL,OPTIMAL
TRAPPC2L,OPTIMAL,OPTIMAL,OPTIMAL,OPTIMAL
ACSF3,OPTIMAL,OPTIMAL,OPTIMAL,OPTIMAL
ZNF778,OPTIMAL,OPTIMAL,OPTIMAL,OPTIMAL
ANKRD11,INFEASIBLE,OPTIMAL,OPTIMAL,INFEASIBLE
SPG7,OPTIMAL,INFEASIBLE,OPTIMAL,OPTIMAL
RPL13,OPTIMAL,OPTIMAL,OPTIMAL,OPTIMAL
CPNE7,OPTIMAL,OPTIMAL,OPTIMAL,OPTIMAL
CHMP1A,OPTIMAL,OPTIMAL,OPTIMAL,OPTIMAL
SPATA33,OPTIMAL,OPTIMAL,OPTIMAL,OPTIMAL
CDK10,OPTIMAL,OPTIMAL,OPTIMAL,OPTIMAL
SPATA2L,OPTIMAL,INFEASIBLE,OPTIMAL,OPTIMAL
VPS9D1,OPTIMAL,OPTIMAL,OPTIMAL,OPTIMAL
ZNF276,OPTIMAL,INFEASIBLE,OPTIMAL,OPTIMAL
FANCA,OPTIMAL,OPTIMAL,OPTIMAL,OPTIMAL
SPIRE2,OPTIMAL,OPTIMAL,OPTIMAL,OPTIMAL
TCF25,OPTIMAL,OPTIMAL,OPTIMAL,OPTIMAL
DEF8,OPTIMAL,OPTIMAL,OPTIMAL,OPTIMAL
DBNDD1,OPTIMAL,OPTIMAL,OPTIMAL,OPTIMAL
GAS8,OPTIMAL,OPTIMAL,OPTIMAL,OPTIMAL
RFLNB,OPTIMAL,OPTIMAL,OPTIMAL,OPTIMAL
VPS53,OPTIMAL,OPTIMAL,OPTIMAL,OPTIMAL
TLCD3A,OPTIMAL,OPTIMAL,OPTIMAL,OPTIMAL
GEMIN4,OPTIMAL,OPTIMAL,OPTIMAL,OPTIMAL
GLOD4,OPTIMAL,OPTIMAL,OPTIMAL,OPTIMAL
MRM3,OPTIMAL,OPTIMAL,OPTIMAL,OPTIMAL
NXN,OPTIMAL,INFEASIBLE,OPTIMAL,OPTIMAL
TIMM22,OPTIMAL,OPTIMAL,OPTIMAL,OPTIMAL
ABR,OPTIMAL,OPTIMAL,OPTIMAL,OPTIMAL
YWHAE,INFEASIBLE,OPTIMAL,OPTIMAL,OPTIMAL
CRK,OPTIMAL,OPTIMAL,OPTIMAL,OPTIMAL
MYO1C,OPTIMAL,OPTIMAL,OPTIMAL,OPTIMAL
INPP5K,OPTIMAL,INFEASIBLE,OPTIMAL,OPTIMAL
PITPNA,OPTIMAL,OPTIMAL,OPTIMAL,OPTIMAL
PRPF8,INFEASIBLE,OPTIMAL,OPTIMAL,OPTIMAL
TLCD2,OPTIMAL,OPTIMAL,OPTIMAL,OPTIMAL
WDR81,OPTIMAL,OPTIMAL,OPTIMAL,OPTIMAL
SERPINF1,OPTIMAL,OPTIMAL,OPTIMAL,OPTIMAL
SMYD4,OPTIMAL,OPTIMAL,OPTIMAL,OPTIMAL
RPA1,OPTIMAL,OPTIMAL,OPTIMAL,OPTIMAL
DPH1,OPTIMAL,OPTIMAL,OPTIMAL,OPTIMAL
SMG6,OPTIMAL,OPTIMAL,OPTIMAL,OPTIMAL
SRR,OPTIMAL,OPTIMAL,OPTIMAL,OPTIMAL
TSR1,INFEASIBLE,OPTIMAL,INFEASIBLE,OPTIMAL
SGSM2,OPTIMAL,OPTIMAL,OPTIMAL,OPTIMAL
MNT,OPTIMAL,OPTIMAL,OPTIMAL,OPTIMAL
METTL16,INFEASIBLE,OPTIMAL,OPTIMAL,OPTIMAL
PAFAH1B1,OPTIMAL,OPTIMAL,OPTIMAL,INFEASIBLE
CLUH,OPTIMAL,OPTIMAL,OPTIMAL,OPTIMAL
RAP1GAP2,OPTIMAL,OPTIMAL,OPTIMAL,OPTIMAL
TRPV1,OPTIMAL,OPTIMAL,OPTIMAL,OPTIMAL
SHPK,OPTIMAL,OPTIMAL,OPTIMAL,OPTIMAL
CTNS,OPTIMAL,OPTIMAL,OPTIMAL,OPTIMAL
TAX1BP3,OPTIMAL,OPTIMAL,OPTIMAL,OPTIMAL
EMC6,OPTIMAL,OPTIMAL,OPTIMAL,OPTIMAL
ITGAE,OPTIMAL,OPTIMAL,OPTIMAL,OPTIMAL
NCBP3,INFEASIBLE,OPTIMAL,OPTIMAL,OPTIMAL
CAMKK1,OPTIMAL,OPTIMAL,OPTIMAL,OPTIMAL
ZZEF1,OPTIMAL,OPTIMAL,OPTIMAL,OPTIMAL
CYB5D2,OPTIMAL,OPTIMAL,OPTIMAL,OPTIMAL
ANKFY1,OPTIMAL,OPTIMAL,OPTIMAL,OPTIMAL
UBE2G1,OPTIMAL,OPTIMAL,OPTIMAL,OPTIMAL
MYBBP1A,OPTIMAL,OPTIMAL,OPTIMAL,OPTIMAL
PELP1,OPTIMAL,OPTIMAL,OPTIMAL,OPTIMAL
ARRB2,OPTIMAL,OPTIMAL,OPTIMAL,OPTIMAL
MED11,OPTIMAL,OPTIMAL,OPTIMAL,OPTIMAL
PSMB6,OPTIMAL,OPTIMAL,OPTIMAL,OPTIMAL
MINK1,OPTIMAL,OPTIMAL,OPTIMAL,OPTIMAL
CHRNE,OPTIMAL,OPTIMAL,OPTIMAL,OPTIMAL
SLC25A11,OPTIMAL,OPTIMAL,OPTIMAL,OPTIMAL
RNF167,OPTIMAL,OPTIMAL,OPTIMAL,OPTIMAL
PFN1,OPTIMAL,OPTIMAL,OPTIMAL,OPTIMAL
SPAG7,OPTIMAL,OPTIMAL,OPTIMAL,OPTIMAL
CAMTA2,OPTIMAL,OPTIMAL,OPTIMAL,OPTIMAL
KIF1C,OPTIMAL,OPTIMAL,OPTIMAL,OPTIMAL
ZNF232,OPTIMAL,OPTIMAL,OPTIMAL,OPTIMAL
ZNF594,OPTIMAL,OPTIMAL,OPTIMAL,OPTIMAL
RABEP1,INFEASIBLE,OPTIMAL,OPTIMAL,INFEASIBLE
NUP88,OPTIMAL,OPTIMAL,OPTIMAL,OPTIMAL
RPAIN,OPTIMAL,OPTIMAL,OPTIMAL,OPTIMAL
C1QBP,OPTIMAL,OPTIMAL,OPTIMAL,OPTIMAL
DHX33,OPTIMAL,INFEASIBLE,OPTIMAL,OPTIMAL
DERL2,OPTIMAL,OPTIMAL,OPTIMAL,OPTIMAL
MIS12,OPTIMAL,OPTIMAL,OPTIMAL,OPTIMAL
WSCD1,OPTIMAL,OPTIMAL,OPTIMAL,OPTIMAL
PIMREG,OPTIMAL,OPTIMAL,OPTIMAL,OPTIMAL
KIAA0753,OPTIMAL,OPTIMAL,OPTIMAL,OPTIMAL
TXNDC17,OPTIMAL,OPTIMAL,OPTIMAL,OPTIMAL
MED31,OPTIMAL,OPTIMAL,OPTIMAL,OPTIMAL
RNASEK,OPTIMAL,OPTIMAL,OPTIMAL,OPTIMAL
C17orf49,OPTIMAL,OPTIMAL,OPTIMAL,OPTIMAL
ACADVL,OPTIMAL,OPTIMAL,OPTIMAL,OPTIMAL
DVL2,OPTIMAL,OPTIMAL,OPTIMAL,OPTIMAL
PHF23,INFEASIBLE,OPTIMAL,OPTIMAL,OPTIMAL
GABARAP,OPTIMAL,OPTIMAL,OPTIMAL,OPTIMAL
CTDNEP1,OPTIMAL,OPTIMAL,OPTIMAL,OPTIMAL
ELP5,OPTIMAL,OPTIMAL,OPTIMAL,OPTIMAL
EIF5A,OPTIMAL,OPTIMAL,OPTIMAL,OPTIMAL
GPS2,OPTIMAL,OPTIMAL,OPTIMAL,OPTIMAL
NEURL4,OPTIMAL,OPTIMAL,OPTIMAL,OPTIMAL
TMEM256,OPTIMAL,OPTIMAL,OPTIMAL,OPTIMAL
NLGN2,OPTIMAL,OPTIMAL,OPTIMAL,OPTIMAL
ZBTB4,OPTIMAL,OPTIMAL,OPTIMAL,OPTIMAL
POLR2A,OPTIMAL,OPTIMAL,OPTIMAL,OPTIMAL
SENP3,OPTIMAL,OPTIMAL,OPTIMAL,OPTIMAL
EIF4A1,OPTIMAL,OPTIMAL,OPTIMAL,OPTIMAL
MPDU1,OPTIMAL,OPTIMAL,OPTIMAL,OPTIMAL
FXR2,OPTIMAL,OPTIMAL,OPTIMAL,OPTIMAL
SAT2,OPTIMAL,OPTIMAL,OPTIMAL,OPTIMAL
ATP1B2,OPTIMAL,OPTIMAL,OPTIMAL,OPTIMAL
TP53,INFEASIBLE,OPTIMAL,OPTIMAL,OPTIMAL
WRAP53,OPTIMAL,INFEASIBLE,OPTIMAL,OPTIMAL
KDM6B,OPTIMAL,OPTIMAL,OPTIMAL,OPTIMAL
NAA38,OPTIMAL,OPTIMAL,OPTIMAL,OPTIMAL
CYB5D1,OPTIMAL,INFEASIBLE,OPTIMAL,OPTIMAL
CHD3,INFEASIBLE,OPTIMAL,OPTIMAL,INFEASIBLE
TRAPPC1,OPTIMAL,OPTIMAL,OPTIMAL,OPTIMAL
CNTROB,OPTIMAL,OPTIMAL,OPTIMAL,OPTIMAL
PER1,OPTIMAL,OPTIMAL,OPTIMAL,OPTIMAL
VAMP2,OPTIMAL,OPTIMAL,OPTIMAL,OPTIMAL
TMEM107,OPTIMAL,OPTIMAL,OPTIMAL,OPTIMAL
BORCS6,OPTIMAL,OPTIMAL,OPTIMAL,OPTIMAL
AURKB,OPTIMAL,OPTIMAL,OPTIMAL,OPTIMAL
CTC1,OPTIMAL,OPTIMAL,OPTIMAL,OPTIMAL
PFAS,OPTIMAL,OPTIMAL,OPTIMAL,OPTIMAL
RANGRF,OPTIMAL,OPTIMAL,OPTIMAL,OPTIMAL
RPL26,OPTIMAL,OPTIMAL,OPTIMAL,OPTIMAL
NDEL1,OPTIMAL,OPTIMAL,OPTIMAL,OPTIMAL
MYH10,INFEASIBLE,OPTIMAL,OPTIMAL,INFEASIBLE
NTN1,OPTIMAL,OPTIMAL,OPTIMAL,OPTIMAL
STX8,OPTIMAL,OPTIMAL,OPTIMAL,OPTIMAL
SCO1,OPTIMAL,OPTIMAL,OPTIMAL,OPTIMAL
DNAH9,INFEASIBLE,OPTIMAL,OPTIMAL,INFEASIBLE
MAP2K4,OPTIMAL,OPTIMAL,OPTIMAL,OPTIMAL
ARHGAP44,OPTIMAL,OPTIMAL,OPTIMAL,OPTIMAL
ELAC2,OPTIMAL,OPTIMAL,OPTIMAL,OPTIMAL
HS3ST3A1,OPTIMAL,OPTIMAL,OPTIMAL,OPTIMAL
COX10,OPTIMAL,INFEASIBLE,OPTIMAL,OPTIMAL
HS3ST3B1,OPTIMAL,OPTIMAL,OPTIMAL,OPTIMAL
PMP22,OPTIMAL,OPTIMAL,OPTIMAL,OPTIMAL
TVP23C,OPTIMAL,OPTIMAL,OPTIMAL,OPTIMAL
TRIM16,OPTIMAL,OPTIMAL,OPTIMAL,OPTIMAL
ZNF286A,OPTIMAL,OPTIMAL,OPTIMAL,OPTIMAL
ADORA2B,OPTIMAL,OPTIMAL,OPTIMAL,OPTIMAL
ZSWIM7,OPTIMAL,OPTIMAL,OPTIMAL,OPTIMAL
TTC19,OPTIMAL,OPTIMAL,OPTIMAL,OPTIMAL
NCOR1,INFEASIBLE,OPTIMAL,OPTIMAL,OPTIMAL
PIGL,OPTIMAL,OPTIMAL,OPTIMAL,OPTIMAL
CENPV,OPTIMAL,OPTIMAL,OPTIMAL,OPTIMAL
UBB,OPTIMAL,OPTIMAL,OPTIMAL,OPTIMAL
LRRC75A,INFEASIBLE,OPTIMAL,INFEASIBLE,OPTIMAL
MPRIP,OPTIMAL,OPTIMAL,OPTIMAL,OPTIMAL
PLD6,OPTIMAL,OPTIMAL,OPTIMAL,OPTIMAL
FLCN,OPTIMAL,OPTIMAL,OPTIMAL,OPTIMAL
COPS3,OPTIMAL,OPTIMAL,OPTIMAL,OPTIMAL
NT5M,OPTIMAL,OPTIMAL,OPTIMAL,OPTIMAL
MED9,OPTIMAL,OPTIMAL,OPTIMAL,OPTIMAL
PEMT,OPTIMAL,OPTIMAL,OPTIMAL,OPTIMAL
RAI1,OPTIMAL,OPTIMAL,OPTIMAL,OPTIMAL
SREBF1,OPTIMAL,OPTIMAL,OPTIMAL,OPTIMAL
TOM1L2,OPTIMAL,INFEASIBLE,OPTIMAL,OPTIMAL
ATPAF2,OPTIMAL,OPTIMAL,OPTIMAL,OPTIMAL
GID4,OPTIMAL,OPTIMAL,OPTIMAL,OPTIMAL
DRG2,OPTIMAL,OPTIMAL,OPTIMAL,OPTIMAL
ALKBH5,OPTIMAL,OPTIMAL,OPTIMAL,OPTIMAL
LLGL1,OPTIMAL,OPTIMAL,OPTIMAL,OPTIMAL
FLII,OPTIMAL,OPTIMAL,OPTIMAL,OPTIMAL
TOP3A,OPTIMAL,OPTIMAL,OPTIMAL,OPTIMAL
SMCR8,OPTIMAL,OPTIMAL,OPTIMAL,OPTIMAL
SHMT1,OPTIMAL,OPTIMAL,OPTIMAL,OPTIMAL
TVP23B,OPTIMAL,OPTIMAL,OPTIMAL,OPTIMAL
PRPSAP2,INFEASIBLE,OPTIMAL,OPTIMAL,OPTIMAL
EPN2,OPTIMAL,OPTIMAL,OPTIMAL,OPTIMAL
B9D1,OPTIMAL,OPTIMAL,OPTIMAL,OPTIMAL
SLC47A1,OPTIMAL,OPTIMAL,OPTIMAL,OPTIMAL
ALDH3A2,OPTIMAL,OPTIMAL,OPTIMAL,OPTIMAL
ULK2,OPTIMAL,OPTIMAL,OPTIMAL,OPTIMAL
AKAP10,OPTIMAL,OPTIMAL,OPTIMAL,OPTIMAL
SPECC1,INFEASIBLE,OPTIMAL,OPTIMAL,OPTIMAL
USP22,OPTIMAL,OPTIMAL,OPTIMAL,OPTIMAL
DHRS7B,OPTIMAL,OPTIMAL,OPTIMAL,OPTIMAL
TMEM11,OPTIMAL,OPTIMAL,OPTIMAL,OPTIMAL
MAP2K3,OPTIMAL,OPTIMAL,OPTIMAL,OPTIMAL
KCNJ12,OPTIMAL,INFEASIBLE,OPTIMAL,OPTIMAL
WSB1,OPTIMAL,OPTIMAL,OPTIMAL,OPTIMAL
KSR1,OPTIMAL,INFEASIBLE,OPTIMAL,OPTIMAL
NLK,OPTIMAL,OPTIMAL,OPTIMAL,OPTIMAL
TMEM97,OPTIMAL,OPTIMAL,OPTIMAL,OPTIMAL
IFT20,OPTIMAL,OPTIMAL,OPTIMAL,OPTIMAL
TNFAIP1,OPTIMAL,OPTIMAL,OPTIMAL,OPTIMAL
POLDIP2,OPTIMAL,OPTIMAL,OPTIMAL,OPTIMAL
TMEM199,OPTIMAL,OPTIMAL,OPTIMAL,OPTIMAL
SARM1,OPTIMAL,OPTIMAL,OPTIMAL,OPTIMAL
SLC46A1,OPTIMAL,OPTIMAL,OPTIMAL,OPTIMAL
RSKR,OPTIMAL,INFEASIBLE,OPTIMAL,OPTIMAL
UNC119,OPTIMAL,OPTIMAL,OPTIMAL,OPTIMAL
PIGS,OPTIMAL,OPTIMAL,OPTIMAL,OPTIMAL
SPAG5,INFEASIBLE,OPTIMAL,OPTIMAL,OPTIMAL
BLTP2,OPTIMAL,OPTIMAL,OPTIMAL,OPTIMAL
SDF2,OPTIMAL,OPTIMAL,OPTIMAL,OPTIMAL
SUPT6H,INFEASIBLE,OPTIMAL,OPTIMAL,INFEASIBLE
RAB34,OPTIMAL,OPTIMAL,OPTIMAL,OPTIMAL
RPL23A,OPTIMAL,OPTIMAL,OPTIMAL,OPTIMAL
TLCD1,OPTIMAL,OPTIMAL,OPTIMAL,OPTIMAL
NEK8,OPTIMAL,OPTIMAL,OPTIMAL,OPTIMAL
TRAF4,OPTIMAL,OPTIMAL,OPTIMAL,OPTIMAL
FAM222B,OPTIMAL,INFEASIBLE,OPTIMAL,OPTIMAL
ERAL1,OPTIMAL,OPTIMAL,OPTIMAL,OPTIMAL
FLOT2,OPTIMAL,INFEASIBLE,OPTIMAL,OPTIMAL
DHRS13,OPTIMAL,OPTIMAL,OPTIMAL,OPTIMAL
PHF12,OPTIMAL,OPTIMAL,OPTIMAL,OPTIMAL
MYO18A,OPTIMAL,OPTIMAL,OPTIMAL,OPTIMAL
NUFIP2,INFEASIBLE,OPTIMAL,OPTIMAL,OPTIMAL
TAOK1,INFEASIBLE,OPTIMAL,OPTIMAL,INFEASIBLE
TP53I13,OPTIMAL,OPTIMAL,OPTIMAL,OPTIMAL
GIT1,OPTIMAL,OPTIMAL,OPTIMAL,OPTIMAL
ANKRD13B,OPTIMAL,OPTIMAL,OPTIMAL,OPTIMAL
SSH2,OPTIMAL,OPTIMAL,OPTIMAL,OPTIMAL
NSRP1,OPTIMAL,OPTIMAL,OPTIMAL,OPTIMAL
BLMH,OPTIMAL,OPTIMAL,OPTIMAL,OPTIMAL
CPD,OPTIMAL,OPTIMAL,OPTIMAL,OPTIMAL
GOSR1,OPTIMAL,OPTIMAL,OPTIMAL,OPTIMAL
CRLF3,OPTIMAL,OPTIMAL,OPTIMAL,OPTIMAL
ATAD5,OPTIMAL,OPTIMAL,OPTIMAL,OPTIMAL
TEFM,OPTIMAL,OPTIMAL,OPTIMAL,OPTIMAL
ADAP2,OPTIMAL,OPTIMAL,OPTIMAL,OPTIMAL
RNF135,OPTIMAL,OPTIMAL,OPTIMAL,OPTIMAL
NF1,OPTIMAL,OPTIMAL,OPTIMAL,OPTIMAL
OMG,OPTIMAL,OPTIMAL,OPTIMAL,OPTIMAL
RAB11FIP4,OPTIMAL,OPTIMAL,OPTIMAL,OPTIMAL
COPRS,OPTIMAL,OPTIMAL,OPTIMAL,OPTIMAL
UTP6,INFEASIBLE,OPTIMAL,OPTIMAL,OPTIMAL
SUZ12,INFEASIBLE,OPTIMAL,OPTIMAL,INFEASIBLE
LRRC37B,OPTIMAL,OPTIMAL,OPTIMAL,OPTIMAL
RHOT1,OPTIMAL,OPTIMAL,OPTIMAL,OPTIMAL
RHBDL3,OPTIMAL,OPTIMAL,OPTIMAL,OPTIMAL
C17orf75,OPTIMAL,OPTIMAL,OPTIMAL,OPTIMAL
ZNF207,OPTIMAL,OPTIMAL,OPTIMAL,OPTIMAL
PSMD11,OPTIMAL,OPTIMAL,OPTIMAL,OPTIMAL
MYO1D,OPTIMAL,OPTIMAL,OPTIMAL,OPTIMAL
TMEM98,OPTIMAL,OPTIMAL,OPTIMAL,OPTIMAL
ZNF830,OPTIMAL,OPTIMAL,OPTIMAL,OPTIMAL
LIG3,OPTIMAL,OPTIMAL,OPTIMAL,OPTIMAL
RFFL,OPTIMAL,INFEASIBLE,OPTIMAL,OPTIMAL
RAD51D,OPTIMAL,OPTIMAL,OPTIMAL,OPTIMAL
NLE1,OPTIMAL,OPTIMAL,OPTIMAL,OPTIMAL
AP2B1,OPTIMAL,OPTIMAL,OPTIMAL,OPTIMAL
RASL10B,OPTIMAL,OPTIMAL,OPTIMAL,OPTIMAL
TAF15,INFEASIBLE,OPTIMAL,INFEASIBLE,INFEASIBLE
RDM1,OPTIMAL,OPTIMAL,OPTIMAL,OPTIMAL
ZNHIT3,OPTIMAL,OPTIMAL,OPTIMAL,OPTIMAL
MYO19,OPTIMAL,INFEASIBLE,OPTIMAL,OPTIMAL
PIGW,OPTIMAL,OPTIMAL,OPTIMAL,OPTIMAL
GGNBP2,OPTIMAL,OPTIMAL,OPTIMAL,OPTIMAL
DHRS11,OPTIMAL,OPTIMAL,OPTIMAL,OPTIMAL
MRM1,INFEASIBLE,OPTIMAL,OPTIMAL,OPTIMAL
LHX1,OPTIMAL,OPTIMAL,OPTIMAL,OPTIMAL
AATF,INFEASIBLE,OPTIMAL,INFEASIBLE,INFEASIBLE
ACACA,OPTIMAL,OPTIMAL,OPTIMAL,OPTIMAL
TADA2A,OPTIMAL,OPTIMAL,OPTIMAL,OPTIMAL
DUSP14,OPTIMAL,OPTIMAL,OPTIMAL,OPTIMAL
SYNRG,OPTIMAL,OPTIMAL,OPTIMAL,OPTIMAL
DDX52,OPTIMAL,OPTIMAL,OPTIMAL,OPTIMAL
MRPL45,OPTIMAL,OPTIMAL,OPTIMAL,OPTIMAL
SOCS7,OPTIMAL,OPTIMAL,OPTIMAL,OPTIMAL
MLLT6,OPTIMAL,OPTIMAL,OPTIMAL,OPTIMAL
CISD3,OPTIMAL,OPTIMAL,OPTIMAL,OPTIMAL
PCGF2,OPTIMAL,OPTIMAL,OPTIMAL,OPTIMAL
PSMB3,OPTIMAL,OPTIMAL,OPTIMAL,OPTIMAL
PIP4K2B,OPTIMAL,OPTIMAL,OPTIMAL,OPTIMAL
CWC25,OPTIMAL,OPTIMAL,OPTIMAL,OPTIMAL
RPL23,INFEASIBLE,OPTIMAL,OPTIMAL,OPTIMAL
LASP1,OPTIMAL,OPTIMAL,OPTIMAL,OPTIMAL
RPL19,OPTIMAL,OPTIMAL,OPTIMAL,OPTIMAL
FBXL20,OPTIMAL,OPTIMAL,INFEASIBLE,OPTIMAL
MED1,OPTIMAL,OPTIMAL,OPTIMAL,OPTIMAL
CDK12,INFEASIBLE,OPTIMAL,OPTIMAL,INFEASIBLE
STARD3,OPTIMAL,OPTIMAL,OPTIMAL,OPTIMAL
ERBB2,OPTIMAL,OPTIMAL,OPTIMAL,OPTIMAL
MIEN1,OPTIMAL,OPTIMAL,OPTIMAL,OPTIMAL
IKZF3,OPTIMAL,OPTIMAL,OPTIMAL,OPTIMAL
ORMDL3,OPTIMAL,OPTIMAL,OPTIMAL,OPTIMAL
PSMD3,OPTIMAL,OPTIMAL,OPTIMAL,OPTIMAL
MED24,OPTIMAL,OPTIMAL,OPTIMAL,OPTIMAL
THRA,OPTIMAL,OPTIMAL,OPTIMAL,OPTIMAL
MSL1,OPTIMAL,OPTIMAL,OPTIMAL,OPTIMAL
CASC3,INFEASIBLE,OPTIMAL,OPTIMAL,INFEASIBLE
WIPF2,OPTIMAL,OPTIMAL,OPTIMAL,OPTIMAL
CDC6,OPTIMAL,OPTIMAL,OPTIMAL,OPTIMAL
RARA,OPTIMAL,OPTIMAL,OPTIMAL,OPTIMAL
TOP2A,INFEASIBLE,OPTIMAL,OPTIMAL,INFEASIBLE
SMARCE1,INFEASIBLE,OPTIMAL,OPTIMAL,OPTIMAL
KRT10,OPTIMAL,OPTIMAL,OPTIMAL,OPTIMAL
EIF1,OPTIMAL,OPTIMAL,OPTIMAL,OPTIMAL
JUP,INFEASIBLE,OPTIMAL,OPTIMAL,INFEASIBLE
P3H4,INFEASIBLE,OPTIMAL,OPTIMAL,OPTIMAL
FKBP10,OPTIMAL,OPTIMAL,OPTIMAL,OPTIMAL
NT5C3B,OPTIMAL,OPTIMAL,OPTIMAL,OPTIMAL
KLHL11,OPTIMAL,OPTIMAL,OPTIMAL,OPTIMAL
ACLY,OPTIMAL,OPTIMAL,OPTIMAL,OPTIMAL
CNP,OPTIMAL,OPTIMAL,OPTIMAL,OPTIMAL
DNAJC7,INFEASIBLE,OPTIMAL,OPTIMAL,OPTIMAL
NKIRAS2,OPTIMAL,OPTIMAL,OPTIMAL,OPTIMAL
KAT2A,OPTIMAL,OPTIMAL,OPTIMAL,OPTIMAL
RAB5C,OPTIMAL,OPTIMAL,OPTIMAL,OPTIMAL
STAT5B,OPTIMAL,OPTIMAL,OPTIMAL,OPTIMAL
STAT3,OPTIMAL,OPTIMAL,OPTIMAL,OPTIMAL
ATP6V0A1,OPTIMAL,OPTIMAL,OPTIMAL,OPTIMAL
NAGLU,OPTIMAL,OPTIMAL,OPTIMAL,OPTIMAL
COASY,OPTIMAL,OPTIMAL,OPTIMAL,OPTIMAL
MLX,OPTIMAL,OPTIMAL,OPTIMAL,OPTIMAL
PSMC3IP,OPTIMAL,OPTIMAL,OPTIMAL,OPTIMAL
RETREG3,OPTIMAL,OPTIMAL,OPTIMAL,OPTIMAL
TUBG1,OPTIMAL,OPTIMAL,OPTIMAL,OPTIMAL
PLEKHH3,OPTIMAL,OPTIMAL,OPTIMAL,OPTIMAL
EZH1,OPTIMAL,OPTIMAL,OPTIMAL,OPTIMAL
RAMP2,OPTIMAL,OPTIMAL,OPTIMAL,OPTIMAL
VPS25,OPTIMAL,OPTIMAL,OPTIMAL,OPTIMAL
COA3,OPTIMAL,OPTIMAL,OPTIMAL,OPTIMAL
BECN1,OPTIMAL,OPTIMAL,OPTIMAL,OPTIMAL
PSME3,INFEASIBLE,OPTIMAL,OPTIMAL,OPTIMAL
AARSD1,OPTIMAL,OPTIMAL,OPTIMAL,OPTIMAL
RUNDC1,OPTIMAL,OPTIMAL,OPTIMAL,OPTIMAL
RPL27,OPTIMAL,OPTIMAL,OPTIMAL,OPTIMAL
VAT1,OPTIMAL,OPTIMAL,OPTIMAL,OPTIMAL
RND2,OPTIMAL,OPTIMAL,OPTIMAL,OPTIMAL
BRCA1,OPTIMAL,OPTIMAL,OPTIMAL,OPTIMAL
NBR1,OPTIMAL,OPTIMAL,OPTIMAL,OPTIMAL
CCDC200,OPTIMAL,OPTIMAL,OPTIMAL,OPTIMAL
ARL4D,OPTIMAL,OPTIMAL,OPTIMAL,OPTIMAL
DHX8,OPTIMAL,OPTIMAL,OPTIMAL,OPTIMAL
DUSP3,OPTIMAL,OPTIMAL,OPTIMAL,OPTIMAL
MPP3,OPTIMAL,INFEASIBLE,OPTIMAL,OPTIMAL
MPP2,OPTIMAL,OPTIMAL,OPTIMAL,OPTIMAL
TMEM101,OPTIMAL,OPTIMAL,OPTIMAL,OPTIMAL
LSM12,OPTIMAL,OPTIMAL,OPTIMAL,OPTIMAL
G6PC3,OPTIMAL,OPTIMAL,OPTIMAL,OPTIMAL
HDAC5,OPTIMAL,OPTIMAL,OPTIMAL,OPTIMAL
HROB,OPTIMAL,OPTIMAL,OPTIMAL,OPTIMAL
TMUB2,OPTIMAL,OPTIMAL,OPTIMAL,OPTIMAL
ATXN7L3,OPTIMAL,OPTIMAL,OPTIMAL,OPTIMAL
UBTF,INFEASIBLE,OPTIMAL,OPTIMAL,INFEASIBLE
SLC25A39,OPTIMAL,OPTIMAL,OPTIMAL,OPTIMAL
GRN,OPTIMAL,OPTIMAL,OPTIMAL,OPTIMAL
GPATCH8,INFEASIBLE,OPTIMAL,OPTIMAL,INFEASIBLE
MEIOC,OPTIMAL,OPTIMAL,OPTIMAL,OPTIMAL
CCDC43,OPTIMAL,OPTIMAL,OPTIMAL,OPTIMAL
DBF4B,OPTIMAL,OPTIMAL,OPTIMAL,OPTIMAL
ADAM11,OPTIMAL,INFEASIBLE,OPTIMAL,OPTIMAL
GJC1,OPTIMAL,INFEASIBLE,OPTIMAL,OPTIMAL
EFTUD2,OPTIMAL,OPTIMAL,OPTIMAL,OPTIMAL
KIF18B,OPTIMAL,OPTIMAL,OPTIMAL,OPTIMAL
NMT1,OPTIMAL,OPTIMAL,OPTIMAL,OPTIMAL
DCAKD,OPTIMAL,INFEASIBLE,OPTIMAL,OPTIMAL
PLCD3,OPTIMAL,OPTIMAL,OPTIMAL,OPTIMAL
HEXIM1,OPTIMAL,OPTIMAL,OPTIMAL,OPTIMAL
MAP3K14,OPTIMAL,OPTIMAL,OPTIMAL,OPTIMAL
PLEKHM1,OPTIMAL,OPTIMAL,OPTIMAL,OPTIMAL
MAPT,OPTIMAL,OPTIMAL,OPTIMAL,OPTIMAL
KANSL1,OPTIMAL,OPTIMAL,OPTIMAL,OPTIMAL
ARL17B,OPTIMAL,OPTIMAL,OPTIMAL,OPTIMAL
ARL17A,OPTIMAL,OPTIMAL,OPTIMAL,OPTIMAL
LRRC37A2,OPTIMAL,OPTIMAL,OPTIMAL,OPTIMAL
NSF,OPTIMAL,OPTIMAL,OPTIMAL,OPTIMAL
GOSR2,OPTIMAL,OPTIMAL,OPTIMAL,OPTIMAL
RPRML,OPTIMAL,OPTIMAL,OPTIMAL,OPTIMAL
CDC27,INFEASIBLE,OPTIMAL,OPTIMAL,OPTIMAL
NPEPPS,OPTIMAL,OPTIMAL,OPTIMAL,OPTIMAL
KPNB1,OPTIMAL,OPTIMAL,OPTIMAL,OPTIMAL
TBKBP1,OPTIMAL,OPTIMAL,OPTIMAL,OPTIMAL
MRPL10,OPTIMAL,OPTIMAL,OPTIMAL,OPTIMAL
SCRN2,OPTIMAL,OPTIMAL,OPTIMAL,OPTIMAL
SP2,OPTIMAL,OPTIMAL,OPTIMAL,OPTIMAL
PNPO,OPTIMAL,OPTIMAL,OPTIMAL,OPTIMAL
CDK5RAP3,OPTIMAL,OPTIMAL,OPTIMAL,OPTIMAL
NFE2L1,INFEASIBLE,OPTIMAL,OPTIMAL,OPTIMAL
CBX1,OPTIMAL,OPTIMAL,OPTIMAL,OPTIMAL
SNX11,OPTIMAL,OPTIMAL,OPTIMAL,OPTIMAL
HOXB2,OPTIMAL,OPTIMAL,OPTIMAL,OPTIMAL
HOXB3,OPTIMAL,OPTIMAL,OPTIMAL,OPTIMAL
HOXB6,OPTIMAL,OPTIMAL,OPTIMAL,OPTIMAL
HOXB7,OPTIMAL,OPTIMAL,OPTIMAL,OPTIMAL
HOXB8,OPTIMAL,OPTIMAL,OPTIMAL,OPTIMAL
HOXB9,OPTIMAL,OPTIMAL,OPTIMAL,OPTIMAL
CALCOCO2,INFEASIBLE,OPTIMAL,OPTIMAL,OPTIMAL
ATP5MC1,OPTIMAL,OPTIMAL,OPTIMAL,OPTIMAL
UBE2Z,OPTIMAL,OPTIMAL,OPTIMAL,OPTIMAL
SNF8,OPTIMAL,OPTIMAL,OPTIMAL,OPTIMAL
IGF2BP1,OPTIMAL,OPTIMAL,OPTIMAL,OPTIMAL
ZNF652,OPTIMAL,OPTIMAL,OPTIMAL,OPTIMAL
PHB1,OPTIMAL,OPTIMAL,OPTIMAL,OPTIMAL
SPOP,INFEASIBLE,OPTIMAL,OPTIMAL,INFEASIBLE
SLC35B1,OPTIMAL,OPTIMAL,OPTIMAL,OPTIMAL
FAM117A,OPTIMAL,OPTIMAL,OPTIMAL,OPTIMAL
KAT7,OPTIMAL,OPTIMAL,OPTIMAL,OPTIMAL
PDK2,OPTIMAL,OPTIMAL,OPTIMAL,OPTIMAL
PPP1R9B,INFEASIBLE,OPTIMAL,OPTIMAL,OPTIMAL
XYLT2,OPTIMAL,OPTIMAL,OPTIMAL,OPTIMAL
MRPL27,OPTIMAL,OPTIMAL,OPTIMAL,OPTIMAL
EME1,OPTIMAL,INFEASIBLE,OPTIMAL,OPTIMAL
LRRC59,INFEASIBLE,OPTIMAL,OPTIMAL,OPTIMAL
RSAD1,OPTIMAL,OPTIMAL,OPTIMAL,OPTIMAL
ANKRD40,OPTIMAL,INFEASIBLE,OPTIMAL,OPTIMAL
LUC7L3,INFEASIBLE,OPTIMAL,OPTIMAL,INFEASIBLE
TOB1,OPTIMAL,OPTIMAL,OPTIMAL,OPTIMAL
SPAG9,OPTIMAL,OPTIMAL,OPTIMAL,OPTIMAL
NME1,OPTIMAL,OPTIMAL,OPTIMAL,OPTIMAL
NME2,OPTIMAL,OPTIMAL,OPTIMAL,OPTIMAL
MBTD1,OPTIMAL,OPTIMAL,OPTIMAL,OPTIMAL
UTP18,OPTIMAL,OPTIMAL,OPTIMAL,OPTIMAL
TOM1L1,OPTIMAL,OPTIMAL,OPTIMAL,OPTIMAL
COX11,OPTIMAL,OPTIMAL,OPTIMAL,OPTIMAL
STXBP4,OPTIMAL,OPTIMAL,OPTIMAL,OPTIMAL
MMD,OPTIMAL,OPTIMAL,OPTIMAL,OPTIMAL
PCTP,OPTIMAL,OPTIMAL,OPTIMAL,OPTIMAL
NOG,OPTIMAL,OPTIMAL,OPTIMAL,INFEASIBLE
C17orf67,OPTIMAL,OPTIMAL,OPTIMAL,OPTIMAL
DGKE,OPTIMAL,OPTIMAL,OPTIMAL,OPTIMAL
TRIM25,OPTIMAL,OPTIMAL,OPTIMAL,OPTIMAL
COIL,INFEASIBLE,OPTIMAL,OPTIMAL,OPTIMAL
SCPEP1,OPTIMAL,OPTIMAL,OPTIMAL,OPTIMAL
AKAP1,OPTIMAL,OPTIMAL,OPTIMAL,OPTIMAL
MSI2,INFEASIBLE,OPTIMAL,OPTIMAL,OPTIMAL
MRPS23,OPTIMAL,OPTIMAL,OPTIMAL,OPTIMAL
CUEDC1,OPTIMAL,INFEASIBLE,OPTIMAL,OPTIMAL
VEZF1,OPTIMAL,OPTIMAL,OPTIMAL,OPTIMAL
SRSF1,INFEASIBLE,OPTIMAL,OPTIMAL,OPTIMAL
DYNLL2,OPTIMAL,OPTIMAL,OPTIMAL,OPTIMAL
MKS1,OPTIMAL,OPTIMAL,OPTIMAL,OPTIMAL
SUPT4H1,OPTIMAL,OPTIMAL,OPTIMAL,OPTIMAL
RNF43,OPTIMAL,OPTIMAL,OPTIMAL,OPTIMAL
MTMR4,OPTIMAL,OPTIMAL,OPTIMAL,OPTIMAL
TEX14,OPTIMAL,OPTIMAL,OPTIMAL,OPTIMAL
RAD51C,OPTIMAL,OPTIMAL,OPTIMAL,OPTIMAL
PPM1E,OPTIMAL,OPTIMAL,OPTIMAL,OPTIMAL
TRIM37,OPTIMAL,OPTIMAL,OPTIMAL,OPTIMAL
SKA2,OPTIMAL,OPTIMAL,OPTIMAL,OPTIMAL
PRR11,OPTIMAL,OPTIMAL,OPTIMAL,OPTIMAL
SMG8,OPTIMAL,INFEASIBLE,OPTIMAL,OPTIMAL
GDPD1,INFEASIBLE,OPTIMAL,OPTIMAL,OPTIMAL
DHX40,OPTIMAL,OPTIMAL,OPTIMAL,OPTIMAL
CLTC,OPTIMAL,OPTIMAL,OPTIMAL,OPTIMAL
PTRH2,OPTIMAL,OPTIMAL,OPTIMAL,OPTIMAL
VMP1,OPTIMAL,OPTIMAL,OPTIMAL,OPTIMAL
TUBD1,OPTIMAL,OPTIMAL,OPTIMAL,OPTIMAL
RPS6KB1,OPTIMAL,INFEASIBLE,OPTIMAL,OPTIMAL
RNFT1,OPTIMAL,OPTIMAL,OPTIMAL,OPTIMAL
HEATR6,OPTIMAL,OPTIMAL,OPTIMAL,OPTIMAL
USP32,OPTIMAL,OPTIMAL,OPTIMAL,OPTIMAL
APPBP2,OPTIMAL,OPTIMAL,OPTIMAL,OPTIMAL
PPM1D,OPTIMAL,OPTIMAL,OPTIMAL,OPTIMAL
BCAS3,OPTIMAL,OPTIMAL,OPTIMAL,OPTIMAL
TBX2,OPTIMAL,INFEASIBLE,OPTIMAL,OPTIMAL
BRIP1,OPTIMAL,OPTIMAL,OPTIMAL,OPTIMAL
INTS2,OPTIMAL,OPTIMAL,OPTIMAL,OPTIMAL
MED13,OPTIMAL,OPTIMAL,OPTIMAL,OPTIMAL
METTL2A,OPTIMAL,OPTIMAL,OPTIMAL,OPTIMAL
TLK2,INFEASIBLE,OPTIMAL,OPTIMAL,OPTIMAL
MRC2,OPTIMAL,OPTIMAL,OPTIMAL,OPTIMAL
TANC2,OPTIMAL,OPTIMAL,OPTIMAL,OPTIMAL
DCAF7,INFEASIBLE,OPTIMAL,OPTIMAL,OPTIMAL
TACO1,OPTIMAL,OPTIMAL,OPTIMAL,OPTIMAL
MAP3K3,OPTIMAL,OPTIMAL,OPTIMAL,OPTIMAL
STRADA,OPTIMAL,OPTIMAL,OPTIMAL,OPTIMAL
LIMD2,OPTIMAL,INFEASIBLE,OPTIMAL,OPTIMAL
CCDC47,INFEASIBLE,OPTIMAL,OPTIMAL,INFEASIBLE
DDX42,INFEASIBLE,OPTIMAL,OPTIMAL,INFEASIBLE
FTSJ3,INFEASIBLE,OPTIMAL,OPTIMAL,INFEASIBLE
PSMC5,OPTIMAL,OPTIMAL,OPTIMAL,OPTIMAL
SMARCD2,OPTIMAL,OPTIMAL,OPTIMAL,OPTIMAL
ERN1,OPTIMAL,INFEASIBLE,OPTIMAL,OPTIMAL
TEX2,OPTIMAL,OPTIMAL,OPTIMAL,OPTIMAL
POLG2,OPTIMAL,OPTIMAL,OPTIMAL,OPTIMAL
DDX5,INFEASIBLE,OPTIMAL,INFEASIBLE,INFEASIBLE
CEP95,OPTIMAL,OPTIMAL,OPTIMAL,OPTIMAL
SMURF2,OPTIMAL,OPTIMAL,OPTIMAL,OPTIMAL
LRRC37A3,OPTIMAL,OPTIMAL,OPTIMAL,OPTIMAL
GNA13,OPTIMAL,OPTIMAL,OPTIMAL,OPTIMAL
RGS9,OPTIMAL,OPTIMAL,OPTIMAL,OPTIMAL
CEP112,OPTIMAL,OPTIMAL,OPTIMAL,OPTIMAL
PRKCA,OPTIMAL,OPTIMAL,OPTIMAL,OPTIMAL
HELZ,OPTIMAL,OPTIMAL,OPTIMAL,OPTIMAL
PSMD12,INFEASIBLE,OPTIMAL,OPTIMAL,OPTIMAL
PITPNC1,OPTIMAL,OPTIMAL,OPTIMAL,OPTIMAL
NOL11,OPTIMAL,OPTIMAL,OPTIMAL,OPTIMAL
BPTF,INFEASIBLE,OPTIMAL,OPTIMAL,INFEASIBLE
C17orf58,OPTIMAL,OPTIMAL,OPTIMAL,OPTIMAL
KPNA2,INFEASIBLE,OPTIMAL,OPTIMAL,OPTIMAL
AMZ2,OPTIMAL,OPTIMAL,OPTIMAL,OPTIMAL
ARSG,OPTIMAL,OPTIMAL,OPTIMAL,OPTIMAL
PRKAR1A,OPTIMAL,OPTIMAL,OPTIMAL,OPTIMAL
ABCA5,OPTIMAL,OPTIMAL,OPTIMAL,OPTIMAL
MAP2K6,OPTIMAL,OPTIMAL,OPTIMAL,OPTIMAL
SLC39A11,OPTIMAL,OPTIMAL,OPTIMAL,OPTIMAL
SSTR2,OPTIMAL,OPTIMAL,OPTIMAL,OPTIMAL
COG1,OPTIMAL,OPTIMAL,OPTIMAL,OPTIMAL
FAM104A,OPTIMAL,OPTIMAL,OPTIMAL,OPTIMAL
C17orf80,INFEASIBLE,OPTIMAL,OPTIMAL,OPTIMAL
CDC42EP4,OPTIMAL,OPTIMAL,OPTIMAL,OPTIMAL
SDK2,INFEASIBLE,OPTIMAL,OPTIMAL,OPTIMAL
RPL38,OPTIMAL,OPTIMAL,OPTIMAL,OPTIMAL
NHERF1,OPTIMAL,OPTIMAL,OPTIMAL,OPTIMAL
NAT9,OPTIMAL,OPTIMAL,OPTIMAL,OPTIMAL
TMEM104,OPTIMAL,OPTIMAL,OPTIMAL,OPTIMAL
CDR2L,OPTIMAL,OPTIMAL,OPTIMAL,OPTIMAL
MRPL58,OPTIMAL,OPTIMAL,OPTIMAL,OPTIMAL
KCTD2,OPTIMAL,OPTIMAL,OPTIMAL,OPTIMAL
ATP5PD,OPTIMAL,OPTIMAL,OPTIMAL,OPTIMAL
ARMC7,OPTIMAL,OPTIMAL,OPTIMAL,OPTIMAL
NT5C,OPTIMAL,OPTIMAL,OPTIMAL,OPTIMAL
JPT1,INFEASIBLE,OPTIMAL,OPTIMAL,OPTIMAL
SUMO2,OPTIMAL,OPTIMAL,OPTIMAL,OPTIMAL
NUP85,OPTIMAL,OPTIMAL,OPTIMAL,OPTIMAL
GGA3,OPTIMAL,OPTIMAL,OPTIMAL,OPTIMAL
MRPS7,OPTIMAL,OPTIMAL,OPTIMAL,OPTIMAL
MIF4GD,OPTIMAL,INFEASIBLE,OPTIMAL,OPTIMAL
SLC25A19,OPTIMAL,OPTIMAL,OPTIMAL,OPTIMAL
GRB2,INFEASIBLE,OPTIMAL,INFEASIBLE,INFEASIBLE
TMEM94,OPTIMAL,OPTIMAL,OPTIMAL,OPTIMAL
TSEN54,OPTIMAL,OPTIMAL,OPTIMAL,OPTIMAL
LLGL2,OPTIMAL,OPTIMAL,OPTIMAL,OPTIMAL
RECQL5,OPTIMAL,OPTIMAL,OPTIMAL,OPTIMAL
SAP30BP,OPTIMAL,OPTIMAL,OPTIMAL,OPTIMAL
GALK1,OPTIMAL,OPTIMAL,OPTIMAL,OPTIMAL
UNK,OPTIMAL,OPTIMAL,OPTIMAL,OPTIMAL
WBP2,OPTIMAL,OPTIMAL,OPTIMAL,OPTIMAL
TRIM65,OPTIMAL,OPTIMAL,OPTIMAL,OPTIMAL
MRPL38,OPTIMAL,INFEASIBLE,OPTIMAL,OPTIMAL
FBF1,OPTIMAL,OPTIMAL,OPTIMAL,OPTIMAL
ACOX1,OPTIMAL,OPTIMAL,OPTIMAL,OPTIMAL
TEN1,OPTIMAL,OPTIMAL,OPTIMAL,OPTIMAL
SRP68,INFEASIBLE,OPTIMAL,OPTIMAL,OPTIMAL
EXOC7,OPTIMAL,OPTIMAL,OPTIMAL,OPTIMAL
RNF157,OPTIMAL,OPTIMAL,OPTIMAL,OPTIMAL
UBALD2,OPTIMAL,OPTIMAL,OPTIMAL,OPTIMAL
QRICH2,OPTIMAL,INFEASIBLE,OPTIMAL,OPTIMAL
PRPSAP1,OPTIMAL,OPTIMAL,OPTIMAL,OPTIMAL
SPHK1,OPTIMAL,OPTIMAL,OPTIMAL,OPTIMAL
UBE2O,INFEASIBLE,OPTIMAL,OPTIMAL,OPTIMAL
RHBDF2,OPTIMAL,OPTIMAL,OPTIMAL,OPTIMAL
ENSG00000284526,OPTIMAL,OPTIMAL,OPTIMAL,OPTIMAL
MXRA7,OPTIMAL,OPTIMAL,OPTIMAL,OPTIMAL
JMJD6,OPTIMAL,OPTIMAL,OPTIMAL,OPTIMAL
METTL23,OPTIMAL,OPTIMAL,OPTIMAL,OPTIMAL
SRSF2,OPTIMAL,OPTIMAL,OPTIMAL,OPTIMAL
MFSD11,OPTIMAL,OPTIMAL,OPTIMAL,OPTIMAL
SEC14L1,OPTIMAL,OPTIMAL,OPTIMAL,OPTIMAL
SEPTIN9,OPTIMAL,OPTIMAL,OPTIMAL,OPTIMAL
TNRC6C,INFEASIBLE,OPTIMAL,OPTIMAL,OPTIMAL
SYNGR2,OPTIMAL,OPTIMAL,OPTIMAL,OPTIMAL
TK1,OPTIMAL,OPTIMAL,OPTIMAL,OPTIMAL
AFMID,OPTIMAL,OPTIMAL,OPTIMAL,OPTIMAL
BIRC5,INFEASIBLE,OPTIMAL,OPTIMAL,OPTIMAL
PGS1,OPTIMAL,OPTIMAL,OPTIMAL,OPTIMAL
CYTH1,OPTIMAL,OPTIMAL,OPTIMAL,OPTIMAL
USP36,OPTIMAL,OPTIMAL,OPTIMAL,OPTIMAL
TIMP2,OPTIMAL,OPTIMAL,OPTIMAL,OPTIMAL
CANT1,OPTIMAL,OPTIMAL,OPTIMAL,OPTIMAL
ENGASE,OPTIMAL,OPTIMAL,OPTIMAL,OPTIMAL
CBX2,OPTIMAL,OPTIMAL,OPTIMAL,OPTIMAL
CBX8,OPTIMAL,OPTIMAL,OPTIMAL,OPTIMAL
CBX4,OPTIMAL,OPTIMAL,OPTIMAL,OPTIMAL
TBC1D16,OPTIMAL,OPTIMAL,OPTIMAL,OPTIMAL
GAA,OPTIMAL,OPTIMAL,OPTIMAL,OPTIMAL
EIF4A3,OPTIMAL,OPTIMAL,OPTIMAL,OPTIMAL
SLC26A11,OPTIMAL,OPTIMAL,OPTIMAL,OPTIMAL
RNF213,OPTIMAL,OPTIMAL,OPTIMAL,OPTIMAL
ENDOV,OPTIMAL,OPTIMAL,OPTIMAL,OPTIMAL
NPTX1,OPTIMAL,OPTIMAL,OPTIMAL,OPTIMAL
RPTOR,OPTIMAL,OPTIMAL,OPTIMAL,OPTIMAL
CHMP6,OPTIMAL,INFEASIBLE,OPTIMAL,OPTIMAL
BAIAP2,OPTIMAL,OPTIMAL,OPTIMAL,OPTIMAL
CEP131,OPTIMAL,OPTIMAL,OPTIMAL,OPTIMAL
NDUFAF8,OPTIMAL,OPTIMAL,OPTIMAL,OPTIMAL
SLC38A10,OPTIMAL,OPTIMAL,OPTIMAL,OPTIMAL
BAHCC1,OPTIMAL,OPTIMAL,OPTIMAL,OPTIMAL
ACTG1,OPTIMAL,OPTIMAL,OPTIMAL,OPTIMAL
FAAP100,OPTIMAL,OPTIMAL,OPTIMAL,OPTIMAL
NPLOC4,OPTIMAL,OPTIMAL,OPTIMAL,OPTIMAL
OXLD1,OPTIMAL,OPTIMAL,OPTIMAL,OPTIMAL
CCDC137,OPTIMAL,OPTIMAL,OPTIMAL,OPTIMAL
ARL16,OPTIMAL,OPTIMAL,OPTIMAL,OPTIMAL
HGS,OPTIMAL,OPTIMAL,OPTIMAL,OPTIMAL
MRPL12,OPTIMAL,OPTIMAL,OPTIMAL,OPTIMAL
SLC25A10,OPTIMAL,OPTIMAL,OPTIMAL,OPTIMAL
MCRIP1,OPTIMAL,OPTIMAL,OPTIMAL,OPTIMAL
P4HB,OPTIMAL,OPTIMAL,OPTIMAL,OPTIMAL
ARHGDIA,OPTIMAL,OPTIMAL,OPTIMAL,OPTIMAL
ALYREF,OPTIMAL,OPTIMAL,OPTIMAL,OPTIMAL
ANAPC11,OPTIMAL,OPTIMAL,OPTIMAL,OPTIMAL
PCYT2,OPTIMAL,OPTIMAL,OPTIMAL,OPTIMAL
MAFG,OPTIMAL,OPTIMAL,OPTIMAL,OPTIMAL
PYCR1,OPTIMAL,OPTIMAL,OPTIMAL,OPTIMAL
ASPSCR1,OPTIMAL,OPTIMAL,OPTIMAL,OPTIMAL
CENPX,OPTIMAL,OPTIMAL,OPTIMAL,OPTIMAL
LRRC45,OPTIMAL,OPTIMAL,OPTIMAL,OPTIMAL
RAC3,OPTIMAL,OPTIMAL,OPTIMAL,OPTIMAL
DCXR,OPTIMAL,OPTIMAL,OPTIMAL,OPTIMAL
RFNG,OPTIMAL,INFEASIBLE,OPTIMAL,OPTIMAL
GPS1,OPTIMAL,OPTIMAL,OPTIMAL,OPTIMAL
DUS1L,OPTIMAL,OPTIMAL,OPTIMAL,OPTIMAL
FASN,OPTIMAL,OPTIMAL,OPTIMAL,OPTIMAL
CCDC57,OPTIMAL,OPTIMAL,OPTIMAL,OPTIMAL
SLC16A3,OPTIMAL,OPTIMAL,OPTIMAL,OPTIMAL
CSNK1D,OPTIMAL,OPTIMAL,OPTIMAL,OPTIMAL
OGFOD3,OPTIMAL,OPTIMAL,OPTIMAL,OPTIMAL
HEXD,OPTIMAL,OPTIMAL,OPTIMAL,OPTIMAL
CYBC1,OPTIMAL,OPTIMAL,OPTIMAL,OPTIMAL
NARF,OPTIMAL,OPTIMAL,OPTIMAL,OPTIMAL
FOXK2,OPTIMAL,OPTIMAL,OPTIMAL,OPTIMAL
WDR45B,OPTIMAL,OPTIMAL,OPTIMAL,OPTIMAL
RAB40B,OPTIMAL,OPTIMAL,OPTIMAL,OPTIMAL
FN3KRP,OPTIMAL,OPTIMAL,OPTIMAL,OPTIMAL
TBCD,OPTIMAL,OPTIMAL,OPTIMAL,OPTIMAL
B3GNTL1,OPTIMAL,OPTIMAL,OPTIMAL,OPTIMAL
METRNL,OPTIMAL,OPTIMAL,OPTIMAL,OPTIMAL
USP14,OPTIMAL,OPTIMAL,OPTIMAL,OPTIMAL
THOC1,OPTIMAL,OPTIMAL,OPTIMAL,OPTIMAL
COLEC12,OPTIMAL,OPTIMAL,OPTIMAL,OPTIMAL
TYMS,OPTIMAL,OPTIMAL,OPTIMAL,OPTIMAL
ENOSF1,OPTIMAL,OPTIMAL,OPTIMAL,OPTIMAL
YES1,INFEASIBLE,OPTIMAL,OPTIMAL,OPTIMAL
METTL4,OPTIMAL,OPTIMAL,OPTIMAL,OPTIMAL
NDC80,OPTIMAL,OPTIMAL,OPTIMAL,OPTIMAL
SMCHD1,OPTIMAL,OPTIMAL,OPTIMAL,OPTIMAL
EMILIN2,OPTIMAL,OPTIMAL,OPTIMAL,OPTIMAL
LPIN2,OPTIMAL,INFEASIBLE,OPTIMAL,OPTIMAL
MYL12A,OPTIMAL,OPTIMAL,OPTIMAL,OPTIMAL
MYL12B,OPTIMAL,OPTIMAL,OPTIMAL,OPTIMAL
TGIF1,OPTIMAL,OPTIMAL,OPTIMAL,OPTIMAL
DLGAP1,OPTIMAL,OPTIMAL,OPTIMAL,OPTIMAL
ZBTB14,OPTIMAL,OPTIMAL,OPTIMAL,OPTIMAL
EPB41L3,OPTIMAL,OPTIMAL,OPTIMAL,OPTIMAL
L3MBTL4,OPTIMAL,OPTIMAL,OPTIMAL,OPTIMAL
LAMA1,OPTIMAL,OPTIMAL,OPTIMAL,OPTIMAL
PTPRM,OPTIMAL,OPTIMAL,OPTIMAL,OPTIMAL
RAB12,OPTIMAL,OPTIMAL,OPTIMAL,OPTIMAL
MTCL1,OPTIMAL,OPTIMAL,OPTIMAL,OPTIMAL
NDUFV2,OPTIMAL,OPTIMAL,OPTIMAL,OPTIMAL
ANKRD12,OPTIMAL,OPTIMAL,OPTIMAL,OPTIMAL
TWSG1,OPTIMAL,OPTIMAL,OPTIMAL,OPTIMAL
RALBP1,OPTIMAL,OPTIMAL,OPTIMAL,OPTIMAL
PPP4R1,OPTIMAL,OPTIMAL,OPTIMAL,OPTIMAL
RAB31,OPTIMAL,OPTIMAL,OPTIMAL,OPTIMAL
VAPA,OPTIMAL,OPTIMAL,OPTIMAL,OPTIMAL
NAPG,OPTIMAL,OPTIMAL,OPTIMAL,OPTIMAL
GNAL,OPTIMAL,OPTIMAL,OPTIMAL,OPTIMAL
CHMP1B,OPTIMAL,OPTIMAL,OPTIMAL,OPTIMAL
MPPE1,OPTIMAL,OPTIMAL,OPTIMAL,OPTIMAL
IMPA2,OPTIMAL,OPTIMAL,OPTIMAL,OPTIMAL
TUBB6,OPTIMAL,OPTIMAL,OPTIMAL,OPTIMAL
AFG3L2,INFEASIBLE,OPTIMAL,OPTIMAL,OPTIMAL
PRELID3A,OPTIMAL,OPTIMAL,OPTIMAL,OPTIMAL
SPIRE1,INFEASIBLE,OPTIMAL,OPTIMAL,OPTIMAL
PSMG2,OPTIMAL,OPTIMAL,OPTIMAL,OPTIMAL
CEP76,OPTIMAL,OPTIMAL,OPTIMAL,OPTIMAL
PTPN2,OPTIMAL,OPTIMAL,OPTIMAL,OPTIMAL
SEH1L,OPTIMAL,OPTIMAL,OPTIMAL,OPTIMAL
CEP192,OPTIMAL,OPTIMAL,OPTIMAL,OPTIMAL
LDLRAD4,OPTIMAL,OPTIMAL,OPTIMAL,OPTIMAL
FAM210A,OPTIMAL,OPTIMAL,OPTIMAL,OPTIMAL
RNMT,OPTIMAL,OPTIMAL,OPTIMAL,OPTIMAL
ZNF519,OPTIMAL,OPTIMAL,OPTIMAL,OPTIMAL
ROCK1,INFEASIBLE,OPTIMAL,OPTIMAL,INFEASIBLE
GREB1L,OPTIMAL,OPTIMAL,OPTIMAL,OPTIMAL
ESCO1,INFEASIBLE,OPTIMAL,OPTIMAL,INFEASIBLE
SNRPD1,OPTIMAL,OPTIMAL,OPTIMAL,OPTIMAL
ABHD3,OPTIMAL,OPTIMAL,OPTIMAL,OPTIMAL
MIB1,OPTIMAL,OPTIMAL,OPTIMAL,OPTIMAL
GATA6,OPTIMAL,OPTIMAL,OPTIMAL,OPTIMAL
RBBP8,OPTIMAL,OPTIMAL,OPTIMAL,INFEASIBLE
CABLES1,OPTIMAL,INFEASIBLE,OPTIMAL,OPTIMAL
TMEM241,OPTIMAL,OPTIMAL,OPTIMAL,OPTIMAL
RIOK3,OPTIMAL,OPTIMAL,OPTIMAL,OPTIMAL
RMC1,OPTIMAL,OPTIMAL,OPTIMAL,OPTIMAL
NPC1,OPTIMAL,OPTIMAL,OPTIMAL,OPTIMAL
ANKRD29,OPTIMAL,OPTIMAL,OPTIMAL,OPTIMAL
LAMA3,OPTIMAL,OPTIMAL,OPTIMAL,OPTIMAL
TTC39C,OPTIMAL,OPTIMAL,OPTIMAL,OPTIMAL
CABYR,OPTIMAL,OPTIMAL,OPTIMAL,OPTIMAL
OSBPL1A,OPTIMAL,OPTIMAL,OPTIMAL,OPTIMAL
IMPACT,OPTIMAL,OPTIMAL,OPTIMAL,OPTIMAL
ZNF521,OPTIMAL,INFEASIBLE,OPTIMAL,OPTIMAL
SS18,OPTIMAL,OPTIMAL,OPTIMAL,OPTIMAL
TAF4B,OPTIMAL,OPTIMAL,OPTIMAL,OPTIMAL
KCTD1,OPTIMAL,OPTIMAL,OPTIMAL,OPTIMAL
CHST9,OPTIMAL,OPTIMAL,OPTIMAL,OPTIMAL
CDH2,OPTIMAL,OPTIMAL,OPTIMAL,OPTIMAL
DSC3,OPTIMAL,OPTIMAL,OPTIMAL,OPTIMAL
DSC2,OPTIMAL,OPTIMAL,OPTIMAL,OPTIMAL
DSG2,INFEASIBLE,OPTIMAL,OPTIMAL,OPTIMAL
B4GALT6,OPTIMAL,OPTIMAL,OPTIMAL,OPTIMAL
TRAPPC8,OPTIMAL,OPTIMAL,OPTIMAL,OPTIMAL
RNF125,OPTIMAL,OPTIMAL,OPTIMAL,OPTIMAL
RNF138,OPTIMAL,OPTIMAL,OPTIMAL,OPTIMAL
GAREM1,OPTIMAL,INFEASIBLE,OPTIMAL,OPTIMAL
ASXL3,INFEASIBLE,OPTIMAL,OPTIMAL,OPTIMAL
NOL4,OPTIMAL,OPTIMAL,OPTIMAL,OPTIMAL
DTNA,OPTIMAL,OPTIMAL,OPTIMAL,OPTIMAL
MAPRE2,OPTIMAL,OPTIMAL,OPTIMAL,OPTIMAL
ZNF397,OPTIMAL,OPTIMAL,OPTIMAL,OPTIMAL
ZSCAN30,OPTIMAL,INFEASIBLE,OPTIMAL,OPTIMAL
ZNF24,INFEASIBLE,OPTIMAL,OPTIMAL,OPTIMAL
INO80C,OPTIMAL,OPTIMAL,OPTIMAL,OPTIMAL
GALNT1,INFEASIBLE,OPTIMAL,OPTIMAL,OPTIMAL
C18orf21,OPTIMAL,OPTIMAL,OPTIMAL,OPTIMAL
RPRD1A,OPTIMAL,OPTIMAL,OPTIMAL,OPTIMAL
SLC39A6,OPTIMAL,OPTIMAL,OPTIMAL,OPTIMAL
ELP2,OPTIMAL,OPTIMAL,OPTIMAL,OPTIMAL
MOCOS,OPTIMAL,OPTIMAL,OPTIMAL,OPTIMAL
FHOD3,OPTIMAL,OPTIMAL,OPTIMAL,OPTIMAL
TPGS2,OPTIMAL,OPTIMAL,OPTIMAL,OPTIMAL
KIAA1328,OPTIMAL,OPTIMAL,OPTIMAL,OPTIMAL
CELF4,OPTIMAL,OPTIMAL,OPTIMAL,OPTIMAL
PIK3C3,OPTIMAL,OPTIMAL,OPTIMAL,OPTIMAL
SETBP1,OPTIMAL,OPTIMAL,OPTIMAL,OPTIMAL
EPG5,OPTIMAL,OPTIMAL,OPTIMAL,OPTIMAL
PSTPIP2,OPTIMAL,OPTIMAL,OPTIMAL,OPTIMAL
ATP5F1A,INFEASIBLE,OPTIMAL,OPTIMAL,OPTIMAL
HAUS1,OPTIMAL,OPTIMAL,OPTIMAL,OPTIMAL
C18orf25,OPTIMAL,OPTIMAL,OPTIMAL,OPTIMAL
PIAS2,OPTIMAL,OPTIMAL,OPTIMAL,OPTIMAL
HDHD2,OPTIMAL,OPTIMAL,OPTIMAL,OPTIMAL
IER3IP1,OPTIMAL,OPTIMAL,OPTIMAL,OPTIMAL
SMAD2,OPTIMAL,OPTIMAL,OPTIMAL,OPTIMAL
ZBTB7C,OPTIMAL,OPTIMAL,OPTIMAL,OPTIMAL
CTIF,OPTIMAL,OPTIMAL,OPTIMAL,OPTIMAL
SMAD7,OPTIMAL,OPTIMAL,OPTIMAL,INFEASIBLE
DYM,OPTIMAL,OPTIMAL,OPTIMAL,OPTIMAL
C18orf32,OPTIMAL,OPTIMAL,OPTIMAL,OPTIMAL
RPL17,OPTIMAL,OPTIMAL,OPTIMAL,OPTIMAL
ACAA2,OPTIMAL,OPTIMAL,OPTIMAL,OPTIMAL
MBD1,OPTIMAL,OPTIMAL,OPTIMAL,OPTIMAL
CXXC1,OPTIMAL,OPTIMAL,OPTIMAL,OPTIMAL
SKA1,OPTIMAL,OPTIMAL,OPTIMAL,OPTIMAL
ME2,OPTIMAL,OPTIMAL,OPTIMAL,OPTIMAL
ELAC1,OPTIMAL,OPTIMAL,OPTIMAL,OPTIMAL
SMAD4,OPTIMAL,OPTIMAL,OPTIMAL,OPTIMAL
MEX3C,OPTIMAL,OPTIMAL,OPTIMAL,OPTIMAL
MBD2,OPTIMAL,OPTIMAL,OPTIMAL,OPTIMAL
C18orf54,OPTIMAL,OPTIMAL,OPTIMAL,OPTIMAL
RAB27B,OPTIMAL,OPTIMAL,OPTIMAL,OPTIMAL
TCF4,OPTIMAL,OPTIMAL,OPTIMAL,OPTIMAL
TXNL1,OPTIMAL,OPTIMAL,OPTIMAL,OPTIMAL
WDR7,OPTIMAL,OPTIMAL,OPTIMAL,OPTIMAL
ONECUT2,OPTIMAL,OPTIMAL,OPTIMAL,OPTIMAL
FECH,OPTIMAL,OPTIMAL,OPTIMAL,OPTIMAL
NARS1,INFEASIBLE,OPTIMAL,OPTIMAL,OPTIMAL
ATP8B1,OPTIMAL,OPTIMAL,OPTIMAL,OPTIMAL
NEDD4L,OPTIMAL,INFEASIBLE,OPTIMAL,OPTIMAL
MALT1,OPTIMAL,OPTIMAL,OPTIMAL,OPTIMAL
ZNF532,OPTIMAL,OPTIMAL,OPTIMAL,OPTIMAL
SEC11C,OPTIMAL,OPTIMAL,OPTIMAL,OPTIMAL
LMAN1,OPTIMAL,OPTIMAL,OPTIMAL,OPTIMAL
PMAIP1,OPTIMAL,OPTIMAL,OPTIMAL,OPTIMAL
RNF152,OPTIMAL,OPTIMAL,OPTIMAL,OPTIMAL
PIGN,OPTIMAL,OPTIMAL,OPTIMAL,OPTIMAL
RELCH,OPTIMAL,OPTIMAL,OPTIMAL,OPTIMAL
TNFRSF11A,OPTIMAL,OPTIMAL,OPTIMAL,OPTIMAL
ZCCHC2,OPTIMAL,OPTIMAL,OPTIMAL,OPTIMAL
PHLPP1,OPTIMAL,OPTIMAL,OPTIMAL,OPTIMAL
BCL2,OPTIMAL,OPTIMAL,OPTIMAL,OPTIMAL
KDSR,OPTIMAL,OPTIMAL,OPTIMAL,OPTIMAL
VPS4B,OPTIMAL,OPTIMAL,OPTIMAL,OPTIMAL
CDH7,OPTIMAL,OPTIMAL,OPTIMAL,OPTIMAL
TMX3,OPTIMAL,OPTIMAL,OPTIMAL,OPTIMAL
DOK6,OPTIMAL,OPTIMAL,OPTIMAL,OPTIMAL
RTTN,OPTIMAL,OPTIMAL,OPTIMAL,OPTIMAL
SOCS6,OPTIMAL,OPTIMAL,OPTIMAL,OPTIMAL
TIMM21,OPTIMAL,OPTIMAL,OPTIMAL,OPTIMAL
CYB5A,OPTIMAL,OPTIMAL,OPTIMAL,OPTIMAL
CNDP2,OPTIMAL,OPTIMAL,OPTIMAL,OPTIMAL
ZNF407,OPTIMAL,OPTIMAL,OPTIMAL,OPTIMAL
PTGR3,OPTIMAL,OPTIMAL,OPTIMAL,OPTIMAL
TSHZ1,OPTIMAL,OPTIMAL,OPTIMAL,OPTIMAL
ZNF516,OPTIMAL,OPTIMAL,OPTIMAL,OPTIMAL
ZNF236,OPTIMAL,OPTIMAL,OPTIMAL,OPTIMAL
ATP9B,OPTIMAL,OPTIMAL,OPTIMAL,OPTIMAL
CTDP1,OPTIMAL,OPTIMAL,OPTIMAL,OPTIMAL
SLC66A2,OPTIMAL,OPTIMAL,OPTIMAL,OPTIMAL
HSBP1L1,OPTIMAL,OPTIMAL,OPTIMAL,OPTIMAL
TXNL4A,OPTIMAL,OPTIMAL,OPTIMAL,OPTIMAL
RBFA,OPTIMAL,OPTIMAL,OPTIMAL,OPTIMAL
ADNP2,OPTIMAL,OPTIMAL,OPTIMAL,OPTIMAL
PARD6G,OPTIMAL,OPTIMAL,OPTIMAL,OPTIMAL
MIER2,OPTIMAL,OPTIMAL,OPTIMAL,OPTIMAL
TPGS1,OPTIMAL,OPTIMAL,OPTIMAL,OPTIMAL
CDC34,OPTIMAL,OPTIMAL,OPTIMAL,OPTIMAL
BSG,OPTIMAL,INFEASIBLE,OPTIMAL,OPTIMAL
POLRMT,OPTIMAL,OPTIMAL,OPTIMAL,OPTIMAL
RNF126,OPTIMAL,OPTIMAL,OPTIMAL,OPTIMAL
PALM,OPTIMAL,OPTIMAL,OPTIMAL,OPTIMAL
PTBP1,OPTIMAL,OPTIMAL,OPTIMAL,OPTIMAL
CFD,OPTIMAL,OPTIMAL,OPTIMAL,OPTIMAL
MED16,OPTIMAL,OPTIMAL,OPTIMAL,OPTIMAL
R3HDM4,OPTIMAL,OPTIMAL,OPTIMAL,OPTIMAL
ARID3A,OPTIMAL,OPTIMAL,OPTIMAL,OPTIMAL
WDR18,OPTIMAL,OPTIMAL,OPTIMAL,OPTIMAL
TMEM259,OPTIMAL,OPTIMAL,OPTIMAL,OPTIMAL
CNN2,OPTIMAL,OPTIMAL,OPTIMAL,OPTIMAL
ABCA7,OPTIMAL,OPTIMAL,OPTIMAL,OPTIMAL
POLR2E,OPTIMAL,OPTIMAL,OPTIMAL,OPTIMAL
GPX4,OPTIMAL,OPTIMAL,OPTIMAL,OPTIMAL
SBNO2,OPTIMAL,OPTIMAL,OPTIMAL,OPTIMAL
STK11,OPTIMAL,INFEASIBLE,OPTIMAL,OPTIMAL
ATP5F1D,OPTIMAL,OPTIMAL,OPTIMAL,OPTIMAL
MIDN,OPTIMAL,OPTIMAL,OPTIMAL,OPTIMAL
CIRBP,OPTIMAL,OPTIMAL,OPTIMAL,OPTIMAL
FAM174C,OPTIMAL,OPTIMAL,OPTIMAL,OPTIMAL
PWWP3A,OPTIMAL,OPTIMAL,OPTIMAL,OPTIMAL
NDUFS7,OPTIMAL,OPTIMAL,OPTIMAL,OPTIMAL
GAMT,OPTIMAL,OPTIMAL,OPTIMAL,OPTIMAL
DAZAP1,INFEASIBLE,OPTIMAL,OPTIMAL,OPTIMAL
RPS15,OPTIMAL,OPTIMAL,OPTIMAL,OPTIMAL
C19orf25,OPTIMAL,OPTIMAL,OPTIMAL,OPTIMAL
MEX3D,OPTIMAL,OPTIMAL,OPTIMAL,OPTIMAL
MBD3,OPTIMAL,OPTIMAL,OPTIMAL,OPTIMAL
UQCR11,OPTIMAL,OPTIMAL,OPTIMAL,OPTIMAL
TCF3,OPTIMAL,OPTIMAL,OPTIMAL,OPTIMAL
REXO1,OPTIMAL,OPTIMAL,OPTIMAL,OPTIMAL
KLF16,OPTIMAL,OPTIMAL,OPTIMAL,OPTIMAL
ABHD17A,OPTIMAL,OPTIMAL,OPTIMAL,OPTIMAL
SCAMP4,OPTIMAL,OPTIMAL,OPTIMAL,OPTIMAL
CSNK1G2,OPTIMAL,OPTIMAL,OPTIMAL,OPTIMAL
BTBD2,OPTIMAL,OPTIMAL,OPTIMAL,OPTIMAL
MKNK2,OPTIMAL,OPTIMAL,OPTIMAL,OPTIMAL
MOB3A,OPTIMAL,OPTIMAL,OPTIMAL,OPTIMAL
AP3D1,INFEASIBLE,OPTIMAL,OPTIMAL,OPTIMAL
DOT1L,OPTIMAL,OPTIMAL,OPTIMAL,OPTIMAL
PLEKHJ1,OPTIMAL,OPTIMAL,OPTIMAL,OPTIMAL
SF3A2,OPTIMAL,OPTIMAL,OPTIMAL,OPTIMAL
OAZ1,OPTIMAL,OPTIMAL,OPTIMAL,OPTIMAL
LSM7,OPTIMAL,OPTIMAL,OPTIMAL,OPTIMAL
SPPL2B,OPTIMAL,OPTIMAL,OPTIMAL,OPTIMAL
TMPRSS9,OPTIMAL,OPTIMAL,OPTIMAL,OPTIMAL
TIMM13,OPTIMAL,OPTIMAL,OPTIMAL,OPTIMAL
LMNB2,INFEASIBLE,OPTIMAL,OPTIMAL,OPTIMAL
GADD45B,OPTIMAL,OPTIMAL,OPTIMAL,OPTIMAL
GNG7,OPTIMAL,OPTIMAL,OPTIMAL,OPTIMAL
DIRAS1,OPTIMAL,OPTIMAL,OPTIMAL,OPTIMAL
SLC39A3,OPTIMAL,OPTIMAL,OPTIMAL,OPTIMAL
SGTA,OPTIMAL,OPTIMAL,OPTIMAL,OPTIMAL
THOP1,OPTIMAL,OPTIMAL,OPTIMAL,OPTIMAL
ZNF57,OPTIMAL,OPTIMAL,OPTIMAL,OPTIMAL
ZNF77,OPTIMAL,OPTIMAL,OPTIMAL,OPTIMAL
TLE5,OPTIMAL,OPTIMAL,OPTIMAL,OPTIMAL
GNA11,OPTIMAL,OPTIMAL,OPTIMAL,OPTIMAL
NCLN,OPTIMAL,OPTIMAL,OPTIMAL,OPTIMAL
NFIC,OPTIMAL,OPTIMAL,OPTIMAL,OPTIMAL
DOHH,OPTIMAL,OPTIMAL,OPTIMAL,OPTIMAL
FZR1,OPTIMAL,OPTIMAL,OPTIMAL,OPTIMAL
MFSD12,OPTIMAL,OPTIMAL,OPTIMAL,OPTIMAL
HMG20B,OPTIMAL,OPTIMAL,OPTIMAL,OPTIMAL
CACTIN,OPTIMAL,INFEASIBLE,OPTIMAL,OPTIMAL
PIP5K1C,OPTIMAL,OPTIMAL,OPTIMAL,OPTIMAL
MRPL54,OPTIMAL,OPTIMAL,OPTIMAL,OPTIMAL
MATK,OPTIMAL,OPTIMAL,OPTIMAL,OPTIMAL
DAPK3,OPTIMAL,OPTIMAL,OPTIMAL,OPTIMAL
EEF2,INFEASIBLE,OPTIMAL,OPTIMAL,OPTIMAL
PIAS4,OPTIMAL,OPTIMAL,OPTIMAL,OPTIMAL
ZBTB7A,OPTIMAL,OPTIMAL,OPTIMAL,OPTIMAL
MAP2K2,OPTIMAL,OPTIMAL,OPTIMAL,OPTIMAL
SIRT6,OPTIMAL,OPTIMAL,OPTIMAL,OPTIMAL
YJU2,OPTIMAL,OPTIMAL,OPTIMAL,OPTIMAL
FSD1,OPTIMAL,OPTIMAL,OPTIMAL,OPTIMAL
MPND,OPTIMAL,OPTIMAL,OPTIMAL,OPTIMAL
SH3GL1,OPTIMAL,OPTIMAL,OPTIMAL,OPTIMAL
CHAF1A,OPTIMAL,OPTIMAL,OPTIMAL,OPTIMAL
UBXN6,OPTIMAL,OPTIMAL,OPTIMAL,OPTIMAL
HDGFL2,INFEASIBLE,OPTIMAL,OPTIMAL,OPTIMAL
MYDGF,OPTIMAL,OPTIMAL,OPTIMAL,OPTIMAL
DPP9,OPTIMAL,INFEASIBLE,OPTIMAL,OPTIMAL
FEM1A,OPTIMAL,OPTIMAL,OPTIMAL,OPTIMAL
PLIN3,OPTIMAL,OPTIMAL,OPTIMAL,OPTIMAL
UHRF1,OPTIMAL,OPTIMAL,OPTIMAL,OPTIMAL
KDM4B,OPTIMAL,OPTIMAL,OPTIMAL,OPTIMAL
PTPRS,OPTIMAL,OPTIMAL,OPTIMAL,OPTIMAL
TINCR,OPTIMAL,OPTIMAL,OPTIMAL,OPTIMAL
SAFB2,INFEASIBLE,OPTIMAL,OPTIMAL,INFEASIBLE
SAFB,INFEASIBLE,OPTIMAL,INFEASIBLE,INFEASIBLE
RPL36,OPTIMAL,OPTIMAL,OPTIMAL,OPTIMAL
MICOS13,OPTIMAL,OPTIMAL,OPTIMAL,OPTIMAL
LONP1,OPTIMAL,OPTIMAL,OPTIMAL,OPTIMAL
DUS3L,OPTIMAL,OPTIMAL,OPTIMAL,OPTIMAL
NRTN,OPTIMAL,OPTIMAL,OPTIMAL,OPTIMAL
NDUFA11,OPTIMAL,OPTIMAL,OPTIMAL,OPTIMAL
RANBP3,OPTIMAL,OPTIMAL,OPTIMAL,OPTIMAL
RFX2,INFEASIBLE,INFEASIBLE,OPTIMAL,OPTIMAL
ACSBG2,OPTIMAL,OPTIMAL,OPTIMAL,INFEASIBLE
MLLT1,OPTIMAL,OPTIMAL,OPTIMAL,OPTIMAL
CLPP,OPTIMAL,OPTIMAL,OPTIMAL,OPTIMAL
ALKBH7,OPTIMAL,OPTIMAL,OPTIMAL,OPTIMAL
GTF2F1,INFEASIBLE,OPTIMAL,OPTIMAL,OPTIMAL
KHSRP,OPTIMAL,OPTIMAL,OPTIMAL,OPTIMAL
SLC25A23,OPTIMAL,OPTIMAL,OPTIMAL,OPTIMAL
TUBB4A,OPTIMAL,OPTIMAL,OPTIMAL,OPTIMAL
CD70,OPTIMAL,OPTIMAL,OPTIMAL,OPTIMAL
GPR108,OPTIMAL,OPTIMAL,OPTIMAL,OPTIMAL
TRIP10,OPTIMAL,OPTIMAL,OPTIMAL,OPTIMAL
ZNF557,OPTIMAL,OPTIMAL,OPTIMAL,OPTIMAL
INSR,OPTIMAL,OPTIMAL,OPTIMAL,OPTIMAL
ARHGEF18,OPTIMAL,OPTIMAL,OPTIMAL,OPTIMAL
ZNF358,OPTIMAL,OPTIMAL,OPTIMAL,OPTIMAL
CAMSAP3,OPTIMAL,OPTIMAL,OPTIMAL,OPTIMAL
XAB2,OPTIMAL,OPTIMAL,OPTIMAL,OPTIMAL
PET100,OPTIMAL,OPTIMAL,OPTIMAL,OPTIMAL
STXBP2,OPTIMAL,OPTIMAL,OPTIMAL,OPTIMAL
TRAPPC5,OPTIMAL,OPTIMAL,OPTIMAL,OPTIMAL
EVI5L,OPTIMAL,INFEASIBLE,OPTIMAL,OPTIMAL
MAP2K7,OPTIMAL,OPTIMAL,OPTIMAL,OPTIMAL
SNAPC2,OPTIMAL,OPTIMAL,OPTIMAL,OPTIMAL
CTXN1,OPTIMAL,OPTIMAL,OPTIMAL,OPTIMAL
TIMM44,OPTIMAL,OPTIMAL,OPTIMAL,OPTIMAL
ELAVL1,OPTIMAL,OPTIMAL,OPTIMAL,OPTIMAL
CERS4,OPTIMAL,OPTIMAL,OPTIMAL,OPTIMAL
CD320,OPTIMAL,OPTIMAL,OPTIMAL,OPTIMAL
NDUFA7,OPTIMAL,OPTIMAL,OPTIMAL,OPTIMAL
RPS28,INFEASIBLE,OPTIMAL,OPTIMAL,OPTIMAL
RAB11B,OPTIMAL,OPTIMAL,OPTIMAL,OPTIMAL
MARCHF2,OPTIMAL,INFEASIBLE,OPTIMAL,OPTIMAL
HNRNPM,INFEASIBLE,OPTIMAL,OPTIMAL,INFEASIBLE
ZNF414,OPTIMAL,OPTIMAL,OPTIMAL,OPTIMAL
ZNF317,OPTIMAL,OPTIMAL,OPTIMAL,OPTIMAL
ZNF559,OPTIMAL,OPTIMAL,OPTIMAL,OPTIMAL
ZNF266,OPTIMAL,OPTIMAL,OPTIMAL,OPTIMAL
ZNF426,OPTIMAL,OPTIMAL,OPTIMAL,OPTIMAL
ZNF121,OPTIMAL,INFEASIBLE,OPTIMAL,OPTIMAL
ZNF561,OPTIMAL,OPTIMAL,OPTIMAL,OPTIMAL
ZNF562,OPTIMAL,OPTIMAL,OPTIMAL,OPTIMAL
FBXL12,OPTIMAL,OPTIMAL,OPTIMAL,OPTIMAL
UBL5,OPTIMAL,OPTIMAL,OPTIMAL,OPTIMAL
PIN1,OPTIMAL,OPTIMAL,OPTIMAL,OPTIMAL
PPAN,OPTIMAL,OPTIMAL,OPTIMAL,OPTIMAL
EIF3G,OPTIMAL,OPTIMAL,OPTIMAL,OPTIMAL
DNMT1,OPTIMAL,OPTIMAL,OPTIMAL,OPTIMAL
MRPL4,OPTIMAL,OPTIMAL,OPTIMAL,OPTIMAL
FDX2,OPTIMAL,OPTIMAL,OPTIMAL,OPTIMAL
RAVER1,OPTIMAL,OPTIMAL,OPTIMAL,OPTIMAL
ICAM3,OPTIMAL,OPTIMAL,OPTIMAL,OPTIMAL
TYK2,OPTIMAL,OPTIMAL,OPTIMAL,OPTIMAL
CDC37,INFEASIBLE,OPTIMAL,OPTIMAL,OPTIMAL
PDE4A,OPTIMAL,OPTIMAL,OPTIMAL,OPTIMAL
KEAP1,OPTIMAL,OPTIMAL,OPTIMAL,OPTIMAL
ATG4D,OPTIMAL,OPTIMAL,OPTIMAL,OPTIMAL
KRI1,INFEASIBLE,OPTIMAL,OPTIMAL,INFEASIBLE
CDKN2D,OPTIMAL,OPTIMAL,OPTIMAL,OPTIMAL
SLC44A2,OPTIMAL,OPTIMAL,OPTIMAL,OPTIMAL
ILF3,INFEASIBLE,OPTIMAL,OPTIMAL,OPTIMAL
QTRT1,OPTIMAL,OPTIMAL,OPTIMAL,OPTIMAL
DNM2,OPTIMAL,INFEASIBLE,OPTIMAL,OPTIMAL
TMED1,OPTIMAL,OPTIMAL,OPTIMAL,OPTIMAL
CARM1,OPTIMAL,OPTIMAL,OPTIMAL,OPTIMAL
YIPF2,OPTIMAL,OPTIMAL,OPTIMAL,OPTIMAL
TIMM29,OPTIMAL,OPTIMAL,OPTIMAL,OPTIMAL
SMARCA4,OPTIMAL,OPTIMAL,OPTIMAL,OPTIMAL
LDLR,OPTIMAL,OPTIMAL,OPTIMAL,OPTIMAL
SPC24,OPTIMAL,OPTIMAL,OPTIMAL,OPTIMAL
KANK2,OPTIMAL,OPTIMAL,OPTIMAL,OPTIMAL
DOCK6,OPTIMAL,OPTIMAL,OPTIMAL,OPTIMAL
RAB3D,OPTIMAL,INFEASIBLE,OPTIMAL,OPTIMAL
TMEM205,OPTIMAL,OPTIMAL,OPTIMAL,OPTIMAL
PLPPR2,OPTIMAL,OPTIMAL,OPTIMAL,OPTIMAL
SWSAP1,OPTIMAL,OPTIMAL,OPTIMAL,OPTIMAL
PRKCSH,OPTIMAL,OPTIMAL,OPTIMAL,OPTIMAL
ECSIT,OPTIMAL,OPTIMAL,OPTIMAL,OPTIMAL
ELOF1,OPTIMAL,OPTIMAL,OPTIMAL,OPTIMAL
ZNF627,OPTIMAL,OPTIMAL,OPTIMAL,OPTIMAL
ZNF440,OPTIMAL,OPTIMAL,OPTIMAL,OPTIMAL
ZNF700,OPTIMAL,OPTIMAL,OPTIMAL,OPTIMAL
ZNF136,OPTIMAL,OPTIMAL,OPTIMAL,OPTIMAL
ZNF44,OPTIMAL,OPTIMAL,OPTIMAL,OPTIMAL
ZNF709,OPTIMAL,OPTIMAL,OPTIMAL,OPTIMAL
ZNF564,OPTIMAL,OPTIMAL,OPTIMAL,OPTIMAL
ZNF490,OPTIMAL,OPTIMAL,OPTIMAL,OPTIMAL
ZNF791,OPTIMAL,OPTIMAL,OPTIMAL,OPTIMAL
MAN2B1,OPTIMAL,OPTIMAL,OPTIMAL,OPTIMAL
WDR83,OPTIMAL,OPTIMAL,OPTIMAL,OPTIMAL
WDR83OS,OPTIMAL,OPTIMAL,OPTIMAL,OPTIMAL
DHPS,OPTIMAL,OPTIMAL,OPTIMAL,OPTIMAL
FBXW9,OPTIMAL,OPTIMAL,OPTIMAL,OPTIMAL
TNPO2,OPTIMAL,OPTIMAL,OPTIMAL,OPTIMAL
TRIR,OPTIMAL,OPTIMAL,OPTIMAL,OPTIMAL
GET3,OPTIMAL,OPTIMAL,OPTIMAL,OPTIMAL
HOOK2,OPTIMAL,OPTIMAL,OPTIMAL,OPTIMAL
PRDX2,OPTIMAL,OPTIMAL,OPTIMAL,OPTIMAL
RNASEH2A,OPTIMAL,OPTIMAL,OPTIMAL,OPTIMAL
MAST1,OPTIMAL,OPTIMAL,OPTIMAL,OPTIMAL
DNASE2,OPTIMAL,OPTIMAL,OPTIMAL,OPTIMAL
GCDH,OPTIMAL,OPTIMAL,OPTIMAL,OPTIMAL
SYCE2,OPTIMAL,OPTIMAL,OPTIMAL,OPTIMAL
FARSA,OPTIMAL,OPTIMAL,OPTIMAL,OPTIMAL
CALR,OPTIMAL,OPTIMAL,OPTIMAL,OPTIMAL
RAD23A,OPTIMAL,OPTIMAL,OPTIMAL,OPTIMAL
GADD45GIP1,OPTIMAL,OPTIMAL,OPTIMAL,OPTIMAL
NFIX,INFEASIBLE,INFEASIBLE,OPTIMAL,OPTIMAL
TRMT1,OPTIMAL,INFEASIBLE,OPTIMAL,OPTIMAL
NACC1,OPTIMAL,OPTIMAL,OPTIMAL,OPTIMAL
STX10,OPTIMAL,INFEASIBLE,OPTIMAL,OPTIMAL
IER2,OPTIMAL,OPTIMAL,OPTIMAL,OPTIMAL
CACNA1A,INFEASIBLE,INFEASIBLE,OPTIMAL,OPTIMAL
YJU2B,OPTIMAL,OPTIMAL,OPTIMAL,OPTIMAL
MRI1,OPTIMAL,OPTIMAL,OPTIMAL,OPTIMAL
C19orf53,OPTIMAL,OPTIMAL,OPTIMAL,OPTIMAL
CC2D1A,OPTIMAL,OPTIMAL,OPTIMAL,OPTIMAL
DCAF15,OPTIMAL,OPTIMAL,OPTIMAL,OPTIMAL
RFX1,OPTIMAL,OPTIMAL,OPTIMAL,OPTIMAL
SAMD1,OPTIMAL,OPTIMAL,OPTIMAL,OPTIMAL
PRKACA,INFEASIBLE,OPTIMAL,OPTIMAL,OPTIMAL
ASF1B,OPTIMAL,OPTIMAL,OPTIMAL,OPTIMAL
ADGRL1,OPTIMAL,OPTIMAL,OPTIMAL,OPTIMAL
DDX39A,OPTIMAL,OPTIMAL,OPTIMAL,OPTIMAL
PKN1,OPTIMAL,OPTIMAL,OPTIMAL,OPTIMAL
GIPC1,OPTIMAL,OPTIMAL,OPTIMAL,OPTIMAL
DNAJB1,OPTIMAL,OPTIMAL,OPTIMAL,OPTIMAL
TECR,OPTIMAL,OPTIMAL,OPTIMAL,OPTIMAL
NDUFB7,OPTIMAL,OPTIMAL,OPTIMAL,OPTIMAL
ZNF333,OPTIMAL,OPTIMAL,OPTIMAL,OPTIMAL
ILVBL,OPTIMAL,OPTIMAL,OPTIMAL,OPTIMAL
NOTCH3,OPTIMAL,OPTIMAL,OPTIMAL,OPTIMAL
BRD4,INFEASIBLE,OPTIMAL,OPTIMAL,OPTIMAL
AKAP8,OPTIMAL,OPTIMAL,OPTIMAL,OPTIMAL
AKAP8L,OPTIMAL,OPTIMAL,OPTIMAL,OPTIMAL
WIZ,OPTIMAL,OPTIMAL,OPTIMAL,OPTIMAL
TPM4,OPTIMAL,OPTIMAL,OPTIMAL,OPTIMAL
RAB8A,OPTIMAL,OPTIMAL,OPTIMAL,OPTIMAL
FAM32A,OPTIMAL,OPTIMAL,OPTIMAL,OPTIMAL
AP1M1,OPTIMAL,OPTIMAL,OPTIMAL,OPTIMAL
EPS15L1,OPTIMAL,OPTIMAL,OPTIMAL,OPTIMAL
C19orf44,OPTIMAL,OPTIMAL,OPTIMAL,OPTIMAL
CHERP,OPTIMAL,OPTIMAL,OPTIMAL,OPTIMAL
SLC35E1,OPTIMAL,OPTIMAL,OPTIMAL,OPTIMAL
MED26,OPTIMAL,OPTIMAL,OPTIMAL,OPTIMAL
SMIM7,OPTIMAL,OPTIMAL,OPTIMAL,OPTIMAL
TMEM38A,OPTIMAL,OPTIMAL,OPTIMAL,OPTIMAL
SIN3B,OPTIMAL,OPTIMAL,OPTIMAL,OPTIMAL
HAUS8,OPTIMAL,OPTIMAL,OPTIMAL,OPTIMAL
MYO9B,OPTIMAL,OPTIMAL,OPTIMAL,OPTIMAL
USE1,OPTIMAL,OPTIMAL,OPTIMAL,OPTIMAL
OCEL1,OPTIMAL,OPTIMAL,OPTIMAL,OPTIMAL
NR2F6,OPTIMAL,OPTIMAL,OPTIMAL,OPTIMAL
BABAM1,OPTIMAL,OPTIMAL,OPTIMAL,OPTIMAL
ABHD8,OPTIMAL,OPTIMAL,OPTIMAL,OPTIMAL
MRPL34,OPTIMAL,OPTIMAL,OPTIMAL,OPTIMAL
DDA1,OPTIMAL,OPTIMAL,OPTIMAL,OPTIMAL
ANO8,INFEASIBLE,INFEASIBLE,OPTIMAL,OPTIMAL
GTPBP3,OPTIMAL,OPTIMAL,OPTIMAL,OPTIMAL
MVB12A,OPTIMAL,OPTIMAL,OPTIMAL,OPTIMAL
SLC27A1,OPTIMAL,INFEASIBLE,OPTIMAL,OPTIMAL
PGLS,OPTIMAL,OPTIMAL,OPTIMAL,OPTIMAL
COLGALT1,OPTIMAL,OPTIMAL,OPTIMAL,OPTIMAL
MAP1S,OPTIMAL,OPTIMAL,OPTIMAL,OPTIMAL
RPL18A,OPTIMAL,OPTIMAL,OPTIMAL,OPTIMAL
CCDC124,OPTIMAL,OPTIMAL,OPTIMAL,OPTIMAL
MAST3,OPTIMAL,OPTIMAL,OPTIMAL,OPTIMAL
PIK3R2,OPTIMAL,OPTIMAL,OPTIMAL,OPTIMAL
IFI30,OPTIMAL,OPTIMAL,OPTIMAL,OPTIMAL
MPV17L2,OPTIMAL,OPTIMAL,OPTIMAL,OPTIMAL
RAB3A,OPTIMAL,OPTIMAL,OPTIMAL,OPTIMAL
JUND,OPTIMAL,OPTIMAL,OPTIMAL,OPTIMAL
LSM4,OPTIMAL,OPTIMAL,OPTIMAL,OPTIMAL
SSBP4,OPTIMAL,OPTIMAL,OPTIMAL,OPTIMAL
ISYNA1,OPTIMAL,OPTIMAL,OPTIMAL,OPTIMAL
ELL,OPTIMAL,OPTIMAL,OPTIMAL,OPTIMAL
FKBP8,OPTIMAL,OPTIMAL,OPTIMAL,OPTIMAL
KXD1,OPTIMAL,OPTIMAL,OPTIMAL,OPTIMAL
UBA52,OPTIMAL,OPTIMAL,OPTIMAL,OPTIMAL
REX1BD,OPTIMAL,OPTIMAL,OPTIMAL,OPTIMAL
CRTC1,OPTIMAL,INFEASIBLE,OPTIMAL,OPTIMAL
UPF1,OPTIMAL,OPTIMAL,OPTIMAL,OPTIMAL
CERS1,OPTIMAL,OPTIMAL,OPTIMAL,OPTIMAL
COPE,OPTIMAL,OPTIMAL,OPTIMAL,OPTIMAL
DDX49,OPTIMAL,OPTIMAL,OPTIMAL,OPTIMAL
SUGP2,OPTIMAL,OPTIMAL,OPTIMAL,OPTIMAL
ARMC6,OPTIMAL,OPTIMAL,OPTIMAL,OPTIMAL
SLC25A42,OPTIMAL,OPTIMAL,OPTIMAL,OPTIMAL
TMEM161A,OPTIMAL,OPTIMAL,OPTIMAL,OPTIMAL
MEF2B,OPTIMAL,OPTIMAL,OPTIMAL,OPTIMAL
BORCS8,OPTIMAL,OPTIMAL,OPTIMAL,OPTIMAL
RFXANK,OPTIMAL,OPTIMAL,OPTIMAL,OPTIMAL
NR2C2AP,OPTIMAL,OPTIMAL,OPTIMAL,OPTIMAL
SUGP1,OPTIMAL,OPTIMAL,OPTIMAL,OPTIMAL
MAU2,OPTIMAL,OPTIMAL,OPTIMAL,OPTIMAL
GATAD2A,OPTIMAL,OPTIMAL,OPTIMAL,OPTIMAL
NDUFA13,OPTIMAL,OPTIMAL,OPTIMAL,OPTIMAL
YJEFN3,OPTIMAL,OPTIMAL,OPTIMAL,OPTIMAL
PBX4,OPTIMAL,OPTIMAL,OPTIMAL,OPTIMAL
ATP13A1,OPTIMAL,OPTIMAL,OPTIMAL,OPTIMAL
ZNF101,OPTIMAL,OPTIMAL,OPTIMAL,OPTIMAL
ZNF14,OPTIMAL,OPTIMAL,OPTIMAL,OPTIMAL
ZNF506,OPTIMAL,OPTIMAL,OPTIMAL,OPTIMAL
ZNF66,OPTIMAL,INFEASIBLE,OPTIMAL,OPTIMAL
ZNF85,OPTIMAL,OPTIMAL,OPTIMAL,OPTIMAL
ZNF430,OPTIMAL,OPTIMAL,OPTIMAL,OPTIMAL
ZNF714,OPTIMAL,OPTIMAL,OPTIMAL,OPTIMAL
ZNF431,OPTIMAL,OPTIMAL,OPTIMAL,OPTIMAL
ZNF708,OPTIMAL,OPTIMAL,OPTIMAL,OPTIMAL
ZNF738,OPTIMAL,OPTIMAL,OPTIMAL,OPTIMAL
ZNF493,OPTIMAL,OPTIMAL,OPTIMAL,OPTIMAL
ZNF429,OPTIMAL,OPTIMAL,OPTIMAL,OPTIMAL
ZNF100,OPTIMAL,OPTIMAL,OPTIMAL,OPTIMAL
ZNF724,OPTIMAL,OPTIMAL,OPTIMAL,OPTIMAL
ZNF91,OPTIMAL,OPTIMAL,OPTIMAL,OPTIMAL
ZNF675,OPTIMAL,OPTIMAL,OPTIMAL,OPTIMAL
RPSA2,OPTIMAL,OPTIMAL,OPTIMAL,OPTIMAL
ZNF254,OPTIMAL,INFEASIBLE,OPTIMAL,OPTIMAL
UQCRFS1,OPTIMAL,OPTIMAL,OPTIMAL,OPTIMAL
POP4,OPTIMAL,OPTIMAL,OPTIMAL,OPTIMAL
C19orf12,OPTIMAL,OPTIMAL,OPTIMAL,OPTIMAL
CCNE1,OPTIMAL,OPTIMAL,OPTIMAL,OPTIMAL
URI1,INFEASIBLE,OPTIMAL,OPTIMAL,INFEASIBLE
ZNF536,OPTIMAL,OPTIMAL,OPTIMAL,OPTIMAL
TSHZ3,OPTIMAL,OPTIMAL,OPTIMAL,OPTIMAL
ZNF507,INFEASIBLE,OPTIMAL,OPTIMAL,OPTIMAL
DPY19L3,OPTIMAL,OPTIMAL,OPTIMAL,OPTIMAL
PDCD5,INFEASIBLE,OPTIMAL,OPTIMAL,OPTIMAL
ANKRD27,OPTIMAL,OPTIMAL,OPTIMAL,OPTIMAL
NUDT19,OPTIMAL,OPTIMAL,OPTIMAL,OPTIMAL
CEP89,OPTIMAL,OPTIMAL,OPTIMAL,OPTIMAL
FAAP24,OPTIMAL,OPTIMAL,OPTIMAL,OPTIMAL
RHPN2,OPTIMAL,OPTIMAL,OPTIMAL,OPTIMAL
GPATCH1,OPTIMAL,OPTIMAL,OPTIMAL,OPTIMAL
LRP3,OPTIMAL,OPTIMAL,OPTIMAL,OPTIMAL
CEBPA,OPTIMAL,OPTIMAL,OPTIMAL,OPTIMAL
CEBPG,OPTIMAL,OPTIMAL,OPTIMAL,OPTIMAL
PEPD,INFEASIBLE,OPTIMAL,OPTIMAL,OPTIMAL
KCTD15,OPTIMAL,OPTIMAL,OPTIMAL,OPTIMAL
LSM14A,INFEASIBLE,OPTIMAL,OPTIMAL,OPTIMAL
GARRE1,OPTIMAL,OPTIMAL,OPTIMAL,OPTIMAL
GPI,OPTIMAL,OPTIMAL,OPTIMAL,OPTIMAL
PDCD2L,OPTIMAL,OPTIMAL,OPTIMAL,OPTIMAL
UBA2,INFEASIBLE,OPTIMAL,OPTIMAL,OPTIMAL
SCGB2B2,OPTIMAL,OPTIMAL,OPTIMAL,OPTIMAL
ZNF302,OPTIMAL,INFEASIBLE,OPTIMAL,OPTIMAL
GRAMD1A,OPTIMAL,OPTIMAL,OPTIMAL,OPTIMAL
FXYD5,OPTIMAL,OPTIMAL,OPTIMAL,OPTIMAL
LSR,OPTIMAL,OPTIMAL,OPTIMAL,OPTIMAL
USF2,OPTIMAL,OPTIMAL,OPTIMAL,OPTIMAL
DMKN,OPTIMAL,OPTIMAL,OPTIMAL,OPTIMAL
TMEM147,OPTIMAL,OPTIMAL,OPTIMAL,OPTIMAL
HAUS5,OPTIMAL,INFEASIBLE,OPTIMAL,OPTIMAL
RBM42,OPTIMAL,OPTIMAL,OPTIMAL,OPTIMAL
COX6B1,OPTIMAL,OPTIMAL,OPTIMAL,OPTIMAL
KMT2B,OPTIMAL,OPTIMAL,OPTIMAL,OPTIMAL
IGFLR1,OPTIMAL,OPTIMAL,OPTIMAL,OPTIMAL
U2AF1L4,OPTIMAL,OPTIMAL,OPTIMAL,OPTIMAL
PSENEN,OPTIMAL,OPTIMAL,OPTIMAL,OPTIMAL
LIN37,OPTIMAL,OPTIMAL,OPTIMAL,OPTIMAL
PROSER3,OPTIMAL,OPTIMAL,OPTIMAL,OPTIMAL
SDHAF1,OPTIMAL,OPTIMAL,OPTIMAL,OPTIMAL
ALKBH6,OPTIMAL,OPTIMAL,OPTIMAL,OPTIMAL
WDR62,OPTIMAL,INFEASIBLE,OPTIMAL,OPTIMAL
POLR2I,OPTIMAL,OPTIMAL,OPTIMAL,OPTIMAL
TBCB,OPTIMAL,OPTIMAL,OPTIMAL,OPTIMAL
CAPNS1,OPTIMAL,OPTIMAL,OPTIMAL,OPTIMAL
ZNF565,OPTIMAL,OPTIMAL,OPTIMAL,OPTIMAL
ZNF146,INFEASIBLE,OPTIMAL,OPTIMAL,INFEASIBLE
ZFP14,OPTIMAL,OPTIMAL,OPTIMAL,OPTIMAL
ZNF566,OPTIMAL,OPTIMAL,OPTIMAL,OPTIMAL
ZNF260,OPTIMAL,OPTIMAL,OPTIMAL,OPTIMAL
ZNF529,OPTIMAL,OPTIMAL,OPTIMAL,OPTIMAL
ZNF382,OPTIMAL,OPTIMAL,OPTIMAL,OPTIMAL
ZNF567,OPTIMAL,OPTIMAL,OPTIMAL,OPTIMAL
ZNF850,OPTIMAL,OPTIMAL,OPTIMAL,OPTIMAL
ZNF790,INFEASIBLE,OPTIMAL,OPTIMAL,OPTIMAL
ZNF345,OPTIMAL,OPTIMAL,OPTIMAL,OPTIMAL
ZNF568,OPTIMAL,OPTIMAL,OPTIMAL,OPTIMAL
ZNF420,OPTIMAL,OPTIMAL,OPTIMAL,OPTIMAL
ZNF585A,OPTIMAL,OPTIMAL,OPTIMAL,OPTIMAL
ZNF585B,OPTIMAL,OPTIMAL,OPTIMAL,OPTIMAL
ZNF383,OPTIMAL,INFEASIBLE,OPTIMAL,OPTIMAL
ZNF875,OPTIMAL,OPTIMAL,OPTIMAL,OPTIMAL
ZNF569,OPTIMAL,OPTIMAL,OPTIMAL,OPTIMAL
ZFP30,OPTIMAL,OPTIMAL,OPTIMAL,OPTIMAL
ZNF607,OPTIMAL,OPTIMAL,OPTIMAL,OPTIMAL
ZNF573,OPTIMAL,OPTIMAL,OPTIMAL,OPTIMAL
SIPA1L3,OPTIMAL,INFEASIBLE,OPTIMAL,OPTIMAL
DPF1,OPTIMAL,OPTIMAL,OPTIMAL,OPTIMAL
SPINT2,OPTIMAL,OPTIMAL,OPTIMAL,OPTIMAL
PPP1R14A,OPTIMAL,OPTIMAL,OPTIMAL,OPTIMAL
YIF1B,OPTIMAL,OPTIMAL,OPTIMAL,OPTIMAL
CATSPERG,OPTIMAL,OPTIMAL,OPTIMAL,OPTIMAL
PSMD8,OPTIMAL,OPTIMAL,OPTIMAL,OPTIMAL
FAM98C,OPTIMAL,OPTIMAL,OPTIMAL,OPTIMAL
EIF3K,OPTIMAL,OPTIMAL,OPTIMAL,OPTIMAL
ACTN4,OPTIMAL,OPTIMAL,OPTIMAL,OPTIMAL
ECH1,OPTIMAL,OPTIMAL,OPTIMAL,OPTIMAL
HNRNPL,OPTIMAL,OPTIMAL,OPTIMAL,OPTIMAL
SIRT2,OPTIMAL,OPTIMAL,OPTIMAL,OPTIMAL
NFKBIB,OPTIMAL,OPTIMAL,OPTIMAL,OPTIMAL
SARS2,OPTIMAL,OPTIMAL,OPTIMAL,OPTIMAL
MRPS12,OPTIMAL,OPTIMAL,OPTIMAL,OPTIMAL
FBXO17,OPTIMAL,OPTIMAL,OPTIMAL,OPTIMAL
PAK4,OPTIMAL,OPTIMAL,OPTIMAL,OPTIMAL
LRFN1,OPTIMAL,OPTIMAL,OPTIMAL,OPTIMAL
SAMD4B,OPTIMAL,OPTIMAL,OPTIMAL,OPTIMAL
PAF1,INFEASIBLE,OPTIMAL,OPTIMAL,OPTIMAL
MED29,OPTIMAL,OPTIMAL,OPTIMAL,OPTIMAL
RPS16,OPTIMAL,OPTIMAL,OPTIMAL,OPTIMAL
SUPT5H,INFEASIBLE,OPTIMAL,INFEASIBLE,INFEASIBLE
TIMM50,OPTIMAL,OPTIMAL,OPTIMAL,OPTIMAL
DLL3,OPTIMAL,OPTIMAL,OPTIMAL,OPTIMAL
EID2B,OPTIMAL,OPTIMAL,OPTIMAL,OPTIMAL
EID2,OPTIMAL,OPTIMAL,OPTIMAL,OPTIMAL
FBL,INFEASIBLE,OPTIMAL,OPTIMAL,INFEASIBLE
PSMC4,OPTIMAL,OPTIMAL,OPTIMAL,OPTIMAL
ZNF546,OPTIMAL,OPTIMAL,OPTIMAL,OPTIMAL
ZNF780B,OPTIMAL,OPTIMAL,OPTIMAL,OPTIMAL
ZNF780A,OPTIMAL,OPTIMAL,OPTIMAL,OPTIMAL
MAP3K10,OPTIMAL,OPTIMAL,OPTIMAL,OPTIMAL
AKT2,OPTIMAL,OPTIMAL,OPTIMAL,OPTIMAL
C19orf47,OPTIMAL,OPTIMAL,OPTIMAL,OPTIMAL
PLD3,OPTIMAL,OPTIMAL,OPTIMAL,OPTIMAL
SERTAD1,OPTIMAL,OPTIMAL,OPTIMAL,OPTIMAL
SERTAD3,OPTIMAL,OPTIMAL,OPTIMAL,OPTIMAL
BLVRB,OPTIMAL,OPTIMAL,OPTIMAL,OPTIMAL
SPTBN4,OPTIMAL,OPTIMAL,OPTIMAL,OPTIMAL
SHKBP1,OPTIMAL,OPTIMAL,OPTIMAL,OPTIMAL
LTBP4,OPTIMAL,OPTIMAL,OPTIMAL,OPTIMAL
NUMBL,OPTIMAL,OPTIMAL,OPTIMAL,OPTIMAL
COQ8B,OPTIMAL,INFEASIBLE,OPTIMAL,OPTIMAL
ACTMAP,OPTIMAL,OPTIMAL,OPTIMAL,OPTIMAL
SNRPA,OPTIMAL,OPTIMAL,OPTIMAL,OPTIMAL
RAB4B,OPTIMAL,OPTIMAL,OPTIMAL,OPTIMAL
EGLN2,OPTIMAL,OPTIMAL,OPTIMAL,OPTIMAL
HNRNPUL1,INFEASIBLE,OPTIMAL,OPTIMAL,INFEASIBLE
TGFB1,OPTIMAL,OPTIMAL,OPTIMAL,OPTIMAL
CCDC97,OPTIMAL,OPTIMAL,OPTIMAL,OPTIMAL
TMEM91,OPTIMAL,OPTIMAL,OPTIMAL,OPTIMAL
B9D2,OPTIMAL,OPTIMAL,OPTIMAL,OPTIMAL
EXOSC5,OPTIMAL,OPTIMAL,OPTIMAL,OPTIMAL
BCKDHA,OPTIMAL,OPTIMAL,OPTIMAL,OPTIMAL
DMAC2,OPTIMAL,INFEASIBLE,OPTIMAL,OPTIMAL
RPS19,OPTIMAL,OPTIMAL,OPTIMAL,OPTIMAL
ARHGEF1,OPTIMAL,OPTIMAL,OPTIMAL,OPTIMAL
RABAC1,OPTIMAL,OPTIMAL,OPTIMAL,OPTIMAL
ZNF574,OPTIMAL,INFEASIBLE,OPTIMAL,OPTIMAL
DEDD2,OPTIMAL,OPTIMAL,OPTIMAL,OPTIMAL
ZNF526,OPTIMAL,OPTIMAL,OPTIMAL,OPTIMAL
GSK3A,OPTIMAL,OPTIMAL,OPTIMAL,OPTIMAL
ERF,OPTIMAL,OPTIMAL,OPTIMAL,OPTIMAL
CIC,OPTIMAL,OPTIMAL,OPTIMAL,OPTIMAL
PAFAH1B3,OPTIMAL,OPTIMAL,OPTIMAL,OPTIMAL
MEGF8,OPTIMAL,OPTIMAL,OPTIMAL,OPTIMAL
CNFN,OPTIMAL,OPTIMAL,OPTIMAL,OPTIMAL
PHLDB3,OPTIMAL,OPTIMAL,OPTIMAL,OPTIMAL
ETHE1,OPTIMAL,OPTIMAL,OPTIMAL,OPTIMAL
XRCC1,OPTIMAL,OPTIMAL,OPTIMAL,OPTIMAL
IRGQ,INFEASIBLE,OPTIMAL,OPTIMAL,OPTIMAL
ZNF576,OPTIMAL,OPTIMAL,OPTIMAL,OPTIMAL
ZNF428,OPTIMAL,OPTIMAL,OPTIMAL,OPTIMAL
PLAUR,OPTIMAL,OPTIMAL,OPTIMAL,OPTIMAL
SMG9,OPTIMAL,OPTIMAL,OPTIMAL,OPTIMAL
ZNF283,OPTIMAL,OPTIMAL,OPTIMAL,OPTIMAL
ZNF45,OPTIMAL,OPTIMAL,OPTIMAL,OPTIMAL
ZNF155,OPTIMAL,OPTIMAL,OPTIMAL,OPTIMAL
ZNF224,OPTIMAL,OPTIMAL,OPTIMAL,OPTIMAL
ZNF234,OPTIMAL,OPTIMAL,OPTIMAL,OPTIMAL
ZNF226,OPTIMAL,OPTIMAL,OPTIMAL,OPTIMAL
ZNF227,OPTIMAL,OPTIMAL,OPTIMAL,OPTIMAL
ZNF235,OPTIMAL,OPTIMAL,OPTIMAL,OPTIMAL
PVR,OPTIMAL,OPTIMAL,OPTIMAL,OPTIMAL
NECTIN2,OPTIMAL,OPTIMAL,OPTIMAL,OPTIMAL
TOMM40,OPTIMAL,OPTIMAL,OPTIMAL,OPTIMAL
APOE,OPTIMAL,OPTIMAL,OPTIMAL,OPTIMAL
APOC1,OPTIMAL,OPTIMAL,OPTIMAL,OPTIMAL
CLPTM1,OPTIMAL,OPTIMAL,OPTIMAL,OPTIMAL
CLASRP,OPTIMAL,OPTIMAL,OPTIMAL,OPTIMAL
GEMIN7,OPTIMAL,OPTIMAL,OPTIMAL,OPTIMAL
MARK4,OPTIMAL,OPTIMAL,OPTIMAL,OPTIMAL
PPP1R37,OPTIMAL,OPTIMAL,OPTIMAL,OPTIMAL
TRAPPC6A,OPTIMAL,OPTIMAL,OPTIMAL,OPTIMAL
ERCC2,OPTIMAL,OPTIMAL,OPTIMAL,OPTIMAL
PPP1R13L,OPTIMAL,INFEASIBLE,OPTIMAL,OPTIMAL
POLR1G,OPTIMAL,OPTIMAL,OPTIMAL,OPTIMAL
ERCC1,OPTIMAL,OPTIMAL,OPTIMAL,OPTIMAL
RTN2,OPTIMAL,OPTIMAL,OPTIMAL,OPTIMAL
PPM1N,OPTIMAL,OPTIMAL,OPTIMAL,OPTIMAL
VASP,OPTIMAL,OPTIMAL,OPTIMAL,OPTIMAL
OPA3,OPTIMAL,OPTIMAL,OPTIMAL,OPTIMAL
EML2,OPTIMAL,OPTIMAL,OPTIMAL,OPTIMAL
SNRPD2,OPTIMAL,OPTIMAL,OPTIMAL,OPTIMAL
QPCTL,OPTIMAL,OPTIMAL,OPTIMAL,OPTIMAL
FBXO46,OPTIMAL,OPTIMAL,OPTIMAL,OPTIMAL
DMPK,OPTIMAL,OPTIMAL,OPTIMAL,OPTIMAL
DMWD,OPTIMAL,OPTIMAL,OPTIMAL,OPTIMAL
SYMPK,OPTIMAL,OPTIMAL,OPTIMAL,OPTIMAL
IRF2BP1,OPTIMAL,INFEASIBLE,OPTIMAL,OPTIMAL
MYPOP,OPTIMAL,OPTIMAL,OPTIMAL,OPTIMAL
PPP5C,OPTIMAL,OPTIMAL,OPTIMAL,OPTIMAL
CCDC8,OPTIMAL,OPTIMAL,OPTIMAL,OPTIMAL
PNMA8A,OPTIMAL,OPTIMAL,OPTIMAL,OPTIMAL
CALM3,OPTIMAL,OPTIMAL,OPTIMAL,OPTIMAL
PRKD2,OPTIMAL,OPTIMAL,OPTIMAL,OPTIMAL
STRN4,OPTIMAL,OPTIMAL,OPTIMAL,OPTIMAL
FKRP,OPTIMAL,OPTIMAL,OPTIMAL,OPTIMAL
SLC1A5,OPTIMAL,OPTIMAL,OPTIMAL,OPTIMAL
AP2S1,OPTIMAL,OPTIMAL,OPTIMAL,OPTIMAL
ARHGAP35,OPTIMAL,OPTIMAL,OPTIMAL,OPTIMAL
NPAS1,OPTIMAL,OPTIMAL,OPTIMAL,OPTIMAL
TMEM160,OPTIMAL,OPTIMAL,OPTIMAL,OPTIMAL
ZC3H4,OPTIMAL,OPTIMAL,OPTIMAL,OPTIMAL
SAE1,OPTIMAL,OPTIMAL,OPTIMAL,OPTIMAL
BBC3,OPTIMAL,OPTIMAL,OPTIMAL,OPTIMAL
CCDC9,OPTIMAL,OPTIMAL,OPTIMAL,OPTIMAL
DHX34,OPTIMAL,OPTIMAL,OPTIMAL,OPTIMAL
NAPA,OPTIMAL,OPTIMAL,OPTIMAL,OPTIMAL
NOP53,OPTIMAL,OPTIMAL,OPTIMAL,OPTIMAL
SELENOW,OPTIMAL,OPTIMAL,OPTIMAL,OPTIMAL
LIG1,OPTIMAL,OPTIMAL,OPTIMAL,OPTIMAL
ZSWIM9,OPTIMAL,OPTIMAL,OPTIMAL,OPTIMAL
CARD8,OPTIMAL,OPTIMAL,OPTIMAL,OPTIMAL
EMP3,OPTIMAL,OPTIMAL,OPTIMAL,OPTIMAL
TMEM143,OPTIMAL,OPTIMAL,OPTIMAL,OPTIMAL
KDELR1,OPTIMAL,OPTIMAL,OPTIMAL,OPTIMAL
GRIN2D,OPTIMAL,OPTIMAL,OPTIMAL,OPTIMAL
GRWD1,INFEASIBLE,OPTIMAL,OPTIMAL,INFEASIBLE
KCNJ14,OPTIMAL,OPTIMAL,OPTIMAL,OPTIMAL
CYTH2,OPTIMAL,INFEASIBLE,OPTIMAL,OPTIMAL
RPL18,OPTIMAL,OPTIMAL,OPTIMAL,OPTIMAL
SPHK2,OPTIMAL,OPTIMAL,OPTIMAL,OPTIMAL
DBP,OPTIMAL,OPTIMAL,OPTIMAL,OPTIMAL
CA11,OPTIMAL,OPTIMAL,OPTIMAL,OPTIMAL
BCAT2,OPTIMAL,OPTIMAL,OPTIMAL,OPTIMAL
NUCB1,OPTIMAL,OPTIMAL,OPTIMAL,OPTIMAL
BAX,OPTIMAL,OPTIMAL,OPTIMAL,OPTIMAL
FTL,OPTIMAL,OPTIMAL,OPTIMAL,OPTIMAL
GYS1,OPTIMAL,OPTIMAL,OPTIMAL,OPTIMAL
RUVBL2,OPTIMAL,OPTIMAL,OPTIMAL,OPTIMAL
SNRNP70,INFEASIBLE,OPTIMAL,OPTIMAL,OPTIMAL
LIN7B,OPTIMAL,OPTIMAL,OPTIMAL,OPTIMAL
PPFIA3,OPTIMAL,OPTIMAL,OPTIMAL,OPTIMAL
TRPM4,OPTIMAL,OPTIMAL,OPTIMAL,OPTIMAL
SLC6A16,OPTIMAL,OPTIMAL,OPTIMAL,OPTIMAL
TEAD2,OPTIMAL,OPTIMAL,OPTIMAL,OPTIMAL
PIH1D1,OPTIMAL,INFEASIBLE,OPTIMAL,OPTIMAL
ALDH16A1,OPTIMAL,OPTIMAL,OPTIMAL,OPTIMAL
RPL13A,INFEASIBLE,OPTIMAL,OPTIMAL,OPTIMAL
RPS11,OPTIMAL,OPTIMAL,OPTIMAL,OPTIMAL
FCGRT,OPTIMAL,OPTIMAL,OPTIMAL,OPTIMAL
NOSIP,OPTIMAL,OPTIMAL,OPTIMAL,OPTIMAL
PRR12,OPTIMAL,OPTIMAL,OPTIMAL,OPTIMAL
RRAS,OPTIMAL,OPTIMAL,OPTIMAL,OPTIMAL
SCAF1,OPTIMAL,OPTIMAL,OPTIMAL,OPTIMAL
IRF3,OPTIMAL,OPTIMAL,OPTIMAL,OPTIMAL
BCL2L12,OPTIMAL,OPTIMAL,OPTIMAL,OPTIMAL
PRMT1,OPTIMAL,OPTIMAL,OPTIMAL,OPTIMAL
CPT1C,OPTIMAL,OPTIMAL,OPTIMAL,OPTIMAL
AP2A1,OPTIMAL,OPTIMAL,OPTIMAL,OPTIMAL
FUZ,OPTIMAL,OPTIMAL,OPTIMAL,OPTIMAL
MED25,OPTIMAL,OPTIMAL,OPTIMAL,OPTIMAL
PTOV1,OPTIMAL,OPTIMAL,OPTIMAL,OPTIMAL
PNKP,OPTIMAL,OPTIMAL,OPTIMAL,OPTIMAL
AKT1S1,OPTIMAL,OPTIMAL,OPTIMAL,OPTIMAL
TBC1D17,OPTIMAL,OPTIMAL,OPTIMAL,OPTIMAL
NUP62,OPTIMAL,OPTIMAL,OPTIMAL,OPTIMAL
ATF5,OPTIMAL,OPTIMAL,OPTIMAL,OPTIMAL
VRK3,OPTIMAL,OPTIMAL,OPTIMAL,OPTIMAL
ZNF473,OPTIMAL,OPTIMAL,OPTIMAL,OPTIMAL
MYH14,OPTIMAL,OPTIMAL,OPTIMAL,OPTIMAL
NR1H2,OPTIMAL,OPTIMAL,OPTIMAL,OPTIMAL
POLD1,OPTIMAL,OPTIMAL,OPTIMAL,OPTIMAL
EMC10,OPTIMAL,OPTIMAL,OPTIMAL,OPTIMAL
JOSD2,OPTIMAL,OPTIMAL,OPTIMAL,OPTIMAL
C19orf81,OPTIMAL,OPTIMAL,OPTIMAL,OPTIMAL
CLEC11A,INFEASIBLE,OPTIMAL,OPTIMAL,INFEASIBLE
KLK8,OPTIMAL,OPTIMAL,OPTIMAL,OPTIMAL
CTU1,OPTIMAL,OPTIMAL,OPTIMAL,OPTIMAL
ETFB,OPTIMAL,OPTIMAL,OPTIMAL,OPTIMAL
ZNF649,INFEASIBLE,OPTIMAL,OPTIMAL,OPTIMAL
ZNF614,OPTIMAL,OPTIMAL,OPTIMAL,OPTIMAL
ZNF616,OPTIMAL,OPTIMAL,OPTIMAL,OPTIMAL
PPP2R1A,OPTIMAL,OPTIMAL,OPTIMAL,OPTIMAL
ZNF766,OPTIMAL,OPTIMAL,OPTIMAL,OPTIMAL
ZNF480,INFEASIBLE,OPTIMAL,OPTIMAL,INFEASIBLE
ZNF611,OPTIMAL,OPTIMAL,OPTIMAL,OPTIMAL
ZNF845,OPTIMAL,INFEASIBLE,OPTIMAL,OPTIMAL
ZNF765,OPTIMAL,OPTIMAL,OPTIMAL,OPTIMAL
ZNF761,OPTIMAL,OPTIMAL,OPTIMAL,OPTIMAL
MYADM,OPTIMAL,OPTIMAL,OPTIMAL,OPTIMAL
CACNG8,OPTIMAL,OPTIMAL,OPTIMAL,OPTIMAL
NDUFA3,OPTIMAL,OPTIMAL,OPTIMAL,OPTIMAL
TFPT,OPTIMAL,OPTIMAL,OPTIMAL,OPTIMAL
PRPF31,OPTIMAL,OPTIMAL,OPTIMAL,OPTIMAL
CNOT3,OPTIMAL,OPTIMAL,OPTIMAL,OPTIMAL
LENG1,OPTIMAL,INFEASIBLE,OPTIMAL,OPTIMAL
MBOAT7,OPTIMAL,OPTIMAL,OPTIMAL,OPTIMAL
TSEN34,OPTIMAL,OPTIMAL,OPTIMAL,OPTIMAL
RPS9,OPTIMAL,OPTIMAL,OPTIMAL,OPTIMAL
LENG8,OPTIMAL,OPTIMAL,OPTIMAL,OPTIMAL
LENG9,INFEASIBLE,OPTIMAL,OPTIMAL,OPTIMAL
RDH13,OPTIMAL,OPTIMAL,OPTIMAL,OPTIMAL
PPP1R12C,OPTIMAL,OPTIMAL,OPTIMAL,OPTIMAL
TNNT1,OPTIMAL,OPTIMAL,OPTIMAL,OPTIMAL
TNNI3,OPTIMAL,OPTIMAL,OPTIMAL,OPTIMAL
PPP6R1,OPTIMAL,OPTIMAL,OPTIMAL,OPTIMAL
HSPBP1,OPTIMAL,OPTIMAL,OPTIMAL,OPTIMAL
BRSK1,OPTIMAL,OPTIMAL,OPTIMAL,INFEASIBLE
KMT5C,OPTIMAL,OPTIMAL,OPTIMAL,OPTIMAL
RPL28,OPTIMAL,OPTIMAL,OPTIMAL,OPTIMAL
UBE2S,OPTIMAL,OPTIMAL,OPTIMAL,OPTIMAL
ISOC2,OPTIMAL,OPTIMAL,OPTIMAL,OPTIMAL
NAT14,OPTIMAL,OPTIMAL,OPTIMAL,OPTIMAL
ZNF579,OPTIMAL,OPTIMAL,OPTIMAL,OPTIMAL
ZNF865,OPTIMAL,OPTIMAL,OPTIMAL,OPTIMAL
ZNF580,OPTIMAL,OPTIMAL,OPTIMAL,OPTIMAL
ZNF581,OPTIMAL,OPTIMAL,OPTIMAL,OPTIMAL
CCDC106,OPTIMAL,OPTIMAL,OPTIMAL,OPTIMAL
U2AF2,INFEASIBLE,OPTIMAL,OPTIMAL,OPTIMAL
EPN1,OPTIMAL,OPTIMAL,OPTIMAL,OPTIMAL
ZNF787,OPTIMAL,OPTIMAL,OPTIMAL,OPTIMAL
ZNF444,OPTIMAL,OPTIMAL,OPTIMAL,OPTIMAL
ZSCAN5A,OPTIMAL,OPTIMAL,OPTIMAL,OPTIMAL
ZNF71,OPTIMAL,OPTIMAL,OPTIMAL,OPTIMAL
ZNF264,OPTIMAL,OPTIMAL,OPTIMAL,OPTIMAL
ZNF805,OPTIMAL,OPTIMAL,OPTIMAL,OPTIMAL
ZNF460,OPTIMAL,OPTIMAL,OPTIMAL,OPTIMAL
TRAPPC2B,OPTIMAL,OPTIMAL,OPTIMAL,OPTIMAL
ZNF749,OPTIMAL,OPTIMAL,OPTIMAL,OPTIMAL
ZNF530,OPTIMAL,OPTIMAL,OPTIMAL,OPTIMAL
ZNF134,OPTIMAL,INFEASIBLE,OPTIMAL,OPTIMAL
ZNF551,OPTIMAL,OPTIMAL,OPTIMAL,OPTIMAL
ZNF586,OPTIMAL,OPTIMAL,OPTIMAL,OPTIMAL
ZNF552,OPTIMAL,OPTIMAL,OPTIMAL,OPTIMAL
ZNF587B,OPTIMAL,OPTIMAL,OPTIMAL,OPTIMAL
ZNF814,OPTIMAL,OPTIMAL,OPTIMAL,OPTIMAL
ZNF587,OPTIMAL,OPTIMAL,OPTIMAL,OPTIMAL
ZNF274,OPTIMAL,OPTIMAL,OPTIMAL,OPTIMAL
ZNF8,OPTIMAL,OPTIMAL,OPTIMAL,OPTIMAL
ERVK3-1,OPTIMAL,OPTIMAL,OPTIMAL,OPTIMAL
A1BG,OPTIMAL,OPTIMAL,OPTIMAL,OPTIMAL
RPS5,OPTIMAL,OPTIMAL,OPTIMAL,OPTIMAL
ZNF584,OPTIMAL,OPTIMAL,OPTIMAL,OPTIMAL
SLC27A5,OPTIMAL,OPTIMAL,OPTIMAL,OPTIMAL
TRIM28,OPTIMAL,OPTIMAL,OPTIMAL,OPTIMAL
CHMP2A,OPTIMAL,OPTIMAL,OPTIMAL,OPTIMAL
UBE2M,OPTIMAL,OPTIMAL,OPTIMAL,OPTIMAL
MZF1,OPTIMAL,OPTIMAL,OPTIMAL,OPTIMAL
C20orf96,OPTIMAL,INFEASIBLE,OPTIMAL,OPTIMAL
ZCCHC3,OPTIMAL,OPTIMAL,OPTIMAL,OPTIMAL
SOX12,OPTIMAL,OPTIMAL,OPTIMAL,OPTIMAL
NRSN2,OPTIMAL,OPTIMAL,OPTIMAL,OPTIMAL
RBCK1,OPTIMAL,OPTIMAL,OPTIMAL,OPTIMAL
TBC1D20,OPTIMAL,OPTIMAL,OPTIMAL,OPTIMAL
CSNK2A1,OPTIMAL,OPTIMAL,OPTIMAL,OPTIMAL
SRXN1,OPTIMAL,OPTIMAL,OPTIMAL,OPTIMAL
PSMF1,OPTIMAL,OPTIMAL,OPTIMAL,OPTIMAL
FKBP1A,OPTIMAL,OPTIMAL,OPTIMAL,OPTIMAL
NSFL1C,OPTIMAL,OPTIMAL,OPTIMAL,OPTIMAL
STK35,OPTIMAL,OPTIMAL,OPTIMAL,OPTIMAL
SNRPB,OPTIMAL,OPTIMAL,OPTIMAL,OPTIMAL
ZNF343,OPTIMAL,OPTIMAL,OPTIMAL,OPTIMAL
NOP56,OPTIMAL,OPTIMAL,OPTIMAL,OPTIMAL
IDH3B,OPTIMAL,OPTIMAL,OPTIMAL,OPTIMAL
VPS16,OPTIMAL,OPTIMAL,OPTIMAL,OPTIMAL
PTPRA,OPTIMAL,OPTIMAL,OPTIMAL,OPTIMAL
MRPS26,OPTIMAL,OPTIMAL,OPTIMAL,OPTIMAL
UBOX5,OPTIMAL,OPTIMAL,OPTIMAL,OPTIMAL
FASTKD5,OPTIMAL,OPTIMAL,OPTIMAL,OPTIMAL
DDRGK1,OPTIMAL,OPTIMAL,OPTIMAL,OPTIMAL
ITPA,OPTIMAL,OPTIMAL,OPTIMAL,OPTIMAL
DNAAF9,OPTIMAL,OPTIMAL,OPTIMAL,OPTIMAL
ATRN,OPTIMAL,OPTIMAL,OPTIMAL,OPTIMAL
ADISSP,OPTIMAL,OPTIMAL,OPTIMAL,OPTIMAL
CENPB,OPTIMAL,OPTIMAL,OPTIMAL,OPTIMAL
CDC25B,OPTIMAL,OPTIMAL,OPTIMAL,OPTIMAL
AP5S1,OPTIMAL,OPTIMAL,OPTIMAL,OPTIMAL
MAVS,OPTIMAL,OPTIMAL,OPTIMAL,OPTIMAL
PANK2,OPTIMAL,INFEASIBLE,OPTIMAL,OPTIMAL
RNF24,OPTIMAL,OPTIMAL,OPTIMAL,OPTIMAL
SMOX,OPTIMAL,OPTIMAL,OPTIMAL,OPTIMAL
PRNP,OPTIMAL,OPTIMAL,OPTIMAL,OPTIMAL
SLC23A2,OPTIMAL,OPTIMAL,OPTIMAL,OPTIMAL
TMEM230,OPTIMAL,OPTIMAL,OPTIMAL,OPTIMAL
PCNA,OPTIMAL,OPTIMAL,OPTIMAL,OPTIMAL
CDS2,OPTIMAL,OPTIMAL,OPTIMAL,OPTIMAL
GPCPD1,OPTIMAL,OPTIMAL,OPTIMAL,OPTIMAL
SHLD1,OPTIMAL,INFEASIBLE,OPTIMAL,OPTIMAL
TRMT6,OPTIMAL,OPTIMAL,OPTIMAL,OPTIMAL
MCM8,OPTIMAL,OPTIMAL,OPTIMAL,OPTIMAL
CRLS1,OPTIMAL,OPTIMAL,OPTIMAL,OPTIMAL
BMP2,OPTIMAL,OPTIMAL,OPTIMAL,OPTIMAL
TMX4,OPTIMAL,OPTIMAL,OPTIMAL,OPTIMAL
PLCB1,OPTIMAL,OPTIMAL,OPTIMAL,OPTIMAL
PLCB4,OPTIMAL,OPTIMAL,OPTIMAL,OPTIMAL
ANKEF1,OPTIMAL,OPTIMAL,OPTIMAL,OPTIMAL
MKKS,OPTIMAL,OPTIMAL,OPTIMAL,OPTIMAL
SLX4IP,OPTIMAL,OPTIMAL,OPTIMAL,OPTIMAL
BTBD3,OPTIMAL,OPTIMAL,OPTIMAL,OPTIMAL
TASP1,OPTIMAL,OPTIMAL,OPTIMAL,OPTIMAL
ESF1,INFEASIBLE,OPTIMAL,OPTIMAL,INFEASIBLE
NDUFAF5,OPTIMAL,OPTIMAL,OPTIMAL,OPTIMAL
MACROD2,OPTIMAL,INFEASIBLE,OPTIMAL,OPTIMAL
KIF16B,OPTIMAL,OPTIMAL,OPTIMAL,OPTIMAL
SNRPB2,OPTIMAL,OPTIMAL,OPTIMAL,OPTIMAL
DSTN,OPTIMAL,OPTIMAL,OPTIMAL,OPTIMAL
RRBP1,OPTIMAL,OPTIMAL,OPTIMAL,OPTIMAL
SNX5,OPTIMAL,OPTIMAL,OPTIMAL,OPTIMAL
OVOL2,INFEASIBLE,OPTIMAL,OPTIMAL,OPTIMAL
MGME1,OPTIMAL,OPTIMAL,OPTIMAL,OPTIMAL
KAT14,OPTIMAL,OPTIMAL,OPTIMAL,OPTIMAL
PET117,OPTIMAL,OPTIMAL,OPTIMAL,OPTIMAL
ZNF133,OPTIMAL,OPTIMAL,OPTIMAL,OPTIMAL
POLR3F,OPTIMAL,OPTIMAL,OPTIMAL,OPTIMAL
RBBP9,OPTIMAL,OPTIMAL,OPTIMAL,OPTIMAL
SEC23B,OPTIMAL,OPTIMAL,OPTIMAL,OPTIMAL
SMIM26,OPTIMAL,OPTIMAL,OPTIMAL,OPTIMAL
DTD1,OPTIMAL,OPTIMAL,OPTIMAL,OPTIMAL
RIN2,OPTIMAL,OPTIMAL,OPTIMAL,OPTIMAL
NAA20,OPTIMAL,OPTIMAL,OPTIMAL,OPTIMAL
CRNKL1,INFEASIBLE,OPTIMAL,OPTIMAL,OPTIMAL
RALGAPA2,OPTIMAL,OPTIMAL,OPTIMAL,OPTIMAL
KIZ,OPTIMAL,OPTIMAL,OPTIMAL,OPTIMAL
XRN2,OPTIMAL,OPTIMAL,OPTIMAL,OPTIMAL
NXT1,OPTIMAL,OPTIMAL,OPTIMAL,OPTIMAL
GZF1,OPTIMAL,OPTIMAL,OPTIMAL,OPTIMAL
NAPB,OPTIMAL,OPTIMAL,OPTIMAL,OPTIMAL
CST3,OPTIMAL,OPTIMAL,OPTIMAL,OPTIMAL
SYNDIG1,OPTIMAL,OPTIMAL,OPTIMAL,OPTIMAL
APMAP,OPTIMAL,OPTIMAL,OPTIMAL,OPTIMAL
ENTPD6,OPTIMAL,OPTIMAL,OPTIMAL,OPTIMAL
PYGB,OPTIMAL,OPTIMAL,OPTIMAL,OPTIMAL
ABHD12,OPTIMAL,OPTIMAL,OPTIMAL,OPTIMAL
GINS1,OPTIMAL,OPTIMAL,OPTIMAL,OPTIMAL
NINL,OPTIMAL,OPTIMAL,OPTIMAL,OPTIMAL
NANP,OPTIMAL,OPTIMAL,OPTIMAL,OPTIMAL
ZNF337,OPTIMAL,OPTIMAL,OPTIMAL,OPTIMAL
HM13,OPTIMAL,OPTIMAL,OPTIMAL,OPTIMAL
ID1,OPTIMAL,INFEASIBLE,OPTIMAL,OPTIMAL
BCL2L1,OPTIMAL,OPTIMAL,OPTIMAL,OPTIMAL
TPX2,INFEASIBLE,OPTIMAL,INFEASIBLE,OPTIMAL
PDRG1,OPTIMAL,OPTIMAL,OPTIMAL,OPTIMAL
TM9SF4,OPTIMAL,OPTIMAL,OPTIMAL,OPTIMAL
PLAGL2,OPTIMAL,OPTIMAL,OPTIMAL,OPTIMAL
POFUT1,OPTIMAL,OPTIMAL,OPTIMAL,OPTIMAL
KIF3B,OPTIMAL,OPTIMAL,OPTIMAL,OPTIMAL
ASXL1,OPTIMAL,OPTIMAL,OPTIMAL,OPTIMAL
NOL4L,OPTIMAL,OPTIMAL,OPTIMAL,OPTIMAL
COMMD7,OPTIMAL,OPTIMAL,OPTIMAL,OPTIMAL
DNMT3B,OPTIMAL,INFEASIBLE,OPTIMAL,OPTIMAL
MAPRE1,OPTIMAL,OPTIMAL,OPTIMAL,OPTIMAL
CDK5RAP1,OPTIMAL,OPTIMAL,OPTIMAL,OPTIMAL
SNTA1,OPTIMAL,OPTIMAL,OPTIMAL,OPTIMAL
CBFA2T2,OPTIMAL,OPTIMAL,OPTIMAL,OPTIMAL
E2F1,OPTIMAL,OPTIMAL,OPTIMAL,OPTIMAL
CHMP4B,OPTIMAL,OPTIMAL,OPTIMAL,OPTIMAL
RALY,OPTIMAL,OPTIMAL,OPTIMAL,OPTIMAL
EIF2S2,OPTIMAL,OPTIMAL,OPTIMAL,OPTIMAL
AHCY,OPTIMAL,OPTIMAL,OPTIMAL,OPTIMAL
ITCH,OPTIMAL,OPTIMAL,OPTIMAL,OPTIMAL
DYNLRB1,OPTIMAL,OPTIMAL,OPTIMAL,OPTIMAL
PIGU,OPTIMAL,OPTIMAL,OPTIMAL,OPTIMAL
NCOA6,OPTIMAL,OPTIMAL,OPTIMAL,OPTIMAL
GGT7,OPTIMAL,INFEASIBLE,OPTIMAL,OPTIMAL
ACSS2,OPTIMAL,OPTIMAL,OPTIMAL,OPTIMAL
GSS,OPTIMAL,OPTIMAL,OPTIMAL,OPTIMAL
TRPC4AP,OPTIMAL,INFEASIBLE,OPTIMAL,OPTIMAL
EDEM2,OPTIMAL,OPTIMAL,OPTIMAL,OPTIMAL
MMP24OS,OPTIMAL,OPTIMAL,OPTIMAL,OPTIMAL
EIF6,OPTIMAL,OPTIMAL,OPTIMAL,OPTIMAL
UQCC1,OPTIMAL,OPTIMAL,OPTIMAL,OPTIMAL
CEP250,INFEASIBLE,OPTIMAL,OPTIMAL,INFEASIBLE
ERGIC3,OPTIMAL,OPTIMAL,OPTIMAL,OPTIMAL
CPNE1,OPTIMAL,OPTIMAL,OPTIMAL,OPTIMAL
RBM12,INFEASIBLE,OPTIMAL,OPTIMAL,OPTIMAL
NFS1,OPTIMAL,INFEASIBLE,OPTIMAL,OPTIMAL
ROMO1,OPTIMAL,OPTIMAL,OPTIMAL,OPTIMAL
RBM39,OPTIMAL,OPTIMAL,OPTIMAL,OPTIMAL
PHF20,OPTIMAL,OPTIMAL,OPTIMAL,OPTIMAL
SCAND1,OPTIMAL,OPTIMAL,OPTIMAL,OPTIMAL
CNBD2,OPTIMAL,OPTIMAL,OPTIMAL,OPTIMAL
EPB41L1,OPTIMAL,OPTIMAL,OPTIMAL,OPTIMAL
AAR2,INFEASIBLE,OPTIMAL,OPTIMAL,OPTIMAL
DLGAP4,OPTIMAL,OPTIMAL,OPTIMAL,OPTIMAL
TGIF2,OPTIMAL,OPTIMAL,OPTIMAL,OPTIMAL
RAB5IF,OPTIMAL,OPTIMAL,OPTIMAL,OPTIMAL
NDRG3,OPTIMAL,OPTIMAL,OPTIMAL,OPTIMAL
DSN1,OPTIMAL,OPTIMAL,OPTIMAL,OPTIMAL
SOGA1,OPTIMAL,OPTIMAL,OPTIMAL,OPTIMAL
SAMHD1,OPTIMAL,OPTIMAL,OPTIMAL,OPTIMAL
RBL1,OPTIMAL,OPTIMAL,OPTIMAL,OPTIMAL
RPN2,OPTIMAL,OPTIMAL,OPTIMAL,OPTIMAL
MANBAL,OPTIMAL,OPTIMAL,OPTIMAL,OPTIMAL
BLCAP,OPTIMAL,OPTIMAL,OPTIMAL,OPTIMAL
CTNNBL1,OPTIMAL,OPTIMAL,OPTIMAL,OPTIMAL
TTI1,OPTIMAL,OPTIMAL,OPTIMAL,OPTIMAL
RPRD1B,OPTIMAL,OPTIMAL,OPTIMAL,OPTIMAL
RALGAPB,OPTIMAL,OPTIMAL,OPTIMAL,OPTIMAL
ACTR5,OPTIMAL,OPTIMAL,OPTIMAL,OPTIMAL
FAM83D,OPTIMAL,INFEASIBLE,OPTIMAL,OPTIMAL
DHX35,OPTIMAL,OPTIMAL,OPTIMAL,OPTIMAL
MAFB,OPTIMAL,OPTIMAL,OPTIMAL,OPTIMAL
TOP1,INFEASIBLE,OPTIMAL,OPTIMAL,OPTIMAL
PLCG1,OPTIMAL,INFEASIBLE,OPTIMAL,OPTIMAL
ZHX3,OPTIMAL,OPTIMAL,OPTIMAL,OPTIMAL
LPIN3,OPTIMAL,OPTIMAL,OPTIMAL,OPTIMAL
CHD6,OPTIMAL,OPTIMAL,OPTIMAL,OPTIMAL
PTPRT,OPTIMAL,INFEASIBLE,OPTIMAL,OPTIMAL
SRSF6,INFEASIBLE,OPTIMAL,OPTIMAL,OPTIMAL
L3MBTL1,OPTIMAL,OPTIMAL,OPTIMAL,OPTIMAL
IFT52,OPTIMAL,OPTIMAL,OPTIMAL,OPTIMAL
MYBL2,OPTIMAL,OPTIMAL,OPTIMAL,OPTIMAL
TOX2,INFEASIBLE,INFEASIBLE,OPTIMAL,INFEASIBLE
OSER1,OPTIMAL,OPTIMAL,OPTIMAL,OPTIMAL
FITM2,OPTIMAL,OPTIMAL,OPTIMAL,OPTIMAL
TTPAL,OPTIMAL,OPTIMAL,OPTIMAL,OPTIMAL
SERINC3,OPTIMAL,OPTIMAL,OPTIMAL,OPTIMAL
PKIG,OPTIMAL,OPTIMAL,OPTIMAL,OPTIMAL
ADA,OPTIMAL,OPTIMAL,OPTIMAL,OPTIMAL
RIMS4,OPTIMAL,OPTIMAL,OPTIMAL,OPTIMAL
YWHAB,INFEASIBLE,OPTIMAL,OPTIMAL,OPTIMAL
PABPC1L,OPTIMAL,OPTIMAL,OPTIMAL,OPTIMAL
TOMM34,OPTIMAL,OPTIMAL,OPTIMAL,OPTIMAL
STK4,INFEASIBLE,OPTIMAL,OPTIMAL,OPTIMAL
SDC4,OPTIMAL,OPTIMAL,OPTIMAL,OPTIMAL
SYS1,OPTIMAL,OPTIMAL,OPTIMAL,OPTIMAL
DBNDD2,OPTIMAL,OPTIMAL,OPTIMAL,OPTIMAL
PIGT,OPTIMAL,OPTIMAL,OPTIMAL,OPTIMAL
DNTTIP1,OPTIMAL,OPTIMAL,OPTIMAL,OPTIMAL
UBE2C,INFEASIBLE,OPTIMAL,OPTIMAL,OPTIMAL
ACOT8,OPTIMAL,OPTIMAL,OPTIMAL,OPTIMAL
CTSA,OPTIMAL,OPTIMAL,OPTIMAL,OPTIMAL
PLTP,OPTIMAL,OPTIMAL,OPTIMAL,OPTIMAL
PCIF1,OPTIMAL,OPTIMAL,OPTIMAL,OPTIMAL
ZNF335,OPTIMAL,OPTIMAL,OPTIMAL,OPTIMAL
SLC12A5,OPTIMAL,OPTIMAL,OPTIMAL,OPTIMAL
NCOA5,INFEASIBLE,OPTIMAL,OPTIMAL,OPTIMAL
SLC35C2,OPTIMAL,OPTIMAL,OPTIMAL,OPTIMAL
ELMO2,OPTIMAL,OPTIMAL,OPTIMAL,OPTIMAL
SLC13A3,OPTIMAL,OPTIMAL,OPTIMAL,OPTIMAL
TP53RK,OPTIMAL,OPTIMAL,OPTIMAL,OPTIMAL
EYA2,OPTIMAL,INFEASIBLE,OPTIMAL,OPTIMAL
ZMYND8,OPTIMAL,OPTIMAL,OPTIMAL,OPTIMAL
NCOA3,OPTIMAL,OPTIMAL,OPTIMAL,OPTIMAL
SULF2,OPTIMAL,OPTIMAL,OPTIMAL,OPTIMAL
ARFGEF2,OPTIMAL,OPTIMAL,OPTIMAL,OPTIMAL
CSE1L,OPTIMAL,OPTIMAL,OPTIMAL,OPTIMAL
STAU1,OPTIMAL,OPTIMAL,OPTIMAL,OPTIMAL
DDX27,OPTIMAL,OPTIMAL,OPTIMAL,OPTIMAL
ZNFX1,OPTIMAL,OPTIMAL,OPTIMAL,OPTIMAL
B4GALT5,OPTIMAL,OPTIMAL,OPTIMAL,OPTIMAL
SLC9A8,OPTIMAL,OPTIMAL,OPTIMAL,OPTIMAL
RNF114,OPTIMAL,OPTIMAL,OPTIMAL,OPTIMAL
UBE2V1,OPTIMAL,OPTIMAL,OPTIMAL,OPTIMAL
PEDS1,OPTIMAL,OPTIMAL,OPTIMAL,OPTIMAL
CEBPB,OPTIMAL,OPTIMAL,OPTIMAL,OPTIMAL
PTPN1,OPTIMAL,OPTIMAL,OPTIMAL,OPTIMAL
PARD6B,OPTIMAL,OPTIMAL,OPTIMAL,OPTIMAL
BCAS4,INFEASIBLE,OPTIMAL,OPTIMAL,OPTIMAL
ADNP,OPTIMAL,INFEASIBLE,OPTIMAL,OPTIMAL
DPM1,OPTIMAL,OPTIMAL,OPTIMAL,OPTIMAL
MOCS3,OPTIMAL,INFEASIBLE,OPTIMAL,OPTIMAL
KCNG1,OPTIMAL,OPTIMAL,OPTIMAL,OPTIMAL
ATP9A,OPTIMAL,OPTIMAL,OPTIMAL,OPTIMAL
ZFP64,OPTIMAL,OPTIMAL,OPTIMAL,OPTIMAL
TSHZ2,OPTIMAL,OPTIMAL,OPTIMAL,OPTIMAL
ZNF217,OPTIMAL,OPTIMAL,OPTIMAL,OPTIMAL
PFDN4,OPTIMAL,OPTIMAL,OPTIMAL,OPTIMAL
FAM210B,OPTIMAL,OPTIMAL,OPTIMAL,OPTIMAL
AURKA,INFEASIBLE,OPTIMAL,OPTIMAL,OPTIMAL
CSTF1,OPTIMAL,OPTIMAL,OPTIMAL,OPTIMAL
RTF2,INFEASIBLE,OPTIMAL,OPTIMAL,OPTIMAL
TFAP2C,INFEASIBLE,OPTIMAL,INFEASIBLE,INFEASIBLE
BMP7,OPTIMAL,OPTIMAL,OPTIMAL,OPTIMAL
RAE1,OPTIMAL,OPTIMAL,OPTIMAL,OPTIMAL
RBM38,OPTIMAL,OPTIMAL,OPTIMAL,OPTIMAL
HMGB1P1,OPTIMAL,OPTIMAL,OPTIMAL,OPTIMAL
PMEPA1,OPTIMAL,OPTIMAL,OPTIMAL,OPTIMAL
RAB22A,OPTIMAL,INFEASIBLE,OPTIMAL,OPTIMAL
VAPB,OPTIMAL,OPTIMAL,OPTIMAL,OPTIMAL
STX16,INFEASIBLE,OPTIMAL,OPTIMAL,OPTIMAL
GNAS,OPTIMAL,OPTIMAL,OPTIMAL,OPTIMAL
NELFCD,OPTIMAL,OPTIMAL,OPTIMAL,OPTIMAL
ATP5F1E,INFEASIBLE,OPTIMAL,INFEASIBLE,INFEASIBLE
PRELID3B,OPTIMAL,OPTIMAL,OPTIMAL,OPTIMAL
PHACTR3,OPTIMAL,OPTIMAL,OPTIMAL,OPTIMAL
FAM217B,OPTIMAL,OPTIMAL,OPTIMAL,OPTIMAL
CDH4,OPTIMAL,OPTIMAL,OPTIMAL,INFEASIBLE
TAF4,OPTIMAL,OPTIMAL,OPTIMAL,OPTIMAL
LSM14B,OPTIMAL,OPTIMAL,OPTIMAL,OPTIMAL
PSMA7,OPTIMAL,OPTIMAL,OPTIMAL,OPTIMAL
SS18L1,OPTIMAL,OPTIMAL,OPTIMAL,OPTIMAL
MTG2,OPTIMAL,OPTIMAL,OPTIMAL,OPTIMAL
OSBPL2,OPTIMAL,OPTIMAL,OPTIMAL,OPTIMAL
ADRM1,OPTIMAL,OPTIMAL,OPTIMAL,OPTIMAL
LAMA5,OPTIMAL,OPTIMAL,OPTIMAL,OPTIMAL
RPS21,OPTIMAL,OPTIMAL,OPTIMAL,OPTIMAL
SLCO4A1,OPTIMAL,OPTIMAL,OPTIMAL,OPTIMAL
MRGBP,OPTIMAL,OPTIMAL,OPTIMAL,OPTIMAL
OGFR,OPTIMAL,OPTIMAL,OPTIMAL,OPTIMAL
TCFL5,OPTIMAL,OPTIMAL,OPTIMAL,OPTIMAL
DIDO1,OPTIMAL,OPTIMAL,OPTIMAL,OPTIMAL
GID8,OPTIMAL,OPTIMAL,OPTIMAL,OPTIMAL
YTHDF1,OPTIMAL,OPTIMAL,OPTIMAL,OPTIMAL
ARFGAP1,OPTIMAL,OPTIMAL,OPTIMAL,OPTIMAL
KCNQ2,OPTIMAL,OPTIMAL,OPTIMAL,OPTIMAL
EEF1A2,OPTIMAL,OPTIMAL,OPTIMAL,OPTIMAL
PPDPF,OPTIMAL,OPTIMAL,OPTIMAL,OPTIMAL
GMEB2,OPTIMAL,OPTIMAL,OPTIMAL,OPTIMAL
STMN3,OPTIMAL,OPTIMAL,OPTIMAL,OPTIMAL
RTEL1,OPTIMAL,OPTIMAL,OPTIMAL,OPTIMAL
ARFRP1,OPTIMAL,OPTIMAL,OPTIMAL,OPTIMAL
ZGPAT,OPTIMAL,OPTIMAL,OPTIMAL,OPTIMAL
SLC2A4RG,OPTIMAL,OPTIMAL,OPTIMAL,OPTIMAL
ZBTB46,OPTIMAL,INFEASIBLE,OPTIMAL,OPTIMAL
TPD52L2,OPTIMAL,OPTIMAL,OPTIMAL,OPTIMAL
DNAJC5,OPTIMAL,OPTIMAL,OPTIMAL,OPTIMAL
ZNF512B,OPTIMAL,OPTIMAL,OPTIMAL,OPTIMAL
PRPF6,OPTIMAL,OPTIMAL,OPTIMAL,OPTIMAL
TCEA2,OPTIMAL,OPTIMAL,OPTIMAL,OPTIMAL
RGS19,OPTIMAL,INFEASIBLE,OPTIMAL,OPTIMAL
PCMTD2,OPTIMAL,OPTIMAL,OPTIMAL,OPTIMAL
HSPA13,OPTIMAL,OPTIMAL,OPTIMAL,OPTIMAL
NRIP1,OPTIMAL,OPTIMAL,OPTIMAL,OPTIMAL
USP25,OPTIMAL,OPTIMAL,OPTIMAL,OPTIMAL
CXADR,OPTIMAL,OPTIMAL,OPTIMAL,OPTIMAL
BTG3,OPTIMAL,OPTIMAL,OPTIMAL,OPTIMAL
C21orf91,OPTIMAL,OPTIMAL,OPTIMAL,OPTIMAL
NCAM2,OPTIMAL,INFEASIBLE,OPTIMAL,OPTIMAL
MRPL39,OPTIMAL,OPTIMAL,OPTIMAL,OPTIMAL
ATP5PF,OPTIMAL,OPTIMAL,OPTIMAL,OPTIMAL
GABPA,INFEASIBLE,OPTIMAL,OPTIMAL,OPTIMAL
APP,INFEASIBLE,OPTIMAL,OPTIMAL,INFEASIBLE
ADAMTS1,OPTIMAL,OPTIMAL,OPTIMAL,OPTIMAL
N6AMT1,OPTIMAL,OPTIMAL,OPTIMAL,OPTIMAL
LTN1,OPTIMAL,OPTIMAL,OPTIMAL,OPTIMAL
RWDD2B,OPTIMAL,OPTIMAL,OPTIMAL,OPTIMAL
USP16,OPTIMAL,OPTIMAL,OPTIMAL,OPTIMAL
CCT8,OPTIMAL,OPTIMAL,OPTIMAL,OPTIMAL
BACH1,OPTIMAL,OPTIMAL,OPTIMAL,OPTIMAL
TIAM1,OPTIMAL,INFEASIBLE,OPTIMAL,OPTIMAL
SOD1,OPTIMAL,OPTIMAL,OPTIMAL,OPTIMAL
SCAF4,OPTIMAL,OPTIMAL,OPTIMAL,OPTIMAL
HUNK,OPTIMAL,OPTIMAL,OPTIMAL,OPTIMAL
MIS18A,OPTIMAL,OPTIMAL,OPTIMAL,OPTIMAL
URB1,OPTIMAL,OPTIMAL,OPTIMAL,OPTIMAL
TCP10L,OPTIMAL,OPTIMAL,OPTIMAL,OPTIMAL
CFAP298,OPTIMAL,OPTIMAL,OPTIMAL,OPTIMAL
SYNJ1,OPTIMAL,OPTIMAL,OPTIMAL,OPTIMAL
PAXBP1,OPTIMAL,OPTIMAL,OPTIMAL,OPTIMAL
IFNAR2,OPTIMAL,OPTIMAL,OPTIMAL,OPTIMAL
IL10RB,OPTIMAL,OPTIMAL,OPTIMAL,OPTIMAL
IFNAR1,OPTIMAL,OPTIMAL,OPTIMAL,OPTIMAL
IFNGR2,OPTIMAL,OPTIMAL,OPTIMAL,OPTIMAL
TMEM50B,OPTIMAL,OPTIMAL,OPTIMAL,OPTIMAL
GART,INFEASIBLE,OPTIMAL,OPTIMAL,OPTIMAL
SON,INFEASIBLE,OPTIMAL,OPTIMAL,INFEASIBLE
DONSON,OPTIMAL,OPTIMAL,OPTIMAL,OPTIMAL
CRYZL1,OPTIMAL,OPTIMAL,OPTIMAL,OPTIMAL
ITSN1,INFEASIBLE,OPTIMAL,OPTIMAL,OPTIMAL
ATP5PO,OPTIMAL,OPTIMAL,OPTIMAL,OPTIMAL
MRPS6,OPTIMAL,OPTIMAL,OPTIMAL,OPTIMAL
SLC5A3,OPTIMAL,OPTIMAL,OPTIMAL,OPTIMAL
SMIM11,OPTIMAL,OPTIMAL,OPTIMAL,OPTIMAL
RCAN1,OPTIMAL,OPTIMAL,OPTIMAL,OPTIMAL
RUNX1,OPTIMAL,OPTIMAL,OPTIMAL,OPTIMAL
SETD4,OPTIMAL,OPTIMAL,OPTIMAL,OPTIMAL
CBR1,OPTIMAL,INFEASIBLE,OPTIMAL,OPTIMAL
CBR3,OPTIMAL,OPTIMAL,OPTIMAL,OPTIMAL
DOP1B,OPTIMAL,OPTIMAL,OPTIMAL,OPTIMAL
MORC3,OPTIMAL,OPTIMAL,OPTIMAL,OPTIMAL
CHAF1B,OPTIMAL,OPTIMAL,OPTIMAL,OPTIMAL
SIM2,OPTIMAL,OPTIMAL,OPTIMAL,OPTIMAL
HLCS,OPTIMAL,OPTIMAL,OPTIMAL,OPTIMAL
PIGP,OPTIMAL,OPTIMAL,OPTIMAL,OPTIMAL
TTC3,OPTIMAL,OPTIMAL,OPTIMAL,OPTIMAL
VPS26C,OPTIMAL,OPTIMAL,OPTIMAL,OPTIMAL
DYRK1A,OPTIMAL,INFEASIBLE,OPTIMAL,OPTIMAL
ETS2,OPTIMAL,OPTIMAL,OPTIMAL,OPTIMAL
PSMG1,OPTIMAL,OPTIMAL,OPTIMAL,OPTIMAL
BRWD1,OPTIMAL,OPTIMAL,OPTIMAL,OPTIMAL
HMGN1,OPTIMAL,OPTIMAL,OPTIMAL,OPTIMAL
GET1,OPTIMAL,OPTIMAL,OPTIMAL,OPTIMAL
DSCAM,OPTIMAL,OPTIMAL,OPTIMAL,OPTIMAL
BACE2,OPTIMAL,OPTIMAL,OPTIMAL,OPTIMAL
PRDM15,OPTIMAL,OPTIMAL,OPTIMAL,OPTIMAL
ZBTB21,OPTIMAL,OPTIMAL,OPTIMAL,OPTIMAL
PDE9A,OPTIMAL,OPTIMAL,OPTIMAL,OPTIMAL
WDR4,OPTIMAL,OPTIMAL,OPTIMAL,OPTIMAL
NDUFV3,OPTIMAL,OPTIMAL,OPTIMAL,OPTIMAL
PKNOX1,OPTIMAL,INFEASIBLE,OPTIMAL,OPTIMAL
CBS,OPTIMAL,OPTIMAL,OPTIMAL,OPTIMAL
U2AF1,OPTIMAL,OPTIMAL,OPTIMAL,OPTIMAL
RRP1B,INFEASIBLE,OPTIMAL,OPTIMAL,OPTIMAL
PDXK,OPTIMAL,OPTIMAL,OPTIMAL,OPTIMAL
CSTB,OPTIMAL,OPTIMAL,OPTIMAL,OPTIMAL
RRP1,OPTIMAL,OPTIMAL,OPTIMAL,OPTIMAL
AGPAT3,OPTIMAL,OPTIMAL,OPTIMAL,OPTIMAL
TRAPPC10,OPTIMAL,OPTIMAL,OPTIMAL,OPTIMAL
PWP2,OPTIMAL,OPTIMAL,OPTIMAL,OPTIMAL
GATD3,OPTIMAL,OPTIMAL,OPTIMAL,OPTIMAL
PFKL,OPTIMAL,OPTIMAL,OPTIMAL,OPTIMAL
CFAP410,OPTIMAL,OPTIMAL,OPTIMAL,OPTIMAL
UBE2G2,INFEASIBLE,OPTIMAL,INFEASIBLE,OPTIMAL
SUMO3,OPTIMAL,OPTIMAL,OPTIMAL,OPTIMAL
PTTG1IP,INFEASIBLE,OPTIMAL,OPTIMAL,OPTIMAL
SLX9,OPTIMAL,OPTIMAL,OPTIMAL,OPTIMAL
ADARB1,OPTIMAL,INFEASIBLE,OPTIMAL,OPTIMAL
POFUT2,OPTIMAL,OPTIMAL,OPTIMAL,OPTIMAL
COL18A1,OPTIMAL,OPTIMAL,OPTIMAL,OPTIMAL
SLC19A1,OPTIMAL,OPTIMAL,OPTIMAL,OPTIMAL
PCBP3,OPTIMAL,OPTIMAL,OPTIMAL,OPTIMAL
COL6A1,OPTIMAL,OPTIMAL,OPTIMAL,OPTIMAL
SPATC1L,OPTIMAL,OPTIMAL,OPTIMAL,OPTIMAL
LSS,OPTIMAL,OPTIMAL,OPTIMAL,OPTIMAL
MCM3AP,OPTIMAL,INFEASIBLE,OPTIMAL,OPTIMAL
YBEY,OPTIMAL,OPTIMAL,OPTIMAL,OPTIMAL
C21orf58,OPTIMAL,OPTIMAL,OPTIMAL,OPTIMAL
PCNT,INFEASIBLE,OPTIMAL,OPTIMAL,INFEASIBLE
DIP2A,OPTIMAL,INFEASIBLE,OPTIMAL,OPTIMAL
PRMT2,OPTIMAL,OPTIMAL,OPTIMAL,OPTIMAL
POTEH,INFEASIBLE,INFEASIBLE,OPTIMAL,INFEASIBLE
IL17RA,OPTIMAL,OPTIMAL,OPTIMAL,OPTIMAL
HDHD5,OPTIMAL,OPTIMAL,OPTIMAL,OPTIMAL
CECR2,OPTIMAL,OPTIMAL,OPTIMAL,OPTIMAL
ATP6V1E1,OPTIMAL,OPTIMAL,OPTIMAL,OPTIMAL
BCL2L13,INFEASIBLE,OPTIMAL,OPTIMAL,OPTIMAL
BID,OPTIMAL,OPTIMAL,OPTIMAL,OPTIMAL
MICAL3,OPTIMAL,OPTIMAL,OPTIMAL,OPTIMAL
PEX26,OPTIMAL,OPTIMAL,OPTIMAL,OPTIMAL
USP18,OPTIMAL,OPTIMAL,OPTIMAL,OPTIMAL
DGCR2,OPTIMAL,OPTIMAL,OPTIMAL,OPTIMAL
ESS2,OPTIMAL,OPTIMAL,OPTIMAL,OPTIMAL
SLC25A1,OPTIMAL,OPTIMAL,OPTIMAL,OPTIMAL
CLTCL1,OPTIMAL,OPTIMAL,OPTIMAL,OPTIMAL
HIRA,OPTIMAL,OPTIMAL,OPTIMAL,OPTIMAL
C22orf39,OPTIMAL,OPTIMAL,OPTIMAL,OPTIMAL
MRPL40,OPTIMAL,OPTIMAL,OPTIMAL,OPTIMAL
UFD1,OPTIMAL,OPTIMAL,OPTIMAL,OPTIMAL
CDC45,OPTIMAL,OPTIMAL,OPTIMAL,OPTIMAL
GP1BB,OPTIMAL,OPTIMAL,OPTIMAL,OPTIMAL
TBX1,OPTIMAL,OPTIMAL,OPTIMAL,OPTIMAL
GNB1L,OPTIMAL,OPTIMAL,OPTIMAL,OPTIMAL
RTL10,OPTIMAL,OPTIMAL,OPTIMAL,OPTIMAL
TXNRD2,OPTIMAL,OPTIMAL,OPTIMAL,OPTIMAL
COMT,OPTIMAL,OPTIMAL,OPTIMAL,OPTIMAL
TANGO2,OPTIMAL,OPTIMAL,OPTIMAL,OPTIMAL
DGCR8,OPTIMAL,OPTIMAL,OPTIMAL,OPTIMAL
TRMT2A,OPTIMAL,OPTIMAL,OPTIMAL,OPTIMAL
RANBP1,OPTIMAL,OPTIMAL,OPTIMAL,OPTIMAL
ZDHHC8,OPTIMAL,OPTIMAL,OPTIMAL,OPTIMAL
DGCR6L,OPTIMAL,OPTIMAL,OPTIMAL,OPTIMAL
ZNF74,OPTIMAL,OPTIMAL,OPTIMAL,OPTIMAL
SCARF2,OPTIMAL,OPTIMAL,OPTIMAL,OPTIMAL
KLHL22,OPTIMAL,OPTIMAL,OPTIMAL,OPTIMAL
MED15,OPTIMAL,OPTIMAL,OPTIMAL,OPTIMAL
PI4KA,OPTIMAL,OPTIMAL,OPTIMAL,OPTIMAL
SNAP29,OPTIMAL,OPTIMAL,OPTIMAL,OPTIMAL
CRKL,INFEASIBLE,OPTIMAL,OPTIMAL,OPTIMAL
LZTR1,OPTIMAL,OPTIMAL,OPTIMAL,OPTIMAL
THAP7,OPTIMAL,OPTIMAL,OPTIMAL,OPTIMAL
HIC2,OPTIMAL,OPTIMAL,OPTIMAL,OPTIMAL
UBE2L3,OPTIMAL,OPTIMAL,OPTIMAL,OPTIMAL
YDJC,OPTIMAL,OPTIMAL,OPTIMAL,OPTIMAL
SDF2L1,OPTIMAL,OPTIMAL,OPTIMAL,OPTIMAL
PPIL2,OPTIMAL,OPTIMAL,OPTIMAL,OPTIMAL
YPEL1,OPTIMAL,OPTIMAL,OPTIMAL,OPTIMAL
MAPK1,OPTIMAL,OPTIMAL,OPTIMAL,OPTIMAL
PPM1F,INFEASIBLE,OPTIMAL,OPTIMAL,OPTIMAL
TOP3B,OPTIMAL,OPTIMAL,OPTIMAL,OPTIMAL
ZNF280B,OPTIMAL,OPTIMAL,OPTIMAL,OPTIMAL
PRAME,OPTIMAL,OPTIMAL,OPTIMAL,OPTIMAL
GNAZ,INFEASIBLE,OPTIMAL,OPTIMAL,OPTIMAL
BCR,OPTIMAL,OPTIMAL,OPTIMAL,OPTIMAL
ZNF70,OPTIMAL,OPTIMAL,OPTIMAL,OPTIMAL
CHCHD10,OPTIMAL,OPTIMAL,OPTIMAL,OPTIMAL
SMARCB1,OPTIMAL,OPTIMAL,OPTIMAL,OPTIMAL
DERL3,OPTIMAL,OPTIMAL,OPTIMAL,OPTIMAL
SLC2A11,OPTIMAL,OPTIMAL,OPTIMAL,OPTIMAL
MIF,OPTIMAL,OPTIMAL,OPTIMAL,OPTIMAL
DDT,OPTIMAL,OPTIMAL,OPTIMAL,OPTIMAL
CABIN1,OPTIMAL,INFEASIBLE,OPTIMAL,OPTIMAL
SPECC1L,OPTIMAL,OPTIMAL,OPTIMAL,OPTIMAL
GUCD1,OPTIMAL,OPTIMAL,OPTIMAL,OPTIMAL
SNRPD3,OPTIMAL,OPTIMAL,OPTIMAL,OPTIMAL
SGSM1,OPTIMAL,OPTIMAL,OPTIMAL,OPTIMAL
KIAA1671,OPTIMAL,OPTIMAL,OPTIMAL,OPTIMAL
GRK3,OPTIMAL,OPTIMAL,OPTIMAL,OPTIMAL
ASPHD2,OPTIMAL,INFEASIBLE,OPTIMAL,OPTIMAL
HPS4,OPTIMAL,OPTIMAL,OPTIMAL,OPTIMAL
SRRD,OPTIMAL,OPTIMAL,OPTIMAL,OPTIMAL
TFIP11,OPTIMAL,OPTIMAL,OPTIMAL,OPTIMAL
TPST2,OPTIMAL,OPTIMAL,OPTIMAL,OPTIMAL
PITPNB,INFEASIBLE,OPTIMAL,OPTIMAL,OPTIMAL
TTC28,OPTIMAL,OPTIMAL,OPTIMAL,OPTIMAL
CHEK2,OPTIMAL,OPTIMAL,OPTIMAL,OPTIMAL
HSCB,OPTIMAL,INFEASIBLE,OPTIMAL,OPTIMAL
CCDC117,OPTIMAL,OPTIMAL,OPTIMAL,OPTIMAL
XBP1,INFEASIBLE,OPTIMAL,OPTIMAL,OPTIMAL
ZNRF3,OPTIMAL,INFEASIBLE,OPTIMAL,OPTIMAL
KREMEN1,OPTIMAL,OPTIMAL,OPTIMAL,OPTIMAL
EMID1,OPTIMAL,OPTIMAL,OPTIMAL,OPTIMAL
RHBDD3,OPTIMAL,OPTIMAL,OPTIMAL,OPTIMAL
EWSR1,INFEASIBLE,OPTIMAL,OPTIMAL,OPTIMAL
AP1B1,OPTIMAL,OPTIMAL,OPTIMAL,OPTIMAL
THOC5,INFEASIBLE,OPTIMAL,OPTIMAL,OPTIMAL
NIPSNAP1,OPTIMAL,OPTIMAL,OPTIMAL,OPTIMAL
NF2,OPTIMAL,OPTIMAL,OPTIMAL,OPTIMAL
ZMAT5,OPTIMAL,OPTIMAL,OPTIMAL,OPTIMAL
UQCR10,OPTIMAL,OPTIMAL,OPTIMAL,OPTIMAL
ASCC2,OPTIMAL,OPTIMAL,OPTIMAL,OPTIMAL
MTMR3,OPTIMAL,OPTIMAL,OPTIMAL,OPTIMAL
TBC1D10A,OPTIMAL,OPTIMAL,OPTIMAL,OPTIMAL
SF3A1,OPTIMAL,OPTIMAL,OPTIMAL,OPTIMAL
RNF215,OPTIMAL,OPTIMAL,OPTIMAL,OPTIMAL
SEC14L2,OPTIMAL,OPTIMAL,OPTIMAL,OPTIMAL
MTFP1,OPTIMAL,OPTIMAL,OPTIMAL,OPTIMAL
PES1,OPTIMAL,INFEASIBLE,OPTIMAL,OPTIMAL
SLC35E4,OPTIMAL,OPTIMAL,OPTIMAL,OPTIMAL
DUSP18,OPTIMAL,OPTIMAL,OPTIMAL,OPTIMAL
OSBP2,OPTIMAL,OPTIMAL,OPTIMAL,OPTIMAL
MORC2,INFEASIBLE,OPTIMAL,OPTIMAL,OPTIMAL
TUG1,OPTIMAL,OPTIMAL,OPTIMAL,OPTIMAL
SMTN,OPTIMAL,OPTIMAL,OPTIMAL,OPTIMAL
SELENOM,OPTIMAL,OPTIMAL,OPTIMAL,OPTIMAL
RNF185,OPTIMAL,OPTIMAL,OPTIMAL,OPTIMAL
LIMK2,OPTIMAL,OPTIMAL,OPTIMAL,OPTIMAL
PATZ1,OPTIMAL,OPTIMAL,OPTIMAL,OPTIMAL
DRG1,OPTIMAL,OPTIMAL,OPTIMAL,OPTIMAL
EIF4ENIF1,OPTIMAL,OPTIMAL,OPTIMAL,OPTIMAL
SFI1,OPTIMAL,OPTIMAL,OPTIMAL,OPTIMAL
PISD,OPTIMAL,OPTIMAL,OPTIMAL,OPTIMAL
PRR14L,INFEASIBLE,OPTIMAL,OPTIMAL,OPTIMAL
DEPDC5,OPTIMAL,OPTIMAL,OPTIMAL,OPTIMAL
YWHAH,OPTIMAL,OPTIMAL,OPTIMAL,OPTIMAL
RTCB,INFEASIBLE,OPTIMAL,OPTIMAL,OPTIMAL
FBXO7,OPTIMAL,OPTIMAL,OPTIMAL,OPTIMAL
SYN3,OPTIMAL,OPTIMAL,OPTIMAL,OPTIMAL
TIMP3,OPTIMAL,OPTIMAL,OPTIMAL,OPTIMAL
LARGE1,OPTIMAL,OPTIMAL,OPTIMAL,OPTIMAL
HMGXB4,OPTIMAL,OPTIMAL,OPTIMAL,OPTIMAL
TOM1,OPTIMAL,OPTIMAL,OPTIMAL,OPTIMAL
HMOX1,OPTIMAL,OPTIMAL,OPTIMAL,OPTIMAL
MCM5,OPTIMAL,OPTIMAL,OPTIMAL,OPTIMAL
RBFOX2,OPTIMAL,OPTIMAL,OPTIMAL,OPTIMAL
APOL2,OPTIMAL,OPTIMAL,OPTIMAL,OPTIMAL
MYH9,INFEASIBLE,OPTIMAL,OPTIMAL,OPTIMAL
TXN2,OPTIMAL,OPTIMAL,OPTIMAL,OPTIMAL
FOXRED2,OPTIMAL,OPTIMAL,OPTIMAL,OPTIMAL
EIF3D,OPTIMAL,OPTIMAL,OPTIMAL,OPTIMAL
IFT27,OPTIMAL,OPTIMAL,OPTIMAL,OPTIMAL
TST,OPTIMAL,OPTIMAL,OPTIMAL,OPTIMAL
MPST,OPTIMAL,OPTIMAL,OPTIMAL,OPTIMAL
KCTD17,OPTIMAL,OPTIMAL,OPTIMAL,OPTIMAL
CDC42EP1,INFEASIBLE,OPTIMAL,OPTIMAL,OPTIMAL
GGA1,OPTIMAL,OPTIMAL,OPTIMAL,OPTIMAL
SH3BP1,OPTIMAL,OPTIMAL,OPTIMAL,OPTIMAL
PDXP,OPTIMAL,OPTIMAL,OPTIMAL,OPTIMAL
NOL12,OPTIMAL,OPTIMAL,OPTIMAL,OPTIMAL
TRIOBP,OPTIMAL,OPTIMAL,OPTIMAL,OPTIMAL
GCAT,OPTIMAL,OPTIMAL,OPTIMAL,OPTIMAL
ANKRD54,OPTIMAL,OPTIMAL,OPTIMAL,OPTIMAL
EIF3L,OPTIMAL,OPTIMAL,OPTIMAL,OPTIMAL
MICALL1,OPTIMAL,OPTIMAL,OPTIMAL,OPTIMAL
POLR2F,OPTIMAL,OPTIMAL,OPTIMAL,OPTIMAL
PICK1,OPTIMAL,OPTIMAL,OPTIMAL,OPTIMAL
PLA2G6,OPTIMAL,OPTIMAL,OPTIMAL,OPTIMAL
TMEM184B,OPTIMAL,OPTIMAL,OPTIMAL,OPTIMAL
CSNK1E,OPTIMAL,OPTIMAL,OPTIMAL,OPTIMAL
KDELR3,OPTIMAL,OPTIMAL,OPTIMAL,OPTIMAL
DDX17,INFEASIBLE,OPTIMAL,OPTIMAL,OPTIMAL
DMC1,OPTIMAL,OPTIMAL,OPTIMAL,OPTIMAL
FAM227A,OPTIMAL,OPTIMAL,OPTIMAL,OPTIMAL
CBY1,OPTIMAL,OPTIMAL,OPTIMAL,OPTIMAL
TOMM22,OPTIMAL,OPTIMAL,OPTIMAL,OPTIMAL
JOSD1,OPTIMAL,OPTIMAL,OPTIMAL,OPTIMAL
GTPBP1,OPTIMAL,OPTIMAL,OPTIMAL,OPTIMAL
SUN2,OPTIMAL,OPTIMAL,OPTIMAL,OPTIMAL
CBX6,OPTIMAL,OPTIMAL,OPTIMAL,OPTIMAL
APOBEC3C,OPTIMAL,OPTIMAL,OPTIMAL,OPTIMAL
RPL3,OPTIMAL,OPTIMAL,OPTIMAL,OPTIMAL
SYNGR1,OPTIMAL,OPTIMAL,OPTIMAL,OPTIMAL
TAB1,OPTIMAL,OPTIMAL,OPTIMAL,OPTIMAL
MIEF1,INFEASIBLE,OPTIMAL,OPTIMAL,OPTIMAL
ATF4,OPTIMAL,OPTIMAL,OPTIMAL,OPTIMAL
RPS19BP1,OPTIMAL,OPTIMAL,OPTIMAL,OPTIMAL
TNRC6B,OPTIMAL,OPTIMAL,OPTIMAL,OPTIMAL
ADSL,OPTIMAL,OPTIMAL,OPTIMAL,OPTIMAL
SGSM3,OPTIMAL,OPTIMAL,OPTIMAL,OPTIMAL
MRTFA,OPTIMAL,OPTIMAL,OPTIMAL,OPTIMAL
SLC25A17,INFEASIBLE,OPTIMAL,OPTIMAL,OPTIMAL
ST13,INFEASIBLE,OPTIMAL,OPTIMAL,INFEASIBLE
XPNPEP3,OPTIMAL,OPTIMAL,OPTIMAL,OPTIMAL
RBX1,OPTIMAL,OPTIMAL,OPTIMAL,OPTIMAL
EP300,INFEASIBLE,OPTIMAL,OPTIMAL,OPTIMAL
L3MBTL2,OPTIMAL,OPTIMAL,OPTIMAL,OPTIMAL
RANGAP1,INFEASIBLE,OPTIMAL,OPTIMAL,OPTIMAL
ZC3H7B,OPTIMAL,OPTIMAL,OPTIMAL,OPTIMAL
TOB2,INFEASIBLE,OPTIMAL,OPTIMAL,OPTIMAL
ACO2,OPTIMAL,OPTIMAL,OPTIMAL,OPTIMAL
PHF5A,OPTIMAL,OPTIMAL,OPTIMAL,OPTIMAL
POLR3H,OPTIMAL,OPTIMAL,OPTIMAL,OPTIMAL
PMM1,OPTIMAL,OPTIMAL,OPTIMAL,OPTIMAL
DESI1,OPTIMAL,OPTIMAL,OPTIMAL,OPTIMAL
XRCC6,INFEASIBLE,OPTIMAL,OPTIMAL,OPTIMAL
SNU13,OPTIMAL,OPTIMAL,OPTIMAL,OPTIMAL
CCDC134,OPTIMAL,OPTIMAL,OPTIMAL,OPTIMAL
SREBF2,OPTIMAL,OPTIMAL,OPTIMAL,OPTIMAL
CENPM,OPTIMAL,OPTIMAL,OPTIMAL,OPTIMAL
WBP2NL,OPTIMAL,OPTIMAL,OPTIMAL,OPTIMAL
NAGA,OPTIMAL,OPTIMAL,OPTIMAL,OPTIMAL
SMDT1,OPTIMAL,OPTIMAL,OPTIMAL,OPTIMAL
NDUFA6,OPTIMAL,OPTIMAL,OPTIMAL,OPTIMAL
TCF20,OPTIMAL,OPTIMAL,OPTIMAL,OPTIMAL
RRP7A,OPTIMAL,OPTIMAL,OPTIMAL,OPTIMAL
POLDIP3,OPTIMAL,OPTIMAL,OPTIMAL,OPTIMAL
CYB5R3,OPTIMAL,OPTIMAL,OPTIMAL,OPTIMAL
ARFGAP3,OPTIMAL,OPTIMAL,OPTIMAL,OPTIMAL
PACSIN2,OPTIMAL,OPTIMAL,OPTIMAL,OPTIMAL
MCAT,OPTIMAL,OPTIMAL,OPTIMAL,OPTIMAL
TSPO,OPTIMAL,OPTIMAL,OPTIMAL,OPTIMAL
TTLL12,INFEASIBLE,OPTIMAL,OPTIMAL,OPTIMAL
PNPLA3,OPTIMAL,OPTIMAL,OPTIMAL,OPTIMAL
SAMM50,OPTIMAL,OPTIMAL,OPTIMAL,OPTIMAL
PARVB,OPTIMAL,OPTIMAL,OPTIMAL,OPTIMAL
RTL6,OPTIMAL,OPTIMAL,OPTIMAL,OPTIMAL
PRR5,OPTIMAL,OPTIMAL,OPTIMAL,OPTIMAL
ARHGAP8,OPTIMAL,OPTIMAL,OPTIMAL,OPTIMAL
PHF21B,OPTIMAL,OPTIMAL,OPTIMAL,OPTIMAL
NUP50,OPTIMAL,OPTIMAL,OPTIMAL,OPTIMAL
KIAA0930,OPTIMAL,INFEASIBLE,OPTIMAL,OPTIMAL
FAM118A,OPTIMAL,OPTIMAL,OPTIMAL,OPTIMAL
RIBC2,OPTIMAL,OPTIMAL,OPTIMAL,OPTIMAL
FBLN1,OPTIMAL,OPTIMAL,OPTIMAL,OPTIMAL
ATXN10,OPTIMAL,OPTIMAL,OPTIMAL,OPTIMAL
PPARA,OPTIMAL,OPTIMAL,OPTIMAL,OPTIMAL
CDPF1,OPTIMAL,OPTIMAL,OPTIMAL,OPTIMAL
TTC38,OPTIMAL,OPTIMAL,OPTIMAL,OPTIMAL
GTSE1,INFEASIBLE,OPTIMAL,OPTIMAL,OPTIMAL
TRMU,OPTIMAL,OPTIMAL,OPTIMAL,OPTIMAL
CELSR1,OPTIMAL,OPTIMAL,OPTIMAL,OPTIMAL
GRAMD4,OPTIMAL,OPTIMAL,OPTIMAL,OPTIMAL
CERK,OPTIMAL,OPTIMAL,OPTIMAL,OPTIMAL
TBC1D22A,OPTIMAL,OPTIMAL,OPTIMAL,OPTIMAL
BRD1,INFEASIBLE,OPTIMAL,OPTIMAL,OPTIMAL
ZBED4,INFEASIBLE,OPTIMAL,OPTIMAL,OPTIMAL
ALG12,OPTIMAL,OPTIMAL,OPTIMAL,OPTIMAL
CRELD2,OPTIMAL,OPTIMAL,OPTIMAL,OPTIMAL
PIM3,OPTIMAL,OPTIMAL,OPTIMAL,OPTIMAL
TRABD,OPTIMAL,OPTIMAL,OPTIMAL,OPTIMAL
SELENOO,OPTIMAL,OPTIMAL,OPTIMAL,OPTIMAL
TUBGCP6,OPTIMAL,OPTIMAL,OPTIMAL,OPTIMAL
MAPK12,OPTIMAL,OPTIMAL,OPTIMAL,OPTIMAL
PLXNB2,OPTIMAL,OPTIMAL,OPTIMAL,OPTIMAL
PPP6R2,INFEASIBLE,OPTIMAL,OPTIMAL,OPTIMAL
SBF1,OPTIMAL,OPTIMAL,OPTIMAL,OPTIMAL
LMF2,OPTIMAL,OPTIMAL,OPTIMAL,OPTIMAL
NCAPH2,OPTIMAL,OPTIMAL,OPTIMAL,OPTIMAL
SCO2,OPTIMAL,OPTIMAL,OPTIMAL,OPTIMAL
TYMP,OPTIMAL,OPTIMAL,OPTIMAL,OPTIMAL
CHKB,OPTIMAL,OPTIMAL,OPTIMAL,OPTIMAL
MAPK8IP2,OPTIMAL,OPTIMAL,OPTIMAL,OPTIMAL
SHANK3,OPTIMAL,INFEASIBLE,OPTIMAL,OPTIMAL
RABL2B,OPTIMAL,OPTIMAL,OPTIMAL,OPTIMAL
PLCXD1,OPTIMAL,OPTIMAL,OPTIMAL,OPTIMAL
GTPBP6,OPTIMAL,OPTIMAL,OPTIMAL,OPTIMAL
PPP2R3B,OPTIMAL,OPTIMAL,OPTIMAL,OPTIMAL
SLC25A6,OPTIMAL,OPTIMAL,OPTIMAL,OPTIMAL
ASMTL,OPTIMAL,OPTIMAL,OPTIMAL,OPTIMAL
AKAP17A,OPTIMAL,OPTIMAL,OPTIMAL,OPTIMAL
DHRSX,OPTIMAL,INFEASIBLE,OPTIMAL,OPTIMAL
CD99,OPTIMAL,OPTIMAL,OPTIMAL,OPTIMAL
GYG2,OPTIMAL,OPTIMAL,OPTIMAL,OPTIMAL
PRKX,OPTIMAL,OPTIMAL,OPTIMAL,OPTIMAL
PUDP,OPTIMAL,OPTIMAL,OPTIMAL,OPTIMAL
STS,OPTIMAL,OPTIMAL,OPTIMAL,OPTIMAL
PNPLA4,OPTIMAL,OPTIMAL,OPTIMAL,OPTIMAL
TBL1X,OPTIMAL,OPTIMAL,OPTIMAL,OPTIMAL
SHROOM2,INFEASIBLE,OPTIMAL,OPTIMAL,INFEASIBLE
MID1,OPTIMAL,INFEASIBLE,OPTIMAL,OPTIMAL
HCCS,INFEASIBLE,OPTIMAL,OPTIMAL,OPTIMAL
MSL3,OPTIMAL,OPTIMAL,OPTIMAL,OPTIMAL
FRMPD4,OPTIMAL,OPTIMAL,OPTIMAL,OPTIMAL
PRPS2,OPTIMAL,OPTIMAL,OPTIMAL,OPTIMAL
TMSB4X,OPTIMAL,OPTIMAL,OPTIMAL,OPTIMAL
RAB9A,OPTIMAL,OPTIMAL,OPTIMAL,OPTIMAL
TRAPPC2,OPTIMAL,OPTIMAL,OPTIMAL,OPTIMAL
OFD1,OPTIMAL,OPTIMAL,OPTIMAL,OPTIMAL
GPM6B,OPTIMAL,OPTIMAL,OPTIMAL,OPTIMAL
GEMIN8,OPTIMAL,OPTIMAL,OPTIMAL,OPTIMAL
FANCB,OPTIMAL,OPTIMAL,OPTIMAL,OPTIMAL
MOSPD2,OPTIMAL,OPTIMAL,OPTIMAL,OPTIMAL
PIGA,OPTIMAL,OPTIMAL,OPTIMAL,OPTIMAL
PIR,OPTIMAL,OPTIMAL,OPTIMAL,OPTIMAL
CA5B,OPTIMAL,OPTIMAL,OPTIMAL,OPTIMAL
ZRSR2,OPTIMAL,OPTIMAL,OPTIMAL,OPTIMAL
AP1S2,OPTIMAL,OPTIMAL,OPTIMAL,OPTIMAL
CTPS2,OPTIMAL,OPTIMAL,OPTIMAL,OPTIMAL
SYAP1,OPTIMAL,OPTIMAL,OPTIMAL,OPTIMAL
TXLNG,OPTIMAL,OPTIMAL,OPTIMAL,OPTIMAL
RBBP7,INFEASIBLE,OPTIMAL,OPTIMAL,OPTIMAL
NHS,OPTIMAL,OPTIMAL,OPTIMAL,OPTIMAL
SCML1,OPTIMAL,OPTIMAL,OPTIMAL,OPTIMAL
SCML2,OPTIMAL,OPTIMAL,OPTIMAL,OPTIMAL
CDKL5,OPTIMAL,OPTIMAL,OPTIMAL,OPTIMAL
PHKA2,OPTIMAL,OPTIMAL,OPTIMAL,OPTIMAL
PDHA1,INFEASIBLE,OPTIMAL,OPTIMAL,OPTIMAL
MAP3K15,OPTIMAL,OPTIMAL,OPTIMAL,OPTIMAL
SH3KBP1,OPTIMAL,OPTIMAL,OPTIMAL,OPTIMAL
BCLAF3,OPTIMAL,OPTIMAL,OPTIMAL,OPTIMAL
MAP7D2,OPTIMAL,OPTIMAL,OPTIMAL,OPTIMAL
EIF1AX,OPTIMAL,OPTIMAL,OPTIMAL,OPTIMAL
RPS6KA3,OPTIMAL,OPTIMAL,OPTIMAL,OPTIMAL
CNKSR2,OPTIMAL,OPTIMAL,OPTIMAL,OPTIMAL
MBTPS2,OPTIMAL,OPTIMAL,OPTIMAL,OPTIMAL
SMS,OPTIMAL,OPTIMAL,OPTIMAL,OPTIMAL
PRDX4,OPTIMAL,OPTIMAL,OPTIMAL,OPTIMAL
ACOT9,OPTIMAL,OPTIMAL,OPTIMAL,OPTIMAL
SAT1,OPTIMAL,OPTIMAL,OPTIMAL,OPTIMAL
APOO,OPTIMAL,OPTIMAL,OPTIMAL,OPTIMAL
KLHL15,OPTIMAL,OPTIMAL,OPTIMAL,OPTIMAL
EIF2S3,OPTIMAL,OPTIMAL,OPTIMAL,OPTIMAL
ZFX,OPTIMAL,OPTIMAL,OPTIMAL,OPTIMAL
PDK3,OPTIMAL,OPTIMAL,OPTIMAL,OPTIMAL
POLA1,OPTIMAL,OPTIMAL,OPTIMAL,OPTIMAL
IL1RAPL1,OPTIMAL,OPTIMAL,OPTIMAL,OPTIMAL
GK,OPTIMAL,OPTIMAL,OPTIMAL,OPTIMAL
TAB3,OPTIMAL,OPTIMAL,OPTIMAL,OPTIMAL
DMD,INFEASIBLE,OPTIMAL,OPTIMAL,OPTIMAL
TMEM47,OPTIMAL,OPTIMAL,OPTIMAL,OPTIMAL
PRRG1,OPTIMAL,OPTIMAL,OPTIMAL,OPTIMAL
DYNLT3,OPTIMAL,OPTIMAL,OPTIMAL,OPTIMAL
RPGR,INFEASIBLE,OPTIMAL,OPTIMAL,OPTIMAL
TSPAN7,OPTIMAL,OPTIMAL,OPTIMAL,OPTIMAL
MID1IP1,OPTIMAL,OPTIMAL,OPTIMAL,OPTIMAL
BCOR,OPTIMAL,INFEASIBLE,OPTIMAL,OPTIMAL
ATP6AP2,OPTIMAL,OPTIMAL,OPTIMAL,OPTIMAL
CXorf38,OPTIMAL,OPTIMAL,OPTIMAL,OPTIMAL
MED14,OPTIMAL,OPTIMAL,OPTIMAL,OPTIMAL
USP9X,OPTIMAL,OPTIMAL,OPTIMAL,OPTIMAL
DDX3X,OPTIMAL,OPTIMAL,OPTIMAL,OPTIMAL
CASK,OPTIMAL,OPTIMAL,OPTIMAL,OPTIMAL
FUNDC1,OPTIMAL,OPTIMAL,OPTIMAL,OPTIMAL
KDM6A,OPTIMAL,OPTIMAL,OPTIMAL,OPTIMAL
KRBOX4,OPTIMAL,INFEASIBLE,OPTIMAL,OPTIMAL
SLC9A7,OPTIMAL,OPTIMAL,OPTIMAL,OPTIMAL
RP2,OPTIMAL,OPTIMAL,OPTIMAL,OPTIMAL
JADE3,INFEASIBLE,OPTIMAL,OPTIMAL,OPTIMAL
NDUFB11,OPTIMAL,OPTIMAL,OPTIMAL,OPTIMAL
RBM10,OPTIMAL,OPTIMAL,OPTIMAL,OPTIMAL
UBA1,OPTIMAL,OPTIMAL,OPTIMAL,OPTIMAL
CDK16,OPTIMAL,OPTIMAL,OPTIMAL,OPTIMAL
USP11,OPTIMAL,OPTIMAL,OPTIMAL,OPTIMAL
ZNF41,OPTIMAL,OPTIMAL,OPTIMAL,OPTIMAL
ARAF,OPTIMAL,OPTIMAL,OPTIMAL,OPTIMAL
TIMP1,OPTIMAL,OPTIMAL,OPTIMAL,OPTIMAL
ELK1,OPTIMAL,OPTIMAL,OPTIMAL,OPTIMAL
UXT,OPTIMAL,OPTIMAL,OPTIMAL,OPTIMAL
ZNF81,INFEASIBLE,OPTIMAL,OPTIMAL,OPTIMAL
FTSJ1,OPTIMAL,OPTIMAL,OPTIMAL,OPTIMAL
EBP,OPTIMAL,OPTIMAL,INFEASIBLE,OPTIMAL
TBC1D25,OPTIMAL,OPTIMAL,OPTIMAL,OPTIMAL
RBM3,OPTIMAL,OPTIMAL,OPTIMAL,OPTIMAL
WDR13,OPTIMAL,OPTIMAL,OPTIMAL,OPTIMAL
SUV39H1,OPTIMAL,OPTIMAL,OPTIMAL,OPTIMAL
HDAC6,OPTIMAL,OPTIMAL,OPTIMAL,OPTIMAL
PCSK1N,OPTIMAL,OPTIMAL,OPTIMAL,OPTIMAL
PQBP1,OPTIMAL,OPTIMAL,OPTIMAL,OPTIMAL
TIMM17B,OPTIMAL,OPTIMAL,OPTIMAL,OPTIMAL
SLC35A2,OPTIMAL,OPTIMAL,OPTIMAL,OPTIMAL
PIM2,OPTIMAL,OPTIMAL,OPTIMAL,OPTIMAL
OTUD5,OPTIMAL,OPTIMAL,OPTIMAL,OPTIMAL
GRIPAP1,OPTIMAL,OPTIMAL,OPTIMAL,OPTIMAL
TFE3,OPTIMAL,OPTIMAL,OPTIMAL,OPTIMAL
PRAF2,OPTIMAL,OPTIMAL,OPTIMAL,OPTIMAL
WDR45,OPTIMAL,OPTIMAL,OPTIMAL,OPTIMAL
GPKOW,OPTIMAL,OPTIMAL,OPTIMAL,OPTIMAL
PLP2,OPTIMAL,OPTIMAL,OPTIMAL,OPTIMAL
PRICKLE3,OPTIMAL,OPTIMAL,OPTIMAL,OPTIMAL
SYP,OPTIMAL,OPTIMAL,OPTIMAL,OPTIMAL
CCDC22,OPTIMAL,OPTIMAL,OPTIMAL,OPTIMAL
CLCN5,OPTIMAL,OPTIMAL,OPTIMAL,OPTIMAL
NUDT11,OPTIMAL,OPTIMAL,OPTIMAL,OPTIMAL
GSPT2,OPTIMAL,INFEASIBLE,OPTIMAL,OPTIMAL
MAGED1,INFEASIBLE,OPTIMAL,OPTIMAL,OPTIMAL
FAM156A,OPTIMAL,OPTIMAL,OPTIMAL,OPTIMAL
TSPYL2,OPTIMAL,OPTIMAL,OPTIMAL,OPTIMAL
KANTR,OPTIMAL,OPTIMAL,OPTIMAL,OPTIMAL
KDM5C,OPTIMAL,OPTIMAL,OPTIMAL,OPTIMAL
IQSEC2,OPTIMAL,OPTIMAL,OPTIMAL,OPTIMAL
SMC1A,INFEASIBLE,OPTIMAL,OPTIMAL,INFEASIBLE
HSD17B10,OPTIMAL,OPTIMAL,OPTIMAL,OPTIMAL
HUWE1,INFEASIBLE,OPTIMAL,INFEASIBLE,INFEASIBLE
PHF8,OPTIMAL,OPTIMAL,OPTIMAL,OPTIMAL
FAM120C,OPTIMAL,OPTIMAL,OPTIMAL,OPTIMAL
WNK3,OPTIMAL,OPTIMAL,OPTIMAL,OPTIMAL
TSR2,OPTIMAL,OPTIMAL,OPTIMAL,OPTIMAL
FGD1,OPTIMAL,OPTIMAL,OPTIMAL,OPTIMAL
GNL3L,OPTIMAL,OPTIMAL,OPTIMAL,OPTIMAL
MAGED2,OPTIMAL,OPTIMAL,OPTIMAL,OPTIMAL
APEX2,OPTIMAL,OPTIMAL,OPTIMAL,OPTIMAL
FAM104B,OPTIMAL,OPTIMAL,OPTIMAL,OPTIMAL
RRAGB,OPTIMAL,OPTIMAL,OPTIMAL,OPTIMAL
UBQLN2,OPTIMAL,OPTIMAL,OPTIMAL,OPTIMAL
NBDY,OPTIMAL,OPTIMAL,OPTIMAL,OPTIMAL
SPIN3,OPTIMAL,INFEASIBLE,OPTIMAL,OPTIMAL
SPIN2B,OPTIMAL,OPTIMAL,OPTIMAL,OPTIMAL
SPIN4,OPTIMAL,OPTIMAL,OPTIMAL,OPTIMAL
ARHGEF9,OPTIMAL,INFEASIBLE,OPTIMAL,OPTIMAL
AMER1,OPTIMAL,INFEASIBLE,OPTIMAL,OPTIMAL
MTMR8,OPTIMAL,OPTIMAL,INFEASIBLE,OPTIMAL
ZC4H2,OPTIMAL,OPTIMAL,OPTIMAL,OPTIMAL
ZC3H12B,OPTIMAL,OPTIMAL,OPTIMAL,OPTIMAL
LAS1L,INFEASIBLE,OPTIMAL,OPTIMAL,INFEASIBLE
MSN,OPTIMAL,OPTIMAL,OPTIMAL,OPTIMAL
AR,OPTIMAL,OPTIMAL,OPTIMAL,OPTIMAL
OPHN1,OPTIMAL,OPTIMAL,OPTIMAL,OPTIMAL
YIPF6,OPTIMAL,OPTIMAL,OPTIMAL,OPTIMAL
PJA1,OPTIMAL,OPTIMAL,OPTIMAL,OPTIMAL
NALF2,OPTIMAL,INFEASIBLE,OPTIMAL,OPTIMAL
EDA,OPTIMAL,OPTIMAL,OPTIMAL,OPTIMAL
IGBP1,OPTIMAL,OPTIMAL,OPTIMAL,OPTIMAL
PDZD11,OPTIMAL,OPTIMAL,OPTIMAL,OPTIMAL
KIF4A,INFEASIBLE,OPTIMAL,OPTIMAL,OPTIMAL
DLG3,OPTIMAL,OPTIMAL,OPTIMAL,OPTIMAL
SNX12,OPTIMAL,OPTIMAL,OPTIMAL,OPTIMAL
MED12,OPTIMAL,OPTIMAL,OPTIMAL,OPTIMAL
ZMYM3,OPTIMAL,OPTIMAL,OPTIMAL,OPTIMAL
NONO,INFEASIBLE,OPTIMAL,OPTIMAL,INFEASIBLE
TAF1,OPTIMAL,OPTIMAL,OPTIMAL,OPTIMAL
OGT,OPTIMAL,OPTIMAL,OPTIMAL,OPTIMAL
NHSL2,OPTIMAL,INFEASIBLE,OPTIMAL,OPTIMAL
PIN4,OPTIMAL,OPTIMAL,OPTIMAL,OPTIMAL
ERCC6L,OPTIMAL,OPTIMAL,OPTIMAL,OPTIMAL
RPS4X,OPTIMAL,OPTIMAL,OPTIMAL,OPTIMAL
CITED1,OPTIMAL,OPTIMAL,OPTIMAL,OPTIMAL
HDAC8,INFEASIBLE,OPTIMAL,INFEASIBLE,OPTIMAL
PHKA1,OPTIMAL,OPTIMAL,OPTIMAL,OPTIMAL
CHIC1,OPTIMAL,OPTIMAL,OPTIMAL,OPTIMAL
SLC16A2,OPTIMAL,OPTIMAL,OPTIMAL,OPTIMAL
RLIM,OPTIMAL,OPTIMAL,INFEASIBLE,OPTIMAL
ABCB7,OPTIMAL,INFEASIBLE,OPTIMAL,OPTIMAL
UPRT,OPTIMAL,OPTIMAL,OPTIMAL,OPTIMAL
PBDC1,OPTIMAL,OPTIMAL,OPTIMAL,OPTIMAL
ATRX,OPTIMAL,INFEASIBLE,OPTIMAL,OPTIMAL
MAGT1,OPTIMAL,OPTIMAL,OPTIMAL,OPTIMAL
COX7B,OPTIMAL,OPTIMAL,OPTIMAL,OPTIMAL
ATP7A,INFEASIBLE,OPTIMAL,OPTIMAL,OPTIMAL
PGK1,OPTIMAL,OPTIMAL,OPTIMAL,OPTIMAL
TAF9B,OPTIMAL,OPTIMAL,OPTIMAL,OPTIMAL
LPAR4,OPTIMAL,OPTIMAL,OPTIMAL,INFEASIBLE
BRWD3,INFEASIBLE,OPTIMAL,OPTIMAL,OPTIMAL
HMGN5,OPTIMAL,OPTIMAL,OPTIMAL,OPTIMAL
SH3BGRL,INFEASIBLE,OPTIMAL,OPTIMAL,INFEASIBLE
RPS6KA6,OPTIMAL,INFEASIBLE,OPTIMAL,OPTIMAL
HDX,OPTIMAL,OPTIMAL,OPTIMAL,OPTIMAL
APOOL,OPTIMAL,OPTIMAL,OPTIMAL,OPTIMAL
ZNF711,OPTIMAL,OPTIMAL,OPTIMAL,INFEASIBLE
CHM,OPTIMAL,OPTIMAL,OPTIMAL,OPTIMAL
DACH2,OPTIMAL,OPTIMAL,OPTIMAL,OPTIMAL
DIAPH2,OPTIMAL,OPTIMAL,OPTIMAL,OPTIMAL
TSPAN6,OPTIMAL,OPTIMAL,OPTIMAL,OPTIMAL
SYTL4,OPTIMAL,OPTIMAL,OPTIMAL,OPTIMAL
CSTF2,OPTIMAL,OPTIMAL,OPTIMAL,OPTIMAL
TRMT2B,OPTIMAL,OPTIMAL,OPTIMAL,OPTIMAL
CENPI,OPTIMAL,OPTIMAL,OPTIMAL,OPTIMAL
TIMM8A,OPTIMAL,OPTIMAL,OPTIMAL,OPTIMAL
RPL36A,OPTIMAL,OPTIMAL,OPTIMAL,OPTIMAL
GLA,OPTIMAL,OPTIMAL,OPTIMAL,OPTIMAL
HNRNPH2,INFEASIBLE,OPTIMAL,OPTIMAL,OPTIMAL
ARMCX4,OPTIMAL,OPTIMAL,OPTIMAL,OPTIMAL
ARMCX3,OPTIMAL,OPTIMAL,OPTIMAL,OPTIMAL
BEX5,OPTIMAL,OPTIMAL,OPTIMAL,OPTIMAL
TMSB15A,OPTIMAL,OPTIMAL,OPTIMAL,OPTIMAL
ARMCX5,OPTIMAL,OPTIMAL,OPTIMAL,OPTIMAL
BEX1,OPTIMAL,OPTIMAL,OPTIMAL,OPTIMAL
BEX4,INFEASIBLE,OPTIMAL,INFEASIBLE,INFEASIBLE
TCEAL8,OPTIMAL,OPTIMAL,OPTIMAL,OPTIMAL
BEX2,OPTIMAL,OPTIMAL,OPTIMAL,OPTIMAL
TCEAL9,OPTIMAL,OPTIMAL,OPTIMAL,OPTIMAL
BEX3,OPTIMAL,OPTIMAL,OPTIMAL,OPTIMAL
TCEAL4,OPTIMAL,OPTIMAL,OPTIMAL,OPTIMAL
TCEAL3,OPTIMAL,OPTIMAL,OPTIMAL,OPTIMAL
TCEAL1,OPTIMAL,OPTIMAL,OPTIMAL,OPTIMAL
MORF4L2,INFEASIBLE,OPTIMAL,INFEASIBLE,OPTIMAL
SLC25A53,OPTIMAL,OPTIMAL,OPTIMAL,OPTIMAL
FAM199X,INFEASIBLE,OPTIMAL,OPTIMAL,OPTIMAL
RADX,OPTIMAL,OPTIMAL,OPTIMAL,OPTIMAL
RNF128,OPTIMAL,OPTIMAL,OPTIMAL,OPTIMAL
TBC1D8B,OPTIMAL,OPTIMAL,OPTIMAL,OPTIMAL
MORC4,OPTIMAL,OPTIMAL,OPTIMAL,OPTIMAL
RBM41,OPTIMAL,OPTIMAL,OPTIMAL,OPTIMAL
NUP62CL,OPTIMAL,OPTIMAL,OPTIMAL,OPTIMAL
PRPS1,OPTIMAL,OPTIMAL,OPTIMAL,OPTIMAL
TSC22D3,OPTIMAL,OPTIMAL,OPTIMAL,OPTIMAL
MID2,OPTIMAL,OPTIMAL,OPTIMAL,OPTIMAL
PSMD10,OPTIMAL,OPTIMAL,OPTIMAL,OPTIMAL
ATG4A,OPTIMAL,OPTIMAL,OPTIMAL,OPTIMAL
COL4A6,OPTIMAL,OPTIMAL,OPTIMAL,OPTIMAL
COL4A5,OPTIMAL,OPTIMAL,OPTIMAL,OPTIMAL
IRS4,OPTIMAL,OPTIMAL,OPTIMAL,OPTIMAL
NXT2,OPTIMAL,OPTIMAL,OPTIMAL,OPTIMAL
ACSL4,OPTIMAL,OPTIMAL,OPTIMAL,OPTIMAL
TMEM164,OPTIMAL,OPTIMAL,OPTIMAL,OPTIMAL
AMMECR1,OPTIMAL,INFEASIBLE,OPTIMAL,OPTIMAL
PAK3,OPTIMAL,OPTIMAL,OPTIMAL,OPTIMAL
ALG13,OPTIMAL,OPTIMAL,OPTIMAL,OPTIMAL
AMOT,OPTIMAL,OPTIMAL,OPTIMAL,OPTIMAL
LRCH2,OPTIMAL,OPTIMAL,OPTIMAL,OPTIMAL
PLS3,OPTIMAL,OPTIMAL,OPTIMAL,OPTIMAL
KLHL13,OPTIMAL,OPTIMAL,OPTIMAL,OPTIMAL
WDR44,OPTIMAL,OPTIMAL,OPTIMAL,OPTIMAL
DOCK11,OPTIMAL,INFEASIBLE,OPTIMAL,OPTIMAL
IL13RA1,OPTIMAL,OPTIMAL,OPTIMAL,OPTIMAL
ZCCHC12,OPTIMAL,OPTIMAL,OPTIMAL,OPTIMAL
LONRF3,OPTIMAL,OPTIMAL,OPTIMAL,OPTIMAL
PGRMC1,OPTIMAL,OPTIMAL,OPTIMAL,OPTIMAL
SLC25A43,OPTIMAL,OPTIMAL,OPTIMAL,OPTIMAL
SLC25A5,OPTIMAL,OPTIMAL,OPTIMAL,OPTIMAL
UBE2A,OPTIMAL,OPTIMAL,OPTIMAL,OPTIMAL
STEEP1,OPTIMAL,OPTIMAL,OPTIMAL,OPTIMAL
NKRF,OPTIMAL,OPTIMAL,OPTIMAL,OPTIMAL
SEPTIN6,OPTIMAL,OPTIMAL,OPTIMAL,OPTIMAL
RPL39,OPTIMAL,OPTIMAL,OPTIMAL,OPTIMAL
UPF3B,OPTIMAL,OPTIMAL,OPTIMAL,OPTIMAL
RNF113A,OPTIMAL,OPTIMAL,OPTIMAL,OPTIMAL
NDUFA1,OPTIMAL,OPTIMAL,OPTIMAL,OPTIMAL
NKAP,OPTIMAL,OPTIMAL,OPTIMAL,OPTIMAL
RHOXF1,OPTIMAL,OPTIMAL,OPTIMAL,OPTIMAL
ZBTB33,INFEASIBLE,OPTIMAL,OPTIMAL,OPTIMAL
LAMP2,OPTIMAL,OPTIMAL,OPTIMAL,OPTIMAL
CUL4B,OPTIMAL,OPTIMAL,OPTIMAL,OPTIMAL
MCTS1,OPTIMAL,OPTIMAL,OPTIMAL,OPTIMAL
C1GALT1C1,OPTIMAL,OPTIMAL,OPTIMAL,OPTIMAL
THOC2,INFEASIBLE,OPTIMAL,OPTIMAL,INFEASIBLE
XIAP,OPTIMAL,OPTIMAL,OPTIMAL,OPTIMAL
STAG2,OPTIMAL,OPTIMAL,OPTIMAL,OPTIMAL
TENM1,OPTIMAL,OPTIMAL,OPTIMAL,OPTIMAL
SMARCA1,OPTIMAL,OPTIMAL,OPTIMAL,OPTIMAL
OCRL,OPTIMAL,OPTIMAL,OPTIMAL,OPTIMAL
ZDHHC9,OPTIMAL,OPTIMAL,OPTIMAL,OPTIMAL
UTP14A,INFEASIBLE,OPTIMAL,OPTIMAL,OPTIMAL
BCORL1,OPTIMAL,INFEASIBLE,OPTIMAL,OPTIMAL
ELF4,OPTIMAL,OPTIMAL,OPTIMAL,OPTIMAL
AIFM1,INFEASIBLE,OPTIMAL,OPTIMAL,OPTIMAL
ZNF280C,OPTIMAL,OPTIMAL,OPTIMAL,OPTIMAL
SLC25A14,OPTIMAL,OPTIMAL,OPTIMAL,OPTIMAL
RBMX2,OPTIMAL,OPTIMAL,OPTIMAL,OPTIMAL
ENOX2,OPTIMAL,OPTIMAL,OPTIMAL,OPTIMAL
IGSF1,OPTIMAL,OPTIMAL,INFEASIBLE,OPTIMAL
STK26,OPTIMAL,OPTIMAL,OPTIMAL,OPTIMAL
RAP2C,OPTIMAL,OPTIMAL,OPTIMAL,OPTIMAL
MBNL3,OPTIMAL,OPTIMAL,OPTIMAL,OPTIMAL
HS6ST2,OPTIMAL,OPTIMAL,OPTIMAL,OPTIMAL
GPC4,OPTIMAL,INFEASIBLE,OPTIMAL,OPTIMAL
GPC3,OPTIMAL,OPTIMAL,OPTIMAL,OPTIMAL
PHF6,INFEASIBLE,OPTIMAL,OPTIMAL,OPTIMAL
HPRT1,OPTIMAL,OPTIMAL,OPTIMAL,OPTIMAL
PLAC1,OPTIMAL,OPTIMAL,OPTIMAL,OPTIMAL
PABIR2,OPTIMAL,OPTIMAL,OPTIMAL,OPTIMAL
PABIR3,OPTIMAL,OPTIMAL,OPTIMAL,OPTIMAL
MOSPD1,OPTIMAL,OPTIMAL,OPTIMAL,OPTIMAL
SMIM10,OPTIMAL,OPTIMAL,OPTIMAL,OPTIMAL
RTL8B,OPTIMAL,OPTIMAL,OPTIMAL,OPTIMAL
RTL8C,OPTIMAL,OPTIMAL,OPTIMAL,OPTIMAL
RTL8A,OPTIMAL,OPTIMAL,OPTIMAL,OPTIMAL
ZNF75D,OPTIMAL,OPTIMAL,OPTIMAL,OPTIMAL
INTS6L,OPTIMAL,OPTIMAL,OPTIMAL,OPTIMAL
MMGT1,INFEASIBLE,OPTIMAL,OPTIMAL,OPTIMAL
SLC9A6,OPTIMAL,OPTIMAL,OPTIMAL,OPTIMAL
FHL1,OPTIMAL,OPTIMAL,OPTIMAL,OPTIMAL
MAP7D3,INFEASIBLE,OPTIMAL,OPTIMAL,OPTIMAL
HTATSF1,INFEASIBLE,OPTIMAL,INFEASIBLE,INFEASIBLE
RBMX,OPTIMAL,OPTIMAL,OPTIMAL,OPTIMAL
ZIC3,OPTIMAL,OPTIMAL,OPTIMAL,OPTIMAL
FGF13,OPTIMAL,OPTIMAL,OPTIMAL,OPTIMAL
ATP11C,OPTIMAL,INFEASIBLE,OPTIMAL,OPTIMAL
LDOC1,OPTIMAL,OPTIMAL,OPTIMAL,OPTIMAL
FMR1,INFEASIBLE,OPTIMAL,INFEASIBLE,INFEASIBLE
AFF2,OPTIMAL,OPTIMAL,OPTIMAL,OPTIMAL
IDS,OPTIMAL,OPTIMAL,OPTIMAL,OPTIMAL
EOLA1,OPTIMAL,OPTIMAL,OPTIMAL,OPTIMAL
TMEM185A,OPTIMAL,OPTIMAL,OPTIMAL,OPTIMAL
EOLA2,OPTIMAL,OPTIMAL,OPTIMAL,OPTIMAL
MTM1,OPTIMAL,OPTIMAL,OPTIMAL,OPTIMAL
MTMR1,OPTIMAL,OPTIMAL,OPTIMAL,OPTIMAL
CD99L2,OPTIMAL,OPTIMAL,OPTIMAL,OPTIMAL
HMGB3,OPTIMAL,OPTIMAL,OPTIMAL,OPTIMAL
VMA21,OPTIMAL,OPTIMAL,OPTIMAL,OPTIMAL
MAGEA3,OPTIMAL,OPTIMAL,OPTIMAL,OPTIMAL
CETN2,OPTIMAL,OPTIMAL,OPTIMAL,OPTIMAL
NSDHL,OPTIMAL,OPTIMAL,OPTIMAL,OPTIMAL
PNMA6A,OPTIMAL,OPTIMAL,OPTIMAL,OPTIMAL
ZNF275,OPTIMAL,OPTIMAL,OPTIMAL,OPTIMAL
HAUS7,OPTIMAL,OPTIMAL,OPTIMAL,OPTIMAL
CCNQ,OPTIMAL,OPTIMAL,OPTIMAL,OPTIMAL
DUSP9,OPTIMAL,OPTIMAL,OPTIMAL,OPTIMAL
SLC6A8,OPTIMAL,OPTIMAL,OPTIMAL,OPTIMAL
BCAP31,OPTIMAL,OPTIMAL,OPTIMAL,OPTIMAL
ABCD1,OPTIMAL,OPTIMAL,OPTIMAL,OPTIMAL
IDH3G,OPTIMAL,OPTIMAL,OPTIMAL,OPTIMAL
SSR4,OPTIMAL,OPTIMAL,OPTIMAL,OPTIMAL
NAA10,OPTIMAL,OPTIMAL,OPTIMAL,OPTIMAL
HCFC1,INFEASIBLE,OPTIMAL,OPTIMAL,OPTIMAL
TMEM187,OPTIMAL,OPTIMAL,OPTIMAL,OPTIMAL
IRAK1,OPTIMAL,OPTIMAL,OPTIMAL,OPTIMAL
MECP2,OPTIMAL,OPTIMAL,OPTIMAL,OPTIMAL
FLNA,OPTIMAL,OPTIMAL,OPTIMAL,OPTIMAL
EMD,OPTIMAL,OPTIMAL,OPTIMAL,OPTIMAL
RPL10,OPTIMAL,OPTIMAL,OPTIMAL,OPTIMAL
DNASE1L1,OPTIMAL,OPTIMAL,OPTIMAL,OPTIMAL
TAFAZZIN,OPTIMAL,OPTIMAL,OPTIMAL,OPTIMAL
ATP6AP1,OPTIMAL,OPTIMAL,OPTIMAL,OPTIMAL
GDI1,OPTIMAL,OPTIMAL,OPTIMAL,OPTIMAL
FAM50A,INFEASIBLE,OPTIMAL,OPTIMAL,OPTIMAL
PLXNA3,OPTIMAL,OPTIMAL,OPTIMAL,OPTIMAL
LAGE3,OPTIMAL,OPTIMAL,OPTIMAL,OPTIMAL
UBL4A,OPTIMAL,OPTIMAL,OPTIMAL,OPTIMAL
SLC10A3,OPTIMAL,OPTIMAL,OPTIMAL,OPTIMAL
FAM3A,OPTIMAL,OPTIMAL,OPTIMAL,OPTIMAL
G6PD,OPTIMAL,OPTIMAL,OPTIMAL,OPTIMAL
IKBKG,OPTIMAL,OPTIMAL,OPTIMAL,OPTIMAL
DKC1,OPTIMAL,OPTIMAL,OPTIMAL,OPTIMAL
MPP1,OPTIMAL,OPTIMAL,OPTIMAL,OPTIMAL
FUNDC2,OPTIMAL,OPTIMAL,OPTIMAL,OPTIMAL
CMC4,OPTIMAL,OPTIMAL,OPTIMAL,OPTIMAL
MTCP1,OPTIMAL,OPTIMAL,OPTIMAL,OPTIMAL
BRCC3,INFEASIBLE,OPTIMAL,OPTIMAL,OPTIMAL
VBP1,OPTIMAL,OPTIMAL,OPTIMAL,OPTIMAL
TMLHE,INFEASIBLE,OPTIMAL,OPTIMAL,OPTIMAL
VAMP7,OPTIMAL,OPTIMAL,OPTIMAL,OPTIMAL
ZFY,OPTIMAL,OPTIMAL,OPTIMAL,INFEASIBLE
PCDH11Y,OPTIMAL,OPTIMAL,OPTIMAL,INFEASIBLE
MT-ND1,OPTIMAL,OPTIMAL,OPTIMAL,OPTIMAL
MT-ND2,OPTIMAL,OPTIMAL,OPTIMAL,OPTIMAL
MT-CO1,OPTIMAL,OPTIMAL,OPTIMAL,OPTIMAL
MT-CO2,OPTIMAL,OPTIMAL,OPTIMAL,OPTIMAL
MT-ATP8,OPTIMAL,OPTIMAL,OPTIMAL,OPTIMAL
MT-ATP6,OPTIMAL,OPTIMAL,OPTIMAL,OPTIMAL
MT-CO3,OPTIMAL,OPTIMAL,OPTIMAL,OPTIMAL
MT-ND3,OPTIMAL,INFEASIBLE,OPTIMAL,OPTIMAL
MT-ND4L,OPTIMAL,OPTIMAL,OPTIMAL,OPTIMAL
MT-ND4,OPTIMAL,OPTIMAL,OPTIMAL,OPTIMAL
MT-ND5,OPTIMAL,OPTIMAL,OPTIMAL,OPTIMAL
MT-ND6,OPTIMAL,INFEASIBLE,OPTIMAL,OPTIMAL
MT-CYB,OPTIMAL,OPTIMAL,OPTIMAL,OPTIMAL
