,MIR4709_All_HAR_min,MIR4709_All_HAR_max,MIR4709_All_HAR_mid,MIR4709_G1_HAR_min,MIR4709_G1_HAR_max,MIR4709_G1_HAR_mid,MIR4709_S_HAR_min,MIR4709_S_HAR_max,MIR4709_S_HAR_mid,MIR4709_G2M_HAR_min,MIR4709_G2M_HAR_max,MIR4709_G2M_HAR_mid
SAMD11,,,,,,,,,,,,
NOC2L,,,,,,,,,,,,
HES4,,,,,,,,,,,,
ISG15,,,,,,,,,,,,
AGRN,,,,,,,,,,,,
C1orf159,,,,,,,,,,,,
SDF4,,,,,,,,,,,,
B3GALT6,,,,,,,,,,,,
UBE2J2,,,,,,,,,,,,
ACAP3,,,,,,,,,,,,
PUSL1,,,,,,,,,,,,
INTS11,,,,,,,,,,,,
DVL1,,,,,,,,,,,,
AURKAIP1,,,,,,,,,,,,
CCNL2,,,,,,,,,,,,
MRPL20,,,,,,,,,,,,
ATAD3B,,,,,,,,,,,,
ATAD3A,,,,,,,,,,,,
SSU72,,,,,,,,,,,,
MIB2,,,,,,,,,,,,
CDK11B,,,,,,,,,,,,
SLC35E2B,,,,,,,,,,,,
CDK11A,,,,,,,,,,,,
NADK,,,,,,,,,,,,
GNB1,,,,-0.9626650288460193,-0.1670192408719358,-0.5648421348589776,,,,,,
PRKCZ,,,,,,,,,,,,
FAAP20,,,,,,,,,,,,
SKI,,,,-0.9895396108240253,-0.4244204167032272,-0.7069800137636263,,,,,,
MORN1,,,,,,,,,,,,
RER1,0.10154113991514807,0.37868051018456295,0.2401108250498555,,,,,,,,,
PEX10,,,,,,,,,,,,
PANK4,,,,,,,,,,,,
HES5,,,,,,,,,,,,
PRDM16,,,,,,,,,,,,
TPRG1L,,,,,,,,,,,,
WRAP73,,,,,,,,,,,,
SMIM1,,,,,,,,,,,,
LRRC47,,,,,,,,,,,,
CEP104,,,,,,,,,,,,
DFFB,,,,,,,,,,,,
C1orf174,,,,,,,,,,,,
NPHP4,,,,,,,,,,,,
KCNAB2,,,,,,,,,,,,
RPL22,,,,,,,,,,,,
ICMT,,,,,,,,,,,,
ACOT7,,,,-0.9818269511647226,-0.17397547436794783,-0.5779012127663352,,,,,,
NOL9,,,,,,,,,,,,
ZBTB48,,,,,,,,,,,,
KLHL21,,,,,,,,,,,,
PHF13,,,,,,,,,,,,
THAP3,,,,,,,,,,,,
DNAJC11,,,,,,,,,,,,
CAMTA1,,,,,,,,,,,,
VAMP3,,,,,,,,,,,,
PER3,,,,,,,,,,,,
PARK7,0.13413165550892417,0.39498252960964986,0.264557092559287,,,,,,,,,
ERRFI1,,,,-0.9903142770645839,-0.38705631661784345,-0.6886852968412136,,,,,,
RERE,,,,,,,,,,,,
ENO1,,,,,,,,,,,,
GPR157,,,,,,,,,,,,
H6PD,,,,,,,,,,,,
SPSB1,,,,-0.9869040222342583,-0.3816660883345787,-0.6842850552844185,,,,,,
SLC25A33,,,,,,,,,,,,
TMEM201,,,,,,,,,,,,
CLSTN1,,,,,,,,,,,,
CTNNBIP1,,,,,,,,,,,,
LZIC,,,,,,,,,,,,
NMNAT1,,,,,,,,,,,,
RBP7,,,,,,,,,,,,
UBE4B,,,,,,,,,,,,
KIF1B,,,,,,,,,,,,
PGD,,,,,,,,,,,,
CENPS,,,,,,,,,,,,
DFFA,,,,,,,,,,,,
PEX14,,,,,,,,,,,,
CASZ1,,,,,,,,,,,,
TARDBP,,,,,,,,,,,,
SRM,,,,,,,,,,,,
EXOSC10,,,,,,,,,,,,
MTOR,,,,,,,,,,,,
UBIAD1,,,,,,,,,,,,
FBXO44,,,,,,,,,,,,
MAD2L2,,,,,,,,,,,,
AGTRAP,0.13265101187599726,0.38026709321942764,0.25645905254771245,,,,,,,,,
MTHFR,,,,,,,,,,,,
CLCN6,,,,,,,,,,,,
KIAA2013,,,,,,,,,,,,
PLOD1,,,,,,,,,,,,
MFN2,,,,,,,,,,,,
MIIP,,,,,,,,,,,,
VPS13D,,,,,,,,,,,,
DHRS3,,,,,,,,,,,,
PDPN,,,,,,,,,,,,
PRDM2,,,,,,,,,,,,
KAZN,,,,,,,,,,,,
TMEM51,,,,,,,,,,,,
EFHD2,,,,,,,,,,,,
CASP9,,,,,,,,,,,,
DNAJC16,-0.3182290927257126,-0.046991402834002424,-0.18261024777985752,,,,-0.5016068735103755,-0.0670800266541586,-0.284343450082267,,,
DDI2,,,,,,,,,,,,
PLEKHM2,,,,,,,,,,,,
UQCRHL,,,,,,,,,,,,
SPEN,,,,,,,,,,,,
ZBTB17,,,,,,,,,,,,
FBXO42,,,,,,,,,,,,
SZRD1,,,,,,,,,,,,
NECAP2,,,,,,,,,,,,
NBPF1,,,,,,,,,,,,
CROCC,,,,,,,,,,,,
ATP13A2,,,,,,,,,,,,
SDHB,,,,,,,,,,,,
RCC2,,,,,,,,,,,,
ALDH4A1,,,,,,,,,,,,
UBR4,,,,,,,,,,,,
EMC1,,,,,,,,,,,,
MRTO4,,,,,,,,,,,,
AKR7A2,,,,,,,,,,,,
SLC66A1,,,,,,,,,,,,
CAPZB,,,,,,,,,,,,
MICOS10,,,,,,,,,,,,
NBL1,,,,,,,,,,,,
TMCO4,,,,,,,,,,,,
OTUD3,,,,,,,,,,,,
PLA2G5,-0.2933613287604316,-0.04218969283173815,-0.16777551079608488,,,,,,,,,
CAMK2N1,,,,,,,,,,,,
MUL1,,,,,,,,,,,,
PINK1,0.15012850628951088,0.4056267235028669,0.2778776148961889,,,,,,,,,
DDOST,,,,,,,,,,,,
KIF17,,,,,,,-0.3504148787256673,-0.0570635974587869,-0.2037392380922271,,,
HP1BP3,,,,,,,,,,,,
EIF4G3,-0.4461844187429595,-0.11999551957404274,-0.2830899691585011,,,,-0.4573749027890052,-0.04228877397380841,-0.24983183838140682,,,
ECE1,,,,,,,,,,,,
USP48,,,,,,,,,,,,
HSPG2,,,,,,,,,,,,
CDC42,,,,,,,-0.9880110307984964,-0.398584050319512,-0.6932975405590042,,,
ZBTB40,,,,,,,,,,,,
EPHA8,,,,,,,,,,,,
EPHB2,,,,,,,,,,,,
KDM1A,,,,,,,,,,,,
LUZP1,,,,,,,,,,,,
HNRNPR,,,,,,,,,,,,
ASAP3,,,,,,,,,,,,
E2F2,,,,,,,,,,,,
ID3,,,,,,,,,,,,
RPL11,,,,,,,,,,,,
ELOA,,,,,,,,,,,,
PITHD1,,,,,,,,,,,,
LYPLA2,,,,,,,,,,,,
GALE,,,,,,,,,,,,
HMGCL,,,,,,,,,,,,
FUCA1,,,,,,,,,,,,
PNRC2,,,,,,,,,,,,
SRSF10,,,,,,,,,,,,
GRHL3,-0.24709039908733954,-0.11872648900643837,-0.18290844404688894,-0.9855486352152031,-0.43463789390600677,-0.710093264560605,-0.20467257795790444,-0.06228164452530765,-0.13347711124160605,-0.3071209192532805,-0.13446747128628517,-0.22079419526978283
STPG1,,,,,,,,,,,,
NIPAL3,,,,,,,,,,,,
RCAN3,,,,,,,,,,,,
SRRM1,,,,,,,,,,,,
CLIC4,,,,,,,,,,,,
SYF2,,,,,,,,,,,,
RSRP1,,,,,,,,,,,,
TMEM50A,0.14894102046202679,0.45241827574034843,0.30067964810118764,,,,,,,,,
MACO1,,,,,,,,,,,,
LDLRAP1,,,,,,,,,,,,
SELENON,,,,,,,,,,,,
MTFR1L,,,,,,,,,,,,
AUNIP,,,,,,,,,,,,
PAQR7,-0.29439123915511745,-0.048855929022972824,-0.17162358408904513,,,,,,,,,
STMN1,0.10298215687544156,0.364422103961757,0.23370213041859927,,,,,,,,,
PDIK1L,,,,,,,,,,,,
ZNF593,,,,,,,,,,,,
CEP85,0.22950809730093286,0.40638309105352227,0.31794559417722756,,,,,,,0.1387378420037661,0.46873140479417935,0.3037346233989727
SH3BGRL3,0.08331918618504999,0.3449526916531325,0.21413593891909127,,,,,,,,,
UBXN11,,,,,,,,,,,,
DHDDS,,,,,,,,,,,,
HMGN2,,,,,,,,,,,,
RPS6KA1,,,,,,,,,,,,
ARID1A,,,,,,,,,,,,
ZDHHC18,,,,,,,,,,,,
GPN2,,,,,,,,,,,,
GPATCH3,,,,,,,,,,,,
NUDC,,,,,,,,,,,,
TRNP1,,,,,,,,,,,,
SLC9A1,,,,,,,,,,,,
WDTC1,,,,,,,,,,,,
TMEM222,,,,,,,,,,,,
WASF2,,,,,,,,,,,,
AHDC1,,,,,,,,,,,,
FAM76A,-0.5566384407862476,-0.2222839782435006,-0.38946120951487406,,,,-0.7256420628849645,-0.2364687502737964,-0.48105540657938045,,,
STX12,,,,,,,,,,,,
PPP1R8,,,,,,,,,,,,
RPA2,,,,,,,,,,,,
EYA3,,,,,,,,,,,,
DNAJC8,,,,,,,,,,,,
ATP5IF1,,,,,,,,,,,,
SESN2,,,,,,,,,,,,
MED18,,,,,,,,,,,,
PHACTR4,,,,,,,,,,,,
RCC1,,,,,,,,,,,,
TRNAU1AP,,,,,,,,,,,,
TAF12,,,,,,,,,,,,
GMEB1,-0.3202029685084904,-0.06030070782655909,-0.19025183816752475,-0.992251195111002,-0.36401514259564954,-0.6781331688533258,-0.4794070819825289,-0.14930476633255368,-0.3143559241575413,,,
YTHDF2,,,,,,,,,,,,
EPB41,,,,,,,,,,,,
SRSF4,,,,,,,,,,,,
MECR,,,,,,,,,,,,
PTPRU,,,,,,,-0.43901800111408695,-0.11078295280376776,-0.2749004769589274,,,
MATN1,,,,,,,,,,,,
SDC3,,,,,,,,,,,,
PUM1,,,,,,,,,,,,
NKAIN1,,,,,,,,,,,,
SNRNP40,,,,,,,,,,,,
ZCCHC17,,,,,,,,,,,,
PEF1,,,,,,,,,,,,
PTP4A2,,,,,,,,,,,,
KHDRBS1,,,,,,,,,,,,
TMEM39B,,,,,,,,,,,,
KPNA6,,,,,,,,,,,,
TXLNA,,,,,,,,,,,,
CCDC28B,0.0856252769173701,0.34421930511694937,0.21492229101715973,,,,,,,,,
TMEM234,,,,,,,,,,,,
EIF3I,0.12642877134154323,0.40182496817324004,0.26412686975739164,,,,,,,,,
HDAC1,,,,,,,,,,,,
MARCKSL1,,,,,,,,,,,,
BSDC1,,,,,,,,,,,,
ZBTB8B,-0.24819307143690383,-0.11429599567108377,-0.1812445335539938,-0.9787795225123048,-0.4785885150032978,-0.7286840187578013,,,,-0.3690265853270267,-0.08279349802756661,-0.22591004167729667
ZBTB8A,,,,-0.991810486349304,-0.4818448953327229,-0.7368276908410134,,,,,,
ZBTB8OS,,,,,,,,,,,,
RBBP4,,,,,,,,,,,,
SYNC,-0.5426891169948922,-0.2973409886074129,-0.4200150528011526,,,,-0.5399442732801804,-0.1899159005693917,-0.364930086924786,-0.5584900897262514,-0.2180356898804306,-0.388262889803341
KIAA1522,,,,,,,,,,,,
YARS1,,,,,,,,,,,,
S100PBP,,,,,,,,,,,,
TMEM54,,,,,,,,,,,,
RNF19B,,,,,,,,,,,,
AK2,,,,,,,,,,,,
ZNF362,,,,,,,,,,,,
PHC2,,,,,,,,,,,,
SMIM12,,,,,,,,,,,,
TMEM35B,,,,,,,,,,,,
ZMYM6,,,,,,,,,,,,
ZMYM1,,,,,,,,,,,,
SFPQ,0.06779395966087201,0.2995748301570151,0.18368439490894356,,,,,,,,,
ZMYM4,,,,,,,,,,,,
KIAA0319L,,,,,,,,,,,,
NCDN,,,,,,,,,,,,
PSMB2,,,,,,,,,,,,
CLSPN,-0.9292303904697976,-0.27932434380908727,-0.6042773671394425,,,,,,,,,
AGO4,,,,,,,,,,,,
AGO1,,,,,,,,,,,,
AGO3,,,,,,,,,,,,
ADPRS,,,,,,,,,,,,
TRAPPC3,0.17294812546096403,0.43673911368800566,0.30484361957448486,,,,,,,,,
MAP7D1,,,,,,,,,,,,
THRAP3,,,,,,,,,,,,
EVA1B,0.0831017258696396,0.3144072351844956,0.1987544805270676,,,,,,,,,
STK40,,,,,,,,,,,,
LSM10,,,,,,,,,,,,
OSCP1,,,,,,,,,,,,
MRPS15,,,,,,,,,,,,
MEAF6,,,,,,,,,,,,
SNIP1,,,,,,,,,,,,
GNL2,,,,,,,,,,,,
C1orf109,,,,,,,,,,,,
CDCA8,0.1376384528487466,0.33773828841045045,0.23768837062959852,,,,,,,,,
MANEAL,,,,,,,,,,,,
YRDC,,,,,,,,,,,,
C1orf122,,,,,,,,,,,,
MTF1,,,,,,,,,,,,
INPP5B,,,,,,,,,,,,
SF3A3,,,,,,,,,,,,
FHL3,,,,,,,,,,,,
UTP11,,,,,,,,,,,,
RRAGC,0.055973131914337323,0.29273801058021365,0.1743555712472755,,,,,,,,,
MYCBP,,,,,,,,,,,,
AKIRIN1,,,,,,,,,,,,
NDUFS5,0.19719088908167182,0.4333823592135163,0.31528662414759406,,,,,,,,,
MACF1,,,,,,,,,,,,
PABPC4,,,,,,,,,,,,
PPIE,,,,,,,,,,,,
BMP8B,-0.33288587792621627,-0.07495343704121103,-0.20391965748371366,,,,,,,,,
TRIT1,,,,,,,,,,,,
CAP1,,,,,,,,,,,,
PPT1,,,,,,,,,,,,
RLF,,,,,,,,,,,,
ZMPSTE24,,,,,,,,,,,,
SMAP2,,,,,,,,,,,,
ZNF684,,,,,,,,,,,,
NFYC,,,,,,,,,,,,
CTPS1,,,,,,,,,,,,
SCMH1,,,,,,,,,,,,
HIVEP3,,,,,,,,,,,,
FOXJ3,,,,,,,,,,,,
RIMKLA,,,,,,,,,,,,
PPCS,,,,,,,,,,,,
PPIH,0.10603903425009105,0.38893832783291715,0.2474886810415041,,,,,,,,,
YBX1,,,,,,,,,,,,
P3H1,,,,,,,,,,,,
C1orf50,,,,,,,,,,,,
SVBP,,,,,,,,,,,,
ZNF691,,,,-0.9810505103816467,-0.42076494336757503,-0.7009077268746109,,,,,,
SLC2A1,,,,,,,,,,,,
EBNA1BP2,,,,,,,,,,,,
CDC20,0.25959879355756815,0.5028183969598564,0.3812085952587123,,,,0.17230257347980596,0.418808068860514,0.29555532117016,,,
ELOVL1,,,,,,,,,,,,
MED8,0.11323861321034714,0.3879826245337019,0.2506106188720245,,,,,,,,,
SZT2,-0.3073926460786508,-0.1509412595430427,-0.22916695281084676,-0.9857751172293102,-0.4644173598607474,-0.7250962385450288,-0.24749963004958334,-0.06641998003542668,-0.156959805042505,-0.41988393213697955,-0.18918845272853982,-0.3045361924327597
HYI,,,,,,,,,,,,
PTPRF,,,,,,,,,,,,
KDM4A,,,,,,,,,,,,
ST3GAL3,,,,,,,,,,,,
IPO13,,,,,,,,,,,,
DPH2,,,,,,,,,,,,
ATP6V0B,0.28378045525449863,0.5001620489546369,0.39197125210456774,,,,0.1475575233460104,0.43866566586742284,0.29311159460671665,,,
B4GALT2,,,,,,,,,,,,
DMAP1,0.05472980264845602,0.2612983533796245,0.15801407801404024,,,,,,,,,
ERI3,,,,,,,,,,,,
RNF220,,,,,,,,,,,,
TMEM53,,,,,,,,,,,,
KIF2C,,,,,,,,,,,,
RPS8,,,,,,,,,,,,
PTCH2,,,,,,,,,,,,
EIF2B3,,,,-0.9911559731541079,-0.5281638558551716,-0.7596599145046397,,,,,,
HECTD3,,,,,,,,,,,,
UROD,,,,,,,,,,,,
ZSWIM5,,,,,,,,,,,,
MUTYH,,,,,,,,,,,,
TOE1,,,,,,,,,,,,
TESK2,-0.23293008673443388,-0.050032646114040034,-0.14148136642423695,-0.9823293346954827,-0.39674036221873826,-0.6895348484571104,,,,,,
MMACHC,,,,,,,,,,,,
PRDX1,0.22046191735707796,0.404869737110742,0.31266582723390995,,,,0.15808282930906883,0.37883308353516176,0.2684579564221153,,,
AKR1A1,,,,,,,,,,,,
NASP,,,,,,,,,,,,
GPBP1L1,,,,,,,,,,,,
TMEM69,,,,,,,,,,,,
IPP,,,,,,,,,,,,
MAST2,,,,,,,,,,,,
PIK3R3,,,,,,,,,,,,
POMGNT1,,,,,,,,,,,,
RAD54L,,,,,,,,,,,,
LRRC41,,,,,,,,,,,,
UQCRH,,,,,,,,,,,,
NSUN4,,,,,,,,,,,,
DMBX1,,,,,,,,,,,,
MKNK1,,,,,,,,,,,,
ATPAF1,,,,,,,,,,,,
EFCAB14,,,,,,,,,,,,
STIL,,,,,,,,,,,,
CMPK1,,,,,,,,,,,,
FOXD2,,,,,,,,,,,,
TRABD2B,,,,,,,,,,,,
SPATA6,,,,,,,,,,,,
FAF1,-0.35332544385726666,-0.07455834684026542,-0.21394189534876604,,,,-0.4371160847931236,-0.10899315746751598,-0.27305462113031975,,,
CDKN2C,0.13003132045765367,0.3939256133588818,0.26197846690826776,,,,,,,,,
RNF11,,,,,,,,,,,,
EPS15,,,,,,,,,,,,
OSBPL9,,,,,,,,,,,,
NRDC,,,,,,,,,,,,
RAB3B,,,,,,,,,,,,
TXNDC12,0.1098690639883633,0.36777383605153063,0.23882145001994698,,,,,,,,,
KTI12,,,,,,,,,,,,
BTF3L4,,,,,,,,,,,,
ZFYVE9,,,,,,,,,,,,
CC2D1B,,,,,,,,,,,,
ORC1,,,,,,,,,,,,
PRPF38A,,,,,,,,,,,,
TUT4,,,,,,,,,,,,
COA7,,,,,,,,,,,,
ZYG11B,,,,,,,,,,,,
ZYG11A,-0.25986501589038036,-0.03861747791236096,-0.14924124690137067,,,,-0.3516843366518788,-0.06084716907836368,-0.20626575286512125,,,
ECHDC2,-0.2507356199173595,-0.1227761567109246,-0.18675588831414203,-0.9952246310803872,-0.5710829915571343,-0.7831538113187607,-0.2871329729930047,-0.02257635134387278,-0.15485466216843874,-0.3320109193935891,-0.09569533412867683,-0.21385312676113297
SCP2,,,,,,,,,,,,
CPT2,,,,,,,,,,,,
CZIB,,,,,,,,,,,,
MAGOH,,,,,,,,,,,,
LRP8,,,,,,,,,,,,
GLIS1,,,,,,,,,,,,
NDC1,,,,,,,,,,,,
YIPF1,,,,,,,,,,,,
IFT25,,,,,,,,,,,,
LRRC42,,,,,,,,,,,,
TMEM59,0.17140556989883163,0.4820021625776787,0.32670386623825515,,,,0.1564201178382886,0.5158241526564611,0.33612213524737483,,,
TCEANC2,,,,,,,,,,,,
CYB5RL,,,,,,,,,,,,
MRPL37,,,,,,,,,,,,
SSBP3,,,,,,,,,,,,
TTC4,,,,,,,,,,,,
DHCR24,,,,,,,,,,,,
USP24,,,,,,,,,,,,
PLPP3,-0.3047774098516649,-0.07856753859627548,-0.19167247422397019,-0.9868202316002547,-0.40131847047641,-0.6940693510383323,,,,,,
PRKAA2,,,,,,,,,,,,
DAB1,-0.24707550305743703,-0.08461718719751453,-0.16584634512747579,,,,,,,,,
OMA1,,,,,,,,,,,,
MYSM1,,,,,,,,,,,,
JUN,,,,,,,,,,,,
FGGY,,,,,,,,,,,,
HOOK1,,,,,,,,,,,,
NFIA,-0.4004657823738692,-0.1220199362812347,-0.261242859327552,,,,-0.44440980838122923,-0.054846267345032194,-0.2496280378631307,-0.5025998992633387,-0.11691305114906275,-0.30975647520620075
TM2D1,,,,,,,,,,,,
PATJ,-0.3459518447069253,-0.11047433130196198,-0.22821308800444365,-0.9849767312354437,-0.3077664594504713,-0.6463715953429575,-0.3867312022617636,-0.05724803281257304,-0.22198961753716834,,,
USP1,,,,,,,,,,,,
DOCK7,-0.2503456141312004,-0.07715516352766642,-0.1637503888294334,-0.9758166750141789,-0.3277474590429677,-0.6517820670285733,,,,,,
ATG4C,,,,,,,,,,,,
ALG6,,,,,,,,,,,,
ITGB3BP,,,,,,,,,,,,
EFCAB7,,,,,,,,,,,,
PGM1,,,,,,,,,,,,
ROR1,,,,,,,,,,,,
CACHD1,,,,,,,,,,,,
RAVER2,,,,-0.9888829529294029,-0.3429614816717813,-0.6659222173005921,,,,,,
JAK1,,,,,,,,,,,,
AK4,,,,,,,,,,,,
DNAJC6,,,,,,,,,,,,
LEPROT,,,,,,,,,,,,
LEPR,,,,,,,,,,,,
MIER1,,,,,,,,,,,,
SLC35D1,,,,,,,,,,,,
IL12RB2,,,,-0.9886146528749498,-0.4214062635681862,-0.7050104582215679,,,,,,
SERBP1,,,,,,,,,,,,
GADD45A,,,,,,,,,,,,
GNG12,,,,,,,,,,,,
WLS,,,,,,,,,,,,
DEPDC1,0.24062662477514685,0.425391861562589,0.33300924316886793,,,,,,,0.11352496616111557,0.3786726953556726,0.2460988307583941
LRRC40,,,,,,,,,,,,
SRSF11,,,,,,,,,,,,
ANKRD13C,,,,,,,,,,,,
CTH,,,,,,,,,,,,
ZRANB2,,,,,,,,,,,,
LRRIQ3,,,,,,,,,,,,
FPGT,,,,,,,,,,,,
TNNI3K,-0.3073762276643132,-0.17187481426638718,-0.2396255209653502,-0.9780170768825783,-0.42553104847973966,-0.701774062681159,-0.2927709935806446,-0.07095838618332359,-0.18186468988198412,-0.4128641092525799,-0.1873645010943402,-0.30011430517346005
CRYZ,,,,,,,,,,,,
TYW3,,,,,,,,,,,,
LHX8,,,,,,,,,,,,
SLC44A5,,,,,,,,,,,,
ACADM,,,,,,,,,,,,
RABGGTB,,,,,,,,,,,,
ST6GALNAC3,-0.4309660521760458,-0.1831932034475318,-0.30707962781178877,-0.9938301440027335,-0.5578430728733621,-0.7758366084380478,-0.36703201916227335,-0.10950434238157832,-0.23826818077192582,-0.42443840632316004,-0.14167000153301856,-0.28305420392808933
PIGK,,,,,,,,,,,,
ZZZ3,,,,,,,,,,,,
USP33,,,,,,,,,,,,
MIGA1,,,,,,,,,,,,
NEXN,,,,,,,,,,,,
FUBP1,,,,,,,,,,,,
DNAJB4,,,,,,,,,,,,
ADGRL2,,,,,,,,,,,,
TTLL7,,,,,,,,,,,,
PRKACB,,,,,,,,,,,,
RPF1,,,,,,,,,,,,
GNG5,,,,,,,,,,,,
CTBS,,,,,,,,,,,,
SSX2IP,,,,,,,,,,,,
LPAR3,,,,,,,,,,,,
MCOLN2,,,,,,,,,,,,
DNAI3,,,,,,,,,,,,
MCOLN3,,,,,,,,,,,,
SYDE2,,,,,,,,,,,,
C1orf52,,,,,,,,,,,,
BCL10,,,,,,,,,,,,
DDAH1,,,,,,,,,,,,
CCN1,,,,,,,,,,,,
ZNHIT6,,,,,,,,,,,,
ODF2L,,,,,,,,,,,,
SH3GLB1,,,,,,,,,,,,
SELENOF,,,,,,,,,,,,
HS2ST1,,,,,,,,,,,,
LMO4,,,,,,,,,,,,
PKN2,,,,,,,,,,,,
GTF2B,,,,,,,,,,,,
KYAT3,,,,,,,,,,,,
RBMXL1,,,,,,,,,,,,
LRRC8B,,,,,,,,,,,,
LRRC8C,,,,,,,,,,,,
LRRC8D,,,,,,,,,,,,
ZNF326,,,,,,,,,,,,
ZNF644,,,,,,,,,,,,
HFM1,-0.23586796325963305,-0.04894941281812545,-0.14240868803887924,,,,,,,,,
CDC7,,,,,,,,,,,,
TGFBR3,,,,,,,,,,,,
BTBD8,,,,,,,,,,,,
GLMN,,,,,,,,,,,,
RPAP2,,,,,,,,,,,,
EVI5,,,,,,,-0.4129121599078592,-0.02812000201980635,-0.22051608096383277,,,
RPL5,0.08810657794604038,0.2990057260635047,0.19355615200477252,,,,,,,,,
DIPK1A,,,,,,,,,,,,
MTF2,,,,,,,,,,,,
TMED5,,,,,,,,,,,,
CCDC18,,,,,,,,,,,,
DR1,,,,,,,,,,,,
FNBP1L,,,,,,,,,,,,
BCAR3,,,,,,,,,,,,
DNTTIP2,,,,,,,,,,,,
GCLM,,,,,,,,,,,,
ARHGAP29,,,,,,,,,,,,
ABCD3,,,,,,,,,,,,
CNN3,,,,,,,,,,,,
ALG14,,,,,,,,,,,,
TLCD4,,,,,,,,,,,,
RWDD3,,,,,,,,,,,,
PTBP2,-0.3923997657796465,-0.10397107062400888,-0.2481854182018277,,,,,,,,,
DPYD,-0.2170695579278567,-0.07422840153088986,-0.1456489797293733,,,,,,,,,
SNX7,,,,,,,,,,,,
FRRS1,,,,,,,,,,,,
AGL,,,,,,,,,,,,
SLC35A3,,,,,,,,,,,,
MFSD14A,,,,,,,,,,,,
SASS6,,,,,,,,,,,,
TRMT13,,,,,,,,,,,,
DBT,,,,,,,,,,,,
RTCA,,,,,,,,,,,,
CDC14A,,,,,,,,,,,,
EXTL2,,,,,,,,,,,,
SLC30A7,,,,,,,,,,,,
DPH5,,,,,,,,,,,,
RNPC3,,,,,,,,,,,,
PRMT6,,,,,,,,,,,,
VAV3,,,,,,,,,,,,
SLC25A24,,,,,,,,,,,,
EEIG2,,,,,,,,,,,,
PRPF38B,,,,,,,,,,,,
STXBP3,,,,,,,,,,,,
GPSM2,,,,,,,,,,,,
CLCC1,,,,,,,,,,,,
WDR47,,,,,,,,,,,,
TAF13,,,,,,,,,,,,
TMEM167B,,,,,,,,,,,,
SARS1,,,,,,,,,,,,
CELSR2,,,,,,,,,,,,
PSRC1,0.12535755365462825,0.32566273841999616,0.2255101460373122,,,,,,,,,
SORT1,,,,-0.9880389667184607,-0.26542067110678735,-0.626729818912624,,,,,,
PSMA5,,,,,,,,,,,,
GNAI3,,,,,,,,,,,,
AMPD2,,,,,,,,,,,,
GSTM3,0.1379562841176181,0.37275725989149827,0.2553567720045582,,,,,,,,,
AHCYL1,,,,,,,,,,,,
STRIP1,,,,,,,,,,,,
KCNC4,-0.2680777201676423,-0.03538560268003791,-0.15173166142384012,,,,,,,,,
RBM15,,,,,,,,,,,,
SLC16A4,-0.28493549693446146,-0.07505194798447283,-0.17999372245946715,,,,,,,,,
LAMTOR5,,,,,,,,,,,,
LRIF1,,,,,,,,,,,,
DRAM2,,,,,,,,,,,,
CEPT1,,,,,,,,,,,,
WDR77,,,,,,,,,,,,
ATP5PB,0.19206634897390415,0.4326792159401888,0.31237278245704647,,,,,,,,,
RAP1A,,,,,,,,,,,,
DDX20,,,,,,,,,,,,
CTTNBP2NL,,,,,,,,,,,,
ST7L,,,,,,,,,,,,
CAPZA1,,,,,,,-0.9736923108346729,-0.3689052361326838,-0.6712987734836784,-0.9935787348038934,-0.5627728074806686,-0.778175771142281
MOV10,,,,,,,,,,,,
RHOC,0.13776237218182533,0.4133863551795843,0.2755743636807048,,,,,,,,,
SLC16A1,,,,,,,,,,,,
LRIG2,-0.3393971916710132,-0.09326162568542001,-0.2163294086782166,,,,,,,,,
MAGI3,,,,,,,,,,,,
PHTF1,,,,,,,,,,,,
RSBN1,,,,,,,,,,,,
AP4B1,,,,,,,,,,,,
DCLRE1B,,,,,,,,,,,,
HIPK1,,,,,,,,,,,,
TRIM33,,,,,,,,,,,,
BCAS2,,,,,,,,,,,,
DENND2C,,,,,,,,,,,,
NRAS,,,,,,,,,,,,
CSDE1,,,,,,,,,,,,
SIKE1,,,,,,,,,,,,
VANGL1,0.08054800214167765,0.3277259016901255,0.2041369519159016,,,,,,,,,
SLC22A15,,,,,,,,,,,,
ATP1A1,,,,,,,,,,,,
CD58,,,,,,,,,,,,
IGSF3,,,,,,,,,,,,
PTGFRN,,,,,,,,,,,,
TTF2,,,,,,,,,,,,
MAN1A2,,,,,,,,,,,,
GDAP2,,,,,,,,,,,,
WDR3,,,,,,,,,,,,
WARS2,,,,,,,,,,,,
ZNF697,,,,,,,,,,,,
PHGDH,,,,,,,,,,,,
NOTCH2,,,,,,,,,,,,
SEC22B,-0.5474014590945757,-0.09239887867397777,-0.31990016888427675,,,,,,,,,
NBPF8,,,,,,,,,,,,
FAM72B,,,,,,,,,,,,
SRGAP2C,,,,,,,,,,,,
NBPF15,-0.28637456612935064,-0.07667174849187729,-0.18152315731061397,,,,,,,,,
SRGAP2B,,,,,,,,,,,,
NBPF20,,,,,,,,,,,,
GPR89A,,,,,,,,,,,,
RNF115,,,,,,,,,,,,
POLR3C,,,,,,,,,,,,
PIAS3,,,,,,,,,,,,
PEX11B,,,,,,,,,,,,
RBM8A,,,,,,,,,,,,
LIX1L,,,,,,,,,,,,
POLR3GL,,,,,,,,,,,,
TXNIP,,,,,,,,,,,,
NOTCH2NLA,,,,,,,,,,,,
NBPF12,,,,,,,,,,,,
PRKAB2,,,,,,,,,,,,
BCL9,,,,,,,,,,,,
ACP6,,,,,,,,,,,,
GPR89B,,,,,,,,,,,,
NBPF11,,,,,,,,,,,,
PDE4DIP,-0.17834975452699217,-0.007903931128252328,-0.09312684282762225,-0.9656383071990088,-0.2429036622469248,-0.6042709847229668,,,,,,
NBPF9,,,,,,,,,,,,
NOTCH2NLC,,,,,,,,,,,,
BOLA1,,,,,,,,,,,,
SV2A,,,,,,,,,,,,
SF3B4,,,,,,,,,,,,
OTUD7B,,,,,,,,,,,,
VPS45,,,,,,,,,,,,
PLEKHO1,,,,-0.9706289189719101,-0.14086695760942614,-0.555747938290668,,,,,,
ANP32E,,,,,,,,,,,,
APH1A,0.09529289830076201,0.32509585921024353,0.2101943787555028,,,,,,,,,
C1orf54,,,,,,,,,,,,
MRPS21,,,,,,,,,,,,
PRPF3,,,,,,,,,,,,
RPRD2,,,,,,,,,,,,
TARS2,,,,,,,,,,,,
MCL1,,,,,,,,,,,,
ENSA,,,,,,,,,,,,
GOLPH3L,,,,,,,,,,,,
ARNT,,,,,,,,,,,,
SETDB1,,,,,,,,,,,,
CERS2,0.07384218140163477,0.2909138946249012,0.182378038013268,,,,,,,,,
MINDY1,,,,,,,,,,,,
PRUNE1,,,,,,,,,,,,
C1orf56,-0.5481950407625416,-0.26496355925618387,-0.4065793000093627,-0.9830262563825553,-0.31707482026898426,-0.6500505383257698,-0.5055853510999051,-0.1730904582276214,-0.33933790466376323,-0.6322508502066796,-0.270975856714613,-0.4516133534606463
CDC42SE1,-0.4233934108641751,-0.14383439972120313,-0.2836139052926891,,,,-0.4678682840695248,-0.10945516892169642,-0.2886617264956106,-0.6079155454823272,-0.09901756798094836,-0.3534665567316378
GABPB2,-0.31411039226117593,-0.08402264063165929,-0.1990665164464176,,,,,,,,,
SCNM1,,,,,,,,,,,,
LYSMD1,-0.4056931988932348,-0.13776829945617067,-0.27173074917470275,,,,-0.4640221039292765,-0.10710852613099926,-0.2855653150301379,-0.42458013310738135,-0.05666058163947448,-0.2406203573734279
VPS72,0.12626541557610385,0.3617138028364085,0.24398960920625617,,,,,,,,,
PIP5K1A,,,,,,,,,,,,
PSMD4,,,,,,,,,,,,
ZNF687,,,,,,,,,,,,
PI4KB,,,,,,,,,,,,
RFX5,,,,,,,,,,,,
SELENBP1,,,,,,,,,,,,
PSMB4,,,,,,,,,,,,
POGZ,,,,,,,-0.44858305834106704,-0.04806751116766496,-0.248325284754366,,,
CGN,,,,,,,,,,,,
SNX27,,,,,,,,,,,,
MRPL9,,,,,,,,,,,,
TDRKH,,,,,,,,,,,,
THEM4,,,,,,,,,,,,
S100A10,,,,,,,,,,,,
S100A11,0.06855873964835134,0.2989091389512031,0.18373393929977722,,,,,,,,,
S100A13,,,,,,,,,,,,
CHTOP,,,,,,,,,,,,
SNAPIN,0.10972430725204692,0.3643959905973415,0.2370601489246942,,,,,,,,,
ILF2,0.06957890134108707,0.2378013539799488,0.15369012766051793,,,,,,,,,
INTS3,,,,,,,,,,,,
GATAD2B,,,,,,,,,,,,
DENND4B,,,,,,,,,,,,
CRTC2,,,,,,,,,,,,
SLC39A1,,,,,,,,,,,,
JTB,,,,,,,,,,,,
RAB13,0.13541436646856414,0.37318334890555377,0.25429885768705895,,,,,,,,,
RPS27,,,,,,,,,,,,
NUP210L,,,,,,,,,,,,
TPM3,,,,,,,,,,,,
C1orf43,,,,,,,,,,,,
UBAP2L,,,,,,,,,,,,
HAX1,,,,,,,,,,,,
ATP8B2,,,,,,,,,,,,
UBE2Q1,0.16698279017971362,0.46353786023846055,0.3152603252090871,,,,,,,,,
ADAR,,,,,,,,,,,,
PMVK,,,,,,,,,,,,
PYGO2,,,,,,,,,,,,
SHC1,,,,,,,,,,,,
CKS1B,0.15490403538499697,0.34813184560185795,0.25151794049342746,,,,,,,,,
FLAD1,,,,,,,,,,,,
ADAM15,,,,,,,,,,,,
SLC50A1,0.07479621042015282,0.3197045538590182,0.1972503821395855,,,,,,,,,
DPM3,,,,,,,,,,,,
KRTCAP2,,,,,,,,,,,,
MTX1,0.12585732033328845,0.34292164643126166,0.23438948338227505,,,,,,,,,
GBA1,,,,,,,,,,,,
ENTREP3,,,,,,,,,,,,
SCAMP3,,,,,,,,,,,,
CLK2,,,,,,,,,,,,
FDPS,,,,,,,,,,,,
RUSC1,,,,,,,,,,,,
ASH1L,,,,,,,,,,,,
MSTO1,,,,,,,,,,,,
YY1AP1,,,,,,,,,,,,
DAP3,,,,,,,,,,,,
GON4L,,,,,,,,,,,,
RIT1,,,,,,,,,,,,
KHDC4,,,,,,,,,,,,
ARHGEF2,,,,,,,,,,,,
SSR2,0.17835054593586214,0.421244906389008,0.29979772616243505,,,,0.11747642930267194,0.4954492788094225,0.30646285405604723,,,
UBQLN4,,,,,,,,,,,,
LAMTOR2,,,,,,,,,,,,
MEX3A,,,,,,,,,,,,
LMNA,,,,,,,,,,,,
SLC25A44,,,,,,,,,,,,
PMF1,,,,,,,,,,,,
SMG5,,,,,,,,,,,,
GLMP,,,,,,,,,,,,
CCT3,,,,,,,,,,,,
TSACC,,,,,,,,,,,,
MEF2D,,,,,,,,,,,,
IQGAP3,,,,,,,,,,,,
NAXE,0.11760539225296787,0.41637630772332207,0.266990849988145,,,,,,,,,
GPATCH4,,,,,,,,,,,,
CRABP2,,,,,,,,,,,,
ISG20L2,,,,,,,,,,,,
METTL25B,,,,,,,,,,,,
MRPL24,,,,,,,,,,,,
HDGF,,,,,,,,,,,,
PRCC,,,,,,,,,,,,
ARHGEF11,,,,,,,,,,,,
ETV3,,,,,,,,,,,,
KIRREL1,,,,,,,,,,,,
TAGLN2,0.08221121372885073,0.3317356770979842,0.20697344541341745,,,,,,,,,
PIGM,,,,,,,,,,,,
PEA15,,,,,,,,,,,,
DCAF8,,,,,,,,,,,,
PEX19,0.06286059215678988,0.3442861735039673,0.20357338283037857,,,,,,,,,
COPA,,,,,,,,,,,,
NCSTN,,,,-0.9848806735637124,-0.18231295025275487,-0.5835968119082336,,,,,,
VANGL2,,,,,,,,,,,,
F11R,,,,,,,,,,,,
USF1,,,,,,,,,,,,
PFDN2,,,,,,,,,,,,
NIT1,0.0953837454244073,0.32216939298829245,0.20877656920634988,,,,,,,,,
DEDD,,,,,,,,,,,,
UFC1,,,,,,,,,,,,
USP21,,,,,,,,,,,,
PPOX,,,,,,,,,,,,
B4GALT3,,,,,,,,,,,,
NDUFS2,0.13584891101363616,0.372110733478296,0.25397982224596605,,,,0.12955170568800503,0.5018991919155783,0.31572544880179165,,,
TOMM40L,,,,,,,,,,,,
SDHC,,,,,,,,,,,,
DUSP12,,,,,,,,,,,,
ATF6,,,,,,,,,,,,
NOS1AP,,,,,,,,,,,,
UHMK1,,,,,,,,,,,,
UAP1,,,,,,,,,,,,
DDR2,,,,,,,,,,,,
HSD17B7,0.09120150250828689,0.32629066169199533,0.20874608210014112,,,,,,,,,
NUF2,0.09626737600287961,0.28335053736792143,0.18980895668540052,,,,,,,,,
PBX1,,,,,,,,,,,,
MGST3,0.24163811496220441,0.47075938086727537,0.3561987479147399,,,,,,,,,
ALDH9A1,,,,,,,,,,,,
TMCO1,,,,-0.9833658224176545,-0.2907657515963189,-0.6370657870069867,,,,,,
UCK2,,,,,,,,,,,,
POGK,,,,,,,,,,,,
TADA1,,,,,,,,,,,,
POU2F1,,,,,,,,,,,,
CREG1,,,,,,,,,,,,
MPZL1,,,,,,,,,,,,
MPC2,,,,,,,,,,,,
DCAF6,,,,,,,,,,,,
GPR161,,,,,,,,,,,,
TIPRL,0.15518801142783722,0.4424131651256493,0.2988005882767433,,,,,,,,,
SFT2D2,,,,,,,,,,,,
ATP1B1,-0.6830065309910683,-0.23541680060112333,-0.45921166579609585,,,,-0.5773823811810765,-0.21080100464847212,-0.3940916929147743,,,
NME7,,,,,,,,,,,,
BLZF1,,,,,,,,,,,,
CCDC181,,,,,,,,,,,,
SLC19A2,,,,,,,,,,,,
C1orf112,,,,,,,,,,,,
METTL18,,,,,,,,,,,,
SCYL3,,,,-0.9883485780048215,-0.4403748880588919,-0.7143617330318567,,,,,,
KIFAP3,,,,,,,,,,,,
GORAB,,,,,,,,,,,,
PRRC2C,,,,,,,,,,,,
VAMP4,,,,,,,,,,,,
METTL13,,,,-0.9927849641083393,-0.4183973633732294,-0.7055911637407843,,,,,,
DNM3,,,,,,,,,,,,
PIGC,,,,,,,,,,,,
SUCO,,,,,,,,,,,,
PRDX6,,,,,,,,,,,,
KLHL20,,,,,,,,,,,,
CENPL,,,,,,,,,,,,
DARS2,,,,,,,,,,,,
ZBTB37,,,,,,,,,,,,
RC3H1,,,,,,,,,,,,
RABGAP1L,-0.3825518189297139,-0.1371328936121003,-0.2598423562709071,-0.9894256174932532,-0.42526512084368007,-0.7073453691684666,-0.5097653208033236,-0.14446038246567244,-0.327112851634498,,,
CACYBP,,,,,,,,,,,,
MRPS14,,,,,,,,,,,,
COP1,,,,,,,,,,,,
RASAL2,,,,,,,,,,,,
RALGPS2,-0.30515974987562616,-0.13608438563890105,-0.22062206775726362,-0.9906439201507647,-0.526604848546755,-0.7586243843487599,-0.24040306869849493,-0.056609869272838065,-0.1485064689856665,,,
FAM20B,,,,,,,,,,,,
TOR3A,,,,,,,,,,,,
ABL2,,,,,,,-0.45897565347736535,-0.0854548771245008,-0.2722152653009331,,,
SOAT1,,,,,,,,,,,,
TOR1AIP2,-0.574012161534877,-0.142686556561412,-0.35834935904814447,-0.9882776743442492,-0.3488760138639195,-0.6685768441040844,,,,,,
TOR1AIP1,,,,,,,,,,,,
CEP350,,,,,,,,,,,,
QSOX1,,,,,,,,,,,,
ACBD6,,,,,,,,,,,,
XPR1,,,,,,,,,,,,
STX6,,,,,,,,,,,,
IER5,,,,,,,,,,,,
GLUL,,,,,,,,,,,,
RGS16,,,,-0.9891747716407319,-0.34806612784642543,-0.6686204497435786,,,,,,
NPL,,,,,,,,,,,,
DHX9,,,,,,,,,,,,
LAMC1,,,,,,,,,,,,
SMG7,,,,,,,,,,,,
ARPC5,0.09034507886846649,0.3719022040663068,0.23112364146738665,,,,,,,,,
RGL1,-0.24938227816747938,-0.07369283020269524,-0.1615375541850873,,,,,,,,,
TSEN15,,,,,,,,,,,,
C1orf21,,,,,,,,,,,,
EDEM3,,,,,,,,,,,,
NIBAN1,,,,,,,,,,,,
RNF2,,,,,,,,,,,,
TRMT1L,,,,,,,,,,,,
SWT1,,,,,,,,,,,,
IVNS1ABP,,,,,,,,,,,,
HMCN1,,,,,,,-0.30531651091911616,-0.06719928587448767,-0.1862578983968019,,,
TPR,,,,,,,,,,,,
ODR4,,,,,,,,,,,,
PLA2G4A,,,,,,,,,,,,
BRINP3,,,,,,,,,,,,
UCHL5,,,,,,,,,,,,
RO60,,,,,,,,,,,,
GLRX2,,,,,,,,,,,,
CDC73,,,,,,,,,,,,
KCNT2,-0.25944754486616456,-0.061394688553418814,-0.1604211167097917,,,,,,,,,
ASPM,0.14087610476207632,0.3537175139891589,0.2472968093756176,,,,,,,,,
ZBTB41,,,,,,,,,,,,
DENND1B,,,,-0.9894013332168927,-0.3639294067909579,-0.6766653700039253,,,,,,
C1orf53,,,,,,,,,,,,
NEK7,,,,,,,,,,,,
ZNF281,,,,,,,,,,,,
KIF14,,,,,,,,,,,,
DDX59,,,,,,,,,,,,
CAMSAP2,,,,,,,,,,,,
TMEM9,,,,,,,,,,,,
NAV1,,,,,,,,,,,,
IPO9,,,,,,,,,,,,
TIMM17A,,,,,,,,,,,,
RNPEP,,,,,,,,,,,,
ARL8A,,,,,,,,,,,,
UBE2T,,,,,,,,,,,,
PPP1R12B,,,,,,,-0.35696552178838964,-0.10091730945443166,-0.22894141562141065,,,
SYT2,-0.26851905154651506,-0.1663652356119049,-0.21744214357921,-0.9715115555553192,-0.39469384334353813,-0.6831026994494287,-0.20640320923613537,-0.075940779266882,-0.14117199425150867,-0.3649880788046825,-0.17379645722616038,-0.26939226801542143
KDM5B,0.14409298281105898,0.3349369038604332,0.23951494333574608,,,,,,,,,
RABIF,,,,,,,,,,,,
KLHL12,-0.34456537353529226,-0.08760487760226482,-0.21608512556877854,,,,-0.4590590001183243,-0.13543009632981648,-0.29724454822407037,,,
ADIPOR1,0.07251908580056182,0.3190786274584821,0.19579885662952196,,,,,,,,,
CYB5R1,,,,,,,,,,,,
TMEM183A,,,,,,,,,,,,
BTG2,,,,,,,,,,,,
ATP2B4,,,,,,,,,,,,
SNRPE,,,,,,,,,,,,
SOX13,,,,,,,,,,,,
ETNK2,-0.17003480794592618,-0.019798476805752266,-0.09491664237583922,-0.9097214292205557,-0.23021481252217646,-0.5699681208713661,,,,,,
PPP1R15B,,,,,,,,,,,,
PIK3C2B,,,,,,,,,,,,
MDM4,-0.6117865988818195,-0.29454098512115173,-0.4531637920014856,,,,-0.5692101723377844,-0.2130998722845871,-0.3911550223111857,-0.7412308642163721,-0.21258093328528782,-0.47690589875082995
RBBP5,-0.5010697153826246,-0.09490503321717192,-0.29798737429989824,,,,,,,,,
DSTYK,,,,,,,,,,,,
CDK18,,,,-0.9972287604961566,-0.6621487232360583,-0.8296887418661074,,,,,,
ELK4,,,,-0.9899308929790754,-0.5144070635844045,-0.75216897828174,,,,,,
NUCKS1,,,,,,,,,,,,
RAB29,,,,,,,,,,,,
SLC41A1,,,,,,,,,,,,
SRGAP2,,,,,,,,,,,,
EIF2D,,,,,,,,,,,,
DYRK3,,,,,,,,,,,,
MAPKAPK2,,,,,,,,,,,,
PFKFB2,,,,,,,,,,,,
YOD1,,,,,,,,,,,,
CD55,,,,,,,,,,,,
CD46,,,,,,,,,,,,
PLXNA2,,,,,,,,,,,,
C1orf74,,,,,,,,,,,,
UTP25,,,,,,,,,,,,
SYT14,,,,,,,,,,,,
SERTAD4,,,,,,,,,,,,
HHAT,,,,,,,,,,,,
RCOR3,,,,,,,,,,,,
TRAF5,,,,,,,,,,,,
NEK2,0.1383996296406276,0.352430297044201,0.2454149633424143,,,,,,,,,
LPGAT1,,,,,,,,,,,,
INTS7,,,,,,,,,,,,
DTL,,,,,,,,,,,,
PPP2R5A,,,,,,,,,,,,
PACC1,,,,,,,,,,,,
NENF,,,,,,,,,,,,
ATF3,,,,,,,,,,,,
BATF3,,,,,,,,,,,,
NSL1,,,,,,,,,,,,
TATDN3,,,,,,,,,,,,
FLVCR1,,,,,,,,,,,,
ANGEL2,,,,,,,,,,,,
RPS6KC1,,,,,,,,,,,,
SMYD2,,,,,,,,,,,,
PTPN14,,,,,,,,,,,,
CENPF,0.16996095191933502,0.35856490869283225,0.2642629303060836,,,,,,,,,
KCTD3,,,,,,,,,,,,
ESRRG,-0.30311145662357064,-0.1121373677650032,-0.20762441219428693,-0.985912267004472,-0.36010767664701476,-0.6730099718257434,,,,,,
GPATCH2,,,,,,,,,,,,
SPATA17,,,,,,,,,,,,
RRP15,,,,,,,,,,,,
TGFB2,-0.27525654320029885,-0.15362950627787247,-0.21444302473908566,-0.982112070177887,-0.4723479374174751,-0.7272300037976811,-0.2455089272893372,-0.07302262225793146,-0.15926577477363435,-0.42957500848150953,-0.15511107372559607,-0.2923430411035528
LYPLAL1,,,,,,,,,,,,
SLC30A10,-0.2534954818132734,-0.15710388253599686,-0.20529968217463512,-0.9809879979681596,-0.4806164477937021,-0.7308022228809309,-0.20878410108519194,-0.08746480242306325,-0.14812445175412758,-0.3881696166482359,-0.15766588557226444,-0.2729177511102502
EPRS1,,,,,,,,,,,,
BPNT1,,,,-0.8905617393287413,-0.17286158492128365,-0.5317116621250124,,,,,,
IARS2,,,,,,,,,,,,
RAB3GAP2,,,,,,,,,,,,
MARK1,,,,,,,,,,,,
MTARC2,,,,,,,,,,,,
MTARC1,,,,,,,,,,,,
TAF1A,,,,,,,,,,,,
MIA3,,,,,,,,,,,,
AIDA,,,,,,,,,,,,
BROX,,,,,,,,,,,,
DISP1,,,,,,,,,,,,
CAPN2,,,,,,,,,,,,
TP53BP2,,,,,,,,,,,,
FBXO28,,,,,,,,,,,,
DEGS1,0.11095030774749413,0.3062230280096187,0.20858666787855643,,,,,,,,,
NVL,,,,,,,,,,,,
CNIH4,0.19599238984060793,0.3951031352078492,0.29554776252422854,,,,0.1077478534698337,0.4514886439818646,0.27961824872584917,,,
WDR26,,,,,,,,,,,,
CNIH3,,,,,,,,,,,,
DNAH14,,,,,,,,,,,,
LBR,0.11721320590268194,0.3113365332750469,0.21427486958886444,,,,,,,,,
ENAH,,,,,,,,,,,,
SRP9,,,,,,,,,,,,
EPHX1,,,,,,,,,,,,
TMEM63A,,,,,,,,,,,,
PYCR2,,,,,,,,,,,,
SDE2,,,,,,,,,,,,
ACBD3,,,,,,,,,,,,
LIN9,,,,,,,,,,,,
PARP1,,,,,,,,,,,,
ITPKB,,,,,,,,,,,,
PSEN2,,,,,,,,,,,,
COQ8A,,,,,,,,,,,,
CDC42BPA,,,,,,,,,,,,
ZNF678,,,,,,,,,,,,
SNAP47,,,,,,,,,,,,
JMJD4,,,,,,,,,,,,
ARF1,0.11663325327328176,0.3413766663009288,0.22900495978710528,,,,,,,,,
C1orf35,,,,,,,,,,,,
MRPL55,,,,,,,,,,,,
GUK1,,,,,,,,,,,,
IBA57,,,,-0.9907993415301034,-0.5083975393034239,-0.7495984404167637,,,,,,
TRIM11,,,,,,,,,,,,
RNF187,0.10126171777088545,0.3883191801565685,0.24479044896372698,,,,,,,,,
RHOU,,,,,,,,,,,,
RAB4A,,,,,,,,,,,,
CCSAP,,,,,,,,,,,,
NUP133,,,,,,,,,,,,
ABCB10,,,,,,,,,,,,
TAF5L,,,,,,,,,,,,
URB2,,,,,,,,,,,,
GALNT2,,,,,,,,,,,,
PGBD5,,,,,,,,,,,,
COG2,,,,,,,,,,,,
C1orf198,,,,,,,,,,,,
TTC13,,,,,,,,,,,,
ARV1,0.09333484531735972,0.3487588467269214,0.2210468460221406,,,,,,,,,
FAM89A,,,,,,,,,,,,
C1orf131,,,,,,,,,,,,
GNPAT,,,,,,,,,,,,
EXOC8,,,,,,,,,,,,
SPRTN,,,,,,,,,,,,
EGLN1,,,,,,,,,,,,
TSNAX,,,,,,,,,,,,
DISC1,-0.2889512651125905,-0.046529309449076864,-0.16774028728083368,,,,,,,,,
SIPA1L2,,,,,,,,,,,,
NTPCR,0.14210306802890849,0.40627548846168327,0.2741892782452959,,,,,,,,,
PCNX2,,,,,,,,,,,,
MAP3K21,,,,,,,,,,,,
KCNK1,,,,,,,,,,,,
COA6,,,,,,,,,,,,
TARBP1,,,,,,,,,,,,
IRF2BP2,,,,,,,,,,,,
TOMM20,,,,,,,,,,,,
ARID4B,,,,,,,,,,,,
GGPS1,,,,,,,,,,,,
TBCE,,,,,,,,,,,,
B3GALNT2,,,,,,,,,,,,
GNG4,,,,,,,,,,,,
LYST,,,,,,,,,,,,
NID1,,,,,,,,,,,,
GPR137B,,,,,,,,,,,,
ERO1B,,,,,,,,,,,,
EDARADD,,,,,,,,,,,,
HEATR1,,,,,,,,,,,,
ACTN2,-0.32349404575336266,-0.06031486260036124,-0.19190445417686194,,,,,,,,,
MTR,,,,,,,,,,,,
RYR2,-0.2577280351754296,-0.09365546114355067,-0.17569174815949012,,,,-0.2832379039840565,-0.05268998087739173,-0.16796394243072413,,,
CHRM3,-0.2683797861055827,-0.07889396466882155,-0.17363687538720213,-0.9635831064182362,-0.14090359881055867,-0.5522433526143974,,,,,,
FMN2,-0.2627509128669183,-0.0386079758844633,-0.1506794443756908,,,,,,,,,
RGS7,-0.26129835615533337,-0.1138538221847194,-0.18757608917002638,,,,-0.2416180999542926,-0.05697335208277031,-0.14929572601853144,,,
FH,,,,,,,,,,,,
CHML,,,,,,,,,,,,
EXO1,,,,,,,,,,,,
CEP170,,,,,,,,,,,,
SDCCAG8,,,,,,,,,,,,
AKT3,,,,,,,,,,,,
ZBTB18,,,,,,,,,,,,
ADSS2,,,,,,,,,,,,
CATSPERE,,,,,,,,,,,,
DESI2,0.10233607674534248,0.3215252341853221,0.2119306554653323,,,,,,,,,
COX20,,,,,,,,,,,,
HNRNPU,,,,,,,,,,,,
EFCAB2,,,,,,,,,,,,
KIF26B,-0.27243955062861913,-0.12036588768924594,-0.19640271915893254,,,,-0.34202857300776224,-0.09128703250518581,-0.21665780275647403,,,
SMYD3,-0.4868499208373603,-0.1797400944134111,-0.33329500762538566,,,,-0.4032363201794172,-0.12595036706445362,-0.26459334362193543,,,
TFB2M,,,,,,,,,,,,
CNST,,,,,,,,,,,,
SCCPDH,0.09518608383623715,0.33986487568384716,0.21752547976004216,,,,,,,,,
AHCTF1,,,,-0.9770329674225579,-0.24207883593622903,-0.6095559016793934,,,,,,
ZNF695,,,,,,,,,,,,
ZNF670,,,,-0.9912021456795584,-0.38438789188773415,-0.6877950187836464,,,,,,
ZNF124,,,,,,,,,,,,
ZNF496,,,,,,,,,,,,
SH3YL1,,,,,,,,,,,,
ACP1,,,,,,,,,,,,
TMEM18,,,,,,,,,,,,
SNTG2,,,,,,,-0.31043586066132994,-0.04727535986397956,-0.17885561026265476,,,
PXDN,,,,,,,,,,,,
EIPR1,,,,,,,,,,,,
TRAPPC12,,,,,,,,,,,,
ADI1,0.08080655149968344,0.31243492472133033,0.1966207381105069,,,,,,,,,
RNASEH1,,,,,,,,,,,,
RPS7,0.16228379425717057,0.34738394943058076,0.2548338718438757,,,,,,,,,
DCDC2C,-0.24240494991919845,-0.15964102348812972,-0.20102298670366409,-0.947261855919119,-0.4023168484533201,-0.6747893521862196,-0.19433116640963113,-0.07542201945776103,-0.13487659293369608,-0.36946261553248544,-0.19320547020636797,-0.2813340428694267
RNF144A,-0.2186000786505024,-0.0483545842626502,-0.1334773314565763,,,,,,,,,
ID2,,,,,,,,,,,,
KIDINS220,,,,,,,,,,,,
MBOAT2,,,,,,,,,,,,
ASAP2,,,,,,,,,,,,
ITGB1BP1,,,,,,,,,,,,
CPSF3,,,,,,,,,,,,
IAH1,,,,,,,,,,,,
ADAM17,,,,,,,,,,,,
YWHAQ,,,,,,,,,,,,
TAF1B,,,,,,,,,,,,
KLF11,,,,,,,,,,,,
RRM2,-0.9742857763103532,-0.35839576406000934,-0.6663407701851812,,,,,,,,,
HPCAL1,,,,,,,,,,,,
ODC1,,,,,,,,,,,,
NOL10,,,,,,,,,,,,
PDIA6,0.19933839668628794,0.3976883166485169,0.2985133566674024,,,,,,,,,
SLC66A3,,,,,,,,,,,,
ROCK2,,,,,,,,,,,,
E2F6,,,,,,,,,,,,
GREB1,-0.2882602921379725,-0.07663205876926607,-0.1824461754536193,,,,,,,,,
LPIN1,,,,,,,,,,,,
NBAS,,,,,,,,,,,,
DDX1,,,,,,,,,,,,
SMC6,,,,,,,,,,,,
GEN1,,,,,,,,,,,,
RDH14,,,,,,,,,,,,
TTC32,0.09655928736767391,0.3182664640508888,0.20741287570928135,,,,,,,,,
WDR35,,,,,,,,,,,,
LAPTM4A,0.28411042362906697,0.5469537012513692,0.4155320624402181,,,,0.20422839358647188,0.5454293709849379,0.3748288822857049,0.12866859724457366,0.49091054142535734,0.3097895693349655
PUM2,,,,,,,,,,,,
RHOB,,,,,,,,,,,,
HS1BP3,,,,,,,,,,,,
LDAH,,,,,,,,,,,,
KLHL29,-0.3176865691989616,-0.09966143505042754,-0.20867400212469456,,,,-0.38696326479356974,-0.058479769421658466,-0.2227215171076141,,,
ATAD2B,,,,,,,,,,,,
UBXN2A,,,,,,,,,,,,
WDCP,,,,,,,,,,,,
FKBP1B,,,,,,,,,,,,
SF3B6,,,,,,,,,,,,
FAM228B,,,,,,,,,,,,
TP53I3,,,,,,,,,,,,
ITSN2,,,,,,,,,,,,
NCOA1,,,,,,,,,,,,
PTRHD1,,,,,,,,,,,,
CENPO,,,,,,,,,,,,
ADCY3,,,,,,,,,,,,
DNAJC27,,,,,,,,,,,,
EFR3B,,,,,,,,,,,,
DNMT3A,,,,,,,,,,,,
DTNB,,,,,,,,,,,,
ASXL2,,,,,,,,,,,,
RAB10,,,,,,,,,,,,
GAREM2,,,,,,,,,,,,
HADHA,,,,,,,,,,,,
HADHB,,,,,,,,,,,,
SELENOI,,,,,,,,,,,,
SLC35F6,,,,,,,,,,,,
CENPA,0.057982554379392065,0.22135782314157762,0.13967018876048484,,,,,,,,,
DPYSL5,,,,,,,,,,,,
MAPRE3,,,,,,,,,,,,
TMEM214,,,,,,,,,,,,
AGBL5,,,,,,,,,,,,
OST4,,,,,,,,,,,,
KHK,,,,,,,,,,,,
PREB,0.12614849793194158,0.34211945228989543,0.2341339751109185,,,,,,,,,
SLC5A6,,,,,,,,,,,,
ATRAID,0.1612792671056183,0.46284698663829554,0.3120631268719569,,,,,,,,,
CAD,,,,,,,,,,,,
MPV17,0.0880334222284899,0.31922712288463834,0.20363027255656413,,,,,,,,,
GTF3C2,,,,,,,,,,,,
EIF2B4,,,,,,,,,,,,
SNX17,,,,,,,,,,,,
PPM1G,,,,,,,,,,,,
NRBP1,0.06438826889760778,0.3014796934547272,0.1829339811761675,,,,,,,,,
IFT172,,,,,,,,,,,,
ZNF512,,,,,,,,,,,,
GPN1,,,,,,,,,,,,
SUPT7L,,,,,,,,,,,,
SLC4A1AP,0.12636124006268995,0.34827293795822023,0.2373170890104551,,,,,,,,,
MRPL33,,,,,,,,,,,,
BABAM2,,,,,,,,,,,,
PPP1CB,,,,,,,-0.984526194405986,-0.505394595798491,-0.7449603951022385,-0.9935972258109438,-0.617523785758856,-0.8055605057848999
SPDYA,,,,,,,,,,,,
TRMT61B,,,,,,,,,,,,
WDR43,,,,,,,,,,,,
CLIP4,,,,,,,,,,,,
YPEL5,0.07353336877208996,0.27977761862560135,0.17665549369884564,,,,,,,0.05975548117998493,0.4239258755295906,0.24184067835478776
LCLAT1,,,,,,,,,,,,
GALNT14,,,,,,,,,,,,
EHD3,,,,,,,,,,,,
DPY30,,,,,,,,,,,,
SPAST,,,,,,,,,,,,
SLC30A6,,,,,,,,,,,,
YIPF4,-0.22712886217837777,-0.05292743267638138,-0.14002814742737957,-0.9860794694589347,-0.3656511415028907,-0.6758653054809127,,,,,,
BIRC6,,,,,,,,,,,,
TTC27,,,,,,,,,,,,
LTBP1,-0.3701426859514395,-0.16032481120689668,-0.2652337485791681,-0.9766045647675797,-0.2882143518358691,-0.6324094583017243,,,,,,
FAM98A,,,,,,,,,,,,
CRIM1,,,,,,,,,,,,
FEZ2,,,,,,,,,,,,
STRN,,,,,,,,,,,,
HEATR5B,,,,,,,,,,,,
GPATCH11,,,,,,,,,,,,
EIF2AK2,,,,,,,,,,,,
CEBPZOS,,,,,,,,,,,,
CEBPZ,,,,,,,,,,,,
NDUFAF7,,,,,,,,,,,,
PRKD3,,,,,,,,,,,,
QPCT,0.06721258564624703,0.28222163542574397,0.1747171105359955,,,,,,,,,
CDC42EP3,,,,,,,,,,,,
RMDN2,,,,,,,,,,,,
ATL2,,,,,,,-0.5951729021234946,-0.1563745490690291,-0.3757737255962619,,,
HNRNPLL,,,,,,,,,,,,
GALM,,,,,,,,,,,,
SRSF7,,,,,,,,,,,,
GEMIN6,,,,,,,,,,,,
DHX57,,,,,,,,,,,,
MORN2,,,,,,,,,,,,
SOS1,,,,,,,,,,,,
MAP4K3,,,,,,,,,,,,
THUMPD2,,,,,,,,,,,,
SLC8A1,-0.2073038021359493,-0.03251412941804384,-0.11990896577699656,,,,,,,,,
PKDCC,,,,,,,,,,,,
EML4,,,,,,,,,,,,
COX7A2L,0.09702419276739427,0.439430188211046,0.26822719048922017,,,,,,,,,
KCNG3,,,,,,,,,,,,
MTA3,,,,,,,,,,,,
ZFP36L2,,,,,,,,,,,,
THADA,,,,,,,,,,,,
PLEKHH2,,,,,,,,,,,,
DYNC2LI1,,,,,,,,,,,,
LRPPRC,,,,,,,,,,,,
PPM1B,,,,,,,,,,,,
PREPL,,,,,,,,,,,,
CAMKMT,-0.4276131830793305,-0.15295802921225984,-0.2902856061457952,,,,-0.38585569013577387,-0.0725072694103935,-0.22918147977308367,,,
SIX2,,,,,,,,,,,,
SRBD1,,,,,,,,,,,,
PRKCE,,,,,,,,,,,,
EPAS1,,,,,,,,,,,,
ATP6V1E2,,,,,,,,,,,,
RHOQ,,,,,,,,,,,,
PIGF,,,,,,,,,,,,
CRIPT,,,,,,,,,,,,
MCFD2,,,,,,,,,,,,
TTC7A,,,,,,,,,,,,
CALM2,0.23853628541790578,0.41926558997797914,0.3289009376979425,,,,,,,,,
MSH2,-0.6200079685412763,-0.15019533186055203,-0.38510165020091414,-0.9829791654262204,-0.31064357882220617,-0.6468113721242132,,,,,,
MSH6,,,,,,,,,,,,
FBXO11,,,,,,,,,,,,
FOXN2,,,,,,,,,,,,
PPP1R21,,,,,,,,,,,,
STON1,,,,,,,,,,,,
NRXN1,-0.2575989909444363,-0.1495967024411759,-0.2035978466928061,-0.9807172747256129,-0.4740200358301181,-0.7273686552778655,-0.20058812680772767,-0.04052964060038952,-0.1205588837040586,-0.3658448581556383,-0.1708545189451298,-0.26834968855038405
ASB3,,,,,,,,,,,,
CHAC2,,,,,,,,,,,,
ERLEC1,,,,,,,,,,,,
PSME4,,,,,,,,,,,,
ACYP2,,,,,,,,,,,,
SPTBN1,,,,,,,,,,,,
EML6,-0.24217430777097093,-0.08910681099870292,-0.16564055938483693,,,,,,,,,
RTN4,,,,,,,,,,,,
CLHC1,,,,,,,,,,,,
RPS27A,,,,,,,,,,,,
MTIF2,,,,,,,,,,,,
CCDC88A,,,,,,,,,,,,
CFAP36,,,,,,,,,,,,
PPP4R3B,,,,,,,,,,,,
PNPT1,,,,,,,,,,,,
VRK2,,,,,,,,,,,,
FANCL,-0.4713933121307918,-0.12728820968087595,-0.29934076090583384,,,,,,,,,
BCL11A,,,,,,,,,,,,
PAPOLG,,,,,,,,,,,,
REL,,,,,,,,,,,,
PUS10,,,,,,,,,,,,
PEX13,,,,,,,,,,,,
SANBR,,,,,,,,,,,,
C2orf74,,,,,,,,,,,,
USP34,,,,,,,,,,,,
XPO1,,,,,,,,,,,,
FAM161A,,,,,,,,,,,,
CCT4,,,,,,,,,,,,
COMMD1,,,,,,,,,,,,
B3GNT2,,,,,,,,,,,,
EHBP1,,,,,,,,,,,,
WDPCP,-0.3207496685317474,-0.09742724883045227,-0.20908845868109985,,,,,,,,,
MDH1,,,,,,,,,,,,
UGP2,,,,,,,,,,,,
VPS54,,,,,,,,,,,,
PELI1,,,,,,,,,,,,
LGALSL,,,,,,,,,,,,
AFTPH,,,,,,,,,,,,
SERTAD2,,,,,,,,,,,,
CEP68,,,,,,,,,,,,
RAB1A,,,,,,,,,,,,
ACTR2,,,,,,,,,,,,
SPRED2,,,,,,,,,,,,
MEIS1,-0.3652648492433904,-0.09535612496426508,-0.23031048710382776,,,,,,,-0.48501368446327997,-0.10568166605347953,-0.29534767525837974
ETAA1,,,,,,,,,,,,
C1D,0.14728136141224446,0.4384555769501665,0.29286846918120546,,,,0.12289843339121105,0.458308446216233,0.29060343980372205,,,
DNAAF10,,,,,,,,,,,,
PNO1,,,,,,,,,,,,
PPP3R1,,,,,,,,,,,,
CNRIP1,,,,,,,,,,,,
FBXO48,,,,,,,,,,,,
APLF,,,,,,,,,,,,
ANTXR1,,,,,,,,,,,,
GFPT1,,,,,,,,,,,,
NFU1,,,,,,,,,,,,
AAK1,,,,,,,,,,,,
ANXA4,,,,,,,,,,,,
GMCL1,,,,,,,,,,,,
SNRNP27,,,,,,,,,,,,
MXD1,,,,,,,,,,,,
PCBP1,,,,,,,,,,,,
C2orf42,,,,,,,,,,,,
TIA1,,,,,,,,,,,,
PCYOX1,,,,,,,,,,,,
SNRPG,,,,,,,,,,,,
FAM136A,,,,,,,,,,,,
ADD2,,,,,,,,,,,,
VAX2,,,,,,,,,,,,
TEX261,,,,,,,,,,,,
NAGK,,,,,,,,,,,,
MCEE,,,,,,,,,,,,
MPHOSPH10,,,,,,,,,,,,
PAIP2B,,,,,,,,,,,,
ZNF638,,,,,,,,,,,,
EXOC6B,,,,,,,,,,,,
SPR,,,,,,,,,,,,
SFXN5,,,,,,,,,,,,
RAB11FIP5,,,,,,,,,,,,
SMYD5,,,,,,,,,,,,
PRADC1,,,,,,,,,,,,
CCT7,,,,,,,,,,,,
ALMS1,,,,,,,,,,,,
TPRKB,,,,,,,,,,,,
DUSP11,,,,,,,,,,,,
STAMBP,,,,,,,,,,,,
DGUOK,,,,,,,,,,,,
TET3,,,,,,,,,,,,
BOLA3,,,,,,,,,,,,
MOB1A,,,,,,,,,,,,
MTHFD2,,,,,,,,,,,,
DCTN1,,,,,,,,,,,,
WDR54,0.11079015370396168,0.33106864414493803,0.22092939892444985,,,,,,,,,
RTKN,,,,,,,,,,,,
INO80B,,,,,,,,,,,,
WBP1,0.1232735705808559,0.38281585455497363,0.2530447125679148,,,,,,,,,
MOGS,,,,,,,,,,,,
MRPL53,,,,,,,,,,,,
CCDC142,,,,,,,,,,,,
TTC31,,,,,,,,,,,,
PCGF1,,,,,,,,,,,,
AUP1,,,,,,,,,,,,
HTRA2,,,,,,,,,,,,
DOK1,,,,,,,,,,,,
HK2,,,,,,,,,,,,
POLE4,,,,,,,,,,,,
MRPL19,,,,,,,,,,,,
GCFC2,,,,,,,,,,,,
LRRTM4,-0.3534746467472876,-0.18027666596577124,-0.26687565635652943,,,,-0.25385788341146326,-0.03450545320107835,-0.1441816683062708,-0.3841316726243148,-0.10057318378815519,-0.24235242820623498
SUCLG1,,,,,,,,,,,,
DNAH6,-0.22792734891554112,-0.1136115238845127,-0.1707694364000269,-0.9656295621814892,-0.3855900463058018,-0.6756098042436455,-0.23944796225638926,-0.07344518814164402,-0.15644657519901664,-0.33465649788349766,-0.17284665853632236,-0.25375157820991
TMSB10,,,,,,,,,,,,
KCMF1,,,,,,,,,,,,
TCF7L1,,,,,,,,,,,,
TGOLN2,,,,,,,,,,,,
RETSAT,,,,,,,,,,,,
ELMOD3,,,,,,,,,,,,
CAPG,,,,,,,,,,,,
MAT2A,,,,-0.9787648023385432,-0.20788539929795913,-0.5933251008182512,,,,,,
GGCX,,,,,,,,,,,,
VAMP8,0.058866156415254965,0.28470047645356483,0.1717833164344099,,,,,,,,,
RNF181,0.16950325103856,0.5137668687423693,0.34163505989046467,,,,0.15634963379281303,0.43197031201937525,0.29415997290609414,,,
USP39,,,,,,,,,,,,
C2orf68,-0.4277772899089761,-0.15497591713781309,-0.2913766035233946,,,,,,,-0.5679380045679557,-0.1359512026740993,-0.35194460362102753
ST3GAL5,,,,,,,,,,,,
POLR1A,,,,,,,,,,,,
PTCD3,,,,,,,,,,,,
IMMT,,,,,,,,,,,,
MRPL35,,,,,,,,,,,,
REEP1,,,,,,,,,,,,
KDM3A,,,,,,,,,,,,
CHMP3,,,,,,,,,,,,
RNF103,,,,,,,,,,,,
RMND5A,,,,,,,,,,,,
KRCC1,,,,,,,,,,,,
EIF2AK3,,,,,,,,,,,,
RPIA,,,,-0.9884159025448217,-0.3338078388571742,-0.661111870700998,,,,,,
MRPS5,,,,,,,,,,,,
ZNF514,,,,,,,,,,,,
ZNF2,,,,,,,,,,,,
FAHD2A,,,,,,,,,,,,
ANKRD36C,,,,,,,,,,,,
DUSP2,,,,,,,,,,,,
STARD7,,,,,,,,,,,,
TMEM127,,,,,,,,,,,,
CIAO1,,,,,,,,,,,,
SNRNP200,,,,,,,,,,,,
ITPRIPL1,,,,-0.9842488206982859,-0.3387055722192018,-0.6614771964587438,,,,,,
NCAPH,,,,,,,,,,,,
KANSL3,,,,,,,,,,,,
LMAN2L,,,,,,,,,,,,
CNNM4,,,,,,,,,,,,
CNNM3,,,,,,,,,,,,
ANKRD39,,,,,,,,,,,,
FAHD2B,,,,,,,,,,,,
ANKRD36,,,,,,,,,,,,
ANKRD36B,,,,,,,,,,,,
COX5B,,,,,,,,,,,,
ACTR1B,,,,,,,,,,,,
C2orf92,,,,,,,,,,,,
TMEM131,,,,,,,,,,,,
INPP4A,,,,,,,,,,,,
COA5,,,,,,,,,,,,
UNC50,0.13221659259268423,0.4167270194427106,0.27447180601769744,,,,,,,,,
MGAT4A,,,,,,,,,,,,
TSGA10,,,,,,,,,,,,
LIPT1,,,,,,,,,,,,
MITD1,,,,,,,,,,,,
MRPL30,,,,,,,,,,,,
TXNDC9,,,,,,,,,,,,
EIF5B,,,,,,,,,,,,
REV1,,,,,,,,,,,,
AFF3,,,,,,,,,,,,
LONRF2,,,,,,,,,,,,
CHST10,,,,,,,,,,,,
PDCL3,,,,,,,,,,,,
NPAS2,,,,,,,,,,,,
RPL31,,,,,,,,,,,,
TBC1D8,,,,,,,,,,,,
CNOT11,,,,,,,,,,,,
RNF149,,,,,,,,,,,,
MAP4K4,-0.22080894163280124,0.013039676272227166,-0.10388463268028704,-0.9721422902869342,-0.3409731417319073,-0.6565577160094207,,,,,,
MFSD9,,,,,,,,,,,,
TMEM182,,,,,,,,,,,,
POU3F3,,,,,,,,,,,,
MRPS9,,,,,,,,,,,,
TGFBRAP1,,,,,,,,,,,,
C2orf49,,,,,,,,,,,,
FHL2,,,,,,,,,,,,
NCK2,,,,,,,,,,,,
UXS1,,,,,,,,,,,,
GCC2,,,,,,,,,,,,
LIMS1,,,,,,,,,,,,
RANBP2,,,,,,,,,,,,
CCDC138,,,,,,,,,,,,
SH3RF3,,,,,,,,,,,,
SEPTIN10,,,,,,,,,,,,
SOWAHC,,,,,,,,,,,,
NPHP1,,,,,,,,,,,,
MTLN,,,,,,,,,,,,
BUB1,,,,,,,,,,,,
BCL2L11,,,,,,,,,,,,
ANAPC1,,,,,,,,,,,,
MERTK,,,,,,,,,,,,
TMEM87B,,,,,,,,,,,,
ZC3H8,,,,,,,,,,,,
ZC3H6,,,,,,,,,,,,
RGPD8,,,,,,,,,,,,
TTL,,,,,,,,,,,,
POLR1B,,,,,,,,,,,,
CHCHD5,,,,,,,,,,,,
SLC20A1,-0.3998457058295771,-0.13918974501871123,-0.2695177254241442,,,,,,,,,
CKAP2L,,,,,,,,,,,,
ZNG1B,,,,,,,,,,,,
RABL2A,,,,,,,,,,,,
SLC35F5,,,,,,,,,,,,
ACTR3,,,,,,,,,,,,
DDX18,,,,,,,,,,,,
CCDC93,,,,,,,,,,,,
INSIG2,,,,,,,,,,,,
STEAP3,,,,,,,,,,,,
C2orf76,,,,,,,,,,,,
DBI,,,,,,,,,,,,
TMEM177,,,,,,,,,,,,
PTPN4,,,,,,,,,,,,
EPB41L5,,,,,,,,,,,,
TMEM185B,,,,,,,,,,,,
RALB,,,,,,,,,,,,
GLI2,,,,,,,,,,,,
CLASP1,,,,,,,,,,,,
NIFK,,,,,,,,,,,,
TSN,,,,,,,,,,,,
GYPC,,,,,,,,,,,,
BIN1,,,,,,,,,,,,
ERCC3,,,,,,,,,,,,
MAP3K2,,,,,,,,,,,,
IWS1,,,,,,,,,,,,
WDR33,,,,,,,,,,,,
SFT2D3,,,,,,,,,,,,
POLR2D,,,,,,,,,,,,
AMMECR1L,,,,,,,,,,,,
SAP130,,,,,,,,,,,,
UGGT1,,,,-0.984333067488989,-0.2784552792983584,-0.6313941733936737,,,,,,
HS6ST1,,,,,,,,,,,,
SMPD4,,,,,,,,,,,,
MZT2B,,,,,,,,,,,,
CCDC115,,,,,,,,,,,,
IMP4,,,,,,,,,,,,
PTPN18,,,,,,,,,,,,
ARHGEF4,-0.2794920909715663,-0.14113105503168769,-0.210311573001627,-0.9906809700671427,-0.456618933187171,-0.7236499516271568,-0.36739582312264496,-0.10835443536208335,-0.23787512924236415,,,
FAM168B,,,,,,,,,,,,
PLEKHB2,,,,,,,,,,,,
MZT2A,,,,,,,,,,,,
CCDC74A,,,,,,,,,,,,
LYPD1,,,,,,,,,,,,
NCKAP5,,,,,,,,,,,,
MGAT5,-0.2939113949907534,-0.04065850573846695,-0.1672849503646102,,,,,,,,,
TMEM163,,,,,,,,,,,,
CCNT2,,,,,,,,,,,,
RAB3GAP1,,,,,,,,,,,,
ZRANB3,-0.3864256921226376,-0.13913626681018085,-0.2627809794664092,,,,-0.46314914264383433,-0.1080347190741002,-0.2855919308589673,,,
R3HDM1,,,,,,,,,,,,
UBXN4,0.15265665878265353,0.4358089921532201,0.29423282546793683,,,,,,,,,
MCM6,,,,,,,,,,,,
DARS1,,,,,,,,,,,,
SPOPL,,,,,,,,,,,,
LRP1B,-0.37058208098983575,-0.17759078734260436,-0.27408643416622,,,,-0.326638943586701,-0.10517341320114058,-0.2159061783939208,-0.41373578284167517,-0.1584824226234761,-0.2861091027325756
ARHGAP15,-0.2481976247431967,-0.09050931278071421,-0.16935346876195545,-0.9861652720275972,-0.5316119607562059,-0.7588886163919015,-0.20275204253988738,0.02150755746378721,-0.09062224253805008,-0.2629539435224074,-0.0398528809376645,-0.15140341223003595
GTDC1,,,,,,,,,,,,
ZEB2,,,,,,,,,,,,
ACVR2A,,,,,,,,,,,,
ORC4,,,,,,,,,,,,
MBD5,,,,,,,,,,,,
EPC2,,,,,,,,,,,,
KIF5C,,,,,,,,,,,,
LYPD6B,,,,,,,,,,,,
LYPD6,,,,,,,,,,,,
MMADHC,0.14073295293905638,0.37291886065874885,0.2568259067989026,,,,0.1274283513130018,0.47971552019406044,0.30357193575353114,,,
RND3,,,,,,,,,,,,
RIF1,,,,,,,,,,,,
NEB,-0.22947125975855048,-0.04819462618020853,-0.1388329429693795,,,,,,,,,
ARL5A,,,,,,,,,,,,
CACNB4,-0.28069068199893,-0.0530263752117296,-0.1668585286053298,,,,,,,,,
STAM2,,,,,,,,,,,,
FMNL2,,,,,,,,,,,,
PRPF40A,,,,,,,,,,,,
ARL6IP6,,,,,,,,,,,,
GALNT13,-0.2885819961956046,-0.10999097076563084,-0.19928648348061773,-0.9643752002985323,-0.29310380819944104,-0.6287395042489867,,,,,,
KCNJ3,-0.2981152886968364,-0.1787093727378598,-0.2384123307173481,-0.9858960701953587,-0.46106493803619947,-0.7234805041157791,-0.3268647561137468,-0.11241252035357321,-0.21963863823366003,-0.36156998700668047,-0.2212459493285982,-0.29140796816763936
GPD2,,,,,,,,,,,,
ACVR1,,,,-0.9907368961194104,-0.39367825871209494,-0.6922075774157527,,,,,,
PKP4,-0.3820237825049128,-0.09626412071818811,-0.23914395161155047,,,,-0.39605470433026657,-0.04110462808620175,-0.21857966620823416,,,
DAPL1,,,,,,,,,,,,
TANC1,-0.4392930876578337,-0.11692454811956572,-0.27810881788869973,,,,,,,,,
WDSUB1,,,,,,,,,,,,
BAZ2B,,,,,,,,,,,,
MARCHF7,,,,,,,,,,,,
CD302,,,,,,,,,,,,
RBMS1,,,,,,,,,,,,
TANK,,,,,,,,,,,,
PSMD14,,,,,,,,,,,,
GCA,,,,,,,,,,,,
FIGN,,,,,,,,,,,,
GRB14,,,,,,,,,,,,
COBLL1,,,,,,,,,,,,
CSRNP3,,,,,,,,,,,,
TTC21B,,,,,,,,,,,,
STK39,,,,,,,,,,,,
CERS6,,,,,,,,,,,,
SPC25,,,,,,,,,,,,
LRP2,,,,,,,,,,,,
BBS5,,,,,,,,,,,,
FASTKD1,,,,,,,,,,,,
PPIG,,,,,,,,,,,,
CFAP210,,,,,,,,,,,,
PHOSPHO2,,,,,,,,,,,,
KLHL23,,,,,,,,,,,,
SSB,,,,,,,,,,,,
METTL5,,,,,,,,,,,,
UBR3,,,,,,,,,,,,
ERICH2,,,,,,,,,,,,
GAD1,,,,,,,,,,,,
GORASP2,,,,,,,,,,,,
TLK1,,,,,,,,,,,,
METTL8,,,,,,,,,,,,
DCAF17,,,,,,,,,,,,
CYBRD1,,,,,,,,,,,,
DYNC1I2,,,,,,,,,,,,
SLC25A12,,,,,,,,,,,,
HAT1,,,,,,,,,,,,
METAP1D,,,,,,,,,,,,
DLX1,,,,,,,,,,,,
DLX2,,,,,,,,,,,,
ITGA6,,,,,,,,,,,,
PDK1,,,,,,,,,,,,
RAPGEF4,,,,,,,,,,,,
MAP3K20,,,,,,,,,,,,
CDCA7,,,,,,,,,,,,
SP3,,,,,,,,,,,,
OLA1,,,,,,,,,,,,
SP9,,,,,,,,,,,,
CIR1,0.09963478699276827,0.41162924872487516,0.2556320178588217,,,,,,,,,
SCRN3,,,,,,,,,,,,
GPR155,,,,,,,,,,,,
WIPF1,,,,,,,,,,,,
CHN1,,,,,,,,,,,,
ATF2,,,,,,,,,,,,
ATP5MC3,,,,,,,,,,,,
LNPK,,,,,,,,,,,,
HOXD13,,,,,,,,,,,,
HOXD11,,,,,,,,,,,,
HOXD10,,,,,,,,,,,,
HOXD9,,,,,,,,,,,,
HOXD8,,,,,,,,,,,,
HOXD3,,,,,,,,,,,,
MTX2,,,,,,,,,,,,
HNRNPA3,,,,,,,,,,,,
NFE2L2,,,,,,,,,,,,
AGPS,,,,,,,,,,,,
PDE11A,-0.2749164394225454,-0.14831909804700807,-0.21161776873477672,-0.9910537030826717,-0.563825383833563,-0.7774395434581174,-0.22386036501937212,-0.1060933971383716,-0.16497688107887187,-0.3301355451754412,-0.15406601375174625,-0.2421007794635937
RBM45,,,,,,,,,,,,
OSBPL6,-0.3072778987486798,-0.06778517971213613,-0.18753153923040794,,,,,,,,,
PRKRA,,,,,,,,,,,,
PJVK,,,,,,,,,,,,
FKBP7,,,,,,,,,,,,
PLEKHA3,,,,,,,,,,,,
TTN,-0.2689815516712198,-0.057724372828223555,-0.16335296224972168,,,,,,,,,
SESTD1,,,,,,,,,,,,
ZNF385B,-0.26327661301012073,-0.08200882634804199,-0.17264271967908135,,,,,,,,,
CWC22,,,,,,,,,,,,
UBE2E3,,,,,,,,,,,,
ITGA4,,,,-0.9841623491737703,-0.27228905453368696,-0.6282257018537286,,,,,,
NEUROD1,-0.2878200899093021,-0.1789407060099686,-0.23338039795963533,-0.9865806898466695,-0.41374162474514314,-0.7001611572959063,-0.24219018377701548,-0.10314229290951742,-0.17266623834326644,-0.3264234643327109,-0.16967539526840153,-0.24804942980055622
ITPRID2,,,,,,,,,,,,
DNAJC10,,,,,,,,,,,,
NCKAP1,,,,,,,,,,,,
DUSP19,,,,,,,,,,,,
NUP35,,,,,,,,,,,,
ZNF804A,,,,,,,,,,,,
ZC3H15,,,,,,,,,,,,
ITGAV,,,,,,,,,,,,
FAM171B,,,,,,,,,,,,
TFPI,,,,,,,,,,,,
GULP1,,,,,,,,,,,,
WDR75,,,,,,,,,,,,
ASNSD1,,,,,,,,,,,,
ANKAR,,,,,,,,,,,,
OSGEPL1,,,,,,,,,,,,
ORMDL1,,,,,,,,,,,,
PMS1,,,,,,,,,,,,
C2orf88,-0.23197828033891868,-0.06829788385068952,-0.15013808209480412,,,,,,,,,
HIBCH,,,,,,,,,,,,
INPP1,,,,,,,,,,,,
NAB1,,,,,,,,,,,,
GLS,,,,,,,,,,,,
STAT1,,,,,,,,,,,,
MYO1B,,,,,,,,,,,,
NABP1,-0.28215014306709646,-0.1477277258540254,-0.21493893446056095,-0.9874987715300841,-0.5085340763210329,-0.7480164239255584,-0.25133332499771854,-0.06573745495123318,-0.15853538997447586,-0.3859867885556558,-0.18154165968488964,-0.28376422412027275
SLC39A10,,,,,,,,,,,,
STK17B,,,,,,,,,,,,
HECW2,,,,,,,,,,,,
CCDC150,-0.4120152119623446,-0.11222212154705875,-0.2621186667547017,,,,-0.5207454200768553,-0.08916841953146067,-0.304956919804158,,,
GTF3C3,,,,,,,,,,,,
PGAP1,,,,,,,,,,,,
ANKRD44,-0.2934325759904003,-0.10918073574064108,-0.20130665586552068,-0.9916323484889623,-0.35815801714372897,-0.6748951828163456,,,,,,
SF3B1,,,,,,,,,,,,
COQ10B,,,,,,,,,,,,
HSPD1,,,,,,,,,,,,
HSPE1,,,,,,,,,,,,
MOB4,0.12471938391742214,0.4438512249215907,0.2842853044195064,,,,,,,,,
MARS2,,,,,,,,,,,,
PLCL1,-0.27392330344623456,-0.11400438435960752,-0.19396384390292104,-0.9834483989054175,-0.3965092296323257,-0.6899788142688716,,,,-0.2923721589690876,-0.05870916212332404,-0.17554066054620582
SATB2,,,,,,,,,,,,
FTCDNL1,,,,,,,,,,,,
C2orf69,-0.45498073788801996,-0.1563872206895657,-0.3056839792887928,,,,-0.6583929408591336,-0.2014933472849588,-0.4299431440720462,-0.5429385852616233,-0.16923014178679413,-0.3560843635242087
TYW5,,,,,,,,,,,,
MAIP1,,,,,,,,,,,,
SPATS2L,,,,,,,,,,,,
SGO2,0.1219391502738502,0.30497556187373903,0.21345735607379462,,,,,,,,,
BZW1,,,,,,,,,,,,
CLK1,,,,,,,,,,,,
PPIL3,,,,,,,,,,,,
NIF3L1,0.07342831820121377,0.32328593868299743,0.1983571284421056,,,,,,,,,
ORC2,,,,,,,,,,,,
HYCC2,,,,,,,,,,,,
NDUFB3,,,,,,,,,,,,
CFLAR,,,,,,,,,,,,
CASP10,,,,,,,,,,,,
CASP8,,,,,,,,,,,,
TRAK2,,,,,,,,,,,,
STRADB,,,,,,,,,,,,
TMEM237,,,,,,,,,,,,
ALS2,,,,,,,,,,,,
SUMO1,,,,,,,,,,,,
NOP58,,,,,,,,,,,,
BMPR2,,,,,,,,,,,,
FAM117B,,,,,,,,,,,,
ICA1L,,,,,,,,,,,,
WDR12,,,,,,,,,,,,
NBEAL1,,,,,,,,,,,,
CYP20A1,,,,,,,,,,,,
ABI2,-0.38931549499888446,-0.05316877657402179,-0.22124213578645313,,,,,,,,,
RAPH1,,,,-0.9882843161737319,-0.20535712834098152,-0.5968207222573567,,,,,,
PARD3B,-0.31269162006700446,-0.10713856650205517,-0.2099150932845298,-0.9818553770238161,-0.38350813271613865,-0.6826817548699774,-0.36142776108398655,-0.0827572881749888,-0.22209252462948767,,,
NRP2,,,,,,,,,,,,
INO80D,-0.30947894389019265,-0.05894394864848558,-0.1842114462693391,-0.9864243488455221,-0.37495460499039585,-0.680689476917959,-0.45424553119529665,-0.0820155158294872,-0.2681305235123919,,,
NDUFS1,,,,,,,,,,,,
EEF1B2,0.15900204320880612,0.37861194734324327,0.2688069952760247,,,,,,,,,
ZDBF2,,,,,,,,,,,,
ADAM23,,,,,,,,,,,,
FASTKD2,,,,-0.9934222886788696,-0.48900334886458735,-0.7412128187717285,,,,,,
KLF7,,,,,,,,,,,,
CREB1,,,,,,,,,,,,
METTL21A,,,,,,,,,,,,
CCNYL1,,,,,,,,,,,,
PLEKHM3,,,,-0.9694780931476146,-0.14976489856016342,-0.559621495853889,,,,,,
CRYGD,,,,,,,,,,,,
IDH1,,,,,,,,,,,,
PIKFYVE,,,,,,,,,,,,
MAP2,-0.3358853935063144,-0.14527991267792978,-0.2405826530921221,-0.9930396162150346,-0.47321364375547625,-0.7331266299852555,,,,-0.34871366565726997,-0.11308801745717952,-0.23090084155722473
RPE,,,,,,,,,,,,
KANSL1L,,,,,,,,,,,,
LANCL1,,,,,,,,,,,,
CPS1,,,,,,,,,,,,
ERBB4,-0.33746459706862586,-0.14767879549643542,-0.24257169628253064,,,,-0.2808578030225005,-0.08039515792921138,-0.18062648047585594,,,
SPAG16,,,,,,,,,,,,
BARD1,,,,,,,,,,,,
ATIC,,,,,,,,,,,,
FN1,,,,,,,,,,,,
MREG,,,,,,,,,,,,
PECR,,,,,,,,,,,,
XRCC5,,,,,,,,,,,,
SMARCAL1,,,,,,,,,,,,
RPL37A,,,,,,,,,,,,
IGFBP2,0.07009329893734405,0.32337375632820503,0.19673352763277455,,,,,,,,,
IGFBP5,,,,,,,,,,,,
ARPC2,,,,,,,,,,,,
AAMP,,,,,,,,,,,,
PNKD,,,,,,,,,,,,
CTDSP1,,,,,,,,,,,,
USP37,,,,,,,,,,,,
CNOT9,-0.9712806241742193,-0.3936514137138894,-0.6824660189440543,,,,-0.770803400780104,-0.173709707649853,-0.4722565542149785,-0.9589738711682292,-0.2815135874232315,-0.6202437292957304
ZNF142,,,,,,,,,,,,
BCS1L,,,,,,,,,,,,
RNF25,,,,,,,,,,,,
TTLL4,,,,-0.9890780530913389,-0.42493012683731374,-0.7070040899643263,,,,,,
NHEJ1,,,,,,,,,,,,
CNPPD1,,,,,,,,,,,,
RETREG2,,,,,,,,,,,,
ZFAND2B,,,,,,,,,,,,
ATG9A,,,,,,,,,,,,
ANKZF1,,,,,,,,,,,,
STK16,,,,,,,,,,,,
DNPEP,,,,,,,,,,,,
GMPPA,,,,,,,,,,,,
CHPF,,,,,,,,,,,,
OBSL1,,,,,,,,,,,,
EPHA4,,,,-0.9913485166498085,-0.34427742500202724,-0.6678129708259178,,,,,,
PAX3,,,,,,,,,,,,
FARSB,,,,,,,,,,,,
ACSL3,,,,,,,,,,,,
AP1S3,,,,,,,,,,,,
WDFY1,,,,,,,,,,,,
MRPL44,,,,,,,,,,,,
SERPINE2,,,,,,,,,,,,
CUL3,,,,,,,,,,,,
RHBDD1,,,,,,,,,,,,
MFF,,,,,,,,,,,,
AGFG1,,,,,,,,,,,,
TRIP12,,,,,,,,,,,,
FBXO36,,,,,,,,,,,,
CAB39,,,,,,,,,,,,
ITM2C,0.13805580243143112,0.34851397751538843,0.24328488997340977,,,,,,,,,
PSMD1,,,,,,,,,,,,
ARMC9,,,,,,,,,,,,
NCL,,,,,,,,,,,,
PTMA,,,,,,,,,,,,
PDE6D,,,,,,,,,,,,
COPS7B,,,,,,,,,,,,
NPPC,,,,,,,,,,,,
DIS3L2,,,,,,,,,,,,
TIGD1,,,,,,,,,,,,
EIF4E2,,,,,,,,,,,,
EFHD1,,,,,,,,,,,,
GIGYF2,,,,,,,,,,,,
ATG16L1,,,,,,,,,,,,
DGKD,,,,,,,,,,,,
USP40,,,,,,,,,,,,
HJURP,,,,,,,,,,,,
ARL4C,,,,,,,,,,,,
SH3BP4,,,,,,,,,,,,
AGAP1,-0.35563042920481025,-0.07796037196063979,-0.216795400582725,,,,,,,,,
COPS8,0.08989437497430527,0.36002580863867095,0.22496009180648813,,,,,,,,,
LRRFIP1,,,,,,,,,,,,
RAMP1,,,,,,,,,,,,
UBE2F,,,,,,,,,,,,
SCLY,,,,,,,,,,,,
ILKAP,,,,,,,,,,,,
HES6,,,,,,,,,,,,
PER2,-0.31226488882682785,-0.07973131372233959,-0.19599810127458372,,,,,,,,,
TRAF3IP1,,,,,,,,,,,,
ASB1,,,,,,,,,,,,
TWIST2,,,,,,,,,,,,
HDAC4,,,,,,,,,,,,
NDUFA10,,,,,,,,,,,,
COPS9,,,,,,,,,,,,
ANKMY1,,,,,,,,,,,,
DUSP28,,,,,,,,,,,,
RNPEPL1,,,,,,,,,,,,
KIF1A,,,,,,,,,,,,
SNED1,,,,-0.9785840304922317,-0.2487646859527718,-0.6136743582225017,,,,,,
MTERF4,,,,,,,,,,,,
PASK,,,,,,,,,,,,
PPP1R7,,,,,,,,,,,,
ANO7,-0.1090529273334198,-0.06313468185509784,-0.08609380459425882,-0.9048810789924722,-0.20296840917385434,-0.5539247440831633,,,,-0.23271436829612308,-0.009737275259847165,-0.12122582177798512
HDLBP,,,,,,,,,,,,
SEPTIN2,,,,,,,,,,,,
FARP2,,,,,,,,,,,,
STK25,,,,,,,,,,,,
THAP4,,,,,,,,,,,,
ATG4B,,,,,,,,,,,,
DTYMK,,,,,,,,,,,,
ING5,,,,,,,,,,,,
D2HGDH,,,,,,,,,,,,
CNTN4,-0.24821147269038035,-0.1056038506293998,-0.17690766165989008,-0.9874642301069236,-0.3524138393914265,-0.669939034749175,-0.2926817286059077,-0.05823555577098979,-0.17545864218844873,-0.27495517394583396,-0.06379224699944415,-0.16937371047263905
TRNT1,,,,,,,,,,,,
CRBN,,,,,,,,,,,,
SUMF1,,,,,,,,,,,,
ITPR1,,,,,,,,,,,,
ARL8B,,,,,,,,,,,,
EDEM1,,,,,,,,,,,,
GRM7,-0.2455241974401668,-0.14542477972484774,-0.19547448858250727,-0.9840379912307141,-0.42592010683098486,-0.7049790490308495,-0.2345996289443059,-0.12350686244813903,-0.17905324569622247,-0.2951830671305114,-0.17474729513882747,-0.23496518113466944
CAV3,,,,,,,,,,,,
RAD18,,,,,,,,,,,,
SRGAP3,,,,,,,,,,,,
THUMPD3,,,,,,,,,,,,
SETD5,,,,,,,,,,,,
MTMR14,,,,,,,,,,,,
BRPF1,,,,,,,,,,,,
OGG1,,,,,,,,,,,,
CAMK1,,,,,,,,,,,,
TADA3,,,,,,,,,,,,
ARPC4,,,,,,,,,,,,
TTLL3,,,,,,,,,,,,
RPUSD3,,,,,,,,,,,,
JAGN1,0.10286127642601188,0.35378807722202626,0.22832467682401908,,,,,,,,,
PRRT3,,,,,,,,,,,,
EMC3,,,,,,,,,,,,
FANCD2,,,,,,,,,,,,
BRK1,,,,,,,,,,,,
VHL,,,,,,,,,,,,
TATDN2,,,,,,,,,,,,
SEC13,0.10060698492243218,0.43358169112901834,0.26709433802572524,,,,,,,,,
SLC6A11,,,,,,,,,,,,
ATG7,-0.34833832440699086,-0.0770977725545658,-0.21271804848077833,-0.9863737662481381,-0.46389648315387694,-0.7251351247010075,,,,,,
VGLL4,-0.28648930606840345,-0.11464318630637428,-0.20056624618738886,-0.9918927884775244,-0.5118253947850607,-0.7518590916312926,,,,,,
TAMM41,,,,,,,,,,,,
SYN2,,,,,,,,,,,,
PPARG,,,,-0.9759975621931358,-0.30021383678190877,-0.6381056994875223,,,,,,
TSEN2,,,,,,,,,,,,
MKRN2OS,-0.32110132675668124,-0.0727717063316418,-0.19693651654416153,,,,,,,,,
MKRN2,,,,,,,,,,,,
RAF1,,,,,,,,,,,,
CAND2,,,,,,,,,,,,
RPL32,,,,,,,,,,,,
IQSEC1,,,,,,,,,,,,
NUP210,,,,,,,,,,,,
CHCHD4,,,,,,,,,,,,
TMEM43,,,,,,,,,,,,
XPC,,,,,,,,,,,,
LSM3,,,,,,,,,,,,
SLC6A6,,,,,,,,,,,,
CCDC174,,,,,,,,,,,,
NR2C2,,,,,,,,,,,,
MRPS25,,,,,,,,,,,,
RBSN,,,,,,,,,,,,
CAPN7,,,,,,,,,,,,
SH3BP5,,,,,,,,,,,,
METTL6,,,,,,,,,,,,
EAF1,,,,,,,,,,,,
HACL1,,,,,,,,,,,,
BTD,,,,,,,,,,,,
ANKRD28,,,,,,,,,,,,
DPH3,,,,,,,,,,,,
OXNAD1,,,,,,,,,,,,
RFTN1,,,,,,,,,,,,
PLCL2,,,,,,,,,,,,
TBC1D5,,,,,,,,,,,,
SATB1,,,,,,,,,,,,
RAB5A,,,,,,,,,,,,
KAT2B,,,,,,,,,,,,
SGO1,,,,,,,,,,,,
ZNF385D,-0.26463431341033683,-0.15082601354303202,-0.20773016347668444,-0.9693146105844966,-0.38381471112641824,-0.6765646608554574,-0.17482053534580616,-0.0817087178963237,-0.12826462662106491,-0.3176269097930224,-0.16832358224764812,-0.24297524602033527
UBE2E2,,,,,,,,,,,,
UBE2E1,,,,,,,,,,,,
NKIRAS1,,,,,,,,,,,,
RPL15,0.2634740361755596,0.43557678021918567,0.34952540819737266,,,,,,,,,
NR1D2,,,,,,,,,,,,
THRB,,,,-0.9804851396672565,-0.32057687216962893,-0.6505310059184427,,,,,,
RARB,-0.27358813865118314,-0.1015046035358886,-0.18754637109353586,-0.9735606167083294,-0.24330087540799056,-0.6084307460581599,,,,,,
TOP2B,,,,,,,,,,,,
NGLY1,,,,,,,,,,,,
OXSM,,,,,,,,,,,,
LRRC3B,-0.23605839932293787,-0.12866867871788384,-0.18236353902041086,-0.9839188980291137,-0.5276673575197648,-0.7557931277744392,-0.2248848299163594,-0.10267547800260605,-0.16378015395948273,-0.3145228386641664,-0.18040707559809546,-0.24746495713113092
NEK10,,,,-0.9800557551820617,-0.2828215206460894,-0.6314386379140755,,,,,,
SLC4A7,,,,,,,,,,,,
CMC1,,,,,,,,,,,,
AZI2,,,,,,,,,,,,
ZCWPW2,,,,,,,,,,,,
RBMS3,-0.36411275460610115,-0.15129804044049433,-0.25770539752329774,-0.9895202009150917,-0.4918719680769704,-0.7406960844960311,-0.33237383778044316,-0.06018434071593526,-0.1962790892481892,-0.44505894102859517,-0.10000620847926878,-0.272532574753932
TGFBR2,,,,,,,,,,,,
STT3B,,,,,,,,,,,,
OSBPL10,,,,-0.9908452404259658,-0.5893872798751529,-0.7901162601505594,,,,,,
GPD1L,,,,,,,,,,,,
CMTM8,,,,,,,,,,,,
CMTM7,,,,,,,,,,,,
CMTM6,0.13474191766282398,0.39247774387409434,0.2636098307684592,,,,,,,,,
DYNC1LI1,,,,,,,,,,,,
CNOT10,,,,,,,,,,,,
TRIM71,-0.22219336407459747,-0.09875836522804812,-0.1604758646513228,-0.968831241919002,-0.24993132394802084,-0.6093812829335115,,,,-0.38824781374421213,-0.08303008152794257,-0.23563894763607734
GLB1,,,,,,,,,,,,
CRTAP,,,,,,,,,,,,
SUSD5,,,,,,,,,,,,
FBXL2,-0.4085142131868238,-0.12200379361827399,-0.2652590034025489,,,,-0.5448172670486677,-0.12171619323097856,-0.33326673013982316,,,
UBP1,,,,,,,,,,,,
CLASP2,-0.3974202200440679,-0.09097212677142417,-0.24419617340774605,,,,,,,,,
PDCD6IP,,,,,,,,,,,,
STAC,,,,,,,,,,,,
LRRFIP2,,,,,,,,,,,,
GOLGA4,,,,,,,,,,,,
CTDSPL,,,,,,,,,,,,
ACAA1,,,,,,,,,,,,
OXSR1,,,,,,,,,,,,
XYLB,,,,,,,,,,,,
ACVR2B,,,,,,,,,,,,
EXOG,,,,,,,,,,,,
SCN5A,,,,,,,,,,,,
WDR48,,,,,,,,,,,,
GORASP1,,,,,,,,,,,,
SLC25A38,,,,,,,,,,,,
RPSA,,,,,,,,,,,,
EIF1B,0.11412867559582154,0.3882144455633315,0.2511715605795765,,,,,,,,,
RPL14,,,,,,,,,,,,
ZNF620,,,,,,,,,,,,
ZNF621,,,,,,,,,,,,
CTNNB1,-0.5839239561634451,-0.3002699764145459,-0.4420969662889955,,,,-0.5419096881874359,-0.16274386586277267,-0.3523267770251043,-0.7204517024151582,-0.20661868095628727,-0.46353519168572277
ULK4,-0.3319209619325012,-0.12394107410421469,-0.22793101801835794,-0.979990248203579,-0.34895039995623983,-0.6644703240799095,,,,,,
TRAK1,,,,,,,,,,,,
SEC22C,,,,,,,,,,,,
SS18L2,,,,,,,,,,,,
NKTR,,,,,,,,,,,,
HIGD1A,0.09043680371735888,0.3643415100711228,0.22738915689424083,,,,,,,,,
POMGNT2,,,,,,,,,,,,
SNRK,,,,,,,,,,,,
ANO10,,,,,,,,,,,,
ABHD5,,,,,,,,,,,,
TCAIM,,,,,,,,,,,,
ZNF445,,,,,,,,,,,,
ZNF852,,,,,,,,,,,,
ZNF197,,,,,,,,,,,,
ZNF35,,,,,,,,,,,,
KIAA1143,,,,,,,,,,,,
KIF15,,,,,,,,,,,,
TMEM42,,,,,,,,,,,,
ZDHHC3,,,,,,,,,,,,
EXOSC7,,,,,,,,,,,,
TMEM158,,,,,,,,,,,,
LARS2,,,,,,,,,,,,
LIMD1,,,,,,,,,,,,
SACM1L,,,,,,,,,,,,
LZTFL1,,,,,,,,,,,,
FYCO1,,,,,,,,,,,,
CCDC12,,,,,,,,,,,,
NBEAL2,,,,,,,,,,,,
SETD2,,,,,,,,,,,,
KIF9,,,,,,,,,,,,
KLHL18,,,,,,,,,,,,
PTPN23,,,,,,,,,,,,
SCAP,,,,,,,,,,,,
ELP6,,,,,,,,,,,,
CSPG5,,,,,,,,,,,,
SMARCC1,,,,,,,,,,,,
DHX30,,,,,,,,,,,,
MAP4,,,,,,,,,,,,
CDC25A,,,,,,,,,,,,
ZNF589,,,,,,,,,,,,
NME6,,,,,,,,,,,,
CCDC51,0.07277051701655476,0.3122944578340679,0.19253248742531132,,,,,,,,,
TMA7,,,,,,,,,,,,
ATRIP,,,,,,,,,,,,
SHISA5,0.09318775292110684,0.3508712162516444,0.22202948458637561,,,,,,,,,
UQCRC1,,,,,,,,,,,,
NCKIPSD,,,,,,,,,,,,
IP6K2,,,,-0.9844761839441857,-0.44936391661949104,-0.7169200502818384,,,,,,
PRKAR2A,,,,,,,,,,,,
SLC25A20,,,,,,,,,,,,
ARIH2,,,,,,,,,,,,
WDR6,,,,,,,,,,,,
DALRD3,,,,,,,,,,,,
NDUFAF3,,,,,,,,,,,,
IMPDH2,,,,,,,,,,,,
QRICH1,,,,,,,,,,,,
QARS1,,,,,,,,,,,,
USP19,,,,,,,,,,,,
CCDC71,,,,,,,,,,,,
USP4,,,,,,,,,,,,
GPX1,,,,,,,,,,,,
RHOA,,,,,,,,,,,,
TCTA,,,,,,,,,,,,
DAG1,,,,,,,,,,,,
APEH,,,,,,,,,,,,
RNF123,,,,,,,,,,,,
GMPPB,,,,,,,,,,,,
IP6K1,,,,,,,,,,,,
TRAIP,,,,,,,,,,,,
MON1A,,,,,,,,,,,,
RBM6,,,,,,,,,,,,
RBM5,,,,,,,,,,,,
GNAI2,,,,,,,,,,,,
IFRD2,,,,,,,,,,,,
HYAL2,0.06167130733664383,0.27325217246950867,0.16746173990307625,,,,,,,,,
TUSC2,,,,,,,,,,,,
RASSF1,,,,,,,,,,,,
NPRL2,,,,,,,,,,,,
CYB561D2,,,,,,,,,,,,
TMEM115,,,,,,,,,,,,
HEMK1,,,,,,,,,,,,
MAPKAPK3,,,,,,,,,,,,
DOCK3,-0.2794362265948677,-0.06415463060895922,-0.17179542860191346,,,,-0.37320459172086073,-0.06046638476665219,-0.21683548824375645,,,
MANF,0.11303881671136479,0.3761335835857345,0.24458620014854965,,,,,,,,,
RBM15B,,,,,,,,,,,,
DCAF1,,,,,,,,,,,,
RAD54L2,,,,,,,,,,,,
TEX264,,,,,,,,,,,,
RRP9,,,,,,,,,,,,
ABHD14B,,,,,,,,,,,,
ABHD14A,,,,,,,,,,,,
ACY1,,,,,,,,,,,,
RPL29,0.1930129954550148,0.42523447162697,0.3091237335409924,,,,,,,,,
DUSP7,,,,,,,,,,,,
POC1A,,,,,,,,,,,,
ALAS1,,,,,,,,,,,,
TWF2,,,,,,,,,,,,
WDR82,,,,,,,,,,,,
BAP1,,,,,,,,,,,,
PHF7,,,,,,,,,,,,
NISCH,,,,,,,,,,,,
NT5DC2,,,,,,,,,,,,
UQCC5,,,,,,,,,,,,
PBRM1,,,,,,,,,,,,
GNL3,,,,,,,,,,,,
GLT8D1,,,,,,,,,,,,
SPCS1,,,,,,,,,,,,
NEK4,,,,,,,,,,,,
STIMATE,,,,,,,,,,,,
SFMBT1,,,,,,,,,,,,
RFT1,,,,,,,,,,,,
PRKCD,,,,,,,,,,,,
TKT,,,,,,,,,,,,
DCP1A,,,,-0.9816760241746175,-0.29246172728543623,-0.6370688757300269,,,,,,
CACNA1D,-0.2818109991435774,-0.09642895529988998,-0.18911997722173368,-0.9949587030000975,-0.5987196921208088,-0.7968391975604532,-0.3356594734807399,-0.07555793511733791,-0.20560870429903888,,,
CHDH,,,,,,,,,,,,
ACTR8,,,,,,,,,,,,
SELENOK,0.17217047218384532,0.4483960719750747,0.31028327207946,,,,0.19814029933084962,0.5526671279814548,0.3754037136561522,,,
CACNA2D3,,,,,,,,,,,,
WNT5A,,,,,,,,,,,,
ERC2,-0.27028435675926343,-0.06554126856191476,-0.1679128126605891,,,,-0.4033295892258701,-0.1224813377845274,-0.2629054635051987,,,
CCDC66,,,,,,,,,,,,
TASOR,,,,,,,,,,,,
ARHGEF3,,,,,,,,,,,,
APPL1,,,,,,,,,,,,
PDE12,,,,,,,,,,,,
ARF4,,,,,,,,,,,,
DENND6A,,,,,,,,,,,,
SLMAP,,,,,,,,,,,,
FLNB,,,,,,,,,,,,
ABHD6,,,,,,,,,,,,
PXK,,,,,,,,,,,,
PDHB,0.18863257606032985,0.47355637622346164,0.33109447614189574,,,,0.14897789854293705,0.5550437221517602,0.35201081034734866,,,
KCTD6,,,,,,,,,,,,
CFAP20DC,,,,,,,,,,,,
FHIT,-0.3917137977179099,-0.14605363048820058,-0.2688837141030552,,,,-0.551869997663873,-0.23752038718629903,-0.394695192425086,,,
PTPRG,-0.4334027114774383,-0.17244853146892714,-0.3029256214731827,-0.9896933747643395,-0.3635300769690152,-0.6766117258666773,,,,-0.5173633392908915,-0.09805941877939701,-0.3077113790351443
C3orf14,,,,,,,,,,,,
THOC7,,,,,,,,,,,,
ATXN7,,,,,,,,,,,,
PSMD6,,,,,,,,,,,,
PRICKLE2,,,,,,,,,,,,
MAGI1,-0.3424935148325054,-0.07238462899216741,-0.2074390719123364,,,,-0.38443876251018433,-0.0079617314881091,-0.1962002469991467,,,
SLC25A26,,,,,,,,,,,,
LRIG1,,,,,,,,,,,,
SUCLG2,,,,,,,,,,,,
TMF1,0.062463930961908526,0.2913417443905117,0.17690283767621012,,,,,,,,,
UBA3,,,,,,,,,,,,
ARL6IP5,0.12967281035124714,0.4313335237892692,0.2805031670702582,,,,,,,,,
FRMD4B,,,,-0.8492798622692203,-0.17657583892832973,-0.512927850598775,,,,,,
MITF,-0.2681000143414507,-0.05784771570160767,-0.1629738650215292,,,,-0.4025088143968772,-0.09583867005682968,-0.24917374222685343,,,
FOXP1,,,,,,,,,,,,
EIF4E3,,,,,,,,,,,,
GPR27,,,,,,,,,,,,
RYBP,,,,,,,,,,,,
SHQ1,,,,,,,,,,,,
GXYLT2,,,,,,,,,,,,
PPP4R2,,,,,,,,,,,,
PDZRN3,-0.3131921943309856,-0.17024484915398558,-0.2417185217424856,-0.9875354684981391,-0.5207037550088826,-0.7541196117535108,-0.20995709611914876,-0.055945305160576,-0.13295120063986238,-0.44125087829171367,-0.21098725517837186,-0.32611906673504276
ZNF717,-0.3126826458132289,-0.06327180711337081,-0.18797722646329987,,,,,,,,,
ROBO2,-0.32210714042131494,-0.1900297665606124,-0.2560684534909637,-0.9903387633308202,-0.5075432016043153,-0.7489409824675677,-0.3690366080586961,-0.11794022745811038,-0.24348841775840324,-0.3551009923659081,-0.10132595780758506,-0.22821347508674658
ROBO1,-0.30899919856162905,-0.09797027018115441,-0.20348473437139172,,,,,,,,,
GBE1,,,,,,,,,,,,
CADM2,-0.2770920500130538,-0.09854628729449919,-0.1878191686537765,,,,-0.3305223898847007,-0.07798108830469606,-0.20425173909469838,,,
CHMP2B,0.09744399599418066,0.3551552922011719,0.22629964409767628,,,,,,,,,
CGGBP1,,,,,,,,,,,,
ZNF654,-0.35697446689140844,-0.12157571868111039,-0.2392750927862594,,,,-0.4265434678954693,-0.07737190273739218,-0.25195768531643076,,,
C3orf38,,,,,,,,,,,,
EPHA3,-0.3025700660547008,-0.0976088014256213,-0.20008943374016105,,,,,,,,,
PROS1,,,,-0.9909435510662723,-0.4208553929886896,-0.7058994720274809,,,,,,
ARL13B,,,,,,,,,,,,
DHFR2,,,,,,,,,,,,
NSUN3,,,,,,,,,,,,
EPHA6,-0.3584248533837414,-0.17058577501190947,-0.2645053141978254,-0.9750709458478802,-0.3147883917110841,-0.6449296687794821,-0.394976169543891,-0.12952282552332947,-0.2622494975336102,,,
ARL6,,,,,,,,,,,,
CRYBG3,,,,,,,,,,,,
RIOX2,,,,,,,,,,,,
CLDND1,0.09237635455678414,0.32138271469754154,0.20687953462716285,,,,,,,,,
CPOX,,,,,,,,,,,,
ST3GAL6,,,,,,,,,,,,
DCBLD2,,,,,,,,,,,,
CMSS1,,,,,,,,,,,,
FILIP1L,-0.5906330946485611,-0.29032612450281653,-0.44047960957568877,,,,-0.507634699618284,-0.17911930859518807,-0.34337700410673605,-0.5125191957003905,-0.15715256103342348,-0.334835878366907
TBC1D23,,,,,,,,,,,,
NIT2,,,,,,,,,,,,
TOMM70,,,,,,,,,,,,
LNP1,,,,,,,,,,,,
TMEM45A,,,,,,,,,,,,
TFG,0.09589810112660813,0.34007171847786355,0.21798490980223584,,,,,,,,,
SENP7,,,,,,,,,,,,
TRMT10C,,,,,,,,,,,,
PCNP,,,,,,,,,,,,
ZBTB11,,,,,,,,,,,,
RPL24,,,,,,,,,,,,
CEP97,,,,,,,,,,,,
NXPE3,,,,,,,,,,,,
ALCAM,,,,,,,,,,,,
CBLB,,,,,,,,,,,,
BBX,,,,,,,,,,,,
CD47,,,,,,,,,,,,
IFT57,,,,,,,,,,,,
CIP2A,,,,-0.9749667608794083,-0.36804150526618334,-0.6715041330727958,,,,,,
DZIP3,0.11432164404660249,0.3296176526865297,0.2219696483665661,,,,,,,,,
NECTIN3,,,,,,,,,,,,
PHLDB2,,,,,,,,,,,,
ABHD10,0.09389298832301654,0.3249483012089365,0.2094206447659765,,,,,,,,,
C3orf52,,,,,,,,,,,,
ATG3,,,,,,,,,,,,
SLC35A5,,,,,,,,,,,,
CCDC80,,,,,,,,,,,,
GTPBP8,,,,,,,,,,,,
NEPRO,,,,,,,,,,,,
BOC,,,,,,,,,,,,
CFAP44,,,,,,,,,,,,
SPICE1,,,,,,,,,,,,
USF3,,,,,,,,,,,,
NAA50,,,,,,,,,,,,
ATP6V1A,,,,,,,,,,,,
ZDHHC23,,,,,,,,,,,,
QTRT2,,,,,,,,,,,,
ZBTB20,-0.25185109064102146,-0.0776813894223083,-0.16476624003166487,,,,,,,,,
LSAMP,-0.25003086747366055,-0.09565988675808142,-0.17284537711587097,-0.9906173890119544,-0.4992438032770649,-0.7449305961445096,-0.2367500253165992,-0.06392557159876007,-0.15033779845767964,,,
B4GALT4,,,,,,,,,,,,
TMEM39A,,,,,,,,,,,,
POGLUT1,,,,,,,,,,,,
TIMMDC1,,,,,,,,,,,,
COX17,,,,,,,,,,,,
GSK3B,,,,,,,,,,,,
LRRC58,,,,,,,,,,,,
FSTL1,,,,-0.9851527770085746,-0.25398246982874856,-0.6195676234186616,,,,,,
NDUFB4,,,,,,,,,,,,
RABL3,,,,,,,,,,,,
GTF2E1,,,,,,,,,,,,
STXBP5L,,,,,,,,,,,,
POLQ,-0.3754276281569754,-0.09118102882107479,-0.2333043284890251,,,,,,,,,
GOLGB1,,,,-0.988857276776203,-0.37844616821068044,-0.6836517224934417,,,,,,
IQCB1,,,,,,,,,,,,
EAF2,,,,,,,,,,,,
MIX23,,,,,,,,,,,,
FAM162A,,,,,,,,,,,,
KPNA1,,,,,,,,,,,,
HSPBAP1,,,,,,,,,,,,
SLC49A4,,,,,,,,,,,,
PDIA5,,,,,,,,,,,,
SEC22A,,,,,,,,,,,,
HACD2,,,,,,,,,,,,
MYLK,,,,,,,,,,,,
CCDC14,,,,,,,,,,,,
KALRN,-0.19904139233114523,-0.040982175250866136,-0.12001178379100569,-0.9927941673716106,-0.414319718862752,-0.7035569431171813,,,,,,
UMPS,,,,,,,,,,,,
ITGB5,,,,,,,,,,,,
HEG1,,,,,,,,,,,,
ZNF148,,,,,,,,,,,,
SNX4,,,,,,,,,,,,
OSBPL11,,,,,,,,,,,,
SLC41A3,,,,-0.9687553693827612,-0.281634670133252,-0.6251950197580066,,,,,,
KLF15,-0.17821161659549534,-0.054140760548027723,-0.11617618857176153,-0.9874654573520237,-0.4769239819460954,-0.7321947196490596,,,,,,
ZXDC,,,,,,,,,,,,
TXNRD3,,,,,,,,,,,,
CHCHD6,,,,,,,,,,,,
PLXNA1,,,,,,,,,,,,
TPRA1,,,,,,,,,,,,
MCM2,,,,,,,,,,,,
PODXL2,,,,,,,,,,,,
SEC61A1,,,,,,,,,,,,
RUVBL1,,,,,,,,,,,,
EEFSEC,,,,,,,,,,,,
GATA2,,,,,,,,,,,,
RPN1,,,,,,,,,,,,
RAB7A,,,,,,,,,,,,
ACAD9,,,,,,,,,,,,
CFAP92,-0.3712619881998365,-0.13932152779945847,-0.2552917579996475,,,,,,,-0.4363032699791371,-0.10821132407167174,-0.2722572970254044
ISY1,,,,,,,,,,,,
CNBP,,,,,,,,,,,,
COPG1,,,,,,,,,,,,
HMCES,,,,,,,,,,,,
IFT122,,,,,,,,,,,,
MBD4,,,,,,,,,,,,
TMCC1,,,,,,,,,,,,
PIK3R4,,,,,,,,,,,,
ATP2C1,,,,-0.9768332730955608,-0.3419261811509551,-0.659379727123258,,,,,,
ASTE1,,,,,,,,,,,,
NUDT16,,,,,,,,,,,,
MRPL3,,,,,,,,,,,,
DNAJC13,,,,,,,,,,,,
ACAD11,,,,,,,,,,,,
UBA5,,,,,,,,,,,,
NPHP3,,,,,,,,,,,,
TMEM108,-0.1954202706955971,-0.016468761038152556,-0.10594451586687482,,,,,,,,,
CDV3,,,,,,,,,,,,
TOPBP1,,,,,,,,,,,,
SRPRB,,,,,,,,,,,,
RAB6B,,,,,,,,,,,,
RYK,,,,,,,,,,,,
ANAPC13,,,,,,,,,,,,
CEP63,,,,,,,,,,,,
PPP2R3A,,,,,,,,,,,,
MSL2,-0.34672274993594243,-0.0719118972098585,-0.20931732357290045,,,,,,,,,
PCCB,,,,,,,,,,,,
STAG1,,,,,,,,,,,,
SLC35G2,,,,,,,,,,,,
NCK1,,,,,,,,,,,,
DZIP1L,,,,,,,,,,,,
DBR1,,,,,,,,,,,,
ARMC8,-0.3837875073243548,-0.11444842390477727,-0.24911796561456603,,,,-0.539901043618201,-0.05760364334954317,-0.2987523434838721,,,
MRAS,,,,,,,,,,,,
CEP70,,,,,,,,,,,,
FAIM,,,,,,,,,,,,
PIK3CB,,,,,,,,,,,,
MRPS22,,,,,,,,,,,,
COPB2,0.13955397370896516,0.39089873168412603,0.2652263526965456,,,,,,,,,
RBP1,0.1656868567092092,0.35929556819059616,0.2624912124499027,,,,,,,,,
SLC25A36,,,,,,,,,,,,
PXYLP1,,,,,,,,,,,,
ZBTB38,0.09510654733395074,0.30031643746291425,0.1977114923984325,,,,,,,,,
RASA2,,,,-0.9907120395258712,-0.39133291069521403,-0.6910224751105426,,,,,,
RNF7,,,,,,,,,,,,
ATP1B3,,,,,,,,,,,,
TFDP2,,,,,,,,,,,,
GK5,,,,,,,,,,,,
XRN1,,,,,,,,,,,,
ATR,,,,,,,,,,,,
PLS1,,,,,,,,,,,,
TRPC1,,,,,,,,,,,,
PCOLCE2,,,,,,,,,,,,
U2SURP,,,,,,,,,,,,
DIPK2A,,,,,,,,,,,,
PLOD2,,,,-0.9828697666111137,-0.36650960060714943,-0.6746896836091316,,,,,,
PLSCR1,,,,,,,,,,,,
GYG1,,,,,,,,,,,,
HLTF,,,,,,,,,,,,
HPS3,,,,,,,,,,,,
WWTR1,-0.2523284806498752,-0.042303892582293216,-0.1473161866160842,-0.984035059063026,-0.2978587018044402,-0.640946880433733,,,,,,
COMMD2,,,,,,,,,,,,
ANKUB1,,,,,,,,,,,,
RNF13,,,,,,,,,,,,
PFN2,,,,,,,,,,,,
TSC22D2,,,,,,,,,,,,
SERP1,,,,,,,,,,,,
EIF2A,,,,,,,,,,,,
SELENOT,0.10553411031302769,0.344042562886022,0.22478833659952482,,,,,,,,,
SIAH2,,,,,,,,,,,,
MED12L,-0.35439784329121843,-0.1802936720697485,-0.26734575768048346,-0.9937417333806168,-0.5309502144435947,-0.7623459739121057,-0.3399972581299457,-0.10166006146470052,-0.2208286597973231,-0.4920843382496706,-0.14378896350632864,-0.3179366508779996
GPR171,-0.3819128319150411,-0.15977680856499954,-0.2708448202400203,,,,-0.3773624648253385,-0.10291558394304352,-0.240139024384191,-0.3526073362412271,-0.09860374277908762,-0.22560553951015735
P2RY14,-0.42523936742286184,-0.2170239792623895,-0.32113167334262566,,,,-0.5440050173683,-0.2243826208778673,-0.38419381912308365,-0.3617209601431087,-0.09217585738945605,-0.2269484087662824
MBNL1,,,,,,,,,,,,
P2RY1,,,,,,,,,,,,
RAP2B,,,,,,,,,,,,
ARHGEF26,,,,,,,,,,,,
DHX36,,,,,,,,,,,,
PLCH1,,,,-0.9869117094287293,-0.3279397741263029,-0.6574257417775161,,,,,,
C3orf33,,,,,,,,,,,,
SLC33A1,,,,,,,,,,,,
GMPS,,,,,,,,,,,,
SSR3,,,,,,,,,,,,
TIPARP,,,,,,,,,,,,
CCNL1,,,,,,,,,,,,
SHOX2,,,,,,,,,,,,
RSRC1,,,,,,,,,,,,
MLF1,,,,,,,,,,,,
GFM1,,,,,,,,,,,,
LXN,,,,,,,,,,,,
MFSD1,,,,,,,,,,,,
SCHIP1,-0.2072069370317334,-0.028040629841382055,-0.11762378343655773,,,,,,,,,
IFT80,,,,,,,,,,,,
SMC4,0.14568104495648962,0.3595277157052135,0.2526043803308516,,,,,,,,,
TRIM59,,,,,,,,,,,,
KPNA4,,,,,,,,,,,,
PPM1L,,,,,,,,,,,,
NMD3,,,,,,,,,,,,
PDCD10,,,,,,,,,,,,
GOLIM4,,,,,,,,,,,,
MECOM,-0.4161860242923752,-0.17025683348274392,-0.2932214288875596,,,,-0.40261349949683506,-0.025683053936092343,-0.2141482767164637,-0.45456143835972546,-0.09960766652734655,-0.277084552443536
MYNN,,,,,,,,,,,,
LRRC34,,,,,,,,,,,,
SEC62,,,,,,,,,,,,
GPR160,-0.34633288701564474,-0.07244519474005444,-0.2093890408778496,-0.9940392456816148,-0.5482042346265132,-0.771121740154064,,,,,,
PHC3,,,,,,,,,,,,
PRKCI,,,,,,,,,,,,
SKIL,,,,,,,,,,,,
RPL22L1,,,,,,,,,,,,
EIF5A2,,,,,,,,,,,,
TNIK,,,,,,,,,,,,
PLD1,,,,-0.9889036886610372,-0.2644067504364876,-0.6266552195487624,,,,,,
FNDC3B,,,,,,,,,,,,
NCEH1,-0.27365697812272693,-0.06621102503364616,-0.16993400157818656,,,,,,,-0.32403020398901006,-0.06326357192344428,-0.19364688795622717
ECT2,0.059530345643234804,0.27075201747542965,0.16514118155933222,,,,,,,,,
NLGN1,-0.3560243191015137,-0.11900121282511895,-0.23751276596331633,,,,-0.4231501732473196,-0.1259829631312541,-0.2745665681892869,,,
NAALADL2,-0.28913540046631553,-0.1461289593942011,-0.2176321799302583,-0.9841278131423944,-0.36361850947741603,-0.6738731613099052,,,,-0.41442625389298393,-0.17556078729003466,-0.2949935205915093
TBL1XR1,-0.48849572965292776,-0.15967375916409202,-0.3240847444085099,,,,,,,,,
KCNMB2,-0.3345161838548341,-0.1561579439916436,-0.24533706392323884,,,,,,,-0.39961597315254127,-0.10591003867886392,-0.2527630059157026
ZMAT3,,,,,,,,,,,,
PIK3CA,,,,,,,,,,,,
ZNF639,,,,,,,,,,,,
MFN1,,,,,,,,,,,,
GNB4,,,,,,,,,,,,
ACTL6A,,,,,,,,,,,,
MRPL47,,,,,,,,,,,,
NDUFB5,0.07760724680935376,0.40357776383082306,0.2405925053200884,,,,,,,,,
USP13,,,,,,,,,,,,
TTC14,,,,,,,,,,,,
FXR1,,,,,,,,,,,,
DNAJC19,,,,,,,,,,,,
SOX2,,,,-0.9926159901446163,-0.5036864381131921,-0.7481512141289042,,,,,,
ATP11B,,,,,,,,,,,,
DCUN1D1,-0.6749361384216164,-0.21108675798816934,-0.44301144820489285,,,,,,,,,
MCCC1,,,,,,,,,,,,
MCF2L2,-0.2792698301895307,-0.09622453578080414,-0.18774718298516743,-0.9928044963313577,-0.38062187381431656,-0.6867131850728372,,,,,,
B3GNT5,,,,,,,,,,,,
KLHL24,,,,,,,,,,,,
YEATS2,,,,,,,,,,,,
PARL,,,,,,,,,,,,
ABCC5,,,,,,,,,,,,
EIF2B5,,,,,,,,,,,,
DVL3,,,,,,,,,,,,
AP2M1,0.11222065799278765,0.36392911077308554,0.23807488438293659,,,,,,,,,
ABCF3,,,,,,,,,,,,
ALG3,,,,,,,,,,,,
EEF1AKMT4,,,,,,,,,,,,
PSMD2,,,,,,,,,,,,
EIF4G1,,,,,,,,,,,,
POLR2H,,,,,,,,,,,,
MAGEF1,0.07934335757054403,0.31716678513407504,0.19825507135230952,,,,,,,,,
VPS8,,,,,,,,,,,,
EHHADH,,,,,,,,,,,,
MAP3K13,,,,,,,,,,,,
TMEM41A,,,,,,,,,,,,
SENP2,,,,,,,,,,,,
IGF2BP2,,,,,,,,,,,,
TRA2B,,,,,,,,,,,,
TBCCD1,,,,,,,-0.5557537462152702,-0.09157030389829304,-0.3236620250567816,,,
DNAJB11,0.10365826517774603,0.313672275811955,0.2086652704948505,,,,,,,,,
EIF4A2,,,,,,,,,,,,
RFC4,,,,,,,,,,,,
ST6GAL1,-0.28502298626839506,-0.040206974931847723,-0.1626149806001214,,,,,,,,,
RPL39L,,,,,,,,,,,,
LPP,-0.3492337312967389,-0.1619825161459901,-0.2556081237213645,-0.9848892914323027,-0.44252086479993497,-0.7137050781161188,-0.3987633998981118,-0.056213841529181394,-0.22748862071364662,-0.3863918193084366,-0.09878552646794515,-0.24258867288819086
P3H2,,,,,,,,,,,,
CCDC50,,,,,,,,,,,,
FGF12,-0.25379898998280503,-0.10193940489764923,-0.17786919744022714,-0.9823538960178461,-0.3909420908383636,-0.6866479934281049,,,,,,
MB21D2,,,,,,,,,,,,
PLAAT1,,,,,,,,,,,,
OPA1,,,,-0.9828867134358376,-0.2717102203654976,-0.6272984669006676,,,,,,
HES1,,,,,,,,,,,,
ATP13A3,-0.6591021800817177,-0.23816954721360434,-0.44863586364766106,,,,-0.5369665786832222,-0.11803886384770997,-0.3275027212654661,-0.7884459957510784,-0.12465596777144457,-0.4565509817612615
LSG1,,,,,,,,,,,,
XXYLT1,,,,,,,,,,,,
ACAP2,,,,,,,,,,,,
PPP1R2,,,,,,,,,,,,
TNK2,,,,,,,,,,,,
TFRC,,,,,,,,,,,,
PCYT1A,,,,,,,,,,,,
DYNLT2B,,,,,,,,,,,,
UBXN7,,,,,,,,,,,,
RNF168,,,,,,,,,,,,
WDR53,,,,,,,,,,,,
FBXO45,,,,,,,,,,,,
PIGX,,,,-0.9807942381584833,-0.2958795140287907,-0.638336876093637,,,,,,
CEP19,,,,,,,,,,,,
PAK2,,,,,,,,,,,,
SENP5,-0.5267993481529106,-0.09850125968889133,-0.312650303920901,,,,,,,,,
NCBP2,,,,,,,,,,,,
NCBP2AS2,,,,,,,,,,,,
MELTF,,,,,,,,,,,,
DLG1,,,,,,,,,,,,
RUBCN,,,,,,,,,,,,
FYTTD1,,,,,,,,,,,,
LRCH3,,,,,,,,,,,,
IQCG,,,,,,,,,,,,
RPL35A,,,,,,,,,,,,
LMLN,,,,,,,,,,,,
ZNF721,,,,,,,,,,,,
PIGG,,,,,,,,,,,,
ATP5ME,,,,,,,,,,,,
MYL5,,,,,,,,,,,,
PCGF3,,,,,,,,,,,,
GAK,,,,,,,,,,,,
TMEM175,,,,,,,,,,,,
FGFRL1,,,,,,,,,,,,
CTBP1,,,,,,,,,,,,
MAEA,,,,,,,,,,,,
UVSSA,,,,,,,,,,,,
SLBP,,,,,,,,,,,,
TACC3,0.07694720627653419,0.2759786482971206,0.1764629272868274,,,,,,,,,
TMEM129,,,,,,,,,,,,
FGFR3,,,,-0.9854546910006129,-0.3734590078347307,-0.6794568494176718,,,,,,
LETM1,,,,,,,,,,,,
NSD2,,,,,,,,,,,,
NELFA,,,,,,,,,,,,
C4orf48,,,,,,,,,,,,
NAT8L,,,,,,,,,,,,
POLN,,,,,,,,,,,,
HAUS3,,,,,,,,,,,,
MXD4,,,,,,,,,,,,
ZFYVE28,,,,,,,,,,,,
RNF4,,,,,,,,,,,,
FAM193A,,,,,,,,,,,,
TNIP2,,,,,,,,,,,,
ADD1,,,,,,,,,,,,
MFSD10,0.061972562504183815,0.2898861054965597,0.17592933400037175,,,,0.10042668570336531,0.45209447515711126,0.27626058043023827,,,
NOP14,,,,,,,,,,,,
GRK4,,,,,,,,,,,,
HTT,,,,,,,,,,,,
RGS12,,,,,,,,,,,,
LRPAP1,0.14909815063891055,0.3914540398997296,0.27027609526932006,,,,0.16393642172843212,0.573410339300555,0.36867338051449355,,,
ADRA2C,,,,,,,,,,,,
TMEM128,,,,,,,,,,,,
LYAR,,,,,,,,,,,,
STX18,,,,-0.9824500802913695,-0.29542004393794735,-0.6389350621146584,,,,,,
MSX1,,,,-0.9905493691211272,-0.44390204160438784,-0.7172257053627575,,,,,,
EVC,,,,-0.9921999225990229,-0.40056794873974333,-0.6963839356693831,,,,,,
MAN2B2,,,,,,,,,,,,
MRFAP1,,,,,,,,,,,,
ENSG00000170846,,,,,,,,,,,,
MRFAP1L1,,,,,,,,,,,,
BLOC1S4,,,,,,,,,,,,
KIAA0232,,,,,,,,,,,,
TBC1D14,,,,-0.9924693633765092,-0.4128981737523985,-0.7026837685644538,,,,,,
TADA2B,,,,,,,,,,,,
GRPEL1,,,,,,,,,,,,
SORCS2,-0.15056873598928033,-0.0798927407616657,-0.11523073837547301,-0.956527567326925,-0.2376044003198777,-0.5970659838234014,-0.25061736168613746,-0.09752417653182655,-0.174070769108982,-0.2019034918480701,-0.07270192326909257,-0.13730270755858134
AFAP1,,,,,,,,,,,,
ACOX3,,,,,,,,,,,,
TRMT44,,,,,,,,,,,,
HMX1,,,,,,,,,,,,
WDR1,,,,,,,,,,,,
ZNF518B,,,,,,,,,,,,
RAB28,,,,,,,,,,,,
BOD1L1,,,,,,,,,,,,
CPEB2,,,,,,,,,,,,
CC2D2A,,,,,,,,,,,,
FBXL5,,,,,,,,,,,,
FAM200B,,,,,,,,,,,,
TAPT1,,,,,,,,,,,,
QDPR,,,,,,,,,,,,
LAP3,,,,,,,,,,,,
MED28,,,,,,,,,,,,
FAM184B,-0.2344550166114245,-0.12835041682563336,-0.18140271671852892,-0.989244562176871,-0.4502464280657893,-0.7197454951213301,,,,-0.38759191272913945,-0.17645614217248076,-0.2820240274508101
DCAF16,,,,,,,,,,,,
NCAPG,,,,,,,,,,,,
LCORL,,,,-0.9592348435112079,-0.21497635340479984,-0.5871055984580039,,,,,,
SLIT2,,,,,,,,,,,,
PACRGL,,,,,,,,,,,,
ADGRA3,,,,,,,,,,,,
GBA3,-0.3545667640081432,-0.14563588831990856,-0.25010132616402586,-0.9881365083138046,-0.30484472793137857,-0.6464906181225916,,,,-0.45170361739036735,-0.12325684453416613,-0.2874802309622667
DHX15,,,,,,,,,,,,
SEPSECS,,,,,,,,,,,,
PI4K2B,,,,,,,,,,,,
ZCCHC4,,,,,,,,,,,,
ANAPC4,,,,,,,,,,,,
SEL1L3,,,,,,,,,,,,
SMIM20,,,,,,,,,,,,
RBPJ,,,,,,,,,,,,
TBC1D19,,,,,,,,,,,,
STIM2,,,,,,,,,,,,
PCDH7,,,,,,,,,,,,
ARAP2,,,,,,,,,,,,
RELL1,,,,,,,,,,,,
PGM2,,,,,,,,,,,,
TBC1D1,,,,,,,,,,,,
KLF3,,,,,,,,,,,,
FAM114A1,,,,,,,,,,,,
KLHL5,,,,,,,,,,,,
WDR19,,,,,,,,,,,,
RFC1,,,,,,,,,,,,
RPL9,,,,,,,,,,,,
LIAS,,,,,,,,,,,,
UGDH,,,,,,,,,,,,
SMIM14,,,,,,,,,,,,
UBE2K,,,,,,,,,,,,
PDS5A,,,,,,,,,,,,
N4BP2,,,,,,,,,,,,
RBM47,,,,,,,,,,,,
APBB2,-0.36171084167396056,-0.079451171550538,-0.22058100661224928,,,,,,,,,
UCHL1,0.2007140512151003,0.34688486400756907,0.2737994576113347,,,,,,,,,
LIMCH1,-0.28781994202016337,-0.15179714181603882,-0.2198085419181011,-0.9837497807906267,-0.48516580907332457,-0.7344577949319756,-0.2755224287392255,-0.09966423638162307,-0.1875933325604243,-0.38466220830380726,-0.14083817200706128,-0.26275019015543427
TMEM33,-0.7969422064584327,-0.2763831744850327,-0.5366626904717327,,,,-0.7073666510574357,-0.19083887779136455,-0.4491027644244001,-0.7264124262335808,-0.12696844467421442,-0.4266904354538976
SLC30A9,,,,,,,,,,,,
BEND4,,,,,,,,,,,,
ATP8A1,-0.34717174564555126,-0.13436766824987936,-0.24076970694771532,,,,-0.460556261383191,-0.11006134335033972,-0.28530880236676537,,,
KCTD8,,,,,,,,,,,,
GUF1,,,,,,,,,,,,
GNPDA2,,,,,,,,,,,,
COMMD8,,,,,,,,,,,,
ATP10D,,,,,,,,,,,,
NFXL1,,,,,,,,,,,,
NIPAL1,,,,,,,,,,,,
TXK,,,,,,,,,,,,
TEC,,,,-0.974060162939567,-0.25741605557743885,-0.6157381092585029,,,,,,
SLAIN2,,,,,,,,,,,,
FRYL,,,,,,,,,,,,
OCIAD1,,,,,,,,,,,,
DCUN1D4,,,,,,,,,,,,
SGCB,,,,,,,,,,,,
USP46,,,,-0.9938774876733346,-0.5502875427678817,-0.7720825152206081,,,,,,
SCFD2,-0.24924878924044885,-0.05728665100743189,-0.15326772012394038,,,,,,,,,
FIP1L1,,,,,,,,,,,,
CHIC2,,,,,,,,,,,,
SRD5A3,,,,,,,,,,,,
TMEM165,,,,,,,,,,,,
CLOCK,,,,,,,,,,,,
NMU,,,,,,,,,,,,
EXOC1,,,,,,,,,,,,
CEP135,,,,,,,,,,,,
CRACD,,,,-0.9858031859045128,-0.1508522593201758,-0.5683277226123443,,,,,,
AASDH,,,,,,,,,,,,
PPAT,,,,,,,,,,,,
PAICS,,,,,,,,,,,,
SRP72,,,,,,,,,,,,
HOPX,,,,,,,,,,,,
REST,,,,,,,,,,,,
NOA1,,,,,,,,,,,,
POLR2B,,,,,,,,,,,,
ADGRL3,-0.17100257876533104,-0.10618641716081219,-0.1385944979630716,-0.9123047856796187,-0.30099574678326596,-0.6066502662314424,-0.3385076887341949,-0.052527966803820804,-0.19551782776900786,-0.24924140704288142,-0.0933956126686203,-0.17131850985575087
EPHA5,-0.33900173723806337,-0.1380514653753107,-0.23852660130668704,-0.9784450597397136,-0.30644521503900546,-0.6424451373893596,,,,-0.41850481516695043,-0.10666726578272145,-0.2625860404748359
CENPC,,,,,,,,,,,,
UBA6,,,,,,,,,,,,
YTHDC1,,,,,,,,,,,,
UTP3,,,,,,,,,,,,
RUFY3,,,,,,,,,,,,
GRSF1,,,,,,,,,,,,
MOB1B,,,,,,,,,,,,
DCK,,,,,,,,,,,,
SLC4A4,-0.26323742761129704,-0.06551042207460797,-0.1643739248429525,-0.9770926527845527,-0.1972996184558941,-0.5871961356202234,,,,,,
ADAMTS3,-0.23377607353453236,-0.06262540851279279,-0.14820074102366257,,,,,,,-0.28981429334182707,-0.02370919780313416,-0.15676174557248063
COX18,,,,,,,,,,,,
ANKRD17,,,,,,,,,,,,
MTHFD2L,,,,,,,,,,,,
RCHY1,,,,,,,,,,,,
THAP6,,,,,,,,,,,,
CDKL2,,,,,,,,,,,,
G3BP2,,,,,,,,,,,,
USO1,,,,,,,,,,,,
NAAA,,,,,,,,,,,,
SDAD1,,,,,,,,,,,,
NUP54,,,,,,,,,,,,
SCARB2,,,,,,,,,,,,
SHROOM3,,,,,,,,,,,,
SEPTIN11,,,,,,,,,,,,
CCNI,,,,,,,,,,,,
CCNG2,,,,,,,,,,,,
CNOT6L,-0.34862918410657584,-0.07792400553670087,-0.21327659482163835,,,,-0.49222071031559883,-0.11117223903871869,-0.30169647467715877,,,
MRPL1,,,,,,,,,,,,
FRAS1,,,,,,,,,,,,
BMP2K,,,,,,,,,,,,
PAQR3,,,,,,,,,,,,
ANTXR2,,,,,,,,,,,,
RASGEF1B,-0.30626734553203205,-0.1840805573828546,-0.2451739514574433,-0.9860422891972302,-0.45425088482647,-0.7201465870118502,-0.28294092559800194,-0.11072712381794733,-0.19683402470797462,-0.3901801000339646,-0.17975933388730822,-0.2849697169606364
HNRNPD,,,,,,,,,,,,
HNRNPDL,0.19103022980996306,0.36725628587223635,0.2791432578410997,,,,,,,,,
ENOPH1,,,,,,,,,,,,
TMEM150C,,,,,,,,,,,,
SCD5,,,,,,,,,,,,
SEC31A,,,,,,,,,,,,
THAP9,,,,,,,,,,,,
LIN54,,,,,,,,,,,,
COPS4,,,,,,,,,,,,
COQ2,,,,-0.9874627561276226,-0.38908514528402555,-0.6882739507058241,,,,,,
HELQ,,,,,,,,,,,,
MRPS18C,,,,,,,,,,,,
ABRAXAS1,-0.2519256899752294,-0.13762091862651615,-0.19477330430087278,-0.9799313117763839,-0.4699805957978045,-0.7249559537870942,-0.19348613762621586,-0.06533014273615537,-0.12940814018118563,-0.3876794576995022,-0.16518699751586047,-0.2764332276076813
GPAT3,-0.24370970735207756,-0.1424902804275334,-0.19309999388980548,-0.98595011438171,-0.5048753456734578,-0.7454127300275839,-0.24318109695406867,-0.08735436626012597,-0.16526773160709732,-0.32721833193942285,-0.1420967648467327,-0.23465754839307779
CDS1,,,,,,,,,,,,
WDFY3,,,,,,,,,,,,
ARHGAP24,-0.2770148421345125,-0.09383489476425133,-0.1854248684493819,,,,,,,,,
MAPK10,-0.19011685721156474,-0.029373198266547818,-0.10974502773905628,,,,,,,,,
PTPN13,,,,,,,,,,,,
AFF1,-0.47183464944382386,-0.176819319077199,-0.32432698426051143,-0.9889670885475156,-0.41097911672260257,-0.6999731026350591,,,,-0.6220385992704403,-0.12091671881636143,-0.37147765904340085
KLHL8,,,,,,,,,,,,
HSD17B11,,,,,,,,,,,,
NUDT9,,,,,,,,,,,,
PKD2,,,,,,,,,,,,
PPM1K,,,,,,,,,,,,
HERC5,,,,,,,,,,,,
HERC3,,,,,,,,,,,,
FAM13A,-0.32968056499417786,-0.0689395100793447,-0.1993100375367613,-0.9877434125751751,-0.4033341727081969,-0.6955387926416859,,,,,,
GPRIN3,,,,,,,-0.41388357555556204,-0.09079526222587805,-0.25233941889072004,,,
SNCA,,,,,,,,,,,,
CCSER1,-0.2962134900605482,-0.11458117890239665,-0.20539733448147243,,,,-0.3935446488347,-0.1025249597294756,-0.2480348042820878,,,
GRID2,-0.28889046414281916,-0.14749230255850856,-0.21819138335066385,-0.985749921657979,-0.447470990200132,-0.7166104559290555,,,,-0.3388689643931472,-0.10743922294910929,-0.22315409367112823
SMARCAD1,,,,,,,,,,,,
PDLIM5,,,,,,,,,,,,
BMPR1B,-0.3628581079432649,-0.1603547727280719,-0.2616064403356684,-0.9795704944284889,-0.3169318833138596,-0.6482511888711742,,,,-0.4772235801061772,-0.1268723207234489,-0.302047950414813
UNC5C,,,,,,,,,,,,
STPG2,-0.26868091820393675,-0.13203057681413247,-0.20035574750903462,-0.9900003387883383,-0.542321585372266,-0.7661609620803022,-0.31352375391910503,-0.08713072610158953,-0.2003272400103473,-0.32735997142662565,-0.1516172875578745,-0.23948862949225008
RAP1GDS1,,,,,,,,,,,,
TSPAN5,,,,,,,,,,,,
EIF4E,-0.5834507356420243,-0.17526036356157337,-0.37935554960179885,,,,,,,,,
METAP1,,,,,,,,,,,,
ADH5,,,,,,,,,,,,
TRMT10A,,,,,,,,,,,,
LAMTOR3,,,,,,,,,,,,
DNAJB14,,,,,,,,,,,,
PPP3CA,-0.9325030595709661,-0.38445024172200504,-0.6584766506464856,,,,-0.856631747699057,-0.2634693944952641,-0.5600505710971606,-0.8575445245874923,-0.18814583557917425,-0.5228451800833332
SLC39A8,,,,,,,,,,,,
NFKB1,,,,,,,,,,,,
MANBA,,,,,,,,,,,,
UBE2D3,,,,,,,,,,,,
CISD2,,,,,,,,,,,,
SLC9B2,,,,,,,,,,,,
BDH2,,,,,,,,,,,,
CENPE,0.05122207135826154,0.2114394772037239,0.1313307742809927,,,,,,,,,
CXXC4,,,,-0.9690094098278536,-0.17696900964783985,-0.5729892097378467,,,,,,
TET2,,,,,,,,,,,,
PPA2,,,,,,,,,,,,
INTS12,,,,,,,,,,,,
GSTCD,,,,,,,,,,,,
TBCK,,,,,,,,,,,,
AIMP1,,,,,,,,,,,,
PAPSS1,,,,,,,,,,,,
SGMS2,,,,,,,,,,,,
HADH,,,,,,,,,,,,
LEF1,-0.2635216401012452,-0.023123415289596716,-0.14332252769542095,,,,,,,,,
RPL34,,,,,,,,,,,,
OSTC,,,,,,,,,,,,
COL25A1,-0.3551187438744565,-0.15757119516029788,-0.2563449695173772,-0.9662758959701241,-0.24684824233983857,-0.6065620691549813,-0.2714695869204943,-0.07588352191515609,-0.17367655441782517,-0.36489447590254676,-0.08690423461188472,-0.22589935525721574
SEC24B,,,,,,,,,,,,
MCUB,,,,,,,,,,,,
CASP6,,,,,,,,,,,,
PLA2G12A,,,,,,,,,,,,
GAR1,,,,,,,,,,,,
ELOVL6,,,,,,,,,,,,
ENPEP,,,,,,,,,,,,
PITX2,,,,,,,,,,,,
FAM241A,,,,,,,,,,,,
AP1AR,,,,,,,,,,,,
TIFA,,,,,,,,,,,,
ALPK1,,,,,,,,,,,,
ZGRF1,,,,,,,,,,,,
LARP7,,,,,,,,,,,,
ANK2,-0.44584902807793836,-0.22244481442108582,-0.33414692124951206,,,,-0.38104998908332754,-0.1247012601687976,-0.25287562462606256,-0.3909428393249655,-0.08736965809591597,-0.23915624871044072
CAMK2D,,,,,,,,,,,,
ARSJ,,,,-0.9783305309632434,-0.25338330951126065,-0.615856920237252,,,,,,
UGT8,,,,,,,,,,,,
METTL14,,,,,,,,,,,,
SEC24D,,,,,,,,,,,,
USP53,,,,,,,,,,,,
C4orf3,,,,,,,,,,,,
PDE5A,,,,,,,,,,,,
MAD2L1,0.12146831670008107,0.3640247104867293,0.24274651359340518,,,,,,,,,
PRDM5,,,,,,,,,,,,
QRFPR,,,,,,,,,,,,
ANXA5,0.13225980398003867,0.4168552427757308,0.27455752337788475,,,,,,,,,
EXOSC9,,,,,,,,,,,,
CCNA2,,,,,,,,,,,,
BBS7,,,,,,,,,,,,
TRPC3,-0.256728235181934,-0.1393014151240602,-0.1980148251529971,-0.9754727608209526,-0.41670540109635534,-0.696089080958654,,,,-0.3713395601193333,-0.15304526248755948,-0.2621924113034464
BLTP1,,,,,,,,,,,,
FGF2,,,,,,,,,,,,
NUDT6,,,,,,,,,,,,
SPATA5,-0.3175413993132936,-0.07216379268293362,-0.1948525959981136,,,,,,,,,
SPRY1,,,,,,,,,,,,
ANKRD50,,,,,,,,,,,,
INTU,,,,,,,,,,,,
HSPA4L,,,,,,,,,,,,
PLK4,,,,-0.9947089470892976,-0.5562949516138307,-0.7755019493515641,,,,,,
MFSD8,,,,,,,,,,,,
ABHD18,-0.3310245472099242,-0.07789456819735324,-0.20445955770363872,,,,,,,,,
LARP1B,,,,,,,,,,,,
PGRMC2,,,,,,,,,,,,
JADE1,,,,,,,,,,,,
SCLT1,,,,,,,,,,,,
C4orf33,,,,,,,,,,,,
PCDH10,,,,,,,,,,,,
SLC7A11,,,,,,,,,,,,
NOCT,,,,,,,,,,,,
ELF2,,,,,,,,,,,,
MGARP,,,,,,,,,,,,
NDUFC1,,,,,,,,,,,,
NAA15,-0.6197598099445187,-0.16325673069134905,-0.3915082703179339,,,,-0.6616721757195608,-0.06123745771381724,-0.36145481671668905,,,
RAB33B,,,,,,,,,,,,
SETD7,,,,,,,,,,,,
MGST2,0.12577377086024186,0.3712650295335271,0.24851940019688445,,,,0.14426789906793117,0.5722935845367316,0.3582807418023314,,,
MAML3,,,,,,,,,,,,
SCOC,0.10039761609975391,0.3755698875320412,0.23798375181589754,,,,,,,,,
CLGN,,,,,,,,,,,,
ELMOD2,,,,,,,,,,,,
TBC1D9,,,,,,,,,,,,
RNF150,,,,,,,,,,,,
ZNF330,,,,,,,,,,,,
USP38,,,,,,,,,,,,
GAB1,,,,,,,,,,,,
SMARCA5,,,,,,,,,,,,
HHIP,-0.3149798896728223,-0.14678492887969993,-0.23088240927626114,-0.9915924985480621,-0.5081822059683135,-0.7498873522581878,,,,-0.4155447150587472,-0.14106140505009152,-0.27830306005441935
ANAPC10,,,,,,,,,,,,
ABCE1,,,,,,,,,,,,
OTUD4,,,,,,,,,,,,
SMAD1,,,,,,,,,,,,
ZNF827,,,,,,,,,,,,
LSM6,,,,,,,,,,,,
SLC10A7,,,,,,,,,,,,
EDNRA,,,,,,,,,,,,
TMEM184C,,,,,,,,,,,,
PRMT9,,,,,,,,,,,,
ARHGAP10,,,,,,,,,,,,
NR3C2,-0.3291822726390559,-0.09859789392892136,-0.21389008328398865,,,,,,,,,
DCLK2,-0.18274796780753283,-0.00952001368054671,-0.09613399074403978,,,,,,,,,
LRBA,-0.4343439743831984,-0.17062812411566172,-0.30248604924943007,,,,-0.43888228583708616,-0.09414536679674786,-0.266513826316917,,,
RPS3A,,,,,,,,,,,,
SH3D19,-0.3820384759727032,-0.09689686464919689,-0.23946767031095004,,,,,,,,,
FHIP1A,,,,,,,,,,,,
GATB,,,,-0.9802873901077742,-0.15929314801524289,-0.5697902690615085,,,,,,
FBXW7,-0.28038056877252254,-0.05037601256755553,-0.16537829067003904,,,,,,,,,
ARFIP1,,,,,,,,,,,,
TRIM2,,,,,,,,,,,,
MND1,-0.8455967509785908,-0.15634627583638488,-0.5009715134074878,,,,,,,,,
TMEM131L,-0.3462848690428909,-0.0964123633255598,-0.22134861618422536,,,,,,,,,
PLRG1,,,,,,,,,,,,
MAP9,,,,,,,,,,,,
GUCY1A1,,,,,,,,,,,,
GUCY1B1,,,,,,,,,,,,
PDGFC,,,,,,,,,,,,
TMEM144,,,,,,,,,,,,
C4orf46,,,,,,,,,,,,
ETFDH,,,,,,,,,,,,
PPID,,,,,,,,,,,,
FNIP2,,,,,,,,,,,,
RAPGEF2,,,,,,,,,,,,
FSTL5,-0.27809425800934373,-0.13504863766546035,-0.20657144783740206,-0.9907248621503619,-0.551196616287416,-0.770960739218889,,,,-0.34414045753244227,-0.14842401573985645,-0.24628223663614934
NAF1,,,,,,,,,,,,
TMA16,,,,,,,,,,,,
TMEM192,,,,,,,,,,,,
KLHL2,,,,,,,,,,,,
MSMO1,,,,,,,,,,,,
CPE,,,,,,,,,,,,
TLL1,,,,,,,,,,,,
SPOCK3,,,,,,,,,,,,
PALLD,,,,,,,,,,,,
CBR4,,,,,,,,,,,,
SH3RF1,,,,,,,,,,,,
NEK1,,,,,,,,,,,,
CLCN3,,,,,,,,,,,,
HPF1,,,,,,,,,,,,
MFAP3L,,,,,,,,,,,,
AADAT,,,,,,,,,,,,
GALNTL6,,,,,,,,,,,,
GALNT7,,,,,,,,,,,,
HMGB2,0.2439217214828314,0.4075444094301742,0.3257330654565028,,,,,,,,,
SAP30,,,,,,,,,,,,
FBXO8,,,,,,,,,,,,
CEP44,,,,,,,,,,,,
GPM6A,-0.26370479049196305,-0.11242399439639393,-0.1880643924441785,-0.9628184395714293,-0.3495667942411662,-0.6561926169062977,-0.42847327346788383,-0.1307711018198396,-0.2796221876438617,-0.38162471664904674,-0.17706666758722722,-0.279345692118137
WDR17,,,,,,,,,,,,
SPCS3,,,,,,,,,,,,
VEGFC,,,,,,,,,,,,
NEIL3,,,,,,,,,,,,
AGA,,,,,,,,,,,,
TENM3,-0.2833330956117414,-0.08125965087685638,-0.1822963732442989,,,,,,,,,
DCTD,,,,,,,,,,,,
WWC2,,,,,,,,,,,,
CDKN2AIP,,,,,,,,,,,,
ING2,,,,,,,,,,,,
RWDD4,,,,,,,,,,,,
TRAPPC11,,,,,,,,,,,,
STOX2,,,,,,,,,,,,
IRF2,,,,,,,,,,,,
CASP3,,,,,,,,,,,,
PRIMPOL,,,,,,,,,,,,
CENPU,,,,,,,,,,,,
ACSL1,,,,,,,,,,,,
SLC25A4,,,,,,,,,,,,
CFAP97,,,,,,,,,,,,
SNX25,,,,,,,-0.3781449751659009,-0.07599107994790433,-0.2270680275569026,,,
UFSP2,,,,,,,,,,,,
PDLIM3,,,,,,,,,,,,
SORBS2,-0.3002654022959304,-0.10405428396364652,-0.20215984312978846,-0.9811004250619472,-0.3487127822728786,-0.6649066036674129,,,,,,
CYP4V2,,,,,,,,,,,,
FAT1,,,,,,,,,,,,
FRG1,,,,,,,,,,,,
CCDC127,0.10870957670289537,0.35674765660172814,0.23272861665231176,,,,,,,,,
SDHA,0.05967479059731198,0.2685307303140413,0.16410276045567662,,,,,,,,,
PDCD6,,,,,,,,,,,,
AHRR,,,,,,,,,,,,
EXOC3,,,,,,,,,,,,
CEP72,,,,,,,,,,,,
BRD9,,,,,,,,,,,,
TRIP13,,,,,,,,,,,,
CLPTM1L,,,,,,,,,,,,
LPCAT1,,,,,,,,,,,,
MRPL36,,,,,,,,,,,,
NDUFS6,,,,,,,,,,,,
ADAMTS16,-0.3657705991288572,-0.15471292469208758,-0.2602417619104724,,,,,,,-0.5015238746940602,-0.1330605229902437,-0.317292198842152
ICE1,,,,,,,,,,,,
MED10,,,,,,,,,,,,
NSUN2,,,,,,,,,,,,
SRD5A1,,,,,,,,,,,,
TENT4A,,,,,,,,,,,,
MTRR,,,,,,,,,,,,
FASTKD3,,,,,,,,,,,,
SEMA5A,,,,,,,,,,,,
ATPSCKMT,,,,,,,,,,,,
CCT5,,,,,,,,,,,,
CMBL,,,,,,,,,,,,
MARCHF6,-0.6088610416457583,-0.17533578759948806,-0.3920984146226232,,,,-0.9332487872561317,-0.15491331976723974,-0.5440810535116857,,,
ANKRD33B,,,,,,,,,,,,
DAP,,,,,,,,,,,,
TRIO,,,,,,,,,,,,
OTULINL,,,,,,,,,,,,
OTULIN,,,,,,,,,,,,
ANKH,-0.256186210053971,-0.04456453281142113,-0.15037537143269608,-0.9884514057932428,-0.4009798972032174,-0.6947156514982301,,,,,,
FBXL7,-0.13617337162635623,-0.0025130338086001547,-0.0693432027174782,,,,,,,,,
ZNF622,,,,,,,,,,,,
RETREG1,,,,,,,,,,,,
MYO10,,,,-0.9603427058696845,-0.22075756275946376,-0.5905501343145741,,,,,,
BASP1,,,,,,,,,,,,
CDH18,-0.2290528696521361,-0.14033390833845746,-0.18469338899529678,-0.9716849508485998,-0.40637608742599823,-0.6890305191372991,-0.2772050935490098,-0.11312795561118888,-0.19516652458009934,-0.39463800542068267,-0.17988238780574395,-0.28726019661321334
CDH12,-0.3188080875579053,-0.12621681284044298,-0.22251245019917415,,,,,,,,,
DROSHA,,,,,,,,,,,,
C5orf22,,,,,,,,,,,,
PDZD2,-0.2716185102188477,-0.08177437330408394,-0.17669644176146582,-0.9880907536156636,-0.3676008626564954,-0.6778458081360794,,,,,,
GOLPH3,,,,,,,,,,,,
MTMR12,,,,,,,,,,,,
ZFR,,,,,,,,,,,,
SUB1,,,,,,,,,,,,
TARS1,,,,,,,,,,,,
RAI14,,,,,,,,,,,,
RAD1,,,,,,,,,,,,
BRIX1,,,,,,,,,,,,
DNAJC21,,,,,,,,,,,,
LMBRD2,,,,,,,,,,,,
SKP2,-0.5972326940917421,-0.11383781778942718,-0.3555352559405846,,,,,,,,,
NADK2,,,,,,,,,,,,
SLC1A3,,,,,,,,,,,,
NIPBL,,,,,,,,,,,,
CPLANE1,,,,,,,,,,,,
NUP155,-0.804932381360178,-0.24338099613072517,-0.5241566887454516,,,,,,,,,
WDR70,,,,,,,,,,,,
LIFR,,,,,,,,,,,,
RICTOR,,,,,,,,,,,,
DAB2,,,,,,,,,,,,
TTC33,,,,,,,,,,,,
PRKAA1,,,,,,,,,,,,
RPL37,,,,,,,,,,,,
OXCT1,,,,,,,,,,,,
RIMOC1,,,,,,,,,,,,
FBXO4,,,,,,,,,,,,
GHR,-0.31271177701969227,-0.10799076974213766,-0.21035127338091497,,,,-0.3409770438565803,-0.11724729238678179,-0.22911216812168103,,,
SELENOP,,,,,,,,,,,,
ZNF131,,,,,,,,,,,,
HMGCS1,,,,,,,,,,,,
TMEM267,-0.3417267681165999,-0.06345668531224015,-0.20259172671442002,,,,,,,,,
C5orf34,,,,,,,,,,,,
PAIP1,,,,,,,,,,,,
NNT,,,,,,,,,,,,
MRPS30,,,,,,,,,,,,
EMB,,,,,,,,,,,,
PARP8,,,,,,,,,,,,
ISL1,,,,,,,,,,,,
PELO,0.10358047938288088,0.3598481864845833,0.2317143329337321,,,,,,,,,
ITGA2,-0.25905112485201,-0.058967681255939326,-0.15900940305397465,-0.9673980486879357,-0.22654432828173257,-0.5969711884848341,,,,,,
MOCS2,,,,,,,,,,,,
NDUFS4,,,,,,,,,,,,
ARL15,-0.4030416509674925,-0.14723286126513924,-0.2751372561163159,,,,-0.47384472034244207,-0.1262765698628015,-0.30006064510262176,,,
SNX18,,,,,,,,,,,,
GPX8,,,,,,,,,,,,
DHX29,,,,,,,,,,,,
MTREX,,,,,,,,,,,,
PLPP1,,,,,,,,,,,,
SLC38A9,,,,,,,-0.4197749253898292,-0.07313346255378073,-0.24645419397180496,,,
IL6ST,,,,,,,,,,,,
MAP3K1,,,,,,,,,,,,
SETD9,,,,,,,,,,,,
MIER3,,,,,,,,,,,,
GPBP1,,,,,,,,,,,,
RAB3C,-0.27904911008295524,-0.1725978696403115,-0.22582348986163336,-0.9928628487609129,-0.43465224155943816,-0.7137575451601755,-0.24900211803521402,-0.08764521588046763,-0.16832366695784082,-0.37989499959185963,-0.17698171995759426,-0.278438359774727
PDE4D,-0.32492022238110235,-0.11655271469588979,-0.22073646853849607,,,,,,,,,
DEPDC1B,,,,,,,,,,,,
ELOVL7,,,,,,,,,,,,
ERCC8,,,,,,,,,,,,
NDUFAF2,,,,,,,,,,,,
SMIM15,,,,,,,,,,,,
ZSWIM6,,,,,,,,,,,,
KIF2A,,,,,,,,,,,,
DIMT1,,,,,,,,,,,,
IPO11,,,,,,,,,,,,
SREK1IP1,,,,,,,,,,,,
CWC27,,,,,,,,,,,,
ADAMTS6,,,,,,,,,,,,
CENPK,,,,,,,,,,,,
PPWD1,,,,,,,,,,,,
TRIM23,,,,,,,,,,,,
TRAPPC13,,,,,,,,,,,,
SGTB,,,,,,,,,,,,
NLN,,,,,,,,,,,,
ERBIN,,,,,,,,,,,,
SREK1,,,,,,,,,,,,
MAST4,-0.30867099139658305,-0.08894491479587589,-0.19880795309622948,-0.9746017798677419,-0.19935041647149274,-0.5869760981696173,,,,,,
PIK3R1,,,,,,,,,,,,
SLC30A5,-0.18689851312676564,-0.07572264715906961,-0.13131058014291763,-0.9711528099158782,-0.38576480595940127,-0.6784588079376397,-0.33078276721826655,-0.07529749326302915,-0.20304013024064785,-0.3441904354767882,-0.12118572939261214,-0.23268808243470016
CCNB1,0.24147077507819215,0.3863384911355601,0.3139046331068761,,,,,,,,,
CENPH,,,,,,,,,,,,
MRPS36,,,,,,,,,,,,
CDK7,,,,,,,,,,,,
CCDC125,,,,,,,,,,,,
AK6,0.11064727055157703,0.3595518735838421,0.23509957206770957,,,,,,,,,
TAF9,,,,,,,,,,,,
RAD17,,,,,,,,,,,,
MARVELD2,,,,,,,,,,,,
OCLN,,,,,,,,,,,,
GTF2H2C,,,,,,,,,,,,
SMN2,,,,,,,,,,,,
SMN1,,,,,,,,,,,,
GTF2H2,,,,,,,,,,,,
BDP1,,,,,,,,,,,,
MCCC2,,,,,,,,,,,,
MAP1B,,,,,,,,,,,,
MRPS27,,,,,,,,,,,,
PTCD2,,,,,,,,,,,,
TNPO1,,,,,,,,,,,,
FCHO2,,,,,,,,,,,,
FOXD1,,,,,,,,,,,,
BTF3,0.13691736550960007,0.38032153790165674,0.2586194517056284,,,,,,,,,
ANKRA2,,,,,,,,,,,,
UTP15,,,,,,,,,,,,
ARHGEF28,,,,,,,,,,,,
HEXB,-0.19636807516449523,-0.05612806726148561,-0.12624807121299042,-0.9829211426640354,-0.37115782543165754,-0.6770394840478464,,,,-0.2269312942927055,0.037707855213267145,-0.09461171953971918
GFM2,,,,,,,,,,,,
NSA2,,,,,,,,,,,,
FAM169A,,,,,,,,,,,,
HMGCR,,,,,,,,,,,,
CERT1,,,,,,,,,,,,
POLK,,,,,,,,,,,,
POC5,,,,,,,,,,,,
IQGAP2,,,,,,,,,,,,
F2R,,,,,,,,,,,,
AGGF1,0.08090499045964113,0.32437033682629973,0.20263766364297042,,,,,,,,,
ZBED3,,,,,,,,,,,,
WDR41,,,,,,,,,,,,
TBCA,,,,,,,,,,,,
AP3B1,,,,,,,,,,,,
SCAMP1,,,,,,,,,,,,
LHFPL2,,,,-0.9891644904474503,-0.26336828745355956,-0.6262663889505049,,,,,,
ARSB,,,,,,,,,,,,
DMGDH,,,,,,,,,,,,
JMY,,,,,,,,,,,,
HOMER1,,,,-0.9863015303051105,-0.31556527018763186,-0.6509334002463711,,,,,,
TENT2,,,,,,,,,,,,
MTX3,,,,,,,,,,,,
THBS4,,,,,,,,,,,,
SERINC5,,,,,,,,,,,,
ZFYVE16,,,,,,,,,,,,
FAM151B,,,,,,,,,,,,
DHFR,,,,,,,,,,,,
MSH3,,,,,,,,,,,,
RASGRF2,,,,,,,,,,,,
ZCCHC9,,,,,,,,,,,,
SSBP2,-0.2614040047915406,-0.04241591974892119,-0.15190996227023087,,,,-0.388243049746122,-0.11392445157512245,-0.2510837506606222,,,
ATG10,-0.24181699238110832,-0.09806911194142634,-0.16994305216126732,-0.9743027547293655,-0.3796897997729537,-0.6769962772511595,,,,-0.3794038629671272,-0.08114025202806117,-0.2302720574975942
RPS23,,,,,,,,,,,,
TMEM167A,,,,,,,,,,,,
XRCC4,,,,,,,,,,,,
VCAN,,,,,,,,,,,,
EDIL3,-0.21689496811638764,-0.07224504455527074,-0.1445700063358292,,,,,,,,,
COX7C,,,,,,,,,,,,
RASA1,-0.32364675838373325,-0.0852056202859665,-0.20442618933484988,,,,-0.4587959524823453,-0.07744907761152962,-0.26812251504693746,,,
CCNH,,,,,,,,,,,,
TMEM161B,,,,,,,,,,,,
MEF2C,,,,-0.9837113722224388,-0.33138836433399993,-0.6575498682782194,,,,,,
CETN3,,,,,,,,,,,,
MBLAC2,,,,,,,,,,,,
POLR3G,,,,,,,,,,,,
LYSMD3,,,,,,,,,,,,
ADGRV1,-0.310204617856552,-0.14199036401512405,-0.22609749093583803,-0.9766518545648072,-0.3492967604859868,-0.662974307525397,-0.3601799733587241,-0.0748728105961243,-0.21752639197742418,,,
ARRDC3,-0.37794548427911173,-0.15063638680551997,-0.26429093554231586,,,,-0.4359751420819605,-0.10204801242497147,-0.26901157725346597,-0.41961730882868653,-0.10450438209499564,-0.2620608454618411
NR2F1,,,,,,,,,,,,
FAM172A,,,,,,,,,,,,
SLF1,,,,,,,,,,,,
MCTP1,-0.2681185441559672,-0.10608896516852177,-0.1871037546622445,-0.9850781366324867,-0.32115086207229615,-0.6531144993523914,,,,,,
SKIC3,,,,,,,,,,,,
ARSK,,,,,,,,,,,,
RFESD,,,,,,,,,,,,
RHOBTB3,,,,,,,,,,,,
GLRX,,,,,,,,,,,,
ELL2,,,,,,,,,,,,
CAST,,,,,,,,,,,,
LNPEP,,,,,,,,,,,,
RIOK2,,,,,,,,,,,,
RGMB,,,,,,,,,,,,
CHD1,,,,,,,,,,,,
FAM174A,0.06543610636956529,0.31924171413584096,0.1923389102527031,,,,,,,,,
SLCO6A1,,,,,,,,,,,,
PAM,,,,,,,,,,,,
GIN1,,,,,,,,,,,,
PPIP5K2,,,,,,,,,,,,
MACIR,,,,,,,,,,,,
NUDT12,,,,,,,,,,,,
EFNA5,-0.4920403162482627,-0.20010288020675743,-0.3460715982275101,,,,-0.5882373259344802,-0.15952790262673514,-0.37388261428060765,,,
FBXL17,-0.2171047593419815,-0.05537938047988449,-0.136242069910933,,,,,,,,,
FER,,,,,,,,,,,,
PJA2,,,,,,,,,,,,
MAN2A1,-0.334523182970336,-0.09866167396099126,-0.21659242846566362,,,,,,,,,
SLC25A46,,,,,,,,,,,,
WDR36,,,,,,,,,,,,
CAMK4,-0.30479279456358965,-0.11789216318918935,-0.21134247887638952,-0.9922080615783998,-0.5546937875067023,-0.773450924542551,-0.3908680225509765,-0.11521991563627162,-0.2530439690936241,,,
STARD4,,,,,,,,,,,,
NREP,-0.21516348732291185,-0.05360616523139554,-0.1343848262771537,-0.9914225176390198,-0.4991549607383072,-0.7452887391886635,,,,,,
EPB41L4A,,,,,,,,,,,,
APC,,,,,,,,,,,,
SRP19,,,,,,,,,,,,
REEP5,,,,,,,,,,,,
DCP2,,,,,,,,,,,,
MCC,,,,,,,,,,,,
YTHDC2,,,,,,,,,,,,
TRIM36,,,,,,,,,,,,
PGGT1B,,,,,,,,,,,,
CCDC112,,,,,,,,,,,,
FEM1C,,,,,,,,,,,,
TMED7,,,,,,,,,,,,
ATG12,,,,,,,,,,,,
AP3S1,,,,,,,,,,,,
COMMD10,,,,,,,,,,,,
SEMA6A,,,,,,,,,,,,
DTWD2,,,,,,,,,,,,
DMXL1,,,,,,,,,,,,
TNFAIP8,,,,,,,,,,,,
HSD17B4,,,,,,,,,,,,
PRR16,-0.2198110906418636,-0.07430829997987104,-0.14705969531086732,,,,,,,-0.26155224358660295,-0.058632691364117334,-0.16009246747536016
SRFBP1,,,,,,,,,,,,
SNX2,,,,,,,,,,,,
SNX24,,,,,,,,,,,,
PPIC,,,,,,,,,,,,
PRDM6,,,,,,,,,,,,
CEP120,,,,,,,,,,,,
CSNK1G3,,,,,,,,,,,,
ZNF608,,,,,,,,,,,,
ALDH7A1,,,,,,,,,,,,
PHAX,,,,,,,,,,,,
LMNB1,,,,,,,,,,,,
MARCHF3,,,,-0.9888860991236853,-0.5082426720326153,-0.7485643855781503,-0.5271427729750064,-0.09432631497946482,-0.31073454397723566,,,
C5orf63,,,,,,,,,,,,
PRRC1,,,,,,,,,,,,
SLC12A2,-0.5264607248497555,-0.16645072500750577,-0.34645572492863064,,,,-0.5634464917100821,-0.14572784444199804,-0.35458716807604007,,,
FBN2,,,,,,,,,,,,
ISOC1,,,,,,,,,,,,
ADAMTS19,-0.28325305786107124,-0.08643423975442915,-0.1848436488077502,,,,,,,,,
CHSY3,-0.3230558088492205,-0.14916052979288166,-0.2361081693210511,,,,,,,-0.4040999619781509,-0.10952063377234122,-0.25681029787524606
HINT1,,,,,,,,,,,,
LYRM7,,,,-0.9968826341110475,-0.5016387421869664,-0.7492606881490069,,,,,,
CDC42SE2,,,,,,,,,,,,
RAPGEF6,-0.3400446204966567,-0.06798601948639427,-0.20401531999152547,-0.9824164568397928,-0.3466743149249958,-0.6645453858823943,,,,,,
FNIP1,-0.4477537097996452,-0.08306502481785757,-0.26540936730875136,,,,-0.7604708913447016,-0.17686233451024172,-0.46866661292747164,,,
P4HA2,,,,,,,,,,,,
PDLIM4,,,,,,,,,,,,
SLC22A5,,,,,,,,,,,,
IRF1,,,,,,,,,,,,
RAD50,,,,,,,,,,,,
KIF3A,0.04919042583849418,0.26622866902352155,0.15770954743100787,,,,,,,,,
SEPTIN8,,,,,,,,,,,,
UQCRQ,,,,,,,,,,,,
AFF4,,,,,,,,,,,,
ZCCHC10,,,,,,,,,,,,
HSPA4,,,,,,,,,,,,
C5orf15,,,,,,,,,,,,
VDAC1,,,,,,,,,,,,
TCF7,,,,,,,,,,,,
SKP1,0.174048552141709,0.4664117423150855,0.32023014722839727,,,,,,,,,
PPP2CA,,,,,,,,,,,,
CDKL3,,,,,,,,,,,,
UBE2B,,,,,,,,,,,,
CDKN2AIPNL,,,,,,,,,,,,
SAR1B,,,,,,,,,,,,
SEC24A,,,,,,,,,,,,
CAMLG,,,,,,,,,,,,
DDX46,,,,,,,,,,,,
C5orf24,,,,,,,,,,,,
TXNDC15,,,,,,,,,,,,
PCBD2,,,,,,,,,,,,
PITX1,0.08894727154338349,0.36888243412082217,0.22891485283210283,,,,,,,,,
MACROH2A1,,,,-0.9908404554557239,-0.3903458131529872,-0.6905931343043555,,,,,,
SLC25A48,,,,,,,,,,,,
SMAD5,,,,,,,,,,,,
HNRNPA0,,,,,,,,,,,,
PKD2L2,,,,,,,,,,,,
FAM13B,,,,,,,,,,,,
BRD8,0.06567999362847203,0.29378176448208226,0.17973087905527715,,,,,,,,,
KIF20A,0.09048779809241096,0.3107688531732392,0.2006283256328251,,,,,,,,,
CDC23,,,,,,,,,,,,
CDC25C,,,,,,,,,,,,
FAM53C,,,,,,,,,,,,
KDM3B,,,,,,,,,,,,
REEP2,,,,,,,,,,,,
EGR1,-0.15928294388446668,-0.03249725940843375,-0.09589010164645022,,,,-0.1560721062656553,-0.0104468607594265,-0.0832594835125409,,,
ETF1,,,,,,,,,,,,
HSPA9,,,,,,,,,,,,
CTNNA1,,,,,,,,,,,,
SIL1,,,,,,,,,,,,
MATR3,,,,,,,,,,,,
PAIP2,,,,,,,,,,,,
SPATA24,,,,,,,,,,,,
DNAJC18,,,,,,,,,,,,
UBE2D2,,,,,,,,,,,,
CXXC5,,,,,,,,,,,,
NRG2,,,,,,,,,,,,
PURA,,,,,,,,,,,,
CYSTM1,,,,,,,,,,,,
PFDN1,,,,,,,,,,,,
ANKHD1,,,,,,,,,,,,
SRA1,,,,,,,,,,,,
SLC35A4,,,,,,,,,,,,
NDUFA2,,,,,,,,,,,,
TMCO6,,,,,,,,,,,,
IK,,,,,,,,,,,,
WDR55,,,,,,,,,,,,
HARS1,,,,,,,,,,,,
HARS2,,,,,,,,,,,,
ZMAT2,,,,,,,,,,,,
TAF7,0.10530189726689418,0.28520617850039043,0.19525403788364232,,,,,,,,,
DIAPH1,,,,,,,,,,,,
HDAC3,,,,,,,,,,,,
DELE1,,,,,,,,,,,,
RNF14,,,,,,,,,,,,
GNPDA1,,,,,,,,,,,,
NDFIP1,,,,,,,,,,,,
ARHGAP26,-0.25266622382148135,-0.10437522555518454,-0.17852072468833294,-0.9743048763151875,-0.3824488006817751,-0.6783768384984813,-0.36572528147239863,-0.04637257961091099,-0.20604893054165482,,,
NR3C1,,,,-0.9847134822207732,-0.3458037532798033,-0.6652586177502882,,,,,,
YIPF5,0.08897843979753889,0.35476038890518996,0.22186941435136442,,,,,,,,,
KCTD16,,,,-0.9848298589448476,-0.42249972513235834,-0.703664792038603,,,,,,
PRELID2,,,,,,,,,,,,
LARS1,,,,,,,,,,,,
RBM27,,,,,,,,,,,,
TCERG1,,,,,,,,,,,,
DPYSL3,,,,-0.9871626628504485,-0.3597385708889479,-0.6734506168696982,,,,,,
JAKMIP2,,,,,,,,,,,,
SPINK5,,,,,,,,,,,,
FBXO38,,,,,,,,,,,,
GRPEL2,,,,,,,,,,,,
CSNK1A1,,,,,,,,,,,,
ARHGEF37,,,,,,,,,,,,
PPARGC1B,,,,,,,,,,,,
SLC26A2,,,,,,,,,,,,
HMGXB3,,,,,,,,,,,,
TCOF1,,,,,,,,,,,,
RPS14,,,,,,,,,,,,
NDST1,,,,,,,,,,,,
RBM22,0.08446469564269701,0.39897593747703297,0.24172031655986498,,,,,,,,,
DCTN4,,,,,,,,,,,,
SMIM3,,,,,,,,,,,,
GPX3,,,,,,,,,,,,
TNIP1,,,,,,,,,,,,
ANXA6,,,,,,,,,,,,
GM2A,,,,,,,,,,,,
SLC36A1,,,,,,,,,,,,
SPARC,0.07448815530255115,0.27986970188104976,0.17717892859180046,,,,0.14641915088467447,0.5042471281777758,0.32533313953122517,,,
ATOX1,,,,,,,,,,,,
G3BP1,,,,,,,,,,,,
FAM114A2,,,,,,,,,,,,
MFAP3,,,,,,,,,,,,
GALNT10,,,,,,,,,,,,
SAP30L,,,,,,,,,,,,
HAND1,,,,,,,,,,,,
LARP1,,,,,,,,,,,,
FAXDC2,,,,,,,,,,,,
CNOT8,,,,,,,,,,,,
GEMIN5,,,,,,,,,,,,
MRPL22,0.0892700664123325,0.28963251384199756,0.18945129012716502,,,,,,,,,
MED7,,,,,,,,,,,,
CYFIP2,,,,,,,,,,,,
THG1L,,,,,,,,,,,,
LSM11,,,,,,,,,,,,
CLINT1,,,,,,,,,,,,
EBF1,-0.28197676715655173,-0.1075574410222737,-0.19476710408941272,,,,,,,,,
RNF145,,,,,,,,,,,,
UBLCP1,0.0932827022643721,0.2929596132949185,0.19312115777964528,,,,,,,,,
TTC1,,,,,,,,,,,,
PWWP2A,-0.43344807162805343,-0.1300502120425539,-0.28174914183530364,,,,,,,,,
SLU7,,,,,,,,,,,,
PTTG1,0.19544658185463404,0.47470327527599654,0.3350749285653153,,,,0.17620822915385978,0.4602447693116022,0.318226499232731,,,
CCNG1,,,,,,,,,,,,
NUDCD2,,,,,,,,,,,,
HMMR,0.253727902385447,0.4614419232033809,0.35758491279441396,,,,0.10968080327314467,0.3726673465836344,0.24117407492838952,0.11871942675721402,0.3675716992221835,0.24314556298969878
MAT2B,0.06320761472117829,0.2950469143649509,0.1791272645430646,,,,,,,,,
TENM2,-0.24649373279168624,-0.12819295688533064,-0.18734334483850845,-0.9915875437281988,-0.5457678967410868,-0.7686777202346429,-0.18859311687352404,-0.0936454701665941,-0.14111929352005906,-0.2801139576036853,-0.1215615069327054,-0.20083773226819535
WWC1,,,,-0.9866334635840545,-0.2548420404034872,-0.6207377519937708,,,,,,
RARS1,,,,,,,,,,,,
PANK3,,,,,,,,,,,,
SLIT3,-0.27885908494972944,-0.11086641723896155,-0.1948627510943455,,,,-0.36459787968421264,-0.10902975407692352,-0.23681381688056807,,,
SPDL1,,,,,,,,,,,,
RANBP17,-0.3941357448345983,-0.15237681747233947,-0.2732562811534689,,,,-0.34841670806557706,-0.05635774014178103,-0.20238722410367904,,,
NPM1,,,,,,,,,,,,
FBXW11,,,,,,,,,,,,
STK10,,,,,,,,,,,,
UBTD2,,,,,,,,,,,,
SH3PXD2B,,,,-0.9893455477501436,-0.31821896465650057,-0.6537822562033221,,,,,,
DUSP1,,,,,,,,,,,,
ERGIC1,,,,,,,,,,,,
RPL26L1,,,,,,,,,,,,
ATP6V0E1,,,,,,,,,,,,
CREBRF,-0.18582782244040874,-0.045116439585242175,-0.11547213101282545,-0.9868273549203946,-0.4222723552000102,-0.7045498550602024,,,,,,
BNIP1,,,,,,,,,,,,
NKX2-5,,,,,,,,,,,,
STC2,,,,,,,,,,,,
BOD1,,,,,,,,,,,,
CPEB4,,,,,,,,,,,,
MSX2,,,,,,,,,,,,
SFXN1,-0.9336434288569873,-0.2809369238648806,-0.607290176360934,,,,,,,,,
THOC3,,,,,,,,,,,,
SIMC1,,,,-0.9780340136117992,-0.17342509640586676,-0.5757295550088329,,,,,,
KIAA1191,,,,,,,,,,,,
ARL10,,,,,,,,,,,,
NOP16,,,,,,,,,,,,
HIGD2A,0.10297426108947841,0.40525181810420935,0.2541130395968439,,,,,,,,,
CLTB,,,,,,,,,,,,
FAF2,,,,,,,,,,,,
RNF44,,,,-0.9969369196005755,-0.4322853360774232,-0.7146111278389994,,,,,,
CDHR2,-0.22684800490203272,-0.12721778310775808,-0.1770328940048954,-0.988263595763345,-0.42786444457245565,-0.7080640201679003,-0.20109892549325248,-0.001905221036640226,-0.10150207326494635,-0.34719511917705254,-0.15430852723402896,-0.25075182320554074
GPRIN1,,,,-0.9703895895183602,-0.33944351618928664,-0.6549165528538234,,,,,,
TSPAN17,,,,,,,,,,,,
UIMC1,,,,,,,,,,,,
ZNF346,,,,,,,,,,,,
NSD1,,,,,,,,,,,,
RAB24,,,,,,,,,,,,
MXD3,,,,,,,,,,,,
PRELID1,,,,,,,,,,,,
LMAN2,0.13718825076615004,0.3468877722905122,0.24203801152833113,,,,0.11650509889108661,0.4458010973849543,0.2811530981380205,,,
RGS14,,,,-0.9874702565980679,-0.38544965466120384,-0.6864599556296358,,,,,,
F12,,,,,,,,,,,,
GRK6,,,,,,,,,,,,
PRR7,,,,,,,,,,,,
DBN1,0.07436429323060809,0.28701840537811707,0.1806913493043626,,,,,,,,,
PDLIM7,0.08934098041239469,0.35093547495072736,0.22013822768156102,,,,,,,,,
DOK3,,,,,,,,,,,,
DDX41,,,,,,,,,,,,
FAM193B,,,,,,,,,,,,
TMED9,0.10198470425351333,0.28899121014134704,0.19548795719743017,,,,,,,,,
B4GALT7,,,,,,,,,,,,
RMND5B,,,,,,,,,,,,
NHP2,,,,,,,,,,,,
HNRNPAB,,,,,,,,,,,,
PHYKPL,,,,,,,,,,,,
COL23A1,-0.2662223467464081,-0.1124345594626352,-0.18932845310452165,-0.9935423131138728,-0.43642337184442637,-0.7149828424791496,-0.3324986231134356,-0.1175513757637512,-0.2250249994385934,,,
CLK4,,,,,,,,,,,,
ZNF354A,,,,,,,,,,,,
ZNF354B,,,,,,,,,,,,
ADAMTS2,,,,,,,,,,,,
RUFY1,,,,,,,,,,,,
HNRNPH1,-0.8432874859903777,-0.365198202784502,-0.6042428443874399,-0.9864501354407581,-0.3316347782327424,-0.6590424568367502,-0.5622887476189591,-0.12976222181301758,-0.3460254847159883,-0.7996202138364793,-0.09092304087521529,-0.4452716273558473
CANX,,,,,,,,,,,,
MAML1,,,,,,,,,,,,
MGAT4B,,,,,,,,,,,,
SQSTM1,,,,,,,,,,,,
MRNIP,,,,,,,,,,,,
TBC1D9B,,,,,,,,,,,,
RNF130,,,,,,,,,,,,
RASGEF1C,-0.2657162120141586,-0.058772060206833295,-0.16224413611049596,-0.97254329962267,-0.1725660821657405,-0.5725546908942053,,,,,,
MAPK9,,,,,,,,,,,,
GFPT2,,,,-0.9826009413585666,-0.16391717280602752,-0.5732590570822971,,,,,,
CNOT6,,,,,,,,,,,,
FLT4,,,,,,,,,,,,
MGAT1,,,,,,,,,,,,
ZFP62,,,,,,,,,,,,
BTNL9,-0.22291352630090389,-0.04050574778271059,-0.13170963704180724,,,,,,,,,
TRIM41,,,,-0.9857259232891961,-0.4125537685535739,-0.699139845921385,,,,,,
RACK1,0.1203117847108119,0.2970736759457473,0.2086927303282796,,,,,,,,,
TRIM52,,,,,,,,,,,,
DUSP22,,,,,,,,,,,,
EXOC2,,,,,,,,,,,,
FOXF2,,,,,,,,,,,,
FOXC1,,,,,,,,,,,,
GMDS,-0.3454571229989746,-0.10547070158585285,-0.22546391229241372,,,,-0.3754003562036016,-0.03788244177625856,-0.2066413989899301,,,
WRNIP1,,,,,,,,,,,,
SERPINB1,0.07897027181859113,0.3779941419738424,0.22848220689621676,,,,,,,,,
SERPINB6,,,,,,,,,,,,
NQO2,0.10207279437862951,0.37635077144319345,0.2392117829109115,,,,,,,,,
RIPK1,,,,,,,,,,,,
BPHL,,,,,,,,,,,,
TUBB2A,,,,,,,,,,,,
TUBB2B,,,,,,,,,,,,
PSMG4,,,,,,,,,,,,
SLC22A23,,,,,,,,,,,,
FAM50B,,,,,,,,,,,,
PRPF4B,,,,,,,,,,,,
ECI2,,,,,,,,,,,,
CDYL,-0.25907210935854724,-0.03092590414539528,-0.14499900675197125,-0.9762900736181834,-0.33503920489445094,-0.6556646392563172,,,,,,
RPP40,,,,,,,,,,,,
LYRM4,,,,,,,,,,,,
FARS2,,,,,,,,,,,,
NRN1,0.10162089059749825,0.30297463222067145,0.20229776140908484,,,,,,,,,
RREB1,-0.3376278023190492,-0.059036019335696306,-0.19833191082737275,,,,-0.6257343640325034,-0.13959874017951865,-0.382666552106011,,,
SSR1,,,,,,,,,,,,
RIOK1,,,,,,,,,,,,
DSP,,,,,,,,,,,,
SNRNP48,0.11378735819391414,0.29952637000036114,0.20665686409713763,,,,,,,,,
BMP6,-0.3266960264706535,-0.14351670158096408,-0.23510636402580878,-0.9891349124425586,-0.24307627080686536,-0.616105591624712,-0.3376224688330996,-0.09081074822939257,-0.21421660853124608,,,
TXNDC5,,,,,,,,,,,,
BLOC1S5,,,,,,,,,,,,
EEF1E1,,,,,,,,,,,,
SLC35B3,,,,,,,,,,,,
TFAP2A,,,,,,,,,,,,
PAK1IP1,,,,,,,,,,,,
TMEM14C,,,,,,,,,,,,
TMEM14B,,,,,,,,,,,,
MAK,-0.44867117261932443,-0.18843015192495127,-0.31855066227213785,-0.9931240635177817,-0.45860921770530605,-0.7258666406115439,,,,-0.4933665544219334,-0.12653140407828892,-0.30994897925011117
SYCP2L,,,,,,,,,,,,
ELOVL2,,,,,,,,,,,,
SMIM13,,,,,,,,,,,,
TMEM170B,,,,,,,,,,,,
HIVEP1,,,,,,,,,,,,
PHACTR1,-0.17881161525381462,-0.05369161094697848,-0.11625161310039656,-0.9922467676502341,-0.5259711107408749,-0.7591089391955546,,,,,,
TBC1D7,,,,,,,,,,,,
GFOD1,,,,-0.9877409296719873,-0.36966255485526855,-0.6787017422636279,,,,,,
SIRT5,,,,,,,,,,,,
NOL7,,,,,,,,,,,,
RANBP9,-0.27545087676469965,-0.03819716190439428,-0.15682401933454695,-0.9792714531892468,-0.267454212530506,-0.6233628328598764,,,,,,
MCUR1,,,,,,,,,,,,
JARID2,,,,,,,,,,,,
DTNBP1,,,,,,,,,,,,
MYLIP,,,,,,,,,,,,
ATXN1,,,,,,,,,,,,
CAP2,,,,,,,,,,,,
FAM8A1,,,,,,,,,,,,
NUP153,,,,,,,,,,,,
KIF13A,-0.2154361140989347,-0.033114432086592815,-0.12427527309276376,-0.9771080814253704,-0.35027734122592163,-0.663692711325646,,,,,,
TPMT,,,,,,,,,,,,
KDM1B,,,,,,,,,,,,
DEK,,,,,,,,,,,,
ID4,,,,,,,,,,,,
MBOAT1,,,,,,,,,,,,
E2F3,,,,,,,,,,,,
CDKAL1,-0.5394536904347675,-0.2425034886253719,-0.3909785895300697,,,,-0.45107396949950174,-0.11568058259044495,-0.2833772760449733,-0.5553593254455901,-0.15812287133054836,-0.3567410983880692
SOX4,,,,,,,,,,,,
MRS2,,,,,,,,,,,,
ALDH5A1,,,,,,,,,,,,
TDP2,,,,,,,,,,,,
ACOT13,,,,,,,,,,,,
C6orf62,,,,,,,,,,,,
GMNN,,,,,,,,,,,,
RIPOR2,-0.2510899407097825,-0.141519554669689,-0.19630474768973577,-0.990118982704892,-0.45761843002291697,-0.7238687063639044,-0.26466986691704586,-0.08262445494489898,-0.17364716093097243,-0.3458778037773496,-0.10956346964391475,-0.2277206367106322
CARMIL1,-0.47027788996494174,-0.11200000082239385,-0.2911389453936678,,,,,,,,,
BTN3A2,-0.19192530328786453,-0.019524543943748987,-0.10572492361580677,-0.9850123242212546,-0.2706323162051617,-0.6278223202132082,,,,-0.31822888842597047,-0.06199366655034651,-0.19011127748815848
BTN2A1,,,,,,,,,,,,
HMGN4,,,,,,,,,,,,
ABT1,0.09014725752443124,0.3263916709426419,0.20826946423353657,,,,,,,,,
ZNF322,,,,,,,,,,,,
ZNF391,,,,,,,,,,,,
ZKSCAN8,,,,,,,,,,,,
ZSCAN26,,,,,,,,,,,,
PGBD1,,,,,,,,,,,,
ZSCAN12,,,,,,,,,,,,
TRIM27,,,,,,,,,,,,
GABBR1,,,,,,,,,,,,
HLA-A,0.18846227160308843,0.48879298669304055,0.3386276291480645,,,,0.24318656346295184,0.5993729851641599,0.4212797743135559,,,
POLR1H,,,,,,,,,,,,
PPP1R11,,,,,,,,,,,,
TRIM26,,,,,,,,,,,,
RPP21,,,,,,,,,,,,
HLA-E,,,,,,,,,,,,
GNL1,,,,,,,,,,,,
PRR3,,,,,,,,,,,,
ABCF1,,,,,,,,,,,,
PPP1R10,,,,,,,,,,,,
MRPS18B,,,,,,,,,,,,
ATAT1,,,,,,,,,,,,
C6orf136,,,,,,,,,,,,
DHX16,0.12640010438523044,0.3243909364848279,0.2253955204350292,,,,,,,,,
NRM,,,,,,,,,,,,
MDC1,,,,,,,,,,,,
TUBB,0.08498963715767885,0.3608358950154373,0.22291276608655808,,,,,,,,,
FLOT1,0.0832268327208935,0.3521859378542812,0.21770638528758735,,,,,,,,,
GTF2H4,,,,,,,,,,,,
VARS2,,,,,,,,,,,,
CCHCR1,,,,-0.9884617279413433,-0.30686370202098673,-0.647662714981165,,,,,,
TCF19,,,,,,,,,,,,
HLA-C,0.15318588434847755,0.4432413995848999,0.2982136419666887,,,,0.10632570301261066,0.5521945293742434,0.32926011619342704,,,
HLA-B,0.07717277890433998,0.3120152808082584,0.1945940298562992,,,,,,,,,
MICA,0.07869350165882058,0.29665856379248384,0.1876760327256522,,,,,,,,,
DDX39B,0.1381913298875201,0.3555207073093233,0.24685601859842168,,,,,,,,,
NFKBIL1,,,,,,,,,,,,
PRRC2A,,,,,,,,,,,,
BAG6,,,,,,,,,,,,
C6orf47,,,,,,,,,,,,
GPANK1,,,,,,,,,,,,
CSNK2B,,,,,,,,,,,,
ABHD16A,,,,,,,,,,,,
DDAH2,,,,,,,,,,,,
CLIC1,0.0569464800356474,0.38505646548950956,0.22100147276257848,,,,,,,,,
MSH5,,,,,,,,,,,,
VARS1,,,,,,,,,,,,
LSM2,,,,,,,,,,,,
HSPA1B,,,,,,,,,,,,
NEU1,0.16925078007015038,0.4031632864970701,0.28620703328361025,,,,0.16859745864119946,0.4397538831557465,0.30417567089847297,0.08646138779815297,0.4309244097494364,0.2586928987737947
EHMT2,,,,,,,,,,,,
C2,,,,,,,,,,,,
NELFE,,,,,,,,,,,,
SKIC2,,,,,,,,,,,,
DXO,,,,,,,,,,,,
STK19,,,,,,,,,,,,
ATF6B,,,,,,,,,,,,
FKBPL,,,,,,,,,,,,
PPT2,,,,,,,,,,,,
AGPAT1,,,,,,,,,,,,
RNF5,0.14034482139375512,0.38842567293140645,0.26438524716258077,,,,,,,,,
PBX2,,,,,,,,,,,,
HLA-DRB1,0.11057276697213494,0.30751214533209004,0.20904245615211248,,,,,,,,,
TAP2,,,,,,,,,,,,
BRD2,,,,,,,,,,,,
RXRB,,,,,,,,,,,,
SLC39A7,0.10622014200474558,0.3508340082351871,0.22852707511996634,,,,0.13624520751777233,0.49575600889453425,0.3160006082061533,,,
HSD17B8,,,,,,,,,,,,
RING1,,,,,,,,,,,,
VPS52,,,,,,,,,,,,
RPS18,,,,,,,,,,,,
WDR46,,,,,,,,,,,,
PFDN6,0.08798247935104052,0.31240853565201593,0.20019550750152823,,,,,,,,,
TAPBP,,,,,,,,,,,,
DAXX,,,,,,,,,,,,
KIFC1,,,,,,,,,,,,
CUTA,0.09712077216249622,0.3990161241801252,0.2480684481713107,,,,,,,,,
BAK1,,,,,,,,,,,,
ITPR3,,,,,,,,,,,,
UQCC2,,,,,,,,,,,,
LEMD2,0.06008912782805456,0.30969642790971236,0.18489277786888347,,,,,,,,,
HMGA1,,,,,,,,,,,,
SMIM29,,,,,,,,,,,,
NUDT3,,,,,,,,,,,,
RPS10,,,,,,,,,,,,
ILRUN,,,,,,,,,,,,
SNRPC,,,,,,,,,,,,
BLTP3A,,,,,,,,,,,,
TAF11,,,,,,,,,,,,
ANKS1A,,,,-0.9648017994681394,-0.18959906871714394,-0.5772004340926417,,,,,,
ZNF76,,,,,,,,,,,,
PPARD,,,,,,,,,,,,
FANCE,,,,,,,,,,,,
RPL10A,,,,,,,,,,,,
TEAD3,,,,,,,,,,,,
FKBP5,,,,-0.988822637606122,-0.38341743166596703,-0.6861200346360445,,,,,,
LHFPL5,-0.3665950249064194,-0.14324200433999054,-0.254918514623205,,,,-0.4261598095405462,-0.09506286320642017,-0.2606113363734832,,,
SRPK1,,,,,,,,,,,,
MAPK14,,,,,,,,,,,,
BRPF3,,,,,,,,,,,,
KCTD20,,,,,,,,,,,,
STK38,,,,,,,,,,,,
SRSF3,0.0750693852048261,0.30271762651084183,0.18889350585783396,,,,,,,,,
CDKN1A,,,,,,,,,,,,
PPIL1,,,,,,,,,,,,
C6orf89,,,,,,,,,,,,
MTCH1,0.09958333076930949,0.3789765016086788,0.23927991618899414,,,,,,,,,
TBC1D22B,,,,,,,,,,,,
RNF8,,,,,,,,,,,,
CMTR1,,,,,,,,,,,,
CCDC167,,,,,,,,,,,,
ZFAND3,,,,,,,,,,,,
BTBD9,,,,,,,,,,,,
GLO1,,,,,,,,,,,,
SAYSD1,,,,,,,,,,,,
DAAM2,,,,-0.9944031582740698,-0.5976341392328902,-0.7960186487534799,,,,,,
OARD1,,,,,,,,,,,,
NFYA,,,,,,,,,,,,
FOXP4,,,,,,,,,,,,
TOMM6,,,,,,,,,,,,
USP49,,,,,,,,,,,,
MED20,,,,,,,,,,,,
BYSL,,,,,,,,,,,,
CCND3,,,,,,,,,,,,
TAF8,,,,,,,,,,,,
MRPS10,,,,,,,,,,,,
TRERF1,,,,,,,,,,,,
UBR2,,,,,,,,,,,,
TBCC,,,,,,,,,,,,
BICRAL,,,,-0.9770876191679607,-0.18726233243709134,-0.5821749758025261,,,,,,
RPL7L1,,,,,,,,,,,,
CNPY3,,,,,,,,,,,,
PEX6,,,,,,,,,,,,
PPP2R5D,,,,,,,,,,,,
MEA1,0.06522592718514941,0.3509908906007317,0.20810840889294055,,,,,,,,,
KLHDC3,,,,,,,,,,,,
RRP36,,,,,,,,,,,,
KLC4,,,,,,,,,,,,
MRPL2,,,,,,,,,,,,
PTK7,,,,,,,,,,,,
SRF,,,,,,,,,,,,
DNPH1,,,,,,,,,,,,
ZNF318,,,,,,,,,,,,
ABCC10,,,,,,,,,,,,
TJAP1,,,,,,,,,,,,
POLR1C,,,,,,,,,,,,
YIPF3,0.06346188603988027,0.29162668598571073,0.1775442860127955,,,,,,,,,
XPO5,,,,,,,,,,,,
POLH,,,,,,,,,,,,
GTPBP2,,,,,,,,,,,,
MAD2L1BP,0.04855835307519588,0.3068189008431681,0.177688626959182,,,,,,,,,
MRPS18A,0.11035851400040025,0.35438535231018337,0.2323719331552918,,,,,,,,,
VEGFA,,,,,,,,,,,,
MRPL14,,,,,,,,,,,,
TMEM63B,,,,,,,,,,,,
SLC29A1,,,,,,,,,,,,
HSP90AB1,,,,,,,,,,,,
SLC35B2,0.09469478962741681,0.31903528263661257,0.20686503613201468,,,,0.10332593242887081,0.480637225302641,0.29198157886575593,,,
AARS2,,,,,,,,,,,,
CDC5L,,,,,,,,,,,,
SUPT3H,,,,,,,,,,,,
RUNX2,-0.3508095783420607,-0.1417827551706637,-0.2462961667563622,,,,,,,,,
CYP39A1,,,,-0.9895365563246871,-0.31218484502392946,-0.6508607006743082,,,,,,
SLC25A27,,,,,,,,,,,,
TNFRSF21,,,,,,,,,,,,
CD2AP,,,,,,,,,,,,
MMUT,,,,,,,,,,,,
CENPQ,,,,,,,,,,,,
MCM3,,,,,,,,,,,,
PAQR8,-0.26575161147573184,-0.146525362324039,-0.20613848689988543,-0.9691587273053124,-0.4636943249750886,-0.7164265261402005,-0.20713952357433535,-0.03174268415658897,-0.11944110386546217,-0.3063428967773218,-0.15692356052356746,-0.2316332286504446
EFHC1,,,,,,,,,,,,
TRAM2,,,,,,,,,,,,
TMEM14A,,,,,,,,,,,,
GSTA4,,,,,,,,,,,,
CILK1,,,,,,,,,,,,
FBXO9,,,,,,,,,,,,
ELOVL5,,,,,,,,,,,,
GCLC,,,,,,,,,,,,
LRRC1,,,,,,,,,,,,
DST,,,,,,,,,,,,
KIAA1586,,,,,,,,,,,,
ZNF451,,,,,,,,,,,,
BAG2,,,,,,,,,,,,
RAB23,,,,,,,,,,,,
PRIM2,-0.33525441194800193,-0.07394965323077204,-0.20460203258938697,,,,,,,,,
PHF3,,,,,,,,,,,,
EYS,-0.24816475978957167,-0.12744489956693997,-0.18780482967825582,-0.9638824937072781,-0.2987497400094549,-0.6313161168583665,,,,-0.3363042325798478,-0.15283300123714888,-0.24456861690849835
ADGRB3,-0.3487870016639382,-0.13801295196556057,-0.2433999768147494,,,,-0.3305426486880022,-0.10194478494421147,-0.21624371681610682,,,
LMBRD1,,,,,,,,,,,,
COL19A1,-0.19884224976862527,-0.036141785735390945,-0.11749201775200811,-0.9950669932805672,-0.5347255112244086,-0.7648962522524879,,,,,,
FAM135A,,,,,,,,,,,,
SDHAF4,,,,,,,,,,,,
SMAP1,,,,,,,,,,,,
B3GAT2,-0.25248104175019004,-0.07069888594027596,-0.161589963845233,,,,,,,,,
OGFRL1,,,,,,,,,,,,
KCNQ5,-0.3163166237677196,-0.11518256154366047,-0.21574959265569002,-0.9847768284865757,-0.37361625524919373,-0.6791965418678847,-0.3096251373499601,-0.07081212516660745,-0.19021863125828378,,,
KHDC1,-0.2873032440521143,-0.041614719372549805,-0.16445898171233206,-0.9899388456689217,-0.42947814171829923,-0.7097084936936104,,,,,,
OOEP,,,,,,,,,,,,
MTO1,,,,,,,,,,,,
EEF1A1,0.12233968379265998,0.33039598533997605,0.226367834566318,,,,,,,,,
SLC17A5,,,,,,,,,,,,
COX7A2,,,,,,,,,,,,
TMEM30A,,,,,,,,,,,,
SENP6,,,,,,,,,,,,
MYO6,,,,,,,,,,,,
IRAK1BP1,,,,,,,,,,,,
PHIP,,,,,,,,,,,,
HMGN3,,,,,,,,,,,,
LCA5,,,,,,,,,,,,
SH3BGRL2,,,,,,,,,,,,
ELOVL4,,,,,,,,,,,,
TTK,0.09294856052584989,0.2957436365789498,0.19434609855239984,,,,,,,,,
BCKDHB,,,,,,,,,,,,
TENT5A,,,,,,,,,,,,
IBTK,,,,,,,,,,,,
TPBG,-0.12461928601962013,-0.016780528904488185,-0.07069990746205417,-0.8819540874823449,-0.18449329215653995,-0.5332236898194425,,,,,,
UBE3D,-0.3982772940948348,-0.1174356673610382,-0.2578564807279365,,,,-0.4400917449882588,-0.04532625613066838,-0.2427090005594636,,,
DOP1A,,,,,,,,,,,,
PGM3,,,,,,,,,,,,
ME1,,,,,,,,,,,,
CYB5R4,,,,,,,,,,,,
CEP162,,,,,,,,,,,,
TBX18,,,,,,,,,,,,
SNX14,,,,,,,,,,,,
SYNCRIP,,,,,,,,,,,,
ZNF292,,,,,,,,,,,,
SMIM8,,,,,,,,,,,,
SLC35A1,,,,,,,,,,,,
RARS2,,,,,,,,,,,,
ORC3,,,,,,,,,,,,
AKIRIN2,,,,,,,,,,,,
RNGTT,,,,,,,,,,,,
PNRC1,0.12818087556289443,0.3418339212784121,0.23500739842065327,,,,,,,,,
SRSF12,,,,,,,,,,,,
PM20D2,,,,,,,,,,,,
UBE2J1,,,,,,,,,,,,
RRAGD,,,,,,,,,,,,
ANKRD6,,,,,,,,,,,,
LYRM2,,,,,,,,,,,,
MDN1,,,,,,,,,,,,
CASP8AP2,-0.4041460847737538,-0.031443081320387666,-0.21779458304707072,,,,,,,,,
BACH2,-0.2609873705409098,-0.10723882107248366,-0.18411309580669674,-0.9850721538288464,-0.4153729100468031,-0.7002225319378248,-0.3478781443503266,-0.05785768386781823,-0.2028679141090724,,,
MAP3K7,,,,,,,,,,,,
EPHA7,,,,,,,,,,,,
MANEA,,,,,,,,,,,,
UFL1,0.06297166372100187,0.25877171065420823,0.16087168718760506,,,,,,,,,
GPR63,,,,,,,,,,,,
NDUFAF4,,,,,,,,,,,,
MMS22L,,,,,,,,,,,,
POU3F2,,,,,,,,,,,,
FBXL4,,,,,,,,,,,,
FAXC,,,,,,,,,,,,
COQ3,0.12276819230245072,0.397250381107517,0.26000928670498386,,,,,,,,,
PNISR,,,,,,,,,,,,
USP45,,,,,,,,,,,,
TSTD3,,,,,,,,,,,,
CCNC,,,,,,,,,,,,
ASCC3,,,,,,,,,,,,
HACE1,,,,,,,,,,,,
LIN28B,,,,,,,,,,,,
POPDC3,,,,,,,,,,,,
PREP,,,,,,,,,,,,
ATG5,,,,,,,,,,,,
RTN4IP1,,,,,,,,,,,,
QRSL1,,,,,,,,,,,,
MTRES1,,,,,,,,,,,,
BEND3,,,,,,,,,,,,
PDSS2,,,,,,,-0.3257552136534487,-0.04516741918063621,-0.18546131641704247,,,
SOBP,,,,,,,,,,,,
SEC63,,,,,,,,,,,,
OSTM1,,,,,,,,,,,,
SNX3,,,,,,,,,,,,
AFG1L,,,,,,,,,,,,
FOXO3,,,,,,,,,,,,
ARMC2,,,,,,,,,,,,
SESN1,,,,,,,,,,,,
CEP57L1,,,,,,,,,,,,
CD164,0.08873028647661861,0.3270180652002779,0.20787417583844825,,,,,,,,,
PPIL6,,,,,,,,,,,,
ZBTB24,,,,,,,,,,,,
FIG4,,,,,,,,,,,,
WASF1,,,,,,,,,,,,
CDC40,0.0620148290878418,0.3391930915537032,0.2006039603207725,,,,,,,,,
SLC22A16,-0.23204537041785708,-0.14286150752662363,-0.18745343897224037,-0.9781536432782443,-0.5034853989307273,-0.7408195211044858,-0.18071722106775928,-0.07364975135150523,-0.12718348620963227,-0.3787329226543031,-0.1768502353312367,-0.2777915789927699
CDK19,,,,,,,,,,,,
AMD1,,,,,,,,,,,,
GTF3C6,,,,,,,,,,,,
RPF2,,,,,,,,,,,,
SLC16A10,-0.3075873428839137,-0.05083611163219325,-0.17921172725805348,,,,,,,,,
MFSD4B,-0.4203732611932774,-0.09336753807714965,-0.2568703996352135,,,,,,,,,
REV3L,,,,,,,,,,,,
TRAF3IP2,,,,,,,,,,,,
FYN,,,,,,,,,,,,
TUBE1,,,,,,,,,,,,
FAM229B,0.09814284382306616,0.37057225158866863,0.2343575477058674,,,,,,,,,
LAMA4,,,,,,,,,,,,
MARCKS,,,,,,,,,,,,
HDAC2,,,,,,,,,,,,
NT5DC1,,,,,,,,,,,,
TSPYL4,,,,,,,,,,,,
DSE,,,,,,,,,,,,
TSPYL1,,,,,,,,,,,,
RWDD1,-0.9849766832101187,-0.40137552800400617,-0.6931761056070624,,,,,,,,,
ZUP1,,,,,,,,,,,,
KPNA5,,,,,,,,,,,,
DCBLD1,,,,,,,,,,,,
GOPC,,,,,,,,,,,,
NUS1,,,,,,,,,,,,
SLC35F1,-0.2474834072605202,-0.04498984121051761,-0.14623662423551892,,,,,,,,,
CEP85L,,,,,,,,,,,,
MCM9,,,,,,,,,,,,
ASF1A,0.07650998162165418,0.32812374366784147,0.20231686264474782,,,,,,,,,
FAM184A,,,,,,,,,,,,
MAN1A1,,,,,,,,,,,,
TBC1D32,,,,,,,,,,,,
GJA1,,,,,,,,,,,,
HSF2,,,,,,,,,,,,
SERINC1,0.11836681194748358,0.3142914185298427,0.21632911523866316,,,,0.10048334497101553,0.3931579291095544,0.24682063704028495,,,
PKIB,,,,,,,,,,,,
NKAIN2,,,,,,,,,,,,
RNF217,,,,,,,,,,,,
TPD52L1,,,,,,,,,,,,
HDDC2,,,,,,,,,,,,
HEY2,,,,,,,,,,,,
NCOA7,,,,,,,,,,,,
HINT3,0.09352390459540709,0.3286655824182973,0.2110947435068522,,,,,,,,,
TRMT11,-0.2760941646124633,-0.03991878721341513,-0.1580064759129392,,,,,,,,,
CENPW,0.17965152844008336,0.44299452118061916,0.31132302481035123,,,,,,,,,
RNF146,0.10520713985603718,0.3363871493124757,0.22079714458425645,,,,,,,,,
ECHDC1,,,,,,,,,,,,
PTPRK,,,,,,,,,,,,
LAMA2,,,,,,,,,,,,
ARHGAP18,,,,-0.9841116092084515,-0.30525909577637156,-0.6446853524924115,,,,,,
L3MBTL3,-0.29961651018611474,-0.06520359071889664,-0.1824100504525057,,,,,,,,,
EPB41L2,,,,,,,,,,,,
AKAP7,-0.21980959600032055,0.002758780501645917,-0.10852540774933732,-0.9727431497605261,-0.3581266253646656,-0.6654348875625958,,,,,,
MED23,,,,,,,,,,,,
ENPP1,,,,,,,,,,,,
MOXD1,,,,-0.9861660788955985,-0.38596177031264534,-0.6860639246041219,,,,,,
STX7,,,,,,,,,,,,
SLC18B1,,,,,,,,,,,,
RPS12,,,,,,,,,,,,
EYA4,,,,,,,,,,,,
TBPL1,,,,,,,,,,,,
HBS1L,,,,,,,,,,,,
AHI1,,,,,,,,,,,,
MTFR2,,,,,,,,,,,,
BCLAF1,,,,,,,,,,,,
MAP7,,,,,,,,,,,,
MAP3K5,-0.32277698529148224,-0.09533228706574985,-0.20905463617861605,,,,,,,,,
PEX7,,,,,,,,,,,,
IFNGR1,,,,,,,,,,,,
PERP,,,,,,,,,,,,
ARFGEF3,,,,,,,,,,,,
HEBP2,,,,,,,,,,,,
NHSL1,-0.5017465498851729,-0.18725508710640187,-0.3445008184957874,,,,-0.4475815216126355,-0.04875356552803834,-0.2481675435703369,-0.6259715028251753,-0.15144578817127333,-0.3887086454982243
CCDC28A,,,,,,,,,,,,
REPS1,,,,,,,,,,,,
ABRACL,,,,,,,,,,,,
HECA,,,,,,,,,,,,
CITED2,,,,,,,,,,,,
VTA1,,,,,,,,,,,,
HIVEP2,,,,,,,,,,,,
AIG1,,,,,,,,,,,,
ADAT2,,,,,,,,,,,,
PEX3,,,,,,,,,,,,
FUCA2,0.06299064224619277,0.32286614547829195,0.19292839386224236,,,,,,,,,
PHACTR2,,,,-0.9932615588672983,-0.5051099305276326,-0.7491857446974655,,,,,,
LTV1,,,,,,,,,,,,
PLAGL1,,,,,,,,,,,,
SF3B5,,,,,,,,,,,,
UTRN,,,,,,,,,,,,
EPM2A,,,,,,,,,,,,
FBXO30,,,,,,,,,,,,
SHPRH,,,,,,,,,,,,
RAB32,,,,,,,,,,,,
STXBP5,,,,,,,,,,,,
SAMD5,-0.2579970485368161,-0.06805368676292892,-0.16302536764987252,,,,,,,,,
SASH1,,,,,,,,,,,,
UST,,,,,,,,,,,,
TAB2,,,,,,,,,,,,
PPIL4,,,,,,,,,,,,
GINM1,,,,,,,,,,,,
KATNA1,,,,,,,,,,,,
LATS1,,,,,,,,,,,,
NUP43,,,,,,,,,,,,
PCMT1,,,,,,,,,,,,
LRP11,,,,,,,,,,,,
ULBP3,,,,,,,,,,,,
PPP1R14C,,,,,,,,,,,,
PLEKHG1,,,,,,,,,,,,
MTHFD1L,,,,,,,,,,,,
AKAP12,,,,,,,,,,,,
ZBTB2,,,,-0.9853481074914773,-0.4166913561196953,-0.7010197318055863,,,,,,
RMND1,,,,,,,,,,,,
ARMT1,,,,,,,,,,,,
SYNE1,-0.24287454706166933,-0.0955114843265046,-0.16919301569408696,-0.9885787259138357,-0.5022048013698183,-0.745391763641827,,,,-0.2923035428650368,-0.1099158545600823,-0.20110969871255954
FBXO5,-0.3543610885697271,-0.11398878052203794,-0.2341749345458825,,,,,,,,,
MTRF1L,,,,,,,,,,,,
RGS17,,,,,,,,,,,,
CNKSR3,,,,,,,,,,,,
SCAF8,-0.5639770187115001,-0.14918052422137149,-0.3565787714664358,,,,-0.46106079503827085,-0.0912622339863612,-0.276161514512316,,,
TIAM2,,,,,,,,,,,,
TFB1M,,,,,,,,,,,,
ARID1B,-0.7181791781313224,-0.29309978694919286,-0.5056394825402576,,,,-0.8009435466199475,-0.25726321211682107,-0.5291033793683843,-0.8635439095302361,-0.2595504577461211,-0.5615471836381786
TMEM242,0.08562540971183535,0.38133035984222824,0.2334778847770318,,,,,,,,,
ZDHHC14,,,,,,,,,,,,
SNX9,,,,,,,,,,,,
SYNJ2,,,,,,,,,,,,
SERAC1,,,,,,,,,,,,
GTF2H5,,,,,,,,,,,,
TULP4,,,,,,,,,,,,
TMEM181,,,,,,,,,,,,
DYNLT1,,,,,,,,,,,,
SYTL3,-0.26638799873645475,-0.1513266742108092,-0.20885733647363197,-0.9821719648944804,-0.48458302712719387,-0.7333774960108371,-0.1846599493755735,-0.08522131359684383,-0.13494063148620866,-0.29981940966621795,-0.16195004037445926,-0.2308847250203386
EZR,,,,,,,,,,,,
RSPH3,,,,,,,,,,,,
SOD2,,,,-0.9903872591617078,-0.4638091675045524,-0.7270982133331301,,,,,,
WTAP,-0.9130603046079886,-0.39147857813600856,-0.6522694413719986,,,,-0.7930747996001931,-0.21767657369089113,-0.5053756866455421,-0.9153754528881091,-0.13350818970547146,-0.5244418212967903
ACAT2,0.14937289181956304,0.41783755670721745,0.28360522426339024,,,,,,,,,
TCP1,,,,,,,,,,,,
MRPL18,,,,,,,,,,,,
IGF2R,,,,,,,,,,,,
MAP3K4,,,,,,,,,,,,
AGPAT4,,,,,,,,,,,,
PRKN,,,,,,,,,,,,
QKI,,,,,,,,,,,,
PDE10A,,,,,,,,,,,,
SFT2D1,,,,,,,,,,,,
MPC1,,,,,,,,,,,,
RPS6KA2,-0.26801478629721504,-0.0327700725907183,-0.15039242944396666,,,,,,,,,
RNASET2,,,,,,,,,,,,
CEP43,,,,,,,,,,,,
AFDN,0.11471593871647186,0.3660959278980696,0.24040593330727072,,,,,,,,,
WDR27,,,,,,,,,,,,
C6orf120,,,,,,,,,,,,
PHF10,,,,,,,,,,,,
ERMARD,,,,,,,,,,,,
FAM120B,,,,,,,,,,,,
PSMB1,,,,,,,,,,,,
TBP,,,,,,,,,,,,
PDCD2,,,,,,,,,,,,
PRKAR1B,,,,,,,,,,,,
DNAAF5,,,,,,,,,,,,
SUN1,,,,,,,,,,,,
COX19,,,,,,,,,,,,
C7orf50,,,,,,,,,,,,
ZFAND2A,,,,,,,,,,,,
INTS1,,,,,,,,,,,,
PSMG3,,,,,,,,,,,,
MAD1L1,,,,,,,,,,,,
MRM2,,,,,,,,,,,,
NUDT1,,,,,,,,,,,,
SNX8,,,,,,,,,,,,
EIF3B,,,,,,,,,,,,
CHST12,-0.16838485198355513,-0.017982494612095022,-0.09318367329782508,-0.9816921188261909,-0.42259651185197666,-0.7021443153390838,,,,,,
BRAT1,,,,,,,,,,,,
IQCE,,,,,,,,,,,,
TTYH3,,,,,,,,,,,,
GNA12,,,,,,,,,,,,
SDK1,-0.4126226635811938,-0.21756463945741075,-0.3150936515193023,,,,-0.36952084134446744,-0.07876102448058898,-0.2241409329125282,,,
FOXK1,,,,,,,,,,,,
AP5Z1,,,,,,,,,,,,
RADIL,,,,,,,,,,,,
RBAK,,,,,,,,,,,,
WIPI2,,,,,,,,,,,,
SLC29A4,,,,,,,,,,,,
TNRC18,,,,,,,,,,,,
FBXL18,,,,-0.9909246835499288,-0.35966232071571813,-0.6752935021328235,,,,,,
ACTB,,,,,,,-0.5834647781865715,-0.12377828829100075,-0.35362153323878615,,,
FSCN1,,,,,,,,,,,,
RNF216,,,,-0.9865354354105348,-0.47171044979585075,-0.7291229426031928,,,,,,
CCZ1,,,,,,,,,,,,
PMS2,,,,,,,,,,,,
AIMP2,0.07490211019395573,0.320997005988372,0.19794955809116388,,,,,,,,,
EIF2AK1,,,,,,,,,,,,
USP42,,,,,,,,,,,,
CYTH3,,,,-0.9880436853949435,-0.2970190607275958,-0.6425313730612696,,,,,,
RAC1,0.11891595594760933,0.4604329118161603,0.2896744338818848,,,,,,,,,
DAGLB,,,,,,,,,,,,
KDELR2,0.12640406418893402,0.377323364346022,0.251863714267478,,,,,,,,,
ZDHHC4,,,,,,,,,,,,
INTS15,,,,,,,,,,,,
ZNF316,,,,-0.9835206419396073,-0.3598039774319975,-0.6716623096858024,,,,,,
ZNF12,,,,,,,,,,,,
CCZ1B,,,,,,,,,,,,
C1GALT1,,,,,,,,,,,,
MIOS,,,,,,,,,,,,
RPA3,,,,,,,,,,,,
UMAD1,,,,,,,,,,,,
GLCCI1,,,,,,,,,,,,
NXPH1,-0.24749497184632216,-0.14940603774296432,-0.19845050479464324,-0.9785095327921486,-0.4055264299860218,-0.6920179813890852,-0.19719871304065278,-0.10381025213696353,-0.15050448258880816,-0.3801808908106232,-0.19910746637650037,-0.2896441785935618
NDUFA4,0.09728805056159226,0.3234382860262373,0.21036316829391477,,,,,,,,,
PHF14,,,,,,,,,,,,
TMEM106B,,,,,,,,,,,,
VWDE,,,,,,,,,,,,
ARL4A,,,,,,,,,,,,
DGKB,-0.2575144885541861,-0.1747160630844737,-0.21611527581932993,-0.981675078115251,-0.48457806260416686,-0.733126570359709,-0.17644703536476228,-0.05992368143659278,-0.11818535840067754,-0.3526796731694359,-0.22213134328312562,-0.28740550822628075
CRPPA,,,,,,,,,,,,
ANKMY2,,,,,,,,,,,,
BZW2,,,,,,,,,,,,
TSPAN13,0.08909825639432252,0.3362487450287145,0.2126735007115185,,,,,,,,,
AHR,,,,-0.9851065489994457,-0.3219903983283423,-0.653548473663894,,,,,,
SNX13,,,,,,,,,,,,
HDAC9,-0.2402610292725795,-0.10270908074635378,-0.17148505500946665,-0.9879525253855133,-0.43136553472102895,-0.7096590300532711,,,,,,
TWIST1,,,,,,,,,,,,
POLR1F,,,,,,,,,,,,
SP4,,,,,,,,,,,,
DNAH11,-0.3690094455446486,-0.15002009673016983,-0.25951477113740923,,,,-0.47833112448446635,-0.08864116573166435,-0.28348614510806536,,,
CDCA7L,,,,,,,,,,,,
RAPGEF5,,,,,,,,,,,,
STEAP1B,-0.24954448491756873,-0.12190484917523738,-0.18572466704640306,-0.9871511566564766,-0.4318113408617327,-0.7094812487591047,-0.20555747396649388,-0.05183609347423001,-0.12869678372036195,-0.3629956025822381,-0.15107381725145796,-0.25703470991684807
TOMM7,,,,,,,,,,,,
HYCC1,,,,-0.9831422509160884,-0.2874031413960768,-0.6352726961560826,,,,,,
KLHL7,,,,,,,,,,,,
NUP42,,,,,,,,,,,,
MALSU1,,,,,,,,,,,,
IGF2BP3,,,,,,,,,,,,
TRA2A,-0.9545532082413215,-0.36109835800571377,-0.6578257831235177,,,,-0.7592413468231058,-0.17655733791603465,-0.46789934236957026,-0.9628525334104437,-0.2792895738060883,-0.621071053608266
CCDC126,,,,,,,,,,,,
PALS2,,,,,,,,,,,,
OSBPL3,-0.5036372047377354,-0.22143390344683503,-0.3625355540922852,,,,-0.5574403071389786,-0.15393807775504964,-0.35568919244701414,-0.6120555286193341,-0.1397806094966129,-0.3759180690579735
CYCS,,,,,,,,,,,,
C7orf31,,,,,,,,,,,,
NFE2L3,,,,,,,,,,,,
HNRNPA2B1,,,,,,,,,,,,
CBX3,,,,,,,,,,,,
SNX10,,,,,,,,,,,,
SKAP2,,,,,,,,,,,,
HOXA3,,,,,,,,,,,,
HOXA5,,,,,,,,,,,,
HOXA7,,,,,,,,,,,,
HOXA9,,,,,,,,,,,,
HOXA10,,,,,,,,,,,,
HOXA11,,,,,,,,,,,,
HOXA13,,,,,,,,,,,,
HIBADH,,,,,,,,,,,,
TAX1BP1,0.1498799315105034,0.3520085220180091,0.25094422676425626,,,,,,,,,
JAZF1,,,,,,,,,,,,
CREB5,-0.2607018030939091,-0.05091023434286536,-0.15580601871838723,,,,-0.29826485135096575,-0.03918753102579339,-0.16872619118837956,,,
CPVL,,,,,,,,,,,,
CHN2,-0.20953550173516736,-0.03314965138069572,-0.12134257655793154,,,,,,,,,
WIPF3,,,,,,,,,,,,
SCRN1,,,,,,,,,,,,
FKBP14,,,,,,,,,,,,
PLEKHA8,,,,,,,,,,,,
MTURN,,,,,,,,,,,,
ZNRF2,,,,,,,,,,,,
NOD1,,,,,,,,,,,,
GGCT,,,,,,,,,,,,
GARS1,,,,,,,,,,,,
MINDY4,,,,,,,,,,,,
LSM5,,,,,,,,,,,,
AVL9,,,,,,,,,,,,
KBTBD2,,,,,,,,,,,,
FKBP9,,,,,,,,,,,,
NT5C3A,,,,,,,,,,,,
RP9,,,,,,,,,,,,
BBS9,,,,,,,,,,,,
BMPER,,,,-0.9906968657909584,-0.395107951259235,-0.6929024085250967,,,,,,
DPY19L1,,,,,,,,,,,,
TBX20,,,,,,,,,,,,
HERPUD2,,,,,,,,,,,,
SEPTIN7,,,,,,,,,,,,
EEPD1,,,,,,,,,,,,
MATCAP2,,,,,,,,,,,,
ANLN,,,,,,,,,,,,
ELMO1,-0.22506831827989585,-0.0457126300537248,-0.13539047416681033,-0.9910870176757605,-0.43019487579531457,-0.7106409467355375,,,,,,
STARD3NL,,,,,,,,,,,,
AMPH,,,,,,,,,,,,
VPS41,,,,,,,,,,,,
POU6F2,-0.25182604136650677,-0.05586329109244741,-0.1538446662294771,,,,,,,,,
YAE1,,,,,,,,,,,,
RALA,,,,,,,,,,,,
CDK13,,,,,,,,,,,,
MPLKIP,,,,,,,,,,,,
SUGCT,-0.33713487064771924,-0.11983516004919847,-0.22848501534845886,,,,-0.42154286883122294,-0.14484179993555582,-0.28319233438338937,,,
GLI3,,,,,,,,,,,,
C7orf25,,,,,,,,,,,,
PSMA2,,,,,,,,,,,,
MRPL32,0.08266642157797133,0.3073237536327688,0.19499508760537007,,,,,,,,,
STK17A,,,,,,,,,,,,
COA1,,,,,,,,,,,,
BLVRA,0.11426624840306328,0.42084811948747614,0.2675571839452697,,,,,,,,,
MRPS24,,,,,,,,,,,,
URGCP,,,,,,,,,,,,
UBE2D4,,,,,,,,,,,,
DBNL,,,,-0.99452981968829,-0.5342560510609187,-0.7643929353746044,,,,,,
POLM,,,,,,,,,,,,
POLD2,,,,,,,,,,,,
YKT6,,,,,,,,,,,,
NUDCD3,,,,,,,,,,,,
DDX56,,,,,,,,,,,,
TMED4,-0.5663889145370555,-0.06997138867405754,-0.3181801516055565,,,,-0.7935192559023673,-0.13996751220154816,-0.4667433840519577,,,
OGDH,,,,,,,,,,,,
ZMIZ2,,,,,,,,,,,,
PPIA,0.16805245679953593,0.33557539414517423,0.2518139254723551,,,,,,,,,
PURB,,,,,,,,,,,,
CCM2,,,,,,,,,,,,
TBRG4,,,,,,,,,,,,
ADCY1,,,,,,,,,,,,
TNS3,,,,-0.9946647124164282,-0.6152376874206681,-0.8049511999185481,,,,,,
HUS1,,,,,,,,,,,,
UPP1,,,,,,,,,,,,
FIGNL1,,,,,,,,,,,,
GRB10,,,,,,,,,,,,
COBL,,,,,,,,,,,,
SEC61G,,,,,,,,,,,,
EGFR,-0.1986998937573681,-0.031299523334615977,-0.11499970854599204,,,,,,,,,
LANCL2,,,,,,,,,,,,
VOPP1,,,,,,,,,,,,
ZNF713,-0.31180388466198766,-0.09141923875778304,-0.20161156170988537,-0.9870615779878019,-0.4316556930164678,-0.7093586355021348,,,,,,
NIPSNAP2,,,,,,,,,,,,
MRPS17,,,,,,,,,,,,
PSPH,,,,,,,,,,,,
CCT6A,,,,,,,,,,,,
SUMF2,,,,,,,,,,,,
PHKG1,-0.5052576486869599,-0.23380724890967675,-0.3695324487983183,,,,-0.48244263216100236,-0.1515980241052507,-0.3170203281331265,-0.5706112155143693,-0.15963096953597508,-0.3651210925251722
CHCHD2,,,,,,,,,,,,
ZNF736,,,,,,,,,,,,
ZNF680,,,,,,,,,,,,
ZNF107,,,,,,,,,,,,
ZNF138,,,,,,,,,,,,
ZNF273,,,,,,,,,,,,
ZNF92,,,,,,,,,,,,
VKORC1L1,,,,,,,,,,,,
GUSB,,,,,,,,,,,,
ASL,,,,,,,,,,,,
CRCP,,,,,,,,,,,,
TPST1,,,,,,,,,,,,
RABGEF1,,,,,,,,,,,,
TMEM248,,,,,,,,,,,,
SBDS,,,,,,,,,,,,
TYW1,,,,,,,,,,,,
AUTS2,-0.38307316459038676,-0.10540379400095372,-0.24423847929567025,,,,-0.4633351429963589,-0.15286691610889572,-0.3081010295526273,,,
CALN1,-0.2306128623796137,-0.1294220348121259,-0.18001744859586982,-0.9699093916089414,-0.42031725169372286,-0.6951133216513321,-0.2775281648358915,-0.13131124311206274,-0.20441970397397713,-0.35387601268451646,-0.16269039897341947,-0.25828320582896797
TYW1B,,,,-0.9751360775708655,-0.20714298484815089,-0.5911395312095082,,,,,,
POM121,,,,,,,,,,,,
NSUN5,,,,,,,,,,,,
BAZ1B,,,,,,,,,,,,
BCL7B,,,,,,,,,,,,
TBL2,,,,,,,,,,,,
MLXIPL,,,,,,,,,,,,
DNAJC30,,,,,,,,,,,,
BUD23,,,,,,,,,,,,
ABHD11,,,,,,,,,,,,
LIMK1,,,,,,,,,,,,
EIF4H,,,,,,,,,,,,
RFC2,,,,,,,,,,,,
CLIP2,,,,,,,,,,,,
GTF2IRD1,,,,,,,,,,,,
GTF2I,,,,,,,,,,,,
CASTOR2,,,,,,,,,,,,
RCC1L,,,,,,,,,,,,
POM121C,,,,,,,,,,,,
HIP1,,,,,,,,,,,,
RHBDD2,,,,,,,,,,,,
POR,,,,,,,,,,,,
TMEM120A,,,,,,,,,,,,
STYXL1,,,,,,,,,,,,
MDH2,,,,,,,,,,,,
HSPB1,,,,,,,,,,,,
YWHAG,,,,,,,,,,,,
POMZP3,,,,,,,,,,,,
PTPN12,,,,,,,,,,,,
RSBN1L,,,,,,,,,,,,
TMEM60,,,,,,,,,,,,
PHTF2,,,,,,,,,,,,
MAGI2,-0.3245777546206433,-0.13541369900826167,-0.2299957268144525,,,,-0.30207492043370693,-0.05741835062201887,-0.1797466355278629,,,
GNAI1,,,,,,,,,,,,
SEMA3C,,,,,,,,,,,,
CACNA2D1,-0.2848461841308852,-0.05948842664025821,-0.1721673053855717,,,,,,,,,
PCLO,,,,,,,,,,,,
SEMA3E,-0.29783247820729936,-0.1698350234561823,-0.23383375083174082,-0.9644815543261112,-0.3956104307463782,-0.6800459925362446,-0.25146498158872044,-0.09304205113354168,-0.17225351636113106,-0.4368146877135793,-0.20946912978558938,-0.3231419087495843
SEMA3A,,,,,,,,,,,,
SEMA3D,,,,,,,,,,,,
ELAPOR2,,,,,,,,,,,,
DMTF1,,,,,,,,,,,,
TMEM243,,,,,,,,,,,,
CROT,,,,,,,,,,,,
ABCB1,-0.28091110276442494,-0.14162437012717824,-0.2112677364458016,-0.9741478740006487,-0.4122351520983918,-0.6931915130495203,-0.26258716420077033,-0.06104043999211029,-0.1618138020964403,-0.40565444007103446,-0.17279323938434502,-0.2892238397276897
RUNDC3B,,,,,,,,,,,,
SLC25A40,,,,,,,,,,,,
DBF4,,,,,,,,,,,,
ADAM22,,,,,,,,,,,,
SRI,,,,,,,,,,,,
STEAP1,,,,,,,,,,,,
STEAP2,,,,,,,,,,,,
GTPBP10,,,,,,,,,,,,
CLDN12,,,,,,,,,,,,
CDK14,,,,,,,,,,,,
MTERF1,-0.2663577720796367,-0.025728205727671243,-0.14604298890365397,,,,,,,,,
AKAP9,,,,,,,,,,,,
CYP51A1,,,,,,,,,,,,
KRIT1,,,,,,,,,,,,
ANKIB1,,,,,,,,,,,,
GATAD1,,,,,,,,,,,,
PEX1,,,,,,,,,,,,
RBM48,,,,,,,,,,,,
FAM133B,,,,,,,,,,,,
CDK6,,,,-0.9732546038572639,-0.1776459547156042,-0.5754502792864341,,,,,,
VPS50,,,,,,,,,,,,
GNGT1,,,,,,,,,,,,
GNG11,,,,,,,,,,,,
BET1,,,,,,,,,,,,
CASD1,,,,,,,,,,,,
SGCE,,,,,,,,,,,,
PPP1R9A,,,,,,,,,,,,
PON2,,,,,,,,,,,,
DYNC1I1,,,,,,,,,,,,
SLC25A13,,,,,,,,,,,,
SEM1,,,,,,,,,,,,
SDHAF3,,,,,,,,,,,,
LMTK2,,,,,,,,,,,,
TECPR1,,,,,,,,,,,,
BRI3,,,,,,,,,,,,
BAIAP2L1,,,,,,,,,,,,
TRRAP,,,,,,,,,,,,
SMURF1,,,,,,,,,,,,
ARPC1A,,,,,,,,,,,,
ARPC1B,0.09166073564126656,0.35885872507207617,0.22525973035667135,,,,,,,,,
PDAP1,,,,,,,,,,,,
BUD31,0.07702548590843247,0.39989142251034976,0.2384584542093911,,,,,,,,,
PTCD1,,,,,,,,,,,,
CPSF4,,,,,,,,,,,,
ATP5MF,,,,,,,,,,,,
ZNF789,,,,,,,,,,,,
ZNF394,,,,,,,,,,,,
ZKSCAN5,,,,,,,,,,,,
FAM200A,,,,,,,,,,,,
ZNF655,,,,,,,,,,,,
ZSCAN25,,,,,,,,,,,,
TRIM4,,,,,,,,,,,,
ZKSCAN1,,,,,,,,,,,,
ZSCAN21,,,,,,,,,,,,
ZNF3,,,,,,,,,,,,
COPS6,0.12161652121023223,0.46262893037060004,0.29212272579041615,,,,,,,,,
MCM7,,,,,,,,,,,,
AP4M1,,,,,,,,,,,,
TAF6,,,,,,,,,,,,
LAMTOR4,,,,,,,,,,,,
PILRB,,,,,,,,,,,,
ZCWPW1,,,,-0.9837628541295911,-0.35860007252149567,-0.6711814633255434,,,,,,
MEPCE,,,,,,,,,,,,
PPP1R35,,,,,,,,,,,,
TSC22D4,,,,,,,,,,,,
AGFG2,,,,,,,,,,,,
GNB2,0.14329989561296708,0.40260254034293314,0.2729512179779501,,,,,,,,,
GIGYF1,-0.48339577892274377,-0.08381013559338721,-0.2836029572580655,,,,,,,,,
POP7,,,,,,,,,,,,
ZAN,-0.19524288714374047,-0.08477457214492964,-0.14000872964433506,-0.9737076360586577,-0.2813977842281654,-0.6275527101434115,,,,-0.2659256956014181,-0.11640135416048517,-0.19116352488095162
EPHB4,,,,,,,,,,,,
SLC12A9,,,,,,,,,,,,
TRIP6,,,,,,,,,,,,
SRRT,,,,,,,,,,,,
UFSP1,,,,,,,,,,,,
AP1S1,,,,,,,,,,,,
PLOD3,,,,,,,,,,,,
ZNHIT1,,,,,,,,,,,,
FIS1,,,,,,,,,,,,
IFT22,,,,,,,,,,,,
COL26A1,,,,-0.9888257260861055,-0.22140456364215694,-0.6051151448641312,,,,,,
CUX1,,,,,,,-0.4103742110876358,-0.05824304455279808,-0.23430862782021694,,,
PRKRIP1,,,,,,,,,,,,
ORAI2,,,,,,,,,,,,
ALKBH4,,,,,,,,,,,,
LRWD1,,,,,,,,,,,,
POLR2J,,,,,,,,,,,,
POLR2J3,,,,,,,,,,,,
UPK3BL1,,,,,,,,,,,,
FAM185A,,,,,,,,,,,,
FBXL13,-0.32043330975808676,-0.13168026390428472,-0.22605678683118574,-0.9818190023018724,-0.25654834072112825,-0.6191836715115003,-0.45500500821876755,-0.08507609586514714,-0.2700405520419573,,,
ARMC10,,,,,,,,,,,,
NAPEPLD,,,,,,,,,,,,
PMPCB,0.12621688918586588,0.368166250077622,0.24719156963174393,,,,,,,,,
DNAJC2,,,,,,,,,,,,
PSMC2,0.16917080683175134,0.46971188131096303,0.31944134407135716,,,,,,,,,
RELN,-0.22884697378142896,-0.12292456054576553,-0.17588576716359725,-0.9852308979285161,-0.4573298783512205,-0.7212803881398684,-0.18562608512369846,-0.03428956114497274,-0.10995782313433561,-0.2871842200903487,-0.14913123178353185,-0.21815772593694027
ORC5,,,,,,,,,,,,
KMT2E,,,,,,,,,,,,
SRPK2,,,,,,,,,,,,
PUS7,,,,,,,,,,,,
RINT1,,,,,,,,,,,,
EFCAB10,,,,,,,,,,,,
ATXN7L1,-0.3429380954039886,-0.06357971798029184,-0.20325890669214022,,,,,,,,,
CDHR3,,,,,,,,,,,,
SYPL1,,,,,,,,,,,,
NAMPT,,,,,,,,,,,,
CCDC71L,,,,,,,,,,,,
PRKAR2B,,,,,,,,,,,,
HBP1,,,,,,,,,,,,
COG5,-0.3760322592491375,-0.10718820743616671,-0.2416102333426521,-0.9863860206843195,-0.38025001136139835,-0.6833180160228589,,,,,,
DUS4L,,,,,,,,,,,,
BCAP29,,,,,,,,,,,,
CBLL1,,,,,,,,,,,,
SLC26A3,-0.28495780584870567,-0.1600364793663667,-0.22249714260753617,-0.9724726288872672,-0.4747338280622676,-0.7236032284747673,-0.2538194319862187,-0.09608519676016611,-0.17495231437319242,-0.3380604807304022,-0.15151223423052157,-0.24478635748046187
DLD,,,,,,,,,,,,
LAMB1,,,,,,,,,,,,
NRCAM,,,,,,,,,,,,
PNPLA8,-0.18174351287206844,-0.07148160653978773,-0.12661255970592808,-0.8274514662348236,-0.14070396024025367,-0.4840777132375386,-0.11409359702806103,0.02490041076984827,-0.04459659312910638,-0.3016716297891884,-0.13680228363986086,-0.21923695671452462
THAP5,,,,,,,,,,,,
IMMP2L,-0.5683201126633788,-0.28891508928712917,-0.428617600975254,,,,-0.42987609619302153,-0.15427103127194164,-0.2920735637324816,-0.5468047123451594,-0.17129432793035904,-0.3590495201377592
DOCK4,,,,,,,,,,,,
ZNF277,,,,,,,,,,,,
IFRD1,,,,,,,,,,,,
TMEM168,,,,,,,,,,,,
BMT2,,,,,,,,,,,,
SMIM30,,,,,,,,,,,,
FOXP2,,,,,,,,,,,,
MDFIC,,,,,,,,,,,,
TES,,,,,,,,,,,,
CAV2,,,,,,,,,,,,
CAV1,0.06408701552901867,0.2941570704049805,0.1791220429669996,,,,,,,,,
MET,,,,,,,,,,,,
CAPZA2,,,,,,,,,,,,
ST7,,,,,,,,,,,,
CTTNBP2,-0.3006398183180153,-0.11644058464254131,-0.2085402014802783,-0.9742644894638925,-0.34870164168793055,-0.6614830655759115,-0.5153191746768266,-0.13514618904181386,-0.32523268185932025,,,
LSM8,,,,,,,,,,,,
ANKRD7,,,,,,,,,,,,
KCND2,-0.2740650289122907,-0.1587652685736318,-0.21641514874296125,-0.9850844232325674,-0.47508659818288057,-0.730085510707724,-0.23976805682349103,-0.07012752147468561,-0.15494778914908833,-0.3229716414527082,-0.10430825065744315,-0.21363994605507566
TSPAN12,,,,,,,,,,,,
ING3,,,,,,,,,,,,
FAM3C,0.09342360177430706,0.28725008374309335,0.19033684275870022,,,,,,,,,
AASS,,,,,,,,,,,,
CADPS2,-0.3877829049103892,-0.12482741732911683,-0.256305161119753,-0.976244841061727,-0.12877274363171878,-0.5525087923467229,-0.3586493136283631,-0.06002932967691204,-0.20933932165263758,,,
NDUFA5,,,,,,,,,,,,
WASL,,,,,,,,,,,,
POT1,,,,,,,,,,,,
ZNF800,,,,,,,,,,,,
ARF5,0.06911803358126117,0.37904044182224955,0.22407923770175536,,,,,,,,,
SND1,,,,,,,,,,,,
RBM28,,,,,,,,,,,,
IMPDH1,,,,,,,,,,,,
HILPDA,,,,,,,,,,,,
METTL2B,,,,,,,,,,,,
CALU,,,,,,,,,,,,
CCDC136,,,,,,,,,,,,
FLNC,,,,,,,,,,,,
ATP6V1F,,,,,,,,,,,,
TNPO3,,,,,,,,,,,,
TSPAN33,,,,,,,,,,,,
SMO,,,,,,,,,,,,
AHCYL2,,,,,,,,,,,,
STRIP2,,,,,,,,,,,,
NRF1,,,,,,,,,,,,
UBE2H,,,,,,,,,,,,
ZC3HC1,,,,,,,,,,,,
KLHDC10,,,,,,,,,,,,
TMEM209,,,,,,,,,,,,
CEP41,,,,,,,,,,,,
COPG2,,,,-0.9818479405030173,-0.2279699962271735,-0.6049089683650954,,,,,,
MKLN1,,,,,,,,,,,,
PODXL,,,,,,,,,,,,
CHCHD3,,,,,,,,,,,,
EXOC4,,,,,,,,,,,,
SLC35B4,,,,,,,,,,,,
AKR1B1,,,,,,,,,,,,
BPGM,0.11192171734981791,0.33521064444644105,0.2235661808981295,,,,,,,,,
CALD1,,,,,,,,,,,,
AGBL3,-0.25675824812812137,-0.08220804811420905,-0.16948314812116522,-0.9910958665573287,-0.4689685561669653,-0.730032211362147,,,,,,
CYREN,,,,,,,,,,,,
WDR91,,,,,,,,,,,,
CNOT4,,,,,,,,,,,,
NUP205,,,,,,,,,,,,
STMP1,,,,,,,,,,,,
MTPN,0.1217946855933888,0.3271517977725744,0.2244732416829816,,,,,,,,,
CREB3L2,,,,,,,,,,,,
TRIM24,,,,,,,,,,,,
KIAA1549,,,,,,,,,,,,
ZC3HAV1L,,,,,,,,,,,,
ZC3HAV1,-0.2666355954502233,-0.130981996589418,-0.19880879601982065,-0.9824628124322553,-0.386045744397301,-0.6842542784147781,-0.39609618974058586,-0.07510397624633067,-0.23560008299345825,-0.3607846642793437,-0.08065682448754666,-0.2207207443834452
TTC26,,,,,,,,,,,,
UBN2,,,,,,,,,,,,
FMC1,,,,,,,,,,,,
LUC7L2,,,,,,,,,,,,
KLRG2,,,,,,,,,,,,
HIPK2,,,,,,,,,,,,
TBXAS1,,,,-0.99302485851709,-0.4274516448505307,-0.7102382516838104,,,,,,
KDM7A,,,,,,,,,,,,
SLC37A3,,,,,,,,,,,,
MKRN1,,,,,,,,,,,,
DENND2A,,,,,,,,,,,,
ADCK2,-0.27803221134180434,-0.04195725378629071,-0.15999473256404753,,,,,,,,,
NDUFB2,,,,,,,,,,,,
BRAF,,,,,,,,,,,,
MRPS33,,,,,,,,,,,,
TMEM178B,,,,,,,,,,,,
AGK,,,,,,,,,,,,
DENND11,,,,,,,,,,,,
SSBP1,,,,,,,,,,,,
GSTK1,,,,,,,,,,,,
CASP2,-0.3910186212903368,-0.1230542666424485,-0.2570364439663927,,,,,,,,,
ZYX,,,,,,,,,,,,
TCAF1,,,,,,,,,,,,
TPK1,-0.3383732472333903,-0.15564008862689158,-0.24700666793014092,-0.9874945804951111,-0.4037528058668966,-0.6956236931810038,-0.3581937285970664,-0.08234500037067789,-0.22026936448387213,-0.46377036130304283,-0.14563547075380703,-0.3047029160284249
CNTNAP2,-0.22228300440458235,-0.06404589415964863,-0.1431644492821155,-0.9725951203100855,-0.2793330578334479,-0.6259640890717667,,,,,,
CUL1,,,,,,,,,,,,
EZH2,-0.4146177795279195,-0.09805295078651206,-0.2563353651572158,,,,,,,,,
PDIA4,,,,,,,,,,,,
ZNF786,,,,,,,,,,,,
ZNF425,,,,-0.9831841229748702,-0.2455966498026719,-0.6143903863887711,,,,,,
ZNF398,,,,,,,,,,,,
ZNF282,,,,,,,,,,,,
ZNF212,,,,,,,,,,,,
ZNF783,,,,,,,,,,,,
ZNF777,,,,-0.9850772956905961,-0.2154865265819745,-0.6002819111362853,,,,,,
ZNF746,,,,,,,,,,,,
KRBA1,,,,,,,,,,,,
ZNF862,-0.2321935715765526,-0.13062208836292866,-0.18140782996974064,-0.9917214548749226,-0.5043411000141378,-0.7480312774445301,-0.18988780181182938,-0.04614524576876338,-0.11801652379029638,-0.34288076363820685,-0.15164692643664732,-0.2472638450374271
ATP6V0E2,,,,,,,,,,,,
LRRC61,,,,,,,,,,,,
REPIN1,,,,,,,,,,,,
ZNF775,,,,,,,,,,,,
ABCB8,,,,,,,,,,,,
CDK5,0.11790676683722862,0.3828456629475638,0.2503762148923962,,,,,,,,,
SLC4A2,,,,,,,,,,,,
FASTK,0.07044903448368292,0.37364412081194676,0.22204657764781482,,,,,,,,,
TMUB1,,,,,,,,,,,,
AGAP3,,,,,,,,,,,,
ABCF2,,,,,,,,,,,,
CHPF2,,,,,,,,,,,,
SMARCD3,,,,,,,,,,,,
NUB1,,,,,,,,,,,,
RHEB,,,,,,,,,,,,
PRKAG2,,,,,,,,,,,,
GALNT11,,,,,,,,,,,,
KMT2C,,,,,,,,,,,,
XRCC2,,,,,,,,,,,,
ACTR3B,-0.40865304016769194,-0.11608780679852194,-0.26237042348310696,,,,,,,,,
PAXIP1,,,,,,,,,,,,
INSIG1,,,,,,,,,,,,
EN2,,,,,,,,,,,,
RBM33,,,,,,,,,,,,
RNF32,-0.216242072736111,-0.046859566606423375,-0.1315508196712672,,,,,,,,,
LMBR1,,,,,,,,,,,,
NOM1,,,,,,,,,,,,
MNX1,,,,,,,,,,,,
UBE3C,,,,,,,,,,,,
DNAJB6,,,,,,,,,,,,
NCAPG2,,,,,,,,,,,,
ESYT2,,,,,,,,,,,,
DYNC2I1,,,,,,,,,,,,
FBXO25,,,,,,,,,,,,
ERICH1,,,,,,,,,,,,
CLN8,,,,,,,,,,,,
ARHGEF10,-0.30261459462853163,-0.062430046403146505,-0.18252232051583905,,,,,,,,,
CSMD1,-0.24135982852144366,-0.15039176099218238,-0.19587579475681302,-0.9868747793640451,-0.5588291524803001,-0.7728519659221726,-0.23686840833804512,-0.08715745420072339,-0.16201293126938426,-0.35194296537772224,-0.17400196196183687,-0.26297246366977955
MCPH1,,,,-0.9844011039058147,-0.3492533076081618,-0.6668272057569883,,,,,,
ANGPT2,-0.2652465282831495,-0.05606960956411844,-0.16065806892363396,,,,-0.3705043059264387,-0.08755548955963781,-0.22902989774303825,,,
AGPAT5,,,,,,,,,,,,
MFHAS1,-0.34841586044117034,-0.08890732393896511,-0.21866159219006773,-0.9821247369477172,-0.29989672090574726,-0.6410107289267322,,,,,,
ERI1,,,,,,,,,,,,
TNKS,,,,,,,,,,,,
MSRA,,,,,,,,,,,,
PINX1,,,,-0.9922975566026847,-0.43962983010862194,-0.7159636933556534,,,,,,
XKR6,,,,,,,,,,,,
MTMR9,,,,,,,,,,,,
GATA4,,,,,,,,,,,,
NEIL2,,,,,,,,,,,,
FDFT1,,,,,,,,,,,,
CTSB,,,,,,,,,,,,
LONRF1,,,,,,,,,,,,
DLC1,,,,,,,,,,,,
SGCZ,-0.17716792266913756,-0.05691407532425031,-0.11704099899669393,-0.9561395967405171,-0.3816223294927798,-0.6688809631166485,,,,,,
TUSC3,,,,,,,,,,,,
MICU3,,,,,,,,,,,,
ZDHHC2,,,,,,,,,,,,
CNOT7,,,,,,,,,,,,
VPS37A,,,,,,,,,,,,
SLC7A2,,,,-0.9888421068539672,-0.40028285766015465,-0.694562482257061,,,,,,
MTUS1,,,,,,,,,,,,
PCM1,,,,,,,,,,,,
ASAH1,0.1007050934840815,0.3453237034765579,0.2230143984803197,,,,,,,,,
PSD3,,,,,,,-0.29279990956692326,-0.02968412562677528,-0.16124201759684928,,,
SH2D4A,,,,,,,,,,,,
INTS10,,,,,,,,,,,,
ATP6V1B2,,,,,,,,,,,,
XPO7,,,,,,,,,,,,
REEP4,0.16528777653317014,0.3900413665185937,0.2776645715258819,,,,,,,,,
POLR3D,,,,,,,,,,,,
SLC39A14,,,,,,,,,,,,
PPP3CC,,,,,,,,,,,,
SORBS3,,,,,,,,,,,,
PDLIM2,,,,,,,,,,,,
CCAR2,,,,,,,,,,,,
BIN3,,,,,,,,,,,,
TNFRSF10B,,,,,,,,,,,,
CHMP7,,,,,,,,,,,,
R3HCC1,,,,,,,,,,,,
ENTPD4,,,,,,,,,,,,
SLC25A37,-0.2522329206014201,-0.14062944123164683,-0.19643118091653347,-0.9740341052617146,-0.3932549238133648,-0.6836445145375397,-0.3078714003688686,-0.08394693315282048,-0.19590916676084455,-0.4008603012011421,-0.17414981169576152,-0.2875050564484518
NEFM,,,,,,,,,,,,
NEFL,,,,,,,,,,,,
DOCK5,,,,,,,,,,,,
KCTD9,,,,,,,,,,,,
CDCA2,,,,-0.9636745884007463,-0.13278346846116196,-0.5482290284309541,,,,,,
EBF2,,,,,,,,,,,,
PPP2R2A,,,,,,,,,,,,
BNIP3L,0.0777944973698106,0.30078179774859365,0.18928814755920212,,,,,,,,,
PNMA2,,,,,,,,,,,,
DPYSL2,,,,,,,,,,,,
TRIM35,,,,,,,,,,,,
CLU,,,,,,,,,,,,
CCDC25,,,,,,,,,,,,
ESCO2,,,,,,,,,,,,
PBK,,,,,,,,,,,,
ELP3,,,,,,,,,,,,
FBXO16,,,,,,,,,,,,
FZD3,,,,,,,,,,,,
EXTL3,-0.2531947822336611,-0.13071642158027824,-0.19195560190696967,-0.9872278260674918,-0.47014440315162664,-0.7286861146095592,-0.16918968256141634,-0.0637018966594637,-0.11644578961044003,-0.4580188458745111,-0.1530569987628488,-0.30553792231867993
INTS9,,,,-0.9937381936432162,-0.5475728191582949,-0.7706555064007556,,,,,,
HMBOX1,,,,,,,,,,,,
KIF13B,,,,,,,,,,,,
SARAF,,,,,,,,,,,,
LEPROTL1,,,,,,,,,,,,
DCTN6,,,,,,,,,,,,
RBPMS,,,,,,,,,,,,
GTF2E2,,,,,,,,,,,,
GSR,,,,,,,,,,,,
UBXN8,,,,,,,,,,,,
PPP2CB,,,,,,,,,,,,
TEX15,,,,-0.9925533538317074,-0.5047645787115095,-0.7486589662716084,,,,,,
WRN,,,,,,,,,,,,
NRG1,-0.18489365742949823,-0.06272205543907713,-0.12380785643428768,-0.9909755479159377,-0.47836555977161843,-0.7346705538437781,,,,,,
FUT10,,,,,,,,,,,,
TTI2,,,,,,,,,,,,
MAK16,,,,,,,,,,,,
ZNF703,,,,,,,,,,,,
ERLIN2,,,,,,,,,,,,
PLPBP,,,,,,,,,,,,
ADGRA2,,,,,,,,,,,,
RAB11FIP1,,,,,,,,,,,,
EIF4EBP1,,,,,,,,,,,,
ASH2L,,,,,,,,,,,,
LSM1,,,,,,,,,,,,
BAG4,,,,,,,,,,,,
DDHD2,,,,,,,,,,,,
PLPP5,,,,,,,,,,,,
NSD3,,,,,,,,,,,,
FGFR1,,,,,,,,,,,,
TACC1,,,,,,,,,,,,
TM2D2,0.13756307265524817,0.39812962607704344,0.2678463493661458,,,,,,,,,
ADAM9,,,,,,,,,,,,
SFRP1,,,,,,,,,,,,
GOLGA7,,,,,,,,,,,,
GINS4,,,,,,,,,,,,
GPAT4,,,,,,,,,,,,
KAT6A,,,,,,,,,,,,
AP3M2,,,,,,,,,,,,
PLAT,,,,,,,,,,,,
IKBKB,-0.18636558351183105,-0.025893116542671103,-0.10612935002725107,-0.9447186287441001,-0.2570422610222588,-0.6008804448831795,,,,,,
POLB,,,,,,,,,,,,
VDAC3,0.0953232814357978,0.3837356096869139,0.23952944556135586,,,,,,,,,
SLC20A2,,,,,,,,,,,,
SMIM19,,,,,,,,,,,,
THAP1,,,,,,,,,,,,
RNF170,,,,,,,,,,,,
HOOK3,,,,-0.9848489367038493,-0.4029991665623256,-0.6939240516330875,,,,,,
FNTA,,,,,,,,,,,,
POMK,,,,,,,,,,,,
HGSNAT,,,,,,,,,,,,
SPIDR,-0.4025050063000118,-0.14092784079873683,-0.2717164235493743,-0.9731904584444497,-0.20310391846748657,-0.5881471884559681,-0.35940399825173636,-0.017995905897237482,-0.18869995207448692,,,
CEBPD,-0.14053605792872317,-0.03762072010535119,-0.08907838901703719,,,,,,,-0.21269591844409047,-0.07323457596042873,-0.14296524720225962
PRKDC,,,,,,,,,,,,
MCM4,-0.6022665295478047,-0.20942121570455516,-0.40584387262617994,,,,,,,,,
UBE2V2,,,,,,,,,,,,
SNAI2,,,,,,,,,,,,
PXDNL,-0.2868427539380557,-0.13891127068941578,-0.21287701231373574,-0.9848049770141614,-0.3857021768038899,-0.6852535769090257,-0.19451080857729497,-0.07464699311723717,-0.13457890084726606,-0.36195108673997584,-0.17612094763191438,-0.2690360171859451
PCMTD1,,,,,,,,,,,,
RB1CC1,,,,,,,,,,,,
ATP6V1H,,,,,,,,,,,,
RGS20,,,,,,,,,,,,
TCEA1,,,,,,,,,,,,
LYPLA1,,,,,,,,,,,,
MRPL15,,,,,,,,,,,,
TMEM68,,,,,,,,,,,,
TGS1,,,,,,,,,,,,
LYN,,,,,,,,,,,,
RPS20,,,,,,,,,,,,
PLAG1,,,,-0.9908914909825615,-0.3514336285651336,-0.6711625597738475,,,,,,
CHCHD7,,,,,,,,,,,,
BPNT2,,,,,,,,,,,,
FAM110B,-0.2551768801827999,-0.06491533764661725,-0.16004610891470855,,,,-0.5092606827554023,-0.13778345207411902,-0.32352206741476064,,,
UBXN2B,,,,,,,,,,,,
SDCBP,,,,,,,,,,,,
NSMAF,,,,,,,,,,,,
TOX,-0.2538031894559021,-0.08388923891822304,-0.16884621418706255,-0.9890490643396275,-0.5942101836445677,-0.7916296239920976,,,,-0.23224056667208873,-0.041524385206201574,-0.13688247593914515
CA8,,,,,,,,,,,,
RAB2A,,,,,,,,,,,,
CHD7,,,,,,,,,,,,
ASPH,,,,,,,,,,,,
NKAIN3,-0.16370067204713873,-0.017832633589151638,-0.09076665281814518,-0.9889423058299872,-0.38893245716078123,-0.6889373814953842,,,,,,
GGH,0.11727142257421934,0.413122718369592,0.26519707047190566,,,,,,,,,
YTHDF3,,,,,,,,,,,,
CYP7B1,-0.2713267606768798,-0.14014113900706707,-0.2057339498419734,-0.9825295809243733,-0.48054149031409726,-0.7315355356192352,-0.236024791547641,-0.11593643187924459,-0.17598061171344279,-0.33247510649848255,-0.18017332592061328,-0.25632421620954793
ARMC1,,,,,,,,,,,,
MTFR1,,,,,,,,,,,,
PDE7A,,,,,,,,,,,,
RRS1,,,,,,,,,,,,
MYBL1,,,,,,,,,,,,
VCPIP1,-0.33857198936296434,-0.09054382538528576,-0.21455790737412506,,,,-0.5010619710195994,-0.16746415794092492,-0.33426306448026216,,,
SGK3,,,,,,,,,,,,
COPS5,,,,,,,,,,,,
CSPP1,,,,,,,,,,,,
ARFGEF1,,,,,,,,,,,,
PREX2,,,,,,,,,,,,
C8orf34,-0.207932318598728,-0.043000649836225584,-0.12546648421747678,-0.990161767343655,-0.5065619176416514,-0.7483618424926533,,,,,,
SLCO5A1,,,,,,,,,,,,
NCOA2,,,,,,,,,,,,
TRAM1,,,,,,,,,,,,
LACTB2,,,,,,,,,,,,
EYA1,-0.26702128584234214,-0.0477186469712974,-0.15736996640681977,-0.9901222469320345,-0.4778780893917156,-0.7340001681618751,,,,,,
KCNB2,-0.19719064336661968,-0.048054499513408,-0.12262257144001384,,,,,,,,,
TERF1,,,,,,,,,,,,
RPL7,0.15386284763192445,0.3232126918378579,0.23853776973489116,,,,,,,,,
RDH10,,,,,,,,,,,,
STAU2,,,,,,,,,,,,
UBE2W,,,,,,,-0.4619087547073591,-0.09386052396058031,-0.2778846393339697,,,
ELOC,,,,,,,,,,,,
TMEM70,,,,,,,,,,,,
JPH1,-0.4113626009185669,-0.16593989785226698,-0.288651249385417,-0.9935445095907053,-0.4604022546819473,-0.7269733821363262,,,,-0.3969961009307685,-0.056714785412283766,-0.22685544317152612
GDAP1,,,,,,,,,,,,
CRISPLD1,,,,,,,,,,,,
HNF4G,,,,,,,,,,,,
ZFHX4,,,,,,,,,,,,
PEX2,,,,,,,,,,,,
PKIA,,,,,,,,,,,,
ZC2HC1A,,,,,,,,,,,,
HEY1,,,,,,,,,,,,
MRPS28,,,,,,,,,,,,
TPD52,,,,,,,,,,,,
ZBTB10,,,,,,,,,,,,
ZNF704,,,,,,,,,,,,
PAG1,,,,,,,,,,,,
FABP5,,,,,,,,,,,,
IMPA1,,,,,,,,,,,,
ZFAND1,,,,,,,,,,,,
LRRCC1,,,,,,,,,,,,
E2F5,,,,,,,,,,,,
RBIS,,,,,,,,,,,,
CA13,,,,,,,,,,,,
CA2,,,,,,,,,,,,
WWP1,,,,,,,,,,,,
RMDN1,,,,,,,,,,,,
CPNE3,,,,,,,,,,,,
MMP16,-0.2613232689141677,-0.07900146005957934,-0.1701623644868735,,,,,,,,,
RIPK2,,,,,,,,,,,,
OSGIN2,,,,,,,,,,,,
NBN,,,,,,,,,,,,
DECR1,,,,,,,,,,,,
TMEM64,,,,,,,,,,,,
NECAB1,-0.534143989802903,-0.21570179547633078,-0.37492289263961687,,,,,,,-0.5564336747576214,-0.18822423333615604,-0.3723289540468887
C8orf88,,,,,,,,,,,,
OTUD6B,,,,,,,,,,,,
LRRC69,-0.29601725181954747,-0.11027294253074797,-0.20314509717514773,-0.9858764509832457,-0.47031906450231287,-0.7280977577427793,,,,-0.3750117579518445,-0.09339008757253885,-0.23420092276219168
RUNX1T1,-0.20697344425041017,-0.04941568121248156,-0.12819456273144586,,,,,,,,,
TRIQK,,,,,,,,,,,,
CIBAR1,,,,,,,,,,,,
RBM12B,,,,,,,,,,,,
TMEM67,,,,,,,,,,,,
RAD54B,,,,,,,,,,,,
VIRMA,,,,,,,,,,,,
ESRP1,-0.2741051992783454,-0.1512894144139275,-0.21269730684613647,-0.9867561300095737,-0.4828746542729477,-0.7348153921412607,-0.20087913059089677,-0.07553690431585211,-0.13820801745337444,-0.34399731834119446,-0.18575371516963118,-0.2648755167554128
DPY19L4,,,,,,,,,,,,
INTS8,,,,,,,,,,,,
CCNE2,-0.3208662897819044,-0.1202687849373565,-0.22056753735963044,,,,,,,,,
NDUFAF6,-0.46209620776165705,-0.04955910263663425,-0.25582765519914563,,,,,,,,,
PLEKHF2,,,,,,,,,,,,
UQCRB,,,,,,,,,,,,
MTERF3,,,,,,,,,,,,
PTDSS1,,,,,,,,,,,,
SDC2,,,,,,,,,,,,
MTDH,,,,,,,,,,,,
LAPTM4B,0.07939489632597521,0.3558963939844794,0.21764564515522733,,,,,,,,,
RPL30,,,,,,,,,,,,
ERICH5,,,,,,,,,,,,
RIDA,,,,,,,,,,,,
POP1,,,,-0.9782233722351418,-0.2583825265906605,-0.6183029494129011,,,,,,
STK3,,,,,,,,,,,,
VPS13B,-0.33519178022506335,-0.08673466939654542,-0.21096322481080437,-0.9860954715564024,-0.24155378698585234,-0.6138246292711274,,,,,,
COX6C,0.1784417260065122,0.407247581278226,0.2928446536423691,,,,0.12916477288814912,0.5012772226651405,0.3152209977766448,,,
POLR2K,,,,,,,,,,,,
SPAG1,,,,,,,,,,,,
RNF19A,,,,,,,,,,,,
ANKRD46,,,,,,,,,,,,
PABPC1,,,,,,,,,,,,
YWHAZ,,,,,,,,,,,,
ZNF706,,,,,,,,,,,,
NCALD,-0.2311894499477037,-0.13352329896836598,-0.18235637445803485,-0.9732318176995316,-0.36068829090005305,-0.6669600542997923,-0.20327659849823193,-0.08175212039708259,-0.14251435944765725,-0.3253224943777852,-0.17618931608670693,-0.25075590523224606
RRM2B,,,,,,,,,,,,
UBR5,,,,,,,,,,,,
AZIN1,,,,,,,,,,,,
ATP6V1C1,,,,,,,,,,,,
FZD6,,,,,,,,,,,,
SLC25A32,,,,,,,,,,,,
DCAF13,,,,,,,,,,,,
RIMS2,,,,-0.9876285125337411,-0.3764371321333069,-0.6820328223335239,,,,,,
LRP12,,,,,,,,,,,,
ZFPM2,-0.33270899279531563,-0.16948228142002636,-0.251095637107671,-0.989481374365159,-0.46780486066044075,-0.7286431175127999,-0.3448360362775957,-0.07488629925493152,-0.2098611677662636,-0.38629027885816986,-0.13335645506378316,-0.2598233669609765
OXR1,,,,,,,,,,,,
EIF3E,,,,,,,,,,,,
EMC2,,,,,,,,,,,,
NUDCD1,,,,,,,,,,,,
ENY2,,,,,,,,,,,,
EBAG9,,,,,,,,,,,,
SYBU,,,,,,,,,,,,
CSMD3,-0.2193963256677245,-0.11375303195393967,-0.16657467881083207,-0.9869474509319824,-0.44263299471632855,-0.7147902228241555,,,,-0.3180294624911577,-0.08460014584635772,-0.20131480416875772
TRPS1,-0.34988145879616933,-0.06734849000746267,-0.208614974401816,,,,,,,,,
EIF3H,,,,,,,,,,,,
UTP23,,,,,,,,,,,,
RAD21,,,,,,,,,,,,
MED30,,,,,,,,,,,,
EXT1,-0.4031038510962455,-0.16668974743139492,-0.2848967992638202,-0.9879553369476971,-0.39753148624914103,-0.692743411598419,,,,-0.5429913658426262,-0.13647832907148416,-0.3397348474570552
SAMD12,-0.26781455957257744,-0.08579363119325568,-0.17680409538291655,,,,,,,-0.29816600454244085,-0.058639528998111305,-0.17840276677027608
TAF2,,,,,,,,,,,,
DSCC1,,,,,,,,,,,,
DEPTOR,,,,-0.9895155422117636,-0.42841090486828304,-0.7089632235400234,,,,,,
MRPL13,,,,,,,,,,,,
MTBP,,,,,,,,,,,,
SNTB1,,,,-0.9893304231595133,-0.5396117695287032,-0.7644710963441081,-0.30072545981702953,-0.04624505161450963,-0.1734852557157696,,,
HAS2,-0.12023463806013435,-0.018895438816761485,-0.06956503843844791,,,,,,,,,
ZHX2,,,,,,,,,,,,
DERL1,,,,,,,,,,,,
TBC1D31,,,,,,,,,,,,
C8orf76,,,,,,,,,,,,
ZHX1,,,,,,,,,,,,
ATAD2,-0.6950821610375285,-0.24907837929668186,-0.4720802701671052,,,,,,,,,
NTAQ1,,,,,,,,,,,,
FBXO32,,,,-0.9671791219595842,-0.21222716418337795,-0.5897031430714811,,,,,,
FAM91A1,,,,,,,,,,,,
TMEM65,,,,,,,,,,,,
TRMT12,,,,,,,,,,,,
RNF139,,,,,,,,,,,,
TATDN1,,,,,,,,,,,,
NDUFB9,0.10634040748440604,0.4143587811158834,0.2603495943001447,,,,,,,,,
MTSS1,,,,-0.9825633210588409,-0.15394563782513734,-0.5682544794419891,,,,,,
SQLE,,,,,,,,,,,,
WASHC5,,,,,,,,,,,,
NSMCE2,-0.37114662066315796,-0.04742291531890638,-0.20928476799103218,,,,,,,,,
TRIB1,,,,-0.9934597799220163,-0.4671188852142491,-0.7302893325681327,,,,,,
LRATD2,,,,,,,,,,,,
MYC,,,,,,,,,,,,
CYRIB,,,,,,,,,,,,
ASAP1,,,,,,,-0.40497543571114863,0.0029794970203150025,-0.2009979693454168,,,
EFR3A,,,,,,,,,,,,
PHF20L1,,,,,,,,,,,,
NDRG1,,,,,,,,,,,,
ST3GAL1,,,,,,,,,,,,
ZFAT,,,,,,,,,,,,
KHDRBS3,,,,,,,,,,,,
TRAPPC9,,,,,,,,,,,,
CHRAC1,,,,,,,,,,,,
AGO2,,,,,,,,,,,,
PTK2,-0.33499053415987673,-0.09790900786533614,-0.21644977101260643,-0.9915403529909447,-0.501239393324454,-0.7463898731576993,-0.3617720468189048,-0.03976250480245883,-0.20076727581068182,,,
SLC45A4,,,,,,,,,,,,
TSNARE1,,,,,,,,,,,,
JRK,,,,,,,,,,,,
THEM6,,,,,,,,,,,,
LY6E,,,,,,,,,,,,
TOP1MT,,,,,,,,,,,,
ZC3H3,,,,,,,,,,,,
NAPRT,,,,-0.9778234879098651,-0.2597019954352816,-0.6187627416725734,,,,,,
EEF1D,0.2109134045544159,0.41187941395728767,0.31139640925585177,,,,,,,,,
TIGD5,,,,,,,,,,,,
PYCR3,,,,,,,,,,,,
GFUS,,,,,,,,,,,,
ZNF623,,,,,,,,,,,,
SCRIB,,,,,,,,,,,,
PUF60,,,,,,,,,,,,
PLEC,,,,,,,,,,,,
GRINA,,,,,,,,,,,,
EXOSC4,,,,,,,,,,,,
GPAA1,0.06597263085985516,0.34214253438463865,0.2040575826222469,,,,0.18695927246366917,0.5523957542558445,0.36967751335975685,,,
CYC1,,,,,,,,,,,,
SHARPIN,,,,,,,,,,,,
MAF1,,,,,,,,,,,,
HGH1,,,,,,,,,,,,
MROH1,,,,,,,,,,,,
BOP1,,,,,,,,,,,,
HSF1,,,,,,,,,,,,
DGAT1,,,,,,,,,,,,
SLC52A2,0.11221457589488214,0.3426663630357751,0.22744046946532862,,,,,,,,,
FBXL6,,,,,,,,,,,,
CPSF1,,,,,,,,,,,,
SLC39A4,,,,,,,,,,,,
VPS28,,,,,,,,,,,,
TONSL,,,,,,,,,,,,
ZFTRAF1,,,,,,,,,,,,
TMEM276,0.10361254483506281,0.30907601513249156,0.2063442799837772,,,,,,,,,
PPP1R16A,,,,,,,,,,,,
MFSD3,,,,,,,,,,,,
RECQL4,,,,,,,,,,,,
LRRC14,,,,,,,,,,,,
C8orf82,,,,,,,,,,,,
ARHGAP39,,,,,,,,,,,,
ZNF251,,,,,,,,,,,,
ZNF34,,,,,,,,,,,,
RPL8,0.08864061763794381,0.29129569488803875,0.1899681562629913,,,,,,,,,
ZNF7,,,,-0.9878768672865955,-0.4718100523115175,-0.7298434597990565,,,,,,
COMMD5,,,,,,,,,,,,
ZNF250,,,,,,,,,,,,
ZNF16,,,,,,,,,,,,
C8orf33,,,,,,,,,,,,
ZNG1A,,,,,,,,,,,,
DOCK8,,,,,,,,,,,,
KANK1,,,,,,,,,,,,
SMARCA2,,,,,,,,,,,,
PUM3,,,,,,,,,,,,
RFX3,,,,,,,,,,,,
GLIS3,-0.24533936896029074,-0.05230209415500478,-0.14882073155764775,,,,,,,,,
SLC1A1,,,,,,,,,,,,
CDC37L1,,,,,,,,,,,,
AK3,,,,,,,,,,,,
RCL1,,,,,,,,,,,,
JAK2,,,,,,,,,,,,
PLGRKT,,,,,,,,,,,,
RIC1,,,,,,,,,,,,
ERMP1,,,,,,,,,,,,
KIAA2026,,,,,,,,,,,,
RANBP6,,,,,,,,,,,,
UHRF2,-0.4009662603660626,-0.16795679815963638,-0.2844615292628495,-0.9850494450559092,-0.42241873052225515,-0.7037340877890822,-0.38577154944516934,-0.09081503346452355,-0.23829329145484646,,,
GLDC,,,,,,,,,,,,
KDM4C,-0.738660199531528,-0.3017941198468284,-0.5202271596891782,,,,,,,-0.8878068712846586,-0.24306095698266003,-0.5654339141336593
DMAC1,,,,,,,,,,,,
PTPRD,-0.3241366273240785,-0.16000956270047634,-0.24207309501227742,-0.98285623525663,-0.4398552822320629,-0.7113557587443464,,,,-0.4151783832892649,-0.0883261921967939,-0.2517522877430294
MPDZ,,,,,,,,,,,,
NFIB,-0.3862155204817477,-0.09105386527222106,-0.23863469287698436,,,,,,,,,
ZDHHC21,,,,,,,,,,,,
TTC39B,,,,,,,,,,,,
SNAPC3,,,,,,,,,,,,
PSIP1,,,,,,,,,,,,
CCDC171,,,,,,,,,,,,
BNC2,-0.29183083111858843,-0.06616314524154401,-0.1789969881800662,,,,,,,,,
CNTLN,,,,,,,,,,,,
SH3GL2,,,,,,,,,,,,
ADAMTSL1,-0.13346506711936165,-0.031442431776084016,-0.08245374944772284,-0.9839823183733405,-0.2903463697882776,-0.637164344080809,,,,,,
RRAGA,0.07102403983421009,0.3147118240018547,0.1928679319180324,,,,,,,,,
HAUS6,,,,,,,,,,,,
PLIN2,,,,,,,,,,,,
DENND4C,,,,,,,,,,,,
RPS6,,,,,,,,,,,,
MLLT3,,,,,,,,,,,,
FOCAD,,,,,,,,,,,,
KLHL9,,,,,,,,,,,,
MTAP,,,,,,,,,,,,
CDKN2A,,,,,,,,,,,,
CDKN2B,,,,,,,,,,,,
ELAVL2,,,,,,,,,,,,
TUSC1,,,,,,,,,,,,
CAAP1,,,,,,,,,,,,
PLAA,,,,,,,,,,,,
IFT74,,,,,,,,,,,,
MOB3B,-0.40931520301005797,-0.21700354327274593,-0.31315937314140196,-0.9781559466971979,-0.47176977132527326,-0.7249628590112356,-0.38430982710011435,-0.09863292046879277,-0.24147137378445355,-0.4860939318349716,-0.12201985640154925,-0.3040568941182604
C9orf72,,,,,,,,,,,,
LINGO2,,,,,,,-0.21039965501756125,-0.012154074240844083,-0.11127686462920267,,,
ACO1,,,,,,,,,,,,
RIGI,-0.2892950168293662,-0.08821422206969282,-0.1887546194495295,-0.9685173973433946,-0.1856182755686961,-0.5770678364560453,,,,,,
TOPORS,,,,,,,,,,,,
SMIM27,,,,,,,,,,,,
NDUFB6,,,,,,,,,,,,
APTX,,,,,,,,,,,,
DNAJA1,,,,,,,,,,,,
SMU1,,,,,,,,,,,,
B4GALT1,-0.5423426389088528,-0.20211405888917486,-0.37222834889901385,,,,-0.5204877671256317,-0.15244754205802744,-0.3364676545918296,-0.6669410220181392,-0.1393791810472665,-0.4031601015327029
BAG1,,,,,,,,,,,,
CHMP5,0.1330757041896024,0.3677143193385734,0.2503950117640879,,,,,,,,,
NFX1,,,,,,,,,,,,
NOL6,,,,,,,,,,,,
ANKRD18B,,,,,,,,,,,,
UBE2R2,,,,,,,,,,,,
UBAP2,,,,,,,,,,,,
DCAF12,,,,,,,,,,,,
UBAP1,,,,,,,,,,,,
KIF24,,,,,,,,,,,,
NUDT2,,,,,,,,,,,,
FAM219A,,,,,,,,,,,,
ENHO,,,,,,,,,,,,
RPP25L,0.10033817357335842,0.3326446192042854,0.21649139638882192,,,,0.12622278728662115,0.5432548119179638,0.33473879960229247,,,
DCTN3,0.22588637674633671,0.4969102919390453,0.361398334342691,,,,,,,,,
SIGMAR1,,,,,,,,,,,,
GALT,,,,,,,,,,,,
ENSG00000187186,,,,,,,,,,,,
VCP,,,,,,,,,,,,
FANCG,,,,,,,,,,,,
PIGO,,,,,,,,,,,,
STOML2,,,,,,,,,,,,
UNC13B,,,,-0.9868449216631592,-0.4312380584454353,-0.7090414900542972,,,,,,
RUSC2,,,,,,,,,,,,
CCDC107,,,,,,,,,,,,
ARHGEF39,0.21285031777601865,0.43635468157417695,0.3246024996750978,,,,,,,,,
TLN1,,,,,,,,,,,,
CREB3,0.07570714529201958,0.3122331804954532,0.19397016289373636,,,,,,,,,
GBA2,,,,,,,,,,,,
RGP1,,,,,,,,,,,,
HINT2,0.15973918149603572,0.48952807774208484,0.3246336296190603,,,,0.2050569249012188,0.5662737938214473,0.38566535936133306,,,
RECK,,,,,,,,,,,,
GLIPR2,,,,,,,,,,,,
CLTA,,,,,,,,,,,,
GNE,,,,,,,,,,,,
RNF38,,,,,,,,,,,,
MELK,-0.5468594448629579,-0.26068312537717214,-0.403771285120065,-0.9895838319296847,-0.5323818644510399,-0.7609828481903622,-0.4042429787300722,-0.09958495433051476,-0.25191396653029346,-0.7169829353289286,-0.2331874505432145,-0.47508519293607154
ZCCHC7,,,,,,,,,,,,
GRHPR,,,,,,,,,,,,
ZBTB5,,,,,,,,,,,,
POLR1E,,,,,,,,,,,,
FBXO10,,,,,,,,,,,,
TOMM5,,,,,,,,,,,,
TRMT10B,,,,,,,,,,,,
EXOSC3,,,,,,,,,,,,
DCAF10,,,,,,,,,,,,
SLC25A51,,,,,,,,,,,,
SHB,,,,-0.9887463143853026,-0.27887319658611504,-0.6338097554857088,,,,,,
ALDH1B1,-0.30949239823348507,0.00028274261728523416,-0.15460482780809992,,,,,,,,,
IGFBPL1,,,,,,,,,,,,
ANKRD18A,,,,,,,,,,,,
CNTNAP3,,,,,,,,,,,,
ZNG1F,,,,,,,,,,,,
CNTNAP3B,-0.269550452810169,-0.062405739752856765,-0.1659780962815129,,,,,,,,,
ZNG1E,-0.3075901430647679,-0.028591255984975122,-0.16809069952487152,,,,,,,,,
ZNG1C,-0.5407593517865468,-0.23784929292396068,-0.3893043223552537,,,,-0.6009861769369294,-0.14868442261051878,-0.3748352997737241,-0.5301795283208595,-0.13750638208018057,-0.33384295520052
PIP5K1B,,,,,,,,,,,,
PABIR1,,,,,,,,,,,,
FXN,,,,,,,,,,,,
TJP2,,,,,,,,,,,,
PTAR1,,,,,,,,,,,,
SMC5,,,,,,,,,,,,
KLF9,,,,,,,,,,,,
TRPM3,-0.2910793959722007,-0.16871319519723169,-0.2298962955847162,-0.9915956996074223,-0.442760445972726,-0.7171780727900742,-0.2331651431817336,-0.07101858559114256,-0.15209186438643807,-0.3686235488467918,-0.18388544679710456,-0.2762544978219482
CEMIP2,,,,,,,,,,,,
ABHD17B,,,,,,,,,,,,
C9orf85,,,,,,,,,,,,
ZFAND5,,,,,,,,,,,,
RORB,-0.24367093771358056,-0.06053995812736609,-0.1521054479204733,,,,,,,,,
TRPM6,-0.23294681874468773,-0.0939060895313804,-0.16342645413803406,-0.9830622775315094,-0.30171095274021514,-0.6423866151358623,,,,,,
C9orf40,,,,,,,,,,,,
CARNMT1,,,,,,,,,,,,
NMRK1,,,,,,,,,,,,
OSTF1,,,,,,,,,,,,
PCSK5,,,,,,,,,,,,
RFK,,,,,,,,,,,,
GCNT1,-0.1393196529715867,-0.06564194766482873,-0.10248080031820771,-0.9563806300435619,-0.2439759398529221,-0.600178284948242,-0.5977988612462446,-0.11653449940202003,-0.3571666803241323,-0.27355497648770943,-0.08715767806521378,-0.18035632727646161
VPS13A,,,,,,,,,,,,
GNAQ,,,,-0.9864287531586542,-0.29999818904308195,-0.6432134711008681,,,,,,
CEP78,,,,,,,,,,,,
PSAT1,,,,,,,,,,,,
TLE4,,,,,,,,,,,,
TLE1,,,,,,,,,,,,
RASEF,,,,,,,,,,,,
FRMD3,-0.23711089018726667,-0.06449378355192559,-0.15080233686959613,,,,-0.320112685744112,-0.10124782210139507,-0.21068025392275352,,,
UBQLN1,,,,,,,,,,,,
GKAP1,,,,,,,,,,,,
KIF27,,,,,,,,,,,,
C9orf64,,,,,,,,,,,,
HNRNPK,,,,,,,,,,,,
RMI1,,,,,,,,,,,,
AGTPBP1,,,,-0.9784479618234241,-0.29796100722845353,-0.6382044845259388,,,,,,
NAA35,,,,,,,,,,,,
GOLM1,,,,,,,,,,,,
ISCA1,,,,,,,,,,,,
TUT7,,,,,,,,,,,,
GAS1,,,,,,,,,,,,
DAPK1,,,,,,,,,,,,
CTSL,0.10282178686933181,0.3062786672452139,0.20455022705727285,,,,0.11408551363753427,0.4875461369293788,0.3008158252834565,,,
SPIN1,,,,,,,,,,,,
CKS2,0.25601585068835264,0.3926245997394599,0.32432022521390624,,,,,,,,,
SECISBP2,,,,,,,,,,,,
SEMA4D,,,,-0.9837342106985354,-0.33400106965005205,-0.6588676401742937,,,,,,
SYK,,,,,,,,,,,,
AUH,,,,,,,,,,,,
NFIL3,,,,,,,,,,,,
ROR2,,,,-0.9704854495120814,-0.29313651969521803,-0.6318109846036497,,,,,,
SPTLC1,,,,,,,,,,,,
IARS1,,,,,,,,,,,,
NOL8,,,,,,,,,,,,
CENPP,-0.5149232183232376,-0.16440380976566216,-0.3396635140444499,,,,-0.4188192293993483,-0.02141358632467168,-0.22011640786200998,,,
OGN,-0.39836672832866005,-0.17235459618190954,-0.2853606622552848,,,,-0.38294252406879636,-0.0871214542950741,-0.23503198918193524,,,
ECM2,-0.6280323148271514,-0.3746876220269578,-0.5013599684270547,-0.9860821956970285,-0.3423670348476239,-0.6642246152723261,-0.5563928202897133,-0.19322632726025116,-0.3748095737749822,-0.6454398812547598,-0.26016751163630447,-0.45280369644553214
IPPK,,,,,,,,,,,,
BICD2,,,,,,,,,,,,
ZNF484,,,,,,,,,,,,
CARD19,,,,,,,,,,,,
NINJ1,,,,,,,,,,,,
WNK2,,,,,,,,,,,,
FAM120AOS,,,,,,,,,,,,
FAM120A,,,,,,,,,,,,
PHF2,,,,,,,,,,,,
BARX1,,,,,,,,,,,,
PTPDC1,,,,,,,,,,,,
ZNF169,-0.26883863157315974,-0.047036034432550514,-0.15793733300285512,,,,,,,,,
MFSD14B,,,,,,,,,,,,
AOPEP,,,,,,,,,,,,
FANCC,,,,,,,,,,,,
PTCH1,,,,,,,,,,,,
ERCC6L2,,,,,,,,,,,,
ZNF367,-0.2503876162138535,-0.0788172642586324,-0.16460244023624296,-0.9920102229294631,-0.4782820384679343,-0.7351461306986987,,,,,,
HABP4,,,,,,,,,,,,
CDC14B,,,,,,,,,,,,
PRXL2C,,,,,,,,,,,,
ZNF782,,,,,,,,,,,,
CTSV,,,,,,,,,,,,
TDRD7,,,,,,,,,,,,
TMOD1,,,,,,,,,,,,
TSTD2,,,,,,,,,,,,
NCBP1,,,,,,,,,,,,
XPA,,,,,,,,,,,,
TRMO,,,,,,,,,,,,
ANP32B,,,,,,,,,,,,
NANS,,,,,,,,,,,,
TRIM14,,,,,,,,,,,,
CORO2A,,,,,,,,,,,,
GABBR2,-0.20389460477693455,-0.10615124714738694,-0.15502292596216075,-0.959865357486825,-0.33126425761573647,-0.6455648075512808,,,,-0.28474777449648636,-0.1325782741409344,-0.20866302431871037
ANKS6,,,,,,,,,,,,
GALNT12,,,,-0.9891463098275409,-0.416448314988592,-0.7027973124080664,,,,,,
TGFBR1,,,,,,,,,,,,
ALG2,,,,,,,,,,,,
SEC61B,,,,,,,,,,,,
STX17,,,,,,,,,,,,
ERP44,,,,,,,,,,,,
INVS,-0.3076043858674914,-0.03993816811820089,-0.17377127699284614,,,,,,,,,
TEX10,,,,,,,,,,,,
MSANTD3,,,,,,,,,,,,
TMEFF1,,,,,,,,,,,,
MRPL50,0.1181930179930853,0.35837415243890713,0.2382835852159962,,,,,,,,,
ZNF189,,,,,,,,,,,,
PGAP4,,,,,,,,,,,,
RNF20,,,,,,,,,,,,
SMC2,0.09808809301410276,0.3445390505075696,0.2213135717608362,,,,,,,,,
NIPSNAP3A,,,,,,,,,,,,
SLC44A1,,,,,,,,,,,,
FSD1L,,,,,,,,,,,,
FKTN,,,,,,,,,,,,
TMEM38B,,,,,,,,,,,,
ZNF462,-0.4549040139720562,-0.11010543399133485,-0.2825047239816955,,,,-0.5517773809869819,-0.14556483021482558,-0.34867110560090375,,,
RAD23B,,,,,,,,,,,,
ELP1,,,,,,,,,,,,
ABITRAM,,,,,,,,,,,,
CTNNAL1,,,,,,,,,,,,
TMEM245,,,,,,,,,,,,
EPB41L4B,,,,,,,,,,,,
PTPN3,,,,,,,,,,,,
PALM2AKAP2,,,,-0.9918417048884627,-0.5119263716837561,-0.7518840382861094,,,,,,
TXN,,,,,,,,,,,,
LPAR1,,,,-0.9809498313699094,-0.3275997236230359,-0.6542747774964727,,,,,,
ECPAS,,,,,,,,,,,,
ZNF483,-0.3721219858697119,-0.1353246455136153,-0.2537233156916636,,,,,,,,,
DNAJC25,,,,,,,,,,,,
GNG10,,,,,,,,,,,,
UGCG,,,,,,,,,,,,
SUSD1,,,,,,,,,,,,
PTBP3,,,,,,,,,,,,
HSDL2,,,,,,,,,,,,
KIAA1958,,,,,,,,,,,,
INIP,,,,,,,,,,,,
SNX30,,,,,,,,,,,,
ZNF883,,,,,,,,,,,,
FKBP15,,,,,,,,,,,,
SLC31A1,,,,,,,,,,,,
CDC26,,,,,,,,,,,,
PRPF4,,,,,,,,,,,,
HDHD3,,,,,,,,,,,,
POLE3,,,,,,,,,,,,
ZNF618,,,,,,,,,,,,
COL27A1,,,,,,,,,,,,
WHRN,,,,,,,,,,,,
ATP6V1G1,0.13593632395766825,0.4123760173951042,0.2741561706763862,,,,,,,,,
TMEM268,,,,,,,,,,,,
ASTN2,-0.3114459267585059,-0.08899445125299489,-0.2002201890057504,-0.9918822564077834,-0.43270837647876437,-0.7122953164432739,,,,,,
TRIM32,,,,,,,,,,,,
CDK5RAP2,,,,,,,,,,,,
MEGF9,,,,,,,,,,,,
FBXW2,,,,,,,,,,,,
B3GALT9,,,,,,,,,,,,
PSMD5,,,,,,,,,,,,
PHF19,,,,,,,,,,,,
CNTRL,,,,,,,,,,,,
RAB14,0.1460266692856593,0.37797148174449363,0.26199907551507645,,,,,,,,,
STOM,,,,,,,,,,,,
DAB2IP,,,,,,,,,,,,
TTLL11,,,,,,,,,,,,
NDUFA8,,,,,,,,,,,,
RBM18,,,,,,,,,,,,
MRRF,,,,,,,,,,,,
PDCL,,,,,,,,,,,,
RC3H2,,,,,,,,,,,,
ZBTB6,,,,,,,,,,,,
RABGAP1,,,,,,,,,,,,
STRBP,,,,,,,,,,,,
DENND1A,,,,,,,,,,,,
NEK6,,,,,,,,,,,,
PSMB7,0.09049854840185373,0.4483382177504575,0.2694183830761556,,,,,,,,,
NR6A1,,,,,,,,,,,,
RPL35,,,,,,,,,,,,
ARPC5L,,,,,,,,,,,,
GOLGA1,,,,,,,,,,,,
SCAI,,,,,,,,,,,,
PPP6C,,,,,,,,,,,,
RABEPK,,,,,,,,,,,,
HSPA5,,,,,,,,,,,,
GAPVD1,,,,,,,,,,,,
MAPKAP1,,,,,,,,,,,,
PBX3,-0.31109166812235645,-0.06983972034240861,-0.19046569423238252,-0.9810632451353166,-0.2678216063739418,-0.6244424257546293,,,,,,
MVB12B,,,,,,,,,,,,
LMX1B,,,,-0.9813445975303271,-0.33697255017616706,-0.659158573853247,,,,,,
ZBTB43,,,,,,,,,,,,
RALGPS1,-0.2236068049738218,-0.033611576568600296,-0.12860919077121105,-0.9777518080000506,-0.30084673219641056,-0.6392992700982305,,,,,,
GARNL3,,,,,,,,,,,,
SLC2A8,,,,,,,,,,,,
ZNF79,,,,,,,,,,,,
RPL12,,,,,,,,,,,,
LRSAM1,,,,,,,,,,,,
NIBAN2,,,,,,,,,,,,
STXBP1,,,,,,,,,,,,
PTRH1,,,,,,,,,,,,
TOR2A,0.05252092261853935,0.3339808859984378,0.19325090430848857,,,,,,,,,
CDK9,,,,,,,,,,,,
FPGS,,,,,,,,,,,,
AK1,,,,,,,,,,,,
ST6GALNAC6,,,,,,,,,,,,
DPM2,,,,,,,,,,,,
EEIG1,,,,,,,,,,,,
SLC25A25,,,,,,,,,,,,
PTGES2,,,,,,,,,,,,
BBLN,,,,,,,,,,,,
CIZ1,,,,,,,,,,,,
DNM1,,,,,,,,,,,,
GOLGA2,,,,,,,,,,,,
SWI5,,,,,,,,,,,,
TRUB2,0.10924258168496111,0.3755489650092238,0.24239577334709245,,,,,,,,,
COQ4,,,,,,,,,,,,
SLC27A4,,,,,,,,,,,,
URM1,,,,,,,,,,,,
CERCAM,,,,,,,,,,,,
ODF2,,,,,,,,,,,,
GLE1,,,,,,,,,,,,
SPTAN1,,,,,,,,,,,,
DYNC2I2,,,,,,,,,,,,
SET,-0.9461543919931749,-0.20300021507771307,-0.574577303535444,,,,-0.6862320213624786,-0.18133105456771895,-0.4337815379650988,,,
PKN3,,,,,,,,,,,,
ZDHHC12,,,,,,,,,,,,
ZER1,,,,,,,,,,,,
TBC1D13,,,,,,,,,,,,
ENDOG,,,,,,,,,,,,
SPOUT1,,,,-0.9929322764944883,-0.45213691924213484,-0.7225345978683115,,,,,,
KYAT1,,,,,,,,,,,,
LRRC8A,,,,,,,,,,,,
PHYHD1,,,,,,,,,,,,
DOLK,,,,,,,0.15991351902155662,0.6153105153953702,0.3876120172084634,,,
NUP188,,,,,,,,,,,,
SH3GLB2,,,,,,,,,,,,
MIGA2,,,,-0.9920060776338129,-0.4391737653496076,-0.7155899214917103,,,,,,
DOLPP1,,,,,,,,,,,,
CRAT,,,,,,,,,,,,
PTPA,,,,,,,,,,,,
NTMT1,,,,,,,,,,,,
ASB6,,,,,,,,,,,,
TOR1B,,,,,,,,,,,,
TOR1A,0.08692914395712276,0.33264738930948856,0.20978826663330566,,,,,,,,,
C9orf78,,,,,,,,,,,,
USP20,,,,,,,,,,,,
FNBP1,,,,,,,,,,,,
GPR107,,,,,,,,,,,,
NCS1,,,,,,,,,,,,
ASS1,,,,,,,,,,,,
FUBP3,,,,,,,,,,,,
EXOSC2,,,,,,,,,,,,
ABL1,,,,,,,,,,,,
LAMC3,,,,,,,,,,,,
AIF1L,,,,,,,,,,,,
NUP214,,,,,,,,,,,,
PLPP7,-0.2015827026920557,-0.06132834875813528,-0.1314555257250955,-0.9835353311647405,-0.40252693899993613,-0.6930311350823383,,,,-0.2937939048864189,-0.036089753873919155,-0.16494182938016902
PRRC2B,,,,,,,,,,,,
POMT1,,,,,,,,,,,,
UCK1,,,,,,,,,,,,
RAPGEF1,,,,,,,,,,,,
MED27,,,,,,,,,,,,
SETX,,,,,,,,,,,,
TTF1,,,,,,,,,,,,
DDX31,,,,,,,,,,,,
GTF3C4,,,,,,,,,,,,
SPACA9,,,,,,,,,,,,
TSC1,,,,,,,,,,,,
GTF3C5,,,,,,,,,,,,
RALGDS,,,,,,,,,,,,
SURF6,,,,,,,,,,,,
MED22,,,,,,,,,,,,
RPL7A,,,,,,,,,,,,
SURF1,,,,,,,,,,,,
SURF2,0.07330399307149332,0.27336987260832785,0.17333693283991058,,,,,,,,,
SURF4,,,,,,,,,,,,
REXO4,,,,,,,,,,,,
ADAMTS13,,,,,,,,,,,,
VAV2,,,,,,,,,,,,
BRD3OS,,,,,,,,,,,,
BRD3,,,,,,,,,,,,
WDR5,,,,,,,,,,,,
RXRA,,,,-0.9892914704929616,-0.27786876159465307,-0.6335801160438074,,,,,,
PIERCE1,,,,-0.9867425711960319,-0.48844857396179037,-0.7375955725789112,,,,,,
MRPS2,,,,,,,,,,,,
CAMSAP1,,,,,,,,,,,,
UBAC1,,,,,,,,,,,,
NACC2,,,,,,,,,,,,
TMEM250,,,,,,,,,,,,
QSOX2,,,,,,,,,,,,
GPSM1,,,,-0.986792138940561,-0.29235784124680547,-0.6395749900936832,,,,,,
DNLZ,,,,,,,,,,,,
SNAPC4,,,,,,,,,,,,
ENTR1,,,,,,,,,,,,
PMPCA,,,,,,,,,,,,
INPP5E,,,,,,,,,,,,
SEC16A,,,,,,,,,,,,
EGFL7,,,,,,,,,,,,
AGPAT2,,,,,,,,,,,,
DIPK1B,,,,,,,,,,,,
TMEM141,,,,,,,,,,,,
RABL6,,,,-0.9893060393882335,-0.4447024470589712,-0.7170042432236023,,,,,,
PHPT1,,,,,,,,,,,,
EDF1,,,,,,,,,,,,
TRAF2,,,,,,,,,,,,
FBXW5,0.05906506576973923,0.3055544531088593,0.18230975943929928,,,,,,,,,
PAXX,,,,,,,,,,,,
NPDC1,,,,,,,,,,,,
SAPCD2,,,,,,,,,,,,
MAN1B1,,,,,,,,,,,,
SSNA1,,,,,,,,,,,,
TPRN,,,,,,,,,,,,
TMEM203,,,,,,,,,,,,
NDOR1,,,,,,,,,,,,
TUBB4B,0.1899886905688052,0.4311548096078215,0.31057175008831334,,,,,,,,,
NELFB,,,,,,,,,,,,
NRARP,,,,,,,,,,,,
EXD3,,,,,,,,,,,,
NOXA1,,,,,,,,,,,,
NSMF,,,,,,,,,,,,
MRPL41,,,,,,,,,,,,
DPH7,,,,,,,,,,,,
ZMYND19,,,,,,,,,,,,
ARRDC1,,,,,,,,,,,,
EHMT1,,,,,,,,,,,,
ZMYND11,,,,,,,,,,,,
DIP2C,-0.3118211556691702,-0.05450927277368399,-0.1831652142214271,-0.9904154972471775,-0.3102717840978067,-0.6503436406724921,-0.35320589165669575,-0.05929253163127769,-0.2062492116439867,,,
LARP4B,,,,,,,,,,,,
GTPBP4,,,,,,,,,,,,
IDI1,,,,,,,,,,,,
WDR37,,,,,,,,,,,,
PFKP,,,,,,,,,,,,
PITRM1,,,,,,,,,,,,
KLF6,,,,,,,,,,,,
NET1,,,,,,,,,,,,
ASB13,,,,,,,,,,,,
TASOR2,,,,,,,,,,,,
GDI2,,,,,,,,,,,,
ANKRD16,,,,,,,,,,,,
FBH1,,,,,,,,,,,,
IL2RA,-0.19176493502427525,-0.11780207334178264,-0.15478350418302894,-0.9707041838766174,-0.3345554684667653,-0.6526298261716914,-0.1596302392938101,-0.09135876429863776,-0.12549450179622393,-0.26459305351139994,-0.140642879504965,-0.20261796650818248
RBM17,,,,,,,,,,,,
PFKFB3,,,,,,,,,,,,
PRKCQ,,,,,,,,,,,,
SFMBT2,-0.3783111688677139,-0.07503975287545811,-0.226675460871586,,,,,,,,,
KIN,,,,,,,,,,,,
ATP5F1C,,,,,,,,,,,,
TAF3,,,,,,,,,,,,
GATA3,,,,,,,,,,,,
CELF2,,,,,,,,,,,,
USP6NL,,,,,,,,,,,,
PROSER2,,,,-0.9890978065241735,-0.32362715631794486,-0.6563624814210591,,,,,,
UPF2,,,,,,,,,,,,
DHTKD1,,,,,,,,,,,,
SEC61A2,,,,,,,,,,,,
NUDT5,,,,,,,,,,,,
CDC123,,,,,,,,,,,,
CAMK1D,-0.38128247427011086,-0.1528655182889927,-0.26707399627955175,-0.9765584578355677,-0.4717279339145393,-0.7241431958750535,-0.39075554166782195,-0.05640480024747589,-0.22358017095764893,,,
CCDC3,,,,-0.9889036337890499,-0.28532869237532693,-0.6371161630821884,,,,,,
OPTN,,,,,,,,,,,,
MCM10,,,,,,,,,,,,
PHYH,,,,,,,,,,,,
SEPHS1,,,,-0.987659658007995,-0.17308897205535273,-0.5803743150316739,,,,,,
BEND7,,,,,,,,,,,,
PRPF18,,,,,,,,,,,,
FRMD4A,-0.2669692384280466,-0.09702842971085529,-0.18199883406945094,,,,,,,,,
FAM107B,,,,,,,,,,,,
MSANTD7,,,,,,,,,,,,
HSPA14,,,,,,,,,,,,
SUV39H2,,,,-0.9853528610081778,-0.3693828343179501,-0.6773678476630639,,,,,,
DCLRE1C,-0.9013308448994768,-0.3654115224780146,-0.6333711836887457,,,,,,,-0.9249212447108003,-0.28197536568168735,-0.6034483051962438
RPP38,,,,,,,,,,,,
NMT2,,,,,,,,,,,,
FAM171A1,,,,-0.981689076965124,-0.3839753696976826,-0.6828322233314033,,,,,,
ITGA8,,,,,,,,,,,,
MINDY3,,,,,,,,,,,,
PTER,,,,-0.9905034622078431,-0.4200825961817818,-0.7052930291948125,,,,,,
RSU1,,,,,,,,,,,,
TRDMT1,,,,,,,,,,,,
VIM,0.1776979590839595,0.36171517910663953,0.2697065690952995,,,,,,,,,
HACD1,,,,,,,,,,,,
STAM,,,,,,,,,,,,
CACNB2,-0.39767757418246186,-0.1289532424116258,-0.2633154082970438,-0.9890547873514535,-0.4901217500420125,-0.739588268696733,,,,,,
NSUN6,,,,,,,,,,,,
ARL5B,,,,,,,,,,,,
PLXDC2,-0.3099339404219625,-0.06608300281570025,-0.18800847161883136,,,,,,,,,
NEBL,,,,,,,,,,,,
SKIDA1,-0.28924361984164865,-0.0813345412325521,-0.18528908053710036,,,,,,,,,
MLLT10,-0.5320030137073462,-0.1310145431329844,-0.3315087784201653,-0.9801908736853517,-0.36818065807692524,-0.6741857658811385,,,,,,
DNAJC1,,,,,,,,,,,,
COMMD3,,,,,,,,,,,,
BMI1,,,,,,,,,,,,
PIP4K2A,,,,,,,,,,,,
ARMC3,,,,,,,,,,,,
MSRB2,,,,,,,,,,,,
KIAA1217,-0.25810421971806885,-0.0632775110204887,-0.1606908653692788,,,,,,,,,
ARHGAP21,,,,,,,,,,,,
PRTFDC1,,,,,,,,,,,,
THNSL1,,,,,,,,,,,,
MYO3A,-0.2581366572393968,-0.07263387081207047,-0.16538526402573364,,,,,,,,,
PDSS1,,,,,,,,,,,,
ABI1,,,,,,,,,,,,
ANKRD26,,,,,,,,,,,,
YME1L1,,,,,,,,,,,,
MASTL,,,,,,,,,,,,
ACBD5,,,,,,,,,,,,
RAB18,,,,,,,,,,,,
MKX,,,,,,,,,,,,
ODAD2,,,,,,,,,,,,
MPP7,,,,,,,,,,,,
WAC,,,,,,,,,,,,
BAMBI,,,,,,,,,,,,
SVIL,,,,,,,,,,,,
JCAD,,,,,,,,,,,,
MTPAP,-0.46678574972629056,-0.10045502264651252,-0.2836203861864015,,,,-0.6598673203858143,-0.13396614367245677,-0.3969167320291355,,,
MAP3K8,,,,,,,,,,,,
ZNF438,-0.29606777806767076,-0.09505311439259881,-0.1955604462301348,,,,,,,-0.33277873259333207,-0.07412362080982146,-0.20345117670157675
ZEB1,,,,,,,,,,,,
ARHGAP12,,,,,,,,,,,,
KIF5B,0.2557932376139478,0.42538802786401025,0.34059063273897905,,,,,,,,,
EPC1,-0.44835217157613694,-0.11362103784695293,-0.2809866047115449,-0.9680894812987791,-0.2533187749643884,-0.6107041281315838,-0.5541691293273481,-0.09191816415633092,-0.3230436467418395,,,
CCDC7,,,,,,,,,,,,
ITGB1,,,,,,,,,,,,
NRP1,,,,,,,,,,,,
PARD3,-0.41317798247845594,-0.1089708181363376,-0.26107440030739676,,,,,,,,,
CUL2,,,,,,,,,,,,
CREM,,,,,,,,,,,,
CCNY,,,,-0.9890970250952658,-0.23731400553777038,-0.6132055153165181,,,,,,
FZD8,,,,,,,,,,,,
ZNF248,,,,,,,,,,,,
ZNF33A,,,,,,,,,,,,
ZNF37A,,,,,,,,,,,,
ZNF33B,,,,,,,,,,,,
BMS1,,,,,,,,,,,,
CSGALNACT2,,,,,,,,,,,,
HNRNPF,,,,,,,,,,,,
ZNF239,,,,,,,,,,,,
ZNF485,,,,,,,,,,,,
ZNF32,,,,,,,,,,,,
ZNF22,,,,,,,,,,,,
MARCHF8,,,,,,,,,,,,
ZFAND4,,,,,,,,,,,,
WASHC2C,-0.2758103658011566,-0.08896471874863422,-0.1823875422748954,-0.9852042873967976,-0.4618343546339442,-0.7235193210153709,-0.22924953540199283,0.012022285606681843,-0.1086136248976555,,,
TIMM23,,,,,,,,,,,,
NCOA4,,,,,,,,,,,,
FAM25G,-0.238429911046071,-0.12427685843375041,-0.1813533847399107,-0.9922554192772548,-0.5034025476186254,-0.7478289834479401,-0.22691043528495655,-0.10602372451594456,-0.16646707990045057,-0.26318371020646514,-0.1334047600400724,-0.19829423512326877
MAPK8,,,,,,,,,,,,
ARHGAP22,,,,-0.9853497351419422,-0.34174175154665043,-0.6635457433442964,,,,,,
ERCC6,,,,,,,,,,,,
PARG,,,,,,,,,,,,
TIMM23B,,,,,,,,,,,,
AGAP6,,,,,,,,,,,,
WASHC2A,,,,,,,,,,,,
SGMS1,,,,,,,,,,,,
PRKG1,-0.35508130944962657,-0.15041599183070706,-0.2527486506401668,,,,-0.42553231613896864,-0.08998906602436402,-0.2577606910816663,,,
CSTF2T,,,,,,,,,,,,
PCDH15,-0.22648137817398428,-0.07808916396089323,-0.15228527106743875,-0.9981889555823857,-0.495199062479391,-0.7466940090308883,,,,,,
ZWINT,,,,,,,,,,,,
IPMK,,,,,,,,,,,,
CISD1,,,,,,,,,,,,
UBE2D1,,,,,,,,,,,,
TFAM,,,,,,,,,,,,
BICC1,-0.25910409893006087,-0.0773048020351811,-0.16820445048262098,-0.9918555303640639,-0.4787401900455261,-0.735297860204795,,,,,,
FAM13C,-0.17174256829344273,-0.0498935561154809,-0.11081806220446182,-0.9542891334529356,-0.4420748046459679,-0.6981819690494517,,,,,,
SLC16A9,,,,,,,,,,,,
CCDC6,,,,,,,,,,,,
ANK3,,,,,,,,,,,,
CDK1,0.0942909774794323,0.2868875420080367,0.19058925974373447,,,,,,,,,
RHOBTB1,,,,,,,,,,,,
ARID5B,,,,,,,,,,,,
RTKN2,,,,,,,,,,,,
ADO,,,,,,,,,,,,
NRBF2,,,,,,,,,,,,
JMJD1C,-0.46933873837529083,-0.12266901079284669,-0.29600387458406874,,,,,,,,,
REEP3,,,,,,,,,,,,
CTNNA3,-0.2567148721765876,-0.09758844867016539,-0.1771516604233765,-0.9843308222198818,-0.3807459529975378,-0.6825383876087098,-0.292102422478163,-0.07472941354804104,-0.183415918013102,,,
DNAJC12,,,,,,,,,,,,
SIRT1,,,,,,,,,,,,
HERC4,,,,,,,,,,,,
PBLD,,,,,,,,,,,,
HNRNPH3,,,,,,,,,,,,
RUFY2,,,,,,,,,,,,
DNA2,,,,,,,,,,,,
SLC25A16,,,,,,,,,,,,
TET1,,,,,,,,,,,,
CCAR1,,,,,,,,,,,,
STOX1,,,,,,,,,,,,
DDX50,,,,,,,,,,,,
DDX21,,,,,,,,,,,,
KIFBP,,,,,,,,,,,,
VPS26A,,,,,,,,,,,,
SUPV3L1,,,,,,,,,,,,
HK1,,,,,,,,,,,,
TSPAN15,,,,,,,,,,,,
FAM241B,0.08500412135633614,0.31178898712372893,0.19839655424003255,,,,,,,0.09735727645737026,0.47075197070920105,0.28405462358328565
MACROH2A2,,,,,,,,,,,,
TYSND1,,,,,,,,,,,,
SAR1A,,,,,,,,,,,,
PPA1,,,,,,,,,,,,
LRRC20,,,,,,,,,,,,
EIF4EBP2,,,,,,,,,,,,
PALD1,,,,,,,,,,,,
SGPL1,,,,,,,,,,,,
PCBD1,,,,,,,,,,,,
UNC5B,,,,,,,,,,,,
PSAP,,,,,,,,,,,,
CHST3,,,,,,,,,,,,
ASCC1,,,,,,,,,,,,
ANAPC16,,,,,,,,,,,,
DDIT4,,,,,,,,,,,,
DNAJB12,,,,,,,,,,,,
MICU1,,,,,,,,,,,,
MCU,-0.31972746224959964,-0.07376799041309946,-0.19674772633134954,,,,,,,,,
P4HA1,,,,,,,,,,,,
NUDT13,,,,,,,,,,,,
ECD,,,,,,,,,,,,
FAM149B1,,,,,,,,,,,,
DNAJC9,,,,,,,,,,,,
MRPS16,,,,,,,,,,,,
ANXA7,,,,,,,,,,,,
PPP3CB,,,,-0.9885587015337256,-0.342228132440207,-0.6653934169869663,,,,,,
USP54,,,,,,,,,,,,
SEC24C,,,,,,,,,,,,
FUT11,,,,,,,,,,,,
CHCHD1,,,,,,,,,,,,
ZSWIM8,,,,,,,,,,,,
NDST2,,,,,,,,,,,,
CAMK2G,,,,,,,,,,,,
VCL,,,,,,,,,,,,
AP3M1,,,,-0.9759896305810504,-0.4009473743516049,-0.6884685024663276,,,,,,
ADK,,,,,,,,,,,,
KAT6B,,,,,,,,,,,,
SAMD8,,,,,,,,,,,,
VDAC2,0.11550361143883678,0.4269918996561321,0.2712477555474844,,,,,,,,,
COMTD1,,,,,,,,,,,,
ZNF503,,,,,,,,,,,,
LRMDA,-0.2440063625289121,-0.10834431342191365,-0.17617533797541288,-0.9814822509620977,-0.39399791127535033,-0.687740081118724,,,,-0.2992333629254886,-0.08771169076809317,-0.19347252684679087
DLG5,,,,,,,-0.5249348277412769,-0.11250752998852488,-0.31872117886490087,,,
POLR3A,,,,,,,,,,,,
RPS24,0.16537741979767925,0.37622840496645804,0.27080291238206866,,,,,,,,,
ZMIZ1,,,,,,,,,,,,
PPIF,,,,,,,,,,,,
ZCCHC24,,,,,,,,,,,,
EIF5AL1,-0.3292054484967154,-0.09969254329976066,-0.21444899589823802,,,,-0.5312344822176595,-0.18424200700245413,-0.35773824461005677,,,
TMEM254,,,,,,,,,,,,
ANXA11,,,,,,,,,,,,
PRXL2A,,,,,,,,,,,,
TSPAN14,,,,-0.9801694488302086,-0.4228063990458553,-0.7014879239380319,,,,,,
GHITM,,,,,,,,,,,,
CCSER2,,,,,,,,,,,,
GRID1,-0.21792964119553807,-0.03382825676250442,-0.12587894897902124,-0.9812985019683017,-0.1499586210925812,-0.5656285615304415,,,,,,
WAPL,,,,,,,,,,,,
BMPR1A,,,,-0.9849257297075624,-0.3322947636949665,-0.6586102467012644,,,,,,
GLUD1,,,,,,,,,,,,
SHLD2,,,,,,,,,,,,
MINPP1,,,,,,,,,,,,
PAPSS2,,,,-0.9844043724836404,-0.42514129905515124,-0.7047728357693959,,,,,,
ATAD1,,,,,,,,,,,,
PTEN,,,,,,,,,,,,
STAMBPL1,,,,,,,,,,,,
LIPA,,,,-0.9906652521287198,-0.3108669129779876,-0.6507660825533537,,,,,,
IFIT5,,,,,,,,,,,,
PANK1,,,,,,,,,,,,
KIF20B,0.1251216361842028,0.3243156315961225,0.22471863389016264,,,,,,,,,
RPP30,,,,,,,,,,,,
PCGF5,,,,,,,,,,,,
HECTD2,,,,,,,,,,,,
TNKS2,,,,,,,,,,,,
BTAF1,,,,,,,,,,,,
CPEB3,-0.30684070430626553,-0.09642691981009535,-0.20163381205818043,,,,,,,,,
MARCHF5,,,,,,,,,,,,
IDE,,,,,,,,,,,,
KIF11,,,,,,,,,,,,
EXOC6,,,,,,,,,,,,
CEP55,0.09900934410867891,0.2868393648628043,0.1929243544857416,,,,,,,,,
FRA10AC1,,,,,,,,,,,,
SLC35G1,,,,,,,,,,,,
PLCE1,-0.46791848451916584,-0.20079037755211665,-0.3343544310356412,-0.983601212273513,-0.44886531337749164,-0.7162332628255024,,,,,,
NOC3L,,,,,,,,,,,,
TBC1D12,,,,,,,,,,,,
HELLS,,,,,,,,,,,,
PDLIM1,,,,,,,,,,,,
SORBS1,,,,-0.9828517914891659,-0.28456402859781166,-0.6337079100434888,,,,,,
ALDH18A1,,,,,,,,,,,,
TCTN3,,,,,,,,,,,,
CCNJ,,,,,,,,,,,,
ZNF518A,,,,,,,,,,,,
TM9SF3,,,,,,,,,,,,
PIK3AP1,-0.23328197336598444,-0.09666090999535855,-0.1649714416806715,-0.978105445891873,-0.4867696828802107,-0.7324375643860419,,,,,,
LCOR,,,,,,,,,,,,
ARHGAP19,,,,,,,,,,,,
FRAT2,,,,,,,,,,,,
RRP12,,,,,,,,,,,,
PGAM1,,,,,,,,,,,,
EXOSC1,,,,,,,,,,,,
ZDHHC16,,,,,,,,,,,,
MMS19,,,,,,,,,,,,
UBTD1,,,,,,,,,,,,
MORN4,,,,,,,,,,,,
PI4K2A,,,,-0.9830929778553013,-0.3158479894807439,-0.6494704836680225,,,,,,
AVPI1,,,,,,,,,,,,
MARVELD1,,,,,,,,,,,,
ZFYVE27,,,,,,,,,,,,
R3HCC1L,,,,,,,,,,,,
HPS1,,,,,,,,,,,,
CNNM1,,,,,,,,,,,,
GOT1,,,,,,,,,,,,
SLC25A28,-0.1268569239003445,0.01537233976866798,-0.055742292065838264,-0.9680937400160967,-0.2694194917631886,-0.6187566158896427,,,,,,
ENTPD7,,,,,,,,,,,,
CUTC,,,,,,,,,,,,
COX15,,,,,,,,,,,,
DNMBP,,,,,,,,,,,,
ERLIN1,,,,,,,,,,,,
CHUK,,,,,,,,,,,,
CWF19L1,,,,,,,,,,,,
BLOC1S2,,,,,,,,,,,,
SCD,,,,,,,,,,,,
NDUFB8,0.24680334459538938,0.47983345139520245,0.3633183979952959,,,,,,,,,
HIF1AN,,,,,,,,,,,,
SLF2,,,,,,,,,,,,
MRPL43,0.11317989644384942,0.41217289433452264,0.262676395389186,,,,,,,,,
TWNK,,,,,,,,,,,,
LZTS2,,,,,,,,,,,,
BTRC,,,,,,,,,,,,
DPCD,,,,,,,,,,,,
POLL,,,,,,,,,,,,
FBXW4,,,,,,,,,,,,
NPM3,,,,,,,,,,,,
OGA,,,,,,,,,,,,
ARMH3,-0.28404198984361745,-0.05112303164542492,-0.16758251074452118,-0.9827732266191823,-0.3452773733523394,-0.6640252999857609,,,,,,
HPS6,,,,,,,,,,,,
LDB1,,,,,,,,,,,,
PPRC1,,,,,,,,,,,,
NOLC1,,,,,,,,,,,,
GBF1,,,,,,,,,,,,
FBXL15,,,,,,,,,,,,
CUEDC2,0.11686156474631085,0.3365737775930384,0.22671767116967462,,,,,,,,,
C10orf95,,,,,,,,,,,,
MFSD13A,-0.3570131339853873,-0.09374408448815616,-0.22537860923677172,,,,-0.4889958785459114,-0.09993694176457292,-0.29446641015524216,,,
ACTR1A,,,,,,,,,,,,
SUFU,,,,,,,,,,,,
TRIM8,,,,,,,,,,,,
ARL3,,,,,,,,,,,,
SFXN2,,,,,,,,,,,,
WBP1L,,,,,,,,,,,,
BORCS7,,,,,,,,,,,,
AS3MT,,,,,,,,,,,,
CNNM2,,,,,,,,,,,,
NT5C2,-0.29772015020264914,-0.0717982640932353,-0.18475920714794222,-0.9902596218443356,-0.453508292689248,-0.7218839572667918,,,,,,
PCGF6,,,,,,,,,,,,
TAF5,,,,,,,,,,,,
ATP5MK,,,,,,,,,,,,
PDCD11,,,,,,,,,,,,
SH3PXD2A,,,,,,,,,,,,
STN1,,,,,,,,,,,,
SLK,,,,,,,,,,,,
SFR1,,,,,,,,,,,,
GSTO1,0.1482492373364322,0.4261672563104623,0.28720824682344726,,,,,,,,,
GSTO2,,,,,,,,,,,,
XPNPEP1,,,,,,,,,,,,
ADD3,,,,,,,,,,,,
MXI1,,,,,,,,,,,,
SMNDC1,,,,,,,,,,,,
SMC3,,,,,,,,,,,,
RBM20,,,,,,,,,,,,
PDCD4,,,,,,,,,,,,
BBIP1,,,,,,,,,,,,
SHOC2,,,,,,,,,,,,
GPAM,,,,,,,,,,,,
ZDHHC6,,,,,,,,,,,,
VTI1A,,,,,,,,,,,,
TCF7L2,,,,,,,,,,,,
CASP7,,,,,,,,,,,,
DCLRE1A,,,,,,,,,,,,
NHLRC2,,,,,,,,,,,,
CCDC186,,,,,,,,,,,,
ABLIM1,,,,,,,,,,,,
FHIP2A,,,,,,,,,,,,
TRUB1,,,,,,,,,,,,
ATRNL1,-0.26947639852443594,-0.09056103024978804,-0.18001871438711198,-0.982167297266844,-0.3203245063686463,-0.6512459018177452,,,,,,
HSPA12A,,,,,,,,,,,,
SHTN1,,,,,,,,,,,,
PDZD8,,,,,,,,,,,,
EMX2,,,,,,,,,,,,
RAB11FIP2,,,,,,,,,,,,
FAM204A,,,,,,,,,,,,
CACUL1,,,,,,,,,,,,
NANOS1,,,,,,,,,,,,
EIF3A,,,,,,,,,,,,
DENND10,,,,,,,,,,,,
SFXN4,,,,,,,,,,,,
PRDX3,,,,,,,,,,,,
GRK5,,,,,,,,,,,,
RGS10,,,,,,,,,,,,
TIAL1,,,,,,,,,,,,
BAG3,,,,,,,,,,,,
INPP5F,,,,,,,,,,,,
MCMBP,,,,,,,,,,,,
SEC23IP,,,,,,,,,,,,
PLPP4,,,,,,,,,,,,
WDR11,,,,,,,,,,,,
FGFR2,-0.2948320332357752,-0.11055564360424741,-0.20269383842001132,-0.9809255368656571,-0.4895773240527845,-0.7352514304592208,,,,-0.3265497025676085,-0.09964165076806816,-0.21309567666783835
ATE1,,,,,,,,,,,,
NSMCE4A,,,,,,,,,,,,
TACC2,,,,-0.9807003394530284,-0.1934020648286289,-0.5870512021408286,,,,,,
PLEKHA1,,,,,,,,,,,,
C10orf88,,,,,,,,,,,,
PSTK,,,,,,,,,,,,
IKZF5,,,,,,,,,,,,
ACADSB,,,,,,,,,,,,
BUB3,0.15560507709908525,0.3885023370497017,0.27205370707439347,,,,,,,,,
CHST15,,,,,,,,,,,,
OAT,,,,,,,,,,,,
LHPP,,,,,,,,,,,,
FAM53B,,,,-0.991635972630433,-0.37028343533545915,-0.680959703982946,,,,,,
EEF1AKMT2,,,,,,,,,,,,
ABRAXAS2,,,,,,,,,,,,
ZRANB1,,,,,,,,,,,,
CTBP2,,,,,,,,,,,,
EDRF1,,,,,,,,,,,,
UROS,,,,,,,,,,,,
BCCIP,,,,,,,,,,,,
DHX32,,,,,,,,,,,,
DOCK1,,,,,,,,,,,,
MKI67,0.1292774245982363,0.285600930520807,0.20743917755952163,,,,,,,,,
EBF3,-0.3596889272332407,-0.12686812073483145,-0.24327852398403607,-0.9898391088258701,-0.5315388062726054,-0.7606889575492377,,,,,,
GLRX3,,,,,,,,,,,,
PPP2R2D,,,,,,,,,,,,
BNIP3,,,,,,,,,,,,
STK32C,,,,,,,,,,,,
INPP5A,,,,,,,,,,,,
TUBGCP2,,,,,,,,,,,,
ZNF511,,,,,,,,,,,,
FUOM,,,,,,,,,,,,
ECHS1,,,,,,,,,,,,
MTG1,,,,,,,,,,,,
BET1L,,,,,,,,,,,,
RIC8A,,,,,,,,,,,,
SIRT3,,,,,,,,,,,,
PSMD13,,,,,,,,,,,,
IFITM2,0.10211926331184633,0.28430195534442065,0.1932106093281335,,,,,,,,,
IFITM1,,,,,,,,,,,,
SIGIRR,,,,,,,,,,,,
PTDSS2,,,,,,,,,,,,
RNH1,,,,,,,,,,,,
HRAS,,,,,,,,,,,,
RASSF7,,,,,,,,,,,,
PHRF1,,,,,,,,,,,,
DEAF1,,,,,,,,,,,,
TMEM80,,,,,,,,,,,,
TALDO1,,,,,,,,,,,,
GATD1,,,,,,,,,,,,
SLC25A22,,,,-0.985759411681589,-0.47345504679370093,-0.729607229237645,,,,,,
RPLP2,,,,,,,,,,,,
PNPLA2,0.16131882967593486,0.4093878390144349,0.28535333434518484,,,,0.12163533363727141,0.5449972721987604,0.3333163029180159,,,
CD151,,,,,,,,,,,,
POLR2L,,,,,,,,,,,,
TSPAN4,,,,,,,,,,,,
CHID1,,,,,,,,,,,,
AP2A2,,,,,,,,,,,,
TOLLIP,,,,,,,,,,,,
BRSK2,,,,,,,,,,,,
MOB2,,,,,,,,,,,,
CTSD,0.06576166915888963,0.35308937538540597,0.2094255222721478,,,,,,,,,
MRPL23,,,,,,,,,,,,
CD81,0.22786405030923396,0.4473193200194689,0.33759168516435145,,,,0.23986553930003787,0.5344725368073812,0.3871690380537095,,,
TSSC4,0.10590620311131096,0.3339009110493687,0.21990355708033982,,,,,,,,,
CDKN1C,,,,,,,,,,,,
PHLDA2,,,,,,,,,,,,
NAP1L4,,,,,,,,,,,,
CARS1,,,,,,,,,,,,
OSBPL5,,,,,,,,,,,,
ZNF195,,,,,,,,,,,,
ART5,,,,,,,,,,,,
NUP98,,,,,,,,,,,,
PGAP2,,,,,,,,,,,,
RHOG,0.07724143203268609,0.3172571560483399,0.19724929404051297,,,,,,,,,
STIM1,,,,,,,,,,,,
RRM1,,,,,,,,,,,,
APBB1,,,,,,,,,,,,
ARFIP2,,,,,,,,,,,,
TIMM10B,,,,,,,,,,,,
DNHD1,,,,,,,,,,,,
RRP8,,,,,,,,,,,,
ILK,,,,,,,,,,,,
TAF10,,,,,,,,,,,,
MRPL17,,,,,,,,,,,,
ZNF215,,,,,,,,,,,,
EIF3F,0.18800106615613763,0.4663476268126065,0.32717434648437205,,,,,,,,,
TUB,-0.3816742027520594,-0.1171375614294795,-0.24940588209076944,,,,,,,,,
STK33,-0.2933752835613164,-0.05810394477782359,-0.17573961416957,,,,,,,,,
TRIM66,,,,,,,,,,,,
RPL27A,,,,,,,,,,,,
DENND2B,,,,,,,,,,,,
AKIP1,,,,,,,,,,,,
TMEM9B,0.07321280349252493,0.3224620324692749,0.19783741798089993,,,,,,,,,
NRIP3,,,,,,,,,,,,
DENND5A,,,,,,,,,,,,
TMEM41B,,,,,,,,,,,,
IPO7,,,,,,,,,,,,
ZNF143,,,,,,,,,,,,
WEE1,,,,,,,,,,,,
SWAP70,,,,,,,,,,,,
SBF2,,,,,,,,,,,,
RNF141,0.11360536619936959,0.36253366463386827,0.23806951541661892,,,,,,,,,
CTR9,,,,,,,,,,,,
EIF4G2,,,,,,,,,,,,
ZBED5,,,,,,,,,,,,
GALNT18,,,,,,,,,,,,
USP47,,,,,,,,,,,,
PARVA,,,,,,,,,,,,
TEAD1,,,,,,,,,,,,
BTBD10,,,,,,,,,,,,
FAR1,,,,,,,,,,,,
SPON1,,,,-0.9937233390847156,-0.43710684348321766,-0.7154150912839666,,,,,,
RRAS2,,,,,,,,,,,,
COPB1,,,,,,,,,,,,
PSMA1,,,,,,,,,,,,
PDE3B,,,,,,,,,,,,
CYP2R1,,,,,,,,,,,,
CALCB,,,,,,,,,,,,
SOX6,,,,,,,,,,,,
C11orf58,,,,,,,,,,,,
PLEKHA7,,,,,,,,,,,,
RPS13,,,,,,,,,,,,
PIK3C2A,,,,,,,,,,,,
NUCB2,0.17564377690840047,0.4483769299351394,0.3120103534217699,,,,0.16413039505947716,0.4973266015022561,0.33072849828086665,,,
NCR3LG1,,,,,,,,,,,,
SERGEF,,,,,,,,,,,,
SAAL1,,,,,,,,,,,,
HPS5,,,,,,,,,,,,
GTF2H1,,,,,,,,,,,,
LDHA,,,,,,,,,,,,
LDHC,,,,-0.9898132990274485,-0.3974766676916842,-0.6936449833595664,,,,,,
TSG101,,,,,,,,,,,,
UEVLD,,,,,,,,,,,,
MISFA,,,,,,,,,,,,
SPTY2D1,,,,,,,,,,,,
ZDHHC13,,,,,,,,,,,,
E2F8,-0.2670952261967896,-0.05512954046263351,-0.16111238332971156,,,,,,,,,
NAV2,,,,,,,,,,,,
HTATIP2,0.09792971017711392,0.3726211596778277,0.23527543492747083,,,,,,,,,
PRMT3,,,,,,,,,,,,
ANO5,,,,,,,,,,,,
SVIP,,,,,,,,,,,,
CCDC34,,,,,,,,,,,,
LGR4,,,,,,,,,,,,
LIN7C,,,,,,,,,,,,
KIF18A,,,,,,,,,,,,
METTL15,,,,,,,,,,,,
ARL14EP,,,,,,,,,,,,
MPPED2,,,,,,,,,,,,
DNAJC24,,,,,,,,,,,,
IMMP1L,,,,,,,,,,,,
ELP4,,,,,,,,,,,,
PAX6,,,,,,,,,,,,
RCN1,,,,,,,,,,,,
WT1,-0.20494972853801266,-0.01726230468478513,-0.11110601661139889,,,,,,,,,
EIF3M,,,,,,,,,,,,
CCDC73,-0.25786648652441047,-0.14479589227900266,-0.20133118940170658,-0.9874855874409776,-0.4500186910847744,-0.718752139262876,-0.22787054492317024,-0.11995228887156202,-0.17391141689736614,-0.385176615853501,-0.1961924640042824,-0.2906845399288917
PRRG4,,,,,,,,,,,,
QSER1,,,,,,,,,,,,
DEPDC7,,,,,,,,,,,,
TCP11L1,,,,,,,,,,,,
CSTF3,,,,,,,,,,,,
HIPK3,,,,,,,,,,,,
KIAA1549L,-0.24338219822819734,-0.06089491767877269,-0.15213855795348502,-0.9802273610635761,-0.22749596327133853,-0.6038616621674573,,,,,,
CD59,0.11707703793576711,0.36307569658841016,0.24007636726208864,,,,,,,,,
FBXO3,,,,,,,,,,,,
CAPRIN1,,,,,,,,,,,,
NAT10,,,,,,,,,,,,
ABTB2,,,,,,,,,,,,
CAT,,,,,,,,,,,,
APIP,,,,,,,,,,,,
PDHX,,,,,,,,,,,,
PAMR1,,,,,,,,,,,,
FJX1,,,,,,,,,,,,
TRIM44,,,,,,,,,,,,
LDLRAD3,,,,,,,,,,,,
COMMD9,,,,,,,,,,,,
TRAF6,,,,,,,,,,,,
IFTAP,,,,,,,,,,,,
LRRC4C,-0.24609117122022686,-0.1377305158067394,-0.19191084351348314,-0.9887527042958337,-0.5023681295933153,-0.7455604169445745,-0.14088375150802393,-0.04576892518895865,-0.09332633834849129,-0.3646355959393594,-0.18524364554976955,-0.27493962074456446
API5,,,,,,,,,,,,
TTC17,,,,,,,,,,,,
HSD17B12,,,,,,,,,,,,
ALKBH3,0.08409547072001376,0.34598477206898304,0.2150401213944984,,,,,,,,,
EXT2,,,,,,,,,,,,
ALX4,,,,,,,,,,,,
TSPAN18,,,,-0.9894375748630893,-0.3920988539166041,-0.6907682143898467,,,,,,
TP53I11,,,,,,,,,,,,
CRY2,,,,,,,,,,,,
PEX16,,,,,,,,,,,,
PHF21A,,,,,,,,,,,,
DGKZ,,,,,,,,,,,,
MDK,0.1046454092286661,0.34345591411932813,0.22405066167399712,,,,0.12526461236432976,0.39121550235749125,0.2582400573609105,,,
AMBRA1,,,,,,,,,,,,
ATG13,,,,,,,,,,,,
ARHGAP1,,,,,,,,,,,,
CKAP5,,,,,,,,,,,,
LRP4,,,,,,,,,,,,
CSTPP1,,,,,,,,,,,,
ARFGAP2,,,,,,,,,,,,
PACSIN3,,,,,,,,,,,,
DDB2,,,,,,,,,,,,
ACP2,,,,,,,,,,,,
NR1H3,,,,,,,,,,,,
MADD,,,,,,,,,,,,
SLC39A13,,,,,,,,,,,,
PSMC3,0.213479455627198,0.44394801325142264,0.3287137344393103,,,,,,,,,
CELF1,,,,,,,,,,,,
NDUFS3,0.13331829246186513,0.364182994689773,0.24875064357581905,,,,,,,,,
PTPMT1,,,,,,,,,,,,
MTCH2,,,,,,,,,,,,
FNBP4,,,,,,,,,,,,
NUP160,,,,,,,,,,,,
PTPRJ,,,,,,,,,,,,
OR5D3P,,,,-0.9837101590159971,-0.287333043181211,-0.635521601098604,,,,,,
TNKS1BP1,,,,,,,,,,,,
SSRP1,,,,,,,,,,,,
RTN4RL2,,,,,,,,,,,,
SLC43A1,,,,,,,,,,,,
TIMM10,,,,,,,,,,,,
CLP1,,,,,,,,,,,,
ZDHHC5,,,,,,,,,,,,
MED19,,,,,,,,,,,,
TMX2,,,,,,,,,,,,
SELENOH,0.15619779658589455,0.4288808833310524,0.2925393399584735,,,,,,,,,
CTNND1,,,,,,,,,,,,
ZFP91,,,,,,,,,,,,
OSBP,,,,,,,,,,,,
PATL1,,,,,,,,,,,,
STX3,,,,,,,,,,,,
MRPL16,,,,,,,,,,,,
CCDC86,,,,,,,,,,,,
PRPF19,,,,,,,,,,,,
TMEM109,,,,,,,,,,,,
TMEM132A,,,,,,,,,,,,
VPS37C,,,,,,,,,,,,
DDB1,,,,,,,,,,,,
TKFC,,,,,,,,,,,,
CYB561A3,,,,,,,,,,,,
TMEM138,,,,,,,,,,,,
TMEM216,,,,,,,,,,,,
CPSF7,,,,,,,,,,,,
SDHAF2,,,,,,,,,,,,
TMEM258,,,,,,,,,,,,
FEN1,,,,,,,,,,,,
FADS2,,,,,,,,,,,,
FADS1,,,,,,,,,,,,
FADS3,-0.2692078646736153,-0.14637207363309768,-0.20778996915335649,-0.9889468882110025,-0.5190288897112546,-0.7539878889611286,-0.17432028213581693,-0.056594844568953806,-0.11545756335238537,-0.35384621439957226,-0.16690727329116947,-0.26037674384537085
FTH1,,,,,,,,,,,,
INCENP,,,,,,,,,,,,
ASRGL1,,,,,,,,,,,,
AHNAK,,,,,,,,,,,,
EEF1G,0.1759923169605888,0.39965143849965556,0.2878218777301222,,,,,,,,,
TUT1,,,,,,,,,,,,
MTA2,,,,,,,,,,,,
B3GAT3,,,,,,,,,,,,
GANAB,,,,,,,,,,,,
INTS5,,,,,,,,,,,,
CSKMT,,,,,,,,,,,,
UQCC3,,,,,,,,,,,,
UBXN1,0.10640030549706583,0.37477661982698657,0.24058846266202621,,,,,,,,,
BSCL2,,,,,,,,,,,,
HNRNPUL2,,,,,,,,,,,,
TTC9C,,,,,,,,,,,,
POLR2G,0.12436862221623195,0.42741242183552375,0.2758905220258778,,,,,,,,,
TAF6L,,,,,,,,,,,,
TMEM223,,,,,,,,,,,,
TMEM179B,0.15584854199667666,0.42189704080581214,0.2888727914012444,,,,,,,,,
NXF1,,,,,,,,,,,,
STX5,,,,,,,,,,,,
WDR74,,,,,,,,,,,,
SLC3A2,,,,,,,,,,,,
PLAAT3,,,,,,,,,,,,
ATL3,,,,,,,,,,,,
RTN3,,,,,,,,,,,,
ZFTA,,,,,,,,,,,,
SPINDOC,,,,,,,,,,,,
MARK2,,,,,,,,,,,,
NAA40,,,,,,,,,,,,
COX8A,,,,,,,,,,,,
OTUB1,0.16319253710600465,0.4778660733021473,0.32052930520407596,,,,,,,,,
MACROD1,,,,,,,,,,,,
STIP1,,,,,,,,,,,,
TRPT1,,,,,,,,,,,,
NUDT22,0.09924385680171126,0.3213978133441728,0.21032083507294203,,,,,,,,,
DNAJC4,,,,,,,,,,,,
VEGFB,,,,,,,,,,,,
FKBP2,,,,,,,,,,,,
PPP1R14B,,,,,,,,,,,,
PLCB3,,,,,,,,,,,,
BAD,,,,,,,,,,,,
GPR137,,,,,,,,,,,,
ESRRA,,,,,,,,,,,,
TRMT112,0.12780838840873968,0.3627229820206411,0.2452656852146904,,,,,,,,,
PRDX5,0.23215966432671015,0.5462286157708554,0.3891941400487827,,,,,,,,,
RASGRP2,,,,,,,,,,,,
SF1,,,,,,,,,,,,
MEN1,,,,,,,,,,,,
EHD1,,,,,,,,,,,,
ATG2A,,,,,,,,,,,,
ARL2,,,,,,,,,,,,
SNX15,,,,,,,,,,,,
SAC3D1,,,,,,,,,,,,
CDCA5,,,,,,,,,,,,
ZFPL1,,,,,,,,,,,,
TMEM262,0.09758656898085961,0.303755190623443,0.20067087980215131,,,,,,,,,
VPS51,,,,,,,,,,,,
TM7SF2,0.22380099447162435,0.44119428748506834,0.33249764097834633,,,,0.08795681088015028,0.4563914105317801,0.2721741107059652,0.15376677784047257,0.5127002011577508,0.3332334894991117
ZNHIT2,,,,,,,,,,,,
FAU,0.09835142885190702,0.37342643240025536,0.23588893062608118,,,,,,,,,
SYVN1,,,,,,,,,,,,
MRPL49,0.08449230742490041,0.3299618802491886,0.20722709383704452,,,,,,,,,
CAPN1,,,,,,,,,,,,
POLA2,,,,,,,,,,,,
CDC42EP2,,,,,,,,,,,,
DPF2,,,,,,,,,,,,
FRMD8,,,,,,,,,,,,
SCYL1,,,,,,,,,,,,
LTBP3,,,,,,,,,,,,
ZNRD2,,,,,,,,,,,,
FAM89B,,,,,,,,,,,,
MAP3K11,,,,,,,,,,,,
PCNX3,,,,,,,,,,,,
RELA,,,,,,,,,,,,
KAT5,,,,,,,,,,,,
RNASEH2C,0.10513067453202989,0.40297967630668674,0.2540551754193583,,,,,,,,,
AP5B1,,,,,,,,,,,,
CFL1,0.21558673496935282,0.4865830739141122,0.3510849044417325,,,,,,,,,
MUS81,,,,,,,,,,,,
FIBP,,,,,,,,,,,,
CCDC85B,,,,,,,,,,,,
C11orf68,,,,,,,,,,,,
DRAP1,,,,,,,,,,,,
SART1,,,,,,,,,,,,
EIF1AD,,,,,,,,,,,,
BANF1,,,,,,,,,,,,
SF3B2,0.08313232957847227,0.34764274407217133,0.2153875368253218,,,,,,,,,
PACS1,,,,,,,,,,,,
KLC2,,,,,,,,,,,,
RAB1B,0.07198997076273547,0.3586809923918092,0.21533548157727234,,,,,,,,,
YIF1A,0.12247467887918054,0.4387475842060831,0.28061113154263184,,,,,,,,,
BRMS1,,,,,,,,,,,,
B4GAT1,0.1625930619279796,0.3878968588391754,0.2752449603835775,,,,0.15189657058239772,0.44049666872609117,0.29619661965424443,,,
SLC29A2,,,,,,,,,,,,
MRPL11,,,,,,,,,,,,
DPP3,,,,,,,,,,,,
BBS1,,,,,,,,,,,,
ZDHHC24,,,,,,,,,,,,
CCS,,,,,,,,,,,,
RBM14,,,,,,,,,,,,
RBM4,,,,,,,,,,,,
RBM4B,,,,,,,,,,,,
SPTBN2,,,,,,,,,,,,
C11orf80,,,,,,,,,,,,
RCE1,,,,,,,,,,,,
PC,,,,-0.9869515095703573,-0.4191179800539202,-0.7030347448121388,,,,,,
LRFN4,,,,,,,,,,,,
KDM2A,,,,,,,,,,,,
GRK2,,,,,,,,,,,,
ANKRD13D,,,,-0.9841315823507135,-0.21932071405983633,-0.6017261482052749,,,,,,
RAD9A,,,,,,,,,,,,
POLD4,0.1413860171180063,0.41302452664491845,0.2772052718814624,,,,,,,,,
PPP1CA,0.2149285397403561,0.4797146941414536,0.34732161694090485,,,,,,,,,
RPS6KB2,,,,,,,,,,,,
CORO1B,,,,,,,,,,,,
TMEM134,,,,,,,,,,,,
AIP,0.09763914682356056,0.33619303095657194,0.21691608889006625,,,,,,,,,
CDK2AP2,,,,,,,,,,,,
GSTP1,0.2490631810359256,0.4351577182223001,0.34211044962911286,,,,0.11591185245393398,0.3648994942458315,0.24040567334988275,,,
NDUFV1,0.2047104112576118,0.45332237400554126,0.32901639263157656,,,,0.1334823533539022,0.524799631015618,0.3291409921847601,,,
NUDT8,,,,,,,,,,,,
NDUFS8,,,,,,,,,,,,
CHKA,,,,,,,,,,,,
KMT5B,,,,,,,,,,,,
C11orf24,,,,,,,,,,,,
LRP5,,,,,,,,,,,,
PPP6R3,,,,,,,,,,,,
GAL,,,,,,,,,,,,
TESMIN,,,,,,,,,,,,
CPT1A,,,,,,,,,,,,
MRPL21,,,,,,,,,,,,
IGHMBP2,,,,,,,,,,,,
TPCN2,,,,,,,,,,,,
CCND1,,,,,,,,,,,,
LTO1,,,,,,,,,,,,
FADD,,,,,,,,,,,,
PPFIA1,,,,,,,,,,,,
CTTN,,,,,,,,,,,,
SHANK2,-0.23249844279685805,-0.11165809108983425,-0.17207826694334616,-0.9820380388311005,-0.44176707313328684,-0.7119025559821937,,,,-0.3249933507885345,-0.08097847188379852,-0.2029859113361665
DHCR7,,,,,,,,,,,,
NADSYN1,,,,,,,,,,,,
XNDC1N,,,,,,,,,,,,
RNF121,,,,,,,,,,,,
NUMA1,,,,,,,,,,,,
LAMTOR1,,,,,,,,,,,,
ANAPC15,,,,,,,,,,,,
INPPL1,,,,,,,,,,,,
CLPB,,,,,,,,,,,,
ARAP1,,,,,,,,,,,,
STARD10,,,,,,,,,,,,
FCHSD2,,,,,,,,,,,,
RELT,,,,,,,,,,,,
FAM168A,,,,,,,,,,,,
RAB6A,,,,,,,,,,,,
MRPL48,,,,,,,,,,,,
COA4,,,,,,,,,,,,
PAAF1,,,,,,,,,,,,
UCP2,,,,,,,,,,,,
C2CD3,,,,,,,,,,,,
PPME1,,,,,,,,,,,,
PGM2L1,,,,,,,,,,,,
LIPT2,,,,,,,,,,,,
POLD3,,,,,,,,,,,,
RNF169,,,,,,,,,,,,
XRRA1,-0.471212389881691,-0.13214776488803764,-0.30168007738486435,,,,-0.5968806986525951,-0.0812148243326894,-0.33904776149264226,,,
SPCS2,0.1804615905635147,0.4859106116558152,0.33318610110966496,,,,0.20674454801707745,0.4987779486719277,0.35276124834450256,,,
NEU3,,,,,,,,,,,,
ARRB1,,,,-0.9829051695992903,-0.3501543537286966,-0.6665297616639935,,,,,,
RPS3,0.2273312853881327,0.4042272282119932,0.3157792568000629,,,,,,,,,
SERPINH1,,,,,,,,,,,,
DGAT2,,,,,,,,,,,,
UVRAG,,,,,,,,,,,,
THAP12,,,,,,,,,,,,
EMSY,,,,,,,,,,,,
ACER3,,,,,,,,,,,,
PAK1,,,,,,,,,,,,
CLNS1A,,,,,,,,,,,,
AQP11,-0.3059501060083728,-0.06516444232369743,-0.18555727416603512,,,,,,,,,
RSF1,,,,,,,,,,,,
AAMDC,,,,,,,,,,,,
INTS4,,,,,,,,,,,,
NDUFC2,,,,,,,,,,,,
ALG8,,,,,,,,,,,,
GAB2,,,,,,,,,,,,
NARS2,,,,,,,-0.47339451027079926,-0.05388323192448394,-0.2636388710976416,,,
TENM4,-0.30610801844463026,-0.11611695783464518,-0.21111248813963773,,,,-0.3923179107974144,-0.08414172251938698,-0.2382298166584007,,,
PRCP,,,,,,,,,,,,
DDIAS,,,,,,,,,,,,
RAB30,,,,,,,,,,,,
PCF11,,,,,,,,,,,,
ANKRD42,,,,,,,,,,,,
CCDC90B,,,,,,,,,,,,
DLG2,-0.2747610159951561,-0.0898043054919324,-0.18228266074354427,-0.9767611826416454,-0.20518199046027977,-0.5909715865509626,,,,,,
TMEM126B,,,,,,,,,,,,
TMEM126A,,,,,,,,,,,,
CREBZF,,,,,,,,,,,,
PICALM,-0.2874156636648752,-0.040207091833543096,-0.16381137774920915,-0.9839610795813015,-0.4538541287352424,-0.7189076041582719,,,,,,
EED,,,,-0.9536334782634086,-0.11586658835637488,-0.5347500333098918,,,,,,
HIKESHI,,,,,,,,,,,,
PRSS23,0.08554602402196979,0.30215611271439213,0.19385106836818095,,,,,,,0.0769587300255692,0.33660381935208955,0.20678127468882937
TMEM135,,,,,,,,,,,,
RAB38,,,,,,,,,,,,
CTSC,,,,,,,,,,,,
CHORDC1,,,,,,,,,,,,
FAT3,,,,,,,-0.338404788794117,-0.0769406466385872,-0.2076727177163521,,,
SLC36A4,,,,,,,,,,,,
SMCO4,,,,,,,,,,,,
CEP295,,,,,,,,,,,,
TAF1D,,,,,,,,,,,,
C11orf54,,,,,,,,,,,,
MED17,,,,,,,,,,,,
MRE11,,,,,,,,,,,,
ANKRD49,,,,,,,,,,,,
AMOTL1,,,,,,,,,,,,
CWC15,,,,,,,,,,,,
KDM4D,,,,,,,,,,,,
SRSF8,,,,,,,,,,,,
ENDOD1,,,,,,,,,,,,
SESN3,,,,,,,,,,,,
FAM76B,,,,,,,,,,,,
CEP57,,,,,,,,,,,,
MTMR2,,,,,,,,,,,,
MAML2,,,,,,,,,,,,
CCDC82,,,,,,,,,,,,
JRKL,,,,,,,,,,,,
ARHGAP42,,,,,,,,,,,,
CEP126,,,,,,,,,,,,
CFAP300,,,,,,,,,,,,
YAP1,,,,,,,,,,,,
BIRC2,,,,,,,,,,,,
TMEM123,,,,,,,,,,,,
DCUN1D5,,,,,,,,,,,,
DYNC2H1,,,,,,,,,,,,
MSANTD4,,,,,,,,,,,,
KBTBD3,,,,,,,,,,,,
AASDHPPT,0.1447465948725641,0.3444343036217662,0.24459044924716516,,,,,,,,,
GUCY1A2,-0.294622609454403,-0.09875719315528765,-0.19668990130484532,-0.9858155440369318,-0.4853134262186363,-0.735564485127784,,,,,,
CWF19L2,,,,,,,,,,,,
ALKBH8,,,,,,,,,,,,
ELMOD1,,,,,,,,,,,,
SLC35F2,,,,-0.9892422244384147,-0.3551386670465365,-0.6721904457424757,,,,,,
RAB39A,-0.23939178805800387,-0.07236742826519836,-0.15587960816160112,,,,,,,,,
CUL5,,,,,,,,,,,,
ACAT1,,,,,,,,,,,,
NPAT,,,,,,,,,,,,
ATM,,,,,,,,,,,,
C11orf65,,,,,,,,,,,,
POGLUT3,,,,,,,,,,,,
EXPH5,,,,,,,,,,,,
DDX10,,,,,,,,,,,,
RDX,,,,,,,,,,,,
ZC3H12C,,,,,,,,,,,,
FDX1,,,,,,,,,,,,
ARHGAP20,,,,,,,,,,,,
LAYN,,,,,,,,,,,,
SIK2,-0.28447621536643874,-0.0447966144814786,-0.16463641492395867,-0.9804942201532445,-0.3670517615179059,-0.6737729908355752,,,,,,
PPP2R1B,,,,,,,,,,,,
ALG9,,,,,,,,,,,,
FDXACB1,,,,,,,,,,,,
CFAP68,,,,,,,,,,,,
DIXDC1,,,,,,,,,,,,
DLAT,,,,,,,,,,,,
PIH1D2,,,,,,,,,,,,
NKAPD1,,,,,,,,,,,,
TIMM8B,,,,,,,,,,,,
SDHD,,,,,,,,,,,,
PTS,,,,,,,,,,,,
NCAM1,-0.20861381620416924,-0.05318510815782197,-0.1308994621809956,,,,,,,,,
TTC12,,,,,,,,,,,,
ZW10,,,,,,,,,,,,
USP28,,,,,,,,,,,,
ZBTB16,,,,,,,,,,,,
C11orf71,,,,,,,,,,,,
RBM7,,,,,,,,,,,,
REXO2,,,,,,,,,,,,
CADM1,-0.5719061314706239,-0.19533025252058112,-0.3836181919956025,,,,-0.5619979262852686,-0.16271424862317146,-0.36235608745422,,,
BUD13,,,,,,,,,,,,
ZPR1,,,,,,,,,,,,
SIK3,,,,,,,,,,,,
PAFAH1B2,,,,,,,,,,,,
SIDT2,,,,,,,,,,,,
PCSK7,,,,,,,,,,,,
RNF214,,,,,,,,,,,,
BACE1,,,,,,,,,,,,
CEP164,,,,,,,,,,,,
FXYD6,,,,,,,,,,,,
UBE4A,,,,,,,,,,,,
ATP5MG,,,,,,,,,,,,
KMT2A,,,,-0.945719178959881,-0.18633690745073508,-0.5660280432053081,,,,,,
IFT46,,,,,,,,,,,,
ARCN1,,,,,,,,,,,,
PHLDB1,,,,,,,,,,,,
DDX6,,,,,,,,,,,,
BCL9L,,,,,,,,,,,,
CENATAC,,,,,,,,,,,,
RPS25,,,,,,,,,,,,
TRAPPC4,,,,,,,,,,,,
SLC37A4,,,,,,,,,,,,
HYOU1,,,,,,,,,,,,
VPS11,,,,,,,,,,,,
HMBS,,,,,,,,,,,,
DPAGT1,,,,,,,,,,,,
HINFP,,,,,,,,,,,,
NLRX1,-0.27043151177821684,-0.12157379617818284,-0.19600265397819983,-0.9863866385848666,-0.4368056648994715,-0.7115961517421691,-0.22546054757552453,-0.030492826234973937,-0.12797668690524924,-0.3484406857345616,-0.08603260796763938,-0.2172366468511005
CBL,,,,,,,,,,,,
RNF26,,,,,,,,,,,,
USP2,,,,,,,,,,,,
NECTIN1,,,,,,,,,,,,
OAF,,,,,,,,,,,,
POU2F3,,,,,,,,,,,,
TLCD5,,,,,,,,,,,,
ARHGEF12,,,,,,,,,,,,
GRIK4,,,,,,,,,,,,
TBCEL,,,,,,,,,,,,
SC5D,,,,,,,,,,,,
SORL1,,,,,,,,,,,,
UBASH3B,,,,,,,,,,,,
JHY,,,,,,,,,,,,
HSPA8,0.15583693464033366,0.3186159721973882,0.23722645341886092,,,,,,,,,
CLMP,,,,,,,,,,,,
GRAMD1B,,,,,,,,,,,,
ZNF202,,,,-0.9877347866422767,-0.2785929012461595,-0.6331638439442181,,,,,,
TBRG1,,,,,,,,,,,,
SPA17,0.08702863314728654,0.31061079896737,0.19881971605732826,,,,,,,,,
NRGN,,,,,,,,,,,,
MSANTD2,,,,,,,,,,,,
CCDC15,,,,,,,,,,,,
TMEM218,,,,,,,,,,,,
PKNOX2,,,,,,,,,,,,
FEZ1,,,,,,,,,,,,
EI24,,,,,,,,,,,,
STT3A,,,,,,,,,,,,
CHEK1,,,,,,,,,,,,
PUS3,,,,,,,,,,,,
CDON,,,,,,,,,,,,
RPUSD4,,,,,,,,,,,,
FAM118B,,,,,,,,,,,,
SRPRA,,,,,,,,,,,,
FOXRED1,,,,,,,,,,,,
TIRAP,,,,,,,,,,,,
DCPS,,,,,,,,,,,,
ST3GAL4,,,,,,,,,,,,
FLI1,,,,,,,,,,,,
ARHGAP32,,,,,,,,,,,,
BARX2,,,,,,,,,,,,
NFRKB,,,,,,,,,,,,
PRDM10,,,,,,,,,,,,
APLP2,,,,,,,,,,,,
ZBTB44,,,,,,,,,,,,
JAM3,,,,,,,,,,,,
NCAPD3,,,,,,,,,,,,
VPS26B,,,,,,,,,,,,
THYN1,,,,,,,,,,,,
ACAD8,,,,,,,,,,,,
GLB1L2,,,,,,,,,,,,
KDM5A,,,,,,,,,,,,
CCDC77,,,,,,,,,,,,
B4GALNT3,,,,,,,,,,,,
WNK1,,,,,,,,,,,,
RAD52,,,,,,,,,,,,
ERC1,,,,,,,,,,,,
WNT5B,,,,,,,,,,,,
FBXL14,,,,,,,,,,,,
ADIPOR2,,,,,,,,,,,,
DCP1B,,,,,,,,,,,,
CACNA1C,-0.262271152403506,-0.09372028480629932,-0.17799571860490265,,,,,,,,,
FKBP4,,,,,,,,,,,,
ITFG2,,,,,,,,,,,,
FOXM1,,,,,,,,,,,,
RHNO1,,,,,,,,,,,,
TULP3,,,,,,,,,,,,
TEAD4,,,,,,,,,,,,
TSPAN9,,,,,,,,,,,,
CRACR2A,,,,,,,,,,,,
PARP11,,,,,,,,,,,,
CCND2,,,,,,,,,,,,
TIGAR,,,,,,,,,,,,
FGF23,-0.18025658813881146,-0.10072676062834847,-0.14049167438357996,-0.9265354603302102,-0.29805534396370115,-0.6122954021469557,-0.285863372077684,-0.10314308631249737,-0.19450322919509067,-0.3018526798503748,-0.18109297559891196,-0.24147282772464337
C12orf4,,,,,,,,,,,,
RAD51AP1,,,,-0.9848806805959636,-0.2735375692946787,-0.6292091249453211,,,,,,
DYRK4,,,,,,,,,,,,
NDUFA9,0.1452473352965447,0.44762712092202667,0.2964372281092857,,,,0.15244336885301402,0.5383091555214307,0.34537626218722234,,,
CD9,0.09611507156971254,0.34341433563813467,0.2197647036039236,,,,,,,,,
TNFRSF1A,,,,,,,,,,,,
MRPL51,,,,,,,,,,,,
NCAPD2,,,,,,,,,,,,
GAPDH,0.284865450705355,0.47183528179695716,0.3783503662511561,,,,0.17006576258541387,0.4213433704788855,0.29570456653214966,,,
IFFO1,,,,-0.9780575066056532,-0.3081551525361013,-0.6431063295708772,,,,,,
NOP2,,,,,,,,,,,,
CHD4,,,,,,,,,,,,
ING4,,,,,,,,,,,,
ZNF384,,,,,,,,,,,,
COPS7A,,,,,,,,,,,,
MLF2,0.2907922559703328,0.48561074317672653,0.3882014995735297,,,,0.15251489764436413,0.42019372023127166,0.2863543089378179,0.33243574716297847,0.603212840001298,0.4678242935821383
PTMS,,,,,,,,,,,,
P3H3,,,,,,,,,,,,
CDCA3,0.20568060802101462,0.4282009502549659,0.31694077913799024,,,,,,,,,
USP5,,,,,,,,,,,,
TPI1,,,,,,,,,,,,
LRRC23,,,,,,,,,,,,
ATN1,,,,,,,,,,,,
C12orf57,,,,,,,,,,,,
PHB2,,,,,,,,,,,,
EMG1,,,,,,,,,,,,
LPCAT3,,,,,,,,,,,,
C1S,,,,,,,,,,,,
PEX5,,,,,,,,,,,,
NECAP1,,,,,,,,,,,,
RIMKLB,,,,,,,,,,,,
PHC1,,,,,,,,,,,,
M6PR,0.10102398169993305,0.3942426403696207,0.24763331103477687,,,,,,,,,
KLRG1,,,,,,,,,,,,
CLEC2D,,,,,,,,,,,,
GABARAPL1,,,,,,,,,,,,
MAGOHB,,,,,,,,,,,,
YBX3,,,,,,,,,,,,
PRH1,,,,,,,,,,,,
SMIM10L1,,,,,,,0.11683727105206154,0.4536018216697483,0.2852195463609049,,,
ETV6,,,,,,,,,,,,
BCL2L14,-0.3659347988523565,-0.1490479046471086,-0.2574913517497326,,,,,,,-0.4477977372241859,-0.11306525776088348,-0.2804314974925347
LRP6,,,,,,,,,,,,
BORCS5,,,,,,,,,,,,
DUSP16,,,,,,,,,,,,
CREBL2,,,,,,,,,,,,
CDKN1B,,,,,,,,,,,,
APOLD1,,,,,,,,,,,,
HEBP1,,,,,,,,,,,,
FAM234B,-0.3405003993543095,-0.07033443005047926,-0.20541741470239439,,,,,,,,,
ATF7IP,,,,,,,,,,,,
WBP11,,,,,,,,,,,,
RERG,-0.24336449644217537,-0.09269187944955987,-0.1680281879458676,-0.9818831800605791,-0.3186974427696804,-0.6502903114151297,-0.269024084528694,-0.05118398509757775,-0.16010403481313587,,,
EPS8,,,,,,,,,,,,
STRAP,,,,,,,,,,,,
DERA,,,,,,,,,,,,
MGST1,,,,,,,,,,,,
PLEKHA5,,,,,,,,,,,,
AEBP2,,,,,,,,,,,,
PDE3A,-0.19284057890175355,-0.07074066196668086,-0.1317906204342172,-0.9840941452284216,-0.3675685976938136,-0.6758313714611176,-0.26768625896040743,-0.03421892533538147,-0.15095259214789444,,,
PYROXD1,,,,,,,,,,,,
RECQL,,,,,,,,,,,,
GOLT1B,0.06214494735218313,0.28169867569070833,0.17192181152144573,,,,,,,,,
LDHB,0.19663892192914573,0.37469856558214415,0.28566874375564494,,,,,,,,,
KCNJ8,,,,,,,,,,,,
CMAS,0.08266899406272944,0.35811001218635063,0.22038950312454003,,,,,,,,,
C2CD5,,,,,,,,,,,,
ETNK1,,,,,,,,,,,,
SOX5,-0.273371604855187,-0.10154621038475554,-0.18745890761997128,,,,,,,,,
BCAT1,,,,,,,,,,,,
ETFRF1,,,,,,,,,,,,
KRAS,,,,,,,,,,,,
RASSF8,,,,,,,,,,,,
SSPN,,,,,,,,,,,,
ITPR2,,,,,,,,,,,,
INTS13,,,,,,,,,,,,
FGFR1OP2,,,,,,,,,,,,
TM7SF3,,,,,,,,,,,,
MED21,,,,,,,,,,,,
STK38L,,,,,,,,,,,,
BMAL2,,,,,,,,,,,,
PPFIBP1,,,,,,,,,,,,
MRPS35,,,,,,,,,,,,
KLHL42,,,,,,,,,,,,
CCDC91,,,,,,,,,,,,
FAR2,-0.2571926844022651,-0.05874804045541185,-0.1579703624288385,,,,,,,,,
ERGIC2,,,,,,,,,,,,
TMTC1,,,,,,,,,,,,
IPO8,,,,,,,,,,,,
CAPRIN2,,,,,,,,,,,,
DDX11,,,,,,,,,,,,
SINHCAF,,,,,,,,,,,,
DENND5B,,,,,,,,,,,,
AMN1,,,,,,,,,,,,
RESF1,,,,,,,,,,,,
BICD1,,,,,,,,,,,,
FGD4,,,,,,,,,,,,
DNM1L,,,,,,,,,,,,
YARS2,,,,,,,,,,,,
PKP2,,,,,,,,,,,,
CPNE8,,,,,,,,,,,,
KIF21A,,,,,,,,,,,,
C12orf40,-0.3279415338596433,-0.14414593592497021,-0.23604373489230676,-0.9830383927894017,-0.46079246868822993,-0.7219154307388158,-0.39271379065392314,-0.09923501948680027,-0.24597440507036172,-0.431614480978196,-0.18584154946618905,-0.3087280152221925
SLC2A13,,,,,,,,,,,,
CNTN1,-0.24634121303422804,-0.07198889523217455,-0.1591650541332013,-0.9932013444097926,-0.41657789497753317,-0.7048896196936629,,,,,,
GXYLT1,,,,,,,,,,,,
YAF2,,,,,,,,,,,,
PPHLN1,,,,,,,,,,,,
ZCRB1,,,,,,,,,,,,
PRICKLE1,,,,,,,,,,,,
ADAMTS20,-0.27637939784751264,-0.11672353014571366,-0.19655146399661316,-0.9836131907984268,-0.31231755313837817,-0.6479653719684024,,,,,,
PUS7L,,,,,,,,,,,,
IRAK4,,,,,,,,,,,,
TWF1,,,,,,,,,,,,
TMEM117,,,,,,,-0.29743117628692084,-0.023656727090049394,-0.16054395168848512,,,
NELL2,,,,-0.9912030422918854,-0.48302039717702794,-0.7371117197344567,,,,,,
ANO6,,,,,,,,,,,,
ARID2,,,,,,,,,,,,
SCAF11,,,,,,,,,,,,
SLC38A1,,,,,,,,,,,,
SLC38A2,,,,,,,,,,,,
RPAP3,,,,,,,,,,,,
SLC48A1,-0.22529940706584617,-0.10875864894571478,-0.16702902800578048,-0.9811461920332039,-0.44205109485461397,-0.7115986434439089,-0.1847907324929518,-0.060510165954173606,-0.1226504492235627,-0.3093077676964342,-0.09577636889110383,-0.20254206829376903
HDAC7,,,,-0.970021660724135,-0.20181115210092931,-0.5859164064125322,,,,,,
TMEM106C,,,,,,,,,,,,
COL2A1,,,,,,,,,,,,
SENP1,,,,,,,,,,,,
PFKM,,,,,,,,,,,,
ASB8,,,,,,,,,,,,
KANSL2,,,,,,,,,,,,
CCNT1,,,,,,,,,,,,
ADCY6,,,,,,,,,,,,
DDX23,,,,,,,,,,,,
CCDC65,-0.32691776819608354,-0.07958708381266204,-0.2032524260043728,,,,,,,,,
FKBP11,,,,,,,,,,,,
ARF3,,,,,,,,,,,,
PRKAG1,,,,,,,,,,,,
KMT2D,,,,,,,,,,,,
LMBR1L,,,,,,,,,,,,
TUBA1B,0.19039236073645677,0.44281359150996774,0.31660297612321225,,,,,,,,,
TUBA1A,0.182065088543108,0.4031076364085291,0.29258636247581854,,,,,,,0.09425077701886411,0.48673968379314475,0.29049523040600445
TUBA1C,0.24467135070935392,0.46211095993218415,0.35339115532076903,,,,0.18526860322546213,0.4546061245676426,0.31993736389655236,0.22666798664508656,0.5559447822074371,0.39130638442626187
TROAP,,,,,,,,,,,,
SPATS2,,,,,,,,,,,,
MCRS1,,,,,,,,,,,,
PRPF40B,,,,,,,,,,,,
FMNL3,,,,,,,,,,,,
TMBIM6,0.27694928864000934,0.5417886901501934,0.40936898939510136,,,,,,,,,
NCKAP5L,,,,,,,,,,,,
BCDIN3D,,,,,,,,,,,,
RACGAP1,,,,,,,-0.5348389015602981,-0.07612148333890043,-0.3054801924495993,,,
ASIC1,,,,,,,,,,,,
SMARCD1,,,,,,,,,,,,
COX14,,,,,,,,,,,,
CERS5,,,,,,,,,,,,
LIMA1,-0.17746246400870758,-0.054021403510774064,-0.11574193375974082,-0.9397828994643478,-0.3094844198586285,-0.6246336596614881,,,,,,
LARP4,,,,,,,,,,,,
DIP2B,,,,,,,,,,,,
ATF1,,,,,,,,,,,,
METTL7A,,,,,,,,,,,,
SLC11A2,,,,,,,,,,,,
LETMD1,,,,,,,,,,,,
CSRNP2,,,,,,,,,,,,
TFCP2,,,,,,,,,,,,
DAZAP2,0.08841535162344553,0.32316065234758157,0.20578800198551356,,,,,,,,,
GALNT6,,,,,,,,,,,,
SCN8A,,,,,,,,,,,,
ACVR1B,,,,,,,,,,,,
ATG101,,,,,,,,,,,,
KRT8,,,,,,,,,,,,
KRT18,,,,,,,,,,,,
EIF4B,,,,,,,,,,,,
CSAD,,,,,,,,,,,,
ZNF740,,,,,,,,,,,,
MFSD5,,,,,,,,,,,,
ESPL1,,,,,,,,,,,,
PFDN5,,,,,,,,,,,,
MYG1,,,,,,,,,,,,
AAAS,,,,,,,,,,,,
SP1,,,,,,,,,,,,
PRR13,,,,,,,,,,,,
PCBP2,,,,,,,,,,,,
MAP3K12,-0.4300380370284245,-0.13700907631353895,-0.2835235566709817,,,,-0.4604561165037507,-0.04510309742232642,-0.25277960696303853,-0.48193597744221817,-0.09687701339843342,-0.2894064954203258
TARBP2,,,,,,,,,,,,
ATF7,,,,-0.9837657199805547,-0.34941614636613433,-0.6665909331733445,,,,,,
ATP5MC2,0.1184268311870797,0.3668276484960974,0.24262723984158854,,,,,,,,,
HOXC10,,,,,,,,,,,,
HOXC6,,,,,,,,,,,,
HOXC9,,,,,,,,,,,,
HOXC8,,,,,,,,,,,,
HOXC4,,,,,,,,,,,,
SMUG1,,,,,,,,,,,,
CBX5,,,,,,,,,,,,
HNRNPA1,,,,,,,,,,,,
COPZ1,,,,,,,,,,,,
ZNF385A,,,,,,,,,,,,
ITGA5,,,,,,,,,,,,
PPP1R1A,,,,,,,,,,,,
BLOC1S1,,,,,,,,,,,,
CD63,0.31606115042628696,0.5857036442530358,0.4508823973396614,,,,0.19594278858830141,0.4762478756844694,0.3360953321363854,0.1877718586630925,0.6343171855156758,0.4110445220893842
GDF11,,,,,,,,,,,,
SARNP,,,,,,,,,,,,
ORMDL2,0.11302666348499725,0.37098038214991286,0.24200352281745505,,,,0.16739987307001003,0.5304747702016575,0.34893732163583374,,,
DNAJC14,,,,,,,,,,,,
PYM1,,,,,,,,,,,,
CDK2,,,,,,,,,,,,
RAB5B,,,,,,,,,,,,
RPS26,,,,,,,,,,,,
PA2G4,,,,,,,,,,,,
RPL41,,,,,,,,,,,,
ESYT1,,,,,,,,,,,,
MYL6B,,,,,,,,,,,,
MYL6,0.27817591066808073,0.47487428861213404,0.3765250996401074,,,,0.275070851131846,0.5411210599451729,0.4080959555385094,0.14509186764411078,0.4545028499170447,0.2997973587805777
SMARCC2,,,,,,,,,,,,
RNF41,,,,,,,,,,,,
NABP2,,,,,,,,,,,,
ANKRD52,,,,,,,,,,,,
COQ10A,,,,,,,,,,,,
CS,,,,,,,,,,,,
CNPY2,,,,,,,,,,,,
STAT2,,,,-0.9897837138474456,-0.45999623935996486,-0.7248899766037052,,,,,,
TIMELESS,,,,,,,,,,,,
SPRYD4,,,,,,,,,,,,
RBMS2,,,,,,,,,,,,
BAZ2A,0.07838127499926334,0.2969262956254316,0.18765378531234747,,,,,,,,,
ATP5F1B,,,,,,,,,,,,
PTGES3,,,,,,,,,,,,
NACA,,,,,,,,,,,,
PRIM1,,,,,,,,,,,,
ZBTB39,,,,,,,,,,,,
NEMP1,,,,,,,,,,,,
STAT6,,,,,,,,,,,,
LRP1,,,,,,,,,,,,
SHMT2,,,,,,,,,,,,
R3HDM2,-0.48171257451817506,-0.193301116873474,-0.33750684569582456,,,,-0.5722501132251355,-0.19274428922150316,-0.3824972012233193,,,
MARS1,,,,,,,,,,,,
MBD6,,,,,,,,,,,,
DCTN2,,,,,,,,,,,,
KIF5A,-0.34372684361718625,-0.10953998153674434,-0.2266334125769653,,,,,,,-0.3852418637113891,-0.06768766884978014,-0.2264647662805846
PIP4K2C,,,,,,,,,,,,
OS9,0.1173128922972655,0.37563359834101767,0.24647324531914158,,,,,,,,,
TSPAN31,,,,,,,,,,,,
CDK4,,,,,,,,,,,,
MARCHF9,,,,,,,,,,,,
METTL1,,,,,,,,,,,,
EEF1AKMT3,,,,,,,,,,,,
TSFM,,,,,,,,,,,,
CTDSP2,0.09906041339578495,0.30380933779841496,0.20143487559709994,,,,,,,,,
ATP23,,,,,,,,,,,,
LRIG3,,,,,,,,,,,,
TAFA2,,,,,,,,,,,,
USP15,,,,,,,,,,,,
MON2,,,,,,,,,,,,
PPM1H,,,,,,,,,,,,
RXYLT1,,,,,,,,,,,,
SRGAP1,,,,,,,,,,,,
KICS2,,,,,,,,,,,,
XPOT,,,,,,,,,,,,
TBK1,,,,,,,,,,,,
RASSF3,-0.510582621414193,-0.1706970845025973,-0.34063985295839516,,,,-0.6200106151817262,-0.20375700786443174,-0.41188381152307896,,,
GNS,,,,,,,,,,,,
TBC1D30,,,,-0.9940029743108373,-0.4272821582235394,-0.7106425662671884,,,,,,
LEMD3,,,,,,,,,,,,
MSRB3,,,,,,,,,,,,
HMGA2,,,,,,,,,,,,
LLPH,,,,,,,,,,,,
TMBIM4,0.12408758080385497,0.4350655822347578,0.27957658151930637,,,,,,,,,
HELB,,,,,,,,,,,,
GRIP1,-0.26983974472426137,-0.07967994217481551,-0.17475984344953843,,,,-0.308277963475256,-0.05910999431744852,-0.18369397889635225,,,
CAND1,,,,,,,,,,,,
DYRK2,,,,,,,,,,,,
MDM1,,,,,,,,,,,,
RAP1B,,,,,,,,,,,,
NUP107,,,,,,,,,,,,
SLC35E3,,,,,,,,,,,,
MDM2,,,,,,,,,,,,
CPM,,,,,,,,,,,,
CPSF6,,,,,,,,,,,,
YEATS4,,,,,,,,,,,,
FRS2,,,,,,,,,,,,
CCT2,,,,,,,,,,,,
RAB3IP,,,,,,,,,,,,
CNOT2,,,,,,,,,,,,
KCNMB4,,,,,,,,,,,,
TSPAN8,-0.22204729263044437,-0.13518776406699454,-0.17861752834871947,-0.9798438067977777,-0.43095129334623045,-0.7053975500720041,-0.25008214624212566,-0.12086272883805252,-0.18547243754008907,-0.35778589589221754,-0.1567576032775946,-0.25727174958490606
LGR5,,,,,,,,,,,,
ZFC3H1,,,,,,,,,,,,
THAP2,,,,,,,,,,,,
TMEM19,,,,,,,,,,,,
RAB21,,,,,,,,,,,,
TBC1D15,,,,,,,,,,,,
TRHDE,,,,,,,,,,,,
ATXN7L3B,0.09078884639217236,0.3293557497057817,0.21007229804897704,,,,,,,,,
CAPS2,,,,,,,,,,,,
GLIPR1,,,,,,,,,,,,
KRR1,,,,,,,,,,,,
NAP1L1,,,,,,,,,,,,
OSBPL8,,,,,,,,,,,,
ZDHHC17,,,,,,,,,,,,
CSRP2,,,,,,,,,,,,
E2F7,-0.35203482805346886,-0.10293736970739112,-0.22748609888042998,,,,,,,,,
SYT1,-0.3806608821993608,-0.1589785513262187,-0.2698197167627897,-0.9736137375111675,-0.2722288299206277,-0.6229212837158976,,,,-0.39639765912904,-0.10074185784025246,-0.24856975848464624
PAWR,,,,,,,,,,,,
PPP1R12A,,,,,,,,,,,,
LIN7A,,,,,,,,,,,,
ACSS3,,,,,,,,,,,,
PPFIA2,-0.3078645199819783,-0.09797743620021244,-0.20292097809109536,,,,,,,,,
CCDC59,,,,,,,,,,,,
METTL25,,,,,,,,,,,,
TMTC2,-0.43374483705365086,-0.18001471166476737,-0.3068797743592091,-0.9937306612614956,-0.4994673816059303,-0.7465990214337129,,,,,,
SLC6A15,-0.3587860572170475,-0.08786127421913328,-0.22332366571809037,-0.9864380072644464,-0.32505590809996693,-0.6557469576822067,,,,,,
ALX1,,,,,,,,,,,,
MGAT4C,-0.25575059862337857,-0.15782995809522612,-0.20679027835930236,-0.9789480514830229,-0.466082635318276,-0.7225153434006495,-0.2368583618392801,-0.1272344362309019,-0.182046399035091,-0.3490461272562044,-0.1837341638390714,-0.2663901455476379
C12orf29,,,,,,,,,,,,
CEP290,,,,,,,,,,,,
TMTC3,,,,,,,,,,,,
KITLG,,,,,,,,,,,,
POC1B,,,,,,,,,,,,
ATP2B1,,,,,,,,,,,,
BTG1,,,,,,,,,,,,
EEA1,,,,-0.9896714020886144,-0.3980706569885217,-0.693871029538568,,,,,,
NUDT4,-0.37026360616173964,-0.07223558290161423,-0.22124959453167695,,,,,,,,,
UBE2N,,,,,,,,,,,,
MRPL42,,,,,,,,,,,,
CRADD,,,,,,,,,,,,
CEP83,,,,,,,,,,,,
TMCC3,,,,,,,,,,,,
NDUFA12,,,,,,,,,,,,
NR2C1,,,,,,,,,,,,
FGD6,,,,,,,,,,,,
VEZT,,,,,,,,,,,,
METAP2,,,,,,,,,,,,
USP44,,,,,,,,,,,,
SNRPF,,,,,,,,,,,,
LTA4H,,,,,,,,,,,,
ELK3,,,,,,,,,,,,
CDK17,,,,,,,,,,,,
NEDD1,,,,,,,,,,,,
TMPO,,,,,,,,,,,,
SLC25A3,0.1403505275813493,0.37602596161477886,0.2581882445980641,,,,,,,,,
IKBIP,,,,,,,,,,,,
APAF1,,,,,,,,,,,,
ANKS1B,-0.24408241028332736,-0.07643180061338725,-0.1602571054483573,-0.9865353603078038,-0.31115655228115074,-0.6488459562944773,,,,,,
BLTP3B,,,,,,,,,,,,
ACTR6,,,,,,,,,,,,
DEPDC4,,,,,,,,,,,,
SCYL2,,,,,,,,,,,,
GAS2L3,,,,,,,,,,,,
ANO4,,,,,,,,,,,,
UTP20,,,,,,,,,,,,
ARL1,,,,,,,,,,,,
CHPT1,,,,,,,,,,,,
GNPTAB,,,,,,,,,,,,
WASHC3,,,,,,,,,,,,
NUP37,,,,,,,,,,,,
PARPBP,,,,,,,,,,,,
NT5DC3,,,,,,,,,,,,
HSP90B1,,,,,,,,,,,,
UQCC6,,,,,,,,,,,,
TDG,,,,,,,,,,,,
HCFC2,,,,,,,,,,,,
NFYB,,,,,,,,,,,,
TXNRD1,,,,,,,,,,,,
CHST11,-0.2624731242906901,-0.14840562967128818,-0.20543937698098913,-0.98787225507096,-0.4619723429740803,-0.7249222990225201,-0.41439799418057655,-0.09482962457624819,-0.2546138093784124,-0.4377385915415831,-0.13147599331577214,-0.28460729242867766
SLC41A2,,,,,,,,,,,,
NOPCHAP1,,,,,,,,,,,,
ALDH1L2,,,,,,,,,,,,
WASHC4,,,,,,,,,,,,
APPL2,,,,,,,,,,,,
C12orf75,,,,,,,,,,,,
NUAK1,,,,,,,,,,,,
CKAP4,0.13746174791565796,0.3406235372347728,0.23904264257521537,,,,,,,,,
POLR3B,,,,,,,,,,,,
RIC8B,,,,,,,,,,,,
TMEM263,,,,,,,,,,,,
MTERF2,,,,,,,,,,,,
CRY1,,,,,,,,,,,,
ABTB3,,,,-0.9862762231428897,-0.3019536131074084,-0.6441149181251491,,,,,,
PWP1,,,,,,,,,,,,
PRDM4,,,,,,,,,,,,
SART3,,,,,,,,,,,,
ISCU,,,,,,,,,,,,
CORO1C,,,,,,,,,,,,
SSH1,,,,,,,,,,,,
USP30,,,,,,,,,,,,
ALKBH2,,,,,,,,,,,,
UNG,-0.32499937624917796,-0.0986449607415743,-0.21182216849537613,,,,,,,,,
ACACB,,,,,,,,,,,,
KCTD10,,,,,,,,,,,,
UBE3B,,,,,,,,,,,,
MMAB,0.0877330884374066,0.30550972897929163,0.1966214087083491,,,,,,,,,
MVK,,,,,,,,,,,,
FAM222A,,,,,,,,,,,,
GLTP,,,,,,,,,,,,
TCHP,,,,,,,,,,,,
GIT2,,,,,,,,,,,,
ANKRD13A,,,,,,,,,,,,
C12orf76,,,,,,,,,,,,
IFT81,,,,,,,,,,,,
ATP2A2,,,,,,,,,,,,
ANAPC7,,,,,,,,,,,,
ARPC3,,,,,,,,,,,,
GPN3,,,,,,,,,,,,
FAM216A,,,,,,,,,,,,
VPS29,,,,,,,,,,,,
PPTC7,,,,,,,,,,,,
TCTN1,,,,,,,,,,,,
PPP1CC,0.08269809694104166,0.341921577562286,0.21230983725166386,,,,,,,,,
CUX2,-0.2530833514086627,-0.1120906801689208,-0.18258701578879177,-0.9852918200963966,-0.4702927432659044,-0.7277922816811505,-0.19906670125718157,-0.012827585789967962,-0.10594714352357476,-0.3457614160279616,-0.12995624608727196,-0.2378588310576168
SH2B3,,,,,,,,,,,,
ATXN2,,,,,,,,,,,,
BRAP,,,,,,,,,,,,
ACAD10,,,,,,,,,,,,
ALDH2,,,,,,,,,,,,
MAPKAPK5,,,,,,,,,,,,
TMEM116,,,,,,,,,,,,
ERP29,0.13230255514233957,0.4450114271731018,0.2886569911577207,,,,0.1172757418726208,0.4619639866893314,0.2896198642809761,,,
NAA25,,,,,,,,,,,,
TRAFD1,,,,,,,,,,,,
HECTD4,,,,,,,,,,,,
RPL6,,,,,,,,,,,,
PTPN11,,,,,,,,,,,,
DDX54,,,,,,,,,,,,
RITA1,,,,,,,,,,,,
TPCN1,,,,,,,,,,,,
PLBD2,,,,,,,,,,,,
RBM19,,,,,,,,,,,,
TBX3,,,,,,,,,,,,
MED13L,-0.4792239864990474,-0.16772563782887248,-0.32347481216395996,,,,-0.498147299824718,-0.0782079252317534,-0.2881776125282357,,,
SPRING1,,,,,,,,,,,,
RNFT2,-0.24644282517665234,-0.10473614402041785,-0.1755894845985351,-0.9872362531376353,-0.5098379732937455,-0.7485371132156904,-0.2112459054365638,-0.012876160491510018,-0.11206103296403691,-0.37333826057609937,-0.0820397723001698,-0.22768901643813458
HRK,,,,,,,,,,,,
FBXW8,,,,,,,,,,,,
TESC,-0.12172813467036626,-0.050614884040987906,-0.08617150935567708,-0.8643680980143571,-0.20563951702896835,-0.5350038075216628,,,,-0.2065997014172303,-0.020853268299918584,-0.11372648485857445
FBXO21,,,,,,,,,,,,
KSR2,,,,,,,,,,,,
RFC5,,,,,,,,,,,,
WSB2,-0.5529472645255099,-0.1923340298995359,-0.3726406472125229,,,,-0.6113057013343544,-0.1945069419956998,-0.40290632166502705,,,
VSIG10,,,,,,,,,,,,
PEBP1,,,,,,,,,,,,
TAOK3,,,,,,,,,,,,
SUDS3,,,,,,,,,,,,
PRKAB1,,,,,,,,,,,,
CIT,,,,,,,,,,,,
RAB35,,,,,,,,,,,,
GCN1,,,,,,,,,,,,
RPLP0,,,,,,,,,,,,
PXN,,,,,,,,,,,,
MSI1,,,,-0.966261187296799,-0.3457050027877152,-0.6559830950422572,,,,,,
COX6A1,0.27214905872751727,0.5313623310873431,0.4017556949074302,,,,0.22560155037569288,0.48489834338231796,0.3552499468790054,0.09751614012804402,0.3861722472975323,0.24184419371278815
TRIAP1,,,,,,,,,,,,
GATC,,,,,,,,,,,,
SRSF9,,,,,,,,,,,,
DYNLL1,0.17661205538294525,0.424997399999355,0.30080472769115013,,,,0.26813620531879995,0.4953757045607422,0.3817559549397711,,,
COQ5,,,,-0.9921890236844092,-0.5051876939963253,-0.7486883588403672,,,,,,
RNF10,,,,,,,,,,,,
POP5,,,,,,,,,,,,
MLEC,0.14400681043519947,0.37369649007711975,0.25885165025615964,,,,,,,,,
UNC119B,,,,,,,,,,,,
SPPL3,,,,,,,,,,,,
C12orf43,,,,,,,,,,,,
P2RX4,,,,,,,,,,,,
CAMKK2,,,,,,,,,,,,
ANAPC5,,,,,,,,,,,,
RNF34,,,,,,,,,,,,
KDM2B,,,,,,,,,,,,
ORAI1,,,,,,,,,,,,
TMEM120B,,,,,,,,,,,,
RHOF,,,,,,,,,,,,
SETD1B,,,,-0.9828329837866676,-0.3361195623488599,-0.6594762730677638,,,,,,
PSMD9,,,,,,,,,,,,
CFAP251,-0.2639680223508561,-0.15823909282192417,-0.21110355758639013,-0.9896440341647639,-0.6042524143040227,-0.7969482242343933,-0.22476393278515114,-0.07508107956659754,-0.14992250617587433,-0.3831305700043788,-0.2059916152464871,-0.29456109262543295
BCL7A,,,,,,,,,,,,
MLXIP,,,,,,,,,,,,
VPS33A,,,,,,,,,,,,
CLIP1,,,,,,,,,,,,
ZCCHC8,,,,,,,,,,,,
RSRC2,,,,,,,,,,,,
KNTC1,,,,,,,,,,,,
DENR,,,,,,,,,,,,
HIP1R,,,,,,,,,,,,
VPS37B,,,,,,,,,,,,
ABCB9,,,,,,,,,,,,
ARL6IP4,,,,,,,,,,,,
PITPNM2,,,,,,,,,,,,
MPHOSPH9,-0.5615609631216721,-0.1774101225239752,-0.36948554282282364,-0.9876144958368509,-0.2571488979100801,-0.6223816968734655,-0.5907950078458026,-0.06198431378862764,-0.32638966081721515,,,
MTRFR,,,,,,,,,,,,
CDK2AP1,,,,,,,,,,,,
SBNO1,,,,,,,,,,,,
KMT5A,,,,,,,,,,,,
RILPL2,,,,,,,,,,,,
SNRNP35,,,,,,,,,,,,
RILPL1,,,,,,,,,,,,
TMED2,,,,,,,,,,,,
DDX55,,,,,,,,,,,,
EIF2B1,,,,,,,,,,,,
GTF2H3,,,,,,,,,,,,
TCTN2,,,,,,,,,,,,
ATP6V0A2,,,,,,,,,,,,
CCDC92,,,,,,,,,,,,
ZNF664,,,,,,,,,,,,
NCOR2,,,,,,,,,,,,
SCARB1,,,,,,,,,,,,
UBC,0.16843071139460677,0.4159441702313065,0.2921874408129566,,,,,,,,,
DHX37,,,,,,,,,,,,
BRI3BP,,,,,,,,,,,,
AACS,,,,,,,,,,,,
SLC15A4,,,,,,,,,,,,
STX2,,,,,,,,,,,,
RAN,0.18585490094024681,0.3894767895007529,0.28766584522049987,,,,,,,,,
SFSWAP,,,,,,,,,,,,
ULK1,,,,,,,,,,,,
PUS1,,,,-0.9853527946940124,-0.4403171201576621,-0.7128349574258372,,,,,,
EP400,,,,,,,,,,,,
DDX51,,,,,,,,,,,,
NOC4L,,,,,,,,,,,,
FBRSL1,,,,,,,,,,,,
POLE,,,,,,,,,,,,
PXMP2,,,,,,,,,,,,
PGAM5,,,,,,,,,,,,
ANKLE2,,,,,,,,,,,,
GOLGA3,,,,,,,,,,,,
CHFR,,,,,,,,,,,,
ZNF26,,,,,,,,,,,,
ZNF84,,,,,,,,,,,,
ZNF140,,,,,,,,,,,,
ZNF891,,,,,,,,,,,,
ZNF10,,,,,,,,,,,,
ZNF268,,,,-0.9933958500129957,-0.39839140870173734,-0.6958936293573665,,,,,,
MPHOSPH8,,,,,,,,,,,,
PSPC1,,,,,,,,,,,,
ZMYM5,,,,,,,,,,,,
ZMYM2,,,,,,,,,,,,
CRYL1,,,,,,,,,,,,
IFT88,,,,,,,,,,,,
EEF1AKMT1,,,,,,,,,,,,
XPO4,,,,,,,,,,,,
LATS2,,,,,,,,,,,,
SAP18,0.10961207139050323,0.3575128726337757,0.23356247201213945,,,,,,,,,
SKA3,,,,,,,,,,,,
MRPL57,,,,,,,,,,,,
ZDHHC20,,,,,,,,,,,,
MICU2,,,,,,,,,,,,
SACS,,,,-0.9859227319034937,-0.31907322688511197,-0.6524979793943029,,,,,,
MIPEP,,,,,,,,,,,,
SPATA13,,,,,,,,,,,,
PARP4,,,,,,,,,,,,
CENPJ,,,,,,,,,,,,
MTMR6,,,,,,,,,,,,
NUP58,,,,,,,,,,,,
SHISA2,,,,,,,,,,,,
RNF6,,,,,,,,,,,,
CDK8,,,,,,,,,,,,
WASF3,,,,,,,,,,,,
USP12,,,,,,,,,,,,
RPL21,,,,,,,,,,,,
GTF3A,,,,,,,,,,,,
MTIF3,,,,,,,,,,,,
LNX2,,,,,,,,,,,,
POLR1D,,,,,,,,,,,,
CDX2,,,,,,,,,,,,
FLT3,-0.1943232953954744,-0.10918728114936692,-0.15175528827242066,-0.9634402491010294,-0.40988865947854797,-0.6866644542897887,-0.21567658424272929,0.008358000516443635,-0.10365929186314282,-0.28725178694133846,-0.16684869077221118,-0.22705023885677483
PAN3,,,,,,,,,,,,
FLT1,,,,-0.9860843582727349,-0.3645507654400281,-0.6753175618563815,,,,,,
POMP,,,,,,,,,,,,
SLC7A1,,,,,,,,,,,,
UBL3,,,,,,,,,,,,
KATNAL1,,,,,,,,,,,,
HMGB1,,,,,,,,,,,,
USPL1,,,,,,,,,,,,
HSPH1,,,,,,,,,,,,
B3GLCT,,,,,,,,,,,,
FRY,-0.22799150896091927,-0.054773751773227825,-0.14138263036707355,,,,-0.3866842486266677,-0.05169564265475674,-0.21918994564071223,,,
BRCA2,,,,,,,,,,,,
N4BP2L2,,,,,,,,,,,,
PDS5B,,,,,,,,,,,,
STARD13,,,,,,,-0.28961007051918075,-0.0510101472517567,-0.17031010888546871,,,
RFC3,,,,,,,,,,,,
NBEA,,,,,,,,,,,,
SPART,,,,,,,,,,,,
RFXAP,-0.15109969758078395,-0.039488870246666995,-0.09529428391372548,-0.9754967225607445,-0.35638059824629337,-0.6659386604035189,-0.25170928283281263,0.0021680310724491404,-0.12477062588018174,,,
SMAD9,,,,,,,,,,,,
ALG5,,,,,,,,,,,,
EXOSC8,,,,,,,,,,,,
SUPT20H,,,,,,,,,,,,
UFM1,,,,,,,,,,,,
FREM2,,,,,,,,,,,,
PROSER1,,,,,,,,,,,,
NHLRC3,,,,,,,,,,,,
LHFPL6,,,,,,,,,,,,
COG6,,,,,,,,,,,,
FOXO1,,,,,,,,,,,,
MRPS31,,,,,,,,,,,,
SLC25A15,,,,,,,,,,,,
ELF1,,,,,,,,,,,,
WBP4,,,,,,,,,,,,
KBTBD6,,,,,,,,,,,,
KBTBD7,,,,,,,,,,,,
MTRF1,,,,,,,,,,,,
NAA16,,,,,,,,,,,,
VWA8,-0.30262884900142994,-0.058593605883129785,-0.18061122744227986,,,,,,,,,
DGKH,,,,,,,,,,,,
AKAP11,,,,,,,,,,,,
ENOX1,-0.30353494125894004,-0.11464218540707857,-0.2090885633330093,,,,-0.3878328367174362,-0.1260892872630696,-0.25696106199025287,,,
CCDC122,,,,,,,,,,,,
TSC22D1,,,,,,,,,,,,
NUFIP1,,,,,,,,,,,,
GPALPP1,,,,,,,,,,,,
GTF2F2,,,,,,,,,,,,
TPT1,,,,,,,,,,,,
COG3,,,,,,,,,,,,
ZC3H13,,,,,,,,,,,,
LRCH1,,,,,,,,,,,,
ESD,0.1358155878997179,0.3819560062689184,0.25888579708431814,,,,,,,,,
SUCLA2,,,,,,,,,,,,
NUDT15,,,,,,,,,,,,
MED4,,,,,,,,,,,,
ITM2B,,,,,,,,,,,,
RB1,,,,,,,,,,,,
FNDC3A,,,,,,,,,,,,
CDADC1,,,,,,,,,,,,
SETDB2,,,,,,,,,,,,
RCBTB1,,,,-0.988536969050179,-0.40013263491938544,-0.6943348019847821,,,,,,
EBPL,,,,,,,,,,,,
KPNA3,,,,-0.9825251951943437,-0.21232530446928527,-0.5974252498318144,,,,,,
SPRYD7,,,,,,,,,,,,
TRIM13,,,,-0.9904013236191366,-0.36314826863018046,-0.6767747961246585,,,,,,
RNASEH2B,,,,,,,,,,,,
INTS6,,,,,,,,,,,,
WDFY2,-0.2764822261416943,-0.09212857743767372,-0.18430540178968402,-0.9826441184559007,-0.4647640729954458,-0.7237040957256733,,,,,,
ATP7B,,,,,,,,,,,,
ALG11,,,,,,,,,,,,
NEK3,,,,,,,,,,,,
VPS36,,,,,,,,,,,,
CKAP2,0.0634738004776321,0.2660227373651434,0.16474826892138777,,,,,,,,,
SUGT1,,,,,,,,,,,,
PCDH17,,,,,,,,,,,,
DIAPH3,-0.38069028870217236,-0.0641428504920398,-0.2224165695971061,,,,,,,,,
TDRD3,,,,,,,,,,,,
PCDH9,,,,,,,,,,,,
DACH1,-0.31158835643032395,-0.0656574943079682,-0.18862292536914607,,,,,,,,,
MZT1,,,,,,,,,,,,
BORA,,,,,,,,,,,,
DIS3,,,,,,,,,,,,
PIBF1,,,,,,,,,,,,
KLF5,,,,,,,,,,,,
KLF12,,,,,,,,,,,,
TBC1D4,,,,,,,,,,,,
COMMD6,,,,,,,,,,,,
UCHL3,,,,,,,,,,,,
LMO7,,,,,,,,,,,,
KCTD12,,,,,,,,,,,,
CLN5,,,,,,,,,,,,
FBXL3,,,,,,,,,,,,
MYCBP2,,,,,,,,,,,,
SLAIN1,,,,,,,,,,,,
POU4F1,,,,,,,,,,,,
OBI1,,,,,,,,,,,,
RBM26,,,,,,,,,,,,
NDFIP2,,,,,,,,,,,,
SPRY2,,,,,,,,,,,,
SLITRK5,-0.3184815164315494,-0.08274383596517382,-0.20061267619836162,-0.9953589365678517,-0.5679502493062601,-0.781654592937056,,,,,,
GPC5,-0.2315936780739272,-0.06228535175035238,-0.1469395149121398,,,,-0.3321904792194915,-0.07426766028364565,-0.20322906975156857,,,
GPC6,-0.4173083883931572,-0.20268015481818477,-0.309994271605671,,,,-0.4184471119758636,-0.16822583458668466,-0.2933364732812741,-0.3905004524345191,-0.1024942468811453,-0.2464973496578322
TGDS,,,,-0.9925786777395724,-0.5944644317449952,-0.7935215547422838,,,,,,
GPR180,,,,,,,,,,,,
ABCC4,,,,,,,,,,,,
DZIP1,,,,,,,,,,,,
DNAJC3,,,,,,,,,,,,
UGGT2,,,,,,,,,,,,
HS6ST3,-0.31690572188605237,-0.14175302181689256,-0.22932937185147245,,,,-0.39233059968368494,-0.1281994299665153,-0.2602650148251001,,,
MBNL2,,,,,,,,,,,,
RAP2A,,,,,,,,,,,,
IPO5,,,,,,,,,,,,
FARP1,-0.31922016978349865,-0.08943560424313504,-0.20432788701331683,,,,,,,,,
STK24,,,,,,,,,,,,
DOCK9,-0.26363875774265505,-0.11895034616374885,-0.19129455195320194,-0.9940680724224105,-0.5055683389484497,-0.7498182056854301,-0.2038029834031343,-0.021869641182083798,-0.11283631229260904,-0.2949030260356583,-0.085176625528488,-0.19003982578207315
UBAC2,,,,,,,,,,,,
TM9SF2,,,,,,,,,,,,
CLYBL,,,,-0.9931173058740855,-0.4469230742940726,-0.720020190084079,,,,,,
ZIC5,,,,,,,,,,,,
ZIC2,,,,,,,,,,,,
PCCA,-0.29935511807822446,-0.11512097123537798,-0.20723804465680123,-0.9748307303106234,-0.37800263603033807,-0.6764166831704808,,,,-0.3408252557958917,-0.042280434273116715,-0.1915528450345042
TMTC4,,,,,,,,,,,,
TPP2,,,,,,,,,,,,
TEX30,,,,,,,,,,,,
BIVM,,,,,,,,,,,,
ERCC5,,,,,,,,,,,,
EFNB2,,,,,,,,,,,,
ARGLU1,,,,,,,,,,,,
NALF1,,,,-0.974003215265817,-0.218810753962624,-0.5964069846142205,,,,,,
COL4A2,,,,,,,,,,,,
CARS2,,,,,,,,,,,,
ING1,,,,,,,,,,,,
ANKRD10,-0.5766323772867284,-0.258756756840788,-0.41769456706375824,,,,,,,-0.5741973538900098,-0.14150311679366748,-0.35785023534183863
ARHGEF7,,,,,,,,,,,,
TUBGCP3,,,,,,,,,,,,
ATP11A,,,,,,,,,,,,
PCID2,,,,,,,,,,,,
CUL4A,,,,,,,,,,,,
LAMP1,,,,,,,,,,,,
GRTP1,,,,-0.9820965569243884,-0.26788476277707984,-0.6249906598507341,,,,,,
DCUN1D2,,,,,,,,,,,,
TMCO3,,,,,,,,,,,,
TFDP1,,,,,,,,,,,,
CDC16,,,,,,,,,,,,
UPF3A,,,,,,,,,,,,
CHAMP1,,,,,,,,,,,,
POTEG,-0.232836026530482,-0.13788260036507477,-0.1853593134477784,-0.9662945646821464,-0.3955804143738894,-0.6809374895280179,-0.17867236977238715,-0.07945582576353913,-0.12906409776796313,-0.3158952723711684,-0.15877748673949438,-0.23733637955533138
TTC5,,,,,,,,,,,,
CCNB1IP1,,,,,,,,,,,,
PARP2,,,,,,,,,,,,
OSGEP,,,,,,,,,,,,
APEX1,,,,,,,,,,,,
PIP4P1,,,,,,,,,,,,
PNP,,,,,,,,,,,,
METTL17,,,,,,,,,,,,
NDRG2,-0.2249894227666359,-0.13511078789289988,-0.1800501053297679,-0.990079242008662,-0.5240274148448206,-0.7570533284267413,,,,-0.2889228305475106,-0.09916120043297755,-0.19404201549024408
HNRNPC,,,,,,,,,,,,
SUPT16H,,,,,,,,,,,,
CHD8,,,,,,,,,,,,
RAB2B,,,,,,,,,,,,
TOX4,0.14433666924085625,0.38634703082457683,0.26534185003271654,,,,,,,,,
METTL3,0.10088866683057028,0.3287371471083267,0.2148129069694485,,,,,,,,,
SALL2,,,,,,,,,,,,
DAD1,0.24280448382766098,0.5204722307768931,0.381638357302277,,,,,,,,,
OXA1L,,,,,,,,,,,,
MRPL52,,,,,,,,,,,,
LRP10,,,,,,,,,,,,
RBM23,,,,,,,,,,,,
PRMT5,,,,,,,,,,,,
HAUS4,,,,,,,,,,,,
C14orf93,,,,,,,,,,,,
PSMB5,,,,,,,,,,,,
ACIN1,,,,,,,,,,,,
C14orf119,0.1913662174767645,0.4618786390063403,0.3266224282415524,,,,,,,,,
SLC7A8,,,,,,,,,,,,
HOMEZ,,,,,,,,,,,,
PPP1R3E,,,,,,,,,,,,
BCL2L2,,,,,,,,,,,,
PABPN1,0.1589427237658373,0.41944327056412595,0.2891929971649816,,,,,,,,,
NGDN,0.09403173131844317,0.33711639492055867,0.21557406311950092,,,,,,,,,
ZFHX2,,,,,,,,,,,,
DHRS4,,,,-0.9883937762176742,-0.47432947823317867,-0.7313616272254264,,,,,,
DHRS4L2,,,,,,,,,,,,
PCK2,,,,,,,,,,,,
DCAF11,,,,,,,,,,,,
PSME1,0.10721374979413095,0.35842414168786035,0.23281894574099565,,,,,,,,,
EMC9,0.15561271410365132,0.38900452624772386,0.2723086201756876,,,,,,,,,
PSME2,0.08248581887735086,0.35718240929796863,0.21983411408765974,,,,,,,,,
RNF31,,,,-0.9845601839947383,-0.2682131494719242,-0.6263866667333313,,,,,,
IPO4,,,,,,,,,,,,
TM9SF1,0.09739232278060961,0.3357884219594493,0.21659037237002945,,,,,,,,,
CHMP4A,0.15917845114266857,0.4178403572210831,0.2885094041818758,,,,0.1167321063862004,0.4850862081391719,0.30090915726268613,,,
MDP1,,,,,,,,,,,,
NEDD8,,,,,,,,,,,,
GMPR2,,,,,,,,,,,,
TINF2,,,,,,,,,,,,
RABGGTA,,,,,,,,,,,,
SDR39U1,,,,,,,,,,,,
STXBP6,,,,,,,-0.36446359257061955,-0.06778580114667404,-0.2161246968586468,,,
NOVA1,,,,,,,,,,,,
FOXG1,,,,,,,,,,,,
PRKD1,-0.2624506646049762,-0.09455368926246994,-0.17850217693372306,,,,,,,,,
G2E3,,,,,,,,,,,,
SCFD1,,,,,,,,,,,,
COCH,,,,,,,,,,,,
STRN3,,,,,,,,,,,,
AP4S1,,,,,,,,,,,,
HECTD1,,,,,,,,,,,,
HEATR5A,,,,,,,,,,,,
DTD2,,,,,,,,,,,,
NUBPL,,,,,,,,,,,,
ARHGAP5,,,,,,,,,,,,
AKAP6,-0.23186219798219604,-0.08563993929015726,-0.15875106863617666,-0.9657594733936044,-0.199755779576739,-0.5827576264851717,,,,,,
NPAS3,,,,,,,,,,,,
EGLN3,-0.1746022326965824,-0.04936464344034888,-0.11198343806846564,-0.9788962062060855,-0.3864091172603939,-0.6826526617332397,,,,,,
SPTSSA,,,,,,,,,,,,
EAPP,0.15516984838703207,0.46218155982425563,0.3086757041056438,,,,,,,,,
SNX6,,,,,,,,,,,,
CFL2,,,,,,,,,,,,
BAZ1A,,,,,,,,,,,,
SRP54,,,,,,,,,,,,
FAM177A1,,,,,,,,,,,,
PPP2R3C,,,,,,,,,,,,
PRORP,,,,,,,,,,,,
PSMA6,,,,,,,,,,,,
NFKBIA,0.07500120466496339,0.28451955556480535,0.17976038011488438,,,,,,,,,
RALGAPA1,,,,,,,,,,,,
BRMS1L,,,,,,,,,,,,
MBIP,0.09086211705482959,0.30790439332722924,0.19938325519102942,,,,,,,,,
PAX9,,,,,,,,,,,,
SLC25A21,,,,,,,,,,,,
MIPOL1,,,,,,,,,,,,
FOXA1,,,,-0.8987190959155582,-0.10880608431717796,-0.503762590116368,,,,,,
SEC23A,,,,,,,,,,,,
GEMIN2,,,,,,,,,,,,
TRAPPC6B,,,,,,,,,,,,
PNN,,,,,,,,,,,,
MIA2,,,,,,,,,,,,
FBXO33,,,,,,,,,,,,
LRFN5,,,,,,,,,,,,
KLHL28,,,,,,,,,,,,
TOGARAM1,-0.3156488897954205,-0.06407968592838632,-0.1898642878619034,-0.9892914113129531,-0.3729551214444907,-0.6811232663787219,,,,,,
PRPF39,,,,,,,,,,,,
FKBP3,0.16250717730394237,0.39984632258463415,0.28117674994428826,,,,,,,,,
FANCM,,,,,,,,,,,,
MIS18BP1,,,,,,,,,,,,
MDGA2,-0.20304832536239373,-0.06816530432636121,-0.13560681484437748,,,,,,,,,
RPS29,,,,,,,,,,,,
LRR1,,,,,,,,,,,,
RPL36AL,0.2521673545739565,0.4818677816793421,0.3670175681266493,,,,0.2178978327817304,0.5236686837189621,0.37078325825034625,,,
MGAT2,,,,,,,,,,,,
DNAAF2,,,,,,,,,,,,
POLE2,-0.355269271731853,-0.07229990720705652,-0.21378458946945478,,,,,,,,,
KLHDC2,,,,,,,,,,,,
NEMF,,,,,,,,,,,,
ARF6,,,,,,,,,,,,
VCPKMT,,,,,,,,,,,,
SOS2,,,,,,,,,,,,
L2HGDH,,,,,,,,,,,,
DMAC2L,,,,,,,,,,,,
CDKL1,,,,,,,,,,,,
MAP4K5,,,,,,,,,,,,
ATL1,,,,,,,,,,,,
SAV1,,,,,,,,,,,,
NIN,0.09469011179346677,0.26873557338594734,0.18171284258970705,,,,,,,,,
PYGL,,,,,,,,,,,,
TRIM9,,,,,,,,,,,,
TMX1,,,,,,,,,,,,
FRMD6,,,,,,,,,,,,
RTRAF,0.17487459357592763,0.4667015262241912,0.32078805990005943,,,,,,,,,
TXNDC16,,,,,,,,,,,,
GPR137C,,,,,,,,,,,,
ERO1A,,,,,,,,,,,,
PSMC6,,,,,,,,,,,,
STYX,,,,,,,,,,,,
GNPNAT1,,,,,,,,,,,,
FERMT2,0.10524369284242996,0.372053803400179,0.2386487481213045,,,,,,,,,
DDHD1,,,,,,,,,,,,
BMP4,,,,,,,,,,,,
CDKN3,0.2395451775894702,0.5007225143115775,0.3701338459505239,,,,,,,,,
CNIH1,0.07724926806572029,0.3343721806329417,0.205810724349331,,,,,,,,,
GMFB,,,,,,,,,,,,
CGRRF1,,,,,,,,,,,,
SAMD4A,,,,,,,,,,,,
GCH1,,,,,,,,,,,,
WDHD1,,,,,,,,,,,,
SOCS4,,,,,,,,,,,,
MAPK1IP1L,,,,,,,,,,,,
LGALS3,,,,,,,0.06748335977001738,0.3541402925845435,0.21081182617728045,,,
DLGAP5,0.16798011924294806,0.3260149638683057,0.24699754155562686,,,,,,,,,
FBXO34,,,,,,,,,,,,
ATG14,,,,,,,,,,,,
KTN1,,,,,,,,,,,,
PELI2,,,,,,,,,,,,
TMEM260,,,,,,,,,,,,
EXOC5,,,,,,,,,,,,
AP5M1,,,,,,,,,,,,
NAA30,0.06169611236526038,0.31533620019195263,0.18851615627860652,,,,,,,,,
ARMH4,,,,,,,,,,,,
ACTR10,,,,,,,,,,,,
PSMA3,,,,,,,,,,,,
ARID4A,,,,,,,,,,,,
TIMM9,,,,,,,,,,,,
KIAA0586,,,,-0.9864943505989221,-0.33751900663990747,-0.6620066786194148,,,,,,
DAAM1,,,,,,,-0.5386320224922556,-0.08750808868621311,-0.31307005558923434,,,
GPR135,,,,,,,,,,,,
L3HYPDH,,,,,,,,,,,,
JKAMP,0.10322975749805552,0.36115497205051533,0.23219236477428543,,,,0.1857203594370451,0.6034458198342938,0.39458308963566946,,,
RTN1,,,,,,,,,,,,
PCNX4,,,,,,,,,,,,
DHRS7,,,,,,,,,,,,
PPM1A,,,,,,,,,,,,
SIX1,,,,,,,,,,,,
SIX4,,,,,,,,,,,,
MNAT1,,,,,,,,,,,,
TRMT5,,,,,,,,,,,,
SLC38A6,,,,,,,,,,,,
PRKCH,,,,-0.9321104189850634,-0.20980632157883622,-0.5709583702819498,,,,,,
HIF1A,,,,,,,,,,,,
SNAPC1,,,,,,,,,,,,
PPP2R5E,,,,,,,,,,,,
WDR89,,,,,,,,,,,,
SGPP1,,,,,,,,,,,,
SYNE2,,,,,,,,,,,,
ESR2,,,,,,,,,,,,
MTHFD1,,,,,,,,,,,,
ZBTB25,,,,,,,,,,,,
ZBTB1,,,,,,,,,,,,
PLEKHG3,,,,,,,,,,,,
CHURC1,,,,,,,,,,,,
FNTB,,,,,,,,,,,,
MAX,,,,-0.9853749872845124,-0.33466203370189374,-0.660018510493203,,,,,,
FUT8,,,,,,,,,,,,
GPHN,,,,,,,-0.3579434956484073,-0.01292940019614166,-0.18543644792227446,,,
PALS1,,,,,,,,,,,,
ATP6V1D,,,,,,,,,,,,
EIF2S1,,,,,,,,,,,,
PLEKHH1,,,,,,,,,,,,
PIGH,0.11224270479440641,0.39951547371744633,0.2558790892559264,,,,,,,,,
ARG2,,,,,,,,,,,,
VTI1B,,,,,,,,,,,,
RDH11,,,,,,,,,,,,
ZFYVE26,,,,,,,,,,,,
RAD51B,-0.3016575244836139,-0.15361197166600726,-0.22763474807481057,-0.9887149527670924,-0.5210915436569763,-0.7549032482120344,-0.2874428920914881,-0.07829902015025703,-0.18287095612087256,-0.39825883152445907,-0.13497458185358333,-0.2666167066890212
ZFP36L1,,,,,,,,,,,,
ACTN1,,,,,,,,,,,,
DCAF5,,,,,,,,,,,,
EXD2,,,,,,,,,,,,
ERH,,,,,,,,,,,,
SLC39A9,,,,,,,,,,,,
SUSD6,,,,,,,,,,,,
SRSF5,0.10081099554952011,0.3723709497273718,0.23659097263844595,,,,,,,,,
SMOC1,,,,,,,,,,,,
COX16,,,,,,,,,,,,
SYNJ2BP,,,,,,,,,,,,
MED6,,,,,,,,,,,,
MAP3K9,,,,,,,,,,,,
PCNX1,,,,,,,,,,,,
SIPA1L1,,,,,,,,,,,,
DPF3,,,,,,,,,,,,
DCAF4,,,,,,,,,,,,
ZFYVE1,,,,,,,,,,,,
RBM25,,,,,,,,,,,,
PSEN1,,,,,,,,,,,,
NUMB,,,,,,,,,,,,
DNAL1,,,,,,,,,,,,
PNMA1,,,,,,,,,,,,
MIDEAS,,,,,,,,,,,,
PTGR2,,,,,,,,,,,,
ZNF410,,,,,,,,,,,,
COQ6,0.08441360275496212,0.37466055717021407,0.2295370799625881,,,,,,,,,
ENTPD5,,,,,,,,,,,,
BBOF1,,,,-0.987101567980704,-0.4095464296798718,-0.698323998830288,,,,,,
ALDH6A1,,,,,,,,,,,,
LIN52,,,,-0.9858139977137861,-0.329216039707622,-0.6575150187107041,,,,,,
ABCD4,,,,,,,,,,,,
NPC2,,,,0.7787803050327805,0.9944760688972496,0.886628186965015,,,,0.9176100554890733,0.9984324952486991,0.9580212753688861
ISCA2,0.25010325073929607,0.5102544870896463,0.38017886891447117,,,,0.18633777414080266,0.6255979111025017,0.4059678426216522,0.12458652382297278,0.5214239411160658,0.3230052324695193
AREL1,,,,,,,,,,,,
FCF1,,,,,,,,,,,,
YLPM1,,,,,,,,,,,,
DLST,,,,,,,,,,,,
RPS6KL1,,,,,,,,,,,,
EIF2B2,,,,,,,,,,,,
ACYP1,,,,,,,,,,,,
NEK9,,,,,,,,,,,,
TMED10,0.16410846056689687,0.47345866864131564,0.3187835646041063,,,,,,,,,
JDP2,,,,-0.9902154872294802,-0.4929039778752272,-0.7415597325523537,,,,,,
TTLL5,,,,,,,,,,,,
ERG28,0.1349955355425283,0.433842702425752,0.2844191189841402,,,,0.09392961610469892,0.5265517068137978,0.3102406614592484,,,
IFT43,,,,,,,,,,,,
GPATCH2L,,,,,,,,,,,,
ESRRB,,,,,,,,,,,,
VASH1,,,,,,,,,,,,
ANGEL1,,,,,,,,,,,,
IRF2BPL,-0.31544194787423446,-0.09326888173326335,-0.2043554148037489,-0.9764698816023866,-0.2970395872600039,-0.6367547344311952,,,,,,
CIPC,,,,,,,,,,,,
NGB,-0.2694445610718115,-0.07797004249478066,-0.17370730178329608,,,,,,,-0.6099906604512884,-0.12459197148224735,-0.36729131596676784
POMT2,,,,,,,,,,,,
GSTZ1,0.14424425124487866,0.34943484358394583,0.24683954741441225,,,,,,,,,
TMED8,,,,,,,,,,,,
VIPAS39,,,,,,,,,,,,
AHSA1,,,,,,,,,,,,
SPTLC2,,,,,,,,,,,,
ALKBH1,,,,,,,,,,,,
SLIRP,,,,,,,,,,,,
SNW1,0.13107195678289107,0.33680961497735507,0.23394078588012307,,,,,,,,,
ADCK1,,,,,,,,,,,,
NRXN3,-0.23246223384496592,-0.06395199948869942,-0.14820711666683267,,,,,,,,,
CEP128,,,,,,,,,,,,
GTF2A1,,,,,,,,,,,,
STON2,-0.34667085979636114,-0.10170833764293533,-0.22418959871964822,,,,,,,,,
SEL1L,,,,,,,,,,,,
SPATA7,,,,,,,,,,,,
PTPN21,,,,,,,,,,,,
ZC3H14,,,,,,,,,,,,
EML5,,,,,,,,,,,,
TTC8,,,,,,,,,,,,
FOXN3,,,,,,,,,,,,
EFCAB11,,,,,,,,,,,,
TDP1,,,,,,,,,,,,
PSMC1,,,,,,,,,,,,
NRDE2,,,,,,,,,,,,
CALM1,,,,,,,,,,,,
TTC7B,,,,,,,,,,,,
RPS6KA5,,,,,,,,,,,,
DGLUCY,,,,,,,,,,,,
CCDC88C,,,,,,,,,,,,
PPP4R3A,,,,,,,,,,,,
TRIP11,,,,-0.9687291661846393,-0.31236860750577183,-0.6405488868452056,,,,,,
ATXN3,,,,,,,,,,,,
NDUFB1,,,,,,,,,,,,
CPSF2,,,,,,,,,,,,
RIN3,,,,,,,,,,,,
LGMN,,,,,,,,,,,,
GOLGA5,,,,,,,,,,,,
ITPK1,,,,,,,,,,,,
LYSET,,,,,,,,,,,,
GON7,,,,,,,,,,,,
UBR7,,,,,,,,,,,,
BTBD7,,,,,,,,,,,,
DDX24,,,,,,,,,,,,
IFI27L1,,,,,,,,,,,,
IFI27L2,0.0870752760742139,0.3284267141576191,0.2077509951159165,,,,,,,,,
PPP4R4,,,,,,,,,,,,
DICER1,,,,,,,,,,,,
CLMN,,,,,,,,,,,,
GLRX5,,,,,,,,,,,,
C14orf132,,,,,,,,,,,,
ATG2B,,,,,,,,,,,,
GSKIP,,,,,,,,,,,,
AK7,-0.24355857071584114,-0.11768162641567355,-0.18062009856575734,-0.9880665702899205,-0.42764016128669463,-0.7078533657883076,-0.256492375713596,-0.045340068769145515,-0.15091622224137077,,,
PAPOLA,,,,,,,,,,,,
VRK1,,,,,,,,,,,,
SETD3,-0.13004404177864834,0.05379131752678662,-0.03812636212593086,-0.9697433334537251,-0.25697885123068975,-0.6133610923422075,,,,,,
CCNK,,,,,,,,,,,,
CCDC85C,,,,-0.9869838415733115,-0.34303474896991887,-0.6650092952716152,,,,,,
EML1,,,,,,,,,,,,
EVL,,,,,,,,,,,,
YY1,,,,,,,,,,,,
WARS1,,,,,,,,,,,,
WDR25,-0.24508189685405551,-0.08086711939826889,-0.1629745081261622,-0.9893957266038425,-0.4613635613901222,-0.7253796439969823,,,,,,
PPP2R5C,,,,,,,,,,,,
DYNC1H1,0.16170196507713333,0.3782798411162619,0.2699909030966976,,,,,,,,,
HSP90AA1,0.14360016866258563,0.34788312441639746,0.24574164653949154,,,,,,,,,
WDR20,,,,,,,,,,,,
MOK,,,,,,,,,,,,
ZNF839,,,,,,,,,,,,
CINP,,,,,,,,,,,,
TECPR2,,,,,,,,,,,,
ANKRD9,0.09798387379169338,0.35417864866029175,0.22608126122599256,,,,,,,,,
RCOR1,,,,,,,,,,,,
TRAF3,,,,,,,,,,,,
CDC42BPB,,,,,,,,,,,,
EIF5,0.13126631753874202,0.38450442390854805,0.25788537072364504,,,,,,,,,
MARK3,,,,,,,,,,,,
CKB,0.14575292244600108,0.3928181503343131,0.26928553639015707,,,,,,,,,
TRMT61A,,,,,,,,,,,,
BAG5,,,,,,,,,,,,
KLC1,,,,,,,,,,,,
COA8,,,,,,,,,,,,
XRCC3,,,,,,,,,,,,
ZFYVE21,0.10008942114884985,0.3601850190523593,0.23013722010060456,,,,,,,,,
PPP1R13B,,,,,,,,,,,,
ATP5MJ,0.1001213671481094,0.4314189295076005,0.26577014832785495,,,,,,,,,
INF2,,,,,,,,,,,,
SIVA1,,,,,,,,,,,,
AKT1,,,,,,,,,,,,
CEP170B,,,,,,,,,,,,
CDCA4,,,,,,,,,,,,
JAG2,,,,,,,,,,,,
NUDT14,,,,,,,,,,,,
BRF1,,,,,,,,,,,,
BTBD6,,,,,,,,,,,,
PACS2,,,,,,,,,,,,
MTA1,,,,,,,,,,,,
TEDC1,,,,,,,,,,,,
TMEM121,,,,,,,,,,,,
NIPA1,,,,,,,,,,,,
NIPA2,,,,,,,,,,,,
CYFIP1,,,,,,,,,,,,
TUBGCP5,,,,,,,,,,,,
UBE3A,,,,,,,,,,,,
OCA2,,,,-0.9853296347354198,-0.40006236783804255,-0.6926960012867311,,,,,,
HERC2,,,,,,,,,,,,
APBA2,,,,,,,,,,,,
ENTREP2,-0.228560906289445,-0.0621405084681996,-0.1453507073788223,-0.9840238883613298,-0.3782776720992758,-0.6811507802303028,,,,,,
NSMCE3,0.08610986711140359,0.31535133196947396,0.20073059954043876,,,,,,,,,
TJP1,,,,,,,,,,,,
ARHGAP11B,,,,,,,,,,,,
FAN1,,,,,,,,,,,,
KLF13,,,,,,,,,,,,
OTUD7A,,,,,,,,,,,,
CHRNA7,,,,,,,,,,,,
ARHGAP11A,,,,,,,,,,,,
AVEN,,,,,,,,,,,,
EMC7,0.11001017378172745,0.36275920218592245,0.23638468798382495,,,,,,,,,
KATNBL1,,,,,,,,,,,,
EMC4,0.14866701013388925,0.4236246259815541,0.28614581805772166,,,,0.17902294748981762,0.47812929541930055,0.32857612145455906,,,
SLC12A6,,,,,,,,,,,,
NOP10,,,,,,,,,,,,
LPCAT4,,,,,,,,,,,,
GOLGA8A,,,,,,,,,,,,
AQR,,,,,,,,,,,,
ZNF770,,,,,,,,,,,,
DPH6,,,,,,,,,,,,
CDIN1,,,,,,,,,,,,
MEIS2,,,,,,,,,,,,
SPRED1,,,,,,,,,,,,
FAM98B,,,,,,,,,,,,
GPR176,,,,,,,,,,,,
EIF2AK4,,,,,,,,,,,,
SRP14,,,,,,,,,,,,
BUB1B,,,,,,,,,,,,
KNSTRN,0.1648280800055061,0.3456700006006765,0.2552490403030913,,,,,,,,,
IVD,,,,,,,,,,,,
BAHD1,,,,,,,,,,,,
CHST14,,,,,,,,,,,,
CCDC32,,,,,,,,,,,,
RPUSD2,,,,,,,,,,,,
KNL1,,,,,,,,,,,,
RAD51,,,,,,,,,,,,
RMDN3,,,,,,,,,,,,
GCHFR,,,,,,,,,,,,
DNAJC17,,,,,,,,,,,,
VPS18,,,,,,,,,,,,
INO80,,,,,,,,,,,,
CHP1,-0.5731618775154858,-0.12909669701748475,-0.35112928726648523,,,,,,,,,
OIP5,,,,,,,,,,,,
NUSAP1,0.07086639210381443,0.32849620386885087,0.19968129798633266,,,,,,,,,
NDUFAF1,,,,,,,,,,,,
RTF1,,,,,,,,,,,,
RPAP1,,,,,,,,,,,,
TYRO3,,,,,,,,,,,,
MGA,,,,,,,,,,,,
MAPKBP1,,,,,,,,,,,,
EHD4,,,,,,,,,,,,
VPS39,,,,,,,,,,,,
TMEM87A,,,,,,,,,,,,
ZNF106,,,,,,,,,,,,
SNAP23,,,,,,,,,,,,
LRRC57,,,,,,,,,,,,
HAUS2,-0.30851233920037746,-0.0870446753671282,-0.19777850728375285,,,,,,,,,
STARD9,,,,,,,,,,,,
TTBK2,,,,,,,,,,,,
UBR1,,,,,,,,,,,,
TMEM62,,,,,,,,,,,,
CCNDBP1,0.09395449176737514,0.3305658605563539,0.21226017616186452,,,,,,,,,
LCMT2,-0.273189904351676,-0.15705349175471545,-0.21512169805319573,-0.9849689630117253,-0.4935286344762086,-0.739248798743967,-0.21884438350394994,-0.05151892694037251,-0.13518165522216122,-0.27159032058739946,-0.09818208635442595,-0.1848862034709127
ADAL,,,,,,,,,,,,
TUBGCP4,,,,,,,,,,,,
TP53BP1,,,,,,,,,,,,
MAP1A,0.08006586013534026,0.2623552246499704,0.17121054239265532,,,,0.08968343296746291,0.3742281993283493,0.23195581614790609,,,
PPIP5K1,-0.2457999698723927,-0.03345651576926318,-0.13962824282082795,,,,,,,,,
CATSPER2,-0.3312193440339962,-0.1564969794408401,-0.24385816173741814,-0.9927956580222762,-0.5779612926993152,-0.7853784753607957,-0.40546398478709433,-0.09948311572017965,-0.252473550253637,-0.42091855064761213,-0.1073492555732161,-0.2641339031104141
PDIA3,,,,,,,,,,,,
SERF2,,,,,,,,,,,,
HYPK,,,,,,,,,,,,
MFAP1,,,,,,,,,,,,
WDR76,-0.5588883918662487,-0.29459799029399086,-0.4267431910801198,,,,-0.5172632178381709,-0.12794784311676335,-0.3226055304774671,,,
FRMD5,,,,,,,,,,,,
GOLM2,,,,,,,,,,,,
CTDSPL2,,,,,,,,,,,,
EIF3J,,,,,,,,,,,,
SPG11,,,,,,,,,,,,
B2M,0.13698326449649528,0.45287045609264825,0.29492686029457177,,,,,,,,,
SORD,,,,,,,,,,,,
SPATA5L1,,,,,,,,,,,,
BLOC1S6,,,,,,,,,,,,
SEMA6D,-0.23914822719195727,-0.09597138434556571,-0.1675598057687615,,,,-0.28367569461961545,-0.09255629409499208,-0.18811599435730375,,,
MYEF2,,,,,,,,,,,,
SLC12A1,-0.17752324306932593,-0.09723635646238882,-0.13737979976585737,-0.9774515968782985,-0.30507218483014154,-0.64126189085422,-0.17015864878800346,-0.053241542604301896,-0.11170009569615268,-0.33703672754218966,-0.15629428010061874,-0.2466655038214042
DUT,,,,,,,,,,,,
CEP152,-0.32822208341186543,-0.0900003482137667,-0.20911121581281605,-0.9652150878391006,-0.1768319911601271,-0.5710235394996138,,,,,,
EID1,0.10073784758319525,0.3879318251633803,0.2443348363732878,,,,,,,,,
SECISBP2L,,,,,,,,,,,,
COPS2,,,,,,,,,,,,
GALK2,,,,,,,,,,,,
FAM227B,-0.2750041843181686,-0.06104942968122403,-0.1680268069996963,,,,,,,,,
DTWD1,,,,,,,,,,,,
GABPB1,,,,,,,,,,,,
USP8,,,,-0.982986101751563,-0.38795185959916667,-0.6854689806753649,,,,,,
TRPM7,,,,,,,,,,,,
SPPL2A,,,,,,,,,,,,
AP4E1,,,,,,,,,,,,
DMXL2,,,,,,,,,,,,
TMOD2,,,,,,,,,,,,
TMOD3,,,,,,,,,,,,
LEO1,,,,,,,,,,,,
MAPK6,,,,-0.9801248942815928,-0.23684209851918236,-0.6084834964003876,,,,,,
GNB5,,,,,,,,,,,,
MYO5C,,,,,,,,,,,,
MYO5A,,,,,,,,,,,,
ARPP19,,,,,,,,,,,,
ATOSA,,,,,,,,,,,,
UNC13C,-0.2634628271367677,-0.14763597140691292,-0.20554939927184032,-0.9764648591206408,-0.41232804530443906,-0.69439645221254,-0.18919155671757862,-0.0794320492182419,-0.13431180296791026,-0.30906045691635764,-0.15636762721439754,-0.2327140420653776
RSL24D1,,,,,,,,,,,,
RAB27A,,,,,,,,,,,,
PIGBOS1,,,,,,,,,,,,
PIGB,,,,,,,,,,,,
CCPG1,,,,,,,,,,,,
DNAAF4,,,,,,,,,,,,
PYGO1,,,,,,,,,,,,
PRTG,,,,,,,,,,,,
NEDD4,,,,,,,,,,,,
RFX7,,,,,,,,,,,,
TEX9,,,,,,,,,,,,
MNS1,-0.28870483430256727,-0.08591559560035332,-0.1873102149514603,-0.9776185588564044,-0.3921013699689998,-0.684859964412702,,,,,,
ZNF280D,,,,,,,,,,,,
TCF12,,,,,,,,,,,,
CGNL1,,,,-0.9697868353636218,-0.2023557495712045,-0.5860712924674132,,,,,,
POLR2M,,,,,,,,,,,,
ALDH1A2,,,,,,,,,,,,
ADAM10,-0.2465413446028321,-0.12502722457159565,-0.18578428458721388,-0.988939964434651,-0.49465976042385956,-0.7417998624292553,-0.1948517217663409,-0.061539936621596986,-0.12819582919396894,-0.37886423385789086,-0.15069477966355163,-0.26477950676072126
MINDY2,,,,-0.9521349126507429,-0.17785914684215523,-0.564997029746449,,,,,,
RNF111,-0.4541830402805496,-0.13462464905476154,-0.29440384466765557,,,,-0.5569776463850359,-0.13844073278314656,-0.34770918958409125,,,
SLTM,,,,,,,,,,,,
CCNB2,0.21205054194991962,0.41391707946531064,0.31298381070761516,,,,0.11801563146996241,0.5066247062914357,0.3123201688806991,0.10147944290818413,0.4184344897250152,0.25995696631659965
MYO1E,-0.24720730717637943,-0.03617112095452901,-0.1416892140654542,,,,,,,,,
FAM81A,,,,-0.9847366763800464,-0.32251789336229797,-0.6536272848711722,,,,,,
GTF2A2,,,,,,,,,,,,
BNIP2,,,,,,,,,,,,
ANXA2,0.15200835530011372,0.42463340388057336,0.2883208795903435,,,,0.09864009257789572,0.44774889115279914,0.27319449186534744,,,
ICE2,,,,,,,,,,,,
RORA,-0.38985461510502945,-0.14441964864791731,-0.26713713187647337,,,,-0.42919156244789636,-0.0672431553934738,-0.24821735892068508,,,
VPS13C,,,,,,,,,,,,
TLN2,,,,-0.9878800689410323,-0.3045497567772568,-0.6462149128591446,,,,,,
TPM1,0.11988612433335287,0.3535796167182363,0.2367328705257946,,,,,,,,,
LACTB,,,,,,,,,,,,
RPS27L,,,,,,,,,,,,
RAB8B,,,,,,,,,,,,
CA12,,,,,,,,,,,,
USP3,,,,,,,,,,,,
HERC1,,,,,,,,,,,,
CIAO2A,,,,,,,,,,,,
SNX1,,,,,,,,,,,,
PPIB,0.15458758219756022,0.3602775466603687,0.25743256442896445,,,,0.22397013623184667,0.5156301891731859,0.3698001627025163,,,
CSNK1G1,,,,-0.982289030903578,-0.3079609203192686,-0.6451249756114232,,,,,,
PCLAF,,,,,,,,,,,,
TRIP4,,,,,,,,,,,,
ZNF609,,,,,,,,,,,,
OAZ2,,,,,,,,,,,,
RBPMS2,-0.28535900714845885,-0.07686542370297038,-0.18111221542571462,-0.9869166935896325,-0.39011405865546567,-0.6885153761225491,,,,-0.29095430973793107,-0.02792509506449152,-0.1594397024012113
SPG21,,,,,,,,,,,,
MTFMT,,,,,,,,,,,,
PDCD7,,,,,,,,,,,,
CLPX,,,,,,,,,,,,
PARP16,,,,,,,,,,,,
IGDCC3,,,,,,,,,,,,
IGDCC4,,,,,,,,,,,,
DPP8,,,,,,,,,,,,
HACD3,,,,,,,,,,,,
INTS14,,,,,,,,,,,,
SLC24A1,,,,,,,,,,,,
DENND4A,-0.3994435341018462,-0.13713004117291103,-0.2682867876373786,-0.9762208780835367,-0.275392910322964,-0.6258068942032504,-0.4494277366431842,-0.10151425825148844,-0.27547099744733633,,,
RAB11A,,,,,,,,,,,,
MEGF11,,,,,,,,,,,,
DIS3L,,,,,,,,,,,,
TIPIN,,,,,,,,,,,,
MAP2K1,,,,,,,,,,,,
SNAPC5,,,,,,,,,,,,
RPL4,,,,,,,,,,,,
ZWILCH,,,,,,,,,,,,
SMAD6,,,,,,,,,,,,
SMAD3,,,,,,,,,,,,
AAGAB,,,,,,,,,,,,
IQCH,,,,,,,,,,,,
C15orf61,,,,,,,,,,,,
MAP2K5,-0.22212651063530905,-0.07931038045816251,-0.15071844554673577,-0.9882951002188796,-0.46869488484490635,-0.728494992531893,,,,-0.3679308652610237,-0.07605955004274685,-0.22199520765188527
PIAS1,,,,,,,,,,,,
CALML4,,,,,,,,,,,,
CLN6,,,,,,,,,,,,
FEM1B,,,,,,,,,,,,
CORO2B,-0.1471932633921182,-0.027430724534051956,-0.08731199396308507,-0.993145505268288,-0.4963825398898876,-0.7447640225790878,,,,,,
ANP32A,,,,,,,,,,,,
SPESP1,,,,,,,,,,,,
GLCE,,,,,,,,,,,,
PAQR5,,,,,,,-0.3226199790186205,-0.07623791074009195,-0.19942894487935622,,,
KIF23,,,,,,,,,,,,
RPLP1,,,,,,,,,,,,
TLE3,,,,,,,,,,,,
UACA,,,,,,,,,,,,
LARP6,,,,,,,,,,,,
LRRC49,,,,,,,,,,,,
THSD4,-0.3442892505728739,-0.16053180177406917,-0.25241052617347154,-0.98211046091529,-0.3370027286867527,-0.6595565948010214,-0.33083789019980586,-0.10036519199123015,-0.215601541095518,,,
MYO9A,,,,,,,,,,,,
SENP8,,,,,,,,,,,,
PKM,,,,,,,,,,,,
PARP6,,,,,,,,,,,,
HEXA,,,,,,,,,,,,
ARIH1,,,,,,,,,,,,
BBS4,,,,,,,,,,,,
ADPGK,,,,,,,,,,,,
NEO1,,,,,,,,,,,,
NPTN,,,,,,,,,,,,
CD276,,,,,,,,,,,,
PML,,,,,,,,,,,,
UBL7,,,,,,,,,,,,
ARID3B,,,,,,,,,,,,
CLK3,,,,,,,,,,,,
EDC3,,,,,,,,,,,,
CSK,,,,,,,,,,,,
ULK3,,,,,,,,,,,,
SCAMP2,0.12284838658795055,0.37030011767870713,0.24657425213332884,,,,,,,,,
MPI,,,,,,,,,,,,
FAM219B,,,,,,,,,,,,
COX5A,,,,,,,,,,,,
RPP25,,,,,,,,,,,,
SCAMP5,,,,,,,,,,,,
PPCDC,,,,,,,,,,,,
C15orf39,,,,,,,,,,,,
COMMD4,,,,,,,,,,,,
MAN2C1,,,,,,,,,,,,
SIN3A,,,,,,,,,,,,
PTPN9,,,,,,,,,,,,
SNUPN,,,,,,,,,,,,
IMP3,,,,,,,,,,,,
UBE2Q2,,,,,,,,,,,,
FBXO22,,,,,,,,,,,,
NRG4,,,,,,,,,,,,
TMEM266,-0.2150364591127381,-0.0916933676635329,-0.15336491338813552,-0.9799261172094674,-0.4215158684183569,-0.7007209928139122,,,,,,
ETFA,,,,,,,,,,,,
ISL2,,,,,,,,,,,,
SCAPER,,,,,,,,,,,,
RCN2,,,,,,,,,,,,
TSPAN3,0.16842192801628,0.41870234072798995,0.29356213437213496,,,,,,,,,
PEAK1,,,,-0.9894968312964914,-0.37189717619728935,-0.6806970037468904,,,,,,
HMG20A,,,,,,,,,,,,
LINGO1,-0.2654569780640947,-0.15136436166355158,-0.20841066986382312,-0.9707830248928901,-0.3772082574847949,-0.6739956411888426,-0.2834288232737729,-0.07343888802489304,-0.17843385564933295,-0.2964794806159769,-0.10052013573495017,-0.19849980817546353
TBC1D2B,,,,,,,,,,,,
CIB2,,,,,,,,,,,,
IDH3A,,,,,,,,,,,,
SKIC8,,,,,,,,,,,,
IREB2,,,,,,,,,,,,
HYKK,,,,,,,,,,,,
PSMA4,,,,,,,,,,,,
CHRNA5,,,,,,,,,,,,
MORF4L1,,,,,,,,,,,,
CTSH,,,,,,,,,,,,
TMED3,,,,,,,,,,,,
MTHFS,,,,,,,,,,,,
ZFAND6,,,,,,,,,,,,
FAH,,,,,,,,,,,,
ABHD17C,,,,,,,,,,,,
MESD,0.15021630350230739,0.3582982666117691,0.25425728505703826,,,,0.1790238694490374,0.569369393545221,0.3741966314971292,,,
TLNRD1,,,,,,,,,,,,
EFL1,,,,,,,,,,,,
RPS17,,,,,,,,,,,,
CPEB1,,,,-0.9757902138310273,-0.2914767978924477,-0.6336335058617375,,,,,,
WHAMM,,,,,,,,,,,,
HOMER2,,,,,,,,,,,,
RAMAC,,,,,,,,,,,,
C15orf40,,,,,,,,,,,,
BTBD1,,,,,,,,,,,,
HDGFL3,,,,,,,,,,,,
SH3GL3,,,,,,,,,,,,
ZSCAN2,,,,,,,,,,,,
WDR73,,,,,,,,,,,,
NMB,,,,,,,,,,,,
SEC11A,0.12264813104807025,0.4428830137240547,0.2827655723860625,,,,,,,,,
ZNF592,,,,,,,,,,,,
PDE8A,,,,,,,,,,,,
AKAP13,,,,-0.9893137185420385,-0.38728339355295976,-0.6882985560474991,,,,,,
KLHL25,,,,,,,,,,,,
AGBL1,-0.2440490520124919,-0.17402558653570716,-0.20903731927409952,-0.9745991991775067,-0.3359772395300564,-0.6552882193537816,-0.23258801655884567,-0.06948416056742941,-0.15103608856313755,-0.38670324157396785,-0.206806462215915,-0.29675485189494144
MRPL46,0.10464415556593082,0.3710183740227139,0.23783126479432237,,,,,,,,,
MRPS11,,,,,,,,,,,,
DET1,,,,,,,,,,,,
AEN,,,,,,,,,,,,
MFGE8,,,,,,,,,,,,
ABHD2,,,,,,,,,,,,
FANCI,,,,,,,,,,,,
POLG,,,,,,,,,,,,
TICRR,,,,,,,,,,,,
KIF7,,,,,,,,,,,,
PEX11A,0.08693183564999017,0.3145336513936241,0.20073274352180714,,,,,,,,,
MESP1,,,,,,,,,,,,
AP3S2,,,,,,,,,,,,
ARPIN,,,,,,,,,,,,
ZNF710,,,,,,,,,,,,
IDH2,,,,,,,,,,,,
SEMA4B,-0.13884055052222347,-0.03256038917249238,-0.08570046984735792,-0.8732565391864837,-0.22475327123326108,-0.5490049052098724,,,,,,
CIB1,0.0913829424484688,0.3616796862529833,0.22653131435072604,,,,,,,,,
GDPGP1,,,,,,,,,,,,
NGRN,,,,,,,,,,,,
IQGAP1,,,,,,,,,,,,
CRTC3,,,,,,,,,,,,
BLM,-0.4174608312571074,-0.07259121942285261,-0.24502602533998002,,,,,,,,,
FURIN,0.07843172324554291,0.31019503611055793,0.19431337967805043,,,,,,,,,
HDDC3,,,,,,,,,,,,
UNC45A,,,,,,,,,,,,
RCCD1,,,,,,,,,,,,
PRC1,0.17047063188001535,0.39875945611291364,0.2846150439964645,,,,,,,,,
FAM174B,-0.22267439177620826,-0.02884412515363985,-0.12575925846492406,,,,,,,,,
CHD2,,,,,,,,,,,,
RGMA,,,,-0.9931459006259267,-0.5814488602612915,-0.7872973804436091,,,,,,
NR2F2,,,,,,,,,,,,
IGF1R,-0.5238049396173653,-0.11551090304632831,-0.3196579213318468,,,,-0.4245048988540388,-0.12784239283254956,-0.2761736458432942,,,
TTC23,,,,,,,,,,,,
LRRC28,,,,,,,,,,,,
MEF2A,,,,,,,,,,,,
LYSMD4,,,,,,,,,,,,
ADAMTS17,-0.2799239200860844,-0.09075040844171756,-0.18533716426390098,,,,-0.3785828452793962,-0.09258413403841753,-0.23558348965890685,,,
LINS1,,,,,,,,,,,,
ASB7,,,,,,,,,,,,
CHSY1,,,,,,,,,,,,
SELENOS,,,,,,,,,,,,
SNRPA1,,,,,,,,,,,,
PCSK6,,,,,,,,,,,,
TM2D3,,,,,,,,,,,,
TARS3,,,,,,,,,,,,
POLR3K,,,,,,,,,,,,
SNRNP25,,,,,,,,,,,,
MPG,,,,,,,,,,,,
NPRL3,,,,,,,,,,,,
HBQ1,,,,,,,,,,,,
LUC7L,,,,,,,,,,,,
FAM234A,,,,,,,,,,,,
ARHGDIG,0.060320189942436014,0.27820050492069837,0.1692603474315672,,,,,,,,,
AXIN1,,,,,,,,,,,,
MRPL28,0.1605624723917828,0.4348151019102927,0.29768878715103775,,,,0.12838978141753388,0.45628934783274255,0.2923395646251382,,,
PGAP6,,,,,,,,,,,,
NME4,,,,,,,,,,,,
RAB11FIP3,,,,,,,,,,,,
CAPN15,,,,,,,,,,,,
PIGQ,,,,,,,,,,,,
RAB40C,,,,,,,,,,,,
METTL26,,,,,,,,,,,,
MCRIP2,,,,,,,,,,,,
WDR90,,,,-0.9939943058380638,-0.4348291870704766,-0.7144117464542702,,,,,,
RHOT2,,,,,,,,,,,,
STUB1,,,,,,,,,,,,
JMJD8,,,,,,,,,,,,
METRN,,,,,,,,,,,,
ANTKMT,,,,,,,,,,,,
HAGHL,,,,,,,,,,,,
CIAO3,,,,,,,,,,,,
RPUSD1,,,,,,,,,,,,
CHTF18,,,,-0.9795985026226189,-0.22981743206048444,-0.6047079673415516,,,,,,
LMF1,,,,,,,,,,,,
CACNA1H,,,,,,,,,,,,
UBE2I,,,,,,,,,,,,
TSR3,,,,,,,,,,,,
GNPTG,,,,,,,,,,,,
UNKL,,,,,,,,,,,,
UQCC4,,,,,,,,,,,,
CLCN7,,,,,,,,,,,,
TELO2,,,,,,,,,,,,
IFT140,,,,,,,,,,,,
CRAMP1,,,,,,,,,,,,
JPT2,,,,,,,,,,,,
MAPK8IP3,-0.18122066242054055,0.009951718551692277,-0.08563447193442414,-0.9819170449262234,-0.40840529017300364,-0.6951611675496135,,,,,,
NME3,0.10084970934341735,0.3579709292387821,0.22941031929109973,,,,,,,,,
MRPS34,,,,,,,,,,,,
SPSB3,,,,,,,,,,,,
NUBP2,,,,,,,,,,,,
HAGH,0.1892792937359364,0.44352302305472086,0.3164011583953286,,,,,,,,,
FAHD1,,,,,,,,,,,,
MSRB1,,,,,,,,,,,,
NDUFB10,0.18839351560855933,0.41447503938720154,0.30143427749788043,,,,,,,,,
RPS2,0.10204615357997378,0.27791596166872023,0.189981057624347,,,,,,,,,
TBL3,,,,,,,,,,,,
GFER,,,,,,,,,,,,
ZNF598,,,,,,,,,,,,
NPW,,,,,,,,,,,,
NHERF2,,,,,,,,,,,,
NTHL1,,,,,,,,,,,,
TSC2,,,,,,,,,,,,
PKD1,,,,,,,,,,,,
TRAF7,,,,,,,,,,,,
MLST8,,,,,,,,,,,,
PGP,,,,,,,,,,,,
E4F1,,,,,,,,,,,,
ECI1,0.11516018150331343,0.3908079145108017,0.2529840480070576,,,,,,,,,
RNPS1,,,,,,,,,,,,
ABCA3,,,,,,,,,,,,
CCNF,,,,,,,,,,,,
TEDC2,,,,,,,,,,,,
TBC1D24,,,,,,,,,,,,
ATP6V0C,,,,,,,,,,,,
AMDHD2,,,,,,,,,,,,
PDPK1,,,,,,,,,,,,
KCTD5,,,,,,,,,,,,
SRRM2,,,,,,,,,,,,
ELOB,,,,,,,,,,,,
FLYWCH2,,,,,,,,,,,,
FLYWCH1,,,,,,,,,,,,
PKMYT1,,,,,,,,,,,,
PAQR4,,,,,,,,,,,,
TNFRSF12A,,,,,,,,,,,,
HCFC1R1,,,,,,,,,,,,
THOC6,,,,,,,,,,,,
ZNF205,,,,,,,,,,,,
ZNF200,,,,,,,,,,,,
ZNF263,,,,,,,,,,,,
ZNF75A,,,,,,,,,,,,
ZSCAN32,,,,,,,,,,,,
ZNF174,,,,,,,,,,,,
NAA60,,,,,,,,,,,,
CLUAP1,,,,,,,,,,,,
SLX4,,,,,,,,,,,,
DNASE1,,,,,,,,,,,,
TRAP1,,,,,,,,,,,,
CREBBP,,,,,,,,,,,,
ADCY9,,,,,,,,,,,,
TFAP4,,,,,,,,,,,,
PAM16,,,,,,,,,,,,
CORO7,,,,,,,,,,,,
DNAJA3,,,,,,,,,,,,
NMRAL1,,,,,,,,,,,,
HMOX2,,,,,,,,,,,,
CDIP1,,,,,,,,,,,,
UBALD1,,,,,,,,,,,,
MGRN1,,,,,,,,,,,,
NUDT16L1,0.12199540465843475,0.3733019860001782,0.2476486953293065,,,,0.09702330971317558,0.4978798804428725,0.29745159507802404,,,
ANKS3,,,,,,,,,,,,
ZNF500,,,,,,,,,,,,
ROGDI,,,,,,,,,,,,
GLYR1,,,,,,,,,,,,
UBN1,,,,,,,,,,,,
SEC14L5,-0.2627976457383773,-0.13469005187313915,-0.1987438488057582,-0.9853633917718814,-0.38196939986811773,-0.6836663958199996,-0.22018708938145284,-0.0798253894604558,-0.1500062394209543,-0.2946215209611532,-0.1585921309213001,-0.22660682594122664
ALG1,0.0287994949978633,0.27672548659583485,0.15276249079684906,,,,,,,,,
EEF2KMT,,,,,,,,,,,,
RBFOX1,-0.2458625885855365,-0.13804529006665642,-0.19195393932609645,-0.9780858086079324,-0.4101669798765183,-0.6941263942422253,-0.19708393337613736,-0.08795768927120524,-0.1425208113236713,-0.3356069327309596,-0.1259474613698746,-0.2307771970504171
METTL22,,,,,,,,,,,,
ABAT,,,,-0.9928080932742719,-0.4673702874281983,-0.7300891903512351,,,,,,
PMM2,,,,,,,,,,,,
CARHSP1,,,,,,,,,,,,
USP7,,,,,,,,,,,,
HAPSTR1,,,,,,,,,,,,
ATF7IP2,,,,,,,,,,,,
EMP2,,,,,,,,,,,,
NUBP1,,,,,,,,,,,,
DEXI,,,,,,,,,,,,
CLEC16A,,,,,,,,,,,,
RMI2,,,,,,,,,,,,
ENSG00000188897,,,,,,,,,,,,
LITAF,,,,,,,,,,,,
SNN,,,,,,,,,,,,
TXNDC11,,,,,,,,,,,,
ZC3H7A,,,,,,,,,,,,
RSL1D1,,,,,,,,,,,,
GSPT1,,,,,,,,,,,,
SNX29,-0.35802142667757064,-0.08513322768596263,-0.22157732718176665,,,,,,,,,
CPPED1,,,,-0.9840093248918139,-0.3457126800991304,-0.6648610024954722,,,,,,
ERCC4,,,,,,,,,,,,
MRTFB,,,,,,,,,,,,
PARN,,,,,,,,,,,,
BFAR,,,,,,,,,,,,
NOMO1,,,,,,,,,,,,
PDXDC1,,,,,,,,,,,,
NTAN1,,,,,,,,,,,,
RRN3,,,,,,,,,,,,
MARF1,,,,,,,,,,,,
NDE1,,,,,,,,,,,,
CEP20,0.06331318789326121,0.3173968698778683,0.19035502888556477,,,,,,,,,
ABCC1,,,,-0.9896738879256725,-0.4316404268599655,-0.710657157392819,,,,,,
NOMO3,,,,,,,,,,,,
XYLT1,,,,-0.990786747852923,-0.5029981118536488,-0.746892429853286,,,,,,
NOMO2,,,,,,,,,,,,
RPS15A,,,,,,,,,,,,
ARL6IP1,0.2892569529089479,0.5030612309598992,0.39615909193442356,,,,0.15168312964467517,0.37563489433426434,0.2636590119894697,0.19417847808684582,0.507911439787381,0.3510449589371134
SMG1,,,,,,,,,,,,
TMC7,,,,-0.9507607612895005,-0.16936041529848758,-0.5600605882939941,,,,,,
COQ7,,,,,,,,,,,,
ITPRIPL2,,,,,,,,,,,,
GDE1,0.10136372992552106,0.3816619543736797,0.2415128421496004,,,,,,,,,
CCP110,,,,,,,,,,,,
VPS35L,,,,,,,,,,,,
KNOP1,,,,,,,,,,,,
IQCK,,,,,,,,,,,,
GPRC5B,,,,,,,,,,,,
THUMPD1,,,,,,,,,,,,
ERI2,,,,,,,,,,,,
REXO5,,,,,,,,,,,,
LYRM1,,,,,,,,,,,,
LDAF1,,,,,,,,,,,,
METTL9,,,,,,,,,,,,
NPIPB4,,,,,,,,,,,,
UQCRC2,,,,,,,,,,,,
MOSMO,,,,,,,,,,,,
EEF2K,,,,,,,,,,,,
POLR3E,,,,,,,,,,,,
CDR2,,,,,,,,,,,,
USP31,,,,,,,,,,,,
COG7,,,,,,,,,,,,
GGA2,,,,,,,,,,,,
EARS2,,,,,,,,,,,,
UBFD1,,,,,,,,,,,,
NDUFAB1,,,,,,,,,,,,
PALB2,,,,,,,,,,,,
DCTN5,,,,,,,,,,,,
PLK1,0.24467573438647014,0.4452238730591191,0.3449498037227946,,,,0.09899111218318388,0.32949094592417005,0.21424102905367698,,,
PRKCB,-0.20489086513377397,-0.055750263414658364,-0.13032056427421618,,,,,,,,,
RBBP6,,,,,,,,,,,,
TNRC6A,,,,,,,,,,,,
ARHGAP17,,,,,,,,,,,,
LCMT1,,,,,,,,,,,,
NSMCE1,0.07961556188138472,0.3865217030910923,0.2330686324862385,,,,,,,,,
GTF3C1,,,,,,,,,,,,
KATNIP,,,,,,,,,,,,
XPO6,,,,,,,,,,,,
CLN3,,,,,,,,,,,,
SGF29,,,,,,,,,,,,
EIF3C,,,,,,,,,,,,
ATXN2L,,,,,,,,,,,,
TUFM,,,,,,,,,,,,
SH2B1,,,,,,,,,,,,
RABEP2,,,,,,,,,,,,
NFATC2IP,,,,,,,,,,,,
SPNS1,0.10622119023794561,0.38834760751311315,0.2472843988755294,,,,,,,,,
QPRT,,,,,,,,,,,,
KIF22,,,,,,,,,,,,
MAZ,,,,,,,,,,,,
PAGR1,,,,,,,,,,,,
MVP,,,,,,,,,,,,
CDIPT,,,,,,,,,,,,
SEZ6L2,,,,,,,,,,,,
ASPHD1,-0.3152090567540651,-0.09052200620180044,-0.20286553147793276,,,,,,,,,
KCTD13,,,,,,,,,,,,
TMEM219,,,,,,,,,,,,
TAOK2,,,,,,,,,,,,
HIRIP3,,,,,,,,,,,,
INO80E,,,,,,,,,,,,
DOC2A,,,,,,,,,,,,
ALDOA,,,,,,,,,,,,
PPP4C,0.2144461365092035,0.4800523931122907,0.3472492648107471,,,,,,,,,
YPEL3,0.10713259831116242,0.3528543827906187,0.22999349055089058,,,,,,,0.10532236740441905,0.5208196870746749,0.31307102723954694
MAPK3,,,,,,,,,,,,
BOLA2B,,,,,,,,,,,,
NPIPB13,,,,,,,,,,,,
CD2BP2,0.11146176257108582,0.3467602155340292,0.2291109890525575,,,,,,,,,
TBC1D10B,,,,,,,,,,,,
ZNF48,,,,,,,,,,,,
SEPTIN1,-0.1994680390452613,-0.042054364148275736,-0.12076120159676852,-0.9957681270625411,-0.5463613890969786,-0.7710647580797598,,,,,,
ZNF771,,,,,,,,,,,,
DCTPP1,,,,,,,,,,,,
SEPHS2,0.14740477337961883,0.3729031995021079,0.26015398644086335,,,,0.07581363734247061,0.4546071273915361,0.26521038236700334,,,
ZNF768,,,,,,,,,,,,
ZNF747,,,,,,,,,,,,
ZNF764,,,,,,,,,,,,
ZNF688,,,,,,,,,,,,
ZNF689,,,,,,,,,,,,
PRR14,,,,,,,,,,,,
FBRS,0.0913955773637634,0.29488573254471306,0.19314065495423824,,,,,,,,,
SRCAP,,,,,,,,,,,,
PHKG2,,,,,,,,,,,,
CFAP119,,,,,,,,,,,,
RNF40,,,,,,,,,,,,
ZNF629,,,,,,,,,,,,
BCL7C,,,,,,,0.12917591681176527,0.501724201659297,0.31545005923553116,,,
FBXL19,,,,,,,,,,,,
SETD1A,,,,,,,,,,,,
STX4,,,,,,,,,,,,
ZNF668,,,,,,,,,,,,
VKORC1,,,,,,,,,,,,
BCKDK,,,,,,,,,,,,
KAT8,,,,,,,,,,,,
FUS,,,,,,,,,,,,
RUSF1,,,,,,,,,,,,
KRBOX5,,,,,,,,,,,,
ZNF267,,,,,,,,,,,,
SHCBP1,,,,,,,,,,,,
VPS35,0.12752318306689583,0.41512688734794206,0.27132503520741896,,,,,,,,,
ORC6,,,,,,,,,,,,
C16orf87,,,,,,,,,,,,
GPT2,,,,,,,,,,,,
DNAJA2,,,,,,,,,,,,
NETO2,,,,,,,,,,,,
ITFG1,,,,,,,,,,,,
PHKB,,,,,,,,,,,,
LONP2,,,,,,,,,,,,
SIAH1,,,,,,,,,,,,
N4BP1,,,,,,,,,,,,
ZNF423,,,,-0.9570354274852599,-0.10701582660477621,-0.5320256270450181,,,,,,
CNEP1R1,,,,,,,,,,,,
HEATR3,,,,,,,,,,,,
TENT4B,,,,,,,,,,,,
BRD7,,,,,,,,,,,,
CYLD,,,,,,,,,,,,
SALL1,,,,,,,,,,,,
HNRNPA1L3,0.05935073346048641,0.28405048338945094,0.17170060842496868,,,,,,,,,
CHD9,,,,,,,,,,,,
RBL2,,,,,,,,,,,,
AKTIP,,,,,,,,,,,,
RPGRIP1L,,,,,,,,,,,,
FTO,-0.3681495294632049,-0.08947514711769435,-0.2288123382904496,,,,-0.3920058797157982,-0.03697610027545348,-0.21449098999562582,,,
IRX3,,,,,,,,,,,,
IRX5,,,,,,,,,,,,
LPCAT2,,,,,,,,,,,,
AMFR,,,,,,,,,,,,
NUDT21,0.131362865373092,0.4154756644009018,0.27341926488699686,,,,,,,,,
OGFOD1,,,,,,,,,,,,
BBS2,,,,-0.9943760613854352,-0.41494650437446573,-0.7046612828799504,,,,,,
MT2A,,,,,,,,,,,,
MT1X,,,,,,,,,,,,
NUP93,,,,,,,,,,,,
HERPUD1,,,,,,,,,,,,
CPNE2,,,,,,,,,,,,
PSME3IP1,,,,,,,,,,,,
RSPRY1,,,,,,,,,,,,
ARL2BP,,,,,,,,,,,,
PLLP,,,,,,,,,,,,
CIAPIN1,,,,,,,,,,,,
COQ9,,,,,,,,,,,,
POLR2C,,,,,,,,,,,,
CCDC102A,,,,,,,,,,,,
KATNB1,,,,,,,,,,,,
USB1,,,,,,,,,,,,
CFAP20,,,,,,,,,,,,
CSNK2A2,,,,,,,,,,,,
CCDC113,,,,,,,,,,,,
GINS3,,,,,,,,,,,,
SETD6,,,,,,,,,,,,
CNOT1,,,,,,,,,,,,
SLC38A7,,,,,,,,,,,,
GOT2,,,,,,,,,,,,
TK2,,,,,,,,,,,,
CKLF,,,,,,,,,,,,
CMTM3,0.05985802332627311,0.2764100798336302,0.16813405157995165,,,,,,,,,
CMTM4,,,,,,,,,,,,
DYNC1LI2,,,,,,,,,,,,
TERB1,-0.24447113874605061,-0.14069236255413348,-0.19258175065009203,-0.9858868087274738,-0.5142608411937999,-0.7500738249606369,-0.2363607296600377,-0.06237765466713332,-0.14936919216358552,-0.3256960474757224,-0.13900692056329217,-0.23235148401950728
NAE1,,,,,,,,,,,,
PDP2,,,,,,,,,,,,
CIAO2B,,,,,,,,,,,,
CES2,,,,,,,,,,,,
CBFB,,,,,,,,,,,,
PHAF1,,,,,,,,,,,,
TRADD,,,,,,,,,,,,
E2F4,,,,,,,,,,,,
TMEM208,0.12034893998978284,0.4156626787028201,0.26800580934630147,,,,,,,,,
FHOD1,,,,,,,,,,,,
ATP6V0D1,,,,,,,,,,,,
RIPOR1,,,,,,,,,,,,
CTCF,,,,,,,,,,,,
CARMIL2,,,,,,,,,,,,
ACD,,,,,,,,,,,,
GFOD2,,,,,,,,,,,,
RANBP10,,,,,,,,,,,,
CENPT,,,,,,,,,,,,
THAP11,,,,,,,,,,,,
NUTF2,,,,,,,,,,,,
EDC4,,,,,,,,,,,,
PSKH1,,,,,,,,,,,,
PSMB10,,,,,,,,,,,,
DUS2,,,,-0.9822869210610838,-0.3462511587006671,-0.6642690398808755,,,,,,
DDX28,,,,,,,,,,,,
NFATC3,-0.27781676726865934,-0.09267705184841175,-0.18524690955853554,-0.9858347856316093,-0.3260593913153205,-0.655947088473465,-0.33959117856852583,-0.04901233014164617,-0.194301754355086,,,
SLC7A6,,,,,,,,,,,,
SLC7A6OS,,,,,,,,,,,,
PRMT7,,,,,,,,,,,,
ZFP90,,,,,,,,,,,,
TANGO6,,,,-0.9846997477705001,-0.2610932970326868,-0.6228965224015934,,,,,,
UTP4,,,,,,,,,,,,
SNTB2,,,,,,,,,,,,
VPS4A,,,,,,,,,,,,
COG8,,,,,,,,,,,,
NIP7,,,,,,,,,,,,
TERF2,-0.2857771515847488,-0.036399181649806385,-0.1610881666172776,-0.986352038496262,-0.3638333789489802,-0.6750927087226211,,,,,,
CYB5B,,,,,,,,,,,,
NFAT5,,,,,,,,,,,,
NOB1,,,,,,,,,,,,
WWP2,,,,,,,,,,,,
PDPR,,,,,,,,,,,,
EXOSC6,-0.46879131806463287,-0.09270066420897967,-0.28074599113680626,,,,-0.43022701336270414,-0.04931485833371875,-0.23977093584821144,,,
AARS1,,,,,,,,,,,,
DDX19B,,,,,,,,,,,,
DDX19A,,,,,,,,,,,,
ST3GAL2,,,,,,,,,,,,
COG4,,,,,,,,,,,,
SF3B3,,,,,,,,,,,,
MTSS2,,,,-0.9909033436444777,-0.3582116607371751,-0.6745575021908264,,,,,,
VAC14,,,,,,,,,,,,
ZNF23,,,,,,,,,,,,
PHLPP2,,,,,,,,,,,,
AP1G1,,,,,,,,,,,,
ATXN1L,,,,,,,,,,,,
IST1,,,,,,,,,,,,
ZNF821,,,,,,,,,,,,
DHODH,,,,,,,,,,,,
TXNL4B,,,,,,,,,,,,
DHX38,0.06336938177337431,0.2937658163235461,0.1785675990484602,,,,,,,,,
ZFHX3,-0.3831359255337779,-0.08891603709221042,-0.23602598131299415,-0.9892369902825888,-0.38546003117650945,-0.6873485107295492,,,,,,
PSMD7,0.1606626231115357,0.490880423739885,0.32577152342571036,,,,,,,,,
GLG1,,,,,,,,,,,,
RFWD3,,,,,,,,,,,,
WDR59,,,,,,,,,,,,
ZNRF1,,,,,,,,,,,,
ZFP1,,,,,,,,,,,,
BCAR1,,,,,,,,,,,,
CFDP1,,,,,,,,,,,,
TMEM170A,,,,,,,,,,,,
GABARAPL2,0.23224653668829445,0.519570525345449,0.3759085310168717,,,,,,,,,
ADAT1,,,,,,,,,,,,
KARS1,,,,,,,,,,,,
TERF2IP,0.07621560464073024,0.35803889990848864,0.21712725227460944,,,,,,,,,
MON1B,,,,,,,,,,,,
SYCE1L,,,,,,,,,,,,
NUDT7,,,,,,,,,,,,
WWOX,-0.4525613076078023,-0.1625755053373015,-0.3075684064725519,,,,-0.5501436513929161,-0.216360915758092,-0.38325228357550406,,,
MAF,,,,,,,,,,,,
CDYL2,,,,,,,,,,,,
CMC2,,,,,,,,,,,,
CENPN,,,,,,,,,,,,
ATMIN,,,,,,,,,,,,
C16orf46,,,,,,,,,,,,
GCSH,,,,,,,,,,,,
GAN,,,,,,,-0.5870265585036879,-0.15466994751703272,-0.3708482530103603,,,
CMIP,,,,,,,,,,,,
PLCG2,,,,,,,,,,,,
MPHOSPH6,,,,,,,,,,,,
CDH13,-0.26158595379451705,-0.14715444678155426,-0.20437020028803565,-0.9782157701162469,-0.43347830902328793,-0.7058470395697675,-0.25241485867594177,-0.0855973392489537,-0.16900609896244773,-0.3354134231443042,-0.19438785862762817,-0.2649006408859662
HSBP1,,,,,,,,,,,,
MLYCD,,,,,,,,,,,,
MBTPS1,,,,,,,,,,,,
HSDL1,,,,,,,,,,,,
TAF1C,,,,,,,,,,,,
MEAK7,,,,-0.9924313194191047,-0.555505943051187,-0.7739686312351458,,,,,,
COTL1,,,,,,,,,,,,
KLHL36,,,,,,,,,,,,
USP10,,,,,,,,,,,,
ZDHHC7,,,,,,,,,,,,
KIAA0513,,,,,,,,,,,,
GSE1,-0.260361399707877,-0.02834571054322392,-0.14435355512555045,,,,,,,,,
GINS2,,,,,,,,,,,,
C16orf74,,,,,,,,,,,,
EMC8,,,,,,,,,,,,
COX4I1,0.27106187773838286,0.46928488541098634,0.3701733815746846,,,,0.19918415089718267,0.49426931295398197,0.34672673192558234,,,
MTHFSD,,,,,,,,,,,,
C16orf95,,,,,,,,,,,,
FBXO31,,,,,,,,,,,,
MAP1LC3B,0.0804479799461713,0.33759860794258995,0.20902329394438063,,,,,,,,,
ZCCHC14,-0.1195675914036133,-0.0023381198002392187,-0.06095285560192626,-0.9307906898076942,-0.2614723565735307,-0.5961315231906125,,,,,,
KLHDC4,,,,,,,,,,,,
SLC7A5,,,,,,,,,,,,
BANP,,,,,,,,,,,,
ZFPM1,,,,,,,,,,,,
ZC3H18,,,,,,,,,,,,
CYBA,0.09226591692659888,0.38481515090775564,0.23854053391717728,,,,0.15744268440712347,0.5086611353313344,0.33305190986922895,,,
MVD,,,,,,,,,,,,
RNF166,,,,,,,,,,,,
CTU2,,,,,,,,,,,,
PIEZO1,,,,,,,,,,,,
CDT1,,,,,,,,,,,,
APRT,,,,,,,,,,,,
GALNS,,,,,,,,,,,,
TRAPPC2L,,,,,,,,,,,,
ACSF3,,,,,,,,,,,,
ZNF778,,,,,,,,,,,,
ANKRD11,,,,,,,,,,,,
SPG7,-0.1917415060430633,-0.02237234687048712,-0.10705692645677521,-0.9738422773473432,-0.31009010625435374,-0.6419661918008485,,,,,,
RPL13,0.1262234438210798,0.34648275398896594,0.23635309890502287,,,,,,,,,
CPNE7,,,,,,,,,,,,
CHMP1A,,,,,,,,,,,,
SPATA33,,,,,,,,,,,,
CDK10,-0.3301783006480274,-0.043111774258155156,-0.18664503745309127,,,,,,,-0.4039233551541866,-0.0762727986484931,-0.24009807690133983
SPATA2L,,,,,,,,,,,,
VPS9D1,-0.31784223388721106,-0.05779079128512833,-0.1878165125861697,-0.9926308557480257,-0.47317598353470425,-0.732903419641365,,,,,,
ZNF276,,,,,,,,,,,,
FANCA,-0.36133212417669897,-0.06406228484154423,-0.2126972045091216,,,,,,,,,
SPIRE2,,,,,,,,,,,,
TCF25,,,,,,,,,,,,
DEF8,,,,,,,,,,,,
DBNDD1,,,,,,,,,,,,
GAS8,,,,,,,,,,,,
RFLNB,,,,,,,,,,,,
VPS53,,,,,,,,,,,,
TLCD3A,,,,,,,,,,,,
GEMIN4,,,,,,,,,,,,
GLOD4,,,,,,,,,,,,
MRM3,,,,,,,,,,,,
NXN,-0.30939302543138886,-0.0999325895386347,-0.20466280748501178,-0.975609266314391,-0.36589177629695585,-0.6707505213056735,-0.3217111443973864,-0.028305623413742584,-0.1750083839055645,,,
TIMM22,,,,,,,,,,,,
ABR,,,,,,,,,,,,
YWHAE,,,,-0.983489442401474,-0.23891634278658483,-0.6112028925940294,-0.9856778072517023,-0.4838362968047128,-0.7347570520282075,-0.9902569955615599,-0.4750325230224057,-0.7326447592919828
CRK,,,,,,,,,,,,
MYO1C,,,,,,,,,,,,
INPP5K,,,,,,,,,,,,
PITPNA,,,,,,,,,,,,
PRPF8,,,,,,,,,,,,
TLCD2,,,,,,,,,,,,
WDR81,,,,,,,,,,,,
SERPINF1,,,,,,,,,,,,
SMYD4,,,,,,,,,,,,
RPA1,,,,,,,,,,,,
DPH1,,,,,,,,,,,,
SMG6,,,,,,,,,,,,
SRR,,,,,,,,,,,,
TSR1,,,,,,,,,,,,
SGSM2,,,,-0.942178747915082,-0.20718364913932438,-0.5746811985272032,,,,,,
MNT,,,,,,,,,,,,
METTL16,,,,,,,,,,,,
PAFAH1B1,,,,,,,,,,,,
CLUH,,,,,,,,,,,,
RAP1GAP2,,,,,,,,,,,,
TRPV1,,,,,,,,,,,,
SHPK,,,,,,,,,,,,
CTNS,,,,,,,,,,,,
TAX1BP3,,,,,,,,,,,,
EMC6,,,,,,,,,,,,
ITGAE,,,,,,,,,,,,
NCBP3,,,,,,,,,,,,
CAMKK1,,,,,,,,,,,,
ZZEF1,,,,,,,,,,,,
CYB5D2,,,,,,,,,,,,
ANKFY1,,,,,,,,,,,,
UBE2G1,,,,,,,,,,,,
MYBBP1A,,,,,,,,,,,,
PELP1,,,,,,,,,,,,
ARRB2,,,,,,,,,,,,
MED11,,,,,,,,,,,,
PSMB6,0.15338598161909103,0.4182694091732113,0.28582769539615116,,,,,,,,,
MINK1,,,,,,,,,,,,
CHRNE,,,,,,,,,,,,
SLC25A11,,,,,,,,,,,,
RNF167,,,,,,,,,,,,
PFN1,0.12837332275043326,0.42887005460017424,0.27862168867530374,,,,,,,,,
SPAG7,,,,,,,,,,,,
CAMTA2,,,,,,,,,,,,
KIF1C,,,,,,,,,,,,
ZNF232,,,,,,,,,,,,
ZNF594,,,,,,,,,,,,
RABEP1,,,,,,,,,,,,
NUP88,,,,-0.9799021346843503,-0.3641757736964897,-0.6720389541904199,,,,,,
RPAIN,,,,,,,,,,,,
C1QBP,,,,,,,,,,,,
DHX33,,,,-0.9941302089039031,-0.5473728865185193,-0.7707515477112112,,,,,,
DERL2,,,,,,,,,,,,
MIS12,,,,,,,,,,,,
WSCD1,,,,,,,,,,,,
PIMREG,0.12385722869607237,0.35099442380821877,0.23742582625214556,,,,,,,,,
KIAA0753,,,,,,,,,,,,
TXNDC17,,,,,,,,,,,,
MED31,,,,,,,,,,,,
RNASEK,,,,,,,,,,,,
C17orf49,,,,,,,,,,,,
ACADVL,,,,,,,,,,,,
DVL2,,,,,,,,,,,,
PHF23,0.1002342146186199,0.3432149232205728,0.22172456891959635,,,,,,,,,
GABARAP,,,,,,,,,,,,
CTDNEP1,,,,,,,,,,,,
ELP5,,,,,,,,,,,,
EIF5A,-0.6607078636007407,-0.2435121009971583,-0.4521099822989495,-0.982011536197604,-0.17777957655463775,-0.5798955563761209,-0.4263893431588519,-0.02929411606971184,-0.22784172961428187,,,
GPS2,,,,,,,,,,,,
NEURL4,,,,,,,,,,,,
TMEM256,0.09540735257212846,0.35157005817903864,0.22348870537558355,,,,,,,,,
NLGN2,,,,,,,,,,,,
ZBTB4,,,,,,,,,,,,
POLR2A,,,,,,,,,,,,
SENP3,-0.1745251441651506,0.012042320091224289,-0.08124141203696315,-0.9747898109273084,-0.35880922157575035,-0.6667995162515294,,,,,,
EIF4A1,,,,,,,,,,,,
MPDU1,0.11067261409423415,0.3378336369146537,0.22425312550444393,,,,,,,,,
FXR2,,,,,,,,,,,,
SAT2,0.20718140048482425,0.47217452337910976,0.339677961931967,,,,,,,,,
ATP1B2,,,,,,,,,,,,
TP53,-0.6003610796758421,-0.284049216044874,-0.442205147860358,,,,-0.4125774281158245,-0.10269030727290508,-0.2576338676943648,-0.7064833536581365,-0.2391904529218871,-0.4728369032900118
WRAP53,,,,,,,,,,,,
KDM6B,,,,,,,,,,,,
NAA38,,,,,,,,,,,,
CYB5D1,,,,,,,,,,,,
CHD3,,,,,,,,,,,,
TRAPPC1,0.16158298722658093,0.459889738510125,0.31073636286835293,,,,,,,,,
CNTROB,,,,,,,,,,,,
PER1,,,,,,,,,,,,
VAMP2,0.07967884875319002,0.31256293340899793,0.19612089108109398,,,,,,,,,
TMEM107,-0.424367690286043,-0.11069999538854061,-0.2675338428372918,,,,,,,,,
BORCS6,,,,,,,,,,,,
AURKB,,,,,,,,,,,,
CTC1,,,,,,,,,,,,
PFAS,,,,,,,,,,,,
RANGRF,,,,,,,,,,,,
RPL26,,,,,,,,,,,,
NDEL1,,,,-0.9797387661123946,-0.3331661569297799,-0.6564524615210873,,,,,,
MYH10,,,,,,,,,,,,
NTN1,,,,,,,,,,,,
STX8,,,,,,,,,,,,
SCO1,,,,,,,,,,,,
DNAH9,-0.2551754640029848,-0.15493447550297637,-0.2050549697529806,-0.9915899903317591,-0.5067296374084206,-0.7491598138700899,,,,-0.31606150388025916,-0.12501333400905482,-0.220537418944657
MAP2K4,,,,,,,,,,,,
ARHGAP44,-0.3041758634647867,-0.06555769985494261,-0.18486678165986464,,,,-0.3972910490765863,-0.05288744817164622,-0.22508924862411625,,,
ELAC2,,,,,,,,,,,,
HS3ST3A1,,,,,,,,,,,,
COX10,,,,,,,,,,,,
HS3ST3B1,,,,,,,,,,,,
PMP22,,,,,,,,,,,,
TVP23C,,,,,,,,,,,,
TRIM16,-0.33368155753754214,-0.07117121508393164,-0.2024263863107369,,,,-0.3860754932066631,-0.0776173212088933,-0.23184640720777822,,,
ZNF286A,,,,,,,,,,,,
ADORA2B,,,,,,,,,,,,
ZSWIM7,,,,,,,,,,,,
TTC19,,,,,,,,,,,,
NCOR1,,,,,,,,,,,,
PIGL,,,,,,,,,,,,
CENPV,,,,,,,,,,,,
UBB,0.1976039849669346,0.4325697087459347,0.3150868468564346,,,,0.07812424848760384,0.3543552824478783,0.21623976546774107,,,
LRRC75A,-0.8199795078885092,-0.4450429687615825,-0.6325112383250459,-0.9867093759549868,-0.371539546377436,-0.6791244611662114,-0.6072893576277036,-0.2670927533900306,-0.4371910555088671,-0.6939394842881593,-0.29555054653908036,-0.4947450154136198
MPRIP,,,,,,,,,,,,
PLD6,,,,,,,,,,,,
FLCN,,,,,,,,,,,,
COPS3,,,,,,,,,,,,
NT5M,,,,,,,,,,,,
MED9,,,,,,,,,,,,
PEMT,,,,,,,,,,,,
RAI1,,,,,,,,,,,,
SREBF1,,,,,,,,,,,,
TOM1L2,,,,,,,,,,,,
ATPAF2,,,,,,,,,,,,
GID4,,,,,,,,,,,,
DRG2,,,,,,,,,,,,
ALKBH5,,,,,,,,,,,,
LLGL1,,,,,,,,,,,,
FLII,,,,,,,,,,,,
TOP3A,,,,,,,,,,,,
SMCR8,,,,,,,,,,,,
SHMT1,,,,,,,,,,,,
TVP23B,,,,,,,,,,,,
PRPSAP2,,,,,,,,,,,,
EPN2,,,,,,,,,,,,
B9D1,,,,,,,,,,,,
SLC47A1,,,,,,,,,,,,
ALDH3A2,,,,,,,,,,,,
ULK2,,,,,,,,,,,,
AKAP10,,,,,,,,,,,,
SPECC1,,,,,,,,,,,,
USP22,,,,,,,,,,,,
DHRS7B,,,,,,,,,,,,
TMEM11,,,,,,,,,,,,
MAP2K3,,,,,,,,,,,,
KCNJ12,,,,-0.9923691930617944,-0.46891646235217654,-0.7306428277069854,,,,,,
WSB1,,,,,,,,,,,,
KSR1,,,,-0.9913537679491596,-0.3552250768030857,-0.6732894223761227,,,,,,
NLK,,,,,,,,,,,,
TMEM97,,,,,,,,,,,,
IFT20,,,,,,,,,,,,
TNFAIP1,,,,,,,,,,,,
POLDIP2,,,,,,,,,,,,
TMEM199,,,,,,,,,,,,
SARM1,,,,,,,,,,,,
SLC46A1,,,,,,,,,,,,
RSKR,,,,,,,,,,,,
UNC119,,,,,,,,,,,,
PIGS,,,,,,,,,,,,
SPAG5,0.11894823968770696,0.33200577418123145,0.2254770069344692,,,,,,,,,
BLTP2,,,,,,,,,,,,
SDF2,,,,,,,,,,,,
SUPT6H,,,,,,,,,,,,
RAB34,,,,,,,,,,,,
RPL23A,,,,,,,,,,,,
TLCD1,,,,,,,,,,,,
NEK8,,,,-0.9887947804224401,-0.506141960845319,-0.7474683706338796,,,,,,
TRAF4,,,,,,,,,,,,
FAM222B,,,,,,,,,,,,
ERAL1,,,,,,,,,,,,
FLOT2,,,,,,,,,,,,
DHRS13,,,,,,,,,,,,
PHF12,,,,,,,,,,,,
MYO18A,,,,,,,,,,,,
NUFIP2,,,,,,,,,,,,
TAOK1,,,,,,,,,,,,
TP53I13,,,,,,,,,,,,
GIT1,,,,,,,,,,,,
ANKRD13B,-0.360736724865865,-0.13866719029786215,-0.2497019575818636,-0.9915367500121213,-0.3236302342239533,-0.6575834921180372,,,,-0.4387350350699921,-0.1112101663573301,-0.2749726007136611
SSH2,,,,,,,,,,,,
NSRP1,,,,,,,,,,,,
BLMH,,,,,,,,,,,,
CPD,,,,,,,,,,,,
GOSR1,,,,,,,,,,,,
CRLF3,-0.6236693968981163,-0.24120323220481327,-0.4324363145514648,,,,-0.5236749670544865,-0.1307285418088798,-0.32720175443168314,,,
ATAD5,,,,,,,,,,,,
TEFM,,,,,,,,,,,,
ADAP2,,,,,,,,,,,,
RNF135,,,,,,,,,,,,
NF1,,,,,,,,,,,,
OMG,-0.36091710587276865,-0.1254397766390706,-0.24317844125591964,,,,,,,-0.46610798932887737,-0.11125481145162285,-0.2886814003902501
RAB11FIP4,,,,,,,,,,,,
COPRS,,,,,,,,,,,,
UTP6,,,,,,,,,,,,
SUZ12,,,,,,,,,,,,
LRRC37B,,,,,,,,,,,,
RHOT1,,,,,,,,,,,,
RHBDL3,,,,,,,,,,,,
C17orf75,,,,,,,,,,,,
ZNF207,,,,,,,,,,,,
PSMD11,,,,,,,,,,,,
MYO1D,-0.33150222533344087,-0.10885436597262695,-0.2201782956530339,-0.9915338429029589,-0.48868626660638953,-0.7401100547546742,,,,,,
TMEM98,,,,,,,,,,,,
ZNF830,,,,,,,,,,,,
LIG3,,,,,,,,,,,,
RFFL,,,,,,,,,,,,
RAD51D,,,,,,,,,,,,
NLE1,,,,,,,,,,,,
AP2B1,,,,,,,,,,,,
RASL10B,,,,,,,,,,,,
TAF15,,,,,,,,,,,,
RDM1,,,,,,,,,,,,
ZNHIT3,,,,,,,,,,,,
MYO19,-0.3634211036610271,-0.10865223605670653,-0.23603666985886682,,,,,,,,,
PIGW,,,,,,,,,,,,
GGNBP2,,,,,,,,,,,,
DHRS11,,,,,,,,,,,,
MRM1,-0.6315653387265265,-0.19749467861041828,-0.4145300086684724,,,,,,,-0.6857843889463723,-0.16966196700938066,-0.42772317797787646
LHX1,,,,,,,,,,,,
AATF,,,,,,,,,,,,
ACACA,,,,,,,,,,,,
TADA2A,,,,,,,,,,,,
DUSP14,,,,,,,,,,,,
SYNRG,,,,,,,,,,,,
DDX52,,,,,,,,,,,,
MRPL45,,,,,,,,,,,,
SOCS7,,,,,,,,,,,,
MLLT6,,,,,,,,,,,,
CISD3,,,,,,,,,,,,
PCGF2,,,,,,,,,,,,
PSMB3,,,,,,,,,,,,
PIP4K2B,,,,,,,,,,,,
CWC25,,,,,,,,,,,,
RPL23,,,,,,,,,,,,
LASP1,,,,,,,,,,,,
RPL19,0.21417311339716658,0.4006816483911903,0.3074273808941784,,,,,,,,,
FBXL20,,,,,,,,,,,,
MED1,,,,,,,,,,,,
CDK12,,,,,,,,,,,,
STARD3,,,,,,,,,,,,
ERBB2,,,,,,,,,,,,
MIEN1,,,,,,,,,,,,
IKZF3,,,,,,,,,,,,
ORMDL3,,,,,,,,,,,,
PSMD3,,,,,,,,,,,,
MED24,,,,,,,,,,,,
THRA,,,,,,,,,,,,
MSL1,,,,,,,,,,,,
CASC3,,,,,,,,,,,,
WIPF2,-0.24693730356464705,-0.0261645694239854,-0.1365509364943162,-0.9801076890536876,-0.3044380921024275,-0.6422728905780576,,,,,,
CDC6,,,,,,,,,,,,
RARA,,,,,,,,,,,,
TOP2A,0.08933265791716112,0.262128308780703,0.17573048334893204,,,,,,,,,
SMARCE1,,,,,,,,,,,,
KRT10,,,,,,,,,,,,
EIF1,,,,,,,,,,,,
JUP,,,,,,,,,,,,
P3H4,,,,,,,,,,,,
FKBP10,,,,,,,,,,,,
NT5C3B,,,,,,,,,,,,
KLHL11,,,,,,,,,,,,
ACLY,,,,,,,,,,,,
CNP,-0.6077033865362923,-0.10882330109558797,-0.35826334381594016,,,,,,,,,
DNAJC7,,,,,,,,,,,,
NKIRAS2,,,,,,,,,,,,
KAT2A,,,,,,,,,,,,
RAB5C,,,,,,,,,,,,
STAT5B,,,,,,,,,,,,
STAT3,,,,,,,,,,,,
ATP6V0A1,,,,,,,,,,,,
NAGLU,,,,,,,,,,,,
COASY,,,,,,,,,,,,
MLX,,,,,,,,,,,,
PSMC3IP,,,,,,,,,,,,
RETREG3,,,,,,,,,,,,
TUBG1,,,,,,,,,,,,
PLEKHH3,,,,,,,,,,,,
EZH1,,,,,,,,,,,,
RAMP2,,,,,,,,,,,,
VPS25,0.12318263472210336,0.37399274278746325,0.24858768875478332,,,,,,,,,
COA3,0.13155937418927993,0.41885529379201947,0.27520733399064967,,,,,,,,,
BECN1,,,,,,,,,,,,
PSME3,,,,,,,,,,,,
AARSD1,,,,,,,,,,,,
RUNDC1,,,,,,,,,,,,
RPL27,,,,,,,,,,,,
VAT1,,,,,,,,,,,,
RND2,,,,,,,,,,,,
BRCA1,-0.43211372983258406,-0.07189966875097097,-0.2520066992917775,,,,,,,,,
NBR1,,,,,,,,,,,,
CCDC200,,,,,,,,,,,,
ARL4D,,,,,,,,,,,,
DHX8,,,,,,,,,,,,
DUSP3,,,,,,,,,,,,
MPP3,,,,,,,,,,,,
MPP2,,,,,,,,,,,,
TMEM101,,,,,,,,,,,,
LSM12,,,,,,,,,,,,
G6PC3,,,,,,,,,,,,
HDAC5,,,,,,,,,,,,
HROB,,,,,,,,,,,,
TMUB2,,,,,,,,,,,,
ATXN7L3,,,,,,,,,,,,
UBTF,,,,,,,,,,,,
SLC25A39,,,,,,,,,,,,
GRN,,,,,,,,,,,,
GPATCH8,,,,,,,,,,,,
MEIOC,,,,,,,,,,,,
CCDC43,,,,,,,,,,,,
DBF4B,,,,,,,,,,,,
ADAM11,,,,-0.9639066002294026,-0.18159216559329255,-0.5727493829113476,,,,,,
GJC1,,,,,,,,,,,,
EFTUD2,,,,,,,,,,,,
KIF18B,,,,,,,-0.5741414849318818,-0.21771273985320858,-0.3959271123925452,,,
NMT1,,,,,,,,,,,,
DCAKD,,,,,,,,,,,,
PLCD3,,,,-0.98729113573859,-0.43118627263037096,-0.7092387041844804,,,,,,
HEXIM1,,,,,,,,,,,,
MAP3K14,,,,,,,,,,,,
PLEKHM1,,,,,,,,,,,,
MAPT,,,,,,,,,,,,
KANSL1,,,,,,,,,,,,
ARL17B,,,,,,,,,,,,
ARL17A,,,,,,,,,,,,
LRRC37A2,-0.30474469982370533,-0.09218732766717228,-0.19846601374543882,,,,,,,,,
NSF,,,,,,,,,,,,
GOSR2,,,,,,,,,,,,
RPRML,,,,,,,,,,,,
CDC27,,,,,,,,,,,,
NPEPPS,,,,,,,,,,,,
KPNB1,,,,,,,,,,,,
TBKBP1,,,,,,,,,,,,
MRPL10,0.09031604938487592,0.3167277847808211,0.2035219170828485,,,,,,,,,
SCRN2,,,,,,,,,,,,
SP2,,,,,,,,,,,,
PNPO,,,,,,,,,,,,
CDK5RAP3,,,,,,,,,,,,
NFE2L1,,,,,,,,,,,,
CBX1,,,,,,,,,,,,
SNX11,,,,,,,,,,,,
HOXB2,,,,,,,,,,,,
HOXB3,,,,,,,,,,,,
HOXB6,,,,,,,,,,,,
HOXB7,,,,,,,,,,,,
HOXB8,,,,,,,,,,,,
HOXB9,,,,,,,,,,,,
CALCOCO2,0.09254318534568214,0.34794870505417747,0.2202459451999298,,,,,,,,,
ATP5MC1,,,,,,,,,,,,
UBE2Z,,,,,,,,,,,,
SNF8,,,,,,,,,,,,
IGF2BP1,,,,,,,,,,,,
ZNF652,,,,,,,,,,,,
PHB1,0.11991582771010088,0.3693693680947323,0.2446425979024166,,,,,,,,,
SPOP,,,,,,,,,,,,
SLC35B1,0.12271753814302473,0.4014585708932068,0.2620880545181158,,,,,,,,,
FAM117A,,,,,,,,,,,,
KAT7,,,,,,,,,,,,
PDK2,,,,,,,,,,,,
PPP1R9B,,,,,,,,,,,,
XYLT2,,,,,,,-0.40497927356760244,-0.09032272357002384,-0.24765099856881315,,,
MRPL27,,,,,,,,,,,,
EME1,,,,,,,,,,,,
LRRC59,,,,,,,,,,,,
RSAD1,,,,,,,,,,,,
ANKRD40,,,,,,,,,,,,
LUC7L3,,,,,,,,,,,,
TOB1,,,,,,,,,,,,
SPAG9,,,,,,,,,,,,
NME1,,,,,,,,,,,,
NME2,,,,,,,,,,,,
MBTD1,,,,,,,,,,,,
UTP18,,,,,,,,,,,,
TOM1L1,,,,,,,,,,,,
COX11,,,,,,,,,,,,
STXBP4,,,,,,,,,,,,
MMD,,,,,,,,,,,,
PCTP,,,,,,,,,,,,
NOG,,,,,,,,,,,,
C17orf67,,,,,,,,,,,,
DGKE,,,,,,,,,,,,
TRIM25,,,,,,,,,,,,
COIL,0.11209373369435158,0.3588272270719186,0.2354604803831351,,,,,,,,,
SCPEP1,,,,,,,,,,,,
AKAP1,,,,,,,,,,,,
MSI2,,,,,,,,,,,,
MRPS23,,,,,,,,,,,,
CUEDC1,,,,,,,,,,,,
VEZF1,,,,-0.9930557567944688,-0.35426271842716267,-0.6736592376108157,,,,,,
SRSF1,,,,,,,,,,,,
DYNLL2,,,,,,,,,,,,
MKS1,,,,,,,,,,,,
SUPT4H1,,,,,,,,,,,,
RNF43,,,,,,,,,,,,
MTMR4,,,,,,,,,,,,
TEX14,,,,,,,,,,,,
RAD51C,,,,,,,,,,,,
PPM1E,-0.2862123815571899,-0.06961961691670095,-0.17791599923694543,,,,,,,,,
TRIM37,,,,,,,,,,,,
SKA2,,,,,,,,,,,,
PRR11,,,,,,,,,,,,
SMG8,,,,,,,,,,,,
GDPD1,,,,,,,,,,,,
DHX40,,,,,,,,,,,,
CLTC,,,,,,,,,,,,
PTRH2,,,,,,,,,,,,
VMP1,,,,,,,,,,,,
TUBD1,,,,,,,,,,,,
RPS6KB1,,,,,,,,,,,,
RNFT1,,,,,,,,,,,,
HEATR6,,,,,,,,,,,,
USP32,,,,,,,,,,,,
APPBP2,,,,,,,,,,,,
PPM1D,,,,,,,,,,,,
BCAS3,,,,,,,,,,,,
TBX2,,,,,,,,,,,,
BRIP1,-0.3486737109942176,-0.07534331381175781,-0.2120085124029877,,,,-0.33402030407015204,0.005712345665583959,-0.16415397920228403,,,
INTS2,,,,,,,,,,,,
MED13,,,,,,,,,,,,
METTL2A,,,,,,,,,,,,
TLK2,,,,,,,,,,,,
MRC2,,,,,,,,,,,,
TANC2,,,,,,,-0.2717063610639473,-0.024885864177400983,-0.14829611262067413,,,
DCAF7,,,,,,,,,,,,
TACO1,,,,,,,,,,,,
MAP3K3,,,,,,,,,,,,
STRADA,,,,,,,,,,,,
LIMD2,,,,,,,,,,,,
CCDC47,,,,,,,,,,,,
DDX42,,,,,,,,,,,,
FTSJ3,,,,,,,,,,,,
PSMC5,0.1172084594418866,0.4339523004428755,0.27558037994238105,,,,,,,,,
SMARCD2,,,,,,,,,,,,
ERN1,,,,,,,,,,,,
TEX2,,,,,,,,,,,,
POLG2,,,,,,,,,,,,
DDX5,0.213710435585699,0.38488410572563564,0.2992972706556673,,,,0.061227419045950214,0.30781699338569735,0.18452220621582377,,,
CEP95,,,,,,,,,,,,
SMURF2,,,,,,,,,,,,
LRRC37A3,,,,,,,,,,,,
GNA13,,,,,,,,,,,,
RGS9,,,,,,,,,,,,
CEP112,,,,,,,,,,,,
PRKCA,,,,,,,,,,,,
HELZ,,,,,,,,,,,,
PSMD12,,,,,,,,,,,,
PITPNC1,,,,,,,,,,,,
NOL11,,,,,,,,,,,,
BPTF,,,,,,,,,,,,
C17orf58,,,,,,,,,,,,
KPNA2,0.12090643473640966,0.34599413576832916,0.2334502852523694,,,,,,,,,
AMZ2,,,,,,,,,,,,
ARSG,,,,,,,,,,,,
PRKAR1A,,,,,,,,,,,,
ABCA5,,,,,,,,,,,,
MAP2K6,,,,-0.9890887661054026,-0.46637768791505596,-0.7277332270102292,,,,,,
SLC39A11,-0.3270724828338842,-0.07363275776596194,-0.20035262029992307,,,,,,,,,
SSTR2,-0.28045474156890027,-0.14270363770558728,-0.21157918963724376,-0.9864260703890159,-0.49967659346810206,-0.743051331928559,-0.30389771637041824,-0.11588064113075808,-0.20988917875058816,-0.2704841604789137,-0.13440596116306538,-0.20244506082098956
COG1,,,,,,,,,,,,
FAM104A,,,,,,,,,,,,
C17orf80,,,,,,,,,,,,
CDC42EP4,,,,,,,,,,,,
SDK2,,,,,,,,,,,,
RPL38,,,,,,,,,,,,
NHERF1,,,,,,,,,,,,
NAT9,,,,,,,,,,,,
TMEM104,,,,,,,,,,,,
CDR2L,,,,,,,,,,,,
MRPL58,,,,,,,,,,,,
KCTD2,,,,,,,-0.1571996669803381,0.00834803030502886,-0.07442581833765462,,,
ATP5PD,,,,,,,,,,,,
ARMC7,,,,,,,,,,,,
NT5C,,,,,,,,,,,,
JPT1,0.17240174715579235,0.3824348392419104,0.27741829319885136,,,,,,,,,
SUMO2,,,,,,,,,,,,
NUP85,,,,,,,,,,,,
GGA3,,,,,,,,,,,,
MRPS7,,,,,,,,,,,,
MIF4GD,,,,,,,,,,,,
SLC25A19,,,,-0.9641708451256711,-0.2530162468139651,-0.6085935459698181,,,,,,
GRB2,,,,,,,,,,,,
TMEM94,,,,,,,,,,,,
TSEN54,,,,,,,,,,,,
LLGL2,,,,-0.9912998256368126,-0.3712383614850338,-0.6812690935609232,,,,,,
RECQL5,,,,,,,,,,,,
SAP30BP,,,,,,,,,,,,
GALK1,,,,,,,,,,,,
UNK,,,,,,,,,,,,
WBP2,,,,,,,,,,,,
TRIM65,,,,-0.9919217775185725,-0.42994746509590753,-0.7109346213072401,,,,,,
MRPL38,0.12519125390906694,0.39218440420081946,0.2586878290549432,,,,0.2065829220202328,0.5376168434433151,0.3720998827317739,,,
FBF1,,,,,,,,,,,,
ACOX1,,,,,,,,,,,,
TEN1,,,,,,,,,,,,
SRP68,,,,,,,,,,,,
EXOC7,,,,,,,,,,,,
RNF157,,,,,,,,,,,,
UBALD2,0.0680674010235677,0.27424647017964476,0.17115693560160622,,,,,,,,,
QRICH2,,,,,,,,,,,,
PRPSAP1,,,,,,,,,,,,
SPHK1,,,,,,,,,,,,
UBE2O,,,,,,,,,,,,
RHBDF2,,,,,,,,,,,,
ENSG00000284526,-0.5837273984855355,-0.30207595287656425,-0.4429016756810499,-0.985898299567591,-0.3571641820737391,-0.6715312408206651,-0.6821166566531303,-0.27118518274194753,-0.4766509196975389,-0.7676576201358285,-0.27490358696551276,-0.5212806035506706
MXRA7,0.08907941724878614,0.32450179579860733,0.20679060652369674,,,,,,,,,
JMJD6,,,,,,,,,,,,
METTL23,0.11580354633682091,0.3634081692513632,0.23960585779409205,,,,,,,,,
SRSF2,,,,,,,,,,,,
MFSD11,,,,,,,,,,,,
SEC14L1,,,,,,,,,,,,
SEPTIN9,,,,,,,,,,,,
TNRC6C,,,,,,,,,,,,
SYNGR2,,,,,,,,,,,,
TK1,,,,,,,,,,,,
AFMID,-0.47764054281923674,-0.20629004311213728,-0.341965292965687,,,,,,,-0.58709939824783,-0.180711056824922,-0.383905227536376
BIRC5,0.22460991785985368,0.4434103524936362,0.33401013517674494,,,,,,,,,
PGS1,,,,,,,,,,,,
CYTH1,,,,,,,,,,,,
USP36,,,,,,,,,,,,
TIMP2,,,,,,,,,,,,
CANT1,0.0705213393334385,0.2784386183051355,0.174479978819287,,,,,,,,,
ENGASE,,,,,,,,,,,,
CBX2,,,,,,,,,,,,
CBX8,,,,,,,,,,,,
CBX4,,,,,,,,,,,,
TBC1D16,,,,-0.9874670318641742,-0.36957295757549874,-0.6785199947198365,,,,,,
GAA,,,,,,,,,,,,
EIF4A3,,,,,,,,,,,,
SLC26A11,,,,,,,,,,,,
RNF213,,,,,,,,,,,,
ENDOV,,,,,,,,,,,,
NPTX1,,,,,,,,,,,,
RPTOR,,,,,,,,,,,,
CHMP6,,,,,,,,,,,,
BAIAP2,,,,,,,,,,,,
CEP131,,,,,,,,,,,,
NDUFAF8,,,,,,,,,,,,
SLC38A10,,,,,,,,,,,,
BAHCC1,,,,,,,,,,,,
ACTG1,,,,,,,,,,,,
FAAP100,,,,,,,,,,,,
NPLOC4,,,,,,,,,,,,
OXLD1,,,,,,,,,,,,
CCDC137,,,,,,,,,,,,
ARL16,,,,,,,,,,,,
HGS,,,,,,,,,,,,
MRPL12,,,,,,,,,,,,
SLC25A10,,,,,,,,,,,,
MCRIP1,,,,,,,,,,,,
P4HB,,,,,,,,,,,,
ARHGDIA,,,,,,,,,,,,
ALYREF,,,,,,,,,,,,
ANAPC11,,,,,,,,,,,,
PCYT2,,,,-0.9833312565666784,-0.28322946990394465,-0.6332803632353116,,,,,,
MAFG,,,,,,,,,,,,
PYCR1,,,,,,,,,,,,
ASPSCR1,,,,,,,,,,,,
CENPX,,,,,,,,,,,,
LRRC45,,,,,,,,,,,,
RAC3,,,,,,,,,,,,
DCXR,0.08399227685114054,0.4121175164670662,0.24805489665910335,,,,,,,,,
RFNG,,,,,,,,,,,,
GPS1,,,,,,,,,,,,
DUS1L,,,,,,,,,,,,
FASN,,,,,,,,,,,,
CCDC57,-0.4284717276810856,-0.11843384208320216,-0.27345278488214386,,,,-0.44893157924696486,-0.1125148542102588,-0.28072321672861184,,,
SLC16A3,,,,,,,,,,,,
CSNK1D,,,,,,,,,,,,
OGFOD3,,,,,,,,,,,,
HEXD,,,,,,,,,,,,
CYBC1,,,,,,,,,,,,
NARF,,,,,,,,,,,,
FOXK2,,,,,,,,,,,,
WDR45B,,,,,,,,,,,,
RAB40B,,,,,,,,,,,,
FN3KRP,,,,,,,,,,,,
TBCD,,,,,,,,,,,,
B3GNTL1,,,,,,,,,,,,
METRNL,,,,-0.9870067472421898,-0.3512402977781262,-0.669123522510158,,,,,,
USP14,,,,,,,,,,,,
THOC1,,,,,,,,,,,,
COLEC12,,,,,,,,,,,,
TYMS,,,,,,,,,,,,
ENOSF1,,,,,,,,,,,,
YES1,,,,,,,,,,,,
METTL4,,,,,,,,,,,,
NDC80,,,,,,,,,,,,
SMCHD1,,,,,,,,,,,,
EMILIN2,,,,,,,,,,,,
LPIN2,,,,-0.9667551123758941,-0.16545278756022394,-0.566103949968059,,,,,,
MYL12A,,,,,,,,,,,,
MYL12B,,,,,,,,,,,,
TGIF1,,,,,,,,,,,,
DLGAP1,-0.17454121290307675,-0.03800143929296206,-0.10627132609801941,-0.9888128892190473,-0.39427946572193423,-0.6915461774704907,-0.22393612104283608,-0.05953453440691874,-0.1417353277248774,,,
ZBTB14,,,,,,,,,,,,
EPB41L3,,,,,,,,,,,,
L3MBTL4,,,,,,,,,,,,
LAMA1,,,,,,,,,,,,
PTPRM,-0.2927852856750101,-0.11260524741372643,-0.20269526654436826,,,,,,,,,
RAB12,,,,,,,,,,,,
MTCL1,,,,,,,,,,,,
NDUFV2,0.12975414668204996,0.4271478712669092,0.27845100897447955,,,,,,,,,
ANKRD12,,,,,,,,,,,,
TWSG1,,,,,,,,,,,,
RALBP1,,,,,,,,,,,,
PPP4R1,,,,,,,,,,,,
RAB31,,,,,,,,,,,,
VAPA,,,,,,,,,,,,
NAPG,,,,,,,,,,,,
GNAL,,,,,,,,,,,,
CHMP1B,,,,,,,,,,,,
MPPE1,,,,,,,,,,,,
IMPA2,,,,,,,,,,,,
TUBB6,,,,,,,,,,,,
AFG3L2,,,,,,,,,,,,
PRELID3A,,,,,,,,,,,,
SPIRE1,,,,,,,,,,,,
PSMG2,,,,,,,,,,,,
CEP76,,,,,,,,,,,,
PTPN2,,,,,,,,,,,,
SEH1L,,,,,,,,,,,,
CEP192,,,,,,,,,,,,
LDLRAD4,,,,,,,,,,,,
FAM210A,,,,,,,,,,,,
RNMT,,,,,,,,,,,,
ZNF519,,,,,,,,,,,,
ROCK1,,,,,,,,,,,,
GREB1L,,,,,,,,,,,,
ESCO1,,,,,,,,,,,,
SNRPD1,,,,,,,,,,,,
ABHD3,,,,,,,,,,,,
MIB1,-0.3295462598154309,-0.08549779699884152,-0.2075220284071362,-0.9864561895002435,-0.3563710765278129,-0.6714136330140282,,,,,,
GATA6,,,,,,,,,,,,
RBBP8,-0.34990714771440495,-0.05402236290673967,-0.2019647553105723,,,,,,,,,
CABLES1,,,,,,,,,,,,
TMEM241,,,,,,,,,,,,
RIOK3,,,,,,,,,,,,
RMC1,-0.13114471332247513,0.021639101341926564,-0.05475280599027428,-0.9327336480651337,-0.31171385223980613,-0.6222237501524699,,,,,,
NPC1,,,,,,,,,,,,
ANKRD29,,,,,,,,,,,,
LAMA3,,,,,,,,,,,,
TTC39C,,,,,,,,,,,,
CABYR,,,,,,,,,,,,
OSBPL1A,,,,,,,,,,,,
IMPACT,,,,,,,,,,,,
ZNF521,-0.29556762141890425,-0.14245081590707362,-0.21900921866298895,-0.9796613423920908,-0.32702929814600123,-0.653345320269046,-0.33161334573046874,-0.049586945368784545,-0.19060014554962665,-0.40266511370572095,-0.11692624386608334,-0.25979567878590215
SS18,,,,,,,,,,,,
TAF4B,,,,,,,,,,,,
KCTD1,,,,,,,,,,,,
CHST9,,,,,,,,,,,,
CDH2,,,,,,,,,,,,
DSC3,,,,,,,,,,,,
DSC2,,,,,,,,,,,,
DSG2,,,,,,,,,,,,
B4GALT6,,,,,,,,,,,,
TRAPPC8,,,,,,,,,,,,
RNF125,,,,-0.9906516093429437,-0.5076603627022392,-0.7491559860225915,,,,,,
RNF138,,,,,,,,,,,,
GAREM1,,,,,,,,,,,,
ASXL3,,,,,,,,,,,,
NOL4,-0.2365762707193113,-0.06621076230922951,-0.1513935165142704,,,,,,,,,
DTNA,,,,,,,,,,,,
MAPRE2,,,,,,,,,,,,
ZNF397,-0.4877865453149916,-0.16757797805241184,-0.32768226168370174,,,,,,,,,
ZSCAN30,,,,,,,,,,,,
ZNF24,0.0965047419910798,0.30335302899745886,0.19992888549426935,,,,,,,,,
INO80C,,,,,,,,,,,,
GALNT1,,,,,,,,,,,,
C18orf21,,,,,,,,,,,,
RPRD1A,,,,,,,,,,,,
SLC39A6,,,,,,,,,,,,
ELP2,,,,,,,,,,,,
MOCOS,,,,,,,,,,,,
FHOD3,-0.22123509266416083,-0.03625499728999385,-0.12874504497707734,,,,,,,,,
TPGS2,,,,,,,,,,,,
KIAA1328,,,,,,,,,,,,
CELF4,,,,,,,,,,,,
PIK3C3,,,,,,,,,,,,
SETBP1,,,,,,,,,,,,
EPG5,,,,,,,,,,,,
PSTPIP2,,,,,,,,,,,,
ATP5F1A,,,,,,,,,,,,
HAUS1,,,,,,,,,,,,
C18orf25,,,,,,,,,,,,
PIAS2,,,,-0.9890087995227284,-0.31474248884479844,-0.6518756441837634,,,,,,
HDHD2,,,,,,,,,,,,
IER3IP1,,,,,,,,,,,,
SMAD2,,,,,,,,,,,,
ZBTB7C,,,,,,,,,,,,
CTIF,,,,-0.9918481085134668,-0.4860360085521662,-0.7389420585328166,,,,,,
SMAD7,-0.18225448784662557,-0.08518260143242179,-0.13371854463952368,-0.8806007388634438,-0.25434339484798124,-0.5674720668557125,,,,-0.2063611127589092,-0.07492715939355198,-0.14064413607623058
DYM,-0.2846662540710571,-0.05859945151800266,-0.1716328527945299,,,,,,,,,
C18orf32,,,,,,,,,,,,
RPL17,,,,,,,,,,,,
ACAA2,,,,,,,,,,,,
MBD1,,,,,,,,,,,,
CXXC1,,,,,,,,,,,,
SKA1,,,,,,,,,,,,
ME2,,,,,,,,,,,,
ELAC1,,,,,,,,,,,,
SMAD4,,,,,,,,,,,,
MEX3C,,,,,,,,,,,,
MBD2,,,,,,,,,,,,
C18orf54,,,,,,,,,,,,
RAB27B,-0.30952751918136606,-0.13910799932642964,-0.22431775925389785,-0.9842969838870664,-0.4143975847261519,-0.6993472843066092,-0.2947335481714891,-0.07163791918520385,-0.18318573367834648,-0.3859348946295641,-0.12356787015603608,-0.2547513823928001
TCF4,,,,,,,,,,,,
TXNL1,,,,,,,,,,,,
WDR7,,,,,,,,,,,,
ONECUT2,,,,,,,,,,,,
FECH,,,,,,,,,,,,
NARS1,,,,,,,,,,,,
ATP8B1,-0.39958911427938104,-0.19478567640057382,-0.2971873953399774,,,,-0.4060045916693033,-0.17665169020118043,-0.29132814093524184,-0.4873800869817181,-0.11849179443268258,-0.3029359407072003
NEDD4L,-0.2308001863801207,-0.02725632713576802,-0.12902825675794435,-0.9726622484600815,-0.3015887963502029,-0.6371255224051422,,,,,,
MALT1,,,,,,,,,,,,
ZNF532,,,,-0.9715871796905394,-0.1956078191588808,-0.5835974994247102,,,,,,
SEC11C,,,,,,,,,,,,
LMAN1,,,,,,,,,,,,
PMAIP1,,,,,,,,,,,,
RNF152,,,,-0.8234035305479486,-0.8234035305479486,-0.8234035305479486,,,,,,
PIGN,,,,,,,,,,,,
RELCH,,,,,,,,,,,,
TNFRSF11A,,,,,,,,,,,,
ZCCHC2,,,,,,,,,,,,
PHLPP1,,,,,,,,,,,,
BCL2,-0.2958405907958879,-0.11815001400107845,-0.20699530239848318,,,,,,,-0.3707921582344869,-0.067613091733547,-0.21920262498401696
KDSR,,,,,,,,,,,,
VPS4B,,,,,,,,,,,,
CDH7,-0.22648658833805768,-0.06662737253308353,-0.1465569804355706,-0.9902327378287497,-0.4011216400127779,-0.6956771889207638,-0.2609817296328087,-0.07659923353066081,-0.16879048158173476,,,
TMX3,,,,,,,,,,,,
DOK6,-0.3788990809284205,-0.14734715269591037,-0.26312311681216544,-0.9842465519252892,-0.3761360264812046,-0.6801912892032469,,,,,,
RTTN,-0.29814911816643314,-0.08492495229714213,-0.19153703523178764,,,,,,,,,
SOCS6,,,,,,,,,,,,
TIMM21,,,,,,,,,,,,
CYB5A,,,,,,,,,,,,
CNDP2,,,,,,,,,,,,
ZNF407,,,,,,,,,,,,
PTGR3,,,,,,,,,,,,
TSHZ1,,,,,,,,,,,,
ZNF516,,,,,,,-0.32397322667096495,0.0020263792853711725,-0.16097342369279688,,,
ZNF236,,,,-0.9835011354082253,-0.3993535176973915,-0.6914273265528084,,,,,,
ATP9B,,,,,,,,,,,,
CTDP1,,,,,,,,,,,,
SLC66A2,,,,,,,,,,,,
HSBP1L1,,,,,,,,,,,,
TXNL4A,,,,,,,,,,,,
RBFA,,,,,,,,,,,,
ADNP2,,,,,,,,,,,,
PARD6G,,,,,,,,,,,,
MIER2,,,,,,,,,,,,
TPGS1,,,,,,,,,,,,
CDC34,,,,,,,,,,,,
BSG,0.1524066263748658,0.4111542178384555,0.28178042210666066,,,,0.08200806714652513,0.4920085590675387,0.2870083131070319,,,
POLRMT,,,,,,,,,,,,
RNF126,,,,,,,,,,,,
PALM,,,,,,,,,,,,
PTBP1,,,,,,,,,,,,
CFD,,,,,,,,,,,,
MED16,,,,,,,,,,,,
R3HDM4,,,,,,,,,,,,
ARID3A,,,,-0.9815977986572872,-0.25275703605892835,-0.6171774173581078,,,,,,
WDR18,,,,,,,,,,,,
TMEM259,,,,,,,,,,,,
CNN2,,,,,,,,,,,,
ABCA7,-0.27549908557634134,-0.05359664801384322,-0.16454786679509228,,,,,,,,,
POLR2E,0.13024164921905987,0.4096073814790738,0.2699245153490668,,,,,,,,,
GPX4,0.10623823123178011,0.3434194064878033,0.2248288188597917,,,,,,,,,
SBNO2,,,,-0.9555150410508435,-0.14108051888180073,-0.5482977799663221,,,,,,
STK11,,,,,,,,,,,,
ATP5F1D,,,,,,,,,,,,
MIDN,,,,,,,,,,,,
CIRBP,,,,,,,,,,,,
FAM174C,,,,,,,,,,,,
PWWP3A,,,,,,,,,,,,
NDUFS7,,,,,,,,,,,,
GAMT,,,,,,,,,,,,
DAZAP1,,,,-0.9762285743947915,-0.25397973148195735,-0.6151041529383744,,,,,,
RPS15,0.13618778690493671,0.363281976241528,0.24973488157323237,,,,,,,,,
C19orf25,,,,,,,,,,,,
MEX3D,,,,,,,,,,,,
MBD3,,,,,,,,,,,,
UQCR11,,,,,,,,,,,,
TCF3,,,,,,,,,,,,
REXO1,,,,,,,,,,,,
KLF16,,,,,,,,,,,,
ABHD17A,,,,,,,,,,,,
SCAMP4,,,,,,,,,,,,
CSNK1G2,,,,,,,,,,,,
BTBD2,,,,,,,,,,,,
MKNK2,,,,,,,,,,,,
MOB3A,,,,,,,,,,,,
AP3D1,,,,,,,,,,,,
DOT1L,,,,,,,,,,,,
PLEKHJ1,,,,,,,,,,,,
SF3A2,,,,,,,,,,,,
OAZ1,,,,,,,,,,,,
LSM7,,,,,,,,,,,,
SPPL2B,,,,,,,,,,,,
TMPRSS9,-0.24700181985229583,-0.05635759635617288,-0.15167970810423437,,,,,,,,,
TIMM13,,,,,,,,,,,,
LMNB2,,,,,,,,,,,,
GADD45B,,,,,,,,,,,,
GNG7,,,,,,,,,,,,
DIRAS1,,,,,,,,,,,,
SLC39A3,0.07826659767493693,0.3356255773874305,0.2069460875311837,,,,,,,,,
SGTA,,,,,,,,,,,,
THOP1,,,,,,,,,,,,
ZNF57,,,,,,,,,,,,
ZNF77,,,,,,,,,,,,
TLE5,,,,,,,,,,,,
GNA11,0.09751525369427971,0.36692242600187547,0.2322188398480776,,,,,,,,,
NCLN,,,,,,,,,,,,
NFIC,,,,-0.9833098343004967,-0.27267068374064907,-0.6279902590205728,,,,,,
DOHH,,,,,,,,,,,,
FZR1,,,,,,,,,,,,
MFSD12,,,,-0.9817085744975906,-0.3224143264480762,-0.6520614504728335,,,,,,
HMG20B,,,,,,,,,,,,
CACTIN,,,,,,,,,,,,
PIP5K1C,,,,,,,,,,,,
MRPL54,,,,,,,,,,,,
MATK,,,,,,,,,,,,
DAPK3,,,,,,,,,,,,
EEF2,,,,,,,,,,,,
PIAS4,,,,,,,,,,,,
ZBTB7A,,,,,,,,,,,,
MAP2K2,,,,,,,,,,,,
SIRT6,,,,,,,,,,,,
YJU2,,,,,,,,,,,,
FSD1,,,,-0.987162742264902,-0.24834819501299743,-0.6177554686389497,,,,,,
MPND,,,,,,,,,,,,
SH3GL1,,,,,,,,,,,,
CHAF1A,,,,,,,,,,,,
UBXN6,,,,,,,,,,,,
HDGFL2,0.06382069193283874,0.37787259037440896,0.22084664115362385,,,,,,,,,
MYDGF,0.23666383360439464,0.47357604354717364,0.35511993857578417,,,,0.11737574084142197,0.4810771644811929,0.29922645266130743,,,
DPP9,,,,,,,,,,,,
FEM1A,-0.36011916845930964,-0.16509387879935894,-0.2626065236293343,-0.9932041855214782,-0.558301767364299,-0.7757529764428885,-0.3175844923920934,-0.05802538052843599,-0.1878049364602647,-0.5763489343076963,-0.18363442236665994,-0.3799916783371781
PLIN3,,,,,,,,,,,,
UHRF1,-0.5007816647423843,-0.17717905882341436,-0.3389803617828993,,,,,,,,,
KDM4B,,,,-0.9856544755382349,-0.3968139225182468,-0.6912341990282409,,,,,,
PTPRS,-0.5269178011084727,-0.17506486702691965,-0.3509913340676962,,,,,,,,,
TINCR,,,,,,,,,,,,
SAFB2,,,,,,,,,,,,
SAFB,,,,,,,,,,,,
RPL36,,,,,,,,,,,,
MICOS13,,,,,,,,,,,,
LONP1,,,,,,,,,,,,
DUS3L,,,,,,,,,,,,
NRTN,,,,,,,,,,,,
NDUFA11,,,,,,,,,,,,
RANBP3,,,,-0.9874019183906962,-0.34723613008343884,-0.6673190242370676,,,,,,
RFX2,-0.26197268389915507,-0.15628522722475566,-0.20912895556195538,-0.9836133142054625,-0.5008307880816284,-0.7422220511435454,-0.2075669676583694,-0.0662184528828208,-0.1368927102705951,-0.397247118735958,-0.16968318686731906,-0.28346515280163853
ACSBG2,-0.2473830366080074,-0.12869127988856466,-0.18803715824828604,-0.9713097657798968,-0.3904522060566474,-0.6808809859182721,-0.11591742665544251,-0.04265870656058802,-0.07928806660801527,-0.3881923215514633,-0.21582443737108015,-0.30200837946127174
MLLT1,,,,,,,,,,,,
CLPP,,,,,,,,,,,,
ALKBH7,0.0892747843690061,0.32991204895548915,0.20959341666224762,,,,,,,,,
GTF2F1,,,,,,,,,,,,
KHSRP,,,,,,,,,,,,
SLC25A23,,,,,,,,,,,,
TUBB4A,,,,,,,,,,,,
CD70,,,,,,,,,,,,
GPR108,,,,,,,,,,,,
TRIP10,,,,,,,,,,,,
ZNF557,-0.39782052916253563,-0.14034645416002886,-0.26908349166128226,,,,-0.40397486476290384,-0.05821473923887102,-0.23109480200088744,,,
INSR,-0.4610341315436307,-0.1693694225348712,-0.31520177703925095,,,,-0.44701507849972094,-0.08181398899180345,-0.2644145337457622,,,
ARHGEF18,,,,,,,,,,,,
ZNF358,,,,,,,,,,,,
CAMSAP3,,,,,,,,,,,,
XAB2,,,,,,,,,,,,
PET100,,,,,,,,,,,,
STXBP2,,,,,,,,,,,,
TRAPPC5,,,,,,,,,,,,
EVI5L,,,,,,,,,,,,
MAP2K7,,,,,,,,,,,,
SNAPC2,,,,,,,,,,,,
CTXN1,,,,,,,,,,,,
TIMM44,,,,,,,,,,,,
ELAVL1,,,,,,,,,,,,
CERS4,,,,-0.9833552685397972,-0.28762280411732205,-0.6354890363285596,,,,,,
CD320,,,,,,,,,,,,
NDUFA7,0.15240179037389603,0.41239233556960025,0.28239706297174816,,,,,,,,,
RPS28,,,,,,,,,,,,
RAB11B,0.06992454111480925,0.2929729165437974,0.18144872882930335,,,,,,,,,
MARCHF2,,,,-0.9363520195929148,-0.2583332623692031,-0.5973426409810589,,,,,,
HNRNPM,,,,,,,,,,,,
ZNF414,,,,-0.9861107823349817,-0.2092525733198683,-0.597681677827425,,,,,,
ZNF317,,,,,,,,,,,,
ZNF559,,,,,,,,,,,,
ZNF266,,,,,,,,,,,,
ZNF426,,,,-0.9885338400064936,-0.36003513970310524,-0.6742844898547994,,,,,,
ZNF121,-0.3437716165711584,-0.03292405229033986,-0.18834783443074912,,,,,,,,,
ZNF561,,,,,,,,,,,,
ZNF562,,,,,,,,,,,,
FBXL12,,,,,,,,,,,,
UBL5,,,,,,,,,,,,
PIN1,,,,,,,,,,,,
PPAN,,,,,,,,,,,,
EIF3G,0.1479753452101499,0.4110415572883358,0.27950845124924284,,,,0.09171566087358632,0.5487284444837,0.3202220526786431,,,
DNMT1,,,,,,,,,,,,
MRPL4,,,,,,,,,,,,
FDX2,,,,,,,,,,,,
RAVER1,,,,,,,,,,,,
ICAM3,,,,,,,,,,,,
TYK2,,,,,,,,,,,,
CDC37,,,,,,,,,,,,
PDE4A,,,,,,,,,,,,
KEAP1,,,,,,,,,,,,
ATG4D,,,,,,,,,,,,
KRI1,,,,,,,,,,,,
CDKN2D,,,,,,,,,,,,
SLC44A2,,,,,,,,,,,,
ILF3,,,,,,,,,,,,
QTRT1,,,,,,,,,,,,
DNM2,-0.21613662188725555,0.02051063681916475,-0.0978129925340454,-0.9901687667222078,-0.3908438605641694,-0.6905063136431886,,,,,,
TMED1,0.07642639027705275,0.3338490975630823,0.2051377439200675,,,,0.0784974779281361,0.5056392339291873,0.2920683559286617,,,
CARM1,,,,,,,,,,,,
YIPF2,,,,,,,,,,,,
TIMM29,,,,,,,,,,,,
SMARCA4,,,,,,,,,,,,
LDLR,,,,,,,,,,,,
SPC24,-0.522737980309486,-0.10188383136859981,-0.3123109058390429,,,,,,,,,
KANK2,,,,,,,,,,,,
DOCK6,,,,,,,,,,,,
RAB3D,,,,,,,,,,,,
TMEM205,0.12075635133313367,0.42408662888648024,0.272421490109807,,,,,,,,,
PLPPR2,,,,,,,,,,,,
SWSAP1,,,,,,,,,,,,
PRKCSH,,,,,,,,,,,,
ECSIT,,,,,,,,,,,,
ELOF1,,,,,,,,,,,,
ZNF627,,,,,,,,,,,,
ZNF440,,,,,,,,,,,,
ZNF700,,,,,,,,,,,,
ZNF136,,,,,,,,,,,,
ZNF44,,,,,,,,,,,,
ZNF709,,,,,,,,,,,,
ZNF564,,,,,,,,,,,,
ZNF490,,,,,,,,,,,,
ZNF791,,,,,,,,,,,,
MAN2B1,,,,,,,,,,,,
WDR83,,,,,,,,,,,,
WDR83OS,0.17819370714267144,0.4196834300966669,0.29893856861966916,,,,0.15372870142483405,0.5296615688332338,0.34169513512903393,,,
DHPS,0.0784379360897834,0.27646659827975545,0.17745226718476942,,,,,,,,,
FBXW9,,,,,,,,,,,,
TNPO2,,,,,,,,,,,,
TRIR,,,,,,,,,,,,
GET3,,,,,,,,,,,,
HOOK2,,,,,,,,,,,,
PRDX2,0.17931367536947954,0.3821637383270467,0.28073870684826313,,,,0.10543856819655274,0.3523819048299465,0.22891023651324963,,,
RNASEH2A,,,,,,,,,,,,
MAST1,,,,,,,,,,,,
DNASE2,,,,,,,,,,,,
GCDH,,,,,,,,,,,,
SYCE2,,,,,,,,,,,,
FARSA,,,,,,,,,,,,
CALR,,,,,,,,,,,,
RAD23A,,,,,,,,,,,,
GADD45GIP1,,,,,,,,,,,,
NFIX,,,,,,,,,,,,
TRMT1,,,,,,,,,,,,
NACC1,,,,,,,,,,,,
STX10,,,,,,,,,,,,
IER2,,,,,,,,,,,,
CACNA1A,-0.2548800084891143,-0.1367160815908245,-0.1957980450399694,-0.9892404798356765,-0.39026310790606605,-0.6897517938708713,-0.20845205683477785,-0.08219660561446035,-0.1453243312246191,-0.30767301235814465,-0.150987532686954,-0.22933027252254934
YJU2B,,,,,,,,,,,,
MRI1,,,,,,,,,,,,
C19orf53,,,,,,,,,,,,
CC2D1A,,,,,,,,,,,,
DCAF15,,,,,,,,,,,,
RFX1,,,,,,,,,,,,
SAMD1,,,,,,,,,,,,
PRKACA,,,,,,,,,,,,
ASF1B,,,,,,,,,,,,
ADGRL1,,,,,,,,,,,,
DDX39A,0.12676828934435747,0.38422100872745224,0.25549464903590485,,,,,,,,,
PKN1,,,,,,,,,,,,
GIPC1,,,,,,,,,,,,
DNAJB1,,,,,,,,,,,,
TECR,0.27543677357091706,0.5146107741538447,0.39502377386238086,,,,0.16118315007365527,0.527989421788568,0.3445862859311116,0.15210092554815702,0.5666185509563743,0.35935973825226564
NDUFB7,,,,,,,,,,,,
ZNF333,,,,,,,,,,,,
ILVBL,,,,,,,,,,,,
NOTCH3,,,,,,,,,,,,
BRD4,,,,,,,,,,,,
AKAP8,,,,,,,,,,,,
AKAP8L,,,,,,,,,,,,
WIZ,,,,-0.9891525083297197,-0.3933442269789938,-0.6912483676543567,,,,,,
TPM4,,,,,,,,,,,,
RAB8A,,,,,,,,,,,,
FAM32A,,,,,,,,,,,,
AP1M1,,,,,,,,,,,,
EPS15L1,,,,,,,,,,,,
C19orf44,,,,-0.9906332169813293,-0.44805023665690885,-0.7193417268191191,,,,,,
CHERP,,,,,,,,,,,,
SLC35E1,,,,,,,,,,,,
MED26,,,,,,,,,,,,
SMIM7,,,,,,,,,,,,
TMEM38A,,,,,,,,,,,,
SIN3B,,,,,,,,,,,,
HAUS8,,,,,,,,,,,,
MYO9B,,,,,,,,,,,,
USE1,,,,,,,,,,,,
OCEL1,,,,,,,,,,,,
NR2F6,,,,,,,,,,,,
BABAM1,,,,,,,,,,,,
ABHD8,,,,,,,,,,,,
MRPL34,,,,,,,,,,,,
DDA1,,,,,,,,,,,,
ANO8,-0.6236910859744561,-0.30813494867526897,-0.46591301732486257,-0.9878864399577714,-0.379844798374246,-0.6838656191660086,-0.5796944736624803,-0.2219527086191889,-0.4008235911408346,-0.6762240841036851,-0.23981263875375214,-0.4580183614287186
GTPBP3,,,,,,,,,,,,
MVB12A,,,,,,,,,,,,
SLC27A1,,,,,,,,,,,,
PGLS,,,,,,,,,,,,
COLGALT1,,,,,,,,,,,,
MAP1S,,,,,,,,,,,,
RPL18A,0.16582972642319055,0.33126540261806603,0.2485475645206283,,,,,,,,,
CCDC124,0.09108459144865025,0.38659814881966453,0.2388413701341574,,,,,,,,,
MAST3,,,,-0.9844058613134542,-0.3219019409832405,-0.6531539011483474,,,,,,
PIK3R2,,,,,,,,,,,,
IFI30,,,,,,,,,,,,
MPV17L2,,,,,,,,,,,,
RAB3A,,,,,,,,,,,,
JUND,,,,,,,,,,,,
LSM4,,,,,,,,,,,,
SSBP4,,,,,,,,,,,,
ISYNA1,,,,,,,,,,,,
ELL,,,,,,,,,,,,
FKBP8,0.13414464206410806,0.40915238920439323,0.27164851563425063,,,,,,,,,
KXD1,,,,,,,,,,,,
UBA52,,,,,,,,,,,,
REX1BD,0.13208901613151675,0.4118501563196389,0.2719695862255778,,,,,,,,,
CRTC1,,,,,,,,,,,,
UPF1,,,,,,,,,,,,
CERS1,,,,,,,,,,,,
COPE,0.1255325486541878,0.3942742044460382,0.25990337655011303,,,,,,,,,
DDX49,,,,,,,,,,,,
SUGP2,,,,,,,,,,,,
ARMC6,,,,,,,,,,,,
SLC25A42,,,,,,,,,,,,
TMEM161A,,,,,,,,,,,,
MEF2B,,,,,,,,,,,,
BORCS8,,,,,,,,,,,,
RFXANK,,,,,,,,,,,,
NR2C2AP,,,,,,,,,,,,
SUGP1,,,,,,,,,,,,
MAU2,,,,,,,,,,,,
GATAD2A,,,,,,,,,,,,
NDUFA13,,,,,,,,,,,,
YJEFN3,,,,,,,,,,,,
PBX4,,,,,,,,,,,,
ATP13A1,,,,,,,,,,,,
ZNF101,,,,,,,,,,,,
ZNF14,,,,,,,,,,,,
ZNF506,-0.36018492317546086,-0.1384317469796587,-0.24930833507755978,-0.9878326255902042,-0.429751899931096,-0.7087922627606501,-0.4584619543819868,-0.1059291385808124,-0.2821955464813996,-0.3377806708508612,-0.09378562815019158,-0.2157831495005264
ZNF66,,,,,,,,,,,,
ZNF85,,,,,,,,,,,,
ZNF430,,,,,,,,,,,,
ZNF714,,,,,,,,,,,,
ZNF431,,,,,,,,,,,,
ZNF708,,,,-0.9915148962197018,-0.47927237144384033,-0.735393633831771,,,,,,
ZNF738,,,,,,,,,,,,
ZNF493,,,,,,,,,,,,
ZNF429,,,,,,,,,,,,
ZNF100,,,,,,,,,,,,
ZNF724,,,,,,,,,,,,
ZNF91,,,,,,,,,,,,
ZNF675,,,,,,,,,,,,
RPSA2,,,,,,,,,,,,
ZNF254,,,,,,,,,,,,
UQCRFS1,,,,,,,,,,,,
POP4,0.11468600658740571,0.4244744447820613,0.2695802256847335,,,,,,,,,
C19orf12,,,,,,,,,,,,
CCNE1,-0.2704187984799378,-0.04636610550942841,-0.1583924519946831,,,,,,,,,
URI1,,,,,,,,,,,,
ZNF536,,,,,,,,,,,,
TSHZ3,-0.35010836910894655,-0.10298975160957992,-0.22654906035926323,,,,-0.4227427906791254,-0.058385658184281215,-0.2405642244317033,,,
ZNF507,,,,,,,,,,,,
DPY19L3,,,,,,,,,,,,
PDCD5,,,,,,,,,,-0.9769216846535085,-0.2986353133206854,-0.6377784989870969
ANKRD27,,,,-0.992030218347859,-0.3912823536243241,-0.6916562859860915,,,,,,
NUDT19,,,,,,,,,,,,
CEP89,,,,,,,,,,,,
FAAP24,,,,,,,,,,,,
RHPN2,,,,,,,,,,,,
GPATCH1,,,,,,,,,,,,
LRP3,,,,,,,,,,,,
CEBPA,,,,,,,,,,,,
CEBPG,,,,,,,,,,,,
PEPD,,,,,,,,,,,,
KCTD15,,,,,,,,,,,,
LSM14A,,,,,,,,,,,,
GARRE1,,,,,,,,,,,,
GPI,,,,,,,,,,,,
PDCD2L,,,,,,,,,,,,
UBA2,,,,,,,,,,,,
SCGB2B2,-0.19263751911860408,-0.05520200899324414,-0.12391976405592411,-0.9934294948159943,-0.5982045606862795,-0.7958170277511369,,,,,,
ZNF302,,,,-0.9907425744019726,-0.5160095644741035,-0.753376069438038,,,,,,
GRAMD1A,,,,,,,,,,,,
FXYD5,,,,,,,,,,,,
LSR,,,,,,,,,,,,
USF2,,,,,,,,,,,,
DMKN,,,,,,,,,,,,
TMEM147,,,,,,,,,,,,
HAUS5,,,,,,,,,,,,
RBM42,0.05766213077680909,0.3522026198410942,0.20493237530895164,,,,0.12894984318844077,0.5035349957135355,0.3162424194509882,,,
COX6B1,,,,,,,,,,,,
KMT2B,,,,,,,,,,,,
IGFLR1,,,,,,,,,,,,
U2AF1L4,,,,,,,,,,,,
PSENEN,0.15378856925452786,0.4172292170173973,0.28550889313596256,,,,,,,,,
LIN37,,,,,,,,,,,,
PROSER3,,,,,,,,,,,,
SDHAF1,,,,,,,,,,,,
ALKBH6,0.0597574194721996,0.2538062415963217,0.15678183053426065,,,,,,,,,
WDR62,,,,,,,,,,,,
POLR2I,,,,,,,,,,,,
TBCB,0.11634903886602932,0.3719484434415174,0.24414874115377336,,,,,,,,,
CAPNS1,,,,,,,,,,,,
ZNF565,-0.4500588150261167,-0.18405554834840307,-0.3170571816872599,-0.9857979875502879,-0.19667150686033386,-0.5912347472053109,-0.576685954417656,-0.17923543655274912,-0.37796069548520256,,,
ZNF146,,,,,,,,,,,,
ZFP14,,,,,,,,,,,,
ZNF566,,,,,,,,,,,,
ZNF260,,,,,,,,,,,,
ZNF529,,,,,,,,,,,,
ZNF382,,,,,,,,,,,,
ZNF567,,,,,,,,,,,,
ZNF850,,,,,,,,,,,,
ZNF790,,,,,,,,,,,,
ZNF345,,,,,,,,,,,,
ZNF568,,,,,,,,,,,,
ZNF420,,,,,,,,,,,,
ZNF585A,,,,,,,,,,,,
ZNF585B,,,,,,,,,,,,
ZNF383,,,,,,,,,,,,
ZNF875,,,,,,,,,,,,
ZNF569,,,,,,,,,,,,
ZFP30,,,,,,,,,,,,
ZNF607,,,,,,,,,,,,
ZNF573,,,,,,,,,,,,
SIPA1L3,,,,,,,,,,,,
DPF1,,,,,,,,,,,,
SPINT2,0.12733370584823048,0.3458642916989953,0.2365989987736129,,,,,,,,,
PPP1R14A,,,,,,,,,,,,
YIF1B,,,,,,,,,,,,
CATSPERG,-0.2700892386599002,-0.06819938745044513,-0.16914431305517266,,,,,,,-0.3165648720413579,-0.06526820611701246,-0.19091653907918518
PSMD8,0.0950640993556219,0.3346232929209175,0.2148436961382697,,,,,,,,,
FAM98C,,,,-0.9846244207400796,-0.2877109613407497,-0.6361676910404146,,,,,,
EIF3K,,,,,,,,,,,,
ACTN4,,,,,,,,,,,,
ECH1,,,,,,,,,,,,
HNRNPL,,,,,,,,,,,,
SIRT2,,,,,,,,,,,,
NFKBIB,,,,,,,,,,,,
SARS2,,,,,,,,,,,,
MRPS12,,,,,,,,,,,,
FBXO17,,,,,,,,,,,,
PAK4,,,,,,,,,,,,
LRFN1,,,,,,,,,,,,
SAMD4B,,,,,,,,,,,,
PAF1,,,,,,,,,,,,
MED29,,,,,,,,,,,,
RPS16,,,,,,,,,,,,
SUPT5H,,,,,,,,,,,,
TIMM50,,,,,,,,,,,,
DLL3,,,,,,,,,,,,
EID2B,,,,,,,,,,,,
EID2,,,,,,,,,,,,
FBL,,,,,,,,,,,,
PSMC4,,,,,,,,,,,,
ZNF546,,,,,,,,,,,,
ZNF780B,,,,,,,,,,,,
ZNF780A,,,,,,,,,,,,
MAP3K10,,,,,,,,,,,,
AKT2,,,,,,,,,,,,
C19orf47,,,,,,,,,,,,
PLD3,,,,,,,,,,,,
SERTAD1,,,,,,,,,,,,
SERTAD3,0.06695569552120227,0.2814324456074141,0.1741940705643082,,,,,,,,,
BLVRB,0.10567292701191615,0.39769027167058846,0.2516815993412523,,,,,,,,,
SPTBN4,,,,,,,,,,,,
SHKBP1,,,,,,,,,,,,
LTBP4,,,,,,,,,,,,
NUMBL,,,,,,,,,,,,
COQ8B,,,,,,,,,,,,
ACTMAP,,,,,,,,,,,,
SNRPA,,,,,,,,,,,,
RAB4B,0.06407421859929172,0.27839247609985385,0.1712333473495728,,,,,,,,,
EGLN2,,,,,,,,,,,,
HNRNPUL1,,,,,,,,,,,,
TGFB1,,,,,,,,,,,,
CCDC97,,,,,,,,,,,,
TMEM91,,,,,,,,,,,,
B9D2,,,,,,,,,,,,
EXOSC5,,,,,,,,,,,,
BCKDHA,,,,,,,,,,,,
DMAC2,,,,,,,,,,,,
RPS19,,,,,,,,,,,,
ARHGEF1,,,,,,,,,,,,
RABAC1,0.3150259606716217,0.5233564198419959,0.4191911902568088,,,,0.15994412808232172,0.47684573539301056,0.31839493173766614,,,
ZNF574,,,,-0.9916247880292689,-0.38361363310809027,-0.6876192105686796,,,,,,
DEDD2,,,,,,,,,,,,
ZNF526,,,,,,,,,,,,
GSK3A,,,,,,,,,,,,
ERF,,,,,,,,,,,,
CIC,,,,,,,,,,,,
PAFAH1B3,,,,,,,,,,,,
MEGF8,,,,,,,,,,,,
CNFN,,,,,,,,,,,,
PHLDB3,,,,,,,,,,,,
ETHE1,,,,,,,,,,,,
XRCC1,,,,,,,,,,,,
IRGQ,,,,,,,,,,,,
ZNF576,,,,,,,,,,,,
ZNF428,0.10360544998828064,0.3626165448079478,0.23311099739811422,,,,,,,,,
PLAUR,,,,,,,,,,,,
SMG9,-0.3039640340893735,-0.07078669920382288,-0.1873753666465982,,,,,,,,,
ZNF283,,,,,,,,,,,,
ZNF45,,,,,,,,,,,,
ZNF155,,,,,,,,,,,,
ZNF224,,,,,,,,,,,,
ZNF234,,,,,,,,,,,,
ZNF226,,,,,,,,,,,,
ZNF227,,,,,,,,,,,,
ZNF235,,,,,,,,,,,,
PVR,,,,,,,,,,,,
NECTIN2,,,,,,,,,,,,
TOMM40,,,,,,,,,,,,
APOE,0.045062888414473486,0.21519485869438607,0.13012887355442979,,,,,,,,,
APOC1,,,,,,,,,,,,
CLPTM1,,,,,,,,,,,,
CLASRP,,,,,,,,,,,,
GEMIN7,,,,,,,,,,,,
MARK4,,,,,,,,,,,,
PPP1R37,,,,,,,,,,,,
TRAPPC6A,0.08253608650469392,0.32640950076376146,0.20447279363422768,,,,,,,,,
ERCC2,,,,,,,,,,,,
PPP1R13L,,,,,,,,,,,,
POLR1G,,,,,,,,,,,,
ERCC1,,,,,,,,,,,,
RTN2,,,,,,,,,,,,
PPM1N,-0.16834766486183445,0.0005456534070364465,-0.083901005727399,-0.9769503977151585,-0.3324293126708659,-0.6546898551930121,,,,,,
VASP,,,,,,,,,,,,
OPA3,,,,,,,,,,,,
EML2,,,,,,,,,,,,
SNRPD2,,,,,,,,,,,,
QPCTL,,,,,,,,,,,,
FBXO46,,,,,,,,,,,,
DMPK,,,,,,,,,,,,
DMWD,-0.27144066036211784,-0.11485070253627785,-0.19314568144919786,-0.9889978565313438,-0.40253618428203897,-0.6957670204066914,-0.24334891201138006,-0.006615586838632297,-0.12498224942500619,-0.4149250921893816,-0.107343399434811,-0.2611342458120963
SYMPK,,,,-0.9822348183496155,-0.26031306000614457,-0.62127393917788,,,,,,
IRF2BP1,,,,,,,,,,,,
MYPOP,,,,,,,,,,,,
PPP5C,-0.2542767412353042,-0.07201777311127666,-0.16314725717329043,-0.990403912567002,-0.5616443769500965,-0.7760241447585492,,,,,,
CCDC8,,,,,,,,,,,,
PNMA8A,,,,,,,,,,,,
CALM3,,,,,,,,,,,,
PRKD2,-0.09238248333331023,0.051626060638470396,-0.020378211347419916,-0.9739211980698697,-0.31735732987889215,-0.6456392639743809,,,,,,
STRN4,,,,,,,,,,,,
FKRP,,,,,,,,,,,,
SLC1A5,,,,,,,,,,,,
AP2S1,,,,,,,,,,,,
ARHGAP35,,,,,,,,,,,,
NPAS1,,,,-0.9877560149080317,-0.4447763489465444,-0.716266181927288,,,,,,
TMEM160,,,,,,,,,,,,
ZC3H4,,,,,,,,,,,,
SAE1,,,,,,,,,,,,
BBC3,,,,,,,,,,,,
CCDC9,,,,,,,,,,,,
DHX34,,,,,,,,,,,,
NAPA,,,,,,,,,,,,
NOP53,,,,,,,,,,,,
SELENOW,,,,,,,,,,,,
LIG1,,,,,,,,,,,,
ZSWIM9,,,,,,,,,,,,
CARD8,,,,,,,,,,,,
EMP3,0.05698212625048148,0.2412101451758988,0.14909613571319014,,,,,,,,,
TMEM143,,,,,,,,,,,,
KDELR1,0.18136009581724424,0.3976843726023879,0.2895222342098161,,,,0.15825472426934697,0.5283023201623568,0.34327852221585187,,,
GRIN2D,,,,,,,,,,,,
GRWD1,,,,,,,,,,,,
KCNJ14,,,,,,,,,,,,
CYTH2,,,,,,,,,,,,
RPL18,0.15336164930642682,0.3427935325384541,0.24807759092244047,,,,,,,,,
SPHK2,,,,,,,,,,,,
DBP,,,,,,,,,,,,
CA11,,,,,,,,,,,,
BCAT2,,,,,,,,,,,,
NUCB1,,,,,,,,,,,,
BAX,,,,,,,,,,,,
FTL,,,,,,,,,,,,
GYS1,,,,,,,,,,,,
RUVBL2,,,,,,,,,,,,
SNRNP70,,,,,,,,,,,,
LIN7B,,,,,,,,,,,,
PPFIA3,,,,-0.9830361655889842,-0.3025699278685321,-0.6428030467287582,,,,,,
TRPM4,,,,,,,,,,,,
SLC6A16,,,,-0.9915713288398096,-0.32925191884217403,-0.6604116238409918,,,,,,
TEAD2,,,,,,,,,,,,
PIH1D1,,,,,,,,,,,,
ALDH16A1,,,,,,,,,,,,
RPL13A,,,,,,,,,,,,
RPS11,,,,,,,,,,,,
FCGRT,0.12592800993451791,0.3510846447038442,0.23850632731918106,,,,,,,,,
NOSIP,,,,,,,,,,,,
PRR12,,,,,,,,,,,,
RRAS,,,,,,,,,,,,
SCAF1,,,,,,,,,,,,
IRF3,,,,,,,,,,,,
BCL2L12,,,,,,,,,,,,
PRMT1,,,,,,,,,,,,
CPT1C,,,,,,,,,,,,
AP2A1,,,,,,,,,,,,
FUZ,,,,,,,,,,,,
MED25,,,,,,,,,,,,
PTOV1,0.1413288647708908,0.4627961474964887,0.30206250613368973,,,,0.16839878730942698,0.5034620025537332,0.33593039493158006,,,
PNKP,,,,,,,,,,,,
AKT1S1,,,,,,,,,,,,
TBC1D17,,,,,,,,,,,,
NUP62,,,,,,,,,,,,
ATF5,,,,,,,,,,,,
VRK3,,,,,,,,,,,,
ZNF473,,,,,,,,,,,,
MYH14,,,,-0.9848472610210367,-0.3087832262638443,-0.6468152436424405,,,,,,
NR1H2,,,,,,,,,,,,
POLD1,,,,,,,,,,,,
EMC10,,,,,,,,,,,,
JOSD2,,,,,,,,,,,,
C19orf81,,,,,,,,,,,,
CLEC11A,,,,,,,,,,,,
KLK8,,,,,,,,,,,,
CTU1,,,,,,,,,,,,
ETFB,0.14443757826156392,0.40184084709597445,0.27313921267876917,,,,,,,,,
ZNF649,,,,,,,,,,,,
ZNF614,,,,,,,,,,,,
ZNF616,,,,,,,,,,,,
PPP2R1A,,,,,,,,,,,,
ZNF766,,,,,,,,,,,,
ZNF480,,,,,,,,,,,,
ZNF611,,,,,,,,,,,,
ZNF845,,,,,,,,,,,,
ZNF765,,,,-0.971206920138296,-0.17172665032175802,-0.571466785230027,,,,,,
ZNF761,,,,,,,,,,,,
MYADM,,,,,,,,,,,,
CACNG8,,,,,,,,,,,,
NDUFA3,,,,,,,,,,,,
TFPT,,,,,,,,,,,,
PRPF31,,,,,,,,,,,,
CNOT3,,,,,,,,,,,,
LENG1,,,,,,,,,,,,
MBOAT7,,,,,,,,,,,,
TSEN34,0.08467586409039302,0.38362132185699965,0.23414859297369633,,,,,,,,,
RPS9,,,,,,,,,,,,
LENG8,-0.2781159349169369,-0.08325206525695529,-0.1806840000869461,-0.9786647092107237,-0.29950972211975263,-0.6390872156652382,-0.5038120252886159,-0.11503419027032726,-0.3094231077794716,-0.4153731803663415,-0.10745605889751382,-0.2614146196319277
LENG9,-0.35855316929293407,-0.1507566774038917,-0.2546549233484129,,,,,,,-0.4004187695013674,-0.11337865769277183,-0.2568987135970696
RDH13,,,,,,,,,,,,
PPP1R12C,,,,,,,,,,,,
TNNT1,,,,,,,,,,,,
TNNI3,,,,,,,,,,,,
PPP6R1,,,,,,,,,,,,
HSPBP1,,,,,,,,,,,,
BRSK1,-0.202824712511574,-0.14427158194560497,-0.17354814722858947,-0.9632090127243315,-0.42976066059914914,-0.6964848366617403,-0.199329927603308,-0.05529644450863966,-0.12731318605597383,-0.1631119064978137,-0.09691568855690547,-0.1300137975273596
KMT5C,,,,,,,,,,,,
RPL28,,,,,,,,,,,,
UBE2S,0.23876172487882982,0.4463186665090093,0.3425401956939196,,,,,,,,,
ISOC2,,,,,,,,,,,,
NAT14,,,,,,,,,,,,
ZNF579,,,,,,,,,,,,
ZNF865,,,,,,,,,,,,
ZNF580,,,,,,,,,,,,
ZNF581,,,,,,,,,,,,
CCDC106,,,,,,,,,,,,
U2AF2,,,,,,,,,,,,
EPN1,,,,,,,,,,,,
ZNF787,,,,,,,,,,,,
ZNF444,,,,,,,,,,,,
ZSCAN5A,,,,,,,,,,,,
ZNF71,,,,,,,,,,,,
ZNF264,,,,,,,,,,,,
ZNF805,,,,,,,,,,,,
ZNF460,,,,,,,,,,,,
TRAPPC2B,,,,,,,,,,,,
ZNF749,,,,,,,,,,,,
ZNF530,,,,,,,,,,,,
ZNF134,,,,,,,,,,,,
ZNF551,,,,,,,,,,,,
ZNF586,,,,,,,,,,,,
ZNF552,,,,,,,,,,,,
ZNF587B,,,,,,,,,,,,
ZNF814,-0.2860681992840286,-0.0813059430042523,-0.18368707114414046,-0.9893999659645769,-0.4225221294054006,-0.7059610476849888,,,,,,
ZNF587,-0.38498300745908054,-0.11635629528837371,-0.2506696513737271,,,,,,,,,
ZNF274,,,,,,,,,,,,
ZNF8,,,,,,,,,,,,
ERVK3-1,,,,,,,,,,,,
A1BG,,,,,,,,,,,,
RPS5,,,,,,,,,,,,
ZNF584,,,,,,,,,,,,
SLC27A5,,,,,,,,,,,,
TRIM28,,,,,,,,,,,,
CHMP2A,,,,,,,,,,,,
UBE2M,,,,,,,,,,,,
MZF1,,,,,,,,,,,,
C20orf96,,,,,,,,,,,,
ZCCHC3,,,,,,,,,,,,
SOX12,,,,,,,,,,,,
NRSN2,,,,,,,,,,,,
RBCK1,,,,,,,,,,,,
TBC1D20,,,,,,,,,,,,
CSNK2A1,,,,,,,,,,,,
SRXN1,,,,,,,,,,,,
PSMF1,,,,,,,,,,,,
FKBP1A,,,,,,,,,,,,
NSFL1C,,,,,,,,,,,,
STK35,,,,,,,,,,,,
SNRPB,,,,,,,,,,,,
ZNF343,,,,,,,,,,,,
NOP56,,,,,,,,,,,,
IDH3B,,,,,,,,,,,,
VPS16,,,,,,,,,,,,
PTPRA,,,,,,,,,,,,
MRPS26,0.09841084099412813,0.3382102453085932,0.21831054315136067,,,,0.20863762637726013,0.5379931236592023,0.3733153750182312,,,
UBOX5,,,,,,,,,,,,
FASTKD5,,,,,,,,,,,,
DDRGK1,0.08861496069185724,0.31862619523433494,0.2036205779630961,,,,,,,,,
ITPA,,,,,,,,,,,,
DNAAF9,,,,,,,,,,,,
ATRN,,,,,,,,,,,,
ADISSP,,,,,,,,,,,,
CENPB,,,,,,,,,,,,
CDC25B,,,,,,,,,,,,
AP5S1,,,,,,,,,,,,
MAVS,,,,,,,,,,,,
PANK2,-0.2869997541952344,-0.07915475065039441,-0.1830772524228144,-0.9818570180684505,-0.3112511374750397,-0.6465540777717451,,,,,,
RNF24,,,,,,,,,,,,
SMOX,-0.2562230430098493,-0.1537295093767041,-0.2049762761932767,-0.9882894948989527,-0.46378157182788293,-0.7260355333634179,-0.21068065260009403,-0.055411228292621253,-0.13304594044635765,-0.32597522736287915,-0.13409140255956897,-0.23003331496122406
PRNP,,,,,,,,,,,,
SLC23A2,,,,,,,,,,,,
TMEM230,,,,,,,,,,,,
PCNA,,,,,,,,,,,,
CDS2,,,,,,,,,,,,
GPCPD1,,,,,,,,,,,,
SHLD1,,,,,,,,,,,,
TRMT6,,,,,,,,,,,,
MCM8,,,,,,,,,,,,
CRLS1,,,,,,,,,,,,
BMP2,,,,,,,,,,,,
TMX4,,,,,,,,,,,,
PLCB1,-0.28958138993418303,-0.04653852117605902,-0.16805995555512102,,,,,,,,,
PLCB4,,,,,,,,,,,,
ANKEF1,,,,,,,,,,,,
MKKS,,,,,,,,,,,,
SLX4IP,,,,,,,,,,,,
BTBD3,,,,,,,,,,,,
TASP1,,,,,,,,,,,,
ESF1,,,,,,,,,,,,
NDUFAF5,,,,,,,,,,,,
MACROD2,-0.3521263839276119,-0.16918616049439178,-0.26065627221100185,-0.9873407155938823,-0.33825952108927826,-0.6628001183415803,-0.35746548939786765,-0.1069176024003626,-0.23219154589911511,-0.3723417365217386,-0.0886285330477937,-0.23048513478476612
KIF16B,,,,,,,,,,,,
SNRPB2,,,,,,,,,,,,
DSTN,,,,,,,,,,,,
RRBP1,,,,,,,,,,,,
SNX5,,,,,,,,,,,,
OVOL2,-0.6186648663495526,-0.3352270834334011,-0.47694597489147683,,,,-0.5198024555675548,-0.19002949633482788,-0.35491597595119134,-0.6838343011499117,-0.25631520312478673,-0.4700747521373492
MGME1,,,,,,,,,,,,
KAT14,,,,,,,,,,,,
PET117,,,,,,,,,,,,
ZNF133,,,,,,,,,,,,
POLR3F,,,,,,,,,,,,
RBBP9,,,,,,,,,,,,
SEC23B,,,,,,,,,,,,
SMIM26,,,,,,,,,,,,
DTD1,,,,,,,,,,,,
RIN2,,,,,,,,,,,,
NAA20,,,,,,,,,,,,
CRNKL1,,,,,,,,,,,,
RALGAPA2,-0.7236148637187528,-0.22712618489707279,-0.4753705243079128,,,,,,,,,
KIZ,,,,,,,,,,,,
XRN2,,,,,,,,,,,,
NXT1,,,,,,,,,,,,
GZF1,,,,,,,,,,,,
NAPB,,,,,,,,,,,,
CST3,0.16526556034600226,0.39402474829877554,0.2796451543223889,,,,0.17126215328870922,0.5924701828136992,0.3818661680512042,,,
SYNDIG1,,,,-0.9818073188859434,-0.2285124542346368,-0.6051598865602901,,,,,,
APMAP,0.06762304739937593,0.3162861907371604,0.19195461906826816,,,,,,,,,
ENTPD6,,,,,,,,,,,,
PYGB,,,,,,,,,,,,
ABHD12,,,,,,,,,,,,
GINS1,,,,,,,,,,,,
NINL,,,,,,,,,,,,
NANP,,,,,,,,,,,,
ZNF337,,,,,,,,,,,,
HM13,,,,,,,,,,,,
ID1,,,,,,,,,,,,
BCL2L1,,,,,,,,,,,,
TPX2,0.14543506919593327,0.3452730476520413,0.24535405842398728,,,,,,,,,
PDRG1,,,,,,,,,,,,
TM9SF4,,,,,,,,,,,,
PLAGL2,,,,,,,,,,,,
POFUT1,,,,,,,,,,,,
KIF3B,,,,,,,,,,,,
ASXL1,,,,,,,,,,,,
NOL4L,,,,,,,,,,,,
COMMD7,,,,,,,,,,,,
DNMT3B,,,,-0.9887997249854857,-0.5163861229864289,-0.7525929239859573,,,,,,
MAPRE1,,,,,,,,,,,,
CDK5RAP1,,,,,,,,,,,,
SNTA1,,,,,,,,,,,,
CBFA2T2,-0.30379261090118,-0.06627103714292763,-0.18503182402205381,,,,,,,,,
E2F1,-0.29237193504018183,-0.073786625185492,-0.18307928011283692,,,,,,,,,
CHMP4B,,,,,,,,,,,,
RALY,,,,,,,,,,,,
EIF2S2,,,,,,,,,,,,
AHCY,,,,,,,,,,,,
ITCH,,,,,,,,,,,,
DYNLRB1,,,,,,,,,,,,
PIGU,-0.38395630898589395,-0.1423561191810118,-0.26315621408345286,-0.993785831333938,-0.5868934398589235,-0.7903396355964307,-0.48580105529506556,-0.17778616371244613,-0.33179360950375586,,,
NCOA6,,,,,,,,,,,,
GGT7,,,,,,,,,,,,
ACSS2,,,,-0.9772043972492541,-0.2344273013453029,-0.6058158492972785,,,,,,
GSS,,,,,,,,,,,,
TRPC4AP,,,,,,,,,,,,
EDEM2,,,,,,,,,,,,
MMP24OS,,,,,,,,,,,,
EIF6,,,,,,,,,,,,
UQCC1,,,,,,,,,,,,
CEP250,,,,,,,,,,,,
ERGIC3,0.14665251620462966,0.3987472603512308,0.27269988827793024,,,,,,,,,
CPNE1,,,,,,,,,,,,
RBM12,0.05841045161795799,0.25883865838872927,0.15862455500334363,,,,,,,,,
NFS1,,,,,,,,,,,,
ROMO1,,,,,,,,,,,,
RBM39,,,,,,,,,,,,
PHF20,,,,,,,,,,,,
SCAND1,,,,,,,,,,,,
CNBD2,,,,,,,,,,,,
EPB41L1,,,,,,,,,,,,
AAR2,-0.23969716912010144,-0.11429414117063086,-0.17699565514536614,-0.9859951372832195,-0.44891168364090933,-0.7174534104620645,-0.23477662605080715,-0.005213256965900741,-0.11999494150835395,-0.36718765708947776,-0.13355461705479432,-0.25037113707213604
DLGAP4,,,,,,,,,,,,
TGIF2,,,,,,,,,,,,
RAB5IF,,,,,,,,,,,,
NDRG3,,,,,,,,,,,,
DSN1,,,,,,,,,,,,
SOGA1,,,,,,,,,,,,
SAMHD1,,,,,,,,,,,,
RBL1,,,,,,,,,,,,
RPN2,,,,,,,,,,,,
MANBAL,,,,,,,,,,,,
BLCAP,,,,-0.9918659183401283,-0.4548218080737061,-0.7233438632069171,,,,,,
CTNNBL1,,,,,,,,,,,,
TTI1,,,,,,,,,,,,
RPRD1B,,,,,,,,,,,,
RALGAPB,,,,,,,,,,,,
ACTR5,,,,,,,,,,,,
FAM83D,,,,,,,,,,,,
DHX35,,,,,,,,,,,,
MAFB,,,,,,,,,,,,
TOP1,,,,,,,,,,,,
PLCG1,,,,,,,,,,,,
ZHX3,,,,,,,,,,,,
LPIN3,,,,,,,,,,,,
CHD6,,,,,,,,,,,,
PTPRT,-0.2772408144806353,-0.165220493425327,-0.22123065395298114,-0.9870032410384958,-0.4845453675197155,-0.7357743042791056,-0.2404715856825683,-0.10232115837562039,-0.17139637202909436,-0.35887384471884276,-0.1886355900085279,-0.27375471736368534
SRSF6,-0.9931290699127484,-0.6620008634736364,-0.8275649666931923,,,,-0.8586335970474984,-0.2523457447919004,-0.5554896709196995,-0.9938149490673034,-0.6232915877443705,-0.808553268405837
L3MBTL1,,,,,,,,,,,,
IFT52,,,,,,,,,,,,
MYBL2,,,,,,,,,,,,
TOX2,-0.25282978954516716,-0.14106968001467876,-0.19694973477992295,-0.9903761782396764,-0.5300148373631921,-0.7601955078014342,-0.1895600969903849,-0.07925922804847753,-0.1344096625194312,-0.3275495155616136,-0.18640683564281335,-0.2569781756022135
OSER1,,,,,,,,,,,,
FITM2,,,,,,,,,,,,
TTPAL,,,,,,,,,,,,
SERINC3,0.13715992597106064,0.37931667828781346,0.25823830212943705,,,,,,,,,
PKIG,,,,,,,,,,,,
ADA,,,,,,,,,,,,
RIMS4,,,,,,,,,,,,
YWHAB,,,,,,,,,,,,
PABPC1L,,,,,,,,,,,,
TOMM34,,,,,,,,,,,,
STK4,,,,,,,,,,,,
SDC4,,,,,,,,,,,,
SYS1,,,,,,,,,,,,
DBNDD2,,,,,,,,,,,,
PIGT,,,,,,,,,,,,
DNTTIP1,,,,,,,,,,,,
UBE2C,0.20020612032961033,0.3912549084054969,0.2957305143675536,,,,,,,0.11780840974032902,0.38414074999901493,0.250974579869672
ACOT8,,,,,,,,,,,,
CTSA,,,,,,,,,,,,
PLTP,,,,,,,,,,,,
PCIF1,,,,,,,,,,,,
ZNF335,,,,,,,,,,,,
SLC12A5,,,,,,,,,,,,
NCOA5,,,,,,,,,,,,
SLC35C2,,,,,,,,,,,,
ELMO2,,,,,,,,,,,,
SLC13A3,,,,,,,,,,,,
TP53RK,,,,,,,,,,,,
EYA2,,,,,,,,,,,,
ZMYND8,,,,,,,,,,,,
NCOA3,,,,,,,-0.3566311723965828,-0.035917366338928586,-0.19627426936775572,,,
SULF2,,,,,,,,,,,,
ARFGEF2,,,,,,,,,,,,
CSE1L,,,,,,,,,,,,
STAU1,,,,,,,,,,,,
DDX27,,,,,,,,,,,,
ZNFX1,,,,,,,,,,,,
B4GALT5,,,,,,,,,,,,
SLC9A8,,,,,,,,,,,,
RNF114,,,,,,,,,,,,
UBE2V1,,,,,,,,,,,,
PEDS1,,,,,,,,,,,,
CEBPB,,,,,,,,,,,,
PTPN1,,,,,,,,,,,,
PARD6B,,,,,,,,,,,,
BCAS4,,,,,,,,,,,,
ADNP,-0.874030987844651,-0.2527257635667927,-0.5633783757057219,,,,-0.9434655523600762,-0.17775108868047554,-0.5606083205202759,,,
DPM1,,,,,,,,,,,,
MOCS3,,,,,,,,,,,,
KCNG1,,,,,,,,,,,,
ATP9A,,,,,,,,,,,,
ZFP64,,,,,,,,,,,,
TSHZ2,,,,,,,,,,,,
ZNF217,,,,,,,,,,,,
PFDN4,,,,,,,,,,,,
FAM210B,,,,,,,,,,,,
AURKA,0.19203165496260882,0.36876629606791245,0.2803989755152606,,,,,,,,,
CSTF1,,,,,,,,,,,,
RTF2,,,,,,,,,,,,
TFAP2C,-0.27485710419017007,-0.11454679376774242,-0.19470194897895624,,,,,,,-0.3003385793745765,-0.09679641084912878,-0.19856749511185262
BMP7,,,,,,,,,,,,
RAE1,,,,,,,,,,,,
RBM38,,,,,,,,,,,,
HMGB1P1,,,,,,,,,,,,
PMEPA1,,,,,,,,,,,,
RAB22A,,,,,,,,,,,,
VAPB,,,,,,,,,,,,
STX16,,,,,,,,,,,,
GNAS,,,,,,,,,,,,
NELFCD,,,,,,,,,,,,
ATP5F1E,,,,,,,,,,,,
PRELID3B,,,,,,,,,,,,
PHACTR3,,,,,,,,,,,,
FAM217B,,,,,,,,,,,,
CDH4,-0.2647849905141338,-0.12387369358521592,-0.19432934204967486,-0.9912411938492449,-0.4802356201987096,-0.7357384070239772,-0.18061503307768847,-0.03915986588473583,-0.10988744948121215,-0.2902775720172332,-0.11206598779199625,-0.2011717799046147
TAF4,,,,-0.9831460206463658,-0.30556037561483257,-0.6443531981305992,,,,,,
LSM14B,,,,,,,,,,,,
PSMA7,,,,,,,,,,,,
SS18L1,,,,,,,,,,,,
MTG2,,,,,,,,,,,,
OSBPL2,,,,,,,,,,,,
ADRM1,0.10741078602411858,0.35385942126801445,0.2306351036460665,,,,,,,,,
LAMA5,,,,,,,,,,,,
RPS21,,,,,,,,,,,,
SLCO4A1,,,,-0.9881085965113191,-0.3562805705638971,-0.6721945835376081,,,,,,
MRGBP,,,,,,,,,,,,
OGFR,,,,,,,,,,,,
TCFL5,,,,,,,,,,,,
DIDO1,,,,,,,,,,,,
GID8,,,,,,,,,,,,
YTHDF1,,,,,,,,,,,,
ARFGAP1,,,,,,,,,,,,
KCNQ2,,,,,,,,,,,,
EEF1A2,,,,,,,,,,,,
PPDPF,,,,,,,,,,,,
GMEB2,,,,,,,,,,,,
STMN3,,,,,,,,,,,,
RTEL1,,,,,,,,,,,,
ARFRP1,,,,,,,,,,,,
ZGPAT,,,,,,,,,,,,
SLC2A4RG,,,,,,,,,,,,
ZBTB46,,,,,,,,,,,,
TPD52L2,,,,,,,,,,,,
DNAJC5,,,,,,,,,,,,
ZNF512B,,,,,,,,,,,,
PRPF6,,,,,,,,,,,,
TCEA2,,,,,,,,,,,,
RGS19,,,,,,,,,,,,
PCMTD2,,,,,,,,,,,,
HSPA13,,,,,,,,,,,,
NRIP1,,,,,,,,,,,,
USP25,,,,,,,,,,,,
CXADR,,,,,,,,,,,,
BTG3,,,,,,,,,,,,
C21orf91,,,,,,,,,,,,
NCAM2,-0.22719585267843787,-0.07908742264976297,-0.1531416376641004,-0.9822460451172881,-0.40260400463748175,-0.6924250248773849,,,,,,
MRPL39,,,,,,,,,,,,
ATP5PF,,,,,,,,,,,,
GABPA,,,,,,,,,,,,
APP,,,,,,,,,,,,
ADAMTS1,,,,,,,,,,,,
N6AMT1,,,,,,,,,,,,
LTN1,,,,,,,,,,,,
RWDD2B,,,,,,,,,,,,
USP16,,,,,,,,,,,,
CCT8,,,,,,,,,,,,
BACH1,,,,,,,,,,,,
TIAM1,-0.34742158452886845,-0.18403706146729967,-0.26572932299808405,-0.9890872273748547,-0.5011749405329673,-0.7451310839539109,-0.37660756751254815,-0.06923577584143094,-0.22292167167698954,-0.584314118935957,-0.2290497883150123,-0.40668195362548465
SOD1,0.11360414449363415,0.4042910292517229,0.2589475868726785,,,,,,,,,
SCAF4,,,,,,,,,,,,
HUNK,-0.23282263499245404,-0.06095263252958566,-0.14688763376101985,,,,,,,,,
MIS18A,0.13070596689514313,0.40714866918082654,0.26892731803798486,,,,,,,,,
URB1,,,,,,,,,,,,
TCP10L,,,,,,,,,,,,
CFAP298,,,,,,,,,,,,
SYNJ1,,,,,,,,,,,,
PAXBP1,,,,,,,,,,,,
IFNAR2,,,,,,,,,,,,
IL10RB,,,,,,,,,,,,
IFNAR1,,,,,,,,,,,,
IFNGR2,,,,,,,,,,,,
TMEM50B,,,,,,,,,,,,
GART,,,,,,,,,,,,
SON,0.12039896401078806,0.4136793730725002,0.2670391685416441,,,,,,,,,
DONSON,,,,,,,,,,,,
CRYZL1,,,,,,,,,,,,
ITSN1,,,,,,,,,,,,
ATP5PO,,,,,,,,,,,,
MRPS6,,,,,,,,,,,,
SLC5A3,,,,,,,,,,,,
SMIM11,,,,,,,,,,,,
RCAN1,,,,,,,,,,,,
RUNX1,-0.2491083320119814,-0.08944686537613522,-0.1692775986940583,-0.9897586019466028,-0.53610317560532,-0.7629308887759614,,,,,,
SETD4,,,,,,,,,,,,
CBR1,,,,,,,,,,,,
CBR3,0.0874613870927907,0.2842487173460465,0.18585505221941861,,,,,,,,,
DOP1B,,,,-0.9923893560867392,-0.4146897185906663,-0.7035395373387028,,,,,,
MORC3,,,,,,,,,,,,
CHAF1B,,,,,,,,,,,,
SIM2,,,,,,,,,,,,
HLCS,,,,,,,,,,,,
PIGP,0.08623617705855177,0.38391177548592326,0.23507397627223753,,,,,,,,,
TTC3,,,,,,,,,,,,
VPS26C,,,,,,,,,,,,
DYRK1A,,,,,,,,,,,,
ETS2,,,,,,,,,,,,
PSMG1,,,,,,,,,,,,
BRWD1,,,,,,,,,,,,
HMGN1,,,,,,,,,,,,
GET1,,,,,,,,,,,,
DSCAM,-0.23786960159868523,-0.14914881460815385,-0.19350920810341954,-0.9737102912506871,-0.49423815396617937,-0.7339742226084333,-0.2847574740115396,-0.11865788990472882,-0.2017076819581342,-0.36964078649042037,-0.1895040366549508,-0.2795724115726856
BACE2,,,,,,,,,,,,
PRDM15,,,,-0.9874720580430875,-0.38261022802434774,-0.6850411430337175,,,,,,
ZBTB21,,,,,,,,,,,,
PDE9A,,,,,,,,,,,,
WDR4,,,,,,,,,,,,
NDUFV3,,,,,,,,,,,,
PKNOX1,,,,,,,,,,,,
CBS,,,,,,,,,,,,
U2AF1,0.146777147452707,0.3098573085655692,0.22831722800913812,,,,,,,,,
RRP1B,,,,,,,,,,,,
PDXK,,,,,,,,,,,,
CSTB,,,,,,,,,,,,
RRP1,,,,,,,,,,,,
AGPAT3,,,,,,,,,,,,
TRAPPC10,,,,,,,,,,,,
PWP2,,,,,,,,,,,,
GATD3,,,,,,,,,,,,
PFKL,,,,,,,,,,,,
CFAP410,,,,,,,,,,,,
UBE2G2,,,,,,,,,,,,
SUMO3,0.11836182150246245,0.3841419861004537,0.25125190380145807,,,,,,,,,
PTTG1IP,0.1553214838459712,0.36694696587407033,0.26113422486002075,,,,,,,,,
SLX9,,,,,,,,,,,,
ADARB1,,,,,,,,,,,,
POFUT2,,,,,,,,,,,,
COL18A1,,,,-0.9889252393668625,-0.2971849244680959,-0.6430550819174792,,,,,,
SLC19A1,,,,,,,,,,,,
PCBP3,,,,,,,,,,,,
COL6A1,,,,,,,,,,,,
SPATC1L,,,,,,,,,,,,
LSS,,,,,,,,,,,,
MCM3AP,,,,,,,,,,,,
YBEY,,,,,,,,,,,,
C21orf58,,,,,,,,,,,,
PCNT,,,,,,,,,,,,
DIP2A,,,,,,,,,,,,
PRMT2,,,,,,,,,,,,
POTEH,-0.19870719959769867,-0.11400570515186731,-0.156356452374783,-0.9792696293487594,-0.3517885387747482,-0.6655290840617538,-0.1985098627347266,-0.07509049832135474,-0.13680018052804066,-0.380636235650337,-0.1845654849014067,-0.28260086027587183
IL17RA,,,,,,,,,,,,
HDHD5,,,,,,,,,,,,
CECR2,,,,-0.9814320807516254,-0.31740160768266257,-0.649416844217144,,,,,,
ATP6V1E1,,,,,,,,,,,,
BCL2L13,,,,,,,,,,,,
BID,,,,,,,,,,,,
MICAL3,-0.3573677585923196,-0.06619176432389927,-0.21177976145810945,,,,,,,,,
PEX26,,,,-0.9889448078645744,-0.5267108066133592,-0.7578278072389668,,,,,,
USP18,,,,,,,,,,,,
DGCR2,,,,,,,,,,,,
ESS2,,,,,,,,,,,,
SLC25A1,,,,,,,,,,,,
CLTCL1,,,,-0.9818041096190635,-0.2846505787697594,-0.6332273441944114,,,,,,
HIRA,,,,,,,,,,,,
C22orf39,,,,,,,,,,,,
MRPL40,0.10501016818312925,0.41240796700122445,0.2587090675921768,,,,,,,,,
UFD1,,,,,,,,,,,,
CDC45,-0.3026003613547895,-0.02356489793004505,-0.1630826296424173,,,,,,,,,
GP1BB,,,,,,,,,,,,
TBX1,,,,,,,,,,,,
GNB1L,,,,,,,,,,,,
RTL10,,,,,,,,,,,,
TXNRD2,,,,,,,,,,,,
COMT,,,,,,,,,,,,
TANGO2,,,,,,,,,,,,
DGCR8,,,,,,,,,,,,
TRMT2A,,,,,,,,,,,,
RANBP1,,,,,,,,,,,,
ZDHHC8,,,,-0.9831341271359734,-0.3079435492823718,-0.6455388382091726,,,,,,
DGCR6L,,,,,,,,,,,,
ZNF74,,,,,,,,,,,,
SCARF2,,,,,,,,,,,,
KLHL22,,,,,,,,,,,,
MED15,,,,,,,,,,,,
PI4KA,,,,,,,,,,,,
SNAP29,,,,,,,,,,,,
CRKL,,,,,,,,,,,,
LZTR1,,,,,,,,,,,,
THAP7,,,,,,,,,,,,
HIC2,,,,,,,,,,,,
UBE2L3,,,,,,,,,,,,
YDJC,,,,,,,,,,,,
SDF2L1,,,,,,,,,,,,
PPIL2,,,,,,,,,,,,
YPEL1,,,,,,,,,,,,
MAPK1,,,,,,,,,,,,
PPM1F,,,,,,,,,,,,
TOP3B,,,,,,,,,,,,
ZNF280B,,,,,,,,,,,,
PRAME,,,,,,,,,,,,
GNAZ,,,,,,,,,,,,
BCR,,,,,,,,,,,,
ZNF70,,,,,,,,,,,,
CHCHD10,,,,,,,,,,,,
SMARCB1,,,,,,,,,,,,
DERL3,,,,,,,,,,,,
SLC2A11,,,,,,,,,,,,
MIF,,,,,,,,,,,,
DDT,,,,,,,,,,,,
CABIN1,,,,,,,,,,,,
SPECC1L,,,,,,,,,,,,
GUCD1,,,,,,,,,,,,
SNRPD3,,,,,,,,,,,,
SGSM1,,,,,,,,,,,,
KIAA1671,,,,,,,,,,,,
GRK3,,,,,,,,,,,,
ASPHD2,,,,,,,,,,,,
HPS4,,,,,,,,,,,,
SRRD,,,,,,,,,,,,
TFIP11,,,,,,,,,,,,
TPST2,,,,,,,,,,,,
PITPNB,,,,,,,,,,,,
TTC28,-0.27967068810680407,-0.061722899724989316,-0.1706967939158967,,,,,,,,,
CHEK2,,,,,,,,,,,,
HSCB,,,,,,,,,,,,
CCDC117,,,,,,,,,,,,
XBP1,,,,,,,,,,,,
ZNRF3,,,,-0.9852226207272867,-0.33438659340213867,-0.6598046070647127,,,,,,
KREMEN1,,,,,,,,,,,,
EMID1,,,,,,,,,,,,
RHBDD3,,,,,,,,,,,,
EWSR1,,,,,,,,,,,,
AP1B1,,,,,,,,,,,,
THOC5,,,,,,,,,,,,
NIPSNAP1,,,,,,,,,,,,
NF2,,,,,,,,,,,,
ZMAT5,0.09981187995055635,0.34523193799156654,0.22252190897106144,,,,,,,,,
UQCR10,,,,,,,,,,,,
ASCC2,,,,,,,,,,,,
MTMR3,,,,,,,,,,,,
TBC1D10A,,,,,,,,,,,,
SF3A1,,,,,,,,,,,,
RNF215,,,,,,,,,,,,
SEC14L2,,,,,,,,,,,,
MTFP1,,,,,,,,,,,,
PES1,,,,,,,,,,,,
SLC35E4,,,,,,,,,,,,
DUSP18,,,,,,,,,,,,
OSBP2,,,,,,,,,,,,
MORC2,,,,,,,,,,,,
TUG1,,,,,,,,,,,,
SMTN,,,,,,,,,,,,
SELENOM,0.0908161969657751,0.3819983011132876,0.23640724903953134,,,,,,,,,
RNF185,,,,,,,,,,,,
LIMK2,,,,,,,,,,,,
PATZ1,,,,,,,,,,,,
DRG1,,,,,,,,,,,,
EIF4ENIF1,,,,,,,,,,,,
SFI1,,,,,,,,,,,,
PISD,,,,,,,,,,,,
PRR14L,,,,,,,,,,,,
DEPDC5,,,,,,,,,,,,
YWHAH,,,,,,,,,,,,
RTCB,,,,,,,,,,,,
FBXO7,,,,,,,,,,,,
SYN3,-0.4111863807797199,-0.2082182141184627,-0.3097022974490913,-0.9697903091282672,-0.37916120731320885,-0.674475758220738,-0.4644258345468775,-0.1958892795715137,-0.3301575570591956,-0.413376022413789,-0.10734088292690169,-0.26035845267034535
TIMP3,,,,,,,,,,,,
LARGE1,-0.3935852283045904,-0.14394850903560397,-0.2687668686700972,-0.9780951612854757,-0.15841595291072288,-0.5682555570980993,-0.422533490457676,-0.11563259420823026,-0.26908304233295316,,,
HMGXB4,,,,,,,,,,,,
TOM1,,,,,,,,,,,,
HMOX1,,,,,,,,,,,,
MCM5,-0.37559994232476257,-0.03835755698911031,-0.20697874965693644,,,,,,,,,
RBFOX2,,,,,,,,,,,,
APOL2,,,,,,,,,,,,
MYH9,,,,,,,,,,,,
TXN2,,,,,,,,,,,,
FOXRED2,,,,,,,,,,,,
EIF3D,,,,,,,,,,,,
IFT27,,,,,,,,,,,,
TST,0.1089860270136844,0.3517894227155343,0.23038772486460934,,,,,,,,,
MPST,,,,,,,,,,,,
KCTD17,,,,,,,,,,,,
CDC42EP1,,,,,,,,,,,,
GGA1,,,,,,,,,,,,
SH3BP1,,,,,,,,,,,,
PDXP,,,,,,,,,,,,
NOL12,,,,,,,,,,,,
TRIOBP,,,,,,,,,,,,
GCAT,,,,,,,,,,,,
ANKRD54,,,,,,,,,,,,
EIF3L,,,,,,,,,,,,
MICALL1,,,,,,,,,,,,
POLR2F,,,,,,,,,,,,
PICK1,,,,,,,,,,,,
PLA2G6,,,,,,,,,,,,
TMEM184B,,,,,,,,,,,,
CSNK1E,,,,,,,,,,,,
KDELR3,0.0977565738519789,0.31966739425633733,0.2087119840541581,,,,,,,,,
DDX17,,,,,,,,,,,,
DMC1,,,,,,,,,,,,
FAM227A,,,,,,,,,,,,
CBY1,,,,,,,,,,,,
TOMM22,,,,,,,,,,,,
JOSD1,,,,,,,,,,,,
GTPBP1,,,,,,,,,,,,
SUN2,,,,,,,,,,,,
CBX6,-0.9445286616020969,-0.286961399516769,-0.615745030559433,,,,-0.9662844768573684,-0.3592402498916714,-0.6627623633745199,-0.9637514319916736,-0.2657209025316317,-0.6147361672616527
APOBEC3C,,,,,,,,,,,,
RPL3,,,,,,,,,,,,
SYNGR1,,,,,,,,,,,,
TAB1,,,,,,,,,,,,
MIEF1,,,,,,,,,,,,
ATF4,,,,,,,,,,,,
RPS19BP1,,,,,,,,,,,,
TNRC6B,,,,,,,,,,,,
ADSL,,,,,,,,,,,,
SGSM3,,,,,,,,,,,,
MRTFA,,,,,,,-0.36862472297440607,-0.08527894899354757,-0.22695183598397684,,,
SLC25A17,,,,,,,,,,,,
ST13,,,,,,,,,,,,
XPNPEP3,,,,,,,,,,,,
RBX1,,,,,,,,,,,,
EP300,,,,,,,,,,,,
L3MBTL2,,,,,,,,,,,,
RANGAP1,,,,,,,,,,,,
ZC3H7B,,,,,,,,,,,,
TOB2,,,,,,,,,,,,
ACO2,,,,,,,,,,,,
PHF5A,,,,,,,,,,,,
POLR3H,,,,,,,,,,,,
PMM1,,,,,,,,,,,,
DESI1,,,,,,,,,,,,
XRCC6,,,,,,,,,,,,
SNU13,,,,,,,,,,,,
CCDC134,,,,,,,,,,,,
SREBF2,,,,,,,,,,,,
CENPM,,,,,,,,,,,,
WBP2NL,,,,-0.9886068034717181,-0.29953858121629,-0.6440726923440041,,,,,,
NAGA,,,,,,,,,,,,
SMDT1,,,,,,,,,,,,
NDUFA6,,,,,,,,,,,,
TCF20,,,,,,,,,,,,
RRP7A,,,,,,,,,,,,
POLDIP3,,,,,,,,,,,,
CYB5R3,,,,,,,,,,,,
ARFGAP3,,,,,,,,,,,,
PACSIN2,,,,,,,,,,,,
MCAT,,,,,,,,,,,,
TSPO,,,,,,,,,,,,
TTLL12,,,,,,,,,,,,
PNPLA3,,,,,,,,,,,,
SAMM50,,,,,,,,,,,,
PARVB,,,,-0.9844063324059561,-0.3666033781198652,-0.6755048552629106,,,,,,
RTL6,,,,,,,,,,,,
PRR5,,,,,,,,,,,,
ARHGAP8,,,,,,,,,,,,
PHF21B,,,,,,,,,,,,
NUP50,,,,,,,,,,,,
KIAA0930,,,,,,,,,,,,
FAM118A,,,,,,,,,,,,
RIBC2,-0.27074008491715035,-0.06209693810314442,-0.1664185115101474,,,,,,,,,
FBLN1,,,,,,,,,,,,
ATXN10,,,,,,,,,,,,
PPARA,,,,-0.9796672700304401,-0.2254375827975039,-0.602552426413972,,,,,,
CDPF1,,,,,,,,,,,,
TTC38,,,,,,,,,,,,
GTSE1,0.16362885544995998,0.3692917058288154,0.26646028063938765,,,,,,,,,
TRMU,,,,,,,,,,,,
CELSR1,,,,,,,,,,,,
GRAMD4,,,,,,,,,,,,
CERK,,,,,,,,,,,,
TBC1D22A,,,,,,,,,,,,
BRD1,,,,,,,,,,,,
ZBED4,,,,,,,,,,,,
ALG12,,,,,,,,,,,,
CRELD2,,,,,,,,,,,,
PIM3,,,,,,,,,,,,
TRABD,,,,,,,,,,,,
SELENOO,,,,,,,,,,,,
TUBGCP6,,,,,,,,,,,,
MAPK12,,,,,,,,,,,,
PLXNB2,,,,,,,,,,,,
PPP6R2,,,,,,,,,,,,
SBF1,,,,,,,,,,,,
LMF2,,,,,,,,,,,,
NCAPH2,,,,,,,,,,,,
SCO2,,,,,,,,,,,,
TYMP,,,,,,,,,,,,
CHKB,,,,,,,,,,,,
MAPK8IP2,,,,,,,,,,,,
SHANK3,,,,-0.939033006584672,-0.11824723286478922,-0.5286401197247306,,,,,,
RABL2B,,,,,,,,,,,,
PLCXD1,,,,,,,,,,,,
GTPBP6,,,,,,,,,,,,
PPP2R3B,,,,,,,,,,,,
SLC25A6,0.13876314536682213,0.4399456889556624,0.28935441716124227,,,,,,,,,
ASMTL,,,,,,,,,,,,
AKAP17A,,,,,,,,,,,,
DHRSX,-0.42360046694756764,-0.08178427108289522,-0.25269236901523145,,,,,,,,,
CD99,,,,,,,,,,,,
GYG2,,,,,,,,,,,,
PRKX,,,,,,,,,,,,
PUDP,,,,,,,,,,,,
STS,-0.27952550466871384,-0.1821401194693098,-0.23083281206901182,-0.9899234731442497,-0.4821061612178353,-0.7360148171810424,-0.19890446127870998,-0.0611663094104716,-0.1300353853445908,-0.40311959318663704,-0.17750718809201757,-0.2903133906393273
PNPLA4,,,,,,,,,,,,
TBL1X,,,,,,,,,,,,
SHROOM2,-0.2813151783395117,-0.14477672938176583,-0.21304595386063876,-0.990442376671162,-0.5468532514573852,-0.7686478140642736,-0.2551841952836928,-0.09281871266769098,-0.1740014539756919,-0.3192638007222486,-0.11090330280025514,-0.21508355176125185
MID1,-0.2869476828173463,-0.060233802328150274,-0.17359074257274829,,,,,,,,,
HCCS,,,,,,,,,,,,
MSL3,,,,,,,,,,,,
FRMPD4,-0.2380262515769513,-0.10400381511027419,-0.17101503334361273,-0.9881717682541452,-0.4278363190106749,-0.7080040436324101,,,,,,
PRPS2,-0.7496675452767405,-0.30505671138385176,-0.5273621283302962,,,,-0.6903663744280266,-0.21178875941022582,-0.4510775669191262,-0.7272719685942833,-0.2601964157468376,-0.49373419217056047
TMSB4X,,,,,,,,,,,,
RAB9A,,,,,,,,,,,,
TRAPPC2,,,,,,,,,,,,
OFD1,,,,,,,,,,,,
GPM6B,-0.3842311148102455,-0.11631924598983945,-0.2502751804000425,-0.9836576278261647,-0.3635326153260455,-0.6735951215761051,,,,,,
GEMIN8,,,,,,,,,,,,
FANCB,,,,,,,,,,,,
MOSPD2,,,,,,,,,,,,
PIGA,,,,,,,,,,,,
PIR,0.08341138098397563,0.3005980284924148,0.1920047047381952,,,,,,,,,
CA5B,,,,,,,,,,,,
ZRSR2,,,,,,,,,,,,
AP1S2,,,,,,,,,,,,
CTPS2,,,,,,,,,,,,
SYAP1,,,,,,,,,,,,
TXLNG,,,,,,,,,,,,
RBBP7,,,,,,,,,,,,
NHS,-0.23458382422873741,-0.07924786334643198,-0.1569158437875847,,,,,,,,,
SCML1,,,,,,,,,,,,
SCML2,,,,,,,,,,,,
CDKL5,,,,,,,,,,,,
PHKA2,,,,,,,,,,,,
PDHA1,,,,,,,,,,,,
MAP3K15,-0.296013175793948,-0.07099822679241724,-0.1835057012931826,,,,,,,,,
SH3KBP1,-0.35030354510915457,-0.08387827822158173,-0.21709091166536815,,,,,,,,,
BCLAF3,,,,,,,,,,,,
MAP7D2,,,,,,,,,,,,
EIF1AX,,,,,,,,,,,,
RPS6KA3,,,,,,,,,,,,
CNKSR2,-0.260813968937388,-0.14346385904207243,-0.20213891398973022,-0.9867097624723374,-0.49330405820260265,-0.74000691033747,-0.24455497724338954,-0.08936581201893164,-0.16696039463116058,-0.3158050019621077,-0.16567885661405557,-0.24074192928808164
MBTPS2,,,,,,,,,,,,
SMS,,,,-0.9859468057840012,-0.2433217087719965,-0.6146342572779988,,,,,,
PRDX4,0.09810717184169931,0.36552639674100906,0.2318167842913542,,,,,,,,,
ACOT9,,,,,,,,,,,,
SAT1,,,,,,,,,,,,
APOO,,,,,,,,,,,,
KLHL15,,,,,,,,,,,,
EIF2S3,-0.9896982023613433,-0.5751928995150072,-0.7824455509381752,,,,-0.9617118306071614,-0.2109318799245738,-0.5863218552658676,-0.9798314055933263,-0.3532528482252868,-0.6665421269093066
ZFX,,,,,,,,,,,,
PDK3,,,,,,,,,,,,
POLA1,-0.3748796934571819,-0.11317887472347382,-0.24402928409032787,,,,,,,,,
IL1RAPL1,-0.2471084197833194,-0.11354471601490028,-0.18032656789910984,-0.9913640900409064,-0.4471326196822932,-0.7192483548615998,,,,-0.30790519964137064,-0.0958757643325874,-0.201890481986979
GK,,,,,,,,,,,,
TAB3,,,,,,,,,,,,
DMD,-0.25081091632581914,-0.10608964829684614,-0.17845028231133264,-0.9886913641445545,-0.4149428169767804,-0.7018170905606674,,,,-0.4086584044844077,-0.08111397105016786,-0.2448861877672878
TMEM47,,,,,,,,,,,,
PRRG1,,,,,,,,,,,,
DYNLT3,,,,,,,,,,,,
RPGR,,,,,,,,,,,,
TSPAN7,,,,,,,,,,,,
MID1IP1,,,,,,,,,,,,
BCOR,-0.28636088525258196,-0.10612476150034272,-0.19624282337646234,-0.9865552026536887,-0.47910667871008367,-0.7328309406818861,-0.3530468389793948,-0.014989958542034082,-0.18401839876071446,,,
ATP6AP2,,,,,,,,,,,,
CXorf38,,,,-0.986817587891599,-0.36650380740010263,-0.6766606976458508,,,,,,
MED14,,,,,,,,,,,,
USP9X,,,,,,,,,,,,
DDX3X,,,,,,,,,,,,
CASK,,,,,,,,,,,,
FUNDC1,0.08896463845907046,0.3924645636175301,0.24071460103830028,,,,,,,,,
KDM6A,,,,,,,,,,,,
KRBOX4,,,,,,,,,,,,
SLC9A7,,,,,,,,,,,,
RP2,,,,,,,,,,,,
JADE3,,,,,,,,,,,,
NDUFB11,,,,,,,,,,,,
RBM10,,,,,,,,,,,,
UBA1,,,,,,,,,,,,
CDK16,,,,,,,,,,,,
USP11,,,,,,,,,,,,
ZNF41,,,,,,,,,,,,
ARAF,,,,,,,,,,,,
TIMP1,0.1577305449602579,0.403548092485989,0.2806393187231234,,,,0.10574794655989495,0.4257392660353237,0.2657436062976093,,,
ELK1,,,,,,,,,,,,
UXT,0.09724293115141058,0.3258434164353371,0.21154317379337384,,,,,,,,,
ZNF81,,,,,,,,,,,,
FTSJ1,,,,,,,,,,,,
EBP,,,,,,,,,,,,
TBC1D25,,,,,,,,,,,,
RBM3,,,,,,,,,,,,
WDR13,0.12447841016121303,0.3780147915566855,0.25124660085894923,,,,,,,,,
SUV39H1,,,,,,,,,,,,
HDAC6,,,,,,,,,,,,
PCSK1N,0.18222749714010664,0.45105275371840375,0.3166401254292552,,,,0.19031420714788522,0.44974868453746053,0.32003144584267285,,,
PQBP1,0.16190966630482267,0.41132276417857755,0.2866162152417001,,,,,,,,,
TIMM17B,0.09459567077540132,0.34048591319245264,0.21754079198392698,,,,,,,,,
SLC35A2,,,,,,,,,,,,
PIM2,-0.3349281258322755,-0.11718082056084686,-0.2260544731965612,,,,,,,-0.400614594876773,-0.08507644614831095,-0.24284552051254196
OTUD5,,,,,,,,,,,,
GRIPAP1,,,,,,,,,,,,
TFE3,,,,,,,,,,,,
PRAF2,,,,,,,,,,,,
WDR45,,,,,,,,,,,,
GPKOW,,,,,,,,,,,,
PLP2,,,,,,,,,,,,
PRICKLE3,,,,,,,,,,,,
SYP,,,,,,,,,,,,
CCDC22,,,,,,,,,,,,
CLCN5,,,,,,,,,,,,
NUDT11,,,,,,,,,,,,
GSPT2,,,,,,,,,,,,
MAGED1,,,,,,,,,,,,
FAM156A,,,,,,,,,,,,
TSPYL2,,,,,,,,,,,,
KANTR,,,,,,,,,,,,
KDM5C,,,,,,,,,,,,
IQSEC2,,,,,,,,,,,,
SMC1A,,,,,,,,,,,,
HSD17B10,,,,,,,,,,,,
HUWE1,,,,,,,,,,,,
PHF8,,,,-0.978331613973841,-0.3212106177724557,-0.6497711158731484,,,,,,
FAM120C,,,,,,,,,,,,
WNK3,,,,,,,,,,,,
TSR2,,,,,,,,,,,,
FGD1,,,,,,,,,,,,
GNL3L,-0.4918882827701411,-0.07175043422748247,-0.2818193584988118,,,,,,,,,
MAGED2,0.1540157019857435,0.4320689438801219,0.2930423229329327,,,,0.10602786061967749,0.4788898886439174,0.2924588746317974,0.09219067552942929,0.402060001389407,0.24712533845941814
APEX2,,,,,,,,,,,,
FAM104B,,,,,,,,,,,,
RRAGB,,,,,,,,,,,,
UBQLN2,,,,,,,,,,,,
NBDY,,,,,,,,,,,,
SPIN3,,,,,,,,,,,,
SPIN2B,,,,,,,,,,,,
SPIN4,,,,,,,,,,,,
ARHGEF9,,,,,,,,,,,,
AMER1,,,,,,,,,,,,
MTMR8,,,,-0.9777646948596949,-0.2610376162222106,-0.6194011555409528,,,,,,
ZC4H2,,,,,,,,,,,,
ZC3H12B,-0.2513975266709761,-0.08273881877259774,-0.16706817272178692,,,,,,,,,
LAS1L,,,,,,,,,,,,
MSN,,,,,,,,,,,,
AR,,,,,,,,,,,,
OPHN1,-0.2917981090546279,-0.11479850842986394,-0.20329830874224591,,,,-0.31892480562644615,-0.04336227464361512,-0.18114354013503065,,,
YIPF6,0.14771479752823038,0.4081120957224205,0.27791344662532547,,,,,,,,,
PJA1,,,,,,,,,,,,
NALF2,,,,,,,,,,,,
EDA,-0.3216043257928122,-0.14424035960152923,-0.23292234269717071,-0.9750857252341893,-0.2390083423743205,-0.607047033804255,,,,,,
IGBP1,,,,,,,,,,,,
PDZD11,0.0670751844011711,0.38824307278877757,0.22765912859497434,,,,,,,,,
KIF4A,0.042522418166226074,0.3089475973635204,0.17573500776487325,,,,,,,,,
DLG3,,,,,,,,,,,,
SNX12,,,,,,,,,,,,
MED12,,,,,,,,,,,,
ZMYM3,,,,,,,,,,,,
NONO,,,,,,,,,,,,
TAF1,,,,,,,,,,,,
OGT,-0.5220560708396241,-0.08521272763845533,-0.30363439923903973,,,,,,,,,
NHSL2,,,,-0.9904631852781144,-0.33146492627892565,-0.66096405577852,,,,,,
PIN4,,,,,,,,,,,,
ERCC6L,,,,,,,,,,,,
RPS4X,0.19755079991669852,0.40400661500873547,0.300778707462717,,,,,,,,,
CITED1,,,,,,,,,,,,
HDAC8,,,,,,,,,,,,
PHKA1,,,,,,,,,,,,
CHIC1,,,,,,,,,,,,
SLC16A2,,,,,,,,,,,,
RLIM,,,,,,,,,,,,
ABCB7,,,,,,,,,,,,
UPRT,,,,,,,,,,,,
PBDC1,0.08233500067646708,0.3148261911017745,0.1985805958891208,,,,,,,,,
ATRX,-0.2910945191048297,-0.07412526304619493,-0.18260989107551232,-0.9865515189229921,-0.38425563945844493,-0.6854035791907185,,,,,,
MAGT1,,,,,,,,,,,,
COX7B,,,,,,,,,,,,
ATP7A,,,,,,,,,,,,
PGK1,0.17315386694538262,0.40780395795524627,0.29047891245031443,,,,,,,,,
TAF9B,-0.3997916439827331,-0.08356645839558487,-0.24167905118915897,,,,,,,,,
LPAR4,-0.2532680834050437,-0.14913798277667226,-0.20120303309085796,-0.9842016966386918,-0.4780958214393815,-0.7311487590390366,-0.23849466113406395,-0.11764363723146629,-0.17806914918276512,-0.31715393814492837,-0.17729314986707084,-0.2472235440059996
BRWD3,,,,,,,,,,,,
HMGN5,,,,,,,,,,,,
SH3BGRL,,,,,,,,,,,,
RPS6KA6,-0.25364183370435267,-0.08686483206012975,-0.1702533328822412,-0.9666445507327264,-0.1162615209418096,-0.541453035837268,,,,,,
HDX,,,,,,,,,,,,
APOOL,,,,,,,,,,,,
ZNF711,-0.152244676262912,-0.03556173251983442,-0.0939032043913732,,,,,,,,,
CHM,,,,,,,,,,,,
DACH2,-0.2679436489388149,-0.1026629072611068,-0.18530327809996083,,,,,,,-0.34650448045960824,-0.08406630841595433,-0.21528539443778127
DIAPH2,-0.4695364131052503,-0.15979294641884578,-0.31466467976204804,,,,-0.6150448519034086,-0.22253078527282288,-0.41878781858811576,,,
TSPAN6,0.18211294287345808,0.41398415320234894,0.2980485480379035,,,,,,,,,
SYTL4,,,,,,,,,,,,
CSTF2,,,,,,,,,,,,
TRMT2B,,,,,,,,,,,,
CENPI,,,,,,,,,,,,
TIMM8A,,,,,,,,,,,,
RPL36A,,,,,,,,,,,,
GLA,,,,,,,,,,,,
HNRNPH2,0.1770890991466951,0.4195887750416091,0.2983389370941521,,,,,,,,,
ARMCX4,,,,,,,,,,,,
ARMCX3,,,,,,,,,,,,
BEX5,,,,,,,,,,,,
TMSB15A,,,,,,,,,,,,
ARMCX5,,,,,,,,,,,,
BEX1,,,,,,,,,,,,
BEX4,0.07691624976175937,0.28095142584904703,0.1789338378054032,,,,,,,,,
TCEAL8,,,,,,,,,,,,
BEX2,,,,,,,,,,,,
TCEAL9,,,,,,,,,,,,
BEX3,,,,,,,,,,,,
TCEAL4,,,,,,,,,,,,
TCEAL3,,,,,,,,,,,,
TCEAL1,,,,,,,,,,,,
MORF4L2,,,,,,,,,,,,
SLC25A53,,,,,,,,,,,,
FAM199X,,,,,,,,,,,,
RADX,,,,,,,,,,,,
RNF128,,,,,,,,,,,,
TBC1D8B,,,,,,,,,,,,
MORC4,,,,,,,,,,,,
RBM41,,,,,,,,,,,,
NUP62CL,,,,,,,,,,,,
PRPS1,,,,,,,,,,,,
TSC22D3,,,,,,,,,,,,
MID2,,,,,,,,,,,,
PSMD10,,,,,,,,,,,,
ATG4A,,,,,,,,,,,,
COL4A6,,,,,,,,,,,,
COL4A5,-0.2816370571953386,-0.06096192144215731,-0.17129948931874794,,,,,,,,,
IRS4,-0.24963023017387048,-0.04499517988264376,-0.1473127050282571,,,,,,,,,
NXT2,,,,,,,,,,,,
ACSL4,,,,,,,,,,,,
TMEM164,,,,,,,,,,,,
AMMECR1,,,,,,,,,,,,
PAK3,,,,,,,,,,,,
ALG13,,,,,,,,,,,,
AMOT,,,,,,,,,,,,
LRCH2,,,,,,,,,,,,
PLS3,,,,,,,,,,,,
KLHL13,,,,,,,,,,,,
WDR44,-0.2150060453548838,-0.050841166490851075,-0.13292360592286745,,,,,,,,,
DOCK11,-0.28496058967995114,-0.10343328585001878,-0.19419693776498495,-0.9879692088566349,-0.4405967383235512,-0.7142829735900931,,,,,,
IL13RA1,,,,,,,,,,,,
ZCCHC12,,,,,,,,,,,,
LONRF3,,,,,,,,,,,,
PGRMC1,0.20001790600911912,0.43842249683838114,0.3192202014237501,,,,,,,,,
SLC25A43,,,,,,,,,,,,
SLC25A5,,,,,,,,,,,,
UBE2A,,,,,,,,,,,,
STEEP1,,,,,,,,,,,,
NKRF,,,,,,,,,,,,
SEPTIN6,,,,,,,,,,,,
RPL39,,,,,,,,,,,,
UPF3B,,,,,,,,,,,,
RNF113A,,,,,,,,,,,,
NDUFA1,,,,,,,,,,,,
NKAP,0.08693382747546531,0.4175299439398881,0.25223188570767674,,,,,,,,,
RHOXF1,,,,,,,,,,,,
ZBTB33,,,,,,,,,,,,
LAMP2,,,,,,,,,,,,
CUL4B,,,,,,,,,,,,
MCTS1,,,,,,,,,,,,
C1GALT1C1,0.07961585578945753,0.31582619467824435,0.19772102523385093,,,,0.09670828922212227,0.4448514623191104,0.27077987577061635,,,
THOC2,,,,,,,,,,,,
XIAP,,,,,,,,,,,,
STAG2,-0.6063217566282231,-0.15816950955784498,-0.38224563309303405,-0.9856784657448326,-0.41216337979151035,-0.6989209227681715,,,,,,
TENM1,-0.14380728221109831,-0.03884633648624515,-0.09132680934867174,,,,,,,,,
SMARCA1,,,,,,,,,,,,
OCRL,,,,,,,,,,,,
ZDHHC9,,,,,,,,,,,,
UTP14A,,,,,,,,,,,,
BCORL1,-0.22320596189929756,-0.019384146707658735,-0.12129505430347814,-0.9873283575486903,-0.4505353929948679,-0.718931875271779,,,,,,
ELF4,,,,,,,,,,,,
AIFM1,,,,,,,,,,,,
ZNF280C,-0.2816568635744477,-0.04920458024695438,-0.16543072191070105,,,,,,,,,
SLC25A14,,,,,,,,,,,,
RBMX2,,,,,,,,,,,,
ENOX2,,,,,,,,,,,,
IGSF1,,,,,,,,,,,,
STK26,,,,,,,,,,,,
RAP2C,,,,,,,,,,,,
MBNL3,,,,,,,,,,,,
HS6ST2,-0.2518076574470287,-0.04301102483478093,-0.14740934114090481,,,,,,,,,
GPC4,-0.2262409408838782,-0.025638716123152425,-0.12593982850351532,-0.9892660000952009,-0.40838742982080256,-0.6988267149580017,,,,,,
GPC3,-0.24982453988832923,-0.050893519916083825,-0.15035902990220654,,,,-0.27831841492756126,-0.029340569131822775,-0.153829492029692,,,
PHF6,,,,,,,,,,,,
HPRT1,,,,,,,,,,,,
PLAC1,-0.25786513352401425,-0.06659165575238728,-0.16222839463820077,,,,,,,,,
PABIR2,,,,,,,,,,,,
PABIR3,,,,,,,,,,,,
MOSPD1,,,,,,,,,,,,
SMIM10,,,,,,,,,,,,
RTL8B,,,,,,,,,,,,
RTL8C,,,,,,,,,,,,
RTL8A,,,,,,,,,,,,
ZNF75D,,,,,,,,,,,,
INTS6L,,,,,,,,,,,,
MMGT1,,,,,,,,,,,,
SLC9A6,,,,,,,,,,,,
FHL1,,,,,,,,,,,,
MAP7D3,,,,,,,,,,,,
HTATSF1,,,,,,,,,,,,
RBMX,,,,,,,,,,,,
ZIC3,,,,,,,,,,,,
FGF13,,,,,,,,,,,,
ATP11C,,,,,,,,,,,,
LDOC1,,,,,,,,,,,,
FMR1,,,,,,,,,,,,
AFF2,-0.21643175290053515,-0.042333620138648144,-0.12938268651959164,-0.9857157015572425,-0.2011479105448637,-0.5934318060510531,-0.27549631144101594,-0.03126724017676706,-0.1533817758088915,,,
IDS,,,,,,,,,,,,
EOLA1,,,,,,,,,,,,
TMEM185A,,,,,,,,,,,,
EOLA2,,,,,,,,,,,,
MTM1,,,,,,,,,,,,
MTMR1,,,,,,,,,,,,
CD99L2,,,,,,,,,,,,
HMGB3,,,,,,,,,,,,
VMA21,,,,,,,,,,,,
MAGEA3,,,,,,,,,,,,
CETN2,,,,,,,,,,,,
NSDHL,,,,,,,,,,,,
PNMA6A,,,,,,,,,,,,
ZNF275,,,,,,,,,,,,
HAUS7,,,,,,,,,,,,
CCNQ,0.14780145978877143,0.3842095008607911,0.2660054803247813,,,,,,,,,
DUSP9,,,,,,,,,,,,
SLC6A8,,,,,,,,,,,,
BCAP31,0.23134309857634505,0.45501980909305967,0.34318145383470233,,,,0.12081195813421824,0.4690972281419902,0.29495459313810424,,,
ABCD1,,,,,,,,,,,,
IDH3G,,,,,,,,,,,,
SSR4,0.22342754304459714,0.42479628258566693,0.324111912815132,,,,0.21966732681566187,0.5409750219509956,0.3803211743833287,,,
NAA10,,,,,,,,,,,,
HCFC1,,,,,,,,,,,,
TMEM187,,,,,,,,,,,,
IRAK1,,,,,,,,,,,,
MECP2,,,,,,,,,,,,
FLNA,,,,,,,,,,,,
EMD,,,,,,,,,,,,
RPL10,,,,,,,,,,,,
DNASE1L1,,,,,,,,,,,,
TAFAZZIN,,,,,,,,,,,,
ATP6AP1,0.11902047349375852,0.35495126216823547,0.236985867830997,,,,0.09437629725280304,0.49853612531337793,0.29645621128309046,,,
GDI1,,,,,,,,,,,,
FAM50A,,,,,,,,,,,,
PLXNA3,,,,,,,,,,,,
LAGE3,,,,,,,,,,,,
UBL4A,,,,,,,,,,,,
SLC10A3,,,,,,,,,,,,
FAM3A,0.09749321301625753,0.2961245646189909,0.1968088888176242,,,,,,,,,
G6PD,,,,,,,,,,,,
IKBKG,,,,,,,,,,,,
DKC1,,,,,,,,,,,,
MPP1,,,,,,,,,,,,
FUNDC2,,,,,,,,,,,,
CMC4,,,,,,,,,,,,
MTCP1,-0.43063832243287403,-0.20365247683651375,-0.3171453996346939,,,,-0.5009910476731818,-0.14647894061425012,-0.323734994143716,-0.49610517744638266,-0.12971135995626534,-0.312908268701324
BRCC3,,,,,,,,,,,,
VBP1,,,,,,,,,,,,
TMLHE,,,,,,,,,,,,
VAMP7,,,,,,,,,,,,
ZFY,-0.24327332001386778,-0.15149159493793896,-0.19738245747590338,-0.98646292314844,-0.4610145050505924,-0.7237387140995162,-0.19295131326317552,-0.09383736055875272,-0.14339433691096412,-0.3164488077434568,-0.17490696125730018,-0.24567788450037847
PCDH11Y,-0.27102715277914224,-0.14832154698177466,-0.20967434988045847,-0.9862919502448175,-0.4205765688890508,-0.7034342595669342,,,,-0.35405934293755414,-0.17552747100715066,-0.26479340697235243
MT-ND1,-0.30353371497116666,-0.11010469195478813,-0.20681920346297739,,,,,,,,,
MT-ND2,,,,,,,,,,,,
MT-CO1,,,,,,,,,,,,
MT-CO2,,,,,,,,,,,,
MT-ATP8,-0.39786671054529127,-0.24095284917631304,-0.31940977986080216,,,,-0.375235704045475,-0.04043567480850101,-0.20783568942698802,-0.6573566968518415,-0.28875152388057185,-0.4730541103662067
MT-ATP6,-0.6435855449093102,-0.32167125732611795,-0.4826284011177141,,,,-0.49610125625496077,-0.13194609370009636,-0.3140236749775286,-0.715672873800379,-0.17174924797961888,-0.44371106088999895
MT-CO3,-0.8675897703599506,-0.19916161431713916,-0.5333756923385449,,,,,,,,,
MT-ND3,,,,,,,,,,,,
MT-ND4L,-0.2190324682122023,-0.04837398613888456,-0.13370322717554342,,,,-0.2318177059545609,0.04565303546385974,-0.09308233524535058,-0.5317301582769602,-0.06791339481264161,-0.2998217765448009
MT-ND4,,,,,,,,,,,,
MT-ND5,,,,,,,-0.4013836814380396,-0.020277815768294058,-0.21083074860316683,,,
MT-ND6,-0.3827199702501183,-0.1527502657982612,-0.26773511802418976,-0.9633684498319671,-0.22927801441707438,-0.5963232321245208,-0.3836947686408934,-0.05682452819001684,-0.22025964841545512,-0.4651794421729992,-0.13335514294728773,-0.2992672925601435
MT-CYB,,,,,,,,,,,,
