,MIR4741_All_HAR_min,MIR4741_All_HAR_max,MIR4741_All_HAR_mid,MIR4741_G1_HAR_min,MIR4741_G1_HAR_max,MIR4741_G1_HAR_mid,MIR4741_S_HAR_min,MIR4741_S_HAR_max,MIR4741_S_HAR_mid,MIR4741_G2M_HAR_min,MIR4741_G2M_HAR_max,MIR4741_G2M_HAR_mid
SAMD11,,,,,,,,,,,,
NOC2L,,,,,,,,,,,,
HES4,,,,,,,,,,,,
ISG15,,,,,,,,,,,,
AGRN,-0.17238358232395856,-0.029878572416973656,-0.10113107737046612,,,,,,,-0.33046189084859245,-0.09631673223281208,-0.21338931154070226
C1orf159,,,,,,,,,,,,
SDF4,,,,,,,,,,,,
B3GALT6,,,,-0.6837202774913119,-0.6837202774913119,-0.6837202774913119,,,,,,
UBE2J2,,,,,,,,,,,,
ACAP3,,,,-0.4772825650068122,-0.4772825650068122,-0.4772825650068122,,,,,,
PUSL1,,,,-0.5947688554443127,-0.5947688554443127,-0.5947688554443127,,,,,,
INTS11,,,,,,,,,,,,
DVL1,,,,-0.3620870974888352,-0.3620870974888352,-0.3620870974888352,,,,,,
AURKAIP1,,,,,,,,,,,,
CCNL2,,,,,,,,,,,,
MRPL20,,,,,,,,,,,,
ATAD3B,,,,,,,,,,,,
ATAD3A,,,,,,,,,,,,
SSU72,,,,,,,,,,,,
MIB2,,,,-0.5314692378470975,-0.5314692378470975,-0.5314692378470975,,,,,,
CDK11B,,,,,,,,,,,,
SLC35E2B,,,,,,,,,,,,
CDK11A,,,,,,,,,,,,
NADK,,,,,,,,,,,,
GNB1,,,,,,,,,,,,
PRKCZ,,,,,,,,,,,,
FAAP20,,,,,,,,,,,,
SKI,,,,,,,,,,,,
MORN1,,,,-0.5878136285081099,-0.5878136285081099,-0.5878136285081099,,,,,,
RER1,,,,,,,,,,,,
PEX10,,,,-0.5222620377993895,-0.5222620377993895,-0.5222620377993895,,,,,,
PANK4,,,,-0.44938373827882416,-0.44938373827882416,-0.44938373827882416,,,,,,
HES5,,,,-0.2821571580257108,-0.2821571580257108,-0.2821571580257108,,,,-0.09925094545712272,0.0006166322364039537,-0.04931715661035938
PRDM16,,,,,,,,,,,,
TPRG1L,,,,-0.3694292572841104,-0.3694292572841104,-0.3694292572841104,,,,,,
WRAP73,,,,,,,,,,,,
SMIM1,,,,,,,,,,,,
LRRC47,,,,,,,,,,,,
CEP104,,,,,,,,,,,,
DFFB,,,,-0.5292083827961349,-0.5292083827961349,-0.5292083827961349,,,,,,
C1orf174,,,,,,,,,,,,
NPHP4,,,,-0.3099216467765552,-0.3099216467765552,-0.3099216467765552,,,,,,
KCNAB2,,,,-0.49445554764019256,-0.49445554764019256,-0.49445554764019256,,,,,,
RPL22,,,,,,,,,,,,
ICMT,,,,,,,,,,,,
ACOT7,,,,,,,,,,,,
NOL9,,,,,,,,,,,,
ZBTB48,,,,-0.516001079108362,-0.516001079108362,-0.516001079108362,,,,,,
KLHL21,,,,,,,,,,,,
PHF13,,,,,,,,,,,,
THAP3,,,,,,,,,,,,
DNAJC11,,,,,,,,,,,,
CAMTA1,,,,,,,,,,,,
VAMP3,,,,,,,,,,,,
PER3,,,,,,,,,,,,
PARK7,,,,,,,,,,,,
ERRFI1,,,,-0.6062245017757654,-0.6062245017757654,-0.6062245017757654,,,,,,
RERE,,,,,,,,,,,,
ENO1,,,,,,,,,,,,
GPR157,,,,-0.5941333598440086,-0.5941333598440086,-0.5941333598440086,,,,,,
H6PD,,,,,,,,,,,,
SPSB1,,,,-0.32807686455002155,-0.32807686455002155,-0.32807686455002155,,,,,,
SLC25A33,,,,,,,,,,,,
TMEM201,,,,,,,,,,,,
CLSTN1,,,,,,,,,,,,
CTNNBIP1,,,,,,,,,,,,
LZIC,,,,,,,,,,,,
NMNAT1,,,,,,,,,,,,
RBP7,,,,-0.5054970848576431,-0.5054970848576431,-0.5054970848576431,,,,,,
UBE4B,,,,,,,,,,,,
KIF1B,,,,,,,,,,,,
PGD,,,,,,,,,,,,
CENPS,,,,,,,,,,,,
DFFA,,,,,,,,,,,,
PEX14,,,,,,,,,,,,
CASZ1,,,,,,,,,,,,
TARDBP,,,,,,,,,,,,
SRM,,,,,,,,,,,,
EXOSC10,,,,,,,,,,,,
MTOR,,,,,,,,,,,,
UBIAD1,,,,,,,,,,,,
FBXO44,,,,-0.5596491702136659,-0.5596491702136659,-0.5596491702136659,,,,,,
MAD2L2,,,,,,,,,,,,
AGTRAP,,,,,,,,,,,,
MTHFR,,,,-0.5092238717717598,-0.5092238717717598,-0.5092238717717598,,,,,,
CLCN6,,,,-0.5619675687722208,-0.5619675687722208,-0.5619675687722208,,,,,,
KIAA2013,,,,,,,,,,,,
PLOD1,,,,,,,,,,,,
MFN2,,,,,,,,,,,,
MIIP,,,,,,,,,,,,
VPS13D,,,,,,,,,,,,
DHRS3,,,,,,,,,,,,
PDPN,,,,,,,,,,,,
PRDM2,,,,,,,,,,,,
KAZN,,,,-0.976692161162387,-0.1742217416511629,-0.5754569514067749,,,,,,
TMEM51,,,,-0.538150616868633,-0.538150616868633,-0.538150616868633,,,,,,
EFHD2,,,,,,,,,,,,
CASP9,,,,-0.5297699954254641,-0.5297699954254641,-0.5297699954254641,,,,,,
DNAJC16,,,,,,,,,,,,
DDI2,,,,,,,,,,,,
PLEKHM2,-0.25836188366025803,-0.049813990964403636,-0.15408793731233084,,,,,,,-0.42133638118659716,-0.09054234041343237,-0.2559393608000148
UQCRHL,,,,-0.4828607386548274,-0.4828607386548274,-0.4828607386548274,,,,,,
SPEN,,,,,,,,,,,,
ZBTB17,,,,-0.45830408702870185,-0.45830408702870185,-0.45830408702870185,,,,,,
FBXO42,,,,,,,,,,,,
SZRD1,,,,,,,,,,,,
NECAP2,,,,,,,,,,,,
NBPF1,,,,-0.5161627163781084,-0.5161627163781084,-0.5161627163781084,,,,,,
CROCC,-0.10861439695996304,0.005728222459674527,-0.05144308725014426,-0.5636087590479089,-0.5636087590479089,-0.5636087590479089,,,,,,
ATP13A2,,,,,,,,,,,,
SDHB,,,,,,,,,,,,
RCC2,,,,-0.9780409089397616,-0.2007294259246555,-0.5893851674322086,,,,,,
ALDH4A1,,,,-0.5061115455594992,-0.5061115455594992,-0.5061115455594992,,,,,,
UBR4,,,,,,,,,,,,
EMC1,,,,,,,,,,,,
MRTO4,,,,,,,,,,,,
AKR7A2,,,,,,,,,,,,
SLC66A1,,,,,,,,,,,,
CAPZB,,,,,,,,,,,,
MICOS10,,,,,,,,,,,,
NBL1,,,,-0.3610288611788227,-0.3610288611788227,-0.3610288611788227,,,,,,
TMCO4,,,,,,,,,,,,
OTUD3,,,,,,,,,,,,
PLA2G5,-0.25809696991452863,-0.09092744091204474,-0.1745122054132867,-0.5797127034941468,-0.5797127034941468,-0.5797127034941468,,,,-0.24836701043888446,-0.05480594755122333,-0.1515864789950539
CAMK2N1,,,,-0.5238744473069928,-0.5238744473069928,-0.5238744473069928,,,,,,
MUL1,,,,-0.5331804755008763,-0.5331804755008763,-0.5331804755008763,,,,,,
PINK1,,,,,,,,,,,,
DDOST,,,,,,,,,,,,
KIF17,,,,-0.5414775055500309,-0.5414775055500309,-0.5414775055500309,,,,,,
HP1BP3,,,,,,,,,,,,
EIF4G3,,,,,,,,,,,,
ECE1,,,,,,,,,,,,
USP48,,,,,,,,,,,,
HSPG2,,,,,,,,,,,,
CDC42,,,,,,,,,,,,
ZBTB40,,,,,,,,,,,,
EPHA8,,,,,,,,,,,,
EPHB2,,,,-0.506181917912604,-0.506181917912604,-0.506181917912604,,,,,,
KDM1A,,,,,,,0.06032403082511515,0.5527979977546804,0.3065610142898978,,,
LUZP1,,,,,,,,,,,,
HNRNPR,,,,,,,,,,,,
ASAP3,,,,,,,,,,,,
E2F2,,,,-0.45784955809554356,-0.45784955809554356,-0.45784955809554356,,,,,,
ID3,,,,,,,,,,,,
RPL11,,,,,,,,,,,,
ELOA,,,,,,,,,,,,
PITHD1,,,,,,,,,,,,
LYPLA2,,,,-0.5285783157958203,-0.5285783157958203,-0.5285783157958203,,,,,,
GALE,,,,,,,,,,,,
HMGCL,,,,,,,,,,,,
FUCA1,,,,,,,,,,-0.35140450584321214,-0.09758793167942163,-0.2244962187613169
PNRC2,,,,,,,,,,,,
SRSF10,,,,,,,,,,,,
GRHL3,-0.08326217732503272,-0.03089418104641533,-0.057078179185724026,,,,,,,-0.13287478991296317,-0.027450134125320068,-0.08016246201914162
STPG1,,,,-0.4639278462976157,-0.4639278462976157,-0.4639278462976157,,,,,,
NIPAL3,,,,,,,,,,,,
RCAN3,,,,,,,,,,,,
SRRM1,,,,,,,,,,,,
CLIC4,,,,,,,,,,,,
SYF2,,,,,,,,,,,,
RSRP1,,,,,,,,,,,,
TMEM50A,,,,,,,,,,,,
MACO1,,,,-0.6999732734123751,-0.6999732734123751,-0.6999732734123751,,,,,,
LDLRAP1,,,,-0.5148452413012063,-0.5148452413012063,-0.5148452413012063,,,,,,
SELENON,,,,,,,,,,,,
MTFR1L,,,,-0.5538545257512161,-0.5538545257512161,-0.5538545257512161,,,,,,
AUNIP,,,,,,,,,,,,
PAQR7,,,,,,,,,,,,
STMN1,,,,,,,,,,,,
PDIK1L,,,,-0.49126242173919077,-0.49126242173919077,-0.49126242173919077,,,,,,
ZNF593,,,,,,,,,,,,
CEP85,,,,,,,,,,,,
SH3BGRL3,,,,,,,,,,,,
UBXN11,,,,,,,,,,,,
DHDDS,,,,,,,,,,,,
HMGN2,,,,,,,,,,,,
RPS6KA1,,,,-0.32480502344818163,-0.32480502344818163,-0.32480502344818163,,,,,,
ARID1A,,,,,,,,,,,,
ZDHHC18,,,,-0.4276758740717132,-0.4276758740717132,-0.4276758740717132,,,,,,
GPN2,,,,,,,,,,,,
GPATCH3,,,,,,,,,,,,
NUDC,,,,,,,,,,,,
TRNP1,,,,-0.41774766464113694,-0.41774766464113694,-0.41774766464113694,,,,,,
SLC9A1,,,,,,,,,,,,
WDTC1,,,,,,,,,,,,
TMEM222,,,,-0.5515143469962746,-0.5515143469962746,-0.5515143469962746,,,,,,
WASF2,,,,,,,,,,,,
AHDC1,,,,,,,,,,,,
FAM76A,,,,,,,,,,,,
STX12,,,,,,,,,,,,
PPP1R8,,,,,,,,,,,,
RPA2,,,,,,,,,,,,
EYA3,,,,,,,,,,,,
DNAJC8,,,,,,,,,,,,
ATP5IF1,,,,,,,,,,,,
SESN2,,,,,,,,,,,,
MED18,,,,-0.49319279249235837,-0.49319279249235837,-0.49319279249235837,,,,,,
PHACTR4,,,,,,,,,,,,
RCC1,,,,,,,,,,,,
TRNAU1AP,,,,,,,,,,,,
TAF12,,,,,,,,,,,,
GMEB1,,,,,,,-0.3726565358110397,-0.015405318328912506,-0.1940309270699761,,,
YTHDF2,,,,,,,,,,,,
EPB41,,,,,,,,,,,,
SRSF4,,,,,,,,,,,,
MECR,,,,-0.6822624998854275,-0.6822624998854275,-0.6822624998854275,,,,,,
PTPRU,,,,-0.5211798698176848,-0.5211798698176848,-0.5211798698176848,,,,,,
MATN1,,,,,,,,,,,,
SDC3,,,,-0.5289647504693183,-0.5289647504693183,-0.5289647504693183,,,,,,
PUM1,,,,,,,,,,,,
NKAIN1,,,,-0.44493544171504784,-0.44493544171504784,-0.44493544171504784,,,,,,
SNRNP40,,,,,,,,,,,,
ZCCHC17,,,,,,,,,,,,
PEF1,,,,,,,,,,,,
PTP4A2,,,,,,,,,,,,
KHDRBS1,,,,,,,,,,,,
TMEM39B,,,,-0.5638105302260915,-0.5638105302260915,-0.5638105302260915,,,,,,
KPNA6,,,,,,,,,,,,
TXLNA,,,,,,,,,,,,
CCDC28B,,,,,,,,,,,,
TMEM234,,,,-0.4999002622525032,-0.4999002622525032,-0.4999002622525032,,,,,,
EIF3I,,,,,,,,,,,,
HDAC1,,,,,,,,,,,,
MARCKSL1,,,,,,,,,,,,
BSDC1,,,,,,,,,,,,
ZBTB8B,,,,,,,,,,,,
ZBTB8A,,,,,,,,,,,,
ZBTB8OS,,,,,,,,,,,,
RBBP4,,,,,,,,,,,,
SYNC,,,,,,,,,,,,
KIAA1522,,,,,,,,,,,,
YARS1,,,,,,,,,,,,
S100PBP,,,,,,,,,,,,
TMEM54,,,,,,,,,,,,
RNF19B,,,,,,,,,,,,
AK2,,,,,,,,,,,,
ZNF362,,,,,,,,,,,,
PHC2,,,,,,,,,,,,
SMIM12,,,,,,,,,,,,
TMEM35B,,,,,,,,,,,,
ZMYM6,,,,,,,,,,,,
ZMYM1,,,,,,,,,,,,
SFPQ,,,,,,,,,,,,
ZMYM4,,,,,,,,,,,,
KIAA0319L,,,,-0.9629013813626212,-0.1521866220505388,-0.55754400170658,,,,,,
NCDN,,,,,,,,,,,,
PSMB2,,,,,,,,,,,,
CLSPN,,,,,,,,,,,,
AGO4,,,,,,,,,,,,
AGO1,,,,,,,,,,,,
AGO3,,,,,,,,,,,,
ADPRS,,,,,,,,,,,,
TRAPPC3,,,,,,,,,,,,
MAP7D1,,,,,,,,,,,,
THRAP3,,,,,,,,,,,,
EVA1B,,,,-0.4081835410565915,-0.4081835410565915,-0.4081835410565915,,,,,,
STK40,,,,-0.5128258663506317,-0.5128258663506317,-0.5128258663506317,,,,,,
LSM10,,,,,,,,,,,,
OSCP1,,,,-0.4775864952949808,-0.4775864952949808,-0.4775864952949808,,,,,,
MRPS15,,,,,,,,,,,,
MEAF6,,,,,,,,,,,,
SNIP1,,,,-0.5201645230700276,-0.5201645230700276,-0.5201645230700276,,,,,,
GNL2,,,,,,,,,,,,
C1orf109,,,,,,,,,,,,
CDCA8,,,,,,,,,,,,
MANEAL,,,,,,,,,,,,
YRDC,,,,,,,,,,,,
C1orf122,,,,,,,,,,,,
MTF1,,,,,,,,,,,,
INPP5B,,,,,,,,,,,,
SF3A3,,,,,,,,,,,,
FHL3,,,,-0.5074804885628911,-0.5074804885628911,-0.5074804885628911,,,,,,
UTP11,,,,,,,,,,,,
RRAGC,,,,,,,,,,,,
MYCBP,,,,,,,,,,,,
AKIRIN1,,,,,,,,,,,,
NDUFS5,,,,,,,,,,,,
MACF1,,,,,,,,,,,,
PABPC4,,,,,,,,,,,,
PPIE,,,,,,,,,,,,
BMP8B,,,,,,,,,,,,
TRIT1,,,,-0.6508501105917563,-0.6508501105917563,-0.6508501105917563,,,,,,
CAP1,,,,,,,,,,,,
PPT1,,,,,,,,,,,,
RLF,,,,,,,,,,,,
ZMPSTE24,,,,,,,,,,,,
SMAP2,,,,,,,,,,,,
ZNF684,,,,,,,,,,,,
NFYC,,,,,,,,,,,,
CTPS1,,,,,,,,,,,,
SCMH1,,,,,,,,,,,,
HIVEP3,,,,,,,,,,,,
FOXJ3,,,,,,,,,,,,
RIMKLA,,,,-0.4125572149137185,-0.4125572149137185,-0.4125572149137185,,,,,,
PPCS,,,,,,,,,,,,
PPIH,,,,,,,,,,,,
YBX1,,,,,,,,,,,,
P3H1,,,,-0.5960712700114893,-0.5960712700114893,-0.5960712700114893,,,,,,
C1orf50,,,,,,,,,,,,
SVBP,,,,,,,,,,,,
ZNF691,,,,-0.4633601904060683,-0.4633601904060683,-0.4633601904060683,,,,,,
SLC2A1,,,,-0.528571069004202,-0.528571069004202,-0.528571069004202,,,,,,
EBNA1BP2,,,,,,,,,,,,
CDC20,-0.11945571058143636,0.014223497045380331,-0.05261610676802802,,,,,,,,,
ELOVL1,,,,-0.5442713266882184,-0.5442713266882184,-0.5442713266882184,,,,,,
MED8,,,,,,,,,,,,
SZT2,-0.08335996240956667,-0.012373791439453385,-0.04786687692451003,,,,,,,,,
HYI,,,,-0.5461698911750047,-0.5461698911750047,-0.5461698911750047,,,,,,
PTPRF,,,,,,,,,,,,
KDM4A,,,,,,,,,,,,
ST3GAL3,,,,,,,,,,,,
IPO13,,,,-0.49582546944238715,-0.49582546944238715,-0.49582546944238715,,,,,,
DPH2,,,,,,,,,,,,
ATP6V0B,,,,,,,,,,,,
B4GALT2,,,,,,,,,,,,
DMAP1,,,,,,,,,,,,
ERI3,,,,,,,,,,,,
RNF220,,,,,,,,,,,,
TMEM53,,,,,,,,,,,,
KIF2C,,,,-0.5757543432939313,-0.5757543432939313,-0.5757543432939313,,,,,,
RPS8,,,,,,,,,,,,
PTCH2,,,,,,,,,,,,
EIF2B3,,,,-0.9784672125555501,-0.3541161441117101,-0.6662916783336301,,,,,,
HECTD3,,,,,,,,,,,,
UROD,,,,,,,,,,,,
ZSWIM5,,,,-0.975468731848602,-0.12049815314818808,-0.547983442498395,,,,,,
MUTYH,,,,,,,,,,,,
TOE1,,,,-0.5781305326461528,-0.5781305326461528,-0.5781305326461528,,,,,,
TESK2,,,,-0.9655428842759591,-0.22882644165409496,-0.597184662965027,,,,,,
MMACHC,,,,,,,,,,,,
PRDX1,,,,,,,,,,,,
AKR1A1,,,,,,,,,,,,
NASP,,,,,,,,,,,,
GPBP1L1,,,,,,,,,,,,
TMEM69,,,,,,,,,,,,
IPP,,,,,,,,,,,,
MAST2,,,,,,,,,,,,
PIK3R3,,,,,,,,,,,,
POMGNT1,,,,,,,,,,,,
RAD54L,,,,,,,,,,,,
LRRC41,,,,,,,,,,,,
UQCRH,,,,,,,,,,,,
NSUN4,,,,,,,,,,,,
DMBX1,,,,-0.4555059722519642,-0.4555059722519642,-0.4555059722519642,,,,,,
MKNK1,,,,,,,,,,,,
ATPAF1,,,,,,,,,,,,
EFCAB14,,,,,,,,,,,,
STIL,,,,,,,,,,,,
CMPK1,,,,,,,,,,,,
FOXD2,,,,-0.4995268009325957,-0.4995268009325957,-0.4995268009325957,,,,,,
TRABD2B,,,,-0.5838003007999384,-0.5838003007999384,-0.5838003007999384,,,,,,
SPATA6,,,,,,,,,,,,
FAF1,,,,,,,,,,,,
CDKN2C,,,,,,,,,,,,
RNF11,,,,,,,,,,,,
EPS15,,,,,,,,,,,,
OSBPL9,,,,,,,,,,,,
NRDC,,,,,,,,,,,,
RAB3B,,,,,,,,,,,,
TXNDC12,,,,,,,,,,,,
KTI12,,,,-0.41308925898193016,-0.41308925898193016,-0.41308925898193016,,,,,,
BTF3L4,,,,,,,,,,,,
ZFYVE9,,,,,,,,,,,,
CC2D1B,,,,,,,,,,,,
ORC1,,,,-0.4991391307045446,-0.4991391307045446,-0.4991391307045446,,,,,,
PRPF38A,,,,,,,,,,,,
TUT4,,,,,,,,,,,,
COA7,,,,-0.5492752889954466,-0.5492752889954466,-0.5492752889954466,,,,,,
ZYG11B,,,,,,,,,,,,
ZYG11A,,,,,,,,,,,,
ECHDC2,-0.13751974106279927,-0.03335528915131228,-0.08543751510705577,,,,,,,-0.2136901754272631,-0.03072762449890349,-0.12220889996308329
SCP2,,,,,,,,,,,,
CPT2,,,,,,,,,,,,
CZIB,,,,,,,,,,,,
MAGOH,,,,,,,,,,,,
LRP8,,,,,,,,,,,,
GLIS1,,,,-0.49555924675125884,-0.49555924675125884,-0.49555924675125884,,,,,,
NDC1,,,,,,,,,,,,
YIPF1,,,,-0.49760025328348856,-0.49760025328348856,-0.49760025328348856,,,,,,
IFT25,,,,,,,,,,,,
LRRC42,,,,-0.5416786723053036,-0.5416786723053036,-0.5416786723053036,,,,,,
TMEM59,,,,,,,,,,,,
TCEANC2,,,,,,,,,,,,
CYB5RL,,,,-0.5871575500977497,-0.5871575500977497,-0.5871575500977497,,,,,,
MRPL37,,,,,,,,,,,,
SSBP3,,,,,,,,,,,,
TTC4,,,,,,,,,,,,
DHCR24,,,,,,,,,,,,
USP24,,,,,,,,,,,,
PLPP3,,,,,,,,,,,,
PRKAA2,,,,,,,,,,,,
DAB1,,,,-0.5152410424086652,-0.5152410424086652,-0.5152410424086652,,,,,,
OMA1,,,,-0.5074146863123421,-0.5074146863123421,-0.5074146863123421,,,,,,
MYSM1,,,,,,,,,,,,
JUN,,,,,,,,,,,,
FGGY,,,,,,,,,,,,
HOOK1,,,,,,,,,,,,
NFIA,,,,,,,,,,,,
TM2D1,,,,,,,,,,,,
PATJ,,,,,,,,,,,,
USP1,,,,,,,,,,,,
DOCK7,,,,-0.9218012432674191,-0.08067066796225557,-0.5012359556148374,,,,,,
ATG4C,,,,,,,,,,,,
ALG6,,,,,,,,,,,,
ITGB3BP,,,,,,,,,,,,
EFCAB7,,,,-0.4615463261782035,-0.4615463261782035,-0.4615463261782035,,,,,,
PGM1,,,,-0.6384626665841585,-0.6384626665841585,-0.6384626665841585,,,,,,
ROR1,,,,,,,,,,,,
CACHD1,,,,-0.9835937320200483,-0.2135613513980905,-0.5985775417090694,,,,,,
RAVER2,,,,,,,,,,,,
JAK1,,,,,,,,,,,,
AK4,,,,,,,,,,,,
DNAJC6,,,,,,,,,,,,
LEPROT,,,,,,,,,,,,
LEPR,,,,,,,,,,,,
MIER1,,,,,,,,,,,,
SLC35D1,,,,,,,,,,,,
IL12RB2,,,,,,,,,,,,
SERBP1,,,,,,,,,,,,
GADD45A,,,,,,,-0.3431498481088691,-0.046270169717949894,-0.1947100089134095,,,
GNG12,,,,,,,,,,,,
WLS,,,,,,,,,,,,
DEPDC1,,,,-0.6093754282020648,-0.6093754282020648,-0.6093754282020648,,,,,,
LRRC40,,,,,,,,,,,,
SRSF11,,,,,,,,,,,,
ANKRD13C,,,,,,,,,,,,
CTH,,,,,,,-0.35977691445171556,-0.05835327219214095,-0.20906509332192824,,,
ZRANB2,,,,,,,,,,,,
LRRIQ3,,,,-0.4174747521220395,-0.4174747521220395,-0.4174747521220395,,,,,,
FPGT,,,,,,,,,,,,
TNNI3K,-0.12580480116364817,-0.016320007210324904,-0.07106240418698653,,,,,,,,,
CRYZ,,,,,,,,,,,,
TYW3,,,,-0.9636938766576671,-0.1942984154076698,-0.5789961460326685,,,,,,
LHX8,,,,-0.42568526834034054,-0.42568526834034054,-0.42568526834034054,,,,,,
SLC44A5,,,,,,,,,,,,
ACADM,,,,,,,,,,,,
RABGGTB,,,,,,,,,,,,
ST6GALNAC3,,,,,,,,,,,,
PIGK,,,,,,,,,,,,
ZZZ3,,,,,,,,,,,,
USP33,,,,,,,,,,,,
MIGA1,,,,,,,,,,,,
NEXN,,,,,,,,,,,,
FUBP1,,,,,,,,,,,,
DNAJB4,,,,,,,,,,,,
ADGRL2,,,,,,,,,,,,
TTLL7,,,,,,,,,,,,
PRKACB,,,,,,,,,,,,
RPF1,,,,,,,,,,,,
GNG5,,,,,,,,,,,,
CTBS,,,,,,,,,,,,
SSX2IP,,,,,,,,,,,,
LPAR3,,,,,,,,,,,,
MCOLN2,,,,,,,,,,,,
DNAI3,,,,,,,,,,,,
MCOLN3,,,,,,,,,,,,
SYDE2,,,,,,,,,,,,
C1orf52,,,,,,,,,,,,
BCL10,,,,,,,,,,,,
DDAH1,,,,-0.6434866310449234,-0.6434866310449234,-0.6434866310449234,,,,,,
CCN1,,,,-0.554288883499257,-0.554288883499257,-0.554288883499257,,,,,,
ZNHIT6,,,,,,,,,,,,
ODF2L,,,,,,,,,,,,
SH3GLB1,,,,,,,,,,,,
SELENOF,,,,,,,,,,,,
HS2ST1,,,,,,,,,,,,
LMO4,,,,,,,,,,,,
PKN2,,,,,,,,,,,,
GTF2B,,,,,,,,,,,,
KYAT3,,,,,,,,,,,,
RBMXL1,,,,-0.574544418140863,-0.574544418140863,-0.574544418140863,,,,,,
LRRC8B,,,,,,,,,,,,
LRRC8C,,,,,,,,,,,,
LRRC8D,,,,,,,,,,,,
ZNF326,,,,,,,,,,,,
ZNF644,,,,,,,,,,,,
HFM1,,,,,,,,,,,,
CDC7,,,,,,,,,,,,
TGFBR3,,,,,,,,,,,,
BTBD8,,,,-0.42025050104871264,-0.42025050104871264,-0.42025050104871264,,,,,,
GLMN,,,,,,,,,,,,
RPAP2,,,,,,,,,,,,
EVI5,,,,,,,,,,,,
RPL5,,,,,,,,,,,,
DIPK1A,,,,,,,,,,,,
MTF2,,,,,,,,,,,,
TMED5,,,,,,,,,,,,
CCDC18,,,,,,,,,,,,
DR1,,,,,,,,,,,,
FNBP1L,,,,,,,,,,,,
BCAR3,,,,,,,,,,,,
DNTTIP2,,,,,,,,,,,,
GCLM,,,,,,,,,,,,
ARHGAP29,,,,,,,,,,,,
ABCD3,,,,,,,,,,,,
CNN3,,,,,,,,,,,,
ALG14,,,,,,,,,,,,
TLCD4,,,,,,,,,,,,
RWDD3,,,,,,,,,,,,
PTBP2,,,,,,,,,,,,
DPYD,,,,,,,,,,,,
SNX7,,,,,,,,,,,,
FRRS1,,,,,,,,,,,,
AGL,,,,,,,,,,,,
SLC35A3,,,,,,,,,,,,
MFSD14A,,,,,,,,,,,,
SASS6,,,,,,,,,,,,
TRMT13,,,,,,,,,,,,
DBT,,,,-0.6572734900509916,-0.6572734900509916,-0.6572734900509916,,,,,,
RTCA,,,,,,,,,,,,
CDC14A,,,,-0.63240564570632,-0.63240564570632,-0.63240564570632,,,,,,
EXTL2,,,,,,,,,,,,
SLC30A7,,,,,,,,,,,,
DPH5,,,,,,,,,,,,
RNPC3,,,,,,,,,,,,
PRMT6,,,,-0.5379766589799699,-0.5379766589799699,-0.5379766589799699,,,,,,
VAV3,,,,-0.49670697856642665,-0.49670697856642665,-0.49670697856642665,,,,,,
SLC25A24,,,,,,,,,,,,
EEIG2,,,,,,,0.05877761142497842,0.7328310195766453,0.39580431550081185,,,
PRPF38B,,,,-0.9832071710695501,-0.21165183153173656,-0.5974295013006433,,,,,,
STXBP3,,,,,,,,,,,,
GPSM2,,,,,,,,,,,,
CLCC1,,,,,,,,,,,,
WDR47,,,,,,,,,,,,
TAF13,,,,,,,,,,,,
TMEM167B,,,,,,,,,,,,
SARS1,,,,,,,,,,,,
CELSR2,,,,-0.42920070452843506,-0.42920070452843506,-0.42920070452843506,,,,,,
PSRC1,,,,,,,,,,,,
SORT1,,,,,,,,,,,,
PSMA5,,,,,,,,,,,,
GNAI3,,,,,,,,,,,,
AMPD2,,,,,,,,,,,,
GSTM3,,,,,,,,,,,,
AHCYL1,,,,,,,,,,,,
STRIP1,,,,-0.5439457790854789,-0.5439457790854789,-0.5439457790854789,,,,,,
KCNC4,,,,,,,,,,,,
RBM15,,,,,,,,,,,,
SLC16A4,,,,,,,,,,,,
LAMTOR5,,,,,,,,,,,,
LRIF1,,,,,,,,,,,,
DRAM2,,,,,,,,,,,,
CEPT1,,,,,,,,,,,,
WDR77,,,,,,,,,,,,
ATP5PB,,,,,,,,,,,,
RAP1A,,,,,,,,,,,,
DDX20,,,,,,,,,,,,
CTTNBP2NL,,,,,,,,,,,,
ST7L,,,,-0.9646600101933347,-0.13613151101649484,-0.5503957606049148,,,,,,
CAPZA1,,,,,,,,,,,,
MOV10,,,,,,,,,,,,
RHOC,,,,,,,,,,,,
SLC16A1,,,,,,,,,,,,
LRIG2,,,,,,,,,,,,
MAGI3,,,,-0.953992344976469,-0.12818639961995404,-0.5410893722982115,,,,,,
PHTF1,,,,,,,,,,,,
RSBN1,,,,,,,,,,,,
AP4B1,,,,-0.4498769812657771,-0.4498769812657771,-0.4498769812657771,,,,,,
DCLRE1B,,,,-0.41713168969606734,-0.41713168969606734,-0.41713168969606734,,,,,,
HIPK1,,,,,,,,,,,,
TRIM33,,,,,,,,,,,,
BCAS2,,,,,,,,,,,,
DENND2C,,,,,,,,,,,,
NRAS,,,,,,,,,,,,
CSDE1,,,,,,,,,,,,
SIKE1,,,,,,,,,,,,
VANGL1,,,,,,,,,,,,
SLC22A15,,,,-0.5160743216609908,-0.5160743216609908,-0.5160743216609908,,,,,,
ATP1A1,,,,,,,,,,,,
CD58,,,,,,,,,,,,
IGSF3,,,,,,,,,,,,
PTGFRN,,,,-0.6324790940832847,-0.6324790940832847,-0.6324790940832847,,,,,,
TTF2,,,,,,,,,,,,
MAN1A2,,,,,,,,,,,,
GDAP2,,,,,,,,,,,,
WDR3,,,,,,,0.05457918311833809,0.4498860539284314,0.25223261852338474,,,
WARS2,,,,,,,,,,,,
ZNF697,,,,,,,,,,,,
PHGDH,,,,,,,,,,,,
NOTCH2,,,,,,,,,,,,
SEC22B,,,,,,,,,,,,
NBPF8,,,,,,,,,,,,
FAM72B,,,,-0.3013737774872696,-0.3013737774872696,-0.3013737774872696,,,,,,
SRGAP2C,,,,,,,,,,,,
NBPF15,,,,,,,,,,,,
SRGAP2B,,,,,,,,,,,,
NBPF20,,,,-0.5387180693264727,-0.5387180693264727,-0.5387180693264727,,,,,,
GPR89A,,,,,,,,,,,,
RNF115,,,,,,,,,,,,
POLR3C,,,,-0.5657138540766589,-0.5657138540766589,-0.5657138540766589,,,,,,
PIAS3,,,,,,,,,,,,
PEX11B,,,,-0.36890639264658037,-0.36890639264658037,-0.36890639264658037,,,,,,
RBM8A,,,,,,,,,,,,
LIX1L,,,,,,,,,,,,
POLR3GL,,,,,,,,,,,,
TXNIP,,,,-0.47736878775286024,-0.47736878775286024,-0.47736878775286024,,,,,,
NOTCH2NLA,,,,-0.44483521353992383,-0.44483521353992383,-0.44483521353992383,,,,,,
NBPF12,,,,,,,0.13424011138804898,0.8099828435746314,0.4721114774813402,,,
PRKAB2,,,,,,,,,,,,
BCL9,,,,,,,,,,,,
ACP6,,,,,,,,,,,,
GPR89B,,,,,,,,,,,,
NBPF11,,,,,,,,,,,,
PDE4DIP,,,,,,,,,,,,
NBPF9,,,,-0.6279000549742723,-0.6279000549742723,-0.6279000549742723,,,,,,
NOTCH2NLC,,,,,,,,,,,,
BOLA1,,,,,,,,,,,,
SV2A,,,,,,,,,,,,
SF3B4,,,,,,,,,,,,
OTUD7B,,,,,,,,,,,,
VPS45,,,,,,,,,,,,
PLEKHO1,,,,,,,,,,,,
ANP32E,,,,,,,,,,,,
APH1A,,,,,,,,,,,,
C1orf54,,,,,,,,,,,,
MRPS21,,,,,,,,,,,,
PRPF3,,,,,,,,,,,,
RPRD2,,,,,,,,,,,,
TARS2,,,,-0.6466477308816833,-0.6466477308816833,-0.6466477308816833,,,,,,
MCL1,,,,,,,,,,,,
ENSA,,,,,,,,,,,,
GOLPH3L,,,,,,,,,,,,
ARNT,,,,,,,,,,,,
SETDB1,,,,,,,,,,,,
CERS2,,,,,,,,,,,,
MINDY1,,,,-0.443709524801422,-0.443709524801422,-0.443709524801422,,,,,,
PRUNE1,,,,,,,,,,,,
C1orf56,-0.3131112300812036,-0.045947564681331585,-0.1795293973812676,,,,,,,,,
CDC42SE1,,,,,,,,,,,,
GABPB2,,,,,,,,,,,,
SCNM1,,,,,,,,,,,,
LYSMD1,-0.3057767927415899,-0.06130122610863975,-0.18353900942511484,,,,,,,-0.43022755983017025,-0.06806678669082285,-0.24914717326049654
VPS72,,,,,,,,,,,,
PIP5K1A,,,,,,,,,,,,
PSMD4,,,,,,,,,,,,
ZNF687,,,,-0.581491012654988,-0.581491012654988,-0.581491012654988,,,,,,
PI4KB,,,,,,,,,,,,
RFX5,,,,-0.5081649415609073,-0.5081649415609073,-0.5081649415609073,,,,,,
SELENBP1,,,,,,,,,,,,
PSMB4,,,,,,,,,,,,
POGZ,,,,-0.9766158007548749,-0.17625076832694334,-0.5764332845409091,,,,,,
CGN,,,,-0.5490569378334755,-0.5490569378334755,-0.5490569378334755,,,,,,
SNX27,,,,,,,,,,,,
MRPL9,,,,,,,,,,,,
TDRKH,,,,,,,,,,,,
THEM4,,,,,,,,,,,,
S100A10,,,,,,,,,,,,
S100A11,,,,,,,,,,,,
S100A13,,,,,,,,,,,,
CHTOP,,,,,,,,,,,,
SNAPIN,,,,,,,,,,,,
ILF2,,,,,,,,,,,,
INTS3,,,,,,,,,,,,
GATAD2B,,,,,,,,,,,,
DENND4B,,,,-0.5434677765295146,-0.5434677765295146,-0.5434677765295146,,,,,,
CRTC2,,,,,,,,,,,,
SLC39A1,,,,,,,,,,,,
JTB,,,,,,,,,,,,
RAB13,,,,,,,,,,,,
RPS27,,,,,,,,,,,,
NUP210L,,,,-0.5765516463032662,-0.5765516463032662,-0.5765516463032662,,,,,,
TPM3,,,,,,,,,,,,
C1orf43,,,,,,,,,,,,
UBAP2L,,,,,,,,,,,,
HAX1,,,,,,,,,,,,
ATP8B2,,,,,,,,,,,,
UBE2Q1,,,,,,,,,,,,
ADAR,,,,,,,,,,,,
PMVK,,,,,,,,,,,,
PYGO2,,,,-0.5664543664066957,-0.5664543664066957,-0.5664543664066957,,,,,,
SHC1,,,,-0.4905300347039544,-0.4905300347039544,-0.4905300347039544,,,,,,
CKS1B,,,,,,,,,,,,
FLAD1,,,,-0.6325955120825725,-0.6325955120825725,-0.6325955120825725,,,,,,
ADAM15,,,,,,,,,,,,
SLC50A1,,,,,,,,,,,,
DPM3,,,,,,,,,,,,
KRTCAP2,,,,,,,,,,,,
MTX1,,,,,,,,,,,,
GBA1,,,,,,,,,,,,
ENTREP3,,,,,,,,,,,,
SCAMP3,,,,,,,,,,,,
CLK2,,,,,,,,,,,,
FDPS,,,,-0.9828890976277755,-0.20919873503474282,-0.5960439163312592,,,,,,
RUSC1,,,,-0.5840753847460312,-0.5840753847460312,-0.5840753847460312,,,,,,
ASH1L,,,,,,,,,,,,
MSTO1,,,,,,,,,,,,
YY1AP1,,,,,,,,,,,,
DAP3,,,,,,,,,,,,
GON4L,,,,,,,,,,,,
RIT1,,,,,,,,,,,,
KHDC4,,,,-0.9463925575673361,-0.09793610476151247,-0.5221643311644243,,,,,,
ARHGEF2,,,,,,,,,,,,
SSR2,,,,,,,,,,,,
UBQLN4,,,,,,,,,,,,
LAMTOR2,,,,,,,,,,,,
MEX3A,,,,,,,,,,,,
LMNA,,,,,,,,,,,,
SLC25A44,,,,-0.5458101891381049,-0.5458101891381049,-0.5458101891381049,,,,,,
PMF1,,,,,,,,,,,,
SMG5,,,,,,,,,,,,
GLMP,,,,,,,,,,,,
CCT3,,,,,,,,,,,,
TSACC,,,,,,,,,,,,
MEF2D,,,,-0.49917136778728693,-0.49917136778728693,-0.49917136778728693,,,,,,
IQGAP3,,,,,,,,,,,,
NAXE,,,,,,,,,,,,
GPATCH4,,,,,,,,,,,,
CRABP2,,,,,,,,,,,,
ISG20L2,,,,,,,,,,,,
METTL25B,,,,,,,,,,,,
MRPL24,,,,,,,,,,,,
HDGF,,,,,,,,,,,,
PRCC,,,,-0.6825770063915269,-0.6825770063915269,-0.6825770063915269,,,,,,
ARHGEF11,,,,,,,,,,,,
ETV3,,,,,,,,,,,,
KIRREL1,,,,,,,,,,,,
TAGLN2,,,,,,,,,,,,
PIGM,,,,,,,,,,,,
PEA15,,,,,,,,,,,,
DCAF8,,,,,,,,,,,,
PEX19,,,,,,,,,,,,
COPA,,,,,,,,,,,,
NCSTN,,,,,,,,,,,,
VANGL2,,,,-0.6287282285785252,-0.6287282285785252,-0.6287282285785252,,,,,,
F11R,,,,-0.47311047047383226,-0.47311047047383226,-0.47311047047383226,,,,,,
USF1,,,,-0.5213605489274789,-0.5213605489274789,-0.5213605489274789,,,,,,
PFDN2,,,,,,,,,,,,
NIT1,,,,,,,,,,,,
DEDD,,,,,,,,,,,,
UFC1,,,,,,,,,,,,
USP21,,,,-0.39338969061817874,-0.39338969061817874,-0.39338969061817874,,,,,,
PPOX,,,,,,,,,,,,
B4GALT3,,,,,,,,,,,,
NDUFS2,,,,,,,,,,,,
TOMM40L,,,,-0.38416077282648436,-0.38416077282648436,-0.38416077282648436,,,,,,
SDHC,,,,,,,,,,,,
DUSP12,,,,,,,,,,,,
ATF6,,,,,,,,,,,,
NOS1AP,,,,,,,,,,,,
UHMK1,,,,,,,,,,,,
UAP1,,,,,,,,,,,,
DDR2,,,,,,,,,,,,
HSD17B7,,,,-0.4515353358324843,-0.4515353358324843,-0.4515353358324843,,,,,,
NUF2,,,,,,,,,,,,
PBX1,,,,,,,,,,,,
MGST3,-0.4739517756494656,-0.07805806683516288,-0.27600492124231424,,,,,,,,,
ALDH9A1,,,,-0.5979138147575983,-0.5979138147575983,-0.5979138147575983,,,,,,
TMCO1,,,,,,,,,,,,
UCK2,,,,,,,,,,,,
POGK,,,,,,,,,,,,
TADA1,,,,-0.5618611327956863,-0.5618611327956863,-0.5618611327956863,,,,,,
POU2F1,,,,,,,,,,,,
CREG1,,,,,,,,,,,,
MPZL1,,,,,,,,,,,,
MPC2,,,,,,,,,,,,
DCAF6,,,,,,,,,,,,
GPR161,,,,-0.5296320275334038,-0.5296320275334038,-0.5296320275334038,,,,,,
TIPRL,,,,,,,,,,,,
SFT2D2,,,,,,,,,,,,
ATP1B1,,,,,,,,,,,,
NME7,,,,,,,,,,,,
BLZF1,,,,,,,,,,,,
CCDC181,,,,,,,,,,,,
SLC19A2,,,,-0.5478412815522101,-0.5478412815522101,-0.5478412815522101,,,,,,
C1orf112,,,,,,,,,,,,
METTL18,,,,-0.40180633114434283,-0.40180633114434283,-0.40180633114434283,,,,,,
SCYL3,,,,,,,,,,,,
KIFAP3,,,,,,,,,,,,
GORAB,,,,,,,,,,,,
PRRC2C,,,,,,,,,,,,
VAMP4,,,,,,,,,,,,
METTL13,,,,-0.5114078334203322,-0.5114078334203322,-0.5114078334203322,,,,,,
DNM3,,,,,,,,,,,,
PIGC,,,,,,,,,,,,
SUCO,,,,,,,,,,,,
PRDX6,,,,,,,,,,,,
KLHL20,,,,,,,,,,,,
CENPL,,,,,,,,,,,,
DARS2,,,,,,,,,,,,
ZBTB37,,,,-0.4488328957203254,-0.4488328957203254,-0.4488328957203254,,,,,,
RC3H1,,,,,,,,,,,,
RABGAP1L,,,,,,,,,,,,
CACYBP,,,,,,,,,,,,
MRPS14,,,,,,,,,,,,
COP1,,,,,,,,,,,,
RASAL2,,,,,,,,,,,,
RALGPS2,,,,-0.9491775981173056,-0.12148129644082867,-0.5353294472790672,,,,,,
FAM20B,,,,,,,,,,,,
TOR3A,,,,,,,,,,,,
ABL2,,,,,,,,,,,,
SOAT1,,,,,,,,,,,,
TOR1AIP2,,,,,,,,,,,,
TOR1AIP1,,,,,,,,,,,,
CEP350,,,,,,,,,,,,
QSOX1,,,,,,,,,,,,
ACBD6,,,,,,,,,,,,
XPR1,,,,,,,,,,,,
STX6,,,,,,,,,,,,
IER5,,,,,,,,,,,,
GLUL,,,,,,,,,,,,
RGS16,-0.13848682135713244,0.003951915916007479,-0.06726745272056248,,,,,,,,,
NPL,,,,,,,,,,,,
DHX9,,,,,,,0.019778788428274897,0.41127919298237564,0.21552899070532527,,,
LAMC1,,,,,,,,,,,,
SMG7,,,,,,,,,,,,
ARPC5,,,,,,,,,,,,
RGL1,,,,-0.4688065184803862,-0.4688065184803862,-0.4688065184803862,,,,,,
TSEN15,,,,,,,,,,,,
C1orf21,,,,,,,,,,,,
EDEM3,,,,,,,,,,,,
NIBAN1,,,,,,,,,,,,
RNF2,,,,,,,,,,,,
TRMT1L,,,,,,,,,,,,
SWT1,,,,-0.596405604458626,-0.596405604458626,-0.596405604458626,,,,,,
IVNS1ABP,,,,-0.5698540036788805,-0.5698540036788805,-0.5698540036788805,,,,,,
HMCN1,,,,,,,,,,,,
TPR,,,,,,,,,,,,
ODR4,,,,,,,,,,,,
PLA2G4A,,,,-0.5173188420239919,-0.5173188420239919,-0.5173188420239919,,,,,,
BRINP3,,,,,,,,,,,,
UCHL5,,,,,,,,,,,,
RO60,,,,,,,,,,,,
GLRX2,,,,,,,,,,,,
CDC73,,,,,,,,,,,,
KCNT2,,,,,,,,,,,,
ASPM,,,,,,,,,,,,
ZBTB41,,,,,,,,,,,,
DENND1B,,,,,,,,,,,,
C1orf53,,,,,,,,,,,,
NEK7,,,,,,,,,,,,
ZNF281,,,,,,,,,,,,
KIF14,,,,-0.6846386279425195,-0.6846386279425195,-0.6846386279425195,,,,,,
DDX59,,,,,,,,,,,,
CAMSAP2,,,,,,,,,,,,
TMEM9,,,,,,,,,,,,
NAV1,,,,,,,,,,,,
IPO9,,,,,,,,,,,,
TIMM17A,,,,,,,,,,,,
RNPEP,,,,,,,,,,,,
ARL8A,,,,,,,,,,,,
UBE2T,,,,,,,,,,,,
PPP1R12B,,,,,,,,,,,,
SYT2,,,,,,,,,,,,
KDM5B,,,,,,,,,,,,
RABIF,,,,,,,,,,,,
KLHL12,,,,,,,,,,,,
ADIPOR1,,,,,,,,,,,,
CYB5R1,,,,,,,,,,,,
TMEM183A,,,,,,,,,,,,
BTG2,,,,,,,,,,,,
ATP2B4,,,,,,,,,,,,
SNRPE,,,,,,,,,,,,
SOX13,,,,,,,,,,,,
ETNK2,-0.1268709335914283,-0.021538925219126058,-0.07420492940527718,-0.21294245656399213,-0.21294245656399213,-0.21294245656399213,,,,,,
PPP1R15B,,,,,,,,,,,,
PIK3C2B,,,,-0.591771270746851,-0.591771270746851,-0.591771270746851,,,,,,
MDM4,,,,,,,,,,,,
RBBP5,,,,,,,,,,,,
DSTYK,,,,,,,,,,,,
CDK18,,,,,,,,,,,,
ELK4,,,,,,,,,,,,
NUCKS1,,,,,,,,,,,,
RAB29,,,,,,,,,,,,
SLC41A1,,,,,,,,,,,,
SRGAP2,,,,,,,,,,,,
EIF2D,,,,,,,,,,,,
DYRK3,,,,,,,,,,,,
MAPKAPK2,,,,,,,,,,,,
PFKFB2,,,,,,,,,,,,
YOD1,,,,-0.5253118069979168,-0.5253118069979168,-0.5253118069979168,,,,,,
CD55,,,,-0.5935157724928427,-0.5935157724928427,-0.5935157724928427,,,,,,
CD46,,,,,,,,,,,,
PLXNA2,,,,,,,,,,,,
C1orf74,,,,-0.3516806265663811,-0.3516806265663811,-0.3516806265663811,,,,,,
UTP25,,,,,,,,,,,,
SYT14,,,,,,,,,,,,
SERTAD4,,,,-0.38614959789586195,-0.38614959789586195,-0.38614959789586195,,,,,,
HHAT,,,,,,,,,,,,
RCOR3,,,,,,,,,,,,
TRAF5,,,,,,,,,,,,
NEK2,,,,-0.417305635628816,-0.417305635628816,-0.417305635628816,,,,,,
LPGAT1,,,,,,,,,,,,
INTS7,,,,,,,,,,,,
DTL,,,,,,,,,,,,
PPP2R5A,,,,,,,,,,,,
PACC1,,,,,,,,,,,,
NENF,,,,,,,,,,,,
ATF3,,,,-0.6767530427258753,-0.6767530427258753,-0.6767530427258753,,,,,,
BATF3,,,,-0.5923167403097449,-0.5923167403097449,-0.5923167403097449,,,,,,
NSL1,,,,,,,,,,,,
TATDN3,,,,-0.603507134709192,-0.603507134709192,-0.603507134709192,,,,,,
FLVCR1,,,,,,,,,,,,
ANGEL2,,,,,,,,,,,,
RPS6KC1,,,,-0.9853917878801399,-0.19273081695625718,-0.5890613024181985,,,,,,
SMYD2,,,,,,,,,,,,
PTPN14,,,,,,,,,,,,
CENPF,,,,,,,,,,,,
KCTD3,,,,,,,,,,,,
ESRRG,,,,,,,,,,,,
GPATCH2,,,,,,,,,,,,
SPATA17,,,,,,,,,,,,
RRP15,,,,,,,,,,,,
TGFB2,-0.1220597282271381,-0.042181459331338905,-0.0821205937792385,,,,-0.25449987956891024,-0.015535053566243963,-0.1350174665675771,-0.1936540689653968,-0.04863714702531216,-0.12114560799535448
LYPLAL1,,,,,,,,,,,,
SLC30A10,-0.10968093782295801,-0.015878417156675324,-0.06277967748981667,-0.8995539362978123,-0.08230462535177507,-0.4909292808247937,,,,,,
EPRS1,,,,,,,,,,,,
BPNT1,,,,,,,,,,,,
IARS2,,,,,,,,,,,,
RAB3GAP2,,,,,,,,,,,,
MARK1,,,,,,,,,,,,
MTARC2,0.04825111947192423,0.2627695339486709,0.15551032671029758,,,,,,,,,
MTARC1,,,,,,,,,,,,
TAF1A,,,,,,,,,,,,
MIA3,,,,,,,,,,,,
AIDA,,,,-0.5740146596779386,-0.5740146596779386,-0.5740146596779386,,,,,,
BROX,,,,,,,,,,,,
DISP1,,,,,,,,,,,,
CAPN2,,,,,,,,,,,,
TP53BP2,,,,,,,,,,,,
FBXO28,,,,,,,,,,,,
DEGS1,,,,,,,,,,,,
NVL,,,,,,,,,,,,
CNIH4,,,,,,,,,,,,
WDR26,,,,,,,,,,,,
CNIH3,,,,,,,,,,,,
DNAH14,,,,,,,,,,,,
LBR,,,,,,,,,,,,
ENAH,,,,,,,,,,,,
SRP9,,,,,,,,,,,,
EPHX1,,,,,,,,,,,,
TMEM63A,,,,,,,,,,,,
PYCR2,,,,,,,,,,,,
SDE2,,,,,,,,,,,,
ACBD3,,,,,,,,,,,,
LIN9,,,,,,,,,,,,
PARP1,,,,,,,,,,,,
ITPKB,,,,-0.4727390603529615,-0.4727390603529615,-0.4727390603529615,,,,,,
PSEN2,,,,,,,,,,,,
COQ8A,,,,,,,,,,,,
CDC42BPA,,,,,,,,,,,,
ZNF678,,,,,,,,,,,,
SNAP47,,,,,,,,,,,,
JMJD4,,,,,,,,,,,,
ARF1,,,,,,,,,,,,
C1orf35,,,,,,,,,,,,
MRPL55,,,,,,,,,,,,
GUK1,,,,,,,,,,,,
IBA57,,,,,,,,,,,,
TRIM11,,,,,,,,,,,,
RNF187,,,,,,,,,,,,
RHOU,,,,-0.39269898988001833,-0.39269898988001833,-0.39269898988001833,,,,,,
RAB4A,,,,,,,,,,,,
CCSAP,,,,-0.6123654989117309,-0.6123654989117309,-0.6123654989117309,,,,,,
NUP133,,,,,,,,,,,,
ABCB10,,,,,,,,,,,,
TAF5L,,,,,,,,,,,,
URB2,,,,,,,,,,,,
GALNT2,,,,,,,,,,,,
PGBD5,,,,,,,,,,,,
COG2,,,,,,,,,,,,
C1orf198,,,,,,,,,,,,
TTC13,,,,,,,,,,,,
ARV1,,,,,,,,,,,,
FAM89A,,,,,,,,,,,,
C1orf131,,,,,,,,,,,,
GNPAT,,,,,,,,,,,,
EXOC8,,,,,,,,,,,,
SPRTN,,,,,,,,,,,,
EGLN1,,,,,,,,,,,,
TSNAX,,,,,,,,,,,,
DISC1,,,,,,,,,,,,
SIPA1L2,,,,,,,,,,,,
NTPCR,,,,,,,,,,,,
PCNX2,,,,,,,,,,,,
MAP3K21,,,,-0.9677824882690039,-0.16232265852671823,-0.5650525733978611,,,,,,
KCNK1,,,,,,,,,,,,
COA6,,,,,,,,,,,,
TARBP1,,,,,,,,,,,,
IRF2BP2,,,,,,,,,,,,
TOMM20,,,,,,,,,,,,
ARID4B,,,,,,,,,,,,
GGPS1,,,,,,,,,,,,
TBCE,,,,,,,,,,,,
B3GALNT2,,,,,,,,,,,,
GNG4,,,,,,,,,,,,
LYST,,,,,,,,,,,,
NID1,,,,,,,,,,,,
GPR137B,,,,,,,,,,,,
ERO1B,,,,,,,,,,,,
EDARADD,,,,,,,,,,,,
HEATR1,,,,,,,,,,,,
ACTN2,,,,,,,,,,,,
MTR,,,,,,,,,,,,
RYR2,,,,,,,,,,,,
CHRM3,,,,,,,,,,,,
FMN2,,,,,,,,,,,,
RGS7,,,,,,,,,,,,
FH,,,,,,,,,,,,
CHML,,,,,,,,,,,,
EXO1,,,,,,,,,,,,
CEP170,,,,,,,,,,,,
SDCCAG8,,,,,,,,,,,,
AKT3,,,,,,,,,,,,
ZBTB18,,,,,,,,,,,,
ADSS2,,,,,,,,,,,,
CATSPERE,,,,,,,,,,,,
DESI2,,,,,,,,,,,,
COX20,,,,,,,,,,,,
HNRNPU,0.06144908985250278,0.24247526420402635,0.15196217702826456,,,,0.18722467461197995,0.4987656449575288,0.34299515978475437,,,
EFCAB2,,,,,,,,,,,,
KIF26B,,,,,,,,,,,,
SMYD3,,,,-0.9804992224417107,-0.17053205482733322,-0.5755156386345219,,,,,,
TFB2M,,,,-0.565645821464787,-0.565645821464787,-0.565645821464787,,,,,,
CNST,,,,-0.5461053439747507,-0.5461053439747507,-0.5461053439747507,,,,,,
SCCPDH,,,,,,,,,,,,
AHCTF1,,,,,,,,,,,,
ZNF695,,,,-0.5566166085403124,-0.5566166085403124,-0.5566166085403124,,,,,,
ZNF670,,,,,,,,,,,,
ZNF124,,,,,,,,,,,,
ZNF496,,,,,,,,,,,,
SH3YL1,,,,-0.44626041160573543,-0.44626041160573543,-0.44626041160573543,,,,,,
ACP1,,,,,,,,,,,,
TMEM18,,,,,,,,,,,,
SNTG2,,,,,,,,,,,,
PXDN,,,,-0.5254469099560499,-0.5254469099560499,-0.5254469099560499,,,,,,
EIPR1,,,,,,,,,,,,
TRAPPC12,,,,,,,,,,,,
ADI1,,,,,,,,,,,,
RNASEH1,,,,,,,,,,,,
RPS7,,,,,,,,,,,,
DCDC2C,-0.09332610897264969,-0.023219328821370927,-0.05827271889701031,-0.8076114541845749,-0.02167677744004366,-0.4146441158123093,,,,-0.12904928385199535,-0.024947083420701215,-0.07699818363634828
RNF144A,,,,-0.47634235815107523,-0.47634235815107523,-0.47634235815107523,,,,,,
ID2,,,,-0.48415625961757536,-0.48415625961757536,-0.48415625961757536,,,,,,
KIDINS220,,,,,,,,,,,,
MBOAT2,,,,,,,,,,,,
ASAP2,,,,,,,,,,,,
ITGB1BP1,,,,,,,,,,,,
CPSF3,,,,,,,,,,,,
IAH1,,,,,,,,,,,,
ADAM17,,,,,,,,,,,,
YWHAQ,,,,,,,,,,,,
TAF1B,,,,,,,,,,,,
KLF11,,,,,,,,,,,,
RRM2,,,,,,,,,,,,
HPCAL1,,,,,,,,,,,,
ODC1,,,,,,,,,,,,
NOL10,,,,,,,,,,,,
PDIA6,,,,,,,,,,,,
SLC66A3,,,,,,,,,,,,
ROCK2,,,,,,,,,,,,
E2F6,,,,,,,,,,,,
GREB1,,,,,,,,,,,,
LPIN1,,,,,,,,,,,,
NBAS,,,,,,,,,,,,
DDX1,,,,,,,,,,,,
SMC6,,,,,,,,,,,,
GEN1,,,,,,,,,,,,
RDH14,,,,,,,,,,,,
TTC32,,,,,,,,,,,,
WDR35,,,,-0.5756599581524784,-0.5756599581524784,-0.5756599581524784,,,,,,
LAPTM4A,,,,,,,,,,,,
PUM2,,,,,,,,,,,,
RHOB,,,,-0.6371906783195539,-0.6371906783195539,-0.6371906783195539,,,,,,
HS1BP3,,,,,,,,,,,,
LDAH,,,,,,,,,,,,
KLHL29,,,,,,,,,,,,
ATAD2B,,,,,,,,,,,,
UBXN2A,,,,,,,,,,,,
WDCP,,,,,,,,,,,,
FKBP1B,,,,-0.566201012430482,-0.566201012430482,-0.566201012430482,,,,,,
SF3B6,,,,,,,,,,,,
FAM228B,,,,,,,,,,,,
TP53I3,,,,,,,-0.37162741780556957,-0.07987956423644624,-0.2257534910210079,,,
ITSN2,,,,,,,,,,,,
NCOA1,,,,,,,,,,,,
PTRHD1,,,,,,,,,,,,
CENPO,,,,-0.658432854566911,-0.658432854566911,-0.658432854566911,,,,,,
ADCY3,,,,,,,,,,,,
DNAJC27,,,,,,,,,,,,
EFR3B,,,,-0.5026665947724771,-0.5026665947724771,-0.5026665947724771,,,,,,
DNMT3A,,,,,,,,,,,,
DTNB,,,,,,,,,,,,
ASXL2,,,,,,,,,,,,
RAB10,,,,,,,,,,,,
GAREM2,,,,-0.543770151925565,-0.543770151925565,-0.543770151925565,,,,,,
HADHA,,,,,,,,,,,,
HADHB,,,,,,,,,,,,
SELENOI,,,,,,,,,,,,
SLC35F6,,,,,,,,,,,,
CENPA,,,,,,,,,,,,
DPYSL5,,,,,,,,,,,,
MAPRE3,,,,-0.5569463765141984,-0.5569463765141984,-0.5569463765141984,,,,,,
TMEM214,,,,,,,,,,,,
AGBL5,,,,,,,,,,,,
OST4,,,,,,,,,,,,
KHK,,,,,,,,,,,,
PREB,,,,,,,,,,,,
SLC5A6,,,,-0.5737375381897533,-0.5737375381897533,-0.5737375381897533,,,,,,
ATRAID,,,,,,,,,,,,
CAD,,,,,,,,,,,,
MPV17,,,,,,,,,,,,
GTF3C2,,,,,,,,,,,,
EIF2B4,,,,,,,,,,,,
SNX17,,,,-0.5963078818921727,-0.5963078818921727,-0.5963078818921727,,,,,,
PPM1G,,,,,,,,,,,,
NRBP1,,,,-0.5852301895387325,-0.5852301895387325,-0.5852301895387325,,,,,,
IFT172,,,,,,,,,,,,
ZNF512,,,,,,,,,,,,
GPN1,,,,,,,,,,,,
SUPT7L,,,,-0.4954012802409904,-0.4954012802409904,-0.4954012802409904,,,,,,
SLC4A1AP,,,,,,,,,,,,
MRPL33,,,,,,,,,,,,
BABAM2,,,,,,,,,,,,
PPP1CB,-0.9902205561902598,-0.3398742281265295,-0.6650473921583947,,,,,,,,,
SPDYA,,,,,,,,,,,,
TRMT61B,,,,-0.5943321325915993,-0.5943321325915993,-0.5943321325915993,,,,,,
WDR43,,,,,,,,,,,,
CLIP4,,,,-0.54080540040057,-0.54080540040057,-0.54080540040057,,,,,,
YPEL5,,,,,,,,,,,,
LCLAT1,,,,,,,,,,,,
GALNT14,,,,,,,0.09696641400051538,0.5129469514539384,0.3049566827272269,,,
EHD3,,,,-0.40511121584506865,-0.40511121584506865,-0.40511121584506865,,,,,,
DPY30,,,,,,,,,,,,
SPAST,,,,,,,,,,,,
SLC30A6,,,,,,,,,,,,
YIPF4,,,,,,,,,,,,
BIRC6,,,,,,,,,,,,
TTC27,,,,,,,,,,,,
LTBP1,,,,,,,,,,,,
FAM98A,,,,,,,,,,,,
CRIM1,,,,-0.9669950009137829,-0.18295965630987132,-0.5749773286118272,,,,,,
FEZ2,,,,,,,,,,,,
STRN,,,,,,,,,,,,
HEATR5B,,,,,,,,,,,,
GPATCH11,,,,,,,,,,,,
EIF2AK2,,,,,,,,,,,,
CEBPZOS,,,,,,,,,,,,
CEBPZ,,,,,,,,,,,,
NDUFAF7,,,,,,,,,,,,
PRKD3,,,,-0.969856756967291,-0.19856147402336782,-0.5842091154953294,,,,,,
QPCT,,,,,,,,,,,,
CDC42EP3,,,,,,,,,,,,
RMDN2,,,,-0.5240192015582265,-0.5240192015582265,-0.5240192015582265,,,,,,
ATL2,,,,,,,,,,,,
HNRNPLL,,,,,,,,,,,,
GALM,,,,,,,,,,,,
SRSF7,,,,,,,,,,,,
GEMIN6,,,,,,,,,,,,
DHX57,,,,,,,,,,,,
MORN2,,,,,,,,,,,,
SOS1,,,,,,,,,,,,
MAP4K3,,,,,,,,,,,,
THUMPD2,,,,,,,,,,,,
SLC8A1,,,,,,,,,,,,
PKDCC,,,,,,,,,,,,
EML4,,,,,,,,,,,,
COX7A2L,,,,,,,,,,,,
KCNG3,,,,,,,,,,,,
MTA3,,,,,,,,,,,,
ZFP36L2,,,,,,,,,,,,
THADA,,,,,,,,,,,,
PLEKHH2,,,,-0.5383648860168472,-0.5383648860168472,-0.5383648860168472,,,,,,
DYNC2LI1,,,,,,,,,,,,
LRPPRC,,,,,,,,,,,,
PPM1B,,,,,,,,,,,,
PREPL,,,,,,,,,,,,
CAMKMT,,,,,,,,,,,,
SIX2,,,,-0.4571796255671845,-0.4571796255671845,-0.4571796255671845,,,,,,
SRBD1,,,,,,,,,,,,
PRKCE,,,,,,,,,,,,
EPAS1,,,,-0.39653572267046827,-0.39653572267046827,-0.39653572267046827,,,,,,
ATP6V1E2,,,,,,,,,,,,
RHOQ,,,,,,,,,,,,
PIGF,,,,,,,,,,,,
CRIPT,,,,,,,,,,,,
MCFD2,,,,,,,,,,,,
TTC7A,,,,-0.5967501278875261,-0.5967501278875261,-0.5967501278875261,,,,,,
CALM2,,,,,,,,,,,,
MSH2,,,,,,,,,,,,
MSH6,,,,,,,0.11329848727980134,0.4635454425416386,0.28842196491072,,,
FBXO11,,,,,,,,,,,,
FOXN2,,,,,,,,,,,,
PPP1R21,,,,,,,,,,,,
STON1,,,,,,,,,,,,
NRXN1,,,,,,,,,,,,
ASB3,,,,,,,,,,,,
CHAC2,,,,,,,,,,,,
ERLEC1,,,,,,,,,,,,
PSME4,,,,,,,,,,,,
ACYP2,,,,,,,,,,,,
SPTBN1,,,,,,,,,,,,
EML6,,,,,,,,,,,,
RTN4,,,,,,,,,,,,
CLHC1,,,,-0.4917775946365391,-0.4917775946365391,-0.4917775946365391,,,,,,
RPS27A,,,,,,,,,,,,
MTIF2,,,,,,,,,,,,
CCDC88A,,,,,,,,,,,,
CFAP36,,,,,,,,,,,,
PPP4R3B,,,,,,,,,,,,
PNPT1,,,,,,,,,,,,
VRK2,,,,,,,,,,,,
FANCL,,,,,,,,,,,,
BCL11A,,,,,,,,,,,,
PAPOLG,,,,,,,,,,,,
REL,,,,,,,,,,,,
PUS10,,,,,,,,,,,,
PEX13,,,,,,,,,,,,
SANBR,,,,,,,,,,,,
C2orf74,,,,,,,,,,,,
USP34,,,,,,,,,,,,
XPO1,,,,,,,,,,,,
FAM161A,,,,,,,,,,,,
CCT4,,,,,,,,,,,,
COMMD1,,,,,,,,,,,,
B3GNT2,,,,,,,,,,,,
EHBP1,,,,,,,,,,,,
WDPCP,,,,,,,,,,,,
MDH1,,,,,,,,,,,,
UGP2,,,,,,,,,,,,
VPS54,,,,,,,,,,,,
PELI1,,,,,,,,,,,,
LGALSL,-0.30717229022515957,-0.05030671682373252,-0.17873950352444604,-0.39381054661237846,-0.39381054661237846,-0.39381054661237846,,,,,,
AFTPH,,,,,,,,,,,,
SERTAD2,,,,-0.7144820370025845,-0.7144820370025845,-0.7144820370025845,,,,,,
CEP68,,,,,,,,,,,,
RAB1A,,,,,,,,,,,,
ACTR2,,,,,,,,,,,,
SPRED2,,,,,,,,,,,,
MEIS1,,,,,,,,,,,,
ETAA1,,,,-0.504265356136312,-0.504265356136312,-0.504265356136312,,,,,,
C1D,,,,,,,,,,,,
DNAAF10,,,,,,,,,,,,
PNO1,,,,,,,,,,,,
PPP3R1,,,,,,,,,,,,
CNRIP1,,,,,,,,,,,,
FBXO48,,,,-0.37982091185287153,-0.37982091185287153,-0.37982091185287153,,,,,,
APLF,,,,-0.4904708260436034,-0.4904708260436034,-0.4904708260436034,,,,,,
ANTXR1,,,,,,,,,,,,
GFPT1,,,,,,,,,,,,
NFU1,,,,,,,,,,,,
AAK1,,,,,,,,,,,,
ANXA4,,,,,,,,,,,,
GMCL1,,,,,,,,,,,,
SNRNP27,,,,,,,,,,,,
MXD1,,,,-0.5863009902198778,-0.5863009902198778,-0.5863009902198778,,,,,,
PCBP1,,,,,,,,,,,,
C2orf42,,,,,,,,,,,,
TIA1,,,,,,,,,,,,
PCYOX1,,,,,,,,,,,,
SNRPG,,,,,,,,,,,,
FAM136A,,,,,,,,,,,,
ADD2,,,,,,,,,,,,
VAX2,,,,-0.4382254064436446,-0.4382254064436446,-0.4382254064436446,,,,,,
TEX261,,,,,,,,,,,,
NAGK,,,,-0.5342168178260499,-0.5342168178260499,-0.5342168178260499,,,,,,
MCEE,,,,-0.6085494420986902,-0.6085494420986902,-0.6085494420986902,,,,,,
MPHOSPH10,,,,,,,,,,,,
PAIP2B,,,,-0.5400923622162739,-0.5400923622162739,-0.5400923622162739,,,,,,
ZNF638,,,,,,,,,,,,
EXOC6B,,,,,,,,,,,,
SPR,,,,,,,,,,,,
SFXN5,,,,,,,,,,,,
RAB11FIP5,,,,,,,,,,,,
SMYD5,,,,,,,,,,,,
PRADC1,,,,-0.5001459750628879,-0.5001459750628879,-0.5001459750628879,,,,,,
CCT7,,,,,,,,,,,,
ALMS1,,,,,,,0.06950305148867188,0.4932137226537242,0.28135838707119804,,,
TPRKB,,,,,,,,,,,,
DUSP11,,,,-0.5478565118119848,-0.5478565118119848,-0.5478565118119848,,,,,,
STAMBP,,,,,,,,,,,,
DGUOK,,,,,,,,,,,,
TET3,,,,,,,,,,,,
BOLA3,,,,,,,,,,,,
MOB1A,,,,,,,,,,,,
MTHFD2,,,,,,,,,,,,
DCTN1,,,,,,,,,,,,
WDR54,,,,,,,,,,,,
RTKN,,,,-0.5575820512460498,-0.5575820512460498,-0.5575820512460498,,,,,,
INO80B,,,,,,,,,,,,
WBP1,,,,,,,,,,,,
MOGS,,,,-0.4272894648224392,-0.4272894648224392,-0.4272894648224392,,,,,,
MRPL53,,,,,,,,,,,,
CCDC142,,,,,,,,,,,,
TTC31,,,,,,,,,,,,
PCGF1,,,,,,,,,,,,
AUP1,,,,,,,,,,,,
HTRA2,,,,,,,,,,,,
DOK1,,,,,,,,,,,,
HK2,,,,-0.5846771411715801,-0.5846771411715801,-0.5846771411715801,,,,,,
POLE4,,,,,,,,,,,,
MRPL19,,,,,,,,,,,,
GCFC2,,,,,,,,,,,,
LRRTM4,,,,-0.9799846876771938,-0.23775221737304084,-0.6088684525251173,,,,,,
SUCLG1,,,,,,,,,,,,
DNAH6,-0.11534894663495734,-0.04930526466355695,-0.08232710564925715,-0.8203065562359185,-0.05645949192292468,-0.4383830240794216,,,,-0.12571529879895993,-0.022202907948202788,-0.07395910337358136
TMSB10,,,,,,,,,,,,
KCMF1,,,,,,,,,,,,
TCF7L1,,,,,,,,,,,,
TGOLN2,,,,-0.5708402500903961,-0.5708402500903961,-0.5708402500903961,,,,,,
RETSAT,,,,-0.3288086803962599,-0.3288086803962599,-0.3288086803962599,,,,,,
ELMOD3,,,,,,,,,,,,
CAPG,,,,-0.46540160484363763,-0.46540160484363763,-0.46540160484363763,,,,,,
MAT2A,,,,,,,,,,,,
GGCX,,,,,,,,,,,,
VAMP8,,,,-0.5359308588481124,-0.5359308588481124,-0.5359308588481124,,,,,,
RNF181,,,,,,,,,,,,
USP39,,,,,,,,,,,,
C2orf68,,,,,,,,,,,,
ST3GAL5,,,,,,,,,,,,
POLR1A,,,,,,,,,,,,
PTCD3,,,,,,,,,,,,
IMMT,,,,,,,,,,,,
MRPL35,,,,,,,,,,,,
REEP1,,,,,,,,,,,,
KDM3A,,,,,,,0.07574002669755467,0.44083921020558436,0.2582896184515695,,,
CHMP3,,,,,,,,,,,,
RNF103,,,,-0.5463816788286506,-0.5463816788286506,-0.5463816788286506,,,,,,
RMND5A,,,,,,,,,,,,
KRCC1,,,,,,,,,,,,
EIF2AK3,,,,,,,,,,,,
RPIA,,,,,,,,,,,,
MRPS5,,,,,,,,,,,,
ZNF514,,,,,,,,,,,,
ZNF2,,,,-0.5398555004618116,-0.5398555004618116,-0.5398555004618116,-0.37175856459201906,-0.06785238139003558,-0.21980547299102732,,,
FAHD2A,,,,,,,,,,,,
ANKRD36C,,,,,,,,,,,,
DUSP2,,,,,,,,,,,,
STARD7,,,,,,,,,,,,
TMEM127,,,,-0.40245178383917607,-0.40245178383917607,-0.40245178383917607,,,,,,
CIAO1,,,,,,,,,,,,
SNRNP200,,,,,,,,,,,,
ITPRIPL1,,,,-0.36802728018967357,-0.36802728018967357,-0.36802728018967357,,,,,,
NCAPH,,,,,,,,,,,,
KANSL3,,,,,,,,,,,,
LMAN2L,,,,-0.6134863221555238,-0.6134863221555238,-0.6134863221555238,,,,,,
CNNM4,,,,,,,,,,,,
CNNM3,,,,,,,,,,,,
ANKRD39,,,,,,,,,,,,
FAHD2B,,,,-0.5627268068581363,-0.5627268068581363,-0.5627268068581363,,,,,,
ANKRD36,,,,,,,,,,,,
ANKRD36B,,,,,,,,,,,,
COX5B,,,,,,,,,,,,
ACTR1B,,,,,,,,,,,,
C2orf92,,,,,,,,,,-0.3067705893340329,-0.04189639150323998,-0.17433349041863644
TMEM131,,,,-0.9655130527419435,-0.13741976503028316,-0.5514664088861133,,,,,,
INPP4A,,,,,,,,,,,,
COA5,,,,,,,,,,,,
UNC50,,,,,,,,,,,,
MGAT4A,,,,,,,,,,,,
TSGA10,,,,,,,,,,,,
LIPT1,,,,,,,,,,,,
MITD1,,,,,,,,,,,,
MRPL30,,,,,,,,,,,,
TXNDC9,,,,,,,,,,,,
EIF5B,,,,,,,,,,,,
REV1,,,,,,,,,,,,
AFF3,,,,,,,,,,,,
LONRF2,,,,-0.44159963156319093,-0.44159963156319093,-0.44159963156319093,0.05746547383067115,0.42568067176133845,0.2415730727960048,,,
CHST10,,,,,,,,,,,,
PDCL3,,,,,,,,,,,,
NPAS2,,,,-0.5503839762318716,-0.5503839762318716,-0.5503839762318716,,,,,,
RPL31,,,,,,,,,,,,
TBC1D8,,,,,,,,,,,,
CNOT11,,,,,,,,,,,,
RNF149,,,,,,,,,,,,
MAP4K4,,,,,,,,,,,,
MFSD9,,,,,,,,,,,,
TMEM182,,,,,,,0.15472554382387135,0.5172441013893511,0.3359848226066112,,,
POU3F3,,,,,,,,,,,,
MRPS9,,,,,,,,,,,,
TGFBRAP1,,,,,,,,,,,,
C2orf49,,,,,,,,,,,,
FHL2,,,,-0.619214886280707,-0.619214886280707,-0.619214886280707,,,,,,
NCK2,,,,,,,,,,,,
UXS1,,,,-0.6951084226405401,-0.6951084226405401,-0.6951084226405401,,,,,,
GCC2,,,,,,,,,,,,
LIMS1,,,,,,,,,,,,
RANBP2,0.06308724724537743,0.28133440903428575,0.17221082813983157,,,,,,,,,
CCDC138,,,,,,,,,,,,
SH3RF3,,,,,,,,,,,,
SEPTIN10,,,,,,,,,,,,
SOWAHC,,,,-0.5101483312854963,-0.5101483312854963,-0.5101483312854963,,,,,,
NPHP1,,,,,,,,,,,,
MTLN,,,,-0.9661279055302222,-0.23363231090223532,-0.5998801082162287,,,,,,
BUB1,,,,,,,,,,,,
BCL2L11,,,,,,,,,,,,
ANAPC1,,,,,,,,,,,,
MERTK,,,,,,,,,,,,
TMEM87B,,,,,,,,,,,,
ZC3H8,,,,,,,,,,,,
ZC3H6,,,,,,,,,,,,
RGPD8,,,,,,,,,,,,
TTL,,,,,,,,,,,,
POLR1B,,,,-0.9840035960252129,-0.2041784033418155,-0.5940909996835142,,,,,,
CHCHD5,,,,,,,,,,,,
SLC20A1,,,,-0.9849634192195337,-0.16639734142166326,-0.5756803803205984,,,,,,
CKAP2L,,,,-0.4989274888463022,-0.4989274888463022,-0.4989274888463022,,,,,,
ZNG1B,,,,,,,,,,,,
RABL2A,,,,-0.49358896850606043,-0.49358896850606043,-0.49358896850606043,,,,,,
SLC35F5,,,,,,,,,,,,
ACTR3,,,,,,,,,,,,
DDX18,,,,,,,,,,,,
CCDC93,,,,,,,,,,,,
INSIG2,,,,,,,,,,,,
STEAP3,,,,-0.5806329936112293,-0.5806329936112293,-0.5806329936112293,,,,,,
C2orf76,,,,-0.4633325347177012,-0.4633325347177012,-0.4633325347177012,,,,,,
DBI,,,,,,,,,,,,
TMEM177,,,,-0.5118786515281469,-0.5118786515281469,-0.5118786515281469,,,,,,
PTPN4,,,,,,,,,,,,
EPB41L5,,,,,,,,,,,,
TMEM185B,,,,,,,,,,,,
RALB,,,,-0.5266744021639911,-0.5266744021639911,-0.5266744021639911,,,,,,
GLI2,,,,,,,,,,,,
CLASP1,,,,,,,,,,,,
NIFK,,,,,,,,,,,,
TSN,,,,,,,,,,,,
GYPC,,,,,,,,,,,,
BIN1,,,,,,,,,,,,
ERCC3,,,,,,,,,,,,
MAP3K2,,,,,,,,,,,,
IWS1,,,,,,,,,,,,
WDR33,,,,,,,,,,,,
SFT2D3,,,,-0.49168088907477325,-0.49168088907477325,-0.49168088907477325,,,,,,
POLR2D,,,,,,,,,,,,
AMMECR1L,,,,-0.5577956833202755,-0.5577956833202755,-0.5577956833202755,,,,,,
SAP130,,,,,,,,,,,,
UGGT1,,,,,,,,,,,,
HS6ST1,,,,,,,,,,,,
SMPD4,,,,,,,,,,,,
MZT2B,,,,,,,,,,,,
CCDC115,,,,,,,,,,,,
IMP4,,,,,,,,,,,,
PTPN18,,,,-0.6139270025160459,-0.6139270025160459,-0.6139270025160459,,,,,,
ARHGEF4,,,,,,,,,,,,
FAM168B,,,,,,,,,,,,
PLEKHB2,,,,,,,,,,,,
MZT2A,,,,,,,,,,,,
CCDC74A,,,,,,,,,,-0.2419853315848937,-0.017630044691289225,-0.12980768813809146
LYPD1,,,,-0.3811813108489483,-0.3811813108489483,-0.3811813108489483,,,,,,
NCKAP5,,,,,,,,,,,,
MGAT5,,,,,,,,,,,,
TMEM163,,,,,,,,,,-0.16128452334136992,-0.007880443329753782,-0.08458248333556186
CCNT2,,,,,,,,,,,,
RAB3GAP1,,,,,,,,,,,,
ZRANB3,,,,,,,,,,,,
R3HDM1,,,,,,,,,,,,
UBXN4,,,,,,,,,,,,
MCM6,,,,,,,,,,,,
DARS1,,,,,,,,,,,,
SPOPL,,,,,,,,,,,,
LRP1B,,,,,,,,,,,,
ARHGAP15,-0.120880144423907,-0.0048550064080879075,-0.06286757541599745,-0.9432577605053497,-0.09518633577263258,-0.5192220481389911,,,,,,
GTDC1,,,,,,,,,,,,
ZEB2,,,,,,,,,,,,
ACVR2A,,,,,,,,,,,,
ORC4,,,,,,,,,,,,
MBD5,,,,,,,,,,,,
EPC2,,,,,,,,,,,,
KIF5C,,,,-0.3403477235202419,-0.3403477235202419,-0.3403477235202419,,,,,,
LYPD6B,,,,-0.48451565644340006,-0.48451565644340006,-0.48451565644340006,,,,,,
LYPD6,,,,,,,,,,,,
MMADHC,,,,,,,,,,,,
RND3,,,,,,,,,,,,
RIF1,,,,,,,,,,,,
NEB,,,,-0.5179155600232738,-0.5179155600232738,-0.5179155600232738,,,,,,
ARL5A,,,,,,,,,,,,
CACNB4,,,,,,,,,,,,
STAM2,,,,-0.5468482955768188,-0.5468482955768188,-0.5468482955768188,,,,,,
FMNL2,,,,,,,,,,,,
PRPF40A,,,,,,,,,,,,
ARL6IP6,,,,,,,,,,,,
GALNT13,,,,,,,0.09588853355182451,0.5249022958046694,0.31039541467824694,,,
KCNJ3,,,,,,,,,,,,
GPD2,,,,,,,,,,,,
ACVR1,,,,,,,,,,,,
PKP4,,,,,,,,,,,,
DAPL1,,,,,,,,,,,,
TANC1,,,,,,,,,,,,
WDSUB1,,,,-0.5919314737648266,-0.5919314737648266,-0.5919314737648266,,,,,,
BAZ2B,,,,,,,,,,,,
MARCHF7,,,,,,,,,,,,
CD302,,,,-0.5962389906513925,-0.5962389906513925,-0.5962389906513925,,,,,,
RBMS1,,,,,,,,,,,,
TANK,,,,,,,,,,,,
PSMD14,,,,,,,,,,,,
GCA,,,,,,,,,,,,
FIGN,,,,,,,,,,,,
GRB14,,,,,,,,,,,,
COBLL1,,,,,,,,,,,,
CSRNP3,,,,,,,,,,,,
TTC21B,,,,,,,,,,,,
STK39,,,,,,,,,,,,
CERS6,,,,,,,,,,,,
SPC25,,,,,,,,,,,,
LRP2,,,,,,,,,,,,
BBS5,,,,,,,,,,,,
FASTKD1,,,,,,,,,,,,
PPIG,,,,,,,,,,,,
CFAP210,,,,-0.43586701470197176,-0.43586701470197176,-0.43586701470197176,,,,,,
PHOSPHO2,,,,-0.44401248437210117,-0.44401248437210117,-0.44401248437210117,,,,,,
KLHL23,,,,,,,,,,,,
SSB,,,,,,,,,,,,
METTL5,,,,,,,,,,,,
UBR3,,,,,,,,,,,,
ERICH2,,,,,,,,,,,,
GAD1,,,,,,,,,,,,
GORASP2,,,,,,,,,,,,
TLK1,,,,,,,,,,,,
METTL8,,,,,,,,,,,,
DCAF17,,,,,,,,,,,,
CYBRD1,,,,-0.484197589299127,-0.484197589299127,-0.484197589299127,,,,,,
DYNC1I2,,,,,,,,,,,,
SLC25A12,,,,,,,,,,,,
HAT1,,,,,,,,,,,,
METAP1D,,,,,,,,,,,,
DLX1,,,,,,,,,,,,
DLX2,,,,,,,,,,,,
ITGA6,,,,-0.6116646844894702,-0.6116646844894702,-0.6116646844894702,,,,,,
PDK1,,,,-0.6156041582088189,-0.6156041582088189,-0.6156041582088189,,,,,,
RAPGEF4,,,,,,,,,,,,
MAP3K20,,,,,,,,,,,,
CDCA7,,,,,,,0.11946875446958251,0.5425997089744321,0.3310342317220073,,,
SP3,,,,,,,,,,,,
OLA1,,,,,,,,,,,,
SP9,,,,-0.5104954738329051,-0.5104954738329051,-0.5104954738329051,,,,,,
CIR1,,,,,,,,,,,,
SCRN3,,,,,,,,,,,,
GPR155,,,,,,,,,,,,
WIPF1,,,,,,,,,,,,
CHN1,,,,,,,,,,,,
ATF2,,,,,,,,,,,,
ATP5MC3,,,,,,,,,,,,
LNPK,,,,,,,,,,,,
HOXD13,,,,,,,,,,,,
HOXD11,,,,,,,,,,,,
HOXD10,,,,,,,,,,,,
HOXD9,,,,,,,,,,,,
HOXD8,,,,-0.4368383125469815,-0.4368383125469815,-0.4368383125469815,,,,,,
HOXD3,,,,,,,,,,,,
MTX2,,,,,,,,,,,,
HNRNPA3,,,,,,,0.07097017910663936,0.3341493367789025,0.20255975794277092,,,
NFE2L2,,,,,,,,,,,,
AGPS,,,,,,,,,,,,
PDE11A,-0.10959278967606925,-0.03689668739285756,-0.07324473853446341,,,,-0.1750705403798055,0.002686592949696126,-0.08619197371505469,,,
RBM45,,,,,,,,,,,,
OSBPL6,,,,,,,,,,,,
PRKRA,,,,,,,,,,,,
PJVK,-0.07432680442102454,-0.006979240885819177,-0.04065302265342186,-0.3739116335190798,-0.3739116335190798,-0.3739116335190798,,,,,,
FKBP7,,,,,,,,,,,,
PLEKHA3,,,,,,,,,,,,
TTN,,,,-0.6174335878961187,-0.6174335878961187,-0.6174335878961187,,,,,,
SESTD1,,,,,,,,,,,,
ZNF385B,,,,,,,,,,,,
CWC22,,,,,,,0.04654871098181115,0.4429861629274117,0.24476743695461145,,,
UBE2E3,,,,,,,,,,,,
ITGA4,,,,-0.44813702081507306,-0.44813702081507306,-0.44813702081507306,,,,,,
NEUROD1,-0.1048067883886888,-0.029097386645317334,-0.06695208751700307,-0.9849208591799082,-0.1352324374886263,-0.5600766483342673,,,,-0.13752063525986893,-0.03968696192754165,-0.08860379859370529
ITPRID2,,,,,,,,,,,,
DNAJC10,,,,,,,,,,,,
NCKAP1,,,,,,,,,,,,
DUSP19,,,,-0.3734677779651954,-0.3734677779651954,-0.3734677779651954,,,,,,
NUP35,,,,,,,,,,,,
ZNF804A,,,,-0.9302691894640374,-0.10594022589110903,-0.5181047076775732,0.06272374791605609,0.35621407243625813,0.2094689101761571,,,
ZC3H15,,,,,,,,,,,,
ITGAV,,,,,,,,,,,,
FAM171B,,,,,,,,,,,,
TFPI,,,,-0.43664716529049186,-0.43664716529049186,-0.43664716529049186,,,,,,
GULP1,,,,,,,,,,,,
WDR75,,,,,,,,,,,,
ASNSD1,,,,,,,,,,,,
ANKAR,,,,-0.5325066382131627,-0.5325066382131627,-0.5325066382131627,,,,,,
OSGEPL1,,,,,,,,,,,,
ORMDL1,,,,,,,,,,,,
PMS1,,,,,,,,,,,,
C2orf88,,,,,,,,,,,,
HIBCH,,,,,,,,,,,,
INPP1,,,,-0.46405589840408923,-0.46405589840408923,-0.46405589840408923,,,,,,
NAB1,,,,,,,,,,,,
GLS,,,,,,,,,,,,
STAT1,,,,,,,,,,,,
MYO1B,,,,,,,,,,,,
NABP1,-0.09644472308334907,-0.017126890899896646,-0.05678580699162286,,,,,,,,,
SLC39A10,,,,,,,,,,,,
STK17B,,,,,,,,,,,,
HECW2,,,,,,,,,,,,
CCDC150,,,,,,,,,,,,
GTF3C3,,,,,,,,,,,,
PGAP1,,,,,,,,,,,,
ANKRD44,,,,,,,,,,,,
SF3B1,,,,,,,,,,,,
COQ10B,,,,,,,,,,,,
HSPD1,,,,,,,,,,,,
HSPE1,,,,,,,,,,,,
MOB4,,,,,,,,,,,,
MARS2,,,,,,,,,,,,
PLCL1,-0.10961677908974603,-0.001241561429420363,-0.055429170259583195,,,,,,,-0.13947898751997406,-0.030502075317142715,-0.08499053141855839
SATB2,,,,,,,,,,,,
FTCDNL1,,,,,,,,,,,,
C2orf69,,,,,,,,,,,,
TYW5,,,,-0.5997838637601136,-0.5997838637601136,-0.5997838637601136,,,,,,
MAIP1,,,,,,,,,,,,
SPATS2L,,,,,,,,,,,,
SGO2,,,,-0.6812856199487534,-0.6812856199487534,-0.6812856199487534,,,,,,
BZW1,,,,,,,,,,,,
CLK1,,,,,,,,,,,,
PPIL3,,,,,,,,,,,,
NIF3L1,,,,,,,,,,,,
ORC2,,,,,,,,,,,,
HYCC2,,,,,,,,,,,,
NDUFB3,,,,,,,,,,,,
CFLAR,,,,,,,,,,,,
CASP10,,,,,,,,,,,,
CASP8,,,,,,,,,,,,
TRAK2,,,,-0.4975292279377145,-0.4975292279377145,-0.4975292279377145,,,,,,
STRADB,,,,,,,,,,,,
TMEM237,,,,,,,,,,,,
ALS2,,,,,,,,,,,,
SUMO1,,,,,,,,,,,,
NOP58,,,,,,,,,,,,
BMPR2,,,,,,,,,,,,
FAM117B,,,,-0.9693465119612625,-0.17132429768118862,-0.5703354048212256,,,,,,
ICA1L,,,,,,,,,,,,
WDR12,,,,,,,,,,,,
NBEAL1,,,,,,,,,,,,
CYP20A1,,,,-0.6275249798541903,-0.6275249798541903,-0.6275249798541903,,,,,,
ABI2,,,,,,,,,,,,
RAPH1,,,,,,,,,,,,
PARD3B,,,,,,,,,,,,
NRP2,,,,,,,,,,,,
INO80D,,,,,,,,,,,,
NDUFS1,,,,,,,,,,,,
EEF1B2,,,,,,,,,,,,
ZDBF2,,,,,,,,,,,,
ADAM23,,,,,,,,,,,,
FASTKD2,,,,,,,,,,,,
KLF7,,,,-0.4724156420691114,-0.4724156420691114,-0.4724156420691114,,,,,,
CREB1,,,,,,,,,,,,
METTL21A,,,,,,,,,,,,
CCNYL1,,,,,,,,,,,,
PLEKHM3,,,,,,,,,,,,
CRYGD,,,,,,,,,,,,
IDH1,,,,,,,,,,,,
PIKFYVE,,,,,,,,,,,,
MAP2,-0.2054298492888579,-0.05646182065523066,-0.1309458349720443,,,,,,,-0.3036276449922177,-0.0832348595442337,-0.19343125226822572
RPE,,,,,,,,,,,,
KANSL1L,,,,,,,,,,,,
LANCL1,,,,,,,,,,,,
CPS1,,,,,,,,,,,,
ERBB4,,,,-0.9682515980410317,-0.20808161925932164,-0.5881666086501767,,,,,,
SPAG16,,,,,,,,,,,,
BARD1,,,,,,,,,,,,
ATIC,,,,,,,,,,,,
FN1,,,,,,,,,,,,
MREG,,,,-0.5559948777860703,-0.5559948777860703,-0.5559948777860703,,,,,,
PECR,,,,,,,,,,,,
XRCC5,,,,,,,,,,,,
SMARCAL1,,,,-0.6502822759402344,-0.6502822759402344,-0.6502822759402344,,,,,,
RPL37A,,,,,,,,,,,,
IGFBP2,,,,,,,,,,,,
IGFBP5,,,,,,,,,,,,
ARPC2,,,,,,,,,,,,
AAMP,,,,,,,,,,,,
PNKD,,,,,,,,,,,,
CTDSP1,,,,-0.5665696778774635,-0.5665696778774635,-0.5665696778774635,,,,,,
USP37,,,,,,,,,,,,
CNOT9,-0.6947043184659828,-0.1476116477860512,-0.421157983126017,,,,,,,,,
ZNF142,,,,,,,,,,,,
BCS1L,,,,,,,,,,,,
RNF25,,,,-0.42990916929905737,-0.42990916929905737,-0.42990916929905737,,,,,,
TTLL4,,,,-0.9659257271905665,-0.19234534794124625,-0.5791355375659064,,,,,,
NHEJ1,,,,,,,,,,,,
CNPPD1,,,,,,,,,,,,
RETREG2,,,,-0.5879748992024916,-0.5879748992024916,-0.5879748992024916,,,,,,
ZFAND2B,,,,-0.45592809428142467,-0.45592809428142467,-0.45592809428142467,,,,,,
ATG9A,,,,,,,,,,,,
ANKZF1,,,,,,,,,,,,
STK16,,,,,,,,,,,,
DNPEP,,,,,,,,,,,,
GMPPA,,,,,,,,,,,,
CHPF,,,,-0.5171227647130153,-0.5171227647130153,-0.5171227647130153,,,,,,
OBSL1,,,,-0.5104550650097676,-0.5104550650097676,-0.5104550650097676,,,,,,
EPHA4,,,,,,,,,,,,
PAX3,,,,,,,,,,,,
FARSB,,,,,,,,,,,,
ACSL3,,,,,,,,,,,,
AP1S3,,,,,,,,,,,,
WDFY1,,,,,,,,,,,,
MRPL44,,,,,,,,,,,,
SERPINE2,,,,,,,,,,,,
CUL3,,,,,,,,,,,,
RHBDD1,,,,,,,,,,,,
MFF,,,,,,,,,,,,
AGFG1,,,,,,,,,,,,
TRIP12,,,,,,,,,,,,
FBXO36,,,,-0.45029617044412446,-0.45029617044412446,-0.45029617044412446,,,,,,
CAB39,,,,,,,,,,,,
ITM2C,,,,,,,,,,,,
PSMD1,,,,,,,,,,,,
ARMC9,,,,,,,,,,,,
NCL,,,,,,,0.10400426799792939,0.28015571804476974,0.19207999302134957,,,
PTMA,,,,,,,,,,,,
PDE6D,,,,,,,,,,,,
COPS7B,,,,,,,,,,,,
NPPC,,,,,,,,,,,,
DIS3L2,,,,,,,,,,,,
TIGD1,,,,-0.49089288411292,-0.49089288411292,-0.49089288411292,,,,,,
EIF4E2,,,,,,,,,,,,
EFHD1,,,,,,,,,,,,
GIGYF2,,,,,,,,,,,,
ATG16L1,,,,-0.4867764681836678,-0.4867764681836678,-0.4867764681836678,,,,,,
DGKD,,,,,,,,,,,,
USP40,,,,-0.5476165825452868,-0.5476165825452868,-0.5476165825452868,,,,,,
HJURP,,,,,,,,,,,,
ARL4C,,,,-0.5476975591855463,-0.5476975591855463,-0.5476975591855463,,,,,,
SH3BP4,,,,,,,,,,,,
AGAP1,,,,,,,,,,,,
COPS8,,,,,,,,,,,,
LRRFIP1,,,,,,,,,,,,
RAMP1,,,,-0.9394186138106848,-0.11186835340860819,-0.5256434836096465,,,,,,
UBE2F,,,,,,,,,,,,
SCLY,,,,,,,,,,,,
ILKAP,,,,,,,,,,,,
HES6,,,,,,,,,,,,
PER2,,,,,,,,,,,,
TRAF3IP1,,,,,,,,,,,,
ASB1,,,,-0.5578803022109218,-0.5578803022109218,-0.5578803022109218,,,,,,
TWIST2,,,,-0.37981260637637165,-0.37981260637637165,-0.37981260637637165,,,,,,
HDAC4,,,,,,,,,,,,
NDUFA10,,,,,,,,,,,,
COPS9,,,,,,,,,,,,
ANKMY1,,,,,,,,,,,,
DUSP28,,,,-0.3406027965400019,-0.3406027965400019,-0.3406027965400019,,,,,,
RNPEPL1,,,,,,,,,,,,
KIF1A,,,,,,,,,,,,
SNED1,,,,,,,,,,,,
MTERF4,,,,,,,,,,,,
PASK,,,,,,,,,,,,
PPP1R7,,,,,,,,,,,,
ANO7,-0.06796551882623529,-0.0164497220216571,-0.0422076204239462,-0.7442138295840527,-0.0628644236369596,-0.40353912661050617,,,,,,
HDLBP,,,,,,,,,,,,
SEPTIN2,,,,,,,,,,,,
FARP2,,,,,,,,,,,,
STK25,,,,,,,,,,,,
THAP4,,,,,,,,,,,,
ATG4B,,,,-0.6489017495378084,-0.6489017495378084,-0.6489017495378084,,,,,,
DTYMK,,,,,,,,,,,,
ING5,,,,,,,,,,,,
D2HGDH,,,,,,,,,,,,
CNTN4,,,,,,,,,,,,
TRNT1,,,,,,,,,,,,
CRBN,,,,,,,,,,,,
SUMF1,,,,,,,,,,,,
ITPR1,,,,,,,,,,,,
ARL8B,,,,,,,,,,,,
EDEM1,,,,,,,,,,,,
GRM7,-0.10435983887720394,-0.028709694777362984,-0.06653476682728346,,,,,,,-0.1200442937373702,-0.012943431383623747,-0.06649386256049697
CAV3,,,,-0.48312855125884635,-0.48312855125884635,-0.48312855125884635,,,,,,
RAD18,,,,,,,,,,,,
SRGAP3,,,,,,,,,,,,
THUMPD3,,,,,,,,,,,,
SETD5,,,,,,,,,,,,
MTMR14,,,,,,,,,,,,
BRPF1,,,,-0.6167928130673331,-0.6167928130673331,-0.6167928130673331,,,,,,
OGG1,,,,-0.6195162007691585,-0.6195162007691585,-0.6195162007691585,,,,,,
CAMK1,,,,,,,,,,,,
TADA3,,,,,,,,,,,,
ARPC4,,,,,,,,,,,,
TTLL3,-0.21260568502750818,0.008736099343401974,-0.1019347928420531,,,,,,,,,
RPUSD3,,,,,,,,,,,,
JAGN1,,,,,,,,,,,,
PRRT3,,,,,,,,,,,,
EMC3,,,,,,,,,,,,
FANCD2,,,,,,,,,,,,
BRK1,,,,,,,,,,,,
VHL,,,,,,,,,,,,
TATDN2,,,,,,,,,,,,
SEC13,,,,,,,,,,,,
SLC6A11,,,,,,,,,,,,
ATG7,,,,,,,,,,,,
VGLL4,,,,,,,,,,,,
TAMM41,,,,,,,,,,,,
SYN2,,,,,,,,,,,,
PPARG,,,,,,,,,,,,
TSEN2,,,,-0.9840944836269324,-0.19724316464834604,-0.5906688241376392,,,,,,
MKRN2OS,,,,-0.49320052127874925,-0.49320052127874925,-0.49320052127874925,,,,,,
MKRN2,,,,,,,,,,,,
RAF1,,,,,,,,,,,,
CAND2,,,,-0.5016537520150688,-0.5016537520150688,-0.5016537520150688,,,,,,
RPL32,-0.6266821382598781,-0.144764779527439,-0.38572345889365856,,,,,,,,,
IQSEC1,,,,,,,,,,,,
NUP210,,,,,,,,,,,,
CHCHD4,,,,-0.6049372957307965,-0.6049372957307965,-0.6049372957307965,,,,,,
TMEM43,,,,,,,,,,,,
XPC,,,,,,,,,,,,
LSM3,,,,,,,,,,,,
SLC6A6,,,,-0.5535319675823387,-0.5535319675823387,-0.5535319675823387,,,,,,
CCDC174,,,,,,,,,,,,
NR2C2,,,,,,,,,,,,
MRPS25,,,,,,,,,,,,
RBSN,,,,-0.43586921778001075,-0.43586921778001075,-0.43586921778001075,,,,,,
CAPN7,,,,,,,,,,,,
SH3BP5,,,,,,,,,,,,
METTL6,,,,,,,,,,,,
EAF1,,,,,,,,,,,,
HACL1,,,,,,,,,,,,
BTD,,,,,,,,,,,,
ANKRD28,,,,,,,,,,,,
DPH3,,,,,,,,,,,,
OXNAD1,,,,,,,,,,,,
RFTN1,,,,-0.5448027688851269,-0.5448027688851269,-0.5448027688851269,,,,,,
PLCL2,,,,,,,,,,,,
TBC1D5,,,,,,,,,,,,
SATB1,,,,,,,,,,,,
RAB5A,,,,,,,,,,,,
KAT2B,,,,,,,,,,,,
SGO1,,,,,,,,,,,,
ZNF385D,-0.11381572501404459,-0.03595662364270695,-0.07488617432837577,,,,-0.09977630287437578,0.025206467242721933,-0.03728491781582692,-0.10574374069901453,-0.014048364823287661,-0.05989605276115109
UBE2E2,,,,,,,,,,,,
UBE2E1,,,,,,,,,,,,
NKIRAS1,,,,-0.604156701946176,-0.604156701946176,-0.604156701946176,,,,,,
RPL15,,,,,,,,,,,,
NR1D2,,,,,,,,,,,,
THRB,,,,,,,,,,,,
RARB,,,,,,,,,,,,
TOP2B,,,,,,,,,,,,
NGLY1,,,,,,,,,,,,
OXSM,,,,,,,,,,,,
LRRC3B,-0.09645173835787675,-0.027297720529269227,-0.06187472944357299,,,,,,,,,
NEK10,,,,-0.4577118027819259,-0.4577118027819259,-0.4577118027819259,,,,,,
SLC4A7,,,,,,,,,,,,
CMC1,,,,,,,,,,,,
AZI2,,,,,,,,,,,,
ZCWPW2,,,,,,,,,,,,
RBMS3,,,,,,,,,,,,
TGFBR2,,,,,,,,,,,,
STT3B,,,,,,,,,,,,
OSBPL10,,,,,,,,,,,,
GPD1L,,,,,,,,,,,,
CMTM8,,,,,,,,,,,,
CMTM7,,,,,,,,,,,,
CMTM6,,,,,,,,,,,,
DYNC1LI1,,,,,,,,,,,,
CNOT10,,,,,,,,,,,,
TRIM71,-0.08985638532239153,-0.001356080888276536,-0.04560623310533403,-0.7745845027639865,-0.08230414051122648,-0.4284443216376065,,,,,,
GLB1,,,,,,,,,,,,
CRTAP,,,,,,,,,,,,
SUSD5,,,,,,,,,,,,
FBXL2,,,,,,,,,,,,
UBP1,,,,,,,,,,,,
CLASP2,,,,,,,,,,,,
PDCD6IP,,,,,,,,,,,,
STAC,,,,,,,,,,,,
LRRFIP2,,,,,,,,,,,,
GOLGA4,,,,,,,,,,,,
CTDSPL,,,,,,,,,,,,
ACAA1,,,,,,,,,,,,
OXSR1,,,,,,,,,,,,
XYLB,,,,,,,,,,,,
ACVR2B,,,,,,,,,,,,
EXOG,,,,,,,,,,,,
SCN5A,,,,-0.5093066821210366,-0.5093066821210366,-0.5093066821210366,,,,,,
WDR48,,,,,,,,,,,,
GORASP1,,,,,,,,,,,,
SLC25A38,,,,,,,,,,,,
RPSA,,,,,,,,,,,,
EIF1B,-0.29665242143481,-0.04852107622006913,-0.17258674882743957,,,,,,,,,
RPL14,,,,,,,,,,,,
ZNF620,,,,,,,,,,,,
ZNF621,,,,-0.5205030406782435,-0.5205030406782435,-0.5205030406782435,,,,,,
CTNNB1,-0.3260074997385559,-0.07240299325987676,-0.19920524649921634,,,,,,,,,
ULK4,,,,-0.9566563447946231,-0.11433269510338627,-0.5354945199490047,,,,,,
TRAK1,,,,,,,,,,,,
SEC22C,,,,,,,,,,,,
SS18L2,,,,,,,,,,,,
NKTR,,,,,,,,,,,,
HIGD1A,,,,,,,,,,,,
POMGNT2,,,,,,,,,,,,
SNRK,,,,,,,,,,,,
ANO10,,,,,,,,,,,,
ABHD5,,,,,,,,,,,,
TCAIM,,,,,,,,,,,,
ZNF445,,,,,,,,,,,,
ZNF852,,,,,,,,,,,,
ZNF197,,,,-0.5310291980686385,-0.5310291980686385,-0.5310291980686385,,,,,,
ZNF35,,,,,,,,,,,,
KIAA1143,,,,,,,,,,,,
KIF15,,,,,,,,,,,,
TMEM42,,,,,,,,,,,,
ZDHHC3,,,,,,,,,,,,
EXOSC7,,,,,,,,,,,,
TMEM158,,,,-0.4275059486096467,-0.4275059486096467,-0.4275059486096467,,,,,,
LARS2,,,,,,,,,,,,
LIMD1,,,,,,,,,,,,
SACM1L,,,,,,,,,,,,
LZTFL1,,,,-0.5295212635851697,-0.5295212635851697,-0.5295212635851697,,,,,,
FYCO1,,,,,,,,,,,,
CCDC12,,,,,,,,,,,,
NBEAL2,,,,-0.43130778094960653,-0.43130778094960653,-0.43130778094960653,,,,,,
SETD2,,,,,,,,,,,,
KIF9,,,,,,,-0.4409062644540019,-0.08114486503414353,-0.2610255647440727,,,
KLHL18,,,,-0.7128213544363223,-0.7128213544363223,-0.7128213544363223,,,,,,
PTPN23,,,,,,,,,,,,
SCAP,,,,,,,,,,,,
ELP6,,,,,,,,,,,,
CSPG5,,,,,,,,,,,,
SMARCC1,,,,,,,,,,,,
DHX30,,,,,,,,,,,,
MAP4,,,,,,,,,,,,
CDC25A,,,,,,,,,,,,
ZNF589,,,,,,,,,,,,
NME6,,,,,,,,,,,,
CCDC51,,,,,,,,,,,,
TMA7,,,,,,,,,,,,
ATRIP,,,,,,,,,,,,
SHISA5,,,,,,,,,,,,
UQCRC1,,,,,,,,,,,,
NCKIPSD,,,,,,,,,,,,
IP6K2,,,,,,,,,,,,
PRKAR2A,,,,,,,,,,,,
SLC25A20,-0.2186730856714748,-0.04506663394580678,-0.1318698598086408,-0.5150304614922687,-0.5150304614922687,-0.5150304614922687,,,,,,
ARIH2,,,,,,,,,,,,
WDR6,,,,,,,,,,,,
DALRD3,,,,-0.5713943414677286,-0.5713943414677286,-0.5713943414677286,,,,,,
NDUFAF3,,,,,,,,,,,,
IMPDH2,,,,,,,,,,,,
QRICH1,,,,,,,,,,,,
QARS1,,,,,,,,,,,,
USP19,,,,,,,,,,,,
CCDC71,,,,,,,,,,,,
USP4,,,,-0.6433583403276371,-0.6433583403276371,-0.6433583403276371,,,,,,
GPX1,,,,,,,,,,,,
RHOA,,,,,,,,,,,,
TCTA,,,,-0.5751970668752746,-0.5751970668752746,-0.5751970668752746,,,,,,
DAG1,,,,-0.5314901436365284,-0.5314901436365284,-0.5314901436365284,,,,,,
APEH,,,,-0.569663012051753,-0.569663012051753,-0.569663012051753,,,,,,
RNF123,,,,,,,,,,,,
GMPPB,,,,,,,,,,,,
IP6K1,,,,,,,,,,,,
TRAIP,,,,-0.5257897039342845,-0.5257897039342845,-0.5257897039342845,,,,,,
MON1A,,,,,,,,,,,,
RBM6,,,,,,,,,,,,
RBM5,,,,,,,,,,,,
GNAI2,,,,,,,,,,,,
IFRD2,,,,,,,,,,,,
HYAL2,,,,,,,,,,,,
TUSC2,,,,,,,,,,,,
RASSF1,,,,,,,,,,,,
NPRL2,,,,-0.4738171627703766,-0.4738171627703766,-0.4738171627703766,,,,,,
CYB561D2,,,,,,,,,,,,
TMEM115,,,,,,,,,,,,
HEMK1,,,,-0.5036899181795245,-0.5036899181795245,-0.5036899181795245,,,,,,
MAPKAPK3,-0.28039816109208526,-0.06517173997018973,-0.1727849505311375,,,,,,,,,
DOCK3,,,,,,,,,,,,
MANF,,,,,,,,,,,,
RBM15B,,,,,,,,,,,,
DCAF1,,,,,,,,,,,,
RAD54L2,,,,-0.9652634128871005,-0.2027169126200454,-0.583990162753573,,,,,,
TEX264,,,,,,,,,,,,
RRP9,,,,,,,,,,,,
ABHD14B,,,,,,,,,,,,
ABHD14A,,,,,,,,,,,,
ACY1,,,,-0.4476143084065581,-0.4476143084065581,-0.4476143084065581,,,,,,
RPL29,-0.37675557329076786,-0.08591887564338106,-0.23133722446707447,,,,,,,,,
DUSP7,,,,-0.49630830253670505,-0.49630830253670505,-0.49630830253670505,,,,,,
POC1A,,,,,,,,,,,,
ALAS1,,,,-0.5333041669248141,-0.5333041669248141,-0.5333041669248141,,,,,,
TWF2,,,,-0.5365833891789986,-0.5365833891789986,-0.5365833891789986,,,,,,
WDR82,,,,,,,,,,,,
BAP1,,,,,,,,,,,,
PHF7,,,,-0.5503188573222766,-0.5503188573222766,-0.5503188573222766,,,,,,
NISCH,,,,,,,,,,,,
NT5DC2,,,,,,,,,,,,
UQCC5,,,,,,,,,,,,
PBRM1,,,,,,,,,,,,
GNL3,,,,,,,,,,,,
GLT8D1,,,,-0.5278963948772227,-0.5278963948772227,-0.5278963948772227,,,,,,
SPCS1,,,,,,,,,,,,
NEK4,,,,,,,,,,,,
STIMATE,,,,,,,,,,,,
SFMBT1,,,,,,,,,,,,
RFT1,,,,,,,,,,,,
PRKCD,,,,-0.5384582901267955,-0.5384582901267955,-0.5384582901267955,,,,,,
TKT,,,,,,,,,,,,
DCP1A,,,,-0.6746715988888343,-0.6746715988888343,-0.6746715988888343,,,,,,
CACNA1D,,,,,,,,,,,,
CHDH,,,,,,,,,,,,
ACTR8,,,,,,,,,,,,
SELENOK,,,,,,,,,,,,
CACNA2D3,,,,,,,,,,,,
WNT5A,,,,,,,,,,,,
ERC2,,,,-0.9744708197429934,-0.24943812345771088,-0.6119544716003522,,,,,,
CCDC66,,,,,,,,,,,,
TASOR,,,,,,,,,,,,
ARHGEF3,,,,,,,,,,,,
APPL1,,,,,,,,,,,,
PDE12,,,,-0.5537047127489261,-0.5537047127489261,-0.5537047127489261,,,,,,
ARF4,,,,,,,,,,,,
DENND6A,,,,,,,,,,,,
SLMAP,,,,,,,,,,,,
FLNB,,,,,,,,,,,,
ABHD6,,,,-0.4846436676688227,-0.4846436676688227,-0.4846436676688227,,,,,,
PXK,,,,,,,,,,,,
PDHB,,,,,,,,,,,,
KCTD6,,,,,,,,,,,,
CFAP20DC,,,,,,,,,,,,
FHIT,,,,,,,,,,,,
PTPRG,,,,-0.9773105824239602,-0.1785682626677864,-0.5779394225458733,,,,,,
C3orf14,,,,,,,,,,,,
THOC7,,,,,,,,,,,,
ATXN7,,,,,,,,,,,,
PSMD6,,,,,,,,,,,,
PRICKLE2,,,,,,,,,,,,
MAGI1,,,,,,,,,,,,
SLC25A26,,,,,,,,,,,,
LRIG1,,,,,,,,,,,,
SUCLG2,,,,,,,,,,,,
TMF1,,,,,,,,,,,,
UBA3,,,,,,,,,,,,
ARL6IP5,,,,,,,,,,,,
FRMD4B,,,,,,,,,,,,
MITF,,,,-0.6128096741992806,-0.6128096741992806,-0.6128096741992806,,,,,,
FOXP1,,,,,,,,,,,,
EIF4E3,,,,,,,,,,,,
GPR27,,,,-0.4338860499453381,-0.4338860499453381,-0.4338860499453381,,,,,,
RYBP,,,,,,,,,,,,
SHQ1,,,,,,,,,,,,
GXYLT2,,,,-0.6843099105579054,-0.6843099105579054,-0.6843099105579054,,,,,,
PPP4R2,,,,,,,,,,,,
PDZRN3,-0.1277310933607175,-0.007669151509771677,-0.06770012243524459,,,,,,,,,
ZNF717,,,,,,,,,,,,
ROBO2,,,,,,,,,,,,
ROBO1,,,,,,,,,,,,
GBE1,,,,,,,,,,,,
CADM2,,,,-0.4423020035529221,-0.4423020035529221,-0.4423020035529221,0.06761667145403327,0.4714381131042034,0.26952739227911837,,,
CHMP2B,,,,,,,,,,,,
CGGBP1,,,,,,,,,,,,
ZNF654,,,,,,,,,,,,
C3orf38,,,,,,,,,,,,
EPHA3,,,,,,,,,,,,
PROS1,,,,,,,,,,,,
ARL13B,,,,,,,,,,,,
DHFR2,,,,,,,,,,,,
NSUN3,,,,,,,,,,,,
EPHA6,,,,,,,,,,,,
ARL6,,,,,,,,,,,,
CRYBG3,,,,-0.5777955100151387,-0.5777955100151387,-0.5777955100151387,,,,,,
RIOX2,,,,-0.532145883771803,-0.532145883771803,-0.532145883771803,,,,,,
CLDND1,,,,,,,,,,,,
CPOX,,,,-0.5376602066828344,-0.5376602066828344,-0.5376602066828344,,,,,,
ST3GAL6,,,,-0.5358105649801509,-0.5358105649801509,-0.5358105649801509,,,,,,
DCBLD2,,,,,,,,,,,,
CMSS1,,,,,,,,,,,,
FILIP1L,,,,-0.9843048937728569,-0.1968258287698418,-0.5905653612713494,,,,,,
TBC1D23,,,,,,,,,,,,
NIT2,,,,,,,,,,,,
TOMM70,,,,,,,,,,,,
LNP1,,,,-0.5390687321335723,-0.5390687321335723,-0.5390687321335723,,,,,,
TMEM45A,,,,,,,,,,,,
TFG,,,,,,,,,,,,
SENP7,,,,,,,,,,,,
TRMT10C,,,,,,,,,,,,
PCNP,,,,,,,,,,,,
ZBTB11,,,,-0.6250268776073812,-0.6250268776073812,-0.6250268776073812,,,,,,
RPL24,,,,,,,,,,,,
CEP97,,,,,,,,,,,,
NXPE3,,,,,,,,,,,,
ALCAM,,,,,,,,,,,,
CBLB,,,,,,,,,,,,
BBX,,,,,,,,,,,,
CD47,,,,-0.704896862148864,-0.704896862148864,-0.704896862148864,,,,,,
IFT57,,,,,,,,,,,,
CIP2A,,,,,,,,,,,,
DZIP3,,,,,,,,,,,,
NECTIN3,,,,,,,,,,,,
PHLDB2,,,,-0.4414662427526894,-0.4414662427526894,-0.4414662427526894,,,,,,
ABHD10,,,,,,,,,,,,
C3orf52,,,,-0.47510618901148555,-0.47510618901148555,-0.47510618901148555,,,,,,
ATG3,,,,,,,,,,,,
SLC35A5,,,,-0.4290785925564623,-0.4290785925564623,-0.4290785925564623,,,,,,
CCDC80,,,,-0.4892283047909544,-0.4892283047909544,-0.4892283047909544,,,,,,
GTPBP8,,,,,,,,,,,,
NEPRO,,,,,,,,,,,,
BOC,,,,,,,,,,,,
CFAP44,,,,,,,,,,,,
SPICE1,,,,,,,,,,,,
USF3,,,,,,,,,,,,
NAA50,,,,,,,,,,,,
ATP6V1A,,,,,,,,,,,,
ZDHHC23,,,,,,,,,,,,
QTRT2,,,,-0.5906108390625944,-0.5906108390625944,-0.5906108390625944,,,,,,
ZBTB20,,,,,,,,,,,,
LSAMP,,,,,,,,,,,,
B4GALT4,,,,-0.49036405970248936,-0.49036405970248936,-0.49036405970248936,,,,,,
TMEM39A,,,,,,,,,,,,
POGLUT1,,,,,,,,,,,,
TIMMDC1,,,,,,,,,,,,
COX17,,,,,,,,,,,,
GSK3B,,,,,,,,,,,,
LRRC58,,,,,,,,,,,,
FSTL1,,,,,,,,,,,,
NDUFB4,-0.4135871673436467,-0.09942471437926857,-0.2565059408614576,,,,,,,,,
RABL3,,,,,,,,,,,,
GTF2E1,,,,-0.5101439228391065,-0.5101439228391065,-0.5101439228391065,,,,,,
STXBP5L,,,,-0.4812520857164342,-0.4812520857164342,-0.4812520857164342,,,,,,
POLQ,,,,-0.9811618450009549,-0.2189282299695261,-0.6000450374852405,,,,,,
GOLGB1,,,,,,,,,,,,
IQCB1,,,,,,,,,,,,
EAF2,,,,,,,,,,,,
MIX23,,,,,,,,,,,,
FAM162A,,,,,,,,,,,,
KPNA1,,,,,,,0.025205807285636855,0.42903179575450195,0.2271188015200694,,,
HSPBAP1,,,,,,,,,,,,
SLC49A4,,,,,,,,,,,,
PDIA5,,,,-0.5963308847020471,-0.5963308847020471,-0.5963308847020471,,,,,,
SEC22A,,,,,,,,,,,,
HACD2,,,,,,,,,,,,
MYLK,,,,-0.5520693778100227,-0.5520693778100227,-0.5520693778100227,,,,,,
CCDC14,,,,,,,,,,,,
KALRN,,,,,,,,,,,,
UMPS,,,,,,,,,,,,
ITGB5,-0.1859196081689177,-0.014743180594077726,-0.10033139438149771,,,,,,,,,
HEG1,,,,-0.47616412268577707,-0.47616412268577707,-0.47616412268577707,,,,,,
ZNF148,,,,,,,,,,,,
SNX4,,,,,,,,,,,,
OSBPL11,,,,,,,,,,,,
SLC41A3,,,,,,,,,,,,
KLF15,-0.11452576865954184,-0.0063406578751743995,-0.06043321326735812,,,,,,,,,
ZXDC,,,,,,,,,,,,
TXNRD3,,,,,,,,,,,,
CHCHD6,,,,,,,,,,,,
PLXNA1,,,,,,,,,,,,
TPRA1,,,,,,,,,,,,
MCM2,,,,,,,,,,,,
PODXL2,,,,,,,,,,,,
SEC61A1,,,,,,,,,,,,
RUVBL1,,,,,,,,,,,,
EEFSEC,,,,-0.6195336425455437,-0.6195336425455437,-0.6195336425455437,,,,,,
GATA2,,,,-0.5023186525609601,-0.5023186525609601,-0.5023186525609601,,,,,,
RPN1,,,,,,,,,,,,
RAB7A,,,,,,,,,,,,
ACAD9,,,,,,,,,,,,
CFAP92,,,,,,,,,,,,
ISY1,,,,,,,,,,,,
CNBP,,,,,,,,,,,,
COPG1,,,,,,,,,,,,
HMCES,,,,,,,,,,,,
IFT122,,,,,,,,,,,,
MBD4,,,,,,,,,,,,
TMCC1,,,,,,,,,,,,
PIK3R4,,,,,,,,,,,,
ATP2C1,,,,-0.956849925194693,-0.16065033051832384,-0.5587501278565085,,,,,,
ASTE1,,,,,,,,,,,,
NUDT16,,,,,,,,,,,,
MRPL3,,,,,,,,,,,,
DNAJC13,,,,,,,,,,,,
ACAD11,,,,,,,,,,,,
UBA5,,,,,,,,,,,,
NPHP3,,,,,,,,,,,,
TMEM108,,,,-0.47305477984449745,-0.47305477984449745,-0.47305477984449745,,,,,,
CDV3,,,,,,,,,,,,
TOPBP1,,,,,,,,,,,,
SRPRB,-0.41155647871282075,-0.09050306589843103,-0.2510297723056259,,,,,,,,,
RAB6B,,,,,,,,,,,,
RYK,,,,,,,,,,,,
ANAPC13,,,,,,,,,,,,
CEP63,,,,-0.5521614713681201,-0.5521614713681201,-0.5521614713681201,,,,,,
PPP2R3A,,,,,,,,,,,,
MSL2,,,,,,,,,,,,
PCCB,,,,,,,,,,,,
STAG1,,,,,,,,,,,,
SLC35G2,,,,,,,,,,,,
NCK1,,,,,,,,,,,,
DZIP1L,,,,,,,,,,,,
DBR1,,,,,,,,,,,,
ARMC8,,,,,,,,,,,,
MRAS,,,,,,,,,,,,
CEP70,,,,,,,,,,,,
FAIM,,,,,,,,,,,,
PIK3CB,,,,,,,,,,,,
MRPS22,,,,,,,,,,,,
COPB2,,,,,,,,,,,,
RBP1,,,,,,,,,,,,
SLC25A36,,,,,,,,,,,,
PXYLP1,,,,,,,,,,,,
ZBTB38,,,,,,,,,,,,
RASA2,,,,,,,,,,,,
RNF7,,,,,,,,,,,,
ATP1B3,,,,,,,,,,,,
TFDP2,,,,,,,,,,,,
GK5,,,,,,,,,,,,
XRN1,,,,,,,,,,,,
ATR,,,,,,,,,,,,
PLS1,,,,,,,,,,,,
TRPC1,,,,,,,,,,,,
PCOLCE2,,,,,,,,,,,,
U2SURP,,,,,,,,,,,,
DIPK2A,,,,,,,,,,,,
PLOD2,,,,,,,,,,,,
PLSCR1,,,,-0.5036048323135497,-0.5036048323135497,-0.5036048323135497,,,,,,
GYG1,,,,,,,,,,,,
HLTF,,,,,,,,,,,,
HPS3,,,,,,,,,,,,
WWTR1,,,,,,,,,,,,
COMMD2,,,,,,,,,,,,
ANKUB1,,,,-0.9732172396968877,-0.2109512817489473,-0.5920842607229175,,,,,,
RNF13,,,,,,,,,,,,
PFN2,,,,,,,,,,,,
TSC22D2,,,,,,,,,,,,
SERP1,,,,,,,,,,,,
EIF2A,,,,,,,,,,,,
SELENOT,,,,,,,,,,,,
SIAH2,,,,-0.4391608683222017,-0.4391608683222017,-0.4391608683222017,,,,,,
MED12L,,,,,,,,,,,,
GPR171,,,,-0.5383134669348106,-0.5383134669348106,-0.5383134669348106,,,,,,
P2RY14,,,,,,,,,,,,
MBNL1,,,,,,,,,,,,
P2RY1,,,,-0.3940794633271128,-0.3940794633271128,-0.3940794633271128,,,,,,
RAP2B,,,,,,,,,,,,
ARHGEF26,,,,,,,,,,,,
DHX36,,,,,,,,,,,,
PLCH1,,,,,,,,,,,,
C3orf33,,,,,,,,,,,,
SLC33A1,,,,,,,,,,,,
GMPS,,,,,,,,,,,,
SSR3,,,,,,,,,,,,
TIPARP,,,,,,,,,,,,
CCNL1,,,,,,,,,,,,
SHOX2,,,,-0.49734990625144465,-0.49734990625144465,-0.49734990625144465,,,,,,
RSRC1,,,,,,,,,,,,
MLF1,,,,,,,,,,,,
GFM1,,,,,,,,,,,,
LXN,,,,,,,,,,,,
MFSD1,,,,,,,,,,,,
SCHIP1,,,,-0.46639888120847806,-0.46639888120847806,-0.46639888120847806,,,,,,
IFT80,,,,,,,,,,,,
SMC4,,,,,,,,,,,,
TRIM59,,,,,,,,,,,,
KPNA4,,,,,,,,,,,,
PPM1L,,,,,,,,,,,,
NMD3,,,,,,,,,,,,
PDCD10,,,,,,,,,,,,
GOLIM4,,,,,,,,,,,,
MECOM,,,,,,,,,,,,
MYNN,,,,,,,,,,,,
LRRC34,,,,-0.5054709178243632,-0.5054709178243632,-0.5054709178243632,,,,,,
SEC62,,,,,,,,,,,,
GPR160,,,,-0.981661725551102,-0.21097528893539935,-0.5963185072432506,,,,,,
PHC3,,,,,,,,,,,,
PRKCI,,,,,,,,,,,,
SKIL,,,,,,,,,,,,
RPL22L1,,,,,,,,,,,,
EIF5A2,,,,,,,,,,,,
TNIK,,,,,,,,,,,,
PLD1,,,,,,,,,,,,
FNDC3B,,,,,,,,,,,,
NCEH1,,,,,,,,,,,,
ECT2,,,,,,,,,,,,
NLGN1,,,,-0.9352214843753542,-0.14948536292820735,-0.5423534236517809,,,,,,
NAALADL2,-0.13522747432735563,-0.021685379298464293,-0.07845642681290996,-0.9720048346288442,-0.2098701621349572,-0.5909374983819007,,,,,,
TBL1XR1,,,,,,,,,,,,
KCNMB2,,,,-0.6062822836385322,-0.6062822836385322,-0.6062822836385322,,,,,,
ZMAT3,,,,,,,,,,,,
PIK3CA,,,,,,,,,,,,
ZNF639,,,,,,,,,,,,
MFN1,,,,,,,,,,,,
GNB4,,,,,,,,,,,,
ACTL6A,,,,,,,,,,,,
MRPL47,,,,,,,,,,,,
NDUFB5,,,,,,,,,,,,
USP13,,,,,,,,,,,,
TTC14,,,,-0.5662595248015139,-0.5662595248015139,-0.5662595248015139,,,,,,
FXR1,,,,,,,,,,,,
DNAJC19,,,,,,,,,,,,
SOX2,,,,-0.44032371820065247,-0.44032371820065247,-0.44032371820065247,,,,,,
ATP11B,,,,,,,,,,,,
DCUN1D1,,,,,,,,,,,,
MCCC1,,,,,,,,,,,,
MCF2L2,-0.1374637501141981,-0.0009645980029019934,-0.06921417405855004,,,,,,,,,
B3GNT5,,,,-0.5568593661106254,-0.5568593661106254,-0.5568593661106254,,,,,,
KLHL24,,,,,,,,,,,,
YEATS2,,,,,,,,,,,,
PARL,,,,,,,,,,,,
ABCC5,,,,,,,,,,,,
EIF2B5,,,,,,,,,,,,
DVL3,,,,,,,,,,,,
AP2M1,,,,,,,,,,,,
ABCF3,,,,-0.4414030004190704,-0.4414030004190704,-0.4414030004190704,,,,,,
ALG3,,,,,,,,,,,,
EEF1AKMT4,,,,,,,,,,,,
PSMD2,,,,,,,,,,,,
EIF4G1,,,,,,,,,,,,
POLR2H,,,,,,,,,,,,
MAGEF1,,,,,,,,,,,,
VPS8,,,,,,,,,,,,
EHHADH,,,,,,,,,,,,
MAP3K13,,,,,,,,,,,,
TMEM41A,,,,,,,,,,,,
SENP2,,,,,,,,,,,,
IGF2BP2,,,,,,,,,,,,
TRA2B,,,,,,,,,,,,
TBCCD1,,,,,,,,,,,,
DNAJB11,,,,,,,,,,,,
EIF4A2,,,,,,,,,,,,
RFC4,,,,,,,,,,,,
ST6GAL1,,,,,,,,,,,,
RPL39L,,,,,,,,,,,,
LPP,,,,,,,,,,,,
P3H2,-0.05430679357381366,0.0011147722687141917,-0.026596010652549736,-0.4792033234457548,-0.4792033234457548,-0.4792033234457548,,,,,,
CCDC50,,,,,,,,,,,,
FGF12,,,,,,,,,,,,
MB21D2,,,,,,,,,,,,
PLAAT1,,,,-0.5846126616086854,-0.5846126616086854,-0.5846126616086854,,,,,,
OPA1,,,,-0.9776881701042893,-0.16803665910693372,-0.5728624146056115,,,,,,
HES1,,,,,,,,,,,,
ATP13A3,,,,,,,,,,,,
LSG1,,,,,,,,,,,,
XXYLT1,,,,-0.459512967132937,-0.459512967132937,-0.459512967132937,,,,,,
ACAP2,,,,,,,,,,,,
PPP1R2,,,,,,,,,,,,
TNK2,,,,,,,,,,,,
TFRC,,,,-0.964542533126197,-0.18089977453539982,-0.5727211538307984,,,,,,
PCYT1A,,,,,,,,,,,,
DYNLT2B,,,,,,,,,,,,
UBXN7,,,,,,,,,,,,
RNF168,,,,,,,,,,,,
WDR53,,,,,,,,,,,,
FBXO45,,,,-0.5933188714117836,-0.5933188714117836,-0.5933188714117836,,,,,,
PIGX,,,,,,,,,,,,
CEP19,,,,,,,,,,,,
PAK2,,,,,,,,,,,,
SENP5,,,,,,,,,,,,
NCBP2,,,,,,,,,,,,
NCBP2AS2,,,,,,,,,,,,
MELTF,,,,,,,,,,,,
DLG1,,,,,,,,,,,,
RUBCN,,,,,,,,,,,,
FYTTD1,,,,-0.555167533563007,-0.555167533563007,-0.555167533563007,,,,,,
LRCH3,,,,,,,,,,,,
IQCG,,,,,,,,,,,,
RPL35A,,,,,,,,,,,,
LMLN,,,,,,,,,,,,
ZNF721,,,,,,,,,,,,
PIGG,,,,-0.6153911410014956,-0.6153911410014956,-0.6153911410014956,,,,,,
ATP5ME,,,,,,,,,,,,
MYL5,,,,,,,,,,,,
PCGF3,,,,-0.6525214444740581,-0.6525214444740581,-0.6525214444740581,,,,,,
GAK,,,,,,,,,,,,
TMEM175,,,,-0.5461556515366108,-0.5461556515366108,-0.5461556515366108,,,,-0.29003665969258524,-0.051437476489278204,-0.17073706809093173
FGFRL1,,,,,,,,,,,,
CTBP1,,,,,,,,,,,,
MAEA,,,,,,,,,,,,
UVSSA,,,,-0.41894677610767106,-0.41894677610767106,-0.41894677610767106,,,,,,
SLBP,,,,,,,,,,,,
TACC3,,,,,,,,,,,,
TMEM129,,,,-0.5687286888795268,-0.5687286888795268,-0.5687286888795268,,,,,,
FGFR3,,,,-0.4959490645454877,-0.4959490645454877,-0.4959490645454877,,,,,,
LETM1,,,,-0.9715345955483158,-0.13327660353659246,-0.5524055995424542,,,,,,
NSD2,,,,,,,,,,,,
NELFA,,,,,,,,,,,,
C4orf48,,,,,,,,,,,,
NAT8L,,,,,,,,,,,,
POLN,,,,,,,,,,,,
HAUS3,,,,,,,,,,,,
MXD4,,,,,,,,,,,,
ZFYVE28,,,,,,,,,,,,
RNF4,,,,,,,,,,,,
FAM193A,,,,,,,,,,,,
TNIP2,,,,,,,,,,,,
ADD1,,,,,,,,,,,,
MFSD10,,,,,,,,,,,,
NOP14,,,,,,,0.06092706359368193,0.4571186333506088,0.25902284847214535,,,
GRK4,,,,-0.5746358905455003,-0.5746358905455003,-0.5746358905455003,,,,,,
HTT,,,,,,,,,,,,
RGS12,,,,,,,,,,,,
LRPAP1,,,,,,,,,,,,
ADRA2C,,,,,,,,,,,,
TMEM128,,,,,,,,,,,,
LYAR,,,,,,,,,,,,
STX18,,,,,,,,,,,,
MSX1,,,,,,,,,,,,
EVC,,,,-0.529981863434018,-0.529981863434018,-0.529981863434018,,,,,,
MAN2B2,,,,-0.5546618276880755,-0.5546618276880755,-0.5546618276880755,,,,,,
MRFAP1,,,,,,,,,,,,
ENSG00000170846,,,,,,,,,,,,
MRFAP1L1,,,,,,,,,,,,
BLOC1S4,,,,,,,,,,,,
KIAA0232,,,,,,,,,,,,
TBC1D14,,,,,,,,,,,,
TADA2B,,,,,,,,,,,,
GRPEL1,,,,,,,,,,,,
SORCS2,,,,-0.7854804369776978,-0.05826109205681932,-0.4218707645172585,-0.14896991713036078,-0.02706482436475432,-0.08801737074755756,,,
AFAP1,,,,,,,,,,,,
ACOX3,,,,-0.5654181671306875,-0.5654181671306875,-0.5654181671306875,,,,,,
TRMT44,,,,-0.5430244985989116,-0.5430244985989116,-0.5430244985989116,,,,,,
HMX1,,,,,,,,,,,,
WDR1,,,,,,,,,,,,
ZNF518B,,,,,,,,,,,,
RAB28,,,,,,,,,,,,
BOD1L1,,,,,,,,,,,,
CPEB2,,,,,,,,,,,,
CC2D2A,,,,-0.43422179707242603,-0.43422179707242603,-0.43422179707242603,,,,,,
FBXL5,,,,-0.9432753018717297,-0.13685144788300538,-0.5400633748773676,,,,,,
FAM200B,,,,,,,,,,,,
TAPT1,,,,,,,,,,,,
QDPR,,,,,,,,,,,,
LAP3,,,,,,,,,,,,
MED28,,,,,,,,,,,,
FAM184B,,,,,,,,,,,,
DCAF16,,,,,,,,,,,,
NCAPG,,,,,,,,,,,,
LCORL,,,,,,,,,,,,
SLIT2,,,,,,,,,,,,
PACRGL,,,,,,,,,,,,
ADGRA3,,,,,,,,,,,,
GBA3,,,,-0.43333162018891314,-0.43333162018891314,-0.43333162018891314,,,,,,
DHX15,,,,,,,0.05902540783700126,0.5103787572425175,0.28470208253975937,,,
SEPSECS,,,,-0.5247802854852962,-0.5247802854852962,-0.5247802854852962,,,,,,
PI4K2B,,,,,,,,,,,,
ZCCHC4,,,,,,,,,,,,
ANAPC4,,,,,,,,,,,,
SEL1L3,,,,,,,,,,,,
SMIM20,,,,,,,,,,,,
RBPJ,,,,,,,,,,,,
TBC1D19,,,,,,,,,,,,
STIM2,,,,,,,,,,,,
PCDH7,,,,,,,,,,,,
ARAP2,,,,,,,,,,,,
RELL1,,,,,,,,,,,,
PGM2,,,,,,,,,,,,
TBC1D1,,,,,,,,,,,,
KLF3,,,,-0.5707916343519434,-0.5707916343519434,-0.5707916343519434,,,,,,
FAM114A1,,,,-0.4630567363402426,-0.4630567363402426,-0.4630567363402426,,,,,,
KLHL5,,,,,,,,,,,,
WDR19,,,,-0.5793263393327421,-0.5793263393327421,-0.5793263393327421,,,,,,
RFC1,,,,,,,,,,,,
RPL9,,,,,,,,,,,,
LIAS,,,,,,,,,,,,
UGDH,,,,,,,,,,,,
SMIM14,,,,,,,,,,,,
UBE2K,,,,,,,,,,,,
PDS5A,,,,,,,,,,,,
N4BP2,,,,,,,,,,,,
RBM47,,,,,,,,,,,,
APBB2,,,,,,,,,,,,
UCHL1,,,,,,,,,,,,
LIMCH1,-0.10713070145179504,-0.02919306497217615,-0.0681618832119856,,,,,,,-0.21811253964111174,-0.04655296298004711,-0.13233275131057942
TMEM33,,,,,,,,,,,,
SLC30A9,,,,,,,,,,,,
BEND4,,,,-0.5095134935228249,-0.5095134935228249,-0.5095134935228249,,,,,,
ATP8A1,,,,,,,,,,,,
KCTD8,0.032554290358341245,0.18881045676868222,0.11068237356351174,,,,0.0779627444132539,0.6176879198162801,0.347825332114767,,,
GUF1,,,,,,,,,,,,
GNPDA2,,,,,,,,,,,,
COMMD8,,,,,,,,,,,,
ATP10D,,,,,,,,,,,,
NFXL1,,,,-0.6402399041990001,-0.6402399041990001,-0.6402399041990001,,,,,,
NIPAL1,,,,-0.5096817929520338,-0.5096817929520338,-0.5096817929520338,,,,,,
TXK,,,,-0.44106193109544467,-0.44106193109544467,-0.44106193109544467,,,,,,
TEC,,,,-0.49856785296718564,-0.49856785296718564,-0.49856785296718564,,,,,,
SLAIN2,,,,,,,,,,,,
FRYL,,,,-0.9668696230034052,-0.14216682786754908,-0.5545182254354771,,,,,,
OCIAD1,,,,,,,,,,,,
DCUN1D4,,,,,,,,,,,,
SGCB,,,,-0.6017923568564854,-0.6017923568564854,-0.6017923568564854,,,,,,
USP46,,,,,,,,,,,,
SCFD2,,,,,,,,,,,,
FIP1L1,,,,,,,0.08712537102616577,0.48315496964638677,0.28514017033627626,,,
CHIC2,,,,,,,,,,,,
SRD5A3,,,,,,,,,,,,
TMEM165,,,,,,,,,,,,
CLOCK,,,,,,,,,,,,
NMU,,,,,,,,,,,,
EXOC1,,,,,,,,,,,,
CEP135,,,,,,,,,,,,
CRACD,,,,,,,,,,,,
AASDH,,,,,,,,,,,,
PPAT,,,,,,,0.059401762887850346,0.6369048234443382,0.3481532931660943,,,
PAICS,,,,,,,,,,,,
SRP72,,,,,,,0.01678936710928756,0.4482526937366472,0.2325210304229674,,,
HOPX,,,,-0.43190295560352726,-0.43190295560352726,-0.43190295560352726,,,,,,
REST,,,,,,,,,,,,
NOA1,,,,-0.5780598922731788,-0.5780598922731788,-0.5780598922731788,,,,,,
POLR2B,,,,,,,,,,,,
ADGRL3,-0.04936618187968074,-0.0159653906949888,-0.03266578628733477,,,,,,,-0.0919540785860318,-0.00755479868236929,-0.049754438634200544
EPHA5,,,,,,,,,,,,
CENPC,,,,,,,,,,,,
UBA6,,,,,,,0.012058883431093143,0.3579344656738096,0.18499667455245136,,,
YTHDC1,,,,,,,,,,,,
UTP3,,,,,,,0.07281127876402764,0.49077478072983033,0.281793029746929,,,
RUFY3,,,,,,,,,,,,
GRSF1,,,,,,,,,,,,
MOB1B,,,,,,,,,,,,
DCK,,,,,,,,,,,,
SLC4A4,,,,,,,,,,,,
ADAMTS3,,,,,,,,,,,,
COX18,,,,-0.599085480903993,-0.599085480903993,-0.599085480903993,,,,,,
ANKRD17,,,,,,,,,,,,
MTHFD2L,,,,,,,,,,,,
RCHY1,,,,,,,,,,,,
THAP6,,,,,,,,,,,,
CDKL2,,,,-0.4071531357803682,-0.4071531357803682,-0.4071531357803682,,,,,,
G3BP2,,,,,,,,,,,,
USO1,,,,,,,,,,,,
NAAA,,,,-0.5007232469657269,-0.5007232469657269,-0.5007232469657269,,,,,,
SDAD1,,,,,,,,,,,,
NUP54,,,,,,,,,,,,
SCARB2,,,,,,,,,,,,
SHROOM3,,,,-0.3272889676691114,-0.3272889676691114,-0.3272889676691114,,,,,,
SEPTIN11,,,,,,,,,,,,
CCNI,,,,,,,,,,,,
CCNG2,,,,,,,,,,,,
CNOT6L,,,,,,,,,,,,
MRPL1,,,,,,,,,,,,
FRAS1,,,,,,,,,,,,
BMP2K,,,,,,,,,,,,
PAQR3,,,,,,,,,,,,
ANTXR2,,,,,,,,,,,,
RASGEF1B,-0.12356949937155365,-0.024259558835616726,-0.07391452910358519,,,,,,,-0.17400713140216728,-0.036402082972016164,-0.10520460718709172
HNRNPD,,,,,,,0.1670388422869004,0.4145482379649787,0.29079354012593955,,,
HNRNPDL,,,,,,,,,,,,
ENOPH1,,,,,,,,,,,,
TMEM150C,,,,,,,,,,,,
SCD5,,,,,,,,,,,,
SEC31A,,,,,,,,,,,,
THAP9,,,,-0.47093594522199067,-0.47093594522199067,-0.47093594522199067,,,,,,
LIN54,,,,,,,,,,,,
COPS4,,,,,,,,,,,,
COQ2,,,,,,,,,,,,
HELQ,,,,-0.4872167416112692,-0.4872167416112692,-0.4872167416112692,,,,,,
MRPS18C,,,,,,,,,,,,
ABRAXAS1,-0.10616422960777525,-0.018062659337434443,-0.06211344447260485,-0.8637990846018085,-0.0684461110403412,-0.4661225978210749,,,,-0.19389845450316498,-0.01352812155842314,-0.10371328803079406
GPAT3,-0.10482942825513282,-0.027677781564489485,-0.06625360490981115,,,,,,,,,
CDS1,,,,,,,,,,,,
WDFY3,,,,,,,,,,,,
ARHGAP24,,,,,,,,,,,,
MAPK10,,,,,,,,,,,,
PTPN13,,,,,,,,,,,,
AFF1,,,,,,,,,,,,
KLHL8,,,,,,,,,,,,
HSD17B11,,,,,,,,,,,,
NUDT9,,,,,,,,,,,,
PKD2,,,,,,,,,,,,
PPM1K,,,,,,,,,,,,
HERC5,,,,-0.6217009291541412,-0.6217009291541412,-0.6217009291541412,,,,,,
HERC3,,,,,,,,,,,,
FAM13A,,,,,,,,,,,,
GPRIN3,,,,-0.5137696237534572,-0.5137696237534572,-0.5137696237534572,,,,,,
SNCA,,,,,,,,,,,,
CCSER1,,,,-0.9525214024856636,-0.14512358289136232,-0.548822492688513,,,,,,
GRID2,,,,,,,,,,,,
SMARCAD1,,,,,,,,,,,,
PDLIM5,,,,,,,,,,,,
BMPR1B,,,,,,,,,,,,
UNC5C,,,,,,,,,,,,
STPG2,,,,,,,,,,,,
RAP1GDS1,,,,,,,,,,,,
TSPAN5,,,,,,,,,,,,
EIF4E,,,,,,,,,,,,
METAP1,,,,,,,,,,,,
ADH5,,,,,,,,,,,,
TRMT10A,,,,,,,,,,,,
LAMTOR3,,,,,,,,,,,,
DNAJB14,,,,-0.7185976161034893,-0.7185976161034893,-0.7185976161034893,,,,,,
PPP3CA,,,,-0.9594580636311988,-0.1380369232516504,-0.5487474934414246,,,,,,
SLC39A8,,,,,,,,,,,,
NFKB1,,,,-0.561439844610627,-0.561439844610627,-0.561439844610627,,,,,,
MANBA,,,,,,,,,,,,
UBE2D3,,,,,,,,,,,,
CISD2,,,,,,,,,,,,
SLC9B2,,,,,,,,,,,,
BDH2,,,,,,,,,,,,
CENPE,,,,,,,,,,,,
CXXC4,,,,-0.2058191698278006,-0.2058191698278006,-0.2058191698278006,,,,,,
TET2,,,,,,,,,,,,
PPA2,,,,,,,,,,,,
INTS12,,,,,,,,,,,,
GSTCD,,,,,,,,,,,,
TBCK,,,,,,,,,,,,
AIMP1,,,,,,,,,,,,
PAPSS1,,,,,,,,,,,,
SGMS2,,,,-0.5699817007229422,-0.5699817007229422,-0.5699817007229422,,,,,,
HADH,,,,,,,,,,,,
LEF1,,,,,,,,,,,,
RPL34,,,,,,,,,,,,
OSTC,,,,,,,,,,,,
COL25A1,,,,,,,,,,,,
SEC24B,,,,,,,,,,,,
MCUB,,,,,,,,,,,,
CASP6,,,,,,,,,,,,
PLA2G12A,,,,,,,,,,,,
GAR1,,,,,,,,,,,,
ELOVL6,,,,,,,,,,,,
ENPEP,,,,,,,0.10830628678293096,0.7415795393412022,0.4249429130620666,,,
PITX2,,,,-0.6353530112776494,-0.6353530112776494,-0.6353530112776494,,,,,,
FAM241A,,,,,,,,,,,,
AP1AR,,,,,,,0.02294720970885076,0.37894285586493076,0.20094503278689077,,,
TIFA,,,,,,,,,,,,
ALPK1,,,,,,,,,,,,
ZGRF1,,,,,,,,,,,,
LARP7,,,,,,,,,,,,
ANK2,,,,-0.9579191098143865,-0.18135797186169036,-0.5696385408380384,,,,,,
CAMK2D,,,,,,,0.12259330313998659,0.625756095695322,0.3741746994176543,,,
ARSJ,,,,-0.4576928848947791,-0.4576928848947791,-0.4576928848947791,,,,,,
UGT8,,,,,,,,,,,,
METTL14,,,,,,,,,,,,
SEC24D,,,,-0.557665224546077,-0.557665224546077,-0.557665224546077,,,,,,
USP53,,,,,,,,,,,,
C4orf3,-0.5333687630042119,-0.10598492814610705,-0.31967684557515946,,,,,,,,,
PDE5A,,,,,,,,,,,,
MAD2L1,,,,,,,,,,,,
PRDM5,,,,,,,,,,,,
QRFPR,,,,-0.3841749945762654,-0.3841749945762654,-0.3841749945762654,,,,,,
ANXA5,,,,,,,,,,,,
EXOSC9,,,,,,,,,,,,
CCNA2,,,,,,,,,,,,
BBS7,,,,,,,,,,,,
TRPC3,,,,,,,,,,-0.16162563045303413,-0.04011147378425508,-0.10086855211864461
BLTP1,,,,,,,,,,,,
FGF2,,,,,,,,,,,,
NUDT6,,,,-0.4873514007549543,-0.4873514007549543,-0.4873514007549543,,,,,,
SPATA5,,,,,,,,,,,,
SPRY1,,,,,,,,,,,,
ANKRD50,,,,,,,,,,,,
INTU,,,,,,,,,,,,
HSPA4L,,,,,,,,,,,,
PLK4,,,,,,,,,,,,
MFSD8,,,,,,,,,,,,
ABHD18,,,,,,,,,,,,
LARP1B,,,,,,,,,,,,
PGRMC2,,,,,,,,,,,,
JADE1,,,,-0.6057416723958439,-0.6057416723958439,-0.6057416723958439,,,,,,
SCLT1,,,,,,,,,,,,
C4orf33,,,,,,,,,,,,
PCDH10,,,,,,,,,,,,
SLC7A11,,,,-0.3560887658845926,-0.3560887658845926,-0.3560887658845926,,,,,,
NOCT,,,,,,,,,,,,
ELF2,,,,,,,,,,,,
MGARP,,,,,,,,,,,,
NDUFC1,,,,,,,,,,,,
NAA15,,,,,,,,,,,,
RAB33B,,,,,,,,,,,,
SETD7,,,,,,,,,,,,
MGST2,,,,,,,,,,,,
MAML3,,,,,,,,,,,,
SCOC,,,,,,,,,,,,
CLGN,,,,,,,,,,,,
ELMOD2,,,,,,,,,,,,
TBC1D9,,,,,,,,,,,,
RNF150,,,,,,,,,,,,
ZNF330,,,,,,,,,,,,
USP38,,,,,,,,,,,,
GAB1,,,,-0.5620611248274834,-0.5620611248274834,-0.5620611248274834,,,,,,
SMARCA5,,,,,,,,,,,,
HHIP,-0.1633382077857296,-0.022152733989600704,-0.09274547088766516,-0.9552518829472627,-0.18628916687193195,-0.5707705249095973,,,,-0.2667322265977726,-0.035485720186091266,-0.15110897339193194
ANAPC10,,,,,,,,,,,,
ABCE1,,,,,,,,,,,,
OTUD4,,,,-0.6761316170105469,-0.6761316170105469,-0.6761316170105469,,,,,,
SMAD1,,,,,,,,,,,,
ZNF827,,,,,,,,,,,,
LSM6,,,,,,,,,,,,
SLC10A7,,,,,,,,,,,,
EDNRA,,,,,,,,,,,,
TMEM184C,,,,,,,,,,,,
PRMT9,,,,,,,,,,,,
ARHGAP10,,,,,,,,,,,,
NR3C2,,,,,,,,,,,,
DCLK2,,,,,,,,,,,,
LRBA,,,,,,,,,,,,
RPS3A,,,,,,,,,,,,
SH3D19,,,,,,,,,,,,
FHIP1A,,,,,,,,,,,,
GATB,,,,-0.3617655613392686,-0.3617655613392686,-0.3617655613392686,,,,,,
FBXW7,,,,,,,,,,,,
ARFIP1,,,,,,,,,,,,
TRIM2,,,,,,,,,,,,
MND1,,,,-0.6515992374719262,-0.6515992374719262,-0.6515992374719262,,,,,,
TMEM131L,,,,,,,,,,,,
PLRG1,,,,,,,,,,,,
MAP9,,,,,,,,,,,,
GUCY1A1,,,,-0.4882880698402626,-0.4882880698402626,-0.4882880698402626,,,,,,
GUCY1B1,,,,,,,,,,,,
PDGFC,,,,,,,,,,,,
TMEM144,,,,-0.5265421644176582,-0.5265421644176582,-0.5265421644176582,,,,,,
C4orf46,,,,,,,,,,,,
ETFDH,,,,,,,,,,,,
PPID,,,,,,,,,,,,
FNIP2,,,,,,,,,,,,
RAPGEF2,,,,-0.5750066166507399,-0.5750066166507399,-0.5750066166507399,,,,,,
FSTL5,,,,,,,,,,,,
NAF1,,,,,,,,,,,,
TMA16,,,,,,,,,,,,
TMEM192,,,,,,,,,,,,
KLHL2,,,,-0.5259660118952336,-0.5259660118952336,-0.5259660118952336,0.08556469101510544,0.6267299565220895,0.3561473237685975,,,
MSMO1,,,,,,,,,,,,
CPE,,,,,,,,,,,,
TLL1,,,,-0.39648939468201316,-0.39648939468201316,-0.39648939468201316,,,,,,
SPOCK3,,,,-0.3004106988872204,-0.3004106988872204,-0.3004106988872204,,,,,,
PALLD,,,,,,,,,,,,
CBR4,,,,,,,,,,,,
SH3RF1,,,,,,,,,,,,
NEK1,,,,,,,,,,,,
CLCN3,,,,,,,,,,,,
HPF1,,,,,,,,,,,,
MFAP3L,,,,,,,,,,,,
AADAT,,,,,,,,,,,,
GALNTL6,,,,,,,,,,,,
GALNT7,,,,,,,,,,,,
HMGB2,,,,,,,,,,,,
SAP30,,,,,,,,,,,,
FBXO8,,,,-0.4339558262462258,-0.4339558262462258,-0.4339558262462258,,,,,,
CEP44,,,,-0.5872030438908744,-0.5872030438908744,-0.5872030438908744,,,,,,
GPM6A,-0.08354984171507694,-0.013214117852778647,-0.048381979783927796,,,,,,,,,
WDR17,,,,,,,,,,,,
SPCS3,,,,,,,,,,,,
VEGFC,,,,-0.5086511834114698,-0.5086511834114698,-0.5086511834114698,,,,,,
NEIL3,,,,,,,,,,,,
AGA,,,,,,,,,,,,
TENM3,,,,,,,,,,,,
DCTD,,,,,,,,,,,,
WWC2,,,,,,,,,,,,
CDKN2AIP,,,,,,,,,,,,
ING2,,,,,,,,,,,,
RWDD4,,,,,,,,,,,,
TRAPPC11,,,,,,,,,,,,
STOX2,,,,,,,,,,,,
IRF2,,,,-0.5745325658984674,-0.5745325658984674,-0.5745325658984674,,,,,,
CASP3,,,,,,,,,,,,
PRIMPOL,,,,-0.3573237843136454,-0.3573237843136454,-0.3573237843136454,,,,,,
CENPU,,,,,,,,,,,,
ACSL1,,,,,,,,,,,,
SLC25A4,,,,,,,,,,,,
CFAP97,,,,,,,,,,,,
SNX25,,,,,,,,,,,,
UFSP2,,,,,,,,,,,,
PDLIM3,,,,,,,,,,,,
SORBS2,,,,,,,,,,,,
CYP4V2,,,,,,,,,,,,
FAT1,,,,,,,,,,,,
FRG1,,,,,,,,,,,,
CCDC127,,,,-0.506910119063485,-0.506910119063485,-0.506910119063485,,,,,,
SDHA,,,,,,,,,,,,
PDCD6,,,,,,,,,,,,
AHRR,,,,,,,,,,,,
EXOC3,,,,,,,,,,,,
CEP72,,,,,,,,,,,,
BRD9,,,,,,,,,,,,
TRIP13,,,,,,,,,,,,
CLPTM1L,,,,,,,,,,,,
LPCAT1,,,,,,,,,,,,
MRPL36,,,,,,,,,,,,
NDUFS6,,,,,,,,,,,,
ADAMTS16,-0.28977466651348316,-0.07900466128117192,-0.18438966389732753,-0.54689828583867,-0.54689828583867,-0.54689828583867,-0.7085258777314398,-0.14397983465693454,-0.4262528561941872,,,
ICE1,,,,,,,,,,,,
MED10,,,,-0.6362777334894169,-0.6362777334894169,-0.6362777334894169,,,,,,
NSUN2,,,,,,,,,,,,
SRD5A1,,,,-0.6098080469618872,-0.6098080469618872,-0.6098080469618872,,,,,,
TENT4A,,,,-0.5151345692917886,-0.5151345692917886,-0.5151345692917886,,,,,,
MTRR,,,,,,,,,,,,
FASTKD3,,,,-0.534673593134912,-0.534673593134912,-0.534673593134912,,,,,,
SEMA5A,,,,,,,,,,,,
ATPSCKMT,,,,,,,,,,,,
CCT5,,,,,,,,,,,,
CMBL,,,,,,,,,,,,
MARCHF6,,,,,,,,,,,,
ANKRD33B,,,,,,,,,,,,
DAP,,,,,,,,,,,,
TRIO,,,,,,,,,,,,
OTULINL,-0.06880103496613726,-0.01664287867784938,-0.042721956821993326,,,,-0.12276138130211428,-0.02643949536592309,-0.07460043833401869,-0.09410178497784108,0.013423111804626523,-0.04033933658660728
OTULIN,,,,,,,,,,,,
ANKH,,,,,,,,,,,,
FBXL7,,,,,,,,,,,,
ZNF622,,,,,,,,,,,,
RETREG1,,,,,,,,,,,,
MYO10,,,,,,,,,,,,
BASP1,,,,,,,,,,,,
CDH18,-0.09118629223311228,-0.013130414432125575,-0.05215835333261893,,,,-0.1443067298792179,0.009838936337055305,-0.0672338967710813,-0.0943661343294105,0.025048937131625364,-0.03465859859889257
CDH12,,,,,,,,,,,,
DROSHA,,,,,,,,,,,,
C5orf22,,,,,,,,,,,,
PDZD2,,,,,,,,,,,,
GOLPH3,,,,,,,,,,,,
MTMR12,,,,,,,,,,,,
ZFR,,,,,,,,,,,,
SUB1,,,,,,,,,,,,
TARS1,,,,,,,,,,,,
RAI14,0.04888247019875464,0.35223217675767393,0.20055732347821428,,,,,,,,,
RAD1,,,,,,,,,,,,
BRIX1,,,,,,,,,,,,
DNAJC21,,,,,,,,,,,,
LMBRD2,,,,,,,,,,,,
SKP2,,,,,,,,,,,,
NADK2,,,,-0.6726729696646053,-0.6726729696646053,-0.6726729696646053,,,,,,
SLC1A3,,,,,,,,,,,,
NIPBL,,,,,,,,,,,,
CPLANE1,,,,,,,,,,,,
NUP155,,,,,,,,,,,,
WDR70,,,,,,,,,,,,
LIFR,,,,,,,,,,,,
RICTOR,,,,,,,,,,,,
DAB2,,,,,,,,,,,,
TTC33,,,,,,,,,,,,
PRKAA1,,,,,,,,,,,,
RPL37,,,,,,,,,,,,
OXCT1,,,,,,,,,,,,
RIMOC1,,,,,,,,,,,,
FBXO4,,,,,,,,,,,,
GHR,,,,,,,,,,,,
SELENOP,,,,,,,,,,,,
ZNF131,,,,,,,,,,,,
HMGCS1,,,,,,,,,,,,
TMEM267,,,,,,,,,,,,
C5orf34,,,,,,,,,,,,
PAIP1,,,,,,,,,,,,
NNT,,,,,,,,,,,,
MRPS30,,,,,,,,,,,,
EMB,,,,,,,,,,,,
PARP8,,,,,,,,,,,,
ISL1,,,,,,,,,,,,
PELO,,,,,,,,,,,,
ITGA2,,,,,,,,,,,,
MOCS2,,,,,,,,,,,,
NDUFS4,,,,,,,,,,,,
ARL15,,,,,,,,,,,,
SNX18,,,,,,,,,,,,
GPX8,,,,,,,,,,,,
DHX29,,,,,,,,,,,,
MTREX,,,,,,,,,,,,
PLPP1,,,,,,,,,,,,
SLC38A9,,,,,,,,,,,,
IL6ST,,,,,,,,,,,,
MAP3K1,,,,,,,,,,,,
SETD9,,,,,,,,,,,,
MIER3,,,,,,,,,,,,
GPBP1,,,,,,,,,,,,
RAB3C,,,,,,,,,,,,
PDE4D,,,,,,,,,,,,
DEPDC1B,,,,,,,,,,,,
ELOVL7,,,,,,,,,,,,
ERCC8,,,,,,,,,,,,
NDUFAF2,,,,,,,,,,,,
SMIM15,,,,,,,,,,,,
ZSWIM6,,,,,,,,,,,,
KIF2A,,,,,,,,,,,,
DIMT1,,,,,,,,,,,,
IPO11,,,,,,,,,,,,
SREK1IP1,,,,,,,,,,,,
CWC27,,,,,,,,,,,,
ADAMTS6,,,,,,,,,,,,
CENPK,,,,,,,,,,,,
PPWD1,,,,,,,,,,,,
TRIM23,,,,,,,,,,,,
TRAPPC13,,,,,,,,,,,,
SGTB,,,,,,,,,,,,
NLN,,,,,,,,,,,,
ERBIN,,,,,,,,,,,,
SREK1,,,,,,,,,,,,
MAST4,,,,,,,,,,,,
PIK3R1,,,,,,,,,,,,
SLC30A5,-0.0705922939888413,-0.007909293751375245,-0.03925079387010827,-0.8876086094361946,-0.13736898475983764,-0.5124887970980161,,,,,,
CCNB1,,,,,,,,,,,,
CENPH,,,,,,,,,,,,
MRPS36,,,,,,,,,,,,
CDK7,,,,,,,,,,,,
CCDC125,,,,,,,,,,,,
AK6,,,,,,,,,,,,
TAF9,,,,,,,,,,,,
RAD17,,,,,,,,,,,,
MARVELD2,,,,-0.46861313021797546,-0.46861313021797546,-0.46861313021797546,,,,,,
OCLN,,,,,,,,,,,,
GTF2H2C,,,,,,,,,,,,
SMN2,,,,-0.4367898650226983,-0.4367898650226983,-0.4367898650226983,,,,,,
SMN1,,,,,,,,,,,,
GTF2H2,,,,,,,,,,,,
BDP1,,,,,,,,,,,,
MCCC2,,,,,,,,,,,,
MAP1B,,,,,,,,,,,,
MRPS27,,,,,,,,,,,,
PTCD2,,,,-0.5450997774681893,-0.5450997774681893,-0.5450997774681893,,,,,,
TNPO1,,,,,,,,,,,,
FCHO2,,,,,,,,,,,,
FOXD1,,,,,,,,,,,,
BTF3,,,,,,,,,,,,
ANKRA2,,,,,,,,,,,,
UTP15,,,,,,,,,,,,
ARHGEF28,,,,-0.536189404929061,-0.536189404929061,-0.536189404929061,,,,,,
HEXB,-0.10934261032595989,0.021275565241720425,-0.04403352254211973,,,,,,,,,
GFM2,,,,,,,,,,,,
NSA2,,,,,,,,,,,,
FAM169A,,,,,,,,,,,,
HMGCR,,,,,,,,,,,,
CERT1,,,,,,,,,,,,
POLK,,,,,,,,,,,,
POC5,,,,,,,,,,,,
IQGAP2,,,,,,,,,,,,
F2R,,,,-0.580843368041586,-0.580843368041586,-0.580843368041586,,,,,,
AGGF1,,,,,,,,,,,,
ZBED3,,,,-0.38476937936055167,-0.38476937936055167,-0.38476937936055167,,,,,,
WDR41,,,,,,,,,,,,
TBCA,,,,,,,,,,,,
AP3B1,,,,,,,,,,,,
SCAMP1,,,,,,,,,,,,
LHFPL2,,,,,,,,,,,,
ARSB,,,,,,,,,,,,
DMGDH,,,,,,,,,,,,
JMY,,,,,,,,,,,,
HOMER1,,,,,,,,,,,,
TENT2,,,,,,,,,,,,
MTX3,,,,,,,,,,,,
THBS4,,,,,,,,,,,,
SERINC5,,,,,,,,,,,,
ZFYVE16,,,,,,,,,,,,
FAM151B,,,,,,,,,,,,
DHFR,,,,,,,,,,,,
MSH3,,,,,,,,,,,,
RASGRF2,,,,,,,,,,,,
ZCCHC9,,,,,,,,,,,,
SSBP2,,,,,,,,,,,,
ATG10,,,,,,,,,,,,
RPS23,,,,,,,,,,,,
TMEM167A,,,,,,,,,,,,
XRCC4,,,,,,,,,,,,
VCAN,,,,,,,,,,,,
EDIL3,,,,,,,,,,,,
COX7C,,,,,,,,,,,,
RASA1,,,,,,,,,,,,
CCNH,,,,,,,,,,,,
TMEM161B,,,,,,,,,,,,
MEF2C,,,,,,,,,,,,
CETN3,,,,,,,,,,,,
MBLAC2,,,,,,,,,,,,
POLR3G,,,,,,,,,,,,
LYSMD3,,,,,,,0.09720745672008613,0.6308418904938735,0.3640246736069798,,,
ADGRV1,,,,,,,,,,,,
ARRDC3,,,,,,,,,,,,
NR2F1,,,,,,,,,,,,
FAM172A,,,,,,,,,,,,
SLF1,,,,,,,,,,,,
MCTP1,,,,,,,0.06381447488714077,0.8511906454647524,0.4575025601759466,,,
SKIC3,,,,,,,,,,,,
ARSK,,,,-0.5770616468132709,-0.5770616468132709,-0.5770616468132709,,,,,,
RFESD,,,,-0.5500212454365295,-0.5500212454365295,-0.5500212454365295,,,,,,
RHOBTB3,,,,,,,,,,,,
GLRX,,,,,,,,,,,,
ELL2,,,,-0.6234315271365444,-0.6234315271365444,-0.6234315271365444,,,,,,
CAST,,,,,,,,,,,,
LNPEP,,,,,,,,,,,,
RIOK2,,,,-0.6210648561881431,-0.6210648561881431,-0.6210648561881431,,,,,,
RGMB,,,,,,,,,,,,
CHD1,,,,,,,,,,,,
FAM174A,,,,-0.5047519675439277,-0.5047519675439277,-0.5047519675439277,,,,,,
SLCO6A1,0.04252786726175996,0.2623624389843355,0.1524451531230477,,,,0.10263238503587269,0.6899927478552731,0.3963125664455729,,,
PAM,,,,,,,,,,,,
GIN1,,,,,,,,,,,,
PPIP5K2,,,,,,,,,,,,
MACIR,,,,,,,,,,,,
NUDT12,,,,,,,,,,,,
EFNA5,,,,,,,,,,,,
FBXL17,,,,,,,,,,,,
FER,,,,,,,,,,,,
PJA2,,,,,,,,,,,,
MAN2A1,,,,,,,,,,,,
SLC25A46,,,,,,,,,,,,
WDR36,,,,,,,,,,,,
CAMK4,,,,,,,,,,,,
STARD4,,,,-0.4704669430810777,-0.4704669430810777,-0.4704669430810777,,,,,,
NREP,-0.17244639904746,-0.008334667809596201,-0.09039053342852811,,,,,,,,,
EPB41L4A,,,,-0.46082024068017835,-0.46082024068017835,-0.46082024068017835,,,,,,
APC,,,,,,,,,,,,
SRP19,,,,,,,,,,,,
REEP5,,,,,,,,,,,,
DCP2,,,,,,,,,,,,
MCC,,,,,,,,,,,,
YTHDC2,,,,,,,,,,,,
TRIM36,,,,,,,,,,,,
PGGT1B,,,,,,,,,,,,
CCDC112,,,,,,,,,,,,
FEM1C,,,,,,,,,,,,
TMED7,,,,,,,,,,,,
ATG12,,,,,,,,,,,,
AP3S1,,,,,,,,,,,,
COMMD10,,,,,,,,,,,,
SEMA6A,,,,,,,,,,,,
DTWD2,,,,,,,,,,,,
DMXL1,,,,,,,,,,,,
TNFAIP8,,,,,,,,,,,,
HSD17B4,,,,,,,,,,,,
PRR16,,,,,,,,,,,,
SRFBP1,,,,,,,,,,,,
SNX2,,,,,,,,,,,,
SNX24,,,,,,,,,,,,
PPIC,,,,,,,,,,,,
PRDM6,,,,,,,,,,,,
CEP120,,,,,,,,,,,,
CSNK1G3,,,,,,,,,,,,
ZNF608,,,,,,,,,,,,
ALDH7A1,,,,,,,,,,,,
PHAX,,,,,,,,,,,,
LMNB1,,,,,,,,,,,,
MARCHF3,,,,,,,,,,,,
C5orf63,,,,,,,,,,,,
PRRC1,,,,,,,,,,,,
SLC12A2,,,,,,,,,,,,
FBN2,,,,,,,,,,,,
ISOC1,,,,,,,,,,,,
ADAMTS19,,,,,,,,,,,,
CHSY3,,,,-0.9564759229271291,-0.12691764694273372,-0.5416967849349315,,,,,,
HINT1,-0.8785751926428829,-0.14386584911853756,-0.5112205208807102,,,,,,,,,
LYRM7,,,,,,,,,,,,
CDC42SE2,,,,,,,,,,,,
RAPGEF6,,,,,,,,,,,,
FNIP1,,,,,,,,,,,,
P4HA2,,,,,,,,,,,,
PDLIM4,,,,-0.5064387188359551,-0.5064387188359551,-0.5064387188359551,,,,,,
SLC22A5,,,,-0.5710539325640226,-0.5710539325640226,-0.5710539325640226,,,,,,
IRF1,,,,,,,,,,,,
RAD50,,,,,,,,,,,,
KIF3A,,,,,,,,,,,,
SEPTIN8,,,,,,,,,,,,
UQCRQ,-0.9841464135613919,-0.2849875463821408,-0.6345669799717664,,,,,,,,,
AFF4,,,,,,,,,,,,
ZCCHC10,,,,,,,,,,,,
HSPA4,,,,,,,,,,,,
C5orf15,,,,,,,,,,,,
VDAC1,,,,,,,,,,,,
TCF7,,,,-0.48051308995789666,-0.48051308995789666,-0.48051308995789666,,,,,,
SKP1,,,,,,,,,,,,
PPP2CA,,,,,,,,,,,,
CDKL3,,,,,,,,,,,,
UBE2B,,,,,,,,,,,,
CDKN2AIPNL,,,,,,,,,,,,
SAR1B,,,,,,,,,,,,
SEC24A,,,,,,,,,,,,
CAMLG,,,,-0.6124215389035819,-0.6124215389035819,-0.6124215389035819,,,,,,
DDX46,,,,,,,,,,,,
C5orf24,,,,,,,,,,,,
TXNDC15,,,,,,,,,,,,
PCBD2,,,,,,,,,,,,
PITX1,,,,,,,,,,,,
MACROH2A1,,,,,,,,,,,,
SLC25A48,,,,,,,,,,,,
SMAD5,,,,,,,,,,,,
HNRNPA0,,,,,,,,,,,,
PKD2L2,,,,,,,,,,,,
FAM13B,,,,,,,,,,,,
BRD8,,,,,,,,,,,,
KIF20A,,,,-0.5121477722487504,-0.5121477722487504,-0.5121477722487504,,,,,,
CDC23,,,,,,,,,,,,
CDC25C,,,,,,,,,,,,
FAM53C,,,,,,,,,,,,
KDM3B,,,,,,,,,,,,
REEP2,,,,-0.5082347340705895,-0.5082347340705895,-0.5082347340705895,,,,,,
EGR1,-0.1051474796175188,-0.013113678569892482,-0.05913057909370564,,,,,,,,,
ETF1,,,,,,,,,,,,
HSPA9,,,,,,,,,,,,
CTNNA1,,,,,,,,,,,,
SIL1,,,,,,,,,,,,
MATR3,,,,,,,,,,,,
PAIP2,,,,,,,,,,,,
SPATA24,,,,-0.45615979839622345,-0.45615979839622345,-0.45615979839622345,,,,,,
DNAJC18,,,,-0.5371486811420559,-0.5371486811420559,-0.5371486811420559,,,,,,
UBE2D2,,,,,,,,,,,,
CXXC5,,,,,,,,,,,,
NRG2,,,,-0.5966043743782392,-0.5966043743782392,-0.5966043743782392,,,,,,
PURA,,,,,,,,,,,,
CYSTM1,,,,,,,,,,,,
PFDN1,,,,,,,,,,,,
ANKHD1,,,,,,,,,,,,
SRA1,,,,,,,,,,,,
SLC35A4,,,,,,,,,,,,
NDUFA2,,,,,,,,,,,,
TMCO6,,,,,,,,,,,,
IK,,,,,,,,,,,,
WDR55,,,,,,,,,,,,
HARS1,,,,,,,,,,,,
HARS2,,,,,,,,,,,,
ZMAT2,,,,,,,,,,,,
TAF7,,,,,,,,,,,,
DIAPH1,,,,,,,,,,,,
HDAC3,,,,,,,,,,,,
DELE1,,,,-0.47981870704179275,-0.47981870704179275,-0.47981870704179275,,,,,,
RNF14,,,,,,,,,,,,
GNPDA1,,,,,,,,,,,,
NDFIP1,,,,,,,,,,,,
ARHGAP26,,,,,,,,,,,,
NR3C1,,,,,,,,,,,,
YIPF5,,,,,,,,,,,,
KCTD16,,,,-0.34334560217766913,-0.34334560217766913,-0.34334560217766913,,,,,,
PRELID2,,,,,,,,,,,,
LARS1,,,,,,,,,,,,
RBM27,,,,,,,,,,,,
TCERG1,,,,,,,,,,,,
DPYSL3,,,,,,,,,,,,
JAKMIP2,,,,,,,,,,,,
SPINK5,,,,-0.49870372012386704,-0.49870372012386704,-0.49870372012386704,,,,,,
FBXO38,,,,,,,,,,,,
GRPEL2,,,,,,,,,,,,
CSNK1A1,,,,,,,,,,,,
ARHGEF37,,,,-0.42132096474325204,-0.42132096474325204,-0.42132096474325204,,,,,,
PPARGC1B,,,,,,,,,,,,
SLC26A2,,,,,,,,,,,,
HMGXB3,,,,,,,,,,,,
TCOF1,,,,,,,0.07015696159899353,0.46061916553749643,0.26538806356824496,,,
RPS14,,,,,,,,,,,,
NDST1,,,,,,,,,,,,
RBM22,,,,,,,,,,,,
DCTN4,,,,,,,,,,,,
SMIM3,,,,-0.3850865825557531,-0.3850865825557531,-0.3850865825557531,,,,,,
GPX3,,,,-0.4767222827597957,-0.4767222827597957,-0.4767222827597957,,,,,,
TNIP1,,,,,,,,,,,,
ANXA6,,,,,,,,,,,,
GM2A,,,,-0.447305662107109,-0.447305662107109,-0.447305662107109,,,,,,
SLC36A1,,,,,,,,,,,,
SPARC,,,,,,,,,,,,
ATOX1,,,,,,,,,,,,
G3BP1,,,,,,,,,,,,
FAM114A2,,,,,,,,,,,,
MFAP3,,,,,,,,,,,,
GALNT10,,,,,,,,,,,,
SAP30L,,,,,,,,,,,,
HAND1,,,,,,,-0.24518485337114806,-0.013257636456320334,-0.1292212449137342,,,
LARP1,,,,,,,,,,,,
FAXDC2,,,,-0.6048073202993208,-0.6048073202993208,-0.6048073202993208,,,,,,
CNOT8,,,,-0.5270946673433233,-0.5270946673433233,-0.5270946673433233,,,,,,
GEMIN5,,,,,,,,,,,,
MRPL22,,,,,,,,,,,,
MED7,,,,-0.525952967529859,-0.525952967529859,-0.525952967529859,,,,,,
CYFIP2,,,,,,,,,,,,
THG1L,,,,,,,,,,,,
LSM11,,,,,,,,,,,,
CLINT1,,,,,,,,,,,,
EBF1,,,,,,,,,,,,
RNF145,,,,,,,,,,,,
UBLCP1,,,,,,,,,,,,
TTC1,,,,,,,,,,,,
PWWP2A,,,,,,,,,,,,
SLU7,,,,,,,,,,,,
PTTG1,,,,,,,,,,,,
CCNG1,,,,,,,,,,,,
NUDCD2,,,,,,,,,,,,
HMMR,,,,,,,,,,,,
MAT2B,,,,,,,,,,,,
TENM2,-0.09045907857362953,-0.01757181670061847,-0.054015447637124,,,,,,,,,
WWC1,,,,,,,0.06745340955734112,0.3820993951507403,0.22477640235404073,,,
RARS1,,,,,,,,,,,,
PANK3,,,,,,,,,,,,
SLIT3,,,,,,,,,,,,
SPDL1,,,,,,,0.025724184305609993,0.7300824417419599,0.37790331302378494,,,
RANBP17,,,,,,,,,,,,
NPM1,,,,,,,,,,,,
FBXW11,,,,,,,,,,,,
STK10,,,,-0.6337908422606136,-0.6337908422606136,-0.6337908422606136,,,,,,
UBTD2,,,,,,,,,,,,
SH3PXD2B,,,,,,,,,,,,
DUSP1,,,,-0.4952136799797446,-0.4952136799797446,-0.4952136799797446,,,,,,
ERGIC1,,,,,,,,,,,,
RPL26L1,,,,,,,,,,,,
ATP6V0E1,,,,,,,,,,,,
CREBRF,,,,,,,,,,,,
BNIP1,,,,,,,,,,,,
NKX2-5,,,,,,,,,,,,
STC2,,,,,,,,,,,,
BOD1,,,,,,,,,,,,
CPEB4,,,,,,,,,,,,
MSX2,,,,,,,,,,,,
SFXN1,,,,,,,,,,,,
THOC3,,,,,,,,,,,,
SIMC1,,,,,,,,,,,,
KIAA1191,,,,,,,,,,,,
ARL10,,,,,,,,,,,,
NOP16,,,,,,,,,,,,
HIGD2A,,,,,,,,,,,,
CLTB,,,,,,,,,,,,
FAF2,,,,,,,,,,,,
RNF44,,,,-0.5890950981582134,-0.5890950981582134,-0.5890950981582134,,,,,,
CDHR2,,,,-0.9080934436838414,-0.06006275698596699,-0.48407810033490417,,,,,,
GPRIN1,,,,,,,,,,,,
TSPAN17,,,,,,,,,,,,
UIMC1,,,,,,,,,,,,
ZNF346,,,,,,,,,,,,
NSD1,,,,,,,,,,,,
RAB24,,,,-0.44502315727778513,-0.44502315727778513,-0.44502315727778513,,,,,,
MXD3,,,,,,,,,,,,
PRELID1,,,,,,,,,,,,
LMAN2,,,,,,,,,,,,
RGS14,,,,-0.45351531674876244,-0.45351531674876244,-0.45351531674876244,,,,,,
F12,,,,,,,,,,,,
GRK6,,,,,,,,,,,,
PRR7,,,,-0.5796848947223291,-0.5796848947223291,-0.5796848947223291,,,,,,
DBN1,,,,,,,,,,,,
PDLIM7,,,,,,,,,,,,
DOK3,,,,-0.49783237472571984,-0.49783237472571984,-0.49783237472571984,,,,,,
DDX41,,,,,,,,,,,,
FAM193B,,,,,,,,,,,,
TMED9,,,,,,,,,,,,
B4GALT7,,,,,,,,,,,,
RMND5B,,,,,,,,,,,,
NHP2,,,,,,,,,,,,
HNRNPAB,,,,,,,,,,,,
PHYKPL,,,,,,,,,,,,
COL23A1,,,,,,,,,,,,
CLK4,,,,,,,,,,,,
ZNF354A,,,,-0.5591905244201184,-0.5591905244201184,-0.5591905244201184,,,,,,
ZNF354B,,,,-0.5578940079605379,-0.5578940079605379,-0.5578940079605379,,,,,,
ADAMTS2,,,,-0.4814124986831416,-0.4814124986831416,-0.4814124986831416,,,,,,
RUFY1,,,,,,,,,,,,
HNRNPH1,,,,,,,,,,,,
CANX,,,,,,,,,,,,
MAML1,,,,,,,,,,,,
MGAT4B,,,,-0.6102058337208699,-0.6102058337208699,-0.6102058337208699,,,,,,
SQSTM1,,,,,,,,,,,,
MRNIP,,,,,,,,,,,,
TBC1D9B,,,,,,,,,,,,
RNF130,,,,,,,,,,,,
RASGEF1C,,,,,,,,,,,,
MAPK9,,,,,,,,,,,,
GFPT2,,,,,,,,,,,,
CNOT6,,,,,,,,,,,,
FLT4,,,,-0.5178511008645783,-0.5178511008645783,-0.5178511008645783,,,,,,
MGAT1,,,,,,,,,,,,
ZFP62,,,,,,,,,,,,
BTNL9,,,,-0.45519573507710714,-0.45519573507710714,-0.45519573507710714,,,,,,
TRIM41,,,,,,,,,,,,
RACK1,,,,,,,,,,,,
TRIM52,,,,,,,,,,,,
DUSP22,,,,,,,,,,,,
EXOC2,,,,-0.9762418668323822,-0.1535351427004771,-0.5648885047664297,,,,,,
FOXF2,,,,,,,,,,,,
FOXC1,,,,,,,,,,,,
GMDS,,,,,,,,,,,,
WRNIP1,,,,,,,,,,,,
SERPINB1,,,,,,,,,,,,
SERPINB6,,,,,,,,,,,,
NQO2,,,,,,,,,,,,
RIPK1,,,,,,,,,,,,
BPHL,,,,,,,,,,,,
TUBB2A,,,,-0.5473696735382289,-0.5473696735382289,-0.5473696735382289,,,,,,
TUBB2B,,,,,,,,,,,,
PSMG4,,,,,,,,,,,,
SLC22A23,,,,,,,,,,,,
FAM50B,,,,-0.4789581115460321,-0.4789581115460321,-0.4789581115460321,,,,,,
PRPF4B,,,,,,,,,,,,
ECI2,,,,,,,,,,,,
CDYL,,,,,,,,,,,,
RPP40,,,,,,,,,,,,
LYRM4,,,,,,,,,,,,
FARS2,,,,,,,,,,,,
NRN1,,,,,,,,,,,,
RREB1,,,,,,,,,,,,
SSR1,,,,,,,,,,,,
RIOK1,,,,,,,,,,,,
DSP,,,,,,,0.11990374831797887,0.5186209644363288,0.31926235637715383,,,
SNRNP48,,,,,,,,,,,,
BMP6,,,,,,,,,,,,
TXNDC5,,,,,,,,,,,,
BLOC1S5,,,,,,,,,,,,
EEF1E1,,,,,,,,,,,,
SLC35B3,,,,,,,,,,,,
TFAP2A,,,,,,,,,,,,
PAK1IP1,,,,,,,,,,,,
TMEM14C,,,,,,,,,,,,
TMEM14B,,,,,,,,,,,,
MAK,,,,-0.9793070248090513,-0.20669701162040072,-0.593002018214726,,,,,,
SYCP2L,,,,,,,,,,,,
ELOVL2,,,,,,,,,,,,
SMIM13,,,,,,,,,,,,
TMEM170B,,,,-0.5414949868996883,-0.5414949868996883,-0.5414949868996883,,,,,,
HIVEP1,,,,,,,,,,,,
PHACTR1,,,,-0.45130380362744615,-0.45130380362744615,-0.45130380362744615,,,,,,
TBC1D7,,,,,,,,,,,,
GFOD1,,,,,,,,,,,,
SIRT5,,,,,,,,,,,,
NOL7,,,,,,,,,,,,
RANBP9,,,,,,,,,,,,
MCUR1,,,,,,,,,,,,
JARID2,,,,,,,,,,,,
DTNBP1,,,,,,,,,,,,
MYLIP,,,,,,,,,,,,
ATXN1,,,,,,,,,,,,
CAP2,,,,,,,,,,,,
FAM8A1,,,,,,,,,,,,
NUP153,,,,,,,,,,,,
KIF13A,,,,-0.842704553842447,-0.034587115504561644,-0.4386458346735043,,,,,,
TPMT,,,,,,,,,,,,
KDM1B,,,,,,,,,,,,
DEK,,,,,,,,,,,,
ID4,,,,,,,,,,,,
MBOAT1,,,,-0.5507055366193804,-0.5507055366193804,-0.5507055366193804,,,,,,
E2F3,,,,,,,,,,,,
CDKAL1,,,,,,,,,,,,
SOX4,,,,,,,,,,,,
MRS2,,,,,,,,,,,,
ALDH5A1,,,,,,,,,,,,
TDP2,,,,,,,,,,,,
ACOT13,,,,,,,,,,,,
C6orf62,,,,,,,,,,,,
GMNN,,,,,,,,,,,,
RIPOR2,,,,,,,,,,-0.1342764614744172,-0.011754276934517255,-0.07301536920446723
CARMIL1,,,,,,,,,,,,
BTN3A2,,,,,,,,,,,,
BTN2A1,,,,,,,,,,,,
HMGN4,,,,,,,,,,,,
ABT1,,,,,,,,,,,,
ZNF322,,,,,,,,,,,,
ZNF391,,,,,,,,,,,,
ZKSCAN8,,,,,,,,,,,,
ZSCAN26,,,,-0.4134755498485774,-0.4134755498485774,-0.4134755498485774,,,,,,
PGBD1,,,,,,,,,,,,
ZSCAN12,,,,,,,,,,,,
TRIM27,,,,,,,,,,,,
GABBR1,,,,,,,,,,,,
HLA-A,,,,,,,,,,,,
POLR1H,,,,,,,,,,,,
PPP1R11,,,,,,,,,,,,
TRIM26,,,,,,,,,,,,
RPP21,,,,,,,,,,,,
HLA-E,,,,,,,,,,,,
GNL1,,,,,,,,,,,,
PRR3,,,,,,,,,,,,
ABCF1,,,,,,,,,,,,
PPP1R10,,,,,,,,,,,,
MRPS18B,,,,,,,,,,,,
ATAT1,,,,-0.5198426263018683,-0.5198426263018683,-0.5198426263018683,,,,,,
C6orf136,,,,,,,,,,,,
DHX16,,,,,,,,,,,,
NRM,,,,,,,,,,,,
MDC1,,,,,,,,,,,,
TUBB,,,,,,,,,,,,
FLOT1,,,,,,,,,,,,
GTF2H4,,,,,,,,,,,,
VARS2,,,,-0.49819413904071397,-0.49819413904071397,-0.49819413904071397,,,,,,
CCHCR1,,,,,,,,,,,,
TCF19,,,,-0.4908718902276862,-0.4908718902276862,-0.4908718902276862,,,,,,
HLA-C,,,,,,,,,,,,
HLA-B,,,,,,,,,,,,
MICA,,,,-0.52620352847526,-0.52620352847526,-0.52620352847526,,,,,,
DDX39B,,,,,,,,,,,,
NFKBIL1,,,,-0.4875953279503654,-0.4875953279503654,-0.4875953279503654,,,,,,
PRRC2A,,,,,,,,,,,,
BAG6,,,,,,,,,,,,
C6orf47,-0.2211687036164252,-0.05001240551547629,-0.13559055456595076,,,,,,,,,
GPANK1,,,,,,,,,,,,
CSNK2B,,,,,,,,,,,,
ABHD16A,,,,,,,,,,,,
DDAH2,,,,,,,,,,,,
CLIC1,,,,,,,,,,,,
MSH5,,,,,,,,,,,,
VARS1,,,,,,,,,,,,
LSM2,,,,,,,,,,,,
HSPA1B,,,,,,,,,,,,
NEU1,,,,,,,,,,,,
EHMT2,,,,,,,,,,,,
C2,,,,,,,,,,,,
NELFE,,,,,,,,,,,,
SKIC2,,,,-0.47743846721013494,-0.47743846721013494,-0.47743846721013494,,,,,,
DXO,,,,-0.4783074943167835,-0.4783074943167835,-0.4783074943167835,,,,,,
STK19,,,,,,,,,,,,
ATF6B,,,,,,,,,,,,
FKBPL,,,,,,,,,,,,
PPT2,,,,,,,,,,,,
AGPAT1,,,,,,,,,,,,
RNF5,,,,,,,,,,,,
PBX2,,,,,,,,,,,,
HLA-DRB1,,,,-0.48797778374260425,-0.48797778374260425,-0.48797778374260425,,,,,,
TAP2,,,,,,,,,,,,
BRD2,,,,,,,,,,,,
RXRB,,,,,,,,,,,,
SLC39A7,,,,,,,,,,,,
HSD17B8,,,,,,,,,,,,
RING1,,,,,,,,,,,,
VPS52,,,,,,,,,,,,
RPS18,,,,,,,,,,,,
WDR46,,,,,,,,,,,,
PFDN6,,,,,,,,,,,,
TAPBP,,,,,,,,,,,,
DAXX,,,,,,,,,,,,
KIFC1,,,,,,,,,,,,
CUTA,,,,,,,,,,,,
BAK1,,,,-0.4557668647135182,-0.4557668647135182,-0.4557668647135182,,,,,,
ITPR3,,,,-0.48846467602931454,-0.48846467602931454,-0.48846467602931454,,,,,,
UQCC2,,,,,,,,,,,,
LEMD2,,,,,,,,,,,,
HMGA1,,,,,,,,,,,,
SMIM29,,,,-0.46633960451939094,-0.46633960451939094,-0.46633960451939094,,,,,,
NUDT3,,,,,,,,,,,,
RPS10,,,,,,,,,,,,
ILRUN,,,,,,,,,,,,
SNRPC,,,,,,,,,,,,
BLTP3A,,,,,,,,,,,,
TAF11,,,,,,,,,,,,
ANKS1A,,,,,,,,,,,,
ZNF76,,,,,,,,,,,,
PPARD,,,,,,,,,,,,
FANCE,,,,,,,,,,,,
RPL10A,,,,,,,,,,,,
TEAD3,,,,-0.5107498671185087,-0.5107498671185087,-0.5107498671185087,,,,,,
FKBP5,,,,,,,,,,,,
LHFPL5,,,,,,,,,,,,
SRPK1,,,,,,,,,,,,
MAPK14,,,,,,,,,,,,
BRPF3,,,,,,,,,,,,
KCTD20,,,,,,,,,,,,
STK38,,,,,,,,,,,,
SRSF3,,,,,,,,,,,,
CDKN1A,,,,,,,-0.4309512372217943,-0.07208952060396301,-0.25152037891287865,,,
PPIL1,,,,,,,,,,,,
C6orf89,,,,,,,,,,,,
MTCH1,,,,,,,,,,,,
TBC1D22B,,,,,,,,,,,,
RNF8,,,,,,,,,,,,
CMTR1,,,,,,,,,,,,
CCDC167,,,,,,,,,,,,
ZFAND3,,,,,,,,,,,,
BTBD9,,,,,,,,,,,,
GLO1,,,,,,,,,,,,
SAYSD1,,,,-0.5212337799184102,-0.5212337799184102,-0.5212337799184102,,,,,,
DAAM2,,,,,,,,,,,,
OARD1,,,,,,,,,,,,
NFYA,,,,,,,,,,,,
FOXP4,,,,,,,,,,,,
TOMM6,,,,,,,,,,,,
USP49,,,,-0.6069643720599258,-0.6069643720599258,-0.6069643720599258,,,,,,
MED20,,,,-0.41713168969606734,-0.41713168969606734,-0.41713168969606734,,,,,,
BYSL,,,,-0.5452128703902085,-0.5452128703902085,-0.5452128703902085,,,,,,
CCND3,,,,,,,,,,,,
TAF8,,,,-0.5908318568531241,-0.5908318568531241,-0.5908318568531241,,,,,,
MRPS10,,,,,,,,,,,,
TRERF1,,,,,,,,,,,,
UBR2,,,,,,,,,,,,
TBCC,,,,,,,,,,,,
BICRAL,,,,,,,,,,,,
RPL7L1,,,,,,,,,,,,
CNPY3,,,,-0.5450145549628059,-0.5450145549628059,-0.5450145549628059,,,,,,
PEX6,,,,-0.5897702379220175,-0.5897702379220175,-0.5897702379220175,,,,,,
PPP2R5D,,,,,,,,,,,,
MEA1,,,,,,,,,,,,
KLHDC3,,,,,,,,,,,,
RRP36,,,,,,,,,,,,
KLC4,,,,,,,,,,,,
MRPL2,,,,,,,,,,,,
PTK7,,,,,,,,,,,,
SRF,,,,,,,,,,,,
DNPH1,,,,,,,,,,,,
ZNF318,,,,,,,,,,,,
ABCC10,,,,-0.44889500536907995,-0.44889500536907995,-0.44889500536907995,,,,,,
TJAP1,,,,-0.6230041486862088,-0.6230041486862088,-0.6230041486862088,,,,,,
POLR1C,,,,,,,,,,,,
YIPF3,,,,,,,,,,,,
XPO5,,,,,,,,,,,,
POLH,,,,,,,,,,,,
GTPBP2,,,,-0.538641371362922,-0.538641371362922,-0.538641371362922,,,,,,
MAD2L1BP,,,,-0.47293261724928465,-0.47293261724928465,-0.47293261724928465,,,,,,
MRPS18A,,,,,,,,,,,,
VEGFA,,,,,,,,,,,,
MRPL14,,,,,,,,,,,,
TMEM63B,,,,,,,,,,,,
SLC29A1,,,,,,,,,,,,
HSP90AB1,,,,,,,,,,,,
SLC35B2,,,,,,,,,,,,
AARS2,,,,-0.6235394032907805,-0.6235394032907805,-0.6235394032907805,,,,,,
CDC5L,,,,,,,,,,,,
SUPT3H,,,,,,,,,,,,
RUNX2,,,,,,,,,,,,
CYP39A1,,,,,,,,,,,,
SLC25A27,,,,-0.5461116102614558,-0.5461116102614558,-0.5461116102614558,,,,,,
TNFRSF21,,,,,,,,,,,,
CD2AP,,,,,,,,,,,,
MMUT,,,,-0.5736978132968636,-0.5736978132968636,-0.5736978132968636,,,,,,
CENPQ,,,,,,,,,,,,
MCM3,,,,,,,,,,,,
PAQR8,-0.09819462532138548,-0.03676164190984693,-0.0674781336156162,,,,,,,-0.10899174349737875,0.002920577456902875,-0.05303558302023794
EFHC1,,,,,,,,,,,,
TRAM2,,,,,,,,,,,,
TMEM14A,,,,,,,,,,,,
GSTA4,,,,,,,,,,,,
CILK1,,,,,,,,,,,,
FBXO9,,,,,,,,,,,,
ELOVL5,,,,,,,,,,,,
GCLC,,,,-0.6521720677425694,-0.6521720677425694,-0.6521720677425694,,,,,,
LRRC1,,,,-0.5796116932565832,-0.5796116932565832,-0.5796116932565832,,,,,,
DST,,,,,,,,,,,,
KIAA1586,,,,,,,,,,,,
ZNF451,,,,,,,,,,,,
BAG2,,,,-0.5516651875485902,-0.5516651875485902,-0.5516651875485902,,,,,,
RAB23,,,,,,,,,,,,
PRIM2,,,,,,,,,,,,
PHF3,,,,,,,,,,,,
EYS,-0.12175592515021937,-0.04897440966828995,-0.08536516740925465,-0.8896087407687621,-0.09097890946819252,-0.4902938251184773,-0.30427993229322264,-0.039893353019170505,-0.17208664265619658,-0.18408327181623685,-0.026602374742785297,-0.10534282327951107
ADGRB3,,,,-0.9793261848990085,-0.12958741432853005,-0.5544567996137693,,,,,,
LMBRD1,,,,,,,,,,,,
COL19A1,,,,-0.5439178283140119,-0.5439178283140119,-0.5439178283140119,,,,,,
FAM135A,,,,,,,,,,,,
SDHAF4,,,,,,,,,,,,
SMAP1,,,,,,,,,,,,
B3GAT2,,,,,,,,,,,,
OGFRL1,,,,,,,,,,,,
KCNQ5,,,,-0.9452221393064751,-0.11305978150919081,-0.529140960407833,0.0796394382193697,0.4566248106820137,0.2681321244506917,,,
KHDC1,,,,,,,,,,,,
OOEP,-0.5588836689517387,-0.1074479859891612,-0.3331658274704499,,,,,,,,,
MTO1,,,,-0.6024699692377737,-0.6024699692377737,-0.6024699692377737,,,,,,
EEF1A1,,,,,,,,,,,,
SLC17A5,,,,,,,,,,,,
COX7A2,,,,,,,,,,,,
TMEM30A,,,,,,,,,,,,
SENP6,,,,,,,,,,,,
MYO6,,,,,,,,,,,,
IRAK1BP1,,,,,,,,,,,,
PHIP,,,,,,,,,,,,
HMGN3,,,,,,,,,,,,
LCA5,,,,-0.4626931595288277,-0.4626931595288277,-0.4626931595288277,,,,,,
SH3BGRL2,,,,,,,,,,,,
ELOVL4,,,,,,,,,,,,
TTK,,,,-0.5567415222364437,-0.5567415222364437,-0.5567415222364437,,,,,,
BCKDHB,,,,,,,,,,,,
TENT5A,,,,-0.5168350470461902,-0.5168350470461902,-0.5168350470461902,,,,,,
IBTK,,,,,,,,,,,,
TPBG,-0.052022162478091,0.020397229235592423,-0.01581246662124929,-0.7181929102730019,-0.06992768115292336,-0.39406029571296264,,,,,,
UBE3D,,,,,,,,,,,,
DOP1A,,,,,,,,,,,,
PGM3,,,,-0.4809334876813436,-0.4809334876813436,-0.4809334876813436,,,,,,
ME1,,,,,,,,,,,,
CYB5R4,,,,-0.5662653872031725,-0.5662653872031725,-0.5662653872031725,,,,,,
CEP162,,,,,,,,,,,,
TBX18,,,,,,,,,,,,
SNX14,,,,,,,,,,,,
SYNCRIP,,,,,,,,,,,,
ZNF292,,,,,,,,,,,,
SMIM8,,,,,,,,,,,,
SLC35A1,,,,,,,,,,,,
RARS2,,,,,,,,,,,,
ORC3,,,,,,,,,,,,
AKIRIN2,,,,,,,,,,,,
RNGTT,,,,,,,,,,,,
PNRC1,,,,,,,,,,,,
SRSF12,,,,,,,,,,,,
PM20D2,,,,-0.6526346635878787,-0.6526346635878787,-0.6526346635878787,,,,,,
UBE2J1,,,,,,,,,,,,
RRAGD,,,,,,,,,,,,
ANKRD6,,,,,,,,,,,,
LYRM2,,,,,,,,,,,,
MDN1,,,,,,,,,,,,
CASP8AP2,,,,,,,,,,,,
BACH2,,,,,,,,,,,,
MAP3K7,,,,,,,,,,,,
EPHA7,,,,,,,,,,,,
MANEA,,,,,,,,,,,,
UFL1,,,,,,,,,,,,
GPR63,,,,,,,,,,,,
NDUFAF4,,,,,,,,,,,,
MMS22L,,,,,,,,,,,,
POU3F2,,,,,,,,,,,,
FBXL4,,,,-0.6651219815859745,-0.6651219815859745,-0.6651219815859745,,,,,,
FAXC,,,,,,,,,,,,
COQ3,,,,,,,,,,,,
PNISR,,,,,,,,,,,,
USP45,,,,,,,,,,,,
TSTD3,,,,,,,,,,,,
CCNC,,,,,,,,,,,,
ASCC3,,,,,,,,,,,,
HACE1,,,,,,,,,,,,
LIN28B,,,,,,,0.13249722718908197,0.6475224200472591,0.39000982361817055,,,
POPDC3,,,,-0.4676206049210394,-0.4676206049210394,-0.4676206049210394,,,,,,
PREP,,,,-0.5751411296985338,-0.5751411296985338,-0.5751411296985338,,,,,,
ATG5,,,,,,,,,,,,
RTN4IP1,,,,,,,,,,,,
QRSL1,,,,,,,,,,,,
MTRES1,,,,-0.5938411819395538,-0.5938411819395538,-0.5938411819395538,,,,,,
BEND3,,,,,,,,,,,,
PDSS2,,,,,,,,,,,,
SOBP,,,,,,,,,,,,
SEC63,,,,,,,,,,,,
OSTM1,,,,,,,,,,,,
SNX3,,,,,,,,,,,,
AFG1L,,,,,,,,,,,,
FOXO3,,,,,,,,,,,,
ARMC2,,,,-0.47580765527038177,-0.47580765527038177,-0.47580765527038177,,,,,,
SESN1,,,,,,,,,,,,
CEP57L1,,,,,,,,,,,,
CD164,,,,,,,,,,,,
PPIL6,,,,,,,,,,,,
ZBTB24,,,,,,,,,,,,
FIG4,,,,,,,,,,,,
WASF1,,,,,,,,,,,,
CDC40,,,,,,,,,,,,
SLC22A16,-0.09496977825994218,-0.026619869259509352,-0.060794823759725766,-0.8576466067800856,-0.0487640081736606,-0.4532053074768731,-0.13314335922891032,0.046234909603794144,-0.04345422481255809,-0.1283523055653425,-0.018319642972211996,-0.07333597426877725
CDK19,,,,,,,,,,,,
AMD1,,,,,,,,,,,,
GTF3C6,,,,,,,,,,,,
RPF2,,,,,,,,,,,,
SLC16A10,,,,,,,,,,,,
MFSD4B,,,,,,,,,,,,
REV3L,,,,,,,,,,,,
TRAF3IP2,,,,,,,,,,,,
FYN,,,,,,,,,,,,
TUBE1,,,,,,,,,,,,
FAM229B,,,,,,,,,,,,
LAMA4,,,,-0.5141357050298888,-0.5141357050298888,-0.5141357050298888,,,,,,
MARCKS,,,,,,,,,,,,
HDAC2,,,,,,,,,,,,
NT5DC1,,,,,,,,,,,,
TSPYL4,,,,,,,,,,,,
DSE,,,,,,,,,,,,
TSPYL1,,,,,,,,,,,,
RWDD1,,,,,,,,,,,,
ZUP1,,,,,,,,,,,,
KPNA5,,,,,,,,,,,,
DCBLD1,,,,,,,,,,,,
GOPC,,,,,,,,,,,,
NUS1,,,,,,,,,,,,
SLC35F1,,,,,,,,,,,,
CEP85L,,,,,,,,,,,,
MCM9,,,,,,,,,,,,
ASF1A,,,,,,,,,,,,
FAM184A,,,,,,,,,,,,
MAN1A1,,,,,,,,,,,,
TBC1D32,,,,,,,,,,,,
GJA1,,,,,,,,,,,,
HSF2,,,,,,,,,,,,
SERINC1,,,,,,,,,,,,
PKIB,,,,,,,,,,,,
NKAIN2,,,,,,,,,,,,
RNF217,,,,,,,,,,,,
TPD52L1,,,,,,,,,,,,
HDDC2,,,,,,,,,,,,
HEY2,,,,,,,,,,,,
NCOA7,,,,,,,,,,,,
HINT3,,,,-0.6134069243156633,-0.6134069243156633,-0.6134069243156633,,,,,,
TRMT11,,,,,,,,,,,,
CENPW,,,,,,,,,,,,
RNF146,,,,,,,,,,,,
ECHDC1,,,,,,,,,,,,
PTPRK,,,,,,,,,,,,
LAMA2,,,,,,,,,,-0.11942003984952915,-0.00436307491798118,-0.061891557383755166
ARHGAP18,,,,,,,,,,,,
L3MBTL3,,,,,,,,,,,,
EPB41L2,,,,,,,,,,,,
AKAP7,,,,,,,,,,,,
MED23,,,,,,,,,,,,
ENPP1,,,,,,,,,,,,
MOXD1,,,,,,,,,,,,
STX7,,,,,,,,,,,,
SLC18B1,,,,,,,,,,,,
RPS12,,,,,,,,,,,,
EYA4,,,,-0.9671250028574923,-0.1411620010576044,-0.5541435019575484,,,,,,
TBPL1,,,,,,,,,,,,
HBS1L,,,,,,,,,,,,
AHI1,,,,,,,,,,,,
MTFR2,,,,-0.49625901223910746,-0.49625901223910746,-0.49625901223910746,,,,,,
BCLAF1,,,,,,,0.10409196588025942,0.6393036503249707,0.37169780810261505,,,
MAP7,,,,,,,,,,,,
MAP3K5,,,,,,,,,,,,
PEX7,,,,,,,,,,,,
IFNGR1,,,,,,,,,,,,
PERP,,,,,,,,,,,,
ARFGEF3,,,,,,,,,,,,
HEBP2,,,,,,,,,,,,
NHSL1,,,,,,,,,,,,
CCDC28A,,,,,,,,,,,,
REPS1,,,,,,,,,,,,
ABRACL,,,,,,,,,,,,
HECA,,,,-0.5306625874186341,-0.5306625874186341,-0.5306625874186341,,,,,,
CITED2,,,,,,,,,,,,
VTA1,,,,,,,,,,,,
HIVEP2,,,,,,,,,,,,
AIG1,,,,,,,,,,,,
ADAT2,,,,,,,,,,,,
PEX3,,,,-0.5483020852170725,-0.5483020852170725,-0.5483020852170725,,,,,,
FUCA2,,,,,,,,,,,,
PHACTR2,,,,,,,,,,,,
LTV1,,,,,,,,,,,,
PLAGL1,,,,,,,,,,,,
SF3B5,,,,,,,,,,,,
UTRN,,,,,,,,,,,,
EPM2A,,,,-0.469684837950421,-0.469684837950421,-0.469684837950421,,,,,,
FBXO30,,,,-0.4996384917977957,-0.4996384917977957,-0.4996384917977957,,,,,,
SHPRH,,,,,,,,,,,,
RAB32,,,,,,,,,,,,
STXBP5,,,,,,,,,,,,
SAMD5,,,,-0.45814984764487254,-0.45814984764487254,-0.45814984764487254,,,,,,
SASH1,,,,,,,,,,,,
UST,,,,,,,,,,,,
TAB2,,,,,,,,,,,,
PPIL4,,,,,,,,,,,,
GINM1,,,,,,,,,,,,
KATNA1,,,,,,,,,,,,
LATS1,,,,,,,,,,,,
NUP43,,,,,,,,,,,,
PCMT1,,,,,,,,,,,,
LRP11,,,,,,,,,,,,
ULBP3,,,,-0.542464201745823,-0.542464201745823,-0.542464201745823,,,,,,
PPP1R14C,,,,-0.6591229396415235,-0.6591229396415235,-0.6591229396415235,,,,,,
PLEKHG1,,,,,,,,,,,,
MTHFD1L,,,,,,,,,,,,
AKAP12,,,,,,,,,,,,
ZBTB2,,,,,,,,,,,,
RMND1,,,,,,,,,,,,
ARMT1,,,,,,,,,,,,
SYNE1,,,,,,,,,,-0.10739523023962967,0.02015760447643381,-0.043618812881597926
FBXO5,,,,,,,,,,,,
MTRF1L,,,,,,,,,,,,
RGS17,,,,,,,,,,,,
CNKSR3,,,,-0.5559077549142352,-0.5559077549142352,-0.5559077549142352,,,,,,
SCAF8,,,,-0.9754200220292469,-0.17184817664871077,-0.5736340993389788,,,,,,
TIAM2,,,,,,,,,,,,
TFB1M,,,,,,,,,,,,
ARID1B,,,,,,,,,,,,
TMEM242,,,,,,,,,,,,
ZDHHC14,,,,-0.9666987775873357,-0.19620690061002152,-0.5814528390986786,,,,,,
SNX9,,,,,,,,,,,,
SYNJ2,,,,,,,,,,,,
SERAC1,,,,,,,,,,,,
GTF2H5,,,,,,,,,,,,
TULP4,,,,,,,,,,,,
TMEM181,,,,,,,,,,,,
DYNLT1,,,,,,,,,,,,
SYTL3,-0.08742457623173129,-0.015723077617991944,-0.05157382692486162,,,,,,,-0.09529147534608291,-0.0033420012438895807,-0.04931673829498625
EZR,,,,,,,,,,,,
RSPH3,,,,,,,,,,,,
SOD2,,,,,,,,,,,,
WTAP,-0.4181487191849251,-0.10217126188010188,-0.2601599905325135,,,,,,,,,
ACAT2,,,,,,,,,,,,
TCP1,,,,,,,,,,,,
MRPL18,,,,,,,,,,,,
IGF2R,,,,,,,,,,,,
MAP3K4,,,,,,,,,,,,
AGPAT4,,,,,,,,,,,,
PRKN,,,,,,,,,,,,
QKI,,,,,,,,,,,,
PDE10A,,,,,,,,,,,,
SFT2D1,,,,,,,,,,,,
MPC1,,,,,,,,,,,,
RPS6KA2,,,,,,,,,,,,
RNASET2,,,,,,,,,,,,
CEP43,,,,,,,,,,,,
AFDN,,,,,,,,,,,,
WDR27,,,,,,,,,,,,
C6orf120,,,,,,,,,,,,
PHF10,,,,,,,,,,,,
ERMARD,,,,-0.5573349030262665,-0.5573349030262665,-0.5573349030262665,,,,,,
FAM120B,,,,,,,,,,,,
PSMB1,,,,,,,,,,,,
TBP,,,,,,,,,,,,
PDCD2,,,,,,,,,,,,
PRKAR1B,,,,,,,,,,,,
DNAAF5,,,,,,,,,,,,
SUN1,,,,,,,,,,,,
COX19,,,,,,,,,,,,
C7orf50,,,,,,,,,,,,
ZFAND2A,,,,-0.546735490130743,-0.546735490130743,-0.546735490130743,,,,,,
INTS1,,,,,,,,,,,,
PSMG3,,,,,,,,,,,,
MAD1L1,,,,,,,,,,,,
MRM2,,,,,,,,,,,,
NUDT1,,,,,,,,,,,,
SNX8,,,,,,,,,,,,
EIF3B,,,,-0.9617071297047017,-0.10114851400026657,-0.5314278218524842,,,,,,
CHST12,,,,,,,,,,,,
BRAT1,,,,,,,,,,,,
IQCE,,,,-0.4722047877130552,-0.4722047877130552,-0.4722047877130552,,,,,,
TTYH3,,,,-0.5847873338387379,-0.5847873338387379,-0.5847873338387379,,,,,,
GNA12,,,,-0.6653802396520009,-0.6653802396520009,-0.6653802396520009,,,,,,
SDK1,,,,,,,,,,,,
FOXK1,,,,,,,,,,,,
AP5Z1,,,,,,,,,,,,
RADIL,,,,-0.5667800214745315,-0.5667800214745315,-0.5667800214745315,,,,,,
RBAK,,,,-0.4614792857336393,-0.4614792857336393,-0.4614792857336393,,,,,,
WIPI2,,,,,,,,,,,,
SLC29A4,,,,-0.4936800178709037,-0.4936800178709037,-0.4936800178709037,,,,,,
TNRC18,,,,,,,,,,,,
FBXL18,,,,,,,,,,,,
ACTB,,,,,,,,,,,,
FSCN1,,,,,,,,,,,,
RNF216,,,,,,,,,,,,
CCZ1,,,,,,,,,,,,
PMS2,,,,,,,,,,,,
AIMP2,,,,,,,,,,,,
EIF2AK1,,,,,,,,,,,,
USP42,,,,-0.6824545780398259,-0.6824545780398259,-0.6824545780398259,,,,,,
CYTH3,,,,,,,,,,,,
RAC1,,,,,,,,,,,,
DAGLB,,,,,,,,,,,,
KDELR2,,,,,,,,,,,,
ZDHHC4,,,,,,,,,,,,
INTS15,,,,,,,,,,,,
ZNF316,,,,,,,,,,,,
ZNF12,,,,,,,,,,,,
CCZ1B,,,,-0.5557401960769061,-0.5557401960769061,-0.5557401960769061,,,,,,
C1GALT1,,,,,,,,,,,,
MIOS,,,,,,,,,,,,
RPA3,-0.8952365742517475,-0.13758329329084923,-0.5164099337712984,,,,,,,,,
UMAD1,,,,,,,,,,,,
GLCCI1,,,,,,,,,,,,
NXPH1,-0.09562066078878428,-0.021915669250889967,-0.05876816501983713,,,,,,,-0.1677628331285155,-0.04122978489434211,-0.10449630901142881
NDUFA4,,,,,,,,,,,,
PHF14,,,,,,,,,,,,
TMEM106B,,,,,,,,,,,,
VWDE,,,,-0.48824408225575505,-0.48824408225575505,-0.48824408225575505,,,,,,
ARL4A,,,,,,,,,,,,
DGKB,-0.10965907409667427,-0.02613923737145344,-0.06789915573406385,-0.9210558876038986,-0.09961006259529255,-0.5103329750995955,,,,,,
CRPPA,,,,,,,,,,,,
ANKMY2,,,,,,,,,,,,
BZW2,,,,,,,,,,,,
TSPAN13,,,,,,,,,,,,
AHR,,,,,,,,,,,,
SNX13,,,,,,,,,,,,
HDAC9,,,,,,,,,,,,
TWIST1,,,,-0.6060914276458403,-0.6060914276458403,-0.6060914276458403,,,,,,
POLR1F,,,,,,,,,,,,
SP4,,,,-0.5575519597907614,-0.5575519597907614,-0.5575519597907614,0.08069767665527167,0.4993991082978546,0.2900483924765631,,,
DNAH11,,,,,,,,,,,,
CDCA7L,,,,,,,,,,,,
RAPGEF5,,,,,,,,,,,,
STEAP1B,-0.10369570885218626,-0.031658857827165564,-0.06767728333967592,,,,,,,-0.11976225592316352,-0.01196428066166877,-0.06586326829241615
TOMM7,,,,,,,,,,,,
HYCC1,,,,,,,,,,,,
KLHL7,,,,,,,,,,,,
NUP42,,,,,,,,,,,,
MALSU1,,,,,,,,,,,,
IGF2BP3,,,,,,,,,,,,
TRA2A,,,,,,,,,,,,
CCDC126,,,,-0.5051279072954229,-0.5051279072954229,-0.5051279072954229,,,,,,
PALS2,,,,,,,,,,,,
OSBPL3,,,,,,,,,,,,
CYCS,,,,,,,,,,,,
C7orf31,,,,,,,,,,,,
NFE2L3,,,,,,,,,,,,
HNRNPA2B1,,,,,,,0.1332420567126221,0.47121921553595425,0.3022306361242882,,,
CBX3,,,,,,,,,,,,
SNX10,,,,,,,,,,,,
SKAP2,,,,,,,,,,,,
HOXA3,,,,,,,,,,,,
HOXA5,,,,,,,,,,,,
HOXA7,,,,,,,,,,,,
HOXA9,,,,,,,,,,,,
HOXA10,,,,,,,,,,,,
HOXA11,,,,-0.5885127154929464,-0.5885127154929464,-0.5885127154929464,,,,,,
HOXA13,,,,,,,,,,,,
HIBADH,,,,,,,,,,,,
TAX1BP1,,,,,,,,,,,,
JAZF1,,,,,,,,,,,,
CREB5,,,,,,,,,,,,
CPVL,,,,,,,,,,,,
CHN2,,,,,,,,,,,,
WIPF3,,,,-0.3750741465774016,-0.3750741465774016,-0.3750741465774016,,,,,,
SCRN1,,,,,,,,,,,,
FKBP14,,,,-0.5224493438817466,-0.5224493438817466,-0.5224493438817466,,,,,,
PLEKHA8,,,,,,,,,,,,
MTURN,,,,,,,,,,,,
ZNRF2,,,,,,,,,,,,
NOD1,,,,-0.5317220918175131,-0.5317220918175131,-0.5317220918175131,,,,,,
GGCT,,,,,,,,,,,,
GARS1,,,,,,,,,,,,
MINDY4,,,,,,,,,,,,
LSM5,,,,,,,,,,,,
AVL9,,,,,,,,,,,,
KBTBD2,,,,-0.492107013997467,-0.492107013997467,-0.492107013997467,,,,,,
FKBP9,,,,,,,,,,,,
NT5C3A,,,,,,,,,,,,
RP9,,,,,,,,,,,,
BBS9,,,,,,,,,,,,
BMPER,-0.18400705850029267,-0.04850397416989044,-0.11625551633509155,,,,,,,-0.2252795361519527,-0.057122597485860675,-0.14120106681890668
DPY19L1,,,,,,,,,,,,
TBX20,,,,-0.5346122762964747,-0.5346122762964747,-0.5346122762964747,,,,,,
HERPUD2,,,,,,,,,,,,
SEPTIN7,,,,,,,,,,,,
EEPD1,,,,-0.5493599837370485,-0.5493599837370485,-0.5493599837370485,,,,,,
MATCAP2,,,,,,,,,,,,
ANLN,,,,-0.7044610298280161,-0.7044610298280161,-0.7044610298280161,,,,,,
ELMO1,,,,,,,,,,,,
STARD3NL,,,,,,,,,,,,
AMPH,,,,-0.5616676958216185,-0.5616676958216185,-0.5616676958216185,,,,,,
VPS41,,,,,,,,,,,,
POU6F2,,,,,,,,,,,,
YAE1,,,,,,,,,,,,
RALA,,,,,,,,,,,,
CDK13,,,,,,,,,,,,
MPLKIP,,,,,,,,,,,,
SUGCT,,,,,,,,,,,,
GLI3,,,,,,,,,,,,
C7orf25,,,,,,,,,,,,
PSMA2,,,,,,,,,,,,
MRPL32,,,,,,,,,,,,
STK17A,,,,,,,,,,,,
COA1,,,,,,,,,,,,
BLVRA,,,,,,,,,,,,
MRPS24,,,,,,,,,,,,
URGCP,,,,,,,,,,,,
UBE2D4,,,,,,,,,,,,
DBNL,,,,,,,,,,,,
POLM,,,,-0.4999621937288478,-0.4999621937288478,-0.4999621937288478,,,,,,
POLD2,,,,,,,,,,,,
YKT6,,,,,,,,,,,,
NUDCD3,,,,,,,,,,,,
DDX56,,,,,,,,,,,,
TMED4,-0.6149819222098217,-0.1178011861880987,-0.3663915541989602,,,,,,,,,
OGDH,,,,,,,,,,,,
ZMIZ2,,,,-0.6252165415268679,-0.6252165415268679,-0.6252165415268679,,,,,,
PPIA,,,,,,,,,,,,
PURB,,,,,,,,,,,,
CCM2,,,,,,,,,,,,
TBRG4,,,,,,,,,,,,
ADCY1,,,,,,,,,,,,
TNS3,,,,-0.6341926586421253,-0.6341926586421253,-0.6341926586421253,,,,,,
HUS1,,,,,,,,,,,,
UPP1,,,,,,,,,,,,
FIGNL1,,,,-0.49782464961999806,-0.49782464961999806,-0.49782464961999806,,,,,,
GRB10,,,,,,,,,,,,
COBL,,,,,,,,,,,,
SEC61G,,,,,,,,,,,,
EGFR,,,,,,,,,,,,
LANCL2,,,,,,,,,,,,
VOPP1,,,,-0.6656009398491451,-0.6656009398491451,-0.6656009398491451,,,,,,
ZNF713,,,,,,,,,,,,
NIPSNAP2,,,,,,,,,,,,
MRPS17,,,,,,,,,,,,
PSPH,,,,,,,,,,,,
CCT6A,,,,,,,,,,,,
SUMF2,,,,,,,,,,,,
PHKG1,,,,,,,,,,,,
CHCHD2,,,,,,,,,,,,
ZNF736,,,,-0.6053820371488281,-0.6053820371488281,-0.6053820371488281,,,,,,
ZNF680,,,,,,,,,,,,
ZNF107,,,,,,,,,,,,
ZNF138,,,,,,,,,,,,
ZNF273,,,,,,,,,,,,
ZNF92,,,,,,,,,,,,
VKORC1L1,,,,,,,,,,,,
GUSB,,,,,,,,,,,,
ASL,,,,,,,,,,,,
CRCP,,,,,,,,,,,,
TPST1,,,,,,,,,,,,
RABGEF1,,,,,,,,,,,,
TMEM248,,,,,,,,,,,,
SBDS,,,,,,,,,,,,
TYW1,,,,,,,,,,,,
AUTS2,,,,,,,,,,,,
CALN1,-0.0751994467463309,0.00616690567650062,-0.03451627053491514,-0.8912646203127056,-0.05232374720309163,-0.4717941837578986,,,,,,
TYW1B,,,,,,,,,,,,
POM121,,,,-0.9591105880388915,-0.14277739838056672,-0.5509439932097291,,,,,,
NSUN5,,,,,,,,,,,,
BAZ1B,,,,,,,,,,,,
BCL7B,,,,-0.597071503027787,-0.597071503027787,-0.597071503027787,,,,,,
TBL2,,,,,,,,,,,,
MLXIPL,,,,-0.4452250274906347,-0.4452250274906347,-0.4452250274906347,,,,,,
DNAJC30,,,,,,,,,,,,
BUD23,,,,,,,,,,,,
ABHD11,,,,,,,,,,,,
LIMK1,,,,,,,,,,,,
EIF4H,,,,,,,0.0701077086840981,0.7742164916298974,0.42216210015699773,,,
RFC2,,,,,,,,,,,,
CLIP2,,,,,,,,,,,,
GTF2IRD1,,,,,,,,,,,,
GTF2I,,,,,,,,,,,,
CASTOR2,,,,-0.5640762662601121,-0.5640762662601121,-0.5640762662601121,,,,,,
RCC1L,,,,,,,,,,,,
POM121C,,,,,,,,,,,,
HIP1,,,,,,,,,,,,
RHBDD2,,,,,,,,,,,,
POR,,,,,,,,,,,,
TMEM120A,,,,,,,,,,,,
STYXL1,,,,,,,,,,,,
MDH2,,,,,,,,,,,,
HSPB1,,,,,,,,,,,,
YWHAG,,,,,,,,,,,,
POMZP3,,,,,,,,,,,,
PTPN12,,,,,,,,,,,,
RSBN1L,,,,,,,,,,,,
TMEM60,,,,,,,,,,,,
PHTF2,,,,,,,,,,,,
MAGI2,,,,,,,,,,,,
GNAI1,,,,,,,,,,,,
SEMA3C,,,,-0.3389780467493022,-0.3389780467493022,-0.3389780467493022,,,,,,
CACNA2D1,,,,,,,,,,,,
PCLO,,,,,,,,,,,,
SEMA3E,-0.09636216249164335,-0.016102311394126566,-0.056232236942884956,,,,,,,,,
SEMA3A,,,,,,,,,,,,
SEMA3D,,,,,,,,,,,,
ELAPOR2,,,,,,,,,,,,
DMTF1,,,,,,,,,,,,
TMEM243,,,,,,,,,,,,
CROT,,,,,,,,,,,,
ABCB1,-0.11653138482408737,-0.008911942939104776,-0.06272166388159607,-0.9479729940211543,-0.13253834206614648,-0.5402556680436504,,,,,,
RUNDC3B,,,,,,,,,,,,
SLC25A40,,,,,,,,,,,,
DBF4,,,,,,,,,,,,
ADAM22,,,,,,,,,,,,
SRI,,,,,,,,,,,,
STEAP1,,,,-0.47638777739580856,-0.47638777739580856,-0.47638777739580856,,,,,,
STEAP2,,,,-0.5468418329465368,-0.5468418329465368,-0.5468418329465368,,,,,,
GTPBP10,,,,,,,,,,,,
CLDN12,,,,-0.37916514664216866,-0.37916514664216866,-0.37916514664216866,,,,,,
CDK14,,,,,,,,,,,,
MTERF1,,,,,,,,,,,,
AKAP9,,,,,,,,,,,,
CYP51A1,,,,,,,,,,,,
KRIT1,,,,,,,,,,,,
ANKIB1,,,,,,,,,,,,
GATAD1,,,,,,,,,,,,
PEX1,,,,,,,,,,,,
RBM48,,,,,,,,,,,,
FAM133B,,,,,,,,,,,,
CDK6,,,,,,,,,,,,
VPS50,,,,-0.5163964643482446,-0.5163964643482446,-0.5163964643482446,,,,,,
GNGT1,,,,,,,,,,,,
GNG11,,,,,,,,,,,,
BET1,,,,,,,,,,,,
CASD1,,,,,,,,,,,,
SGCE,,,,,,,,,,,,
PPP1R9A,,,,,,,,,,,,
PON2,,,,,,,,,,,,
DYNC1I1,,,,,,,,,,,,
SLC25A13,,,,,,,,,,,,
SEM1,,,,,,,,,,,,
SDHAF3,,,,,,,,,,,,
LMTK2,,,,,,,,,,,,
TECPR1,,,,,,,,,,,,
BRI3,,,,,,,,,,,,
BAIAP2L1,,,,,,,,,,,,
TRRAP,,,,,,,,,,,,
SMURF1,,,,-0.9682898646375857,-0.13370154586716396,-0.5509957052523748,,,,,,
ARPC1A,,,,,,,,,,,,
ARPC1B,,,,,,,,,,,,
PDAP1,,,,,,,,,,,,
BUD31,,,,,,,,,,,,
PTCD1,,,,,,,,,,,,
CPSF4,,,,,,,,,,,,
ATP5MF,-0.3569308756310231,-0.06361895425085735,-0.21027491494094022,,,,,,,,,
ZNF789,,,,,,,,,,,,
ZNF394,,,,,,,,,,,,
ZKSCAN5,,,,-0.4373457217916164,-0.4373457217916164,-0.4373457217916164,,,,,,
FAM200A,,,,,,,,,,,,
ZNF655,,,,,,,,,,,,
ZSCAN25,,,,-0.4765975440506764,-0.4765975440506764,-0.4765975440506764,,,,,,
TRIM4,,,,,,,,,,,,
ZKSCAN1,,,,,,,,,,,,
ZSCAN21,,,,-0.5231175302719132,-0.5231175302719132,-0.5231175302719132,,,,,,
ZNF3,,,,,,,,,,,,
COPS6,,,,,,,,,,,,
MCM7,,,,,,,,,,,,
AP4M1,-0.10769377436542811,-0.01492971723445056,-0.06131174579993934,,,,,,,,,
TAF6,,,,,,,,,,,,
LAMTOR4,-0.5419124780760319,-0.08406554334763384,-0.3129890107118329,,,,,,,,,
PILRB,,,,,,,,,,,,
ZCWPW1,,,,-0.2627332160572378,-0.2627332160572378,-0.2627332160572378,,,,,,
MEPCE,-0.20692485894330878,-0.0010413223828812021,-0.103983090663095,,,,,,,,,
PPP1R35,,,,,,,,,,,,
TSC22D4,,,,-0.5395917516614284,-0.5395917516614284,-0.5395917516614284,,,,,,
AGFG2,,,,,,,,,,,,
GNB2,,,,,,,,,,,,
GIGYF1,-0.39978251188195474,-0.08912995210753916,-0.24445623199474695,,,,,,,,,
POP7,,,,,,,,,,,,
ZAN,-0.07528035493260826,-0.02431368062800394,-0.0497970177803061,,,,-0.07925771775382479,-0.011504643501615668,-0.04538118062772023,-0.09253977930767857,-0.04558225578831877,-0.06906101754799868
EPHB4,,,,,,,,,,,,
SLC12A9,,,,,,,,,,,,
TRIP6,,,,,,,,,,,,
SRRT,,,,,,,,,,,,
UFSP1,,,,-0.39674824874306963,-0.39674824874306963,-0.39674824874306963,,,,,,
AP1S1,,,,,,,,,,,,
PLOD3,,,,-0.5339201701190424,-0.5339201701190424,-0.5339201701190424,,,,,,
ZNHIT1,,,,,,,,,,,,
FIS1,,,,,,,,,,,,
IFT22,,,,,,,,,,,,
COL26A1,,,,,,,,,,,,
CUX1,,,,,,,,,,,,
PRKRIP1,,,,,,,,,,,,
ORAI2,,,,,,,,,,,,
ALKBH4,,,,,,,,,,,,
LRWD1,,,,-0.5400432199434212,-0.5400432199434212,-0.5400432199434212,,,,,,
POLR2J,-0.6665081916978469,-0.16233858368108398,-0.41442338768946546,,,,,,,,,
POLR2J3,,,,,,,,,,,,
UPK3BL1,,,,,,,,,,-0.31735938505286093,-0.055722125360765304,-0.18654075520681312
FAM185A,,,,,,,,,,,,
FBXL13,,,,,,,,,,,,
ARMC10,,,,,,,,,,,,
NAPEPLD,,,,-0.50914022786572,-0.50914022786572,-0.50914022786572,,,,,,
PMPCB,,,,,,,,,,,,
DNAJC2,,,,,,,,,,,,
PSMC2,,,,,,,,,,,,
RELN,-0.12107142405180728,-0.03462725474222801,-0.07784933939701764,-0.9383107663300615,-0.123301874614333,-0.5308063204721972,,,,-0.12422328981442807,0.0025230568879199456,-0.06085011646325406
ORC5,,,,,,,,,,,,
KMT2E,,,,,,,,,,,,
SRPK2,,,,,,,,,,,,
PUS7,,,,,,,,,,,,
RINT1,,,,,,,,,,,,
EFCAB10,,,,-0.4351590469394921,-0.4351590469394921,-0.4351590469394921,,,,,,
ATXN7L1,,,,,,,,,,,,
CDHR3,,,,-0.5884436481062068,-0.5884436481062068,-0.5884436481062068,,,,,,
SYPL1,,,,,,,,,,,,
NAMPT,,,,,,,,,,,,
CCDC71L,,,,,,,,,,,,
PRKAR2B,,,,,,,,,,,,
HBP1,,,,,,,,,,,,
COG5,,,,,,,,,,,,
DUS4L,,,,,,,,,,,,
BCAP29,,,,,,,,,,,,
CBLL1,,,,,,,0.10352771721799665,0.5372759362290465,0.3204018267235216,,,
SLC26A3,,,,,,,,,,,,
DLD,,,,,,,,,,,,
LAMB1,,,,,,,,,,,,
NRCAM,,,,,,,,,,,,
PNPLA8,-0.10509016851676237,-0.016627075565422336,-0.06085862204109235,,,,,,,-0.11670628375376675,-0.006973466312159026,-0.06183987503296289
THAP5,,,,,,,,,,,,
IMMP2L,,,,,,,,,,,,
DOCK4,,,,,,,,,,,,
ZNF277,,,,,,,,,,,,
IFRD1,,,,,,,,,,,,
TMEM168,,,,,,,,,,,,
BMT2,,,,,,,,,,,,
SMIM30,,,,,,,,,,,,
FOXP2,,,,,,,,,,,,
MDFIC,,,,,,,,,,,,
TES,,,,,,,,,,,,
CAV2,,,,,,,,,,,,
CAV1,,,,,,,,,,,,
MET,,,,,,,,,,,,
CAPZA2,,,,,,,,,,,,
ST7,,,,,,,,,,,,
CTTNBP2,,,,,,,,,,,,
LSM8,,,,,,,,,,,,
ANKRD7,,,,-0.42816660646803406,-0.42816660646803406,-0.42816660646803406,,,,,,
KCND2,,,,,,,,,,,,
TSPAN12,,,,,,,,,,,,
ING3,,,,,,,,,,,,
FAM3C,,,,,,,,,,,,
AASS,,,,-0.5690629816573443,-0.5690629816573443,-0.5690629816573443,,,,,,
CADPS2,,,,,,,,,,,,
NDUFA5,,,,,,,,,,,,
WASL,,,,,,,,,,,,
POT1,,,,,,,,,,,,
ZNF800,,,,,,,,,,,,
ARF5,,,,,,,,,,,,
SND1,,,,,,,,,,,,
RBM28,,,,,,,,,,,,
IMPDH1,,,,,,,,,,,,
HILPDA,,,,,,,,,,,,
METTL2B,,,,,,,,,,,,
CALU,,,,,,,,,,,,
CCDC136,,,,,,,,,,,,
FLNC,,,,,,,,,,,,
ATP6V1F,,,,,,,,,,,,
TNPO3,,,,,,,,,,,,
TSPAN33,,,,-0.5157339514104706,-0.5157339514104706,-0.5157339514104706,,,,,,
SMO,,,,,,,,,,,,
AHCYL2,,,,,,,,,,,,
STRIP2,,,,-0.4853020831174423,-0.4853020831174423,-0.4853020831174423,,,,,,
NRF1,,,,,,,,,,,,
UBE2H,,,,,,,,,,,,
ZC3HC1,,,,,,,,,,,,
KLHDC10,,,,,,,,,,,,
TMEM209,,,,,,,,,,,,
CEP41,,,,,,,,,,,,
COPG2,,,,,,,,,,,,
MKLN1,,,,,,,,,,,,
PODXL,,,,-0.5748129008686742,-0.5748129008686742,-0.5748129008686742,,,,,,
CHCHD3,,,,,,,,,,,,
EXOC4,,,,,,,,,,,,
SLC35B4,,,,,,,,,,,,
AKR1B1,,,,,,,,,,,,
BPGM,,,,,,,,,,,,
CALD1,,,,,,,,,,,,
AGBL3,,,,-0.9727138292891679,-0.11899877570723065,-0.5458563024981993,,,,,,
CYREN,,,,,,,,,,,,
WDR91,,,,,,,,,,,,
CNOT4,,,,,,,,,,,,
NUP205,,,,,,,,,,,,
STMP1,,,,,,,,,,,,
MTPN,,,,,,,,,,,,
CREB3L2,,,,,,,,,,,,
TRIM24,,,,,,,,,,,,
KIAA1549,,,,,,,,,,,,
ZC3HAV1L,,,,-0.55339957082732,-0.55339957082732,-0.55339957082732,,,,,,
ZC3HAV1,,,,,,,,,,,,
TTC26,,,,,,,,,,,,
UBN2,,,,,,,,,,,,
FMC1,,,,,,,,,,,,
LUC7L2,,,,,,,,,,,,
KLRG2,,,,-0.5416195324981271,-0.5416195324981271,-0.5416195324981271,,,,,,
HIPK2,,,,,,,,,,,,
TBXAS1,,,,-0.602568207758409,-0.602568207758409,-0.602568207758409,,,,,,
KDM7A,,,,,,,,,,,,
SLC37A3,,,,,,,,,,,,
MKRN1,,,,,,,,,,,,
DENND2A,,,,-0.4618006720065129,-0.4618006720065129,-0.4618006720065129,,,,,,
ADCK2,,,,,,,,,,,,
NDUFB2,,,,,,,,,,,,
BRAF,,,,,,,,,,,,
MRPS33,,,,,,,,,,,,
TMEM178B,,,,,,,,,,,,
AGK,,,,,,,,,,,,
DENND11,,,,-0.5849056415852858,-0.5849056415852858,-0.5849056415852858,,,,,,
SSBP1,-0.412006587242883,-0.0837891308377735,-0.24789785904032827,,,,,,,,,
GSTK1,,,,,,,,,,,,
CASP2,,,,,,,,,,,,
ZYX,,,,,,,,,,,,
TCAF1,,,,,,,,,,,,
TPK1,,,,,,,,,,,,
CNTNAP2,,,,,,,,,,,,
CUL1,,,,,,,,,,,,
EZH2,,,,-0.9722480312302398,-0.15093700155431958,-0.5615925163922797,,,,,,
PDIA4,,,,,,,,,,,,
ZNF786,,,,,,,,,,,,
ZNF425,,,,,,,,,,,,
ZNF398,,,,,,,,,,,,
ZNF282,,,,,,,,,,,,
ZNF212,,,,,,,,,,,,
ZNF783,,,,-0.4494358514857698,-0.4494358514857698,-0.4494358514857698,,,,,,
ZNF777,,,,-0.3178275374341463,-0.3178275374341463,-0.3178275374341463,,,,,,
ZNF746,,,,,,,,,,,,
KRBA1,,,,-0.49460148276350885,-0.49460148276350885,-0.49460148276350885,,,,,,
ZNF862,-0.11116397641387807,-0.03738259276493538,-0.07427328458940673,-0.8980731539543131,-0.06994103584455279,-0.48400709489943294,-0.12657549740984098,-0.002578304337361903,-0.06457690087360143,-0.13640346399901504,-0.010709945193816583,-0.0735567045964158
ATP6V0E2,,,,,,,,,,,,
LRRC61,,,,-0.3119894905748784,-0.3119894905748784,-0.3119894905748784,,,,,,
REPIN1,,,,,,,,,,,,
ZNF775,,,,-0.46709950680954776,-0.46709950680954776,-0.46709950680954776,,,,,,
ABCB8,,,,,,,,,,,,
CDK5,,,,,,,,,,,,
SLC4A2,,,,,,,,,,,,
FASTK,,,,,,,,,,,,
TMUB1,,,,,,,,,,,,
AGAP3,,,,,,,,,,,,
ABCF2,,,,,,,,,,,,
CHPF2,,,,-0.5434182508658099,-0.5434182508658099,-0.5434182508658099,,,,,,
SMARCD3,,,,-0.6649821128658795,-0.6649821128658795,-0.6649821128658795,,,,,,
NUB1,,,,,,,,,,,,
RHEB,,,,,,,,,,,,
PRKAG2,,,,,,,,,,,,
GALNT11,,,,,,,,,,,,
KMT2C,,,,,,,,,,,,
XRCC2,,,,-0.9793030352658033,-0.20462487113602257,-0.5919639532009129,,,,,,
ACTR3B,,,,-0.9775596604851674,-0.24273490747033352,-0.6101472839777504,,,,,,
PAXIP1,,,,,,,,,,,,
INSIG1,,,,,,,,,,,,
EN2,,,,,,,,,,,,
RBM33,,,,,,,,,,,,
RNF32,,,,-0.48440475506562347,-0.48440475506562347,-0.48440475506562347,,,,,,
LMBR1,,,,,,,,,,,,
NOM1,,,,,,,,,,,,
MNX1,,,,,,,,,,,,
UBE3C,,,,,,,,,,,,
DNAJB6,,,,,,,,,,,,
NCAPG2,,,,,,,,,,,,
ESYT2,,,,-0.6871904832957763,-0.6871904832957763,-0.6871904832957763,,,,,,
DYNC2I1,,,,,,,,,,,,
FBXO25,,,,-0.5103703617129152,-0.5103703617129152,-0.5103703617129152,,,,,,
ERICH1,,,,,,,,,,,,
CLN8,,,,,,,,,,,,
ARHGEF10,,,,,,,,,,,,
CSMD1,,,,,,,,,,,,
MCPH1,,,,,,,,,,,,
ANGPT2,,,,,,,,,,,,
AGPAT5,,,,,,,,,,,,
MFHAS1,,,,,,,,,,,,
ERI1,,,,,,,,,,,,
TNKS,,,,,,,,,,,,
MSRA,,,,,,,,,,,,
PINX1,,,,,,,,,,,,
XKR6,,,,,,,,,,,,
MTMR9,,,,-0.5671591794461468,-0.5671591794461468,-0.5671591794461468,,,,,,
GATA4,,,,,,,,,,,,
NEIL2,,,,-0.5792663451870262,-0.5792663451870262,-0.5792663451870262,,,,,,
FDFT1,,,,,,,,,,,,
CTSB,,,,,,,,,,,,
LONRF1,,,,-0.5404790051536137,-0.5404790051536137,-0.5404790051536137,,,,,,
DLC1,,,,,,,,,,,,
SGCZ,-0.09823519113287248,-0.01800797526108586,-0.05812158319697917,-0.9176263533808586,-0.11993092393122624,-0.5187786386560425,,,,-0.1670333006169823,-0.009585625844907736,-0.08830946323094502
TUSC3,,,,,,,,,,,,
MICU3,,,,,,,,,,,,
ZDHHC2,,,,,,,,,,,,
CNOT7,,,,,,,,,,,,
VPS37A,,,,,,,,,,,,
SLC7A2,,,,,,,,,,,,
MTUS1,,,,,,,,,,,,
PCM1,,,,,,,,,,,,
ASAH1,,,,-0.6180665918095991,-0.6180665918095991,-0.6180665918095991,,,,,,
PSD3,,,,,,,,,,,,
SH2D4A,,,,-0.4446700741882541,-0.4446700741882541,-0.4446700741882541,,,,,,
INTS10,,,,,,,,,,,,
ATP6V1B2,,,,,,,,,,,,
XPO7,,,,,,,,,,,,
REEP4,,,,,,,,,,,,
POLR3D,,,,,,,,,,,,
SLC39A14,,,,,,,,,,,,
PPP3CC,,,,,,,,,,,,
SORBS3,,,,,,,,,,,,
PDLIM2,,,,,,,,,,,,
CCAR2,,,,,,,,,,,,
BIN3,,,,,,,,,,,,
TNFRSF10B,,,,,,,,,,,,
CHMP7,,,,,,,,,,,,
R3HCC1,,,,,,,,,,,,
ENTPD4,,,,,,,,,,,,
SLC25A37,-0.11006693908487264,-0.037005476666734406,-0.07353620787580352,,,,,,,-0.2344852089195926,-0.03910166573636171,-0.13679343732797716
NEFM,,,,,,,,,,-0.11024545820032952,-0.009089604973327161,-0.05966753158682834
NEFL,-0.06790604579498305,0.03091077759542454,-0.018497634099779253,,,,,,,,,
DOCK5,,,,,,,,,,,,
KCTD9,,,,,,,,,,,,
CDCA2,,,,,,,,,,,,
EBF2,,,,-0.4572890226327732,-0.4572890226327732,-0.4572890226327732,,,,,,
PPP2R2A,,,,,,,,,,,,
BNIP3L,,,,,,,,,,,,
PNMA2,,,,,,,,,,-0.22792378874606598,-0.04842055977282205,-0.138172174259444
DPYSL2,,,,,,,,,,,,
TRIM35,,,,,,,,,,,,
CLU,,,,,,,,,,-0.12615261411922873,0.0025718740212203857,-0.06179037004900417
CCDC25,,,,,,,,,,,,
ESCO2,,,,,,,,,,,,
PBK,,,,,,,,,,,,
ELP3,,,,,,,,,,,,
FBXO16,,,,,,,,,,,,
FZD3,,,,,,,,,,,,
EXTL3,-0.09614384409130385,-0.00300577836168696,-0.0495748112264954,-0.8500763417432535,-0.05305183121000444,-0.451564086476629,,,,,,
INTS9,,,,-0.594039888270198,-0.594039888270198,-0.594039888270198,,,,,,
HMBOX1,,,,,,,,,,,,
KIF13B,,,,,,,,,,,,
SARAF,,,,,,,,,,,,
LEPROTL1,,,,,,,,,,,,
DCTN6,,,,,,,,,,,,
RBPMS,,,,,,,,,,,,
GTF2E2,,,,,,,,,,,,
GSR,,,,,,,,,,,,
UBXN8,,,,,,,,,,,,
PPP2CB,,,,,,,,,,,,
TEX15,,,,,,,,,,,,
WRN,,,,,,,,,,,,
NRG1,,,,,,,,,,,,
FUT10,,,,,,,,,,,,
TTI2,,,,,,,,,,,,
MAK16,,,,,,,,,,,,
ZNF703,,,,,,,,,,,,
ERLIN2,,,,,,,,,,,,
PLPBP,,,,,,,,,,,,
ADGRA2,,,,,,,,,,,,
RAB11FIP1,,,,,,,,,,,,
EIF4EBP1,-0.27354240987972467,-0.04958160702006146,-0.16156200844989307,,,,,,,,,
ASH2L,,,,-0.6456645928290552,-0.6456645928290552,-0.6456645928290552,,,,,,
LSM1,,,,,,,,,,,,
BAG4,,,,,,,,,,,,
DDHD2,,,,,,,,,,,,
PLPP5,,,,-0.4755202574324717,-0.4755202574324717,-0.4755202574324717,,,,,,
NSD3,,,,,,,,,,,,
FGFR1,,,,,,,,,,,,
TACC1,,,,,,,,,,,,
TM2D2,,,,,,,,,,,,
ADAM9,,,,,,,,,,,,
SFRP1,,,,-0.5773793350383778,-0.5773793350383778,-0.5773793350383778,,,,,,
GOLGA7,,,,,,,,,,,,
GINS4,,,,,,,,,,,,
GPAT4,,,,-0.6128721116298507,-0.6128721116298507,-0.6128721116298507,,,,,,
KAT6A,,,,,,,,,,,,
AP3M2,,,,,,,,,,,,
PLAT,,,,,,,,,,,,
IKBKB,,,,,,,,,,,,
POLB,,,,,,,,,,,,
VDAC3,,,,,,,,,,,,
SLC20A2,,,,,,,,,,,,
SMIM19,,,,,,,,,,,,
THAP1,,,,,,,,,,,,
RNF170,,,,,,,,,,,,
HOOK3,,,,-0.9739597632200233,-0.2291700776750718,-0.6015649204475475,,,,,,
FNTA,,,,,,,,,,,,
POMK,,,,,,,,,,,,
HGSNAT,,,,,,,,,,,,
SPIDR,,,,,,,,,,,,
CEBPD,-0.09227570555284463,0.007273415793119649,-0.04250114487986249,,,,,,,-0.1343067330341999,-0.022184434439258445,-0.07824558373672917
PRKDC,,,,,,,,,,,,
MCM4,,,,,,,,,,,,
UBE2V2,,,,,,,,,,,,
SNAI2,,,,,,,,,,,,
PXDNL,-0.09498643151450817,-0.02333224668761275,-0.05915933910106046,-0.9143555562376031,-0.07070349823545694,-0.49252952723653004,,,,,,
PCMTD1,,,,,,,,,,,,
RB1CC1,,,,,,,,,,,,
ATP6V1H,,,,,,,,,,,,
RGS20,,,,,,,,,,,,
TCEA1,,,,,,,,,,,,
LYPLA1,,,,,,,,,,,,
MRPL15,,,,,,,,,,,,
TMEM68,,,,,,,,,,,,
TGS1,,,,,,,,,,,,
LYN,,,,,,,,,,,,
RPS20,,,,,,,,,,,,
PLAG1,,,,,,,,,,,,
CHCHD7,,,,,,,,,,,,
BPNT2,,,,,,,,,,,,
FAM110B,,,,-0.5878563197522403,-0.5878563197522403,-0.5878563197522403,,,,,,
UBXN2B,,,,-0.535820205466752,-0.535820205466752,-0.535820205466752,,,,,,
SDCBP,,,,,,,,,,,,
NSMAF,,,,,,,,,,,,
TOX,,,,,,,,,,,,
CA8,,,,,,,,,,,,
RAB2A,,,,,,,,,,,,
CHD7,,,,,,,,,,,,
ASPH,,,,,,,,,,,,
NKAIN3,,,,-0.579401221937972,-0.579401221937972,-0.579401221937972,,,,,,
GGH,,,,,,,,,,,,
YTHDF3,,,,,,,,,,,,
CYP7B1,-0.10629296145266792,-0.038733453042252855,-0.07251320724746038,-0.9197873526530104,-0.11087531613648964,-0.51533133439475,-0.4225431430789241,-0.017474623050281468,-0.22000888306460278,,,
ARMC1,,,,,,,,,,,,
MTFR1,,,,,,,,,,,,
PDE7A,,,,,,,,,,,,
RRS1,,,,,,,,,,,,
MYBL1,,,,,,,,,,,,
VCPIP1,,,,,,,,,,,,
SGK3,,,,,,,,,,,,
COPS5,,,,,,,,,,,,
CSPP1,,,,,,,,,,,,
ARFGEF1,,,,,,,,,,,,
PREX2,,,,,,,,,,,,
C8orf34,,,,,,,,,,,,
SLCO5A1,,,,-0.5091804324020811,-0.5091804324020811,-0.5091804324020811,,,,,,
NCOA2,,,,,,,,,,,,
TRAM1,,,,,,,,,,,,
LACTB2,,,,,,,,,,,,
EYA1,,,,,,,,,,,,
KCNB2,,,,,,,,,,,,
TERF1,,,,,,,,,,,,
RPL7,,,,,,,,,,,,
RDH10,,,,,,,,,,,,
STAU2,,,,,,,,,,,,
UBE2W,,,,,,,,,,,,
ELOC,-0.4880532023199336,-0.09529683765369477,-0.29167501998681417,,,,,,,,,
TMEM70,,,,-0.5869824749974291,-0.5869824749974291,-0.5869824749974291,,,,,,
JPH1,,,,-0.5647643760446358,-0.5647643760446358,-0.5647643760446358,,,,,,
GDAP1,,,,,,,,,,,,
CRISPLD1,,,,-0.481492641178074,-0.481492641178074,-0.481492641178074,,,,,,
HNF4G,,,,-0.4201147665250337,-0.4201147665250337,-0.4201147665250337,,,,,,
ZFHX4,,,,,,,,,,,,
PEX2,,,,-0.4934106882696366,-0.4934106882696366,-0.4934106882696366,,,,,,
PKIA,,,,,,,,,,,,
ZC2HC1A,,,,-0.556110416503898,-0.556110416503898,-0.556110416503898,,,,,,
HEY1,,,,,,,,,,,,
MRPS28,,,,,,,,,,,,
TPD52,,,,,,,,,,,,
ZBTB10,,,,,,,,,,,,
ZNF704,,,,,,,,,,,,
PAG1,,,,,,,,,,,,
FABP5,,,,,,,,,,,,
IMPA1,,,,,,,,,,,,
ZFAND1,,,,,,,,,,,,
LRRCC1,,,,,,,,,,,,
E2F5,,,,,,,,,,,,
RBIS,-0.9818267339165209,-0.3258451574986089,-0.6538359457075649,,,,,,,,,
CA13,,,,,,,,,,,,
CA2,,,,,,,,,,-0.15899984591991603,-0.014707332210619628,-0.08685358906526783
WWP1,,,,,,,,,,,,
RMDN1,,,,,,,,,,,,
CPNE3,,,,,,,,,,,,
MMP16,,,,,,,,,,,,
RIPK2,,,,-0.512757938420744,-0.512757938420744,-0.512757938420744,,,,,,
OSGIN2,,,,,,,,,,,,
NBN,,,,,,,,,,,,
DECR1,,,,,,,,,,,,
TMEM64,,,,-0.48529882443206956,-0.48529882443206956,-0.48529882443206956,,,,,,
NECAB1,,,,,,,,,,,,
C8orf88,,,,,,,,,,,,
OTUD6B,,,,,,,,,,,,
LRRC69,,,,,,,,,,,,
RUNX1T1,,,,,,,,,,,,
TRIQK,,,,,,,,,,,,
CIBAR1,,,,,,,,,,,,
RBM12B,,,,,,,,,,,,
TMEM67,,,,,,,,,,,,
RAD54B,,,,,,,,,,,,
VIRMA,,,,,,,,,,,,
ESRP1,-0.11947094348076737,-0.04104078926926887,-0.08025586637501812,,,,,,,-0.1536331815068514,-0.04474096573773072,-0.09918707362229107
DPY19L4,,,,,,,,,,,,
INTS8,,,,,,,,,,,,
CCNE2,,,,,,,,,,,,
NDUFAF6,,,,,,,,,,,,
PLEKHF2,,,,,,,,,,,,
UQCRB,,,,,,,,,,,,
MTERF3,,,,,,,,,,,,
PTDSS1,,,,,,,,,,,,
SDC2,,,,-0.6081198150825068,-0.6081198150825068,-0.6081198150825068,,,,,,
MTDH,,,,,,,,,,,,
LAPTM4B,,,,,,,,,,,,
RPL30,,,,,,,,,,,,
ERICH5,,,,,,,,,,,,
RIDA,,,,,,,,,,,,
POP1,,,,,,,,,,,,
STK3,,,,,,,,,,,,
VPS13B,,,,,,,,,,,,
COX6C,,,,,,,,,,,,
POLR2K,,,,,,,,,,,,
SPAG1,,,,-0.6394423418454069,-0.6394423418454069,-0.6394423418454069,,,,,,
RNF19A,,,,,,,,,,,,
ANKRD46,,,,-0.5198530838646997,-0.5198530838646997,-0.5198530838646997,,,,,,
PABPC1,,,,,,,,,,,,
YWHAZ,,,,,,,,,,,,
ZNF706,,,,,,,,,,,,
NCALD,-0.09621887247265003,-0.03894709086692385,-0.06758298166978693,,,,-0.25557059801004856,-0.028612846421693042,-0.1420917222158708,-0.09484774534640247,-0.0066327984478479485,-0.05074027189712521
RRM2B,,,,,,,,,,,,
UBR5,,,,,,,,,,,,
AZIN1,,,,,,,,,,,,
ATP6V1C1,,,,,,,,,,,,
FZD6,,,,-0.49618192087615537,-0.49618192087615537,-0.49618192087615537,,,,,,
SLC25A32,,,,,,,,,,,,
DCAF13,,,,-0.9686687709905947,-0.16401984340341955,-0.5663443071970071,,,,,,
RIMS2,,,,,,,,,,,,
LRP12,,,,-0.5686721282679259,-0.5686721282679259,-0.5686721282679259,,,,,,
ZFPM2,,,,,,,,,,,,
OXR1,,,,,,,,,,,,
EIF3E,,,,,,,,,,,,
EMC2,,,,,,,,,,,,
NUDCD1,,,,,,,,,,,,
ENY2,-0.44909479647104045,-0.10182243968710217,-0.2754586180790713,,,,,,,,,
EBAG9,,,,,,,,,,,,
SYBU,,,,,,,,,,,,
CSMD3,,,,,,,,,,,,
TRPS1,,,,,,,,,,,,
EIF3H,,,,,,,,,,,,
UTP23,,,,-0.6055691918675711,-0.6055691918675711,-0.6055691918675711,,,,,,
RAD21,,,,,,,,,,,,
MED30,,,,,,,,,,,,
EXT1,,,,,,,,,,,,
SAMD12,,,,,,,,,,,,
TAF2,,,,,,,,,,,,
DSCC1,,,,,,,,,,,,
DEPTOR,-0.11743257297479974,-0.027652312344836047,-0.0725424426598179,-0.3639862136325987,-0.3639862136325987,-0.3639862136325987,,,,,,
MRPL13,,,,,,,,,,,,
MTBP,,,,,,,,,,,,
SNTB1,,,,,,,,,,,,
HAS2,,,,-0.22440480183042305,-0.22440480183042305,-0.22440480183042305,,,,-0.1393861375076906,-0.02881722493721211,-0.08410168122245136
ZHX2,,,,,,,,,,,,
DERL1,,,,,,,,,,,,
TBC1D31,,,,-0.6756701449170623,-0.6756701449170623,-0.6756701449170623,,,,,,
C8orf76,,,,,,,,,,,,
ZHX1,,,,,,,,,,,,
ATAD2,,,,,,,,,,,,
NTAQ1,,,,,,,,,,,,
FBXO32,,,,-0.17640237344919155,-0.17640237344919155,-0.17640237344919155,,,,,,
FAM91A1,,,,,,,,,,,,
TMEM65,,,,,,,,,,,,
TRMT12,,,,,,,,,,,,
RNF139,,,,,,,,,,,,
TATDN1,,,,,,,,,,,,
NDUFB9,-0.28112345564338903,-0.07199426237607259,-0.1765588590097308,,,,,,,,,
MTSS1,,,,-0.36145749691919055,-0.36145749691919055,-0.36145749691919055,,,,,,
SQLE,,,,,,,,,,,,
WASHC5,,,,,,,,,,,,
NSMCE2,,,,,,,,,,,,
TRIB1,,,,,,,,,,,,
LRATD2,,,,,,,,,,,,
MYC,,,,-0.5433177042215356,-0.5433177042215356,-0.5433177042215356,,,,,,
CYRIB,,,,,,,,,,,,
ASAP1,,,,,,,,,,,,
EFR3A,,,,,,,,,,,,
PHF20L1,,,,-0.7374432681756294,-0.7374432681756294,-0.7374432681756294,,,,,,
NDRG1,,,,,,,,,,,,
ST3GAL1,,,,-0.5213230097985475,-0.5213230097985475,-0.5213230097985475,,,,,,
ZFAT,,,,,,,,,,,,
KHDRBS3,,,,,,,,,,,,
TRAPPC9,,,,,,,,,,,,
CHRAC1,,,,,,,,,,,,
AGO2,,,,,,,,,,,,
PTK2,,,,,,,,,,,,
SLC45A4,,,,,,,,,,,,
TSNARE1,,,,,,,,,,,,
JRK,,,,,,,,,,,,
THEM6,,,,-0.5406481255528534,-0.5406481255528534,-0.5406481255528534,,,,,,
LY6E,,,,,,,,,,,,
TOP1MT,,,,,,,,,,,,
ZC3H3,,,,,,,,,,,,
NAPRT,,,,-0.5292179392274514,-0.5292179392274514,-0.5292179392274514,,,,,,
EEF1D,,,,,,,,,,,,
TIGD5,,,,,,,,,,,,
PYCR3,,,,,,,,,,,,
GFUS,,,,-0.6074852106862652,-0.6074852106862652,-0.6074852106862652,,,,,,
ZNF623,,,,,,,,,,,,
SCRIB,,,,,,,,,,,,
PUF60,,,,,,,,,,,,
PLEC,,,,,,,,,,,,
GRINA,,,,-0.5468278889195732,-0.5468278889195732,-0.5468278889195732,,,,,,
EXOSC4,,,,,,,,,,,,
GPAA1,,,,,,,,,,,,
CYC1,,,,,,,,,,,,
SHARPIN,,,,,,,,,,,,
MAF1,,,,,,,,,,,,
HGH1,,,,,,,,,,,,
MROH1,,,,,,,,,,,,
BOP1,,,,,,,,,,,,
HSF1,,,,,,,,,,,,
DGAT1,,,,,,,,,,,,
SLC52A2,,,,,,,,,,,,
FBXL6,,,,,,,,,,,,
CPSF1,,,,,,,,,,,,
SLC39A4,,,,,,,,,,,,
VPS28,,,,,,,,,,,,
TONSL,,,,,,,,,,,,
ZFTRAF1,,,,-0.48109593133624834,-0.48109593133624834,-0.48109593133624834,,,,,,
TMEM276,,,,,,,,,,,,
PPP1R16A,,,,,,,,,,,,
MFSD3,,,,,,,,,,,,
RECQL4,,,,,,,,,,,,
LRRC14,,,,,,,,,,,,
C8orf82,,,,,,,,,,,,
ARHGAP39,,,,-0.6461272730957971,-0.6461272730957971,-0.6461272730957971,,,,,,
ZNF251,,,,,,,,,,,,
ZNF34,,,,-0.5229795127611236,-0.5229795127611236,-0.5229795127611236,,,,,,
RPL8,-0.3502915732126603,-0.07477972597299892,-0.2125356495928296,,,,,,,,,
ZNF7,,,,-0.48187780486087584,-0.48187780486087584,-0.48187780486087584,,,,-0.2845655110806982,-0.04489851012587286,-0.16473201060328554
COMMD5,,,,,,,,,,,,
ZNF250,,,,-0.48263201235201536,-0.48263201235201536,-0.48263201235201536,,,,,,
ZNF16,,,,,,,,,,,,
C8orf33,,,,,,,,,,,,
ZNG1A,,,,,,,,,,,,
DOCK8,,,,,,,,,,,,
KANK1,,,,,,,,,,,,
SMARCA2,,,,,,,,,,,,
PUM3,,,,,,,,,,,,
RFX3,,,,,,,,,,,,
GLIS3,,,,,,,,,,,,
SLC1A1,,,,,,,,,,,,
CDC37L1,,,,,,,,,,,,
AK3,,,,,,,,,,,,
RCL1,,,,,,,,,,,,
JAK2,,,,-0.43574827617599216,-0.43574827617599216,-0.43574827617599216,,,,,,
PLGRKT,,,,,,,,,,,,
RIC1,,,,,,,,,,,,
ERMP1,,,,,,,,,,,,
KIAA2026,,,,,,,,,,,,
RANBP6,,,,-0.47083932584416144,-0.47083932584416144,-0.47083932584416144,,,,,,
UHRF2,,,,,,,,,,,,
GLDC,,,,,,,,,,,,
KDM4C,,,,,,,,,,,,
DMAC1,,,,,,,,,,,,
PTPRD,,,,,,,,,,,,
MPDZ,,,,,,,,,,,,
NFIB,,,,,,,,,,,,
ZDHHC21,,,,-0.6325026265027247,-0.6325026265027247,-0.6325026265027247,,,,,,
TTC39B,,,,,,,,,,,,
SNAPC3,,,,,,,,,,,,
PSIP1,,,,,,,,,,,,
CCDC171,,,,,,,,,,,,
BNC2,,,,,,,,,,,,
CNTLN,,,,,,,,,,,,
SH3GL2,,,,,,,,,,,,
ADAMTSL1,,,,-0.9519970573108149,-0.14286013011996782,-0.5474285937153913,,,,,,
RRAGA,,,,,,,,,,,,
HAUS6,,,,,,,,,,,,
PLIN2,,,,,,,,,,,,
DENND4C,,,,,,,,,,,,
RPS6,,,,,,,,,,,,
MLLT3,,,,,,,,,,,,
FOCAD,,,,,,,,,,,,
KLHL9,,,,,,,,,,,,
MTAP,,,,-0.9782164237824562,-0.14820984984888147,-0.5632131368156689,,,,,,
CDKN2A,,,,,,,,,,,,
CDKN2B,,,,-0.49321235934155494,-0.49321235934155494,-0.49321235934155494,,,,,,
ELAVL2,,,,,,,,,,,,
TUSC1,,,,,,,,,,,,
CAAP1,,,,,,,,,,,,
PLAA,,,,,,,,,,,,
IFT74,,,,,,,,,,,,
MOB3B,,,,,,,,,,,,
C9orf72,,,,-0.5511804946398792,-0.5511804946398792,-0.5511804946398792,,,,,,
LINGO2,,,,,,,,,,,,
ACO1,,,,,,,,,,,,
RIGI,,,,,,,,,,,,
TOPORS,,,,,,,,,,,,
SMIM27,,,,,,,,,,,,
NDUFB6,,,,,,,,,,,,
APTX,,,,,,,,,,,,
DNAJA1,,,,,,,,,,,,
SMU1,,,,,,,,,,,,
B4GALT1,-0.41884877929020875,-0.036674285310002434,-0.2277615323001056,,,,,,,,,
BAG1,,,,,,,,,,,,
CHMP5,,,,,,,,,,,,
NFX1,,,,,,,,,,,,
NOL6,,,,-0.5640829627584218,-0.5640829627584218,-0.5640829627584218,,,,,,
ANKRD18B,,,,,,,,,,,,
UBE2R2,,,,,,,,,,,,
UBAP2,,,,,,,,,,,,
DCAF12,,,,,,,,,,,,
UBAP1,,,,,,,,,,,,
KIF24,,,,-0.5176915053885515,-0.5176915053885515,-0.5176915053885515,,,,,,
NUDT2,,,,,,,,,,,,
FAM219A,,,,,,,,,,,,
ENHO,,,,,,,,,,,,
RPP25L,,,,,,,,,,,,
DCTN3,,,,,,,,,,,,
SIGMAR1,,,,,,,,,,,,
GALT,,,,-0.5244876161668212,-0.5244876161668212,-0.5244876161668212,,,,,,
ENSG00000187186,,,,-0.5249253810212646,-0.5249253810212646,-0.5249253810212646,,,,,,
VCP,,,,,,,,,,,,
FANCG,,,,,,,,,,,,
PIGO,,,,,,,,,,,,
STOML2,,,,,,,,,,,,
UNC13B,,,,,,,,,,,,
RUSC2,,,,-0.5000797896082652,-0.5000797896082652,-0.5000797896082652,,,,,,
CCDC107,,,,,,,,,,,,
ARHGEF39,,,,-0.6096835254445513,-0.6096835254445513,-0.6096835254445513,,,,,,
TLN1,,,,,,,,,,,,
CREB3,,,,,,,-0.48838830900410407,-0.07671821507733034,-0.2825532620407172,,,
GBA2,,,,,,,,,,,,
RGP1,,,,,,,,,,,,
HINT2,,,,,,,,,,,,
RECK,,,,,,,,,,,,
GLIPR2,,,,,,,,,,,,
CLTA,,,,,,,,,,,,
GNE,,,,,,,,,,,,
RNF38,,,,,,,,,,,,
MELK,-0.19399598651034933,0.001146900201014116,-0.0964245431546676,-0.9712640244605826,-0.10794777235409589,-0.5396058984073392,,,,,,
ZCCHC7,,,,,,,,,,,,
GRHPR,,,,,,,,,,,,
ZBTB5,,,,-0.5044289680812886,-0.5044289680812886,-0.5044289680812886,,,,,,
POLR1E,,,,,,,,,,,,
FBXO10,,,,,,,,,,,,
TOMM5,,,,,,,,,,,,
TRMT10B,,,,,,,,,,,,
EXOSC3,,,,,,,,,,,,
DCAF10,,,,,,,,,,,,
SLC25A51,,,,,,,,,,,,
SHB,,,,-0.5053045251548183,-0.5053045251548183,-0.5053045251548183,,,,,,
ALDH1B1,,,,-0.5037193036310027,-0.5037193036310027,-0.5037193036310027,,,,,,
IGFBPL1,,,,,,,,,,,,
ANKRD18A,,,,,,,,,,,,
CNTNAP3,,,,-0.5601005051414316,-0.5601005051414316,-0.5601005051414316,,,,,,
ZNG1F,,,,,,,,,,,,
CNTNAP3B,,,,,,,,,,,,
ZNG1E,,,,,,,,,,,,
ZNG1C,,,,,,,,,,,,
PIP5K1B,,,,,,,,,,,,
PABIR1,,,,-0.5206105186735274,-0.5206105186735274,-0.5206105186735274,,,,,,
FXN,,,,,,,,,,,,
TJP2,,,,,,,,,,,,
PTAR1,,,,-0.6101001781647652,-0.6101001781647652,-0.6101001781647652,,,,,,
SMC5,,,,,,,,,,,,
KLF9,,,,,,,,,,,,
TRPM3,-0.10785840860963701,-0.028560901315782754,-0.06820965496270988,,,,,,,,,
CEMIP2,,,,,,,,,,,,
ABHD17B,,,,-0.6011795204601582,-0.6011795204601582,-0.6011795204601582,,,,,,
C9orf85,,,,,,,,,,,,
ZFAND5,,,,,,,,,,,,
RORB,,,,,,,,,,,,
TRPM6,,,,,,,,,,,,
C9orf40,,,,,,,,,,,,
CARNMT1,,,,,,,,,,,,
NMRK1,,,,,,,,,,,,
OSTF1,,,,,,,,,,,,
PCSK5,,,,,,,,,,,,
RFK,,,,,,,,,,,,
GCNT1,,,,-0.8116369956077732,-0.07604469001398372,-0.4438408428108785,,,,,,
VPS13A,,,,,,,,,,,,
GNAQ,,,,,,,,,,,,
CEP78,,,,,,,,,,,,
PSAT1,,,,,,,,,,,,
TLE4,,,,,,,,,,,,
TLE1,,,,,,,,,,,,
RASEF,,,,,,,,,,,,
FRMD3,,,,,,,,,,,,
UBQLN1,,,,,,,,,,,,
GKAP1,,,,,,,,,,,,
KIF27,,,,,,,,,,,,
C9orf64,,,,-0.5223691871019218,-0.5223691871019218,-0.5223691871019218,,,,,,
HNRNPK,,,,,,,,,,,,
RMI1,,,,,,,,,,,,
AGTPBP1,,,,,,,,,,,,
NAA35,,,,,,,,,,,,
GOLM1,,,,,,,,,,,,
ISCA1,,,,,,,,,,,,
TUT7,,,,,,,,,,,,
GAS1,,,,-0.46432974835414464,-0.46432974835414464,-0.46432974835414464,,,,,,
DAPK1,,,,,,,,,,,,
CTSL,,,,,,,,,,,,
SPIN1,,,,,,,,,,,,
CKS2,,,,,,,,,,,,
SECISBP2,,,,,,,,,,,,
SEMA4D,,,,,,,,,,,,
SYK,,,,-0.5096146801425802,-0.5096146801425802,-0.5096146801425802,,,,,,
AUH,,,,,,,,,,,,
NFIL3,,,,,,,,,,,,
ROR2,,,,,,,,,,,,
SPTLC1,,,,,,,,,,,,
IARS1,,,,,,,,,,,,
NOL8,,,,,,,,,,,,
CENPP,,,,,,,,,,,,
OGN,,,,-0.5181479440925987,-0.5181479440925987,-0.5181479440925987,,,,,,
ECM2,-0.3330182462158744,-0.06086433414329804,-0.19694129017958623,-0.6408215968340277,-0.6408215968340277,-0.6408215968340277,,,,,,
IPPK,,,,,,,,,,,,
BICD2,,,,,,,,,,,,
ZNF484,,,,-0.5585523582860763,-0.5585523582860763,-0.5585523582860763,,,,,,
CARD19,,,,,,,,,,,,
NINJ1,,,,-0.5702789413534219,-0.5702789413534219,-0.5702789413534219,,,,,,
WNK2,,,,,,,,,,,,
FAM120AOS,,,,,,,,,,,,
FAM120A,,,,,,,,,,,,
PHF2,,,,,,,,,,,,
BARX1,,,,-0.417131689696066,-0.417131689696066,-0.417131689696066,,,,,,
PTPDC1,,,,-0.615112929863402,-0.615112929863402,-0.615112929863402,,,,,,
ZNF169,,,,,,,,,,,,
MFSD14B,,,,,,,,,,,,
AOPEP,,,,,,,,,,,,
FANCC,,,,,,,,,,,,
PTCH1,,,,,,,,,,,,
ERCC6L2,,,,,,,,,,,,
ZNF367,,,,,,,,,,,,
HABP4,,,,-0.6702187052933325,-0.6702187052933325,-0.6702187052933325,,,,,,
CDC14B,,,,,,,,,,,,
PRXL2C,,,,,,,,,,,,
ZNF782,,,,,,,,,,,,
CTSV,,,,,,,,,,,,
TDRD7,,,,,,,,,,,,
TMOD1,,,,,,,,,,,,
TSTD2,,,,,,,,,,,,
NCBP1,,,,,,,,,,,,
XPA,,,,,,,,,,,,
TRMO,,,,-0.5000914914756539,-0.5000914914756539,-0.5000914914756539,,,,,,
ANP32B,,,,,,,,,,,,
NANS,,,,,,,,,,,,
TRIM14,,,,,,,,,,,,
CORO2A,,,,,,,,,,,,
GABBR2,-0.09834050064345572,-0.02447644756095676,-0.061408474102206234,,,,,,,-0.11751994009209644,-0.038250235290223644,-0.07788508769116004
ANKS6,,,,,,,,,,,,
GALNT12,,,,,,,,,,,,
TGFBR1,,,,,,,,,,,,
ALG2,,,,-0.49251756969115623,-0.49251756969115623,-0.49251756969115623,,,,,,
SEC61B,,,,,,,,,,,,
STX17,,,,,,,,,,,,
ERP44,,,,,,,,,,,,
INVS,,,,,,,,,,,,
TEX10,,,,,,,,,,,,
MSANTD3,,,,,,,,,,,,
TMEFF1,,,,,,,,,,,,
MRPL50,,,,,,,,,,,,
ZNF189,,,,,,,,,,,,
PGAP4,,,,-0.49906124625623016,-0.49906124625623016,-0.49906124625623016,,,,,,
RNF20,,,,,,,,,,,,
SMC2,,,,,,,,,,,,
NIPSNAP3A,,,,,,,,,,,,
SLC44A1,,,,,,,,,,,,
FSD1L,,,,,,,,,,,,
FKTN,,,,,,,,,,,,
TMEM38B,,,,,,,,,,,,
ZNF462,,,,,,,,,,,,
RAD23B,,,,,,,,,,,,
ELP1,,,,,,,,,,,,
ABITRAM,,,,,,,,,,,,
CTNNAL1,,,,,,,,,,,,
TMEM245,,,,,,,,,,,,
EPB41L4B,,,,-0.45741748957727085,-0.45741748957727085,-0.45741748957727085,,,,,,
PTPN3,,,,,,,,,,,,
PALM2AKAP2,,,,,,,,,,,,
TXN,,,,,,,,,,,,
LPAR1,,,,-0.470932887897719,-0.470932887897719,-0.470932887897719,,,,,,
ECPAS,,,,,,,,,,,,
ZNF483,,,,,,,,,,-0.28559022119125665,-0.031210934512526593,-0.15840057785189163
DNAJC25,,,,,,,,,,,,
GNG10,,,,,,,,,,,,
UGCG,,,,,,,,,,,,
SUSD1,,,,,,,,,,,,
PTBP3,,,,,,,,,,,,
HSDL2,,,,,,,,,,,,
KIAA1958,,,,,,,,,,,,
INIP,,,,,,,,,,,,
SNX30,,,,,,,,,,,,
ZNF883,,,,,,,,,,,,
FKBP15,,,,,,,,,,,,
SLC31A1,,,,,,,,,,,,
CDC26,,,,,,,,,,,,
PRPF4,,,,,,,,,,,,
HDHD3,,,,,,,,,,,,
POLE3,,,,,,,,,,,,
ZNF618,,,,,,,,,,,,
COL27A1,,,,-0.5198539865093761,-0.5198539865093761,-0.5198539865093761,,,,,,
WHRN,,,,-0.5175542930689551,-0.5175542930689551,-0.5175542930689551,,,,,,
ATP6V1G1,,,,,,,,,,,,
TMEM268,,,,,,,,,,,,
ASTN2,,,,,,,,,,,,
TRIM32,,,,,,,,,,,,
CDK5RAP2,,,,,,,,,,,,
MEGF9,,,,,,,,,,,,
FBXW2,,,,,,,,,,,,
B3GALT9,,,,-0.46082260968726263,-0.46082260968726263,-0.46082260968726263,,,,,,
PSMD5,,,,,,,,,,,,
PHF19,,,,-0.6310534638773778,-0.6310534638773778,-0.6310534638773778,,,,,,
CNTRL,,,,,,,,,,,,
RAB14,,,,,,,,,,,,
STOM,,,,-0.5988305956120312,-0.5988305956120312,-0.5988305956120312,,,,,,
DAB2IP,-0.1701544878880506,-0.02157423925814682,-0.09586436357309872,,,,,,,,,
TTLL11,,,,-0.6226491613627733,-0.6226491613627733,-0.6226491613627733,,,,,,
NDUFA8,,,,,,,,,,,,
RBM18,,,,,,,,,,,,
MRRF,,,,,,,,,,,,
PDCL,,,,,,,,,,,,
RC3H2,,,,,,,,,,,,
ZBTB6,,,,-0.42736344907743434,-0.42736344907743434,-0.42736344907743434,,,,,,
RABGAP1,,,,,,,,,,,,
STRBP,,,,,,,,,,,,
DENND1A,,,,,,,,,,,,
NEK6,,,,,,,,,,,,
PSMB7,,,,,,,,,,,,
NR6A1,,,,,,,,,,,,
RPL35,-0.5206494094621179,-0.11620656523076535,-0.3184279873464416,,,,,,,,,
ARPC5L,,,,,,,,,,,,
GOLGA1,,,,,,,,,,,,
SCAI,,,,,,,,,,,,
PPP6C,,,,,,,,,,,,
RABEPK,,,,,,,,,,,,
HSPA5,,,,,,,,,,,,
GAPVD1,,,,,,,,,,,,
MAPKAP1,,,,,,,,,,,,
PBX3,,,,,,,,,,,,
MVB12B,,,,-0.5377209268954952,-0.5377209268954952,-0.5377209268954952,0.07340023941572163,0.5805025086168686,0.3269513740162951,,,
LMX1B,,,,-0.5451068160493979,-0.5451068160493979,-0.5451068160493979,,,,,,
ZBTB43,,,,,,,,,,,,
RALGPS1,,,,,,,,,,,,
GARNL3,,,,,,,,,,,,
SLC2A8,,,,-0.5292375264448572,-0.5292375264448572,-0.5292375264448572,,,,,,
ZNF79,,,,-0.5967384569300159,-0.5967384569300159,-0.5967384569300159,,,,,,
RPL12,,,,,,,,,,,,
LRSAM1,,,,,,,,,,,,
NIBAN2,,,,-0.44625288391844115,-0.44625288391844115,-0.44625288391844115,,,,,,
STXBP1,,,,,,,,,,,,
PTRH1,,,,-0.5651811904434455,-0.5651811904434455,-0.5651811904434455,,,,,,
TOR2A,,,,,,,,,,,,
CDK9,,,,-0.5352817683251477,-0.5352817683251477,-0.5352817683251477,,,,,,
FPGS,,,,,,,,,,,,
AK1,,,,,,,,,,,,
ST6GALNAC6,,,,-0.6443194714741828,-0.6443194714741828,-0.6443194714741828,,,,,,
DPM2,,,,,,,,,,,,
EEIG1,,,,-0.31828022800038563,-0.31828022800038563,-0.31828022800038563,,,,,,
SLC25A25,,,,,,,,,,,,
PTGES2,,,,,,,,,,,,
BBLN,,,,,,,,,,,,
CIZ1,,,,,,,,,,,,
DNM1,,,,,,,,,,,,
GOLGA2,,,,,,,,,,,,
SWI5,,,,,,,,,,,,
TRUB2,,,,,,,,,,,,
COQ4,,,,,,,,,,,,
SLC27A4,,,,,,,,,,,,
URM1,,,,,,,,,,,,
CERCAM,,,,,,,,,,,,
ODF2,,,,-0.538712422839755,-0.538712422839755,-0.538712422839755,,,,,,
GLE1,,,,,,,,,,,,
SPTAN1,,,,,,,,,,,,
DYNC2I2,,,,,,,,,,,,
SET,,,,,,,,,,,,
PKN3,,,,,,,,,,,,
ZDHHC12,,,,,,,,,,,,
ZER1,,,,,,,,,,,,
TBC1D13,,,,,,,,,,,,
ENDOG,,,,,,,,,,,,
SPOUT1,,,,,,,,,,,,
KYAT1,,,,,,,,,,,,
LRRC8A,,,,,,,,,,,,
PHYHD1,,,,,,,,,,,,
DOLK,,,,,,,,,,,,
NUP188,,,,,,,,,,,,
SH3GLB2,,,,,,,,,,,,
MIGA2,,,,-0.5599728095423561,-0.5599728095423561,-0.5599728095423561,,,,,,
DOLPP1,,,,,,,,,,,,
CRAT,,,,-0.46655794033915554,-0.46655794033915554,-0.46655794033915554,,,,,,
PTPA,,,,,,,,,,,,
NTMT1,,,,,,,,,,,,
ASB6,,,,-0.5676531621527898,-0.5676531621527898,-0.5676531621527898,,,,,,
TOR1B,,,,-0.5289156122230432,-0.5289156122230432,-0.5289156122230432,,,,,,
TOR1A,,,,,,,,,,,,
C9orf78,,,,,,,,,,,,
USP20,,,,,,,,,,,,
FNBP1,,,,,,,,,,,,
GPR107,,,,,,,,,,,,
NCS1,,,,,,,,,,,,
ASS1,,,,,,,,,,,,
FUBP3,,,,,,,,,,,,
EXOSC2,,,,,,,,,,,,
ABL1,,,,,,,,,,,,
LAMC3,,,,,,,,,,,,
AIF1L,,,,,,,,,,,,
NUP214,,,,-0.9833194384129246,-0.1676986500577581,-0.5755090442353413,,,,,,
PLPP7,-0.10816178401210479,-0.008922960786250732,-0.058542372399177756,-0.8994738258409113,-0.11278161800176348,-0.5061277219213374,,,,,,
PRRC2B,,,,,,,,,,,,
POMT1,,,,,,,,,,,,
UCK1,,,,,,,,,,,,
RAPGEF1,,,,,,,,,,,,
MED27,,,,,,,,,,,,
SETX,,,,,,,,,,,,
TTF1,,,,,,,,,,,,
DDX31,,,,,,,,,,,,
GTF3C4,,,,,,,,,,,,
SPACA9,,,,-0.4847036841981228,-0.4847036841981228,-0.4847036841981228,,,,,,
TSC1,,,,,,,,,,,,
GTF3C5,,,,-0.5674011936645428,-0.5674011936645428,-0.5674011936645428,,,,,,
RALGDS,,,,,,,,,,,,
SURF6,,,,,,,,,,,,
MED22,,,,,,,,,,,,
RPL7A,,,,,,,,,,,,
SURF1,,,,,,,,,,,,
SURF2,,,,,,,,,,,,
SURF4,,,,,,,,,,,,
REXO4,,,,,,,,,,,,
ADAMTS13,,,,-0.47419072248521477,-0.47419072248521477,-0.47419072248521477,,,,,,
VAV2,,,,,,,,,,,,
BRD3OS,,,,-0.4376459174287598,-0.4376459174287598,-0.4376459174287598,,,,,,
BRD3,,,,,,,,,,,,
WDR5,,,,,,,,,,,,
RXRA,,,,-0.43410729416343713,-0.43410729416343713,-0.43410729416343713,,,,,,
PIERCE1,-0.3076958981298642,-0.06690581373848711,-0.18730085593417567,-0.5899378306286941,-0.5899378306286941,-0.5899378306286941,,,,-0.4731102136616612,-0.08009469711638458,-0.2766024553890229
MRPS2,,,,,,,,,,,,
CAMSAP1,,,,,,,,,,,,
UBAC1,,,,,,,,,,,,
NACC2,,,,,,,,,,,,
TMEM250,,,,,,,,,,,,
QSOX2,,,,-0.542552710966235,-0.542552710966235,-0.542552710966235,,,,,,
GPSM1,,,,-0.49838574138949526,-0.49838574138949526,-0.49838574138949526,,,,,,
DNLZ,,,,,,,,,,,,
SNAPC4,,,,-0.649377041794454,-0.649377041794454,-0.649377041794454,,,,,,
ENTR1,,,,,,,,,,,,
PMPCA,,,,-0.6342667766387944,-0.6342667766387944,-0.6342667766387944,,,,,,
INPP5E,,,,-0.48227787992720694,-0.48227787992720694,-0.48227787992720694,,,,,,
SEC16A,,,,,,,,,,,,
EGFL7,,,,-0.5793934915992512,-0.5793934915992512,-0.5793934915992512,,,,,,
AGPAT2,,,,,,,,,,,,
DIPK1B,,,,,,,,,,,,
TMEM141,,,,,,,,,,,,
RABL6,,,,,,,,,,,,
PHPT1,,,,,,,,,,,,
EDF1,,,,,,,,,,,,
TRAF2,,,,-0.5952275357724556,-0.5952275357724556,-0.5952275357724556,,,,,,
FBXW5,,,,,,,,,,,,
PAXX,,,,,,,,,,,,
NPDC1,,,,-0.6588753398157225,-0.6588753398157225,-0.6588753398157225,,,,,,
SAPCD2,,,,,,,,,,,,
MAN1B1,,,,,,,,,,,,
SSNA1,,,,,,,,,,,,
TPRN,,,,,,,,,,,,
TMEM203,,,,,,,,,,,,
NDOR1,,,,,,,,,,,,
TUBB4B,,,,,,,,,,,,
NELFB,,,,-0.679405301279569,-0.679405301279569,-0.679405301279569,,,,,,
NRARP,,,,,,,,,,,,
EXD3,,,,,,,,,,,,
NOXA1,,,,,,,,,,-0.27994546564894035,-0.025524971301269735,-0.15273521847510504
NSMF,,,,,,,,,,,,
MRPL41,,,,,,,,,,,,
DPH7,,,,,,,,,,,,
ZMYND19,,,,,,,,,,,,
ARRDC1,-0.23953596495926668,-0.02928888282685486,-0.13441242389306077,,,,,,,,,
EHMT1,,,,,,,,,,,,
ZMYND11,,,,,,,,,,,,
DIP2C,,,,,,,,,,,,
LARP4B,,,,,,,,,,,,
GTPBP4,,,,,,,,,,,,
IDI1,,,,,,,,,,,,
WDR37,,,,,,,,,,,,
PFKP,,,,-0.2866829109073075,-0.2866829109073075,-0.2866829109073075,,,,,,
PITRM1,,,,,,,,,,,,
KLF6,,,,-0.437889972444723,-0.437889972444723,-0.437889972444723,,,,,,
NET1,,,,,,,,,,,,
ASB13,,,,,,,,,,,,
TASOR2,,,,,,,,,,,,
GDI2,,,,,,,,,,,,
ANKRD16,,,,,,,,,,,,
FBH1,,,,,,,,,,,,
IL2RA,,,,,,,-0.13346992087796455,-0.016698556830635102,-0.07508423885429982,-0.09373436429297612,-0.04142077655833997,-0.06757757042565804
RBM17,,,,,,,,,,,,
PFKFB3,,,,,,,,,,,,
PRKCQ,,,,-0.5182476544939298,-0.5182476544939298,-0.5182476544939298,,,,,,
SFMBT2,,,,,,,,,,,,
KIN,,,,,,,,,,,,
ATP5F1C,,,,,,,,,,,,
TAF3,,,,,,,,,,,,
GATA3,,,,,,,,,,,,
CELF2,,,,,,,,,,,,
USP6NL,,,,-0.5538200406706728,-0.5538200406706728,-0.5538200406706728,,,,,,
PROSER2,,,,-0.5655310889017773,-0.5655310889017773,-0.5655310889017773,,,,,,
UPF2,,,,,,,,,,,,
DHTKD1,,,,,,,,,,,,
SEC61A2,,,,,,,,,,,,
NUDT5,,,,,,,,,,,,
CDC123,,,,,,,,,,,,
CAMK1D,,,,,,,,,,,,
CCDC3,,,,,,,,,,,,
OPTN,,,,,,,,,,,,
MCM10,,,,,,,,,,,,
PHYH,,,,,,,,,,,,
SEPHS1,,,,,,,,,,,,
BEND7,,,,,,,,,,,,
PRPF18,,,,,,,,,,,,
FRMD4A,,,,,,,,,,,,
FAM107B,,,,,,,,,,,,
MSANTD7,,,,,,,,,,,,
HSPA14,,,,,,,,,,,,
SUV39H2,,,,-0.5524657003148445,-0.5524657003148445,-0.5524657003148445,,,,,,
DCLRE1C,,,,,,,,,,,,
RPP38,,,,,,,,,,,,
NMT2,,,,,,,,,,,,
FAM171A1,,,,,,,,,,,,
ITGA8,,,,,,,,,,,,
MINDY3,,,,,,,,,,,,
PTER,,,,,,,,,,,,
RSU1,,,,,,,,,,,,
TRDMT1,,,,,,,,,,,,
VIM,,,,,,,,,,,,
HACD1,,,,,,,,,,,,
STAM,,,,,,,,,,,,
CACNB2,,,,,,,,,,,,
NSUN6,,,,,,,,,,,,
ARL5B,,,,-0.49197971300585897,-0.49197971300585897,-0.49197971300585897,,,,,,
PLXDC2,,,,,,,,,,,,
NEBL,,,,,,,,,,,,
SKIDA1,,,,,,,,,,,,
MLLT10,,,,,,,,,,,,
DNAJC1,,,,,,,,,,,,
COMMD3,,,,,,,,,,,,
BMI1,,,,,,,,,,,,
PIP4K2A,,,,,,,,,,,,
ARMC3,,,,-0.4445967557739624,-0.4445967557739624,-0.4445967557739624,,,,,,
MSRB2,,,,,,,,,,,,
KIAA1217,,,,,,,,,,,,
ARHGAP21,,,,,,,,,,,,
PRTFDC1,,,,,,,,,,,,
THNSL1,,,,,,,,,,,,
MYO3A,,,,-0.5778982563930282,-0.5778982563930282,-0.5778982563930282,,,,,,
PDSS1,,,,,,,,,,,,
ABI1,,,,,,,,,,,,
ANKRD26,,,,,,,,,,,,
YME1L1,,,,,,,,,,,,
MASTL,,,,,,,,,,,,
ACBD5,,,,,,,,,,,,
RAB18,,,,,,,,,,,,
MKX,,,,-0.4986417881416158,-0.4986417881416158,-0.4986417881416158,,,,,,
ODAD2,,,,,,,,,,,,
MPP7,,,,,,,,,,,,
WAC,,,,,,,,,,,,
BAMBI,,,,-0.24343027582245313,-0.24343027582245313,-0.24343027582245313,,,,,,
SVIL,,,,,,,,,,,,
JCAD,,,,,,,,,,,,
MTPAP,,,,-0.978353716767886,-0.1700109916111279,-0.5741823541895069,,,,,,
MAP3K8,,,,,,,,,,,,
ZNF438,,,,,,,,,,,,
ZEB1,,,,,,,0.07194890268906962,0.46144747184335616,0.26669818726621286,,,
ARHGAP12,,,,,,,,,,,,
KIF5B,,,,,,,,,,,,
EPC1,,,,,,,,,,,,
CCDC7,,,,,,,,,,,,
ITGB1,,,,,,,,,,,,
NRP1,,,,,,,,,,,,
PARD3,,,,,,,,,,,,
CUL2,,,,,,,,,,,,
CREM,,,,,,,,,,,,
CCNY,,,,,,,,,,,,
FZD8,,,,,,,,,,,,
ZNF248,,,,,,,,,,,,
ZNF33A,,,,,,,,,,,,
ZNF37A,,,,,,,,,,,,
ZNF33B,,,,,,,,,,,,
BMS1,,,,,,,,,,,,
CSGALNACT2,,,,-0.5251124343669296,-0.5251124343669296,-0.5251124343669296,,,,,,
HNRNPF,,,,,,,,,,,,
ZNF239,,,,-0.42908854665406854,-0.42908854665406854,-0.42908854665406854,,,,,,
ZNF485,,,,,,,,,,,,
ZNF32,,,,,,,,,,,,
ZNF22,,,,,,,,,,,,
MARCHF8,,,,,,,,,,,,
ZFAND4,,,,,,,,,,,,
WASHC2C,,,,,,,,,,,,
TIMM23,,,,,,,,,,,,
NCOA4,,,,,,,,,,,,
FAM25G,-0.09873606329295272,-0.043972403517802,-0.07135423340537736,-0.932789394764769,-0.12365634089722274,-0.5282228678309958,,,,-0.11208268415675329,-0.019676121426815806,-0.06587940279178454
MAPK8,,,,,,,,,,,,
ARHGAP22,,,,,,,,,,,,
ERCC6,,,,,,,,,,,,
PARG,,,,,,,,,,,,
TIMM23B,,,,,,,,,,,,
AGAP6,,,,-0.562643060439732,-0.562643060439732,-0.562643060439732,,,,,,
WASHC2A,,,,,,,,,,,,
SGMS1,,,,,,,,,,,,
PRKG1,,,,,,,,,,,,
CSTF2T,,,,,,,,,,,,
PCDH15,,,,,,,,,,,,
ZWINT,,,,,,,,,,,,
IPMK,,,,,,,,,,,,
CISD1,,,,,,,,,,,,
UBE2D1,,,,,,,,,,,,
TFAM,,,,,,,,,,,,
BICC1,,,,,,,,,,,,
FAM13C,-0.08037927666383002,0.0008693017655934717,-0.039754987449118276,-0.866991955104443,-0.02989335435093469,-0.44844265472768885,,,,,,
SLC16A9,,,,-0.513011129043732,-0.513011129043732,-0.513011129043732,,,,,,
CCDC6,,,,,,,,,,,,
ANK3,,,,,,,,,,,,
CDK1,,,,,,,,,,,,
RHOBTB1,,,,,,,,,,,,
ARID5B,,,,,,,,,,,,
RTKN2,,,,,,,,,,,,
ADO,,,,-0.5502687580995352,-0.5502687580995352,-0.5502687580995352,,,,,,
NRBF2,,,,,,,,,,,,
JMJD1C,,,,,,,,,,,,
REEP3,,,,,,,,,,,,
CTNNA3,,,,,,,,,,,,
DNAJC12,,,,,,,,,,,,
SIRT1,,,,,,,,,,,,
HERC4,,,,-0.6726204394885933,-0.6726204394885933,-0.6726204394885933,,,,,,
PBLD,,,,,,,,,,,,
HNRNPH3,,,,,,,,,,,,
RUFY2,,,,,,,,,,,,
DNA2,,,,,,,,,,,,
SLC25A16,,,,-0.6661408566257501,-0.6661408566257501,-0.6661408566257501,,,,,,
TET1,,,,,,,,,,,,
CCAR1,,,,,,,,,,,,
STOX1,,,,-0.39349398344963943,-0.39349398344963943,-0.39349398344963943,,,,,,
DDX50,,,,,,,,,,,,
DDX21,,,,,,,,,,,,
KIFBP,,,,,,,,,,,,
VPS26A,,,,,,,,,,,,
SUPV3L1,,,,,,,,,,,,
HK1,,,,,,,,,,,,
TSPAN15,,,,-0.49206517789785303,-0.49206517789785303,-0.49206517789785303,,,,,,
FAM241B,,,,-0.35527763004798213,-0.35527763004798213,-0.35527763004798213,,,,,,
MACROH2A2,,,,,,,,,,,,
TYSND1,,,,,,,,,,,,
SAR1A,,,,,,,,,,,,
PPA1,,,,,,,,,,,,
LRRC20,,,,-0.45777493322875024,-0.45777493322875024,-0.45777493322875024,,,,,,
EIF4EBP2,,,,,,,,,,,,
PALD1,,,,,,,,,,,,
SGPL1,,,,,,,,,,,,
PCBD1,,,,,,,,,,,,
UNC5B,,,,,,,,,,,,
PSAP,,,,,,,,,,,,
CHST3,,,,,,,,,,,,
ASCC1,,,,,,,,,,,,
ANAPC16,,,,,,,,,,,,
DDIT4,,,,,,,,,,,,
DNAJB12,,,,,,,,,,,,
MICU1,,,,,,,,,,,,
MCU,,,,,,,,,,,,
P4HA1,,,,,,,,,,,,
NUDT13,,,,,,,,,,,,
ECD,,,,,,,,,,,,
FAM149B1,,,,,,,,,,,,
DNAJC9,,,,,,,,,,,,
MRPS16,,,,,,,,,,,,
ANXA7,,,,,,,,,,,,
PPP3CB,,,,,,,,,,,,
USP54,,,,,,,,,,,,
SEC24C,,,,-0.6281531838111944,-0.6281531838111944,-0.6281531838111944,,,,,,
FUT11,,,,,,,,,,,,
CHCHD1,,,,,,,,,,,,
ZSWIM8,,,,-0.4570977703661572,-0.4570977703661572,-0.4570977703661572,,,,,,
NDST2,,,,-0.5161496769608108,-0.5161496769608108,-0.5161496769608108,,,,,,
CAMK2G,,,,-0.6324040696583382,-0.6324040696583382,-0.6324040696583382,,,,,,
VCL,,,,,,,,,,,,
AP3M1,,,,,,,,,,,,
ADK,,,,,,,,,,,,
KAT6B,,,,,,,,,,,,
SAMD8,,,,,,,,,,,,
VDAC2,,,,,,,,,,,,
COMTD1,,,,,,,,,,,,
ZNF503,,,,,,,,,,,,
LRMDA,,,,,,,,,,-0.17759534381438608,-0.03923612219751794,-0.108415733005952
DLG5,,,,,,,,,,,,
POLR3A,,,,,,,,,,,,
RPS24,,,,,,,,,,,,
ZMIZ1,,,,-0.40554775524826997,-0.40554775524826997,-0.40554775524826997,,,,,,
PPIF,,,,,,,,,,,,
ZCCHC24,,,,-0.3486384776565684,-0.3486384776565684,-0.3486384776565684,,,,,,
EIF5AL1,,,,-0.5372629922697925,-0.5372629922697925,-0.5372629922697925,,,,,,
TMEM254,,,,,,,,,,,,
ANXA11,,,,,,,,,,,,
PRXL2A,,,,,,,,,,,,
TSPAN14,,,,,,,,,,,,
GHITM,,,,,,,,,,,,
CCSER2,,,,,,,,,,,,
GRID1,,,,,,,,,,,,
WAPL,,,,,,,,,,,,
BMPR1A,,,,,,,,,,,,
GLUD1,,,,,,,,,,,,
SHLD2,,,,,,,,,,,,
MINPP1,,,,,,,,,,,,
PAPSS2,,,,,,,,,,,,
ATAD1,,,,,,,,,,,,
PTEN,,,,,,,,,,,,
STAMBPL1,,,,,,,,,,,,
LIPA,,,,,,,,,,,,
IFIT5,,,,,,,,,,,,
PANK1,,,,,,,,,,,,
KIF20B,,,,,,,,,,,,
RPP30,,,,,,,,,,,,
PCGF5,,,,,,,,,,,,
HECTD2,,,,,,,,,,,,
TNKS2,,,,,,,,,,,,
BTAF1,,,,,,,,,,,,
CPEB3,,,,,,,,,,,,
MARCHF5,,,,,,,,,,,,
IDE,,,,,,,,,,,,
KIF11,,,,,,,,,,,,
EXOC6,,,,,,,,,,,,
CEP55,,,,,,,,,,,,
FRA10AC1,,,,,,,,,,,,
SLC35G1,,,,,,,,,,,,
PLCE1,,,,,,,,,,,,
NOC3L,,,,,,,,,,,,
TBC1D12,,,,,,,,,,,,
HELLS,,,,,,,,,,,,
PDLIM1,,,,-0.6463851960034749,-0.6463851960034749,-0.6463851960034749,,,,,,
SORBS1,,,,,,,,,,,,
ALDH18A1,,,,,,,,,,,,
TCTN3,,,,,,,,,,,,
CCNJ,,,,-0.5905914306985748,-0.5905914306985748,-0.5905914306985748,,,,,,
ZNF518A,,,,,,,,,,,,
TM9SF3,,,,,,,,,,,,
PIK3AP1,,,,,,,,,,,,
LCOR,,,,,,,,,,,,
ARHGAP19,,,,,,,,,,,,
FRAT2,,,,,,,,,,,,
RRP12,,,,,,,,,,,,
PGAM1,,,,,,,,,,,,
EXOSC1,,,,,,,,,,,,
ZDHHC16,,,,,,,,,,,,
MMS19,,,,,,,,,,,,
UBTD1,,,,,,,,,,,,
MORN4,,,,,,,,,,,,
PI4K2A,,,,-0.4533291331753141,-0.4533291331753141,-0.4533291331753141,,,,,,
AVPI1,,,,-0.34232933505136964,-0.34232933505136964,-0.34232933505136964,,,,,,
MARVELD1,,,,,,,,,,,,
ZFYVE27,,,,-0.4086802009568976,-0.4086802009568976,-0.4086802009568976,,,,,,
R3HCC1L,,,,,,,,,,,,
HPS1,,,,,,,,,,,,
CNNM1,,,,-0.4374953344292999,-0.4374953344292999,-0.4374953344292999,,,,,,
GOT1,,,,,,,,,,,,
SLC25A28,,,,,,,,,,,,
ENTPD7,,,,,,,,,,,,
CUTC,,,,,,,,,,,,
COX15,,,,,,,,,,,,
DNMBP,,,,,,,,,,,,
ERLIN1,,,,-0.45697659753994946,-0.45697659753994946,-0.45697659753994946,,,,,,
CHUK,,,,,,,,,,,,
CWF19L1,,,,,,,,,,,,
BLOC1S2,,,,,,,,,,,,
SCD,,,,,,,,,,,,
NDUFB8,,,,,,,,,,,,
HIF1AN,,,,,,,,,,,,
SLF2,,,,,,,,,,,,
MRPL43,,,,,,,,,,,,
TWNK,,,,,,,,,,,,
LZTS2,,,,,,,,,,,,
BTRC,,,,,,,,,,,,
DPCD,,,,,,,,,,,,
POLL,,,,,,,,,,,,
FBXW4,,,,,,,,,,,,
NPM3,,,,,,,,,,,,
OGA,,,,,,,,,,,,
ARMH3,,,,,,,,,,,,
HPS6,,,,-0.5393790825227207,-0.5393790825227207,-0.5393790825227207,,,,,,
LDB1,,,,,,,,,,,,
PPRC1,,,,,,,,,,,,
NOLC1,,,,,,,,,,,,
GBF1,,,,,,,,,,,,
FBXL15,,,,,,,,,,,,
CUEDC2,,,,,,,,,,,,
C10orf95,,,,-0.4661483971935572,-0.4661483971935572,-0.4661483971935572,,,,,,
MFSD13A,,,,,,,,,,,,
ACTR1A,,,,,,,,,,,,
SUFU,,,,,,,,,,,,
TRIM8,,,,,,,,,,,,
ARL3,,,,,,,,,,,,
SFXN2,,,,,,,,,,,,
WBP1L,,,,,,,,,,,,
BORCS7,,,,-0.5852742530540918,-0.5852742530540918,-0.5852742530540918,,,,,,
AS3MT,,,,,,,,,,,,
CNNM2,,,,,,,,,,,,
NT5C2,,,,,,,,,,,,
PCGF6,,,,,,,,,,,,
TAF5,,,,,,,,,,,,
ATP5MK,,,,,,,,,,,,
PDCD11,,,,,,,,,,,,
SH3PXD2A,,,,,,,,,,,,
STN1,,,,,,,,,,,,
SLK,,,,,,,,,,,,
SFR1,,,,,,,,,,,,
GSTO1,-0.4145216119374813,-0.03955573894333638,-0.22703867544040884,,,,,,,,,
GSTO2,,,,,,,,,,,,
XPNPEP1,,,,,,,,,,,,
ADD3,,,,,,,,,,,,
MXI1,,,,,,,,,,,,
SMNDC1,,,,,,,,,,,,
SMC3,,,,,,,,,,,,
RBM20,,,,,,,,,,,,
PDCD4,,,,,,,,,,,,
BBIP1,,,,,,,,,,,,
SHOC2,,,,,,,,,,,,
GPAM,,,,-0.5507300144984218,-0.5507300144984218,-0.5507300144984218,,,,,,
ZDHHC6,,,,,,,,,,,,
VTI1A,,,,,,,,,,,,
TCF7L2,,,,,,,,,,,,
CASP7,,,,,,,,,,,,
DCLRE1A,,,,-0.46819184855754026,-0.46819184855754026,-0.46819184855754026,,,,,,
NHLRC2,,,,,,,,,,,,
CCDC186,,,,,,,,,,,,
ABLIM1,,,,,,,,,,,,
FHIP2A,,,,,,,,,,,,
TRUB1,,,,,,,,,,,,
ATRNL1,,,,-0.9636004382975171,-0.17684506987998655,-0.5702227540887518,,,,,,
HSPA12A,,,,,,,,,,,,
SHTN1,,,,,,,,,,,,
PDZD8,,,,,,,,,,,,
EMX2,-0.20626449742873448,-0.03035006674534647,-0.11830728208704047,,,,,,,,,
RAB11FIP2,,,,,,,,,,,,
FAM204A,,,,,,,,,,,,
CACUL1,,,,,,,,,,,,
NANOS1,,,,-0.5057404331265913,-0.5057404331265913,-0.5057404331265913,,,,,,
EIF3A,,,,,,,,,,,,
DENND10,,,,,,,,,,,,
SFXN4,,,,-0.9666636100360562,-0.13985939380324008,-0.5532615019196481,,,,,,
PRDX3,,,,,,,,,,,,
GRK5,,,,,,,,,,,,
RGS10,,,,,,,,,,,,
TIAL1,,,,,,,,,,,,
BAG3,,,,,,,,,,,,
INPP5F,,,,,,,,,,,,
MCMBP,,,,,,,,,,,,
SEC23IP,,,,,,,,,,,,
PLPP4,,,,-0.37676837792157003,-0.37676837792157003,-0.37676837792157003,,,,,,
WDR11,,,,,,,,,,,,
FGFR2,,,,,,,,,,,,
ATE1,,,,,,,,,,,,
NSMCE4A,,,,,,,,,,,,
TACC2,,,,,,,,,,,,
PLEKHA1,,,,,,,,,,,,
C10orf88,,,,,,,,,,,,
PSTK,,,,-0.56844689712437,-0.56844689712437,-0.56844689712437,,,,,,
IKZF5,,,,,,,,,,,,
ACADSB,,,,,,,,,,,,
BUB3,,,,,,,,,,,,
CHST15,,,,-0.5001532632152764,-0.5001532632152764,-0.5001532632152764,,,,,,
OAT,,,,,,,,,,,,
LHPP,,,,,,,,,,,,
FAM53B,,,,,,,,,,,,
EEF1AKMT2,,,,,,,,,,,,
ABRAXAS2,,,,,,,,,,,,
ZRANB1,,,,,,,,,,,,
CTBP2,,,,,,,,,,,,
EDRF1,,,,,,,,,,,,
UROS,,,,,,,,,,,,
BCCIP,,,,,,,,,,,,
DHX32,,,,,,,,,,,,
DOCK1,,,,,,,,,,,,
MKI67,,,,,,,,,,,,
EBF3,,,,-0.9260068791379691,-0.09607484624582487,-0.511040862691897,,,,,,
GLRX3,,,,,,,,,,,,
PPP2R2D,,,,,,,,,,,,
BNIP3,,,,,,,,,,,,
STK32C,,,,,,,,,,,,
INPP5A,,,,,,,,,,,,
TUBGCP2,,,,,,,,,,,,
ZNF511,,,,,,,,,,,,
FUOM,,,,,,,,,,,,
ECHS1,,,,,,,,,,,,
MTG1,,,,,,,,,,,,
BET1L,,,,,,,,,,,,
RIC8A,,,,-0.5045797868190303,-0.5045797868190303,-0.5045797868190303,,,,,,
SIRT3,,,,,,,,,,,,
PSMD13,,,,,,,,,,,,
IFITM2,,,,-0.5200417115989827,-0.5200417115989827,-0.5200417115989827,,,,,,
IFITM1,,,,,,,,,,,,
SIGIRR,,,,,,,,,,,,
PTDSS2,,,,-0.6435704336196928,-0.6435704336196928,-0.6435704336196928,,,,,,
RNH1,,,,,,,,,,,,
HRAS,,,,,,,,,,,,
RASSF7,,,,,,,,,,,,
PHRF1,,,,,,,,,,,,
DEAF1,,,,-0.985400944149444,-0.25754692278092833,-0.6214739334651862,,,,,,
TMEM80,,,,,,,,,,,,
TALDO1,,,,,,,,,,,,
GATD1,,,,,,,,,,,,
SLC25A22,,,,-0.5468397395317965,-0.5468397395317965,-0.5468397395317965,,,,,,
RPLP2,,,,,,,,,,,,
PNPLA2,,,,,,,,,,,,
CD151,,,,,,,,,,,,
POLR2L,,,,,,,,,,,,
TSPAN4,,,,-0.5074427141401205,-0.5074427141401205,-0.5074427141401205,,,,,,
CHID1,,,,,,,,,,,,
AP2A2,,,,,,,,,,,,
TOLLIP,,,,,,,,,,,,
BRSK2,,,,-0.4155852557840246,-0.4155852557840246,-0.4155852557840246,,,,,,
MOB2,,,,,,,,,,,,
CTSD,,,,,,,,,,,,
MRPL23,,,,,,,,,,,,
CD81,-0.24529265018128854,-0.01939930879990562,-0.1323459794905971,,,,,,,,,
TSSC4,,,,,,,,,,,,
CDKN1C,,,,,,,,,,,,
PHLDA2,,,,-0.48752970261374884,-0.48752970261374884,-0.48752970261374884,,,,,,
NAP1L4,,,,,,,,,,,,
CARS1,,,,,,,,,,,,
OSBPL5,,,,-0.5181470480836847,-0.5181470480836847,-0.5181470480836847,,,,,,
ZNF195,,,,,,,,,,,,
ART5,,,,,,,,,,,,
NUP98,,,,,,,,,,,,
PGAP2,,,,,,,,,,,,
RHOG,,,,,,,,,,,,
STIM1,,,,,,,,,,,,
RRM1,,,,,,,,,,,,
APBB1,,,,-0.5916194361614657,-0.5916194361614657,-0.5916194361614657,,,,,,
ARFIP2,,,,,,,,,,,,
TIMM10B,,,,,,,,,,,,
DNHD1,,,,,,,,,,,,
RRP8,,,,,,,,,,,,
ILK,,,,,,,,,,,,
TAF10,,,,,,,,,,,,
MRPL17,-0.34296405499770755,-0.08134769782803197,-0.21215587641286976,,,,,,,,,
ZNF215,,,,,,,,,,,,
EIF3F,,,,,,,,,,,,
TUB,,,,,,,,,,,,
STK33,,,,,,,,,,,,
TRIM66,,,,,,,,,,,,
RPL27A,,,,,,,,,,,,
DENND2B,,,,,,,,,,,,
AKIP1,,,,,,,,,,,,
TMEM9B,,,,,,,,,,,,
NRIP3,,,,,,,,,,,,
DENND5A,,,,,,,,,,,,
TMEM41B,,,,,,,,,,,,
IPO7,,,,,,,,,,,,
ZNF143,,,,,,,,,,,,
WEE1,,,,,,,,,,,,
SWAP70,,,,-0.5258966803464852,-0.5258966803464852,-0.5258966803464852,,,,,,
SBF2,,,,,,,,,,,,
RNF141,,,,,,,,,,,,
CTR9,,,,,,,,,,,,
EIF4G2,,,,,,,,,,,,
ZBED5,,,,,,,,,,,,
GALNT18,,,,-0.9598854630563721,-0.12128301469202607,-0.540584238874199,,,,,,
USP47,,,,,,,,,,,,
PARVA,,,,,,,,,,,,
TEAD1,,,,,,,,,,,,
BTBD10,,,,,,,,,,,,
FAR1,,,,,,,,,,,,
SPON1,,,,,,,,,,,,
RRAS2,,,,,,,,,,,,
COPB1,,,,,,,,,,,,
PSMA1,,,,,,,,,,,,
PDE3B,,,,,,,,,,,,
CYP2R1,,,,,,,,,,,,
CALCB,,,,-0.4970226540403917,-0.4970226540403917,-0.4970226540403917,,,,,,
SOX6,,,,,,,,,,,,
C11orf58,,,,,,,,,,,,
PLEKHA7,,,,,,,,,,,,
RPS13,,,,,,,,,,,,
PIK3C2A,,,,,,,,,,,,
NUCB2,,,,,,,,,,,,
NCR3LG1,,,,,,,,,,,,
SERGEF,,,,,,,,,,,,
SAAL1,,,,,,,,,,,,
HPS5,,,,,,,,,,,,
GTF2H1,,,,,,,,,,,,
LDHA,,,,,,,,,,,,
LDHC,,,,,,,,,,,,
TSG101,,,,,,,,,,,,
UEVLD,,,,,,,,,,,,
MISFA,,,,-0.6201669710214041,-0.6201669710214041,-0.6201669710214041,,,,,,
SPTY2D1,,,,,,,,,,,,
ZDHHC13,,,,,,,,,,,,
E2F8,,,,-0.3208150052528619,-0.3208150052528619,-0.3208150052528619,,,,,,
NAV2,,,,,,,,,,,,
HTATIP2,,,,,,,,,,,,
PRMT3,,,,,,,,,,,,
ANO5,,,,,,,,,,,,
SVIP,,,,,,,,,,,,
CCDC34,,,,,,,,,,,,
LGR4,,,,,,,,,,,,
LIN7C,,,,,,,,,,,,
KIF18A,,,,-0.6243411821684779,-0.6243411821684779,-0.6243411821684779,,,,,,
METTL15,,,,,,,,,,,,
ARL14EP,,,,,,,,,,,,
MPPED2,,,,,,,,,,,,
DNAJC24,,,,,,,,,,,,
IMMP1L,,,,,,,,,,,,
ELP4,,,,,,,,,,,,
PAX6,,,,,,,,,,,,
RCN1,,,,,,,,,,,,
WT1,,,,-0.5254430840540391,-0.5254430840540391,-0.5254430840540391,,,,,,
EIF3M,,,,,,,,,,,,
CCDC73,-0.10132375311289998,-0.03739417945605593,-0.06935896628447796,,,,,,,-0.19880366174223663,-0.05470933686574936,-0.126756499303993
PRRG4,,,,,,,,,,,,
QSER1,,,,,,,,,,,,
DEPDC7,,,,,,,,,,,,
TCP11L1,,,,,,,,,,,,
CSTF3,,,,,,,,,,,,
HIPK3,,,,,,,,,,,,
KIAA1549L,,,,,,,,,,,,
CD59,,,,,,,,,,,,
FBXO3,,,,,,,,,,,,
CAPRIN1,,,,,,,0.12590386155540068,0.45826247387677294,0.2920831677160868,,,
NAT10,,,,,,,0.09554703969500804,0.544438958690427,0.3199929991927175,,,
ABTB2,,,,,,,,,,,,
CAT,,,,,,,,,,,,
APIP,,,,,,,,,,,,
PDHX,,,,,,,,,,,,
PAMR1,,,,-0.6472644816932186,-0.6472644816932186,-0.6472644816932186,,,,,,
FJX1,,,,,,,,,,,,
TRIM44,,,,,,,,,,,,
LDLRAD3,,,,,,,,,,,,
COMMD9,,,,,,,,,,,,
TRAF6,,,,,,,,,,,,
IFTAP,,,,,,,,,,,,
LRRC4C,-0.08995420043674089,-0.025682501270797603,-0.05781835085376925,,,,,,,-0.13335283492411182,-0.008713054886493597,-0.07103294490530271
API5,,,,,,,0.05515043228960367,0.5966187785957656,0.32588460544268466,,,
TTC17,,,,,,,,,,,,
HSD17B12,,,,,,,,,,,,
ALKBH3,,,,,,,,,,,,
EXT2,,,,,,,,,,,,
ALX4,,,,-0.5306617400823646,-0.5306617400823646,-0.5306617400823646,,,,,,
TSPAN18,,,,,,,,,,,,
TP53I11,,,,-0.491890656269427,-0.491890656269427,-0.491890656269427,,,,,,
CRY2,,,,,,,,,,,,
PEX16,,,,-0.518048307570918,-0.518048307570918,-0.518048307570918,,,,,,
PHF21A,,,,,,,,,,,,
DGKZ,,,,,,,,,,,,
MDK,,,,,,,,,,,,
AMBRA1,,,,,,,,,,,,
ATG13,,,,,,,,,,,,
ARHGAP1,,,,-0.591869392593833,-0.591869392593833,-0.591869392593833,,,,,,
CKAP5,,,,,,,,,,,,
LRP4,,,,-0.5835734053412068,-0.5835734053412068,-0.5835734053412068,,,,,,
CSTPP1,,,,,,,,,,,,
ARFGAP2,,,,,,,,,,,,
PACSIN3,,,,,,,,,,,,
DDB2,,,,,,,,,,,,
ACP2,,,,,,,,,,,,
NR1H3,,,,-0.5766868927124326,-0.5766868927124326,-0.5766868927124326,,,,,,
MADD,,,,,,,,,,,,
SLC39A13,,,,,,,-0.3830087138950933,-0.05817252000118163,-0.22059061694813745,,,
PSMC3,,,,,,,,,,,,
CELF1,,,,,,,,,,,,
NDUFS3,,,,,,,,,,,,
PTPMT1,,,,,,,,,,,,
MTCH2,,,,,,,,,,,,
FNBP4,,,,,,,,,,,,
NUP160,,,,,,,,,,,,
PTPRJ,,,,,,,,,,,,
OR5D3P,,,,,,,,,,,,
TNKS1BP1,,,,-0.3840998795753308,-0.3840998795753308,-0.3840998795753308,,,,,,
SSRP1,,,,,,,,,,,,
RTN4RL2,,,,-0.51012274586001,-0.51012274586001,-0.51012274586001,,,,,,
SLC43A1,,,,,,,,,,,,
TIMM10,,,,,,,,,,,,
CLP1,,,,-0.5297699954254637,-0.5297699954254637,-0.5297699954254637,,,,,,
ZDHHC5,,,,,,,,,,,,
MED19,,,,,,,,,,,,
TMX2,,,,,,,,,,,,
SELENOH,,,,,,,,,,,,
CTNND1,,,,,,,,,,,,
ZFP91,,,,,,,,,,,,
OSBP,,,,,,,,,,,,
PATL1,,,,,,,,,,,,
STX3,,,,,,,,,,,,
MRPL16,,,,,,,,,,,,
CCDC86,,,,,,,,,,,,
PRPF19,,,,,,,,,,,,
TMEM109,,,,,,,,,,,,
TMEM132A,,,,-0.48877633706924534,-0.48877633706924534,-0.48877633706924534,,,,,,
VPS37C,,,,,,,,,,,,
DDB1,,,,,,,,,,,,
TKFC,,,,-0.5189619436518159,-0.5189619436518159,-0.5189619436518159,,,,,,
CYB561A3,,,,,,,,,,,,
TMEM138,,,,-0.5385534891446963,-0.5385534891446963,-0.5385534891446963,,,,,,
TMEM216,,,,,,,,,,,,
CPSF7,,,,,,,,,,,,
SDHAF2,,,,,,,,,,,,
TMEM258,,,,,,,,,,,,
FEN1,,,,,,,,,,,,
FADS2,,,,,,,,,,,,
FADS1,,,,,,,,,,,,
FADS3,-0.08273622376751502,-0.008951924581229277,-0.04584407417437215,,,,,,,,,
FTH1,,,,,,,,,,,,
INCENP,,,,-0.5882123683238428,-0.5882123683238428,-0.5882123683238428,,,,,,
ASRGL1,,,,,,,,,,,,
AHNAK,,,,,,,,,,,,
EEF1G,,,,,,,,,,,,
TUT1,,,,,,,,,,,,
MTA2,,,,,,,,,,,,
B3GAT3,,,,,,,,,,,,
GANAB,,,,,,,,,,,,
INTS5,,,,,,,,,,,,
CSKMT,,,,,,,,,,,,
UQCC3,,,,,,,,,,,,
UBXN1,,,,,,,,,,,,
BSCL2,,,,,,,,,,,,
HNRNPUL2,0.03372373696613541,0.23580461667005195,0.1347641768180937,,,,,,,,,
TTC9C,,,,-0.5353869800683688,-0.5353869800683688,-0.5353869800683688,,,,,,
POLR2G,,,,,,,,,,,,
TAF6L,,,,-0.571698008759139,-0.571698008759139,-0.571698008759139,,,,,,
TMEM223,,,,,,,,,,,,
TMEM179B,,,,,,,,,,,,
NXF1,,,,,,,,,,,,
STX5,,,,,,,,,,,,
WDR74,,,,,,,,,,,,
SLC3A2,,,,,,,,,,,,
PLAAT3,,,,,,,,,,,,
ATL3,,,,,,,,,,,,
RTN3,,,,,,,,,,,,
ZFTA,,,,-0.5999469756183585,-0.5999469756183585,-0.5999469756183585,,,,,,
SPINDOC,,,,,,,,,,,,
MARK2,,,,,,,,,,,,
NAA40,,,,-0.5983943049488887,-0.5983943049488887,-0.5983943049488887,,,,,,
COX8A,,,,,,,,,,,,
OTUB1,,,,,,,,,,,,
MACROD1,,,,,,,,,,,,
STIP1,,,,,,,,,,,,
TRPT1,,,,,,,,,,,,
NUDT22,,,,,,,,,,,,
DNAJC4,,,,,,,,,,,,
VEGFB,,,,-0.5276707708235803,-0.5276707708235803,-0.5276707708235803,,,,,,
FKBP2,,,,,,,,,,,,
PPP1R14B,,,,,,,,,,,,
PLCB3,,,,,,,,,,,,
BAD,,,,,,,,,,,,
GPR137,,,,,,,,,,,,
ESRRA,,,,,,,,,,,,
TRMT112,,,,,,,,,,,,
PRDX5,,,,,,,,,,,,
RASGRP2,,,,,,,,,,,,
SF1,,,,,,,,,,,,
MEN1,,,,,,,,,,,,
EHD1,,,,,,,,,,,,
ATG2A,,,,,,,,,,,,
ARL2,,,,,,,,,,,,
SNX15,,,,,,,,,,,,
SAC3D1,,,,,,,,,,,,
CDCA5,,,,,,,,,,,,
ZFPL1,,,,-0.4980427486480581,-0.4980427486480581,-0.4980427486480581,,,,,,
TMEM262,,,,-0.5127708880870471,-0.5127708880870471,-0.5127708880870471,,,,,,
VPS51,,,,,,,,,,,,
TM7SF2,,,,,,,,,,,,
ZNHIT2,,,,-0.5062062505102327,-0.5062062505102327,-0.5062062505102327,,,,,,
FAU,,,,,,,,,,,,
SYVN1,,,,,,,,,,,,
MRPL49,,,,,,,,,,,,
CAPN1,,,,,,,,,,,,
POLA2,,,,,,,,,,,,
CDC42EP2,,,,-0.49813008548313165,-0.49813008548313165,-0.49813008548313165,,,,,,
DPF2,,,,,,,,,,,,
FRMD8,,,,-0.5211226327443154,-0.5211226327443154,-0.5211226327443154,,,,,,
SCYL1,,,,,,,,,,,,
LTBP3,,,,-0.5508796399928763,-0.5508796399928763,-0.5508796399928763,,,,,,
ZNRD2,,,,,,,,,,,,
FAM89B,,,,,,,,,,,,
MAP3K11,,,,,,,,,,,,
PCNX3,,,,,,,,,,,,
RELA,,,,,,,,,,,,
KAT5,,,,,,,,,,,,
RNASEH2C,,,,,,,,,,,,
AP5B1,,,,,,,,,,,,
CFL1,,,,,,,,,,,,
MUS81,,,,-0.5127381773442222,-0.5127381773442222,-0.5127381773442222,,,,,,
FIBP,,,,,,,,,,,,
CCDC85B,,,,,,,,,,,,
C11orf68,,,,-0.4284576191832844,-0.4284576191832844,-0.4284576191832844,,,,,,
DRAP1,,,,,,,,,,,,
SART1,,,,,,,,,,,,
EIF1AD,,,,,,,,,,,,
BANF1,,,,,,,,,,,,
SF3B2,,,,,,,,,,,,
PACS1,,,,,,,,,,,,
KLC2,,,,-0.6435129563703065,-0.6435129563703065,-0.6435129563703065,,,,,,
RAB1B,,,,,,,,,,,,
YIF1A,,,,,,,,,,,,
BRMS1,,,,,,,,,,,,
B4GAT1,,,,,,,,,,,,
SLC29A2,,,,-0.5808180143775133,-0.5808180143775133,-0.5808180143775133,,,,,,
MRPL11,,,,,,,,,,,,
DPP3,,,,-0.5230219056899494,-0.5230219056899494,-0.5230219056899494,,,,,,
BBS1,,,,-0.5329884912031044,-0.5329884912031044,-0.5329884912031044,,,,,,
ZDHHC24,,,,,,,,,,,,
CCS,-0.2271586236073293,0.00014087670357827028,-0.11350887345187552,,,,,,,-0.3475855540278741,-0.030089353764078727,-0.18883745389597642
RBM14,,,,,,,,,,,,
RBM4,,,,,,,,,,,,
RBM4B,,,,,,,,,,,,
SPTBN2,,,,,,,,,,,,
C11orf80,,,,,,,,,,,,
RCE1,,,,,,,,,,,,
PC,,,,,,,,,,,,
LRFN4,,,,,,,,,,,,
KDM2A,,,,,,,,,,,,
GRK2,,,,-0.5127477816546693,-0.5127477816546693,-0.5127477816546693,,,,,,
ANKRD13D,,,,,,,,,,,,
RAD9A,,,,-0.6701005431953728,-0.6701005431953728,-0.6701005431953728,,,,,,
POLD4,,,,,,,,,,,,
PPP1CA,,,,,,,,,,,,
RPS6KB2,,,,,,,,,,,,
CORO1B,,,,,,,,,,,,
TMEM134,,,,,,,,,,,,
AIP,,,,-0.5351609322128212,-0.5351609322128212,-0.5351609322128212,,,,,,
CDK2AP2,,,,,,,,,,,,
GSTP1,,,,,,,,,,,,
NDUFV1,,,,,,,,,,,,
NUDT8,,,,,,,,,,,,
NDUFS8,,,,,,,,,,,,
CHKA,,,,,,,,,,,,
KMT5B,,,,,,,,,,,,
C11orf24,,,,,,,,,,,,
LRP5,,,,,,,,,,,,
PPP6R3,,,,,,,,,,,,
GAL,,,,,,,,,,,,
TESMIN,,,,,,,,,,,,
CPT1A,,,,-0.5858484374264028,-0.5858484374264028,-0.5858484374264028,,,,,,
MRPL21,,,,,,,,,,,,
IGHMBP2,,,,-0.36689947231069153,-0.36689947231069153,-0.36689947231069153,,,,,,
TPCN2,,,,,,,,,,,,
CCND1,,,,,,,,,,,,
LTO1,,,,-0.6432375294773295,-0.6432375294773295,-0.6432375294773295,,,,,,
FADD,,,,,,,,,,,,
PPFIA1,,,,,,,,,,,,
CTTN,,,,,,,,,,,,
SHANK2,,,,,,,,,,,,
DHCR7,,,,,,,,,,,,
NADSYN1,,,,,,,,,,,,
XNDC1N,,,,,,,,,,,,
RNF121,,,,-0.6720159186603543,-0.6720159186603543,-0.6720159186603543,,,,,,
NUMA1,,,,,,,,,,,,
LAMTOR1,,,,,,,,,,,,
ANAPC15,,,,,,,,,,,,
INPPL1,,,,,,,,,,,,
CLPB,,,,,,,,,,,,
ARAP1,,,,-0.44300318666897576,-0.44300318666897576,-0.44300318666897576,,,,,,
STARD10,,,,,,,,,,,,
FCHSD2,,,,,,,,,,,,
RELT,,,,-0.43602823894773424,-0.43602823894773424,-0.43602823894773424,,,,,,
FAM168A,,,,-0.9775257550753127,-0.23763272696460047,-0.6075792410199565,,,,,,
RAB6A,,,,,,,,,,,,
MRPL48,,,,,,,,,,,,
COA4,,,,,,,,,,,,
PAAF1,,,,,,,,,,,,
UCP2,,,,,,,,,,,,
C2CD3,,,,,,,,,,,,
PPME1,,,,,,,,,,,,
PGM2L1,,,,,,,,,,,,
LIPT2,,,,-0.34008680973174044,-0.34008680973174044,-0.34008680973174044,,,,,,
POLD3,,,,,,,,,,,,
RNF169,,,,,,,,,,,,
XRRA1,,,,,,,,,,,,
SPCS2,,,,,,,,,,,,
NEU3,,,,,,,,,,,,
ARRB1,,,,-0.35995153089598114,-0.35995153089598114,-0.35995153089598114,,,,,,
RPS3,,,,,,,,,,,,
SERPINH1,,,,,,,,,,,,
DGAT2,,,,,,,,,,,,
UVRAG,,,,,,,,,,,,
THAP12,,,,,,,,,,,,
EMSY,,,,,,,,,,,,
ACER3,,,,,,,,,,,,
PAK1,,,,,,,,,,,,
CLNS1A,,,,,,,,,,,,
AQP11,,,,-0.583169144006916,-0.583169144006916,-0.583169144006916,,,,,,
RSF1,,,,,,,,,,,,
AAMDC,,,,,,,,,,,,
INTS4,,,,,,,,,,,,
NDUFC2,,,,,,,,,,,,
ALG8,,,,,,,,,,,,
GAB2,,,,-0.5829768650439038,-0.5829768650439038,-0.5829768650439038,,,,,,
NARS2,,,,,,,,,,,,
TENM4,,,,,,,,,,,,
PRCP,,,,-0.5975004211122249,-0.5975004211122249,-0.5975004211122249,,,,,,
DDIAS,,,,-0.496073766955046,-0.496073766955046,-0.496073766955046,,,,,,
RAB30,,,,,,,,,,,,
PCF11,,,,,,,,,,,,
ANKRD42,,,,,,,,,,,,
CCDC90B,,,,,,,,,,,,
DLG2,,,,,,,,,,,,
TMEM126B,,,,,,,,,,,,
TMEM126A,,,,,,,,,,,,
CREBZF,,,,,,,,,,,,
PICALM,,,,,,,,,,,,
EED,,,,-0.9684800779873267,-0.17279528554782686,-0.5706376817675768,,,,,,
HIKESHI,,,,,,,,,,,,
PRSS23,,,,,,,,,,,,
TMEM135,,,,,,,,,,,,
RAB38,,,,-0.4838558143026184,-0.4838558143026184,-0.4838558143026184,,,,,,
CTSC,,,,,,,,,,,,
CHORDC1,,,,,,,,,,,,
FAT3,,,,,,,,,,,,
SLC36A4,,,,,,,,,,,,
SMCO4,,,,,,,,,,,,
CEP295,,,,,,,,,,,,
TAF1D,,,,,,,,,,,,
C11orf54,,,,,,,,,,,,
MED17,,,,,,,,,,,,
MRE11,,,,,,,,,,,,
ANKRD49,,,,,,,,,,,,
AMOTL1,,,,,,,,,,,,
CWC15,,,,,,,,,,,,
KDM4D,,,,,,,,,,,,
SRSF8,,,,,,,,,,,,
ENDOD1,,,,,,,,,,,,
SESN3,,,,,,,,,,,,
FAM76B,,,,,,,,,,,,
CEP57,,,,,,,,,,,,
MTMR2,,,,,,,,,,,,
MAML2,,,,,,,,,,,,
CCDC82,,,,,,,,,,,,
JRKL,,,,,,,,,,,,
ARHGAP42,,,,,,,,,,,,
CEP126,,,,,,,,,,,,
CFAP300,,,,-0.384399843119997,-0.384399843119997,-0.384399843119997,,,,,,
YAP1,,,,,,,,,,,,
BIRC2,,,,,,,,,,,,
TMEM123,,,,,,,,,,,,
DCUN1D5,,,,,,,,,,,,
DYNC2H1,,,,-0.9780499777001618,-0.295919365897366,-0.636984671798764,,,,,,
MSANTD4,,,,,,,,,,,,
KBTBD3,,,,,,,,,,,,
AASDHPPT,,,,,,,,,,,,
GUCY1A2,,,,-0.36212725016242014,-0.36212725016242014,-0.36212725016242014,,,,,,
CWF19L2,,,,,,,,,,,,
ALKBH8,,,,,,,,,,,,
ELMOD1,,,,,,,,,,,,
SLC35F2,,,,,,,,,,,,
RAB39A,,,,-0.46550095381406215,-0.46550095381406215,-0.46550095381406215,,,,,,
CUL5,,,,,,,,,,,,
ACAT1,,,,,,,,,,,,
NPAT,,,,,,,,,,,,
ATM,,,,,,,,,,,,
C11orf65,,,,,,,,,,,,
POGLUT3,,,,-0.5688364346163057,-0.5688364346163057,-0.5688364346163057,,,,,,
EXPH5,,,,,,,,,,,,
DDX10,,,,,,,,,,,,
RDX,,,,,,,,,,,,
ZC3H12C,,,,-0.5844898943811011,-0.5844898943811011,-0.5844898943811011,,,,,,
FDX1,,,,,,,,,,,,
ARHGAP20,,,,-0.5357213896868408,-0.5357213896868408,-0.5357213896868408,,,,,,
LAYN,,,,,,,,,,,,
SIK2,,,,,,,,,,,,
PPP2R1B,,,,,,,,,,,,
ALG9,,,,,,,,,,,,
FDXACB1,,,,-0.410822465585548,-0.410822465585548,-0.410822465585548,,,,,,
CFAP68,,,,,,,,,,,,
DIXDC1,,,,,,,,,,,,
DLAT,,,,,,,,,,,,
PIH1D2,,,,,,,,,,,,
NKAPD1,,,,,,,,,,,,
TIMM8B,,,,,,,,,,,,
SDHD,,,,,,,,,,,,
PTS,,,,,,,,,,,,
NCAM1,,,,,,,,,,,,
TTC12,,,,,,,,,,,,
ZW10,,,,,,,,,,,,
USP28,,,,,,,,,,,,
ZBTB16,,,,-0.5844523683714056,-0.5844523683714056,-0.5844523683714056,,,,,,
C11orf71,,,,,,,,,,,,
RBM7,,,,-0.5235320529798289,-0.5235320529798289,-0.5235320529798289,,,,,,
REXO2,,,,,,,,,,,,
CADM1,,,,,,,,,,,,
BUD13,,,,,,,,,,,,
ZPR1,,,,,,,,,,,,
SIK3,,,,,,,,,,,,
PAFAH1B2,,,,,,,,,,,,
SIDT2,,,,-0.45279185447966,-0.45279185447966,-0.45279185447966,,,,,,
PCSK7,,,,,,,,,,,,
RNF214,,,,,,,,,,,,
BACE1,,,,-0.45967602461725626,-0.45967602461725626,-0.45967602461725626,,,,,,
CEP164,,,,,,,,,,,,
FXYD6,,,,-0.4324662466709538,-0.4324662466709538,-0.4324662466709538,,,,,,
UBE4A,,,,,,,,,,,,
ATP5MG,,,,,,,,,,,,
KMT2A,,,,,,,,,,,,
IFT46,,,,,,,,,,,,
ARCN1,,,,,,,,,,,,
PHLDB1,,,,-0.48297448507670704,-0.48297448507670704,-0.48297448507670704,,,,,,
DDX6,,,,,,,,,,,,
BCL9L,,,,-0.3653898903288872,-0.3653898903288872,-0.3653898903288872,,,,,,
CENATAC,,,,,,,,,,,,
RPS25,,,,,,,,,,,,
TRAPPC4,,,,,,,,,,,,
SLC37A4,,,,,,,,,,,,
HYOU1,,,,,,,,,,,,
VPS11,,,,-0.48711439224639413,-0.48711439224639413,-0.48711439224639413,,,,,,
HMBS,,,,,,,,,,,,
DPAGT1,,,,,,,,,,,,
HINFP,,,,-0.5322730810177457,-0.5322730810177457,-0.5322730810177457,,,,,,
NLRX1,-0.10155457239674351,-0.0016649816717271637,-0.05160977703423534,,,,,,,,,
CBL,,,,,,,,,,,,
RNF26,,,,,,,,,,,,
USP2,,,,-0.575238808989347,-0.575238808989347,-0.575238808989347,,,,,,
NECTIN1,,,,,,,,,,,,
OAF,,,,,,,,,,,,
POU2F3,,,,,,,,,,,,
TLCD5,,,,,,,,,,,,
ARHGEF12,,,,,,,,,,,,
GRIK4,,,,,,,,,,,,
TBCEL,,,,-0.579194687743442,-0.579194687743442,-0.579194687743442,,,,,,
SC5D,,,,,,,,,,,,
SORL1,,,,-0.5551372350968603,-0.5551372350968603,-0.5551372350968603,,,,,,
UBASH3B,,,,-0.4898605135694804,-0.4898605135694804,-0.4898605135694804,,,,,,
JHY,,,,-0.49720956404412986,-0.49720956404412986,-0.49720956404412986,,,,,,
HSPA8,,,,,,,,,,,,
CLMP,,,,-0.48014762278099327,-0.48014762278099327,-0.48014762278099327,,,,,,
GRAMD1B,,,,,,,,,,,,
ZNF202,,,,-0.5413398165428753,-0.5413398165428753,-0.5413398165428753,,,,,,
TBRG1,,,,,,,,,,,,
SPA17,,,,,,,,,,,,
NRGN,,,,,,,,,,,,
MSANTD2,,,,,,,,,,,,
CCDC15,,,,,,,,,,,,
TMEM218,,,,-0.6146607222873389,-0.6146607222873389,-0.6146607222873389,,,,,,
PKNOX2,,,,,,,,,,,,
FEZ1,,,,-0.4675650783155045,-0.4675650783155045,-0.4675650783155045,,,,,,
EI24,,,,,,,,,,,,
STT3A,-0.4832282398549337,-0.06010762963120583,-0.27166793474306977,,,,,,,,,
CHEK1,,,,,,,,,,,,
PUS3,,,,,,,,,,,,
CDON,,,,,,,,,,,,
RPUSD4,,,,,,,,,,,,
FAM118B,,,,,,,,,,,,
SRPRA,,,,,,,,,,,,
FOXRED1,,,,,,,,,,,,
TIRAP,,,,,,,,,,,,
DCPS,,,,,,,,,,,,
ST3GAL4,,,,-0.4969241644849355,-0.4969241644849355,-0.4969241644849355,,,,,,
FLI1,,,,-0.5166775684272493,-0.5166775684272493,-0.5166775684272493,,,,,,
ARHGAP32,,,,,,,,,,,,
BARX2,,,,,,,,,,,,
NFRKB,,,,,,,,,,,,
PRDM10,,,,,,,,,,,,
APLP2,,,,,,,,,,,,
ZBTB44,,,,,,,,,,,,
JAM3,,,,,,,,,,,,
NCAPD3,,,,,,,,,,,,
VPS26B,,,,,,,,,,,,
THYN1,,,,,,,,,,,,
ACAD8,,,,-0.5219844311865087,-0.5219844311865087,-0.5219844311865087,,,,,,
GLB1L2,,,,-0.5295069611361911,-0.5295069611361911,-0.5295069611361911,,,,,,
KDM5A,,,,,,,,,,,,
CCDC77,,,,,,,,,,,,
B4GALNT3,,,,,,,,,,,,
WNK1,,,,,,,,,,,,
RAD52,,,,,,,,,,,,
ERC1,,,,,,,,,,,,
WNT5B,,,,,,,,,,,,
FBXL14,,,,,,,,,,,,
ADIPOR2,,,,,,,,,,,,
DCP1B,,,,,,,,,,,,
CACNA1C,,,,-0.627338499244192,-0.627338499244192,-0.627338499244192,,,,,,
FKBP4,,,,,,,,,,,,
ITFG2,,,,,,,,,,,,
FOXM1,,,,,,,,,,,,
RHNO1,,,,,,,,,,,,
TULP3,,,,,,,,,,,,
TEAD4,,,,,,,,,,,,
TSPAN9,,,,,,,,,,,,
CRACR2A,,,,,,,,,,,,
PARP11,,,,,,,,,,,,
CCND2,,,,,,,,,,,,
TIGAR,,,,,,,,,,,,
FGF23,-0.08679899273320085,-0.040049373555260157,-0.06342418314423051,-0.8788580392484938,-0.027855928832272767,-0.45335698404038327,-0.1559476249327135,-0.006066902236530311,-0.0810072635846219,-0.10046355410508369,-0.0379101895183952,-0.06918687181173944
C12orf4,,,,,,,,,,,,
RAD51AP1,,,,,,,,,,,,
DYRK4,,,,,,,,,,,,
NDUFA9,,,,,,,,,,,,
CD9,,,,-0.556385660663966,-0.556385660663966,-0.556385660663966,,,,,,
TNFRSF1A,,,,,,,,,,,,
MRPL51,-0.6347586686833635,-0.12633178002294645,-0.38054522435315496,,,,,,,,,
NCAPD2,,,,,,,,,,,,
GAPDH,-0.31605526106793563,-0.07335479009204099,-0.1947050255799883,,,,,,,,,
IFFO1,,,,,,,,,,,,
NOP2,,,,,,,,,,,,
CHD4,,,,,,,,,,,,
ING4,,,,-0.434242257667901,-0.434242257667901,-0.434242257667901,,,,,,
ZNF384,,,,,,,,,,,,
COPS7A,,,,,,,,,,,,
MLF2,,,,,,,,,,,,
PTMS,,,,,,,,,,,,
P3H3,,,,-0.5166098549566576,-0.5166098549566576,-0.5166098549566576,,,,,,
CDCA3,,,,-0.5179365136674136,-0.5179365136674136,-0.5179365136674136,,,,,,
USP5,,,,,,,,,,,,
TPI1,,,,,,,,,,,,
LRRC23,,,,-0.6185752458185837,-0.6185752458185837,-0.6185752458185837,,,,,,
ATN1,,,,,,,,,,,,
C12orf57,,,,,,,,,,,,
PHB2,,,,,,,,,,,,
EMG1,,,,,,,,,,,,
LPCAT3,,,,,,,,,,,,
C1S,,,,,,,,,,,,
PEX5,,,,,,,,,,,,
NECAP1,,,,,,,,,,,,
RIMKLB,,,,,,,,,,,,
PHC1,,,,,,,,,,,,
M6PR,,,,,,,,,,,,
KLRG1,,,,-0.47969697916904047,-0.47969697916904047,-0.47969697916904047,,,,,,
CLEC2D,,,,,,,,,,,,
GABARAPL1,,,,,,,,,,,,
MAGOHB,,,,,,,,,,,,
YBX3,,,,,,,,,,,,
PRH1,,,,-0.5135931771708099,-0.5135931771708099,-0.5135931771708099,,,,,,
SMIM10L1,,,,,,,,,,,,
ETV6,,,,,,,,,,,,
BCL2L14,,,,,,,,,,,,
LRP6,,,,,,,,,,,,
BORCS5,,,,-0.5921296812161851,-0.5921296812161851,-0.5921296812161851,,,,,,
DUSP16,,,,,,,,,,,,
CREBL2,,,,,,,,,,,,
CDKN1B,,,,,,,,,,,,
APOLD1,,,,-0.505545763771336,-0.505545763771336,-0.505545763771336,,,,,,
HEBP1,,,,,,,,,,,,
FAM234B,,,,,,,,,,,,
ATF7IP,,,,-0.5045582694152718,-0.5045582694152718,-0.5045582694152718,,,,,,
WBP11,,,,,,,,,,,,
RERG,,,,,,,,,,,,
EPS8,,,,,,,,,,,,
STRAP,,,,,,,,,,,,
DERA,,,,,,,,,,,,
MGST1,,,,,,,,,,,,
PLEKHA5,,,,,,,,,,,,
AEBP2,,,,,,,,,,,,
PDE3A,,,,,,,,,,,,
PYROXD1,,,,,,,,,,,,
RECQL,,,,,,,,,,,,
GOLT1B,,,,-0.5688918946326252,-0.5688918946326252,-0.5688918946326252,,,,,,
LDHB,,,,,,,,,,,,
KCNJ8,,,,,,,,,,,,
CMAS,,,,,,,,,,,,
C2CD5,,,,,,,,,,,,
ETNK1,,,,,,,,,,,,
SOX5,,,,,,,,,,,,
BCAT1,,,,,,,,,,,,
ETFRF1,,,,,,,,,,,,
KRAS,,,,,,,,,,,,
RASSF8,,,,,,,,,,,,
SSPN,,,,-0.31020841419868167,-0.31020841419868167,-0.31020841419868167,,,,,,
ITPR2,,,,,,,,,,,,
INTS13,,,,,,,0.03953359971878545,0.6560140084969593,0.3477738041078724,,,
FGFR1OP2,,,,,,,,,,,,
TM7SF3,,,,,,,,,,,,
MED21,,,,,,,,,,,,
STK38L,,,,,,,,,,,,
BMAL2,,,,-0.6348669747446173,-0.6348669747446173,-0.6348669747446173,,,,,,
PPFIBP1,,,,,,,,,,,,
MRPS35,,,,,,,,,,,,
KLHL42,,,,,,,,,,,,
CCDC91,,,,,,,,,,,,
FAR2,,,,,,,,,,,,
ERGIC2,,,,,,,,,,,,
TMTC1,,,,,,,,,,,,
IPO8,,,,,,,,,,,,
CAPRIN2,,,,,,,,,,,,
DDX11,,,,,,,,,,,,
SINHCAF,,,,,,,,,,,,
DENND5B,,,,,,,,,,,,
AMN1,,,,-0.5104146151015074,-0.5104146151015074,-0.5104146151015074,,,,,,
RESF1,,,,,,,,,,,,
BICD1,,,,,,,,,,,,
FGD4,,,,,,,,,,,,
DNM1L,,,,,,,0.13627764999293646,0.6860607490566057,0.4111691995247711,,,
YARS2,,,,,,,,,,,,
PKP2,,,,-0.5598610025119987,-0.5598610025119987,-0.5598610025119987,,,,,,
CPNE8,,,,,,,,,,,,
KIF21A,,,,,,,,,,,,
C12orf40,-0.09414510732082633,-0.011651362187691703,-0.05289823475425902,,,,,,,,,
SLC2A13,,,,,,,,,,,,
CNTN1,,,,,,,,,,,,
GXYLT1,,,,,,,,,,,,
YAF2,,,,-0.9651257190537741,-0.14434370760607193,-0.554734713329923,,,,,,
PPHLN1,,,,,,,,,,,,
ZCRB1,,,,,,,,,,,,
PRICKLE1,,,,,,,,,,,,
ADAMTS20,,,,-0.5607459910235181,-0.5607459910235181,-0.5607459910235181,,,,,,
PUS7L,,,,,,,,,,,,
IRAK4,-0.23630426963895554,-0.028933321589991238,-0.1326187956144734,,,,,,,,,
TWF1,,,,,,,,,,,,
TMEM117,,,,,,,,,,,,
NELL2,,,,-0.6443691796345603,-0.6443691796345603,-0.6443691796345603,,,,,,
ANO6,,,,,,,,,,,,
ARID2,,,,,,,,,,,,
SCAF11,,,,,,,,,,,,
SLC38A1,,,,,,,,,,,,
SLC38A2,,,,,,,,,,,,
RPAP3,,,,,,,,,,,,
SLC48A1,-0.10139969655931777,-0.015894381365012006,-0.05864703896216489,,,,,,,-0.12890335387829124,0.025901285004948368,-0.051501034436671436
HDAC7,,,,,,,,,,,,
TMEM106C,,,,,,,,,,,,
COL2A1,,,,-0.3112693025454382,-0.3112693025454382,-0.3112693025454382,,,,,,
SENP1,,,,,,,,,,,,
PFKM,,,,,,,,,,,,
ASB8,,,,,,,,,,,,
KANSL2,,,,,,,,,,,,
CCNT1,,,,,,,,,,,,
ADCY6,,,,-0.592366827818586,-0.592366827818586,-0.592366827818586,,,,,,
DDX23,,,,,,,,,,,,
CCDC65,,,,-0.5732373241896421,-0.5732373241896421,-0.5732373241896421,,,,,,
FKBP11,,,,-0.5330901511519391,-0.5330901511519391,-0.5330901511519391,,,,,,
ARF3,,,,,,,,,,,,
PRKAG1,,,,,,,,,,,,
KMT2D,,,,,,,,,,,,
LMBR1L,,,,,,,,,,,,
TUBA1B,,,,,,,,,,,,
TUBA1A,,,,,,,,,,,,
TUBA1C,,,,,,,,,,,,
TROAP,,,,,,,,,,,,
SPATS2,,,,,,,,,,,,
MCRS1,,,,,,,,,,,,
PRPF40B,,,,,,,,,,,,
FMNL3,,,,-0.42862530613752997,-0.42862530613752997,-0.42862530613752997,,,,,,
TMBIM6,-0.20514872131339143,-0.008076580499831622,-0.10661265090661153,,,,,,,,,
NCKAP5L,,,,,,,,,,,,
BCDIN3D,-0.23725266785170526,-0.017092709559928365,-0.12717268870581683,-0.42475656295881997,-0.42475656295881997,-0.42475656295881997,,,,-0.3111269993025263,-0.044735309136312074,-0.17793115421941919
RACGAP1,,,,,,,,,,,,
ASIC1,,,,,,,,,,,,
SMARCD1,,,,,,,,,,,,
COX14,,,,,,,,,,,,
CERS5,,,,,,,,,,,,
LIMA1,-0.09490828456195496,-0.033545845338531353,-0.06422706495024316,-0.9049432372557363,-0.10091283968809225,-0.5029280384719143,,,,,,
LARP4,,,,,,,,,,,,
DIP2B,,,,-0.9700578048755972,-0.16599380767998337,-0.5680258062777903,,,,,,
ATF1,,,,,,,,,,,,
METTL7A,,,,-0.5035105900324691,-0.5035105900324691,-0.5035105900324691,,,,,,
SLC11A2,,,,,,,,,,,,
LETMD1,,,,,,,,,,,,
CSRNP2,,,,-0.5036904147985316,-0.5036904147985316,-0.5036904147985316,,,,,,
TFCP2,,,,,,,,,,,,
DAZAP2,,,,,,,,,,,,
GALNT6,,,,-0.5017060001853793,-0.5017060001853793,-0.5017060001853793,,,,,,
SCN8A,,,,,,,,,,,,
ACVR1B,,,,,,,,,,,,
ATG101,,,,,,,,,,,,
KRT8,,,,-0.34977362650183996,-0.34977362650183996,-0.34977362650183996,,,,,,
KRT18,,,,,,,,,,,,
EIF4B,,,,,,,,,,,,
CSAD,,,,-0.54538530766027,-0.54538530766027,-0.54538530766027,,,,,,
ZNF740,,,,,,,,,,,,
MFSD5,,,,-0.46265738461747463,-0.46265738461747463,-0.46265738461747463,,,,,,
ESPL1,,,,-0.6236593212578937,-0.6236593212578937,-0.6236593212578937,,,,,,
PFDN5,,,,,,,,,,,,
MYG1,,,,,,,,,,,,
AAAS,,,,,,,,,,,,
SP1,,,,,,,,,,,,
PRR13,,,,,,,,,,,,
PCBP2,,,,,,,,,,,,
MAP3K12,,,,,,,,,,,,
TARBP2,,,,,,,,,,,,
ATF7,,,,,,,,,,,,
ATP5MC2,,,,,,,,,,,,
HOXC10,,,,,,,,,,,,
HOXC6,,,,-0.2357951666424454,-0.2357951666424454,-0.2357951666424454,,,,,,
HOXC9,,,,-0.5491153760812556,-0.5491153760812556,-0.5491153760812556,,,,,,
HOXC8,,,,,,,,,,,,
HOXC4,,,,-0.5790138527308252,-0.5790138527308252,-0.5790138527308252,,,,,,
SMUG1,,,,,,,,,,,,
CBX5,,,,,,,,,,,,
HNRNPA1,,,,,,,,,,,,
COPZ1,,,,,,,,,,,,
ZNF385A,,,,-0.5075338160128123,-0.5075338160128123,-0.5075338160128123,,,,,,
ITGA5,,,,,,,,,,,,
PPP1R1A,,,,-0.4328758568509691,-0.4328758568509691,-0.4328758568509691,,,,,,
BLOC1S1,,,,,,,,,,,,
CD63,,,,,,,,,,,,
GDF11,,,,,,,,,,,,
SARNP,,,,,,,,,,,,
ORMDL2,,,,,,,,,,,,
DNAJC14,,,,,,,,,,,,
PYM1,,,,,,,,,,,,
CDK2,,,,-0.5853451316545732,-0.5853451316545732,-0.5853451316545732,,,,,,
RAB5B,,,,,,,,,,,,
RPS26,,,,,,,,,,,,
PA2G4,,,,,,,,,,,,
RPL41,,,,,,,,,,,,
ESYT1,,,,,,,,,,,,
MYL6B,,,,,,,,,,,,
MYL6,,,,,,,,,,,,
SMARCC2,,,,,,,,,,,,
RNF41,,,,,,,,,,,,
NABP2,,,,,,,,,,,,
ANKRD52,,,,,,,,,,,,
COQ10A,,,,,,,,,,,,
CS,,,,,,,,,,,,
CNPY2,,,,,,,,,,,,
STAT2,,,,,,,,,,,,
TIMELESS,,,,,,,,,,,,
SPRYD4,,,,,,,,,,,,
RBMS2,,,,,,,,,,,,
BAZ2A,,,,,,,,,,,,
ATP5F1B,,,,,,,,,,,,
PTGES3,,,,,,,,,,,,
NACA,,,,,,,,,,,,
PRIM1,,,,,,,,,,,,
ZBTB39,,,,-0.39778899644945076,-0.39778899644945076,-0.39778899644945076,,,,,,
NEMP1,,,,,,,,,,,,
STAT6,,,,-0.39759915775570637,-0.39759915775570637,-0.39759915775570637,,,,,,
LRP1,,,,,,,,,,,,
SHMT2,,,,,,,,,,,,
R3HDM2,,,,,,,,,,,,
MARS1,,,,,,,,,,,,
MBD6,,,,,,,,,,,,
DCTN2,,,,,,,,,,,,
KIF5A,,,,-0.5539189847992645,-0.5539189847992645,-0.5539189847992645,,,,,,
PIP4K2C,,,,-0.5301174229510053,-0.5301174229510053,-0.5301174229510053,,,,,,
OS9,,,,,,,,,,,,
TSPAN31,,,,,,,,,,,,
CDK4,,,,,,,,,,,,
MARCHF9,,,,-0.5216992922755503,-0.5216992922755503,-0.5216992922755503,,,,,,
METTL1,,,,-0.5250818660031825,-0.5250818660031825,-0.5250818660031825,,,,,,
EEF1AKMT3,,,,-0.4999854725597946,-0.4999854725597946,-0.4999854725597946,,,,,,
TSFM,,,,,,,,,,,,
CTDSP2,,,,,,,,,,,,
ATP23,,,,,,,,,,,,
LRIG3,,,,,,,,,,,,
TAFA2,,,,,,,,,,,,
USP15,,,,,,,,,,,,
MON2,,,,,,,,,,,,
PPM1H,,,,,,,,,,,,
RXYLT1,,,,,,,,,,,,
SRGAP1,,,,,,,,,,,,
KICS2,,,,,,,,,,,,
XPOT,,,,,,,,,,,,
TBK1,,,,,,,,,,,,
RASSF3,,,,-0.9721182976760749,-0.21370013525712309,-0.592909216466599,,,,,,
GNS,,,,,,,,,,,,
TBC1D30,,,,,,,,,,,,
LEMD3,,,,-0.5214027415280188,-0.5214027415280188,-0.5214027415280188,,,,,,
MSRB3,,,,,,,,,,,,
HMGA2,,,,,,,,,,,,
LLPH,,,,,,,,,,,,
TMBIM4,,,,,,,,,,,,
HELB,,,,,,,,,,,,
GRIP1,,,,,,,,,,,,
CAND1,,,,,,,,,,,,
DYRK2,,,,,,,,,,,,
MDM1,,,,,,,,,,,,
RAP1B,,,,,,,,,,,,
NUP107,,,,,,,,,,,,
SLC35E3,,,,,,,,,,,,
MDM2,,,,,,,,,,,,
CPM,,,,-0.4410737785181195,-0.4410737785181195,-0.4410737785181195,,,,,,
CPSF6,,,,,,,,,,,,
YEATS4,,,,,,,,,,,,
FRS2,,,,,,,,,,,,
CCT2,,,,,,,,,,,,
RAB3IP,,,,,,,,,,,,
CNOT2,,,,,,,,,,,,
KCNMB4,,,,,,,,,,,,
TSPAN8,,,,,,,,,,,,
LGR5,,,,,,,,,,,,
ZFC3H1,,,,,,,,,,,,
THAP2,,,,,,,,,,,,
TMEM19,,,,,,,,,,,,
RAB21,,,,,,,,,,,,
TBC1D15,,,,,,,,,,,,
TRHDE,,,,,,,,,,,,
ATXN7L3B,,,,,,,,,,,,
CAPS2,,,,,,,,,,,,
GLIPR1,,,,-0.49183182384928836,-0.49183182384928836,-0.49183182384928836,,,,,,
KRR1,,,,,,,,,,,,
NAP1L1,,,,,,,,,,,,
OSBPL8,,,,,,,,,,,,
ZDHHC17,,,,,,,,,,,,
CSRP2,,,,,,,,,,,,
E2F7,,,,-0.45243753317163277,-0.45243753317163277,-0.45243753317163277,,,,,,
SYT1,,,,,,,,,,,,
PAWR,,,,,,,,,,,,
PPP1R12A,,,,,,,,,,,,
LIN7A,,,,,,,,,,,,
ACSS3,,,,-0.37171918707914875,-0.37171918707914875,-0.37171918707914875,,,,,,
PPFIA2,,,,,,,,,,,,
CCDC59,,,,,,,,,,,,
METTL25,,,,,,,,,,,,
TMTC2,,,,,,,,,,,,
SLC6A15,,,,,,,,,,,,
ALX1,,,,,,,,,,,,
MGAT4C,-0.10065105843229805,-0.026067900872657913,-0.06335947965247798,,,,,,,-0.14715397429100907,-0.03170516614276593,-0.0894295702168875
C12orf29,,,,,,,,,,,,
CEP290,,,,,,,0.09005560982006762,0.5240583114854268,0.30705696065274724,,,
TMTC3,,,,,,,,,,,,
KITLG,,,,,,,,,,,,
POC1B,,,,-0.6122149826089498,-0.6122149826089498,-0.6122149826089498,,,,,,
ATP2B1,,,,,,,,,,,,
BTG1,,,,,,,,,,,,
EEA1,,,,,,,,,,,,
NUDT4,,,,,,,,,,,,
UBE2N,,,,,,,,,,,,
MRPL42,,,,,,,,,,,,
CRADD,,,,,,,,,,,,
CEP83,,,,,,,,,,,,
TMCC3,,,,,,,,,,,,
NDUFA12,,,,,,,,,,,,
NR2C1,,,,,,,,,,,,
FGD6,,,,,,,,,,,,
VEZT,,,,,,,,,,,,
METAP2,,,,,,,,,,,,
USP44,,,,,,,,,,,,
SNRPF,,,,,,,,,,,,
LTA4H,,,,-0.657454561222247,-0.657454561222247,-0.657454561222247,,,,,,
ELK3,,,,,,,,,,,,
CDK17,,,,,,,,,,,,
NEDD1,,,,-0.5982074947489701,-0.5982074947489701,-0.5982074947489701,,,,,,
TMPO,,,,,,,,,,,,
SLC25A3,,,,,,,,,,,,
IKBIP,,,,,,,,,,,,
APAF1,,,,-0.48309819678239446,-0.48309819678239446,-0.48309819678239446,,,,,,
ANKS1B,,,,,,,,,,,,
BLTP3B,,,,,,,,,,,,
ACTR6,,,,,,,,,,,,
DEPDC4,,,,,,,,,,,,
SCYL2,,,,,,,,,,,,
GAS2L3,,,,-0.5412108142870371,-0.5412108142870371,-0.5412108142870371,,,,,,
ANO4,,,,,,,,,,,,
UTP20,,,,-0.7337312008339548,-0.7337312008339548,-0.7337312008339548,,,,,,
ARL1,,,,,,,,,,,,
CHPT1,,,,,,,,,,,,
GNPTAB,,,,,,,,,,,,
WASHC3,,,,,,,,,,,,
NUP37,,,,,,,,,,,,
PARPBP,,,,,,,,,,,,
NT5DC3,,,,-0.629288155064637,-0.629288155064637,-0.629288155064637,,,,,,
HSP90B1,,,,,,,,,,,,
UQCC6,,,,,,,,,,,,
TDG,,,,,,,,,,,,
HCFC2,,,,,,,,,,,,
NFYB,,,,-0.5999179896059246,-0.5999179896059246,-0.5999179896059246,,,,,,
TXNRD1,,,,,,,,,,,,
CHST11,,,,,,,,,,,,
SLC41A2,,,,,,,,,,,,
NOPCHAP1,,,,,,,,,,,,
ALDH1L2,,,,,,,,,,,,
WASHC4,,,,,,,,,,,,
APPL2,,,,,,,,,,,,
C12orf75,,,,,,,,,,,,
NUAK1,,,,-0.35243562088179314,-0.35243562088179314,-0.35243562088179314,,,,,,
CKAP4,,,,,,,,,,,,
POLR3B,,,,,,,,,,,,
RIC8B,,,,,,,,,,,,
TMEM263,,,,,,,,,,,,
MTERF2,,,,,,,,,,,,
CRY1,,,,,,,,,,,,
ABTB3,,,,,,,,,,,,
PWP1,,,,,,,,,,,,
PRDM4,,,,,,,,,,,,
SART3,,,,,,,,,,,,
ISCU,,,,,,,,,,,,
CORO1C,,,,,,,,,,,,
SSH1,,,,,,,,,,,,
USP30,,,,,,,,,,,,
ALKBH2,,,,,,,,,,,,
UNG,,,,,,,,,,,,
ACACB,,,,,,,,,,,,
KCTD10,,,,,,,,,,,,
UBE3B,,,,-0.5549924188984946,-0.5549924188984946,-0.5549924188984946,,,,,,
MMAB,,,,,,,,,,,,
MVK,,,,,,,,,,,,
FAM222A,,,,,,,,,,,,
GLTP,,,,,,,,,,,,
TCHP,,,,,,,,,,,,
GIT2,,,,,,,,,,,,
ANKRD13A,,,,-0.5830581182999012,-0.5830581182999012,-0.5830581182999012,,,,,,
C12orf76,,,,,,,,,,,,
IFT81,,,,,,,,,,,,
ATP2A2,,,,,,,,,,,,
ANAPC7,,,,,,,,,,,,
ARPC3,,,,,,,,,,,,
GPN3,,,,,,,,,,,,
FAM216A,,,,,,,,,,,,
VPS29,,,,,,,,,,,,
PPTC7,,,,,,,,,,,,
TCTN1,,,,,,,,,,,,
PPP1CC,,,,,,,,,,,,
CUX2,,,,,,,,,,,,
SH2B3,,,,,,,,,,,,
ATXN2,,,,,,,,,,,,
BRAP,,,,,,,,,,,,
ACAD10,,,,-0.5567683826718978,-0.5567683826718978,-0.5567683826718978,,,,,,
ALDH2,,,,,,,,,,,,
MAPKAPK5,,,,,,,,,,,,
TMEM116,,,,-0.48921027961792446,-0.48921027961792446,-0.48921027961792446,,,,,,
ERP29,,,,,,,,,,,,
NAA25,,,,,,,,,,,,
TRAFD1,,,,-0.6470429822305148,-0.6470429822305148,-0.6470429822305148,,,,,,
HECTD4,,,,,,,,,,,,
RPL6,,,,,,,,,,,,
PTPN11,,,,,,,,,,,,
DDX54,,,,,,,,,,,,
RITA1,,,,,,,,,,,,
TPCN1,,,,,,,,,,,,
PLBD2,,,,-0.5899784801740403,-0.5899784801740403,-0.5899784801740403,,,,,,
RBM19,,,,,,,,,,,,
TBX3,,,,,,,,,,,,
MED13L,,,,,,,,,,,,
SPRING1,,,,,,,,,,,,
RNFT2,-0.08636806286709062,-0.008370064641962488,-0.047369063754526555,,,,,,,,,
HRK,,,,,,,,,,,,
FBXW8,,,,,,,,,,,,
TESC,-0.06624072486892577,-0.020391307706167955,-0.04331601628754686,-0.7796905230971158,-0.03826346945693253,-0.40897699627702416,,,,-0.12216133962487838,-0.010339995769569177,-0.06625066769722378
FBXO21,,,,,,,,,,,,
KSR2,,,,,,,,,,,,
RFC5,,,,,,,,,,,,
WSB2,,,,,,,,,,,,
VSIG10,,,,,,,,,,,,
PEBP1,,,,,,,,,,,,
TAOK3,,,,,,,,,,,,
SUDS3,,,,,,,,,,,,
PRKAB1,,,,,,,,,,,,
CIT,,,,,,,,,,,,
RAB35,,,,,,,,,,,,
GCN1,,,,-0.98517603675641,-0.1862777110639303,-0.5857268739101701,,,,,,
RPLP0,,,,,,,,,,,,
PXN,,,,,,,,,,,,
MSI1,,,,,,,,,,,,
COX6A1,-0.2219049093919408,0.0025014841920639017,-0.10970171259993845,,,,,,,,,
TRIAP1,,,,,,,,,,,,
GATC,,,,,,,,,,,,
SRSF9,,,,,,,,,,,,
DYNLL1,,,,,,,,,,,,
COQ5,,,,,,,,,,,,
RNF10,,,,,,,,,,,,
POP5,,,,,,,,,,,,
MLEC,,,,,,,,,,,,
UNC119B,,,,-0.5499345718373003,-0.5499345718373003,-0.5499345718373003,,,,,,
SPPL3,,,,,,,,,,,,
C12orf43,,,,,,,,,,,,
P2RX4,,,,-0.5221349863250533,-0.5221349863250533,-0.5221349863250533,,,,,,
CAMKK2,,,,,,,,,,,,
ANAPC5,,,,,,,,,,,,
RNF34,,,,,,,,,,,,
KDM2B,,,,,,,,,,,,
ORAI1,,,,,,,,,,,,
TMEM120B,,,,,,,,,,,,
RHOF,,,,,,,,,,,,
SETD1B,,,,-0.3761816978056192,-0.3761816978056192,-0.3761816978056192,,,,,,
PSMD9,,,,,,,,,,,,
CFAP251,-0.08058185137160995,-0.018133898743807875,-0.04935787505770891,,,,,,,,,
BCL7A,,,,,,,,,,,,
MLXIP,,,,,,,,,,,,
VPS33A,,,,,,,,,,,,
CLIP1,,,,,,,,,,,,
ZCCHC8,,,,,,,,,,,,
RSRC2,,,,,,,,,,,,
KNTC1,,,,,,,,,,,,
DENR,,,,,,,,,,,,
HIP1R,,,,-0.4341128308800422,-0.4341128308800422,-0.4341128308800422,,,,,,
VPS37B,,,,,,,,,,,,
ABCB9,,,,,,,,,,,,
ARL6IP4,,,,,,,,,,,,
PITPNM2,,,,-0.5107170222655646,-0.5107170222655646,-0.5107170222655646,,,,,,
MPHOSPH9,,,,,,,,,,,,
MTRFR,,,,,,,,,,,,
CDK2AP1,,,,,,,,,,,,
SBNO1,,,,,,,,,,,,
KMT5A,,,,,,,,,,,,
RILPL2,,,,,,,,,,,,
SNRNP35,,,,,,,,,,,,
RILPL1,,,,,,,,,,,,
TMED2,,,,,,,,,,,,
DDX55,,,,,,,,,,,,
EIF2B1,,,,,,,,,,,,
GTF2H3,,,,,,,,,,,,
TCTN2,,,,,,,,,,,,
ATP6V0A2,,,,,,,,,,,,
CCDC92,,,,,,,,,,,,
ZNF664,,,,,,,,,,,,
NCOR2,,,,,,,,,,,,
SCARB1,,,,,,,,,,,,
UBC,,,,,,,,,,,,
DHX37,,,,,,,,,,,,
BRI3BP,,,,,,,,,,,,
AACS,,,,,,,,,,,,
SLC15A4,,,,,,,,,,,,
STX2,,,,,,,,,,,,
RAN,,,,,,,,,,,,
SFSWAP,,,,,,,,,,,,
ULK1,,,,,,,,,,,,
PUS1,,,,,,,,,,,,
EP400,,,,,,,,,,,,
DDX51,,,,,,,,,,,,
NOC4L,,,,,,,,,,,,
FBRSL1,,,,,,,,,,,,
POLE,,,,,,,,,,,,
PXMP2,,,,,,,,,,,,
PGAM5,,,,,,,,,,,,
ANKLE2,,,,,,,,,,,,
GOLGA3,,,,,,,,,,,,
CHFR,,,,-0.6360759905460421,-0.6360759905460421,-0.6360759905460421,,,,,,
ZNF26,,,,-0.5894473329852863,-0.5894473329852863,-0.5894473329852863,,,,,,
ZNF84,,,,,,,,,,,,
ZNF140,,,,,,,,,,,,
ZNF891,,,,-0.5650201527794441,-0.5650201527794441,-0.5650201527794441,,,,,,
ZNF10,,,,,,,,,,,,
ZNF268,,,,,,,,,,,,
MPHOSPH8,,,,,,,,,,,,
PSPC1,,,,,,,,,,,,
ZMYM5,,,,,,,,,,,,
ZMYM2,,,,,,,,,,,,
CRYL1,,,,,,,,,,,,
IFT88,,,,,,,,,,,,
EEF1AKMT1,,,,,,,,,,,,
XPO4,,,,,,,,,,,,
LATS2,,,,,,,,,,,,
SAP18,,,,,,,,,,,,
SKA3,,,,-0.6413000959866367,-0.6413000959866367,-0.6413000959866367,,,,,,
MRPL57,,,,,,,,,,,,
ZDHHC20,,,,,,,,,,,,
MICU2,,,,,,,,,,,,
SACS,,,,,,,,,,,,
MIPEP,,,,-0.4786591645352629,-0.4786591645352629,-0.4786591645352629,,,,,,
SPATA13,,,,,,,,,,,,
PARP4,,,,,,,,,,,,
CENPJ,,,,,,,,,,,,
MTMR6,,,,,,,,,,,,
NUP58,,,,,,,,,,,,
SHISA2,,,,,,,,,,,,
RNF6,,,,,,,,,,,,
CDK8,,,,,,,,,,,,
WASF3,,,,,,,,,,,,
USP12,,,,,,,,,,,,
RPL21,,,,,,,,,,,,
GTF3A,,,,,,,,,,,,
MTIF3,,,,,,,,,,,,
LNX2,,,,,,,,,,,,
POLR1D,,,,,,,,,,,,
CDX2,,,,,,,,,,,,
FLT3,,,,,,,,,,,,
PAN3,,,,,,,,,,,,
FLT1,,,,,,,,,,,,
POMP,,,,,,,,,,,,
SLC7A1,,,,,,,,,,,,
UBL3,,,,,,,,,,,,
KATNAL1,,,,,,,,,,,,
HMGB1,,,,,,,,,,,,
USPL1,,,,,,,,,,,,
HSPH1,,,,,,,,,,,,
B3GLCT,,,,,,,,,,,,
FRY,,,,,,,,,,,,
BRCA2,,,,,,,,,,,,
N4BP2L2,,,,,,,,,,,,
PDS5B,,,,,,,,,,,,
STARD13,,,,,,,,,,,,
RFC3,,,,,,,,,,,,
NBEA,,,,,,,,,,,,
SPART,,,,,,,,,,,,
RFXAP,-0.08048930086527492,-0.007056121911302165,-0.043772711388288546,,,,,,,,,
SMAD9,,,,,,,,,,,,
ALG5,,,,,,,,,,,,
EXOSC8,,,,,,,,,,,,
SUPT20H,,,,-0.511075209393802,-0.511075209393802,-0.511075209393802,,,,,,
UFM1,,,,,,,,,,,,
FREM2,,,,,,,,,,,,
PROSER1,,,,-0.6108034366726333,-0.6108034366726333,-0.6108034366726333,,,,,,
NHLRC3,,,,-0.513427139776983,-0.513427139776983,-0.513427139776983,,,,,,
LHFPL6,,,,,,,,,,,,
COG6,,,,,,,,,,,,
FOXO1,,,,,,,,,,,,
MRPS31,,,,,,,,,,,,
SLC25A15,,,,-0.5480771180704727,-0.5480771180704727,-0.5480771180704727,,,,,,
ELF1,,,,,,,,,,,,
WBP4,,,,,,,,,,,,
KBTBD6,,,,,,,,,,,,
KBTBD7,,,,-0.4808311379564736,-0.4808311379564736,-0.4808311379564736,,,,,,
MTRF1,,,,-0.5517036393493451,-0.5517036393493451,-0.5517036393493451,,,,,,
NAA16,,,,,,,,,,,,
VWA8,,,,-0.9759206569083309,-0.17765026985608803,-0.5767854633822095,,,,,,
DGKH,,,,,,,,,,,,
AKAP11,0.051547316496325934,0.27705229151767474,0.16429980400700034,,,,0.12755055929659087,0.8018787846991413,0.4647146719978661,,,
ENOX1,,,,-0.6239120000354683,-0.6239120000354683,-0.6239120000354683,,,,,,
CCDC122,,,,,,,,,,-0.27437924367100197,-0.014416188283833975,-0.14439771597741796
TSC22D1,,,,,,,,,,,,
NUFIP1,,,,,,,,,,,,
GPALPP1,,,,,,,,,,,,
GTF2F2,,,,,,,,,,,,
TPT1,,,,,,,,,,,,
COG3,,,,-0.40471426280834366,-0.40471426280834366,-0.40471426280834366,,,,,,
ZC3H13,,,,,,,,,,,,
LRCH1,,,,-0.5794295805921804,-0.5794295805921804,-0.5794295805921804,,,,,,
ESD,,,,,,,,,,,,
SUCLA2,,,,,,,,,,,,
NUDT15,,,,,,,,,,,,
MED4,,,,,,,,,,,,
ITM2B,,,,,,,,,,,,
RB1,0.05061632499427479,0.26968857979802335,0.16015245239614906,,,,0.16691171696237111,0.6375734623151778,0.40224258963877446,,,
FNDC3A,,,,,,,,,,,,
CDADC1,,,,,,,,,,,,
SETDB2,,,,,,,,,,,,
RCBTB1,,,,,,,,,,,,
EBPL,,,,,,,,,,,,
KPNA3,,,,,,,,,,,,
SPRYD7,,,,,,,,,,,,
TRIM13,,,,-0.6870092353734567,-0.6870092353734567,-0.6870092353734567,,,,,,
RNASEH2B,,,,,,,,,,,,
INTS6,,,,-0.6912423822752656,-0.6912423822752656,-0.6912423822752656,,,,,,
WDFY2,,,,,,,,,,,,
ATP7B,,,,-0.5086971956123673,-0.5086971956123673,-0.5086971956123673,,,,,,
ALG11,,,,,,,,,,,,
NEK3,,,,-0.6029323688912434,-0.6029323688912434,-0.6029323688912434,,,,,,
VPS36,,,,,,,,,,,,
CKAP2,,,,,,,,,,,,
SUGT1,,,,,,,,,,,,
PCDH17,,,,-0.43328358513049386,-0.43328358513049386,-0.43328358513049386,,,,,,
DIAPH3,,,,,,,,,,,,
TDRD3,,,,,,,,,,,,
PCDH9,,,,,,,,,,,,
DACH1,,,,,,,,,,,,
MZT1,,,,,,,,,,,,
BORA,,,,-0.5182067224387283,-0.5182067224387283,-0.5182067224387283,,,,,,
DIS3,,,,,,,,,,,,
PIBF1,,,,,,,,,,,,
KLF5,,,,-0.4878016062277875,-0.4878016062277875,-0.4878016062277875,,,,,,
KLF12,,,,,,,,,,,,
TBC1D4,,,,,,,,,,,,
COMMD6,,,,,,,,,,,,
UCHL3,,,,,,,,,,,,
LMO7,,,,,,,,,,,,
KCTD12,,,,,,,,,,,,
CLN5,,,,,,,,,,,,
FBXL3,,,,-0.6513045055663794,-0.6513045055663794,-0.6513045055663794,,,,,,
MYCBP2,,,,,,,,,,,,
SLAIN1,,,,,,,,,,,,
POU4F1,,,,-0.5810736523612875,-0.5810736523612875,-0.5810736523612875,,,,,,
OBI1,,,,,,,,,,,,
RBM26,,,,,,,,,,,,
NDFIP2,,,,-0.9685338583328643,-0.18686225939432108,-0.5776980588635927,,,,,,
SPRY2,,,,,,,,,,,,
SLITRK5,,,,,,,,,,,,
GPC5,,,,-0.9294210222822152,-0.11860819638125526,-0.5240146093317353,,,,,,
GPC6,,,,,,,,,,,,
TGDS,,,,,,,,,,,,
GPR180,,,,,,,,,,,,
ABCC4,,,,,,,,,,,,
DZIP1,,,,,,,,,,,,
DNAJC3,,,,,,,,,,,,
UGGT2,,,,,,,,,,,,
HS6ST3,,,,,,,,,,,,
MBNL2,,,,-0.6203601320015663,-0.6203601320015663,-0.6203601320015663,,,,,,
RAP2A,,,,,,,,,,,,
IPO5,,,,,,,,,,,,
FARP1,,,,,,,,,,,,
STK24,,,,,,,,,,,,
DOCK9,-0.07980864714197602,0.011856055084835115,-0.033976296028570455,,,,,,,,,
UBAC2,,,,,,,,,,,,
TM9SF2,,,,,,,,,,,,
CLYBL,,,,,,,,,,,,
ZIC5,,,,,,,,,,,,
ZIC2,,,,,,,,,,,,
PCCA,,,,,,,,,,,,
TMTC4,,,,-0.4888633785803823,-0.4888633785803823,-0.4888633785803823,,,,,,
TPP2,,,,,,,,,,,,
TEX30,,,,,,,,,,,,
BIVM,,,,,,,,,,,,
ERCC5,,,,-0.4257274676480533,-0.4257274676480533,-0.4257274676480533,,,,,,
EFNB2,,,,,,,,,,,,
ARGLU1,,,,,,,,,,,,
NALF1,,,,,,,,,,,,
COL4A2,,,,,,,,,,,,
CARS2,,,,,,,,,,-0.17611943376734066,0.02538908902924303,-0.07536517236904881
ING1,,,,,,,,,,,,
ANKRD10,,,,,,,,,,,,
ARHGEF7,,,,,,,,,,,,
TUBGCP3,,,,,,,,,,,,
ATP11A,,,,,,,,,,,,
PCID2,,,,,,,,,,,,
CUL4A,,,,,,,,,,,,
LAMP1,,,,,,,,,,,,
GRTP1,,,,,,,,,,,,
DCUN1D2,,,,-0.48693058929978045,-0.48693058929978045,-0.48693058929978045,,,,,,
TMCO3,,,,,,,,,,,,
TFDP1,,,,,,,,,,,,
CDC16,,,,,,,0.05265490662220318,0.4851778298549371,0.2689163682385701,,,
UPF3A,,,,,,,,,,,,
CHAMP1,,,,,,,,,,,,
POTEG,-0.1053612868555012,-0.0343349583237097,-0.06984812258960545,,,,-0.09452169376088297,0.03251523225725647,-0.03100323075181325,-0.10651276561670883,-0.006931347738909139,-0.05672205667780898
TTC5,,,,-0.5951333267048289,-0.5951333267048289,-0.5951333267048289,,,,,,
CCNB1IP1,,,,,,,,,,,,
PARP2,,,,,,,,,,,,
OSGEP,,,,,,,,,,,,
APEX1,,,,,,,,,,,,
PIP4P1,,,,-0.49808953922221966,-0.49808953922221966,-0.49808953922221966,,,,,,
PNP,,,,,,,,,,,,
METTL17,,,,-0.6043587613133353,-0.6043587613133353,-0.6043587613133353,,,,,,
NDRG2,,,,,,,,,,-0.15693394452826812,0.005907161414845002,-0.07551339155671155
HNRNPC,,,,,,,,,,,,
SUPT16H,,,,,,,,,,,,
CHD8,,,,,,,,,,,,
RAB2B,,,,,,,,,,,,
TOX4,,,,,,,,,,,,
METTL3,,,,,,,,,,,,
SALL2,,,,,,,,,,,,
DAD1,,,,,,,,,,,,
OXA1L,,,,,,,,,,,,
MRPL52,,,,,,,,,,,,
LRP10,,,,,,,,,,,,
RBM23,,,,,,,,,,,,
PRMT5,,,,,,,,,,,,
HAUS4,,,,-0.5509612155617427,-0.5509612155617427,-0.5509612155617427,,,,,,
C14orf93,,,,,,,,,,,,
PSMB5,,,,,,,,,,,,
ACIN1,,,,,,,,,,,,
C14orf119,,,,,,,,,,,,
SLC7A8,,,,-0.5148656822424285,-0.5148656822424285,-0.5148656822424285,,,,,,
HOMEZ,,,,,,,,,,,,
PPP1R3E,,,,,,,,,,,,
BCL2L2,,,,-0.5606763173291428,-0.5606763173291428,-0.5606763173291428,,,,,,
PABPN1,,,,,,,,,,,,
NGDN,,,,,,,,,,,,
ZFHX2,,,,,,,,,,,,
DHRS4,,,,,,,,,,,,
DHRS4L2,,,,,,,,,,,,
PCK2,,,,,,,,,,,,
DCAF11,,,,,,,,,,,,
PSME1,,,,,,,,,,,,
EMC9,,,,,,,,,,,,
PSME2,,,,,,,,,,,,
RNF31,,,,-0.5306021110154352,-0.5306021110154352,-0.5306021110154352,,,,,,
IPO4,,,,,,,,,,,,
TM9SF1,,,,,,,,,,,,
CHMP4A,,,,,,,,,,,,
MDP1,,,,,,,,,,,,
NEDD8,,,,,,,,,,,,
GMPR2,,,,,,,,,,,,
TINF2,,,,,,,,,,,,
RABGGTA,,,,,,,,,,,,
SDR39U1,,,,,,,,,,,,
STXBP6,,,,,,,,,,,,
NOVA1,,,,,,,,,,,,
FOXG1,,,,,,,,,,,,
PRKD1,,,,,,,,,,,,
G2E3,,,,-0.5876014105307112,-0.5876014105307112,-0.5876014105307112,,,,,,
SCFD1,,,,,,,,,,,,
COCH,,,,,,,,,,,,
STRN3,,,,,,,,,,,,
AP4S1,,,,,,,,,,,,
HECTD1,,,,,,,,,,,,
HEATR5A,,,,,,,,,,,,
DTD2,,,,,,,,,,,,
NUBPL,,,,,,,,,,,,
ARHGAP5,,,,,,,,,,,,
AKAP6,,,,-0.414218888781133,-0.414218888781133,-0.414218888781133,,,,,,
NPAS3,,,,,,,,,,,,
EGLN3,-0.10829253441335869,-0.0161362018165205,-0.06221436811493959,-0.9412437286919227,-0.09689422655872622,-0.5190689776253244,,,,,,
SPTSSA,,,,,,,,,,,,
EAPP,,,,,,,,,,,,
SNX6,,,,,,,,,,,,
CFL2,,,,,,,,,,,,
BAZ1A,,,,,,,,,,,,
SRP54,,,,,,,,,,,,
FAM177A1,,,,,,,,,,,,
PPP2R3C,,,,,,,,,,,,
PRORP,,,,,,,,,,,,
PSMA6,,,,,,,,,,,,
NFKBIA,,,,,,,,,,,,
RALGAPA1,,,,,,,,,,,,
BRMS1L,,,,,,,,,,,,
MBIP,,,,,,,,,,,,
PAX9,,,,,,,,,,,,
SLC25A21,,,,,,,,,,,,
MIPOL1,,,,,,,,,,,,
FOXA1,,,,,,,,,,,,
SEC23A,,,,,,,,,,,,
GEMIN2,,,,,,,,,,,,
TRAPPC6B,,,,,,,,,,,,
PNN,,,,,,,,,,,,
MIA2,,,,,,,,,,,,
FBXO33,,,,,,,,,,,,
LRFN5,,,,,,,,,,,,
KLHL28,,,,,,,,,,,,
TOGARAM1,,,,,,,,,,,,
PRPF39,,,,,,,,,,,,
FKBP3,,,,,,,,,,,,
FANCM,,,,-0.5541131749421503,-0.5541131749421503,-0.5541131749421503,,,,,,
MIS18BP1,,,,,,,,,,,,
MDGA2,,,,,,,,,,,,
RPS29,,,,,,,,,,,,
LRR1,,,,,,,,,,,,
RPL36AL,,,,,,,,,,,,
MGAT2,,,,,,,,,,,,
DNAAF2,,,,,,,,,,,,
POLE2,,,,,,,,,,,,
KLHDC2,,,,,,,,,,,,
NEMF,,,,,,,,,,,,
ARF6,,,,,,,,,,,,
VCPKMT,,,,,,,,,,,,
SOS2,,,,,,,,,,,,
L2HGDH,,,,,,,,,,,,
DMAC2L,,,,,,,,,,,,
CDKL1,,,,-0.7266506694255901,-0.7266506694255901,-0.7266506694255901,,,,,,
MAP4K5,,,,,,,,,,,,
ATL1,,,,,,,,,,,,
SAV1,,,,,,,,,,,,
NIN,,,,,,,,,,,,
PYGL,,,,,,,,,,,,
TRIM9,,,,-0.5721219743524351,-0.5721219743524351,-0.5721219743524351,,,,,,
TMX1,,,,,,,,,,,,
FRMD6,,,,,,,,,,,,
RTRAF,,,,,,,,,,,,
TXNDC16,,,,,,,,,,,,
GPR137C,,,,,,,,,,,,
ERO1A,,,,,,,,,,,,
PSMC6,,,,,,,,,,,,
STYX,,,,,,,,,,,,
GNPNAT1,,,,,,,,,,,,
FERMT2,,,,,,,,,,,,
DDHD1,,,,,,,,,,,,
BMP4,,,,-0.29333233608040166,-0.29333233608040166,-0.29333233608040166,,,,,,
CDKN3,,,,,,,,,,,,
CNIH1,,,,,,,,,,,,
GMFB,,,,,,,,,,,,
CGRRF1,,,,-0.4964153561780918,-0.4964153561780918,-0.4964153561780918,,,,,,
SAMD4A,,,,,,,,,,,,
GCH1,,,,-0.58637563273606,-0.58637563273606,-0.58637563273606,,,,,,
WDHD1,,,,,,,,,,,,
SOCS4,,,,,,,,,,,,
MAPK1IP1L,,,,,,,,,,,,
LGALS3,,,,,,,,,,,,
DLGAP5,,,,,,,0.08444826524910969,0.5042600594100837,0.29435416232959666,,,
FBXO34,,,,,,,,,,,,
ATG14,,,,,,,,,,,,
KTN1,,,,,,,,,,,,
PELI2,,,,,,,,,,,,
TMEM260,,,,-0.5791912770852775,-0.5791912770852775,-0.5791912770852775,,,,,,
EXOC5,,,,,,,,,,,,
AP5M1,,,,,,,,,,,,
NAA30,,,,-0.499947093504751,-0.499947093504751,-0.499947093504751,,,,,,
ARMH4,,,,,,,,,,,,
ACTR10,,,,,,,,,,,,
PSMA3,,,,,,,,,,,,
ARID4A,,,,,,,,,,,,
TIMM9,,,,,,,,,,,,
KIAA0586,,,,-0.9764721260798174,-0.18861195407508236,-0.5825420400774499,,,,,,
DAAM1,,,,,,,,,,,,
GPR135,,,,,,,0.15165351998098478,0.5730642934906247,0.36235890673580473,,,
L3HYPDH,,,,-0.578600032698984,-0.578600032698984,-0.578600032698984,,,,,,
JKAMP,,,,,,,,,,,,
RTN1,,,,-0.49996219372884765,-0.49996219372884765,-0.49996219372884765,,,,,,
PCNX4,,,,,,,,,,,,
DHRS7,,,,,,,,,,,,
PPM1A,,,,,,,,,,,,
SIX1,,,,,,,,,,,,
SIX4,,,,,,,,,,,,
MNAT1,,,,,,,,,,,,
TRMT5,,,,-0.563630189690567,-0.563630189690567,-0.563630189690567,,,,,,
SLC38A6,,,,-0.6165818132326377,-0.6165818132326377,-0.6165818132326377,,,,,,
PRKCH,,,,,,,,,,,,
HIF1A,,,,,,,,,,,,
SNAPC1,,,,,,,,,,,,
PPP2R5E,,,,,,,,,,,,
WDR89,,,,,,,,,,,,
SGPP1,,,,-0.691706002789472,-0.691706002789472,-0.691706002789472,,,,,,
SYNE2,,,,,,,,,,,,
ESR2,,,,-0.5854837062338601,-0.5854837062338601,-0.5854837062338601,,,,,,
MTHFD1,,,,,,,,,,,,
ZBTB25,,,,,,,,,,,,
ZBTB1,,,,-0.6183179432317403,-0.6183179432317403,-0.6183179432317403,,,,,,
PLEKHG3,,,,,,,,,,,,
CHURC1,,,,,,,,,,,,
FNTB,,,,-0.60019167172214,-0.60019167172214,-0.60019167172214,,,,,,
MAX,,,,,,,,,,,,
FUT8,,,,,,,,,,,,
GPHN,,,,,,,,,,,,
PALS1,,,,,,,,,,,,
ATP6V1D,,,,,,,,,,,,
EIF2S1,,,,,,,,,,,,
PLEKHH1,,,,-0.45970896699353203,-0.45970896699353203,-0.45970896699353203,,,,,,
PIGH,,,,,,,,,,,,
ARG2,,,,,,,,,,,,
VTI1B,,,,,,,,,,,,
RDH11,,,,,,,,,,,,
ZFYVE26,,,,,,,,,,,,
RAD51B,-0.0795993976745733,-0.0025941953738528698,-0.04109679652421309,-0.9502232490455775,-0.09497662201064053,-0.522599935528109,,,,,,
ZFP36L1,,,,,,,,,,,,
ACTN1,,,,,,,,,,,,
DCAF5,,,,,,,,,,,,
EXD2,,,,-0.42935039307656575,-0.42935039307656575,-0.42935039307656575,,,,,,
ERH,,,,,,,,,,,,
SLC39A9,,,,,,,,,,,,
SUSD6,,,,,,,,,,,,
SRSF5,,,,,,,,,,,,
SMOC1,,,,,,,,,,,,
COX16,,,,,,,,,,,,
SYNJ2BP,,,,,,,,,,,,
MED6,,,,,,,,,,,,
MAP3K9,,,,,,,,,,,,
PCNX1,,,,,,,,,,,,
SIPA1L1,,,,,,,,,,,,
DPF3,,,,-0.6673821900743659,-0.6673821900743659,-0.6673821900743659,,,,,,
DCAF4,,,,,,,,,,,,
ZFYVE1,,,,-0.4986694398427956,-0.4986694398427956,-0.4986694398427956,,,,,,
RBM25,,,,,,,,,,,,
PSEN1,,,,,,,,,,,,
NUMB,,,,,,,,,,,,
DNAL1,,,,,,,,,,,,
PNMA1,,,,,,,,,,,,
MIDEAS,,,,,,,,,,,,
PTGR2,,,,,,,,,,,,
ZNF410,,,,,,,,,,,,
COQ6,,,,,,,,,,,,
ENTPD5,,,,,,,,,,,,
BBOF1,,,,-0.576759432971794,-0.576759432971794,-0.576759432971794,,,,,,
ALDH6A1,,,,,,,,,,,,
LIN52,,,,-0.9644114145030239,-0.1319563413092617,-0.5481838779061428,,,,,,
ABCD4,,,,,,,,,,,,
NPC2,,,,,,,,,,,,
ISCA2,,,,,,,,,,,,
AREL1,,,,-0.5357931630355464,-0.5357931630355464,-0.5357931630355464,,,,,,
FCF1,,,,,,,,,,,,
YLPM1,,,,,,,,,,,,
DLST,,,,,,,,,,,,
RPS6KL1,,,,-0.5057469997070944,-0.5057469997070944,-0.5057469997070944,,,,,,
EIF2B2,,,,,,,,,,,,
ACYP1,,,,,,,,,,,,
NEK9,,,,,,,,,,,,
TMED10,,,,,,,,,,,,
JDP2,,,,,,,,,,,,
TTLL5,,,,,,,,,,,,
ERG28,,,,,,,,,,,,
IFT43,,,,,,,,,,,,
GPATCH2L,,,,,,,,,,,,
ESRRB,,,,,,,,,,,,
VASH1,,,,,,,,,,,,
ANGEL1,,,,-0.5467518786735005,-0.5467518786735005,-0.5467518786735005,,,,,,
IRF2BPL,,,,,,,,,,,,
CIPC,,,,-0.507020482359568,-0.507020482359568,-0.507020482359568,,,,,,
NGB,,,,,,,,,,,,
POMT2,,,,-0.5604508422296145,-0.5604508422296145,-0.5604508422296145,,,,,,
GSTZ1,,,,-0.5979209958996328,-0.5979209958996328,-0.5979209958996328,,,,,,
TMED8,,,,,,,,,,,,
VIPAS39,,,,,,,,,,,,
AHSA1,,,,,,,,,,,,
SPTLC2,,,,,,,,,,,,
ALKBH1,,,,-0.49792013078360753,-0.49792013078360753,-0.49792013078360753,,,,,,
SLIRP,,,,,,,,,,,,
SNW1,,,,,,,,,,,,
ADCK1,,,,,,,,,,,,
NRXN3,,,,,,,,,,,,
CEP128,,,,,,,,,,,,
GTF2A1,,,,,,,,,,,,
STON2,,,,,,,,,,,,
SEL1L,,,,,,,,,,,,
SPATA7,,,,-0.6211971460627186,-0.6211971460627186,-0.6211971460627186,,,,,,
PTPN21,,,,,,,,,,,,
ZC3H14,,,,,,,,,,,,
EML5,,,,,,,,,,,,
TTC8,,,,,,,,,,,,
FOXN3,,,,,,,,,,,,
EFCAB11,,,,,,,,,,,,
TDP1,,,,,,,,,,,,
PSMC1,,,,,,,,,,,,
NRDE2,,,,,,,,,,,,
CALM1,,,,,,,,,,,,
TTC7B,,,,,,,,,,,,
RPS6KA5,,,,,,,0.09018365230959487,0.5059161416403098,0.2980498969749524,,,
DGLUCY,,,,,,,,,,,,
CCDC88C,,,,-0.5557510345112816,-0.5557510345112816,-0.5557510345112816,,,,,,
PPP4R3A,,,,,,,,,,,,
TRIP11,,,,,,,,,,,,
ATXN3,,,,,,,,,,,,
NDUFB1,,,,,,,,,,,,
CPSF2,,,,,,,,,,,,
RIN3,,,,,,,,,,,,
LGMN,,,,-0.6109463502862754,-0.6109463502862754,-0.6109463502862754,,,,,,
GOLGA5,,,,,,,,,,,,
ITPK1,,,,-0.5682290903374472,-0.5682290903374472,-0.5682290903374472,,,,,,
LYSET,,,,,,,,,,,,
GON7,,,,,,,,,,,,
UBR7,,,,,,,,,,,,
BTBD7,,,,,,,,,,,,
DDX24,,,,,,,,,,,,
IFI27L1,,,,,,,,,,,,
IFI27L2,,,,-0.4091010065677488,-0.4091010065677488,-0.4091010065677488,,,,,,
PPP4R4,,,,,,,,,,,,
DICER1,,,,,,,0.13305934352531812,0.5284756958741924,0.33076751969975526,,,
CLMN,,,,-0.5110563417987186,-0.5110563417987186,-0.5110563417987186,,,,,,
GLRX5,,,,,,,,,,,,
C14orf132,,,,-0.4472846229408388,-0.4472846229408388,-0.4472846229408388,,,,,,
ATG2B,,,,,,,,,,,,
GSKIP,,,,,,,,,,,,
AK7,-0.09525843620303416,-0.009644439973090285,-0.05245143808806222,,,,,,,,,
PAPOLA,,,,,,,,,,,,
VRK1,,,,,,,,,,,,
SETD3,,,,,,,,,,,,
CCNK,,,,,,,0.04605019476822903,0.7395050829591395,0.3927776388636843,,,
CCDC85C,,,,,,,,,,,,
EML1,,,,,,,,,,,,
EVL,,,,,,,,,,,,
YY1,,,,,,,,,,,,
WARS1,,,,,,,,,,,,
WDR25,,,,,,,,,,,,
PPP2R5C,,,,,,,,,,,,
DYNC1H1,,,,,,,,,,,,
HSP90AA1,,,,,,,,,,,,
WDR20,,,,,,,,,,,,
MOK,,,,-0.6373685832688687,-0.6373685832688687,-0.6373685832688687,,,,,,
ZNF839,,,,,,,,,,,,
CINP,,,,,,,,,,,,
TECPR2,,,,,,,,,,,,
ANKRD9,,,,,,,,,,,,
RCOR1,,,,,,,,,,,,
TRAF3,,,,,,,,,,,,
CDC42BPB,,,,,,,,,,,,
EIF5,,,,,,,,,,,,
MARK3,,,,,,,,,,,,
CKB,,,,,,,,,,,,
TRMT61A,,,,,,,-0.5671412621300925,-0.17084277456836117,-0.36899201834922685,,,
BAG5,,,,,,,,,,,,
KLC1,,,,,,,,,,,,
COA8,,,,-0.6936753531278789,-0.6936753531278789,-0.6936753531278789,,,,,,
XRCC3,,,,,,,,,,,,
ZFYVE21,,,,,,,,,,,,
PPP1R13B,,,,,,,,,,,,
ATP5MJ,,,,,,,,,,,,
INF2,,,,-0.4874485793695884,-0.4874485793695884,-0.4874485793695884,,,,,,
SIVA1,,,,,,,,,,,,
AKT1,,,,,,,,,,,,
CEP170B,,,,-0.5103337762203725,-0.5103337762203725,-0.5103337762203725,,,,,,
CDCA4,,,,,,,,,,,,
JAG2,,,,,,,,,,,,
NUDT14,,,,,,,,,,,,
BRF1,,,,,,,,,,,,
BTBD6,,,,,,,,,,,,
PACS2,,,,,,,,,,,,
MTA1,,,,,,,,,,,,
TEDC1,,,,,,,,,,,,
TMEM121,,,,,,,,,,,,
NIPA1,,,,-0.5889788609704831,-0.5889788609704831,-0.5889788609704831,,,,,,
NIPA2,,,,,,,,,,,,
CYFIP1,,,,,,,,,,,,
TUBGCP5,,,,,,,,,,,,
UBE3A,,,,-0.9790634616625432,-0.15487520563049764,-0.5669693336465205,,,,,,
OCA2,,,,-0.4969475852897876,-0.4969475852897876,-0.4969475852897876,,,,,,
HERC2,,,,,,,,,,,,
APBA2,,,,,,,,,,,,
ENTREP2,,,,,,,,,,,,
NSMCE3,,,,,,,,,,,,
TJP1,,,,,,,,,,,,
ARHGAP11B,,,,,,,,,,,,
FAN1,,,,,,,,,,,,
KLF13,,,,,,,,,,,,
OTUD7A,,,,,,,,,,,,
CHRNA7,,,,-0.4847527828135338,-0.4847527828135338,-0.4847527828135338,,,,,,
ARHGAP11A,,,,,,,,,,,,
AVEN,,,,,,,,,,,,
EMC7,,,,,,,,,,,,
KATNBL1,,,,,,,,,,,,
EMC4,,,,,,,,,,,,
SLC12A6,,,,,,,,,,,,
NOP10,,,,,,,,,,,,
LPCAT4,,,,,,,,,,,,
GOLGA8A,,,,-0.557863171593589,-0.557863171593589,-0.557863171593589,,,,,,
AQR,,,,,,,,,,,,
ZNF770,,,,,,,,,,,,
DPH6,,,,,,,,,,,,
CDIN1,,,,-0.5519081990657733,-0.5519081990657733,-0.5519081990657733,,,,,,
MEIS2,,,,,,,,,,,,
SPRED1,,,,,,,,,,,,
FAM98B,,,,,,,,,,,,
GPR176,,,,,,,,,,,,
EIF2AK4,,,,,,,,,,,,
SRP14,,,,,,,,,,,,
BUB1B,,,,,,,,,,,,
KNSTRN,,,,,,,,,,,,
IVD,,,,,,,,,,,,
BAHD1,,,,,,,,,,,,
CHST14,,,,,,,,,,,,
CCDC32,,,,,,,,,,,,
RPUSD2,,,,-0.5098211946763025,-0.5098211946763025,-0.5098211946763025,,,,,,
KNL1,,,,-0.685348015045785,-0.685348015045785,-0.685348015045785,,,,,,
RAD51,,,,,,,,,,,,
RMDN3,,,,,,,,,,,,
GCHFR,,,,,,,,,,,,
DNAJC17,,,,,,,,,,,,
VPS18,,,,,,,,,,,,
INO80,,,,,,,,,,,,
CHP1,,,,,,,,,,,,
OIP5,,,,,,,,,,,,
NUSAP1,,,,,,,,,,,,
NDUFAF1,,,,,,,,,,,,
RTF1,,,,,,,,,,,,
RPAP1,,,,-0.5845456166900054,-0.5845456166900054,-0.5845456166900054,,,,,,
TYRO3,,,,,,,,,,,,
MGA,,,,,,,,,,,,
MAPKBP1,,,,,,,,,,,,
EHD4,,,,-0.5254276272668658,-0.5254276272668658,-0.5254276272668658,,,,,,
VPS39,,,,,,,,,,,,
TMEM87A,,,,,,,,,,,,
ZNF106,,,,,,,,,,,,
SNAP23,,,,,,,,,,,,
LRRC57,,,,-0.5408176999924288,-0.5408176999924288,-0.5408176999924288,,,,,,
HAUS2,,,,,,,,,,,,
STARD9,,,,,,,,,,,,
TTBK2,,,,,,,,,,,,
UBR1,,,,,,,,,,,,
TMEM62,,,,,,,,,,,,
CCNDBP1,,,,,,,,,,,,
LCMT2,-0.0828634055387909,-0.024023814735526915,-0.05344361013715891,-0.9623054921177897,-0.12198174196377333,-0.5421436170407815,,,,,,
ADAL,,,,,,,,,,,,
TUBGCP4,,,,,,,,,,,,
TP53BP1,,,,,,,,,,,,
MAP1A,,,,,,,,,,,,
PPIP5K1,,,,,,,,,,,,
CATSPER2,,,,,,,,,,,,
PDIA3,,,,,,,,,,,,
SERF2,,,,,,,,,,,,
HYPK,,,,-0.481005947413486,-0.481005947413486,-0.481005947413486,,,,,,
MFAP1,,,,,,,,,,,,
WDR76,,,,,,,,,,,,
FRMD5,,,,,,,,,,,,
GOLM2,,,,,,,,,,,,
CTDSPL2,,,,,,,,,,,,
EIF3J,,,,,,,,,,,,
SPG11,,,,-0.6990136344328877,-0.6990136344328877,-0.6990136344328877,,,,,,
B2M,-0.5851667027537263,-0.127788268253285,-0.35647748550350566,,,,,,,,,
SORD,,,,,,,,,,,,
SPATA5L1,,,,,,,,,,,,
BLOC1S6,,,,,,,,,,,,
SEMA6D,,,,,,,,,,,,
MYEF2,,,,,,,,,,,,
SLC12A1,-0.08575880852093588,-0.03964884431865253,-0.0627038264197942,,,,-0.27766197241472673,-0.059164123786077744,-0.16841304810040225,-0.1362197414954329,-0.046556496563079426,-0.09138811902925616
DUT,-0.5709166392578164,-0.11417819280151684,-0.34254741602966665,,,,,,,,,
CEP152,,,,,,,,,,,,
EID1,,,,,,,,,,,,
SECISBP2L,,,,,,,,,,,,
COPS2,,,,,,,,,,,,
GALK2,,,,,,,,,,,,
FAM227B,,,,,,,,,,,,
DTWD1,,,,,,,,,,,,
GABPB1,,,,,,,,,,,,
USP8,,,,,,,,,,,,
TRPM7,,,,,,,,,,,,
SPPL2A,,,,,,,,,,,,
AP4E1,,,,,,,,,,,,
DMXL2,,,,,,,,,,,,
TMOD2,,,,-0.46515140649061665,-0.46515140649061665,-0.46515140649061665,,,,,,
TMOD3,,,,,,,,,,,,
LEO1,0.05349322317994658,0.2828722532384558,0.16818273820920118,,,,,,,,,
MAPK6,,,,,,,,,,,,
GNB5,,,,,,,,,,,,
MYO5C,,,,,,,,,,,,
MYO5A,,,,,,,,,,,,
ARPP19,,,,,,,,,,,,
ATOSA,,,,,,,,,,,,
UNC13C,-0.1148299784729174,-0.04626643562231585,-0.08054820704761663,-0.9384359622854148,-0.11490222249370867,-0.5266690923895617,,,,-0.13788923786333515,-0.04013993136809867,-0.08901458461571692
RSL24D1,,,,,,,,,,,,
RAB27A,,,,,,,,,,,,
PIGBOS1,,,,,,,,,,,,
PIGB,,,,-0.5039099827586689,-0.5039099827586689,-0.5039099827586689,,,,,,
CCPG1,,,,,,,,,,,,
DNAAF4,,,,,,,,,,,,
PYGO1,,,,,,,,,,,,
PRTG,,,,-0.5719288809598352,-0.5719288809598352,-0.5719288809598352,,,,,,
NEDD4,,,,,,,,,,,,
RFX7,,,,,,,,,,,,
TEX9,,,,,,,,,,,,
MNS1,,,,-0.8567716289548359,-0.06631325792667177,-0.46154244344075385,,,,,,
ZNF280D,,,,,,,,,,,,
TCF12,,,,,,,,,,,,
CGNL1,,,,-0.2024499169461734,-0.2024499169461734,-0.2024499169461734,,,,,,
POLR2M,,,,,,,,,,,,
ALDH1A2,,,,,,,,,,,,
ADAM10,-0.0647987758001771,-0.0031089061064519486,-0.033953840953314524,-0.8427966503306809,-0.026999642432050237,-0.43489814638136554,,,,,,
MINDY2,,,,,,,,,,,,
RNF111,,,,,,,,,,,,
SLTM,,,,,,,,,,,,
CCNB2,,,,,,,,,,,,
MYO1E,,,,,,,,,,,,
FAM81A,,,,,,,,,,,,
GTF2A2,,,,,,,,,,,,
BNIP2,,,,,,,,,,,,
ANXA2,,,,,,,,,,,,
ICE2,,,,,,,,,,,,
RORA,,,,,,,,,,,,
VPS13C,,,,,,,,,,,,
TLN2,,,,,,,,,,,,
TPM1,,,,,,,,,,,,
LACTB,,,,-0.5443894625132276,-0.5443894625132276,-0.5443894625132276,,,,,,
RPS27L,,,,,,,,,,,,
RAB8B,,,,,,,,,,,,
CA12,,,,-0.48903593533121464,-0.48903593533121464,-0.48903593533121464,,,,,,
USP3,,,,-0.687139023472702,-0.687139023472702,-0.687139023472702,,,,,,
HERC1,,,,,,,,,,,,
CIAO2A,,,,,,,,,,,,
SNX1,,,,,,,,,,,,
PPIB,,,,,,,,,,,,
CSNK1G1,,,,,,,,,,,,
PCLAF,,,,,,,,,,,,
TRIP4,,,,,,,,,,,,
ZNF609,,,,,,,,,,,,
OAZ2,,,,,,,,,,,,
RBPMS2,,,,-0.9056158480516103,-0.0902042383189845,-0.4979100431852974,,,,,,
SPG21,,,,,,,,,,,,
MTFMT,,,,,,,,,,,,
PDCD7,,,,-0.5718391879150814,-0.5718391879150814,-0.5718391879150814,,,,,,
CLPX,,,,,,,,,,,,
PARP16,,,,,,,-0.14200925537386805,-0.004518361292376427,-0.07326380833312224,,,
IGDCC3,,,,,,,,,,,,
IGDCC4,,,,-0.5437200764812776,-0.5437200764812776,-0.5437200764812776,,,,,,
DPP8,,,,,,,,,,,,
HACD3,,,,,,,,,,,,
INTS14,,,,,,,,,,,,
SLC24A1,,,,-0.5038955776828339,-0.5038955776828339,-0.5038955776828339,,,,,,
DENND4A,,,,,,,,,,,,
RAB11A,,,,,,,,,,,,
MEGF11,,,,,,,,,,,,
DIS3L,,,,,,,,,,,,
TIPIN,,,,,,,,,,,,
MAP2K1,,,,,,,,,,,,
SNAPC5,,,,,,,,,,,,
RPL4,,,,,,,,,,,,
ZWILCH,,,,,,,,,,,,
SMAD6,,,,,,,,,,,,
SMAD3,,,,,,,,,,,,
AAGAB,,,,,,,,,,,,
IQCH,,,,-0.23698147568901418,-0.23698147568901418,-0.23698147568901418,,,,,,
C15orf61,,,,,,,,,,,,
MAP2K5,,,,,,,,,,,,
PIAS1,,,,,,,,,,,,
CALML4,,,,-0.5726176423399146,-0.5726176423399146,-0.5726176423399146,,,,,,
CLN6,,,,,,,,,,,,
FEM1B,,,,,,,,,,,,
CORO2B,,,,,,,,,,-0.168072416058085,-0.03797945301235228,-0.10302593453521865
ANP32A,,,,,,,,,,,,
SPESP1,,,,,,,,,,,,
GLCE,,,,,,,,,,,,
PAQR5,,,,-0.5102821673654379,-0.5102821673654379,-0.5102821673654379,,,,,,
KIF23,,,,-0.6557961962214084,-0.6557961962214084,-0.6557961962214084,,,,,,
RPLP1,,,,,,,,,,,,
TLE3,,,,,,,,,,,,
UACA,,,,,,,,,,,,
LARP6,,,,,,,,,,,,
LRRC49,,,,-0.48879496343129025,-0.48879496343129025,-0.48879496343129025,,,,,,
THSD4,,,,-0.9115423189729263,-0.11512483986621554,-0.5133335794195709,,,,,,
MYO9A,,,,,,,,,,,,
SENP8,,,,-0.4887609979923857,-0.4887609979923857,-0.4887609979923857,,,,,,
PKM,,,,,,,,,,,,
PARP6,,,,,,,,,,,,
HEXA,,,,,,,,,,,,
ARIH1,,,,,,,,,,,,
BBS4,,,,,,,,,,,,
ADPGK,,,,,,,,,,,,
NEO1,,,,,,,,,,,,
NPTN,,,,,,,,,,,,
CD276,,,,,,,,,,,,
PML,,,,-0.5415792323381989,-0.5415792323381989,-0.5415792323381989,,,,,,
UBL7,,,,,,,,,,,,
ARID3B,,,,,,,,,,,,
CLK3,,,,,,,,,,,,
EDC3,,,,,,,,,,,,
CSK,,,,,,,,,,,,
ULK3,,,,-0.5579213197552276,-0.5579213197552276,-0.5579213197552276,,,,,,
SCAMP2,,,,,,,,,,,,
MPI,,,,,,,,,,,,
FAM219B,,,,-0.5619647768863394,-0.5619647768863394,-0.5619647768863394,,,,,,
COX5A,-0.6437543903235796,-0.10479192906241426,-0.37427315969299696,,,,,,,,,
RPP25,,,,,,,,,,,,
SCAMP5,,,,,,,,,,,,
PPCDC,,,,,,,,,,,,
C15orf39,,,,,,,,,,,,
COMMD4,,,,,,,,,,,,
MAN2C1,,,,,,,,,,,,
SIN3A,,,,,,,,,,,,
PTPN9,,,,,,,,,,,,
SNUPN,,,,,,,,,,,,
IMP3,,,,,,,,,,,,
UBE2Q2,,,,,,,,,,,,
FBXO22,,,,,,,,,,,,
NRG4,,,,-0.5497040608084712,-0.5497040608084712,-0.5497040608084712,,,,,,
TMEM266,,,,,,,,,,,,
ETFA,,,,,,,,,,,,
ISL2,,,,,,,,,,,,
SCAPER,,,,,,,,,,,,
RCN2,,,,,,,,,,,,
TSPAN3,,,,,,,,,,,,
PEAK1,,,,,,,,,,,,
HMG20A,,,,,,,,,,,,
LINGO1,-0.10257861264050058,0.006194993041740848,-0.04819180979937987,,,,,,,-0.1640555129397344,0.015291033580555936,-0.07438223967958922
TBC1D2B,,,,,,,,,,,,
CIB2,,,,,,,,,,,,
IDH3A,,,,,,,,,,,,
SKIC8,,,,,,,,,,,,
IREB2,,,,,,,,,,,,
HYKK,,,,,,,,,,,,
PSMA4,,,,,,,,,,,,
CHRNA5,,,,,,,,,,,,
MORF4L1,,,,,,,,,,,,
CTSH,,,,-0.5979295292332316,-0.5979295292332316,-0.5979295292332316,,,,,,
TMED3,,,,,,,,,,,,
MTHFS,,,,,,,,,,,,
ZFAND6,,,,,,,,,,,,
FAH,,,,-0.5090177261822854,-0.5090177261822854,-0.5090177261822854,,,,,,
ABHD17C,,,,,,,,,,,,
MESD,,,,,,,,,,,,
TLNRD1,,,,,,,,,,,,
EFL1,,,,,,,,,,,,
RPS17,,,,,,,,,,,,
CPEB1,,,,,,,,,,,,
WHAMM,,,,-0.571717625400385,-0.571717625400385,-0.571717625400385,,,,,,
HOMER2,,,,,,,,,,,,
RAMAC,,,,,,,,,,,,
C15orf40,,,,,,,,,,,,
BTBD1,,,,-0.7115219689160245,-0.7115219689160245,-0.7115219689160245,,,,,,
HDGFL3,,,,,,,,,,,,
SH3GL3,,,,,,,,,,,,
ZSCAN2,,,,,,,,,,,,
WDR73,,,,,,,,,,,,
NMB,,,,,,,,,,,,
SEC11A,,,,,,,,,,,,
ZNF592,,,,,,,,,,,,
PDE8A,,,,,,,,,,,,
AKAP13,,,,,,,,,,,,
KLHL25,,,,-0.4852293930808342,-0.4852293930808342,-0.4852293930808342,,,,,,
AGBL1,-0.11212933107194877,-0.033386160991428576,-0.07275774603168866,,,,,,,-0.16874173422913935,-0.05212134958747092,-0.11043154190830513
MRPL46,,,,,,,,,,,,
MRPS11,,,,,,,,,,,,
DET1,,,,,,,,,,,,
AEN,,,,,,,,,,,,
MFGE8,,,,-0.5247062502506536,-0.5247062502506536,-0.5247062502506536,,,,,,
ABHD2,,,,,,,,,,,,
FANCI,,,,,,,,,,,,
POLG,,,,-0.615487303463738,-0.615487303463738,-0.615487303463738,,,,,,
TICRR,,,,-0.6148054758339321,-0.6148054758339321,-0.6148054758339321,,,,,,
KIF7,,,,,,,,,,,,
PEX11A,,,,,,,,,,,,
MESP1,,,,,,,,,,,,
AP3S2,,,,,,,,,,,,
ARPIN,,,,,,,,,,,,
ZNF710,,,,,,,,,,,,
IDH2,,,,,,,,,,,,
SEMA4B,-0.07937299533782805,-0.0032276796843812607,-0.04130033751110465,,,,,,,,,
CIB1,,,,,,,,,,,,
GDPGP1,,,,-0.5889556576317688,-0.5889556576317688,-0.5889556576317688,,,,,,
NGRN,,,,,,,,,,,,
IQGAP1,,,,,,,,,,,,
CRTC3,,,,,,,,,,,,
BLM,,,,,,,,,,,,
FURIN,,,,-0.5410699142491037,-0.5410699142491037,-0.5410699142491037,,,,,,
HDDC3,,,,,,,,,,,,
UNC45A,,,,,,,,,,,,
RCCD1,,,,-0.5825162635317932,-0.5825162635317932,-0.5825162635317932,,,,,,
PRC1,,,,,,,,,,,,
FAM174B,,,,,,,,,,,,
CHD2,,,,,,,,,,,,
RGMA,,,,-0.4865231130985144,-0.4865231130985144,-0.4865231130985144,,,,,,
NR2F2,,,,,,,,,,,,
IGF1R,,,,,,,,,,,,
TTC23,,,,,,,,,,,,
LRRC28,,,,,,,,,,,,
MEF2A,,,,,,,,,,,,
LYSMD4,,,,,,,,,,,,
ADAMTS17,,,,,,,,,,,,
LINS1,,,,,,,,,,,,
ASB7,,,,,,,,,,,,
CHSY1,,,,,,,,,,,,
SELENOS,,,,,,,,,,,,
SNRPA1,,,,,,,,,,,,
PCSK6,,,,-0.9710845732732994,-0.22266013438802035,-0.59687235383066,,,,,,
TM2D3,,,,,,,,,,,,
TARS3,,,,,,,,,,,,
POLR3K,-0.4905996604506856,-0.06388465433515163,-0.27724215739291863,,,,,,,,,
SNRNP25,,,,,,,,,,,,
MPG,,,,,,,,,,,,
NPRL3,,,,,,,,,,,,
HBQ1,,,,,,,,,,,,
LUC7L,,,,,,,,,,,,
FAM234A,,,,,,,,,,,,
ARHGDIG,,,,-0.5271682885549794,-0.5271682885549794,-0.5271682885549794,,,,,,
AXIN1,,,,,,,,,,,,
MRPL28,,,,,,,,,,,,
PGAP6,,,,-0.464370719328448,-0.464370719328448,-0.464370719328448,,,,,,
NME4,,,,,,,,,,,,
RAB11FIP3,,,,,,,,,,,,
CAPN15,,,,,,,,,,,,
PIGQ,,,,-0.5857370099103137,-0.5857370099103137,-0.5857370099103137,,,,,,
RAB40C,,,,,,,,,,,,
METTL26,,,,,,,,,,,,
MCRIP2,,,,,,,,,,,,
WDR90,,,,,,,,,,,,
RHOT2,,,,-0.6137207566361584,-0.6137207566361584,-0.6137207566361584,,,,,,
STUB1,,,,,,,,,,,,
JMJD8,,,,,,,,,,,,
METRN,,,,,,,,,,,,
ANTKMT,,,,,,,,,,,,
HAGHL,,,,-0.5814455370595211,-0.5814455370595211,-0.5814455370595211,,,,,,
CIAO3,,,,-0.4771129274564129,-0.4771129274564129,-0.4771129274564129,,,,,,
RPUSD1,,,,,,,,,,,,
CHTF18,,,,,,,,,,,,
LMF1,,,,,,,,,,,,
CACNA1H,,,,-0.48273719254125835,-0.48273719254125835,-0.48273719254125835,,,,,,
UBE2I,,,,,,,,,,,,
TSR3,,,,,,,,,,,,
GNPTG,,,,,,,,,,,,
UNKL,,,,,,,,,,,,
UQCC4,,,,,,,,,,,,
CLCN7,,,,,,,,,,,,
TELO2,,,,-0.5709827702310619,-0.5709827702310619,-0.5709827702310619,,,,,,
IFT140,,,,,,,,,,,,
CRAMP1,,,,,,,,,,,,
JPT2,,,,,,,,,,,,
MAPK8IP3,,,,,,,,,,,,
NME3,,,,,,,,,,,,
MRPS34,,,,,,,,,,,,
SPSB3,,,,-0.5030127979508285,-0.5030127979508285,-0.5030127979508285,,,,,,
NUBP2,,,,,,,,,,,,
HAGH,,,,,,,,,,,,
FAHD1,,,,-0.5264569399062863,-0.5264569399062863,-0.5264569399062863,,,,,,
MSRB1,,,,,,,,,,,,
NDUFB10,,,,,,,,,,,,
RPS2,,,,,,,,,,,,
TBL3,,,,-0.5765893421576697,-0.5765893421576697,-0.5765893421576697,,,,,,
GFER,,,,-0.5328056873417492,-0.5328056873417492,-0.5328056873417492,,,,,,
ZNF598,,,,,,,,,,,,
NPW,,,,-0.45635919688258625,-0.45635919688258625,-0.45635919688258625,,,,,,
NHERF2,,,,,,,,,,,,
NTHL1,,,,,,,,,,,,
TSC2,,,,,,,,,,,,
PKD1,,,,,,,,,,,,
TRAF7,,,,,,,,,,,,
MLST8,,,,,,,,,,,,
PGP,,,,,,,,,,,,
E4F1,,,,-0.6171049478831897,-0.6171049478831897,-0.6171049478831897,,,,,,
ECI1,,,,,,,,,,,,
RNPS1,,,,,,,,,,,,
ABCA3,,,,,,,,,,,,
CCNF,,,,,,,,,,,,
TEDC2,,,,-0.5297699954254641,-0.5297699954254641,-0.5297699954254641,,,,,,
TBC1D24,,,,,,,,,,,,
ATP6V0C,,,,,,,,,,,,
AMDHD2,,,,-0.5679805250738614,-0.5679805250738614,-0.5679805250738614,,,,,,
PDPK1,,,,,,,,,,,,
KCTD5,,,,,,,,,,,,
SRRM2,,,,,,,,,,,,
ELOB,,,,,,,,,,,,
FLYWCH2,,,,,,,,,,,,
FLYWCH1,,,,,,,,,,,,
PKMYT1,,,,,,,,,,,,
PAQR4,,,,-0.46512279028172265,-0.46512279028172265,-0.46512279028172265,,,,,,
TNFRSF12A,,,,,,,,,,,,
HCFC1R1,,,,,,,,,,,,
THOC6,,,,-0.48465406570870906,-0.48465406570870906,-0.48465406570870906,,,,,,
ZNF205,,,,-0.29331017839126167,-0.29331017839126167,-0.29331017839126167,,,,,,
ZNF200,,,,,,,,,,,,
ZNF263,,,,,,,,,,,,
ZNF75A,,,,,,,,,,,,
ZSCAN32,,,,-0.5735059156286222,-0.5735059156286222,-0.5735059156286222,,,,,,
ZNF174,,,,-0.3734793788730596,-0.3734793788730596,-0.3734793788730596,,,,,,
NAA60,,,,,,,,,,,,
CLUAP1,,,,,,,,,,,,
SLX4,,,,,,,,,,,,
DNASE1,,,,,,,,,,,,
TRAP1,,,,,,,,,,,,
CREBBP,,,,,,,,,,,,
ADCY9,,,,,,,,,,,,
TFAP4,,,,,,,,,,,,
PAM16,,,,,,,,,,,,
CORO7,,,,-0.546975186626558,-0.546975186626558,-0.546975186626558,,,,,,
DNAJA3,,,,,,,,,,,,
NMRAL1,,,,-0.731491013081038,-0.731491013081038,-0.731491013081038,,,,,,
HMOX2,,,,,,,,,,,,
CDIP1,,,,,,,,,,,,
UBALD1,,,,-0.5266339288134393,-0.5266339288134393,-0.5266339288134393,,,,,,
MGRN1,,,,,,,,,,,,
NUDT16L1,,,,,,,,,,,,
ANKS3,,,,,,,,,,,,
ZNF500,,,,,,,,,,,,
ROGDI,,,,,,,,,,,,
GLYR1,,,,,,,,,,,,
UBN1,,,,,,,,,,,,
SEC14L5,-0.08644785282008124,-0.025000876977395427,-0.05572436489873833,,,,-0.11417200644885597,-0.00042453242693344496,-0.057298269437894706,-0.11565817222556932,-0.018844478648678883,-0.0672513254371241
ALG1,,,,,,,,,,,,
EEF2KMT,,,,,,,,,,,,
RBFOX1,,,,,,,,,,,,
METTL22,,,,-0.4799545857928267,-0.4799545857928267,-0.4799545857928267,,,,,,
ABAT,,,,-0.5546083008089333,-0.5546083008089333,-0.5546083008089333,,,,,,
PMM2,,,,,,,,,,,,
CARHSP1,,,,,,,,,,,,
USP7,,,,,,,,,,,,
HAPSTR1,,,,-0.46096469519145233,-0.46096469519145233,-0.46096469519145233,,,,,,
ATF7IP2,,,,,,,,,,,,
EMP2,,,,,,,,,,,,
NUBP1,,,,,,,,,,,,
DEXI,,,,,,,,,,,,
CLEC16A,,,,,,,,,,,,
RMI2,,,,,,,,,,,,
ENSG00000188897,,,,,,,,,,,,
LITAF,,,,,,,,,,,,
SNN,,,,-0.3932929621313702,-0.3932929621313702,-0.3932929621313702,,,,,,
TXNDC11,,,,,,,,,,,,
ZC3H7A,,,,,,,,,,,,
RSL1D1,,,,,,,,,,,,
GSPT1,,,,,,,,,,,,
SNX29,,,,,,,,,,,,
CPPED1,,,,,,,,,,,,
ERCC4,,,,,,,,,,,,
MRTFB,,,,,,,,,,,,
PARN,,,,,,,,,,,,
BFAR,,,,,,,,,,,,
NOMO1,,,,,,,,,,,,
PDXDC1,,,,,,,,,,,,
NTAN1,,,,,,,,,,,,
RRN3,,,,,,,,,,,,
MARF1,,,,,,,,,,,,
NDE1,,,,,,,,,,,,
CEP20,,,,,,,,,,,,
ABCC1,,,,,,,,,,,,
NOMO3,,,,-0.4656464561470436,-0.4656464561470436,-0.4656464561470436,,,,,,
XYLT1,,,,,,,,,,,,
NOMO2,,,,-0.5779279790327826,-0.5779279790327826,-0.5779279790327826,,,,,,
RPS15A,,,,,,,,,,,,
ARL6IP1,,,,,,,,,,,,
SMG1,,,,,,,,,,,,
TMC7,,,,,,,,,,,,
COQ7,,,,,,,,,,,,
ITPRIPL2,,,,,,,,,,,,
GDE1,,,,,,,,,,,,
CCP110,,,,,,,,,,,,
VPS35L,,,,,,,,,,,,
KNOP1,,,,,,,,,,,,
IQCK,,,,,,,,,,,,
GPRC5B,,,,-0.42476810674708,-0.42476810674708,-0.42476810674708,,,,,,
THUMPD1,,,,,,,,,,,,
ERI2,,,,,,,,,,,,
REXO5,,,,-0.4373381917658545,-0.4373381917658545,-0.4373381917658545,,,,,,
LYRM1,,,,,,,,,,,,
LDAF1,,,,,,,,,,,,
METTL9,,,,,,,,,,,,
NPIPB4,,,,-0.5093136657098956,-0.5093136657098956,-0.5093136657098956,,,,,,
UQCRC2,,,,,,,,,,,,
MOSMO,,,,,,,,,,,,
EEF2K,,,,,,,,,,,,
POLR3E,,,,,,,,,,,,
CDR2,,,,-0.7331944308986088,-0.7331944308986088,-0.7331944308986088,,,,,,
USP31,,,,,,,,,,,,
COG7,,,,,,,,,,,,
GGA2,,,,,,,,,,,,
EARS2,,,,-0.5678559034741699,-0.5678559034741699,-0.5678559034741699,,,,,,
UBFD1,,,,,,,,,,,,
NDUFAB1,-0.5668675180991037,-0.10281371952501912,-0.33484061881206145,,,,,,,,,
PALB2,,,,,,,,,,,,
DCTN5,,,,,,,,,,,,
PLK1,,,,,,,,,,,,
PRKCB,,,,-0.5896185999879369,-0.5896185999879369,-0.5896185999879369,,,,,,
RBBP6,,,,,,,,,,,,
TNRC6A,,,,,,,,,,,,
ARHGAP17,,,,,,,,,,,,
LCMT1,,,,,,,,,,,,
NSMCE1,,,,,,,,,,,,
GTF3C1,,,,,,,,,,,,
KATNIP,,,,,,,,,,,,
XPO6,,,,-0.9770606161230772,-0.17014867709729523,-0.5736046466101862,,,,,,
CLN3,,,,,,,,,,,,
SGF29,,,,,,,,,,,,
EIF3C,,,,-0.5674802046574325,-0.5674802046574325,-0.5674802046574325,,,,,,
ATXN2L,,,,,,,,,,,,
TUFM,,,,,,,,,,,,
SH2B1,,,,,,,,,,,,
RABEP2,,,,,,,,,,,,
NFATC2IP,,,,,,,,,,,,
SPNS1,,,,,,,,,,,,
QPRT,,,,,,,,,,,,
KIF22,,,,,,,,,,,,
MAZ,,,,,,,,,,,,
PAGR1,,,,,,,,,,,,
MVP,,,,-0.35090490616077874,-0.35090490616077874,-0.35090490616077874,,,,,,
CDIPT,,,,,,,,,,,,
SEZ6L2,,,,,,,,,,,,
ASPHD1,,,,,,,,,,,,
KCTD13,,,,,,,,,,,,
TMEM219,,,,,,,,,,,,
TAOK2,,,,,,,,,,,,
HIRIP3,,,,,,,,,,,,
INO80E,,,,,,,,,,,,
DOC2A,,,,,,,,,,,,
ALDOA,,,,,,,,,,,,
PPP4C,,,,,,,,,,,,
YPEL3,,,,-0.490358231879636,-0.490358231879636,-0.490358231879636,,,,,,
MAPK3,,,,,,,,,,,,
BOLA2B,,,,,,,,,,,,
NPIPB13,,,,,,,,,,,,
CD2BP2,,,,,,,,,,,,
TBC1D10B,,,,,,,,,,,,
ZNF48,,,,,,,,,,,,
SEPTIN1,-0.16543691820480794,-0.02097655053528888,-0.09320673437004841,-0.9762112160586476,-0.1860611838322835,-0.5811361999454655,,,,,,
ZNF771,,,,,,,,,,,,
DCTPP1,,,,,,,,,,,,
SEPHS2,,,,,,,,,,,,
ZNF768,,,,,,,,,,,,
ZNF747,,,,-0.42562247833099426,-0.42562247833099426,-0.42562247833099426,,,,,,
ZNF764,,,,-0.522540978201426,-0.522540978201426,-0.522540978201426,,,,,,
ZNF688,,,,,,,,,,,,
ZNF689,,,,,,,,,,,,
PRR14,,,,,,,,,,,,
FBRS,,,,,,,,,,,,
SRCAP,,,,,,,,,,,,
PHKG2,,,,,,,,,,,,
CFAP119,,,,-0.43122405292328947,-0.43122405292328947,-0.43122405292328947,,,,,,
RNF40,,,,,,,,,,,,
ZNF629,,,,,,,,,,,,
BCL7C,,,,,,,,,,,,
FBXL19,,,,,,,,,,,,
SETD1A,,,,-0.6324767940561429,-0.6324767940561429,-0.6324767940561429,,,,,,
STX4,,,,,,,,,,,,
ZNF668,,,,,,,,,,,,
VKORC1,,,,,,,,,,,,
BCKDK,,,,,,,,,,,,
KAT8,,,,,,,,,,,,
FUS,,,,,,,,,,,,
RUSF1,,,,,,,,,,,,
KRBOX5,,,,,,,,,,,,
ZNF267,,,,,,,,,,,,
SHCBP1,,,,-0.6672551753922331,-0.6672551753922331,-0.6672551753922331,,,,,,
VPS35,,,,,,,,,,,,
ORC6,,,,,,,,,,,,
C16orf87,,,,,,,,,,,,
GPT2,,,,,,,,,,,,
DNAJA2,,,,,,,,,,,,
NETO2,,,,,,,,,,,,
ITFG1,,,,,,,,,,,,
PHKB,,,,,,,,,,,,
LONP2,,,,,,,,,,,,
SIAH1,,,,,,,,,,,,
N4BP1,,,,,,,,,,,,
ZNF423,,,,,,,,,,,,
CNEP1R1,,,,-0.4752291428181034,-0.4752291428181034,-0.4752291428181034,,,,,,
HEATR3,,,,,,,,,,,,
TENT4B,,,,,,,,,,,,
BRD7,,,,,,,,,,,,
CYLD,,,,,,,,,,,,
SALL1,,,,-0.4425290324447671,-0.4425290324447671,-0.4425290324447671,,,,,,
HNRNPA1L3,,,,,,,,,,,,
CHD9,,,,,,,,,,,,
RBL2,,,,,,,,,,,,
AKTIP,,,,,,,,,,,,
RPGRIP1L,,,,,,,,,,,,
FTO,,,,,,,,,,,,
IRX3,,,,-0.45124384697288744,-0.45124384697288744,-0.45124384697288744,,,,,,
IRX5,,,,,,,,,,,,
LPCAT2,,,,,,,,,,,,
AMFR,,,,,,,,,,,,
NUDT21,,,,,,,,,,,,
OGFOD1,,,,,,,,,,,,
BBS2,,,,,,,,,,,,
MT2A,,,,,,,,,,,,
MT1X,,,,,,,,,,,,
NUP93,,,,,,,,,,,,
HERPUD1,,,,,,,,,,,,
CPNE2,,,,,,,,,,,,
PSME3IP1,,,,,,,,,,,,
RSPRY1,,,,,,,,,,,,
ARL2BP,,,,,,,,,,,,
PLLP,,,,-0.46423647297069726,-0.46423647297069726,-0.46423647297069726,,,,,,
CIAPIN1,,,,,,,,,,,,
COQ9,,,,-0.5716988083058882,-0.5716988083058882,-0.5716988083058882,,,,,,
POLR2C,,,,-0.5558313785895769,-0.5558313785895769,-0.5558313785895769,,,,,,
CCDC102A,,,,,,,,,,,,
KATNB1,,,,,,,,,,,,
USB1,,,,,,,,,,,,
CFAP20,,,,,,,,,,,,
CSNK2A2,,,,,,,,,,,,
CCDC113,,,,,,,,,,,,
GINS3,,,,,,,,,,,,
SETD6,,,,,,,,,,,,
CNOT1,,,,,,,,,,,,
SLC38A7,,,,-0.3885572973770682,-0.3885572973770682,-0.3885572973770682,,,,,,
GOT2,,,,,,,,,,,,
TK2,,,,,,,,,,,,
CKLF,,,,,,,,,,,,
CMTM3,,,,,,,,,,,,
CMTM4,,,,,,,,,,,,
DYNC1LI2,,,,,,,,,,,,
TERB1,-0.07320212320249779,-0.001771075570779481,-0.03748659938663863,,,,,,,,,
NAE1,,,,,,,,,,,,
PDP2,,,,,,,,,,,,
CIAO2B,-0.553697904934936,-0.08989591180865722,-0.3217969083717966,,,,,,,,,
CES2,,,,,,,,,,,,
CBFB,,,,,,,,,,,,
PHAF1,,,,,,,,,,,,
TRADD,,,,-0.48745619392745215,-0.48745619392745215,-0.48745619392745215,,,,,,
E2F4,,,,,,,,,,,,
TMEM208,,,,,,,,,,,,
FHOD1,,,,,,,,,,,,
ATP6V0D1,,,,,,,,,,,,
RIPOR1,,,,-0.4833734468103252,-0.4833734468103252,-0.4833734468103252,,,,,,
CTCF,,,,,,,,,,,,
CARMIL2,,,,,,,,,,,,
ACD,,,,-0.43856165068996183,-0.43856165068996183,-0.43856165068996183,,,,,,
GFOD2,,,,,,,,,,,,
RANBP10,,,,,,,,,,,,
CENPT,,,,,,,,,,,,
THAP11,,,,,,,,,,,,
NUTF2,,,,,,,,,,,,
EDC4,,,,,,,,,,,,
PSKH1,,,,,,,,,,,,
PSMB10,,,,,,,,,,,,
DUS2,,,,-0.6540330344689732,-0.6540330344689732,-0.6540330344689732,,,,,,
DDX28,,,,-0.48067538985300173,-0.48067538985300173,-0.48067538985300173,,,,,,
NFATC3,-0.11438730160318238,0.018775511969156625,-0.047805894817012876,,,,,,,,,
SLC7A6,,,,,,,,,,,,
SLC7A6OS,,,,-0.5066153937222472,-0.5066153937222472,-0.5066153937222472,,,,,,
PRMT7,,,,,,,,,,,,
ZFP90,,,,,,,,,,,,
TANGO6,,,,,,,,,,,,
UTP4,,,,,,,,,,,,
SNTB2,,,,,,,,,,,,
VPS4A,,,,,,,,,,,,
COG8,,,,,,,,,,,,
NIP7,,,,,,,,,,,,
TERF2,,,,,,,,,,,,
CYB5B,,,,,,,,,,,,
NFAT5,,,,,,,,,,,,
NOB1,,,,-0.6326280952233475,-0.6326280952233475,-0.6326280952233475,,,,,,
WWP2,,,,,,,,,,,,
PDPR,,,,-0.54143963706393,-0.54143963706393,-0.54143963706393,,,,,,
EXOSC6,,,,,,,,,,,,
AARS1,,,,,,,,,,,,
DDX19B,,,,,,,,,,,,
DDX19A,,,,,,,,,,,,
ST3GAL2,,,,,,,,,,,,
COG4,,,,,,,,,,,,
SF3B3,,,,,,,,,,,,
MTSS2,,,,,,,,,,,,
VAC14,,,,-0.6077527649625585,-0.6077527649625585,-0.6077527649625585,,,,,,
ZNF23,,,,-0.4346718184008599,-0.4346718184008599,-0.4346718184008599,,,,,,
PHLPP2,,,,,,,,,,,,
AP1G1,,,,,,,,,,,,
ATXN1L,,,,,,,,,,,,
IST1,,,,,,,,,,,,
ZNF821,,,,,,,,,,,,
DHODH,,,,,,,,,,,,
TXNL4B,,,,,,,,,,,,
DHX38,0.07116801898801794,0.30309519595391865,0.1871316074709683,,,,,,,,,
ZFHX3,,,,,,,,,,,,
PSMD7,,,,,,,,,,,,
GLG1,,,,,,,,,,,,
RFWD3,,,,,,,,,,,,
WDR59,,,,-0.976641918690818,-0.1752280102746532,-0.5759349644827356,,,,,,
ZNRF1,,,,,,,,,,,,
ZFP1,,,,,,,,,,,,
BCAR1,,,,,,,,,,,,
CFDP1,,,,,,,,,,,,
TMEM170A,,,,,,,,,,,,
GABARAPL2,,,,,,,,,,,,
ADAT1,,,,,,,,,,,,
KARS1,,,,,,,,,,,,
TERF2IP,,,,,,,,,,,,
MON1B,,,,,,,,,,,,
SYCE1L,,,,,,,,,,,,
NUDT7,,,,-0.4339585478704503,-0.4339585478704503,-0.4339585478704503,,,,,,
WWOX,,,,,,,,,,,,
MAF,,,,,,,,,,,,
CDYL2,,,,-0.3271388985334565,-0.3271388985334565,-0.3271388985334565,,,,,,
CMC2,,,,,,,,,,,,
CENPN,,,,,,,,,,,,
ATMIN,,,,,,,,,,,,
C16orf46,,,,,,,,,,,,
GCSH,,,,,,,,,,,,
GAN,,,,,,,,,,,,
CMIP,,,,-0.9815416321344882,-0.21044436618186244,-0.5959929991581753,,,,,,
PLCG2,,,,,,,,,,,,
MPHOSPH6,,,,,,,,,,,,
CDH13,-0.08848190832343263,-0.023873178203049277,-0.05617754326324095,,,,-0.16760712749525003,-0.018102028461809288,-0.09285457797852965,,,
HSBP1,,,,,,,,,,,,
MLYCD,,,,,,,,,,,,
MBTPS1,,,,,,,,,,,,
HSDL1,,,,,,,,,,,,
TAF1C,,,,-0.5099939432620267,-0.5099939432620267,-0.5099939432620267,,,,,,
MEAK7,-0.11902030103889817,0.0006950281691793939,-0.05916263643485939,,,,,,,,,
COTL1,,,,,,,,,,,,
KLHL36,,,,,,,,,,,,
USP10,,,,,,,,,,,,
ZDHHC7,,,,,,,,,,,,
KIAA0513,,,,-0.5061174112017122,-0.5061174112017122,-0.5061174112017122,,,,,,
GSE1,,,,-0.9799474486223935,-0.1352728086330111,-0.5576101286277023,,,,,,
GINS2,,,,,,,,,,,,
C16orf74,,,,,,,,,,,,
EMC8,,,,,,,,,,,,
COX4I1,,,,,,,,,,,,
MTHFSD,,,,,,,,,,,,
C16orf95,,,,,,,,,,,,
FBXO31,,,,-0.5882271996351958,-0.5882271996351958,-0.5882271996351958,,,,,,
MAP1LC3B,,,,,,,,,,,,
ZCCHC14,-0.07270251286910785,0.019068959814293927,-0.026816776527406962,-0.6907018943134702,-0.0342792386915162,-0.36249056650249317,,,,,,
KLHDC4,,,,,,,,,,,,
SLC7A5,,,,,,,,,,,,
BANP,,,,,,,,,,,,
ZFPM1,,,,,,,,,,,,
ZC3H18,,,,,,,,,,,,
CYBA,-0.2646748848096075,-0.01754275463874718,-0.14110881972417733,,,,,,,,,
MVD,,,,,,,,,,,,
RNF166,,,,-0.48743452420165007,-0.48743452420165007,-0.48743452420165007,,,,,,
CTU2,,,,,,,,,,,,
PIEZO1,,,,,,,,,,,,
CDT1,,,,,,,,,,,,
APRT,,,,,,,,,,,,
GALNS,,,,,,,,,,,,
TRAPPC2L,,,,,,,,,,,,
ACSF3,,,,,,,,,,,,
ZNF778,,,,,,,,,,,,
ANKRD11,,,,,,,,,,,,
SPG7,,,,,,,,,,,,
RPL13,,,,,,,,,,,,
CPNE7,,,,,,,,,,,,
CHMP1A,,,,,,,,,,,,
SPATA33,,,,,,,,,,,,
CDK10,,,,,,,,,,,,
SPATA2L,,,,-0.5202975352186178,-0.5202975352186178,-0.5202975352186178,,,,,,
VPS9D1,,,,-0.5766537887467864,-0.5766537887467864,-0.5766537887467864,,,,,,
ZNF276,,,,,,,,,,,,
FANCA,,,,,,,,,,,,
SPIRE2,,,,-0.5369116164329534,-0.5369116164329534,-0.5369116164329534,,,,,,
TCF25,,,,,,,,,,,,
DEF8,,,,,,,,,,,,
DBNDD1,,,,,,,,,,,,
GAS8,,,,,,,,,,,,
RFLNB,,,,,,,,,,,,
VPS53,,,,,,,,,,,,
TLCD3A,,,,-0.5145121541623147,-0.5145121541623147,-0.5145121541623147,,,,,,
GEMIN4,,,,,,,,,,,,
GLOD4,,,,,,,,,,,,
MRM3,,,,,,,,,,,,
NXN,,,,,,,,,,,,
TIMM22,,,,,,,,,,,,
ABR,,,,,,,,,,,,
YWHAE,,,,,,,,,,,,
CRK,,,,,,,,,,,,
MYO1C,,,,,,,,,,,,
INPP5K,,,,-0.5095016142679905,-0.5095016142679905,-0.5095016142679905,,,,,,
PITPNA,,,,,,,,,,,,
PRPF8,,,,,,,,,,,,
TLCD2,,,,-0.5631343124119546,-0.5631343124119546,-0.5631343124119546,,,,,,
WDR81,,,,-0.5219018260993611,-0.5219018260993611,-0.5219018260993611,,,,,,
SERPINF1,,,,,,,,,,,,
SMYD4,,,,-0.680375691180107,-0.680375691180107,-0.680375691180107,,,,,,
RPA1,,,,,,,,,,,,
DPH1,,,,,,,,,,,,
SMG6,,,,,,,,,,,,
SRR,,,,,,,,,,,,
TSR1,,,,,,,,,,,,
SGSM2,,,,-0.22890848353072474,-0.22890848353072474,-0.22890848353072474,,,,,,
MNT,,,,,,,,,,,,
METTL16,,,,,,,,,,,,
PAFAH1B1,,,,,,,,,,,,
CLUH,,,,,,,,,,,,
RAP1GAP2,,,,,,,,,,,,
TRPV1,,,,,,,,,,,,
SHPK,,,,,,,,,,,,
CTNS,,,,,,,,,,,,
TAX1BP3,,,,-0.4930283039381546,-0.4930283039381546,-0.4930283039381546,,,,,,
EMC6,,,,,,,,,,,,
ITGAE,,,,,,,,,,,,
NCBP3,,,,,,,,,,,,
CAMKK1,,,,,,,,,,,,
ZZEF1,,,,,,,,,,,,
CYB5D2,-0.10961835196635045,-0.0003172152671860024,-0.054967783616768226,,,,,,,,,
ANKFY1,,,,,,,,,,,,
UBE2G1,,,,,,,,,,,,
MYBBP1A,,,,,,,,,,,,
PELP1,,,,,,,,,,,,
ARRB2,,,,,,,,,,,,
MED11,,,,,,,,,,,,
PSMB6,-0.4893172558199195,-0.09515583446037597,-0.29223654514014774,,,,,,,,,
MINK1,,,,,,,,,,,,
CHRNE,-0.11055186488363032,-0.009119357788517655,-0.059835611336073985,,,,,,,,,
SLC25A11,,,,,,,,,,,,
RNF167,,,,,,,,,,,,
PFN1,,,,,,,,,,,,
SPAG7,,,,,,,,,,,,
CAMTA2,,,,-0.6103435123243741,-0.6103435123243741,-0.6103435123243741,,,,,,
KIF1C,,,,-0.6618526522406523,-0.6618526522406523,-0.6618526522406523,,,,,,
ZNF232,,,,-0.4553309216731412,-0.4553309216731412,-0.4553309216731412,,,,,,
ZNF594,,,,,,,,,,,,
RABEP1,,,,,,,,,,,,
NUP88,,,,,,,,,,,,
RPAIN,,,,,,,,,,,,
C1QBP,,,,,,,,,,,,
DHX33,,,,-0.9699926462257582,-0.15769644919668663,-0.5638445477112224,,,,,,
DERL2,,,,,,,,,,,,
MIS12,,,,,,,,,,,,
WSCD1,,,,-0.5069461451744598,-0.5069461451744598,-0.5069461451744598,,,,,,
PIMREG,,,,,,,,,,,,
KIAA0753,,,,,,,,,,,,
TXNDC17,,,,,,,,,,,,
MED31,,,,,,,,,,,,
RNASEK,,,,,,,,,,,,
C17orf49,,,,,,,,,,,,
ACADVL,,,,-0.46504521323146164,-0.46504521323146164,-0.46504521323146164,,,,,,
DVL2,,,,,,,,,,,,
PHF23,,,,,,,,,,,,
GABARAP,,,,,,,,,,,,
CTDNEP1,,,,,,,,,,,,
ELP5,,,,,,,,,,,,
EIF5A,-0.4051905448378929,-0.07881768152276132,-0.2420041131803271,,,,,,,,,
GPS2,,,,,,,,,,,,
NEURL4,,,,,,,,,,,,
TMEM256,,,,,,,,,,,,
NLGN2,,,,,,,,,,,,
ZBTB4,,,,,,,,,,,,
POLR2A,,,,,,,,,,,,
SENP3,,,,,,,,,,,,
EIF4A1,,,,,,,,,,,,
MPDU1,,,,-0.5659687245947601,-0.5659687245947601,-0.5659687245947601,,,,,,
FXR2,,,,-0.5547756948147943,-0.5547756948147943,-0.5547756948147943,,,,,,
SAT2,,,,,,,,,,,,
ATP1B2,,,,,,,,,,,,
TP53,-0.39045766275003424,-0.08364006497803914,-0.23704886386403667,,,,,,,,,
WRAP53,,,,-0.5731520056512094,-0.5731520056512094,-0.5731520056512094,,,,,,
KDM6B,,,,,,,,,,,,
NAA38,,,,,,,,,,,,
CYB5D1,,,,-0.46804261366257055,-0.46804261366257055,-0.46804261366257055,,,,,,
CHD3,,,,,,,,,,,,
TRAPPC1,,,,,,,,,,,,
CNTROB,,,,,,,,,,,,
PER1,,,,,,,,,,,,
VAMP2,,,,,,,,,,,,
TMEM107,,,,,,,,,,,,
BORCS6,,,,,,,,,,,,
AURKB,,,,,,,,,,,,
CTC1,,,,,,,,,,,,
PFAS,,,,,,,,,,,,
RANGRF,,,,,,,,,,,,
RPL26,,,,,,,,,,,,
NDEL1,,,,,,,,,,,,
MYH10,,,,,,,,,,,,
NTN1,,,,,,,,,,,,
STX8,,,,,,,,,,,,
SCO1,,,,,,,,,,,,
DNAH9,-0.094413657398588,-0.009444392016441658,-0.05192902470751483,,,,,,,,,
MAP2K4,,,,,,,,,,,,
ARHGAP44,,,,,,,,,,,,
ELAC2,,,,,,,,,,,,
HS3ST3A1,,,,,,,,,,,,
COX10,,,,,,,,,,,,
HS3ST3B1,,,,,,,,,,,,
PMP22,,,,,,,,,,,,
TVP23C,,,,,,,,,,,,
TRIM16,,,,,,,,,,,,
ZNF286A,,,,,,,,,,,,
ADORA2B,,,,-0.623059680237718,-0.623059680237718,-0.623059680237718,,,,,,
ZSWIM7,,,,,,,,,,,,
TTC19,,,,,,,,,,,,
NCOR1,,,,,,,,,,,,
PIGL,,,,,,,,,,,,
CENPV,,,,,,,,,,,,
UBB,-0.2674013128911985,-0.026881879413599825,-0.14714159615239916,,,,,,,,,
LRRC75A,-0.3522883392317817,-0.12579661138683765,-0.23904247530930967,,,,,,,-0.5135904006120781,-0.10766563622984324,-0.31062801842096066
MPRIP,,,,,,,,,,,,
PLD6,,,,-0.4839556247205572,-0.4839556247205572,-0.4839556247205572,,,,,,
FLCN,,,,,,,,,,,,
COPS3,,,,,,,,,,,,
NT5M,,,,,,,,,,,,
MED9,,,,,,,,,,,,
PEMT,,,,,,,,,,,,
RAI1,,,,,,,,,,,,
SREBF1,,,,,,,,,,,,
TOM1L2,,,,,,,,,,,,
ATPAF2,,,,-0.6008596979966232,-0.6008596979966232,-0.6008596979966232,,,,,,
GID4,,,,-0.5946331767424187,-0.5946331767424187,-0.5946331767424187,,,,,,
DRG2,,,,,,,,,,,,
ALKBH5,,,,,,,,,,,,
LLGL1,,,,-0.463370094463129,-0.463370094463129,-0.463370094463129,,,,,,
FLII,,,,,,,,,,,,
TOP3A,,,,,,,,,,,,
SMCR8,,,,-0.38402323900806473,-0.38402323900806473,-0.38402323900806473,,,,,,
SHMT1,,,,,,,,,,,,
TVP23B,,,,,,,,,,,,
PRPSAP2,,,,,,,,,,,,
EPN2,,,,,,,,,,,,
B9D1,,,,,,,,,,,,
SLC47A1,,,,-0.47158539093107155,-0.47158539093107155,-0.47158539093107155,,,,,,
ALDH3A2,,,,,,,,,,,,
ULK2,,,,-0.38156805053596343,-0.38156805053596343,-0.38156805053596343,,,,,,
AKAP10,,,,,,,,,,,,
SPECC1,,,,,,,,,,,,
USP22,,,,,,,,,,,,
DHRS7B,,,,,,,,,,,,
TMEM11,,,,,,,,,,,,
MAP2K3,,,,,,,,,,,,
KCNJ12,,,,-0.4670818984307107,-0.4670818984307107,-0.4670818984307107,,,,,,
WSB1,,,,,,,,,,,,
KSR1,,,,,,,,,,,,
NLK,,,,-0.9512356179150706,-0.14751240900476267,-0.5493740134599167,,,,,,
TMEM97,,,,,,,,,,,,
IFT20,,,,,,,,,,,,
TNFAIP1,,,,,,,,,,,,
POLDIP2,,,,,,,,,,,,
TMEM199,,,,,,,,,,,,
SARM1,,,,,,,,,,,,
SLC46A1,,,,-0.4496225050492535,-0.4496225050492535,-0.4496225050492535,,,,,,
RSKR,,,,,,,,,,,,
UNC119,,,,,,,,,,,,
PIGS,,,,,,,,,,,,
SPAG5,,,,-0.49689737362169073,-0.49689737362169073,-0.49689737362169073,,,,,,
BLTP2,,,,,,,,,,,,
SDF2,,,,,,,,,,,,
SUPT6H,,,,,,,,,,,,
RAB34,,,,,,,,,,,,
RPL23A,,,,,,,,,,,,
TLCD1,,,,,,,,,,,,
NEK8,,,,,,,,,,,,
TRAF4,,,,,,,,,,,,
FAM222B,,,,,,,,,,,,
ERAL1,,,,-0.617022373403781,-0.617022373403781,-0.617022373403781,,,,,,
FLOT2,,,,,,,,,,,,
DHRS13,,,,-0.4132571885044342,-0.4132571885044342,-0.4132571885044342,,,,,,
PHF12,,,,,,,,,,,,
MYO18A,,,,,,,,,,,,
NUFIP2,,,,,,,,,,,,
TAOK1,,,,,,,,,,,,
TP53I13,,,,-0.5055416827049212,-0.5055416827049212,-0.5055416827049212,,,,,,
GIT1,,,,,,,,,,,,
ANKRD13B,,,,,,,,,,,,
SSH2,,,,,,,,,,,,
NSRP1,,,,,,,,,,,,
BLMH,,,,,,,,,,,,
CPD,,,,,,,,,,,,
GOSR1,,,,,,,,,,,,
CRLF3,,,,,,,,,,,,
ATAD5,,,,,,,,,,,,
TEFM,,,,,,,,,,,,
ADAP2,,,,,,,,,,,,
RNF135,,,,,,,,,,,,
NF1,,,,,,,,,,,,
OMG,,,,,,,,,,,,
RAB11FIP4,,,,,,,,,,,,
COPRS,,,,,,,,,,,,
UTP6,,,,,,,,,,,,
SUZ12,,,,,,,,,,,,
LRRC37B,,,,-0.5493881163366289,-0.5493881163366289,-0.5493881163366289,,,,,,
RHOT1,,,,,,,,,,,,
RHBDL3,,,,,,,,,,,,
C17orf75,,,,,,,,,,,,
ZNF207,,,,,,,,,,,,
PSMD11,,,,,,,,,,,,
MYO1D,,,,,,,,,,,,
TMEM98,,,,-0.5159877364164234,-0.5159877364164234,-0.5159877364164234,,,,,,
ZNF830,,,,,,,,,,,,
LIG3,,,,,,,,,,,,
RFFL,,,,-0.6368521745756334,-0.6368521745756334,-0.6368521745756334,,,,,,
RAD51D,,,,,,,,,,,,
NLE1,,,,-0.5827029257259029,-0.5827029257259029,-0.5827029257259029,,,,,,
AP2B1,,,,,,,,,,,,
RASL10B,,,,,,,,,,,,
TAF15,,,,,,,,,,,,
RDM1,,,,-0.4302369379815654,-0.4302369379815654,-0.4302369379815654,,,,,,
ZNHIT3,,,,,,,,,,,,
MYO19,,,,,,,,,,,,
PIGW,,,,-0.5512980026791193,-0.5512980026791193,-0.5512980026791193,,,,,,
GGNBP2,,,,,,,,,,,,
DHRS11,,,,-0.5159044405351607,-0.5159044405351607,-0.5159044405351607,,,,,,
MRM1,,,,,,,,,,,,
LHX1,,,,,,,,,,,,
AATF,,,,,,,,,,,,
ACACA,,,,,,,,,,,,
TADA2A,,,,,,,,,,,,
DUSP14,,,,,,,,,,,,
SYNRG,,,,,,,,,,,,
DDX52,,,,,,,,,,,,
MRPL45,,,,,,,,,,,,
SOCS7,,,,,,,,,,,,
MLLT6,,,,-0.5922615268345106,-0.5922615268345106,-0.5922615268345106,,,,,,
CISD3,,,,,,,,,,,,
PCGF2,,,,,,,,,,,,
PSMB3,,,,,,,,,,,,
PIP4K2B,,,,,,,,,,,,
CWC25,,,,,,,,,,,,
RPL23,,,,,,,,,,,,
LASP1,,,,,,,,,,,,
RPL19,,,,,,,,,,,,
FBXL20,,,,,,,,,,,,
MED1,,,,,,,,,,,,
CDK12,,,,,,,,,,,,
STARD3,,,,,,,,,,,,
ERBB2,,,,,,,,,,,,
MIEN1,,,,,,,,,,,,
IKZF3,,,,-0.5563360966054043,-0.5563360966054043,-0.5563360966054043,,,,,,
ORMDL3,,,,-0.2982807786270381,-0.2982807786270381,-0.2982807786270381,,,,,,
PSMD3,,,,,,,,,,,,
MED24,,,,-0.6275699183290623,-0.6275699183290623,-0.6275699183290623,,,,,,
THRA,,,,,,,,,,,,
MSL1,,,,,,,,,,,,
CASC3,,,,,,,,,,,,
WIPF2,,,,,,,,,,,,
CDC6,,,,,,,,,,,,
RARA,,,,,,,,,,,,
TOP2A,,,,,,,,,,,,
SMARCE1,,,,,,,,,,,,
KRT10,,,,,,,,,,,,
EIF1,,,,,,,,,,,,
JUP,,,,,,,,,,,,
P3H4,,,,,,,,,,,,
FKBP10,,,,,,,,,,,,
NT5C3B,,,,,,,,,,,,
KLHL11,,,,,,,,,,,,
ACLY,,,,,,,,,,,,
CNP,,,,,,,,,,,,
DNAJC7,,,,,,,,,,,,
NKIRAS2,,,,-0.5050255940186346,-0.5050255940186346,-0.5050255940186346,,,,,,
KAT2A,,,,,,,,,,,,
RAB5C,,,,,,,,,,,,
STAT5B,,,,,,,,,,,,
STAT3,,,,,,,,,,,,
ATP6V0A1,,,,,,,,,,,,
NAGLU,,,,-0.5716917450534005,-0.5716917450534005,-0.5716917450534005,,,,,,
COASY,,,,,,,,,,,,
MLX,,,,,,,,,,,,
PSMC3IP,,,,,,,,,,,,
RETREG3,,,,,,,,,,,,
TUBG1,,,,,,,,,,,,
PLEKHH3,,,,,,,,,,,,
EZH1,,,,,,,,,,,,
RAMP2,,,,,,,,,,,,
VPS25,,,,,,,,,,,,
COA3,,,,,,,,,,,,
BECN1,,,,,,,,,,,,
PSME3,,,,,,,,,,,,
AARSD1,,,,,,,,,,,,
RUNDC1,,,,,,,,,,,,
RPL27,-0.6447375587863263,-0.13132216644794975,-0.388029862617138,,,,,,,,,
VAT1,,,,,,,,,,,,
RND2,,,,,,,,,,,,
BRCA1,,,,,,,,,,,,
NBR1,,,,,,,,,,,,
CCDC200,,,,,,,,,,,,
ARL4D,,,,,,,,,,,,
DHX8,,,,,,,,,,,,
DUSP3,,,,,,,,,,,,
MPP3,,,,,,,,,,,,
MPP2,,,,-0.6107481267065379,-0.6107481267065379,-0.6107481267065379,,,,,,
TMEM101,,,,,,,,,,,,
LSM12,,,,,,,,,,,,
G6PC3,,,,,,,,,,,,
HDAC5,,,,-0.6008541742436165,-0.6008541742436165,-0.6008541742436165,,,,,,
HROB,,,,,,,,,,,,
TMUB2,,,,,,,,,,,,
ATXN7L3,,,,,,,,,,,,
UBTF,,,,,,,,,,,,
SLC25A39,,,,,,,,,,,,
GRN,,,,,,,,,,,,
GPATCH8,,,,,,,,,,,,
MEIOC,,,,,,,,,,,,
CCDC43,,,,,,,,,,,,
DBF4B,,,,,,,,,,,,
ADAM11,,,,,,,,,,,,
GJC1,,,,,,,,,,,,
EFTUD2,,,,,,,,,,,,
KIF18B,,,,,,,,,,,,
NMT1,,,,,,,,,,,,
DCAKD,,,,,,,,,,,,
PLCD3,,,,-0.5471045958974715,-0.5471045958974715,-0.5471045958974715,,,,,,
HEXIM1,,,,,,,,,,,,
MAP3K14,,,,-0.5831333683019659,-0.5831333683019659,-0.5831333683019659,,,,,,
PLEKHM1,-0.19930255358260648,-0.03503596319218369,-0.11716925838739509,,,,,,,,,
MAPT,,,,,,,,,,,,
KANSL1,,,,,,,,,,,,
ARL17B,,,,,,,,,,,,
ARL17A,,,,,,,,,,,,
LRRC37A2,,,,-0.5841884962377344,-0.5841884962377344,-0.5841884962377344,,,,,,
NSF,,,,,,,,,,,,
GOSR2,,,,,,,,,,,,
RPRML,,,,-0.38476808131845525,-0.38476808131845525,-0.38476808131845525,,,,,,
CDC27,,,,,,,,,,,,
NPEPPS,,,,,,,,,,,,
KPNB1,,,,,,,,,,,,
TBKBP1,,,,-0.46007519730550644,-0.46007519730550644,-0.46007519730550644,,,,,,
MRPL10,,,,,,,,,,,,
SCRN2,,,,,,,,,,,,
SP2,,,,-0.5780835748440588,-0.5780835748440588,-0.5780835748440588,,,,,,
PNPO,,,,,,,,,,,,
CDK5RAP3,,,,,,,,,,,,
NFE2L1,,,,,,,,,,,,
CBX1,,,,,,,,,,,,
SNX11,,,,,,,,,,,,
HOXB2,,,,,,,,,,,,
HOXB3,,,,,,,,,,,,
HOXB6,,,,,,,,,,,,
HOXB7,,,,,,,,,,,,
HOXB8,,,,-0.48291060721334883,-0.48291060721334883,-0.48291060721334883,,,,,,
HOXB9,,,,,,,,,,,,
CALCOCO2,,,,,,,,,,,,
ATP5MC1,,,,,,,,,,,,
UBE2Z,,,,,,,,,,,,
SNF8,,,,,,,,,,,,
IGF2BP1,,,,,,,,,,,,
ZNF652,,,,,,,,,,,,
PHB1,,,,,,,,,,,,
SPOP,,,,,,,,,,,,
SLC35B1,,,,,,,,,,,,
FAM117A,,,,,,,,,,,,
KAT7,,,,,,,,,,,,
PDK2,,,,,,,,,,,,
PPP1R9B,,,,,,,,,,,,
XYLT2,,,,,,,,,,,,
MRPL27,,,,,,,,,,,,
EME1,,,,,,,,,,,,
LRRC59,,,,,,,,,,,,
RSAD1,,,,-0.5559982176439652,-0.5559982176439652,-0.5559982176439652,,,,,,
ANKRD40,,,,,,,,,,,,
LUC7L3,,,,,,,,,,,,
TOB1,,,,,,,,,,,,
SPAG9,,,,,,,,,,,,
NME1,,,,,,,,,,,,
NME2,,,,,,,,,,,,
MBTD1,,,,,,,,,,,,
UTP18,,,,,,,,,,,,
TOM1L1,,,,,,,,,,,,
COX11,,,,,,,,,,,,
STXBP4,,,,,,,,,,,,
MMD,,,,-0.5420104166544095,-0.5420104166544095,-0.5420104166544095,,,,,,
PCTP,,,,,,,,,,,,
NOG,-0.06644130669866996,-0.010455155812383137,-0.03844823125552655,,,,,,,-0.14239188016124596,-0.04177621157657228,-0.09208404586890911
C17orf67,,,,,,,,,,,,
DGKE,,,,-0.6282150107914622,-0.6282150107914622,-0.6282150107914622,,,,,,
TRIM25,,,,,,,,,,,,
COIL,,,,,,,,,,,,
SCPEP1,,,,-0.5763598050959035,-0.5763598050959035,-0.5763598050959035,,,,,,
AKAP1,,,,,,,,,,,,
MSI2,,,,,,,,,,,,
MRPS23,,,,,,,,,,,,
CUEDC1,,,,-0.6044927947982287,-0.6044927947982287,-0.6044927947982287,,,,,,
VEZF1,,,,,,,,,,,,
SRSF1,,,,,,,,,,,,
DYNLL2,,,,,,,,,,,,
MKS1,,,,,,,,,,,,
SUPT4H1,,,,,,,,,,,,
RNF43,,,,-0.5984750943143203,-0.5984750943143203,-0.5984750943143203,,,,,,
MTMR4,,,,-0.5776635561516978,-0.5776635561516978,-0.5776635561516978,,,,,,
TEX14,,,,,,,,,,,,
RAD51C,,,,,,,,,,,,
PPM1E,,,,,,,,,,,,
TRIM37,,,,,,,,,,,,
SKA2,,,,,,,,,,,,
PRR11,,,,,,,,,,,,
SMG8,,,,,,,,,,,,
GDPD1,,,,,,,,,,,,
DHX40,,,,,,,,,,,,
CLTC,,,,,,,,,,,,
PTRH2,,,,,,,,,,,,
VMP1,,,,,,,,,,,,
TUBD1,,,,,,,,,,,,
RPS6KB1,,,,,,,,,,,,
RNFT1,,,,,,,,,,,,
HEATR6,,,,,,,,,,,,
USP32,,,,,,,,,,,,
APPBP2,,,,,,,,,,,,
PPM1D,,,,,,,,,,,,
BCAS3,,,,,,,,,,,,
TBX2,,,,-0.40262854363728084,-0.40262854363728084,-0.40262854363728084,,,,,,
BRIP1,,,,,,,,,,,,
INTS2,,,,,,,,,,,,
MED13,,,,-0.9746707010490727,-0.1878871156351292,-0.5812789083421009,,,,,,
METTL2A,,,,,,,,,,,,
TLK2,,,,,,,,,,,,
MRC2,,,,,,,,,,,,
TANC2,,,,,,,,,,,,
DCAF7,,,,,,,,,,,,
TACO1,,,,,,,,,,,,
MAP3K3,,,,,,,,,,,,
STRADA,,,,,,,,,,,,
LIMD2,,,,-0.5094848463471666,-0.5094848463471666,-0.5094848463471666,,,,,,
CCDC47,,,,,,,,,,,,
DDX42,,,,,,,,,,,,
FTSJ3,,,,,,,,,,,,
PSMC5,,,,,,,,,,,,
SMARCD2,,,,,,,,,,,,
ERN1,,,,,,,,,,,,
TEX2,,,,,,,,,,,,
POLG2,,,,,,,,,,,,
DDX5,,,,,,,0.08825289262407494,0.49168439797706914,0.28996864530057204,,,
CEP95,,,,,,,,,,,,
SMURF2,,,,,,,,,,,,
LRRC37A3,,,,-0.4093474290402805,-0.4093474290402805,-0.4093474290402805,,,,,,
GNA13,,,,,,,,,,,,
RGS9,,,,-0.4632200034399152,-0.4632200034399152,-0.4632200034399152,,,,,,
CEP112,,,,,,,,,,,,
PRKCA,,,,,,,,,,,,
HELZ,,,,,,,,,,,,
PSMD12,,,,,,,,,,,,
PITPNC1,,,,,,,,,,,,
NOL11,,,,,,,,,,,,
BPTF,,,,,,,,,,,,
C17orf58,,,,,,,,,,,,
KPNA2,,,,,,,,,,,,
AMZ2,,,,,,,,,,,,
ARSG,,,,-0.5827664510650482,-0.5827664510650482,-0.5827664510650482,,,,,,
PRKAR1A,,,,,,,,,,,,
ABCA5,,,,,,,,,,,,
MAP2K6,,,,,,,,,,,,
SLC39A11,,,,,,,,,,,,
SSTR2,-0.09633993748415927,-0.008898647800922182,-0.05261929264254073,,,,,,,-0.12812752387262594,0.01998550888210274,-0.0540710074952616
COG1,,,,-0.5371125127092491,-0.5371125127092491,-0.5371125127092491,,,,,,
FAM104A,,,,,,,,,,,,
C17orf80,,,,,,,,,,,,
CDC42EP4,,,,-0.5102358114409125,-0.5102358114409125,-0.5102358114409125,,,,,,
SDK2,,,,,,,,,,,,
RPL38,,,,,,,,,,,,
NHERF1,,,,,,,,,,,,
NAT9,,,,,,,,,,,,
TMEM104,,,,-0.5269595783287186,-0.5269595783287186,-0.5269595783287186,,,,,,
CDR2L,,,,-0.5551264266386081,-0.5551264266386081,-0.5551264266386081,,,,,,
MRPL58,,,,,,,,,,,,
KCTD2,-0.0731113754556183,0.003091497982151644,-0.035009938736733325,,,,,,,,,
ATP5PD,,,,,,,,,,,,
ARMC7,,,,-0.263047779255017,-0.263047779255017,-0.263047779255017,-0.19376716675977534,0.005247304149917918,-0.09425993130492871,,,
NT5C,,,,,,,,,,,,
JPT1,,,,,,,,,,,,
SUMO2,,,,,,,,,,,,
NUP85,,,,,,,,,,,,
GGA3,,,,-0.5851040500158328,-0.5851040500158328,-0.5851040500158328,,,,,,
MRPS7,,,,,,,,,,,,
MIF4GD,,,,-0.5906363210252723,-0.5906363210252723,-0.5906363210252723,,,,,,
SLC25A19,,,,,,,,,,,,
GRB2,,,,,,,,,,,,
TMEM94,,,,,,,,,,,,
TSEN54,,,,,,,,,,,,
LLGL2,,,,,,,,,,,,
RECQL5,,,,,,,,,,,,
SAP30BP,,,,,,,,,,,,
GALK1,,,,,,,,,,,,
UNK,,,,,,,,,,,,
WBP2,,,,,,,,,,,,
TRIM65,,,,,,,,,,,,
MRPL38,,,,,,,,,,,,
FBF1,,,,-0.5246734624259421,-0.5246734624259421,-0.5246734624259421,,,,,,
ACOX1,,,,,,,,,,,,
TEN1,,,,-0.5906713452570435,-0.5906713452570435,-0.5906713452570435,,,,,,
SRP68,,,,,,,,,,,,
EXOC7,,,,,,,,,,,,
RNF157,,,,,,,,,,,,
UBALD2,,,,,,,,,,,,
QRICH2,,,,-0.5063270517927815,-0.5063270517927815,-0.5063270517927815,,,,,,
PRPSAP1,,,,,,,,,,,,
SPHK1,,,,-0.4357941291911122,-0.4357941291911122,-0.4357941291911122,,,,,,
UBE2O,,,,,,,,,,,,
RHBDF2,,,,-0.46423710894618,-0.46423710894618,-0.46423710894618,,,,,,
ENSG00000284526,,,,,,,,,,,,
MXRA7,,,,,,,,,,,,
JMJD6,,,,,,,,,,,,
METTL23,,,,,,,,,,,,
SRSF2,,,,,,,,,,,,
MFSD11,,,,,,,,,,,,
SEC14L1,,,,,,,,,,,,
SEPTIN9,,,,,,,,,,,,
TNRC6C,,,,,,,,,,,,
SYNGR2,,,,,,,,,,,,
TK1,,,,-0.5451097937117727,-0.5451097937117727,-0.5451097937117727,,,,,,
AFMID,,,,,,,,,,,,
BIRC5,,,,,,,,,,,,
PGS1,,,,-0.5338174220054772,-0.5338174220054772,-0.5338174220054772,,,,,,
CYTH1,,,,,,,,,,,,
USP36,,,,,,,,,,,,
TIMP2,,,,,,,,,,,,
CANT1,,,,,,,,,,,,
ENGASE,,,,-0.49983756596485274,-0.49983756596485274,-0.49983756596485274,,,,,,
CBX2,,,,,,,,,,,,
CBX8,,,,,,,,,,,,
CBX4,,,,,,,,,,,,
TBC1D16,,,,,,,,,,,,
GAA,,,,,,,,,,,,
EIF4A3,,,,,,,,,,,,
SLC26A11,,,,,,,,,,,,
RNF213,,,,,,,,,,,,
ENDOV,,,,,,,,,,,,
NPTX1,,,,-0.5699732187616044,-0.5699732187616044,-0.5699732187616044,,,,,,
RPTOR,,,,,,,,,,,,
CHMP6,,,,,,,,,,,,
BAIAP2,,,,,,,,,,,,
CEP131,,,,,,,,,,,,
NDUFAF8,,,,,,,,,,,,
SLC38A10,,,,,,,,,,,,
BAHCC1,,,,,,,,,,,,
ACTG1,,,,,,,,,,,,
FAAP100,,,,-0.4841264336989867,-0.4841264336989867,-0.4841264336989867,,,,,,
NPLOC4,,,,,,,,,,,,
OXLD1,,,,,,,,,,,,
CCDC137,,,,,,,,,,,,
ARL16,,,,,,,,,,,,
HGS,,,,,,,,,,,,
MRPL12,,,,,,,,,,,,
SLC25A10,,,,,,,,,,,,
MCRIP1,,,,,,,,,,,,
P4HB,,,,,,,,,,,,
ARHGDIA,,,,,,,,,,,,
ALYREF,,,,,,,,,,,,
ANAPC11,,,,,,,,,,,,
PCYT2,,,,,,,,,,,,
MAFG,,,,-0.523079024020182,-0.523079024020182,-0.523079024020182,,,,,,
PYCR1,,,,,,,,,,,,
ASPSCR1,,,,,,,,,,,,
CENPX,,,,,,,,,,,,
LRRC45,,,,-0.4498700440222823,-0.4498700440222823,-0.4498700440222823,,,,,,
RAC3,,,,,,,,,,,,
DCXR,,,,,,,,,,,,
RFNG,,,,-0.4578720335253766,-0.4578720335253766,-0.4578720335253766,,,,,,
GPS1,,,,-0.6191538616743836,-0.6191538616743836,-0.6191538616743836,,,,,,
DUS1L,,,,,,,,,,,,
FASN,,,,,,,,,,,,
CCDC57,,,,-0.9574433999181873,-0.12403158214312839,-0.5407374910306578,,,,,,
SLC16A3,,,,-0.5735648220244299,-0.5735648220244299,-0.5735648220244299,,,,,,
CSNK1D,,,,,,,,,,,,
OGFOD3,,,,-0.6208734995661767,-0.6208734995661767,-0.6208734995661767,,,,,,
HEXD,,,,-0.6121110230484356,-0.6121110230484356,-0.6121110230484356,,,,,,
CYBC1,,,,-0.45064858906262245,-0.45064858906262245,-0.45064858906262245,,,,,,
NARF,,,,,,,,,,,,
FOXK2,,,,,,,,,,,,
WDR45B,,,,,,,,,,,,
RAB40B,,,,,,,,,,,,
FN3KRP,,,,-0.5669754986442694,-0.5669754986442694,-0.5669754986442694,,,,,,
TBCD,,,,,,,,,,,,
B3GNTL1,,,,-0.4687788003865012,-0.4687788003865012,-0.4687788003865012,,,,,,
METRNL,,,,-0.27414512247432,-0.27414512247432,-0.27414512247432,,,,,,
USP14,,,,,,,,,,,,
THOC1,,,,,,,,,,,,
COLEC12,,,,,,,,,,,,
TYMS,,,,,,,,,,,,
ENOSF1,,,,,,,,,,,,
YES1,,,,,,,,,,,,
METTL4,,,,-0.5690026197958689,-0.5690026197958689,-0.5690026197958689,,,,,,
NDC80,,,,-0.5762312339760459,-0.5762312339760459,-0.5762312339760459,,,,,,
SMCHD1,,,,,,,,,,,,
EMILIN2,,,,,,,,,,,,
LPIN2,,,,,,,,,,,,
MYL12A,,,,,,,,,,,,
MYL12B,,,,,,,,,,,,
TGIF1,,,,-0.23247987117079733,-0.23247987117079733,-0.23247987117079733,,,,,,
DLGAP1,-0.08626673656322133,0.0030630929223089266,-0.0416018218204562,,,,,,,-0.12536002134055263,-0.03040743172102568,-0.07788372653078915
ZBTB14,,,,,,,,,,,,
EPB41L3,,,,,,,,,,,,
L3MBTL4,,,,-0.6187161962968569,-0.6187161962968569,-0.6187161962968569,,,,,,
LAMA1,,,,,,,,,,,,
PTPRM,,,,-0.9666847191572703,-0.1592818536283096,-0.5629832863927899,,,,,,
RAB12,,,,-0.6534301559327685,-0.6534301559327685,-0.6534301559327685,,,,,,
MTCL1,,,,,,,,,,,,
NDUFV2,,,,,,,,,,,,
ANKRD12,,,,,,,,,,,,
TWSG1,,,,-0.5685611821787789,-0.5685611821787789,-0.5685611821787789,,,,,,
RALBP1,,,,,,,,,,,,
PPP4R1,,,,,,,,,,,,
RAB31,,,,,,,,,,,,
VAPA,,,,,,,,,,,,
NAPG,,,,,,,,,,,,
GNAL,,,,,,,,,,,,
CHMP1B,,,,-0.4893058151926527,-0.4893058151926527,-0.4893058151926527,,,,,,
MPPE1,,,,-0.6383953721503641,-0.6383953721503641,-0.6383953721503641,,,,,,
IMPA2,,,,-0.37469266824244646,-0.37469266824244646,-0.37469266824244646,,,,,,
TUBB6,,,,,,,,,,,,
AFG3L2,,,,,,,,,,,,
PRELID3A,,,,,,,,,,,,
SPIRE1,,,,,,,,,,,,
PSMG2,,,,,,,,,,,,
CEP76,,,,-0.541864666720833,-0.541864666720833,-0.541864666720833,,,,,,
PTPN2,,,,,,,,,,,,
SEH1L,,,,,,,,,,,,
CEP192,,,,-0.7140108592898543,-0.7140108592898543,-0.7140108592898543,,,,,,
LDLRAD4,,,,,,,,,,,,
FAM210A,,,,,,,,,,,,
RNMT,,,,,,,,,,,,
ZNF519,,,,-0.5562397064253226,-0.5562397064253226,-0.5562397064253226,,,,,,
ROCK1,,,,,,,,,,,,
GREB1L,,,,,,,,,,,,
ESCO1,,,,,,,,,,,,
SNRPD1,,,,,,,,,,,,
ABHD3,,,,,,,,,,,,
MIB1,,,,,,,,,,,,
GATA6,,,,,,,,,,,,
RBBP8,0.26113168750691396,0.5711146163513885,0.4161231519291512,,,,0.351774965681522,0.8291659511278098,0.5904704584046658,0.13413937917897376,0.5621868936235002,0.348163136401237
CABLES1,,,,-0.974737161672433,-0.17036927767337762,-0.5725532196729053,,,,,,
TMEM241,,,,,,,,,,,,
RIOK3,,,,,,,,,,,,
RMC1,,,,,,,,,,,,
NPC1,,,,,,,,,,,,
ANKRD29,,,,-0.5436948171738084,-0.5436948171738084,-0.5436948171738084,,,,,,
LAMA3,,,,,,,,,,,,
TTC39C,,,,,,,,,,,,
CABYR,,,,,,,,,,,,
OSBPL1A,,,,,,,,,,,,
IMPACT,,,,,,,,,,,,
ZNF521,,,,,,,,,,,,
SS18,,,,,,,,,,,,
TAF4B,,,,,,,,,,,,
KCTD1,,,,,,,,,,,,
CHST9,,,,-0.35425234451944126,-0.35425234451944126,-0.35425234451944126,,,,,,
CDH2,,,,,,,,,,,,
DSC3,,,,,,,,,,,,
DSC2,,,,,,,,,,,,
DSG2,,,,,,,,,,,,
B4GALT6,,,,,,,,,,,,
TRAPPC8,,,,,,,,,,,,
RNF125,,,,,,,,,,,,
RNF138,,,,,,,,,,,,
GAREM1,,,,,,,,,,,,
ASXL3,,,,,,,,,,,,
NOL4,,,,,,,0.08010372049105707,0.3584197003066942,0.21926171039887563,,,
DTNA,,,,,,,,,,,,
MAPRE2,,,,,,,,,,,,
ZNF397,,,,,,,,,,,,
ZSCAN30,,,,,,,,,,,,
ZNF24,,,,,,,,,,,,
INO80C,,,,,,,,,,,,
GALNT1,,,,,,,,,,,,
C18orf21,,,,,,,,,,,,
RPRD1A,,,,,,,,,,,,
SLC39A6,,,,,,,,,,,,
ELP2,,,,,,,,,,,,
MOCOS,,,,,,,,,,,,
FHOD3,,,,,,,,,,,,
TPGS2,,,,,,,,,,,,
KIAA1328,,,,,,,,,,,,
CELF4,,,,,,,,,,,,
PIK3C3,,,,,,,,,,,,
SETBP1,,,,,,,,,,,,
EPG5,,,,-0.5481757184590736,-0.5481757184590736,-0.5481757184590736,,,,,,
PSTPIP2,,,,-0.5868687912920634,-0.5868687912920634,-0.5868687912920634,,,,,,
ATP5F1A,,,,,,,,,,,,
HAUS1,,,,,,,,,,,,
C18orf25,,,,,,,,,,,,
PIAS2,,,,-0.9686564976528476,-0.16715182055146346,-0.5679041591021555,,,,,,
HDHD2,,,,,,,,,,,,
IER3IP1,,,,,,,,,,,,
SMAD2,,,,,,,,,,,,
ZBTB7C,,,,,,,,,,,,
CTIF,,,,-0.546629982610035,-0.546629982610035,-0.546629982610035,,,,,,
SMAD7,-0.07749521461802245,-0.02899136576122993,-0.05324329018962619,-0.7882425419886134,-0.0668336809265407,-0.4275381114575771,,,,-0.06719745884373003,0.017262770533671493,-0.02496734415502927
DYM,,,,,,,,,,,,
C18orf32,,,,,,,,,,,,
RPL17,,,,,,,,,,,,
ACAA2,,,,,,,,,,,,
MBD1,,,,-0.4933233380396435,-0.4933233380396435,-0.4933233380396435,,,,,,
CXXC1,,,,,,,,,,,,
SKA1,,,,,,,,,,,,
ME2,,,,,,,,,,,,
ELAC1,,,,,,,,,,,,
SMAD4,,,,,,,,,,,,
MEX3C,,,,,,,,,,,,
MBD2,,,,,,,,,,,,
C18orf54,,,,,,,,,,,,
RAB27B,-0.07984331933949923,-0.009030127779419141,-0.044436723559459185,-0.9127676438429171,-0.10828968924620692,-0.510528666544562,,,,,,
TCF4,,,,,,,,,,,,
TXNL1,,,,,,,,,,,,
WDR7,,,,,,,,,,,,
ONECUT2,,,,,,,,,,,,
FECH,,,,,,,,,,,,
NARS1,,,,,,,,,,,,
ATP8B1,,,,,,,,,,,,
NEDD4L,,,,,,,,,,,,
MALT1,,,,,,,,,,,,
ZNF532,,,,-0.2593898691596586,-0.2593898691596586,-0.2593898691596586,,,,,,
SEC11C,,,,,,,,,,,,
LMAN1,,,,,,,,,,,,
PMAIP1,-0.1688362851822909,-0.03872285585613135,-0.10377957051921113,,,,-0.30631276274505215,-0.047166803601069326,-0.17673978317306074,-0.21236793893856062,-0.017110897410838738,-0.11473941817469968
RNF152,,,,-0.4691607154058566,-0.4691607154058566,-0.4691607154058566,,,,,,
PIGN,,,,,,,,,,,,
RELCH,,,,,,,,,,,,
TNFRSF11A,,,,-0.6162779349463675,-0.6162779349463675,-0.6162779349463675,,,,,,
ZCCHC2,,,,,,,,,,,,
PHLPP1,,,,,,,,,,,,
BCL2,,,,,,,,,,,,
KDSR,,,,,,,,,,,,
VPS4B,,,,,,,,,,,,
CDH7,,,,,,,,,,,,
TMX3,,,,,,,,,,,,
DOK6,,,,-0.9740729427348379,-0.22787851471801548,-0.6009757287264267,,,,,,
RTTN,,,,,,,,,,,,
SOCS6,,,,,,,,,,,,
TIMM21,,,,,,,,,,,,
CYB5A,,,,,,,,,,,,
CNDP2,,,,,,,,,,,,
ZNF407,,,,,,,,,,,,
PTGR3,,,,,,,,,,,,
TSHZ1,,,,,,,,,,,,
ZNF516,,,,,,,,,,,,
ZNF236,,,,,,,,,,,,
ATP9B,,,,,,,0.11227148860289803,0.558387237992582,0.33532936329774005,,,
CTDP1,,,,-0.552052279416624,-0.552052279416624,-0.552052279416624,,,,,,
SLC66A2,,,,-0.5733673796243873,-0.5733673796243873,-0.5733673796243873,,,,,,
HSBP1L1,,,,-0.3669281246680274,-0.3669281246680274,-0.3669281246680274,,,,,,
TXNL4A,,,,,,,,,,,,
RBFA,,,,,,,,,,,,
ADNP2,,,,,,,,,,,,
PARD6G,,,,,,,,,,,,
MIER2,,,,-0.6034218875037649,-0.6034218875037649,-0.6034218875037649,,,,,,
TPGS1,,,,,,,,,,,,
CDC34,,,,,,,,,,,,
BSG,,,,,,,,,,,,
POLRMT,,,,-0.5141952331028163,-0.5141952331028163,-0.5141952331028163,,,,,,
RNF126,,,,,,,,,,,,
PALM,,,,-0.4574283780865989,-0.4574283780865989,-0.4574283780865989,,,,,,
PTBP1,,,,,,,,,,,,
CFD,,,,,,,,,,,,
MED16,,,,-0.5166838996620975,-0.5166838996620975,-0.5166838996620975,,,,,,
R3HDM4,,,,-0.6080917367761288,-0.6080917367761288,-0.6080917367761288,,,,,,
ARID3A,,,,,,,,,,,,
WDR18,,,,,,,,,,,,
TMEM259,,,,,,,,,,,,
CNN2,,,,-0.46937640296343053,-0.46937640296343053,-0.46937640296343053,,,,,,
ABCA7,,,,,,,,,,,,
POLR2E,,,,,,,,,,,,
GPX4,,,,,,,,,,,,
SBNO2,,,,-0.21137813585050289,-0.21137813585050289,-0.21137813585050289,,,,,,
STK11,,,,,,,,,,,,
ATP5F1D,,,,,,,,,,,,
MIDN,,,,,,,,,,,,
CIRBP,-0.36359104453720703,-0.07430458103147684,-0.21894781278434194,,,,,,,,,
FAM174C,,,,,,,,,,,,
PWWP3A,,,,,,,,,,,,
NDUFS7,,,,,,,,,,,,
GAMT,-0.25134976258691255,-0.03079098433480729,-0.14107037346085993,,,,,,,,,
DAZAP1,,,,,,,,,,,,
RPS15,,,,,,,,,,,,
C19orf25,,,,,,,,,,,,
MEX3D,,,,,,,,,,,,
MBD3,,,,,,,,,,,,
UQCR11,,,,,,,,,,,,
TCF3,,,,,,,,,,,,
REXO1,,,,,,,,,,,,
KLF16,,,,-0.5109915730814898,-0.5109915730814898,-0.5109915730814898,,,,,,
ABHD17A,,,,,,,,,,,,
SCAMP4,,,,,,,,,,,,
CSNK1G2,,,,-0.6939144619122936,-0.6939144619122936,-0.6939144619122936,,,,,,
BTBD2,,,,,,,,,,,,
MKNK2,,,,,,,,,,,,
MOB3A,,,,,,,,,,,,
AP3D1,,,,,,,,,,,,
DOT1L,,,,,,,,,,,,
PLEKHJ1,,,,,,,,,,,,
SF3A2,,,,,,,,,,,,
OAZ1,,,,,,,,,,,,
LSM7,,,,,,,,,,,,
SPPL2B,,,,-0.46764803851839765,-0.46764803851839765,-0.46764803851839765,,,,,,
TMPRSS9,,,,,,,,,,,,
TIMM13,,,,,,,,,,,,
LMNB2,,,,,,,,,,,,
GADD45B,-0.0735772852778564,0.010933398122309396,-0.0313219435777735,-0.36028583682893095,-0.36028583682893095,-0.36028583682893095,,,,,,
GNG7,,,,,,,,,,,,
DIRAS1,,,,,,,,,,,,
SLC39A3,,,,,,,,,,,,
SGTA,,,,,,,,,,,,
THOP1,,,,,,,,,,,,
ZNF57,,,,-0.3983724449774142,-0.3983724449774142,-0.3983724449774142,,,,,,
ZNF77,,,,,,,,,,,,
TLE5,,,,,,,,,,,,
GNA11,,,,,,,,,,,,
NCLN,,,,-0.6395668336296899,-0.6395668336296899,-0.6395668336296899,,,,,,
NFIC,,,,,,,,,,,,
DOHH,,,,,,,,,,,,
FZR1,,,,-0.5346835308930328,-0.5346835308930328,-0.5346835308930328,,,,,,
MFSD12,,,,,,,,,,,,
HMG20B,,,,,,,,,,,,
CACTIN,,,,-0.5069797671146341,-0.5069797671146341,-0.5069797671146341,,,,,,
PIP5K1C,,,,-0.6195364155345816,-0.6195364155345816,-0.6195364155345816,,,,,,
MRPL54,,,,,,,,,,,,
MATK,,,,,,,,,,,,
DAPK3,,,,,,,,,,,,
EEF2,,,,,,,,,,,,
PIAS4,,,,,,,,,,,,
ZBTB7A,,,,,,,,,,,,
MAP2K2,,,,,,,,,,,,
SIRT6,,,,-0.5240450401629069,-0.5240450401629069,-0.5240450401629069,,,,,,
YJU2,,,,,,,,,,,,
FSD1,,,,,,,,,,,,
MPND,,,,,,,,,,,,
SH3GL1,,,,,,,,,,,,
CHAF1A,,,,,,,,,,,,
UBXN6,,,,,,,,,,,,
HDGFL2,,,,,,,,,,,,
MYDGF,,,,,,,,,,,,
DPP9,,,,-0.6983937006968771,-0.6983937006968771,-0.6983937006968771,,,,,,
FEM1A,-0.12431015803033356,0.0018675522647960002,-0.06122130288276878,,,,,,,,,
PLIN3,,,,,,,,,,,,
UHRF1,,,,,,,,,,,,
KDM4B,,,,,,,,,,,,
PTPRS,,,,,,,,,,,,
TINCR,,,,-0.38257705858994906,-0.38257705858994906,-0.38257705858994906,,,,,,
SAFB2,,,,,,,,,,,,
SAFB,0.05560098853028627,0.25721156622425495,0.1564062773772706,,,,0.09592724274572369,0.7613719598197114,0.42864960128271756,,,
RPL36,,,,,,,,,,,,
MICOS13,,,,,,,,,,,,
LONP1,,,,,,,,,,,,
DUS3L,,,,-0.5277108070338368,-0.5277108070338368,-0.5277108070338368,,,,,,
NRTN,,,,,,,,,,,,
NDUFA11,-0.6693094528784896,-0.11974101575281525,-0.39452523431565245,,,,,,,,,
RANBP3,,,,,,,,,,,,
RFX2,,,,,,,,,,,,
ACSBG2,-0.0987617619600813,-0.025131641241109448,-0.06194670160059537,,,,-0.08716217919538824,-0.015442485998168814,-0.05130233259677853,,,
MLLT1,,,,,,,,,,,,
CLPP,,,,,,,,,,,,
ALKBH7,,,,,,,,,,,,
GTF2F1,,,,,,,,,,,,
KHSRP,,,,,,,,,,,,
SLC25A23,,,,,,,,,,,,
TUBB4A,,,,,,,,,,,,
CD70,,,,,,,,,,,,
GPR108,,,,-0.546761365297024,-0.546761365297024,-0.546761365297024,,,,,,
TRIP10,,,,,,,,,,,,
ZNF557,,,,,,,,,,,,
INSR,,,,,,,,,,,,
ARHGEF18,,,,,,,,,,,,
ZNF358,,,,,,,,,,,,
CAMSAP3,,,,,,,,,,,,
XAB2,,,,-0.5854293259656255,-0.5854293259656255,-0.5854293259656255,,,,,,
PET100,,,,,,,,,,,,
STXBP2,,,,,,,,,,,,
TRAPPC5,,,,,,,,,,,,
EVI5L,,,,-0.4690981499501091,-0.4690981499501091,-0.4690981499501091,,,,,,
MAP2K7,,,,,,,,,,,,
SNAPC2,,,,-0.3256434636171307,-0.3256434636171307,-0.3256434636171307,,,,,,
CTXN1,,,,,,,,,,,,
TIMM44,,,,,,,,,,,,
ELAVL1,,,,,,,,,,,,
CERS4,,,,,,,,,,,,
CD320,,,,,,,,,,,,
NDUFA7,,,,,,,,,,,,
RPS28,,,,,,,,,,,,
RAB11B,,,,,,,,,,,,
MARCHF2,,,,,,,,,,,,
HNRNPM,,,,,,,,,,,,
ZNF414,,,,,,,,,,,,
ZNF317,,,,,,,,,,,,
ZNF559,,,,,,,,,,,,
ZNF266,,,,,,,,,,,,
ZNF426,,,,-0.5123023432846096,-0.5123023432846096,-0.5123023432846096,,,,,,
ZNF121,,,,,,,,,,,,
ZNF561,,,,-0.47360481052691933,-0.47360481052691933,-0.47360481052691933,,,,,,
ZNF562,,,,,,,,,,,,
FBXL12,,,,,,,,,,,,
UBL5,,,,,,,,,,,,
PIN1,,,,,,,,,,,,
PPAN,,,,,,,,,,,,
EIF3G,,,,,,,,,,,,
DNMT1,,,,,,,,,,,,
MRPL4,,,,,,,,,,,,
FDX2,,,,,,,,,,,,
RAVER1,,,,,,,,,,,,
ICAM3,,,,-0.38574731053417516,-0.38574731053417516,-0.38574731053417516,,,,,,
TYK2,,,,-0.6064095039516152,-0.6064095039516152,-0.6064095039516152,,,,,,
CDC37,,,,,,,,,,,,
PDE4A,,,,-0.5339786189988533,-0.5339786189988533,-0.5339786189988533,,,,,,
KEAP1,,,,,,,,,,,,
ATG4D,,,,,,,,,,,,
KRI1,,,,,,,,,,,,
CDKN2D,,,,-0.4130067946635885,-0.4130067946635885,-0.4130067946635885,,,,,,
SLC44A2,,,,,,,,,,,,
ILF3,,,,,,,,,,,,
QTRT1,,,,,,,,,,,,
DNM2,,,,,,,,,,,,
TMED1,,,,,,,,,,,,
CARM1,,,,,,,,,,,,
YIPF2,,,,,,,,,,,,
TIMM29,,,,,,,,,,,,
SMARCA4,,,,,,,,,,,,
LDLR,,,,,,,,,,,,
SPC24,,,,,,,,,,,,
KANK2,,,,-0.5292675389545592,-0.5292675389545592,-0.5292675389545592,,,,,,
DOCK6,,,,,,,,,,,,
RAB3D,,,,-0.5237282097882113,-0.5237282097882113,-0.5237282097882113,,,,,,
TMEM205,,,,,,,,,,,,
PLPPR2,,,,,,,,,,,,
SWSAP1,,,,,,,,,,,,
PRKCSH,,,,,,,,,,,,
ECSIT,,,,,,,,,,,,
ELOF1,,,,,,,,,,,,
ZNF627,,,,,,,,,,,,
ZNF440,,,,-0.5309225076263374,-0.5309225076263374,-0.5309225076263374,,,,,,
ZNF700,,,,-0.6081106177441483,-0.6081106177441483,-0.6081106177441483,,,,,,
ZNF136,,,,,,,,,,,,
ZNF44,,,,-0.5186739593837921,-0.5186739593837921,-0.5186739593837921,,,,,,
ZNF709,,,,,,,,,,,,
ZNF564,,,,,,,,,,,,
ZNF490,,,,,,,,,,,,
ZNF791,,,,,,,,,,,,
MAN2B1,,,,,,,,,,,,
WDR83,,,,,,,,,,,,
WDR83OS,,,,,,,,,,,,
DHPS,,,,,,,,,,,,
FBXW9,,,,,,,,,,,,
TNPO2,,,,,,,,,,,,
TRIR,,,,,,,,,,,,
GET3,,,,,,,,,,,,
HOOK2,,,,,,,,,,,,
PRDX2,,,,,,,-0.674332336331411,-0.09542926087843251,-0.38488079860492175,,,
RNASEH2A,,,,-0.3876823263764396,-0.3876823263764396,-0.3876823263764396,,,,,,
MAST1,,,,-0.5408537194595516,-0.5408537194595516,-0.5408537194595516,,,,,,
DNASE2,,,,,,,,,,,,
GCDH,,,,,,,,,,,,
SYCE2,,,,,,,,,,,,
FARSA,,,,,,,,,,,,
CALR,,,,,,,,,,,,
RAD23A,,,,,,,,,,,,
GADD45GIP1,,,,,,,,,,,,
NFIX,,,,,,,,,,,,
TRMT1,,,,,,,,,,,,
NACC1,,,,,,,,,,,,
STX10,,,,,,,,,,,,
IER2,,,,,,,,,,,,
CACNA1A,-0.09816296723079868,-0.02082952275802572,-0.059496244994412195,,,,,,,-0.13631481818304336,-0.03617170549595449,-0.08624326183949893
YJU2B,,,,,,,,,,,,
MRI1,,,,,,,,,,,,
C19orf53,,,,,,,,,,,,
CC2D1A,,,,-0.5807763701159154,-0.5807763701159154,-0.5807763701159154,,,,,,
DCAF15,,,,,,,,,,,,
RFX1,,,,,,,,,,,,
SAMD1,,,,,,,,,,,,
PRKACA,,,,,,,,,,,,
ASF1B,,,,,,,,,,,,
ADGRL1,,,,,,,,,,,,
DDX39A,,,,,,,,,,,,
PKN1,,,,,,,,,,,,
GIPC1,,,,,,,,,,,,
DNAJB1,,,,,,,,,,,,
TECR,,,,,,,,,,,,
NDUFB7,,,,,,,,,,,,
ZNF333,,,,-0.4472920087598443,-0.4472920087598443,-0.4472920087598443,,,,,,
ILVBL,,,,,,,,,,,,
NOTCH3,,,,,,,,,,,,
BRD4,,,,,,,,,,,,
AKAP8,,,,,,,,,,,,
AKAP8L,,,,,,,,,,,,
WIZ,,,,,,,,,,,,
TPM4,,,,,,,,,,,,
RAB8A,,,,,,,,,,,,
FAM32A,,,,,,,,,,,,
AP1M1,,,,,,,,,,,,
EPS15L1,,,,,,,,,,,,
C19orf44,,,,-0.508425188276338,-0.508425188276338,-0.508425188276338,,,,,,
CHERP,,,,,,,,,,,,
SLC35E1,,,,,,,,,,,,
MED26,,,,,,,,,,,,
SMIM7,,,,,,,,,,,,
TMEM38A,,,,,,,,,,,,
SIN3B,,,,,,,,,,,,
HAUS8,,,,,,,,,,,,
MYO9B,,,,,,,,,,,,
USE1,,,,,,,,,,,,
OCEL1,,,,,,,,,,,,
NR2F6,,,,,,,,,,,,
BABAM1,,,,,,,,,,,,
ABHD8,,,,,,,,,,,,
MRPL34,,,,,,,,,,,,
DDA1,,,,,,,,,,,,
ANO8,,,,-0.9695765767914609,-0.10316083691775287,-0.5363687068546069,,,,,,
GTPBP3,,,,,,,,,,,,
MVB12A,,,,,,,,,,,,
SLC27A1,,,,-0.5143302399646951,-0.5143302399646951,-0.5143302399646951,,,,,,
PGLS,,,,,,,,,,,,
COLGALT1,,,,,,,,,,,,
MAP1S,,,,,,,,,,,,
RPL18A,,,,,,,,,,,,
CCDC124,,,,,,,,,,,,
MAST3,,,,,,,,,,,,
PIK3R2,,,,-0.5857256019125711,-0.5857256019125711,-0.5857256019125711,,,,,,
IFI30,,,,,,,,,,,,
MPV17L2,,,,,,,,,,,,
RAB3A,,,,-0.2796260523255465,-0.2796260523255465,-0.2796260523255465,,,,,,
JUND,,,,,,,,,,,,
LSM4,,,,,,,,,,,,
SSBP4,,,,,,,,,,,,
ISYNA1,,,,,,,,,,,,
ELL,,,,,,,,,,,,
FKBP8,,,,,,,,,,,,
KXD1,,,,,,,,,,,,
UBA52,,,,,,,,,,,,
REX1BD,,,,,,,,,,,,
CRTC1,,,,-0.5897295578337101,-0.5897295578337101,-0.5897295578337101,,,,,,
UPF1,,,,,,,,,,,,
CERS1,,,,-0.5749289477447336,-0.5749289477447336,-0.5749289477447336,,,,,,
COPE,,,,,,,,,,,,
DDX49,,,,,,,,,,,,
SUGP2,,,,,,,,,,,,
ARMC6,,,,,,,,,,,,
SLC25A42,,,,,,,,,,,,
TMEM161A,,,,,,,,,,,,
MEF2B,,,,-0.5982539756424328,-0.5982539756424328,-0.5982539756424328,,,,,,
BORCS8,,,,,,,,,,,,
RFXANK,,,,-0.5389359611896791,-0.5389359611896791,-0.5389359611896791,,,,,,
NR2C2AP,,,,-0.5027992818846457,-0.5027992818846457,-0.5027992818846457,,,,,,
SUGP1,,,,,,,,,,,,
MAU2,,,,,,,,,,,,
GATAD2A,,,,,,,,,,,,
NDUFA13,,,,,,,,,,,,
YJEFN3,,,,-0.46750464576604356,-0.46750464576604356,-0.46750464576604356,,,,,,
PBX4,,,,,,,,,,,,
ATP13A1,,,,-0.5580406158993133,-0.5580406158993133,-0.5580406158993133,,,,,,
ZNF101,,,,-0.42620564739132716,-0.42620564739132716,-0.42620564739132716,,,,,,
ZNF14,,,,,,,,,,,,
ZNF506,-0.15768769273456132,-0.01549819128202314,-0.08659294200829223,-0.525879878725301,-0.525879878725301,-0.525879878725301,,,,,,
ZNF66,,,,-0.5450026807187884,-0.5450026807187884,-0.5450026807187884,,,,,,
ZNF85,,,,,,,,,,,,
ZNF430,,,,,,,,,,,,
ZNF714,,,,,,,,,,,,
ZNF431,,,,,,,,,,,,
ZNF708,,,,,,,,,,,,
ZNF738,,,,-0.6046179920478337,-0.6046179920478337,-0.6046179920478337,,,,,,
ZNF493,,,,-0.5606154894988465,-0.5606154894988465,-0.5606154894988465,,,,,,
ZNF429,,,,,,,,,,,,
ZNF100,,,,,,,,,,,,
ZNF724,,,,,,,,,,,,
ZNF91,,,,,,,,,,,,
ZNF675,,,,,,,,,,,,
RPSA2,,,,,,,,,,,,
ZNF254,,,,,,,,,,,,
UQCRFS1,,,,,,,,,,,,
POP4,,,,,,,,,,,,
C19orf12,,,,,,,,,,,,
CCNE1,,,,,,,,,,,,
URI1,,,,,,,-0.05762506575344261,0.5599978671801258,0.2511864007133416,,,
ZNF536,,,,,,,,,,,,
TSHZ3,,,,,,,,,,,,
ZNF507,,,,-0.5484210731332548,-0.5484210731332548,-0.5484210731332548,,,,,,
DPY19L3,,,,,,,,,,,,
PDCD5,,,,,,,,,,,,
ANKRD27,,,,,,,,,,,,
NUDT19,,,,,,,,,,,,
CEP89,,,,,,,,,,,,
FAAP24,,,,-0.3658873048687535,-0.3658873048687535,-0.3658873048687535,,,,,,
RHPN2,,,,,,,,,,,,
GPATCH1,,,,-0.5686571241277248,-0.5686571241277248,-0.5686571241277248,,,,,,
LRP3,,,,-0.4917934023501306,-0.4917934023501306,-0.4917934023501306,,,,,,
CEBPA,,,,-0.5119813931163056,-0.5119813931163056,-0.5119813931163056,,,,,,
CEBPG,,,,,,,,,,,,
PEPD,,,,,,,,,,,,
KCTD15,,,,,,,,,,,,
LSM14A,,,,,,,,,,,,
GARRE1,,,,,,,,,,,,
GPI,,,,,,,,,,,,
PDCD2L,,,,-0.5816247904597228,-0.5816247904597228,-0.5816247904597228,,,,,,
UBA2,,,,,,,,,,,,
SCGB2B2,,,,,,,,,,,,
ZNF302,,,,,,,,,,,,
GRAMD1A,,,,,,,,,,,,
FXYD5,,,,-0.4282389597084709,-0.4282389597084709,-0.4282389597084709,,,,,,
LSR,,,,,,,,,,,,
USF2,,,,,,,,,,,,
DMKN,,,,,,,,,,,,
TMEM147,,,,,,,,,,,,
HAUS5,,,,-0.6260441026849617,-0.6260441026849617,-0.6260441026849617,,,,,,
RBM42,,,,,,,,,,,,
COX6B1,,,,,,,,,,,,
KMT2B,,,,,,,,,,,,
IGFLR1,,,,-0.4875519776035875,-0.4875519776035875,-0.4875519776035875,,,,,,
U2AF1L4,,,,-0.5104119836236473,-0.5104119836236473,-0.5104119836236473,,,,,,
PSENEN,,,,,,,,,,,,
LIN37,,,,,,,,,,,,
PROSER3,,,,,,,,,,,,
SDHAF1,,,,-0.4908258581055467,-0.4908258581055467,-0.4908258581055467,,,,,,
ALKBH6,,,,-0.46413972202297654,-0.46413972202297654,-0.46413972202297654,,,,,,
WDR62,,,,,,,,,,,,
POLR2I,,,,,,,,,,,,
TBCB,,,,,,,,,,,,
CAPNS1,,,,,,,,,,,,
ZNF565,,,,,,,,,,,,
ZNF146,,,,,,,,,,,,
ZFP14,,,,,,,,,,,,
ZNF566,,,,,,,,,,,,
ZNF260,,,,-0.5591973055805185,-0.5591973055805185,-0.5591973055805185,,,,,,
ZNF529,,,,-0.6150778057550386,-0.6150778057550386,-0.6150778057550386,,,,,,
ZNF382,,,,,,,,,,,,
ZNF567,,,,-0.6003396555094008,-0.6003396555094008,-0.6003396555094008,,,,,,
ZNF850,,,,-0.3710150679977419,-0.3710150679977419,-0.3710150679977419,,,,,,
ZNF790,,,,-0.4783522984126653,-0.4783522984126653,-0.4783522984126653,,,,,,
ZNF345,,,,,,,,,,,,
ZNF568,,,,,,,,,,,,
ZNF420,,,,,,,,,,,,
ZNF585A,,,,,,,,,,,,
ZNF585B,,,,,,,,,,,,
ZNF383,,,,-0.46751640703310055,-0.46751640703310055,-0.46751640703310055,,,,,,
ZNF875,,,,,,,,,,,,
ZNF569,,,,,,,,,,,,
ZFP30,,,,,,,,,,,,
ZNF607,,,,-0.5388470991900951,-0.5388470991900951,-0.5388470991900951,,,,,,
ZNF573,,,,,,,,,,,,
SIPA1L3,,,,,,,,,,,,
DPF1,,,,-0.2612152582238882,-0.2612152582238882,-0.2612152582238882,,,,,,
SPINT2,,,,,,,,,,,,
PPP1R14A,,,,,,,,,,,,
YIF1B,-0.2653717680679113,-0.058580649046227506,-0.1619762085570694,,,,,,,,,
CATSPERG,,,,,,,,,,,,
PSMD8,,,,,,,,,,,,
FAM98C,,,,-0.5297699954254641,-0.5297699954254641,-0.5297699954254641,,,,,,
EIF3K,,,,,,,,,,,,
ACTN4,,,,,,,,,,,,
ECH1,,,,,,,,,,,,
HNRNPL,,,,,,,,,,,,
SIRT2,,,,,,,,,,,,
NFKBIB,,,,,,,,,,,,
SARS2,,,,,,,,,,,,
MRPS12,,,,,,,,,,,,
FBXO17,,,,,,,,,,,,
PAK4,,,,,,,,,,,,
LRFN1,,,,-0.34290644352365557,-0.34290644352365557,-0.34290644352365557,,,,,,
SAMD4B,,,,,,,,,,,,
PAF1,,,,,,,,,,,,
MED29,,,,,,,,,,,,
RPS16,,,,,,,,,,,,
SUPT5H,,,,,,,,,,,,
TIMM50,,,,,,,,,,,,
DLL3,,,,-0.6683645423051146,-0.6683645423051146,-0.6683645423051146,,,,,,
EID2B,,,,,,,,,,,,
EID2,,,,,,,,,,,,
FBL,,,,,,,,,,,,
PSMC4,,,,,,,,,,,,
ZNF546,,,,,,,,,,,,
ZNF780B,,,,,,,,,,,,
ZNF780A,,,,,,,,,,,,
MAP3K10,,,,-0.5679662923705703,-0.5679662923705703,-0.5679662923705703,,,,,,
AKT2,,,,,,,,,,,,
C19orf47,,,,,,,,,,,,
PLD3,,,,,,,,,,,,
SERTAD1,,,,-0.46116178588377993,-0.46116178588377993,-0.46116178588377993,,,,,,
SERTAD3,,,,-0.37496754118524767,-0.37496754118524767,-0.37496754118524767,,,,,,
BLVRB,-0.28716023818801073,-0.009617304506359696,-0.1483887713471852,,,,,,,,,
SPTBN4,,,,-0.4999925686954817,-0.4999925686954817,-0.4999925686954817,,,,,,
SHKBP1,,,,-0.511577308564428,-0.511577308564428,-0.511577308564428,,,,,,
LTBP4,,,,,,,,,,,,
NUMBL,,,,,,,,,,,,
COQ8B,,,,,,,,,,,,
ACTMAP,,,,-0.5672837938280533,-0.5672837938280533,-0.5672837938280533,,,,,,
SNRPA,,,,,,,,,,,,
RAB4B,,,,,,,,,,,,
EGLN2,,,,-0.5463761885875428,-0.5463761885875428,-0.5463761885875428,,,,,,
HNRNPUL1,,,,,,,,,,,,
TGFB1,,,,-0.5944695248657597,-0.5944695248657597,-0.5944695248657597,,,,,,
CCDC97,,,,,,,,,,,,
TMEM91,,,,,,,,,,,,
B9D2,,,,-0.40143542194548515,-0.40143542194548515,-0.40143542194548515,,,,,,
EXOSC5,,,,,,,,,,,,
BCKDHA,,,,,,,,,,,,
DMAC2,,,,,,,,,,,,
RPS19,,,,,,,,,,,,
ARHGEF1,,,,-0.5327193532623393,-0.5327193532623393,-0.5327193532623393,,,,,,
RABAC1,,,,,,,,,,,,
ZNF574,,,,-0.4242441272376133,-0.4242441272376133,-0.4242441272376133,,,,,,
DEDD2,,,,,,,,,,,,
ZNF526,,,,,,,,,,,,
GSK3A,,,,,,,,,,,,
ERF,,,,-0.5083657628571292,-0.5083657628571292,-0.5083657628571292,,,,,,
CIC,,,,-0.39437768285108876,-0.39437768285108876,-0.39437768285108876,,,,,,
PAFAH1B3,,,,,,,,,,,,
MEGF8,,,,,,,,,,,,
CNFN,,,,,,,,,,,,
PHLDB3,,,,-0.5297244658698544,-0.5297244658698544,-0.5297244658698544,,,,,,
ETHE1,,,,-0.6383149820947379,-0.6383149820947379,-0.6383149820947379,,,,,,
XRCC1,,,,,,,,,,,,
IRGQ,,,,-0.4916465833611892,-0.4916465833611892,-0.4916465833611892,,,,,,
ZNF576,,,,,,,,,,,,
ZNF428,,,,,,,,,,,,
PLAUR,,,,,,,,,,,,
SMG9,,,,,,,,,,,,
ZNF283,,,,,,,,,,,,
ZNF45,,,,-0.5468397395317997,-0.5468397395317997,-0.5468397395317997,,,,,,
ZNF155,,,,,,,,,,,,
ZNF224,,,,-0.5075306819050575,-0.5075306819050575,-0.5075306819050575,,,,,,
ZNF234,,,,,,,,,,,,
ZNF226,,,,,,,,,,,,
ZNF227,,,,,,,,,,,,
ZNF235,,,,,,,,,,,,
PVR,,,,,,,,,,,,
NECTIN2,,,,,,,,,,,,
TOMM40,,,,,,,,,,,,
APOE,-0.08718068057337329,0.0003983257257368161,-0.043391177423818234,,,,,,,,,
APOC1,,,,,,,,,,,,
CLPTM1,,,,,,,,,,,,
CLASRP,,,,,,,,,,,,
GEMIN7,,,,,,,,,,,,
MARK4,,,,,,,,,,,,
PPP1R37,,,,-0.47474016425759824,-0.47474016425759824,-0.47474016425759824,,,,,,
TRAPPC6A,,,,,,,,,,,,
ERCC2,,,,,,,,,,,,
PPP1R13L,,,,-0.4666260055405636,-0.4666260055405636,-0.4666260055405636,,,,,,
POLR1G,,,,,,,,,,,,
ERCC1,,,,,,,,,,,,
RTN2,,,,,,,,,,,,
PPM1N,,,,,,,,,,,,
VASP,,,,,,,,,,,,
OPA3,,,,,,,,,,,,
EML2,,,,,,,,,,,,
SNRPD2,,,,,,,,,,,,
QPCTL,,,,,,,,,,,,
FBXO46,,,,,,,,,,,,
DMPK,,,,,,,,,,,,
DMWD,,,,-0.9454653210609452,-0.13315521034198965,-0.5393102657014675,,,,,,
SYMPK,,,,,,,,,,,,
IRF2BP1,,,,-0.3378708101459455,-0.3378708101459455,-0.3378708101459455,,,,,,
MYPOP,,,,,,,,,,,,
PPP5C,,,,-0.960366995385132,-0.1256280432087122,-0.5429975192969221,,,,,,
CCDC8,,,,-0.4635928170428491,-0.4635928170428491,-0.4635928170428491,,,,,,
PNMA8A,,,,-0.40801736151258433,-0.40801736151258433,-0.40801736151258433,,,,,,
CALM3,,,,,,,,,,,,
PRKD2,-0.07301463740176982,0.016916082147961402,-0.028049277626904207,-0.8668335702865136,-0.05978469016163814,-0.4633091302240759,,,,,,
STRN4,,,,,,,,,,,,
FKRP,,,,,,,,,,,,
SLC1A5,,,,,,,,,,,,
AP2S1,,,,,,,,,,,,
ARHGAP35,,,,,,,,,,,,
NPAS1,,,,,,,,,,,,
TMEM160,,,,,,,,,,,,
ZC3H4,,,,,,,,,,,,
SAE1,,,,,,,,,,,,
BBC3,,,,,,,,,,,,
CCDC9,,,,,,,,,,,,
DHX34,,,,,,,,,,,,
NAPA,,,,,,,,,,,,
NOP53,,,,,,,,,,,,
SELENOW,,,,,,,,,,,,
LIG1,,,,,,,,,,,,
ZSWIM9,,,,,,,,,,,,
CARD8,,,,-0.6923816168834741,-0.6923816168834741,-0.6923816168834741,,,,,,
EMP3,,,,,,,-0.3893089490999622,-0.07912851981435377,-0.234218734457158,,,
TMEM143,,,,-0.5648795866364965,-0.5648795866364965,-0.5648795866364965,,,,,,
KDELR1,,,,,,,,,,,,
GRIN2D,,,,,,,,,,,,
GRWD1,,,,,,,,,,,,
KCNJ14,,,,-0.4936681049615242,-0.4936681049615242,-0.4936681049615242,,,,,,
CYTH2,,,,-0.5206105186735251,-0.5206105186735251,-0.5206105186735251,,,,,,
RPL18,,,,,,,,,,,,
SPHK2,,,,-0.49757330624297885,-0.49757330624297885,-0.49757330624297885,,,,,,
DBP,,,,,,,,,,,,
CA11,,,,,,,,,,,,
BCAT2,,,,,,,,,,,,
NUCB1,,,,,,,,,,,,
BAX,,,,,,,,,,,,
FTL,,,,,,,,,,,,
GYS1,,,,,,,,,,,,
RUVBL2,,,,,,,,,,,,
SNRNP70,,,,,,,,,,,,
LIN7B,,,,,,,,,,,,
PPFIA3,,,,,,,,,,,,
TRPM4,,,,-0.5414395337206848,-0.5414395337206848,-0.5414395337206848,,,,,,
SLC6A16,-0.1506049279451429,-0.009396783816953393,-0.08000085588104815,,,,,,,,,
TEAD2,,,,,,,,,,,,
PIH1D1,,,,,,,,,,,,
ALDH16A1,,,,,,,,,,,,
RPL13A,,,,,,,,,,,,
RPS11,,,,,,,,,,,,
FCGRT,,,,,,,,,,,,
NOSIP,,,,,,,,,,,,
PRR12,,,,,,,,,,,,
RRAS,,,,-0.4852754902716856,-0.4852754902716856,-0.4852754902716856,,,,,,
SCAF1,,,,,,,,,,,,
IRF3,,,,,,,,,,,,
BCL2L12,,,,,,,,,,,,
PRMT1,,,,,,,,,,,,
CPT1C,,,,,,,,,,,,
AP2A1,,,,,,,,,,,,
FUZ,,,,-0.5082823566984632,-0.5082823566984632,-0.5082823566984632,,,,,,
MED25,,,,,,,,,,,,
PTOV1,,,,,,,,,,,,
PNKP,,,,,,,,,,,,
AKT1S1,,,,,,,,,,,,
TBC1D17,,,,-0.4704605044729698,-0.4704605044729698,-0.4704605044729698,,,,,,
NUP62,,,,,,,,,,,,
ATF5,,,,-0.519597368748494,-0.519597368748494,-0.519597368748494,,,,,,
VRK3,,,,,,,,,,,,
ZNF473,,,,-0.5036914271720807,-0.5036914271720807,-0.5036914271720807,,,,,,
MYH14,,,,-0.35075630279648434,-0.35075630279648434,-0.35075630279648434,,,,,,
NR1H2,,,,,,,,,,,,
POLD1,,,,,,,,,,,,
EMC10,,,,,,,,,,,,
JOSD2,-0.24439140460110093,-0.045657097390918666,-0.1450242509960098,-0.5313222124259479,-0.5313222124259479,-0.5313222124259479,,,,,,
C19orf81,,,,,,,,,,,,
CLEC11A,,,,,,,,,,,,
KLK8,,,,,,,,,,,,
CTU1,,,,,,,,,,,,
ETFB,,,,,,,,,,,,
ZNF649,,,,,,,,,,,,
ZNF614,,,,,,,,,,,,
ZNF616,,,,-0.44405925438904276,-0.44405925438904276,-0.44405925438904276,,,,,,
PPP2R1A,,,,,,,,,,,,
ZNF766,,,,,,,,,,,,
ZNF480,,,,,,,,,,,,
ZNF611,,,,,,,,,,,,
ZNF845,,,,-0.37326780970868867,-0.37326780970868867,-0.37326780970868867,,,,,,
ZNF765,,,,,,,,,,,,
ZNF761,,,,,,,,,,,,
MYADM,,,,-0.5137590181987245,-0.5137590181987245,-0.5137590181987245,,,,,,
CACNG8,,,,,,,,,,,,
NDUFA3,-0.52368780352353,-0.09378525171203268,-0.3087365276177813,,,,,,,,,
TFPT,,,,,,,,,,,,
PRPF31,,,,,,,,,,,,
CNOT3,,,,,,,,,,,,
LENG1,,,,,,,,,,,,
MBOAT7,,,,,,,,,,,,
TSEN34,,,,,,,,,,,,
RPS9,,,,,,,,,,,,
LENG8,-0.12052102413756653,-0.023627397244586294,-0.07207421069107642,-0.9105908237272922,-0.1105439326095464,-0.5105673781684192,,,,,,
LENG9,,,,,,,,,,,,
RDH13,,,,,,,,,,,,
PPP1R12C,,,,,,,,,,,,
TNNT1,-0.22917822388838643,-0.04295802836231146,-0.13606812612534894,-0.5009163578378162,-0.5009163578378162,-0.5009163578378162,,,,,,
TNNI3,,,,,,,,,,,,
PPP6R1,,,,,,,,,,,,
HSPBP1,,,,,,,,,,,,
BRSK1,-0.08138975127067263,-0.04656753776218988,-0.06397864451643126,,,,-0.09367720145598765,-0.023418453637236887,-0.058547827546612266,-0.07441360053766391,-0.0357211861595944,-0.05506739334862916
KMT5C,,,,,,,,,,,,
RPL28,,,,,,,,,,,,
UBE2S,,,,,,,,,,,,
ISOC2,,,,,,,,,,,,
NAT14,,,,,,,,,,,,
ZNF579,,,,,,,,,,,,
ZNF865,,,,,,,,,,,,
ZNF580,,,,,,,,,,,,
ZNF581,,,,,,,,,,,,
CCDC106,,,,,,,,,,,,
U2AF2,,,,,,,,,,,,
EPN1,,,,,,,,,,,,
ZNF787,,,,,,,,,,,,
ZNF444,,,,,,,,,,,,
ZSCAN5A,,,,,,,,,,,,
ZNF71,,,,-0.385747310534176,-0.385747310534176,-0.385747310534176,,,,,,
ZNF264,,,,,,,,,,,,
ZNF805,,,,-0.5004031457300439,-0.5004031457300439,-0.5004031457300439,,,,,,
ZNF460,,,,-0.46347696661359433,-0.46347696661359433,-0.46347696661359433,,,,,,
TRAPPC2B,,,,,,,,,,,,
ZNF749,,,,,,,,,,,,
ZNF530,,,,-0.3006741469615617,-0.3006741469615617,-0.3006741469615617,,,,,,
ZNF134,,,,-0.4184561472867346,-0.4184561472867346,-0.4184561472867346,,,,,,
ZNF551,,,,,,,,,,,,
ZNF586,,,,,,,,,,,,
ZNF552,,,,-0.450516753433246,-0.450516753433246,-0.450516753433246,,,,,,
ZNF587B,,,,,,,,,,,,
ZNF814,,,,,,,,,,,,
ZNF587,,,,,,,,,,,,
ZNF274,,,,,,,,,,,,
ZNF8,,,,-0.5154010086603532,-0.5154010086603532,-0.5154010086603532,,,,,,
ERVK3-1,,,,,,,,,,,,
A1BG,,,,,,,,,,,,
RPS5,,,,,,,,,,,,
ZNF584,,,,-0.5123753394024584,-0.5123753394024584,-0.5123753394024584,,,,,,
SLC27A5,,,,,,,,,,,,
TRIM28,,,,,,,,,,,,
CHMP2A,,,,,,,,,,,,
UBE2M,,,,,,,,,,,,
MZF1,,,,-0.5545794104640241,-0.5545794104640241,-0.5545794104640241,,,,,,
C20orf96,,,,,,,,,,,,
ZCCHC3,,,,-0.501008738097202,-0.501008738097202,-0.501008738097202,,,,,,
SOX12,,,,,,,,,,,,
NRSN2,,,,,,,,,,,,
RBCK1,,,,,,,,,,,,
TBC1D20,,,,,,,,,,,,
CSNK2A1,,,,,,,,,,,,
SRXN1,,,,-0.4709472907114885,-0.4709472907114885,-0.4709472907114885,,,,,,
PSMF1,,,,,,,,,,,,
FKBP1A,,,,,,,,,,,,
NSFL1C,,,,,,,,,,,,
STK35,,,,-0.45692650712888677,-0.45692650712888677,-0.45692650712888677,,,,,,
SNRPB,,,,,,,,,,,,
ZNF343,,,,-0.49367604617860766,-0.49367604617860766,-0.49367604617860766,,,,,,
NOP56,,,,,,,,,,,,
IDH3B,,,,,,,,,,,,
VPS16,,,,,,,,,,,,
PTPRA,,,,,,,,,,,,
MRPS26,,,,,,,,,,,,
UBOX5,,,,-0.4391873778683238,-0.4391873778683238,-0.4391873778683238,,,,,,
FASTKD5,,,,,,,,,,,,
DDRGK1,,,,,,,,,,,,
ITPA,,,,,,,,,,,,
DNAAF9,,,,,,,,,,,,
ATRN,,,,,,,,,,,,
ADISSP,,,,,,,,,,,,
CENPB,,,,,,,,,,,,
CDC25B,,,,,,,,,,,,
AP5S1,,,,-0.5198456102892536,-0.5198456102892536,-0.5198456102892536,,,,,,
MAVS,,,,,,,,,,,,
PANK2,,,,-0.9472577632916839,-0.11901381958404036,-0.5331357914378622,,,,,,
RNF24,,,,,,,,,,,,
SMOX,-0.10915653993842397,-0.003740178029775554,-0.056448358984099764,,,,,,,,,
PRNP,,,,-0.5113974049418518,-0.5113974049418518,-0.5113974049418518,,,,,,
SLC23A2,,,,,,,,,,,,
TMEM230,,,,,,,,,,,,
PCNA,,,,,,,,,,,,
CDS2,,,,,,,,,,,,
GPCPD1,,,,,,,,,,,,
SHLD1,,,,,,,,,,,,
TRMT6,,,,,,,,,,,,
MCM8,,,,,,,,,,,,
CRLS1,,,,,,,,,,,,
BMP2,,,,,,,,,,,,
TMX4,,,,,,,,,,,,
PLCB1,,,,,,,,,,,,
PLCB4,,,,,,,,,,,,
ANKEF1,,,,-0.4076203449657638,-0.4076203449657638,-0.4076203449657638,,,,,,
MKKS,,,,,,,,,,,,
SLX4IP,,,,,,,,,,,,
BTBD3,,,,,,,,,,,,
TASP1,,,,,,,,,,,,
ESF1,,,,,,,,,,,,
NDUFAF5,,,,,,,,,,,,
MACROD2,,,,,,,,,,,,
KIF16B,,,,,,,,,,,,
SNRPB2,,,,,,,,,,,,
DSTN,,,,,,,,,,,,
RRBP1,,,,,,,,,,,,
SNX5,,,,,,,,,,,,
OVOL2,,,,,,,,,,,,
MGME1,,,,,,,,,,,,
KAT14,,,,,,,,,,,,
PET117,,,,-0.5611737241771954,-0.5611737241771954,-0.5611737241771954,,,,,,
ZNF133,,,,-0.5837910708734027,-0.5837910708734027,-0.5837910708734027,0.05477127889928101,0.4483655736717851,0.25156842628553305,,,
POLR3F,,,,-0.5408263555266642,-0.5408263555266642,-0.5408263555266642,,,,,,
RBBP9,,,,-0.41227243437893557,-0.41227243437893557,-0.41227243437893557,,,,,,
SEC23B,,,,,,,,,,,,
SMIM26,,,,,,,,,,,,
DTD1,,,,,,,,,,,,
RIN2,,,,,,,,,,,,
NAA20,,,,,,,,,,,,
CRNKL1,,,,,,,,,,,,
RALGAPA2,,,,-0.9864926949166049,-0.21904469938426765,-0.6027686971504362,,,,,,
KIZ,,,,,,,,,,,,
XRN2,,,,,,,,,,,,
NXT1,,,,,,,,,,,,
GZF1,,,,-0.5316195427796383,-0.5316195427796383,-0.5316195427796383,,,,,,
NAPB,,,,-0.4509231857592276,-0.4509231857592276,-0.4509231857592276,,,,,,
CST3,,,,,,,,,,,,
SYNDIG1,,,,,,,,,,,,
APMAP,,,,,,,,,,,,
ENTPD6,,,,,,,,,,,,
PYGB,,,,,,,,,,,,
ABHD12,,,,,,,,,,,,
GINS1,,,,,,,,,,,,
NINL,,,,,,,,,,,,
NANP,,,,,,,,,,,,
ZNF337,,,,,,,,,,,,
HM13,,,,,,,,,,,,
ID1,,,,,,,,,,,,
BCL2L1,,,,,,,,,,,,
TPX2,,,,,,,,,,,,
PDRG1,,,,,,,,,,,,
TM9SF4,,,,,,,,,,,,
PLAGL2,,,,,,,,,,,,
POFUT1,,,,-0.6701567716397712,-0.6701567716397712,-0.6701567716397712,,,,,,
KIF3B,,,,,,,,,,,,
ASXL1,,,,,,,,,,,,
NOL4L,,,,-0.4262445290068327,-0.4262445290068327,-0.4262445290068327,,,,,,
COMMD7,,,,,,,,,,,,
DNMT3B,,,,-0.49453301086995294,-0.49453301086995294,-0.49453301086995294,,,,,,
MAPRE1,,,,,,,,,,,,
CDK5RAP1,,,,,,,,,,,,
SNTA1,,,,,,,,,,,,
CBFA2T2,,,,,,,,,,,,
E2F1,,,,,,,,,,,,
CHMP4B,,,,,,,,,,,,
RALY,,,,,,,,,,,,
EIF2S2,,,,,,,,,,,,
AHCY,,,,,,,,,,,,
ITCH,,,,,,,,,,,,
DYNLRB1,,,,,,,,,,,,
PIGU,,,,,,,,,,,,
NCOA6,,,,,,,,,,,,
GGT7,,,,,,,,,,,,
ACSS2,,,,,,,,,,,,
GSS,,,,,,,,,,,,
TRPC4AP,,,,,,,,,,,,
EDEM2,,,,,,,,,,,,
MMP24OS,,,,-0.6078203681963054,-0.6078203681963054,-0.6078203681963054,,,,,,
EIF6,,,,,,,,,,,,
UQCC1,,,,,,,,,,,,
CEP250,,,,,,,,,,,,
ERGIC3,,,,,,,,,,,,
CPNE1,,,,,,,,,,,,
RBM12,,,,,,,,,,,,
NFS1,,,,-0.4461995260169845,-0.4461995260169845,-0.4461995260169845,,,,,,
ROMO1,,,,,,,,,,,,
RBM39,,,,,,,,,,,,
PHF20,,,,,,,,,,,,
SCAND1,-0.2889453537520165,-0.0489004952671863,-0.16892292450960142,,,,,,,,,
CNBD2,,,,,,,,,,,,
EPB41L1,,,,,,,,,,,,
AAR2,,,,,,,,,,,,
DLGAP4,,,,,,,,,,,,
TGIF2,,,,,,,,,,,,
RAB5IF,,,,,,,,,,,,
NDRG3,,,,,,,,,,,,
DSN1,,,,,,,,,,,,
SOGA1,,,,-0.5063389114493465,-0.5063389114493465,-0.5063389114493465,,,,,,
SAMHD1,,,,,,,,,,,,
RBL1,,,,,,,,,,,,
RPN2,,,,,,,,,,,,
MANBAL,,,,,,,,,,,,
BLCAP,,,,-0.5923250488551757,-0.5923250488551757,-0.5923250488551757,,,,,,
CTNNBL1,,,,,,,,,,,,
TTI1,,,,,,,,,,,,
RPRD1B,,,,,,,,,,,,
RALGAPB,,,,,,,,,,,,
ACTR5,,,,-0.404009256492752,-0.404009256492752,-0.404009256492752,,,,,,
FAM83D,,,,-0.5311674098901767,-0.5311674098901767,-0.5311674098901767,,,,,,
DHX35,,,,,,,,,,,,
MAFB,,,,,,,,,,,,
TOP1,,,,,,,,,,,,
PLCG1,,,,-0.5327977003025411,-0.5327977003025411,-0.5327977003025411,,,,,,
ZHX3,,,,,,,,,,,,
LPIN3,,,,-0.4454206068992707,-0.4454206068992707,-0.4454206068992707,,,,,,
CHD6,,,,-0.9613437810569255,-0.17871059707853615,-0.5700271890677309,,,,,,
PTPRT,-0.1061943842612963,-0.0426132807187608,-0.07440383249002855,,,,-0.1737429148788501,0.01995893124623372,-0.0768919918163082,,,
SRSF6,-0.9446054160074188,-0.26180952072675634,-0.6032074683670876,,,,,,,,,
L3MBTL1,,,,,,,,,,,,
IFT52,,,,,,,,,,,,
MYBL2,,,,,,,,,,,,
TOX2,-0.10089998809759404,-0.026768820541197343,-0.06383440431939569,,,,,,,-0.09283425760881178,-0.008081700223713628,-0.050457978916262705
OSER1,,,,-0.5847338832273943,-0.5847338832273943,-0.5847338832273943,,,,,,
FITM2,,,,,,,,,,,,
TTPAL,,,,-0.4521995518992933,-0.4521995518992933,-0.4521995518992933,,,,,,
SERINC3,,,,,,,,,,,,
PKIG,,,,,,,,,,,,
ADA,,,,-0.5102508751280734,-0.5102508751280734,-0.5102508751280734,,,,,,
RIMS4,,,,,,,,,,,,
YWHAB,,,,,,,,,,,,
PABPC1L,,,,-0.48429094499627146,-0.48429094499627146,-0.48429094499627146,,,,,,
TOMM34,,,,,,,,,,,,
STK4,,,,,,,,,,,,
SDC4,,,,-0.565466432584928,-0.565466432584928,-0.565466432584928,,,,,,
SYS1,,,,,,,,,,,,
DBNDD2,,,,,,,,,,,,
PIGT,,,,,,,,,,,,
DNTTIP1,,,,,,,,,,,,
UBE2C,,,,,,,,,,,,
ACOT8,,,,,,,,,,,,
CTSA,,,,,,,,,,,,
PLTP,,,,,,,,,,,,
PCIF1,,,,,,,,,,,,
ZNF335,,,,-0.5847458057406743,-0.5847458057406743,-0.5847458057406743,,,,,,
SLC12A5,,,,,,,,,,,,
NCOA5,,,,,,,,,,,,
SLC35C2,,,,-0.6136353425344311,-0.6136353425344311,-0.6136353425344311,,,,,,
ELMO2,,,,,,,,,,,,
SLC13A3,,,,,,,,,,,,
TP53RK,,,,-0.5813879822347434,-0.5813879822347434,-0.5813879822347434,,,,,,
EYA2,,,,,,,,,,,,
ZMYND8,,,,,,,,,,,,
NCOA3,,,,,,,,,,,,
SULF2,,,,,,,,,,,,
ARFGEF2,,,,,,,,,,,,
CSE1L,,,,,,,,,,,,
STAU1,,,,,,,,,,,,
DDX27,,,,,,,,,,,,
ZNFX1,,,,,,,,,,,,
B4GALT5,,,,,,,,,,,,
SLC9A8,,,,,,,,,,,,
RNF114,,,,,,,,,,,,
UBE2V1,,,,,,,,,,,,
PEDS1,,,,,,,,,,,,
CEBPB,,,,,,,,,,,,
PTPN1,,,,,,,,,,,,
PARD6B,,,,,,,,,,,,
BCAS4,,,,-0.5626221022484827,-0.5626221022484827,-0.5626221022484827,,,,,,
ADNP,,,,,,,,,,,,
DPM1,,,,,,,,,,,,
MOCS3,,,,-0.4999002622525045,-0.4999002622525045,-0.4999002622525045,,,,,,
KCNG1,,,,,,,,,,,,
ATP9A,,,,,,,,,,,,
ZFP64,,,,,,,,,,,,
TSHZ2,,,,,,,,,,,,
ZNF217,,,,,,,,,,,,
PFDN4,,,,,,,,,,,,
FAM210B,,,,,,,,,,,,
AURKA,,,,-0.5486711158187156,-0.5486711158187156,-0.5486711158187156,,,,,,
CSTF1,,,,,,,,,,,,
RTF2,,,,,,,,,,,,
TFAP2C,-0.17730290938755738,-0.05785586872989565,-0.11757938905872652,,,,,,,,,
BMP7,,,,,,,,,,,,
RAE1,,,,,,,,,,,,
RBM38,,,,,,,,,,,,
HMGB1P1,,,,,,,,,,,,
PMEPA1,,,,-0.5149784624479065,-0.5149784624479065,-0.5149784624479065,,,,,,
RAB22A,,,,,,,,,,,,
VAPB,,,,,,,,,,,,
STX16,,,,,,,,,,,,
GNAS,,,,,,,,,,,,
NELFCD,,,,,,,,,,,,
ATP5F1E,,,,,,,,,,,,
PRELID3B,,,,,,,,,,,,
PHACTR3,,,,,,,,,,,,
FAM217B,,,,,,,,,,,,
CDH4,-0.10294235572985971,-0.012486917053262929,-0.057714636391561325,,,,,,,,,
TAF4,,,,,,,,,,,,
LSM14B,,,,,,,,,,,,
PSMA7,,,,,,,,,,,,
SS18L1,,,,,,,,,,,,
MTG2,,,,-0.6863976007842708,-0.6863976007842708,-0.6863976007842708,,,,,,
OSBPL2,,,,,,,,,,,,
ADRM1,,,,,,,,,,,,
LAMA5,,,,,,,,,,,,
RPS21,,,,,,,,,,,,
SLCO4A1,,,,,,,,,,,,
MRGBP,,,,,,,,,,,,
OGFR,,,,-0.5692817212953544,-0.5692817212953544,-0.5692817212953544,,,,,,
TCFL5,,,,,,,,,,,,
DIDO1,,,,,,,,,,,,
GID8,,,,,,,,,,,,
YTHDF1,,,,,,,,,,,,
ARFGAP1,,,,,,,,,,,,
KCNQ2,,,,,,,,,,,,
EEF1A2,,,,,,,,,,,,
PPDPF,,,,,,,,,,,,
GMEB2,,,,-0.5515165662607838,-0.5515165662607838,-0.5515165662607838,,,,,,
STMN3,,,,-0.49415481695513247,-0.49415481695513247,-0.49415481695513247,,,,,,
RTEL1,,,,,,,,,,,,
ARFRP1,,,,,,,,,,,,
ZGPAT,,,,,,,,,,,,
SLC2A4RG,,,,,,,,,,,,
ZBTB46,,,,-0.5808374462980255,-0.5808374462980255,-0.5808374462980255,,,,,,
TPD52L2,,,,,,,,,,,,
DNAJC5,,,,,,,,,,,,
ZNF512B,,,,,,,,,,,,
PRPF6,,,,,,,,,,,,
TCEA2,,,,,,,,,,,,
RGS19,,,,-0.4884646760293137,-0.4884646760293137,-0.4884646760293137,,,,,,
PCMTD2,,,,-0.4831254005244836,-0.4831254005244836,-0.4831254005244836,,,,,,
HSPA13,,,,,,,,,,,,
NRIP1,,,,,,,,,,,,
USP25,,,,,,,,,,,,
CXADR,,,,,,,,,,,,
BTG3,,,,,,,,,,,,
C21orf91,,,,,,,,,,,,
NCAM2,,,,,,,,,,,,
MRPL39,,,,,,,,,,,,
ATP5PF,,,,,,,,,,,,
GABPA,,,,-0.5943818208369974,-0.5943818208369974,-0.5943818208369974,,,,,,
APP,,,,,,,,,,,,
ADAMTS1,,,,,,,,,,,,
N6AMT1,,,,,,,,,,,,
LTN1,,,,,,,,,,,,
RWDD2B,,,,-0.47345291171430487,-0.47345291171430487,-0.47345291171430487,,,,0.06178800420487569,0.4011710861946618,0.23147954519976874
USP16,,,,,,,,,,,,
CCT8,,,,,,,,,,,,
BACH1,,,,,,,,,,,,
TIAM1,-0.13027125418937066,-0.0074113247492176085,-0.06884128946929413,,,,,,,,,
SOD1,,,,,,,,,,,,
SCAF4,,,,,,,,,,,,
HUNK,,,,-0.35236988755598486,-0.35236988755598486,-0.35236988755598486,,,,,,
MIS18A,,,,,,,,,,,,
URB1,,,,-0.674112015429012,-0.674112015429012,-0.674112015429012,,,,,,
TCP10L,,,,,,,,,,,,
CFAP298,,,,,,,,,,,,
SYNJ1,,,,,,,,,,,,
PAXBP1,,,,,,,,,,,,
IFNAR2,,,,,,,,,,,,
IL10RB,,,,-0.5924660805359868,-0.5924660805359868,-0.5924660805359868,,,,,,
IFNAR1,,,,,,,,,,,,
IFNGR2,,,,,,,,,,,,
TMEM50B,,,,,,,,,,,,
GART,,,,,,,,,,,,
SON,,,,,,,,,,,,
DONSON,,,,,,,,,,,,
CRYZL1,,,,-0.7178465194893504,-0.7178465194893504,-0.7178465194893504,,,,,,
ITSN1,,,,,,,,,,,,
ATP5PO,-0.35782589190576203,-0.07200430772581053,-0.21491509981578627,,,,,,,,,
MRPS6,,,,,,,,,,,,
SLC5A3,,,,,,,,,,,,
SMIM11,,,,,,,,,,,,
RCAN1,,,,-0.5239578103026683,-0.5239578103026683,-0.5239578103026683,,,,,,
RUNX1,,,,,,,,,,,,
SETD4,,,,,,,,,,,,
CBR1,,,,,,,,,,,,
CBR3,,,,,,,,,,,,
DOP1B,,,,,,,,,,,,
MORC3,,,,,,,,,,,,
CHAF1B,,,,,,,,,,,,
SIM2,,,,,,,,,,,,
HLCS,,,,,,,,,,,,
PIGP,,,,,,,,,,,,
TTC3,,,,,,,,,,,,
VPS26C,,,,,,,,,,,,
DYRK1A,,,,,,,,,,,,
ETS2,,,,,,,,,,,,
PSMG1,,,,,,,,,,,,
BRWD1,,,,,,,,,,,,
HMGN1,,,,,,,,,,,,
GET1,,,,,,,,,,,,
DSCAM,-0.07535514848384471,-0.010927890060936798,-0.04314151927239075,,,,,,,-0.16654008080277383,-0.026441324435250893,-0.09649070261901235
BACE2,,,,,,,,,,,,
PRDM15,,,,,,,,,,,,
ZBTB21,,,,,,,,,,,,
PDE9A,,,,,,,,,,,,
WDR4,,,,,,,,,,,,
NDUFV3,,,,,,,,,,,,
PKNOX1,,,,-0.6552980509842208,-0.6552980509842208,-0.6552980509842208,,,,,,
CBS,,,,,,,,,,,,
U2AF1,,,,,,,,,,,,
RRP1B,,,,,,,,,,,,
PDXK,,,,,,,,,,,,
CSTB,,,,,,,,,,,,
RRP1,,,,,,,,,,,,
AGPAT3,,,,,,,,,,,,
TRAPPC10,,,,,,,,,,,,
PWP2,,,,,,,,,,,,
GATD3,,,,,,,,,,,,
PFKL,,,,,,,,,,,,
CFAP410,,,,,,,,,,,,
UBE2G2,,,,,,,,,,,,
SUMO3,,,,,,,,,,,,
PTTG1IP,,,,,,,,,,,,
SLX9,,,,,,,,,,,,
ADARB1,,,,,,,,,,,,
POFUT2,,,,-0.49581612435657163,-0.49581612435657163,-0.49581612435657163,,,,,,
COL18A1,,,,,,,,,,,,
SLC19A1,,,,-0.5335120021142069,-0.5335120021142069,-0.5335120021142069,,,,,,
PCBP3,,,,-0.5525845546107029,-0.5525845546107029,-0.5525845546107029,,,,,,
COL6A1,,,,,,,,,,,,
SPATC1L,,,,,,,,,,,,
LSS,,,,,,,,,,,,
MCM3AP,,,,,,,,,,,,
YBEY,,,,,,,,,,,,
C21orf58,,,,-0.6390361987248366,-0.6390361987248366,-0.6390361987248366,,,,,,
PCNT,,,,-0.7033344574539977,-0.7033344574539977,-0.7033344574539977,,,,,,
DIP2A,,,,,,,,,,,,
PRMT2,,,,,,,,,,,,
POTEH,-0.07193023317693643,-0.032560139071608894,-0.05224518612427266,-0.8940573598602771,-0.10387011248492475,-0.4989637361726009,,,,-0.10443808042132095,-0.023957755835362565,-0.06419791812834176
IL17RA,,,,-0.593476663875242,-0.593476663875242,-0.593476663875242,,,,,,
HDHD5,,,,,,,,,,,,
CECR2,,,,,,,,,,,,
ATP6V1E1,,,,,,,,,,,,
BCL2L13,,,,-0.980857963875759,-0.21431373916070462,-0.5975858515182317,,,,,,
BID,,,,-0.6286594094473872,-0.6286594094473872,-0.6286594094473872,,,,,,
MICAL3,,,,,,,,,,,,
PEX26,,,,,,,,,,,,
USP18,,,,,,,,,,,,
DGCR2,,,,,,,,,,,,
ESS2,,,,,,,,,,,,
SLC25A1,-0.3056608587032125,-0.031811342864761734,-0.16873610078398713,,,,,,,,,
CLTCL1,,,,-0.7182012795569811,-0.7182012795569811,-0.7182012795569811,,,,,,
HIRA,,,,,,,,,,,,
C22orf39,,,,,,,,,,,,
MRPL40,,,,,,,,,,,,
UFD1,,,,,,,,,,,,
CDC45,,,,-0.6112735364792388,-0.6112735364792388,-0.6112735364792388,,,,,,
GP1BB,,,,-0.3840270038137686,-0.3840270038137686,-0.3840270038137686,-0.4198536687706918,-0.06767052325933319,-0.2437620960150125,,,
TBX1,,,,,,,,,,,,
GNB1L,,,,,,,,,,,,
RTL10,,,,-0.6210387740526814,-0.6210387740526814,-0.6210387740526814,,,,,,
TXNRD2,,,,-0.5661856071293366,-0.5661856071293366,-0.5661856071293366,,,,,,
COMT,,,,,,,,,,,,
TANGO2,,,,-0.59806131397876,-0.59806131397876,-0.59806131397876,,,,,,
DGCR8,,,,,,,,,,,,
TRMT2A,,,,-0.5711675513491147,-0.5711675513491147,-0.5711675513491147,,,,,,
RANBP1,,,,,,,,,,,,
ZDHHC8,,,,,,,,,,,,
DGCR6L,,,,,,,,,,,,
ZNF74,,,,,,,,,,,,
SCARF2,,,,,,,,,,,,
KLHL22,,,,,,,,,,,,
MED15,,,,,,,,,,,,
PI4KA,,,,,,,,,,,,
SNAP29,,,,,,,,,,,,
CRKL,,,,,,,,,,,,
LZTR1,,,,,,,,,,,,
THAP7,,,,,,,,,,,,
HIC2,,,,,,,,,,,,
UBE2L3,,,,,,,,,,,,
YDJC,,,,,,,,,,,,
SDF2L1,,,,,,,,,,,,
PPIL2,,,,,,,,,,,,
YPEL1,,,,,,,,,,,,
MAPK1,,,,,,,,,,,,
PPM1F,,,,,,,,,,,,
TOP3B,,,,-0.5505966369553768,-0.5505966369553768,-0.5505966369553768,,,,,,
ZNF280B,,,,,,,,,,,,
PRAME,,,,,,,,,,,,
GNAZ,,,,,,,,,,,,
BCR,,,,,,,,,,,,
ZNF70,,,,,,,,,,,,
CHCHD10,,,,,,,,,,,,
SMARCB1,,,,,,,,,,,,
DERL3,,,,,,,,,,,,
SLC2A11,,,,,,,,,,,,
MIF,,,,,,,,,,,,
DDT,,,,,,,,,,,,
CABIN1,,,,,,,,,,,,
SPECC1L,,,,,,,,,,,,
GUCD1,,,,-0.6267965760566715,-0.6267965760566715,-0.6267965760566715,,,,,,
SNRPD3,,,,,,,,,,,,
SGSM1,,,,-0.4968648280527224,-0.4968648280527224,-0.4968648280527224,,,,,,
KIAA1671,,,,,,,,,,,,
GRK3,,,,,,,,,,,,
ASPHD2,,,,,,,,,,,,
HPS4,,,,,,,,,,,,
SRRD,,,,-0.4335859834397571,-0.4335859834397571,-0.4335859834397571,,,,,,
TFIP11,,,,,,,,,,,,
TPST2,,,,,,,,,,,,
PITPNB,,,,,,,,,,,,
TTC28,,,,,,,,,,,,
CHEK2,,,,,,,,,,,,
HSCB,,,,,,,,,,,,
CCDC117,,,,,,,,,,,,
XBP1,,,,,,,,,,,,
ZNRF3,,,,,,,,,,,,
KREMEN1,,,,,,,,,,,,
EMID1,,,,-0.5538910995384231,-0.5538910995384231,-0.5538910995384231,,,,,,
RHBDD3,,,,-0.6407839024126593,-0.6407839024126593,-0.6407839024126593,,,,,,
EWSR1,,,,,,,,,,,,
AP1B1,,,,,,,,,,,,
THOC5,,,,,,,,,,,,
NIPSNAP1,,,,,,,,,,,,
NF2,,,,,,,,,,,,
ZMAT5,,,,,,,,,,,,
UQCR10,,,,,,,,,,,,
ASCC2,,,,,,,,,,,,
MTMR3,,,,,,,,,,,,
TBC1D10A,,,,,,,,,,,,
SF3A1,,,,,,,,,,,,
RNF215,,,,-0.5329789196262226,-0.5329789196262226,-0.5329789196262226,,,,,,
SEC14L2,,,,-0.5537957682214619,-0.5537957682214619,-0.5537957682214619,,,,,,
MTFP1,,,,,,,,,,,,
PES1,,,,,,,,,,,,
SLC35E4,,,,,,,,,,,,
DUSP18,,,,,,,,,,,,
OSBP2,,,,,,,,,,,,
MORC2,,,,,,,,,,,,
TUG1,,,,,,,,,,,,
SMTN,,,,,,,,,,,,
SELENOM,,,,,,,,,,,,
RNF185,,,,,,,,,,,,
LIMK2,,,,,,,,,,,,
PATZ1,,,,,,,,,,,,
DRG1,,,,,,,,,,,,
EIF4ENIF1,,,,,,,,,,,,
SFI1,,,,,,,,,,,,
PISD,,,,,,,,,,,,
PRR14L,,,,,,,,,,,,
DEPDC5,,,,-0.6783853452556532,-0.6783853452556532,-0.6783853452556532,,,,,,
YWHAH,,,,,,,,,,,,
RTCB,,,,,,,,,,,,
FBXO7,,,,,,,,,,,,
SYN3,,,,-0.9775557620631907,-0.1694129236565761,-0.5734843428598834,,,,,,
TIMP3,,,,,,,,,,,,
LARGE1,,,,,,,,,,,,
HMGXB4,,,,,,,,,,,,
TOM1,,,,,,,,,,,,
HMOX1,,,,-0.31451235598310245,-0.31451235598310245,-0.31451235598310245,-0.171834729561784,-0.037447393413008186,-0.10464106148739609,,,
MCM5,,,,,,,,,,,,
RBFOX2,,,,,,,,,,,,
APOL2,,,,,,,,,,,,
MYH9,,,,,,,0.10191228294820211,0.6766592032177215,0.3892857430829618,,,
TXN2,,,,,,,,,,,,
FOXRED2,,,,,,,,,,,,
EIF3D,,,,,,,,,,,,
IFT27,,,,,,,,,,,,
TST,,,,,,,,,,,,
MPST,,,,,,,,,,,,
KCTD17,,,,,,,,,,,,
CDC42EP1,,,,,,,,,,,,
GGA1,,,,,,,,,,,,
SH3BP1,,,,-0.4968430066850794,-0.4968430066850794,-0.4968430066850794,,,,,,
PDXP,,,,-0.6413327697132569,-0.6413327697132569,-0.6413327697132569,,,,,,
NOL12,,,,,,,,,,,,
TRIOBP,,,,-0.3199731504448206,-0.3199731504448206,-0.3199731504448206,,,,,,
GCAT,,,,-0.5996983991399096,-0.5996983991399096,-0.5996983991399096,,,,,,
ANKRD54,,,,,,,,,,,,
EIF3L,,,,,,,,,,,,
MICALL1,,,,,,,,,,,,
POLR2F,,,,,,,,,,,,
PICK1,,,,-0.5365739205717486,-0.5365739205717486,-0.5365739205717486,,,,,,
PLA2G6,-0.1499096797294804,-0.04395809268706354,-0.09693388620827198,-0.2935153883038423,-0.2935153883038423,-0.2935153883038423,,,,-0.21677895350862383,-0.03871949942097597,-0.12774922646479991
TMEM184B,,,,,,,,,,,,
CSNK1E,,,,,,,,,,,,
KDELR3,,,,,,,,,,,,
DDX17,,,,,,,0.04937535196488648,0.3771205959881616,0.21324797397652404,,,
DMC1,,,,,,,,,,,,
FAM227A,,,,,,,,,,,,
CBY1,,,,,,,,,,,,
TOMM22,,,,,,,,,,,,
JOSD1,,,,,,,,,,,,
GTPBP1,,,,,,,,,,,,
SUN2,,,,-0.5822976985922268,-0.5822976985922268,-0.5822976985922268,,,,,,
CBX6,-0.7527760067894219,-0.17605976526565326,-0.4644178860275376,,,,,,,,,
APOBEC3C,,,,,,,,,,,,
RPL3,,,,,,,,,,,,
SYNGR1,,,,,,,,,,,,
TAB1,,,,,,,,,,,,
MIEF1,,,,,,,,,,,,
ATF4,,,,,,,,,,,,
RPS19BP1,,,,,,,,,,,,
TNRC6B,,,,,,,,,,,,
ADSL,,,,,,,,,,,,
SGSM3,,,,,,,,,,,,
MRTFA,,,,,,,,,,,,
SLC25A17,,,,,,,,,,,,
ST13,,,,,,,,,,,,
XPNPEP3,,,,,,,,,,,,
RBX1,-0.6269500300746648,-0.11596811443877356,-0.37145907225671915,,,,,,,,,
EP300,,,,,,,,,,,,
L3MBTL2,,,,,,,,,,,,
RANGAP1,,,,,,,,,,,,
ZC3H7B,,,,,,,,,,,,
TOB2,,,,,,,,,,,,
ACO2,,,,,,,,,,,,
PHF5A,,,,,,,,,,,,
POLR3H,,,,,,,,,,,,
PMM1,,,,,,,,,,,,
DESI1,,,,,,,,,,,,
XRCC6,,,,,,,,,,,,
SNU13,,,,,,,,,,,,
CCDC134,,,,-0.6540175707308505,-0.6540175707308505,-0.6540175707308505,,,,,,
SREBF2,,,,,,,,,,,,
CENPM,,,,,,,,,,,,
WBP2NL,,,,-0.4618413256347729,-0.4618413256347729,-0.4618413256347729,,,,,,
NAGA,,,,,,,,,,,,
SMDT1,,,,,,,,,,,,
NDUFA6,-0.4476044937523342,-0.05066843863933548,-0.24913646619583482,,,,,,,,,
TCF20,,,,,,,,,,,,
RRP7A,,,,,,,,,,,,
POLDIP3,,,,,,,,,,,,
CYB5R3,,,,,,,,,,,,
ARFGAP3,,,,,,,,,,,,
PACSIN2,,,,,,,,,,,,
MCAT,,,,,,,,,,,,
TSPO,,,,,,,,,,,,
TTLL12,,,,,,,,,,,,
PNPLA3,,,,,,,,,,,,
SAMM50,,,,,,,,,,,,
PARVB,,,,,,,,,,,,
RTL6,,,,,,,,,,,,
PRR5,,,,,,,,,,,,
ARHGAP8,,,,-0.6022142607568285,-0.6022142607568285,-0.6022142607568285,,,,,,
PHF21B,,,,,,,,,,,,
NUP50,,,,,,,,,,,,
KIAA0930,,,,,,,,,,,,
FAM118A,,,,,,,,,,,,
RIBC2,,,,,,,,,,,,
FBLN1,,,,,,,,,,,,
ATXN10,,,,,,,,,,,,
PPARA,,,,,,,,,,,,
CDPF1,,,,-0.4421896465703321,-0.4421896465703321,-0.4421896465703321,,,,,,
TTC38,,,,,,,,,,,,
GTSE1,,,,,,,,,,,,
TRMU,,,,,,,,,,,,
CELSR1,,,,,,,,,,,,
GRAMD4,,,,,,,,,,,,
CERK,,,,-0.653784022653439,-0.653784022653439,-0.653784022653439,,,,,,
TBC1D22A,,,,,,,,,,,,
BRD1,,,,,,,,,,,,
ZBED4,,,,,,,,,,,,
ALG12,,,,-0.5558864918647132,-0.5558864918647132,-0.5558864918647132,,,,,,
CRELD2,,,,,,,,,,,,
PIM3,,,,,,,,,,,,
TRABD,,,,,,,,,,,,
SELENOO,,,,,,,,,,,,
TUBGCP6,,,,,,,,,,,,
MAPK12,,,,,,,,,,,,
PLXNB2,,,,-0.48355138269624587,-0.48355138269624587,-0.48355138269624587,,,,,,
PPP6R2,,,,,,,,,,,,
SBF1,,,,-0.7064087079470477,-0.7064087079470477,-0.7064087079470477,,,,,,
LMF2,,,,-0.5444812369206137,-0.5444812369206137,-0.5444812369206137,,,,,,
NCAPH2,,,,,,,,,,,,
SCO2,,,,,,,,,,,,
TYMP,,,,,,,,,,,,
CHKB,,,,-0.532962453055934,-0.532962453055934,-0.532962453055934,,,,,,
MAPK8IP2,,,,,,,,,,,,
SHANK3,,,,-0.24030352308443628,-0.24030352308443628,-0.24030352308443628,,,,,,
RABL2B,,,,,,,,,,,,
PLCXD1,,,,,,,,,,,,
GTPBP6,,,,,,,,,,,,
PPP2R3B,,,,,,,,,,,,
SLC25A6,,,,,,,,,,,,
ASMTL,,,,,,,,,,,,
AKAP17A,,,,,,,,,,,,
DHRSX,,,,,,,,,,,,
CD99,,,,,,,,,,,,
GYG2,,,,-0.5064828604455408,-0.5064828604455408,-0.5064828604455408,,,,,,
PRKX,,,,-0.6019206510422298,-0.6019206510422298,-0.6019206510422298,,,,,,
PUDP,,,,,,,,,,,,
STS,-0.14414949996921483,-0.03659001266988878,-0.09036975631955181,,,,,,,,,
PNPLA4,,,,,,,,,,,,
TBL1X,,,,,,,,,,,,
SHROOM2,-0.08323034771772309,0.012676716014263602,-0.035276815851729745,-0.9289502506105135,-0.16205464951990003,-0.5455024500652068,,,,,,
MID1,,,,,,,,,,,,
HCCS,,,,,,,,,,,,
MSL3,,,,,,,,,,,,
FRMPD4,,,,,,,,,,,,
PRPS2,-0.24177252803779528,-0.03206346601474384,-0.13691799702626956,,,,,,,,,
TMSB4X,,,,,,,,,,,,
RAB9A,,,,,,,,,,,,
TRAPPC2,,,,,,,,,,,,
OFD1,,,,,,,,,,,,
GPM6B,,,,,,,,,,,,
GEMIN8,,,,,,,,,,,,
FANCB,,,,,,,,,,,,
MOSPD2,,,,,,,,,,,,
PIGA,,,,,,,,,,,,
PIR,,,,,,,,,,,,
CA5B,,,,,,,,,,,,
ZRSR2,,,,-0.583521707974103,-0.583521707974103,-0.583521707974103,,,,,,
AP1S2,,,,,,,,,,,,
CTPS2,,,,,,,,,,,,
SYAP1,,,,,,,,,,,,
TXLNG,,,,,,,,,,,,
RBBP7,,,,,,,,,,,,
NHS,,,,-0.647250637592906,-0.647250637592906,-0.647250637592906,,,,,,
SCML1,,,,,,,,,,,,
SCML2,,,,,,,,,,,,
CDKL5,,,,,,,,,,,,
PHKA2,,,,,,,,,,,,
PDHA1,,,,,,,,,,,,
MAP3K15,,,,,,,,,,,,
SH3KBP1,,,,-0.9816859451324708,-0.2267188515993629,-0.6042023983659168,,,,,,
BCLAF3,,,,,,,,,,,,
MAP7D2,,,,,,,,,,,,
EIF1AX,,,,,,,,,,,,
RPS6KA3,,,,,,,,,,,,
CNKSR2,-0.08337169999762642,-0.024469893378000058,-0.05392079668781324,,,,,,,-0.10979580564231661,-0.02551244909239164,-0.06765412736735413
MBTPS2,,,,-0.5768068407401644,-0.5768068407401644,-0.5768068407401644,,,,,,
SMS,,,,,,,,,,,,
PRDX4,,,,,,,,,,,,
ACOT9,,,,,,,-0.5423140797270196,-0.0600383307457254,-0.3011762052363725,,,
SAT1,,,,,,,,,,,,
APOO,,,,,,,,,,,,
KLHL15,,,,,,,,,,,,
EIF2S3,,,,,,,,,,,,
ZFX,,,,,,,,,,,,
PDK3,,,,,,,,,,,,
POLA1,,,,,,,,,,,,
IL1RAPL1,,,,,,,,,,,,
GK,,,,,,,,,,,,
TAB3,,,,,,,,,,,,
DMD,-0.11560342361697634,-0.012192364001184307,-0.06389789380908033,,,,,,,,,
TMEM47,,,,,,,,,,,,
PRRG1,,,,,,,,,,,,
DYNLT3,,,,,,,,,,,,
RPGR,,,,,,,,,,,,
TSPAN7,,,,-0.3977614903709615,-0.3977614903709615,-0.3977614903709615,,,,,,
MID1IP1,,,,,,,,,,,,
BCOR,,,,-0.8951513618946796,-0.056296005411634764,-0.4757236836531572,,,,,,
ATP6AP2,,,,,,,,,,,,
CXorf38,,,,,,,,,,,,
MED14,,,,,,,,,,,,
USP9X,,,,,,,,,,,,
DDX3X,,,,,,,,,,,,
CASK,,,,,,,,,,,,
FUNDC1,,,,,,,,,,,,
KDM6A,,,,,,,,,,,,
KRBOX4,,,,-0.4774890861405662,-0.4774890861405662,-0.4774890861405662,,,,,,
SLC9A7,,,,,,,,,,,,
RP2,,,,,,,,,,,,
JADE3,,,,,,,,,,,,
NDUFB11,-0.42514490987235665,-0.09051956386389239,-0.2578322368681245,,,,,,,,,
RBM10,,,,,,,,,,,,
UBA1,,,,,,,,,,,,
CDK16,,,,,,,,,,,,
USP11,,,,,,,,,,,,
ZNF41,,,,-0.5150780782363652,-0.5150780782363652,-0.5150780782363652,,,,,,
ARAF,,,,,,,,,,,,
TIMP1,-0.2371301279556139,-0.0022474779864639434,-0.11968880297103891,,,,,,,,,
ELK1,,,,,,,,,,,,
UXT,,,,,,,,,,,,
ZNF81,,,,,,,,,,,,
FTSJ1,,,,-0.6163452879853379,-0.6163452879853379,-0.6163452879853379,,,,,,
EBP,,,,,,,,,,,,
TBC1D25,,,,,,,,,,,,
RBM3,,,,,,,,,,,,
WDR13,,,,,,,,,,,,
SUV39H1,,,,,,,,,,,,
HDAC6,,,,-0.497846684887399,-0.497846684887399,-0.497846684887399,,,,,,
PCSK1N,-0.21754001962967465,-0.01582562530226881,-0.11668282246597173,,,,,,,,,
PQBP1,,,,,,,,,,,,
TIMM17B,,,,,,,,,,,,
SLC35A2,,,,-0.542825069830963,-0.542825069830963,-0.542825069830963,,,,,,
PIM2,,,,,,,,,,,,
OTUD5,,,,,,,,,,,,
GRIPAP1,,,,,,,,,,,,
TFE3,,,,,,,,,,,,
PRAF2,,,,,,,,,,,,
WDR45,,,,,,,,,,,,
GPKOW,,,,,,,,,,,,
PLP2,,,,,,,,,,,,
PRICKLE3,,,,,,,,,,,,
SYP,,,,-0.49435380887050934,-0.49435380887050934,-0.49435380887050934,,,,,,
CCDC22,,,,,,,,,,,,
CLCN5,,,,,,,,,,,,
NUDT11,,,,,,,,,,,,
GSPT2,,,,,,,,,,,,
MAGED1,,,,,,,,,,,,
FAM156A,,,,-0.5112740228196455,-0.5112740228196455,-0.5112740228196455,,,,,,
TSPYL2,,,,,,,,,,,,
KANTR,,,,,,,,,,,,
KDM5C,,,,,,,,,,,,
IQSEC2,,,,,,,,,,,,
SMC1A,,,,,,,,,,,,
HSD17B10,,,,,,,,,,,,
HUWE1,,,,,,,,,,,,
PHF8,,,,,,,,,,,,
FAM120C,,,,,,,,,,,,
WNK3,,,,,,,,,,,,
TSR2,,,,,,,,,,,,
FGD1,,,,,,,,,,,,
GNL3L,,,,,,,,,,,,
MAGED2,,,,-0.5192342935968307,-0.5192342935968307,-0.5192342935968307,,,,,,
APEX2,,,,,,,,,,,,
FAM104B,,,,,,,,,,-0.3571189541961765,-0.04864826347402874,-0.20288360883510262
RRAGB,,,,-0.5180981749687811,-0.5180981749687811,-0.5180981749687811,,,,,,
UBQLN2,,,,,,,,,,,,
NBDY,,,,,,,,,,,,
SPIN3,,,,,,,,,,,,
SPIN2B,,,,-0.4888633785803823,-0.4888633785803823,-0.4888633785803823,,,,,,
SPIN4,,,,-0.40666046397042444,-0.40666046397042444,-0.40666046397042444,,,,,,
ARHGEF9,,,,,,,,,,,,
AMER1,,,,-0.4017655954216713,-0.4017655954216713,-0.4017655954216713,,,,,,
MTMR8,,,,,,,,,,,,
ZC4H2,,,,,,,,,,,,
ZC3H12B,,,,,,,,,,,,
LAS1L,,,,,,,,,,,,
MSN,,,,-0.546091652142167,-0.546091652142167,-0.546091652142167,,,,,,
AR,,,,,,,,,,,,
OPHN1,,,,,,,,,,,,
YIPF6,,,,,,,,,,,,
PJA1,,,,,,,,,,,,
NALF2,,,,,,,,,,,,
EDA,,,,,,,,,,,,
IGBP1,,,,,,,,,,,,
PDZD11,,,,,,,,,,,,
KIF4A,,,,,,,,,,,,
DLG3,,,,-0.5265511248679444,-0.5265511248679444,-0.5265511248679444,,,,,,
SNX12,,,,,,,,,,,,
MED12,,,,,,,,,,,,
ZMYM3,,,,,,,,,,,,
NONO,,,,,,,,,,,,
TAF1,,,,,,,,,,,,
OGT,,,,,,,,,,,,
NHSL2,,,,,,,,,,,,
PIN4,,,,,,,,,,,,
ERCC6L,,,,,,,,,,,,
RPS4X,,,,,,,,,,,,
CITED1,,,,,,,,,,,,
HDAC8,,,,,,,,,,,,
PHKA1,,,,,,,,,,,,
CHIC1,,,,,,,,,,,,
SLC16A2,,,,,,,,,,,,
RLIM,,,,,,,,,,,,
ABCB7,,,,-0.7060567550185679,-0.7060567550185679,-0.7060567550185679,,,,,,
UPRT,,,,,,,,,,,,
PBDC1,,,,,,,,,,,,
ATRX,,,,,,,,,,,,
MAGT1,,,,,,,,,,,,
COX7B,,,,,,,,,,,,
ATP7A,,,,,,,,,,,,
PGK1,,,,,,,,,,,,
TAF9B,,,,,,,,,,,,
LPAR4,-0.11389414553350138,-0.03318572030390547,-0.07353993291870342,,,,,,,-0.10688866672035134,-0.02560784703596348,-0.06624825687815741
BRWD3,,,,,,,,,,,,
HMGN5,,,,,,,,,,,,
SH3BGRL,,,,,,,,,,,,
RPS6KA6,,,,,,,,,,,,
HDX,,,,-0.5109002536657744,-0.5109002536657744,-0.5109002536657744,,,,,,
APOOL,,,,,,,,,,,,
ZNF711,,,,,,,,,,,,
CHM,,,,,,,,,,,,
DACH2,,,,,,,,,,,,
DIAPH2,,,,,,,,,,,,
TSPAN6,,,,,,,,,,,,
SYTL4,,,,-0.5005837823857571,-0.5005837823857571,-0.5005837823857571,,,,,,
CSTF2,,,,,,,,,,,,
TRMT2B,,,,,,,,,,,,
CENPI,,,,-0.5259003216304117,-0.5259003216304117,-0.5259003216304117,,,,,,
TIMM8A,,,,,,,,,,,,
RPL36A,,,,,,,,,,,,
GLA,,,,-0.9710668793066675,-0.1624530626752606,-0.5667599709909641,,,,,,
HNRNPH2,,,,,,,,,,,,
ARMCX4,,,,,,,,,,,,
ARMCX3,,,,,,,,,,,,
BEX5,,,,-0.5073248584865769,-0.5073248584865769,-0.5073248584865769,,,,,,
TMSB15A,,,,,,,,,,,,
ARMCX5,,,,-0.45848495866215044,-0.45848495866215044,-0.45848495866215044,,,,,,
BEX1,,,,,,,,,,,,
BEX4,,,,,,,,,,,,
TCEAL8,,,,,,,,,,,,
BEX2,,,,,,,,,,,,
TCEAL9,,,,,,,,,,,,
BEX3,,,,,,,,,,,,
TCEAL4,,,,,,,,,,,,
TCEAL3,,,,,,,,,,,,
TCEAL1,,,,,,,,,,,,
MORF4L2,,,,,,,,,,,,
SLC25A53,,,,,,,,,,,,
FAM199X,,,,,,,,,,,,
RADX,,,,,,,,,,,,
RNF128,,,,-0.5984758943605459,-0.5984758943605459,-0.5984758943605459,,,,,,
TBC1D8B,,,,-0.5243903328709674,-0.5243903328709674,-0.5243903328709674,,,,,,
MORC4,,,,,,,,,,,,
RBM41,,,,,,,,,,,,
NUP62CL,,,,-0.49796357126665414,-0.49796357126665414,-0.49796357126665414,,,,,,
PRPS1,,,,,,,,,,,,
TSC22D3,,,,,,,,,,,,
MID2,,,,,,,,,,,,
PSMD10,,,,,,,,,,,,
ATG4A,,,,-0.539118396057576,-0.539118396057576,-0.539118396057576,,,,,,
COL4A6,,,,,,,,,,,,
COL4A5,,,,,,,,,,,,
IRS4,,,,,,,,,,,,
NXT2,,,,-0.4141453418212401,-0.4141453418212401,-0.4141453418212401,,,,,,
ACSL4,,,,,,,,,,,,
TMEM164,,,,,,,,,,,,
AMMECR1,,,,-0.6294667693924564,-0.6294667693924564,-0.6294667693924564,,,,,,
PAK3,,,,,,,,,,,,
ALG13,,,,,,,,,,,,
AMOT,,,,,,,,,,,,
LRCH2,,,,,,,,,,,,
PLS3,,,,,,,,,,,,
KLHL13,,,,,,,,,,,,
WDR44,,,,,,,,,,,,
DOCK11,,,,,,,,,,,,
IL13RA1,,,,,,,,,,,,
ZCCHC12,,,,,,,,,,,,
LONRF3,,,,,,,,,,,,
PGRMC1,,,,,,,,,,,,
SLC25A43,,,,-0.4136810837359445,-0.4136810837359445,-0.4136810837359445,,,,,,
SLC25A5,,,,,,,,,,,,
UBE2A,,,,,,,,,,,,
STEEP1,,,,,,,,,,,,
NKRF,,,,,,,,,,,,
SEPTIN6,,,,,,,,,,,,
RPL39,,,,,,,,,,,,
UPF3B,,,,,,,,,,,,
RNF113A,,,,,,,,,,,,
NDUFA1,,,,,,,,,,,,
NKAP,,,,,,,,,,,,
RHOXF1,,,,,,,,,,,,
ZBTB33,,,,-0.5582557220752913,-0.5582557220752913,-0.5582557220752913,,,,,,
LAMP2,,,,,,,,,,,,
CUL4B,,,,,,,,,,,,
MCTS1,,,,,,,,,,,,
C1GALT1C1,,,,,,,,,,,,
THOC2,,,,,,,,,,,,
XIAP,,,,,,,,,,,,
STAG2,,,,,,,,,,,,
TENM1,,,,,,,,,,,,
SMARCA1,,,,,,,,,,,,
OCRL,,,,,,,,,,,,
ZDHHC9,,,,-0.671000043743731,-0.671000043743731,-0.671000043743731,,,,,,
UTP14A,,,,,,,,,,,,
BCORL1,,,,,,,,,,,,
ELF4,,,,-0.534009388414306,-0.534009388414306,-0.534009388414306,,,,,,
AIFM1,,,,-0.9835502917421645,-0.2542732672962444,-0.6189117795192044,,,,,,
ZNF280C,,,,,,,,,,,,
SLC25A14,,,,,,,,,,,,
RBMX2,,,,,,,,,,,,
ENOX2,,,,,,,,,,,,
IGSF1,,,,-0.40448567172276867,-0.40448567172276867,-0.40448567172276867,,,,,,
STK26,,,,,,,,,,,,
RAP2C,,,,,,,,,,,,
MBNL3,,,,,,,,,,,,
HS6ST2,,,,-0.9548456691115225,-0.14742549189140208,-0.5511355805014623,,,,,,
GPC4,,,,-0.9239616690725192,-0.13791087826032988,-0.5309362736664245,,,,,,
GPC3,,,,,,,,,,,,
PHF6,,,,,,,,,,,,
HPRT1,,,,,,,,,,,,
PLAC1,,,,,,,,,,,,
PABIR2,,,,,,,,,,,,
PABIR3,,,,-0.3116352405853173,-0.3116352405853173,-0.3116352405853173,,,,,,
MOSPD1,,,,,,,,,,,,
SMIM10,,,,,,,,,,,,
RTL8B,,,,-0.48617114167798486,-0.48617114167798486,-0.48617114167798486,,,,,,
RTL8C,,,,,,,,,,,,
RTL8A,,,,,,,,,,,,
ZNF75D,,,,,,,,,,,,
INTS6L,,,,,,,,,,,,
MMGT1,,,,,,,,,,,,
SLC9A6,,,,,,,,,,,,
FHL1,,,,,,,,,,,,
MAP7D3,,,,,,,,,,,,
HTATSF1,,,,,,,,,,,,
RBMX,,,,,,,,,,,,
ZIC3,,,,,,,,,,,,
FGF13,,,,,,,,,,,,
ATP11C,,,,,,,,,,,,
LDOC1,,,,,,,,,,,,
FMR1,,,,,,,,,,,,
AFF2,,,,,,,,,,,,
IDS,,,,-0.5855722284936581,-0.5855722284936581,-0.5855722284936581,,,,,,
EOLA1,,,,-0.4819747065049073,-0.4819747065049073,-0.4819747065049073,,,,,,
TMEM185A,,,,,,,,,,,,
EOLA2,,,,,,,,,,,,
MTM1,,,,,,,,,,,,
MTMR1,,,,,,,,,,,,
CD99L2,,,,,,,,,,,,
HMGB3,,,,,,,,,,,,
VMA21,,,,,,,,,,,,
MAGEA3,,,,,,,,,,,,
CETN2,,,,,,,,,,,,
NSDHL,,,,,,,,,,,,
PNMA6A,,,,,,,,,,,,
ZNF275,,,,,,,,,,,,
HAUS7,,,,-0.42560265925531304,-0.42560265925531304,-0.42560265925531304,,,,,,
CCNQ,,,,,,,,,,,,
DUSP9,,,,,,,,,,,,
SLC6A8,,,,,,,,,,,,
BCAP31,,,,,,,,,,,,
ABCD1,,,,-0.615715157572065,-0.615715157572065,-0.615715157572065,,,,,,
IDH3G,,,,,,,,,,,,
SSR4,,,,,,,,,,,,
NAA10,,,,,,,,,,,,
HCFC1,,,,,,,,,,,,
TMEM187,,,,-0.4987605885888668,-0.4987605885888668,-0.4987605885888668,,,,,,
IRAK1,,,,,,,,,,,,
MECP2,,,,,,,,,,,,
FLNA,,,,,,,,,,,,
EMD,,,,,,,,,,,,
RPL10,,,,,,,,,,,,
DNASE1L1,,,,-0.5479979920202604,-0.5479979920202604,-0.5479979920202604,,,,,,
TAFAZZIN,,,,,,,,,,,,
ATP6AP1,,,,,,,,,,,,
GDI1,,,,,,,,,,,,
FAM50A,,,,,,,,,,,,
PLXNA3,,,,-0.48114288867278016,-0.48114288867278016,-0.48114288867278016,,,,,,
LAGE3,,,,,,,,,,,,
UBL4A,,,,,,,,,,,,
SLC10A3,,,,-0.3912920176060538,-0.3912920176060538,-0.3912920176060538,,,,,,
FAM3A,,,,,,,,,,,,
G6PD,,,,,,,,,,,,
IKBKG,,,,-0.5665027526165579,-0.5665027526165579,-0.5665027526165579,,,,,,
DKC1,,,,,,,,,,,,
MPP1,,,,,,,,,,,,
FUNDC2,,,,,,,,,,,,
CMC4,,,,,,,,,,,,
MTCP1,,,,,,,,,,,,
BRCC3,,,,,,,,,,,,
VBP1,,,,,,,,,,,,
TMLHE,,,,,,,,,,,,
VAMP7,,,,,,,,,,,,
ZFY,-0.0810341994894107,-0.022452983844315825,-0.05174359166686326,,,,,,,,,
PCDH11Y,-0.1107033113859351,-0.031238027444109456,-0.07097066941502228,,,,-0.3914861309470034,-0.03848223814493032,-0.21498418454596685,,,
MT-ND1,,,,,,,,,,,,
MT-ND2,,,,,,,,,,,,
MT-CO1,,,,,,,,,,,,
MT-CO2,-0.47721096308475064,-0.08822645349843428,-0.28271870829159246,,,,,,,,,
MT-ATP8,,,,,,,,,,,,
MT-ATP6,-0.3559580931195987,-0.06408383801529106,-0.21002096556744487,-0.9362984445237885,-0.07111088335672405,-0.5037046639402563,,,,,,
MT-CO3,,,,,,,,,,,,
MT-ND3,,,,,,,,,,,,
MT-ND4L,,,,,,,,,,,,
MT-ND4,,,,,,,,,,,,
MT-ND5,,,,,,,,,,,,
MT-ND6,-0.1874192019866711,0.009358186926567254,-0.08903050753005193,,,,,,,,,
MT-CYB,,,,,,,,,,,,
