,MIR4444-1_All_HAR_min,MIR4444-1_All_HAR_max,MIR4444-1_All_HAR_mid,MIR4444-1_G1_HAR_min,MIR4444-1_G1_HAR_max,MIR4444-1_G1_HAR_mid,MIR4444-1_S_HAR_min,MIR4444-1_S_HAR_max,MIR4444-1_S_HAR_mid,MIR4444-1_G2M_HAR_min,MIR4444-1_G2M_HAR_max,MIR4444-1_G2M_HAR_mid
SAMD11,,,,,,,,,,,,
NOC2L,0.04650332423457729,0.35227226243255727,0.19938779333356726,,,,,,,,,
HES4,,,,,,,,,,,,
ISG15,,,,,,,,,,,,
AGRN,,,,,,,,,,,,
C1orf159,,,,,,,,,,,,
SDF4,,,,,,,,,,,,
B3GALT6,,,,,,,,,,,,
UBE2J2,,,,,,,,,,,,
ACAP3,,,,,,,,,,,,
PUSL1,,,,,,,,,,,,
INTS11,,,,,,,,,,,,
DVL1,,,,,,,,,,,,
AURKAIP1,,,,,,,,,,,,
CCNL2,,,,,,,,,,,,
MRPL20,,,,,,,,,,,,
ATAD3B,,,,,,,,,,,,
ATAD3A,,,,,,,,,,,,
SSU72,,,,,,,,,,,,
MIB2,,,,-0.7644149628442959,-0.7644149628442959,-0.7644149628442959,,,,,,
CDK11B,,,,,,,,,,,,
SLC35E2B,,,,,,,,,,,,
CDK11A,,,,,,,,,,,,
NADK,,,,,,,,,,,,
GNB1,,,,,,,,,,0.04222691706877106,0.514618432822976,0.2784226749458735
PRKCZ,,,,,,,,,,,,
FAAP20,,,,,,,,,,,,
SKI,,,,,,,,,,,,
MORN1,,,,,,,,,,,,
RER1,,,,,,,,,,,,
PEX10,,,,,,,,,,,,
PANK4,,,,-0.7521730346230784,-0.7521730346230784,-0.7521730346230784,,,,,,
HES5,,,,,,,,,,,,
PRDM16,,,,,,,,,,,,
TPRG1L,,,,,,,,,,,,
WRAP73,,,,,,,,,,,,
SMIM1,,,,,,,,,,,,
LRRC47,,,,,,,,,,,,
CEP104,,,,,,,,,,,,
DFFB,,,,,,,,,,,,
C1orf174,,,,,,,,,,,,
NPHP4,,,,,,,,,,,,
KCNAB2,,,,,,,,,,,,
RPL22,,,,,,,,,,,,
ICMT,,,,,,,,,,,,
ACOT7,,,,-0.9851868262316789,-0.2311783896945936,-0.6081826079631363,,,,,,
NOL9,,,,,,,,,,,,
ZBTB48,,,,,,,,,,,,
KLHL21,,,,,,,,,,,,
PHF13,,,,,,,,,,,,
THAP3,,,,,,,,,,,,
DNAJC11,,,,,,,,,,,,
CAMTA1,,,,,,,,,,,,
VAMP3,,,,,,,,,,,,
PER3,,,,,,,,,,,,
PARK7,,,,,,,,,,,,
ERRFI1,,,,,,,,,,,,
RERE,,,,,,,,,,,,
ENO1,,,,,,,,,,,,
GPR157,,,,,,,,,,,,
H6PD,,,,,,,,,,,,
SPSB1,,,,,,,,,,,,
SLC25A33,,,,,,,,,,,,
TMEM201,,,,,,,,,,,,
CLSTN1,,,,,,,,,,,,
CTNNBIP1,,,,,,,,,,,,
LZIC,,,,,,,,,,,,
NMNAT1,,,,,,,,,,,,
RBP7,,,,-0.7506421211472878,-0.7506421211472878,-0.7506421211472878,,,,,,
UBE4B,0.057164614251862256,0.3301546429360319,0.1936596285939471,,,,,,,,,
KIF1B,0.05988353303636939,0.29924240358166654,0.17956296830901797,,,,,,,,,
PGD,,,,,,,,,,,,
CENPS,,,,,,,,,,,,
DFFA,,,,,,,,,,,,
PEX14,,,,,,,,,,,,
CASZ1,0.07457936013893904,0.2692777388689998,0.1719285495039694,,,,,,,,,
TARDBP,0.1259985751144321,0.34189651299655904,0.23394754405549556,,,,,,,0.06715236903795023,0.4116948425141929,0.23942360577607158
SRM,,,,,,,,,,,,
EXOSC10,,,,,,,,,,,,
MTOR,0.0673311644441365,0.3284855444424319,0.1979083544432842,,,,,,,,,
UBIAD1,,,,,,,,,,,,
FBXO44,,,,,,,,,,,,
MAD2L2,,,,,,,,,,,,
AGTRAP,,,,,,,,,,,,
MTHFR,,,,,,,,,,,,
CLCN6,,,,,,,,,,,,
KIAA2013,,,,,,,,,,,,
PLOD1,,,,,,,,,,,,
MFN2,,,,,,,,,,,,
MIIP,,,,,,,,,,,,
VPS13D,,,,,,,,,,,,
DHRS3,,,,,,,,,,,,
PDPN,,,,,,,,,,,,
PRDM2,,,,,,,,,,,,
KAZN,,,,,,,,,,,,
TMEM51,,,,,,,,,,,,
EFHD2,,,,,,,,,,,,
CASP9,,,,,,,,,,,,
DNAJC16,,,,,,,,,,,,
DDI2,,,,,,,,,,,,
PLEKHM2,,,,,,,,,,,,
UQCRHL,,,,,,,,,,,,
SPEN,,,,,,,,,,,,
ZBTB17,,,,,,,,,,,,
FBXO42,,,,,,,,,,,,
SZRD1,,,,,,,,,,,,
NECAP2,,,,,,,,,,,,
NBPF1,,,,,,,,,,,,
CROCC,,,,,,,,,,,,
ATP13A2,,,,,,,,,,,,
SDHB,,,,,,,,,,,,
RCC2,,,,,,,,,,,,
ALDH4A1,,,,,,,,,,,,
UBR4,,,,,,,,,,,,
EMC1,,,,,,,,,,,,
MRTO4,,,,,,,,,,,,
AKR7A2,,,,,,,,,,,,
SLC66A1,,,,,,,,,,,,
CAPZB,,,,,,,,,,,,
MICOS10,,,,,,,,,,,,
NBL1,,,,,,,,,,,,
TMCO4,,,,,,,,,,,,
OTUD3,,,,,,,,,,,,
PLA2G5,-0.2300504726003085,-0.08727481414373794,-0.15866264337202324,-0.839614706848525,-0.839614706848525,-0.839614706848525,,,,,,
CAMK2N1,,,,,,,,,,,,
MUL1,,,,,,,,,,,,
PINK1,,,,,,,,,,,,
DDOST,,,,,,,,,,,,
KIF17,,,,,,,,,,,,
HP1BP3,,,,,,,,,,,,
EIF4G3,,,,,,,,,,,,
ECE1,,,,-0.9904044354999971,-0.5231323272417182,-0.7567683813708577,,,,,,
USP48,0.05524724042386912,0.332547603617131,0.19389742202050006,,,,,,,,,
HSPG2,,,,,,,,,,,,
CDC42,,,,,,,,,,,,
ZBTB40,,,,,,,,,,,,
EPHA8,,,,,,,,,,,,
EPHB2,,,,,,,,,,,,
KDM1A,0.11656962888625327,0.39656834438041855,0.25656898663333594,,,,0.08843788608451807,0.5914390055220213,0.3399384458032697,,,
LUZP1,,,,,,,,,,,,
HNRNPR,0.10312532535362338,0.3466862256585441,0.22490577550608376,,,,0.02054707431318209,0.4462344997729361,0.2333907870430591,0.047451088491752426,0.4593349400896243,0.25339301429068833
ASAP3,,,,,,,,,,,,
E2F2,,,,,,,,,,,,
ID3,,,,,,,,,,,,
RPL11,,,,,,,,,,,,
ELOA,,,,,,,,,,,,
PITHD1,,,,,,,,,,,,
LYPLA2,,,,,,,,,,,,
GALE,,,,,,,,,,,,
HMGCL,,,,,,,,,,,,
FUCA1,,,,-0.8365086470399992,-0.8365086470399992,-0.8365086470399992,,,,,,
PNRC2,,,,,,,,,,,,
SRSF10,,,,,,,,,,,,
GRHL3,,,,,,,,,,-0.11147637910264317,-0.01399319177021402,-0.0627347854364286
STPG1,,,,-0.7634389006894335,-0.7634389006894335,-0.7634389006894335,,,,,,
NIPAL3,,,,,,,,,,,,
RCAN3,,,,,,,,,,,,
SRRM1,,,,,,,,,,,,
CLIC4,,,,,,,,,,,,
SYF2,,,,,,,,,,,,
RSRP1,,,,-0.9801199080700218,-0.2993379107741502,-0.6397289094220859,,,,,,
TMEM50A,,,,,,,,,,,,
MACO1,,,,,,,,,,,,
LDLRAP1,,,,,,,,,,,,
SELENON,,,,,,,,,,,,
MTFR1L,,,,,,,,,,,,
AUNIP,,,,,,,,,,,,
PAQR7,,,,,,,,,,,,
STMN1,,,,,,,,,,,,
PDIK1L,,,,,,,,,,,,
ZNF593,,,,,,,,,,,,
CEP85,,,,,,,,,,,,
SH3BGRL3,,,,,,,,,,,,
UBXN11,,,,,,,,,,,,
DHDDS,,,,,,,,,,,,
HMGN2,,,,,,,,,,,,
RPS6KA1,,,,,,,,,,,,
ARID1A,0.038185212736144274,0.3149465690538787,0.17656589089501148,,,,,,,,,
ZDHHC18,,,,,,,,,,,,
GPN2,,,,,,,,,,,,
GPATCH3,,,,,,,,,,,,
NUDC,0.12424544247225555,0.3398221017671231,0.2320337721196893,,,,,,,0.056981867258977296,0.4304592138726808,0.24372054056582906
TRNP1,,,,,,,,,,,,
SLC9A1,,,,,,,,,,,,
WDTC1,,,,,,,,,,,,
TMEM222,,,,,,,,,,,,
WASF2,,,,,,,,,,,,
AHDC1,,,,-0.9861838381072233,-0.4151814802993808,-0.7006826592033021,,,,,,
FAM76A,,,,,,,,,,,,
STX12,,,,,,,,,,,,
PPP1R8,,,,-0.9833187664789382,-0.29465601293831295,-0.6389873897086256,,,,,,
RPA2,,,,,,,,,,,,
EYA3,,,,,,,,,,,,
DNAJC8,,,,,,,,,,,,
ATP5IF1,,,,,,,,,,,,
SESN2,,,,,,,,,,,,
MED18,,,,,,,,,,,,
PHACTR4,,,,,,,,,,,,
RCC1,0.047893776523790635,0.24311339699760737,0.145503586760699,,,,,,,,,
TRNAU1AP,,,,,,,,,,,,
TAF12,,,,,,,,,,,,
GMEB1,,,,,,,,,,,,
YTHDF2,0.02516168306216369,0.23447543262423717,0.12981855784320043,,,,,,,,,
EPB41,,,,,,,,,,,,
SRSF4,0.06756110435411934,0.3445415765601065,0.2060513404571129,,,,,,,0.11356062416658702,0.46805934931924853,0.2908099867429178
MECR,,,,,,,,,,,,
PTPRU,,,,,,,,,,,,
MATN1,,,,-0.44148564799425394,-0.44148564799425394,-0.44148564799425394,,,,,,
SDC3,,,,,,,,,,,,
PUM1,,,,,,,,,,,,
NKAIN1,,,,-0.9745309153643118,-0.29046983634796586,-0.6325003758561388,,,,,,
SNRNP40,,,,,,,,,,,,
ZCCHC17,,,,,,,,,,,,
PEF1,,,,,,,,,,,,
PTP4A2,0.004796792617165947,0.3047977769684971,0.1547972847928315,,,,,,,,,
KHDRBS1,0.10276357498976206,0.3732009097563899,0.237982242373076,,,,0.003209547578220879,0.4180066172526089,0.2106080824154149,,,
TMEM39B,,,,,,,,,,,,
KPNA6,,,,,,,,,,,,
TXLNA,,,,,,,,,,,,
CCDC28B,,,,,,,,,,,,
TMEM234,,,,-0.7823884346470161,-0.7823884346470161,-0.7823884346470161,,,,,,
EIF3I,,,,,,,,,,,,
HDAC1,,,,,,,,,,,,
MARCKSL1,,,,,,,,,,,,
BSDC1,,,,,,,,,,,,
ZBTB8B,,,,,,,,,,,,
ZBTB8A,,,,,,,,,,,,
ZBTB8OS,,,,,,,,,,,,
RBBP4,,,,,,,,,,,,
SYNC,-0.33383169687553504,-0.11358893378915079,-0.22371031533234292,,,,-0.36457400654221056,-0.049901004950962176,-0.20723750574658636,,,
KIAA1522,,,,,,,,,,,,
YARS1,,,,,,,,,,,,
S100PBP,,,,,,,,,,,,
TMEM54,,,,,,,,,,,,
RNF19B,,,,,,,,,,,,
AK2,,,,,,,,,,,,
ZNF362,,,,,,,,,,,,
PHC2,,,,,,,,,,,,
SMIM12,,,,,,,,,,,,
TMEM35B,,,,,,,,,,,,
ZMYM6,,,,,,,,,,,,
ZMYM1,,,,,,,,,,,,
SFPQ,0.14538233617798418,0.306264669757747,0.2258235029678656,,,,0.05737286437145809,0.36947762736164563,0.21342524586655187,0.11455305181600817,0.3471993178885742,0.2308761848522912
ZMYM4,0.01799547691288115,0.2541504360934953,0.13607295650318824,,,,,,,0.03197424362056769,0.4118209603328583,0.221897601976713
KIAA0319L,,,,,,,,,,,,
NCDN,,,,,,,,,,,,
PSMB2,,,,,,,,,,,,
CLSPN,,,,,,,,,,,,
AGO4,,,,,,,,,,,,
AGO1,,,,,,,,,,,,
AGO3,,,,,,,,,,,,
ADPRS,,,,,,,,,,,,
TRAPPC3,,,,,,,,,,,,
MAP7D1,,,,,,,,,,,,
THRAP3,,,,,,,,,,,,
EVA1B,,,,,,,,,,,,
STK40,,,,,,,,,,,,
LSM10,,,,,,,,,,,,
OSCP1,,,,,,,,,,,,
MRPS15,,,,,,,,,,,,
MEAF6,,,,,,,,,,,,
SNIP1,0.06170805546442745,0.26653183849763545,0.16411994698103144,,,,,,,,,
GNL2,0.10990517644974394,0.36341919690765423,0.2366621866786991,,,,,,,,,
C1orf109,,,,,,,,,,,,
CDCA8,,,,,,,,,,,,
MANEAL,,,,,,,,,,,,
YRDC,,,,,,,,,,,,
C1orf122,,,,,,,,,,,,
MTF1,,,,,,,,,,,,
INPP5B,,,,,,,,,,,,
SF3A3,0.09843155976961197,0.3798770998439354,0.2391543298067737,,,,,,,0.0278420500060659,0.46956973638653204,0.24870589319629896
FHL3,,,,,,,,,,,,
UTP11,0.07311610879115307,0.43616124119460276,0.2546386749928779,,,,,,,,,
RRAGC,,,,,,,,,,,,
MYCBP,,,,,,,,,,,,
AKIRIN1,0.062338721044472814,0.3409750765718484,0.2016568988081606,,,,,,,,,
NDUFS5,,,,,,,,,,,,
MACF1,0.007509933656958685,0.2801786501051687,0.14384429188106368,,,,,,,,,
PABPC4,,,,,,,,,,,,
PPIE,,,,,,,,,,,,
BMP8B,,,,,,,,,,,,
TRIT1,,,,,,,,,,,,
CAP1,,,,,,,,,,,,
PPT1,,,,,,,,,,,,
RLF,,,,,,,,,,,,
ZMPSTE24,0.06852522865637241,0.3199410444823586,0.1942331365693655,,,,,,,,,
SMAP2,,,,,,,,,,,,
ZNF684,,,,,,,,,,,,
NFYC,,,,,,,,,,,,
CTPS1,,,,,,,,,,,,
SCMH1,0.04741666636894716,0.29916379932047177,0.17329023284470946,,,,,,,-0.024444695669561336,0.33591120439441957,0.15573325436242913
HIVEP3,,,,,,,,,,,,
FOXJ3,,,,,,,,,,,,
RIMKLA,,,,,,,,,,,,
PPCS,,,,,,,,,,,,
PPIH,,,,,,,,,,,,
YBX1,,,,,,,,,,,,
P3H1,,,,,,,,,,,,
C1orf50,,,,,,,,,,,,
SVBP,,,,,,,,,,,,
ZNF691,,,,,,,,,,,,
SLC2A1,,,,,,,,,,,,
EBNA1BP2,,,,,,,,,,,,
CDC20,,,,-0.9765505076521929,-0.20893128552603243,-0.5927408965891127,,,,,,
ELOVL1,,,,,,,,,,,,
MED8,,,,,,,,,,,,
SZT2,,,,,,,,,,,,
HYI,,,,,,,,,,,,
PTPRF,,,,,,,,,,,,
KDM4A,,,,,,,,,,,,
ST3GAL3,,,,,,,,,,,,
IPO13,,,,-0.750590773369548,-0.750590773369548,-0.750590773369548,,,,,,
DPH2,,,,,,,,,,,,
ATP6V0B,,,,,,,,,,,,
B4GALT2,,,,,,,,,,,,
DMAP1,,,,,,,,,,,,
ERI3,,,,,,,,,,,,
RNF220,,,,,,,,,,,,
TMEM53,,,,,,,,,,,,
KIF2C,,,,,,,,,,,,
RPS8,,,,,,,,,,,,
PTCH2,,,,,,,,,,,,
EIF2B3,,,,-0.9851835015905501,-0.36445615815224625,-0.6748198298713982,,,,,,
HECTD3,,,,,,,,,,,,
UROD,,,,,,,,,,,,
ZSWIM5,,,,-0.9754765224051717,-0.290035977894179,-0.6327562501496753,,,,,,
MUTYH,,,,,,,,,,,,
TOE1,,,,,,,,,,,,
TESK2,,,,-0.9715635110927772,-0.1558172905545309,-0.5636904008236541,,,,,,
MMACHC,,,,,,,,,,,,
PRDX1,,,,,,,,,,,,
AKR1A1,,,,,,,,,,,,
NASP,0.056901587003705574,0.2830095654555701,0.16995557622963783,,,,,,,,,
GPBP1L1,,,,,,,,,,,,
TMEM69,0.06713028436947936,0.30037777336643995,0.18375402886795966,,,,,,,,,
IPP,,,,,,,,,,,,
MAST2,,,,,,,,,,,,
PIK3R3,,,,-0.9892969706047636,-0.24478736125067338,-0.6170421659277185,,,,,,
POMGNT1,,,,,,,,,,,,
RAD54L,,,,,,,,,,,,
LRRC41,,,,,,,,,,,,
UQCRH,,,,,,,,,,,,
NSUN4,,,,,,,,,,,,
DMBX1,,,,,,,,,,,,
MKNK1,,,,,,,,,,,,
ATPAF1,,,,,,,,,,,,
EFCAB14,,,,,,,,,,,,
STIL,,,,,,,,,,,,
CMPK1,,,,,,,,,,,,
FOXD2,,,,-0.7874671968631353,-0.7874671968631353,-0.7874671968631353,,,,,,
TRABD2B,,,,-0.7548823315877617,-0.7548823315877617,-0.7548823315877617,,,,,,
SPATA6,,,,,,,,,,,,
FAF1,,,,,,,,,,,,
CDKN2C,,,,,,,,,,,,
RNF11,,,,,,,,,,,,
EPS15,,,,,,,,,,,,
OSBPL9,0.057975543580638715,0.3199400674709135,0.18895780552577612,,,,,,,,,
NRDC,0.1668645354077111,0.4292672327997905,0.2980658841037508,,,,,,,0.1099156796983647,0.4715617689760609,0.2907387243372128
RAB3B,,,,,,,,,,,,
TXNDC12,,,,-0.9780934315886868,-0.3510827711021936,-0.6645881013454402,,,,,,
KTI12,,,,,,,,,,,,
BTF3L4,,,,,,,,,,,,
ZFYVE9,0.005779301948310505,0.24927869493713764,0.12752899844272408,,,,,,,,,
CC2D1B,,,,,,,,,,,,
ORC1,,,,,,,,,,,,
PRPF38A,0.10226579045860694,0.35405171891517495,0.22815875468689095,,,,,,,,,
TUT4,0.015438653124461367,0.31442825177852357,0.16493345245149246,,,,,,,,,
COA7,0.06970872372726009,0.33772612583749684,0.20371742478237848,,,,,,,,,
ZYG11B,,,,,,,,,,,,
ZYG11A,,,,,,,,,,,,
ECHDC2,,,,-0.9763904335155537,-0.17057392289264398,-0.5734821782040989,,,,,,
SCP2,0.049883919073755514,0.33190810147884503,0.19089601027630027,,,,,,,,,
CPT2,,,,,,,,,,,,
CZIB,,,,,,,,,,,,
MAGOH,,,,,,,,,,,,
LRP8,,,,,,,,,,,,
GLIS1,,,,,,,,,,,,
NDC1,,,,-0.9804013522364242,-0.3333125944107947,-0.6568569733236095,,,,,,
YIPF1,,,,,,,,,,,,
IFT25,,,,,,,,,,,,
LRRC42,,,,,,,,,,,,
TMEM59,,,,,,,,,,,,
TCEANC2,,,,,,,,,,,,
CYB5RL,,,,,,,,,,,,
MRPL37,,,,,,,,,,,,
SSBP3,,,,,,,,,,,,
TTC4,,,,,,,,,,,,
DHCR24,0.04222582407572564,0.2893734870622824,0.165799655569004,,,,,,,,,
USP24,0.06237905523940504,0.24569080032726118,0.1540349277833331,,,,,,,,,
PLPP3,,,,,,,,,,,,
PRKAA2,,,,,,,,,,,,
DAB1,,,,,,,,,,,,
OMA1,,,,,,,,,,,,
MYSM1,,,,,,,,,,,,
JUN,,,,,,,,,,,,
FGGY,,,,,,,,,,,,
HOOK1,,,,,,,,,,,,
NFIA,,,,,,,,,,,,
TM2D1,,,,,,,,,,,,
PATJ,,,,,,,,,,,,
USP1,,,,,,,,,,,,
DOCK7,,,,-0.9589114568739043,-0.09512346722689746,-0.5270174620504009,,,,,,
ATG4C,,,,,,,,,,,,
ALG6,,,,,,,,,,,,
ITGB3BP,,,,,,,,,,,,
EFCAB7,,,,,,,,,,,,
PGM1,,,,,,,,,,,,
ROR1,,,,,,,,,,,,
CACHD1,,,,-0.9880713769136896,-0.28024724241805804,-0.6341593096658739,,,,,,
RAVER2,,,,,,,,,,,,
JAK1,,,,,,,,,,,,
AK4,,,,,,,,,,,,
DNAJC6,,,,,,,,,,,,
LEPROT,,,,,,,,,,,,
LEPR,,,,,,,,,,,,
MIER1,,,,,,,,,,,,
SLC35D1,,,,,,,,,,,,
IL12RB2,,,,-0.9853924009978717,-0.23617980656609389,-0.6107861037819828,,,,,,
SERBP1,0.1541369960568027,0.3706034858847008,0.2623702409707518,,,,,,,,,
GADD45A,,,,,,,,,,,,
GNG12,,,,,,,,,,,,
WLS,,,,,,,,,,,,
DEPDC1,0.14133549043081892,0.3367123969327621,0.23902394368179053,,,,,,,,,
LRRC40,,,,,,,,,,,,
SRSF11,,,,,,,,,,,,
ANKRD13C,,,,,,,,,,,,
CTH,,,,,,,,,,,,
ZRANB2,,,,,,,,,,,,
LRRIQ3,,,,,,,,,,,,
FPGT,,,,,,,,,,,,
TNNI3K,-0.146621529598983,-0.05740144168022178,-0.10201148563960238,-0.963163713733337,-0.2361521506509172,-0.599657932192127,,,,,,
CRYZ,,,,,,,,,,,,
TYW3,,,,,,,,,,,,
LHX8,,,,,,,,,,,,
SLC44A5,,,,,,,,,,,,
ACADM,0.03364564428609886,0.32135137521630835,0.1774985097512036,,,,,,,,,
RABGGTB,,,,,,,,,,,,
ST6GALNAC3,,,,-0.9806405493093528,-0.2121083550767591,-0.596374452193056,,,,,,
PIGK,,,,,,,,,,,,
ZZZ3,0.03282097742811573,0.29200878707328753,0.16241488225070164,,,,,,,0.010966070054575743,0.3359439523058019,0.1734550111801888
USP33,0.007828479895401076,0.3218931635979939,0.1648608217466975,,,,,,,,,
MIGA1,,,,,,,,,,,,
NEXN,,,,,,,,,,,,
FUBP1,0.033064657010686095,0.3280163448427507,0.18054050092671842,,,,,,,0.04256908404156339,0.4291263061728168,0.2358476951071901
DNAJB4,,,,,,,,,,,,
ADGRL2,0.04176971733408062,0.28256321510013677,0.1621664662171087,,,,,,,,,
TTLL7,,,,,,,,,,,,
PRKACB,,,,,,,,,,,,
RPF1,0.0512647898166741,0.3235254732714192,0.18739513154404663,,,,,,,,,
GNG5,,,,,,,,,,,,
CTBS,,,,,,,,,,,,
SSX2IP,0.14108528272672308,0.39649815472692457,0.26879171872682384,,,,0.11121501404246845,0.5378080016777147,0.3245115078600916,0.0978224016706596,0.5216414567501523,0.30973192921040593
LPAR3,,,,,,,,,,,,
MCOLN2,,,,,,,,,,,,
DNAI3,,,,,,,,,,,,
MCOLN3,,,,,,,,,,,,
SYDE2,,,,,,,,,,,,
C1orf52,,,,,,,,,,,,
BCL10,,,,,,,,,,,,
DDAH1,,,,,,,,,,,,
CCN1,,,,,,,,,,,,
ZNHIT6,,,,,,,,,,,,
ODF2L,,,,,,,,,,,,
SH3GLB1,,,,,,,,,,,,
SELENOF,,,,,,,,,,,,
HS2ST1,,,,,,,,,,,,
LMO4,,,,,,,,,,,,
PKN2,0.11743905974049182,0.3301108527892652,0.22377495626487853,,,,,,,,,
GTF2B,,,,,,,,,,,,
KYAT3,,,,,,,,,,,,
RBMXL1,,,,,,,,,,,,
LRRC8B,,,,,,,,,,,,
LRRC8C,,,,,,,,,,,,
LRRC8D,,,,,,,,,,,,
ZNF326,0.06514605703795476,0.32982675075283746,0.19748640389539612,,,,,,,,,
ZNF644,,,,,,,,,,,,
HFM1,,,,,,,,,,,,
CDC7,,,,,,,,,,,,
TGFBR3,,,,,,,,,,,,
BTBD8,,,,,,,,,,,,
GLMN,,,,,,,,,,,,
RPAP2,0.11289367720163358,0.386845745486466,0.24986971134404978,,,,,,,0.08310194890881367,0.47934219877500656,0.2812220738419101
EVI5,,,,,,,,,,,,
RPL5,,,,,,,,,,,,
DIPK1A,,,,,,,,,,,,
MTF2,,,,,,,,,,,,
TMED5,,,,,,,,,,,,
CCDC18,,,,,,,,,,,,
DR1,0.020166178445619617,0.28795398392865357,0.1540600811871366,,,,,,,,,
FNBP1L,0.08586310103773091,0.32709644369896745,0.2064797723683492,,,,,,,0.08387932071980413,0.4093332513243551,0.24660628602207962
BCAR3,,,,,,,,,,,,
DNTTIP2,0.13778631921165574,0.3491764237592421,0.24348137148544893,,,,,,,,,
GCLM,,,,,,,,,,,,
ARHGAP29,,,,,,,,,,,,
ABCD3,,,,,,,,,,,,
CNN3,,,,,,,,,,,,
ALG14,,,,,,,,,,,,
TLCD4,,,,,,,,,,,,
RWDD3,,,,,,,,,,,,
PTBP2,,,,,,,,,,,,
DPYD,,,,,,,,,,,,
SNX7,,,,,,,,,,,,
FRRS1,,,,,,,,,,,,
AGL,,,,,,,,,,,,
SLC35A3,,,,,,,,,,,,
MFSD14A,,,,,,,,,,,,
SASS6,0.028230128264850683,0.3379985430227489,0.18311433564379978,,,,,,,0.031246645058592218,0.5042731715141779,0.2677599082863851
TRMT13,,,,,,,,,,,,
DBT,,,,,,,,,,,,
RTCA,,,,,,,,,,,,
CDC14A,0.056877151915276224,0.2926206440137274,0.1747488979645018,,,,,,,,,
EXTL2,,,,,,,,,,,,
SLC30A7,,,,,,,,,,,,
DPH5,0.09310647356790724,0.3588322368810881,0.22596935522449768,,,,,,,,,
RNPC3,,,,,,,,,,,,
PRMT6,,,,,,,,,,,,
VAV3,,,,,,,,,,,,
SLC25A24,,,,,,,,,,,,
EEIG2,,,,,,,,,,,,
PRPF38B,0.06905422081329542,0.3545370553879377,0.21179563810061658,,,,,,,,,
STXBP3,0.06847026149442448,0.32520974759518817,0.19684000454480632,,,,,,,,,
GPSM2,,,,,,,,,,,,
CLCC1,,,,,,,,,,,,
WDR47,,,,,,,,,,,,
TAF13,,,,,,,,,,,,
TMEM167B,,,,,,,,,,,,
SARS1,,,,,,,,,,,,
CELSR2,,,,,,,,,,,,
PSRC1,0.06826356421620369,0.2811581347145963,0.1747108494654,,,,,,,,,
SORT1,,,,,,,,,,,,
PSMA5,,,,,,,,,,,,
GNAI3,0.04789623036079814,0.38329850360085693,0.21559736698082754,,,,,,,-0.016065132941381993,0.4695717917273928,0.22675332939300538
AMPD2,,,,,,,,,,,,
GSTM3,,,,,,,,,,,,
AHCYL1,,,,,,,,,,,,
STRIP1,,,,-0.985384340717224,-0.28824381011977734,-0.6368140754185007,,,,,,
KCNC4,,,,,,,,,,,,
RBM15,,,,,,,,,,,,
SLC16A4,,,,,,,,,,,,
LAMTOR5,,,,,,,,,,,,
LRIF1,,,,,,,,,,,,
DRAM2,,,,,,,,,,,,
CEPT1,,,,-0.9925989321980291,-0.5167819074188303,-0.7546904198084297,,,,,,
WDR77,0.04710603969524932,0.2969636178892495,0.1720348287922494,,,,,,,,,
ATP5PB,,,,,,,,,,,,
RAP1A,0.08192865374839427,0.35383473742276644,0.21788169558558035,,,,,,,,,
DDX20,,,,,,,,,,,,
CTTNBP2NL,,,,,,,,,,,,
ST7L,,,,,,,,,,,,
CAPZA1,,,,,,,,,,,,
MOV10,,,,,,,,,,,,
RHOC,,,,,,,,,,,,
SLC16A1,,,,,,,,,,,,
LRIG2,,,,,,,,,,,,
MAGI3,,,,,,,,,,,,
PHTF1,,,,,,,,,,,,
RSBN1,,,,,,,,,,,,
AP4B1,,,,-0.7531903617003642,-0.7531903617003642,-0.7531903617003642,,,,,,
DCLRE1B,,,,,,,,,,,,
HIPK1,,,,,,,,,,,,
TRIM33,,,,-0.987432387104048,-0.27667493662933107,-0.6320536618666895,,,,,,
BCAS2,,,,,,,,,,,,
DENND2C,,,,-0.9863378383408621,-0.2283138480419422,-0.6073258431914021,,,,,,
NRAS,,,,,,,,,,,,
CSDE1,0.13956085178213537,0.40906451353908213,0.27431268266060876,,,,,,,0.04342897721937622,0.35654595414405604,0.19998746568171613
SIKE1,,,,,,,,,,,,
VANGL1,,,,,,,,,,,,
SLC22A15,,,,,,,,,,,,
ATP1A1,,,,,,,,,,,,
CD58,,,,,,,,,,,,
IGSF3,,,,,,,,,,,,
PTGFRN,,,,-0.9832987398567534,-0.3244951907414581,-0.6538969652991058,,,,,,
TTF2,0.09719136385084419,0.3924804517337123,0.24483590779227826,,,,,,,0.07090047104838715,0.4496997269144985,0.2603000989814428
MAN1A2,0.04948807160338776,0.28313308397386044,0.1663105777886241,,,,,,,0.0574727691576306,0.4034858242773901,0.23047929671751036
GDAP2,,,,,,,,,,,,
WDR3,0.13475088375679659,0.36649886204655224,0.2506248729016744,,,,,,,0.1313088046786596,0.40811690103421705,0.2697128528564383
WARS2,,,,,,,,,,,,
ZNF697,,,,,,,,,,,,
PHGDH,0.01590540375448332,0.3156817847189669,0.16579359423672513,,,,,,,,,
NOTCH2,,,,,,,,,,,,
SEC22B,,,,,,,,,,,,
NBPF8,,,,,,,,,,,,
FAM72B,,,,-0.5603954062798016,-0.5603954062798016,-0.5603954062798016,,,,,,
SRGAP2C,,,,,,,,,,,,
NBPF15,,,,,,,,,,,,
SRGAP2B,,,,,,,,,,,,
NBPF20,,,,-0.828731133568265,-0.828731133568265,-0.828731133568265,,,,0.05471519457433289,0.376351189513963,0.21553319204414795
GPR89A,0.09507491760204383,0.3237460552753281,0.20941048643868598,,,,,,,,,
RNF115,,,,,,,,,,,,
POLR3C,,,,,,,,,,,,
PIAS3,,,,,,,,,,,,
PEX11B,0.048762675945746375,0.25112257085132306,0.1499426233985347,,,,,,,,,
RBM8A,,,,,,,,,,,,
LIX1L,,,,,,,,,,,,
POLR3GL,,,,,,,,,,,,
TXNIP,,,,,,,,,,,,
NOTCH2NLA,,,,,,,,,,,,
NBPF12,,,,,,,,,,,,
PRKAB2,,,,,,,,,,,,
BCL9,0.07221971018482898,0.3134389962157077,0.19282935320026834,,,,,,,,,
ACP6,,,,,,,,,,,,
GPR89B,,,,,,,0.08183918849655579,0.474403768179072,0.27812147833781387,,,
NBPF11,,,,,,,,,,,,
PDE4DIP,,,,,,,,,,,,
NBPF9,,,,,,,,,,,,
NOTCH2NLC,,,,,,,,,,,,
BOLA1,,,,,,,,,,,,
SV2A,0.05745880662700407,0.26113147436482825,0.15929514049591617,,,,,,,,,
SF3B4,,,,,,,,,,,,
OTUD7B,,,,,,,,,,,,
VPS45,,,,,,,,,,,,
PLEKHO1,,,,,,,,,,,,
ANP32E,-0.03400115131072104,0.31404481583853844,0.14002183226390869,,,,,,,-0.09231397649076502,0.5542766195858578,0.23098132154754641
APH1A,,,,,,,,,,,,
C1orf54,,,,,,,,,,,,
MRPS21,,,,,,,,,,,,
PRPF3,,,,,,,,,,,,
RPRD2,,,,,,,,,,,,
TARS2,,,,,,,,,,,,
MCL1,,,,,,,,,,,,
ENSA,-0.02179532812433778,0.25035218907981005,0.11427843047773614,,,,,,,,,
GOLPH3L,0.051666401237714564,0.27593403584275755,0.16380021854023605,,,,,,,,,
ARNT,,,,,,,,,,,,
SETDB1,0.06833064762422031,0.33011674156757354,0.19922369459589692,,,,,,,,,
CERS2,0.05384705307862553,0.25848681703626036,0.15616693505744295,,,,,,,,,
MINDY1,,,,,,,,,,,,
PRUNE1,,,,,,,,,,,,
C1orf56,-0.3410274537787281,-0.11131308567348891,-0.2261702697261085,,,,,,,-0.3972285640546419,-0.07858343699407255,-0.23790600052435723
CDC42SE1,,,,,,,,,,,,
GABPB2,,,,,,,,,,,,
SCNM1,,,,,,,,,,,,
LYSMD1,-0.3132803051177439,-0.10457460799857952,-0.20892745655816172,,,,,,,-0.39374944962486264,-0.1205262136856091,-0.25713783165523585
VPS72,0.04274354469504538,0.26824169120886354,0.15549261795195446,,,,,,,,,
PIP5K1A,,,,,,,,,,,,
PSMD4,,,,,,,,,,,,
ZNF687,,,,,,,,,,,,
PI4KB,,,,,,,,,,,,
RFX5,,,,-0.7985332457353752,-0.7985332457353752,-0.7985332457353752,,,,,,
SELENBP1,,,,,,,,,,,,
PSMB4,,,,,,,,,,,,
POGZ,,,,,,,,,,,,
CGN,,,,,,,,,,,,
SNX27,,,,,,,,,,,,
MRPL9,,,,,,,,,,,,
TDRKH,,,,,,,,,,,,
THEM4,,,,,,,,,,,,
S100A10,,,,,,,,,,,,
S100A11,,,,,,,,,,,,
S100A13,,,,,,,,,,,,
CHTOP,,,,,,,,,,,,
SNAPIN,,,,,,,,,,,,
ILF2,,,,,,,,,,,,
INTS3,,,,,,,,,,,,
GATAD2B,,,,,,,,,,,,
DENND4B,,,,,,,,,,,,
CRTC2,,,,,,,,,,,,
SLC39A1,,,,,,,,,,,,
JTB,,,,,,,,,,,,
RAB13,,,,,,,,,,,,
RPS27,,,,,,,,,,,,
NUP210L,,,,,,,,,,-0.1846810401174786,-0.034775913750270615,-0.10972847693387461
TPM3,0.07488760422800292,0.27666293193121194,0.17577526807960742,,,,-0.004317429957953044,0.3418222724638616,0.16875242125295428,,,
C1orf43,,,,,,,,,,,,
UBAP2L,,,,,,,,,,,,
HAX1,,,,,,,,,,,,
ATP8B2,,,,,,,,,,,,
UBE2Q1,0.04169345930265646,0.31318331478280326,0.17743838704272985,,,,,,,,,
ADAR,,,,,,,,,,,,
PMVK,,,,,,,,,,,,
PYGO2,,,,,,,,,,,,
SHC1,,,,,,,,,,,,
CKS1B,,,,,,,,,,,,
FLAD1,,,,,,,,,,,,
ADAM15,,,,,,,,,,,,
SLC50A1,,,,,,,,,,,,
DPM3,,,,,,,,,,,,
KRTCAP2,,,,,,,,,,,,
MTX1,,,,,,,,,,,,
GBA1,,,,,,,,,,,,
ENTREP3,,,,,,,,,,,,
SCAMP3,,,,,,,,,,,,
CLK2,,,,,,,,,,,,
FDPS,,,,,,,,,,,,
RUSC1,,,,,,,,,,,,
ASH1L,,,,,,,,,,,,
MSTO1,,,,,,,,,,,,
YY1AP1,,,,,,,,,,,,
DAP3,,,,,,,,,,,,
GON4L,,,,-0.9838657482439744,-0.26386989118350085,-0.6238678197137376,,,,,,
RIT1,,,,,,,,,,,,
KHDC4,,,,-0.9777840648051189,-0.24557865147653324,-0.611681358140826,,,,,,
ARHGEF2,0.09077378784381714,0.2932604037455717,0.19201709579469442,,,,,,,,,
SSR2,,,,,,,,,,,,
UBQLN4,,,,,,,,,,,,
LAMTOR2,,,,,,,,,,,,
MEX3A,0.0820843922668439,0.2899874363119571,0.1860359142894005,,,,,,,,,
LMNA,,,,,,,,,,,,
SLC25A44,,,,,,,,,,,,
PMF1,,,,,,,,,,,,
SMG5,,,,,,,,,,,,
GLMP,,,,,,,,,,,,
CCT3,0.10009109903023362,0.24943232567760917,0.1747617123539214,,,,,,,,,
TSACC,,,,,,,,,,,,
MEF2D,,,,,,,,,,,,
IQGAP3,-0.23016806382751132,-0.06735896346297428,-0.1487635136452428,,,,-0.4331987524768107,-0.04497938267327558,-0.23908906757504314,-0.3400807478359068,-0.06323444910458453,-0.20165759847024567
NAXE,,,,,,,,,,,,
GPATCH4,0.10746854865101411,0.32208081503962555,0.21477468184531984,,,,,,,,,
CRABP2,,,,,,,,,,,,
ISG20L2,,,,,,,,,,,,
METTL25B,,,,,,,,,,,,
MRPL24,,,,,,,,,,,,
HDGF,0.13608791302059703,0.42321044028083843,0.27964917665071776,,,,,,,0.09505549332631458,0.4880064799330624,0.29153098662968846
PRCC,,,,,,,,,,,,
ARHGEF11,0.09766702738295738,0.32160593284640954,0.20963648011468344,,,,,,,,,
ETV3,,,,,,,,,,,,
KIRREL1,,,,-0.9713161260003198,-0.21682989924845592,-0.5940730126243878,,,,,,
TAGLN2,,,,,,,,,,,,
PIGM,,,,,,,,,,,,
PEA15,,,,,,,,,,,,
DCAF8,,,,,,,,,,,,
PEX19,,,,,,,,,,,,
COPA,,,,,,,,,,,,
NCSTN,,,,,,,,,,,,
VANGL2,,,,,,,,,,,,
F11R,,,,,,,,,,,,
USF1,,,,,,,,,,,,
PFDN2,,,,,,,,,,,,
NIT1,,,,,,,,,,,,
DEDD,,,,,,,,,,,,
UFC1,,,,,,,,,,,,
USP21,,,,,,,,,,,,
PPOX,,,,,,,,,,,,
B4GALT3,,,,,,,,,,,,
NDUFS2,,,,,,,,,,,,
TOMM40L,,,,,,,,,,,,
SDHC,0.034667992926347174,0.32483656535530825,0.1797522791408277,,,,,,,,,
DUSP12,,,,,,,,,,,,
ATF6,,,,,,,,,,,,
NOS1AP,,,,,,,,,,,,
UHMK1,0.06422091544465272,0.26189884915085265,0.1630598822977527,,,,,,,,,
UAP1,,,,,,,,,,,,
DDR2,,,,,,,,,,,,
HSD17B7,,,,,,,,,,,,
NUF2,0.10815194780354583,0.32385797282788203,0.21600496031571392,,,,,,,,,
PBX1,,,,,,,,,,,,
MGST3,,,,,,,,,,,,
ALDH9A1,,,,,,,,,,,,
TMCO1,,,,,,,,,,,,
UCK2,,,,,,,,,,,,
POGK,,,,,,,,,,,,
TADA1,,,,,,,,,,,,
POU2F1,,,,,,,,,,,,
CREG1,,,,,,,,,,,,
MPZL1,,,,,,,,,,,,
MPC2,,,,,,,,,,,,
DCAF6,,,,,,,,,,,,
GPR161,,,,,,,,,,,,
TIPRL,0.019126004140336626,0.21111492495591586,0.11512046454812624,,,,,,,,,
SFT2D2,,,,,,,,,,,,
ATP1B1,-0.42292801887738685,-0.058718410842708645,-0.24082321486004774,,,,,,,,,
NME7,,,,-0.982295306062813,-0.20971012877907408,-0.5960027174209436,,,,,,
BLZF1,,,,,,,,,,,,
CCDC181,,,,,,,,,,,,
SLC19A2,,,,,,,,,,,,
C1orf112,,,,,,,,,,,,
METTL18,,,,,,,,,,,,
SCYL3,,,,,,,,,,,,
KIFAP3,,,,,,,,,,,,
GORAB,,,,,,,,,,,,
PRRC2C,0.0830496468592434,0.36441826710950587,0.22373395698437465,,,,,,,-0.018688449654003323,0.42023698420512845,0.20077426727556255
VAMP4,,,,,,,,,,,,
METTL13,,,,,,,,,,,,
DNM3,,,,,,,,,,,,
PIGC,,,,,,,,,,,,
SUCO,0.06837483225355048,0.29275980851058486,0.1805673203820677,,,,,,,,,
PRDX6,,,,,,,,,,,,
KLHL20,,,,,,,,,,,,
CENPL,,,,,,,,,,,,
DARS2,,,,,,,,,,,,
ZBTB37,,,,,,,,,,,,
RC3H1,,,,,,,,,,,,
RABGAP1L,,,,-0.9487785489703287,-0.24065235485944056,-0.5947154519148846,,,,,,
CACYBP,,,,,,,,,,,,
MRPS14,,,,,,,,,,,,
COP1,,,,,,,,,,,,
RASAL2,,,,,,,,,,,,
RALGPS2,-0.15590765362215883,-0.03472116414505775,-0.09531440888360829,,,,-0.26521701067698633,-0.01330744790275296,-0.13926222928986964,-0.21141310146287545,-0.004488939989041378,-0.10795102072595841
FAM20B,,,,,,,,,,,,
TOR3A,,,,,,,,,,,,
ABL2,,,,,,,,,,,,
SOAT1,,,,,,,,,,,,
TOR1AIP2,,,,,,,,,,,,
TOR1AIP1,,,,,,,,,,,,
CEP350,0.10881300532781385,0.3461817399336659,0.22749737263073988,,,,,,,0.10076884298115765,0.46070913809786773,0.2807389905395127
QSOX1,,,,-0.7910777267967684,-0.7910777267967684,-0.7910777267967684,,,,,,
ACBD6,0.007425322448743343,0.2863514927355433,0.1468884075921433,,,,,,,,,
XPR1,,,,-0.9819235205977603,-0.20790348845309306,-0.5949135045254267,,,,,,
STX6,,,,,,,,,,,,
IER5,,,,,,,-0.2660164183511565,-0.031206455558117352,-0.14861143695463694,,,
GLUL,,,,,,,,,,,,
RGS16,,,,,,,,,,,,
NPL,,,,,,,,,,,,
DHX9,0.05020081370260146,0.27087111167285227,0.16053596268772685,,,,,,,,,
LAMC1,,,,-0.9863148360459134,-0.29492541227831465,-0.640620124162114,,,,,,
SMG7,,,,,,,,,,,,
ARPC5,,,,,,,,,,,,
RGL1,,,,,,,,,,,,
TSEN15,,,,,,,,,,,,
C1orf21,,,,,,,,,,,,
EDEM3,,,,,,,,,,,,
NIBAN1,,,,,,,,,,,,
RNF2,,,,,,,,,,,,
TRMT1L,,,,,,,,,,,,
SWT1,,,,-0.7452218663681472,-0.7452218663681472,-0.7452218663681472,,,,,,
IVNS1ABP,,,,,,,,,,,,
HMCN1,,,,,,,,,,,,
TPR,0.12006253097437143,0.4180242786521112,0.26904340481324135,,,,,,,0.05074297838001716,0.30377403159341276,0.17725850498671497
ODR4,0.055054335984605386,0.28803470397305564,0.17154451997883052,,,,,,,,,
PLA2G4A,,,,,,,,,,,,
BRINP3,,,,,,,,,,,,
UCHL5,0.09078750419657959,0.38488630099148613,0.23783690259403287,,,,,,,,,
RO60,,,,,,,,,,,,
GLRX2,,,,,,,,,,,,
CDC73,0.026060429886826057,0.2738712231108731,0.14996582649884957,-0.9792321632015841,-0.2452349876331296,-0.6122335754173569,,,,,,
KCNT2,,,,-0.9777638497109207,-0.1231427511593137,-0.5504533004351172,,,,,,
ASPM,0.12790488492095162,0.3207810130866099,0.22434294900378077,,,,,,,0.08716885938890186,0.38387874076892287,0.23552380007891235
ZBTB41,0.023988697060888436,0.2745797451033978,0.14928422108214312,,,,,,,,,
DENND1B,,,,,,,,,,,,
C1orf53,,,,,,,,,,,,
NEK7,0.047535115358022725,0.2206395096861262,0.13408731252207445,,,,,,,,,
ZNF281,0.1058040690584318,0.33062807431927654,0.21821607168885418,,,,,,,,,
KIF14,0.10111393552995233,0.28380251895048964,0.192458227240221,,,,,,,,,
DDX59,,,,,,,,,,,,
CAMSAP2,,,,,,,,,,,,
TMEM9,,,,,,,,,,,,
NAV1,,,,-0.9848920784133118,-0.2319445992095256,-0.6084183388114187,,,,,,
IPO9,,,,,,,,,,,,
TIMM17A,,,,,,,,,,,,
RNPEP,,,,,,,,,,,,
ARL8A,,,,,,,,,,,,
UBE2T,,,,,,,,,,,,
PPP1R12B,,,,,,,,,,,,
SYT2,-0.0808861773686409,0.001226514987174316,-0.03982983119073329,,,,-0.15432207024259326,-0.03331913789595187,-0.09382060406927256,,,
KDM5B,0.12560366866721479,0.33747411711818565,0.23153889289270022,,,,,,,0.10995202877918887,0.4382754222605892,0.27411372551988905
RABIF,,,,,,,,,,,,
KLHL12,,,,,,,,,,,,
ADIPOR1,,,,,,,,,,,,
CYB5R1,,,,,,,,,,,,
TMEM183A,,,,,,,,,,,,
BTG2,,,,,,,,,,,,
ATP2B4,,,,,,,,,,,,
SNRPE,,,,,,,,,,,,
SOX13,,,,,,,,,,,,
ETNK2,,,,,,,,,,,,
PPP1R15B,,,,,,,,,,,,
PIK3C2B,,,,,,,,,,,,
MDM4,-0.34172307563960647,-0.05454859549970398,-0.19813583556965522,,,,,,,,,
RBBP5,,,,,,,,,,,,
DSTYK,,,,,,,,,,,,
CDK18,,,,,,,,,,,,
ELK4,,,,,,,,,,,,
NUCKS1,,,,,,,,,,,,
RAB29,0.06641174442600929,0.27333993331885953,0.1698758388724344,,,,,,,,,
SLC41A1,,,,,,,,,,,,
SRGAP2,,,,,,,,,,,,
EIF2D,0.04084032958821771,0.2861978864747244,0.16351910803147104,,,,,,,,,
DYRK3,0.0675359966459,0.2795590523564095,0.17354752450115474,,,,,,,,,
MAPKAPK2,,,,,,,,,,,,
PFKFB2,,,,,,,,,,,,
YOD1,,,,,,,,,,,,
CD55,,,,,,,,,,,,
CD46,,,,,,,,,,,,
PLXNA2,,,,,,,,,,,,
C1orf74,,,,,,,,,,,,
UTP25,0.09293544488159221,0.3346171901939951,0.21377631753779366,,,,,,,,,
SYT14,,,,,,,,,,,,
SERTAD4,,,,,,,,,,,,
HHAT,,,,,,,,,,,,
RCOR3,,,,,,,,,,,,
TRAF5,,,,-0.7597655219695862,-0.7597655219695862,-0.7597655219695862,,,,,,
NEK2,0.11177933469149229,0.3032484983911017,0.20751391654129697,,,,0.15684232729250286,0.6561981311901092,0.40652022924130604,,,
LPGAT1,,,,,,,,,,,,
INTS7,,,,,,,,,,,,
DTL,,,,,,,,,,,,
PPP2R5A,,,,,,,,,,,,
PACC1,,,,,,,,,,,,
NENF,,,,,,,,,,,,
ATF3,,,,,,,,,,,,
BATF3,,,,,,,,,,,,
NSL1,0.058869791893990615,0.32100349586485344,0.18993664387942202,,,,,,,,,
TATDN3,,,,,,,,,,,,
FLVCR1,,,,,,,,,,,,
ANGEL2,,,,,,,,,,,,
RPS6KC1,,,,-0.9881926809612143,-0.2562164204464149,-0.6222045507038145,,,,,,
SMYD2,,,,,,,,,,,,
PTPN14,,,,,,,,,,,,
CENPF,0.1692697445736197,0.2914179246193063,0.23034383459646302,,,,0.04733652030910878,0.36203075858811085,0.20468363944860982,0.14533532349730455,0.4017181124781428,0.27352671798772366
KCTD3,0.048661632717927714,0.2796941159344092,0.16417787432616845,,,,,,,,,
ESRRG,,,,,,,,,,,,
GPATCH2,0.04409155541640224,0.2746009472960868,0.15934625135624453,,,,,,,,,
SPATA17,,,,,,,,,,,,
RRP15,,,,,,,,,,,,
TGFB2,-0.10990059674348143,-0.030511829995399878,-0.07020621336944066,-0.9784335337526379,-0.20119300378459368,-0.5898132687686157,,,,-0.1784830758244147,-0.025743000953430625,-0.10211303838892266
LYPLAL1,,,,,,,,,,,,
SLC30A10,-0.1220396887842816,-0.046138590562375244,-0.08408913967332843,-0.9522318087435926,-0.11784626531597736,-0.535039037029785,-0.24539898542014188,-0.06113613821936903,-0.15326756181975545,,,
EPRS1,0.09064873253404755,0.2723647179918117,0.18150672526292963,,,,0.010388600364245552,0.423999739782502,0.21719417007337377,,,
BPNT1,,,,,,,,,,,,
IARS2,,,,,,,,,,,,
RAB3GAP2,,,,,,,,,,,,
MARK1,0.0498423950341571,0.26755955235731027,0.1587009736957337,,,,,,,,,
MTARC2,,,,,,,,,,,,
MTARC1,,,,,,,,,,,,
TAF1A,0.08116317441476603,0.3035294178503593,0.19234629613256266,,,,,,,,,
MIA3,0.1294580492454999,0.3848855692932027,0.2571718092693513,,,,,,,0.10182954466190206,0.42234769391582383,0.26208861928886296
AIDA,,,,,,,,,,,,
BROX,,,,,,,,,,,,
DISP1,,,,,,,,,,,,
CAPN2,,,,,,,,,,,,
TP53BP2,0.08221583839920554,0.23009051779516954,0.15615317809718754,,,,0.07451330296793608,0.4445318241794422,0.25952256357368914,,,
FBXO28,,,,,,,,,,,,
DEGS1,,,,,,,,,,,,
NVL,,,,,,,,,,,,
CNIH4,,,,,,,,,,,,
WDR26,,,,,,,,,,,,
CNIH3,,,,,,,,,,,,
DNAH14,0.13033716622858385,0.3026736671489189,0.2165054166887514,,,,,,,0.03892380909273335,0.3719687069191863,0.20544625800595984
LBR,0.13286273993952763,0.35502822757860897,0.2439454837590683,,,,,,,0.05853591547053216,0.3922541971860105,0.22539505632827134
ENAH,0.0015342075573126872,0.3215011915121197,0.1615176995347162,,,,,,,,,
SRP9,,,,,,,,,,,,
EPHX1,,,,,,,,,,,,
TMEM63A,,,,,,,,,,,,
PYCR2,,,,,,,,,,,,
SDE2,,,,,,,,,,,,
ACBD3,,,,,,,,,,,,
LIN9,,,,,,,,,,,,
PARP1,,,,,,,,,,,,
ITPKB,,,,,,,,,,,,
PSEN2,,,,,,,,,,,,
COQ8A,,,,,,,,,,,,
CDC42BPA,0.04259116849091869,0.2510023970403369,0.1467967827656278,,,,,,,,,
ZNF678,0.08002862305821652,0.29451720749023874,0.18727291527422762,,,,,,,,,
SNAP47,,,,,,,,,,,,
JMJD4,,,,,,,,,,,,
ARF1,0.013544389708926404,0.19708120131119558,0.105312795510061,,,,,,,,,
C1orf35,,,,,,,,,,,,
MRPL55,,,,,,,,,,,,
GUK1,,,,,,,,,,,,
IBA57,,,,,,,,,,,,
TRIM11,,,,,,,,,,,,
RNF187,,,,,,,,,,,,
RHOU,,,,,,,,,,,,
RAB4A,,,,,,,,,,,,
CCSAP,0.07291667184225747,0.28128651922186854,0.177101595532063,,,,,,,,,
NUP133,,,,,,,,,,,,
ABCB10,,,,,,,,,,,,
TAF5L,,,,,,,,,,,,
URB2,,,,,,,,,,,,
GALNT2,0.1104334730746588,0.3359779994900378,0.2232057362823483,,,,0.1142715357550889,0.47345337145381594,0.2938624536044524,,,
PGBD5,,,,,,,,,,,,
COG2,,,,,,,,,,,,
C1orf198,,,,,,,,,,,,
TTC13,,,,,,,,,,,,
ARV1,,,,,,,,,,,,
FAM89A,,,,,,,,,,,,
C1orf131,,,,,,,,,,,,
GNPAT,,,,,,,,,,,,
EXOC8,,,,,,,,,,,,
SPRTN,,,,,,,,,,,,
EGLN1,,,,,,,,,,,,
TSNAX,,,,,,,,,,,,
DISC1,,,,,,,,,,,,
SIPA1L2,,,,,,,,,,,,
NTPCR,,,,,,,,,,,,
PCNX2,,,,,,,,,,,,
MAP3K21,,,,,,,,,,,,
KCNK1,,,,,,,,,,,,
COA6,,,,,,,,,,,,
TARBP1,,,,,,,,,,,,
IRF2BP2,0.024261641821789,0.2685223418544291,0.14639199183810903,,,,,,,,,
TOMM20,0.015356792782996733,0.22202674895569427,0.1186917708693455,,,,,,,,,
ARID4B,,,,,,,,,,,,
GGPS1,,,,,,,,,,,,
TBCE,,,,,,,,,,,,
B3GALNT2,,,,,,,,,,,,
GNG4,,,,,,,,,,,,
LYST,,,,,,,,,,,,
NID1,,,,,,,,,,,,
GPR137B,,,,,,,,,,,,
ERO1B,,,,-0.9906210340526435,-0.46448547198680745,-0.7275532530197255,,,,,,
EDARADD,,,,,,,,,,,,
HEATR1,0.05246003207668594,0.32165826219291704,0.18705914713480148,,,,0.05377114329892088,0.4853783494804489,0.26957474638968487,,,
ACTN2,,,,,,,,,,,,
MTR,0.14324430330012966,0.4115808810445534,0.27741259217234154,,,,0.1169433358507506,0.4134402305776115,0.265191783214181,0.09087694203583417,0.44472324758722415,0.26780009481152917
RYR2,,,,,,,,,,,,
CHRM3,,,,,,,,,,,,
FMN2,,,,-0.9851151612645124,-0.2139645289492155,-0.599539845106864,,,,,,
RGS7,,,,-0.9866481408196701,-0.3033043101769047,-0.6449762254982874,,,,,,
FH,,,,,,,,,,,,
CHML,0.07766800019326746,0.3079068810559316,0.19278744062459954,,,,,,,,,
EXO1,,,,,,,,,,,,
CEP170,0.10575898985650173,0.32929173901783293,0.21752536443716733,,,,,,,0.06276805321302424,0.4317670477488315,0.24726755048092788
SDCCAG8,,,,,,,,,,,,
AKT3,,,,,,,,,,,,
ZBTB18,,,,,,,,,,,,
ADSS2,0.056770791764468004,0.3174451584321435,0.18710797509830573,,,,,,,,,
CATSPERE,,,,-0.7348354042108352,-0.7348354042108352,-0.7348354042108352,,,,,,
DESI2,0.133868037316771,0.3473293623848592,0.24059869985081508,,,,,,,,,
COX20,,,,,,,,,,,,
HNRNPU,0.17600118508902177,0.39790801410235205,0.2869545995956869,,,,0.17035128887114911,0.38681800591099297,0.278584647391071,0.21267084550205184,0.47391064788816467,0.3432907466951083
EFCAB2,,,,-0.9877355766359083,-0.3631927853019569,-0.6754641809689326,,,,,,
KIF26B,,,,,,,,,,,,
SMYD3,,,,-0.9731567020797978,-0.24624811466600433,-0.609702408372901,,,,,,
TFB2M,,,,,,,,,,,,
CNST,,,,,,,,,,,,
SCCPDH,,,,,,,,,,,,
AHCTF1,,,,,,,,,,,,
ZNF695,,,,,,,,,,,,
ZNF670,,,,,,,,,,,,
ZNF124,,,,-0.971074049121863,-0.08953199734944181,-0.5303030232356524,,,,,,
ZNF496,,,,,,,,,,,,
SH3YL1,,,,,,,,,,,,
ACP1,,,,,,,,,,,,
TMEM18,,,,,,,,,,,,
SNTG2,,,,,,,,,,,,
PXDN,,,,,,,,,,,,
EIPR1,,,,,,,,,,,,
TRAPPC12,,,,,,,,,,,,
ADI1,,,,,,,,,,,,
RNASEH1,,,,,,,,,,,,
RPS7,,,,,,,,,,,,
DCDC2C,-0.09397480680167149,-0.01646153402509779,-0.055218170413384636,,,,-0.14640459303721556,-0.047061704013698455,-0.096733148525457,,,
RNF144A,,,,,,,,,,,,
ID2,,,,,,,,,,,,
KIDINS220,0.12114737564189744,0.3466703459352326,0.23390886078856502,,,,,,,0.11200998124097204,0.47571871761705464,0.29386434942901335
MBOAT2,,,,,,,,,,,,
ASAP2,,,,,,,,,,,,
ITGB1BP1,,,,,,,,,,,,
CPSF3,,,,,,,,,,,,
IAH1,,,,,,,,,,,,
ADAM17,,,,,,,,,,,,
YWHAQ,,,,,,,,,,,,
TAF1B,0.027372420033224733,0.3697290950495338,0.19855075754137924,,,,,,,,,
KLF11,,,,,,,,,,,,
RRM2,,,,,,,,,,,,
HPCAL1,,,,,,,,,,,,
ODC1,,,,,,,,,,,,
NOL10,0.03750282805402398,0.28786732586418834,0.16268507695910617,,,,,,,,,
PDIA6,0.05362004633264921,0.308421772015774,0.1810209091742116,,,,,,,,,
SLC66A3,,,,,,,,,,,,
ROCK2,0.14102209777899619,0.37047800283090054,0.25575005030494835,,,,0.18203466878637548,0.5958634083431699,0.3889490385647727,0.08281996188342758,0.39755017054628866,0.24018506621485813
E2F6,,,,,,,,,,,,
GREB1,,,,,,,,,,,,
LPIN1,,,,,,,,,,,,
NBAS,,,,,,,,,,,,
DDX1,,,,,,,,,,,,
SMC6,,,,,,,,,,,,
GEN1,,,,,,,,,,,,
RDH14,,,,,,,,,,,,
TTC32,,,,,,,,,,,,
WDR35,,,,,,,,,,,,
LAPTM4A,,,,,,,,,,,,
PUM2,,,,,,,,,,,,
RHOB,,,,,,,,,,,,
HS1BP3,,,,,,,,,,,,
LDAH,,,,,,,,,,,,
KLHL29,,,,,,,,,,,,
ATAD2B,,,,,,,,,,,,
UBXN2A,,,,,,,,,,,,
WDCP,,,,,,,,,,,,
FKBP1B,,,,,,,,,,,,
SF3B6,,,,,,,,,,,,
FAM228B,,,,,,,,,,,,
TP53I3,,,,,,,,,,,,
ITSN2,0.07310352521207857,0.327545449716066,0.20032448746407228,,,,,,,0.042133084484756486,0.39242963021575583,0.21728135735025617
NCOA1,,,,,,,,,,,,
PTRHD1,,,,,,,,,,,,
CENPO,,,,,,,,,,,,
ADCY3,,,,,,,,,,,,
DNAJC27,,,,,,,,,,,,
EFR3B,,,,-0.9745617781908076,-0.24100020611089856,-0.607780992150853,,,,,,
DNMT3A,,,,,,,,,,,,
DTNB,,,,-0.9836865503988649,-0.17522548341358574,-0.5794560169062253,,,,,,
ASXL2,,,,,,,,,,,,
RAB10,0.06064878488160492,0.32739099180865927,0.1940198883451321,,,,,,,,,
GAREM2,,,,,,,,,,,,
HADHA,0.06381774683286645,0.32000571480436013,0.1919117308186133,,,,,,,,,
HADHB,,,,,,,,,,,,
SELENOI,,,,,,,,,,,,
SLC35F6,,,,,,,,,,,,
CENPA,0.04647512608215975,0.25320058638748605,0.1498378562348229,,,,,,,,,
DPYSL5,,,,,,,,,,,,
MAPRE3,,,,,,,,,,,,
TMEM214,,,,,,,,,,,,
AGBL5,,,,,,,,,,,,
OST4,,,,,,,,,,,,
KHK,,,,,,,,,,,,
PREB,,,,,,,,,,,,
SLC5A6,,,,,,,,,,,,
ATRAID,,,,,,,,,,,,
CAD,,,,,,,,,,,,
MPV17,,,,,,,,,,,,
GTF3C2,,,,,,,,,,,,
EIF2B4,,,,,,,,,,,,
SNX17,,,,,,,,,,,,
PPM1G,-0.0083835687313673,0.3786293963365427,0.1851229138025877,,,,,,,,,
NRBP1,,,,,,,,,,,,
IFT172,,,,,,,,,,,,
ZNF512,,,,,,,,,,,,
GPN1,,,,,,,,,,,,
SUPT7L,,,,-0.7455620090751854,-0.7455620090751854,-0.7455620090751854,,,,,,
SLC4A1AP,0.08933448893129789,0.32235512698581054,0.2058448079585542,,,,,,,,,
MRPL33,,,,,,,,,,,,
BABAM2,,,,,,,,,,,,
PPP1CB,-0.989863555502321,-0.5246033104899979,-0.7572334329961594,,,,,,,,,
SPDYA,,,,,,,,,,,,
TRMT61B,,,,,,,,,,,,
WDR43,,,,,,,,,,,,
CLIP4,,,,,,,,,,,,
YPEL5,,,,,,,,,,,,
LCLAT1,0.12545711252603736,0.3476748904285425,0.23656600147728993,,,,,,,0.09588525152786229,0.4598799299273359,0.2778825907275991
GALNT14,,,,,,,,,,,,
EHD3,,,,,,,,,,,,
DPY30,,,,,,,,,,,,
SPAST,,,,,,,,,,,,
SLC30A6,,,,,,,,,,,,
YIPF4,,,,,,,,,,,,
BIRC6,,,,,,,,,,,,
TTC27,,,,,,,,,,,,
LTBP1,,,,,,,,,,,,
FAM98A,0.11820680943911417,0.3800986321079639,0.24915272077353903,,,,,,,0.048280736424013336,0.4447599472968955,0.2465203418604544
CRIM1,,,,,,,,,,,,
FEZ2,,,,,,,,,,,,
STRN,0.020792885574096247,0.25684165937071285,0.13881727247240455,,,,,,,,,
HEATR5B,,,,,,,,,,,,
GPATCH11,,,,,,,,,,,,
EIF2AK2,0.059522084228990434,0.3366466208447464,0.1980843525368684,,,,,,,,,
CEBPZOS,,,,,,,,,,,,
CEBPZ,,,,,,,,,,,,
NDUFAF7,,,,,,,,,,,,
PRKD3,,,,,,,,,,,,
QPCT,,,,,,,,,,,,
CDC42EP3,,,,,,,,,,,,
RMDN2,,,,,,,,,,,,
ATL2,,,,,,,,,,,,
HNRNPLL,,,,,,,,,,,,
GALM,,,,,,,,,,,,
SRSF7,,,,,,,,,,,,
GEMIN6,,,,,,,,,,,,
DHX57,,,,,,,,,,,,
MORN2,,,,,,,,,,,,
SOS1,,,,,,,,,,,,
MAP4K3,,,,,,,,,,,,
THUMPD2,,,,,,,,,,,,
SLC8A1,,,,-0.9910607283366469,-0.3652475540061608,-0.6781541411714038,,,,,,
PKDCC,,,,,,,,,,,,
EML4,,,,,,,,,,,,
COX7A2L,,,,,,,,,,,,
KCNG3,,,,,,,,,,,,
MTA3,,,,,,,,,,,,
ZFP36L2,,,,,,,,,,,,
THADA,,,,,,,,,,,,
PLEKHH2,,,,,,,,,,,,
DYNC2LI1,,,,,,,,,,,,
LRPPRC,,,,-0.9771663066933307,-0.23634417966147755,-0.6067552431774041,,,,,,
PPM1B,,,,,,,,,,,,
PREPL,0.05207961236736344,0.33238979377460076,0.19223470307098212,,,,,,,,,
CAMKMT,,,,,,,,,,,,
SIX2,,,,,,,,,,,,
SRBD1,0.08775452098494363,0.3230438619859216,0.20539919148543262,,,,,,,,,
PRKCE,,,,,,,,,,,,
EPAS1,,,,,,,,,,,,
ATP6V1E2,0.04765414042655193,0.2737159672128884,0.16068505381972015,,,,,,,,,
RHOQ,,,,,,,,,,,,
PIGF,,,,,,,,,,,,
CRIPT,,,,,,,,,,,,
MCFD2,,,,,,,,,,,,
TTC7A,,,,,,,,,,,,
CALM2,0.17114416014254194,0.349398103965236,0.26027113205388896,,,,,,,,,
MSH2,,,,,,,,,,,,
MSH6,,,,,,,,,,0.05507644351614726,0.34458833580494497,0.19983238966054612
FBXO11,,,,,,,,,,,,
FOXN2,,,,,,,,,,,,
PPP1R21,,,,,,,,,,,,
STON1,,,,,,,,,,,,
NRXN1,,,,,,,,,,-0.1797815052909653,-0.024521342230995374,-0.10215142376098033
ASB3,,,,,,,,,,,,
CHAC2,,,,,,,,,,,,
ERLEC1,,,,,,,,,,,,
PSME4,,,,,,,,,,,,
ACYP2,,,,,,,,,,,,
SPTBN1,0.017860208415469304,0.37707664507334016,0.19746842674440473,,,,,,,,,
EML6,,,,,,,,,,,,
RTN4,,,,,,,,,,,,
CLHC1,,,,,,,,,,,,
RPS27A,,,,,,,,,,,,
MTIF2,0.11702585786158858,0.3652220452516336,0.2411239515566111,,,,0.17015086217276645,0.6146337614214642,0.3923923117971153,,,
CCDC88A,0.09008043172769248,0.3126682191370707,0.2013743254323816,,,,,,,0.06187858043636982,0.4390707577243548,0.2504746690803623
CFAP36,,,,,,,,,,,,
PPP4R3B,0.129506272206507,0.341292294471586,0.2353992833390465,,,,,,,,,
PNPT1,,,,,,,,,,,,
VRK2,,,,,,,,,,,,
FANCL,,,,,,,,,,,,
BCL11A,,,,-0.9752991576187799,-0.19501428721898484,-0.5851567224188824,,,,,,
PAPOLG,,,,,,,,,,,,
REL,,,,,,,,,,,,
PUS10,,,,,,,,,,,,
PEX13,,,,,,,,,,,,
SANBR,,,,,,,,,,,,
C2orf74,,,,,,,,,,,,
USP34,,,,,,,,,,,,
XPO1,0.0326639167074916,0.3102259581412468,0.1714449374243692,,,,,,,,,
FAM161A,,,,,,,,,,,,
CCT4,,,,,,,,,,,,
COMMD1,,,,,,,,,,,,
B3GNT2,,,,,,,,,,,,
EHBP1,0.06466200658849551,0.2883925881886103,0.1765272973885529,,,,,,,0.012383385876128543,0.3411671737553204,0.17677527981572447
WDPCP,,,,,,,,,,,,
MDH1,,,,,,,,,,,,
UGP2,,,,,,,,,,,,
VPS54,,,,,,,,,,,,
PELI1,,,,,,,,,,,,
LGALSL,,,,,,,,,,,,
AFTPH,,,,,,,,,,,,
SERTAD2,,,,,,,,,,,,
CEP68,,,,,,,,,,,,
RAB1A,,,,,,,,,,,,
ACTR2,0.11903183415431058,0.3776627162974052,0.2483472752258579,,,,,,,0.10685813632988561,0.44116228370110655,0.2740102100154961
SPRED2,,,,,,,,,,,,
MEIS1,,,,,,,,,,,,
ETAA1,,,,,,,,,,,,
C1D,,,,,,,,,,,,
DNAAF10,,,,,,,,,,,,
PNO1,,,,,,,,,,,,
PPP3R1,,,,,,,,,,,,
CNRIP1,,,,,,,,,,,,
FBXO48,,,,-0.6743870384455705,-0.6743870384455705,-0.6743870384455705,,,,,,
APLF,,,,,,,0.0893083052075006,0.47131019301425975,0.2803092491108802,,,
ANTXR1,0.058343137952591516,0.27563799961827595,0.16699056878543372,,,,,,,,,
GFPT1,,,,,,,,,,,,
NFU1,,,,,,,,,,,,
AAK1,,,,,,,,,,,,
ANXA4,,,,,,,,,,,,
GMCL1,,,,,,,,,,,,
SNRNP27,,,,,,,,,,,,
MXD1,,,,,,,,,,,,
PCBP1,,,,,,,,,,,,
C2orf42,,,,,,,,,,,,
TIA1,,,,,,,,,,,,
PCYOX1,,,,,,,,,,,,
SNRPG,,,,,,,,,,,,
FAM136A,,,,,,,,,,,,
ADD2,,,,,,,,,,,,
VAX2,,,,,,,,,,,,
TEX261,,,,,,,,,,,,
NAGK,,,,,,,,,,,,
MCEE,,,,,,,,,,,,
MPHOSPH10,0.0799665005114347,0.31520658910519805,0.1975865448083164,,,,,,,,,
PAIP2B,,,,,,,,,,,,
ZNF638,0.09764868213537856,0.3816560106573066,0.23965234639634259,,,,,,,0.024920504773215633,0.4859549447710521,0.2554377247721339
EXOC6B,,,,,,,,,,,,
SPR,,,,,,,,,,,,
SFXN5,,,,,,,,,,,,
RAB11FIP5,,,,-0.7718206543703852,-0.7718206543703852,-0.7718206543703852,,,,,,
SMYD5,,,,,,,,,,,,
PRADC1,,,,,,,,,,,,
CCT7,,,,,,,,,,,,
ALMS1,,,,,,,,,,0.011103545402492782,0.3558554711643778,0.1834795082834353
TPRKB,,,,,,,,,,,,
DUSP11,,,,,,,,,,,,
STAMBP,,,,,,,,,,,,
DGUOK,,,,,,,,,,,,
TET3,,,,,,,,,,,,
BOLA3,,,,,,,,,,,,
MOB1A,,,,,,,,,,,,
MTHFD2,,,,,,,,,,,,
DCTN1,0.0657865935048034,0.3631715230087261,0.21447905825676478,,,,,,,,,
WDR54,,,,,,,,,,,,
RTKN,,,,,,,,,,,,
INO80B,,,,,,,,,,,,
WBP1,,,,,,,,,,,,
MOGS,,,,,,,,,,,,
MRPL53,,,,,,,,,,,,
CCDC142,,,,,,,,,,,,
TTC31,,,,,,,,,,,,
PCGF1,,,,,,,,,,,,
AUP1,,,,,,,,,,,,
HTRA2,,,,,,,,,,,,
DOK1,,,,,,,,,,,,
HK2,,,,-0.9875839382323934,-0.264907555336576,-0.6262457467844847,,,,,,
POLE4,,,,,,,,,,,,
MRPL19,,,,,,,,,,,,
GCFC2,,,,-0.9901791360568896,-0.3635787694860664,-0.676878952771478,,,,,,
LRRTM4,,,,-0.9803593699550357,-0.2677931985145535,-0.6240762842347947,,,,,,
SUCLG1,,,,,,,,,,,,
DNAH6,-0.08701294104192671,-0.023844875418190498,-0.0554289082300586,-0.920788540536306,-0.18654903781965987,-0.5536687891779829,,,,-0.13617204748313505,-0.020585288739372258,-0.07837866811125366
TMSB10,,,,,,,,,,,,
KCMF1,,,,,,,,,,,,
TCF7L1,,,,,,,,,,,,
TGOLN2,,,,,,,,,,,,
RETSAT,,,,,,,,,,,,
ELMOD3,,,,,,,,,,,,
CAPG,,,,-0.7460198225978143,-0.7460198225978143,-0.7460198225978143,,,,,,
MAT2A,,,,,,,,,,,,
GGCX,,,,,,,,,,,,
VAMP8,,,,-0.9829624716838246,-0.2489132759656116,-0.6159378738247181,,,,,,
RNF181,,,,,,,,,,,,
USP39,,,,,,,,,,,,
C2orf68,-0.3133947711686707,-0.05112816885831243,-0.18226147001349158,,,,-0.39233727490500114,-0.05487443031537143,-0.22360585261018628,,,
ST3GAL5,,,,,,,,,,,,
POLR1A,,,,,,,,,,,,
PTCD3,0.06951217561883734,0.293657391867076,0.18158478374295667,,,,,,,,,
IMMT,,,,,,,,,,,,
MRPL35,,,,,,,,,,,,
REEP1,,,,,,,,,,,,
KDM3A,,,,,,,,,,,,
CHMP3,,,,,,,,,,,,
RNF103,,,,,,,,,,,,
RMND5A,,,,,,,,,,,,
KRCC1,,,,,,,,,,,,
EIF2AK3,,,,,,,,,,,,
RPIA,,,,,,,,,,,,
MRPS5,,,,,,,,,,,,
ZNF514,,,,,,,,,,,,
ZNF2,,,,,,,,,,,,
FAHD2A,,,,,,,,,,,,
ANKRD36C,,,,,,,,,,,,
DUSP2,,,,,,,,,,,,
STARD7,0.04875691470377119,0.2772399915401648,0.162998453121968,,,,,,,,,
TMEM127,,,,,,,,,,,,
CIAO1,,,,,,,,,,,,
SNRNP200,0.07473725346286195,0.32274719712238503,0.19874222529262348,,,,,,,,,
ITPRIPL1,,,,,,,,,,,,
NCAPH,0.04010564537272934,0.28770830998931946,0.1639069776810244,,,,,,,,,
KANSL3,,,,,,,,,,,,
LMAN2L,,,,,,,,,,,,
CNNM4,,,,,,,,,,,,
CNNM3,,,,,,,,,,,,
ANKRD39,,,,,,,,,,,,
FAHD2B,,,,,,,,,,,,
ANKRD36,,,,,,,,,,,,
ANKRD36B,,,,,,,,,,,,
COX5B,,,,,,,,,,,,
ACTR1B,,,,,,,,,,,,
C2orf92,,,,,,,,,,,,
TMEM131,,,,,,,,,,,,
INPP4A,0.03426551550278266,0.2719503627737677,0.1531079391382752,,,,,,,0.021551444836141992,0.3795392214826647,0.20054533315940337
COA5,,,,,,,,,,,,
UNC50,,,,,,,,,,,,
MGAT4A,,,,,,,,,,,,
TSGA10,,,,,,,,,,,,
LIPT1,,,,-0.7686905525868972,-0.7686905525868972,-0.7686905525868972,,,,,,
MITD1,,,,,,,,,,,,
MRPL30,,,,,,,,,,,,
TXNDC9,,,,,,,,,,,,
EIF5B,,,,,,,,,,,,
REV1,0.041429631002692216,0.31706890172828156,0.17924926636548688,,,,,,,,,
AFF3,,,,,,,,,,,,
LONRF2,,,,,,,,,,,,
CHST10,,,,,,,,,,,,
PDCL3,,,,,,,,,,,,
NPAS2,,,,,,,,,,,,
RPL31,,,,,,,,,,,,
TBC1D8,,,,-0.9705864903613247,-0.25168009945615766,-0.6111332949087411,,,,,,
CNOT11,,,,,,,,,,,,
RNF149,,,,,,,,,,,,
MAP4K4,,,,,,,,,,,,
MFSD9,,,,,,,,,,,,
TMEM182,,,,,,,,,,,,
POU3F3,,,,,,,,,,,,
MRPS9,0.08308147541998563,0.3749488169154192,0.2290151461677024,,,,,,,,,
TGFBRAP1,,,,,,,,,,,,
C2orf49,,,,,,,,,,,,
FHL2,,,,,,,,,,,,
NCK2,,,,,,,,,,,,
UXS1,,,,,,,,,,,,
GCC2,0.07407836134753683,0.3405770301862677,0.20732769576690227,,,,,,,0.03611012486501979,0.4773898547987161,0.2567499898318679
LIMS1,0.044367983667474936,0.37766481849810646,0.21101640108279068,,,,,,,,,
RANBP2,0.2474105695794755,0.4197716398504676,0.33359110471497155,,,,,,,0.10563346293579037,0.48920844054322526,0.29742095173950783
CCDC138,0.10797773942993553,0.3717618267155972,0.23986978307276638,-0.9850227104735426,-0.35769735160967475,-0.6713600310416087,,,,0.09671773614035037,0.4763972195082559,0.28655747782430313
SH3RF3,0.057419180627691954,0.24477678568503505,0.1510979831563635,,,,,,,,,
SEPTIN10,,,,,,,,,,,,
SOWAHC,,,,,,,,,,,,
NPHP1,,,,,,,,,,,,
MTLN,,,,,,,,,,,,
BUB1,,,,,,,,,,,,
BCL2L11,,,,-0.9926923908207129,-0.3866025635957218,-0.6896474772082174,,,,,,
ANAPC1,,,,,,,,,,,,
MERTK,,,,-0.9877312146009686,-0.2743022069655912,-0.6310167107832799,,,,,,
TMEM87B,,,,,,,,,,,,
ZC3H8,,,,,,,,,,,,
ZC3H6,,,,,,,,,,,,
RGPD8,,,,,,,,,,,,
TTL,,,,,,,,,,,,
POLR1B,,,,,,,,,,,,
CHCHD5,,,,,,,,,,,,
SLC20A1,,,,,,,,,,,,
CKAP2L,,,,,,,,,,,,
ZNG1B,,,,,,,,,,,,
RABL2A,,,,,,,,,,,,
SLC35F5,,,,,,,,,,,,
ACTR3,0.024984688375186175,0.2988338231878659,0.16190925578152604,,,,,,,,,
DDX18,,,,,,,,,,,,
CCDC93,,,,,,,,,,,,
INSIG2,,,,,,,,,,,,
STEAP3,,,,,,,,,,,,
C2orf76,,,,,,,,,,,,
DBI,,,,,,,,,,,,
TMEM177,,,,,,,,,,,,
PTPN4,,,,,,,,,,,,
EPB41L5,,,,-0.9780171246628843,-0.2846008590971332,-0.6313089918800088,,,,,,
TMEM185B,,,,-0.8069348478747332,-0.8069348478747332,-0.8069348478747332,,,,,,
RALB,,,,,,,,,,,,
GLI2,0.08908799299392241,0.273827134625084,0.1814575638095032,,,,,,,,,
CLASP1,,,,,,,,,,,,
NIFK,0.03445513631687541,0.28930885394902095,0.16188199513294818,,,,,,,,,
TSN,,,,,,,,,,,,
GYPC,,,,,,,,,,,,
BIN1,,,,,,,,,,,,
ERCC3,,,,,,,,,,,,
MAP3K2,,,,,,,,,,,,
IWS1,0.09233104619453074,0.3238825260917032,0.20810678614311698,,,,,,,,,
WDR33,,,,,,,,,,,,
SFT2D3,,,,,,,,,,,,
POLR2D,,,,,,,,,,,,
AMMECR1L,,,,,,,,,,,,
SAP130,,,,,,,,,,,,
UGGT1,,,,,,,,,,,,
HS6ST1,,,,,,,,,,,,
SMPD4,,,,,,,,,,,,
MZT2B,,,,,,,,,,,,
CCDC115,,,,,,,,,,,,
IMP4,,,,,,,,,,,,
PTPN18,,,,,,,,,,,,
ARHGEF4,,,,-0.979098516165821,-0.27314476445999947,-0.6261216403129102,,,,,,
FAM168B,,,,,,,,,,,,
PLEKHB2,,,,,,,,,,,,
MZT2A,,,,,,,,,,,,
CCDC74A,,,,,,,,,,,,
LYPD1,,,,,,,,,,,,
NCKAP5,,,,,,,,,,,,
MGAT5,,,,,,,,,,,,
TMEM163,,,,,,,,,,,,
CCNT2,,,,,,,,,,,,
RAB3GAP1,,,,,,,,,,,,
ZRANB3,,,,,,,,,,,,
R3HDM1,-0.010598329989755064,0.290951226644036,0.14017644832714046,,,,,,,,,
UBXN4,,,,,,,,,,,,
MCM6,,,,,,,,,,,,
DARS1,0.16075548324459613,0.43157164547206156,0.29616356435832886,,,,,,,0.12963506796630211,0.5026557391473829,0.3161454035568425
SPOPL,,,,,,,,,,,,
LRP1B,,,,,,,,,,,,
ARHGAP15,,,,,,,,,,,,
GTDC1,,,,-0.9796275379132524,-0.36584782450403946,-0.672737681208646,,,,,,
ZEB2,,,,,,,,,,,,
ACVR2A,,,,,,,,,,,,
ORC4,-0.004498744385926479,0.3121800996779012,0.15384067764598738,,,,,,,,,
MBD5,,,,,,,,,,,,
EPC2,,,,,,,,,,,,
KIF5C,,,,,,,,,,,,
LYPD6B,,,,,,,,,,,,
LYPD6,,,,,,,,,,,,
MMADHC,,,,,,,,,,,,
RND3,,,,,,,,,,,,
RIF1,0.06661037900278556,0.3150625842033776,0.1908364816030816,,,,,,,,,
NEB,,,,,,,,,,,,
ARL5A,,,,,,,,,,,,
CACNB4,,,,-0.9705886401799597,-0.25132823409721333,-0.6109584371385866,,,,,,
STAM2,,,,,,,,,,,,
FMNL2,,,,,,,,,,,,
PRPF40A,0.0712921658055202,0.401225033110811,0.23625859945816557,,,,,,,,,
ARL6IP6,,,,-0.9565854822544224,-0.2113643892737004,-0.5839749357640615,,,,,,
GALNT13,,,,,,,,,,,,
KCNJ3,-0.10863931337381096,-0.01581924885423258,-0.06222928111402177,,,,,,,,,
GPD2,,,,,,,,,,,,
ACVR1,,,,,,,,,,,,
PKP4,,,,,,,,,,,,
DAPL1,,,,,,,,,,,,
TANC1,,,,-0.9828239064937632,-0.21950807112040155,-0.6011659888070824,,,,,,
WDSUB1,,,,,,,,,,,,
BAZ2B,,,,,,,,,,,,
MARCHF7,,,,,,,,,,,,
CD302,,,,,,,,,,,,
RBMS1,,,,,,,,,,,,
TANK,0.06271810648390905,0.3185384522381641,0.1906282793610366,,,,,,,,,
PSMD14,,,,,,,,,,,,
GCA,,,,-0.7726553810798157,-0.7726553810798157,-0.7726553810798157,,,,,,
FIGN,,,,,,,,,,,,
GRB14,,,,,,,,,,,,
COBLL1,,,,,,,,,,,,
CSRNP3,,,,,,,,,,,,
TTC21B,,,,,,,,,,,,
STK39,,,,,,,,,,,,
CERS6,,,,,,,,,,,,
SPC25,,,,,,,,,,,,
LRP2,,,,,,,,,,,,
BBS5,,,,,,,,,,,,
FASTKD1,,,,,,,,,,,,
PPIG,0.036456550896751566,0.37204548711041985,0.20425101900358572,,,,,,,,,
CFAP210,,,,,,,,,,,,
PHOSPHO2,,,,,,,,,,,,
KLHL23,,,,,,,,,,,,
SSB,,,,,,,,,,,,
METTL5,,,,,,,,,,,,
UBR3,,,,,,,,,,,,
ERICH2,,,,,,,,,,,,
GAD1,,,,,,,,,,,,
GORASP2,0.0661957657947074,0.3310560287825644,0.1986258972886359,,,,,,,,,
TLK1,,,,,,,,,,,,
METTL8,,,,,,,,,,,,
DCAF17,,,,,,,,,,,,
CYBRD1,,,,,,,,,,,,
DYNC1I2,,,,,,,,,,,,
SLC25A12,,,,,,,,,,,,
HAT1,,,,,,,,,,,,
METAP1D,,,,,,,,,,,,
DLX1,,,,,,,,,,,,
DLX2,,,,,,,,,,,,
ITGA6,,,,,,,,,,,,
PDK1,,,,,,,,,,,,
RAPGEF4,,,,-0.985802277761672,-0.294930950906057,-0.6403666143338644,,,,,,
MAP3K20,0.014010726961954151,0.34747986600285635,0.18074529648240525,,,,,,,,,
CDCA7,,,,,,,,,,,,
SP3,,,,,,,,,,,,
OLA1,0.08359304685986228,0.32107786297112084,0.20233545491549157,,,,,,,0.059921812412706735,0.44083097188020876,0.25037639214645774
SP9,,,,-0.7836117468888455,-0.7836117468888455,-0.7836117468888455,,,,,,
CIR1,,,,,,,,,,,,
SCRN3,,,,,,,,,,,,
GPR155,,,,,,,,,,,,
WIPF1,,,,,,,,,,,,
CHN1,,,,-0.9926846460612311,-0.29021268131061095,-0.641448663685921,,,,,,
ATF2,,,,,,,,,,,,
ATP5MC3,,,,,,,,,,,,
LNPK,,,,,,,,,,,,
HOXD13,,,,,,,,,,,,
HOXD11,,,,-0.9941345415293388,-0.3399428726613567,-0.6670387070953477,,,,,,
HOXD10,,,,,,,,,,,,
HOXD9,,,,,,,,,,,,
HOXD8,,,,-0.7058595979814615,-0.7058595979814615,-0.7058595979814615,,,,,,
HOXD3,,,,,,,,,,,,
MTX2,,,,,,,,,,,,
HNRNPA3,0.3509427349490011,0.49330910761741176,0.4221259212832064,,,,0.23480503719567888,0.48558147485850306,0.36019325602709096,0.3256805884397958,0.5500892750549216,0.43788493174735865
NFE2L2,,,,,,,,,,,,
AGPS,0.06737432015130186,0.3563281935197347,0.21185125683551828,,,,,,,,,
PDE11A,-0.07070119956432361,0.005183316112843833,-0.032758941725739885,,,,,,,,,
RBM45,,,,,,,,,,,,
OSBPL6,,,,-0.9668223896091255,-0.1851858122614021,-0.5760041009352638,,,,,,
PRKRA,,,,,,,,,,,,
PJVK,,,,,,,,,,,,
FKBP7,,,,,,,,,,,,
PLEKHA3,,,,,,,,,,,,
TTN,,,,,,,,,,-0.19949582591566759,-0.02971999706476443,-0.11460791149021601
SESTD1,,,,,,,,,,,,
ZNF385B,,,,,,,,,,,,
CWC22,0.0805356942302155,0.32145923321882114,0.20099746372451832,,,,,,,0.08467771432608595,0.3980034648923597,0.24134058960922283
UBE2E3,,,,,,,,,,,,
ITGA4,0.0393168392609756,0.22771487821511902,0.1335158587380473,,,,,,,,,
NEUROD1,,,,,,,,,,,,
ITPRID2,0.056507187205538316,0.2574690783883333,0.1569881327969358,,,,,,,,,
DNAJC10,0.062061228803032435,0.3258875157419668,0.1939743722724996,,,,,,,,,
NCKAP1,0.0781316625619922,0.3021552334531871,0.19014344800758964,,,,,,,,,
DUSP19,,,,,,,,,,,,
NUP35,,,,,,,,,,,,
ZNF804A,,,,,,,,,,,,
ZC3H15,,,,,,,,,,,,
ITGAV,,,,,,,,,,,,
FAM171B,,,,,,,,,,,,
TFPI,,,,,,,,,,,,
GULP1,,,,,,,,,,,,
WDR75,,,,,,,,,,,,
ASNSD1,,,,,,,,,,,,
ANKAR,,,,,,,,,,,,
OSGEPL1,,,,,,,,,,,,
ORMDL1,,,,,,,,,,,,
PMS1,,,,,,,,,,,,
C2orf88,,,,,,,,,,,,
HIBCH,0.10609281284756779,0.3629389592900979,0.23451588606883284,,,,,,,0.03518433432854567,0.4753065877758529,0.25524546105219925
INPP1,,,,,,,,,,,,
NAB1,,,,,,,,,,,,
GLS,0.07837814597899394,0.31308107017886194,0.19572960807892795,,,,,,,,,
STAT1,,,,,,,,,,,,
MYO1B,,,,,,,,,,,,
NABP1,,,,,,,,,,,,
SLC39A10,,,,,,,,,,,,
STK17B,,,,,,,,,,,,
HECW2,,,,,,,,,,,,
CCDC150,,,,,,,,,,,,
GTF3C3,0.1295396425943041,0.35496727607235734,0.2422534593333307,,,,,,,0.08618572266728815,0.44565870124095475,0.26592221195412147
PGAP1,,,,,,,,,,,,
ANKRD44,,,,,,,,,,,,
SF3B1,0.11359749621362897,0.40896435665642716,0.2612809264350281,,,,,,,0.04366545898107986,0.46992603425224766,0.25679574661666377
COQ10B,,,,,,,,,,,,
HSPD1,0.10473326988332685,0.2984346135162232,0.201583941699775,,,,,,,,,
HSPE1,,,,,,,,,,,,
MOB4,,,,,,,,,,,,
MARS2,,,,,,,,,,,,
PLCL1,,,,,,,,,,,,
SATB2,,,,,,,,,,,,
FTCDNL1,,,,,,,,,,,,
C2orf69,,,,,,,,,,,,
TYW5,,,,,,,,,,,,
MAIP1,,,,,,,,,,,,
SPATS2L,,,,,,,,,,,,
SGO2,0.1354346404901958,0.3178867701099334,0.2266607053000646,,,,,,,0.10416378173372436,0.4420347879297471,0.27309928483173573
BZW1,,,,,,,,,,,,
CLK1,,,,,,,,,,,,
PPIL3,,,,,,,,,,,,
NIF3L1,,,,,,,,,,,,
ORC2,0.10020335168246682,0.35885174176193424,0.22952754672220052,,,,,,,,,
HYCC2,,,,,,,,,,,,
NDUFB3,,,,,,,,,,,,
CFLAR,,,,,,,,,,,,
CASP10,,,,,,,,,,,,
CASP8,0.05689797877284858,0.27607897878703874,0.16648847877994366,-0.9877428172933993,-0.19188002160660522,-0.5898114194500023,,,,0.08285573109777623,0.4064141746515802,0.2446349528746782
TRAK2,,,,,,,,,,,,
STRADB,,,,,,,,,,,,
TMEM237,,,,,,,,,,,,
ALS2,,,,,,,,,,,,
SUMO1,,,,,,,,,,,,
NOP58,-0.008571370732974311,0.3049733899978199,0.1482010096324228,,,,,,,,,
BMPR2,,,,,,,,,,,,
FAM117B,,,,,,,,,,,,
ICA1L,,,,-0.9818783234092265,-0.2852571649920825,-0.6335677442006545,,,,,,
WDR12,0.09831595784103317,0.3387809981249714,0.2185484779830023,,,,,,,,,
NBEAL1,,,,,,,,,,,,
CYP20A1,,,,,,,,,,,,
ABI2,,,,,,,,,,,,
RAPH1,,,,,,,,,,,,
PARD3B,,,,,,,,,,,,
NRP2,,,,,,,,,,,,
INO80D,,,,,,,,,,,,
NDUFS1,0.08697774137723137,0.3803151981356021,0.23364646975641673,,,,0.1813892452990899,0.6275390920044321,0.40446416865176105,,,
EEF1B2,,,,,,,,,,,,
ZDBF2,,,,,,,,,,,,
ADAM23,,,,,,,,,,,,
FASTKD2,,,,,,,,,,,,
KLF7,,,,,,,,,,,,
CREB1,,,,,,,,,,,,
METTL21A,,,,,,,,,,,,
CCNYL1,,,,,,,,,,,,
PLEKHM3,,,,,,,,,,,,
CRYGD,,,,,,,,,,,,
IDH1,,,,,,,,,,,,
PIKFYVE,,,,,,,,,,,,
MAP2,-0.21154016237262244,-0.07897460127657274,-0.14525738182459758,,,,,,,-0.30632302525076394,-0.08942871384461525,-0.1978758695476896
RPE,,,,,,,,,,,,
KANSL1L,,,,,,,,,,,,
LANCL1,,,,,,,,,,,,
CPS1,,,,,,,,,,,,
ERBB4,,,,,,,,,,,,
SPAG16,,,,,,,,,,,,
BARD1,,,,,,,,,,,,
ATIC,,,,,,,,,,,,
FN1,,,,,,,,,,,,
MREG,,,,,,,,,,,,
PECR,,,,,,,,,,,,
XRCC5,0.1928365596985788,0.4099697169053204,0.3014031383019496,,,,,,,-0.031529023775327,0.33899126030452115,0.15373111826459707
SMARCAL1,,,,,,,,,,,,
RPL37A,0.09720255874973556,0.3583804682449664,0.22779151349735097,,,,,,,,,
IGFBP2,,,,,,,,,,,,
IGFBP5,,,,,,,,,,,,
ARPC2,,,,,,,,,,,,
AAMP,,,,,,,,,,,,
PNKD,0.04515455477760155,0.35929286640315256,0.20222371059037705,,,,,,,0.03283853058900605,0.48308563718189523,0.25796208388545067
CTDSP1,,,,-0.8399039767874161,-0.8399039767874161,-0.8399039767874161,,,,,,
USP37,,,,,,,,,,,,
CNOT9,,,,,,,,,,,,
ZNF142,,,,,,,,,,,,
BCS1L,,,,,,,,,,,,
RNF25,,,,,,,,,,,,
TTLL4,,,,,,,,,,,,
NHEJ1,,,,,,,,,,,,
CNPPD1,,,,,,,,,,,,
RETREG2,,,,,,,,,,,,
ZFAND2B,,,,-0.7705030808665706,-0.7705030808665706,-0.7705030808665706,,,,,,
ATG9A,,,,,,,,,,,,
ANKZF1,,,,,,,,,,,,
STK16,,,,,,,,,,,,
DNPEP,,,,,,,,,,,,
GMPPA,,,,,,,,,,,,
CHPF,,,,,,,,,,,,
OBSL1,,,,,,,,,,,,
EPHA4,,,,,,,,,,,,
PAX3,,,,,,,,,,,,
FARSB,,,,,,,,,,,,
ACSL3,0.07914523822086429,0.256481457624839,0.16781334792285163,,,,,,,,,
AP1S3,,,,,,,,,,0.04205157936744309,0.32953327069862626,0.18579242503303467
WDFY1,,,,,,,,,,,,
MRPL44,,,,,,,,,,,,
SERPINE2,,,,,,,,,,,,
CUL3,0.0756001250850362,0.30277453168193524,0.18918732838348573,,,,,,,0.026297881225082975,0.39132907328294686,0.20881347725401492
RHBDD1,0.0511064541879653,0.2654728473826733,0.15828965078531929,,,,0.0921201533789756,0.5083597295851419,0.30023994148205874,,,
MFF,,,,,,,,,,,,
AGFG1,0.05120237345883194,0.2857025286025216,0.16845245103067677,,,,,,,,,
TRIP12,0.12481027551286296,0.42583965299692617,0.27532496425489456,,,,,,,0.04279336760152309,0.500555709165212,0.2716745383833675
FBXO36,,,,,,,,,,,,
CAB39,,,,,,,,,,,,
ITM2C,,,,,,,,,,,,
PSMD1,,,,,,,,,,,,
ARMC9,,,,,,,,,,,,
NCL,0.23360576543932812,0.3467638496012185,0.2901848075202733,,,,0.18461636755133545,0.40659427673430876,0.2956053221428221,0.24968532063522,0.4427441671995948,0.3462147439174074
PTMA,,,,,,,,,,,,
PDE6D,,,,,,,,,,,,
COPS7B,,,,,,,,,,,,
NPPC,,,,,,,,,,,,
DIS3L2,,,,-0.9814990452278612,-0.2814338293974851,-0.6314664373126732,,,,-0.035324102533818055,0.3320880830453651,0.1483819902557735
TIGD1,,,,,,,,,,,,
EIF4E2,,,,,,,,,,,,
EFHD1,,,,,,,,,,,,
GIGYF2,0.0771482290648425,0.2888292594488014,0.18298874425682193,,,,,,,0.022339557796560362,0.38304118688580535,0.20269037234118287
ATG16L1,,,,,,,,,,,,
DGKD,,,,,,,,,,,,
USP40,,,,,,,,,,,,
HJURP,,,,,,,,,,,,
ARL4C,,,,,,,,,,,,
SH3BP4,,,,,,,,,,,,
AGAP1,,,,,,,,,,,,
COPS8,,,,,,,,,,,,
LRRFIP1,0.09193053790108056,0.3544423641968225,0.22318645104895155,,,,,,,0.16377842674391407,0.47800017770350445,0.32088930222370926
RAMP1,,,,,,,,,,,,
UBE2F,,,,,,,,,,,,
SCLY,,,,,,,,,,,,
ILKAP,0.050814370612047244,0.33290891950922274,0.191861645060635,,,,,,,,,
HES6,,,,,,,,,,,,
PER2,,,,,,,,,,,,
TRAF3IP1,0.10459078156037624,0.3388539959774481,0.22172238876891215,,,,,,,,,
ASB1,,,,,,,,,,,,
TWIST2,,,,,,,,,,,,
HDAC4,,,,,,,,,,,,
NDUFA10,0.06773182468748375,0.37510525492068336,0.22141853980408355,,,,,,,,,
COPS9,,,,,,,,,,,,
ANKMY1,,,,,,,,,,,,
DUSP28,,,,,,,,,,,,
RNPEPL1,,,,,,,,,,,,
KIF1A,,,,,,,,,,,,
SNED1,,,,,,,,,,,,
MTERF4,,,,,,,,,,,,
PASK,,,,,,,,,,,,
PPP1R7,,,,,,,,,,,,
ANO7,,,,,,,,,,,,
HDLBP,,,,,,,,,,,,
SEPTIN2,,,,,,,,,,,,
FARP2,,,,,,,,,,,,
STK25,,,,,,,,,,,,
THAP4,,,,,,,,,,,,
ATG4B,,,,,,,,,,,,
DTYMK,,,,,,,,,,,,
ING5,,,,,,,,,,,,
D2HGDH,,,,,,,,,,,,
CNTN4,,,,,,,,,,,,
TRNT1,,,,,,,,,,,,
CRBN,,,,,,,,,,,,
SUMF1,,,,,,,,,,,,
ITPR1,,,,,,,,,,,,
ARL8B,,,,,,,,,,,,
EDEM1,,,,,,,,,,,,
GRM7,-0.08940497914696871,-0.02073578501399499,-0.05507038208048185,-0.9519977463567082,-0.23213925042491593,-0.5920684983908121,,,,,,
CAV3,,,,,,,,,,,,
RAD18,,,,,,,,,,,,
SRGAP3,,,,,,,,,,,,
THUMPD3,0.11519359926630499,0.3448597342594304,0.2300266667628677,,,,,,,,,
SETD5,,,,,,,,,,,,
MTMR14,,,,,,,,,,,,
BRPF1,,,,,,,,,,,,
OGG1,,,,,,,,,,,,
CAMK1,,,,,,,,,,,,
TADA3,,,,,,,,,,,,
ARPC4,,,,,,,,,,,,
TTLL3,,,,,,,,,,,,
RPUSD3,,,,,,,,,,,,
JAGN1,,,,,,,,,,,,
PRRT3,,,,,,,,,,,,
EMC3,,,,,,,,,,,,
FANCD2,,,,,,,,,,,,
BRK1,,,,,,,,,,,,
VHL,,,,,,,,,,,,
TATDN2,,,,,,,,,,,,
SEC13,,,,,,,,,,,,
SLC6A11,0.05689801850560255,0.25592032100720613,0.15640916975640434,,,,,,,,,
ATG7,,,,,,,,,,,,
VGLL4,,,,,,,,,,,,
TAMM41,,,,,,,,,,,,
SYN2,,,,,,,,,,,,
PPARG,,,,,,,,,,,,
TSEN2,,,,,,,,,,,,
MKRN2OS,,,,,,,,,,,,
MKRN2,,,,,,,,,,,,
RAF1,,,,,,,,,,,,
CAND2,,,,,,,,,,,,
RPL32,,,,,,,,,,,,
IQSEC1,,,,,,,,,,,,
NUP210,,,,,,,,,,,,
CHCHD4,,,,,,,,,,,,
TMEM43,,,,,,,,,,,,
XPC,,,,,,,,,,,,
LSM3,,,,,,,,,,,,
SLC6A6,0.02655019072207908,0.233382639663331,0.12996641519270505,,,,,,,0.08563869855302558,0.35871938395252717,0.22217904125277638
CCDC174,,,,,,,,,,,,
NR2C2,,,,,,,,,,,,
MRPS25,,,,,,,,,,,,
RBSN,,,,,,,,,,,,
CAPN7,0.052822664604575124,0.31221497616129484,0.182518820382935,,,,,,,,,
SH3BP5,0.09383626883145886,0.30811884659380734,0.2009775577126331,,,,,,,,,
METTL6,,,,,,,,,,,,
EAF1,,,,,,,,,,,,
HACL1,,,,,,,,,,,,
BTD,,,,,,,,,,,,
ANKRD28,,,,,,,,,,,,
DPH3,,,,,,,,,,,,
OXNAD1,,,,,,,,,,,,
RFTN1,,,,,,,,,,,,
PLCL2,,,,,,,,,,,,
TBC1D5,,,,,,,,,,,,
SATB1,,,,,,,,,,,,
RAB5A,,,,,,,,,,,,
KAT2B,,,,,,,,,,,,
SGO1,,,,,,,,,,,,
ZNF385D,,,,,,,,,,-0.1241537582654255,-0.03827224072518585,-0.08121299949530568
UBE2E2,,,,,,,,,,,,
UBE2E1,0.010233337121266298,0.28228498421270104,0.14625916066698366,,,,,,,,,
NKIRAS1,,,,,,,,,,,,
RPL15,,,,,,,,,,,,
NR1D2,,,,,,,,,,,,
THRB,,,,-0.9795997342454748,-0.3640664914373904,-0.6718331128414325,,,,,,
RARB,,,,,,,,,,,,
TOP2B,0.1090971752739073,0.38865979805114975,0.24887848666252854,,,,0.049850822880340116,0.4510028469802552,0.25042683493029766,0.03973048281064865,0.41495862515551535,0.227344553983082
NGLY1,,,,,,,,,,,,
OXSM,,,,,,,,,,,,
LRRC3B,,,,,,,,,,-0.13751029761983477,-0.030953191798958574,-0.08423174470939668
NEK10,,,,,,,,,,,,
SLC4A7,,,,,,,,,,,,
CMC1,,,,,,,,,,,,
AZI2,,,,,,,,,,,,
ZCWPW2,,,,,,,,,,,,
RBMS3,,,,-0.9800394946738215,-0.3468613238782799,-0.6634504092760507,,,,,,
TGFBR2,,,,,,,,,,,,
STT3B,0.05450940859347496,0.3059236914358494,0.1802165500146622,,,,,,,,,
OSBPL10,,,,,,,,,,,,
GPD1L,,,,,,,,,,,,
CMTM8,,,,,,,,,,,,
CMTM7,,,,,,,,,,,,
CMTM6,,,,,,,,,,,,
DYNC1LI1,0.10100938068858843,0.35140991678141187,0.22620964873500016,,,,,,,,,
CNOT10,,,,,,,,,,,,
TRIM71,,,,,,,,,,,,
GLB1,,,,,,,,,,,,
CRTAP,,,,,,,,,,,,
SUSD5,,,,,,,,,,,,
FBXL2,,,,,,,,,,,,
UBP1,,,,,,,,,,,,
CLASP2,,,,,,,,,,,,
PDCD6IP,0.06642441975173123,0.336673323302459,0.20154887152709514,,,,,,,,,
STAC,,,,,,,,,,,,
LRRFIP2,,,,,,,,,,,,
GOLGA4,0.10067060582614752,0.3521620447440322,0.22641632528508984,,,,,,,0.1674009338270477,0.44948165540670476,0.30844129461687625
CTDSPL,,,,,,,,,,,,
ACAA1,,,,,,,,,,,,
OXSR1,,,,-0.9842327163901257,-0.2979839359905091,-0.6411083261903174,,,,,,
XYLB,,,,,,,,,,,,
ACVR2B,,,,,,,,,,,,
EXOG,,,,,,,,,,,,
SCN5A,,,,-0.7501216085601872,-0.7501216085601872,-0.7501216085601872,,,,,,
WDR48,0.07305638833346006,0.3068784017028508,0.18996739501815543,,,,,,,,,
GORASP1,,,,,,,,,,,,
SLC25A38,,,,,,,,,,,,
RPSA,,,,,,,,,,,,
EIF1B,,,,,,,,,,,,
RPL14,,,,,,,,,,,,
ZNF620,,,,,,,,,,,,
ZNF621,,,,,,,,,,,,
CTNNB1,-0.5096359080362196,-0.16753128101761997,-0.3385835945269198,,,,-0.5258862780289705,-0.08991813660042097,-0.30790220731469575,,,
ULK4,,,,,,,,,,,,
TRAK1,,,,,,,,,,,,
SEC22C,,,,,,,,,,,,
SS18L2,,,,,,,,,,,,
NKTR,,,,,,,,,,,,
HIGD1A,,,,,,,,,,,,
POMGNT2,,,,,,,,,,,,
SNRK,,,,,,,,,,,,
ANO10,,,,,,,,,,,,
ABHD5,,,,,,,,,,,,
TCAIM,,,,,,,,,,,,
ZNF445,,,,,,,,,,,,
ZNF852,,,,,,,,,,,,
ZNF197,,,,,,,,,,,,
ZNF35,,,,,,,,,,,,
KIAA1143,,,,,,,,,,,,
KIF15,,,,,,,,,,,,
TMEM42,,,,,,,,,,,,
ZDHHC3,,,,,,,,,,,,
EXOSC7,,,,,,,,,,,,
TMEM158,,,,,,,,,,,,
LARS2,0.05242674863758672,0.30922182334094994,0.18082428598926834,,,,,,,,,
LIMD1,,,,,,,,,,,,
SACM1L,0.09874111566463589,0.3434995909610857,0.22112035331286078,,,,,,,,,
LZTFL1,,,,,,,,,,,,
FYCO1,,,,,,,,,,,,
CCDC12,,,,,,,,,,,,
NBEAL2,,,,,,,,,,,,
SETD2,0.05778739401639755,0.3264210200532552,0.19210420703482636,,,,,,,,,
KIF9,,,,,,,,,,,,
KLHL18,,,,,,,,,,,,
PTPN23,,,,,,,,,,,,
SCAP,,,,-0.9820076407883411,-0.2975614951121051,-0.6397845679502231,,,,,,
ELP6,,,,,,,,,,,,
CSPG5,,,,-0.7358758251624358,-0.7358758251624358,-0.7358758251624358,,,,,,
SMARCC1,0.16753998699342626,0.39439475085888903,0.28096736892615765,,,,,,,0.205435186845975,0.5129556006561077,0.35919539375104137
DHX30,,,,,,,,,,,,
MAP4,,,,,,,,,,,,
CDC25A,,,,-0.9877912591134237,-0.2586585540411204,-0.623224906577272,,,,,,
ZNF589,,,,,,,,,,,,
NME6,,,,,,,,,,,,
CCDC51,,,,,,,,,,,,
TMA7,,,,,,,,,,,,
ATRIP,,,,,,,,,,,,
SHISA5,,,,,,,,,,,,
UQCRC1,,,,,,,,,,,,
NCKIPSD,,,,,,,,,,,,
IP6K2,,,,-0.9696121294940764,-0.25225519754637765,-0.610933663520227,,,,,,
PRKAR2A,,,,,,,,,,,,
SLC25A20,,,,,,,,,,,,
ARIH2,,,,,,,,,,,,
WDR6,,,,,,,,,,,,
DALRD3,,,,,,,,,,,,
NDUFAF3,,,,,,,,,,,,
IMPDH2,,,,,,,,,,,,
QRICH1,,,,,,,,,,,,
QARS1,,,,,,,,,,,,
USP19,,,,,,,,,,,,
CCDC71,,,,,,,,,,,,
USP4,,,,-0.9930978051057326,-0.4637650303544089,-0.7284314177300708,,,,,,
GPX1,,,,,,,,,,,,
RHOA,,,,,,,,,,,,
TCTA,,,,,,,,,,,,
DAG1,,,,,,,,,,,,
APEH,,,,,,,,,,,,
RNF123,,,,,,,,,,,,
GMPPB,,,,,,,,,,,,
IP6K1,,,,,,,,,,,,
TRAIP,,,,,,,,,,,,
MON1A,,,,,,,,,,,,
RBM6,,,,,,,,,,,,
RBM5,,,,,,,,,,,,
GNAI2,,,,,,,,,,,,
IFRD2,,,,,,,,,,,,
HYAL2,,,,,,,,,,,,
TUSC2,,,,,,,,,,,,
RASSF1,,,,,,,,,,,,
NPRL2,,,,,,,,,,,,
CYB561D2,,,,,,,,,,,,
TMEM115,,,,,,,,,,,,
HEMK1,,,,,,,,,,,,
MAPKAPK3,,,,,,,,,,,,
DOCK3,0.03224592322787691,0.2635403177788759,0.14789312050337639,-0.9666980969139805,-0.19042245556443,-0.5785602762392053,,,,0.02694239871756693,0.3521287368203871,0.189535567768977
MANF,,,,,,,,,,,,
RBM15B,,,,,,,,,,,,
DCAF1,,,,,,,,,,,,
RAD54L2,,,,-0.9934012801958887,-0.4299320361642476,-0.7116666581800681,,,,,,
TEX264,,,,,,,,,,,,
RRP9,,,,,,,,,,,,
ABHD14B,,,,,,,,,,,,
ABHD14A,,,,,,,,,,,,
ACY1,,,,,,,,,,,,
RPL29,,,,,,,,,,,,
DUSP7,,,,,,,,,,,,
POC1A,,,,,,,,,,,,
ALAS1,,,,,,,,,,,,
TWF2,,,,,,,,,,,,
WDR82,,,,,,,,,,,,
BAP1,,,,,,,,,,,,
PHF7,,,,,,,,,,,,
NISCH,,,,,,,,,,,,
NT5DC2,,,,,,,,,,,,
UQCC5,,,,,,,,,,,,
PBRM1,0.1129693366550011,0.4141103533952766,0.26353984502513883,,,,,,,0.04062566392740866,0.4013274261013939,0.22097654501440128
GNL3,0.006159697383841677,0.33782831162686083,0.17199400450535127,,,,,,,,,
GLT8D1,,,,,,,,,,,,
SPCS1,,,,,,,,,,,,
NEK4,,,,,,,,,,,,
STIMATE,,,,,,,,,,,,
SFMBT1,,,,,,,,,,,,
RFT1,,,,,,,,,,,,
PRKCD,,,,,,,,,,,,
TKT,,,,,,,,,,,,
DCP1A,0.041867311008030685,0.2751196096611017,0.1584934603345662,,,,,,,0.09435081236877679,0.46238176073280735,0.2783662865507921
CACNA1D,,,,,,,,,,,,
CHDH,,,,,,,,,,,,
ACTR8,,,,,,,,,,,,
SELENOK,,,,,,,,,,,,
CACNA2D3,,,,-0.9821878660576153,-0.28737880373323943,-0.6347833348954274,,,,0.04798095192982776,0.3970976924773595,0.22253932220359363
WNT5A,,,,,,,,,,,,
ERC2,,,,,,,,,,,,
CCDC66,,,,-0.9768355814510203,-0.3398476402856122,-0.6583416108683162,,,,,,
TASOR,0.036692661062436197,0.28959164094697276,0.16314215100470447,,,,,,,,,
ARHGEF3,,,,,,,,,,,,
APPL1,,,,,,,,,,,,
PDE12,,,,,,,,,,,,
ARF4,,,,,,,,,,,,
DENND6A,,,,,,,,,,,,
SLMAP,0.011040442798755584,0.28101855307744833,0.14602949793810197,,,,,,,,,
FLNB,,,,,,,,,,,,
ABHD6,,,,,,,,,,,,
PXK,,,,,,,,,,,,
PDHB,,,,,,,,,,,,
KCTD6,,,,,,,,,,,,
CFAP20DC,,,,,,,,,,,,
FHIT,,,,-0.9685047251366626,-0.21970295054845543,-0.594103837842559,,,,,,
PTPRG,,,,-0.9847400858053145,-0.23386427329862597,-0.6093021795519702,,,,,,
C3orf14,,,,,,,,,,,,
THOC7,,,,,,,,,,,,
ATXN7,,,,,,,,,,,,
PSMD6,,,,,,,,,,,,
PRICKLE2,,,,,,,,,,,,
MAGI1,,,,-0.9885791793548835,-0.33278239146095434,-0.6606807854079189,,,,,,
SLC25A26,,,,,,,,,,,,
LRIG1,,,,-0.9730814175225466,-0.2650935066965699,-0.6190874621095582,,,,,,
SUCLG2,,,,,,,,,,,,
TMF1,0.02957096171738457,0.2650925352615147,0.14733174848944963,,,,,,,,,
UBA3,,,,,,,,,,,,
ARL6IP5,,,,,,,,,,,,
FRMD4B,,,,,,,,,,,,
MITF,,,,,,,,,,,,
FOXP1,,,,,,,,,,,,
EIF4E3,,,,,,,,,,,,
GPR27,,,,,,,,,,,,
RYBP,,,,,,,,,,,,
SHQ1,,,,,,,,,,,,
GXYLT2,,,,,,,,,,,,
PPP4R2,,,,,,,,,,,,
PDZRN3,,,,,,,,,,,,
ZNF717,,,,,,,,,,,,
ROBO2,,,,,,,,,,,,
ROBO1,,,,,,,,,,,,
GBE1,,,,,,,,,,,,
CADM2,,,,,,,,,,,,
CHMP2B,,,,,,,,,,,,
CGGBP1,-0.018294364513045586,0.26853597145799785,0.12512080347247612,,,,,,,,,
ZNF654,,,,,,,,,,,,
C3orf38,,,,,,,,,,,,
EPHA3,,,,,,,,,,,,
PROS1,,,,-0.9861572586112168,-0.3940421801419934,-0.6900997193766051,,,,,,
ARL13B,,,,,,,,,,,,
DHFR2,,,,,,,,,,,,
NSUN3,,,,,,,,,,,,
EPHA6,,,,,,,,,,,,
ARL6,,,,,,,,,,,,
CRYBG3,0.10351497124786282,0.2817546740618314,0.1926348226548471,,,,,,,,,
RIOX2,0.07061711926306023,0.28924194609129544,0.17992953267717784,,,,,,,,,
CLDND1,,,,,,,,,,,,
CPOX,,,,,,,,,,,,
ST3GAL6,,,,,,,,,,,,
DCBLD2,,,,,,,,,,,,
CMSS1,,,,,,,,,,,,
FILIP1L,,,,,,,,,,,,
TBC1D23,,,,,,,,,,,,
NIT2,,,,,,,,,,,,
TOMM70,,,,,,,,,,,,
LNP1,,,,,,,,,,,,
TMEM45A,,,,,,,,,,,,
TFG,0.06436942669933238,0.3424937336414727,0.20343158017040253,,,,,,,,,
SENP7,,,,,,,,,,,,
TRMT10C,,,,,,,,,,,,
PCNP,,,,,,,,,,,,
ZBTB11,,,,,,,,,,,,
RPL24,,,,,,,,,,,,
CEP97,,,,,,,,,,,,
NXPE3,,,,,,,,,,,,
ALCAM,,,,,,,,,,,,
CBLB,,,,,,,,,,,,
BBX,0.11557661910299412,0.35636036168369584,0.23596849039334497,,,,,,,,,
CD47,,,,,,,,,,,,
IFT57,,,,,,,,,,,,
CIP2A,,,,-0.983024600411352,-0.29584812062622473,-0.6394363605187884,,,,,,
DZIP3,0.06549354674891865,0.28290686879137644,0.17420020777014755,,,,,,,,,
NECTIN3,,,,,,,,,,,,
PHLDB2,,,,-0.7029975431141752,-0.7029975431141752,-0.7029975431141752,,,,,,
ABHD10,0.05476540376871264,0.2957001738259507,0.17523278879733167,,,,,,,,,
C3orf52,,,,,,,,,,,,
ATG3,,,,,,,,,,,,
SLC35A5,,,,,,,,,,,,
CCDC80,,,,,,,,,,,,
GTPBP8,,,,,,,,,,,,
NEPRO,,,,,,,,,,,,
BOC,,,,,,,,,,,,
CFAP44,,,,,,,,,,,,
SPICE1,,,,,,,,,,,,
USF3,,,,,,,,,,,,
NAA50,,,,,,,,,,,,
ATP6V1A,,,,,,,,,,,,
ZDHHC23,,,,,,,,,,,,
QTRT2,,,,,,,,,,,,
ZBTB20,,,,,,,,,,,,
LSAMP,,,,-0.9331736459237727,-0.0627738929182082,-0.4979737694209905,,,,,,
B4GALT4,,,,,,,,,,,,
TMEM39A,,,,,,,,,,,,
POGLUT1,,,,,,,,,,,,
TIMMDC1,,,,,,,,,,,,
COX17,,,,,,,,,,,,
GSK3B,,,,,,,,,,,,
LRRC58,0.02476724857107769,0.29708371718359516,0.16092548287733643,,,,,,,,,
FSTL1,,,,,,,,,,,,
NDUFB4,,,,,,,,,,,,
RABL3,,,,,,,,,,,,
GTF2E1,,,,,,,,,,,,
STXBP5L,,,,,,,,,,,,
POLQ,,,,,,,,,,,,
GOLGB1,,,,-0.9469774857443191,-0.16774525775436575,-0.5573613717493424,,,,,,
IQCB1,0.040890464080231524,0.2917335235721156,0.16631199382617357,,,,,,,,,
EAF2,,,,,,,,,,,,
MIX23,,,,,,,,,,,,
FAM162A,,,,,,,,,,,,
KPNA1,0.04081020685386881,0.33054538686500046,0.18567779685943464,,,,,,,,,
HSPBAP1,,,,,,,,,,,,
SLC49A4,,,,,,,,,,,,
PDIA5,,,,,,,,,,,,
SEC22A,,,,,,,,,,,,
HACD2,,,,,,,,,,,,
MYLK,,,,,,,,,,,,
CCDC14,,,,,,,,,,,,
KALRN,,,,,,,,,,,,
UMPS,0.06298974519027627,0.3457486973541081,0.2043692212721922,,,,,,,,,
ITGB5,,,,,,,,,,,,
HEG1,,,,,,,,,,,,
ZNF148,0.00895980743045273,0.31543623641010676,0.16219802192027974,-0.9836485078288931,-0.23219305192496917,-0.6079207798769312,,,,-0.052178427229363195,0.33880987761289816,0.1433157251917675
SNX4,,,,,,,,,,,,
OSBPL11,,,,,,,,,,,,
SLC41A3,,,,,,,,,,,,
KLF15,,,,,,,,,,,,
ZXDC,,,,,,,,,,,,
TXNRD3,,,,,,,,,,,,
CHCHD6,,,,,,,,,,,,
PLXNA1,,,,,,,,,,,,
TPRA1,,,,,,,,,,,,
MCM2,,,,,,,,,,,,
PODXL2,,,,,,,,,,,,
SEC61A1,,,,,,,,,,,,
RUVBL1,0.05067264189098746,0.3092533177185774,0.17996297980478243,,,,,,,,,
EEFSEC,,,,,,,,,,,,
GATA2,,,,,,,,,,,,
RPN1,,,,,,,,,,,,
RAB7A,,,,,,,,,,,,
ACAD9,,,,,,,,,,,,
CFAP92,,,,,,,,,,,,
ISY1,0.08347875271644663,0.3159852317122091,0.19973199221432786,,,,,,,,,
CNBP,,,,,,,,,,,,
COPG1,,,,,,,,,,,,
HMCES,,,,,,,,,,,,
IFT122,,,,,,,,,,,,
MBD4,,,,,,,,,,,,
TMCC1,,,,,,,,,,,,
PIK3R4,,,,,,,,,,,,
ATP2C1,0.0638774884169883,0.3155614154931053,0.1897194519550468,,,,,,,,,
ASTE1,,,,,,,,,,,,
NUDT16,,,,,,,,,,,,
MRPL3,,,,,,,,,,,,
DNAJC13,,,,,,,,,,,,
ACAD11,,,,,,,,,,,,
UBA5,,,,,,,,,,,,
NPHP3,,,,,,,,,,,,
TMEM108,,,,,,,0.09539045938678799,0.4362625708407444,0.2658265151137662,,,
CDV3,0.0638541458749538,0.2800935957998478,0.17197387083740082,,,,,,,,,
TOPBP1,0.050523600672020705,0.3692304043081156,0.20987700249006816,,,,,,,0.08753670170717198,0.4686353616027858,0.2780860316549789
SRPRB,,,,,,,,,,,,
RAB6B,,,,,,,,,,,,
RYK,,,,,,,,,,,,
ANAPC13,,,,,,,,,,,,
CEP63,,,,,,,,,,,,
PPP2R3A,,,,,,,,,,,,
MSL2,,,,-0.9843752225190053,-0.3241584745871477,-0.6542668485530765,,,,,,
PCCB,,,,,,,,,,,,
STAG1,,,,,,,,,,,,
SLC35G2,,,,,,,,,,,,
NCK1,,,,,,,,,,,,
DZIP1L,,,,,,,,,,,,
DBR1,,,,,,,,,,,,
ARMC8,,,,,,,,,,,,
MRAS,,,,,,,,,,,,
CEP70,,,,,,,,,,,,
FAIM,,,,,,,,,,,,
PIK3CB,,,,,,,,,,,,
MRPS22,,,,,,,,,,,,
COPB2,,,,,,,,,,,,
RBP1,,,,,,,,,,,,
SLC25A36,,,,,,,,,,,,
PXYLP1,,,,,,,,,,,,
ZBTB38,0.09995199893366087,0.3068407854797585,0.2033963922067097,,,,0.127365220258092,0.5352326985654764,0.3312989594117842,,,
RASA2,,,,,,,,,,,,
RNF7,,,,,,,,,,,,
ATP1B3,,,,,,,,,,,,
TFDP2,,,,,,,,,,,,
GK5,,,,,,,,,,,,
XRN1,0.08861538737559152,0.3008622368170272,0.19473881209630933,,,,,,,,,
ATR,,,,,,,,,,,,
PLS1,,,,,,,,,,,,
TRPC1,,,,,,,,,,,,
PCOLCE2,,,,,,,,,,,,
U2SURP,0.06624977381945243,0.2814175170825901,0.17383364545102126,,,,,,,-0.049712068211318496,0.3849458869942699,0.1676169093914757
DIPK2A,,,,,,,,,,,,
PLOD2,,,,-0.9739349801338217,-0.2805718935805468,-0.6272534368571843,,,,,,
PLSCR1,,,,,,,,,,,,
GYG1,,,,,,,,,,,,
HLTF,,,,,,,,,,,,
HPS3,,,,,,,,,,,,
WWTR1,,,,,,,,,,,,
COMMD2,,,,,,,,,,,,
ANKUB1,,,,-0.9865999259158186,-0.3725590497341964,-0.6795794878250074,,,,,,
RNF13,,,,,,,,,,,,
PFN2,,,,,,,,,,,,
TSC22D2,,,,,,,,,,,,
SERP1,,,,,,,,,,,,
EIF2A,,,,,,,,,,,,
SELENOT,,,,,,,,,,,,
SIAH2,,,,,,,,,,,,
MED12L,,,,-0.9837983326505242,-0.32738566251067946,-0.6555919975806018,,,,,,
GPR171,,,,,,,,,,,,
P2RY14,,,,,,,,,,,,
MBNL1,,,,,,,,,,,,
P2RY1,,,,,,,,,,,,
RAP2B,,,,,,,,,,,,
ARHGEF26,,,,,,,,,,,,
DHX36,,,,,,,,,,,,
PLCH1,,,,-0.9762435397634119,-0.28463821749243484,-0.6304408786279234,,,,,,
C3orf33,,,,,,,,,,,,
SLC33A1,,,,,,,,,,,,
GMPS,,,,,,,,,,,,
SSR3,,,,,,,,,,,,
TIPARP,,,,,,,,,,,,
CCNL1,,,,,,,,,,,,
SHOX2,,,,,,,,,,,,
RSRC1,,,,,,,,,,,,
MLF1,,,,,,,,,,,,
GFM1,,,,,,,,,,,,
LXN,,,,,,,,,,,,
MFSD1,,,,,,,,,,,,
SCHIP1,,,,,,,,,,,,
IFT80,0.023957815916313345,0.24796852405319092,0.13596316998475214,,,,,,,,,
SMC4,0.10377924621210895,0.24843200853968295,0.17610562737589594,,,,,,,0.1290737554794722,0.4664604387619539,0.29776709712071303
TRIM59,,,,,,,,,,,,
KPNA4,,,,,,,,,,,,
PPM1L,,,,,,,,,,,,
NMD3,0.10109973095261104,0.35968064933393606,0.23039019014327355,,,,,,,0.06461724104431585,0.3866971167613387,0.22565717890282727
PDCD10,,,,,,,,,,,,
GOLIM4,,,,,,,,,,,,
MECOM,,,,,,,,,,,,
MYNN,,,,,,,,,,,,
LRRC34,,,,,,,,,,,,
SEC62,,,,,,,,,,,,
GPR160,,,,-0.976951628176557,-0.10535924910473596,-0.5411554386406465,,,,,,
PHC3,,,,,,,,,,,,
PRKCI,0.04578832837103394,0.3058287044592595,0.17580851641514672,,,,,,,,,
SKIL,,,,,,,,,,,,
RPL22L1,,,,,,,,,,,,
EIF5A2,,,,,,,,,,,,
TNIK,,,,,,,,,,,,
PLD1,,,,,,,,,,,,
FNDC3B,,,,-0.989631006317679,-0.28571891839516306,-0.6376749623564211,,,,,,
NCEH1,,,,,,,,,,,,
ECT2,0.12448221573957727,0.3544171785734185,0.2394496971564979,,,,0.10530572943266249,0.4239362111427784,0.26462097028772047,,,
NLGN1,,,,-0.9619247049099279,-0.15317267642868662,-0.5575486906693072,,,,,,
NAALADL2,,,,-0.9744314162759162,-0.16141471490129322,-0.5679230655886047,,,,,,
TBL1XR1,,,,,,,,,,,,
KCNMB2,,,,,,,,,,,,
ZMAT3,,,,,,,,,,,,
PIK3CA,,,,,,,,,,,,
ZNF639,0.08413668699237277,0.3114481488402384,0.19779241791630559,,,,,,,,,
MFN1,,,,,,,,,,,,
GNB4,0.07491564402232949,0.316633636414891,0.19577464021861024,,,,,,,0.04557017151374178,0.39286183794580987,0.21921600472977582
ACTL6A,0.08316658738371724,0.3326544532266701,0.20791052030519366,,,,,,,,,
MRPL47,0.02246909651934903,0.2655799668863728,0.14402453170286092,,,,,,,,,
NDUFB5,,,,,,,,,,,,
USP13,,,,,,,,,,,,
TTC14,0.06453825520681798,0.24888498976142334,0.15671162248412066,,,,,,,0.06416904961790715,0.35873576758187353,0.21145240859989034
FXR1,,,,,,,,,,,,
DNAJC19,,,,,,,,,,,,
SOX2,,,,,,,,,,,,
ATP11B,,,,,,,,,,,,
DCUN1D1,,,,,,,,,,,,
MCCC1,,,,,,,,,,,,
MCF2L2,,,,,,,,,,,,
B3GNT5,,,,,,,,,,,,
KLHL24,,,,,,,,,,,,
YEATS2,,,,,,,,,,,,
PARL,,,,,,,,,,,,
ABCC5,0.03960323722572667,0.2881521760935713,0.163877706659649,,,,,,,,,
EIF2B5,,,,,,,,,,,,
DVL3,,,,,,,,,,,,
AP2M1,,,,,,,,,,,,
ABCF3,,,,,,,,,,,,
ALG3,,,,,,,,,,,,
EEF1AKMT4,,,,,,,,,,,,
PSMD2,,,,,,,,,,,,
EIF4G1,0.1238871967476689,0.39103603318646796,0.25746161496706843,,,,0.10062896419677697,0.4918231815759312,0.29622607288635405,0.05914914827878958,0.4388275299111462,0.2489883390949679
POLR2H,,,,,,,,,,,,
MAGEF1,,,,,,,,,,,,
VPS8,,,,-0.9725633670983508,-0.19874943537886422,-0.5856564012386075,,,,,,
EHHADH,,,,,,,,,,,,
MAP3K13,,,,,,,,,,,,
TMEM41A,,,,,,,,,,,,
SENP2,,,,,,,,,,,,
IGF2BP2,,,,,,,,,,,,
TRA2B,0.07224890257568216,0.30122579151578543,0.1867373470457338,,,,,,,0.044608327300536196,0.4343820459752086,0.2394951866378724
TBCCD1,,,,,,,,,,,,
DNAJB11,0.09795094843005249,0.33316996718155406,0.21556045780580327,,,,,,,,,
EIF4A2,,,,,,,,,,,,
RFC4,,,,,,,,,,,,
ST6GAL1,,,,,,,,,,,,
RPL39L,,,,,,,,,,,,
LPP,,,,,,,,,,,,
P3H2,,,,,,,,,,,,
CCDC50,,,,,,,,,,,,
FGF12,,,,,,,,,,,,
MB21D2,,,,,,,,,,,,
PLAAT1,,,,,,,,,,,,
OPA1,0.034537684003822226,0.25968811555165905,0.14711289977774064,,,,,,,,,
HES1,,,,,,,,,,,,
ATP13A3,,,,-0.9872166042681205,-0.28958143182709667,-0.6383990180476086,,,,,,
LSG1,0.0871475453707699,0.3175012659652023,0.2023244056679861,,,,,,,,,
XXYLT1,,,,,,,,,,,,
ACAP2,,,,,,,,,,,,
PPP1R2,,,,,,,,,,,,
TNK2,,,,-0.9869033309539412,-0.27875809957745995,-0.6328307152657006,,,,,,
TFRC,,,,,,,,,,,,
PCYT1A,,,,,,,,,,,,
DYNLT2B,,,,,,,,,,,,
UBXN7,,,,,,,,,,0.05835902724936299,0.33823974195216916,0.19829938460076607
RNF168,,,,,,,,,,,,
WDR53,,,,,,,,,,,,
FBXO45,,,,,,,,,,,,
PIGX,,,,,,,,,,,,
CEP19,,,,,,,,,,,,
PAK2,,,,,,,,,,,,
SENP5,,,,,,,,,,,,
NCBP2,,,,,,,,,,,,
NCBP2AS2,,,,,,,,,,,,
MELTF,,,,,,,,,,,,
DLG1,,,,,,,,,,,,
RUBCN,,,,,,,,,,,,
FYTTD1,,,,,,,-0.12852275995129062,-0.007248152572913799,-0.06788545626210221,,,
LRCH3,,,,,,,,,,,,
IQCG,,,,,,,,,,,,
RPL35A,,,,,,,,,,,,
LMLN,,,,,,,,,,,,
ZNF721,0.030712606672254675,0.3166129590207871,0.1736627828465209,,,,,,,,,
PIGG,,,,,,,,,,,,
ATP5ME,,,,,,,,,,,,
MYL5,,,,,,,,,,,,
PCGF3,,,,,,,,,,,,
GAK,,,,,,,,,,,,
TMEM175,,,,,,,,,,,,
FGFRL1,,,,,,,,,,,,
CTBP1,,,,,,,,,,,,
MAEA,0.10077513535288858,0.37107544420391014,0.23592528977839936,,,,,,,0.10023686128905902,0.4220977887056465,0.2611673249973528
UVSSA,,,,,,,,,,,,
SLBP,,,,,,,,,,,,
TACC3,0.0768315509563357,0.27405466441019727,0.17544310768326649,,,,,,,,,
TMEM129,,,,,,,,,,,,
FGFR3,,,,,,,,,,,,
LETM1,,,,,,,,,,,,
NSD2,,,,,,,,,,,,
NELFA,,,,,,,,,,,,
C4orf48,,,,,,,,,,,,
NAT8L,,,,,,,,,,,,
POLN,,,,,,,,,,,,
HAUS3,0.05126826238635644,0.2569390296284032,0.15410364600737983,,,,,,,,,
MXD4,,,,,,,,,,,,
ZFYVE28,,,,,,,,,,,,
RNF4,,,,,,,,,,,,
FAM193A,,,,,,,,,,,,
TNIP2,,,,,,,,,,,,
ADD1,,,,,,,,,,,,
MFSD10,,,,,,,,,,,,
NOP14,0.1894078007529059,0.3793173503588194,0.28436257555586264,,,,,,,0.17693788783553124,0.4464560702678036,0.31169697905166743
GRK4,,,,-0.979088199418094,-0.24305363086745793,-0.611070915142776,,,,,,
HTT,,,,,,,,,,,,
RGS12,,,,,,,,,,,,
LRPAP1,,,,,,,,,,,,
ADRA2C,,,,,,,,,,,,
TMEM128,,,,,,,,,,,,
LYAR,,,,,,,,,,,,
STX18,,,,-0.9798947053014622,-0.12179457233327343,-0.5508446388173678,,,,,,
MSX1,,,,,,,,,,,,
EVC,,,,,,,,,,,,
MAN2B2,,,,,,,,,,,,
MRFAP1,,,,,,,,,,,,
ENSG00000170846,,,,-0.7410722256708268,-0.7410722256708268,-0.7410722256708268,,,,,,
MRFAP1L1,,,,,,,,,,,,
BLOC1S4,,,,,,,,,,,,
KIAA0232,,,,,,,,,,,,
TBC1D14,,,,,,,,,,,,
TADA2B,0.05458398050349461,0.27971383829824736,0.167148909400871,,,,,,,,,
GRPEL1,,,,,,,,,,,,
SORCS2,-0.06515093929283214,-0.015464667141607935,-0.04030780321722004,-0.9340870210437621,-0.1517588968042677,-0.5429229589240149,,,,-0.08530408742123054,-0.025487585886529017,-0.055395836653879774
AFAP1,,,,,,,,,,,,
ACOX3,,,,,,,,,,,,
TRMT44,,,,,,,,,,,,
HMX1,,,,,,,,,,,,
WDR1,,,,,,,,,,,,
ZNF518B,,,,,,,,,,,,
RAB28,,,,,,,,,,,,
BOD1L1,0.07641784411434913,0.30422010601955757,0.19031897506695333,,,,,,,,,
CPEB2,,,,,,,,,,,,
CC2D2A,,,,,,,,,,,,
FBXL5,,,,,,,,,,,,
FAM200B,,,,,,,,,,,,
TAPT1,,,,,,,,,,,,
QDPR,,,,,,,,,,,,
LAP3,,,,,,,,,,,,
MED28,,,,,,,,,,,,
FAM184B,,,,,,,,,,,,
DCAF16,,,,,,,,,,,,
NCAPG,,,,,,,,,,,,
LCORL,,,,,,,,,,,,
SLIT2,,,,,,,,,,,,
PACRGL,,,,,,,,,,,,
ADGRA3,0.0859055410825862,0.2936653580505129,0.18978544956654955,,,,,,,0.06886408109626875,0.3941567149783432,0.23151039803730597
GBA3,-0.2380880222572592,-0.06127686470666477,-0.14968244348196197,,,,,,,,,
DHX15,,,,,,,0.0003093801224395895,0.37863047361401425,0.18946992686822692,,,
SEPSECS,,,,,,,,,,,,
PI4K2B,,,,,,,,,,,,
ZCCHC4,,,,,,,,,,,,
ANAPC4,,,,,,,,,,,,
SEL1L3,,,,,,,,,,,,
SMIM20,,,,,,,,,,,,
RBPJ,,,,,,,,,,,,
TBC1D19,,,,,,,,,,,,
STIM2,,,,,,,,,,,,
PCDH7,,,,,,,,,,,,
ARAP2,,,,,,,,,,,,
RELL1,,,,,,,,,,,,
PGM2,,,,,,,,,,,,
TBC1D1,,,,,,,,,,,,
KLF3,,,,,,,,,,,,
FAM114A1,,,,,,,,,,,,
KLHL5,,,,,,,,,,,,
WDR19,,,,-0.9801375500085951,-0.1753887096192178,-0.5777631298139064,,,,,,
RFC1,,,,,,,,,,,,
RPL9,,,,,,,,,,,,
LIAS,,,,,,,,,,,,
UGDH,,,,,,,,,,,,
SMIM14,,,,,,,,,,,,
UBE2K,0.04240831521406631,0.2844793694716739,0.1634438423428701,,,,,,,,,
PDS5A,-0.005680845845946876,0.293313999209213,0.14381657668163308,,,,,,,,,
N4BP2,,,,,,,,,,,,
RBM47,,,,,,,,,,,,
APBB2,,,,,,,,,,,,
UCHL1,,,,,,,,,,,,
LIMCH1,,,,,,,,,,-0.1309543218006151,0.019755347231240183,-0.05559948728468745
TMEM33,,,,,,,,,,,,
SLC30A9,,,,,,,,,,,,
BEND4,,,,,,,,,,,,
ATP8A1,,,,-0.9803445635023735,-0.2609179592206507,-0.6206312613615121,,,,,,
KCTD8,,,,,,,,,,,,
GUF1,,,,,,,,,,,,
GNPDA2,,,,,,,,,,,,
COMMD8,,,,,,,,,,,,
ATP10D,,,,,,,,,,,,
NFXL1,,,,,,,,,,,,
NIPAL1,,,,,,,,,,,,
TXK,,,,,,,,,,,,
TEC,,,,,,,,,,,,
SLAIN2,,,,,,,,,,,,
FRYL,,,,-0.9916892655547003,-0.3863886843609743,-0.6890389749578373,,,,,,
OCIAD1,,,,,,,,,,,,
DCUN1D4,,,,,,,,,,,,
SGCB,,,,,,,,,,,,
USP46,,,,,,,,,,,,
SCFD2,0.06806563929596236,0.24134172942042822,0.1547036843581953,,,,,,,,,
FIP1L1,0.08749317671212561,0.36271718474119846,0.22510518072666202,,,,0.12564031768811504,0.5822898984270715,0.35396510805759324,,,
CHIC2,,,,,,,,,,,,
SRD5A3,,,,,,,,,,,,
TMEM165,,,,,,,,,,,,
CLOCK,,,,,,,,,,,,
NMU,,,,,,,,,,,,
EXOC1,,,,,,,,,,,,
CEP135,0.06962646457236636,0.2829738235807369,0.17630014407655165,,,,,,,,,
CRACD,,,,,,,,,,,,
AASDH,,,,,,,,,,,,
PPAT,,,,,,,,,,,,
PAICS,,,,,,,,,,,,
SRP72,,,,,,,,,,,,
HOPX,,,,,,,,,,,,
REST,0.05970620158084569,0.27793143796732217,0.16881881977408392,,,,,,,,,
NOA1,,,,,,,,,,,,
POLR2B,,,,,,,,,,,,
ADGRL3,-0.07519440943599404,-0.03128100309172436,-0.053237706263859194,-0.8787329260248313,-0.11783685733310952,-0.49828489167897044,,,,-0.08576354392495784,-0.0025858608944388153,-0.04417470240969833
EPHA5,-0.19016442823022844,-0.04242747195456572,-0.11629595009239709,,,,,,,,,
CENPC,,,,,,,,,,,,
UBA6,,,,,,,,,,,,
YTHDC1,0.0962430079927696,0.3321057878557421,0.21417439792425583,,,,,,,,,
UTP3,0.07922284718147665,0.31445400432938136,0.196838425755429,,,,,,,,,
RUFY3,,,,,,,,,,,,
GRSF1,0.0884939684956884,0.320415194397855,0.2044545814467717,,,,,,,,,
MOB1B,,,,,,,,,,,,
DCK,,,,,,,,,,,,
SLC4A4,,,,-0.9359288057413501,-0.2515853896177228,-0.5937570976795364,,,,,,
ADAMTS3,,,,,,,,,,,,
COX18,,,,,,,,,,,,
ANKRD17,0.010472298771170577,0.2911040504110517,0.15078817459111113,,,,,,,,,
MTHFD2L,,,,,,,,,,,,
RCHY1,,,,-0.9848299834691239,-0.3235594797278073,-0.6541947315984655,,,,,,
THAP6,,,,,,,,,,,,
CDKL2,,,,,,,,,,,,
G3BP2,0.0852048459879446,0.3575607711254591,0.22138280855670184,,,,,,,,,
USO1,0.07691732560267274,0.3368039385166307,0.20686063205965172,,,,0.07480822951174577,0.5256503285150049,0.30022927901337537,,,
NAAA,,,,-0.7941800155455835,-0.7941800155455835,-0.7941800155455835,,,,,,
SDAD1,,,,,,,,,,,,
NUP54,0.03219644589156325,0.2895490479921548,0.16087274694185902,,,,,,,,,
SCARB2,,,,,,,,,,,,
SHROOM3,,,,,,,,,,,,
SEPTIN11,,,,,,,,,,,,
CCNI,,,,,,,,,,,,
CCNG2,,,,,,,,,,,,
CNOT6L,,,,,,,,,,,,
MRPL1,,,,,,,,,,,,
FRAS1,,,,,,,,,,,,
BMP2K,,,,,,,,,,,,
PAQR3,,,,,,,,,,,,
ANTXR2,,,,,,,,,,,,
RASGEF1B,,,,,,,,,,,,
HNRNPD,0.14792356064659243,0.32833832747731395,0.23813094406195318,,,,0.016654331769692648,0.3230424587460228,0.16984839525785772,0.08234754190822315,0.3355830084979907,0.20896527520310693
HNRNPDL,0.17444897705622656,0.3364103162799057,0.2554296466680661,,,,,,,,,
ENOPH1,,,,,,,,,,,,
TMEM150C,,,,,,,,,,,,
SCD5,,,,,,,,,,,,
SEC31A,,,,,,,,,,,,
THAP9,,,,,,,,,,,,
LIN54,,,,,,,,,,,,
COPS4,,,,,,,,,,,,
COQ2,,,,,,,,,,,,
HELQ,,,,,,,,,,,,
MRPS18C,,,,,,,,,,,,
ABRAXAS1,,,,-0.9656887842395488,-0.023349305474473926,-0.49451904485701137,,,,,,
GPAT3,,,,-0.9464037274515913,-0.14392335488501293,-0.5451635411683021,,,,,,
CDS1,,,,,,,,,,,,
WDFY3,,,,-0.9798990936911506,-0.3054093106341031,-0.6426542021626268,,,,,,
ARHGAP24,,,,-0.9878208279344501,-0.3408451263419246,-0.6643329771381874,,,,,,
MAPK10,,,,,,,,,,,,
PTPN13,0.10373668037460149,0.3129064273933149,0.2083215538839582,,,,,,,0.10435110325295832,0.39021529180057507,0.2472831975267667
AFF1,,,,,,,,,,,,
KLHL8,,,,,,,,,,,,
HSD17B11,,,,,,,,,,,,
NUDT9,,,,,,,,,,,,
PKD2,,,,,,,,,,,,
PPM1K,,,,,,,,,,,,
HERC5,,,,,,,,,,,,
HERC3,,,,,,,,,,,,
FAM13A,,,,,,,,,,,,
GPRIN3,,,,,,,,,,,,
SNCA,,,,,,,,,,,,
CCSER1,,,,-0.9736568879485595,-0.1494099127531151,-0.5615334003508373,,,,,,
GRID2,,,,,,,,,,,,
SMARCAD1,0.03229154978403439,0.28601676122915126,0.15915415550659281,,,,,,,0.09200866446751944,0.470785865009359,0.28139726473843923
PDLIM5,0.06637552545475169,0.30847090755452494,0.1874232165046383,,,,,,,0.030865641901394757,0.4310540016982125,0.23095982179980362
BMPR1B,,,,,,,,,,,,
UNC5C,,,,-0.9754146638715228,-0.1783310613860789,-0.5768728626288009,,,,,,
STPG2,,,,,,,,,,,,
RAP1GDS1,-0.015824423965717746,0.29803791208327507,0.14110674405877865,,,,,,,,,
TSPAN5,,,,,,,,,,,,
EIF4E,,,,,,,,,,,,
METAP1,,,,,,,,,,,,
ADH5,,,,,,,,,,,,
TRMT10A,,,,,,,,,,,,
LAMTOR3,,,,,,,,,,,,
DNAJB14,,,,,,,,,,,,
PPP3CA,,,,,,,,,,,,
SLC39A8,,,,,,,,,,,,
NFKB1,,,,,,,,,,,,
MANBA,,,,,,,,,,,,
UBE2D3,,,,,,,,,,,,
CISD2,,,,,,,,,,,,
SLC9B2,,,,,,,,,,,,
BDH2,,,,,,,,,,,,
CENPE,0.12538111256617293,0.2814375408205204,0.20340932669334666,,,,,,,0.034966666536108186,0.2740786715982974,0.1545226690672028
CXXC4,,,,,,,,,,,,
TET2,0.06236330132999287,0.2656470717565152,0.16400518654325402,,,,0.09150949815751785,0.48905024312570733,0.2902798706416126,,,
PPA2,0.044329616760584466,0.35003330885675404,0.19718146280866924,,,,,,,,,
INTS12,,,,,,,,,,,,
GSTCD,,,,,,,,,,,,
TBCK,,,,,,,,,,,,
AIMP1,,,,,,,,,,,,
PAPSS1,,,,,,,,,,,,
SGMS2,,,,,,,,,,,,
HADH,,,,,,,,,,,,
LEF1,,,,,,,,,,,,
RPL34,,,,,,,,,,,,
OSTC,,,,,,,,,,,,
COL25A1,,,,-0.9506725771991378,-0.05784498502751526,-0.5042587811133266,,,,,,
SEC24B,,,,,,,,,,,,
MCUB,,,,,,,,,,,,
CASP6,,,,,,,,,,,,
PLA2G12A,,,,,,,,,,,,
GAR1,0.11483098906216324,0.35704470530768595,0.2359378471849246,,,,0.0669493526835574,0.5561984586477778,0.3115739056656676,0.023737799175798265,0.38022765273863735,0.2019827259572178
ELOVL6,,,,,,,,,,,,
ENPEP,,,,,,,,,,,,
PITX2,,,,,,,,,,,,
FAM241A,,,,,,,,,,,,
AP1AR,0.10050644848658136,0.31707339186972144,0.2087899201781514,,,,,,,,,
TIFA,,,,,,,,,,,,
ALPK1,,,,-0.7278955117686363,-0.7278955117686363,-0.7278955117686363,,,,,,
ZGRF1,,,,,,,,,,,,
LARP7,,,,,,,,,,,,
ANK2,,,,,,,,,,,,
CAMK2D,,,,,,,,,,,,
ARSJ,,,,,,,,,,,,
UGT8,,,,,,,,,,,,
METTL14,,,,,,,,,,,,
SEC24D,,,,,,,,,,,,
USP53,0.04786076645047353,0.27644506011378345,0.1621529132821285,,,,,,,,,
C4orf3,,,,,,,,,,,,
PDE5A,,,,,,,,,,,,
MAD2L1,,,,,,,,,,,,
PRDM5,,,,,,,,,,,,
QRFPR,,,,,,,,,,,,
ANXA5,,,,,,,,,,,,
EXOSC9,,,,,,,,,,,,
CCNA2,,,,,,,,,,,,
BBS7,,,,,,,,,,,,
TRPC3,,,,,,,,,,,,
BLTP1,,,,,,,,,,,,
FGF2,,,,,,,,,,,,
NUDT6,,,,,,,,,,,,
SPATA5,,,,,,,,,,,,
SPRY1,,,,,,,,,,,,
ANKRD50,0.05705818449197306,0.2557437178513901,0.15640095117168157,,,,,,,,,
INTU,,,,,,,,,,,,
HSPA4L,,,,,,,,,,,,
PLK4,,,,,,,,,,,,
MFSD8,,,,,,,,,,,,
ABHD18,,,,,,,,,,,,
LARP1B,,,,,,,,,,,,
PGRMC2,0.08392539712544947,0.3573235673021232,0.22062448221378633,,,,,,,0.01003001982001471,0.3914530562904644,0.20074153805523956
JADE1,,,,,,,,,,,,
SCLT1,0.06435977403655092,0.31462526010505976,0.18949251707080533,,,,,,,,,
C4orf33,,,,,,,,,,,,
PCDH10,,,,,,,,,,,,
SLC7A11,,,,,,,,,,,,
NOCT,,,,,,,,,,,,
ELF2,,,,,,,,,,,,
MGARP,0.050139429781249134,0.2878736966263912,0.16900656320382015,,,,,,,,,
NDUFC1,,,,,,,,,,,,
NAA15,,,,,,,,,,,,
RAB33B,,,,,,,,,,,,
SETD7,,,,,,,,,,,,
MGST2,,,,,,,,,,,,
MAML3,,,,,,,,,,,,
SCOC,,,,,,,,,,,,
CLGN,,,,-0.9808923453986752,-0.26204210366414993,-0.6214672245314126,,,,,,
ELMOD2,,,,-0.9854935966256013,-0.22248018333960623,-0.6039868899826037,,,,,,
TBC1D9,,,,,,,,,,,,
RNF150,,,,,,,,,,,,
ZNF330,,,,,,,,,,,,
USP38,,,,,,,,,,,,
GAB1,,,,-0.9832429150843199,-0.3462140821250518,-0.6647284986046859,,,,,,
SMARCA5,0.067099432945587,0.3217839895752578,0.1944417112604224,,,,,,,,,
HHIP,,,,,,,,,,,,
ANAPC10,0.006087749745381995,0.2971540729139528,0.1516209113296674,,,,,,,,,
ABCE1,0.11343953161746244,0.3487844735191708,0.23111200256831663,,,,,,,,,
OTUD4,,,,,,,,,,,,
SMAD1,,,,,,,,,,,,
ZNF827,,,,,,,,,,,,
LSM6,,,,,,,,,,,,
SLC10A7,,,,,,,,,,,,
EDNRA,,,,,,,,,,,,
TMEM184C,,,,,,,,,,,,
PRMT9,,,,,,,,,,,,
ARHGAP10,,,,,,,,,,,,
NR3C2,,,,,,,,,,,,
DCLK2,,,,,,,,,,,,
LRBA,,,,,,,,,,,,
RPS3A,,,,,,,,,,,,
SH3D19,,,,,,,,,,,,
FHIP1A,,,,-0.9794387414729653,-0.26010369618392537,-0.6197712188284453,,,,,,
GATB,,,,,,,,,,,,
FBXW7,,,,,,,,,,,,
ARFIP1,,,,,,,,,,,,
TRIM2,,,,,,,,,,,,
MND1,,,,-0.97667212917006,-0.23678151482077872,-0.6067268219954194,,,,,,
TMEM131L,,,,,,,,,,,,
PLRG1,,,,,,,,,,,,
MAP9,,,,,,,,,,,,
GUCY1A1,,,,,,,0.133901783327995,0.5600787355556209,0.34699025944180795,,,
GUCY1B1,,,,,,,,,,,,
PDGFC,,,,,,,,,,,,
TMEM144,,,,,,,,,,,,
C4orf46,,,,-0.8611889467010132,-0.8611889467010132,-0.8611889467010132,,,,,,
ETFDH,,,,,,,,,,,,
PPID,0.15018007669355635,0.3654382283004581,0.2578091524970072,,,,,,,0.0862420309018501,0.42064786986778147,0.2534449503848158
FNIP2,,,,,,,,,,,,
RAPGEF2,,,,,,,,,,,,
FSTL5,,,,-0.9841181121415606,-0.3069404772128904,-0.6455292946772255,,,,,,
NAF1,0.019846445894585833,0.27119372109139517,0.1455200834929905,,,,,,,,,
TMA16,,,,,,,,,,,,
TMEM192,,,,,,,,,,,,
KLHL2,,,,,,,,,,,,
MSMO1,,,,,,,,,,,,
CPE,,,,,,,,,,,,
TLL1,,,,,,,,,,,,
SPOCK3,,,,,,,,,,,,
PALLD,,,,,,,,,,,,
CBR4,,,,,,,,,,,,
SH3RF1,,,,,,,,,,,,
NEK1,,,,,,,,,,,,
CLCN3,,,,,,,,,,,,
HPF1,,,,,,,,,,,,
MFAP3L,,,,,,,,,,,,
AADAT,,,,,,,,,,,,
GALNTL6,,,,,,,,,,,,
GALNT7,,,,,,,,,,,,
HMGB2,,,,,,,,,,,,
SAP30,0.029387798359648425,0.24115281151111212,0.13527030493538028,,,,,,,,,
FBXO8,,,,,,,,,,,,
CEP44,,,,,,,,,,,,
GPM6A,-0.10145118390848108,-0.03341741811424174,-0.06743430101136141,,,,,,,,,
WDR17,,,,,,,,,,,,
SPCS3,,,,,,,,,,,,
VEGFC,,,,-0.7564001736327396,-0.7564001736327396,-0.7564001736327396,,,,,,
NEIL3,,,,,,,,,,,,
AGA,,,,,,,,,,,,
TENM3,,,,,,,,,,,,
DCTD,,,,,,,,,,,,
WWC2,,,,-0.9926443536457147,-0.4832822440273006,-0.7379632988365077,,,,,,
CDKN2AIP,,,,,,,,,,,,
ING2,,,,,,,,,,,,
RWDD4,,,,,,,,,,,,
TRAPPC11,,,,,,,,,,,,
STOX2,,,,,,,,,,,,
IRF2,,,,,,,,,,,,
CASP3,,,,,,,,,,,,
PRIMPOL,,,,,,,,,,,,
CENPU,,,,,,,,,,,,
ACSL1,,,,,,,,,,,,
SLC25A4,,,,,,,,,,,,
CFAP97,,,,,,,,,,,,
SNX25,,,,,,,,,,,,
UFSP2,,,,,,,,,,,,
PDLIM3,,,,-0.7626137357396672,-0.7626137357396672,-0.7626137357396672,,,,,,
SORBS2,,,,,,,,,,,,
CYP4V2,,,,-0.6217368697202764,-0.6217368697202764,-0.6217368697202764,,,,,,
FAT1,,,,,,,,,,,,
FRG1,,,,,,,,,,,,
CCDC127,,,,,,,,,,,,
SDHA,,,,,,,,,,,,
PDCD6,,,,,,,,,,,,
AHRR,,,,,,,,,,,,
EXOC3,,,,-0.7884161168988972,-0.7884161168988972,-0.7884161168988972,,,,,,
CEP72,,,,,,,,,,,,
BRD9,,,,,,,,,,,,
TRIP13,,,,,,,,,,,,
CLPTM1L,,,,,,,,,,,,
LPCAT1,,,,,,,,,,,,
MRPL36,,,,,,,,,,,,
NDUFS6,,,,,,,,,,,,
ADAMTS16,,,,-0.9876739445756244,-0.40682298115385945,-0.697248462864742,,,,,,
ICE1,,,,,,,,,,,,
MED10,,,,,,,,,,,,
NSUN2,0.06387800834181616,0.2989617386692784,0.18141987350554728,,,,,,,,,
SRD5A1,,,,,,,,,,,,
TENT4A,,,,,,,,,,,,
MTRR,,,,,,,,,,,,
FASTKD3,,,,-0.8378158647684751,-0.8378158647684751,-0.8378158647684751,,,,,,
SEMA5A,,,,-0.9662366505116382,-0.13793255342092312,-0.5520846019662806,,,,,,
ATPSCKMT,,,,,,,,,,,,
CCT5,0.07057847454346557,0.33969872978359084,0.2051386021635282,,,,,,,,,
CMBL,,,,,,,,,,,,
MARCHF6,,,,,,,,,,,,
ANKRD33B,,,,,,,,,,,,
DAP,,,,,,,,,,,,
TRIO,,,,,,,,,,,,
OTULINL,-0.054033396844394746,-0.004382309717012441,-0.029207853280703595,,,,-0.09034241039859361,-0.0053725937944534025,-0.04785750209652351,-0.09021305456067542,0.004024418900837828,-0.0430943178299188
OTULIN,,,,,,,,,,,,
ANKH,,,,,,,,,,,,
FBXL7,,,,,,,,,,,,
ZNF622,0.07574142329302684,0.2859566920694666,0.18084905768124673,,,,,,,,,
RETREG1,,,,,,,,,,,,
MYO10,,,,,,,,,,,,
BASP1,,,,,,,,,,,,
CDH18,,,,,,,,,,,,
CDH12,,,,-0.9665410323029648,-0.18316411849739367,-0.5748525754001792,,,,,,
DROSHA,,,,,,,,,,,,
C5orf22,,,,,,,,,,,,
PDZD2,,,,-0.9515443346090066,-0.10307049016971,-0.5273074123893583,,,,,,
GOLPH3,,,,,,,,,,,,
MTMR12,,,,,,,,,,,,
ZFR,0.07128960015275801,0.3356014103232792,0.20344550523801863,,,,,,,,,
SUB1,,,,,,,,,,,,
TARS1,,,,,,,,,,,,
RAI14,0.07432867121802175,0.33332760545499357,0.20382813833650765,,,,,,,0.09778381396555838,0.3799100296480601,0.23884692180680922
RAD1,,,,,,,,,,,,
BRIX1,,,,,,,,,,,,
DNAJC21,,,,,,,,,,,,
LMBRD2,,,,,,,,,,,,
SKP2,,,,,,,,,,,,
NADK2,,,,,,,,,,,,
SLC1A3,,,,,,,,,,,,
NIPBL,0.15517325638742532,0.3521751682530943,0.25367421232025983,,,,,,,0.06068980094464906,0.31263234880665586,0.18666107487565245
CPLANE1,,,,,,,,,,,,
NUP155,,,,,,,,,,,,
WDR70,,,,,,,,,,,,
LIFR,,,,,,,,,,,,
RICTOR,,,,,,,,,,,,
DAB2,,,,,,,,,,,,
TTC33,,,,,,,,,,,,
PRKAA1,,,,,,,,,,,,
RPL37,,,,,,,,,,,,
OXCT1,0.06916545596992742,0.3071731303321985,0.18816929315106296,,,,,,,,,
RIMOC1,0.051949474084858824,0.3340197981141221,0.19298463609949046,,,,,,,,,
FBXO4,,,,,,,,,,,,
GHR,,,,,,,,,,,,
SELENOP,,,,,,,,,,,,
ZNF131,,,,,,,,,,,,
HMGCS1,,,,,,,,,,,,
TMEM267,,,,,,,,,,,,
C5orf34,,,,,,,,,,,,
PAIP1,,,,,,,,,,,,
NNT,,,,,,,,,,,,
MRPS30,,,,,,,,,,,,
EMB,,,,,,,,,,,,
PARP8,,,,,,,,,,,,
ISL1,,,,,,,,,,,,
PELO,,,,,,,,,,,,
ITGA2,,,,,,,,,,,,
MOCS2,,,,,,,,,,,,
NDUFS4,,,,,,,,,,,,
ARL15,,,,-0.9601649349886016,-0.18117702604969277,-0.5706709805191472,,,,,,
SNX18,,,,,,,,,,,,
GPX8,,,,,,,,,,,,
DHX29,,,,,,,,,,,,
MTREX,0.0654043707341379,0.3799285373321419,0.2226664540331399,,,,,,,,,
PLPP1,,,,,,,,,,,,
SLC38A9,,,,,,,,,,,,
IL6ST,,,,,,,,,,,,
MAP3K1,,,,,,,,,,,,
SETD9,,,,,,,,,,,,
MIER3,,,,,,,,,,,,
GPBP1,,,,,,,,,,,,
RAB3C,,,,,,,,,,,,
PDE4D,,,,,,,,,,,,
DEPDC1B,,,,,,,,,,,,
ELOVL7,,,,,,,,,,,,
ERCC8,,,,,,,,,,,,
NDUFAF2,,,,,,,,,,,,
SMIM15,,,,,,,,,,,,
ZSWIM6,,,,,,,,,,,,
KIF2A,-0.00354390213020622,0.2925334989458111,0.14449479840780244,,,,,,,,,
DIMT1,,,,,,,,,,,,
IPO11,,,,,,,,,,,,
SREK1IP1,,,,,,,,,,,,
CWC27,,,,,,,,,,,,
ADAMTS6,,,,,,,,,,,,
CENPK,,,,,,,,,,,,
PPWD1,0.03713344179250229,0.32309324831492886,0.18011334505371557,,,,,,,,,
TRIM23,,,,,,,,,,,,
TRAPPC13,,,,,,,,,,,,
SGTB,,,,,,,,,,,,
NLN,0.04117124243624811,0.276903899499671,0.15903757096795954,,,,,,,,,
ERBIN,0.08423093040766541,0.3264566559642912,0.20534379318597829,,,,,,,0.04372494520549243,0.3857031049220489,0.21471402506377066
SREK1,,,,,,,,,,,,
MAST4,,,,,,,,,,,,
PIK3R1,,,,,,,,,,,,
SLC30A5,-0.06591608282552099,-0.014573316245506422,-0.040244699535513705,-0.9500049397527432,-0.22549302100277227,-0.5877489803777578,,,,,,
CCNB1,0.11581029912277654,0.2508049128331184,0.18330760597794749,,,,,,,,,
CENPH,,,,,,,,,,,,
MRPS36,,,,,,,,,,,,
CDK7,,,,,,,,,,,,
CCDC125,,,,,,,,,,,,
AK6,,,,,,,,,,,,
TAF9,,,,,,,,,,,,
RAD17,,,,,,,,,,,,
MARVELD2,,,,,,,,,,,,
OCLN,,,,,,,,,,,,
GTF2H2C,0.08091891330496716,0.29579103568952725,0.1883549744972472,,,,0.146634768762389,0.5882916163494205,0.36746319255590476,,,
SMN2,,,,-0.7058595979814635,-0.7058595979814635,-0.7058595979814635,,,,,,
SMN1,,,,,,,,,,,,
GTF2H2,,,,,,,,,,,,
BDP1,0.06832760615142783,0.31628328851473875,0.1923054473330833,,,,,,,,,
MCCC2,,,,,,,,,,,,
MAP1B,,,,,,,,,,,,
MRPS27,,,,,,,,,,,,
PTCD2,,,,-0.8311448366937648,-0.8311448366937648,-0.8311448366937648,,,,,,
TNPO1,,,,,,,,,,,,
FCHO2,,,,,,,,,,,,
FOXD1,,,,,,,,,,,,
BTF3,,,,,,,,,,,,
ANKRA2,,,,,,,,,,,,
UTP15,0.13824439576032388,0.3821116583302274,0.26017802704527565,,,,,,,0.14122520608730565,0.46662679246561656,0.30392599927646113
ARHGEF28,,,,-0.769257951441323,-0.769257951441323,-0.769257951441323,,,,,,
HEXB,,,,,,,,,,,,
GFM2,,,,,,,,,,,,
NSA2,,,,,,,,,,,,
FAM169A,,,,,,,,,,,,
HMGCR,,,,,,,,,,,,
CERT1,,,,,,,,,,,,
POLK,,,,,,,,,,,,
POC5,,,,,,,,,,,,
IQGAP2,,,,,,,,,,,,
F2R,,,,,,,,,,,,
AGGF1,0.10808814918095248,0.38282771480928357,0.24545793199511803,,,,,,,0.035581419070228104,0.4050262060065451,0.2203038125383866
ZBED3,,,,,,,,,,,,
WDR41,,,,,,,,,,,,
TBCA,,,,,,,,,,,,
AP3B1,0.021226654401683066,0.2861594545313581,0.1536930544665206,-0.977556042817722,-0.25142877235567973,-0.6144924075867009,,,,,,
SCAMP1,,,,,,,,,,,,
LHFPL2,,,,,,,,,,,,
ARSB,,,,,,,,,,,,
DMGDH,,,,,,,,,,,,
JMY,,,,,,,,,,,,
HOMER1,,,,-0.9900371787065202,-0.28305388055408887,-0.6365455296303045,,,,,,
TENT2,,,,,,,,,,,,
MTX3,,,,,,,,,,,,
THBS4,,,,,,,,,,,,
SERINC5,,,,-0.9769487249274129,-0.2961888490249403,-0.6365687869761766,,,,,,
ZFYVE16,,,,,,,,,,,,
FAM151B,,,,,,,,,,,,
DHFR,,,,,,,,,,,,
MSH3,,,,-0.9905668790950087,-0.4078432396188808,-0.6992050593569448,,,,,,
RASGRF2,,,,,,,,,,,,
ZCCHC9,,,,,,,,,,,,
SSBP2,,,,,,,,,,,,
ATG10,,,,,,,,,,,,
RPS23,,,,,,,,,,,,
TMEM167A,,,,,,,,,,,,
XRCC4,,,,,,,,,,,,
VCAN,,,,,,,,,,,,
EDIL3,,,,,,,,,,,,
COX7C,,,,,,,,,,,,
RASA1,,,,,,,,,,,,
CCNH,,,,,,,,,,,,
TMEM161B,,,,,,,,,,,,
MEF2C,,,,,,,,,,,,
CETN3,,,,,,,,,,,,
MBLAC2,,,,,,,,,,,,
POLR3G,,,,,,,,,,,,
LYSMD3,,,,,,,,,,,,
ADGRV1,,,,-0.9689385165573623,-0.09945644713511066,-0.5341974818462365,,,,,,
ARRDC3,,,,,,,,,,,,
NR2F1,,,,,,,,,,,,
FAM172A,,,,,,,,,,,,
SLF1,,,,,,,,,,,,
MCTP1,,,,,,,,,,,,
SKIC3,,,,,,,,,,,,
ARSK,,,,,,,,,,,,
RFESD,,,,,,,,,,,,
RHOBTB3,,,,,,,,,,,,
GLRX,,,,,,,,,,,,
ELL2,,,,,,,,,,,,
CAST,,,,,,,,,,,,
LNPEP,,,,,,,,,,,,
RIOK2,0.05719029137378986,0.29767238716608146,0.17743133926993565,,,,,,,,,
RGMB,,,,,,,,,,,,
CHD1,0.13211631798431342,0.3167082136965092,0.2244122658404113,,,,,,,,,
FAM174A,,,,,,,,,,,,
SLCO6A1,,,,,,,,,,,,
PAM,,,,,,,,,,,,
GIN1,,,,,,,,,,,,
PPIP5K2,,,,,,,,,,,,
MACIR,,,,,,,,,,,,
NUDT12,,,,,,,,,,,,
EFNA5,,,,,,,,,,,,
FBXL17,,,,,,,,,,,,
FER,0.04129619094423112,0.2518854119919069,0.14659080146806902,,,,,,,,,
PJA2,,,,,,,,,,,,
MAN2A1,,,,,,,,,,,,
SLC25A46,,,,,,,,,,,,
WDR36,,,,,,,,,,,,
CAMK4,,,,-0.9873968447227991,-0.3559341735057627,-0.6716655091142809,,,,,,
STARD4,,,,,,,,,,,,
NREP,,,,,,,,,,,,
EPB41L4A,,,,,,,,,,,,
APC,0.14815701276788232,0.38305180545278306,0.2656044091103327,,,,,,,0.10459111947034298,0.4683667787354723,0.2864789491029076
SRP19,,,,,,,,,,,,
REEP5,,,,,,,,,,,,
DCP2,,,,,,,,,,,,
MCC,,,,-0.9851216787956205,-0.22942941270515094,-0.6072755457503858,,,,,,
YTHDC2,0.08807535690369327,0.3524731823250449,0.22027426961436908,,,,,,,,,
TRIM36,,,,,,,,,,-0.2802163829712241,-0.05144964921303643,-0.16583301609213025
PGGT1B,,,,,,,,,,,,
CCDC112,,,,,,,,,,,,
FEM1C,,,,,,,,,,,,
TMED7,,,,,,,,,,,,
ATG12,,,,,,,,,,,,
AP3S1,,,,,,,,,,,,
COMMD10,,,,,,,,,,,,
SEMA6A,,,,,,,,,,,,
DTWD2,,,,,,,0.08651221206635003,0.5421555718159958,0.31433389194117295,,,
DMXL1,,,,,,,,,,,,
TNFAIP8,,,,,,,,,,,,
HSD17B4,0.09956114744618058,0.34241545439701604,0.22098830092159832,,,,,,,,,
PRR16,,,,,,,,,,,,
SRFBP1,,,,,,,,,,,,
SNX2,,,,,,,,,,,,
SNX24,,,,,,,,,,,,
PPIC,,,,,,,,,,,,
PRDM6,,,,,,,,,,,,
CEP120,,,,,,,,,,,,
CSNK1G3,0.051981508590353095,0.28721963412690443,0.16960057135862877,,,,,,,,,
ZNF608,,,,,,,,,,,,
ALDH7A1,,,,,,,,,,,,
PHAX,0.028557357237915124,0.2967822961511885,0.16266982669455182,,,,,,,,,
LMNB1,0.08521958439048725,0.3581552932824599,0.22168743883647357,,,,,,,,,
MARCHF3,,,,-0.9855924787679212,-0.20291763707578417,-0.5942550579218527,,,,,,
C5orf63,,,,,,,,,,,,
PRRC1,,,,,,,,,,,,
SLC12A2,,,,,,,,,,,,
FBN2,,,,,,,,,,,,
ISOC1,,,,,,,,,,,,
ADAMTS19,,,,,,,,,,,,
CHSY3,,,,,,,,,,,,
HINT1,,,,,,,,,,,,
LYRM7,,,,,,,,,,,,
CDC42SE2,,,,,,,,,,,,
RAPGEF6,,,,,,,,,,,,
FNIP1,,,,,,,,,,,,
P4HA2,,,,,,,,,,,,
PDLIM4,,,,,,,,,,,,
SLC22A5,,,,,,,,,,,,
IRF1,,,,-0.9407210196597463,-0.14009892486285092,-0.5404099722612986,,,,,,
RAD50,0.10354877749196856,0.3382025291879628,0.22087565333996567,,,,,,,0.04032528055316939,0.39874726171802827,0.21953627113559882
KIF3A,0.033982404279537415,0.2706963489544541,0.15233937661699576,,,,,,,,,
SEPTIN8,,,,,,,,,,,,
UQCRQ,,,,,,,,,,,,
AFF4,,,,,,,,,,,,
ZCCHC10,,,,,,,,,,,,
HSPA4,0.22950247175080102,0.49182496049406943,0.3606637161224352,,,,,,,0.20624627206295196,0.5610276219769698,0.38363694701996087
C5orf15,,,,,,,,,,,,
VDAC1,,,,,,,,,,,,
TCF7,,,,,,,,,,,,
SKP1,,,,,,,,,,,,
PPP2CA,,,,,,,,,,,,
CDKL3,,,,-0.9871780559133587,-0.40256971328432867,-0.6948738845988437,,,,,,
UBE2B,,,,,,,,,,,,
CDKN2AIPNL,,,,,,,,,,,,
SAR1B,,,,,,,,,,,,
SEC24A,,,,,,,,,,,,
CAMLG,,,,,,,,,,,,
DDX46,,,,,,,,,,,,
C5orf24,,,,,,,,,,,,
TXNDC15,,,,,,,,,,,,
PCBD2,,,,-0.9799873191263268,-0.3295692038281666,-0.6547782614772467,,,,,,
PITX1,,,,,,,,,,,,
MACROH2A1,,,,,,,,,,,,
SLC25A48,,,,,,,,,,,,
SMAD5,,,,,,,,,,,,
HNRNPA0,,,,,,,,,,,,
PKD2L2,,,,,,,,,,,,
FAM13B,,,,,,,,,,,,
BRD8,,,,,,,,,,,,
KIF20A,,,,,,,,,,,,
CDC23,,,,,,,,,,,,
CDC25C,,,,-0.9822364300214341,-0.243140117394817,-0.6126882737081256,,,,,,
FAM53C,,,,,,,,,,,,
KDM3B,0.112199210128772,0.36572720710583184,0.23896320861730191,,,,,,,,,
REEP2,,,,,,,,,,,,
EGR1,,,,,,,-0.23517389534018993,-0.03522900562772109,-0.13520145048395552,,,
ETF1,,,,,,,,,,,,
HSPA9,0.238612545704881,0.44798999963351155,0.3433012726691963,,,,0.06617208804728109,0.4952611426042836,0.28071661532578235,,,
CTNNA1,,,,,,,,,,,,
SIL1,,,,,,,,,,,,
MATR3,0.15806341698640342,0.39207803738672137,0.2750707271865624,,,,,,,0.26521430536509993,0.5721950223380462,0.41870466385157307
PAIP2,,,,,,,,,,,,
SPATA24,,,,,,,,,,,,
DNAJC18,,,,,,,,,,,,
UBE2D2,,,,,,,,,,,,
CXXC5,,,,,,,,,,,,
NRG2,,,,,,,,,,0.06269143424651584,0.39113806386719074,0.2269147490568533
PURA,0.02824098499080955,0.30649988796574745,0.1673704364782785,,,,,,,,,
CYSTM1,,,,,,,,,,,,
PFDN1,,,,,,,,,,,,
ANKHD1,,,,,,,,,,,,
SRA1,,,,,,,,,,,,
SLC35A4,,,,,,,,,,,,
NDUFA2,,,,,,,,,,,,
TMCO6,,,,,,,,,,,,
IK,,,,,,,,,,,,
WDR55,,,,,,,,,,,,
HARS1,,,,,,,,,,,,
HARS2,,,,,,,,,,,,
ZMAT2,,,,,,,,,,,,
TAF7,0.09243150583214763,0.30705498439908907,0.19974324511561836,,,,,,,,,
DIAPH1,,,,,,,,,,,,
HDAC3,,,,,,,,,,,,
DELE1,,,,-0.7412024378942297,-0.7412024378942297,-0.7412024378942297,,,,,,
RNF14,0.09607248454837607,0.3321340000502473,0.21410324229931169,,,,,,,,,
GNPDA1,,,,,,,,,,,,
NDFIP1,,,,,,,,,,,,
ARHGAP26,,,,,,,,,,,,
NR3C1,,,,,,,,,,,,
YIPF5,,,,,,,,,,,,
KCTD16,,,,,,,,,,,,
PRELID2,,,,,,,,,,,,
LARS1,0.11464395593096585,0.3648420583138878,0.2397430071224268,,,,,,,,,
RBM27,0.09892758721493795,0.4065377552660282,0.2527326712404831,,,,,,,0.05583046072834383,0.5162151434534629,0.28602280209090336
TCERG1,0.12390127506084138,0.3421285315520055,0.23301490330642344,,,,,,,,,
DPYSL3,,,,,,,,,,,,
JAKMIP2,,,,,,,,,,,,
SPINK5,,,,,,,,,,,,
FBXO38,,,,,,,,,,,,
GRPEL2,,,,,,,,,,,,
CSNK1A1,,,,,,,,,,,,
ARHGEF37,,,,,,,,,,,,
PPARGC1B,,,,,,,,,,,,
SLC26A2,0.06700780211023145,0.2622710493362599,0.16463942572324566,,,,,,,,,
HMGXB3,,,,,,,,,,,,
TCOF1,0.09292636179531029,0.3717308269438368,0.23232859436957354,,,,,,,0.004848824150304064,0.28566741128846446,0.14525811771938427
RPS14,,,,,,,,,,,,
NDST1,,,,,,,,,,,,
RBM22,,,,,,,,,,,,
DCTN4,,,,,,,,,,,,
SMIM3,,,,,,,,,,,,
GPX3,,,,,,,,,,,,
TNIP1,,,,,,,,,,,,
ANXA6,,,,,,,,,,,,
GM2A,,,,,,,,,,,,
SLC36A1,,,,,,,,,,,,
SPARC,,,,,,,,,,,,
ATOX1,,,,,,,,,,,,
G3BP1,0.04187392053806049,0.3490076910320376,0.19544080578504905,,,,,,,,,
FAM114A2,,,,,,,,,,,,
MFAP3,,,,-0.9910858883614042,-0.34106716476638593,-0.666076526563895,,,,,,
GALNT10,,,,,,,,,,,,
SAP30L,,,,,,,,,,,,
HAND1,,,,,,,,,,,,
LARP1,0.049043281612339,0.3203204676964943,0.18468187465441666,,,,,,,,,
FAXDC2,,,,,,,,,,,,
CNOT8,,,,,,,,,,,,
GEMIN5,,,,,,,,,,,,
MRPL22,,,,,,,,,,,,
MED7,,,,,,,,,,,,
CYFIP2,,,,,,,,,,,,
THG1L,,,,,,,,,,,,
LSM11,,,,,,,,,,,,
CLINT1,0.1577086208173764,0.439372008323163,0.2985403145702697,,,,,,,0.11387749319334449,0.5322494472444683,0.3230634702189064
EBF1,,,,,,,,,,,,
RNF145,,,,,,,,,,,,
UBLCP1,0.07378208590055808,0.3017083323073341,0.1877452091039461,,,,,,,,,
TTC1,,,,,,,,,,,,
PWWP2A,,,,,,,,,,,,
SLU7,0.06506066021111381,0.30835428615307164,0.18670747318209274,,,,,,,,,
PTTG1,,,,,,,,,,,,
CCNG1,,,,,,,,,,,,
NUDCD2,,,,,,,,,,,,
HMMR,0.1965266054699315,0.42864099367750125,0.3125837995737164,,,,0.06558837934354432,0.4289710353288675,0.2472797073362059,0.1280485325558079,0.45821902270135695,0.2931337776285824
MAT2B,0.06120596167831163,0.2620469219725259,0.16162644182541874,,,,,,,,,
TENM2,-0.11332663806256185,-0.01458942682725118,-0.06395803244490651,,,,,,,-0.12359932061981023,-0.03326461441020275,-0.07843196751500649
WWC1,,,,,,,,,,0.03774394068592658,0.3450418353457021,0.19139288801581433
RARS1,,,,,,,,,,,,
PANK3,0.06949033608075604,0.3445179612420043,0.20700414866138017,,,,,,,,,
SLIT3,,,,,,,,,,,,
SPDL1,0.0974424219108198,0.267545816576753,0.18249411924378642,,,,,,,-0.02664647587285278,0.3952383173173115,0.18429592072222936
RANBP17,,,,,,,,,,,,
NPM1,0.13309181889868887,0.26595440612794663,0.19952311251331775,,,,,,,,,
FBXW11,,,,,,,,,,,,
STK10,,,,,,,,,,,,
UBTD2,,,,,,,,,,,,
SH3PXD2B,,,,,,,,,,,,
DUSP1,,,,,,,,,,,,
ERGIC1,,,,,,,,,,,,
RPL26L1,,,,,,,,,,,,
ATP6V0E1,,,,,,,,,,,,
CREBRF,,,,,,,,,,,,
BNIP1,,,,,,,,,,,,
NKX2-5,,,,,,,,,,,,
STC2,,,,,,,,,,,,
BOD1,,,,,,,,,,,,
CPEB4,,,,-0.9834788382612414,-0.31449512643562705,-0.6489869823484342,,,,,,
MSX2,,,,,,,,,,,,
SFXN1,,,,,,,,,,,,
THOC3,,,,,,,,,,,,
SIMC1,,,,,,,,,,,,
KIAA1191,,,,,,,,,,,,
ARL10,,,,,,,,,,,,
NOP16,,,,,,,,,,,,
HIGD2A,,,,,,,,,,,,
CLTB,,,,,,,,,,,,
FAF2,0.0033598350433036136,0.3263657799157158,0.1648628074795097,,,,,,,,,
RNF44,,,,,,,,,,,,
CDHR2,,,,,,,,,,-0.1324635158331157,-0.01592699654277532,-0.07419525618794551
GPRIN1,,,,,,,,,,,,
TSPAN17,,,,,,,,,,,,
UIMC1,0.006606875769307374,0.3036717481661859,0.15513931196774663,,,,,,,,,
ZNF346,,,,,,,,,,,,
NSD1,0.0135208979563043,0.32265918923602355,0.16809004359616392,,,,,,,,,
RAB24,,,,,,,,,,,,
MXD3,,,,,,,,,,,,
PRELID1,,,,,,,,,,,,
LMAN2,,,,,,,,,,,,
RGS14,,,,,,,,,,,,
F12,,,,,,,,,,,,
GRK6,,,,,,,,,,,,
PRR7,,,,,,,,,,,,
DBN1,0.10588145385946708,0.3012993006003412,0.20359037722990414,,,,,,,,,
PDLIM7,,,,,,,,,,,,
DOK3,,,,,,,,,,,,
DDX41,,,,,,,,,,,,
FAM193B,,,,-0.9878179729259986,-0.3685213161476264,-0.6781696445368125,,,,,,
TMED9,,,,,,,,,,,,
B4GALT7,,,,,,,,,,,,
RMND5B,,,,,,,,,,,,
NHP2,,,,,,,,,,,,
HNRNPAB,0.0850835650988904,0.27397347824450063,0.17952852167169553,,,,,,,0.0707381677290874,0.3806291917012146,0.22568367971515102
PHYKPL,,,,,,,,,,,,
COL23A1,,,,,,,,,,,,
CLK4,,,,,,,,,,,,
ZNF354A,,,,,,,,,,,,
ZNF354B,,,,,,,,,,,,
ADAMTS2,,,,,,,,,,,,
RUFY1,,,,,,,,,,,,
HNRNPH1,,,,,,,,,,,,
CANX,0.10075437867964238,0.3119135019128244,0.2063339402962334,,,,,,,0.16660709756545794,0.3978782607903903,0.2822426791779241
MAML1,,,,,,,,,,,,
MGAT4B,,,,-0.9854571766085296,-0.33943732264895465,-0.6624472496287421,,,,,,
SQSTM1,,,,,,,,,,,,
MRNIP,,,,,,,,,,,,
TBC1D9B,,,,,,,,,,,,
RNF130,0.04228044114867498,0.29332297790079026,0.1678017095247326,,,,,,,,,
RASGEF1C,,,,,,,,,,,,
MAPK9,,,,,,,,,,,,
GFPT2,,,,,,,,,,,,
CNOT6,,,,,,,,,,,,
FLT4,,,,,,,,,,,,
MGAT1,,,,,,,,,,,,
ZFP62,,,,,,,,,,,,
BTNL9,,,,,,,,,,,,
TRIM41,,,,,,,,,,,,
RACK1,,,,,,,,,,,,
TRIM52,,,,,,,,,,,,
DUSP22,,,,,,,,,,,,
EXOC2,,,,,,,,,,,,
FOXF2,,,,,,,,,,,,
FOXC1,,,,,,,,,,,,
GMDS,,,,,,,,,,,,
WRNIP1,,,,,,,,,,,,
SERPINB1,,,,,,,,,,,,
SERPINB6,,,,,,,,,,,,
NQO2,,,,,,,,,,,,
RIPK1,,,,,,,,,,,,
BPHL,,,,,,,,,,,,
TUBB2A,,,,,,,,,,,,
TUBB2B,,,,,,,,,,,,
PSMG4,,,,,,,,,,,,
SLC22A23,,,,,,,,,,,,
FAM50B,,,,,,,,,,,,
PRPF4B,,,,,,,,,,,,
ECI2,,,,,,,,,,,,
CDYL,,,,-0.9596923131766836,-0.10413948826294686,-0.5319159007198152,,,,,,
RPP40,,,,,,,,,,,,
LYRM4,,,,-0.9952494694179828,-0.4630535257259814,-0.729151497571982,,,,,,
FARS2,,,,,,,,,,,,
NRN1,,,,,,,,,,,,
RREB1,,,,,,,,,,,,
SSR1,,,,,,,,,,,,
RIOK1,0.06160709670785404,0.2545209047356715,0.15806400072176277,,,,,,,,,
DSP,0.12789839694636107,0.3131158397276309,0.220507118336996,,,,0.1313634167059976,0.43253142334137074,0.28194742002368417,0.08290932194252221,0.36143026619381174,0.22216979406816698
SNRNP48,,,,,,,,,,,,
BMP6,,,,,,,,,,,,
TXNDC5,,,,,,,,,,,,
BLOC1S5,,,,,,,,,,,,
EEF1E1,,,,,,,,,,,,
SLC35B3,,,,,,,,,,,,
TFAP2A,,,,,,,,,,,,
PAK1IP1,0.020059299777004942,0.31937402822961414,0.16971666400330954,,,,,,,,,
TMEM14C,,,,,,,,,,,,
TMEM14B,,,,,,,,,,,,
MAK,,,,,,,,,,,,
SYCP2L,,,,,,,,,,,,
ELOVL2,,,,,,,,,,,,
SMIM13,,,,,,,,,,,,
TMEM170B,,,,,,,,,,,,
HIVEP1,0.05996045868817105,0.25287872371576064,0.15641959120196586,,,,,,,,,
PHACTR1,-0.09866150512761945,-0.010762353669023087,-0.05471192939832127,,,,,,,,,
TBC1D7,,,,,,,,,,,,
GFOD1,,,,,,,,,,,,
SIRT5,,,,,,,,,,,,
NOL7,,,,,,,,,,,,
RANBP9,,,,,,,,,,,,
MCUR1,,,,,,,,,,,,
JARID2,,,,,,,,,,,,
DTNBP1,,,,,,,,,,,,
MYLIP,,,,,,,,,,,,
ATXN1,,,,,,,,,,,,
CAP2,,,,,,,,,,,,
FAM8A1,,,,,,,,,,,,
NUP153,,,,,,,,,,,,
KIF13A,,,,-0.9098595614540261,-0.029132236122342687,-0.46949589878818443,,,,,,
TPMT,,,,,,,,,,,,
KDM1B,,,,,,,,,,,,
DEK,,,,,,,,,,,,
ID4,,,,,,,,,,,,
MBOAT1,,,,,,,,,,,,
E2F3,,,,,,,,,,,,
CDKAL1,,,,,,,,,,,,
SOX4,,,,,,,,,,,,
MRS2,0.10688658542244156,0.31861932036606366,0.2127529528942526,,,,,,,,,
ALDH5A1,,,,,,,,,,,,
TDP2,,,,,,,,,,,,
ACOT13,,,,,,,,,,,,
C6orf62,,,,,,,,,,,,
GMNN,,,,,,,,,,,,
RIPOR2,,,,-0.9845356428952194,-0.2593832714302686,-0.621959457162744,,,,,,
CARMIL1,,,,,,,,,,,,
BTN3A2,,,,,,,,,,,,
BTN2A1,,,,,,,,,,,,
HMGN4,,,,,,,,,,,,
ABT1,,,,,,,,,,,,
ZNF322,,,,,,,,,,,,
ZNF391,,,,,,,,,,,,
ZKSCAN8,,,,,,,,,,,,
ZSCAN26,,,,-0.7096318432154745,-0.7096318432154745,-0.7096318432154745,,,,,,
PGBD1,,,,,,,,,,,,
ZSCAN12,,,,-0.7620626513212002,-0.7620626513212002,-0.7620626513212002,,,,,,
TRIM27,,,,,,,,,,,,
GABBR1,,,,,,,,,,,,
HLA-A,,,,,,,,,,,,
POLR1H,,,,,,,,,,,,
PPP1R11,,,,,,,,,,,,
TRIM26,0.004844121063979541,0.28646531653032187,0.1456547187971507,,,,,,,,,
RPP21,,,,,,,,,,,,
HLA-E,,,,,,,,,,,,
GNL1,,,,,,,,,,,,
PRR3,,,,,,,,,,,,
ABCF1,,,,,,,,,,,,
PPP1R10,,,,,,,,,,,,
MRPS18B,,,,,,,,,,,,
ATAT1,,,,,,,,,,,,
C6orf136,,,,,,,,,,,,
DHX16,0.09304783733516513,0.2997789471993631,0.19641339226726412,,,,,,,,,
NRM,,,,,,,,,,,,
MDC1,0.05386468186846231,0.2870355379571384,0.17045010991280035,,,,,,,,,
TUBB,,,,,,,,,,,,
FLOT1,,,,,,,,,,,,
GTF2H4,,,,,,,,,,,,
VARS2,,,,,,,,,,,,
CCHCR1,,,,,,,,,,,,
TCF19,,,,,,,,,,,,
HLA-C,,,,,,,,,,,,
HLA-B,,,,,,,,,,,,
MICA,,,,,,,,,,,,
DDX39B,,,,,,,,,,,,
NFKBIL1,,,,,,,,,,,,
PRRC2A,,,,,,,,,,,,
BAG6,,,,,,,,,,,,
C6orf47,,,,,,,,,,,,
GPANK1,,,,,,,,,,,,
CSNK2B,,,,,,,,,,,,
ABHD16A,,,,,,,,,,,,
DDAH2,,,,,,,,,,,,
CLIC1,,,,,,,,,,,,
MSH5,,,,,,,,,,,,
VARS1,,,,,,,,,,,,
LSM2,,,,,,,,,,,,
HSPA1B,0.031961907685000866,0.16508580434856482,0.09852385601678285,,,,,,,,,
NEU1,,,,,,,,,,,,
EHMT2,0.11175380474797277,0.3331402593280532,0.22244703203801297,,,,,,,,,
C2,,,,-0.9738266163889132,-0.3189523109722386,-0.6463894636805759,,,,,,
NELFE,,,,,,,,,,,,
SKIC2,,,,-0.7693427827181414,-0.7693427827181414,-0.7693427827181414,,,,,,
DXO,,,,,,,,,,,,
STK19,,,,,,,,,,,,
ATF6B,,,,,,,,,,,,
FKBPL,,,,,,,,,,,,
PPT2,,,,,,,,,,,,
AGPAT1,,,,,,,,,,,,
RNF5,,,,,,,,,,,,
PBX2,,,,,,,,,,,,
HLA-DRB1,,,,,,,,,,,,
TAP2,,,,,,,,,,,,
BRD2,,,,,,,,,,,,
RXRB,,,,,,,,,,,,
SLC39A7,,,,,,,,,,,,
HSD17B8,,,,,,,,,,,,
RING1,,,,,,,,,,,,
VPS52,,,,,,,,,,,,
RPS18,,,,,,,,,,,,
WDR46,,,,,,,,,,,,
PFDN6,0.07894268621259289,0.3183225148275023,0.19863260052004758,,,,,,,,,
TAPBP,,,,,,,,,,,,
DAXX,,,,,,,,,,,,
KIFC1,,,,,,,,,,,,
CUTA,,,,-0.9858104317801848,-0.29097268590492537,-0.638391558842555,,,,,,
BAK1,,,,,,,,,,,,
ITPR3,,,,,,,,,,,,
UQCC2,,,,,,,,,,,,
LEMD2,,,,,,,,,,,,
HMGA1,,,,,,,,,,,,
SMIM29,,,,,,,,,,,,
NUDT3,0.07465721222945439,0.3949981195909288,0.23482766591019158,,,,,,,,,
RPS10,,,,,,,,,,,,
ILRUN,,,,,,,,,,,,
SNRPC,,,,,,,,,,,,
BLTP3A,,,,,,,,,,,,
TAF11,,,,,,,,,,,,
ANKS1A,,,,,,,,,,0.12118057227500068,0.4283978986612067,0.2747892354681037
ZNF76,,,,,,,,,,,,
PPARD,,,,,,,,,,,,
FANCE,,,,,,,,,,,,
RPL10A,,,,,,,,,,,,
TEAD3,,,,,,,,,,,,
FKBP5,0.09126143017169308,0.3421761053642541,0.21671876776797358,,,,,,,,,
LHFPL5,,,,,,,,,,,,
SRPK1,0.02669461411001709,0.30035390956357816,0.16352426183679764,,,,,,,,,
MAPK14,,,,,,,,,,,,
BRPF3,0.06098379159002517,0.2898827490746808,0.17543327033235298,,,,,,,,,
KCTD20,,,,,,,,,,,,
STK38,,,,,,,,,,,,
SRSF3,0.1351029855991124,0.3741023380629711,0.25460266183104174,,,,,,,-0.005650260969492837,0.3231808104358285,0.15876527473316784
CDKN1A,,,,,,,,,,,,
PPIL1,,,,,,,,,,,,
C6orf89,,,,,,,,,,,,
MTCH1,,,,,,,,,,,,
TBC1D22B,,,,,,,,,,,,
RNF8,0.08137181741671377,0.33460540657935234,0.20798861199803306,,,,,,,,,
CMTR1,0.05553994796833266,0.27961224092910086,0.16757609444871677,,,,,,,,,
CCDC167,,,,,,,,,,,,
ZFAND3,,,,,,,,,,,,
BTBD9,,,,,,,,,,,,
GLO1,,,,,,,,,,,,
SAYSD1,,,,,,,,,,,,
DAAM2,,,,,,,,,,,,
OARD1,,,,,,,,,,,,
NFYA,,,,,,,,,,,,
FOXP4,,,,,,,,,,,,
TOMM6,,,,,,,,,,,,
USP49,,,,,,,,,,,,
MED20,,,,-0.6859986169704203,-0.6859986169704203,-0.6859986169704203,,,,,,
BYSL,,,,,,,,,,,,
CCND3,,,,,,,,,,,,
TAF8,,,,,,,,,,,,
MRPS10,,,,,,,,,,,,
TRERF1,,,,-0.9766200386425854,-0.3230603116561205,-0.649840175149353,,,,,,
UBR2,,,,,,,,,,,,
TBCC,,,,,,,,,,,,
BICRAL,,,,,,,,,,,,
RPL7L1,0.039092029032801,0.29064606304033097,0.164869046036566,,,,,,,,,
CNPY3,,,,,,,,,,,,
PEX6,,,,-0.8217803330700827,-0.8217803330700827,-0.8217803330700827,,,,,,
PPP2R5D,,,,,,,,,,,,
MEA1,,,,,,,,,,,,
KLHDC3,,,,,,,,,,,,
RRP36,,,,,,,,,,,,
KLC4,,,,,,,,,,,,
MRPL2,,,,,,,,,,,,
PTK7,,,,,,,,,,,,
SRF,,,,,,,,,,,,
DNPH1,,,,,,,,,,,,
ZNF318,,,,,,,,,,,,
ABCC10,,,,,,,,,,,,
TJAP1,,,,,,,,,,,,
POLR1C,,,,,,,,,,,,
YIPF3,,,,,,,,,,,,
XPO5,,,,,,,,,,,,
POLH,,,,,,,,,,,,
GTPBP2,,,,,,,,,,,,
MAD2L1BP,,,,,,,,,,,,
MRPS18A,,,,,,,,,,,,
VEGFA,,,,,,,,,,,,
MRPL14,,,,,,,,,,,,
TMEM63B,,,,,,,,,,,,
SLC29A1,,,,,,,,,,,,
HSP90AB1,0.04213652024342797,0.24857041336547325,0.1453534668044506,,,,,,,,,
SLC35B2,,,,,,,,,,,,
AARS2,,,,,,,,,,,,
CDC5L,,,,,,,,,,,,
SUPT3H,,,,-0.9839639643714819,-0.17039219853655857,-0.5771780814540203,,,,,,
RUNX2,,,,,,,,,,,,
CYP39A1,,,,,,,,,,,,
SLC25A27,,,,,,,,,,,,
TNFRSF21,,,,,,,,,,,,
CD2AP,0.15414864722821342,0.38056260777618955,0.2673556275022015,,,,,,,0.08800022112986058,0.4020395393850266,0.2450198802574436
MMUT,,,,,,,,,,,,
CENPQ,,,,,,,,,,,,
MCM3,,,,,,,,,,,,
PAQR8,,,,,,,,,,-0.12995076355707752,-0.020947713844930386,-0.07544923870100395
EFHC1,,,,,,,,,,,,
TRAM2,,,,,,,,,,,,
TMEM14A,,,,,,,,,,,,
GSTA4,,,,,,,,,,,,
CILK1,,,,,,,,,,,,
FBXO9,,,,,,,,,,,,
ELOVL5,,,,,,,,,,,,
GCLC,,,,,,,,,,,,
LRRC1,,,,,,,,,,,,
DST,0.12452703159800288,0.2984501948662817,0.2114886132321423,,,,,,,0.0380929847017673,0.3612985765653002,0.19969578063353374
KIAA1586,,,,,,,,,,,,
ZNF451,,,,,,,,,,,,
BAG2,,,,,,,,,,,,
RAB23,,,,,,,,,,,,
PRIM2,,,,,,,,,,,,
PHF3,0.1367508337093387,0.36756490176258827,0.2521578677359635,,,,,,,0.07660754258834583,0.42351800491564034,0.2500627737519931
EYS,-0.09133837144106452,-0.009712936769797216,-0.05052565410543087,-0.9583162734178019,-0.26307544040885733,-0.6106958569133296,,,,,,
ADGRB3,,,,-0.951322358154271,-0.10347607590081942,-0.5273992170275452,,,,,,
LMBRD1,,,,,,,,,,,,
COL19A1,,,,,,,,,,,,
FAM135A,,,,-0.9862301702933182,-0.34091323940124735,-0.6635717048472828,,,,,,
SDHAF4,,,,,,,,,,,,
SMAP1,,,,,,,,,,,,
B3GAT2,,,,-0.9766072069822404,-0.34192003451465364,-0.659263620748447,,,,,,
OGFRL1,,,,,,,,,,,,
KCNQ5,,,,,,,,,,,,
KHDC1,,,,,,,,,,,,
OOEP,,,,,,,,,,,,
MTO1,,,,,,,,,,,,
EEF1A1,0.03017745456965603,0.2426174442667081,0.13639744941818205,,,,,,,,,
SLC17A5,,,,,,,,,,,,
COX7A2,,,,,,,,,,,,
TMEM30A,,,,,,,,,,,,
SENP6,0.1256163895925592,0.3581487997353687,0.24188259466396395,,,,,,,0.09029676209865876,0.37650881704653183,0.2334027895725953
MYO6,,,,,,,,,,,,
IRAK1BP1,,,,,,,,,,,,
PHIP,0.05094077836557729,0.30785809707777273,0.17939943772167502,,,,,,,,,
HMGN3,,,,,,,,,,,,
LCA5,,,,,,,,,,,,
SH3BGRL2,,,,,,,,,,,,
ELOVL4,,,,,,,,,,,,
TTK,0.0950882231536219,0.28983780020067773,0.19246301167714983,,,,,,,,,
BCKDHB,,,,,,,,,,,,
TENT5A,,,,,,,,,,,,
IBTK,,,,,,,,,,,,
TPBG,,,,,,,,,,,,
UBE3D,,,,,,,,,,,,
DOP1A,,,,,,,,,,,,
PGM3,,,,,,,,,,,,
ME1,0.04083420984820029,0.28528293231622975,0.16305857108221503,,,,,,,,,
CYB5R4,,,,,,,,,,,,
CEP162,,,,,,,,,,,,
TBX18,,,,,,,,,,,,
SNX14,,,,,,,,,,,,
SYNCRIP,0.09706263910715969,0.37754842549920825,0.23730553230318396,,,,,,,0.16012603042542597,0.4362239978044017,0.2981750141149138
ZNF292,,,,,,,,,,,,
SMIM8,,,,,,,,,,,,
SLC35A1,,,,,,,,,,,,
RARS2,,,,,,,,,,,,
ORC3,0.003076162920125117,0.388897223384863,0.19598669315249406,,,,,,,,,
AKIRIN2,,,,-0.9883583917426951,-0.3560577309533841,-0.6722080613480397,,,,,,
RNGTT,0.04082829721505302,0.2788734794148948,0.1598508883149739,,,,0.06562298251962555,0.4486834672731789,0.25715322489640224,,,
PNRC1,,,,,,,,,,,,
SRSF12,,,,,,,,,,,,
PM20D2,0.045293801273142135,0.2861790145937519,0.16573640793344702,,,,,,,,,
UBE2J1,,,,,,,,,,,,
RRAGD,,,,,,,,,,,,
ANKRD6,,,,,,,,,,,,
LYRM2,,,,,,,,,,,,
MDN1,,,,,,,,,,,,
CASP8AP2,,,,,,,,,,,,
BACH2,,,,,,,,,,,,
MAP3K7,0.06814570181408189,0.28840458319605666,0.17827514250506926,,,,,,,,,
EPHA7,,,,,,,,,,,,
MANEA,0.05323353967162465,0.2539388579632999,0.15358619881746227,,,,,,,,,
UFL1,,,,,,,,,,,,
GPR63,,,,,,,,,,,,
NDUFAF4,,,,,,,,,,,,
MMS22L,,,,,,,,,,,,
POU3F2,,,,,,,,,,,,
FBXL4,,,,,,,,,,,,
FAXC,,,,,,,,,,,,
COQ3,,,,,,,,,,,,
PNISR,0.0816433701553162,0.347850359514815,0.2147468648350656,,,,,,,,,
USP45,,,,,,,,,,,,
TSTD3,,,,,,,,,,,,
CCNC,0.05939492219301852,0.3604019087365369,0.2098984154647777,,,,,,,,,
ASCC3,0.07284005227426829,0.3268777866264575,0.19985891945036288,,,,,,,0.04001055671895872,0.4259283599322369,0.2329694583255978
HACE1,,,,,,,,,,,,
LIN28B,0.06549838110769807,0.2662508156383591,0.1658745983730286,,,,,,,,,
POPDC3,,,,,,,,,,,,
PREP,,,,,,,,,,,,
ATG5,,,,,,,,,,,,
RTN4IP1,,,,,,,,,,,,
QRSL1,,,,-0.9919974215244847,-0.34894971217857523,-0.6704735668515299,,,,,,
MTRES1,,,,,,,,,,,,
BEND3,,,,,,,,,,,,
PDSS2,,,,,,,,,,,,
SOBP,,,,,,,,,,,,
SEC63,0.08575262659724256,0.3091745863928727,0.19746360649505762,,,,,,,-0.026970527930767953,0.37047181285095254,0.1717506424600923
OSTM1,,,,,,,,,,,,
SNX3,,,,,,,,,,,,
AFG1L,,,,,,,,,,,,
FOXO3,,,,,,,,,,,,
ARMC2,,,,,,,,,,,,
SESN1,,,,,,,,,,,,
CEP57L1,,,,,,,,,,,,
CD164,,,,,,,,,,,,
PPIL6,,,,,,,,,,,,
ZBTB24,0.057492275698786934,0.30577899674765274,0.18163563622321985,,,,,,,,,
FIG4,,,,,,,,,,,,
WASF1,0.09772516984345941,0.3425873794839059,0.22015627466368265,,,,,,,,,
CDC40,,,,,,,,,,,,
SLC22A16,-0.1046553662486443,-0.016394347282260042,-0.06052485676545217,-0.954420152468659,-0.20727281065900374,-0.5808464815638313,,,,,,
CDK19,,,,,,,,,,,,
AMD1,0.046774164661020544,0.26200020701529547,0.154387185838158,,,,,,,,,
GTF3C6,,,,,,,,,,,,
RPF2,,,,,,,,,,,,
SLC16A10,,,,,,,,,,,,
MFSD4B,,,,,,,,,,,,
REV3L,,,,-0.9762939609218046,-0.17637748563014588,-0.5763357232759753,,,,,,
TRAF3IP2,,,,,,,,,,,,
FYN,,,,,,,,,,,,
TUBE1,,,,,,,,,,,,
FAM229B,,,,,,,,,,,,
LAMA4,,,,,,,,,,,,
MARCKS,,,,,,,,,,,,
HDAC2,0.03769396998535334,0.34396518337487925,0.1908295766801163,,,,,,,,,
NT5DC1,,,,,,,,,,,,
TSPYL4,,,,,,,,,,,,
DSE,,,,,,,,,,,,
TSPYL1,,,,,,,,,,,,
RWDD1,,,,,,,,,,,,
ZUP1,,,,,,,,,,,,
KPNA5,,,,,,,,,,,,
DCBLD1,,,,,,,,,,,,
GOPC,,,,,,,,,,,,
NUS1,0.09530273515593567,0.30212101365664507,0.19871187440629037,,,,,,,,,
SLC35F1,,,,,,,,,,,,
CEP85L,,,,,,,,,,,,
MCM9,,,,,,,,,,,,
ASF1A,,,,,,,,,,,,
FAM184A,,,,,,,,,,,,
MAN1A1,,,,,,,,,,,,
TBC1D32,,,,,,,,,,,,
GJA1,,,,,,,,,,,,
HSF2,,,,,,,,,,,,
SERINC1,0.050823310699927834,0.2389225883380451,0.14487294951898647,,,,,,,,,
PKIB,,,,,,,,,,,,
NKAIN2,,,,-0.9716088890751662,-0.20955735046862076,-0.5905831197718935,-0.15599561053407593,0.017062662567011715,-0.0694664739835321,,,
RNF217,,,,,,,,,,,,
TPD52L1,,,,,,,,,,,,
HDDC2,,,,,,,,,,,,
HEY2,,,,,,,,,,,,
NCOA7,,,,,,,,,,,,
HINT3,0.05912185164742086,0.30725328220421444,0.18318756692581764,,,,,,,,,
TRMT11,,,,,,,,,,,,
CENPW,,,,,,,,,,,,
RNF146,,,,,,,,,,,,
ECHDC1,0.03203880288569039,0.3296811052228348,0.18085995405426258,,,,,,,,,
PTPRK,,,,,,,,,,,,
LAMA2,,,,-0.9785649258283168,-0.2270371318355412,-0.602801028831929,,,,,,
ARHGAP18,,,,-0.9788454293223988,-0.2521198288874803,-0.6154826291049396,,,,,,
L3MBTL3,,,,,,,,,,,,
EPB41L2,0.03674324119656497,0.31623967574870215,0.17649145847263356,,,,,,,,,
AKAP7,,,,,,,,,,,,
MED23,,,,,,,,,,,,
ENPP1,,,,,,,,,,,,
MOXD1,,,,,,,,,,,,
STX7,,,,,,,,,,,,
SLC18B1,,,,,,,,,,,,
RPS12,,,,,,,,,,,,
EYA4,,,,,,,,,,,,
TBPL1,,,,,,,,,,,,
HBS1L,,,,,,,,,,,,
AHI1,,,,,,,,,,,,
MTFR2,,,,,,,,,,,,
BCLAF1,0.11550872685804263,0.3223930779642282,0.21895090241113543,,,,0.12550565169815442,0.4918937450601843,0.30869969837916933,0.13089580011177962,0.4334284808189712,0.2821621404653754
MAP7,,,,,,,,,,,,
MAP3K5,,,,,,,,,,,,
PEX7,,,,,,,,,,,,
IFNGR1,,,,,,,,,,,,
PERP,0.06058991410578631,0.29934540603618837,0.17996766007098733,,,,,,,,,
ARFGEF3,,,,,,,,,,,,
HEBP2,,,,,,,,,,,,
NHSL1,,,,,,,,,,,,
CCDC28A,,,,,,,,,,,,
REPS1,,,,,,,,,,,,
ABRACL,,,,,,,,,,,,
HECA,,,,,,,,,,,,
CITED2,,,,,,,,,,,,
VTA1,0.09198950509591654,0.3407647271465273,0.2163771161212219,,,,0.022019798914819144,0.47988199974801027,0.2509508993314147,0.10008476870132194,0.5070138497067228,0.30354930920402234
HIVEP2,,,,-0.9800164802005759,-0.31446578089188887,-0.6472411305462323,,,,,,
AIG1,,,,,,,,,,,,
ADAT2,,,,,,,,,,,,
PEX3,,,,,,,,,,,,
FUCA2,0.04483022533879751,0.317138994765902,0.18098461005234975,,,,,,,,,
PHACTR2,,,,,,,,,,,,
LTV1,0.1284466856284541,0.33774926808200456,0.23309797685522932,,,,,,,,,
PLAGL1,,,,,,,,,,,,
SF3B5,,,,,,,,,,,,
UTRN,,,,,,,,,,,,
EPM2A,,,,,,,,,,,,
FBXO30,0.06865426264797865,0.26816665646384424,0.16841045955591144,,,,,,,,,
SHPRH,0.10813699240641451,0.3763937375945026,0.24226536500045856,,,,,,,0.057969363388241595,0.4349261811050884,0.246447772246665
RAB32,,,,,,,,,,,,
STXBP5,,,,,,,,,,,,
SAMD5,,,,,,,,,,,,
SASH1,,,,,,,,,,,,
UST,,,,-0.9856712182865821,-0.2037728346394709,-0.5947220264630265,,,,,,
TAB2,0.05877903080177562,0.28066066276042595,0.16971984678110077,,,,,,,,,
PPIL4,0.09088742873468068,0.3404961224536531,0.2156917755941669,,,,,,,,,
GINM1,,,,,,,,,,,,
KATNA1,,,,,,,,,,,,
LATS1,0.06586531410814449,0.27256765515277925,0.16921648463046188,,,,,,,,,
NUP43,,,,,,,,,,,,
PCMT1,,,,,,,,,,,,
LRP11,,,,,,,,,,,,
ULBP3,,,,,,,,,,,,
PPP1R14C,,,,,,,,,,,,
PLEKHG1,,,,,,,,,,,,
MTHFD1L,,,,,,,,,,,,
AKAP12,0.04178449639147956,0.33013910923062284,0.1859618028110512,,,,,,,,,
ZBTB2,,,,,,,,,,,,
RMND1,,,,,,,,,,,,
ARMT1,,,,,,,,,,,,
SYNE1,,,,,,,,,,,,
FBXO5,,,,,,,,,,,,
MTRF1L,,,,,,,,,,,,
RGS17,,,,,,,,,,,,
CNKSR3,,,,-0.9762989926732135,-0.24202191490001423,-0.6091604537866139,,,,,,
SCAF8,,,,-0.9746779010697447,-0.21168795956057251,-0.5931829303151586,,,,,,
TIAM2,,,,-0.9828306010415673,-0.23326851205444935,-0.6080495565480083,,,,,,
TFB1M,,,,,,,,,,,,
ARID1B,,,,,,,,,,,,
TMEM242,,,,,,,,,,,,
ZDHHC14,,,,,,,,,,,,
SNX9,,,,,,,,,,,,
SYNJ2,,,,,,,,,,,,
SERAC1,,,,,,,,,,,,
GTF2H5,,,,,,,,,,,,
TULP4,,,,,,,,,,,,
TMEM181,0.11260693485115485,0.34054349387995003,0.22657521436555245,,,,,,,0.034618043458357214,0.38833467382258413,0.21147635864047068
DYNLT1,,,,,,,,,,,,
SYTL3,,,,,,,,,,-0.13078080101541406,-0.028539798011678254,-0.07966029951354615
EZR,0.018695979731737623,0.30513510177357844,0.16191554075265804,,,,,,,,,
RSPH3,,,,,,,,,,,,
SOD2,,,,,,,,,,,,
WTAP,-0.5498264125353152,-0.12946642300069683,-0.33964641776800597,,,,,,,,,
ACAT2,,,,,,,,,,,,
TCP1,,,,,,,,,,,,
MRPL18,,,,,,,,,,,,
IGF2R,,,,,,,,,,,,
MAP3K4,,,,,,,,,,,,
AGPAT4,,,,-0.9833594856801868,-0.34357760316764174,-0.6634685444239143,,,,,,
PRKN,,,,,,,,,,,,
QKI,,,,,,,,,,,,
PDE10A,,,,,,,,,,,,
SFT2D1,,,,,,,,,,,,
MPC1,,,,,,,,,,,,
RPS6KA2,,,,,,,,,,,,
RNASET2,,,,,,,,,,,,
CEP43,,,,,,,,,,,,
AFDN,0.09596443676870543,0.3431550117942805,0.21955972428149295,,,,,,,0.052815600368769075,0.40532879198295196,0.22907219617586053
WDR27,,,,,,,,,,,,
C6orf120,,,,,,,,,,,,
PHF10,,,,,,,,,,,,
ERMARD,,,,,,,,,,,,
FAM120B,0.0604062715575166,0.2867902678318736,0.1735982696946951,,,,,,,,,
PSMB1,,,,,,,,,,,,
TBP,,,,,,,,,,,,
PDCD2,,,,,,,,,,,,
PRKAR1B,,,,,,,,,,,,
DNAAF5,,,,,,,,,,,,
SUN1,,,,,,,,,,,,
COX19,,,,,,,,,,,,
C7orf50,,,,,,,,,,,,
ZFAND2A,,,,,,,,,,,,
INTS1,,,,,,,,,,,,
PSMG3,,,,,,,,,,,,
MAD1L1,,,,-0.9804879601512826,-0.29827508281751985,-0.6393815214844012,,,,,,
MRM2,,,,,,,,,,,,
NUDT1,,,,,,,,,,,,
SNX8,,,,,,,,,,,,
EIF3B,0.15276948301812437,0.3685885439576102,0.26067901348786726,,,,,,,0.16629818789076586,0.4724674192793408,0.31938280358505333
CHST12,,,,,,,,,,,,
BRAT1,,,,,,,,,,,,
IQCE,,,,,,,,,,,,
TTYH3,,,,,,,,,,,,
GNA12,,,,,,,,,,,,
SDK1,,,,,,,,,,,,
FOXK1,,,,,,,,,,,,
AP5Z1,,,,,,,,,,,,
RADIL,,,,,,,,,,,,
RBAK,0.09555871263443086,0.2833138573798726,0.1894362850071517,,,,,,,0.08826692135146237,0.3789288924168883,0.23359790688417534
WIPI2,,,,,,,,,,,,
SLC29A4,,,,,,,,,,,,
TNRC18,,,,,,,,,,,,
FBXL18,,,,,,,,,,,,
ACTB,,,,,,,,,,,,
FSCN1,,,,,,,,,,,,
RNF216,,,,-0.9731282233131031,-0.1894175409768872,-0.5812728821449952,,,,,,
CCZ1,,,,,,,,,,,,
PMS2,,,,,,,,,,,,
AIMP2,,,,,,,,,,,,
EIF2AK1,,,,,,,,,,,,
USP42,,,,,,,,,,,,
CYTH3,,,,,,,,,,,,
RAC1,-0.021346682794953456,0.31335981315831546,0.146006565181681,,,,,,,,,
DAGLB,,,,,,,,,,,,
KDELR2,,,,,,,,,,,,
ZDHHC4,,,,,,,,,,,,
INTS15,,,,,,,,,,,,
ZNF316,,,,,,,,,,,,
ZNF12,0.049477735392114384,0.256317793864612,0.1528977646283632,,,,,,,0.07595518229550338,0.3904784051008765,0.23321679369818993
CCZ1B,,,,,,,,,,,,
C1GALT1,,,,,,,,,,,,
MIOS,,,,,,,,,,,,
RPA3,,,,,,,,,,,,
UMAD1,,,,,,,,,,,,
GLCCI1,,,,,,,,,,,,
NXPH1,-0.07192207948883757,0.004303480985252279,-0.03380929925179264,,,,,,,,,
NDUFA4,,,,,,,,,,,,
PHF14,,,,,,,,,,,,
TMEM106B,,,,,,,,,,,,
VWDE,,,,,,,,,,,,
ARL4A,,,,,,,,,,,,
DGKB,-0.08868541901716978,-0.007653681192431104,-0.048169550104800445,,,,-0.14853070072585187,-0.03475864652738548,-0.09164467362661867,,,
CRPPA,,,,,,,,,,,,
ANKMY2,,,,,,,,,,,,
BZW2,,,,,,,,,,,,
TSPAN13,,,,,,,,,,,,
AHR,,,,-0.9467428725828,-0.13739603536731948,-0.5420694539750597,,,,,,
SNX13,,,,,,,,,,,,
HDAC9,,,,,,,,,,,,
TWIST1,,,,,,,,,,,,
POLR1F,,,,,,,,,,,,
SP4,,,,,,,,,,,,
DNAH11,,,,,,,,,,,,
CDCA7L,,,,,,,,,,,,
RAPGEF5,,,,,,,,,,,,
STEAP1B,,,,,,,,,,,,
TOMM7,,,,,,,,,,,,
HYCC1,,,,,,,,,,,,
KLHL7,,,,,,,,,,,,
NUP42,,,,,,,,,,,,
MALSU1,,,,,,,,,,,,
IGF2BP3,,,,,,,,,,,,
TRA2A,,,,,,,,,,,,
CCDC126,,,,,,,,,,,,
PALS2,0.002380418220719728,0.21820136845807128,0.1102908933393955,,,,,,,,,
OSBPL3,,,,,,,,,,,,
CYCS,,,,,,,,,,,,
C7orf31,,,,,,,,,,,,
NFE2L3,,,,,,,,,,,,
HNRNPA2B1,0.25512900633691105,0.40042217535036434,0.3277755908436377,,,,,,,0.24507960144175875,0.4754767445414933,0.360278172991626
CBX3,,,,,,,,,,,,
SNX10,,,,,,,,,,,,
SKAP2,,,,,,,,,,,,
HOXA3,,,,,,,,,,,,
HOXA5,,,,,,,,,,,,
HOXA7,,,,,,,,,,,,
HOXA9,,,,,,,,,,,,
HOXA10,,,,,,,,,,,,
HOXA11,,,,,,,,,,,,
HOXA13,,,,,,,,,,,,
HIBADH,,,,,,,,,,,,
TAX1BP1,0.06122411588658162,0.3003938620186834,0.1808089889526325,,,,,,,,,
JAZF1,,,,,,,,,,,,
CREB5,,,,-0.9871845026467598,-0.31630892518485904,-0.6517467139158094,,,,,,
CPVL,,,,,,,,,,,,
CHN2,,,,,,,,,,,,
WIPF3,,,,,,,,,,,,
SCRN1,0.09245243008565983,0.32114070581067666,0.20679656794816825,,,,,,,,,
FKBP14,,,,,,,,,,,,
PLEKHA8,,,,,,,,,,,,
MTURN,,,,,,,,,,,,
ZNRF2,,,,,,,,,,,,
NOD1,,,,,,,,,,,,
GGCT,,,,,,,,,,,,
GARS1,,,,,,,,,,,,
MINDY4,,,,,,,,,,,,
LSM5,,,,,,,,,,,,
AVL9,,,,,,,,,,,,
KBTBD2,,,,,,,,,,,,
FKBP9,,,,,,,,,,,,
NT5C3A,,,,,,,,,,,,
RP9,,,,,,,,,,,,
BBS9,,,,,,,,,,,,
BMPER,,,,,,,,,,,,
DPY19L1,0.05989230501722287,0.3068065180611333,0.18334941153917808,,,,,,,,,
TBX20,,,,,,,,,,,,
HERPUD2,,,,,,,,,,,,
SEPTIN7,0.09643632130821923,0.3519481818496759,0.22419225157894757,,,,,,,,,
EEPD1,,,,,,,,,,,,
MATCAP2,,,,,,,,,,,,
ANLN,0.12120860338740372,0.3012389673209514,0.21122378535417757,,,,,,,,,
ELMO1,,,,-0.9880222545050652,-0.40058949926136306,-0.6943058768832141,,,,,,
STARD3NL,,,,,,,,,,,,
AMPH,,,,-0.7929426692426221,-0.7929426692426221,-0.7929426692426221,,,,,,
VPS41,,,,,,,,,,,,
POU6F2,,,,,,,,,,,,
YAE1,,,,,,,,,,,,
RALA,,,,,,,,,,,,
CDK13,,,,,,,,,,,,
MPLKIP,,,,,,,,,,,,
SUGCT,,,,,,,,,,,,
GLI3,,,,,,,,,,,,
C7orf25,,,,,,,,,,,,
PSMA2,,,,,,,,,,,,
MRPL32,,,,,,,,,,,,
STK17A,,,,,,,,,,,,
COA1,,,,,,,,,,,,
BLVRA,,,,,,,,,,,,
MRPS24,,,,,,,,,,,,
URGCP,,,,,,,,,,,,
UBE2D4,,,,,,,,,,,,
DBNL,,,,,,,,,,,,
POLM,,,,,,,,,,,,
POLD2,,,,,,,,,,,,
YKT6,0.07308392706387606,0.31975525670497856,0.1964195918844273,,,,,,,,,
NUDCD3,,,,,,,,,,,,
DDX56,,,,,,,,,,,,
TMED4,,,,,,,-0.7083214219330101,-0.06758975202090722,-0.38795558697695864,,,
OGDH,,,,,,,,,,,,
ZMIZ2,,,,,,,,,,,,
PPIA,0.015175862547304513,0.23414195424206807,0.1246589083946863,,,,,,,,,
PURB,,,,,,,,,,,,
CCM2,,,,,,,,,,,,
TBRG4,,,,,,,,,,,,
ADCY1,,,,,,,,,,0.10164274313947246,0.38326248262374824,0.24245261288161035
TNS3,,,,,,,,,,,,
HUS1,,,,,,,,,,,,
UPP1,,,,,,,,,,,,
FIGNL1,,,,,,,,,,,,
GRB10,,,,,,,,,,,,
COBL,,,,,,,,,,,,
SEC61G,,,,,,,,,,,,
EGFR,,,,,,,,,,,,
LANCL2,,,,,,,,,,,,
VOPP1,,,,,,,,,,,,
ZNF713,,,,,,,,,,,,
NIPSNAP2,,,,,,,,,,,,
MRPS17,,,,,,,,,,,,
PSPH,,,,,,,,,,,,
CCT6A,0.07034356395797609,0.33605902074180355,0.20320129234988982,,,,,,,,,
SUMF2,,,,,,,,,,,,
PHKG1,-0.33704297580191545,-0.09261402024374873,-0.2148284980228321,,,,-0.5632683010839933,-0.06259275366625112,-0.3129305273751222,,,
CHCHD2,,,,,,,,,,,,
ZNF736,,,,,,,,,,,,
ZNF680,,,,,,,,,,,,
ZNF107,,,,,,,,,,,,
ZNF138,,,,,,,,,,,,
ZNF273,,,,,,,,,,,,
ZNF92,,,,,,,,,,,,
VKORC1L1,,,,,,,,,,,,
GUSB,,,,,,,,,,,,
ASL,,,,,,,,,,,,
CRCP,,,,,,,,,,,,
TPST1,,,,,,,,,,,,
RABGEF1,,,,,,,,,,,,
TMEM248,,,,,,,,,,,,
SBDS,0.12140271446321635,0.3344862563557982,0.2279444854095073,,,,,,,,,
TYW1,,,,,,,,,,,,
AUTS2,,,,,,,,,,,,
CALN1,-0.08029187007121259,-0.01880717691834309,-0.04954952349477784,-0.9396207773784003,-0.14766363285371129,-0.5436422051160558,,,,,,
TYW1B,,,,,,,,,,,,
POM121,,,,,,,,,,,,
NSUN5,,,,,,,,,,,,
BAZ1B,0.07392762668127147,0.25775665804562264,0.16584214236344705,,,,,,,0.10013586648259638,0.410252668994285,0.25519426773844067
BCL7B,,,,,,,,,,,,
TBL2,,,,,,,,,,,,
MLXIPL,,,,,,,,,,,,
DNAJC30,,,,,,,,,,,,
BUD23,,,,,,,,,,,,
ABHD11,,,,,,,,,,,,
LIMK1,,,,,,,,,,,,
EIF4H,0.07320969354391801,0.32603237428282755,0.19962103391337277,,,,,,,,,
RFC2,,,,,,,,,,,,
CLIP2,,,,-0.9817993669988594,-0.28143319717111903,-0.6316162820849892,,,,,,
GTF2IRD1,,,,,,,,,,,,
GTF2I,0.058564846915465124,0.3331660474486298,0.19586544718204746,,,,,,,,,
CASTOR2,,,,,,,,,,,,
RCC1L,,,,,,,0.07141529406563023,0.4729672069281712,0.2721912504969007,,,
POM121C,,,,,,,,,,,,
HIP1,,,,,,,,,,,,
RHBDD2,,,,,,,,,,,,
POR,,,,,,,,,,,,
TMEM120A,,,,,,,,,,,,
STYXL1,,,,,,,,,,,,
MDH2,,,,,,,,,,,,
HSPB1,,,,,,,,,,,,
YWHAG,0.09583707762593023,0.3193940207017873,0.20761554916385877,,,,,,,,,
POMZP3,,,,,,,,,,,,
PTPN12,0.053589533907066444,0.2826371187192213,0.16811332631314388,,,,,,,,,
RSBN1L,,,,,,,,,,,,
TMEM60,,,,,,,,,,,,
PHTF2,,,,,,,,,,,,
MAGI2,,,,,,,,,,,,
GNAI1,,,,,,,,,,,,
SEMA3C,,,,,,,,,,,,
CACNA2D1,,,,,,,,,,,,
PCLO,,,,,,,,,,,,
SEMA3E,-0.10210760746177666,-0.020498446241218198,-0.06130302685149743,-0.9110289345343041,-0.09512816746128801,-0.5030785509977961,,,,,,
SEMA3A,,,,,,,,,,,,
SEMA3D,,,,,,,,,,,,
ELAPOR2,0.07582589677231372,0.29112308084575156,0.18347448880903264,,,,0.07600417793939529,0.6607866519213934,0.36839541493039435,,,
DMTF1,,,,,,,,,,,,
TMEM243,,,,,,,,,,,,
CROT,,,,,,,,,,,,
ABCB1,-0.090784159957238,0.008936981282126584,-0.04092358933755571,,,,,,,,,
RUNDC3B,,,,,,,,,,,,
SLC25A40,,,,,,,,,,,,
DBF4,,,,,,,,,,,,
ADAM22,,,,,,,,,,,,
SRI,,,,,,,,,,,,
STEAP1,,,,,,,,,,,,
STEAP2,,,,,,,,,,,,
GTPBP10,0.06558855154883111,0.3002059617392575,0.18289725664404433,,,,,,,,,
CLDN12,,,,,,,,,,,,
CDK14,,,,,,,,,,,,
MTERF1,,,,,,,,,,,,
AKAP9,,,,,,,,,,,,
CYP51A1,,,,,,,,,,,,
KRIT1,,,,,,,,,,,,
ANKIB1,,,,,,,,,,,,
GATAD1,,,,,,,,,,,,
PEX1,,,,,,,,,,,,
RBM48,,,,,,,,,,,,
FAM133B,,,,,,,,,,,,
CDK6,,,,,,,,,,,,
VPS50,,,,,,,,,,,,
GNGT1,,,,,,,,,,,,
GNG11,,,,,,,,,,,,
BET1,,,,,,,,,,,,
CASD1,,,,,,,,,,,,
SGCE,,,,,,,,,,,,
PPP1R9A,,,,,,,,,,,,
PON2,,,,,,,,,,,,
DYNC1I1,,,,,,,,,,,,
SLC25A13,,,,,,,,,,,,
SEM1,,,,,,,,,,,,
SDHAF3,,,,,,,,,,,,
LMTK2,,,,,,,,,,,,
TECPR1,,,,,,,,,,,,
BRI3,,,,,,,,,,,,
BAIAP2L1,,,,,,,,,,,,
TRRAP,,,,,,,,,,,,
SMURF1,,,,,,,,,,,,
ARPC1A,,,,,,,,,,,,
ARPC1B,,,,,,,,,,,,
PDAP1,,,,,,,,,,,,
BUD31,,,,,,,,,,,,
PTCD1,,,,,,,,,,,,
CPSF4,,,,,,,,,,,,
ATP5MF,,,,,,,,,,,,
ZNF789,,,,,,,,,,,,
ZNF394,,,,,,,,,,,,
ZKSCAN5,,,,,,,,,,,,
FAM200A,,,,,,,,,,,,
ZNF655,,,,,,,,,,,,
ZSCAN25,,,,-0.7588373590549415,-0.7588373590549415,-0.7588373590549415,,,,,,
TRIM4,,,,,,,,,,,,
ZKSCAN1,,,,,,,,,,,,
ZSCAN21,,,,,,,,,,,,
ZNF3,,,,,,,,,,,,
COPS6,,,,,,,,,,,,
MCM7,,,,,,,,,,,,
AP4M1,,,,,,,,,,,,
TAF6,,,,,,,,,,,,
LAMTOR4,,,,,,,,,,,,
PILRB,,,,,,,,,,,,
ZCWPW1,,,,,,,,,,,,
MEPCE,,,,,,,,,,,,
PPP1R35,,,,,,,,,,,,
TSC22D4,,,,,,,,,,,,
AGFG2,,,,,,,,,,,,
GNB2,,,,,,,,,,,,
GIGYF1,,,,,,,,,,,,
POP7,,,,,,,,,,,,
ZAN,,,,,,,,,,,,
EPHB4,,,,,,,,,,,,
SLC12A9,,,,,,,,,,,,
TRIP6,,,,,,,,,,,,
SRRT,0.139037708227116,0.37774702450856096,0.25839236636783847,,,,,,,,,
UFSP1,,,,,,,,,,,,
AP1S1,,,,,,,,,,,,
PLOD3,,,,,,,,,,,,
ZNHIT1,,,,,,,,,,,,
FIS1,,,,,,,,,,,,
IFT22,,,,,,,,,,,,
COL26A1,,,,,,,,,,,,
CUX1,,,,,,,,,,,,
PRKRIP1,,,,,,,,,,,,
ORAI2,,,,,,,,,,,,
ALKBH4,,,,,,,,,,,,
LRWD1,,,,,,,,,,,,
POLR2J,,,,,,,,,,,,
POLR2J3,,,,,,,,,,,,
UPK3BL1,-0.2737366533244193,-0.06785433944016929,-0.1707954963822943,,,,,,,,,
FAM185A,,,,,,,,,,,,
FBXL13,,,,,,,,,,,,
ARMC10,,,,,,,,,,,,
NAPEPLD,,,,,,,,,,,,
PMPCB,0.023683743794109438,0.32797869663537127,0.17583122021474035,,,,,,,,,
DNAJC2,,,,,,,,,,,,
PSMC2,,,,,,,,,,,,
RELN,,,,,,,,,,-0.1023003196994763,-0.009568711572545076,-0.055934515636010686
ORC5,0.036520626602117634,0.28256890799336715,0.1595447672977424,,,,,,,0.050824689483462984,0.37611417235889166,0.21346943092117732
KMT2E,,,,,,,,,,,,
SRPK2,,,,,,,,,,,,
PUS7,0.10155984344900412,0.34218704202659855,0.22187344273780135,,,,,,,0.05424178100461922,0.37517304962457027,0.21470741531459475
RINT1,,,,,,,,,,,,
EFCAB10,,,,,,,,,,,,
ATXN7L1,,,,,,,,,,,,
CDHR3,,,,,,,,,,,,
SYPL1,,,,,,,,,,,,
NAMPT,,,,,,,,,,,,
CCDC71L,,,,,,,,,,,,
PRKAR2B,0.06201150755122543,0.32025431619772726,0.19113291187447634,,,,,,,,,
HBP1,,,,,,,,,,,,
COG5,,,,,,,,,,,,
DUS4L,,,,,,,,,,,,
BCAP29,,,,,,,,,,,,
CBLL1,,,,,,,,,,,,
SLC26A3,,,,,,,,,,,,
DLD,0.11365107165351603,0.3469843622977698,0.2303177169756429,,,,,,,,,
LAMB1,,,,,,,,,,,,
NRCAM,,,,,,,,,,,,
PNPLA8,,,,,,,,,,,,
THAP5,,,,,,,,,,,,
IMMP2L,,,,,,,,,,,,
DOCK4,,,,,,,,,,,,
ZNF277,,,,,,,,,,,,
IFRD1,,,,,,,,,,,,
TMEM168,0.03302378416631021,0.25405239568237514,0.14353808992434267,,,,,,,,,
BMT2,,,,,,,,,,,,
SMIM30,0.06549633838459452,0.3375684254806702,0.20153238193263234,,,,,,,,,
FOXP2,,,,,,,,,,,,
MDFIC,,,,,,,,,,,,
TES,,,,,,,,,,,,
CAV2,,,,,,,,,,,,
CAV1,,,,,,,,,,,,
MET,,,,,,,,,,,,
CAPZA2,0.07967496023139359,0.3653329816323003,0.22250397093184696,,,,,,,,,
ST7,,,,,,,,,,,,
CTTNBP2,,,,,,,,,,,,
LSM8,,,,,,,,,,,,
ANKRD7,,,,,,,,,,,,
KCND2,,,,,,,,,,,,
TSPAN12,,,,,,,,,,,,
ING3,,,,,,,,,,,,
FAM3C,0.13816292767173088,0.3142585188395216,0.22621072325562624,,,,,,,,,
AASS,,,,,,,,,,,,
CADPS2,,,,,,,,,,,,
NDUFA5,,,,,,,,,,,,
WASL,,,,,,,,,,,,
POT1,,,,,,,,,,,,
ZNF800,,,,,,,,,,,,
ARF5,,,,,,,,,,,,
SND1,0.019486310371548268,0.25997850503607917,0.1397324077038137,,,,,,,,,
RBM28,0.1235111811513777,0.3722968690832525,0.2479040251173151,,,,,,,0.05794288811270837,0.41271093954943855,0.23532691383107346
IMPDH1,,,,,,,,,,,,
HILPDA,,,,,,,,,,,,
METTL2B,,,,,,,,,,,,
CALU,0.033536959364239394,0.3390321009409132,0.1862845301525763,,,,,,,,,
CCDC136,,,,,,,,,,,,
FLNC,,,,,,,,,,,,
ATP6V1F,,,,,,,,,,,,
TNPO3,,,,,,,,,,,,
TSPAN33,,,,,,,,,,,,
SMO,,,,,,,,,,,,
AHCYL2,,,,,,,,,,,,
STRIP2,,,,,,,,,,,,
NRF1,,,,,,,,,,,,
UBE2H,,,,,,,,,,,,
ZC3HC1,,,,-0.9878681263794682,-0.3678265708722137,-0.677847348625841,,,,,,
KLHDC10,,,,,,,,,,,,
TMEM209,,,,,,,,,,,,
CEP41,,,,,,,,,,,,
COPG2,,,,-0.9477846999786285,-0.14731518950638903,-0.5475499447425087,,,,,,
MKLN1,,,,,,,,,,,,
PODXL,,,,,,,,,,,,
CHCHD3,,,,,,,,,,,,
EXOC4,,,,,,,,,,,,
SLC35B4,,,,,,,,,,,,
AKR1B1,,,,,,,,,,,,
BPGM,,,,,,,,,,,,
CALD1,0.022317979086261895,0.32017638857147046,0.17124718382886617,,,,,,,,,
AGBL3,,,,,,,,,,,,
CYREN,,,,,,,,,,,,
WDR91,,,,,,,,,,,,
CNOT4,,,,,,,,,,,,
NUP205,,,,,,,,,,,,
STMP1,,,,,,,,,,,,
MTPN,0.09520661227732194,0.3856831047789281,0.24044485852812503,,,,,,,,,
CREB3L2,,,,,,,,,,,,
TRIM24,,,,,,,,,,,,
KIAA1549,,,,,,,,,,,,
ZC3HAV1L,,,,,,,,,,,,
ZC3HAV1,,,,-0.9588589831163145,-0.14581959882288076,-0.5523392909695977,,,,,,
TTC26,,,,,,,,,,,,
UBN2,,,,,,,,,,,,
FMC1,,,,,,,,,,,,
LUC7L2,0.085071030325449,0.36208367987956813,0.22357735510250856,,,,,,,,,
KLRG2,,,,,,,,,,,,
HIPK2,0.0760727177648755,0.34096694483443246,0.20851983129965398,,,,,,,,,
TBXAS1,,,,,,,,,,,,
KDM7A,,,,,,,,,,,,
SLC37A3,,,,,,,,,,,,
MKRN1,,,,,,,,,,,,
DENND2A,,,,,,,,,,,,
ADCK2,,,,,,,,,,,,
NDUFB2,,,,,,,,,,,,
BRAF,,,,,,,,,,,,
MRPS33,,,,,,,,,,,,
TMEM178B,,,,,,,,,,,,
AGK,,,,,,,,,,,,
DENND11,,,,,,,0.1246149405516371,0.64894437279315,0.38677965667239356,,,
SSBP1,,,,,,,,,,,,
GSTK1,,,,,,,,,,,,
CASP2,,,,,,,,,,,,
ZYX,,,,,,,,,,,,
TCAF1,,,,,,,,,,,,
TPK1,,,,-0.9680662647203306,-0.1371018624050849,-0.5525840635627077,,,,,,
CNTNAP2,,,,,,,,,,,,
CUL1,,,,,,,,,,,,
EZH2,,,,,,,,,,,,
PDIA4,0.05788295658338697,0.30199086102841277,0.17993690880589988,,,,0.09211821920946632,0.5050336361965856,0.29857592770302593,,,
ZNF786,,,,,,,,,,,,
ZNF425,,,,,,,,,,,,
ZNF398,,,,,,,,,,,,
ZNF282,,,,,,,,,,,,
ZNF212,,,,,,,,,,,,
ZNF783,0.05611732476072161,0.2624616580916556,0.15928949142618862,,,,,,,,,
ZNF777,,,,,,,,,,,,
ZNF746,,,,,,,,,,,,
KRBA1,,,,,,,,,,,,
ZNF862,,,,,,,,,,,,
ATP6V0E2,,,,,,,,,,,,
LRRC61,,,,,,,,,,,,
REPIN1,,,,,,,,,,,,
ZNF775,,,,,,,,,,,,
ABCB8,,,,,,,,,,,,
CDK5,,,,,,,,,,,,
SLC4A2,,,,,,,,,,,,
FASTK,,,,,,,,,,,,
TMUB1,,,,,,,,,,,,
AGAP3,,,,,,,,,,,,
ABCF2,,,,,,,,,,,,
CHPF2,,,,,,,,,,,,
SMARCD3,,,,,,,,,,,,
NUB1,,,,,,,,,,,,
RHEB,,,,,,,,,,,,
PRKAG2,,,,,,,,,,,,
GALNT11,,,,,,,,,,,,
KMT2C,,,,,,,,,,,,
XRCC2,,,,,,,,,,,,
ACTR3B,,,,,,,,,,,,
PAXIP1,0.04564896206871884,0.2764931542907625,0.16107105817974066,,,,,,,,,
INSIG1,,,,,,,,,,,,
EN2,0.043140843020779925,0.24084789264323878,0.14199436783200936,,,,,,,,,
RBM33,,,,,,,,,,,,
RNF32,,,,,,,,,,,,
LMBR1,,,,,,,,,,,,
NOM1,0.07299590777361799,0.2928125595084256,0.1829042336410218,,,,,,,,,
MNX1,,,,,,,,,,,,
UBE3C,,,,,,,,,,,,
DNAJB6,0.06394736544123218,0.32574408460118853,0.19484572502121036,,,,,,,,,
NCAPG2,0.0496354604841678,0.34410554991385833,0.19687050519901306,,,,,,,,,
ESYT2,,,,,,,,,,,,
DYNC2I1,,,,,,,,,,,,
FBXO25,,,,,,,,,,,,
ERICH1,,,,,,,,,,,,
CLN8,,,,,,,,,,,,
ARHGEF10,,,,,,,,,,,,
CSMD1,,,,,,,,,,,,
MCPH1,,,,-0.973622770371599,-0.19763857913822977,-0.5856306747549144,,,,,,
ANGPT2,,,,,,,,,,,,
AGPAT5,,,,,,,,,,,,
MFHAS1,,,,-0.9662458300678716,-0.1752800318952461,-0.5707629309815588,,,,,,
ERI1,,,,,,,,,,,,
TNKS,,,,,,,,,,,,
MSRA,,,,,,,,,,,,
PINX1,,,,,,,,,,,,
XKR6,,,,,,,,,,,,
MTMR9,,,,-0.817265146967668,-0.817265146967668,-0.817265146967668,,,,,,
GATA4,,,,,,,,,,,,
NEIL2,,,,,,,,,,,,
FDFT1,,,,,,,,,,,,
CTSB,,,,,,,,,,,,
LONRF1,,,,,,,,,,,,
DLC1,,,,,,,,,,,,
SGCZ,,,,,,,,,,,,
TUSC3,,,,,,,,,,,,
MICU3,,,,,,,,,,,,
ZDHHC2,,,,,,,,,,,,
CNOT7,,,,,,,,,,,,
VPS37A,,,,,,,,,,,,
SLC7A2,,,,,,,,,,,,
MTUS1,,,,,,,,,,,,
PCM1,0.10387561451041807,0.33247651796342387,0.21817606623692098,,,,,,,,,
ASAH1,,,,,,,,,,,,
PSD3,,,,-0.9734852778127676,-0.17992697841560587,-0.5767061281141868,,,,,,
SH2D4A,,,,,,,,,,,,
INTS10,,,,,,,,,,,,
ATP6V1B2,,,,,,,,,,,,
XPO7,,,,,,,,,,,,
REEP4,0.08331332322308727,0.2959529785212162,0.18963315087215174,,,,,,,,,
POLR3D,0.09833288544816357,0.33530130053177815,0.21681709298997087,,,,,,,0.08922604112877949,0.4183678449920417,0.2537969430604106
SLC39A14,,,,,,,,,,,,
PPP3CC,,,,-0.9783561291218168,-0.2548812191638531,-0.616618674142835,,,,,,
SORBS3,,,,,,,,,,,,
PDLIM2,,,,,,,,,,,,
CCAR2,,,,,,,,,,,,
BIN3,,,,,,,,,,,,
TNFRSF10B,,,,,,,,,,,,
CHMP7,,,,,,,,,,,,
R3HCC1,,,,,,,,,,,,
ENTPD4,,,,,,,,,,,,
SLC25A37,-0.08762935063141296,-0.017587571164324946,-0.052608460897868956,-0.9281992624071853,-0.16608503701628677,-0.547142149711736,,,,,,
NEFM,,,,,,,,,,,,
NEFL,,,,,,,,,,,,
DOCK5,,,,,,,,,,,,
KCTD9,,,,,,,,,,,,
CDCA2,,,,,,,,,,,,
EBF2,,,,-0.7151324448416774,-0.7151324448416774,-0.7151324448416774,,,,,,
PPP2R2A,,,,,,,,,,,,
BNIP3L,,,,,,,,,,,,
PNMA2,,,,,,,,,,,,
DPYSL2,,,,,,,,,,,,
TRIM35,,,,,,,,,,,,
CLU,,,,,,,,,,,,
CCDC25,,,,,,,,,,,,
ESCO2,,,,,,,,,,,,
PBK,,,,,,,,,,,,
ELP3,,,,,,,,,,,,
FBXO16,,,,,,,,,,,,
FZD3,,,,,,,,,,,,
EXTL3,-0.07554201926107702,0.004133018723614985,-0.03570450026873102,-0.9294152230402877,-0.08705883019001444,-0.508237026615151,,,,,,
INTS9,,,,,,,,,,,,
HMBOX1,,,,,,,,,,,,
KIF13B,,,,,,,,,,,,
SARAF,,,,,,,,,,,,
LEPROTL1,,,,,,,,,,,,
DCTN6,,,,,,,,,,,,
RBPMS,,,,,,,,,,,,
GTF2E2,,,,,,,,,,,,
GSR,,,,,,,,,,,,
UBXN8,,,,,,,,,,,,
PPP2CB,,,,,,,,,,,,
TEX15,,,,,,,,,,,,
WRN,,,,,,,,,,,,
NRG1,-0.09495397697820629,-0.024193635326342264,-0.059573806152274277,,,,,,,-0.135302757628848,-0.04786964971880423,-0.09158620367382611
FUT10,,,,,,,,,,,,
TTI2,,,,,,,,,,,,
MAK16,0.10341682224926267,0.3105929356805762,0.20700487896491945,,,,,,,0.09001428675445242,0.40892959384226535,0.2494719402983589
ZNF703,,,,,,,,,,,,
ERLIN2,0.08832725242388903,0.3011306372076412,0.19472894481576514,,,,,,,0.07648316903455772,0.37780580259644797,0.22714448581550284
PLPBP,,,,,,,,,,,,
ADGRA2,,,,,,,,,,,,
RAB11FIP1,,,,,,,,,,,,
EIF4EBP1,,,,,,,,,,,,
ASH2L,,,,,,,,,,,,
LSM1,,,,,,,,,,,,
BAG4,,,,,,,,,,,,
DDHD2,,,,,,,,,,,,
PLPP5,,,,,,,,,,,,
NSD3,,,,,,,,,,,,
FGFR1,,,,,,,,,,,,
TACC1,,,,,,,,,,,,
TM2D2,,,,,,,,,,,,
ADAM9,0.04233782965176897,0.30606184993084196,0.17419983979130546,,,,,,,,,
SFRP1,,,,,,,,,,,,
GOLGA7,,,,,,,,,,,,
GINS4,,,,,,,,,,,,
GPAT4,,,,,,,,,,,,
KAT6A,0.04580204504387754,0.28216665473203706,0.1639843498879573,,,,,,,,,
AP3M2,,,,,,,0.08611828298834409,0.5446204057831973,0.3153693443857707,,,
PLAT,,,,-0.9289718715914214,-0.19615988275419166,-0.5625658771728065,,,,,,
IKBKB,,,,,,,,,,,,
POLB,,,,,,,,,,,,
VDAC3,0.0999151924811381,0.3275165248041389,0.2137158586426385,,,,,,,,,
SLC20A2,,,,,,,,,,,,
SMIM19,,,,,,,,,,,,
THAP1,,,,,,,,,,,,
RNF170,,,,,,,,,,,,
HOOK3,,,,-0.9668783834552919,-0.1791509048356848,-0.5730146441454883,,,,,,
FNTA,,,,,,,,,,,,
POMK,,,,,,,,,,,,
HGSNAT,,,,,,,,,,,,
SPIDR,,,,-0.9803303210709006,-0.26917829117304864,-0.6247543061219746,,,,,,
CEBPD,,,,,,,,,,,,
PRKDC,,,,,,,,,,,,
MCM4,,,,,,,,,,,,
UBE2V2,,,,,,,,,,,,
SNAI2,,,,,,,,,,,,
PXDNL,,,,,,,,,,-0.14192266281439983,-0.02518991038988176,-0.08355628660214079
PCMTD1,,,,,,,,,,,,
RB1CC1,,,,,,,,,,,,
ATP6V1H,,,,,,,,,,,,
RGS20,,,,,,,,,,,,
TCEA1,,,,,,,,,,,,
LYPLA1,,,,,,,,,,,,
MRPL15,,,,,,,,,,,,
TMEM68,,,,,,,,,,,,
TGS1,,,,,,,,,,,,
LYN,,,,,,,,,,,,
RPS20,,,,,,,,,,,,
PLAG1,,,,-0.9766311696992782,-0.25198253313576646,-0.6143068514175223,,,,,,
CHCHD7,,,,,,,,,,,,
BPNT2,,,,,,,,,,,,
FAM110B,,,,,,,,,,,,
UBXN2B,,,,,,,,,,,,
SDCBP,,,,,,,,,,,,
NSMAF,,,,,,,,,,,,
TOX,,,,,,,,,,,,
CA8,,,,-0.9849106797672719,-0.1985354303753205,-0.5917230550712962,,,,,,
RAB2A,,,,,,,,,,,,
CHD7,0.049834330431230506,0.2827704500910996,0.16630239026116506,,,,,,,,,
ASPH,,,,,,,,,,,,
NKAIN3,,,,-0.7326263342389788,-0.7326263342389788,-0.7326263342389788,,,,,,
GGH,,,,,,,,,,,,
YTHDF3,,,,,,,,,,,,
CYP7B1,,,,,,,,,,,,
ARMC1,,,,,,,,,,,,
MTFR1,,,,,,,,,,,,
PDE7A,,,,-0.9782746461463275,-0.34001698042874634,-0.659145813287537,,,,,,
RRS1,0.05276492206764669,0.2511446454732488,0.15195478377044774,,,,,,,,,
MYBL1,,,,,,,,,,,,
VCPIP1,,,,,,,,,,,,
SGK3,,,,,,,,,,,,
COPS5,,,,,,,,,,,,
CSPP1,,,,,,,,,,,,
ARFGEF1,,,,,,,,,,,,
PREX2,,,,-0.7576453426686236,-0.7576453426686236,-0.7576453426686236,,,,,,
C8orf34,,,,,,,,,,,,
SLCO5A1,,,,,,,,,,,,
NCOA2,,,,,,,,,,,,
TRAM1,,,,,,,,,,,,
LACTB2,,,,,,,,,,,,
EYA1,,,,,,,,,,,,
KCNB2,,,,,,,,,,,,
TERF1,,,,,,,,,,,,
RPL7,,,,,,,,,,,,
RDH10,,,,,,,,,,,,
STAU2,,,,,,,,,,,,
UBE2W,,,,,,,,,,,,
ELOC,,,,,,,,,,,,
TMEM70,,,,,,,,,,,,
JPH1,,,,,,,,,,,,
GDAP1,,,,,,,,,,,,
CRISPLD1,,,,,,,,,,,,
HNF4G,,,,-0.6800720306995148,-0.6800720306995148,-0.6800720306995148,,,,,,
ZFHX4,,,,,,,,,,,,
PEX2,,,,,,,,,,,,
PKIA,,,,,,,,,,,,
ZC2HC1A,,,,,,,,,,,,
HEY1,,,,,,,,,,,,
MRPS28,,,,,,,,,,,,
TPD52,,,,,,,,,,,,
ZBTB10,,,,,,,,,,,,
ZNF704,,,,,,,,,,,,
PAG1,,,,,,,,,,,,
FABP5,,,,,,,,,,,,
IMPA1,,,,,,,,,,,,
ZFAND1,,,,,,,,,,,,
LRRCC1,,,,,,,,,,,,
E2F5,,,,,,,,,,,,
RBIS,,,,,,,,,,,,
CA13,,,,,,,,,,,,
CA2,,,,,,,,,,,,
WWP1,,,,-0.9844515207930178,-0.370365083811255,-0.6774083023021364,,,,,,
RMDN1,,,,,,,,,,,,
CPNE3,,,,,,,,,,,,
MMP16,,,,,,,,,,,,
RIPK2,,,,,,,,,,,,
OSGIN2,,,,,,,,,,,,
NBN,0.0966195124672736,0.308052732364828,0.2023361224160508,-0.9915182987720806,-0.3395834223294351,-0.6655508605507579,,,,,,
DECR1,,,,,,,,,,,,
TMEM64,,,,,,,,,,,,
NECAB1,-0.30084437275881415,-0.078007275752676,-0.18942582425574508,,,,,,,-0.3069588717505401,-0.05484210636718856,-0.18090048905886433
C8orf88,,,,,,,,,,,,
OTUD6B,,,,,,,,,,,,
LRRC69,,,,,,,,,,,,
RUNX1T1,,,,,,,,,,,,
TRIQK,,,,,,,,,,,,
CIBAR1,,,,,,,,,,,,
RBM12B,,,,,,,,,,,,
TMEM67,,,,,,,,,,,,
RAD54B,,,,,,,,,,,,
VIRMA,,,,,,,,,,,,
ESRP1,,,,,,,,,,,,
DPY19L4,,,,,,,,,,,,
INTS8,,,,,,,,,,,,
CCNE2,,,,,,,,,,,,
NDUFAF6,,,,,,,,,,,,
PLEKHF2,0.06582968832718329,0.2934654146624236,0.17964755149480344,,,,,,,,,
UQCRB,,,,,,,,,,,,
MTERF3,,,,,,,,,,,,
PTDSS1,,,,,,,,,,,,
SDC2,,,,,,,,,,,,
MTDH,,,,,,,,,,,,
LAPTM4B,,,,,,,,,,,,
RPL30,,,,,,,,,,,,
ERICH5,,,,,,,,,,,,
RIDA,,,,,,,,,,,,
POP1,,,,,,,,,,,,
STK3,,,,,,,,,,,,
VPS13B,,,,,,,,,,,,
COX6C,,,,,,,,,,,,
POLR2K,,,,,,,,,,,,
SPAG1,,,,,,,,,,,,
RNF19A,,,,,,,,,,,,
ANKRD46,,,,,,,,,,,,
PABPC1,,,,,,,,,,,,
YWHAZ,,,,,,,,,,,,
ZNF706,,,,,,,,,,,,
NCALD,,,,,,,,,,-0.10135400253362913,-0.0026429537483457647,-0.051998478140987445
RRM2B,,,,,,,,,,,,
UBR5,,,,,,,,,,,,
AZIN1,,,,,,,,,,,,
ATP6V1C1,,,,,,,,,,,,
FZD6,,,,,,,,,,,,
SLC25A32,0.07085219827303188,0.27741413876756404,0.17413316852029798,,,,,,,,,
DCAF13,,,,,,,,,,,,
RIMS2,,,,,,,,,,,,
LRP12,,,,,,,,,,,,
ZFPM2,,,,,,,,,,,,
OXR1,,,,,,,,,,,,
EIF3E,,,,,,,,,,,,
EMC2,,,,,,,,,,,,
NUDCD1,,,,,,,,,,,,
ENY2,,,,,,,,,,,,
EBAG9,,,,,,,,,,,,
SYBU,,,,,,,,,,,,
CSMD3,,,,,,,,,,,,
TRPS1,,,,,,,,,,,,
EIF3H,-0.012614906120428834,0.370573779413551,0.1789794366465611,,,,,,,,,
UTP23,,,,,,,,,,,,
RAD21,0.12624663037982495,0.3374499382746306,0.23184828432722776,,,,,,,,,
MED30,,,,,,,,,,,,
EXT1,,,,,,,,,,,,
SAMD12,,,,,,,,,,,,
TAF2,,,,,,,,,,,,
DSCC1,,,,,,,,,,,,
DEPTOR,,,,,,,,,,,,
MRPL13,,,,,,,,,,,,
MTBP,,,,,,,,,,,,
SNTB1,,,,,,,,,,,,
HAS2,,,,,,,,,,,,
ZHX2,,,,,,,,,,,,
DERL1,,,,,,,,,,,,
TBC1D31,,,,,,,,,,,,
C8orf76,,,,,,,,,,,,
ZHX1,0.07866251678447364,0.3461424228862316,0.2124024698353526,,,,,,,0.019592174941421115,0.38745293328614,0.20352255411378056
ATAD2,,,,,,,,,,,,
NTAQ1,,,,,,,,,,,,
FBXO32,,,,-0.9309052391896047,-0.17776656975622565,-0.5543359044729151,,,,,,
FAM91A1,,,,,,,,,,,,
TMEM65,,,,,,,,,,,,
TRMT12,,,,,,,,,,,,
RNF139,,,,,,,,,,,,
TATDN1,,,,,,,,,,,,
NDUFB9,,,,,,,,,,,,
MTSS1,,,,,,,,,,,,
SQLE,0.05657096400074913,0.2842258589408483,0.1703984114707987,,,,,,,,,
WASHC5,,,,,,,,,,,,
NSMCE2,,,,,,,,,,,,
TRIB1,,,,,,,,,,,,
LRATD2,,,,,,,,,,,,
MYC,,,,,,,,,,,,
CYRIB,,,,,,,,,,,,
ASAP1,,,,,,,,,,,,
EFR3A,,,,,,,,,,,,
PHF20L1,0.10811916405752249,0.38253717735158266,0.24532817070455257,,,,,,,0.13571446782498545,0.47636588318754763,0.30604017550626655
NDRG1,,,,,,,,,,,,
ST3GAL1,,,,,,,,,,,,
ZFAT,,,,,,,,,,,,
KHDRBS3,,,,,,,,,,,,
TRAPPC9,,,,,,,,,,,,
CHRAC1,,,,,,,,,,,,
AGO2,0.029465435337416242,0.31822826682830324,0.17384685108285974,,,,,,,0.017068763555943077,0.3658346095919725,0.19145168657395778
PTK2,,,,,,,,,,,,
SLC45A4,,,,,,,,,,,,
TSNARE1,,,,,,,,,,,,
JRK,,,,,,,,,,,,
THEM6,,,,,,,,,,,,
LY6E,,,,,,,,,,,,
TOP1MT,,,,,,,,,,,,
ZC3H3,,,,,,,,,,,,
NAPRT,,,,,,,,,,,,
EEF1D,,,,,,,,,,,,
TIGD5,,,,,,,,,,,,
PYCR3,,,,,,,,,,,,
GFUS,,,,,,,,,,,,
ZNF623,,,,,,,,,,,,
SCRIB,,,,,,,,,,,,
PUF60,,,,,,,,,,,,
PLEC,,,,,,,,,,,,
GRINA,,,,,,,,,,,,
EXOSC4,,,,,,,,,,,,
GPAA1,,,,-0.9851281750426081,-0.21566625598799333,-0.6003972155153007,,,,,,
CYC1,,,,,,,,,,,,
SHARPIN,,,,,,,,,,,,
MAF1,,,,,,,,,,,,
HGH1,,,,,,,,,,,,
MROH1,,,,,,,,,,,,
BOP1,,,,,,,,,,,,
HSF1,,,,,,,,,,,,
DGAT1,,,,,,,,,,,,
SLC52A2,,,,,,,,,,,,
FBXL6,,,,,,,,,,,,
CPSF1,,,,,,,,,,,,
SLC39A4,,,,,,,,,,,,
VPS28,,,,,,,,,,,,
TONSL,,,,,,,,,,,,
ZFTRAF1,,,,-0.7643343485343506,-0.7643343485343506,-0.7643343485343506,,,,,,
TMEM276,,,,,,,,,,,,
PPP1R16A,,,,,,,,,,,,
MFSD3,,,,,,,,,,,,
RECQL4,,,,,,,,,,,,
LRRC14,,,,,,,,,,,,
C8orf82,,,,,,,,,,,,
ARHGAP39,,,,,,,,,,,,
ZNF251,,,,,,,,,,,,
ZNF34,,,,,,,,,,,,
RPL8,,,,,,,,,,,,
ZNF7,,,,,,,,,,,,
COMMD5,,,,,,,,,,,,
ZNF250,,,,,,,,,,,,
ZNF16,,,,,,,,,,,,
C8orf33,,,,,,,,,,,,
ZNG1A,,,,,,,,,,,,
DOCK8,,,,,,,,,,,,
KANK1,,,,,,,,,,,,
SMARCA2,,,,,,,,,,,,
PUM3,,,,,,,,,,,,
RFX3,,,,,,,,,,,,
GLIS3,,,,-0.9878812306330457,-0.3440009674822357,-0.6659410990576407,,,,,,
SLC1A1,,,,,,,,,,,,
CDC37L1,,,,,,,,,,,,
AK3,,,,,,,,,,,,
RCL1,,,,,,,,,,,,
JAK2,,,,,,,,,,,,
PLGRKT,,,,,,,,,,,,
RIC1,,,,,,,,,,,,
ERMP1,,,,,,,,,,,,
KIAA2026,,,,,,,,,,,,
RANBP6,,,,,,,0.07238083789110726,0.5014981895151505,0.28693951370312887,,,
UHRF2,,,,-0.9735508613631848,-0.2945429215899917,-0.6340468914765882,,,,,,
GLDC,,,,,,,,,,,,
KDM4C,,,,,,,,,,,,
DMAC1,,,,,,,,,,,,
PTPRD,,,,-0.9673915449507074,-0.25172042462108035,-0.6095559847858939,,,,,,
MPDZ,,,,,,,,,,,,
NFIB,,,,,,,,,,,,
ZDHHC21,,,,,,,,,,,,
TTC39B,,,,,,,,,,,,
SNAPC3,,,,,,,,,,,,
PSIP1,,,,,,,,,,,,
CCDC171,,,,,,,,,,,,
BNC2,,,,-0.9836650096434191,-0.21560921995947405,-0.5996371148014465,,,,,,
CNTLN,,,,,,,,,,,,
SH3GL2,,,,,,,,,,,,
ADAMTSL1,,,,,,,,,,,,
RRAGA,,,,,,,,,,,,
HAUS6,,,,,,,,,,,,
PLIN2,,,,,,,,,,,,
DENND4C,,,,,,,,,,,,
RPS6,,,,,,,,,,,,
MLLT3,,,,,,,,,,,,
FOCAD,,,,-0.9837858890571991,-0.2958105828375333,-0.6397982359473662,,,,,,
KLHL9,,,,,,,,,,,,
MTAP,,,,,,,,,,,,
CDKN2A,,,,,,,,,,,,
CDKN2B,,,,,,,,,,,,
ELAVL2,,,,,,,,,,,,
TUSC1,,,,,,,,,,,,
CAAP1,0.06567056444961962,0.30397366129113956,0.18482211287037958,,,,,,,,,
PLAA,,,,,,,,,,,,
IFT74,,,,,,,,,,,,
MOB3B,,,,-0.9703848107270605,-0.2486546438575098,-0.6095197272922852,,,,,,
C9orf72,,,,,,,,,,,,
LINGO2,,,,,,,,,,,,
ACO1,,,,,,,,,,,,
RIGI,,,,,,,,,,,,
TOPORS,,,,,,,,,,,,
SMIM27,,,,,,,,,,,,
NDUFB6,,,,,,,,,,,,
APTX,,,,,,,,,,,,
DNAJA1,0.03977895639075607,0.30037798713190017,0.17007847176132812,,,,,,,,,
SMU1,,,,,,,,,,,,
B4GALT1,,,,,,,,,,,,
BAG1,,,,,,,,,,,,
CHMP5,0.05670920960725108,0.331705856774506,0.19420753319087852,,,,,,,,,
NFX1,,,,,,,,,,,,
NOL6,,,,,,,,,,,,
ANKRD18B,0.03237361051588671,0.26467637106251374,0.14852499078920023,,,,,,,0.018313907247500726,0.3541469553756708,0.18623043131158576
UBE2R2,,,,,,,,,,,,
UBAP2,,,,,,,,,,,,
DCAF12,,,,,,,,,,,,
UBAP1,,,,,,,,,,,,
KIF24,,,,,,,,,,,,
NUDT2,,,,,,,,,,,,
FAM219A,,,,,,,,,,,,
ENHO,,,,,,,,,,,,
RPP25L,,,,,,,,,,,,
DCTN3,,,,,,,,,,,,
SIGMAR1,,,,,,,,,,,,
GALT,,,,,,,,,,,,
ENSG00000187186,,,,,,,,,,,,
VCP,,,,,,,,,,,,
FANCG,,,,,,,,,,,,
PIGO,,,,,,,,,,,,
STOML2,,,,,,,,,,,,
UNC13B,,,,,,,,,,,,
RUSC2,,,,,,,,,,,,
CCDC107,,,,,,,,,,,,
ARHGEF39,0.059393313285827164,0.25293748972170743,0.1561654015037673,,,,,,,,,
TLN1,,,,,,,,,,,,
CREB3,,,,,,,,,,,,
GBA2,,,,,,,,,,,,
RGP1,,,,,,,,,,,,
HINT2,,,,,,,,,,,,
RECK,,,,,,,,,,,,
GLIPR2,,,,,,,,,,,,
CLTA,,,,,,,,,,,,
GNE,,,,,,,,,,,,
RNF38,,,,,,,,,,,,
MELK,,,,,,,-0.3523489710435196,-0.030011419998898916,-0.19118019552120924,,,
ZCCHC7,0.017217795964081812,0.27948456870850624,0.14835118233629402,,,,,,,,,
GRHPR,,,,,,,,,,,,
ZBTB5,,,,,,,,,,,,
POLR1E,,,,,,,,,,,,
FBXO10,,,,,,,,,,,,
TOMM5,,,,,,,,,,,,
TRMT10B,,,,,,,,,,,,
EXOSC3,,,,,,,,,,,,
DCAF10,,,,,,,,,,,,
SLC25A51,,,,,,,,,,,,
SHB,,,,,,,,,,,,
ALDH1B1,,,,,,,,,,,,
IGFBPL1,,,,,,,,,,,,
ANKRD18A,0.11712994561981778,0.3441942751277646,0.2306621103737912,,,,,,,0.08438193164678542,0.3988091406418596,0.24159553614432253
CNTNAP3,0.03817765308805589,0.2538693305384418,0.14602349181324883,-0.7856413924529863,-0.7856413924529863,-0.7856413924529863,,,,,,
ZNG1F,,,,-0.7198805684072811,-0.7198805684072811,-0.7198805684072811,,,,,,
CNTNAP3B,,,,-0.9845004172722707,-0.3276290844153573,-0.656064750843814,,,,,,
ZNG1E,,,,,,,,,,,,
ZNG1C,,,,-0.9889507781115435,-0.41579793552486954,-0.7023743568182066,,,,,,
PIP5K1B,,,,,,,,,,,,
PABIR1,,,,,,,,,,,,
FXN,,,,,,,,,,,,
TJP2,,,,,,,,,,,,
PTAR1,,,,,,,,,,,,
SMC5,,,,,,,,,,,,
KLF9,,,,,,,,,,,,
TRPM3,,,,,,,,,,,,
CEMIP2,,,,,,,,,,,,
ABHD17B,,,,,,,,,,,,
C9orf85,,,,,,,,,,,,
ZFAND5,,,,,,,,,,,,
RORB,,,,,,,,,,,,
TRPM6,,,,-0.9736625699046803,-0.40637810529140717,-0.6900203375980437,,,,,,
C9orf40,,,,,,,,,,,,
CARNMT1,,,,,,,,,,,,
NMRK1,,,,,,,,,,,,
OSTF1,,,,,,,,,,,,
PCSK5,,,,,,,,,,,,
RFK,,,,,,,,,,,,
GCNT1,-0.05842383912640413,-0.014523712024181243,-0.03647377557529269,-0.9018655465574711,-0.18418330284897602,-0.5430244247032235,,,,-0.09242797753961826,-0.014376601339636856,-0.05340228943962756
VPS13A,,,,,,,,,,,,
GNAQ,,,,,,,,,,,,
CEP78,,,,,,,,,,,,
PSAT1,,,,,,,,,,,,
TLE4,,,,,,,,,,,,
TLE1,,,,,,,,,,,,
RASEF,,,,,,,,,,,,
FRMD3,,,,,,,,,,,,
UBQLN1,,,,,,,,,,,,
GKAP1,,,,,,,,,,,,
KIF27,,,,,,,,,,,,
C9orf64,,,,,,,,,,,,
HNRNPK,0.0456063724347801,0.29694381964964883,0.17127509604221447,,,,-0.04677553797192955,0.37740087795939775,0.1653126699937341,,,
RMI1,,,,,,,,,,,,
AGTPBP1,,,,,,,,,,,,
NAA35,,,,,,,,,,,,
GOLM1,-0.01952166035479017,0.2909235952515303,0.13570096744837004,,,,,,,,,
ISCA1,,,,,,,,,,,,
TUT7,,,,,,,,,,,,
GAS1,,,,,,,,,,,,
DAPK1,,,,,,,,,,,,
CTSL,,,,,,,,,,,,
SPIN1,,,,,,,,,,,,
CKS2,,,,,,,,,,,,
SECISBP2,,,,,,,,,,,,
SEMA4D,,,,,,,,,,,,
SYK,,,,,,,,,,,,
AUH,,,,,,,,,,,,
NFIL3,,,,,,,,,,,,
ROR2,,,,,,,,,,,,
SPTLC1,,,,,,,,,,,,
IARS1,0.11536890817807881,0.32704396016052556,0.2212064341693022,,,,,,,,,
NOL8,0.1259568412786693,0.36190461774634897,0.24393072951250913,,,,,,,0.08580800669731808,0.437170813168751,0.26148940993303454
CENPP,,,,-0.9834185943719848,-0.25971287112997554,-0.6215657327509801,,,,,,
OGN,,,,,,,,,,,,
ECM2,-0.2972628686453605,-0.057254857131107735,-0.17725886288823411,-0.9932699115066461,-0.31129296141252494,-0.6522814364595855,,,,,,
IPPK,,,,,,,,,,,,
BICD2,,,,,,,,,,,,
ZNF484,,,,,,,,,,,,
CARD19,,,,,,,,,,,,
NINJ1,,,,,,,,,,,,
WNK2,,,,,,,,,,,,
FAM120AOS,,,,,,,,,,,,
FAM120A,0.04750100945225008,0.2863175615899406,0.16690928552109535,,,,,,,,,
PHF2,,,,,,,,,,,,
BARX1,,,,,,,,,,,,
PTPDC1,,,,,,,,,,,,
ZNF169,,,,,,,,,,,,
MFSD14B,,,,,,,,,,,,
AOPEP,,,,,,,,,,,,
FANCC,,,,,,,,,,,,
PTCH1,,,,,,,,,,,,
ERCC6L2,,,,,,,,,,,,
ZNF367,,,,,,,,,,,,
HABP4,,,,,,,,,,,,
CDC14B,,,,-0.9843798557052374,-0.30341018633179534,-0.6438950210185164,,,,,,
PRXL2C,,,,,,,,,,,,
ZNF782,,,,,,,,,,,,
CTSV,,,,,,,,,,,,
TDRD7,,,,,,,,,,,,
TMOD1,,,,,,,,,,,,
TSTD2,,,,,,,,,,,,
NCBP1,,,,,,,,,,,,
XPA,,,,,,,,,,,,
TRMO,,,,-0.8066266986368267,-0.8066266986368267,-0.8066266986368267,,,,,,
ANP32B,0.02972146130132591,0.37493229270626277,0.20232687700379434,,,,,,,0.1848318881728644,0.47872520221086956,0.331778545191867
NANS,,,,,,,,,,,,
TRIM14,,,,,,,,,,,,
CORO2A,,,,,,,,,,,,
GABBR2,,,,,,,,,,-0.14485759083530805,-0.06296160005507109,-0.10390959544518957
ANKS6,,,,,,,,,,,,
GALNT12,,,,,,,,,,,,
TGFBR1,,,,,,,,,,,,
ALG2,,,,,,,,,,,,
SEC61B,,,,,,,,,,,,
STX17,,,,,,,,,,,,
ERP44,,,,,,,,,,,,
INVS,,,,,,,,,,,,
TEX10,,,,,,,,,,,,
MSANTD3,,,,,,,,,,,,
TMEFF1,,,,,,,,,,,,
MRPL50,,,,,,,,,,,,
ZNF189,0.0752052707979375,0.25550556994841567,0.16535542037317658,,,,,,,,,
PGAP4,,,,-0.755402588730812,-0.755402588730812,-0.755402588730812,,,,,,
RNF20,0.05584843977134147,0.2821936648936827,0.16902105233251208,,,,,,,,,
SMC2,0.06453857525983672,0.36267851931364675,0.21360854728674172,,,,,,,0.014733310191911226,0.38876324388617567,0.20174827703904344
NIPSNAP3A,,,,,,,,,,,,
SLC44A1,,,,,,,,,,,,
FSD1L,,,,,,,,,,,,
FKTN,,,,,,,,,,,,
TMEM38B,,,,,,,,,,,,
ZNF462,,,,,,,,,,,,
RAD23B,,,,,,,,,,,,
ELP1,0.0642958461852858,0.30377803017266186,0.18403693817897382,,,,,,,,,
ABITRAM,,,,,,,,,,,,
CTNNAL1,,,,,,,,,,,,
TMEM245,,,,,,,,,,,,
EPB41L4B,,,,-0.7047717620256163,-0.7047717620256163,-0.7047717620256163,,,,,,
PTPN3,,,,,,,,,,,,
PALM2AKAP2,,,,,,,,,,,,
TXN,,,,,,,,,,,,
LPAR1,,,,,,,,,,,,
ECPAS,,,,,,,,,,,,
ZNF483,,,,,,,,,,,,
DNAJC25,,,,-0.988372517756009,-0.32892174193195933,-0.6586471298439842,,,,,,
GNG10,,,,,,,,,,,,
UGCG,,,,,,,,,,,,
SUSD1,,,,,,,,,,,,
PTBP3,,,,,,,,,,,,
HSDL2,,,,,,,,,,,,
KIAA1958,,,,-0.9767717510982006,-0.21069134870369655,-0.5937315499009486,,,,,,
INIP,,,,,,,,,,,,
SNX30,,,,,,,,,,,,
ZNF883,,,,,,,,,,,,
FKBP15,,,,,,,,,,,,
SLC31A1,,,,,,,,,,,,
CDC26,,,,,,,,,,,,
PRPF4,,,,,,,,,,,,
HDHD3,,,,,,,,,,,,
POLE3,0.03460433585907474,0.2929095203517346,0.16375692810540468,,,,,,,,,
ZNF618,,,,,,,,,,,,
COL27A1,,,,,,,,,,,,
WHRN,,,,,,,,,,,,
ATP6V1G1,,,,,,,,,,,,
TMEM268,,,,,,,,,,,,
ASTN2,,,,-0.984259196522038,-0.2503467523839125,-0.6173029744529752,,,,,,
TRIM32,,,,,,,,,,,,
CDK5RAP2,0.11939154012525807,0.37967558519343503,0.24953356265934656,,,,,,,0.13369736734315554,0.45816263992424466,0.2959300036337001
MEGF9,,,,,,,,,,,,
FBXW2,,,,,,,,,,,,
B3GALT9,,,,,,,,,,,,
PSMD5,,,,,,,,,,,,
PHF19,,,,,,,,,,,,
CNTRL,0.04555263647823035,0.2606927850056847,0.15312271074195755,,,,,,,,,
RAB14,,,,,,,,,,,,
STOM,,,,,,,,,,,,
DAB2IP,,,,,,,,,,,,
TTLL11,,,,,,,,,,,,
NDUFA8,,,,,,,,,,,,
RBM18,,,,,,,,,,,,
MRRF,,,,,,,,,,,,
PDCL,,,,,,,,,,,,
RC3H2,,,,-0.9922016072569237,-0.3435390194148481,-0.6678703133358859,,,,,,
ZBTB6,0.054612339715929714,0.25541982978988875,0.15501608475290923,-0.7431243307266988,-0.7431243307266988,-0.7431243307266988,,,,,,
RABGAP1,,,,,,,,,,,,
STRBP,,,,,,,,,,,,
DENND1A,,,,,,,,,,,,
NEK6,,,,,,,,,,,,
PSMB7,,,,,,,,,,,,
NR6A1,,,,-0.981941666516944,-0.2729626434741372,-0.6274521549955406,,,,,,
RPL35,,,,,,,,,,,,
ARPC5L,,,,,,,,,,,,
GOLGA1,,,,,,,,,,,,
SCAI,,,,,,,,,,,,
PPP6C,,,,,,,,,,,,
RABEPK,,,,,,,,,,,,
HSPA5,,,,,,,,,,,,
GAPVD1,,,,,,,,,,,,
MAPKAP1,0.030291861959928352,0.2801009198972263,0.15519639092857732,,,,,,,,,
PBX3,,,,,,,,,,,,
MVB12B,,,,,,,,,,,,
LMX1B,,,,,,,,,,,,
ZBTB43,,,,,,,,,,,,
RALGPS1,,,,,,,,,,,,
GARNL3,,,,,,,,,,,,
SLC2A8,,,,,,,,,,,,
ZNF79,,,,,,,,,,,,
RPL12,,,,,,,,,,,,
LRSAM1,,,,,,,,,,,,
NIBAN2,,,,-0.9745823370753656,-0.23439137784249026,-0.6044868574589279,,,,,,
STXBP1,,,,,,,,,,,,
PTRH1,,,,,,,,,,,,
TOR2A,,,,,,,,,,,,
CDK9,,,,,,,,,,,,
FPGS,,,,,,,,,,,,
AK1,,,,,,,,,,,,
ST6GALNAC6,,,,,,,,,,,,
DPM2,,,,,,,,,,,,
EEIG1,,,,,,,-0.2165941488372863,-0.04362047862173385,-0.13010731372951007,,,
SLC25A25,,,,,,,,,,,,
PTGES2,,,,,,,,,,,,
BBLN,,,,,,,,,,,,
CIZ1,,,,,,,,,,,,
DNM1,,,,,,,,,,,,
GOLGA2,,,,,,,,,,,,
SWI5,,,,,,,,,,,,
TRUB2,,,,,,,,,,,,
COQ4,,,,,,,,,,,,
SLC27A4,,,,,,,,,,,,
URM1,,,,,,,,,,,,
CERCAM,,,,,,,,,,,,
ODF2,,,,-0.9797495199585915,-0.3029646029180971,-0.6413570614383444,,,,,,
GLE1,,,,,,,,,,,,
SPTAN1,,,,,,,,,,,,
DYNC2I2,,,,,,,,,,,,
SET,,,,,,,,,,,,
PKN3,,,,,,,,,,,,
ZDHHC12,,,,,,,,,,,,
ZER1,,,,,,,,,,,,
TBC1D13,,,,,,,,,,,,
ENDOG,,,,,,,,,,,,
SPOUT1,,,,,,,,,,,,
KYAT1,,,,,,,,,,,,
LRRC8A,,,,,,,,,,,,
PHYHD1,,,,,,,,,,,,
DOLK,,,,,,,,,,,,
NUP188,,,,,,,,,,,,
SH3GLB2,,,,,,,,,,,,
MIGA2,,,,,,,,,,,,
DOLPP1,,,,,,,,,,,,
CRAT,,,,,,,,,,,,
PTPA,,,,,,,,,,,,
NTMT1,,,,,,,,,,,,
ASB6,,,,,,,,,,,,
TOR1B,,,,,,,,,,,,
TOR1A,,,,,,,,,,,,
C9orf78,0.05325807588689741,0.33207534384811566,0.19266670986750653,,,,,,,,,
USP20,,,,,,,,,,,,
FNBP1,,,,,,,,,,,,
GPR107,,,,,,,,,,,,
NCS1,,,,,,,,,,,,
ASS1,,,,,,,,,,,,
FUBP3,,,,,,,,,,,,
EXOSC2,,,,,,,,,,,,
ABL1,,,,,,,,,,,,
LAMC3,,,,,,,,,,,,
AIF1L,,,,,,,,,,,,
NUP214,,,,,,,,,,,,
PLPP7,,,,,,,,,,,,
PRRC2B,,,,,,,,,,,,
POMT1,,,,,,,,,,,,
UCK1,,,,,,,,,,,,
RAPGEF1,,,,,,,,,,,,
MED27,,,,,,,,,,,,
SETX,,,,,,,,,,,,
TTF1,,,,,,,,,,,,
DDX31,,,,,,,,,,,,
GTF3C4,,,,,,,,,,,,
SPACA9,,,,,,,,,,,,
TSC1,,,,,,,,,,,,
GTF3C5,,,,,,,,,,,,
RALGDS,,,,,,,,,,,,
SURF6,,,,,,,,,,,,
MED22,,,,,,,,,,,,
RPL7A,,,,,,,,,,,,
SURF1,,,,,,,,,,,,
SURF2,,,,,,,,,,,,
SURF4,,,,,,,,,,,,
REXO4,,,,,,,,,,,,
ADAMTS13,,,,,,,,,,,,
VAV2,,,,-0.9888259796086565,-0.3466843372402404,-0.6677551584244484,,,,,,
BRD3OS,,,,,,,,,,,,
BRD3,,,,,,,,,,,,
WDR5,,,,,,,,,,,,
RXRA,,,,,,,,,,,,
PIERCE1,,,,,,,,,,,,
MRPS2,,,,,,,,,,,,
CAMSAP1,,,,,,,,,,,,
UBAC1,,,,,,,,,,,,
NACC2,,,,,,,,,,,,
TMEM250,,,,,,,,,,,,
QSOX2,,,,-0.7718240499948034,-0.7718240499948034,-0.7718240499948034,,,,,,
GPSM1,,,,,,,,,,,,
DNLZ,,,,,,,,,,,,
SNAPC4,,,,-0.979256103394919,-0.3061788400737405,-0.6427174717343298,,,,,,
ENTR1,0.05619253904799511,0.3021472145985201,0.1791698768232576,,,,,,,,,
PMPCA,,,,-0.9895093188853129,-0.2989930387273742,-0.6442511788063435,,,,,,
INPP5E,,,,,,,,,,,,
SEC16A,,,,,,,,,,,,
EGFL7,,,,,,,,,,,,
AGPAT2,,,,,,,,,,,,
DIPK1B,,,,,,,,,,,,
TMEM141,,,,,,,,,,,,
RABL6,,,,,,,,,,,,
PHPT1,,,,,,,,,,,,
EDF1,,,,,,,,,,,,
TRAF2,,,,,,,,,,,,
FBXW5,,,,,,,,,,,,
PAXX,,,,,,,,,,,,
NPDC1,,,,,,,,,,,,
SAPCD2,,,,-0.7047918606575053,-0.7047918606575053,-0.7047918606575053,,,,,,
MAN1B1,,,,,,,,,,,,
SSNA1,,,,,,,,,,,,
TPRN,,,,,,,,,,,,
TMEM203,,,,,,,,,,,,
NDOR1,,,,,,,,,,,,
TUBB4B,,,,,,,,,,,,
NELFB,,,,,,,,,,,,
NRARP,,,,,,,,,,,,
EXD3,,,,,,,,,,,,
NOXA1,,,,,,,,,,,,
NSMF,,,,,,,,,,,,
MRPL41,,,,,,,,,,,,
DPH7,,,,,,,,,,,,
ZMYND19,,,,,,,,,,,,
ARRDC1,,,,,,,,,,,,
EHMT1,,,,,,,,,,,,
ZMYND11,0.0748958437940311,0.31635721482004897,0.19562652930704003,,,,,,,,,
DIP2C,,,,,,,,,,,,
LARP4B,,,,,,,,,,,,
GTPBP4,0.09357020040200328,0.3585188557063297,0.22604452805416647,,,,,,,,,
IDI1,,,,,,,,,,,,
WDR37,,,,,,,,,,,,
PFKP,,,,,,,,,,,,
PITRM1,,,,,,,,,,,,
KLF6,,,,,,,,,,,,
NET1,,,,,,,,,,,,
ASB13,,,,,,,,,,,,
TASOR2,,,,,,,,,,,,
GDI2,,,,,,,,,,,,
ANKRD16,,,,,,,,,,,,
FBH1,,,,,,,,,,,,
IL2RA,,,,,,,,,,-0.09245643096747838,-0.03977338746664769,-0.06611490921706303
RBM17,,,,,,,,,,,,
PFKFB3,,,,,,,,,,,,
PRKCQ,,,,,,,,,,,,
SFMBT2,,,,,,,,,,,,
KIN,,,,,,,,,,,,
ATP5F1C,,,,,,,,,,,,
TAF3,,,,,,,,,,,,
GATA3,,,,,,,,,,,,
CELF2,,,,,,,,,,,,
USP6NL,,,,,,,,,,,,
PROSER2,,,,,,,,,,,,
UPF2,,,,,,,,,,,,
DHTKD1,,,,,,,,,,,,
SEC61A2,,,,,,,,,,,,
NUDT5,,,,,,,,,,,,
CDC123,,,,,,,,,,,,
CAMK1D,,,,,,,,,,,,
CCDC3,,,,,,,,,,,,
OPTN,,,,,,,,,,,,
MCM10,,,,,,,,,,,,
PHYH,,,,,,,,,,,,
SEPHS1,,,,,,,,,,,,
BEND7,,,,,,,,,,,,
PRPF18,,,,,,,,,,,,
FRMD4A,,,,,,,,,,,,
FAM107B,,,,,,,,,,,,
MSANTD7,,,,,,,,,,,,
HSPA14,,,,,,,,,,,,
SUV39H2,,,,,,,,,,,,
DCLRE1C,-0.4701780746599518,-0.09033263282667077,-0.2802553537433113,,,,,,,,,
RPP38,,,,,,,,,,,,
NMT2,,,,,,,,,,,,
FAM171A1,,,,,,,,,,,,
ITGA8,,,,,,,,,,,,
MINDY3,,,,,,,,,,,,
PTER,,,,,,,,,,,,
RSU1,,,,,,,,,,,,
TRDMT1,,,,,,,,,,,,
VIM,,,,,,,,,,,,
HACD1,,,,,,,,,,,,
STAM,,,,,,,,,,,,
CACNB2,,,,,,,,,,,,
NSUN6,,,,,,,,,,,,
ARL5B,0.055906477971591935,0.27337799863962764,0.16464223830560978,,,,,,,,,
PLXDC2,,,,,,,,,,,,
NEBL,,,,,,,,,,,,
SKIDA1,,,,,,,,,,,,
MLLT10,,,,,,,,,,,,
DNAJC1,,,,,,,,,,,,
COMMD3,,,,,,,,,,,,
BMI1,0.10372343037172571,0.3350979542647036,0.21941069231821467,,,,,,,,,
PIP4K2A,,,,,,,,,,,,
ARMC3,,,,,,,,,,,,
MSRB2,,,,,,,,,,,,
KIAA1217,,,,,,,,,,,,
ARHGAP21,0.10736523002206752,0.3590006316238173,0.2331829308229424,,,,,,,,,
PRTFDC1,,,,,,,,,,,,
THNSL1,,,,-0.7543022347277241,-0.7543022347277241,-0.7543022347277241,,,,,,
MYO3A,,,,,,,,,,,,
PDSS1,,,,,,,,,,,,
ABI1,,,,,,,,,,,,
ANKRD26,,,,,,,,,,,,
YME1L1,,,,,,,,,,,,
MASTL,,,,,,,,,,,,
ACBD5,,,,,,,,,,,,
RAB18,,,,,,,,,,,,
MKX,,,,,,,,,,,,
ODAD2,0.06266062129228839,0.28219398658077066,0.17242730393652952,,,,,,,,,
MPP7,,,,,,,,,,,,
WAC,,,,,,,,,,,,
BAMBI,,,,,,,,,,,,
SVIL,,,,,,,,,,,,
JCAD,,,,,,,,,,,,
MTPAP,,,,,,,,,,,,
MAP3K8,,,,,,,,,,,,
ZNF438,,,,,,,,,,,,
ZEB1,0.08521444114947473,0.30617687826326745,0.1956956597063711,,,,,,,0.031899781711359564,0.38415016036510086,0.2080249710382302
ARHGAP12,,,,,,,,,,,,
KIF5B,0.09056549451467139,0.24466031568835614,0.16761290510151378,,,,,,,0.005453871473684915,0.38353415038386,0.19449401092877247
EPC1,,,,-0.9801451672139393,-0.20082217765894472,-0.590483672436442,,,,,,
CCDC7,,,,,,,,,,,,
ITGB1,,,,,,,,,,,,
NRP1,,,,,,,,,,,,
PARD3,,,,,,,,,,,,
CUL2,0.07893422938716134,0.3082377412674126,0.19358598532728696,,,,0.06287731820374202,0.54908304379922,0.305980181001481,,,
CREM,,,,,,,,,,,,
CCNY,,,,,,,,,,,,
FZD8,,,,,,,,,,,,
ZNF248,,,,,,,,,,,,
ZNF33A,,,,,,,,,,,,
ZNF37A,0.0817512832416345,0.2899654201681347,0.1858583517048846,,,,,,,0.0671505891642405,0.39812035363461323,0.23263547139942686
ZNF33B,,,,,,,,,,,,
BMS1,0.13217690099985896,0.34696795590434304,0.239572428452101,,,,0.15809985086715678,0.5954005825584214,0.3767502167127891,0.05240833683999834,0.4143636076833142,0.23338597226165628
CSGALNACT2,,,,,,,,,,,,
HNRNPF,0.11307394616255177,0.3915469704357508,0.2523104582991513,,,,,,,0.03216267202210472,0.41580188295517134,0.22398227748863803
ZNF239,,,,-0.6963638344864477,-0.6963638344864477,-0.6963638344864477,,,,,,
ZNF485,,,,-0.710936881634658,-0.710936881634658,-0.710936881634658,,,,,,
ZNF32,,,,,,,,,,,,
ZNF22,,,,,,,,,,,,
MARCHF8,,,,,,,,,,,,
ZFAND4,,,,-0.9878312458329199,-0.34184401242790907,-0.6648376291304146,,,,,,
WASHC2C,,,,,,,,,,,,
TIMM23,,,,,,,,,,,,
NCOA4,0.08146863584625255,0.33849933537342763,0.2099839856098401,,,,,,,,,
FAM25G,,,,,,,,,,-0.12338383429876093,-0.021112023982948022,-0.07224792914085448
MAPK8,,,,-0.9715120136106902,-0.26546388160531603,-0.6184879476080031,,,,,,
ARHGAP22,,,,,,,,,,,,
ERCC6,,,,,,,,,,,,
PARG,,,,,,,,,,,,
TIMM23B,,,,-0.9774560375383138,-0.23816675746435603,-0.607811397501335,,,,,,
AGAP6,,,,,,,,,,,,
WASHC2A,0.060016445933184004,0.2821493126199704,0.1710828792765772,,,,,,,,,
SGMS1,,,,-0.974953716372151,-0.21892312946280332,-0.5969384229174771,,,,,,
PRKG1,,,,-0.9654695745968735,-0.1619421995599901,-0.5637058870784318,,,,,,
CSTF2T,0.07639411108056175,0.30468598466345426,0.190540047872008,,,,,,,0.09879371605378769,0.3852417854628289,0.24201775075830828
PCDH15,,,,,,,,,,,,
ZWINT,,,,,,,,,,,,
IPMK,,,,-0.9934254532823799,-0.275748007866826,-0.6345867305746029,,,,,,
CISD1,,,,,,,,,,,,
UBE2D1,,,,,,,,,,,,
TFAM,0.04781686990081348,0.24534659563538858,0.14658173276810102,,,,,,,,,
BICC1,,,,,,,,,,,,
FAM13C,-0.12428022852991648,-0.03247187160782663,-0.07837605006887155,-0.9304293859092201,-0.04700681047658895,-0.4887180981929045,-0.15357226323939577,-0.0579650114110724,-0.10576863732523409,,,
SLC16A9,,,,,,,,,,,,
CCDC6,,,,,,,,,,,,
ANK3,,,,,,,,,,,,
CDK1,0.09707522995461974,0.23643663512821883,0.1667559325414193,,,,,,,,,
RHOBTB1,,,,,,,,,,,,
ARID5B,,,,,,,,,,,,
RTKN2,,,,,,,,,,,,
ADO,,,,,,,,,,,,
NRBF2,,,,,,,,,,,,
JMJD1C,,,,,,,,,,,,
REEP3,,,,,,,,,,,,
CTNNA3,,,,,,,,,,,,
DNAJC12,,,,,,,,,,,,
SIRT1,,,,,,,,,,,,
HERC4,,,,,,,,,,,,
PBLD,,,,-0.7378726018321617,-0.7378726018321617,-0.7378726018321617,,,,,,
HNRNPH3,0.09573811582444842,0.26470574952975673,0.18022193267710257,,,,0.03893067426941196,0.4814013971191013,0.2601660356942566,,,
RUFY2,,,,,,,,,,,,
DNA2,,,,,,,,,,,,
SLC25A16,,,,,,,,,,,,
TET1,,,,,,,,,,,,
CCAR1,0.10894987203017314,0.36424669123909853,0.23659828163463584,,,,0.03378093718735016,0.3705083563843503,0.20214464678585023,,,
STOX1,,,,,,,,,,,,
DDX50,,,,,,,,,,,,
DDX21,,,,,,,,,,,,
KIFBP,,,,,,,,,,,,
VPS26A,0.0934282053623701,0.35558716206732144,0.22450768371484578,,,,,,,,,
SUPV3L1,,,,,,,,,,,,
HK1,,,,,,,,,,,,
TSPAN15,,,,,,,,,,,,
FAM241B,,,,-0.6347293020915856,-0.6347293020915856,-0.6347293020915856,,,,,,
MACROH2A2,,,,,,,,,,,,
TYSND1,,,,,,,,,,,,
SAR1A,,,,,,,,,,,,
PPA1,,,,,,,,,,,,
LRRC20,,,,,,,,,,,,
EIF4EBP2,,,,,,,,,,,,
PALD1,,,,,,,,,,,,
SGPL1,,,,,,,,,,,,
PCBD1,,,,,,,,,,,,
UNC5B,,,,,,,,,,,,
PSAP,,,,,,,,,,,,
CHST3,,,,,,,,,,,,
ASCC1,,,,,,,,,,,,
ANAPC16,,,,,,,,,,,,
DDIT4,,,,,,,,,,,,
DNAJB12,,,,,,,,,,,,
MICU1,,,,,,,,,,,,
MCU,,,,,,,,,,,,
P4HA1,,,,,,,,,,,,
NUDT13,,,,,,,,,,,,
ECD,,,,,,,,,,,,
FAM149B1,,,,,,,,,,,,
DNAJC9,,,,,,,,,,,,
MRPS16,,,,,,,,,,,,
ANXA7,,,,,,,,,,,,
PPP3CB,,,,,,,,,,,,
USP54,,,,,,,,,,,,
SEC24C,,,,,,,,,,,,
FUT11,,,,,,,,,,,,
CHCHD1,,,,,,,,,,,,
ZSWIM8,,,,,,,,,,,,
NDST2,,,,,,,,,,,,
CAMK2G,,,,,,,,,,,,
VCL,0.030090212743055695,0.29387828534401916,0.16198424904353742,,,,,,,,,
AP3M1,,,,,,,,,,,,
ADK,,,,,,,,,,,,
KAT6B,,,,,,,,,,,,
SAMD8,,,,,,,,,,,,
VDAC2,,,,,,,,,,,,
COMTD1,,,,,,,,,,,,
ZNF503,,,,,,,,,,,,
LRMDA,-0.0859064293422368,0.0065179594965692955,-0.039694234922833756,,,,,,,,,
DLG5,,,,,,,,,,,,
POLR3A,,,,,,,,,,,,
RPS24,,,,,,,,,,,,
ZMIZ1,,,,,,,,,,,,
PPIF,,,,,,,,,,,,
ZCCHC24,,,,,,,,,,,,
EIF5AL1,,,,,,,,,,,,
TMEM254,,,,,,,,,,,,
ANXA11,,,,,,,,,,,,
PRXL2A,,,,,,,,,,,,
TSPAN14,,,,,,,,,,,,
GHITM,,,,,,,,,,,,
CCSER2,,,,,,,,,,,,
GRID1,,,,,,,,,,,,
WAPL,0.0718286886926506,0.2952285153224427,0.18352860200754667,,,,,,,,,
BMPR1A,,,,-0.9761738262701473,-0.14278936219359784,-0.5594815942318725,,,,,,
GLUD1,,,,,,,,,,,,
SHLD2,,,,,,,,,,,,
MINPP1,,,,,,,,,,,,
PAPSS2,,,,-0.9795436626363818,-0.2728727420050203,-0.6262082023207011,,,,,,
ATAD1,,,,,,,,,,,,
PTEN,,,,,,,,,,,,
STAMBPL1,,,,,,,,,,,,
LIPA,,,,,,,,,,,,
IFIT5,,,,,,,,,,,,
PANK1,,,,,,,,,,,,
KIF20B,0.1549912532583921,0.3841333575784511,0.2695623054184216,,,,,,,0.1603324245354848,0.48995611300059755,0.32514426876804114
RPP30,,,,,,,,,,,,
PCGF5,,,,,,,,,,,,
HECTD2,,,,,,,,,,,,
TNKS2,0.06588975934737742,0.29847465477366825,0.18218220706052285,,,,,,,,,
BTAF1,,,,,,,,,,,,
CPEB3,,,,,,,,,,,,
MARCHF5,,,,,,,,,,,,
IDE,,,,,,,,,,,,
KIF11,0.11488291800333901,0.35694767990944165,0.23591529895639032,,,,0.11309565295994685,0.641131698826205,0.37711367589307593,0.15732157709684816,0.4279003959378143,0.29261098651733125
EXOC6,,,,,,,,,,,,
CEP55,0.1575637719474316,0.3721516667532668,0.2648577193503492,,,,,,,0.08668371155469125,0.4593941336802667,0.273038922617479
FRA10AC1,0.08353951556738808,0.31594865097407737,0.19974408327073273,,,,,,,,,
SLC35G1,,,,,,,,,,,,
PLCE1,,,,,,,,,,,,
NOC3L,0.04838763900380795,0.30023810339880086,0.1743128712013044,,,,,,,,,
TBC1D12,,,,,,,,,,,,
HELLS,,,,,,,,,,,,
PDLIM1,,,,,,,,,,,,
SORBS1,,,,,,,,,,,,
ALDH18A1,,,,,,,,,,,,
TCTN3,,,,,,,,,,,,
CCNJ,0.0689801375315601,0.2722898509319762,0.17063499423176814,,,,,,,,,
ZNF518A,,,,,,,,,,,,
TM9SF3,0.09843720540449862,0.31981936396236893,0.20912828468343378,,,,0.08435499792678232,0.44957674944944953,0.2669658736881159,,,
PIK3AP1,,,,,,,,,,,,
LCOR,0.038864680878963276,0.3311460743191342,0.18500537759904873,,,,,,,,,
ARHGAP19,,,,,,,,,,,,
FRAT2,,,,,,,,,,,,
RRP12,,,,,,,,,,,,
PGAM1,,,,,,,,,,,,
EXOSC1,,,,,,,,,,,,
ZDHHC16,,,,,,,,,,,,
MMS19,,,,,,,,,,,,
UBTD1,,,,,,,,,,,,
MORN4,,,,,,,,,,,,
PI4K2A,,,,,,,,,,,,
AVPI1,,,,-0.6165464180207542,-0.6165464180207542,-0.6165464180207542,,,,,,
MARVELD1,,,,,,,,,,,,
ZFYVE27,,,,,,,,,,,,
R3HCC1L,,,,,,,,,,,,
HPS1,,,,,,,,,,,,
CNNM1,,,,,,,,,,,,
GOT1,,,,,,,,,,,,
SLC25A28,,,,,,,,,,,,
ENTPD7,,,,,,,,,,,,
CUTC,,,,,,,,,,,,
COX15,,,,,,,,,,,,
DNMBP,,,,,,,,,,,,
ERLIN1,,,,,,,,,,,,
CHUK,,,,,,,,,,,,
CWF19L1,,,,,,,,,,,,
BLOC1S2,,,,,,,,,,,,
SCD,,,,,,,,,,,,
NDUFB8,,,,,,,,,,,,
HIF1AN,,,,,,,,,,,,
SLF2,,,,,,,,,,,,
MRPL43,,,,,,,,,,,,
TWNK,0.06633861028015733,0.27815606497764234,0.17224733762889982,,,,,,,,,
LZTS2,,,,,,,,,,,,
BTRC,,,,,,,,,,,,
DPCD,,,,,,,,,,,,
POLL,,,,,,,,,,,,
FBXW4,,,,-0.9750460907485695,-0.3469938820617952,-0.6610199864051823,,,,,,
NPM3,,,,,,,,,,,,
OGA,,,,,,,,,,,,
ARMH3,,,,,,,,,,,,
HPS6,,,,,,,,,,,,
LDB1,,,,,,,,,,,,
PPRC1,,,,,,,,,,,,
NOLC1,0.08290373196869932,0.3718170918070422,0.22736041188787076,,,,,,,,,
GBF1,,,,,,,,,,,,
FBXL15,,,,,,,,,,,,
CUEDC2,,,,,,,,,,,,
C10orf95,-0.22537695866589882,-0.07201867510974709,-0.14869781688782296,-0.7661491027371914,-0.7661491027371914,-0.7661491027371914,,,,-0.2736758269596199,-0.0761132959001005,-0.1748945614298602
MFSD13A,,,,,,,,,,,,
ACTR1A,,,,,,,,,,,,
SUFU,,,,-0.9803630742240129,-0.23286595431812945,-0.6066145142710712,,,,,,
TRIM8,,,,,,,,,,,,
ARL3,,,,,,,,,,,,
SFXN2,,,,,,,,,,,,
WBP1L,,,,,,,,,,,,
BORCS7,,,,,,,,,,,,
AS3MT,,,,,,,,,,,,
CNNM2,,,,,,,,,,,,
NT5C2,,,,,,,,,,,,
PCGF6,,,,,,,,,,,,
TAF5,,,,,,,,,,,,
ATP5MK,,,,,,,,,,,,
PDCD11,,,,,,,,,,,,
SH3PXD2A,,,,,,,,,,,,
STN1,,,,,,,,,,,,
SLK,0.16133131486479313,0.3731881442552501,0.26725972956002164,,,,0.1282804562233573,0.5607089480625164,0.3444947021429368,0.10606170528510674,0.4215869245655248,0.2638243149253158
SFR1,,,,,,,,,,,,
GSTO1,,,,,,,,,,,,
GSTO2,,,,,,,,,,,,
XPNPEP1,,,,,,,,,,,,
ADD3,,,,,,,,,,,,
MXI1,,,,,,,,,,,,
SMNDC1,,,,,,,,,,,,
SMC3,0.12112815636271952,0.3538615027060049,0.2374948295343622,,,,,,,,,
RBM20,,,,,,,,,,,,
PDCD4,,,,,,,,,,,,
BBIP1,,,,,,,,,,,,
SHOC2,,,,,,,,,,,,
GPAM,,,,,,,,,,,,
ZDHHC6,,,,,,,,,,,,
VTI1A,,,,,,,,,,,,
TCF7L2,,,,-0.9706168911367783,-0.20104205164187966,-0.585829471389329,,,,,,
CASP7,,,,,,,,,,,,
DCLRE1A,,,,,,,,,,,,
NHLRC2,,,,,,,,,,,,
CCDC186,,,,,,,,,,,,
ABLIM1,,,,,,,,,,,,
FHIP2A,,,,,,,,,,,,
TRUB1,0.09694433314051856,0.3097613437451829,0.20335283844285074,,,,,,,,,
ATRNL1,,,,,,,,,,,,
HSPA12A,,,,,,,,,,,,
SHTN1,,,,,,,,,,,,
PDZD8,,,,,,,,,,,,
EMX2,,,,-0.9775079174105673,-0.2206688885448545,-0.5990884029777109,,,,,,
RAB11FIP2,,,,,,,,,,,,
FAM204A,,,,,,,,,,,,
CACUL1,,,,,,,,,,,,
NANOS1,,,,,,,,,,,,
EIF3A,0.14975859026877253,0.41668797108527555,0.28322328067702407,,,,,,,0.09052403028263714,0.37785214229760916,0.23418808629012317
DENND10,,,,,,,,,,,,
SFXN4,,,,,,,,,,,,
PRDX3,,,,,,,,,,,,
GRK5,,,,,,,,,,,,
RGS10,,,,,,,,,,,,
TIAL1,,,,,,,,,,,,
BAG3,,,,,,,,,,,,
INPP5F,,,,,,,,,,,,
MCMBP,,,,,,,,,,,,
SEC23IP,,,,,,,,,,,,
PLPP4,,,,,,,,,,,,
WDR11,,,,,,,,,,,,
FGFR2,,,,,,,,,,-0.1603024805036011,0.01731859289132402,-0.07149194380613855
ATE1,,,,,,,,,,,,
NSMCE4A,,,,,,,,,,,,
TACC2,,,,,,,,,,,,
PLEKHA1,,,,,,,,,,,,
C10orf88,0.07403491863672801,0.2959173570845281,0.18497613786062805,,,,,,,,,
PSTK,,,,,,,,,,,,
IKZF5,,,,,,,,,,,,
ACADSB,,,,,,,,,,,,
BUB3,0.10846691700277764,0.32210484248804644,0.21528587974541202,,,,,,,,,
CHST15,,,,,,,,,,,,
OAT,,,,,,,,,,,,
LHPP,,,,,,,,,,,,
FAM53B,,,,,,,,,,,,
EEF1AKMT2,,,,,,,,,,,,
ABRAXAS2,0.06362527688987654,0.27418545220937063,0.16890536454962357,,,,,,,,,
ZRANB1,,,,,,,,,,,,
CTBP2,,,,,,,,,,,,
EDRF1,,,,,,,,,,,,
UROS,,,,,,,,,,,,
BCCIP,,,,,,,,,,,,
DHX32,,,,,,,,,,,,
DOCK1,,,,,,,,,,,,
MKI67,0.1765761472936382,0.35241249201116515,0.26449431965240167,,,,,,,0.11331604660596152,0.26748582077211935,0.19040093368904043
EBF3,,,,,,,,,,,,
GLRX3,,,,,,,,,,,,
PPP2R2D,,,,,,,,,,,,
BNIP3,,,,,,,,,,,,
STK32C,,,,,,,,,,,,
INPP5A,,,,,,,,,,,,
TUBGCP2,,,,,,,,,,,,
ZNF511,,,,,,,,,,,,
FUOM,,,,,,,,,,,,
ECHS1,,,,,,,,,,,,
MTG1,0.0616697424166915,0.3401132907966826,0.20089151660668705,,,,,,,,,
BET1L,,,,,,,,,,,,
RIC8A,,,,,,,,,,,,
SIRT3,,,,,,,,,,,,
PSMD13,,,,,,,,,,,,
IFITM2,,,,,,,,,,,,
IFITM1,,,,-0.9878630696126507,-0.27774971748894317,-0.6328063935507969,,,,,,
SIGIRR,,,,,,,,,,,,
PTDSS2,,,,,,,,,,,,
RNH1,,,,,,,,,,,,
HRAS,,,,,,,,,,,,
RASSF7,,,,,,,,,,,,
PHRF1,,,,,,,,,,,,
DEAF1,,,,,,,,,,,,
TMEM80,,,,,,,,,,,,
TALDO1,,,,,,,,,,,,
GATD1,,,,-0.985614410923503,-0.258658090020779,-0.622136250472141,,,,,,
SLC25A22,,,,-0.8392621733515431,-0.8392621733515431,-0.8392621733515431,,,,,,
RPLP2,,,,,,,,,,,,
PNPLA2,,,,,,,,,,,,
CD151,,,,,,,,,,,,
POLR2L,,,,,,,,,,,,
TSPAN4,,,,,,,,,,,,
CHID1,,,,,,,,,,,,
AP2A2,,,,,,,,,,,,
TOLLIP,,,,,,,,,,,,
BRSK2,,,,,,,,,,,,
MOB2,,,,,,,,,,,,
CTSD,,,,,,,,,,,,
MRPL23,,,,,,,,,,,,
CD81,,,,,,,,,,,,
TSSC4,,,,,,,,,,,,
CDKN1C,,,,,,,,,,,,
PHLDA2,,,,,,,,,,,,
NAP1L4,,,,,,,,,,,,
CARS1,,,,,,,,,,,,
OSBPL5,,,,,,,,,,,,
ZNF195,,,,,,,,,,,,
ART5,,,,,,,,,,-0.18367716079678129,0.004810105030816768,-0.08943352788298226
NUP98,,,,,,,,,,,,
PGAP2,,,,,,,,,,,,
RHOG,,,,,,,,,,,,
STIM1,,,,,,,,,,,,
RRM1,,,,,,,,,,,,
APBB1,,,,,,,,,,,,
ARFIP2,,,,,,,,,,,,
TIMM10B,,,,,,,,,,,,
DNHD1,,,,,,,,,,,,
RRP8,,,,,,,,,,,,
ILK,,,,,,,,,,,,
TAF10,,,,,,,,,,,,
MRPL17,,,,,,,,,,,,
ZNF215,,,,,,,,,,,,
EIF3F,,,,,,,,,,,,
TUB,,,,,,,,,,,,
STK33,,,,,,,,,,,,
TRIM66,,,,,,,,,,,,
RPL27A,0.03758774518803331,0.27738620579756823,0.15748697549280077,,,,,,,,,
DENND2B,,,,,,,,,,,,
AKIP1,,,,,,,,,,,,
TMEM9B,,,,,,,,,,,,
NRIP3,,,,,,,,,,,,
DENND5A,,,,,,,,,,,,
TMEM41B,,,,,,,,,,,,
IPO7,0.0632563037502665,0.3901656740342462,0.22671098889225633,,,,,,,,,
ZNF143,,,,,,,,,,,,
WEE1,,,,,,,,,,,,
SWAP70,,,,,,,,,,,,
SBF2,,,,,,,,,,,,
RNF141,,,,,,,,,,,,
CTR9,0.11456996425950906,0.3807214693345072,0.24764571679700811,,,,,,,0.056657474918864775,0.40748756436772987,0.23207251964329734
EIF4G2,,,,,,,,,,,,
ZBED5,,,,,,,,,,,,
GALNT18,,,,,,,,,,,,
USP47,0.1494527757644307,0.36157078788091285,0.25551178182267176,,,,0.11952706714877663,0.5588858611219246,0.3392064641353506,0.04045205497639294,0.3734475343277071,0.20694979465205002
PARVA,,,,,,,,,,,,
TEAD1,,,,,,,,,,,,
BTBD10,,,,,,,,,,,,
FAR1,,,,,,,,,,,,
SPON1,0.051704466781974746,0.25537100320886386,0.1535377349954193,,,,,,,,,
RRAS2,,,,,,,,,,,,
COPB1,,,,,,,,,,,,
PSMA1,,,,,,,,,,,,
PDE3B,,,,,,,,,,,,
CYP2R1,,,,,,,,,,,,
CALCB,,,,-0.7037832065924218,-0.7037832065924218,-0.7037832065924218,,,,,,
SOX6,,,,,,,,,,,,
C11orf58,,,,,,,,,,,,
PLEKHA7,,,,,,,,,,,,
RPS13,,,,,,,,,,,,
PIK3C2A,,,,,,,,,,,,
NUCB2,,,,,,,,,,,,
NCR3LG1,,,,,,,,,,,,
SERGEF,,,,,,,,,,,,
SAAL1,,,,,,,,,,,,
HPS5,,,,,,,,,,,,
GTF2H1,,,,,,,,,,,,
LDHA,,,,,,,,,,,,
LDHC,,,,,,,,,,,,
TSG101,0.052513483012738164,0.2748426724292433,0.16367807772099074,,,,,,,,,
UEVLD,,,,,,,,,,,,
MISFA,,,,,,,,,,,,
SPTY2D1,,,,,,,,,,,,
ZDHHC13,,,,,,,,,,,,
E2F8,,,,-0.6041773748769466,-0.6041773748769466,-0.6041773748769466,,,,,,
NAV2,,,,,,,,,,,,
HTATIP2,,,,,,,,,,,,
PRMT3,,,,,,,,,,,,
ANO5,,,,,,,,,,,,
SVIP,,,,,,,,,,,,
CCDC34,,,,,,,,,,,,
LGR4,,,,,,,,,,,,
LIN7C,,,,,,,,,,,,
KIF18A,,,,,,,,,,,,
METTL15,0.07279466524977168,0.2941693544292525,0.1834820098395121,,,,0.10207930779466164,0.5178913166518294,0.30998531222324555,,,
ARL14EP,,,,,,,,,,,,
MPPED2,,,,,,,,,,,,
DNAJC24,,,,,,,,,,,,
IMMP1L,,,,,,,,,,,,
ELP4,0.04578912218344145,0.2342468911910521,0.1400180066872468,,,,,,,,,
PAX6,,,,,,,,,,,,
RCN1,0.0647709252077482,0.31298999452272475,0.18888045986523647,,,,,,,,,
WT1,,,,,,,,,,,,
EIF3M,,,,,,,,,,,,
CCDC73,-0.08676988243144669,-0.013004360004240817,-0.049887121217843756,,,,,,,-0.12514754346289822,-0.022313138718299902,-0.07373034109059906
PRRG4,,,,,,,,,,,,
QSER1,,,,,,,,,,,,
DEPDC7,,,,,,,,,,,,
TCP11L1,,,,,,,,,,,,
CSTF3,0.0895943825132078,0.3886650703648736,0.23912972643904068,,,,,,,,,
HIPK3,,,,,,,,,,,,
KIAA1549L,,,,-0.9906066397499175,-0.3940028282141689,-0.6923047339820432,,,,,,
CD59,,,,,,,,,,,,
FBXO3,,,,,,,,,,,,
CAPRIN1,0.17108413277016518,0.4142364933296004,0.29266031304988277,,,,0.04925790859881066,0.3797072030468336,0.2144825558228221,0.12054808304302748,0.42879335899323673,0.2746707210181321
NAT10,0.10599001346454562,0.3318934393583808,0.2189417264114632,,,,0.035757392630066394,0.6142312909895749,0.3249943418098206,,,
ABTB2,,,,,,,,,,,,
CAT,,,,,,,,,,,,
APIP,,,,,,,,,,,,
PDHX,,,,,,,,,,,,
PAMR1,,,,,,,,,,,,
FJX1,,,,,,,,,,,,
TRIM44,0.050611359543224974,0.2977782029383336,0.1741947812407793,,,,,,,,,
LDLRAD3,,,,,,,,,,,,
COMMD9,,,,,,,,,,,,
TRAF6,,,,,,,,,,,,
IFTAP,,,,,,,,,,,,
LRRC4C,,,,,,,,,,-0.12917556133582656,-0.017554546799040137,-0.07336505406743335
API5,0.11931512087491404,0.36267882595800544,0.24099697341645973,,,,0.1050791927140561,0.646181898813271,0.37563054576366356,,,
TTC17,,,,,,,,,,,,
HSD17B12,0.0693437401975151,0.33738565115164804,0.20336469567458157,,,,,,,,,
ALKBH3,0.11942582697787253,0.35207044992424136,0.23574813845105694,,,,,,,,,
EXT2,,,,,,,,,,,,
ALX4,0.03777002881702781,0.25963634093607485,0.14870318487655132,-0.8035261556509177,-0.8035261556509177,-0.8035261556509177,,,,,,
TSPAN18,,,,,,,,,,,,
TP53I11,,,,,,,,,,,,
CRY2,,,,,,,,,,,,
PEX16,,,,,,,,,,,,
PHF21A,0.06493883529808481,0.3048653192117282,0.1849020772549065,,,,0.08221904859975278,0.4536426387243653,0.26793084366205905,,,
DGKZ,,,,,,,,,,,,
MDK,,,,,,,,,,,,
AMBRA1,,,,,,,,,,,,
ATG13,,,,,,,,,,,,
ARHGAP1,,,,,,,,,,,,
CKAP5,0.12650887288190363,0.367463402287831,0.24698613758486732,,,,,,,0.03171619890939862,0.45364041506998953,0.2426783069896941
LRP4,,,,,,,,,,,,
CSTPP1,,,,,,,,,,,,
ARFGAP2,,,,,,,,,,,,
PACSIN3,,,,,,,,,,,,
DDB2,,,,,,,,,,,,
ACP2,,,,,,,,,,,,
NR1H3,,,,,,,,,,,,
MADD,,,,,,,,,,,,
SLC39A13,,,,,,,,,,,,
PSMC3,,,,,,,,,,,,
CELF1,,,,,,,,,,,,
NDUFS3,,,,,,,,,,,,
PTPMT1,,,,,,,,,,,,
MTCH2,,,,,,,,,,,,
FNBP4,,,,,,,,,,,,
NUP160,,,,,,,,,,,,
PTPRJ,,,,,,,,,,,,
OR5D3P,,,,,,,,,,,,
TNKS1BP1,,,,,,,,,,,,
SSRP1,,,,,,,,,,,,
RTN4RL2,,,,,,,,,,,,
SLC43A1,,,,,,,,,,,,
TIMM10,,,,,,,,,,,,
CLP1,,,,,,,,,,,,
ZDHHC5,,,,,,,,,,,,
MED19,,,,,,,,,,,,
TMX2,,,,,,,,,,,,
SELENOH,,,,,,,,,,,,
CTNND1,,,,,,,,,,,,
ZFP91,,,,,,,,,,,,
OSBP,0.03357408545609371,0.28875956945105363,0.16116682745357366,,,,,,,,,
PATL1,,,,,,,,,,,,
STX3,,,,,,,,,,,,
MRPL16,,,,,,,,,,,,
CCDC86,,,,,,,,,,,,
PRPF19,,,,,,,,,,,,
TMEM109,,,,,,,,,,,,
TMEM132A,,,,,,,,,,,,
VPS37C,,,,,,,,,,,,
DDB1,0.0694995055347938,0.348884352894908,0.20919192921485089,,,,,,,,,
TKFC,,,,,,,,,,,,
CYB561A3,,,,,,,,,,,,
TMEM138,,,,,,,,,,,,
TMEM216,,,,,,,,,,,,
CPSF7,,,,,,,,,,,,
SDHAF2,,,,,,,,,,,,
TMEM258,,,,,,,,,,,,
FEN1,,,,,,,,,,,,
FADS2,,,,,,,,,,,,
FADS1,,,,,,,,,,,,
FADS3,,,,,,,,,,-0.1181630229672974,-0.0060793009899502565,-0.06212116197862383
FTH1,,,,,,,,,,,,
INCENP,0.1140982613718388,0.3241211021951565,0.21910968178349766,,,,,,,,,
ASRGL1,,,,,,,,,,,,
AHNAK,,,,,,,,,,,,
EEF1G,0.05261119519188807,0.26623886719411766,0.15942503119300286,,,,,,,,,
TUT1,,,,,,,,,,,,
MTA2,,,,,,,,,,,,
B3GAT3,,,,,,,,,,,,
GANAB,,,,,,,,,,,,
INTS5,,,,,,,,,,,,
CSKMT,,,,,,,,,,,,
UQCC3,,,,,,,,,,,,
UBXN1,,,,,,,,,,,,
BSCL2,,,,,,,,,,,,
HNRNPUL2,0.1521782714364321,0.41979651455499595,0.285987392995714,,,,,,,0.0709348865601405,0.47559322446986935,0.27326405551500493
TTC9C,,,,-0.978895801680504,-0.3292796003917495,-0.6540877010361268,,,,,,
POLR2G,,,,,,,,,,,,
TAF6L,,,,,,,,,,,,
TMEM223,,,,,,,,,,,,
TMEM179B,,,,,,,,,,,,
NXF1,,,,,,,,,,,,
STX5,,,,,,,,,,,,
WDR74,,,,,,,,,,,,
SLC3A2,,,,,,,,,,,,
PLAAT3,,,,,,,,,,,,
ATL3,,,,,,,,,,,,
RTN3,,,,,,,,,,,,
ZFTA,,,,,,,,,,,,
SPINDOC,,,,,,,,,,,,
MARK2,,,,,,,,,,,,
NAA40,,,,,,,,,,,,
COX8A,,,,,,,,,,,,
OTUB1,,,,,,,,,,,,
MACROD1,,,,-0.991034854623993,-0.3304676068453648,-0.6607512307346789,,,,,,
STIP1,0.0903453472538762,0.2919429648150043,0.19114415603444027,,,,0.10229560864571452,0.47619671379792217,0.28924616122181834,,,
TRPT1,,,,,,,,,,,,
NUDT22,,,,,,,,,,,,
DNAJC4,,,,,,,,,,,,
VEGFB,,,,,,,,,,,,
FKBP2,,,,,,,,,,,,
PPP1R14B,,,,,,,,,,,,
PLCB3,,,,,,,,,,,,
BAD,,,,,,,,,,,,
GPR137,,,,,,,,,,,,
ESRRA,,,,,,,,,,,,
TRMT112,,,,,,,,,,,,
PRDX5,,,,,,,,,,,,
RASGRP2,,,,,,,,,,,,
SF1,0.07480710579969198,0.3707319646815864,0.2227695352406392,,,,,,,,,
MEN1,,,,,,,,,,,,
EHD1,,,,,,,,,,,,
ATG2A,,,,,,,,,,,,
ARL2,,,,,,,,,,,,
SNX15,,,,,,,,,,,,
SAC3D1,,,,,,,,,,,,
CDCA5,,,,,,,,,,,,
ZFPL1,,,,,,,,,,,,
TMEM262,,,,-0.7749960438674032,-0.7749960438674032,-0.7749960438674032,,,,,,
VPS51,,,,,,,,,,,,
TM7SF2,,,,,,,,,,,,
ZNHIT2,,,,,,,,,,,,
FAU,,,,,,,,,,,,
SYVN1,,,,,,,,,,,,
MRPL49,,,,,,,,,,,,
CAPN1,,,,,,,,,,,,
POLA2,,,,,,,,,,,,
CDC42EP2,,,,,,,,,,,,
DPF2,,,,,,,,,,,,
FRMD8,,,,,,,,,,,,
SCYL1,,,,,,,,,,,,
LTBP3,,,,,,,,,,,,
ZNRD2,,,,,,,,,,,,
FAM89B,,,,,,,,,,,,
MAP3K11,,,,,,,,,,,,
PCNX3,,,,,,,,,,,,
RELA,,,,,,,,,,,,
KAT5,,,,,,,,,,,,
RNASEH2C,,,,,,,,,,,,
AP5B1,,,,,,,,,,,,
CFL1,,,,,,,,,,,,
MUS81,,,,,,,,,,,,
FIBP,,,,,,,,,,,,
CCDC85B,,,,,,,,,,,,
C11orf68,,,,,,,,,,,,
DRAP1,,,,,,,,,,,,
SART1,,,,,,,,,,,,
EIF1AD,,,,,,,,,,,,
BANF1,,,,,,,,,,,,
SF3B2,0.046029076787471535,0.3090174764359783,0.17752327661172493,,,,,,,,,
PACS1,,,,,,,,,,,,
KLC2,,,,,,,,,,,,
RAB1B,,,,,,,,,,,,
YIF1A,,,,,,,,,,,,
BRMS1,,,,,,,,,,,,
B4GAT1,,,,,,,,,,,,
SLC29A2,,,,-0.8072368857425555,-0.8072368857425555,-0.8072368857425555,,,,,,
MRPL11,,,,,,,,,,,,
DPP3,,,,,,,,,,,,
BBS1,,,,,,,,,,,,
ZDHHC24,,,,,,,,,,,,
CCS,,,,,,,,,,,,
RBM14,,,,,,,,,,,,
RBM4,,,,,,,,,,,,
RBM4B,,,,,,,,,,,,
SPTBN2,,,,-0.9817395462434783,-0.3505371479193763,-0.6661383470814273,,,,,,
C11orf80,,,,,,,,,,,,
RCE1,,,,,,,,,,,,
PC,,,,,,,,,,,,
LRFN4,,,,,,,,,,,,
KDM2A,,,,,,,,,,,,
GRK2,,,,,,,,,,,,
ANKRD13D,,,,,,,,,,,,
RAD9A,,,,,,,,,,,,
POLD4,,,,,,,,,,,,
PPP1CA,,,,,,,,,,,,
RPS6KB2,,,,,,,,,,,,
CORO1B,,,,,,,,,,,,
TMEM134,,,,,,,,,,,,
AIP,,,,,,,,,,,,
CDK2AP2,,,,,,,,,,,,
GSTP1,,,,,,,,,,,,
NDUFV1,,,,,,,,,,,,
NUDT8,,,,,,,,,,,,
NDUFS8,,,,,,,,,,,,
CHKA,,,,,,,,,,,,
KMT5B,0.07557786413406126,0.3014891306751338,0.18853349740459752,,,,,,,,,
C11orf24,,,,,,,,,,,,
LRP5,,,,,,,,,,,,
PPP6R3,,,,,,,,,,,,
GAL,,,,,,,,,,,,
TESMIN,,,,,,,,,,,,
CPT1A,,,,,,,,,,,,
MRPL21,,,,,,,,,,,,
IGHMBP2,,,,,,,,,,,,
TPCN2,,,,,,,,,,,,
CCND1,0.08585873345298647,0.2752246487951482,0.18054169112406732,,,,,,,,,
LTO1,,,,,,,,,,,,
FADD,,,,,,,,,,,,
PPFIA1,0.06162707716102381,0.35075514168983435,0.20619110942542906,,,,,,,,,
CTTN,,,,,,,,,,,,
SHANK2,,,,,,,,,,,,
DHCR7,,,,,,,,,,,,
NADSYN1,,,,,,,,,,,,
XNDC1N,,,,,,,,,,,,
RNF121,,,,,,,,,,,,
NUMA1,,,,-0.993327775784464,-0.3465980575981898,-0.6699629166913269,,,,,,
LAMTOR1,,,,,,,,,,,,
ANAPC15,,,,,,,,,,,,
INPPL1,,,,,,,,,,,,
CLPB,,,,,,,,,,,,
ARAP1,,,,,,,,,,,,
STARD10,,,,,,,,,,,,
FCHSD2,,,,-0.9878883779019347,-0.34652925821276304,-0.6672088180573489,,,,,,
RELT,,,,,,,,,,,,
FAM168A,,,,,,,,,,,,
RAB6A,,,,,,,,,,,,
MRPL48,,,,,,,,,,,,
COA4,,,,,,,,,,,,
PAAF1,,,,,,,,,,,,
UCP2,,,,,,,,,,,,
C2CD3,,,,,,,,,,,,
PPME1,,,,,,,,,,,,
PGM2L1,,,,,,,,,,,,
LIPT2,,,,,,,,,,,,
POLD3,,,,,,,,,,,,
RNF169,,,,,,,,,,,,
XRRA1,,,,,,,,,,,,
SPCS2,,,,,,,,,,,,
NEU3,,,,,,,,,,,,
ARRB1,,,,,,,,,,,,
RPS3,,,,,,,,,,,,
SERPINH1,,,,,,,,,,,,
DGAT2,,,,,,,,,,,,
UVRAG,,,,,,,,,,,,
THAP12,0.05519747427808806,0.34280538653374554,0.1990014304059168,,,,,,,,,
EMSY,,,,,,,,,,,,
ACER3,0.02322463418657246,0.28512807449873817,0.1541763543426553,,,,,,,,,
PAK1,,,,,,,,,,,,
CLNS1A,-0.01577550184638483,0.3624088574534946,0.1733166778035549,,,,,,,,,
AQP11,,,,,,,,,,,,
RSF1,,,,,,,,,,,,
AAMDC,,,,,,,,,,,,
INTS4,,,,,,,,,,,,
NDUFC2,,,,,,,,,,,,
ALG8,,,,,,,,,,,,
GAB2,,,,,,,,,,,,
NARS2,,,,,,,,,,,,
TENM4,,,,,,,,,,,,
PRCP,,,,,,,,,,,,
DDIAS,,,,,,,,,,,,
RAB30,,,,,,,,,,,,
PCF11,,,,,,,,,,,,
ANKRD42,,,,,,,,,,,,
CCDC90B,,,,,,,,,,,,
DLG2,,,,,,,,,,,,
TMEM126B,,,,,,,,,,,,
TMEM126A,,,,,,,,,,,,
CREBZF,,,,,,,,,,,,
PICALM,,,,,,,,,,,,
EED,,,,,,,,,,,,
HIKESHI,,,,,,,,,,,,
PRSS23,,,,,,,,,,,,
TMEM135,,,,,,,,,,,,
RAB38,,,,,,,,,,,,
CTSC,,,,,,,,,,,,
CHORDC1,0.013392398627851309,0.21796495059730867,0.11567867461257998,,,,,,,,,
FAT3,,,,,,,,,,,,
SLC36A4,,,,,,,,,,,,
SMCO4,,,,,,,,,,,,
CEP295,,,,,,,,,,,,
TAF1D,,,,,,,,,,,,
C11orf54,,,,,,,,,,,,
MED17,,,,,,,,,,,,
MRE11,,,,,,,,,,,,
ANKRD49,,,,,,,,,,,,
AMOTL1,0.07050164795791172,0.32128130800132193,0.1958914779796168,,,,,,,,,
CWC15,,,,,,,,,,,,
KDM4D,,,,,,,,,,,,
SRSF8,,,,,,,,,,,,
ENDOD1,,,,,,,,,,,,
SESN3,,,,,,,,,,,,
FAM76B,,,,,,,,,,,,
CEP57,,,,,,,,,,,,
MTMR2,,,,,,,,,,,,
MAML2,,,,,,,,,,,,
CCDC82,,,,,,,,,,,,
JRKL,,,,,,,,,,,,
ARHGAP42,,,,,,,,,,,,
CEP126,,,,,,,,,,,,
CFAP300,,,,,,,,,,,,
YAP1,,,,,,,,,,,,
BIRC2,,,,,,,,,,,,
TMEM123,0.04334330939464564,0.3129997083662491,0.17817150888044736,,,,,,,,,
DCUN1D5,,,,,,,,,,,,
DYNC2H1,0.03643245430847142,0.28470902107722135,0.16057073769284638,,,,,,,0.03278361479397543,0.4143562278345648,0.22356992131427011
MSANTD4,,,,,,,,,,,,
KBTBD3,,,,,,,,,,,,
AASDHPPT,0.11000565710493962,0.334963329242239,0.22248449317358931,,,,,,,0.05164136263999814,0.37219097299648946,0.2119161678182438
GUCY1A2,,,,,,,,,,,,
CWF19L2,,,,,,,,,,,,
ALKBH8,0.14394552484908266,0.36915717880400956,0.2565513518265461,,,,,,,0.15077565206159071,0.491393728957962,0.3210846905097764
ELMOD1,,,,,,,,,,,,
SLC35F2,,,,,,,,,,,,
RAB39A,,,,,,,,,,,,
CUL5,,,,,,,,,,,,
ACAT1,0.11742153707451496,0.38383400876647555,0.25062777292049526,,,,,,,,,
NPAT,,,,,,,,,,,,
ATM,,,,,,,,,,,,
C11orf65,,,,,,,,,,,,
POGLUT3,,,,,,,,,,,,
EXPH5,,,,,,,,,,,,
DDX10,0.02472428044531388,0.3032905971348685,0.1640074387900912,,,,,,,,,
RDX,,,,,,,,,,,,
ZC3H12C,,,,,,,,,,,,
FDX1,,,,,,,,,,,,
ARHGAP20,,,,,,,,,,,,
LAYN,,,,,,,,,,,,
SIK2,,,,,,,,,,,,
PPP2R1B,,,,,,,,,,,,
ALG9,,,,,,,,,,,,
FDXACB1,,,,,,,-0.12708061535595036,-0.029027787966288417,-0.07805420166111939,,,
CFAP68,,,,,,,,,,,,
DIXDC1,,,,,,,,,,,,
DLAT,,,,,,,,,,,,
PIH1D2,,,,,,,,,,,,
NKAPD1,,,,,,,,,,,,
TIMM8B,,,,,,,,,,,,
SDHD,,,,,,,,,,,,
PTS,,,,,,,,,,,,
NCAM1,,,,,,,,,,,,
TTC12,,,,,,,,,,,,
ZW10,,,,,,,,,,,,
USP28,,,,,,,,,,,,
ZBTB16,,,,,,,,,,,,
C11orf71,,,,,,,,,,,,
RBM7,,,,,,,,,,,,
REXO2,,,,,,,,,,,,
CADM1,,,,,,,,,,,,
BUD13,,,,,,,,,,,,
ZPR1,,,,,,,,,,,,
SIK3,,,,,,,,,,,,
PAFAH1B2,,,,,,,,,,,,
SIDT2,,,,,,,,,,,,
PCSK7,,,,,,,,,,,,
RNF214,0.02898778964130646,0.2791529318575476,0.154070360749427,,,,,,,,,
BACE1,,,,-0.7214564559226627,-0.7214564559226627,-0.7214564559226627,,,,,,
CEP164,,,,,,,,,,,,
FXYD6,,,,,,,,,,,,
UBE4A,,,,,,,,,,,,
ATP5MG,,,,,,,,,,,,
KMT2A,,,,,,,,,,,,
IFT46,,,,,,,,,,,,
ARCN1,0.09429399829691758,0.35827092717344466,0.22628246273518113,,,,,,,,,
PHLDB1,,,,-0.7954140526336749,-0.7954140526336749,-0.7954140526336749,,,,,,
DDX6,0.013675472786440731,0.2816626198093198,0.14766904629788025,,,,,,,,,
BCL9L,,,,,,,,,,,,
CENATAC,,,,,,,,,,,,
RPS25,,,,,,,,,,,,
TRAPPC4,,,,,,,,,,,,
SLC37A4,,,,,,,,,,,,
HYOU1,,,,,,,,,,,,
VPS11,,,,-0.7780256367048407,-0.7780256367048407,-0.7780256367048407,,,,,,
HMBS,,,,,,,,,,,,
DPAGT1,,,,,,,,,,,,
HINFP,,,,,,,,,,,,
NLRX1,,,,-0.9669245992403979,-0.22883682420411955,-0.5978807117222587,,,,,,
CBL,0.08894943125816786,0.3176441941937314,0.20329681272594963,,,,,,,,,
RNF26,,,,,,,,,,,,
USP2,,,,,,,,,,,,
NECTIN1,,,,,,,,,,,,
OAF,,,,,,,,,,,,
POU2F3,,,,,,,,,,,,
TLCD5,,,,,,,,,,,,
ARHGEF12,,,,,,,,,,,,
GRIK4,,,,,,,,,,,,
TBCEL,,,,,,,,,,,,
SC5D,,,,,,,,,,,,
SORL1,,,,,,,,,,,,
UBASH3B,,,,,,,,,,,,
JHY,,,,,,,,,,,,
HSPA8,0.10926140175844418,0.28679274074604205,0.19802707125224311,,,,,,,0.030505003112369172,0.3002052501131685,0.16535512661276885
CLMP,,,,,,,,,,,,
GRAMD1B,,,,,,,,,,,,
ZNF202,,,,,,,,,,,,
TBRG1,,,,,,,,,,,,
SPA17,,,,,,,,,,,,
NRGN,,,,,,,,,,,,
MSANTD2,,,,-0.9873431924360713,-0.29650235560982097,-0.6419227740229461,,,,,,
CCDC15,,,,,,,,,,,,
TMEM218,,,,,,,,,,,,
PKNOX2,,,,,,,,,,,,
FEZ1,,,,,,,,,,,,
EI24,,,,,,,,,,,,
STT3A,,,,,,,,,,,,
CHEK1,,,,,,,,,,,,
PUS3,,,,,,,,,,,,
CDON,,,,,,,,,,,,
RPUSD4,,,,,,,,,,,,
FAM118B,,,,,,,,,,,,
SRPRA,,,,,,,,,,,,
FOXRED1,,,,,,,,,,,,
TIRAP,,,,,,,,,,,,
DCPS,,,,,,,,,,,,
ST3GAL4,,,,,,,,,,,,
FLI1,,,,,,,,,,,,
ARHGAP32,0.03349789957535068,0.24226477626371257,0.1378813379195316,,,,,,,,,
BARX2,,,,,,,,,,,,
NFRKB,,,,,,,,,,,,
PRDM10,,,,,,,,,,,,
APLP2,0.06278366115395413,0.27164189310658216,0.16721277713026814,,,,,,,,,
ZBTB44,,,,,,,,,,,,
JAM3,,,,,,,,,,,,
NCAPD3,0.028131446878946628,0.36033515704763724,0.19423330196329194,,,,,,,,,
VPS26B,,,,,,,,,,,,
THYN1,,,,,,,,,,,,
ACAD8,,,,,,,,,,,,
GLB1L2,,,,,,,,,,,,
KDM5A,,,,,,,,,,,,
CCDC77,,,,,,,,,,,,
B4GALNT3,,,,,,,,,,,,
WNK1,,,,,,,,,,,,
RAD52,,,,,,,,,,,,
ERC1,,,,,,,,,,,,
WNT5B,,,,,,,,,,,,
FBXL14,,,,,,,,,,,,
ADIPOR2,,,,,,,,,,,,
DCP1B,,,,,,,,,,,,
CACNA1C,,,,,,,,,,,,
FKBP4,0.028776363820696677,0.307427037032445,0.16810170042657085,,,,,,,,,
ITFG2,,,,,,,,,,,,
FOXM1,,,,,,,,,,,,
RHNO1,,,,,,,,,,,,
TULP3,,,,,,,,,,,,
TEAD4,,,,,,,,,,,,
TSPAN9,,,,,,,,,,,,
CRACR2A,,,,,,,,,,,,
PARP11,,,,,,,,,,,,
CCND2,,,,,,,,,,,,
TIGAR,,,,,,,,,,,,
FGF23,,,,,,,,,,-0.1300658963115452,-0.02372289259768606,-0.07689439445461563
C12orf4,0.06658777280445997,0.27183380350951236,0.16921078815698617,,,,,,,,,
RAD51AP1,,,,,,,,,,,,
DYRK4,,,,,,,,,,,,
NDUFA9,,,,,,,,,,,,
CD9,,,,,,,,,,,,
TNFRSF1A,,,,,,,,,,,,
MRPL51,,,,,,,,,,,,
NCAPD2,,,,,,,,,,,,
GAPDH,,,,,,,,,,,,
IFFO1,,,,,,,,,,,,
NOP2,0.06960710898307776,0.33262219544969746,0.2011146522163876,,,,,,,,,
CHD4,0.11963116098497253,0.40339863759916933,0.26151489929207095,,,,,,,,,
ING4,,,,,,,,,,,,
ZNF384,,,,,,,,,,,,
COPS7A,,,,,,,,,,,,
MLF2,,,,,,,,,,,,
PTMS,,,,,,,,,,,,
P3H3,,,,,,,,,,,,
CDCA3,,,,,,,,,,,,
USP5,,,,,,,,,,,,
TPI1,,,,,,,,,,,,
LRRC23,,,,,,,,,,,,
ATN1,,,,,,,,,,,,
C12orf57,,,,,,,,,,,,
PHB2,,,,,,,,,,,,
EMG1,0.05812240826074705,0.2910978574502236,0.17461013285548532,,,,,,,,,
LPCAT3,,,,,,,,,,,,
C1S,,,,,,,,,,,,
PEX5,,,,-0.8506314390801143,-0.8506314390801143,-0.8506314390801143,,,,,,
NECAP1,,,,,,,,,,,,
RIMKLB,,,,,,,,,,,,
PHC1,,,,,,,,,,,,
M6PR,,,,,,,,,,,,
KLRG1,,,,,,,,,,,,
CLEC2D,,,,,,,,,,,,
GABARAPL1,,,,,,,,,,,,
MAGOHB,,,,,,,,,,,,
YBX3,,,,,,,,,,,,
PRH1,0.051622255666445786,0.2776102393165949,0.16461624749152035,,,,,,,,,
SMIM10L1,,,,,,,,,,,,
ETV6,,,,,,,,,,,,
BCL2L14,,,,,,,,,,,,
LRP6,,,,,,,,,,,,
BORCS5,,,,,,,,,,,,
DUSP16,,,,,,,,,,,,
CREBL2,,,,,,,,,,,,
CDKN1B,,,,,,,,,,,,
APOLD1,,,,,,,,,,,,
HEBP1,,,,,,,,,,,,
FAM234B,,,,,,,,,,,,
ATF7IP,0.09933631462438146,0.3030730792325893,0.2012046969284854,,,,,,,,,
WBP11,0.08084651306491399,0.34913580982038434,0.21499116144264915,,,,,,,,,
RERG,,,,,,,,,,,,
EPS8,,,,-0.9880159255439143,-0.3115179178980482,-0.6497669217209813,,,,,,
STRAP,,,,,,,,,,,,
DERA,,,,,,,,,,,,
MGST1,,,,,,,,,,,,
PLEKHA5,,,,,,,,,,,,
AEBP2,,,,,,,,,,,,
PDE3A,,,,-0.9662075316956635,-0.19973872705842546,-0.5829731293770445,,,,,,
PYROXD1,,,,,,,,,,,,
RECQL,,,,,,,,,,,,
GOLT1B,,,,,,,,,,,,
LDHB,,,,,,,,,,,,
KCNJ8,,,,,,,,,,,,
CMAS,0.08297859303386498,0.32419922252494227,0.20358890777940364,,,,,,,,,
C2CD5,,,,,,,,,,,,
ETNK1,,,,,,,,,,,,
SOX5,,,,,,,,,,,,
BCAT1,,,,,,,,,,,,
ETFRF1,,,,,,,,,,,,
KRAS,,,,,,,,,,,,
RASSF8,0.10290332118890427,0.3249598725857236,0.21393159688731395,,,,,,,,,
SSPN,,,,,,,,,,,,
ITPR2,0.08610933668300479,0.2975931275831233,0.19185123213306404,,,,,,,0.051664546087686176,0.4164820597861088,0.2340733029368975
INTS13,0.055911001003773164,0.29775194263338395,0.17683147181857856,,,,,,,,,
FGFR1OP2,,,,,,,,,,,,
TM7SF3,,,,,,,,,,,,
MED21,,,,,,,,,,,,
STK38L,0.04855786920199706,0.28214783993149745,0.16535285456674725,,,,,,,,,
BMAL2,,,,,,,,,,,,
PPFIBP1,,,,,,,,,,,,
MRPS35,,,,,,,,,,,,
KLHL42,,,,,,,,,,,,
CCDC91,,,,,,,,,,,,
FAR2,0.07878017677517866,0.28623903567403214,0.1825096062246054,,,,0.13169880027396058,0.7310106848896644,0.4313547425818125,,,
ERGIC2,,,,,,,,,,,,
TMTC1,,,,,,,,,,,,
IPO8,0.11161190429886408,0.34889120693649983,0.23025155561768196,,,,,,,0.06232826425123664,0.36024921389150877,0.2112887390713727
CAPRIN2,,,,,,,,,,,,
DDX11,,,,,,,,,,,,
SINHCAF,0.0522717727138536,0.3091692677291028,0.1807205202214782,,,,,,,,,
DENND5B,,,,,,,,,,,,
AMN1,,,,,,,,,,,,
RESF1,,,,,,,,,,,,
BICD1,,,,,,,,,,,,
FGD4,,,,,,,,,,,,
DNM1L,0.10852184138144018,0.379471730855062,0.24399678611825107,,,,,,,,,
YARS2,,,,,,,,,,,,
PKP2,,,,,,,,,,,,
CPNE8,,,,,,,,,,,,
KIF21A,0.06534916952617975,0.31913788381686325,0.1922435266715215,,,,,,,,,
C12orf40,,,,,,,,,,,,
SLC2A13,,,,,,,,,,,,
CNTN1,,,,,,,,,,,,
GXYLT1,0.06669977934828808,0.3110219666854345,0.1888608730168613,,,,,,,0.06704031779060779,0.3984203508922275,0.23273033434141766
YAF2,,,,,,,,,,,,
PPHLN1,,,,,,,,,,,,
ZCRB1,,,,,,,,,,,,
PRICKLE1,,,,,,,,,,,,
ADAMTS20,,,,,,,,,,,,
PUS7L,0.051243000948222935,0.2900535942775557,0.17064829761288933,,,,,,,,,
IRAK4,,,,-0.7442244944963375,-0.7442244944963375,-0.7442244944963375,,,,,,
TWF1,0.07121468633166547,0.3118461702222475,0.1915304282769565,,,,,,,,,
TMEM117,,,,,,,,,,,,
NELL2,,,,,,,,,,,,
ANO6,,,,,,,,,,,,
ARID2,,,,,,,,,,,,
SCAF11,0.1400650754654561,0.4445926736747178,0.29232887457008694,,,,,,,,,
SLC38A1,0.07156592295328905,0.29744890536734486,0.18450741416031696,,,,,,,,,
SLC38A2,,,,,,,,,,,,
RPAP3,,,,,,,,,,,,
SLC48A1,-0.07551967018664851,-0.0029237053776249564,-0.039221687782136735,-0.9697751725633734,-0.19706322379669503,-0.5834191981800342,,,,,,
HDAC7,,,,,,,,,,,,
TMEM106C,,,,,,,,,,,,
COL2A1,,,,,,,,,,,,
SENP1,,,,,,,,,,,,
PFKM,0.044246880605979595,0.3032103119279646,0.1737285962669721,,,,,,,,,
ASB8,,,,,,,,,,,,
KANSL2,,,,,,,,,,,,
CCNT1,,,,,,,,,,,,
ADCY6,,,,,,,,,,,,
DDX23,0.08719722601243118,0.3269909650751192,0.2070940955437752,,,,,,,0.07999405369846324,0.45923707488033166,0.2696155642893975
CCDC65,,,,,,,,,,,,
FKBP11,,,,-0.8141930437910938,-0.8141930437910938,-0.8141930437910938,,,,,,
ARF3,,,,,,,,,,,,
PRKAG1,,,,,,,,,,,,
KMT2D,,,,,,,,,,,,
LMBR1L,,,,,,,,,,,,
TUBA1B,,,,,,,,,,,,
TUBA1A,,,,,,,,,,,,
TUBA1C,,,,,,,,,,,,
TROAP,,,,,,,,,,,,
SPATS2,,,,,,,,,,,,
MCRS1,,,,,,,,,,,,
PRPF40B,,,,,,,,,,,,
FMNL3,,,,,,,,,,,,
TMBIM6,,,,,,,,,,,,
NCKAP5L,,,,,,,,,,,,
BCDIN3D,,,,,,,,,,,,
RACGAP1,,,,,,,,,,,,
ASIC1,,,,,,,,,,,,
SMARCD1,,,,,,,,,,,,
COX14,,,,,,,,,,,,
CERS5,0.08296379909754172,0.3298039781594242,0.20638388862848295,,,,,,,0.037291946018090716,0.4568236549267908,0.24705780047244075
LIMA1,,,,,,,,,,,,
LARP4,0.08115370998720718,0.348307049497762,0.21473037974248457,,,,,,,,,
DIP2B,0.0621322411192719,0.2905285855292217,0.1763304133242468,,,,,,,,,
ATF1,,,,,,,,,,,,
METTL7A,,,,,,,,,,,,
SLC11A2,,,,,,,,,,,,
LETMD1,,,,,,,,,,,,
CSRNP2,,,,,,,,,,,,
TFCP2,,,,,,,,,,,,
DAZAP2,,,,,,,,,,,,
GALNT6,,,,,,,,,,,,
SCN8A,,,,,,,,,,,,
ACVR1B,,,,,,,,,,,,
ATG101,,,,,,,,,,,,
KRT8,,,,,,,,,,,,
KRT18,,,,,,,,,,,,
EIF4B,,,,,,,,,,,,
CSAD,,,,,,,,,,,,
ZNF740,,,,,,,,,,,,
MFSD5,,,,-0.7361780309681387,-0.7361780309681387,-0.7361780309681387,,,,,,
ESPL1,,,,,,,,,,,,
PFDN5,,,,,,,,,,,,
MYG1,,,,,,,,,,,,
AAAS,,,,,,,,,,,,
SP1,,,,,,,,,,,,
PRR13,,,,,,,,,,,,
PCBP2,,,,,,,,,,,,
MAP3K12,,,,,,,,,,,,
TARBP2,,,,,,,,,,,,
ATF7,,,,,,,,,,,,
ATP5MC2,,,,,,,,,,,,
HOXC10,,,,,,,,,,,,
HOXC6,,,,,,,,,,,,
HOXC9,,,,,,,,,,,,
HOXC8,,,,,,,,,,,,
HOXC4,,,,,,,,,,,,
SMUG1,,,,,,,,,,,,
CBX5,,,,,,,,,,,,
HNRNPA1,0.2166120507433082,0.3865344770440132,0.3015732638936607,,,,0.12414257916871092,0.3841509054406577,0.2541467423046843,0.1497167055572872,0.406374055093312,0.2780453803252996
COPZ1,,,,,,,,,,,,
ZNF385A,,,,,,,,,,,,
ITGA5,,,,,,,,,,,,
PPP1R1A,-0.17413593379650014,-0.023664570171592486,-0.09890025198404631,,,,,,,-0.24340382592653328,-0.060555782073244524,-0.15197980399988892
BLOC1S1,,,,,,,,,,,,
CD63,,,,,,,,,,,,
GDF11,,,,,,,,,,,,
SARNP,,,,,,,,,,,,
ORMDL2,,,,,,,,,,,,
DNAJC14,,,,,,,,,,,,
PYM1,,,,,,,,,,,,
CDK2,,,,,,,,,,,,
RAB5B,,,,,,,,,,,,
RPS26,,,,,,,,,,,,
PA2G4,,,,,,,,,,,,
RPL41,,,,,,,,,,,,
ESYT1,,,,,,,,,,,,
MYL6B,,,,,,,,,,,,
MYL6,,,,,,,,,,,,
SMARCC2,,,,-0.9841621028377575,-0.24542581487483853,-0.6147939588562981,,,,,,
RNF41,,,,,,,,,,,,
NABP2,,,,,,,,,,,,
ANKRD52,,,,,,,,,,,,
COQ10A,,,,-0.7661680498910592,-0.7661680498910592,-0.7661680498910592,,,,,,
CS,,,,,,,,,,,,
CNPY2,,,,,,,,,,,,
STAT2,,,,,,,,,,,,
TIMELESS,,,,,,,,,,,,
SPRYD4,,,,,,,,,,,,
RBMS2,,,,,,,,,,,,
BAZ2A,,,,,,,,,,,,
ATP5F1B,,,,,,,,,,,,
PTGES3,0.20404888276650363,0.40228069983041503,0.3031647912984593,,,,,,,,,
NACA,,,,,,,,,,,,
PRIM1,,,,,,,,,,,,
ZBTB39,,,,,,,,,,,,
NEMP1,,,,,,,,,,,,
STAT6,,,,-0.9856933175241899,-0.31807587839650825,-0.651884597960349,,,,,,
LRP1,,,,,,,,,,,,
SHMT2,,,,,,,,,,,,
R3HDM2,,,,,,,,,,,,
MARS1,,,,,,,,,,,,
MBD6,,,,,,,,,,,,
DCTN2,,,,,,,,,,,,
KIF5A,,,,,,,,,,,,
PIP4K2C,,,,-0.8141260378616979,-0.8141260378616979,-0.8141260378616979,,,,,,
OS9,,,,,,,,,,,,
TSPAN31,,,,,,,,,,,,
CDK4,,,,,,,,,,,,
MARCHF9,,,,,,,,,,,,
METTL1,,,,,,,,,,,,
EEF1AKMT3,,,,-0.7943698608940929,-0.7943698608940929,-0.7943698608940929,,,,,,
TSFM,,,,,,,,,,,,
CTDSP2,,,,,,,,,,,,
ATP23,,,,,,,,,,,,
LRIG3,,,,,,,,,,,,
TAFA2,,,,,,,,,,,,
USP15,0.06704028939404513,0.3699109216980986,0.21847560554607187,,,,,,,0.039034383650986215,0.5280491387182993,0.28354176118464275
MON2,,,,,,,,,,,,
PPM1H,,,,,,,,,,,,
RXYLT1,,,,,,,,,,,,
SRGAP1,,,,,,,,,,,,
KICS2,,,,,,,,,,,,
XPOT,,,,,,,,,,,,
TBK1,,,,,,,,,,,,
RASSF3,,,,,,,,,,,,
GNS,,,,,,,,,,,,
TBC1D30,,,,,,,,,,,,
LEMD3,,,,,,,,,,,,
MSRB3,,,,,,,,,,,,
HMGA2,,,,-0.9809059456092926,-0.22459278344402042,-0.6027493645266565,,,,,,
LLPH,,,,,,,,,,,,
TMBIM4,,,,,,,,,,,,
HELB,,,,,,,,,,,,
GRIP1,,,,,,,,,,,,
CAND1,0.08543831632988175,0.33458332279596614,0.21001081956292394,,,,0.10006892186109055,0.5520655721059368,0.32606724698351364,,,
DYRK2,0.06360026662918775,0.2656580294496612,0.16462914803942447,,,,,,,,,
MDM1,,,,,,,,,,,,
RAP1B,,,,,,,,,,,,
NUP107,0.06683980680075813,0.354557001434936,0.21069840411784707,,,,,,,,,
SLC35E3,,,,,,,,,,,,
MDM2,0.05228199309329077,0.3207326943192044,0.1865073437062476,,,,,,,,,
CPM,-0.21537071738523558,-0.0704487976985314,-0.1429097575418835,,,,-0.3760170495714773,-0.11413540115329725,-0.24507622536238727,,,
CPSF6,,,,,,,,,,,,
YEATS4,,,,,,,,,,,,
FRS2,,,,,,,,,,,,
CCT2,0.05584679289980864,0.34337550433893343,0.19961114861937104,,,,,,,,,
RAB3IP,,,,,,,,,,,,
CNOT2,,,,,,,,,,,,
KCNMB4,,,,,,,,,,,,
TSPAN8,-0.10203680408070806,-0.02822005104483434,-0.06512842756277121,-0.969739585963196,-0.13225849067314563,-0.5509990383181708,,,,-0.13869751797549099,-0.000664966839318736,-0.06968124240740486
LGR5,,,,,,,,,,,,
ZFC3H1,,,,,,,,,,,,
THAP2,,,,,,,,,,,,
TMEM19,,,,,,,,,,,,
RAB21,0.06089754929716586,0.3447838080875018,0.20284067869233383,,,,,,,,,
TBC1D15,,,,,,,,,,,,
TRHDE,,,,,,,,,,,,
ATXN7L3B,,,,,,,,,,,,
CAPS2,,,,,,,,,,,,
GLIPR1,,,,,,,,,,,,
KRR1,0.05156203139937901,0.32889376089802835,0.19022789614870367,,,,,,,0.06228248457556392,0.468508377980881,0.26539543127822246
NAP1L1,,,,,,,,,,,,
OSBPL8,0.09353233526256152,0.33048405419679877,0.21200819472968013,,,,,,,-0.010700657599554502,0.32646469619397445,0.15788201929720996
ZDHHC17,,,,,,,,,,,,
CSRP2,,,,,,,,,,,,
E2F7,,,,,,,,,,,,
SYT1,,,,-0.9746300950272038,-0.23159385168178973,-0.6031119733544967,,,,,,
PAWR,,,,,,,,,,,,
PPP1R12A,,,,,,,,,,,,
LIN7A,,,,,,,,,,,,
ACSS3,,,,,,,,,,,,
PPFIA2,,,,,,,,,,,,
CCDC59,,,,,,,,,,,,
METTL25,,,,,,,,,,,,
TMTC2,,,,-0.9781433043177125,-0.21901466013877174,-0.5985789822282421,,,,,,
SLC6A15,,,,,,,,,,,,
ALX1,,,,,,,,,,,,
MGAT4C,-0.09969026198740508,-0.014131895577394412,-0.056911078782399746,-0.9534131307501401,-0.10703727864775277,-0.5302252046989464,,,,,,
C12orf29,,,,,,,,,,,,
CEP290,0.13203866157029573,0.3343590212856494,0.2331988414279726,,,,,,,,,
TMTC3,,,,,,,,,,,,
KITLG,,,,,,,,,,,,
POC1B,,,,-0.9892068201770744,-0.29050318443889755,-0.639855002307986,,,,,,
ATP2B1,0.11783841727801841,0.3865076565021176,0.252173036890068,,,,,,,0.0031844616298510853,0.3809025329581286,0.19204349729398984
BTG1,,,,,,,,,,,,
EEA1,,,,,,,,,,,,
NUDT4,,,,,,,,,,,,
UBE2N,,,,,,,,,,,,
MRPL42,,,,,,,,,,,,
CRADD,,,,,,,,,,,,
CEP83,,,,,,,,,,,,
TMCC3,,,,,,,,,,,,
NDUFA12,,,,,,,,,,,,
NR2C1,,,,,,,,,,,,
FGD6,,,,,,,,,,,,
VEZT,,,,,,,,,,,,
METAP2,,,,,,,,,,,,
USP44,,,,,,,,,,,,
SNRPF,,,,,,,,,,,,
LTA4H,,,,,,,,,,,,
ELK3,,,,,,,,,,,,
CDK17,,,,,,,,,,,,
NEDD1,,,,,,,,,,,,
TMPO,,,,,,,,,,,,
SLC25A3,,,,,,,,,,,,
IKBIP,,,,,,,,,,,,
APAF1,,,,-0.9837234035377819,-0.2945011516612369,-0.6391122775995094,,,,,,
ANKS1B,,,,,,,,,,,,
BLTP3B,,,,-0.9889908247578468,-0.31611314227082987,-0.6525519835143383,,,,,,
ACTR6,,,,,,,,,,,,
DEPDC4,,,,,,,,,,,,
SCYL2,,,,,,,,,,,,
GAS2L3,0.05329192105645371,0.22754756335283738,0.14041974220464554,,,,,,,,,
ANO4,,,,,,,,,,,,
UTP20,0.05783645378270436,0.2889560805013737,0.17339626714203904,,,,,,,,,
ARL1,,,,,,,,,,,,
CHPT1,,,,,,,,,,,,
GNPTAB,,,,,,,,,,,,
WASHC3,,,,,,,,,,,,
NUP37,,,,,,,,,,,,
PARPBP,,,,,,,,,,,,
NT5DC3,,,,,,,,,,,,
HSP90B1,0.11521278252470148,0.24863111118644482,0.18192194685557314,,,,,,,0.06883416976914647,0.2891529022108161,0.17899353598998127
UQCC6,,,,,,,,,,,,
TDG,,,,,,,,,,,,
HCFC2,,,,,,,,,,,,
NFYB,,,,,,,,,,,,
TXNRD1,,,,,,,,,,,,
CHST11,-0.087226729226525,0.02835326550907,-0.0294367318587275,-0.9808291767638032,-0.3097811300914193,-0.6453051534276113,,,,,,
SLC41A2,,,,,,,,,,,,
NOPCHAP1,,,,,,,,,,,,
ALDH1L2,,,,,,,,,,,,
WASHC4,,,,,,,,,,,,
APPL2,,,,,,,,,,,,
C12orf75,,,,,,,,,,,,
NUAK1,,,,,,,,,,,,
CKAP4,,,,,,,,,,,,
POLR3B,0.09964996279292268,0.31244173961892313,0.2060458512059229,,,,,,,0.10941128517822511,0.46538113904168155,0.2873962121099533
RIC8B,,,,,,,,,,,,
TMEM263,,,,,,,,,,,,
MTERF2,,,,,,,,,,,,
CRY1,,,,,,,,,,,,
ABTB3,,,,,,,,,,,,
PWP1,0.07916131525165755,0.380051347900327,0.22960633157599228,,,,,,,0.032285034771618606,0.4777876191798027,0.25503632697571066
PRDM4,0.05377134086253827,0.25953366132159134,0.1566525010920648,,,,,,,,,
SART3,,,,,,,,,,,,
ISCU,,,,,,,,,,,,
CORO1C,,,,,,,,,,,,
SSH1,,,,,,,,,,,,
USP30,,,,,,,,,,,,
ALKBH2,,,,,,,,,,,,
UNG,,,,,,,,,,,,
ACACB,,,,,,,,,,,,
KCTD10,,,,,,,,,,,,
UBE3B,,,,,,,,,,,,
MMAB,,,,,,,,,,,,
MVK,,,,,,,,,,,,
FAM222A,,,,,,,,,,,,
GLTP,,,,,,,,,,,,
TCHP,,,,,,,,,,,,
GIT2,,,,,,,,,,,,
ANKRD13A,,,,,,,,,,,,
C12orf76,,,,,,,,,,,,
IFT81,0.07755706774151581,0.3107428977873692,0.1941499827644425,,,,,,,,,
ATP2A2,,,,,,,,,,,,
ANAPC7,,,,,,,,,,,,
ARPC3,,,,,,,,,,,,
GPN3,,,,,,,,,,,,
FAM216A,,,,,,,,,,,,
VPS29,,,,,,,,,,,,
PPTC7,,,,,,,,,,,,
TCTN1,,,,,,,,,,,,
PPP1CC,0.1068910197018749,0.39005178960738823,0.24847140465463158,,,,,,,0.07279756788755841,0.4469745344410194,0.2598860511642889
CUX2,,,,-0.9679934925227983,-0.18176911387022424,-0.5748813031965113,,,,,,
SH2B3,,,,,,,,,,,,
ATXN2,,,,,,,,,,,,
BRAP,,,,,,,,,,,,
ACAD10,,,,,,,,,,,,
ALDH2,,,,,,,,,,,,
MAPKAPK5,,,,,,,,,,,,
TMEM116,,,,,,,,,,,,
ERP29,,,,,,,,,,,,
NAA25,,,,,,,,,,,,
TRAFD1,,,,,,,,,,,,
HECTD4,,,,,,,,,,,,
RPL6,,,,,,,,,,,,
PTPN11,0.0648264258248476,0.30463596618422456,0.18473119600453608,,,,,,,0.020468368113455464,0.34046582125384894,0.1804670946836522
DDX54,,,,,,,,,,,,
RITA1,,,,,,,,,,,,
TPCN1,,,,,,,,,,,,
PLBD2,,,,,,,,,,,,
RBM19,,,,,,,,,,,,
TBX3,,,,,,,,,,,,
MED13L,,,,,,,,,,,,
SPRING1,,,,,,,,,,,,
RNFT2,,,,,,,,,,,,
HRK,,,,,,,,,,,,
FBXW8,,,,,,,,,,,,
TESC,,,,,,,,,,-0.10816378684826584,-0.005940829710814468,-0.05705230827954016
FBXO21,,,,,,,,,,,,
KSR2,,,,,,,,,,,,
RFC5,,,,,,,,,,,,
WSB2,-0.3738120958130056,-0.09283914827941395,-0.23332562204620977,,,,,,,,,
VSIG10,,,,,,,,,,,,
PEBP1,,,,,,,,,,,,
TAOK3,,,,,,,,,,,,
SUDS3,,,,,,,,,,,,
PRKAB1,,,,,,,,,,,,
CIT,,,,,,,,,,,,
RAB35,,,,,,,,,,,,
GCN1,,,,,,,,,,,,
RPLP0,,,,,,,,,,,,
PXN,,,,,,,,,,,,
MSI1,,,,,,,,,,,,
COX6A1,,,,,,,,,,,,
TRIAP1,,,,,,,,,,,,
GATC,,,,,,,,,,,,
SRSF9,,,,,,,,,,,,
DYNLL1,,,,,,,,,,,,
COQ5,,,,,,,,,,,,
RNF10,0.052919972050515095,0.2952110721973895,0.1740655221239523,,,,,,,,,
POP5,,,,,,,,,,,,
MLEC,0.13064017078671106,0.34324958108101905,0.23694487593386504,,,,,,,,,
UNC119B,,,,,,,,,,,,
SPPL3,,,,,,,,,,,,
C12orf43,,,,,,,,,,,,
P2RX4,,,,,,,,,,,,
CAMKK2,,,,,,,,,,,,
ANAPC5,,,,,,,,,,,,
RNF34,,,,,,,,,,,,
KDM2B,,,,,,,,,,,,
ORAI1,,,,,,,,,,,,
TMEM120B,,,,,,,,,,,,
RHOF,,,,,,,,,,,,
SETD1B,0.051874048947170716,0.2901145059902952,0.17099427746873297,,,,,,,,,
PSMD9,,,,,,,,,,,,
CFAP251,-0.09721755929418356,-0.013079013762226798,-0.05514828652820518,,,,,,,,,
BCL7A,0.03934203995451572,0.3267028961416747,0.18302246804809522,,,,,,,,,
MLXIP,,,,,,,,,,,,
VPS33A,,,,,,,,,,,,
CLIP1,,,,,,,,,,,,
ZCCHC8,,,,,,,,,,,,
RSRC2,,,,,,,,,,,,
KNTC1,,,,,,,,,,,,
DENR,,,,,,,,,,,,
HIP1R,,,,,,,,,,,,
VPS37B,,,,,,,,,,,,
ABCB9,,,,,,,,,,,,
ARL6IP4,,,,,,,,,,,,
PITPNM2,,,,,,,,,,,,
MPHOSPH9,,,,,,,,,,,,
MTRFR,,,,-0.9815315043419905,-0.2604566943662738,-0.6209940993541322,,,,,,
CDK2AP1,,,,,,,,,,,,
SBNO1,,,,,,,,,,,,
KMT5A,,,,,,,,,,,,
RILPL2,,,,,,,,,,,,
SNRNP35,,,,,,,,,,,,
RILPL1,,,,,,,,,,,,
TMED2,,,,,,,,,,,,
DDX55,,,,,,,,,,,,
EIF2B1,,,,,,,,,,,,
GTF2H3,,,,,,,,,,,,
TCTN2,,,,,,,,,,,,
ATP6V0A2,,,,,,,,,,,,
CCDC92,,,,,,,,,,,,
ZNF664,0.09646170991651537,0.3355325382276104,0.2159971240720629,,,,,,,,,
NCOR2,0.1259620666887338,0.33856123271187993,0.23226164970030688,,,,,,,0.0652502959594748,0.37324358691403,0.21924694143675239
SCARB1,,,,,,,,,,,,
UBC,,,,,,,,,,,,
DHX37,0.06964915120204868,0.30232199115622055,0.1859855711791346,,,,,,,,,
BRI3BP,,,,,,,,,,,,
AACS,,,,,,,,,,,,
SLC15A4,,,,,,,,,,,,
STX2,,,,,,,,,,,,
RAN,,,,,,,,,,,,
SFSWAP,0.05932272815431746,0.3181405024295094,0.18873161529191343,,,,,,,,,
ULK1,,,,,,,,,,,,
PUS1,,,,,,,,,,,,
EP400,,,,,,,,,,,,
DDX51,,,,,,,,,,,,
NOC4L,,,,,,,,,,,,
FBRSL1,,,,,,,,,,,,
POLE,,,,,,,,,,,,
PXMP2,,,,,,,,,,,,
PGAM5,,,,,,,,,,,,
ANKLE2,,,,,,,,,,,,
GOLGA3,,,,,,,,,,,,
CHFR,,,,,,,,,,,,
ZNF26,,,,-0.9868250348248409,-0.3574738083255585,-0.6721494215751996,,,,,,
ZNF84,,,,,,,,,,,,
ZNF140,,,,,,,,,,,,
ZNF891,,,,,,,,,,,,
ZNF10,,,,,,,,,,,,
ZNF268,,,,,,,0.12191047844975254,0.6419500576977866,0.38193026807376956,,,
MPHOSPH8,,,,,,,,,,,,
PSPC1,,,,,,,,,,,,
ZMYM5,,,,,,,,,,,,
ZMYM2,,,,,,,,,,,,
CRYL1,,,,,,,,,,,,
IFT88,,,,,,,,,,,,
EEF1AKMT1,,,,,,,,,,,,
XPO4,,,,,,,,,,,,
LATS2,,,,,,,,,,,,
SAP18,,,,,,,,,,,,
SKA3,,,,,,,,,,,,
MRPL57,,,,,,,,,,,,
ZDHHC20,,,,-0.8031164760478149,-0.8031164760478149,-0.8031164760478149,,,,,,
MICU2,,,,,,,,,,,,
SACS,0.08476407473425453,0.3253708928860989,0.2050674838101767,,,,,,,,,
MIPEP,,,,,,,,,,,,
SPATA13,,,,,,,,,,,,
PARP4,,,,,,,,,,,,
CENPJ,,,,,,,,,,,,
MTMR6,,,,,,,,,,,,
NUP58,,,,,,,,,,,,
SHISA2,,,,,,,-0.13760587777638364,-0.021924424670340836,-0.07976515122336224,,,
RNF6,0.09355004163413165,0.3018154401614707,0.1976827408978012,,,,,,,,,
CDK8,,,,,,,,,,,,
WASF3,,,,,,,,,,,,
USP12,,,,,,,,,,,,
RPL21,,,,,,,,,,,,
GTF3A,,,,,,,,,,,,
MTIF3,,,,,,,,,,,,
LNX2,,,,,,,,,,,,
POLR1D,,,,,,,,,,,,
CDX2,,,,,,,,,,,,
FLT3,,,,-0.9540662709714863,-0.1965627583730722,-0.5753145146722792,,,,,,
PAN3,,,,,,,,,,,,
FLT1,,,,-0.9857539088460482,-0.37125015177974047,-0.6785020303128944,,,,,,
POMP,,,,,,,,,,,,
SLC7A1,,,,,,,,,,,,
UBL3,,,,,,,,,,,,
KATNAL1,,,,,,,,,,,,
HMGB1,,,,,,,,,,,,
USPL1,,,,,,,,,,,,
HSPH1,0.11548895461856021,0.3570579685182802,0.23627346156842022,,,,,,,,,
B3GLCT,,,,,,,,,,,,
FRY,,,,,,,,,,,,
BRCA2,0.08751918827149942,0.35528925529735206,0.22140422178442573,,,,,,,0.053998909125397475,0.36981502051613435,0.2119069648207659
N4BP2L2,,,,,,,,,,,,
PDS5B,,,,,,,,,,,,
STARD13,,,,,,,,,,,,
RFC3,,,,,,,,,,,,
NBEA,,,,,,,,,,,,
SPART,,,,,,,,,,,,
RFXAP,-0.05212879380356456,0.04650781580295737,-0.0028104890003035968,-0.9333936267120391,-0.09818256449839248,-0.5157880956052158,,,,,,
SMAD9,,,,,,,,,,,,
ALG5,,,,,,,,,,,,
EXOSC8,,,,,,,,,,,,
SUPT20H,0.07955050009925319,0.29282724124213594,0.18618887067069456,,,,,,,,,
UFM1,,,,,,,,,,,,
FREM2,,,,,,,,,,,,
PROSER1,,,,,,,,,,,,
NHLRC3,,,,,,,,,,,,
LHFPL6,,,,,,,,,,,,
COG6,,,,,,,,,,,,
FOXO1,,,,,,,,,,,,
MRPS31,,,,,,,,,,,,
SLC25A15,,,,,,,,,,,,
ELF1,,,,,,,,,,,,
WBP4,,,,,,,,,,,,
KBTBD6,,,,,,,,,,,,
KBTBD7,,,,,,,,,,,,
MTRF1,,,,,,,,,,,,
NAA16,,,,-0.9909410776021623,-0.36825518023360604,-0.6795981289178842,,,,,,
VWA8,,,,,,,,,,,,
DGKH,,,,-0.9846875360647662,-0.3638200951934712,-0.6742538156291187,,,,,,
AKAP11,,,,,,,,,,,,
ENOX1,,,,,,,,,,,,
CCDC122,,,,,,,,,,,,
TSC22D1,,,,,,,,,,,,
NUFIP1,0.0633581881773364,0.29403939900329157,0.178698793590314,,,,,,,,,
GPALPP1,,,,,,,,,,,,
GTF2F2,,,,,,,,,,,,
TPT1,,,,,,,,,,,,
COG3,,,,-0.9828004404985855,-0.31125909390201584,-0.6470297672003007,,,,,,
ZC3H13,0.1254670968615748,0.3553305524048031,0.24039882463318896,,,,,,,,,
LRCH1,,,,,,,,,,,,
ESD,,,,,,,,,,,,
SUCLA2,,,,,,,,,,,,
NUDT15,,,,,,,,,,,,
MED4,,,,,,,,,,,,
ITM2B,,,,,,,,,,,,
RB1,,,,,,,,,,,,
FNDC3A,,,,,,,,,,,,
CDADC1,,,,,,,,,,,,
SETDB2,,,,,,,,,,,,
RCBTB1,,,,,,,,,,,,
EBPL,,,,,,,,,,,,
KPNA3,,,,-0.9751067981134083,-0.1964929090000297,-0.585799853556719,,,,,,
SPRYD7,,,,,,,,,,,,
TRIM13,,,,,,,,,,,,
RNASEH2B,,,,,,,,,,,,
INTS6,,,,,,,,,,,,
WDFY2,,,,,,,,,,,,
ATP7B,,,,,,,,,,,,
ALG11,,,,,,,,,,,,
NEK3,,,,,,,,,,,,
VPS36,0.05228641755760668,0.342751235042655,0.19751882630013082,,,,,,,,,
CKAP2,0.09890124617577575,0.30937753845877836,0.20413939231727707,,,,,,,,,
SUGT1,,,,,,,,,,,,
PCDH17,,,,,,,,,,,,
DIAPH3,,,,,,,,,,,,
TDRD3,,,,,,,,,,,,
PCDH9,,,,-0.9696214863430458,-0.253641400499419,-0.6116314434212324,,,,,,
DACH1,,,,,,,,,,,,
MZT1,,,,,,,,,,,,
BORA,,,,,,,,,,,,
DIS3,0.14401927808298487,0.3696682351817224,0.25684375663235365,,,,,,,,,
PIBF1,,,,-0.9742609442026134,-0.27331467850878766,-0.6237878113557005,,,,,,
KLF5,,,,,,,,,,,,
KLF12,,,,,,,,,,,,
TBC1D4,,,,-0.9799673632218007,-0.13448332721370343,-0.557225345217752,,,,,,
COMMD6,,,,,,,,,,,,
UCHL3,,,,,,,,,,,,
LMO7,,,,,,,,,,,,
KCTD12,,,,,,,,,,,,
CLN5,,,,,,,,,,,,
FBXL3,0.03601191179230048,0.24937866113001123,0.14269528646115587,,,,,,,,,
MYCBP2,,,,,,,,,,,,
SLAIN1,0.08043743910118369,0.22664514927335797,0.15354129418727083,,,,,,,,,
POU4F1,,,,,,,,,,,,
OBI1,0.05692916347265905,0.3371021321970666,0.1970156478348628,,,,,,,0.07632791297483894,0.4269075026580479,0.25161770781644344
RBM26,0.0334855989302558,0.3076099830700038,0.17054779100012982,,,,,,,,,
NDFIP2,,,,-0.9778102873135351,-0.27288763818934464,-0.6253489627514399,,,,,,
SPRY2,,,,,,,,,,,,
SLITRK5,,,,,,,,,,,,
GPC5,,,,,,,,,,,,
GPC6,,,,,,,,,,,,
TGDS,,,,,,,,,,,,
GPR180,,,,,,,,,,,,
ABCC4,,,,,,,,,,,,
DZIP1,,,,,,,,,,,,
DNAJC3,,,,,,,,,,,,
UGGT2,,,,,,,,,,,,
HS6ST3,,,,-0.9714490507417828,-0.20899587423671462,-0.5902224624892487,,,,,,
MBNL2,,,,,,,,,,,,
RAP2A,,,,,,,,,,,,
IPO5,,,,,,,,,,,,
FARP1,,,,-0.9634450337244399,-0.1973367321242189,-0.5803908829243294,,,,,,
STK24,,,,,,,,,,,,
DOCK9,,,,,,,,,,-0.09489239559656977,0.0514152889835417,-0.021738553306514034
UBAC2,,,,,,,,,,,,
TM9SF2,,,,,,,,,,,,
CLYBL,,,,,,,,,,,,
ZIC5,,,,,,,,,,,,
ZIC2,,,,,,,,,,,,
PCCA,,,,,,,,,,,,
TMTC4,,,,,,,,,,,,
TPP2,,,,,,,,,,,,
TEX30,,,,,,,,,,,,
BIVM,,,,,,,,,,,,
ERCC5,,,,,,,,,,,,
EFNB2,,,,,,,,,,,,
ARGLU1,,,,,,,,,,,,
NALF1,,,,,,,,,,,,
COL4A2,,,,,,,,,,,,
CARS2,,,,,,,,,,,,
ING1,,,,-0.7618393967210726,-0.7618393967210726,-0.7618393967210726,,,,,,
ANKRD10,-0.3609416435714626,-0.07352447606583569,-0.21723305981864913,,,,,,,,,
ARHGEF7,,,,,,,,,,,,
TUBGCP3,,,,,,,,,,,,
ATP11A,,,,,,,,,,,,
PCID2,,,,,,,,,,,,
CUL4A,,,,,,,,,,,,
LAMP1,,,,,,,,,,,,
GRTP1,,,,,,,,,,,,
DCUN1D2,,,,,,,,,,,,
TMCO3,,,,,,,,,,,,
TFDP1,,,,,,,,,,,,
CDC16,,,,,,,,,,,,
UPF3A,,,,,,,,,,,,
CHAMP1,,,,,,,,,,,,
POTEG,-0.08473296633388082,-0.021250181838962726,-0.05299157408642177,,,,,,,-0.12099510380352545,-0.018762542517919964,-0.0698788231607227
TTC5,,,,,,,,,,,,
CCNB1IP1,,,,,,,,,,,,
PARP2,0.03654765709901007,0.2598947019011582,0.14822117950008415,,,,,,,,,
OSGEP,,,,,,,,,,,,
APEX1,0.11284033808804768,0.37097303819524907,0.24190668814164837,,,,,,,,,
PIP4P1,,,,,,,,,,,,
PNP,,,,,,,,,,,,
METTL17,,,,,,,,,,,,
NDRG2,-0.07178655293096267,0.015125062586637992,-0.02833074517216234,,,,,,,,,
HNRNPC,0.20161317709091442,0.38990369224245836,0.2957584346666864,,,,,,,-0.010582933692402896,0.4144990090753788,0.20195803769148796
SUPT16H,0.104916406722607,0.2956114906881054,0.2002639487053562,,,,,,,0.06663761161111571,0.3639397797053376,0.21528869565822664
CHD8,0.0642116118479024,0.3081245299318851,0.18616807088989376,,,,,,,,,
RAB2B,,,,,,,,,,,,
TOX4,,,,,,,,,,,,
METTL3,,,,-0.9749415149411076,-0.28816009517081886,-0.6315508050559633,,,,,,
SALL2,,,,,,,,,,,,
DAD1,,,,,,,,,,,,
OXA1L,,,,,,,,,,,,
MRPL52,,,,,,,,,,,,
LRP10,,,,,,,,,,,,
RBM23,,,,,,,,,,,,
PRMT5,,,,,,,,,,,,
HAUS4,,,,,,,,,,,,
C14orf93,,,,,,,,,,,,
PSMB5,,,,,,,,,,,,
ACIN1,0.17118670047778956,0.365657677724503,0.2684221891011463,,,,0.0017206206017297953,0.4248407321131803,0.21328067635745504,,,
C14orf119,,,,,,,,,,,,
SLC7A8,,,,,,,,,,,,
HOMEZ,,,,,,,,,,,,
PPP1R3E,,,,,,,,,,,,
BCL2L2,,,,,,,,,,,,
PABPN1,0.14078188314811343,0.32489180016451585,0.23283684165631463,,,,,,,,,
NGDN,,,,,,,,,,,,
ZFHX2,,,,,,,,,,,,
DHRS4,,,,,,,,,,,,
DHRS4L2,,,,,,,,,,,,
PCK2,,,,,,,,,,,,
DCAF11,,,,,,,,,,,,
PSME1,,,,,,,,,,,,
EMC9,,,,,,,,,,,,
PSME2,,,,,,,,,,,,
RNF31,,,,-0.8026293915193556,-0.8026293915193556,-0.8026293915193556,,,,,,
IPO4,,,,,,,,,,,,
TM9SF1,,,,-0.9794596503542127,-0.22808856710822722,-0.60377410873122,,,,,,
CHMP4A,,,,,,,,,,,,
MDP1,,,,,,,,,,,,
NEDD8,,,,,,,,,,,,
GMPR2,,,,,,,,,,,,
TINF2,,,,,,,,,,,,
RABGGTA,,,,,,,,,,,,
SDR39U1,,,,,,,,,,,,
STXBP6,,,,,,,,,,,,
NOVA1,,,,,,,,,,,,
FOXG1,,,,,,,,,,,,
PRKD1,,,,-0.9881179320283398,-0.2832274891904355,-0.6356727106093876,,,,,,
G2E3,0.06725987403037557,0.2748104994451825,0.17103518673777904,-0.990506344409197,-0.42459858049520716,-0.707552462452202,,,,,,
SCFD1,,,,,,,,,,,,
COCH,,,,,,,,,,,,
STRN3,,,,,,,,,,,,
AP4S1,,,,,,,,,,,,
HECTD1,,,,,,,,,,,,
HEATR5A,,,,,,,,,,,,
DTD2,0.08280850523269954,0.31267949592103556,0.19774400057686756,,,,,,,,,
NUBPL,,,,,,,,,,0.022319276952822497,0.42366961347037685,0.22299444521159967
ARHGAP5,0.0658276725347353,0.2991658887552876,0.18249678064501146,,,,,,,0.04503589711806392,0.4437010255753549,0.24436846134670942
AKAP6,,,,-0.9692351375156147,-0.2699705351436115,-0.6196028363296131,,,,,,
NPAS3,,,,,,,,,,,,
EGLN3,-0.10855274744321193,-0.018524470530251424,-0.06353860898673168,-0.9538461048862562,-0.23972941218125446,-0.5967877585337553,,,,,,
SPTSSA,,,,,,,,,,,,
EAPP,,,,,,,,,,,,
SNX6,,,,,,,,,,,,
CFL2,,,,,,,,,,,,
BAZ1A,0.001911774504178236,0.3017482843933386,0.15183002944875842,,,,,,,,,
SRP54,,,,,,,,,,,,
FAM177A1,,,,,,,,,,,,
PPP2R3C,,,,,,,,,,,,
PRORP,,,,,,,,,,,,
PSMA6,,,,,,,,,,,,
NFKBIA,,,,,,,,,,,,
RALGAPA1,,,,-0.9780821183739683,-0.17009573886860335,-0.5740889286212858,,,,,,
BRMS1L,,,,,,,,,,,,
MBIP,0.05230030247061065,0.3007478144263714,0.176524058448491,,,,,,,,,
PAX9,,,,,,,,,,,,
SLC25A21,,,,,,,,,,,,
MIPOL1,,,,,,,,,,,,
FOXA1,,,,,,,,,,,,
SEC23A,,,,,,,,,,,,
GEMIN2,,,,,,,,,,,,
TRAPPC6B,,,,,,,,,,,,
PNN,0.09893642915080972,0.32864489220141263,0.2137906606761112,,,,,,,,,
MIA2,0.06548577346165763,0.3270476588590658,0.1962667161603617,,,,,,,,,
FBXO33,,,,,,,,,,,,
LRFN5,,,,,,,,,,,,
KLHL28,,,,,,,,,,,,
TOGARAM1,,,,,,,,,,,,
PRPF39,,,,,,,,,,,,
FKBP3,,,,,,,,,,,,
FANCM,,,,,,,,,,,,
MIS18BP1,0.13874532323104394,0.3538830289919843,0.24631417611151413,,,,,,,,,
MDGA2,,,,,,,,,,,,
RPS29,,,,,,,,,,,,
LRR1,,,,,,,,,,,,
RPL36AL,,,,,,,,,,,,
MGAT2,,,,,,,,,,,,
DNAAF2,,,,,,,,,,,,
POLE2,,,,,,,,,,,,
KLHDC2,,,,,,,,,,,,
NEMF,0.01553870203359845,0.3513422391120229,0.18344047057281068,,,,,,,,,
ARF6,,,,,,,,,,,,
VCPKMT,,,,,,,,,,,,
SOS2,,,,,,,,,,,,
L2HGDH,,,,,,,,,,,,
DMAC2L,,,,,,,,,,,,
CDKL1,,,,,,,,,,,,
MAP4K5,,,,,,,,,,,,
ATL1,,,,,,,,,,,,
SAV1,,,,,,,,,,,,
NIN,0.11081541906747178,0.2604238517841766,0.1856196354258242,,,,0.05261299263906082,0.4924025862484085,0.27250778944373466,0.06976803656969295,0.39102516290240963,0.23039659973605128
PYGL,,,,,,,,,,,,
TRIM9,,,,,,,,,,,,
TMX1,-0.0012967299367640833,0.364564569259561,0.18163391966139844,,,,,,,-0.025404403243651983,0.449348759827336,0.211972178291842
FRMD6,,,,,,,,,,,,
RTRAF,,,,,,,,,,,,
TXNDC16,,,,,,,,,,,,
GPR137C,,,,,,,,,,,,
ERO1A,,,,,,,,,,,,
PSMC6,,,,,,,,,,,,
STYX,,,,,,,,,,,,
GNPNAT1,,,,,,,,,,,,
FERMT2,,,,,,,,,,,,
DDHD1,,,,,,,,,,,,
BMP4,,,,,,,,,,,,
CDKN3,,,,,,,,,,,,
CNIH1,,,,,,,,,,,,
GMFB,,,,,,,,,,,,
CGRRF1,,,,,,,,,,,,
SAMD4A,,,,,,,,,,,,
GCH1,,,,,,,,,,,,
WDHD1,,,,,,,,,,,,
SOCS4,,,,,,,,,,,,
MAPK1IP1L,,,,,,,,,,,,
LGALS3,,,,,,,,,,,,
DLGAP5,0.12814499419572323,0.3683825133430348,0.248263753769379,,,,0.19612784104211764,0.6215358674222237,0.40883185423217067,0.015821629676352544,0.3068600569213566,0.16134084329885456
FBXO34,,,,,,,,,,,,
ATG14,,,,,,,,,,,,
KTN1,,,,,,,,,,,,
PELI2,,,,,,,,,,,,
TMEM260,,,,,,,,,,,,
EXOC5,,,,,,,,,,,,
AP5M1,,,,,,,,,,,,
NAA30,,,,,,,,,,,,
ARMH4,,,,,,,,,,,,
ACTR10,,,,,,,,,,,,
PSMA3,,,,,,,,,,,,
ARID4A,,,,,,,,,,,,
TIMM9,,,,,,,,,,,,
KIAA0586,0.07637119182093974,0.3095755348782367,0.1929733633495882,,,,,,,,,
DAAM1,,,,,,,,,,,,
GPR135,,,,,,,,,,,,
L3HYPDH,,,,,,,,,,,,
JKAMP,,,,,,,,,,,,
RTN1,,,,-0.7907115069842227,-0.7907115069842227,-0.7907115069842227,,,,,,
PCNX4,0.05465763753683381,0.2669543667366377,0.16080600213673574,,,,,,,,,
DHRS7,,,,,,,,,,,,
PPM1A,,,,,,,,,,,,
SIX1,,,,,,,,,,,,
SIX4,,,,,,,,,,,,
MNAT1,,,,,,,,,,,,
TRMT5,,,,,,,,,,,,
SLC38A6,,,,,,,,,,,,
PRKCH,,,,-0.9691415700943098,-0.24410068642000055,-0.6066211282571552,,,,,,
HIF1A,0.05816942622350826,0.34386208173007604,0.20101575397679214,,,,,,,,,
SNAPC1,,,,,,,,,,,,
PPP2R5E,,,,,,,,,,,,
WDR89,,,,,,,,,,,,
SGPP1,,,,,,,,,,,,
SYNE2,,,,,,,,,,,,
ESR2,,,,,,,,,,,,
MTHFD1,0.09143188205648756,0.3757574687050552,0.2335946753807714,,,,,,,,,
ZBTB25,,,,-0.78965334034311,-0.78965334034311,-0.78965334034311,,,,,,
ZBTB1,,,,,,,,,,,,
PLEKHG3,,,,,,,,,,,,
CHURC1,,,,,,,,,,,,
FNTB,,,,-0.987670513676185,-0.33156013410468443,-0.6596153238904348,,,,,,
MAX,,,,,,,,,,,,
FUT8,,,,,,,,,,,,
GPHN,0.05877301864873854,0.2770399413518121,0.1679064800002753,,,,,,,0.08506528860380345,0.35950996810982055,0.222287628356812
PALS1,,,,,,,,,,,,
ATP6V1D,,,,,,,,,,,,
EIF2S1,0.01624524154898403,0.33093851895382803,0.17359188025140604,,,,,,,,,
PLEKHH1,,,,,,,,,,,,
PIGH,,,,,,,,,,,,
ARG2,,,,,,,,,,,,
VTI1B,,,,,,,,,,,,
RDH11,,,,,,,,,,,,
ZFYVE26,,,,-0.9869466219580866,-0.3033132028891024,-0.6451299124235945,,,,,,
RAD51B,,,,,,,,,,,,
ZFP36L1,,,,,,,,,,,,
ACTN1,0.12116547042033227,0.33662141519157557,0.22889344280595392,,,,,,,,,
DCAF5,,,,,,,,,,,,
EXD2,,,,,,,,,,,,
ERH,,,,,,,,,,,,
SLC39A9,,,,,,,,,,,,
SUSD6,,,,,,,,,,,,
SRSF5,0.06575063058106115,0.3238453238453599,0.19479797721321052,,,,,,,,,
SMOC1,,,,,,,,,,,,
COX16,,,,,,,,,,,,
SYNJ2BP,,,,,,,,,,,,
MED6,,,,,,,,,,,,
MAP3K9,,,,,,,,,,,,
PCNX1,0.03451729690787949,0.276923808272294,0.15572055259008674,,,,,,,,,
SIPA1L1,,,,,,,,,,,,
DPF3,,,,,,,,,,,,
DCAF4,,,,,,,,,,,,
ZFYVE1,,,,,,,,,,,,
RBM25,0.09661798632603713,0.3905800809441413,0.24359903363508922,,,,,,,0.05713804237722872,0.48226397383750075,0.26970100810736475
PSEN1,,,,,,,,,,,,
NUMB,,,,-0.9817616288459591,-0.27636882799886103,-0.6290652284224101,,,,,,
DNAL1,,,,,,,,,,,,
PNMA1,,,,,,,,,,,,
MIDEAS,,,,,,,,,,,,
PTGR2,,,,,,,,,,,,
ZNF410,,,,,,,,,,,,
COQ6,,,,,,,,,,,,
ENTPD5,,,,,,,,,,,,
BBOF1,,,,,,,,,,,,
ALDH6A1,,,,,,,,,,,,
LIN52,,,,,,,,,,,,
ABCD4,,,,,,,,,,,,
NPC2,,,,,,,,,,,,
ISCA2,,,,,,,,,,,,
AREL1,,,,,,,,,,,,
FCF1,,,,,,,,,,,,
YLPM1,0.04651538950264986,0.3058898262652187,0.1762026078839343,,,,,,,,,
DLST,,,,,,,,,,,,
RPS6KL1,,,,,,,,,,,,
EIF2B2,,,,,,,,,,,,
ACYP1,,,,,,,,,,,,
NEK9,0.027834330066477682,0.28253962311869035,0.15518697659258401,,,,,,,,,
TMED10,,,,,,,,,,,,
JDP2,,,,,,,,,,,,
TTLL5,,,,,,,,,,,,
ERG28,,,,,,,,,,,,
IFT43,,,,,,,,,,,,
GPATCH2L,,,,,,,,,,,,
ESRRB,,,,,,,,,,,,
VASH1,,,,,,,,,,,,
ANGEL1,,,,,,,,,,,,
IRF2BPL,-0.22020585176497587,-0.052915987187935984,-0.13656091947645593,,,,,,,-0.38719929159630107,-0.05702218519126984,-0.22211073839378545
CIPC,,,,-0.7849057725276448,-0.7849057725276448,-0.7849057725276448,,,,,,
NGB,,,,,,,,,,,,
POMT2,,,,,,,,,,,,
GSTZ1,,,,,,,,,,,,
TMED8,,,,,,,,,,,,
VIPAS39,,,,,,,,,,,,
AHSA1,0.11010217832459882,0.3687631538739633,0.23943266609928104,,,,,,,,,
SPTLC2,,,,,,,,,,,,
ALKBH1,,,,,,,,,,,,
SLIRP,,,,,,,,,,,,
SNW1,0.033688386759866476,0.304849046925491,0.16926871684267872,,,,,,,,,
ADCK1,,,,,,,,,,,,
NRXN3,,,,,,,,,,,,
CEP128,,,,,,,,,,,,
GTF2A1,,,,,,,,,,,,
STON2,,,,-0.9788327530303678,-0.2914484449223488,-0.6351405989763583,,,,,,
SEL1L,,,,,,,,,,,,
SPATA7,,,,,,,,,,,,
PTPN21,,,,,,,,,,,,
ZC3H14,,,,,,,,,,,,
EML5,0.05224518246139852,0.24769116811996428,0.1499681752906814,,,,,,,,,
TTC8,,,,,,,,,,,,
FOXN3,,,,,,,,,,,,
EFCAB11,,,,,,,,,,,,
TDP1,,,,,,,,,,,,
PSMC1,,,,,,,,,,,,
NRDE2,,,,,,,,,,,,
CALM1,,,,,,,,,,,,
TTC7B,,,,,,,,,,,,
RPS6KA5,,,,,,,,,,,,
DGLUCY,,,,,,,,,,,,
CCDC88C,,,,,,,,,,,,
PPP4R3A,0.12260633679591296,0.323946502307337,0.22327641955162497,,,,,,,0.0922470070083279,0.45756002167496684,0.2749035143416474
TRIP11,0.08454075889699568,0.30286771102772564,0.19370423496236067,,,,,,,0.12108757410448438,0.4113081183921496,0.266197846248317
ATXN3,,,,,,,,,,,,
NDUFB1,,,,,,,,,,,,
CPSF2,0.14150589573515782,0.43370060237149505,0.28760324905332646,,,,,,,0.08952489137555067,0.513858187106229,0.3016915392408898
RIN3,,,,,,,,,,,,
LGMN,,,,,,,,,,,,
GOLGA5,,,,,,,,,,,,
ITPK1,,,,,,,,,,,,
LYSET,,,,,,,,,,,,
GON7,,,,,,,,,,,,
UBR7,,,,,,,,,,,,
BTBD7,,,,,,,,,,,,
DDX24,,,,,,,,,,,,
IFI27L1,,,,,,,,,,,,
IFI27L2,,,,,,,,,,,,
PPP4R4,,,,,,,,,,,,
DICER1,0.17748729343419678,0.40304352044063246,0.29026540693741465,,,,0.1301010365344977,0.5237526287459885,0.3269268326402431,0.09988379141544011,0.3583859169603672,0.22913485418790366
CLMN,,,,,,,,,,,,
GLRX5,,,,,,,,,,,,
C14orf132,,,,,,,,,,,,
ATG2B,,,,,,,,,,,,
GSKIP,,,,,,,,,,,,
AK7,,,,,,,,,,,,
PAPOLA,0.10298853547380724,0.37329879800630006,0.23814366674005366,,,,,,,0.07865924665008414,0.4552936234533089,0.26697643505169655
VRK1,0.018223687771929956,0.3634825565653515,0.19085312216864073,,,,,,,,,
SETD3,,,,,,,,,,,,
CCNK,,,,,,,,,,,,
CCDC85C,,,,,,,,,,,,
EML1,,,,,,,,,,,,
EVL,,,,,,,,,,,,
YY1,,,,,,,,,,,,
WARS1,,,,,,,,,,,,
WDR25,,,,,,,,,,,,
PPP2R5C,,,,,,,,,,,,
DYNC1H1,,,,,,,,,,,,
HSP90AA1,0.03238191482052577,0.3225660059380737,0.17747396037929974,,,,,,,,,
WDR20,,,,-0.9881195865412189,-0.43257967386510343,-0.7103496302031611,,,,,,
MOK,,,,,,,,,,,,
ZNF839,,,,,,,,,,,,
CINP,,,,,,,,,,,,
TECPR2,,,,,,,,,,,,
ANKRD9,,,,,,,,,,,,
RCOR1,,,,-0.9751067870009196,-0.20301943573878511,-0.5890631113698523,,,,,,
TRAF3,,,,,,,,,,,,
CDC42BPB,0.06304557925490677,0.30409652202804244,0.1835710506414746,-0.9892922016574961,-0.3384528474998274,-0.6638725245786617,,,,,,
EIF5,,,,,,,,,,,,
MARK3,,,,,,,,,,,,
CKB,,,,,,,,,,,,
TRMT61A,,,,,,,,,,,,
BAG5,,,,,,,,,,,,
KLC1,0.046264894795056064,0.28760474639295097,0.16693482059400352,,,,,,,,,
COA8,,,,,,,,,,,,
XRCC3,,,,,,,,,,,,
ZFYVE21,,,,,,,,,,,,
PPP1R13B,,,,,,,,,,,,
ATP5MJ,,,,,,,,,,,,
INF2,,,,,,,,,,,,
SIVA1,,,,,,,,,,,,
AKT1,,,,,,,,,,,,
CEP170B,,,,,,,,,,,,
CDCA4,,,,,,,,,,,,
JAG2,,,,,,,,,,,,
NUDT14,,,,,,,,,,,,
BRF1,,,,,,,,,,,,
BTBD6,,,,,,,,,,,,
PACS2,,,,-0.97771240818862,-0.3232033017027436,-0.6504578549456819,,,,,,
MTA1,,,,,,,,,,,,
TEDC1,,,,,,,,,,,,
TMEM121,,,,,,,,,,,,
NIPA1,,,,,,,,,,,,
NIPA2,,,,,,,,,,,,
CYFIP1,0.04711013045813408,0.29077708955135095,0.1689436100047425,,,,,,,,,
TUBGCP5,,,,,,,,,,,,
UBE3A,0.0643984485946459,0.3702178896150245,0.2173081691048352,,,,,,,,,
OCA2,,,,,,,,,,,,
HERC2,,,,,,,,,,,,
APBA2,,,,,,,,,,,,
ENTREP2,,,,,,,,,,,,
NSMCE3,,,,,,,,,,,,
TJP1,0.06180561145884846,0.3559646465033726,0.20888512898111053,,,,,,,,,
ARHGAP11B,0.0949520373062759,0.32437883654365307,0.20966543692496448,-0.9628920107811187,-0.24687996981847757,-0.6048859902997982,,,,0.09939788903488989,0.39648025547407917,0.24793907225448453
FAN1,,,,,,,,,,,,
KLF13,0.07022938742904214,0.2966813467625352,0.1834553670957887,,,,,,,0.07346263972608183,0.3464926522538482,0.209977645989965
OTUD7A,,,,,,,,,,,,
CHRNA7,,,,,,,,,,,,
ARHGAP11A,0.10529317960191009,0.3208466050638427,0.2130698923328764,,,,,,,0.07053419312988174,0.3621107923397738,0.21632249273482776
AVEN,,,,,,,,,,,,
EMC7,,,,,,,,,,,,
KATNBL1,,,,,,,,,,,,
EMC4,,,,,,,,,,,,
SLC12A6,,,,,,,,,,,,
NOP10,,,,,,,,,,,,
LPCAT4,,,,,,,,,,,,
GOLGA8A,,,,,,,,,,,,
AQR,,,,,,,,,,,,
ZNF770,,,,,,,,,,,,
DPH6,,,,,,,,,,,,
CDIN1,,,,,,,,,,,,
MEIS2,,,,,,,,,,,,
SPRED1,,,,,,,,,,,,
FAM98B,0.06777137807590762,0.3252063863336332,0.1964888822047704,,,,,,,,,
GPR176,,,,,,,,,,,,
EIF2AK4,,,,,,,,,,,,
SRP14,,,,,,,,,,,,
BUB1B,0.1008923091338658,0.3079196848799754,0.2044059970069206,,,,,,,,,
KNSTRN,0.06224206466272427,0.2941943102171757,0.17821818743994997,,,,,,,,,
IVD,,,,,,,,,,,,
BAHD1,,,,,,,,,,,,
CHST14,,,,,,,,,,,,
CCDC32,,,,,,,,,,,,
RPUSD2,,,,,,,,,,,,
KNL1,0.06658650414543225,0.2994795199846636,0.18303301206504793,,,,,,,0.04324786434781771,0.4095280886578876,0.22638797650285264
RAD51,,,,,,,,,,,,
RMDN3,,,,,,,,,,,,
GCHFR,,,,,,,,,,,,
DNAJC17,,,,,,,,,,,,
VPS18,,,,,,,,,,,,
INO80,,,,,,,,,,,,
CHP1,,,,,,,,,,,,
OIP5,,,,,,,,,,,,
NUSAP1,,,,,,,,,,,,
NDUFAF1,,,,,,,,,,,,
RTF1,,,,,,,,,,,,
RPAP1,,,,,,,,,,,,
TYRO3,,,,,,,,,,,,
MGA,,,,,,,,,,,,
MAPKBP1,,,,,,,,,,,,
EHD4,,,,-0.8021114493964233,-0.8021114493964233,-0.8021114493964233,,,,,,
VPS39,,,,,,,,,,,,
TMEM87A,0.101697913755071,0.36109137608009334,0.23139464491758216,,,,,,,,,
ZNF106,0.15370794158263773,0.3763881027471523,0.265048022164895,,,,,,,0.058303315094319255,0.3892788035819369,0.22379105933812807
SNAP23,0.06933767175252575,0.32353622723888137,0.19643694949570356,,,,,,,,,
LRRC57,,,,,,,,,,,,
HAUS2,,,,,,,,,,,,
STARD9,,,,,,,,,,,,
TTBK2,0.05297393491092261,0.2623025733663649,0.15763825413864377,,,,,,,,,
UBR1,,,,-0.9813899885211004,-0.24412846618048356,-0.612759227350792,,,,,,
TMEM62,,,,,,,,,,,,
CCNDBP1,,,,,,,,,,,,
LCMT2,-0.07752404803189217,0.020848477725748604,-0.02833778515307178,-0.9821278949495091,-0.2811534695547532,-0.6316406822521312,,,,,,
ADAL,,,,,,,,,,,,
TUBGCP4,,,,,,,,,,,,
TP53BP1,,,,,,,,,,,,
MAP1A,,,,,,,,,,,,
PPIP5K1,,,,,,,,,,,,
CATSPER2,,,,,,,,,,,,
PDIA3,,,,-0.9745862518868399,-0.19589810832282112,-0.5852421801048305,,,,,,
SERF2,,,,,,,,,,,,
HYPK,,,,,,,,,,,,
MFAP1,0.0910058940798835,0.366156348759192,0.22858112141953776,,,,,,,,,
WDR76,,,,,,,,,,,,
FRMD5,,,,,,,,,,,,
GOLM2,,,,,,,,,,,,
CTDSPL2,,,,,,,,,,,,
EIF3J,,,,,,,,,,,,
SPG11,,,,,,,,,,,,
B2M,,,,,,,,,,,,
SORD,,,,,,,,,,,,
SPATA5L1,,,,,,,,,,,,
BLOC1S6,0.07382822172455816,0.3595560691774049,0.21669214545098153,,,,,,,0.05144538274531854,0.4288988623912824,0.24017212256830045
SEMA6D,,,,,,,,,,,,
MYEF2,0.05482729330160176,0.29364519461517113,0.17423624395838644,,,,,,,,,
SLC12A1,-0.0651119204727178,-0.010350053558611719,-0.03773098701566476,-0.8642110162228552,-0.05111713396074048,-0.45766407509179785,,,,,,
DUT,,,,,,,,,,,,
CEP152,,,,,,,,,,,,
EID1,,,,,,,,,,,,
SECISBP2L,,,,,,,,,,,,
COPS2,,,,,,,,,,,,
GALK2,,,,,,,,,,,,
FAM227B,,,,,,,,,,,,
DTWD1,,,,,,,,,,,,
GABPB1,,,,,,,,,,,,
USP8,,,,,,,,,,,,
TRPM7,,,,,,,,,,,,
SPPL2A,,,,-0.9912233264889907,-0.2588900288859454,-0.6250566776874681,,,,,,
AP4E1,,,,,,,,,,,,
DMXL2,,,,,,,,,,,,
TMOD2,,,,,,,,,,,,
TMOD3,-0.00353856062699141,0.2780504495261015,0.13725594444955502,,,,,,,,,
LEO1,0.15898556613380244,0.42546541328786225,0.29222548971083234,,,,,,,0.10340963689136613,0.4167817866645928,0.26009571177797947
MAPK6,,,,-0.954001205065737,-0.12593035011536427,-0.5399657775905506,,,,,,
GNB5,,,,,,,,,,,,
MYO5C,,,,,,,,,,,,
MYO5A,,,,,,,,,,,,
ARPP19,,,,,,,,,,,,
ATOSA,,,,,,,,,,,,
UNC13C,,,,,,,,,,-0.13448446459942803,0.006214683605811507,-0.06413489049680826
RSL24D1,,,,,,,,,,,,
RAB27A,,,,,,,,,,,,
PIGBOS1,,,,,,,,,,,,
PIGB,,,,,,,,,,,,
CCPG1,0.05643125037044049,0.2715950159315682,0.16401313315100435,,,,,,,,,
DNAAF4,,,,,,,,,,,,
PYGO1,,,,,,,,,,,,
PRTG,,,,-0.9876003458407078,-0.40223182332968827,-0.694916084585198,,,,,,
NEDD4,,,,,,,,,,,,
RFX7,,,,,,,,,,,,
TEX9,,,,,,,,,,,,
MNS1,,,,,,,,,,,,
ZNF280D,,,,,,,,,,,,
TCF12,,,,,,,,,,,,
CGNL1,,,,,,,,,,,,
POLR2M,,,,,,,,,,,,
ALDH1A2,,,,,,,,,,,,
ADAM10,-0.056509695832354864,0.03558046756776767,-0.010464614132293597,-0.9879338248344658,-0.35402792200747835,-0.6709808734209721,,,,,,
MINDY2,,,,,,,,,,,,
RNF111,,,,,,,,,,,,
SLTM,0.031045097556078365,0.25919083266597753,0.14511796511102795,,,,,,,,,
CCNB2,0.05757711832709548,0.2625087084073738,0.16004291336723464,,,,,,,,,
MYO1E,,,,-0.9859727215310032,-0.32274343676948025,-0.6543580791502417,,,,,,
FAM81A,,,,,,,,,,,,
GTF2A2,,,,,,,,,,,,
BNIP2,,,,,,,,,,,,
ANXA2,,,,,,,,,,,,
ICE2,,,,,,,,,,,,
RORA,,,,-0.9834939733826651,-0.2974787781962152,-0.6404863757894401,,,,,,
VPS13C,,,,,,,,,,,,
TLN2,,,,,,,,,,,,
TPM1,,,,,,,,,,,,
LACTB,,,,,,,,,,,,
RPS27L,,,,,,,,,,,,
RAB8B,,,,,,,,,,,,
CA12,,,,,,,,,,,,
USP3,,,,,,,,,,,,
HERC1,,,,,,,,,,,,
CIAO2A,,,,,,,,,,,,
SNX1,,,,,,,,,,,,
PPIB,,,,,,,,,,,,
CSNK1G1,,,,-0.976179366643366,-0.2301017928867414,-0.6031405797650538,,,,,,
PCLAF,,,,,,,,,,,,
TRIP4,,,,,,,,,,,,
ZNF609,,,,,,,,,,,,
OAZ2,,,,,,,,,,,,
RBPMS2,,,,,,,,,,,,
SPG21,,,,,,,,,,,,
MTFMT,,,,,,,,,,,,
PDCD7,,,,,,,,,,,,
CLPX,0.08121768822351214,0.34179967631298075,0.21150868226824643,,,,,,,,,
PARP16,,,,,,,,,,,,
IGDCC3,,,,,,,,,,,,
IGDCC4,,,,,,,,,,,,
DPP8,,,,,,,,,,,,
HACD3,,,,,,,,,,,,
INTS14,,,,,,,,,,,,
SLC24A1,,,,,,,,,,,,
DENND4A,,,,,,,,,,,,
RAB11A,,,,,,,,,,,,
MEGF11,,,,,,,,,,,,
DIS3L,,,,,,,,,,,,
TIPIN,,,,,,,,,,,,
MAP2K1,,,,,,,,,,,,
SNAPC5,,,,,,,,,,,,
RPL4,0.05531682034823442,0.28266964542572864,0.16899323288698154,,,,,,,,,
ZWILCH,,,,,,,,,,,,
SMAD6,,,,,,,,,,,,
SMAD3,,,,,,,,,,,,
AAGAB,,,,,,,,,,,,
IQCH,,,,-0.9537503822627134,-0.23172911669765353,-0.5927397494801835,,,,,,
C15orf61,,,,,,,,,,,,
MAP2K5,,,,,,,,,,,,
PIAS1,,,,,,,,,,,,
CALML4,,,,,,,,,,,,
CLN6,,,,,,,,,,,,
FEM1B,,,,,,,,,,,,
CORO2B,,,,-0.9729865894709607,-0.34400547577055374,-0.6584960326207572,,,,,,
ANP32A,0.19967299591296442,0.43053733488008694,0.31510516539652567,,,,,,,0.13297329931884352,0.4436393788102123,0.2883063390645279
SPESP1,,,,,,,,,,,,
GLCE,,,,,,,,,,,,
PAQR5,,,,,,,,,,,,
KIF23,0.06750511165384192,0.2840793511890138,0.17579223142142786,,,,,,,,,
RPLP1,,,,,,,,,,,,
TLE3,,,,,,,,,,,,
UACA,0.12318226449614315,0.37417487694521806,0.24867857072068061,,,,0.06961686392417764,0.5022685849706123,0.285942724447395,0.09680967351097321,0.42959192851578776,0.2632008010133805
LARP6,,,,,,,,,,,,
LRRC49,,,,-0.7443613699578594,-0.7443613699578594,-0.7443613699578594,,,,,,
THSD4,,,,,,,,,,,,
MYO9A,,,,,,,,,,,,
SENP8,,,,,,,,,,,,
PKM,0.004162018383898381,0.2816931885082176,0.142927603446058,,,,,,,,,
PARP6,,,,,,,,,,,,
HEXA,,,,,,,,,,,,
ARIH1,0.07124943320172479,0.27494537999545765,0.1730974065985912,,,,,,,,,
BBS4,,,,,,,,,,,,
ADPGK,,,,-0.986449889778263,-0.3059930872433589,-0.646221488510811,,,,,,
NEO1,,,,,,,,,,,,
NPTN,,,,,,,,,,,,
CD276,,,,,,,,,,,,
PML,,,,,,,,,,,,
UBL7,,,,,,,,,,,,
ARID3B,,,,,,,,,,,,
CLK3,,,,,,,,,,,,
EDC3,,,,,,,,,,,,
CSK,,,,,,,,,,,,
ULK3,,,,,,,,,,,,
SCAMP2,,,,,,,,,,,,
MPI,,,,,,,,,,,,
FAM219B,,,,,,,,,,,,
COX5A,,,,,,,,,,,,
RPP25,,,,,,,,,,,,
SCAMP5,,,,,,,,,,,,
PPCDC,,,,,,,,,,,,
C15orf39,,,,,,,0.057587149537937046,0.5879366102641788,0.3227618799010579,,,
COMMD4,,,,,,,,,,,,
MAN2C1,,,,-0.9851684305745374,-0.2858910378695756,-0.6355297342220565,,,,,,
SIN3A,,,,,,,,,,,,
PTPN9,,,,,,,,,,,,
SNUPN,,,,-0.9842903869923684,-0.30973282507456285,-0.6470116060334656,,,,,,
IMP3,,,,,,,,,,,,
UBE2Q2,,,,,,,,,,,,
FBXO22,,,,,,,,,,,,
NRG4,,,,,,,,,,,,
TMEM266,,,,,,,,,,,,
ETFA,,,,,,,,,,,,
ISL2,,,,,,,,,,,,
SCAPER,,,,,,,,,,,,
RCN2,,,,,,,,,,,,
TSPAN3,,,,,,,,,,,,
PEAK1,,,,-0.9810655581585505,-0.1525519180746792,-0.5668087381166148,,,,,,
HMG20A,,,,,,,,,,,,
LINGO1,,,,,,,,,,,,
TBC1D2B,,,,,,,,,,,,
CIB2,,,,,,,,,,,,
IDH3A,0.0821106859851334,0.3210324401075433,0.20157156304633833,,,,,,,,,
SKIC8,,,,,,,,,,,,
IREB2,,,,,,,,,,,,
HYKK,,,,,,,,,,,,
PSMA4,,,,,,,,,,,,
CHRNA5,,,,,,,,,,,,
MORF4L1,,,,,,,,,,,,
CTSH,,,,,,,,,,,,
TMED3,,,,,,,,,,,,
MTHFS,,,,,,,,,,,,
ZFAND6,,,,,,,,,,,,
FAH,,,,,,,,,,,,
ABHD17C,,,,,,,,,,,,
MESD,,,,,,,,,,,,
TLNRD1,,,,,,,,,,,,
EFL1,,,,,,,,,,,,
RPS17,,,,,,,,,,,,
CPEB1,,,,,,,,,,,,
WHAMM,,,,,,,,,,,,
HOMER2,,,,,,,,,,,,
RAMAC,,,,,,,,,,,,
C15orf40,,,,,,,,,,,,
BTBD1,,,,,,,,,,,,
HDGFL3,,,,,,,,,,,,
SH3GL3,,,,,,,,,,,,
ZSCAN2,,,,,,,,,,,,
WDR73,,,,,,,,,,,,
NMB,,,,,,,,,,,,
SEC11A,,,,-0.9757175707058239,-0.2454564564060309,-0.6105870135559274,,,,,,
ZNF592,,,,,,,,,,,,
PDE8A,,,,,,,,,,,,
AKAP13,,,,,,,,,,,,
KLHL25,,,,-0.7937470636355338,-0.7937470636355338,-0.7937470636355338,,,,,,
AGBL1,-0.08897879008170011,-0.021732792001977128,-0.05535579104183862,,,,,,,-0.15375338832568694,-0.007129224745620011,-0.08044130653565347
MRPL46,,,,,,,,,,,,
MRPS11,,,,,,,,,,,,
DET1,,,,,,,,,,,,
AEN,,,,,,,,,,,,
MFGE8,,,,,,,,,,,,
ABHD2,,,,,,,,,,,,
FANCI,,,,,,,,,,,,
POLG,,,,,,,,,,,,
TICRR,,,,,,,,,,,,
KIF7,,,,,,,,,,,,
PEX11A,,,,,,,,,,,,
MESP1,,,,,,,,,,,,
AP3S2,,,,,,,,,,,,
ARPIN,,,,,,,,,,,,
ZNF710,,,,,,,,,,,,
IDH2,,,,,,,,,,,,
SEMA4B,,,,,,,,,,,,
CIB1,,,,,,,,,,,,
GDPGP1,,,,,,,,,,,,
NGRN,,,,,,,,,,,,
IQGAP1,,,,,,,,,,,,
CRTC3,,,,,,,,,,,,
BLM,,,,,,,,,,,,
FURIN,,,,,,,,,,,,
HDDC3,,,,,,,,,,,,
UNC45A,,,,,,,,,,,,
RCCD1,,,,,,,,,,,,
PRC1,0.12359575066074785,0.27977844897190185,0.20168709981632485,,,,,,,,,
FAM174B,,,,,,,,,,,,
CHD2,,,,,,,,,,,,
RGMA,,,,,,,,,,,,
NR2F2,,,,,,,,,,,,
IGF1R,,,,,,,,,,,,
TTC23,,,,,,,,,,,,
LRRC28,,,,,,,,,,,,
MEF2A,,,,,,,,,,,,
LYSMD4,,,,,,,,,,,,
ADAMTS17,,,,,,,,,,,,
LINS1,,,,,,,,,,,,
ASB7,0.07136366052022125,0.26501337644346107,0.16818851848184116,,,,,,,,,
CHSY1,,,,,,,,,,,,
SELENOS,,,,,,,,,,,,
SNRPA1,,,,,,,,,,,,
PCSK6,,,,,,,,,,,,
TM2D3,,,,,,,,,,,,
TARS3,,,,,,,,,,,,
POLR3K,,,,,,,,,,,,
SNRNP25,,,,,,,,,,,,
MPG,,,,,,,,,,,,
NPRL3,,,,,,,,,,,,
HBQ1,,,,,,,,,,,,
LUC7L,,,,,,,,,,,,
FAM234A,,,,,,,,,,,,
ARHGDIG,,,,,,,,,,,,
AXIN1,,,,,,,,,,,,
MRPL28,,,,,,,,,,,,
PGAP6,,,,,,,,,,,,
NME4,,,,,,,,,,,,
RAB11FIP3,,,,,,,,,,,,
CAPN15,,,,,,,,,,,,
PIGQ,,,,,,,,,,,,
RAB40C,,,,,,,,,,,,
METTL26,,,,,,,,,,,,
MCRIP2,,,,,,,,,,,,
WDR90,,,,,,,,,,,,
RHOT2,,,,,,,,,,,,
STUB1,,,,,,,,,,,,
JMJD8,,,,,,,,,,,,
METRN,,,,,,,,,,,,
ANTKMT,,,,,,,,,,,,
HAGHL,,,,,,,,,,,,
CIAO3,,,,,,,,,,,,
RPUSD1,,,,,,,,,,,,
CHTF18,,,,-0.9850273313080892,-0.2538299635863805,-0.6194286474472348,,,,,,
LMF1,,,,,,,,,,,,
CACNA1H,,,,,,,,,,,,
UBE2I,,,,,,,,,,,,
TSR3,,,,,,,,,,,,
GNPTG,,,,,,,,,,,,
UNKL,,,,,,,,,,,,
UQCC4,,,,,,,,,,,,
CLCN7,,,,,,,,,,,,
TELO2,,,,,,,,,,,,
IFT140,,,,,,,,,,,,
CRAMP1,,,,,,,,,,,,
JPT2,,,,,,,,,,,,
MAPK8IP3,,,,,,,,,,,,
NME3,,,,,,,,,,,,
MRPS34,,,,,,,,,,,,
SPSB3,,,,,,,,,,,,
NUBP2,,,,,,,,,,,,
HAGH,,,,,,,,,,,,
FAHD1,,,,,,,,,,,,
MSRB1,,,,,,,,,,,,
NDUFB10,,,,,,,,,,,,
RPS2,0.10169988436620825,0.2508427075736172,0.17627129596991273,,,,,,,,,
TBL3,,,,,,,,,,,,
GFER,,,,,,,,,,,,
ZNF598,,,,,,,,,,,,
NPW,,,,,,,,,,,,
NHERF2,,,,,,,,,,,,
NTHL1,,,,,,,,,,,,
TSC2,,,,-0.9871573013461592,-0.36233450267154627,-0.6747459020088528,,,,,,
PKD1,,,,,,,,,,,,
TRAF7,,,,,,,,,,,,
MLST8,,,,,,,,,,,,
PGP,,,,,,,,,,,,
E4F1,,,,,,,,,,,,
ECI1,,,,,,,,,,,,
RNPS1,,,,,,,,,,,,
ABCA3,,,,,,,,,,,,
CCNF,,,,,,,,,,,,
TEDC2,,,,-0.8271565735019263,-0.8271565735019263,-0.8271565735019263,,,,,,
TBC1D24,,,,,,,,,,,,
ATP6V0C,,,,,,,,,,,,
AMDHD2,,,,,,,,,,,,
PDPK1,,,,,,,,,,,,
KCTD5,,,,,,,,,,,,
SRRM2,,,,,,,,,,,,
ELOB,,,,,,,,,,,,
FLYWCH2,,,,,,,,,,,,
FLYWCH1,,,,,,,,,,,,
PKMYT1,,,,,,,,,,,,
PAQR4,,,,,,,,,,,,
TNFRSF12A,,,,,,,,,,,,
HCFC1R1,,,,,,,,,,,,
THOC6,,,,,,,,,,,,
ZNF205,,,,,,,,,,,,
ZNF200,,,,,,,,,,,,
ZNF263,,,,,,,,,,,,
ZNF75A,,,,,,,,,,,,
ZSCAN32,,,,,,,,,,,,
ZNF174,,,,,,,,,,,,
NAA60,,,,,,,,,,,,
CLUAP1,,,,,,,,,,,,
SLX4,,,,,,,,,,,,
DNASE1,,,,,,,,,,,,
TRAP1,,,,,,,,,,,,
CREBBP,,,,,,,,,,,,
ADCY9,,,,,,,,,,,,
TFAP4,,,,,,,,,,,,
PAM16,,,,,,,,,,,,
CORO7,,,,,,,,,,,,
DNAJA3,,,,,,,,,,,,
NMRAL1,,,,,,,,,,,,
HMOX2,,,,,,,,,,,,
CDIP1,,,,-0.9915295273416058,-0.3173807752722718,-0.6544551513069388,,,,,,
UBALD1,,,,,,,,,,,,
MGRN1,,,,,,,,,,,,
NUDT16L1,,,,,,,,,,,,
ANKS3,,,,,,,,,,,,
ZNF500,,,,,,,,,,,,
ROGDI,,,,,,,,,,,,
GLYR1,,,,,,,,,,,,
UBN1,,,,,,,,,,,,
SEC14L5,,,,,,,,,,-0.0878979737999984,-0.019162249610685217,-0.05353011170534181
ALG1,,,,-0.9835162985591354,-0.21646313832921069,-0.599989718444173,,,,,,
EEF2KMT,,,,,,,,,,,,
RBFOX1,-0.09528798153237414,-0.02416150712350163,-0.05972474432793788,-0.9389770437988191,-0.0970147736467274,-0.5179959087227732,,,,-0.10855213655548245,0.01623281234496122,-0.04615966210526061
METTL22,,,,,,,,,,,,
ABAT,,,,,,,,,,,,
PMM2,,,,,,,,,,,,
CARHSP1,,,,,,,,,,,,
USP7,0.07268149576030336,0.33205124335741715,0.20236636955886025,,,,,,,,,
HAPSTR1,,,,,,,,,,,,
ATF7IP2,,,,,,,,,,,,
EMP2,,,,,,,,,,,,
NUBP1,,,,,,,,,,,,
DEXI,,,,,,,,,,,,
CLEC16A,,,,,,,,,,,,
RMI2,,,,,,,,,,,,
ENSG00000188897,,,,,,,,,,,,
LITAF,,,,,,,,,,,,
SNN,,,,,,,,,,,,
TXNDC11,,,,,,,,,,,,
ZC3H7A,,,,,,,,,,,,
RSL1D1,0.06853927086707455,0.28761508171772915,0.17807717629240186,,,,,,,0.05842559792238527,0.4223821727653048,0.24040388534384505
GSPT1,0.13066680366366754,0.33732343519059704,0.2339951194271323,,,,0.15228404697131118,0.4919255343727982,0.32210479067205466,,,
SNX29,,,,,,,,,,,,
CPPED1,,,,,,,,,,,,
ERCC4,,,,,,,,,,,,
MRTFB,,,,,,,,,,,,
PARN,,,,,,,,,,,,
BFAR,,,,,,,,,,,,
NOMO1,,,,,,,,,,,,
PDXDC1,,,,,,,,,,,,
NTAN1,,,,,,,,,,,,
RRN3,0.02919015851321001,0.28360595182719345,0.15639805517020172,,,,,,,,,
MARF1,,,,,,,,,,,,
NDE1,0.055364089154158615,0.30514259612487876,0.1802533426395187,,,,,,,,,
CEP20,,,,,,,,,,,,
ABCC1,,,,-0.982815645193647,-0.19690224224060277,-0.5898589437171249,,,,,,
NOMO3,,,,,,,,,,,,
XYLT1,,,,,,,,,,,,
NOMO2,,,,,,,,,,,,
RPS15A,,,,,,,,,,,,
ARL6IP1,0.11201966056420509,0.28841359944999867,0.20021663000710188,,,,,,,0.06136777852068081,0.2592280338973595,0.16029790620902015
SMG1,,,,,,,,,,,,
TMC7,,,,,,,,,,,,
COQ7,,,,,,,,,,,,
ITPRIPL2,,,,,,,,,,,,
GDE1,,,,,,,,,,,,
CCP110,,,,,,,,,,,,
VPS35L,,,,,,,,,,,,
KNOP1,,,,,,,,,,,,
IQCK,,,,,,,,,,,,
GPRC5B,,,,,,,,,,,,
THUMPD1,,,,,,,,,,,,
ERI2,,,,,,,,,,,,
REXO5,,,,,,,,,,,,
LYRM1,,,,,,,,,,,,
LDAF1,,,,,,,,,,,,
METTL9,,,,,,,,,,,,
NPIPB4,,,,,,,,,,,,
UQCRC2,0.0681390677095237,0.29903368552784204,0.18358637661868288,,,,,,,,,
MOSMO,,,,,,,,,,,,
EEF2K,,,,,,,,,,,,
POLR3E,,,,,,,,,,,,
CDR2,,,,,,,,,,,,
USP31,,,,,,,,,,,,
COG7,,,,,,,,,,,,
GGA2,,,,,,,,,,,,
EARS2,,,,,,,,,,,,
UBFD1,,,,,,,,,,,,
NDUFAB1,,,,,,,,,,,,
PALB2,,,,,,,,,,,,
DCTN5,,,,,,,,,,,,
PLK1,0.14140017425105667,0.3038179432586847,0.2226090587548707,,,,,,,,,
PRKCB,,,,,,,,,,,,
RBBP6,,,,,,,,,,,,
TNRC6A,,,,,,,,,,,,
ARHGAP17,,,,,,,,,,,,
LCMT1,,,,,,,,,,,,
NSMCE1,,,,,,,,,,,,
GTF3C1,,,,,,,,,,,,
KATNIP,,,,,,,,,,,,
XPO6,0.0674259627471653,0.3209853948898722,0.19420567881851875,,,,,,,,,
CLN3,,,,,,,,,,,,
SGF29,,,,,,,,,,,,
EIF3C,0.05334032055213833,0.24389633327144838,0.14861832691179336,,,,,,,,,
ATXN2L,,,,,,,,,,,,
TUFM,,,,,,,,,,,,
SH2B1,,,,,,,,,,,,
RABEP2,,,,,,,,,,,,
NFATC2IP,,,,,,,,,,,,
SPNS1,,,,,,,,,,,,
QPRT,,,,,,,,,,,,
KIF22,,,,,,,,,,,,
MAZ,,,,,,,,,,,,
PAGR1,,,,,,,,,,,,
MVP,,,,,,,,,,,,
CDIPT,,,,,,,,,,,,
SEZ6L2,,,,-0.9767520336128411,-0.21166349011598135,-0.5942077618644113,,,,,,
ASPHD1,,,,-0.9837717018287157,-0.2876126431347922,-0.6356921724817539,,,,,,
KCTD13,0.039793135071339705,0.2702474442761775,0.15502028967375858,,,,,,,,,
TMEM219,,,,,,,,,,,,
TAOK2,,,,,,,,,,,,
HIRIP3,,,,,,,,,,,,
INO80E,,,,,,,,,,,,
DOC2A,,,,,,,,,,,,
ALDOA,,,,,,,,,,,,
PPP4C,,,,,,,,,,,,
YPEL3,,,,,,,,,,,,
MAPK3,,,,,,,,,,,,
BOLA2B,,,,-0.9894555066904862,-0.29315129732060696,-0.6413034020055466,,,,,,
NPIPB13,0.04599352214197359,0.25500769014378233,0.15050060614287797,,,,,,,,,
CD2BP2,,,,,,,,,,,,
TBC1D10B,,,,,,,,,,,,
ZNF48,,,,,,,,,,,,
SEPTIN1,,,,,,,,,,,,
ZNF771,,,,,,,,,,,,
DCTPP1,,,,,,,,,,,,
SEPHS2,,,,,,,,,,,,
ZNF768,0.06455221095198639,0.3028300177407861,0.18369111434638624,,,,,,,,,
ZNF747,,,,-0.7349981465677987,-0.7349981465677987,-0.7349981465677987,,,,,,
ZNF764,,,,,,,,,,,,
ZNF688,,,,,,,,,,,,
ZNF689,,,,,,,,,,,,
PRR14,,,,,,,,,,,,
FBRS,,,,,,,,,,,,
SRCAP,,,,,,,,,,,,
PHKG2,,,,,,,,,,,,
CFAP119,,,,,,,,,,,,
RNF40,0.10468852060389999,0.33896080185747285,0.22182466123068642,,,,,,,,,
ZNF629,,,,,,,,,,,,
BCL7C,,,,,,,,,,,,
FBXL19,,,,,,,,,,,,
SETD1A,,,,,,,,,,,,
STX4,0.040473055797272305,0.34287324237015626,0.19167314908371427,,,,,,,,,
ZNF668,,,,,,,,,,,,
VKORC1,,,,,,,,,,,,
BCKDK,,,,,,,,,,,,
KAT8,,,,,,,,,,,,
FUS,0.10042105855727723,0.41092396892061417,0.25567251373894573,,,,,,,0.0019906612280960034,0.47302661296210363,0.2375086370950998
RUSF1,,,,,,,,,,,,
KRBOX5,,,,,,,,,,,,
ZNF267,0.08448448602833089,0.3180052395092786,0.20124486276880477,-0.9864740190181736,-0.3911827085858076,-0.6888283638019905,,,,0.08574087270909865,0.4628424988998529,0.27429168580447577
SHCBP1,,,,,,,,,,,,
VPS35,,,,,,,,,,,,
ORC6,,,,,,,,,,,,
C16orf87,,,,,,,,,,,,
GPT2,,,,,,,,,,,,
DNAJA2,0.1474375908215646,0.3956400435518347,0.27153881718669964,,,,,,,0.0575384428320199,0.41950581040077256,0.23852212661639624
NETO2,,,,,,,,,,,,
ITFG1,,,,,,,,,,,,
PHKB,,,,,,,,,,,,
LONP2,,,,,,,,,,,,
SIAH1,,,,,,,,,,,,
N4BP1,,,,,,,,,,,,
ZNF423,,,,,,,,,,,,
CNEP1R1,,,,,,,,,,,,
HEATR3,,,,,,,,,,,,
TENT4B,,,,,,,,,,,,
BRD7,,,,,,,,,,,,
CYLD,,,,,,,,,,,,
SALL1,,,,,,,,,,,,
HNRNPA1L3,,,,,,,,,,,,
CHD9,,,,,,,,,,,,
RBL2,,,,,,,,,,,,
AKTIP,,,,,,,,,,,,
RPGRIP1L,,,,,,,,,,,,
FTO,,,,,,,,,,,,
IRX3,,,,,,,,,,,,
IRX5,,,,,,,,,,,,
LPCAT2,,,,,,,,,,,,
AMFR,,,,,,,,,,,,
NUDT21,,,,,,,,,,,,
OGFOD1,,,,,,,,,,,,
BBS2,,,,,,,,,,,,
MT2A,,,,,,,,,,,,
MT1X,,,,,,,,,,,,
NUP93,,,,,,,,,,,,
HERPUD1,,,,,,,,,,,,
CPNE2,,,,-0.7428972337605684,-0.7428972337605684,-0.7428972337605684,,,,,,
PSME3IP1,,,,,,,,,,,,
RSPRY1,,,,,,,,,,,,
ARL2BP,0.05034880351081289,0.3407530539486435,0.1955509287297282,,,,,,,0.0036594572550579167,0.4506065901635708,0.22713302370931435
PLLP,,,,-0.7441136624344881,-0.7441136624344881,-0.7441136624344881,,,,,,
CIAPIN1,,,,,,,,,,,,
COQ9,,,,,,,,,,,,
POLR2C,,,,,,,,,,,,
CCDC102A,,,,-0.705859597981465,-0.705859597981465,-0.705859597981465,,,,,,
KATNB1,,,,,,,,,,,,
USB1,,,,,,,,,,,,
CFAP20,,,,,,,,,,,,
CSNK2A2,,,,,,,,,,,,
CCDC113,,,,,,,,,,,,
GINS3,,,,,,,,,,,,
SETD6,,,,,,,,,,,,
CNOT1,,,,,,,,,,,,
SLC38A7,,,,,,,,,,,,
GOT2,,,,,,,,,,,,
TK2,,,,,,,,,,,,
CKLF,,,,,,,,,,,,
CMTM3,,,,,,,,,,,,
CMTM4,,,,,,,,,,,,
DYNC1LI2,0.03925549900845584,0.3425128965196843,0.19088419776407006,,,,,,,0.07780899379300955,0.4360581858438452,0.2569335898184274
TERB1,,,,,,,,,,-0.12844243694477678,-0.027776394647892066,-0.07810941579633442
NAE1,,,,,,,,,,,,
PDP2,,,,,,,,,,,,
CIAO2B,,,,,,,,,,,,
CES2,,,,,,,,,,,,
CBFB,,,,,,,,,,,,
PHAF1,,,,,,,,,,,,
TRADD,,,,-0.7551264906000673,-0.7551264906000673,-0.7551264906000673,,,,,,
E2F4,,,,,,,,,,,,
TMEM208,,,,,,,,,,,,
FHOD1,,,,,,,,,,,,
ATP6V0D1,,,,,,,,,,,,
RIPOR1,,,,,,,,,,,,
CTCF,,,,,,,,,,,,
CARMIL2,,,,,,,,,,,,
ACD,,,,,,,,,,,,
GFOD2,,,,,,,,,,,,
RANBP10,,,,-0.9900753984033888,-0.40891539507944175,-0.6994953967414153,,,,,,
CENPT,,,,,,,,,,,,
THAP11,,,,,,,,,,,,
NUTF2,,,,,,,,,,,,
EDC4,,,,,,,,,,,,
PSKH1,,,,,,,,,,,,
PSMB10,,,,,,,,,,,,
DUS2,,,,,,,,,,,,
DDX28,,,,,,,,,,,,
NFATC3,,,,,,,,,,,,
SLC7A6,,,,,,,,,,,,
SLC7A6OS,,,,-0.9818184596347728,-0.23732710195097936,-0.609572780792876,,,,,,
PRMT7,,,,-0.9840231141533851,-0.302510612612671,-0.6432668633830281,,,,,,
ZFP90,,,,,,,,,,,,
TANGO6,,,,,,,,,,,,
UTP4,,,,,,,,,,,,
SNTB2,0.07232312178566633,0.3103640365170507,0.19134357915135852,,,,,,,0.07461110507303005,0.4458249382270387,0.2602180216500344
VPS4A,,,,,,,,,,,,
COG8,,,,,,,,,,,,
NIP7,,,,,,,,,,,,
TERF2,,,,,,,,,,,,
CYB5B,,,,,,,,,,,,
NFAT5,,,,,,,,,,,,
NOB1,,,,,,,,,,,,
WWP2,,,,-0.9820682551604695,-0.27712700996234807,-0.6295976325614088,,,,,,
PDPR,,,,,,,,,,,,
EXOSC6,,,,,,,,,,,,
AARS1,,,,,,,,,,,,
DDX19B,,,,,,,,,,,,
DDX19A,,,,,,,,,,,,
ST3GAL2,,,,,,,,,,,,
COG4,,,,,,,,,,,,
SF3B3,,,,,,,,,,,,
MTSS2,,,,,,,,,,,,
VAC14,,,,,,,,,,,,
ZNF23,,,,,,,,,,,,
PHLPP2,,,,,,,,,,,,
AP1G1,,,,,,,,,,,,
ATXN1L,,,,,,,,,,,,
IST1,,,,,,,,,,,,
ZNF821,,,,-0.9713123988148626,-0.27549138475688456,-0.6234018917858736,,,,,,
DHODH,,,,,,,,,,,,
TXNL4B,,,,,,,,,,,,
DHX38,0.153442165850353,0.41592113592576985,0.2846816508880614,,,,0.07333900451362582,0.4791461669432727,0.2762425857284493,0.1094730622514811,0.46601733949016744,0.2877452008708243
ZFHX3,,,,-0.9660629779796126,-0.24738804338899165,-0.6067255106843021,,,,,,
PSMD7,,,,,,,,,,,,
GLG1,,,,,,,,,,,,
RFWD3,,,,,,,,,,,,
WDR59,,,,,,,,,,,,
ZNRF1,,,,,,,,,,,,
ZFP1,,,,,,,,,,,,
BCAR1,,,,,,,,,,,,
CFDP1,,,,,,,,,,,,
TMEM170A,,,,,,,,,,,,
GABARAPL2,,,,,,,,,,,,
ADAT1,,,,,,,,,,,,
KARS1,,,,,,,,,,,,
TERF2IP,,,,,,,,,,,,
MON1B,,,,,,,,,,,,
SYCE1L,,,,,,,,,,,,
NUDT7,,,,,,,,,,,,
WWOX,,,,,,,,,,,,
MAF,,,,,,,,,,,,
CDYL2,,,,,,,,,,,,
CMC2,,,,,,,,,,,,
CENPN,,,,,,,,,,,,
ATMIN,,,,,,,,,,,,
C16orf46,,,,,,,,,,,,
GCSH,,,,,,,,,,,,
GAN,,,,,,,,,,,,
CMIP,,,,-0.9658512376524663,-0.2598725833054504,-0.6128619104789583,,,,,,
PLCG2,,,,,,,,,,,,
MPHOSPH6,,,,,,,,,,,,
CDH13,-0.0989667089387606,-0.015743388343379686,-0.05735504864107014,,,,,,,-0.09217060095886033,-0.010565814095431215,-0.05136820752714577
HSBP1,,,,,,,,,,,,
MLYCD,,,,,,,,,,,,
MBTPS1,0.06079350940444718,0.30142400325325425,0.1811087563288507,,,,,,,0.07276439208020008,0.4400644409662073,0.2564144165232037
HSDL1,,,,,,,,,,,,
TAF1C,,,,,,,,,,,,
MEAK7,,,,,,,,,,,,
COTL1,,,,,,,,,,,,
KLHL36,,,,,,,,,,,,
USP10,0.0675745837235182,0.3526296408790952,0.2101021123013067,,,,,,,,,
ZDHHC7,,,,,,,,,,,,
KIAA0513,,,,,,,,,,,,
GSE1,,,,,,,,,,,,
GINS2,,,,,,,,,,,,
C16orf74,,,,,,,,,,,,
EMC8,,,,,,,,,,,,
COX4I1,,,,,,,,,,,,
MTHFSD,,,,,,,,,,,,
C16orf95,,,,,,,,,,,,
FBXO31,,,,,,,,,,,,
MAP1LC3B,,,,,,,,,,,,
ZCCHC14,,,,,,,,,,,,
KLHDC4,,,,,,,,,,,,
SLC7A5,,,,,,,,,,,,
BANP,,,,,,,,,,,,
ZFPM1,,,,,,,,,,,,
ZC3H18,0.08272004729592018,0.3609941773950062,0.2218571123454632,,,,,,,,,
CYBA,,,,,,,,,,,,
MVD,,,,,,,,,,,,
RNF166,,,,,,,,,,,,
CTU2,,,,,,,,,,,,
PIEZO1,,,,,,,,,,,,
CDT1,,,,,,,,,,,,
APRT,,,,,,,,,,,,
GALNS,,,,,,,,,,,,
TRAPPC2L,,,,,,,,,,,,
ACSF3,,,,,,,,,,,,
ZNF778,,,,,,,,,,,,
ANKRD11,0.11730053797455647,0.38035803913407334,0.2488292885543149,,,,,,,0.04329668542374049,0.31117822893930586,0.17723745718152317
SPG7,,,,-0.9363345873502104,-0.08755301275882292,-0.5119438000545167,,,,,,
RPL13,,,,,,,,,,,,
CPNE7,,,,,,,,,,,,
CHMP1A,,,,,,,,,,,,
SPATA33,,,,,,,,,,,,
CDK10,,,,,,,,,,,,
SPATA2L,,,,-0.8106697427629662,-0.8106697427629662,-0.8106697427629662,,,,,,
VPS9D1,,,,,,,,,,,,
ZNF276,,,,-0.9850361685787621,-0.31509717416810906,-0.6500666713734355,,,,,,
FANCA,,,,,,,,,,,,
SPIRE2,,,,,,,,,,,,
TCF25,,,,,,,,,,,,
DEF8,,,,,,,,,,,,
DBNDD1,,,,,,,,,,,,
GAS8,,,,,,,,,,,,
RFLNB,,,,,,,,,,,,
VPS53,,,,,,,,,,,,
TLCD3A,,,,,,,,,,,,
GEMIN4,,,,,,,,,,,,
GLOD4,,,,,,,,,,,,
MRM3,,,,,,,,,,,,
NXN,,,,-0.9406992461446009,-0.1437898309892424,-0.5422445385669217,,,,,,
TIMM22,,,,,,,,,,,,
ABR,,,,,,,,,,,,
YWHAE,,,,,,,,,,,,
CRK,,,,,,,,,,,,
MYO1C,,,,,,,,,,,,
INPP5K,,,,-0.7753583515120815,-0.7753583515120815,-0.7753583515120815,,,,,,
PITPNA,,,,,,,,,,,,
PRPF8,0.05367816828142818,0.36337167174378787,0.20852492001260803,,,,,,,,,
TLCD2,,,,,,,,,,,,
WDR81,,,,,,,,,,,,
SERPINF1,,,,,,,,,,,,
SMYD4,,,,,,,,,,,,
RPA1,,,,,,,,,,,,
DPH1,,,,,,,,,,,,
SMG6,,,,,,,,,,,,
SRR,,,,,,,,,,,,
TSR1,0.07017016251750802,0.32405301049091056,0.1971115865042093,,,,0.03740548832883164,0.5117630585555925,0.27458427344221203,,,
SGSM2,,,,,,,,,,,,
MNT,,,,,,,,,,,,
METTL16,0.002117017299263163,0.23377941119116022,0.1179482142452117,,,,,,,,,
PAFAH1B1,,,,,,,,,,-0.020321297101160145,0.41645350030682227,0.19806610160283106
CLUH,,,,,,,,,,,,
RAP1GAP2,,,,,,,,,,,,
TRPV1,,,,,,,,,,,,
SHPK,,,,,,,,,,,,
CTNS,,,,,,,,,,,,
TAX1BP3,,,,,,,,,,,,
EMC6,,,,,,,,,,,,
ITGAE,,,,,,,,,,,,
NCBP3,0.06268441158519128,0.3003598837396983,0.1815221476624448,,,,,,,,,
CAMKK1,,,,,,,,,,,,
ZZEF1,,,,,,,,,,,,
CYB5D2,,,,,,,,,,,,
ANKFY1,,,,,,,,,,,,
UBE2G1,,,,,,,,,,,,
MYBBP1A,,,,,,,,,,,,
PELP1,,,,,,,,,,,,
ARRB2,,,,,,,,,,,,
MED11,,,,,,,,,,,,
PSMB6,,,,,,,,,,,,
MINK1,,,,,,,,,,,,
CHRNE,,,,,,,,,,,,
SLC25A11,,,,,,,,,,,,
RNF167,,,,,,,,,,,,
PFN1,,,,,,,,,,,,
SPAG7,,,,,,,,,,,,
CAMTA2,,,,,,,,,,,,
KIF1C,,,,,,,,,,,,
ZNF232,,,,,,,,,,,,
ZNF594,,,,,,,,,,,,
RABEP1,0.08788481142750504,0.3837690658270345,0.23582693862726978,,,,,,,0.0646451295585431,0.4755923107889519,0.2701187201737475
NUP88,,,,,,,,,,,,
RPAIN,,,,,,,,,,,,
C1QBP,,,,,,,,,,,,
DHX33,,,,-0.9786944694833715,-0.25539463269955803,-0.6170445510914647,,,,,,
DERL2,,,,,,,,,,,,
MIS12,,,,,,,,,,,,
WSCD1,,,,,,,,,,,,
PIMREG,,,,,,,,,,,,
KIAA0753,,,,,,,,,,,,
TXNDC17,,,,,,,,,,,,
MED31,,,,,,,,,,,,
RNASEK,,,,,,,,,,,,
C17orf49,,,,,,,,,,,,
ACADVL,,,,,,,,,,,,
DVL2,,,,,,,,,,,,
PHF23,0.06831815928595963,0.28366779836986256,0.1759929788279111,,,,,,,,,
GABARAP,,,,,,,,,,,,
CTDNEP1,,,,,,,,,,,,
ELP5,,,,,,,,,,,,
EIF5A,,,,,,,,,,,,
GPS2,,,,,,,,,,,,
NEURL4,,,,,,,,,,,,
TMEM256,,,,,,,,,,,,
NLGN2,,,,,,,,,,,,
ZBTB4,,,,,,,,,,,,
POLR2A,,,,,,,,,,,,
SENP3,,,,,,,,,,,,
EIF4A1,,,,,,,,,,,,
MPDU1,,,,,,,,,,,,
FXR2,,,,,,,,,,,,
SAT2,,,,,,,,,,,,
ATP1B2,,,,,,,,,,,,
TP53,-0.3570543871657539,-0.07920941129677032,-0.2181318992312621,,,,,,,,,
WRAP53,,,,-0.802518284253358,-0.802518284253358,-0.802518284253358,,,,,,
KDM6B,,,,,,,,,,,,
NAA38,,,,,,,,,,,,
CYB5D1,,,,-0.7698525641612047,-0.7698525641612047,-0.7698525641612047,,,,,,
CHD3,0.08069151308003665,0.3122007997747145,0.19644615642737556,,,,,,,0.051771511303598035,0.40418469764777387,0.22797810447568595
TRAPPC1,,,,,,,,,,,,
CNTROB,,,,,,,,,,,,
PER1,,,,,,,,,,,,
VAMP2,,,,,,,,,,,,
TMEM107,,,,,,,,,,,,
BORCS6,,,,,,,,,,,,
AURKB,,,,,,,,,,,,
CTC1,,,,,,,,,,,,
PFAS,,,,,,,,,,,,
RANGRF,,,,,,,,,,,,
RPL26,,,,,,,,,,,,
NDEL1,,,,,,,,,,,,
MYH10,0.14868302852670004,0.40144917351276843,0.2750661010197342,,,,,,,0.07510399554937193,0.35007991390594334,0.21259195472765763
NTN1,,,,,,,,,,,,
STX8,,,,,,,,,,,,
SCO1,,,,,,,,,,,,
DNAH9,-0.11645534935972394,-0.03702684663170665,-0.0767410979957153,,,,,,,-0.16246533441016467,-0.03950483524617452,-0.10098508482816959
MAP2K4,,,,,,,,,,,,
ARHGAP44,,,,,,,,,,,,
ELAC2,,,,,,,,,,,,
HS3ST3A1,,,,,,,,,,,,
COX10,,,,-0.9819524277745593,-0.24034919592287118,-0.6111508118487152,,,,,,
HS3ST3B1,,,,,,,,,,,,
PMP22,,,,,,,,,,,,
TVP23C,,,,,,,,,,,,
TRIM16,,,,,,,,,,,,
ZNF286A,,,,,,,,,,,,
ADORA2B,,,,,,,,,,,,
ZSWIM7,,,,,,,,,,,,
TTC19,,,,,,,,,,,,
NCOR1,0.015182895345390496,0.30684122071848097,0.16101205803193575,,,,,,,,,
PIGL,,,,,,,,,,,,
CENPV,,,,,,,,,,,,
UBB,,,,,,,,,,,,
LRRC75A,-0.3455738920560257,-0.1209430771616118,-0.23325848460881873,,,,-0.5861919841444418,-0.07434567724084809,-0.33026883069264495,,,
MPRIP,,,,,,,,,,,,
PLD6,,,,,,,,,,,,
FLCN,,,,,,,,,,,,
COPS3,,,,,,,,,,,,
NT5M,,,,,,,,,,,,
MED9,,,,,,,,,,,,
PEMT,,,,,,,,,,,,
RAI1,,,,,,,,,,,,
SREBF1,,,,,,,,,,,,
TOM1L2,,,,-0.9894534972904285,-0.34984604148500875,-0.6696497693877186,,,,,,
ATPAF2,,,,,,,,,,,,
GID4,,,,,,,,,,,,
DRG2,,,,,,,,,,,,
ALKBH5,,,,,,,,,,,,
LLGL1,,,,,,,,,,,,
FLII,,,,,,,,,,,,
TOP3A,,,,,,,,,,,,
SMCR8,,,,,,,,,,,,
SHMT1,,,,,,,,,,,,
TVP23B,,,,,,,,,,,,
PRPSAP2,0.07290417576590266,0.3984443429561892,0.2356742593610459,,,,,,,,,
EPN2,,,,,,,,,,,,
B9D1,,,,,,,,,,,,
SLC47A1,,,,,,,,,,,,
ALDH3A2,,,,,,,,,,,,
ULK2,,,,,,,,,,,,
AKAP10,,,,,,,,,,,,
SPECC1,0.03406590042317311,0.29963423647754256,0.16685006845035782,,,,,,,,,
USP22,,,,,,,,,,,,
DHRS7B,,,,,,,,,,,,
TMEM11,,,,,,,,,,,,
MAP2K3,,,,,,,,,,,,
KCNJ12,,,,-0.7171151744698184,-0.7171151744698184,-0.7171151744698184,,,,,,
WSB1,,,,,,,,,,,,
KSR1,,,,-0.9786658291397359,-0.24489724931765056,-0.6117815392286932,,,,,,
NLK,,,,,,,,,,,,
TMEM97,,,,,,,,,,,,
IFT20,,,,,,,,,,,,
TNFAIP1,,,,,,,,,,,,
POLDIP2,,,,,,,,,,,,
TMEM199,,,,,,,,,,,,
SARM1,,,,,,,,,,,,
SLC46A1,,,,,,,,,,,,
RSKR,,,,-0.9853600430293885,-0.27002040254621584,-0.6276902227878022,,,,,,
UNC119,,,,,,,,,,,,
PIGS,,,,,,,,,,,,
SPAG5,0.06733067446467482,0.3013398526320679,0.18433526354837138,,,,,,,,,
BLTP2,,,,,,,,,,,,
SDF2,,,,,,,,,,,,
SUPT6H,0.12101146122107909,0.4108713574756173,0.2659414093483482,,,,,,,0.08885284154746871,0.5181152382532855,0.30348403990037714
RAB34,,,,,,,,,,,,
RPL23A,,,,,,,,,,,,
TLCD1,,,,,,,,,,,,
NEK8,,,,,,,,,,,,
TRAF4,,,,,,,,,,,,
FAM222B,,,,-0.9878254757500519,-0.2611601291421958,-0.6244928024461238,,,,,,
ERAL1,,,,,,,,,,,,
FLOT2,,,,-0.7699167124374475,-0.7699167124374475,-0.7699167124374475,,,,,,
DHRS13,,,,,,,,,,,,
PHF12,,,,,,,,,,,,
MYO18A,,,,,,,,,,,,
NUFIP2,0.09937994151792227,0.32083724703819094,0.21010859427805662,,,,,,,,,
TAOK1,0.04452576800262755,0.31746305089709265,0.1809944094498601,,,,,,,0.011454184858819912,0.46006531195759676,0.23575974840820835
TP53I13,,,,,,,,,,,,
GIT1,,,,,,,,,,,,
ANKRD13B,,,,,,,,,,,,
SSH2,,,,,,,,,,,,
NSRP1,,,,,,,,,,,,
BLMH,,,,,,,,,,,,
CPD,,,,,,,,,,,,
GOSR1,,,,,,,,,,,,
CRLF3,,,,,,,,,,,,
ATAD5,,,,,,,,,,,,
TEFM,,,,,,,,,,,,
ADAP2,,,,,,,,,,,,
RNF135,,,,,,,,,,,,
NF1,,,,,,,,,,,,
OMG,,,,,,,,,,,,
RAB11FIP4,,,,,,,,,,,,
COPRS,,,,,,,,,,,,
UTP6,0.07768608106666537,0.37057749788245015,0.22413178947455775,,,,,,,,,
SUZ12,0.06498934171430569,0.33837069366256856,0.20168001768843713,,,,,,,0.041238842536516516,0.3520059864304763,0.1966224144834964
LRRC37B,,,,,,,,,,,,
RHOT1,,,,,,,,,,,,
RHBDL3,,,,,,,,,,,,
C17orf75,,,,,,,,,,,,
ZNF207,,,,,,,,,,,,
PSMD11,,,,,,,,,,,,
MYO1D,,,,,,,,,,,,
TMEM98,,,,,,,,,,,,
ZNF830,,,,,,,,,,,,
LIG3,,,,,,,,,,,,
RFFL,,,,-0.9913176417278049,-0.3773248594427042,-0.6843212505852545,,,,,,
RAD51D,,,,,,,,,,,,
NLE1,,,,,,,,,,,,
AP2B1,,,,,,,,,,,,
RASL10B,,,,,,,,,,,,
TAF15,0.24438594606980746,0.45001829895374673,0.34720212251177707,,,,0.01654819231414581,0.39350564472401944,0.2050269185190826,0.041701258511539836,0.4116561004177651,0.22667867946465248
RDM1,,,,,,,,,,,,
ZNHIT3,,,,,,,,,,,,
MYO19,,,,-0.9859862384627279,-0.3108283470867868,-0.6484072927747574,,,,,,
PIGW,,,,,,,,,,,,
GGNBP2,,,,,,,,,,,,
DHRS11,,,,,,,,,,,,
MRM1,-0.42034806906482797,-0.13430666913142042,-0.27732736909812417,,,,,,,,,
LHX1,,,,,,,,,,,,
AATF,0.16210309446012444,0.4080124071082994,0.2850577507842119,,,,0.10768875073844812,0.4888790860162461,0.2982839183773471,0.07587891975595848,0.4896481437357035,0.28276353174583096
ACACA,,,,,,,,,,,,
TADA2A,,,,,,,,,,,,
DUSP14,,,,,,,,,,,,
SYNRG,,,,,,,,,,,,
DDX52,,,,,,,,,,,,
MRPL45,,,,,,,,,,,,
SOCS7,,,,,,,,,,,,
MLLT6,,,,,,,,,,,,
CISD3,,,,,,,,,,,,
PCGF2,,,,,,,,,,,,
PSMB3,,,,,,,,,,,,
PIP4K2B,,,,,,,,,,,,
CWC25,,,,,,,,,,,,
RPL23,0.022250402300172657,0.2675219125857101,0.1448861574429414,,,,,,,,,
LASP1,,,,,,,,,,,,
RPL19,,,,,,,,,,,,
FBXL20,,,,,,,0.053935754299110995,0.34275092683092434,0.19834334056501768,,,
MED1,,,,,,,,,,,,
CDK12,0.059413550341083955,0.24253968287721958,0.15097661660915176,,,,,,,0.1353560474902925,0.4581985888230475,0.29677731815666997
STARD3,,,,,,,,,,,,
ERBB2,,,,,,,,,,,,
MIEN1,,,,,,,,,,,,
IKZF3,,,,,,,,,,,,
ORMDL3,,,,,,,,,,,,
PSMD3,,,,,,,,,,,,
MED24,,,,,,,,,,,,
THRA,,,,,,,,,,,,
MSL1,,,,,,,,,,,,
CASC3,0.09160432888833633,0.30334344452865863,0.19747388670849747,,,,,,,0.08681757735010152,0.4355855403459514,0.2612015588480265
WIPF2,,,,,,,,,,,,
CDC6,,,,,,,,,,,,
RARA,,,,,,,,,,,,
TOP2A,0.1573471508811426,0.3435390213160955,0.25044308609861904,,,,,,,0.13973221311760275,0.49362946832915744,0.3166808407233801
SMARCE1,0.13565629058987141,0.3814102727420075,0.2585332816659395,,,,,,,,,
KRT10,,,,,,,,,,,,
EIF1,,,,,,,,,,,,
JUP,0.06860523357966015,0.3210261939720419,0.19481571377585102,,,,,,,0.08902057443080505,0.42724076830846786,0.25813067136963647
P3H4,0.04539045547605385,0.29702037400925596,0.1712054147426549,,,,,,,,,
FKBP10,,,,,,,,,,,,
NT5C3B,,,,,,,,,,,,
KLHL11,,,,,,,,,,,,
ACLY,,,,,,,,,,,,
CNP,,,,,,,,,,,,
DNAJC7,0.07386123049534486,0.32420518480989857,0.19903320765262172,,,,,,,,,
NKIRAS2,,,,,,,,,,,,
KAT2A,,,,,,,,,,,,
RAB5C,,,,,,,,,,,,
STAT5B,,,,,,,,,,,,
STAT3,,,,,,,,,,,,
ATP6V0A1,,,,,,,,,,,,
NAGLU,,,,,,,,,,,,
COASY,,,,,,,,,,,,
MLX,,,,,,,,,,,,
PSMC3IP,,,,,,,,,,,,
RETREG3,,,,,,,,,,,,
TUBG1,,,,,,,,,,,,
PLEKHH3,,,,,,,,,,,,
EZH1,,,,,,,,,,,,
RAMP2,,,,,,,,,,,,
VPS25,,,,,,,,,,,,
COA3,,,,,,,,,,,,
BECN1,,,,,,,,,,,,
PSME3,0.08556275290943574,0.32118852682213445,0.2033756398657851,,,,,,,,,
AARSD1,,,,,,,,,,,,
RUNDC1,,,,,,,,,,,,
RPL27,,,,,,,,,,,,
VAT1,,,,,,,,,,,,
RND2,,,,,,,,,,,,
BRCA1,,,,,,,,,,,,
NBR1,,,,,,,,,,,,
CCDC200,,,,,,,,,,,,
ARL4D,,,,,,,,,,,,
DHX8,,,,,,,,,,,,
DUSP3,,,,,,,,,,,,
MPP3,,,,-0.7789023573822074,-0.7789023573822074,-0.7789023573822074,,,,,,
MPP2,,,,,,,,,,,,
TMEM101,,,,,,,,,,,,
LSM12,,,,,,,,,,,,
G6PC3,,,,,,,,,,,,
HDAC5,,,,,,,,,,,,
HROB,,,,,,,,,,,,
TMUB2,,,,,,,,,,,,
ATXN7L3,,,,,,,,,,,,
UBTF,0.12752254081357128,0.40043701518751934,0.2639797780005453,,,,,,,0.12141870096415812,0.4772123263015666,0.29931551363286235
SLC25A39,,,,,,,,,,,,
GRN,,,,,,,,,,,,
GPATCH8,0.10743417343296023,0.30889866510965125,0.20816641927130575,,,,,,,-0.007861175953568798,0.36071236957832575,0.1764255968123785
MEIOC,,,,,,,,,,,,
CCDC43,,,,,,,,,,,,
DBF4B,,,,,,,,,,,,
ADAM11,,,,-0.8831447084506903,-0.12208692179017959,-0.502615815120435,,,,,,
GJC1,,,,-0.975624814959754,-0.26789696222066445,-0.6217608885902092,,,,,,
EFTUD2,,,,,,,,,,,,
KIF18B,,,,,,,,,,,,
NMT1,,,,,,,,,,,,
DCAKD,,,,-0.9884660913862805,-0.2796447008197788,-0.6340553961030296,,,,,,
PLCD3,,,,,,,,,,,,
HEXIM1,,,,,,,,,,,,
MAP3K14,,,,,,,,,,,,
PLEKHM1,,,,,,,,,,,,
MAPT,,,,,,,,,,,,
KANSL1,,,,,,,,,,,,
ARL17B,,,,,,,,,,,,
ARL17A,,,,,,,,,,,,
LRRC37A2,,,,,,,,,,,,
NSF,,,,,,,,,,,,
GOSR2,,,,,,,,,,,,
RPRML,,,,,,,,,,,,
CDC27,0.047982756837819295,0.3265940823180682,0.18728841957794373,,,,,,,,,
NPEPPS,,,,,,,,,,,,
KPNB1,,,,,,,,,,,,
TBKBP1,,,,,,,,,,,,
MRPL10,,,,,,,,,,,,
SCRN2,,,,,,,,,,,,
SP2,,,,,,,,,,,,
PNPO,,,,,,,,,,,,
CDK5RAP3,,,,,,,,,,,,
NFE2L1,0.05686101790745804,0.2665109789665109,0.16168599843698445,,,,,,,,,
CBX1,,,,,,,,,,,,
SNX11,,,,,,,,,,,,
HOXB2,,,,,,,,,,,,
HOXB3,,,,,,,,,,,,
HOXB6,,,,,,,,,,,,
HOXB7,,,,,,,,,,,,
HOXB8,,,,,,,,,,,,
HOXB9,,,,,,,,,,,,
CALCOCO2,0.10885563879325487,0.2956666106600052,0.20226112472663005,,,,,,,,,
ATP5MC1,,,,,,,,,,,,
UBE2Z,,,,,,,,,,,,
SNF8,,,,,,,,,,,,
IGF2BP1,,,,,,,,,,,,
ZNF652,,,,,,,,,,,,
PHB1,,,,,,,,,,,,
SPOP,0.11463059961704283,0.40853332249275726,0.26158196105490006,,,,,,,0.13359787294597644,0.5261427928113471,0.3298703328786618
SLC35B1,,,,,,,,,,,,
FAM117A,,,,,,,,,,,,
KAT7,,,,,,,,,,,,
PDK2,,,,,,,,,,,,
PPP1R9B,0.11349465158487705,0.3178693711878898,0.21568201138638343,,,,,,,,,
XYLT2,,,,,,,,,,,,
MRPL27,,,,,,,,,,,,
EME1,,,,-0.7333657317302483,-0.7333657317302483,-0.7333657317302483,,,,,,
LRRC59,0.06723611425912851,0.3310872404602297,0.1991616773596791,,,,,,,,,
RSAD1,,,,,,,,,,,,
ANKRD40,,,,-0.9915461090457233,-0.3748871601099366,-0.6832166345778299,,,,,,
LUC7L3,0.15159934586059615,0.42667456763452816,0.2891369567475621,,,,,,,0.04615532018645006,0.4345525141799085,0.24035391718317928
TOB1,,,,,,,,,,,,
SPAG9,,,,,,,,,,,,
NME1,,,,,,,,,,,,
NME2,,,,,,,,,,,,
MBTD1,,,,,,,,,,,,
UTP18,,,,,,,,,,,,
TOM1L1,,,,,,,,,,,,
COX11,,,,,,,,,,,,
STXBP4,,,,,,,,,,,,
MMD,,,,,,,,,,,,
PCTP,,,,,,,,,,,,
NOG,,,,,,,,,,-0.0970970789677338,0.0135763613719707,-0.04176035879788155
C17orf67,,,,,,,,,,,,
DGKE,,,,,,,,,,,,
TRIM25,,,,,,,,,,,,
COIL,0.02157674500363205,0.2561971093483155,0.13888692717597378,,,,,,,,,
SCPEP1,,,,,,,,,,,,
AKAP1,,,,,,,,,,,,
MSI2,0.04145365756430388,0.3301319790929019,0.18579281832860287,,,,,,,,,
MRPS23,,,,,,,,,,,,
CUEDC1,,,,-0.9816678914802205,-0.25590469045015285,-0.6187862909651867,,,,,,
VEZF1,,,,,,,,,,,,
SRSF1,0.09911793039634463,0.3498075568807521,0.22446274363854837,,,,,,,,,
DYNLL2,,,,,,,,,,,,
MKS1,,,,,,,,,,,,
SUPT4H1,,,,,,,,,,,,
RNF43,,,,,,,,,,,,
MTMR4,,,,,,,,,,,,
TEX14,,,,,,,,,,,,
RAD51C,,,,,,,,,,,,
PPM1E,,,,,,,,,,,,
TRIM37,,,,,,,,,,,,
SKA2,,,,,,,,,,,,
PRR11,,,,,,,,,,,,
SMG8,,,,-0.8106697427629662,-0.8106697427629662,-0.8106697427629662,,,,,,
GDPD1,0.08782964297367628,0.30646937470163854,0.19714950883765742,,,,,,,,,
DHX40,,,,,,,,,,,,
CLTC,,,,,,,,,,,,
PTRH2,,,,,,,,,,,,
VMP1,,,,,,,,,,,,
TUBD1,,,,,,,,,,,,
RPS6KB1,,,,-0.9847691619872122,-0.3780576547405666,-0.6814134083638894,,,,,,
RNFT1,,,,,,,,,,,,
HEATR6,,,,,,,,,,,,
USP32,,,,,,,,,,,,
APPBP2,,,,,,,,,,,,
PPM1D,,,,,,,,,,,,
BCAS3,,,,,,,,,,,,
TBX2,,,,-0.6393886692404158,-0.6393886692404158,-0.6393886692404158,,,,,,
BRIP1,,,,,,,,,,,,
INTS2,,,,,,,,,,,,
MED13,,,,,,,,,,,,
METTL2A,,,,,,,,,,,,
TLK2,0.06413382763594536,0.30572908877252414,0.18493145820423473,,,,,,,,,
MRC2,,,,,,,,,,,,
TANC2,,,,,,,,,,,,
DCAF7,0.03934884895095903,0.27351249224061625,0.15643067059578764,,,,,,,,,
TACO1,,,,,,,,,,,,
MAP3K3,,,,,,,,,,,,
STRADA,,,,,,,,,,,,
LIMD2,,,,-0.7782606227051025,-0.7782606227051025,-0.7782606227051025,,,,,,
CCDC47,0.12735009600565,0.39189048502582774,0.25962029051573887,,,,,,,0.09068677373596923,0.4859916866872295,0.28833923021159935
DDX42,0.11048482806447325,0.36012885523335547,0.23530684164891436,,,,,,,0.03495838036559535,0.47303206499922446,0.2539952226824099
FTSJ3,0.1082033131775336,0.36622480183847833,0.23721405750800595,,,,,,,0.08750717285916343,0.42804738006142984,0.25777727646029663
PSMC5,,,,,,,,,,,,
SMARCD2,,,,,,,,,,,,
ERN1,,,,-0.7208132004026159,-0.7208132004026159,-0.7208132004026159,,,,,,
TEX2,,,,,,,,,,,,
POLG2,,,,,,,,,,,,
DDX5,0.16060409353038144,0.33373724420434087,0.24717066886736117,,,,0.1429823289674774,0.4449339419425002,0.2939581354549888,0.08268521192026397,0.3484879029041899,0.21558655741222693
CEP95,,,,,,,,,,,,
SMURF2,,,,,,,,,,,,
LRRC37A3,,,,,,,,,,,,
GNA13,,,,,,,,,,,,
RGS9,,,,,,,,,,,,
CEP112,,,,,,,,,,,,
PRKCA,,,,,,,,,,,,
HELZ,,,,,,,,,,,,
PSMD12,0.02253393548539153,0.23409552795045088,0.1283147317179212,,,,,,,,,
PITPNC1,,,,,,,,,,,,
NOL11,,,,,,,,,,,,
BPTF,0.07843539784400898,0.32132974720213997,0.19988257252307448,,,,,,,0.1465406023177153,0.47741463580182875,0.311977619059772
C17orf58,,,,,,,,,,,,
KPNA2,0.07041598975616759,0.2971605293220031,0.18378825953908534,,,,,,,,,
AMZ2,,,,,,,,,,,,
ARSG,,,,,,,,,,,,
PRKAR1A,,,,,,,,,,,,
ABCA5,,,,,,,,,,,,
MAP2K6,,,,,,,,,,,,
SLC39A11,,,,,,,,,,,,
SSTR2,,,,,,,,,,,,
COG1,,,,,,,,,,,,
FAM104A,,,,,,,,,,,,
C17orf80,0.07041327009563636,0.29247548499084436,0.18144437754324036,,,,,,,,,
CDC42EP4,,,,,,,,,,,,
SDK2,0.04748640030601868,0.25140164294018646,0.14944402162310258,,,,,,,,,
RPL38,,,,,,,,,,,,
NHERF1,,,,,,,,,,,,
NAT9,,,,,,,,,,,,
TMEM104,,,,,,,,,,,,
CDR2L,,,,,,,,,,,,
MRPL58,,,,,,,,,,,,
KCTD2,,,,,,,,,,,,
ATP5PD,,,,,,,,,,,,
ARMC7,,,,,,,,,,,,
NT5C,,,,,,,,,,,,
JPT1,0.03823102175155226,0.24266007774479262,0.14044554974817244,,,,,,,,,
SUMO2,,,,,,,,,,,,
NUP85,,,,,,,,,,,,
GGA3,,,,,,,,,,,,
MRPS7,,,,,,,,,,,,
MIF4GD,,,,-0.9323504956805697,-0.1687408417860475,-0.5505456687333086,,,,,,
SLC25A19,,,,,,,,,,,,
GRB2,0.12774815617260407,0.3876483065388721,0.2576982313557381,,,,0.1320043962441525,0.5285019125400756,0.33025315439211406,0.009974994101663947,0.39491412587699143,0.2024445599893277
TMEM94,,,,,,,,,,,,
TSEN54,,,,,,,,,,,,
LLGL2,,,,,,,,,,,,
RECQL5,,,,,,,,,,,,
SAP30BP,,,,,,,,,,,,
GALK1,,,,,,,,,,,,
UNK,,,,,,,,,,,,
WBP2,,,,,,,,,,,,
TRIM65,,,,,,,,,,,,
MRPL38,,,,-0.9886195174951805,-0.21316248581570335,-0.600891001655442,,,,,,
FBF1,,,,,,,,,,,,
ACOX1,,,,,,,,,,,,
TEN1,,,,,,,,,,,,
SRP68,0.10774199197045989,0.35108386779958933,0.2294129298850246,,,,,,,,,
EXOC7,,,,,,,,,,,,
RNF157,,,,,,,,,,,,
UBALD2,,,,,,,,,,,,
QRICH2,,,,-0.7880169442589745,-0.7880169442589745,-0.7880169442589745,,,,,,
PRPSAP1,,,,,,,,,,,,
SPHK1,,,,,,,,,,,,
UBE2O,0.07991954785191845,0.29859605711383475,0.1892578024828766,,,,,,,,,
RHBDF2,,,,,,,,,,,,
ENSG00000284526,,,,,,,,,,,,
MXRA7,,,,,,,,,,,,
JMJD6,,,,,,,,,,,,
METTL23,,,,,,,,,,,,
SRSF2,,,,,,,,,,,,
MFSD11,,,,,,,,,,,,
SEC14L1,,,,,,,,,,,,
SEPTIN9,,,,,,,,,,,,
TNRC6C,0.013349141782810789,0.30253168568796596,0.15794041373538836,,,,,,,,,
SYNGR2,,,,,,,,,,,,
TK1,,,,,,,,,,,,
AFMID,,,,,,,,,,,,
BIRC5,0.057565736576642976,0.22911142182050054,0.14333857919857176,,,,,,,,,
PGS1,,,,,,,,,,,,
CYTH1,,,,,,,,,,,,
USP36,,,,,,,,,,,,
TIMP2,,,,,,,,,,,,
CANT1,,,,,,,,,,,,
ENGASE,,,,,,,,,,,,
CBX2,,,,,,,,,,,,
CBX8,,,,,,,,,,,,
CBX4,,,,,,,,,,,,
TBC1D16,,,,,,,,,,,,
GAA,,,,,,,,,,,,
EIF4A3,,,,,,,,,,,,
SLC26A11,,,,,,,,,,,,
RNF213,,,,,,,,,,,,
ENDOV,,,,,,,,,,,,
NPTX1,,,,,,,,,,,,
RPTOR,,,,,,,,,,,,
CHMP6,,,,-0.8206712511577128,-0.8206712511577128,-0.8206712511577128,,,,,,
BAIAP2,,,,,,,,,,,,
CEP131,,,,,,,,,,,,
NDUFAF8,,,,,,,,,,,,
SLC38A10,,,,,,,,,,,,
BAHCC1,,,,,,,,,,,,
ACTG1,,,,,,,,,,,,
FAAP100,,,,,,,,,,,,
NPLOC4,,,,,,,,,,,,
OXLD1,,,,,,,,,,,,
CCDC137,,,,,,,,,,,,
ARL16,,,,,,,,,,,,
HGS,,,,,,,,,,,,
MRPL12,,,,,,,,,,,,
SLC25A10,,,,,,,,,,,,
MCRIP1,,,,,,,,,,,,
P4HB,,,,,,,,,,,,
ARHGDIA,,,,,,,,,,,,
ALYREF,,,,,,,,,,,,
ANAPC11,,,,,,,,,,,,
PCYT2,,,,,,,,,,,,
MAFG,,,,,,,,,,,,
PYCR1,,,,,,,,,,,,
ASPSCR1,,,,,,,,,,,,
CENPX,,,,,,,,,,,,
LRRC45,,,,,,,,,,,,
RAC3,,,,,,,,,,,,
DCXR,,,,,,,,,,,,
RFNG,,,,-0.7301736474190003,-0.7301736474190003,-0.7301736474190003,,,,,,
GPS1,,,,,,,,,,,,
DUS1L,,,,,,,,,,,,
FASN,,,,,,,,,,,,
CCDC57,,,,,,,,,,,,
SLC16A3,,,,,,,,,,,,
CSNK1D,,,,,,,,,,,,
OGFOD3,,,,,,,,,,,,
HEXD,,,,,,,,,,,,
CYBC1,,,,,,,,,,,,
NARF,,,,,,,,,,,,
FOXK2,,,,,,,,,,,,
WDR45B,,,,,,,,,,,,
RAB40B,,,,,,,,,,,,
FN3KRP,,,,,,,,,,,,
TBCD,,,,,,,,,,,,
B3GNTL1,,,,,,,,,,,,
METRNL,,,,,,,,,,,,
USP14,,,,,,,,,,,,
THOC1,,,,,,,,,,,,
COLEC12,,,,,,,,,,,,
TYMS,,,,,,,,,,,,
ENOSF1,,,,,,,,,,,,
YES1,0.061411412686220045,0.3016567474748297,0.18153408008052485,,,,,,,,,
METTL4,,,,,,,,,,,,
NDC80,,,,,,,,,,,,
SMCHD1,,,,,,,,,,,,
EMILIN2,,,,,,,,,,,,
LPIN2,,,,-0.9743575296948814,-0.22686803226521976,-0.6006127809800506,,,,,,
MYL12A,,,,,,,,,,,,
MYL12B,,,,,,,,,,,,
TGIF1,,,,,,,,,,,,
DLGAP1,,,,,,,,,,,,
ZBTB14,,,,,,,,,,,,
EPB41L3,,,,,,,,,,,,
L3MBTL4,,,,,,,,,,,,
LAMA1,,,,,,,,,,,,
PTPRM,,,,,,,,,,,,
RAB12,,,,,,,,,,,,
MTCL1,,,,,,,,,,,,
NDUFV2,,,,,,,,,,,,
ANKRD12,,,,,,,,,,,,
TWSG1,,,,,,,,,,,,
RALBP1,,,,,,,,,,,,
PPP4R1,,,,,,,,,,,,
RAB31,,,,,,,,,,,,
VAPA,,,,,,,,,,,,
NAPG,,,,,,,,,,,,
GNAL,,,,,,,,,,,,
CHMP1B,,,,,,,,,,,,
MPPE1,,,,,,,,,,,,
IMPA2,,,,,,,,,,,,
TUBB6,,,,,,,,,,,,
AFG3L2,0.07290775257245159,0.331960019684825,0.2024338861286383,,,,,,,,,
PRELID3A,,,,,,,,,,,,
SPIRE1,0.06362174832861577,0.27980112511282496,0.17171143672072037,,,,,,,,,
PSMG2,,,,,,,,,,,,
CEP76,,,,,,,,,,,,
PTPN2,,,,,,,,,,,,
SEH1L,,,,,,,,,,,,
CEP192,,,,,,,,,,,,
LDLRAD4,,,,,,,,,,,,
FAM210A,,,,,,,,,,,,
RNMT,,,,,,,,,,,,
ZNF519,,,,,,,,,,,,
ROCK1,0.09880494708946569,0.3282599327199352,0.21353243990470044,,,,,,,0.016298329731216588,0.42318652243303423,0.2197424260821254
GREB1L,,,,,,,,,,,,
ESCO1,0.07271671058151648,0.336413830731069,0.20456527065629274,,,,,,,0.058617893886969544,0.43869495113140694,0.24865642250918824
SNRPD1,,,,,,,,,,,,
ABHD3,,,,,,,,,,,,
MIB1,,,,,,,,,,,,
GATA6,,,,,,,,,,,,
RBBP8,,,,,,,,,,0.019137885181899978,0.3510936909390251,0.18511578806046253
CABLES1,,,,-0.9870874828265741,-0.38214338145542215,-0.6846154321409981,,,,,,
TMEM241,,,,,,,,,,,,
RIOK3,,,,,,,,,,,,
RMC1,,,,,,,,,,,,
NPC1,,,,,,,,,,,,
ANKRD29,,,,,,,,,,,,
LAMA3,,,,,,,,,,,,
TTC39C,,,,,,,,,,,,
CABYR,,,,,,,,,,,,
OSBPL1A,,,,,,,,,,,,
IMPACT,,,,,,,,,,,,
ZNF521,,,,-0.9502050586969998,-0.13665586401014043,-0.5434304613535701,,,,,,
SS18,,,,,,,,,,,,
TAF4B,,,,,,,,,,,,
KCTD1,,,,,,,,,,,,
CHST9,,,,,,,,,,,,
CDH2,,,,,,,,,,,,
DSC3,,,,,,,,,,,,
DSC2,,,,,,,,,,,,
DSG2,0.0573703987619576,0.33556746929829473,0.19646893403012616,,,,,,,,,
B4GALT6,,,,,,,,,,,,
TRAPPC8,,,,,,,,,,,,
RNF125,,,,,,,,,,,,
RNF138,,,,,,,,,,,,
GAREM1,,,,-0.9799388892312246,-0.22581554615957905,-0.6028772176954018,,,,,,
ASXL3,0.030030992375474623,0.22417986051383781,0.12710542644465622,,,,,,,,,
NOL4,,,,,,,,,,,,
DTNA,,,,,,,,,,,,
MAPRE2,,,,,,,,,,,,
ZNF397,,,,,,,,,,,,
ZSCAN30,,,,-0.9879870881159288,-0.22167709164045538,-0.6048320898781921,,,,,,
ZNF24,0.051864911871711925,0.27236383653880175,0.16211437420525684,,,,,,,,,
INO80C,,,,,,,,,,,,
GALNT1,0.01832192973037159,0.3013599209657642,0.1598409253480679,,,,,,,,,
C18orf21,,,,,,,,,,,,
RPRD1A,,,,,,,,,,,,
SLC39A6,,,,,,,,,,,,
ELP2,,,,,,,,,,,,
MOCOS,,,,,,,,,,,,
FHOD3,,,,,,,,,,,,
TPGS2,,,,,,,,,,,,
KIAA1328,,,,,,,,,,,,
CELF4,,,,,,,,,,,,
PIK3C3,,,,,,,,,,,,
SETBP1,,,,,,,,,,,,
EPG5,,,,,,,,,,,,
PSTPIP2,,,,,,,,,,,,
ATP5F1A,0.060399164096193,0.27916986817801687,0.16978451613710493,,,,,,,,,
HAUS1,,,,,,,,,,,,
C18orf25,,,,,,,,,,,,
PIAS2,,,,,,,,,,,,
HDHD2,,,,,,,,,,,,
IER3IP1,,,,,,,,,,,,
SMAD2,,,,,,,,,,,,
ZBTB7C,,,,,,,,,,,,
CTIF,,,,,,,,,,,,
SMAD7,,,,,,,,,,-0.08483405955693789,0.0020846936449061206,-0.04137468295601588
DYM,,,,,,,,,,,,
C18orf32,,,,,,,,,,,,
RPL17,,,,,,,,,,,,
ACAA2,,,,,,,,,,,,
MBD1,,,,,,,,,,,,
CXXC1,,,,,,,,,,,,
SKA1,,,,,,,,,,,,
ME2,,,,,,,,,,,,
ELAC1,,,,,,,,,,,,
SMAD4,,,,,,,,,,,,
MEX3C,,,,,,,,,,,,
MBD2,,,,,,,,,,,,
C18orf54,,,,,,,,,,,,
RAB27B,,,,,,,,,,,,
TCF4,,,,,,,,,,,,
TXNL1,,,,,,,,,,,,
WDR7,,,,,,,,,,,,
ONECUT2,,,,,,,,,,,,
FECH,,,,,,,,,,,,
NARS1,0.05562334265040822,0.34555549980072636,0.20058942122556728,,,,,,,,,
ATP8B1,,,,,,,,,,,,
NEDD4L,,,,-0.9723821669555195,-0.26444047926243613,-0.6184113231089778,,,,,,
MALT1,,,,,,,,,,,,
ZNF532,,,,,,,,,,,,
SEC11C,,,,,,,,,,,,
LMAN1,,,,,,,,,,,,
PMAIP1,,,,,,,,,,,,
RNF152,,,,,,,,,,,,
PIGN,,,,,,,,,,,,
RELCH,,,,,,,,,,,,
TNFRSF11A,,,,,,,,,,,,
ZCCHC2,,,,,,,,,,,,
PHLPP1,,,,,,,,,,,,
BCL2,,,,,,,,,,,,
KDSR,,,,,,,,,,,,
VPS4B,,,,,,,,,,,,
CDH7,,,,,,,,,,,,
TMX3,,,,,,,,,,,,
DOK6,,,,,,,,,,,,
RTTN,,,,,,,,,,,,
SOCS6,,,,,,,,,,,,
TIMM21,,,,,,,,,,,,
CYB5A,,,,,,,,,,,,
CNDP2,,,,,,,,,,,,
ZNF407,,,,,,,,,,,,
PTGR3,,,,,,,,,,,,
TSHZ1,,,,,,,,,,,,
ZNF516,,,,,,,,,,,,
ZNF236,,,,,,,,,,,,
ATP9B,,,,,,,,,,,,
CTDP1,,,,,,,,,,,,
SLC66A2,,,,,,,,,,,,
HSBP1L1,,,,,,,,,,,,
TXNL4A,,,,,,,,,,,,
RBFA,,,,,,,,,,,,
ADNP2,,,,,,,,,,,,
PARD6G,,,,,,,,,,,,
MIER2,,,,,,,,,,,,
TPGS1,,,,,,,,,,,,
CDC34,,,,,,,,,,,,
BSG,,,,-0.9703154653492453,-0.16067866255119892,-0.5654970639502221,,,,,,
POLRMT,,,,,,,,,,,,
RNF126,,,,,,,,,,,,
PALM,,,,,,,,,,,,
PTBP1,,,,,,,,,,,,
CFD,,,,,,,,,,,,
MED16,,,,,,,,,,,,
R3HDM4,,,,,,,,,,,,
ARID3A,,,,,,,,,,,,
WDR18,,,,,,,,,,,,
TMEM259,,,,,,,,,,,,
CNN2,,,,,,,,,,,,
ABCA7,,,,,,,,,,,,
POLR2E,,,,,,,,,,,,
GPX4,,,,,,,,,,,,
SBNO2,,,,,,,,,,,,
STK11,,,,-0.9905938727386622,-0.3877004912156975,-0.6891471819771798,,,,,,
ATP5F1D,,,,,,,,,,,,
MIDN,,,,,,,,,,,,
CIRBP,,,,,,,,,,,,
FAM174C,,,,,,,,,,,,
PWWP3A,,,,,,,,,,,,
NDUFS7,,,,,,,,,,,,
GAMT,,,,,,,,,,,,
DAZAP1,0.13143458436877334,0.3636448085771589,0.24753969647296614,,,,,,,,,
RPS15,,,,,,,,,,,,
C19orf25,,,,,,,,,,,,
MEX3D,,,,,,,,,,,,
MBD3,,,,,,,,,,,,
UQCR11,,,,,,,,,,,,
TCF3,,,,,,,,,,,,
REXO1,,,,,,,,,,,,
KLF16,,,,,,,,,,,,
ABHD17A,,,,,,,,,,,,
SCAMP4,,,,,,,,,,,,
CSNK1G2,,,,,,,,,,,,
BTBD2,,,,,,,,,,,,
MKNK2,,,,,,,,,,,,
MOB3A,,,,,,,,,,,,
AP3D1,0.0381043783827815,0.31796473852547336,0.17803455845412744,,,,,,,,,
DOT1L,,,,,,,,,,,,
PLEKHJ1,,,,,,,,,,,,
SF3A2,,,,,,,,,,,,
OAZ1,,,,,,,,,,,,
LSM7,,,,,,,,,,,,
SPPL2B,,,,,,,,,,,,
TMPRSS9,,,,,,,,,,,,
TIMM13,,,,,,,,,,,,
LMNB2,0.09493614126135214,0.31193324544255585,0.203434693351954,,,,,,,,,
GADD45B,,,,,,,,,,,,
GNG7,,,,,,,,,,,,
DIRAS1,,,,,,,,,,,,
SLC39A3,,,,,,,,,,,,
SGTA,,,,,,,,,,,,
THOP1,,,,,,,,,,,,
ZNF57,,,,,,,,,,,,
ZNF77,,,,,,,,,,,,
TLE5,,,,,,,,,,,,
GNA11,,,,,,,,,,,,
NCLN,,,,,,,,,,,,
NFIC,,,,,,,,,,,,
DOHH,,,,,,,,,,,,
FZR1,,,,,,,,,,,,
MFSD12,,,,,,,,,,,,
HMG20B,,,,,,,,,,,,
CACTIN,,,,-0.8063640736150367,-0.8063640736150367,-0.8063640736150367,,,,,,
PIP5K1C,,,,,,,,,,,,
MRPL54,,,,,,,,,,,,
MATK,,,,,,,,,,,,
DAPK3,,,,,,,,,,,,
EEF2,0.038621424812775515,0.29310944531457783,0.16586543506367668,,,,,,,,,
PIAS4,,,,,,,,,,,,
ZBTB7A,,,,,,,,,,,,
MAP2K2,,,,,,,,,,,,
SIRT6,,,,,,,,,,,,
YJU2,,,,,,,,,,,,
FSD1,,,,,,,,,,,,
MPND,,,,,,,,,,,,
SH3GL1,,,,,,,,,,,,
CHAF1A,,,,,,,,,,,,
UBXN6,,,,,,,,,,,,
HDGFL2,0.11033673686099688,0.35263257991460856,0.23148465838780272,,,,,,,,,
MYDGF,,,,,,,,,,,,
DPP9,,,,-0.9880251367098203,-0.47580692038830075,-0.7319160285490605,,,,,,
FEM1A,,,,,,,,,,,,
PLIN3,,,,,,,,,,,,
UHRF1,,,,,,,,,,,,
KDM4B,,,,,,,,,,,,
PTPRS,,,,,,,,,,,,
TINCR,,,,,,,,,,,,
SAFB2,0.17269296393888395,0.3972361543870079,0.28496455916294594,,,,,,,0.08423801630173208,0.44558874234492596,0.26491337932332903
SAFB,0.2335167940257434,0.433606210719199,0.33356150237247123,,,,0.1530503405394409,0.6246522292107277,0.3888512848750843,0.1273755699461379,0.43950129614899436,0.2834384330475661
RPL36,,,,,,,,,,,,
MICOS13,,,,,,,,,,,,
LONP1,,,,,,,,,,,,
DUS3L,,,,,,,,,,,,
NRTN,,,,,,,,,,,,
NDUFA11,,,,,,,,,,,,
RANBP3,,,,,,,,,,,,
RFX2,-0.0949313868243477,-0.0032798634043022918,-0.049105625114324994,-0.9597604080224315,-0.22861440524818233,-0.5941874066353069,,,,,,
ACSBG2,,,,,,,,,,-0.14969669455905044,-0.03751776853619269,-0.09360723154762156
MLLT1,,,,,,,,,,,,
CLPP,,,,,,,,,,,,
ALKBH7,,,,,,,,,,,,
GTF2F1,0.05863381479973131,0.32850247184503845,0.19356814332238487,,,,,,,,,
KHSRP,,,,,,,,,,,,
SLC25A23,,,,,,,,,,,,
TUBB4A,,,,,,,,,,,,
CD70,,,,,,,,,,,,
GPR108,,,,,,,,,,,,
TRIP10,,,,,,,,,,,,
ZNF557,,,,,,,,,,,,
INSR,,,,,,,,,,,,
ARHGEF18,,,,,,,,,,,,
ZNF358,,,,,,,,,,,,
CAMSAP3,,,,,,,,,,,,
XAB2,,,,,,,,,,,,
PET100,,,,,,,,,,,,
STXBP2,,,,,,,,,,,,
TRAPPC5,,,,,,,,,,,,
EVI5L,,,,-0.7507605458597272,-0.7507605458597272,-0.7507605458597272,,,,,,
MAP2K7,,,,,,,,,,,,
SNAPC2,,,,,,,,,,,,
CTXN1,,,,,,,,,,,,
TIMM44,,,,,,,,,,,,
ELAVL1,,,,,,,,,,,,
CERS4,,,,,,,,,,,,
CD320,,,,,,,,,,,,
NDUFA7,,,,,,,,,,,,
RPS28,,,,,,,,,,,,
RAB11B,,,,,,,,,,,,
MARCHF2,,,,-0.9067890152814142,-0.19083569979429593,-0.5488123575378551,,,,,,
HNRNPM,0.12765650809221868,0.3422318111400313,0.234944159616125,,,,,,,0.06059210409035727,0.3373824857775145,0.19898729493393588
ZNF414,,,,,,,,,,,,
ZNF317,,,,,,,,,,,,
ZNF559,,,,,,,,,,,,
ZNF266,,,,,,,,,,,,
ZNF426,,,,,,,,,,,,
ZNF121,,,,-0.9821721062776787,-0.20901606962409683,-0.5955940879508878,,,,,,
ZNF561,,,,,,,,,,,,
ZNF562,,,,,,,,,,,,
FBXL12,,,,,,,,,,,,
UBL5,,,,,,,,,,,,
PIN1,,,,,,,,,,,,
PPAN,,,,,,,,,,,,
EIF3G,,,,,,,,,,,,
DNMT1,,,,,,,,,,,,
MRPL4,,,,,,,,,,,,
FDX2,,,,,,,,,,,,
RAVER1,,,,,,,,,,,,
ICAM3,,,,,,,,,,,,
TYK2,,,,,,,,,,,,
CDC37,0.100342567302609,0.3239260071461952,0.21213428722440208,,,,,,,,,
PDE4A,,,,,,,,,,,,
KEAP1,,,,,,,,,,,,
ATG4D,,,,,,,,,,,,
KRI1,0.1462177487931112,0.3578825467048888,0.252050147749,,,,,,,0.05150158442305786,0.4247530230439786,0.23812730373351823
CDKN2D,,,,,,,,,,,,
SLC44A2,,,,,,,,,,,,
ILF3,0.07273602994300485,0.3500951642098103,0.21141559707640756,,,,,,,,,
QTRT1,,,,,,,,,,,,
DNM2,,,,-0.9653166666588725,-0.18322102288519615,-0.5742688447720343,,,,,,
TMED1,,,,,,,,,,,,
CARM1,,,,,,,,,,,,
YIPF2,,,,,,,,,,,,
TIMM29,,,,,,,,,,,,
SMARCA4,,,,,,,,,,,,
LDLR,,,,,,,,,,,,
SPC24,,,,,,,,,,,,
KANK2,,,,,,,,,,,,
DOCK6,,,,,,,,,,,,
RAB3D,,,,-0.8003360741767621,-0.8003360741767621,-0.8003360741767621,,,,,,
TMEM205,,,,,,,,,,,,
PLPPR2,,,,,,,,,,,,
SWSAP1,,,,,,,,,,,,
PRKCSH,,,,,,,,,,,,
ECSIT,,,,,,,,,,,,
ELOF1,,,,,,,,,,,,
ZNF627,,,,,,,,,,,,
ZNF440,,,,,,,,,,,,
ZNF700,,,,,,,,,,,,
ZNF136,,,,,,,,,,,,
ZNF44,,,,,,,,,,,,
ZNF709,,,,,,,,,,,,
ZNF564,,,,,,,,,,,,
ZNF490,,,,,,,,,,,,
ZNF791,,,,,,,,,,,,
MAN2B1,,,,,,,,,,,,
WDR83,,,,,,,,,,,,
WDR83OS,,,,,,,,,,,,
DHPS,,,,,,,,,,,,
FBXW9,,,,,,,,,,,,
TNPO2,,,,,,,,,,,,
TRIR,,,,,,,,,,,,
GET3,,,,,,,,,,,,
HOOK2,,,,,,,,,,,,
PRDX2,,,,,,,,,,,,
RNASEH2A,,,,,,,,,,,,
MAST1,,,,,,,,,,,,
DNASE2,,,,,,,,,,,,
GCDH,,,,,,,,,,,,
SYCE2,,,,,,,,,,,,
FARSA,,,,,,,,,,,,
CALR,,,,,,,,,,,,
RAD23A,,,,,,,,,,,,
GADD45GIP1,,,,,,,,,,,,
NFIX,0.03789972963489285,0.29566729725943297,0.1667835134471629,-0.9915609134966786,-0.37888515771598186,-0.6852230356063302,,,,,,
TRMT1,,,,-0.9914828944522245,-0.3748740135280408,-0.6831784539901327,,,,,,
NACC1,,,,,,,,,,,,
STX10,,,,-0.9885188262574611,-0.22006667271426844,-0.6042927494858648,,,,,,
IER2,,,,,,,,,,,,
CACNA1A,-0.08065589399218656,-0.007090571228270806,-0.043873232610228685,-0.9511003216731706,-0.11658431501639037,-0.5338423183447805,,,,,,
YJU2B,,,,,,,,,,,,
MRI1,,,,,,,,,,,,
C19orf53,,,,,,,,,,,,
CC2D1A,,,,,,,,,,,,
DCAF15,,,,,,,,,,,,
RFX1,,,,,,,,,,,,
SAMD1,,,,,,,,,,,,
PRKACA,0.045270371645552865,0.2870891654458447,0.16617976854569877,,,,,,,,,
ASF1B,,,,,,,,,,,,
ADGRL1,,,,,,,,,,,,
DDX39A,,,,,,,,,,,,
PKN1,,,,,,,,,,,,
GIPC1,,,,,,,,,,,,
DNAJB1,,,,,,,,,,,,
TECR,,,,,,,,,,,,
NDUFB7,,,,,,,,,,,,
ZNF333,,,,,,,,,,,,
ILVBL,,,,,,,,,,,,
NOTCH3,,,,,,,,,,,,
BRD4,-0.006710263021480606,0.297457916303977,0.1453738266412482,,,,,,,,,
AKAP8,,,,,,,,,,,,
AKAP8L,,,,,,,,,,,,
WIZ,,,,,,,,,,,,
TPM4,,,,,,,,,,,,
RAB8A,,,,,,,,,,,,
FAM32A,,,,,,,,,,,,
AP1M1,,,,,,,,,,,,
EPS15L1,,,,,,,,,,,,
C19orf44,,,,,,,,,,,,
CHERP,,,,,,,,,,,,
SLC35E1,,,,,,,,,,,,
MED26,,,,,,,,,,,,
SMIM7,,,,,,,,,,,,
TMEM38A,,,,,,,,,,,,
SIN3B,,,,,,,,,,,,
HAUS8,,,,,,,,,,,,
MYO9B,,,,,,,,,,,,
USE1,,,,,,,,,,,,
OCEL1,,,,,,,,,,,,
NR2F6,,,,,,,,,,,,
BABAM1,,,,,,,,,,,,
ABHD8,,,,,,,,,,,,
MRPL34,,,,,,,,,,,,
DDA1,,,,,,,,,,,,
ANO8,-0.3331451785905422,-0.07627938892143803,-0.20471228375599013,-0.9818289365809771,-0.39451457995617395,-0.6881717582685756,,,,,,
GTPBP3,,,,,,,,,,,,
MVB12A,,,,,,,,,,,,
SLC27A1,,,,-0.9858368981330745,-0.24912862855707815,-0.6174827633450763,,,,,,
PGLS,,,,,,,,,,,,
COLGALT1,,,,,,,,,,,,
MAP1S,,,,,,,,,,,,
RPL18A,,,,,,,,,,,,
CCDC124,,,,,,,,,,,,
MAST3,,,,,,,,,,,,
PIK3R2,,,,,,,,,,,,
IFI30,,,,,,,,,,,,
MPV17L2,,,,,,,,,,,,
RAB3A,,,,,,,,,,,,
JUND,,,,,,,,,,,,
LSM4,,,,,,,,,,,,
SSBP4,,,,,,,,,,,,
ISYNA1,,,,,,,,,,,,
ELL,,,,,,,,,,,,
FKBP8,,,,,,,,,,,,
KXD1,,,,,,,,,,,,
UBA52,,,,,,,,,,,,
REX1BD,,,,,,,,,,,,
CRTC1,,,,-0.9851379120920978,-0.27628962116139133,-0.6307137666267446,,,,,,
UPF1,,,,,,,,,,,,
CERS1,,,,,,,,,,,,
COPE,,,,,,,,,,,,
DDX49,,,,,,,,,,,,
SUGP2,,,,,,,,,,,,
ARMC6,,,,,,,,,,,,
SLC25A42,,,,,,,,,,,,
TMEM161A,,,,,,,,,,,,
MEF2B,,,,,,,,,,,,
BORCS8,,,,,,,,,,,,
RFXANK,,,,,,,,,,,,
NR2C2AP,,,,,,,,,,,,
SUGP1,,,,,,,,,,,,
MAU2,,,,,,,,,,,,
GATAD2A,,,,,,,,,,,,
NDUFA13,,,,,,,,,,,,
YJEFN3,,,,,,,,,,,,
PBX4,,,,,,,,,,,,
ATP13A1,,,,,,,,,,,,
ZNF101,,,,,,,,,,,,
ZNF14,,,,,,,,,,,,
ZNF506,,,,,,,,,,,,
ZNF66,,,,-0.9932611693147202,-0.3851042437080995,-0.6891827065114098,,,,,,
ZNF85,,,,,,,,,,,,
ZNF430,,,,,,,,,,,,
ZNF714,,,,,,,,,,,,
ZNF431,,,,,,,,,,,,
ZNF708,,,,,,,,,,,,
ZNF738,,,,,,,,,,,,
ZNF493,,,,,,,,,,,,
ZNF429,,,,,,,,,,,,
ZNF100,,,,,,,,,,,,
ZNF724,,,,,,,,,,,,
ZNF91,,,,,,,,,,,,
ZNF675,,,,,,,,,,,,
RPSA2,,,,,,,,,,,,
ZNF254,,,,-0.9830358434233284,-0.2607369218979739,-0.6218863826606511,,,,,,
UQCRFS1,,,,,,,,,,,,
POP4,,,,,,,,,,,,
C19orf12,,,,,,,,,,,,
CCNE1,,,,,,,,,,,,
URI1,0.1927060173955853,0.40573564761504016,0.29922083250531273,,,,,,,-0.025257643267274563,0.41445310691749204,0.19459773182510873
ZNF536,,,,,,,,,,,,
TSHZ3,,,,,,,,,,,,
ZNF507,0.05439376162586178,0.2725188236844888,0.1634562926551753,,,,,,,,,
DPY19L3,,,,,,,,,,,,
PDCD5,,,,,,,,,,,,
ANKRD27,,,,,,,,,,,,
NUDT19,,,,,,,,,,,,
CEP89,,,,,,,,,,,,
FAAP24,,,,,,,,,,,,
RHPN2,,,,,,,,,,,,
GPATCH1,,,,,,,,,,,,
LRP3,,,,,,,,,,,,
CEBPA,,,,,,,,,,,,
CEBPG,,,,,,,,,,,,
PEPD,0.05118743424545144,0.3042221212428789,0.17770477774416515,,,,,,,,,
KCTD15,,,,,,,,,,,,
LSM14A,0.05483108032243327,0.34008317672142035,0.19745712852192682,,,,,,,,,
GARRE1,,,,,,,,,,,,
GPI,,,,,,,,,,,,
PDCD2L,,,,,,,,,,,,
UBA2,0.0944439188696216,0.3391435307594655,0.21679372481454356,,,,,,,,,
SCGB2B2,,,,,,,,,,,,
ZNF302,,,,-0.9786406862502361,-0.2602427483033368,-0.6194417172767865,,,,,,
GRAMD1A,,,,,,,,,,,,
FXYD5,,,,,,,,,,,,
LSR,,,,,,,,,,,,
USF2,,,,,,,,,,,,
DMKN,,,,,,,,,,,,
TMEM147,,,,,,,,,,,,
HAUS5,,,,-0.7659962580440711,-0.7659962580440711,-0.7659962580440711,,,,,,
RBM42,,,,,,,,,,,,
COX6B1,,,,,,,,,,,,
KMT2B,,,,,,,,,,,,
IGFLR1,,,,,,,,,,,,
U2AF1L4,,,,,,,,,,,,
PSENEN,,,,,,,,,,,,
LIN37,,,,,,,,,,,,
PROSER3,,,,,,,,,,,,
SDHAF1,,,,,,,,,,,,
ALKBH6,,,,,,,,,,,,
WDR62,,,,-0.9903100189901645,-0.39436242448125053,-0.6923362217357075,,,,,,
POLR2I,,,,,,,,,,,,
TBCB,,,,,,,,,,,,
CAPNS1,,,,,,,,,,,,
ZNF565,,,,,,,,,,,,
ZNF146,0.07679120971380331,0.38659642430103774,0.23169381700742053,,,,,,,0.061952749104362485,0.41944910868248503,0.24070092889342376
ZFP14,,,,,,,,,,,,
ZNF566,,,,,,,,,,,,
ZNF260,,,,,,,,,,,,
ZNF529,,,,,,,,,,,,
ZNF382,,,,,,,,,,,,
ZNF567,,,,,,,,,,,,
ZNF850,,,,,,,,,,,,
ZNF790,0.043957212527104134,0.2403244273173089,0.1421408199222065,,,,,,,,,
ZNF345,,,,,,,,,,,,
ZNF568,,,,,,,,,,,,
ZNF420,,,,,,,,,,,,
ZNF585A,,,,,,,,,,,,
ZNF585B,,,,,,,,,,,,
ZNF383,,,,-0.7653397978871679,-0.7653397978871679,-0.7653397978871679,,,,,,
ZNF875,,,,,,,,,,,,
ZNF569,,,,,,,,,,,,
ZFP30,,,,,,,,,,,,
ZNF607,,,,,,,,,,,,
ZNF573,,,,,,,,,,,,
SIPA1L3,,,,-0.9762838739976362,-0.32214005307634314,-0.6492119635369896,,,,,,
DPF1,,,,,,,,,,,,
SPINT2,,,,,,,,,,,,
PPP1R14A,,,,,,,,,,,,
YIF1B,,,,,,,,,,,,
CATSPERG,,,,,,,,,,,,
PSMD8,,,,,,,,,,,,
FAM98C,,,,,,,,,,,,
EIF3K,,,,,,,,,,,,
ACTN4,,,,,,,,,,,,
ECH1,,,,,,,,,,,,
HNRNPL,,,,,,,,,,,,
SIRT2,,,,,,,,,,,,
NFKBIB,,,,,,,,,,,,
SARS2,,,,,,,,,,,,
MRPS12,,,,,,,,,,,,
FBXO17,,,,,,,,,,,,
PAK4,,,,,,,,,,,,
LRFN1,,,,,,,,,,,,
SAMD4B,,,,,,,,,,,,
PAF1,0.11652755224230361,0.32997510340413777,0.22325132782322069,,,,,,,,,
MED29,,,,,,,,,,,,
RPS16,,,,,,,,,,,,
SUPT5H,0.15880658760512076,0.41178810148599104,0.2852973445455559,,,,0.12450125903190815,0.5228292943294337,0.3236652766806709,0.14145554019175727,0.5026089097500264,0.3220322249708918
TIMM50,,,,,,,,,,,,
DLL3,,,,,,,,,,,,
EID2B,,,,,,,,,,,,
EID2,,,,,,,,,,,,
FBL,0.18341827991971646,0.47175114828398684,0.32758471410185164,,,,,,,0.09757661539342875,0.471608358225662,0.28459248680954535
PSMC4,,,,,,,,,,,,
ZNF546,,,,,,,,,,,,
ZNF780B,,,,,,,,,,,,
ZNF780A,,,,,,,,,,,,
MAP3K10,,,,,,,,,,,,
AKT2,,,,,,,,,,,,
C19orf47,,,,,,,,,,,,
PLD3,,,,,,,,,,,,
SERTAD1,,,,,,,,,,,,
SERTAD3,,,,,,,,,,,,
BLVRB,,,,,,,,,,,,
SPTBN4,,,,,,,,,,,,
SHKBP1,,,,,,,,,,,,
LTBP4,,,,,,,,,,,,
NUMBL,,,,,,,,,,,,
COQ8B,,,,-0.8239827052111645,-0.8239827052111645,-0.8239827052111645,,,,,,
ACTMAP,,,,,,,,,,,,
SNRPA,,,,,,,,,,,,
RAB4B,,,,,,,,,,,,
EGLN2,,,,,,,,,,,,
HNRNPUL1,0.06448927425987849,0.31498412847316504,0.18973670136652176,,,,,,,-0.04634013821759669,0.33747012398228204,0.14556499288234268
TGFB1,,,,,,,,,,,,
CCDC97,,,,,,,,,,,,
TMEM91,,,,,,,,,,,,
B9D2,,,,,,,,,,,,
EXOSC5,,,,,,,,,,,,
BCKDHA,,,,,,,,,,,,
DMAC2,,,,-0.757612074379993,-0.757612074379993,-0.757612074379993,,,,,,
RPS19,,,,,,,,,,,,
ARHGEF1,,,,,,,,,,,,
RABAC1,,,,,,,,,,,,
ZNF574,,,,-0.6538972859861215,-0.6538972859861215,-0.6538972859861215,,,,,,
DEDD2,,,,,,,,,,,,
ZNF526,,,,,,,,,,,,
GSK3A,,,,,,,,,,,,
ERF,,,,,,,,,,,,
CIC,,,,,,,,,,,,
PAFAH1B3,,,,,,,,,,,,
MEGF8,,,,,,,,,,,,
CNFN,,,,,,,,,,,,
PHLDB3,,,,,,,,,,,,
ETHE1,,,,,,,,,,,,
XRCC1,,,,,,,,,,,,
IRGQ,0.05383503588988222,0.2770168114872597,0.16542592368857095,,,,,,,,,
ZNF576,,,,,,,,,,,,
ZNF428,,,,,,,,,,,,
PLAUR,,,,,,,,,,,,
SMG9,,,,,,,,,,,,
ZNF283,,,,,,,,,,,,
ZNF45,,,,,,,,,,,,
ZNF155,,,,,,,,,,,,
ZNF224,,,,,,,,,,,,
ZNF234,,,,,,,,,,,,
ZNF226,,,,,,,,,,,,
ZNF227,,,,,,,,,,,,
ZNF235,,,,,,,,,,,,
PVR,,,,,,,,,,,,
NECTIN2,,,,,,,,,,,,
TOMM40,,,,,,,,,,,,
APOE,,,,,,,,,,,,
APOC1,,,,,,,,,,,,
CLPTM1,,,,,,,,,,,,
CLASRP,,,,,,,,,,,,
GEMIN7,,,,,,,,,,,,
MARK4,,,,,,,,,,,,
PPP1R37,,,,,,,,,,,,
TRAPPC6A,,,,,,,,,,,,
ERCC2,,,,,,,,,,,,
PPP1R13L,,,,-0.7316485719017705,-0.7316485719017705,-0.7316485719017705,,,,,,
POLR1G,,,,,,,,,,,,
ERCC1,,,,,,,,,,,,
RTN2,,,,,,,,,,,,
PPM1N,,,,,,,,,,,,
VASP,,,,,,,,,,,,
OPA3,,,,,,,,,,,,
EML2,,,,,,,,,,,,
SNRPD2,,,,,,,,,,,,
QPCTL,,,,,,,,,,,,
FBXO46,,,,,,,,,,,,
DMPK,,,,,,,,,,,,
DMWD,,,,,,,,,,,,
SYMPK,,,,,,,,,,,,
IRF2BP1,,,,-0.6154882341642985,-0.6154882341642985,-0.6154882341642985,,,,,,
MYPOP,,,,,,,,,,,,
PPP5C,,,,,,,,,,,,
CCDC8,,,,,,,,,,,,
PNMA8A,,,,,,,,,,,,
CALM3,,,,,,,,,,,,
PRKD2,,,,,,,,,,,,
STRN4,,,,,,,,,,,,
FKRP,,,,,,,,,,,,
SLC1A5,,,,,,,,,,,,
AP2S1,,,,,,,,,,,,
ARHGAP35,,,,,,,,,,,,
NPAS1,,,,,,,,,,,,
TMEM160,,,,,,,,,,,,
ZC3H4,,,,,,,,,,,,
SAE1,,,,,,,,,,,,
BBC3,,,,,,,,,,,,
CCDC9,,,,,,,,,,,,
DHX34,,,,,,,,,,,,
NAPA,,,,,,,,,,,,
NOP53,,,,,,,,,,,,
SELENOW,,,,,,,,,,,,
LIG1,,,,,,,,,,,,
ZSWIM9,,,,,,,,,,,,
CARD8,,,,,,,,,,,,
EMP3,,,,,,,,,,,,
TMEM143,,,,,,,,,,,,
KDELR1,,,,,,,,,,,,
GRIN2D,,,,,,,,,,,,
GRWD1,0.13094749316050808,0.38996481711396647,0.2604561551372373,,,,,,,0.1069385362018326,0.4292782418683332,0.2681083890350829
KCNJ14,,,,,,,,,,,,
CYTH2,,,,-0.8019942161515936,-0.8019942161515936,-0.8019942161515936,,,,,,
RPL18,,,,,,,,,,,,
SPHK2,,,,,,,,,,,,
DBP,,,,,,,,,,,,
CA11,,,,,,,,,,,,
BCAT2,,,,,,,,,,,,
NUCB1,,,,,,,,,,,,
BAX,,,,,,,,,,,,
FTL,,,,,,,,,,,,
GYS1,,,,,,,,,,,,
RUVBL2,,,,,,,,,,,,
SNRNP70,0.09611175106839535,0.30723498771542157,0.20167336939190847,,,,,,,,,
LIN7B,,,,,,,,,,,,
PPFIA3,,,,,,,,,,,,
TRPM4,,,,,,,,,,,,
SLC6A16,,,,,,,,,,,,
TEAD2,,,,,,,,,,,,
PIH1D1,,,,-0.9566803762705756,-0.2188615043980568,-0.5877709403343162,,,,,,
ALDH16A1,,,,,,,,,,,,
RPL13A,0.04695727609665225,0.24976825514150675,0.1483627656190795,,,,,,,,,
RPS11,,,,,,,,,,,,
FCGRT,,,,,,,,,,,,
NOSIP,,,,,,,,,,,,
PRR12,,,,,,,,,,,,
RRAS,,,,,,,,,,,,
SCAF1,,,,,,,,,,,,
IRF3,,,,,,,,,,,,
BCL2L12,,,,,,,,,,,,
PRMT1,,,,,,,,,,,,
CPT1C,,,,,,,,,,,,
AP2A1,,,,,,,,,,,,
FUZ,,,,,,,,,,,,
MED25,,,,,,,,,,,,
PTOV1,,,,,,,,,,,,
PNKP,,,,,,,,,,,,
AKT1S1,,,,,,,,,,,,
TBC1D17,,,,,,,,,,,,
NUP62,,,,,,,,,,,,
ATF5,,,,,,,,,,,,
VRK3,,,,,,,,,,,,
ZNF473,,,,,,,,,,,,
MYH14,,,,,,,,,,,,
NR1H2,,,,,,,,,,,,
POLD1,,,,,,,,,,,,
EMC10,,,,,,,,,,,,
JOSD2,,,,,,,,,,,,
C19orf81,,,,,,,,,,,,
CLEC11A,-0.27866979895127336,-0.05605926751068362,-0.1673645332309785,,,,,,,-0.3268142759281969,-0.009842558673114291,-0.1683284173006556
KLK8,,,,,,,,,,,,
CTU1,,,,,,,,,,,,
ETFB,,,,,,,,,,,,
ZNF649,0.08019107102883662,0.32254898526953657,0.2013700281491866,,,,,,,,,
ZNF614,,,,,,,,,,,,
ZNF616,,,,,,,,,,,,
PPP2R1A,,,,,,,,,,,,
ZNF766,,,,,,,,,,,,
ZNF480,0.046088431897339036,0.2885207970116979,0.16730461445451847,,,,,,,0.02555899965602986,0.3920930102127482,0.20882600493438905
ZNF611,,,,,,,,,,,,
ZNF845,,,,-0.6556770645468378,-0.6556770645468378,-0.6556770645468378,,,,,,
ZNF765,,,,,,,,,,,,
ZNF761,,,,,,,,,,,,
MYADM,,,,,,,,,,,,
CACNG8,,,,,,,,,,,,
NDUFA3,,,,,,,,,,,,
TFPT,,,,,,,,,,,,
PRPF31,,,,,,,,,,,,
CNOT3,,,,,,,,,,,,
LENG1,,,,-0.646440528275536,-0.646440528275536,-0.646440528275536,,,,,,
MBOAT7,,,,,,,,,,,,
TSEN34,,,,,,,,,,,,
RPS9,,,,,,,,,,,,
LENG8,,,,,,,,,,,,
LENG9,-0.21980957203981463,-0.03831768772900477,-0.1290636298844097,,,,,,,,,
RDH13,,,,,,,,,,,,
PPP1R12C,,,,,,,,,,,,
TNNT1,,,,,,,,,,,,
TNNI3,,,,,,,,,,,,
PPP6R1,,,,,,,,,,,,
HSPBP1,,,,,,,,,,,,
BRSK1,,,,,,,,,,-0.07013619201752608,-0.04090096909367056,-0.055518580555598315
KMT5C,,,,,,,,,,,,
RPL28,,,,,,,,,,,,
UBE2S,,,,,,,,,,,,
ISOC2,,,,,,,,,,,,
NAT14,,,,,,,,,,,,
ZNF579,,,,,,,,,,,,
ZNF865,,,,,,,,,,,,
ZNF580,,,,,,,,,,,,
ZNF581,,,,,,,,,,,,
CCDC106,,,,,,,,,,,,
U2AF2,0.08537445051969356,0.32114932993751094,0.20326189022860225,,,,,,,,,
EPN1,,,,,,,,,,,,
ZNF787,,,,,,,,,,,,
ZNF444,,,,,,,,,,,,
ZSCAN5A,,,,,,,,,,,,
ZNF71,,,,,,,,,,,,
ZNF264,,,,,,,,,,,,
ZNF805,,,,,,,,,,,,
ZNF460,,,,,,,,,,,,
TRAPPC2B,,,,,,,,,,,,
ZNF749,,,,,,,,,,,,
ZNF530,,,,,,,,,,,,
ZNF134,,,,-0.7153868094807316,-0.7153868094807316,-0.7153868094807316,,,,,,
ZNF551,,,,,,,,,,,,
ZNF586,,,,,,,,,,,,
ZNF552,,,,,,,,,,,,
ZNF587B,,,,,,,,,,,,
ZNF814,,,,,,,,,,,,
ZNF587,,,,,,,,,,,,
ZNF274,,,,,,,,,,,,
ZNF8,,,,,,,,,,,,
ERVK3-1,,,,,,,,,,,,
A1BG,,,,,,,,,,,,
RPS5,,,,,,,,,,,,
ZNF584,,,,,,,,,,,,
SLC27A5,,,,,,,,,,,,
TRIM28,,,,,,,,,,,,
CHMP2A,,,,,,,,,,,,
UBE2M,,,,,,,,,,,,
MZF1,,,,,,,,,,,,
C20orf96,,,,-0.7152720078447661,-0.7152720078447661,-0.7152720078447661,,,,,,
ZCCHC3,,,,,,,,,,,,
SOX12,,,,,,,,,,,,
NRSN2,,,,,,,,,,,,
RBCK1,,,,,,,,,,,,
TBC1D20,,,,,,,,,,,,
CSNK2A1,,,,,,,,,,,,
SRXN1,,,,,,,,,,,,
PSMF1,,,,,,,,,,,,
FKBP1A,,,,,,,,,,,,
NSFL1C,,,,,,,,,,,,
STK35,,,,,,,,,,,,
SNRPB,,,,,,,,,,,,
ZNF343,,,,,,,,,,,,
NOP56,,,,,,,,,,,,
IDH3B,,,,,,,,,,,,
VPS16,,,,,,,,,,,,
PTPRA,,,,,,,,,,,,
MRPS26,,,,,,,,,,,,
UBOX5,,,,,,,,,,,,
FASTKD5,,,,,,,,,,,,
DDRGK1,,,,,,,,,,,,
ITPA,,,,,,,,,,,,
DNAAF9,,,,,,,,,,,,
ATRN,,,,,,,,,,,,
ADISSP,,,,,,,,,,,,
CENPB,,,,,,,,,,,,
CDC25B,,,,,,,,,,,,
AP5S1,,,,,,,,,,,,
MAVS,,,,,,,,,,,,
PANK2,,,,-0.9820639963430647,-0.33155179941644813,-0.6568078978797565,,,,,,
RNF24,,,,,,,,,,,,
SMOX,,,,,,,,,,,,
PRNP,,,,,,,,,,,,
SLC23A2,,,,,,,,,,,,
TMEM230,,,,,,,,,,,,
PCNA,,,,,,,,,,,,
CDS2,,,,,,,,,,,,
GPCPD1,,,,,,,,,,,,
SHLD1,,,,-0.9772888602099677,-0.2681651237751242,-0.622726991992546,,,,,,
TRMT6,,,,,,,,,,,,
MCM8,,,,,,,,,,,,
CRLS1,,,,,,,,,,,,
BMP2,,,,,,,,,,,,
TMX4,,,,,,,,,,,,
PLCB1,,,,,,,,,,,,
PLCB4,,,,,,,,,,,,
ANKEF1,,,,,,,,,,,,
MKKS,,,,,,,,,,,,
SLX4IP,,,,,,,,,,,,
BTBD3,,,,,,,,,,,,
TASP1,,,,,,,,,,,,
ESF1,0.10848553338462119,0.34544014472758167,0.22696283905610143,,,,,,,0.08575879856464184,0.429057957471454,0.2574083780180479
NDUFAF5,,,,,,,,,,,,
MACROD2,,,,-0.987660982344377,-0.11434118045474989,-0.5510010813995635,,,,,,
KIF16B,,,,,,,,,,,,
SNRPB2,,,,,,,,,,,,
DSTN,,,,,,,,,,,,
RRBP1,,,,,,,,,,,,
SNX5,,,,,,,,,,,,
OVOL2,-0.25630267103607607,-0.07430328968083551,-0.16530298035845578,,,,,,,,,
MGME1,,,,,,,,,,,,
KAT14,,,,,,,,,,,,
PET117,,,,,,,,,,,,
ZNF133,,,,,,,,,,,,
POLR3F,,,,,,,,,,,,
RBBP9,,,,,,,,,,,,
SEC23B,,,,,,,,,,,,
SMIM26,,,,,,,,,,,,
DTD1,,,,,,,,,,,,
RIN2,,,,,,,,,,,,
NAA20,,,,,,,,,,,,
CRNKL1,0.0680677272089446,0.28753974285420125,0.17780373503157293,,,,,,,,,
RALGAPA2,,,,,,,,,,,,
KIZ,,,,,,,,,,,,
XRN2,,,,,,,,,,,,
NXT1,,,,,,,,,,,,
GZF1,,,,,,,,,,,,
NAPB,,,,,,,,,,,,
CST3,,,,,,,,,,,,
SYNDIG1,,,,,,,,,,,,
APMAP,,,,,,,,,,,,
ENTPD6,,,,,,,,,,,,
PYGB,,,,,,,,,,,,
ABHD12,,,,,,,,,,,,
GINS1,,,,,,,,,,,,
NINL,,,,,,,,,,,,
NANP,,,,,,,,,,,,
ZNF337,,,,,,,,,,,,
HM13,,,,,,,,,,,,
ID1,,,,-0.7820978044429422,-0.7820978044429422,-0.7820978044429422,,,,,,
BCL2L1,,,,,,,,,,,,
TPX2,0.1268007435195011,0.30952801299888605,0.21816437825919358,,,,0.11465005188452279,0.3962527302543203,0.25545139106942155,,,
PDRG1,,,,,,,,,,,,
TM9SF4,,,,,,,,,,,,
PLAGL2,,,,,,,,,,,,
POFUT1,,,,,,,,,,,,
KIF3B,,,,,,,,,,,,
ASXL1,,,,,,,,,,,,
NOL4L,,,,,,,,,,,,
COMMD7,,,,,,,,,,,,
DNMT3B,,,,-0.749874268264398,-0.749874268264398,-0.749874268264398,,,,,,
MAPRE1,,,,,,,,,,,,
CDK5RAP1,,,,,,,,,,,,
SNTA1,,,,,,,,,,,,
CBFA2T2,,,,,,,,,,,,
E2F1,,,,,,,,,,,,
CHMP4B,,,,,,,,,,,,
RALY,,,,,,,,,,,,
EIF2S2,,,,,,,,,,,,
AHCY,,,,,,,,,,,,
ITCH,,,,,,,,,,,,
DYNLRB1,,,,,,,,,,,,
PIGU,,,,,,,,,,,,
NCOA6,,,,,,,,,,,,
GGT7,,,,-0.9887201100804718,-0.4375812471291686,-0.7131506786048202,,,,,,
ACSS2,,,,,,,,,,,,
GSS,,,,,,,,,,,,
TRPC4AP,,,,-0.9733207048895945,-0.3220083753878994,-0.647664540138747,,,,,,
EDEM2,,,,,,,,,,,,
MMP24OS,,,,,,,,,,,,
EIF6,,,,,,,,,,,,
UQCC1,,,,,,,,,,,,
CEP250,0.053034220764352824,0.28476190681383556,0.1688980637890942,,,,,,,0.0841412738998991,0.44691096579110207,0.26552611984550056
ERGIC3,,,,,,,,,,,,
CPNE1,,,,,,,,,,,,
RBM12,0.05849531755873985,0.26976125480085766,0.16412828617979874,,,,,,,,,
NFS1,,,,-0.7432456368954847,-0.7432456368954847,-0.7432456368954847,,,,,,
ROMO1,,,,,,,,,,,,
RBM39,,,,,,,,,,,,
PHF20,,,,,,,,,,,,
SCAND1,,,,,,,,,,,,
CNBD2,,,,,,,,,,,,
EPB41L1,,,,,,,,,,,,
AAR2,-0.07375766268423338,0.020521213699189165,-0.02661822449252211,,,,,,,,,
DLGAP4,,,,,,,,,,,,
TGIF2,,,,,,,,,,,,
RAB5IF,,,,,,,,,,,,
NDRG3,,,,,,,,,,,,
DSN1,,,,,,,,,,,,
SOGA1,,,,,,,,,,,,
SAMHD1,,,,,,,,,,,,
RBL1,,,,,,,,,,,,
RPN2,,,,,,,,,,,,
MANBAL,,,,,,,,,,,,
BLCAP,,,,,,,,,,,,
CTNNBL1,,,,,,,,,,,,
TTI1,,,,,,,,,,,,
RPRD1B,,,,,,,,,,,,
RALGAPB,,,,,,,,,,,,
ACTR5,,,,,,,,,,,,
FAM83D,,,,-0.7626006759133163,-0.7626006759133163,-0.7626006759133163,,,,,,
DHX35,,,,,,,,,,,,
MAFB,,,,,,,,,,,,
TOP1,0.08894068618414562,0.35641950220571067,0.22268009419492815,,,,,,,,,
PLCG1,,,,-0.9908810506107217,-0.39255759123651873,-0.6917193209236202,,,,,,
ZHX3,,,,,,,,,,,,
LPIN3,,,,,,,,,,,,
CHD6,,,,,,,,,,,,
PTPRT,,,,-0.962241627471002,-0.12776727522866024,-0.5450044513498311,,,,,,
SRSF6,-0.9349930734816628,-0.25617117315303034,-0.5955821233173466,,,,,,,,,
L3MBTL1,,,,,,,,,,,,
IFT52,,,,,,,,,,,,
MYBL2,,,,,,,,,,,,
TOX2,-0.08211435827954318,-0.014741689665362939,-0.048428023972453056,-0.9595554483879465,-0.16616770517767782,-0.5628615767828121,,,,-0.11613428186308605,-0.0038995227931088055,-0.06001690232809743
OSER1,,,,,,,,,,,,
FITM2,,,,,,,,,,,,
TTPAL,,,,,,,,,,,,
SERINC3,,,,,,,,,,,,
PKIG,,,,,,,,,,,,
ADA,,,,,,,,,,,,
RIMS4,,,,,,,,,,,,
YWHAB,0.04030525476274968,0.29942476623649816,0.16986501049962394,,,,,,,,,
PABPC1L,,,,,,,,,,,,
TOMM34,,,,,,,,,,,,
STK4,0.0014384771215974644,0.31930007762605844,0.16036927737382795,,,,,,,,,
SDC4,,,,,,,,,,,,
SYS1,,,,,,,,,,,,
DBNDD2,,,,,,,,,,,,
PIGT,,,,,,,,,,,,
DNTTIP1,,,,,,,,,,,,
UBE2C,0.13008263412582288,0.24715761015421797,0.18862012214002044,,,,,,,,,
ACOT8,,,,,,,,,,,,
CTSA,,,,,,,,,,,,
PLTP,,,,,,,,,,,,
PCIF1,,,,,,,,,,,,
ZNF335,,,,,,,,,,,,
SLC12A5,,,,,,,,,,,,
NCOA5,0.050152813860835685,0.2751037057047432,0.16262825978278944,,,,,,,,,
SLC35C2,,,,,,,,,,,,
ELMO2,,,,,,,,,,,,
SLC13A3,,,,,,,,,,,,
TP53RK,,,,,,,,,,,,
EYA2,,,,-0.9883333351553829,-0.24974963320054713,-0.619041484177965,,,,,,
ZMYND8,,,,,,,,,,,,
NCOA3,,,,,,,,,,,,
SULF2,,,,,,,,,,,,
ARFGEF2,,,,,,,,,,,,
CSE1L,,,,,,,,,,,,
STAU1,,,,,,,,,,,,
DDX27,,,,,,,,,,,,
ZNFX1,,,,,,,,,,,,
B4GALT5,,,,,,,,,,,,
SLC9A8,,,,,,,,,,,,
RNF114,,,,,,,,,,,,
UBE2V1,,,,,,,,,,,,
PEDS1,,,,,,,,,,,,
CEBPB,,,,,,,,,,,,
PTPN1,,,,,,,,,,,,
PARD6B,,,,,,,,,,,,
BCAS4,0.05816903912648284,0.3189521870668065,0.18856061309664468,,,,,,,,,
ADNP,,,,-0.9773386756329585,-0.28251600028237334,-0.629927337957666,,,,,,
DPM1,,,,,,,,,,,,
MOCS3,,,,-0.7834339737267199,-0.7834339737267199,-0.7834339737267199,,,,,,
KCNG1,,,,,,,,,,,,
ATP9A,,,,,,,,,,,,
ZFP64,,,,,,,,,,,,
TSHZ2,,,,,,,,,,,,
ZNF217,,,,,,,,,,,,
PFDN4,,,,,,,,,,,,
FAM210B,,,,,,,,,,,,
AURKA,0.12159965445673801,0.28207460337565843,0.2018371289161982,,,,,,,,,
CSTF1,,,,,,,,,,,,
RTF2,0.09143844122204128,0.3572203800786554,0.22432941065034834,,,,,,,,,
TFAP2C,-0.2021556335301682,-0.0758690139731561,-0.13901232375166214,,,,-0.388735144135727,-0.05682213183282702,-0.22277863798427702,-0.21743061904214325,-0.052665023695717114,-0.13504782136893018
BMP7,,,,,,,,,,,,
RAE1,,,,,,,,,,,,
RBM38,,,,,,,,,,,,
HMGB1P1,,,,,,,,,,,,
PMEPA1,,,,,,,,,,,,
RAB22A,,,,-0.9886006627366853,-0.35070434466052086,-0.6696525036986031,,,,,,
VAPB,,,,,,,,,,,,
STX16,0.028976177891013227,0.3225827108608275,0.17577944437592036,,,,,,,,,
GNAS,,,,,,,,,,,,
NELFCD,,,,,,,,,,,,
ATP5F1E,,,,,,,,,,,,
PRELID3B,,,,,,,,,,,,
PHACTR3,,,,,,,,,,,,
FAM217B,,,,,,,,,,,,
CDH4,,,,,,,,,,-0.14353863521295562,-0.04424487046046898,-0.0938917528367123
TAF4,,,,,,,,,,,,
LSM14B,,,,,,,,,,,,
PSMA7,,,,,,,,,,,,
SS18L1,,,,,,,,,,,,
MTG2,,,,,,,,,,,,
OSBPL2,,,,,,,,,,,,
ADRM1,,,,,,,,,,,,
LAMA5,,,,,,,,,,,,
RPS21,,,,,,,,,,,,
SLCO4A1,,,,,,,,,,,,
MRGBP,,,,,,,,,,,,
OGFR,,,,,,,,,,,,
TCFL5,,,,,,,,,,,,
DIDO1,,,,,,,,,,,,
GID8,,,,,,,,,,,,
YTHDF1,,,,,,,,,,,,
ARFGAP1,,,,,,,,,,,,
KCNQ2,,,,,,,,,,,,
EEF1A2,,,,,,,,,,,,
PPDPF,,,,,,,,,,,,
GMEB2,,,,,,,,,,,,
STMN3,,,,,,,,,,,,
RTEL1,,,,,,,,,,,,
ARFRP1,,,,,,,,,,,,
ZGPAT,,,,,,,,,,,,
SLC2A4RG,,,,,,,,,,,,
ZBTB46,,,,-0.9891124771969133,-0.39969851524102545,-0.6944054962189694,,,,,,
TPD52L2,,,,,,,,,,,,
DNAJC5,,,,,,,,,,,,
ZNF512B,,,,,,,,,,,,
PRPF6,,,,,,,,,,,,
TCEA2,,,,,,,,,,,,
RGS19,,,,-0.7940817617803746,-0.7940817617803746,-0.7940817617803746,,,,,,
PCMTD2,,,,,,,,,,,,
HSPA13,,,,,,,,,,,,
NRIP1,,,,,,,,,,,,
USP25,,,,,,,,,,,,
CXADR,,,,,,,,,,,,
BTG3,,,,,,,,,,,,
C21orf91,,,,,,,,,,,,
NCAM2,,,,-0.9787147927785529,-0.28698450775291495,-0.6328496502657339,,,,,,
MRPL39,,,,,,,,,,,,
ATP5PF,,,,,,,,,,,,
GABPA,0.05931109242620995,0.27052799081713746,0.16491954162167372,,,,,,,,,
APP,0.07395883079785859,0.3294829965412133,0.20172091366953596,,,,,,,0.036063296980661484,0.4092853505252072,0.22267432375293433
ADAMTS1,,,,,,,,,,,,
N6AMT1,,,,,,,,,,,,
LTN1,,,,,,,,,,,,
RWDD2B,,,,,,,,,,,,
USP16,,,,,,,,,,,,
CCT8,,,,,,,,,,,,
BACH1,,,,,,,,,,,,
TIAM1,,,,-0.9447138757839971,-0.1591035900716743,-0.5519087329278357,,,,,,
SOD1,,,,,,,,,,,,
SCAF4,,,,,,,,,,,,
HUNK,,,,,,,,,,,,
MIS18A,,,,,,,,,,,,
URB1,,,,,,,,,,,,
TCP10L,,,,,,,,,,,,
CFAP298,,,,,,,,,,,,
SYNJ1,,,,,,,,,,,,
PAXBP1,,,,,,,,,,,,
IFNAR2,,,,,,,,,,,,
IL10RB,,,,,,,,,,,,
IFNAR1,,,,,,,,,,,,
IFNGR2,,,,,,,,,,,,
TMEM50B,,,,,,,,,,,,
GART,0.019570433732143,0.3062008382749636,0.1628856360035533,,,,,,,,,
SON,0.10865454373057144,0.3589517222269487,0.23380313297876007,,,,,,,0.15584916833436965,0.4355085319053936,0.29567885011988165
DONSON,,,,,,,,,,,,
CRYZL1,,,,,,,,,,,,
ITSN1,0.12186859409728111,0.3105215399926151,0.21619506704494812,,,,,,,,,
ATP5PO,,,,,,,,,,,,
MRPS6,,,,,,,,,,,,
SLC5A3,,,,,,,,,,,,
SMIM11,,,,,,,,,,,,
RCAN1,,,,,,,,,,,,
RUNX1,,,,,,,,,,,,
SETD4,,,,,,,,,,,,
CBR1,,,,-0.9834966693018279,-0.2942231438321881,-0.638859906567008,,,,,,
CBR3,,,,,,,,,,,,
DOP1B,,,,,,,,,,,,
MORC3,,,,,,,,,,,,
CHAF1B,,,,,,,,,,,,
SIM2,,,,,,,,,,,,
HLCS,,,,,,,,,,,,
PIGP,,,,,,,,,,,,
TTC3,,,,,,,,,,,,
VPS26C,,,,,,,,,,,,
DYRK1A,,,,-0.9754579062022538,-0.21430236199876698,-0.5948801341005104,,,,,,
ETS2,,,,,,,,,,,,
PSMG1,,,,,,,,,,,,
BRWD1,,,,,,,,,,,,
HMGN1,,,,,,,,,,,,
GET1,,,,,,,,,,,,
DSCAM,,,,,,,,,,,,
BACE2,,,,,,,,,,,,
PRDM15,,,,,,,,,,,,
ZBTB21,,,,,,,,,,,,
PDE9A,,,,,,,,,,,,
WDR4,,,,,,,,,,,,
NDUFV3,,,,,,,,,,,,
PKNOX1,,,,-0.984146828939011,-0.30823740981375697,-0.646192119376384,,,,,,
CBS,,,,,,,,,,,,
U2AF1,,,,,,,,,,,,
RRP1B,0.06861784493891013,0.3073729797429379,0.18799541234092404,,,,,,,,,
PDXK,,,,,,,,,,,,
CSTB,,,,,,,,,,,,
RRP1,,,,,,,,,,,,
AGPAT3,,,,,,,,,,,,
TRAPPC10,,,,,,,,,,,,
PWP2,,,,,,,,,,,,
GATD3,,,,,,,,,,,,
PFKL,,,,,,,,,,,,
CFAP410,,,,,,,,,,,,
UBE2G2,0.06515556382957277,0.3529574759153858,0.20905651987247928,,,,-0.05897326812395352,0.46248718655657983,0.20175695921631315,,,
SUMO3,,,,,,,,,,,,
PTTG1IP,0.07980554388582416,0.269426315139557,0.1746159295126906,,,,,,,,,
SLX9,,,,,,,,,,,,
ADARB1,,,,-0.9794275500743388,-0.21970541508240793,-0.5995664825783733,,,,,,
POFUT2,,,,,,,,,,,,
COL18A1,,,,,,,,,,,,
SLC19A1,,,,,,,,,,,,
PCBP3,,,,,,,,,,,,
COL6A1,,,,,,,,,,,,
SPATC1L,,,,,,,,,,,,
LSS,,,,,,,,,,,,
MCM3AP,,,,-0.987567101535711,-0.39077881648165297,-0.689172959008682,,,,,,
YBEY,,,,,,,,,,,,
C21orf58,,,,,,,,,,,,
PCNT,0.09402643115512446,0.34394986331736666,0.21898814723624555,,,,,,,0.059456043036608126,0.48892599868273423,0.2741910208596712
DIP2A,,,,-0.989946387393047,-0.3578546130924121,-0.6739005002427295,,,,,,
PRMT2,,,,,,,,,,,,
POTEH,-0.09278829245994145,-0.047312106397886675,-0.07005019942891406,-0.9460233333402931,-0.21556471344632794,-0.5807940233933105,,,,-0.1657928869200921,-0.05319712500243678,-0.10949500596126444
IL17RA,,,,,,,,,,,,
HDHD5,,,,,,,,,,,,
CECR2,,,,,,,,,,,,
ATP6V1E1,,,,,,,,,,,,
BCL2L13,0.0024699595473659177,0.27376172498850565,0.13811584226793577,,,,,,,,,
BID,,,,,,,,,,,,
MICAL3,,,,,,,,,,,,
PEX26,,,,,,,,,,,,
USP18,,,,,,,,,,,,
DGCR2,,,,,,,,,,,,
ESS2,,,,,,,,,,,,
SLC25A1,,,,,,,,,,,,
CLTCL1,,,,,,,,,,,,
HIRA,,,,,,,,,,,,
C22orf39,,,,,,,,,,,,
MRPL40,,,,,,,,,,,,
UFD1,,,,,,,,,,,,
CDC45,,,,,,,,,,,,
GP1BB,,,,,,,,,,,,
TBX1,,,,,,,,,,,,
GNB1L,,,,,,,,,,,,
RTL10,,,,,,,,,,,,
TXNRD2,,,,,,,,,,,,
COMT,,,,,,,,,,,,
TANGO2,,,,,,,,,,,,
DGCR8,,,,,,,,,,,,
TRMT2A,,,,,,,,,,,,
RANBP1,,,,,,,,,,,,
ZDHHC8,,,,,,,,,,,,
DGCR6L,,,,,,,,,,,,
ZNF74,,,,,,,,,,,,
SCARF2,,,,,,,,,,,,
KLHL22,,,,,,,,,,,,
MED15,,,,,,,,,,,,
PI4KA,,,,,,,,,,,,
SNAP29,,,,,,,,,,,,
CRKL,0.04729953945770275,0.2550261985876695,0.15116286902268614,,,,,,,,,
LZTR1,,,,,,,,,,,,
THAP7,,,,,,,,,,,,
HIC2,,,,,,,,,,,,
UBE2L3,,,,,,,,,,,,
YDJC,,,,,,,,,,,,
SDF2L1,,,,,,,,,,,,
PPIL2,,,,,,,,,,,,
YPEL1,,,,,,,,,,,,
MAPK1,,,,,,,,,,,,
PPM1F,0.05080916091182795,0.28394357815963145,0.1673763695357297,,,,,,,,,
TOP3B,,,,,,,,,,,,
ZNF280B,,,,,,,,,,,,
PRAME,,,,,,,,,,,,
GNAZ,-0.2028336105380491,-0.04084577760003959,-0.12183969406904435,,,,,,,,,
BCR,,,,,,,,,,,,
ZNF70,,,,,,,,,,,,
CHCHD10,,,,,,,,,,,,
SMARCB1,,,,,,,,,,,,
DERL3,,,,,,,,,,,,
SLC2A11,,,,,,,,,,,,
MIF,,,,,,,,,,,,
DDT,,,,,,,,,,,,
CABIN1,,,,-0.9917942556009934,-0.18538785480256287,-0.5885910552017781,,,,,,
SPECC1L,,,,,,,,,,,,
GUCD1,,,,,,,,,,,,
SNRPD3,,,,,,,,,,,,
SGSM1,,,,,,,,,,,,
KIAA1671,,,,,,,,,,,,
GRK3,,,,,,,,,,,,
ASPHD2,,,,-0.7804667296406032,-0.7804667296406032,-0.7804667296406032,,,,,,
HPS4,,,,,,,,,,,,
SRRD,,,,,,,,,,,,
TFIP11,,,,,,,,,,,,
TPST2,,,,,,,,,,,,
PITPNB,0.04636000522798351,0.3255752177922926,0.18596761151013805,,,,,,,,,
TTC28,,,,,,,,,,,,
CHEK2,,,,,,,,,,,,
HSCB,,,,-0.9820026061926382,-0.24139440585560898,-0.6116985060241236,,,,,,
CCDC117,,,,,,,,,,,,
XBP1,0.042778817811341664,0.24771758107066766,0.14524819944100467,,,,,,,,,
ZNRF3,,,,-0.9847548900822586,-0.2940142209206856,-0.6393845555014721,,,,,,
KREMEN1,,,,,,,,,,,,
EMID1,,,,,,,,,,,,
RHBDD3,,,,,,,,,,,,
EWSR1,0.0855033598048401,0.34793356134152337,0.21671846057318173,,,,,,,,,
AP1B1,,,,,,,,,,,,
THOC5,0.04162856385706605,0.27687921094261225,0.15925388739983914,,,,,,,,,
NIPSNAP1,,,,,,,,,,,,
NF2,,,,,,,,,,,,
ZMAT5,,,,,,,,,,,,
UQCR10,,,,,,,,,,,,
ASCC2,,,,,,,,,,,,
MTMR3,,,,,,,,,,,,
TBC1D10A,,,,,,,,,,,,
SF3A1,,,,,,,,,,,,
RNF215,,,,,,,,,,,,
SEC14L2,,,,,,,,,,,,
MTFP1,,,,,,,,,,,,
PES1,,,,-0.9882182409317438,-0.3615068044748341,-0.674862522703289,,,,,,
SLC35E4,,,,,,,,,,,,
DUSP18,,,,,,,,,,,,
OSBP2,,,,,,,,,,,,
MORC2,0.05383905325137986,0.24725511251840243,0.15054708288489116,,,,,,,,,
TUG1,,,,,,,,,,,,
SMTN,,,,,,,,,,,,
SELENOM,,,,,,,,,,,,
RNF185,,,,,,,,,,,,
LIMK2,,,,,,,,,,,,
PATZ1,,,,,,,,,,,,
DRG1,,,,,,,,,,,,
EIF4ENIF1,,,,,,,,,,,,
SFI1,,,,,,,,,,,,
PISD,,,,,,,,,,,,
PRR14L,0.05543694349449295,0.338799401626055,0.19711817256027397,,,,,,,,,
DEPDC5,,,,,,,,,,,,
YWHAH,,,,,,,,,,,,
RTCB,0.0796681610093562,0.38153607464873057,0.23060211782904338,,,,,,,,,
FBXO7,,,,,,,,,,,,
SYN3,,,,,,,,,,,,
TIMP3,,,,,,,,,,,,
LARGE1,,,,,,,,,,,,
HMGXB4,,,,,,,,,,,,
TOM1,,,,,,,,,,,,
HMOX1,,,,,,,,,,,,
MCM5,,,,,,,,,,,,
RBFOX2,,,,,,,,,,,,
APOL2,,,,,,,,,,,,
MYH9,0.07684169108588973,0.27901944543595575,0.17793056826092274,,,,,,,,,
TXN2,,,,,,,,,,,,
FOXRED2,,,,,,,,,,,,
EIF3D,,,,,,,,,,,,
IFT27,,,,,,,,,,,,
TST,,,,,,,,,,,,
MPST,,,,,,,,,,,,
KCTD17,,,,,,,,,,,,
CDC42EP1,0.06419999773553563,0.24376463690814565,0.15398231732184064,,,,,,,,,
GGA1,,,,,,,,,,,,
SH3BP1,,,,,,,,,,,,
PDXP,,,,,,,,,,,,
NOL12,,,,,,,,,,,,
TRIOBP,,,,,,,,,,,,
GCAT,,,,,,,,,,,,
ANKRD54,,,,,,,,,,,,
EIF3L,,,,,,,,,,,,
MICALL1,,,,,,,,,,,,
POLR2F,,,,,,,,,,,,
PICK1,,,,,,,,,,,,
PLA2G6,,,,,,,,,,,,
TMEM184B,,,,,,,,,,,,
CSNK1E,,,,,,,,,,,,
KDELR3,,,,,,,,,,,,
DDX17,0.08081800845879389,0.3781878226999008,0.22950291557934735,,,,,,,,,
DMC1,,,,,,,,,,,,
FAM227A,,,,,,,,,,,,
CBY1,,,,,,,,,,,,
TOMM22,,,,,,,,,,,,
JOSD1,,,,,,,,,,,,
GTPBP1,,,,,,,,,,,,
SUN2,,,,,,,,,,,,
CBX6,,,,,,,,,,,,
APOBEC3C,,,,,,,,,,,,
RPL3,,,,,,,,,,,,
SYNGR1,,,,,,,,,,,,
TAB1,,,,,,,,,,,,
MIEF1,0.08320176165241688,0.2896232942938269,0.18641252797312188,,,,,,,,,
ATF4,,,,,,,,,,,,
RPS19BP1,,,,,,,,,,,,
TNRC6B,,,,,,,,,,,,
ADSL,,,,,,,,,,,,
SGSM3,,,,,,,,,,,,
MRTFA,,,,,,,,,,,,
SLC25A17,0.059833048129194724,0.33050429112910107,0.1951686696291479,,,,,,,,,
ST13,0.06074293376972054,0.3288392544760519,0.19479109412288623,,,,,,,-0.03770095983482213,0.40186883825714925,0.18208393921116356
XPNPEP3,,,,,,,,,,,,
RBX1,,,,,,,,,,,,
EP300,0.0311469249994526,0.26086164903913245,0.14600428701929252,,,,,,,,,
L3MBTL2,,,,,,,,,,,,
RANGAP1,0.05895355005358142,0.2942642972569629,0.17660892365527217,,,,,,,,,
ZC3H7B,,,,,,,,,,,,
TOB2,0.047042047606221556,0.22535423411259128,0.13619814085940643,,,,,,,,,
ACO2,,,,,,,,,,,,
PHF5A,,,,,,,,,,,,
POLR3H,,,,,,,,,,,,
PMM1,,,,,,,,,,,,
DESI1,,,,,,,,,,,,
XRCC6,0.04005965240144439,0.30766969500066926,0.17386467370105682,,,,,,,,,
SNU13,,,,,,,,,,,,
CCDC134,,,,,,,,,,,,
SREBF2,,,,,,,,,,,,
CENPM,,,,,,,,,,,,
WBP2NL,,,,,,,,,,,,
NAGA,,,,,,,,,,,,
SMDT1,,,,,,,,,,,,
NDUFA6,,,,,,,,,,,,
TCF20,,,,,,,,,,,,
RRP7A,,,,,,,,,,,,
POLDIP3,,,,,,,,,,,,
CYB5R3,,,,,,,,,,,,
ARFGAP3,,,,,,,,,,,,
PACSIN2,,,,,,,,,,,,
MCAT,,,,,,,,,,,,
TSPO,,,,,,,,,,,,
TTLL12,0.0748347740184548,0.31089717030997854,0.19286597216421666,,,,,,,,,
PNPLA3,,,,,,,,,,,,
SAMM50,,,,,,,,,,,,
PARVB,,,,,,,,,,,,
RTL6,,,,,,,,,,,,
PRR5,,,,,,,,,,,,
ARHGAP8,,,,,,,,,,,,
PHF21B,,,,,,,,,,,,
NUP50,,,,,,,,,,,,
KIAA0930,,,,-0.6505391549972737,-0.6505391549972737,-0.6505391549972737,,,,,,
FAM118A,,,,,,,,,,,,
RIBC2,,,,,,,,,,,,
FBLN1,,,,,,,,,,,,
ATXN10,,,,,,,,,,,,
PPARA,,,,,,,,,,,,
CDPF1,,,,,,,,,,,,
TTC38,,,,,,,,,,,,
GTSE1,0.0353736668403833,0.22436915394374324,0.12987141039206326,,,,,,,,,
TRMU,,,,,,,,,,,,
CELSR1,,,,,,,,,,,,
GRAMD4,,,,,,,,,,,,
CERK,,,,,,,,,,,,
TBC1D22A,,,,,,,,,,,,
BRD1,0.10422301194477046,0.33245019590084224,0.21833660392280635,,,,,,,,,
ZBED4,0.04042945296571319,0.27056040893349126,0.15549493094960223,,,,,,,,,
ALG12,,,,,,,,,,,,
CRELD2,,,,,,,,,,,,
PIM3,,,,,,,,,,,,
TRABD,,,,,,,,,,,,
SELENOO,,,,,,,,,,,,
TUBGCP6,,,,,,,,,,,,
MAPK12,,,,,,,,,,,,
PLXNB2,,,,,,,,,,,,
PPP6R2,0.0007035376650765883,0.2680995904373383,0.13440156405120743,,,,,,,,,
SBF1,,,,,,,,,,,,
LMF2,,,,,,,,,,,,
NCAPH2,,,,,,,,,,,,
SCO2,,,,,,,,,,,,
TYMP,,,,,,,,,,,,
CHKB,,,,,,,,,,,,
MAPK8IP2,,,,,,,,,,,,
SHANK3,,,,-0.4099587961721859,-0.4099587961721859,-0.4099587961721859,,,,,,
RABL2B,,,,,,,,,,,,
PLCXD1,,,,,,,,,,,,
GTPBP6,,,,,,,,,,,,
PPP2R3B,,,,,,,,,,,,
SLC25A6,,,,,,,,,,,,
ASMTL,,,,,,,,,,,,
AKAP17A,,,,,,,,,,,,
DHRSX,,,,-0.9893053818441679,-0.34682956947667626,-0.6680674756604221,,,,,,
CD99,,,,,,,,,,,,
GYG2,,,,,,,,,,,,
PRKX,,,,,,,,,,,,
PUDP,,,,,,,,,,,,
STS,,,,,,,,,,,,
PNPLA4,,,,,,,,,,,,
TBL1X,,,,,,,,,,,,
SHROOM2,-0.11044275534463571,-0.0056705398200296185,-0.058056647582332664,,,,,,,-0.15617214860747988,0.011583580698200376,-0.07229428395463976
MID1,,,,-0.964799693315349,-0.18551491797790248,-0.5751573056466257,,,,,,
HCCS,0.08777610291009984,0.3120983644310566,0.19993723367057822,,,,,,,,,
MSL3,,,,,,,,,,,,
FRMPD4,,,,,,,,,,,,
PRPS2,,,,,,,,,,,,
TMSB4X,,,,,,,,,,,,
RAB9A,,,,,,,,,,,,
TRAPPC2,,,,,,,,,,,,
OFD1,,,,,,,,,,,,
GPM6B,,,,,,,,,,,,
GEMIN8,,,,,,,,,,,,
FANCB,,,,,,,,,,,,
MOSPD2,,,,,,,,,,,,
PIGA,,,,,,,,,,,,
PIR,,,,,,,,,,,,
CA5B,,,,,,,,,,,,
ZRSR2,,,,,,,,,,,,
AP1S2,,,,,,,,,,,,
CTPS2,,,,,,,,,,,,
SYAP1,,,,,,,,,,,,
TXLNG,,,,,,,,,,,,
RBBP7,0.013656802934100216,0.3565427434531291,0.18509977319361465,,,,,,,,,
NHS,,,,,,,,,,,,
SCML1,,,,,,,,,,,,
SCML2,,,,,,,,,,,,
CDKL5,,,,,,,,,,,,
PHKA2,,,,,,,,,,,,
PDHA1,0.0724345959940898,0.3656948012097233,0.21906469860190655,,,,,,,,,
MAP3K15,,,,,,,,,,,,
SH3KBP1,,,,,,,,,,,,
BCLAF3,,,,,,,,,,,,
MAP7D2,,,,,,,,,,,,
EIF1AX,,,,,,,,,,,,
RPS6KA3,,,,,,,,,,,,
CNKSR2,,,,,,,,,,,,
MBTPS2,,,,,,,,,,,,
SMS,,,,,,,,,,,,
PRDX4,,,,,,,,,,,,
ACOT9,,,,,,,,,,,,
SAT1,,,,,,,,,,,,
APOO,,,,,,,,,,,,
KLHL15,,,,,,,,,,,,
EIF2S3,,,,,,,,,,,,
ZFX,,,,,,,,,,,,
PDK3,,,,,,,,,,,,
POLA1,,,,,,,,,,,,
IL1RAPL1,,,,,,,,,,,,
GK,,,,,,,,,,,,
TAB3,,,,,,,,,,,,
DMD,-0.06904496701078679,0.02583163068431942,-0.021606668163233686,,,,,,,,,
TMEM47,,,,,,,,,,,,
PRRG1,,,,,,,,,,,,
DYNLT3,,,,,,,,,,,,
RPGR,0.06094114325553555,0.2794386102571241,0.17018987675632982,,,,,,,,,
TSPAN7,,,,,,,,,,,,
MID1IP1,,,,,,,,,,,,
BCOR,,,,-0.9483337485234264,-0.18558695250539384,-0.5669603505144102,,,,,,
ATP6AP2,,,,,,,,,,,,
CXorf38,,,,,,,,,,,,
MED14,,,,,,,,,,,,
USP9X,,,,,,,,,,,,
DDX3X,,,,,,,,,,,,
CASK,,,,,,,,,,,,
FUNDC1,,,,,,,,,,,,
KDM6A,,,,,,,,,,,,
KRBOX4,,,,-0.746479716411334,-0.746479716411334,-0.746479716411334,,,,,,
SLC9A7,,,,,,,,,,,,
RP2,,,,,,,,,,,,
JADE3,0.02398367022731732,0.2796958070531203,0.15183973864021882,,,,,,,,,
NDUFB11,,,,,,,,,,,,
RBM10,,,,,,,,,,,,
UBA1,,,,,,,,,,,,
CDK16,,,,,,,,,,,,
USP11,,,,,,,,,,,,
ZNF41,,,,,,,,,,,,
ARAF,,,,,,,,,,,,
TIMP1,,,,,,,,,,,,
ELK1,,,,,,,,,,,,
UXT,,,,,,,,,,,,
ZNF81,0.0600369924092209,0.26007152048917653,0.1600542564491987,,,,,,,,,
FTSJ1,,,,,,,,,,,,
EBP,,,,,,,-0.9558427646254728,-0.18890101766922873,-0.5723718911473508,,,
TBC1D25,,,,,,,,,,,,
RBM3,,,,,,,,,,,,
WDR13,,,,,,,,,,,,
SUV39H1,,,,,,,,,,,,
HDAC6,,,,,,,,,,,,
PCSK1N,,,,,,,,,,,,
PQBP1,,,,,,,,,,,,
TIMM17B,,,,,,,,,,,,
SLC35A2,,,,,,,,,,,,
PIM2,,,,,,,,,,,,
OTUD5,,,,,,,,,,,,
GRIPAP1,,,,,,,,,,,,
TFE3,,,,,,,,,,,,
PRAF2,,,,,,,,,,,,
WDR45,,,,,,,,,,,,
GPKOW,,,,,,,,,,,,
PLP2,,,,,,,,,,,,
PRICKLE3,,,,,,,,,,,,
SYP,,,,,,,,,,,,
CCDC22,,,,,,,,,,,,
CLCN5,,,,,,,,,,,,
NUDT11,,,,,,,,,,,,
GSPT2,,,,-0.7701173050043173,-0.7701173050043173,-0.7701173050043173,,,,,,
MAGED1,0.0034194420343779544,0.3289353475596206,0.16617739479699928,,,,,,,,,
FAM156A,,,,,,,,,,,,
TSPYL2,,,,,,,,,,,,
KANTR,,,,,,,,,,,,
KDM5C,,,,,,,,,,,,
IQSEC2,,,,,,,,,,,,
SMC1A,0.21040527727017846,0.4436619289040134,0.32703360308709595,,,,,,,0.08877283286862084,0.4192252861676794,0.2539990595181501
HSD17B10,,,,,,,,,,,,
HUWE1,0.1248548499774644,0.3954001147443976,0.26012748236093103,,,,-0.04589473403931273,0.410359796451416,0.18223253120605165,0.04920426537605168,0.45036170075495235,0.249782983065502
PHF8,,,,,,,,,,,,
FAM120C,,,,,,,,,,,,
WNK3,,,,,,,,,,,,
TSR2,,,,,,,,,,,,
FGD1,,,,,,,,,,,,
GNL3L,,,,,,,,,,,,
MAGED2,,,,,,,,,,,,
APEX2,,,,,,,,,,,,
FAM104B,,,,,,,,,,,,
RRAGB,,,,,,,,,,,,
UBQLN2,,,,,,,,,,,,
NBDY,,,,,,,,,,,,
SPIN3,,,,-0.9802956162072114,-0.21607055040230067,-0.598183083304756,,,,,,
SPIN2B,,,,,,,,,,,,
SPIN4,,,,,,,,,,,,
ARHGEF9,,,,-0.9782368373888769,-0.24532315131609117,-0.611779994352484,,,,,,
AMER1,,,,-0.6645693059434763,-0.6645693059434763,-0.6645693059434763,,,,,,
MTMR8,,,,,,,0.10085609281913115,0.5391517239464093,0.3200039083827702,,,
ZC4H2,,,,,,,,,,,,
ZC3H12B,,,,,,,,,,,,
LAS1L,0.09125641507220003,0.33502526535928406,0.21314084021574203,,,,,,,0.05835633990413309,0.4052301479461522,0.23179324392514264
MSN,,,,,,,,,,,,
AR,,,,,,,,,,,,
OPHN1,,,,,,,,,,,,
YIPF6,,,,,,,,,,,,
PJA1,,,,,,,,,,,,
NALF2,,,,-0.8092461380445723,-0.8092461380445723,-0.8092461380445723,,,,,,
EDA,,,,,,,,,,,,
IGBP1,,,,,,,,,,,,
PDZD11,,,,,,,,,,,,
KIF4A,0.09540637099615304,0.3302484575661121,0.21282741428113255,,,,,,,,,
DLG3,,,,,,,,,,,,
SNX12,,,,,,,,,,,,
MED12,,,,,,,,,,,,
ZMYM3,,,,,,,,,,,,
NONO,0.11435428099702168,0.36166364636220555,0.2380089636796136,,,,,,,0.051660244242976966,0.43116334332797585,0.2414117937854764
TAF1,,,,,,,,,,,,
OGT,,,,,,,,,,,,
NHSL2,,,,-0.9804917100494829,-0.42432617756568775,-0.7024089438075853,,,,,,
PIN4,,,,,,,,,,,,
ERCC6L,,,,,,,,,,,,
RPS4X,,,,,,,,,,,,
CITED1,,,,,,,,,,,,
HDAC8,0.03284730303445653,0.2796080583686208,0.15622768070153867,,,,0.13535017860487566,0.4416866785862286,0.28851842859555216,,,
PHKA1,,,,,,,,,,,,
CHIC1,,,,,,,,,,,,
SLC16A2,,,,,,,,,,,,
RLIM,,,,,,,0.07384284455070297,0.4966911769226162,0.2852670107366596,,,
ABCB7,,,,-0.9818609114176283,-0.3630950467023158,-0.6724779790599721,,,,,,
UPRT,,,,,,,,,,,,
PBDC1,,,,,,,,,,,,
ATRX,,,,-0.9766294525728251,-0.22844588233399682,-0.602537667453411,,,,,,
MAGT1,,,,,,,,,,,,
COX7B,,,,,,,,,,,,
ATP7A,0.05546687368874597,0.2618600468761261,0.15866346028243603,,,,,,,,,
PGK1,,,,,,,,,,,,
TAF9B,,,,,,,,,,,,
LPAR4,,,,,,,,,,-0.13524960318777096,-0.013848098254674914,-0.07454885072122294
BRWD3,0.08167689564238342,0.28289105530536146,0.18228397547387243,,,,,,,,,
HMGN5,,,,,,,,,,,,
SH3BGRL,0.06854046287239725,0.32649404392212855,0.1975172533972629,,,,,,,0.038644194119911955,0.42289440398368383,0.23076929905179788
RPS6KA6,,,,-0.977977025613906,-0.19894034482366482,-0.5884586852187854,,,,,,
HDX,,,,,,,,,,,,
APOOL,,,,,,,,,,,,
ZNF711,,,,,,,,,,-0.09470075215027558,-0.005403672356577916,-0.05005221225342675
CHM,,,,,,,,,,,,
DACH2,,,,,,,,,,,,
DIAPH2,,,,,,,,,,,,
TSPAN6,,,,,,,,,,,,
SYTL4,,,,,,,,,,,,
CSTF2,,,,,,,,,,,,
TRMT2B,,,,,,,,,,,,
CENPI,,,,,,,,,,,,
TIMM8A,,,,,,,,,,,,
RPL36A,,,,,,,,,,,,
GLA,,,,,,,,,,,,
HNRNPH2,0.07282652462654941,0.3271375939138432,0.19998205927019633,,,,,,,,,
ARMCX4,,,,,,,,,,,,
ARMCX3,,,,,,,,,,,,
BEX5,,,,,,,,,,,,
TMSB15A,,,,,,,,,,,,
ARMCX5,,,,,,,,,,,,
BEX1,,,,,,,,,,,,
BEX4,0.10946095182001157,0.38634722019505147,0.24790408600753153,,,,0.020196222695646526,0.5001138708277937,0.2601550467617201,0.05559615154292503,0.436490333204792,0.24604324237385852
TCEAL8,,,,,,,,,,,,
BEX2,,,,,,,,,,,,
TCEAL9,,,,,,,,,,,,
BEX3,,,,,,,,,,,,
TCEAL4,,,,,,,,,,,,
TCEAL3,,,,,,,,,,,,
TCEAL1,,,,,,,,,,,,
MORF4L2,0.07425132836675107,0.38966917552675523,0.23196025194675315,,,,0.08192653570648356,0.580581964524089,0.33125425011528625,,,
SLC25A53,,,,,,,,,,,,
FAM199X,0.0799148240754361,0.3560496048081504,0.21798221444179325,,,,,,,,,
RADX,,,,,,,,,,,,
RNF128,,,,,,,,,,,,
TBC1D8B,,,,,,,,,,,,
MORC4,,,,,,,,,,,,
RBM41,,,,,,,,,,,,
NUP62CL,,,,,,,,,,,,
PRPS1,,,,,,,,,,,,
TSC22D3,,,,,,,,,,,,
MID2,,,,,,,,,,,,
PSMD10,,,,,,,,,,,,
ATG4A,,,,,,,,,,,,
COL4A6,,,,,,,,,,,,
COL4A5,,,,,,,,,,,,
IRS4,,,,,,,,,,,,
NXT2,,,,,,,,,,,,
ACSL4,,,,,,,,,,,,
TMEM164,,,,,,,,,,,,
AMMECR1,,,,-0.9875523956997359,-0.2923370173193197,-0.6399447065095278,,,,,,
PAK3,,,,,,,,,,,,
ALG13,,,,,,,,,,,,
AMOT,,,,,,,,,,,,
LRCH2,,,,,,,,,,,,
PLS3,,,,,,,,,,,,
KLHL13,,,,,,,,,,,,
WDR44,,,,,,,,,,,,
DOCK11,,,,-0.9764559835357438,-0.26625634410658544,-0.6213561638211647,,,,,,
IL13RA1,,,,,,,,,,,,
ZCCHC12,,,,,,,,,,,,
LONRF3,,,,,,,,,,,,
PGRMC1,,,,,,,,,,,,
SLC25A43,,,,,,,,,,,,
SLC25A5,,,,,,,,,,,,
UBE2A,,,,,,,,,,,,
STEEP1,,,,,,,,,,,,
NKRF,,,,,,,,,,,,
SEPTIN6,,,,,,,,,,,,
RPL39,,,,,,,,,,,,
UPF3B,,,,,,,,,,,,
RNF113A,,,,,,,,,,,,
NDUFA1,,,,,,,,,,,,
NKAP,,,,,,,,,,,,
RHOXF1,,,,,,,,,,,,
ZBTB33,0.09873371415641907,0.2917238487307686,0.19522878144359385,,,,,,,,,
LAMP2,,,,,,,,,,,,
CUL4B,,,,,,,,,,,,
MCTS1,,,,,,,,,,,,
C1GALT1C1,,,,,,,,,,,,
THOC2,0.0887408240115697,0.32098113178025994,0.20486097789591481,,,,,,,0.08894915930566244,0.437226521462488,0.26308784038407523
XIAP,,,,,,,,,,,,
STAG2,,,,,,,,,,,,
TENM1,,,,,,,,,,,,
SMARCA1,,,,,,,,,,,,
OCRL,,,,,,,,,,,,
ZDHHC9,,,,,,,,,,,,
UTP14A,0.09444635246630072,0.323889447380696,0.20916789992349838,,,,,,,,,
BCORL1,,,,-0.9777553218555871,-0.18924692029396462,-0.5835011210747758,,,,,,
ELF4,,,,,,,,,,,,
AIFM1,0.0495773767973014,0.35655749508123846,0.20306743593926993,,,,,,,,,
ZNF280C,,,,,,,,,,,,
SLC25A14,,,,,,,,,,,,
RBMX2,,,,,,,,,,,,
ENOX2,,,,,,,,,,,,
IGSF1,,,,,,,0.08495540528649055,0.5025004293346015,0.29372791731054604,,,
STK26,,,,,,,,,,,,
RAP2C,,,,,,,,,,,,
MBNL3,,,,,,,,,,,,
HS6ST2,,,,,,,,,,,,
GPC4,,,,-0.9695713250805429,-0.139480886635115,-0.5545261058578289,,,,,,
GPC3,,,,,,,,,,,,
PHF6,0.0897542674123909,0.3472755858217486,0.21851492661706975,,,,,,,,,
HPRT1,,,,,,,,,,,,
PLAC1,,,,,,,,,,,,
PABIR2,,,,,,,,,,,,
PABIR3,,,,,,,,,,,,
MOSPD1,,,,,,,,,,,,
SMIM10,,,,,,,,,,,,
RTL8B,,,,,,,,,,,,
RTL8C,,,,,,,,,,,,
RTL8A,,,,,,,,,,,,
ZNF75D,,,,,,,,,,,,
INTS6L,,,,,,,,,,,,
MMGT1,0.06787937093261899,0.3047369902276682,0.1863081805801436,,,,,,,,,
SLC9A6,,,,,,,,,,,,
FHL1,,,,,,,,,,,,
MAP7D3,0.028229814232502252,0.35432867470916124,0.19127924447083175,,,,,,,,,
HTATSF1,0.14650790582970322,0.43129185187932034,0.2888998788545118,,,,0.10547973339632644,0.5360352137516876,0.320757473574007,0.0997081064580431,0.4249435818489066,0.2623258441534749
RBMX,,,,,,,,,,,,
ZIC3,,,,,,,,,,,,
FGF13,,,,,,,,,,,,
ATP11C,,,,-0.9774568842966717,-0.13292522151764657,-0.5551910529071591,,,,,,
LDOC1,,,,,,,,,,,,
FMR1,0.11431813638419276,0.3459373130966025,0.2301277247403976,,,,0.09285780835115963,0.5501899649254837,0.32152388663832165,0.04708002857784925,0.38527271653273704,0.21617637255529315
AFF2,,,,,,,,,,,,
IDS,,,,,,,,,,,,
EOLA1,,,,,,,,,,,,
TMEM185A,,,,,,,,,,,,
EOLA2,,,,,,,,,,,,
MTM1,,,,,,,,,,,,
MTMR1,,,,,,,,,,,,
CD99L2,,,,,,,,,,,,
HMGB3,,,,,,,,,,,,
VMA21,,,,,,,,,,,,
MAGEA3,,,,,,,,,,,,
CETN2,,,,,,,,,,,,
NSDHL,,,,,,,,,,,,
PNMA6A,,,,,,,,,,,,
ZNF275,,,,,,,,,,,,
HAUS7,,,,,,,,,,,,
CCNQ,,,,,,,,,,,,
DUSP9,,,,,,,,,,,,
SLC6A8,,,,,,,,,,,,
BCAP31,,,,,,,,,,,,
ABCD1,,,,,,,,,,,,
IDH3G,,,,,,,,,,,,
SSR4,,,,,,,,,,,,
NAA10,,,,,,,,,,,,
HCFC1,0.07570796992929517,0.3272866629548869,0.20149731644209104,,,,,,,,,
TMEM187,,,,,,,,,,,,
IRAK1,,,,,,,,,,,,
MECP2,,,,,,,,,,,,
FLNA,,,,,,,,,,,,
EMD,,,,,,,,,,,,
RPL10,,,,,,,,,,,,
DNASE1L1,,,,,,,,,,,,
TAFAZZIN,,,,,,,,,,,,
ATP6AP1,,,,,,,,,,,,
GDI1,,,,,,,,,,,,
FAM50A,0.06088389885317316,0.30514510288252583,0.18301450086784948,,,,,,,,,
PLXNA3,,,,,,,,,,,,
LAGE3,,,,,,,,,,,,
UBL4A,,,,,,,,,,,,
SLC10A3,,,,,,,,,,,,
FAM3A,,,,,,,,,,,,
G6PD,,,,,,,,,,,,
IKBKG,,,,,,,,,,,,
DKC1,,,,,,,,,,,,
MPP1,,,,,,,,,,,,
FUNDC2,,,,,,,,,,,,
CMC4,,,,,,,,,,,,
MTCP1,,,,,,,,,,,,
BRCC3,0.06305573803837368,0.33108463623553536,0.1970701871369545,,,,,,,,,
VBP1,,,,,,,,,,,,
TMLHE,0.04118142774516334,0.2884398100315942,0.16481061888837878,,,,,,,,,
VAMP7,,,,,,,,,,,,
ZFY,,,,,,,,,,-0.10673921846291114,-0.01959849984418693,-0.06316885915354903
PCDH11Y,,,,,,,,,,-0.1241572969152913,-0.029731610426600774,-0.07694445367094604
MT-ND1,,,,,,,,,,,,
MT-ND2,,,,,,,,,,,,
MT-CO1,,,,,,,,,,,,
MT-CO2,,,,,,,,,,,,
MT-ATP8,,,,,,,,,,,,
MT-ATP6,,,,,,,,,,,,
MT-CO3,,,,,,,,,,,,
MT-ND3,,,,-0.9725480549168997,-0.20090215861102217,-0.586725106763961,,,,,,
MT-ND4L,,,,,,,,,,,,
MT-ND4,,,,,,,,,,,,
MT-ND5,,,,,,,,,,,,
MT-ND6,,,,-0.9750572223097801,-0.16191848703335623,-0.5684878546715681,,,,,,
MT-CYB,,,,,,,,,,,,
