,MIR6821_All_status,MIR6821_G1_status,MIR6821_S_status,MIR6821_G2M_status
SAMD11,INFEASIBLE,OPTIMAL,OPTIMAL,OPTIMAL
NOC2L,INFEASIBLE,OPTIMAL,OPTIMAL,INFEASIBLE
HES4,INFEASIBLE,INFEASIBLE,OPTIMAL,INFEASIBLE
ISG15,OPTIMAL,OPTIMAL,OPTIMAL,OPTIMAL
AGRN,OPTIMAL,OPTIMAL,OPTIMAL,OPTIMAL
C1orf159,INFEASIBLE,INFEASIBLE,OPTIMAL,OPTIMAL
SDF4,OPTIMAL,INFEASIBLE,OPTIMAL,OPTIMAL
B3GALT6,INFEASIBLE,OPTIMAL,OPTIMAL,OPTIMAL
UBE2J2,INFEASIBLE,INFEASIBLE,OPTIMAL,OPTIMAL
ACAP3,OPTIMAL,OPTIMAL,OPTIMAL,OPTIMAL
PUSL1,OPTIMAL,OPTIMAL,OPTIMAL,OPTIMAL
INTS11,OPTIMAL,OPTIMAL,OPTIMAL,OPTIMAL
DVL1,OPTIMAL,OPTIMAL,OPTIMAL,OPTIMAL
AURKAIP1,INFEASIBLE,OPTIMAL,OPTIMAL,INFEASIBLE
CCNL2,OPTIMAL,OPTIMAL,OPTIMAL,OPTIMAL
MRPL20,INFEASIBLE,INFEASIBLE,OPTIMAL,INFEASIBLE
ATAD3B,OPTIMAL,INFEASIBLE,OPTIMAL,OPTIMAL
ATAD3A,INFEASIBLE,OPTIMAL,OPTIMAL,INFEASIBLE
SSU72,INFEASIBLE,OPTIMAL,OPTIMAL,INFEASIBLE
MIB2,INFEASIBLE,OPTIMAL,OPTIMAL,INFEASIBLE
CDK11B,OPTIMAL,OPTIMAL,OPTIMAL,OPTIMAL
SLC35E2B,INFEASIBLE,INFEASIBLE,OPTIMAL,OPTIMAL
CDK11A,OPTIMAL,OPTIMAL,OPTIMAL,OPTIMAL
NADK,INFEASIBLE,OPTIMAL,OPTIMAL,INFEASIBLE
GNB1,INFEASIBLE,OPTIMAL,OPTIMAL,INFEASIBLE
PRKCZ,INFEASIBLE,OPTIMAL,OPTIMAL,INFEASIBLE
FAAP20,INFEASIBLE,OPTIMAL,INFEASIBLE,OPTIMAL
SKI,OPTIMAL,OPTIMAL,OPTIMAL,OPTIMAL
MORN1,INFEASIBLE,OPTIMAL,OPTIMAL,INFEASIBLE
RER1,INFEASIBLE,INFEASIBLE,OPTIMAL,INFEASIBLE
PEX10,OPTIMAL,OPTIMAL,OPTIMAL,OPTIMAL
PANK4,OPTIMAL,INFEASIBLE,OPTIMAL,OPTIMAL
HES5,OPTIMAL,INFEASIBLE,OPTIMAL,OPTIMAL
PRDM16,OPTIMAL,OPTIMAL,OPTIMAL,OPTIMAL
TPRG1L,OPTIMAL,OPTIMAL,OPTIMAL,OPTIMAL
WRAP73,INFEASIBLE,OPTIMAL,OPTIMAL,OPTIMAL
SMIM1,INFEASIBLE,OPTIMAL,OPTIMAL,OPTIMAL
LRRC47,OPTIMAL,OPTIMAL,OPTIMAL,OPTIMAL
CEP104,INFEASIBLE,OPTIMAL,OPTIMAL,OPTIMAL
DFFB,INFEASIBLE,INFEASIBLE,OPTIMAL,OPTIMAL
C1orf174,INFEASIBLE,OPTIMAL,INFEASIBLE,INFEASIBLE
NPHP4,OPTIMAL,OPTIMAL,OPTIMAL,OPTIMAL
KCNAB2,OPTIMAL,OPTIMAL,OPTIMAL,OPTIMAL
RPL22,INFEASIBLE,INFEASIBLE,OPTIMAL,INFEASIBLE
ICMT,INFEASIBLE,OPTIMAL,OPTIMAL,INFEASIBLE
ACOT7,OPTIMAL,OPTIMAL,OPTIMAL,OPTIMAL
NOL9,INFEASIBLE,OPTIMAL,OPTIMAL,INFEASIBLE
ZBTB48,OPTIMAL,INFEASIBLE,OPTIMAL,OPTIMAL
KLHL21,OPTIMAL,OPTIMAL,OPTIMAL,OPTIMAL
PHF13,INFEASIBLE,OPTIMAL,OPTIMAL,INFEASIBLE
THAP3,OPTIMAL,OPTIMAL,OPTIMAL,OPTIMAL
DNAJC11,INFEASIBLE,OPTIMAL,OPTIMAL,INFEASIBLE
CAMTA1,INFEASIBLE,OPTIMAL,OPTIMAL,INFEASIBLE
VAMP3,INFEASIBLE,OPTIMAL,OPTIMAL,INFEASIBLE
PER3,OPTIMAL,OPTIMAL,OPTIMAL,OPTIMAL
PARK7,INFEASIBLE,OPTIMAL,INFEASIBLE,INFEASIBLE
ERRFI1,OPTIMAL,OPTIMAL,OPTIMAL,OPTIMAL
RERE,INFEASIBLE,OPTIMAL,OPTIMAL,INFEASIBLE
ENO1,INFEASIBLE,INFEASIBLE,OPTIMAL,INFEASIBLE
GPR157,OPTIMAL,OPTIMAL,OPTIMAL,OPTIMAL
H6PD,INFEASIBLE,OPTIMAL,OPTIMAL,INFEASIBLE
SPSB1,OPTIMAL,OPTIMAL,OPTIMAL,OPTIMAL
SLC25A33,OPTIMAL,OPTIMAL,OPTIMAL,OPTIMAL
TMEM201,OPTIMAL,OPTIMAL,OPTIMAL,OPTIMAL
CLSTN1,INFEASIBLE,OPTIMAL,OPTIMAL,OPTIMAL
CTNNBIP1,INFEASIBLE,OPTIMAL,OPTIMAL,OPTIMAL
LZIC,INFEASIBLE,OPTIMAL,OPTIMAL,INFEASIBLE
NMNAT1,INFEASIBLE,OPTIMAL,OPTIMAL,OPTIMAL
RBP7,OPTIMAL,OPTIMAL,OPTIMAL,OPTIMAL
UBE4B,INFEASIBLE,OPTIMAL,OPTIMAL,OPTIMAL
KIF1B,OPTIMAL,OPTIMAL,OPTIMAL,INFEASIBLE
PGD,INFEASIBLE,INFEASIBLE,OPTIMAL,INFEASIBLE
CENPS,INFEASIBLE,OPTIMAL,OPTIMAL,INFEASIBLE
DFFA,INFEASIBLE,OPTIMAL,INFEASIBLE,INFEASIBLE
PEX14,INFEASIBLE,OPTIMAL,OPTIMAL,INFEASIBLE
CASZ1,OPTIMAL,OPTIMAL,OPTIMAL,OPTIMAL
TARDBP,INFEASIBLE,INFEASIBLE,OPTIMAL,INFEASIBLE
SRM,INFEASIBLE,INFEASIBLE,OPTIMAL,OPTIMAL
EXOSC10,INFEASIBLE,OPTIMAL,OPTIMAL,INFEASIBLE
MTOR,INFEASIBLE,OPTIMAL,OPTIMAL,INFEASIBLE
UBIAD1,INFEASIBLE,INFEASIBLE,OPTIMAL,INFEASIBLE
FBXO44,OPTIMAL,OPTIMAL,OPTIMAL,OPTIMAL
MAD2L2,INFEASIBLE,OPTIMAL,OPTIMAL,INFEASIBLE
AGTRAP,INFEASIBLE,OPTIMAL,OPTIMAL,INFEASIBLE
MTHFR,OPTIMAL,OPTIMAL,OPTIMAL,OPTIMAL
CLCN6,OPTIMAL,INFEASIBLE,OPTIMAL,OPTIMAL
KIAA2013,INFEASIBLE,OPTIMAL,OPTIMAL,OPTIMAL
PLOD1,INFEASIBLE,INFEASIBLE,OPTIMAL,OPTIMAL
MFN2,INFEASIBLE,OPTIMAL,OPTIMAL,OPTIMAL
MIIP,OPTIMAL,OPTIMAL,OPTIMAL,OPTIMAL
VPS13D,INFEASIBLE,OPTIMAL,OPTIMAL,INFEASIBLE
DHRS3,OPTIMAL,OPTIMAL,OPTIMAL,OPTIMAL
PDPN,OPTIMAL,OPTIMAL,OPTIMAL,OPTIMAL
PRDM2,INFEASIBLE,OPTIMAL,OPTIMAL,OPTIMAL
KAZN,INFEASIBLE,OPTIMAL,OPTIMAL,INFEASIBLE
TMEM51,INFEASIBLE,OPTIMAL,OPTIMAL,INFEASIBLE
EFHD2,OPTIMAL,OPTIMAL,OPTIMAL,OPTIMAL
CASP9,INFEASIBLE,OPTIMAL,OPTIMAL,INFEASIBLE
DNAJC16,OPTIMAL,OPTIMAL,OPTIMAL,OPTIMAL
DDI2,OPTIMAL,OPTIMAL,OPTIMAL,OPTIMAL
PLEKHM2,INFEASIBLE,OPTIMAL,OPTIMAL,INFEASIBLE
UQCRHL,INFEASIBLE,OPTIMAL,OPTIMAL,INFEASIBLE
SPEN,INFEASIBLE,OPTIMAL,OPTIMAL,INFEASIBLE
ZBTB17,INFEASIBLE,OPTIMAL,OPTIMAL,INFEASIBLE
FBXO42,INFEASIBLE,OPTIMAL,OPTIMAL,OPTIMAL
SZRD1,INFEASIBLE,OPTIMAL,OPTIMAL,INFEASIBLE
NECAP2,OPTIMAL,OPTIMAL,OPTIMAL,OPTIMAL
NBPF1,INFEASIBLE,OPTIMAL,INFEASIBLE,OPTIMAL
CROCC,OPTIMAL,OPTIMAL,OPTIMAL,OPTIMAL
ATP13A2,OPTIMAL,OPTIMAL,OPTIMAL,OPTIMAL
SDHB,INFEASIBLE,OPTIMAL,OPTIMAL,INFEASIBLE
RCC2,INFEASIBLE,OPTIMAL,OPTIMAL,INFEASIBLE
ALDH4A1,OPTIMAL,OPTIMAL,OPTIMAL,OPTIMAL
UBR4,INFEASIBLE,OPTIMAL,OPTIMAL,INFEASIBLE
EMC1,INFEASIBLE,OPTIMAL,INFEASIBLE,INFEASIBLE
MRTO4,INFEASIBLE,INFEASIBLE,OPTIMAL,OPTIMAL
AKR7A2,INFEASIBLE,OPTIMAL,OPTIMAL,INFEASIBLE
SLC66A1,OPTIMAL,OPTIMAL,OPTIMAL,OPTIMAL
CAPZB,INFEASIBLE,OPTIMAL,OPTIMAL,INFEASIBLE
MICOS10,INFEASIBLE,OPTIMAL,INFEASIBLE,INFEASIBLE
NBL1,OPTIMAL,OPTIMAL,OPTIMAL,OPTIMAL
TMCO4,INFEASIBLE,OPTIMAL,OPTIMAL,INFEASIBLE
OTUD3,INFEASIBLE,OPTIMAL,OPTIMAL,OPTIMAL
PLA2G5,OPTIMAL,OPTIMAL,OPTIMAL,OPTIMAL
CAMK2N1,OPTIMAL,OPTIMAL,OPTIMAL,OPTIMAL
MUL1,OPTIMAL,OPTIMAL,OPTIMAL,OPTIMAL
PINK1,INFEASIBLE,OPTIMAL,OPTIMAL,INFEASIBLE
DDOST,INFEASIBLE,INFEASIBLE,OPTIMAL,INFEASIBLE
KIF17,INFEASIBLE,OPTIMAL,OPTIMAL,INFEASIBLE
HP1BP3,INFEASIBLE,OPTIMAL,OPTIMAL,INFEASIBLE
EIF4G3,INFEASIBLE,INFEASIBLE,OPTIMAL,INFEASIBLE
ECE1,INFEASIBLE,OPTIMAL,OPTIMAL,OPTIMAL
USP48,INFEASIBLE,OPTIMAL,INFEASIBLE,INFEASIBLE
HSPG2,OPTIMAL,OPTIMAL,OPTIMAL,OPTIMAL
CDC42,INFEASIBLE,OPTIMAL,INFEASIBLE,INFEASIBLE
ZBTB40,INFEASIBLE,OPTIMAL,OPTIMAL,INFEASIBLE
EPHA8,OPTIMAL,INFEASIBLE,OPTIMAL,OPTIMAL
EPHB2,OPTIMAL,INFEASIBLE,OPTIMAL,OPTIMAL
KDM1A,INFEASIBLE,OPTIMAL,OPTIMAL,INFEASIBLE
LUZP1,INFEASIBLE,OPTIMAL,OPTIMAL,INFEASIBLE
HNRNPR,INFEASIBLE,OPTIMAL,OPTIMAL,INFEASIBLE
ASAP3,INFEASIBLE,OPTIMAL,OPTIMAL,INFEASIBLE
E2F2,OPTIMAL,OPTIMAL,OPTIMAL,OPTIMAL
ID3,INFEASIBLE,OPTIMAL,OPTIMAL,INFEASIBLE
RPL11,INFEASIBLE,INFEASIBLE,OPTIMAL,INFEASIBLE
ELOA,OPTIMAL,OPTIMAL,OPTIMAL,OPTIMAL
PITHD1,INFEASIBLE,OPTIMAL,OPTIMAL,INFEASIBLE
LYPLA2,OPTIMAL,OPTIMAL,OPTIMAL,OPTIMAL
GALE,INFEASIBLE,OPTIMAL,OPTIMAL,OPTIMAL
HMGCL,OPTIMAL,OPTIMAL,OPTIMAL,OPTIMAL
FUCA1,INFEASIBLE,OPTIMAL,OPTIMAL,OPTIMAL
PNRC2,INFEASIBLE,OPTIMAL,OPTIMAL,INFEASIBLE
SRSF10,INFEASIBLE,OPTIMAL,OPTIMAL,INFEASIBLE
GRHL3,OPTIMAL,OPTIMAL,OPTIMAL,OPTIMAL
STPG1,OPTIMAL,OPTIMAL,OPTIMAL,OPTIMAL
NIPAL3,INFEASIBLE,OPTIMAL,OPTIMAL,OPTIMAL
RCAN3,OPTIMAL,OPTIMAL,OPTIMAL,OPTIMAL
SRRM1,INFEASIBLE,OPTIMAL,OPTIMAL,OPTIMAL
CLIC4,INFEASIBLE,OPTIMAL,OPTIMAL,INFEASIBLE
SYF2,INFEASIBLE,OPTIMAL,OPTIMAL,INFEASIBLE
RSRP1,INFEASIBLE,OPTIMAL,OPTIMAL,INFEASIBLE
TMEM50A,INFEASIBLE,OPTIMAL,OPTIMAL,INFEASIBLE
MACO1,INFEASIBLE,OPTIMAL,OPTIMAL,INFEASIBLE
LDLRAP1,OPTIMAL,OPTIMAL,OPTIMAL,OPTIMAL
SELENON,OPTIMAL,OPTIMAL,OPTIMAL,OPTIMAL
MTFR1L,OPTIMAL,OPTIMAL,OPTIMAL,OPTIMAL
AUNIP,OPTIMAL,OPTIMAL,OPTIMAL,INFEASIBLE
PAQR7,INFEASIBLE,OPTIMAL,OPTIMAL,OPTIMAL
STMN1,INFEASIBLE,OPTIMAL,INFEASIBLE,INFEASIBLE
PDIK1L,OPTIMAL,OPTIMAL,OPTIMAL,OPTIMAL
ZNF593,INFEASIBLE,INFEASIBLE,OPTIMAL,INFEASIBLE
CEP85,OPTIMAL,OPTIMAL,OPTIMAL,OPTIMAL
SH3BGRL3,INFEASIBLE,OPTIMAL,OPTIMAL,OPTIMAL
UBXN11,OPTIMAL,OPTIMAL,OPTIMAL,OPTIMAL
DHDDS,INFEASIBLE,OPTIMAL,OPTIMAL,INFEASIBLE
HMGN2,INFEASIBLE,OPTIMAL,INFEASIBLE,INFEASIBLE
RPS6KA1,OPTIMAL,OPTIMAL,OPTIMAL,OPTIMAL
ARID1A,INFEASIBLE,OPTIMAL,OPTIMAL,INFEASIBLE
ZDHHC18,OPTIMAL,OPTIMAL,OPTIMAL,OPTIMAL
GPN2,OPTIMAL,OPTIMAL,OPTIMAL,OPTIMAL
GPATCH3,OPTIMAL,OPTIMAL,OPTIMAL,OPTIMAL
NUDC,INFEASIBLE,OPTIMAL,OPTIMAL,INFEASIBLE
TRNP1,OPTIMAL,INFEASIBLE,OPTIMAL,INFEASIBLE
SLC9A1,INFEASIBLE,OPTIMAL,OPTIMAL,INFEASIBLE
WDTC1,OPTIMAL,OPTIMAL,OPTIMAL,OPTIMAL
TMEM222,INFEASIBLE,OPTIMAL,OPTIMAL,OPTIMAL
WASF2,INFEASIBLE,OPTIMAL,OPTIMAL,INFEASIBLE
AHDC1,OPTIMAL,OPTIMAL,OPTIMAL,OPTIMAL
FAM76A,INFEASIBLE,OPTIMAL,OPTIMAL,INFEASIBLE
STX12,INFEASIBLE,OPTIMAL,OPTIMAL,INFEASIBLE
PPP1R8,INFEASIBLE,OPTIMAL,OPTIMAL,INFEASIBLE
RPA2,INFEASIBLE,OPTIMAL,OPTIMAL,OPTIMAL
EYA3,INFEASIBLE,OPTIMAL,OPTIMAL,INFEASIBLE
DNAJC8,INFEASIBLE,INFEASIBLE,OPTIMAL,INFEASIBLE
ATP5IF1,INFEASIBLE,INFEASIBLE,OPTIMAL,INFEASIBLE
SESN2,OPTIMAL,OPTIMAL,OPTIMAL,OPTIMAL
MED18,OPTIMAL,OPTIMAL,OPTIMAL,OPTIMAL
PHACTR4,INFEASIBLE,OPTIMAL,OPTIMAL,INFEASIBLE
RCC1,INFEASIBLE,INFEASIBLE,OPTIMAL,OPTIMAL
TRNAU1AP,INFEASIBLE,OPTIMAL,INFEASIBLE,INFEASIBLE
TAF12,INFEASIBLE,OPTIMAL,OPTIMAL,INFEASIBLE
GMEB1,OPTIMAL,OPTIMAL,OPTIMAL,INFEASIBLE
YTHDF2,OPTIMAL,OPTIMAL,OPTIMAL,OPTIMAL
EPB41,INFEASIBLE,OPTIMAL,OPTIMAL,INFEASIBLE
SRSF4,INFEASIBLE,OPTIMAL,OPTIMAL,INFEASIBLE
MECR,INFEASIBLE,OPTIMAL,OPTIMAL,OPTIMAL
PTPRU,OPTIMAL,INFEASIBLE,OPTIMAL,OPTIMAL
MATN1,OPTIMAL,OPTIMAL,OPTIMAL,OPTIMAL
SDC3,INFEASIBLE,OPTIMAL,INFEASIBLE,OPTIMAL
PUM1,INFEASIBLE,OPTIMAL,OPTIMAL,INFEASIBLE
NKAIN1,INFEASIBLE,OPTIMAL,OPTIMAL,OPTIMAL
SNRNP40,INFEASIBLE,OPTIMAL,OPTIMAL,OPTIMAL
ZCCHC17,INFEASIBLE,OPTIMAL,OPTIMAL,INFEASIBLE
PEF1,INFEASIBLE,INFEASIBLE,OPTIMAL,INFEASIBLE
PTP4A2,INFEASIBLE,OPTIMAL,OPTIMAL,INFEASIBLE
KHDRBS1,INFEASIBLE,OPTIMAL,OPTIMAL,INFEASIBLE
TMEM39B,INFEASIBLE,OPTIMAL,OPTIMAL,INFEASIBLE
KPNA6,INFEASIBLE,INFEASIBLE,OPTIMAL,INFEASIBLE
TXLNA,INFEASIBLE,OPTIMAL,OPTIMAL,INFEASIBLE
CCDC28B,INFEASIBLE,OPTIMAL,OPTIMAL,OPTIMAL
TMEM234,INFEASIBLE,OPTIMAL,OPTIMAL,INFEASIBLE
EIF3I,INFEASIBLE,OPTIMAL,OPTIMAL,OPTIMAL
HDAC1,INFEASIBLE,OPTIMAL,OPTIMAL,INFEASIBLE
MARCKSL1,INFEASIBLE,OPTIMAL,OPTIMAL,OPTIMAL
BSDC1,INFEASIBLE,OPTIMAL,OPTIMAL,INFEASIBLE
ZBTB8B,OPTIMAL,OPTIMAL,OPTIMAL,OPTIMAL
ZBTB8A,OPTIMAL,OPTIMAL,OPTIMAL,INFEASIBLE
ZBTB8OS,INFEASIBLE,OPTIMAL,OPTIMAL,INFEASIBLE
RBBP4,INFEASIBLE,OPTIMAL,OPTIMAL,INFEASIBLE
SYNC,INFEASIBLE,OPTIMAL,OPTIMAL,INFEASIBLE
KIAA1522,OPTIMAL,OPTIMAL,OPTIMAL,OPTIMAL
YARS1,INFEASIBLE,INFEASIBLE,OPTIMAL,INFEASIBLE
S100PBP,INFEASIBLE,OPTIMAL,INFEASIBLE,INFEASIBLE
TMEM54,INFEASIBLE,OPTIMAL,OPTIMAL,OPTIMAL
RNF19B,OPTIMAL,OPTIMAL,OPTIMAL,OPTIMAL
AK2,INFEASIBLE,OPTIMAL,OPTIMAL,INFEASIBLE
ZNF362,INFEASIBLE,OPTIMAL,OPTIMAL,OPTIMAL
PHC2,OPTIMAL,OPTIMAL,OPTIMAL,OPTIMAL
SMIM12,OPTIMAL,OPTIMAL,OPTIMAL,OPTIMAL
TMEM35B,OPTIMAL,OPTIMAL,OPTIMAL,INFEASIBLE
ZMYM6,INFEASIBLE,OPTIMAL,OPTIMAL,OPTIMAL
ZMYM1,INFEASIBLE,OPTIMAL,OPTIMAL,INFEASIBLE
SFPQ,INFEASIBLE,OPTIMAL,OPTIMAL,INFEASIBLE
ZMYM4,INFEASIBLE,OPTIMAL,OPTIMAL,INFEASIBLE
KIAA0319L,INFEASIBLE,OPTIMAL,OPTIMAL,INFEASIBLE
NCDN,INFEASIBLE,OPTIMAL,OPTIMAL,INFEASIBLE
PSMB2,INFEASIBLE,OPTIMAL,INFEASIBLE,INFEASIBLE
CLSPN,INFEASIBLE,OPTIMAL,INFEASIBLE,INFEASIBLE
AGO4,INFEASIBLE,OPTIMAL,OPTIMAL,INFEASIBLE
AGO1,INFEASIBLE,OPTIMAL,OPTIMAL,INFEASIBLE
AGO3,INFEASIBLE,OPTIMAL,OPTIMAL,INFEASIBLE
ADPRS,OPTIMAL,OPTIMAL,OPTIMAL,OPTIMAL
TRAPPC3,INFEASIBLE,OPTIMAL,OPTIMAL,OPTIMAL
MAP7D1,OPTIMAL,OPTIMAL,OPTIMAL,OPTIMAL
THRAP3,INFEASIBLE,OPTIMAL,OPTIMAL,INFEASIBLE
EVA1B,INFEASIBLE,OPTIMAL,OPTIMAL,INFEASIBLE
STK40,OPTIMAL,INFEASIBLE,OPTIMAL,OPTIMAL
LSM10,INFEASIBLE,OPTIMAL,OPTIMAL,OPTIMAL
OSCP1,INFEASIBLE,OPTIMAL,OPTIMAL,INFEASIBLE
MRPS15,INFEASIBLE,OPTIMAL,OPTIMAL,INFEASIBLE
MEAF6,INFEASIBLE,OPTIMAL,OPTIMAL,OPTIMAL
SNIP1,OPTIMAL,OPTIMAL,OPTIMAL,OPTIMAL
GNL2,INFEASIBLE,OPTIMAL,OPTIMAL,OPTIMAL
C1orf109,OPTIMAL,OPTIMAL,OPTIMAL,OPTIMAL
CDCA8,INFEASIBLE,OPTIMAL,OPTIMAL,INFEASIBLE
MANEAL,OPTIMAL,OPTIMAL,OPTIMAL,OPTIMAL
YRDC,INFEASIBLE,INFEASIBLE,OPTIMAL,OPTIMAL
C1orf122,INFEASIBLE,OPTIMAL,INFEASIBLE,INFEASIBLE
MTF1,OPTIMAL,OPTIMAL,OPTIMAL,OPTIMAL
INPP5B,INFEASIBLE,OPTIMAL,OPTIMAL,OPTIMAL
SF3A3,INFEASIBLE,OPTIMAL,OPTIMAL,INFEASIBLE
FHL3,INFEASIBLE,OPTIMAL,OPTIMAL,INFEASIBLE
UTP11,INFEASIBLE,OPTIMAL,OPTIMAL,OPTIMAL
RRAGC,OPTIMAL,OPTIMAL,OPTIMAL,OPTIMAL
MYCBP,INFEASIBLE,OPTIMAL,INFEASIBLE,INFEASIBLE
AKIRIN1,INFEASIBLE,OPTIMAL,OPTIMAL,INFEASIBLE
NDUFS5,INFEASIBLE,INFEASIBLE,OPTIMAL,INFEASIBLE
MACF1,INFEASIBLE,OPTIMAL,OPTIMAL,INFEASIBLE
PABPC4,OPTIMAL,OPTIMAL,OPTIMAL,OPTIMAL
PPIE,INFEASIBLE,OPTIMAL,OPTIMAL,OPTIMAL
BMP8B,OPTIMAL,OPTIMAL,OPTIMAL,OPTIMAL
TRIT1,INFEASIBLE,OPTIMAL,OPTIMAL,OPTIMAL
CAP1,INFEASIBLE,OPTIMAL,OPTIMAL,OPTIMAL
PPT1,OPTIMAL,OPTIMAL,OPTIMAL,OPTIMAL
RLF,OPTIMAL,OPTIMAL,OPTIMAL,OPTIMAL
ZMPSTE24,INFEASIBLE,INFEASIBLE,OPTIMAL,INFEASIBLE
SMAP2,OPTIMAL,OPTIMAL,OPTIMAL,OPTIMAL
ZNF684,OPTIMAL,OPTIMAL,OPTIMAL,OPTIMAL
NFYC,INFEASIBLE,OPTIMAL,OPTIMAL,INFEASIBLE
CTPS1,INFEASIBLE,OPTIMAL,OPTIMAL,INFEASIBLE
SCMH1,INFEASIBLE,OPTIMAL,OPTIMAL,INFEASIBLE
HIVEP3,INFEASIBLE,OPTIMAL,OPTIMAL,OPTIMAL
FOXJ3,INFEASIBLE,INFEASIBLE,OPTIMAL,INFEASIBLE
RIMKLA,INFEASIBLE,OPTIMAL,OPTIMAL,INFEASIBLE
PPCS,INFEASIBLE,OPTIMAL,OPTIMAL,INFEASIBLE
PPIH,INFEASIBLE,OPTIMAL,OPTIMAL,INFEASIBLE
YBX1,INFEASIBLE,OPTIMAL,INFEASIBLE,INFEASIBLE
P3H1,INFEASIBLE,OPTIMAL,OPTIMAL,OPTIMAL
C1orf50,OPTIMAL,OPTIMAL,OPTIMAL,OPTIMAL
SVBP,INFEASIBLE,OPTIMAL,OPTIMAL,INFEASIBLE
ZNF691,OPTIMAL,OPTIMAL,OPTIMAL,OPTIMAL
SLC2A1,OPTIMAL,OPTIMAL,OPTIMAL,OPTIMAL
EBNA1BP2,INFEASIBLE,INFEASIBLE,OPTIMAL,INFEASIBLE
CDC20,OPTIMAL,OPTIMAL,OPTIMAL,OPTIMAL
ELOVL1,OPTIMAL,OPTIMAL,OPTIMAL,OPTIMAL
MED8,INFEASIBLE,OPTIMAL,OPTIMAL,INFEASIBLE
SZT2,OPTIMAL,OPTIMAL,OPTIMAL,OPTIMAL
HYI,OPTIMAL,OPTIMAL,OPTIMAL,OPTIMAL
PTPRF,OPTIMAL,OPTIMAL,OPTIMAL,OPTIMAL
KDM4A,INFEASIBLE,OPTIMAL,OPTIMAL,INFEASIBLE
ST3GAL3,INFEASIBLE,OPTIMAL,OPTIMAL,INFEASIBLE
IPO13,OPTIMAL,OPTIMAL,OPTIMAL,OPTIMAL
DPH2,OPTIMAL,OPTIMAL,OPTIMAL,OPTIMAL
ATP6V0B,INFEASIBLE,INFEASIBLE,OPTIMAL,INFEASIBLE
B4GALT2,INFEASIBLE,OPTIMAL,OPTIMAL,OPTIMAL
DMAP1,OPTIMAL,OPTIMAL,OPTIMAL,OPTIMAL
ERI3,INFEASIBLE,OPTIMAL,OPTIMAL,INFEASIBLE
RNF220,INFEASIBLE,INFEASIBLE,OPTIMAL,OPTIMAL
TMEM53,INFEASIBLE,OPTIMAL,OPTIMAL,OPTIMAL
KIF2C,OPTIMAL,OPTIMAL,OPTIMAL,OPTIMAL
RPS8,INFEASIBLE,OPTIMAL,OPTIMAL,INFEASIBLE
PTCH2,OPTIMAL,OPTIMAL,OPTIMAL,OPTIMAL
EIF2B3,INFEASIBLE,INFEASIBLE,OPTIMAL,INFEASIBLE
HECTD3,OPTIMAL,OPTIMAL,OPTIMAL,OPTIMAL
UROD,INFEASIBLE,OPTIMAL,OPTIMAL,INFEASIBLE
ZSWIM5,INFEASIBLE,INFEASIBLE,OPTIMAL,OPTIMAL
MUTYH,OPTIMAL,OPTIMAL,OPTIMAL,OPTIMAL
TOE1,INFEASIBLE,OPTIMAL,OPTIMAL,INFEASIBLE
TESK2,OPTIMAL,OPTIMAL,OPTIMAL,OPTIMAL
MMACHC,OPTIMAL,OPTIMAL,OPTIMAL,OPTIMAL
PRDX1,INFEASIBLE,INFEASIBLE,OPTIMAL,INFEASIBLE
AKR1A1,INFEASIBLE,OPTIMAL,OPTIMAL,INFEASIBLE
NASP,INFEASIBLE,OPTIMAL,OPTIMAL,OPTIMAL
GPBP1L1,INFEASIBLE,OPTIMAL,OPTIMAL,INFEASIBLE
TMEM69,OPTIMAL,OPTIMAL,OPTIMAL,OPTIMAL
IPP,OPTIMAL,OPTIMAL,OPTIMAL,OPTIMAL
MAST2,OPTIMAL,OPTIMAL,OPTIMAL,OPTIMAL
PIK3R3,INFEASIBLE,OPTIMAL,OPTIMAL,INFEASIBLE
POMGNT1,OPTIMAL,OPTIMAL,OPTIMAL,INFEASIBLE
RAD54L,INFEASIBLE,INFEASIBLE,OPTIMAL,OPTIMAL
LRRC41,INFEASIBLE,OPTIMAL,OPTIMAL,INFEASIBLE
UQCRH,INFEASIBLE,OPTIMAL,INFEASIBLE,INFEASIBLE
NSUN4,INFEASIBLE,OPTIMAL,OPTIMAL,OPTIMAL
DMBX1,OPTIMAL,OPTIMAL,OPTIMAL,OPTIMAL
MKNK1,INFEASIBLE,OPTIMAL,OPTIMAL,OPTIMAL
ATPAF1,INFEASIBLE,OPTIMAL,OPTIMAL,INFEASIBLE
EFCAB14,OPTIMAL,OPTIMAL,OPTIMAL,OPTIMAL
STIL,INFEASIBLE,OPTIMAL,OPTIMAL,INFEASIBLE
CMPK1,INFEASIBLE,OPTIMAL,OPTIMAL,OPTIMAL
FOXD2,OPTIMAL,OPTIMAL,OPTIMAL,OPTIMAL
TRABD2B,INFEASIBLE,OPTIMAL,OPTIMAL,INFEASIBLE
SPATA6,INFEASIBLE,OPTIMAL,OPTIMAL,OPTIMAL
FAF1,INFEASIBLE,OPTIMAL,INFEASIBLE,INFEASIBLE
CDKN2C,INFEASIBLE,INFEASIBLE,OPTIMAL,INFEASIBLE
RNF11,INFEASIBLE,OPTIMAL,OPTIMAL,INFEASIBLE
EPS15,INFEASIBLE,OPTIMAL,OPTIMAL,INFEASIBLE
OSBPL9,INFEASIBLE,OPTIMAL,OPTIMAL,INFEASIBLE
NRDC,INFEASIBLE,OPTIMAL,OPTIMAL,INFEASIBLE
RAB3B,OPTIMAL,OPTIMAL,OPTIMAL,INFEASIBLE
TXNDC12,INFEASIBLE,OPTIMAL,OPTIMAL,OPTIMAL
KTI12,INFEASIBLE,INFEASIBLE,OPTIMAL,OPTIMAL
BTF3L4,INFEASIBLE,OPTIMAL,OPTIMAL,OPTIMAL
ZFYVE9,INFEASIBLE,OPTIMAL,OPTIMAL,INFEASIBLE
CC2D1B,OPTIMAL,OPTIMAL,OPTIMAL,OPTIMAL
ORC1,OPTIMAL,OPTIMAL,OPTIMAL,OPTIMAL
PRPF38A,INFEASIBLE,OPTIMAL,OPTIMAL,INFEASIBLE
TUT4,INFEASIBLE,OPTIMAL,OPTIMAL,INFEASIBLE
COA7,OPTIMAL,OPTIMAL,OPTIMAL,OPTIMAL
ZYG11B,INFEASIBLE,OPTIMAL,OPTIMAL,INFEASIBLE
ZYG11A,INFEASIBLE,OPTIMAL,OPTIMAL,INFEASIBLE
ECHDC2,OPTIMAL,OPTIMAL,OPTIMAL,OPTIMAL
SCP2,INFEASIBLE,OPTIMAL,OPTIMAL,OPTIMAL
CPT2,OPTIMAL,OPTIMAL,OPTIMAL,OPTIMAL
CZIB,INFEASIBLE,INFEASIBLE,OPTIMAL,INFEASIBLE
MAGOH,INFEASIBLE,INFEASIBLE,OPTIMAL,INFEASIBLE
LRP8,INFEASIBLE,OPTIMAL,OPTIMAL,OPTIMAL
GLIS1,INFEASIBLE,OPTIMAL,OPTIMAL,OPTIMAL
NDC1,INFEASIBLE,INFEASIBLE,OPTIMAL,INFEASIBLE
YIPF1,OPTIMAL,OPTIMAL,OPTIMAL,OPTIMAL
IFT25,INFEASIBLE,OPTIMAL,INFEASIBLE,INFEASIBLE
LRRC42,OPTIMAL,OPTIMAL,OPTIMAL,OPTIMAL
TMEM59,INFEASIBLE,OPTIMAL,OPTIMAL,OPTIMAL
TCEANC2,INFEASIBLE,OPTIMAL,OPTIMAL,INFEASIBLE
CYB5RL,OPTIMAL,INFEASIBLE,OPTIMAL,OPTIMAL
MRPL37,INFEASIBLE,OPTIMAL,INFEASIBLE,OPTIMAL
SSBP3,OPTIMAL,OPTIMAL,OPTIMAL,OPTIMAL
TTC4,INFEASIBLE,INFEASIBLE,OPTIMAL,INFEASIBLE
DHCR24,INFEASIBLE,INFEASIBLE,OPTIMAL,INFEASIBLE
USP24,INFEASIBLE,OPTIMAL,OPTIMAL,OPTIMAL
PLPP3,OPTIMAL,OPTIMAL,OPTIMAL,OPTIMAL
PRKAA2,INFEASIBLE,OPTIMAL,OPTIMAL,INFEASIBLE
DAB1,INFEASIBLE,OPTIMAL,OPTIMAL,INFEASIBLE
OMA1,OPTIMAL,OPTIMAL,OPTIMAL,OPTIMAL
MYSM1,INFEASIBLE,OPTIMAL,OPTIMAL,OPTIMAL
JUN,INFEASIBLE,OPTIMAL,OPTIMAL,INFEASIBLE
FGGY,OPTIMAL,OPTIMAL,OPTIMAL,OPTIMAL
HOOK1,OPTIMAL,OPTIMAL,OPTIMAL,OPTIMAL
NFIA,INFEASIBLE,INFEASIBLE,OPTIMAL,INFEASIBLE
TM2D1,INFEASIBLE,INFEASIBLE,OPTIMAL,INFEASIBLE
PATJ,OPTIMAL,OPTIMAL,OPTIMAL,OPTIMAL
USP1,INFEASIBLE,OPTIMAL,OPTIMAL,INFEASIBLE
DOCK7,OPTIMAL,OPTIMAL,OPTIMAL,OPTIMAL
ATG4C,OPTIMAL,OPTIMAL,OPTIMAL,OPTIMAL
ALG6,OPTIMAL,INFEASIBLE,OPTIMAL,OPTIMAL
ITGB3BP,INFEASIBLE,OPTIMAL,OPTIMAL,OPTIMAL
EFCAB7,INFEASIBLE,INFEASIBLE,OPTIMAL,OPTIMAL
PGM1,INFEASIBLE,OPTIMAL,OPTIMAL,OPTIMAL
ROR1,INFEASIBLE,OPTIMAL,OPTIMAL,OPTIMAL
CACHD1,INFEASIBLE,OPTIMAL,OPTIMAL,OPTIMAL
RAVER2,INFEASIBLE,OPTIMAL,OPTIMAL,INFEASIBLE
JAK1,INFEASIBLE,OPTIMAL,OPTIMAL,INFEASIBLE
AK4,INFEASIBLE,OPTIMAL,OPTIMAL,OPTIMAL
DNAJC6,OPTIMAL,OPTIMAL,OPTIMAL,OPTIMAL
LEPROT,INFEASIBLE,OPTIMAL,OPTIMAL,OPTIMAL
LEPR,INFEASIBLE,OPTIMAL,OPTIMAL,OPTIMAL
MIER1,INFEASIBLE,OPTIMAL,OPTIMAL,INFEASIBLE
SLC35D1,INFEASIBLE,OPTIMAL,OPTIMAL,INFEASIBLE
IL12RB2,OPTIMAL,OPTIMAL,OPTIMAL,OPTIMAL
SERBP1,INFEASIBLE,OPTIMAL,OPTIMAL,INFEASIBLE
GADD45A,INFEASIBLE,OPTIMAL,OPTIMAL,INFEASIBLE
GNG12,INFEASIBLE,OPTIMAL,OPTIMAL,OPTIMAL
WLS,INFEASIBLE,OPTIMAL,OPTIMAL,INFEASIBLE
DEPDC1,OPTIMAL,OPTIMAL,OPTIMAL,OPTIMAL
LRRC40,OPTIMAL,OPTIMAL,OPTIMAL,OPTIMAL
SRSF11,INFEASIBLE,OPTIMAL,OPTIMAL,INFEASIBLE
ANKRD13C,INFEASIBLE,OPTIMAL,OPTIMAL,INFEASIBLE
CTH,OPTIMAL,INFEASIBLE,OPTIMAL,OPTIMAL
ZRANB2,INFEASIBLE,OPTIMAL,OPTIMAL,INFEASIBLE
LRRIQ3,OPTIMAL,OPTIMAL,OPTIMAL,OPTIMAL
FPGT,INFEASIBLE,OPTIMAL,OPTIMAL,OPTIMAL
TNNI3K,OPTIMAL,OPTIMAL,OPTIMAL,OPTIMAL
CRYZ,INFEASIBLE,OPTIMAL,OPTIMAL,OPTIMAL
TYW3,INFEASIBLE,OPTIMAL,OPTIMAL,INFEASIBLE
LHX8,INFEASIBLE,OPTIMAL,OPTIMAL,INFEASIBLE
SLC44A5,OPTIMAL,OPTIMAL,OPTIMAL,OPTIMAL
ACADM,INFEASIBLE,OPTIMAL,INFEASIBLE,INFEASIBLE
RABGGTB,INFEASIBLE,INFEASIBLE,OPTIMAL,OPTIMAL
ST6GALNAC3,INFEASIBLE,OPTIMAL,OPTIMAL,INFEASIBLE
PIGK,OPTIMAL,OPTIMAL,OPTIMAL,OPTIMAL
ZZZ3,INFEASIBLE,INFEASIBLE,OPTIMAL,INFEASIBLE
USP33,INFEASIBLE,OPTIMAL,OPTIMAL,INFEASIBLE
MIGA1,OPTIMAL,OPTIMAL,OPTIMAL,OPTIMAL
NEXN,OPTIMAL,OPTIMAL,OPTIMAL,OPTIMAL
FUBP1,INFEASIBLE,OPTIMAL,OPTIMAL,INFEASIBLE
DNAJB4,OPTIMAL,OPTIMAL,OPTIMAL,OPTIMAL
ADGRL2,INFEASIBLE,OPTIMAL,OPTIMAL,OPTIMAL
TTLL7,INFEASIBLE,OPTIMAL,OPTIMAL,OPTIMAL
PRKACB,OPTIMAL,OPTIMAL,OPTIMAL,OPTIMAL
RPF1,INFEASIBLE,OPTIMAL,OPTIMAL,OPTIMAL
GNG5,INFEASIBLE,OPTIMAL,INFEASIBLE,INFEASIBLE
CTBS,INFEASIBLE,OPTIMAL,OPTIMAL,OPTIMAL
SSX2IP,INFEASIBLE,OPTIMAL,OPTIMAL,INFEASIBLE
LPAR3,INFEASIBLE,OPTIMAL,OPTIMAL,INFEASIBLE
MCOLN2,OPTIMAL,OPTIMAL,OPTIMAL,OPTIMAL
DNAI3,OPTIMAL,OPTIMAL,OPTIMAL,OPTIMAL
MCOLN3,INFEASIBLE,OPTIMAL,OPTIMAL,INFEASIBLE
SYDE2,OPTIMAL,OPTIMAL,OPTIMAL,OPTIMAL
C1orf52,OPTIMAL,OPTIMAL,OPTIMAL,INFEASIBLE
BCL10,INFEASIBLE,OPTIMAL,OPTIMAL,INFEASIBLE
DDAH1,INFEASIBLE,OPTIMAL,OPTIMAL,OPTIMAL
CCN1,OPTIMAL,OPTIMAL,OPTIMAL,OPTIMAL
ZNHIT6,INFEASIBLE,OPTIMAL,OPTIMAL,INFEASIBLE
ODF2L,INFEASIBLE,OPTIMAL,OPTIMAL,OPTIMAL
SH3GLB1,INFEASIBLE,OPTIMAL,OPTIMAL,OPTIMAL
SELENOF,INFEASIBLE,OPTIMAL,OPTIMAL,INFEASIBLE
HS2ST1,INFEASIBLE,INFEASIBLE,OPTIMAL,INFEASIBLE
LMO4,INFEASIBLE,OPTIMAL,OPTIMAL,INFEASIBLE
PKN2,INFEASIBLE,OPTIMAL,OPTIMAL,INFEASIBLE
GTF2B,INFEASIBLE,OPTIMAL,OPTIMAL,INFEASIBLE
KYAT3,OPTIMAL,OPTIMAL,OPTIMAL,OPTIMAL
RBMXL1,OPTIMAL,OPTIMAL,OPTIMAL,OPTIMAL
LRRC8B,INFEASIBLE,OPTIMAL,OPTIMAL,OPTIMAL
LRRC8C,OPTIMAL,OPTIMAL,OPTIMAL,INFEASIBLE
LRRC8D,OPTIMAL,OPTIMAL,OPTIMAL,OPTIMAL
ZNF326,INFEASIBLE,OPTIMAL,OPTIMAL,OPTIMAL
ZNF644,INFEASIBLE,OPTIMAL,OPTIMAL,INFEASIBLE
HFM1,INFEASIBLE,OPTIMAL,OPTIMAL,OPTIMAL
CDC7,INFEASIBLE,OPTIMAL,OPTIMAL,OPTIMAL
TGFBR3,INFEASIBLE,INFEASIBLE,OPTIMAL,OPTIMAL
BTBD8,INFEASIBLE,OPTIMAL,OPTIMAL,OPTIMAL
GLMN,INFEASIBLE,OPTIMAL,OPTIMAL,OPTIMAL
RPAP2,INFEASIBLE,OPTIMAL,OPTIMAL,OPTIMAL
EVI5,INFEASIBLE,OPTIMAL,OPTIMAL,INFEASIBLE
RPL5,INFEASIBLE,INFEASIBLE,OPTIMAL,INFEASIBLE
DIPK1A,INFEASIBLE,OPTIMAL,OPTIMAL,INFEASIBLE
MTF2,INFEASIBLE,OPTIMAL,OPTIMAL,INFEASIBLE
TMED5,INFEASIBLE,OPTIMAL,OPTIMAL,INFEASIBLE
CCDC18,INFEASIBLE,OPTIMAL,OPTIMAL,INFEASIBLE
DR1,INFEASIBLE,INFEASIBLE,OPTIMAL,INFEASIBLE
FNBP1L,INFEASIBLE,INFEASIBLE,OPTIMAL,OPTIMAL
BCAR3,INFEASIBLE,INFEASIBLE,OPTIMAL,INFEASIBLE
DNTTIP2,INFEASIBLE,INFEASIBLE,OPTIMAL,INFEASIBLE
GCLM,INFEASIBLE,OPTIMAL,OPTIMAL,OPTIMAL
ARHGAP29,INFEASIBLE,OPTIMAL,OPTIMAL,INFEASIBLE
ABCD3,INFEASIBLE,OPTIMAL,OPTIMAL,OPTIMAL
CNN3,INFEASIBLE,OPTIMAL,OPTIMAL,INFEASIBLE
ALG14,INFEASIBLE,INFEASIBLE,OPTIMAL,INFEASIBLE
TLCD4,OPTIMAL,INFEASIBLE,OPTIMAL,INFEASIBLE
RWDD3,INFEASIBLE,OPTIMAL,OPTIMAL,OPTIMAL
PTBP2,INFEASIBLE,OPTIMAL,OPTIMAL,INFEASIBLE
DPYD,OPTIMAL,OPTIMAL,OPTIMAL,OPTIMAL
SNX7,OPTIMAL,OPTIMAL,OPTIMAL,OPTIMAL
FRRS1,INFEASIBLE,INFEASIBLE,OPTIMAL,INFEASIBLE
AGL,INFEASIBLE,OPTIMAL,OPTIMAL,INFEASIBLE
SLC35A3,INFEASIBLE,OPTIMAL,OPTIMAL,OPTIMAL
MFSD14A,INFEASIBLE,OPTIMAL,OPTIMAL,OPTIMAL
SASS6,INFEASIBLE,OPTIMAL,OPTIMAL,INFEASIBLE
TRMT13,OPTIMAL,OPTIMAL,OPTIMAL,OPTIMAL
DBT,OPTIMAL,INFEASIBLE,OPTIMAL,OPTIMAL
RTCA,INFEASIBLE,OPTIMAL,OPTIMAL,OPTIMAL
CDC14A,OPTIMAL,OPTIMAL,OPTIMAL,OPTIMAL
EXTL2,OPTIMAL,OPTIMAL,OPTIMAL,OPTIMAL
SLC30A7,INFEASIBLE,INFEASIBLE,OPTIMAL,INFEASIBLE
DPH5,INFEASIBLE,OPTIMAL,INFEASIBLE,OPTIMAL
RNPC3,INFEASIBLE,OPTIMAL,INFEASIBLE,OPTIMAL
PRMT6,OPTIMAL,OPTIMAL,OPTIMAL,OPTIMAL
VAV3,OPTIMAL,OPTIMAL,OPTIMAL,OPTIMAL
SLC25A24,INFEASIBLE,OPTIMAL,OPTIMAL,INFEASIBLE
EEIG2,OPTIMAL,OPTIMAL,OPTIMAL,OPTIMAL
PRPF38B,INFEASIBLE,INFEASIBLE,OPTIMAL,INFEASIBLE
STXBP3,INFEASIBLE,OPTIMAL,OPTIMAL,INFEASIBLE
GPSM2,INFEASIBLE,OPTIMAL,OPTIMAL,INFEASIBLE
CLCC1,INFEASIBLE,OPTIMAL,OPTIMAL,INFEASIBLE
WDR47,OPTIMAL,OPTIMAL,OPTIMAL,OPTIMAL
TAF13,INFEASIBLE,OPTIMAL,OPTIMAL,INFEASIBLE
TMEM167B,OPTIMAL,OPTIMAL,OPTIMAL,INFEASIBLE
SARS1,INFEASIBLE,INFEASIBLE,OPTIMAL,INFEASIBLE
CELSR2,OPTIMAL,OPTIMAL,OPTIMAL,OPTIMAL
PSRC1,OPTIMAL,OPTIMAL,OPTIMAL,INFEASIBLE
SORT1,OPTIMAL,OPTIMAL,OPTIMAL,OPTIMAL
PSMA5,INFEASIBLE,OPTIMAL,OPTIMAL,INFEASIBLE
GNAI3,INFEASIBLE,OPTIMAL,INFEASIBLE,OPTIMAL
AMPD2,INFEASIBLE,INFEASIBLE,OPTIMAL,OPTIMAL
GSTM3,INFEASIBLE,OPTIMAL,INFEASIBLE,INFEASIBLE
AHCYL1,INFEASIBLE,OPTIMAL,OPTIMAL,INFEASIBLE
STRIP1,OPTIMAL,OPTIMAL,OPTIMAL,OPTIMAL
KCNC4,OPTIMAL,INFEASIBLE,OPTIMAL,OPTIMAL
RBM15,OPTIMAL,OPTIMAL,OPTIMAL,OPTIMAL
SLC16A4,OPTIMAL,OPTIMAL,OPTIMAL,INFEASIBLE
LAMTOR5,INFEASIBLE,OPTIMAL,OPTIMAL,INFEASIBLE
LRIF1,OPTIMAL,OPTIMAL,OPTIMAL,OPTIMAL
DRAM2,INFEASIBLE,OPTIMAL,OPTIMAL,OPTIMAL
CEPT1,OPTIMAL,OPTIMAL,OPTIMAL,OPTIMAL
WDR77,OPTIMAL,INFEASIBLE,OPTIMAL,OPTIMAL
ATP5PB,INFEASIBLE,INFEASIBLE,OPTIMAL,INFEASIBLE
RAP1A,INFEASIBLE,OPTIMAL,OPTIMAL,INFEASIBLE
DDX20,OPTIMAL,INFEASIBLE,OPTIMAL,OPTIMAL
CTTNBP2NL,INFEASIBLE,OPTIMAL,OPTIMAL,INFEASIBLE
ST7L,INFEASIBLE,OPTIMAL,OPTIMAL,INFEASIBLE
CAPZA1,INFEASIBLE,OPTIMAL,INFEASIBLE,INFEASIBLE
MOV10,OPTIMAL,OPTIMAL,OPTIMAL,OPTIMAL
RHOC,OPTIMAL,OPTIMAL,OPTIMAL,OPTIMAL
SLC16A1,INFEASIBLE,INFEASIBLE,OPTIMAL,INFEASIBLE
LRIG2,INFEASIBLE,OPTIMAL,OPTIMAL,INFEASIBLE
MAGI3,INFEASIBLE,OPTIMAL,OPTIMAL,INFEASIBLE
PHTF1,OPTIMAL,OPTIMAL,OPTIMAL,OPTIMAL
RSBN1,INFEASIBLE,OPTIMAL,INFEASIBLE,OPTIMAL
AP4B1,OPTIMAL,INFEASIBLE,OPTIMAL,OPTIMAL
DCLRE1B,OPTIMAL,OPTIMAL,OPTIMAL,OPTIMAL
HIPK1,INFEASIBLE,OPTIMAL,INFEASIBLE,INFEASIBLE
TRIM33,INFEASIBLE,OPTIMAL,OPTIMAL,INFEASIBLE
BCAS2,INFEASIBLE,OPTIMAL,OPTIMAL,INFEASIBLE
DENND2C,INFEASIBLE,OPTIMAL,OPTIMAL,INFEASIBLE
NRAS,OPTIMAL,OPTIMAL,OPTIMAL,OPTIMAL
CSDE1,INFEASIBLE,OPTIMAL,OPTIMAL,INFEASIBLE
SIKE1,INFEASIBLE,OPTIMAL,OPTIMAL,INFEASIBLE
VANGL1,OPTIMAL,OPTIMAL,OPTIMAL,OPTIMAL
SLC22A15,OPTIMAL,OPTIMAL,OPTIMAL,OPTIMAL
ATP1A1,INFEASIBLE,INFEASIBLE,OPTIMAL,INFEASIBLE
CD58,INFEASIBLE,INFEASIBLE,OPTIMAL,OPTIMAL
IGSF3,INFEASIBLE,OPTIMAL,OPTIMAL,INFEASIBLE
PTGFRN,INFEASIBLE,OPTIMAL,OPTIMAL,INFEASIBLE
TTF2,INFEASIBLE,OPTIMAL,OPTIMAL,INFEASIBLE
MAN1A2,INFEASIBLE,OPTIMAL,OPTIMAL,INFEASIBLE
GDAP2,OPTIMAL,OPTIMAL,OPTIMAL,OPTIMAL
WDR3,OPTIMAL,OPTIMAL,OPTIMAL,OPTIMAL
WARS2,OPTIMAL,OPTIMAL,OPTIMAL,OPTIMAL
ZNF697,OPTIMAL,OPTIMAL,OPTIMAL,OPTIMAL
PHGDH,INFEASIBLE,OPTIMAL,OPTIMAL,INFEASIBLE
NOTCH2,OPTIMAL,INFEASIBLE,OPTIMAL,OPTIMAL
SEC22B,INFEASIBLE,OPTIMAL,OPTIMAL,INFEASIBLE
NBPF8,OPTIMAL,OPTIMAL,OPTIMAL,INFEASIBLE
FAM72B,OPTIMAL,INFEASIBLE,OPTIMAL,OPTIMAL
SRGAP2C,INFEASIBLE,OPTIMAL,OPTIMAL,OPTIMAL
NBPF15,INFEASIBLE,OPTIMAL,OPTIMAL,INFEASIBLE
SRGAP2B,INFEASIBLE,OPTIMAL,OPTIMAL,INFEASIBLE
NBPF20,INFEASIBLE,OPTIMAL,OPTIMAL,INFEASIBLE
GPR89A,INFEASIBLE,INFEASIBLE,OPTIMAL,INFEASIBLE
RNF115,INFEASIBLE,OPTIMAL,OPTIMAL,INFEASIBLE
POLR3C,INFEASIBLE,INFEASIBLE,OPTIMAL,INFEASIBLE
PIAS3,OPTIMAL,OPTIMAL,OPTIMAL,OPTIMAL
PEX11B,OPTIMAL,INFEASIBLE,OPTIMAL,OPTIMAL
RBM8A,INFEASIBLE,OPTIMAL,OPTIMAL,INFEASIBLE
LIX1L,OPTIMAL,OPTIMAL,OPTIMAL,INFEASIBLE
POLR3GL,INFEASIBLE,OPTIMAL,INFEASIBLE,INFEASIBLE
TXNIP,OPTIMAL,OPTIMAL,OPTIMAL,OPTIMAL
NOTCH2NLA,OPTIMAL,OPTIMAL,OPTIMAL,OPTIMAL
NBPF12,OPTIMAL,OPTIMAL,OPTIMAL,INFEASIBLE
PRKAB2,OPTIMAL,OPTIMAL,OPTIMAL,OPTIMAL
BCL9,OPTIMAL,OPTIMAL,OPTIMAL,OPTIMAL
ACP6,OPTIMAL,OPTIMAL,OPTIMAL,OPTIMAL
GPR89B,INFEASIBLE,OPTIMAL,OPTIMAL,INFEASIBLE
NBPF11,OPTIMAL,OPTIMAL,OPTIMAL,OPTIMAL
PDE4DIP,OPTIMAL,OPTIMAL,OPTIMAL,OPTIMAL
NBPF9,OPTIMAL,OPTIMAL,OPTIMAL,OPTIMAL
NOTCH2NLC,INFEASIBLE,OPTIMAL,OPTIMAL,INFEASIBLE
BOLA1,INFEASIBLE,OPTIMAL,INFEASIBLE,INFEASIBLE
SV2A,OPTIMAL,OPTIMAL,OPTIMAL,OPTIMAL
SF3B4,OPTIMAL,OPTIMAL,OPTIMAL,OPTIMAL
OTUD7B,INFEASIBLE,OPTIMAL,OPTIMAL,INFEASIBLE
VPS45,INFEASIBLE,OPTIMAL,OPTIMAL,INFEASIBLE
PLEKHO1,OPTIMAL,OPTIMAL,OPTIMAL,OPTIMAL
ANP32E,INFEASIBLE,OPTIMAL,OPTIMAL,INFEASIBLE
APH1A,INFEASIBLE,OPTIMAL,OPTIMAL,INFEASIBLE
C1orf54,OPTIMAL,OPTIMAL,OPTIMAL,OPTIMAL
MRPS21,INFEASIBLE,INFEASIBLE,OPTIMAL,INFEASIBLE
PRPF3,INFEASIBLE,INFEASIBLE,OPTIMAL,OPTIMAL
RPRD2,INFEASIBLE,OPTIMAL,OPTIMAL,INFEASIBLE
TARS2,INFEASIBLE,OPTIMAL,OPTIMAL,INFEASIBLE
MCL1,INFEASIBLE,OPTIMAL,OPTIMAL,INFEASIBLE
ENSA,INFEASIBLE,OPTIMAL,OPTIMAL,INFEASIBLE
GOLPH3L,OPTIMAL,OPTIMAL,OPTIMAL,OPTIMAL
ARNT,INFEASIBLE,OPTIMAL,OPTIMAL,OPTIMAL
SETDB1,INFEASIBLE,OPTIMAL,OPTIMAL,INFEASIBLE
CERS2,INFEASIBLE,OPTIMAL,OPTIMAL,INFEASIBLE
MINDY1,OPTIMAL,OPTIMAL,OPTIMAL,OPTIMAL
PRUNE1,OPTIMAL,OPTIMAL,OPTIMAL,OPTIMAL
C1orf56,INFEASIBLE,OPTIMAL,INFEASIBLE,INFEASIBLE
CDC42SE1,INFEASIBLE,OPTIMAL,INFEASIBLE,INFEASIBLE
GABPB2,INFEASIBLE,OPTIMAL,OPTIMAL,INFEASIBLE
SCNM1,INFEASIBLE,OPTIMAL,OPTIMAL,INFEASIBLE
LYSMD1,INFEASIBLE,OPTIMAL,OPTIMAL,INFEASIBLE
VPS72,OPTIMAL,INFEASIBLE,OPTIMAL,OPTIMAL
PIP5K1A,INFEASIBLE,INFEASIBLE,OPTIMAL,OPTIMAL
PSMD4,INFEASIBLE,OPTIMAL,OPTIMAL,INFEASIBLE
ZNF687,INFEASIBLE,OPTIMAL,OPTIMAL,OPTIMAL
PI4KB,INFEASIBLE,OPTIMAL,OPTIMAL,OPTIMAL
RFX5,OPTIMAL,OPTIMAL,OPTIMAL,OPTIMAL
SELENBP1,OPTIMAL,OPTIMAL,OPTIMAL,OPTIMAL
PSMB4,INFEASIBLE,INFEASIBLE,INFEASIBLE,INFEASIBLE
POGZ,INFEASIBLE,OPTIMAL,OPTIMAL,INFEASIBLE
CGN,INFEASIBLE,OPTIMAL,OPTIMAL,INFEASIBLE
SNX27,INFEASIBLE,INFEASIBLE,OPTIMAL,INFEASIBLE
MRPL9,INFEASIBLE,OPTIMAL,OPTIMAL,INFEASIBLE
TDRKH,OPTIMAL,OPTIMAL,OPTIMAL,OPTIMAL
THEM4,OPTIMAL,OPTIMAL,OPTIMAL,OPTIMAL
S100A10,INFEASIBLE,OPTIMAL,INFEASIBLE,INFEASIBLE
S100A11,INFEASIBLE,INFEASIBLE,INFEASIBLE,INFEASIBLE
S100A13,INFEASIBLE,INFEASIBLE,OPTIMAL,INFEASIBLE
CHTOP,INFEASIBLE,OPTIMAL,OPTIMAL,INFEASIBLE
SNAPIN,OPTIMAL,OPTIMAL,OPTIMAL,OPTIMAL
ILF2,INFEASIBLE,INFEASIBLE,OPTIMAL,INFEASIBLE
INTS3,INFEASIBLE,OPTIMAL,OPTIMAL,INFEASIBLE
GATAD2B,INFEASIBLE,OPTIMAL,OPTIMAL,INFEASIBLE
DENND4B,INFEASIBLE,OPTIMAL,OPTIMAL,INFEASIBLE
CRTC2,INFEASIBLE,OPTIMAL,OPTIMAL,INFEASIBLE
SLC39A1,INFEASIBLE,OPTIMAL,OPTIMAL,INFEASIBLE
JTB,INFEASIBLE,INFEASIBLE,OPTIMAL,INFEASIBLE
RAB13,INFEASIBLE,INFEASIBLE,OPTIMAL,INFEASIBLE
RPS27,INFEASIBLE,INFEASIBLE,OPTIMAL,INFEASIBLE
NUP210L,OPTIMAL,OPTIMAL,OPTIMAL,OPTIMAL
TPM3,INFEASIBLE,OPTIMAL,OPTIMAL,INFEASIBLE
C1orf43,INFEASIBLE,OPTIMAL,OPTIMAL,INFEASIBLE
UBAP2L,INFEASIBLE,OPTIMAL,OPTIMAL,INFEASIBLE
HAX1,INFEASIBLE,INFEASIBLE,OPTIMAL,INFEASIBLE
ATP8B2,OPTIMAL,OPTIMAL,OPTIMAL,OPTIMAL
UBE2Q1,INFEASIBLE,OPTIMAL,OPTIMAL,INFEASIBLE
ADAR,INFEASIBLE,OPTIMAL,OPTIMAL,OPTIMAL
PMVK,OPTIMAL,OPTIMAL,OPTIMAL,OPTIMAL
PYGO2,INFEASIBLE,OPTIMAL,OPTIMAL,INFEASIBLE
SHC1,OPTIMAL,OPTIMAL,OPTIMAL,INFEASIBLE
CKS1B,INFEASIBLE,INFEASIBLE,OPTIMAL,INFEASIBLE
FLAD1,OPTIMAL,INFEASIBLE,OPTIMAL,OPTIMAL
ADAM15,INFEASIBLE,INFEASIBLE,OPTIMAL,OPTIMAL
SLC50A1,OPTIMAL,OPTIMAL,OPTIMAL,OPTIMAL
DPM3,INFEASIBLE,OPTIMAL,OPTIMAL,INFEASIBLE
KRTCAP2,INFEASIBLE,INFEASIBLE,INFEASIBLE,INFEASIBLE
MTX1,INFEASIBLE,INFEASIBLE,OPTIMAL,OPTIMAL
GBA1,OPTIMAL,OPTIMAL,OPTIMAL,OPTIMAL
ENTREP3,OPTIMAL,INFEASIBLE,OPTIMAL,OPTIMAL
SCAMP3,INFEASIBLE,OPTIMAL,OPTIMAL,OPTIMAL
CLK2,INFEASIBLE,OPTIMAL,OPTIMAL,INFEASIBLE
FDPS,INFEASIBLE,OPTIMAL,OPTIMAL,INFEASIBLE
RUSC1,INFEASIBLE,OPTIMAL,OPTIMAL,INFEASIBLE
ASH1L,INFEASIBLE,INFEASIBLE,OPTIMAL,INFEASIBLE
MSTO1,OPTIMAL,OPTIMAL,OPTIMAL,OPTIMAL
YY1AP1,INFEASIBLE,OPTIMAL,OPTIMAL,INFEASIBLE
DAP3,INFEASIBLE,OPTIMAL,OPTIMAL,INFEASIBLE
GON4L,INFEASIBLE,OPTIMAL,OPTIMAL,OPTIMAL
RIT1,INFEASIBLE,OPTIMAL,OPTIMAL,INFEASIBLE
KHDC4,INFEASIBLE,OPTIMAL,OPTIMAL,OPTIMAL
ARHGEF2,INFEASIBLE,OPTIMAL,OPTIMAL,INFEASIBLE
SSR2,INFEASIBLE,INFEASIBLE,OPTIMAL,OPTIMAL
UBQLN4,OPTIMAL,OPTIMAL,OPTIMAL,OPTIMAL
LAMTOR2,INFEASIBLE,INFEASIBLE,OPTIMAL,INFEASIBLE
MEX3A,OPTIMAL,OPTIMAL,OPTIMAL,OPTIMAL
LMNA,INFEASIBLE,INFEASIBLE,OPTIMAL,OPTIMAL
SLC25A44,OPTIMAL,OPTIMAL,OPTIMAL,OPTIMAL
PMF1,INFEASIBLE,OPTIMAL,OPTIMAL,INFEASIBLE
SMG5,INFEASIBLE,INFEASIBLE,OPTIMAL,OPTIMAL
GLMP,INFEASIBLE,OPTIMAL,OPTIMAL,OPTIMAL
CCT3,INFEASIBLE,INFEASIBLE,OPTIMAL,INFEASIBLE
TSACC,OPTIMAL,OPTIMAL,OPTIMAL,OPTIMAL
MEF2D,INFEASIBLE,OPTIMAL,INFEASIBLE,OPTIMAL
IQGAP3,INFEASIBLE,OPTIMAL,OPTIMAL,INFEASIBLE
NAXE,INFEASIBLE,OPTIMAL,OPTIMAL,INFEASIBLE
GPATCH4,INFEASIBLE,INFEASIBLE,OPTIMAL,OPTIMAL
CRABP2,INFEASIBLE,OPTIMAL,OPTIMAL,OPTIMAL
ISG20L2,INFEASIBLE,OPTIMAL,OPTIMAL,INFEASIBLE
METTL25B,INFEASIBLE,OPTIMAL,OPTIMAL,OPTIMAL
MRPL24,OPTIMAL,OPTIMAL,OPTIMAL,OPTIMAL
HDGF,INFEASIBLE,OPTIMAL,OPTIMAL,INFEASIBLE
PRCC,INFEASIBLE,INFEASIBLE,OPTIMAL,INFEASIBLE
ARHGEF11,INFEASIBLE,OPTIMAL,OPTIMAL,INFEASIBLE
ETV3,OPTIMAL,OPTIMAL,OPTIMAL,OPTIMAL
KIRREL1,OPTIMAL,INFEASIBLE,OPTIMAL,OPTIMAL
TAGLN2,INFEASIBLE,OPTIMAL,OPTIMAL,INFEASIBLE
PIGM,INFEASIBLE,OPTIMAL,OPTIMAL,INFEASIBLE
PEA15,INFEASIBLE,OPTIMAL,OPTIMAL,INFEASIBLE
DCAF8,INFEASIBLE,OPTIMAL,OPTIMAL,INFEASIBLE
PEX19,INFEASIBLE,OPTIMAL,OPTIMAL,OPTIMAL
COPA,INFEASIBLE,OPTIMAL,OPTIMAL,INFEASIBLE
NCSTN,OPTIMAL,OPTIMAL,OPTIMAL,OPTIMAL
VANGL2,OPTIMAL,INFEASIBLE,OPTIMAL,OPTIMAL
F11R,OPTIMAL,OPTIMAL,OPTIMAL,OPTIMAL
USF1,OPTIMAL,INFEASIBLE,OPTIMAL,OPTIMAL
PFDN2,INFEASIBLE,INFEASIBLE,OPTIMAL,INFEASIBLE
NIT1,INFEASIBLE,OPTIMAL,OPTIMAL,OPTIMAL
DEDD,INFEASIBLE,OPTIMAL,OPTIMAL,OPTIMAL
UFC1,INFEASIBLE,INFEASIBLE,OPTIMAL,INFEASIBLE
USP21,OPTIMAL,INFEASIBLE,OPTIMAL,OPTIMAL
PPOX,OPTIMAL,OPTIMAL,OPTIMAL,OPTIMAL
B4GALT3,OPTIMAL,INFEASIBLE,OPTIMAL,OPTIMAL
NDUFS2,INFEASIBLE,INFEASIBLE,OPTIMAL,OPTIMAL
TOMM40L,OPTIMAL,INFEASIBLE,OPTIMAL,OPTIMAL
SDHC,INFEASIBLE,OPTIMAL,OPTIMAL,INFEASIBLE
DUSP12,INFEASIBLE,OPTIMAL,OPTIMAL,INFEASIBLE
ATF6,INFEASIBLE,INFEASIBLE,OPTIMAL,INFEASIBLE
NOS1AP,OPTIMAL,OPTIMAL,OPTIMAL,OPTIMAL
UHMK1,INFEASIBLE,INFEASIBLE,OPTIMAL,OPTIMAL
UAP1,INFEASIBLE,OPTIMAL,OPTIMAL,OPTIMAL
DDR2,INFEASIBLE,INFEASIBLE,OPTIMAL,OPTIMAL
HSD17B7,INFEASIBLE,OPTIMAL,OPTIMAL,INFEASIBLE
NUF2,OPTIMAL,INFEASIBLE,OPTIMAL,OPTIMAL
PBX1,INFEASIBLE,INFEASIBLE,OPTIMAL,INFEASIBLE
MGST3,INFEASIBLE,INFEASIBLE,OPTIMAL,INFEASIBLE
ALDH9A1,INFEASIBLE,OPTIMAL,OPTIMAL,INFEASIBLE
TMCO1,OPTIMAL,OPTIMAL,OPTIMAL,INFEASIBLE
UCK2,INFEASIBLE,INFEASIBLE,OPTIMAL,INFEASIBLE
POGK,INFEASIBLE,OPTIMAL,OPTIMAL,OPTIMAL
TADA1,INFEASIBLE,OPTIMAL,OPTIMAL,INFEASIBLE
POU2F1,INFEASIBLE,OPTIMAL,OPTIMAL,INFEASIBLE
CREG1,OPTIMAL,OPTIMAL,OPTIMAL,OPTIMAL
MPZL1,INFEASIBLE,OPTIMAL,OPTIMAL,OPTIMAL
MPC2,INFEASIBLE,INFEASIBLE,OPTIMAL,INFEASIBLE
DCAF6,INFEASIBLE,OPTIMAL,OPTIMAL,INFEASIBLE
GPR161,OPTIMAL,OPTIMAL,OPTIMAL,OPTIMAL
TIPRL,INFEASIBLE,INFEASIBLE,OPTIMAL,INFEASIBLE
SFT2D2,INFEASIBLE,INFEASIBLE,OPTIMAL,INFEASIBLE
ATP1B1,INFEASIBLE,OPTIMAL,INFEASIBLE,INFEASIBLE
NME7,INFEASIBLE,OPTIMAL,OPTIMAL,INFEASIBLE
BLZF1,OPTIMAL,OPTIMAL,OPTIMAL,OPTIMAL
CCDC181,INFEASIBLE,OPTIMAL,OPTIMAL,INFEASIBLE
SLC19A2,INFEASIBLE,OPTIMAL,OPTIMAL,INFEASIBLE
C1orf112,INFEASIBLE,INFEASIBLE,OPTIMAL,INFEASIBLE
METTL18,OPTIMAL,OPTIMAL,OPTIMAL,OPTIMAL
SCYL3,OPTIMAL,OPTIMAL,OPTIMAL,OPTIMAL
KIFAP3,INFEASIBLE,OPTIMAL,OPTIMAL,INFEASIBLE
GORAB,OPTIMAL,OPTIMAL,OPTIMAL,OPTIMAL
PRRC2C,INFEASIBLE,INFEASIBLE,OPTIMAL,INFEASIBLE
VAMP4,OPTIMAL,OPTIMAL,OPTIMAL,OPTIMAL
METTL13,OPTIMAL,OPTIMAL,OPTIMAL,OPTIMAL
DNM3,INFEASIBLE,OPTIMAL,OPTIMAL,INFEASIBLE
PIGC,OPTIMAL,OPTIMAL,OPTIMAL,OPTIMAL
SUCO,INFEASIBLE,INFEASIBLE,OPTIMAL,INFEASIBLE
PRDX6,INFEASIBLE,INFEASIBLE,OPTIMAL,INFEASIBLE
KLHL20,INFEASIBLE,OPTIMAL,OPTIMAL,INFEASIBLE
CENPL,OPTIMAL,OPTIMAL,OPTIMAL,OPTIMAL
DARS2,INFEASIBLE,OPTIMAL,OPTIMAL,INFEASIBLE
ZBTB37,INFEASIBLE,OPTIMAL,OPTIMAL,INFEASIBLE
RC3H1,INFEASIBLE,OPTIMAL,OPTIMAL,INFEASIBLE
RABGAP1L,OPTIMAL,OPTIMAL,OPTIMAL,INFEASIBLE
CACYBP,INFEASIBLE,INFEASIBLE,OPTIMAL,INFEASIBLE
MRPS14,INFEASIBLE,INFEASIBLE,OPTIMAL,OPTIMAL
COP1,INFEASIBLE,OPTIMAL,OPTIMAL,INFEASIBLE
RASAL2,INFEASIBLE,OPTIMAL,OPTIMAL,INFEASIBLE
RALGPS2,OPTIMAL,INFEASIBLE,OPTIMAL,OPTIMAL
FAM20B,OPTIMAL,OPTIMAL,OPTIMAL,OPTIMAL
TOR3A,OPTIMAL,INFEASIBLE,OPTIMAL,OPTIMAL
ABL2,INFEASIBLE,INFEASIBLE,OPTIMAL,OPTIMAL
SOAT1,INFEASIBLE,OPTIMAL,OPTIMAL,INFEASIBLE
TOR1AIP2,INFEASIBLE,OPTIMAL,OPTIMAL,INFEASIBLE
TOR1AIP1,INFEASIBLE,OPTIMAL,OPTIMAL,INFEASIBLE
CEP350,INFEASIBLE,OPTIMAL,OPTIMAL,INFEASIBLE
QSOX1,OPTIMAL,OPTIMAL,OPTIMAL,OPTIMAL
ACBD6,INFEASIBLE,INFEASIBLE,OPTIMAL,INFEASIBLE
XPR1,INFEASIBLE,OPTIMAL,OPTIMAL,OPTIMAL
STX6,INFEASIBLE,OPTIMAL,OPTIMAL,INFEASIBLE
IER5,OPTIMAL,OPTIMAL,OPTIMAL,OPTIMAL
GLUL,OPTIMAL,OPTIMAL,OPTIMAL,OPTIMAL
RGS16,OPTIMAL,OPTIMAL,OPTIMAL,OPTIMAL
NPL,INFEASIBLE,OPTIMAL,OPTIMAL,INFEASIBLE
DHX9,INFEASIBLE,OPTIMAL,OPTIMAL,OPTIMAL
LAMC1,INFEASIBLE,INFEASIBLE,OPTIMAL,OPTIMAL
SMG7,INFEASIBLE,OPTIMAL,OPTIMAL,INFEASIBLE
ARPC5,INFEASIBLE,OPTIMAL,OPTIMAL,OPTIMAL
RGL1,OPTIMAL,OPTIMAL,OPTIMAL,OPTIMAL
TSEN15,INFEASIBLE,OPTIMAL,OPTIMAL,INFEASIBLE
C1orf21,INFEASIBLE,INFEASIBLE,OPTIMAL,INFEASIBLE
EDEM3,INFEASIBLE,INFEASIBLE,OPTIMAL,INFEASIBLE
NIBAN1,OPTIMAL,OPTIMAL,OPTIMAL,OPTIMAL
RNF2,INFEASIBLE,OPTIMAL,OPTIMAL,OPTIMAL
TRMT1L,INFEASIBLE,OPTIMAL,OPTIMAL,OPTIMAL
SWT1,OPTIMAL,OPTIMAL,OPTIMAL,OPTIMAL
IVNS1ABP,OPTIMAL,INFEASIBLE,OPTIMAL,OPTIMAL
HMCN1,INFEASIBLE,OPTIMAL,OPTIMAL,INFEASIBLE
TPR,INFEASIBLE,OPTIMAL,OPTIMAL,INFEASIBLE
ODR4,OPTIMAL,OPTIMAL,OPTIMAL,OPTIMAL
PLA2G4A,INFEASIBLE,OPTIMAL,OPTIMAL,INFEASIBLE
BRINP3,OPTIMAL,OPTIMAL,OPTIMAL,OPTIMAL
UCHL5,INFEASIBLE,INFEASIBLE,OPTIMAL,INFEASIBLE
RO60,INFEASIBLE,OPTIMAL,OPTIMAL,INFEASIBLE
GLRX2,INFEASIBLE,INFEASIBLE,OPTIMAL,INFEASIBLE
CDC73,INFEASIBLE,OPTIMAL,OPTIMAL,INFEASIBLE
KCNT2,INFEASIBLE,OPTIMAL,OPTIMAL,INFEASIBLE
ASPM,OPTIMAL,INFEASIBLE,OPTIMAL,OPTIMAL
ZBTB41,OPTIMAL,OPTIMAL,OPTIMAL,OPTIMAL
DENND1B,OPTIMAL,OPTIMAL,OPTIMAL,OPTIMAL
C1orf53,INFEASIBLE,OPTIMAL,INFEASIBLE,INFEASIBLE
NEK7,INFEASIBLE,OPTIMAL,OPTIMAL,INFEASIBLE
ZNF281,INFEASIBLE,OPTIMAL,OPTIMAL,INFEASIBLE
KIF14,INFEASIBLE,OPTIMAL,OPTIMAL,INFEASIBLE
DDX59,OPTIMAL,OPTIMAL,OPTIMAL,INFEASIBLE
CAMSAP2,INFEASIBLE,OPTIMAL,OPTIMAL,INFEASIBLE
TMEM9,INFEASIBLE,OPTIMAL,OPTIMAL,INFEASIBLE
NAV1,OPTIMAL,OPTIMAL,OPTIMAL,OPTIMAL
IPO9,INFEASIBLE,INFEASIBLE,OPTIMAL,OPTIMAL
TIMM17A,INFEASIBLE,INFEASIBLE,OPTIMAL,INFEASIBLE
RNPEP,INFEASIBLE,OPTIMAL,OPTIMAL,OPTIMAL
ARL8A,OPTIMAL,OPTIMAL,OPTIMAL,OPTIMAL
UBE2T,INFEASIBLE,OPTIMAL,INFEASIBLE,INFEASIBLE
PPP1R12B,INFEASIBLE,INFEASIBLE,OPTIMAL,OPTIMAL
SYT2,OPTIMAL,INFEASIBLE,OPTIMAL,OPTIMAL
KDM5B,OPTIMAL,OPTIMAL,OPTIMAL,OPTIMAL
RABIF,INFEASIBLE,OPTIMAL,OPTIMAL,OPTIMAL
KLHL12,INFEASIBLE,OPTIMAL,OPTIMAL,INFEASIBLE
ADIPOR1,OPTIMAL,OPTIMAL,OPTIMAL,OPTIMAL
CYB5R1,INFEASIBLE,OPTIMAL,OPTIMAL,INFEASIBLE
TMEM183A,INFEASIBLE,OPTIMAL,OPTIMAL,INFEASIBLE
BTG2,OPTIMAL,OPTIMAL,OPTIMAL,OPTIMAL
ATP2B4,INFEASIBLE,OPTIMAL,OPTIMAL,INFEASIBLE
SNRPE,INFEASIBLE,INFEASIBLE,INFEASIBLE,INFEASIBLE
SOX13,OPTIMAL,OPTIMAL,OPTIMAL,OPTIMAL
ETNK2,OPTIMAL,OPTIMAL,OPTIMAL,OPTIMAL
PPP1R15B,OPTIMAL,OPTIMAL,OPTIMAL,OPTIMAL
PIK3C2B,INFEASIBLE,INFEASIBLE,OPTIMAL,INFEASIBLE
MDM4,INFEASIBLE,OPTIMAL,INFEASIBLE,INFEASIBLE
RBBP5,INFEASIBLE,INFEASIBLE,OPTIMAL,OPTIMAL
DSTYK,INFEASIBLE,OPTIMAL,INFEASIBLE,INFEASIBLE
CDK18,OPTIMAL,OPTIMAL,OPTIMAL,OPTIMAL
ELK4,OPTIMAL,OPTIMAL,OPTIMAL,OPTIMAL
NUCKS1,INFEASIBLE,OPTIMAL,INFEASIBLE,INFEASIBLE
RAB29,OPTIMAL,OPTIMAL,OPTIMAL,OPTIMAL
SLC41A1,OPTIMAL,OPTIMAL,OPTIMAL,OPTIMAL
SRGAP2,INFEASIBLE,OPTIMAL,OPTIMAL,INFEASIBLE
EIF2D,OPTIMAL,OPTIMAL,OPTIMAL,OPTIMAL
DYRK3,OPTIMAL,OPTIMAL,OPTIMAL,INFEASIBLE
MAPKAPK2,INFEASIBLE,OPTIMAL,OPTIMAL,INFEASIBLE
PFKFB2,OPTIMAL,OPTIMAL,OPTIMAL,OPTIMAL
YOD1,INFEASIBLE,OPTIMAL,OPTIMAL,OPTIMAL
CD55,INFEASIBLE,OPTIMAL,OPTIMAL,OPTIMAL
CD46,OPTIMAL,INFEASIBLE,OPTIMAL,OPTIMAL
PLXNA2,OPTIMAL,OPTIMAL,OPTIMAL,OPTIMAL
C1orf74,OPTIMAL,OPTIMAL,OPTIMAL,OPTIMAL
UTP25,INFEASIBLE,OPTIMAL,OPTIMAL,OPTIMAL
SYT14,INFEASIBLE,OPTIMAL,OPTIMAL,OPTIMAL
SERTAD4,OPTIMAL,OPTIMAL,OPTIMAL,OPTIMAL
HHAT,INFEASIBLE,OPTIMAL,OPTIMAL,OPTIMAL
RCOR3,INFEASIBLE,OPTIMAL,OPTIMAL,INFEASIBLE
TRAF5,OPTIMAL,INFEASIBLE,OPTIMAL,OPTIMAL
NEK2,OPTIMAL,OPTIMAL,OPTIMAL,OPTIMAL
LPGAT1,INFEASIBLE,OPTIMAL,OPTIMAL,OPTIMAL
INTS7,INFEASIBLE,OPTIMAL,OPTIMAL,OPTIMAL
DTL,INFEASIBLE,OPTIMAL,OPTIMAL,OPTIMAL
PPP2R5A,OPTIMAL,INFEASIBLE,OPTIMAL,OPTIMAL
PACC1,OPTIMAL,OPTIMAL,OPTIMAL,OPTIMAL
NENF,INFEASIBLE,INFEASIBLE,OPTIMAL,INFEASIBLE
ATF3,INFEASIBLE,OPTIMAL,OPTIMAL,INFEASIBLE
BATF3,OPTIMAL,INFEASIBLE,OPTIMAL,OPTIMAL
NSL1,INFEASIBLE,OPTIMAL,OPTIMAL,INFEASIBLE
TATDN3,OPTIMAL,OPTIMAL,OPTIMAL,OPTIMAL
FLVCR1,OPTIMAL,OPTIMAL,OPTIMAL,OPTIMAL
ANGEL2,INFEASIBLE,OPTIMAL,OPTIMAL,OPTIMAL
RPS6KC1,INFEASIBLE,OPTIMAL,OPTIMAL,INFEASIBLE
SMYD2,OPTIMAL,OPTIMAL,OPTIMAL,OPTIMAL
PTPN14,INFEASIBLE,OPTIMAL,OPTIMAL,INFEASIBLE
CENPF,INFEASIBLE,INFEASIBLE,OPTIMAL,INFEASIBLE
KCTD3,INFEASIBLE,OPTIMAL,OPTIMAL,INFEASIBLE
ESRRG,OPTIMAL,OPTIMAL,OPTIMAL,OPTIMAL
GPATCH2,INFEASIBLE,OPTIMAL,OPTIMAL,OPTIMAL
SPATA17,OPTIMAL,INFEASIBLE,OPTIMAL,OPTIMAL
RRP15,INFEASIBLE,INFEASIBLE,OPTIMAL,INFEASIBLE
TGFB2,OPTIMAL,OPTIMAL,OPTIMAL,OPTIMAL
LYPLAL1,INFEASIBLE,OPTIMAL,OPTIMAL,INFEASIBLE
SLC30A10,OPTIMAL,INFEASIBLE,OPTIMAL,OPTIMAL
EPRS1,INFEASIBLE,INFEASIBLE,OPTIMAL,INFEASIBLE
BPNT1,OPTIMAL,OPTIMAL,OPTIMAL,INFEASIBLE
IARS2,INFEASIBLE,OPTIMAL,OPTIMAL,INFEASIBLE
RAB3GAP2,INFEASIBLE,OPTIMAL,OPTIMAL,INFEASIBLE
MARK1,INFEASIBLE,INFEASIBLE,OPTIMAL,INFEASIBLE
MTARC2,OPTIMAL,OPTIMAL,OPTIMAL,OPTIMAL
MTARC1,OPTIMAL,OPTIMAL,OPTIMAL,OPTIMAL
TAF1A,INFEASIBLE,OPTIMAL,OPTIMAL,INFEASIBLE
MIA3,INFEASIBLE,OPTIMAL,OPTIMAL,INFEASIBLE
AIDA,INFEASIBLE,OPTIMAL,OPTIMAL,OPTIMAL
BROX,INFEASIBLE,OPTIMAL,OPTIMAL,OPTIMAL
DISP1,INFEASIBLE,OPTIMAL,OPTIMAL,OPTIMAL
CAPN2,OPTIMAL,OPTIMAL,OPTIMAL,OPTIMAL
TP53BP2,OPTIMAL,INFEASIBLE,OPTIMAL,OPTIMAL
FBXO28,INFEASIBLE,INFEASIBLE,OPTIMAL,INFEASIBLE
DEGS1,INFEASIBLE,INFEASIBLE,OPTIMAL,OPTIMAL
NVL,INFEASIBLE,OPTIMAL,OPTIMAL,OPTIMAL
CNIH4,INFEASIBLE,INFEASIBLE,OPTIMAL,INFEASIBLE
WDR26,INFEASIBLE,OPTIMAL,OPTIMAL,OPTIMAL
CNIH3,INFEASIBLE,OPTIMAL,INFEASIBLE,OPTIMAL
DNAH14,INFEASIBLE,OPTIMAL,OPTIMAL,INFEASIBLE
LBR,INFEASIBLE,INFEASIBLE,OPTIMAL,INFEASIBLE
ENAH,INFEASIBLE,INFEASIBLE,OPTIMAL,INFEASIBLE
SRP9,INFEASIBLE,OPTIMAL,OPTIMAL,INFEASIBLE
EPHX1,INFEASIBLE,INFEASIBLE,OPTIMAL,INFEASIBLE
TMEM63A,INFEASIBLE,OPTIMAL,OPTIMAL,INFEASIBLE
PYCR2,INFEASIBLE,OPTIMAL,OPTIMAL,OPTIMAL
SDE2,OPTIMAL,OPTIMAL,OPTIMAL,OPTIMAL
ACBD3,INFEASIBLE,OPTIMAL,OPTIMAL,INFEASIBLE
LIN9,INFEASIBLE,OPTIMAL,OPTIMAL,INFEASIBLE
PARP1,INFEASIBLE,INFEASIBLE,OPTIMAL,INFEASIBLE
ITPKB,OPTIMAL,OPTIMAL,OPTIMAL,OPTIMAL
PSEN2,OPTIMAL,OPTIMAL,OPTIMAL,OPTIMAL
COQ8A,INFEASIBLE,INFEASIBLE,OPTIMAL,INFEASIBLE
CDC42BPA,INFEASIBLE,OPTIMAL,OPTIMAL,INFEASIBLE
ZNF678,INFEASIBLE,OPTIMAL,OPTIMAL,INFEASIBLE
SNAP47,OPTIMAL,OPTIMAL,OPTIMAL,OPTIMAL
JMJD4,INFEASIBLE,INFEASIBLE,OPTIMAL,OPTIMAL
ARF1,INFEASIBLE,INFEASIBLE,OPTIMAL,OPTIMAL
C1orf35,INFEASIBLE,OPTIMAL,OPTIMAL,INFEASIBLE
MRPL55,INFEASIBLE,INFEASIBLE,OPTIMAL,INFEASIBLE
GUK1,INFEASIBLE,OPTIMAL,INFEASIBLE,INFEASIBLE
IBA57,INFEASIBLE,OPTIMAL,OPTIMAL,OPTIMAL
TRIM11,OPTIMAL,OPTIMAL,OPTIMAL,OPTIMAL
RNF187,INFEASIBLE,INFEASIBLE,OPTIMAL,OPTIMAL
RHOU,OPTIMAL,INFEASIBLE,OPTIMAL,OPTIMAL
RAB4A,INFEASIBLE,OPTIMAL,OPTIMAL,OPTIMAL
CCSAP,OPTIMAL,OPTIMAL,OPTIMAL,INFEASIBLE
NUP133,INFEASIBLE,OPTIMAL,OPTIMAL,OPTIMAL
ABCB10,INFEASIBLE,OPTIMAL,OPTIMAL,INFEASIBLE
TAF5L,OPTIMAL,OPTIMAL,OPTIMAL,INFEASIBLE
URB2,INFEASIBLE,OPTIMAL,OPTIMAL,OPTIMAL
GALNT2,INFEASIBLE,OPTIMAL,OPTIMAL,OPTIMAL
PGBD5,OPTIMAL,OPTIMAL,OPTIMAL,INFEASIBLE
COG2,INFEASIBLE,OPTIMAL,OPTIMAL,OPTIMAL
C1orf198,OPTIMAL,OPTIMAL,OPTIMAL,OPTIMAL
TTC13,OPTIMAL,INFEASIBLE,OPTIMAL,OPTIMAL
ARV1,INFEASIBLE,INFEASIBLE,OPTIMAL,OPTIMAL
FAM89A,INFEASIBLE,OPTIMAL,OPTIMAL,OPTIMAL
C1orf131,INFEASIBLE,OPTIMAL,OPTIMAL,OPTIMAL
GNPAT,INFEASIBLE,OPTIMAL,OPTIMAL,OPTIMAL
EXOC8,OPTIMAL,OPTIMAL,OPTIMAL,OPTIMAL
SPRTN,OPTIMAL,OPTIMAL,OPTIMAL,OPTIMAL
EGLN1,OPTIMAL,INFEASIBLE,OPTIMAL,OPTIMAL
TSNAX,INFEASIBLE,OPTIMAL,OPTIMAL,INFEASIBLE
DISC1,INFEASIBLE,OPTIMAL,OPTIMAL,OPTIMAL
SIPA1L2,INFEASIBLE,INFEASIBLE,OPTIMAL,INFEASIBLE
NTPCR,INFEASIBLE,OPTIMAL,OPTIMAL,INFEASIBLE
PCNX2,INFEASIBLE,OPTIMAL,OPTIMAL,INFEASIBLE
MAP3K21,INFEASIBLE,OPTIMAL,OPTIMAL,INFEASIBLE
KCNK1,INFEASIBLE,OPTIMAL,OPTIMAL,INFEASIBLE
COA6,INFEASIBLE,OPTIMAL,OPTIMAL,OPTIMAL
TARBP1,OPTIMAL,OPTIMAL,OPTIMAL,OPTIMAL
IRF2BP2,INFEASIBLE,OPTIMAL,OPTIMAL,INFEASIBLE
TOMM20,INFEASIBLE,INFEASIBLE,OPTIMAL,INFEASIBLE
ARID4B,INFEASIBLE,OPTIMAL,OPTIMAL,INFEASIBLE
GGPS1,INFEASIBLE,INFEASIBLE,OPTIMAL,OPTIMAL
TBCE,INFEASIBLE,INFEASIBLE,OPTIMAL,INFEASIBLE
B3GALNT2,INFEASIBLE,INFEASIBLE,OPTIMAL,INFEASIBLE
GNG4,INFEASIBLE,OPTIMAL,OPTIMAL,INFEASIBLE
LYST,INFEASIBLE,OPTIMAL,OPTIMAL,INFEASIBLE
NID1,OPTIMAL,OPTIMAL,OPTIMAL,OPTIMAL
GPR137B,OPTIMAL,OPTIMAL,OPTIMAL,OPTIMAL
ERO1B,INFEASIBLE,INFEASIBLE,OPTIMAL,INFEASIBLE
EDARADD,OPTIMAL,OPTIMAL,OPTIMAL,OPTIMAL
HEATR1,INFEASIBLE,OPTIMAL,OPTIMAL,INFEASIBLE
ACTN2,INFEASIBLE,OPTIMAL,OPTIMAL,OPTIMAL
MTR,INFEASIBLE,OPTIMAL,OPTIMAL,INFEASIBLE
RYR2,INFEASIBLE,OPTIMAL,OPTIMAL,INFEASIBLE
CHRM3,INFEASIBLE,OPTIMAL,OPTIMAL,INFEASIBLE
FMN2,INFEASIBLE,OPTIMAL,OPTIMAL,INFEASIBLE
RGS7,OPTIMAL,OPTIMAL,OPTIMAL,INFEASIBLE
FH,OPTIMAL,OPTIMAL,OPTIMAL,OPTIMAL
CHML,INFEASIBLE,OPTIMAL,OPTIMAL,OPTIMAL
EXO1,INFEASIBLE,OPTIMAL,OPTIMAL,OPTIMAL
CEP170,INFEASIBLE,INFEASIBLE,OPTIMAL,INFEASIBLE
SDCCAG8,INFEASIBLE,OPTIMAL,OPTIMAL,INFEASIBLE
AKT3,INFEASIBLE,OPTIMAL,OPTIMAL,INFEASIBLE
ZBTB18,OPTIMAL,OPTIMAL,OPTIMAL,OPTIMAL
ADSS2,INFEASIBLE,OPTIMAL,OPTIMAL,INFEASIBLE
CATSPERE,OPTIMAL,OPTIMAL,OPTIMAL,OPTIMAL
DESI2,OPTIMAL,OPTIMAL,OPTIMAL,OPTIMAL
COX20,INFEASIBLE,INFEASIBLE,OPTIMAL,INFEASIBLE
HNRNPU,INFEASIBLE,OPTIMAL,OPTIMAL,INFEASIBLE
EFCAB2,INFEASIBLE,OPTIMAL,OPTIMAL,INFEASIBLE
KIF26B,INFEASIBLE,OPTIMAL,OPTIMAL,OPTIMAL
SMYD3,INFEASIBLE,OPTIMAL,OPTIMAL,INFEASIBLE
TFB2M,OPTIMAL,OPTIMAL,OPTIMAL,OPTIMAL
CNST,OPTIMAL,OPTIMAL,OPTIMAL,OPTIMAL
SCCPDH,OPTIMAL,OPTIMAL,OPTIMAL,OPTIMAL
AHCTF1,OPTIMAL,OPTIMAL,OPTIMAL,INFEASIBLE
ZNF695,INFEASIBLE,OPTIMAL,OPTIMAL,OPTIMAL
ZNF670,OPTIMAL,INFEASIBLE,OPTIMAL,OPTIMAL
ZNF124,OPTIMAL,OPTIMAL,OPTIMAL,OPTIMAL
ZNF496,OPTIMAL,OPTIMAL,OPTIMAL,OPTIMAL
SH3YL1,OPTIMAL,OPTIMAL,OPTIMAL,OPTIMAL
ACP1,INFEASIBLE,INFEASIBLE,OPTIMAL,INFEASIBLE
TMEM18,INFEASIBLE,INFEASIBLE,OPTIMAL,OPTIMAL
SNTG2,INFEASIBLE,OPTIMAL,OPTIMAL,OPTIMAL
PXDN,OPTIMAL,OPTIMAL,OPTIMAL,INFEASIBLE
EIPR1,OPTIMAL,INFEASIBLE,OPTIMAL,OPTIMAL
TRAPPC12,OPTIMAL,OPTIMAL,OPTIMAL,OPTIMAL
ADI1,INFEASIBLE,INFEASIBLE,OPTIMAL,INFEASIBLE
RNASEH1,INFEASIBLE,OPTIMAL,OPTIMAL,INFEASIBLE
RPS7,INFEASIBLE,INFEASIBLE,INFEASIBLE,INFEASIBLE
DCDC2C,OPTIMAL,INFEASIBLE,OPTIMAL,INFEASIBLE
RNF144A,OPTIMAL,OPTIMAL,OPTIMAL,OPTIMAL
ID2,INFEASIBLE,OPTIMAL,OPTIMAL,INFEASIBLE
KIDINS220,INFEASIBLE,INFEASIBLE,OPTIMAL,INFEASIBLE
MBOAT2,INFEASIBLE,INFEASIBLE,OPTIMAL,INFEASIBLE
ASAP2,INFEASIBLE,OPTIMAL,OPTIMAL,OPTIMAL
ITGB1BP1,INFEASIBLE,OPTIMAL,OPTIMAL,INFEASIBLE
CPSF3,INFEASIBLE,OPTIMAL,OPTIMAL,OPTIMAL
IAH1,INFEASIBLE,OPTIMAL,OPTIMAL,OPTIMAL
ADAM17,INFEASIBLE,INFEASIBLE,OPTIMAL,INFEASIBLE
YWHAQ,INFEASIBLE,INFEASIBLE,OPTIMAL,INFEASIBLE
TAF1B,INFEASIBLE,OPTIMAL,OPTIMAL,INFEASIBLE
KLF11,OPTIMAL,OPTIMAL,OPTIMAL,OPTIMAL
RRM2,INFEASIBLE,OPTIMAL,INFEASIBLE,INFEASIBLE
HPCAL1,OPTIMAL,OPTIMAL,OPTIMAL,INFEASIBLE
ODC1,INFEASIBLE,INFEASIBLE,OPTIMAL,INFEASIBLE
NOL10,INFEASIBLE,INFEASIBLE,OPTIMAL,INFEASIBLE
PDIA6,INFEASIBLE,INFEASIBLE,OPTIMAL,INFEASIBLE
SLC66A3,OPTIMAL,OPTIMAL,OPTIMAL,OPTIMAL
ROCK2,INFEASIBLE,OPTIMAL,OPTIMAL,INFEASIBLE
E2F6,INFEASIBLE,OPTIMAL,OPTIMAL,INFEASIBLE
GREB1,INFEASIBLE,OPTIMAL,OPTIMAL,OPTIMAL
LPIN1,OPTIMAL,OPTIMAL,OPTIMAL,OPTIMAL
NBAS,INFEASIBLE,OPTIMAL,OPTIMAL,INFEASIBLE
DDX1,INFEASIBLE,OPTIMAL,OPTIMAL,INFEASIBLE
SMC6,INFEASIBLE,OPTIMAL,OPTIMAL,OPTIMAL
GEN1,INFEASIBLE,OPTIMAL,OPTIMAL,INFEASIBLE
RDH14,INFEASIBLE,OPTIMAL,OPTIMAL,INFEASIBLE
TTC32,INFEASIBLE,OPTIMAL,OPTIMAL,OPTIMAL
WDR35,OPTIMAL,OPTIMAL,OPTIMAL,OPTIMAL
LAPTM4A,INFEASIBLE,INFEASIBLE,OPTIMAL,OPTIMAL
PUM2,INFEASIBLE,OPTIMAL,OPTIMAL,INFEASIBLE
RHOB,INFEASIBLE,OPTIMAL,INFEASIBLE,OPTIMAL
HS1BP3,OPTIMAL,OPTIMAL,OPTIMAL,OPTIMAL
LDAH,OPTIMAL,OPTIMAL,OPTIMAL,OPTIMAL
KLHL29,INFEASIBLE,OPTIMAL,OPTIMAL,INFEASIBLE
ATAD2B,INFEASIBLE,OPTIMAL,OPTIMAL,OPTIMAL
UBXN2A,INFEASIBLE,OPTIMAL,OPTIMAL,OPTIMAL
WDCP,OPTIMAL,OPTIMAL,OPTIMAL,OPTIMAL
FKBP1B,INFEASIBLE,OPTIMAL,OPTIMAL,OPTIMAL
SF3B6,INFEASIBLE,INFEASIBLE,OPTIMAL,INFEASIBLE
FAM228B,OPTIMAL,OPTIMAL,OPTIMAL,OPTIMAL
TP53I3,INFEASIBLE,OPTIMAL,INFEASIBLE,OPTIMAL
ITSN2,INFEASIBLE,OPTIMAL,OPTIMAL,INFEASIBLE
NCOA1,INFEASIBLE,OPTIMAL,OPTIMAL,INFEASIBLE
PTRHD1,INFEASIBLE,INFEASIBLE,OPTIMAL,INFEASIBLE
CENPO,OPTIMAL,OPTIMAL,OPTIMAL,OPTIMAL
ADCY3,INFEASIBLE,OPTIMAL,OPTIMAL,INFEASIBLE
DNAJC27,OPTIMAL,OPTIMAL,OPTIMAL,OPTIMAL
EFR3B,OPTIMAL,OPTIMAL,OPTIMAL,OPTIMAL
DNMT3A,INFEASIBLE,OPTIMAL,OPTIMAL,INFEASIBLE
DTNB,INFEASIBLE,OPTIMAL,OPTIMAL,INFEASIBLE
ASXL2,INFEASIBLE,INFEASIBLE,OPTIMAL,INFEASIBLE
RAB10,INFEASIBLE,INFEASIBLE,OPTIMAL,OPTIMAL
GAREM2,OPTIMAL,OPTIMAL,OPTIMAL,OPTIMAL
HADHA,INFEASIBLE,OPTIMAL,INFEASIBLE,INFEASIBLE
HADHB,INFEASIBLE,OPTIMAL,OPTIMAL,INFEASIBLE
SELENOI,OPTIMAL,OPTIMAL,OPTIMAL,OPTIMAL
SLC35F6,INFEASIBLE,OPTIMAL,OPTIMAL,OPTIMAL
CENPA,OPTIMAL,OPTIMAL,OPTIMAL,OPTIMAL
DPYSL5,OPTIMAL,OPTIMAL,OPTIMAL,OPTIMAL
MAPRE3,OPTIMAL,OPTIMAL,OPTIMAL,OPTIMAL
TMEM214,INFEASIBLE,OPTIMAL,OPTIMAL,INFEASIBLE
AGBL5,INFEASIBLE,OPTIMAL,OPTIMAL,OPTIMAL
OST4,INFEASIBLE,INFEASIBLE,INFEASIBLE,INFEASIBLE
KHK,INFEASIBLE,OPTIMAL,INFEASIBLE,INFEASIBLE
PREB,INFEASIBLE,OPTIMAL,OPTIMAL,INFEASIBLE
SLC5A6,OPTIMAL,OPTIMAL,OPTIMAL,OPTIMAL
ATRAID,INFEASIBLE,OPTIMAL,OPTIMAL,INFEASIBLE
CAD,OPTIMAL,OPTIMAL,OPTIMAL,OPTIMAL
MPV17,INFEASIBLE,OPTIMAL,OPTIMAL,INFEASIBLE
GTF3C2,INFEASIBLE,OPTIMAL,OPTIMAL,OPTIMAL
EIF2B4,INFEASIBLE,OPTIMAL,OPTIMAL,INFEASIBLE
SNX17,OPTIMAL,OPTIMAL,OPTIMAL,OPTIMAL
PPM1G,INFEASIBLE,INFEASIBLE,OPTIMAL,INFEASIBLE
NRBP1,INFEASIBLE,OPTIMAL,OPTIMAL,INFEASIBLE
IFT172,INFEASIBLE,OPTIMAL,OPTIMAL,INFEASIBLE
ZNF512,INFEASIBLE,OPTIMAL,OPTIMAL,OPTIMAL
GPN1,OPTIMAL,OPTIMAL,OPTIMAL,OPTIMAL
SUPT7L,OPTIMAL,INFEASIBLE,OPTIMAL,OPTIMAL
SLC4A1AP,INFEASIBLE,OPTIMAL,OPTIMAL,INFEASIBLE
MRPL33,INFEASIBLE,OPTIMAL,OPTIMAL,INFEASIBLE
BABAM2,INFEASIBLE,INFEASIBLE,OPTIMAL,OPTIMAL
PPP1CB,INFEASIBLE,OPTIMAL,INFEASIBLE,INFEASIBLE
SPDYA,OPTIMAL,OPTIMAL,OPTIMAL,OPTIMAL
TRMT61B,INFEASIBLE,OPTIMAL,OPTIMAL,INFEASIBLE
WDR43,INFEASIBLE,OPTIMAL,OPTIMAL,OPTIMAL
CLIP4,INFEASIBLE,OPTIMAL,OPTIMAL,INFEASIBLE
YPEL5,INFEASIBLE,OPTIMAL,OPTIMAL,INFEASIBLE
LCLAT1,INFEASIBLE,OPTIMAL,OPTIMAL,OPTIMAL
GALNT14,OPTIMAL,INFEASIBLE,OPTIMAL,OPTIMAL
EHD3,OPTIMAL,INFEASIBLE,OPTIMAL,OPTIMAL
DPY30,INFEASIBLE,OPTIMAL,OPTIMAL,INFEASIBLE
SPAST,INFEASIBLE,OPTIMAL,OPTIMAL,INFEASIBLE
SLC30A6,INFEASIBLE,INFEASIBLE,OPTIMAL,INFEASIBLE
YIPF4,OPTIMAL,OPTIMAL,OPTIMAL,OPTIMAL
BIRC6,INFEASIBLE,OPTIMAL,OPTIMAL,INFEASIBLE
TTC27,INFEASIBLE,OPTIMAL,OPTIMAL,INFEASIBLE
LTBP1,OPTIMAL,OPTIMAL,OPTIMAL,OPTIMAL
FAM98A,INFEASIBLE,OPTIMAL,OPTIMAL,INFEASIBLE
CRIM1,INFEASIBLE,OPTIMAL,OPTIMAL,INFEASIBLE
FEZ2,INFEASIBLE,INFEASIBLE,OPTIMAL,OPTIMAL
STRN,INFEASIBLE,OPTIMAL,OPTIMAL,OPTIMAL
HEATR5B,INFEASIBLE,OPTIMAL,INFEASIBLE,OPTIMAL
GPATCH11,INFEASIBLE,INFEASIBLE,OPTIMAL,INFEASIBLE
EIF2AK2,INFEASIBLE,OPTIMAL,OPTIMAL,INFEASIBLE
CEBPZOS,INFEASIBLE,OPTIMAL,OPTIMAL,INFEASIBLE
CEBPZ,INFEASIBLE,OPTIMAL,OPTIMAL,INFEASIBLE
NDUFAF7,INFEASIBLE,OPTIMAL,OPTIMAL,OPTIMAL
PRKD3,INFEASIBLE,OPTIMAL,OPTIMAL,INFEASIBLE
QPCT,OPTIMAL,OPTIMAL,OPTIMAL,OPTIMAL
CDC42EP3,INFEASIBLE,OPTIMAL,OPTIMAL,OPTIMAL
RMDN2,INFEASIBLE,INFEASIBLE,OPTIMAL,OPTIMAL
ATL2,INFEASIBLE,OPTIMAL,OPTIMAL,INFEASIBLE
HNRNPLL,INFEASIBLE,OPTIMAL,OPTIMAL,INFEASIBLE
GALM,INFEASIBLE,OPTIMAL,OPTIMAL,OPTIMAL
SRSF7,INFEASIBLE,INFEASIBLE,OPTIMAL,INFEASIBLE
GEMIN6,INFEASIBLE,OPTIMAL,OPTIMAL,OPTIMAL
DHX57,INFEASIBLE,OPTIMAL,OPTIMAL,OPTIMAL
MORN2,INFEASIBLE,OPTIMAL,OPTIMAL,INFEASIBLE
SOS1,INFEASIBLE,OPTIMAL,OPTIMAL,INFEASIBLE
MAP4K3,INFEASIBLE,OPTIMAL,OPTIMAL,INFEASIBLE
THUMPD2,INFEASIBLE,INFEASIBLE,OPTIMAL,INFEASIBLE
SLC8A1,INFEASIBLE,OPTIMAL,OPTIMAL,INFEASIBLE
PKDCC,OPTIMAL,OPTIMAL,OPTIMAL,OPTIMAL
EML4,INFEASIBLE,INFEASIBLE,OPTIMAL,INFEASIBLE
COX7A2L,INFEASIBLE,INFEASIBLE,OPTIMAL,INFEASIBLE
KCNG3,INFEASIBLE,OPTIMAL,OPTIMAL,INFEASIBLE
MTA3,INFEASIBLE,INFEASIBLE,OPTIMAL,INFEASIBLE
ZFP36L2,INFEASIBLE,OPTIMAL,OPTIMAL,OPTIMAL
THADA,INFEASIBLE,OPTIMAL,OPTIMAL,OPTIMAL
PLEKHH2,INFEASIBLE,INFEASIBLE,OPTIMAL,INFEASIBLE
DYNC2LI1,INFEASIBLE,OPTIMAL,OPTIMAL,INFEASIBLE
LRPPRC,INFEASIBLE,INFEASIBLE,OPTIMAL,INFEASIBLE
PPM1B,INFEASIBLE,OPTIMAL,OPTIMAL,INFEASIBLE
PREPL,INFEASIBLE,OPTIMAL,OPTIMAL,INFEASIBLE
CAMKMT,INFEASIBLE,INFEASIBLE,OPTIMAL,INFEASIBLE
SIX2,OPTIMAL,OPTIMAL,OPTIMAL,OPTIMAL
SRBD1,INFEASIBLE,INFEASIBLE,OPTIMAL,INFEASIBLE
PRKCE,INFEASIBLE,INFEASIBLE,OPTIMAL,INFEASIBLE
EPAS1,OPTIMAL,OPTIMAL,OPTIMAL,OPTIMAL
ATP6V1E2,INFEASIBLE,OPTIMAL,OPTIMAL,OPTIMAL
RHOQ,INFEASIBLE,OPTIMAL,OPTIMAL,OPTIMAL
PIGF,INFEASIBLE,INFEASIBLE,OPTIMAL,INFEASIBLE
CRIPT,INFEASIBLE,OPTIMAL,OPTIMAL,INFEASIBLE
MCFD2,INFEASIBLE,OPTIMAL,OPTIMAL,INFEASIBLE
TTC7A,INFEASIBLE,OPTIMAL,OPTIMAL,OPTIMAL
CALM2,INFEASIBLE,INFEASIBLE,OPTIMAL,INFEASIBLE
MSH2,INFEASIBLE,OPTIMAL,INFEASIBLE,INFEASIBLE
MSH6,INFEASIBLE,OPTIMAL,OPTIMAL,INFEASIBLE
FBXO11,INFEASIBLE,INFEASIBLE,OPTIMAL,INFEASIBLE
FOXN2,INFEASIBLE,OPTIMAL,OPTIMAL,INFEASIBLE
PPP1R21,INFEASIBLE,OPTIMAL,OPTIMAL,INFEASIBLE
STON1,OPTIMAL,OPTIMAL,OPTIMAL,OPTIMAL
NRXN1,OPTIMAL,OPTIMAL,OPTIMAL,OPTIMAL
ASB3,INFEASIBLE,OPTIMAL,OPTIMAL,OPTIMAL
CHAC2,INFEASIBLE,INFEASIBLE,OPTIMAL,INFEASIBLE
ERLEC1,INFEASIBLE,OPTIMAL,OPTIMAL,INFEASIBLE
PSME4,INFEASIBLE,OPTIMAL,OPTIMAL,INFEASIBLE
ACYP2,INFEASIBLE,OPTIMAL,OPTIMAL,INFEASIBLE
SPTBN1,INFEASIBLE,OPTIMAL,OPTIMAL,INFEASIBLE
EML6,OPTIMAL,OPTIMAL,OPTIMAL,OPTIMAL
RTN4,INFEASIBLE,INFEASIBLE,OPTIMAL,INFEASIBLE
CLHC1,OPTIMAL,OPTIMAL,OPTIMAL,OPTIMAL
RPS27A,INFEASIBLE,INFEASIBLE,OPTIMAL,INFEASIBLE
MTIF2,INFEASIBLE,OPTIMAL,OPTIMAL,INFEASIBLE
CCDC88A,INFEASIBLE,OPTIMAL,OPTIMAL,INFEASIBLE
CFAP36,INFEASIBLE,OPTIMAL,OPTIMAL,INFEASIBLE
PPP4R3B,INFEASIBLE,OPTIMAL,OPTIMAL,INFEASIBLE
PNPT1,INFEASIBLE,INFEASIBLE,OPTIMAL,INFEASIBLE
VRK2,INFEASIBLE,OPTIMAL,OPTIMAL,OPTIMAL
FANCL,INFEASIBLE,OPTIMAL,INFEASIBLE,INFEASIBLE
BCL11A,INFEASIBLE,OPTIMAL,OPTIMAL,INFEASIBLE
PAPOLG,INFEASIBLE,OPTIMAL,OPTIMAL,OPTIMAL
REL,OPTIMAL,OPTIMAL,OPTIMAL,OPTIMAL
PUS10,OPTIMAL,OPTIMAL,OPTIMAL,OPTIMAL
PEX13,OPTIMAL,OPTIMAL,OPTIMAL,OPTIMAL
SANBR,INFEASIBLE,OPTIMAL,OPTIMAL,OPTIMAL
C2orf74,INFEASIBLE,OPTIMAL,OPTIMAL,INFEASIBLE
USP34,INFEASIBLE,OPTIMAL,OPTIMAL,INFEASIBLE
XPO1,INFEASIBLE,OPTIMAL,OPTIMAL,OPTIMAL
FAM161A,INFEASIBLE,OPTIMAL,OPTIMAL,OPTIMAL
CCT4,INFEASIBLE,INFEASIBLE,OPTIMAL,INFEASIBLE
COMMD1,INFEASIBLE,OPTIMAL,OPTIMAL,INFEASIBLE
B3GNT2,INFEASIBLE,OPTIMAL,OPTIMAL,INFEASIBLE
EHBP1,INFEASIBLE,INFEASIBLE,OPTIMAL,OPTIMAL
WDPCP,INFEASIBLE,OPTIMAL,OPTIMAL,INFEASIBLE
MDH1,INFEASIBLE,OPTIMAL,OPTIMAL,INFEASIBLE
UGP2,INFEASIBLE,OPTIMAL,OPTIMAL,INFEASIBLE
VPS54,INFEASIBLE,OPTIMAL,OPTIMAL,INFEASIBLE
PELI1,OPTIMAL,OPTIMAL,OPTIMAL,OPTIMAL
LGALSL,OPTIMAL,OPTIMAL,OPTIMAL,OPTIMAL
AFTPH,OPTIMAL,OPTIMAL,OPTIMAL,OPTIMAL
SERTAD2,INFEASIBLE,OPTIMAL,OPTIMAL,OPTIMAL
CEP68,INFEASIBLE,OPTIMAL,OPTIMAL,INFEASIBLE
RAB1A,INFEASIBLE,OPTIMAL,OPTIMAL,INFEASIBLE
ACTR2,INFEASIBLE,OPTIMAL,OPTIMAL,INFEASIBLE
SPRED2,INFEASIBLE,OPTIMAL,OPTIMAL,OPTIMAL
MEIS1,INFEASIBLE,INFEASIBLE,OPTIMAL,INFEASIBLE
ETAA1,OPTIMAL,OPTIMAL,OPTIMAL,OPTIMAL
C1D,INFEASIBLE,OPTIMAL,OPTIMAL,INFEASIBLE
DNAAF10,OPTIMAL,OPTIMAL,OPTIMAL,OPTIMAL
PNO1,INFEASIBLE,OPTIMAL,OPTIMAL,INFEASIBLE
PPP3R1,INFEASIBLE,OPTIMAL,OPTIMAL,INFEASIBLE
CNRIP1,OPTIMAL,INFEASIBLE,OPTIMAL,OPTIMAL
FBXO48,INFEASIBLE,INFEASIBLE,OPTIMAL,INFEASIBLE
APLF,INFEASIBLE,OPTIMAL,OPTIMAL,OPTIMAL
ANTXR1,INFEASIBLE,OPTIMAL,OPTIMAL,INFEASIBLE
GFPT1,INFEASIBLE,OPTIMAL,OPTIMAL,INFEASIBLE
NFU1,INFEASIBLE,OPTIMAL,OPTIMAL,OPTIMAL
AAK1,INFEASIBLE,OPTIMAL,OPTIMAL,OPTIMAL
ANXA4,OPTIMAL,OPTIMAL,OPTIMAL,OPTIMAL
GMCL1,INFEASIBLE,INFEASIBLE,OPTIMAL,INFEASIBLE
SNRNP27,INFEASIBLE,OPTIMAL,OPTIMAL,INFEASIBLE
MXD1,OPTIMAL,OPTIMAL,OPTIMAL,OPTIMAL
PCBP1,INFEASIBLE,OPTIMAL,OPTIMAL,INFEASIBLE
C2orf42,OPTIMAL,OPTIMAL,OPTIMAL,OPTIMAL
TIA1,INFEASIBLE,OPTIMAL,OPTIMAL,INFEASIBLE
PCYOX1,INFEASIBLE,OPTIMAL,OPTIMAL,OPTIMAL
SNRPG,INFEASIBLE,INFEASIBLE,INFEASIBLE,INFEASIBLE
FAM136A,INFEASIBLE,OPTIMAL,OPTIMAL,INFEASIBLE
ADD2,OPTIMAL,OPTIMAL,OPTIMAL,OPTIMAL
VAX2,OPTIMAL,OPTIMAL,OPTIMAL,OPTIMAL
TEX261,INFEASIBLE,OPTIMAL,OPTIMAL,INFEASIBLE
NAGK,OPTIMAL,OPTIMAL,OPTIMAL,OPTIMAL
MCEE,INFEASIBLE,INFEASIBLE,OPTIMAL,OPTIMAL
MPHOSPH10,INFEASIBLE,OPTIMAL,OPTIMAL,INFEASIBLE
PAIP2B,INFEASIBLE,OPTIMAL,OPTIMAL,OPTIMAL
ZNF638,INFEASIBLE,OPTIMAL,OPTIMAL,INFEASIBLE
EXOC6B,INFEASIBLE,OPTIMAL,OPTIMAL,INFEASIBLE
SPR,OPTIMAL,INFEASIBLE,OPTIMAL,OPTIMAL
SFXN5,INFEASIBLE,OPTIMAL,OPTIMAL,INFEASIBLE
RAB11FIP5,OPTIMAL,OPTIMAL,OPTIMAL,OPTIMAL
SMYD5,OPTIMAL,OPTIMAL,OPTIMAL,OPTIMAL
PRADC1,INFEASIBLE,INFEASIBLE,OPTIMAL,OPTIMAL
CCT7,INFEASIBLE,INFEASIBLE,OPTIMAL,OPTIMAL
ALMS1,INFEASIBLE,OPTIMAL,OPTIMAL,OPTIMAL
TPRKB,INFEASIBLE,INFEASIBLE,OPTIMAL,INFEASIBLE
DUSP11,INFEASIBLE,OPTIMAL,OPTIMAL,OPTIMAL
STAMBP,INFEASIBLE,OPTIMAL,OPTIMAL,INFEASIBLE
DGUOK,INFEASIBLE,OPTIMAL,OPTIMAL,INFEASIBLE
TET3,INFEASIBLE,INFEASIBLE,OPTIMAL,INFEASIBLE
BOLA3,INFEASIBLE,INFEASIBLE,INFEASIBLE,INFEASIBLE
MOB1A,INFEASIBLE,OPTIMAL,OPTIMAL,OPTIMAL
MTHFD2,INFEASIBLE,OPTIMAL,OPTIMAL,OPTIMAL
DCTN1,INFEASIBLE,OPTIMAL,OPTIMAL,OPTIMAL
WDR54,INFEASIBLE,OPTIMAL,OPTIMAL,INFEASIBLE
RTKN,OPTIMAL,OPTIMAL,OPTIMAL,OPTIMAL
INO80B,OPTIMAL,INFEASIBLE,OPTIMAL,OPTIMAL
WBP1,OPTIMAL,OPTIMAL,OPTIMAL,OPTIMAL
MOGS,OPTIMAL,OPTIMAL,OPTIMAL,OPTIMAL
MRPL53,INFEASIBLE,OPTIMAL,OPTIMAL,OPTIMAL
CCDC142,OPTIMAL,OPTIMAL,OPTIMAL,OPTIMAL
TTC31,OPTIMAL,OPTIMAL,OPTIMAL,OPTIMAL
PCGF1,OPTIMAL,OPTIMAL,INFEASIBLE,OPTIMAL
AUP1,INFEASIBLE,INFEASIBLE,OPTIMAL,INFEASIBLE
HTRA2,OPTIMAL,OPTIMAL,OPTIMAL,OPTIMAL
DOK1,OPTIMAL,OPTIMAL,OPTIMAL,OPTIMAL
HK2,INFEASIBLE,OPTIMAL,OPTIMAL,OPTIMAL
POLE4,INFEASIBLE,OPTIMAL,OPTIMAL,INFEASIBLE
MRPL19,INFEASIBLE,INFEASIBLE,OPTIMAL,INFEASIBLE
GCFC2,INFEASIBLE,INFEASIBLE,OPTIMAL,INFEASIBLE
LRRTM4,INFEASIBLE,OPTIMAL,OPTIMAL,OPTIMAL
SUCLG1,INFEASIBLE,OPTIMAL,OPTIMAL,INFEASIBLE
DNAH6,OPTIMAL,OPTIMAL,OPTIMAL,OPTIMAL
TMSB10,INFEASIBLE,OPTIMAL,INFEASIBLE,INFEASIBLE
KCMF1,INFEASIBLE,OPTIMAL,OPTIMAL,OPTIMAL
TCF7L1,INFEASIBLE,OPTIMAL,OPTIMAL,INFEASIBLE
TGOLN2,OPTIMAL,INFEASIBLE,OPTIMAL,OPTIMAL
RETSAT,OPTIMAL,OPTIMAL,OPTIMAL,OPTIMAL
ELMOD3,INFEASIBLE,OPTIMAL,OPTIMAL,INFEASIBLE
CAPG,OPTIMAL,INFEASIBLE,OPTIMAL,OPTIMAL
MAT2A,INFEASIBLE,OPTIMAL,OPTIMAL,OPTIMAL
GGCX,INFEASIBLE,OPTIMAL,OPTIMAL,OPTIMAL
VAMP8,INFEASIBLE,OPTIMAL,OPTIMAL,INFEASIBLE
RNF181,INFEASIBLE,INFEASIBLE,INFEASIBLE,INFEASIBLE
USP39,INFEASIBLE,OPTIMAL,OPTIMAL,INFEASIBLE
C2orf68,INFEASIBLE,OPTIMAL,OPTIMAL,OPTIMAL
ST3GAL5,OPTIMAL,OPTIMAL,OPTIMAL,OPTIMAL
POLR1A,INFEASIBLE,INFEASIBLE,OPTIMAL,INFEASIBLE
PTCD3,INFEASIBLE,OPTIMAL,OPTIMAL,INFEASIBLE
IMMT,INFEASIBLE,INFEASIBLE,OPTIMAL,INFEASIBLE
MRPL35,INFEASIBLE,OPTIMAL,OPTIMAL,INFEASIBLE
REEP1,OPTIMAL,OPTIMAL,OPTIMAL,OPTIMAL
KDM3A,OPTIMAL,INFEASIBLE,OPTIMAL,OPTIMAL
CHMP3,INFEASIBLE,OPTIMAL,OPTIMAL,INFEASIBLE
RNF103,OPTIMAL,OPTIMAL,OPTIMAL,OPTIMAL
RMND5A,INFEASIBLE,OPTIMAL,OPTIMAL,OPTIMAL
KRCC1,INFEASIBLE,OPTIMAL,OPTIMAL,INFEASIBLE
EIF2AK3,OPTIMAL,OPTIMAL,OPTIMAL,OPTIMAL
RPIA,OPTIMAL,OPTIMAL,OPTIMAL,OPTIMAL
MRPS5,INFEASIBLE,OPTIMAL,OPTIMAL,OPTIMAL
ZNF514,OPTIMAL,OPTIMAL,OPTIMAL,OPTIMAL
ZNF2,INFEASIBLE,OPTIMAL,OPTIMAL,INFEASIBLE
FAHD2A,INFEASIBLE,OPTIMAL,OPTIMAL,INFEASIBLE
ANKRD36C,INFEASIBLE,INFEASIBLE,OPTIMAL,OPTIMAL
DUSP2,INFEASIBLE,OPTIMAL,OPTIMAL,OPTIMAL
STARD7,INFEASIBLE,OPTIMAL,OPTIMAL,INFEASIBLE
TMEM127,OPTIMAL,OPTIMAL,OPTIMAL,OPTIMAL
CIAO1,INFEASIBLE,OPTIMAL,OPTIMAL,INFEASIBLE
SNRNP200,INFEASIBLE,OPTIMAL,OPTIMAL,INFEASIBLE
ITPRIPL1,OPTIMAL,OPTIMAL,OPTIMAL,OPTIMAL
NCAPH,INFEASIBLE,OPTIMAL,OPTIMAL,INFEASIBLE
KANSL3,INFEASIBLE,OPTIMAL,OPTIMAL,INFEASIBLE
LMAN2L,INFEASIBLE,OPTIMAL,OPTIMAL,INFEASIBLE
CNNM4,OPTIMAL,OPTIMAL,OPTIMAL,OPTIMAL
CNNM3,INFEASIBLE,OPTIMAL,OPTIMAL,OPTIMAL
ANKRD39,INFEASIBLE,OPTIMAL,OPTIMAL,OPTIMAL
FAHD2B,INFEASIBLE,INFEASIBLE,OPTIMAL,OPTIMAL
ANKRD36,INFEASIBLE,OPTIMAL,OPTIMAL,INFEASIBLE
ANKRD36B,OPTIMAL,OPTIMAL,OPTIMAL,OPTIMAL
COX5B,INFEASIBLE,INFEASIBLE,INFEASIBLE,INFEASIBLE
ACTR1B,OPTIMAL,OPTIMAL,OPTIMAL,OPTIMAL
C2orf92,OPTIMAL,OPTIMAL,OPTIMAL,OPTIMAL
TMEM131,INFEASIBLE,OPTIMAL,OPTIMAL,INFEASIBLE
INPP4A,INFEASIBLE,OPTIMAL,OPTIMAL,OPTIMAL
COA5,INFEASIBLE,INFEASIBLE,OPTIMAL,OPTIMAL
UNC50,OPTIMAL,OPTIMAL,OPTIMAL,OPTIMAL
MGAT4A,OPTIMAL,OPTIMAL,OPTIMAL,OPTIMAL
TSGA10,INFEASIBLE,OPTIMAL,INFEASIBLE,OPTIMAL
LIPT1,OPTIMAL,OPTIMAL,OPTIMAL,OPTIMAL
MITD1,INFEASIBLE,OPTIMAL,OPTIMAL,OPTIMAL
MRPL30,INFEASIBLE,OPTIMAL,OPTIMAL,INFEASIBLE
TXNDC9,INFEASIBLE,INFEASIBLE,OPTIMAL,OPTIMAL
EIF5B,INFEASIBLE,OPTIMAL,OPTIMAL,INFEASIBLE
REV1,INFEASIBLE,OPTIMAL,OPTIMAL,INFEASIBLE
AFF3,INFEASIBLE,OPTIMAL,OPTIMAL,OPTIMAL
LONRF2,OPTIMAL,OPTIMAL,OPTIMAL,OPTIMAL
CHST10,OPTIMAL,OPTIMAL,OPTIMAL,OPTIMAL
PDCL3,INFEASIBLE,OPTIMAL,OPTIMAL,INFEASIBLE
NPAS2,INFEASIBLE,OPTIMAL,OPTIMAL,OPTIMAL
RPL31,INFEASIBLE,INFEASIBLE,INFEASIBLE,INFEASIBLE
TBC1D8,OPTIMAL,INFEASIBLE,OPTIMAL,OPTIMAL
CNOT11,OPTIMAL,OPTIMAL,OPTIMAL,OPTIMAL
RNF149,INFEASIBLE,INFEASIBLE,OPTIMAL,INFEASIBLE
MAP4K4,OPTIMAL,OPTIMAL,OPTIMAL,OPTIMAL
MFSD9,OPTIMAL,OPTIMAL,OPTIMAL,OPTIMAL
TMEM182,INFEASIBLE,OPTIMAL,OPTIMAL,INFEASIBLE
POU3F3,OPTIMAL,OPTIMAL,OPTIMAL,OPTIMAL
MRPS9,INFEASIBLE,OPTIMAL,OPTIMAL,INFEASIBLE
TGFBRAP1,OPTIMAL,OPTIMAL,OPTIMAL,OPTIMAL
C2orf49,INFEASIBLE,OPTIMAL,OPTIMAL,INFEASIBLE
FHL2,OPTIMAL,OPTIMAL,OPTIMAL,OPTIMAL
NCK2,INFEASIBLE,OPTIMAL,OPTIMAL,INFEASIBLE
UXS1,INFEASIBLE,OPTIMAL,OPTIMAL,INFEASIBLE
GCC2,INFEASIBLE,OPTIMAL,OPTIMAL,OPTIMAL
LIMS1,INFEASIBLE,OPTIMAL,OPTIMAL,OPTIMAL
RANBP2,INFEASIBLE,OPTIMAL,OPTIMAL,OPTIMAL
CCDC138,INFEASIBLE,INFEASIBLE,OPTIMAL,OPTIMAL
SH3RF3,OPTIMAL,INFEASIBLE,OPTIMAL,OPTIMAL
SEPTIN10,INFEASIBLE,OPTIMAL,OPTIMAL,INFEASIBLE
SOWAHC,OPTIMAL,OPTIMAL,OPTIMAL,OPTIMAL
NPHP1,INFEASIBLE,OPTIMAL,OPTIMAL,INFEASIBLE
MTLN,INFEASIBLE,INFEASIBLE,OPTIMAL,INFEASIBLE
BUB1,INFEASIBLE,OPTIMAL,OPTIMAL,INFEASIBLE
BCL2L11,INFEASIBLE,INFEASIBLE,INFEASIBLE,OPTIMAL
ANAPC1,INFEASIBLE,OPTIMAL,OPTIMAL,INFEASIBLE
MERTK,INFEASIBLE,OPTIMAL,OPTIMAL,INFEASIBLE
TMEM87B,OPTIMAL,OPTIMAL,OPTIMAL,OPTIMAL
ZC3H8,INFEASIBLE,INFEASIBLE,OPTIMAL,INFEASIBLE
ZC3H6,OPTIMAL,OPTIMAL,OPTIMAL,OPTIMAL
RGPD8,OPTIMAL,OPTIMAL,OPTIMAL,OPTIMAL
TTL,OPTIMAL,OPTIMAL,OPTIMAL,OPTIMAL
POLR1B,OPTIMAL,OPTIMAL,OPTIMAL,OPTIMAL
CHCHD5,INFEASIBLE,OPTIMAL,INFEASIBLE,INFEASIBLE
SLC20A1,INFEASIBLE,INFEASIBLE,OPTIMAL,OPTIMAL
CKAP2L,OPTIMAL,INFEASIBLE,OPTIMAL,INFEASIBLE
ZNG1B,INFEASIBLE,OPTIMAL,OPTIMAL,INFEASIBLE
RABL2A,OPTIMAL,INFEASIBLE,OPTIMAL,OPTIMAL
SLC35F5,INFEASIBLE,OPTIMAL,OPTIMAL,OPTIMAL
ACTR3,INFEASIBLE,OPTIMAL,OPTIMAL,OPTIMAL
DDX18,INFEASIBLE,INFEASIBLE,OPTIMAL,INFEASIBLE
CCDC93,OPTIMAL,OPTIMAL,OPTIMAL,OPTIMAL
INSIG2,OPTIMAL,OPTIMAL,OPTIMAL,OPTIMAL
STEAP3,OPTIMAL,OPTIMAL,OPTIMAL,OPTIMAL
C2orf76,INFEASIBLE,INFEASIBLE,OPTIMAL,INFEASIBLE
DBI,INFEASIBLE,INFEASIBLE,INFEASIBLE,INFEASIBLE
TMEM177,OPTIMAL,OPTIMAL,OPTIMAL,OPTIMAL
PTPN4,INFEASIBLE,OPTIMAL,OPTIMAL,INFEASIBLE
EPB41L5,INFEASIBLE,INFEASIBLE,OPTIMAL,INFEASIBLE
TMEM185B,OPTIMAL,OPTIMAL,OPTIMAL,OPTIMAL
RALB,OPTIMAL,INFEASIBLE,OPTIMAL,OPTIMAL
GLI2,INFEASIBLE,OPTIMAL,OPTIMAL,INFEASIBLE
CLASP1,OPTIMAL,OPTIMAL,OPTIMAL,INFEASIBLE
NIFK,INFEASIBLE,INFEASIBLE,OPTIMAL,INFEASIBLE
TSN,INFEASIBLE,INFEASIBLE,OPTIMAL,INFEASIBLE
GYPC,INFEASIBLE,OPTIMAL,OPTIMAL,INFEASIBLE
BIN1,INFEASIBLE,OPTIMAL,OPTIMAL,OPTIMAL
ERCC3,INFEASIBLE,OPTIMAL,OPTIMAL,OPTIMAL
MAP3K2,INFEASIBLE,OPTIMAL,OPTIMAL,INFEASIBLE
IWS1,INFEASIBLE,INFEASIBLE,INFEASIBLE,INFEASIBLE
WDR33,INFEASIBLE,OPTIMAL,OPTIMAL,INFEASIBLE
SFT2D3,OPTIMAL,OPTIMAL,OPTIMAL,OPTIMAL
POLR2D,INFEASIBLE,OPTIMAL,OPTIMAL,INFEASIBLE
AMMECR1L,OPTIMAL,OPTIMAL,OPTIMAL,OPTIMAL
SAP130,OPTIMAL,OPTIMAL,OPTIMAL,OPTIMAL
UGGT1,OPTIMAL,OPTIMAL,OPTIMAL,OPTIMAL
HS6ST1,OPTIMAL,OPTIMAL,OPTIMAL,OPTIMAL
SMPD4,INFEASIBLE,OPTIMAL,OPTIMAL,OPTIMAL
MZT2B,INFEASIBLE,INFEASIBLE,INFEASIBLE,INFEASIBLE
CCDC115,INFEASIBLE,OPTIMAL,OPTIMAL,OPTIMAL
IMP4,INFEASIBLE,OPTIMAL,OPTIMAL,INFEASIBLE
PTPN18,OPTIMAL,OPTIMAL,OPTIMAL,OPTIMAL
ARHGEF4,OPTIMAL,OPTIMAL,OPTIMAL,OPTIMAL
FAM168B,INFEASIBLE,OPTIMAL,OPTIMAL,INFEASIBLE
PLEKHB2,OPTIMAL,OPTIMAL,OPTIMAL,OPTIMAL
MZT2A,INFEASIBLE,INFEASIBLE,OPTIMAL,INFEASIBLE
CCDC74A,OPTIMAL,OPTIMAL,OPTIMAL,INFEASIBLE
LYPD1,OPTIMAL,OPTIMAL,OPTIMAL,OPTIMAL
NCKAP5,OPTIMAL,OPTIMAL,INFEASIBLE,INFEASIBLE
MGAT5,INFEASIBLE,INFEASIBLE,OPTIMAL,INFEASIBLE
TMEM163,INFEASIBLE,OPTIMAL,OPTIMAL,INFEASIBLE
CCNT2,INFEASIBLE,OPTIMAL,OPTIMAL,OPTIMAL
RAB3GAP1,INFEASIBLE,INFEASIBLE,OPTIMAL,INFEASIBLE
ZRANB3,INFEASIBLE,OPTIMAL,OPTIMAL,INFEASIBLE
R3HDM1,INFEASIBLE,INFEASIBLE,OPTIMAL,INFEASIBLE
UBXN4,INFEASIBLE,OPTIMAL,OPTIMAL,INFEASIBLE
MCM6,INFEASIBLE,OPTIMAL,OPTIMAL,INFEASIBLE
DARS1,INFEASIBLE,OPTIMAL,OPTIMAL,INFEASIBLE
SPOPL,OPTIMAL,OPTIMAL,OPTIMAL,OPTIMAL
LRP1B,OPTIMAL,OPTIMAL,OPTIMAL,OPTIMAL
ARHGAP15,OPTIMAL,OPTIMAL,OPTIMAL,OPTIMAL
GTDC1,INFEASIBLE,OPTIMAL,OPTIMAL,INFEASIBLE
ZEB2,INFEASIBLE,INFEASIBLE,OPTIMAL,INFEASIBLE
ACVR2A,INFEASIBLE,INFEASIBLE,OPTIMAL,INFEASIBLE
ORC4,OPTIMAL,OPTIMAL,OPTIMAL,OPTIMAL
MBD5,INFEASIBLE,OPTIMAL,OPTIMAL,INFEASIBLE
EPC2,INFEASIBLE,OPTIMAL,OPTIMAL,OPTIMAL
KIF5C,INFEASIBLE,OPTIMAL,OPTIMAL,OPTIMAL
LYPD6B,OPTIMAL,OPTIMAL,OPTIMAL,OPTIMAL
LYPD6,OPTIMAL,OPTIMAL,OPTIMAL,OPTIMAL
MMADHC,INFEASIBLE,OPTIMAL,OPTIMAL,OPTIMAL
RND3,INFEASIBLE,OPTIMAL,OPTIMAL,OPTIMAL
RIF1,OPTIMAL,OPTIMAL,OPTIMAL,OPTIMAL
NEB,INFEASIBLE,OPTIMAL,OPTIMAL,OPTIMAL
ARL5A,INFEASIBLE,INFEASIBLE,OPTIMAL,INFEASIBLE
CACNB4,INFEASIBLE,OPTIMAL,OPTIMAL,INFEASIBLE
STAM2,INFEASIBLE,OPTIMAL,OPTIMAL,INFEASIBLE
FMNL2,INFEASIBLE,INFEASIBLE,OPTIMAL,INFEASIBLE
PRPF40A,INFEASIBLE,OPTIMAL,OPTIMAL,INFEASIBLE
ARL6IP6,INFEASIBLE,OPTIMAL,OPTIMAL,INFEASIBLE
GALNT13,INFEASIBLE,OPTIMAL,OPTIMAL,OPTIMAL
KCNJ3,OPTIMAL,OPTIMAL,OPTIMAL,OPTIMAL
GPD2,OPTIMAL,OPTIMAL,OPTIMAL,OPTIMAL
ACVR1,OPTIMAL,OPTIMAL,OPTIMAL,OPTIMAL
PKP4,INFEASIBLE,INFEASIBLE,OPTIMAL,INFEASIBLE
DAPL1,INFEASIBLE,OPTIMAL,OPTIMAL,INFEASIBLE
TANC1,OPTIMAL,OPTIMAL,OPTIMAL,INFEASIBLE
WDSUB1,OPTIMAL,OPTIMAL,OPTIMAL,OPTIMAL
BAZ2B,INFEASIBLE,OPTIMAL,OPTIMAL,INFEASIBLE
MARCHF7,INFEASIBLE,OPTIMAL,OPTIMAL,INFEASIBLE
CD302,INFEASIBLE,OPTIMAL,OPTIMAL,INFEASIBLE
RBMS1,INFEASIBLE,OPTIMAL,OPTIMAL,INFEASIBLE
TANK,INFEASIBLE,INFEASIBLE,OPTIMAL,INFEASIBLE
PSMD14,INFEASIBLE,INFEASIBLE,OPTIMAL,INFEASIBLE
GCA,OPTIMAL,OPTIMAL,OPTIMAL,OPTIMAL
FIGN,INFEASIBLE,OPTIMAL,OPTIMAL,INFEASIBLE
GRB14,OPTIMAL,OPTIMAL,OPTIMAL,OPTIMAL
COBLL1,INFEASIBLE,INFEASIBLE,OPTIMAL,INFEASIBLE
CSRNP3,OPTIMAL,OPTIMAL,OPTIMAL,OPTIMAL
TTC21B,INFEASIBLE,OPTIMAL,OPTIMAL,INFEASIBLE
STK39,INFEASIBLE,OPTIMAL,INFEASIBLE,OPTIMAL
CERS6,INFEASIBLE,OPTIMAL,OPTIMAL,OPTIMAL
SPC25,INFEASIBLE,OPTIMAL,OPTIMAL,INFEASIBLE
LRP2,INFEASIBLE,OPTIMAL,OPTIMAL,OPTIMAL
BBS5,OPTIMAL,OPTIMAL,OPTIMAL,OPTIMAL
FASTKD1,INFEASIBLE,OPTIMAL,OPTIMAL,INFEASIBLE
PPIG,INFEASIBLE,INFEASIBLE,OPTIMAL,INFEASIBLE
CFAP210,INFEASIBLE,INFEASIBLE,OPTIMAL,OPTIMAL
PHOSPHO2,OPTIMAL,OPTIMAL,OPTIMAL,OPTIMAL
KLHL23,INFEASIBLE,OPTIMAL,OPTIMAL,INFEASIBLE
SSB,INFEASIBLE,INFEASIBLE,INFEASIBLE,INFEASIBLE
METTL5,INFEASIBLE,INFEASIBLE,OPTIMAL,INFEASIBLE
UBR3,INFEASIBLE,OPTIMAL,OPTIMAL,OPTIMAL
ERICH2,INFEASIBLE,OPTIMAL,OPTIMAL,OPTIMAL
GAD1,INFEASIBLE,OPTIMAL,OPTIMAL,OPTIMAL
GORASP2,INFEASIBLE,OPTIMAL,OPTIMAL,OPTIMAL
TLK1,INFEASIBLE,OPTIMAL,OPTIMAL,INFEASIBLE
METTL8,OPTIMAL,INFEASIBLE,OPTIMAL,OPTIMAL
DCAF17,OPTIMAL,OPTIMAL,OPTIMAL,OPTIMAL
CYBRD1,OPTIMAL,OPTIMAL,OPTIMAL,OPTIMAL
DYNC1I2,INFEASIBLE,OPTIMAL,INFEASIBLE,INFEASIBLE
SLC25A12,INFEASIBLE,INFEASIBLE,OPTIMAL,INFEASIBLE
HAT1,INFEASIBLE,OPTIMAL,OPTIMAL,OPTIMAL
METAP1D,OPTIMAL,OPTIMAL,OPTIMAL,OPTIMAL
DLX1,OPTIMAL,OPTIMAL,OPTIMAL,OPTIMAL
DLX2,INFEASIBLE,OPTIMAL,OPTIMAL,OPTIMAL
ITGA6,OPTIMAL,OPTIMAL,OPTIMAL,OPTIMAL
PDK1,INFEASIBLE,OPTIMAL,OPTIMAL,OPTIMAL
RAPGEF4,OPTIMAL,OPTIMAL,OPTIMAL,OPTIMAL
MAP3K20,INFEASIBLE,INFEASIBLE,OPTIMAL,OPTIMAL
CDCA7,OPTIMAL,OPTIMAL,OPTIMAL,OPTIMAL
SP3,INFEASIBLE,OPTIMAL,OPTIMAL,INFEASIBLE
OLA1,INFEASIBLE,OPTIMAL,OPTIMAL,INFEASIBLE
SP9,OPTIMAL,OPTIMAL,OPTIMAL,OPTIMAL
CIR1,INFEASIBLE,OPTIMAL,OPTIMAL,INFEASIBLE
SCRN3,INFEASIBLE,OPTIMAL,OPTIMAL,OPTIMAL
GPR155,INFEASIBLE,INFEASIBLE,OPTIMAL,OPTIMAL
WIPF1,OPTIMAL,OPTIMAL,OPTIMAL,OPTIMAL
CHN1,INFEASIBLE,OPTIMAL,OPTIMAL,INFEASIBLE
ATF2,INFEASIBLE,OPTIMAL,OPTIMAL,INFEASIBLE
ATP5MC3,INFEASIBLE,INFEASIBLE,INFEASIBLE,INFEASIBLE
LNPK,INFEASIBLE,OPTIMAL,OPTIMAL,INFEASIBLE
HOXD13,OPTIMAL,OPTIMAL,OPTIMAL,OPTIMAL
HOXD11,INFEASIBLE,OPTIMAL,OPTIMAL,INFEASIBLE
HOXD10,OPTIMAL,INFEASIBLE,OPTIMAL,OPTIMAL
HOXD9,INFEASIBLE,OPTIMAL,OPTIMAL,INFEASIBLE
HOXD8,OPTIMAL,OPTIMAL,OPTIMAL,OPTIMAL
HOXD3,INFEASIBLE,OPTIMAL,OPTIMAL,INFEASIBLE
MTX2,INFEASIBLE,OPTIMAL,OPTIMAL,INFEASIBLE
HNRNPA3,INFEASIBLE,OPTIMAL,OPTIMAL,INFEASIBLE
NFE2L2,INFEASIBLE,OPTIMAL,OPTIMAL,INFEASIBLE
AGPS,INFEASIBLE,OPTIMAL,OPTIMAL,OPTIMAL
PDE11A,OPTIMAL,OPTIMAL,OPTIMAL,OPTIMAL
RBM45,INFEASIBLE,OPTIMAL,OPTIMAL,OPTIMAL
OSBPL6,INFEASIBLE,OPTIMAL,OPTIMAL,INFEASIBLE
PRKRA,INFEASIBLE,OPTIMAL,OPTIMAL,INFEASIBLE
PJVK,OPTIMAL,INFEASIBLE,OPTIMAL,OPTIMAL
FKBP7,OPTIMAL,OPTIMAL,OPTIMAL,OPTIMAL
PLEKHA3,INFEASIBLE,INFEASIBLE,OPTIMAL,INFEASIBLE
TTN,OPTIMAL,OPTIMAL,OPTIMAL,OPTIMAL
SESTD1,INFEASIBLE,OPTIMAL,OPTIMAL,INFEASIBLE
ZNF385B,INFEASIBLE,OPTIMAL,OPTIMAL,OPTIMAL
CWC22,INFEASIBLE,OPTIMAL,OPTIMAL,INFEASIBLE
UBE2E3,INFEASIBLE,OPTIMAL,OPTIMAL,INFEASIBLE
ITGA4,OPTIMAL,OPTIMAL,OPTIMAL,OPTIMAL
NEUROD1,OPTIMAL,OPTIMAL,OPTIMAL,OPTIMAL
ITPRID2,OPTIMAL,OPTIMAL,OPTIMAL,OPTIMAL
DNAJC10,INFEASIBLE,INFEASIBLE,OPTIMAL,INFEASIBLE
NCKAP1,INFEASIBLE,OPTIMAL,OPTIMAL,INFEASIBLE
DUSP19,OPTIMAL,OPTIMAL,OPTIMAL,OPTIMAL
NUP35,INFEASIBLE,OPTIMAL,OPTIMAL,INFEASIBLE
ZNF804A,INFEASIBLE,OPTIMAL,OPTIMAL,INFEASIBLE
ZC3H15,INFEASIBLE,INFEASIBLE,OPTIMAL,INFEASIBLE
ITGAV,INFEASIBLE,OPTIMAL,OPTIMAL,INFEASIBLE
FAM171B,INFEASIBLE,OPTIMAL,OPTIMAL,INFEASIBLE
TFPI,INFEASIBLE,INFEASIBLE,OPTIMAL,INFEASIBLE
GULP1,INFEASIBLE,OPTIMAL,OPTIMAL,INFEASIBLE
WDR75,OPTIMAL,OPTIMAL,OPTIMAL,OPTIMAL
ASNSD1,OPTIMAL,OPTIMAL,OPTIMAL,OPTIMAL
ANKAR,OPTIMAL,OPTIMAL,OPTIMAL,OPTIMAL
OSGEPL1,OPTIMAL,OPTIMAL,OPTIMAL,OPTIMAL
ORMDL1,INFEASIBLE,INFEASIBLE,OPTIMAL,INFEASIBLE
PMS1,INFEASIBLE,OPTIMAL,OPTIMAL,INFEASIBLE
C2orf88,OPTIMAL,OPTIMAL,OPTIMAL,OPTIMAL
HIBCH,INFEASIBLE,INFEASIBLE,OPTIMAL,OPTIMAL
INPP1,OPTIMAL,OPTIMAL,OPTIMAL,OPTIMAL
NAB1,INFEASIBLE,OPTIMAL,OPTIMAL,INFEASIBLE
GLS,INFEASIBLE,INFEASIBLE,OPTIMAL,OPTIMAL
STAT1,INFEASIBLE,OPTIMAL,OPTIMAL,INFEASIBLE
MYO1B,INFEASIBLE,OPTIMAL,OPTIMAL,INFEASIBLE
NABP1,OPTIMAL,OPTIMAL,OPTIMAL,OPTIMAL
SLC39A10,INFEASIBLE,INFEASIBLE,OPTIMAL,OPTIMAL
STK17B,INFEASIBLE,OPTIMAL,OPTIMAL,INFEASIBLE
HECW2,OPTIMAL,OPTIMAL,OPTIMAL,OPTIMAL
CCDC150,INFEASIBLE,INFEASIBLE,OPTIMAL,INFEASIBLE
GTF3C3,INFEASIBLE,OPTIMAL,OPTIMAL,INFEASIBLE
PGAP1,INFEASIBLE,OPTIMAL,OPTIMAL,INFEASIBLE
ANKRD44,OPTIMAL,OPTIMAL,OPTIMAL,OPTIMAL
SF3B1,INFEASIBLE,INFEASIBLE,OPTIMAL,OPTIMAL
COQ10B,INFEASIBLE,INFEASIBLE,OPTIMAL,OPTIMAL
HSPD1,INFEASIBLE,INFEASIBLE,OPTIMAL,INFEASIBLE
HSPE1,INFEASIBLE,OPTIMAL,OPTIMAL,INFEASIBLE
MOB4,INFEASIBLE,INFEASIBLE,OPTIMAL,INFEASIBLE
MARS2,OPTIMAL,OPTIMAL,OPTIMAL,OPTIMAL
PLCL1,OPTIMAL,OPTIMAL,OPTIMAL,OPTIMAL
SATB2,INFEASIBLE,INFEASIBLE,OPTIMAL,INFEASIBLE
FTCDNL1,OPTIMAL,OPTIMAL,OPTIMAL,OPTIMAL
C2orf69,INFEASIBLE,OPTIMAL,OPTIMAL,INFEASIBLE
TYW5,OPTIMAL,OPTIMAL,OPTIMAL,OPTIMAL
MAIP1,INFEASIBLE,OPTIMAL,OPTIMAL,OPTIMAL
SPATS2L,INFEASIBLE,OPTIMAL,OPTIMAL,INFEASIBLE
SGO2,INFEASIBLE,OPTIMAL,OPTIMAL,INFEASIBLE
BZW1,INFEASIBLE,OPTIMAL,OPTIMAL,INFEASIBLE
CLK1,OPTIMAL,INFEASIBLE,OPTIMAL,OPTIMAL
PPIL3,INFEASIBLE,OPTIMAL,OPTIMAL,OPTIMAL
NIF3L1,OPTIMAL,INFEASIBLE,OPTIMAL,OPTIMAL
ORC2,INFEASIBLE,OPTIMAL,OPTIMAL,INFEASIBLE
HYCC2,INFEASIBLE,OPTIMAL,OPTIMAL,OPTIMAL
NDUFB3,INFEASIBLE,INFEASIBLE,INFEASIBLE,INFEASIBLE
CFLAR,INFEASIBLE,OPTIMAL,OPTIMAL,INFEASIBLE
CASP10,OPTIMAL,OPTIMAL,OPTIMAL,OPTIMAL
CASP8,INFEASIBLE,INFEASIBLE,OPTIMAL,OPTIMAL
TRAK2,INFEASIBLE,OPTIMAL,OPTIMAL,INFEASIBLE
STRADB,INFEASIBLE,OPTIMAL,OPTIMAL,OPTIMAL
TMEM237,INFEASIBLE,OPTIMAL,OPTIMAL,OPTIMAL
ALS2,INFEASIBLE,OPTIMAL,OPTIMAL,INFEASIBLE
SUMO1,INFEASIBLE,OPTIMAL,OPTIMAL,INFEASIBLE
NOP58,INFEASIBLE,INFEASIBLE,OPTIMAL,INFEASIBLE
BMPR2,INFEASIBLE,OPTIMAL,OPTIMAL,INFEASIBLE
FAM117B,INFEASIBLE,OPTIMAL,OPTIMAL,INFEASIBLE
ICA1L,INFEASIBLE,OPTIMAL,OPTIMAL,OPTIMAL
WDR12,INFEASIBLE,OPTIMAL,OPTIMAL,OPTIMAL
NBEAL1,INFEASIBLE,OPTIMAL,OPTIMAL,INFEASIBLE
CYP20A1,INFEASIBLE,OPTIMAL,OPTIMAL,OPTIMAL
ABI2,INFEASIBLE,OPTIMAL,OPTIMAL,INFEASIBLE
RAPH1,INFEASIBLE,OPTIMAL,OPTIMAL,INFEASIBLE
PARD3B,OPTIMAL,OPTIMAL,OPTIMAL,OPTIMAL
NRP2,OPTIMAL,OPTIMAL,OPTIMAL,OPTIMAL
INO80D,OPTIMAL,OPTIMAL,OPTIMAL,OPTIMAL
NDUFS1,INFEASIBLE,OPTIMAL,OPTIMAL,INFEASIBLE
EEF1B2,INFEASIBLE,INFEASIBLE,OPTIMAL,INFEASIBLE
ZDBF2,OPTIMAL,OPTIMAL,OPTIMAL,OPTIMAL
ADAM23,INFEASIBLE,INFEASIBLE,OPTIMAL,OPTIMAL
FASTKD2,OPTIMAL,OPTIMAL,OPTIMAL,OPTIMAL
KLF7,OPTIMAL,OPTIMAL,OPTIMAL,OPTIMAL
CREB1,INFEASIBLE,OPTIMAL,OPTIMAL,INFEASIBLE
METTL21A,INFEASIBLE,OPTIMAL,OPTIMAL,OPTIMAL
CCNYL1,INFEASIBLE,OPTIMAL,OPTIMAL,INFEASIBLE
PLEKHM3,OPTIMAL,OPTIMAL,OPTIMAL,INFEASIBLE
CRYGD,INFEASIBLE,OPTIMAL,OPTIMAL,OPTIMAL
IDH1,INFEASIBLE,OPTIMAL,OPTIMAL,INFEASIBLE
PIKFYVE,INFEASIBLE,OPTIMAL,OPTIMAL,INFEASIBLE
MAP2,OPTIMAL,OPTIMAL,OPTIMAL,OPTIMAL
RPE,INFEASIBLE,OPTIMAL,OPTIMAL,OPTIMAL
KANSL1L,INFEASIBLE,OPTIMAL,OPTIMAL,OPTIMAL
LANCL1,INFEASIBLE,OPTIMAL,OPTIMAL,INFEASIBLE
CPS1,OPTIMAL,OPTIMAL,OPTIMAL,OPTIMAL
ERBB4,INFEASIBLE,INFEASIBLE,OPTIMAL,OPTIMAL
SPAG16,INFEASIBLE,OPTIMAL,INFEASIBLE,INFEASIBLE
BARD1,INFEASIBLE,OPTIMAL,OPTIMAL,INFEASIBLE
ATIC,INFEASIBLE,OPTIMAL,OPTIMAL,INFEASIBLE
FN1,OPTIMAL,OPTIMAL,OPTIMAL,INFEASIBLE
MREG,INFEASIBLE,INFEASIBLE,OPTIMAL,INFEASIBLE
PECR,OPTIMAL,OPTIMAL,OPTIMAL,OPTIMAL
XRCC5,INFEASIBLE,OPTIMAL,OPTIMAL,OPTIMAL
SMARCAL1,INFEASIBLE,OPTIMAL,OPTIMAL,OPTIMAL
RPL37A,INFEASIBLE,OPTIMAL,OPTIMAL,INFEASIBLE
IGFBP2,INFEASIBLE,OPTIMAL,OPTIMAL,OPTIMAL
IGFBP5,OPTIMAL,OPTIMAL,OPTIMAL,OPTIMAL
ARPC2,INFEASIBLE,OPTIMAL,OPTIMAL,INFEASIBLE
AAMP,INFEASIBLE,OPTIMAL,OPTIMAL,OPTIMAL
PNKD,INFEASIBLE,OPTIMAL,OPTIMAL,INFEASIBLE
CTDSP1,OPTIMAL,OPTIMAL,OPTIMAL,OPTIMAL
USP37,INFEASIBLE,OPTIMAL,OPTIMAL,INFEASIBLE
CNOT9,INFEASIBLE,OPTIMAL,INFEASIBLE,INFEASIBLE
ZNF142,OPTIMAL,OPTIMAL,OPTIMAL,OPTIMAL
BCS1L,INFEASIBLE,INFEASIBLE,OPTIMAL,INFEASIBLE
RNF25,OPTIMAL,OPTIMAL,OPTIMAL,OPTIMAL
TTLL4,OPTIMAL,OPTIMAL,OPTIMAL,OPTIMAL
NHEJ1,INFEASIBLE,OPTIMAL,OPTIMAL,INFEASIBLE
CNPPD1,OPTIMAL,OPTIMAL,OPTIMAL,OPTIMAL
RETREG2,OPTIMAL,OPTIMAL,OPTIMAL,OPTIMAL
ZFAND2B,INFEASIBLE,OPTIMAL,OPTIMAL,OPTIMAL
ATG9A,OPTIMAL,OPTIMAL,OPTIMAL,OPTIMAL
ANKZF1,OPTIMAL,INFEASIBLE,OPTIMAL,OPTIMAL
STK16,INFEASIBLE,OPTIMAL,OPTIMAL,INFEASIBLE
DNPEP,INFEASIBLE,OPTIMAL,OPTIMAL,INFEASIBLE
GMPPA,INFEASIBLE,INFEASIBLE,INFEASIBLE,INFEASIBLE
CHPF,INFEASIBLE,OPTIMAL,OPTIMAL,OPTIMAL
OBSL1,OPTIMAL,OPTIMAL,OPTIMAL,OPTIMAL
EPHA4,INFEASIBLE,OPTIMAL,OPTIMAL,INFEASIBLE
PAX3,INFEASIBLE,OPTIMAL,OPTIMAL,INFEASIBLE
FARSB,INFEASIBLE,INFEASIBLE,OPTIMAL,INFEASIBLE
ACSL3,OPTIMAL,OPTIMAL,OPTIMAL,OPTIMAL
AP1S3,OPTIMAL,OPTIMAL,OPTIMAL,OPTIMAL
WDFY1,INFEASIBLE,INFEASIBLE,OPTIMAL,OPTIMAL
MRPL44,INFEASIBLE,OPTIMAL,OPTIMAL,INFEASIBLE
SERPINE2,OPTIMAL,OPTIMAL,OPTIMAL,OPTIMAL
CUL3,INFEASIBLE,INFEASIBLE,OPTIMAL,INFEASIBLE
RHBDD1,INFEASIBLE,OPTIMAL,OPTIMAL,INFEASIBLE
MFF,INFEASIBLE,OPTIMAL,OPTIMAL,INFEASIBLE
AGFG1,INFEASIBLE,INFEASIBLE,OPTIMAL,INFEASIBLE
TRIP12,INFEASIBLE,INFEASIBLE,OPTIMAL,INFEASIBLE
FBXO36,INFEASIBLE,OPTIMAL,OPTIMAL,OPTIMAL
CAB39,INFEASIBLE,OPTIMAL,OPTIMAL,INFEASIBLE
ITM2C,INFEASIBLE,OPTIMAL,OPTIMAL,INFEASIBLE
PSMD1,INFEASIBLE,OPTIMAL,OPTIMAL,INFEASIBLE
ARMC9,INFEASIBLE,OPTIMAL,OPTIMAL,INFEASIBLE
NCL,INFEASIBLE,INFEASIBLE,OPTIMAL,INFEASIBLE
PTMA,INFEASIBLE,INFEASIBLE,OPTIMAL,INFEASIBLE
PDE6D,INFEASIBLE,OPTIMAL,OPTIMAL,INFEASIBLE
COPS7B,OPTIMAL,OPTIMAL,OPTIMAL,OPTIMAL
NPPC,OPTIMAL,OPTIMAL,OPTIMAL,OPTIMAL
DIS3L2,INFEASIBLE,OPTIMAL,OPTIMAL,INFEASIBLE
TIGD1,INFEASIBLE,OPTIMAL,OPTIMAL,INFEASIBLE
EIF4E2,INFEASIBLE,INFEASIBLE,OPTIMAL,INFEASIBLE
EFHD1,INFEASIBLE,OPTIMAL,OPTIMAL,OPTIMAL
GIGYF2,INFEASIBLE,OPTIMAL,OPTIMAL,INFEASIBLE
ATG16L1,OPTIMAL,OPTIMAL,OPTIMAL,OPTIMAL
DGKD,INFEASIBLE,OPTIMAL,OPTIMAL,OPTIMAL
USP40,OPTIMAL,INFEASIBLE,OPTIMAL,OPTIMAL
HJURP,INFEASIBLE,OPTIMAL,OPTIMAL,INFEASIBLE
ARL4C,OPTIMAL,OPTIMAL,OPTIMAL,OPTIMAL
SH3BP4,INFEASIBLE,OPTIMAL,OPTIMAL,INFEASIBLE
AGAP1,INFEASIBLE,OPTIMAL,OPTIMAL,INFEASIBLE
COPS8,INFEASIBLE,OPTIMAL,OPTIMAL,INFEASIBLE
LRRFIP1,INFEASIBLE,OPTIMAL,OPTIMAL,OPTIMAL
RAMP1,OPTIMAL,OPTIMAL,OPTIMAL,OPTIMAL
UBE2F,INFEASIBLE,OPTIMAL,OPTIMAL,INFEASIBLE
SCLY,INFEASIBLE,INFEASIBLE,OPTIMAL,OPTIMAL
ILKAP,INFEASIBLE,OPTIMAL,OPTIMAL,INFEASIBLE
HES6,OPTIMAL,OPTIMAL,OPTIMAL,OPTIMAL
PER2,INFEASIBLE,OPTIMAL,OPTIMAL,OPTIMAL
TRAF3IP1,INFEASIBLE,OPTIMAL,OPTIMAL,OPTIMAL
ASB1,INFEASIBLE,OPTIMAL,OPTIMAL,OPTIMAL
TWIST2,OPTIMAL,OPTIMAL,OPTIMAL,OPTIMAL
HDAC4,INFEASIBLE,OPTIMAL,OPTIMAL,OPTIMAL
NDUFA10,INFEASIBLE,OPTIMAL,OPTIMAL,INFEASIBLE
COPS9,INFEASIBLE,INFEASIBLE,OPTIMAL,INFEASIBLE
ANKMY1,INFEASIBLE,OPTIMAL,OPTIMAL,INFEASIBLE
DUSP28,OPTIMAL,OPTIMAL,OPTIMAL,OPTIMAL
RNPEPL1,OPTIMAL,OPTIMAL,OPTIMAL,OPTIMAL
KIF1A,INFEASIBLE,OPTIMAL,OPTIMAL,OPTIMAL
SNED1,OPTIMAL,OPTIMAL,OPTIMAL,OPTIMAL
MTERF4,OPTIMAL,OPTIMAL,OPTIMAL,OPTIMAL
PASK,OPTIMAL,OPTIMAL,OPTIMAL,OPTIMAL
PPP1R7,INFEASIBLE,INFEASIBLE,OPTIMAL,INFEASIBLE
ANO7,OPTIMAL,OPTIMAL,OPTIMAL,OPTIMAL
HDLBP,INFEASIBLE,OPTIMAL,OPTIMAL,OPTIMAL
SEPTIN2,INFEASIBLE,OPTIMAL,OPTIMAL,INFEASIBLE
FARP2,INFEASIBLE,OPTIMAL,OPTIMAL,OPTIMAL
STK25,INFEASIBLE,OPTIMAL,OPTIMAL,INFEASIBLE
THAP4,OPTIMAL,OPTIMAL,OPTIMAL,OPTIMAL
ATG4B,OPTIMAL,OPTIMAL,OPTIMAL,OPTIMAL
DTYMK,INFEASIBLE,OPTIMAL,OPTIMAL,OPTIMAL
ING5,INFEASIBLE,OPTIMAL,OPTIMAL,OPTIMAL
D2HGDH,INFEASIBLE,OPTIMAL,OPTIMAL,OPTIMAL
CNTN4,OPTIMAL,OPTIMAL,OPTIMAL,OPTIMAL
TRNT1,OPTIMAL,OPTIMAL,OPTIMAL,OPTIMAL
CRBN,INFEASIBLE,OPTIMAL,OPTIMAL,OPTIMAL
SUMF1,INFEASIBLE,OPTIMAL,INFEASIBLE,INFEASIBLE
ITPR1,INFEASIBLE,INFEASIBLE,OPTIMAL,INFEASIBLE
ARL8B,INFEASIBLE,OPTIMAL,OPTIMAL,INFEASIBLE
EDEM1,INFEASIBLE,OPTIMAL,OPTIMAL,OPTIMAL
GRM7,OPTIMAL,OPTIMAL,OPTIMAL,OPTIMAL
CAV3,INFEASIBLE,INFEASIBLE,OPTIMAL,INFEASIBLE
RAD18,INFEASIBLE,INFEASIBLE,OPTIMAL,OPTIMAL
SRGAP3,OPTIMAL,OPTIMAL,OPTIMAL,OPTIMAL
THUMPD3,INFEASIBLE,OPTIMAL,OPTIMAL,INFEASIBLE
SETD5,INFEASIBLE,OPTIMAL,OPTIMAL,INFEASIBLE
MTMR14,INFEASIBLE,OPTIMAL,OPTIMAL,INFEASIBLE
BRPF1,OPTIMAL,OPTIMAL,OPTIMAL,OPTIMAL
OGG1,INFEASIBLE,OPTIMAL,OPTIMAL,INFEASIBLE
CAMK1,INFEASIBLE,OPTIMAL,OPTIMAL,INFEASIBLE
TADA3,INFEASIBLE,OPTIMAL,OPTIMAL,INFEASIBLE
ARPC4,INFEASIBLE,OPTIMAL,OPTIMAL,OPTIMAL
TTLL3,OPTIMAL,OPTIMAL,OPTIMAL,OPTIMAL
RPUSD3,INFEASIBLE,OPTIMAL,OPTIMAL,OPTIMAL
JAGN1,INFEASIBLE,OPTIMAL,OPTIMAL,INFEASIBLE
PRRT3,OPTIMAL,OPTIMAL,OPTIMAL,OPTIMAL
EMC3,INFEASIBLE,INFEASIBLE,OPTIMAL,INFEASIBLE
FANCD2,INFEASIBLE,OPTIMAL,OPTIMAL,INFEASIBLE
BRK1,INFEASIBLE,OPTIMAL,INFEASIBLE,INFEASIBLE
VHL,INFEASIBLE,INFEASIBLE,OPTIMAL,INFEASIBLE
TATDN2,OPTIMAL,OPTIMAL,OPTIMAL,OPTIMAL
SEC13,INFEASIBLE,OPTIMAL,INFEASIBLE,INFEASIBLE
SLC6A11,OPTIMAL,OPTIMAL,OPTIMAL,OPTIMAL
ATG7,INFEASIBLE,OPTIMAL,OPTIMAL,INFEASIBLE
VGLL4,OPTIMAL,OPTIMAL,OPTIMAL,OPTIMAL
TAMM41,INFEASIBLE,OPTIMAL,OPTIMAL,OPTIMAL
SYN2,INFEASIBLE,INFEASIBLE,OPTIMAL,INFEASIBLE
PPARG,OPTIMAL,OPTIMAL,OPTIMAL,INFEASIBLE
TSEN2,INFEASIBLE,OPTIMAL,OPTIMAL,INFEASIBLE
MKRN2OS,INFEASIBLE,OPTIMAL,OPTIMAL,OPTIMAL
MKRN2,OPTIMAL,OPTIMAL,OPTIMAL,OPTIMAL
RAF1,INFEASIBLE,INFEASIBLE,INFEASIBLE,INFEASIBLE
CAND2,OPTIMAL,OPTIMAL,OPTIMAL,OPTIMAL
RPL32,INFEASIBLE,INFEASIBLE,INFEASIBLE,INFEASIBLE
IQSEC1,INFEASIBLE,OPTIMAL,OPTIMAL,INFEASIBLE
NUP210,INFEASIBLE,OPTIMAL,OPTIMAL,OPTIMAL
CHCHD4,INFEASIBLE,OPTIMAL,OPTIMAL,INFEASIBLE
TMEM43,INFEASIBLE,OPTIMAL,OPTIMAL,INFEASIBLE
XPC,OPTIMAL,OPTIMAL,OPTIMAL,OPTIMAL
LSM3,INFEASIBLE,INFEASIBLE,INFEASIBLE,INFEASIBLE
SLC6A6,OPTIMAL,INFEASIBLE,OPTIMAL,OPTIMAL
CCDC174,INFEASIBLE,OPTIMAL,OPTIMAL,OPTIMAL
NR2C2,INFEASIBLE,OPTIMAL,OPTIMAL,INFEASIBLE
MRPS25,INFEASIBLE,INFEASIBLE,INFEASIBLE,INFEASIBLE
RBSN,OPTIMAL,OPTIMAL,OPTIMAL,OPTIMAL
CAPN7,INFEASIBLE,OPTIMAL,OPTIMAL,INFEASIBLE
SH3BP5,INFEASIBLE,OPTIMAL,OPTIMAL,OPTIMAL
METTL6,INFEASIBLE,OPTIMAL,OPTIMAL,INFEASIBLE
EAF1,INFEASIBLE,OPTIMAL,INFEASIBLE,INFEASIBLE
HACL1,OPTIMAL,OPTIMAL,OPTIMAL,OPTIMAL
BTD,INFEASIBLE,OPTIMAL,OPTIMAL,INFEASIBLE
ANKRD28,INFEASIBLE,OPTIMAL,OPTIMAL,INFEASIBLE
DPH3,INFEASIBLE,OPTIMAL,OPTIMAL,INFEASIBLE
OXNAD1,INFEASIBLE,INFEASIBLE,OPTIMAL,INFEASIBLE
RFTN1,OPTIMAL,OPTIMAL,OPTIMAL,INFEASIBLE
PLCL2,OPTIMAL,OPTIMAL,OPTIMAL,OPTIMAL
TBC1D5,INFEASIBLE,OPTIMAL,OPTIMAL,INFEASIBLE
SATB1,INFEASIBLE,OPTIMAL,OPTIMAL,INFEASIBLE
RAB5A,INFEASIBLE,OPTIMAL,OPTIMAL,INFEASIBLE
KAT2B,INFEASIBLE,OPTIMAL,OPTIMAL,OPTIMAL
SGO1,INFEASIBLE,OPTIMAL,OPTIMAL,INFEASIBLE
ZNF385D,OPTIMAL,OPTIMAL,OPTIMAL,OPTIMAL
UBE2E2,INFEASIBLE,OPTIMAL,OPTIMAL,INFEASIBLE
UBE2E1,INFEASIBLE,INFEASIBLE,OPTIMAL,INFEASIBLE
NKIRAS1,INFEASIBLE,OPTIMAL,OPTIMAL,INFEASIBLE
RPL15,INFEASIBLE,OPTIMAL,OPTIMAL,INFEASIBLE
NR1D2,INFEASIBLE,OPTIMAL,OPTIMAL,INFEASIBLE
THRB,OPTIMAL,OPTIMAL,OPTIMAL,OPTIMAL
RARB,OPTIMAL,OPTIMAL,OPTIMAL,OPTIMAL
TOP2B,INFEASIBLE,OPTIMAL,OPTIMAL,INFEASIBLE
NGLY1,INFEASIBLE,OPTIMAL,OPTIMAL,INFEASIBLE
OXSM,OPTIMAL,OPTIMAL,OPTIMAL,OPTIMAL
LRRC3B,OPTIMAL,OPTIMAL,OPTIMAL,OPTIMAL
NEK10,INFEASIBLE,OPTIMAL,OPTIMAL,OPTIMAL
SLC4A7,INFEASIBLE,OPTIMAL,OPTIMAL,OPTIMAL
CMC1,INFEASIBLE,OPTIMAL,OPTIMAL,INFEASIBLE
AZI2,INFEASIBLE,OPTIMAL,OPTIMAL,OPTIMAL
ZCWPW2,OPTIMAL,OPTIMAL,OPTIMAL,INFEASIBLE
RBMS3,OPTIMAL,OPTIMAL,OPTIMAL,OPTIMAL
TGFBR2,OPTIMAL,OPTIMAL,OPTIMAL,OPTIMAL
STT3B,INFEASIBLE,INFEASIBLE,OPTIMAL,OPTIMAL
OSBPL10,INFEASIBLE,OPTIMAL,OPTIMAL,OPTIMAL
GPD1L,OPTIMAL,OPTIMAL,OPTIMAL,OPTIMAL
CMTM8,INFEASIBLE,INFEASIBLE,OPTIMAL,INFEASIBLE
CMTM7,INFEASIBLE,OPTIMAL,OPTIMAL,INFEASIBLE
CMTM6,INFEASIBLE,OPTIMAL,OPTIMAL,OPTIMAL
DYNC1LI1,INFEASIBLE,OPTIMAL,OPTIMAL,INFEASIBLE
CNOT10,INFEASIBLE,OPTIMAL,OPTIMAL,INFEASIBLE
TRIM71,OPTIMAL,OPTIMAL,OPTIMAL,OPTIMAL
GLB1,INFEASIBLE,INFEASIBLE,OPTIMAL,INFEASIBLE
CRTAP,OPTIMAL,OPTIMAL,OPTIMAL,OPTIMAL
SUSD5,OPTIMAL,OPTIMAL,OPTIMAL,INFEASIBLE
FBXL2,INFEASIBLE,INFEASIBLE,OPTIMAL,OPTIMAL
UBP1,INFEASIBLE,OPTIMAL,OPTIMAL,OPTIMAL
CLASP2,INFEASIBLE,OPTIMAL,OPTIMAL,INFEASIBLE
PDCD6IP,INFEASIBLE,INFEASIBLE,OPTIMAL,INFEASIBLE
STAC,OPTIMAL,OPTIMAL,OPTIMAL,OPTIMAL
LRRFIP2,INFEASIBLE,OPTIMAL,OPTIMAL,INFEASIBLE
GOLGA4,INFEASIBLE,OPTIMAL,OPTIMAL,INFEASIBLE
CTDSPL,INFEASIBLE,OPTIMAL,OPTIMAL,INFEASIBLE
ACAA1,INFEASIBLE,OPTIMAL,OPTIMAL,INFEASIBLE
OXSR1,INFEASIBLE,OPTIMAL,OPTIMAL,INFEASIBLE
XYLB,INFEASIBLE,OPTIMAL,OPTIMAL,INFEASIBLE
ACVR2B,OPTIMAL,OPTIMAL,OPTIMAL,OPTIMAL
EXOG,INFEASIBLE,OPTIMAL,OPTIMAL,OPTIMAL
SCN5A,OPTIMAL,OPTIMAL,OPTIMAL,OPTIMAL
WDR48,INFEASIBLE,OPTIMAL,OPTIMAL,OPTIMAL
GORASP1,OPTIMAL,INFEASIBLE,OPTIMAL,OPTIMAL
SLC25A38,INFEASIBLE,OPTIMAL,OPTIMAL,INFEASIBLE
RPSA,INFEASIBLE,OPTIMAL,OPTIMAL,INFEASIBLE
EIF1B,INFEASIBLE,INFEASIBLE,OPTIMAL,OPTIMAL
RPL14,INFEASIBLE,INFEASIBLE,OPTIMAL,INFEASIBLE
ZNF620,INFEASIBLE,OPTIMAL,OPTIMAL,OPTIMAL
ZNF621,INFEASIBLE,OPTIMAL,OPTIMAL,INFEASIBLE
CTNNB1,INFEASIBLE,OPTIMAL,INFEASIBLE,INFEASIBLE
ULK4,INFEASIBLE,OPTIMAL,OPTIMAL,INFEASIBLE
TRAK1,INFEASIBLE,OPTIMAL,OPTIMAL,INFEASIBLE
SEC22C,INFEASIBLE,OPTIMAL,OPTIMAL,INFEASIBLE
SS18L2,INFEASIBLE,OPTIMAL,OPTIMAL,OPTIMAL
NKTR,INFEASIBLE,OPTIMAL,OPTIMAL,INFEASIBLE
HIGD1A,INFEASIBLE,OPTIMAL,OPTIMAL,OPTIMAL
POMGNT2,INFEASIBLE,OPTIMAL,OPTIMAL,INFEASIBLE
SNRK,INFEASIBLE,OPTIMAL,OPTIMAL,INFEASIBLE
ANO10,INFEASIBLE,OPTIMAL,OPTIMAL,INFEASIBLE
ABHD5,OPTIMAL,INFEASIBLE,OPTIMAL,OPTIMAL
TCAIM,INFEASIBLE,OPTIMAL,OPTIMAL,INFEASIBLE
ZNF445,INFEASIBLE,OPTIMAL,OPTIMAL,OPTIMAL
ZNF852,INFEASIBLE,OPTIMAL,OPTIMAL,OPTIMAL
ZNF197,INFEASIBLE,OPTIMAL,OPTIMAL,INFEASIBLE
ZNF35,OPTIMAL,OPTIMAL,OPTIMAL,INFEASIBLE
KIAA1143,INFEASIBLE,INFEASIBLE,OPTIMAL,OPTIMAL
KIF15,OPTIMAL,OPTIMAL,OPTIMAL,OPTIMAL
TMEM42,OPTIMAL,OPTIMAL,OPTIMAL,OPTIMAL
ZDHHC3,INFEASIBLE,OPTIMAL,OPTIMAL,INFEASIBLE
EXOSC7,INFEASIBLE,INFEASIBLE,OPTIMAL,INFEASIBLE
TMEM158,INFEASIBLE,OPTIMAL,OPTIMAL,OPTIMAL
LARS2,INFEASIBLE,OPTIMAL,OPTIMAL,INFEASIBLE
LIMD1,OPTIMAL,OPTIMAL,OPTIMAL,OPTIMAL
SACM1L,OPTIMAL,OPTIMAL,OPTIMAL,OPTIMAL
LZTFL1,OPTIMAL,OPTIMAL,OPTIMAL,OPTIMAL
FYCO1,INFEASIBLE,OPTIMAL,OPTIMAL,OPTIMAL
CCDC12,INFEASIBLE,INFEASIBLE,OPTIMAL,INFEASIBLE
NBEAL2,INFEASIBLE,OPTIMAL,OPTIMAL,OPTIMAL
SETD2,INFEASIBLE,INFEASIBLE,OPTIMAL,INFEASIBLE
KIF9,INFEASIBLE,OPTIMAL,OPTIMAL,OPTIMAL
KLHL18,INFEASIBLE,OPTIMAL,OPTIMAL,INFEASIBLE
PTPN23,INFEASIBLE,OPTIMAL,OPTIMAL,INFEASIBLE
SCAP,INFEASIBLE,OPTIMAL,OPTIMAL,INFEASIBLE
ELP6,INFEASIBLE,OPTIMAL,OPTIMAL,INFEASIBLE
CSPG5,OPTIMAL,OPTIMAL,OPTIMAL,OPTIMAL
SMARCC1,INFEASIBLE,OPTIMAL,OPTIMAL,INFEASIBLE
DHX30,INFEASIBLE,OPTIMAL,OPTIMAL,INFEASIBLE
MAP4,INFEASIBLE,OPTIMAL,OPTIMAL,INFEASIBLE
CDC25A,INFEASIBLE,INFEASIBLE,OPTIMAL,OPTIMAL
ZNF589,INFEASIBLE,OPTIMAL,OPTIMAL,INFEASIBLE
NME6,OPTIMAL,OPTIMAL,OPTIMAL,OPTIMAL
CCDC51,OPTIMAL,INFEASIBLE,OPTIMAL,OPTIMAL
TMA7,INFEASIBLE,INFEASIBLE,INFEASIBLE,INFEASIBLE
ATRIP,OPTIMAL,OPTIMAL,OPTIMAL,OPTIMAL
SHISA5,INFEASIBLE,OPTIMAL,OPTIMAL,OPTIMAL
UQCRC1,INFEASIBLE,OPTIMAL,OPTIMAL,INFEASIBLE
NCKIPSD,OPTIMAL,OPTIMAL,OPTIMAL,OPTIMAL
IP6K2,OPTIMAL,OPTIMAL,OPTIMAL,OPTIMAL
PRKAR2A,INFEASIBLE,OPTIMAL,OPTIMAL,INFEASIBLE
SLC25A20,OPTIMAL,OPTIMAL,OPTIMAL,OPTIMAL
ARIH2,INFEASIBLE,INFEASIBLE,OPTIMAL,INFEASIBLE
WDR6,OPTIMAL,OPTIMAL,OPTIMAL,OPTIMAL
DALRD3,INFEASIBLE,OPTIMAL,OPTIMAL,OPTIMAL
NDUFAF3,INFEASIBLE,INFEASIBLE,INFEASIBLE,INFEASIBLE
IMPDH2,INFEASIBLE,OPTIMAL,OPTIMAL,OPTIMAL
QRICH1,INFEASIBLE,OPTIMAL,OPTIMAL,INFEASIBLE
QARS1,INFEASIBLE,OPTIMAL,OPTIMAL,OPTIMAL
USP19,OPTIMAL,OPTIMAL,OPTIMAL,OPTIMAL
CCDC71,OPTIMAL,OPTIMAL,OPTIMAL,OPTIMAL
USP4,OPTIMAL,OPTIMAL,OPTIMAL,OPTIMAL
GPX1,INFEASIBLE,OPTIMAL,OPTIMAL,OPTIMAL
RHOA,INFEASIBLE,OPTIMAL,OPTIMAL,OPTIMAL
TCTA,OPTIMAL,OPTIMAL,OPTIMAL,OPTIMAL
DAG1,INFEASIBLE,OPTIMAL,OPTIMAL,OPTIMAL
APEH,INFEASIBLE,OPTIMAL,OPTIMAL,INFEASIBLE
RNF123,OPTIMAL,OPTIMAL,OPTIMAL,OPTIMAL
GMPPB,INFEASIBLE,OPTIMAL,OPTIMAL,OPTIMAL
IP6K1,INFEASIBLE,OPTIMAL,OPTIMAL,INFEASIBLE
TRAIP,INFEASIBLE,OPTIMAL,OPTIMAL,INFEASIBLE
MON1A,OPTIMAL,INFEASIBLE,OPTIMAL,OPTIMAL
RBM6,INFEASIBLE,OPTIMAL,OPTIMAL,OPTIMAL
RBM5,INFEASIBLE,OPTIMAL,OPTIMAL,OPTIMAL
GNAI2,OPTIMAL,OPTIMAL,OPTIMAL,OPTIMAL
IFRD2,OPTIMAL,OPTIMAL,OPTIMAL,OPTIMAL
HYAL2,OPTIMAL,OPTIMAL,OPTIMAL,OPTIMAL
TUSC2,INFEASIBLE,OPTIMAL,OPTIMAL,INFEASIBLE
RASSF1,INFEASIBLE,OPTIMAL,OPTIMAL,OPTIMAL
NPRL2,INFEASIBLE,OPTIMAL,OPTIMAL,INFEASIBLE
CYB561D2,OPTIMAL,OPTIMAL,OPTIMAL,OPTIMAL
TMEM115,OPTIMAL,OPTIMAL,OPTIMAL,OPTIMAL
HEMK1,OPTIMAL,OPTIMAL,INFEASIBLE,OPTIMAL
MAPKAPK3,INFEASIBLE,OPTIMAL,OPTIMAL,OPTIMAL
DOCK3,INFEASIBLE,OPTIMAL,OPTIMAL,OPTIMAL
MANF,INFEASIBLE,OPTIMAL,OPTIMAL,INFEASIBLE
RBM15B,OPTIMAL,OPTIMAL,OPTIMAL,OPTIMAL
DCAF1,INFEASIBLE,OPTIMAL,OPTIMAL,INFEASIBLE
RAD54L2,INFEASIBLE,OPTIMAL,OPTIMAL,INFEASIBLE
TEX264,INFEASIBLE,OPTIMAL,INFEASIBLE,INFEASIBLE
RRP9,OPTIMAL,OPTIMAL,OPTIMAL,OPTIMAL
ABHD14B,OPTIMAL,OPTIMAL,OPTIMAL,OPTIMAL
ABHD14A,INFEASIBLE,OPTIMAL,OPTIMAL,INFEASIBLE
ACY1,OPTIMAL,OPTIMAL,OPTIMAL,OPTIMAL
RPL29,INFEASIBLE,INFEASIBLE,OPTIMAL,INFEASIBLE
DUSP7,INFEASIBLE,OPTIMAL,OPTIMAL,INFEASIBLE
POC1A,OPTIMAL,INFEASIBLE,OPTIMAL,OPTIMAL
ALAS1,INFEASIBLE,INFEASIBLE,OPTIMAL,INFEASIBLE
TWF2,OPTIMAL,OPTIMAL,OPTIMAL,OPTIMAL
WDR82,INFEASIBLE,OPTIMAL,OPTIMAL,INFEASIBLE
BAP1,OPTIMAL,OPTIMAL,OPTIMAL,OPTIMAL
PHF7,INFEASIBLE,OPTIMAL,OPTIMAL,OPTIMAL
NISCH,INFEASIBLE,OPTIMAL,OPTIMAL,OPTIMAL
NT5DC2,OPTIMAL,OPTIMAL,OPTIMAL,OPTIMAL
UQCC5,INFEASIBLE,OPTIMAL,INFEASIBLE,INFEASIBLE
PBRM1,INFEASIBLE,INFEASIBLE,OPTIMAL,INFEASIBLE
GNL3,INFEASIBLE,INFEASIBLE,OPTIMAL,INFEASIBLE
GLT8D1,OPTIMAL,OPTIMAL,OPTIMAL,OPTIMAL
SPCS1,INFEASIBLE,INFEASIBLE,OPTIMAL,INFEASIBLE
NEK4,INFEASIBLE,OPTIMAL,OPTIMAL,OPTIMAL
STIMATE,INFEASIBLE,INFEASIBLE,OPTIMAL,INFEASIBLE
SFMBT1,INFEASIBLE,OPTIMAL,OPTIMAL,INFEASIBLE
RFT1,INFEASIBLE,OPTIMAL,OPTIMAL,OPTIMAL
PRKCD,OPTIMAL,OPTIMAL,OPTIMAL,OPTIMAL
TKT,INFEASIBLE,OPTIMAL,OPTIMAL,OPTIMAL
DCP1A,INFEASIBLE,OPTIMAL,OPTIMAL,INFEASIBLE
CACNA1D,OPTIMAL,OPTIMAL,OPTIMAL,OPTIMAL
CHDH,OPTIMAL,OPTIMAL,OPTIMAL,OPTIMAL
ACTR8,OPTIMAL,OPTIMAL,OPTIMAL,OPTIMAL
SELENOK,INFEASIBLE,INFEASIBLE,OPTIMAL,INFEASIBLE
CACNA2D3,INFEASIBLE,OPTIMAL,OPTIMAL,INFEASIBLE
WNT5A,INFEASIBLE,OPTIMAL,OPTIMAL,OPTIMAL
ERC2,INFEASIBLE,OPTIMAL,OPTIMAL,INFEASIBLE
CCDC66,INFEASIBLE,INFEASIBLE,OPTIMAL,INFEASIBLE
TASOR,INFEASIBLE,OPTIMAL,OPTIMAL,INFEASIBLE
ARHGEF3,OPTIMAL,OPTIMAL,OPTIMAL,OPTIMAL
APPL1,INFEASIBLE,OPTIMAL,OPTIMAL,INFEASIBLE
PDE12,OPTIMAL,OPTIMAL,OPTIMAL,OPTIMAL
ARF4,INFEASIBLE,INFEASIBLE,OPTIMAL,OPTIMAL
DENND6A,INFEASIBLE,OPTIMAL,OPTIMAL,INFEASIBLE
SLMAP,INFEASIBLE,OPTIMAL,OPTIMAL,INFEASIBLE
FLNB,INFEASIBLE,INFEASIBLE,OPTIMAL,INFEASIBLE
ABHD6,OPTIMAL,INFEASIBLE,OPTIMAL,OPTIMAL
PXK,INFEASIBLE,OPTIMAL,OPTIMAL,OPTIMAL
PDHB,INFEASIBLE,OPTIMAL,INFEASIBLE,OPTIMAL
KCTD6,OPTIMAL,OPTIMAL,OPTIMAL,OPTIMAL
CFAP20DC,INFEASIBLE,OPTIMAL,OPTIMAL,OPTIMAL
FHIT,INFEASIBLE,OPTIMAL,OPTIMAL,INFEASIBLE
PTPRG,INFEASIBLE,OPTIMAL,OPTIMAL,INFEASIBLE
C3orf14,INFEASIBLE,INFEASIBLE,OPTIMAL,INFEASIBLE
THOC7,INFEASIBLE,OPTIMAL,OPTIMAL,INFEASIBLE
ATXN7,OPTIMAL,INFEASIBLE,OPTIMAL,OPTIMAL
PSMD6,INFEASIBLE,INFEASIBLE,OPTIMAL,INFEASIBLE
PRICKLE2,OPTIMAL,OPTIMAL,OPTIMAL,OPTIMAL
MAGI1,INFEASIBLE,OPTIMAL,OPTIMAL,INFEASIBLE
SLC25A26,INFEASIBLE,OPTIMAL,OPTIMAL,INFEASIBLE
LRIG1,OPTIMAL,OPTIMAL,OPTIMAL,OPTIMAL
SUCLG2,INFEASIBLE,OPTIMAL,OPTIMAL,OPTIMAL
TMF1,OPTIMAL,OPTIMAL,OPTIMAL,OPTIMAL
UBA3,OPTIMAL,OPTIMAL,OPTIMAL,OPTIMAL
ARL6IP5,INFEASIBLE,INFEASIBLE,OPTIMAL,INFEASIBLE
FRMD4B,OPTIMAL,OPTIMAL,INFEASIBLE,INFEASIBLE
MITF,INFEASIBLE,OPTIMAL,OPTIMAL,INFEASIBLE
FOXP1,INFEASIBLE,OPTIMAL,OPTIMAL,INFEASIBLE
EIF4E3,OPTIMAL,OPTIMAL,OPTIMAL,INFEASIBLE
GPR27,OPTIMAL,OPTIMAL,OPTIMAL,OPTIMAL
RYBP,OPTIMAL,OPTIMAL,OPTIMAL,OPTIMAL
SHQ1,INFEASIBLE,OPTIMAL,OPTIMAL,INFEASIBLE
GXYLT2,INFEASIBLE,OPTIMAL,OPTIMAL,INFEASIBLE
PPP4R2,INFEASIBLE,OPTIMAL,OPTIMAL,OPTIMAL
PDZRN3,OPTIMAL,OPTIMAL,OPTIMAL,OPTIMAL
ZNF717,INFEASIBLE,OPTIMAL,OPTIMAL,INFEASIBLE
ROBO2,OPTIMAL,OPTIMAL,OPTIMAL,OPTIMAL
ROBO1,INFEASIBLE,OPTIMAL,OPTIMAL,INFEASIBLE
GBE1,OPTIMAL,OPTIMAL,OPTIMAL,OPTIMAL
CADM2,INFEASIBLE,OPTIMAL,OPTIMAL,INFEASIBLE
CHMP2B,INFEASIBLE,INFEASIBLE,OPTIMAL,INFEASIBLE
CGGBP1,INFEASIBLE,INFEASIBLE,OPTIMAL,INFEASIBLE
ZNF654,INFEASIBLE,INFEASIBLE,INFEASIBLE,INFEASIBLE
C3orf38,INFEASIBLE,OPTIMAL,OPTIMAL,INFEASIBLE
EPHA3,INFEASIBLE,OPTIMAL,OPTIMAL,INFEASIBLE
PROS1,OPTIMAL,OPTIMAL,OPTIMAL,OPTIMAL
ARL13B,INFEASIBLE,OPTIMAL,OPTIMAL,INFEASIBLE
DHFR2,OPTIMAL,OPTIMAL,OPTIMAL,OPTIMAL
NSUN3,INFEASIBLE,INFEASIBLE,OPTIMAL,OPTIMAL
EPHA6,INFEASIBLE,OPTIMAL,OPTIMAL,OPTIMAL
ARL6,INFEASIBLE,OPTIMAL,OPTIMAL,OPTIMAL
CRYBG3,INFEASIBLE,OPTIMAL,OPTIMAL,INFEASIBLE
RIOX2,OPTIMAL,OPTIMAL,OPTIMAL,OPTIMAL
CLDND1,INFEASIBLE,OPTIMAL,OPTIMAL,INFEASIBLE
CPOX,INFEASIBLE,OPTIMAL,OPTIMAL,OPTIMAL
ST3GAL6,INFEASIBLE,INFEASIBLE,OPTIMAL,OPTIMAL
DCBLD2,INFEASIBLE,OPTIMAL,OPTIMAL,OPTIMAL
CMSS1,INFEASIBLE,INFEASIBLE,OPTIMAL,INFEASIBLE
FILIP1L,INFEASIBLE,OPTIMAL,OPTIMAL,INFEASIBLE
TBC1D23,INFEASIBLE,OPTIMAL,OPTIMAL,OPTIMAL
NIT2,INFEASIBLE,OPTIMAL,OPTIMAL,INFEASIBLE
TOMM70,INFEASIBLE,OPTIMAL,OPTIMAL,INFEASIBLE
LNP1,OPTIMAL,OPTIMAL,OPTIMAL,OPTIMAL
TMEM45A,OPTIMAL,OPTIMAL,OPTIMAL,INFEASIBLE
TFG,INFEASIBLE,OPTIMAL,OPTIMAL,OPTIMAL
SENP7,INFEASIBLE,OPTIMAL,OPTIMAL,OPTIMAL
TRMT10C,INFEASIBLE,INFEASIBLE,OPTIMAL,INFEASIBLE
PCNP,INFEASIBLE,OPTIMAL,OPTIMAL,INFEASIBLE
ZBTB11,OPTIMAL,OPTIMAL,OPTIMAL,OPTIMAL
RPL24,INFEASIBLE,INFEASIBLE,INFEASIBLE,INFEASIBLE
CEP97,INFEASIBLE,OPTIMAL,OPTIMAL,OPTIMAL
NXPE3,INFEASIBLE,OPTIMAL,OPTIMAL,OPTIMAL
ALCAM,INFEASIBLE,OPTIMAL,OPTIMAL,INFEASIBLE
CBLB,OPTIMAL,OPTIMAL,OPTIMAL,OPTIMAL
BBX,INFEASIBLE,OPTIMAL,OPTIMAL,INFEASIBLE
CD47,INFEASIBLE,INFEASIBLE,INFEASIBLE,INFEASIBLE
IFT57,INFEASIBLE,OPTIMAL,OPTIMAL,INFEASIBLE
CIP2A,OPTIMAL,OPTIMAL,OPTIMAL,OPTIMAL
DZIP3,OPTIMAL,OPTIMAL,OPTIMAL,OPTIMAL
NECTIN3,INFEASIBLE,OPTIMAL,OPTIMAL,INFEASIBLE
PHLDB2,INFEASIBLE,OPTIMAL,OPTIMAL,INFEASIBLE
ABHD10,OPTIMAL,OPTIMAL,OPTIMAL,OPTIMAL
C3orf52,OPTIMAL,OPTIMAL,OPTIMAL,OPTIMAL
ATG3,INFEASIBLE,INFEASIBLE,OPTIMAL,INFEASIBLE
SLC35A5,OPTIMAL,OPTIMAL,OPTIMAL,OPTIMAL
CCDC80,OPTIMAL,OPTIMAL,OPTIMAL,OPTIMAL
GTPBP8,INFEASIBLE,OPTIMAL,OPTIMAL,OPTIMAL
NEPRO,INFEASIBLE,OPTIMAL,OPTIMAL,INFEASIBLE
BOC,OPTIMAL,OPTIMAL,OPTIMAL,OPTIMAL
CFAP44,INFEASIBLE,OPTIMAL,OPTIMAL,OPTIMAL
SPICE1,INFEASIBLE,OPTIMAL,OPTIMAL,INFEASIBLE
USF3,OPTIMAL,OPTIMAL,OPTIMAL,OPTIMAL
NAA50,INFEASIBLE,INFEASIBLE,OPTIMAL,INFEASIBLE
ATP6V1A,INFEASIBLE,OPTIMAL,OPTIMAL,INFEASIBLE
ZDHHC23,OPTIMAL,OPTIMAL,OPTIMAL,OPTIMAL
QTRT2,INFEASIBLE,OPTIMAL,OPTIMAL,OPTIMAL
ZBTB20,INFEASIBLE,OPTIMAL,INFEASIBLE,INFEASIBLE
LSAMP,OPTIMAL,OPTIMAL,OPTIMAL,OPTIMAL
B4GALT4,OPTIMAL,INFEASIBLE,OPTIMAL,OPTIMAL
TMEM39A,OPTIMAL,INFEASIBLE,OPTIMAL,OPTIMAL
POGLUT1,INFEASIBLE,INFEASIBLE,OPTIMAL,INFEASIBLE
TIMMDC1,INFEASIBLE,OPTIMAL,OPTIMAL,INFEASIBLE
COX17,INFEASIBLE,OPTIMAL,INFEASIBLE,INFEASIBLE
GSK3B,INFEASIBLE,OPTIMAL,OPTIMAL,INFEASIBLE
LRRC58,INFEASIBLE,INFEASIBLE,OPTIMAL,INFEASIBLE
FSTL1,INFEASIBLE,OPTIMAL,OPTIMAL,INFEASIBLE
NDUFB4,INFEASIBLE,OPTIMAL,INFEASIBLE,INFEASIBLE
RABL3,INFEASIBLE,OPTIMAL,OPTIMAL,INFEASIBLE
GTF2E1,INFEASIBLE,INFEASIBLE,OPTIMAL,INFEASIBLE
STXBP5L,INFEASIBLE,INFEASIBLE,OPTIMAL,INFEASIBLE
POLQ,INFEASIBLE,OPTIMAL,OPTIMAL,INFEASIBLE
GOLGB1,OPTIMAL,OPTIMAL,OPTIMAL,INFEASIBLE
IQCB1,INFEASIBLE,INFEASIBLE,OPTIMAL,OPTIMAL
EAF2,INFEASIBLE,OPTIMAL,OPTIMAL,OPTIMAL
MIX23,INFEASIBLE,OPTIMAL,OPTIMAL,INFEASIBLE
FAM162A,INFEASIBLE,OPTIMAL,OPTIMAL,INFEASIBLE
KPNA1,INFEASIBLE,OPTIMAL,OPTIMAL,OPTIMAL
HSPBAP1,INFEASIBLE,OPTIMAL,OPTIMAL,OPTIMAL
SLC49A4,INFEASIBLE,OPTIMAL,OPTIMAL,OPTIMAL
PDIA5,INFEASIBLE,INFEASIBLE,OPTIMAL,OPTIMAL
SEC22A,INFEASIBLE,OPTIMAL,OPTIMAL,OPTIMAL
HACD2,INFEASIBLE,INFEASIBLE,OPTIMAL,INFEASIBLE
MYLK,OPTIMAL,OPTIMAL,OPTIMAL,OPTIMAL
CCDC14,INFEASIBLE,INFEASIBLE,OPTIMAL,OPTIMAL
KALRN,OPTIMAL,OPTIMAL,OPTIMAL,OPTIMAL
UMPS,INFEASIBLE,OPTIMAL,OPTIMAL,OPTIMAL
ITGB5,OPTIMAL,OPTIMAL,OPTIMAL,OPTIMAL
HEG1,OPTIMAL,OPTIMAL,OPTIMAL,OPTIMAL
ZNF148,INFEASIBLE,INFEASIBLE,OPTIMAL,INFEASIBLE
SNX4,INFEASIBLE,OPTIMAL,OPTIMAL,OPTIMAL
OSBPL11,INFEASIBLE,OPTIMAL,OPTIMAL,INFEASIBLE
SLC41A3,OPTIMAL,OPTIMAL,OPTIMAL,OPTIMAL
KLF15,OPTIMAL,OPTIMAL,OPTIMAL,OPTIMAL
ZXDC,INFEASIBLE,OPTIMAL,OPTIMAL,INFEASIBLE
TXNRD3,OPTIMAL,OPTIMAL,OPTIMAL,OPTIMAL
CHCHD6,INFEASIBLE,OPTIMAL,OPTIMAL,INFEASIBLE
PLXNA1,OPTIMAL,OPTIMAL,OPTIMAL,OPTIMAL
TPRA1,INFEASIBLE,OPTIMAL,OPTIMAL,OPTIMAL
MCM2,INFEASIBLE,OPTIMAL,OPTIMAL,INFEASIBLE
PODXL2,OPTIMAL,OPTIMAL,OPTIMAL,OPTIMAL
SEC61A1,INFEASIBLE,INFEASIBLE,OPTIMAL,INFEASIBLE
RUVBL1,INFEASIBLE,OPTIMAL,OPTIMAL,INFEASIBLE
EEFSEC,OPTIMAL,INFEASIBLE,OPTIMAL,OPTIMAL
GATA2,OPTIMAL,OPTIMAL,OPTIMAL,OPTIMAL
RPN1,INFEASIBLE,OPTIMAL,OPTIMAL,INFEASIBLE
RAB7A,INFEASIBLE,OPTIMAL,OPTIMAL,INFEASIBLE
ACAD9,INFEASIBLE,OPTIMAL,OPTIMAL,INFEASIBLE
CFAP92,INFEASIBLE,OPTIMAL,INFEASIBLE,INFEASIBLE
ISY1,OPTIMAL,OPTIMAL,OPTIMAL,OPTIMAL
CNBP,INFEASIBLE,INFEASIBLE,OPTIMAL,INFEASIBLE
COPG1,INFEASIBLE,OPTIMAL,OPTIMAL,OPTIMAL
HMCES,INFEASIBLE,OPTIMAL,OPTIMAL,INFEASIBLE
IFT122,OPTIMAL,OPTIMAL,OPTIMAL,INFEASIBLE
MBD4,OPTIMAL,OPTIMAL,OPTIMAL,OPTIMAL
TMCC1,INFEASIBLE,OPTIMAL,OPTIMAL,INFEASIBLE
PIK3R4,OPTIMAL,OPTIMAL,OPTIMAL,OPTIMAL
ATP2C1,OPTIMAL,OPTIMAL,OPTIMAL,OPTIMAL
ASTE1,INFEASIBLE,OPTIMAL,OPTIMAL,OPTIMAL
NUDT16,INFEASIBLE,OPTIMAL,OPTIMAL,OPTIMAL
MRPL3,INFEASIBLE,INFEASIBLE,OPTIMAL,INFEASIBLE
DNAJC13,OPTIMAL,OPTIMAL,OPTIMAL,OPTIMAL
ACAD11,INFEASIBLE,OPTIMAL,OPTIMAL,OPTIMAL
UBA5,OPTIMAL,OPTIMAL,OPTIMAL,OPTIMAL
NPHP3,INFEASIBLE,OPTIMAL,OPTIMAL,OPTIMAL
TMEM108,OPTIMAL,OPTIMAL,OPTIMAL,OPTIMAL
CDV3,INFEASIBLE,INFEASIBLE,OPTIMAL,INFEASIBLE
TOPBP1,INFEASIBLE,OPTIMAL,OPTIMAL,OPTIMAL
SRPRB,INFEASIBLE,INFEASIBLE,INFEASIBLE,INFEASIBLE
RAB6B,INFEASIBLE,OPTIMAL,OPTIMAL,INFEASIBLE
RYK,INFEASIBLE,INFEASIBLE,OPTIMAL,OPTIMAL
ANAPC13,INFEASIBLE,OPTIMAL,OPTIMAL,OPTIMAL
CEP63,INFEASIBLE,INFEASIBLE,OPTIMAL,INFEASIBLE
PPP2R3A,INFEASIBLE,INFEASIBLE,OPTIMAL,INFEASIBLE
MSL2,INFEASIBLE,INFEASIBLE,OPTIMAL,INFEASIBLE
PCCB,INFEASIBLE,OPTIMAL,OPTIMAL,OPTIMAL
STAG1,INFEASIBLE,OPTIMAL,OPTIMAL,INFEASIBLE
SLC35G2,OPTIMAL,OPTIMAL,OPTIMAL,OPTIMAL
NCK1,INFEASIBLE,OPTIMAL,OPTIMAL,INFEASIBLE
DZIP1L,INFEASIBLE,OPTIMAL,OPTIMAL,INFEASIBLE
DBR1,OPTIMAL,OPTIMAL,OPTIMAL,OPTIMAL
ARMC8,INFEASIBLE,OPTIMAL,OPTIMAL,INFEASIBLE
MRAS,OPTIMAL,OPTIMAL,OPTIMAL,OPTIMAL
CEP70,INFEASIBLE,OPTIMAL,OPTIMAL,INFEASIBLE
FAIM,INFEASIBLE,OPTIMAL,OPTIMAL,OPTIMAL
PIK3CB,INFEASIBLE,OPTIMAL,OPTIMAL,OPTIMAL
MRPS22,INFEASIBLE,OPTIMAL,OPTIMAL,INFEASIBLE
COPB2,INFEASIBLE,OPTIMAL,OPTIMAL,INFEASIBLE
RBP1,INFEASIBLE,OPTIMAL,OPTIMAL,INFEASIBLE
SLC25A36,INFEASIBLE,OPTIMAL,OPTIMAL,INFEASIBLE
PXYLP1,INFEASIBLE,OPTIMAL,OPTIMAL,OPTIMAL
ZBTB38,OPTIMAL,OPTIMAL,OPTIMAL,OPTIMAL
RASA2,OPTIMAL,OPTIMAL,OPTIMAL,INFEASIBLE
RNF7,INFEASIBLE,OPTIMAL,OPTIMAL,INFEASIBLE
ATP1B3,INFEASIBLE,INFEASIBLE,OPTIMAL,INFEASIBLE
TFDP2,INFEASIBLE,OPTIMAL,OPTIMAL,INFEASIBLE
GK5,INFEASIBLE,OPTIMAL,OPTIMAL,OPTIMAL
XRN1,INFEASIBLE,OPTIMAL,OPTIMAL,OPTIMAL
ATR,INFEASIBLE,INFEASIBLE,OPTIMAL,INFEASIBLE
PLS1,INFEASIBLE,OPTIMAL,OPTIMAL,INFEASIBLE
TRPC1,INFEASIBLE,OPTIMAL,OPTIMAL,INFEASIBLE
PCOLCE2,INFEASIBLE,OPTIMAL,OPTIMAL,INFEASIBLE
U2SURP,INFEASIBLE,INFEASIBLE,OPTIMAL,INFEASIBLE
DIPK2A,INFEASIBLE,OPTIMAL,OPTIMAL,INFEASIBLE
PLOD2,OPTIMAL,OPTIMAL,OPTIMAL,INFEASIBLE
PLSCR1,OPTIMAL,OPTIMAL,OPTIMAL,OPTIMAL
GYG1,OPTIMAL,INFEASIBLE,OPTIMAL,OPTIMAL
HLTF,INFEASIBLE,OPTIMAL,OPTIMAL,INFEASIBLE
HPS3,INFEASIBLE,OPTIMAL,OPTIMAL,OPTIMAL
WWTR1,INFEASIBLE,OPTIMAL,OPTIMAL,INFEASIBLE
COMMD2,INFEASIBLE,INFEASIBLE,OPTIMAL,INFEASIBLE
ANKUB1,INFEASIBLE,OPTIMAL,OPTIMAL,OPTIMAL
RNF13,INFEASIBLE,OPTIMAL,OPTIMAL,INFEASIBLE
PFN2,INFEASIBLE,OPTIMAL,OPTIMAL,INFEASIBLE
TSC22D2,INFEASIBLE,INFEASIBLE,OPTIMAL,OPTIMAL
SERP1,INFEASIBLE,OPTIMAL,OPTIMAL,INFEASIBLE
EIF2A,INFEASIBLE,OPTIMAL,OPTIMAL,OPTIMAL
SELENOT,INFEASIBLE,OPTIMAL,OPTIMAL,INFEASIBLE
SIAH2,OPTIMAL,OPTIMAL,OPTIMAL,OPTIMAL
MED12L,OPTIMAL,OPTIMAL,OPTIMAL,OPTIMAL
GPR171,INFEASIBLE,OPTIMAL,INFEASIBLE,OPTIMAL
P2RY14,INFEASIBLE,OPTIMAL,OPTIMAL,INFEASIBLE
MBNL1,INFEASIBLE,OPTIMAL,OPTIMAL,INFEASIBLE
P2RY1,OPTIMAL,OPTIMAL,OPTIMAL,OPTIMAL
RAP2B,INFEASIBLE,OPTIMAL,OPTIMAL,OPTIMAL
ARHGEF26,INFEASIBLE,INFEASIBLE,OPTIMAL,OPTIMAL
DHX36,INFEASIBLE,OPTIMAL,OPTIMAL,INFEASIBLE
PLCH1,OPTIMAL,OPTIMAL,OPTIMAL,OPTIMAL
C3orf33,INFEASIBLE,OPTIMAL,OPTIMAL,INFEASIBLE
SLC33A1,INFEASIBLE,OPTIMAL,OPTIMAL,OPTIMAL
GMPS,INFEASIBLE,OPTIMAL,OPTIMAL,INFEASIBLE
SSR3,INFEASIBLE,INFEASIBLE,OPTIMAL,INFEASIBLE
TIPARP,OPTIMAL,OPTIMAL,OPTIMAL,OPTIMAL
CCNL1,OPTIMAL,OPTIMAL,OPTIMAL,OPTIMAL
SHOX2,OPTIMAL,OPTIMAL,OPTIMAL,OPTIMAL
RSRC1,INFEASIBLE,OPTIMAL,INFEASIBLE,INFEASIBLE
MLF1,INFEASIBLE,OPTIMAL,OPTIMAL,INFEASIBLE
GFM1,INFEASIBLE,INFEASIBLE,OPTIMAL,OPTIMAL
LXN,INFEASIBLE,OPTIMAL,OPTIMAL,OPTIMAL
MFSD1,INFEASIBLE,INFEASIBLE,OPTIMAL,OPTIMAL
SCHIP1,INFEASIBLE,INFEASIBLE,OPTIMAL,INFEASIBLE
IFT80,OPTIMAL,OPTIMAL,OPTIMAL,OPTIMAL
SMC4,INFEASIBLE,OPTIMAL,OPTIMAL,INFEASIBLE
TRIM59,INFEASIBLE,OPTIMAL,OPTIMAL,INFEASIBLE
KPNA4,INFEASIBLE,INFEASIBLE,OPTIMAL,INFEASIBLE
PPM1L,INFEASIBLE,INFEASIBLE,OPTIMAL,INFEASIBLE
NMD3,OPTIMAL,OPTIMAL,OPTIMAL,OPTIMAL
PDCD10,OPTIMAL,OPTIMAL,OPTIMAL,OPTIMAL
GOLIM4,INFEASIBLE,OPTIMAL,OPTIMAL,INFEASIBLE
MECOM,INFEASIBLE,INFEASIBLE,OPTIMAL,INFEASIBLE
MYNN,INFEASIBLE,INFEASIBLE,OPTIMAL,OPTIMAL
LRRC34,INFEASIBLE,OPTIMAL,INFEASIBLE,OPTIMAL
SEC62,INFEASIBLE,INFEASIBLE,OPTIMAL,INFEASIBLE
GPR160,OPTIMAL,OPTIMAL,OPTIMAL,INFEASIBLE
PHC3,INFEASIBLE,INFEASIBLE,OPTIMAL,INFEASIBLE
PRKCI,INFEASIBLE,OPTIMAL,OPTIMAL,INFEASIBLE
SKIL,INFEASIBLE,OPTIMAL,OPTIMAL,INFEASIBLE
RPL22L1,INFEASIBLE,INFEASIBLE,OPTIMAL,OPTIMAL
EIF5A2,OPTIMAL,OPTIMAL,OPTIMAL,OPTIMAL
TNIK,INFEASIBLE,OPTIMAL,OPTIMAL,INFEASIBLE
PLD1,OPTIMAL,OPTIMAL,OPTIMAL,OPTIMAL
FNDC3B,INFEASIBLE,OPTIMAL,OPTIMAL,INFEASIBLE
NCEH1,INFEASIBLE,OPTIMAL,OPTIMAL,INFEASIBLE
ECT2,OPTIMAL,INFEASIBLE,OPTIMAL,INFEASIBLE
NLGN1,INFEASIBLE,OPTIMAL,INFEASIBLE,INFEASIBLE
NAALADL2,OPTIMAL,OPTIMAL,OPTIMAL,OPTIMAL
TBL1XR1,INFEASIBLE,OPTIMAL,OPTIMAL,INFEASIBLE
KCNMB2,INFEASIBLE,OPTIMAL,INFEASIBLE,OPTIMAL
ZMAT3,INFEASIBLE,OPTIMAL,OPTIMAL,INFEASIBLE
PIK3CA,OPTIMAL,OPTIMAL,OPTIMAL,OPTIMAL
ZNF639,INFEASIBLE,OPTIMAL,OPTIMAL,OPTIMAL
MFN1,INFEASIBLE,OPTIMAL,OPTIMAL,INFEASIBLE
GNB4,OPTIMAL,OPTIMAL,OPTIMAL,OPTIMAL
ACTL6A,INFEASIBLE,OPTIMAL,OPTIMAL,INFEASIBLE
MRPL47,INFEASIBLE,OPTIMAL,OPTIMAL,OPTIMAL
NDUFB5,INFEASIBLE,OPTIMAL,OPTIMAL,INFEASIBLE
USP13,OPTIMAL,OPTIMAL,OPTIMAL,OPTIMAL
TTC14,INFEASIBLE,OPTIMAL,OPTIMAL,OPTIMAL
FXR1,INFEASIBLE,OPTIMAL,OPTIMAL,INFEASIBLE
DNAJC19,INFEASIBLE,INFEASIBLE,OPTIMAL,INFEASIBLE
SOX2,OPTIMAL,OPTIMAL,OPTIMAL,OPTIMAL
ATP11B,INFEASIBLE,OPTIMAL,OPTIMAL,INFEASIBLE
DCUN1D1,INFEASIBLE,OPTIMAL,OPTIMAL,INFEASIBLE
MCCC1,INFEASIBLE,OPTIMAL,OPTIMAL,OPTIMAL
MCF2L2,OPTIMAL,OPTIMAL,OPTIMAL,OPTIMAL
B3GNT5,OPTIMAL,OPTIMAL,OPTIMAL,OPTIMAL
KLHL24,OPTIMAL,OPTIMAL,OPTIMAL,OPTIMAL
YEATS2,INFEASIBLE,OPTIMAL,OPTIMAL,INFEASIBLE
PARL,INFEASIBLE,INFEASIBLE,OPTIMAL,INFEASIBLE
ABCC5,INFEASIBLE,OPTIMAL,OPTIMAL,INFEASIBLE
EIF2B5,OPTIMAL,OPTIMAL,OPTIMAL,OPTIMAL
DVL3,OPTIMAL,OPTIMAL,OPTIMAL,OPTIMAL
AP2M1,INFEASIBLE,OPTIMAL,OPTIMAL,OPTIMAL
ABCF3,OPTIMAL,OPTIMAL,OPTIMAL,OPTIMAL
ALG3,INFEASIBLE,OPTIMAL,OPTIMAL,OPTIMAL
EEF1AKMT4,OPTIMAL,OPTIMAL,OPTIMAL,OPTIMAL
PSMD2,INFEASIBLE,INFEASIBLE,OPTIMAL,INFEASIBLE
EIF4G1,INFEASIBLE,INFEASIBLE,OPTIMAL,OPTIMAL
POLR2H,INFEASIBLE,OPTIMAL,OPTIMAL,INFEASIBLE
MAGEF1,INFEASIBLE,OPTIMAL,OPTIMAL,OPTIMAL
VPS8,INFEASIBLE,INFEASIBLE,OPTIMAL,INFEASIBLE
EHHADH,INFEASIBLE,OPTIMAL,OPTIMAL,OPTIMAL
MAP3K13,INFEASIBLE,OPTIMAL,OPTIMAL,INFEASIBLE
TMEM41A,OPTIMAL,INFEASIBLE,OPTIMAL,OPTIMAL
SENP2,INFEASIBLE,OPTIMAL,OPTIMAL,OPTIMAL
IGF2BP2,INFEASIBLE,OPTIMAL,OPTIMAL,INFEASIBLE
TRA2B,INFEASIBLE,INFEASIBLE,OPTIMAL,INFEASIBLE
TBCCD1,OPTIMAL,OPTIMAL,OPTIMAL,OPTIMAL
DNAJB11,INFEASIBLE,INFEASIBLE,OPTIMAL,INFEASIBLE
EIF4A2,OPTIMAL,OPTIMAL,OPTIMAL,INFEASIBLE
RFC4,INFEASIBLE,OPTIMAL,OPTIMAL,INFEASIBLE
ST6GAL1,INFEASIBLE,OPTIMAL,OPTIMAL,INFEASIBLE
RPL39L,INFEASIBLE,OPTIMAL,OPTIMAL,INFEASIBLE
LPP,OPTIMAL,OPTIMAL,OPTIMAL,OPTIMAL
P3H2,OPTIMAL,OPTIMAL,OPTIMAL,OPTIMAL
CCDC50,INFEASIBLE,OPTIMAL,OPTIMAL,OPTIMAL
FGF12,OPTIMAL,OPTIMAL,OPTIMAL,OPTIMAL
MB21D2,INFEASIBLE,INFEASIBLE,OPTIMAL,INFEASIBLE
PLAAT1,INFEASIBLE,INFEASIBLE,OPTIMAL,INFEASIBLE
OPA1,INFEASIBLE,OPTIMAL,OPTIMAL,INFEASIBLE
HES1,OPTIMAL,OPTIMAL,OPTIMAL,OPTIMAL
ATP13A3,INFEASIBLE,OPTIMAL,INFEASIBLE,INFEASIBLE
LSG1,OPTIMAL,OPTIMAL,OPTIMAL,OPTIMAL
XXYLT1,OPTIMAL,OPTIMAL,OPTIMAL,OPTIMAL
ACAP2,INFEASIBLE,OPTIMAL,OPTIMAL,INFEASIBLE
PPP1R2,OPTIMAL,OPTIMAL,OPTIMAL,INFEASIBLE
TNK2,INFEASIBLE,OPTIMAL,OPTIMAL,OPTIMAL
TFRC,OPTIMAL,OPTIMAL,OPTIMAL,OPTIMAL
PCYT1A,OPTIMAL,OPTIMAL,OPTIMAL,OPTIMAL
DYNLT2B,INFEASIBLE,OPTIMAL,INFEASIBLE,INFEASIBLE
UBXN7,OPTIMAL,OPTIMAL,OPTIMAL,OPTIMAL
RNF168,INFEASIBLE,OPTIMAL,OPTIMAL,INFEASIBLE
WDR53,OPTIMAL,OPTIMAL,OPTIMAL,OPTIMAL
FBXO45,INFEASIBLE,OPTIMAL,OPTIMAL,OPTIMAL
PIGX,OPTIMAL,OPTIMAL,OPTIMAL,INFEASIBLE
CEP19,INFEASIBLE,OPTIMAL,OPTIMAL,OPTIMAL
PAK2,INFEASIBLE,OPTIMAL,OPTIMAL,INFEASIBLE
SENP5,INFEASIBLE,INFEASIBLE,OPTIMAL,INFEASIBLE
NCBP2,INFEASIBLE,OPTIMAL,OPTIMAL,INFEASIBLE
NCBP2AS2,INFEASIBLE,INFEASIBLE,OPTIMAL,OPTIMAL
MELTF,OPTIMAL,OPTIMAL,OPTIMAL,OPTIMAL
DLG1,INFEASIBLE,INFEASIBLE,OPTIMAL,INFEASIBLE
RUBCN,INFEASIBLE,OPTIMAL,OPTIMAL,OPTIMAL
FYTTD1,INFEASIBLE,INFEASIBLE,INFEASIBLE,OPTIMAL
LRCH3,INFEASIBLE,INFEASIBLE,OPTIMAL,INFEASIBLE
IQCG,OPTIMAL,OPTIMAL,OPTIMAL,OPTIMAL
RPL35A,INFEASIBLE,INFEASIBLE,OPTIMAL,INFEASIBLE
LMLN,OPTIMAL,OPTIMAL,OPTIMAL,OPTIMAL
ZNF721,INFEASIBLE,OPTIMAL,OPTIMAL,OPTIMAL
PIGG,OPTIMAL,OPTIMAL,OPTIMAL,OPTIMAL
ATP5ME,INFEASIBLE,INFEASIBLE,INFEASIBLE,INFEASIBLE
MYL5,INFEASIBLE,OPTIMAL,OPTIMAL,OPTIMAL
PCGF3,INFEASIBLE,OPTIMAL,OPTIMAL,INFEASIBLE
GAK,INFEASIBLE,OPTIMAL,OPTIMAL,OPTIMAL
TMEM175,INFEASIBLE,OPTIMAL,OPTIMAL,INFEASIBLE
FGFRL1,OPTIMAL,INFEASIBLE,OPTIMAL,OPTIMAL
CTBP1,INFEASIBLE,OPTIMAL,OPTIMAL,INFEASIBLE
MAEA,OPTIMAL,OPTIMAL,OPTIMAL,OPTIMAL
UVSSA,OPTIMAL,INFEASIBLE,OPTIMAL,OPTIMAL
SLBP,INFEASIBLE,INFEASIBLE,OPTIMAL,INFEASIBLE
TACC3,OPTIMAL,OPTIMAL,OPTIMAL,OPTIMAL
TMEM129,OPTIMAL,OPTIMAL,OPTIMAL,OPTIMAL
FGFR3,OPTIMAL,OPTIMAL,OPTIMAL,OPTIMAL
LETM1,INFEASIBLE,OPTIMAL,OPTIMAL,INFEASIBLE
NSD2,INFEASIBLE,OPTIMAL,OPTIMAL,INFEASIBLE
NELFA,INFEASIBLE,OPTIMAL,OPTIMAL,OPTIMAL
C4orf48,INFEASIBLE,INFEASIBLE,INFEASIBLE,INFEASIBLE
NAT8L,OPTIMAL,OPTIMAL,OPTIMAL,OPTIMAL
POLN,OPTIMAL,OPTIMAL,OPTIMAL,OPTIMAL
HAUS3,INFEASIBLE,OPTIMAL,OPTIMAL,INFEASIBLE
MXD4,INFEASIBLE,OPTIMAL,OPTIMAL,OPTIMAL
ZFYVE28,OPTIMAL,OPTIMAL,OPTIMAL,OPTIMAL
RNF4,INFEASIBLE,OPTIMAL,OPTIMAL,INFEASIBLE
FAM193A,INFEASIBLE,OPTIMAL,OPTIMAL,OPTIMAL
TNIP2,INFEASIBLE,OPTIMAL,OPTIMAL,INFEASIBLE
ADD1,INFEASIBLE,OPTIMAL,OPTIMAL,INFEASIBLE
MFSD10,OPTIMAL,OPTIMAL,OPTIMAL,OPTIMAL
NOP14,INFEASIBLE,OPTIMAL,OPTIMAL,OPTIMAL
GRK4,INFEASIBLE,OPTIMAL,OPTIMAL,INFEASIBLE
HTT,INFEASIBLE,OPTIMAL,OPTIMAL,INFEASIBLE
RGS12,OPTIMAL,OPTIMAL,OPTIMAL,OPTIMAL
LRPAP1,INFEASIBLE,INFEASIBLE,OPTIMAL,INFEASIBLE
ADRA2C,OPTIMAL,OPTIMAL,OPTIMAL,OPTIMAL
TMEM128,INFEASIBLE,OPTIMAL,OPTIMAL,OPTIMAL
LYAR,INFEASIBLE,INFEASIBLE,OPTIMAL,INFEASIBLE
STX18,INFEASIBLE,OPTIMAL,OPTIMAL,INFEASIBLE
MSX1,OPTIMAL,OPTIMAL,OPTIMAL,OPTIMAL
EVC,OPTIMAL,OPTIMAL,OPTIMAL,OPTIMAL
MAN2B2,OPTIMAL,OPTIMAL,OPTIMAL,OPTIMAL
MRFAP1,INFEASIBLE,OPTIMAL,OPTIMAL,INFEASIBLE
ENSG00000170846,INFEASIBLE,OPTIMAL,OPTIMAL,OPTIMAL
MRFAP1L1,OPTIMAL,OPTIMAL,OPTIMAL,OPTIMAL
BLOC1S4,INFEASIBLE,OPTIMAL,OPTIMAL,INFEASIBLE
KIAA0232,INFEASIBLE,OPTIMAL,OPTIMAL,OPTIMAL
TBC1D14,OPTIMAL,OPTIMAL,OPTIMAL,INFEASIBLE
TADA2B,INFEASIBLE,OPTIMAL,OPTIMAL,INFEASIBLE
GRPEL1,INFEASIBLE,INFEASIBLE,OPTIMAL,INFEASIBLE
SORCS2,INFEASIBLE,INFEASIBLE,INFEASIBLE,OPTIMAL
AFAP1,INFEASIBLE,OPTIMAL,OPTIMAL,INFEASIBLE
ACOX3,INFEASIBLE,OPTIMAL,OPTIMAL,INFEASIBLE
TRMT44,OPTIMAL,INFEASIBLE,OPTIMAL,OPTIMAL
HMX1,OPTIMAL,OPTIMAL,OPTIMAL,OPTIMAL
WDR1,INFEASIBLE,INFEASIBLE,OPTIMAL,INFEASIBLE
ZNF518B,OPTIMAL,OPTIMAL,OPTIMAL,OPTIMAL
RAB28,INFEASIBLE,INFEASIBLE,OPTIMAL,INFEASIBLE
BOD1L1,INFEASIBLE,OPTIMAL,OPTIMAL,OPTIMAL
CPEB2,OPTIMAL,OPTIMAL,OPTIMAL,OPTIMAL
CC2D2A,INFEASIBLE,OPTIMAL,OPTIMAL,INFEASIBLE
FBXL5,INFEASIBLE,OPTIMAL,OPTIMAL,INFEASIBLE
FAM200B,INFEASIBLE,INFEASIBLE,OPTIMAL,INFEASIBLE
TAPT1,OPTIMAL,OPTIMAL,OPTIMAL,OPTIMAL
QDPR,INFEASIBLE,OPTIMAL,OPTIMAL,INFEASIBLE
LAP3,INFEASIBLE,OPTIMAL,OPTIMAL,OPTIMAL
MED28,INFEASIBLE,OPTIMAL,OPTIMAL,INFEASIBLE
FAM184B,OPTIMAL,OPTIMAL,OPTIMAL,OPTIMAL
DCAF16,INFEASIBLE,OPTIMAL,OPTIMAL,INFEASIBLE
NCAPG,INFEASIBLE,OPTIMAL,OPTIMAL,INFEASIBLE
LCORL,INFEASIBLE,OPTIMAL,OPTIMAL,INFEASIBLE
SLIT2,INFEASIBLE,OPTIMAL,OPTIMAL,INFEASIBLE
PACRGL,OPTIMAL,OPTIMAL,OPTIMAL,OPTIMAL
ADGRA3,INFEASIBLE,OPTIMAL,OPTIMAL,OPTIMAL
GBA3,INFEASIBLE,OPTIMAL,OPTIMAL,OPTIMAL
DHX15,INFEASIBLE,OPTIMAL,OPTIMAL,INFEASIBLE
SEPSECS,INFEASIBLE,OPTIMAL,OPTIMAL,OPTIMAL
PI4K2B,INFEASIBLE,OPTIMAL,OPTIMAL,OPTIMAL
ZCCHC4,INFEASIBLE,OPTIMAL,OPTIMAL,INFEASIBLE
ANAPC4,INFEASIBLE,OPTIMAL,INFEASIBLE,INFEASIBLE
SEL1L3,INFEASIBLE,OPTIMAL,OPTIMAL,INFEASIBLE
SMIM20,INFEASIBLE,OPTIMAL,OPTIMAL,INFEASIBLE
RBPJ,INFEASIBLE,OPTIMAL,OPTIMAL,INFEASIBLE
TBC1D19,INFEASIBLE,OPTIMAL,OPTIMAL,INFEASIBLE
STIM2,INFEASIBLE,INFEASIBLE,OPTIMAL,INFEASIBLE
PCDH7,INFEASIBLE,OPTIMAL,OPTIMAL,INFEASIBLE
ARAP2,OPTIMAL,OPTIMAL,OPTIMAL,OPTIMAL
RELL1,INFEASIBLE,OPTIMAL,OPTIMAL,OPTIMAL
PGM2,INFEASIBLE,INFEASIBLE,OPTIMAL,INFEASIBLE
TBC1D1,INFEASIBLE,INFEASIBLE,OPTIMAL,INFEASIBLE
KLF3,OPTIMAL,OPTIMAL,OPTIMAL,OPTIMAL
FAM114A1,OPTIMAL,OPTIMAL,INFEASIBLE,OPTIMAL
KLHL5,INFEASIBLE,OPTIMAL,OPTIMAL,OPTIMAL
WDR19,OPTIMAL,OPTIMAL,OPTIMAL,OPTIMAL
RFC1,INFEASIBLE,OPTIMAL,OPTIMAL,INFEASIBLE
RPL9,INFEASIBLE,INFEASIBLE,OPTIMAL,INFEASIBLE
LIAS,INFEASIBLE,OPTIMAL,OPTIMAL,OPTIMAL
UGDH,INFEASIBLE,OPTIMAL,OPTIMAL,OPTIMAL
SMIM14,INFEASIBLE,OPTIMAL,OPTIMAL,INFEASIBLE
UBE2K,INFEASIBLE,INFEASIBLE,OPTIMAL,INFEASIBLE
PDS5A,INFEASIBLE,INFEASIBLE,OPTIMAL,OPTIMAL
N4BP2,INFEASIBLE,OPTIMAL,INFEASIBLE,OPTIMAL
RBM47,INFEASIBLE,OPTIMAL,OPTIMAL,INFEASIBLE
APBB2,INFEASIBLE,OPTIMAL,OPTIMAL,INFEASIBLE
UCHL1,INFEASIBLE,INFEASIBLE,OPTIMAL,OPTIMAL
LIMCH1,OPTIMAL,OPTIMAL,OPTIMAL,OPTIMAL
TMEM33,INFEASIBLE,INFEASIBLE,OPTIMAL,INFEASIBLE
SLC30A9,INFEASIBLE,OPTIMAL,OPTIMAL,INFEASIBLE
BEND4,OPTIMAL,OPTIMAL,OPTIMAL,OPTIMAL
ATP8A1,INFEASIBLE,OPTIMAL,OPTIMAL,INFEASIBLE
KCTD8,OPTIMAL,OPTIMAL,OPTIMAL,INFEASIBLE
GUF1,OPTIMAL,OPTIMAL,OPTIMAL,OPTIMAL
GNPDA2,OPTIMAL,OPTIMAL,OPTIMAL,OPTIMAL
COMMD8,INFEASIBLE,OPTIMAL,OPTIMAL,INFEASIBLE
ATP10D,OPTIMAL,OPTIMAL,OPTIMAL,OPTIMAL
NFXL1,OPTIMAL,OPTIMAL,OPTIMAL,OPTIMAL
NIPAL1,OPTIMAL,OPTIMAL,OPTIMAL,OPTIMAL
TXK,OPTIMAL,OPTIMAL,OPTIMAL,OPTIMAL
TEC,OPTIMAL,OPTIMAL,OPTIMAL,OPTIMAL
SLAIN2,INFEASIBLE,OPTIMAL,OPTIMAL,INFEASIBLE
FRYL,INFEASIBLE,OPTIMAL,OPTIMAL,INFEASIBLE
OCIAD1,INFEASIBLE,OPTIMAL,OPTIMAL,INFEASIBLE
DCUN1D4,INFEASIBLE,OPTIMAL,OPTIMAL,OPTIMAL
SGCB,INFEASIBLE,OPTIMAL,OPTIMAL,INFEASIBLE
USP46,INFEASIBLE,OPTIMAL,OPTIMAL,INFEASIBLE
SCFD2,INFEASIBLE,INFEASIBLE,OPTIMAL,INFEASIBLE
FIP1L1,INFEASIBLE,OPTIMAL,OPTIMAL,INFEASIBLE
CHIC2,INFEASIBLE,INFEASIBLE,OPTIMAL,OPTIMAL
SRD5A3,INFEASIBLE,OPTIMAL,OPTIMAL,OPTIMAL
TMEM165,INFEASIBLE,OPTIMAL,OPTIMAL,INFEASIBLE
CLOCK,INFEASIBLE,OPTIMAL,OPTIMAL,INFEASIBLE
NMU,INFEASIBLE,INFEASIBLE,OPTIMAL,OPTIMAL
EXOC1,INFEASIBLE,OPTIMAL,OPTIMAL,INFEASIBLE
CEP135,INFEASIBLE,OPTIMAL,OPTIMAL,INFEASIBLE
CRACD,INFEASIBLE,OPTIMAL,OPTIMAL,INFEASIBLE
AASDH,INFEASIBLE,OPTIMAL,OPTIMAL,INFEASIBLE
PPAT,INFEASIBLE,INFEASIBLE,OPTIMAL,INFEASIBLE
PAICS,INFEASIBLE,OPTIMAL,OPTIMAL,INFEASIBLE
SRP72,INFEASIBLE,OPTIMAL,OPTIMAL,INFEASIBLE
HOPX,INFEASIBLE,INFEASIBLE,OPTIMAL,OPTIMAL
REST,INFEASIBLE,OPTIMAL,OPTIMAL,INFEASIBLE
NOA1,OPTIMAL,OPTIMAL,OPTIMAL,OPTIMAL
POLR2B,INFEASIBLE,OPTIMAL,OPTIMAL,OPTIMAL
ADGRL3,OPTIMAL,OPTIMAL,OPTIMAL,INFEASIBLE
EPHA5,INFEASIBLE,OPTIMAL,OPTIMAL,OPTIMAL
CENPC,OPTIMAL,OPTIMAL,OPTIMAL,OPTIMAL
UBA6,INFEASIBLE,OPTIMAL,OPTIMAL,INFEASIBLE
YTHDC1,INFEASIBLE,OPTIMAL,OPTIMAL,INFEASIBLE
UTP3,OPTIMAL,OPTIMAL,OPTIMAL,OPTIMAL
RUFY3,INFEASIBLE,INFEASIBLE,OPTIMAL,INFEASIBLE
GRSF1,INFEASIBLE,INFEASIBLE,OPTIMAL,INFEASIBLE
MOB1B,INFEASIBLE,OPTIMAL,OPTIMAL,INFEASIBLE
DCK,INFEASIBLE,OPTIMAL,OPTIMAL,INFEASIBLE
SLC4A4,INFEASIBLE,OPTIMAL,OPTIMAL,INFEASIBLE
ADAMTS3,INFEASIBLE,OPTIMAL,OPTIMAL,INFEASIBLE
COX18,OPTIMAL,OPTIMAL,OPTIMAL,OPTIMAL
ANKRD17,INFEASIBLE,OPTIMAL,OPTIMAL,INFEASIBLE
MTHFD2L,INFEASIBLE,OPTIMAL,OPTIMAL,INFEASIBLE
RCHY1,INFEASIBLE,OPTIMAL,OPTIMAL,INFEASIBLE
THAP6,INFEASIBLE,OPTIMAL,OPTIMAL,INFEASIBLE
CDKL2,OPTIMAL,OPTIMAL,OPTIMAL,OPTIMAL
G3BP2,INFEASIBLE,OPTIMAL,OPTIMAL,INFEASIBLE
USO1,INFEASIBLE,INFEASIBLE,OPTIMAL,INFEASIBLE
NAAA,OPTIMAL,OPTIMAL,OPTIMAL,OPTIMAL
SDAD1,INFEASIBLE,OPTIMAL,OPTIMAL,INFEASIBLE
NUP54,INFEASIBLE,INFEASIBLE,OPTIMAL,INFEASIBLE
SCARB2,INFEASIBLE,OPTIMAL,OPTIMAL,OPTIMAL
SHROOM3,OPTIMAL,OPTIMAL,OPTIMAL,OPTIMAL
SEPTIN11,INFEASIBLE,OPTIMAL,OPTIMAL,INFEASIBLE
CCNI,INFEASIBLE,OPTIMAL,INFEASIBLE,INFEASIBLE
CCNG2,INFEASIBLE,OPTIMAL,OPTIMAL,INFEASIBLE
CNOT6L,INFEASIBLE,OPTIMAL,OPTIMAL,INFEASIBLE
MRPL1,INFEASIBLE,OPTIMAL,OPTIMAL,INFEASIBLE
FRAS1,INFEASIBLE,OPTIMAL,OPTIMAL,OPTIMAL
BMP2K,OPTIMAL,OPTIMAL,OPTIMAL,OPTIMAL
PAQR3,INFEASIBLE,OPTIMAL,OPTIMAL,OPTIMAL
ANTXR2,INFEASIBLE,OPTIMAL,OPTIMAL,INFEASIBLE
RASGEF1B,OPTIMAL,OPTIMAL,OPTIMAL,OPTIMAL
HNRNPD,INFEASIBLE,OPTIMAL,OPTIMAL,INFEASIBLE
HNRNPDL,INFEASIBLE,OPTIMAL,OPTIMAL,INFEASIBLE
ENOPH1,INFEASIBLE,OPTIMAL,OPTIMAL,OPTIMAL
TMEM150C,INFEASIBLE,OPTIMAL,OPTIMAL,INFEASIBLE
SCD5,INFEASIBLE,OPTIMAL,OPTIMAL,INFEASIBLE
SEC31A,INFEASIBLE,INFEASIBLE,OPTIMAL,INFEASIBLE
THAP9,OPTIMAL,INFEASIBLE,OPTIMAL,INFEASIBLE
LIN54,INFEASIBLE,OPTIMAL,OPTIMAL,INFEASIBLE
COPS4,INFEASIBLE,OPTIMAL,OPTIMAL,INFEASIBLE
COQ2,INFEASIBLE,OPTIMAL,OPTIMAL,INFEASIBLE
HELQ,OPTIMAL,OPTIMAL,OPTIMAL,OPTIMAL
MRPS18C,INFEASIBLE,INFEASIBLE,OPTIMAL,INFEASIBLE
ABRAXAS1,OPTIMAL,OPTIMAL,OPTIMAL,OPTIMAL
GPAT3,OPTIMAL,OPTIMAL,OPTIMAL,OPTIMAL
CDS1,INFEASIBLE,OPTIMAL,OPTIMAL,OPTIMAL
WDFY3,OPTIMAL,OPTIMAL,OPTIMAL,OPTIMAL
ARHGAP24,INFEASIBLE,OPTIMAL,OPTIMAL,INFEASIBLE
MAPK10,OPTIMAL,OPTIMAL,OPTIMAL,OPTIMAL
PTPN13,INFEASIBLE,INFEASIBLE,OPTIMAL,INFEASIBLE
AFF1,INFEASIBLE,OPTIMAL,OPTIMAL,INFEASIBLE
KLHL8,INFEASIBLE,OPTIMAL,OPTIMAL,INFEASIBLE
HSD17B11,INFEASIBLE,OPTIMAL,OPTIMAL,INFEASIBLE
NUDT9,INFEASIBLE,OPTIMAL,OPTIMAL,INFEASIBLE
PKD2,INFEASIBLE,OPTIMAL,OPTIMAL,INFEASIBLE
PPM1K,INFEASIBLE,OPTIMAL,OPTIMAL,INFEASIBLE
HERC5,INFEASIBLE,OPTIMAL,OPTIMAL,INFEASIBLE
HERC3,OPTIMAL,OPTIMAL,OPTIMAL,OPTIMAL
FAM13A,OPTIMAL,OPTIMAL,OPTIMAL,INFEASIBLE
GPRIN3,OPTIMAL,OPTIMAL,OPTIMAL,OPTIMAL
SNCA,INFEASIBLE,OPTIMAL,OPTIMAL,INFEASIBLE
CCSER1,INFEASIBLE,OPTIMAL,OPTIMAL,INFEASIBLE
GRID2,OPTIMAL,OPTIMAL,OPTIMAL,OPTIMAL
SMARCAD1,INFEASIBLE,OPTIMAL,INFEASIBLE,INFEASIBLE
PDLIM5,INFEASIBLE,OPTIMAL,OPTIMAL,INFEASIBLE
BMPR1B,INFEASIBLE,OPTIMAL,OPTIMAL,INFEASIBLE
UNC5C,OPTIMAL,OPTIMAL,OPTIMAL,INFEASIBLE
STPG2,OPTIMAL,OPTIMAL,OPTIMAL,OPTIMAL
RAP1GDS1,INFEASIBLE,OPTIMAL,OPTIMAL,INFEASIBLE
TSPAN5,INFEASIBLE,OPTIMAL,OPTIMAL,INFEASIBLE
EIF4E,INFEASIBLE,INFEASIBLE,OPTIMAL,INFEASIBLE
METAP1,INFEASIBLE,INFEASIBLE,OPTIMAL,OPTIMAL
ADH5,INFEASIBLE,OPTIMAL,OPTIMAL,INFEASIBLE
TRMT10A,INFEASIBLE,OPTIMAL,OPTIMAL,OPTIMAL
LAMTOR3,INFEASIBLE,OPTIMAL,OPTIMAL,INFEASIBLE
DNAJB14,INFEASIBLE,INFEASIBLE,OPTIMAL,INFEASIBLE
PPP3CA,INFEASIBLE,OPTIMAL,INFEASIBLE,INFEASIBLE
SLC39A8,OPTIMAL,OPTIMAL,OPTIMAL,OPTIMAL
NFKB1,INFEASIBLE,OPTIMAL,OPTIMAL,OPTIMAL
MANBA,INFEASIBLE,INFEASIBLE,OPTIMAL,INFEASIBLE
UBE2D3,INFEASIBLE,OPTIMAL,OPTIMAL,INFEASIBLE
CISD2,INFEASIBLE,INFEASIBLE,OPTIMAL,INFEASIBLE
SLC9B2,OPTIMAL,INFEASIBLE,OPTIMAL,OPTIMAL
BDH2,INFEASIBLE,OPTIMAL,OPTIMAL,OPTIMAL
CENPE,INFEASIBLE,OPTIMAL,OPTIMAL,INFEASIBLE
CXXC4,OPTIMAL,OPTIMAL,OPTIMAL,OPTIMAL
TET2,INFEASIBLE,OPTIMAL,OPTIMAL,INFEASIBLE
PPA2,INFEASIBLE,INFEASIBLE,OPTIMAL,INFEASIBLE
INTS12,OPTIMAL,OPTIMAL,OPTIMAL,OPTIMAL
GSTCD,INFEASIBLE,OPTIMAL,OPTIMAL,INFEASIBLE
TBCK,OPTIMAL,OPTIMAL,OPTIMAL,OPTIMAL
AIMP1,INFEASIBLE,INFEASIBLE,OPTIMAL,INFEASIBLE
PAPSS1,OPTIMAL,OPTIMAL,OPTIMAL,OPTIMAL
SGMS2,INFEASIBLE,OPTIMAL,OPTIMAL,INFEASIBLE
HADH,INFEASIBLE,INFEASIBLE,INFEASIBLE,INFEASIBLE
LEF1,INFEASIBLE,OPTIMAL,OPTIMAL,INFEASIBLE
RPL34,INFEASIBLE,INFEASIBLE,OPTIMAL,INFEASIBLE
OSTC,INFEASIBLE,INFEASIBLE,OPTIMAL,INFEASIBLE
COL25A1,OPTIMAL,OPTIMAL,OPTIMAL,INFEASIBLE
SEC24B,INFEASIBLE,INFEASIBLE,OPTIMAL,INFEASIBLE
MCUB,INFEASIBLE,OPTIMAL,OPTIMAL,INFEASIBLE
CASP6,INFEASIBLE,OPTIMAL,OPTIMAL,INFEASIBLE
PLA2G12A,INFEASIBLE,OPTIMAL,OPTIMAL,INFEASIBLE
GAR1,INFEASIBLE,INFEASIBLE,OPTIMAL,INFEASIBLE
ELOVL6,INFEASIBLE,INFEASIBLE,OPTIMAL,OPTIMAL
ENPEP,OPTIMAL,OPTIMAL,OPTIMAL,OPTIMAL
PITX2,INFEASIBLE,OPTIMAL,OPTIMAL,INFEASIBLE
FAM241A,INFEASIBLE,OPTIMAL,OPTIMAL,INFEASIBLE
AP1AR,INFEASIBLE,OPTIMAL,OPTIMAL,INFEASIBLE
TIFA,OPTIMAL,OPTIMAL,OPTIMAL,INFEASIBLE
ALPK1,INFEASIBLE,OPTIMAL,OPTIMAL,INFEASIBLE
ZGRF1,INFEASIBLE,OPTIMAL,OPTIMAL,INFEASIBLE
LARP7,INFEASIBLE,OPTIMAL,OPTIMAL,INFEASIBLE
ANK2,INFEASIBLE,OPTIMAL,OPTIMAL,INFEASIBLE
CAMK2D,INFEASIBLE,OPTIMAL,OPTIMAL,INFEASIBLE
ARSJ,INFEASIBLE,OPTIMAL,OPTIMAL,INFEASIBLE
UGT8,OPTIMAL,OPTIMAL,OPTIMAL,OPTIMAL
METTL14,INFEASIBLE,OPTIMAL,OPTIMAL,INFEASIBLE
SEC24D,INFEASIBLE,OPTIMAL,OPTIMAL,INFEASIBLE
USP53,INFEASIBLE,OPTIMAL,OPTIMAL,INFEASIBLE
C4orf3,INFEASIBLE,OPTIMAL,OPTIMAL,INFEASIBLE
PDE5A,INFEASIBLE,OPTIMAL,OPTIMAL,OPTIMAL
MAD2L1,INFEASIBLE,OPTIMAL,OPTIMAL,INFEASIBLE
PRDM5,INFEASIBLE,OPTIMAL,OPTIMAL,INFEASIBLE
QRFPR,OPTIMAL,OPTIMAL,OPTIMAL,OPTIMAL
ANXA5,INFEASIBLE,OPTIMAL,OPTIMAL,INFEASIBLE
EXOSC9,INFEASIBLE,OPTIMAL,OPTIMAL,INFEASIBLE
CCNA2,OPTIMAL,OPTIMAL,OPTIMAL,OPTIMAL
BBS7,INFEASIBLE,OPTIMAL,OPTIMAL,OPTIMAL
TRPC3,OPTIMAL,OPTIMAL,OPTIMAL,OPTIMAL
BLTP1,INFEASIBLE,OPTIMAL,OPTIMAL,INFEASIBLE
FGF2,INFEASIBLE,OPTIMAL,OPTIMAL,INFEASIBLE
NUDT6,OPTIMAL,OPTIMAL,OPTIMAL,OPTIMAL
SPATA5,INFEASIBLE,OPTIMAL,OPTIMAL,INFEASIBLE
SPRY1,INFEASIBLE,OPTIMAL,OPTIMAL,OPTIMAL
ANKRD50,OPTIMAL,OPTIMAL,OPTIMAL,OPTIMAL
INTU,INFEASIBLE,OPTIMAL,OPTIMAL,INFEASIBLE
HSPA4L,OPTIMAL,OPTIMAL,OPTIMAL,INFEASIBLE
PLK4,INFEASIBLE,OPTIMAL,OPTIMAL,INFEASIBLE
MFSD8,OPTIMAL,OPTIMAL,OPTIMAL,OPTIMAL
ABHD18,INFEASIBLE,OPTIMAL,OPTIMAL,INFEASIBLE
LARP1B,INFEASIBLE,OPTIMAL,OPTIMAL,INFEASIBLE
PGRMC2,INFEASIBLE,OPTIMAL,OPTIMAL,OPTIMAL
JADE1,OPTIMAL,OPTIMAL,OPTIMAL,OPTIMAL
SCLT1,INFEASIBLE,OPTIMAL,OPTIMAL,INFEASIBLE
C4orf33,OPTIMAL,OPTIMAL,OPTIMAL,INFEASIBLE
PCDH10,OPTIMAL,OPTIMAL,OPTIMAL,INFEASIBLE
SLC7A11,OPTIMAL,OPTIMAL,OPTIMAL,OPTIMAL
NOCT,OPTIMAL,INFEASIBLE,OPTIMAL,OPTIMAL
ELF2,INFEASIBLE,OPTIMAL,OPTIMAL,INFEASIBLE
MGARP,OPTIMAL,OPTIMAL,OPTIMAL,OPTIMAL
NDUFC1,INFEASIBLE,OPTIMAL,INFEASIBLE,INFEASIBLE
NAA15,INFEASIBLE,OPTIMAL,OPTIMAL,INFEASIBLE
RAB33B,OPTIMAL,OPTIMAL,OPTIMAL,OPTIMAL
SETD7,OPTIMAL,OPTIMAL,OPTIMAL,INFEASIBLE
MGST2,INFEASIBLE,OPTIMAL,OPTIMAL,OPTIMAL
MAML3,INFEASIBLE,OPTIMAL,OPTIMAL,INFEASIBLE
SCOC,INFEASIBLE,OPTIMAL,OPTIMAL,INFEASIBLE
CLGN,INFEASIBLE,OPTIMAL,INFEASIBLE,INFEASIBLE
ELMOD2,INFEASIBLE,OPTIMAL,OPTIMAL,INFEASIBLE
TBC1D9,INFEASIBLE,OPTIMAL,OPTIMAL,INFEASIBLE
RNF150,OPTIMAL,OPTIMAL,OPTIMAL,INFEASIBLE
ZNF330,INFEASIBLE,OPTIMAL,OPTIMAL,INFEASIBLE
USP38,OPTIMAL,OPTIMAL,OPTIMAL,OPTIMAL
GAB1,INFEASIBLE,OPTIMAL,OPTIMAL,INFEASIBLE
SMARCA5,INFEASIBLE,OPTIMAL,OPTIMAL,INFEASIBLE
HHIP,OPTIMAL,OPTIMAL,OPTIMAL,OPTIMAL
ANAPC10,INFEASIBLE,OPTIMAL,OPTIMAL,INFEASIBLE
ABCE1,OPTIMAL,OPTIMAL,OPTIMAL,OPTIMAL
OTUD4,OPTIMAL,OPTIMAL,OPTIMAL,OPTIMAL
SMAD1,OPTIMAL,OPTIMAL,OPTIMAL,OPTIMAL
ZNF827,INFEASIBLE,OPTIMAL,OPTIMAL,INFEASIBLE
LSM6,INFEASIBLE,OPTIMAL,OPTIMAL,INFEASIBLE
SLC10A7,INFEASIBLE,OPTIMAL,OPTIMAL,INFEASIBLE
EDNRA,OPTIMAL,OPTIMAL,OPTIMAL,OPTIMAL
TMEM184C,INFEASIBLE,OPTIMAL,OPTIMAL,INFEASIBLE
PRMT9,INFEASIBLE,OPTIMAL,OPTIMAL,INFEASIBLE
ARHGAP10,INFEASIBLE,OPTIMAL,OPTIMAL,OPTIMAL
NR3C2,INFEASIBLE,OPTIMAL,OPTIMAL,INFEASIBLE
DCLK2,INFEASIBLE,OPTIMAL,OPTIMAL,INFEASIBLE
LRBA,INFEASIBLE,OPTIMAL,INFEASIBLE,INFEASIBLE
RPS3A,INFEASIBLE,INFEASIBLE,OPTIMAL,INFEASIBLE
SH3D19,OPTIMAL,OPTIMAL,OPTIMAL,OPTIMAL
FHIP1A,INFEASIBLE,INFEASIBLE,OPTIMAL,INFEASIBLE
GATB,OPTIMAL,OPTIMAL,OPTIMAL,OPTIMAL
FBXW7,INFEASIBLE,OPTIMAL,OPTIMAL,INFEASIBLE
ARFIP1,INFEASIBLE,OPTIMAL,OPTIMAL,INFEASIBLE
TRIM2,INFEASIBLE,OPTIMAL,OPTIMAL,INFEASIBLE
MND1,INFEASIBLE,OPTIMAL,OPTIMAL,INFEASIBLE
TMEM131L,INFEASIBLE,OPTIMAL,OPTIMAL,INFEASIBLE
PLRG1,OPTIMAL,OPTIMAL,OPTIMAL,OPTIMAL
MAP9,INFEASIBLE,OPTIMAL,OPTIMAL,OPTIMAL
GUCY1A1,OPTIMAL,OPTIMAL,OPTIMAL,OPTIMAL
GUCY1B1,INFEASIBLE,OPTIMAL,OPTIMAL,INFEASIBLE
PDGFC,INFEASIBLE,OPTIMAL,OPTIMAL,OPTIMAL
TMEM144,INFEASIBLE,OPTIMAL,OPTIMAL,INFEASIBLE
C4orf46,INFEASIBLE,OPTIMAL,OPTIMAL,OPTIMAL
ETFDH,INFEASIBLE,OPTIMAL,OPTIMAL,OPTIMAL
PPID,INFEASIBLE,OPTIMAL,OPTIMAL,INFEASIBLE
FNIP2,INFEASIBLE,OPTIMAL,OPTIMAL,OPTIMAL
RAPGEF2,INFEASIBLE,OPTIMAL,OPTIMAL,INFEASIBLE
FSTL5,OPTIMAL,OPTIMAL,OPTIMAL,OPTIMAL
NAF1,INFEASIBLE,OPTIMAL,OPTIMAL,OPTIMAL
TMA16,INFEASIBLE,OPTIMAL,OPTIMAL,OPTIMAL
TMEM192,INFEASIBLE,OPTIMAL,OPTIMAL,INFEASIBLE
KLHL2,OPTIMAL,OPTIMAL,OPTIMAL,OPTIMAL
MSMO1,INFEASIBLE,OPTIMAL,OPTIMAL,OPTIMAL
CPE,INFEASIBLE,OPTIMAL,OPTIMAL,INFEASIBLE
TLL1,OPTIMAL,OPTIMAL,OPTIMAL,OPTIMAL
SPOCK3,INFEASIBLE,OPTIMAL,OPTIMAL,INFEASIBLE
PALLD,INFEASIBLE,OPTIMAL,OPTIMAL,INFEASIBLE
CBR4,INFEASIBLE,OPTIMAL,OPTIMAL,INFEASIBLE
SH3RF1,INFEASIBLE,OPTIMAL,OPTIMAL,INFEASIBLE
NEK1,INFEASIBLE,OPTIMAL,OPTIMAL,INFEASIBLE
CLCN3,INFEASIBLE,OPTIMAL,OPTIMAL,INFEASIBLE
HPF1,INFEASIBLE,OPTIMAL,OPTIMAL,OPTIMAL
MFAP3L,OPTIMAL,OPTIMAL,OPTIMAL,OPTIMAL
AADAT,OPTIMAL,OPTIMAL,OPTIMAL,OPTIMAL
GALNTL6,OPTIMAL,OPTIMAL,OPTIMAL,OPTIMAL
GALNT7,INFEASIBLE,OPTIMAL,OPTIMAL,INFEASIBLE
HMGB2,INFEASIBLE,INFEASIBLE,OPTIMAL,INFEASIBLE
SAP30,INFEASIBLE,OPTIMAL,OPTIMAL,INFEASIBLE
FBXO8,OPTIMAL,OPTIMAL,OPTIMAL,INFEASIBLE
CEP44,INFEASIBLE,OPTIMAL,OPTIMAL,INFEASIBLE
GPM6A,OPTIMAL,OPTIMAL,OPTIMAL,OPTIMAL
WDR17,INFEASIBLE,OPTIMAL,OPTIMAL,INFEASIBLE
SPCS3,INFEASIBLE,INFEASIBLE,OPTIMAL,INFEASIBLE
VEGFC,INFEASIBLE,OPTIMAL,OPTIMAL,INFEASIBLE
NEIL3,INFEASIBLE,OPTIMAL,OPTIMAL,INFEASIBLE
AGA,INFEASIBLE,OPTIMAL,OPTIMAL,OPTIMAL
TENM3,INFEASIBLE,OPTIMAL,OPTIMAL,INFEASIBLE
DCTD,INFEASIBLE,OPTIMAL,OPTIMAL,INFEASIBLE
WWC2,INFEASIBLE,OPTIMAL,OPTIMAL,INFEASIBLE
CDKN2AIP,OPTIMAL,OPTIMAL,OPTIMAL,OPTIMAL
ING2,INFEASIBLE,OPTIMAL,OPTIMAL,INFEASIBLE
RWDD4,INFEASIBLE,OPTIMAL,OPTIMAL,INFEASIBLE
TRAPPC11,INFEASIBLE,OPTIMAL,OPTIMAL,INFEASIBLE
STOX2,OPTIMAL,OPTIMAL,OPTIMAL,INFEASIBLE
IRF2,OPTIMAL,OPTIMAL,OPTIMAL,OPTIMAL
CASP3,INFEASIBLE,OPTIMAL,OPTIMAL,OPTIMAL
PRIMPOL,OPTIMAL,OPTIMAL,OPTIMAL,OPTIMAL
CENPU,INFEASIBLE,INFEASIBLE,OPTIMAL,INFEASIBLE
ACSL1,OPTIMAL,OPTIMAL,OPTIMAL,OPTIMAL
SLC25A4,INFEASIBLE,OPTIMAL,OPTIMAL,INFEASIBLE
CFAP97,INFEASIBLE,OPTIMAL,OPTIMAL,INFEASIBLE
SNX25,INFEASIBLE,OPTIMAL,OPTIMAL,INFEASIBLE
UFSP2,OPTIMAL,INFEASIBLE,OPTIMAL,OPTIMAL
PDLIM3,OPTIMAL,OPTIMAL,OPTIMAL,INFEASIBLE
SORBS2,OPTIMAL,OPTIMAL,OPTIMAL,OPTIMAL
CYP4V2,OPTIMAL,INFEASIBLE,OPTIMAL,OPTIMAL
FAT1,INFEASIBLE,OPTIMAL,OPTIMAL,OPTIMAL
FRG1,INFEASIBLE,OPTIMAL,OPTIMAL,OPTIMAL
CCDC127,INFEASIBLE,OPTIMAL,OPTIMAL,OPTIMAL
SDHA,OPTIMAL,OPTIMAL,OPTIMAL,OPTIMAL
PDCD6,INFEASIBLE,OPTIMAL,OPTIMAL,OPTIMAL
AHRR,OPTIMAL,OPTIMAL,OPTIMAL,INFEASIBLE
EXOC3,OPTIMAL,OPTIMAL,OPTIMAL,OPTIMAL
CEP72,INFEASIBLE,OPTIMAL,OPTIMAL,OPTIMAL
BRD9,INFEASIBLE,OPTIMAL,OPTIMAL,INFEASIBLE
TRIP13,INFEASIBLE,OPTIMAL,OPTIMAL,OPTIMAL
CLPTM1L,INFEASIBLE,OPTIMAL,OPTIMAL,INFEASIBLE
LPCAT1,INFEASIBLE,INFEASIBLE,OPTIMAL,OPTIMAL
MRPL36,INFEASIBLE,INFEASIBLE,OPTIMAL,INFEASIBLE
NDUFS6,INFEASIBLE,OPTIMAL,OPTIMAL,INFEASIBLE
ADAMTS16,INFEASIBLE,OPTIMAL,OPTIMAL,OPTIMAL
ICE1,INFEASIBLE,OPTIMAL,OPTIMAL,INFEASIBLE
MED10,INFEASIBLE,INFEASIBLE,OPTIMAL,INFEASIBLE
NSUN2,OPTIMAL,OPTIMAL,OPTIMAL,OPTIMAL
SRD5A1,INFEASIBLE,OPTIMAL,OPTIMAL,INFEASIBLE
TENT4A,INFEASIBLE,OPTIMAL,OPTIMAL,INFEASIBLE
MTRR,INFEASIBLE,INFEASIBLE,OPTIMAL,INFEASIBLE
FASTKD3,OPTIMAL,OPTIMAL,OPTIMAL,OPTIMAL
SEMA5A,OPTIMAL,OPTIMAL,INFEASIBLE,OPTIMAL
ATPSCKMT,INFEASIBLE,INFEASIBLE,OPTIMAL,INFEASIBLE
CCT5,INFEASIBLE,OPTIMAL,OPTIMAL,INFEASIBLE
CMBL,INFEASIBLE,OPTIMAL,OPTIMAL,INFEASIBLE
MARCHF6,INFEASIBLE,OPTIMAL,OPTIMAL,INFEASIBLE
ANKRD33B,OPTIMAL,OPTIMAL,OPTIMAL,OPTIMAL
DAP,INFEASIBLE,INFEASIBLE,OPTIMAL,OPTIMAL
TRIO,INFEASIBLE,OPTIMAL,OPTIMAL,INFEASIBLE
OTULINL,INFEASIBLE,OPTIMAL,OPTIMAL,INFEASIBLE
OTULIN,INFEASIBLE,OPTIMAL,OPTIMAL,INFEASIBLE
ANKH,INFEASIBLE,OPTIMAL,OPTIMAL,INFEASIBLE
FBXL7,OPTIMAL,OPTIMAL,OPTIMAL,OPTIMAL
ZNF622,OPTIMAL,INFEASIBLE,OPTIMAL,OPTIMAL
RETREG1,OPTIMAL,OPTIMAL,OPTIMAL,OPTIMAL
MYO10,OPTIMAL,OPTIMAL,OPTIMAL,OPTIMAL
BASP1,OPTIMAL,OPTIMAL,OPTIMAL,OPTIMAL
CDH18,OPTIMAL,OPTIMAL,OPTIMAL,OPTIMAL
CDH12,INFEASIBLE,OPTIMAL,OPTIMAL,INFEASIBLE
DROSHA,INFEASIBLE,OPTIMAL,OPTIMAL,INFEASIBLE
C5orf22,INFEASIBLE,OPTIMAL,OPTIMAL,INFEASIBLE
PDZD2,OPTIMAL,OPTIMAL,OPTIMAL,INFEASIBLE
GOLPH3,INFEASIBLE,OPTIMAL,OPTIMAL,INFEASIBLE
MTMR12,INFEASIBLE,OPTIMAL,OPTIMAL,OPTIMAL
ZFR,INFEASIBLE,INFEASIBLE,OPTIMAL,INFEASIBLE
SUB1,INFEASIBLE,INFEASIBLE,OPTIMAL,INFEASIBLE
TARS1,INFEASIBLE,OPTIMAL,OPTIMAL,INFEASIBLE
RAI14,OPTIMAL,OPTIMAL,OPTIMAL,OPTIMAL
RAD1,INFEASIBLE,OPTIMAL,OPTIMAL,INFEASIBLE
BRIX1,INFEASIBLE,OPTIMAL,OPTIMAL,INFEASIBLE
DNAJC21,INFEASIBLE,OPTIMAL,OPTIMAL,INFEASIBLE
LMBRD2,INFEASIBLE,INFEASIBLE,OPTIMAL,INFEASIBLE
SKP2,INFEASIBLE,OPTIMAL,OPTIMAL,INFEASIBLE
NADK2,INFEASIBLE,OPTIMAL,OPTIMAL,INFEASIBLE
SLC1A3,INFEASIBLE,INFEASIBLE,OPTIMAL,OPTIMAL
NIPBL,INFEASIBLE,OPTIMAL,OPTIMAL,INFEASIBLE
CPLANE1,INFEASIBLE,OPTIMAL,OPTIMAL,OPTIMAL
NUP155,INFEASIBLE,OPTIMAL,OPTIMAL,INFEASIBLE
WDR70,INFEASIBLE,OPTIMAL,OPTIMAL,INFEASIBLE
LIFR,INFEASIBLE,OPTIMAL,OPTIMAL,INFEASIBLE
RICTOR,INFEASIBLE,OPTIMAL,OPTIMAL,INFEASIBLE
DAB2,INFEASIBLE,INFEASIBLE,OPTIMAL,INFEASIBLE
TTC33,INFEASIBLE,OPTIMAL,OPTIMAL,INFEASIBLE
PRKAA1,OPTIMAL,OPTIMAL,OPTIMAL,OPTIMAL
RPL37,INFEASIBLE,INFEASIBLE,OPTIMAL,INFEASIBLE
OXCT1,INFEASIBLE,OPTIMAL,OPTIMAL,INFEASIBLE
RIMOC1,OPTIMAL,OPTIMAL,OPTIMAL,OPTIMAL
FBXO4,INFEASIBLE,OPTIMAL,OPTIMAL,INFEASIBLE
GHR,INFEASIBLE,INFEASIBLE,OPTIMAL,INFEASIBLE
SELENOP,INFEASIBLE,OPTIMAL,OPTIMAL,INFEASIBLE
ZNF131,INFEASIBLE,INFEASIBLE,OPTIMAL,INFEASIBLE
HMGCS1,INFEASIBLE,OPTIMAL,OPTIMAL,OPTIMAL
TMEM267,OPTIMAL,INFEASIBLE,OPTIMAL,OPTIMAL
C5orf34,INFEASIBLE,OPTIMAL,OPTIMAL,OPTIMAL
PAIP1,INFEASIBLE,OPTIMAL,OPTIMAL,INFEASIBLE
NNT,OPTIMAL,INFEASIBLE,OPTIMAL,OPTIMAL
MRPS30,OPTIMAL,OPTIMAL,OPTIMAL,OPTIMAL
EMB,INFEASIBLE,OPTIMAL,OPTIMAL,INFEASIBLE
PARP8,INFEASIBLE,OPTIMAL,OPTIMAL,OPTIMAL
ISL1,INFEASIBLE,OPTIMAL,OPTIMAL,OPTIMAL
PELO,INFEASIBLE,INFEASIBLE,OPTIMAL,OPTIMAL
ITGA2,OPTIMAL,OPTIMAL,OPTIMAL,OPTIMAL
MOCS2,INFEASIBLE,OPTIMAL,OPTIMAL,INFEASIBLE
NDUFS4,INFEASIBLE,OPTIMAL,OPTIMAL,INFEASIBLE
ARL15,INFEASIBLE,OPTIMAL,OPTIMAL,INFEASIBLE
SNX18,INFEASIBLE,OPTIMAL,OPTIMAL,OPTIMAL
GPX8,INFEASIBLE,OPTIMAL,OPTIMAL,INFEASIBLE
DHX29,INFEASIBLE,OPTIMAL,OPTIMAL,INFEASIBLE
MTREX,INFEASIBLE,OPTIMAL,OPTIMAL,INFEASIBLE
PLPP1,INFEASIBLE,OPTIMAL,OPTIMAL,INFEASIBLE
SLC38A9,INFEASIBLE,OPTIMAL,OPTIMAL,OPTIMAL
IL6ST,INFEASIBLE,OPTIMAL,OPTIMAL,OPTIMAL
MAP3K1,INFEASIBLE,OPTIMAL,OPTIMAL,INFEASIBLE
SETD9,INFEASIBLE,OPTIMAL,OPTIMAL,OPTIMAL
MIER3,OPTIMAL,OPTIMAL,OPTIMAL,OPTIMAL
GPBP1,INFEASIBLE,OPTIMAL,OPTIMAL,INFEASIBLE
RAB3C,OPTIMAL,OPTIMAL,OPTIMAL,OPTIMAL
PDE4D,INFEASIBLE,OPTIMAL,OPTIMAL,INFEASIBLE
DEPDC1B,INFEASIBLE,OPTIMAL,OPTIMAL,INFEASIBLE
ELOVL7,INFEASIBLE,OPTIMAL,OPTIMAL,OPTIMAL
ERCC8,INFEASIBLE,OPTIMAL,OPTIMAL,INFEASIBLE
NDUFAF2,INFEASIBLE,INFEASIBLE,OPTIMAL,INFEASIBLE
SMIM15,INFEASIBLE,OPTIMAL,OPTIMAL,INFEASIBLE
ZSWIM6,INFEASIBLE,OPTIMAL,OPTIMAL,OPTIMAL
KIF2A,INFEASIBLE,INFEASIBLE,OPTIMAL,INFEASIBLE
DIMT1,INFEASIBLE,OPTIMAL,OPTIMAL,OPTIMAL
IPO11,INFEASIBLE,INFEASIBLE,OPTIMAL,INFEASIBLE
SREK1IP1,INFEASIBLE,INFEASIBLE,OPTIMAL,INFEASIBLE
CWC27,INFEASIBLE,OPTIMAL,OPTIMAL,INFEASIBLE
ADAMTS6,OPTIMAL,OPTIMAL,OPTIMAL,OPTIMAL
CENPK,INFEASIBLE,OPTIMAL,OPTIMAL,INFEASIBLE
PPWD1,INFEASIBLE,OPTIMAL,OPTIMAL,INFEASIBLE
TRIM23,OPTIMAL,OPTIMAL,OPTIMAL,OPTIMAL
TRAPPC13,INFEASIBLE,OPTIMAL,OPTIMAL,INFEASIBLE
SGTB,OPTIMAL,INFEASIBLE,OPTIMAL,OPTIMAL
NLN,OPTIMAL,OPTIMAL,OPTIMAL,OPTIMAL
ERBIN,INFEASIBLE,OPTIMAL,OPTIMAL,INFEASIBLE
SREK1,OPTIMAL,OPTIMAL,OPTIMAL,OPTIMAL
MAST4,OPTIMAL,OPTIMAL,OPTIMAL,OPTIMAL
PIK3R1,INFEASIBLE,OPTIMAL,OPTIMAL,INFEASIBLE
SLC30A5,OPTIMAL,INFEASIBLE,OPTIMAL,OPTIMAL
CCNB1,INFEASIBLE,INFEASIBLE,OPTIMAL,INFEASIBLE
CENPH,INFEASIBLE,OPTIMAL,OPTIMAL,INFEASIBLE
MRPS36,INFEASIBLE,INFEASIBLE,OPTIMAL,INFEASIBLE
CDK7,INFEASIBLE,INFEASIBLE,OPTIMAL,OPTIMAL
CCDC125,INFEASIBLE,OPTIMAL,OPTIMAL,INFEASIBLE
AK6,INFEASIBLE,OPTIMAL,OPTIMAL,INFEASIBLE
TAF9,INFEASIBLE,OPTIMAL,OPTIMAL,INFEASIBLE
RAD17,OPTIMAL,OPTIMAL,OPTIMAL,INFEASIBLE
MARVELD2,OPTIMAL,OPTIMAL,OPTIMAL,OPTIMAL
OCLN,INFEASIBLE,OPTIMAL,INFEASIBLE,INFEASIBLE
GTF2H2C,OPTIMAL,OPTIMAL,OPTIMAL,OPTIMAL
SMN2,OPTIMAL,OPTIMAL,OPTIMAL,OPTIMAL
SMN1,OPTIMAL,OPTIMAL,OPTIMAL,OPTIMAL
GTF2H2,INFEASIBLE,OPTIMAL,OPTIMAL,INFEASIBLE
BDP1,INFEASIBLE,INFEASIBLE,OPTIMAL,INFEASIBLE
MCCC2,INFEASIBLE,OPTIMAL,OPTIMAL,INFEASIBLE
MAP1B,INFEASIBLE,INFEASIBLE,OPTIMAL,INFEASIBLE
MRPS27,INFEASIBLE,INFEASIBLE,OPTIMAL,INFEASIBLE
PTCD2,OPTIMAL,OPTIMAL,OPTIMAL,OPTIMAL
TNPO1,INFEASIBLE,OPTIMAL,OPTIMAL,INFEASIBLE
FCHO2,INFEASIBLE,INFEASIBLE,OPTIMAL,OPTIMAL
FOXD1,OPTIMAL,OPTIMAL,OPTIMAL,OPTIMAL
BTF3,INFEASIBLE,INFEASIBLE,OPTIMAL,INFEASIBLE
ANKRA2,OPTIMAL,OPTIMAL,OPTIMAL,OPTIMAL
UTP15,OPTIMAL,OPTIMAL,OPTIMAL,OPTIMAL
ARHGEF28,INFEASIBLE,OPTIMAL,OPTIMAL,OPTIMAL
HEXB,OPTIMAL,INFEASIBLE,OPTIMAL,OPTIMAL
GFM2,INFEASIBLE,OPTIMAL,OPTIMAL,INFEASIBLE
NSA2,INFEASIBLE,OPTIMAL,OPTIMAL,INFEASIBLE
FAM169A,INFEASIBLE,OPTIMAL,OPTIMAL,INFEASIBLE
HMGCR,OPTIMAL,OPTIMAL,OPTIMAL,OPTIMAL
CERT1,INFEASIBLE,OPTIMAL,OPTIMAL,INFEASIBLE
POLK,INFEASIBLE,INFEASIBLE,OPTIMAL,INFEASIBLE
POC5,INFEASIBLE,INFEASIBLE,OPTIMAL,INFEASIBLE
IQGAP2,INFEASIBLE,OPTIMAL,OPTIMAL,OPTIMAL
F2R,OPTIMAL,OPTIMAL,OPTIMAL,OPTIMAL
AGGF1,INFEASIBLE,OPTIMAL,OPTIMAL,OPTIMAL
ZBED3,OPTIMAL,OPTIMAL,OPTIMAL,OPTIMAL
WDR41,INFEASIBLE,OPTIMAL,OPTIMAL,INFEASIBLE
TBCA,INFEASIBLE,INFEASIBLE,INFEASIBLE,INFEASIBLE
AP3B1,INFEASIBLE,OPTIMAL,OPTIMAL,INFEASIBLE
SCAMP1,INFEASIBLE,OPTIMAL,OPTIMAL,INFEASIBLE
LHFPL2,OPTIMAL,OPTIMAL,OPTIMAL,OPTIMAL
ARSB,OPTIMAL,OPTIMAL,OPTIMAL,OPTIMAL
DMGDH,OPTIMAL,OPTIMAL,OPTIMAL,INFEASIBLE
JMY,INFEASIBLE,OPTIMAL,OPTIMAL,INFEASIBLE
HOMER1,INFEASIBLE,OPTIMAL,OPTIMAL,INFEASIBLE
TENT2,INFEASIBLE,INFEASIBLE,OPTIMAL,INFEASIBLE
MTX3,INFEASIBLE,OPTIMAL,OPTIMAL,INFEASIBLE
THBS4,INFEASIBLE,OPTIMAL,OPTIMAL,OPTIMAL
SERINC5,INFEASIBLE,OPTIMAL,OPTIMAL,INFEASIBLE
ZFYVE16,INFEASIBLE,OPTIMAL,OPTIMAL,OPTIMAL
FAM151B,INFEASIBLE,OPTIMAL,OPTIMAL,INFEASIBLE
DHFR,INFEASIBLE,OPTIMAL,OPTIMAL,INFEASIBLE
MSH3,INFEASIBLE,OPTIMAL,OPTIMAL,INFEASIBLE
RASGRF2,INFEASIBLE,OPTIMAL,OPTIMAL,OPTIMAL
ZCCHC9,INFEASIBLE,OPTIMAL,OPTIMAL,OPTIMAL
SSBP2,INFEASIBLE,OPTIMAL,OPTIMAL,INFEASIBLE
ATG10,OPTIMAL,OPTIMAL,OPTIMAL,OPTIMAL
RPS23,INFEASIBLE,INFEASIBLE,OPTIMAL,INFEASIBLE
TMEM167A,INFEASIBLE,OPTIMAL,OPTIMAL,INFEASIBLE
XRCC4,INFEASIBLE,OPTIMAL,OPTIMAL,INFEASIBLE
VCAN,INFEASIBLE,OPTIMAL,OPTIMAL,OPTIMAL
EDIL3,OPTIMAL,OPTIMAL,OPTIMAL,OPTIMAL
COX7C,INFEASIBLE,INFEASIBLE,OPTIMAL,INFEASIBLE
RASA1,INFEASIBLE,OPTIMAL,OPTIMAL,INFEASIBLE
CCNH,INFEASIBLE,OPTIMAL,OPTIMAL,INFEASIBLE
TMEM161B,INFEASIBLE,INFEASIBLE,OPTIMAL,INFEASIBLE
MEF2C,OPTIMAL,OPTIMAL,OPTIMAL,OPTIMAL
CETN3,INFEASIBLE,OPTIMAL,OPTIMAL,OPTIMAL
MBLAC2,OPTIMAL,OPTIMAL,OPTIMAL,OPTIMAL
POLR3G,INFEASIBLE,INFEASIBLE,OPTIMAL,INFEASIBLE
LYSMD3,INFEASIBLE,OPTIMAL,OPTIMAL,INFEASIBLE
ADGRV1,OPTIMAL,OPTIMAL,OPTIMAL,INFEASIBLE
ARRDC3,INFEASIBLE,OPTIMAL,OPTIMAL,OPTIMAL
NR2F1,INFEASIBLE,OPTIMAL,OPTIMAL,INFEASIBLE
FAM172A,INFEASIBLE,OPTIMAL,OPTIMAL,INFEASIBLE
SLF1,INFEASIBLE,OPTIMAL,OPTIMAL,OPTIMAL
MCTP1,OPTIMAL,OPTIMAL,OPTIMAL,OPTIMAL
SKIC3,INFEASIBLE,INFEASIBLE,OPTIMAL,INFEASIBLE
ARSK,INFEASIBLE,OPTIMAL,OPTIMAL,OPTIMAL
RFESD,INFEASIBLE,OPTIMAL,OPTIMAL,INFEASIBLE
RHOBTB3,INFEASIBLE,INFEASIBLE,OPTIMAL,INFEASIBLE
GLRX,INFEASIBLE,INFEASIBLE,INFEASIBLE,INFEASIBLE
ELL2,INFEASIBLE,INFEASIBLE,OPTIMAL,OPTIMAL
CAST,INFEASIBLE,OPTIMAL,OPTIMAL,INFEASIBLE
LNPEP,INFEASIBLE,OPTIMAL,OPTIMAL,OPTIMAL
RIOK2,OPTIMAL,INFEASIBLE,OPTIMAL,OPTIMAL
RGMB,INFEASIBLE,OPTIMAL,OPTIMAL,INFEASIBLE
CHD1,INFEASIBLE,OPTIMAL,OPTIMAL,INFEASIBLE
FAM174A,OPTIMAL,OPTIMAL,OPTIMAL,INFEASIBLE
SLCO6A1,INFEASIBLE,INFEASIBLE,OPTIMAL,OPTIMAL
PAM,INFEASIBLE,OPTIMAL,OPTIMAL,INFEASIBLE
GIN1,OPTIMAL,INFEASIBLE,OPTIMAL,OPTIMAL
PPIP5K2,INFEASIBLE,OPTIMAL,OPTIMAL,OPTIMAL
MACIR,INFEASIBLE,OPTIMAL,OPTIMAL,OPTIMAL
NUDT12,INFEASIBLE,OPTIMAL,OPTIMAL,INFEASIBLE
EFNA5,INFEASIBLE,INFEASIBLE,INFEASIBLE,INFEASIBLE
FBXL17,INFEASIBLE,OPTIMAL,OPTIMAL,INFEASIBLE
FER,INFEASIBLE,OPTIMAL,OPTIMAL,INFEASIBLE
PJA2,INFEASIBLE,OPTIMAL,OPTIMAL,INFEASIBLE
MAN2A1,INFEASIBLE,OPTIMAL,OPTIMAL,INFEASIBLE
SLC25A46,OPTIMAL,OPTIMAL,OPTIMAL,OPTIMAL
WDR36,INFEASIBLE,OPTIMAL,OPTIMAL,INFEASIBLE
CAMK4,OPTIMAL,OPTIMAL,OPTIMAL,OPTIMAL
STARD4,INFEASIBLE,OPTIMAL,OPTIMAL,INFEASIBLE
NREP,OPTIMAL,OPTIMAL,OPTIMAL,OPTIMAL
EPB41L4A,INFEASIBLE,OPTIMAL,OPTIMAL,INFEASIBLE
APC,INFEASIBLE,INFEASIBLE,OPTIMAL,INFEASIBLE
SRP19,INFEASIBLE,INFEASIBLE,OPTIMAL,INFEASIBLE
REEP5,INFEASIBLE,OPTIMAL,INFEASIBLE,OPTIMAL
DCP2,INFEASIBLE,OPTIMAL,OPTIMAL,INFEASIBLE
MCC,INFEASIBLE,OPTIMAL,OPTIMAL,INFEASIBLE
YTHDC2,INFEASIBLE,INFEASIBLE,OPTIMAL,INFEASIBLE
TRIM36,OPTIMAL,OPTIMAL,OPTIMAL,OPTIMAL
PGGT1B,INFEASIBLE,OPTIMAL,OPTIMAL,INFEASIBLE
CCDC112,INFEASIBLE,OPTIMAL,OPTIMAL,INFEASIBLE
FEM1C,INFEASIBLE,OPTIMAL,OPTIMAL,OPTIMAL
TMED7,INFEASIBLE,OPTIMAL,OPTIMAL,INFEASIBLE
ATG12,INFEASIBLE,OPTIMAL,OPTIMAL,INFEASIBLE
AP3S1,INFEASIBLE,OPTIMAL,OPTIMAL,INFEASIBLE
COMMD10,INFEASIBLE,OPTIMAL,OPTIMAL,INFEASIBLE
SEMA6A,INFEASIBLE,OPTIMAL,OPTIMAL,INFEASIBLE
DTWD2,OPTIMAL,OPTIMAL,OPTIMAL,OPTIMAL
DMXL1,INFEASIBLE,OPTIMAL,OPTIMAL,INFEASIBLE
TNFAIP8,INFEASIBLE,OPTIMAL,OPTIMAL,OPTIMAL
HSD17B4,INFEASIBLE,OPTIMAL,OPTIMAL,INFEASIBLE
PRR16,OPTIMAL,OPTIMAL,OPTIMAL,OPTIMAL
SRFBP1,INFEASIBLE,INFEASIBLE,OPTIMAL,INFEASIBLE
SNX2,INFEASIBLE,OPTIMAL,OPTIMAL,INFEASIBLE
SNX24,INFEASIBLE,OPTIMAL,OPTIMAL,INFEASIBLE
PPIC,INFEASIBLE,OPTIMAL,OPTIMAL,OPTIMAL
PRDM6,INFEASIBLE,OPTIMAL,OPTIMAL,INFEASIBLE
CEP120,INFEASIBLE,OPTIMAL,OPTIMAL,OPTIMAL
CSNK1G3,INFEASIBLE,OPTIMAL,OPTIMAL,OPTIMAL
ZNF608,INFEASIBLE,OPTIMAL,OPTIMAL,INFEASIBLE
ALDH7A1,INFEASIBLE,INFEASIBLE,OPTIMAL,INFEASIBLE
PHAX,INFEASIBLE,INFEASIBLE,OPTIMAL,INFEASIBLE
LMNB1,INFEASIBLE,OPTIMAL,OPTIMAL,INFEASIBLE
MARCHF3,INFEASIBLE,OPTIMAL,OPTIMAL,OPTIMAL
C5orf63,INFEASIBLE,OPTIMAL,OPTIMAL,OPTIMAL
PRRC1,OPTIMAL,OPTIMAL,OPTIMAL,OPTIMAL
SLC12A2,INFEASIBLE,INFEASIBLE,OPTIMAL,INFEASIBLE
FBN2,INFEASIBLE,INFEASIBLE,OPTIMAL,OPTIMAL
ISOC1,INFEASIBLE,OPTIMAL,OPTIMAL,INFEASIBLE
ADAMTS19,OPTIMAL,OPTIMAL,OPTIMAL,INFEASIBLE
CHSY3,OPTIMAL,OPTIMAL,OPTIMAL,OPTIMAL
HINT1,INFEASIBLE,INFEASIBLE,INFEASIBLE,INFEASIBLE
LYRM7,INFEASIBLE,OPTIMAL,OPTIMAL,OPTIMAL
CDC42SE2,INFEASIBLE,OPTIMAL,OPTIMAL,INFEASIBLE
RAPGEF6,INFEASIBLE,OPTIMAL,OPTIMAL,INFEASIBLE
FNIP1,INFEASIBLE,OPTIMAL,OPTIMAL,INFEASIBLE
P4HA2,INFEASIBLE,OPTIMAL,OPTIMAL,INFEASIBLE
PDLIM4,OPTIMAL,OPTIMAL,OPTIMAL,OPTIMAL
SLC22A5,OPTIMAL,OPTIMAL,OPTIMAL,OPTIMAL
IRF1,OPTIMAL,OPTIMAL,OPTIMAL,OPTIMAL
RAD50,INFEASIBLE,OPTIMAL,OPTIMAL,INFEASIBLE
KIF3A,INFEASIBLE,INFEASIBLE,OPTIMAL,INFEASIBLE
SEPTIN8,OPTIMAL,OPTIMAL,OPTIMAL,OPTIMAL
UQCRQ,INFEASIBLE,INFEASIBLE,INFEASIBLE,INFEASIBLE
AFF4,INFEASIBLE,OPTIMAL,OPTIMAL,INFEASIBLE
ZCCHC10,INFEASIBLE,OPTIMAL,OPTIMAL,INFEASIBLE
HSPA4,INFEASIBLE,OPTIMAL,OPTIMAL,INFEASIBLE
C5orf15,INFEASIBLE,OPTIMAL,OPTIMAL,OPTIMAL
VDAC1,INFEASIBLE,OPTIMAL,OPTIMAL,INFEASIBLE
TCF7,OPTIMAL,OPTIMAL,OPTIMAL,OPTIMAL
SKP1,INFEASIBLE,OPTIMAL,OPTIMAL,INFEASIBLE
PPP2CA,INFEASIBLE,INFEASIBLE,OPTIMAL,INFEASIBLE
CDKL3,INFEASIBLE,OPTIMAL,OPTIMAL,INFEASIBLE
UBE2B,INFEASIBLE,INFEASIBLE,OPTIMAL,INFEASIBLE
CDKN2AIPNL,INFEASIBLE,OPTIMAL,OPTIMAL,INFEASIBLE
SAR1B,INFEASIBLE,INFEASIBLE,OPTIMAL,INFEASIBLE
SEC24A,INFEASIBLE,OPTIMAL,OPTIMAL,INFEASIBLE
CAMLG,INFEASIBLE,INFEASIBLE,OPTIMAL,INFEASIBLE
DDX46,INFEASIBLE,OPTIMAL,INFEASIBLE,INFEASIBLE
C5orf24,INFEASIBLE,OPTIMAL,OPTIMAL,INFEASIBLE
TXNDC15,OPTIMAL,OPTIMAL,OPTIMAL,OPTIMAL
PCBD2,INFEASIBLE,OPTIMAL,OPTIMAL,INFEASIBLE
PITX1,INFEASIBLE,OPTIMAL,OPTIMAL,OPTIMAL
MACROH2A1,OPTIMAL,OPTIMAL,OPTIMAL,INFEASIBLE
SLC25A48,OPTIMAL,OPTIMAL,OPTIMAL,OPTIMAL
SMAD5,INFEASIBLE,INFEASIBLE,OPTIMAL,INFEASIBLE
HNRNPA0,INFEASIBLE,OPTIMAL,OPTIMAL,INFEASIBLE
PKD2L2,OPTIMAL,OPTIMAL,OPTIMAL,OPTIMAL
FAM13B,INFEASIBLE,OPTIMAL,OPTIMAL,INFEASIBLE
BRD8,INFEASIBLE,OPTIMAL,INFEASIBLE,INFEASIBLE
KIF20A,OPTIMAL,OPTIMAL,OPTIMAL,INFEASIBLE
CDC23,INFEASIBLE,OPTIMAL,OPTIMAL,INFEASIBLE
CDC25C,OPTIMAL,OPTIMAL,OPTIMAL,OPTIMAL
FAM53C,INFEASIBLE,OPTIMAL,OPTIMAL,INFEASIBLE
KDM3B,INFEASIBLE,OPTIMAL,OPTIMAL,INFEASIBLE
REEP2,OPTIMAL,OPTIMAL,OPTIMAL,OPTIMAL
EGR1,INFEASIBLE,OPTIMAL,OPTIMAL,OPTIMAL
ETF1,INFEASIBLE,OPTIMAL,OPTIMAL,INFEASIBLE
HSPA9,INFEASIBLE,INFEASIBLE,OPTIMAL,INFEASIBLE
CTNNA1,INFEASIBLE,OPTIMAL,OPTIMAL,INFEASIBLE
SIL1,INFEASIBLE,OPTIMAL,OPTIMAL,OPTIMAL
MATR3,INFEASIBLE,OPTIMAL,OPTIMAL,INFEASIBLE
PAIP2,INFEASIBLE,INFEASIBLE,OPTIMAL,INFEASIBLE
SPATA24,OPTIMAL,OPTIMAL,OPTIMAL,OPTIMAL
DNAJC18,OPTIMAL,OPTIMAL,OPTIMAL,OPTIMAL
UBE2D2,INFEASIBLE,OPTIMAL,INFEASIBLE,INFEASIBLE
CXXC5,OPTIMAL,OPTIMAL,OPTIMAL,OPTIMAL
NRG2,OPTIMAL,OPTIMAL,OPTIMAL,OPTIMAL
PURA,INFEASIBLE,OPTIMAL,OPTIMAL,OPTIMAL
CYSTM1,INFEASIBLE,OPTIMAL,OPTIMAL,INFEASIBLE
PFDN1,INFEASIBLE,OPTIMAL,OPTIMAL,INFEASIBLE
ANKHD1,INFEASIBLE,OPTIMAL,OPTIMAL,INFEASIBLE
SRA1,INFEASIBLE,OPTIMAL,OPTIMAL,INFEASIBLE
SLC35A4,OPTIMAL,OPTIMAL,OPTIMAL,OPTIMAL
NDUFA2,INFEASIBLE,INFEASIBLE,INFEASIBLE,INFEASIBLE
TMCO6,INFEASIBLE,INFEASIBLE,OPTIMAL,INFEASIBLE
IK,INFEASIBLE,OPTIMAL,OPTIMAL,INFEASIBLE
WDR55,INFEASIBLE,OPTIMAL,INFEASIBLE,INFEASIBLE
HARS1,INFEASIBLE,OPTIMAL,OPTIMAL,INFEASIBLE
HARS2,INFEASIBLE,OPTIMAL,OPTIMAL,INFEASIBLE
ZMAT2,INFEASIBLE,OPTIMAL,OPTIMAL,INFEASIBLE
TAF7,INFEASIBLE,INFEASIBLE,OPTIMAL,OPTIMAL
DIAPH1,INFEASIBLE,OPTIMAL,OPTIMAL,OPTIMAL
HDAC3,INFEASIBLE,INFEASIBLE,OPTIMAL,INFEASIBLE
DELE1,INFEASIBLE,INFEASIBLE,OPTIMAL,INFEASIBLE
RNF14,OPTIMAL,OPTIMAL,OPTIMAL,OPTIMAL
GNPDA1,INFEASIBLE,OPTIMAL,OPTIMAL,INFEASIBLE
NDFIP1,INFEASIBLE,OPTIMAL,OPTIMAL,OPTIMAL
ARHGAP26,OPTIMAL,OPTIMAL,OPTIMAL,OPTIMAL
NR3C1,OPTIMAL,OPTIMAL,OPTIMAL,INFEASIBLE
YIPF5,OPTIMAL,OPTIMAL,OPTIMAL,OPTIMAL
KCTD16,OPTIMAL,INFEASIBLE,OPTIMAL,OPTIMAL
PRELID2,INFEASIBLE,OPTIMAL,OPTIMAL,INFEASIBLE
LARS1,INFEASIBLE,OPTIMAL,OPTIMAL,INFEASIBLE
RBM27,INFEASIBLE,OPTIMAL,OPTIMAL,INFEASIBLE
TCERG1,INFEASIBLE,OPTIMAL,OPTIMAL,INFEASIBLE
DPYSL3,OPTIMAL,OPTIMAL,OPTIMAL,OPTIMAL
JAKMIP2,INFEASIBLE,INFEASIBLE,OPTIMAL,INFEASIBLE
SPINK5,INFEASIBLE,OPTIMAL,OPTIMAL,OPTIMAL
FBXO38,INFEASIBLE,OPTIMAL,OPTIMAL,INFEASIBLE
GRPEL2,INFEASIBLE,OPTIMAL,OPTIMAL,INFEASIBLE
CSNK1A1,INFEASIBLE,OPTIMAL,OPTIMAL,INFEASIBLE
ARHGEF37,OPTIMAL,OPTIMAL,OPTIMAL,OPTIMAL
PPARGC1B,INFEASIBLE,INFEASIBLE,OPTIMAL,INFEASIBLE
SLC26A2,OPTIMAL,OPTIMAL,OPTIMAL,OPTIMAL
HMGXB3,INFEASIBLE,OPTIMAL,OPTIMAL,INFEASIBLE
TCOF1,INFEASIBLE,OPTIMAL,OPTIMAL,INFEASIBLE
RPS14,INFEASIBLE,INFEASIBLE,OPTIMAL,INFEASIBLE
NDST1,OPTIMAL,OPTIMAL,OPTIMAL,OPTIMAL
RBM22,OPTIMAL,OPTIMAL,OPTIMAL,OPTIMAL
DCTN4,INFEASIBLE,OPTIMAL,OPTIMAL,INFEASIBLE
SMIM3,OPTIMAL,OPTIMAL,OPTIMAL,OPTIMAL
GPX3,INFEASIBLE,OPTIMAL,OPTIMAL,OPTIMAL
TNIP1,OPTIMAL,OPTIMAL,OPTIMAL,OPTIMAL
ANXA6,OPTIMAL,OPTIMAL,OPTIMAL,OPTIMAL
GM2A,OPTIMAL,OPTIMAL,OPTIMAL,OPTIMAL
SLC36A1,OPTIMAL,OPTIMAL,OPTIMAL,OPTIMAL
SPARC,INFEASIBLE,INFEASIBLE,INFEASIBLE,INFEASIBLE
ATOX1,INFEASIBLE,INFEASIBLE,INFEASIBLE,INFEASIBLE
G3BP1,INFEASIBLE,OPTIMAL,OPTIMAL,INFEASIBLE
FAM114A2,OPTIMAL,OPTIMAL,OPTIMAL,OPTIMAL
MFAP3,OPTIMAL,OPTIMAL,OPTIMAL,OPTIMAL
GALNT10,INFEASIBLE,OPTIMAL,OPTIMAL,INFEASIBLE
SAP30L,INFEASIBLE,OPTIMAL,OPTIMAL,INFEASIBLE
HAND1,OPTIMAL,OPTIMAL,OPTIMAL,OPTIMAL
LARP1,INFEASIBLE,INFEASIBLE,OPTIMAL,INFEASIBLE
FAXDC2,OPTIMAL,OPTIMAL,OPTIMAL,OPTIMAL
CNOT8,OPTIMAL,OPTIMAL,OPTIMAL,OPTIMAL
GEMIN5,INFEASIBLE,INFEASIBLE,OPTIMAL,INFEASIBLE
MRPL22,INFEASIBLE,INFEASIBLE,OPTIMAL,INFEASIBLE
MED7,INFEASIBLE,OPTIMAL,OPTIMAL,INFEASIBLE
CYFIP2,INFEASIBLE,OPTIMAL,OPTIMAL,INFEASIBLE
THG1L,OPTIMAL,INFEASIBLE,OPTIMAL,OPTIMAL
LSM11,OPTIMAL,OPTIMAL,OPTIMAL,OPTIMAL
CLINT1,INFEASIBLE,OPTIMAL,OPTIMAL,INFEASIBLE
EBF1,OPTIMAL,OPTIMAL,OPTIMAL,OPTIMAL
RNF145,INFEASIBLE,OPTIMAL,OPTIMAL,OPTIMAL
UBLCP1,OPTIMAL,OPTIMAL,OPTIMAL,OPTIMAL
TTC1,INFEASIBLE,INFEASIBLE,OPTIMAL,INFEASIBLE
PWWP2A,INFEASIBLE,INFEASIBLE,OPTIMAL,INFEASIBLE
SLU7,INFEASIBLE,OPTIMAL,OPTIMAL,INFEASIBLE
PTTG1,INFEASIBLE,INFEASIBLE,OPTIMAL,INFEASIBLE
CCNG1,INFEASIBLE,OPTIMAL,OPTIMAL,INFEASIBLE
NUDCD2,INFEASIBLE,OPTIMAL,OPTIMAL,INFEASIBLE
HMMR,INFEASIBLE,INFEASIBLE,OPTIMAL,INFEASIBLE
MAT2B,OPTIMAL,OPTIMAL,OPTIMAL,OPTIMAL
TENM2,OPTIMAL,OPTIMAL,OPTIMAL,OPTIMAL
WWC1,OPTIMAL,OPTIMAL,OPTIMAL,OPTIMAL
RARS1,INFEASIBLE,OPTIMAL,OPTIMAL,OPTIMAL
PANK3,INFEASIBLE,INFEASIBLE,OPTIMAL,INFEASIBLE
SLIT3,INFEASIBLE,OPTIMAL,OPTIMAL,OPTIMAL
SPDL1,INFEASIBLE,OPTIMAL,OPTIMAL,INFEASIBLE
RANBP17,INFEASIBLE,OPTIMAL,OPTIMAL,INFEASIBLE
NPM1,INFEASIBLE,INFEASIBLE,OPTIMAL,INFEASIBLE
FBXW11,INFEASIBLE,OPTIMAL,OPTIMAL,INFEASIBLE
STK10,OPTIMAL,INFEASIBLE,OPTIMAL,OPTIMAL
UBTD2,INFEASIBLE,OPTIMAL,OPTIMAL,INFEASIBLE
SH3PXD2B,INFEASIBLE,OPTIMAL,OPTIMAL,INFEASIBLE
DUSP1,INFEASIBLE,OPTIMAL,OPTIMAL,OPTIMAL
ERGIC1,INFEASIBLE,OPTIMAL,OPTIMAL,OPTIMAL
RPL26L1,INFEASIBLE,INFEASIBLE,OPTIMAL,INFEASIBLE
ATP6V0E1,INFEASIBLE,INFEASIBLE,OPTIMAL,INFEASIBLE
CREBRF,OPTIMAL,OPTIMAL,OPTIMAL,OPTIMAL
BNIP1,INFEASIBLE,INFEASIBLE,OPTIMAL,OPTIMAL
NKX2-5,INFEASIBLE,OPTIMAL,OPTIMAL,INFEASIBLE
STC2,INFEASIBLE,INFEASIBLE,OPTIMAL,INFEASIBLE
BOD1,INFEASIBLE,OPTIMAL,INFEASIBLE,INFEASIBLE
CPEB4,INFEASIBLE,OPTIMAL,OPTIMAL,INFEASIBLE
MSX2,INFEASIBLE,INFEASIBLE,OPTIMAL,INFEASIBLE
SFXN1,INFEASIBLE,INFEASIBLE,OPTIMAL,INFEASIBLE
THOC3,INFEASIBLE,OPTIMAL,OPTIMAL,INFEASIBLE
SIMC1,INFEASIBLE,INFEASIBLE,OPTIMAL,INFEASIBLE
KIAA1191,INFEASIBLE,OPTIMAL,OPTIMAL,INFEASIBLE
ARL10,INFEASIBLE,OPTIMAL,INFEASIBLE,OPTIMAL
NOP16,INFEASIBLE,OPTIMAL,OPTIMAL,INFEASIBLE
HIGD2A,INFEASIBLE,INFEASIBLE,INFEASIBLE,INFEASIBLE
CLTB,INFEASIBLE,INFEASIBLE,OPTIMAL,INFEASIBLE
FAF2,INFEASIBLE,INFEASIBLE,OPTIMAL,INFEASIBLE
RNF44,INFEASIBLE,OPTIMAL,OPTIMAL,INFEASIBLE
CDHR2,OPTIMAL,OPTIMAL,OPTIMAL,OPTIMAL
GPRIN1,INFEASIBLE,OPTIMAL,OPTIMAL,OPTIMAL
TSPAN17,OPTIMAL,OPTIMAL,OPTIMAL,OPTIMAL
UIMC1,INFEASIBLE,OPTIMAL,OPTIMAL,INFEASIBLE
ZNF346,INFEASIBLE,OPTIMAL,OPTIMAL,OPTIMAL
NSD1,INFEASIBLE,OPTIMAL,OPTIMAL,INFEASIBLE
RAB24,OPTIMAL,OPTIMAL,OPTIMAL,OPTIMAL
MXD3,INFEASIBLE,OPTIMAL,OPTIMAL,INFEASIBLE
PRELID1,INFEASIBLE,INFEASIBLE,OPTIMAL,INFEASIBLE
LMAN2,INFEASIBLE,INFEASIBLE,OPTIMAL,INFEASIBLE
RGS14,OPTIMAL,OPTIMAL,OPTIMAL,OPTIMAL
F12,OPTIMAL,OPTIMAL,OPTIMAL,OPTIMAL
GRK6,OPTIMAL,OPTIMAL,OPTIMAL,OPTIMAL
PRR7,OPTIMAL,OPTIMAL,OPTIMAL,OPTIMAL
DBN1,OPTIMAL,OPTIMAL,OPTIMAL,OPTIMAL
PDLIM7,INFEASIBLE,OPTIMAL,OPTIMAL,INFEASIBLE
DOK3,OPTIMAL,INFEASIBLE,OPTIMAL,OPTIMAL
DDX41,OPTIMAL,OPTIMAL,OPTIMAL,OPTIMAL
FAM193B,INFEASIBLE,OPTIMAL,OPTIMAL,INFEASIBLE
TMED9,INFEASIBLE,INFEASIBLE,OPTIMAL,INFEASIBLE
B4GALT7,OPTIMAL,OPTIMAL,OPTIMAL,OPTIMAL
RMND5B,INFEASIBLE,INFEASIBLE,OPTIMAL,OPTIMAL
NHP2,INFEASIBLE,INFEASIBLE,OPTIMAL,INFEASIBLE
HNRNPAB,INFEASIBLE,INFEASIBLE,OPTIMAL,INFEASIBLE
PHYKPL,INFEASIBLE,OPTIMAL,OPTIMAL,INFEASIBLE
COL23A1,INFEASIBLE,OPTIMAL,OPTIMAL,INFEASIBLE
CLK4,INFEASIBLE,INFEASIBLE,OPTIMAL,OPTIMAL
ZNF354A,OPTIMAL,OPTIMAL,OPTIMAL,OPTIMAL
ZNF354B,OPTIMAL,INFEASIBLE,OPTIMAL,OPTIMAL
ADAMTS2,OPTIMAL,OPTIMAL,OPTIMAL,OPTIMAL
RUFY1,INFEASIBLE,OPTIMAL,OPTIMAL,INFEASIBLE
HNRNPH1,INFEASIBLE,OPTIMAL,INFEASIBLE,INFEASIBLE
CANX,INFEASIBLE,INFEASIBLE,OPTIMAL,INFEASIBLE
MAML1,INFEASIBLE,OPTIMAL,OPTIMAL,OPTIMAL
MGAT4B,INFEASIBLE,OPTIMAL,OPTIMAL,INFEASIBLE
SQSTM1,INFEASIBLE,OPTIMAL,OPTIMAL,INFEASIBLE
MRNIP,INFEASIBLE,INFEASIBLE,OPTIMAL,OPTIMAL
TBC1D9B,INFEASIBLE,OPTIMAL,OPTIMAL,INFEASIBLE
RNF130,INFEASIBLE,OPTIMAL,OPTIMAL,INFEASIBLE
RASGEF1C,OPTIMAL,OPTIMAL,OPTIMAL,OPTIMAL
MAPK9,INFEASIBLE,OPTIMAL,OPTIMAL,INFEASIBLE
GFPT2,INFEASIBLE,INFEASIBLE,OPTIMAL,OPTIMAL
CNOT6,INFEASIBLE,INFEASIBLE,OPTIMAL,INFEASIBLE
FLT4,INFEASIBLE,INFEASIBLE,OPTIMAL,INFEASIBLE
MGAT1,OPTIMAL,OPTIMAL,OPTIMAL,OPTIMAL
ZFP62,INFEASIBLE,INFEASIBLE,OPTIMAL,OPTIMAL
BTNL9,INFEASIBLE,OPTIMAL,OPTIMAL,OPTIMAL
TRIM41,OPTIMAL,OPTIMAL,OPTIMAL,OPTIMAL
RACK1,INFEASIBLE,INFEASIBLE,OPTIMAL,INFEASIBLE
TRIM52,INFEASIBLE,OPTIMAL,OPTIMAL,INFEASIBLE
DUSP22,INFEASIBLE,OPTIMAL,OPTIMAL,OPTIMAL
EXOC2,INFEASIBLE,INFEASIBLE,OPTIMAL,INFEASIBLE
FOXF2,INFEASIBLE,OPTIMAL,OPTIMAL,OPTIMAL
FOXC1,INFEASIBLE,OPTIMAL,OPTIMAL,INFEASIBLE
GMDS,INFEASIBLE,OPTIMAL,OPTIMAL,INFEASIBLE
WRNIP1,INFEASIBLE,OPTIMAL,OPTIMAL,INFEASIBLE
SERPINB1,INFEASIBLE,OPTIMAL,OPTIMAL,INFEASIBLE
SERPINB6,INFEASIBLE,OPTIMAL,OPTIMAL,INFEASIBLE
NQO2,INFEASIBLE,OPTIMAL,OPTIMAL,OPTIMAL
RIPK1,INFEASIBLE,OPTIMAL,INFEASIBLE,OPTIMAL
BPHL,INFEASIBLE,INFEASIBLE,OPTIMAL,OPTIMAL
TUBB2A,INFEASIBLE,OPTIMAL,OPTIMAL,INFEASIBLE
TUBB2B,INFEASIBLE,OPTIMAL,OPTIMAL,INFEASIBLE
PSMG4,INFEASIBLE,INFEASIBLE,OPTIMAL,INFEASIBLE
SLC22A23,INFEASIBLE,INFEASIBLE,OPTIMAL,INFEASIBLE
FAM50B,OPTIMAL,OPTIMAL,OPTIMAL,OPTIMAL
PRPF4B,INFEASIBLE,INFEASIBLE,OPTIMAL,INFEASIBLE
ECI2,INFEASIBLE,OPTIMAL,OPTIMAL,OPTIMAL
CDYL,OPTIMAL,OPTIMAL,OPTIMAL,INFEASIBLE
RPP40,INFEASIBLE,OPTIMAL,OPTIMAL,OPTIMAL
LYRM4,INFEASIBLE,INFEASIBLE,OPTIMAL,INFEASIBLE
FARS2,INFEASIBLE,OPTIMAL,OPTIMAL,INFEASIBLE
NRN1,OPTIMAL,OPTIMAL,OPTIMAL,OPTIMAL
RREB1,INFEASIBLE,INFEASIBLE,OPTIMAL,INFEASIBLE
SSR1,OPTIMAL,INFEASIBLE,OPTIMAL,OPTIMAL
RIOK1,INFEASIBLE,INFEASIBLE,OPTIMAL,INFEASIBLE
DSP,INFEASIBLE,OPTIMAL,OPTIMAL,INFEASIBLE
SNRNP48,INFEASIBLE,INFEASIBLE,OPTIMAL,OPTIMAL
BMP6,OPTIMAL,OPTIMAL,OPTIMAL,OPTIMAL
TXNDC5,INFEASIBLE,OPTIMAL,OPTIMAL,OPTIMAL
BLOC1S5,INFEASIBLE,INFEASIBLE,OPTIMAL,OPTIMAL
EEF1E1,INFEASIBLE,INFEASIBLE,OPTIMAL,INFEASIBLE
SLC35B3,OPTIMAL,OPTIMAL,OPTIMAL,OPTIMAL
TFAP2A,INFEASIBLE,OPTIMAL,INFEASIBLE,OPTIMAL
PAK1IP1,INFEASIBLE,INFEASIBLE,OPTIMAL,INFEASIBLE
TMEM14C,INFEASIBLE,OPTIMAL,OPTIMAL,INFEASIBLE
TMEM14B,INFEASIBLE,OPTIMAL,OPTIMAL,INFEASIBLE
MAK,INFEASIBLE,OPTIMAL,OPTIMAL,OPTIMAL
SYCP2L,OPTIMAL,OPTIMAL,OPTIMAL,OPTIMAL
ELOVL2,INFEASIBLE,OPTIMAL,OPTIMAL,OPTIMAL
SMIM13,OPTIMAL,INFEASIBLE,OPTIMAL,OPTIMAL
TMEM170B,INFEASIBLE,OPTIMAL,OPTIMAL,INFEASIBLE
HIVEP1,INFEASIBLE,OPTIMAL,OPTIMAL,INFEASIBLE
PHACTR1,INFEASIBLE,OPTIMAL,OPTIMAL,INFEASIBLE
TBC1D7,INFEASIBLE,OPTIMAL,OPTIMAL,INFEASIBLE
GFOD1,OPTIMAL,OPTIMAL,OPTIMAL,OPTIMAL
SIRT5,OPTIMAL,OPTIMAL,OPTIMAL,OPTIMAL
NOL7,INFEASIBLE,INFEASIBLE,OPTIMAL,INFEASIBLE
RANBP9,OPTIMAL,OPTIMAL,OPTIMAL,OPTIMAL
MCUR1,INFEASIBLE,OPTIMAL,OPTIMAL,INFEASIBLE
JARID2,INFEASIBLE,OPTIMAL,INFEASIBLE,INFEASIBLE
DTNBP1,INFEASIBLE,OPTIMAL,OPTIMAL,INFEASIBLE
MYLIP,OPTIMAL,OPTIMAL,OPTIMAL,OPTIMAL
ATXN1,INFEASIBLE,OPTIMAL,OPTIMAL,INFEASIBLE
CAP2,INFEASIBLE,OPTIMAL,OPTIMAL,INFEASIBLE
FAM8A1,OPTIMAL,INFEASIBLE,OPTIMAL,OPTIMAL
NUP153,INFEASIBLE,OPTIMAL,OPTIMAL,INFEASIBLE
KIF13A,OPTIMAL,OPTIMAL,OPTIMAL,INFEASIBLE
TPMT,INFEASIBLE,INFEASIBLE,OPTIMAL,OPTIMAL
KDM1B,INFEASIBLE,OPTIMAL,OPTIMAL,OPTIMAL
DEK,INFEASIBLE,OPTIMAL,OPTIMAL,INFEASIBLE
ID4,INFEASIBLE,OPTIMAL,OPTIMAL,OPTIMAL
MBOAT1,OPTIMAL,OPTIMAL,OPTIMAL,OPTIMAL
E2F3,INFEASIBLE,OPTIMAL,OPTIMAL,INFEASIBLE
CDKAL1,INFEASIBLE,OPTIMAL,OPTIMAL,INFEASIBLE
SOX4,INFEASIBLE,OPTIMAL,OPTIMAL,INFEASIBLE
MRS2,INFEASIBLE,OPTIMAL,OPTIMAL,INFEASIBLE
ALDH5A1,INFEASIBLE,OPTIMAL,OPTIMAL,OPTIMAL
TDP2,INFEASIBLE,OPTIMAL,OPTIMAL,INFEASIBLE
ACOT13,INFEASIBLE,INFEASIBLE,OPTIMAL,INFEASIBLE
C6orf62,INFEASIBLE,OPTIMAL,OPTIMAL,INFEASIBLE
GMNN,INFEASIBLE,OPTIMAL,OPTIMAL,INFEASIBLE
RIPOR2,OPTIMAL,OPTIMAL,OPTIMAL,OPTIMAL
CARMIL1,INFEASIBLE,OPTIMAL,OPTIMAL,INFEASIBLE
BTN3A2,OPTIMAL,OPTIMAL,OPTIMAL,OPTIMAL
BTN2A1,OPTIMAL,OPTIMAL,OPTIMAL,INFEASIBLE
HMGN4,OPTIMAL,OPTIMAL,OPTIMAL,OPTIMAL
ABT1,INFEASIBLE,OPTIMAL,OPTIMAL,INFEASIBLE
ZNF322,INFEASIBLE,OPTIMAL,OPTIMAL,INFEASIBLE
ZNF391,INFEASIBLE,OPTIMAL,OPTIMAL,OPTIMAL
ZKSCAN8,OPTIMAL,OPTIMAL,OPTIMAL,OPTIMAL
ZSCAN26,OPTIMAL,OPTIMAL,OPTIMAL,OPTIMAL
PGBD1,INFEASIBLE,OPTIMAL,OPTIMAL,INFEASIBLE
ZSCAN12,OPTIMAL,OPTIMAL,OPTIMAL,OPTIMAL
TRIM27,INFEASIBLE,OPTIMAL,OPTIMAL,INFEASIBLE
GABBR1,OPTIMAL,OPTIMAL,OPTIMAL,OPTIMAL
HLA-A,INFEASIBLE,INFEASIBLE,OPTIMAL,INFEASIBLE
POLR1H,INFEASIBLE,OPTIMAL,OPTIMAL,INFEASIBLE
PPP1R11,OPTIMAL,OPTIMAL,OPTIMAL,OPTIMAL
TRIM26,INFEASIBLE,OPTIMAL,OPTIMAL,OPTIMAL
RPP21,INFEASIBLE,INFEASIBLE,OPTIMAL,INFEASIBLE
HLA-E,OPTIMAL,OPTIMAL,OPTIMAL,OPTIMAL
GNL1,INFEASIBLE,OPTIMAL,OPTIMAL,INFEASIBLE
PRR3,INFEASIBLE,OPTIMAL,OPTIMAL,OPTIMAL
ABCF1,INFEASIBLE,INFEASIBLE,OPTIMAL,INFEASIBLE
PPP1R10,INFEASIBLE,OPTIMAL,OPTIMAL,INFEASIBLE
MRPS18B,OPTIMAL,OPTIMAL,OPTIMAL,OPTIMAL
ATAT1,INFEASIBLE,OPTIMAL,OPTIMAL,INFEASIBLE
C6orf136,OPTIMAL,OPTIMAL,OPTIMAL,OPTIMAL
DHX16,INFEASIBLE,INFEASIBLE,OPTIMAL,INFEASIBLE
NRM,OPTIMAL,OPTIMAL,OPTIMAL,OPTIMAL
MDC1,INFEASIBLE,OPTIMAL,OPTIMAL,INFEASIBLE
TUBB,INFEASIBLE,INFEASIBLE,OPTIMAL,INFEASIBLE
FLOT1,INFEASIBLE,OPTIMAL,OPTIMAL,OPTIMAL
GTF2H4,OPTIMAL,OPTIMAL,OPTIMAL,OPTIMAL
VARS2,OPTIMAL,OPTIMAL,OPTIMAL,OPTIMAL
CCHCR1,INFEASIBLE,OPTIMAL,OPTIMAL,INFEASIBLE
TCF19,INFEASIBLE,OPTIMAL,OPTIMAL,OPTIMAL
HLA-C,OPTIMAL,INFEASIBLE,OPTIMAL,OPTIMAL
HLA-B,INFEASIBLE,OPTIMAL,OPTIMAL,INFEASIBLE
MICA,INFEASIBLE,OPTIMAL,OPTIMAL,INFEASIBLE
DDX39B,INFEASIBLE,INFEASIBLE,OPTIMAL,OPTIMAL
NFKBIL1,OPTIMAL,OPTIMAL,OPTIMAL,OPTIMAL
PRRC2A,OPTIMAL,OPTIMAL,OPTIMAL,OPTIMAL
BAG6,OPTIMAL,OPTIMAL,OPTIMAL,OPTIMAL
C6orf47,OPTIMAL,OPTIMAL,OPTIMAL,OPTIMAL
GPANK1,INFEASIBLE,OPTIMAL,OPTIMAL,OPTIMAL
CSNK2B,INFEASIBLE,OPTIMAL,INFEASIBLE,INFEASIBLE
ABHD16A,OPTIMAL,OPTIMAL,OPTIMAL,OPTIMAL
DDAH2,INFEASIBLE,OPTIMAL,OPTIMAL,OPTIMAL
CLIC1,INFEASIBLE,INFEASIBLE,OPTIMAL,INFEASIBLE
MSH5,INFEASIBLE,OPTIMAL,OPTIMAL,INFEASIBLE
VARS1,OPTIMAL,OPTIMAL,OPTIMAL,OPTIMAL
LSM2,INFEASIBLE,OPTIMAL,OPTIMAL,INFEASIBLE
HSPA1B,INFEASIBLE,INFEASIBLE,OPTIMAL,INFEASIBLE
NEU1,INFEASIBLE,OPTIMAL,OPTIMAL,OPTIMAL
EHMT2,OPTIMAL,INFEASIBLE,OPTIMAL,OPTIMAL
C2,INFEASIBLE,OPTIMAL,OPTIMAL,INFEASIBLE
NELFE,OPTIMAL,OPTIMAL,OPTIMAL,OPTIMAL
SKIC2,OPTIMAL,INFEASIBLE,OPTIMAL,OPTIMAL
DXO,OPTIMAL,OPTIMAL,OPTIMAL,OPTIMAL
STK19,OPTIMAL,OPTIMAL,OPTIMAL,OPTIMAL
ATF6B,INFEASIBLE,OPTIMAL,OPTIMAL,INFEASIBLE
FKBPL,INFEASIBLE,OPTIMAL,OPTIMAL,OPTIMAL
PPT2,INFEASIBLE,OPTIMAL,OPTIMAL,INFEASIBLE
AGPAT1,OPTIMAL,OPTIMAL,OPTIMAL,OPTIMAL
RNF5,INFEASIBLE,OPTIMAL,OPTIMAL,INFEASIBLE
PBX2,INFEASIBLE,INFEASIBLE,OPTIMAL,OPTIMAL
HLA-DRB1,INFEASIBLE,INFEASIBLE,OPTIMAL,OPTIMAL
TAP2,OPTIMAL,OPTIMAL,OPTIMAL,OPTIMAL
BRD2,INFEASIBLE,OPTIMAL,OPTIMAL,OPTIMAL
RXRB,INFEASIBLE,OPTIMAL,OPTIMAL,INFEASIBLE
SLC39A7,OPTIMAL,OPTIMAL,OPTIMAL,OPTIMAL
HSD17B8,INFEASIBLE,OPTIMAL,OPTIMAL,OPTIMAL
RING1,OPTIMAL,OPTIMAL,OPTIMAL,OPTIMAL
VPS52,OPTIMAL,OPTIMAL,OPTIMAL,OPTIMAL
RPS18,INFEASIBLE,OPTIMAL,OPTIMAL,INFEASIBLE
WDR46,OPTIMAL,OPTIMAL,OPTIMAL,OPTIMAL
PFDN6,INFEASIBLE,INFEASIBLE,OPTIMAL,INFEASIBLE
TAPBP,INFEASIBLE,OPTIMAL,OPTIMAL,OPTIMAL
DAXX,OPTIMAL,OPTIMAL,OPTIMAL,OPTIMAL
KIFC1,OPTIMAL,OPTIMAL,OPTIMAL,INFEASIBLE
CUTA,INFEASIBLE,INFEASIBLE,OPTIMAL,OPTIMAL
BAK1,OPTIMAL,OPTIMAL,OPTIMAL,OPTIMAL
ITPR3,OPTIMAL,OPTIMAL,OPTIMAL,OPTIMAL
UQCC2,INFEASIBLE,INFEASIBLE,OPTIMAL,INFEASIBLE
LEMD2,OPTIMAL,OPTIMAL,OPTIMAL,OPTIMAL
HMGA1,OPTIMAL,OPTIMAL,OPTIMAL,OPTIMAL
SMIM29,OPTIMAL,INFEASIBLE,OPTIMAL,OPTIMAL
NUDT3,INFEASIBLE,INFEASIBLE,OPTIMAL,INFEASIBLE
RPS10,INFEASIBLE,INFEASIBLE,OPTIMAL,INFEASIBLE
ILRUN,INFEASIBLE,OPTIMAL,OPTIMAL,INFEASIBLE
SNRPC,INFEASIBLE,INFEASIBLE,OPTIMAL,INFEASIBLE
BLTP3A,INFEASIBLE,OPTIMAL,OPTIMAL,INFEASIBLE
TAF11,INFEASIBLE,OPTIMAL,OPTIMAL,INFEASIBLE
ANKS1A,OPTIMAL,OPTIMAL,OPTIMAL,OPTIMAL
ZNF76,OPTIMAL,OPTIMAL,OPTIMAL,OPTIMAL
PPARD,OPTIMAL,OPTIMAL,OPTIMAL,OPTIMAL
FANCE,OPTIMAL,OPTIMAL,OPTIMAL,OPTIMAL
RPL10A,INFEASIBLE,OPTIMAL,OPTIMAL,INFEASIBLE
TEAD3,OPTIMAL,OPTIMAL,OPTIMAL,OPTIMAL
FKBP5,INFEASIBLE,INFEASIBLE,OPTIMAL,INFEASIBLE
LHFPL5,INFEASIBLE,OPTIMAL,OPTIMAL,OPTIMAL
SRPK1,INFEASIBLE,INFEASIBLE,OPTIMAL,INFEASIBLE
MAPK14,INFEASIBLE,INFEASIBLE,OPTIMAL,OPTIMAL
BRPF3,OPTIMAL,OPTIMAL,OPTIMAL,OPTIMAL
KCTD20,INFEASIBLE,OPTIMAL,OPTIMAL,INFEASIBLE
STK38,INFEASIBLE,OPTIMAL,OPTIMAL,OPTIMAL
SRSF3,INFEASIBLE,INFEASIBLE,OPTIMAL,INFEASIBLE
CDKN1A,INFEASIBLE,OPTIMAL,OPTIMAL,INFEASIBLE
PPIL1,OPTIMAL,OPTIMAL,OPTIMAL,OPTIMAL
C6orf89,OPTIMAL,OPTIMAL,OPTIMAL,OPTIMAL
MTCH1,INFEASIBLE,INFEASIBLE,OPTIMAL,INFEASIBLE
TBC1D22B,OPTIMAL,OPTIMAL,OPTIMAL,OPTIMAL
RNF8,INFEASIBLE,OPTIMAL,OPTIMAL,INFEASIBLE
CMTR1,OPTIMAL,OPTIMAL,OPTIMAL,OPTIMAL
CCDC167,INFEASIBLE,OPTIMAL,OPTIMAL,INFEASIBLE
ZFAND3,INFEASIBLE,INFEASIBLE,OPTIMAL,INFEASIBLE
BTBD9,INFEASIBLE,OPTIMAL,OPTIMAL,INFEASIBLE
GLO1,INFEASIBLE,OPTIMAL,OPTIMAL,INFEASIBLE
SAYSD1,INFEASIBLE,OPTIMAL,OPTIMAL,INFEASIBLE
DAAM2,OPTIMAL,OPTIMAL,OPTIMAL,INFEASIBLE
OARD1,INFEASIBLE,OPTIMAL,OPTIMAL,INFEASIBLE
NFYA,OPTIMAL,OPTIMAL,OPTIMAL,OPTIMAL
FOXP4,INFEASIBLE,OPTIMAL,OPTIMAL,OPTIMAL
TOMM6,INFEASIBLE,INFEASIBLE,OPTIMAL,INFEASIBLE
USP49,INFEASIBLE,OPTIMAL,OPTIMAL,OPTIMAL
MED20,INFEASIBLE,OPTIMAL,OPTIMAL,INFEASIBLE
BYSL,OPTIMAL,OPTIMAL,OPTIMAL,OPTIMAL
CCND3,OPTIMAL,OPTIMAL,OPTIMAL,OPTIMAL
TAF8,OPTIMAL,OPTIMAL,OPTIMAL,OPTIMAL
MRPS10,INFEASIBLE,OPTIMAL,OPTIMAL,INFEASIBLE
TRERF1,OPTIMAL,OPTIMAL,OPTIMAL,OPTIMAL
UBR2,INFEASIBLE,OPTIMAL,OPTIMAL,OPTIMAL
TBCC,OPTIMAL,OPTIMAL,OPTIMAL,OPTIMAL
BICRAL,INFEASIBLE,OPTIMAL,OPTIMAL,INFEASIBLE
RPL7L1,INFEASIBLE,OPTIMAL,OPTIMAL,OPTIMAL
CNPY3,OPTIMAL,OPTIMAL,OPTIMAL,INFEASIBLE
PEX6,OPTIMAL,OPTIMAL,OPTIMAL,OPTIMAL
PPP2R5D,INFEASIBLE,INFEASIBLE,OPTIMAL,INFEASIBLE
MEA1,INFEASIBLE,OPTIMAL,OPTIMAL,INFEASIBLE
KLHDC3,INFEASIBLE,INFEASIBLE,OPTIMAL,OPTIMAL
RRP36,INFEASIBLE,OPTIMAL,OPTIMAL,OPTIMAL
KLC4,OPTIMAL,OPTIMAL,OPTIMAL,OPTIMAL
MRPL2,INFEASIBLE,OPTIMAL,INFEASIBLE,INFEASIBLE
PTK7,INFEASIBLE,INFEASIBLE,OPTIMAL,OPTIMAL
SRF,OPTIMAL,OPTIMAL,OPTIMAL,OPTIMAL
DNPH1,INFEASIBLE,INFEASIBLE,INFEASIBLE,OPTIMAL
ZNF318,OPTIMAL,OPTIMAL,OPTIMAL,OPTIMAL
ABCC10,OPTIMAL,OPTIMAL,OPTIMAL,OPTIMAL
TJAP1,OPTIMAL,OPTIMAL,OPTIMAL,OPTIMAL
POLR1C,INFEASIBLE,OPTIMAL,OPTIMAL,INFEASIBLE
YIPF3,OPTIMAL,OPTIMAL,OPTIMAL,OPTIMAL
XPO5,INFEASIBLE,OPTIMAL,OPTIMAL,INFEASIBLE
POLH,OPTIMAL,OPTIMAL,OPTIMAL,OPTIMAL
GTPBP2,OPTIMAL,OPTIMAL,OPTIMAL,OPTIMAL
MAD2L1BP,OPTIMAL,OPTIMAL,OPTIMAL,OPTIMAL
MRPS18A,INFEASIBLE,INFEASIBLE,OPTIMAL,INFEASIBLE
VEGFA,INFEASIBLE,OPTIMAL,OPTIMAL,INFEASIBLE
MRPL14,INFEASIBLE,OPTIMAL,OPTIMAL,INFEASIBLE
TMEM63B,OPTIMAL,OPTIMAL,OPTIMAL,OPTIMAL
SLC29A1,INFEASIBLE,INFEASIBLE,OPTIMAL,OPTIMAL
HSP90AB1,INFEASIBLE,INFEASIBLE,OPTIMAL,INFEASIBLE
SLC35B2,INFEASIBLE,OPTIMAL,OPTIMAL,OPTIMAL
AARS2,OPTIMAL,OPTIMAL,OPTIMAL,OPTIMAL
CDC5L,INFEASIBLE,OPTIMAL,OPTIMAL,INFEASIBLE
SUPT3H,INFEASIBLE,INFEASIBLE,OPTIMAL,INFEASIBLE
RUNX2,INFEASIBLE,OPTIMAL,OPTIMAL,OPTIMAL
CYP39A1,OPTIMAL,OPTIMAL,OPTIMAL,OPTIMAL
SLC25A27,OPTIMAL,OPTIMAL,OPTIMAL,OPTIMAL
TNFRSF21,INFEASIBLE,OPTIMAL,OPTIMAL,OPTIMAL
CD2AP,INFEASIBLE,INFEASIBLE,OPTIMAL,INFEASIBLE
MMUT,OPTIMAL,OPTIMAL,OPTIMAL,OPTIMAL
CENPQ,INFEASIBLE,OPTIMAL,OPTIMAL,OPTIMAL
MCM3,INFEASIBLE,OPTIMAL,OPTIMAL,INFEASIBLE
PAQR8,OPTIMAL,OPTIMAL,OPTIMAL,OPTIMAL
EFHC1,INFEASIBLE,OPTIMAL,OPTIMAL,OPTIMAL
TRAM2,OPTIMAL,OPTIMAL,OPTIMAL,OPTIMAL
TMEM14A,INFEASIBLE,OPTIMAL,OPTIMAL,INFEASIBLE
GSTA4,OPTIMAL,OPTIMAL,OPTIMAL,OPTIMAL
CILK1,OPTIMAL,OPTIMAL,OPTIMAL,OPTIMAL
FBXO9,INFEASIBLE,OPTIMAL,OPTIMAL,INFEASIBLE
ELOVL5,INFEASIBLE,INFEASIBLE,OPTIMAL,INFEASIBLE
GCLC,OPTIMAL,OPTIMAL,OPTIMAL,OPTIMAL
LRRC1,INFEASIBLE,OPTIMAL,OPTIMAL,INFEASIBLE
DST,INFEASIBLE,OPTIMAL,OPTIMAL,INFEASIBLE
KIAA1586,INFEASIBLE,OPTIMAL,OPTIMAL,OPTIMAL
ZNF451,INFEASIBLE,OPTIMAL,OPTIMAL,INFEASIBLE
BAG2,OPTIMAL,OPTIMAL,OPTIMAL,OPTIMAL
RAB23,OPTIMAL,OPTIMAL,OPTIMAL,OPTIMAL
PRIM2,INFEASIBLE,OPTIMAL,OPTIMAL,INFEASIBLE
PHF3,INFEASIBLE,OPTIMAL,OPTIMAL,INFEASIBLE
EYS,OPTIMAL,OPTIMAL,OPTIMAL,OPTIMAL
ADGRB3,INFEASIBLE,OPTIMAL,OPTIMAL,OPTIMAL
LMBRD1,INFEASIBLE,OPTIMAL,OPTIMAL,INFEASIBLE
COL19A1,OPTIMAL,OPTIMAL,OPTIMAL,OPTIMAL
FAM135A,INFEASIBLE,INFEASIBLE,OPTIMAL,INFEASIBLE
SDHAF4,OPTIMAL,OPTIMAL,OPTIMAL,OPTIMAL
SMAP1,INFEASIBLE,INFEASIBLE,OPTIMAL,INFEASIBLE
B3GAT2,INFEASIBLE,OPTIMAL,INFEASIBLE,OPTIMAL
OGFRL1,OPTIMAL,OPTIMAL,OPTIMAL,OPTIMAL
KCNQ5,INFEASIBLE,OPTIMAL,OPTIMAL,INFEASIBLE
KHDC1,OPTIMAL,OPTIMAL,OPTIMAL,OPTIMAL
OOEP,INFEASIBLE,OPTIMAL,OPTIMAL,INFEASIBLE
MTO1,INFEASIBLE,OPTIMAL,OPTIMAL,OPTIMAL
EEF1A1,INFEASIBLE,OPTIMAL,OPTIMAL,INFEASIBLE
SLC17A5,OPTIMAL,OPTIMAL,OPTIMAL,INFEASIBLE
COX7A2,INFEASIBLE,INFEASIBLE,OPTIMAL,INFEASIBLE
TMEM30A,INFEASIBLE,INFEASIBLE,OPTIMAL,OPTIMAL
SENP6,INFEASIBLE,OPTIMAL,OPTIMAL,INFEASIBLE
MYO6,INFEASIBLE,OPTIMAL,OPTIMAL,INFEASIBLE
IRAK1BP1,OPTIMAL,OPTIMAL,OPTIMAL,OPTIMAL
PHIP,INFEASIBLE,OPTIMAL,OPTIMAL,INFEASIBLE
HMGN3,INFEASIBLE,INFEASIBLE,OPTIMAL,INFEASIBLE
LCA5,OPTIMAL,INFEASIBLE,OPTIMAL,OPTIMAL
SH3BGRL2,INFEASIBLE,INFEASIBLE,OPTIMAL,OPTIMAL
ELOVL4,OPTIMAL,OPTIMAL,OPTIMAL,OPTIMAL
TTK,OPTIMAL,OPTIMAL,OPTIMAL,OPTIMAL
BCKDHB,OPTIMAL,OPTIMAL,OPTIMAL,OPTIMAL
TENT5A,INFEASIBLE,OPTIMAL,OPTIMAL,INFEASIBLE
IBTK,INFEASIBLE,INFEASIBLE,OPTIMAL,INFEASIBLE
TPBG,OPTIMAL,OPTIMAL,OPTIMAL,OPTIMAL
UBE3D,INFEASIBLE,OPTIMAL,OPTIMAL,INFEASIBLE
DOP1A,INFEASIBLE,OPTIMAL,OPTIMAL,INFEASIBLE
PGM3,INFEASIBLE,INFEASIBLE,OPTIMAL,INFEASIBLE
ME1,INFEASIBLE,OPTIMAL,OPTIMAL,INFEASIBLE
CYB5R4,INFEASIBLE,OPTIMAL,OPTIMAL,INFEASIBLE
CEP162,INFEASIBLE,OPTIMAL,OPTIMAL,OPTIMAL
TBX18,OPTIMAL,INFEASIBLE,OPTIMAL,OPTIMAL
SNX14,INFEASIBLE,OPTIMAL,OPTIMAL,INFEASIBLE
SYNCRIP,INFEASIBLE,OPTIMAL,OPTIMAL,INFEASIBLE
ZNF292,INFEASIBLE,INFEASIBLE,OPTIMAL,INFEASIBLE
SMIM8,INFEASIBLE,INFEASIBLE,OPTIMAL,OPTIMAL
SLC35A1,INFEASIBLE,INFEASIBLE,OPTIMAL,INFEASIBLE
RARS2,INFEASIBLE,OPTIMAL,OPTIMAL,INFEASIBLE
ORC3,INFEASIBLE,OPTIMAL,OPTIMAL,INFEASIBLE
AKIRIN2,OPTIMAL,OPTIMAL,OPTIMAL,INFEASIBLE
RNGTT,INFEASIBLE,OPTIMAL,OPTIMAL,INFEASIBLE
PNRC1,OPTIMAL,OPTIMAL,OPTIMAL,OPTIMAL
SRSF12,INFEASIBLE,INFEASIBLE,OPTIMAL,INFEASIBLE
PM20D2,OPTIMAL,OPTIMAL,OPTIMAL,OPTIMAL
UBE2J1,INFEASIBLE,OPTIMAL,OPTIMAL,OPTIMAL
RRAGD,INFEASIBLE,OPTIMAL,OPTIMAL,OPTIMAL
ANKRD6,INFEASIBLE,INFEASIBLE,OPTIMAL,INFEASIBLE
LYRM2,INFEASIBLE,OPTIMAL,OPTIMAL,INFEASIBLE
MDN1,INFEASIBLE,INFEASIBLE,OPTIMAL,OPTIMAL
CASP8AP2,INFEASIBLE,OPTIMAL,INFEASIBLE,INFEASIBLE
BACH2,INFEASIBLE,OPTIMAL,OPTIMAL,INFEASIBLE
MAP3K7,INFEASIBLE,OPTIMAL,OPTIMAL,INFEASIBLE
EPHA7,INFEASIBLE,OPTIMAL,OPTIMAL,INFEASIBLE
MANEA,INFEASIBLE,OPTIMAL,OPTIMAL,INFEASIBLE
UFL1,INFEASIBLE,OPTIMAL,OPTIMAL,INFEASIBLE
GPR63,INFEASIBLE,OPTIMAL,INFEASIBLE,OPTIMAL
NDUFAF4,INFEASIBLE,OPTIMAL,OPTIMAL,INFEASIBLE
MMS22L,INFEASIBLE,OPTIMAL,OPTIMAL,INFEASIBLE
POU3F2,OPTIMAL,OPTIMAL,OPTIMAL,OPTIMAL
FBXL4,INFEASIBLE,OPTIMAL,OPTIMAL,INFEASIBLE
FAXC,OPTIMAL,OPTIMAL,OPTIMAL,OPTIMAL
COQ3,INFEASIBLE,OPTIMAL,OPTIMAL,OPTIMAL
PNISR,INFEASIBLE,INFEASIBLE,OPTIMAL,INFEASIBLE
USP45,INFEASIBLE,OPTIMAL,OPTIMAL,INFEASIBLE
TSTD3,INFEASIBLE,OPTIMAL,OPTIMAL,INFEASIBLE
CCNC,INFEASIBLE,OPTIMAL,OPTIMAL,INFEASIBLE
ASCC3,INFEASIBLE,OPTIMAL,OPTIMAL,INFEASIBLE
HACE1,INFEASIBLE,OPTIMAL,OPTIMAL,INFEASIBLE
LIN28B,INFEASIBLE,INFEASIBLE,OPTIMAL,INFEASIBLE
POPDC3,INFEASIBLE,OPTIMAL,OPTIMAL,OPTIMAL
PREP,INFEASIBLE,OPTIMAL,OPTIMAL,INFEASIBLE
ATG5,INFEASIBLE,OPTIMAL,OPTIMAL,INFEASIBLE
RTN4IP1,INFEASIBLE,OPTIMAL,OPTIMAL,INFEASIBLE
QRSL1,INFEASIBLE,OPTIMAL,OPTIMAL,OPTIMAL
MTRES1,INFEASIBLE,INFEASIBLE,OPTIMAL,OPTIMAL
BEND3,INFEASIBLE,OPTIMAL,OPTIMAL,INFEASIBLE
PDSS2,INFEASIBLE,OPTIMAL,OPTIMAL,INFEASIBLE
SOBP,INFEASIBLE,OPTIMAL,OPTIMAL,INFEASIBLE
SEC63,INFEASIBLE,INFEASIBLE,OPTIMAL,OPTIMAL
OSTM1,INFEASIBLE,OPTIMAL,OPTIMAL,INFEASIBLE
SNX3,INFEASIBLE,OPTIMAL,OPTIMAL,INFEASIBLE
AFG1L,INFEASIBLE,INFEASIBLE,OPTIMAL,OPTIMAL
FOXO3,INFEASIBLE,INFEASIBLE,OPTIMAL,INFEASIBLE
ARMC2,OPTIMAL,OPTIMAL,OPTIMAL,OPTIMAL
SESN1,INFEASIBLE,OPTIMAL,OPTIMAL,INFEASIBLE
CEP57L1,INFEASIBLE,OPTIMAL,OPTIMAL,INFEASIBLE
CD164,INFEASIBLE,INFEASIBLE,OPTIMAL,INFEASIBLE
PPIL6,OPTIMAL,OPTIMAL,OPTIMAL,OPTIMAL
ZBTB24,INFEASIBLE,OPTIMAL,OPTIMAL,OPTIMAL
FIG4,OPTIMAL,OPTIMAL,OPTIMAL,OPTIMAL
WASF1,INFEASIBLE,INFEASIBLE,OPTIMAL,INFEASIBLE
CDC40,INFEASIBLE,OPTIMAL,OPTIMAL,INFEASIBLE
SLC22A16,OPTIMAL,OPTIMAL,OPTIMAL,OPTIMAL
CDK19,OPTIMAL,OPTIMAL,OPTIMAL,OPTIMAL
AMD1,INFEASIBLE,OPTIMAL,OPTIMAL,OPTIMAL
GTF3C6,INFEASIBLE,OPTIMAL,OPTIMAL,INFEASIBLE
RPF2,INFEASIBLE,INFEASIBLE,OPTIMAL,OPTIMAL
SLC16A10,INFEASIBLE,OPTIMAL,OPTIMAL,INFEASIBLE
MFSD4B,INFEASIBLE,OPTIMAL,OPTIMAL,INFEASIBLE
REV3L,INFEASIBLE,OPTIMAL,OPTIMAL,INFEASIBLE
TRAF3IP2,INFEASIBLE,OPTIMAL,OPTIMAL,OPTIMAL
FYN,INFEASIBLE,OPTIMAL,OPTIMAL,INFEASIBLE
TUBE1,OPTIMAL,OPTIMAL,OPTIMAL,INFEASIBLE
FAM229B,INFEASIBLE,OPTIMAL,OPTIMAL,INFEASIBLE
LAMA4,OPTIMAL,OPTIMAL,OPTIMAL,OPTIMAL
MARCKS,INFEASIBLE,OPTIMAL,INFEASIBLE,INFEASIBLE
HDAC2,INFEASIBLE,OPTIMAL,OPTIMAL,INFEASIBLE
NT5DC1,INFEASIBLE,OPTIMAL,OPTIMAL,INFEASIBLE
TSPYL4,INFEASIBLE,OPTIMAL,OPTIMAL,INFEASIBLE
DSE,INFEASIBLE,OPTIMAL,OPTIMAL,INFEASIBLE
TSPYL1,INFEASIBLE,OPTIMAL,INFEASIBLE,INFEASIBLE
RWDD1,INFEASIBLE,OPTIMAL,OPTIMAL,INFEASIBLE
ZUP1,INFEASIBLE,INFEASIBLE,OPTIMAL,INFEASIBLE
KPNA5,OPTIMAL,OPTIMAL,OPTIMAL,OPTIMAL
DCBLD1,OPTIMAL,OPTIMAL,OPTIMAL,OPTIMAL
GOPC,INFEASIBLE,OPTIMAL,OPTIMAL,INFEASIBLE
NUS1,INFEASIBLE,INFEASIBLE,OPTIMAL,INFEASIBLE
SLC35F1,INFEASIBLE,INFEASIBLE,OPTIMAL,INFEASIBLE
CEP85L,INFEASIBLE,INFEASIBLE,OPTIMAL,INFEASIBLE
MCM9,OPTIMAL,OPTIMAL,OPTIMAL,OPTIMAL
ASF1A,OPTIMAL,OPTIMAL,OPTIMAL,OPTIMAL
FAM184A,INFEASIBLE,OPTIMAL,OPTIMAL,INFEASIBLE
MAN1A1,INFEASIBLE,INFEASIBLE,OPTIMAL,OPTIMAL
TBC1D32,INFEASIBLE,OPTIMAL,OPTIMAL,INFEASIBLE
GJA1,OPTIMAL,OPTIMAL,OPTIMAL,OPTIMAL
HSF2,OPTIMAL,OPTIMAL,OPTIMAL,OPTIMAL
SERINC1,INFEASIBLE,INFEASIBLE,OPTIMAL,INFEASIBLE
PKIB,INFEASIBLE,INFEASIBLE,OPTIMAL,INFEASIBLE
NKAIN2,OPTIMAL,OPTIMAL,OPTIMAL,OPTIMAL
RNF217,INFEASIBLE,INFEASIBLE,OPTIMAL,INFEASIBLE
TPD52L1,INFEASIBLE,INFEASIBLE,OPTIMAL,INFEASIBLE
HDDC2,INFEASIBLE,OPTIMAL,OPTIMAL,INFEASIBLE
HEY2,INFEASIBLE,OPTIMAL,OPTIMAL,OPTIMAL
NCOA7,INFEASIBLE,OPTIMAL,OPTIMAL,INFEASIBLE
HINT3,INFEASIBLE,OPTIMAL,OPTIMAL,OPTIMAL
TRMT11,INFEASIBLE,INFEASIBLE,OPTIMAL,INFEASIBLE
CENPW,INFEASIBLE,OPTIMAL,OPTIMAL,INFEASIBLE
RNF146,OPTIMAL,OPTIMAL,OPTIMAL,OPTIMAL
ECHDC1,INFEASIBLE,INFEASIBLE,OPTIMAL,INFEASIBLE
PTPRK,INFEASIBLE,OPTIMAL,OPTIMAL,INFEASIBLE
LAMA2,OPTIMAL,OPTIMAL,OPTIMAL,OPTIMAL
ARHGAP18,OPTIMAL,OPTIMAL,OPTIMAL,OPTIMAL
L3MBTL3,OPTIMAL,OPTIMAL,OPTIMAL,OPTIMAL
EPB41L2,INFEASIBLE,OPTIMAL,OPTIMAL,INFEASIBLE
AKAP7,OPTIMAL,OPTIMAL,OPTIMAL,OPTIMAL
MED23,INFEASIBLE,OPTIMAL,OPTIMAL,INFEASIBLE
ENPP1,INFEASIBLE,OPTIMAL,OPTIMAL,INFEASIBLE
MOXD1,OPTIMAL,OPTIMAL,OPTIMAL,OPTIMAL
STX7,INFEASIBLE,OPTIMAL,OPTIMAL,OPTIMAL
SLC18B1,INFEASIBLE,OPTIMAL,OPTIMAL,INFEASIBLE
RPS12,INFEASIBLE,INFEASIBLE,OPTIMAL,INFEASIBLE
EYA4,INFEASIBLE,OPTIMAL,OPTIMAL,INFEASIBLE
TBPL1,INFEASIBLE,INFEASIBLE,OPTIMAL,INFEASIBLE
HBS1L,INFEASIBLE,OPTIMAL,OPTIMAL,INFEASIBLE
AHI1,INFEASIBLE,OPTIMAL,OPTIMAL,INFEASIBLE
MTFR2,INFEASIBLE,OPTIMAL,OPTIMAL,OPTIMAL
BCLAF1,INFEASIBLE,INFEASIBLE,OPTIMAL,INFEASIBLE
MAP7,INFEASIBLE,INFEASIBLE,OPTIMAL,OPTIMAL
MAP3K5,INFEASIBLE,OPTIMAL,OPTIMAL,INFEASIBLE
PEX7,INFEASIBLE,OPTIMAL,OPTIMAL,OPTIMAL
IFNGR1,OPTIMAL,INFEASIBLE,OPTIMAL,OPTIMAL
PERP,INFEASIBLE,INFEASIBLE,OPTIMAL,OPTIMAL
ARFGEF3,OPTIMAL,OPTIMAL,OPTIMAL,OPTIMAL
HEBP2,INFEASIBLE,INFEASIBLE,OPTIMAL,INFEASIBLE
NHSL1,INFEASIBLE,INFEASIBLE,OPTIMAL,INFEASIBLE
CCDC28A,INFEASIBLE,OPTIMAL,OPTIMAL,OPTIMAL
REPS1,INFEASIBLE,OPTIMAL,OPTIMAL,INFEASIBLE
ABRACL,INFEASIBLE,OPTIMAL,OPTIMAL,INFEASIBLE
HECA,OPTIMAL,OPTIMAL,OPTIMAL,OPTIMAL
CITED2,OPTIMAL,OPTIMAL,OPTIMAL,OPTIMAL
VTA1,INFEASIBLE,OPTIMAL,OPTIMAL,INFEASIBLE
HIVEP2,INFEASIBLE,INFEASIBLE,OPTIMAL,OPTIMAL
AIG1,INFEASIBLE,OPTIMAL,OPTIMAL,INFEASIBLE
ADAT2,INFEASIBLE,OPTIMAL,OPTIMAL,OPTIMAL
PEX3,INFEASIBLE,OPTIMAL,OPTIMAL,OPTIMAL
FUCA2,INFEASIBLE,INFEASIBLE,OPTIMAL,OPTIMAL
PHACTR2,INFEASIBLE,OPTIMAL,OPTIMAL,INFEASIBLE
LTV1,INFEASIBLE,OPTIMAL,OPTIMAL,INFEASIBLE
PLAGL1,INFEASIBLE,OPTIMAL,OPTIMAL,INFEASIBLE
SF3B5,INFEASIBLE,INFEASIBLE,OPTIMAL,OPTIMAL
UTRN,INFEASIBLE,OPTIMAL,OPTIMAL,INFEASIBLE
EPM2A,INFEASIBLE,OPTIMAL,OPTIMAL,INFEASIBLE
FBXO30,OPTIMAL,OPTIMAL,OPTIMAL,OPTIMAL
SHPRH,OPTIMAL,OPTIMAL,OPTIMAL,OPTIMAL
RAB32,INFEASIBLE,OPTIMAL,OPTIMAL,INFEASIBLE
STXBP5,INFEASIBLE,OPTIMAL,OPTIMAL,INFEASIBLE
SAMD5,INFEASIBLE,INFEASIBLE,OPTIMAL,INFEASIBLE
SASH1,INFEASIBLE,INFEASIBLE,OPTIMAL,INFEASIBLE
UST,INFEASIBLE,INFEASIBLE,OPTIMAL,OPTIMAL
TAB2,INFEASIBLE,OPTIMAL,OPTIMAL,INFEASIBLE
PPIL4,INFEASIBLE,OPTIMAL,OPTIMAL,INFEASIBLE
GINM1,INFEASIBLE,OPTIMAL,OPTIMAL,INFEASIBLE
KATNA1,INFEASIBLE,OPTIMAL,OPTIMAL,OPTIMAL
LATS1,INFEASIBLE,OPTIMAL,OPTIMAL,OPTIMAL
NUP43,INFEASIBLE,OPTIMAL,OPTIMAL,INFEASIBLE
PCMT1,INFEASIBLE,OPTIMAL,OPTIMAL,INFEASIBLE
LRP11,OPTIMAL,OPTIMAL,OPTIMAL,OPTIMAL
ULBP3,INFEASIBLE,OPTIMAL,OPTIMAL,OPTIMAL
PPP1R14C,INFEASIBLE,INFEASIBLE,OPTIMAL,OPTIMAL
PLEKHG1,OPTIMAL,OPTIMAL,OPTIMAL,OPTIMAL
MTHFD1L,INFEASIBLE,INFEASIBLE,OPTIMAL,INFEASIBLE
AKAP12,INFEASIBLE,OPTIMAL,OPTIMAL,INFEASIBLE
ZBTB2,INFEASIBLE,OPTIMAL,OPTIMAL,OPTIMAL
RMND1,INFEASIBLE,OPTIMAL,OPTIMAL,INFEASIBLE
ARMT1,OPTIMAL,OPTIMAL,OPTIMAL,OPTIMAL
SYNE1,OPTIMAL,OPTIMAL,OPTIMAL,OPTIMAL
FBXO5,INFEASIBLE,OPTIMAL,OPTIMAL,OPTIMAL
MTRF1L,INFEASIBLE,OPTIMAL,OPTIMAL,OPTIMAL
RGS17,INFEASIBLE,OPTIMAL,INFEASIBLE,INFEASIBLE
CNKSR3,INFEASIBLE,OPTIMAL,OPTIMAL,INFEASIBLE
SCAF8,INFEASIBLE,INFEASIBLE,OPTIMAL,INFEASIBLE
TIAM2,INFEASIBLE,OPTIMAL,OPTIMAL,INFEASIBLE
TFB1M,INFEASIBLE,INFEASIBLE,OPTIMAL,INFEASIBLE
ARID1B,INFEASIBLE,OPTIMAL,OPTIMAL,INFEASIBLE
TMEM242,INFEASIBLE,INFEASIBLE,OPTIMAL,INFEASIBLE
ZDHHC14,INFEASIBLE,OPTIMAL,OPTIMAL,OPTIMAL
SNX9,INFEASIBLE,INFEASIBLE,OPTIMAL,OPTIMAL
SYNJ2,INFEASIBLE,OPTIMAL,OPTIMAL,INFEASIBLE
SERAC1,OPTIMAL,OPTIMAL,OPTIMAL,OPTIMAL
GTF2H5,INFEASIBLE,INFEASIBLE,OPTIMAL,INFEASIBLE
TULP4,INFEASIBLE,INFEASIBLE,OPTIMAL,INFEASIBLE
TMEM181,INFEASIBLE,INFEASIBLE,OPTIMAL,INFEASIBLE
DYNLT1,INFEASIBLE,INFEASIBLE,INFEASIBLE,INFEASIBLE
SYTL3,OPTIMAL,OPTIMAL,OPTIMAL,OPTIMAL
EZR,INFEASIBLE,OPTIMAL,OPTIMAL,INFEASIBLE
RSPH3,OPTIMAL,OPTIMAL,OPTIMAL,OPTIMAL
SOD2,INFEASIBLE,OPTIMAL,OPTIMAL,INFEASIBLE
WTAP,INFEASIBLE,OPTIMAL,INFEASIBLE,INFEASIBLE
ACAT2,INFEASIBLE,INFEASIBLE,INFEASIBLE,INFEASIBLE
TCP1,INFEASIBLE,INFEASIBLE,OPTIMAL,INFEASIBLE
MRPL18,INFEASIBLE,INFEASIBLE,OPTIMAL,INFEASIBLE
IGF2R,INFEASIBLE,INFEASIBLE,OPTIMAL,INFEASIBLE
MAP3K4,INFEASIBLE,OPTIMAL,OPTIMAL,INFEASIBLE
AGPAT4,INFEASIBLE,INFEASIBLE,OPTIMAL,OPTIMAL
PRKN,INFEASIBLE,OPTIMAL,OPTIMAL,INFEASIBLE
QKI,INFEASIBLE,OPTIMAL,OPTIMAL,INFEASIBLE
PDE10A,OPTIMAL,OPTIMAL,OPTIMAL,OPTIMAL
SFT2D1,INFEASIBLE,INFEASIBLE,OPTIMAL,INFEASIBLE
MPC1,INFEASIBLE,INFEASIBLE,OPTIMAL,INFEASIBLE
RPS6KA2,INFEASIBLE,OPTIMAL,OPTIMAL,INFEASIBLE
RNASET2,INFEASIBLE,INFEASIBLE,OPTIMAL,OPTIMAL
CEP43,INFEASIBLE,OPTIMAL,OPTIMAL,INFEASIBLE
AFDN,INFEASIBLE,OPTIMAL,OPTIMAL,INFEASIBLE
WDR27,INFEASIBLE,OPTIMAL,OPTIMAL,INFEASIBLE
C6orf120,INFEASIBLE,OPTIMAL,OPTIMAL,INFEASIBLE
PHF10,INFEASIBLE,OPTIMAL,OPTIMAL,OPTIMAL
ERMARD,OPTIMAL,OPTIMAL,OPTIMAL,OPTIMAL
FAM120B,INFEASIBLE,INFEASIBLE,OPTIMAL,INFEASIBLE
PSMB1,INFEASIBLE,INFEASIBLE,OPTIMAL,INFEASIBLE
TBP,OPTIMAL,OPTIMAL,OPTIMAL,INFEASIBLE
PDCD2,INFEASIBLE,OPTIMAL,OPTIMAL,INFEASIBLE
PRKAR1B,OPTIMAL,OPTIMAL,OPTIMAL,OPTIMAL
DNAAF5,INFEASIBLE,OPTIMAL,OPTIMAL,OPTIMAL
SUN1,INFEASIBLE,OPTIMAL,OPTIMAL,OPTIMAL
COX19,INFEASIBLE,INFEASIBLE,OPTIMAL,OPTIMAL
C7orf50,INFEASIBLE,OPTIMAL,OPTIMAL,INFEASIBLE
ZFAND2A,OPTIMAL,OPTIMAL,OPTIMAL,OPTIMAL
INTS1,OPTIMAL,OPTIMAL,OPTIMAL,OPTIMAL
PSMG3,INFEASIBLE,INFEASIBLE,OPTIMAL,INFEASIBLE
MAD1L1,INFEASIBLE,OPTIMAL,OPTIMAL,INFEASIBLE
MRM2,INFEASIBLE,OPTIMAL,OPTIMAL,OPTIMAL
NUDT1,INFEASIBLE,OPTIMAL,INFEASIBLE,INFEASIBLE
SNX8,INFEASIBLE,OPTIMAL,OPTIMAL,OPTIMAL
EIF3B,INFEASIBLE,INFEASIBLE,OPTIMAL,OPTIMAL
CHST12,OPTIMAL,OPTIMAL,OPTIMAL,OPTIMAL
BRAT1,INFEASIBLE,OPTIMAL,OPTIMAL,OPTIMAL
IQCE,OPTIMAL,OPTIMAL,OPTIMAL,OPTIMAL
TTYH3,OPTIMAL,OPTIMAL,OPTIMAL,OPTIMAL
GNA12,OPTIMAL,OPTIMAL,OPTIMAL,OPTIMAL
SDK1,INFEASIBLE,OPTIMAL,OPTIMAL,INFEASIBLE
FOXK1,OPTIMAL,OPTIMAL,OPTIMAL,OPTIMAL
AP5Z1,OPTIMAL,OPTIMAL,OPTIMAL,OPTIMAL
RADIL,INFEASIBLE,OPTIMAL,OPTIMAL,OPTIMAL
RBAK,OPTIMAL,OPTIMAL,OPTIMAL,OPTIMAL
WIPI2,INFEASIBLE,OPTIMAL,OPTIMAL,INFEASIBLE
SLC29A4,INFEASIBLE,OPTIMAL,OPTIMAL,OPTIMAL
TNRC18,INFEASIBLE,OPTIMAL,OPTIMAL,INFEASIBLE
FBXL18,OPTIMAL,OPTIMAL,OPTIMAL,OPTIMAL
ACTB,INFEASIBLE,OPTIMAL,INFEASIBLE,INFEASIBLE
FSCN1,OPTIMAL,OPTIMAL,OPTIMAL,OPTIMAL
RNF216,OPTIMAL,OPTIMAL,OPTIMAL,INFEASIBLE
CCZ1,INFEASIBLE,OPTIMAL,OPTIMAL,INFEASIBLE
PMS2,INFEASIBLE,OPTIMAL,OPTIMAL,INFEASIBLE
AIMP2,INFEASIBLE,INFEASIBLE,OPTIMAL,INFEASIBLE
EIF2AK1,INFEASIBLE,OPTIMAL,OPTIMAL,OPTIMAL
USP42,OPTIMAL,OPTIMAL,OPTIMAL,OPTIMAL
CYTH3,OPTIMAL,OPTIMAL,OPTIMAL,OPTIMAL
RAC1,INFEASIBLE,INFEASIBLE,OPTIMAL,INFEASIBLE
DAGLB,OPTIMAL,OPTIMAL,OPTIMAL,OPTIMAL
KDELR2,INFEASIBLE,OPTIMAL,OPTIMAL,INFEASIBLE
ZDHHC4,INFEASIBLE,OPTIMAL,OPTIMAL,OPTIMAL
INTS15,OPTIMAL,OPTIMAL,OPTIMAL,OPTIMAL
ZNF316,OPTIMAL,OPTIMAL,OPTIMAL,OPTIMAL
ZNF12,OPTIMAL,OPTIMAL,OPTIMAL,OPTIMAL
CCZ1B,OPTIMAL,OPTIMAL,OPTIMAL,OPTIMAL
C1GALT1,INFEASIBLE,OPTIMAL,OPTIMAL,INFEASIBLE
MIOS,OPTIMAL,OPTIMAL,OPTIMAL,OPTIMAL
RPA3,INFEASIBLE,OPTIMAL,INFEASIBLE,INFEASIBLE
UMAD1,INFEASIBLE,OPTIMAL,OPTIMAL,INFEASIBLE
GLCCI1,INFEASIBLE,OPTIMAL,OPTIMAL,INFEASIBLE
NXPH1,OPTIMAL,OPTIMAL,OPTIMAL,OPTIMAL
NDUFA4,INFEASIBLE,INFEASIBLE,INFEASIBLE,INFEASIBLE
PHF14,INFEASIBLE,OPTIMAL,OPTIMAL,INFEASIBLE
TMEM106B,OPTIMAL,OPTIMAL,OPTIMAL,OPTIMAL
VWDE,OPTIMAL,OPTIMAL,OPTIMAL,OPTIMAL
ARL4A,OPTIMAL,OPTIMAL,OPTIMAL,OPTIMAL
DGKB,OPTIMAL,OPTIMAL,OPTIMAL,INFEASIBLE
CRPPA,INFEASIBLE,OPTIMAL,OPTIMAL,OPTIMAL
ANKMY2,OPTIMAL,OPTIMAL,OPTIMAL,OPTIMAL
BZW2,INFEASIBLE,OPTIMAL,OPTIMAL,INFEASIBLE
TSPAN13,OPTIMAL,OPTIMAL,OPTIMAL,OPTIMAL
AHR,OPTIMAL,OPTIMAL,OPTIMAL,OPTIMAL
SNX13,INFEASIBLE,OPTIMAL,OPTIMAL,INFEASIBLE
HDAC9,INFEASIBLE,OPTIMAL,INFEASIBLE,OPTIMAL
TWIST1,OPTIMAL,OPTIMAL,OPTIMAL,OPTIMAL
POLR1F,INFEASIBLE,INFEASIBLE,OPTIMAL,OPTIMAL
SP4,INFEASIBLE,OPTIMAL,OPTIMAL,INFEASIBLE
DNAH11,INFEASIBLE,OPTIMAL,OPTIMAL,OPTIMAL
CDCA7L,INFEASIBLE,OPTIMAL,OPTIMAL,INFEASIBLE
RAPGEF5,INFEASIBLE,OPTIMAL,OPTIMAL,INFEASIBLE
STEAP1B,OPTIMAL,OPTIMAL,OPTIMAL,OPTIMAL
TOMM7,INFEASIBLE,INFEASIBLE,OPTIMAL,INFEASIBLE
HYCC1,OPTIMAL,OPTIMAL,OPTIMAL,OPTIMAL
KLHL7,INFEASIBLE,OPTIMAL,OPTIMAL,INFEASIBLE
NUP42,INFEASIBLE,INFEASIBLE,OPTIMAL,INFEASIBLE
MALSU1,INFEASIBLE,OPTIMAL,OPTIMAL,INFEASIBLE
IGF2BP3,INFEASIBLE,OPTIMAL,OPTIMAL,INFEASIBLE
TRA2A,INFEASIBLE,OPTIMAL,INFEASIBLE,INFEASIBLE
CCDC126,INFEASIBLE,OPTIMAL,OPTIMAL,INFEASIBLE
PALS2,INFEASIBLE,INFEASIBLE,OPTIMAL,INFEASIBLE
OSBPL3,INFEASIBLE,OPTIMAL,OPTIMAL,INFEASIBLE
CYCS,INFEASIBLE,OPTIMAL,OPTIMAL,INFEASIBLE
C7orf31,OPTIMAL,OPTIMAL,OPTIMAL,OPTIMAL
NFE2L3,INFEASIBLE,OPTIMAL,OPTIMAL,INFEASIBLE
HNRNPA2B1,INFEASIBLE,OPTIMAL,OPTIMAL,INFEASIBLE
CBX3,INFEASIBLE,OPTIMAL,OPTIMAL,INFEASIBLE
SNX10,INFEASIBLE,OPTIMAL,OPTIMAL,INFEASIBLE
SKAP2,INFEASIBLE,OPTIMAL,OPTIMAL,OPTIMAL
HOXA3,INFEASIBLE,OPTIMAL,INFEASIBLE,INFEASIBLE
HOXA5,INFEASIBLE,OPTIMAL,OPTIMAL,INFEASIBLE
HOXA7,OPTIMAL,OPTIMAL,OPTIMAL,OPTIMAL
HOXA9,INFEASIBLE,OPTIMAL,OPTIMAL,INFEASIBLE
HOXA10,INFEASIBLE,OPTIMAL,OPTIMAL,INFEASIBLE
HOXA11,INFEASIBLE,OPTIMAL,OPTIMAL,INFEASIBLE
HOXA13,OPTIMAL,OPTIMAL,OPTIMAL,OPTIMAL
HIBADH,INFEASIBLE,OPTIMAL,OPTIMAL,INFEASIBLE
TAX1BP1,INFEASIBLE,OPTIMAL,OPTIMAL,INFEASIBLE
JAZF1,INFEASIBLE,OPTIMAL,OPTIMAL,INFEASIBLE
CREB5,INFEASIBLE,INFEASIBLE,OPTIMAL,INFEASIBLE
CPVL,INFEASIBLE,OPTIMAL,OPTIMAL,OPTIMAL
CHN2,INFEASIBLE,OPTIMAL,OPTIMAL,OPTIMAL
WIPF3,OPTIMAL,OPTIMAL,OPTIMAL,OPTIMAL
SCRN1,INFEASIBLE,OPTIMAL,OPTIMAL,OPTIMAL
FKBP14,OPTIMAL,OPTIMAL,OPTIMAL,OPTIMAL
PLEKHA8,INFEASIBLE,OPTIMAL,OPTIMAL,OPTIMAL
MTURN,INFEASIBLE,OPTIMAL,OPTIMAL,INFEASIBLE
ZNRF2,INFEASIBLE,OPTIMAL,OPTIMAL,OPTIMAL
NOD1,OPTIMAL,OPTIMAL,OPTIMAL,OPTIMAL
GGCT,INFEASIBLE,INFEASIBLE,INFEASIBLE,INFEASIBLE
GARS1,INFEASIBLE,OPTIMAL,OPTIMAL,INFEASIBLE
MINDY4,INFEASIBLE,OPTIMAL,OPTIMAL,INFEASIBLE
LSM5,INFEASIBLE,INFEASIBLE,OPTIMAL,INFEASIBLE
AVL9,INFEASIBLE,OPTIMAL,OPTIMAL,OPTIMAL
KBTBD2,INFEASIBLE,OPTIMAL,OPTIMAL,INFEASIBLE
FKBP9,INFEASIBLE,INFEASIBLE,OPTIMAL,INFEASIBLE
NT5C3A,INFEASIBLE,OPTIMAL,OPTIMAL,INFEASIBLE
RP9,INFEASIBLE,OPTIMAL,OPTIMAL,INFEASIBLE
BBS9,INFEASIBLE,OPTIMAL,OPTIMAL,INFEASIBLE
BMPER,OPTIMAL,OPTIMAL,OPTIMAL,OPTIMAL
DPY19L1,OPTIMAL,INFEASIBLE,OPTIMAL,OPTIMAL
TBX20,INFEASIBLE,OPTIMAL,OPTIMAL,INFEASIBLE
HERPUD2,OPTIMAL,OPTIMAL,OPTIMAL,OPTIMAL
SEPTIN7,INFEASIBLE,OPTIMAL,OPTIMAL,INFEASIBLE
EEPD1,INFEASIBLE,INFEASIBLE,OPTIMAL,INFEASIBLE
MATCAP2,INFEASIBLE,OPTIMAL,OPTIMAL,INFEASIBLE
ANLN,INFEASIBLE,OPTIMAL,OPTIMAL,INFEASIBLE
ELMO1,INFEASIBLE,OPTIMAL,OPTIMAL,OPTIMAL
STARD3NL,INFEASIBLE,INFEASIBLE,OPTIMAL,INFEASIBLE
AMPH,OPTIMAL,OPTIMAL,OPTIMAL,OPTIMAL
VPS41,INFEASIBLE,OPTIMAL,OPTIMAL,INFEASIBLE
POU6F2,OPTIMAL,OPTIMAL,OPTIMAL,OPTIMAL
YAE1,INFEASIBLE,OPTIMAL,OPTIMAL,INFEASIBLE
RALA,INFEASIBLE,INFEASIBLE,OPTIMAL,INFEASIBLE
CDK13,INFEASIBLE,OPTIMAL,OPTIMAL,OPTIMAL
MPLKIP,INFEASIBLE,OPTIMAL,OPTIMAL,INFEASIBLE
SUGCT,INFEASIBLE,OPTIMAL,OPTIMAL,INFEASIBLE
GLI3,INFEASIBLE,OPTIMAL,OPTIMAL,INFEASIBLE
C7orf25,OPTIMAL,OPTIMAL,OPTIMAL,OPTIMAL
PSMA2,INFEASIBLE,INFEASIBLE,OPTIMAL,INFEASIBLE
MRPL32,INFEASIBLE,OPTIMAL,OPTIMAL,OPTIMAL
STK17A,INFEASIBLE,OPTIMAL,OPTIMAL,INFEASIBLE
COA1,INFEASIBLE,OPTIMAL,OPTIMAL,INFEASIBLE
BLVRA,INFEASIBLE,INFEASIBLE,INFEASIBLE,OPTIMAL
MRPS24,INFEASIBLE,INFEASIBLE,INFEASIBLE,INFEASIBLE
URGCP,INFEASIBLE,OPTIMAL,OPTIMAL,OPTIMAL
UBE2D4,OPTIMAL,OPTIMAL,OPTIMAL,OPTIMAL
DBNL,INFEASIBLE,INFEASIBLE,OPTIMAL,INFEASIBLE
POLM,INFEASIBLE,INFEASIBLE,OPTIMAL,INFEASIBLE
POLD2,OPTIMAL,OPTIMAL,OPTIMAL,OPTIMAL
YKT6,INFEASIBLE,INFEASIBLE,OPTIMAL,OPTIMAL
NUDCD3,INFEASIBLE,OPTIMAL,OPTIMAL,INFEASIBLE
DDX56,OPTIMAL,OPTIMAL,OPTIMAL,OPTIMAL
TMED4,INFEASIBLE,OPTIMAL,INFEASIBLE,INFEASIBLE
OGDH,INFEASIBLE,INFEASIBLE,OPTIMAL,INFEASIBLE
ZMIZ2,OPTIMAL,OPTIMAL,OPTIMAL,OPTIMAL
PPIA,INFEASIBLE,INFEASIBLE,OPTIMAL,INFEASIBLE
PURB,OPTIMAL,OPTIMAL,OPTIMAL,OPTIMAL
CCM2,OPTIMAL,OPTIMAL,OPTIMAL,OPTIMAL
TBRG4,OPTIMAL,OPTIMAL,OPTIMAL,OPTIMAL
ADCY1,INFEASIBLE,OPTIMAL,OPTIMAL,OPTIMAL
TNS3,OPTIMAL,OPTIMAL,OPTIMAL,OPTIMAL
HUS1,OPTIMAL,OPTIMAL,OPTIMAL,OPTIMAL
UPP1,OPTIMAL,OPTIMAL,OPTIMAL,OPTIMAL
FIGNL1,INFEASIBLE,OPTIMAL,OPTIMAL,OPTIMAL
GRB10,INFEASIBLE,OPTIMAL,OPTIMAL,INFEASIBLE
COBL,OPTIMAL,OPTIMAL,OPTIMAL,OPTIMAL
SEC61G,INFEASIBLE,INFEASIBLE,INFEASIBLE,INFEASIBLE
EGFR,INFEASIBLE,OPTIMAL,OPTIMAL,OPTIMAL
LANCL2,INFEASIBLE,OPTIMAL,OPTIMAL,INFEASIBLE
VOPP1,INFEASIBLE,OPTIMAL,OPTIMAL,OPTIMAL
ZNF713,OPTIMAL,OPTIMAL,OPTIMAL,OPTIMAL
NIPSNAP2,INFEASIBLE,OPTIMAL,OPTIMAL,INFEASIBLE
MRPS17,INFEASIBLE,OPTIMAL,OPTIMAL,INFEASIBLE
PSPH,INFEASIBLE,INFEASIBLE,OPTIMAL,INFEASIBLE
CCT6A,INFEASIBLE,INFEASIBLE,OPTIMAL,INFEASIBLE
SUMF2,INFEASIBLE,OPTIMAL,OPTIMAL,INFEASIBLE
PHKG1,INFEASIBLE,OPTIMAL,INFEASIBLE,OPTIMAL
CHCHD2,INFEASIBLE,INFEASIBLE,OPTIMAL,INFEASIBLE
ZNF736,OPTIMAL,OPTIMAL,OPTIMAL,OPTIMAL
ZNF680,INFEASIBLE,OPTIMAL,OPTIMAL,OPTIMAL
ZNF107,INFEASIBLE,OPTIMAL,OPTIMAL,OPTIMAL
ZNF138,OPTIMAL,INFEASIBLE,OPTIMAL,OPTIMAL
ZNF273,OPTIMAL,OPTIMAL,OPTIMAL,OPTIMAL
ZNF92,INFEASIBLE,OPTIMAL,OPTIMAL,INFEASIBLE
VKORC1L1,INFEASIBLE,OPTIMAL,OPTIMAL,INFEASIBLE
GUSB,INFEASIBLE,OPTIMAL,OPTIMAL,INFEASIBLE
ASL,OPTIMAL,OPTIMAL,OPTIMAL,OPTIMAL
CRCP,INFEASIBLE,OPTIMAL,OPTIMAL,OPTIMAL
TPST1,INFEASIBLE,OPTIMAL,OPTIMAL,INFEASIBLE
RABGEF1,INFEASIBLE,INFEASIBLE,INFEASIBLE,INFEASIBLE
TMEM248,OPTIMAL,OPTIMAL,OPTIMAL,OPTIMAL
SBDS,INFEASIBLE,OPTIMAL,OPTIMAL,INFEASIBLE
TYW1,INFEASIBLE,OPTIMAL,OPTIMAL,OPTIMAL
AUTS2,INFEASIBLE,OPTIMAL,INFEASIBLE,INFEASIBLE
CALN1,OPTIMAL,OPTIMAL,OPTIMAL,OPTIMAL
TYW1B,INFEASIBLE,OPTIMAL,OPTIMAL,INFEASIBLE
POM121,INFEASIBLE,OPTIMAL,OPTIMAL,INFEASIBLE
NSUN5,OPTIMAL,OPTIMAL,OPTIMAL,OPTIMAL
BAZ1B,INFEASIBLE,OPTIMAL,OPTIMAL,INFEASIBLE
BCL7B,INFEASIBLE,OPTIMAL,OPTIMAL,INFEASIBLE
TBL2,OPTIMAL,OPTIMAL,OPTIMAL,OPTIMAL
MLXIPL,INFEASIBLE,OPTIMAL,OPTIMAL,OPTIMAL
DNAJC30,OPTIMAL,OPTIMAL,OPTIMAL,OPTIMAL
BUD23,INFEASIBLE,INFEASIBLE,OPTIMAL,INFEASIBLE
ABHD11,OPTIMAL,INFEASIBLE,OPTIMAL,OPTIMAL
LIMK1,OPTIMAL,OPTIMAL,OPTIMAL,INFEASIBLE
EIF4H,INFEASIBLE,OPTIMAL,OPTIMAL,INFEASIBLE
RFC2,INFEASIBLE,OPTIMAL,OPTIMAL,INFEASIBLE
CLIP2,OPTIMAL,OPTIMAL,OPTIMAL,OPTIMAL
GTF2IRD1,INFEASIBLE,INFEASIBLE,OPTIMAL,INFEASIBLE
GTF2I,INFEASIBLE,OPTIMAL,OPTIMAL,INFEASIBLE
CASTOR2,INFEASIBLE,OPTIMAL,OPTIMAL,INFEASIBLE
RCC1L,INFEASIBLE,OPTIMAL,OPTIMAL,INFEASIBLE
POM121C,INFEASIBLE,OPTIMAL,OPTIMAL,OPTIMAL
HIP1,INFEASIBLE,INFEASIBLE,OPTIMAL,OPTIMAL
RHBDD2,OPTIMAL,OPTIMAL,OPTIMAL,OPTIMAL
POR,INFEASIBLE,OPTIMAL,OPTIMAL,OPTIMAL
TMEM120A,OPTIMAL,OPTIMAL,OPTIMAL,OPTIMAL
STYXL1,OPTIMAL,OPTIMAL,OPTIMAL,OPTIMAL
MDH2,INFEASIBLE,OPTIMAL,OPTIMAL,OPTIMAL
HSPB1,INFEASIBLE,OPTIMAL,INFEASIBLE,INFEASIBLE
YWHAG,INFEASIBLE,INFEASIBLE,OPTIMAL,INFEASIBLE
POMZP3,OPTIMAL,OPTIMAL,OPTIMAL,OPTIMAL
PTPN12,INFEASIBLE,OPTIMAL,OPTIMAL,INFEASIBLE
RSBN1L,INFEASIBLE,OPTIMAL,OPTIMAL,INFEASIBLE
TMEM60,INFEASIBLE,INFEASIBLE,OPTIMAL,INFEASIBLE
PHTF2,INFEASIBLE,OPTIMAL,OPTIMAL,INFEASIBLE
MAGI2,INFEASIBLE,OPTIMAL,OPTIMAL,OPTIMAL
GNAI1,INFEASIBLE,OPTIMAL,OPTIMAL,INFEASIBLE
SEMA3C,OPTIMAL,OPTIMAL,OPTIMAL,INFEASIBLE
CACNA2D1,INFEASIBLE,OPTIMAL,OPTIMAL,INFEASIBLE
PCLO,INFEASIBLE,OPTIMAL,OPTIMAL,INFEASIBLE
SEMA3E,OPTIMAL,OPTIMAL,OPTIMAL,OPTIMAL
SEMA3A,OPTIMAL,OPTIMAL,OPTIMAL,OPTIMAL
SEMA3D,OPTIMAL,OPTIMAL,OPTIMAL,OPTIMAL
ELAPOR2,INFEASIBLE,INFEASIBLE,OPTIMAL,INFEASIBLE
DMTF1,INFEASIBLE,OPTIMAL,OPTIMAL,INFEASIBLE
TMEM243,INFEASIBLE,OPTIMAL,OPTIMAL,OPTIMAL
CROT,INFEASIBLE,OPTIMAL,OPTIMAL,OPTIMAL
ABCB1,OPTIMAL,OPTIMAL,OPTIMAL,OPTIMAL
RUNDC3B,INFEASIBLE,OPTIMAL,OPTIMAL,INFEASIBLE
SLC25A40,INFEASIBLE,OPTIMAL,OPTIMAL,INFEASIBLE
DBF4,INFEASIBLE,OPTIMAL,OPTIMAL,INFEASIBLE
ADAM22,INFEASIBLE,INFEASIBLE,OPTIMAL,INFEASIBLE
SRI,INFEASIBLE,OPTIMAL,OPTIMAL,OPTIMAL
STEAP1,OPTIMAL,OPTIMAL,OPTIMAL,OPTIMAL
STEAP2,OPTIMAL,OPTIMAL,OPTIMAL,OPTIMAL
GTPBP10,OPTIMAL,OPTIMAL,OPTIMAL,OPTIMAL
CLDN12,OPTIMAL,OPTIMAL,OPTIMAL,OPTIMAL
CDK14,INFEASIBLE,OPTIMAL,OPTIMAL,INFEASIBLE
MTERF1,OPTIMAL,OPTIMAL,OPTIMAL,OPTIMAL
AKAP9,INFEASIBLE,OPTIMAL,OPTIMAL,INFEASIBLE
CYP51A1,INFEASIBLE,OPTIMAL,INFEASIBLE,INFEASIBLE
KRIT1,INFEASIBLE,INFEASIBLE,OPTIMAL,INFEASIBLE
ANKIB1,INFEASIBLE,OPTIMAL,OPTIMAL,OPTIMAL
GATAD1,OPTIMAL,OPTIMAL,OPTIMAL,OPTIMAL
PEX1,OPTIMAL,OPTIMAL,OPTIMAL,OPTIMAL
RBM48,OPTIMAL,OPTIMAL,OPTIMAL,OPTIMAL
FAM133B,INFEASIBLE,OPTIMAL,OPTIMAL,INFEASIBLE
CDK6,INFEASIBLE,OPTIMAL,OPTIMAL,INFEASIBLE
VPS50,INFEASIBLE,INFEASIBLE,OPTIMAL,INFEASIBLE
GNGT1,INFEASIBLE,OPTIMAL,OPTIMAL,INFEASIBLE
GNG11,INFEASIBLE,INFEASIBLE,OPTIMAL,OPTIMAL
BET1,INFEASIBLE,OPTIMAL,INFEASIBLE,OPTIMAL
CASD1,OPTIMAL,OPTIMAL,OPTIMAL,OPTIMAL
SGCE,OPTIMAL,OPTIMAL,OPTIMAL,OPTIMAL
PPP1R9A,INFEASIBLE,OPTIMAL,OPTIMAL,OPTIMAL
PON2,OPTIMAL,OPTIMAL,OPTIMAL,OPTIMAL
DYNC1I1,OPTIMAL,OPTIMAL,OPTIMAL,OPTIMAL
SLC25A13,INFEASIBLE,OPTIMAL,OPTIMAL,INFEASIBLE
SEM1,INFEASIBLE,INFEASIBLE,OPTIMAL,INFEASIBLE
SDHAF3,INFEASIBLE,OPTIMAL,OPTIMAL,INFEASIBLE
LMTK2,INFEASIBLE,OPTIMAL,INFEASIBLE,OPTIMAL
TECPR1,OPTIMAL,OPTIMAL,OPTIMAL,OPTIMAL
BRI3,INFEASIBLE,OPTIMAL,OPTIMAL,INFEASIBLE
BAIAP2L1,INFEASIBLE,OPTIMAL,OPTIMAL,OPTIMAL
TRRAP,INFEASIBLE,OPTIMAL,OPTIMAL,INFEASIBLE
SMURF1,OPTIMAL,OPTIMAL,OPTIMAL,OPTIMAL
ARPC1A,INFEASIBLE,OPTIMAL,OPTIMAL,INFEASIBLE
ARPC1B,INFEASIBLE,INFEASIBLE,OPTIMAL,INFEASIBLE
PDAP1,INFEASIBLE,OPTIMAL,OPTIMAL,INFEASIBLE
BUD31,INFEASIBLE,OPTIMAL,OPTIMAL,INFEASIBLE
PTCD1,OPTIMAL,OPTIMAL,OPTIMAL,OPTIMAL
CPSF4,INFEASIBLE,OPTIMAL,OPTIMAL,INFEASIBLE
ATP5MF,INFEASIBLE,INFEASIBLE,INFEASIBLE,INFEASIBLE
ZNF789,INFEASIBLE,OPTIMAL,OPTIMAL,INFEASIBLE
ZNF394,INFEASIBLE,OPTIMAL,OPTIMAL,OPTIMAL
ZKSCAN5,OPTIMAL,OPTIMAL,OPTIMAL,OPTIMAL
FAM200A,OPTIMAL,OPTIMAL,OPTIMAL,OPTIMAL
ZNF655,INFEASIBLE,OPTIMAL,OPTIMAL,INFEASIBLE
ZSCAN25,OPTIMAL,OPTIMAL,OPTIMAL,OPTIMAL
TRIM4,OPTIMAL,OPTIMAL,OPTIMAL,OPTIMAL
ZKSCAN1,INFEASIBLE,OPTIMAL,OPTIMAL,INFEASIBLE
ZSCAN21,OPTIMAL,OPTIMAL,OPTIMAL,OPTIMAL
ZNF3,INFEASIBLE,OPTIMAL,OPTIMAL,INFEASIBLE
COPS6,INFEASIBLE,INFEASIBLE,OPTIMAL,INFEASIBLE
MCM7,INFEASIBLE,INFEASIBLE,OPTIMAL,OPTIMAL
AP4M1,OPTIMAL,OPTIMAL,OPTIMAL,OPTIMAL
TAF6,INFEASIBLE,OPTIMAL,OPTIMAL,OPTIMAL
LAMTOR4,INFEASIBLE,OPTIMAL,INFEASIBLE,INFEASIBLE
PILRB,INFEASIBLE,INFEASIBLE,OPTIMAL,INFEASIBLE
ZCWPW1,OPTIMAL,OPTIMAL,OPTIMAL,OPTIMAL
MEPCE,INFEASIBLE,OPTIMAL,OPTIMAL,OPTIMAL
PPP1R35,INFEASIBLE,OPTIMAL,OPTIMAL,INFEASIBLE
TSC22D4,OPTIMAL,INFEASIBLE,OPTIMAL,OPTIMAL
AGFG2,OPTIMAL,OPTIMAL,OPTIMAL,OPTIMAL
GNB2,INFEASIBLE,OPTIMAL,OPTIMAL,INFEASIBLE
GIGYF1,INFEASIBLE,OPTIMAL,INFEASIBLE,OPTIMAL
POP7,INFEASIBLE,OPTIMAL,INFEASIBLE,INFEASIBLE
ZAN,OPTIMAL,OPTIMAL,OPTIMAL,OPTIMAL
EPHB4,OPTIMAL,OPTIMAL,OPTIMAL,OPTIMAL
SLC12A9,INFEASIBLE,OPTIMAL,OPTIMAL,INFEASIBLE
TRIP6,INFEASIBLE,OPTIMAL,OPTIMAL,OPTIMAL
SRRT,INFEASIBLE,OPTIMAL,OPTIMAL,INFEASIBLE
UFSP1,OPTIMAL,OPTIMAL,OPTIMAL,OPTIMAL
AP1S1,INFEASIBLE,OPTIMAL,OPTIMAL,OPTIMAL
PLOD3,OPTIMAL,OPTIMAL,OPTIMAL,OPTIMAL
ZNHIT1,INFEASIBLE,INFEASIBLE,OPTIMAL,OPTIMAL
FIS1,INFEASIBLE,OPTIMAL,OPTIMAL,INFEASIBLE
IFT22,INFEASIBLE,OPTIMAL,OPTIMAL,INFEASIBLE
COL26A1,INFEASIBLE,OPTIMAL,OPTIMAL,INFEASIBLE
CUX1,INFEASIBLE,OPTIMAL,OPTIMAL,INFEASIBLE
PRKRIP1,INFEASIBLE,OPTIMAL,OPTIMAL,INFEASIBLE
ORAI2,INFEASIBLE,OPTIMAL,OPTIMAL,INFEASIBLE
ALKBH4,INFEASIBLE,OPTIMAL,OPTIMAL,OPTIMAL
LRWD1,OPTIMAL,OPTIMAL,OPTIMAL,OPTIMAL
POLR2J,INFEASIBLE,OPTIMAL,INFEASIBLE,INFEASIBLE
POLR2J3,INFEASIBLE,OPTIMAL,OPTIMAL,INFEASIBLE
UPK3BL1,INFEASIBLE,OPTIMAL,OPTIMAL,OPTIMAL
FAM185A,INFEASIBLE,OPTIMAL,OPTIMAL,INFEASIBLE
FBXL13,OPTIMAL,OPTIMAL,OPTIMAL,INFEASIBLE
ARMC10,INFEASIBLE,OPTIMAL,OPTIMAL,INFEASIBLE
NAPEPLD,INFEASIBLE,OPTIMAL,OPTIMAL,INFEASIBLE
PMPCB,INFEASIBLE,OPTIMAL,OPTIMAL,OPTIMAL
DNAJC2,INFEASIBLE,OPTIMAL,OPTIMAL,INFEASIBLE
PSMC2,INFEASIBLE,INFEASIBLE,OPTIMAL,INFEASIBLE
RELN,OPTIMAL,OPTIMAL,OPTIMAL,INFEASIBLE
ORC5,INFEASIBLE,OPTIMAL,OPTIMAL,OPTIMAL
KMT2E,INFEASIBLE,OPTIMAL,OPTIMAL,INFEASIBLE
SRPK2,INFEASIBLE,OPTIMAL,OPTIMAL,INFEASIBLE
PUS7,INFEASIBLE,INFEASIBLE,OPTIMAL,INFEASIBLE
RINT1,INFEASIBLE,OPTIMAL,OPTIMAL,INFEASIBLE
EFCAB10,INFEASIBLE,OPTIMAL,OPTIMAL,OPTIMAL
ATXN7L1,INFEASIBLE,OPTIMAL,OPTIMAL,INFEASIBLE
CDHR3,INFEASIBLE,OPTIMAL,OPTIMAL,OPTIMAL
SYPL1,INFEASIBLE,OPTIMAL,OPTIMAL,INFEASIBLE
NAMPT,OPTIMAL,OPTIMAL,OPTIMAL,INFEASIBLE
CCDC71L,OPTIMAL,OPTIMAL,OPTIMAL,OPTIMAL
PRKAR2B,INFEASIBLE,OPTIMAL,OPTIMAL,OPTIMAL
HBP1,OPTIMAL,OPTIMAL,OPTIMAL,INFEASIBLE
COG5,INFEASIBLE,OPTIMAL,OPTIMAL,INFEASIBLE
DUS4L,INFEASIBLE,INFEASIBLE,OPTIMAL,INFEASIBLE
BCAP29,INFEASIBLE,OPTIMAL,INFEASIBLE,INFEASIBLE
CBLL1,OPTIMAL,OPTIMAL,OPTIMAL,OPTIMAL
SLC26A3,OPTIMAL,OPTIMAL,OPTIMAL,OPTIMAL
DLD,INFEASIBLE,OPTIMAL,OPTIMAL,INFEASIBLE
LAMB1,OPTIMAL,OPTIMAL,OPTIMAL,OPTIMAL
NRCAM,OPTIMAL,OPTIMAL,OPTIMAL,INFEASIBLE
PNPLA8,INFEASIBLE,OPTIMAL,OPTIMAL,INFEASIBLE
THAP5,INFEASIBLE,OPTIMAL,OPTIMAL,INFEASIBLE
IMMP2L,INFEASIBLE,OPTIMAL,OPTIMAL,INFEASIBLE
DOCK4,INFEASIBLE,OPTIMAL,OPTIMAL,INFEASIBLE
ZNF277,INFEASIBLE,OPTIMAL,OPTIMAL,OPTIMAL
IFRD1,INFEASIBLE,OPTIMAL,OPTIMAL,OPTIMAL
TMEM168,OPTIMAL,OPTIMAL,OPTIMAL,OPTIMAL
BMT2,OPTIMAL,OPTIMAL,OPTIMAL,OPTIMAL
SMIM30,OPTIMAL,OPTIMAL,OPTIMAL,OPTIMAL
FOXP2,INFEASIBLE,OPTIMAL,OPTIMAL,INFEASIBLE
MDFIC,INFEASIBLE,OPTIMAL,OPTIMAL,OPTIMAL
TES,OPTIMAL,OPTIMAL,OPTIMAL,OPTIMAL
CAV2,INFEASIBLE,OPTIMAL,INFEASIBLE,INFEASIBLE
CAV1,INFEASIBLE,OPTIMAL,OPTIMAL,INFEASIBLE
MET,INFEASIBLE,OPTIMAL,OPTIMAL,INFEASIBLE
CAPZA2,INFEASIBLE,INFEASIBLE,OPTIMAL,OPTIMAL
ST7,INFEASIBLE,OPTIMAL,OPTIMAL,INFEASIBLE
CTTNBP2,OPTIMAL,OPTIMAL,OPTIMAL,OPTIMAL
LSM8,INFEASIBLE,INFEASIBLE,OPTIMAL,INFEASIBLE
ANKRD7,INFEASIBLE,OPTIMAL,OPTIMAL,INFEASIBLE
KCND2,OPTIMAL,OPTIMAL,OPTIMAL,OPTIMAL
TSPAN12,INFEASIBLE,OPTIMAL,OPTIMAL,INFEASIBLE
ING3,INFEASIBLE,OPTIMAL,OPTIMAL,INFEASIBLE
FAM3C,INFEASIBLE,OPTIMAL,OPTIMAL,OPTIMAL
AASS,INFEASIBLE,OPTIMAL,OPTIMAL,OPTIMAL
CADPS2,OPTIMAL,OPTIMAL,OPTIMAL,OPTIMAL
NDUFA5,INFEASIBLE,OPTIMAL,OPTIMAL,INFEASIBLE
WASL,INFEASIBLE,OPTIMAL,OPTIMAL,OPTIMAL
POT1,INFEASIBLE,OPTIMAL,OPTIMAL,INFEASIBLE
ZNF800,INFEASIBLE,INFEASIBLE,OPTIMAL,INFEASIBLE
ARF5,INFEASIBLE,OPTIMAL,OPTIMAL,INFEASIBLE
SND1,INFEASIBLE,OPTIMAL,OPTIMAL,INFEASIBLE
RBM28,INFEASIBLE,OPTIMAL,OPTIMAL,INFEASIBLE
IMPDH1,OPTIMAL,OPTIMAL,OPTIMAL,OPTIMAL
HILPDA,OPTIMAL,OPTIMAL,OPTIMAL,OPTIMAL
METTL2B,INFEASIBLE,OPTIMAL,OPTIMAL,INFEASIBLE
CALU,INFEASIBLE,INFEASIBLE,OPTIMAL,INFEASIBLE
CCDC136,INFEASIBLE,OPTIMAL,OPTIMAL,INFEASIBLE
FLNC,OPTIMAL,OPTIMAL,OPTIMAL,OPTIMAL
ATP6V1F,INFEASIBLE,INFEASIBLE,INFEASIBLE,INFEASIBLE
TNPO3,INFEASIBLE,INFEASIBLE,OPTIMAL,INFEASIBLE
TSPAN33,OPTIMAL,OPTIMAL,OPTIMAL,OPTIMAL
SMO,OPTIMAL,OPTIMAL,OPTIMAL,OPTIMAL
AHCYL2,INFEASIBLE,OPTIMAL,OPTIMAL,INFEASIBLE
STRIP2,OPTIMAL,OPTIMAL,OPTIMAL,OPTIMAL
NRF1,INFEASIBLE,OPTIMAL,OPTIMAL,INFEASIBLE
UBE2H,INFEASIBLE,OPTIMAL,OPTIMAL,INFEASIBLE
ZC3HC1,INFEASIBLE,OPTIMAL,OPTIMAL,OPTIMAL
KLHDC10,INFEASIBLE,OPTIMAL,INFEASIBLE,INFEASIBLE
TMEM209,INFEASIBLE,INFEASIBLE,OPTIMAL,INFEASIBLE
CEP41,OPTIMAL,OPTIMAL,OPTIMAL,OPTIMAL
COPG2,OPTIMAL,OPTIMAL,OPTIMAL,OPTIMAL
MKLN1,INFEASIBLE,INFEASIBLE,OPTIMAL,INFEASIBLE
PODXL,INFEASIBLE,OPTIMAL,OPTIMAL,OPTIMAL
CHCHD3,INFEASIBLE,OPTIMAL,OPTIMAL,INFEASIBLE
EXOC4,INFEASIBLE,OPTIMAL,OPTIMAL,INFEASIBLE
SLC35B4,OPTIMAL,OPTIMAL,OPTIMAL,OPTIMAL
AKR1B1,INFEASIBLE,INFEASIBLE,OPTIMAL,INFEASIBLE
BPGM,OPTIMAL,OPTIMAL,OPTIMAL,OPTIMAL
CALD1,INFEASIBLE,OPTIMAL,OPTIMAL,INFEASIBLE
AGBL3,OPTIMAL,OPTIMAL,OPTIMAL,OPTIMAL
CYREN,INFEASIBLE,OPTIMAL,OPTIMAL,INFEASIBLE
WDR91,OPTIMAL,OPTIMAL,OPTIMAL,OPTIMAL
CNOT4,INFEASIBLE,OPTIMAL,OPTIMAL,INFEASIBLE
NUP205,INFEASIBLE,OPTIMAL,OPTIMAL,OPTIMAL
STMP1,INFEASIBLE,INFEASIBLE,INFEASIBLE,INFEASIBLE
MTPN,INFEASIBLE,OPTIMAL,OPTIMAL,OPTIMAL
CREB3L2,OPTIMAL,INFEASIBLE,OPTIMAL,OPTIMAL
TRIM24,INFEASIBLE,OPTIMAL,OPTIMAL,INFEASIBLE
KIAA1549,OPTIMAL,OPTIMAL,OPTIMAL,OPTIMAL
ZC3HAV1L,OPTIMAL,OPTIMAL,OPTIMAL,OPTIMAL
ZC3HAV1,OPTIMAL,OPTIMAL,OPTIMAL,OPTIMAL
TTC26,INFEASIBLE,OPTIMAL,OPTIMAL,INFEASIBLE
UBN2,INFEASIBLE,OPTIMAL,OPTIMAL,INFEASIBLE
FMC1,INFEASIBLE,OPTIMAL,OPTIMAL,INFEASIBLE
LUC7L2,INFEASIBLE,OPTIMAL,OPTIMAL,INFEASIBLE
KLRG2,OPTIMAL,INFEASIBLE,OPTIMAL,OPTIMAL
HIPK2,INFEASIBLE,OPTIMAL,OPTIMAL,OPTIMAL
TBXAS1,OPTIMAL,OPTIMAL,OPTIMAL,OPTIMAL
KDM7A,INFEASIBLE,INFEASIBLE,OPTIMAL,INFEASIBLE
SLC37A3,INFEASIBLE,INFEASIBLE,OPTIMAL,OPTIMAL
MKRN1,INFEASIBLE,OPTIMAL,OPTIMAL,OPTIMAL
DENND2A,OPTIMAL,OPTIMAL,OPTIMAL,OPTIMAL
ADCK2,INFEASIBLE,OPTIMAL,OPTIMAL,INFEASIBLE
NDUFB2,INFEASIBLE,INFEASIBLE,INFEASIBLE,INFEASIBLE
BRAF,INFEASIBLE,OPTIMAL,OPTIMAL,INFEASIBLE
MRPS33,INFEASIBLE,INFEASIBLE,OPTIMAL,INFEASIBLE
TMEM178B,INFEASIBLE,OPTIMAL,OPTIMAL,INFEASIBLE
AGK,INFEASIBLE,INFEASIBLE,OPTIMAL,OPTIMAL
DENND11,INFEASIBLE,OPTIMAL,OPTIMAL,OPTIMAL
SSBP1,INFEASIBLE,INFEASIBLE,OPTIMAL,INFEASIBLE
GSTK1,INFEASIBLE,OPTIMAL,OPTIMAL,INFEASIBLE
CASP2,INFEASIBLE,OPTIMAL,OPTIMAL,INFEASIBLE
ZYX,OPTIMAL,OPTIMAL,OPTIMAL,OPTIMAL
TCAF1,INFEASIBLE,OPTIMAL,OPTIMAL,OPTIMAL
TPK1,OPTIMAL,OPTIMAL,OPTIMAL,OPTIMAL
CNTNAP2,OPTIMAL,OPTIMAL,OPTIMAL,INFEASIBLE
CUL1,INFEASIBLE,OPTIMAL,OPTIMAL,OPTIMAL
EZH2,INFEASIBLE,OPTIMAL,INFEASIBLE,INFEASIBLE
PDIA4,INFEASIBLE,INFEASIBLE,OPTIMAL,OPTIMAL
ZNF786,INFEASIBLE,OPTIMAL,OPTIMAL,INFEASIBLE
ZNF425,OPTIMAL,OPTIMAL,OPTIMAL,INFEASIBLE
ZNF398,INFEASIBLE,OPTIMAL,OPTIMAL,INFEASIBLE
ZNF282,OPTIMAL,OPTIMAL,OPTIMAL,OPTIMAL
ZNF212,INFEASIBLE,OPTIMAL,OPTIMAL,INFEASIBLE
ZNF783,OPTIMAL,OPTIMAL,OPTIMAL,OPTIMAL
ZNF777,OPTIMAL,OPTIMAL,OPTIMAL,OPTIMAL
ZNF746,OPTIMAL,OPTIMAL,OPTIMAL,OPTIMAL
KRBA1,OPTIMAL,OPTIMAL,OPTIMAL,OPTIMAL
ZNF862,OPTIMAL,OPTIMAL,OPTIMAL,OPTIMAL
ATP6V0E2,INFEASIBLE,OPTIMAL,OPTIMAL,OPTIMAL
LRRC61,OPTIMAL,OPTIMAL,OPTIMAL,OPTIMAL
REPIN1,OPTIMAL,OPTIMAL,OPTIMAL,OPTIMAL
ZNF775,INFEASIBLE,OPTIMAL,OPTIMAL,INFEASIBLE
ABCB8,OPTIMAL,OPTIMAL,OPTIMAL,OPTIMAL
CDK5,INFEASIBLE,OPTIMAL,OPTIMAL,INFEASIBLE
SLC4A2,INFEASIBLE,OPTIMAL,OPTIMAL,OPTIMAL
FASTK,INFEASIBLE,INFEASIBLE,OPTIMAL,INFEASIBLE
TMUB1,INFEASIBLE,OPTIMAL,OPTIMAL,INFEASIBLE
AGAP3,INFEASIBLE,INFEASIBLE,OPTIMAL,INFEASIBLE
ABCF2,INFEASIBLE,OPTIMAL,OPTIMAL,OPTIMAL
CHPF2,OPTIMAL,OPTIMAL,OPTIMAL,OPTIMAL
SMARCD3,INFEASIBLE,INFEASIBLE,OPTIMAL,OPTIMAL
NUB1,INFEASIBLE,OPTIMAL,INFEASIBLE,INFEASIBLE
RHEB,INFEASIBLE,INFEASIBLE,OPTIMAL,INFEASIBLE
PRKAG2,INFEASIBLE,INFEASIBLE,OPTIMAL,INFEASIBLE
GALNT11,INFEASIBLE,OPTIMAL,OPTIMAL,INFEASIBLE
KMT2C,INFEASIBLE,OPTIMAL,OPTIMAL,INFEASIBLE
XRCC2,INFEASIBLE,OPTIMAL,OPTIMAL,INFEASIBLE
ACTR3B,INFEASIBLE,OPTIMAL,OPTIMAL,INFEASIBLE
PAXIP1,OPTIMAL,OPTIMAL,OPTIMAL,OPTIMAL
INSIG1,OPTIMAL,OPTIMAL,OPTIMAL,OPTIMAL
EN2,INFEASIBLE,OPTIMAL,OPTIMAL,INFEASIBLE
RBM33,INFEASIBLE,OPTIMAL,OPTIMAL,INFEASIBLE
RNF32,OPTIMAL,INFEASIBLE,OPTIMAL,OPTIMAL
LMBR1,INFEASIBLE,OPTIMAL,OPTIMAL,INFEASIBLE
NOM1,INFEASIBLE,INFEASIBLE,OPTIMAL,INFEASIBLE
MNX1,OPTIMAL,OPTIMAL,OPTIMAL,OPTIMAL
UBE3C,INFEASIBLE,OPTIMAL,OPTIMAL,INFEASIBLE
DNAJB6,INFEASIBLE,OPTIMAL,OPTIMAL,INFEASIBLE
NCAPG2,INFEASIBLE,OPTIMAL,OPTIMAL,INFEASIBLE
ESYT2,OPTIMAL,INFEASIBLE,OPTIMAL,OPTIMAL
DYNC2I1,INFEASIBLE,OPTIMAL,INFEASIBLE,INFEASIBLE
FBXO25,OPTIMAL,OPTIMAL,OPTIMAL,OPTIMAL
ERICH1,INFEASIBLE,OPTIMAL,OPTIMAL,INFEASIBLE
CLN8,INFEASIBLE,OPTIMAL,OPTIMAL,OPTIMAL
ARHGEF10,INFEASIBLE,OPTIMAL,OPTIMAL,OPTIMAL
CSMD1,OPTIMAL,OPTIMAL,OPTIMAL,OPTIMAL
MCPH1,INFEASIBLE,OPTIMAL,OPTIMAL,INFEASIBLE
ANGPT2,INFEASIBLE,INFEASIBLE,OPTIMAL,OPTIMAL
AGPAT5,INFEASIBLE,OPTIMAL,OPTIMAL,INFEASIBLE
MFHAS1,OPTIMAL,OPTIMAL,OPTIMAL,OPTIMAL
ERI1,INFEASIBLE,OPTIMAL,OPTIMAL,INFEASIBLE
TNKS,INFEASIBLE,OPTIMAL,OPTIMAL,INFEASIBLE
MSRA,INFEASIBLE,OPTIMAL,OPTIMAL,OPTIMAL
PINX1,INFEASIBLE,OPTIMAL,OPTIMAL,INFEASIBLE
XKR6,INFEASIBLE,OPTIMAL,OPTIMAL,INFEASIBLE
MTMR9,OPTIMAL,OPTIMAL,OPTIMAL,OPTIMAL
GATA4,INFEASIBLE,OPTIMAL,OPTIMAL,INFEASIBLE
NEIL2,INFEASIBLE,OPTIMAL,INFEASIBLE,INFEASIBLE
FDFT1,INFEASIBLE,INFEASIBLE,OPTIMAL,OPTIMAL
CTSB,INFEASIBLE,OPTIMAL,OPTIMAL,INFEASIBLE
LONRF1,OPTIMAL,OPTIMAL,OPTIMAL,OPTIMAL
DLC1,INFEASIBLE,OPTIMAL,OPTIMAL,INFEASIBLE
SGCZ,OPTIMAL,OPTIMAL,OPTIMAL,OPTIMAL
TUSC3,INFEASIBLE,OPTIMAL,OPTIMAL,INFEASIBLE
MICU3,INFEASIBLE,OPTIMAL,OPTIMAL,INFEASIBLE
ZDHHC2,INFEASIBLE,OPTIMAL,INFEASIBLE,INFEASIBLE
CNOT7,INFEASIBLE,OPTIMAL,OPTIMAL,INFEASIBLE
VPS37A,OPTIMAL,OPTIMAL,OPTIMAL,OPTIMAL
SLC7A2,OPTIMAL,OPTIMAL,OPTIMAL,OPTIMAL
MTUS1,INFEASIBLE,OPTIMAL,OPTIMAL,INFEASIBLE
PCM1,INFEASIBLE,OPTIMAL,OPTIMAL,INFEASIBLE
ASAH1,INFEASIBLE,OPTIMAL,OPTIMAL,INFEASIBLE
PSD3,INFEASIBLE,OPTIMAL,OPTIMAL,OPTIMAL
SH2D4A,INFEASIBLE,OPTIMAL,OPTIMAL,OPTIMAL
INTS10,INFEASIBLE,OPTIMAL,OPTIMAL,INFEASIBLE
ATP6V1B2,INFEASIBLE,OPTIMAL,OPTIMAL,INFEASIBLE
XPO7,INFEASIBLE,OPTIMAL,OPTIMAL,INFEASIBLE
REEP4,OPTIMAL,OPTIMAL,OPTIMAL,OPTIMAL
POLR3D,INFEASIBLE,OPTIMAL,OPTIMAL,OPTIMAL
SLC39A14,INFEASIBLE,INFEASIBLE,OPTIMAL,OPTIMAL
PPP3CC,INFEASIBLE,INFEASIBLE,OPTIMAL,OPTIMAL
SORBS3,INFEASIBLE,OPTIMAL,OPTIMAL,OPTIMAL
PDLIM2,INFEASIBLE,OPTIMAL,OPTIMAL,OPTIMAL
CCAR2,OPTIMAL,OPTIMAL,OPTIMAL,OPTIMAL
BIN3,INFEASIBLE,OPTIMAL,OPTIMAL,OPTIMAL
TNFRSF10B,INFEASIBLE,OPTIMAL,OPTIMAL,OPTIMAL
CHMP7,OPTIMAL,OPTIMAL,OPTIMAL,OPTIMAL
R3HCC1,OPTIMAL,OPTIMAL,OPTIMAL,OPTIMAL
ENTPD4,OPTIMAL,OPTIMAL,OPTIMAL,OPTIMAL
SLC25A37,OPTIMAL,OPTIMAL,OPTIMAL,OPTIMAL
NEFM,OPTIMAL,OPTIMAL,OPTIMAL,OPTIMAL
NEFL,OPTIMAL,INFEASIBLE,OPTIMAL,OPTIMAL
DOCK5,INFEASIBLE,INFEASIBLE,OPTIMAL,INFEASIBLE
KCTD9,INFEASIBLE,OPTIMAL,OPTIMAL,OPTIMAL
CDCA2,OPTIMAL,INFEASIBLE,OPTIMAL,OPTIMAL
EBF2,INFEASIBLE,INFEASIBLE,OPTIMAL,OPTIMAL
PPP2R2A,INFEASIBLE,INFEASIBLE,OPTIMAL,INFEASIBLE
BNIP3L,INFEASIBLE,OPTIMAL,OPTIMAL,OPTIMAL
PNMA2,OPTIMAL,OPTIMAL,OPTIMAL,OPTIMAL
DPYSL2,INFEASIBLE,OPTIMAL,OPTIMAL,OPTIMAL
TRIM35,OPTIMAL,OPTIMAL,OPTIMAL,OPTIMAL
CLU,OPTIMAL,INFEASIBLE,OPTIMAL,OPTIMAL
CCDC25,INFEASIBLE,OPTIMAL,OPTIMAL,INFEASIBLE
ESCO2,INFEASIBLE,OPTIMAL,INFEASIBLE,OPTIMAL
PBK,OPTIMAL,OPTIMAL,OPTIMAL,OPTIMAL
ELP3,OPTIMAL,OPTIMAL,OPTIMAL,OPTIMAL
FBXO16,INFEASIBLE,OPTIMAL,OPTIMAL,OPTIMAL
FZD3,OPTIMAL,OPTIMAL,OPTIMAL,OPTIMAL
EXTL3,OPTIMAL,OPTIMAL,OPTIMAL,OPTIMAL
INTS9,INFEASIBLE,INFEASIBLE,OPTIMAL,OPTIMAL
HMBOX1,INFEASIBLE,INFEASIBLE,OPTIMAL,INFEASIBLE
KIF13B,INFEASIBLE,OPTIMAL,OPTIMAL,INFEASIBLE
SARAF,INFEASIBLE,OPTIMAL,OPTIMAL,INFEASIBLE
LEPROTL1,INFEASIBLE,OPTIMAL,OPTIMAL,INFEASIBLE
DCTN6,OPTIMAL,OPTIMAL,OPTIMAL,OPTIMAL
RBPMS,INFEASIBLE,OPTIMAL,OPTIMAL,INFEASIBLE
GTF2E2,INFEASIBLE,OPTIMAL,OPTIMAL,INFEASIBLE
GSR,INFEASIBLE,OPTIMAL,OPTIMAL,OPTIMAL
UBXN8,OPTIMAL,OPTIMAL,OPTIMAL,OPTIMAL
PPP2CB,OPTIMAL,OPTIMAL,OPTIMAL,INFEASIBLE
TEX15,OPTIMAL,OPTIMAL,OPTIMAL,OPTIMAL
WRN,INFEASIBLE,OPTIMAL,OPTIMAL,INFEASIBLE
NRG1,OPTIMAL,OPTIMAL,OPTIMAL,INFEASIBLE
FUT10,INFEASIBLE,OPTIMAL,OPTIMAL,INFEASIBLE
TTI2,OPTIMAL,OPTIMAL,OPTIMAL,OPTIMAL
MAK16,OPTIMAL,OPTIMAL,OPTIMAL,OPTIMAL
ZNF703,INFEASIBLE,OPTIMAL,INFEASIBLE,OPTIMAL
ERLIN2,INFEASIBLE,OPTIMAL,OPTIMAL,INFEASIBLE
PLPBP,INFEASIBLE,OPTIMAL,OPTIMAL,OPTIMAL
ADGRA2,OPTIMAL,OPTIMAL,OPTIMAL,OPTIMAL
RAB11FIP1,INFEASIBLE,OPTIMAL,OPTIMAL,OPTIMAL
EIF4EBP1,INFEASIBLE,OPTIMAL,OPTIMAL,INFEASIBLE
ASH2L,OPTIMAL,OPTIMAL,OPTIMAL,OPTIMAL
LSM1,INFEASIBLE,OPTIMAL,OPTIMAL,INFEASIBLE
BAG4,INFEASIBLE,OPTIMAL,OPTIMAL,INFEASIBLE
DDHD2,INFEASIBLE,OPTIMAL,OPTIMAL,INFEASIBLE
PLPP5,OPTIMAL,OPTIMAL,OPTIMAL,OPTIMAL
NSD3,INFEASIBLE,OPTIMAL,OPTIMAL,INFEASIBLE
FGFR1,INFEASIBLE,OPTIMAL,OPTIMAL,INFEASIBLE
TACC1,INFEASIBLE,OPTIMAL,OPTIMAL,INFEASIBLE
TM2D2,INFEASIBLE,OPTIMAL,OPTIMAL,INFEASIBLE
ADAM9,INFEASIBLE,OPTIMAL,OPTIMAL,INFEASIBLE
SFRP1,OPTIMAL,OPTIMAL,OPTIMAL,OPTIMAL
GOLGA7,INFEASIBLE,OPTIMAL,OPTIMAL,INFEASIBLE
GINS4,INFEASIBLE,INFEASIBLE,OPTIMAL,OPTIMAL
GPAT4,INFEASIBLE,OPTIMAL,OPTIMAL,INFEASIBLE
KAT6A,INFEASIBLE,OPTIMAL,OPTIMAL,INFEASIBLE
AP3M2,OPTIMAL,OPTIMAL,OPTIMAL,OPTIMAL
PLAT,INFEASIBLE,INFEASIBLE,OPTIMAL,INFEASIBLE
IKBKB,OPTIMAL,OPTIMAL,OPTIMAL,OPTIMAL
POLB,INFEASIBLE,OPTIMAL,OPTIMAL,INFEASIBLE
VDAC3,INFEASIBLE,OPTIMAL,INFEASIBLE,INFEASIBLE
SLC20A2,INFEASIBLE,INFEASIBLE,OPTIMAL,OPTIMAL
SMIM19,INFEASIBLE,OPTIMAL,OPTIMAL,OPTIMAL
THAP1,INFEASIBLE,OPTIMAL,OPTIMAL,OPTIMAL
RNF170,OPTIMAL,OPTIMAL,OPTIMAL,OPTIMAL
HOOK3,OPTIMAL,OPTIMAL,OPTIMAL,OPTIMAL
FNTA,INFEASIBLE,OPTIMAL,OPTIMAL,OPTIMAL
POMK,INFEASIBLE,INFEASIBLE,OPTIMAL,INFEASIBLE
HGSNAT,INFEASIBLE,OPTIMAL,OPTIMAL,INFEASIBLE
SPIDR,INFEASIBLE,OPTIMAL,OPTIMAL,INFEASIBLE
CEBPD,OPTIMAL,OPTIMAL,OPTIMAL,OPTIMAL
PRKDC,INFEASIBLE,INFEASIBLE,OPTIMAL,INFEASIBLE
MCM4,INFEASIBLE,OPTIMAL,OPTIMAL,OPTIMAL
UBE2V2,INFEASIBLE,OPTIMAL,INFEASIBLE,INFEASIBLE
SNAI2,OPTIMAL,OPTIMAL,OPTIMAL,OPTIMAL
PXDNL,OPTIMAL,OPTIMAL,OPTIMAL,OPTIMAL
PCMTD1,INFEASIBLE,OPTIMAL,OPTIMAL,INFEASIBLE
RB1CC1,INFEASIBLE,OPTIMAL,OPTIMAL,INFEASIBLE
ATP6V1H,INFEASIBLE,OPTIMAL,OPTIMAL,INFEASIBLE
RGS20,INFEASIBLE,OPTIMAL,OPTIMAL,INFEASIBLE
TCEA1,INFEASIBLE,OPTIMAL,OPTIMAL,INFEASIBLE
LYPLA1,INFEASIBLE,OPTIMAL,OPTIMAL,INFEASIBLE
MRPL15,INFEASIBLE,INFEASIBLE,OPTIMAL,OPTIMAL
TMEM68,INFEASIBLE,OPTIMAL,OPTIMAL,OPTIMAL
TGS1,INFEASIBLE,OPTIMAL,OPTIMAL,INFEASIBLE
LYN,INFEASIBLE,OPTIMAL,OPTIMAL,OPTIMAL
RPS20,INFEASIBLE,OPTIMAL,OPTIMAL,INFEASIBLE
PLAG1,OPTIMAL,OPTIMAL,OPTIMAL,OPTIMAL
CHCHD7,INFEASIBLE,OPTIMAL,OPTIMAL,INFEASIBLE
BPNT2,OPTIMAL,OPTIMAL,OPTIMAL,OPTIMAL
FAM110B,INFEASIBLE,INFEASIBLE,INFEASIBLE,INFEASIBLE
UBXN2B,INFEASIBLE,OPTIMAL,OPTIMAL,INFEASIBLE
SDCBP,INFEASIBLE,OPTIMAL,OPTIMAL,INFEASIBLE
NSMAF,INFEASIBLE,OPTIMAL,OPTIMAL,OPTIMAL
TOX,OPTIMAL,OPTIMAL,OPTIMAL,OPTIMAL
CA8,INFEASIBLE,OPTIMAL,OPTIMAL,INFEASIBLE
RAB2A,INFEASIBLE,OPTIMAL,OPTIMAL,INFEASIBLE
CHD7,OPTIMAL,OPTIMAL,OPTIMAL,OPTIMAL
ASPH,INFEASIBLE,OPTIMAL,OPTIMAL,INFEASIBLE
NKAIN3,OPTIMAL,OPTIMAL,OPTIMAL,INFEASIBLE
GGH,INFEASIBLE,OPTIMAL,OPTIMAL,INFEASIBLE
YTHDF3,INFEASIBLE,OPTIMAL,OPTIMAL,OPTIMAL
CYP7B1,OPTIMAL,OPTIMAL,OPTIMAL,OPTIMAL
ARMC1,INFEASIBLE,OPTIMAL,OPTIMAL,INFEASIBLE
MTFR1,INFEASIBLE,OPTIMAL,OPTIMAL,INFEASIBLE
PDE7A,INFEASIBLE,INFEASIBLE,OPTIMAL,OPTIMAL
RRS1,INFEASIBLE,OPTIMAL,OPTIMAL,OPTIMAL
MYBL1,INFEASIBLE,OPTIMAL,OPTIMAL,INFEASIBLE
VCPIP1,INFEASIBLE,OPTIMAL,OPTIMAL,OPTIMAL
SGK3,OPTIMAL,OPTIMAL,OPTIMAL,OPTIMAL
COPS5,INFEASIBLE,INFEASIBLE,OPTIMAL,INFEASIBLE
CSPP1,INFEASIBLE,OPTIMAL,OPTIMAL,OPTIMAL
ARFGEF1,INFEASIBLE,OPTIMAL,OPTIMAL,INFEASIBLE
PREX2,INFEASIBLE,INFEASIBLE,OPTIMAL,OPTIMAL
C8orf34,OPTIMAL,OPTIMAL,OPTIMAL,INFEASIBLE
SLCO5A1,OPTIMAL,OPTIMAL,OPTIMAL,OPTIMAL
NCOA2,INFEASIBLE,OPTIMAL,OPTIMAL,INFEASIBLE
TRAM1,OPTIMAL,OPTIMAL,OPTIMAL,OPTIMAL
LACTB2,OPTIMAL,OPTIMAL,OPTIMAL,OPTIMAL
EYA1,OPTIMAL,OPTIMAL,OPTIMAL,OPTIMAL
KCNB2,INFEASIBLE,OPTIMAL,INFEASIBLE,OPTIMAL
TERF1,INFEASIBLE,OPTIMAL,OPTIMAL,INFEASIBLE
RPL7,INFEASIBLE,INFEASIBLE,OPTIMAL,INFEASIBLE
RDH10,INFEASIBLE,OPTIMAL,OPTIMAL,OPTIMAL
STAU2,INFEASIBLE,OPTIMAL,OPTIMAL,OPTIMAL
UBE2W,INFEASIBLE,OPTIMAL,OPTIMAL,INFEASIBLE
ELOC,INFEASIBLE,INFEASIBLE,OPTIMAL,INFEASIBLE
TMEM70,INFEASIBLE,OPTIMAL,OPTIMAL,INFEASIBLE
JPH1,INFEASIBLE,OPTIMAL,OPTIMAL,OPTIMAL
GDAP1,INFEASIBLE,OPTIMAL,OPTIMAL,INFEASIBLE
CRISPLD1,INFEASIBLE,OPTIMAL,INFEASIBLE,OPTIMAL
HNF4G,OPTIMAL,OPTIMAL,OPTIMAL,OPTIMAL
ZFHX4,INFEASIBLE,OPTIMAL,OPTIMAL,INFEASIBLE
PEX2,OPTIMAL,OPTIMAL,OPTIMAL,OPTIMAL
PKIA,INFEASIBLE,OPTIMAL,OPTIMAL,INFEASIBLE
ZC2HC1A,INFEASIBLE,OPTIMAL,OPTIMAL,INFEASIBLE
HEY1,OPTIMAL,OPTIMAL,OPTIMAL,OPTIMAL
MRPS28,INFEASIBLE,INFEASIBLE,OPTIMAL,INFEASIBLE
TPD52,INFEASIBLE,INFEASIBLE,OPTIMAL,INFEASIBLE
ZBTB10,INFEASIBLE,OPTIMAL,OPTIMAL,INFEASIBLE
ZNF704,INFEASIBLE,OPTIMAL,OPTIMAL,INFEASIBLE
PAG1,OPTIMAL,OPTIMAL,OPTIMAL,OPTIMAL
FABP5,INFEASIBLE,OPTIMAL,OPTIMAL,INFEASIBLE
IMPA1,OPTIMAL,OPTIMAL,OPTIMAL,OPTIMAL
ZFAND1,INFEASIBLE,OPTIMAL,OPTIMAL,INFEASIBLE
LRRCC1,INFEASIBLE,OPTIMAL,OPTIMAL,OPTIMAL
E2F5,INFEASIBLE,OPTIMAL,OPTIMAL,OPTIMAL
RBIS,INFEASIBLE,INFEASIBLE,INFEASIBLE,INFEASIBLE
CA13,OPTIMAL,OPTIMAL,OPTIMAL,OPTIMAL
CA2,INFEASIBLE,OPTIMAL,OPTIMAL,OPTIMAL
WWP1,INFEASIBLE,OPTIMAL,OPTIMAL,INFEASIBLE
RMDN1,INFEASIBLE,OPTIMAL,OPTIMAL,INFEASIBLE
CPNE3,INFEASIBLE,INFEASIBLE,OPTIMAL,INFEASIBLE
MMP16,OPTIMAL,OPTIMAL,OPTIMAL,OPTIMAL
RIPK2,OPTIMAL,OPTIMAL,OPTIMAL,OPTIMAL
OSGIN2,OPTIMAL,OPTIMAL,OPTIMAL,OPTIMAL
NBN,INFEASIBLE,OPTIMAL,OPTIMAL,INFEASIBLE
DECR1,INFEASIBLE,OPTIMAL,OPTIMAL,INFEASIBLE
TMEM64,OPTIMAL,OPTIMAL,OPTIMAL,OPTIMAL
NECAB1,INFEASIBLE,OPTIMAL,OPTIMAL,OPTIMAL
C8orf88,INFEASIBLE,OPTIMAL,OPTIMAL,INFEASIBLE
OTUD6B,INFEASIBLE,OPTIMAL,OPTIMAL,INFEASIBLE
LRRC69,OPTIMAL,OPTIMAL,OPTIMAL,OPTIMAL
RUNX1T1,INFEASIBLE,OPTIMAL,OPTIMAL,INFEASIBLE
TRIQK,INFEASIBLE,OPTIMAL,OPTIMAL,INFEASIBLE
CIBAR1,INFEASIBLE,OPTIMAL,OPTIMAL,OPTIMAL
RBM12B,INFEASIBLE,OPTIMAL,OPTIMAL,OPTIMAL
TMEM67,INFEASIBLE,INFEASIBLE,OPTIMAL,INFEASIBLE
RAD54B,INFEASIBLE,OPTIMAL,OPTIMAL,INFEASIBLE
VIRMA,INFEASIBLE,OPTIMAL,OPTIMAL,INFEASIBLE
ESRP1,OPTIMAL,OPTIMAL,OPTIMAL,OPTIMAL
DPY19L4,INFEASIBLE,OPTIMAL,OPTIMAL,INFEASIBLE
INTS8,INFEASIBLE,OPTIMAL,OPTIMAL,OPTIMAL
CCNE2,INFEASIBLE,OPTIMAL,INFEASIBLE,INFEASIBLE
NDUFAF6,INFEASIBLE,OPTIMAL,OPTIMAL,INFEASIBLE
PLEKHF2,OPTIMAL,OPTIMAL,OPTIMAL,OPTIMAL
UQCRB,INFEASIBLE,INFEASIBLE,INFEASIBLE,INFEASIBLE
MTERF3,INFEASIBLE,OPTIMAL,OPTIMAL,INFEASIBLE
PTDSS1,INFEASIBLE,INFEASIBLE,OPTIMAL,INFEASIBLE
SDC2,INFEASIBLE,INFEASIBLE,OPTIMAL,OPTIMAL
MTDH,INFEASIBLE,OPTIMAL,OPTIMAL,INFEASIBLE
LAPTM4B,INFEASIBLE,OPTIMAL,OPTIMAL,INFEASIBLE
RPL30,INFEASIBLE,INFEASIBLE,OPTIMAL,INFEASIBLE
ERICH5,INFEASIBLE,INFEASIBLE,OPTIMAL,OPTIMAL
RIDA,INFEASIBLE,INFEASIBLE,OPTIMAL,OPTIMAL
POP1,OPTIMAL,OPTIMAL,OPTIMAL,OPTIMAL
STK3,INFEASIBLE,OPTIMAL,OPTIMAL,INFEASIBLE
VPS13B,INFEASIBLE,OPTIMAL,OPTIMAL,INFEASIBLE
COX6C,INFEASIBLE,INFEASIBLE,OPTIMAL,INFEASIBLE
POLR2K,INFEASIBLE,INFEASIBLE,OPTIMAL,INFEASIBLE
SPAG1,OPTIMAL,OPTIMAL,OPTIMAL,OPTIMAL
RNF19A,OPTIMAL,OPTIMAL,OPTIMAL,OPTIMAL
ANKRD46,INFEASIBLE,OPTIMAL,OPTIMAL,INFEASIBLE
PABPC1,INFEASIBLE,OPTIMAL,OPTIMAL,OPTIMAL
YWHAZ,INFEASIBLE,OPTIMAL,OPTIMAL,INFEASIBLE
ZNF706,INFEASIBLE,OPTIMAL,OPTIMAL,INFEASIBLE
NCALD,OPTIMAL,OPTIMAL,OPTIMAL,OPTIMAL
RRM2B,INFEASIBLE,OPTIMAL,OPTIMAL,INFEASIBLE
UBR5,INFEASIBLE,OPTIMAL,OPTIMAL,INFEASIBLE
AZIN1,INFEASIBLE,INFEASIBLE,OPTIMAL,INFEASIBLE
ATP6V1C1,INFEASIBLE,OPTIMAL,INFEASIBLE,OPTIMAL
FZD6,OPTIMAL,OPTIMAL,OPTIMAL,OPTIMAL
SLC25A32,INFEASIBLE,OPTIMAL,OPTIMAL,INFEASIBLE
DCAF13,INFEASIBLE,INFEASIBLE,OPTIMAL,INFEASIBLE
RIMS2,OPTIMAL,OPTIMAL,OPTIMAL,OPTIMAL
LRP12,INFEASIBLE,OPTIMAL,OPTIMAL,INFEASIBLE
ZFPM2,OPTIMAL,OPTIMAL,OPTIMAL,OPTIMAL
OXR1,INFEASIBLE,OPTIMAL,OPTIMAL,INFEASIBLE
EIF3E,INFEASIBLE,OPTIMAL,OPTIMAL,INFEASIBLE
EMC2,INFEASIBLE,OPTIMAL,OPTIMAL,OPTIMAL
NUDCD1,INFEASIBLE,OPTIMAL,OPTIMAL,INFEASIBLE
ENY2,INFEASIBLE,OPTIMAL,OPTIMAL,INFEASIBLE
EBAG9,INFEASIBLE,OPTIMAL,OPTIMAL,INFEASIBLE
SYBU,INFEASIBLE,OPTIMAL,OPTIMAL,INFEASIBLE
CSMD3,OPTIMAL,OPTIMAL,OPTIMAL,OPTIMAL
TRPS1,INFEASIBLE,OPTIMAL,OPTIMAL,INFEASIBLE
EIF3H,INFEASIBLE,OPTIMAL,OPTIMAL,INFEASIBLE
UTP23,OPTIMAL,OPTIMAL,OPTIMAL,OPTIMAL
RAD21,OPTIMAL,OPTIMAL,OPTIMAL,INFEASIBLE
MED30,INFEASIBLE,INFEASIBLE,OPTIMAL,INFEASIBLE
EXT1,INFEASIBLE,OPTIMAL,INFEASIBLE,INFEASIBLE
SAMD12,INFEASIBLE,INFEASIBLE,OPTIMAL,INFEASIBLE
TAF2,INFEASIBLE,INFEASIBLE,OPTIMAL,INFEASIBLE
DSCC1,INFEASIBLE,OPTIMAL,OPTIMAL,OPTIMAL
DEPTOR,OPTIMAL,OPTIMAL,OPTIMAL,OPTIMAL
MRPL13,INFEASIBLE,INFEASIBLE,OPTIMAL,INFEASIBLE
MTBP,INFEASIBLE,OPTIMAL,OPTIMAL,OPTIMAL
SNTB1,OPTIMAL,OPTIMAL,OPTIMAL,OPTIMAL
HAS2,INFEASIBLE,INFEASIBLE,INFEASIBLE,OPTIMAL
ZHX2,INFEASIBLE,OPTIMAL,OPTIMAL,INFEASIBLE
DERL1,OPTIMAL,OPTIMAL,OPTIMAL,INFEASIBLE
TBC1D31,INFEASIBLE,INFEASIBLE,OPTIMAL,INFEASIBLE
C8orf76,INFEASIBLE,OPTIMAL,OPTIMAL,OPTIMAL
ZHX1,INFEASIBLE,OPTIMAL,OPTIMAL,OPTIMAL
ATAD2,INFEASIBLE,OPTIMAL,OPTIMAL,INFEASIBLE
NTAQ1,INFEASIBLE,OPTIMAL,OPTIMAL,OPTIMAL
FBXO32,INFEASIBLE,INFEASIBLE,OPTIMAL,OPTIMAL
FAM91A1,OPTIMAL,OPTIMAL,OPTIMAL,OPTIMAL
TMEM65,INFEASIBLE,OPTIMAL,OPTIMAL,INFEASIBLE
TRMT12,OPTIMAL,OPTIMAL,OPTIMAL,INFEASIBLE
RNF139,OPTIMAL,OPTIMAL,OPTIMAL,OPTIMAL
TATDN1,INFEASIBLE,OPTIMAL,OPTIMAL,INFEASIBLE
NDUFB9,INFEASIBLE,INFEASIBLE,OPTIMAL,INFEASIBLE
MTSS1,OPTIMAL,OPTIMAL,OPTIMAL,OPTIMAL
SQLE,INFEASIBLE,OPTIMAL,OPTIMAL,OPTIMAL
WASHC5,INFEASIBLE,OPTIMAL,OPTIMAL,OPTIMAL
NSMCE2,INFEASIBLE,INFEASIBLE,OPTIMAL,INFEASIBLE
TRIB1,OPTIMAL,OPTIMAL,OPTIMAL,OPTIMAL
LRATD2,OPTIMAL,OPTIMAL,OPTIMAL,OPTIMAL
MYC,OPTIMAL,INFEASIBLE,OPTIMAL,OPTIMAL
CYRIB,INFEASIBLE,INFEASIBLE,OPTIMAL,INFEASIBLE
ASAP1,INFEASIBLE,OPTIMAL,OPTIMAL,INFEASIBLE
EFR3A,INFEASIBLE,OPTIMAL,OPTIMAL,INFEASIBLE
PHF20L1,INFEASIBLE,OPTIMAL,OPTIMAL,INFEASIBLE
NDRG1,OPTIMAL,OPTIMAL,OPTIMAL,INFEASIBLE
ST3GAL1,OPTIMAL,OPTIMAL,OPTIMAL,OPTIMAL
ZFAT,INFEASIBLE,OPTIMAL,OPTIMAL,INFEASIBLE
KHDRBS3,INFEASIBLE,OPTIMAL,OPTIMAL,OPTIMAL
TRAPPC9,INFEASIBLE,OPTIMAL,OPTIMAL,INFEASIBLE
CHRAC1,INFEASIBLE,INFEASIBLE,OPTIMAL,INFEASIBLE
AGO2,INFEASIBLE,INFEASIBLE,OPTIMAL,OPTIMAL
PTK2,OPTIMAL,OPTIMAL,OPTIMAL,INFEASIBLE
SLC45A4,OPTIMAL,OPTIMAL,OPTIMAL,OPTIMAL
TSNARE1,OPTIMAL,OPTIMAL,OPTIMAL,INFEASIBLE
JRK,OPTIMAL,OPTIMAL,OPTIMAL,OPTIMAL
THEM6,OPTIMAL,OPTIMAL,OPTIMAL,OPTIMAL
LY6E,INFEASIBLE,INFEASIBLE,OPTIMAL,INFEASIBLE
TOP1MT,INFEASIBLE,OPTIMAL,OPTIMAL,OPTIMAL
ZC3H3,INFEASIBLE,OPTIMAL,OPTIMAL,INFEASIBLE
NAPRT,OPTIMAL,OPTIMAL,OPTIMAL,OPTIMAL
EEF1D,INFEASIBLE,OPTIMAL,INFEASIBLE,INFEASIBLE
TIGD5,OPTIMAL,OPTIMAL,OPTIMAL,OPTIMAL
PYCR3,OPTIMAL,OPTIMAL,OPTIMAL,OPTIMAL
GFUS,OPTIMAL,OPTIMAL,OPTIMAL,OPTIMAL
ZNF623,OPTIMAL,OPTIMAL,OPTIMAL,OPTIMAL
SCRIB,INFEASIBLE,INFEASIBLE,OPTIMAL,OPTIMAL
PUF60,INFEASIBLE,OPTIMAL,OPTIMAL,OPTIMAL
PLEC,INFEASIBLE,OPTIMAL,OPTIMAL,OPTIMAL
GRINA,OPTIMAL,OPTIMAL,OPTIMAL,OPTIMAL
EXOSC4,INFEASIBLE,OPTIMAL,OPTIMAL,INFEASIBLE
GPAA1,INFEASIBLE,OPTIMAL,OPTIMAL,INFEASIBLE
CYC1,INFEASIBLE,OPTIMAL,OPTIMAL,INFEASIBLE
SHARPIN,OPTIMAL,OPTIMAL,OPTIMAL,OPTIMAL
MAF1,INFEASIBLE,OPTIMAL,OPTIMAL,INFEASIBLE
HGH1,OPTIMAL,OPTIMAL,OPTIMAL,OPTIMAL
MROH1,OPTIMAL,INFEASIBLE,OPTIMAL,OPTIMAL
BOP1,OPTIMAL,OPTIMAL,OPTIMAL,OPTIMAL
HSF1,INFEASIBLE,OPTIMAL,OPTIMAL,INFEASIBLE
DGAT1,OPTIMAL,OPTIMAL,OPTIMAL,OPTIMAL
SLC52A2,OPTIMAL,OPTIMAL,OPTIMAL,OPTIMAL
FBXL6,INFEASIBLE,OPTIMAL,OPTIMAL,INFEASIBLE
CPSF1,OPTIMAL,OPTIMAL,OPTIMAL,INFEASIBLE
SLC39A4,OPTIMAL,OPTIMAL,OPTIMAL,OPTIMAL
VPS28,OPTIMAL,OPTIMAL,OPTIMAL,OPTIMAL
TONSL,OPTIMAL,INFEASIBLE,OPTIMAL,OPTIMAL
ZFTRAF1,OPTIMAL,OPTIMAL,OPTIMAL,OPTIMAL
TMEM276,OPTIMAL,OPTIMAL,OPTIMAL,OPTIMAL
PPP1R16A,OPTIMAL,OPTIMAL,OPTIMAL,OPTIMAL
MFSD3,INFEASIBLE,INFEASIBLE,OPTIMAL,OPTIMAL
RECQL4,OPTIMAL,INFEASIBLE,OPTIMAL,OPTIMAL
LRRC14,OPTIMAL,INFEASIBLE,OPTIMAL,OPTIMAL
C8orf82,INFEASIBLE,OPTIMAL,OPTIMAL,INFEASIBLE
ARHGAP39,INFEASIBLE,INFEASIBLE,OPTIMAL,INFEASIBLE
ZNF251,INFEASIBLE,OPTIMAL,OPTIMAL,INFEASIBLE
ZNF34,OPTIMAL,OPTIMAL,OPTIMAL,OPTIMAL
RPL8,INFEASIBLE,INFEASIBLE,OPTIMAL,INFEASIBLE
ZNF7,INFEASIBLE,OPTIMAL,OPTIMAL,INFEASIBLE
COMMD5,INFEASIBLE,OPTIMAL,OPTIMAL,OPTIMAL
ZNF250,OPTIMAL,OPTIMAL,OPTIMAL,OPTIMAL
ZNF16,OPTIMAL,INFEASIBLE,OPTIMAL,OPTIMAL
C8orf33,INFEASIBLE,OPTIMAL,OPTIMAL,OPTIMAL
ZNG1A,INFEASIBLE,OPTIMAL,OPTIMAL,INFEASIBLE
DOCK8,OPTIMAL,OPTIMAL,OPTIMAL,OPTIMAL
KANK1,OPTIMAL,OPTIMAL,OPTIMAL,OPTIMAL
SMARCA2,INFEASIBLE,OPTIMAL,OPTIMAL,INFEASIBLE
PUM3,INFEASIBLE,INFEASIBLE,OPTIMAL,INFEASIBLE
RFX3,INFEASIBLE,OPTIMAL,OPTIMAL,INFEASIBLE
GLIS3,INFEASIBLE,OPTIMAL,OPTIMAL,INFEASIBLE
SLC1A1,OPTIMAL,OPTIMAL,OPTIMAL,OPTIMAL
CDC37L1,OPTIMAL,OPTIMAL,OPTIMAL,OPTIMAL
AK3,INFEASIBLE,INFEASIBLE,OPTIMAL,INFEASIBLE
RCL1,INFEASIBLE,OPTIMAL,OPTIMAL,INFEASIBLE
JAK2,OPTIMAL,OPTIMAL,OPTIMAL,OPTIMAL
PLGRKT,INFEASIBLE,OPTIMAL,INFEASIBLE,OPTIMAL
RIC1,OPTIMAL,OPTIMAL,OPTIMAL,OPTIMAL
ERMP1,OPTIMAL,OPTIMAL,OPTIMAL,OPTIMAL
KIAA2026,INFEASIBLE,OPTIMAL,OPTIMAL,INFEASIBLE
RANBP6,INFEASIBLE,INFEASIBLE,OPTIMAL,OPTIMAL
UHRF2,OPTIMAL,OPTIMAL,OPTIMAL,OPTIMAL
GLDC,INFEASIBLE,OPTIMAL,OPTIMAL,INFEASIBLE
KDM4C,INFEASIBLE,OPTIMAL,OPTIMAL,INFEASIBLE
DMAC1,INFEASIBLE,OPTIMAL,OPTIMAL,INFEASIBLE
PTPRD,OPTIMAL,OPTIMAL,OPTIMAL,OPTIMAL
MPDZ,OPTIMAL,OPTIMAL,OPTIMAL,OPTIMAL
NFIB,INFEASIBLE,OPTIMAL,OPTIMAL,INFEASIBLE
ZDHHC21,OPTIMAL,OPTIMAL,OPTIMAL,OPTIMAL
TTC39B,INFEASIBLE,OPTIMAL,OPTIMAL,OPTIMAL
SNAPC3,INFEASIBLE,OPTIMAL,OPTIMAL,INFEASIBLE
PSIP1,INFEASIBLE,INFEASIBLE,OPTIMAL,INFEASIBLE
CCDC171,INFEASIBLE,OPTIMAL,OPTIMAL,OPTIMAL
BNC2,INFEASIBLE,OPTIMAL,OPTIMAL,INFEASIBLE
CNTLN,INFEASIBLE,OPTIMAL,OPTIMAL,INFEASIBLE
SH3GL2,OPTIMAL,OPTIMAL,OPTIMAL,OPTIMAL
ADAMTSL1,OPTIMAL,OPTIMAL,OPTIMAL,OPTIMAL
RRAGA,OPTIMAL,OPTIMAL,OPTIMAL,OPTIMAL
HAUS6,INFEASIBLE,OPTIMAL,OPTIMAL,OPTIMAL
PLIN2,OPTIMAL,OPTIMAL,OPTIMAL,INFEASIBLE
DENND4C,INFEASIBLE,INFEASIBLE,OPTIMAL,INFEASIBLE
RPS6,INFEASIBLE,INFEASIBLE,OPTIMAL,INFEASIBLE
MLLT3,INFEASIBLE,OPTIMAL,OPTIMAL,OPTIMAL
FOCAD,INFEASIBLE,OPTIMAL,OPTIMAL,INFEASIBLE
KLHL9,INFEASIBLE,OPTIMAL,OPTIMAL,OPTIMAL
MTAP,INFEASIBLE,OPTIMAL,OPTIMAL,INFEASIBLE
CDKN2A,INFEASIBLE,OPTIMAL,OPTIMAL,INFEASIBLE
CDKN2B,OPTIMAL,OPTIMAL,OPTIMAL,OPTIMAL
ELAVL2,OPTIMAL,OPTIMAL,OPTIMAL,OPTIMAL
TUSC1,OPTIMAL,OPTIMAL,OPTIMAL,OPTIMAL
CAAP1,INFEASIBLE,OPTIMAL,OPTIMAL,OPTIMAL
PLAA,INFEASIBLE,OPTIMAL,OPTIMAL,INFEASIBLE
IFT74,OPTIMAL,OPTIMAL,OPTIMAL,OPTIMAL
MOB3B,OPTIMAL,OPTIMAL,OPTIMAL,OPTIMAL
C9orf72,INFEASIBLE,OPTIMAL,OPTIMAL,INFEASIBLE
LINGO2,OPTIMAL,OPTIMAL,OPTIMAL,OPTIMAL
ACO1,INFEASIBLE,OPTIMAL,OPTIMAL,OPTIMAL
RIGI,OPTIMAL,OPTIMAL,OPTIMAL,OPTIMAL
TOPORS,OPTIMAL,OPTIMAL,OPTIMAL,OPTIMAL
SMIM27,INFEASIBLE,OPTIMAL,OPTIMAL,INFEASIBLE
NDUFB6,INFEASIBLE,OPTIMAL,INFEASIBLE,INFEASIBLE
APTX,INFEASIBLE,OPTIMAL,OPTIMAL,OPTIMAL
DNAJA1,INFEASIBLE,INFEASIBLE,OPTIMAL,INFEASIBLE
SMU1,INFEASIBLE,OPTIMAL,OPTIMAL,INFEASIBLE
B4GALT1,INFEASIBLE,OPTIMAL,OPTIMAL,INFEASIBLE
BAG1,INFEASIBLE,OPTIMAL,OPTIMAL,OPTIMAL
CHMP5,INFEASIBLE,OPTIMAL,OPTIMAL,OPTIMAL
NFX1,INFEASIBLE,OPTIMAL,INFEASIBLE,INFEASIBLE
NOL6,OPTIMAL,OPTIMAL,OPTIMAL,OPTIMAL
ANKRD18B,INFEASIBLE,OPTIMAL,OPTIMAL,OPTIMAL
UBE2R2,INFEASIBLE,OPTIMAL,OPTIMAL,INFEASIBLE
UBAP2,INFEASIBLE,OPTIMAL,OPTIMAL,INFEASIBLE
DCAF12,INFEASIBLE,OPTIMAL,OPTIMAL,OPTIMAL
UBAP1,INFEASIBLE,OPTIMAL,OPTIMAL,INFEASIBLE
KIF24,INFEASIBLE,OPTIMAL,INFEASIBLE,OPTIMAL
NUDT2,OPTIMAL,OPTIMAL,OPTIMAL,OPTIMAL
FAM219A,INFEASIBLE,OPTIMAL,OPTIMAL,INFEASIBLE
ENHO,INFEASIBLE,OPTIMAL,OPTIMAL,OPTIMAL
RPP25L,INFEASIBLE,OPTIMAL,OPTIMAL,OPTIMAL
DCTN3,INFEASIBLE,OPTIMAL,OPTIMAL,INFEASIBLE
SIGMAR1,INFEASIBLE,INFEASIBLE,OPTIMAL,INFEASIBLE
GALT,OPTIMAL,OPTIMAL,OPTIMAL,OPTIMAL
ENSG00000187186,INFEASIBLE,OPTIMAL,INFEASIBLE,OPTIMAL
VCP,INFEASIBLE,OPTIMAL,OPTIMAL,INFEASIBLE
FANCG,OPTIMAL,OPTIMAL,OPTIMAL,OPTIMAL
PIGO,OPTIMAL,INFEASIBLE,OPTIMAL,OPTIMAL
STOML2,INFEASIBLE,INFEASIBLE,OPTIMAL,INFEASIBLE
UNC13B,OPTIMAL,OPTIMAL,OPTIMAL,INFEASIBLE
RUSC2,OPTIMAL,OPTIMAL,OPTIMAL,OPTIMAL
CCDC107,INFEASIBLE,INFEASIBLE,OPTIMAL,OPTIMAL
ARHGEF39,INFEASIBLE,OPTIMAL,OPTIMAL,OPTIMAL
TLN1,INFEASIBLE,OPTIMAL,OPTIMAL,OPTIMAL
CREB3,INFEASIBLE,INFEASIBLE,OPTIMAL,INFEASIBLE
GBA2,OPTIMAL,OPTIMAL,INFEASIBLE,OPTIMAL
RGP1,OPTIMAL,OPTIMAL,OPTIMAL,OPTIMAL
HINT2,INFEASIBLE,INFEASIBLE,OPTIMAL,INFEASIBLE
RECK,OPTIMAL,OPTIMAL,OPTIMAL,OPTIMAL
GLIPR2,OPTIMAL,OPTIMAL,OPTIMAL,OPTIMAL
CLTA,INFEASIBLE,OPTIMAL,OPTIMAL,INFEASIBLE
GNE,INFEASIBLE,OPTIMAL,INFEASIBLE,OPTIMAL
RNF38,INFEASIBLE,OPTIMAL,OPTIMAL,OPTIMAL
MELK,OPTIMAL,OPTIMAL,OPTIMAL,OPTIMAL
ZCCHC7,INFEASIBLE,OPTIMAL,OPTIMAL,INFEASIBLE
GRHPR,OPTIMAL,INFEASIBLE,OPTIMAL,OPTIMAL
ZBTB5,OPTIMAL,OPTIMAL,OPTIMAL,OPTIMAL
POLR1E,OPTIMAL,OPTIMAL,OPTIMAL,OPTIMAL
FBXO10,OPTIMAL,OPTIMAL,OPTIMAL,OPTIMAL
TOMM5,INFEASIBLE,OPTIMAL,INFEASIBLE,INFEASIBLE
TRMT10B,INFEASIBLE,OPTIMAL,OPTIMAL,INFEASIBLE
EXOSC3,INFEASIBLE,OPTIMAL,OPTIMAL,INFEASIBLE
DCAF10,INFEASIBLE,OPTIMAL,INFEASIBLE,OPTIMAL
SLC25A51,INFEASIBLE,OPTIMAL,OPTIMAL,INFEASIBLE
SHB,OPTIMAL,INFEASIBLE,OPTIMAL,OPTIMAL
ALDH1B1,OPTIMAL,OPTIMAL,OPTIMAL,OPTIMAL
IGFBPL1,INFEASIBLE,OPTIMAL,OPTIMAL,OPTIMAL
ANKRD18A,OPTIMAL,OPTIMAL,OPTIMAL,OPTIMAL
CNTNAP3,OPTIMAL,OPTIMAL,OPTIMAL,OPTIMAL
ZNG1F,INFEASIBLE,OPTIMAL,OPTIMAL,OPTIMAL
CNTNAP3B,OPTIMAL,OPTIMAL,OPTIMAL,OPTIMAL
ZNG1E,INFEASIBLE,INFEASIBLE,OPTIMAL,INFEASIBLE
ZNG1C,INFEASIBLE,OPTIMAL,OPTIMAL,INFEASIBLE
PIP5K1B,INFEASIBLE,OPTIMAL,OPTIMAL,INFEASIBLE
PABIR1,INFEASIBLE,OPTIMAL,OPTIMAL,INFEASIBLE
FXN,INFEASIBLE,INFEASIBLE,OPTIMAL,INFEASIBLE
TJP2,INFEASIBLE,OPTIMAL,OPTIMAL,INFEASIBLE
PTAR1,OPTIMAL,OPTIMAL,OPTIMAL,OPTIMAL
SMC5,INFEASIBLE,OPTIMAL,OPTIMAL,INFEASIBLE
KLF9,INFEASIBLE,OPTIMAL,OPTIMAL,INFEASIBLE
TRPM3,OPTIMAL,OPTIMAL,OPTIMAL,OPTIMAL
CEMIP2,OPTIMAL,OPTIMAL,OPTIMAL,OPTIMAL
ABHD17B,OPTIMAL,OPTIMAL,OPTIMAL,OPTIMAL
C9orf85,INFEASIBLE,OPTIMAL,OPTIMAL,INFEASIBLE
ZFAND5,INFEASIBLE,OPTIMAL,INFEASIBLE,INFEASIBLE
RORB,INFEASIBLE,OPTIMAL,OPTIMAL,OPTIMAL
TRPM6,OPTIMAL,OPTIMAL,OPTIMAL,OPTIMAL
C9orf40,OPTIMAL,OPTIMAL,OPTIMAL,OPTIMAL
CARNMT1,INFEASIBLE,OPTIMAL,OPTIMAL,INFEASIBLE
NMRK1,OPTIMAL,OPTIMAL,OPTIMAL,OPTIMAL
OSTF1,INFEASIBLE,INFEASIBLE,OPTIMAL,OPTIMAL
PCSK5,INFEASIBLE,OPTIMAL,OPTIMAL,INFEASIBLE
RFK,INFEASIBLE,OPTIMAL,OPTIMAL,OPTIMAL
GCNT1,INFEASIBLE,OPTIMAL,OPTIMAL,OPTIMAL
VPS13A,INFEASIBLE,OPTIMAL,OPTIMAL,INFEASIBLE
GNAQ,INFEASIBLE,OPTIMAL,OPTIMAL,INFEASIBLE
CEP78,INFEASIBLE,OPTIMAL,OPTIMAL,INFEASIBLE
PSAT1,INFEASIBLE,OPTIMAL,OPTIMAL,OPTIMAL
TLE4,INFEASIBLE,OPTIMAL,OPTIMAL,INFEASIBLE
TLE1,INFEASIBLE,OPTIMAL,OPTIMAL,OPTIMAL
RASEF,OPTIMAL,OPTIMAL,OPTIMAL,OPTIMAL
FRMD3,OPTIMAL,OPTIMAL,OPTIMAL,OPTIMAL
UBQLN1,INFEASIBLE,INFEASIBLE,OPTIMAL,OPTIMAL
GKAP1,INFEASIBLE,OPTIMAL,OPTIMAL,INFEASIBLE
KIF27,OPTIMAL,OPTIMAL,OPTIMAL,OPTIMAL
C9orf64,INFEASIBLE,OPTIMAL,OPTIMAL,OPTIMAL
HNRNPK,INFEASIBLE,OPTIMAL,OPTIMAL,INFEASIBLE
RMI1,OPTIMAL,OPTIMAL,OPTIMAL,OPTIMAL
AGTPBP1,INFEASIBLE,OPTIMAL,OPTIMAL,INFEASIBLE
NAA35,INFEASIBLE,OPTIMAL,OPTIMAL,INFEASIBLE
GOLM1,INFEASIBLE,OPTIMAL,OPTIMAL,INFEASIBLE
ISCA1,INFEASIBLE,INFEASIBLE,OPTIMAL,INFEASIBLE
TUT7,INFEASIBLE,OPTIMAL,OPTIMAL,OPTIMAL
GAS1,OPTIMAL,OPTIMAL,OPTIMAL,OPTIMAL
DAPK1,INFEASIBLE,OPTIMAL,OPTIMAL,OPTIMAL
CTSL,INFEASIBLE,OPTIMAL,INFEASIBLE,OPTIMAL
SPIN1,INFEASIBLE,OPTIMAL,OPTIMAL,INFEASIBLE
CKS2,INFEASIBLE,INFEASIBLE,OPTIMAL,INFEASIBLE
SECISBP2,INFEASIBLE,OPTIMAL,OPTIMAL,INFEASIBLE
SEMA4D,OPTIMAL,OPTIMAL,OPTIMAL,OPTIMAL
SYK,INFEASIBLE,OPTIMAL,OPTIMAL,OPTIMAL
AUH,INFEASIBLE,OPTIMAL,OPTIMAL,INFEASIBLE
NFIL3,OPTIMAL,OPTIMAL,OPTIMAL,INFEASIBLE
ROR2,INFEASIBLE,OPTIMAL,OPTIMAL,INFEASIBLE
SPTLC1,INFEASIBLE,OPTIMAL,OPTIMAL,OPTIMAL
IARS1,INFEASIBLE,INFEASIBLE,OPTIMAL,INFEASIBLE
NOL8,INFEASIBLE,OPTIMAL,OPTIMAL,INFEASIBLE
CENPP,INFEASIBLE,OPTIMAL,OPTIMAL,INFEASIBLE
OGN,INFEASIBLE,INFEASIBLE,OPTIMAL,OPTIMAL
ECM2,INFEASIBLE,OPTIMAL,OPTIMAL,INFEASIBLE
IPPK,INFEASIBLE,OPTIMAL,OPTIMAL,INFEASIBLE
BICD2,OPTIMAL,OPTIMAL,OPTIMAL,OPTIMAL
ZNF484,INFEASIBLE,OPTIMAL,OPTIMAL,OPTIMAL
CARD19,INFEASIBLE,OPTIMAL,OPTIMAL,INFEASIBLE
NINJ1,INFEASIBLE,OPTIMAL,OPTIMAL,OPTIMAL
WNK2,INFEASIBLE,INFEASIBLE,INFEASIBLE,OPTIMAL
FAM120AOS,INFEASIBLE,OPTIMAL,OPTIMAL,INFEASIBLE
FAM120A,INFEASIBLE,OPTIMAL,OPTIMAL,OPTIMAL
PHF2,INFEASIBLE,OPTIMAL,OPTIMAL,INFEASIBLE
BARX1,OPTIMAL,OPTIMAL,OPTIMAL,OPTIMAL
PTPDC1,INFEASIBLE,OPTIMAL,OPTIMAL,OPTIMAL
ZNF169,INFEASIBLE,OPTIMAL,OPTIMAL,OPTIMAL
MFSD14B,INFEASIBLE,OPTIMAL,OPTIMAL,OPTIMAL
AOPEP,INFEASIBLE,INFEASIBLE,OPTIMAL,INFEASIBLE
FANCC,INFEASIBLE,OPTIMAL,OPTIMAL,INFEASIBLE
PTCH1,OPTIMAL,OPTIMAL,OPTIMAL,OPTIMAL
ERCC6L2,INFEASIBLE,OPTIMAL,OPTIMAL,INFEASIBLE
ZNF367,OPTIMAL,OPTIMAL,OPTIMAL,OPTIMAL
HABP4,OPTIMAL,OPTIMAL,OPTIMAL,OPTIMAL
CDC14B,INFEASIBLE,OPTIMAL,OPTIMAL,INFEASIBLE
PRXL2C,INFEASIBLE,OPTIMAL,OPTIMAL,INFEASIBLE
ZNF782,INFEASIBLE,INFEASIBLE,OPTIMAL,OPTIMAL
CTSV,INFEASIBLE,INFEASIBLE,OPTIMAL,INFEASIBLE
TDRD7,OPTIMAL,OPTIMAL,OPTIMAL,OPTIMAL
TMOD1,INFEASIBLE,OPTIMAL,OPTIMAL,OPTIMAL
TSTD2,INFEASIBLE,OPTIMAL,OPTIMAL,OPTIMAL
NCBP1,INFEASIBLE,OPTIMAL,OPTIMAL,OPTIMAL
XPA,INFEASIBLE,OPTIMAL,OPTIMAL,INFEASIBLE
TRMO,OPTIMAL,OPTIMAL,OPTIMAL,INFEASIBLE
ANP32B,INFEASIBLE,INFEASIBLE,OPTIMAL,INFEASIBLE
NANS,INFEASIBLE,OPTIMAL,OPTIMAL,INFEASIBLE
TRIM14,OPTIMAL,OPTIMAL,OPTIMAL,OPTIMAL
CORO2A,INFEASIBLE,OPTIMAL,INFEASIBLE,OPTIMAL
GABBR2,OPTIMAL,OPTIMAL,OPTIMAL,OPTIMAL
ANKS6,INFEASIBLE,INFEASIBLE,OPTIMAL,INFEASIBLE
GALNT12,INFEASIBLE,OPTIMAL,OPTIMAL,OPTIMAL
TGFBR1,INFEASIBLE,OPTIMAL,OPTIMAL,INFEASIBLE
ALG2,OPTIMAL,OPTIMAL,INFEASIBLE,OPTIMAL
SEC61B,INFEASIBLE,INFEASIBLE,INFEASIBLE,INFEASIBLE
STX17,INFEASIBLE,OPTIMAL,OPTIMAL,INFEASIBLE
ERP44,INFEASIBLE,OPTIMAL,OPTIMAL,INFEASIBLE
INVS,INFEASIBLE,OPTIMAL,OPTIMAL,INFEASIBLE
TEX10,INFEASIBLE,OPTIMAL,OPTIMAL,OPTIMAL
MSANTD3,INFEASIBLE,OPTIMAL,OPTIMAL,INFEASIBLE
TMEFF1,OPTIMAL,OPTIMAL,OPTIMAL,OPTIMAL
MRPL50,INFEASIBLE,INFEASIBLE,OPTIMAL,OPTIMAL
ZNF189,INFEASIBLE,OPTIMAL,OPTIMAL,OPTIMAL
PGAP4,OPTIMAL,OPTIMAL,OPTIMAL,OPTIMAL
RNF20,OPTIMAL,OPTIMAL,OPTIMAL,OPTIMAL
SMC2,INFEASIBLE,OPTIMAL,OPTIMAL,INFEASIBLE
NIPSNAP3A,OPTIMAL,OPTIMAL,OPTIMAL,OPTIMAL
SLC44A1,INFEASIBLE,OPTIMAL,OPTIMAL,INFEASIBLE
FSD1L,INFEASIBLE,OPTIMAL,OPTIMAL,OPTIMAL
FKTN,INFEASIBLE,OPTIMAL,OPTIMAL,INFEASIBLE
TMEM38B,INFEASIBLE,OPTIMAL,OPTIMAL,INFEASIBLE
ZNF462,INFEASIBLE,OPTIMAL,OPTIMAL,OPTIMAL
RAD23B,INFEASIBLE,OPTIMAL,OPTIMAL,INFEASIBLE
ELP1,OPTIMAL,OPTIMAL,OPTIMAL,OPTIMAL
ABITRAM,OPTIMAL,OPTIMAL,OPTIMAL,OPTIMAL
CTNNAL1,INFEASIBLE,OPTIMAL,OPTIMAL,INFEASIBLE
TMEM245,INFEASIBLE,OPTIMAL,OPTIMAL,OPTIMAL
EPB41L4B,OPTIMAL,OPTIMAL,OPTIMAL,OPTIMAL
PTPN3,OPTIMAL,OPTIMAL,OPTIMAL,OPTIMAL
PALM2AKAP2,INFEASIBLE,OPTIMAL,OPTIMAL,OPTIMAL
TXN,INFEASIBLE,INFEASIBLE,OPTIMAL,INFEASIBLE
LPAR1,OPTIMAL,OPTIMAL,OPTIMAL,OPTIMAL
ECPAS,INFEASIBLE,OPTIMAL,OPTIMAL,INFEASIBLE
ZNF483,INFEASIBLE,OPTIMAL,OPTIMAL,INFEASIBLE
DNAJC25,OPTIMAL,OPTIMAL,OPTIMAL,OPTIMAL
GNG10,INFEASIBLE,OPTIMAL,INFEASIBLE,INFEASIBLE
UGCG,INFEASIBLE,OPTIMAL,OPTIMAL,INFEASIBLE
SUSD1,OPTIMAL,OPTIMAL,OPTIMAL,OPTIMAL
PTBP3,INFEASIBLE,OPTIMAL,OPTIMAL,INFEASIBLE
HSDL2,INFEASIBLE,OPTIMAL,OPTIMAL,INFEASIBLE
KIAA1958,INFEASIBLE,OPTIMAL,OPTIMAL,OPTIMAL
INIP,INFEASIBLE,OPTIMAL,OPTIMAL,INFEASIBLE
SNX30,INFEASIBLE,OPTIMAL,INFEASIBLE,OPTIMAL
ZNF883,INFEASIBLE,OPTIMAL,OPTIMAL,OPTIMAL
FKBP15,INFEASIBLE,OPTIMAL,OPTIMAL,INFEASIBLE
SLC31A1,INFEASIBLE,OPTIMAL,OPTIMAL,INFEASIBLE
CDC26,INFEASIBLE,OPTIMAL,OPTIMAL,INFEASIBLE
PRPF4,INFEASIBLE,OPTIMAL,OPTIMAL,INFEASIBLE
HDHD3,OPTIMAL,OPTIMAL,OPTIMAL,OPTIMAL
POLE3,INFEASIBLE,OPTIMAL,OPTIMAL,OPTIMAL
ZNF618,INFEASIBLE,INFEASIBLE,OPTIMAL,INFEASIBLE
COL27A1,OPTIMAL,OPTIMAL,OPTIMAL,OPTIMAL
WHRN,OPTIMAL,OPTIMAL,OPTIMAL,OPTIMAL
ATP6V1G1,INFEASIBLE,INFEASIBLE,OPTIMAL,INFEASIBLE
TMEM268,OPTIMAL,OPTIMAL,OPTIMAL,OPTIMAL
ASTN2,OPTIMAL,OPTIMAL,OPTIMAL,OPTIMAL
TRIM32,OPTIMAL,OPTIMAL,OPTIMAL,OPTIMAL
CDK5RAP2,INFEASIBLE,INFEASIBLE,OPTIMAL,INFEASIBLE
MEGF9,INFEASIBLE,OPTIMAL,OPTIMAL,OPTIMAL
FBXW2,INFEASIBLE,OPTIMAL,OPTIMAL,INFEASIBLE
B3GALT9,OPTIMAL,OPTIMAL,OPTIMAL,OPTIMAL
PSMD5,INFEASIBLE,OPTIMAL,OPTIMAL,OPTIMAL
PHF19,INFEASIBLE,OPTIMAL,OPTIMAL,INFEASIBLE
CNTRL,INFEASIBLE,OPTIMAL,OPTIMAL,OPTIMAL
RAB14,INFEASIBLE,OPTIMAL,OPTIMAL,INFEASIBLE
STOM,INFEASIBLE,OPTIMAL,OPTIMAL,OPTIMAL
DAB2IP,OPTIMAL,OPTIMAL,OPTIMAL,OPTIMAL
TTLL11,INFEASIBLE,OPTIMAL,OPTIMAL,INFEASIBLE
NDUFA8,INFEASIBLE,INFEASIBLE,INFEASIBLE,INFEASIBLE
RBM18,INFEASIBLE,OPTIMAL,OPTIMAL,INFEASIBLE
MRRF,INFEASIBLE,OPTIMAL,OPTIMAL,OPTIMAL
PDCL,INFEASIBLE,OPTIMAL,OPTIMAL,INFEASIBLE
RC3H2,INFEASIBLE,OPTIMAL,OPTIMAL,INFEASIBLE
ZBTB6,OPTIMAL,OPTIMAL,OPTIMAL,OPTIMAL
RABGAP1,INFEASIBLE,OPTIMAL,OPTIMAL,INFEASIBLE
STRBP,INFEASIBLE,OPTIMAL,OPTIMAL,INFEASIBLE
DENND1A,INFEASIBLE,OPTIMAL,OPTIMAL,INFEASIBLE
NEK6,OPTIMAL,INFEASIBLE,OPTIMAL,OPTIMAL
PSMB7,INFEASIBLE,OPTIMAL,OPTIMAL,INFEASIBLE
NR6A1,INFEASIBLE,OPTIMAL,OPTIMAL,INFEASIBLE
RPL35,INFEASIBLE,INFEASIBLE,INFEASIBLE,INFEASIBLE
ARPC5L,INFEASIBLE,INFEASIBLE,OPTIMAL,OPTIMAL
GOLGA1,INFEASIBLE,OPTIMAL,OPTIMAL,INFEASIBLE
SCAI,OPTIMAL,OPTIMAL,OPTIMAL,OPTIMAL
PPP6C,INFEASIBLE,INFEASIBLE,OPTIMAL,OPTIMAL
RABEPK,INFEASIBLE,OPTIMAL,OPTIMAL,OPTIMAL
HSPA5,INFEASIBLE,INFEASIBLE,OPTIMAL,INFEASIBLE
GAPVD1,INFEASIBLE,OPTIMAL,OPTIMAL,INFEASIBLE
MAPKAP1,INFEASIBLE,OPTIMAL,OPTIMAL,INFEASIBLE
PBX3,INFEASIBLE,OPTIMAL,INFEASIBLE,INFEASIBLE
MVB12B,OPTIMAL,OPTIMAL,OPTIMAL,OPTIMAL
LMX1B,OPTIMAL,OPTIMAL,OPTIMAL,OPTIMAL
ZBTB43,INFEASIBLE,OPTIMAL,OPTIMAL,INFEASIBLE
RALGPS1,OPTIMAL,OPTIMAL,OPTIMAL,OPTIMAL
GARNL3,INFEASIBLE,OPTIMAL,OPTIMAL,INFEASIBLE
SLC2A8,OPTIMAL,INFEASIBLE,OPTIMAL,OPTIMAL
ZNF79,OPTIMAL,OPTIMAL,OPTIMAL,OPTIMAL
RPL12,INFEASIBLE,INFEASIBLE,OPTIMAL,INFEASIBLE
LRSAM1,INFEASIBLE,INFEASIBLE,OPTIMAL,OPTIMAL
NIBAN2,OPTIMAL,OPTIMAL,OPTIMAL,OPTIMAL
STXBP1,OPTIMAL,OPTIMAL,OPTIMAL,OPTIMAL
PTRH1,OPTIMAL,INFEASIBLE,OPTIMAL,OPTIMAL
TOR2A,OPTIMAL,OPTIMAL,OPTIMAL,OPTIMAL
CDK9,OPTIMAL,OPTIMAL,OPTIMAL,OPTIMAL
FPGS,INFEASIBLE,OPTIMAL,OPTIMAL,OPTIMAL
AK1,INFEASIBLE,OPTIMAL,OPTIMAL,INFEASIBLE
ST6GALNAC6,OPTIMAL,OPTIMAL,OPTIMAL,OPTIMAL
DPM2,INFEASIBLE,OPTIMAL,OPTIMAL,OPTIMAL
EEIG1,OPTIMAL,INFEASIBLE,OPTIMAL,OPTIMAL
SLC25A25,INFEASIBLE,OPTIMAL,OPTIMAL,OPTIMAL
PTGES2,OPTIMAL,OPTIMAL,OPTIMAL,OPTIMAL
BBLN,INFEASIBLE,OPTIMAL,OPTIMAL,INFEASIBLE
CIZ1,INFEASIBLE,OPTIMAL,OPTIMAL,INFEASIBLE
DNM1,INFEASIBLE,OPTIMAL,INFEASIBLE,OPTIMAL
GOLGA2,INFEASIBLE,OPTIMAL,OPTIMAL,INFEASIBLE
SWI5,INFEASIBLE,OPTIMAL,OPTIMAL,OPTIMAL
TRUB2,INFEASIBLE,OPTIMAL,OPTIMAL,INFEASIBLE
COQ4,INFEASIBLE,OPTIMAL,OPTIMAL,INFEASIBLE
SLC27A4,OPTIMAL,OPTIMAL,OPTIMAL,OPTIMAL
URM1,INFEASIBLE,OPTIMAL,OPTIMAL,INFEASIBLE
CERCAM,OPTIMAL,OPTIMAL,OPTIMAL,OPTIMAL
ODF2,INFEASIBLE,OPTIMAL,OPTIMAL,OPTIMAL
GLE1,INFEASIBLE,OPTIMAL,OPTIMAL,OPTIMAL
SPTAN1,INFEASIBLE,OPTIMAL,OPTIMAL,OPTIMAL
DYNC2I2,INFEASIBLE,OPTIMAL,OPTIMAL,OPTIMAL
SET,INFEASIBLE,OPTIMAL,INFEASIBLE,INFEASIBLE
PKN3,INFEASIBLE,OPTIMAL,OPTIMAL,INFEASIBLE
ZDHHC12,OPTIMAL,OPTIMAL,OPTIMAL,OPTIMAL
ZER1,OPTIMAL,OPTIMAL,OPTIMAL,INFEASIBLE
TBC1D13,OPTIMAL,OPTIMAL,OPTIMAL,OPTIMAL
ENDOG,INFEASIBLE,INFEASIBLE,OPTIMAL,OPTIMAL
SPOUT1,OPTIMAL,OPTIMAL,OPTIMAL,OPTIMAL
KYAT1,OPTIMAL,OPTIMAL,OPTIMAL,OPTIMAL
LRRC8A,OPTIMAL,OPTIMAL,OPTIMAL,OPTIMAL
PHYHD1,OPTIMAL,OPTIMAL,OPTIMAL,OPTIMAL
DOLK,INFEASIBLE,OPTIMAL,OPTIMAL,INFEASIBLE
NUP188,INFEASIBLE,INFEASIBLE,OPTIMAL,OPTIMAL
SH3GLB2,INFEASIBLE,OPTIMAL,OPTIMAL,OPTIMAL
MIGA2,INFEASIBLE,INFEASIBLE,OPTIMAL,OPTIMAL
DOLPP1,OPTIMAL,OPTIMAL,OPTIMAL,OPTIMAL
CRAT,INFEASIBLE,OPTIMAL,OPTIMAL,INFEASIBLE
PTPA,INFEASIBLE,OPTIMAL,OPTIMAL,INFEASIBLE
NTMT1,INFEASIBLE,OPTIMAL,INFEASIBLE,INFEASIBLE
ASB6,OPTIMAL,OPTIMAL,OPTIMAL,OPTIMAL
TOR1B,OPTIMAL,OPTIMAL,OPTIMAL,INFEASIBLE
TOR1A,OPTIMAL,OPTIMAL,OPTIMAL,OPTIMAL
C9orf78,INFEASIBLE,OPTIMAL,OPTIMAL,INFEASIBLE
USP20,OPTIMAL,OPTIMAL,OPTIMAL,OPTIMAL
FNBP1,INFEASIBLE,OPTIMAL,OPTIMAL,INFEASIBLE
GPR107,INFEASIBLE,OPTIMAL,OPTIMAL,OPTIMAL
NCS1,OPTIMAL,OPTIMAL,OPTIMAL,OPTIMAL
ASS1,OPTIMAL,OPTIMAL,OPTIMAL,OPTIMAL
FUBP3,INFEASIBLE,INFEASIBLE,INFEASIBLE,OPTIMAL
EXOSC2,OPTIMAL,INFEASIBLE,OPTIMAL,OPTIMAL
ABL1,INFEASIBLE,OPTIMAL,INFEASIBLE,INFEASIBLE
LAMC3,INFEASIBLE,OPTIMAL,OPTIMAL,INFEASIBLE
AIF1L,INFEASIBLE,OPTIMAL,OPTIMAL,INFEASIBLE
NUP214,INFEASIBLE,OPTIMAL,OPTIMAL,OPTIMAL
PLPP7,OPTIMAL,OPTIMAL,OPTIMAL,OPTIMAL
PRRC2B,INFEASIBLE,INFEASIBLE,OPTIMAL,OPTIMAL
POMT1,OPTIMAL,INFEASIBLE,OPTIMAL,OPTIMAL
UCK1,INFEASIBLE,OPTIMAL,OPTIMAL,INFEASIBLE
RAPGEF1,INFEASIBLE,OPTIMAL,OPTIMAL,INFEASIBLE
MED27,INFEASIBLE,OPTIMAL,OPTIMAL,OPTIMAL
SETX,INFEASIBLE,OPTIMAL,OPTIMAL,INFEASIBLE
TTF1,INFEASIBLE,OPTIMAL,OPTIMAL,OPTIMAL
DDX31,INFEASIBLE,INFEASIBLE,OPTIMAL,OPTIMAL
GTF3C4,OPTIMAL,OPTIMAL,OPTIMAL,OPTIMAL
SPACA9,OPTIMAL,INFEASIBLE,OPTIMAL,OPTIMAL
TSC1,OPTIMAL,INFEASIBLE,OPTIMAL,OPTIMAL
GTF3C5,INFEASIBLE,OPTIMAL,OPTIMAL,INFEASIBLE
RALGDS,OPTIMAL,OPTIMAL,OPTIMAL,OPTIMAL
SURF6,INFEASIBLE,OPTIMAL,OPTIMAL,INFEASIBLE
MED22,OPTIMAL,OPTIMAL,OPTIMAL,OPTIMAL
RPL7A,INFEASIBLE,INFEASIBLE,OPTIMAL,INFEASIBLE
SURF1,INFEASIBLE,OPTIMAL,OPTIMAL,INFEASIBLE
SURF2,INFEASIBLE,OPTIMAL,OPTIMAL,OPTIMAL
SURF4,INFEASIBLE,INFEASIBLE,OPTIMAL,INFEASIBLE
REXO4,INFEASIBLE,OPTIMAL,OPTIMAL,OPTIMAL
ADAMTS13,OPTIMAL,OPTIMAL,OPTIMAL,OPTIMAL
VAV2,OPTIMAL,OPTIMAL,OPTIMAL,OPTIMAL
BRD3OS,OPTIMAL,OPTIMAL,OPTIMAL,OPTIMAL
BRD3,INFEASIBLE,OPTIMAL,OPTIMAL,OPTIMAL
WDR5,INFEASIBLE,INFEASIBLE,OPTIMAL,OPTIMAL
RXRA,OPTIMAL,OPTIMAL,OPTIMAL,OPTIMAL
PIERCE1,OPTIMAL,OPTIMAL,OPTIMAL,OPTIMAL
MRPS2,OPTIMAL,OPTIMAL,OPTIMAL,OPTIMAL
CAMSAP1,OPTIMAL,OPTIMAL,OPTIMAL,OPTIMAL
UBAC1,INFEASIBLE,OPTIMAL,OPTIMAL,INFEASIBLE
NACC2,OPTIMAL,OPTIMAL,OPTIMAL,OPTIMAL
TMEM250,OPTIMAL,OPTIMAL,OPTIMAL,OPTIMAL
QSOX2,OPTIMAL,INFEASIBLE,OPTIMAL,OPTIMAL
GPSM1,OPTIMAL,OPTIMAL,OPTIMAL,OPTIMAL
DNLZ,INFEASIBLE,OPTIMAL,OPTIMAL,INFEASIBLE
SNAPC4,OPTIMAL,INFEASIBLE,OPTIMAL,OPTIMAL
ENTR1,OPTIMAL,OPTIMAL,OPTIMAL,OPTIMAL
PMPCA,OPTIMAL,OPTIMAL,OPTIMAL,OPTIMAL
INPP5E,OPTIMAL,OPTIMAL,OPTIMAL,OPTIMAL
SEC16A,INFEASIBLE,OPTIMAL,OPTIMAL,INFEASIBLE
EGFL7,INFEASIBLE,OPTIMAL,OPTIMAL,INFEASIBLE
AGPAT2,INFEASIBLE,OPTIMAL,OPTIMAL,INFEASIBLE
DIPK1B,INFEASIBLE,INFEASIBLE,OPTIMAL,INFEASIBLE
TMEM141,INFEASIBLE,OPTIMAL,OPTIMAL,INFEASIBLE
RABL6,OPTIMAL,OPTIMAL,OPTIMAL,INFEASIBLE
PHPT1,INFEASIBLE,OPTIMAL,INFEASIBLE,INFEASIBLE
EDF1,INFEASIBLE,OPTIMAL,OPTIMAL,INFEASIBLE
TRAF2,OPTIMAL,OPTIMAL,OPTIMAL,OPTIMAL
FBXW5,OPTIMAL,OPTIMAL,OPTIMAL,OPTIMAL
PAXX,INFEASIBLE,OPTIMAL,INFEASIBLE,OPTIMAL
NPDC1,OPTIMAL,OPTIMAL,OPTIMAL,OPTIMAL
SAPCD2,OPTIMAL,OPTIMAL,OPTIMAL,OPTIMAL
MAN1B1,OPTIMAL,OPTIMAL,OPTIMAL,OPTIMAL
SSNA1,INFEASIBLE,INFEASIBLE,OPTIMAL,INFEASIBLE
TPRN,INFEASIBLE,OPTIMAL,OPTIMAL,OPTIMAL
TMEM203,OPTIMAL,OPTIMAL,OPTIMAL,OPTIMAL
NDOR1,OPTIMAL,OPTIMAL,OPTIMAL,OPTIMAL
TUBB4B,INFEASIBLE,OPTIMAL,OPTIMAL,OPTIMAL
NELFB,INFEASIBLE,OPTIMAL,OPTIMAL,INFEASIBLE
NRARP,OPTIMAL,OPTIMAL,OPTIMAL,OPTIMAL
EXD3,OPTIMAL,OPTIMAL,OPTIMAL,OPTIMAL
NOXA1,OPTIMAL,OPTIMAL,OPTIMAL,OPTIMAL
NSMF,OPTIMAL,OPTIMAL,OPTIMAL,OPTIMAL
MRPL41,INFEASIBLE,INFEASIBLE,INFEASIBLE,INFEASIBLE
DPH7,OPTIMAL,OPTIMAL,OPTIMAL,OPTIMAL
ZMYND19,INFEASIBLE,OPTIMAL,OPTIMAL,OPTIMAL
ARRDC1,OPTIMAL,OPTIMAL,OPTIMAL,OPTIMAL
EHMT1,INFEASIBLE,OPTIMAL,OPTIMAL,INFEASIBLE
ZMYND11,OPTIMAL,OPTIMAL,OPTIMAL,OPTIMAL
DIP2C,INFEASIBLE,OPTIMAL,OPTIMAL,INFEASIBLE
LARP4B,INFEASIBLE,INFEASIBLE,OPTIMAL,INFEASIBLE
GTPBP4,INFEASIBLE,INFEASIBLE,OPTIMAL,INFEASIBLE
IDI1,INFEASIBLE,OPTIMAL,INFEASIBLE,OPTIMAL
WDR37,INFEASIBLE,OPTIMAL,OPTIMAL,INFEASIBLE
PFKP,INFEASIBLE,OPTIMAL,OPTIMAL,INFEASIBLE
PITRM1,INFEASIBLE,OPTIMAL,OPTIMAL,INFEASIBLE
KLF6,INFEASIBLE,OPTIMAL,OPTIMAL,INFEASIBLE
NET1,INFEASIBLE,OPTIMAL,OPTIMAL,INFEASIBLE
ASB13,OPTIMAL,OPTIMAL,OPTIMAL,OPTIMAL
TASOR2,INFEASIBLE,INFEASIBLE,OPTIMAL,INFEASIBLE
GDI2,INFEASIBLE,INFEASIBLE,INFEASIBLE,INFEASIBLE
ANKRD16,OPTIMAL,OPTIMAL,OPTIMAL,OPTIMAL
FBH1,OPTIMAL,OPTIMAL,OPTIMAL,OPTIMAL
IL2RA,OPTIMAL,OPTIMAL,OPTIMAL,OPTIMAL
RBM17,INFEASIBLE,OPTIMAL,OPTIMAL,INFEASIBLE
PFKFB3,OPTIMAL,INFEASIBLE,OPTIMAL,OPTIMAL
PRKCQ,INFEASIBLE,OPTIMAL,OPTIMAL,INFEASIBLE
SFMBT2,INFEASIBLE,INFEASIBLE,INFEASIBLE,INFEASIBLE
KIN,OPTIMAL,INFEASIBLE,OPTIMAL,OPTIMAL
ATP5F1C,INFEASIBLE,OPTIMAL,OPTIMAL,INFEASIBLE
TAF3,INFEASIBLE,OPTIMAL,OPTIMAL,OPTIMAL
GATA3,INFEASIBLE,OPTIMAL,OPTIMAL,OPTIMAL
CELF2,OPTIMAL,OPTIMAL,OPTIMAL,OPTIMAL
USP6NL,OPTIMAL,OPTIMAL,OPTIMAL,OPTIMAL
PROSER2,OPTIMAL,INFEASIBLE,OPTIMAL,OPTIMAL
UPF2,INFEASIBLE,OPTIMAL,OPTIMAL,OPTIMAL
DHTKD1,INFEASIBLE,OPTIMAL,OPTIMAL,INFEASIBLE
SEC61A2,OPTIMAL,OPTIMAL,OPTIMAL,OPTIMAL
NUDT5,INFEASIBLE,INFEASIBLE,OPTIMAL,OPTIMAL
CDC123,INFEASIBLE,INFEASIBLE,OPTIMAL,OPTIMAL
CAMK1D,OPTIMAL,OPTIMAL,OPTIMAL,INFEASIBLE
CCDC3,OPTIMAL,OPTIMAL,OPTIMAL,INFEASIBLE
OPTN,INFEASIBLE,OPTIMAL,INFEASIBLE,OPTIMAL
MCM10,INFEASIBLE,OPTIMAL,OPTIMAL,INFEASIBLE
PHYH,INFEASIBLE,OPTIMAL,OPTIMAL,INFEASIBLE
SEPHS1,INFEASIBLE,OPTIMAL,OPTIMAL,INFEASIBLE
BEND7,OPTIMAL,OPTIMAL,OPTIMAL,OPTIMAL
PRPF18,INFEASIBLE,INFEASIBLE,OPTIMAL,INFEASIBLE
FRMD4A,OPTIMAL,OPTIMAL,OPTIMAL,OPTIMAL
FAM107B,OPTIMAL,OPTIMAL,OPTIMAL,OPTIMAL
MSANTD7,INFEASIBLE,INFEASIBLE,OPTIMAL,INFEASIBLE
HSPA14,INFEASIBLE,OPTIMAL,OPTIMAL,OPTIMAL
SUV39H2,INFEASIBLE,OPTIMAL,OPTIMAL,INFEASIBLE
DCLRE1C,INFEASIBLE,OPTIMAL,INFEASIBLE,INFEASIBLE
RPP38,INFEASIBLE,OPTIMAL,OPTIMAL,INFEASIBLE
NMT2,INFEASIBLE,OPTIMAL,OPTIMAL,OPTIMAL
FAM171A1,INFEASIBLE,OPTIMAL,OPTIMAL,OPTIMAL
ITGA8,OPTIMAL,OPTIMAL,OPTIMAL,OPTIMAL
MINDY3,INFEASIBLE,INFEASIBLE,OPTIMAL,OPTIMAL
PTER,INFEASIBLE,OPTIMAL,OPTIMAL,OPTIMAL
RSU1,INFEASIBLE,OPTIMAL,OPTIMAL,INFEASIBLE
TRDMT1,INFEASIBLE,OPTIMAL,OPTIMAL,INFEASIBLE
VIM,INFEASIBLE,OPTIMAL,INFEASIBLE,INFEASIBLE
HACD1,INFEASIBLE,OPTIMAL,OPTIMAL,OPTIMAL
STAM,INFEASIBLE,OPTIMAL,OPTIMAL,OPTIMAL
CACNB2,OPTIMAL,OPTIMAL,OPTIMAL,OPTIMAL
NSUN6,INFEASIBLE,OPTIMAL,OPTIMAL,INFEASIBLE
ARL5B,INFEASIBLE,OPTIMAL,OPTIMAL,INFEASIBLE
PLXDC2,INFEASIBLE,INFEASIBLE,OPTIMAL,OPTIMAL
NEBL,OPTIMAL,OPTIMAL,OPTIMAL,OPTIMAL
SKIDA1,INFEASIBLE,OPTIMAL,OPTIMAL,INFEASIBLE
MLLT10,INFEASIBLE,OPTIMAL,OPTIMAL,INFEASIBLE
DNAJC1,INFEASIBLE,OPTIMAL,OPTIMAL,INFEASIBLE
COMMD3,INFEASIBLE,OPTIMAL,INFEASIBLE,INFEASIBLE
BMI1,OPTIMAL,OPTIMAL,OPTIMAL,OPTIMAL
PIP4K2A,INFEASIBLE,OPTIMAL,OPTIMAL,OPTIMAL
ARMC3,OPTIMAL,OPTIMAL,OPTIMAL,OPTIMAL
MSRB2,INFEASIBLE,INFEASIBLE,OPTIMAL,INFEASIBLE
KIAA1217,INFEASIBLE,OPTIMAL,OPTIMAL,OPTIMAL
ARHGAP21,INFEASIBLE,OPTIMAL,OPTIMAL,INFEASIBLE
PRTFDC1,INFEASIBLE,OPTIMAL,OPTIMAL,INFEASIBLE
THNSL1,INFEASIBLE,OPTIMAL,OPTIMAL,INFEASIBLE
MYO3A,INFEASIBLE,OPTIMAL,OPTIMAL,INFEASIBLE
PDSS1,INFEASIBLE,OPTIMAL,OPTIMAL,INFEASIBLE
ABI1,INFEASIBLE,OPTIMAL,OPTIMAL,OPTIMAL
ANKRD26,INFEASIBLE,OPTIMAL,OPTIMAL,INFEASIBLE
YME1L1,INFEASIBLE,OPTIMAL,OPTIMAL,OPTIMAL
MASTL,INFEASIBLE,OPTIMAL,INFEASIBLE,OPTIMAL
ACBD5,INFEASIBLE,OPTIMAL,OPTIMAL,OPTIMAL
RAB18,INFEASIBLE,OPTIMAL,OPTIMAL,OPTIMAL
MKX,OPTIMAL,OPTIMAL,OPTIMAL,OPTIMAL
ODAD2,OPTIMAL,OPTIMAL,OPTIMAL,OPTIMAL
MPP7,INFEASIBLE,OPTIMAL,OPTIMAL,OPTIMAL
WAC,INFEASIBLE,OPTIMAL,OPTIMAL,INFEASIBLE
BAMBI,OPTIMAL,OPTIMAL,OPTIMAL,OPTIMAL
SVIL,INFEASIBLE,INFEASIBLE,OPTIMAL,INFEASIBLE
JCAD,OPTIMAL,OPTIMAL,OPTIMAL,OPTIMAL
MTPAP,INFEASIBLE,OPTIMAL,OPTIMAL,INFEASIBLE
MAP3K8,OPTIMAL,OPTIMAL,OPTIMAL,OPTIMAL
ZNF438,INFEASIBLE,OPTIMAL,OPTIMAL,INFEASIBLE
ZEB1,INFEASIBLE,OPTIMAL,OPTIMAL,OPTIMAL
ARHGAP12,INFEASIBLE,OPTIMAL,INFEASIBLE,OPTIMAL
KIF5B,INFEASIBLE,INFEASIBLE,OPTIMAL,INFEASIBLE
EPC1,OPTIMAL,OPTIMAL,OPTIMAL,INFEASIBLE
CCDC7,INFEASIBLE,INFEASIBLE,OPTIMAL,OPTIMAL
ITGB1,INFEASIBLE,OPTIMAL,OPTIMAL,INFEASIBLE
NRP1,OPTIMAL,OPTIMAL,OPTIMAL,OPTIMAL
PARD3,INFEASIBLE,OPTIMAL,OPTIMAL,INFEASIBLE
CUL2,INFEASIBLE,OPTIMAL,OPTIMAL,OPTIMAL
CREM,INFEASIBLE,OPTIMAL,OPTIMAL,INFEASIBLE
CCNY,INFEASIBLE,OPTIMAL,OPTIMAL,INFEASIBLE
FZD8,OPTIMAL,OPTIMAL,OPTIMAL,OPTIMAL
ZNF248,OPTIMAL,OPTIMAL,OPTIMAL,OPTIMAL
ZNF33A,INFEASIBLE,OPTIMAL,OPTIMAL,INFEASIBLE
ZNF37A,INFEASIBLE,OPTIMAL,OPTIMAL,OPTIMAL
ZNF33B,INFEASIBLE,OPTIMAL,OPTIMAL,INFEASIBLE
BMS1,INFEASIBLE,OPTIMAL,OPTIMAL,INFEASIBLE
CSGALNACT2,OPTIMAL,OPTIMAL,OPTIMAL,OPTIMAL
HNRNPF,INFEASIBLE,OPTIMAL,OPTIMAL,OPTIMAL
ZNF239,OPTIMAL,OPTIMAL,OPTIMAL,OPTIMAL
ZNF485,OPTIMAL,INFEASIBLE,OPTIMAL,OPTIMAL
ZNF32,OPTIMAL,OPTIMAL,OPTIMAL,OPTIMAL
ZNF22,INFEASIBLE,INFEASIBLE,OPTIMAL,INFEASIBLE
MARCHF8,OPTIMAL,OPTIMAL,OPTIMAL,OPTIMAL
ZFAND4,OPTIMAL,OPTIMAL,OPTIMAL,OPTIMAL
WASHC2C,OPTIMAL,OPTIMAL,OPTIMAL,OPTIMAL
TIMM23,OPTIMAL,INFEASIBLE,OPTIMAL,OPTIMAL
NCOA4,INFEASIBLE,OPTIMAL,OPTIMAL,OPTIMAL
FAM25G,OPTIMAL,OPTIMAL,OPTIMAL,INFEASIBLE
MAPK8,INFEASIBLE,OPTIMAL,OPTIMAL,INFEASIBLE
ARHGAP22,INFEASIBLE,OPTIMAL,OPTIMAL,OPTIMAL
ERCC6,INFEASIBLE,OPTIMAL,OPTIMAL,OPTIMAL
PARG,INFEASIBLE,OPTIMAL,OPTIMAL,INFEASIBLE
TIMM23B,OPTIMAL,OPTIMAL,OPTIMAL,OPTIMAL
AGAP6,INFEASIBLE,OPTIMAL,OPTIMAL,INFEASIBLE
WASHC2A,OPTIMAL,OPTIMAL,OPTIMAL,OPTIMAL
SGMS1,INFEASIBLE,OPTIMAL,OPTIMAL,INFEASIBLE
PRKG1,INFEASIBLE,OPTIMAL,OPTIMAL,INFEASIBLE
CSTF2T,INFEASIBLE,OPTIMAL,OPTIMAL,INFEASIBLE
PCDH15,OPTIMAL,OPTIMAL,OPTIMAL,OPTIMAL
ZWINT,INFEASIBLE,OPTIMAL,OPTIMAL,INFEASIBLE
IPMK,INFEASIBLE,INFEASIBLE,OPTIMAL,OPTIMAL
CISD1,INFEASIBLE,INFEASIBLE,OPTIMAL,INFEASIBLE
UBE2D1,OPTIMAL,OPTIMAL,OPTIMAL,OPTIMAL
TFAM,INFEASIBLE,INFEASIBLE,OPTIMAL,INFEASIBLE
BICC1,INFEASIBLE,OPTIMAL,OPTIMAL,OPTIMAL
FAM13C,OPTIMAL,OPTIMAL,OPTIMAL,OPTIMAL
SLC16A9,OPTIMAL,OPTIMAL,OPTIMAL,OPTIMAL
CCDC6,INFEASIBLE,OPTIMAL,OPTIMAL,OPTIMAL
ANK3,INFEASIBLE,OPTIMAL,OPTIMAL,OPTIMAL
CDK1,INFEASIBLE,OPTIMAL,INFEASIBLE,INFEASIBLE
RHOBTB1,OPTIMAL,OPTIMAL,OPTIMAL,OPTIMAL
ARID5B,INFEASIBLE,OPTIMAL,OPTIMAL,INFEASIBLE
RTKN2,INFEASIBLE,OPTIMAL,OPTIMAL,OPTIMAL
ADO,OPTIMAL,OPTIMAL,OPTIMAL,OPTIMAL
NRBF2,OPTIMAL,OPTIMAL,OPTIMAL,OPTIMAL
JMJD1C,INFEASIBLE,INFEASIBLE,OPTIMAL,INFEASIBLE
REEP3,INFEASIBLE,INFEASIBLE,OPTIMAL,INFEASIBLE
CTNNA3,OPTIMAL,OPTIMAL,OPTIMAL,OPTIMAL
DNAJC12,OPTIMAL,OPTIMAL,OPTIMAL,OPTIMAL
SIRT1,INFEASIBLE,OPTIMAL,OPTIMAL,OPTIMAL
HERC4,INFEASIBLE,INFEASIBLE,OPTIMAL,INFEASIBLE
PBLD,OPTIMAL,OPTIMAL,OPTIMAL,OPTIMAL
HNRNPH3,INFEASIBLE,INFEASIBLE,OPTIMAL,INFEASIBLE
RUFY2,INFEASIBLE,INFEASIBLE,OPTIMAL,INFEASIBLE
DNA2,INFEASIBLE,OPTIMAL,OPTIMAL,INFEASIBLE
SLC25A16,INFEASIBLE,INFEASIBLE,OPTIMAL,INFEASIBLE
TET1,INFEASIBLE,OPTIMAL,OPTIMAL,INFEASIBLE
CCAR1,INFEASIBLE,INFEASIBLE,OPTIMAL,INFEASIBLE
STOX1,OPTIMAL,INFEASIBLE,OPTIMAL,OPTIMAL
DDX50,INFEASIBLE,OPTIMAL,OPTIMAL,INFEASIBLE
DDX21,INFEASIBLE,OPTIMAL,OPTIMAL,INFEASIBLE
KIFBP,OPTIMAL,OPTIMAL,OPTIMAL,OPTIMAL
VPS26A,INFEASIBLE,INFEASIBLE,OPTIMAL,INFEASIBLE
SUPV3L1,INFEASIBLE,OPTIMAL,OPTIMAL,OPTIMAL
HK1,INFEASIBLE,OPTIMAL,OPTIMAL,OPTIMAL
TSPAN15,OPTIMAL,OPTIMAL,OPTIMAL,OPTIMAL
FAM241B,INFEASIBLE,OPTIMAL,OPTIMAL,OPTIMAL
MACROH2A2,OPTIMAL,OPTIMAL,OPTIMAL,OPTIMAL
TYSND1,OPTIMAL,OPTIMAL,OPTIMAL,OPTIMAL
SAR1A,INFEASIBLE,OPTIMAL,OPTIMAL,INFEASIBLE
PPA1,INFEASIBLE,OPTIMAL,OPTIMAL,INFEASIBLE
LRRC20,INFEASIBLE,OPTIMAL,OPTIMAL,OPTIMAL
EIF4EBP2,INFEASIBLE,INFEASIBLE,OPTIMAL,INFEASIBLE
PALD1,INFEASIBLE,OPTIMAL,INFEASIBLE,OPTIMAL
SGPL1,INFEASIBLE,OPTIMAL,OPTIMAL,OPTIMAL
PCBD1,INFEASIBLE,OPTIMAL,INFEASIBLE,INFEASIBLE
UNC5B,OPTIMAL,OPTIMAL,OPTIMAL,OPTIMAL
PSAP,OPTIMAL,INFEASIBLE,OPTIMAL,OPTIMAL
CHST3,INFEASIBLE,INFEASIBLE,OPTIMAL,OPTIMAL
ASCC1,INFEASIBLE,OPTIMAL,OPTIMAL,INFEASIBLE
ANAPC16,INFEASIBLE,INFEASIBLE,OPTIMAL,INFEASIBLE
DDIT4,OPTIMAL,INFEASIBLE,OPTIMAL,OPTIMAL
DNAJB12,OPTIMAL,OPTIMAL,OPTIMAL,OPTIMAL
MICU1,INFEASIBLE,OPTIMAL,OPTIMAL,INFEASIBLE
MCU,INFEASIBLE,OPTIMAL,OPTIMAL,INFEASIBLE
P4HA1,INFEASIBLE,INFEASIBLE,OPTIMAL,INFEASIBLE
NUDT13,INFEASIBLE,OPTIMAL,OPTIMAL,INFEASIBLE
ECD,OPTIMAL,OPTIMAL,OPTIMAL,OPTIMAL
FAM149B1,OPTIMAL,OPTIMAL,OPTIMAL,OPTIMAL
DNAJC9,INFEASIBLE,INFEASIBLE,OPTIMAL,OPTIMAL
MRPS16,INFEASIBLE,INFEASIBLE,OPTIMAL,INFEASIBLE
ANXA7,INFEASIBLE,INFEASIBLE,OPTIMAL,INFEASIBLE
PPP3CB,INFEASIBLE,OPTIMAL,OPTIMAL,OPTIMAL
USP54,INFEASIBLE,INFEASIBLE,OPTIMAL,OPTIMAL
SEC24C,OPTIMAL,OPTIMAL,OPTIMAL,OPTIMAL
FUT11,INFEASIBLE,OPTIMAL,OPTIMAL,INFEASIBLE
CHCHD1,INFEASIBLE,OPTIMAL,OPTIMAL,INFEASIBLE
ZSWIM8,OPTIMAL,OPTIMAL,OPTIMAL,OPTIMAL
NDST2,OPTIMAL,OPTIMAL,OPTIMAL,OPTIMAL
CAMK2G,OPTIMAL,OPTIMAL,OPTIMAL,OPTIMAL
VCL,INFEASIBLE,INFEASIBLE,OPTIMAL,OPTIMAL
AP3M1,OPTIMAL,OPTIMAL,OPTIMAL,INFEASIBLE
ADK,INFEASIBLE,OPTIMAL,OPTIMAL,INFEASIBLE
KAT6B,INFEASIBLE,OPTIMAL,OPTIMAL,INFEASIBLE
SAMD8,INFEASIBLE,OPTIMAL,OPTIMAL,INFEASIBLE
VDAC2,INFEASIBLE,OPTIMAL,OPTIMAL,INFEASIBLE
COMTD1,INFEASIBLE,INFEASIBLE,INFEASIBLE,INFEASIBLE
ZNF503,INFEASIBLE,OPTIMAL,OPTIMAL,INFEASIBLE
LRMDA,OPTIMAL,OPTIMAL,OPTIMAL,OPTIMAL
DLG5,INFEASIBLE,OPTIMAL,OPTIMAL,OPTIMAL
POLR3A,INFEASIBLE,INFEASIBLE,OPTIMAL,INFEASIBLE
RPS24,INFEASIBLE,INFEASIBLE,OPTIMAL,INFEASIBLE
ZMIZ1,INFEASIBLE,OPTIMAL,OPTIMAL,OPTIMAL
PPIF,INFEASIBLE,OPTIMAL,OPTIMAL,INFEASIBLE
ZCCHC24,OPTIMAL,OPTIMAL,OPTIMAL,OPTIMAL
EIF5AL1,INFEASIBLE,OPTIMAL,INFEASIBLE,INFEASIBLE
TMEM254,OPTIMAL,OPTIMAL,OPTIMAL,OPTIMAL
ANXA11,INFEASIBLE,OPTIMAL,OPTIMAL,OPTIMAL
PRXL2A,INFEASIBLE,OPTIMAL,OPTIMAL,INFEASIBLE
TSPAN14,OPTIMAL,OPTIMAL,OPTIMAL,INFEASIBLE
GHITM,INFEASIBLE,OPTIMAL,OPTIMAL,OPTIMAL
CCSER2,INFEASIBLE,OPTIMAL,OPTIMAL,INFEASIBLE
GRID1,INFEASIBLE,INFEASIBLE,OPTIMAL,OPTIMAL
WAPL,INFEASIBLE,OPTIMAL,OPTIMAL,OPTIMAL
BMPR1A,INFEASIBLE,OPTIMAL,OPTIMAL,INFEASIBLE
GLUD1,INFEASIBLE,INFEASIBLE,OPTIMAL,INFEASIBLE
SHLD2,INFEASIBLE,INFEASIBLE,OPTIMAL,OPTIMAL
MINPP1,OPTIMAL,INFEASIBLE,OPTIMAL,OPTIMAL
PAPSS2,OPTIMAL,OPTIMAL,OPTIMAL,OPTIMAL
ATAD1,OPTIMAL,INFEASIBLE,OPTIMAL,OPTIMAL
PTEN,INFEASIBLE,OPTIMAL,OPTIMAL,INFEASIBLE
STAMBPL1,INFEASIBLE,OPTIMAL,OPTIMAL,INFEASIBLE
LIPA,OPTIMAL,OPTIMAL,OPTIMAL,OPTIMAL
IFIT5,INFEASIBLE,OPTIMAL,OPTIMAL,OPTIMAL
PANK1,OPTIMAL,INFEASIBLE,OPTIMAL,OPTIMAL
KIF20B,INFEASIBLE,OPTIMAL,OPTIMAL,INFEASIBLE
RPP30,INFEASIBLE,OPTIMAL,OPTIMAL,INFEASIBLE
PCGF5,INFEASIBLE,OPTIMAL,OPTIMAL,OPTIMAL
HECTD2,INFEASIBLE,OPTIMAL,OPTIMAL,INFEASIBLE
TNKS2,OPTIMAL,INFEASIBLE,OPTIMAL,OPTIMAL
BTAF1,INFEASIBLE,OPTIMAL,OPTIMAL,INFEASIBLE
CPEB3,INFEASIBLE,OPTIMAL,OPTIMAL,INFEASIBLE
MARCHF5,OPTIMAL,OPTIMAL,OPTIMAL,OPTIMAL
IDE,INFEASIBLE,INFEASIBLE,OPTIMAL,INFEASIBLE
KIF11,INFEASIBLE,INFEASIBLE,OPTIMAL,INFEASIBLE
EXOC6,OPTIMAL,INFEASIBLE,OPTIMAL,OPTIMAL
CEP55,OPTIMAL,OPTIMAL,OPTIMAL,OPTIMAL
FRA10AC1,INFEASIBLE,OPTIMAL,OPTIMAL,OPTIMAL
SLC35G1,INFEASIBLE,OPTIMAL,OPTIMAL,OPTIMAL
PLCE1,OPTIMAL,OPTIMAL,OPTIMAL,OPTIMAL
NOC3L,OPTIMAL,OPTIMAL,OPTIMAL,OPTIMAL
TBC1D12,INFEASIBLE,INFEASIBLE,OPTIMAL,INFEASIBLE
HELLS,INFEASIBLE,INFEASIBLE,INFEASIBLE,INFEASIBLE
PDLIM1,INFEASIBLE,INFEASIBLE,OPTIMAL,OPTIMAL
SORBS1,OPTIMAL,OPTIMAL,OPTIMAL,OPTIMAL
ALDH18A1,INFEASIBLE,OPTIMAL,OPTIMAL,OPTIMAL
TCTN3,INFEASIBLE,INFEASIBLE,OPTIMAL,OPTIMAL
CCNJ,OPTIMAL,OPTIMAL,OPTIMAL,OPTIMAL
ZNF518A,INFEASIBLE,OPTIMAL,OPTIMAL,INFEASIBLE
TM9SF3,INFEASIBLE,INFEASIBLE,OPTIMAL,INFEASIBLE
PIK3AP1,OPTIMAL,OPTIMAL,OPTIMAL,OPTIMAL
LCOR,INFEASIBLE,OPTIMAL,OPTIMAL,INFEASIBLE
ARHGAP19,INFEASIBLE,OPTIMAL,OPTIMAL,INFEASIBLE
FRAT2,OPTIMAL,OPTIMAL,OPTIMAL,OPTIMAL
RRP12,INFEASIBLE,OPTIMAL,OPTIMAL,INFEASIBLE
PGAM1,INFEASIBLE,OPTIMAL,OPTIMAL,INFEASIBLE
EXOSC1,INFEASIBLE,OPTIMAL,OPTIMAL,INFEASIBLE
ZDHHC16,INFEASIBLE,OPTIMAL,OPTIMAL,OPTIMAL
MMS19,INFEASIBLE,INFEASIBLE,OPTIMAL,INFEASIBLE
UBTD1,OPTIMAL,OPTIMAL,OPTIMAL,OPTIMAL
MORN4,INFEASIBLE,OPTIMAL,OPTIMAL,OPTIMAL
PI4K2A,INFEASIBLE,OPTIMAL,OPTIMAL,OPTIMAL
AVPI1,INFEASIBLE,OPTIMAL,OPTIMAL,INFEASIBLE
MARVELD1,OPTIMAL,OPTIMAL,OPTIMAL,OPTIMAL
ZFYVE27,INFEASIBLE,OPTIMAL,OPTIMAL,INFEASIBLE
R3HCC1L,OPTIMAL,INFEASIBLE,OPTIMAL,OPTIMAL
HPS1,INFEASIBLE,OPTIMAL,OPTIMAL,OPTIMAL
CNNM1,OPTIMAL,OPTIMAL,OPTIMAL,INFEASIBLE
GOT1,INFEASIBLE,OPTIMAL,OPTIMAL,INFEASIBLE
SLC25A28,OPTIMAL,OPTIMAL,OPTIMAL,OPTIMAL
ENTPD7,INFEASIBLE,OPTIMAL,OPTIMAL,INFEASIBLE
CUTC,OPTIMAL,OPTIMAL,OPTIMAL,OPTIMAL
COX15,INFEASIBLE,OPTIMAL,OPTIMAL,OPTIMAL
DNMBP,INFEASIBLE,OPTIMAL,OPTIMAL,OPTIMAL
ERLIN1,OPTIMAL,OPTIMAL,OPTIMAL,OPTIMAL
CHUK,INFEASIBLE,OPTIMAL,OPTIMAL,INFEASIBLE
CWF19L1,INFEASIBLE,INFEASIBLE,OPTIMAL,INFEASIBLE
BLOC1S2,INFEASIBLE,OPTIMAL,OPTIMAL,INFEASIBLE
SCD,INFEASIBLE,INFEASIBLE,OPTIMAL,INFEASIBLE
NDUFB8,INFEASIBLE,INFEASIBLE,OPTIMAL,INFEASIBLE
HIF1AN,INFEASIBLE,OPTIMAL,OPTIMAL,INFEASIBLE
SLF2,INFEASIBLE,OPTIMAL,OPTIMAL,INFEASIBLE
MRPL43,INFEASIBLE,OPTIMAL,OPTIMAL,INFEASIBLE
TWNK,OPTIMAL,OPTIMAL,OPTIMAL,OPTIMAL
LZTS2,OPTIMAL,OPTIMAL,OPTIMAL,OPTIMAL
BTRC,INFEASIBLE,OPTIMAL,OPTIMAL,INFEASIBLE
DPCD,OPTIMAL,OPTIMAL,OPTIMAL,OPTIMAL
POLL,OPTIMAL,INFEASIBLE,OPTIMAL,OPTIMAL
FBXW4,INFEASIBLE,OPTIMAL,INFEASIBLE,OPTIMAL
NPM3,INFEASIBLE,OPTIMAL,OPTIMAL,OPTIMAL
OGA,INFEASIBLE,OPTIMAL,OPTIMAL,INFEASIBLE
ARMH3,INFEASIBLE,OPTIMAL,OPTIMAL,INFEASIBLE
HPS6,OPTIMAL,INFEASIBLE,OPTIMAL,OPTIMAL
LDB1,OPTIMAL,OPTIMAL,OPTIMAL,OPTIMAL
PPRC1,INFEASIBLE,OPTIMAL,OPTIMAL,OPTIMAL
NOLC1,INFEASIBLE,OPTIMAL,OPTIMAL,INFEASIBLE
GBF1,INFEASIBLE,OPTIMAL,OPTIMAL,OPTIMAL
FBXL15,INFEASIBLE,OPTIMAL,OPTIMAL,INFEASIBLE
CUEDC2,INFEASIBLE,OPTIMAL,OPTIMAL,INFEASIBLE
C10orf95,INFEASIBLE,OPTIMAL,OPTIMAL,INFEASIBLE
MFSD13A,INFEASIBLE,OPTIMAL,OPTIMAL,OPTIMAL
ACTR1A,INFEASIBLE,OPTIMAL,OPTIMAL,INFEASIBLE
SUFU,INFEASIBLE,OPTIMAL,OPTIMAL,OPTIMAL
TRIM8,OPTIMAL,OPTIMAL,OPTIMAL,OPTIMAL
ARL3,INFEASIBLE,OPTIMAL,OPTIMAL,INFEASIBLE
SFXN2,INFEASIBLE,OPTIMAL,OPTIMAL,INFEASIBLE
WBP1L,INFEASIBLE,OPTIMAL,OPTIMAL,INFEASIBLE
BORCS7,INFEASIBLE,OPTIMAL,OPTIMAL,INFEASIBLE
AS3MT,OPTIMAL,OPTIMAL,OPTIMAL,OPTIMAL
CNNM2,INFEASIBLE,INFEASIBLE,OPTIMAL,INFEASIBLE
NT5C2,OPTIMAL,OPTIMAL,OPTIMAL,OPTIMAL
PCGF6,INFEASIBLE,INFEASIBLE,OPTIMAL,OPTIMAL
TAF5,OPTIMAL,INFEASIBLE,OPTIMAL,OPTIMAL
ATP5MK,INFEASIBLE,INFEASIBLE,INFEASIBLE,INFEASIBLE
PDCD11,INFEASIBLE,INFEASIBLE,OPTIMAL,OPTIMAL
SH3PXD2A,INFEASIBLE,OPTIMAL,OPTIMAL,INFEASIBLE
STN1,OPTIMAL,OPTIMAL,OPTIMAL,OPTIMAL
SLK,OPTIMAL,OPTIMAL,OPTIMAL,OPTIMAL
SFR1,INFEASIBLE,INFEASIBLE,OPTIMAL,OPTIMAL
GSTO1,INFEASIBLE,OPTIMAL,OPTIMAL,INFEASIBLE
GSTO2,INFEASIBLE,OPTIMAL,OPTIMAL,INFEASIBLE
XPNPEP1,INFEASIBLE,OPTIMAL,INFEASIBLE,OPTIMAL
ADD3,INFEASIBLE,OPTIMAL,OPTIMAL,INFEASIBLE
MXI1,OPTIMAL,OPTIMAL,OPTIMAL,OPTIMAL
SMNDC1,INFEASIBLE,OPTIMAL,OPTIMAL,INFEASIBLE
SMC3,INFEASIBLE,OPTIMAL,OPTIMAL,INFEASIBLE
RBM20,INFEASIBLE,INFEASIBLE,OPTIMAL,INFEASIBLE
PDCD4,INFEASIBLE,OPTIMAL,OPTIMAL,INFEASIBLE
BBIP1,INFEASIBLE,OPTIMAL,OPTIMAL,OPTIMAL
SHOC2,INFEASIBLE,OPTIMAL,OPTIMAL,INFEASIBLE
GPAM,INFEASIBLE,OPTIMAL,OPTIMAL,OPTIMAL
ZDHHC6,INFEASIBLE,OPTIMAL,INFEASIBLE,INFEASIBLE
VTI1A,INFEASIBLE,INFEASIBLE,OPTIMAL,INFEASIBLE
TCF7L2,INFEASIBLE,OPTIMAL,OPTIMAL,INFEASIBLE
CASP7,INFEASIBLE,INFEASIBLE,OPTIMAL,INFEASIBLE
DCLRE1A,OPTIMAL,INFEASIBLE,OPTIMAL,OPTIMAL
NHLRC2,INFEASIBLE,OPTIMAL,OPTIMAL,INFEASIBLE
CCDC186,INFEASIBLE,OPTIMAL,OPTIMAL,INFEASIBLE
ABLIM1,INFEASIBLE,OPTIMAL,OPTIMAL,OPTIMAL
FHIP2A,OPTIMAL,INFEASIBLE,OPTIMAL,OPTIMAL
TRUB1,INFEASIBLE,OPTIMAL,OPTIMAL,INFEASIBLE
ATRNL1,INFEASIBLE,OPTIMAL,OPTIMAL,INFEASIBLE
HSPA12A,INFEASIBLE,OPTIMAL,OPTIMAL,OPTIMAL
SHTN1,INFEASIBLE,OPTIMAL,OPTIMAL,INFEASIBLE
PDZD8,INFEASIBLE,INFEASIBLE,OPTIMAL,OPTIMAL
EMX2,OPTIMAL,OPTIMAL,OPTIMAL,OPTIMAL
RAB11FIP2,INFEASIBLE,INFEASIBLE,OPTIMAL,OPTIMAL
FAM204A,INFEASIBLE,INFEASIBLE,OPTIMAL,INFEASIBLE
CACUL1,INFEASIBLE,OPTIMAL,OPTIMAL,INFEASIBLE
NANOS1,OPTIMAL,OPTIMAL,OPTIMAL,OPTIMAL
EIF3A,INFEASIBLE,OPTIMAL,OPTIMAL,INFEASIBLE
DENND10,INFEASIBLE,OPTIMAL,OPTIMAL,OPTIMAL
SFXN4,INFEASIBLE,INFEASIBLE,OPTIMAL,INFEASIBLE
PRDX3,INFEASIBLE,OPTIMAL,OPTIMAL,INFEASIBLE
GRK5,INFEASIBLE,OPTIMAL,OPTIMAL,OPTIMAL
RGS10,INFEASIBLE,OPTIMAL,OPTIMAL,INFEASIBLE
TIAL1,INFEASIBLE,OPTIMAL,INFEASIBLE,INFEASIBLE
BAG3,OPTIMAL,OPTIMAL,OPTIMAL,OPTIMAL
INPP5F,OPTIMAL,OPTIMAL,OPTIMAL,OPTIMAL
MCMBP,INFEASIBLE,OPTIMAL,OPTIMAL,INFEASIBLE
SEC23IP,INFEASIBLE,OPTIMAL,OPTIMAL,INFEASIBLE
PLPP4,OPTIMAL,OPTIMAL,OPTIMAL,OPTIMAL
WDR11,INFEASIBLE,INFEASIBLE,OPTIMAL,OPTIMAL
FGFR2,OPTIMAL,OPTIMAL,OPTIMAL,OPTIMAL
ATE1,INFEASIBLE,OPTIMAL,OPTIMAL,INFEASIBLE
NSMCE4A,INFEASIBLE,OPTIMAL,OPTIMAL,INFEASIBLE
TACC2,OPTIMAL,OPTIMAL,OPTIMAL,OPTIMAL
PLEKHA1,INFEASIBLE,OPTIMAL,OPTIMAL,OPTIMAL
C10orf88,OPTIMAL,OPTIMAL,OPTIMAL,OPTIMAL
PSTK,OPTIMAL,OPTIMAL,OPTIMAL,INFEASIBLE
IKZF5,INFEASIBLE,INFEASIBLE,OPTIMAL,OPTIMAL
ACADSB,OPTIMAL,OPTIMAL,OPTIMAL,OPTIMAL
BUB3,INFEASIBLE,OPTIMAL,OPTIMAL,INFEASIBLE
CHST15,OPTIMAL,OPTIMAL,OPTIMAL,OPTIMAL
OAT,INFEASIBLE,OPTIMAL,OPTIMAL,OPTIMAL
LHPP,INFEASIBLE,OPTIMAL,OPTIMAL,INFEASIBLE
FAM53B,OPTIMAL,INFEASIBLE,OPTIMAL,OPTIMAL
EEF1AKMT2,INFEASIBLE,INFEASIBLE,OPTIMAL,INFEASIBLE
ABRAXAS2,INFEASIBLE,OPTIMAL,OPTIMAL,INFEASIBLE
ZRANB1,INFEASIBLE,OPTIMAL,OPTIMAL,INFEASIBLE
CTBP2,INFEASIBLE,OPTIMAL,OPTIMAL,INFEASIBLE
EDRF1,INFEASIBLE,OPTIMAL,OPTIMAL,INFEASIBLE
UROS,OPTIMAL,OPTIMAL,OPTIMAL,OPTIMAL
BCCIP,INFEASIBLE,OPTIMAL,OPTIMAL,OPTIMAL
DHX32,INFEASIBLE,OPTIMAL,OPTIMAL,OPTIMAL
DOCK1,INFEASIBLE,OPTIMAL,OPTIMAL,INFEASIBLE
MKI67,INFEASIBLE,INFEASIBLE,OPTIMAL,INFEASIBLE
EBF3,OPTIMAL,OPTIMAL,OPTIMAL,OPTIMAL
GLRX3,INFEASIBLE,OPTIMAL,OPTIMAL,INFEASIBLE
PPP2R2D,INFEASIBLE,OPTIMAL,OPTIMAL,INFEASIBLE
BNIP3,INFEASIBLE,INFEASIBLE,OPTIMAL,INFEASIBLE
STK32C,INFEASIBLE,INFEASIBLE,OPTIMAL,OPTIMAL
INPP5A,INFEASIBLE,OPTIMAL,OPTIMAL,INFEASIBLE
TUBGCP2,INFEASIBLE,OPTIMAL,OPTIMAL,INFEASIBLE
ZNF511,INFEASIBLE,INFEASIBLE,OPTIMAL,INFEASIBLE
FUOM,INFEASIBLE,INFEASIBLE,OPTIMAL,INFEASIBLE
ECHS1,INFEASIBLE,OPTIMAL,OPTIMAL,INFEASIBLE
MTG1,OPTIMAL,OPTIMAL,OPTIMAL,OPTIMAL
BET1L,INFEASIBLE,OPTIMAL,OPTIMAL,OPTIMAL
RIC8A,OPTIMAL,OPTIMAL,OPTIMAL,OPTIMAL
SIRT3,OPTIMAL,INFEASIBLE,OPTIMAL,OPTIMAL
PSMD13,INFEASIBLE,OPTIMAL,OPTIMAL,INFEASIBLE
IFITM2,INFEASIBLE,OPTIMAL,OPTIMAL,INFEASIBLE
IFITM1,INFEASIBLE,INFEASIBLE,OPTIMAL,OPTIMAL
SIGIRR,INFEASIBLE,OPTIMAL,OPTIMAL,OPTIMAL
PTDSS2,INFEASIBLE,OPTIMAL,OPTIMAL,OPTIMAL
RNH1,INFEASIBLE,INFEASIBLE,OPTIMAL,OPTIMAL
HRAS,INFEASIBLE,OPTIMAL,OPTIMAL,INFEASIBLE
RASSF7,OPTIMAL,OPTIMAL,OPTIMAL,OPTIMAL
PHRF1,INFEASIBLE,INFEASIBLE,OPTIMAL,INFEASIBLE
DEAF1,INFEASIBLE,INFEASIBLE,OPTIMAL,INFEASIBLE
TMEM80,OPTIMAL,INFEASIBLE,OPTIMAL,OPTIMAL
TALDO1,INFEASIBLE,INFEASIBLE,OPTIMAL,INFEASIBLE
GATD1,INFEASIBLE,OPTIMAL,OPTIMAL,OPTIMAL
SLC25A22,OPTIMAL,OPTIMAL,OPTIMAL,OPTIMAL
RPLP2,INFEASIBLE,INFEASIBLE,OPTIMAL,INFEASIBLE
PNPLA2,INFEASIBLE,OPTIMAL,OPTIMAL,INFEASIBLE
CD151,OPTIMAL,OPTIMAL,OPTIMAL,OPTIMAL
POLR2L,INFEASIBLE,OPTIMAL,OPTIMAL,INFEASIBLE
TSPAN4,OPTIMAL,OPTIMAL,OPTIMAL,OPTIMAL
CHID1,INFEASIBLE,OPTIMAL,OPTIMAL,INFEASIBLE
AP2A2,INFEASIBLE,OPTIMAL,OPTIMAL,OPTIMAL
TOLLIP,OPTIMAL,OPTIMAL,OPTIMAL,OPTIMAL
BRSK2,OPTIMAL,OPTIMAL,OPTIMAL,OPTIMAL
MOB2,OPTIMAL,OPTIMAL,OPTIMAL,OPTIMAL
CTSD,INFEASIBLE,INFEASIBLE,OPTIMAL,OPTIMAL
MRPL23,INFEASIBLE,INFEASIBLE,OPTIMAL,INFEASIBLE
CD81,INFEASIBLE,INFEASIBLE,OPTIMAL,INFEASIBLE
TSSC4,INFEASIBLE,OPTIMAL,OPTIMAL,OPTIMAL
CDKN1C,OPTIMAL,OPTIMAL,OPTIMAL,OPTIMAL
PHLDA2,INFEASIBLE,OPTIMAL,OPTIMAL,OPTIMAL
NAP1L4,INFEASIBLE,OPTIMAL,OPTIMAL,INFEASIBLE
CARS1,INFEASIBLE,OPTIMAL,OPTIMAL,INFEASIBLE
OSBPL5,OPTIMAL,OPTIMAL,OPTIMAL,OPTIMAL
ZNF195,OPTIMAL,OPTIMAL,OPTIMAL,OPTIMAL
ART5,OPTIMAL,INFEASIBLE,OPTIMAL,OPTIMAL
NUP98,INFEASIBLE,INFEASIBLE,OPTIMAL,INFEASIBLE
PGAP2,INFEASIBLE,INFEASIBLE,OPTIMAL,INFEASIBLE
RHOG,OPTIMAL,OPTIMAL,OPTIMAL,OPTIMAL
STIM1,INFEASIBLE,OPTIMAL,OPTIMAL,INFEASIBLE
RRM1,INFEASIBLE,OPTIMAL,OPTIMAL,OPTIMAL
APBB1,OPTIMAL,OPTIMAL,OPTIMAL,OPTIMAL
ARFIP2,OPTIMAL,OPTIMAL,OPTIMAL,OPTIMAL
TIMM10B,OPTIMAL,OPTIMAL,OPTIMAL,OPTIMAL
DNHD1,INFEASIBLE,OPTIMAL,OPTIMAL,OPTIMAL
RRP8,INFEASIBLE,OPTIMAL,OPTIMAL,INFEASIBLE
ILK,OPTIMAL,OPTIMAL,OPTIMAL,OPTIMAL
TAF10,INFEASIBLE,OPTIMAL,OPTIMAL,INFEASIBLE
MRPL17,INFEASIBLE,INFEASIBLE,OPTIMAL,INFEASIBLE
ZNF215,INFEASIBLE,OPTIMAL,OPTIMAL,OPTIMAL
EIF3F,INFEASIBLE,OPTIMAL,OPTIMAL,OPTIMAL
TUB,INFEASIBLE,OPTIMAL,OPTIMAL,OPTIMAL
STK33,INFEASIBLE,OPTIMAL,OPTIMAL,OPTIMAL
TRIM66,INFEASIBLE,OPTIMAL,OPTIMAL,OPTIMAL
RPL27A,INFEASIBLE,OPTIMAL,OPTIMAL,INFEASIBLE
DENND2B,INFEASIBLE,OPTIMAL,OPTIMAL,INFEASIBLE
AKIP1,OPTIMAL,OPTIMAL,OPTIMAL,OPTIMAL
TMEM9B,INFEASIBLE,INFEASIBLE,OPTIMAL,INFEASIBLE
NRIP3,OPTIMAL,OPTIMAL,OPTIMAL,OPTIMAL
DENND5A,INFEASIBLE,OPTIMAL,OPTIMAL,INFEASIBLE
TMEM41B,INFEASIBLE,OPTIMAL,OPTIMAL,INFEASIBLE
IPO7,INFEASIBLE,OPTIMAL,OPTIMAL,INFEASIBLE
ZNF143,INFEASIBLE,OPTIMAL,OPTIMAL,INFEASIBLE
WEE1,INFEASIBLE,OPTIMAL,OPTIMAL,OPTIMAL
SWAP70,INFEASIBLE,OPTIMAL,OPTIMAL,OPTIMAL
SBF2,INFEASIBLE,OPTIMAL,OPTIMAL,INFEASIBLE
RNF141,OPTIMAL,OPTIMAL,OPTIMAL,OPTIMAL
CTR9,INFEASIBLE,INFEASIBLE,OPTIMAL,INFEASIBLE
EIF4G2,INFEASIBLE,INFEASIBLE,OPTIMAL,INFEASIBLE
ZBED5,INFEASIBLE,OPTIMAL,OPTIMAL,OPTIMAL
GALNT18,INFEASIBLE,INFEASIBLE,OPTIMAL,OPTIMAL
USP47,INFEASIBLE,OPTIMAL,OPTIMAL,OPTIMAL
PARVA,INFEASIBLE,OPTIMAL,OPTIMAL,INFEASIBLE
TEAD1,INFEASIBLE,OPTIMAL,OPTIMAL,INFEASIBLE
BTBD10,OPTIMAL,INFEASIBLE,OPTIMAL,OPTIMAL
FAR1,INFEASIBLE,OPTIMAL,OPTIMAL,INFEASIBLE
SPON1,OPTIMAL,OPTIMAL,OPTIMAL,OPTIMAL
RRAS2,INFEASIBLE,INFEASIBLE,OPTIMAL,OPTIMAL
COPB1,INFEASIBLE,OPTIMAL,OPTIMAL,OPTIMAL
PSMA1,INFEASIBLE,OPTIMAL,OPTIMAL,INFEASIBLE
PDE3B,OPTIMAL,INFEASIBLE,OPTIMAL,OPTIMAL
CYP2R1,OPTIMAL,OPTIMAL,OPTIMAL,OPTIMAL
CALCB,OPTIMAL,OPTIMAL,OPTIMAL,OPTIMAL
SOX6,OPTIMAL,OPTIMAL,OPTIMAL,OPTIMAL
C11orf58,INFEASIBLE,OPTIMAL,OPTIMAL,INFEASIBLE
PLEKHA7,INFEASIBLE,OPTIMAL,OPTIMAL,OPTIMAL
RPS13,INFEASIBLE,INFEASIBLE,OPTIMAL,INFEASIBLE
PIK3C2A,INFEASIBLE,OPTIMAL,OPTIMAL,INFEASIBLE
NUCB2,INFEASIBLE,OPTIMAL,OPTIMAL,INFEASIBLE
NCR3LG1,INFEASIBLE,OPTIMAL,OPTIMAL,OPTIMAL
SERGEF,INFEASIBLE,OPTIMAL,OPTIMAL,OPTIMAL
SAAL1,OPTIMAL,INFEASIBLE,OPTIMAL,OPTIMAL
HPS5,INFEASIBLE,OPTIMAL,OPTIMAL,OPTIMAL
GTF2H1,INFEASIBLE,INFEASIBLE,OPTIMAL,OPTIMAL
LDHA,INFEASIBLE,INFEASIBLE,OPTIMAL,INFEASIBLE
LDHC,OPTIMAL,OPTIMAL,OPTIMAL,OPTIMAL
TSG101,INFEASIBLE,OPTIMAL,OPTIMAL,INFEASIBLE
UEVLD,INFEASIBLE,OPTIMAL,OPTIMAL,INFEASIBLE
MISFA,INFEASIBLE,OPTIMAL,OPTIMAL,INFEASIBLE
SPTY2D1,INFEASIBLE,OPTIMAL,OPTIMAL,OPTIMAL
ZDHHC13,INFEASIBLE,INFEASIBLE,OPTIMAL,OPTIMAL
E2F8,INFEASIBLE,INFEASIBLE,OPTIMAL,OPTIMAL
NAV2,OPTIMAL,OPTIMAL,OPTIMAL,OPTIMAL
HTATIP2,INFEASIBLE,OPTIMAL,OPTIMAL,INFEASIBLE
PRMT3,OPTIMAL,OPTIMAL,OPTIMAL,OPTIMAL
ANO5,OPTIMAL,INFEASIBLE,OPTIMAL,OPTIMAL
SVIP,INFEASIBLE,OPTIMAL,OPTIMAL,INFEASIBLE
CCDC34,INFEASIBLE,INFEASIBLE,OPTIMAL,INFEASIBLE
LGR4,INFEASIBLE,INFEASIBLE,OPTIMAL,INFEASIBLE
LIN7C,INFEASIBLE,INFEASIBLE,OPTIMAL,INFEASIBLE
KIF18A,INFEASIBLE,INFEASIBLE,INFEASIBLE,OPTIMAL
METTL15,INFEASIBLE,OPTIMAL,OPTIMAL,INFEASIBLE
ARL14EP,INFEASIBLE,INFEASIBLE,OPTIMAL,INFEASIBLE
MPPED2,OPTIMAL,OPTIMAL,OPTIMAL,OPTIMAL
DNAJC24,INFEASIBLE,OPTIMAL,OPTIMAL,OPTIMAL
IMMP1L,INFEASIBLE,INFEASIBLE,OPTIMAL,INFEASIBLE
ELP4,INFEASIBLE,OPTIMAL,OPTIMAL,INFEASIBLE
PAX6,OPTIMAL,OPTIMAL,OPTIMAL,OPTIMAL
RCN1,INFEASIBLE,INFEASIBLE,OPTIMAL,OPTIMAL
WT1,OPTIMAL,OPTIMAL,OPTIMAL,OPTIMAL
EIF3M,INFEASIBLE,INFEASIBLE,OPTIMAL,INFEASIBLE
CCDC73,OPTIMAL,OPTIMAL,OPTIMAL,OPTIMAL
PRRG4,OPTIMAL,OPTIMAL,OPTIMAL,OPTIMAL
QSER1,INFEASIBLE,OPTIMAL,OPTIMAL,INFEASIBLE
DEPDC7,OPTIMAL,OPTIMAL,OPTIMAL,OPTIMAL
TCP11L1,INFEASIBLE,OPTIMAL,OPTIMAL,OPTIMAL
CSTF3,INFEASIBLE,OPTIMAL,OPTIMAL,OPTIMAL
HIPK3,INFEASIBLE,OPTIMAL,OPTIMAL,INFEASIBLE
KIAA1549L,OPTIMAL,OPTIMAL,OPTIMAL,OPTIMAL
CD59,INFEASIBLE,OPTIMAL,OPTIMAL,INFEASIBLE
FBXO3,INFEASIBLE,OPTIMAL,OPTIMAL,INFEASIBLE
CAPRIN1,INFEASIBLE,OPTIMAL,OPTIMAL,INFEASIBLE
NAT10,INFEASIBLE,OPTIMAL,OPTIMAL,OPTIMAL
ABTB2,INFEASIBLE,INFEASIBLE,OPTIMAL,OPTIMAL
CAT,INFEASIBLE,OPTIMAL,OPTIMAL,OPTIMAL
APIP,INFEASIBLE,OPTIMAL,OPTIMAL,INFEASIBLE
PDHX,OPTIMAL,INFEASIBLE,OPTIMAL,OPTIMAL
PAMR1,OPTIMAL,OPTIMAL,OPTIMAL,OPTIMAL
FJX1,OPTIMAL,INFEASIBLE,OPTIMAL,OPTIMAL
TRIM44,INFEASIBLE,OPTIMAL,OPTIMAL,INFEASIBLE
LDLRAD3,INFEASIBLE,OPTIMAL,OPTIMAL,INFEASIBLE
COMMD9,OPTIMAL,INFEASIBLE,OPTIMAL,OPTIMAL
TRAF6,OPTIMAL,OPTIMAL,OPTIMAL,OPTIMAL
IFTAP,INFEASIBLE,OPTIMAL,OPTIMAL,INFEASIBLE
LRRC4C,OPTIMAL,OPTIMAL,OPTIMAL,OPTIMAL
API5,INFEASIBLE,OPTIMAL,OPTIMAL,INFEASIBLE
TTC17,INFEASIBLE,OPTIMAL,OPTIMAL,INFEASIBLE
HSD17B12,INFEASIBLE,OPTIMAL,OPTIMAL,INFEASIBLE
ALKBH3,OPTIMAL,OPTIMAL,OPTIMAL,OPTIMAL
EXT2,INFEASIBLE,OPTIMAL,OPTIMAL,INFEASIBLE
ALX4,OPTIMAL,OPTIMAL,OPTIMAL,OPTIMAL
TSPAN18,OPTIMAL,OPTIMAL,OPTIMAL,OPTIMAL
TP53I11,INFEASIBLE,OPTIMAL,OPTIMAL,OPTIMAL
CRY2,OPTIMAL,INFEASIBLE,OPTIMAL,OPTIMAL
PEX16,INFEASIBLE,OPTIMAL,OPTIMAL,OPTIMAL
PHF21A,INFEASIBLE,OPTIMAL,OPTIMAL,INFEASIBLE
DGKZ,INFEASIBLE,INFEASIBLE,OPTIMAL,OPTIMAL
MDK,INFEASIBLE,OPTIMAL,OPTIMAL,INFEASIBLE
AMBRA1,INFEASIBLE,OPTIMAL,OPTIMAL,INFEASIBLE
ATG13,INFEASIBLE,OPTIMAL,OPTIMAL,INFEASIBLE
ARHGAP1,OPTIMAL,OPTIMAL,OPTIMAL,OPTIMAL
CKAP5,INFEASIBLE,INFEASIBLE,OPTIMAL,INFEASIBLE
LRP4,OPTIMAL,OPTIMAL,OPTIMAL,OPTIMAL
CSTPP1,INFEASIBLE,OPTIMAL,OPTIMAL,INFEASIBLE
ARFGAP2,OPTIMAL,OPTIMAL,OPTIMAL,OPTIMAL
PACSIN3,OPTIMAL,OPTIMAL,OPTIMAL,OPTIMAL
DDB2,OPTIMAL,OPTIMAL,OPTIMAL,OPTIMAL
ACP2,OPTIMAL,OPTIMAL,OPTIMAL,INFEASIBLE
NR1H3,OPTIMAL,OPTIMAL,OPTIMAL,OPTIMAL
MADD,OPTIMAL,OPTIMAL,OPTIMAL,OPTIMAL
SLC39A13,OPTIMAL,OPTIMAL,OPTIMAL,OPTIMAL
PSMC3,INFEASIBLE,INFEASIBLE,OPTIMAL,INFEASIBLE
CELF1,INFEASIBLE,INFEASIBLE,OPTIMAL,INFEASIBLE
NDUFS3,INFEASIBLE,OPTIMAL,OPTIMAL,OPTIMAL
PTPMT1,INFEASIBLE,OPTIMAL,OPTIMAL,INFEASIBLE
MTCH2,INFEASIBLE,INFEASIBLE,OPTIMAL,INFEASIBLE
FNBP4,INFEASIBLE,INFEASIBLE,OPTIMAL,OPTIMAL
NUP160,INFEASIBLE,OPTIMAL,OPTIMAL,INFEASIBLE
PTPRJ,INFEASIBLE,OPTIMAL,OPTIMAL,INFEASIBLE
OR5D3P,OPTIMAL,OPTIMAL,OPTIMAL,OPTIMAL
TNKS1BP1,OPTIMAL,OPTIMAL,OPTIMAL,OPTIMAL
SSRP1,INFEASIBLE,INFEASIBLE,OPTIMAL,INFEASIBLE
RTN4RL2,INFEASIBLE,OPTIMAL,OPTIMAL,INFEASIBLE
SLC43A1,OPTIMAL,OPTIMAL,OPTIMAL,OPTIMAL
TIMM10,INFEASIBLE,OPTIMAL,OPTIMAL,OPTIMAL
CLP1,OPTIMAL,OPTIMAL,OPTIMAL,OPTIMAL
ZDHHC5,OPTIMAL,OPTIMAL,OPTIMAL,OPTIMAL
MED19,INFEASIBLE,OPTIMAL,OPTIMAL,OPTIMAL
TMX2,INFEASIBLE,INFEASIBLE,OPTIMAL,OPTIMAL
SELENOH,INFEASIBLE,OPTIMAL,OPTIMAL,INFEASIBLE
CTNND1,INFEASIBLE,OPTIMAL,OPTIMAL,OPTIMAL
ZFP91,INFEASIBLE,OPTIMAL,OPTIMAL,OPTIMAL
OSBP,OPTIMAL,OPTIMAL,OPTIMAL,OPTIMAL
PATL1,OPTIMAL,OPTIMAL,OPTIMAL,INFEASIBLE
STX3,OPTIMAL,OPTIMAL,OPTIMAL,OPTIMAL
MRPL16,INFEASIBLE,INFEASIBLE,OPTIMAL,INFEASIBLE
CCDC86,OPTIMAL,OPTIMAL,OPTIMAL,OPTIMAL
PRPF19,INFEASIBLE,OPTIMAL,OPTIMAL,OPTIMAL
TMEM109,OPTIMAL,OPTIMAL,OPTIMAL,OPTIMAL
TMEM132A,OPTIMAL,OPTIMAL,OPTIMAL,OPTIMAL
VPS37C,OPTIMAL,OPTIMAL,OPTIMAL,OPTIMAL
DDB1,INFEASIBLE,OPTIMAL,INFEASIBLE,OPTIMAL
TKFC,OPTIMAL,OPTIMAL,OPTIMAL,OPTIMAL
CYB561A3,INFEASIBLE,INFEASIBLE,OPTIMAL,OPTIMAL
TMEM138,OPTIMAL,OPTIMAL,OPTIMAL,INFEASIBLE
TMEM216,INFEASIBLE,OPTIMAL,OPTIMAL,INFEASIBLE
CPSF7,INFEASIBLE,OPTIMAL,OPTIMAL,INFEASIBLE
SDHAF2,INFEASIBLE,OPTIMAL,OPTIMAL,OPTIMAL
TMEM258,INFEASIBLE,INFEASIBLE,INFEASIBLE,INFEASIBLE
FEN1,INFEASIBLE,OPTIMAL,INFEASIBLE,OPTIMAL
FADS2,OPTIMAL,OPTIMAL,OPTIMAL,OPTIMAL
FADS1,INFEASIBLE,OPTIMAL,OPTIMAL,INFEASIBLE
FADS3,OPTIMAL,OPTIMAL,OPTIMAL,OPTIMAL
FTH1,INFEASIBLE,INFEASIBLE,INFEASIBLE,INFEASIBLE
INCENP,OPTIMAL,OPTIMAL,OPTIMAL,OPTIMAL
ASRGL1,INFEASIBLE,OPTIMAL,OPTIMAL,INFEASIBLE
AHNAK,OPTIMAL,OPTIMAL,OPTIMAL,OPTIMAL
EEF1G,INFEASIBLE,INFEASIBLE,OPTIMAL,INFEASIBLE
TUT1,OPTIMAL,OPTIMAL,OPTIMAL,OPTIMAL
MTA2,INFEASIBLE,OPTIMAL,OPTIMAL,INFEASIBLE
B3GAT3,INFEASIBLE,OPTIMAL,OPTIMAL,OPTIMAL
GANAB,INFEASIBLE,INFEASIBLE,OPTIMAL,OPTIMAL
INTS5,OPTIMAL,OPTIMAL,OPTIMAL,OPTIMAL
CSKMT,OPTIMAL,OPTIMAL,OPTIMAL,OPTIMAL
UQCC3,INFEASIBLE,INFEASIBLE,OPTIMAL,INFEASIBLE
UBXN1,INFEASIBLE,INFEASIBLE,OPTIMAL,OPTIMAL
BSCL2,INFEASIBLE,INFEASIBLE,OPTIMAL,INFEASIBLE
HNRNPUL2,OPTIMAL,OPTIMAL,OPTIMAL,OPTIMAL
TTC9C,INFEASIBLE,OPTIMAL,OPTIMAL,INFEASIBLE
POLR2G,INFEASIBLE,OPTIMAL,OPTIMAL,INFEASIBLE
TAF6L,INFEASIBLE,OPTIMAL,OPTIMAL,INFEASIBLE
TMEM223,INFEASIBLE,OPTIMAL,OPTIMAL,INFEASIBLE
TMEM179B,INFEASIBLE,OPTIMAL,OPTIMAL,INFEASIBLE
NXF1,INFEASIBLE,OPTIMAL,OPTIMAL,OPTIMAL
STX5,INFEASIBLE,INFEASIBLE,OPTIMAL,INFEASIBLE
WDR74,INFEASIBLE,INFEASIBLE,OPTIMAL,INFEASIBLE
SLC3A2,INFEASIBLE,INFEASIBLE,OPTIMAL,INFEASIBLE
PLAAT3,INFEASIBLE,OPTIMAL,OPTIMAL,OPTIMAL
ATL3,OPTIMAL,OPTIMAL,OPTIMAL,OPTIMAL
RTN3,INFEASIBLE,OPTIMAL,OPTIMAL,INFEASIBLE
ZFTA,OPTIMAL,OPTIMAL,OPTIMAL,OPTIMAL
SPINDOC,INFEASIBLE,OPTIMAL,OPTIMAL,OPTIMAL
MARK2,INFEASIBLE,OPTIMAL,OPTIMAL,OPTIMAL
NAA40,INFEASIBLE,INFEASIBLE,OPTIMAL,OPTIMAL
COX8A,INFEASIBLE,INFEASIBLE,INFEASIBLE,INFEASIBLE
OTUB1,INFEASIBLE,INFEASIBLE,OPTIMAL,INFEASIBLE
MACROD1,OPTIMAL,OPTIMAL,OPTIMAL,OPTIMAL
STIP1,INFEASIBLE,OPTIMAL,OPTIMAL,INFEASIBLE
TRPT1,INFEASIBLE,INFEASIBLE,INFEASIBLE,INFEASIBLE
NUDT22,INFEASIBLE,OPTIMAL,OPTIMAL,INFEASIBLE
DNAJC4,OPTIMAL,OPTIMAL,OPTIMAL,OPTIMAL
VEGFB,INFEASIBLE,OPTIMAL,INFEASIBLE,INFEASIBLE
FKBP2,INFEASIBLE,OPTIMAL,OPTIMAL,OPTIMAL
PPP1R14B,INFEASIBLE,OPTIMAL,OPTIMAL,INFEASIBLE
PLCB3,OPTIMAL,OPTIMAL,OPTIMAL,OPTIMAL
BAD,INFEASIBLE,OPTIMAL,OPTIMAL,OPTIMAL
GPR137,OPTIMAL,INFEASIBLE,OPTIMAL,OPTIMAL
ESRRA,OPTIMAL,OPTIMAL,OPTIMAL,OPTIMAL
TRMT112,INFEASIBLE,INFEASIBLE,OPTIMAL,INFEASIBLE
PRDX5,INFEASIBLE,INFEASIBLE,OPTIMAL,INFEASIBLE
RASGRP2,OPTIMAL,OPTIMAL,OPTIMAL,OPTIMAL
SF1,INFEASIBLE,OPTIMAL,OPTIMAL,INFEASIBLE
MEN1,OPTIMAL,OPTIMAL,OPTIMAL,OPTIMAL
EHD1,OPTIMAL,OPTIMAL,OPTIMAL,OPTIMAL
ATG2A,OPTIMAL,OPTIMAL,OPTIMAL,OPTIMAL
ARL2,INFEASIBLE,INFEASIBLE,OPTIMAL,OPTIMAL
SNX15,INFEASIBLE,OPTIMAL,OPTIMAL,INFEASIBLE
SAC3D1,INFEASIBLE,INFEASIBLE,OPTIMAL,INFEASIBLE
CDCA5,OPTIMAL,INFEASIBLE,OPTIMAL,OPTIMAL
ZFPL1,INFEASIBLE,OPTIMAL,OPTIMAL,OPTIMAL
TMEM262,OPTIMAL,OPTIMAL,OPTIMAL,INFEASIBLE
VPS51,INFEASIBLE,OPTIMAL,OPTIMAL,OPTIMAL
TM7SF2,INFEASIBLE,OPTIMAL,OPTIMAL,OPTIMAL
ZNHIT2,OPTIMAL,OPTIMAL,OPTIMAL,OPTIMAL
FAU,INFEASIBLE,INFEASIBLE,OPTIMAL,INFEASIBLE
SYVN1,OPTIMAL,OPTIMAL,OPTIMAL,OPTIMAL
MRPL49,OPTIMAL,OPTIMAL,OPTIMAL,OPTIMAL
CAPN1,INFEASIBLE,OPTIMAL,OPTIMAL,OPTIMAL
POLA2,INFEASIBLE,OPTIMAL,OPTIMAL,INFEASIBLE
CDC42EP2,OPTIMAL,OPTIMAL,OPTIMAL,OPTIMAL
DPF2,OPTIMAL,OPTIMAL,OPTIMAL,OPTIMAL
FRMD8,INFEASIBLE,OPTIMAL,OPTIMAL,OPTIMAL
SCYL1,INFEASIBLE,OPTIMAL,OPTIMAL,INFEASIBLE
LTBP3,OPTIMAL,INFEASIBLE,OPTIMAL,OPTIMAL
ZNRD2,INFEASIBLE,OPTIMAL,OPTIMAL,INFEASIBLE
FAM89B,OPTIMAL,OPTIMAL,OPTIMAL,OPTIMAL
MAP3K11,OPTIMAL,OPTIMAL,OPTIMAL,OPTIMAL
PCNX3,OPTIMAL,OPTIMAL,OPTIMAL,OPTIMAL
RELA,OPTIMAL,OPTIMAL,OPTIMAL,OPTIMAL
KAT5,OPTIMAL,OPTIMAL,OPTIMAL,OPTIMAL
RNASEH2C,INFEASIBLE,INFEASIBLE,OPTIMAL,OPTIMAL
AP5B1,OPTIMAL,OPTIMAL,OPTIMAL,INFEASIBLE
CFL1,INFEASIBLE,INFEASIBLE,OPTIMAL,INFEASIBLE
MUS81,INFEASIBLE,OPTIMAL,INFEASIBLE,OPTIMAL
FIBP,INFEASIBLE,INFEASIBLE,OPTIMAL,INFEASIBLE
CCDC85B,INFEASIBLE,INFEASIBLE,OPTIMAL,OPTIMAL
C11orf68,OPTIMAL,OPTIMAL,OPTIMAL,OPTIMAL
DRAP1,INFEASIBLE,OPTIMAL,INFEASIBLE,INFEASIBLE
SART1,INFEASIBLE,OPTIMAL,OPTIMAL,OPTIMAL
EIF1AD,INFEASIBLE,OPTIMAL,OPTIMAL,OPTIMAL
BANF1,INFEASIBLE,INFEASIBLE,OPTIMAL,INFEASIBLE
SF3B2,INFEASIBLE,OPTIMAL,OPTIMAL,OPTIMAL
PACS1,INFEASIBLE,OPTIMAL,OPTIMAL,OPTIMAL
KLC2,OPTIMAL,OPTIMAL,OPTIMAL,OPTIMAL
RAB1B,INFEASIBLE,INFEASIBLE,OPTIMAL,INFEASIBLE
YIF1A,INFEASIBLE,INFEASIBLE,OPTIMAL,INFEASIBLE
BRMS1,INFEASIBLE,OPTIMAL,OPTIMAL,OPTIMAL
B4GAT1,OPTIMAL,INFEASIBLE,OPTIMAL,OPTIMAL
SLC29A2,OPTIMAL,INFEASIBLE,OPTIMAL,OPTIMAL
MRPL11,INFEASIBLE,OPTIMAL,OPTIMAL,INFEASIBLE
DPP3,OPTIMAL,INFEASIBLE,OPTIMAL,OPTIMAL
BBS1,INFEASIBLE,OPTIMAL,OPTIMAL,OPTIMAL
ZDHHC24,INFEASIBLE,INFEASIBLE,OPTIMAL,OPTIMAL
CCS,INFEASIBLE,OPTIMAL,OPTIMAL,INFEASIBLE
RBM14,OPTIMAL,OPTIMAL,OPTIMAL,OPTIMAL
RBM4,INFEASIBLE,OPTIMAL,OPTIMAL,INFEASIBLE
RBM4B,INFEASIBLE,OPTIMAL,OPTIMAL,INFEASIBLE
SPTBN2,OPTIMAL,OPTIMAL,OPTIMAL,OPTIMAL
C11orf80,INFEASIBLE,OPTIMAL,OPTIMAL,INFEASIBLE
RCE1,OPTIMAL,OPTIMAL,OPTIMAL,OPTIMAL
PC,OPTIMAL,OPTIMAL,OPTIMAL,OPTIMAL
LRFN4,OPTIMAL,OPTIMAL,OPTIMAL,OPTIMAL
KDM2A,INFEASIBLE,OPTIMAL,OPTIMAL,INFEASIBLE
GRK2,OPTIMAL,INFEASIBLE,OPTIMAL,OPTIMAL
ANKRD13D,OPTIMAL,OPTIMAL,OPTIMAL,OPTIMAL
RAD9A,INFEASIBLE,OPTIMAL,OPTIMAL,OPTIMAL
POLD4,INFEASIBLE,OPTIMAL,OPTIMAL,OPTIMAL
PPP1CA,INFEASIBLE,OPTIMAL,OPTIMAL,OPTIMAL
RPS6KB2,OPTIMAL,OPTIMAL,OPTIMAL,OPTIMAL
CORO1B,INFEASIBLE,OPTIMAL,OPTIMAL,INFEASIBLE
TMEM134,INFEASIBLE,OPTIMAL,OPTIMAL,OPTIMAL
AIP,OPTIMAL,OPTIMAL,OPTIMAL,OPTIMAL
CDK2AP2,OPTIMAL,OPTIMAL,OPTIMAL,OPTIMAL
GSTP1,INFEASIBLE,INFEASIBLE,OPTIMAL,INFEASIBLE
NDUFV1,INFEASIBLE,INFEASIBLE,OPTIMAL,OPTIMAL
NUDT8,INFEASIBLE,OPTIMAL,INFEASIBLE,INFEASIBLE
NDUFS8,INFEASIBLE,OPTIMAL,OPTIMAL,INFEASIBLE
CHKA,INFEASIBLE,OPTIMAL,OPTIMAL,INFEASIBLE
KMT5B,INFEASIBLE,OPTIMAL,OPTIMAL,OPTIMAL
C11orf24,INFEASIBLE,OPTIMAL,OPTIMAL,OPTIMAL
LRP5,OPTIMAL,OPTIMAL,OPTIMAL,OPTIMAL
PPP6R3,INFEASIBLE,INFEASIBLE,OPTIMAL,INFEASIBLE
GAL,INFEASIBLE,OPTIMAL,OPTIMAL,OPTIMAL
TESMIN,OPTIMAL,OPTIMAL,OPTIMAL,OPTIMAL
CPT1A,OPTIMAL,OPTIMAL,OPTIMAL,OPTIMAL
MRPL21,INFEASIBLE,INFEASIBLE,OPTIMAL,INFEASIBLE
IGHMBP2,OPTIMAL,OPTIMAL,OPTIMAL,OPTIMAL
TPCN2,INFEASIBLE,OPTIMAL,OPTIMAL,INFEASIBLE
CCND1,OPTIMAL,OPTIMAL,OPTIMAL,OPTIMAL
LTO1,OPTIMAL,INFEASIBLE,OPTIMAL,OPTIMAL
FADD,OPTIMAL,OPTIMAL,OPTIMAL,OPTIMAL
PPFIA1,INFEASIBLE,OPTIMAL,OPTIMAL,INFEASIBLE
CTTN,INFEASIBLE,OPTIMAL,OPTIMAL,INFEASIBLE
SHANK2,OPTIMAL,OPTIMAL,OPTIMAL,OPTIMAL
DHCR7,INFEASIBLE,OPTIMAL,OPTIMAL,INFEASIBLE
NADSYN1,INFEASIBLE,OPTIMAL,OPTIMAL,OPTIMAL
XNDC1N,INFEASIBLE,INFEASIBLE,OPTIMAL,OPTIMAL
RNF121,INFEASIBLE,OPTIMAL,OPTIMAL,OPTIMAL
NUMA1,INFEASIBLE,OPTIMAL,OPTIMAL,INFEASIBLE
LAMTOR1,INFEASIBLE,OPTIMAL,OPTIMAL,INFEASIBLE
ANAPC15,INFEASIBLE,OPTIMAL,OPTIMAL,INFEASIBLE
INPPL1,INFEASIBLE,OPTIMAL,OPTIMAL,OPTIMAL
CLPB,INFEASIBLE,OPTIMAL,OPTIMAL,INFEASIBLE
ARAP1,OPTIMAL,OPTIMAL,OPTIMAL,OPTIMAL
STARD10,INFEASIBLE,OPTIMAL,OPTIMAL,OPTIMAL
FCHSD2,INFEASIBLE,OPTIMAL,OPTIMAL,OPTIMAL
RELT,OPTIMAL,OPTIMAL,OPTIMAL,OPTIMAL
FAM168A,INFEASIBLE,OPTIMAL,OPTIMAL,OPTIMAL
RAB6A,INFEASIBLE,OPTIMAL,OPTIMAL,OPTIMAL
MRPL48,INFEASIBLE,INFEASIBLE,OPTIMAL,INFEASIBLE
COA4,INFEASIBLE,OPTIMAL,INFEASIBLE,INFEASIBLE
PAAF1,OPTIMAL,OPTIMAL,OPTIMAL,OPTIMAL
UCP2,INFEASIBLE,OPTIMAL,OPTIMAL,OPTIMAL
C2CD3,INFEASIBLE,OPTIMAL,OPTIMAL,INFEASIBLE
PPME1,INFEASIBLE,OPTIMAL,OPTIMAL,INFEASIBLE
PGM2L1,OPTIMAL,OPTIMAL,OPTIMAL,OPTIMAL
LIPT2,OPTIMAL,OPTIMAL,OPTIMAL,OPTIMAL
POLD3,INFEASIBLE,OPTIMAL,OPTIMAL,INFEASIBLE
RNF169,OPTIMAL,OPTIMAL,OPTIMAL,OPTIMAL
XRRA1,INFEASIBLE,OPTIMAL,OPTIMAL,OPTIMAL
SPCS2,INFEASIBLE,INFEASIBLE,OPTIMAL,INFEASIBLE
NEU3,OPTIMAL,OPTIMAL,OPTIMAL,OPTIMAL
ARRB1,INFEASIBLE,OPTIMAL,OPTIMAL,INFEASIBLE
RPS3,INFEASIBLE,INFEASIBLE,OPTIMAL,INFEASIBLE
SERPINH1,INFEASIBLE,OPTIMAL,OPTIMAL,INFEASIBLE
DGAT2,OPTIMAL,OPTIMAL,OPTIMAL,OPTIMAL
UVRAG,INFEASIBLE,INFEASIBLE,OPTIMAL,INFEASIBLE
THAP12,INFEASIBLE,OPTIMAL,OPTIMAL,INFEASIBLE
EMSY,INFEASIBLE,OPTIMAL,OPTIMAL,INFEASIBLE
ACER3,INFEASIBLE,OPTIMAL,OPTIMAL,INFEASIBLE
PAK1,INFEASIBLE,OPTIMAL,OPTIMAL,INFEASIBLE
CLNS1A,INFEASIBLE,INFEASIBLE,OPTIMAL,INFEASIBLE
AQP11,OPTIMAL,OPTIMAL,OPTIMAL,OPTIMAL
RSF1,INFEASIBLE,OPTIMAL,OPTIMAL,INFEASIBLE
AAMDC,INFEASIBLE,OPTIMAL,INFEASIBLE,INFEASIBLE
INTS4,INFEASIBLE,OPTIMAL,OPTIMAL,INFEASIBLE
NDUFC2,INFEASIBLE,INFEASIBLE,INFEASIBLE,INFEASIBLE
ALG8,INFEASIBLE,INFEASIBLE,OPTIMAL,INFEASIBLE
GAB2,INFEASIBLE,OPTIMAL,OPTIMAL,OPTIMAL
NARS2,INFEASIBLE,OPTIMAL,OPTIMAL,INFEASIBLE
TENM4,INFEASIBLE,INFEASIBLE,OPTIMAL,INFEASIBLE
PRCP,OPTIMAL,OPTIMAL,OPTIMAL,INFEASIBLE
DDIAS,INFEASIBLE,OPTIMAL,OPTIMAL,INFEASIBLE
RAB30,INFEASIBLE,OPTIMAL,OPTIMAL,OPTIMAL
PCF11,INFEASIBLE,OPTIMAL,OPTIMAL,INFEASIBLE
ANKRD42,OPTIMAL,OPTIMAL,OPTIMAL,OPTIMAL
CCDC90B,INFEASIBLE,OPTIMAL,OPTIMAL,INFEASIBLE
DLG2,OPTIMAL,OPTIMAL,OPTIMAL,OPTIMAL
TMEM126B,INFEASIBLE,OPTIMAL,OPTIMAL,INFEASIBLE
TMEM126A,INFEASIBLE,INFEASIBLE,INFEASIBLE,OPTIMAL
CREBZF,INFEASIBLE,OPTIMAL,OPTIMAL,INFEASIBLE
PICALM,INFEASIBLE,OPTIMAL,OPTIMAL,INFEASIBLE
EED,OPTIMAL,OPTIMAL,OPTIMAL,INFEASIBLE
HIKESHI,INFEASIBLE,OPTIMAL,OPTIMAL,INFEASIBLE
PRSS23,INFEASIBLE,OPTIMAL,OPTIMAL,INFEASIBLE
TMEM135,INFEASIBLE,OPTIMAL,OPTIMAL,OPTIMAL
RAB38,OPTIMAL,OPTIMAL,OPTIMAL,OPTIMAL
CTSC,INFEASIBLE,INFEASIBLE,OPTIMAL,INFEASIBLE
CHORDC1,INFEASIBLE,INFEASIBLE,OPTIMAL,INFEASIBLE
FAT3,INFEASIBLE,OPTIMAL,OPTIMAL,OPTIMAL
SLC36A4,INFEASIBLE,OPTIMAL,OPTIMAL,INFEASIBLE
SMCO4,INFEASIBLE,OPTIMAL,OPTIMAL,OPTIMAL
CEP295,INFEASIBLE,INFEASIBLE,OPTIMAL,INFEASIBLE
TAF1D,INFEASIBLE,OPTIMAL,OPTIMAL,INFEASIBLE
C11orf54,INFEASIBLE,OPTIMAL,OPTIMAL,INFEASIBLE
MED17,INFEASIBLE,OPTIMAL,OPTIMAL,OPTIMAL
MRE11,INFEASIBLE,OPTIMAL,OPTIMAL,OPTIMAL
ANKRD49,INFEASIBLE,OPTIMAL,OPTIMAL,OPTIMAL
AMOTL1,INFEASIBLE,OPTIMAL,OPTIMAL,OPTIMAL
CWC15,INFEASIBLE,INFEASIBLE,OPTIMAL,INFEASIBLE
KDM4D,INFEASIBLE,OPTIMAL,OPTIMAL,INFEASIBLE
SRSF8,OPTIMAL,OPTIMAL,OPTIMAL,OPTIMAL
ENDOD1,INFEASIBLE,OPTIMAL,OPTIMAL,OPTIMAL
SESN3,INFEASIBLE,OPTIMAL,OPTIMAL,INFEASIBLE
FAM76B,OPTIMAL,OPTIMAL,OPTIMAL,OPTIMAL
CEP57,INFEASIBLE,OPTIMAL,OPTIMAL,INFEASIBLE
MTMR2,INFEASIBLE,INFEASIBLE,OPTIMAL,INFEASIBLE
MAML2,INFEASIBLE,OPTIMAL,OPTIMAL,INFEASIBLE
CCDC82,INFEASIBLE,OPTIMAL,OPTIMAL,INFEASIBLE
JRKL,OPTIMAL,OPTIMAL,OPTIMAL,OPTIMAL
ARHGAP42,INFEASIBLE,OPTIMAL,OPTIMAL,OPTIMAL
CEP126,OPTIMAL,OPTIMAL,OPTIMAL,OPTIMAL
CFAP300,OPTIMAL,OPTIMAL,OPTIMAL,OPTIMAL
YAP1,INFEASIBLE,OPTIMAL,OPTIMAL,INFEASIBLE
BIRC2,OPTIMAL,OPTIMAL,OPTIMAL,OPTIMAL
TMEM123,OPTIMAL,OPTIMAL,OPTIMAL,OPTIMAL
DCUN1D5,INFEASIBLE,INFEASIBLE,OPTIMAL,INFEASIBLE
DYNC2H1,INFEASIBLE,OPTIMAL,OPTIMAL,INFEASIBLE
MSANTD4,INFEASIBLE,OPTIMAL,OPTIMAL,OPTIMAL
KBTBD3,INFEASIBLE,OPTIMAL,OPTIMAL,OPTIMAL
AASDHPPT,INFEASIBLE,OPTIMAL,OPTIMAL,OPTIMAL
GUCY1A2,OPTIMAL,OPTIMAL,OPTIMAL,OPTIMAL
CWF19L2,INFEASIBLE,OPTIMAL,OPTIMAL,INFEASIBLE
ALKBH8,OPTIMAL,OPTIMAL,OPTIMAL,OPTIMAL
ELMOD1,INFEASIBLE,INFEASIBLE,OPTIMAL,INFEASIBLE
SLC35F2,INFEASIBLE,OPTIMAL,OPTIMAL,INFEASIBLE
RAB39A,INFEASIBLE,OPTIMAL,OPTIMAL,OPTIMAL
CUL5,INFEASIBLE,OPTIMAL,OPTIMAL,INFEASIBLE
ACAT1,INFEASIBLE,INFEASIBLE,OPTIMAL,OPTIMAL
NPAT,INFEASIBLE,OPTIMAL,OPTIMAL,INFEASIBLE
ATM,INFEASIBLE,INFEASIBLE,OPTIMAL,INFEASIBLE
C11orf65,OPTIMAL,OPTIMAL,OPTIMAL,OPTIMAL
POGLUT3,OPTIMAL,OPTIMAL,OPTIMAL,OPTIMAL
EXPH5,OPTIMAL,OPTIMAL,OPTIMAL,OPTIMAL
DDX10,INFEASIBLE,OPTIMAL,OPTIMAL,INFEASIBLE
RDX,INFEASIBLE,INFEASIBLE,OPTIMAL,INFEASIBLE
ZC3H12C,INFEASIBLE,INFEASIBLE,OPTIMAL,INFEASIBLE
FDX1,INFEASIBLE,OPTIMAL,OPTIMAL,INFEASIBLE
ARHGAP20,OPTIMAL,OPTIMAL,OPTIMAL,OPTIMAL
LAYN,INFEASIBLE,OPTIMAL,OPTIMAL,OPTIMAL
SIK2,OPTIMAL,OPTIMAL,OPTIMAL,OPTIMAL
PPP2R1B,INFEASIBLE,OPTIMAL,OPTIMAL,INFEASIBLE
ALG9,INFEASIBLE,OPTIMAL,OPTIMAL,OPTIMAL
FDXACB1,OPTIMAL,OPTIMAL,OPTIMAL,INFEASIBLE
CFAP68,INFEASIBLE,OPTIMAL,OPTIMAL,INFEASIBLE
DIXDC1,INFEASIBLE,OPTIMAL,OPTIMAL,INFEASIBLE
DLAT,INFEASIBLE,OPTIMAL,OPTIMAL,INFEASIBLE
PIH1D2,OPTIMAL,OPTIMAL,OPTIMAL,OPTIMAL
NKAPD1,INFEASIBLE,OPTIMAL,OPTIMAL,INFEASIBLE
TIMM8B,INFEASIBLE,OPTIMAL,INFEASIBLE,INFEASIBLE
SDHD,INFEASIBLE,INFEASIBLE,INFEASIBLE,OPTIMAL
PTS,INFEASIBLE,OPTIMAL,OPTIMAL,INFEASIBLE
NCAM1,INFEASIBLE,OPTIMAL,OPTIMAL,OPTIMAL
TTC12,OPTIMAL,OPTIMAL,OPTIMAL,OPTIMAL
ZW10,INFEASIBLE,OPTIMAL,OPTIMAL,INFEASIBLE
USP28,INFEASIBLE,OPTIMAL,OPTIMAL,OPTIMAL
ZBTB16,OPTIMAL,OPTIMAL,OPTIMAL,OPTIMAL
C11orf71,INFEASIBLE,OPTIMAL,OPTIMAL,OPTIMAL
RBM7,OPTIMAL,OPTIMAL,OPTIMAL,OPTIMAL
REXO2,INFEASIBLE,INFEASIBLE,OPTIMAL,INFEASIBLE
CADM1,INFEASIBLE,OPTIMAL,OPTIMAL,INFEASIBLE
BUD13,INFEASIBLE,OPTIMAL,OPTIMAL,INFEASIBLE
ZPR1,INFEASIBLE,OPTIMAL,OPTIMAL,OPTIMAL
SIK3,INFEASIBLE,OPTIMAL,OPTIMAL,INFEASIBLE
PAFAH1B2,INFEASIBLE,OPTIMAL,OPTIMAL,INFEASIBLE
SIDT2,OPTIMAL,OPTIMAL,OPTIMAL,INFEASIBLE
PCSK7,INFEASIBLE,OPTIMAL,OPTIMAL,INFEASIBLE
RNF214,INFEASIBLE,OPTIMAL,OPTIMAL,INFEASIBLE
BACE1,INFEASIBLE,OPTIMAL,OPTIMAL,OPTIMAL
CEP164,INFEASIBLE,OPTIMAL,OPTIMAL,INFEASIBLE
FXYD6,INFEASIBLE,OPTIMAL,OPTIMAL,INFEASIBLE
UBE4A,INFEASIBLE,INFEASIBLE,OPTIMAL,OPTIMAL
ATP5MG,INFEASIBLE,INFEASIBLE,INFEASIBLE,INFEASIBLE
KMT2A,OPTIMAL,OPTIMAL,OPTIMAL,OPTIMAL
IFT46,OPTIMAL,OPTIMAL,OPTIMAL,OPTIMAL
ARCN1,INFEASIBLE,OPTIMAL,OPTIMAL,INFEASIBLE
PHLDB1,OPTIMAL,OPTIMAL,OPTIMAL,OPTIMAL
DDX6,INFEASIBLE,INFEASIBLE,OPTIMAL,INFEASIBLE
BCL9L,OPTIMAL,OPTIMAL,OPTIMAL,OPTIMAL
CENATAC,INFEASIBLE,OPTIMAL,INFEASIBLE,INFEASIBLE
RPS25,INFEASIBLE,OPTIMAL,OPTIMAL,INFEASIBLE
TRAPPC4,OPTIMAL,OPTIMAL,OPTIMAL,OPTIMAL
SLC37A4,INFEASIBLE,OPTIMAL,OPTIMAL,OPTIMAL
HYOU1,OPTIMAL,OPTIMAL,OPTIMAL,OPTIMAL
VPS11,OPTIMAL,OPTIMAL,OPTIMAL,OPTIMAL
HMBS,INFEASIBLE,OPTIMAL,OPTIMAL,OPTIMAL
DPAGT1,INFEASIBLE,OPTIMAL,OPTIMAL,INFEASIBLE
HINFP,OPTIMAL,OPTIMAL,OPTIMAL,OPTIMAL
NLRX1,OPTIMAL,OPTIMAL,OPTIMAL,OPTIMAL
CBL,INFEASIBLE,OPTIMAL,OPTIMAL,INFEASIBLE
RNF26,OPTIMAL,INFEASIBLE,OPTIMAL,OPTIMAL
USP2,INFEASIBLE,OPTIMAL,OPTIMAL,INFEASIBLE
NECTIN1,OPTIMAL,OPTIMAL,OPTIMAL,OPTIMAL
OAF,INFEASIBLE,OPTIMAL,OPTIMAL,INFEASIBLE
POU2F3,OPTIMAL,OPTIMAL,OPTIMAL,OPTIMAL
TLCD5,OPTIMAL,OPTIMAL,OPTIMAL,OPTIMAL
ARHGEF12,INFEASIBLE,OPTIMAL,OPTIMAL,INFEASIBLE
GRIK4,INFEASIBLE,OPTIMAL,OPTIMAL,INFEASIBLE
TBCEL,INFEASIBLE,OPTIMAL,OPTIMAL,OPTIMAL
SC5D,INFEASIBLE,INFEASIBLE,OPTIMAL,INFEASIBLE
SORL1,INFEASIBLE,OPTIMAL,OPTIMAL,OPTIMAL
UBASH3B,INFEASIBLE,INFEASIBLE,OPTIMAL,OPTIMAL
JHY,OPTIMAL,OPTIMAL,OPTIMAL,OPTIMAL
HSPA8,INFEASIBLE,INFEASIBLE,OPTIMAL,OPTIMAL
CLMP,OPTIMAL,OPTIMAL,OPTIMAL,OPTIMAL
GRAMD1B,OPTIMAL,OPTIMAL,OPTIMAL,INFEASIBLE
ZNF202,OPTIMAL,OPTIMAL,OPTIMAL,OPTIMAL
TBRG1,OPTIMAL,INFEASIBLE,OPTIMAL,OPTIMAL
SPA17,INFEASIBLE,OPTIMAL,OPTIMAL,INFEASIBLE
NRGN,INFEASIBLE,OPTIMAL,OPTIMAL,INFEASIBLE
MSANTD2,OPTIMAL,OPTIMAL,OPTIMAL,OPTIMAL
CCDC15,INFEASIBLE,OPTIMAL,INFEASIBLE,OPTIMAL
TMEM218,INFEASIBLE,OPTIMAL,OPTIMAL,OPTIMAL
PKNOX2,OPTIMAL,OPTIMAL,OPTIMAL,OPTIMAL
FEZ1,OPTIMAL,OPTIMAL,OPTIMAL,OPTIMAL
EI24,INFEASIBLE,OPTIMAL,OPTIMAL,INFEASIBLE
STT3A,INFEASIBLE,INFEASIBLE,OPTIMAL,INFEASIBLE
CHEK1,INFEASIBLE,OPTIMAL,OPTIMAL,INFEASIBLE
PUS3,OPTIMAL,OPTIMAL,OPTIMAL,OPTIMAL
CDON,INFEASIBLE,OPTIMAL,OPTIMAL,OPTIMAL
RPUSD4,OPTIMAL,OPTIMAL,OPTIMAL,OPTIMAL
FAM118B,OPTIMAL,OPTIMAL,OPTIMAL,OPTIMAL
SRPRA,INFEASIBLE,INFEASIBLE,OPTIMAL,INFEASIBLE
FOXRED1,INFEASIBLE,OPTIMAL,OPTIMAL,OPTIMAL
TIRAP,OPTIMAL,OPTIMAL,OPTIMAL,OPTIMAL
DCPS,INFEASIBLE,OPTIMAL,OPTIMAL,INFEASIBLE
ST3GAL4,OPTIMAL,INFEASIBLE,OPTIMAL,OPTIMAL
FLI1,OPTIMAL,OPTIMAL,OPTIMAL,OPTIMAL
ARHGAP32,INFEASIBLE,OPTIMAL,OPTIMAL,OPTIMAL
BARX2,INFEASIBLE,OPTIMAL,OPTIMAL,OPTIMAL
NFRKB,OPTIMAL,OPTIMAL,OPTIMAL,OPTIMAL
PRDM10,OPTIMAL,OPTIMAL,OPTIMAL,OPTIMAL
APLP2,INFEASIBLE,INFEASIBLE,OPTIMAL,INFEASIBLE
ZBTB44,INFEASIBLE,OPTIMAL,OPTIMAL,INFEASIBLE
JAM3,INFEASIBLE,OPTIMAL,OPTIMAL,INFEASIBLE
NCAPD3,INFEASIBLE,OPTIMAL,OPTIMAL,INFEASIBLE
VPS26B,OPTIMAL,OPTIMAL,OPTIMAL,OPTIMAL
THYN1,INFEASIBLE,OPTIMAL,OPTIMAL,OPTIMAL
ACAD8,OPTIMAL,OPTIMAL,OPTIMAL,INFEASIBLE
GLB1L2,INFEASIBLE,OPTIMAL,OPTIMAL,OPTIMAL
KDM5A,INFEASIBLE,OPTIMAL,OPTIMAL,INFEASIBLE
CCDC77,INFEASIBLE,OPTIMAL,OPTIMAL,INFEASIBLE
B4GALNT3,OPTIMAL,OPTIMAL,OPTIMAL,OPTIMAL
WNK1,INFEASIBLE,OPTIMAL,OPTIMAL,INFEASIBLE
RAD52,INFEASIBLE,INFEASIBLE,OPTIMAL,INFEASIBLE
ERC1,INFEASIBLE,OPTIMAL,OPTIMAL,INFEASIBLE
WNT5B,OPTIMAL,OPTIMAL,OPTIMAL,OPTIMAL
FBXL14,OPTIMAL,OPTIMAL,INFEASIBLE,OPTIMAL
ADIPOR2,INFEASIBLE,OPTIMAL,OPTIMAL,INFEASIBLE
DCP1B,INFEASIBLE,INFEASIBLE,OPTIMAL,OPTIMAL
CACNA1C,OPTIMAL,OPTIMAL,OPTIMAL,OPTIMAL
FKBP4,INFEASIBLE,OPTIMAL,OPTIMAL,INFEASIBLE
ITFG2,OPTIMAL,INFEASIBLE,OPTIMAL,OPTIMAL
FOXM1,INFEASIBLE,OPTIMAL,INFEASIBLE,OPTIMAL
RHNO1,OPTIMAL,INFEASIBLE,OPTIMAL,OPTIMAL
TULP3,INFEASIBLE,OPTIMAL,OPTIMAL,OPTIMAL
TEAD4,INFEASIBLE,INFEASIBLE,OPTIMAL,OPTIMAL
TSPAN9,INFEASIBLE,OPTIMAL,OPTIMAL,OPTIMAL
CRACR2A,INFEASIBLE,OPTIMAL,OPTIMAL,OPTIMAL
PARP11,INFEASIBLE,OPTIMAL,OPTIMAL,OPTIMAL
CCND2,INFEASIBLE,INFEASIBLE,OPTIMAL,OPTIMAL
TIGAR,OPTIMAL,OPTIMAL,OPTIMAL,INFEASIBLE
FGF23,OPTIMAL,OPTIMAL,OPTIMAL,OPTIMAL
C12orf4,OPTIMAL,OPTIMAL,OPTIMAL,OPTIMAL
RAD51AP1,INFEASIBLE,OPTIMAL,OPTIMAL,INFEASIBLE
DYRK4,INFEASIBLE,OPTIMAL,OPTIMAL,OPTIMAL
NDUFA9,INFEASIBLE,INFEASIBLE,OPTIMAL,INFEASIBLE
CD9,INFEASIBLE,OPTIMAL,OPTIMAL,INFEASIBLE
TNFRSF1A,INFEASIBLE,OPTIMAL,OPTIMAL,INFEASIBLE
MRPL51,INFEASIBLE,INFEASIBLE,INFEASIBLE,INFEASIBLE
NCAPD2,INFEASIBLE,OPTIMAL,OPTIMAL,INFEASIBLE
GAPDH,INFEASIBLE,INFEASIBLE,OPTIMAL,INFEASIBLE
IFFO1,OPTIMAL,OPTIMAL,OPTIMAL,OPTIMAL
NOP2,INFEASIBLE,OPTIMAL,OPTIMAL,OPTIMAL
CHD4,INFEASIBLE,OPTIMAL,OPTIMAL,INFEASIBLE
ING4,OPTIMAL,OPTIMAL,OPTIMAL,OPTIMAL
ZNF384,INFEASIBLE,OPTIMAL,OPTIMAL,INFEASIBLE
COPS7A,OPTIMAL,OPTIMAL,OPTIMAL,OPTIMAL
MLF2,OPTIMAL,INFEASIBLE,OPTIMAL,OPTIMAL
PTMS,INFEASIBLE,OPTIMAL,OPTIMAL,INFEASIBLE
P3H3,OPTIMAL,INFEASIBLE,OPTIMAL,OPTIMAL
CDCA3,OPTIMAL,OPTIMAL,OPTIMAL,OPTIMAL
USP5,INFEASIBLE,OPTIMAL,INFEASIBLE,OPTIMAL
TPI1,INFEASIBLE,INFEASIBLE,OPTIMAL,INFEASIBLE
LRRC23,INFEASIBLE,OPTIMAL,OPTIMAL,OPTIMAL
ATN1,OPTIMAL,OPTIMAL,OPTIMAL,OPTIMAL
C12orf57,INFEASIBLE,INFEASIBLE,OPTIMAL,INFEASIBLE
PHB2,INFEASIBLE,OPTIMAL,OPTIMAL,INFEASIBLE
EMG1,INFEASIBLE,OPTIMAL,OPTIMAL,OPTIMAL
LPCAT3,INFEASIBLE,INFEASIBLE,OPTIMAL,OPTIMAL
C1S,OPTIMAL,INFEASIBLE,OPTIMAL,OPTIMAL
PEX5,OPTIMAL,OPTIMAL,OPTIMAL,OPTIMAL
NECAP1,OPTIMAL,OPTIMAL,OPTIMAL,OPTIMAL
RIMKLB,INFEASIBLE,OPTIMAL,OPTIMAL,INFEASIBLE
PHC1,INFEASIBLE,OPTIMAL,OPTIMAL,OPTIMAL
M6PR,INFEASIBLE,INFEASIBLE,OPTIMAL,INFEASIBLE
KLRG1,INFEASIBLE,OPTIMAL,OPTIMAL,OPTIMAL
CLEC2D,INFEASIBLE,OPTIMAL,OPTIMAL,OPTIMAL
GABARAPL1,OPTIMAL,OPTIMAL,OPTIMAL,OPTIMAL
MAGOHB,INFEASIBLE,OPTIMAL,OPTIMAL,INFEASIBLE
YBX3,INFEASIBLE,OPTIMAL,OPTIMAL,INFEASIBLE
PRH1,INFEASIBLE,OPTIMAL,OPTIMAL,INFEASIBLE
SMIM10L1,INFEASIBLE,OPTIMAL,OPTIMAL,INFEASIBLE
ETV6,INFEASIBLE,OPTIMAL,INFEASIBLE,INFEASIBLE
BCL2L14,INFEASIBLE,OPTIMAL,OPTIMAL,INFEASIBLE
LRP6,INFEASIBLE,OPTIMAL,OPTIMAL,INFEASIBLE
BORCS5,INFEASIBLE,OPTIMAL,OPTIMAL,INFEASIBLE
DUSP16,INFEASIBLE,OPTIMAL,OPTIMAL,INFEASIBLE
CREBL2,INFEASIBLE,OPTIMAL,OPTIMAL,OPTIMAL
CDKN1B,OPTIMAL,OPTIMAL,OPTIMAL,OPTIMAL
APOLD1,INFEASIBLE,OPTIMAL,OPTIMAL,INFEASIBLE
HEBP1,INFEASIBLE,OPTIMAL,OPTIMAL,INFEASIBLE
FAM234B,OPTIMAL,OPTIMAL,OPTIMAL,OPTIMAL
ATF7IP,INFEASIBLE,OPTIMAL,OPTIMAL,INFEASIBLE
WBP11,INFEASIBLE,OPTIMAL,OPTIMAL,INFEASIBLE
RERG,OPTIMAL,OPTIMAL,OPTIMAL,OPTIMAL
EPS8,INFEASIBLE,OPTIMAL,OPTIMAL,INFEASIBLE
STRAP,INFEASIBLE,OPTIMAL,OPTIMAL,INFEASIBLE
DERA,INFEASIBLE,OPTIMAL,OPTIMAL,OPTIMAL
MGST1,INFEASIBLE,INFEASIBLE,OPTIMAL,OPTIMAL
PLEKHA5,INFEASIBLE,OPTIMAL,OPTIMAL,INFEASIBLE
AEBP2,INFEASIBLE,OPTIMAL,OPTIMAL,INFEASIBLE
PDE3A,OPTIMAL,OPTIMAL,OPTIMAL,OPTIMAL
PYROXD1,OPTIMAL,OPTIMAL,OPTIMAL,OPTIMAL
RECQL,INFEASIBLE,OPTIMAL,OPTIMAL,INFEASIBLE
GOLT1B,INFEASIBLE,OPTIMAL,OPTIMAL,INFEASIBLE
LDHB,INFEASIBLE,INFEASIBLE,OPTIMAL,INFEASIBLE
KCNJ8,OPTIMAL,INFEASIBLE,OPTIMAL,OPTIMAL
CMAS,INFEASIBLE,OPTIMAL,OPTIMAL,OPTIMAL
C2CD5,OPTIMAL,OPTIMAL,OPTIMAL,OPTIMAL
ETNK1,INFEASIBLE,OPTIMAL,OPTIMAL,INFEASIBLE
SOX5,INFEASIBLE,OPTIMAL,OPTIMAL,INFEASIBLE
BCAT1,INFEASIBLE,INFEASIBLE,OPTIMAL,INFEASIBLE
ETFRF1,INFEASIBLE,OPTIMAL,OPTIMAL,OPTIMAL
KRAS,INFEASIBLE,INFEASIBLE,OPTIMAL,INFEASIBLE
RASSF8,OPTIMAL,OPTIMAL,OPTIMAL,OPTIMAL
SSPN,INFEASIBLE,OPTIMAL,OPTIMAL,OPTIMAL
ITPR2,INFEASIBLE,OPTIMAL,INFEASIBLE,INFEASIBLE
INTS13,INFEASIBLE,OPTIMAL,OPTIMAL,INFEASIBLE
FGFR1OP2,INFEASIBLE,OPTIMAL,OPTIMAL,OPTIMAL
TM7SF3,INFEASIBLE,OPTIMAL,OPTIMAL,OPTIMAL
MED21,INFEASIBLE,INFEASIBLE,OPTIMAL,INFEASIBLE
STK38L,INFEASIBLE,OPTIMAL,OPTIMAL,INFEASIBLE
BMAL2,INFEASIBLE,OPTIMAL,OPTIMAL,OPTIMAL
PPFIBP1,INFEASIBLE,INFEASIBLE,OPTIMAL,OPTIMAL
MRPS35,INFEASIBLE,OPTIMAL,OPTIMAL,OPTIMAL
KLHL42,INFEASIBLE,OPTIMAL,OPTIMAL,INFEASIBLE
CCDC91,INFEASIBLE,OPTIMAL,OPTIMAL,INFEASIBLE
FAR2,INFEASIBLE,OPTIMAL,OPTIMAL,OPTIMAL
ERGIC2,INFEASIBLE,INFEASIBLE,OPTIMAL,OPTIMAL
TMTC1,INFEASIBLE,OPTIMAL,OPTIMAL,OPTIMAL
IPO8,OPTIMAL,INFEASIBLE,OPTIMAL,OPTIMAL
CAPRIN2,OPTIMAL,OPTIMAL,OPTIMAL,OPTIMAL
DDX11,INFEASIBLE,OPTIMAL,OPTIMAL,INFEASIBLE
SINHCAF,INFEASIBLE,INFEASIBLE,OPTIMAL,INFEASIBLE
DENND5B,INFEASIBLE,OPTIMAL,OPTIMAL,INFEASIBLE
AMN1,OPTIMAL,OPTIMAL,OPTIMAL,OPTIMAL
RESF1,OPTIMAL,OPTIMAL,OPTIMAL,OPTIMAL
BICD1,INFEASIBLE,INFEASIBLE,OPTIMAL,OPTIMAL
FGD4,INFEASIBLE,OPTIMAL,OPTIMAL,OPTIMAL
DNM1L,OPTIMAL,OPTIMAL,OPTIMAL,OPTIMAL
YARS2,OPTIMAL,OPTIMAL,OPTIMAL,OPTIMAL
PKP2,OPTIMAL,OPTIMAL,OPTIMAL,OPTIMAL
CPNE8,INFEASIBLE,OPTIMAL,OPTIMAL,INFEASIBLE
KIF21A,INFEASIBLE,INFEASIBLE,OPTIMAL,INFEASIBLE
C12orf40,OPTIMAL,OPTIMAL,OPTIMAL,OPTIMAL
SLC2A13,INFEASIBLE,OPTIMAL,OPTIMAL,INFEASIBLE
CNTN1,OPTIMAL,OPTIMAL,OPTIMAL,OPTIMAL
GXYLT1,INFEASIBLE,OPTIMAL,OPTIMAL,INFEASIBLE
YAF2,INFEASIBLE,INFEASIBLE,OPTIMAL,INFEASIBLE
PPHLN1,INFEASIBLE,OPTIMAL,OPTIMAL,OPTIMAL
ZCRB1,INFEASIBLE,OPTIMAL,INFEASIBLE,INFEASIBLE
PRICKLE1,INFEASIBLE,OPTIMAL,OPTIMAL,INFEASIBLE
ADAMTS20,INFEASIBLE,OPTIMAL,OPTIMAL,OPTIMAL
PUS7L,INFEASIBLE,OPTIMAL,OPTIMAL,OPTIMAL
IRAK4,INFEASIBLE,OPTIMAL,INFEASIBLE,OPTIMAL
TWF1,INFEASIBLE,OPTIMAL,OPTIMAL,INFEASIBLE
TMEM117,INFEASIBLE,OPTIMAL,OPTIMAL,OPTIMAL
NELL2,INFEASIBLE,OPTIMAL,OPTIMAL,INFEASIBLE
ANO6,INFEASIBLE,OPTIMAL,OPTIMAL,INFEASIBLE
ARID2,INFEASIBLE,INFEASIBLE,INFEASIBLE,INFEASIBLE
SCAF11,OPTIMAL,OPTIMAL,OPTIMAL,OPTIMAL
SLC38A1,INFEASIBLE,INFEASIBLE,OPTIMAL,INFEASIBLE
SLC38A2,INFEASIBLE,INFEASIBLE,OPTIMAL,OPTIMAL
RPAP3,INFEASIBLE,OPTIMAL,OPTIMAL,INFEASIBLE
SLC48A1,OPTIMAL,OPTIMAL,OPTIMAL,OPTIMAL
HDAC7,OPTIMAL,OPTIMAL,OPTIMAL,OPTIMAL
TMEM106C,INFEASIBLE,OPTIMAL,INFEASIBLE,INFEASIBLE
COL2A1,OPTIMAL,OPTIMAL,OPTIMAL,OPTIMAL
SENP1,INFEASIBLE,INFEASIBLE,OPTIMAL,INFEASIBLE
PFKM,INFEASIBLE,OPTIMAL,OPTIMAL,OPTIMAL
ASB8,INFEASIBLE,OPTIMAL,OPTIMAL,INFEASIBLE
KANSL2,INFEASIBLE,OPTIMAL,OPTIMAL,OPTIMAL
CCNT1,INFEASIBLE,INFEASIBLE,OPTIMAL,INFEASIBLE
ADCY6,OPTIMAL,OPTIMAL,OPTIMAL,OPTIMAL
DDX23,INFEASIBLE,OPTIMAL,OPTIMAL,INFEASIBLE
CCDC65,INFEASIBLE,OPTIMAL,OPTIMAL,INFEASIBLE
FKBP11,OPTIMAL,OPTIMAL,OPTIMAL,OPTIMAL
ARF3,INFEASIBLE,OPTIMAL,OPTIMAL,INFEASIBLE
PRKAG1,OPTIMAL,OPTIMAL,OPTIMAL,OPTIMAL
KMT2D,OPTIMAL,OPTIMAL,OPTIMAL,OPTIMAL
LMBR1L,OPTIMAL,OPTIMAL,OPTIMAL,OPTIMAL
TUBA1B,INFEASIBLE,INFEASIBLE,OPTIMAL,INFEASIBLE
TUBA1A,INFEASIBLE,OPTIMAL,OPTIMAL,INFEASIBLE
TUBA1C,INFEASIBLE,INFEASIBLE,OPTIMAL,INFEASIBLE
TROAP,INFEASIBLE,OPTIMAL,OPTIMAL,INFEASIBLE
SPATS2,INFEASIBLE,INFEASIBLE,OPTIMAL,INFEASIBLE
MCRS1,INFEASIBLE,OPTIMAL,OPTIMAL,OPTIMAL
PRPF40B,INFEASIBLE,OPTIMAL,OPTIMAL,INFEASIBLE
FMNL3,OPTIMAL,OPTIMAL,OPTIMAL,OPTIMAL
TMBIM6,INFEASIBLE,INFEASIBLE,OPTIMAL,INFEASIBLE
NCKAP5L,INFEASIBLE,OPTIMAL,OPTIMAL,OPTIMAL
BCDIN3D,OPTIMAL,OPTIMAL,OPTIMAL,OPTIMAL
RACGAP1,INFEASIBLE,OPTIMAL,OPTIMAL,INFEASIBLE
ASIC1,OPTIMAL,OPTIMAL,OPTIMAL,OPTIMAL
SMARCD1,INFEASIBLE,OPTIMAL,OPTIMAL,INFEASIBLE
COX14,INFEASIBLE,INFEASIBLE,OPTIMAL,INFEASIBLE
CERS5,INFEASIBLE,OPTIMAL,OPTIMAL,INFEASIBLE
LIMA1,OPTIMAL,OPTIMAL,OPTIMAL,INFEASIBLE
LARP4,INFEASIBLE,INFEASIBLE,OPTIMAL,INFEASIBLE
DIP2B,INFEASIBLE,OPTIMAL,OPTIMAL,INFEASIBLE
ATF1,INFEASIBLE,OPTIMAL,OPTIMAL,INFEASIBLE
METTL7A,INFEASIBLE,OPTIMAL,OPTIMAL,INFEASIBLE
SLC11A2,OPTIMAL,INFEASIBLE,OPTIMAL,OPTIMAL
LETMD1,INFEASIBLE,OPTIMAL,OPTIMAL,INFEASIBLE
CSRNP2,OPTIMAL,OPTIMAL,OPTIMAL,OPTIMAL
TFCP2,INFEASIBLE,OPTIMAL,OPTIMAL,INFEASIBLE
DAZAP2,INFEASIBLE,OPTIMAL,OPTIMAL,INFEASIBLE
GALNT6,OPTIMAL,INFEASIBLE,OPTIMAL,OPTIMAL
SCN8A,OPTIMAL,OPTIMAL,OPTIMAL,OPTIMAL
ACVR1B,OPTIMAL,OPTIMAL,OPTIMAL,OPTIMAL
ATG101,OPTIMAL,OPTIMAL,OPTIMAL,OPTIMAL
KRT8,OPTIMAL,OPTIMAL,OPTIMAL,OPTIMAL
KRT18,INFEASIBLE,INFEASIBLE,INFEASIBLE,INFEASIBLE
EIF4B,INFEASIBLE,INFEASIBLE,OPTIMAL,INFEASIBLE
CSAD,INFEASIBLE,OPTIMAL,OPTIMAL,INFEASIBLE
ZNF740,OPTIMAL,OPTIMAL,OPTIMAL,OPTIMAL
MFSD5,OPTIMAL,OPTIMAL,OPTIMAL,OPTIMAL
ESPL1,INFEASIBLE,INFEASIBLE,OPTIMAL,OPTIMAL
PFDN5,INFEASIBLE,OPTIMAL,OPTIMAL,INFEASIBLE
MYG1,OPTIMAL,INFEASIBLE,OPTIMAL,OPTIMAL
AAAS,OPTIMAL,OPTIMAL,OPTIMAL,OPTIMAL
SP1,INFEASIBLE,INFEASIBLE,INFEASIBLE,OPTIMAL
PRR13,INFEASIBLE,INFEASIBLE,OPTIMAL,OPTIMAL
PCBP2,INFEASIBLE,INFEASIBLE,OPTIMAL,INFEASIBLE
MAP3K12,INFEASIBLE,OPTIMAL,OPTIMAL,INFEASIBLE
TARBP2,OPTIMAL,OPTIMAL,OPTIMAL,OPTIMAL
ATF7,INFEASIBLE,OPTIMAL,OPTIMAL,INFEASIBLE
ATP5MC2,INFEASIBLE,INFEASIBLE,OPTIMAL,INFEASIBLE
HOXC10,OPTIMAL,OPTIMAL,OPTIMAL,OPTIMAL
HOXC6,OPTIMAL,OPTIMAL,OPTIMAL,INFEASIBLE
HOXC9,INFEASIBLE,INFEASIBLE,OPTIMAL,INFEASIBLE
HOXC8,OPTIMAL,OPTIMAL,OPTIMAL,OPTIMAL
HOXC4,OPTIMAL,OPTIMAL,OPTIMAL,OPTIMAL
SMUG1,OPTIMAL,OPTIMAL,OPTIMAL,OPTIMAL
CBX5,INFEASIBLE,OPTIMAL,INFEASIBLE,INFEASIBLE
HNRNPA1,INFEASIBLE,OPTIMAL,OPTIMAL,INFEASIBLE
COPZ1,INFEASIBLE,OPTIMAL,OPTIMAL,INFEASIBLE
ZNF385A,INFEASIBLE,OPTIMAL,OPTIMAL,OPTIMAL
ITGA5,OPTIMAL,OPTIMAL,OPTIMAL,OPTIMAL
PPP1R1A,INFEASIBLE,OPTIMAL,OPTIMAL,INFEASIBLE
BLOC1S1,INFEASIBLE,OPTIMAL,INFEASIBLE,INFEASIBLE
CD63,INFEASIBLE,INFEASIBLE,OPTIMAL,INFEASIBLE
GDF11,INFEASIBLE,OPTIMAL,OPTIMAL,INFEASIBLE
SARNP,INFEASIBLE,INFEASIBLE,INFEASIBLE,INFEASIBLE
ORMDL2,INFEASIBLE,INFEASIBLE,OPTIMAL,INFEASIBLE
DNAJC14,OPTIMAL,OPTIMAL,OPTIMAL,OPTIMAL
PYM1,INFEASIBLE,OPTIMAL,OPTIMAL,OPTIMAL
CDK2,OPTIMAL,OPTIMAL,OPTIMAL,OPTIMAL
RAB5B,OPTIMAL,OPTIMAL,OPTIMAL,OPTIMAL
RPS26,INFEASIBLE,INFEASIBLE,OPTIMAL,INFEASIBLE
PA2G4,INFEASIBLE,INFEASIBLE,OPTIMAL,INFEASIBLE
RPL41,INFEASIBLE,INFEASIBLE,OPTIMAL,INFEASIBLE
ESYT1,INFEASIBLE,INFEASIBLE,OPTIMAL,OPTIMAL
MYL6B,INFEASIBLE,OPTIMAL,INFEASIBLE,INFEASIBLE
MYL6,INFEASIBLE,OPTIMAL,INFEASIBLE,INFEASIBLE
SMARCC2,INFEASIBLE,INFEASIBLE,OPTIMAL,OPTIMAL
RNF41,OPTIMAL,INFEASIBLE,OPTIMAL,OPTIMAL
NABP2,INFEASIBLE,INFEASIBLE,OPTIMAL,OPTIMAL
ANKRD52,OPTIMAL,INFEASIBLE,OPTIMAL,OPTIMAL
COQ10A,OPTIMAL,INFEASIBLE,OPTIMAL,OPTIMAL
CS,INFEASIBLE,OPTIMAL,OPTIMAL,OPTIMAL
CNPY2,INFEASIBLE,INFEASIBLE,OPTIMAL,INFEASIBLE
STAT2,INFEASIBLE,OPTIMAL,OPTIMAL,OPTIMAL
TIMELESS,INFEASIBLE,OPTIMAL,OPTIMAL,OPTIMAL
SPRYD4,INFEASIBLE,OPTIMAL,OPTIMAL,OPTIMAL
RBMS2,OPTIMAL,OPTIMAL,OPTIMAL,OPTIMAL
BAZ2A,INFEASIBLE,OPTIMAL,OPTIMAL,OPTIMAL
ATP5F1B,INFEASIBLE,INFEASIBLE,OPTIMAL,INFEASIBLE
PTGES3,INFEASIBLE,INFEASIBLE,OPTIMAL,INFEASIBLE
NACA,INFEASIBLE,INFEASIBLE,OPTIMAL,INFEASIBLE
PRIM1,INFEASIBLE,OPTIMAL,OPTIMAL,OPTIMAL
ZBTB39,OPTIMAL,OPTIMAL,OPTIMAL,OPTIMAL
NEMP1,INFEASIBLE,OPTIMAL,OPTIMAL,INFEASIBLE
STAT6,OPTIMAL,INFEASIBLE,OPTIMAL,OPTIMAL
LRP1,OPTIMAL,OPTIMAL,OPTIMAL,OPTIMAL
SHMT2,INFEASIBLE,OPTIMAL,OPTIMAL,OPTIMAL
R3HDM2,INFEASIBLE,OPTIMAL,INFEASIBLE,INFEASIBLE
MARS1,INFEASIBLE,OPTIMAL,OPTIMAL,INFEASIBLE
MBD6,OPTIMAL,OPTIMAL,OPTIMAL,OPTIMAL
DCTN2,INFEASIBLE,OPTIMAL,OPTIMAL,INFEASIBLE
KIF5A,INFEASIBLE,INFEASIBLE,OPTIMAL,OPTIMAL
PIP4K2C,OPTIMAL,INFEASIBLE,OPTIMAL,OPTIMAL
OS9,INFEASIBLE,OPTIMAL,OPTIMAL,OPTIMAL
TSPAN31,INFEASIBLE,OPTIMAL,OPTIMAL,OPTIMAL
CDK4,INFEASIBLE,OPTIMAL,OPTIMAL,INFEASIBLE
MARCHF9,INFEASIBLE,OPTIMAL,OPTIMAL,INFEASIBLE
METTL1,OPTIMAL,OPTIMAL,INFEASIBLE,OPTIMAL
EEF1AKMT3,OPTIMAL,OPTIMAL,OPTIMAL,OPTIMAL
TSFM,INFEASIBLE,OPTIMAL,OPTIMAL,INFEASIBLE
CTDSP2,OPTIMAL,INFEASIBLE,OPTIMAL,OPTIMAL
ATP23,INFEASIBLE,OPTIMAL,INFEASIBLE,INFEASIBLE
LRIG3,INFEASIBLE,OPTIMAL,OPTIMAL,OPTIMAL
TAFA2,OPTIMAL,OPTIMAL,OPTIMAL,OPTIMAL
USP15,INFEASIBLE,OPTIMAL,OPTIMAL,INFEASIBLE
MON2,INFEASIBLE,OPTIMAL,OPTIMAL,INFEASIBLE
PPM1H,OPTIMAL,OPTIMAL,OPTIMAL,OPTIMAL
RXYLT1,OPTIMAL,OPTIMAL,OPTIMAL,OPTIMAL
SRGAP1,INFEASIBLE,OPTIMAL,OPTIMAL,INFEASIBLE
KICS2,INFEASIBLE,OPTIMAL,OPTIMAL,INFEASIBLE
XPOT,INFEASIBLE,OPTIMAL,OPTIMAL,OPTIMAL
TBK1,OPTIMAL,OPTIMAL,OPTIMAL,OPTIMAL
RASSF3,INFEASIBLE,OPTIMAL,OPTIMAL,OPTIMAL
GNS,OPTIMAL,OPTIMAL,OPTIMAL,OPTIMAL
TBC1D30,INFEASIBLE,OPTIMAL,OPTIMAL,INFEASIBLE
LEMD3,INFEASIBLE,OPTIMAL,OPTIMAL,OPTIMAL
MSRB3,INFEASIBLE,OPTIMAL,OPTIMAL,OPTIMAL
HMGA2,INFEASIBLE,INFEASIBLE,OPTIMAL,INFEASIBLE
LLPH,INFEASIBLE,OPTIMAL,OPTIMAL,INFEASIBLE
TMBIM4,INFEASIBLE,OPTIMAL,OPTIMAL,INFEASIBLE
HELB,INFEASIBLE,OPTIMAL,OPTIMAL,INFEASIBLE
GRIP1,INFEASIBLE,OPTIMAL,OPTIMAL,OPTIMAL
CAND1,INFEASIBLE,OPTIMAL,OPTIMAL,INFEASIBLE
DYRK2,OPTIMAL,OPTIMAL,OPTIMAL,INFEASIBLE
MDM1,INFEASIBLE,INFEASIBLE,OPTIMAL,OPTIMAL
RAP1B,INFEASIBLE,OPTIMAL,OPTIMAL,INFEASIBLE
NUP107,INFEASIBLE,INFEASIBLE,OPTIMAL,OPTIMAL
SLC35E3,INFEASIBLE,OPTIMAL,OPTIMAL,INFEASIBLE
MDM2,INFEASIBLE,OPTIMAL,OPTIMAL,INFEASIBLE
CPM,INFEASIBLE,OPTIMAL,OPTIMAL,OPTIMAL
CPSF6,INFEASIBLE,OPTIMAL,OPTIMAL,INFEASIBLE
YEATS4,INFEASIBLE,INFEASIBLE,OPTIMAL,INFEASIBLE
FRS2,INFEASIBLE,OPTIMAL,OPTIMAL,OPTIMAL
CCT2,INFEASIBLE,INFEASIBLE,OPTIMAL,INFEASIBLE
RAB3IP,INFEASIBLE,OPTIMAL,OPTIMAL,INFEASIBLE
CNOT2,INFEASIBLE,OPTIMAL,OPTIMAL,INFEASIBLE
KCNMB4,OPTIMAL,OPTIMAL,OPTIMAL,OPTIMAL
TSPAN8,OPTIMAL,OPTIMAL,OPTIMAL,OPTIMAL
LGR5,OPTIMAL,OPTIMAL,OPTIMAL,OPTIMAL
ZFC3H1,OPTIMAL,OPTIMAL,OPTIMAL,OPTIMAL
THAP2,OPTIMAL,INFEASIBLE,OPTIMAL,OPTIMAL
TMEM19,INFEASIBLE,OPTIMAL,OPTIMAL,INFEASIBLE
RAB21,INFEASIBLE,OPTIMAL,OPTIMAL,INFEASIBLE
TBC1D15,INFEASIBLE,OPTIMAL,OPTIMAL,INFEASIBLE
TRHDE,OPTIMAL,OPTIMAL,OPTIMAL,OPTIMAL
ATXN7L3B,OPTIMAL,OPTIMAL,OPTIMAL,OPTIMAL
CAPS2,INFEASIBLE,OPTIMAL,OPTIMAL,OPTIMAL
GLIPR1,INFEASIBLE,OPTIMAL,OPTIMAL,INFEASIBLE
KRR1,INFEASIBLE,OPTIMAL,OPTIMAL,INFEASIBLE
NAP1L1,INFEASIBLE,OPTIMAL,OPTIMAL,INFEASIBLE
OSBPL8,INFEASIBLE,OPTIMAL,OPTIMAL,INFEASIBLE
ZDHHC17,INFEASIBLE,OPTIMAL,OPTIMAL,INFEASIBLE
CSRP2,INFEASIBLE,OPTIMAL,OPTIMAL,INFEASIBLE
E2F7,INFEASIBLE,OPTIMAL,OPTIMAL,OPTIMAL
SYT1,INFEASIBLE,OPTIMAL,OPTIMAL,INFEASIBLE
PAWR,INFEASIBLE,INFEASIBLE,OPTIMAL,INFEASIBLE
PPP1R12A,INFEASIBLE,OPTIMAL,OPTIMAL,INFEASIBLE
LIN7A,INFEASIBLE,INFEASIBLE,OPTIMAL,INFEASIBLE
ACSS3,INFEASIBLE,OPTIMAL,OPTIMAL,INFEASIBLE
PPFIA2,OPTIMAL,OPTIMAL,OPTIMAL,OPTIMAL
CCDC59,INFEASIBLE,INFEASIBLE,OPTIMAL,INFEASIBLE
METTL25,INFEASIBLE,OPTIMAL,OPTIMAL,OPTIMAL
TMTC2,INFEASIBLE,OPTIMAL,OPTIMAL,INFEASIBLE
SLC6A15,INFEASIBLE,OPTIMAL,OPTIMAL,INFEASIBLE
ALX1,INFEASIBLE,OPTIMAL,OPTIMAL,INFEASIBLE
MGAT4C,OPTIMAL,OPTIMAL,OPTIMAL,OPTIMAL
C12orf29,INFEASIBLE,OPTIMAL,OPTIMAL,OPTIMAL
CEP290,INFEASIBLE,OPTIMAL,OPTIMAL,OPTIMAL
TMTC3,INFEASIBLE,OPTIMAL,OPTIMAL,OPTIMAL
KITLG,OPTIMAL,INFEASIBLE,OPTIMAL,OPTIMAL
POC1B,INFEASIBLE,OPTIMAL,OPTIMAL,OPTIMAL
ATP2B1,INFEASIBLE,OPTIMAL,OPTIMAL,INFEASIBLE
BTG1,INFEASIBLE,OPTIMAL,OPTIMAL,OPTIMAL
EEA1,OPTIMAL,OPTIMAL,OPTIMAL,OPTIMAL
NUDT4,OPTIMAL,OPTIMAL,OPTIMAL,OPTIMAL
UBE2N,INFEASIBLE,OPTIMAL,OPTIMAL,OPTIMAL
MRPL42,INFEASIBLE,INFEASIBLE,OPTIMAL,INFEASIBLE
CRADD,INFEASIBLE,OPTIMAL,OPTIMAL,OPTIMAL
CEP83,INFEASIBLE,OPTIMAL,OPTIMAL,INFEASIBLE
TMCC3,OPTIMAL,INFEASIBLE,OPTIMAL,OPTIMAL
NDUFA12,INFEASIBLE,INFEASIBLE,OPTIMAL,INFEASIBLE
NR2C1,INFEASIBLE,INFEASIBLE,OPTIMAL,INFEASIBLE
FGD6,OPTIMAL,OPTIMAL,OPTIMAL,OPTIMAL
VEZT,OPTIMAL,OPTIMAL,OPTIMAL,OPTIMAL
METAP2,INFEASIBLE,OPTIMAL,OPTIMAL,INFEASIBLE
USP44,OPTIMAL,OPTIMAL,OPTIMAL,OPTIMAL
SNRPF,INFEASIBLE,INFEASIBLE,OPTIMAL,INFEASIBLE
LTA4H,INFEASIBLE,OPTIMAL,OPTIMAL,INFEASIBLE
ELK3,INFEASIBLE,OPTIMAL,OPTIMAL,OPTIMAL
CDK17,INFEASIBLE,OPTIMAL,OPTIMAL,INFEASIBLE
NEDD1,INFEASIBLE,OPTIMAL,OPTIMAL,INFEASIBLE
TMPO,INFEASIBLE,OPTIMAL,OPTIMAL,INFEASIBLE
SLC25A3,INFEASIBLE,INFEASIBLE,OPTIMAL,INFEASIBLE
IKBIP,INFEASIBLE,INFEASIBLE,OPTIMAL,INFEASIBLE
APAF1,OPTIMAL,OPTIMAL,OPTIMAL,OPTIMAL
ANKS1B,OPTIMAL,OPTIMAL,OPTIMAL,OPTIMAL
BLTP3B,INFEASIBLE,OPTIMAL,OPTIMAL,INFEASIBLE
ACTR6,INFEASIBLE,OPTIMAL,OPTIMAL,INFEASIBLE
DEPDC4,OPTIMAL,OPTIMAL,OPTIMAL,OPTIMAL
SCYL2,INFEASIBLE,OPTIMAL,OPTIMAL,INFEASIBLE
GAS2L3,INFEASIBLE,OPTIMAL,OPTIMAL,INFEASIBLE
ANO4,INFEASIBLE,OPTIMAL,OPTIMAL,INFEASIBLE
UTP20,OPTIMAL,INFEASIBLE,OPTIMAL,OPTIMAL
ARL1,INFEASIBLE,OPTIMAL,OPTIMAL,INFEASIBLE
CHPT1,INFEASIBLE,OPTIMAL,OPTIMAL,INFEASIBLE
GNPTAB,INFEASIBLE,OPTIMAL,INFEASIBLE,INFEASIBLE
WASHC3,INFEASIBLE,INFEASIBLE,OPTIMAL,OPTIMAL
NUP37,INFEASIBLE,OPTIMAL,OPTIMAL,INFEASIBLE
PARPBP,INFEASIBLE,INFEASIBLE,OPTIMAL,INFEASIBLE
NT5DC3,OPTIMAL,OPTIMAL,OPTIMAL,INFEASIBLE
HSP90B1,INFEASIBLE,INFEASIBLE,OPTIMAL,INFEASIBLE
UQCC6,INFEASIBLE,OPTIMAL,OPTIMAL,INFEASIBLE
TDG,INFEASIBLE,OPTIMAL,OPTIMAL,INFEASIBLE
HCFC2,INFEASIBLE,OPTIMAL,OPTIMAL,INFEASIBLE
NFYB,INFEASIBLE,OPTIMAL,OPTIMAL,OPTIMAL
TXNRD1,INFEASIBLE,OPTIMAL,OPTIMAL,INFEASIBLE
CHST11,OPTIMAL,OPTIMAL,OPTIMAL,OPTIMAL
SLC41A2,INFEASIBLE,OPTIMAL,OPTIMAL,INFEASIBLE
NOPCHAP1,INFEASIBLE,INFEASIBLE,OPTIMAL,INFEASIBLE
ALDH1L2,INFEASIBLE,OPTIMAL,OPTIMAL,INFEASIBLE
WASHC4,OPTIMAL,OPTIMAL,OPTIMAL,OPTIMAL
APPL2,INFEASIBLE,OPTIMAL,OPTIMAL,OPTIMAL
C12orf75,INFEASIBLE,OPTIMAL,OPTIMAL,INFEASIBLE
NUAK1,OPTIMAL,OPTIMAL,OPTIMAL,OPTIMAL
CKAP4,INFEASIBLE,INFEASIBLE,OPTIMAL,INFEASIBLE
POLR3B,INFEASIBLE,INFEASIBLE,OPTIMAL,INFEASIBLE
RIC8B,INFEASIBLE,OPTIMAL,OPTIMAL,INFEASIBLE
TMEM263,INFEASIBLE,OPTIMAL,OPTIMAL,INFEASIBLE
MTERF2,INFEASIBLE,OPTIMAL,OPTIMAL,INFEASIBLE
CRY1,INFEASIBLE,OPTIMAL,OPTIMAL,OPTIMAL
ABTB3,OPTIMAL,OPTIMAL,OPTIMAL,OPTIMAL
PWP1,INFEASIBLE,OPTIMAL,OPTIMAL,INFEASIBLE
PRDM4,OPTIMAL,OPTIMAL,OPTIMAL,OPTIMAL
SART3,OPTIMAL,INFEASIBLE,OPTIMAL,OPTIMAL
ISCU,INFEASIBLE,INFEASIBLE,OPTIMAL,INFEASIBLE
CORO1C,INFEASIBLE,OPTIMAL,OPTIMAL,INFEASIBLE
SSH1,INFEASIBLE,INFEASIBLE,OPTIMAL,INFEASIBLE
USP30,INFEASIBLE,OPTIMAL,OPTIMAL,OPTIMAL
ALKBH2,INFEASIBLE,OPTIMAL,OPTIMAL,INFEASIBLE
UNG,INFEASIBLE,OPTIMAL,OPTIMAL,OPTIMAL
ACACB,OPTIMAL,OPTIMAL,OPTIMAL,OPTIMAL
KCTD10,OPTIMAL,OPTIMAL,OPTIMAL,OPTIMAL
UBE3B,INFEASIBLE,OPTIMAL,OPTIMAL,INFEASIBLE
MMAB,INFEASIBLE,OPTIMAL,OPTIMAL,OPTIMAL
MVK,OPTIMAL,OPTIMAL,OPTIMAL,OPTIMAL
FAM222A,OPTIMAL,OPTIMAL,OPTIMAL,OPTIMAL
GLTP,INFEASIBLE,OPTIMAL,OPTIMAL,OPTIMAL
TCHP,INFEASIBLE,INFEASIBLE,OPTIMAL,INFEASIBLE
GIT2,INFEASIBLE,OPTIMAL,OPTIMAL,INFEASIBLE
ANKRD13A,INFEASIBLE,OPTIMAL,OPTIMAL,OPTIMAL
C12orf76,INFEASIBLE,OPTIMAL,INFEASIBLE,OPTIMAL
IFT81,INFEASIBLE,OPTIMAL,OPTIMAL,INFEASIBLE
ATP2A2,INFEASIBLE,OPTIMAL,OPTIMAL,INFEASIBLE
ANAPC7,INFEASIBLE,OPTIMAL,OPTIMAL,INFEASIBLE
ARPC3,INFEASIBLE,OPTIMAL,OPTIMAL,INFEASIBLE
GPN3,INFEASIBLE,OPTIMAL,OPTIMAL,INFEASIBLE
FAM216A,INFEASIBLE,OPTIMAL,OPTIMAL,INFEASIBLE
VPS29,INFEASIBLE,OPTIMAL,INFEASIBLE,INFEASIBLE
PPTC7,INFEASIBLE,OPTIMAL,OPTIMAL,INFEASIBLE
TCTN1,OPTIMAL,OPTIMAL,OPTIMAL,OPTIMAL
PPP1CC,INFEASIBLE,OPTIMAL,OPTIMAL,INFEASIBLE
CUX2,OPTIMAL,OPTIMAL,OPTIMAL,OPTIMAL
SH2B3,OPTIMAL,OPTIMAL,OPTIMAL,OPTIMAL
ATXN2,INFEASIBLE,INFEASIBLE,OPTIMAL,INFEASIBLE
BRAP,INFEASIBLE,OPTIMAL,OPTIMAL,OPTIMAL
ACAD10,OPTIMAL,INFEASIBLE,OPTIMAL,OPTIMAL
ALDH2,OPTIMAL,OPTIMAL,OPTIMAL,OPTIMAL
MAPKAPK5,OPTIMAL,INFEASIBLE,OPTIMAL,OPTIMAL
TMEM116,INFEASIBLE,OPTIMAL,OPTIMAL,INFEASIBLE
ERP29,INFEASIBLE,INFEASIBLE,OPTIMAL,INFEASIBLE
NAA25,INFEASIBLE,INFEASIBLE,OPTIMAL,INFEASIBLE
TRAFD1,OPTIMAL,OPTIMAL,OPTIMAL,OPTIMAL
HECTD4,INFEASIBLE,OPTIMAL,OPTIMAL,INFEASIBLE
RPL6,INFEASIBLE,OPTIMAL,OPTIMAL,INFEASIBLE
PTPN11,INFEASIBLE,OPTIMAL,OPTIMAL,INFEASIBLE
DDX54,INFEASIBLE,OPTIMAL,OPTIMAL,OPTIMAL
RITA1,OPTIMAL,INFEASIBLE,OPTIMAL,OPTIMAL
TPCN1,OPTIMAL,OPTIMAL,OPTIMAL,OPTIMAL
PLBD2,OPTIMAL,OPTIMAL,OPTIMAL,OPTIMAL
RBM19,INFEASIBLE,OPTIMAL,OPTIMAL,OPTIMAL
TBX3,INFEASIBLE,OPTIMAL,OPTIMAL,INFEASIBLE
MED13L,INFEASIBLE,OPTIMAL,OPTIMAL,INFEASIBLE
SPRING1,INFEASIBLE,OPTIMAL,OPTIMAL,INFEASIBLE
RNFT2,OPTIMAL,OPTIMAL,OPTIMAL,OPTIMAL
HRK,OPTIMAL,OPTIMAL,OPTIMAL,OPTIMAL
FBXW8,INFEASIBLE,OPTIMAL,OPTIMAL,INFEASIBLE
TESC,OPTIMAL,OPTIMAL,OPTIMAL,INFEASIBLE
FBXO21,INFEASIBLE,OPTIMAL,OPTIMAL,INFEASIBLE
KSR2,INFEASIBLE,OPTIMAL,OPTIMAL,OPTIMAL
RFC5,INFEASIBLE,OPTIMAL,OPTIMAL,INFEASIBLE
WSB2,INFEASIBLE,OPTIMAL,OPTIMAL,INFEASIBLE
VSIG10,INFEASIBLE,OPTIMAL,OPTIMAL,OPTIMAL
PEBP1,INFEASIBLE,INFEASIBLE,OPTIMAL,OPTIMAL
TAOK3,INFEASIBLE,OPTIMAL,OPTIMAL,INFEASIBLE
SUDS3,INFEASIBLE,OPTIMAL,OPTIMAL,INFEASIBLE
PRKAB1,INFEASIBLE,OPTIMAL,OPTIMAL,INFEASIBLE
CIT,INFEASIBLE,OPTIMAL,OPTIMAL,INFEASIBLE
RAB35,INFEASIBLE,OPTIMAL,OPTIMAL,OPTIMAL
GCN1,INFEASIBLE,OPTIMAL,OPTIMAL,INFEASIBLE
RPLP0,INFEASIBLE,INFEASIBLE,OPTIMAL,INFEASIBLE
PXN,OPTIMAL,OPTIMAL,OPTIMAL,OPTIMAL
MSI1,OPTIMAL,OPTIMAL,OPTIMAL,OPTIMAL
COX6A1,INFEASIBLE,INFEASIBLE,OPTIMAL,INFEASIBLE
TRIAP1,INFEASIBLE,OPTIMAL,OPTIMAL,INFEASIBLE
GATC,INFEASIBLE,OPTIMAL,OPTIMAL,INFEASIBLE
SRSF9,INFEASIBLE,OPTIMAL,OPTIMAL,INFEASIBLE
DYNLL1,INFEASIBLE,INFEASIBLE,OPTIMAL,INFEASIBLE
COQ5,INFEASIBLE,OPTIMAL,OPTIMAL,OPTIMAL
RNF10,OPTIMAL,OPTIMAL,OPTIMAL,OPTIMAL
POP5,INFEASIBLE,INFEASIBLE,OPTIMAL,INFEASIBLE
MLEC,INFEASIBLE,INFEASIBLE,OPTIMAL,INFEASIBLE
UNC119B,OPTIMAL,OPTIMAL,OPTIMAL,OPTIMAL
SPPL3,INFEASIBLE,OPTIMAL,OPTIMAL,INFEASIBLE
C12orf43,INFEASIBLE,OPTIMAL,OPTIMAL,INFEASIBLE
P2RX4,OPTIMAL,INFEASIBLE,OPTIMAL,OPTIMAL
CAMKK2,INFEASIBLE,OPTIMAL,OPTIMAL,INFEASIBLE
ANAPC5,INFEASIBLE,INFEASIBLE,OPTIMAL,INFEASIBLE
RNF34,INFEASIBLE,OPTIMAL,OPTIMAL,INFEASIBLE
KDM2B,INFEASIBLE,OPTIMAL,OPTIMAL,INFEASIBLE
ORAI1,OPTIMAL,OPTIMAL,OPTIMAL,OPTIMAL
TMEM120B,INFEASIBLE,INFEASIBLE,OPTIMAL,INFEASIBLE
RHOF,OPTIMAL,OPTIMAL,OPTIMAL,OPTIMAL
SETD1B,OPTIMAL,OPTIMAL,OPTIMAL,OPTIMAL
PSMD9,INFEASIBLE,OPTIMAL,OPTIMAL,INFEASIBLE
CFAP251,OPTIMAL,OPTIMAL,OPTIMAL,OPTIMAL
BCL7A,INFEASIBLE,OPTIMAL,OPTIMAL,INFEASIBLE
MLXIP,INFEASIBLE,OPTIMAL,OPTIMAL,INFEASIBLE
VPS33A,INFEASIBLE,OPTIMAL,OPTIMAL,OPTIMAL
CLIP1,INFEASIBLE,OPTIMAL,OPTIMAL,INFEASIBLE
ZCCHC8,OPTIMAL,INFEASIBLE,OPTIMAL,OPTIMAL
RSRC2,INFEASIBLE,OPTIMAL,OPTIMAL,INFEASIBLE
KNTC1,INFEASIBLE,OPTIMAL,OPTIMAL,INFEASIBLE
DENR,INFEASIBLE,OPTIMAL,OPTIMAL,INFEASIBLE
HIP1R,OPTIMAL,OPTIMAL,OPTIMAL,OPTIMAL
VPS37B,OPTIMAL,OPTIMAL,OPTIMAL,OPTIMAL
ABCB9,OPTIMAL,OPTIMAL,OPTIMAL,INFEASIBLE
ARL6IP4,INFEASIBLE,INFEASIBLE,OPTIMAL,INFEASIBLE
PITPNM2,OPTIMAL,OPTIMAL,OPTIMAL,OPTIMAL
MPHOSPH9,INFEASIBLE,OPTIMAL,OPTIMAL,INFEASIBLE
MTRFR,INFEASIBLE,OPTIMAL,OPTIMAL,INFEASIBLE
CDK2AP1,INFEASIBLE,OPTIMAL,OPTIMAL,INFEASIBLE
SBNO1,INFEASIBLE,OPTIMAL,OPTIMAL,INFEASIBLE
KMT5A,INFEASIBLE,OPTIMAL,OPTIMAL,INFEASIBLE
RILPL2,OPTIMAL,OPTIMAL,OPTIMAL,OPTIMAL
SNRNP35,INFEASIBLE,OPTIMAL,OPTIMAL,INFEASIBLE
RILPL1,INFEASIBLE,OPTIMAL,OPTIMAL,OPTIMAL
TMED2,INFEASIBLE,OPTIMAL,OPTIMAL,INFEASIBLE
DDX55,INFEASIBLE,OPTIMAL,OPTIMAL,OPTIMAL
EIF2B1,INFEASIBLE,OPTIMAL,OPTIMAL,INFEASIBLE
GTF2H3,INFEASIBLE,OPTIMAL,OPTIMAL,INFEASIBLE
TCTN2,INFEASIBLE,OPTIMAL,OPTIMAL,OPTIMAL
ATP6V0A2,INFEASIBLE,OPTIMAL,INFEASIBLE,INFEASIBLE
CCDC92,OPTIMAL,OPTIMAL,OPTIMAL,OPTIMAL
ZNF664,OPTIMAL,OPTIMAL,OPTIMAL,OPTIMAL
NCOR2,INFEASIBLE,OPTIMAL,OPTIMAL,INFEASIBLE
SCARB1,INFEASIBLE,INFEASIBLE,OPTIMAL,OPTIMAL
UBC,INFEASIBLE,OPTIMAL,OPTIMAL,OPTIMAL
DHX37,INFEASIBLE,OPTIMAL,OPTIMAL,INFEASIBLE
BRI3BP,INFEASIBLE,OPTIMAL,OPTIMAL,INFEASIBLE
AACS,OPTIMAL,OPTIMAL,OPTIMAL,OPTIMAL
SLC15A4,INFEASIBLE,OPTIMAL,OPTIMAL,OPTIMAL
STX2,INFEASIBLE,INFEASIBLE,OPTIMAL,INFEASIBLE
RAN,INFEASIBLE,INFEASIBLE,OPTIMAL,INFEASIBLE
SFSWAP,INFEASIBLE,OPTIMAL,OPTIMAL,OPTIMAL
ULK1,INFEASIBLE,OPTIMAL,OPTIMAL,INFEASIBLE
PUS1,INFEASIBLE,OPTIMAL,OPTIMAL,OPTIMAL
EP400,INFEASIBLE,OPTIMAL,OPTIMAL,INFEASIBLE
DDX51,OPTIMAL,OPTIMAL,OPTIMAL,OPTIMAL
NOC4L,INFEASIBLE,OPTIMAL,OPTIMAL,INFEASIBLE
FBRSL1,OPTIMAL,OPTIMAL,OPTIMAL,OPTIMAL
POLE,OPTIMAL,OPTIMAL,OPTIMAL,OPTIMAL
PXMP2,INFEASIBLE,OPTIMAL,OPTIMAL,OPTIMAL
PGAM5,INFEASIBLE,OPTIMAL,OPTIMAL,INFEASIBLE
ANKLE2,INFEASIBLE,INFEASIBLE,OPTIMAL,INFEASIBLE
GOLGA3,INFEASIBLE,OPTIMAL,OPTIMAL,INFEASIBLE
CHFR,OPTIMAL,OPTIMAL,OPTIMAL,OPTIMAL
ZNF26,OPTIMAL,INFEASIBLE,OPTIMAL,OPTIMAL
ZNF84,OPTIMAL,OPTIMAL,OPTIMAL,OPTIMAL
ZNF140,OPTIMAL,OPTIMAL,OPTIMAL,INFEASIBLE
ZNF891,OPTIMAL,OPTIMAL,OPTIMAL,OPTIMAL
ZNF10,INFEASIBLE,OPTIMAL,OPTIMAL,INFEASIBLE
ZNF268,OPTIMAL,OPTIMAL,OPTIMAL,OPTIMAL
MPHOSPH8,INFEASIBLE,OPTIMAL,OPTIMAL,OPTIMAL
PSPC1,INFEASIBLE,OPTIMAL,OPTIMAL,INFEASIBLE
ZMYM5,INFEASIBLE,OPTIMAL,OPTIMAL,INFEASIBLE
ZMYM2,INFEASIBLE,OPTIMAL,OPTIMAL,INFEASIBLE
CRYL1,INFEASIBLE,OPTIMAL,OPTIMAL,INFEASIBLE
IFT88,OPTIMAL,OPTIMAL,OPTIMAL,OPTIMAL
EEF1AKMT1,INFEASIBLE,OPTIMAL,OPTIMAL,INFEASIBLE
XPO4,INFEASIBLE,OPTIMAL,OPTIMAL,INFEASIBLE
LATS2,OPTIMAL,OPTIMAL,OPTIMAL,OPTIMAL
SAP18,INFEASIBLE,INFEASIBLE,INFEASIBLE,INFEASIBLE
SKA3,INFEASIBLE,OPTIMAL,OPTIMAL,OPTIMAL
MRPL57,INFEASIBLE,INFEASIBLE,INFEASIBLE,INFEASIBLE
ZDHHC20,INFEASIBLE,OPTIMAL,OPTIMAL,INFEASIBLE
MICU2,OPTIMAL,OPTIMAL,OPTIMAL,OPTIMAL
SACS,OPTIMAL,OPTIMAL,OPTIMAL,OPTIMAL
MIPEP,INFEASIBLE,OPTIMAL,OPTIMAL,OPTIMAL
SPATA13,OPTIMAL,OPTIMAL,OPTIMAL,INFEASIBLE
PARP4,OPTIMAL,OPTIMAL,OPTIMAL,OPTIMAL
CENPJ,INFEASIBLE,OPTIMAL,OPTIMAL,OPTIMAL
MTMR6,OPTIMAL,OPTIMAL,OPTIMAL,OPTIMAL
NUP58,INFEASIBLE,OPTIMAL,OPTIMAL,INFEASIBLE
SHISA2,OPTIMAL,OPTIMAL,OPTIMAL,OPTIMAL
RNF6,OPTIMAL,OPTIMAL,OPTIMAL,OPTIMAL
CDK8,INFEASIBLE,OPTIMAL,OPTIMAL,INFEASIBLE
WASF3,INFEASIBLE,OPTIMAL,OPTIMAL,INFEASIBLE
USP12,INFEASIBLE,OPTIMAL,OPTIMAL,INFEASIBLE
RPL21,INFEASIBLE,OPTIMAL,OPTIMAL,INFEASIBLE
GTF3A,INFEASIBLE,OPTIMAL,OPTIMAL,INFEASIBLE
MTIF3,INFEASIBLE,OPTIMAL,OPTIMAL,INFEASIBLE
LNX2,OPTIMAL,OPTIMAL,OPTIMAL,OPTIMAL
POLR1D,INFEASIBLE,OPTIMAL,OPTIMAL,INFEASIBLE
CDX2,OPTIMAL,OPTIMAL,OPTIMAL,OPTIMAL
FLT3,INFEASIBLE,OPTIMAL,OPTIMAL,OPTIMAL
PAN3,INFEASIBLE,OPTIMAL,OPTIMAL,INFEASIBLE
FLT1,OPTIMAL,OPTIMAL,OPTIMAL,OPTIMAL
POMP,INFEASIBLE,OPTIMAL,INFEASIBLE,INFEASIBLE
SLC7A1,INFEASIBLE,INFEASIBLE,OPTIMAL,INFEASIBLE
UBL3,OPTIMAL,OPTIMAL,OPTIMAL,OPTIMAL
KATNAL1,INFEASIBLE,OPTIMAL,OPTIMAL,INFEASIBLE
HMGB1,INFEASIBLE,INFEASIBLE,INFEASIBLE,INFEASIBLE
USPL1,OPTIMAL,OPTIMAL,OPTIMAL,OPTIMAL
HSPH1,INFEASIBLE,OPTIMAL,OPTIMAL,INFEASIBLE
B3GLCT,OPTIMAL,OPTIMAL,OPTIMAL,INFEASIBLE
FRY,OPTIMAL,OPTIMAL,OPTIMAL,OPTIMAL
BRCA2,INFEASIBLE,OPTIMAL,OPTIMAL,OPTIMAL
N4BP2L2,INFEASIBLE,OPTIMAL,OPTIMAL,INFEASIBLE
PDS5B,INFEASIBLE,INFEASIBLE,OPTIMAL,INFEASIBLE
STARD13,INFEASIBLE,OPTIMAL,OPTIMAL,INFEASIBLE
RFC3,INFEASIBLE,OPTIMAL,OPTIMAL,OPTIMAL
NBEA,OPTIMAL,OPTIMAL,OPTIMAL,OPTIMAL
SPART,INFEASIBLE,OPTIMAL,OPTIMAL,OPTIMAL
RFXAP,OPTIMAL,OPTIMAL,OPTIMAL,OPTIMAL
SMAD9,INFEASIBLE,INFEASIBLE,OPTIMAL,INFEASIBLE
ALG5,INFEASIBLE,OPTIMAL,OPTIMAL,OPTIMAL
EXOSC8,INFEASIBLE,INFEASIBLE,OPTIMAL,INFEASIBLE
SUPT20H,OPTIMAL,OPTIMAL,OPTIMAL,OPTIMAL
UFM1,INFEASIBLE,OPTIMAL,OPTIMAL,INFEASIBLE
FREM2,INFEASIBLE,OPTIMAL,OPTIMAL,OPTIMAL
PROSER1,OPTIMAL,OPTIMAL,OPTIMAL,OPTIMAL
NHLRC3,INFEASIBLE,OPTIMAL,OPTIMAL,OPTIMAL
LHFPL6,INFEASIBLE,OPTIMAL,OPTIMAL,INFEASIBLE
COG6,OPTIMAL,OPTIMAL,OPTIMAL,OPTIMAL
FOXO1,INFEASIBLE,INFEASIBLE,OPTIMAL,INFEASIBLE
MRPS31,INFEASIBLE,OPTIMAL,OPTIMAL,INFEASIBLE
SLC25A15,OPTIMAL,OPTIMAL,OPTIMAL,INFEASIBLE
ELF1,INFEASIBLE,OPTIMAL,OPTIMAL,INFEASIBLE
WBP4,INFEASIBLE,OPTIMAL,OPTIMAL,OPTIMAL
KBTBD6,OPTIMAL,OPTIMAL,OPTIMAL,OPTIMAL
KBTBD7,OPTIMAL,OPTIMAL,OPTIMAL,OPTIMAL
MTRF1,OPTIMAL,OPTIMAL,OPTIMAL,OPTIMAL
NAA16,INFEASIBLE,INFEASIBLE,OPTIMAL,INFEASIBLE
VWA8,INFEASIBLE,INFEASIBLE,OPTIMAL,INFEASIBLE
DGKH,INFEASIBLE,OPTIMAL,OPTIMAL,OPTIMAL
AKAP11,OPTIMAL,OPTIMAL,OPTIMAL,OPTIMAL
ENOX1,INFEASIBLE,OPTIMAL,OPTIMAL,OPTIMAL
CCDC122,INFEASIBLE,OPTIMAL,OPTIMAL,INFEASIBLE
TSC22D1,INFEASIBLE,OPTIMAL,OPTIMAL,OPTIMAL
NUFIP1,INFEASIBLE,INFEASIBLE,OPTIMAL,INFEASIBLE
GPALPP1,INFEASIBLE,OPTIMAL,OPTIMAL,INFEASIBLE
GTF2F2,INFEASIBLE,OPTIMAL,OPTIMAL,INFEASIBLE
TPT1,INFEASIBLE,OPTIMAL,OPTIMAL,INFEASIBLE
COG3,OPTIMAL,OPTIMAL,OPTIMAL,OPTIMAL
ZC3H13,INFEASIBLE,OPTIMAL,OPTIMAL,INFEASIBLE
LRCH1,INFEASIBLE,INFEASIBLE,OPTIMAL,INFEASIBLE
ESD,INFEASIBLE,OPTIMAL,OPTIMAL,INFEASIBLE
SUCLA2,INFEASIBLE,OPTIMAL,OPTIMAL,INFEASIBLE
NUDT15,INFEASIBLE,OPTIMAL,OPTIMAL,INFEASIBLE
MED4,INFEASIBLE,OPTIMAL,OPTIMAL,INFEASIBLE
ITM2B,INFEASIBLE,OPTIMAL,INFEASIBLE,OPTIMAL
RB1,INFEASIBLE,OPTIMAL,OPTIMAL,OPTIMAL
FNDC3A,INFEASIBLE,OPTIMAL,OPTIMAL,INFEASIBLE
CDADC1,OPTIMAL,OPTIMAL,OPTIMAL,OPTIMAL
SETDB2,INFEASIBLE,OPTIMAL,OPTIMAL,OPTIMAL
RCBTB1,OPTIMAL,OPTIMAL,OPTIMAL,OPTIMAL
EBPL,INFEASIBLE,OPTIMAL,OPTIMAL,OPTIMAL
KPNA3,INFEASIBLE,OPTIMAL,OPTIMAL,INFEASIBLE
SPRYD7,INFEASIBLE,OPTIMAL,OPTIMAL,INFEASIBLE
TRIM13,INFEASIBLE,OPTIMAL,INFEASIBLE,OPTIMAL
RNASEH2B,INFEASIBLE,OPTIMAL,OPTIMAL,INFEASIBLE
INTS6,OPTIMAL,INFEASIBLE,OPTIMAL,OPTIMAL
WDFY2,OPTIMAL,OPTIMAL,OPTIMAL,INFEASIBLE
ATP7B,OPTIMAL,OPTIMAL,OPTIMAL,OPTIMAL
ALG11,OPTIMAL,OPTIMAL,OPTIMAL,OPTIMAL
NEK3,OPTIMAL,OPTIMAL,OPTIMAL,OPTIMAL
VPS36,INFEASIBLE,INFEASIBLE,OPTIMAL,INFEASIBLE
CKAP2,INFEASIBLE,OPTIMAL,OPTIMAL,INFEASIBLE
SUGT1,INFEASIBLE,INFEASIBLE,OPTIMAL,INFEASIBLE
PCDH17,OPTIMAL,OPTIMAL,OPTIMAL,OPTIMAL
DIAPH3,INFEASIBLE,OPTIMAL,OPTIMAL,INFEASIBLE
TDRD3,INFEASIBLE,OPTIMAL,OPTIMAL,INFEASIBLE
PCDH9,INFEASIBLE,OPTIMAL,OPTIMAL,INFEASIBLE
DACH1,INFEASIBLE,OPTIMAL,OPTIMAL,INFEASIBLE
MZT1,INFEASIBLE,OPTIMAL,OPTIMAL,INFEASIBLE
BORA,OPTIMAL,INFEASIBLE,OPTIMAL,OPTIMAL
DIS3,INFEASIBLE,OPTIMAL,OPTIMAL,INFEASIBLE
PIBF1,INFEASIBLE,INFEASIBLE,OPTIMAL,INFEASIBLE
KLF5,OPTIMAL,OPTIMAL,OPTIMAL,OPTIMAL
KLF12,INFEASIBLE,OPTIMAL,OPTIMAL,INFEASIBLE
TBC1D4,INFEASIBLE,OPTIMAL,OPTIMAL,INFEASIBLE
COMMD6,INFEASIBLE,INFEASIBLE,INFEASIBLE,INFEASIBLE
UCHL3,INFEASIBLE,INFEASIBLE,OPTIMAL,INFEASIBLE
LMO7,INFEASIBLE,OPTIMAL,OPTIMAL,INFEASIBLE
KCTD12,OPTIMAL,OPTIMAL,OPTIMAL,INFEASIBLE
CLN5,INFEASIBLE,INFEASIBLE,OPTIMAL,OPTIMAL
FBXL3,INFEASIBLE,INFEASIBLE,OPTIMAL,OPTIMAL
MYCBP2,INFEASIBLE,INFEASIBLE,OPTIMAL,INFEASIBLE
SLAIN1,OPTIMAL,OPTIMAL,OPTIMAL,OPTIMAL
POU4F1,OPTIMAL,OPTIMAL,OPTIMAL,OPTIMAL
OBI1,INFEASIBLE,OPTIMAL,OPTIMAL,OPTIMAL
RBM26,INFEASIBLE,OPTIMAL,OPTIMAL,INFEASIBLE
NDFIP2,INFEASIBLE,OPTIMAL,OPTIMAL,INFEASIBLE
SPRY2,INFEASIBLE,OPTIMAL,OPTIMAL,OPTIMAL
SLITRK5,OPTIMAL,OPTIMAL,OPTIMAL,OPTIMAL
GPC5,INFEASIBLE,INFEASIBLE,OPTIMAL,OPTIMAL
GPC6,INFEASIBLE,OPTIMAL,OPTIMAL,INFEASIBLE
TGDS,OPTIMAL,OPTIMAL,OPTIMAL,OPTIMAL
GPR180,OPTIMAL,OPTIMAL,OPTIMAL,OPTIMAL
ABCC4,OPTIMAL,OPTIMAL,OPTIMAL,INFEASIBLE
DZIP1,INFEASIBLE,OPTIMAL,OPTIMAL,OPTIMAL
DNAJC3,INFEASIBLE,OPTIMAL,OPTIMAL,OPTIMAL
UGGT2,INFEASIBLE,INFEASIBLE,OPTIMAL,INFEASIBLE
HS6ST3,OPTIMAL,OPTIMAL,OPTIMAL,OPTIMAL
MBNL2,INFEASIBLE,OPTIMAL,OPTIMAL,INFEASIBLE
RAP2A,INFEASIBLE,OPTIMAL,OPTIMAL,INFEASIBLE
IPO5,INFEASIBLE,OPTIMAL,OPTIMAL,OPTIMAL
FARP1,OPTIMAL,OPTIMAL,OPTIMAL,OPTIMAL
STK24,INFEASIBLE,OPTIMAL,OPTIMAL,OPTIMAL
DOCK9,OPTIMAL,OPTIMAL,OPTIMAL,OPTIMAL
UBAC2,INFEASIBLE,OPTIMAL,OPTIMAL,INFEASIBLE
TM9SF2,INFEASIBLE,OPTIMAL,OPTIMAL,INFEASIBLE
CLYBL,OPTIMAL,OPTIMAL,OPTIMAL,OPTIMAL
ZIC5,INFEASIBLE,OPTIMAL,INFEASIBLE,INFEASIBLE
ZIC2,INFEASIBLE,OPTIMAL,OPTIMAL,INFEASIBLE
PCCA,OPTIMAL,OPTIMAL,OPTIMAL,INFEASIBLE
TMTC4,OPTIMAL,OPTIMAL,OPTIMAL,OPTIMAL
TPP2,OPTIMAL,OPTIMAL,OPTIMAL,OPTIMAL
TEX30,INFEASIBLE,OPTIMAL,OPTIMAL,INFEASIBLE
BIVM,OPTIMAL,OPTIMAL,OPTIMAL,OPTIMAL
ERCC5,OPTIMAL,OPTIMAL,OPTIMAL,OPTIMAL
EFNB2,INFEASIBLE,OPTIMAL,OPTIMAL,INFEASIBLE
ARGLU1,INFEASIBLE,OPTIMAL,OPTIMAL,INFEASIBLE
NALF1,OPTIMAL,OPTIMAL,OPTIMAL,OPTIMAL
COL4A2,OPTIMAL,INFEASIBLE,OPTIMAL,OPTIMAL
CARS2,INFEASIBLE,OPTIMAL,OPTIMAL,INFEASIBLE
ING1,INFEASIBLE,OPTIMAL,OPTIMAL,OPTIMAL
ANKRD10,INFEASIBLE,OPTIMAL,OPTIMAL,OPTIMAL
ARHGEF7,OPTIMAL,OPTIMAL,OPTIMAL,OPTIMAL
TUBGCP3,OPTIMAL,OPTIMAL,OPTIMAL,OPTIMAL
ATP11A,OPTIMAL,OPTIMAL,OPTIMAL,OPTIMAL
PCID2,OPTIMAL,OPTIMAL,OPTIMAL,INFEASIBLE
CUL4A,INFEASIBLE,OPTIMAL,OPTIMAL,OPTIMAL
LAMP1,INFEASIBLE,OPTIMAL,OPTIMAL,OPTIMAL
GRTP1,OPTIMAL,OPTIMAL,OPTIMAL,OPTIMAL
DCUN1D2,OPTIMAL,OPTIMAL,OPTIMAL,OPTIMAL
TMCO3,OPTIMAL,OPTIMAL,OPTIMAL,OPTIMAL
TFDP1,INFEASIBLE,OPTIMAL,OPTIMAL,INFEASIBLE
CDC16,OPTIMAL,OPTIMAL,OPTIMAL,OPTIMAL
UPF3A,INFEASIBLE,OPTIMAL,OPTIMAL,INFEASIBLE
CHAMP1,OPTIMAL,OPTIMAL,OPTIMAL,OPTIMAL
POTEG,OPTIMAL,OPTIMAL,OPTIMAL,OPTIMAL
TTC5,OPTIMAL,OPTIMAL,OPTIMAL,OPTIMAL
CCNB1IP1,INFEASIBLE,OPTIMAL,OPTIMAL,OPTIMAL
PARP2,OPTIMAL,OPTIMAL,OPTIMAL,OPTIMAL
OSGEP,OPTIMAL,OPTIMAL,OPTIMAL,OPTIMAL
APEX1,INFEASIBLE,OPTIMAL,OPTIMAL,OPTIMAL
PIP4P1,OPTIMAL,OPTIMAL,OPTIMAL,OPTIMAL
PNP,OPTIMAL,OPTIMAL,OPTIMAL,OPTIMAL
METTL17,OPTIMAL,OPTIMAL,OPTIMAL,OPTIMAL
NDRG2,OPTIMAL,OPTIMAL,OPTIMAL,OPTIMAL
HNRNPC,INFEASIBLE,OPTIMAL,OPTIMAL,INFEASIBLE
SUPT16H,INFEASIBLE,OPTIMAL,OPTIMAL,INFEASIBLE
CHD8,INFEASIBLE,INFEASIBLE,OPTIMAL,INFEASIBLE
RAB2B,INFEASIBLE,INFEASIBLE,OPTIMAL,OPTIMAL
TOX4,INFEASIBLE,INFEASIBLE,OPTIMAL,OPTIMAL
METTL3,INFEASIBLE,OPTIMAL,OPTIMAL,INFEASIBLE
SALL2,OPTIMAL,OPTIMAL,OPTIMAL,OPTIMAL
DAD1,INFEASIBLE,INFEASIBLE,OPTIMAL,INFEASIBLE
OXA1L,OPTIMAL,OPTIMAL,OPTIMAL,OPTIMAL
MRPL52,INFEASIBLE,INFEASIBLE,OPTIMAL,INFEASIBLE
LRP10,OPTIMAL,INFEASIBLE,OPTIMAL,OPTIMAL
RBM23,INFEASIBLE,OPTIMAL,OPTIMAL,INFEASIBLE
PRMT5,INFEASIBLE,OPTIMAL,OPTIMAL,OPTIMAL
HAUS4,OPTIMAL,OPTIMAL,OPTIMAL,OPTIMAL
C14orf93,INFEASIBLE,OPTIMAL,OPTIMAL,INFEASIBLE
PSMB5,INFEASIBLE,OPTIMAL,OPTIMAL,INFEASIBLE
ACIN1,INFEASIBLE,OPTIMAL,OPTIMAL,INFEASIBLE
C14orf119,INFEASIBLE,OPTIMAL,OPTIMAL,OPTIMAL
SLC7A8,INFEASIBLE,OPTIMAL,OPTIMAL,INFEASIBLE
HOMEZ,INFEASIBLE,OPTIMAL,OPTIMAL,OPTIMAL
PPP1R3E,OPTIMAL,OPTIMAL,OPTIMAL,OPTIMAL
BCL2L2,OPTIMAL,OPTIMAL,OPTIMAL,OPTIMAL
PABPN1,INFEASIBLE,INFEASIBLE,OPTIMAL,INFEASIBLE
NGDN,INFEASIBLE,OPTIMAL,OPTIMAL,INFEASIBLE
ZFHX2,OPTIMAL,OPTIMAL,OPTIMAL,OPTIMAL
DHRS4,OPTIMAL,OPTIMAL,OPTIMAL,OPTIMAL
DHRS4L2,OPTIMAL,OPTIMAL,OPTIMAL,OPTIMAL
PCK2,OPTIMAL,INFEASIBLE,INFEASIBLE,OPTIMAL
DCAF11,OPTIMAL,OPTIMAL,OPTIMAL,OPTIMAL
PSME1,INFEASIBLE,OPTIMAL,OPTIMAL,INFEASIBLE
EMC9,OPTIMAL,OPTIMAL,OPTIMAL,OPTIMAL
PSME2,INFEASIBLE,INFEASIBLE,INFEASIBLE,INFEASIBLE
RNF31,OPTIMAL,OPTIMAL,OPTIMAL,INFEASIBLE
IPO4,INFEASIBLE,OPTIMAL,OPTIMAL,OPTIMAL
TM9SF1,INFEASIBLE,INFEASIBLE,OPTIMAL,INFEASIBLE
CHMP4A,INFEASIBLE,OPTIMAL,OPTIMAL,INFEASIBLE
MDP1,OPTIMAL,OPTIMAL,OPTIMAL,OPTIMAL
NEDD8,INFEASIBLE,INFEASIBLE,OPTIMAL,INFEASIBLE
GMPR2,INFEASIBLE,OPTIMAL,OPTIMAL,INFEASIBLE
TINF2,INFEASIBLE,OPTIMAL,OPTIMAL,INFEASIBLE
RABGGTA,OPTIMAL,OPTIMAL,OPTIMAL,OPTIMAL
SDR39U1,INFEASIBLE,OPTIMAL,OPTIMAL,OPTIMAL
STXBP6,INFEASIBLE,OPTIMAL,OPTIMAL,INFEASIBLE
NOVA1,INFEASIBLE,OPTIMAL,OPTIMAL,OPTIMAL
FOXG1,INFEASIBLE,OPTIMAL,OPTIMAL,OPTIMAL
PRKD1,INFEASIBLE,OPTIMAL,OPTIMAL,OPTIMAL
G2E3,INFEASIBLE,OPTIMAL,OPTIMAL,INFEASIBLE
SCFD1,INFEASIBLE,INFEASIBLE,OPTIMAL,OPTIMAL
COCH,INFEASIBLE,OPTIMAL,OPTIMAL,INFEASIBLE
STRN3,INFEASIBLE,OPTIMAL,OPTIMAL,INFEASIBLE
AP4S1,INFEASIBLE,OPTIMAL,OPTIMAL,INFEASIBLE
HECTD1,INFEASIBLE,OPTIMAL,OPTIMAL,INFEASIBLE
HEATR5A,INFEASIBLE,OPTIMAL,OPTIMAL,INFEASIBLE
DTD2,OPTIMAL,OPTIMAL,OPTIMAL,OPTIMAL
NUBPL,INFEASIBLE,OPTIMAL,OPTIMAL,INFEASIBLE
ARHGAP5,INFEASIBLE,OPTIMAL,OPTIMAL,INFEASIBLE
AKAP6,OPTIMAL,OPTIMAL,OPTIMAL,OPTIMAL
NPAS3,INFEASIBLE,OPTIMAL,OPTIMAL,INFEASIBLE
EGLN3,OPTIMAL,OPTIMAL,OPTIMAL,OPTIMAL
SPTSSA,INFEASIBLE,OPTIMAL,OPTIMAL,OPTIMAL
EAPP,INFEASIBLE,OPTIMAL,OPTIMAL,INFEASIBLE
SNX6,INFEASIBLE,OPTIMAL,OPTIMAL,INFEASIBLE
CFL2,INFEASIBLE,INFEASIBLE,OPTIMAL,INFEASIBLE
BAZ1A,INFEASIBLE,OPTIMAL,OPTIMAL,INFEASIBLE
SRP54,INFEASIBLE,OPTIMAL,OPTIMAL,OPTIMAL
FAM177A1,INFEASIBLE,OPTIMAL,OPTIMAL,INFEASIBLE
PPP2R3C,INFEASIBLE,OPTIMAL,OPTIMAL,INFEASIBLE
PRORP,INFEASIBLE,INFEASIBLE,OPTIMAL,OPTIMAL
PSMA6,INFEASIBLE,INFEASIBLE,OPTIMAL,INFEASIBLE
NFKBIA,INFEASIBLE,OPTIMAL,OPTIMAL,OPTIMAL
RALGAPA1,INFEASIBLE,OPTIMAL,OPTIMAL,OPTIMAL
BRMS1L,INFEASIBLE,OPTIMAL,OPTIMAL,INFEASIBLE
MBIP,INFEASIBLE,OPTIMAL,OPTIMAL,INFEASIBLE
PAX9,OPTIMAL,INFEASIBLE,OPTIMAL,OPTIMAL
SLC25A21,INFEASIBLE,INFEASIBLE,OPTIMAL,OPTIMAL
MIPOL1,INFEASIBLE,OPTIMAL,OPTIMAL,INFEASIBLE
FOXA1,OPTIMAL,OPTIMAL,OPTIMAL,OPTIMAL
SEC23A,INFEASIBLE,OPTIMAL,OPTIMAL,OPTIMAL
GEMIN2,INFEASIBLE,OPTIMAL,OPTIMAL,OPTIMAL
TRAPPC6B,OPTIMAL,OPTIMAL,OPTIMAL,OPTIMAL
PNN,INFEASIBLE,INFEASIBLE,OPTIMAL,INFEASIBLE
MIA2,INFEASIBLE,OPTIMAL,OPTIMAL,INFEASIBLE
FBXO33,INFEASIBLE,OPTIMAL,OPTIMAL,OPTIMAL
LRFN5,OPTIMAL,OPTIMAL,OPTIMAL,OPTIMAL
KLHL28,INFEASIBLE,OPTIMAL,OPTIMAL,OPTIMAL
TOGARAM1,OPTIMAL,OPTIMAL,OPTIMAL,OPTIMAL
PRPF39,INFEASIBLE,OPTIMAL,OPTIMAL,INFEASIBLE
FKBP3,INFEASIBLE,INFEASIBLE,OPTIMAL,INFEASIBLE
FANCM,INFEASIBLE,OPTIMAL,OPTIMAL,INFEASIBLE
MIS18BP1,INFEASIBLE,OPTIMAL,OPTIMAL,INFEASIBLE
MDGA2,INFEASIBLE,OPTIMAL,OPTIMAL,OPTIMAL
RPS29,INFEASIBLE,OPTIMAL,OPTIMAL,INFEASIBLE
LRR1,INFEASIBLE,INFEASIBLE,OPTIMAL,INFEASIBLE
RPL36AL,INFEASIBLE,INFEASIBLE,OPTIMAL,INFEASIBLE
MGAT2,OPTIMAL,OPTIMAL,OPTIMAL,OPTIMAL
DNAAF2,INFEASIBLE,OPTIMAL,OPTIMAL,INFEASIBLE
POLE2,OPTIMAL,OPTIMAL,OPTIMAL,OPTIMAL
KLHDC2,INFEASIBLE,OPTIMAL,OPTIMAL,INFEASIBLE
NEMF,INFEASIBLE,OPTIMAL,OPTIMAL,INFEASIBLE
ARF6,INFEASIBLE,OPTIMAL,OPTIMAL,INFEASIBLE
VCPKMT,OPTIMAL,INFEASIBLE,OPTIMAL,OPTIMAL
SOS2,INFEASIBLE,OPTIMAL,OPTIMAL,INFEASIBLE
L2HGDH,INFEASIBLE,OPTIMAL,INFEASIBLE,OPTIMAL
DMAC2L,INFEASIBLE,OPTIMAL,OPTIMAL,OPTIMAL
CDKL1,INFEASIBLE,OPTIMAL,OPTIMAL,OPTIMAL
MAP4K5,INFEASIBLE,OPTIMAL,OPTIMAL,INFEASIBLE
ATL1,INFEASIBLE,OPTIMAL,INFEASIBLE,INFEASIBLE
SAV1,INFEASIBLE,OPTIMAL,OPTIMAL,INFEASIBLE
NIN,OPTIMAL,OPTIMAL,OPTIMAL,OPTIMAL
PYGL,INFEASIBLE,OPTIMAL,OPTIMAL,INFEASIBLE
TRIM9,INFEASIBLE,OPTIMAL,OPTIMAL,INFEASIBLE
TMX1,INFEASIBLE,INFEASIBLE,OPTIMAL,INFEASIBLE
FRMD6,INFEASIBLE,OPTIMAL,OPTIMAL,INFEASIBLE
RTRAF,INFEASIBLE,OPTIMAL,INFEASIBLE,INFEASIBLE
TXNDC16,INFEASIBLE,OPTIMAL,OPTIMAL,OPTIMAL
GPR137C,OPTIMAL,OPTIMAL,OPTIMAL,INFEASIBLE
ERO1A,INFEASIBLE,OPTIMAL,OPTIMAL,INFEASIBLE
PSMC6,INFEASIBLE,OPTIMAL,OPTIMAL,INFEASIBLE
STYX,INFEASIBLE,OPTIMAL,OPTIMAL,INFEASIBLE
GNPNAT1,INFEASIBLE,OPTIMAL,OPTIMAL,OPTIMAL
FERMT2,INFEASIBLE,INFEASIBLE,OPTIMAL,INFEASIBLE
DDHD1,INFEASIBLE,OPTIMAL,OPTIMAL,INFEASIBLE
BMP4,OPTIMAL,OPTIMAL,OPTIMAL,INFEASIBLE
CDKN3,INFEASIBLE,INFEASIBLE,OPTIMAL,INFEASIBLE
CNIH1,INFEASIBLE,INFEASIBLE,OPTIMAL,INFEASIBLE
GMFB,INFEASIBLE,OPTIMAL,OPTIMAL,OPTIMAL
CGRRF1,INFEASIBLE,OPTIMAL,INFEASIBLE,OPTIMAL
SAMD4A,OPTIMAL,OPTIMAL,OPTIMAL,INFEASIBLE
GCH1,INFEASIBLE,OPTIMAL,INFEASIBLE,OPTIMAL
WDHD1,INFEASIBLE,OPTIMAL,OPTIMAL,OPTIMAL
SOCS4,INFEASIBLE,OPTIMAL,OPTIMAL,OPTIMAL
MAPK1IP1L,INFEASIBLE,INFEASIBLE,OPTIMAL,INFEASIBLE
LGALS3,INFEASIBLE,INFEASIBLE,OPTIMAL,OPTIMAL
DLGAP5,INFEASIBLE,OPTIMAL,OPTIMAL,INFEASIBLE
FBXO34,INFEASIBLE,OPTIMAL,INFEASIBLE,INFEASIBLE
ATG14,INFEASIBLE,OPTIMAL,OPTIMAL,INFEASIBLE
KTN1,INFEASIBLE,OPTIMAL,INFEASIBLE,INFEASIBLE
PELI2,INFEASIBLE,OPTIMAL,OPTIMAL,INFEASIBLE
TMEM260,OPTIMAL,OPTIMAL,OPTIMAL,OPTIMAL
EXOC5,INFEASIBLE,INFEASIBLE,OPTIMAL,OPTIMAL
AP5M1,INFEASIBLE,OPTIMAL,OPTIMAL,OPTIMAL
NAA30,INFEASIBLE,OPTIMAL,OPTIMAL,INFEASIBLE
ARMH4,INFEASIBLE,OPTIMAL,OPTIMAL,INFEASIBLE
ACTR10,INFEASIBLE,OPTIMAL,OPTIMAL,OPTIMAL
PSMA3,INFEASIBLE,OPTIMAL,OPTIMAL,INFEASIBLE
ARID4A,INFEASIBLE,OPTIMAL,OPTIMAL,INFEASIBLE
TIMM9,INFEASIBLE,OPTIMAL,OPTIMAL,INFEASIBLE
KIAA0586,OPTIMAL,OPTIMAL,OPTIMAL,OPTIMAL
DAAM1,INFEASIBLE,OPTIMAL,OPTIMAL,INFEASIBLE
GPR135,INFEASIBLE,OPTIMAL,OPTIMAL,INFEASIBLE
L3HYPDH,INFEASIBLE,INFEASIBLE,OPTIMAL,INFEASIBLE
JKAMP,INFEASIBLE,OPTIMAL,OPTIMAL,OPTIMAL
RTN1,INFEASIBLE,OPTIMAL,OPTIMAL,INFEASIBLE
PCNX4,INFEASIBLE,INFEASIBLE,OPTIMAL,INFEASIBLE
DHRS7,INFEASIBLE,OPTIMAL,OPTIMAL,INFEASIBLE
PPM1A,INFEASIBLE,OPTIMAL,INFEASIBLE,OPTIMAL
SIX1,INFEASIBLE,OPTIMAL,OPTIMAL,OPTIMAL
SIX4,OPTIMAL,INFEASIBLE,OPTIMAL,OPTIMAL
MNAT1,INFEASIBLE,OPTIMAL,OPTIMAL,INFEASIBLE
TRMT5,INFEASIBLE,OPTIMAL,OPTIMAL,OPTIMAL
SLC38A6,INFEASIBLE,OPTIMAL,OPTIMAL,OPTIMAL
PRKCH,OPTIMAL,OPTIMAL,OPTIMAL,OPTIMAL
HIF1A,INFEASIBLE,OPTIMAL,OPTIMAL,INFEASIBLE
SNAPC1,INFEASIBLE,OPTIMAL,OPTIMAL,OPTIMAL
PPP2R5E,INFEASIBLE,INFEASIBLE,OPTIMAL,INFEASIBLE
WDR89,INFEASIBLE,OPTIMAL,OPTIMAL,INFEASIBLE
SGPP1,INFEASIBLE,OPTIMAL,OPTIMAL,INFEASIBLE
SYNE2,INFEASIBLE,OPTIMAL,OPTIMAL,INFEASIBLE
ESR2,OPTIMAL,INFEASIBLE,OPTIMAL,INFEASIBLE
MTHFD1,INFEASIBLE,OPTIMAL,OPTIMAL,OPTIMAL
ZBTB25,INFEASIBLE,OPTIMAL,OPTIMAL,INFEASIBLE
ZBTB1,INFEASIBLE,INFEASIBLE,OPTIMAL,OPTIMAL
PLEKHG3,OPTIMAL,OPTIMAL,OPTIMAL,OPTIMAL
CHURC1,INFEASIBLE,INFEASIBLE,OPTIMAL,INFEASIBLE
FNTB,INFEASIBLE,OPTIMAL,OPTIMAL,INFEASIBLE
MAX,OPTIMAL,OPTIMAL,OPTIMAL,INFEASIBLE
FUT8,INFEASIBLE,OPTIMAL,OPTIMAL,INFEASIBLE
GPHN,INFEASIBLE,INFEASIBLE,OPTIMAL,INFEASIBLE
PALS1,INFEASIBLE,OPTIMAL,OPTIMAL,OPTIMAL
ATP6V1D,INFEASIBLE,OPTIMAL,OPTIMAL,INFEASIBLE
EIF2S1,INFEASIBLE,INFEASIBLE,OPTIMAL,INFEASIBLE
PLEKHH1,OPTIMAL,OPTIMAL,OPTIMAL,OPTIMAL
PIGH,INFEASIBLE,INFEASIBLE,OPTIMAL,INFEASIBLE
ARG2,INFEASIBLE,OPTIMAL,OPTIMAL,INFEASIBLE
VTI1B,INFEASIBLE,OPTIMAL,OPTIMAL,INFEASIBLE
RDH11,INFEASIBLE,OPTIMAL,OPTIMAL,OPTIMAL
ZFYVE26,OPTIMAL,OPTIMAL,OPTIMAL,OPTIMAL
RAD51B,OPTIMAL,OPTIMAL,OPTIMAL,INFEASIBLE
ZFP36L1,OPTIMAL,OPTIMAL,OPTIMAL,OPTIMAL
ACTN1,INFEASIBLE,OPTIMAL,OPTIMAL,INFEASIBLE
DCAF5,INFEASIBLE,OPTIMAL,OPTIMAL,OPTIMAL
EXD2,INFEASIBLE,OPTIMAL,OPTIMAL,INFEASIBLE
ERH,INFEASIBLE,OPTIMAL,OPTIMAL,OPTIMAL
SLC39A9,INFEASIBLE,OPTIMAL,OPTIMAL,INFEASIBLE
SUSD6,OPTIMAL,OPTIMAL,OPTIMAL,OPTIMAL
SRSF5,INFEASIBLE,OPTIMAL,OPTIMAL,INFEASIBLE
SMOC1,OPTIMAL,INFEASIBLE,OPTIMAL,INFEASIBLE
COX16,INFEASIBLE,OPTIMAL,OPTIMAL,INFEASIBLE
SYNJ2BP,INFEASIBLE,OPTIMAL,OPTIMAL,INFEASIBLE
MED6,OPTIMAL,OPTIMAL,OPTIMAL,OPTIMAL
MAP3K9,OPTIMAL,OPTIMAL,OPTIMAL,OPTIMAL
PCNX1,INFEASIBLE,OPTIMAL,OPTIMAL,INFEASIBLE
SIPA1L1,INFEASIBLE,OPTIMAL,OPTIMAL,INFEASIBLE
DPF3,INFEASIBLE,OPTIMAL,OPTIMAL,OPTIMAL
DCAF4,INFEASIBLE,OPTIMAL,OPTIMAL,OPTIMAL
ZFYVE1,INFEASIBLE,OPTIMAL,OPTIMAL,OPTIMAL
RBM25,INFEASIBLE,OPTIMAL,OPTIMAL,OPTIMAL
PSEN1,INFEASIBLE,OPTIMAL,OPTIMAL,INFEASIBLE
NUMB,INFEASIBLE,OPTIMAL,OPTIMAL,INFEASIBLE
DNAL1,INFEASIBLE,OPTIMAL,OPTIMAL,OPTIMAL
PNMA1,INFEASIBLE,OPTIMAL,OPTIMAL,OPTIMAL
MIDEAS,INFEASIBLE,OPTIMAL,OPTIMAL,INFEASIBLE
PTGR2,INFEASIBLE,OPTIMAL,OPTIMAL,OPTIMAL
ZNF410,INFEASIBLE,INFEASIBLE,OPTIMAL,INFEASIBLE
COQ6,OPTIMAL,OPTIMAL,OPTIMAL,OPTIMAL
ENTPD5,INFEASIBLE,OPTIMAL,OPTIMAL,OPTIMAL
BBOF1,OPTIMAL,OPTIMAL,OPTIMAL,OPTIMAL
ALDH6A1,INFEASIBLE,OPTIMAL,OPTIMAL,OPTIMAL
LIN52,INFEASIBLE,OPTIMAL,OPTIMAL,INFEASIBLE
ABCD4,INFEASIBLE,INFEASIBLE,OPTIMAL,INFEASIBLE
NPC2,INFEASIBLE,OPTIMAL,OPTIMAL,INFEASIBLE
ISCA2,INFEASIBLE,OPTIMAL,OPTIMAL,OPTIMAL
AREL1,OPTIMAL,OPTIMAL,OPTIMAL,OPTIMAL
FCF1,INFEASIBLE,OPTIMAL,OPTIMAL,OPTIMAL
YLPM1,INFEASIBLE,OPTIMAL,OPTIMAL,OPTIMAL
DLST,INFEASIBLE,OPTIMAL,OPTIMAL,INFEASIBLE
RPS6KL1,OPTIMAL,INFEASIBLE,OPTIMAL,OPTIMAL
EIF2B2,OPTIMAL,INFEASIBLE,OPTIMAL,OPTIMAL
ACYP1,INFEASIBLE,INFEASIBLE,OPTIMAL,OPTIMAL
NEK9,INFEASIBLE,OPTIMAL,OPTIMAL,INFEASIBLE
TMED10,INFEASIBLE,INFEASIBLE,OPTIMAL,INFEASIBLE
JDP2,OPTIMAL,OPTIMAL,OPTIMAL,OPTIMAL
TTLL5,INFEASIBLE,OPTIMAL,OPTIMAL,INFEASIBLE
ERG28,INFEASIBLE,OPTIMAL,OPTIMAL,OPTIMAL
IFT43,INFEASIBLE,OPTIMAL,OPTIMAL,INFEASIBLE
GPATCH2L,OPTIMAL,OPTIMAL,OPTIMAL,OPTIMAL
ESRRB,OPTIMAL,OPTIMAL,OPTIMAL,OPTIMAL
VASH1,OPTIMAL,OPTIMAL,OPTIMAL,OPTIMAL
ANGEL1,OPTIMAL,OPTIMAL,OPTIMAL,OPTIMAL
IRF2BPL,OPTIMAL,OPTIMAL,OPTIMAL,OPTIMAL
CIPC,OPTIMAL,OPTIMAL,OPTIMAL,OPTIMAL
NGB,OPTIMAL,OPTIMAL,OPTIMAL,OPTIMAL
POMT2,OPTIMAL,INFEASIBLE,OPTIMAL,OPTIMAL
GSTZ1,INFEASIBLE,INFEASIBLE,INFEASIBLE,OPTIMAL
TMED8,OPTIMAL,OPTIMAL,OPTIMAL,OPTIMAL
VIPAS39,OPTIMAL,OPTIMAL,OPTIMAL,OPTIMAL
AHSA1,INFEASIBLE,INFEASIBLE,OPTIMAL,INFEASIBLE
SPTLC2,INFEASIBLE,OPTIMAL,OPTIMAL,INFEASIBLE
ALKBH1,INFEASIBLE,INFEASIBLE,OPTIMAL,OPTIMAL
SLIRP,INFEASIBLE,INFEASIBLE,OPTIMAL,INFEASIBLE
SNW1,INFEASIBLE,OPTIMAL,OPTIMAL,INFEASIBLE
ADCK1,OPTIMAL,INFEASIBLE,OPTIMAL,OPTIMAL
NRXN3,INFEASIBLE,OPTIMAL,OPTIMAL,INFEASIBLE
CEP128,INFEASIBLE,OPTIMAL,OPTIMAL,INFEASIBLE
GTF2A1,INFEASIBLE,OPTIMAL,OPTIMAL,INFEASIBLE
STON2,INFEASIBLE,OPTIMAL,OPTIMAL,INFEASIBLE
SEL1L,INFEASIBLE,OPTIMAL,OPTIMAL,INFEASIBLE
SPATA7,INFEASIBLE,OPTIMAL,OPTIMAL,INFEASIBLE
PTPN21,INFEASIBLE,OPTIMAL,OPTIMAL,OPTIMAL
ZC3H14,INFEASIBLE,OPTIMAL,OPTIMAL,INFEASIBLE
EML5,INFEASIBLE,OPTIMAL,OPTIMAL,OPTIMAL
TTC8,OPTIMAL,OPTIMAL,OPTIMAL,OPTIMAL
FOXN3,INFEASIBLE,OPTIMAL,OPTIMAL,INFEASIBLE
EFCAB11,INFEASIBLE,OPTIMAL,OPTIMAL,OPTIMAL
TDP1,OPTIMAL,OPTIMAL,OPTIMAL,OPTIMAL
PSMC1,INFEASIBLE,OPTIMAL,OPTIMAL,INFEASIBLE
NRDE2,INFEASIBLE,OPTIMAL,OPTIMAL,OPTIMAL
CALM1,INFEASIBLE,OPTIMAL,OPTIMAL,INFEASIBLE
TTC7B,OPTIMAL,OPTIMAL,OPTIMAL,OPTIMAL
RPS6KA5,INFEASIBLE,INFEASIBLE,OPTIMAL,INFEASIBLE
DGLUCY,INFEASIBLE,OPTIMAL,OPTIMAL,INFEASIBLE
CCDC88C,OPTIMAL,OPTIMAL,OPTIMAL,INFEASIBLE
PPP4R3A,INFEASIBLE,OPTIMAL,OPTIMAL,OPTIMAL
TRIP11,OPTIMAL,OPTIMAL,OPTIMAL,OPTIMAL
ATXN3,INFEASIBLE,OPTIMAL,OPTIMAL,INFEASIBLE
NDUFB1,INFEASIBLE,OPTIMAL,INFEASIBLE,INFEASIBLE
CPSF2,OPTIMAL,INFEASIBLE,OPTIMAL,OPTIMAL
RIN3,INFEASIBLE,OPTIMAL,OPTIMAL,INFEASIBLE
LGMN,OPTIMAL,OPTIMAL,OPTIMAL,OPTIMAL
GOLGA5,OPTIMAL,OPTIMAL,OPTIMAL,OPTIMAL
ITPK1,OPTIMAL,OPTIMAL,OPTIMAL,OPTIMAL
LYSET,INFEASIBLE,INFEASIBLE,OPTIMAL,INFEASIBLE
GON7,INFEASIBLE,OPTIMAL,OPTIMAL,OPTIMAL
UBR7,INFEASIBLE,OPTIMAL,OPTIMAL,INFEASIBLE
BTBD7,INFEASIBLE,OPTIMAL,OPTIMAL,INFEASIBLE
DDX24,INFEASIBLE,OPTIMAL,OPTIMAL,INFEASIBLE
IFI27L1,INFEASIBLE,OPTIMAL,OPTIMAL,OPTIMAL
IFI27L2,INFEASIBLE,OPTIMAL,OPTIMAL,INFEASIBLE
PPP4R4,OPTIMAL,INFEASIBLE,OPTIMAL,OPTIMAL
DICER1,INFEASIBLE,OPTIMAL,OPTIMAL,INFEASIBLE
CLMN,OPTIMAL,OPTIMAL,OPTIMAL,OPTIMAL
GLRX5,INFEASIBLE,INFEASIBLE,OPTIMAL,INFEASIBLE
C14orf132,INFEASIBLE,OPTIMAL,OPTIMAL,INFEASIBLE
ATG2B,OPTIMAL,OPTIMAL,OPTIMAL,OPTIMAL
GSKIP,INFEASIBLE,OPTIMAL,OPTIMAL,INFEASIBLE
AK7,OPTIMAL,OPTIMAL,OPTIMAL,OPTIMAL
PAPOLA,INFEASIBLE,OPTIMAL,OPTIMAL,INFEASIBLE
VRK1,INFEASIBLE,OPTIMAL,OPTIMAL,OPTIMAL
SETD3,OPTIMAL,OPTIMAL,OPTIMAL,OPTIMAL
CCNK,INFEASIBLE,OPTIMAL,OPTIMAL,OPTIMAL
CCDC85C,OPTIMAL,OPTIMAL,OPTIMAL,OPTIMAL
EML1,OPTIMAL,OPTIMAL,OPTIMAL,OPTIMAL
EVL,INFEASIBLE,INFEASIBLE,OPTIMAL,INFEASIBLE
YY1,INFEASIBLE,OPTIMAL,OPTIMAL,INFEASIBLE
WARS1,INFEASIBLE,OPTIMAL,OPTIMAL,OPTIMAL
WDR25,OPTIMAL,OPTIMAL,OPTIMAL,OPTIMAL
PPP2R5C,INFEASIBLE,OPTIMAL,INFEASIBLE,INFEASIBLE
DYNC1H1,INFEASIBLE,INFEASIBLE,OPTIMAL,INFEASIBLE
HSP90AA1,INFEASIBLE,INFEASIBLE,OPTIMAL,INFEASIBLE
WDR20,INFEASIBLE,INFEASIBLE,OPTIMAL,INFEASIBLE
MOK,OPTIMAL,OPTIMAL,OPTIMAL,OPTIMAL
ZNF839,OPTIMAL,OPTIMAL,OPTIMAL,OPTIMAL
CINP,INFEASIBLE,OPTIMAL,OPTIMAL,OPTIMAL
TECPR2,INFEASIBLE,OPTIMAL,OPTIMAL,INFEASIBLE
ANKRD9,INFEASIBLE,OPTIMAL,OPTIMAL,OPTIMAL
RCOR1,INFEASIBLE,OPTIMAL,OPTIMAL,INFEASIBLE
TRAF3,INFEASIBLE,OPTIMAL,OPTIMAL,INFEASIBLE
CDC42BPB,INFEASIBLE,OPTIMAL,OPTIMAL,INFEASIBLE
EIF5,INFEASIBLE,OPTIMAL,OPTIMAL,INFEASIBLE
MARK3,INFEASIBLE,OPTIMAL,OPTIMAL,INFEASIBLE
CKB,INFEASIBLE,OPTIMAL,OPTIMAL,INFEASIBLE
TRMT61A,OPTIMAL,OPTIMAL,OPTIMAL,OPTIMAL
BAG5,INFEASIBLE,INFEASIBLE,OPTIMAL,INFEASIBLE
KLC1,OPTIMAL,OPTIMAL,OPTIMAL,OPTIMAL
COA8,INFEASIBLE,OPTIMAL,OPTIMAL,OPTIMAL
XRCC3,INFEASIBLE,INFEASIBLE,OPTIMAL,OPTIMAL
ZFYVE21,INFEASIBLE,OPTIMAL,OPTIMAL,OPTIMAL
PPP1R13B,OPTIMAL,OPTIMAL,OPTIMAL,OPTIMAL
ATP5MJ,INFEASIBLE,OPTIMAL,OPTIMAL,INFEASIBLE
INF2,INFEASIBLE,INFEASIBLE,OPTIMAL,INFEASIBLE
SIVA1,INFEASIBLE,INFEASIBLE,INFEASIBLE,INFEASIBLE
AKT1,OPTIMAL,OPTIMAL,OPTIMAL,OPTIMAL
CEP170B,OPTIMAL,OPTIMAL,OPTIMAL,OPTIMAL
CDCA4,INFEASIBLE,INFEASIBLE,OPTIMAL,OPTIMAL
JAG2,OPTIMAL,OPTIMAL,OPTIMAL,OPTIMAL
NUDT14,INFEASIBLE,OPTIMAL,OPTIMAL,INFEASIBLE
BRF1,INFEASIBLE,OPTIMAL,OPTIMAL,OPTIMAL
BTBD6,OPTIMAL,OPTIMAL,OPTIMAL,OPTIMAL
PACS2,OPTIMAL,OPTIMAL,OPTIMAL,INFEASIBLE
MTA1,INFEASIBLE,INFEASIBLE,OPTIMAL,OPTIMAL
TEDC1,OPTIMAL,OPTIMAL,OPTIMAL,OPTIMAL
TMEM121,INFEASIBLE,OPTIMAL,OPTIMAL,INFEASIBLE
NIPA1,OPTIMAL,OPTIMAL,OPTIMAL,OPTIMAL
NIPA2,INFEASIBLE,OPTIMAL,OPTIMAL,OPTIMAL
CYFIP1,INFEASIBLE,OPTIMAL,OPTIMAL,INFEASIBLE
TUBGCP5,OPTIMAL,OPTIMAL,OPTIMAL,INFEASIBLE
UBE3A,INFEASIBLE,OPTIMAL,OPTIMAL,OPTIMAL
OCA2,OPTIMAL,OPTIMAL,OPTIMAL,OPTIMAL
HERC2,INFEASIBLE,OPTIMAL,OPTIMAL,OPTIMAL
APBA2,OPTIMAL,OPTIMAL,OPTIMAL,OPTIMAL
ENTREP2,OPTIMAL,OPTIMAL,OPTIMAL,OPTIMAL
NSMCE3,INFEASIBLE,OPTIMAL,OPTIMAL,INFEASIBLE
TJP1,INFEASIBLE,OPTIMAL,OPTIMAL,INFEASIBLE
ARHGAP11B,OPTIMAL,OPTIMAL,OPTIMAL,OPTIMAL
FAN1,OPTIMAL,OPTIMAL,OPTIMAL,OPTIMAL
KLF13,OPTIMAL,OPTIMAL,OPTIMAL,OPTIMAL
OTUD7A,INFEASIBLE,OPTIMAL,OPTIMAL,INFEASIBLE
CHRNA7,OPTIMAL,OPTIMAL,OPTIMAL,OPTIMAL
ARHGAP11A,OPTIMAL,OPTIMAL,OPTIMAL,OPTIMAL
AVEN,INFEASIBLE,OPTIMAL,OPTIMAL,INFEASIBLE
EMC7,INFEASIBLE,INFEASIBLE,OPTIMAL,OPTIMAL
KATNBL1,INFEASIBLE,OPTIMAL,OPTIMAL,OPTIMAL
EMC4,INFEASIBLE,INFEASIBLE,OPTIMAL,INFEASIBLE
SLC12A6,OPTIMAL,OPTIMAL,OPTIMAL,OPTIMAL
NOP10,INFEASIBLE,INFEASIBLE,OPTIMAL,INFEASIBLE
LPCAT4,OPTIMAL,OPTIMAL,OPTIMAL,OPTIMAL
GOLGA8A,INFEASIBLE,OPTIMAL,OPTIMAL,INFEASIBLE
AQR,INFEASIBLE,OPTIMAL,OPTIMAL,INFEASIBLE
ZNF770,INFEASIBLE,OPTIMAL,OPTIMAL,OPTIMAL
DPH6,INFEASIBLE,OPTIMAL,OPTIMAL,INFEASIBLE
CDIN1,INFEASIBLE,OPTIMAL,OPTIMAL,INFEASIBLE
MEIS2,INFEASIBLE,INFEASIBLE,OPTIMAL,INFEASIBLE
SPRED1,INFEASIBLE,OPTIMAL,OPTIMAL,INFEASIBLE
FAM98B,INFEASIBLE,OPTIMAL,OPTIMAL,OPTIMAL
GPR176,OPTIMAL,OPTIMAL,OPTIMAL,OPTIMAL
EIF2AK4,INFEASIBLE,OPTIMAL,OPTIMAL,INFEASIBLE
SRP14,INFEASIBLE,INFEASIBLE,INFEASIBLE,INFEASIBLE
BUB1B,OPTIMAL,OPTIMAL,OPTIMAL,OPTIMAL
KNSTRN,INFEASIBLE,INFEASIBLE,OPTIMAL,INFEASIBLE
IVD,OPTIMAL,OPTIMAL,OPTIMAL,OPTIMAL
BAHD1,OPTIMAL,OPTIMAL,OPTIMAL,OPTIMAL
CHST14,OPTIMAL,OPTIMAL,OPTIMAL,OPTIMAL
CCDC32,INFEASIBLE,OPTIMAL,OPTIMAL,INFEASIBLE
RPUSD2,OPTIMAL,INFEASIBLE,OPTIMAL,OPTIMAL
KNL1,OPTIMAL,OPTIMAL,OPTIMAL,OPTIMAL
RAD51,INFEASIBLE,OPTIMAL,OPTIMAL,OPTIMAL
RMDN3,INFEASIBLE,OPTIMAL,OPTIMAL,INFEASIBLE
GCHFR,INFEASIBLE,OPTIMAL,OPTIMAL,OPTIMAL
DNAJC17,INFEASIBLE,OPTIMAL,OPTIMAL,OPTIMAL
VPS18,OPTIMAL,OPTIMAL,OPTIMAL,OPTIMAL
INO80,INFEASIBLE,OPTIMAL,OPTIMAL,OPTIMAL
CHP1,INFEASIBLE,OPTIMAL,OPTIMAL,INFEASIBLE
OIP5,INFEASIBLE,INFEASIBLE,OPTIMAL,OPTIMAL
NUSAP1,INFEASIBLE,OPTIMAL,OPTIMAL,INFEASIBLE
NDUFAF1,OPTIMAL,OPTIMAL,OPTIMAL,OPTIMAL
RTF1,INFEASIBLE,OPTIMAL,OPTIMAL,INFEASIBLE
RPAP1,OPTIMAL,OPTIMAL,OPTIMAL,OPTIMAL
TYRO3,OPTIMAL,OPTIMAL,OPTIMAL,OPTIMAL
MGA,INFEASIBLE,OPTIMAL,OPTIMAL,INFEASIBLE
MAPKBP1,INFEASIBLE,OPTIMAL,OPTIMAL,OPTIMAL
EHD4,INFEASIBLE,INFEASIBLE,INFEASIBLE,OPTIMAL
VPS39,OPTIMAL,OPTIMAL,OPTIMAL,OPTIMAL
TMEM87A,INFEASIBLE,INFEASIBLE,OPTIMAL,INFEASIBLE
ZNF106,INFEASIBLE,OPTIMAL,OPTIMAL,INFEASIBLE
SNAP23,INFEASIBLE,OPTIMAL,OPTIMAL,INFEASIBLE
LRRC57,OPTIMAL,OPTIMAL,OPTIMAL,OPTIMAL
HAUS2,INFEASIBLE,OPTIMAL,OPTIMAL,OPTIMAL
STARD9,INFEASIBLE,OPTIMAL,OPTIMAL,OPTIMAL
TTBK2,INFEASIBLE,OPTIMAL,OPTIMAL,INFEASIBLE
UBR1,INFEASIBLE,OPTIMAL,OPTIMAL,INFEASIBLE
TMEM62,OPTIMAL,OPTIMAL,OPTIMAL,OPTIMAL
CCNDBP1,OPTIMAL,INFEASIBLE,OPTIMAL,OPTIMAL
LCMT2,OPTIMAL,OPTIMAL,OPTIMAL,OPTIMAL
ADAL,INFEASIBLE,OPTIMAL,OPTIMAL,INFEASIBLE
TUBGCP4,OPTIMAL,OPTIMAL,OPTIMAL,OPTIMAL
TP53BP1,INFEASIBLE,OPTIMAL,OPTIMAL,INFEASIBLE
MAP1A,INFEASIBLE,OPTIMAL,INFEASIBLE,OPTIMAL
PPIP5K1,INFEASIBLE,OPTIMAL,OPTIMAL,INFEASIBLE
CATSPER2,OPTIMAL,OPTIMAL,OPTIMAL,INFEASIBLE
PDIA3,INFEASIBLE,INFEASIBLE,OPTIMAL,INFEASIBLE
SERF2,INFEASIBLE,INFEASIBLE,INFEASIBLE,INFEASIBLE
HYPK,OPTIMAL,OPTIMAL,OPTIMAL,OPTIMAL
MFAP1,INFEASIBLE,OPTIMAL,OPTIMAL,OPTIMAL
WDR76,INFEASIBLE,OPTIMAL,OPTIMAL,INFEASIBLE
FRMD5,INFEASIBLE,INFEASIBLE,OPTIMAL,INFEASIBLE
GOLM2,INFEASIBLE,OPTIMAL,OPTIMAL,OPTIMAL
CTDSPL2,INFEASIBLE,OPTIMAL,OPTIMAL,INFEASIBLE
EIF3J,INFEASIBLE,OPTIMAL,OPTIMAL,INFEASIBLE
SPG11,INFEASIBLE,OPTIMAL,OPTIMAL,INFEASIBLE
B2M,INFEASIBLE,INFEASIBLE,OPTIMAL,INFEASIBLE
SORD,OPTIMAL,OPTIMAL,OPTIMAL,OPTIMAL
SPATA5L1,OPTIMAL,OPTIMAL,OPTIMAL,OPTIMAL
BLOC1S6,INFEASIBLE,OPTIMAL,OPTIMAL,OPTIMAL
SEMA6D,INFEASIBLE,OPTIMAL,OPTIMAL,OPTIMAL
MYEF2,INFEASIBLE,OPTIMAL,OPTIMAL,INFEASIBLE
SLC12A1,OPTIMAL,OPTIMAL,OPTIMAL,OPTIMAL
DUT,INFEASIBLE,INFEASIBLE,OPTIMAL,INFEASIBLE
CEP152,OPTIMAL,OPTIMAL,OPTIMAL,OPTIMAL
EID1,INFEASIBLE,OPTIMAL,OPTIMAL,INFEASIBLE
SECISBP2L,INFEASIBLE,OPTIMAL,OPTIMAL,OPTIMAL
COPS2,INFEASIBLE,OPTIMAL,OPTIMAL,INFEASIBLE
GALK2,OPTIMAL,OPTIMAL,OPTIMAL,OPTIMAL
FAM227B,OPTIMAL,OPTIMAL,OPTIMAL,OPTIMAL
DTWD1,INFEASIBLE,OPTIMAL,OPTIMAL,INFEASIBLE
GABPB1,OPTIMAL,OPTIMAL,OPTIMAL,OPTIMAL
USP8,OPTIMAL,OPTIMAL,OPTIMAL,INFEASIBLE
TRPM7,INFEASIBLE,OPTIMAL,OPTIMAL,OPTIMAL
SPPL2A,INFEASIBLE,OPTIMAL,OPTIMAL,INFEASIBLE
AP4E1,INFEASIBLE,OPTIMAL,OPTIMAL,OPTIMAL
DMXL2,OPTIMAL,INFEASIBLE,OPTIMAL,INFEASIBLE
TMOD2,INFEASIBLE,OPTIMAL,INFEASIBLE,OPTIMAL
TMOD3,INFEASIBLE,OPTIMAL,OPTIMAL,INFEASIBLE
LEO1,OPTIMAL,OPTIMAL,OPTIMAL,OPTIMAL
MAPK6,OPTIMAL,OPTIMAL,OPTIMAL,INFEASIBLE
GNB5,INFEASIBLE,OPTIMAL,OPTIMAL,OPTIMAL
MYO5C,OPTIMAL,OPTIMAL,OPTIMAL,OPTIMAL
MYO5A,INFEASIBLE,OPTIMAL,OPTIMAL,INFEASIBLE
ARPP19,INFEASIBLE,OPTIMAL,OPTIMAL,INFEASIBLE
ATOSA,INFEASIBLE,OPTIMAL,OPTIMAL,INFEASIBLE
UNC13C,OPTIMAL,OPTIMAL,OPTIMAL,OPTIMAL
RSL24D1,INFEASIBLE,INFEASIBLE,OPTIMAL,INFEASIBLE
RAB27A,OPTIMAL,OPTIMAL,OPTIMAL,OPTIMAL
PIGBOS1,INFEASIBLE,OPTIMAL,OPTIMAL,INFEASIBLE
PIGB,OPTIMAL,OPTIMAL,OPTIMAL,OPTIMAL
CCPG1,OPTIMAL,INFEASIBLE,OPTIMAL,OPTIMAL
DNAAF4,OPTIMAL,OPTIMAL,OPTIMAL,OPTIMAL
PYGO1,OPTIMAL,OPTIMAL,OPTIMAL,INFEASIBLE
PRTG,INFEASIBLE,INFEASIBLE,OPTIMAL,OPTIMAL
NEDD4,OPTIMAL,OPTIMAL,OPTIMAL,OPTIMAL
RFX7,INFEASIBLE,OPTIMAL,OPTIMAL,INFEASIBLE
TEX9,OPTIMAL,OPTIMAL,OPTIMAL,OPTIMAL
MNS1,OPTIMAL,OPTIMAL,OPTIMAL,INFEASIBLE
ZNF280D,INFEASIBLE,OPTIMAL,OPTIMAL,INFEASIBLE
TCF12,INFEASIBLE,OPTIMAL,OPTIMAL,INFEASIBLE
CGNL1,OPTIMAL,OPTIMAL,OPTIMAL,OPTIMAL
POLR2M,OPTIMAL,OPTIMAL,OPTIMAL,OPTIMAL
ALDH1A2,OPTIMAL,OPTIMAL,OPTIMAL,OPTIMAL
ADAM10,OPTIMAL,OPTIMAL,OPTIMAL,OPTIMAL
MINDY2,OPTIMAL,OPTIMAL,OPTIMAL,OPTIMAL
RNF111,INFEASIBLE,INFEASIBLE,OPTIMAL,OPTIMAL
SLTM,INFEASIBLE,INFEASIBLE,OPTIMAL,INFEASIBLE
CCNB2,OPTIMAL,INFEASIBLE,OPTIMAL,OPTIMAL
MYO1E,OPTIMAL,OPTIMAL,OPTIMAL,INFEASIBLE
FAM81A,INFEASIBLE,OPTIMAL,OPTIMAL,OPTIMAL
GTF2A2,INFEASIBLE,OPTIMAL,OPTIMAL,INFEASIBLE
BNIP2,INFEASIBLE,OPTIMAL,OPTIMAL,INFEASIBLE
ANXA2,INFEASIBLE,INFEASIBLE,OPTIMAL,OPTIMAL
ICE2,OPTIMAL,OPTIMAL,OPTIMAL,OPTIMAL
RORA,INFEASIBLE,INFEASIBLE,OPTIMAL,INFEASIBLE
VPS13C,INFEASIBLE,OPTIMAL,OPTIMAL,INFEASIBLE
TLN2,OPTIMAL,OPTIMAL,OPTIMAL,OPTIMAL
TPM1,INFEASIBLE,OPTIMAL,OPTIMAL,INFEASIBLE
LACTB,INFEASIBLE,OPTIMAL,OPTIMAL,OPTIMAL
RPS27L,INFEASIBLE,INFEASIBLE,OPTIMAL,OPTIMAL
RAB8B,INFEASIBLE,OPTIMAL,OPTIMAL,OPTIMAL
CA12,OPTIMAL,OPTIMAL,OPTIMAL,OPTIMAL
USP3,INFEASIBLE,INFEASIBLE,OPTIMAL,INFEASIBLE
HERC1,INFEASIBLE,INFEASIBLE,OPTIMAL,INFEASIBLE
CIAO2A,INFEASIBLE,INFEASIBLE,OPTIMAL,INFEASIBLE
SNX1,INFEASIBLE,OPTIMAL,OPTIMAL,INFEASIBLE
PPIB,INFEASIBLE,INFEASIBLE,OPTIMAL,INFEASIBLE
CSNK1G1,INFEASIBLE,OPTIMAL,INFEASIBLE,OPTIMAL
PCLAF,INFEASIBLE,OPTIMAL,INFEASIBLE,INFEASIBLE
TRIP4,OPTIMAL,OPTIMAL,OPTIMAL,OPTIMAL
ZNF609,INFEASIBLE,OPTIMAL,OPTIMAL,INFEASIBLE
OAZ2,OPTIMAL,OPTIMAL,OPTIMAL,OPTIMAL
RBPMS2,OPTIMAL,OPTIMAL,OPTIMAL,OPTIMAL
SPG21,INFEASIBLE,OPTIMAL,OPTIMAL,OPTIMAL
MTFMT,INFEASIBLE,INFEASIBLE,OPTIMAL,INFEASIBLE
PDCD7,OPTIMAL,OPTIMAL,OPTIMAL,OPTIMAL
CLPX,INFEASIBLE,OPTIMAL,OPTIMAL,OPTIMAL
PARP16,INFEASIBLE,OPTIMAL,INFEASIBLE,OPTIMAL
IGDCC3,OPTIMAL,OPTIMAL,INFEASIBLE,OPTIMAL
IGDCC4,INFEASIBLE,OPTIMAL,OPTIMAL,INFEASIBLE
DPP8,INFEASIBLE,OPTIMAL,OPTIMAL,OPTIMAL
HACD3,INFEASIBLE,INFEASIBLE,OPTIMAL,INFEASIBLE
INTS14,INFEASIBLE,INFEASIBLE,OPTIMAL,OPTIMAL
SLC24A1,OPTIMAL,OPTIMAL,OPTIMAL,OPTIMAL
DENND4A,INFEASIBLE,OPTIMAL,OPTIMAL,INFEASIBLE
RAB11A,INFEASIBLE,OPTIMAL,OPTIMAL,INFEASIBLE
MEGF11,OPTIMAL,OPTIMAL,OPTIMAL,OPTIMAL
DIS3L,INFEASIBLE,OPTIMAL,OPTIMAL,INFEASIBLE
TIPIN,INFEASIBLE,OPTIMAL,INFEASIBLE,OPTIMAL
MAP2K1,INFEASIBLE,OPTIMAL,OPTIMAL,INFEASIBLE
SNAPC5,INFEASIBLE,OPTIMAL,OPTIMAL,INFEASIBLE
RPL4,INFEASIBLE,INFEASIBLE,OPTIMAL,INFEASIBLE
ZWILCH,INFEASIBLE,OPTIMAL,OPTIMAL,OPTIMAL
SMAD6,INFEASIBLE,INFEASIBLE,INFEASIBLE,INFEASIBLE
SMAD3,OPTIMAL,OPTIMAL,OPTIMAL,OPTIMAL
AAGAB,INFEASIBLE,OPTIMAL,OPTIMAL,INFEASIBLE
IQCH,OPTIMAL,OPTIMAL,OPTIMAL,INFEASIBLE
C15orf61,INFEASIBLE,OPTIMAL,INFEASIBLE,INFEASIBLE
MAP2K5,OPTIMAL,OPTIMAL,OPTIMAL,OPTIMAL
PIAS1,INFEASIBLE,INFEASIBLE,OPTIMAL,INFEASIBLE
CALML4,INFEASIBLE,INFEASIBLE,OPTIMAL,INFEASIBLE
CLN6,INFEASIBLE,INFEASIBLE,OPTIMAL,OPTIMAL
FEM1B,INFEASIBLE,OPTIMAL,OPTIMAL,INFEASIBLE
CORO2B,OPTIMAL,OPTIMAL,INFEASIBLE,OPTIMAL
ANP32A,INFEASIBLE,OPTIMAL,OPTIMAL,INFEASIBLE
SPESP1,OPTIMAL,OPTIMAL,OPTIMAL,OPTIMAL
GLCE,INFEASIBLE,OPTIMAL,OPTIMAL,INFEASIBLE
PAQR5,OPTIMAL,OPTIMAL,OPTIMAL,OPTIMAL
KIF23,INFEASIBLE,OPTIMAL,OPTIMAL,INFEASIBLE
RPLP1,INFEASIBLE,INFEASIBLE,INFEASIBLE,INFEASIBLE
TLE3,INFEASIBLE,OPTIMAL,OPTIMAL,INFEASIBLE
UACA,INFEASIBLE,OPTIMAL,OPTIMAL,INFEASIBLE
LARP6,INFEASIBLE,OPTIMAL,OPTIMAL,OPTIMAL
LRRC49,INFEASIBLE,INFEASIBLE,OPTIMAL,INFEASIBLE
THSD4,OPTIMAL,OPTIMAL,OPTIMAL,OPTIMAL
MYO9A,INFEASIBLE,OPTIMAL,OPTIMAL,INFEASIBLE
SENP8,INFEASIBLE,OPTIMAL,OPTIMAL,OPTIMAL
PKM,INFEASIBLE,INFEASIBLE,OPTIMAL,INFEASIBLE
PARP6,INFEASIBLE,INFEASIBLE,OPTIMAL,INFEASIBLE
HEXA,INFEASIBLE,OPTIMAL,OPTIMAL,OPTIMAL
ARIH1,INFEASIBLE,OPTIMAL,OPTIMAL,INFEASIBLE
BBS4,INFEASIBLE,OPTIMAL,OPTIMAL,OPTIMAL
ADPGK,INFEASIBLE,OPTIMAL,OPTIMAL,OPTIMAL
NEO1,INFEASIBLE,OPTIMAL,OPTIMAL,OPTIMAL
NPTN,INFEASIBLE,INFEASIBLE,OPTIMAL,INFEASIBLE
CD276,INFEASIBLE,INFEASIBLE,OPTIMAL,OPTIMAL
PML,OPTIMAL,OPTIMAL,OPTIMAL,OPTIMAL
UBL7,OPTIMAL,OPTIMAL,OPTIMAL,OPTIMAL
ARID3B,OPTIMAL,OPTIMAL,OPTIMAL,INFEASIBLE
CLK3,INFEASIBLE,OPTIMAL,OPTIMAL,INFEASIBLE
EDC3,INFEASIBLE,OPTIMAL,OPTIMAL,INFEASIBLE
CSK,OPTIMAL,OPTIMAL,OPTIMAL,OPTIMAL
ULK3,OPTIMAL,INFEASIBLE,OPTIMAL,OPTIMAL
SCAMP2,INFEASIBLE,OPTIMAL,OPTIMAL,OPTIMAL
MPI,INFEASIBLE,OPTIMAL,OPTIMAL,OPTIMAL
FAM219B,OPTIMAL,OPTIMAL,OPTIMAL,OPTIMAL
COX5A,INFEASIBLE,INFEASIBLE,INFEASIBLE,INFEASIBLE
RPP25,OPTIMAL,OPTIMAL,OPTIMAL,OPTIMAL
SCAMP5,OPTIMAL,OPTIMAL,OPTIMAL,OPTIMAL
PPCDC,INFEASIBLE,OPTIMAL,OPTIMAL,OPTIMAL
C15orf39,OPTIMAL,OPTIMAL,OPTIMAL,OPTIMAL
COMMD4,INFEASIBLE,OPTIMAL,OPTIMAL,OPTIMAL
MAN2C1,INFEASIBLE,OPTIMAL,OPTIMAL,INFEASIBLE
SIN3A,INFEASIBLE,INFEASIBLE,OPTIMAL,INFEASIBLE
PTPN9,OPTIMAL,OPTIMAL,OPTIMAL,OPTIMAL
SNUPN,INFEASIBLE,OPTIMAL,OPTIMAL,INFEASIBLE
IMP3,INFEASIBLE,INFEASIBLE,OPTIMAL,INFEASIBLE
UBE2Q2,INFEASIBLE,INFEASIBLE,OPTIMAL,INFEASIBLE
FBXO22,INFEASIBLE,OPTIMAL,OPTIMAL,INFEASIBLE
NRG4,OPTIMAL,OPTIMAL,OPTIMAL,INFEASIBLE
TMEM266,OPTIMAL,OPTIMAL,OPTIMAL,OPTIMAL
ETFA,INFEASIBLE,INFEASIBLE,INFEASIBLE,INFEASIBLE
ISL2,OPTIMAL,OPTIMAL,OPTIMAL,OPTIMAL
SCAPER,INFEASIBLE,OPTIMAL,OPTIMAL,INFEASIBLE
RCN2,INFEASIBLE,OPTIMAL,OPTIMAL,INFEASIBLE
TSPAN3,INFEASIBLE,OPTIMAL,OPTIMAL,INFEASIBLE
PEAK1,INFEASIBLE,OPTIMAL,OPTIMAL,INFEASIBLE
HMG20A,INFEASIBLE,OPTIMAL,OPTIMAL,INFEASIBLE
LINGO1,OPTIMAL,OPTIMAL,OPTIMAL,OPTIMAL
TBC1D2B,OPTIMAL,OPTIMAL,OPTIMAL,OPTIMAL
CIB2,INFEASIBLE,OPTIMAL,OPTIMAL,INFEASIBLE
IDH3A,INFEASIBLE,OPTIMAL,OPTIMAL,INFEASIBLE
SKIC8,INFEASIBLE,OPTIMAL,OPTIMAL,OPTIMAL
IREB2,INFEASIBLE,OPTIMAL,OPTIMAL,INFEASIBLE
HYKK,INFEASIBLE,OPTIMAL,OPTIMAL,INFEASIBLE
PSMA4,INFEASIBLE,INFEASIBLE,OPTIMAL,INFEASIBLE
CHRNA5,INFEASIBLE,OPTIMAL,OPTIMAL,OPTIMAL
MORF4L1,INFEASIBLE,OPTIMAL,OPTIMAL,INFEASIBLE
CTSH,INFEASIBLE,OPTIMAL,OPTIMAL,INFEASIBLE
TMED3,INFEASIBLE,INFEASIBLE,OPTIMAL,INFEASIBLE
MTHFS,INFEASIBLE,OPTIMAL,OPTIMAL,INFEASIBLE
ZFAND6,INFEASIBLE,OPTIMAL,OPTIMAL,INFEASIBLE
FAH,INFEASIBLE,OPTIMAL,OPTIMAL,INFEASIBLE
ABHD17C,INFEASIBLE,OPTIMAL,OPTIMAL,INFEASIBLE
MESD,INFEASIBLE,INFEASIBLE,OPTIMAL,INFEASIBLE
TLNRD1,OPTIMAL,OPTIMAL,OPTIMAL,OPTIMAL
EFL1,INFEASIBLE,OPTIMAL,OPTIMAL,INFEASIBLE
RPS17,INFEASIBLE,INFEASIBLE,INFEASIBLE,INFEASIBLE
CPEB1,OPTIMAL,OPTIMAL,OPTIMAL,INFEASIBLE
WHAMM,INFEASIBLE,OPTIMAL,OPTIMAL,OPTIMAL
HOMER2,INFEASIBLE,OPTIMAL,OPTIMAL,INFEASIBLE
RAMAC,INFEASIBLE,INFEASIBLE,OPTIMAL,OPTIMAL
C15orf40,INFEASIBLE,INFEASIBLE,OPTIMAL,INFEASIBLE
BTBD1,INFEASIBLE,OPTIMAL,OPTIMAL,INFEASIBLE
HDGFL3,INFEASIBLE,OPTIMAL,OPTIMAL,INFEASIBLE
SH3GL3,INFEASIBLE,INFEASIBLE,OPTIMAL,INFEASIBLE
ZSCAN2,INFEASIBLE,OPTIMAL,OPTIMAL,OPTIMAL
WDR73,OPTIMAL,OPTIMAL,OPTIMAL,INFEASIBLE
NMB,INFEASIBLE,OPTIMAL,OPTIMAL,INFEASIBLE
SEC11A,INFEASIBLE,INFEASIBLE,OPTIMAL,INFEASIBLE
ZNF592,INFEASIBLE,OPTIMAL,OPTIMAL,INFEASIBLE
PDE8A,INFEASIBLE,OPTIMAL,OPTIMAL,INFEASIBLE
AKAP13,OPTIMAL,OPTIMAL,OPTIMAL,OPTIMAL
KLHL25,OPTIMAL,OPTIMAL,OPTIMAL,OPTIMAL
AGBL1,OPTIMAL,OPTIMAL,OPTIMAL,OPTIMAL
MRPL46,INFEASIBLE,OPTIMAL,OPTIMAL,INFEASIBLE
MRPS11,INFEASIBLE,OPTIMAL,OPTIMAL,OPTIMAL
DET1,OPTIMAL,OPTIMAL,OPTIMAL,OPTIMAL
AEN,INFEASIBLE,INFEASIBLE,OPTIMAL,INFEASIBLE
MFGE8,INFEASIBLE,OPTIMAL,OPTIMAL,OPTIMAL
ABHD2,OPTIMAL,OPTIMAL,OPTIMAL,OPTIMAL
FANCI,INFEASIBLE,OPTIMAL,OPTIMAL,INFEASIBLE
POLG,OPTIMAL,OPTIMAL,OPTIMAL,OPTIMAL
TICRR,INFEASIBLE,OPTIMAL,OPTIMAL,INFEASIBLE
KIF7,OPTIMAL,OPTIMAL,OPTIMAL,INFEASIBLE
PEX11A,INFEASIBLE,OPTIMAL,OPTIMAL,OPTIMAL
MESP1,INFEASIBLE,OPTIMAL,OPTIMAL,OPTIMAL
AP3S2,INFEASIBLE,OPTIMAL,OPTIMAL,INFEASIBLE
ARPIN,INFEASIBLE,OPTIMAL,OPTIMAL,OPTIMAL
ZNF710,INFEASIBLE,OPTIMAL,OPTIMAL,INFEASIBLE
IDH2,INFEASIBLE,OPTIMAL,OPTIMAL,OPTIMAL
SEMA4B,OPTIMAL,OPTIMAL,OPTIMAL,OPTIMAL
CIB1,INFEASIBLE,OPTIMAL,OPTIMAL,INFEASIBLE
GDPGP1,INFEASIBLE,OPTIMAL,OPTIMAL,OPTIMAL
NGRN,INFEASIBLE,OPTIMAL,OPTIMAL,OPTIMAL
IQGAP1,INFEASIBLE,OPTIMAL,OPTIMAL,INFEASIBLE
CRTC3,INFEASIBLE,OPTIMAL,OPTIMAL,INFEASIBLE
BLM,INFEASIBLE,OPTIMAL,OPTIMAL,OPTIMAL
FURIN,OPTIMAL,OPTIMAL,OPTIMAL,OPTIMAL
HDDC3,INFEASIBLE,INFEASIBLE,OPTIMAL,INFEASIBLE
UNC45A,OPTIMAL,OPTIMAL,OPTIMAL,OPTIMAL
RCCD1,OPTIMAL,INFEASIBLE,OPTIMAL,OPTIMAL
PRC1,INFEASIBLE,OPTIMAL,OPTIMAL,INFEASIBLE
FAM174B,OPTIMAL,OPTIMAL,OPTIMAL,OPTIMAL
CHD2,INFEASIBLE,OPTIMAL,OPTIMAL,INFEASIBLE
RGMA,OPTIMAL,OPTIMAL,OPTIMAL,OPTIMAL
NR2F2,OPTIMAL,OPTIMAL,OPTIMAL,INFEASIBLE
IGF1R,INFEASIBLE,OPTIMAL,OPTIMAL,INFEASIBLE
TTC23,INFEASIBLE,OPTIMAL,OPTIMAL,OPTIMAL
LRRC28,INFEASIBLE,OPTIMAL,OPTIMAL,OPTIMAL
MEF2A,INFEASIBLE,OPTIMAL,OPTIMAL,INFEASIBLE
LYSMD4,OPTIMAL,OPTIMAL,OPTIMAL,OPTIMAL
ADAMTS17,INFEASIBLE,OPTIMAL,OPTIMAL,OPTIMAL
LINS1,INFEASIBLE,OPTIMAL,OPTIMAL,OPTIMAL
ASB7,INFEASIBLE,OPTIMAL,OPTIMAL,INFEASIBLE
CHSY1,INFEASIBLE,OPTIMAL,OPTIMAL,INFEASIBLE
SELENOS,INFEASIBLE,OPTIMAL,OPTIMAL,INFEASIBLE
SNRPA1,INFEASIBLE,INFEASIBLE,OPTIMAL,INFEASIBLE
PCSK6,INFEASIBLE,OPTIMAL,OPTIMAL,INFEASIBLE
TM2D3,INFEASIBLE,INFEASIBLE,OPTIMAL,INFEASIBLE
TARS3,INFEASIBLE,OPTIMAL,OPTIMAL,INFEASIBLE
POLR3K,INFEASIBLE,OPTIMAL,OPTIMAL,INFEASIBLE
SNRNP25,INFEASIBLE,INFEASIBLE,OPTIMAL,INFEASIBLE
MPG,INFEASIBLE,OPTIMAL,OPTIMAL,INFEASIBLE
NPRL3,INFEASIBLE,OPTIMAL,OPTIMAL,INFEASIBLE
HBQ1,OPTIMAL,OPTIMAL,OPTIMAL,OPTIMAL
LUC7L,INFEASIBLE,OPTIMAL,OPTIMAL,INFEASIBLE
FAM234A,INFEASIBLE,OPTIMAL,OPTIMAL,OPTIMAL
ARHGDIG,OPTIMAL,INFEASIBLE,OPTIMAL,OPTIMAL
AXIN1,OPTIMAL,OPTIMAL,OPTIMAL,OPTIMAL
MRPL28,INFEASIBLE,INFEASIBLE,OPTIMAL,INFEASIBLE
PGAP6,OPTIMAL,OPTIMAL,OPTIMAL,OPTIMAL
NME4,INFEASIBLE,INFEASIBLE,OPTIMAL,OPTIMAL
RAB11FIP3,INFEASIBLE,OPTIMAL,OPTIMAL,INFEASIBLE
CAPN15,INFEASIBLE,OPTIMAL,OPTIMAL,INFEASIBLE
PIGQ,OPTIMAL,OPTIMAL,OPTIMAL,OPTIMAL
RAB40C,INFEASIBLE,OPTIMAL,OPTIMAL,INFEASIBLE
METTL26,INFEASIBLE,OPTIMAL,OPTIMAL,OPTIMAL
MCRIP2,OPTIMAL,OPTIMAL,OPTIMAL,OPTIMAL
WDR90,OPTIMAL,OPTIMAL,OPTIMAL,OPTIMAL
RHOT2,OPTIMAL,OPTIMAL,OPTIMAL,OPTIMAL
STUB1,INFEASIBLE,INFEASIBLE,OPTIMAL,INFEASIBLE
JMJD8,INFEASIBLE,OPTIMAL,OPTIMAL,OPTIMAL
METRN,OPTIMAL,OPTIMAL,OPTIMAL,OPTIMAL
ANTKMT,INFEASIBLE,INFEASIBLE,OPTIMAL,OPTIMAL
HAGHL,OPTIMAL,OPTIMAL,OPTIMAL,OPTIMAL
CIAO3,INFEASIBLE,OPTIMAL,OPTIMAL,INFEASIBLE
RPUSD1,INFEASIBLE,OPTIMAL,OPTIMAL,OPTIMAL
CHTF18,OPTIMAL,OPTIMAL,OPTIMAL,OPTIMAL
LMF1,OPTIMAL,OPTIMAL,OPTIMAL,OPTIMAL
CACNA1H,INFEASIBLE,INFEASIBLE,OPTIMAL,INFEASIBLE
UBE2I,INFEASIBLE,OPTIMAL,OPTIMAL,INFEASIBLE
TSR3,INFEASIBLE,OPTIMAL,OPTIMAL,INFEASIBLE
GNPTG,INFEASIBLE,OPTIMAL,OPTIMAL,OPTIMAL
UNKL,OPTIMAL,OPTIMAL,OPTIMAL,OPTIMAL
UQCC4,OPTIMAL,OPTIMAL,OPTIMAL,OPTIMAL
CLCN7,INFEASIBLE,OPTIMAL,OPTIMAL,INFEASIBLE
TELO2,OPTIMAL,OPTIMAL,OPTIMAL,OPTIMAL
IFT140,INFEASIBLE,OPTIMAL,OPTIMAL,OPTIMAL
CRAMP1,INFEASIBLE,OPTIMAL,OPTIMAL,OPTIMAL
JPT2,INFEASIBLE,OPTIMAL,OPTIMAL,OPTIMAL
MAPK8IP3,OPTIMAL,OPTIMAL,OPTIMAL,OPTIMAL
NME3,INFEASIBLE,OPTIMAL,OPTIMAL,OPTIMAL
MRPS34,INFEASIBLE,INFEASIBLE,OPTIMAL,INFEASIBLE
SPSB3,INFEASIBLE,OPTIMAL,OPTIMAL,OPTIMAL
NUBP2,INFEASIBLE,OPTIMAL,OPTIMAL,OPTIMAL
HAGH,INFEASIBLE,INFEASIBLE,OPTIMAL,OPTIMAL
FAHD1,INFEASIBLE,OPTIMAL,OPTIMAL,OPTIMAL
MSRB1,OPTIMAL,OPTIMAL,OPTIMAL,OPTIMAL
NDUFB10,INFEASIBLE,INFEASIBLE,OPTIMAL,INFEASIBLE
RPS2,INFEASIBLE,OPTIMAL,OPTIMAL,INFEASIBLE
TBL3,OPTIMAL,INFEASIBLE,OPTIMAL,OPTIMAL
GFER,INFEASIBLE,OPTIMAL,OPTIMAL,OPTIMAL
ZNF598,INFEASIBLE,OPTIMAL,OPTIMAL,INFEASIBLE
NPW,OPTIMAL,OPTIMAL,OPTIMAL,OPTIMAL
NHERF2,INFEASIBLE,OPTIMAL,OPTIMAL,INFEASIBLE
NTHL1,OPTIMAL,INFEASIBLE,OPTIMAL,OPTIMAL
TSC2,OPTIMAL,OPTIMAL,OPTIMAL,OPTIMAL
PKD1,OPTIMAL,OPTIMAL,OPTIMAL,OPTIMAL
TRAF7,INFEASIBLE,OPTIMAL,INFEASIBLE,OPTIMAL
MLST8,INFEASIBLE,OPTIMAL,OPTIMAL,OPTIMAL
PGP,INFEASIBLE,OPTIMAL,OPTIMAL,INFEASIBLE
E4F1,OPTIMAL,INFEASIBLE,OPTIMAL,OPTIMAL
ECI1,INFEASIBLE,OPTIMAL,OPTIMAL,INFEASIBLE
RNPS1,INFEASIBLE,INFEASIBLE,OPTIMAL,INFEASIBLE
ABCA3,INFEASIBLE,OPTIMAL,OPTIMAL,OPTIMAL
CCNF,INFEASIBLE,OPTIMAL,OPTIMAL,INFEASIBLE
TEDC2,INFEASIBLE,OPTIMAL,OPTIMAL,INFEASIBLE
TBC1D24,INFEASIBLE,OPTIMAL,OPTIMAL,OPTIMAL
ATP6V0C,INFEASIBLE,OPTIMAL,OPTIMAL,INFEASIBLE
AMDHD2,INFEASIBLE,OPTIMAL,OPTIMAL,OPTIMAL
PDPK1,INFEASIBLE,INFEASIBLE,OPTIMAL,OPTIMAL
KCTD5,INFEASIBLE,OPTIMAL,OPTIMAL,OPTIMAL
SRRM2,INFEASIBLE,INFEASIBLE,OPTIMAL,INFEASIBLE
ELOB,INFEASIBLE,INFEASIBLE,INFEASIBLE,INFEASIBLE
FLYWCH2,INFEASIBLE,OPTIMAL,OPTIMAL,OPTIMAL
FLYWCH1,OPTIMAL,OPTIMAL,OPTIMAL,OPTIMAL
PKMYT1,INFEASIBLE,OPTIMAL,OPTIMAL,OPTIMAL
PAQR4,OPTIMAL,OPTIMAL,OPTIMAL,OPTIMAL
TNFRSF12A,OPTIMAL,INFEASIBLE,OPTIMAL,OPTIMAL
HCFC1R1,INFEASIBLE,OPTIMAL,OPTIMAL,INFEASIBLE
THOC6,OPTIMAL,OPTIMAL,OPTIMAL,OPTIMAL
ZNF205,OPTIMAL,OPTIMAL,OPTIMAL,OPTIMAL
ZNF200,INFEASIBLE,INFEASIBLE,OPTIMAL,INFEASIBLE
ZNF263,OPTIMAL,OPTIMAL,OPTIMAL,OPTIMAL
ZNF75A,OPTIMAL,OPTIMAL,OPTIMAL,INFEASIBLE
ZSCAN32,OPTIMAL,OPTIMAL,OPTIMAL,OPTIMAL
ZNF174,OPTIMAL,OPTIMAL,OPTIMAL,OPTIMAL
NAA60,INFEASIBLE,OPTIMAL,OPTIMAL,INFEASIBLE
CLUAP1,OPTIMAL,OPTIMAL,OPTIMAL,OPTIMAL
SLX4,OPTIMAL,OPTIMAL,OPTIMAL,OPTIMAL
DNASE1,INFEASIBLE,OPTIMAL,OPTIMAL,INFEASIBLE
TRAP1,INFEASIBLE,OPTIMAL,OPTIMAL,OPTIMAL
CREBBP,OPTIMAL,OPTIMAL,OPTIMAL,OPTIMAL
ADCY9,OPTIMAL,OPTIMAL,OPTIMAL,INFEASIBLE
TFAP4,INFEASIBLE,OPTIMAL,OPTIMAL,INFEASIBLE
PAM16,INFEASIBLE,INFEASIBLE,OPTIMAL,INFEASIBLE
CORO7,INFEASIBLE,OPTIMAL,OPTIMAL,INFEASIBLE
DNAJA3,INFEASIBLE,OPTIMAL,OPTIMAL,INFEASIBLE
NMRAL1,OPTIMAL,OPTIMAL,OPTIMAL,OPTIMAL
HMOX2,OPTIMAL,OPTIMAL,OPTIMAL,OPTIMAL
CDIP1,OPTIMAL,OPTIMAL,OPTIMAL,OPTIMAL
UBALD1,OPTIMAL,OPTIMAL,OPTIMAL,OPTIMAL
MGRN1,OPTIMAL,INFEASIBLE,OPTIMAL,OPTIMAL
NUDT16L1,INFEASIBLE,OPTIMAL,OPTIMAL,INFEASIBLE
ANKS3,OPTIMAL,OPTIMAL,OPTIMAL,OPTIMAL
ZNF500,INFEASIBLE,OPTIMAL,OPTIMAL,INFEASIBLE
ROGDI,INFEASIBLE,OPTIMAL,OPTIMAL,INFEASIBLE
GLYR1,INFEASIBLE,OPTIMAL,OPTIMAL,OPTIMAL
UBN1,OPTIMAL,OPTIMAL,OPTIMAL,OPTIMAL
SEC14L5,OPTIMAL,OPTIMAL,OPTIMAL,OPTIMAL
ALG1,INFEASIBLE,OPTIMAL,OPTIMAL,OPTIMAL
EEF2KMT,OPTIMAL,OPTIMAL,OPTIMAL,OPTIMAL
RBFOX1,OPTIMAL,OPTIMAL,OPTIMAL,OPTIMAL
METTL22,INFEASIBLE,OPTIMAL,OPTIMAL,INFEASIBLE
ABAT,OPTIMAL,OPTIMAL,OPTIMAL,OPTIMAL
PMM2,INFEASIBLE,INFEASIBLE,OPTIMAL,INFEASIBLE
CARHSP1,INFEASIBLE,OPTIMAL,OPTIMAL,INFEASIBLE
USP7,INFEASIBLE,OPTIMAL,OPTIMAL,OPTIMAL
HAPSTR1,OPTIMAL,OPTIMAL,OPTIMAL,OPTIMAL
ATF7IP2,INFEASIBLE,OPTIMAL,OPTIMAL,INFEASIBLE
EMP2,INFEASIBLE,OPTIMAL,OPTIMAL,INFEASIBLE
NUBP1,INFEASIBLE,OPTIMAL,OPTIMAL,OPTIMAL
DEXI,OPTIMAL,OPTIMAL,OPTIMAL,OPTIMAL
CLEC16A,OPTIMAL,OPTIMAL,OPTIMAL,OPTIMAL
RMI2,INFEASIBLE,OPTIMAL,OPTIMAL,INFEASIBLE
ENSG00000188897,OPTIMAL,OPTIMAL,OPTIMAL,OPTIMAL
LITAF,OPTIMAL,INFEASIBLE,OPTIMAL,OPTIMAL
SNN,OPTIMAL,OPTIMAL,OPTIMAL,OPTIMAL
TXNDC11,OPTIMAL,OPTIMAL,OPTIMAL,OPTIMAL
ZC3H7A,INFEASIBLE,OPTIMAL,OPTIMAL,INFEASIBLE
RSL1D1,INFEASIBLE,INFEASIBLE,OPTIMAL,INFEASIBLE
GSPT1,INFEASIBLE,OPTIMAL,OPTIMAL,INFEASIBLE
SNX29,OPTIMAL,OPTIMAL,OPTIMAL,OPTIMAL
CPPED1,OPTIMAL,OPTIMAL,OPTIMAL,OPTIMAL
ERCC4,INFEASIBLE,INFEASIBLE,OPTIMAL,INFEASIBLE
MRTFB,INFEASIBLE,OPTIMAL,OPTIMAL,INFEASIBLE
PARN,INFEASIBLE,OPTIMAL,OPTIMAL,OPTIMAL
BFAR,INFEASIBLE,INFEASIBLE,OPTIMAL,INFEASIBLE
NOMO1,OPTIMAL,OPTIMAL,OPTIMAL,OPTIMAL
PDXDC1,OPTIMAL,OPTIMAL,OPTIMAL,OPTIMAL
NTAN1,OPTIMAL,OPTIMAL,OPTIMAL,OPTIMAL
RRN3,INFEASIBLE,OPTIMAL,OPTIMAL,INFEASIBLE
MARF1,OPTIMAL,OPTIMAL,OPTIMAL,OPTIMAL
NDE1,OPTIMAL,OPTIMAL,OPTIMAL,OPTIMAL
CEP20,INFEASIBLE,INFEASIBLE,OPTIMAL,OPTIMAL
ABCC1,OPTIMAL,OPTIMAL,OPTIMAL,OPTIMAL
NOMO3,OPTIMAL,INFEASIBLE,OPTIMAL,OPTIMAL
XYLT1,OPTIMAL,OPTIMAL,OPTIMAL,OPTIMAL
NOMO2,OPTIMAL,OPTIMAL,OPTIMAL,OPTIMAL
RPS15A,INFEASIBLE,INFEASIBLE,OPTIMAL,INFEASIBLE
ARL6IP1,OPTIMAL,INFEASIBLE,OPTIMAL,OPTIMAL
SMG1,INFEASIBLE,OPTIMAL,OPTIMAL,INFEASIBLE
TMC7,OPTIMAL,OPTIMAL,OPTIMAL,OPTIMAL
COQ7,OPTIMAL,OPTIMAL,OPTIMAL,OPTIMAL
ITPRIPL2,OPTIMAL,OPTIMAL,OPTIMAL,OPTIMAL
GDE1,INFEASIBLE,OPTIMAL,OPTIMAL,INFEASIBLE
CCP110,OPTIMAL,OPTIMAL,OPTIMAL,OPTIMAL
VPS35L,INFEASIBLE,OPTIMAL,OPTIMAL,OPTIMAL
KNOP1,INFEASIBLE,INFEASIBLE,OPTIMAL,OPTIMAL
IQCK,INFEASIBLE,OPTIMAL,OPTIMAL,OPTIMAL
GPRC5B,INFEASIBLE,OPTIMAL,OPTIMAL,OPTIMAL
THUMPD1,INFEASIBLE,OPTIMAL,OPTIMAL,INFEASIBLE
ERI2,OPTIMAL,OPTIMAL,OPTIMAL,OPTIMAL
REXO5,INFEASIBLE,OPTIMAL,OPTIMAL,INFEASIBLE
LYRM1,OPTIMAL,OPTIMAL,OPTIMAL,OPTIMAL
LDAF1,OPTIMAL,OPTIMAL,OPTIMAL,OPTIMAL
METTL9,INFEASIBLE,OPTIMAL,OPTIMAL,INFEASIBLE
NPIPB4,OPTIMAL,OPTIMAL,OPTIMAL,OPTIMAL
UQCRC2,INFEASIBLE,INFEASIBLE,OPTIMAL,OPTIMAL
MOSMO,INFEASIBLE,OPTIMAL,OPTIMAL,INFEASIBLE
EEF2K,INFEASIBLE,OPTIMAL,OPTIMAL,OPTIMAL
POLR3E,INFEASIBLE,INFEASIBLE,OPTIMAL,INFEASIBLE
CDR2,OPTIMAL,OPTIMAL,OPTIMAL,OPTIMAL
USP31,INFEASIBLE,OPTIMAL,OPTIMAL,INFEASIBLE
COG7,INFEASIBLE,OPTIMAL,OPTIMAL,OPTIMAL
GGA2,INFEASIBLE,OPTIMAL,OPTIMAL,INFEASIBLE
EARS2,OPTIMAL,OPTIMAL,OPTIMAL,OPTIMAL
UBFD1,INFEASIBLE,OPTIMAL,OPTIMAL,INFEASIBLE
NDUFAB1,INFEASIBLE,INFEASIBLE,OPTIMAL,INFEASIBLE
PALB2,INFEASIBLE,OPTIMAL,OPTIMAL,OPTIMAL
DCTN5,INFEASIBLE,OPTIMAL,OPTIMAL,INFEASIBLE
PLK1,OPTIMAL,INFEASIBLE,OPTIMAL,OPTIMAL
PRKCB,INFEASIBLE,OPTIMAL,OPTIMAL,INFEASIBLE
RBBP6,INFEASIBLE,INFEASIBLE,OPTIMAL,OPTIMAL
TNRC6A,INFEASIBLE,OPTIMAL,OPTIMAL,INFEASIBLE
ARHGAP17,INFEASIBLE,INFEASIBLE,OPTIMAL,OPTIMAL
LCMT1,INFEASIBLE,OPTIMAL,OPTIMAL,INFEASIBLE
NSMCE1,INFEASIBLE,OPTIMAL,OPTIMAL,INFEASIBLE
GTF3C1,INFEASIBLE,INFEASIBLE,OPTIMAL,INFEASIBLE
KATNIP,OPTIMAL,OPTIMAL,OPTIMAL,OPTIMAL
XPO6,OPTIMAL,OPTIMAL,OPTIMAL,OPTIMAL
CLN3,INFEASIBLE,OPTIMAL,OPTIMAL,OPTIMAL
SGF29,INFEASIBLE,OPTIMAL,OPTIMAL,INFEASIBLE
EIF3C,INFEASIBLE,OPTIMAL,OPTIMAL,OPTIMAL
ATXN2L,INFEASIBLE,OPTIMAL,OPTIMAL,INFEASIBLE
TUFM,INFEASIBLE,INFEASIBLE,OPTIMAL,INFEASIBLE
SH2B1,INFEASIBLE,INFEASIBLE,OPTIMAL,INFEASIBLE
RABEP2,OPTIMAL,OPTIMAL,OPTIMAL,OPTIMAL
NFATC2IP,INFEASIBLE,OPTIMAL,OPTIMAL,INFEASIBLE
SPNS1,INFEASIBLE,OPTIMAL,OPTIMAL,INFEASIBLE
QPRT,INFEASIBLE,OPTIMAL,OPTIMAL,INFEASIBLE
KIF22,INFEASIBLE,OPTIMAL,OPTIMAL,OPTIMAL
MAZ,INFEASIBLE,OPTIMAL,OPTIMAL,INFEASIBLE
PAGR1,INFEASIBLE,OPTIMAL,OPTIMAL,INFEASIBLE
MVP,OPTIMAL,OPTIMAL,OPTIMAL,OPTIMAL
CDIPT,INFEASIBLE,OPTIMAL,OPTIMAL,OPTIMAL
SEZ6L2,OPTIMAL,OPTIMAL,OPTIMAL,OPTIMAL
ASPHD1,OPTIMAL,INFEASIBLE,OPTIMAL,OPTIMAL
KCTD13,INFEASIBLE,INFEASIBLE,OPTIMAL,OPTIMAL
TMEM219,INFEASIBLE,OPTIMAL,OPTIMAL,INFEASIBLE
TAOK2,OPTIMAL,OPTIMAL,OPTIMAL,OPTIMAL
HIRIP3,OPTIMAL,OPTIMAL,OPTIMAL,OPTIMAL
INO80E,INFEASIBLE,OPTIMAL,OPTIMAL,OPTIMAL
DOC2A,OPTIMAL,OPTIMAL,OPTIMAL,OPTIMAL
ALDOA,OPTIMAL,OPTIMAL,OPTIMAL,OPTIMAL
PPP4C,INFEASIBLE,INFEASIBLE,INFEASIBLE,INFEASIBLE
YPEL3,INFEASIBLE,INFEASIBLE,OPTIMAL,OPTIMAL
MAPK3,INFEASIBLE,OPTIMAL,OPTIMAL,INFEASIBLE
BOLA2B,INFEASIBLE,OPTIMAL,OPTIMAL,INFEASIBLE
NPIPB13,INFEASIBLE,OPTIMAL,OPTIMAL,INFEASIBLE
CD2BP2,INFEASIBLE,OPTIMAL,OPTIMAL,INFEASIBLE
TBC1D10B,OPTIMAL,OPTIMAL,OPTIMAL,OPTIMAL
ZNF48,OPTIMAL,OPTIMAL,OPTIMAL,OPTIMAL
SEPTIN1,OPTIMAL,OPTIMAL,OPTIMAL,OPTIMAL
ZNF771,INFEASIBLE,OPTIMAL,OPTIMAL,INFEASIBLE
DCTPP1,INFEASIBLE,OPTIMAL,OPTIMAL,INFEASIBLE
SEPHS2,OPTIMAL,OPTIMAL,OPTIMAL,OPTIMAL
ZNF768,OPTIMAL,OPTIMAL,OPTIMAL,OPTIMAL
ZNF747,OPTIMAL,OPTIMAL,OPTIMAL,OPTIMAL
ZNF764,OPTIMAL,OPTIMAL,OPTIMAL,OPTIMAL
ZNF688,OPTIMAL,OPTIMAL,OPTIMAL,OPTIMAL
ZNF689,INFEASIBLE,OPTIMAL,OPTIMAL,INFEASIBLE
PRR14,OPTIMAL,OPTIMAL,OPTIMAL,OPTIMAL
FBRS,INFEASIBLE,OPTIMAL,OPTIMAL,INFEASIBLE
SRCAP,INFEASIBLE,OPTIMAL,OPTIMAL,INFEASIBLE
PHKG2,OPTIMAL,OPTIMAL,OPTIMAL,OPTIMAL
CFAP119,OPTIMAL,OPTIMAL,OPTIMAL,OPTIMAL
RNF40,INFEASIBLE,OPTIMAL,OPTIMAL,INFEASIBLE
ZNF629,OPTIMAL,OPTIMAL,OPTIMAL,OPTIMAL
BCL7C,INFEASIBLE,OPTIMAL,OPTIMAL,OPTIMAL
FBXL19,OPTIMAL,OPTIMAL,OPTIMAL,OPTIMAL
SETD1A,OPTIMAL,OPTIMAL,OPTIMAL,OPTIMAL
STX4,INFEASIBLE,OPTIMAL,OPTIMAL,INFEASIBLE
ZNF668,OPTIMAL,OPTIMAL,OPTIMAL,OPTIMAL
VKORC1,INFEASIBLE,INFEASIBLE,OPTIMAL,INFEASIBLE
BCKDK,INFEASIBLE,OPTIMAL,OPTIMAL,OPTIMAL
KAT8,INFEASIBLE,OPTIMAL,OPTIMAL,INFEASIBLE
FUS,INFEASIBLE,OPTIMAL,OPTIMAL,INFEASIBLE
RUSF1,OPTIMAL,OPTIMAL,OPTIMAL,OPTIMAL
KRBOX5,INFEASIBLE,OPTIMAL,OPTIMAL,INFEASIBLE
ZNF267,INFEASIBLE,INFEASIBLE,OPTIMAL,OPTIMAL
SHCBP1,INFEASIBLE,OPTIMAL,OPTIMAL,INFEASIBLE
VPS35,INFEASIBLE,OPTIMAL,OPTIMAL,INFEASIBLE
ORC6,INFEASIBLE,INFEASIBLE,OPTIMAL,OPTIMAL
C16orf87,INFEASIBLE,INFEASIBLE,OPTIMAL,INFEASIBLE
GPT2,INFEASIBLE,OPTIMAL,OPTIMAL,OPTIMAL
DNAJA2,INFEASIBLE,OPTIMAL,OPTIMAL,INFEASIBLE
NETO2,INFEASIBLE,OPTIMAL,OPTIMAL,INFEASIBLE
ITFG1,INFEASIBLE,INFEASIBLE,OPTIMAL,INFEASIBLE
PHKB,INFEASIBLE,OPTIMAL,OPTIMAL,INFEASIBLE
LONP2,INFEASIBLE,OPTIMAL,OPTIMAL,INFEASIBLE
SIAH1,INFEASIBLE,OPTIMAL,OPTIMAL,OPTIMAL
N4BP1,INFEASIBLE,INFEASIBLE,OPTIMAL,INFEASIBLE
ZNF423,OPTIMAL,OPTIMAL,OPTIMAL,OPTIMAL
CNEP1R1,INFEASIBLE,OPTIMAL,OPTIMAL,OPTIMAL
HEATR3,INFEASIBLE,INFEASIBLE,INFEASIBLE,INFEASIBLE
TENT4B,INFEASIBLE,OPTIMAL,OPTIMAL,INFEASIBLE
BRD7,INFEASIBLE,OPTIMAL,OPTIMAL,INFEASIBLE
CYLD,OPTIMAL,OPTIMAL,OPTIMAL,OPTIMAL
SALL1,OPTIMAL,INFEASIBLE,OPTIMAL,OPTIMAL
HNRNPA1L3,OPTIMAL,OPTIMAL,OPTIMAL,OPTIMAL
CHD9,INFEASIBLE,OPTIMAL,OPTIMAL,INFEASIBLE
RBL2,OPTIMAL,OPTIMAL,OPTIMAL,INFEASIBLE
AKTIP,OPTIMAL,OPTIMAL,OPTIMAL,OPTIMAL
RPGRIP1L,OPTIMAL,OPTIMAL,OPTIMAL,OPTIMAL
FTO,INFEASIBLE,INFEASIBLE,OPTIMAL,INFEASIBLE
IRX3,OPTIMAL,OPTIMAL,OPTIMAL,OPTIMAL
IRX5,OPTIMAL,OPTIMAL,OPTIMAL,OPTIMAL
LPCAT2,INFEASIBLE,OPTIMAL,OPTIMAL,OPTIMAL
AMFR,INFEASIBLE,OPTIMAL,OPTIMAL,INFEASIBLE
NUDT21,INFEASIBLE,OPTIMAL,OPTIMAL,INFEASIBLE
OGFOD1,INFEASIBLE,OPTIMAL,OPTIMAL,INFEASIBLE
BBS2,OPTIMAL,OPTIMAL,OPTIMAL,OPTIMAL
MT2A,INFEASIBLE,OPTIMAL,OPTIMAL,INFEASIBLE
MT1X,INFEASIBLE,OPTIMAL,OPTIMAL,INFEASIBLE
NUP93,INFEASIBLE,OPTIMAL,OPTIMAL,INFEASIBLE
HERPUD1,INFEASIBLE,INFEASIBLE,OPTIMAL,OPTIMAL
CPNE2,INFEASIBLE,OPTIMAL,OPTIMAL,INFEASIBLE
PSME3IP1,INFEASIBLE,OPTIMAL,OPTIMAL,OPTIMAL
RSPRY1,OPTIMAL,OPTIMAL,OPTIMAL,OPTIMAL
ARL2BP,INFEASIBLE,OPTIMAL,OPTIMAL,OPTIMAL
PLLP,OPTIMAL,OPTIMAL,OPTIMAL,OPTIMAL
CIAPIN1,OPTIMAL,OPTIMAL,OPTIMAL,OPTIMAL
COQ9,INFEASIBLE,OPTIMAL,OPTIMAL,INFEASIBLE
POLR2C,OPTIMAL,OPTIMAL,OPTIMAL,OPTIMAL
CCDC102A,OPTIMAL,INFEASIBLE,OPTIMAL,OPTIMAL
KATNB1,OPTIMAL,OPTIMAL,OPTIMAL,OPTIMAL
USB1,INFEASIBLE,OPTIMAL,OPTIMAL,OPTIMAL
CFAP20,INFEASIBLE,OPTIMAL,OPTIMAL,INFEASIBLE
CSNK2A2,INFEASIBLE,OPTIMAL,OPTIMAL,INFEASIBLE
CCDC113,OPTIMAL,INFEASIBLE,OPTIMAL,OPTIMAL
GINS3,INFEASIBLE,OPTIMAL,OPTIMAL,OPTIMAL
SETD6,INFEASIBLE,INFEASIBLE,OPTIMAL,OPTIMAL
CNOT1,INFEASIBLE,INFEASIBLE,OPTIMAL,INFEASIBLE
SLC38A7,OPTIMAL,OPTIMAL,OPTIMAL,OPTIMAL
GOT2,INFEASIBLE,OPTIMAL,OPTIMAL,OPTIMAL
TK2,INFEASIBLE,OPTIMAL,OPTIMAL,OPTIMAL
CKLF,INFEASIBLE,OPTIMAL,OPTIMAL,INFEASIBLE
CMTM3,OPTIMAL,OPTIMAL,OPTIMAL,OPTIMAL
CMTM4,INFEASIBLE,OPTIMAL,OPTIMAL,INFEASIBLE
DYNC1LI2,INFEASIBLE,OPTIMAL,OPTIMAL,INFEASIBLE
TERB1,OPTIMAL,OPTIMAL,OPTIMAL,OPTIMAL
NAE1,INFEASIBLE,OPTIMAL,OPTIMAL,INFEASIBLE
PDP2,OPTIMAL,OPTIMAL,OPTIMAL,OPTIMAL
CIAO2B,INFEASIBLE,INFEASIBLE,OPTIMAL,INFEASIBLE
CES2,OPTIMAL,OPTIMAL,OPTIMAL,OPTIMAL
CBFB,INFEASIBLE,INFEASIBLE,OPTIMAL,INFEASIBLE
PHAF1,INFEASIBLE,INFEASIBLE,OPTIMAL,INFEASIBLE
TRADD,INFEASIBLE,OPTIMAL,OPTIMAL,OPTIMAL
E2F4,INFEASIBLE,OPTIMAL,OPTIMAL,OPTIMAL
TMEM208,INFEASIBLE,INFEASIBLE,OPTIMAL,INFEASIBLE
FHOD1,INFEASIBLE,OPTIMAL,OPTIMAL,OPTIMAL
ATP6V0D1,INFEASIBLE,INFEASIBLE,OPTIMAL,OPTIMAL
RIPOR1,OPTIMAL,OPTIMAL,OPTIMAL,OPTIMAL
CTCF,INFEASIBLE,INFEASIBLE,INFEASIBLE,INFEASIBLE
CARMIL2,OPTIMAL,OPTIMAL,OPTIMAL,OPTIMAL
ACD,OPTIMAL,OPTIMAL,OPTIMAL,OPTIMAL
GFOD2,OPTIMAL,INFEASIBLE,OPTIMAL,INFEASIBLE
RANBP10,OPTIMAL,OPTIMAL,OPTIMAL,OPTIMAL
CENPT,OPTIMAL,INFEASIBLE,OPTIMAL,OPTIMAL
THAP11,OPTIMAL,OPTIMAL,OPTIMAL,OPTIMAL
NUTF2,INFEASIBLE,OPTIMAL,OPTIMAL,INFEASIBLE
EDC4,OPTIMAL,OPTIMAL,OPTIMAL,OPTIMAL
PSKH1,OPTIMAL,OPTIMAL,OPTIMAL,OPTIMAL
PSMB10,INFEASIBLE,INFEASIBLE,OPTIMAL,INFEASIBLE
DUS2,INFEASIBLE,INFEASIBLE,OPTIMAL,INFEASIBLE
DDX28,OPTIMAL,INFEASIBLE,OPTIMAL,OPTIMAL
NFATC3,OPTIMAL,OPTIMAL,OPTIMAL,INFEASIBLE
SLC7A6,OPTIMAL,OPTIMAL,OPTIMAL,OPTIMAL
SLC7A6OS,INFEASIBLE,OPTIMAL,OPTIMAL,INFEASIBLE
PRMT7,INFEASIBLE,OPTIMAL,OPTIMAL,OPTIMAL
ZFP90,OPTIMAL,OPTIMAL,OPTIMAL,OPTIMAL
TANGO6,INFEASIBLE,INFEASIBLE,OPTIMAL,INFEASIBLE
UTP4,INFEASIBLE,OPTIMAL,OPTIMAL,OPTIMAL
SNTB2,INFEASIBLE,OPTIMAL,OPTIMAL,OPTIMAL
VPS4A,INFEASIBLE,OPTIMAL,OPTIMAL,INFEASIBLE
COG8,OPTIMAL,OPTIMAL,OPTIMAL,OPTIMAL
NIP7,INFEASIBLE,OPTIMAL,OPTIMAL,OPTIMAL
TERF2,OPTIMAL,OPTIMAL,OPTIMAL,OPTIMAL
CYB5B,INFEASIBLE,OPTIMAL,OPTIMAL,INFEASIBLE
NFAT5,INFEASIBLE,INFEASIBLE,OPTIMAL,INFEASIBLE
NOB1,OPTIMAL,OPTIMAL,OPTIMAL,OPTIMAL
WWP2,INFEASIBLE,OPTIMAL,OPTIMAL,INFEASIBLE
PDPR,OPTIMAL,OPTIMAL,OPTIMAL,OPTIMAL
EXOSC6,INFEASIBLE,OPTIMAL,OPTIMAL,INFEASIBLE
AARS1,INFEASIBLE,OPTIMAL,OPTIMAL,INFEASIBLE
DDX19B,OPTIMAL,OPTIMAL,OPTIMAL,OPTIMAL
DDX19A,INFEASIBLE,OPTIMAL,OPTIMAL,INFEASIBLE
ST3GAL2,INFEASIBLE,OPTIMAL,OPTIMAL,INFEASIBLE
COG4,OPTIMAL,OPTIMAL,OPTIMAL,OPTIMAL
SF3B3,INFEASIBLE,INFEASIBLE,OPTIMAL,INFEASIBLE
MTSS2,OPTIMAL,OPTIMAL,OPTIMAL,OPTIMAL
VAC14,OPTIMAL,INFEASIBLE,OPTIMAL,OPTIMAL
ZNF23,OPTIMAL,OPTIMAL,OPTIMAL,OPTIMAL
PHLPP2,OPTIMAL,OPTIMAL,OPTIMAL,OPTIMAL
AP1G1,INFEASIBLE,OPTIMAL,OPTIMAL,INFEASIBLE
ATXN1L,INFEASIBLE,OPTIMAL,INFEASIBLE,OPTIMAL
IST1,OPTIMAL,OPTIMAL,OPTIMAL,OPTIMAL
ZNF821,OPTIMAL,OPTIMAL,OPTIMAL,OPTIMAL
DHODH,OPTIMAL,OPTIMAL,OPTIMAL,OPTIMAL
TXNL4B,INFEASIBLE,OPTIMAL,OPTIMAL,INFEASIBLE
DHX38,INFEASIBLE,OPTIMAL,OPTIMAL,INFEASIBLE
ZFHX3,OPTIMAL,OPTIMAL,OPTIMAL,INFEASIBLE
PSMD7,INFEASIBLE,INFEASIBLE,OPTIMAL,INFEASIBLE
GLG1,INFEASIBLE,INFEASIBLE,OPTIMAL,INFEASIBLE
RFWD3,INFEASIBLE,OPTIMAL,OPTIMAL,INFEASIBLE
WDR59,INFEASIBLE,INFEASIBLE,OPTIMAL,INFEASIBLE
ZNRF1,INFEASIBLE,INFEASIBLE,OPTIMAL,INFEASIBLE
ZFP1,OPTIMAL,OPTIMAL,OPTIMAL,OPTIMAL
BCAR1,OPTIMAL,OPTIMAL,OPTIMAL,OPTIMAL
CFDP1,INFEASIBLE,OPTIMAL,OPTIMAL,INFEASIBLE
TMEM170A,INFEASIBLE,INFEASIBLE,OPTIMAL,INFEASIBLE
GABARAPL2,INFEASIBLE,INFEASIBLE,OPTIMAL,INFEASIBLE
ADAT1,OPTIMAL,OPTIMAL,OPTIMAL,OPTIMAL
KARS1,INFEASIBLE,OPTIMAL,OPTIMAL,INFEASIBLE
TERF2IP,INFEASIBLE,INFEASIBLE,OPTIMAL,INFEASIBLE
MON1B,OPTIMAL,OPTIMAL,OPTIMAL,OPTIMAL
SYCE1L,INFEASIBLE,OPTIMAL,OPTIMAL,OPTIMAL
NUDT7,OPTIMAL,OPTIMAL,OPTIMAL,OPTIMAL
WWOX,INFEASIBLE,OPTIMAL,INFEASIBLE,INFEASIBLE
MAF,INFEASIBLE,OPTIMAL,OPTIMAL,INFEASIBLE
CDYL2,OPTIMAL,OPTIMAL,OPTIMAL,OPTIMAL
CMC2,INFEASIBLE,INFEASIBLE,OPTIMAL,INFEASIBLE
CENPN,INFEASIBLE,OPTIMAL,OPTIMAL,INFEASIBLE
ATMIN,OPTIMAL,OPTIMAL,OPTIMAL,OPTIMAL
C16orf46,INFEASIBLE,INFEASIBLE,OPTIMAL,INFEASIBLE
GCSH,INFEASIBLE,INFEASIBLE,OPTIMAL,INFEASIBLE
GAN,INFEASIBLE,INFEASIBLE,OPTIMAL,INFEASIBLE
CMIP,OPTIMAL,OPTIMAL,OPTIMAL,INFEASIBLE
PLCG2,OPTIMAL,OPTIMAL,OPTIMAL,OPTIMAL
MPHOSPH6,OPTIMAL,OPTIMAL,OPTIMAL,OPTIMAL
CDH13,OPTIMAL,OPTIMAL,OPTIMAL,OPTIMAL
HSBP1,INFEASIBLE,INFEASIBLE,OPTIMAL,INFEASIBLE
MLYCD,INFEASIBLE,OPTIMAL,OPTIMAL,OPTIMAL
MBTPS1,INFEASIBLE,INFEASIBLE,OPTIMAL,INFEASIBLE
HSDL1,INFEASIBLE,OPTIMAL,OPTIMAL,INFEASIBLE
TAF1C,OPTIMAL,OPTIMAL,OPTIMAL,OPTIMAL
MEAK7,OPTIMAL,OPTIMAL,OPTIMAL,OPTIMAL
COTL1,INFEASIBLE,OPTIMAL,OPTIMAL,INFEASIBLE
KLHL36,OPTIMAL,OPTIMAL,OPTIMAL,OPTIMAL
USP10,INFEASIBLE,OPTIMAL,OPTIMAL,INFEASIBLE
ZDHHC7,INFEASIBLE,OPTIMAL,OPTIMAL,INFEASIBLE
KIAA0513,OPTIMAL,OPTIMAL,OPTIMAL,OPTIMAL
GSE1,INFEASIBLE,OPTIMAL,OPTIMAL,INFEASIBLE
GINS2,INFEASIBLE,OPTIMAL,OPTIMAL,INFEASIBLE
C16orf74,INFEASIBLE,OPTIMAL,OPTIMAL,OPTIMAL
EMC8,INFEASIBLE,OPTIMAL,OPTIMAL,INFEASIBLE
COX4I1,INFEASIBLE,INFEASIBLE,OPTIMAL,INFEASIBLE
MTHFSD,OPTIMAL,OPTIMAL,OPTIMAL,OPTIMAL
C16orf95,INFEASIBLE,OPTIMAL,OPTIMAL,INFEASIBLE
FBXO31,OPTIMAL,OPTIMAL,OPTIMAL,OPTIMAL
MAP1LC3B,INFEASIBLE,INFEASIBLE,OPTIMAL,OPTIMAL
ZCCHC14,OPTIMAL,OPTIMAL,OPTIMAL,INFEASIBLE
KLHDC4,OPTIMAL,OPTIMAL,OPTIMAL,OPTIMAL
SLC7A5,INFEASIBLE,OPTIMAL,OPTIMAL,INFEASIBLE
BANP,INFEASIBLE,OPTIMAL,OPTIMAL,INFEASIBLE
ZFPM1,OPTIMAL,OPTIMAL,OPTIMAL,OPTIMAL
ZC3H18,INFEASIBLE,INFEASIBLE,OPTIMAL,OPTIMAL
CYBA,INFEASIBLE,INFEASIBLE,INFEASIBLE,INFEASIBLE
MVD,INFEASIBLE,OPTIMAL,OPTIMAL,OPTIMAL
RNF166,OPTIMAL,OPTIMAL,OPTIMAL,OPTIMAL
CTU2,OPTIMAL,OPTIMAL,OPTIMAL,OPTIMAL
PIEZO1,OPTIMAL,OPTIMAL,OPTIMAL,INFEASIBLE
CDT1,OPTIMAL,OPTIMAL,OPTIMAL,OPTIMAL
APRT,INFEASIBLE,OPTIMAL,OPTIMAL,INFEASIBLE
GALNS,INFEASIBLE,OPTIMAL,OPTIMAL,INFEASIBLE
TRAPPC2L,INFEASIBLE,OPTIMAL,OPTIMAL,INFEASIBLE
ACSF3,INFEASIBLE,INFEASIBLE,OPTIMAL,OPTIMAL
ZNF778,INFEASIBLE,OPTIMAL,OPTIMAL,OPTIMAL
ANKRD11,INFEASIBLE,OPTIMAL,OPTIMAL,INFEASIBLE
SPG7,OPTIMAL,OPTIMAL,OPTIMAL,OPTIMAL
RPL13,INFEASIBLE,INFEASIBLE,OPTIMAL,INFEASIBLE
CPNE7,OPTIMAL,INFEASIBLE,OPTIMAL,OPTIMAL
CHMP1A,OPTIMAL,OPTIMAL,OPTIMAL,OPTIMAL
SPATA33,INFEASIBLE,OPTIMAL,OPTIMAL,INFEASIBLE
CDK10,OPTIMAL,INFEASIBLE,OPTIMAL,OPTIMAL
SPATA2L,OPTIMAL,OPTIMAL,OPTIMAL,OPTIMAL
VPS9D1,OPTIMAL,OPTIMAL,OPTIMAL,OPTIMAL
ZNF276,OPTIMAL,INFEASIBLE,OPTIMAL,OPTIMAL
FANCA,INFEASIBLE,INFEASIBLE,OPTIMAL,INFEASIBLE
SPIRE2,INFEASIBLE,INFEASIBLE,OPTIMAL,OPTIMAL
TCF25,INFEASIBLE,INFEASIBLE,OPTIMAL,INFEASIBLE
DEF8,INFEASIBLE,OPTIMAL,OPTIMAL,INFEASIBLE
DBNDD1,OPTIMAL,OPTIMAL,OPTIMAL,OPTIMAL
GAS8,INFEASIBLE,INFEASIBLE,OPTIMAL,OPTIMAL
RFLNB,INFEASIBLE,OPTIMAL,OPTIMAL,OPTIMAL
VPS53,INFEASIBLE,OPTIMAL,OPTIMAL,INFEASIBLE
TLCD3A,INFEASIBLE,OPTIMAL,OPTIMAL,INFEASIBLE
GEMIN4,OPTIMAL,INFEASIBLE,OPTIMAL,OPTIMAL
GLOD4,INFEASIBLE,OPTIMAL,OPTIMAL,OPTIMAL
MRM3,OPTIMAL,OPTIMAL,OPTIMAL,OPTIMAL
NXN,OPTIMAL,OPTIMAL,OPTIMAL,OPTIMAL
TIMM22,INFEASIBLE,OPTIMAL,OPTIMAL,OPTIMAL
ABR,OPTIMAL,OPTIMAL,OPTIMAL,OPTIMAL
YWHAE,INFEASIBLE,OPTIMAL,INFEASIBLE,INFEASIBLE
CRK,INFEASIBLE,INFEASIBLE,OPTIMAL,OPTIMAL
MYO1C,OPTIMAL,OPTIMAL,OPTIMAL,OPTIMAL
INPP5K,OPTIMAL,OPTIMAL,OPTIMAL,OPTIMAL
PITPNA,OPTIMAL,OPTIMAL,OPTIMAL,OPTIMAL
PRPF8,INFEASIBLE,OPTIMAL,OPTIMAL,INFEASIBLE
TLCD2,OPTIMAL,OPTIMAL,OPTIMAL,OPTIMAL
WDR81,OPTIMAL,OPTIMAL,OPTIMAL,OPTIMAL
SERPINF1,INFEASIBLE,OPTIMAL,OPTIMAL,INFEASIBLE
SMYD4,INFEASIBLE,OPTIMAL,OPTIMAL,OPTIMAL
RPA1,INFEASIBLE,OPTIMAL,OPTIMAL,INFEASIBLE
DPH1,OPTIMAL,OPTIMAL,OPTIMAL,OPTIMAL
SMG6,INFEASIBLE,OPTIMAL,OPTIMAL,INFEASIBLE
SRR,OPTIMAL,OPTIMAL,OPTIMAL,OPTIMAL
TSR1,INFEASIBLE,OPTIMAL,OPTIMAL,INFEASIBLE
SGSM2,OPTIMAL,OPTIMAL,OPTIMAL,INFEASIBLE
MNT,OPTIMAL,OPTIMAL,OPTIMAL,OPTIMAL
METTL16,INFEASIBLE,OPTIMAL,OPTIMAL,INFEASIBLE
PAFAH1B1,OPTIMAL,OPTIMAL,OPTIMAL,OPTIMAL
CLUH,INFEASIBLE,OPTIMAL,OPTIMAL,OPTIMAL
RAP1GAP2,OPTIMAL,OPTIMAL,OPTIMAL,OPTIMAL
TRPV1,INFEASIBLE,OPTIMAL,OPTIMAL,OPTIMAL
SHPK,OPTIMAL,OPTIMAL,OPTIMAL,OPTIMAL
CTNS,INFEASIBLE,OPTIMAL,OPTIMAL,INFEASIBLE
TAX1BP3,OPTIMAL,OPTIMAL,OPTIMAL,OPTIMAL
EMC6,INFEASIBLE,OPTIMAL,OPTIMAL,INFEASIBLE
ITGAE,INFEASIBLE,INFEASIBLE,OPTIMAL,INFEASIBLE
NCBP3,INFEASIBLE,OPTIMAL,OPTIMAL,OPTIMAL
CAMKK1,OPTIMAL,OPTIMAL,OPTIMAL,OPTIMAL
ZZEF1,INFEASIBLE,OPTIMAL,OPTIMAL,INFEASIBLE
CYB5D2,INFEASIBLE,INFEASIBLE,OPTIMAL,OPTIMAL
ANKFY1,INFEASIBLE,OPTIMAL,OPTIMAL,INFEASIBLE
UBE2G1,INFEASIBLE,OPTIMAL,OPTIMAL,OPTIMAL
MYBBP1A,INFEASIBLE,OPTIMAL,OPTIMAL,OPTIMAL
PELP1,INFEASIBLE,INFEASIBLE,OPTIMAL,OPTIMAL
ARRB2,OPTIMAL,OPTIMAL,OPTIMAL,OPTIMAL
MED11,INFEASIBLE,OPTIMAL,OPTIMAL,INFEASIBLE
PSMB6,INFEASIBLE,INFEASIBLE,OPTIMAL,INFEASIBLE
MINK1,INFEASIBLE,OPTIMAL,OPTIMAL,OPTIMAL
CHRNE,OPTIMAL,OPTIMAL,OPTIMAL,OPTIMAL
SLC25A11,INFEASIBLE,OPTIMAL,OPTIMAL,INFEASIBLE
RNF167,OPTIMAL,OPTIMAL,OPTIMAL,OPTIMAL
PFN1,INFEASIBLE,INFEASIBLE,INFEASIBLE,INFEASIBLE
SPAG7,INFEASIBLE,OPTIMAL,OPTIMAL,INFEASIBLE
CAMTA2,OPTIMAL,OPTIMAL,OPTIMAL,OPTIMAL
KIF1C,OPTIMAL,OPTIMAL,OPTIMAL,OPTIMAL
ZNF232,OPTIMAL,OPTIMAL,OPTIMAL,OPTIMAL
ZNF594,OPTIMAL,OPTIMAL,OPTIMAL,OPTIMAL
RABEP1,INFEASIBLE,OPTIMAL,OPTIMAL,INFEASIBLE
NUP88,INFEASIBLE,OPTIMAL,OPTIMAL,INFEASIBLE
RPAIN,INFEASIBLE,INFEASIBLE,OPTIMAL,OPTIMAL
C1QBP,INFEASIBLE,INFEASIBLE,OPTIMAL,INFEASIBLE
DHX33,OPTIMAL,OPTIMAL,OPTIMAL,OPTIMAL
DERL2,INFEASIBLE,INFEASIBLE,OPTIMAL,OPTIMAL
MIS12,OPTIMAL,OPTIMAL,OPTIMAL,OPTIMAL
WSCD1,OPTIMAL,OPTIMAL,OPTIMAL,OPTIMAL
PIMREG,OPTIMAL,OPTIMAL,OPTIMAL,OPTIMAL
KIAA0753,INFEASIBLE,OPTIMAL,OPTIMAL,INFEASIBLE
TXNDC17,INFEASIBLE,INFEASIBLE,OPTIMAL,INFEASIBLE
MED31,INFEASIBLE,OPTIMAL,OPTIMAL,INFEASIBLE
RNASEK,INFEASIBLE,INFEASIBLE,INFEASIBLE,INFEASIBLE
C17orf49,INFEASIBLE,INFEASIBLE,INFEASIBLE,INFEASIBLE
ACADVL,OPTIMAL,INFEASIBLE,OPTIMAL,OPTIMAL
DVL2,INFEASIBLE,OPTIMAL,OPTIMAL,INFEASIBLE
PHF23,OPTIMAL,OPTIMAL,OPTIMAL,OPTIMAL
GABARAP,INFEASIBLE,INFEASIBLE,INFEASIBLE,INFEASIBLE
CTDNEP1,OPTIMAL,INFEASIBLE,OPTIMAL,OPTIMAL
ELP5,INFEASIBLE,OPTIMAL,OPTIMAL,INFEASIBLE
EIF5A,INFEASIBLE,OPTIMAL,INFEASIBLE,INFEASIBLE
GPS2,INFEASIBLE,OPTIMAL,OPTIMAL,INFEASIBLE
NEURL4,OPTIMAL,OPTIMAL,OPTIMAL,OPTIMAL
TMEM256,INFEASIBLE,OPTIMAL,OPTIMAL,INFEASIBLE
NLGN2,OPTIMAL,OPTIMAL,OPTIMAL,OPTIMAL
ZBTB4,INFEASIBLE,INFEASIBLE,OPTIMAL,INFEASIBLE
POLR2A,INFEASIBLE,INFEASIBLE,OPTIMAL,INFEASIBLE
SENP3,OPTIMAL,OPTIMAL,OPTIMAL,OPTIMAL
EIF4A1,INFEASIBLE,OPTIMAL,OPTIMAL,INFEASIBLE
MPDU1,OPTIMAL,OPTIMAL,OPTIMAL,OPTIMAL
FXR2,OPTIMAL,OPTIMAL,OPTIMAL,OPTIMAL
SAT2,INFEASIBLE,OPTIMAL,OPTIMAL,INFEASIBLE
ATP1B2,OPTIMAL,OPTIMAL,OPTIMAL,OPTIMAL
TP53,INFEASIBLE,OPTIMAL,OPTIMAL,INFEASIBLE
WRAP53,OPTIMAL,OPTIMAL,OPTIMAL,OPTIMAL
KDM6B,INFEASIBLE,OPTIMAL,OPTIMAL,INFEASIBLE
NAA38,INFEASIBLE,OPTIMAL,INFEASIBLE,INFEASIBLE
CYB5D1,OPTIMAL,OPTIMAL,OPTIMAL,OPTIMAL
CHD3,INFEASIBLE,OPTIMAL,OPTIMAL,INFEASIBLE
TRAPPC1,INFEASIBLE,OPTIMAL,INFEASIBLE,INFEASIBLE
CNTROB,OPTIMAL,OPTIMAL,OPTIMAL,OPTIMAL
PER1,OPTIMAL,OPTIMAL,OPTIMAL,OPTIMAL
VAMP2,OPTIMAL,OPTIMAL,OPTIMAL,OPTIMAL
TMEM107,INFEASIBLE,OPTIMAL,OPTIMAL,OPTIMAL
BORCS6,OPTIMAL,OPTIMAL,OPTIMAL,OPTIMAL
AURKB,OPTIMAL,OPTIMAL,OPTIMAL,INFEASIBLE
CTC1,OPTIMAL,OPTIMAL,OPTIMAL,OPTIMAL
PFAS,INFEASIBLE,INFEASIBLE,OPTIMAL,INFEASIBLE
RANGRF,INFEASIBLE,OPTIMAL,OPTIMAL,OPTIMAL
RPL26,INFEASIBLE,INFEASIBLE,OPTIMAL,INFEASIBLE
NDEL1,OPTIMAL,OPTIMAL,OPTIMAL,INFEASIBLE
MYH10,INFEASIBLE,OPTIMAL,OPTIMAL,INFEASIBLE
NTN1,INFEASIBLE,OPTIMAL,OPTIMAL,INFEASIBLE
STX8,INFEASIBLE,OPTIMAL,OPTIMAL,INFEASIBLE
SCO1,OPTIMAL,INFEASIBLE,OPTIMAL,OPTIMAL
DNAH9,OPTIMAL,OPTIMAL,OPTIMAL,OPTIMAL
MAP2K4,INFEASIBLE,OPTIMAL,OPTIMAL,INFEASIBLE
ARHGAP44,OPTIMAL,OPTIMAL,OPTIMAL,OPTIMAL
ELAC2,INFEASIBLE,OPTIMAL,OPTIMAL,INFEASIBLE
HS3ST3A1,INFEASIBLE,OPTIMAL,OPTIMAL,INFEASIBLE
COX10,INFEASIBLE,INFEASIBLE,OPTIMAL,INFEASIBLE
HS3ST3B1,INFEASIBLE,OPTIMAL,OPTIMAL,OPTIMAL
PMP22,OPTIMAL,OPTIMAL,OPTIMAL,OPTIMAL
TVP23C,OPTIMAL,OPTIMAL,OPTIMAL,OPTIMAL
TRIM16,INFEASIBLE,OPTIMAL,OPTIMAL,OPTIMAL
ZNF286A,INFEASIBLE,OPTIMAL,OPTIMAL,OPTIMAL
ADORA2B,INFEASIBLE,OPTIMAL,OPTIMAL,OPTIMAL
ZSWIM7,INFEASIBLE,INFEASIBLE,OPTIMAL,INFEASIBLE
TTC19,INFEASIBLE,INFEASIBLE,OPTIMAL,OPTIMAL
NCOR1,INFEASIBLE,OPTIMAL,OPTIMAL,INFEASIBLE
PIGL,INFEASIBLE,OPTIMAL,OPTIMAL,INFEASIBLE
CENPV,INFEASIBLE,OPTIMAL,OPTIMAL,INFEASIBLE
UBB,INFEASIBLE,INFEASIBLE,OPTIMAL,INFEASIBLE
LRRC75A,INFEASIBLE,OPTIMAL,INFEASIBLE,INFEASIBLE
MPRIP,OPTIMAL,OPTIMAL,OPTIMAL,OPTIMAL
PLD6,OPTIMAL,INFEASIBLE,OPTIMAL,OPTIMAL
FLCN,OPTIMAL,OPTIMAL,OPTIMAL,OPTIMAL
COPS3,INFEASIBLE,OPTIMAL,OPTIMAL,INFEASIBLE
NT5M,OPTIMAL,OPTIMAL,OPTIMAL,OPTIMAL
MED9,OPTIMAL,OPTIMAL,OPTIMAL,OPTIMAL
PEMT,INFEASIBLE,INFEASIBLE,OPTIMAL,OPTIMAL
RAI1,OPTIMAL,OPTIMAL,OPTIMAL,OPTIMAL
SREBF1,OPTIMAL,OPTIMAL,OPTIMAL,OPTIMAL
TOM1L2,INFEASIBLE,OPTIMAL,INFEASIBLE,INFEASIBLE
ATPAF2,INFEASIBLE,OPTIMAL,OPTIMAL,INFEASIBLE
GID4,INFEASIBLE,OPTIMAL,OPTIMAL,INFEASIBLE
DRG2,INFEASIBLE,OPTIMAL,OPTIMAL,OPTIMAL
ALKBH5,INFEASIBLE,OPTIMAL,OPTIMAL,OPTIMAL
LLGL1,OPTIMAL,OPTIMAL,OPTIMAL,OPTIMAL
FLII,INFEASIBLE,OPTIMAL,OPTIMAL,OPTIMAL
TOP3A,INFEASIBLE,OPTIMAL,OPTIMAL,OPTIMAL
SMCR8,OPTIMAL,OPTIMAL,OPTIMAL,OPTIMAL
SHMT1,OPTIMAL,OPTIMAL,OPTIMAL,OPTIMAL
TVP23B,INFEASIBLE,OPTIMAL,OPTIMAL,OPTIMAL
PRPSAP2,INFEASIBLE,OPTIMAL,OPTIMAL,INFEASIBLE
EPN2,INFEASIBLE,OPTIMAL,OPTIMAL,INFEASIBLE
B9D1,INFEASIBLE,OPTIMAL,OPTIMAL,OPTIMAL
SLC47A1,OPTIMAL,OPTIMAL,OPTIMAL,INFEASIBLE
ALDH3A2,OPTIMAL,OPTIMAL,OPTIMAL,OPTIMAL
ULK2,OPTIMAL,OPTIMAL,OPTIMAL,OPTIMAL
AKAP10,INFEASIBLE,OPTIMAL,OPTIMAL,INFEASIBLE
SPECC1,INFEASIBLE,OPTIMAL,OPTIMAL,INFEASIBLE
USP22,INFEASIBLE,OPTIMAL,OPTIMAL,INFEASIBLE
DHRS7B,INFEASIBLE,OPTIMAL,OPTIMAL,INFEASIBLE
TMEM11,INFEASIBLE,OPTIMAL,OPTIMAL,INFEASIBLE
MAP2K3,INFEASIBLE,OPTIMAL,OPTIMAL,OPTIMAL
KCNJ12,OPTIMAL,OPTIMAL,OPTIMAL,OPTIMAL
WSB1,INFEASIBLE,OPTIMAL,OPTIMAL,OPTIMAL
KSR1,OPTIMAL,OPTIMAL,OPTIMAL,OPTIMAL
NLK,INFEASIBLE,OPTIMAL,OPTIMAL,INFEASIBLE
TMEM97,INFEASIBLE,OPTIMAL,OPTIMAL,INFEASIBLE
IFT20,INFEASIBLE,OPTIMAL,OPTIMAL,INFEASIBLE
TNFAIP1,OPTIMAL,OPTIMAL,OPTIMAL,OPTIMAL
POLDIP2,INFEASIBLE,OPTIMAL,OPTIMAL,INFEASIBLE
TMEM199,INFEASIBLE,OPTIMAL,OPTIMAL,OPTIMAL
SARM1,INFEASIBLE,OPTIMAL,OPTIMAL,OPTIMAL
SLC46A1,OPTIMAL,OPTIMAL,OPTIMAL,OPTIMAL
RSKR,INFEASIBLE,OPTIMAL,OPTIMAL,OPTIMAL
UNC119,OPTIMAL,OPTIMAL,OPTIMAL,OPTIMAL
PIGS,OPTIMAL,OPTIMAL,OPTIMAL,OPTIMAL
SPAG5,OPTIMAL,OPTIMAL,OPTIMAL,OPTIMAL
BLTP2,OPTIMAL,INFEASIBLE,OPTIMAL,OPTIMAL
SDF2,OPTIMAL,OPTIMAL,OPTIMAL,INFEASIBLE
SUPT6H,INFEASIBLE,OPTIMAL,OPTIMAL,OPTIMAL
RAB34,INFEASIBLE,OPTIMAL,OPTIMAL,INFEASIBLE
RPL23A,INFEASIBLE,OPTIMAL,OPTIMAL,INFEASIBLE
TLCD1,OPTIMAL,INFEASIBLE,OPTIMAL,OPTIMAL
NEK8,OPTIMAL,OPTIMAL,OPTIMAL,OPTIMAL
TRAF4,OPTIMAL,OPTIMAL,OPTIMAL,OPTIMAL
FAM222B,INFEASIBLE,OPTIMAL,OPTIMAL,INFEASIBLE
ERAL1,OPTIMAL,INFEASIBLE,OPTIMAL,OPTIMAL
FLOT2,OPTIMAL,OPTIMAL,OPTIMAL,OPTIMAL
DHRS13,OPTIMAL,OPTIMAL,OPTIMAL,OPTIMAL
PHF12,INFEASIBLE,INFEASIBLE,OPTIMAL,INFEASIBLE
MYO18A,OPTIMAL,OPTIMAL,OPTIMAL,OPTIMAL
NUFIP2,OPTIMAL,OPTIMAL,OPTIMAL,OPTIMAL
TAOK1,INFEASIBLE,OPTIMAL,OPTIMAL,INFEASIBLE
TP53I13,INFEASIBLE,OPTIMAL,OPTIMAL,INFEASIBLE
GIT1,OPTIMAL,OPTIMAL,OPTIMAL,OPTIMAL
ANKRD13B,INFEASIBLE,OPTIMAL,OPTIMAL,INFEASIBLE
SSH2,INFEASIBLE,OPTIMAL,OPTIMAL,INFEASIBLE
NSRP1,INFEASIBLE,OPTIMAL,INFEASIBLE,INFEASIBLE
BLMH,OPTIMAL,INFEASIBLE,OPTIMAL,OPTIMAL
CPD,INFEASIBLE,OPTIMAL,OPTIMAL,OPTIMAL
GOSR1,INFEASIBLE,OPTIMAL,OPTIMAL,INFEASIBLE
CRLF3,INFEASIBLE,OPTIMAL,OPTIMAL,INFEASIBLE
ATAD5,INFEASIBLE,OPTIMAL,OPTIMAL,INFEASIBLE
TEFM,INFEASIBLE,OPTIMAL,OPTIMAL,INFEASIBLE
ADAP2,INFEASIBLE,OPTIMAL,OPTIMAL,INFEASIBLE
RNF135,OPTIMAL,OPTIMAL,OPTIMAL,OPTIMAL
NF1,INFEASIBLE,OPTIMAL,OPTIMAL,INFEASIBLE
OMG,OPTIMAL,OPTIMAL,OPTIMAL,INFEASIBLE
RAB11FIP4,OPTIMAL,OPTIMAL,OPTIMAL,OPTIMAL
COPRS,INFEASIBLE,OPTIMAL,OPTIMAL,OPTIMAL
UTP6,INFEASIBLE,OPTIMAL,OPTIMAL,INFEASIBLE
SUZ12,INFEASIBLE,OPTIMAL,OPTIMAL,OPTIMAL
LRRC37B,INFEASIBLE,OPTIMAL,OPTIMAL,INFEASIBLE
RHOT1,INFEASIBLE,OPTIMAL,OPTIMAL,INFEASIBLE
RHBDL3,OPTIMAL,OPTIMAL,OPTIMAL,INFEASIBLE
C17orf75,INFEASIBLE,OPTIMAL,OPTIMAL,INFEASIBLE
ZNF207,INFEASIBLE,OPTIMAL,OPTIMAL,OPTIMAL
PSMD11,INFEASIBLE,OPTIMAL,INFEASIBLE,INFEASIBLE
MYO1D,OPTIMAL,OPTIMAL,OPTIMAL,INFEASIBLE
TMEM98,INFEASIBLE,INFEASIBLE,OPTIMAL,OPTIMAL
ZNF830,INFEASIBLE,OPTIMAL,OPTIMAL,INFEASIBLE
LIG3,INFEASIBLE,OPTIMAL,OPTIMAL,OPTIMAL
RFFL,OPTIMAL,OPTIMAL,OPTIMAL,OPTIMAL
RAD51D,OPTIMAL,OPTIMAL,OPTIMAL,OPTIMAL
NLE1,INFEASIBLE,OPTIMAL,OPTIMAL,INFEASIBLE
AP2B1,INFEASIBLE,OPTIMAL,OPTIMAL,INFEASIBLE
RASL10B,OPTIMAL,INFEASIBLE,OPTIMAL,OPTIMAL
TAF15,INFEASIBLE,OPTIMAL,OPTIMAL,INFEASIBLE
RDM1,OPTIMAL,OPTIMAL,OPTIMAL,INFEASIBLE
ZNHIT3,INFEASIBLE,OPTIMAL,OPTIMAL,INFEASIBLE
MYO19,INFEASIBLE,OPTIMAL,OPTIMAL,OPTIMAL
PIGW,OPTIMAL,OPTIMAL,OPTIMAL,OPTIMAL
GGNBP2,INFEASIBLE,OPTIMAL,OPTIMAL,INFEASIBLE
DHRS11,INFEASIBLE,OPTIMAL,OPTIMAL,INFEASIBLE
MRM1,INFEASIBLE,INFEASIBLE,OPTIMAL,INFEASIBLE
LHX1,OPTIMAL,OPTIMAL,OPTIMAL,OPTIMAL
AATF,INFEASIBLE,OPTIMAL,OPTIMAL,INFEASIBLE
ACACA,INFEASIBLE,OPTIMAL,OPTIMAL,INFEASIBLE
TADA2A,INFEASIBLE,OPTIMAL,OPTIMAL,OPTIMAL
DUSP14,OPTIMAL,OPTIMAL,OPTIMAL,OPTIMAL
SYNRG,INFEASIBLE,OPTIMAL,OPTIMAL,OPTIMAL
DDX52,INFEASIBLE,OPTIMAL,OPTIMAL,INFEASIBLE
MRPL45,INFEASIBLE,OPTIMAL,OPTIMAL,INFEASIBLE
SOCS7,INFEASIBLE,OPTIMAL,OPTIMAL,INFEASIBLE
MLLT6,INFEASIBLE,OPTIMAL,OPTIMAL,OPTIMAL
CISD3,INFEASIBLE,INFEASIBLE,OPTIMAL,INFEASIBLE
PCGF2,OPTIMAL,OPTIMAL,OPTIMAL,OPTIMAL
PSMB3,INFEASIBLE,OPTIMAL,OPTIMAL,OPTIMAL
PIP4K2B,INFEASIBLE,OPTIMAL,OPTIMAL,INFEASIBLE
CWC25,OPTIMAL,OPTIMAL,OPTIMAL,OPTIMAL
RPL23,INFEASIBLE,OPTIMAL,OPTIMAL,INFEASIBLE
LASP1,OPTIMAL,OPTIMAL,OPTIMAL,OPTIMAL
RPL19,INFEASIBLE,INFEASIBLE,OPTIMAL,INFEASIBLE
FBXL20,OPTIMAL,OPTIMAL,OPTIMAL,OPTIMAL
MED1,INFEASIBLE,OPTIMAL,OPTIMAL,INFEASIBLE
CDK12,INFEASIBLE,OPTIMAL,OPTIMAL,INFEASIBLE
STARD3,OPTIMAL,OPTIMAL,OPTIMAL,OPTIMAL
ERBB2,INFEASIBLE,OPTIMAL,OPTIMAL,INFEASIBLE
MIEN1,INFEASIBLE,INFEASIBLE,OPTIMAL,OPTIMAL
IKZF3,INFEASIBLE,INFEASIBLE,OPTIMAL,OPTIMAL
ORMDL3,OPTIMAL,INFEASIBLE,OPTIMAL,OPTIMAL
PSMD3,OPTIMAL,OPTIMAL,OPTIMAL,OPTIMAL
MED24,INFEASIBLE,OPTIMAL,OPTIMAL,INFEASIBLE
THRA,INFEASIBLE,OPTIMAL,OPTIMAL,OPTIMAL
MSL1,OPTIMAL,OPTIMAL,OPTIMAL,OPTIMAL
CASC3,INFEASIBLE,OPTIMAL,OPTIMAL,INFEASIBLE
WIPF2,OPTIMAL,OPTIMAL,OPTIMAL,INFEASIBLE
CDC6,INFEASIBLE,OPTIMAL,OPTIMAL,OPTIMAL
RARA,OPTIMAL,OPTIMAL,OPTIMAL,OPTIMAL
TOP2A,OPTIMAL,OPTIMAL,OPTIMAL,OPTIMAL
SMARCE1,INFEASIBLE,OPTIMAL,OPTIMAL,OPTIMAL
KRT10,INFEASIBLE,OPTIMAL,OPTIMAL,INFEASIBLE
EIF1,INFEASIBLE,INFEASIBLE,OPTIMAL,INFEASIBLE
JUP,OPTIMAL,OPTIMAL,OPTIMAL,OPTIMAL
P3H4,INFEASIBLE,INFEASIBLE,OPTIMAL,INFEASIBLE
FKBP10,INFEASIBLE,INFEASIBLE,OPTIMAL,INFEASIBLE
NT5C3B,INFEASIBLE,INFEASIBLE,OPTIMAL,INFEASIBLE
KLHL11,OPTIMAL,OPTIMAL,OPTIMAL,OPTIMAL
ACLY,INFEASIBLE,OPTIMAL,INFEASIBLE,INFEASIBLE
CNP,INFEASIBLE,OPTIMAL,OPTIMAL,INFEASIBLE
DNAJC7,INFEASIBLE,OPTIMAL,OPTIMAL,INFEASIBLE
NKIRAS2,OPTIMAL,INFEASIBLE,OPTIMAL,OPTIMAL
KAT2A,OPTIMAL,OPTIMAL,OPTIMAL,OPTIMAL
RAB5C,INFEASIBLE,OPTIMAL,OPTIMAL,INFEASIBLE
STAT5B,INFEASIBLE,OPTIMAL,OPTIMAL,INFEASIBLE
STAT3,INFEASIBLE,OPTIMAL,OPTIMAL,INFEASIBLE
ATP6V0A1,INFEASIBLE,OPTIMAL,OPTIMAL,INFEASIBLE
NAGLU,INFEASIBLE,OPTIMAL,OPTIMAL,INFEASIBLE
COASY,OPTIMAL,OPTIMAL,OPTIMAL,OPTIMAL
MLX,INFEASIBLE,OPTIMAL,OPTIMAL,OPTIMAL
PSMC3IP,INFEASIBLE,OPTIMAL,OPTIMAL,OPTIMAL
RETREG3,INFEASIBLE,OPTIMAL,OPTIMAL,INFEASIBLE
TUBG1,INFEASIBLE,OPTIMAL,OPTIMAL,INFEASIBLE
PLEKHH3,INFEASIBLE,INFEASIBLE,OPTIMAL,INFEASIBLE
EZH1,OPTIMAL,OPTIMAL,OPTIMAL,OPTIMAL
RAMP2,OPTIMAL,OPTIMAL,OPTIMAL,OPTIMAL
VPS25,INFEASIBLE,OPTIMAL,INFEASIBLE,OPTIMAL
COA3,INFEASIBLE,INFEASIBLE,OPTIMAL,OPTIMAL
BECN1,INFEASIBLE,OPTIMAL,OPTIMAL,OPTIMAL
PSME3,INFEASIBLE,INFEASIBLE,OPTIMAL,INFEASIBLE
AARSD1,INFEASIBLE,OPTIMAL,OPTIMAL,INFEASIBLE
RUNDC1,OPTIMAL,OPTIMAL,OPTIMAL,OPTIMAL
RPL27,INFEASIBLE,INFEASIBLE,OPTIMAL,INFEASIBLE
VAT1,INFEASIBLE,OPTIMAL,OPTIMAL,OPTIMAL
RND2,INFEASIBLE,INFEASIBLE,OPTIMAL,OPTIMAL
BRCA1,INFEASIBLE,OPTIMAL,INFEASIBLE,INFEASIBLE
NBR1,INFEASIBLE,OPTIMAL,OPTIMAL,OPTIMAL
CCDC200,INFEASIBLE,OPTIMAL,OPTIMAL,INFEASIBLE
ARL4D,OPTIMAL,OPTIMAL,OPTIMAL,OPTIMAL
DHX8,INFEASIBLE,OPTIMAL,OPTIMAL,INFEASIBLE
DUSP3,INFEASIBLE,INFEASIBLE,OPTIMAL,INFEASIBLE
MPP3,OPTIMAL,OPTIMAL,OPTIMAL,OPTIMAL
MPP2,INFEASIBLE,OPTIMAL,OPTIMAL,INFEASIBLE
TMEM101,OPTIMAL,OPTIMAL,OPTIMAL,OPTIMAL
LSM12,INFEASIBLE,INFEASIBLE,OPTIMAL,INFEASIBLE
G6PC3,OPTIMAL,OPTIMAL,OPTIMAL,OPTIMAL
HDAC5,OPTIMAL,OPTIMAL,OPTIMAL,OPTIMAL
HROB,OPTIMAL,OPTIMAL,OPTIMAL,OPTIMAL
TMUB2,OPTIMAL,OPTIMAL,OPTIMAL,OPTIMAL
ATXN7L3,INFEASIBLE,OPTIMAL,OPTIMAL,INFEASIBLE
UBTF,INFEASIBLE,OPTIMAL,OPTIMAL,INFEASIBLE
SLC25A39,INFEASIBLE,OPTIMAL,OPTIMAL,INFEASIBLE
GRN,INFEASIBLE,OPTIMAL,OPTIMAL,OPTIMAL
GPATCH8,INFEASIBLE,OPTIMAL,OPTIMAL,INFEASIBLE
MEIOC,INFEASIBLE,OPTIMAL,OPTIMAL,OPTIMAL
CCDC43,INFEASIBLE,OPTIMAL,OPTIMAL,INFEASIBLE
DBF4B,INFEASIBLE,INFEASIBLE,OPTIMAL,INFEASIBLE
ADAM11,OPTIMAL,OPTIMAL,OPTIMAL,OPTIMAL
GJC1,INFEASIBLE,OPTIMAL,OPTIMAL,INFEASIBLE
EFTUD2,INFEASIBLE,INFEASIBLE,OPTIMAL,OPTIMAL
KIF18B,INFEASIBLE,INFEASIBLE,OPTIMAL,INFEASIBLE
NMT1,INFEASIBLE,OPTIMAL,OPTIMAL,INFEASIBLE
DCAKD,INFEASIBLE,OPTIMAL,OPTIMAL,OPTIMAL
PLCD3,OPTIMAL,OPTIMAL,OPTIMAL,OPTIMAL
HEXIM1,INFEASIBLE,OPTIMAL,OPTIMAL,INFEASIBLE
MAP3K14,INFEASIBLE,OPTIMAL,OPTIMAL,OPTIMAL
PLEKHM1,INFEASIBLE,INFEASIBLE,OPTIMAL,OPTIMAL
MAPT,INFEASIBLE,OPTIMAL,OPTIMAL,INFEASIBLE
KANSL1,INFEASIBLE,OPTIMAL,OPTIMAL,INFEASIBLE
ARL17B,INFEASIBLE,OPTIMAL,OPTIMAL,INFEASIBLE
ARL17A,INFEASIBLE,OPTIMAL,OPTIMAL,OPTIMAL
LRRC37A2,INFEASIBLE,OPTIMAL,OPTIMAL,OPTIMAL
NSF,OPTIMAL,OPTIMAL,OPTIMAL,OPTIMAL
GOSR2,INFEASIBLE,INFEASIBLE,OPTIMAL,INFEASIBLE
RPRML,OPTIMAL,INFEASIBLE,OPTIMAL,OPTIMAL
CDC27,INFEASIBLE,INFEASIBLE,OPTIMAL,INFEASIBLE
NPEPPS,INFEASIBLE,OPTIMAL,OPTIMAL,INFEASIBLE
KPNB1,INFEASIBLE,OPTIMAL,OPTIMAL,INFEASIBLE
TBKBP1,OPTIMAL,OPTIMAL,OPTIMAL,OPTIMAL
MRPL10,OPTIMAL,OPTIMAL,OPTIMAL,OPTIMAL
SCRN2,INFEASIBLE,OPTIMAL,OPTIMAL,OPTIMAL
SP2,OPTIMAL,OPTIMAL,OPTIMAL,INFEASIBLE
PNPO,INFEASIBLE,OPTIMAL,OPTIMAL,INFEASIBLE
CDK5RAP3,INFEASIBLE,OPTIMAL,OPTIMAL,OPTIMAL
NFE2L1,OPTIMAL,OPTIMAL,OPTIMAL,OPTIMAL
CBX1,INFEASIBLE,INFEASIBLE,OPTIMAL,INFEASIBLE
SNX11,OPTIMAL,OPTIMAL,OPTIMAL,OPTIMAL
HOXB2,OPTIMAL,OPTIMAL,OPTIMAL,OPTIMAL
HOXB3,INFEASIBLE,OPTIMAL,OPTIMAL,INFEASIBLE
HOXB6,OPTIMAL,INFEASIBLE,OPTIMAL,OPTIMAL
HOXB7,OPTIMAL,OPTIMAL,OPTIMAL,OPTIMAL
HOXB8,INFEASIBLE,OPTIMAL,OPTIMAL,INFEASIBLE
HOXB9,INFEASIBLE,OPTIMAL,OPTIMAL,OPTIMAL
CALCOCO2,INFEASIBLE,OPTIMAL,OPTIMAL,INFEASIBLE
ATP5MC1,INFEASIBLE,INFEASIBLE,INFEASIBLE,INFEASIBLE
UBE2Z,INFEASIBLE,INFEASIBLE,OPTIMAL,OPTIMAL
SNF8,INFEASIBLE,OPTIMAL,OPTIMAL,INFEASIBLE
IGF2BP1,INFEASIBLE,OPTIMAL,OPTIMAL,INFEASIBLE
ZNF652,INFEASIBLE,OPTIMAL,OPTIMAL,INFEASIBLE
PHB1,INFEASIBLE,INFEASIBLE,OPTIMAL,INFEASIBLE
SPOP,INFEASIBLE,OPTIMAL,OPTIMAL,OPTIMAL
SLC35B1,INFEASIBLE,INFEASIBLE,OPTIMAL,INFEASIBLE
FAM117A,INFEASIBLE,OPTIMAL,OPTIMAL,INFEASIBLE
KAT7,INFEASIBLE,INFEASIBLE,OPTIMAL,INFEASIBLE
PDK2,INFEASIBLE,OPTIMAL,OPTIMAL,OPTIMAL
PPP1R9B,OPTIMAL,OPTIMAL,OPTIMAL,OPTIMAL
XYLT2,INFEASIBLE,OPTIMAL,OPTIMAL,OPTIMAL
MRPL27,INFEASIBLE,OPTIMAL,OPTIMAL,INFEASIBLE
EME1,OPTIMAL,OPTIMAL,OPTIMAL,INFEASIBLE
LRRC59,INFEASIBLE,INFEASIBLE,OPTIMAL,INFEASIBLE
RSAD1,OPTIMAL,OPTIMAL,OPTIMAL,OPTIMAL
ANKRD40,INFEASIBLE,INFEASIBLE,OPTIMAL,INFEASIBLE
LUC7L3,INFEASIBLE,INFEASIBLE,OPTIMAL,INFEASIBLE
TOB1,INFEASIBLE,OPTIMAL,OPTIMAL,INFEASIBLE
SPAG9,INFEASIBLE,OPTIMAL,OPTIMAL,INFEASIBLE
NME1,INFEASIBLE,INFEASIBLE,OPTIMAL,INFEASIBLE
NME2,INFEASIBLE,INFEASIBLE,INFEASIBLE,INFEASIBLE
MBTD1,INFEASIBLE,OPTIMAL,OPTIMAL,INFEASIBLE
UTP18,INFEASIBLE,OPTIMAL,OPTIMAL,INFEASIBLE
TOM1L1,INFEASIBLE,OPTIMAL,OPTIMAL,INFEASIBLE
COX11,INFEASIBLE,OPTIMAL,OPTIMAL,INFEASIBLE
STXBP4,INFEASIBLE,OPTIMAL,OPTIMAL,INFEASIBLE
MMD,INFEASIBLE,INFEASIBLE,OPTIMAL,OPTIMAL
PCTP,INFEASIBLE,OPTIMAL,OPTIMAL,INFEASIBLE
NOG,OPTIMAL,OPTIMAL,OPTIMAL,OPTIMAL
C17orf67,INFEASIBLE,OPTIMAL,OPTIMAL,INFEASIBLE
DGKE,INFEASIBLE,INFEASIBLE,OPTIMAL,INFEASIBLE
TRIM25,INFEASIBLE,OPTIMAL,INFEASIBLE,OPTIMAL
COIL,INFEASIBLE,OPTIMAL,OPTIMAL,INFEASIBLE
SCPEP1,INFEASIBLE,OPTIMAL,OPTIMAL,OPTIMAL
AKAP1,INFEASIBLE,OPTIMAL,OPTIMAL,INFEASIBLE
MSI2,INFEASIBLE,INFEASIBLE,OPTIMAL,INFEASIBLE
MRPS23,INFEASIBLE,INFEASIBLE,OPTIMAL,INFEASIBLE
CUEDC1,OPTIMAL,INFEASIBLE,OPTIMAL,OPTIMAL
VEZF1,OPTIMAL,OPTIMAL,OPTIMAL,OPTIMAL
SRSF1,INFEASIBLE,INFEASIBLE,OPTIMAL,INFEASIBLE
DYNLL2,INFEASIBLE,OPTIMAL,OPTIMAL,INFEASIBLE
MKS1,OPTIMAL,OPTIMAL,OPTIMAL,OPTIMAL
SUPT4H1,INFEASIBLE,INFEASIBLE,OPTIMAL,INFEASIBLE
RNF43,OPTIMAL,OPTIMAL,OPTIMAL,OPTIMAL
MTMR4,OPTIMAL,OPTIMAL,OPTIMAL,OPTIMAL
TEX14,INFEASIBLE,OPTIMAL,OPTIMAL,INFEASIBLE
RAD51C,INFEASIBLE,INFEASIBLE,INFEASIBLE,INFEASIBLE
PPM1E,INFEASIBLE,OPTIMAL,OPTIMAL,OPTIMAL
TRIM37,INFEASIBLE,OPTIMAL,OPTIMAL,INFEASIBLE
SKA2,INFEASIBLE,OPTIMAL,OPTIMAL,INFEASIBLE
PRR11,OPTIMAL,OPTIMAL,OPTIMAL,OPTIMAL
SMG8,OPTIMAL,OPTIMAL,OPTIMAL,OPTIMAL
GDPD1,OPTIMAL,OPTIMAL,OPTIMAL,OPTIMAL
DHX40,INFEASIBLE,OPTIMAL,INFEASIBLE,OPTIMAL
CLTC,INFEASIBLE,INFEASIBLE,OPTIMAL,INFEASIBLE
PTRH2,INFEASIBLE,INFEASIBLE,OPTIMAL,OPTIMAL
VMP1,INFEASIBLE,OPTIMAL,OPTIMAL,OPTIMAL
TUBD1,INFEASIBLE,OPTIMAL,OPTIMAL,OPTIMAL
RPS6KB1,INFEASIBLE,OPTIMAL,OPTIMAL,OPTIMAL
RNFT1,INFEASIBLE,OPTIMAL,OPTIMAL,INFEASIBLE
HEATR6,OPTIMAL,OPTIMAL,OPTIMAL,OPTIMAL
USP32,INFEASIBLE,OPTIMAL,OPTIMAL,INFEASIBLE
APPBP2,INFEASIBLE,OPTIMAL,OPTIMAL,INFEASIBLE
PPM1D,INFEASIBLE,OPTIMAL,OPTIMAL,INFEASIBLE
BCAS3,INFEASIBLE,OPTIMAL,OPTIMAL,INFEASIBLE
TBX2,INFEASIBLE,OPTIMAL,OPTIMAL,INFEASIBLE
BRIP1,INFEASIBLE,OPTIMAL,OPTIMAL,INFEASIBLE
INTS2,INFEASIBLE,OPTIMAL,OPTIMAL,INFEASIBLE
MED13,INFEASIBLE,OPTIMAL,OPTIMAL,INFEASIBLE
METTL2A,OPTIMAL,OPTIMAL,OPTIMAL,OPTIMAL
TLK2,INFEASIBLE,OPTIMAL,OPTIMAL,INFEASIBLE
MRC2,OPTIMAL,OPTIMAL,OPTIMAL,OPTIMAL
TANC2,INFEASIBLE,OPTIMAL,OPTIMAL,INFEASIBLE
DCAF7,INFEASIBLE,OPTIMAL,OPTIMAL,INFEASIBLE
TACO1,INFEASIBLE,OPTIMAL,OPTIMAL,OPTIMAL
MAP3K3,OPTIMAL,OPTIMAL,OPTIMAL,OPTIMAL
STRADA,INFEASIBLE,OPTIMAL,OPTIMAL,INFEASIBLE
LIMD2,INFEASIBLE,OPTIMAL,OPTIMAL,INFEASIBLE
CCDC47,INFEASIBLE,INFEASIBLE,OPTIMAL,INFEASIBLE
DDX42,INFEASIBLE,OPTIMAL,OPTIMAL,INFEASIBLE
FTSJ3,INFEASIBLE,INFEASIBLE,OPTIMAL,OPTIMAL
PSMC5,INFEASIBLE,INFEASIBLE,OPTIMAL,OPTIMAL
SMARCD2,OPTIMAL,OPTIMAL,OPTIMAL,OPTIMAL
ERN1,INFEASIBLE,OPTIMAL,OPTIMAL,INFEASIBLE
TEX2,OPTIMAL,OPTIMAL,OPTIMAL,OPTIMAL
POLG2,INFEASIBLE,INFEASIBLE,OPTIMAL,INFEASIBLE
DDX5,INFEASIBLE,OPTIMAL,OPTIMAL,INFEASIBLE
CEP95,INFEASIBLE,OPTIMAL,INFEASIBLE,OPTIMAL
SMURF2,INFEASIBLE,OPTIMAL,OPTIMAL,INFEASIBLE
LRRC37A3,OPTIMAL,OPTIMAL,OPTIMAL,INFEASIBLE
GNA13,INFEASIBLE,OPTIMAL,OPTIMAL,INFEASIBLE
RGS9,INFEASIBLE,OPTIMAL,OPTIMAL,OPTIMAL
CEP112,OPTIMAL,OPTIMAL,OPTIMAL,OPTIMAL
PRKCA,INFEASIBLE,OPTIMAL,OPTIMAL,INFEASIBLE
HELZ,INFEASIBLE,OPTIMAL,OPTIMAL,INFEASIBLE
PSMD12,INFEASIBLE,OPTIMAL,OPTIMAL,INFEASIBLE
PITPNC1,INFEASIBLE,OPTIMAL,OPTIMAL,INFEASIBLE
NOL11,OPTIMAL,OPTIMAL,OPTIMAL,OPTIMAL
BPTF,INFEASIBLE,OPTIMAL,OPTIMAL,INFEASIBLE
C17orf58,INFEASIBLE,OPTIMAL,OPTIMAL,INFEASIBLE
KPNA2,OPTIMAL,OPTIMAL,OPTIMAL,OPTIMAL
AMZ2,INFEASIBLE,OPTIMAL,OPTIMAL,OPTIMAL
ARSG,INFEASIBLE,OPTIMAL,OPTIMAL,INFEASIBLE
PRKAR1A,INFEASIBLE,OPTIMAL,OPTIMAL,OPTIMAL
ABCA5,OPTIMAL,OPTIMAL,OPTIMAL,INFEASIBLE
MAP2K6,OPTIMAL,OPTIMAL,OPTIMAL,INFEASIBLE
SLC39A11,INFEASIBLE,OPTIMAL,OPTIMAL,INFEASIBLE
SSTR2,OPTIMAL,OPTIMAL,OPTIMAL,OPTIMAL
COG1,INFEASIBLE,OPTIMAL,OPTIMAL,INFEASIBLE
FAM104A,INFEASIBLE,OPTIMAL,OPTIMAL,OPTIMAL
C17orf80,INFEASIBLE,OPTIMAL,OPTIMAL,OPTIMAL
CDC42EP4,INFEASIBLE,OPTIMAL,OPTIMAL,OPTIMAL
SDK2,OPTIMAL,OPTIMAL,OPTIMAL,OPTIMAL
RPL38,INFEASIBLE,INFEASIBLE,OPTIMAL,INFEASIBLE
NHERF1,INFEASIBLE,OPTIMAL,OPTIMAL,INFEASIBLE
NAT9,OPTIMAL,OPTIMAL,OPTIMAL,OPTIMAL
TMEM104,INFEASIBLE,INFEASIBLE,OPTIMAL,OPTIMAL
CDR2L,OPTIMAL,OPTIMAL,OPTIMAL,OPTIMAL
MRPL58,INFEASIBLE,INFEASIBLE,INFEASIBLE,OPTIMAL
KCTD2,OPTIMAL,OPTIMAL,OPTIMAL,OPTIMAL
ATP5PD,INFEASIBLE,OPTIMAL,OPTIMAL,INFEASIBLE
ARMC7,OPTIMAL,INFEASIBLE,OPTIMAL,OPTIMAL
NT5C,INFEASIBLE,INFEASIBLE,OPTIMAL,INFEASIBLE
JPT1,INFEASIBLE,INFEASIBLE,OPTIMAL,INFEASIBLE
SUMO2,INFEASIBLE,INFEASIBLE,OPTIMAL,INFEASIBLE
NUP85,INFEASIBLE,OPTIMAL,OPTIMAL,INFEASIBLE
GGA3,OPTIMAL,OPTIMAL,OPTIMAL,OPTIMAL
MRPS7,INFEASIBLE,OPTIMAL,OPTIMAL,INFEASIBLE
MIF4GD,OPTIMAL,OPTIMAL,OPTIMAL,OPTIMAL
SLC25A19,OPTIMAL,OPTIMAL,OPTIMAL,OPTIMAL
GRB2,INFEASIBLE,OPTIMAL,OPTIMAL,INFEASIBLE
TMEM94,OPTIMAL,OPTIMAL,OPTIMAL,OPTIMAL
TSEN54,INFEASIBLE,OPTIMAL,OPTIMAL,OPTIMAL
LLGL2,OPTIMAL,OPTIMAL,OPTIMAL,OPTIMAL
RECQL5,OPTIMAL,OPTIMAL,OPTIMAL,OPTIMAL
SAP30BP,INFEASIBLE,OPTIMAL,OPTIMAL,INFEASIBLE
GALK1,OPTIMAL,OPTIMAL,OPTIMAL,OPTIMAL
UNK,INFEASIBLE,OPTIMAL,OPTIMAL,OPTIMAL
WBP2,INFEASIBLE,OPTIMAL,OPTIMAL,INFEASIBLE
TRIM65,INFEASIBLE,OPTIMAL,OPTIMAL,INFEASIBLE
MRPL38,INFEASIBLE,INFEASIBLE,OPTIMAL,INFEASIBLE
FBF1,OPTIMAL,OPTIMAL,OPTIMAL,OPTIMAL
ACOX1,INFEASIBLE,OPTIMAL,OPTIMAL,INFEASIBLE
TEN1,OPTIMAL,OPTIMAL,OPTIMAL,OPTIMAL
SRP68,OPTIMAL,OPTIMAL,OPTIMAL,OPTIMAL
EXOC7,OPTIMAL,OPTIMAL,OPTIMAL,OPTIMAL
RNF157,OPTIMAL,OPTIMAL,OPTIMAL,OPTIMAL
UBALD2,OPTIMAL,OPTIMAL,OPTIMAL,OPTIMAL
QRICH2,OPTIMAL,OPTIMAL,OPTIMAL,OPTIMAL
PRPSAP1,OPTIMAL,OPTIMAL,OPTIMAL,OPTIMAL
SPHK1,OPTIMAL,OPTIMAL,OPTIMAL,OPTIMAL
UBE2O,OPTIMAL,INFEASIBLE,OPTIMAL,OPTIMAL
RHBDF2,OPTIMAL,OPTIMAL,OPTIMAL,OPTIMAL
ENSG00000284526,INFEASIBLE,OPTIMAL,OPTIMAL,OPTIMAL
MXRA7,OPTIMAL,OPTIMAL,OPTIMAL,OPTIMAL
JMJD6,OPTIMAL,OPTIMAL,OPTIMAL,OPTIMAL
METTL23,INFEASIBLE,OPTIMAL,OPTIMAL,INFEASIBLE
SRSF2,INFEASIBLE,OPTIMAL,OPTIMAL,INFEASIBLE
MFSD11,INFEASIBLE,OPTIMAL,OPTIMAL,INFEASIBLE
SEC14L1,INFEASIBLE,OPTIMAL,OPTIMAL,OPTIMAL
SEPTIN9,INFEASIBLE,OPTIMAL,OPTIMAL,INFEASIBLE
TNRC6C,INFEASIBLE,OPTIMAL,OPTIMAL,INFEASIBLE
SYNGR2,OPTIMAL,OPTIMAL,OPTIMAL,OPTIMAL
TK1,INFEASIBLE,INFEASIBLE,OPTIMAL,INFEASIBLE
AFMID,INFEASIBLE,OPTIMAL,OPTIMAL,INFEASIBLE
BIRC5,INFEASIBLE,OPTIMAL,OPTIMAL,INFEASIBLE
PGS1,OPTIMAL,INFEASIBLE,OPTIMAL,OPTIMAL
CYTH1,INFEASIBLE,OPTIMAL,OPTIMAL,INFEASIBLE
USP36,INFEASIBLE,INFEASIBLE,OPTIMAL,INFEASIBLE
TIMP2,OPTIMAL,OPTIMAL,OPTIMAL,INFEASIBLE
CANT1,OPTIMAL,OPTIMAL,OPTIMAL,OPTIMAL
ENGASE,OPTIMAL,OPTIMAL,OPTIMAL,OPTIMAL
CBX2,OPTIMAL,OPTIMAL,OPTIMAL,OPTIMAL
CBX8,OPTIMAL,INFEASIBLE,OPTIMAL,INFEASIBLE
CBX4,OPTIMAL,OPTIMAL,OPTIMAL,OPTIMAL
TBC1D16,INFEASIBLE,OPTIMAL,OPTIMAL,OPTIMAL
GAA,OPTIMAL,INFEASIBLE,OPTIMAL,OPTIMAL
EIF4A3,INFEASIBLE,INFEASIBLE,OPTIMAL,INFEASIBLE
SLC26A11,OPTIMAL,OPTIMAL,OPTIMAL,OPTIMAL
RNF213,OPTIMAL,OPTIMAL,OPTIMAL,OPTIMAL
ENDOV,INFEASIBLE,OPTIMAL,OPTIMAL,INFEASIBLE
NPTX1,INFEASIBLE,OPTIMAL,OPTIMAL,INFEASIBLE
RPTOR,INFEASIBLE,INFEASIBLE,OPTIMAL,INFEASIBLE
CHMP6,OPTIMAL,OPTIMAL,OPTIMAL,OPTIMAL
BAIAP2,OPTIMAL,OPTIMAL,OPTIMAL,OPTIMAL
CEP131,OPTIMAL,OPTIMAL,OPTIMAL,INFEASIBLE
NDUFAF8,INFEASIBLE,INFEASIBLE,INFEASIBLE,INFEASIBLE
SLC38A10,INFEASIBLE,OPTIMAL,OPTIMAL,INFEASIBLE
BAHCC1,OPTIMAL,OPTIMAL,OPTIMAL,OPTIMAL
ACTG1,INFEASIBLE,OPTIMAL,OPTIMAL,INFEASIBLE
FAAP100,OPTIMAL,OPTIMAL,OPTIMAL,OPTIMAL
NPLOC4,INFEASIBLE,INFEASIBLE,OPTIMAL,OPTIMAL
OXLD1,INFEASIBLE,OPTIMAL,OPTIMAL,INFEASIBLE
CCDC137,INFEASIBLE,OPTIMAL,OPTIMAL,OPTIMAL
ARL16,INFEASIBLE,INFEASIBLE,OPTIMAL,OPTIMAL
HGS,INFEASIBLE,INFEASIBLE,OPTIMAL,INFEASIBLE
MRPL12,INFEASIBLE,OPTIMAL,OPTIMAL,INFEASIBLE
SLC25A10,OPTIMAL,OPTIMAL,OPTIMAL,OPTIMAL
MCRIP1,INFEASIBLE,OPTIMAL,OPTIMAL,OPTIMAL
P4HB,INFEASIBLE,INFEASIBLE,OPTIMAL,OPTIMAL
ARHGDIA,INFEASIBLE,INFEASIBLE,OPTIMAL,OPTIMAL
ALYREF,INFEASIBLE,INFEASIBLE,OPTIMAL,INFEASIBLE
ANAPC11,INFEASIBLE,INFEASIBLE,INFEASIBLE,INFEASIBLE
PCYT2,OPTIMAL,OPTIMAL,OPTIMAL,OPTIMAL
MAFG,OPTIMAL,OPTIMAL,OPTIMAL,OPTIMAL
PYCR1,OPTIMAL,OPTIMAL,OPTIMAL,OPTIMAL
ASPSCR1,INFEASIBLE,INFEASIBLE,OPTIMAL,INFEASIBLE
CENPX,INFEASIBLE,OPTIMAL,INFEASIBLE,INFEASIBLE
LRRC45,INFEASIBLE,OPTIMAL,OPTIMAL,INFEASIBLE
RAC3,INFEASIBLE,OPTIMAL,OPTIMAL,INFEASIBLE
DCXR,INFEASIBLE,OPTIMAL,OPTIMAL,INFEASIBLE
RFNG,INFEASIBLE,OPTIMAL,INFEASIBLE,OPTIMAL
GPS1,OPTIMAL,OPTIMAL,OPTIMAL,OPTIMAL
DUS1L,INFEASIBLE,INFEASIBLE,OPTIMAL,INFEASIBLE
FASN,INFEASIBLE,INFEASIBLE,OPTIMAL,INFEASIBLE
CCDC57,INFEASIBLE,INFEASIBLE,OPTIMAL,INFEASIBLE
SLC16A3,OPTIMAL,OPTIMAL,OPTIMAL,OPTIMAL
CSNK1D,OPTIMAL,OPTIMAL,OPTIMAL,OPTIMAL
OGFOD3,OPTIMAL,INFEASIBLE,OPTIMAL,OPTIMAL
HEXD,INFEASIBLE,OPTIMAL,OPTIMAL,INFEASIBLE
CYBC1,INFEASIBLE,INFEASIBLE,OPTIMAL,OPTIMAL
NARF,OPTIMAL,OPTIMAL,OPTIMAL,OPTIMAL
FOXK2,INFEASIBLE,INFEASIBLE,OPTIMAL,INFEASIBLE
WDR45B,OPTIMAL,OPTIMAL,OPTIMAL,OPTIMAL
RAB40B,INFEASIBLE,OPTIMAL,OPTIMAL,OPTIMAL
FN3KRP,INFEASIBLE,OPTIMAL,OPTIMAL,INFEASIBLE
TBCD,INFEASIBLE,OPTIMAL,OPTIMAL,OPTIMAL
B3GNTL1,INFEASIBLE,OPTIMAL,OPTIMAL,OPTIMAL
METRNL,OPTIMAL,OPTIMAL,OPTIMAL,OPTIMAL
USP14,INFEASIBLE,OPTIMAL,OPTIMAL,INFEASIBLE
THOC1,OPTIMAL,OPTIMAL,OPTIMAL,OPTIMAL
COLEC12,INFEASIBLE,INFEASIBLE,OPTIMAL,OPTIMAL
TYMS,INFEASIBLE,OPTIMAL,OPTIMAL,INFEASIBLE
ENOSF1,INFEASIBLE,OPTIMAL,OPTIMAL,OPTIMAL
YES1,INFEASIBLE,OPTIMAL,OPTIMAL,INFEASIBLE
METTL4,OPTIMAL,OPTIMAL,OPTIMAL,OPTIMAL
NDC80,INFEASIBLE,OPTIMAL,OPTIMAL,INFEASIBLE
SMCHD1,INFEASIBLE,OPTIMAL,OPTIMAL,INFEASIBLE
EMILIN2,OPTIMAL,INFEASIBLE,OPTIMAL,OPTIMAL
LPIN2,OPTIMAL,OPTIMAL,OPTIMAL,INFEASIBLE
MYL12A,INFEASIBLE,INFEASIBLE,OPTIMAL,INFEASIBLE
MYL12B,INFEASIBLE,OPTIMAL,OPTIMAL,INFEASIBLE
TGIF1,OPTIMAL,OPTIMAL,OPTIMAL,OPTIMAL
DLGAP1,OPTIMAL,OPTIMAL,OPTIMAL,OPTIMAL
ZBTB14,OPTIMAL,OPTIMAL,OPTIMAL,OPTIMAL
EPB41L3,OPTIMAL,OPTIMAL,OPTIMAL,OPTIMAL
L3MBTL4,OPTIMAL,OPTIMAL,OPTIMAL,OPTIMAL
LAMA1,OPTIMAL,INFEASIBLE,OPTIMAL,OPTIMAL
PTPRM,INFEASIBLE,OPTIMAL,OPTIMAL,INFEASIBLE
RAB12,INFEASIBLE,OPTIMAL,OPTIMAL,OPTIMAL
MTCL1,OPTIMAL,OPTIMAL,OPTIMAL,OPTIMAL
NDUFV2,INFEASIBLE,OPTIMAL,OPTIMAL,INFEASIBLE
ANKRD12,OPTIMAL,INFEASIBLE,OPTIMAL,OPTIMAL
TWSG1,INFEASIBLE,OPTIMAL,OPTIMAL,INFEASIBLE
RALBP1,INFEASIBLE,OPTIMAL,OPTIMAL,INFEASIBLE
PPP4R1,INFEASIBLE,OPTIMAL,OPTIMAL,OPTIMAL
RAB31,INFEASIBLE,OPTIMAL,OPTIMAL,INFEASIBLE
VAPA,INFEASIBLE,OPTIMAL,OPTIMAL,OPTIMAL
NAPG,INFEASIBLE,OPTIMAL,OPTIMAL,INFEASIBLE
GNAL,OPTIMAL,OPTIMAL,OPTIMAL,OPTIMAL
CHMP1B,OPTIMAL,OPTIMAL,OPTIMAL,OPTIMAL
MPPE1,INFEASIBLE,OPTIMAL,OPTIMAL,OPTIMAL
IMPA2,INFEASIBLE,OPTIMAL,OPTIMAL,INFEASIBLE
TUBB6,OPTIMAL,OPTIMAL,OPTIMAL,OPTIMAL
AFG3L2,INFEASIBLE,OPTIMAL,OPTIMAL,INFEASIBLE
PRELID3A,INFEASIBLE,OPTIMAL,OPTIMAL,OPTIMAL
SPIRE1,INFEASIBLE,OPTIMAL,OPTIMAL,INFEASIBLE
PSMG2,OPTIMAL,OPTIMAL,OPTIMAL,OPTIMAL
CEP76,INFEASIBLE,OPTIMAL,OPTIMAL,INFEASIBLE
PTPN2,INFEASIBLE,OPTIMAL,OPTIMAL,INFEASIBLE
SEH1L,INFEASIBLE,OPTIMAL,OPTIMAL,OPTIMAL
CEP192,INFEASIBLE,OPTIMAL,OPTIMAL,INFEASIBLE
LDLRAD4,INFEASIBLE,OPTIMAL,OPTIMAL,INFEASIBLE
FAM210A,INFEASIBLE,INFEASIBLE,OPTIMAL,OPTIMAL
RNMT,INFEASIBLE,OPTIMAL,OPTIMAL,INFEASIBLE
ZNF519,OPTIMAL,OPTIMAL,OPTIMAL,OPTIMAL
ROCK1,INFEASIBLE,OPTIMAL,OPTIMAL,INFEASIBLE
GREB1L,INFEASIBLE,INFEASIBLE,OPTIMAL,INFEASIBLE
ESCO1,INFEASIBLE,OPTIMAL,OPTIMAL,INFEASIBLE
SNRPD1,INFEASIBLE,INFEASIBLE,OPTIMAL,INFEASIBLE
ABHD3,INFEASIBLE,OPTIMAL,OPTIMAL,OPTIMAL
MIB1,INFEASIBLE,OPTIMAL,OPTIMAL,INFEASIBLE
GATA6,INFEASIBLE,OPTIMAL,OPTIMAL,INFEASIBLE
RBBP8,INFEASIBLE,INFEASIBLE,OPTIMAL,INFEASIBLE
CABLES1,OPTIMAL,OPTIMAL,OPTIMAL,INFEASIBLE
TMEM241,INFEASIBLE,OPTIMAL,OPTIMAL,INFEASIBLE
RIOK3,INFEASIBLE,OPTIMAL,INFEASIBLE,OPTIMAL
RMC1,OPTIMAL,OPTIMAL,OPTIMAL,INFEASIBLE
NPC1,INFEASIBLE,OPTIMAL,OPTIMAL,OPTIMAL
ANKRD29,OPTIMAL,OPTIMAL,OPTIMAL,OPTIMAL
LAMA3,OPTIMAL,OPTIMAL,OPTIMAL,OPTIMAL
TTC39C,INFEASIBLE,OPTIMAL,OPTIMAL,INFEASIBLE
CABYR,OPTIMAL,OPTIMAL,OPTIMAL,OPTIMAL
OSBPL1A,INFEASIBLE,OPTIMAL,OPTIMAL,OPTIMAL
IMPACT,INFEASIBLE,OPTIMAL,OPTIMAL,INFEASIBLE
ZNF521,OPTIMAL,OPTIMAL,OPTIMAL,OPTIMAL
SS18,INFEASIBLE,OPTIMAL,OPTIMAL,INFEASIBLE
TAF4B,INFEASIBLE,INFEASIBLE,OPTIMAL,INFEASIBLE
KCTD1,OPTIMAL,OPTIMAL,OPTIMAL,OPTIMAL
CHST9,OPTIMAL,OPTIMAL,OPTIMAL,OPTIMAL
CDH2,INFEASIBLE,OPTIMAL,OPTIMAL,INFEASIBLE
DSC3,INFEASIBLE,OPTIMAL,OPTIMAL,OPTIMAL
DSC2,INFEASIBLE,OPTIMAL,OPTIMAL,INFEASIBLE
DSG2,INFEASIBLE,INFEASIBLE,OPTIMAL,INFEASIBLE
B4GALT6,OPTIMAL,OPTIMAL,OPTIMAL,OPTIMAL
TRAPPC8,INFEASIBLE,OPTIMAL,OPTIMAL,INFEASIBLE
RNF125,OPTIMAL,OPTIMAL,OPTIMAL,OPTIMAL
RNF138,INFEASIBLE,INFEASIBLE,OPTIMAL,INFEASIBLE
GAREM1,INFEASIBLE,INFEASIBLE,OPTIMAL,INFEASIBLE
ASXL3,OPTIMAL,OPTIMAL,OPTIMAL,OPTIMAL
NOL4,OPTIMAL,OPTIMAL,OPTIMAL,OPTIMAL
DTNA,INFEASIBLE,INFEASIBLE,OPTIMAL,INFEASIBLE
MAPRE2,INFEASIBLE,OPTIMAL,OPTIMAL,INFEASIBLE
ZNF397,INFEASIBLE,OPTIMAL,OPTIMAL,INFEASIBLE
ZSCAN30,OPTIMAL,OPTIMAL,OPTIMAL,OPTIMAL
ZNF24,INFEASIBLE,OPTIMAL,OPTIMAL,INFEASIBLE
INO80C,INFEASIBLE,OPTIMAL,OPTIMAL,INFEASIBLE
GALNT1,OPTIMAL,OPTIMAL,OPTIMAL,OPTIMAL
C18orf21,INFEASIBLE,OPTIMAL,OPTIMAL,INFEASIBLE
RPRD1A,INFEASIBLE,OPTIMAL,OPTIMAL,INFEASIBLE
SLC39A6,INFEASIBLE,OPTIMAL,OPTIMAL,OPTIMAL
ELP2,INFEASIBLE,INFEASIBLE,OPTIMAL,INFEASIBLE
MOCOS,INFEASIBLE,OPTIMAL,OPTIMAL,OPTIMAL
FHOD3,INFEASIBLE,OPTIMAL,OPTIMAL,OPTIMAL
TPGS2,INFEASIBLE,OPTIMAL,OPTIMAL,INFEASIBLE
KIAA1328,INFEASIBLE,OPTIMAL,OPTIMAL,INFEASIBLE
CELF4,INFEASIBLE,OPTIMAL,OPTIMAL,INFEASIBLE
PIK3C3,INFEASIBLE,OPTIMAL,OPTIMAL,INFEASIBLE
SETBP1,OPTIMAL,OPTIMAL,OPTIMAL,OPTIMAL
EPG5,OPTIMAL,OPTIMAL,OPTIMAL,OPTIMAL
PSTPIP2,INFEASIBLE,OPTIMAL,OPTIMAL,OPTIMAL
ATP5F1A,INFEASIBLE,OPTIMAL,OPTIMAL,INFEASIBLE
HAUS1,INFEASIBLE,INFEASIBLE,OPTIMAL,INFEASIBLE
C18orf25,INFEASIBLE,INFEASIBLE,OPTIMAL,OPTIMAL
PIAS2,INFEASIBLE,OPTIMAL,OPTIMAL,OPTIMAL
HDHD2,INFEASIBLE,OPTIMAL,OPTIMAL,INFEASIBLE
IER3IP1,INFEASIBLE,OPTIMAL,OPTIMAL,INFEASIBLE
SMAD2,INFEASIBLE,OPTIMAL,OPTIMAL,INFEASIBLE
ZBTB7C,OPTIMAL,OPTIMAL,OPTIMAL,OPTIMAL
CTIF,OPTIMAL,OPTIMAL,OPTIMAL,OPTIMAL
SMAD7,OPTIMAL,OPTIMAL,OPTIMAL,INFEASIBLE
DYM,INFEASIBLE,OPTIMAL,OPTIMAL,OPTIMAL
C18orf32,INFEASIBLE,OPTIMAL,OPTIMAL,INFEASIBLE
RPL17,INFEASIBLE,INFEASIBLE,OPTIMAL,INFEASIBLE
ACAA2,INFEASIBLE,OPTIMAL,OPTIMAL,INFEASIBLE
MBD1,INFEASIBLE,OPTIMAL,OPTIMAL,OPTIMAL
CXXC1,INFEASIBLE,OPTIMAL,OPTIMAL,INFEASIBLE
SKA1,INFEASIBLE,OPTIMAL,OPTIMAL,OPTIMAL
ME2,INFEASIBLE,OPTIMAL,OPTIMAL,INFEASIBLE
ELAC1,OPTIMAL,OPTIMAL,OPTIMAL,OPTIMAL
SMAD4,INFEASIBLE,INFEASIBLE,OPTIMAL,INFEASIBLE
MEX3C,OPTIMAL,OPTIMAL,OPTIMAL,OPTIMAL
MBD2,INFEASIBLE,OPTIMAL,OPTIMAL,INFEASIBLE
C18orf54,INFEASIBLE,INFEASIBLE,OPTIMAL,INFEASIBLE
RAB27B,OPTIMAL,OPTIMAL,OPTIMAL,OPTIMAL
TCF4,INFEASIBLE,OPTIMAL,OPTIMAL,INFEASIBLE
TXNL1,INFEASIBLE,OPTIMAL,OPTIMAL,INFEASIBLE
WDR7,INFEASIBLE,OPTIMAL,OPTIMAL,INFEASIBLE
ONECUT2,OPTIMAL,OPTIMAL,OPTIMAL,OPTIMAL
FECH,OPTIMAL,OPTIMAL,OPTIMAL,OPTIMAL
NARS1,INFEASIBLE,OPTIMAL,OPTIMAL,OPTIMAL
ATP8B1,INFEASIBLE,OPTIMAL,OPTIMAL,INFEASIBLE
NEDD4L,INFEASIBLE,OPTIMAL,OPTIMAL,INFEASIBLE
MALT1,OPTIMAL,OPTIMAL,OPTIMAL,OPTIMAL
ZNF532,OPTIMAL,OPTIMAL,OPTIMAL,OPTIMAL
SEC11C,INFEASIBLE,OPTIMAL,OPTIMAL,INFEASIBLE
LMAN1,INFEASIBLE,INFEASIBLE,OPTIMAL,INFEASIBLE
PMAIP1,INFEASIBLE,OPTIMAL,OPTIMAL,INFEASIBLE
RNF152,OPTIMAL,OPTIMAL,OPTIMAL,OPTIMAL
PIGN,OPTIMAL,OPTIMAL,OPTIMAL,OPTIMAL
RELCH,OPTIMAL,INFEASIBLE,OPTIMAL,OPTIMAL
TNFRSF11A,OPTIMAL,OPTIMAL,OPTIMAL,OPTIMAL
ZCCHC2,INFEASIBLE,OPTIMAL,OPTIMAL,INFEASIBLE
PHLPP1,INFEASIBLE,OPTIMAL,OPTIMAL,INFEASIBLE
BCL2,INFEASIBLE,OPTIMAL,OPTIMAL,INFEASIBLE
KDSR,INFEASIBLE,OPTIMAL,OPTIMAL,OPTIMAL
VPS4B,INFEASIBLE,OPTIMAL,OPTIMAL,INFEASIBLE
CDH7,OPTIMAL,OPTIMAL,OPTIMAL,OPTIMAL
TMX3,INFEASIBLE,OPTIMAL,OPTIMAL,OPTIMAL
DOK6,OPTIMAL,OPTIMAL,OPTIMAL,OPTIMAL
RTTN,INFEASIBLE,OPTIMAL,OPTIMAL,INFEASIBLE
SOCS6,INFEASIBLE,OPTIMAL,OPTIMAL,INFEASIBLE
TIMM21,INFEASIBLE,OPTIMAL,OPTIMAL,OPTIMAL
CYB5A,INFEASIBLE,OPTIMAL,OPTIMAL,INFEASIBLE
CNDP2,OPTIMAL,OPTIMAL,OPTIMAL,OPTIMAL
ZNF407,OPTIMAL,OPTIMAL,OPTIMAL,OPTIMAL
PTGR3,OPTIMAL,OPTIMAL,OPTIMAL,OPTIMAL
TSHZ1,INFEASIBLE,OPTIMAL,OPTIMAL,INFEASIBLE
ZNF516,INFEASIBLE,OPTIMAL,OPTIMAL,OPTIMAL
ZNF236,INFEASIBLE,OPTIMAL,OPTIMAL,INFEASIBLE
ATP9B,OPTIMAL,OPTIMAL,OPTIMAL,OPTIMAL
CTDP1,OPTIMAL,OPTIMAL,OPTIMAL,OPTIMAL
SLC66A2,INFEASIBLE,OPTIMAL,OPTIMAL,INFEASIBLE
HSBP1L1,INFEASIBLE,OPTIMAL,OPTIMAL,OPTIMAL
TXNL4A,INFEASIBLE,INFEASIBLE,OPTIMAL,INFEASIBLE
RBFA,INFEASIBLE,OPTIMAL,OPTIMAL,INFEASIBLE
ADNP2,INFEASIBLE,INFEASIBLE,OPTIMAL,OPTIMAL
PARD6G,OPTIMAL,OPTIMAL,OPTIMAL,OPTIMAL
MIER2,INFEASIBLE,INFEASIBLE,OPTIMAL,OPTIMAL
TPGS1,INFEASIBLE,OPTIMAL,OPTIMAL,INFEASIBLE
CDC34,INFEASIBLE,OPTIMAL,OPTIMAL,INFEASIBLE
BSG,INFEASIBLE,INFEASIBLE,OPTIMAL,INFEASIBLE
POLRMT,INFEASIBLE,OPTIMAL,OPTIMAL,INFEASIBLE
RNF126,INFEASIBLE,OPTIMAL,OPTIMAL,OPTIMAL
PALM,INFEASIBLE,OPTIMAL,OPTIMAL,INFEASIBLE
PTBP1,INFEASIBLE,OPTIMAL,OPTIMAL,OPTIMAL
CFD,INFEASIBLE,OPTIMAL,OPTIMAL,OPTIMAL
MED16,OPTIMAL,OPTIMAL,OPTIMAL,OPTIMAL
R3HDM4,INFEASIBLE,OPTIMAL,OPTIMAL,INFEASIBLE
ARID3A,INFEASIBLE,OPTIMAL,OPTIMAL,INFEASIBLE
WDR18,INFEASIBLE,OPTIMAL,OPTIMAL,OPTIMAL
TMEM259,OPTIMAL,OPTIMAL,OPTIMAL,OPTIMAL
CNN2,OPTIMAL,OPTIMAL,OPTIMAL,OPTIMAL
ABCA7,OPTIMAL,OPTIMAL,OPTIMAL,OPTIMAL
POLR2E,INFEASIBLE,INFEASIBLE,OPTIMAL,OPTIMAL
GPX4,INFEASIBLE,INFEASIBLE,OPTIMAL,INFEASIBLE
SBNO2,OPTIMAL,OPTIMAL,OPTIMAL,OPTIMAL
STK11,OPTIMAL,INFEASIBLE,OPTIMAL,OPTIMAL
ATP5F1D,INFEASIBLE,INFEASIBLE,INFEASIBLE,INFEASIBLE
MIDN,OPTIMAL,OPTIMAL,OPTIMAL,OPTIMAL
CIRBP,INFEASIBLE,OPTIMAL,OPTIMAL,INFEASIBLE
FAM174C,INFEASIBLE,OPTIMAL,OPTIMAL,INFEASIBLE
PWWP3A,INFEASIBLE,OPTIMAL,OPTIMAL,OPTIMAL
NDUFS7,INFEASIBLE,OPTIMAL,OPTIMAL,INFEASIBLE
GAMT,OPTIMAL,OPTIMAL,OPTIMAL,OPTIMAL
DAZAP1,INFEASIBLE,OPTIMAL,OPTIMAL,OPTIMAL
RPS15,INFEASIBLE,OPTIMAL,OPTIMAL,INFEASIBLE
C19orf25,OPTIMAL,OPTIMAL,OPTIMAL,OPTIMAL
MEX3D,INFEASIBLE,OPTIMAL,OPTIMAL,OPTIMAL
MBD3,INFEASIBLE,OPTIMAL,OPTIMAL,INFEASIBLE
UQCR11,INFEASIBLE,INFEASIBLE,OPTIMAL,INFEASIBLE
TCF3,OPTIMAL,OPTIMAL,OPTIMAL,INFEASIBLE
REXO1,INFEASIBLE,OPTIMAL,OPTIMAL,OPTIMAL
KLF16,OPTIMAL,OPTIMAL,OPTIMAL,OPTIMAL
ABHD17A,OPTIMAL,OPTIMAL,OPTIMAL,OPTIMAL
SCAMP4,INFEASIBLE,OPTIMAL,OPTIMAL,INFEASIBLE
CSNK1G2,INFEASIBLE,OPTIMAL,OPTIMAL,INFEASIBLE
BTBD2,OPTIMAL,OPTIMAL,OPTIMAL,OPTIMAL
MKNK2,INFEASIBLE,OPTIMAL,OPTIMAL,OPTIMAL
MOB3A,OPTIMAL,OPTIMAL,OPTIMAL,OPTIMAL
AP3D1,INFEASIBLE,INFEASIBLE,OPTIMAL,INFEASIBLE
DOT1L,OPTIMAL,OPTIMAL,OPTIMAL,OPTIMAL
PLEKHJ1,INFEASIBLE,OPTIMAL,OPTIMAL,OPTIMAL
SF3A2,OPTIMAL,OPTIMAL,OPTIMAL,OPTIMAL
OAZ1,INFEASIBLE,INFEASIBLE,OPTIMAL,INFEASIBLE
LSM7,INFEASIBLE,INFEASIBLE,INFEASIBLE,INFEASIBLE
SPPL2B,OPTIMAL,INFEASIBLE,OPTIMAL,OPTIMAL
TMPRSS9,OPTIMAL,OPTIMAL,OPTIMAL,OPTIMAL
TIMM13,INFEASIBLE,INFEASIBLE,OPTIMAL,INFEASIBLE
LMNB2,INFEASIBLE,OPTIMAL,OPTIMAL,OPTIMAL
GADD45B,INFEASIBLE,INFEASIBLE,OPTIMAL,OPTIMAL
GNG7,OPTIMAL,OPTIMAL,OPTIMAL,OPTIMAL
DIRAS1,OPTIMAL,INFEASIBLE,OPTIMAL,OPTIMAL
SLC39A3,OPTIMAL,OPTIMAL,OPTIMAL,OPTIMAL
SGTA,OPTIMAL,OPTIMAL,OPTIMAL,OPTIMAL
THOP1,INFEASIBLE,OPTIMAL,OPTIMAL,OPTIMAL
ZNF57,OPTIMAL,OPTIMAL,OPTIMAL,OPTIMAL
ZNF77,INFEASIBLE,INFEASIBLE,OPTIMAL,OPTIMAL
TLE5,INFEASIBLE,INFEASIBLE,OPTIMAL,OPTIMAL
GNA11,INFEASIBLE,INFEASIBLE,OPTIMAL,OPTIMAL
NCLN,OPTIMAL,INFEASIBLE,OPTIMAL,OPTIMAL
NFIC,INFEASIBLE,OPTIMAL,OPTIMAL,INFEASIBLE
DOHH,OPTIMAL,OPTIMAL,OPTIMAL,OPTIMAL
FZR1,OPTIMAL,OPTIMAL,OPTIMAL,OPTIMAL
MFSD12,OPTIMAL,OPTIMAL,OPTIMAL,OPTIMAL
HMG20B,OPTIMAL,OPTIMAL,OPTIMAL,OPTIMAL
CACTIN,OPTIMAL,OPTIMAL,OPTIMAL,OPTIMAL
PIP5K1C,OPTIMAL,OPTIMAL,OPTIMAL,OPTIMAL
MRPL54,INFEASIBLE,INFEASIBLE,OPTIMAL,INFEASIBLE
MATK,OPTIMAL,OPTIMAL,OPTIMAL,OPTIMAL
DAPK3,OPTIMAL,OPTIMAL,OPTIMAL,OPTIMAL
EEF2,INFEASIBLE,INFEASIBLE,OPTIMAL,INFEASIBLE
PIAS4,OPTIMAL,OPTIMAL,OPTIMAL,OPTIMAL
ZBTB7A,OPTIMAL,OPTIMAL,OPTIMAL,INFEASIBLE
MAP2K2,INFEASIBLE,OPTIMAL,OPTIMAL,INFEASIBLE
SIRT6,OPTIMAL,OPTIMAL,OPTIMAL,OPTIMAL
YJU2,OPTIMAL,OPTIMAL,OPTIMAL,OPTIMAL
FSD1,INFEASIBLE,OPTIMAL,OPTIMAL,OPTIMAL
MPND,OPTIMAL,OPTIMAL,OPTIMAL,OPTIMAL
SH3GL1,INFEASIBLE,OPTIMAL,OPTIMAL,INFEASIBLE
CHAF1A,INFEASIBLE,OPTIMAL,OPTIMAL,INFEASIBLE
UBXN6,OPTIMAL,OPTIMAL,OPTIMAL,OPTIMAL
HDGFL2,OPTIMAL,OPTIMAL,OPTIMAL,OPTIMAL
MYDGF,INFEASIBLE,OPTIMAL,OPTIMAL,OPTIMAL
DPP9,OPTIMAL,OPTIMAL,OPTIMAL,OPTIMAL
FEM1A,OPTIMAL,OPTIMAL,OPTIMAL,OPTIMAL
PLIN3,OPTIMAL,OPTIMAL,OPTIMAL,OPTIMAL
UHRF1,INFEASIBLE,OPTIMAL,OPTIMAL,OPTIMAL
KDM4B,OPTIMAL,OPTIMAL,OPTIMAL,INFEASIBLE
PTPRS,INFEASIBLE,OPTIMAL,OPTIMAL,INFEASIBLE
TINCR,INFEASIBLE,INFEASIBLE,OPTIMAL,OPTIMAL
SAFB2,INFEASIBLE,OPTIMAL,OPTIMAL,OPTIMAL
SAFB,INFEASIBLE,OPTIMAL,OPTIMAL,INFEASIBLE
RPL36,INFEASIBLE,INFEASIBLE,INFEASIBLE,INFEASIBLE
MICOS13,INFEASIBLE,INFEASIBLE,INFEASIBLE,INFEASIBLE
LONP1,INFEASIBLE,OPTIMAL,OPTIMAL,INFEASIBLE
DUS3L,OPTIMAL,OPTIMAL,OPTIMAL,OPTIMAL
NRTN,OPTIMAL,OPTIMAL,OPTIMAL,INFEASIBLE
NDUFA11,INFEASIBLE,INFEASIBLE,OPTIMAL,INFEASIBLE
RANBP3,INFEASIBLE,INFEASIBLE,OPTIMAL,OPTIMAL
RFX2,OPTIMAL,OPTIMAL,OPTIMAL,OPTIMAL
ACSBG2,OPTIMAL,OPTIMAL,OPTIMAL,OPTIMAL
MLLT1,OPTIMAL,OPTIMAL,OPTIMAL,OPTIMAL
CLPP,INFEASIBLE,INFEASIBLE,OPTIMAL,INFEASIBLE
ALKBH7,INFEASIBLE,INFEASIBLE,INFEASIBLE,OPTIMAL
GTF2F1,OPTIMAL,OPTIMAL,OPTIMAL,OPTIMAL
KHSRP,INFEASIBLE,OPTIMAL,OPTIMAL,INFEASIBLE
SLC25A23,OPTIMAL,OPTIMAL,OPTIMAL,OPTIMAL
TUBB4A,OPTIMAL,OPTIMAL,OPTIMAL,OPTIMAL
CD70,INFEASIBLE,OPTIMAL,OPTIMAL,OPTIMAL
GPR108,INFEASIBLE,OPTIMAL,OPTIMAL,OPTIMAL
TRIP10,OPTIMAL,OPTIMAL,OPTIMAL,OPTIMAL
ZNF557,INFEASIBLE,INFEASIBLE,OPTIMAL,OPTIMAL
INSR,INFEASIBLE,OPTIMAL,OPTIMAL,INFEASIBLE
ARHGEF18,INFEASIBLE,OPTIMAL,OPTIMAL,INFEASIBLE
ZNF358,OPTIMAL,OPTIMAL,OPTIMAL,OPTIMAL
CAMSAP3,OPTIMAL,OPTIMAL,OPTIMAL,OPTIMAL
XAB2,OPTIMAL,INFEASIBLE,OPTIMAL,OPTIMAL
PET100,INFEASIBLE,INFEASIBLE,OPTIMAL,INFEASIBLE
STXBP2,OPTIMAL,OPTIMAL,OPTIMAL,OPTIMAL
TRAPPC5,INFEASIBLE,OPTIMAL,OPTIMAL,INFEASIBLE
EVI5L,OPTIMAL,OPTIMAL,OPTIMAL,OPTIMAL
MAP2K7,OPTIMAL,OPTIMAL,OPTIMAL,INFEASIBLE
SNAPC2,OPTIMAL,OPTIMAL,OPTIMAL,OPTIMAL
CTXN1,OPTIMAL,OPTIMAL,OPTIMAL,OPTIMAL
TIMM44,OPTIMAL,OPTIMAL,OPTIMAL,OPTIMAL
ELAVL1,INFEASIBLE,OPTIMAL,OPTIMAL,OPTIMAL
CERS4,OPTIMAL,OPTIMAL,OPTIMAL,OPTIMAL
CD320,INFEASIBLE,OPTIMAL,OPTIMAL,INFEASIBLE
NDUFA7,INFEASIBLE,OPTIMAL,OPTIMAL,INFEASIBLE
RPS28,INFEASIBLE,INFEASIBLE,INFEASIBLE,INFEASIBLE
RAB11B,INFEASIBLE,INFEASIBLE,OPTIMAL,OPTIMAL
MARCHF2,OPTIMAL,OPTIMAL,OPTIMAL,OPTIMAL
HNRNPM,INFEASIBLE,OPTIMAL,OPTIMAL,INFEASIBLE
ZNF414,OPTIMAL,OPTIMAL,OPTIMAL,OPTIMAL
ZNF317,OPTIMAL,OPTIMAL,OPTIMAL,OPTIMAL
ZNF559,OPTIMAL,OPTIMAL,OPTIMAL,OPTIMAL
ZNF266,OPTIMAL,OPTIMAL,OPTIMAL,OPTIMAL
ZNF426,INFEASIBLE,OPTIMAL,OPTIMAL,INFEASIBLE
ZNF121,INFEASIBLE,INFEASIBLE,OPTIMAL,OPTIMAL
ZNF561,INFEASIBLE,OPTIMAL,OPTIMAL,INFEASIBLE
ZNF562,INFEASIBLE,OPTIMAL,OPTIMAL,INFEASIBLE
FBXL12,INFEASIBLE,OPTIMAL,OPTIMAL,OPTIMAL
UBL5,INFEASIBLE,INFEASIBLE,INFEASIBLE,INFEASIBLE
PIN1,INFEASIBLE,INFEASIBLE,OPTIMAL,INFEASIBLE
PPAN,INFEASIBLE,OPTIMAL,OPTIMAL,OPTIMAL
EIF3G,INFEASIBLE,INFEASIBLE,OPTIMAL,INFEASIBLE
DNMT1,INFEASIBLE,OPTIMAL,OPTIMAL,INFEASIBLE
MRPL4,INFEASIBLE,OPTIMAL,OPTIMAL,INFEASIBLE
FDX2,INFEASIBLE,OPTIMAL,OPTIMAL,OPTIMAL
RAVER1,OPTIMAL,OPTIMAL,OPTIMAL,INFEASIBLE
ICAM3,OPTIMAL,OPTIMAL,OPTIMAL,OPTIMAL
TYK2,OPTIMAL,OPTIMAL,OPTIMAL,OPTIMAL
CDC37,INFEASIBLE,INFEASIBLE,OPTIMAL,INFEASIBLE
PDE4A,INFEASIBLE,OPTIMAL,OPTIMAL,INFEASIBLE
KEAP1,OPTIMAL,OPTIMAL,OPTIMAL,OPTIMAL
ATG4D,OPTIMAL,OPTIMAL,OPTIMAL,OPTIMAL
KRI1,INFEASIBLE,INFEASIBLE,OPTIMAL,INFEASIBLE
CDKN2D,OPTIMAL,OPTIMAL,OPTIMAL,OPTIMAL
SLC44A2,OPTIMAL,OPTIMAL,OPTIMAL,OPTIMAL
ILF3,INFEASIBLE,OPTIMAL,OPTIMAL,INFEASIBLE
QTRT1,INFEASIBLE,OPTIMAL,OPTIMAL,OPTIMAL
DNM2,OPTIMAL,OPTIMAL,OPTIMAL,OPTIMAL
TMED1,INFEASIBLE,OPTIMAL,OPTIMAL,INFEASIBLE
CARM1,INFEASIBLE,OPTIMAL,OPTIMAL,OPTIMAL
YIPF2,INFEASIBLE,OPTIMAL,OPTIMAL,OPTIMAL
TIMM29,INFEASIBLE,OPTIMAL,OPTIMAL,OPTIMAL
SMARCA4,INFEASIBLE,OPTIMAL,OPTIMAL,OPTIMAL
LDLR,INFEASIBLE,OPTIMAL,OPTIMAL,OPTIMAL
SPC24,INFEASIBLE,OPTIMAL,INFEASIBLE,INFEASIBLE
KANK2,INFEASIBLE,OPTIMAL,OPTIMAL,INFEASIBLE
DOCK6,OPTIMAL,OPTIMAL,OPTIMAL,OPTIMAL
RAB3D,INFEASIBLE,OPTIMAL,OPTIMAL,OPTIMAL
TMEM205,INFEASIBLE,INFEASIBLE,OPTIMAL,OPTIMAL
PLPPR2,INFEASIBLE,OPTIMAL,OPTIMAL,OPTIMAL
SWSAP1,OPTIMAL,OPTIMAL,OPTIMAL,OPTIMAL
PRKCSH,INFEASIBLE,INFEASIBLE,OPTIMAL,OPTIMAL
ECSIT,OPTIMAL,OPTIMAL,OPTIMAL,OPTIMAL
ELOF1,INFEASIBLE,OPTIMAL,OPTIMAL,OPTIMAL
ZNF627,INFEASIBLE,OPTIMAL,OPTIMAL,OPTIMAL
ZNF440,OPTIMAL,OPTIMAL,OPTIMAL,OPTIMAL
ZNF700,INFEASIBLE,OPTIMAL,OPTIMAL,OPTIMAL
ZNF136,OPTIMAL,OPTIMAL,OPTIMAL,OPTIMAL
ZNF44,INFEASIBLE,OPTIMAL,OPTIMAL,INFEASIBLE
ZNF709,OPTIMAL,INFEASIBLE,OPTIMAL,OPTIMAL
ZNF564,INFEASIBLE,OPTIMAL,OPTIMAL,OPTIMAL
ZNF490,INFEASIBLE,OPTIMAL,OPTIMAL,INFEASIBLE
ZNF791,INFEASIBLE,OPTIMAL,OPTIMAL,INFEASIBLE
MAN2B1,OPTIMAL,OPTIMAL,OPTIMAL,OPTIMAL
WDR83,INFEASIBLE,OPTIMAL,OPTIMAL,OPTIMAL
WDR83OS,INFEASIBLE,INFEASIBLE,OPTIMAL,INFEASIBLE
DHPS,OPTIMAL,OPTIMAL,OPTIMAL,OPTIMAL
FBXW9,INFEASIBLE,OPTIMAL,OPTIMAL,INFEASIBLE
TNPO2,INFEASIBLE,INFEASIBLE,OPTIMAL,INFEASIBLE
TRIR,INFEASIBLE,INFEASIBLE,INFEASIBLE,INFEASIBLE
GET3,INFEASIBLE,OPTIMAL,OPTIMAL,OPTIMAL
HOOK2,OPTIMAL,OPTIMAL,OPTIMAL,OPTIMAL
PRDX2,INFEASIBLE,INFEASIBLE,INFEASIBLE,INFEASIBLE
RNASEH2A,INFEASIBLE,OPTIMAL,OPTIMAL,OPTIMAL
MAST1,INFEASIBLE,OPTIMAL,OPTIMAL,INFEASIBLE
DNASE2,OPTIMAL,OPTIMAL,OPTIMAL,OPTIMAL
GCDH,OPTIMAL,OPTIMAL,OPTIMAL,OPTIMAL
SYCE2,OPTIMAL,OPTIMAL,OPTIMAL,OPTIMAL
FARSA,INFEASIBLE,OPTIMAL,OPTIMAL,OPTIMAL
CALR,INFEASIBLE,OPTIMAL,OPTIMAL,INFEASIBLE
RAD23A,INFEASIBLE,INFEASIBLE,OPTIMAL,OPTIMAL
GADD45GIP1,INFEASIBLE,INFEASIBLE,OPTIMAL,INFEASIBLE
NFIX,INFEASIBLE,OPTIMAL,OPTIMAL,INFEASIBLE
TRMT1,OPTIMAL,OPTIMAL,OPTIMAL,OPTIMAL
NACC1,INFEASIBLE,OPTIMAL,OPTIMAL,INFEASIBLE
STX10,INFEASIBLE,OPTIMAL,OPTIMAL,OPTIMAL
IER2,INFEASIBLE,OPTIMAL,OPTIMAL,INFEASIBLE
CACNA1A,OPTIMAL,OPTIMAL,OPTIMAL,OPTIMAL
YJU2B,INFEASIBLE,OPTIMAL,OPTIMAL,OPTIMAL
MRI1,INFEASIBLE,OPTIMAL,OPTIMAL,OPTIMAL
C19orf53,INFEASIBLE,OPTIMAL,INFEASIBLE,INFEASIBLE
CC2D1A,OPTIMAL,OPTIMAL,OPTIMAL,OPTIMAL
DCAF15,OPTIMAL,OPTIMAL,OPTIMAL,OPTIMAL
RFX1,INFEASIBLE,OPTIMAL,OPTIMAL,OPTIMAL
SAMD1,INFEASIBLE,OPTIMAL,INFEASIBLE,OPTIMAL
PRKACA,OPTIMAL,OPTIMAL,OPTIMAL,OPTIMAL
ASF1B,INFEASIBLE,OPTIMAL,OPTIMAL,INFEASIBLE
ADGRL1,INFEASIBLE,OPTIMAL,OPTIMAL,INFEASIBLE
DDX39A,INFEASIBLE,INFEASIBLE,OPTIMAL,INFEASIBLE
PKN1,OPTIMAL,OPTIMAL,OPTIMAL,OPTIMAL
GIPC1,INFEASIBLE,OPTIMAL,OPTIMAL,INFEASIBLE
DNAJB1,OPTIMAL,OPTIMAL,OPTIMAL,OPTIMAL
TECR,INFEASIBLE,OPTIMAL,OPTIMAL,INFEASIBLE
NDUFB7,INFEASIBLE,INFEASIBLE,OPTIMAL,INFEASIBLE
ZNF333,OPTIMAL,OPTIMAL,OPTIMAL,INFEASIBLE
ILVBL,INFEASIBLE,OPTIMAL,OPTIMAL,OPTIMAL
NOTCH3,OPTIMAL,OPTIMAL,OPTIMAL,OPTIMAL
BRD4,INFEASIBLE,OPTIMAL,OPTIMAL,OPTIMAL
AKAP8,INFEASIBLE,OPTIMAL,OPTIMAL,INFEASIBLE
AKAP8L,INFEASIBLE,OPTIMAL,OPTIMAL,INFEASIBLE
WIZ,OPTIMAL,OPTIMAL,OPTIMAL,OPTIMAL
TPM4,INFEASIBLE,INFEASIBLE,OPTIMAL,INFEASIBLE
RAB8A,INFEASIBLE,INFEASIBLE,OPTIMAL,OPTIMAL
FAM32A,INFEASIBLE,INFEASIBLE,OPTIMAL,INFEASIBLE
AP1M1,OPTIMAL,OPTIMAL,OPTIMAL,OPTIMAL
EPS15L1,INFEASIBLE,INFEASIBLE,OPTIMAL,INFEASIBLE
C19orf44,OPTIMAL,OPTIMAL,OPTIMAL,OPTIMAL
CHERP,INFEASIBLE,INFEASIBLE,OPTIMAL,INFEASIBLE
SLC35E1,INFEASIBLE,OPTIMAL,OPTIMAL,OPTIMAL
MED26,INFEASIBLE,OPTIMAL,OPTIMAL,OPTIMAL
SMIM7,INFEASIBLE,OPTIMAL,OPTIMAL,OPTIMAL
TMEM38A,INFEASIBLE,OPTIMAL,OPTIMAL,INFEASIBLE
SIN3B,INFEASIBLE,OPTIMAL,OPTIMAL,INFEASIBLE
HAUS8,INFEASIBLE,OPTIMAL,OPTIMAL,INFEASIBLE
MYO9B,INFEASIBLE,OPTIMAL,OPTIMAL,OPTIMAL
USE1,INFEASIBLE,OPTIMAL,OPTIMAL,OPTIMAL
OCEL1,INFEASIBLE,OPTIMAL,INFEASIBLE,OPTIMAL
NR2F6,INFEASIBLE,OPTIMAL,OPTIMAL,INFEASIBLE
BABAM1,INFEASIBLE,OPTIMAL,OPTIMAL,OPTIMAL
ABHD8,OPTIMAL,OPTIMAL,OPTIMAL,OPTIMAL
MRPL34,INFEASIBLE,INFEASIBLE,OPTIMAL,INFEASIBLE
DDA1,INFEASIBLE,OPTIMAL,OPTIMAL,OPTIMAL
ANO8,INFEASIBLE,OPTIMAL,OPTIMAL,INFEASIBLE
GTPBP3,INFEASIBLE,OPTIMAL,OPTIMAL,INFEASIBLE
MVB12A,INFEASIBLE,OPTIMAL,OPTIMAL,OPTIMAL
SLC27A1,OPTIMAL,OPTIMAL,OPTIMAL,OPTIMAL
PGLS,INFEASIBLE,OPTIMAL,OPTIMAL,OPTIMAL
COLGALT1,INFEASIBLE,INFEASIBLE,OPTIMAL,INFEASIBLE
MAP1S,OPTIMAL,OPTIMAL,OPTIMAL,OPTIMAL
RPL18A,INFEASIBLE,INFEASIBLE,OPTIMAL,INFEASIBLE
CCDC124,INFEASIBLE,INFEASIBLE,OPTIMAL,INFEASIBLE
MAST3,OPTIMAL,OPTIMAL,OPTIMAL,OPTIMAL
PIK3R2,OPTIMAL,OPTIMAL,OPTIMAL,OPTIMAL
IFI30,OPTIMAL,OPTIMAL,OPTIMAL,OPTIMAL
MPV17L2,OPTIMAL,OPTIMAL,OPTIMAL,OPTIMAL
RAB3A,OPTIMAL,OPTIMAL,OPTIMAL,OPTIMAL
JUND,INFEASIBLE,OPTIMAL,OPTIMAL,OPTIMAL
LSM4,INFEASIBLE,OPTIMAL,OPTIMAL,INFEASIBLE
SSBP4,OPTIMAL,OPTIMAL,OPTIMAL,OPTIMAL
ISYNA1,INFEASIBLE,OPTIMAL,OPTIMAL,OPTIMAL
ELL,INFEASIBLE,OPTIMAL,OPTIMAL,OPTIMAL
FKBP8,INFEASIBLE,OPTIMAL,OPTIMAL,INFEASIBLE
KXD1,INFEASIBLE,INFEASIBLE,OPTIMAL,OPTIMAL
UBA52,INFEASIBLE,OPTIMAL,INFEASIBLE,INFEASIBLE
REX1BD,INFEASIBLE,INFEASIBLE,OPTIMAL,INFEASIBLE
CRTC1,INFEASIBLE,OPTIMAL,OPTIMAL,OPTIMAL
UPF1,INFEASIBLE,OPTIMAL,OPTIMAL,INFEASIBLE
CERS1,OPTIMAL,OPTIMAL,OPTIMAL,OPTIMAL
COPE,INFEASIBLE,OPTIMAL,OPTIMAL,OPTIMAL
DDX49,INFEASIBLE,OPTIMAL,OPTIMAL,OPTIMAL
SUGP2,INFEASIBLE,INFEASIBLE,OPTIMAL,OPTIMAL
ARMC6,INFEASIBLE,INFEASIBLE,OPTIMAL,INFEASIBLE
SLC25A42,INFEASIBLE,OPTIMAL,OPTIMAL,OPTIMAL
TMEM161A,INFEASIBLE,OPTIMAL,OPTIMAL,OPTIMAL
MEF2B,OPTIMAL,OPTIMAL,OPTIMAL,OPTIMAL
BORCS8,INFEASIBLE,OPTIMAL,OPTIMAL,OPTIMAL
RFXANK,OPTIMAL,OPTIMAL,OPTIMAL,OPTIMAL
NR2C2AP,INFEASIBLE,INFEASIBLE,OPTIMAL,OPTIMAL
SUGP1,OPTIMAL,OPTIMAL,OPTIMAL,OPTIMAL
MAU2,INFEASIBLE,OPTIMAL,OPTIMAL,INFEASIBLE
GATAD2A,INFEASIBLE,OPTIMAL,OPTIMAL,INFEASIBLE
NDUFA13,INFEASIBLE,INFEASIBLE,OPTIMAL,INFEASIBLE
YJEFN3,OPTIMAL,INFEASIBLE,OPTIMAL,OPTIMAL
PBX4,INFEASIBLE,OPTIMAL,OPTIMAL,INFEASIBLE
ATP13A1,OPTIMAL,OPTIMAL,OPTIMAL,OPTIMAL
ZNF101,OPTIMAL,OPTIMAL,OPTIMAL,OPTIMAL
ZNF14,OPTIMAL,OPTIMAL,OPTIMAL,OPTIMAL
ZNF506,OPTIMAL,OPTIMAL,OPTIMAL,OPTIMAL
ZNF66,INFEASIBLE,OPTIMAL,OPTIMAL,INFEASIBLE
ZNF85,OPTIMAL,INFEASIBLE,OPTIMAL,OPTIMAL
ZNF430,INFEASIBLE,OPTIMAL,OPTIMAL,OPTIMAL
ZNF714,INFEASIBLE,OPTIMAL,OPTIMAL,INFEASIBLE
ZNF431,INFEASIBLE,OPTIMAL,OPTIMAL,OPTIMAL
ZNF708,INFEASIBLE,OPTIMAL,OPTIMAL,OPTIMAL
ZNF738,OPTIMAL,OPTIMAL,OPTIMAL,OPTIMAL
ZNF493,INFEASIBLE,OPTIMAL,OPTIMAL,INFEASIBLE
ZNF429,INFEASIBLE,OPTIMAL,INFEASIBLE,OPTIMAL
ZNF100,INFEASIBLE,OPTIMAL,OPTIMAL,OPTIMAL
ZNF724,OPTIMAL,OPTIMAL,OPTIMAL,OPTIMAL
ZNF91,OPTIMAL,OPTIMAL,OPTIMAL,OPTIMAL
ZNF675,INFEASIBLE,OPTIMAL,OPTIMAL,INFEASIBLE
RPSA2,INFEASIBLE,OPTIMAL,OPTIMAL,OPTIMAL
ZNF254,INFEASIBLE,OPTIMAL,OPTIMAL,INFEASIBLE
UQCRFS1,INFEASIBLE,INFEASIBLE,OPTIMAL,INFEASIBLE
POP4,INFEASIBLE,INFEASIBLE,OPTIMAL,OPTIMAL
C19orf12,INFEASIBLE,OPTIMAL,OPTIMAL,OPTIMAL
CCNE1,INFEASIBLE,OPTIMAL,OPTIMAL,INFEASIBLE
URI1,INFEASIBLE,OPTIMAL,OPTIMAL,INFEASIBLE
ZNF536,INFEASIBLE,OPTIMAL,INFEASIBLE,OPTIMAL
TSHZ3,INFEASIBLE,OPTIMAL,OPTIMAL,OPTIMAL
ZNF507,INFEASIBLE,OPTIMAL,OPTIMAL,INFEASIBLE
DPY19L3,INFEASIBLE,OPTIMAL,OPTIMAL,INFEASIBLE
PDCD5,INFEASIBLE,INFEASIBLE,OPTIMAL,INFEASIBLE
ANKRD27,OPTIMAL,OPTIMAL,OPTIMAL,OPTIMAL
NUDT19,OPTIMAL,OPTIMAL,OPTIMAL,OPTIMAL
CEP89,INFEASIBLE,OPTIMAL,OPTIMAL,INFEASIBLE
FAAP24,INFEASIBLE,OPTIMAL,OPTIMAL,INFEASIBLE
RHPN2,INFEASIBLE,OPTIMAL,OPTIMAL,OPTIMAL
GPATCH1,INFEASIBLE,OPTIMAL,OPTIMAL,OPTIMAL
LRP3,OPTIMAL,OPTIMAL,OPTIMAL,OPTIMAL
CEBPA,OPTIMAL,OPTIMAL,OPTIMAL,OPTIMAL
CEBPG,INFEASIBLE,OPTIMAL,OPTIMAL,OPTIMAL
PEPD,INFEASIBLE,OPTIMAL,OPTIMAL,OPTIMAL
KCTD15,OPTIMAL,OPTIMAL,OPTIMAL,OPTIMAL
LSM14A,INFEASIBLE,OPTIMAL,OPTIMAL,INFEASIBLE
GARRE1,INFEASIBLE,OPTIMAL,OPTIMAL,OPTIMAL
GPI,OPTIMAL,OPTIMAL,OPTIMAL,OPTIMAL
PDCD2L,OPTIMAL,INFEASIBLE,OPTIMAL,OPTIMAL
UBA2,INFEASIBLE,OPTIMAL,OPTIMAL,OPTIMAL
SCGB2B2,OPTIMAL,OPTIMAL,OPTIMAL,INFEASIBLE
ZNF302,OPTIMAL,OPTIMAL,OPTIMAL,OPTIMAL
GRAMD1A,OPTIMAL,OPTIMAL,OPTIMAL,OPTIMAL
FXYD5,OPTIMAL,OPTIMAL,OPTIMAL,OPTIMAL
LSR,OPTIMAL,OPTIMAL,OPTIMAL,OPTIMAL
USF2,OPTIMAL,OPTIMAL,OPTIMAL,OPTIMAL
DMKN,INFEASIBLE,INFEASIBLE,OPTIMAL,OPTIMAL
TMEM147,INFEASIBLE,INFEASIBLE,OPTIMAL,INFEASIBLE
HAUS5,INFEASIBLE,OPTIMAL,OPTIMAL,OPTIMAL
RBM42,OPTIMAL,OPTIMAL,OPTIMAL,OPTIMAL
COX6B1,INFEASIBLE,INFEASIBLE,INFEASIBLE,INFEASIBLE
KMT2B,OPTIMAL,OPTIMAL,OPTIMAL,OPTIMAL
IGFLR1,INFEASIBLE,OPTIMAL,OPTIMAL,OPTIMAL
U2AF1L4,OPTIMAL,OPTIMAL,OPTIMAL,OPTIMAL
PSENEN,INFEASIBLE,INFEASIBLE,OPTIMAL,INFEASIBLE
LIN37,OPTIMAL,INFEASIBLE,OPTIMAL,OPTIMAL
PROSER3,OPTIMAL,OPTIMAL,OPTIMAL,OPTIMAL
SDHAF1,INFEASIBLE,INFEASIBLE,OPTIMAL,OPTIMAL
ALKBH6,OPTIMAL,OPTIMAL,OPTIMAL,OPTIMAL
WDR62,INFEASIBLE,INFEASIBLE,OPTIMAL,INFEASIBLE
POLR2I,INFEASIBLE,INFEASIBLE,OPTIMAL,INFEASIBLE
TBCB,INFEASIBLE,OPTIMAL,OPTIMAL,INFEASIBLE
CAPNS1,INFEASIBLE,OPTIMAL,OPTIMAL,INFEASIBLE
ZNF565,INFEASIBLE,OPTIMAL,INFEASIBLE,INFEASIBLE
ZNF146,INFEASIBLE,INFEASIBLE,OPTIMAL,OPTIMAL
ZFP14,OPTIMAL,OPTIMAL,OPTIMAL,OPTIMAL
ZNF566,OPTIMAL,OPTIMAL,OPTIMAL,OPTIMAL
ZNF260,INFEASIBLE,INFEASIBLE,OPTIMAL,INFEASIBLE
ZNF529,INFEASIBLE,OPTIMAL,OPTIMAL,OPTIMAL
ZNF382,OPTIMAL,OPTIMAL,OPTIMAL,OPTIMAL
ZNF567,INFEASIBLE,OPTIMAL,OPTIMAL,OPTIMAL
ZNF850,OPTIMAL,OPTIMAL,OPTIMAL,OPTIMAL
ZNF790,OPTIMAL,OPTIMAL,OPTIMAL,OPTIMAL
ZNF345,INFEASIBLE,OPTIMAL,OPTIMAL,OPTIMAL
ZNF568,INFEASIBLE,OPTIMAL,INFEASIBLE,OPTIMAL
ZNF420,OPTIMAL,OPTIMAL,OPTIMAL,OPTIMAL
ZNF585A,INFEASIBLE,INFEASIBLE,OPTIMAL,INFEASIBLE
ZNF585B,OPTIMAL,OPTIMAL,OPTIMAL,OPTIMAL
ZNF383,OPTIMAL,OPTIMAL,OPTIMAL,OPTIMAL
ZNF875,OPTIMAL,OPTIMAL,OPTIMAL,OPTIMAL
ZNF569,INFEASIBLE,OPTIMAL,OPTIMAL,INFEASIBLE
ZFP30,OPTIMAL,OPTIMAL,OPTIMAL,OPTIMAL
ZNF607,OPTIMAL,OPTIMAL,OPTIMAL,OPTIMAL
ZNF573,INFEASIBLE,OPTIMAL,OPTIMAL,INFEASIBLE
SIPA1L3,INFEASIBLE,OPTIMAL,OPTIMAL,INFEASIBLE
DPF1,OPTIMAL,OPTIMAL,OPTIMAL,INFEASIBLE
SPINT2,INFEASIBLE,OPTIMAL,OPTIMAL,OPTIMAL
PPP1R14A,INFEASIBLE,OPTIMAL,OPTIMAL,OPTIMAL
YIF1B,INFEASIBLE,OPTIMAL,OPTIMAL,OPTIMAL
CATSPERG,OPTIMAL,OPTIMAL,OPTIMAL,OPTIMAL
PSMD8,INFEASIBLE,INFEASIBLE,OPTIMAL,INFEASIBLE
FAM98C,OPTIMAL,OPTIMAL,OPTIMAL,OPTIMAL
EIF3K,INFEASIBLE,INFEASIBLE,INFEASIBLE,INFEASIBLE
ACTN4,INFEASIBLE,OPTIMAL,OPTIMAL,INFEASIBLE
ECH1,OPTIMAL,OPTIMAL,OPTIMAL,OPTIMAL
HNRNPL,INFEASIBLE,OPTIMAL,OPTIMAL,INFEASIBLE
SIRT2,INFEASIBLE,OPTIMAL,OPTIMAL,INFEASIBLE
NFKBIB,OPTIMAL,OPTIMAL,OPTIMAL,OPTIMAL
SARS2,OPTIMAL,INFEASIBLE,OPTIMAL,OPTIMAL
MRPS12,INFEASIBLE,INFEASIBLE,OPTIMAL,INFEASIBLE
FBXO17,INFEASIBLE,OPTIMAL,OPTIMAL,OPTIMAL
PAK4,INFEASIBLE,OPTIMAL,OPTIMAL,INFEASIBLE
LRFN1,OPTIMAL,OPTIMAL,OPTIMAL,OPTIMAL
SAMD4B,INFEASIBLE,OPTIMAL,OPTIMAL,INFEASIBLE
PAF1,INFEASIBLE,OPTIMAL,OPTIMAL,INFEASIBLE
MED29,INFEASIBLE,INFEASIBLE,OPTIMAL,INFEASIBLE
RPS16,INFEASIBLE,INFEASIBLE,OPTIMAL,INFEASIBLE
SUPT5H,INFEASIBLE,OPTIMAL,OPTIMAL,OPTIMAL
TIMM50,INFEASIBLE,OPTIMAL,OPTIMAL,INFEASIBLE
DLL3,INFEASIBLE,OPTIMAL,OPTIMAL,OPTIMAL
EID2B,OPTIMAL,OPTIMAL,OPTIMAL,OPTIMAL
EID2,INFEASIBLE,INFEASIBLE,OPTIMAL,OPTIMAL
FBL,INFEASIBLE,OPTIMAL,OPTIMAL,INFEASIBLE
PSMC4,INFEASIBLE,OPTIMAL,OPTIMAL,OPTIMAL
ZNF546,INFEASIBLE,OPTIMAL,OPTIMAL,INFEASIBLE
ZNF780B,INFEASIBLE,OPTIMAL,OPTIMAL,INFEASIBLE
ZNF780A,INFEASIBLE,OPTIMAL,OPTIMAL,INFEASIBLE
MAP3K10,OPTIMAL,OPTIMAL,OPTIMAL,OPTIMAL
AKT2,INFEASIBLE,OPTIMAL,OPTIMAL,INFEASIBLE
C19orf47,OPTIMAL,OPTIMAL,OPTIMAL,OPTIMAL
PLD3,OPTIMAL,OPTIMAL,OPTIMAL,OPTIMAL
SERTAD1,OPTIMAL,OPTIMAL,OPTIMAL,OPTIMAL
SERTAD3,INFEASIBLE,INFEASIBLE,OPTIMAL,INFEASIBLE
BLVRB,INFEASIBLE,OPTIMAL,OPTIMAL,INFEASIBLE
SPTBN4,OPTIMAL,OPTIMAL,OPTIMAL,OPTIMAL
SHKBP1,OPTIMAL,OPTIMAL,OPTIMAL,OPTIMAL
LTBP4,OPTIMAL,OPTIMAL,OPTIMAL,OPTIMAL
NUMBL,OPTIMAL,INFEASIBLE,OPTIMAL,OPTIMAL
COQ8B,OPTIMAL,OPTIMAL,OPTIMAL,OPTIMAL
ACTMAP,OPTIMAL,OPTIMAL,OPTIMAL,OPTIMAL
SNRPA,INFEASIBLE,INFEASIBLE,OPTIMAL,INFEASIBLE
RAB4B,OPTIMAL,OPTIMAL,OPTIMAL,OPTIMAL
EGLN2,OPTIMAL,OPTIMAL,OPTIMAL,OPTIMAL
HNRNPUL1,INFEASIBLE,OPTIMAL,OPTIMAL,OPTIMAL
TGFB1,OPTIMAL,OPTIMAL,OPTIMAL,OPTIMAL
CCDC97,OPTIMAL,OPTIMAL,OPTIMAL,OPTIMAL
TMEM91,INFEASIBLE,OPTIMAL,OPTIMAL,OPTIMAL
B9D2,INFEASIBLE,OPTIMAL,OPTIMAL,INFEASIBLE
EXOSC5,INFEASIBLE,INFEASIBLE,INFEASIBLE,INFEASIBLE
BCKDHA,OPTIMAL,OPTIMAL,OPTIMAL,OPTIMAL
DMAC2,INFEASIBLE,OPTIMAL,OPTIMAL,INFEASIBLE
RPS19,INFEASIBLE,INFEASIBLE,OPTIMAL,INFEASIBLE
ARHGEF1,OPTIMAL,OPTIMAL,OPTIMAL,OPTIMAL
RABAC1,INFEASIBLE,INFEASIBLE,OPTIMAL,INFEASIBLE
ZNF574,OPTIMAL,OPTIMAL,OPTIMAL,OPTIMAL
DEDD2,OPTIMAL,OPTIMAL,OPTIMAL,OPTIMAL
ZNF526,OPTIMAL,OPTIMAL,OPTIMAL,OPTIMAL
GSK3A,OPTIMAL,INFEASIBLE,OPTIMAL,OPTIMAL
ERF,OPTIMAL,OPTIMAL,OPTIMAL,OPTIMAL
CIC,OPTIMAL,OPTIMAL,OPTIMAL,OPTIMAL
PAFAH1B3,INFEASIBLE,OPTIMAL,OPTIMAL,INFEASIBLE
MEGF8,INFEASIBLE,OPTIMAL,OPTIMAL,INFEASIBLE
CNFN,INFEASIBLE,OPTIMAL,OPTIMAL,INFEASIBLE
PHLDB3,OPTIMAL,OPTIMAL,OPTIMAL,OPTIMAL
ETHE1,OPTIMAL,OPTIMAL,OPTIMAL,OPTIMAL
XRCC1,INFEASIBLE,OPTIMAL,OPTIMAL,OPTIMAL
IRGQ,INFEASIBLE,OPTIMAL,OPTIMAL,OPTIMAL
ZNF576,INFEASIBLE,OPTIMAL,OPTIMAL,INFEASIBLE
ZNF428,INFEASIBLE,OPTIMAL,OPTIMAL,OPTIMAL
PLAUR,OPTIMAL,OPTIMAL,OPTIMAL,OPTIMAL
SMG9,INFEASIBLE,OPTIMAL,OPTIMAL,INFEASIBLE
ZNF283,OPTIMAL,OPTIMAL,OPTIMAL,OPTIMAL
ZNF45,OPTIMAL,OPTIMAL,OPTIMAL,OPTIMAL
ZNF155,INFEASIBLE,OPTIMAL,OPTIMAL,OPTIMAL
ZNF224,INFEASIBLE,INFEASIBLE,OPTIMAL,INFEASIBLE
ZNF234,OPTIMAL,OPTIMAL,OPTIMAL,OPTIMAL
ZNF226,INFEASIBLE,OPTIMAL,OPTIMAL,OPTIMAL
ZNF227,OPTIMAL,OPTIMAL,OPTIMAL,OPTIMAL
ZNF235,OPTIMAL,OPTIMAL,OPTIMAL,OPTIMAL
PVR,INFEASIBLE,OPTIMAL,OPTIMAL,INFEASIBLE
NECTIN2,OPTIMAL,OPTIMAL,OPTIMAL,OPTIMAL
TOMM40,INFEASIBLE,OPTIMAL,OPTIMAL,INFEASIBLE
APOE,OPTIMAL,OPTIMAL,OPTIMAL,OPTIMAL
APOC1,INFEASIBLE,OPTIMAL,OPTIMAL,INFEASIBLE
CLPTM1,INFEASIBLE,OPTIMAL,OPTIMAL,OPTIMAL
CLASRP,OPTIMAL,OPTIMAL,OPTIMAL,OPTIMAL
GEMIN7,INFEASIBLE,OPTIMAL,OPTIMAL,INFEASIBLE
MARK4,OPTIMAL,OPTIMAL,OPTIMAL,OPTIMAL
PPP1R37,OPTIMAL,OPTIMAL,OPTIMAL,OPTIMAL
TRAPPC6A,OPTIMAL,OPTIMAL,OPTIMAL,OPTIMAL
ERCC2,INFEASIBLE,INFEASIBLE,OPTIMAL,OPTIMAL
PPP1R13L,INFEASIBLE,OPTIMAL,OPTIMAL,OPTIMAL
POLR1G,INFEASIBLE,OPTIMAL,OPTIMAL,OPTIMAL
ERCC1,INFEASIBLE,OPTIMAL,OPTIMAL,OPTIMAL
RTN2,OPTIMAL,OPTIMAL,OPTIMAL,OPTIMAL
PPM1N,OPTIMAL,OPTIMAL,OPTIMAL,OPTIMAL
VASP,OPTIMAL,OPTIMAL,OPTIMAL,OPTIMAL
OPA3,OPTIMAL,OPTIMAL,OPTIMAL,OPTIMAL
EML2,INFEASIBLE,OPTIMAL,OPTIMAL,OPTIMAL
SNRPD2,INFEASIBLE,INFEASIBLE,INFEASIBLE,INFEASIBLE
QPCTL,OPTIMAL,OPTIMAL,OPTIMAL,OPTIMAL
FBXO46,INFEASIBLE,OPTIMAL,OPTIMAL,INFEASIBLE
DMPK,INFEASIBLE,OPTIMAL,INFEASIBLE,OPTIMAL
DMWD,OPTIMAL,INFEASIBLE,OPTIMAL,OPTIMAL
SYMPK,INFEASIBLE,OPTIMAL,OPTIMAL,INFEASIBLE
IRF2BP1,OPTIMAL,OPTIMAL,OPTIMAL,OPTIMAL
MYPOP,OPTIMAL,OPTIMAL,OPTIMAL,OPTIMAL
PPP5C,OPTIMAL,OPTIMAL,OPTIMAL,OPTIMAL
CCDC8,OPTIMAL,OPTIMAL,OPTIMAL,OPTIMAL
PNMA8A,OPTIMAL,OPTIMAL,OPTIMAL,OPTIMAL
CALM3,INFEASIBLE,OPTIMAL,OPTIMAL,INFEASIBLE
PRKD2,OPTIMAL,OPTIMAL,OPTIMAL,INFEASIBLE
STRN4,OPTIMAL,OPTIMAL,OPTIMAL,INFEASIBLE
FKRP,OPTIMAL,OPTIMAL,OPTIMAL,OPTIMAL
SLC1A5,INFEASIBLE,INFEASIBLE,OPTIMAL,OPTIMAL
AP2S1,INFEASIBLE,OPTIMAL,OPTIMAL,INFEASIBLE
ARHGAP35,INFEASIBLE,OPTIMAL,OPTIMAL,OPTIMAL
NPAS1,OPTIMAL,OPTIMAL,OPTIMAL,OPTIMAL
TMEM160,INFEASIBLE,INFEASIBLE,OPTIMAL,INFEASIBLE
ZC3H4,INFEASIBLE,OPTIMAL,INFEASIBLE,INFEASIBLE
SAE1,INFEASIBLE,INFEASIBLE,INFEASIBLE,INFEASIBLE
BBC3,OPTIMAL,OPTIMAL,OPTIMAL,OPTIMAL
CCDC9,OPTIMAL,OPTIMAL,OPTIMAL,OPTIMAL
DHX34,OPTIMAL,OPTIMAL,OPTIMAL,OPTIMAL
NAPA,OPTIMAL,OPTIMAL,OPTIMAL,OPTIMAL
NOP53,INFEASIBLE,OPTIMAL,OPTIMAL,INFEASIBLE
SELENOW,INFEASIBLE,INFEASIBLE,OPTIMAL,INFEASIBLE
LIG1,INFEASIBLE,INFEASIBLE,OPTIMAL,OPTIMAL
ZSWIM9,INFEASIBLE,OPTIMAL,OPTIMAL,INFEASIBLE
CARD8,INFEASIBLE,OPTIMAL,OPTIMAL,INFEASIBLE
EMP3,INFEASIBLE,INFEASIBLE,OPTIMAL,OPTIMAL
TMEM143,OPTIMAL,OPTIMAL,OPTIMAL,OPTIMAL
KDELR1,INFEASIBLE,INFEASIBLE,OPTIMAL,INFEASIBLE
GRIN2D,OPTIMAL,OPTIMAL,OPTIMAL,OPTIMAL
GRWD1,OPTIMAL,OPTIMAL,OPTIMAL,OPTIMAL
KCNJ14,OPTIMAL,OPTIMAL,OPTIMAL,OPTIMAL
CYTH2,INFEASIBLE,OPTIMAL,OPTIMAL,INFEASIBLE
RPL18,INFEASIBLE,INFEASIBLE,OPTIMAL,INFEASIBLE
SPHK2,OPTIMAL,INFEASIBLE,OPTIMAL,OPTIMAL
DBP,OPTIMAL,OPTIMAL,OPTIMAL,OPTIMAL
CA11,OPTIMAL,OPTIMAL,OPTIMAL,OPTIMAL
BCAT2,OPTIMAL,OPTIMAL,OPTIMAL,OPTIMAL
NUCB1,OPTIMAL,OPTIMAL,OPTIMAL,OPTIMAL
BAX,INFEASIBLE,OPTIMAL,OPTIMAL,INFEASIBLE
FTL,INFEASIBLE,OPTIMAL,INFEASIBLE,INFEASIBLE
GYS1,INFEASIBLE,OPTIMAL,OPTIMAL,OPTIMAL
RUVBL2,INFEASIBLE,OPTIMAL,OPTIMAL,INFEASIBLE
SNRNP70,INFEASIBLE,OPTIMAL,OPTIMAL,INFEASIBLE
LIN7B,INFEASIBLE,OPTIMAL,INFEASIBLE,OPTIMAL
PPFIA3,OPTIMAL,OPTIMAL,OPTIMAL,OPTIMAL
TRPM4,OPTIMAL,OPTIMAL,OPTIMAL,OPTIMAL
SLC6A16,INFEASIBLE,OPTIMAL,OPTIMAL,OPTIMAL
TEAD2,OPTIMAL,OPTIMAL,OPTIMAL,OPTIMAL
PIH1D1,OPTIMAL,INFEASIBLE,OPTIMAL,OPTIMAL
ALDH16A1,INFEASIBLE,OPTIMAL,OPTIMAL,OPTIMAL
RPL13A,INFEASIBLE,OPTIMAL,OPTIMAL,INFEASIBLE
RPS11,INFEASIBLE,OPTIMAL,OPTIMAL,INFEASIBLE
FCGRT,INFEASIBLE,OPTIMAL,OPTIMAL,INFEASIBLE
NOSIP,INFEASIBLE,INFEASIBLE,INFEASIBLE,INFEASIBLE
PRR12,INFEASIBLE,OPTIMAL,OPTIMAL,OPTIMAL
RRAS,INFEASIBLE,OPTIMAL,OPTIMAL,OPTIMAL
SCAF1,OPTIMAL,OPTIMAL,OPTIMAL,OPTIMAL
IRF3,OPTIMAL,OPTIMAL,OPTIMAL,OPTIMAL
BCL2L12,INFEASIBLE,OPTIMAL,OPTIMAL,OPTIMAL
PRMT1,INFEASIBLE,OPTIMAL,OPTIMAL,INFEASIBLE
CPT1C,OPTIMAL,OPTIMAL,OPTIMAL,OPTIMAL
AP2A1,INFEASIBLE,OPTIMAL,OPTIMAL,OPTIMAL
FUZ,INFEASIBLE,INFEASIBLE,OPTIMAL,INFEASIBLE
MED25,INFEASIBLE,INFEASIBLE,OPTIMAL,OPTIMAL
PTOV1,INFEASIBLE,OPTIMAL,OPTIMAL,INFEASIBLE
PNKP,INFEASIBLE,OPTIMAL,OPTIMAL,OPTIMAL
AKT1S1,OPTIMAL,OPTIMAL,OPTIMAL,OPTIMAL
TBC1D17,OPTIMAL,OPTIMAL,OPTIMAL,OPTIMAL
NUP62,INFEASIBLE,OPTIMAL,OPTIMAL,OPTIMAL
ATF5,OPTIMAL,OPTIMAL,OPTIMAL,OPTIMAL
VRK3,INFEASIBLE,OPTIMAL,OPTIMAL,INFEASIBLE
ZNF473,INFEASIBLE,OPTIMAL,OPTIMAL,INFEASIBLE
MYH14,OPTIMAL,OPTIMAL,OPTIMAL,INFEASIBLE
NR1H2,INFEASIBLE,OPTIMAL,INFEASIBLE,OPTIMAL
POLD1,INFEASIBLE,INFEASIBLE,OPTIMAL,OPTIMAL
EMC10,INFEASIBLE,OPTIMAL,OPTIMAL,INFEASIBLE
JOSD2,INFEASIBLE,OPTIMAL,OPTIMAL,OPTIMAL
C19orf81,OPTIMAL,OPTIMAL,OPTIMAL,OPTIMAL
CLEC11A,INFEASIBLE,OPTIMAL,OPTIMAL,INFEASIBLE
KLK8,OPTIMAL,OPTIMAL,OPTIMAL,OPTIMAL
CTU1,INFEASIBLE,OPTIMAL,OPTIMAL,INFEASIBLE
ETFB,INFEASIBLE,INFEASIBLE,INFEASIBLE,INFEASIBLE
ZNF649,OPTIMAL,OPTIMAL,OPTIMAL,OPTIMAL
ZNF614,OPTIMAL,OPTIMAL,OPTIMAL,OPTIMAL
ZNF616,OPTIMAL,OPTIMAL,OPTIMAL,OPTIMAL
PPP2R1A,INFEASIBLE,OPTIMAL,OPTIMAL,INFEASIBLE
ZNF766,OPTIMAL,OPTIMAL,OPTIMAL,OPTIMAL
ZNF480,OPTIMAL,OPTIMAL,OPTIMAL,OPTIMAL
ZNF611,INFEASIBLE,OPTIMAL,OPTIMAL,INFEASIBLE
ZNF845,INFEASIBLE,OPTIMAL,OPTIMAL,OPTIMAL
ZNF765,OPTIMAL,OPTIMAL,OPTIMAL,INFEASIBLE
ZNF761,OPTIMAL,OPTIMAL,OPTIMAL,OPTIMAL
MYADM,INFEASIBLE,OPTIMAL,OPTIMAL,OPTIMAL
CACNG8,OPTIMAL,OPTIMAL,OPTIMAL,OPTIMAL
NDUFA3,INFEASIBLE,INFEASIBLE,INFEASIBLE,INFEASIBLE
TFPT,INFEASIBLE,OPTIMAL,OPTIMAL,INFEASIBLE
PRPF31,INFEASIBLE,OPTIMAL,OPTIMAL,OPTIMAL
CNOT3,INFEASIBLE,OPTIMAL,OPTIMAL,OPTIMAL
LENG1,INFEASIBLE,OPTIMAL,OPTIMAL,INFEASIBLE
MBOAT7,INFEASIBLE,OPTIMAL,OPTIMAL,OPTIMAL
TSEN34,INFEASIBLE,OPTIMAL,OPTIMAL,INFEASIBLE
RPS9,INFEASIBLE,INFEASIBLE,OPTIMAL,INFEASIBLE
LENG8,OPTIMAL,OPTIMAL,OPTIMAL,INFEASIBLE
LENG9,INFEASIBLE,OPTIMAL,OPTIMAL,OPTIMAL
RDH13,OPTIMAL,OPTIMAL,OPTIMAL,OPTIMAL
PPP1R12C,OPTIMAL,OPTIMAL,OPTIMAL,OPTIMAL
TNNT1,INFEASIBLE,OPTIMAL,OPTIMAL,INFEASIBLE
TNNI3,OPTIMAL,OPTIMAL,OPTIMAL,OPTIMAL
PPP6R1,INFEASIBLE,OPTIMAL,OPTIMAL,INFEASIBLE
HSPBP1,INFEASIBLE,INFEASIBLE,OPTIMAL,OPTIMAL
BRSK1,OPTIMAL,OPTIMAL,OPTIMAL,INFEASIBLE
KMT5C,OPTIMAL,OPTIMAL,OPTIMAL,OPTIMAL
RPL28,INFEASIBLE,OPTIMAL,INFEASIBLE,INFEASIBLE
UBE2S,INFEASIBLE,INFEASIBLE,OPTIMAL,INFEASIBLE
ISOC2,INFEASIBLE,OPTIMAL,OPTIMAL,INFEASIBLE
NAT14,INFEASIBLE,INFEASIBLE,OPTIMAL,OPTIMAL
ZNF579,OPTIMAL,OPTIMAL,OPTIMAL,OPTIMAL
ZNF865,INFEASIBLE,OPTIMAL,OPTIMAL,OPTIMAL
ZNF580,INFEASIBLE,OPTIMAL,OPTIMAL,INFEASIBLE
ZNF581,OPTIMAL,OPTIMAL,OPTIMAL,OPTIMAL
CCDC106,OPTIMAL,OPTIMAL,OPTIMAL,OPTIMAL
U2AF2,OPTIMAL,OPTIMAL,OPTIMAL,OPTIMAL
EPN1,INFEASIBLE,OPTIMAL,OPTIMAL,OPTIMAL
ZNF787,OPTIMAL,OPTIMAL,OPTIMAL,OPTIMAL
ZNF444,INFEASIBLE,OPTIMAL,OPTIMAL,INFEASIBLE
ZSCAN5A,INFEASIBLE,INFEASIBLE,OPTIMAL,INFEASIBLE
ZNF71,INFEASIBLE,INFEASIBLE,OPTIMAL,INFEASIBLE
ZNF264,OPTIMAL,INFEASIBLE,OPTIMAL,OPTIMAL
ZNF805,INFEASIBLE,OPTIMAL,OPTIMAL,INFEASIBLE
ZNF460,INFEASIBLE,OPTIMAL,OPTIMAL,OPTIMAL
TRAPPC2B,INFEASIBLE,INFEASIBLE,OPTIMAL,INFEASIBLE
ZNF749,INFEASIBLE,INFEASIBLE,OPTIMAL,INFEASIBLE
ZNF530,OPTIMAL,OPTIMAL,OPTIMAL,OPTIMAL
ZNF134,OPTIMAL,OPTIMAL,OPTIMAL,OPTIMAL
ZNF551,OPTIMAL,OPTIMAL,OPTIMAL,OPTIMAL
ZNF586,OPTIMAL,OPTIMAL,OPTIMAL,OPTIMAL
ZNF552,OPTIMAL,INFEASIBLE,OPTIMAL,OPTIMAL
ZNF587B,INFEASIBLE,OPTIMAL,OPTIMAL,INFEASIBLE
ZNF814,OPTIMAL,OPTIMAL,OPTIMAL,OPTIMAL
ZNF587,INFEASIBLE,OPTIMAL,OPTIMAL,INFEASIBLE
ZNF274,INFEASIBLE,OPTIMAL,OPTIMAL,INFEASIBLE
ZNF8,OPTIMAL,OPTIMAL,OPTIMAL,OPTIMAL
ERVK3-1,INFEASIBLE,INFEASIBLE,OPTIMAL,INFEASIBLE
A1BG,INFEASIBLE,OPTIMAL,OPTIMAL,INFEASIBLE
RPS5,INFEASIBLE,INFEASIBLE,OPTIMAL,INFEASIBLE
ZNF584,OPTIMAL,OPTIMAL,OPTIMAL,OPTIMAL
SLC27A5,INFEASIBLE,OPTIMAL,OPTIMAL,INFEASIBLE
TRIM28,INFEASIBLE,OPTIMAL,OPTIMAL,OPTIMAL
CHMP2A,INFEASIBLE,OPTIMAL,OPTIMAL,INFEASIBLE
UBE2M,INFEASIBLE,INFEASIBLE,OPTIMAL,INFEASIBLE
MZF1,OPTIMAL,OPTIMAL,OPTIMAL,OPTIMAL
C20orf96,OPTIMAL,INFEASIBLE,OPTIMAL,OPTIMAL
ZCCHC3,OPTIMAL,OPTIMAL,OPTIMAL,OPTIMAL
SOX12,OPTIMAL,OPTIMAL,OPTIMAL,OPTIMAL
NRSN2,OPTIMAL,OPTIMAL,OPTIMAL,OPTIMAL
RBCK1,INFEASIBLE,OPTIMAL,OPTIMAL,OPTIMAL
TBC1D20,INFEASIBLE,INFEASIBLE,OPTIMAL,INFEASIBLE
CSNK2A1,INFEASIBLE,OPTIMAL,OPTIMAL,INFEASIBLE
SRXN1,OPTIMAL,OPTIMAL,OPTIMAL,OPTIMAL
PSMF1,INFEASIBLE,OPTIMAL,OPTIMAL,INFEASIBLE
FKBP1A,INFEASIBLE,OPTIMAL,INFEASIBLE,INFEASIBLE
NSFL1C,INFEASIBLE,OPTIMAL,OPTIMAL,INFEASIBLE
STK35,OPTIMAL,OPTIMAL,OPTIMAL,OPTIMAL
SNRPB,INFEASIBLE,INFEASIBLE,OPTIMAL,INFEASIBLE
ZNF343,OPTIMAL,OPTIMAL,OPTIMAL,OPTIMAL
NOP56,INFEASIBLE,OPTIMAL,OPTIMAL,INFEASIBLE
IDH3B,INFEASIBLE,INFEASIBLE,OPTIMAL,INFEASIBLE
VPS16,INFEASIBLE,OPTIMAL,OPTIMAL,INFEASIBLE
PTPRA,INFEASIBLE,OPTIMAL,OPTIMAL,INFEASIBLE
MRPS26,INFEASIBLE,INFEASIBLE,OPTIMAL,OPTIMAL
UBOX5,INFEASIBLE,OPTIMAL,OPTIMAL,INFEASIBLE
FASTKD5,INFEASIBLE,INFEASIBLE,INFEASIBLE,OPTIMAL
DDRGK1,INFEASIBLE,OPTIMAL,OPTIMAL,INFEASIBLE
ITPA,INFEASIBLE,OPTIMAL,OPTIMAL,INFEASIBLE
DNAAF9,INFEASIBLE,OPTIMAL,INFEASIBLE,OPTIMAL
ATRN,INFEASIBLE,INFEASIBLE,OPTIMAL,INFEASIBLE
ADISSP,INFEASIBLE,OPTIMAL,OPTIMAL,INFEASIBLE
CENPB,OPTIMAL,OPTIMAL,OPTIMAL,INFEASIBLE
CDC25B,OPTIMAL,OPTIMAL,OPTIMAL,OPTIMAL
AP5S1,OPTIMAL,OPTIMAL,OPTIMAL,OPTIMAL
MAVS,INFEASIBLE,OPTIMAL,OPTIMAL,OPTIMAL
PANK2,OPTIMAL,OPTIMAL,OPTIMAL,INFEASIBLE
RNF24,INFEASIBLE,OPTIMAL,OPTIMAL,INFEASIBLE
SMOX,OPTIMAL,OPTIMAL,OPTIMAL,OPTIMAL
PRNP,OPTIMAL,OPTIMAL,OPTIMAL,OPTIMAL
SLC23A2,INFEASIBLE,INFEASIBLE,OPTIMAL,INFEASIBLE
TMEM230,INFEASIBLE,OPTIMAL,OPTIMAL,INFEASIBLE
PCNA,INFEASIBLE,OPTIMAL,OPTIMAL,INFEASIBLE
CDS2,INFEASIBLE,INFEASIBLE,OPTIMAL,INFEASIBLE
GPCPD1,OPTIMAL,OPTIMAL,OPTIMAL,OPTIMAL
SHLD1,OPTIMAL,OPTIMAL,OPTIMAL,INFEASIBLE
TRMT6,INFEASIBLE,OPTIMAL,OPTIMAL,INFEASIBLE
MCM8,INFEASIBLE,OPTIMAL,OPTIMAL,OPTIMAL
CRLS1,INFEASIBLE,OPTIMAL,OPTIMAL,INFEASIBLE
BMP2,OPTIMAL,OPTIMAL,OPTIMAL,OPTIMAL
TMX4,OPTIMAL,OPTIMAL,OPTIMAL,OPTIMAL
PLCB1,INFEASIBLE,OPTIMAL,OPTIMAL,INFEASIBLE
PLCB4,INFEASIBLE,OPTIMAL,OPTIMAL,INFEASIBLE
ANKEF1,OPTIMAL,OPTIMAL,OPTIMAL,OPTIMAL
MKKS,OPTIMAL,OPTIMAL,OPTIMAL,OPTIMAL
SLX4IP,INFEASIBLE,INFEASIBLE,OPTIMAL,INFEASIBLE
BTBD3,INFEASIBLE,INFEASIBLE,OPTIMAL,INFEASIBLE
TASP1,INFEASIBLE,OPTIMAL,OPTIMAL,INFEASIBLE
ESF1,INFEASIBLE,INFEASIBLE,OPTIMAL,OPTIMAL
NDUFAF5,INFEASIBLE,OPTIMAL,OPTIMAL,INFEASIBLE
MACROD2,OPTIMAL,OPTIMAL,OPTIMAL,OPTIMAL
KIF16B,INFEASIBLE,OPTIMAL,OPTIMAL,OPTIMAL
SNRPB2,INFEASIBLE,OPTIMAL,OPTIMAL,INFEASIBLE
DSTN,INFEASIBLE,OPTIMAL,OPTIMAL,INFEASIBLE
RRBP1,INFEASIBLE,INFEASIBLE,OPTIMAL,INFEASIBLE
SNX5,INFEASIBLE,OPTIMAL,OPTIMAL,INFEASIBLE
OVOL2,INFEASIBLE,OPTIMAL,INFEASIBLE,INFEASIBLE
MGME1,INFEASIBLE,OPTIMAL,OPTIMAL,INFEASIBLE
KAT14,OPTIMAL,OPTIMAL,OPTIMAL,OPTIMAL
PET117,INFEASIBLE,INFEASIBLE,OPTIMAL,INFEASIBLE
ZNF133,INFEASIBLE,OPTIMAL,OPTIMAL,INFEASIBLE
POLR3F,OPTIMAL,OPTIMAL,OPTIMAL,OPTIMAL
RBBP9,INFEASIBLE,OPTIMAL,OPTIMAL,INFEASIBLE
SEC23B,INFEASIBLE,OPTIMAL,OPTIMAL,OPTIMAL
SMIM26,INFEASIBLE,INFEASIBLE,OPTIMAL,OPTIMAL
DTD1,INFEASIBLE,OPTIMAL,OPTIMAL,INFEASIBLE
RIN2,OPTIMAL,OPTIMAL,OPTIMAL,OPTIMAL
NAA20,INFEASIBLE,OPTIMAL,OPTIMAL,INFEASIBLE
CRNKL1,INFEASIBLE,OPTIMAL,OPTIMAL,INFEASIBLE
RALGAPA2,INFEASIBLE,OPTIMAL,OPTIMAL,INFEASIBLE
KIZ,INFEASIBLE,OPTIMAL,OPTIMAL,OPTIMAL
XRN2,INFEASIBLE,OPTIMAL,OPTIMAL,INFEASIBLE
NXT1,INFEASIBLE,OPTIMAL,OPTIMAL,OPTIMAL
GZF1,OPTIMAL,INFEASIBLE,OPTIMAL,OPTIMAL
NAPB,OPTIMAL,OPTIMAL,OPTIMAL,OPTIMAL
CST3,INFEASIBLE,INFEASIBLE,OPTIMAL,INFEASIBLE
SYNDIG1,OPTIMAL,OPTIMAL,OPTIMAL,OPTIMAL
APMAP,INFEASIBLE,OPTIMAL,OPTIMAL,INFEASIBLE
ENTPD6,OPTIMAL,OPTIMAL,OPTIMAL,OPTIMAL
PYGB,INFEASIBLE,OPTIMAL,OPTIMAL,INFEASIBLE
ABHD12,INFEASIBLE,OPTIMAL,OPTIMAL,OPTIMAL
GINS1,INFEASIBLE,OPTIMAL,OPTIMAL,INFEASIBLE
NINL,INFEASIBLE,OPTIMAL,OPTIMAL,INFEASIBLE
NANP,INFEASIBLE,OPTIMAL,OPTIMAL,OPTIMAL
ZNF337,OPTIMAL,OPTIMAL,OPTIMAL,OPTIMAL
HM13,INFEASIBLE,INFEASIBLE,OPTIMAL,INFEASIBLE
ID1,INFEASIBLE,OPTIMAL,OPTIMAL,INFEASIBLE
BCL2L1,INFEASIBLE,OPTIMAL,OPTIMAL,OPTIMAL
TPX2,INFEASIBLE,OPTIMAL,OPTIMAL,INFEASIBLE
PDRG1,INFEASIBLE,OPTIMAL,OPTIMAL,INFEASIBLE
TM9SF4,INFEASIBLE,INFEASIBLE,OPTIMAL,INFEASIBLE
PLAGL2,OPTIMAL,OPTIMAL,OPTIMAL,OPTIMAL
POFUT1,OPTIMAL,OPTIMAL,OPTIMAL,OPTIMAL
KIF3B,OPTIMAL,OPTIMAL,OPTIMAL,OPTIMAL
ASXL1,INFEASIBLE,OPTIMAL,OPTIMAL,INFEASIBLE
NOL4L,OPTIMAL,OPTIMAL,OPTIMAL,OPTIMAL
COMMD7,INFEASIBLE,INFEASIBLE,OPTIMAL,INFEASIBLE
DNMT3B,OPTIMAL,OPTIMAL,OPTIMAL,OPTIMAL
MAPRE1,INFEASIBLE,OPTIMAL,OPTIMAL,OPTIMAL
CDK5RAP1,INFEASIBLE,OPTIMAL,OPTIMAL,OPTIMAL
SNTA1,INFEASIBLE,OPTIMAL,OPTIMAL,OPTIMAL
CBFA2T2,INFEASIBLE,OPTIMAL,OPTIMAL,OPTIMAL
E2F1,INFEASIBLE,OPTIMAL,OPTIMAL,OPTIMAL
CHMP4B,INFEASIBLE,OPTIMAL,OPTIMAL,INFEASIBLE
RALY,INFEASIBLE,OPTIMAL,OPTIMAL,OPTIMAL
EIF2S2,INFEASIBLE,OPTIMAL,OPTIMAL,INFEASIBLE
AHCY,INFEASIBLE,OPTIMAL,OPTIMAL,OPTIMAL
ITCH,INFEASIBLE,OPTIMAL,OPTIMAL,INFEASIBLE
DYNLRB1,INFEASIBLE,OPTIMAL,OPTIMAL,OPTIMAL
PIGU,OPTIMAL,OPTIMAL,OPTIMAL,OPTIMAL
NCOA6,INFEASIBLE,OPTIMAL,OPTIMAL,INFEASIBLE
GGT7,OPTIMAL,OPTIMAL,OPTIMAL,OPTIMAL
ACSS2,OPTIMAL,OPTIMAL,OPTIMAL,OPTIMAL
GSS,INFEASIBLE,INFEASIBLE,OPTIMAL,INFEASIBLE
TRPC4AP,INFEASIBLE,OPTIMAL,OPTIMAL,OPTIMAL
EDEM2,OPTIMAL,INFEASIBLE,OPTIMAL,OPTIMAL
MMP24OS,OPTIMAL,OPTIMAL,OPTIMAL,OPTIMAL
EIF6,INFEASIBLE,OPTIMAL,OPTIMAL,INFEASIBLE
UQCC1,INFEASIBLE,OPTIMAL,OPTIMAL,INFEASIBLE
CEP250,INFEASIBLE,INFEASIBLE,OPTIMAL,INFEASIBLE
ERGIC3,INFEASIBLE,INFEASIBLE,OPTIMAL,INFEASIBLE
CPNE1,INFEASIBLE,OPTIMAL,OPTIMAL,INFEASIBLE
RBM12,OPTIMAL,OPTIMAL,OPTIMAL,OPTIMAL
NFS1,INFEASIBLE,OPTIMAL,OPTIMAL,INFEASIBLE
ROMO1,INFEASIBLE,OPTIMAL,INFEASIBLE,INFEASIBLE
RBM39,INFEASIBLE,OPTIMAL,OPTIMAL,INFEASIBLE
PHF20,INFEASIBLE,OPTIMAL,OPTIMAL,INFEASIBLE
SCAND1,INFEASIBLE,INFEASIBLE,OPTIMAL,INFEASIBLE
CNBD2,INFEASIBLE,OPTIMAL,OPTIMAL,INFEASIBLE
EPB41L1,OPTIMAL,OPTIMAL,OPTIMAL,OPTIMAL
AAR2,OPTIMAL,OPTIMAL,OPTIMAL,OPTIMAL
DLGAP4,OPTIMAL,OPTIMAL,OPTIMAL,INFEASIBLE
TGIF2,OPTIMAL,OPTIMAL,OPTIMAL,OPTIMAL
RAB5IF,INFEASIBLE,INFEASIBLE,OPTIMAL,INFEASIBLE
NDRG3,INFEASIBLE,INFEASIBLE,OPTIMAL,INFEASIBLE
DSN1,INFEASIBLE,OPTIMAL,INFEASIBLE,INFEASIBLE
SOGA1,OPTIMAL,OPTIMAL,OPTIMAL,OPTIMAL
SAMHD1,INFEASIBLE,INFEASIBLE,OPTIMAL,INFEASIBLE
RBL1,INFEASIBLE,OPTIMAL,OPTIMAL,INFEASIBLE
RPN2,INFEASIBLE,INFEASIBLE,OPTIMAL,OPTIMAL
MANBAL,INFEASIBLE,OPTIMAL,OPTIMAL,INFEASIBLE
BLCAP,INFEASIBLE,OPTIMAL,OPTIMAL,INFEASIBLE
CTNNBL1,INFEASIBLE,OPTIMAL,OPTIMAL,OPTIMAL
TTI1,OPTIMAL,OPTIMAL,OPTIMAL,OPTIMAL
RPRD1B,OPTIMAL,OPTIMAL,OPTIMAL,OPTIMAL
RALGAPB,INFEASIBLE,OPTIMAL,OPTIMAL,OPTIMAL
ACTR5,OPTIMAL,OPTIMAL,OPTIMAL,OPTIMAL
FAM83D,INFEASIBLE,INFEASIBLE,OPTIMAL,INFEASIBLE
DHX35,OPTIMAL,OPTIMAL,OPTIMAL,OPTIMAL
MAFB,OPTIMAL,OPTIMAL,INFEASIBLE,OPTIMAL
TOP1,INFEASIBLE,OPTIMAL,OPTIMAL,INFEASIBLE
PLCG1,INFEASIBLE,INFEASIBLE,OPTIMAL,OPTIMAL
ZHX3,INFEASIBLE,INFEASIBLE,OPTIMAL,INFEASIBLE
LPIN3,INFEASIBLE,OPTIMAL,OPTIMAL,OPTIMAL
CHD6,INFEASIBLE,OPTIMAL,OPTIMAL,OPTIMAL
PTPRT,OPTIMAL,OPTIMAL,OPTIMAL,INFEASIBLE
SRSF6,INFEASIBLE,OPTIMAL,INFEASIBLE,INFEASIBLE
L3MBTL1,INFEASIBLE,OPTIMAL,OPTIMAL,OPTIMAL
IFT52,INFEASIBLE,OPTIMAL,OPTIMAL,INFEASIBLE
MYBL2,INFEASIBLE,OPTIMAL,OPTIMAL,OPTIMAL
TOX2,OPTIMAL,OPTIMAL,OPTIMAL,OPTIMAL
OSER1,OPTIMAL,OPTIMAL,OPTIMAL,OPTIMAL
FITM2,OPTIMAL,OPTIMAL,OPTIMAL,OPTIMAL
TTPAL,OPTIMAL,OPTIMAL,OPTIMAL,OPTIMAL
SERINC3,INFEASIBLE,INFEASIBLE,OPTIMAL,OPTIMAL
PKIG,OPTIMAL,OPTIMAL,OPTIMAL,OPTIMAL
ADA,OPTIMAL,OPTIMAL,OPTIMAL,OPTIMAL
RIMS4,OPTIMAL,OPTIMAL,OPTIMAL,OPTIMAL
YWHAB,INFEASIBLE,OPTIMAL,OPTIMAL,INFEASIBLE
PABPC1L,OPTIMAL,OPTIMAL,OPTIMAL,OPTIMAL
TOMM34,INFEASIBLE,OPTIMAL,OPTIMAL,OPTIMAL
STK4,INFEASIBLE,OPTIMAL,OPTIMAL,INFEASIBLE
SDC4,INFEASIBLE,OPTIMAL,OPTIMAL,OPTIMAL
SYS1,INFEASIBLE,OPTIMAL,OPTIMAL,INFEASIBLE
DBNDD2,INFEASIBLE,OPTIMAL,OPTIMAL,OPTIMAL
PIGT,INFEASIBLE,OPTIMAL,OPTIMAL,INFEASIBLE
DNTTIP1,OPTIMAL,INFEASIBLE,OPTIMAL,OPTIMAL
UBE2C,OPTIMAL,INFEASIBLE,OPTIMAL,OPTIMAL
ACOT8,OPTIMAL,OPTIMAL,OPTIMAL,OPTIMAL
CTSA,OPTIMAL,OPTIMAL,OPTIMAL,OPTIMAL
PLTP,OPTIMAL,OPTIMAL,OPTIMAL,OPTIMAL
PCIF1,INFEASIBLE,OPTIMAL,OPTIMAL,INFEASIBLE
ZNF335,INFEASIBLE,OPTIMAL,OPTIMAL,OPTIMAL
SLC12A5,OPTIMAL,OPTIMAL,OPTIMAL,OPTIMAL
NCOA5,INFEASIBLE,INFEASIBLE,OPTIMAL,INFEASIBLE
SLC35C2,INFEASIBLE,OPTIMAL,OPTIMAL,INFEASIBLE
ELMO2,OPTIMAL,OPTIMAL,OPTIMAL,OPTIMAL
SLC13A3,OPTIMAL,OPTIMAL,OPTIMAL,OPTIMAL
TP53RK,OPTIMAL,OPTIMAL,OPTIMAL,OPTIMAL
EYA2,INFEASIBLE,OPTIMAL,OPTIMAL,INFEASIBLE
ZMYND8,INFEASIBLE,OPTIMAL,OPTIMAL,INFEASIBLE
NCOA3,INFEASIBLE,OPTIMAL,OPTIMAL,OPTIMAL
SULF2,INFEASIBLE,OPTIMAL,OPTIMAL,INFEASIBLE
ARFGEF2,OPTIMAL,OPTIMAL,OPTIMAL,OPTIMAL
CSE1L,INFEASIBLE,OPTIMAL,OPTIMAL,INFEASIBLE
STAU1,INFEASIBLE,OPTIMAL,OPTIMAL,INFEASIBLE
DDX27,INFEASIBLE,OPTIMAL,OPTIMAL,INFEASIBLE
ZNFX1,OPTIMAL,OPTIMAL,OPTIMAL,OPTIMAL
B4GALT5,INFEASIBLE,OPTIMAL,OPTIMAL,INFEASIBLE
SLC9A8,OPTIMAL,OPTIMAL,OPTIMAL,OPTIMAL
RNF114,INFEASIBLE,OPTIMAL,OPTIMAL,OPTIMAL
UBE2V1,INFEASIBLE,OPTIMAL,OPTIMAL,INFEASIBLE
PEDS1,INFEASIBLE,OPTIMAL,OPTIMAL,INFEASIBLE
CEBPB,INFEASIBLE,OPTIMAL,OPTIMAL,OPTIMAL
PTPN1,INFEASIBLE,OPTIMAL,OPTIMAL,INFEASIBLE
PARD6B,INFEASIBLE,OPTIMAL,OPTIMAL,INFEASIBLE
BCAS4,OPTIMAL,OPTIMAL,OPTIMAL,OPTIMAL
ADNP,INFEASIBLE,OPTIMAL,INFEASIBLE,INFEASIBLE
DPM1,INFEASIBLE,OPTIMAL,OPTIMAL,INFEASIBLE
MOCS3,OPTIMAL,OPTIMAL,OPTIMAL,OPTIMAL
KCNG1,OPTIMAL,OPTIMAL,OPTIMAL,OPTIMAL
ATP9A,INFEASIBLE,OPTIMAL,OPTIMAL,OPTIMAL
ZFP64,INFEASIBLE,OPTIMAL,OPTIMAL,OPTIMAL
TSHZ2,INFEASIBLE,OPTIMAL,OPTIMAL,INFEASIBLE
ZNF217,INFEASIBLE,OPTIMAL,OPTIMAL,INFEASIBLE
PFDN4,INFEASIBLE,INFEASIBLE,OPTIMAL,INFEASIBLE
FAM210B,INFEASIBLE,OPTIMAL,OPTIMAL,INFEASIBLE
AURKA,OPTIMAL,OPTIMAL,OPTIMAL,OPTIMAL
CSTF1,INFEASIBLE,OPTIMAL,OPTIMAL,INFEASIBLE
RTF2,INFEASIBLE,OPTIMAL,OPTIMAL,INFEASIBLE
TFAP2C,INFEASIBLE,OPTIMAL,OPTIMAL,OPTIMAL
BMP7,OPTIMAL,OPTIMAL,OPTIMAL,OPTIMAL
RAE1,OPTIMAL,OPTIMAL,OPTIMAL,OPTIMAL
RBM38,OPTIMAL,OPTIMAL,OPTIMAL,OPTIMAL
HMGB1P1,OPTIMAL,OPTIMAL,OPTIMAL,OPTIMAL
PMEPA1,INFEASIBLE,OPTIMAL,OPTIMAL,OPTIMAL
RAB22A,INFEASIBLE,OPTIMAL,OPTIMAL,INFEASIBLE
VAPB,INFEASIBLE,OPTIMAL,OPTIMAL,INFEASIBLE
STX16,OPTIMAL,INFEASIBLE,OPTIMAL,OPTIMAL
GNAS,INFEASIBLE,OPTIMAL,INFEASIBLE,INFEASIBLE
NELFCD,OPTIMAL,OPTIMAL,OPTIMAL,OPTIMAL
ATP5F1E,INFEASIBLE,INFEASIBLE,INFEASIBLE,INFEASIBLE
PRELID3B,INFEASIBLE,OPTIMAL,OPTIMAL,INFEASIBLE
PHACTR3,OPTIMAL,OPTIMAL,OPTIMAL,OPTIMAL
FAM217B,OPTIMAL,OPTIMAL,OPTIMAL,OPTIMAL
CDH4,OPTIMAL,OPTIMAL,OPTIMAL,OPTIMAL
TAF4,OPTIMAL,OPTIMAL,OPTIMAL,OPTIMAL
LSM14B,INFEASIBLE,OPTIMAL,OPTIMAL,OPTIMAL
PSMA7,INFEASIBLE,INFEASIBLE,INFEASIBLE,INFEASIBLE
SS18L1,INFEASIBLE,OPTIMAL,OPTIMAL,OPTIMAL
MTG2,INFEASIBLE,OPTIMAL,OPTIMAL,OPTIMAL
OSBPL2,INFEASIBLE,OPTIMAL,OPTIMAL,INFEASIBLE
ADRM1,INFEASIBLE,OPTIMAL,OPTIMAL,OPTIMAL
LAMA5,OPTIMAL,OPTIMAL,OPTIMAL,OPTIMAL
RPS21,INFEASIBLE,INFEASIBLE,OPTIMAL,INFEASIBLE
SLCO4A1,OPTIMAL,OPTIMAL,OPTIMAL,OPTIMAL
MRGBP,INFEASIBLE,OPTIMAL,OPTIMAL,INFEASIBLE
OGFR,OPTIMAL,OPTIMAL,OPTIMAL,OPTIMAL
TCFL5,INFEASIBLE,OPTIMAL,OPTIMAL,INFEASIBLE
DIDO1,INFEASIBLE,OPTIMAL,OPTIMAL,OPTIMAL
GID8,INFEASIBLE,OPTIMAL,OPTIMAL,INFEASIBLE
YTHDF1,INFEASIBLE,OPTIMAL,OPTIMAL,INFEASIBLE
ARFGAP1,OPTIMAL,OPTIMAL,OPTIMAL,OPTIMAL
KCNQ2,OPTIMAL,OPTIMAL,INFEASIBLE,OPTIMAL
EEF1A2,INFEASIBLE,OPTIMAL,OPTIMAL,OPTIMAL
PPDPF,INFEASIBLE,OPTIMAL,OPTIMAL,INFEASIBLE
GMEB2,OPTIMAL,OPTIMAL,OPTIMAL,OPTIMAL
STMN3,INFEASIBLE,INFEASIBLE,OPTIMAL,OPTIMAL
RTEL1,OPTIMAL,OPTIMAL,OPTIMAL,INFEASIBLE
ARFRP1,INFEASIBLE,OPTIMAL,OPTIMAL,INFEASIBLE
ZGPAT,OPTIMAL,OPTIMAL,OPTIMAL,OPTIMAL
SLC2A4RG,OPTIMAL,OPTIMAL,OPTIMAL,OPTIMAL
ZBTB46,OPTIMAL,OPTIMAL,OPTIMAL,OPTIMAL
TPD52L2,OPTIMAL,OPTIMAL,OPTIMAL,OPTIMAL
DNAJC5,INFEASIBLE,OPTIMAL,OPTIMAL,OPTIMAL
ZNF512B,OPTIMAL,OPTIMAL,OPTIMAL,OPTIMAL
PRPF6,INFEASIBLE,OPTIMAL,OPTIMAL,INFEASIBLE
TCEA2,INFEASIBLE,OPTIMAL,OPTIMAL,INFEASIBLE
RGS19,OPTIMAL,OPTIMAL,OPTIMAL,OPTIMAL
PCMTD2,INFEASIBLE,OPTIMAL,OPTIMAL,INFEASIBLE
HSPA13,OPTIMAL,OPTIMAL,OPTIMAL,OPTIMAL
NRIP1,INFEASIBLE,INFEASIBLE,OPTIMAL,OPTIMAL
USP25,INFEASIBLE,OPTIMAL,OPTIMAL,INFEASIBLE
CXADR,INFEASIBLE,OPTIMAL,OPTIMAL,INFEASIBLE
BTG3,INFEASIBLE,OPTIMAL,OPTIMAL,INFEASIBLE
C21orf91,OPTIMAL,OPTIMAL,OPTIMAL,OPTIMAL
NCAM2,OPTIMAL,OPTIMAL,OPTIMAL,OPTIMAL
MRPL39,OPTIMAL,INFEASIBLE,OPTIMAL,OPTIMAL
ATP5PF,INFEASIBLE,OPTIMAL,INFEASIBLE,INFEASIBLE
GABPA,OPTIMAL,OPTIMAL,OPTIMAL,OPTIMAL
APP,INFEASIBLE,INFEASIBLE,OPTIMAL,INFEASIBLE
ADAMTS1,INFEASIBLE,OPTIMAL,OPTIMAL,OPTIMAL
N6AMT1,INFEASIBLE,OPTIMAL,OPTIMAL,INFEASIBLE
LTN1,INFEASIBLE,INFEASIBLE,OPTIMAL,INFEASIBLE
RWDD2B,OPTIMAL,OPTIMAL,OPTIMAL,OPTIMAL
USP16,INFEASIBLE,OPTIMAL,OPTIMAL,INFEASIBLE
CCT8,INFEASIBLE,INFEASIBLE,OPTIMAL,INFEASIBLE
BACH1,INFEASIBLE,OPTIMAL,OPTIMAL,INFEASIBLE
TIAM1,OPTIMAL,OPTIMAL,OPTIMAL,OPTIMAL
SOD1,INFEASIBLE,OPTIMAL,OPTIMAL,INFEASIBLE
SCAF4,INFEASIBLE,OPTIMAL,OPTIMAL,INFEASIBLE
HUNK,INFEASIBLE,OPTIMAL,OPTIMAL,OPTIMAL
MIS18A,INFEASIBLE,OPTIMAL,OPTIMAL,INFEASIBLE
URB1,INFEASIBLE,INFEASIBLE,OPTIMAL,OPTIMAL
TCP10L,INFEASIBLE,OPTIMAL,OPTIMAL,OPTIMAL
CFAP298,INFEASIBLE,INFEASIBLE,OPTIMAL,INFEASIBLE
SYNJ1,INFEASIBLE,OPTIMAL,OPTIMAL,OPTIMAL
PAXBP1,INFEASIBLE,OPTIMAL,OPTIMAL,INFEASIBLE
IFNAR2,INFEASIBLE,OPTIMAL,OPTIMAL,INFEASIBLE
IL10RB,OPTIMAL,OPTIMAL,OPTIMAL,OPTIMAL
IFNAR1,INFEASIBLE,OPTIMAL,OPTIMAL,INFEASIBLE
IFNGR2,INFEASIBLE,OPTIMAL,OPTIMAL,OPTIMAL
TMEM50B,INFEASIBLE,OPTIMAL,OPTIMAL,INFEASIBLE
GART,INFEASIBLE,OPTIMAL,OPTIMAL,INFEASIBLE
SON,INFEASIBLE,INFEASIBLE,OPTIMAL,INFEASIBLE
DONSON,INFEASIBLE,OPTIMAL,INFEASIBLE,OPTIMAL
CRYZL1,INFEASIBLE,OPTIMAL,OPTIMAL,INFEASIBLE
ITSN1,INFEASIBLE,OPTIMAL,OPTIMAL,INFEASIBLE
ATP5PO,INFEASIBLE,INFEASIBLE,INFEASIBLE,INFEASIBLE
MRPS6,INFEASIBLE,INFEASIBLE,INFEASIBLE,INFEASIBLE
SLC5A3,OPTIMAL,OPTIMAL,OPTIMAL,OPTIMAL
SMIM11,INFEASIBLE,OPTIMAL,OPTIMAL,OPTIMAL
RCAN1,INFEASIBLE,OPTIMAL,OPTIMAL,INFEASIBLE
RUNX1,OPTIMAL,OPTIMAL,OPTIMAL,OPTIMAL
SETD4,INFEASIBLE,OPTIMAL,OPTIMAL,OPTIMAL
CBR1,INFEASIBLE,INFEASIBLE,OPTIMAL,OPTIMAL
CBR3,OPTIMAL,OPTIMAL,INFEASIBLE,OPTIMAL
DOP1B,INFEASIBLE,OPTIMAL,INFEASIBLE,OPTIMAL
MORC3,INFEASIBLE,OPTIMAL,OPTIMAL,OPTIMAL
CHAF1B,INFEASIBLE,OPTIMAL,OPTIMAL,OPTIMAL
SIM2,OPTIMAL,OPTIMAL,OPTIMAL,OPTIMAL
HLCS,INFEASIBLE,OPTIMAL,OPTIMAL,INFEASIBLE
PIGP,INFEASIBLE,INFEASIBLE,OPTIMAL,OPTIMAL
TTC3,INFEASIBLE,OPTIMAL,OPTIMAL,INFEASIBLE
VPS26C,OPTIMAL,OPTIMAL,OPTIMAL,OPTIMAL
DYRK1A,INFEASIBLE,OPTIMAL,OPTIMAL,OPTIMAL
ETS2,INFEASIBLE,OPTIMAL,INFEASIBLE,OPTIMAL
PSMG1,INFEASIBLE,INFEASIBLE,OPTIMAL,INFEASIBLE
BRWD1,INFEASIBLE,OPTIMAL,OPTIMAL,INFEASIBLE
HMGN1,INFEASIBLE,OPTIMAL,OPTIMAL,INFEASIBLE
GET1,INFEASIBLE,OPTIMAL,OPTIMAL,INFEASIBLE
DSCAM,OPTIMAL,OPTIMAL,OPTIMAL,OPTIMAL
BACE2,INFEASIBLE,OPTIMAL,OPTIMAL,INFEASIBLE
PRDM15,OPTIMAL,OPTIMAL,OPTIMAL,OPTIMAL
ZBTB21,INFEASIBLE,OPTIMAL,OPTIMAL,OPTIMAL
PDE9A,OPTIMAL,OPTIMAL,OPTIMAL,OPTIMAL
WDR4,OPTIMAL,OPTIMAL,OPTIMAL,OPTIMAL
NDUFV3,INFEASIBLE,OPTIMAL,INFEASIBLE,INFEASIBLE
PKNOX1,INFEASIBLE,OPTIMAL,OPTIMAL,INFEASIBLE
CBS,INFEASIBLE,INFEASIBLE,OPTIMAL,OPTIMAL
U2AF1,INFEASIBLE,INFEASIBLE,OPTIMAL,INFEASIBLE
RRP1B,INFEASIBLE,OPTIMAL,OPTIMAL,OPTIMAL
PDXK,INFEASIBLE,INFEASIBLE,OPTIMAL,OPTIMAL
CSTB,INFEASIBLE,OPTIMAL,INFEASIBLE,INFEASIBLE
RRP1,INFEASIBLE,OPTIMAL,OPTIMAL,INFEASIBLE
AGPAT3,INFEASIBLE,OPTIMAL,OPTIMAL,OPTIMAL
TRAPPC10,INFEASIBLE,INFEASIBLE,OPTIMAL,OPTIMAL
PWP2,OPTIMAL,OPTIMAL,OPTIMAL,OPTIMAL
GATD3,INFEASIBLE,OPTIMAL,OPTIMAL,INFEASIBLE
PFKL,INFEASIBLE,OPTIMAL,OPTIMAL,INFEASIBLE
CFAP410,OPTIMAL,OPTIMAL,OPTIMAL,OPTIMAL
UBE2G2,INFEASIBLE,INFEASIBLE,OPTIMAL,INFEASIBLE
SUMO3,INFEASIBLE,OPTIMAL,OPTIMAL,INFEASIBLE
PTTG1IP,INFEASIBLE,OPTIMAL,OPTIMAL,OPTIMAL
SLX9,INFEASIBLE,OPTIMAL,OPTIMAL,INFEASIBLE
ADARB1,INFEASIBLE,INFEASIBLE,OPTIMAL,INFEASIBLE
POFUT2,INFEASIBLE,OPTIMAL,OPTIMAL,OPTIMAL
COL18A1,OPTIMAL,OPTIMAL,OPTIMAL,OPTIMAL
SLC19A1,OPTIMAL,INFEASIBLE,OPTIMAL,OPTIMAL
PCBP3,INFEASIBLE,OPTIMAL,OPTIMAL,INFEASIBLE
COL6A1,OPTIMAL,OPTIMAL,OPTIMAL,OPTIMAL
SPATC1L,OPTIMAL,OPTIMAL,OPTIMAL,OPTIMAL
LSS,OPTIMAL,OPTIMAL,OPTIMAL,OPTIMAL
MCM3AP,INFEASIBLE,INFEASIBLE,OPTIMAL,OPTIMAL
YBEY,INFEASIBLE,OPTIMAL,OPTIMAL,OPTIMAL
C21orf58,INFEASIBLE,OPTIMAL,OPTIMAL,INFEASIBLE
PCNT,INFEASIBLE,OPTIMAL,OPTIMAL,OPTIMAL
DIP2A,INFEASIBLE,OPTIMAL,OPTIMAL,INFEASIBLE
PRMT2,INFEASIBLE,OPTIMAL,OPTIMAL,OPTIMAL
POTEH,OPTIMAL,OPTIMAL,OPTIMAL,OPTIMAL
IL17RA,OPTIMAL,OPTIMAL,OPTIMAL,OPTIMAL
HDHD5,INFEASIBLE,OPTIMAL,OPTIMAL,OPTIMAL
CECR2,INFEASIBLE,OPTIMAL,OPTIMAL,OPTIMAL
ATP6V1E1,INFEASIBLE,OPTIMAL,OPTIMAL,OPTIMAL
BCL2L13,INFEASIBLE,INFEASIBLE,OPTIMAL,OPTIMAL
BID,INFEASIBLE,OPTIMAL,OPTIMAL,OPTIMAL
MICAL3,INFEASIBLE,OPTIMAL,OPTIMAL,INFEASIBLE
PEX26,OPTIMAL,OPTIMAL,OPTIMAL,OPTIMAL
USP18,OPTIMAL,OPTIMAL,OPTIMAL,OPTIMAL
DGCR2,OPTIMAL,OPTIMAL,OPTIMAL,OPTIMAL
ESS2,OPTIMAL,OPTIMAL,OPTIMAL,OPTIMAL
SLC25A1,INFEASIBLE,OPTIMAL,OPTIMAL,OPTIMAL
CLTCL1,INFEASIBLE,OPTIMAL,OPTIMAL,OPTIMAL
HIRA,OPTIMAL,OPTIMAL,OPTIMAL,OPTIMAL
C22orf39,INFEASIBLE,OPTIMAL,OPTIMAL,OPTIMAL
MRPL40,INFEASIBLE,INFEASIBLE,OPTIMAL,INFEASIBLE
UFD1,INFEASIBLE,OPTIMAL,OPTIMAL,OPTIMAL
CDC45,INFEASIBLE,INFEASIBLE,OPTIMAL,INFEASIBLE
GP1BB,OPTIMAL,OPTIMAL,OPTIMAL,OPTIMAL
TBX1,INFEASIBLE,OPTIMAL,OPTIMAL,INFEASIBLE
GNB1L,OPTIMAL,OPTIMAL,OPTIMAL,OPTIMAL
RTL10,INFEASIBLE,OPTIMAL,OPTIMAL,INFEASIBLE
TXNRD2,INFEASIBLE,OPTIMAL,OPTIMAL,INFEASIBLE
COMT,OPTIMAL,OPTIMAL,OPTIMAL,OPTIMAL
TANGO2,OPTIMAL,INFEASIBLE,OPTIMAL,OPTIMAL
DGCR8,INFEASIBLE,OPTIMAL,OPTIMAL,INFEASIBLE
TRMT2A,INFEASIBLE,OPTIMAL,OPTIMAL,OPTIMAL
RANBP1,INFEASIBLE,OPTIMAL,OPTIMAL,INFEASIBLE
ZDHHC8,OPTIMAL,OPTIMAL,OPTIMAL,OPTIMAL
DGCR6L,INFEASIBLE,OPTIMAL,OPTIMAL,OPTIMAL
ZNF74,OPTIMAL,OPTIMAL,OPTIMAL,OPTIMAL
SCARF2,OPTIMAL,OPTIMAL,OPTIMAL,OPTIMAL
KLHL22,INFEASIBLE,OPTIMAL,OPTIMAL,INFEASIBLE
MED15,OPTIMAL,OPTIMAL,OPTIMAL,OPTIMAL
PI4KA,INFEASIBLE,OPTIMAL,OPTIMAL,OPTIMAL
SNAP29,INFEASIBLE,INFEASIBLE,OPTIMAL,INFEASIBLE
CRKL,INFEASIBLE,INFEASIBLE,OPTIMAL,INFEASIBLE
LZTR1,OPTIMAL,OPTIMAL,OPTIMAL,OPTIMAL
THAP7,INFEASIBLE,OPTIMAL,INFEASIBLE,OPTIMAL
HIC2,OPTIMAL,OPTIMAL,OPTIMAL,OPTIMAL
UBE2L3,INFEASIBLE,OPTIMAL,OPTIMAL,INFEASIBLE
YDJC,OPTIMAL,OPTIMAL,OPTIMAL,OPTIMAL
SDF2L1,INFEASIBLE,INFEASIBLE,OPTIMAL,INFEASIBLE
PPIL2,INFEASIBLE,OPTIMAL,OPTIMAL,INFEASIBLE
YPEL1,INFEASIBLE,OPTIMAL,OPTIMAL,OPTIMAL
MAPK1,INFEASIBLE,OPTIMAL,OPTIMAL,INFEASIBLE
PPM1F,OPTIMAL,OPTIMAL,OPTIMAL,OPTIMAL
TOP3B,INFEASIBLE,INFEASIBLE,OPTIMAL,OPTIMAL
ZNF280B,OPTIMAL,OPTIMAL,OPTIMAL,OPTIMAL
PRAME,INFEASIBLE,OPTIMAL,OPTIMAL,INFEASIBLE
GNAZ,OPTIMAL,OPTIMAL,OPTIMAL,OPTIMAL
BCR,OPTIMAL,OPTIMAL,OPTIMAL,OPTIMAL
ZNF70,OPTIMAL,OPTIMAL,OPTIMAL,OPTIMAL
CHCHD10,INFEASIBLE,INFEASIBLE,OPTIMAL,INFEASIBLE
SMARCB1,INFEASIBLE,OPTIMAL,OPTIMAL,INFEASIBLE
DERL3,INFEASIBLE,OPTIMAL,OPTIMAL,INFEASIBLE
SLC2A11,INFEASIBLE,OPTIMAL,OPTIMAL,OPTIMAL
MIF,INFEASIBLE,INFEASIBLE,INFEASIBLE,INFEASIBLE
DDT,INFEASIBLE,INFEASIBLE,OPTIMAL,INFEASIBLE
CABIN1,INFEASIBLE,OPTIMAL,OPTIMAL,OPTIMAL
SPECC1L,INFEASIBLE,OPTIMAL,OPTIMAL,INFEASIBLE
GUCD1,INFEASIBLE,OPTIMAL,OPTIMAL,INFEASIBLE
SNRPD3,INFEASIBLE,INFEASIBLE,OPTIMAL,INFEASIBLE
SGSM1,OPTIMAL,OPTIMAL,OPTIMAL,OPTIMAL
KIAA1671,INFEASIBLE,OPTIMAL,OPTIMAL,OPTIMAL
GRK3,INFEASIBLE,OPTIMAL,OPTIMAL,INFEASIBLE
ASPHD2,INFEASIBLE,OPTIMAL,OPTIMAL,INFEASIBLE
HPS4,OPTIMAL,OPTIMAL,OPTIMAL,OPTIMAL
SRRD,OPTIMAL,INFEASIBLE,OPTIMAL,OPTIMAL
TFIP11,OPTIMAL,OPTIMAL,OPTIMAL,OPTIMAL
TPST2,INFEASIBLE,OPTIMAL,OPTIMAL,OPTIMAL
PITPNB,INFEASIBLE,OPTIMAL,OPTIMAL,OPTIMAL
TTC28,INFEASIBLE,OPTIMAL,OPTIMAL,INFEASIBLE
CHEK2,INFEASIBLE,OPTIMAL,OPTIMAL,INFEASIBLE
HSCB,INFEASIBLE,INFEASIBLE,OPTIMAL,INFEASIBLE
CCDC117,INFEASIBLE,OPTIMAL,OPTIMAL,INFEASIBLE
XBP1,OPTIMAL,OPTIMAL,OPTIMAL,OPTIMAL
ZNRF3,INFEASIBLE,OPTIMAL,OPTIMAL,OPTIMAL
KREMEN1,INFEASIBLE,OPTIMAL,OPTIMAL,OPTIMAL
EMID1,OPTIMAL,OPTIMAL,OPTIMAL,OPTIMAL
RHBDD3,OPTIMAL,OPTIMAL,OPTIMAL,OPTIMAL
EWSR1,INFEASIBLE,OPTIMAL,OPTIMAL,INFEASIBLE
AP1B1,INFEASIBLE,INFEASIBLE,INFEASIBLE,OPTIMAL
THOC5,OPTIMAL,OPTIMAL,OPTIMAL,OPTIMAL
NIPSNAP1,OPTIMAL,OPTIMAL,OPTIMAL,OPTIMAL
NF2,INFEASIBLE,OPTIMAL,OPTIMAL,INFEASIBLE
ZMAT5,OPTIMAL,OPTIMAL,OPTIMAL,OPTIMAL
UQCR10,INFEASIBLE,INFEASIBLE,OPTIMAL,INFEASIBLE
ASCC2,OPTIMAL,OPTIMAL,OPTIMAL,OPTIMAL
MTMR3,INFEASIBLE,OPTIMAL,OPTIMAL,OPTIMAL
TBC1D10A,OPTIMAL,OPTIMAL,OPTIMAL,OPTIMAL
SF3A1,OPTIMAL,OPTIMAL,OPTIMAL,OPTIMAL
RNF215,INFEASIBLE,OPTIMAL,OPTIMAL,INFEASIBLE
SEC14L2,OPTIMAL,OPTIMAL,OPTIMAL,OPTIMAL
MTFP1,INFEASIBLE,OPTIMAL,OPTIMAL,OPTIMAL
PES1,OPTIMAL,OPTIMAL,OPTIMAL,OPTIMAL
SLC35E4,OPTIMAL,OPTIMAL,OPTIMAL,OPTIMAL
DUSP18,OPTIMAL,OPTIMAL,OPTIMAL,OPTIMAL
OSBP2,INFEASIBLE,OPTIMAL,OPTIMAL,INFEASIBLE
MORC2,INFEASIBLE,INFEASIBLE,OPTIMAL,INFEASIBLE
TUG1,INFEASIBLE,OPTIMAL,OPTIMAL,INFEASIBLE
SMTN,OPTIMAL,OPTIMAL,OPTIMAL,OPTIMAL
SELENOM,INFEASIBLE,OPTIMAL,OPTIMAL,INFEASIBLE
RNF185,OPTIMAL,OPTIMAL,OPTIMAL,OPTIMAL
LIMK2,INFEASIBLE,OPTIMAL,INFEASIBLE,OPTIMAL
PATZ1,OPTIMAL,OPTIMAL,OPTIMAL,OPTIMAL
DRG1,INFEASIBLE,INFEASIBLE,OPTIMAL,INFEASIBLE
EIF4ENIF1,OPTIMAL,OPTIMAL,OPTIMAL,OPTIMAL
SFI1,INFEASIBLE,INFEASIBLE,OPTIMAL,OPTIMAL
PISD,OPTIMAL,OPTIMAL,OPTIMAL,OPTIMAL
PRR14L,INFEASIBLE,OPTIMAL,OPTIMAL,INFEASIBLE
DEPDC5,INFEASIBLE,OPTIMAL,OPTIMAL,OPTIMAL
YWHAH,INFEASIBLE,OPTIMAL,OPTIMAL,INFEASIBLE
RTCB,OPTIMAL,OPTIMAL,OPTIMAL,OPTIMAL
FBXO7,INFEASIBLE,OPTIMAL,OPTIMAL,INFEASIBLE
SYN3,OPTIMAL,OPTIMAL,OPTIMAL,INFEASIBLE
TIMP3,OPTIMAL,OPTIMAL,OPTIMAL,OPTIMAL
LARGE1,INFEASIBLE,OPTIMAL,OPTIMAL,INFEASIBLE
HMGXB4,INFEASIBLE,INFEASIBLE,OPTIMAL,INFEASIBLE
TOM1,OPTIMAL,OPTIMAL,OPTIMAL,OPTIMAL
HMOX1,OPTIMAL,OPTIMAL,OPTIMAL,OPTIMAL
MCM5,INFEASIBLE,OPTIMAL,OPTIMAL,OPTIMAL
RBFOX2,INFEASIBLE,OPTIMAL,OPTIMAL,INFEASIBLE
APOL2,INFEASIBLE,OPTIMAL,OPTIMAL,OPTIMAL
MYH9,INFEASIBLE,INFEASIBLE,OPTIMAL,OPTIMAL
TXN2,INFEASIBLE,OPTIMAL,INFEASIBLE,INFEASIBLE
FOXRED2,INFEASIBLE,OPTIMAL,INFEASIBLE,INFEASIBLE
EIF3D,INFEASIBLE,INFEASIBLE,OPTIMAL,INFEASIBLE
IFT27,INFEASIBLE,OPTIMAL,INFEASIBLE,OPTIMAL
TST,OPTIMAL,OPTIMAL,OPTIMAL,OPTIMAL
MPST,INFEASIBLE,OPTIMAL,OPTIMAL,INFEASIBLE
KCTD17,OPTIMAL,OPTIMAL,OPTIMAL,OPTIMAL
CDC42EP1,OPTIMAL,OPTIMAL,OPTIMAL,OPTIMAL
GGA1,INFEASIBLE,OPTIMAL,OPTIMAL,INFEASIBLE
SH3BP1,OPTIMAL,OPTIMAL,OPTIMAL,OPTIMAL
PDXP,INFEASIBLE,OPTIMAL,OPTIMAL,OPTIMAL
NOL12,INFEASIBLE,OPTIMAL,OPTIMAL,INFEASIBLE
TRIOBP,OPTIMAL,OPTIMAL,OPTIMAL,OPTIMAL
GCAT,INFEASIBLE,INFEASIBLE,OPTIMAL,INFEASIBLE
ANKRD54,OPTIMAL,OPTIMAL,OPTIMAL,OPTIMAL
EIF3L,INFEASIBLE,OPTIMAL,OPTIMAL,INFEASIBLE
MICALL1,OPTIMAL,OPTIMAL,OPTIMAL,OPTIMAL
POLR2F,INFEASIBLE,INFEASIBLE,OPTIMAL,INFEASIBLE
PICK1,OPTIMAL,OPTIMAL,OPTIMAL,OPTIMAL
PLA2G6,OPTIMAL,OPTIMAL,OPTIMAL,OPTIMAL
TMEM184B,INFEASIBLE,OPTIMAL,OPTIMAL,OPTIMAL
CSNK1E,OPTIMAL,OPTIMAL,OPTIMAL,OPTIMAL
KDELR3,INFEASIBLE,OPTIMAL,OPTIMAL,INFEASIBLE
DDX17,INFEASIBLE,OPTIMAL,OPTIMAL,INFEASIBLE
DMC1,OPTIMAL,OPTIMAL,OPTIMAL,OPTIMAL
FAM227A,OPTIMAL,OPTIMAL,OPTIMAL,OPTIMAL
CBY1,INFEASIBLE,INFEASIBLE,OPTIMAL,INFEASIBLE
TOMM22,INFEASIBLE,INFEASIBLE,OPTIMAL,INFEASIBLE
JOSD1,INFEASIBLE,OPTIMAL,OPTIMAL,INFEASIBLE
GTPBP1,OPTIMAL,OPTIMAL,OPTIMAL,OPTIMAL
SUN2,INFEASIBLE,OPTIMAL,OPTIMAL,INFEASIBLE
CBX6,INFEASIBLE,INFEASIBLE,OPTIMAL,INFEASIBLE
APOBEC3C,INFEASIBLE,OPTIMAL,OPTIMAL,OPTIMAL
RPL3,INFEASIBLE,INFEASIBLE,OPTIMAL,INFEASIBLE
SYNGR1,INFEASIBLE,INFEASIBLE,OPTIMAL,INFEASIBLE
TAB1,INFEASIBLE,OPTIMAL,OPTIMAL,OPTIMAL
MIEF1,OPTIMAL,OPTIMAL,OPTIMAL,OPTIMAL
ATF4,INFEASIBLE,OPTIMAL,OPTIMAL,INFEASIBLE
RPS19BP1,INFEASIBLE,INFEASIBLE,OPTIMAL,OPTIMAL
TNRC6B,INFEASIBLE,OPTIMAL,OPTIMAL,INFEASIBLE
ADSL,INFEASIBLE,INFEASIBLE,OPTIMAL,INFEASIBLE
SGSM3,OPTIMAL,OPTIMAL,OPTIMAL,OPTIMAL
MRTFA,INFEASIBLE,OPTIMAL,OPTIMAL,INFEASIBLE
SLC25A17,INFEASIBLE,OPTIMAL,OPTIMAL,INFEASIBLE
ST13,INFEASIBLE,OPTIMAL,OPTIMAL,INFEASIBLE
XPNPEP3,INFEASIBLE,OPTIMAL,OPTIMAL,OPTIMAL
RBX1,INFEASIBLE,OPTIMAL,OPTIMAL,INFEASIBLE
EP300,OPTIMAL,OPTIMAL,OPTIMAL,OPTIMAL
L3MBTL2,INFEASIBLE,OPTIMAL,OPTIMAL,OPTIMAL
RANGAP1,INFEASIBLE,OPTIMAL,OPTIMAL,INFEASIBLE
ZC3H7B,INFEASIBLE,OPTIMAL,OPTIMAL,OPTIMAL
TOB2,INFEASIBLE,OPTIMAL,OPTIMAL,OPTIMAL
ACO2,INFEASIBLE,OPTIMAL,OPTIMAL,INFEASIBLE
PHF5A,INFEASIBLE,OPTIMAL,OPTIMAL,INFEASIBLE
POLR3H,INFEASIBLE,OPTIMAL,OPTIMAL,OPTIMAL
PMM1,OPTIMAL,INFEASIBLE,OPTIMAL,OPTIMAL
DESI1,INFEASIBLE,INFEASIBLE,OPTIMAL,INFEASIBLE
XRCC6,INFEASIBLE,OPTIMAL,OPTIMAL,INFEASIBLE
SNU13,INFEASIBLE,INFEASIBLE,OPTIMAL,INFEASIBLE
CCDC134,OPTIMAL,OPTIMAL,OPTIMAL,OPTIMAL
SREBF2,INFEASIBLE,INFEASIBLE,OPTIMAL,INFEASIBLE
CENPM,INFEASIBLE,INFEASIBLE,OPTIMAL,INFEASIBLE
WBP2NL,OPTIMAL,OPTIMAL,OPTIMAL,OPTIMAL
NAGA,OPTIMAL,OPTIMAL,OPTIMAL,OPTIMAL
SMDT1,INFEASIBLE,INFEASIBLE,OPTIMAL,INFEASIBLE
NDUFA6,INFEASIBLE,INFEASIBLE,OPTIMAL,INFEASIBLE
TCF20,INFEASIBLE,OPTIMAL,OPTIMAL,INFEASIBLE
RRP7A,INFEASIBLE,INFEASIBLE,OPTIMAL,INFEASIBLE
POLDIP3,OPTIMAL,INFEASIBLE,OPTIMAL,OPTIMAL
CYB5R3,INFEASIBLE,OPTIMAL,OPTIMAL,INFEASIBLE
ARFGAP3,INFEASIBLE,OPTIMAL,OPTIMAL,INFEASIBLE
PACSIN2,INFEASIBLE,OPTIMAL,OPTIMAL,OPTIMAL
MCAT,OPTIMAL,OPTIMAL,OPTIMAL,OPTIMAL
TSPO,INFEASIBLE,INFEASIBLE,OPTIMAL,OPTIMAL
TTLL12,OPTIMAL,OPTIMAL,OPTIMAL,OPTIMAL
PNPLA3,INFEASIBLE,OPTIMAL,OPTIMAL,INFEASIBLE
SAMM50,INFEASIBLE,OPTIMAL,OPTIMAL,INFEASIBLE
PARVB,OPTIMAL,OPTIMAL,OPTIMAL,INFEASIBLE
RTL6,OPTIMAL,OPTIMAL,OPTIMAL,OPTIMAL
PRR5,OPTIMAL,OPTIMAL,OPTIMAL,OPTIMAL
ARHGAP8,INFEASIBLE,OPTIMAL,OPTIMAL,OPTIMAL
PHF21B,OPTIMAL,OPTIMAL,OPTIMAL,INFEASIBLE
NUP50,INFEASIBLE,OPTIMAL,OPTIMAL,INFEASIBLE
KIAA0930,OPTIMAL,OPTIMAL,OPTIMAL,OPTIMAL
FAM118A,OPTIMAL,OPTIMAL,OPTIMAL,OPTIMAL
RIBC2,OPTIMAL,OPTIMAL,OPTIMAL,OPTIMAL
FBLN1,OPTIMAL,OPTIMAL,OPTIMAL,OPTIMAL
ATXN10,INFEASIBLE,OPTIMAL,OPTIMAL,INFEASIBLE
PPARA,OPTIMAL,OPTIMAL,OPTIMAL,INFEASIBLE
CDPF1,OPTIMAL,OPTIMAL,OPTIMAL,OPTIMAL
TTC38,OPTIMAL,OPTIMAL,OPTIMAL,OPTIMAL
GTSE1,INFEASIBLE,INFEASIBLE,OPTIMAL,INFEASIBLE
TRMU,INFEASIBLE,OPTIMAL,OPTIMAL,INFEASIBLE
CELSR1,OPTIMAL,OPTIMAL,OPTIMAL,OPTIMAL
GRAMD4,OPTIMAL,OPTIMAL,OPTIMAL,OPTIMAL
CERK,OPTIMAL,OPTIMAL,OPTIMAL,OPTIMAL
TBC1D22A,INFEASIBLE,OPTIMAL,OPTIMAL,OPTIMAL
BRD1,OPTIMAL,OPTIMAL,OPTIMAL,OPTIMAL
ZBED4,OPTIMAL,OPTIMAL,OPTIMAL,OPTIMAL
ALG12,OPTIMAL,OPTIMAL,OPTIMAL,OPTIMAL
CRELD2,INFEASIBLE,OPTIMAL,OPTIMAL,INFEASIBLE
PIM3,OPTIMAL,OPTIMAL,OPTIMAL,OPTIMAL
TRABD,OPTIMAL,INFEASIBLE,OPTIMAL,OPTIMAL
SELENOO,INFEASIBLE,INFEASIBLE,OPTIMAL,INFEASIBLE
TUBGCP6,INFEASIBLE,OPTIMAL,OPTIMAL,OPTIMAL
MAPK12,OPTIMAL,OPTIMAL,OPTIMAL,OPTIMAL
PLXNB2,OPTIMAL,OPTIMAL,OPTIMAL,OPTIMAL
PPP6R2,INFEASIBLE,OPTIMAL,OPTIMAL,OPTIMAL
SBF1,INFEASIBLE,OPTIMAL,OPTIMAL,OPTIMAL
LMF2,INFEASIBLE,OPTIMAL,OPTIMAL,INFEASIBLE
NCAPH2,OPTIMAL,OPTIMAL,OPTIMAL,OPTIMAL
SCO2,INFEASIBLE,OPTIMAL,OPTIMAL,INFEASIBLE
TYMP,INFEASIBLE,OPTIMAL,OPTIMAL,OPTIMAL
CHKB,OPTIMAL,OPTIMAL,OPTIMAL,OPTIMAL
MAPK8IP2,OPTIMAL,OPTIMAL,OPTIMAL,OPTIMAL
SHANK3,OPTIMAL,OPTIMAL,OPTIMAL,INFEASIBLE
RABL2B,OPTIMAL,OPTIMAL,OPTIMAL,OPTIMAL
PLCXD1,INFEASIBLE,OPTIMAL,OPTIMAL,OPTIMAL
GTPBP6,INFEASIBLE,OPTIMAL,OPTIMAL,OPTIMAL
PPP2R3B,INFEASIBLE,OPTIMAL,OPTIMAL,INFEASIBLE
SLC25A6,INFEASIBLE,INFEASIBLE,OPTIMAL,INFEASIBLE
ASMTL,OPTIMAL,OPTIMAL,OPTIMAL,OPTIMAL
AKAP17A,OPTIMAL,OPTIMAL,OPTIMAL,OPTIMAL
DHRSX,INFEASIBLE,OPTIMAL,OPTIMAL,OPTIMAL
CD99,INFEASIBLE,INFEASIBLE,INFEASIBLE,INFEASIBLE
GYG2,OPTIMAL,OPTIMAL,OPTIMAL,OPTIMAL
PRKX,OPTIMAL,OPTIMAL,OPTIMAL,OPTIMAL
PUDP,INFEASIBLE,INFEASIBLE,OPTIMAL,INFEASIBLE
STS,OPTIMAL,OPTIMAL,OPTIMAL,OPTIMAL
PNPLA4,INFEASIBLE,OPTIMAL,OPTIMAL,OPTIMAL
TBL1X,INFEASIBLE,INFEASIBLE,OPTIMAL,INFEASIBLE
SHROOM2,OPTIMAL,OPTIMAL,OPTIMAL,OPTIMAL
MID1,INFEASIBLE,OPTIMAL,OPTIMAL,OPTIMAL
HCCS,INFEASIBLE,INFEASIBLE,OPTIMAL,OPTIMAL
MSL3,INFEASIBLE,OPTIMAL,OPTIMAL,INFEASIBLE
FRMPD4,OPTIMAL,OPTIMAL,OPTIMAL,OPTIMAL
PRPS2,INFEASIBLE,OPTIMAL,INFEASIBLE,INFEASIBLE
TMSB4X,INFEASIBLE,OPTIMAL,INFEASIBLE,INFEASIBLE
RAB9A,INFEASIBLE,OPTIMAL,OPTIMAL,INFEASIBLE
TRAPPC2,INFEASIBLE,OPTIMAL,OPTIMAL,OPTIMAL
OFD1,INFEASIBLE,OPTIMAL,OPTIMAL,INFEASIBLE
GPM6B,INFEASIBLE,OPTIMAL,OPTIMAL,OPTIMAL
GEMIN8,INFEASIBLE,OPTIMAL,OPTIMAL,OPTIMAL
FANCB,OPTIMAL,OPTIMAL,OPTIMAL,OPTIMAL
MOSPD2,INFEASIBLE,OPTIMAL,OPTIMAL,OPTIMAL
PIGA,INFEASIBLE,OPTIMAL,OPTIMAL,INFEASIBLE
PIR,INFEASIBLE,OPTIMAL,OPTIMAL,OPTIMAL
CA5B,INFEASIBLE,OPTIMAL,OPTIMAL,INFEASIBLE
ZRSR2,INFEASIBLE,OPTIMAL,OPTIMAL,OPTIMAL
AP1S2,INFEASIBLE,OPTIMAL,INFEASIBLE,OPTIMAL
CTPS2,INFEASIBLE,OPTIMAL,OPTIMAL,INFEASIBLE
SYAP1,INFEASIBLE,OPTIMAL,OPTIMAL,INFEASIBLE
TXLNG,INFEASIBLE,INFEASIBLE,OPTIMAL,INFEASIBLE
RBBP7,INFEASIBLE,OPTIMAL,OPTIMAL,OPTIMAL
NHS,INFEASIBLE,OPTIMAL,OPTIMAL,OPTIMAL
SCML1,INFEASIBLE,INFEASIBLE,INFEASIBLE,INFEASIBLE
SCML2,INFEASIBLE,OPTIMAL,OPTIMAL,INFEASIBLE
CDKL5,INFEASIBLE,OPTIMAL,OPTIMAL,OPTIMAL
PHKA2,OPTIMAL,OPTIMAL,OPTIMAL,INFEASIBLE
PDHA1,INFEASIBLE,INFEASIBLE,OPTIMAL,INFEASIBLE
MAP3K15,OPTIMAL,OPTIMAL,OPTIMAL,OPTIMAL
SH3KBP1,INFEASIBLE,OPTIMAL,OPTIMAL,INFEASIBLE
BCLAF3,OPTIMAL,OPTIMAL,OPTIMAL,OPTIMAL
MAP7D2,OPTIMAL,OPTIMAL,OPTIMAL,OPTIMAL
EIF1AX,INFEASIBLE,INFEASIBLE,OPTIMAL,INFEASIBLE
RPS6KA3,INFEASIBLE,OPTIMAL,OPTIMAL,INFEASIBLE
CNKSR2,OPTIMAL,OPTIMAL,OPTIMAL,OPTIMAL
MBTPS2,INFEASIBLE,OPTIMAL,OPTIMAL,OPTIMAL
SMS,INFEASIBLE,OPTIMAL,OPTIMAL,INFEASIBLE
PRDX4,INFEASIBLE,INFEASIBLE,OPTIMAL,INFEASIBLE
ACOT9,OPTIMAL,OPTIMAL,OPTIMAL,OPTIMAL
SAT1,OPTIMAL,OPTIMAL,OPTIMAL,OPTIMAL
APOO,INFEASIBLE,INFEASIBLE,OPTIMAL,INFEASIBLE
KLHL15,INFEASIBLE,INFEASIBLE,OPTIMAL,OPTIMAL
EIF2S3,INFEASIBLE,OPTIMAL,INFEASIBLE,INFEASIBLE
ZFX,INFEASIBLE,OPTIMAL,INFEASIBLE,INFEASIBLE
PDK3,INFEASIBLE,OPTIMAL,OPTIMAL,INFEASIBLE
POLA1,INFEASIBLE,INFEASIBLE,OPTIMAL,INFEASIBLE
IL1RAPL1,OPTIMAL,OPTIMAL,OPTIMAL,INFEASIBLE
GK,INFEASIBLE,OPTIMAL,OPTIMAL,OPTIMAL
TAB3,INFEASIBLE,OPTIMAL,OPTIMAL,INFEASIBLE
DMD,OPTIMAL,OPTIMAL,OPTIMAL,OPTIMAL
TMEM47,OPTIMAL,OPTIMAL,OPTIMAL,OPTIMAL
PRRG1,INFEASIBLE,INFEASIBLE,OPTIMAL,INFEASIBLE
DYNLT3,INFEASIBLE,OPTIMAL,OPTIMAL,INFEASIBLE
RPGR,OPTIMAL,OPTIMAL,OPTIMAL,OPTIMAL
TSPAN7,OPTIMAL,INFEASIBLE,OPTIMAL,OPTIMAL
MID1IP1,OPTIMAL,OPTIMAL,OPTIMAL,OPTIMAL
BCOR,OPTIMAL,OPTIMAL,OPTIMAL,OPTIMAL
ATP6AP2,INFEASIBLE,OPTIMAL,OPTIMAL,INFEASIBLE
CXorf38,OPTIMAL,OPTIMAL,OPTIMAL,OPTIMAL
MED14,INFEASIBLE,OPTIMAL,OPTIMAL,OPTIMAL
USP9X,INFEASIBLE,INFEASIBLE,OPTIMAL,INFEASIBLE
DDX3X,INFEASIBLE,OPTIMAL,OPTIMAL,INFEASIBLE
CASK,INFEASIBLE,OPTIMAL,OPTIMAL,OPTIMAL
FUNDC1,INFEASIBLE,OPTIMAL,OPTIMAL,INFEASIBLE
KDM6A,INFEASIBLE,INFEASIBLE,OPTIMAL,INFEASIBLE
KRBOX4,OPTIMAL,OPTIMAL,OPTIMAL,OPTIMAL
SLC9A7,INFEASIBLE,OPTIMAL,OPTIMAL,INFEASIBLE
RP2,OPTIMAL,OPTIMAL,OPTIMAL,OPTIMAL
JADE3,OPTIMAL,OPTIMAL,OPTIMAL,OPTIMAL
NDUFB11,INFEASIBLE,INFEASIBLE,INFEASIBLE,INFEASIBLE
RBM10,INFEASIBLE,OPTIMAL,OPTIMAL,INFEASIBLE
UBA1,INFEASIBLE,INFEASIBLE,OPTIMAL,INFEASIBLE
CDK16,INFEASIBLE,OPTIMAL,OPTIMAL,OPTIMAL
USP11,INFEASIBLE,OPTIMAL,OPTIMAL,OPTIMAL
ZNF41,INFEASIBLE,OPTIMAL,OPTIMAL,INFEASIBLE
ARAF,OPTIMAL,OPTIMAL,OPTIMAL,OPTIMAL
TIMP1,INFEASIBLE,INFEASIBLE,OPTIMAL,INFEASIBLE
ELK1,INFEASIBLE,OPTIMAL,OPTIMAL,INFEASIBLE
UXT,INFEASIBLE,INFEASIBLE,OPTIMAL,INFEASIBLE
ZNF81,INFEASIBLE,OPTIMAL,OPTIMAL,OPTIMAL
FTSJ1,INFEASIBLE,OPTIMAL,OPTIMAL,OPTIMAL
EBP,INFEASIBLE,INFEASIBLE,INFEASIBLE,INFEASIBLE
TBC1D25,OPTIMAL,OPTIMAL,OPTIMAL,OPTIMAL
RBM3,INFEASIBLE,OPTIMAL,OPTIMAL,INFEASIBLE
WDR13,OPTIMAL,OPTIMAL,OPTIMAL,OPTIMAL
SUV39H1,OPTIMAL,OPTIMAL,OPTIMAL,OPTIMAL
HDAC6,OPTIMAL,OPTIMAL,OPTIMAL,OPTIMAL
PCSK1N,INFEASIBLE,INFEASIBLE,OPTIMAL,INFEASIBLE
PQBP1,INFEASIBLE,INFEASIBLE,OPTIMAL,INFEASIBLE
TIMM17B,INFEASIBLE,OPTIMAL,OPTIMAL,INFEASIBLE
SLC35A2,OPTIMAL,OPTIMAL,OPTIMAL,OPTIMAL
PIM2,OPTIMAL,OPTIMAL,OPTIMAL,OPTIMAL
OTUD5,INFEASIBLE,OPTIMAL,OPTIMAL,OPTIMAL
GRIPAP1,INFEASIBLE,OPTIMAL,OPTIMAL,INFEASIBLE
TFE3,INFEASIBLE,INFEASIBLE,OPTIMAL,INFEASIBLE
PRAF2,INFEASIBLE,OPTIMAL,OPTIMAL,INFEASIBLE
WDR45,INFEASIBLE,INFEASIBLE,INFEASIBLE,OPTIMAL
GPKOW,OPTIMAL,OPTIMAL,OPTIMAL,OPTIMAL
PLP2,OPTIMAL,INFEASIBLE,OPTIMAL,OPTIMAL
PRICKLE3,OPTIMAL,OPTIMAL,OPTIMAL,OPTIMAL
SYP,OPTIMAL,OPTIMAL,OPTIMAL,OPTIMAL
CCDC22,OPTIMAL,OPTIMAL,OPTIMAL,OPTIMAL
CLCN5,OPTIMAL,OPTIMAL,OPTIMAL,OPTIMAL
NUDT11,OPTIMAL,OPTIMAL,OPTIMAL,OPTIMAL
GSPT2,OPTIMAL,INFEASIBLE,OPTIMAL,OPTIMAL
MAGED1,INFEASIBLE,OPTIMAL,OPTIMAL,INFEASIBLE
FAM156A,INFEASIBLE,OPTIMAL,OPTIMAL,INFEASIBLE
TSPYL2,OPTIMAL,OPTIMAL,OPTIMAL,OPTIMAL
KANTR,INFEASIBLE,OPTIMAL,OPTIMAL,INFEASIBLE
KDM5C,OPTIMAL,OPTIMAL,OPTIMAL,OPTIMAL
IQSEC2,OPTIMAL,OPTIMAL,OPTIMAL,OPTIMAL
SMC1A,INFEASIBLE,OPTIMAL,INFEASIBLE,INFEASIBLE
HSD17B10,INFEASIBLE,OPTIMAL,OPTIMAL,OPTIMAL
HUWE1,INFEASIBLE,OPTIMAL,OPTIMAL,INFEASIBLE
PHF8,OPTIMAL,OPTIMAL,OPTIMAL,OPTIMAL
FAM120C,INFEASIBLE,OPTIMAL,OPTIMAL,INFEASIBLE
WNK3,INFEASIBLE,OPTIMAL,OPTIMAL,OPTIMAL
TSR2,INFEASIBLE,INFEASIBLE,OPTIMAL,INFEASIBLE
FGD1,OPTIMAL,OPTIMAL,OPTIMAL,OPTIMAL
GNL3L,INFEASIBLE,INFEASIBLE,INFEASIBLE,INFEASIBLE
MAGED2,OPTIMAL,INFEASIBLE,OPTIMAL,OPTIMAL
APEX2,INFEASIBLE,OPTIMAL,OPTIMAL,OPTIMAL
FAM104B,INFEASIBLE,OPTIMAL,OPTIMAL,OPTIMAL
RRAGB,INFEASIBLE,INFEASIBLE,OPTIMAL,OPTIMAL
UBQLN2,OPTIMAL,OPTIMAL,OPTIMAL,OPTIMAL
NBDY,INFEASIBLE,OPTIMAL,OPTIMAL,INFEASIBLE
SPIN3,OPTIMAL,OPTIMAL,OPTIMAL,OPTIMAL
SPIN2B,OPTIMAL,OPTIMAL,OPTIMAL,OPTIMAL
SPIN4,OPTIMAL,OPTIMAL,OPTIMAL,INFEASIBLE
ARHGEF9,INFEASIBLE,OPTIMAL,OPTIMAL,OPTIMAL
AMER1,INFEASIBLE,OPTIMAL,OPTIMAL,OPTIMAL
MTMR8,OPTIMAL,OPTIMAL,OPTIMAL,OPTIMAL
ZC4H2,INFEASIBLE,OPTIMAL,OPTIMAL,OPTIMAL
ZC3H12B,INFEASIBLE,OPTIMAL,OPTIMAL,OPTIMAL
LAS1L,INFEASIBLE,OPTIMAL,OPTIMAL,OPTIMAL
MSN,INFEASIBLE,OPTIMAL,OPTIMAL,INFEASIBLE
AR,OPTIMAL,INFEASIBLE,OPTIMAL,OPTIMAL
OPHN1,INFEASIBLE,OPTIMAL,OPTIMAL,OPTIMAL
YIPF6,INFEASIBLE,OPTIMAL,OPTIMAL,INFEASIBLE
PJA1,INFEASIBLE,OPTIMAL,OPTIMAL,OPTIMAL
NALF2,OPTIMAL,OPTIMAL,OPTIMAL,OPTIMAL
EDA,INFEASIBLE,OPTIMAL,OPTIMAL,OPTIMAL
IGBP1,INFEASIBLE,OPTIMAL,OPTIMAL,INFEASIBLE
PDZD11,INFEASIBLE,OPTIMAL,OPTIMAL,INFEASIBLE
KIF4A,INFEASIBLE,INFEASIBLE,OPTIMAL,INFEASIBLE
DLG3,OPTIMAL,OPTIMAL,OPTIMAL,OPTIMAL
SNX12,OPTIMAL,OPTIMAL,OPTIMAL,OPTIMAL
MED12,INFEASIBLE,OPTIMAL,OPTIMAL,OPTIMAL
ZMYM3,OPTIMAL,OPTIMAL,OPTIMAL,OPTIMAL
NONO,INFEASIBLE,OPTIMAL,OPTIMAL,INFEASIBLE
TAF1,INFEASIBLE,OPTIMAL,OPTIMAL,INFEASIBLE
OGT,INFEASIBLE,OPTIMAL,OPTIMAL,INFEASIBLE
NHSL2,OPTIMAL,OPTIMAL,OPTIMAL,OPTIMAL
PIN4,INFEASIBLE,OPTIMAL,OPTIMAL,INFEASIBLE
ERCC6L,INFEASIBLE,INFEASIBLE,OPTIMAL,OPTIMAL
RPS4X,INFEASIBLE,INFEASIBLE,OPTIMAL,INFEASIBLE
CITED1,INFEASIBLE,INFEASIBLE,OPTIMAL,INFEASIBLE
HDAC8,INFEASIBLE,OPTIMAL,OPTIMAL,INFEASIBLE
PHKA1,OPTIMAL,OPTIMAL,OPTIMAL,OPTIMAL
CHIC1,OPTIMAL,INFEASIBLE,OPTIMAL,OPTIMAL
SLC16A2,OPTIMAL,OPTIMAL,OPTIMAL,OPTIMAL
RLIM,INFEASIBLE,OPTIMAL,OPTIMAL,INFEASIBLE
ABCB7,INFEASIBLE,INFEASIBLE,OPTIMAL,INFEASIBLE
UPRT,OPTIMAL,OPTIMAL,OPTIMAL,OPTIMAL
PBDC1,INFEASIBLE,OPTIMAL,OPTIMAL,INFEASIBLE
ATRX,INFEASIBLE,OPTIMAL,OPTIMAL,INFEASIBLE
MAGT1,INFEASIBLE,OPTIMAL,OPTIMAL,INFEASIBLE
COX7B,INFEASIBLE,INFEASIBLE,INFEASIBLE,INFEASIBLE
ATP7A,INFEASIBLE,INFEASIBLE,OPTIMAL,INFEASIBLE
PGK1,INFEASIBLE,OPTIMAL,OPTIMAL,INFEASIBLE
TAF9B,INFEASIBLE,OPTIMAL,OPTIMAL,INFEASIBLE
LPAR4,OPTIMAL,OPTIMAL,OPTIMAL,OPTIMAL
BRWD3,INFEASIBLE,OPTIMAL,INFEASIBLE,INFEASIBLE
HMGN5,INFEASIBLE,OPTIMAL,OPTIMAL,INFEASIBLE
SH3BGRL,INFEASIBLE,OPTIMAL,OPTIMAL,INFEASIBLE
RPS6KA6,OPTIMAL,OPTIMAL,OPTIMAL,INFEASIBLE
HDX,OPTIMAL,INFEASIBLE,OPTIMAL,OPTIMAL
APOOL,INFEASIBLE,OPTIMAL,OPTIMAL,INFEASIBLE
ZNF711,OPTIMAL,INFEASIBLE,OPTIMAL,OPTIMAL
CHM,INFEASIBLE,OPTIMAL,OPTIMAL,INFEASIBLE
DACH2,INFEASIBLE,OPTIMAL,OPTIMAL,OPTIMAL
DIAPH2,INFEASIBLE,OPTIMAL,OPTIMAL,INFEASIBLE
TSPAN6,INFEASIBLE,INFEASIBLE,OPTIMAL,INFEASIBLE
SYTL4,INFEASIBLE,OPTIMAL,OPTIMAL,OPTIMAL
CSTF2,OPTIMAL,OPTIMAL,OPTIMAL,OPTIMAL
TRMT2B,OPTIMAL,OPTIMAL,OPTIMAL,OPTIMAL
CENPI,INFEASIBLE,OPTIMAL,OPTIMAL,INFEASIBLE
TIMM8A,INFEASIBLE,OPTIMAL,OPTIMAL,INFEASIBLE
RPL36A,INFEASIBLE,INFEASIBLE,OPTIMAL,INFEASIBLE
GLA,INFEASIBLE,INFEASIBLE,OPTIMAL,INFEASIBLE
HNRNPH2,OPTIMAL,OPTIMAL,OPTIMAL,OPTIMAL
ARMCX4,INFEASIBLE,OPTIMAL,OPTIMAL,INFEASIBLE
ARMCX3,INFEASIBLE,OPTIMAL,OPTIMAL,INFEASIBLE
BEX5,INFEASIBLE,OPTIMAL,OPTIMAL,OPTIMAL
TMSB15A,INFEASIBLE,OPTIMAL,OPTIMAL,INFEASIBLE
ARMCX5,OPTIMAL,OPTIMAL,OPTIMAL,OPTIMAL
BEX1,OPTIMAL,OPTIMAL,OPTIMAL,OPTIMAL
BEX4,INFEASIBLE,OPTIMAL,OPTIMAL,OPTIMAL
TCEAL8,INFEASIBLE,OPTIMAL,OPTIMAL,OPTIMAL
BEX2,INFEASIBLE,OPTIMAL,INFEASIBLE,INFEASIBLE
TCEAL9,INFEASIBLE,OPTIMAL,OPTIMAL,INFEASIBLE
BEX3,INFEASIBLE,OPTIMAL,OPTIMAL,INFEASIBLE
TCEAL4,INFEASIBLE,INFEASIBLE,OPTIMAL,INFEASIBLE
TCEAL3,INFEASIBLE,OPTIMAL,OPTIMAL,INFEASIBLE
TCEAL1,INFEASIBLE,OPTIMAL,OPTIMAL,INFEASIBLE
MORF4L2,INFEASIBLE,OPTIMAL,OPTIMAL,INFEASIBLE
SLC25A53,INFEASIBLE,OPTIMAL,OPTIMAL,INFEASIBLE
FAM199X,INFEASIBLE,INFEASIBLE,OPTIMAL,OPTIMAL
RADX,INFEASIBLE,OPTIMAL,OPTIMAL,INFEASIBLE
RNF128,INFEASIBLE,OPTIMAL,OPTIMAL,INFEASIBLE
TBC1D8B,OPTIMAL,OPTIMAL,OPTIMAL,OPTIMAL
MORC4,INFEASIBLE,OPTIMAL,OPTIMAL,INFEASIBLE
RBM41,INFEASIBLE,OPTIMAL,OPTIMAL,OPTIMAL
NUP62CL,OPTIMAL,OPTIMAL,OPTIMAL,OPTIMAL
PRPS1,INFEASIBLE,OPTIMAL,OPTIMAL,OPTIMAL
TSC22D3,INFEASIBLE,OPTIMAL,OPTIMAL,INFEASIBLE
MID2,OPTIMAL,INFEASIBLE,OPTIMAL,OPTIMAL
PSMD10,INFEASIBLE,OPTIMAL,OPTIMAL,INFEASIBLE
ATG4A,OPTIMAL,OPTIMAL,OPTIMAL,OPTIMAL
COL4A6,INFEASIBLE,OPTIMAL,OPTIMAL,INFEASIBLE
COL4A5,INFEASIBLE,OPTIMAL,OPTIMAL,INFEASIBLE
IRS4,INFEASIBLE,OPTIMAL,OPTIMAL,INFEASIBLE
NXT2,OPTIMAL,OPTIMAL,OPTIMAL,OPTIMAL
ACSL4,INFEASIBLE,OPTIMAL,OPTIMAL,OPTIMAL
TMEM164,INFEASIBLE,INFEASIBLE,OPTIMAL,INFEASIBLE
AMMECR1,INFEASIBLE,OPTIMAL,OPTIMAL,INFEASIBLE
PAK3,INFEASIBLE,INFEASIBLE,OPTIMAL,INFEASIBLE
ALG13,INFEASIBLE,INFEASIBLE,OPTIMAL,INFEASIBLE
AMOT,INFEASIBLE,OPTIMAL,INFEASIBLE,INFEASIBLE
LRCH2,INFEASIBLE,OPTIMAL,OPTIMAL,INFEASIBLE
PLS3,INFEASIBLE,OPTIMAL,INFEASIBLE,INFEASIBLE
KLHL13,OPTIMAL,OPTIMAL,OPTIMAL,OPTIMAL
WDR44,INFEASIBLE,OPTIMAL,OPTIMAL,INFEASIBLE
DOCK11,OPTIMAL,OPTIMAL,OPTIMAL,OPTIMAL
IL13RA1,OPTIMAL,OPTIMAL,OPTIMAL,INFEASIBLE
ZCCHC12,INFEASIBLE,OPTIMAL,OPTIMAL,INFEASIBLE
LONRF3,OPTIMAL,OPTIMAL,OPTIMAL,OPTIMAL
PGRMC1,INFEASIBLE,INFEASIBLE,OPTIMAL,INFEASIBLE
SLC25A43,INFEASIBLE,OPTIMAL,OPTIMAL,INFEASIBLE
SLC25A5,INFEASIBLE,OPTIMAL,INFEASIBLE,INFEASIBLE
UBE2A,INFEASIBLE,INFEASIBLE,OPTIMAL,INFEASIBLE
STEEP1,INFEASIBLE,OPTIMAL,OPTIMAL,OPTIMAL
NKRF,INFEASIBLE,OPTIMAL,OPTIMAL,INFEASIBLE
SEPTIN6,INFEASIBLE,OPTIMAL,OPTIMAL,INFEASIBLE
RPL39,INFEASIBLE,INFEASIBLE,OPTIMAL,INFEASIBLE
UPF3B,INFEASIBLE,OPTIMAL,OPTIMAL,INFEASIBLE
RNF113A,INFEASIBLE,OPTIMAL,OPTIMAL,INFEASIBLE
NDUFA1,INFEASIBLE,INFEASIBLE,INFEASIBLE,INFEASIBLE
NKAP,INFEASIBLE,INFEASIBLE,OPTIMAL,INFEASIBLE
RHOXF1,INFEASIBLE,OPTIMAL,OPTIMAL,INFEASIBLE
ZBTB33,INFEASIBLE,OPTIMAL,OPTIMAL,INFEASIBLE
LAMP2,INFEASIBLE,OPTIMAL,OPTIMAL,OPTIMAL
CUL4B,INFEASIBLE,OPTIMAL,OPTIMAL,INFEASIBLE
MCTS1,INFEASIBLE,OPTIMAL,OPTIMAL,INFEASIBLE
C1GALT1C1,INFEASIBLE,INFEASIBLE,OPTIMAL,OPTIMAL
THOC2,INFEASIBLE,INFEASIBLE,OPTIMAL,INFEASIBLE
XIAP,INFEASIBLE,INFEASIBLE,OPTIMAL,INFEASIBLE
STAG2,OPTIMAL,OPTIMAL,OPTIMAL,INFEASIBLE
TENM1,INFEASIBLE,INFEASIBLE,OPTIMAL,INFEASIBLE
SMARCA1,INFEASIBLE,INFEASIBLE,OPTIMAL,OPTIMAL
OCRL,INFEASIBLE,OPTIMAL,OPTIMAL,OPTIMAL
ZDHHC9,INFEASIBLE,INFEASIBLE,OPTIMAL,INFEASIBLE
UTP14A,INFEASIBLE,OPTIMAL,OPTIMAL,OPTIMAL
BCORL1,OPTIMAL,OPTIMAL,OPTIMAL,OPTIMAL
ELF4,INFEASIBLE,INFEASIBLE,OPTIMAL,INFEASIBLE
AIFM1,INFEASIBLE,OPTIMAL,OPTIMAL,OPTIMAL
ZNF280C,INFEASIBLE,OPTIMAL,OPTIMAL,OPTIMAL
SLC25A14,INFEASIBLE,OPTIMAL,OPTIMAL,INFEASIBLE
RBMX2,INFEASIBLE,INFEASIBLE,OPTIMAL,INFEASIBLE
ENOX2,OPTIMAL,OPTIMAL,OPTIMAL,OPTIMAL
IGSF1,OPTIMAL,OPTIMAL,OPTIMAL,OPTIMAL
STK26,INFEASIBLE,OPTIMAL,OPTIMAL,OPTIMAL
RAP2C,INFEASIBLE,OPTIMAL,OPTIMAL,INFEASIBLE
MBNL3,OPTIMAL,OPTIMAL,OPTIMAL,OPTIMAL
HS6ST2,INFEASIBLE,INFEASIBLE,OPTIMAL,INFEASIBLE
GPC4,OPTIMAL,OPTIMAL,OPTIMAL,OPTIMAL
GPC3,INFEASIBLE,OPTIMAL,OPTIMAL,INFEASIBLE
PHF6,INFEASIBLE,OPTIMAL,OPTIMAL,INFEASIBLE
HPRT1,INFEASIBLE,INFEASIBLE,OPTIMAL,INFEASIBLE
PLAC1,OPTIMAL,OPTIMAL,OPTIMAL,OPTIMAL
PABIR2,INFEASIBLE,OPTIMAL,OPTIMAL,INFEASIBLE
PABIR3,INFEASIBLE,OPTIMAL,OPTIMAL,OPTIMAL
MOSPD1,INFEASIBLE,OPTIMAL,OPTIMAL,INFEASIBLE
SMIM10,INFEASIBLE,OPTIMAL,INFEASIBLE,INFEASIBLE
RTL8B,OPTIMAL,OPTIMAL,OPTIMAL,OPTIMAL
RTL8C,INFEASIBLE,OPTIMAL,OPTIMAL,OPTIMAL
RTL8A,INFEASIBLE,OPTIMAL,OPTIMAL,INFEASIBLE
ZNF75D,INFEASIBLE,OPTIMAL,OPTIMAL,INFEASIBLE
INTS6L,INFEASIBLE,INFEASIBLE,OPTIMAL,INFEASIBLE
MMGT1,INFEASIBLE,OPTIMAL,OPTIMAL,OPTIMAL
SLC9A6,INFEASIBLE,OPTIMAL,OPTIMAL,OPTIMAL
FHL1,INFEASIBLE,OPTIMAL,INFEASIBLE,INFEASIBLE
MAP7D3,INFEASIBLE,INFEASIBLE,OPTIMAL,INFEASIBLE
HTATSF1,INFEASIBLE,OPTIMAL,OPTIMAL,INFEASIBLE
RBMX,INFEASIBLE,OPTIMAL,OPTIMAL,OPTIMAL
ZIC3,OPTIMAL,OPTIMAL,OPTIMAL,OPTIMAL
FGF13,OPTIMAL,OPTIMAL,OPTIMAL,OPTIMAL
ATP11C,INFEASIBLE,OPTIMAL,OPTIMAL,INFEASIBLE
LDOC1,OPTIMAL,OPTIMAL,OPTIMAL,OPTIMAL
FMR1,INFEASIBLE,OPTIMAL,OPTIMAL,INFEASIBLE
AFF2,INFEASIBLE,OPTIMAL,OPTIMAL,INFEASIBLE
IDS,INFEASIBLE,OPTIMAL,OPTIMAL,INFEASIBLE
EOLA1,OPTIMAL,OPTIMAL,OPTIMAL,OPTIMAL
TMEM185A,INFEASIBLE,OPTIMAL,OPTIMAL,INFEASIBLE
EOLA2,INFEASIBLE,OPTIMAL,OPTIMAL,INFEASIBLE
MTM1,OPTIMAL,OPTIMAL,OPTIMAL,OPTIMAL
MTMR1,INFEASIBLE,OPTIMAL,OPTIMAL,OPTIMAL
CD99L2,OPTIMAL,OPTIMAL,OPTIMAL,OPTIMAL
HMGB3,INFEASIBLE,OPTIMAL,OPTIMAL,INFEASIBLE
VMA21,INFEASIBLE,INFEASIBLE,OPTIMAL,INFEASIBLE
MAGEA3,INFEASIBLE,OPTIMAL,OPTIMAL,OPTIMAL
CETN2,INFEASIBLE,OPTIMAL,OPTIMAL,INFEASIBLE
NSDHL,INFEASIBLE,OPTIMAL,OPTIMAL,OPTIMAL
PNMA6A,OPTIMAL,OPTIMAL,OPTIMAL,OPTIMAL
ZNF275,OPTIMAL,OPTIMAL,OPTIMAL,OPTIMAL
HAUS7,OPTIMAL,INFEASIBLE,OPTIMAL,OPTIMAL
CCNQ,INFEASIBLE,OPTIMAL,OPTIMAL,OPTIMAL
DUSP9,INFEASIBLE,OPTIMAL,OPTIMAL,OPTIMAL
SLC6A8,OPTIMAL,OPTIMAL,OPTIMAL,OPTIMAL
BCAP31,INFEASIBLE,INFEASIBLE,OPTIMAL,INFEASIBLE
ABCD1,OPTIMAL,OPTIMAL,OPTIMAL,OPTIMAL
IDH3G,INFEASIBLE,OPTIMAL,OPTIMAL,INFEASIBLE
SSR4,INFEASIBLE,OPTIMAL,OPTIMAL,INFEASIBLE
NAA10,INFEASIBLE,INFEASIBLE,INFEASIBLE,INFEASIBLE
HCFC1,OPTIMAL,OPTIMAL,OPTIMAL,OPTIMAL
TMEM187,OPTIMAL,OPTIMAL,OPTIMAL,OPTIMAL
IRAK1,INFEASIBLE,OPTIMAL,OPTIMAL,OPTIMAL
MECP2,INFEASIBLE,OPTIMAL,OPTIMAL,INFEASIBLE
FLNA,INFEASIBLE,OPTIMAL,OPTIMAL,OPTIMAL
EMD,INFEASIBLE,INFEASIBLE,OPTIMAL,OPTIMAL
RPL10,INFEASIBLE,INFEASIBLE,OPTIMAL,INFEASIBLE
DNASE1L1,OPTIMAL,OPTIMAL,OPTIMAL,OPTIMAL
TAFAZZIN,INFEASIBLE,OPTIMAL,INFEASIBLE,INFEASIBLE
ATP6AP1,INFEASIBLE,INFEASIBLE,OPTIMAL,INFEASIBLE
GDI1,OPTIMAL,OPTIMAL,OPTIMAL,OPTIMAL
FAM50A,INFEASIBLE,OPTIMAL,OPTIMAL,INFEASIBLE
PLXNA3,OPTIMAL,INFEASIBLE,OPTIMAL,OPTIMAL
LAGE3,INFEASIBLE,INFEASIBLE,OPTIMAL,INFEASIBLE
UBL4A,INFEASIBLE,OPTIMAL,OPTIMAL,OPTIMAL
SLC10A3,OPTIMAL,OPTIMAL,OPTIMAL,OPTIMAL
FAM3A,INFEASIBLE,INFEASIBLE,OPTIMAL,OPTIMAL
G6PD,INFEASIBLE,OPTIMAL,OPTIMAL,OPTIMAL
IKBKG,OPTIMAL,OPTIMAL,OPTIMAL,OPTIMAL
DKC1,INFEASIBLE,OPTIMAL,OPTIMAL,INFEASIBLE
MPP1,OPTIMAL,OPTIMAL,OPTIMAL,OPTIMAL
FUNDC2,INFEASIBLE,OPTIMAL,INFEASIBLE,INFEASIBLE
CMC4,INFEASIBLE,OPTIMAL,OPTIMAL,INFEASIBLE
MTCP1,INFEASIBLE,OPTIMAL,OPTIMAL,INFEASIBLE
BRCC3,INFEASIBLE,INFEASIBLE,OPTIMAL,INFEASIBLE
VBP1,INFEASIBLE,INFEASIBLE,OPTIMAL,INFEASIBLE
TMLHE,INFEASIBLE,INFEASIBLE,OPTIMAL,INFEASIBLE
VAMP7,INFEASIBLE,OPTIMAL,OPTIMAL,INFEASIBLE
ZFY,OPTIMAL,OPTIMAL,OPTIMAL,OPTIMAL
PCDH11Y,OPTIMAL,OPTIMAL,OPTIMAL,OPTIMAL
MT-ND1,INFEASIBLE,OPTIMAL,OPTIMAL,INFEASIBLE
MT-ND2,INFEASIBLE,OPTIMAL,OPTIMAL,INFEASIBLE
MT-CO1,INFEASIBLE,INFEASIBLE,OPTIMAL,INFEASIBLE
MT-CO2,INFEASIBLE,INFEASIBLE,OPTIMAL,INFEASIBLE
MT-ATP8,OPTIMAL,OPTIMAL,OPTIMAL,OPTIMAL
MT-ATP6,INFEASIBLE,INFEASIBLE,OPTIMAL,INFEASIBLE
MT-CO3,INFEASIBLE,INFEASIBLE,OPTIMAL,INFEASIBLE
MT-ND3,INFEASIBLE,INFEASIBLE,OPTIMAL,INFEASIBLE
MT-ND4L,INFEASIBLE,OPTIMAL,OPTIMAL,INFEASIBLE
MT-ND4,INFEASIBLE,INFEASIBLE,OPTIMAL,INFEASIBLE
MT-ND5,INFEASIBLE,OPTIMAL,OPTIMAL,INFEASIBLE
MT-ND6,INFEASIBLE,OPTIMAL,OPTIMAL,INFEASIBLE
MT-CYB,INFEASIBLE,INFEASIBLE,OPTIMAL,INFEASIBLE
