{"0": {"pvalue": 0.15727669718181408, "statistic": -0.031835209998738304}, "1": {"pvalue": 0.929482838846978, "statistic": 0.046580144919535715}, "2": {"pvalue": 0.905993631598323, "statistic": 0.04166480953615209}, "3": {"pvalue": 0.8327385188473702, "statistic": 0.030548444169172115}, "4": {"pvalue": 0.6347795403297878, "statistic": 0.010908601456553261}, "5": {"pvalue": 0.02979464241174133, "statistic": -0.05959321408501382}, "6": {"pvalue": NaN, "statistic": NaN}, "7": {"pvalue": 0.5095510236620244, "statistic": 0.000758097050119321}, "8": {"pvalue": 0.29787689010314083, "statistic": -0.016796232920659727}, "9": {"pvalue": NaN, "statistic": NaN}, "10": {"pvalue": 0.9706702202930679, "statistic": 0.05981160366017349}, "11": {"pvalue": 0.6306181502694568, "statistic": 0.010558822813047226}, "12": {"pvalue": 0.11630027192586921, "statistic": -0.03778146458310744}, "13": {"pvalue": 0.06576323650625242, "statistic": -0.04772312777530388}, "14": {"pvalue": 0.9707277829084854, "statistic": 0.05983884548589939}, "15": {"pvalue": 0.6564007689760012, "statistic": 0.012748650547905688}, "16": {"pvalue": 0.0933226714493057, "statistic": -0.04179406267491503}, "17": {"pvalue": 0.5075967606165458, "statistic": 0.0006029594493441124}, "18": {"pvalue": 0.138707622894842, "statistic": -0.03437973795289119}, "19": {"pvalue": 0.7819090421366749, "statistic": 0.02465037894577827}, "20": {"pvalue": 0.7318041586881379, "statistic": 0.019574295928090454}, "21": {"pvalue": 6.5271134540467504e-09, "statistic": -0.17856320235605544}, "22": {"pvalue": 0.4085746137805152, "statistic": -0.007320659380710946}, "23": {"pvalue": 0.8704002941152327, "statistic": 0.035712801878411665}, "24": {"pvalue": 0.014162770775623784, "statistic": -0.06934402743767017}, "25": {"pvalue": NaN, "statistic": NaN}, "26": {"pvalue": 0.4002790687678319, "statistic": -0.007998574878692072}, "27": {"pvalue": 0.2975825043742493, "statistic": -0.016823127930459293}, "28": {"pvalue": NaN, "statistic": NaN}, "29": {"pvalue": 0.96895999802692, "statistic": 0.05902175110853287}, "30": {"pvalue": 0.06967001965109576, "statistic": -0.04677938377592614}, "31": {"pvalue": 0.025622214789772575, "statistic": -0.06166475278281522}, "32": {"pvalue": 0.08915870778022716, "statistic": -0.042596753810711145}, "33": {"pvalue": 0.20835229477662695, "statistic": -0.025710402962210936}, "34": {"pvalue": NaN, "statistic": NaN}, "35": {"pvalue": NaN, "statistic": NaN}, "36": {"pvalue": 0.8848786426849164, "statistic": 0.03797272616912667}, "37": {"pvalue": 0.2878134643349712, "statistic": -0.017722693269340575}, "38": {"pvalue": 0.0004846037159677501, "statistic": -0.10417981303881155}, "39": {"pvalue": NaN, "statistic": NaN}, "40": {"pvalue": NaN, "statistic": NaN}, "41": {"pvalue": NaN, "statistic": NaN}, "42": {"pvalue": 0.30004604202569257, "statistic": -0.016598430763897224}, "43": {"pvalue": 0.5378120753658133, "statistic": 0.003005486573918737}, "44": {"pvalue": 0.06408845955551327, "statistic": -0.04814101070255553}, "45": {"pvalue": 0.6956142799535936, "statistic": 0.01620462507641245}, "46": {"pvalue": NaN, "statistic": NaN}, "47": {"pvalue": 0.5180956091184433, "statistic": 0.00143666476661709}, "48": {"pvalue": 0.332198892445445, "statistic": -0.01373605629150102}, "49": {"pvalue": 0.7722192046996482, "statistic": 0.023622383882291223}, "50": {"pvalue": 0.1435770274874671, "statistic": -0.03369141092212959}, "51": {"pvalue": 0.1712177452101608, "statistic": -0.030052333367865582}, "52": {"pvalue": 0.18985146391136976, "statistic": -0.027808240124519254}, "53": {"pvalue": 0.5727962997856497, "statistic": 0.005809929344589584}, "54": {"pvalue": 0.7694852692568828, "statistic": 0.023336830090898764}, "55": {"pvalue": NaN, "statistic": NaN}, "56": {"pvalue": NaN, "statistic": NaN}, "57": {"pvalue": NaN, "statistic": NaN}, "58": {"pvalue": NaN, "statistic": NaN}, "59": {"pvalue": 0.14686004451111476, "statistic": -0.033236175329844436}, "60": {"pvalue": 0.4471422616301784, "statistic": -0.004207428653607095}, "61": {"pvalue": NaN, "statistic": NaN}, "62": {"pvalue": 0.6712957544959789, "statistic": 0.014041380710097752}, "63": {"pvalue": NaN, "statistic": NaN}, "64": {"pvalue": 0.2631452104247025, "statistic": -0.020061760141735475}, "65": {"pvalue": 0.8494040627507276, "statistic": 0.03272635678879277}, "66": {"pvalue": NaN, "statistic": NaN}, "67": {"pvalue": 0.45897451711800114, "statistic": -0.0032617721825076874}, "68": {"pvalue": 0.2868107541799813, "statistic": -0.017815827431191266}, "69": {"pvalue": NaN, "statistic": NaN}, "70": {"pvalue": 0.07572048420328246, "statistic": -0.045395006781802305}, "71": {"pvalue": 0.18475409780069624, "statistic": -0.028407923821975486}, "72": {"pvalue": 0.6899985054937193, "statistic": 0.01569869923794939}, "73": {"pvalue": 0.457831747484282, "statistic": -0.0033529644703708915}, "74": {"pvalue": NaN, "statistic": NaN}, "75": {"pvalue": 0.9912412600037293, "statistic": 0.07511284125962792}, "76": {"pvalue": NaN, "statistic": NaN}, "77": {"pvalue": 0.3863772064270047, "statistic": -0.00914307681853727}, "78": {"pvalue": 0.3384877872048308, "statistic": -0.013189775069798446}, "79": {"pvalue": 0.5474072434510957, "statistic": 0.003771400069400202}, "80": {"pvalue": 0.7097125533329921, "statistic": 0.017493555099654612}, "81": {"pvalue": 0.005462019251888832, "statistic": -0.08045386978686463}, "82": {"pvalue": 0.7602969663694544, "statistic": 0.022390667111388048}, "83": {"pvalue": 3.9384121739249994e-13, "statistic": -0.2239205135383994}, "84": {"pvalue": 0.9863072621031759, "statistic": 0.06976142913198356}, "85": {"pvalue": 0.3013667979631874, "statistic": -0.016478309375416993}, "86": {"pvalue": 0.08156622937154177, "statistic": -0.04413525752759544}, "87": {"pvalue": NaN, "statistic": NaN}, "88": {"pvalue": 0.552296177094123, "statistic": 0.004162469457586492}, "89": {"pvalue": 0.7572255487391819, "statistic": 0.022078832451363217}, "90": {"pvalue": NaN, "statistic": NaN}, "91": {"pvalue": 0.3951588202274396, "statistic": -0.00841881875955495}, "92": {"pvalue": NaN, "statistic": NaN}, "93": {"pvalue": NaN, "statistic": NaN}, "94": {"pvalue": 0.4390232144005372, "statistic": -0.00485844221749355}, "95": {"pvalue": NaN, "statistic": NaN}, "96": {"pvalue": 0.30453894768925943, "statistic": -0.016190766390674863}, "97": {"pvalue": 0.0822828983224276, "statistic": -0.0439855561848357}, "98": {"pvalue": NaN, "statistic": NaN}, "99": {"pvalue": 0.06628704527105855, "statistic": -0.047594122369277375}}