{"0": {"pvalue": 0.0780510057830258, "statistic": -0.044884245890237276}, "1": {"pvalue": 0.00035415358511776724, "statistic": -0.10691223946356013}, "2": {"pvalue": 0.0035705605875379796, "statistic": -0.08502355466193083}, "3": {"pvalue": 0.008166057399636916, "statistic": -0.07592451713989636}, "4": {"pvalue": 0.0028141759909803402, "statistic": -0.0874948948173897}, "5": {"pvalue": 0.25259197443415893, "statistic": -0.02109604888916883}, "6": {"pvalue": 0.542710645791199, "statistic": 0.0033962567823363704}, "7": {"pvalue": 0.32629288850455823, "statistic": -0.014252820175238098}, "8": {"pvalue": 0.17244576198826034, "statistic": -0.029899834813627367}, "9": {"pvalue": 0.3287836646787235, "statistic": -0.014034427529790394}, "10": {"pvalue": NaN, "statistic": NaN}, "11": {"pvalue": 0.32054763470888026, "statistic": -0.014759182461723794}, "12": {"pvalue": 0.022118502424176605, "statistic": -0.06363500929560989}, "13": {"pvalue": 0.14098042785794468, "statistic": -0.03405645735357922}, "14": {"pvalue": NaN, "statistic": NaN}, "15": {"pvalue": 1.2473653207665042e-05, "statistic": -0.13287344688974323}, "16": {"pvalue": NaN, "statistic": NaN}, "17": {"pvalue": 1.8041945749093008e-14, "statistic": -0.2364152984658647}, "18": {"pvalue": 0.08022002836442854, "statistic": -0.044419158058359276}, "19": {"pvalue": 2.3253276316145464e-14, "statistic": -0.23541399720567513}, "20": {"pvalue": 0.0009699118818196407, "statistic": -0.09789522907713451}, "21": {"pvalue": 0.12399208671884362, "statistic": -0.036566029638993254}, "22": {"pvalue": 4.56506443386029e-07, "statistic": -0.15451254673897835}, "23": {"pvalue": 0.0010914838703276288, "statistic": -0.09679008806225553}, "24": {"pvalue": 9.590718140848965e-13, "statistic": -0.22017199763727868}, "25": {"pvalue": 0.06765996617902725, "statistic": -0.04725969447151859}, "26": {"pvalue": 1.2679169782471044e-06, "statistic": -0.14815578826691772}, "27": {"pvalue": NaN, "statistic": NaN}, "28": {"pvalue": 1.51587794939717e-10, "statistic": -0.19741723206406459}, "29": {"pvalue": 1.2003656706376567e-07, "statistic": -0.1624575883226608}, "30": {"pvalue": 0.03318035835519213, "statistic": -0.05808238973934818}, "31": {"pvalue": 0.0021177557087453678, "statistic": -0.09037117893421318}, "32": {"pvalue": NaN, "statistic": NaN}, "33": {"pvalue": 5.408805415974178e-10, "statistic": -0.1912562289915559}, "34": {"pvalue": 8.787733531274408e-11, "statistic": -0.19999796521148666}, "35": {"pvalue": 0.27115099732880016, "statistic": -0.01929121934067894}, "36": {"pvalue": NaN, "statistic": NaN}, "37": {"pvalue": 1.0197151481749444e-07, "statistic": -0.1634015770135013}, "38": {"pvalue": 0.07856110896524571, "statistic": -0.044773997306478165}, "39": {"pvalue": 7.395423528564887e-45, "statistic": -0.4224642617223906}, "40": {"pvalue": 0.01342138600114695, "statistic": -0.07000804903309528}, "41": {"pvalue": 1.977435130668228e-06, "statistic": -0.1453060225933293}, "42": {"pvalue": 0.14434107439277813, "statistic": -0.03358484547195738}, "43": {"pvalue": 0.18560715690697416, "statistic": -0.02830685871271084}, "44": {"pvalue": 0.0006298804346840647, "statistic": -0.10184530776418851}, "45": {"pvalue": 0.16653994069097475, "statistic": -0.030639734631431718}, "46": {"pvalue": 0.07911096523870863, "statistic": -0.04465576198546752}, "47": {"pvalue": 0.011719052286803021, "statistic": -0.07166154880098888}, "48": {"pvalue": NaN, "statistic": NaN}, "49": {"pvalue": 2.2079025014218127e-05, "statistic": -0.12878834154375657}, "50": {"pvalue": 0.006335011116287456, "statistic": -0.07880873201856145}, "51": {"pvalue": 0.08564762301831175, "statistic": -0.043295522978598525}, "52": {"pvalue": 0.818086674761098, "statistic": 0.02874658739996544}, "53": {"pvalue": 0.014647143772676688, "statistic": -0.06892617901179675}, "54": {"pvalue": NaN, "statistic": NaN}, "55": {"pvalue": 0.003601346254413829, "statistic": -0.08493330038207396}, "56": {"pvalue": 0.09909358466359754, "statistic": -0.04072414233504754}, "57": {"pvalue": 5.592495790154549e-21, "statistic": -0.28890752404368414}, "58": {"pvalue": 4.5263019350735395e-06, "statistic": -0.13984697337073382}, "59": {"pvalue": 0.10038015657363157, "statistic": -0.040491864951289924}, "60": {"pvalue": 0.009537312282032105, "statistic": -0.07411670953694041}, "61": {"pvalue": 3.4097998321224013e-09, "statistic": -0.18195933246728377}, "62": {"pvalue": 1.359000650193686e-23, "statistic": -0.30716315305393305}, "63": {"pvalue": 2.7474312763710917e-14, "statistic": -0.23475324878896858}, "64": {"pvalue": 0.007436547049358727, "statistic": -0.07699777918224797}, "65": {"pvalue": 0.2650713145470472, "statistic": -0.019875306768326575}, "66": {"pvalue": 0.003589883983543635, "statistic": -0.08496682320834126}, "67": {"pvalue": 2.371205314115958e-62, "statistic": -0.4918922214529212}, "68": {"pvalue": 0.7289217084108042, "statistic": 0.019298165335806777}, "69": {"pvalue": 2.0023632723700095e-18, "statistic": -0.2696800154318001}, "70": {"pvalue": 0.40009253280420165, "statistic": -0.008013859681308315}, "71": {"pvalue": NaN, "statistic": NaN}, "72": {"pvalue": 0.6491262552834909, "statistic": 0.012125060863675213}, "73": {"pvalue": 0.896169173337781, "statistic": 0.039879401370439826}, "74": {"pvalue": 0.2277704874381585, "statistic": -0.023623464142638793}, "75": {"pvalue": 3.600877575813737e-57, "statistic": -0.47294392118980516}, "76": {"pvalue": 0.6950979602472938, "statistic": 0.016157938859905657}, "77": {"pvalue": 1.1083233873647963e-31, "statistic": -0.35675117553644237}, "78": {"pvalue": 0.11433935025153069, "statistic": -0.03810036356366446}, "79": {"pvalue": 0.0008927319144591808, "statistic": -0.09866475795881491}, "80": {"pvalue": 0.9122655894832654, "statistic": 0.04287769841552013}, "81": {"pvalue": 3.116808735900521e-07, "statistic": -0.15682272813602824}, "82": {"pvalue": 0.010759922978106781, "statistic": -0.07268720304578144}, "83": {"pvalue": 0.003192207227103247, "statistic": -0.08619381789903863}, "84": {"pvalue": 0.21308530802757367, "statistic": -0.025191705498904274}, "85": {"pvalue": 0.017212142516435852, "statistic": -0.06689301243684131}, "86": {"pvalue": 0.00022652009445164596, "statistic": -0.11070127378334921}, "87": {"pvalue": 0.05349476466725791, "statistic": -0.051002521090979275}, "88": {"pvalue": 1.3396981848425146e-31, "statistic": -0.35628917497317714}, "89": {"pvalue": 0.004449752559799828, "statistic": -0.08268346205228733}, "90": {"pvalue": 8.728590574946513e-38, "statistic": -0.3890546798386069}, "91": {"pvalue": 0.24081203840274515, "statistic": -0.02227782331300099}, "92": {"pvalue": NaN, "statistic": NaN}, "93": {"pvalue": 0.46734584823013586, "statistic": -0.002594519512842918}, "94": {"pvalue": 1.7261138004322762e-08, "statistic": -0.17335101402580194}, "95": {"pvalue": 7.962509716636604e-10, "statistic": -0.18934228712272622}, "96": {"pvalue": 0.0009649619137260917, "statistic": -0.09794286680068767}, "97": {"pvalue": 1.4188761352547548e-10, "statistic": -0.19773210763215648}, "98": {"pvalue": NaN, "statistic": NaN}, "99": {"pvalue": 0.00012686191485346846, "statistic": -0.1154483905478217}}