{"0": {"pvalue": 0.07027586950305909, "statistic": -0.04663670612528775}, "1": {"pvalue": 4.6542653046305307e-20, "statistic": -0.282152374570488}, "2": {"pvalue": 0.003932762087730046, "statistic": -0.08400312764872167}, "3": {"pvalue": 0.03083933727953715, "statistic": -0.05911253398907841}, "4": {"pvalue": 0.48674115322366546, "statistic": -0.0010524926238909982}, "5": {"pvalue": 0.0013594697718639433, "statistic": -0.09470555664921679}, "6": {"pvalue": 2.3301892789435713e-10, "statistic": -0.19535720259651124}, "7": {"pvalue": 7.377430454378555e-11, "statistic": -0.20081868713004103}, "8": {"pvalue": 0.31613544045612263, "statistic": -0.01515062333126737}, "9": {"pvalue": 0.0019116834573583473, "statistic": -0.09138789208512496}, "10": {"pvalue": 2.869845050044498e-09, "statistic": -0.18285027625002087}, "11": {"pvalue": 0.7485391649392681, "statistic": 0.02120823452560114}, "12": {"pvalue": 1.1374897817667883e-11, "statistic": -0.20938110578578087}, "13": {"pvalue": 0.006493282721693817, "statistic": -0.07853219942356937}, "14": {"pvalue": 0.12254971840355587, "statistic": -0.03678982881939374}, "15": {"pvalue": 0.9627615367840994, "statistic": 0.05643030080189392}, "16": {"pvalue": 2.070229797176231e-05, "statistic": -0.12925502716212534}, "17": {"pvalue": 0.0003474760103908019, "statistic": -0.10707608401557031}, "18": {"pvalue": 0.01594522955455055, "statistic": -0.06786219308146857}, "19": {"pvalue": 0.8761314839461032, "statistic": 0.036585131439276705}, "20": {"pvalue": 2.5380096892026782e-05, "statistic": -0.12777287586375996}, "21": {"pvalue": 0.22344104017659958, "statistic": -0.02407965101407738}, "22": {"pvalue": 1.999474431538428e-10, "statistic": -0.19609314369120573}, "23": {"pvalue": 0.010593976943219225, "statistic": -0.07287266420205016}, "24": {"pvalue": 3.790725537350038e-09, "statistic": -0.1814098157793189}, "25": {"pvalue": 0.002455614272774537, "statistic": -0.08888359303010421}, "26": {"pvalue": 0.00012762283685714319, "statistic": -0.11540033171567834}, "27": {"pvalue": 0.004095994145260378, "statistic": -0.0835705150124686}, "28": {"pvalue": 0.01765659630134135, "statistic": -0.06656741874988698}, "29": {"pvalue": 0.04624901482674856, "statistic": -0.05322991747644633}, "30": {"pvalue": 0.19346711563650498, "statistic": -0.027388849577114054}, "31": {"pvalue": 4.343247988891587e-13, "statistic": -0.22351169915952754}, "32": {"pvalue": 0.04507008405767038, "statistic": -0.05361832547902826}, "33": {"pvalue": 6.789341558575934e-06, "statistic": -0.1370983282607469}, "34": {"pvalue": 2.1034018570980407e-08, "statistic": -0.17227210517175132}, "35": {"pvalue": 0.7990413863766035, "statistic": 0.02653479716488267}, "36": {"pvalue": 1.5556522386862945e-05, "statistic": -0.13130757006892943}, "37": {"pvalue": 1.5925546977141476e-14, "statistic": -0.23690598437138932}, "38": {"pvalue": 1.4913088464890385e-18, "statistic": -0.27068067830441417}, "39": {"pvalue": 7.446122647422199e-06, "statistic": -0.1364649580264375}, "40": {"pvalue": 1.2554915415929923e-09, "statistic": -0.1870628396275617}, "41": {"pvalue": 0.0038744030990428254, "statistic": -0.08416169993368255}, "42": {"pvalue": 8.098225435291736e-26, "statistic": -0.32174149886788234}, "43": {"pvalue": 0.16961427740953613, "statistic": -0.03025251165251908}, "44": {"pvalue": 0.9940006763726814, "statistic": 0.07941606364542511}, "45": {"pvalue": 1.2454306287336738e-09, "statistic": -0.1871033612758719}, "46": {"pvalue": 0.09729997538183631, "statistic": -0.0410516652706174}, "47": {"pvalue": 0.001782572866988653, "statistic": -0.09207682808473475}, "48": {"pvalue": 7.374369132443555e-19, "statistic": -0.2730553059481261}, "49": {"pvalue": 2.739875146330679e-08, "statistic": -0.17081863463370264}, "50": {"pvalue": 0.012493906458812837, "statistic": -0.07088480910819606}, "51": {"pvalue": 0.0004516078721579312, "statistic": -0.10479977327566982}, "52": {"pvalue": 0.018544019727642507, "statistic": -0.06593767595994543}, "53": {"pvalue": 2.0842052494212053e-05, "statistic": -0.129206333076464}, "54": {"pvalue": 0.03357343694319401, "statistic": -0.057915330364150044}, "55": {"pvalue": 0.21047335907897993, "statistic": -0.025477108038205774}, "56": {"pvalue": 2.921393761660255e-20, "statistic": -0.28365301053195446}, "57": {"pvalue": 0.05666293101940822, "statistic": -0.05010333877832106}, "58": {"pvalue": 3.979868779991511e-12, "statistic": -0.21403335776077442}, "59": {"pvalue": 2.3194628419182443e-09, "statistic": -0.183944609134799}, "60": {"pvalue": 0.0030739069373506853, "statistic": -0.08658535867579578}, "61": {"pvalue": 0.30931154504731556, "statistic": -0.015760639010922943}, "62": {"pvalue": 1.3335142795267954e-05, "statistic": -0.13240180077105135}, "63": {"pvalue": 3.083220441495281e-06, "statistic": -0.14240293079477112}, "64": {"pvalue": 1.5546147234128254e-08, "statistic": -0.1739194203202754}, "65": {"pvalue": 8.213258956906329e-08, "statistic": -0.16464551662480642}, "66": {"pvalue": 0.000757704105708869, "statistic": -0.10017140332370106}, "67": {"pvalue": 6.393826614288614e-05, "statistic": -0.12083845891061087}, "68": {"pvalue": 0.015665075897961588, "statistic": -0.06808536710123045}, "69": {"pvalue": 0.0005202951380111171, "statistic": -0.10355169954132709}, "70": {"pvalue": 1.3572255465116878e-06, "statistic": -0.14772277475951723}, "71": {"pvalue": 0.0003890827488496542, "statistic": -0.10609927966212707}, "72": {"pvalue": 3.1899521574956313e-18, "statistic": -0.26809003642766094}, "73": {"pvalue": 1.2746597600841366e-12, "statistic": -0.21895946767995078}, "74": {"pvalue": 6.525284689652547e-07, "statistic": -0.15231883931230614}, "75": {"pvalue": 0.2679243929975638, "statistic": -0.01960037636179359}, "76": {"pvalue": 0.9652471656841229, "statistic": 0.057423546788258124}, "77": {"pvalue": 0.05911043545352723, "statistic": -0.049435410408399064}, "78": {"pvalue": 0.7086759852240112, "statistic": 0.017397821083250234}, "79": {"pvalue": 4.1210805926710134e-05, "statistic": -0.12417979997466072}, "80": {"pvalue": 0.0003940099446435366, "statistic": -0.10599009387446516}, "81": {"pvalue": 1.6813255176008712e-11, "statistic": -0.20762202836445243}, "82": {"pvalue": 0.05472003948884761, "statistic": -0.050649906850258164}, "83": {"pvalue": 0.1166982091525543, "statistic": -0.03771721539930692}, "84": {"pvalue": 6.895809253302951e-14, "statistic": -0.23107119703803983}, "85": {"pvalue": 0.2748624409531165, "statistic": -0.01893786291539161}, "86": {"pvalue": 0.9456508174132626, "statistic": 0.050755969376442577}, "87": {"pvalue": 0.7182664019789458, "statistic": 0.01828980119497796}, "88": {"pvalue": 5.211914619873941e-10, "statistic": -0.1914387188903156}, "89": {"pvalue": 0.38583664801283707, "statistic": -0.009187811613430316}, "90": {"pvalue": 2.5344827609950983e-06, "statistic": -0.14369083714604097}, "91": {"pvalue": 0.9543742995658395, "statistic": 0.05343426988377234}, "92": {"pvalue": 3.4368351034698644e-05, "statistic": -0.12553687972628652}, "93": {"pvalue": 0.06591632293651427, "statistic": -0.04768534315628169}, "94": {"pvalue": 0.3307417768140015, "statistic": -0.01386320663471262}, "95": {"pvalue": 0.06998145987197045, "statistic": -0.046705921064364254}, "96": {"pvalue": 3.0232476825727184e-06, "statistic": -0.14253251824319454}, "97": {"pvalue": 3.738440445032919e-10, "statistic": -0.19306607801479883}, "98": {"pvalue": 0.17403264003915722, "statistic": -0.02970379245761684}, "99": {"pvalue": 0.00019897006596821055, "statistic": -0.11177903343731625}}