{"0": {"pvalue": 0.3745931351401959, "statistic": -0.010122599012280227}, "1": {"pvalue": 0.46376250846340533, "statistic": -0.002879978277736301}, "2": {"pvalue": 0.8540339924799958, "statistic": 0.033359463036154044}, "3": {"pvalue": 0.06671418000623672, "statistic": -0.047489508414832876}, "4": {"pvalue": 0.11900887971574929, "statistic": -0.037347174617566606}, "5": {"pvalue": 0.6855017175629943, "statistic": 0.015296455746215763}, "6": {"pvalue": 0.19065267234538866, "statistic": -0.027714886716034788}, "7": {"pvalue": 0.6881338156204295, "statistic": 0.01553159682603033}, "8": {"pvalue": 0.236636156911952, "statistic": -0.022704220799464846}, "9": {"pvalue": 0.5081248002839573, "statistic": 0.0006448758735343937}, "10": {"pvalue": 0.841816685960619, "statistic": 0.031716211027677}, "11": {"pvalue": 0.8736346685989143, "statistic": 0.0362017192109154}, "12": {"pvalue": 0.2199826687405272, "statistic": -0.024447671762846564}, "13": {"pvalue": 0.36554606075426727, "statistic": -0.010881186167463358}, "14": {"pvalue": 0.554753875072527, "statistic": 0.0043592985345490285}, "15": {"pvalue": 0.2538349003480276, "statistic": -0.02097308059569167}, "16": {"pvalue": 0.8166178505995859, "statistic": 0.028571073229574903}, "17": {"pvalue": 0.003081530672307879, "statistic": -0.08655972137160844}, "18": {"pvalue": 0.4611792895894524, "statistic": -0.0030859083931113473}, "19": {"pvalue": 0.9457612680659758, "statistic": 0.05078766795496495}, "20": {"pvalue": 0.7634988181395189, "statistic": 0.022718071490323434}, "21": {"pvalue": 0.7272994743099749, "statistic": 0.019143403565119836}, "22": {"pvalue": 0.5424730634023487, "statistic": 0.003377292845987853}, "23": {"pvalue": 0.3975826967027749, "statistic": -0.008219699264318904}, "24": {"pvalue": 0.622978584664873, "statistic": 0.009919992179213879}, "25": {"pvalue": 0.6973913554875752, "statistic": 0.016365580413041064}, "26": {"pvalue": 0.9906778865176906, "statistic": 0.07438471712657932}, "27": {"pvalue": 0.13536296508024784, "statistic": -0.034862100023540135}, "28": {"pvalue": 0.2648138089539635, "statistic": -0.01990019420388403}, "29": {"pvalue": 0.7656275775379353, "statistic": 0.02293709580089815}, "30": {"pvalue": 0.25125976473570794, "statistic": -0.021228204374995407}, "31": {"pvalue": 0.44075591477316084, "statistic": -0.0047193453503944546}, "32": {"pvalue": 0.31876784237693184, "statistic": -0.014916807645250153}, "33": {"pvalue": 0.09539776941691212, "statistic": -0.04140388805067037}, "34": {"pvalue": 0.5821333913358506, "statistic": 0.006565257430754506}, "35": {"pvalue": 0.8810364720807466, "statistic": 0.03735438842963318}, "36": {"pvalue": 0.3930473732503731, "statistic": -0.00859254352464704}, "37": {"pvalue": 0.10624294065074064, "statistic": -0.039459978711052626}, "38": {"pvalue": 0.7825679436177073, "statistic": 0.024721221126264962}, "39": {"pvalue": 0.6334025435465427, "statistic": 0.010792715169988963}, "40": {"pvalue": 0.10318730621930806, "statistic": -0.039992487528564456}, "41": {"pvalue": 0.7347523390953967, "statistic": 0.019858270296130538}, "42": {"pvalue": 0.6304277473986212, "statistic": 0.010542849887669632}, "43": {"pvalue": 0.21186198700448053, "statistic": -0.02532511940526884}, "44": {"pvalue": 0.603489889569872, "statistic": 0.008307770855996544}, "45": {"pvalue": 0.03412969773739486, "statistic": -0.05768164383159313}, "46": {"pvalue": 0.8299770801351956, "statistic": 0.03020138183732845}, "47": {"pvalue": 0.9466771747928355, "statistic": 0.05105251203587427}, "48": {"pvalue": 0.1325221853710661, "statistic": -0.03527823936548844}, "49": {"pvalue": 0.010585450675521614, "statistic": -0.07288226122464235}, "50": {"pvalue": 0.5186539034970071, "statistic": 0.001481021242557501}, "51": {"pvalue": 0.03425881511682757, "statistic": -0.05762784895672776}, "52": {"pvalue": 0.8072634872648494, "statistic": 0.027473205863048668}, "53": {"pvalue": 0.39043630531648543, "statistic": -0.008807734310440163}, "54": {"pvalue": 0.6599142947442036, "statistic": 0.013051601699546854}, "55": {"pvalue": 0.6369890809157752, "statistic": 0.011094859709213267}, "56": {"pvalue": 0.5566032745845675, "statistic": 0.00450752153736304}, "57": {"pvalue": 0.5511176935361319, "statistic": 0.0040681459344753725}, "58": {"pvalue": 0.8976596696783539, "statistic": 0.040142109201570145}, "59": {"pvalue": 0.808348104359557, "statistic": 0.02759879770673772}, "60": {"pvalue": 0.8275235822346784, "statistic": 0.029896036762353865}, "61": {"pvalue": 0.4550958339285679, "statistic": -0.003571402958516051}, "62": {"pvalue": 0.5376843800046225, "statistic": 0.0029953063903649484}, "63": {"pvalue": 0.9456264532166525, "statistic": 0.050748983871208686}, "64": {"pvalue": 0.5871283274728103, "statistic": 0.006970834514175756}, "65": {"pvalue": 0.5379157525491206, "statistic": 0.0030137521982954232}, "66": {"pvalue": 0.6228784042566178, "statistic": 0.009911642254539492}, "67": {"pvalue": 0.9561363463236321, "statistic": 0.05402433982734549}, "68": {"pvalue": 0.8957195007855179, "statistic": 0.0398006811653299}, "69": {"pvalue": 0.29216702850081677, "statistic": -0.017320080118031836}, "70": {"pvalue": 0.9966020496432799, "statistic": 0.08554290680659712}, "71": {"pvalue": 0.39842802105215985, "statistic": -0.008150333228127922}, "72": {"pvalue": 0.5733766906164761, "statistic": 0.005856779787006664}, "73": {"pvalue": 0.009029846085134555, "statistic": -0.07475749654761327}, "74": {"pvalue": 0.37599104920747184, "statistic": -0.0100059121503249}, "75": {"pvalue": 0.6210332580555349, "statistic": 0.00975797375467504}, "76": {"pvalue": 0.8943281723172688, "statistic": 0.03955865825995453}, "77": {"pvalue": 0.8306199503295693, "statistic": 0.030281854075706098}, "78": {"pvalue": 0.08233610798345482, "statistic": -0.043974480660262105}, "79": {"pvalue": 0.7458151346214222, "statistic": 0.020938513987901537}, "80": {"pvalue": 0.5115319644350664, "statistic": 0.0009153710068994219}, "81": {"pvalue": 0.24452575450957612, "statistic": -0.02190198125842463}, "82": {"pvalue": 0.4301762588477601, "statistic": -0.005570174502117943}, "83": {"pvalue": 0.6541928414784581, "statistic": 0.01255887003721512}, "84": {"pvalue": 0.28769781684673384, "statistic": -0.01773342706417}, "85": {"pvalue": 0.0459049835967826, "statistic": -0.05334243225411088}, "86": {"pvalue": 0.6566810461354131, "statistic": 0.01277277413805584}, "87": {"pvalue": 0.4461342265039421, "statistic": -0.004288154339800378}, "88": {"pvalue": 0.63318617110534, "statistic": 0.010774518700565984}, "89": {"pvalue": 0.5537346422242182, "statistic": 0.004277651493222888}, "90": {"pvalue": 0.20290817990553647, "statistic": -0.02631569308063177}, "91": {"pvalue": 0.11152189179691147, "statistic": -0.03856544093032928}, "92": {"pvalue": 0.05678364703018524, "statistic": -0.050069869117127644}, "93": {"pvalue": 0.04042997714306884, "statistic": -0.055231389959100916}, "94": {"pvalue": 0.2894868771032586, "statistic": -0.01756760250191552}, "95": {"pvalue": 0.7191659932682957, "statistic": 0.018374207349818122}, "96": {"pvalue": 0.5034657016173897, "statistic": 0.0002750616717505771}, "97": {"pvalue": 0.3773204905766209, "statistic": -0.009895066632366726}, "98": {"pvalue": 0.6003299113198332, "statistic": 0.00804848175746835}, "99": {"pvalue": 0.6743778628856962, "statistic": 0.014311747522557329}}