{"0": {"pvalue": 0.9680488729163094, "statistic": 0.05861554512417617}, "1": {"pvalue": 0.26203941806263914, "statistic": -0.020169119004486445}, "2": {"pvalue": 0.4280866851417456, "statistic": -0.005738677150630717}, "3": {"pvalue": 0.09428840039228978, "statistic": -0.041611693087760304}, "4": {"pvalue": 0.985184218561867, "statistic": 0.0687834870484844}, "5": {"pvalue": 0.15153774221704094, "statistic": -0.032599165971820825}, "6": {"pvalue": 0.22064515433368254, "statistic": -0.024376919258717114}, "7": {"pvalue": 0.4025120201575124, "statistic": -0.007815749640491226}, "8": {"pvalue": 0.8730294859085994, "statistic": 0.03610958285273476}, "9": {"pvalue": 0.1231223440736349, "statistic": -0.03670076022791107}, "10": {"pvalue": 0.5294211132813195, "statistic": 0.002337147945660867}, "11": {"pvalue": 0.5333489945432472, "statistic": 0.002649855436432747}, "12": {"pvalue": 0.7152341962206876, "statistic": 0.018006246807165924}, "13": {"pvalue": 0.8763366631848252, "statistic": 0.036616877894671405}, "14": {"pvalue": 0.8647073640058947, "statistic": 0.03487232973177283}, "15": {"pvalue": 0.269615596460137, "statistic": -0.019438102851301462}, "16": {"pvalue": 0.8486233733383621, "statistic": 0.032620887331868895}, "17": {"pvalue": 0.9578065092694983, "statistic": 0.05460153519149722}, "18": {"pvalue": 0.16820014516704834, "statistic": -0.030430061370932272}, "19": {"pvalue": 0.2447726588149159, "statistic": -0.021877103152079684}, "20": {"pvalue": 0.49211849859482754, "statistic": -0.0006255623800170088}, "21": {"pvalue": 0.6652606584451309, "statistic": 0.01351489897071104}, "22": {"pvalue": 0.5358367983655434, "statistic": 0.002848046767357619}, "23": {"pvalue": 0.8041027050038758, "statistic": 0.027109644480104098}, "24": {"pvalue": 0.21335297616791649, "statistic": -0.02516257351032939}, "25": {"pvalue": 0.1981713917269156, "statistic": -0.02685026645836449}, "26": {"pvalue": 0.4558731630694026, "statistic": -0.0035093232937633678}, "27": {"pvalue": 0.004794038430956796, "statistic": -0.08187862651835592}, "28": {"pvalue": 0.8200847527746693, "statistic": 0.028986770803696153}, "29": {"pvalue": 0.6997014011436338, "statistic": 0.016575442575412054}, "30": {"pvalue": 0.1749832907081887, "statistic": -0.02958689267129947}, "31": {"pvalue": 0.7576604997859315, "statistic": 0.02212286161291243}, "32": {"pvalue": 0.207905866008845, "statistic": -0.025759683202102007}, "33": {"pvalue": 0.48947391905565174, "statistic": -0.0008355077523116939}, "34": {"pvalue": 0.9966107606337915, "statistic": 0.08556973912855056}, "35": {"pvalue": 0.5008374924978796, "statistic": 6.646831947720519e-05}, "36": {"pvalue": 0.3589674153343528, "statistic": -0.011436716757440598}, "37": {"pvalue": 0.2872280484912258, "statistic": -0.01777704945893744}, "38": {"pvalue": 0.7839933126004844, "statistic": 0.024874895349707906}, "39": {"pvalue": 0.8238734007491335, "statistic": 0.029446833735064907}, "40": {"pvalue": 0.6545542971651463, "statistic": 0.012589907641308202}, "41": {"pvalue": 0.4599538768382589, "statistic": -0.00318364142253854}, "42": {"pvalue": 0.9763538335981334, "statistic": 0.062745899657424}, "43": {"pvalue": 0.06536034838227654, "statistic": -0.047822894579803044}, "44": {"pvalue": 0.5193837969340197, "statistic": 0.0015390156510678432}, "45": {"pvalue": 0.08136177100485534, "statistic": -0.04417814724550664}, "46": {"pvalue": 0.9051280780752493, "statistic": 0.04150216597574176}, "47": {"pvalue": 0.4383548858965855, "statistic": -0.004912118848533025}, "48": {"pvalue": 0.7108590871366703, "statistic": 0.017599631608735497}, "49": {"pvalue": 0.7609229877519263, "statistic": 0.022454491824137914}, "50": {"pvalue": 0.23848916433426864, "statistic": -0.022514507731888712}, "51": {"pvalue": 0.9223062209552934, "statistic": 0.044961778658196117}, "52": {"pvalue": 0.7831098363976252, "statistic": 0.02477957583393204}, "53": {"pvalue": 0.5028323735368138, "statistic": 0.0002247955065517145}, "54": {"pvalue": 0.5498562764916928, "statistic": 0.003967224483930307}, "55": {"pvalue": 0.7007610702854704, "statistic": 0.016671954317817525}, "56": {"pvalue": 0.8855936481432304, "statistic": 0.03808940346243082}, "57": {"pvalue": 0.3196237959217176, "statistic": -0.014840955295310945}, "58": {"pvalue": 0.8046341933312432, "statistic": 0.027170527103008567}, "59": {"pvalue": 0.7006772904108668, "statistic": 0.0166643182547129}, "60": {"pvalue": 0.38678606073439703, "statistic": -0.009109253518527816}, "61": {"pvalue": 0.10617772016460895, "statistic": -0.03947122842343122}, "62": {"pvalue": 0.07915323614610734, "statistic": -0.04464669825062603}, "63": {"pvalue": 0.4946672124211776, "statistic": -0.00042325359375875067}, "64": {"pvalue": 0.718148797312522, "statistic": 0.01827877627759642}, "65": {"pvalue": 0.0034421929276515803, "statistic": -0.08540757257865593}, "66": {"pvalue": 0.607985120938185, "statistic": 0.008677588463429566}, "67": {"pvalue": 0.7569534541699876, "statistic": 0.022051310577637033}, "68": {"pvalue": 0.5859937853672611, "statistic": 0.006878614449975565}, "69": {"pvalue": 0.5724539123186831, "statistic": 0.005782297026804422}, "70": {"pvalue": 0.2547670089192823, "statistic": -0.020881069882342267}, "71": {"pvalue": 0.5611789391728474, "statistic": 0.004874676651668015}, "72": {"pvalue": 0.4540002140940957, "statistic": -0.0036589255423259276}, "73": {"pvalue": 0.26977591866789097, "statistic": -0.019422746193586794}, "74": {"pvalue": 0.21961626111130636, "statistic": -0.024486855992266403}, "75": {"pvalue": 0.3435355945595697, "statistic": -0.012754127120080706}, "76": {"pvalue": 0.36535658817695715, "statistic": -0.010897138578670328}, "77": {"pvalue": 0.037687235121898775, "statistic": -0.05625678176313186}, "78": {"pvalue": 0.3076848429038392, "statistic": -0.015906914471688842}, "79": {"pvalue": 0.17510076907461397, "statistic": -0.029572474543965697}, "80": {"pvalue": 0.3859464700606276, "statistic": -0.00917872163071443}, "81": {"pvalue": 0.7762796336764852, "statistic": 0.024050068704239227}, "82": {"pvalue": 0.4641939351017637, "statistic": -0.002845597716355855}, "83": {"pvalue": 0.610018428723269, "statistic": 0.008845252443336653}, "84": {"pvalue": 0.1815116445543235, "statistic": -0.028794739300263803}, "85": {"pvalue": 0.44931651522659016, "statistic": -0.004033401843353629}, "86": {"pvalue": 0.45557488615502184, "statistic": -0.003533142911089809}, "87": {"pvalue": 0.5329857906791972, "statistic": 0.0026209295914845056}, "88": {"pvalue": 0.06687299412720187, "statistic": -0.047450743612274505}, "89": {"pvalue": 0.9963889464761833, "statistic": 0.0849049849701478}, "90": {"pvalue": 0.3786494563638801, "statistic": -0.009784381674294088}, "91": {"pvalue": 0.6115595438734642, "statistic": 0.008972495796984333}, "92": {"pvalue": 0.8040683396912585, "statistic": 0.02710571134019894}, "93": {"pvalue": 0.8220059931011292, "statistic": 0.02921930030523372}, "94": {"pvalue": 0.023166620428974428, "statistic": -0.0630196619557223}, "95": {"pvalue": 0.6802936934957149, "statistic": 0.01483364792482629}, "96": {"pvalue": 0.4405874099126249, "statistic": -0.00473286846607778}, "97": {"pvalue": 0.8703310998792521, "statistic": 0.03570243514418625}, "98": {"pvalue": 0.1765450163983773, "statistic": -0.02939572003677774}, "99": {"pvalue": 0.6669195921044779, "statistic": 0.013659241176557433}}