{"0": {"pvalue": 0.5095895360747456, "statistic": 0.0007611544974304761}, "1": {"pvalue": 0.44023613378617926, "statistic": -0.004761062402292576}, "2": {"pvalue": 0.9646692368384933, "statistic": 0.057187543924157994}, "3": {"pvalue": 0.5510316348036806, "statistic": 0.004061259383849522}, "4": {"pvalue": 0.13718082370890752, "statistic": -0.034598935103511023}, "5": {"pvalue": 0.8300410515600677, "statistic": 0.03020938081778246}, "6": {"pvalue": 0.2795698778034778, "statistic": -0.018493038043347117}, "7": {"pvalue": 0.01920879513726987, "statistic": -0.06548251038640802}, "8": {"pvalue": 0.6585957052876944, "statistic": 0.012937768866638406}, "9": {"pvalue": 0.48765578336011334, "statistic": -0.0009798649072818473}, "10": {"pvalue": 0.6016701620057047, "statistic": 0.008158387970111872}, "11": {"pvalue": 0.17584985776569206, "statistic": -0.02948068255924293}, "12": {"pvalue": 0.18228228674479716, "statistic": -0.02870241621529805}, "13": {"pvalue": 0.9503028109199136, "statistic": 0.052137676558915116}, "14": {"pvalue": 0.890599023325478, "statistic": 0.038921107213311754}, "15": {"pvalue": 0.14509633691337043, "statistic": -0.03347987767692358}, "16": {"pvalue": 0.710715753011158, "statistic": 0.01758635966348868}, "17": {"pvalue": 0.6208729685715848, "statistic": 0.00974463531719005}, "18": {"pvalue": 0.5651872784008072, "statistic": 0.005196846137504436}, "19": {"pvalue": 0.7635003519651614, "statistic": 0.022718228911363627}, "20": {"pvalue": 0.6702812696996088, "statistic": 0.013952612861553054}, "21": {"pvalue": 0.899712048890507, "statistic": 0.04050843924751326}, "22": {"pvalue": 0.6026068690253215, "statistic": 0.008235260138354947}, "23": {"pvalue": 0.034656379775664346, "statistic": -0.05746324768122815}, "24": {"pvalue": 0.5890366415569228, "statistic": 0.007126083539090264}, "25": {"pvalue": 0.24263910793780885, "statistic": -0.022092528391272195}, "26": {"pvalue": 0.3777436743179842, "statistic": -0.009859808083135791}, "27": {"pvalue": 0.07228528858090999, "statistic": -0.0461701438444566}, "28": {"pvalue": 0.4326994848007593, "statistic": -0.005366911553185446}, "29": {"pvalue": 0.540348306023896, "statistic": 0.0032077466949575664}, "30": {"pvalue": 0.4597994917403953, "statistic": -0.0031959565650500846}, "31": {"pvalue": 0.3482325675882279, "statistic": -0.012350913874522697}, "32": {"pvalue": 0.17926026303567927, "statistic": -0.02906586811984123}, "33": {"pvalue": 0.9814940721398494, "statistic": 0.06596417479342939}, "34": {"pvalue": 0.38146871173163205, "statistic": -0.009549968574286711}, "35": {"pvalue": 0.0725031028600654, "statistic": -0.046120169254999725}, "36": {"pvalue": 0.3821474625339972, "statistic": -0.009493610837667298}, "37": {"pvalue": 0.016536584746247418, "statistic": -0.06740191877298354}, "38": {"pvalue": 0.8052665832049686, "statistic": 0.02724309916036636}, "39": {"pvalue": 0.6846342413183351, "statistic": 0.015219143772940157}, "40": {"pvalue": 0.25280087607424695, "statistic": -0.021075359118570215}, "41": {"pvalue": 0.45421465900067604, "statistic": -0.003641792631520622}, "42": {"pvalue": 0.6504774253541244, "statistic": 0.012240524766092217}, "43": {"pvalue": 0.22497947208205002, "statistic": -0.02391698124815137}, "44": {"pvalue": 0.11909790818699982, "statistic": -0.03733301907884996}, "45": {"pvalue": 0.7214144537793729, "statistic": 0.018585747640233498}, "46": {"pvalue": 0.7055545774885206, "statistic": 0.017110490390690132}, "47": {"pvalue": 0.7469395511537338, "statistic": 0.02104966335962217}, "48": {"pvalue": 0.148324860626393, "statistic": -0.033035258797681065}, "49": {"pvalue": 0.516133707589923, "statistic": 0.0012808134824072643}, "50": {"pvalue": 0.7109883289465446, "statistic": 0.017611601332267163}, "51": {"pvalue": 0.9293259234139926, "statistic": 0.046543442022031645}, "52": {"pvalue": 0.8822737875851832, "statistic": 0.03755195312074313}, "53": {"pvalue": 0.8502777663223324, "statistic": 0.03284482434025815}, "54": {"pvalue": 0.7171391618100503, "statistic": 0.01818421824120275}, "55": {"pvalue": 0.4845626904919496, "statistic": -0.001225500035763348}, "56": {"pvalue": 0.7781513554961887, "statistic": 0.024248698312854602}, "57": {"pvalue": 0.6282730555149223, "statistic": 0.010362277971868684}, "58": {"pvalue": 0.9510247582102482, "statistic": 0.05236123276349176}, "59": {"pvalue": 0.7820643974650274, "statistic": 0.024667070947853812}, "60": {"pvalue": 0.7930746542774876, "statistic": 0.025868140096843652}, "61": {"pvalue": 0.37169734330424076, "statistic": -0.010364756378735858}, "62": {"pvalue": 0.26426699641823387, "statistic": -0.019953083400258087}, "63": {"pvalue": 0.5131781927685847, "statistic": 0.0010460879424541228}, "64": {"pvalue": 0.785175163668288, "statistic": 0.025002760331655327}, "65": {"pvalue": 0.18940116475735824, "statistic": -0.027860813247944788}, "66": {"pvalue": 0.5613068461714974, "statistic": 0.00488494919489933}, "67": {"pvalue": 0.3238436950355808, "statistic": -0.014468229155777479}, "68": {"pvalue": 0.10691238747456233, "statistic": -0.039344794396541705}, "69": {"pvalue": 0.4824600594437554, "statistic": -0.0013925197071901528}, "70": {"pvalue": 0.2381286678733161, "statistic": -0.02255135235805225}, "71": {"pvalue": 0.734410529099929, "statistic": 0.019825265050004436}, "72": {"pvalue": 0.04267045607879858, "statistic": -0.0544348461356591}, "73": {"pvalue": 0.22209619796342359, "statistic": -0.024222373004428973}, "74": {"pvalue": 0.32281305598326854, "statistic": -0.014559074613701485}, "75": {"pvalue": 0.8875980488867667, "statistic": 0.038419278868034965}, "76": {"pvalue": 0.8081253633090344, "statistic": 0.027572970328670003}, "77": {"pvalue": 0.44320099470630364, "statistic": -0.00452321439667314}, "78": {"pvalue": 0.5419726003627959, "statistic": 0.0033373496037747384}, "79": {"pvalue": 0.5279747261087774, "statistic": 0.0022220567326149045}, "80": {"pvalue": 0.7360384783159211, "statistic": 0.019982653968286097}, "81": {"pvalue": 0.9640457390573659, "statistic": 0.05693645152494388}, "82": {"pvalue": 0.05665305722958073, "statistic": -0.05010607886092581}, "83": {"pvalue": 0.10652409781001805, "statistic": -0.03941153957008771}, "84": {"pvalue": 0.8286709420743357, "statistic": 0.030038481546485488}, "85": {"pvalue": 0.11497694214450026, "statistic": -0.03799625081324128}, "86": {"pvalue": 0.6004138141684143, "statistic": 0.008055359290761958}, "87": {"pvalue": 0.5405740854024381, "statistic": 0.003225758435738557}, "88": {"pvalue": 0.7139913757630911, "statistic": 0.017890442181759645}, "89": {"pvalue": 0.15825266963358975, "statistic": -0.03170712611683282}, "90": {"pvalue": 0.5201134259251377, "statistic": 0.0015969942009615833}, "91": {"pvalue": 0.49278296247084646, "statistic": -0.0005728172301945767}, "92": {"pvalue": 0.4408957858769083, "statistic": -0.004708120848742687}, "93": {"pvalue": 0.49861576312225725, "statistic": -0.00010986130158521269}, "94": {"pvalue": 0.8728240266644537, "statistic": 0.03607837202422508}, "95": {"pvalue": 0.0312954213803297, "statistic": -0.058906895355542305}, "96": {"pvalue": 0.5918563607597938, "statistic": 0.007355793730172342}, "97": {"pvalue": 0.33075419006757767, "statistic": -0.013862122492898782}, "98": {"pvalue": 0.25065336707339086, "statistic": -0.0212884815836014}, "99": {"pvalue": 0.29581398899543254, "statistic": -0.016984955443431343}}