{"0": {"pvalue": 0.16406392822080149, "statistic": -0.03095495840089821}, "1": {"pvalue": 0.8052091921985904, "statistic": 0.02723650716170576}, "2": {"pvalue": 0.001626099084293493, "statistic": -0.0929753167335926}, "3": {"pvalue": 0.08998952489195154, "statistic": -0.04243441136188769}, "4": {"pvalue": 0.24200662076441903, "statistic": -0.022156587174037033}, "5": {"pvalue": 0.8567171150395081, "statistic": 0.03373253831130445}, "6": {"pvalue": 0.9567432956585031, "statistic": 0.054232013073094436}, "7": {"pvalue": 0.37128972118382164, "statistic": -0.010398891659374722}, "8": {"pvalue": 0.13950303876183226, "statistic": -0.03426619285757973}, "9": {"pvalue": 0.23582286962757168, "statistic": -0.022787743521552335}, "10": {"pvalue": 0.7547105866097967, "statistic": 0.021825078512886585}, "11": {"pvalue": NaN, "statistic": NaN}, "12": {"pvalue": 0.3869613594190522, "statistic": -0.009094754761139964}, "13": {"pvalue": 0.1701856383494807, "statistic": -0.03018104421112661}, "14": {"pvalue": 0.3969751497042473, "statistic": -0.008269577974584837}, "15": {"pvalue": 0.047126388138771055, "statistic": -0.05294598145039488}, "16": {"pvalue": 0.20159396628372023, "statistic": -0.026463253333844652}, "17": {"pvalue": 1.564149926335327e-06, "statistic": -0.14681609413096403}, "18": {"pvalue": 0.9870022332823867, "statistic": 0.0704017922236734}, "19": {"pvalue": 0.22487894757169266, "statistic": -0.023927591162666118}, "20": {"pvalue": 0.41206980621598144, "statistic": -0.0070360489637994045}, "21": {"pvalue": NaN, "statistic": NaN}, "22": {"pvalue": 0.039229060301904345, "statistic": -0.05567317494795755}, "23": {"pvalue": 0.20235379292403002, "statistic": -0.026377869983215313}, "24": {"pvalue": 0.633500354753233, "statistic": 0.010800942055828166}, "25": {"pvalue": 0.5199821395791453, "statistic": 0.0015865613977429655}, "26": {"pvalue": 0.27732153267514786, "statistic": -0.01870503318629705}, "27": {"pvalue": 0.16424703256186265, "statistic": -0.030931542287738662}, "28": {"pvalue": 0.2869091322759502, "statistic": -0.017806683032146046}, "29": {"pvalue": 0.008976564635385507, "statistic": -0.07482658983318019}, "30": {"pvalue": 0.6929931517879888, "statistic": 0.01596798083233555}, "31": {"pvalue": 0.3315192690998238, "statistic": -0.013795333707396613}, "32": {"pvalue": 0.9537347637886647, "statistic": 0.05322462889394133}, "33": {"pvalue": NaN, "statistic": NaN}, "34": {"pvalue": NaN, "statistic": NaN}, "35": {"pvalue": 0.3926401684541093, "statistic": -0.008626076923467669}, "36": {"pvalue": 0.7749328772987139, "statistic": 0.023907732304746625}, "37": {"pvalue": 0.2918206000350266, "statistic": -0.017352014379483086}, "38": {"pvalue": 0.5167069588235453, "statistic": 0.001326348553369723}, "39": {"pvalue": 0.9067435756349189, "statistic": 0.041806623774746726}, "40": {"pvalue": 0.9247347415970797, "statistic": 0.04549616533469369}, "41": {"pvalue": 0.48004155546818356, "statistic": -0.0015846784650255137}, "42": {"pvalue": 0.6758013735274563, "statistic": 0.014436971354035795}, "43": {"pvalue": 0.19343767290937355, "statistic": -0.027392245311673967}, "44": {"pvalue": NaN, "statistic": NaN}, "45": {"pvalue": 0.5163951669162853, "statistic": 0.0013015816499417597}, "46": {"pvalue": 0.36062506632382213, "statistic": -0.011296412255544137}, "47": {"pvalue": 0.16846603127277496, "statistic": -0.030396605439465388}, "48": {"pvalue": NaN, "statistic": NaN}, "49": {"pvalue": 0.9433860238068168, "statistic": 0.05011692795530359}, "50": {"pvalue": 0.0009658270410388081, "statistic": -0.09793452481753567}, "51": {"pvalue": 0.18370200417627322, "statistic": -0.028532969065662363}, "52": {"pvalue": 0.7470555741925515, "statistic": 0.02106114705824038}, "53": {"pvalue": NaN, "statistic": NaN}, "54": {"pvalue": 0.7741450738693486, "statistic": 0.02382469409884284}, "55": {"pvalue": 0.06507518889628945, "statistic": -0.04789379659027793}, "56": {"pvalue": 0.8367940585077355, "statistic": 0.03106490735287468}, "57": {"pvalue": 0.1481571218402455, "statistic": -0.03305819866833912}, "58": {"pvalue": 0.2128797023291101, "statistic": -0.025214097323187967}, "59": {"pvalue": 0.7384754161528357, "statistic": 0.0202191821474138}, "60": {"pvalue": 0.9398560164362801, "statistic": 0.04915985146759383}, "61": {"pvalue": 0.8136595403880922, "statistic": 0.02822021139383199}, "62": {"pvalue": NaN, "statistic": NaN}, "63": {"pvalue": 0.0002999124754790569, "statistic": -0.10833563893686751}, "64": {"pvalue": 0.5361804644207615, "statistic": 0.0028754335704670765}, "65": {"pvalue": 0.3119121048853494, "statistic": -0.015527487168697172}, "66": {"pvalue": 0.09959940755093981, "statistic": -0.040632560222527016}, "67": {"pvalue": 0.7968955504886766, "statistic": 0.026293704887214227}, "68": {"pvalue": 0.30253084355861065, "statistic": -0.016372636720776625}, "69": {"pvalue": 0.49052164548444965, "statistic": -0.0007523279660424469}, "70": {"pvalue": 0.999997163010412, "statistic": 0.1429512433158437}, "71": {"pvalue": 0.04380430227376991, "statistic": -0.054044544945892364}, "72": {"pvalue": 0.2222651724399265, "statistic": -0.024204413538392727}, "73": {"pvalue": 0.7132522336677215, "statistic": 0.017821683030331898}, "74": {"pvalue": NaN, "statistic": NaN}, "75": {"pvalue": 0.36241635618307405, "statistic": -0.01114504501018445}, "76": {"pvalue": 0.004356490083443619, "statistic": -0.08291103131689315}, "77": {"pvalue": 0.8587513433006057, "statistic": 0.034018538596587114}, "78": {"pvalue": 2.5106381188189598e-05, "statistic": -0.12785217076507946}, "79": {"pvalue": 0.014575962438698228, "statistic": -0.06898683267894642}, "80": {"pvalue": 0.023587508373697927, "statistic": -0.06277913450896962}, "81": {"pvalue": 0.8753356961781781, "statistic": 0.036462349240051685}, "82": {"pvalue": 0.06574431028287843, "statistic": -0.04772780385093538}, "83": {"pvalue": 0.0007627617204579507, "statistic": -0.10011067120845046}, "84": {"pvalue": 0.0201759221031692, "statistic": -0.06484363464642115}, "85": {"pvalue": 0.13532872966828827, "statistic": -0.03486707927650776}, "86": {"pvalue": 0.06041184860560114, "statistic": -0.0490890395762231}, "87": {"pvalue": 0.043765770186939175, "statistic": -0.05405767431081057}, "88": {"pvalue": NaN, "statistic": NaN}, "89": {"pvalue": 0.20188223602012564, "statistic": -0.026430837236875945}, "90": {"pvalue": 0.22799421459976582, "statistic": -0.02360002378298486}, "91": {"pvalue": 0.4074824128259086, "statistic": -0.007409716513806154}, "92": {"pvalue": 0.3945471139931522, "statistic": -0.008469122208132104}, "93": {"pvalue": 0.27618565516288635, "statistic": -0.018812453119080877}, "94": {"pvalue": 0.43165655658881935, "statistic": -0.005450899234227934}, "95": {"pvalue": NaN, "statistic": NaN}, "96": {"pvalue": 0.20838997949931976, "statistic": -0.025706245881292826}, "97": {"pvalue": 0.4324358454539348, "statistic": -0.005388139015478924}, "98": {"pvalue": 0.029127227507767656, "statistic": -0.05990766001507131}, "99": {"pvalue": 0.18813876100173185, "statistic": -0.02800861185977613}}