{"0": {"pvalue": 0.06495037098598117, "statistic": -0.047924907063933805}, "1": {"pvalue": 0.5127387213870584, "statistic": 0.0010111905546300766}, "2": {"pvalue": 0.20704279160537625, "statistic": -0.025855133249136283}, "3": {"pvalue": 0.356454447756519, "statistic": -0.011649845255729822}, "4": {"pvalue": 4.28049414942783e-05, "statistic": -0.12389437639395277}, "5": {"pvalue": NaN, "statistic": NaN}, "6": {"pvalue": 1.6748693430185054e-10, "statistic": -0.1969413337754466}, "7": {"pvalue": 1.8192774241516794e-06, "statistic": -0.1458446565604256}, "8": {"pvalue": 0.4566525990743182, "statistic": -0.003447088891260221}, "9": {"pvalue": NaN, "statistic": NaN}, "10": {"pvalue": NaN, "statistic": NaN}, "11": {"pvalue": 0.2943442727332745, "statistic": -0.017119779235558755}, "12": {"pvalue": 3.32958647506825e-24, "statistic": -0.3112472613791858}, "13": {"pvalue": 0.0033051675191826772, "statistic": -0.08583193490227196}, "14": {"pvalue": 0.015422394999404348, "statistic": -0.06828147081863352}, "15": {"pvalue": NaN, "statistic": NaN}, "16": {"pvalue": 0.4014830596974175, "statistic": -0.007899964164193456}, "17": {"pvalue": 0.3174020486703134, "statistic": -0.015038018207056155}, "18": {"pvalue": 0.00011067481901317057, "statistic": -0.11654045514682804}, "19": {"pvalue": NaN, "statistic": NaN}, "20": {"pvalue": 1.7603448720020571e-28, "statistic": -0.3381988664890132}, "21": {"pvalue": NaN, "statistic": NaN}, "22": {"pvalue": 0.8299070252943443, "statistic": 0.030192624396500816}, "23": {"pvalue": 0.010210386636601601, "statistic": -0.07331123292659067}, "24": {"pvalue": 0.0005225265725895879, "statistic": -0.10351376555745781}, "25": {"pvalue": 1.713549322392721e-24, "statistic": -0.31315411164866824}, "26": {"pvalue": 0.24978866652017273, "statistic": -0.021374568230601482}, "27": {"pvalue": 6.802390689194305e-06, "statistic": -0.13708518597847713}, "28": {"pvalue": 1.1004443048141235e-12, "statistic": -0.21958678714210694}, "29": {"pvalue": 5.8449500978991505e-08, "statistic": -0.16658266242758898}, "30": {"pvalue": 0.7332758971912878, "statistic": 0.019715858569237844}, "31": {"pvalue": 0.6212680747570147, "statistic": 0.009777517073906401}, "32": {"pvalue": 3.115972746399771e-33, "statistic": -0.3653147612798697}, "33": {"pvalue": 0.025954554282386553, "statistic": -0.06148982857792851}, "34": {"pvalue": 0.43748577662224636, "statistic": -0.004981942249887877}, "35": {"pvalue": 0.16292179021586534, "statistic": -0.03110140328073383}, "36": {"pvalue": 0.2072189885790907, "statistic": -0.025835628031984414}, "37": {"pvalue": 0.029371809528732754, "statistic": -0.05979174080366581}, "38": {"pvalue": 0.539559933097824, "statistic": 0.0031448616677299075}, "39": {"pvalue": 0.014371035614982701, "statistic": -0.06916288347492255}, "40": {"pvalue": 4.410488773158338e-06, "statistic": -0.140020936691745}, "41": {"pvalue": 0.11403204510228956, "statistic": -0.038150691030187124}, "42": {"pvalue": 0.010661816380513554, "statistic": -0.07279654373049116}, "43": {"pvalue": NaN, "statistic": NaN}, "44": {"pvalue": NaN, "statistic": NaN}, "45": {"pvalue": 0.8705298209501986, "statistic": 0.03573221798497597}, "46": {"pvalue": 1.2152596350173953e-05, "statistic": -0.13305717172468465}, "47": {"pvalue": 0.12568656301733322, "statistic": -0.03630542467657882}, "48": {"pvalue": 0.8419929617051811, "statistic": 0.03173931319717153}, "49": {"pvalue": 0.3779079153766059, "statistic": -0.009846127243432362}, "50": {"pvalue": 0.8391857142059266, "statistic": 0.03137338786828269}, "51": {"pvalue": 4.5385903139632073e-07, "statistic": -0.15454800913884328}, "52": {"pvalue": 0.009466210242345058, "statistic": -0.07420467029380244}, "53": {"pvalue": 0.26748691559741145, "statistic": -0.019642436657630366}, "54": {"pvalue": NaN, "statistic": NaN}, "55": {"pvalue": 0.01637564814895249, "statistic": -0.06752576946386721}, "56": {"pvalue": 0.040745494915597674, "statistic": -0.05511708746100946}, "57": {"pvalue": 0.06103277362421263, "statistic": -0.04892583234880808}, "58": {"pvalue": 3.1586964951536403e-08, "statistic": -0.17003139202413198}, "59": {"pvalue": 0.28078440238074126, "statistic": -0.018378865379295367}, "60": {"pvalue": 0.0023702831875618423, "statistic": -0.08924095317797917}, "61": {"pvalue": 0.8879672049306796, "statistic": 0.038480489232443404}, "62": {"pvalue": 0.00017611485033681968, "statistic": -0.11278458890458892}, "63": {"pvalue": 0.0020415456923265052, "statistic": -0.09073628541959469}, "64": {"pvalue": 0.6960028836066421, "statistic": 0.016239786279054202}, "65": {"pvalue": 0.04983476950952292, "statistic": -0.052095367766097155}, "66": {"pvalue": 0.10526182729899695, "statistic": -0.039629737679225244}, "67": {"pvalue": 0.008487685548659623, "statistic": -0.07547787751503805}, "68": {"pvalue": 0.43893102015168833, "statistic": -0.004865845942336653}, "69": {"pvalue": 0.9437716258382454, "statistic": 0.050224290200236055}, "70": {"pvalue": 0.23441613686070503, "statistic": -0.022932587094362706}, "71": {"pvalue": 9.49801717244986e-06, "statistic": -0.13478196045784996}, "72": {"pvalue": 0.41169995556038264, "statistic": -0.007066138331079833}, "73": {"pvalue": 0.002772909521189739, "statistic": -0.08764631259721137}, "74": {"pvalue": 4.760700071210079e-24, "statistic": -0.3102151026419263}, "75": {"pvalue": 4.541651217785138e-05, "statistic": -0.12344777395999525}, "76": {"pvalue": 0.00025805822241215274, "statistic": -0.1096082783012649}, "77": {"pvalue": 0.0012749335603444993, "statistic": -0.09531919210525994}, "78": {"pvalue": NaN, "statistic": NaN}, "79": {"pvalue": 0.4422363094121822, "statistic": -0.004600575065376325}, "80": {"pvalue": 0.6816649293323639, "statistic": 0.014955191275293479}, "81": {"pvalue": NaN, "statistic": NaN}, "82": {"pvalue": 1.6143202383592432e-08, "statistic": -0.17371493275947342}, "83": {"pvalue": 3.2656891170231546e-10, "statistic": -0.19372419227083837}, "84": {"pvalue": 2.784737023955268e-05, "statistic": -0.12709254590489721}, "85": {"pvalue": 0.28486117152137774, "statistic": -0.01799735203948456}, "86": {"pvalue": 0.6325970560657177, "statistic": 0.01072499334350964}, "87": {"pvalue": NaN, "statistic": NaN}, "88": {"pvalue": 0.0005525928545097263, "statistic": -0.10301672967301971}, "89": {"pvalue": 0.0004377972362424515, "statistic": -0.10507179229501307}, "90": {"pvalue": NaN, "statistic": NaN}, "91": {"pvalue": 0.7266039862435405, "statistic": 0.019077193603321108}, "92": {"pvalue": 2.4972031928403732e-17, "statistic": -0.26093327963373303}, "93": {"pvalue": NaN, "statistic": NaN}, "94": {"pvalue": 9.509623926331112e-05, "statistic": -0.11774325976243213}, "95": {"pvalue": 0.09427435898941569, "statistic": -0.04161433480295165}, "96": {"pvalue": 0.6690099196203156, "statistic": 0.013841523519274316}, "97": {"pvalue": 3.933267917620472e-10, "statistic": -0.19281818617585067}, "98": {"pvalue": 0.09641989256831694, "statistic": -0.04121399217293409}, "99": {"pvalue": 0.09863133989362992, "statistic": -0.0408081334033104}}