{"0": {"pvalue": 0.31137077053185697, "statistic": -0.015575950546790025}, "1": {"pvalue": 0.5974960167654311, "statistic": 0.007816407201964092}, "2": {"pvalue": 0.8669248045869136, "statistic": 0.035196753471493675}, "3": {"pvalue": 0.585067176261008, "statistic": 0.0068033392410167485}, "4": {"pvalue": 0.7308082957567366, "statistic": 0.019478727909232517}, "5": {"pvalue": 0.32307906171633083, "statistic": -0.014535616162861012}, "6": {"pvalue": 0.03362853833551455, "statistic": -0.05789204079776169}, "7": {"pvalue": 0.7959837940438894, "statistic": 0.02619172595179932}, "8": {"pvalue": 0.5632876020451762, "statistic": 0.005044095084298768}, "9": {"pvalue": 0.21326466033772434, "statistic": -0.025172183117808236}, "10": {"pvalue": 0.09503140759620096, "statistic": -0.041472316771544254}, "11": {"pvalue": 0.8905575376845982, "statistic": 0.038914103136596684}, "12": {"pvalue": 0.703464999796773, "statistic": 0.016918926235652706}, "13": {"pvalue": 0.03017402420201562, "statistic": -0.059417065027503005}, "14": {"pvalue": 0.4644413254741447, "statistic": -0.0028258845924271567}, "15": {"pvalue": 0.38336878115521744, "statistic": -0.009392278314444284}, "16": {"pvalue": 0.9422490865126781, "statistic": 0.04980368546319115}, "17": {"pvalue": 0.34004845930282396, "statistic": -0.01305481955555256}, "18": {"pvalue": 0.7343188613742822, "statistic": 0.01981641725442105}, "19": {"pvalue": 0.10969202857817227, "statistic": -0.03887200865265937}, "20": {"pvalue": 0.19544315891686387, "statistic": -0.02716166007174057}, "21": {"pvalue": 0.7722630324368629, "statistic": 0.023626977203745875}, "22": {"pvalue": 0.9684980684893054, "statistic": 0.058814597462678586}, "23": {"pvalue": 0.2804417237541386, "statistic": -0.01841105501509946}, "24": {"pvalue": 0.4019675975425174, "statistic": -0.007860300599213874}, "25": {"pvalue": 0.646035377014764, "statistic": 0.011861532111248397}, "26": {"pvalue": 0.2773040552651625, "statistic": -0.018706684393794203}, "27": {"pvalue": 0.31861818269186215, "statistic": -0.014930078866368915}, "28": {"pvalue": 0.0890401265447839, "statistic": -0.04262001621733897}, "29": {"pvalue": 0.42262408756017195, "statistic": -0.006179959942485455}, "30": {"pvalue": 0.4654665033337382, "statistic": -0.0027442056023871623}, "31": {"pvalue": 0.41646422604830297, "statistic": -0.006679016179690796}, "32": {"pvalue": 0.5133304073520175, "statistic": 0.0010581752378925821}, "33": {"pvalue": 0.3390237233334566, "statistic": -0.013143404370957873}, "34": {"pvalue": 0.04808959149211687, "statistic": -0.05263910052126949}, "35": {"pvalue": 0.2780476677238868, "statistic": -0.018636475183655316}, "36": {"pvalue": 0.13954319578656174, "statistic": -0.03426047214569143}, "37": {"pvalue": 0.8830290315249688, "statistic": 0.037673266432434224}, "38": {"pvalue": 0.8072344768881055, "statistic": 0.027469852576383277}, "39": {"pvalue": 0.012603235024287021, "statistic": -0.07077859174181347}, "40": {"pvalue": 0.54229188755391, "statistic": 0.003362832119154169}, "41": {"pvalue": 0.6012463166189969, "statistic": 0.008123620308396832}, "42": {"pvalue": 0.24859104475806865, "statistic": -0.021494060820022948}, "43": {"pvalue": 0.7379131912638028, "statistic": 0.020164513206794438}, "44": {"pvalue": 0.8050619180513575, "statistic": 0.027219596474691313}, "45": {"pvalue": 0.7785432695899093, "statistic": 0.024290409489351458}, "46": {"pvalue": 0.7130014622277521, "statistic": 0.017798373936928624}, "47": {"pvalue": 0.9923024190399037, "statistic": 0.0766035228499087}, "48": {"pvalue": 0.2818973611466621, "statistic": -0.018274449731091824}, "49": {"pvalue": 0.14414325752374982, "statistic": -0.0336123994693812}, "50": {"pvalue": 0.7194939161419468, "statistic": 0.01840500787753116}, "51": {"pvalue": 0.6280982382763814, "statistic": 0.010347642407331738}, "52": {"pvalue": 0.4184836877107351, "statistic": -0.006515227976407016}, "53": {"pvalue": 0.2224509702138373, "statistic": -0.024184674983210704}, "54": {"pvalue": 0.7925925048014826, "statistic": 0.025814770963341872}, "55": {"pvalue": 0.5227213255364657, "statistic": 0.0018042709592745176}, "56": {"pvalue": 0.5553375927802542, "statistic": 0.004406071043410982}, "57": {"pvalue": 0.7507718782373132, "statistic": 0.021430458566098216}, "58": {"pvalue": 0.12676988186299243, "statistic": -0.03614009431135583}, "59": {"pvalue": 0.8407849352351499, "statistic": 0.031581329906893836}, "60": {"pvalue": 0.37144689736536, "statistic": -0.0103857279110862}, "61": {"pvalue": 0.6020081733710716, "statistic": 0.008186121783263056}, "62": {"pvalue": 0.4061096019324988, "statistic": -0.007521737518003415}, "63": {"pvalue": 0.8476473676845611, "statistic": 0.032489537810020015}, "64": {"pvalue": 0.17435951333923372, "statistic": -0.02966355185807918}, "65": {"pvalue": 0.5019102844786583, "statistic": 0.00015161185409044708}, "66": {"pvalue": 0.28791761561486084, "statistic": -0.017713028233235856}, "67": {"pvalue": 0.2380024689950231, "statistic": -0.02256425775423698}, "68": {"pvalue": 0.760991602947102, "statistic": 0.022461492885499465}, "69": {"pvalue": 0.6350807016863214, "statistic": 0.0109339662169047}, "70": {"pvalue": 0.051096554560163154, "statistic": -0.05171161693862346}, "71": {"pvalue": 0.7674895736264642, "statistic": 0.0231295760994393}, "72": {"pvalue": 0.9247233266984801, "statistic": 0.045493623075545817}, "73": {"pvalue": 0.9914389982131941, "statistic": 0.07537814449419503}, "74": {"pvalue": 0.467418687586068, "statistic": -0.0025887191896805132}, "75": {"pvalue": 0.5416185052250297, "statistic": 0.003309091567222309}, "76": {"pvalue": 0.5291584577938504, "statistic": 0.002316245804672396}, "77": {"pvalue": 0.1325771774659367, "statistic": -0.0352701258349384}, "78": {"pvalue": 0.7514051812685769, "statistic": 0.021493683792373795}, "79": {"pvalue": 0.31693437179746453, "statistic": -0.015079573836861876}, "80": {"pvalue": 0.5863939258064128, "statistic": 0.006911132754481877}, "81": {"pvalue": 0.38051411265676754, "statistic": -0.009629281626464304}, "82": {"pvalue": 0.06973683527632266, "statistic": -0.046763602032378414}, "83": {"pvalue": 0.7365542690029799, "statistic": 0.020032623107375212}, "84": {"pvalue": 0.4246208354160144, "statistic": -0.006018522967639469}, "85": {"pvalue": 0.6170292685876166, "statistic": 0.00942529380774549}, "86": {"pvalue": 0.5320414178212163, "statistic": 0.002545729146130396}, "87": {"pvalue": 0.2711320917138296, "statistic": -0.019293025412973556}, "88": {"pvalue": 0.4702326935016597, "statistic": -0.0023646995798877225}, "89": {"pvalue": 0.07792970506220512, "statistic": -0.04491054288648115}, "90": {"pvalue": 0.31002904709468826, "statistic": -0.01569622696894219}, "91": {"pvalue": 0.35136784898878537, "statistic": -0.012082877564026255}, "92": {"pvalue": 0.1671562430854886, "statistic": -0.03056174324181591}, "93": {"pvalue": 0.22709306527831394, "statistic": -0.0236945181050177}, "94": {"pvalue": 0.8843026222903018, "statistic": 0.03787910264255662}, "95": {"pvalue": 0.365351605493795, "statistic": -0.010897558126827725}, "96": {"pvalue": 0.15773553858183367, "statistic": -0.0317749282091967}, "97": {"pvalue": 0.13717926495125582, "statistic": -0.03459915973624324}, "98": {"pvalue": 0.41841486210466217, "statistic": -0.006520807179833664}, "99": {"pvalue": 0.31881599812505784, "statistic": -0.014912537943113209}}