{"0": {"pvalue": 1.532337917798685e-28, "statistic": -0.3385598450874372}, "1": {"pvalue": 0.009851151444009406, "statistic": -0.07373516711959965}, "2": {"pvalue": 3.2654909443644818e-59, "statistic": -0.4805557492451574}, "3": {"pvalue": 2.2009246273528393e-09, "statistic": -0.18421320621476212}, "4": {"pvalue": 0.00019401969788511797, "statistic": -0.11198733504463852}, "5": {"pvalue": 5.100012139843784e-41, "statistic": -0.4048031716193515}, "6": {"pvalue": 2.0385996617306934e-12, "statistic": -0.21694213765545878}, "7": {"pvalue": 1.6355759767700014e-14, "statistic": -0.23680125216724165}, "8": {"pvalue": 5.546490355012175e-05, "statistic": -0.12192928668541886}, "9": {"pvalue": 2.9261910544652437e-05, "statistic": -0.12672779680748075}, "10": {"pvalue": 0.21102840222931094, "statistic": -0.025416287051840722}, "11": {"pvalue": 1.0672044745608584e-43, "statistic": -0.417240912394391}, "12": {"pvalue": 9.271614843596551e-45, "statistic": -0.4220253901259061}, "13": {"pvalue": 9.260979594639682e-15, "statistic": -0.2390251875751182}, "14": {"pvalue": 9.231596848089364e-06, "statistic": -0.1349797227722031}, "15": {"pvalue": 2.966446878978983e-11, "statistic": -0.20503784901328054}, "16": {"pvalue": 3.257007035393646e-05, "statistic": -0.12593595377799396}, "17": {"pvalue": 4.3131118067354636e-06, "statistic": -0.14017061375073575}, "18": {"pvalue": 0.002991939558798297, "statistic": -0.08686467387101984}, "19": {"pvalue": 2.340637708633025e-14, "statistic": -0.23538803997634378}, "20": {"pvalue": 0.7667136619706967, "statistic": 0.02304926431177891}, "21": {"pvalue": 0.29436211416147157, "statistic": -0.017118140704338515}, "22": {"pvalue": 3.555827932950789e-06, "statistic": -0.1414586750939078}, "23": {"pvalue": 0.0015844443418064611, "statistic": -0.09322774717356187}, "24": {"pvalue": 9.843121854849148e-25, "statistic": -0.314734901002508}, "25": {"pvalue": 1.5643275480590618e-20, "statistic": -0.28565134905851475}, "26": {"pvalue": 0.00013321835815266247, "statistic": -0.11505494832354389}, "27": {"pvalue": 0.2068777463231816, "statistic": -0.02587341285752341}, "28": {"pvalue": 0.000129441797452612, "statistic": -0.1152865270329597}, "29": {"pvalue": 0.11662219643935132, "statistic": -0.037729476074797846}, "30": {"pvalue": 1.1367575182824654e-98, "statistic": -0.5988934621206506}, "31": {"pvalue": 9.001815088347563e-25, "statistic": -0.3149887792154886}, "32": {"pvalue": 6.21562137886941e-22, "statistic": -0.2957231968152293}, "33": {"pvalue": 1.6432501233750715e-06, "statistic": -0.14649960167049125}, "34": {"pvalue": 0.0017072174378872968, "statistic": -0.09250017305052581}, "35": {"pvalue": 4.880689674949397e-41, "statistic": -0.40489367568640566}, "36": {"pvalue": 5.2850552796399915e-14, "statistic": -0.23214211193743262}, "37": {"pvalue": 7.0248404667762435e-12, "statistic": -0.2115295735898794}, "38": {"pvalue": 0.037876428719011875, "statistic": -0.056184133896107026}, "39": {"pvalue": 0.42008480311880225, "statistic": -0.0063854935282626965}, "40": {"pvalue": 1.7005529865135974e-64, "statistic": -0.4993988502295691}, "41": {"pvalue": 0.015719418865191914, "statistic": -0.0680418110536788}, "42": {"pvalue": 4.48080364092749e-05, "statistic": -0.12354962249656595}, "43": {"pvalue": 6.066755516236118e-11, "statistic": -0.2017322764470335}, "44": {"pvalue": 0.0001722308736656254, "statistic": -0.1129674891669632}, "45": {"pvalue": 0.4934257918394213, "statistic": -0.0005217909398333581}, "46": {"pvalue": 0.0249263142417631, "statistic": -0.06203726838369683}, "47": {"pvalue": 0.008167254024289533, "statistic": -0.07592282702556746}, "48": {"pvalue": 6.367649032849093e-07, "statistic": -0.1524699832651526}, "49": {"pvalue": 0.00026409958084755474, "statistic": -0.10941321175477056}, "50": {"pvalue": 0.0003487165509510097, "statistic": -0.10704542572980359}, "51": {"pvalue": 1.2787920713219534e-08, "statistic": -0.1749753447253724}, "52": {"pvalue": 0.014826635980858835, "statistic": -0.06877435039143201}, "53": {"pvalue": 0.00040812676382954326, "statistic": -0.1056841317129675}, "54": {"pvalue": 2.619088914232121e-29, "statistic": -0.3431157046155809}, "55": {"pvalue": 0.004713498224501859, "statistic": -0.08206217670589816}, "56": {"pvalue": 0.0010238099997966696, "statistic": -0.09739046560549021}, "57": {"pvalue": 0.0007337449097146203, "statistic": -0.10046427291123426}, "58": {"pvalue": 0.7082060993312455, "statistic": 0.01735447629596074}, "59": {"pvalue": 0.2930345489091392, "statistic": -0.017240187925272495}, "60": {"pvalue": 3.066318946259394e-08, "statistic": -0.1701959607595648}, "61": {"pvalue": 5.331323594497529e-05, "statistic": -0.12223126469530238}, "62": {"pvalue": 0.0971516374448958, "statistic": -0.04107894984038144}, "63": {"pvalue": 1.8366575174665842e-38, "statistic": -0.39242291870918183}, "64": {"pvalue": 0.0009689983103864022, "statistic": -0.09790400434840033}, "65": {"pvalue": 0.719520932414802, "statistic": 0.018407546187011396}, "66": {"pvalue": 2.4907539533627726e-40, "statistic": -0.4015189872342106}, "67": {"pvalue": 0.05064217078968991, "statistic": -0.0518489326160471}, "68": {"pvalue": 0.04985113802704987, "statistic": -0.05209034030770662}, "69": {"pvalue": 0.0014438913855091807, "statistic": -0.0941265597381121}, "70": {"pvalue": 7.226123471141737e-15, "statistic": -0.2399882839168857}, "71": {"pvalue": 0.001987657371527872, "statistic": -0.09100198367177065}, "72": {"pvalue": 0.0005181634467637682, "statistic": -0.10358807855900637}, "73": {"pvalue": 2.479768579768739e-16, "statistic": -0.2526811078368741}, "74": {"pvalue": NaN, "statistic": NaN}, "75": {"pvalue": 0.0010053373904181393, "statistic": -0.09756066209551764}, "76": {"pvalue": 1.8846193238925287e-09, "statistic": -0.18500529339748012}, "77": {"pvalue": 1.6642578552084883e-12, "statistic": -0.2178161585531087}, "78": {"pvalue": 0.17767803904604731, "statistic": -0.029257693108593903}, "79": {"pvalue": 0.43826447039290134, "statistic": -0.004919381625573465}, "80": {"pvalue": 0.06599234144529782, "statistic": -0.04766660558044889}, "81": {"pvalue": 9.129247861018261e-13, "statistic": -0.22038146736222924}, "82": {"pvalue": 3.5140863133226736e-06, "statistic": -0.14153708899410294}, "83": {"pvalue": 0.0007289374038916559, "statistic": -0.10052409649790842}, "84": {"pvalue": 1.289735579830727e-51, "statistic": -0.4512171527564025}, "85": {"pvalue": 0.09184476118582022, "statistic": -0.04207586865479932}, "86": {"pvalue": 0.5714695103811422, "statistic": 0.005702875464211731}, "87": {"pvalue": 6.960099041927573e-07, "statistic": -0.151919425304443}, "88": {"pvalue": 1.707742526916342e-07, "statistic": -0.16039839091566593}, "89": {"pvalue": 0.25604715784637627, "statistic": -0.02075498950072705}, "90": {"pvalue": 4.127994088513559e-21, "statistic": -0.28986061402365215}, "91": {"pvalue": 3.8687130296195174e-58, "statistic": -0.4765785393653887}, "92": {"pvalue": 3.6611799246343377e-34, "statistic": -0.37032722736828905}, "93": {"pvalue": 5.349671953866721e-83, "statistic": -0.5573805323851435}, "94": {"pvalue": 4.5180736980916756e-08, "statistic": -0.1680342067290378}, "95": {"pvalue": 3.7794142142016634e-24, "statistic": -0.3108819139487523}, "96": {"pvalue": 9.115276668711484e-33, "statistic": -0.36276827150088803}, "97": {"pvalue": 3.466698152550695e-26, "statistic": -0.3240799646417777}, "98": {"pvalue": 2.9286951874507103e-05, "statistic": -0.12672149115705866}, "99": {"pvalue": 0.5529738147330469, "statistic": 0.00421672290485922}}