{"0": {"pvalue": 0.253302675245455, "statistic": -0.021025697247226874}, "1": {"pvalue": 0.1977190546147639, "statistic": -0.02690171514485694}, "2": {"pvalue": 0.03491645456821238, "statistic": -0.05735640647018943}, "3": {"pvalue": 0.08324142660103673, "statistic": -0.04378685891518033}, "4": {"pvalue": 0.8814042895295157, "statistic": 0.03741296650367863}, "5": {"pvalue": 0.8038319471576609, "statistic": 0.027078667325724455}, "6": {"pvalue": 0.8231151935387374, "statistic": 0.029354267659650633}, "7": {"pvalue": 0.025093787693474798, "statistic": -0.06194683221685903}, "8": {"pvalue": 0.8260590830626158, "statistic": 0.029715092889731697}, "9": {"pvalue": 0.6428130966658074, "statistic": 0.01158767059430945}, "10": {"pvalue": 0.767967409738505, "statistic": 0.02317910921244088}, "11": {"pvalue": 0.1174218993006985, "statistic": -0.03760076793684347}, "12": {"pvalue": 0.6201289558728699, "statistic": 0.009682745105441187}, "13": {"pvalue": 0.041075232762168505, "statistic": -0.0549983972707012}, "14": {"pvalue": 0.07024234791575587, "statistic": -0.04664457571581116}, "15": {"pvalue": 0.8604249080998344, "statistic": 0.03425592906788477}, "16": {"pvalue": 0.6049580717026779, "statistic": 0.008428429682848529}, "17": {"pvalue": 0.9896455371750844, "statistic": 0.0731448513796037}, "18": {"pvalue": 0.7286125358602245, "statistic": 0.019268634722822087}, "19": {"pvalue": 0.2907551784338442, "statistic": -0.01745033720852411}, "20": {"pvalue": 0.7242741187736053, "statistic": 0.018855995435604275}, "21": {"pvalue": 0.2617595901818817, "statistic": -0.020196323571902375}, "22": {"pvalue": 0.3097405112745293, "statistic": -0.015722121773312073}, "23": {"pvalue": 0.35952327109186, "statistic": -0.011389643956728878}, "24": {"pvalue": 0.9709777385121, "statistic": 0.05995765621505827}, "25": {"pvalue": 0.6278271614295132, "statistic": 0.010324952426589401}, "26": {"pvalue": 0.7390018154387026, "statistic": 0.020270422155002264}, "27": {"pvalue": 0.23513578777146915, "statistic": -0.022858428873192387}, "28": {"pvalue": 0.03554157338757574, "statistic": -0.05710224434755526}, "29": {"pvalue": 0.8288015128131402, "statistic": 0.030054730431209157}, "30": {"pvalue": 0.5993787666647279, "statistic": 0.007970542665098496}, "31": {"pvalue": 0.7958545525196662, "statistic": 0.026177292400587207}, "32": {"pvalue": 0.18237758900296058, "statistic": -0.028691015927397152}, "33": {"pvalue": 0.05167578690565383, "statistic": -0.05153797155136043}, "34": {"pvalue": 0.8819620072607156, "statistic": 0.037502032879929814}, "35": {"pvalue": 0.02807340307741555, "statistic": -0.060416552042895734}, "36": {"pvalue": 0.22337629896157016, "statistic": -0.0240865104938717}, "37": {"pvalue": 0.16328438550206087, "statistic": -0.031054839395548355}, "38": {"pvalue": 0.45985242475917015, "statistic": -0.0031917340975918503}, "39": {"pvalue": 0.7202397155990847, "statistic": 0.018475122824934402}, "40": {"pvalue": 0.29634009957576385, "statistic": -0.01693676770664913}, "41": {"pvalue": 0.1830448820247952, "statistic": -0.028611296589533118}, "42": {"pvalue": 0.3628080555947005, "statistic": -0.011111979683550339}, "43": {"pvalue": 0.6264751876935366, "statistic": 0.010211866752720029}, "44": {"pvalue": 0.8990224986397242, "statistic": 0.04038475765075491}, "45": {"pvalue": 0.6579661603127344, "statistic": 0.012883479658913797}, "46": {"pvalue": 0.286279718174088, "statistic": -0.017865213730365193}, "47": {"pvalue": 0.25267238903967487, "statistic": -0.021088083503275346}, "48": {"pvalue": 0.0034066008487232046, "statistic": -0.08551632184963312}, "49": {"pvalue": 0.22733689716286518, "statistic": -0.023668929167934585}, "50": {"pvalue": 0.26291724757988816, "statistic": -0.02008387364987573}, "51": {"pvalue": 0.25021270725574046, "statistic": -0.021332332492882917}, "52": {"pvalue": 0.424437177258526, "statistic": -0.006033365135361075}, "53": {"pvalue": 0.08809191500860661, "statistic": -0.042806862962546544}, "54": {"pvalue": 0.04922080452859381, "statistic": -0.05228489938283354}, "55": {"pvalue": 0.26347317771951856, "statistic": -0.02002996284939666}, "56": {"pvalue": 0.8375638019699105, "statistic": 0.031163867733123747}, "57": {"pvalue": 0.24340207614266718, "statistic": -0.022015374390202142}, "58": {"pvalue": 0.27016620711291056, "statistic": -0.019385381000094085}, "59": {"pvalue": 0.2315188503752254, "statistic": -0.023232427457990125}, "60": {"pvalue": 0.833609935297202, "statistic": 0.030658729130642614}, "61": {"pvalue": 0.918232838894726, "statistic": 0.04409318639014143}, "62": {"pvalue": 0.11894765129579886, "statistic": -0.03735691427795708}, "63": {"pvalue": 0.7913798638136942, "statistic": 0.025680866416090742}, "64": {"pvalue": 0.8474798112039221, "statistic": 0.03246704444990598}, "65": {"pvalue": 0.08505990021757237, "statistic": -0.04341457003557281}, "66": {"pvalue": 0.8377914500123711, "statistic": 0.03119319315531504}, "67": {"pvalue": 0.7942028797362359, "statistic": 0.02599331137084911}, "68": {"pvalue": 0.033847855656767685, "statistic": -0.057799652151056286}, "69": {"pvalue": 0.32557105741074455, "statistic": -0.014316237041182532}, "70": {"pvalue": 0.9121456991327466, "statistic": 0.04285391958936442}, "71": {"pvalue": 0.8751453532935122, "statistic": 0.036433062347739006}, "72": {"pvalue": 0.33547670738548246, "statistic": -0.01345083160204369}, "73": {"pvalue": 0.6417713368302451, "statistic": 0.011499317304675443}, "74": {"pvalue": 0.511755408684633, "statistic": 0.0009331123866912622}, "75": {"pvalue": 0.8058047310327878, "statistic": 0.027304968968325925}, "76": {"pvalue": 0.6861679246851196, "statistic": 0.01535589191149555}, "77": {"pvalue": 0.44609604635692657, "statistic": -0.004291212434389029}, "78": {"pvalue": 0.8614471733614166, "statistic": 0.034401886441995294}, "79": {"pvalue": 0.6017548657052377, "statistic": 0.008165337316085203}, "80": {"pvalue": 0.4189825240543655, "statistic": -0.006474796880067312}, "81": {"pvalue": 0.2198960668046986, "statistic": -0.02445692973741848}, "82": {"pvalue": 0.14863819156944896, "statistic": -0.032992454184385046}, "83": {"pvalue": 0.835185216535874, "statistic": 0.030859043292189955}, "84": {"pvalue": 0.1923057384314061, "statistic": -0.027523035014204604}, "85": {"pvalue": 0.4112133633958057, "statistic": -0.0071057349701046865}, "86": {"pvalue": 0.2023389652210169, "statistic": -0.02637953436967584}, "87": {"pvalue": 0.06439445605904205, "statistic": -0.04806403271335356}, "88": {"pvalue": 0.27836165810025404, "statistic": -0.01860685682497552}, "89": {"pvalue": 0.08531195047239777, "statistic": -0.04336344051224355}, "90": {"pvalue": 0.06854780717427866, "statistic": -0.047046204673420515}, "91": {"pvalue": 0.09359590571838121, "statistic": -0.04174232416240634}, "92": {"pvalue": 0.9618672215574114, "statistic": 0.05608616919796438}, "93": {"pvalue": 0.9252576661013269, "statistic": 0.04561294407040091}, "94": {"pvalue": 0.5881677437191166, "statistic": 0.0070553742155309435}, "95": {"pvalue": 0.6164187463963642, "statistic": 0.009374659359491184}, "96": {"pvalue": 0.8331488096215021, "statistic": 0.030600323638384372}, "97": {"pvalue": 0.5622030006734129, "statistic": 0.00495693615495282}, "98": {"pvalue": 0.5575056065577308, "statistic": 0.004579875955490843}, "99": {"pvalue": 0.16409067203782216, "statistic": -0.030951537239819193}}