{"0": {"pvalue": 0.43774015575793995, "statistic": -0.00496150318619485}, "1": {"pvalue": 0.4309815676125185, "statistic": -0.005505276915786961}, "2": {"pvalue": 0.9666231734201279, "statistic": 0.05799868805135576}, "3": {"pvalue": 0.39828167659655495, "statistic": -0.008162339227712787}, "4": {"pvalue": 0.07479745399572663, "statistic": -0.04560060544622045}, "5": {"pvalue": 0.038281310893514206, "statistic": -0.05602965231708412}, "6": {"pvalue": 0.1894724497006602, "statistic": -0.027852485508734766}, "7": {"pvalue": 0.5552453734608995, "statistic": 0.00439868099834417}, "8": {"pvalue": 0.9395846256900048, "statistic": 0.04908810917047546}, "9": {"pvalue": 0.49129720794044024, "statistic": -0.0006907588525594845}, "10": {"pvalue": 0.8098388257465798, "statistic": 0.027772125387175023}, "11": {"pvalue": 0.9061824936300449, "statistic": 0.04170044450613912}, "12": {"pvalue": 0.5738584956458441, "statistic": 0.0058956818882862725}, "13": {"pvalue": 0.8769018370666417, "statistic": 0.03670451559220188}, "14": {"pvalue": 0.20942732478450066, "statistic": -0.025591987389381284}, "15": {"pvalue": 0.3423394911512966, "statistic": -0.012857135256595176}, "16": {"pvalue": 0.09096164970330771, "statistic": -0.04224586294132393}, "17": {"pvalue": 0.6548461558946427, "statistic": 0.012614977887198741}, "18": {"pvalue": 0.40007365760878105, "statistic": -0.008015406423295422}, "19": {"pvalue": 0.5348604869480608, "statistic": 0.00277025589095483}, "20": {"pvalue": 0.021775919319804764, "statistic": -0.06384146758373083}, "21": {"pvalue": 0.233667370888827, "statistic": -0.023009879195999818}, "22": {"pvalue": 0.8030189256435374, "statistic": 0.0269858055122359}, "23": {"pvalue": 0.051020605898656125, "statistic": -0.05173450103373395}, "24": {"pvalue": 0.06394026787262669, "statistic": -0.04817839310944559}, "25": {"pvalue": 0.0265865394829045, "statistic": -0.06116228610604707}, "26": {"pvalue": 0.6456432975597604, "statistic": 0.011828162306217945}, "27": {"pvalue": 0.6689707850308022, "statistic": 0.013838106681789983}, "28": {"pvalue": 0.6585709824257786, "statistic": 0.012935636159372094}, "29": {"pvalue": 0.3616260772980842, "statistic": -0.011211793452607234}, "30": {"pvalue": 0.33335091463394867, "statistic": -0.013635685374002064}, "31": {"pvalue": 0.4132583691981441, "statistic": -0.006939395686687576}, "32": {"pvalue": 0.6208933410953887, "statistic": 0.009746330514316158}, "33": {"pvalue": 0.6684758697182779, "statistic": 0.01379490953907108}, "34": {"pvalue": 0.2952276874150163, "statistic": -0.01703870255880074}, "35": {"pvalue": 0.6550402988757874, "statistic": 0.01263165886505795}, "36": {"pvalue": 0.32499356285766123, "statistic": -0.014367014461669974}, "37": {"pvalue": 0.18421283663959795, "statistic": -0.028472199300254443}, "38": {"pvalue": 0.914180398396914, "statistic": 0.04326080316118544}, "39": {"pvalue": 0.06760723647003157, "statistic": -0.04727244163146263}, "40": {"pvalue": 0.5987267860081293, "statistic": 0.00791714566785598}, "41": {"pvalue": 0.9262099356971645, "statistic": 0.04582721262553435}, "42": {"pvalue": 0.8942453418545206, "statistic": 0.03954432260463242}, "43": {"pvalue": 0.14622494905567018, "statistic": -0.03332370303820109}, "44": {"pvalue": 0.007157993222448318, "statistic": -0.07743216047775647}, "45": {"pvalue": 0.7347661306291511, "statistic": 0.01985960246183106}, "46": {"pvalue": 0.5194787275541403, "statistic": 0.0015465588325924186}, "47": {"pvalue": 0.7657040569647694, "statistic": 0.022944985012840428}, "48": {"pvalue": 0.4431017909130872, "statistic": -0.004531168560117052}, "49": {"pvalue": 0.31511288149390154, "statistic": -0.015241671536565993}, "50": {"pvalue": 0.3247822261281992, "statistic": -0.01438560590746549}, "51": {"pvalue": 0.20518566019917167, "statistic": -0.026061319834192603}, "52": {"pvalue": 0.5537117232635413, "statistic": 0.004275815867036567}, "53": {"pvalue": 0.31644227934100044, "statistic": -0.015123326952395573}, "54": {"pvalue": 0.48588084336749093, "statistic": -0.0011208119890355698}, "55": {"pvalue": 0.32468575743850187, "statistic": -0.014394093974746985}, "56": {"pvalue": 0.6016218097870303, "statistic": 0.008154421184800947}, "57": {"pvalue": 0.7565493964546808, "statistic": 0.022010471549485867}, "58": {"pvalue": 0.3267101953774332, "statistic": -0.01421618349975073}, "59": {"pvalue": 0.02803741556992415, "statistic": -0.06043420887345945}, "60": {"pvalue": 0.7033352404543717, "statistic": 0.016907050862255642}, "61": {"pvalue": 0.2041374040011166, "statistic": -0.026178190528870843}, "62": {"pvalue": 0.6658880603175895, "statistic": 0.013569455459335383}, "63": {"pvalue": 0.7924686225122607, "statistic": 0.02580107026193231}, "64": {"pvalue": 0.49748943920689637, "statistic": -0.0001992540048850744}, "65": {"pvalue": 0.8765588375984826, "statistic": 0.03665129549326801}, "66": {"pvalue": 0.5718381399045476, "statistic": 0.0057326122764626754}, "67": {"pvalue": 0.18179065286389504, "statistic": -0.028761285830833243}, "68": {"pvalue": 0.7789916923433854, "statistic": 0.024338186572983964}, "69": {"pvalue": 0.011343470624576767, "statistic": -0.07205418075998907}, "70": {"pvalue": 0.2611904846762043, "statistic": -0.020251697410622316}, "71": {"pvalue": 0.24808762596312123, "statistic": -0.02154438071676359}, "72": {"pvalue": 0.1062195299833691, "statistic": -0.03946401618310458}, "73": {"pvalue": 0.0038223105476270047, "statistic": -0.08430506076364229}, "74": {"pvalue": 0.15561392526962542, "statistic": -0.032054635164265446}, "75": {"pvalue": 0.5706859688057584, "statistic": 0.00563968494225856}, "76": {"pvalue": 0.49378227691765286, "statistic": -0.0004934945806074342}, "77": {"pvalue": 0.16770647979546596, "statistic": -0.030492268545758202}, "78": {"pvalue": 0.2699203858397378, "statistic": -0.01940891213791099}, "79": {"pvalue": 0.9213670167678443, "statistic": 0.04475850671785488}, "80": {"pvalue": 0.3436036446550955, "statistic": -0.012748270723688494}, "81": {"pvalue": 0.9938027339366574, "statistic": 0.07905441582783997}, "82": {"pvalue": 0.22887590498907262, "statistic": -0.02350777273223818}, "83": {"pvalue": 0.2623594159513761, "statistic": -0.020138027368924435}, "84": {"pvalue": 0.07223262278163231, "statistic": -0.046182244605137236}, "85": {"pvalue": 0.39767620257657516, "statistic": -0.00821202438184466}, "86": {"pvalue": 0.8387707989833781, "statistic": 0.03131965825914579}, "87": {"pvalue": 0.14964056311977653, "statistic": -0.03285592174593701}, "88": {"pvalue": 0.7523282289427575, "statistic": 0.0215859890807973}, "89": {"pvalue": 0.1110553434138693, "statistic": -0.03864326065558254}, "90": {"pvalue": 0.32262913076480265, "statistic": -0.014575299235197934}, "91": {"pvalue": 0.7284941114507928, "statistic": 0.01925732785115443}, "92": {"pvalue": 0.9541587923125164, "statistic": 0.05336336431753499}, "93": {"pvalue": 0.05425936007959365, "statistic": -0.050781743948684656}, "94": {"pvalue": 0.6613156623432814, "statistic": 0.013172765697102597}, "95": {"pvalue": 0.9271639788547884, "statistic": 0.04604400700290915}, "96": {"pvalue": 0.4700894490955125, "statistic": -0.0023761001444210887}, "97": {"pvalue": 0.22982532793703864, "statistic": -0.023408657242222724}, "98": {"pvalue": 0.4489875962607509, "statistic": -0.004059720511067471}, "99": {"pvalue": 0.6535827912620609, "statistic": 0.01250651333505607}}