{"0": {"pvalue": 1.8483664235518274e-37, "statistic": -0.3874192542665284}, "1": {"pvalue": 0.02755113166150763, "statistic": -0.06067466582371636}, "2": {"pvalue": 3.639664971500854e-67, "statistic": -0.5084899250599402}, "3": {"pvalue": 4.232915646002843e-08, "statistic": -0.168399746197426}, "4": {"pvalue": 0.001192374873636882, "statistic": -0.09595544582665562}, "5": {"pvalue": 1.1750698324081168e-77, "statistic": -0.5417663079348629}, "6": {"pvalue": 3.799453044176182e-11, "statistic": -0.20390070510360925}, "7": {"pvalue": 2.0650484753277536e-14, "statistic": -0.23588299778457236}, "8": {"pvalue": 0.0008814949057666526, "statistic": -0.09878185234249383}, "9": {"pvalue": 1.3294246933299151e-06, "statistic": -0.14785456543036407}, "10": {"pvalue": 0.19087043728304198, "statistic": -0.027689555257841055}, "11": {"pvalue": 4.419494196032396e-68, "statistic": -0.5115461203791144}, "12": {"pvalue": 3.077838451800074e-76, "statistic": -0.5374788468972538}, "13": {"pvalue": 1.4673019781188733e-12, "statistic": -0.21835689940065323}, "14": {"pvalue": 2.5810596265457133e-06, "statistic": -0.14357163644362886}, "15": {"pvalue": 1.6749390537192138e-12, "statistic": -0.21778865507085943}, "16": {"pvalue": 1.6447304542580675e-05, "statistic": -0.13091000668977745}, "17": {"pvalue": 4.1232417686573897e-07, "statistic": -0.15513205382700887}, "18": {"pvalue": 0.0024945473694972815, "statistic": -0.08872425728876658}, "19": {"pvalue": 1.0912192120151883e-17, "statistic": -0.26383881601458986}, "20": {"pvalue": 0.8506819162746744, "statistic": 0.03289977975794519}, "21": {"pvalue": 0.14024357723945957, "statistic": -0.03416087603087039}, "22": {"pvalue": 4.1513051041512294e-07, "statistic": -0.15509084768031564}, "23": {"pvalue": 0.0008388759466461652, "statistic": -0.09923878504285798}, "24": {"pvalue": 1.1642366704611413e-23, "statistic": -0.3076154807264958}, "25": {"pvalue": 9.994352163964479e-28, "statistic": -0.33363890972711285}, "26": {"pvalue": 0.00011383018302876772, "statistic": -0.11631632304603072}, "27": {"pvalue": 0.22804849923450876, "statistic": -0.023594338217065993}, "28": {"pvalue": 3.230287535764555e-05, "statistic": -0.1259970188733491}, "29": {"pvalue": 0.09147947696279488, "statistic": -0.04214603658998046}, "30": {"pvalue": 3.0883699214522692e-142, "statistic": -0.6894343684939316}, "31": {"pvalue": 1.8993920053982581e-31, "statistic": -0.35543652199227443}, "32": {"pvalue": 1.40944143939457e-20, "statistic": -0.2859833548987378}, "33": {"pvalue": 6.391594064549461e-07, "statistic": -0.15244679439304026}, "34": {"pvalue": 0.0017911670922049715, "statistic": -0.09202958378058924}, "35": {"pvalue": 3.3736846151601893e-91, "statistic": -0.5798422334355106}, "36": {"pvalue": 2.428177742740838e-12, "statistic": -0.21618575917619512}, "37": {"pvalue": 1.8980534633504824e-09, "statistic": -0.18496910625617177}, "38": {"pvalue": 0.02734386333590367, "statistic": -0.060778230394784305}, "39": {"pvalue": 0.4906868045734128, "statistic": -0.0007392163499248078}, "40": {"pvalue": 7.112894191005283e-65, "statistic": -0.5007047933728624}, "41": {"pvalue": 0.01050880205367679, "statistic": -0.07296883887933775}, "42": {"pvalue": 0.00026276291373371693, "statistic": -0.10945601038305659}, "43": {"pvalue": 5.025743326077726e-11, "statistic": -0.202607484781039}, "44": {"pvalue": 0.00011394313458360776, "statistic": -0.11630840828180761}, "45": {"pvalue": 0.37807196043996727, "statistic": -0.009832464561739893}, "46": {"pvalue": 0.015145363100988686, "statistic": -0.06850859283605515}, "47": {"pvalue": 0.013226405136608227, "statistic": -0.07018792667326904}, "48": {"pvalue": 9.010716049874205e-07, "statistic": -0.15031027772981811}, "49": {"pvalue": 7.071156210812476e-05, "statistic": -0.12006033329202773}, "50": {"pvalue": 0.0001578990172271123, "statistic": -0.11367749501674375}, "51": {"pvalue": 1.201289182845739e-10, "statistic": -0.19852246162149523}, "52": {"pvalue": 0.009092602230283483, "statistic": -0.07467657264019892}, "53": {"pvalue": 0.00401504153491894, "statistic": -0.08378309745852637}, "54": {"pvalue": 9.499584923300588e-46, "statistic": -0.42641836626489676}, "55": {"pvalue": 0.011307755959527295, "statistic": -0.07209210139686681}, "56": {"pvalue": 0.0024619413732569853, "statistic": -0.08885754449021104}, "57": {"pvalue": 0.0012002339744296338, "statistic": -0.09589317274856286}, "58": {"pvalue": 0.7712753925177737, "statistic": 0.023523588768210073}, "59": {"pvalue": 0.326820267111956, "statistic": -0.01420652312734742}, "60": {"pvalue": 1.8353705182092783e-07, "statistic": -0.15997418930199606}, "61": {"pvalue": 4.375784730025356e-06, "statistic": -0.14007391496721391}, "62": {"pvalue": 0.038409193761217056, "statistic": -0.05598113549091773}, "63": {"pvalue": 4.792866578022076e-55, "statistic": -0.46481836398964843}, "64": {"pvalue": 0.0003781801830694462, "statistic": -0.10634550745485448}, "65": {"pvalue": 0.6927508141638536, "statistic": 0.015946146903242545}, "66": {"pvalue": 5.14507446937032e-48, "statistic": -0.4362425891813719}, "67": {"pvalue": 0.05612315758664814, "statistic": -0.050253686009749624}, "68": {"pvalue": 0.07018725516997402, "statistic": -0.04665751565903427}, "69": {"pvalue": 0.0035018381936083153, "statistic": -0.08522757161419263}, "70": {"pvalue": 1.49874165448563e-13, "statistic": -0.22791517462019747}, "71": {"pvalue": 0.0048731124464247546, "statistic": -0.08170106937680759}, "72": {"pvalue": 0.003518202772420479, "statistic": -0.08517866639895716}, "73": {"pvalue": 7.189033064338811e-18, "statistic": -0.2652899455362817}, "74": {"pvalue": NaN, "statistic": NaN}, "75": {"pvalue": 0.0005132930268813964, "statistic": -0.10367171786440903}, "76": {"pvalue": 1.5133082230499923e-10, "statistic": -0.19742531711637262}, "77": {"pvalue": 3.064251919539138e-13, "statistic": -0.22496550064861276}, "78": {"pvalue": 0.26955163383393765, "statistic": -0.019444230863909777}, "79": {"pvalue": 0.42655195337603236, "statistic": -0.005862540685013653}, "80": {"pvalue": 0.050766332259166255, "statistic": -0.05181131383411353}, "81": {"pvalue": 2.8569100680819784e-11, "statistic": -0.20521014362329354}, "82": {"pvalue": 1.0372947718068937e-06, "statistic": -0.1494258420524444}, "83": {"pvalue": 0.00201592358861151, "statistic": -0.09086181308712814}, "84": {"pvalue": 1.1790050874850013e-115, "statistic": -0.637919652004322}, "85": {"pvalue": 0.05788656116302112, "statistic": -0.04976663690499921}, "86": {"pvalue": 0.4229344644702085, "statistic": -0.006154855556670062}, "87": {"pvalue": 9.376373788648522e-09, "statistic": -0.17663991382472977}, "88": {"pvalue": 3.23333767446411e-09, "statistic": -0.18223442588353567}, "89": {"pvalue": 0.27449340960285074, "statistic": -0.018972891370411634}, "90": {"pvalue": 4.70991512225416e-18, "statistic": -0.26675136743590466}, "91": {"pvalue": 7.667868977984249e-66, "statistic": -0.5040166549071572}, "92": {"pvalue": 3.5945605096191976e-44, "statistic": -0.41938142845872095}, "93": {"pvalue": 4.860001505517196e-100, "statistic": -0.6022498948202448}, "94": {"pvalue": 1.9227394806349214e-08, "statistic": -0.17276307729632337}, "95": {"pvalue": 5.072525563405391e-33, "statistic": -0.3641615772204219}, "96": {"pvalue": 1.0234991917406843e-64, "statistic": -0.5001602530262814}, "97": {"pvalue": 6.797158485722126e-24, "statistic": -0.30918300243734015}, "98": {"pvalue": 0.00012841163017355124, "statistic": -0.11535079496230852}, "99": {"pvalue": 0.5694661472912, "statistic": 0.0055413541425083975}}