{"0": {"pvalue": 0.24807957255898994, "statistic": -0.021545186147095198}, "1": {"pvalue": 0.389887386843929, "statistic": -0.008853024741143745}, "2": {"pvalue": 0.05601385475613732, "statistic": -0.05028426944227712}, "3": {"pvalue": 0.18412911880600508, "statistic": -0.02848215137569623}, "4": {"pvalue": 0.8804580589588298, "statistic": 0.03726252893364232}, "5": {"pvalue": 0.6393782078971032, "statistic": 0.011296689168298504}, "6": {"pvalue": 0.6491759899580605, "statistic": 0.012129308065255744}, "7": {"pvalue": 0.03788927885469312, "statistic": -0.05617921034471271}, "8": {"pvalue": 0.7880231192150848, "statistic": 0.025312570132953287}, "9": {"pvalue": 0.6780613342668287, "statistic": 0.014636241490851326}, "10": {"pvalue": 0.732191754576655, "statistic": 0.019611539741842945}, "11": {"pvalue": 0.17080374075883054, "statistic": -0.030103902860161794}, "12": {"pvalue": 0.6487359563757571, "statistic": 0.012091737988425326}, "13": {"pvalue": 0.07165046979027631, "statistic": -0.04631645502865769}, "14": {"pvalue": 0.07718434064696388, "statistic": -0.045072816409635036}, "15": {"pvalue": 0.8286416770582437, "statistic": 0.030034840744028717}, "16": {"pvalue": 0.5862942772163933, "statistic": 0.006903033910387808}, "17": {"pvalue": 0.994693379685201, "statistic": 0.0807709096696135}, "18": {"pvalue": 0.8609094349279764, "statistic": 0.03432501812235093}, "19": {"pvalue": 0.21332226014603345, "statistic": -0.02516591544476303}, "20": {"pvalue": 0.8227848397905804, "statistic": 0.02931401460626912}, "21": {"pvalue": 0.19832222410816874, "statistic": -0.02683312657241589}, "22": {"pvalue": 0.21197961053264225, "statistic": -0.025312272024598032}, "23": {"pvalue": 0.3448490346137343, "statistic": -0.012641169019708607}, "24": {"pvalue": 0.9722112411121507, "statistic": 0.060556726931464695}, "25": {"pvalue": 0.6080437706720635, "statistic": 0.00868242122184484}, "26": {"pvalue": 0.8208251062662254, "statistic": 0.02907619085793124}, "27": {"pvalue": 0.2548606460343525, "statistic": -0.020871836475945992}, "28": {"pvalue": 0.0703145266432681, "statistic": -0.04662763448057335}, "29": {"pvalue": 0.7438140002661006, "statistic": 0.02074133490035088}, "30": {"pvalue": 0.6287343870112116, "statistic": 0.0104009109167185}, "31": {"pvalue": 0.8806995183297803, "statistic": 0.03730083763991945}, "32": {"pvalue": 0.20283157585637607, "statistic": -0.02632427851616032}, "33": {"pvalue": 0.09768175312597838, "statistic": -0.04098158274960613}, "34": {"pvalue": 0.7603237616154044, "statistic": 0.022393397102200518}, "35": {"pvalue": 0.06391194452251645, "statistic": -0.04818554553160949}, "36": {"pvalue": 0.19049806755744764, "statistic": -0.027732881849054637}, "37": {"pvalue": 0.09993072845560211, "statistic": -0.040572756496597556}, "38": {"pvalue": 0.5982732825416712, "statistic": 0.007880017149945974}, "39": {"pvalue": 0.7626856466703673, "statistic": 0.022634692104541495}, "40": {"pvalue": 0.2544901339375856, "statistic": -0.02090838246709279}, "41": {"pvalue": 0.23457572453168768, "statistic": -0.022916131151266415}, "42": {"pvalue": 0.43759987952556945, "statistic": -0.004972773960239581}, "43": {"pvalue": 0.6356492529491156, "statistic": 0.010981870522474433}, "44": {"pvalue": 0.8868467404887237, "statistic": 0.038295144680306266}, "45": {"pvalue": 0.6994102985642956, "statistic": 0.01654895670276331}, "46": {"pvalue": 0.4869490359716897, "statistic": -0.0010359848790785912}, "47": {"pvalue": 0.10552586500139352, "statistic": -0.03958394010710411}, "48": {"pvalue": 0.019054699970238186, "statistic": -0.06558681271525156}, "49": {"pvalue": 0.37095425376563007, "statistic": -0.010426993582671254}, "50": {"pvalue": 0.5251388919243984, "statistic": 0.0019964887612436083}, "51": {"pvalue": 0.24809701354455227, "statistic": -0.021543441871383788}, "52": {"pvalue": 0.42896295272252327, "statistic": -0.005667995688845454}, "53": {"pvalue": 0.10096988550799185, "statistic": -0.04038612030882983}, "54": {"pvalue": 0.11399002028416166, "statistic": -0.038157580943503036}, "55": {"pvalue": 0.30610095428874406, "statistic": -0.01604966660372881}, "56": {"pvalue": 0.8084956973310657, "statistic": 0.0276159215909962}, "57": {"pvalue": 0.4760597073306576, "statistic": -0.00190118083065592}, "58": {"pvalue": 0.3220261196977039, "statistic": -0.014628519583371417}, "59": {"pvalue": 0.303739212139095, "statistic": -0.016263132729120788}, "60": {"pvalue": 0.48332271170006047, "statistic": -0.001323991667962748}, "61": {"pvalue": 0.8343549374970148, "statistic": 0.030753310943117017}, "62": {"pvalue": 0.2772523727026405, "statistic": -0.018711567487564612}, "63": {"pvalue": 0.64010873598797, "statistic": 0.011358494204751823}, "64": {"pvalue": 0.8694039762088631, "statistic": 0.03556390017181266}, "65": {"pvalue": 0.11448533787395082, "statistic": -0.038076488813312326}, "66": {"pvalue": 0.7502918532128623, "statistic": 0.021382592530892603}, "67": {"pvalue": 0.9615940858727648, "statistic": 0.05598237809044149}, "68": {"pvalue": 0.10181292678681853, "statistic": -0.04023573189336974}, "69": {"pvalue": 0.44726412174852614, "statistic": -0.004197671685721813}, "70": {"pvalue": 0.9010810850960314, "statistic": 0.04075584656937731}, "71": {"pvalue": 0.8394028580013196, "statistic": 0.031401543014710855}, "72": {"pvalue": 0.38655450448632817, "statistic": -0.009128408200592195}, "73": {"pvalue": 0.5175701675301186, "statistic": 0.0013949210172360437}, "74": {"pvalue": 0.755771133072983, "statistic": 0.021931913584378526}, "75": {"pvalue": 0.9236727388930994, "statistic": 0.045260887771393934}, "76": {"pvalue": 0.3702374534712284, "statistic": -0.010487067083252623}, "77": {"pvalue": 0.6272713833497923, "statistic": 0.010278448598909232}, "78": {"pvalue": 0.9285897914760992, "statistic": 0.04637208875813021}, "79": {"pvalue": 0.6495376429320664, "statistic": 0.01216019877526431}, "80": {"pvalue": 0.3091737614432814, "statistic": -0.015773015657981972}, "81": {"pvalue": 0.24948740767368577, "statistic": -0.021404597618640255}, "82": {"pvalue": 0.15084122025543756, "statistic": -0.03269318051636036}, "83": {"pvalue": 0.8727640733500247, "statistic": 0.03606927126122882}, "84": {"pvalue": 0.16262015809860103, "statistic": -0.031140189662895973}, "85": {"pvalue": 0.6357484563993828, "statistic": 0.010990231656720383}, "86": {"pvalue": 0.30077860711685434, "statistic": -0.016531775368430607}, "87": {"pvalue": 0.08226077271729394, "statistic": -0.043990163187311096}, "88": {"pvalue": 0.3096007355313575, "statistic": -0.01573466979975577}, "89": {"pvalue": 0.12737481936503847, "statistic": -0.036048199132698425}, "90": {"pvalue": 0.10395047067220524, "statistic": -0.0398584322870827}, "91": {"pvalue": 0.24349378687425466, "statistic": -0.022006109076736675}, "92": {"pvalue": 0.9718343961644046, "statistic": 0.06037140058530769}, "93": {"pvalue": 0.874320851194787, "statistic": 0.03630655960592581}, "94": {"pvalue": 0.6770856502458493, "statistic": 0.01455014080222287}, "95": {"pvalue": 0.6216976656711114, "statistic": 0.009813280692984209}, "96": {"pvalue": 0.9369812489970151, "statistic": 0.04841237515510737}, "97": {"pvalue": 0.2971256880860299, "statistic": -0.016864886582301845}, "98": {"pvalue": 0.6659093953321107, "statistic": 0.013571311377945683}, "99": {"pvalue": 0.15914961472039352, "statistic": -0.03158986919217038}}