{"0": {"pvalue": 0.3109361450784711, "statistic": -0.015614887117076245}, "1": {"pvalue": 0.673290600169265, "statistic": 0.014216253325186182}, "2": {"pvalue": 0.9844374893366867, "statistic": 0.06816792735175943}, "3": {"pvalue": 0.2870869006197371, "statistic": -0.017790162945339683}, "4": {"pvalue": 0.11329298726477428, "statistic": -0.03827212313029098}, "5": {"pvalue": 0.03587663033315948, "statistic": -0.05696751947222839}, "6": {"pvalue": 0.12385894804533992, "statistic": -0.036586611036556436}, "7": {"pvalue": 0.5315746812387161, "statistic": 0.0025085682151943273}, "8": {"pvalue": 0.9280067884796156, "statistic": 0.04623733821799083}, "9": {"pvalue": 0.36887649533326494, "statistic": -0.01060123009740743}, "10": {"pvalue": 0.8106414936445759, "statistic": 0.027865797662604594}, "11": {"pvalue": 0.8244584343262487, "statistic": 0.02951843009617316}, "12": {"pvalue": 0.3905263276993979, "statistic": -0.008800308419962466}, "13": {"pvalue": 0.8321753213484981, "statistic": 0.030477363506515424}, "14": {"pvalue": 0.10364785149628962, "statistic": -0.039911503891260046}, "15": {"pvalue": 0.2976446778958425, "statistic": -0.016817446763101377}, "16": {"pvalue": 0.01271326507930675, "statistic": -0.07067249385134361}, "17": {"pvalue": 0.7738809572123841, "statistic": 0.02379689158656906}, "18": {"pvalue": 0.30891430224485195, "statistic": -0.01579632856034838}, "19": {"pvalue": 0.4813001579667274, "statistic": -0.001484671186288968}, "20": {"pvalue": 0.03514850218853985, "statistic": -0.05726162830578107}, "21": {"pvalue": 0.5307714973631407, "statistic": 0.002444627856763261}, "22": {"pvalue": 0.6065896814464933, "statistic": 0.008562663015210014}, "23": {"pvalue": 0.0240349078071116, "statistic": -0.06252737665110288}, "24": {"pvalue": 0.04415239806061709, "statistic": -0.05392635493126203}, "25": {"pvalue": 0.05194932470459507, "statistic": -0.05145650561952148}, "26": {"pvalue": 0.6473672776123027, "statistic": 0.011974988494625605}, "27": {"pvalue": 0.5746014443389873, "statistic": 0.005955686803310799}, "28": {"pvalue": 0.7521490775122686, "statistic": 0.021568059522130863}, "29": {"pvalue": 0.6153474790394351, "statistic": 0.009285870155419687}, "30": {"pvalue": 0.552598061426482, "statistic": 0.004186637592558319}, "31": {"pvalue": 0.6430069206805729, "statistic": 0.01160411903980475}, "32": {"pvalue": 0.7133091411210479, "statistic": 0.0178269738955358}, "33": {"pvalue": 0.7902439699115577, "statistic": 0.025555851547763336}, "34": {"pvalue": 0.2688995380165169, "statistic": -0.019506747242904642}, "35": {"pvalue": 0.46782303949273696, "statistic": -0.002556521523998351}, "36": {"pvalue": 0.4085319333866693, "statistic": -0.00732413841340741}, "37": {"pvalue": 0.18757008721102308, "statistic": -0.028075390124951378}, "38": {"pvalue": 0.8959468390110807, "statistic": 0.03984044847958602}, "39": {"pvalue": 0.043193165499278166, "statistic": -0.05425388902393233}, "40": {"pvalue": 0.6910083765512691, "statistic": 0.01578938020903482}, "41": {"pvalue": 0.8565001464351392, "statistic": 0.03370219597969205}, "42": {"pvalue": 0.9270820126490128, "statistic": 0.046025296304874876}, "43": {"pvalue": 0.17035163386239122, "statistic": -0.03016030981570821}, "44": {"pvalue": 0.010945102818010862, "statistic": -0.07248315904522759}, "45": {"pvalue": 0.5340049952172867, "statistic": 0.0027021054657350866}, "46": {"pvalue": 0.7303428760967572, "statistic": 0.019434124656451755}, "47": {"pvalue": 0.7242322910735575, "statistic": 0.01885203272358445}, "48": {"pvalue": 0.3568048448972626, "statistic": -0.01162009613081898}, "49": {"pvalue": 0.42741189547794106, "statistic": -0.005793126458821653}, "50": {"pvalue": 0.35115777496818334, "statistic": -0.012100809649526523}, "51": {"pvalue": 0.3067071822284133, "statistic": -0.01599499037555416}, "52": {"pvalue": 0.30850596795083435, "statistic": -0.015833035509183704}, "53": {"pvalue": 0.21064463305544529, "statistic": -0.025458330022266645}, "54": {"pvalue": 0.44283285855548415, "statistic": -0.00455273300331282}, "55": {"pvalue": 0.2204412782130855, "statistic": -0.02439867996619853}, "56": {"pvalue": 0.5552804056402667, "statistic": 0.0044014882927935215}, "57": {"pvalue": 0.6446277729674723, "statistic": 0.01174179206930536}, "58": {"pvalue": 0.4574138931000935, "statistic": -0.003386315879055968}, "59": {"pvalue": 0.00884722157865671, "statistic": -0.07499582120200483}, "60": {"pvalue": 0.6189100226046196, "statistic": 0.0095814286029077}, "61": {"pvalue": 0.04959394127034916, "statistic": -0.05216948869911745}, "62": {"pvalue": 0.514161981303436, "statistic": 0.0011242129371637213}, "63": {"pvalue": 0.8108153979033197, "statistic": 0.027886124625175868}, "64": {"pvalue": 0.41486448289725564, "statistic": -0.006808889748965864}, "65": {"pvalue": 0.7992617758530425, "statistic": 0.026559645740634186}, "66": {"pvalue": 0.5911561963830785, "statistic": 0.007298718778946674}, "67": {"pvalue": 0.1709247669963262, "statistic": -0.030088819260057777}, "68": {"pvalue": 0.6239160372697605, "statistic": 0.009998161285898123}, "69": {"pvalue": 0.03785845444693174, "statistic": -0.05619102305291468}, "70": {"pvalue": 0.31364299628293024, "statistic": -0.015372770579577413}, "71": {"pvalue": 0.1766236096463913, "statistic": -0.029386127650877596}, "72": {"pvalue": 0.1430516085941408, "statistic": -0.03376491567008678}, "73": {"pvalue": 0.0026688464246128847, "statistic": -0.0880373607033722}, "74": {"pvalue": 0.1817315694438974, "statistic": -0.0287683673332933}, "75": {"pvalue": 0.812614374210255, "statistic": 0.028097077891876415}, "76": {"pvalue": 0.25511203870625576, "statistic": -0.02084705581058142}, "77": {"pvalue": 0.24921576425664282, "statistic": -0.021431691449308354}, "78": {"pvalue": 0.2739063831194513, "statistic": -0.019028659778982885}, "79": {"pvalue": 0.8891643452219895, "statistic": 0.03867998543058651}, "80": {"pvalue": 0.279274375025805, "statistic": -0.018520853403092518}, "81": {"pvalue": 0.9895605270343522, "statistic": 0.0730476233517808}, "82": {"pvalue": 0.30891973779119714, "statistic": -0.015795840078493467}, "83": {"pvalue": 0.23547982226918085, "statistic": -0.022823021215558778}, "84": {"pvalue": 0.06736301459432589, "statistic": -0.047331581363121884}, "85": {"pvalue": 0.2240238160048849, "statistic": -0.024017955318987476}, "86": {"pvalue": 0.8430860729905885, "statistic": 0.03188295188409786}, "87": {"pvalue": 0.14810791721890404, "statistic": -0.03306493115839558}, "88": {"pvalue": 0.8636244134574476, "statistic": 0.034715210649975396}, "89": {"pvalue": 0.07627514627807067, "statistic": -0.04527237510091835}, "90": {"pvalue": 0.2319619705316875, "statistic": -0.02318643455180575}, "91": {"pvalue": 0.6887697651517299, "statistic": 0.01558853806961755}, "92": {"pvalue": 0.9697059310318908, "statistic": 0.0593617094606956}, "93": {"pvalue": 0.07073431824479297, "statistic": -0.046529367964358144}, "94": {"pvalue": 0.6179632395205306, "statistic": 0.009502800547381575}, "95": {"pvalue": 0.9462275835661087, "statistic": 0.05092206227848447}, "96": {"pvalue": 0.1600866244136021, "statistic": -0.03146783535334151}, "97": {"pvalue": 0.17789194458724022, "statistic": -0.02923169705481243}, "98": {"pvalue": 0.23738478081014341, "statistic": -0.022627478130778582}, "99": {"pvalue": 0.4995569155945426, "statistic": -3.516576009731895e-05}}