{"0": {"pvalue": 0.07631557864241613, "statistic": -0.04526346234197799}, "1": {"pvalue": 0.5491134579670689, "statistic": 0.003907813127889516}, "2": {"pvalue": 0.18016398882135537, "statistic": -0.028956779553758933}, "3": {"pvalue": 0.37055350595968767, "statistic": -0.010460574765846359}, "4": {"pvalue": 3.064724810699601e-05, "statistic": -0.12638639337491217}, "5": {"pvalue": NaN, "statistic": NaN}, "6": {"pvalue": 3.570435792491242e-13, "statistic": -0.2243295529595603}, "7": {"pvalue": 1.5182389313425788e-05, "statistic": -0.13148102754612986}, "8": {"pvalue": 0.436607011982362, "statistic": -0.005052565960479841}, "9": {"pvalue": NaN, "statistic": NaN}, "10": {"pvalue": NaN, "statistic": NaN}, "11": {"pvalue": 0.26916502419295835, "statistic": -0.019481285947751305}, "12": {"pvalue": 8.841998520860741e-56, "statistic": -0.46765109690363105}, "13": {"pvalue": 0.012296162263666513, "statistic": -0.07107898426932768}, "14": {"pvalue": 0.045407526213016455, "statistic": -0.05350632731650644}, "15": {"pvalue": NaN, "statistic": NaN}, "16": {"pvalue": 0.3671766505273736, "statistic": -0.010744014131004228}, "17": {"pvalue": 0.2761972939900746, "statistic": -0.018811351339884787}, "18": {"pvalue": 0.0001780244555831819, "statistic": -0.1126960409182635}, "19": {"pvalue": NaN, "statistic": NaN}, "20": {"pvalue": 1.913987274592013e-64, "statistic": -0.4992212644875156}, "21": {"pvalue": NaN, "statistic": NaN}, "22": {"pvalue": 0.8893140619779281, "statistic": 0.038705043035163575}, "23": {"pvalue": 0.010794654129433763, "statistic": -0.07264870253570818}, "24": {"pvalue": 0.00014767817984837503, "statistic": -0.1142216431014035}, "25": {"pvalue": 1.5623295558092846e-25, "statistic": -0.3199160953940667}, "26": {"pvalue": 0.2038873652840577, "statistic": -0.02620612015140048}, "27": {"pvalue": 1.8282149607749686e-06, "statistic": -0.14581304438401085}, "28": {"pvalue": 1.8142243214247298e-17, "statistic": -0.26205893046188977}, "29": {"pvalue": 3.102999662395587e-10, "statistic": -0.19397234474281444}, "30": {"pvalue": 0.8041325663989345, "statistic": 0.027113062482176594}, "31": {"pvalue": 0.680860009570089, "statistic": 0.014883818383757744}, "32": {"pvalue": 3.641827201152349e-91, "statistic": -0.579754665247992}, "33": {"pvalue": 0.05622726523093538, "statistic": -0.05022459979167773}, "34": {"pvalue": 0.41476775188978143, "statistic": -0.006816746407227292}, "35": {"pvalue": 0.20584073747506676, "statistic": -0.025988464710013016}, "36": {"pvalue": 0.13505160028391278, "statistic": -0.034907417191223186}, "37": {"pvalue": 0.05366184044071212, "statistic": -0.050954065879229855}, "38": {"pvalue": 0.6204073927353599, "statistic": 0.009705902356219926}, "39": {"pvalue": 0.011994662524259361, "statistic": -0.07138030689965277}, "40": {"pvalue": 9.318295257412349e-08, "statistic": -0.16392090363307413}, "41": {"pvalue": 0.15254573710669223, "statistic": -0.03246361619539615}, "42": {"pvalue": 0.009413368304389484, "statistic": -0.07427041581878403}, "43": {"pvalue": NaN, "statistic": NaN}, "44": {"pvalue": NaN, "statistic": NaN}, "45": {"pvalue": 0.7591518233204189, "statistic": 0.02227415091926132}, "46": {"pvalue": 1.5159199968982622e-07, "statistic": -0.16109724600798717}, "47": {"pvalue": 0.059664104053196325, "statistic": -0.04928732970778549}, "48": {"pvalue": 0.8761161357937438, "statistic": 0.036582758167120324}, "49": {"pvalue": 0.3708773823434205, "statistic": -0.010433434214411693}, "50": {"pvalue": 0.7664884930873339, "statistic": 0.02302598563224533}, "51": {"pvalue": 6.137281832538268e-07, "statistic": -0.1526974557749941}, "52": {"pvalue": 0.0010397829157636233, "statistic": -0.09724555288408071}, "53": {"pvalue": 0.40791469012999204, "statistic": -0.007374462031311433}, "54": {"pvalue": NaN, "statistic": NaN}, "55": {"pvalue": 0.02412473022793547, "statistic": -0.062477307006528406}, "56": {"pvalue": 0.13224364200625352, "statistic": -0.03531937126043165}, "57": {"pvalue": 0.034205677673709724, "statistic": -0.05764996771308245}, "58": {"pvalue": 1.2111631741983602e-10, "statistic": -0.19848367340015827}, "59": {"pvalue": 0.27161002215516505, "statistic": -0.01924738745679349}, "60": {"pvalue": 0.0005613163050051293, "statistic": -0.10287719288019427}, "61": {"pvalue": 0.8768406360037767, "statistic": 0.03669501198297329}, "62": {"pvalue": 0.00011081258424532304, "statistic": -0.116530545073904}, "63": {"pvalue": 0.004372350954822612, "statistic": -0.08287202445950963}, "64": {"pvalue": 0.76702048999235, "statistic": 0.023081005226517647}, "65": {"pvalue": 0.06265602312982733, "statistic": -0.04850520523152809}, "66": {"pvalue": 0.1489620490220515, "statistic": -0.03294827478192036}, "67": {"pvalue": 0.014339464150460965, "statistic": -0.06919019783094307}, "68": {"pvalue": 0.3826596526118038, "statistic": -0.009451102782488313}, "69": {"pvalue": 0.8501073420782906, "statistic": 0.03282168005171205}, "70": {"pvalue": 0.17615709759569487, "statistic": -0.029443105476706352}, "71": {"pvalue": 2.1646939499809844e-05, "statistic": -0.12893177034930137}, "72": {"pvalue": 0.23287345912741042, "statistic": -0.023091981426095243}, "73": {"pvalue": 0.0010459751913761465, "statistic": -0.09718992196562158}, "74": {"pvalue": 1.0847016277504197e-56, "statistic": -0.4711310173765396}, "75": {"pvalue": 0.0005432156116118344, "statistic": -0.10316901101096947}, "76": {"pvalue": 0.002391238405941914, "statistic": -0.08915213044097386}, "77": {"pvalue": 0.0009699162800769198, "statistic": -0.09789518684819443}, "78": {"pvalue": NaN, "statistic": NaN}, "79": {"pvalue": 0.21387201319565574, "statistic": -0.02510614403642165}, "80": {"pvalue": 0.7425642131789967, "statistic": 0.020618595678788026}, "81": {"pvalue": NaN, "statistic": NaN}, "82": {"pvalue": 5.066545303511868e-12, "statistic": -0.21297337863807586}, "83": {"pvalue": 1.0744096190564758e-09, "statistic": -0.1878456956960843}, "84": {"pvalue": 1.8864969693075973e-05, "statistic": -0.12992591384998714}, "85": {"pvalue": 0.242627749376923, "statistic": -0.022093677997939612}, "86": {"pvalue": 0.4619629204519674, "statistic": -0.0030234252080389486}, "87": {"pvalue": NaN, "statistic": NaN}, "88": {"pvalue": 0.0006310616947523106, "statistic": -0.10182845533351112}, "89": {"pvalue": 0.0007778301036652723, "statistic": -0.09993189980062886}, "90": {"pvalue": NaN, "statistic": NaN}, "91": {"pvalue": 0.7863642918337519, "statistic": 0.02513182512358284}, "92": {"pvalue": 2.33490834965472e-20, "statistic": -0.28437181268254735}, "93": {"pvalue": NaN, "statistic": NaN}, "94": {"pvalue": 4.727749074115385e-06, "statistic": -0.13955425618829437}, "95": {"pvalue": 0.08544416941953632, "statistic": -0.04333666448113051}, "96": {"pvalue": 0.7140408642153846, "statistic": 0.017895048883529066}, "97": {"pvalue": 2.8693422475035017e-09, "statistic": -0.18285117953288652}, "98": {"pvalue": 0.13942102623329225, "statistic": -0.034277879719559375}, "99": {"pvalue": 0.07095937025677483, "statistic": -0.04647687102161117}}