{"0": {"pvalue": 0.6472025599221891, "statistic": 0.011960948918266191}, "1": {"pvalue": 0.17344454980203527, "statistic": -0.029776311859438694}, "2": {"pvalue": 0.9175491444424093, "statistic": 0.04395061439977634}, "3": {"pvalue": 0.7945288860568005, "statistic": 0.026029555860931197}, "4": {"pvalue": 0.12669777971590365, "statistic": -0.03615106755730021}, "5": {"pvalue": 0.6767121589853653, "statistic": 0.01451720996393379}, "6": {"pvalue": 0.38947989997685883, "statistic": -0.008886657561197964}, "7": {"pvalue": 0.07894661384298621, "statistic": -0.044691037076582986}, "8": {"pvalue": 0.8118444873538299, "statistic": 0.028006646634439147}, "9": {"pvalue": 0.32973865203821506, "statistic": -0.013950870799380463}, "10": {"pvalue": 0.5678712175571428, "statistic": 0.005412865872686884}, "11": {"pvalue": 0.21058508499454398, "statistic": -0.02546485769589412}, "12": {"pvalue": 0.3617030703357721, "statistic": -0.0112052882922859}, "13": {"pvalue": 0.8594635679669442, "statistic": 0.03411933132649607}, "14": {"pvalue": 0.9068492257007722, "statistic": 0.04182666969628899}, "15": {"pvalue": 0.09526335586986644, "statistic": -0.04142897121193814}, "16": {"pvalue": 0.8646344727527617, "statistic": 0.03486172741254958}, "17": {"pvalue": 0.6391582436996619, "statistic": 0.01127808791417117}, "18": {"pvalue": 0.6036126984641367, "statistic": 0.008317858953571792}, "19": {"pvalue": 0.7728541153476418, "statistic": 0.023688973664346805}, "20": {"pvalue": 0.7978839273808458, "statistic": 0.02640456249852553}, "21": {"pvalue": 0.8759033412052878, "statistic": 0.03654987506744686}, "22": {"pvalue": 0.5580563341990776, "statistic": 0.0046240483328351}, "23": {"pvalue": 0.09812183076311144, "statistic": -0.040901046531935104}, "24": {"pvalue": 0.46416742509084336, "statistic": -0.002847710212716052}, "25": {"pvalue": 0.11121358004345788, "statistic": -0.0386168408259788}, "26": {"pvalue": 0.23190009806419493, "statistic": -0.02319285356242703}, "27": {"pvalue": 0.09593863689857358, "statistic": -0.041303217495034746}, "28": {"pvalue": 0.5189950233566442, "statistic": 0.0015081246307159261}, "29": {"pvalue": 0.5453608654123846, "statistic": 0.0036078826156200074}, "30": {"pvalue": 0.5821343332353752, "statistic": 0.006565333807388517}, "31": {"pvalue": 0.23351670635485006, "statistic": -0.023025448244177276}, "32": {"pvalue": 0.2431722396891715, "statistic": -0.022038602490390587}, "33": {"pvalue": 0.9756886195033914, "statistic": 0.06237376072151293}, "34": {"pvalue": 0.6286905899091528, "statistic": 0.01039724258466354}, "35": {"pvalue": 0.09032076750198306, "statistic": -0.042369996346367}, "36": {"pvalue": 0.27999451034162126, "statistic": -0.0184530927765573}, "37": {"pvalue": 0.03401407970075118, "statistic": -0.057729956369853834}, "38": {"pvalue": 0.8881892429121337, "statistic": 0.03851737507941668}, "39": {"pvalue": 0.5629991123222738, "statistic": 0.005020908254772337}, "40": {"pvalue": 0.1977586183121408, "statistic": -0.026897212350349364}, "41": {"pvalue": 0.5634027116322831, "statistic": 0.00505334755835725}, "42": {"pvalue": 0.6631128471277583, "statistic": 0.013328435273985322}, "43": {"pvalue": 0.235197406157733, "statistic": -0.022852085077190148}, "44": {"pvalue": 0.20649743383383934, "statistic": -0.025915567251929828}, "45": {"pvalue": 0.7046442574199483, "statistic": 0.017026959375346616}, "46": {"pvalue": 0.5833800523555195, "statistic": 0.0066663801015181485}, "47": {"pvalue": 0.8875852392405171, "statistic": 0.03841715745648944}, "48": {"pvalue": 0.219118112210607, "statistic": -0.02454018903029609}, "49": {"pvalue": 0.4901426308024496, "statistic": -0.0007824175971080613}, "50": {"pvalue": 0.7139190422952917, "statistic": 0.017883709600180715}, "51": {"pvalue": 0.9551718845378839, "statistic": 0.05369905117602168}, "52": {"pvalue": 0.8474209119688003, "statistic": 0.03245914150286135}, "53": {"pvalue": 0.93138266919458, "statistic": 0.04702957720048623}, "54": {"pvalue": 0.5919596531214008, "statistic": 0.007364215778388275}, "55": {"pvalue": 0.41872782027827565, "statistic": -0.0064954395094772}, "56": {"pvalue": 0.9099945483646175, "statistic": 0.042431310149800845}, "57": {"pvalue": 0.747454437711996, "statistic": 0.021100646803554234}, "58": {"pvalue": 0.9237227124527576, "statistic": 0.045271902997549}, "59": {"pvalue": 0.6251659550588284, "statistic": 0.010102480008911044}, "60": {"pvalue": 0.8420834475734478, "statistic": 0.03175117856545969}, "61": {"pvalue": 0.44655284060685785, "statistic": -0.004254627445712792}, "62": {"pvalue": 0.21041786919012595, "statistic": -0.025483193720135605}, "63": {"pvalue": 0.4317740466043044, "statistic": -0.005441435784106472}, "64": {"pvalue": 0.5669750435603111, "statistic": 0.005340708858118447}, "65": {"pvalue": 0.09929261966133474, "statistic": -0.04068806528537566}, "66": {"pvalue": 0.44381685853880665, "statistic": -0.004473840771077614}, "67": {"pvalue": 0.27619421104903263, "statistic": -0.018811643181534134}, "68": {"pvalue": 0.21525287915802943, "statistic": -0.02495640323156611}, "69": {"pvalue": 0.42052590584436367, "statistic": -0.006349770950507516}, "70": {"pvalue": 0.22771967952521427, "statistic": -0.02362878919561946}, "71": {"pvalue": 0.7308388911421941, "statistic": 0.019481661354212542}, "72": {"pvalue": 0.05447584329524478, "statistic": -0.050719681197516846}, "73": {"pvalue": 0.27674751412721976, "statistic": -0.018759291162726798}, "74": {"pvalue": 0.37491912234304536, "statistic": -0.010095375947594305}, "75": {"pvalue": 0.8772364142159725, "statistic": 0.03675652896469108}, "76": {"pvalue": 0.8946667225275019, "statistic": 0.03961733640233792}, "77": {"pvalue": 0.6417394382665613, "statistic": 0.01149661335126333}, "78": {"pvalue": 0.7163607778325902, "statistic": 0.0181114286791832}, "79": {"pvalue": 0.5260972551692391, "statistic": 0.0020727070185782544}, "80": {"pvalue": 0.7861715380921341, "statistic": 0.02511087584947189}, "81": {"pvalue": 0.9538345376351762, "statistic": 0.05325718128062021}, "82": {"pvalue": 0.13819242447275676, "statistic": -0.034453518657825255}, "83": {"pvalue": 0.1691108497181778, "statistic": -0.030315609709958002}, "84": {"pvalue": 0.9077219081333278, "statistic": 0.041992896715742155}, "85": {"pvalue": 0.11838486758988906, "statistic": -0.0374466028490988}, "86": {"pvalue": 0.5490613813950551, "statistic": 0.003903648510175737}, "87": {"pvalue": 0.6831557626257807, "statistic": 0.015087585750171079}, "88": {"pvalue": 0.7398602878210686, "statistic": 0.02035410033736696}, "89": {"pvalue": 0.43137262608143156, "statistic": -0.005473770950108452}, "90": {"pvalue": 0.46442550238799796, "statistic": -0.0028271454108464954}, "91": {"pvalue": 0.6501968917092562, "statistic": 0.012216538508459418}, "92": {"pvalue": 0.33717468340473644, "statistic": -0.013303508257285416}, "93": {"pvalue": 0.5498232659307065, "statistic": 0.003964583972189987}, "94": {"pvalue": 0.8223089327826629, "statistic": 0.029256109224412366}, "95": {"pvalue": 0.10428386803709179, "statistic": -0.03980009234346082}, "96": {"pvalue": 0.4830214912794013, "statistic": -0.00134791952941093}, "97": {"pvalue": 0.1765420338261126, "statistic": -0.029396084115861882}, "98": {"pvalue": 0.2084786905510197, "statistic": -0.025696461726237484}, "99": {"pvalue": 0.21099700743545047, "statistic": -0.02541972475587682}}