{"0": {"pvalue": 0.10749207884825383, "statistic": -0.03924547232121859}, "1": {"pvalue": 4.8552449651932836e-21, "statistic": -0.2893517172650531}, "2": {"pvalue": 0.0017010999873952998, "statistic": -0.09253528182944504}, "3": {"pvalue": 0.03174907708221516, "statistic": -0.05870479209995161}, "4": {"pvalue": 0.4998096045895921, "statistic": -1.5110886600647187e-05}, "5": {"pvalue": 0.00014889382893671176, "statistic": -0.1141551094160911}, "6": {"pvalue": 2.2683454096736864e-13, "statistic": -0.22621094839202147}, "7": {"pvalue": 1.375744101484174e-10, "statistic": -0.19787891879958944}, "8": {"pvalue": 0.2979780534395992, "statistic": -0.016786993457158984}, "9": {"pvalue": 0.0014883859216057432, "statistic": -0.09383371039251248}, "10": {"pvalue": 1.1699241080382467e-08, "statistic": -0.17545426641892148}, "11": {"pvalue": 0.8366227226668496, "statistic": 0.031042921178394356}, "12": {"pvalue": 2.5181776112551345e-17, "statistic": -0.2609037398078487}, "13": {"pvalue": 0.005392261621971001, "statistic": -0.08059518324814914}, "14": {"pvalue": 0.18415946172265413, "statistic": -0.02847854399387107}, "15": {"pvalue": 0.9458769929222529, "statistic": 0.050820934951990845}, "16": {"pvalue": 1.5532284141325618e-05, "statistic": -0.13131868698295832}, "17": {"pvalue": 0.0012908363919998786, "statistic": -0.09520097453778065}, "18": {"pvalue": 0.01964977900045725, "statistic": -0.06518789637541869}, "19": {"pvalue": 0.8749491167870642, "statistic": 0.03640290123256971}, "20": {"pvalue": 3.494666699980695e-05, "statistic": -0.12541272624741173}, "21": {"pvalue": 0.240677911768373, "statistic": -0.022291455962111597}, "22": {"pvalue": 3.057217337290754e-10, "statistic": -0.19404446461286037}, "23": {"pvalue": 0.006801167522048376, "statistic": -0.07801089779701548}, "24": {"pvalue": 5.364522287715041e-11, "statistic": -0.20230464760381608}, "25": {"pvalue": 0.00878284272270149, "statistic": -0.07508086237418153}, "26": {"pvalue": 0.00029060602484895243, "statistic": -0.10860365050239701}, "27": {"pvalue": 0.003863159707500024, "statistic": -0.08419249560894182}, "28": {"pvalue": 0.01323956829273854, "statistic": -0.07017571139190502}, "29": {"pvalue": 0.04523522945925169, "statistic": -0.05356342932242468}, "30": {"pvalue": 0.2350154231909442, "statistic": -0.022870823409647766}, "31": {"pvalue": 5.822616574158367e-11, "statistic": -0.20192357414131912}, "32": {"pvalue": 0.025226315030994036, "statistic": -0.061875624407432044}, "33": {"pvalue": 1.3267098037996195e-05, "statistic": -0.1324379854079705}, "34": {"pvalue": 2.1859639168116598e-10, "statistic": -0.19566474760373387}, "35": {"pvalue": 0.7844108738514386, "statistic": 0.024920025086683128}, "36": {"pvalue": 4.9119769117305155e-06, "statistic": -0.13929679462986194}, "37": {"pvalue": 1.6500639819865326e-14, "statistic": -0.23676659025296795}, "38": {"pvalue": 7.0937600503613985e-19, "statistic": -0.27318543992991606}, "39": {"pvalue": 3.7810548543108986e-05, "statistic": -0.12482514958751695}, "40": {"pvalue": 9.854817946036277e-10, "statistic": -0.18827850135212026}, "41": {"pvalue": 0.012441805337611855, "statistic": -0.07093571054426959}, "42": {"pvalue": 4.574722089667463e-29, "statistic": -0.3416855496614805}, "43": {"pvalue": 0.11779334297427188, "statistic": -0.03754119672808999}, "44": {"pvalue": 0.9826897026458368, "statistic": 0.06682049545992626}, "45": {"pvalue": 1.4737797772912051e-08, "statistic": -0.17420874450377496}, "46": {"pvalue": 0.05645986791015868, "statistic": -0.05015976671057135}, "47": {"pvalue": 0.0012894752745594125, "statistic": -0.09521104054479977}, "48": {"pvalue": 7.883435027480743e-23, "statistic": -0.30196579580017874}, "49": {"pvalue": 1.9266411187641115e-08, "statistic": -0.17275201011222033}, "50": {"pvalue": 0.035422494530001354, "statistic": -0.05715037583299957}, "51": {"pvalue": 0.002235022539013529, "statistic": -0.08983197799507796}, "52": {"pvalue": 0.01641684596125439, "statistic": -0.06749396644370034}, "53": {"pvalue": 4.368853133588692e-06, "statistic": -0.14008454457792877}, "54": {"pvalue": 0.016909100156393127, "statistic": -0.06711914918529849}, "55": {"pvalue": 0.1652293205067441, "statistic": -0.030806210922851525}, "56": {"pvalue": 1.814117831387521e-30, "statistic": -0.34986073662549155}, "57": {"pvalue": 0.06738199633473956, "statistic": -0.047326978900753505}, "58": {"pvalue": 6.3115766649042896e-15, "statistic": -0.24051178421346292}, "59": {"pvalue": 4.691170493556513e-07, "statistic": -0.1543462946831373}, "60": {"pvalue": 0.016575138663466937, "statistic": -0.06737240217261435}, "61": {"pvalue": 0.3422166414270674, "statistic": -0.012867722726588907}, "62": {"pvalue": 3.7800982568260964e-05, "statistic": -0.12482704128090208}, "63": {"pvalue": 2.3954396035804e-07, "statistic": -0.15839701310287224}, "64": {"pvalue": 3.10632695782055e-11, "statistic": -0.20482664423109453}, "65": {"pvalue": 2.1169318107340738e-08, "statistic": -0.17223699750080174}, "66": {"pvalue": 0.0020364769893815977, "statistic": -0.09076100425161499}, "67": {"pvalue": 0.00021029017342137442, "statistic": -0.11132031060345111}, "68": {"pvalue": 0.022797324423545286, "statistic": -0.0632337506639376}, "69": {"pvalue": 0.00010673218905562671, "statistic": -0.11682908209726608}, "70": {"pvalue": 3.426112348005028e-07, "statistic": -0.15625308227199386}, "71": {"pvalue": 0.000540538103252051, "statistic": -0.10321293786066305}, "72": {"pvalue": 9.801133374279865e-26, "statistic": -0.32121262387886085}, "73": {"pvalue": 4.907787477797789e-13, "statistic": -0.2229999962063644}, "74": {"pvalue": 6.505136881124994e-07, "statistic": -0.15233796071071418}, "75": {"pvalue": 0.20437705599097084, "statistic": -0.026151440205181765}, "76": {"pvalue": 0.8573687004860553, "statistic": 0.033823847050669605}, "77": {"pvalue": 0.03046145408456969, "statistic": -0.05928482631137904}, "78": {"pvalue": 0.6198913973121709, "statistic": 0.009662991741201145}, "79": {"pvalue": 1.64453928160516e-05, "statistic": -0.13091083782286528}, "80": {"pvalue": 0.00031534259901334487, "statistic": -0.10790785276008456}, "81": {"pvalue": 9.59909572510088e-15, "statistic": -0.23888564086432704}, "82": {"pvalue": 0.05364687855467344, "statistic": -0.05095840024749948}, "83": {"pvalue": 0.08959963559375594, "statistic": -0.04251045689722942}, "84": {"pvalue": 2.4967860276682423e-17, "statistic": -0.26093386963342036}, "85": {"pvalue": 0.33472057596522387, "statistic": -0.013516530173225964}, "86": {"pvalue": 0.934943953891933, "statistic": 0.047898564866333315}, "87": {"pvalue": 0.6489817242472767, "statistic": 0.01211271955510501}, "88": {"pvalue": 5.116886461789425e-13, "statistic": -0.22282499844528783}, "89": {"pvalue": 0.3871926605974899, "statistic": -0.009075627013518365}, "90": {"pvalue": 1.4820303263745304e-07, "statistic": -0.16122952106613422}, "91": {"pvalue": 0.9705373042040494, "statistic": 0.05974886934455083}, "92": {"pvalue": 0.00010004798797312664, "statistic": -0.11734206550748055}, "93": {"pvalue": 0.042834998997342784, "statistic": -0.05437769092685293}, "94": {"pvalue": 0.35315598009901594, "statistic": -0.011930397168999225}, "95": {"pvalue": 0.04723519316130236, "statistic": -0.052911065664075295}, "96": {"pvalue": 4.866921355745048e-07, "statistic": -0.15412162119401904}, "97": {"pvalue": 6.901017589468306e-10, "statistic": -0.190052703181388}, "98": {"pvalue": 0.2008765322162821, "statistic": -0.02654404980866496}, "99": {"pvalue": 0.0017162197815466336, "statistic": -0.09244871492688402}}