{"0": {"pvalue": 0.04667124712890362, "statistic": -0.05309274071378227}, "1": {"pvalue": 0.0005988633325354858, "statistic": -0.10229857910469506}, "2": {"pvalue": 0.0150054646409768, "statistic": -0.06862464455983161}, "3": {"pvalue": 0.008041036988037539, "statistic": -0.07610230509495129}, "4": {"pvalue": 0.0011836495421165285, "statistic": -0.09602502368645571}, "5": {"pvalue": 0.10269261376304997, "statistic": -0.04007976818745975}, "6": {"pvalue": 0.5789867213087261, "statistic": 0.006310310581316403}, "7": {"pvalue": 0.2953207768902253, "statistic": -0.01703016564017219}, "8": {"pvalue": 0.14272016822078556, "statistic": -0.033811377040619824}, "9": {"pvalue": 0.30810939110656127, "statistic": -0.015868705885038057}, "10": {"pvalue": NaN, "statistic": NaN}, "11": {"pvalue": 0.3926000939398249, "statistic": -0.00862937758963801}, "12": {"pvalue": 0.020693933299565086, "statistic": -0.06451204136914084}, "13": {"pvalue": 0.13634717551634687, "statistic": -0.03471932172862562}, "14": {"pvalue": NaN, "statistic": NaN}, "15": {"pvalue": 8.25916651922208e-06, "statistic": -0.13575079602523948}, "16": {"pvalue": NaN, "statistic": NaN}, "17": {"pvalue": 1.2884238502345124e-14, "statistic": -0.2377368542281178}, "18": {"pvalue": 0.05344731925474433, "statistic": -0.05101630300384649}, "19": {"pvalue": 6.811390883394088e-12, "statistic": -0.21166634290215103}, "20": {"pvalue": 0.000725310435927169, "statistic": -0.10056947048954105}, "21": {"pvalue": 0.0801707145363128, "statistic": -0.04442962586229439}, "22": {"pvalue": 1.718934003935854e-05, "statistic": -0.1305941268121112}, "23": {"pvalue": 0.006991651598074547, "statistic": -0.07769870894145776}, "24": {"pvalue": 1.6476814418047156e-11, "statistic": -0.20771340615350384}, "25": {"pvalue": 0.056575576178477534, "statistic": -0.05012759373470814}, "26": {"pvalue": 5.094673062246053e-06, "statistic": -0.1390504128390823}, "27": {"pvalue": NaN, "statistic": NaN}, "28": {"pvalue": 8.068468667528852e-11, "statistic": -0.2003990385188083}, "29": {"pvalue": 6.596768292094627e-08, "statistic": -0.16589618047298918}, "30": {"pvalue": 0.0360845175683233, "statistic": -0.056884445566864034}, "31": {"pvalue": 0.0050303489883381045, "statistic": -0.08135549012920638}, "32": {"pvalue": NaN, "statistic": NaN}, "33": {"pvalue": 7.016995571514238e-10, "statistic": -0.18997008988560066}, "34": {"pvalue": 1.2905271661064127e-11, "statistic": -0.20881457055114708}, "35": {"pvalue": 0.4801288840074775, "statistic": -0.0015777389296077074}, "36": {"pvalue": NaN, "statistic": NaN}, "37": {"pvalue": 1.5644273982479171e-07, "statistic": -0.16091279440077788}, "38": {"pvalue": 0.04832333199874993, "statistic": -0.05256537145478025}, "39": {"pvalue": 1.4823071961343174e-107, "statistic": -0.6199936423098955}, "40": {"pvalue": 0.03210969003357992, "statistic": -0.058545832054769986}, "41": {"pvalue": 4.4858262603168983e-05, "statistic": -0.12354116624026436}, "42": {"pvalue": 0.2114775520524465, "statistic": -0.025367138245791367}, "43": {"pvalue": 0.15281808349280407, "statistic": -0.032427094429934654}, "44": {"pvalue": 0.000563848039383049, "statistic": -0.10283707106919703}, "45": {"pvalue": 0.1254682523100375, "statistic": -0.03633886210634805}, "46": {"pvalue": 0.06798293248282325, "statistic": -0.04718178562544908}, "47": {"pvalue": 0.010398448911276425, "statistic": -0.07309445711551499}, "48": {"pvalue": NaN, "statistic": NaN}, "49": {"pvalue": 1.964825085589759e-05, "statistic": -0.12963264941505168}, "50": {"pvalue": 0.009275462520172605, "statistic": -0.0744435278785391}, "51": {"pvalue": 0.1953173670446232, "statistic": -0.027176080911070658}, "52": {"pvalue": 0.8233274823301846, "statistic": 0.02938015973719811}, "53": {"pvalue": 0.011520411884932396, "statistic": -0.07186782443163726}, "54": {"pvalue": NaN, "statistic": NaN}, "55": {"pvalue": 0.010426262927585337, "statistic": -0.07306268664652808}, "56": {"pvalue": 0.06053672955181218, "statistic": -0.04905611030262089}, "57": {"pvalue": 4.2674218878634595e-30, "statistic": -0.34771752488638785}, "58": {"pvalue": 7.234012344638702e-07, "statistic": -0.15167993883141445}, "59": {"pvalue": 0.11484632211411765, "statistic": -0.03801754636393249}, "60": {"pvalue": 0.021004045286807153, "statistic": -0.06431687500421013}, "61": {"pvalue": 3.004427561523093e-08, "statistic": -0.17030892435127876}, "62": {"pvalue": 6.04782152079795e-24, "statistic": -0.30952199067058156}, "63": {"pvalue": 1.6330602585556777e-19, "statistic": -0.2780613623697606}, "64": {"pvalue": 0.016534475831311412, "statistic": -0.0674035350388787}, "65": {"pvalue": 0.16773105342730177, "statistic": -0.030489169220788436}, "66": {"pvalue": 0.017641111448075925, "statistic": -0.06657864439033837}, "67": {"pvalue": 2.336956982132295e-58, "statistic": -0.47739377597998855}, "68": {"pvalue": 0.7868460413804148, "statistic": 0.025184231797089576}, "69": {"pvalue": 3.284484575292957e-20, "statistic": -0.2832763985272558}, "70": {"pvalue": 0.5103799083301707, "statistic": 0.0008239026664021842}, "71": {"pvalue": NaN, "statistic": NaN}, "72": {"pvalue": 0.6995542954622491, "statistic": 0.016562056766550884}, "73": {"pvalue": 0.9825097387111542, "statistic": 0.06668844384515671}, "74": {"pvalue": 0.4023836659457162, "statistic": -0.007826251672291451}, "75": {"pvalue": 7.747426308450811e-90, "statistic": -0.5762320346808427}, "76": {"pvalue": 0.63364897360942, "statistic": 0.010813443759560075}, "77": {"pvalue": 5.290396251598593e-34, "statistic": -0.36947184361816426}, "78": {"pvalue": 0.07526791494971496, "statistic": -0.04549557365799787}, "79": {"pvalue": 0.008573594112689587, "statistic": -0.07536109033862816}, "80": {"pvalue": 0.9217900772955675, "statistic": 0.04484984081842659}, "81": {"pvalue": 1.0750630046458785e-05, "statistic": -0.1339176374293273}, "82": {"pvalue": 0.02152735908707002, "statistic": -0.06399298446280458}, "83": {"pvalue": 0.004285104701111189, "statistic": -0.08308817451015886}, "84": {"pvalue": 0.2166707222074632, "statistic": -0.02480323071112296}, "85": {"pvalue": 0.047637822181457526, "statistic": -0.052782418178252945}, "86": {"pvalue": 5.8427124606192004e-05, "statistic": -0.12153112222675806}, "87": {"pvalue": 0.02508849340193881, "statistic": -0.06194968340604545}, "88": {"pvalue": 3.803868831225616e-43, "statistic": -0.41472111667725237}, "89": {"pvalue": 0.0031475988057051807, "statistic": -0.08633990311492622}, "90": {"pvalue": 9.113504694359741e-70, "statistic": -0.5170922728403501}, "91": {"pvalue": 0.20230482895094792, "statistic": -0.026383366389460036}, "92": {"pvalue": NaN, "statistic": NaN}, "93": {"pvalue": 0.4668813357500765, "statistic": -0.002631511493825444}, "94": {"pvalue": 2.1722746317478446e-07, "statistic": -0.15897793722158374}, "95": {"pvalue": 4.240194620351625e-10, "statistic": -0.19245094047636194}, "96": {"pvalue": 0.00256108655394329, "statistic": -0.08845706805067927}, "97": {"pvalue": 4.073395005295084e-12, "statistic": -0.21393161004984515}, "98": {"pvalue": NaN, "statistic": NaN}, "99": {"pvalue": 0.00028452933452905116, "statistic": -0.10878298970293478}}