{"0": {"pvalue": 0.3023818496811165, "statistic": -0.016386152275912218}, "1": {"pvalue": 0.6342507146417753, "statistic": 0.010864078986430284}, "2": {"pvalue": 0.8750199623759946, "statistic": 0.03641378623179191}, "3": {"pvalue": 0.4991832147845256, "statistic": -6.482486570224469e-05}, "4": {"pvalue": 0.7201380775224175, "statistic": 0.01846556219048909}, "5": {"pvalue": 0.24055129259138064, "statistic": -0.022304329341491954}, "6": {"pvalue": 0.0842584298040629, "statistic": -0.043577909305636396}, "7": {"pvalue": 0.6615908144248643, "statistic": 0.013196578277428074}, "8": {"pvalue": 0.5266335373284899, "statistic": 0.002115362536223393}, "9": {"pvalue": 0.2706697877213793, "statistic": -0.01933720931482882}, "10": {"pvalue": 0.04339606529379887, "statistic": -0.05418412271723802}, "11": {"pvalue": 0.898668721331711, "statistic": 0.04032154069995051}, "12": {"pvalue": 0.7505436377987639, "statistic": 0.021407693314650474}, "13": {"pvalue": 0.07677425139984122, "statistic": -0.04516260453482769}, "14": {"pvalue": 0.3727425522343626, "statistic": -0.010277282846471714}, "15": {"pvalue": 0.6524042360070716, "statistic": 0.012405461978621139}, "16": {"pvalue": 0.9067134128819552, "statistic": 0.04180090380362602}, "17": {"pvalue": 0.2746818937157823, "statistic": -0.018954997563491165}, "18": {"pvalue": 0.9172568655292623, "statistic": 0.04388993611938842}, "19": {"pvalue": 0.2180772123971798, "statistic": -0.02465185553795947}, "20": {"pvalue": 0.3120323051004251, "statistic": -0.015516731082717007}, "21": {"pvalue": 0.7662958982731112, "statistic": 0.02300608442618802}, "22": {"pvalue": 0.9807105457885336, "statistic": 0.06542819758515285}, "23": {"pvalue": 0.13986280777454185, "statistic": -0.03421498048482091}, "24": {"pvalue": 0.5531115661999046, "statistic": 0.004227753155639385}, "25": {"pvalue": 0.7369002299952372, "statistic": 0.02006616730384667}, "26": {"pvalue": 0.1174895550438044, "statistic": -0.03758990756630057}, "27": {"pvalue": 0.6223067633024376, "statistic": 0.0098640097704875}, "28": {"pvalue": 0.10907170773233613, "statistic": -0.038976765813422576}, "29": {"pvalue": 0.22923043818762517, "statistic": -0.023470734182121904}, "30": {"pvalue": 0.4192911922940163, "statistic": -0.006449784348179634}, "31": {"pvalue": 0.45420119590176633, "statistic": -0.0036428682240726385}, "32": {"pvalue": 0.3991539651970305, "statistic": -0.008090794524366255}, "33": {"pvalue": 0.3801823715055082, "statistic": -0.009656858513630963}, "34": {"pvalue": 0.1360254419154593, "statistic": -0.03476591751154568}, "35": {"pvalue": 0.3200738012880726, "statistic": -0.01480111112281588}, "36": {"pvalue": 0.058949435255439254, "statistic": -0.049478674265539445}, "37": {"pvalue": 0.8061423520621943, "statistic": 0.027343837835544664}, "38": {"pvalue": 0.9315720614786619, "statistic": 0.047074903336525864}, "39": {"pvalue": 0.022740708017341255, "statistic": -0.06326682988527195}, "40": {"pvalue": 0.3588609222856672, "statistic": -0.011445738030100511}, "41": {"pvalue": 0.725681973471384, "statistic": 0.018989546863486053}, "42": {"pvalue": 0.1880258317497272, "statistic": -0.028021863011247986}, "43": {"pvalue": 0.7739937164454318, "statistic": 0.023808759059870364}, "44": {"pvalue": 0.9151697531761557, "statistic": 0.043461255064475436}, "45": {"pvalue": 0.8996770942524015, "statistic": 0.0405021547069165}, "46": {"pvalue": 0.8220069412766597, "statistic": 0.029219415452460935}, "47": {"pvalue": 0.8205346407084537, "statistic": 0.029041080773240722}, "48": {"pvalue": 0.2696598024970029, "statistic": -0.019433868066346848}, "49": {"pvalue": 0.06854698818868739, "statistic": -0.047046400621772524}, "50": {"pvalue": 0.6349413496271308, "statistic": 0.010922228676419397}, "51": {"pvalue": 0.8110937130523846, "statistic": 0.02791867967336744}, "52": {"pvalue": 0.4788905050501073, "statistic": -0.0016761535616559953}, "53": {"pvalue": 0.23298720029348424, "statistic": -0.023080209394521906}, "54": {"pvalue": 0.9091018677844824, "statistic": 0.042258136748101326}, "55": {"pvalue": 0.5099098369154346, "statistic": 0.0007865830165184975}, "56": {"pvalue": 0.580070193729708, "statistic": 0.006398047828548686}, "57": {"pvalue": 0.6785723801759257, "statistic": 0.014681382630283266}, "58": {"pvalue": 0.18695361403515715, "statistic": -0.02814792263842878}, "59": {"pvalue": 0.72615687161873, "statistic": 0.019034672592983425}, "60": {"pvalue": 0.6564510366087977, "statistic": 0.012752976563026026}, "61": {"pvalue": 0.7278198110905973, "statistic": 0.019192993972860176}, "62": {"pvalue": 0.3682580400399301, "statistic": -0.010653154211611327}, "63": {"pvalue": 0.8988697240438894, "statistic": 0.040357438409685725}, "64": {"pvalue": 0.09977849919498501, "statistic": -0.04060021602867387}, "65": {"pvalue": 0.5228453421769123, "statistic": 0.0018141296977123638}, "66": {"pvalue": 0.17757889893129708, "statistic": -0.02926974834597522}, "67": {"pvalue": 0.11203482137364691, "statistic": -0.038480152855005556}, "68": {"pvalue": 0.7248264965261149, "statistic": 0.018908354835077308}, "69": {"pvalue": 0.4658502217048768, "statistic": -0.002713638329080815}, "70": {"pvalue": 0.06619799633313492, "statistic": -0.04761599787624221}, "71": {"pvalue": 0.6996175174429768, "statistic": 0.016567809257067835}, "72": {"pvalue": 0.9082013672525532, "statistic": 0.042084718126467385}, "73": {"pvalue": 0.9924494120467896, "statistic": 0.07682406264460222}, "74": {"pvalue": 0.5319021507136348, "statistic": 0.002534640524521445}, "75": {"pvalue": 0.4843619192636604, "statistic": -0.0012414464849760441}, "76": {"pvalue": 0.7799403269671541, "statistic": 0.024439441555203948}, "77": {"pvalue": 0.16097682235600566, "statistic": -0.03135232938186351}, "78": {"pvalue": 0.5332028282729087, "statistic": 0.0026382143740995272}, "79": {"pvalue": 0.28821239205042803, "statistic": -0.01768568248285645}, "80": {"pvalue": 0.615596855948512, "statistic": 0.009306532574691984}, "81": {"pvalue": 0.3254853923911164, "statistic": -0.014323766992252629}, "82": {"pvalue": 0.11394763679938043, "statistic": -0.03816453149018172}, "83": {"pvalue": 0.4976421390135707, "statistic": -0.0001871346356538773}, "84": {"pvalue": 0.41285099862299646, "statistic": -0.006972515516336905}, "85": {"pvalue": 0.5737331778019934, "statistic": 0.005885562570218435}, "86": {"pvalue": 0.6977498493176941, "statistic": 0.016398101458772976}, "87": {"pvalue": 0.5059530478002182, "statistic": 0.00047248597148858866}, "88": {"pvalue": 0.5882407473836959, "statistic": 0.007061313764055756}, "89": {"pvalue": 0.13067371618528556, "statistic": -0.035552321913771306}, "90": {"pvalue": 0.17621013491242604, "statistic": -0.029436622921894452}, "91": {"pvalue": 0.27818876312215746, "statistic": -0.018623163799859666}, "92": {"pvalue": 0.140901894044602, "statistic": -0.03406756870277597}, "93": {"pvalue": 0.4671689287152294, "statistic": -0.002608608280471142}, "94": {"pvalue": 0.9458661146957169, "statistic": 0.05081780543630492}, "95": {"pvalue": 0.3175060536053299, "statistic": -0.015028780321629171}, "96": {"pvalue": 0.29973251917266786, "statistic": -0.016626980356666883}, "97": {"pvalue": 0.1777477511382085, "statistic": -0.029249218796711034}, "98": {"pvalue": 0.3624211975321361, "statistic": -0.011144636253427825}, "99": {"pvalue": 0.6902688863974473, "statistic": 0.015722965349044105}}