{"0": [[1.6505599324761594e-09, "OPTIMAL"], 0.01699995994567871], "1": [[1.6504794765963313e-09, "OPTIMAL"], 0.019999980926513672], "2": [[0.0, "OPTIMAL"], 0.0009999275207519531], "3": [[0.0, "OPTIMAL"], 0.0], "4": [[0.0, "OPTIMAL"], 0.0], "5": [[0.0, "OPTIMAL"], 0.014000177383422852], "6": [[1.650503819470882e-09, "OPTIMAL"], 0.0], "7": [[1.6504768577136864e-09, "OPTIMAL"], 0.00800013542175293], "8": [[0.0, "OPTIMAL"], 0.0019998550415039062], "9": [[0.0, "OPTIMAL"], 0.0], "10": [[1.6505165934043207e-09, "OPTIMAL"], 0.26600003242492676], "11": [[0.0, "OPTIMAL"], 0.0], "12": [[41.167202288255616, "USER_OBJ_LIMIT"], 0.15000009536743164], "13": [[0.0, "OPTIMAL"], 1.7730000019073486], "14": [[1.6504766509640348e-09, "OPTIMAL"], 0.0], "15": [[1.652475612042499e-09, "OPTIMAL"], 0.0], "16": [[1.6504786944582045e-09, "OPTIMAL"], 0.016000032424926758], "17": [[Infinity, "TIME_LIMIT"], 300.01700019836426], "18": [[0.0, "OPTIMAL"], 0.031999826431274414], "19": [[2.375739563163807, "USER_OBJ_LIMIT"], 0.11100006103515625], "20": [[1.6504770241236056e-09, "OPTIMAL"], 0.01100015640258789], "21": [[0.0, "OPTIMAL"], 0.0009999275207519531], "22": [[15.024032530868192, "USER_OBJ_LIMIT"], 0.019999980926513672], "23": [[1.6508277527003707e-09, "OPTIMAL"], 0.003999948501586914], "24": [[1.6504765262587356e-09, "OPTIMAL"], 0.003999948501586914], "25": [[0.0, "OPTIMAL"], 0.0], "26": [[5.49434723336751, "USER_OBJ_LIMIT"], 0.004999876022338867], "27": [[17.133321855263468, "USER_OBJ_LIMIT"], 0.009999990463256836], "28": [[0.0, "OPTIMAL"], 0.0], "29": [[0.0, "OPTIMAL"], 0.0], "30": [[0.0, "OPTIMAL"], 0.0], "31": [[1.650477666195332e-09, "OPTIMAL"], 0.004000186920166016], "32": [[0.0, "OPTIMAL"], 9.835999965667725], "33": [[0.0, "OPTIMAL"], 0.0009999275207519531], "34": [[0.0, "OPTIMAL"], 0.0], "35": [[0.0, "OPTIMAL"], 0.0], "36": [[1.6505259907659848e-09, "OPTIMAL"], 0.003999948501586914], "37": [[1.6504762734257271e-09, "OPTIMAL"], 0.004999876022338867], "38": [[0.0, "OPTIMAL"], 0.0], "39": [[0.0, "OPTIMAL"], 0.0], "40": [[1.6504805939707757e-09, "OPTIMAL"], 0.012000083923339844], "41": [[1.6504951180704244e-09, "OPTIMAL"], 0.006999969482421875], "42": [[1.6504919756399441e-09, "OPTIMAL"], 0.009000062942504883], "43": [[1.6504760543165414e-09, "OPTIMAL"], 0.003999948501586914], "44": [[0.0, "OPTIMAL"], 0.12599992752075195], "45": [[0.0, "OPTIMAL"], 0.0009999275207519531], "46": [[1.6504767947902557e-09, "OPTIMAL"], 0.004999876022338867], "47": [[Infinity, "USER_OBJ_LIMIT"], 0.9069998264312744], "48": [[0.0, "OPTIMAL"], 0.0], "49": [[0.0, "OPTIMAL"], 0.06800007820129395], "50": [[1.651013190247822e-09, "OPTIMAL"], 0.002000093460083008], "51": [[0.0, "OPTIMAL"], 2.763000011444092], "52": [[1.6504791373215989e-09, "OPTIMAL"], 0.009999990463256836], "53": [[0.0, "OPTIMAL"], 0.0], "54": [[0.0, "OPTIMAL"], 4.536999940872192], "55": [[0.0, "OPTIMAL"], 0.0009999275207519531], "56": [[1.6504773329988814e-09, "OPTIMAL"], 0.009999990463256836], "57": [[1.649282103022375e-09, "OPTIMAL"], 0.004000186920166016], "58": [[1.6504849665529228e-09, "OPTIMAL"], 0.02500009536743164], "59": [[0.0, "OPTIMAL"], 7.525000095367432], "60": [[1.6504773868812413e-09, "OPTIMAL"], 0.00800013542175293], "61": [[0.0, "OPTIMAL"], 0.0009999275207519531], "62": [[0.5482283487880669, "USER_OBJ_LIMIT"], 0.007999897003173828], "63": [[0.0, "OPTIMAL"], 0.0], "64": [[0.0, "OPTIMAL"], 1.9439997673034668], "65": [[0.0, "OPTIMAL"], 0.0009999275207519531], "66": [[0.0, "OPTIMAL"], 0.0], "67": [[9.999999214565732e-10, "OPTIMAL"], 0.22500014305114746], "68": [[0.46131848557534977, "USER_OBJ_LIMIT"], 0.26399993896484375], "69": [[1.6507488349228958e-09, "OPTIMAL"], 0.47499990463256836], "70": [[1.6504772628912614e-09, "OPTIMAL"], 0.003999948501586914], "71": [[4.1387571689341875, "OPTIMAL"], 0.005000114440917969], "72": [[0.0, "OPTIMAL"], 6.114000082015991], "73": [[0.0, "OPTIMAL"], 0.03699994087219238], "74": [[1.6504764181004633e-09, "OPTIMAL"], 0.003999948501586914], "75": [[Infinity, "TIME_LIMIT"], 300.0529999732971], "76": [[0.0, "OPTIMAL"], 0.0], "77": [[1.6504768521672617e-09, "OPTIMAL"], 0.008999824523925781], "78": [[1.650696194692907e-09, "OPTIMAL"], 0.031000137329101562], "79": [[1.6504776535007168e-09, "OPTIMAL"], 0.00800013542175293], "80": [[0.0, "OPTIMAL"], 0.0], "81": [[1.6504784283430047e-09, "OPTIMAL"], 0.009999990463256836], "82": [[0.0, "OPTIMAL"], 0.0], "83": [[1.650478996924485e-09, "OPTIMAL"], 0.010999917984008789], "84": [[1.1504726081784873, "USER_OBJ_LIMIT"], 0.006000041961669922], "85": [[0.0, "OPTIMAL"], 0.0], "86": [[1.6504773519015863e-09, "OPTIMAL"], 0.009999990463256836], "87": [[0.0, "OPTIMAL"], 0.0], "88": [[1.6505820669028826e-09, "OPTIMAL"], 0.009999990463256836], "89": [[0.0, "OPTIMAL"], 0.0010001659393310547], "90": [[0.0, "OPTIMAL"], 0.0], "91": [[1.650524387534977e-09, "OPTIMAL"], 0.009000062942504883], "92": [[1.6501943747611055e-09, "OPTIMAL"], 0.003999948501586914], "93": [[1.6505225687031676e-09, "OPTIMAL"], 0.006000041961669922], "94": [[1.6501750510367173e-09, "OPTIMAL"], 0.005000114440917969], "95": [[1.650951770424032e-09, "OPTIMAL"], 0.025999784469604492], "96": [[1.6504772978244884e-09, "OPTIMAL"], 0.5190000534057617], "97": [[0.0, "OPTIMAL"], 0.0010001659393310547], "98": [[0.0, "OPTIMAL"], 0.0], "99": [[0.0, "OPTIMAL"], 0.0]}