{"0": [[0.0, "OPTIMAL"], 0.03800010681152344], "1": [[0.0, "OPTIMAL"], 0.0], "2": [[Infinity, "USER_OBJ_LIMIT"], 0.6690001487731934], "3": [[1.6504775546045645e-09, "OPTIMAL"], 0.004999876022338867], "4": [[0.0, "OPTIMAL"], 0.03900003433227539], "5": [[0.0, "OPTIMAL"], 66.69899988174438], "6": [[1.6521377249894635e-09, "OPTIMAL"], 0.020000219345092773], "7": [[0.0, "OPTIMAL"], 0.0], "8": [[0.0, "OPTIMAL"], 0.3059999942779541], "9": [[Infinity, "USER_OBJ_LIMIT"], 16.801999807357788], "10": [[3.9399601345027753, "USER_OBJ_LIMIT"], 0.018000125885009766], "11": [[1.6504854443045454e-09, "OPTIMAL"], 0.014999866485595703], "12": [[0.0, "OPTIMAL"], 0.0], "13": [[0.0, "OPTIMAL"], 0.0], "14": [[1.6504768246011568e-09, "OPTIMAL"], 0.016000032424926758], "15": [[1.6504777423059803e-09, "OPTIMAL"], 0.031000137329101562], "16": [[0.0, "OPTIMAL"], 0.0], "17": [[0.0, "OPTIMAL"], 0.0], "18": [[1.2555631202831092, "USER_OBJ_LIMIT"], 0.14899992942810059], "19": [[0.0, "OPTIMAL"], 0.0], "20": [[1.6504768002304307e-09, "OPTIMAL"], 0.0], "21": [[1.6537048403053163e-09, "OPTIMAL"], 0.005000114440917969], "22": [[1.6504766721506052e-09, "OPTIMAL"], 0.016000032424926758], "23": [[1.6504854964683019e-09, "OPTIMAL"], 0.0], "24": [[0.0, "OPTIMAL"], 0.0], "25": [[1.6501070296259924e-09, "OPTIMAL"], 0.0019998550415039062], "26": [[0.0, "OPTIMAL"], 0.03299999237060547], "27": [[10.31314508796549, "USER_OBJ_LIMIT"], 0.01699995994567871], "28": [[23.44453678860617, "USER_OBJ_LIMIT"], 0.06500005722045898], "29": [[1.650476058547074e-09, "OPTIMAL"], 0.0], "30": [[0.48158770251115557, "USER_OBJ_LIMIT"], 0.13400006294250488], "31": [[0.0, "OPTIMAL"], 0.0], "32": [[0.0, "OPTIMAL"], 0.0], "33": [[0.0, "OPTIMAL"], 2.1660001277923584], "34": [[1.6504814990418382e-09, "OPTIMAL"], 0.01699995994567871], "35": [[1.6504654730592298e-09, "OPTIMAL"], 0.0], "36": [[3.7796275435979743, "USER_OBJ_LIMIT"], 1.933000087738037], "37": [[0.0, "OPTIMAL"], 0.0], "38": [[0.0, "OPTIMAL"], 0.0010001659393310547], "39": [[0.0, "OPTIMAL"], 0.0], "40": [[0.0, "OPTIMAL"], 0.0], "41": [[1.650476356605289e-09, "OPTIMAL"], 0.0], "42": [[0.0, "OPTIMAL"], 0.0], "43": [[0.0, "OPTIMAL"], 0.04999995231628418], "44": [[0.0, "OPTIMAL"], 0.0], "45": [[Infinity, "USER_OBJ_LIMIT"], 0.3540000915527344], "46": [[0.0, "OPTIMAL"], 0.0], "47": [[0.0, "OPTIMAL"], 2.119000196456909], "48": [[1.6505112398580972e-09, "OPTIMAL"], 0.018999814987182617], "49": [[4.851160601479812, "USER_OBJ_LIMIT"], 0.019999980926513672], "50": [[1.6504766036389011e-09, "OPTIMAL"], 0.0], "51": [[1.6558375582981456e-09, "OPTIMAL"], 0.0], "52": [[0.0, "OPTIMAL"], 0.0], "53": [[0.07812560919111367, "USER_OBJ_LIMIT"], 0.21500015258789062], "54": [[1.6511172428934146e-09, "OPTIMAL"], 0.01699995994567871], "55": [[1.6504780860041041e-09, "OPTIMAL"], 0.016000032424926758], "56": [[0.0, "OPTIMAL"], 0.0], "57": [[0.0, "OPTIMAL"], 0.0009999275207519531], "58": [[0.0, "OPTIMAL"], 0.0], "59": [[0.0, "OPTIMAL"], 0.0019998550415039062], "60": [[1.6505579065136394e-09, "OPTIMAL"], 0.003000020980834961], "61": [[4.699528388213827, "USER_OBJ_LIMIT"], 0.011999845504760742], "62": [[0.0, "OPTIMAL"], 0.0], "63": [[0.0, "OPTIMAL"], 0.0], "64": [[0.0, "OPTIMAL"], 0.0], "65": [[1.6504776399676185e-09, "OPTIMAL"], 0.0], "66": [[0.0, "OPTIMAL"], 0.0], "67": [[0.0, "OPTIMAL"], 183.07100009918213], "68": [[0.773121965927082, "USER_OBJ_LIMIT"], 1.750999927520752], "69": [[1.6505013800123146e-09, "OPTIMAL"], 0.04399991035461426], "70": [[0.0, "OPTIMAL"], 0.0], "71": [[1.650539058303251e-09, "OPTIMAL"], 0.01699995994567871], "72": [[0.0, "OPTIMAL"], 0.0], "73": [[1.650476943062129e-09, "OPTIMAL"], 0.006000041961669922], "74": [[0.0, "OPTIMAL"], 0.03300023078918457], "75": [[0.0, "OPTIMAL"], 0.0], "76": [[0.0, "OPTIMAL"], 0.0], "77": [[1.6506191714683077e-09, "OPTIMAL"], 0.16000008583068848], "78": [[0.0, "OPTIMAL"], 0.0], "79": [[1.650476651622153e-09, "OPTIMAL"], 0.0], "80": [[0.2555668597737943, "USER_OBJ_LIMIT"], 0.5230000019073486], "81": [[1.650478597443577e-09, "OPTIMAL"], 0.0], "82": [[0.0, "OPTIMAL"], 0.0], "83": [[0.0, "OPTIMAL"], 0.0], "84": [[0.0, "OPTIMAL"], 0.0], "85": [[1.6504814113834837e-09, "OPTIMAL"], 0.017000198364257812], "86": [[1.6504803841977724e-09, "OPTIMAL"], 0.005000114440917969], "87": [[1.6775704166536791e-09, "OPTIMAL"], 0.34599995613098145], "88": [[1.6682564267705237e-09, "OPTIMAL"], 0.47300004959106445], "89": [[1.6505615613395752e-09, "OPTIMAL"], 0.016000032424926758], "90": [[46.76048179057278, "USER_OBJ_LIMIT"], 0.04999995231628418], "91": [[0.0, "OPTIMAL"], 0.0], "92": [[0.0, "OPTIMAL"], 0.5499999523162842], "93": [[1.6504757544386348e-09, "OPTIMAL"], 0.01699995994567871], "94": [[0.0, "OPTIMAL"], 0.0], "95": [[1.6504907217517936e-09, "OPTIMAL"], 0.016000032424926758], "96": [[0.0, "OPTIMAL"], 20.792999982833862], "97": [[1.6519064914305136e-09, "OPTIMAL"], 0.005000114440917969], "98": [[1.6504772905467813e-09, "OPTIMAL"], 0.02700018882751465], "99": [[1.6504758437820819e-09, "OPTIMAL"], 0.010999917984008789]}