{"0": {"bound": 3.715774392213779, "status": "USER_OBJ_LIMIT", "time": 0.08899998664855957}, "1": {"bound": 1.6504764951939346e-09, "status": "OPTIMAL", "time": 0.003000020980834961}, "2": {"bound": Infinity, "status": "USER_OBJ_LIMIT", "time": 10.724999904632568}, "3": {"bound": 1.6504838391523082e-09, "status": "OPTIMAL", "time": 0.006000041961669922}, "4": {"bound": 1.6522733024906375e-09, "status": "OPTIMAL", "time": 0.005000114440917969}, "5": {"bound": 3.442165183826516, "status": "USER_OBJ_LIMIT", "time": 0.012000083923339844}, "6": {"bound": 1.6504740541468364e-09, "status": "OPTIMAL", "time": 0.005000114440917969}, "7": {"bound": 0.012239744037687687, "status": "USER_OBJ_LIMIT", "time": 0.0989999771118164}, "8": {"bound": 1.6506520319070968e-09, "status": "OPTIMAL", "time": 0.005000114440917969}, "9": {"bound": 0.0, "status": "OPTIMAL", "time": 0.0009999275207519531}, "10": {"bound": 0.0, "status": "OPTIMAL", "time": 0.0}, "11": {"bound": 7.6425456990666945, "status": "USER_OBJ_LIMIT", "time": 0.01699995994567871}, "12": {"bound": 5.2261522210720575, "status": "USER_OBJ_LIMIT", "time": 0.015999794006347656}, "13": {"bound": 1.6504693327187227e-09, "status": "OPTIMAL", "time": 0.006000041961669922}, "14": {"bound": 0.3185755090061284, "status": "USER_OBJ_LIMIT", "time": 0.003999948501586914}, "15": {"bound": 0.08285715758628094, "status": "USER_OBJ_LIMIT", "time": 0.07800006866455078}, "16": {"bound": 0.0, "status": "OPTIMAL", "time": 0.002000093460083008}, "17": {"bound": 1.650006958681591e-09, "status": "OPTIMAL", "time": 0.0019998550415039062}, "18": {"bound": 1.6509906853722982e-09, "status": "OPTIMAL", "time": 0.006000041961669922}, "19": {"bound": 0.44472975864372766, "status": "USER_OBJ_LIMIT", "time": 0.003999948501586914}, "20": {"bound": 0.0, "status": "OPTIMAL", "time": 0.0}, "21": {"bound": 1.650483581108009e-09, "status": "OPTIMAL", "time": 0.005000114440917969}, "22": {"bound": 1.6504776753467288e-09, "status": "OPTIMAL", "time": 0.003000020980834961}, "23": {"bound": 1.6504770261770252e-09, "status": "OPTIMAL", "time": 0.005000114440917969}, "24": {"bound": 0.4829114629184483, "status": "USER_OBJ_LIMIT", "time": 0.21500015258789062}, "25": {"bound": 2.784739797037337, "status": "USER_OBJ_LIMIT", "time": 0.005000114440917969}, "26": {"bound": 1.650575748771606e-09, "status": "OPTIMAL", "time": 0.006000041961669922}, "27": {"bound": 0.0, "status": "OPTIMAL", "time": 0.0009999275207519531}, "28": {"bound": 1.6504766869749523e-09, "status": "OPTIMAL", "time": 0.003000020980834961}, "29": {"bound": 1.6504987980240955e-09, "status": "OPTIMAL", "time": 0.006000041961669922}, "30": {"bound": Infinity, "status": "USER_OBJ_LIMIT", "time": 3.1449999809265137}, "31": {"bound": 0.4046266416596837, "status": "USER_OBJ_LIMIT", "time": 0.11399984359741211}, "32": {"bound": 0.0, "status": "OPTIMAL", "time": 1.0679998397827148}, "33": {"bound": 1.6504738821079067e-09, "status": "OPTIMAL", "time": 0.003999948501586914}, "34": {"bound": 1.6501791088116315e-09, "status": "OPTIMAL", "time": 0.0009999275207519531}, "35": {"bound": 5.96633868517968, "status": "USER_OBJ_LIMIT", "time": 0.032000064849853516}, "36": {"bound": 1.67945917018387e-09, "status": "OPTIMAL", "time": 0.25800013542175293}, "37": {"bound": 1.6504768437521747e-09, "status": "OPTIMAL", "time": 0.009000062942504883}, "38": {"bound": 0.0, "status": "OPTIMAL", "time": 0.0}, "39": {"bound": 0.0, "status": "OPTIMAL", "time": 0.0}, "40": {"bound": Infinity, "status": "USER_OBJ_LIMIT", "time": 3.4029998779296875}, "41": {"bound": 1.6515479588488055e-09, "status": "OPTIMAL", "time": 0.003000020980834961}, "42": {"bound": 1.6504822777658663e-09, "status": "OPTIMAL", "time": 0.003999948501586914}, "43": {"bound": 1.6507041437429777e-09, "status": "OPTIMAL", "time": 0.003999948501586914}, "44": {"bound": 1.6493920728764215e-09, "status": "OPTIMAL", "time": 0.003000020980834961}, "45": {"bound": 1.650481326691624e-09, "status": "OPTIMAL", "time": 0.015000104904174805}, "46": {"bound": 0.0, "status": "OPTIMAL", "time": 0.0019998550415039062}, "47": {"bound": 0.0, "status": "OPTIMAL", "time": 0.0010001659393310547}, "48": {"bound": 1.6506664858517975e-09, "status": "OPTIMAL", "time": 0.004000186920166016}, "49": {"bound": 1.6504773415670697e-09, "status": "OPTIMAL", "time": 0.006000041961669922}, "50": {"bound": 0.0, "status": "OPTIMAL", "time": 0.0010001659393310547}, "51": {"bound": 0.030244796856714634, "status": "USER_OBJ_LIMIT", "time": 0.026999950408935547}, "52": {"bound": 1.6518078805220973e-09, "status": "OPTIMAL", "time": 0.002000093460083008}, "53": {"bound": 1.650479919541279e-09, "status": "OPTIMAL", "time": 0.004000186920166016}, "54": {"bound": 3.089608019698648, "status": "USER_OBJ_LIMIT", "time": 0.00800013542175293}, "55": {"bound": 1.650476500845709e-09, "status": "OPTIMAL", "time": 0.002000093460083008}, "56": {"bound": 1.6507307606764752e-09, "status": "OPTIMAL", "time": 0.1400001049041748}, "57": {"bound": 1.6504773669975663e-09, "status": "OPTIMAL", "time": 0.006999969482421875}, "58": {"bound": 0.0, "status": "OPTIMAL", "time": 0.0009999275207519531}, "59": {"bound": 1.6504767012800683e-09, "status": "OPTIMAL", "time": 0.0019998550415039062}, "60": {"bound": 1.6504770703236148e-09, "status": "OPTIMAL", "time": 0.005000114440917969}, "61": {"bound": 0.0, "status": "OPTIMAL", "time": 0.0019998550415039062}, "62": {"bound": 0.0, "status": "OPTIMAL", "time": 0.3810000419616699}, "63": {"bound": 5.907164886920928, "status": "USER_OBJ_LIMIT", "time": 0.013000011444091797}, "64": {"bound": 1.6504759104527863e-09, "status": "OPTIMAL", "time": 0.003999948501586914}, "65": {"bound": 0.0, "status": "OPTIMAL", "time": 0.0}, "66": {"bound": 0.5178919422500048, "status": "USER_OBJ_LIMIT", "time": 0.16100001335144043}, "67": {"bound": 1.6504810966621453e-09, "status": "OPTIMAL", "time": 0.004999876022338867}, "68": {"bound": 1.6512915838509857e-09, "status": "OPTIMAL", "time": 0.006999969482421875}, "69": {"bound": 1.6506279810221407e-09, "status": "OPTIMAL", "time": 0.006000041961669922}, "70": {"bound": 1.6548651132453774e-09, "status": "OPTIMAL", "time": 0.497999906539917}, "71": {"bound": 1.6506361449979545e-09, "status": "OPTIMAL", "time": 0.15199995040893555}, "72": {"bound": 1.651045028699644e-09, "status": "OPTIMAL", "time": 0.004999876022338867}, "73": {"bound": 1.6505110024409825e-09, "status": "OPTIMAL", "time": 0.006999969482421875}, "74": {"bound": 0.0, "status": "OPTIMAL", "time": 0.0010001659393310547}, "75": {"bound": 1.6504905413815803e-09, "status": "OPTIMAL", "time": 0.003000020980834961}, "76": {"bound": 0.5496056093750367, "status": "USER_OBJ_LIMIT", "time": 0.003999948501586914}, "77": {"bound": 1.6504991573288543e-09, "status": "OPTIMAL", "time": 0.003000020980834961}, "78": {"bound": 1.6526934788198302e-09, "status": "OPTIMAL", "time": 0.0019998550415039062}, "79": {"bound": 0.0, "status": "OPTIMAL", "time": 0.0009999275207519531}, "80": {"bound": 1.6508797700803254e-09, "status": "OPTIMAL", "time": 0.004999876022338867}, "81": {"bound": 1.650546175609081e-09, "status": "OPTIMAL", "time": 0.006000041961669922}, "82": {"bound": 1.6500118068511651e-09, "status": "OPTIMAL", "time": 0.003000020980834961}, "83": {"bound": 1.650517297114767e-09, "status": "OPTIMAL", "time": 0.006000041961669922}, "84": {"bound": 9.509681319901597, "status": "USER_OBJ_LIMIT", "time": 0.01399993896484375}, "85": {"bound": 0.0, "status": "OPTIMAL", "time": 0.0009999275207519531}, "86": {"bound": 1.6509165485925142e-09, "status": "OPTIMAL", "time": 0.010999917984008789}, "87": {"bound": 0.0, "status": "OPTIMAL", "time": 0.003000020980834961}, "88": {"bound": 1.6504766467532487e-09, "status": "OPTIMAL", "time": 0.003000020980834961}, "89": {"bound": 0.0, "status": "OPTIMAL", "time": 0.0010001659393310547}, "90": {"bound": 0.0, "status": "OPTIMAL", "time": 0.007999897003173828}, "91": {"bound": Infinity, "status": "USER_OBJ_LIMIT", "time": 1.6319999694824219},