{"0": {"bound": 1.650477851558778e-09, "status": "OPTIMAL", "time": 0.016000032424926758}, "1": {"bound": 0.0, "status": "OPTIMAL", "time": 5.812999963760376}, "2": {"bound": 0.0, "status": "OPTIMAL", "time": 0.13299989700317383}, "3": {"bound": 0.0, "status": "OPTIMAL", "time": 0.0009999275207519531}, "4": {"bound": 1.6504978474661197e-09, "status": "OPTIMAL", "time": 0.009000062942504883}, "5": {"bound": 0.0, "status": "OPTIMAL", "time": 0.0}, "6": {"bound": 0.0, "status": "OPTIMAL", "time": 0.0}, "7": {"bound": 0.0, "status": "OPTIMAL", "time": 0.0}, "8": {"bound": 1.6504815147775398e-09, "status": "OPTIMAL", "time": 0.012000083923339844}, "9": {"bound": 0.0, "status": "OPTIMAL", "time": 0.0009999275207519531}, "10": {"bound": 0.0, "status": "OPTIMAL", "time": 0.0009999275207519531}, "11": {"bound": 0.0, "status": "OPTIMAL", "time": 0.0}, "12": {"bound": 0.0, "status": "OPTIMAL", "time": 0.1959998607635498}, "13": {"bound": 0.0, "status": "OPTIMAL", "time": 0.0009999275207519531}, "14": {"bound": 0.0, "status": "OPTIMAL", "time": 0.0}, "15": {"bound": 1.6505744851368062e-09, "status": "OPTIMAL", "time": 0.004999876022338867}, "16": {"bound": 0.0, "status": "OPTIMAL", "time": 0.0}, "17": {"bound": 0.0, "status": "OPTIMAL", "time": 10.651000022888184}, "18": {"bound": 0.0, "status": "OPTIMAL", "time": 0.0}, "19": {"bound": 1.653343408666896e-09, "status": "OPTIMAL", "time": 0.21600008010864258}, "20": {"bound": 1.6504863019352778e-09, "status": "OPTIMAL", "time": 0.004999876022338867}, "21": {"bound": 1.6505955576792986e-09, "status": "OPTIMAL", "time": 0.013000011444091797}, "22": {"bound": 1.6504905496802268e-09, "status": "OPTIMAL", "time": 0.007999897003173828}, "23": {"bound": 1.6504813971051817e-09, "status": "OPTIMAL", "time": 0.005000114440917969}, "24": {"bound": 0.0, "status": "OPTIMAL", "time": 0.006999969482421875}, "25": {"bound": 1.6504752999725831e-09, "status": "OPTIMAL", "time": 0.004000186920166016}, "26": {"bound": 1.6504759895957068e-09, "status": "OPTIMAL", "time": 0.002000093460083008}, "27": {"bound": 0.0, "status": "OPTIMAL", "time": 0.0009999275207519531}, "28": {"bound": 1.6504771617669095e-09, "status": "OPTIMAL", "time": 0.009999990463256836}, "29": {"bound": 1.6507294136897158e-09, "status": "OPTIMAL", "time": 0.006999969482421875}, "30": {"bound": 0.0, "status": "OPTIMAL", "time": 0.0009999275207519531}, "31": {"bound": 1.6506121300270895e-09, "status": "OPTIMAL", "time": 0.007999897003173828}, "32": {"bound": 0.0, "status": "OPTIMAL", "time": 0.0009999275207519531}, "33": {"bound": 0.0, "status": "OPTIMAL", "time": 23.847999811172485}, "34": {"bound": 1.6504899190981848e-09, "status": "OPTIMAL", "time": 0.003999948501586914}, "35": {"bound": 1.6504761049351244e-09, "status": "OPTIMAL", "time": 0.004000186920166016}, "36": {"bound": 0.0, "status": "OPTIMAL", "time": 0.0009999275207519531}, "37": {"bound": 0.0, "status": "OPTIMAL", "time": 0.30299997329711914}, "38": {"bound": 1.66794187485701e-09, "status": "OPTIMAL", "time": 0.1529998779296875}, "39": {"bound": 39.852906495224026, "status": "USER_OBJ_LIMIT", "time": 0.023000001907348633}, "40": {"bound": 1.6587767301506954e-09, "status": "OPTIMAL", "time": 0.009999990463256836}, "41": {"bound": 1.6503132181919173e-09, "status": "OPTIMAL", "time": 0.003000020980834961}, "42": {"bound": 0.0, "status": "OPTIMAL", "time": 0.0009999275207519531}, "43": {"bound": 0.0, "status": "OPTIMAL", "time": 0.0}, "44": {"bound": 1.650477238758578e-09, "status": "OPTIMAL", "time": 0.008999824523925781}, "45": {"bound": 0.0, "status": "OPTIMAL", "time": 0.0}, "46": {"bound": 0.0, "status": "OPTIMAL", "time": 0.0010001659393310547}, "47": {"bound": 0.0, "status": "OPTIMAL", "time": 0.0}, "48": {"bound": 0.0, "status": "OPTIMAL", "time": 0.0}, "49": {"bound": 1.650479073433186e-09, "status": "OPTIMAL", "time": 0.003999948501586914}, "50": {"bound": 1.6504769930542783e-09, "status": "OPTIMAL", "time": 0.007999897003173828}, "51": {"bound": 0.0, "status": "OPTIMAL", "time": 0.0010001659393310547}, "52": {"bound": 1.6507199793911154e-09, "status": "OPTIMAL", "time": 0.009999990463256836}, "53": {"bound": 1.6504760405773758e-09, "status": "OPTIMAL", "time": 0.003999948501586914}, "54": {"bound": 0.0, "status": "OPTIMAL", "time": 0.0010001659393310547}, "55": {"bound": 1.6504765977658923e-09, "status": "OPTIMAL", "time": 0.003000020980834961}, "56": {"bound": 0.0, "status": "OPTIMAL", "time": 0.0009999275207519531}, "57": {"bound": 1.2292665897998165, "status": "USER_OBJ_LIMIT", "time": 0.005000114440917969}, "58": {"bound": 1.6504774057804257e-09, "status": "OPTIMAL", "time": 0.005000114440917969}, "59": {"bound": 1.6523626401144814e-09, "status": "OPTIMAL", "time": 0.2330000400543213}, "60": {"bound": 1.6491593031722673e-09, "status": "OPTIMAL", "time": 0.003000020980834961}, "61": {"bound": 1.6504757315127616e-09, "status": "OPTIMAL", "time": 0.003999948501586914}, "62": {"bound": 0.00917000699399909, "status": "USER_OBJ_LIMIT", "time": 0.15999984741210938}, "63": {"bound": 1.6510891198078585e-09, "status": "OPTIMAL", "time": 0.0019998550415039062}, "64": {"bound": 1.6513377961292823e-09, "status": "OPTIMAL", "time": 0.002000093460083008}, "65": {"bound": 1.6504843545824975e-09, "status": "OPTIMAL", "time": 0.006000041961669922}, "66": {"bound": 1.6504762069669927e-09, "status": "OPTIMAL", "time": 0.006000041961669922}, "67": {"bound": Infinity, "status": "TIME_LIMIT", "time": 300.01599979400635}, "68": {"bound": 0.0, "status": "OPTIMAL", "time": 0.0009999275207519531}, "69": {"bound": 0.030632741778856807, "status": "USER_OBJ_LIMIT", "time": 0.09599995613098145}, "70": {"bound": 0.0, "status": "OPTIMAL", "time": 0.0}, "71": {"bound": 0.0, "status": "OPTIMAL", "time": 0.0009999275207519531}, "72": {"bound": 0.0, "status": "OPTIMAL", "time": 0.0}, "73": {"bound": 0.0, "status": "OPTIMAL", "time": 0.0019998550415039062}, "74": {"bound": 0.0, "status": "OPTIMAL", "time": 0.0}, "75": {"bound": 1.559093261758879, "status": "USER_OBJ_LIMIT", "time": 0.020999908447265625}, "76": {"bound": 0.0, "status": "OPTIMAL", "time": 0.0009999275207519531}, "77": {"bound": 0.7312576997282567, "status": "USER_OBJ_LIMIT", "time": 2.513000011444092}, "78": {"bound": 0.0, "status": "OPTIMAL", "time": 0.032000064849853516}, "79": {"bound": 0.0, "status": "OPTIMAL", "time": 0.0}, "80": {"bound": 0.0, "status": "OPTIMAL", "time": 0.0}, "81": {"bound": 1.650481181951825e-09, "status": "OPTIMAL", "time": 0.004000186920166016}, "82": {"bound": 1.6504760928462967e-09, "status": "OPTIMAL", "time": 0.003999948501586914}, "83": {"bound": 0.0, "status": "OPTIMAL", "time": 0.003000020980834961}, "84": {"bound": 1.6504933805557631e-09, "status": "OPTIMAL", "time": 0.009000062942504883}, "85": {"bound": 0.0, "status": "OPTIMAL", "time": 0.0010001659393310547}, "86": {"bound": 1.6512917372732164e-09, "status": "OPTIMAL", "time": 0.002000093460083008}, "87": {"bound": 1.6504766613581084e-09, "status": "OPTIMAL", "time": 0.003000020980834961}, "88": {"bound": 0.892448638765292, "status": "USER_OBJ_LIMIT", "time": 0.06300020217895508}, "89": {"bound": 1.650476237717121e-09, "status": "OPTIMAL", "time": 0.007999897003173828}, "90": {"bound": 14.31874891012089, "status": "USER_OBJ_LIMIT", "time": 0.009999990463256836}, "91": {"bound": 0.0, "status": "OPTIMAL", "time": 0.0}, "92": {"bound": 0.0, "status": "OPTIMAL", "time": 0.0}, "93": {"bound": 0.0, "status": "OPTIMAL", "time": 0.0009999275207519531}, "94": {"bound": 1.65051396375549e-09, "status": "OPTIMAL", "time": 0.003999948501586914}, "95": {"bound": 0.0, "status": "OPTIMAL", "time": 0.06400012969970703}, "96": {"bound": 1.658025405590489e-09, "status": "OPTIMAL", "time": 0.006999969482421875}, "97": {"bound": 0.0, "status": "OPTIMAL", "time": 0.029000043869018555}, "98": {"bound": 0.0, "status": "OPTIMAL", "time": 0.0}, "99": {"bound": 1.6508298525232637e-09, "status": "OPTIMAL", "time": 0.009999990463256836}}