{"0": {"bound": 0.0, "status": "OPTIMAL", "time": 0.3299999237060547}, "1": {"bound": 0.0, "status": "OPTIMAL", "time": 0.5409998893737793}, "2": {"bound": 1.6506376764111297e-09, "status": "OPTIMAL", "time": 0.003000020980834961}, "3": {"bound": 1.6498236045795447e-09, "status": "OPTIMAL", "time": 0.003000020980834961}, "4": {"bound": Infinity, "status": "TIME_LIMIT", "time": 300.04500007629395}, "5": {"bound": 0.0, "status": "OPTIMAL", "time": 2.3459999561309814}, "6": {"bound": 0.0, "status": "OPTIMAL", "time": 1.6090002059936523}, "7": {"bound": 1.6505706984272582e-09, "status": "OPTIMAL", "time": 0.0019998550415039062}, "8": {"bound": 1.6504772809549537e-09, "status": "OPTIMAL", "time": 0.003000020980834961}, "9": {"bound": 1.6512022427002024e-09, "status": "OPTIMAL", "time": 0.0009999275207519531}, "10": {"bound": 0.0, "status": "OPTIMAL", "time": 3.437000036239624}, "11": {"bound": 0.0, "status": "OPTIMAL", "time": 10.894999980926514}, "12": {"bound": 0.0, "status": "OPTIMAL", "time": 0.002000093460083008}, "13": {"bound": 1.650476644562901e-09, "status": "OPTIMAL", "time": 0.004000186920166016}, "14": {"bound": 1.6504765653048634e-09, "status": "OPTIMAL", "time": 0.006999969482421875}, "15": {"bound": 0.0, "status": "OPTIMAL", "time": 0.22699999809265137}, "16": {"bound": 0.0, "status": "OPTIMAL", "time": 5.192000150680542}, "17": {"bound": 1.6494771257294152e-09, "status": "OPTIMAL", "time": 0.003000020980834961}, "18": {"bound": 0.0, "status": "OPTIMAL", "time": 159.79099988937378}, "19": {"bound": 0.0, "status": "OPTIMAL", "time": 169.57399988174438}, "20": {"bound": 1.6605641901528193e-09, "status": "OPTIMAL", "time": 0.10300016403198242}, "21": {"bound": 1.6504792858623258e-09, "status": "OPTIMAL", "time": 0.002000093460083008}, "22": {"bound": 0.0, "status": "OPTIMAL", "time": 0.26799988746643066}, "23": {"bound": 0.0, "status": "OPTIMAL", "time": 2.8259999752044678}, "24": {"bound": 0.0, "status": "OPTIMAL", "time": 21.418999910354614}, "25": {"bound": 1.6504769967362246e-09, "status": "OPTIMAL", "time": 0.010999917984008789}, "26": {"bound": 0.0, "status": "OPTIMAL", "time": 0.002000093460083008}, "27": {"bound": 1.6512415365108476e-09, "status": "OPTIMAL", "time": 0.005000114440917969}, "28": {"bound": 1.650265987845425e-09, "status": "OPTIMAL", "time": 0.002000093460083008}, "29": {"bound": 0.0, "status": "OPTIMAL", "time": 0.39299988746643066}, "30": {"bound": 0.0, "status": "OPTIMAL", "time": 17.894999980926514}, "31": {"bound": 0.0, "status": "OPTIMAL", "time": 4.706000089645386}, "32": {"bound": 0.0, "status": "OPTIMAL", "time": 8.006999969482422}, "33": {"bound": 1.653325820162848e-09, "status": "OPTIMAL", "time": 0.4660000801086426}, "34": {"bound": 1.6524614044963209e-09, "status": "OPTIMAL", "time": 0.003999948501586914}, "35": {"bound": 0.0, "status": "OPTIMAL", "time": 0.0009999275207519531}, "36": {"bound": 0.0, "status": "OPTIMAL", "time": 0.002000093460083008}, "37": {"bound": 0.0, "status": "OPTIMAL", "time": 0.5520000457763672}, "38": {"bound": 1.6511274610297134e-09, "status": "OPTIMAL", "time": 0.0019998550415039062}, "39": {"bound": 1.6510929178223582e-09, "status": "OPTIMAL", "time": 0.0019998550415039062}, "40": {"bound": 1.6507026727564183e-09, "status": "OPTIMAL", "time": 0.0009999275207519531}, "41": {"bound": 0.0, "status": "OPTIMAL", "time": 0.0019998550415039062}, "42": {"bound": 1.6497996553762353e-09, "status": "OPTIMAL", "time": 0.003000020980834961}, "43": {"bound": 1.650747209687428e-09, "status": "OPTIMAL", "time": 0.0009999275207519531}, "44": {"bound": Infinity, "status": "TIME_LIMIT", "time": 300.01799988746643}, "45": {"bound": 0.0, "status": "OPTIMAL", "time": 13.700000047683716}, "46": {"bound": 0.0, "status": "OPTIMAL", "time": 0.6159999370574951}, "47": {"bound": 0.0, "status": "OPTIMAL", "time": 0.0019998550415039062}, "48": {"bound": 1.6504790902432165e-09, "status": "OPTIMAL", "time": 0.007999897003173828}, "49": {"bound": 1.6504772244479829e-09, "status": "OPTIMAL", "time": 0.005000114440917969}, "50": {"bound": 0.0, "status": "OPTIMAL", "time": 114.97699999809265}, "51": {"bound": 1.6525650791885331e-09, "status": "OPTIMAL", "time": 0.3450000286102295}, "52": {"bound": 1.6603108456551845e-09, "status": "OPTIMAL", "time": 0.7639999389648438}, "53": {"bound": 0.0, "status": "OPTIMAL", "time": 1.005000114440918}, "54": {"bound": Infinity, "status": "TIME_LIMIT", "time": 300.0150001049042}, "55": {"bound": 1.650707988865453e-09, "status": "OPTIMAL", "time": 0.003999948501586914}, "56": {"bound": 0.0, "status": "OPTIMAL", "time": 1.2789998054504395}, "57": {"bound": 0.0, "status": "OPTIMAL", "time": 1.2059998512268066}, "58": {"bound": 1.6508437587519497e-09, "status": "OPTIMAL", "time": 0.003000020980834961}, "59": {"bound": 0.0, "status": "OPTIMAL", "time": 2.7320001125335693}, "60": {"bound": 0.0, "status": "OPTIMAL", "time": 1.1150000095367432}, "61": {"bound": 1.6507763324323216e-09, "status": "OPTIMAL", "time": 0.003000020980834961}, "62": {"bound": 0.0, "status": "OPTIMAL", "time": 0.0009999275207519531}, "63": {"bound": 0.0, "status": "OPTIMAL", "time": 0.0010001659393310547}, "64": {"bound": 1.650497161858091e-09, "status": "OPTIMAL", "time": 0.003000020980834961}, "65": {"bound": 0.0, "status": "OPTIMAL", "time": 0.002000093460083008}, "66": {"bound": 1.6504424902140781e-09, "status": "OPTIMAL", "time": 0.0029997825622558594}, "67": {"bound": 1.650476624373897e-09, "status": "OPTIMAL", "time": 0.003000020980834961}, "68": {"bound": 1.6544596810455057e-09, "status": "OPTIMAL", "time": 0.6150000095367432}, "69": {"bound": 1.650895741365649e-09, "status": "OPTIMAL", "time": 0.003000020980834961}, "70": {"bound": 0.0, "status": "OPTIMAL", "time": 174.63300013542175}, "71": {"bound": 0.0, "status": "OPTIMAL", "time": 12.401999950408936}, "72": {"bound": 0.0, "status": "OPTIMAL", "time": 12.20799994468689}, "73": {"bound": 1.6504763412830453e-09, "status": "OPTIMAL", "time": 0.006999969482421875}, "74": {"bound": 1.6506401358037175e-09, "status": "OPTIMAL", "time": 0.002000093460083008}, "75": {"bound": 0.0, "status": "OPTIMAL", "time": 0.29400014877319336}, "76": {"bound": 1.6504767982415444e-09, "status": "OPTIMAL", "time": 0.00599980354309082}, "77": {"bound": 1.6500102198117746e-09, "status": "OPTIMAL", "time": 0.002000093460083008}, "78": {"bound": 1.6504767541074485e-09, "status": "OPTIMAL", "time": 0.009999990463256836}, "79": {"bound": Infinity, "status": "TIME_LIMIT", "time": 300.07999992370605}, "80": {"bound": 1.6504758900472332e-09, "status": "OPTIMAL", "time": 0.006000041961669922}, "81": {"bound": 0.0, "status": "OPTIMAL", "time": 45.23399996757507}, "82": {"bound": 1.6506724827324352e-09, "status": "OPTIMAL", "time": 0.004000186920166016}, "83": {"bound": 1.6504824570302782e-09, "status": "OPTIMAL", "time": 0.003999948501586914}, "84": {"bound": 1.6506820019524678e-09, "status": "OPTIMAL", "time": 0.004000186920166016}, "85": {"bound": 0.0, "status": "OPTIMAL", "time": 0.15799999237060547}, "86": {"bound": 1.6506693787330308e-09, "status": "OPTIMAL", "time": 0.0019998550415039062}, "87": {"bound": 1.6504776012198051e-09, "status": "OPTIMAL", "time": 0.007999897003173828}, "88": {"bound": 1.6515922703463902e-09, "status": "OPTIMAL", "time": 0.004999876022338867}, "89": {"bound": Infinity, "status": "TIME_LIMIT", "time": 300.0809998512268}, "90": {"bound": 0.0, "status": "OPTIMAL", "time": 0.13399982452392578}, "91": {"bound": 0.0, "status": "OPTIMAL", "time": 1.6159999370574951}, "92": {"bound": 1.6511136828210577e-09, "status": "OPTIMAL", "time": 0.003000020980834961}, "93": {"bound": 0.0, "status": "OPTIMAL", "time": 288.40899991989136}, "94": {"bound": 1.650479677925819e-09, "status": "OPTIMAL", "time": 0.16500020027160645}, "95": {"bound": 0.0, "status": "OPTIMAL", "time": 1.3229999542236328}, "96": {"bound": 0.0, "status": "OPTIMAL", "time": 0.3470001220703125}, "97": {"bound": 1.6513433511692914e-09, "status": "OPTIMAL", "time": 0.003000020980834961},