{"0": {"pvalue": -0.044884245890237276, "statistic": 0.15610201156604786}, "1": {"pvalue": -0.10691223946356013, "statistic": 0.0007083071702355371}, "2": {"pvalue": -0.08502355466193083, "statistic": 0.007141121175076083}, "3": {"pvalue": -0.07592451713989636, "statistic": 0.01633211479927376}, "4": {"pvalue": -0.0874948948173897, "statistic": 0.0056283519819607455}, "5": {"pvalue": -0.02109604888916883, "statistic": 0.5051839488683009}, "6": {"pvalue": 0.0033962567823363704, "statistic": 0.9145787084176012}, "7": {"pvalue": -0.014252820175238098, "statistic": 0.652585777009113}, "8": {"pvalue": -0.029899834813627367, "statistic": 0.3448915239765284}, "9": {"pvalue": -0.014034427529790394, "statistic": 0.6575673293574475}, "10": {"pvalue": NaN, "statistic": NaN}, "11": {"pvalue": -0.014759182461723794, "statistic": 0.6410952694177585}, "12": {"pvalue": -0.06363500929560989, "statistic": 0.04423700484835412}, "13": {"pvalue": -0.03405645735357922, "statistic": 0.2819608557158772}, "14": {"pvalue": NaN, "statistic": NaN}, "15": {"pvalue": -0.13287344688974323, "statistic": 2.494730641532869e-05}, "16": {"pvalue": NaN, "statistic": NaN}, "17": {"pvalue": -0.2364152984658647, "statistic": 3.6083891498187916e-14}, "18": {"pvalue": -0.044419158058359276, "statistic": 0.16044005672884737}, "19": {"pvalue": -0.23541399720567513, "statistic": 4.650655263228909e-14}, "20": {"pvalue": -0.09789522907713451, "statistic": 0.001939823763639294}, "21": {"pvalue": -0.036566029638993254, "statistic": 0.24798417343767817}, "22": {"pvalue": -0.15451254673897835, "statistic": 9.130128867720557e-07}, "23": {"pvalue": -0.09679008806225553, "statistic": 0.002182967740655178}, "24": {"pvalue": -0.22017199763727868, "statistic": 1.918143628169777e-12}, "25": {"pvalue": -0.04725969447151859, "statistic": 0.13531993235806186}, "26": {"pvalue": -0.14815578826691772, "statistic": 2.535833956494265e-06}, "27": {"pvalue": NaN, "statistic": NaN}, "28": {"pvalue": -0.19741723206406459, "statistic": 3.0317558987943427e-10}, "29": {"pvalue": -0.1624575883226608, "statistic": 2.40073134127528e-07}, "30": {"pvalue": -0.05808238973934818, "statistic": 0.0663607167103829}, "31": {"pvalue": -0.09037117893421318, "statistic": 0.004235511417490604}, "32": {"pvalue": NaN, "statistic": NaN}, "33": {"pvalue": -0.1912562289915559, "statistic": 1.0817610831948292e-09}, "34": {"pvalue": -0.19999796521148666, "statistic": 1.7575467062549395e-10}, "35": {"pvalue": -0.01929121934067894, "statistic": 0.5423019946575989}, "36": {"pvalue": NaN, "statistic": NaN}, "37": {"pvalue": -0.1634015770135013, "statistic": 2.0394302963498986e-07}, "38": {"pvalue": -0.044773997306478165, "statistic": 0.15712221793049003}, "39": {"pvalue": -0.4224642617223906, "statistic": 1.4790847057129385e-44}, "40": {"pvalue": -0.07000804903309528, "statistic": 0.026842772002292545}, "41": {"pvalue": -0.1453060225933293, "statistic": 3.95487026133646e-06}, "42": {"pvalue": -0.03358484547195738, "statistic": 0.2886821487855547}, "43": {"pvalue": -0.02830685871271084, "statistic": 0.3712143138139483}, "44": {"pvalue": -0.10184530776418851, "statistic": 0.0012597608693680773}, "45": {"pvalue": -0.030639734631431718, "statistic": 0.3330798813819568}, "46": {"pvalue": -0.04465576198546752, "statistic": 0.15822193047741684}, "47": {"pvalue": -0.07166154880098888, "statistic": 0.023438104573606528}, "48": {"pvalue": NaN, "statistic": NaN}, "49": {"pvalue": -0.12878834154375657, "statistic": 4.4158050028435116e-05}, "50": {"pvalue": -0.07880873201856145, "statistic": 0.012670022232574659}, "51": {"pvalue": -0.043295522978598525, "statistic": 0.17129524603662805}, "52": {"pvalue": 0.02874658739996544, "statistic": 0.36382665047779345}, "53": {"pvalue": -0.06892617901179675, "statistic": 0.02929428754535473}, "54": {"pvalue": NaN, "statistic": NaN}, "55": {"pvalue": -0.08493330038207396, "statistic": 0.007202692508827202}, "56": {"pvalue": -0.04072414233504754, "statistic": 0.19818716932719121}, "57": {"pvalue": -0.28890752404368414, "statistic": 1.118499158031079e-20}, "58": {"pvalue": -0.13984697337073382, "statistic": 9.052603870147043e-06}, "59": {"pvalue": -0.040491864951289924, "statistic": 0.20076031314726284}, "60": {"pvalue": -0.07411670953694041, "statistic": 0.019074624564063794}, "61": {"pvalue": -0.18195933246728377, "statistic": 6.819599664245186e-09}, "62": {"pvalue": -0.30716315305393305, "statistic": 2.7180013003870746e-23}, "63": {"pvalue": -0.23475324878896858, "statistic": 5.49486255274187e-14}, "64": {"pvalue": -0.07699777918224797, "statistic": 0.01487309409871686}, "65": {"pvalue": -0.019875306768326575, "statistic": 0.5301426290940788}, "66": {"pvalue": -0.08496682320834126, "statistic": 0.007179767967087461}, "67": {"pvalue": -0.4918922214529212, "statistic": 4.7424106282314775e-62}, "68": {"pvalue": 0.019298165335806777, "statistic": 0.5421565831783927}, "69": {"pvalue": -0.2696800154318001, "statistic": 4.0047265447403565e-18}, "70": {"pvalue": -0.008013859681308315, "statistic": 0.8001850656084263}, "71": {"pvalue": NaN, "statistic": NaN}, "72": {"pvalue": 0.012125060863675213, "statistic": 0.7017474894330165}, "73": {"pvalue": 0.039879401370439826, "statistic": 0.20766165332443676}, "74": {"pvalue": -0.023623464142638793, "statistic": 0.45554097487631684}, "75": {"pvalue": -0.47294392118980516, "statistic": 7.201755151627099e-57}, "76": {"pvalue": 0.016157938859905657, "statistic": 0.6098040795054294}, "77": {"pvalue": -0.35675117553644237, "statistic": 2.2166467747293435e-31}, "78": {"pvalue": -0.03810036356366446, "statistic": 0.22867870050306716}, "79": {"pvalue": -0.09866475795881491, "statistic": 0.0017854638289182964}, "80": {"pvalue": 0.04287769841552013, "statistic": 0.17546882103346842}, "81": {"pvalue": -0.15682272813602824, "statistic": 6.233617471800986e-07}, "82": {"pvalue": -0.07268720304578144, "statistic": 0.021519845956212934}, "83": {"pvalue": -0.08619381789903863, "statistic": 0.006384414454206342}, "84": {"pvalue": -0.025191705498904274, "statistic": 0.42617061605514267}, "85": {"pvalue": -0.06689301243684131, "statistic": 0.03442428503287245}, "86": {"pvalue": -0.11070127378334921, "statistic": 0.0004530401889032996}, "87": {"pvalue": -0.051002521090979275, "statistic": 0.1069895293345164}, "88": {"pvalue": -0.35628917497317714, "statistic": 2.6793963696849373e-31}, "89": {"pvalue": -0.08268346205228733, "statistic": 0.008899505119599273}, "90": {"pvalue": -0.3890546798386069, "statistic": 1.7457181149893593e-37}, "91": {"pvalue": -0.02227782331300099, "statistic": 0.4816240768054745}, "92": {"pvalue": NaN, "statistic": NaN}, "93": {"pvalue": -0.002594519512842918, "statistic": 0.9346916964602712}, "94": {"pvalue": -0.17335101402580194, "statistic": 3.4522276008643844e-08}, "95": {"pvalue": -0.18934228712272622, "statistic": 1.5925019433272662e-09}, "96": {"pvalue": -0.09794286680068767, "statistic": 0.0019299238274522533}, "97": {"pvalue": -0.19773210763215648, "statistic": 2.837752270509371e-10}, "98": {"pvalue": NaN, "statistic": NaN}, "99": {"pvalue": -0.1154483905478217, "statistic": 0.000253723829706933}}