{"0": {"pvalue": 3.0646758355970976e-28, "statistic": -0.3385598450874372}, "1": {"pvalue": 0.019702302888018063, "statistic": -0.07373516711959965}, "2": {"pvalue": 6.530981888728795e-59, "statistic": -0.4805557492451574}, "3": {"pvalue": 4.401849254705683e-09, "statistic": -0.18421320621476212}, "4": {"pvalue": 0.0003880393957702287, "statistic": -0.11198733504463852}, "5": {"pvalue": 1.02000242796885e-40, "statistic": -0.4048031716193515}, "6": {"pvalue": 4.077199323460931e-12, "statistic": -0.21694213765545878}, "7": {"pvalue": 3.271151953540288e-14, "statistic": -0.23680125216724165}, "8": {"pvalue": 0.00011092980710024004, "statistic": -0.12192928668541886}, "9": {"pvalue": 5.852382108930806e-05, "statistic": -0.12672779680748075}, "10": {"pvalue": 0.42205680445859955, "statistic": -0.025416287051840722}, "11": {"pvalue": 2.1344089491218876e-43, "statistic": -0.417240912394391}, "12": {"pvalue": 1.8543229687193212e-44, "statistic": -0.4220253901259061}, "13": {"pvalue": 1.8521959189279642e-14, "statistic": -0.2390251875751182}, "14": {"pvalue": 1.8463193696178318e-05, "statistic": -0.1349797227722031}, "15": {"pvalue": 5.932893757957805e-11, "statistic": -0.20503784901328054}, "16": {"pvalue": 6.514014070786832e-05, "statistic": -0.12593595377799396}, "17": {"pvalue": 8.626223613470553e-06, "statistic": -0.14017061375073575}, "18": {"pvalue": 0.005983879117596395, "statistic": -0.08686467387101984}, "19": {"pvalue": 4.6812754172660644e-14, "statistic": -0.23538803997634378}, "20": {"pvalue": 0.4665726760585938, "statistic": 0.02304926431177891}, "21": {"pvalue": 0.5887242283229573, "statistic": -0.017118140704338515}, "22": {"pvalue": 7.1116558659015085e-06, "statistic": -0.1414586750939078}, "23": {"pvalue": 0.003168888683612953, "statistic": -0.09322774717356187}, "24": {"pvalue": 1.968624370969941e-24, "statistic": -0.314734901002508}, "25": {"pvalue": 3.128655096118649e-20, "statistic": -0.28565134905851475}, "26": {"pvalue": 0.0002664367163053091, "statistic": -0.11505494832354389}, "27": {"pvalue": 0.41375549264636424, "statistic": -0.02587341285752341}, "28": {"pvalue": 0.00025888359490522107, "statistic": -0.1152865270329597}, "29": {"pvalue": 0.2332443928786876, "statistic": -0.037729476074797846}, "30": {"pvalue": 2.2735150365650607e-98, "statistic": -0.5988934621206506}, "31": {"pvalue": 1.8003630176694653e-24, "statistic": -0.3149887792154886}, "32": {"pvalue": 1.2431242757737899e-21, "statistic": -0.2957231968152293}, "33": {"pvalue": 3.286500246750325e-06, "statistic": -0.14649960167049125}, "34": {"pvalue": 0.003414434875774322, "statistic": -0.09250017305052581}, "35": {"pvalue": 9.76137934989914e-41, "statistic": -0.40489367568640566}, "36": {"pvalue": 1.0570110559278106e-13, "statistic": -0.23214211193743262}, "37": {"pvalue": 1.4049680933553403e-11, "statistic": -0.2115295735898794}, "38": {"pvalue": 0.07575285743802303, "statistic": -0.056184133896107026}, "39": {"pvalue": 0.8401696062375793, "statistic": -0.0063854935282626965}, "40": {"pvalue": 3.4011059730266745e-64, "statistic": -0.4993988502295691}, "41": {"pvalue": 0.03143883773038144, "statistic": -0.0680418110536788}, "42": {"pvalue": 8.961607281855212e-05, "statistic": -0.12354962249656595}, "43": {"pvalue": 1.2133511032472335e-10, "statistic": -0.2017322764470335}, "44": {"pvalue": 0.000344461747331253, "statistic": -0.1129674891669632}, "45": {"pvalue": 0.986851583678842, "statistic": -0.0005217909398333581}, "46": {"pvalue": 0.04985262848352671, "statistic": -0.06203726838369683}, "47": {"pvalue": 0.016334508048578035, "statistic": -0.07592282702556746}, "48": {"pvalue": 1.2735298065697746e-06, "statistic": -0.1524699832651526}, "49": {"pvalue": 0.0005281991616951333, "statistic": -0.10941321175477056}, "50": {"pvalue": 0.0006974331019019721, "statistic": -0.10704542572980359}, "51": {"pvalue": 2.557584142643937e-08, "statistic": -0.1749753447253724}, "52": {"pvalue": 0.029653271961716583, "statistic": -0.06877435039143201}, "53": {"pvalue": 0.0008162535276590613, "statistic": -0.1056841317129675}, "54": {"pvalue": 5.238177828464411e-29, "statistic": -0.3431157046155809}, "55": {"pvalue": 0.009426996449003694, "statistic": -0.08206217670589816}, "56": {"pvalue": 0.0020476199995932685, "statistic": -0.09739046560549021}, "57": {"pvalue": 0.0014674898194291842, "statistic": -0.10046427291123426}, "58": {"pvalue": 0.5835878013374931, "statistic": 0.01735447629596074}, "59": {"pvalue": 0.5860690978182713, "statistic": -0.017240187925272495}, "60": {"pvalue": 6.132637892518331e-08, "statistic": -0.1701959607595648}, "61": {"pvalue": 0.00010662647188995409, "statistic": -0.12223126469530238}, "62": {"pvalue": 0.19430327488979215, "statistic": -0.04107894984038144}, "63": {"pvalue": 3.673315034933079e-38, "statistic": -0.39242291870918183}, "64": {"pvalue": 0.0019379966207728168, "statistic": -0.09790400434840033}, "65": {"pvalue": 0.560958135170429, "statistic": 0.018407546187011396}, "66": {"pvalue": 4.9815079067259645e-40, "statistic": -0.4015189872342106}, "67": {"pvalue": 0.1012843415793827, "statistic": -0.0518489326160471}, "68": {"pvalue": 0.09970227605409954, "statistic": -0.05209034030770662}, "69": {"pvalue": 0.002887782771018316, "statistic": -0.0941265597381121}, "70": {"pvalue": 1.4452246942284406e-14, "statistic": -0.2399882839168857}, "71": {"pvalue": 0.003975314743055797, "statistic": -0.09100198367177065}, "72": {"pvalue": 0.0010363268935274716, "statistic": -0.10358807855900637}, "73": {"pvalue": 4.959537159537539e-16, "statistic": -0.2526811078368741}, "74": {"pvalue": NaN, "statistic": NaN}, "75": {"pvalue": 0.002010674780836213, "statistic": -0.09756066209551764}, "76": {"pvalue": 3.769238647785207e-09, "statistic": -0.18500529339748012}, "77": {"pvalue": 3.3285157104170154e-12, "statistic": -0.2178161585531087}, "78": {"pvalue": 0.3553560780921042, "statistic": -0.029257693108593903}, "79": {"pvalue": 0.8765289407858019, "statistic": -0.004919381625573465}, "80": {"pvalue": 0.1319846828905919, "statistic": -0.04766660558044889}, "81": {"pvalue": 1.8258495722035375e-12, "statistic": -0.22038146736222924}, "82": {"pvalue": 7.0281726266454284e-06, "statistic": -0.14153708899410294}, "83": {"pvalue": 0.0014578748077833418, "statistic": -0.10052409649790842}, "84": {"pvalue": 2.5794711596617342e-51, "statistic": -0.4512171527564025}, "85": {"pvalue": 0.18368952237164038, "statistic": -0.04207586865479932}, "86": {"pvalue": 0.8570609792376901, "statistic": 0.005702875464211731}, "87": {"pvalue": 1.3920198083855123e-06, "statistic": -0.151919425304443}, "88": {"pvalue": 3.415485053832566e-07, "statistic": -0.16039839091566593}, "89": {"pvalue": 0.5120943156927231, "statistic": -0.02075498950072705}, "90": {"pvalue": 8.255988177026744e-21, "statistic": -0.28986061402365215}, "91": {"pvalue": 7.737426059238953e-58, "statistic": -0.4765785393653887}, "92": {"pvalue": 7.322359849267859e-34, "statistic": -0.37032722736828905}, "93": {"pvalue": 1.0699343907734048e-82, "statistic": -0.5573805323851435}, "94": {"pvalue": 9.036147396183105e-08, "statistic": -0.1680342067290378}, "95": {"pvalue": 7.558828428402335e-24, "statistic": -0.3108819139487523}, "96": {"pvalue": 1.8230553337418824e-32, "statistic": -0.36276827150088803}, "97": {"pvalue": 6.933396305100962e-26, "statistic": -0.3240799646417777}, "98": {"pvalue": 5.857390374901594e-05, "statistic": -0.12672149115705866}, "99": {"pvalue": 0.8940523705339327, "statistic": 0.00421672290485922}}