{"0": {"pvalue": -0.015575950546790025, "statistic": 0.622741541063714}, "1": {"pvalue": 0.007816407201964092, "statistic": 0.8050079664691575}, "2": {"pvalue": 0.035196753471493675, "statistic": 0.2661503908261718}, "3": {"pvalue": 0.0068033392410167485, "statistic": 0.8298656474779842}, "4": {"pvalue": 0.019478727909232517, "statistic": 0.5383834084865428}, "5": {"pvalue": -0.014535616162861012, "statistic": 0.646158123432662}, "6": {"pvalue": -0.05789204079776169, "statistic": 0.06725707667102972}, "7": {"pvalue": 0.02619172595179932, "statistic": 0.4080324119122082}, "8": {"pvalue": 0.005044095084298768, "statistic": 0.8734247959096726}, "9": {"pvalue": -0.025172183117808236, "statistic": 0.426529320675437}, "10": {"pvalue": -0.041472316771544254, "statistic": 0.1900628151924026}, "11": {"pvalue": 0.038914103136596684, "statistic": 0.21888492463081083}, "12": {"pvalue": 0.016918926235652706, "statistic": 0.5930700004064718}, "13": {"pvalue": -0.059417065027503005, "statistic": 0.060348048404029436}, "14": {"pvalue": -0.0028258845924271567, "statistic": 0.9288826509482638}, "15": {"pvalue": -0.009392278314444284, "statistic": 0.766737562310439}, "16": {"pvalue": 0.04980368546319115, "statistic": 0.11550182697464374}, "17": {"pvalue": -0.01305481955555256, "statistic": 0.6800969186056633}, "18": {"pvalue": 0.01981641725442105, "statistic": 0.5313622772514068}, "19": {"pvalue": -0.03887200865265937, "statistic": 0.2193840571563394}, "20": {"pvalue": -0.02716166007174057, "statistic": 0.3908863178337282}, "21": {"pvalue": 0.023626977203745875, "statistic": 0.45547393512627266}, "22": {"pvalue": 0.058814597462678586, "statistic": 0.06300386302138883}, "23": {"pvalue": -0.01841105501509946, "statistic": 0.56088344750826}, "24": {"pvalue": -0.007860300599213874, "statistic": 0.8039351950850333}, "25": {"pvalue": 0.011861532111248397, "statistic": 0.7079292459704495}, "26": {"pvalue": -0.018706684393794203, "statistic": 0.5546081105303095}, "27": {"pvalue": -0.014930078866368915, "statistic": 0.6372363653837058}, "28": {"pvalue": -0.04262001621733897, "statistic": 0.17808025308956169}, "29": {"pvalue": -0.006179959942485455, "statistic": 0.8452481751203421}, "30": {"pvalue": -0.0027442056023871623, "statistic": 0.930933006667477}, "31": {"pvalue": -0.006679016179690796, "statistic": 0.8329284520966305}, "32": {"pvalue": 0.0010581752378925821, "statistic": 0.9733391852959652}, "33": {"pvalue": -0.013143404370957873, "statistic": 0.6780474466669106}, "34": {"pvalue": -0.05263910052126949, "statistic": 0.09617918298423715}, "35": {"pvalue": -0.018636475183655316, "statistic": 0.5560953354477549}, "36": {"pvalue": -0.03426047214569143, "statistic": 0.2790863915731243}, "37": {"pvalue": 0.037673266432434224, "statistic": 0.2339419369500569}, "38": {"pvalue": 0.027469852576383277, "statistic": 0.3855310462237677}, "39": {"pvalue": -0.07077859174181347, "statistic": 0.025206470048572755}, "40": {"pvalue": 0.003362832119154169, "statistic": 0.9154162248922068}, "41": {"pvalue": 0.008123620308396832, "statistic": 0.7975073667620061}, "42": {"pvalue": -0.021494060820022948, "statistic": 0.49718208951612547}, "43": {"pvalue": 0.020164513206794438, "statistic": 0.524173617472408}, "44": {"pvalue": 0.027219596474691313, "statistic": 0.38987616389728696}, "45": {"pvalue": 0.024290409489351458, "statistic": 0.44291346082017985}, "46": {"pvalue": 0.017798373936928624, "statistic": 0.5739970755444951}, "47": {"pvalue": 0.0766035228499087, "statistic": 0.01539516192019213}, "48": {"pvalue": -0.018274449731091824, "statistic": 0.5637947222933082}, "49": {"pvalue": -0.0336123994693812, "statistic": 0.2882865150475093}, "50": {"pvalue": 0.01840500787753116, "statistic": 0.5610121677161398}, "51": {"pvalue": 0.010347642407331738, "statistic": 0.7438035234472145}, "52": {"pvalue": -0.006515227976407016, "statistic": 0.8369673754214931}, "53": {"pvalue": -0.024184674983210704, "statistic": 0.4449019404276764}, "54": {"pvalue": 0.025814770963341872, "statistic": 0.41481499039704844}, "55": {"pvalue": 0.0018042709592745176, "statistic": 0.9545573489270675}, "56": {"pvalue": 0.004406071043410982, "statistic": 0.8893248144394909}, "57": {"pvalue": 0.021430458566098216, "statistic": 0.4984562435253577}, "58": {"pvalue": -0.03614009431135583, "statistic": 0.25353976372598025}, "59": {"pvalue": 0.031581329906893836, "statistic": 0.31843012952970745}, "60": {"pvalue": -0.0103857279110862, "statistic": 0.742893794730721}, "61": {"pvalue": 0.008186121783263056, "statistic": 0.7959836532578791}, "62": {"pvalue": -0.007521737518003415, "statistic": 0.8122192038650202}, "63": {"pvalue": 0.032489537810020015, "statistic": 0.3047052646308876}, "64": {"pvalue": -0.02966355185807918, "statistic": 0.34871902667846594}, "65": {"pvalue": 0.00015161185409044708, "statistic": 0.9961794310426821}, "66": {"pvalue": -0.017713028233235856, "statistic": 0.5758352312297044}, "67": {"pvalue": -0.02256425775423698, "statistic": 0.4760049379900353}, "68": {"pvalue": 0.022461492885499465, "statistic": 0.47801679410582276}, "69": {"pvalue": 0.0109339662169047, "statistic": 0.7298385966273752}, "70": {"pvalue": -0.05171161693862346, "statistic": 0.10219310912032835}, "71": {"pvalue": 0.0231295760994393, "statistic": 0.46502085274708327}, "72": {"pvalue": 0.045493623075545817, "statistic": 0.150553346603036}, "73": {"pvalue": 0.07537814449419503, "statistic": 0.01712200357361226}, "74": {"pvalue": -0.0025887191896805132, "statistic": 0.9348373751721326}, "75": {"pvalue": 0.003309091567222309, "statistic": 0.9167629895499392}, "76": {"pvalue": 0.002316245804672396, "statistic": 0.9416830844122972}, "77": {"pvalue": -0.0352701258349384, "statistic": 0.2651543549318729}, "78": {"pvalue": 0.021493683792373795, "statistic": 0.49718963746284794}, "79": {"pvalue": -0.015079573836861876, "statistic": 0.6338687435949432}, "80": {"pvalue": 0.006911132754481877, "statistic": 0.8272121483871487}, "81": {"pvalue": -0.009629281626464304, "statistic": 0.761028225313535}, "82": {"pvalue": -0.046763602032378414, "statistic": 0.13947367055264512}, "83": {"pvalue": 0.020032623107375212, "statistic": 0.5268914619940094}, "84": {"pvalue": -0.006018522967639469, "statistic": 0.8492416708320304}, "85": {"pvalue": 0.00942529380774549, "statistic": 0.7659414628247444}, "86": {"pvalue": 0.002545729146130396, "statistic": 0.935917164357566}, "87": {"pvalue": -0.019293025412973556, "statistic": 0.5422641834276597}, "88": {"pvalue": -0.0023646995798877225, "statistic": 0.9404653870033154}, "89": {"pvalue": -0.04491054288648115, "statistic": 0.155859410124411}, "90": {"pvalue": -0.01569622696894219, "statistic": 0.6200580941893765}, "91": {"pvalue": -0.012082877564026255, "statistic": 0.7027356979775934}, "92": {"pvalue": -0.03056174324181591, "statistic": 0.3343124861709749}, "93": {"pvalue": -0.0236945181050177, "statistic": 0.4541861305566283}, "94": {"pvalue": 0.03787910264255662, "statistic": 0.2313947554193835}, "95": {"pvalue": -0.010897558126827725, "statistic": 0.7307032109875679}, "96": {"pvalue": -0.0317749282091967, "statistic": 0.31547107716366474}, "97": {"pvalue": -0.03459915973624324, "statistic": 0.27435852990251836}, "98": {"pvalue": -0.006520807179833664, "statistic": 0.8368297242093214}, "99": {"pvalue": -0.014912537943113209, "statistic": 0.6376319962500936}}