{"0": {"pvalue": -0.3385598450874372, "statistic": 3.0646758355970976e-28}, "1": {"pvalue": -0.07373516711959965, "statistic": 0.019702302888018063}, "2": {"pvalue": -0.4805557492451574, "statistic": 6.530981888728795e-59}, "3": {"pvalue": -0.18421320621476212, "statistic": 4.401849254705683e-09}, "4": {"pvalue": -0.11198733504463852, "statistic": 0.0003880393957702287}, "5": {"pvalue": -0.4048031716193515, "statistic": 1.02000242796885e-40}, "6": {"pvalue": -0.21694213765545878, "statistic": 4.077199323460931e-12}, "7": {"pvalue": -0.23680125216724165, "statistic": 3.271151953540288e-14}, "8": {"pvalue": -0.12192928668541886, "statistic": 0.00011092980710024004}, "9": {"pvalue": -0.12672779680748075, "statistic": 5.852382108930806e-05}, "10": {"pvalue": -0.025416287051840722, "statistic": 0.42205680445859955}, "11": {"pvalue": -0.417240912394391, "statistic": 2.1344089491218876e-43}, "12": {"pvalue": -0.4220253901259061, "statistic": 1.8543229687193212e-44}, "13": {"pvalue": -0.2390251875751182, "statistic": 1.8521959189279642e-14}, "14": {"pvalue": -0.1349797227722031, "statistic": 1.8463193696178318e-05}, "15": {"pvalue": -0.20503784901328054, "statistic": 5.932893757957805e-11}, "16": {"pvalue": -0.12593595377799396, "statistic": 6.514014070786832e-05}, "17": {"pvalue": -0.14017061375073575, "statistic": 8.626223613470553e-06}, "18": {"pvalue": -0.08686467387101984, "statistic": 0.005983879117596395}, "19": {"pvalue": -0.23538803997634378, "statistic": 4.6812754172660644e-14}, "20": {"pvalue": 0.02304926431177891, "statistic": 0.4665726760585938}, "21": {"pvalue": -0.017118140704338515, "statistic": 0.5887242283229573}, "22": {"pvalue": -0.1414586750939078, "statistic": 7.1116558659015085e-06}, "23": {"pvalue": -0.09322774717356187, "statistic": 0.003168888683612953}, "24": {"pvalue": -0.314734901002508, "statistic": 1.968624370969941e-24}, "25": {"pvalue": -0.28565134905851475, "statistic": 3.128655096118649e-20}, "26": {"pvalue": -0.11505494832354389, "statistic": 0.0002664367163053091}, "27": {"pvalue": -0.02587341285752341, "statistic": 0.41375549264636424}, "28": {"pvalue": -0.1152865270329597, "statistic": 0.00025888359490522107}, "29": {"pvalue": -0.037729476074797846, "statistic": 0.2332443928786876}, "30": {"pvalue": -0.5988934621206506, "statistic": 2.2735150365650607e-98}, "31": {"pvalue": -0.3149887792154886, "statistic": 1.8003630176694653e-24}, "32": {"pvalue": -0.2957231968152293, "statistic": 1.2431242757737899e-21}, "33": {"pvalue": -0.14649960167049125, "statistic": 3.286500246750325e-06}, "34": {"pvalue": -0.09250017305052581, "statistic": 0.003414434875774322}, "35": {"pvalue": -0.40489367568640566, "statistic": 9.76137934989914e-41}, "36": {"pvalue": -0.23214211193743262, "statistic": 1.0570110559278106e-13}, "37": {"pvalue": -0.2115295735898794, "statistic": 1.4049680933553403e-11}, "38": {"pvalue": -0.056184133896107026, "statistic": 0.07575285743802303}, "39": {"pvalue": -0.0063854935282626965, "statistic": 0.8401696062375793}, "40": {"pvalue": -0.4993988502295691, "statistic": 3.4011059730266745e-64}, "41": {"pvalue": -0.0680418110536788, "statistic": 0.03143883773038144}, "42": {"pvalue": -0.12354962249656595, "statistic": 8.961607281855212e-05}, "43": {"pvalue": -0.2017322764470335, "statistic": 1.2133511032472335e-10}, "44": {"pvalue": -0.1129674891669632, "statistic": 0.000344461747331253}, "45": {"pvalue": -0.0005217909398333581, "statistic": 0.986851583678842}, "46": {"pvalue": -0.06203726838369683, "statistic": 0.04985262848352671}, "47": {"pvalue": -0.07592282702556746, "statistic": 0.016334508048578035}, "48": {"pvalue": -0.1524699832651526, "statistic": 1.2735298065697746e-06}, "49": {"pvalue": -0.10941321175477056, "statistic": 0.0005281991616951333}, "50": {"pvalue": -0.10704542572980359, "statistic": 0.0006974331019019721}, "51": {"pvalue": -0.1749753447253724, "statistic": 2.557584142643937e-08}, "52": {"pvalue": -0.06877435039143201, "statistic": 0.029653271961716583}, "53": {"pvalue": -0.1056841317129675, "statistic": 0.0008162535276590613}, "54": {"pvalue": -0.3431157046155809, "statistic": 5.238177828464411e-29}, "55": {"pvalue": -0.08206217670589816, "statistic": 0.009426996449003694}, "56": {"pvalue": -0.09739046560549021, "statistic": 0.0020476199995932685}, "57": {"pvalue": -0.10046427291123426, "statistic": 0.0014674898194291842}, "58": {"pvalue": 0.01735447629596074, "statistic": 0.5835878013374931}, "59": {"pvalue": -0.017240187925272495, "statistic": 0.5860690978182713}, "60": {"pvalue": -0.1701959607595648, "statistic": 6.132637892518331e-08}, "61": {"pvalue": -0.12223126469530238, "statistic": 0.00010662647188995409}, "62": {"pvalue": -0.04107894984038144, "statistic": 0.19430327488979215}, "63": {"pvalue": -0.39242291870918183, "statistic": 3.673315034933079e-38}, "64": {"pvalue": -0.09790400434840033, "statistic": 0.0019379966207728168}, "65": {"pvalue": 0.018407546187011396, "statistic": 0.560958135170429}, "66": {"pvalue": -0.4015189872342106, "statistic": 4.9815079067259645e-40}, "67": {"pvalue": -0.0518489326160471, "statistic": 0.1012843415793827}, "68": {"pvalue": -0.05209034030770662, "statistic": 0.09970227605409954}, "69": {"pvalue": -0.0941265597381121, "statistic": 0.002887782771018316}, "70": {"pvalue": -0.2399882839168857, "statistic": 1.4452246942284406e-14}, "71": {"pvalue": -0.09100198367177065, "statistic": 0.003975314743055797}, "72": {"pvalue": -0.10358807855900637, "statistic": 0.0010363268935274716}, "73": {"pvalue": -0.2526811078368741, "statistic": 4.959537159537539e-16}, "74": {"pvalue": NaN, "statistic": NaN}, "75": {"pvalue": -0.09756066209551764, "statistic": 0.002010674780836213}, "76": {"pvalue": -0.18500529339748012, "statistic": 3.769238647785207e-09}, "77": {"pvalue": -0.2178161585531087, "statistic": 3.3285157104170154e-12}, "78": {"pvalue": -0.029257693108593903, "statistic": 0.3553560780921042}, "79": {"pvalue": -0.004919381625573465, "statistic": 0.8765289407858019}, "80": {"pvalue": -0.04766660558044889, "statistic": 0.1319846828905919}, "81": {"pvalue": -0.22038146736222924, "statistic": 1.8258495722035375e-12}, "82": {"pvalue": -0.14153708899410294, "statistic": 7.0281726266454284e-06}, "83": {"pvalue": -0.10052409649790842, "statistic": 0.0014578748077833418}, "84": {"pvalue": -0.4512171527564025, "statistic": 2.5794711596617342e-51}, "85": {"pvalue": -0.04207586865479932, "statistic": 0.18368952237164038}, "86": {"pvalue": 0.005702875464211731, "statistic": 0.8570609792376901}, "87": {"pvalue": -0.151919425304443, "statistic": 1.3920198083855123e-06}, "88": {"pvalue": -0.16039839091566593, "statistic": 3.415485053832566e-07}, "89": {"pvalue": -0.02075498950072705, "statistic": 0.5120943156927231}, "90": {"pvalue": -0.28986061402365215, "statistic": 8.255988177026744e-21}, "91": {"pvalue": -0.4765785393653887, "statistic": 7.737426059238953e-58}, "92": {"pvalue": -0.37032722736828905, "statistic": 7.322359849267859e-34}, "93": {"pvalue": -0.5573805323851435, "statistic": 1.0699343907734048e-82}, "94": {"pvalue": -0.1680342067290378, "statistic": 9.036147396183105e-08}, "95": {"pvalue": -0.3108819139487523, "statistic": 7.558828428402335e-24}, "96": {"pvalue": -0.36276827150088803, "statistic": 1.8230553337418824e-32}, "97": {"pvalue": -0.3240799646417777, "statistic": 6.933396305100962e-26}, "98": {"pvalue": -0.12672149115705866, "statistic": 5.857390374901594e-05}, "99": {"pvalue": 0.00421672290485922, "statistic": 0.8940523705339327}}