{"0": {"pvalue": -0.00496150318619485, "statistic": 0.8754803115158741}, "1": {"pvalue": -0.005505276915786961, "statistic": 0.8619631352250102}, "2": {"pvalue": 0.05799868805135576, "statistic": 0.06675365315974593}, "3": {"pvalue": -0.008162339227712787, "statistic": 0.7965633531931079}, "4": {"pvalue": -0.04560060544622045, "statistic": 0.14959490799145087}, "5": {"pvalue": -0.05602965231708412, "statistic": 0.07656262178702668}, "6": {"pvalue": -0.027852485508734766, "statistic": 0.37894489940131915}, "7": {"pvalue": 0.00439868099834417, "statistic": 0.8895092530782244}, "8": {"pvalue": 0.04908810917047546, "statistic": 0.1208307486199873}, "9": {"pvalue": -0.0006907588525594845, "statistic": 0.9825944158808786}, "10": {"pvalue": 0.027772125387175023, "statistic": 0.38032234850684143}, "11": {"pvalue": 0.04170044450613912, "statistic": 0.18763501273990452}, "12": {"pvalue": 0.0058956818882862725, "statistic": 0.8522830087083361}, "13": {"pvalue": 0.03670451559220188, "statistic": 0.24619632586672258}, "14": {"pvalue": -0.025591987389381284, "statistic": 0.4188546495689921}, "15": {"pvalue": -0.012857135256595176, "statistic": 0.6846789823026109}, "16": {"pvalue": -0.04224586294132393, "statistic": 0.18192329940662574}, "17": {"pvalue": 0.012614977887198741, "statistic": 0.6903076882106952}, "18": {"pvalue": -0.008015406423295422, "statistic": 0.8001473152175388}, "19": {"pvalue": 0.00277025589095483, "statistic": 0.9302790261038762}, "20": {"pvalue": -0.06384146758373083, "statistic": 0.043551838639609174}, "21": {"pvalue": -0.023009879195999818, "statistic": 0.4673347417776793}, "22": {"pvalue": 0.0269858055122359, "statistic": 0.3939621487129256}, "23": {"pvalue": -0.05173450103373395, "statistic": 0.10204121179730917}, "24": {"pvalue": -0.04817839310944559, "statistic": 0.12788053574525757}, "25": {"pvalue": -0.06116228610604707, "statistic": 0.05317307896580735}, "26": {"pvalue": 0.011828162306217945, "statistic": 0.7087134048804788}, "27": {"pvalue": 0.013838106681789983, "statistic": 0.6620584299384128}, "28": {"pvalue": 0.012935636159372094, "statistic": 0.682858035148459}, "29": {"pvalue": -0.011211793452607234, "statistic": 0.7232521545961659}, "30": {"pvalue": -0.013635685374002064, "statistic": 0.6667018292678754}, "31": {"pvalue": -0.006939395686687576, "statistic": 0.8265167383962816}, "32": {"pvalue": 0.009746330514316158, "statistic": 0.7582133178092217}, "33": {"pvalue": 0.01379490953907108, "statistic": 0.6630482605634467}, "34": {"pvalue": -0.01703870255880074, "statistic": 0.590455374830031}, "35": {"pvalue": 0.01263165886505795, "statistic": 0.6899194022484223}, "36": {"pvalue": -0.014367014461669974, "statistic": 0.6499871257153294}, "37": {"pvalue": -0.028472199300254443, "statistic": 0.36842567327920683}, "38": {"pvalue": 0.04326080316118544, "statistic": 0.17163920320616652}, "39": {"pvalue": -0.04727244163146263, "statistic": 0.13521447294006556}, "40": {"pvalue": 0.00791714566785598, "statistic": 0.8025464279837614}, "41": {"pvalue": 0.04582721262553435, "statistic": 0.14758012860566627}, "42": {"pvalue": 0.03954432260463242, "statistic": 0.2115093162909601}, "43": {"pvalue": -0.03332370303820109, "statistic": 0.2924498981113482}, "44": {"pvalue": -0.07743216047775647, "statistic": 0.014315986444896713}, "45": {"pvalue": 0.01985960246183106, "statistic": 0.5304677387416975}, "46": {"pvalue": 0.0015465588325924186, "statistic": 0.9610425448917178}, "47": {"pvalue": 0.022944985012840428, "statistic": 0.46859188607046126}, "48": {"pvalue": -0.004531168560117052, "statistic": 0.8862035818261479}, "49": {"pvalue": -0.015241671536565993, "statistic": 0.6302257629878033}, "50": {"pvalue": -0.01438560590746549, "statistic": 0.6495644522563965}, "51": {"pvalue": -0.026061319834192603, "statistic": 0.41037132039833135}, "52": {"pvalue": 0.004275815867036567, "statistic": 0.8925765534729168}, "53": {"pvalue": -0.015123326952395573, "statistic": 0.6328845586819829}, "54": {"pvalue": -0.0011208119890355698, "statistic": 0.9717616867349802}, "55": {"pvalue": -0.014394093974746985, "statistic": 0.6493715148769877}, "56": {"pvalue": 0.008154421184800947, "statistic": 0.7967563804259183}, "57": {"pvalue": 0.022010471549485867, "statistic": 0.48690120709065665}, "58": {"pvalue": -0.01421618349975073, "statistic": 0.6534203907548635}, "59": {"pvalue": -0.06043420887345945, "statistic": 0.05607483113985068}, "60": {"pvalue": 0.016907050862255642, "statistic": 0.5933295190912552}, "61": {"pvalue": -0.026178190528870843, "statistic": 0.40827480800223037}, "62": {"pvalue": 0.013569455459335383, "statistic": 0.6682238793648413}, "63": {"pvalue": 0.02580107026193231, "statistic": 0.4150627549754886}, "64": {"pvalue": -0.0001992540048850744, "statistic": 0.9949788784137928}, "65": {"pvalue": 0.03665129549326801, "statistic": 0.24688232480303665}, "66": {"pvalue": 0.0057326122764626754, "statistic": 0.8563237201908779}, "67": {"pvalue": -0.028761285830833243, "statistic": 0.3635813057278002}, "68": {"pvalue": 0.024338186572983964, "statistic": 0.4420166153132286}, "69": {"pvalue": -0.07205418075998907, "statistic": 0.02268694124915384}, "70": {"pvalue": -0.020251697410622316, "statistic": 0.5223809693523764}, "71": {"pvalue": -0.02154438071676359, "statistic": 0.49617525192623785}, "72": {"pvalue": -0.03946401618310458, "statistic": 0.2124390599667367}, "73": {"pvalue": -0.08430506076364229, "statistic": 0.007644621095254309}, "74": {"pvalue": -0.032054635164265446, "statistic": 0.3112278505392423}, "75": {"pvalue": 0.00563968494225856, "statistic": 0.8586280623884799}, "76": {"pvalue": -0.0004934945806074342, "statistic": 0.9875645538353046}, "77": {"pvalue": -0.030492268545758202, "statistic": 0.3354129595909286}, "78": {"pvalue": -0.01940891213791099, "statistic": 0.5398407716794709}, "79": {"pvalue": 0.04475850671785488, "statistic": 0.15726596646431545}, "80": {"pvalue": -0.012748270723688494, "statistic": 0.6872072893101691}, "81": {"pvalue": 0.07905441582783997, "statistic": 0.012394532126684787}, "82": {"pvalue": -0.02350777273223818, "statistic": 0.45775180997815784}, "83": {"pvalue": -0.020138027368924435, "statistic": 0.5247188319027393}, "84": {"pvalue": -0.046182244605137236, "statistic": 0.14446524556327253}, "85": {"pvalue": -0.00821202438184466, "statistic": 0.7953524051531495}, "86": {"pvalue": 0.03131965825914579, "statistic": 0.322458402033251}, "87": {"pvalue": -0.03285592174593701, "statistic": 0.29928112623953396}, "88": {"pvalue": 0.0215859890807973, "statistic": 0.4953435421144859}, "89": {"pvalue": -0.03864326065558254, "statistic": 0.22211068682774032}, "90": {"pvalue": -0.014575299235197934, "statistic": 0.6452582615296053}, "91": {"pvalue": 0.01925732785115443, "statistic": 0.5430117770983989}, "92": {"pvalue": 0.05336336431753499, "statistic": 0.09168241537496698}, "93": {"pvalue": -0.050781743948684656, "statistic": 0.10851872015918759}, "94": {"pvalue": 0.013172765697102597, "statistic": 0.6773686753134348}, "95": {"pvalue": 0.04604400700290915, "statistic": 0.14567204229042924}, "96": {"pvalue": -0.0023761001444210887, "statistic": 0.9401788981910254}, "97": {"pvalue": -0.023408657242222724, "statistic": 0.45965065587406545}, "98": {"pvalue": -0.004059720511067471, "statistic": 0.8979751925214757}, "99": {"pvalue": 0.01250651333505607, "statistic": 0.6928344174758606}}