{"0": {"pvalue": -0.05309274071378227, "statistic": 0.09334249425780725}, "1": {"pvalue": -0.10229857910469506, "statistic": 0.0011977266650709717}, "2": {"pvalue": -0.06862464455983161, "statistic": 0.0300109292819536}, "3": {"pvalue": -0.07610230509495129, "statistic": 0.016082073976075077}, "4": {"pvalue": -0.09602502368645571, "statistic": 0.002367299084233057}, "5": {"pvalue": -0.04007976818745975, "statistic": 0.20538522752609994}, "6": {"pvalue": 0.006310310581316403, "statistic": 0.8420265573825478}, "7": {"pvalue": -0.01703016564017219, "statistic": 0.5906415537804506}, "8": {"pvalue": -0.033811377040619824, "statistic": 0.28544033644157113}, "9": {"pvalue": -0.015868705885038057, "statistic": 0.6162187822131225}, "10": {"pvalue": NaN, "statistic": NaN}, "11": {"pvalue": -0.00862937758963801, "statistic": 0.7852001878796498}, "12": {"pvalue": -0.06451204136914084, "statistic": 0.04138786659913017}, "13": {"pvalue": -0.03471932172862562, "statistic": 0.27269435103269374}, "14": {"pvalue": NaN, "statistic": NaN}, "15": {"pvalue": -0.13575079602523948, "statistic": 1.651833303844416e-05}, "16": {"pvalue": NaN, "statistic": NaN}, "17": {"pvalue": -0.2377368542281178, "statistic": 2.5768477004690248e-14}, "18": {"pvalue": -0.05101630300384649, "statistic": 0.10689463850948866}, "19": {"pvalue": -0.21166634290215103, "statistic": 1.3622781766788175e-11}, "20": {"pvalue": -0.10056947048954105, "statistic": 0.001450620871854338}, "21": {"pvalue": -0.04442962586229439, "statistic": 0.1603414290726256}, "22": {"pvalue": -0.1305941268121112, "statistic": 3.437868007871708e-05}, "23": {"pvalue": -0.07769870894145776, "statistic": 0.013983303196149094}, "24": {"pvalue": -0.20771340615350384, "statistic": 3.295362883609431e-11}, "25": {"pvalue": -0.05012759373470814, "statistic": 0.11315115235695507}, "26": {"pvalue": -0.1390504128390823, "statistic": 1.0189346124492107e-05}, "27": {"pvalue": NaN, "statistic": NaN}, "28": {"pvalue": -0.2003990385188083, "statistic": 1.6136937335057703e-10}, "29": {"pvalue": -0.16589618047298918, "statistic": 1.3193536584189254e-07}, "30": {"pvalue": -0.056884445566864034, "statistic": 0.0721690351366466}, "31": {"pvalue": -0.08135549012920638, "statistic": 0.010060697976676209}, "32": {"pvalue": NaN, "statistic": NaN}, "33": {"pvalue": -0.18997008988560066, "statistic": 1.4033991143028477e-09}, "34": {"pvalue": -0.20881457055114708, "statistic": 2.5810543322128254e-11}, "35": {"pvalue": -0.0015777389296077074, "statistic": 0.960257768014955}, "36": {"pvalue": NaN, "statistic": NaN}, "37": {"pvalue": -0.16091279440077788, "statistic": 3.1288547964958343e-07}, "38": {"pvalue": -0.05256537145478025, "statistic": 0.09664666399749985}, "39": {"pvalue": -0.6199936423098955, "statistic": 2.964614392268635e-107}, "40": {"pvalue": -0.058545832054769986, "statistic": 0.06421938006715984}, "41": {"pvalue": -0.12354116624026436, "statistic": 8.971652520633797e-05}, "42": {"pvalue": -0.025367138245791367, "statistic": 0.422955104104893}, "43": {"pvalue": -0.032427094429934654, "statistic": 0.30563616698560814}, "44": {"pvalue": -0.10283707106919703, "statistic": 0.001127696078766098}, "45": {"pvalue": -0.03633886210634805, "statistic": 0.250936504620075}, "46": {"pvalue": -0.04718178562544908, "statistic": 0.1359658649656465}, "47": {"pvalue": -0.07309445711551499, "statistic": 0.02079689782255285}, "48": {"pvalue": NaN, "statistic": NaN}, "49": {"pvalue": -0.12963264941505168, "statistic": 3.929650171179518e-05}, "50": {"pvalue": -0.0744435278785391, "statistic": 0.01855092504034521}, "51": {"pvalue": -0.027176080911070658, "statistic": 0.3906347340892464}, "52": {"pvalue": 0.02938015973719811, "statistic": 0.3533450353396307}, "53": {"pvalue": -0.07186782443163726, "statistic": 0.023040823769864792}, "54": {"pvalue": NaN, "statistic": NaN}, "55": {"pvalue": -0.07306268664652808, "statistic": 0.020852525855170674}, "56": {"pvalue": -0.04905611030262089, "statistic": 0.12107345910362435}, "57": {"pvalue": -0.34771752488638785, "statistic": 8.534843775726919e-30}, "58": {"pvalue": -0.15167993883141445, "statistic": 1.4468024689277405e-06}, "59": {"pvalue": -0.03801754636393249, "statistic": 0.2296926442282353}, "60": {"pvalue": -0.06431687500421013, "statistic": 0.04200809057361431}, "61": {"pvalue": -0.17030892435127876, "statistic": 6.008855123046186e-08}, "62": {"pvalue": -0.30952199067058156, "statistic": 1.20956430415959e-23}, "63": {"pvalue": -0.2780613623697606, "statistic": 3.2661205171113554e-19}, "64": {"pvalue": -0.0674035350388787, "statistic": 0.033068951662622824}, "65": {"pvalue": -0.030489169220788436, "statistic": 0.33546210685460354}, "66": {"pvalue": -0.06657864439033837, "statistic": 0.03528222289615185}, "67": {"pvalue": -0.47739377597998855, "statistic": 4.67391396426459e-58}, "68": {"pvalue": 0.025184231797089576, "statistic": 0.4263079172391705}, "69": {"pvalue": -0.2832763985272558, "statistic": 6.568969150585914e-20}, "70": {"pvalue": 0.0008239026664021842, "statistic": 0.9792401833396588}, "71": {"pvalue": NaN, "statistic": NaN}, "72": {"pvalue": 0.016562056766550884, "statistic": 0.6008914090755019}, "73": {"pvalue": 0.06668844384515671, "statistic": 0.03498052257769145}, "74": {"pvalue": -0.007826251672291451, "statistic": 0.8047673318914323}, "75": {"pvalue": -0.5762320346808427, "statistic": 1.5494852616901622e-89}, "76": {"pvalue": 0.010813443759560075, "statistic": 0.7327020527811599}, "77": {"pvalue": -0.36947184361816426, "statistic": 1.0580792503197186e-33}, "78": {"pvalue": -0.04549557365799787, "statistic": 0.15053582989942993}, "79": {"pvalue": -0.07536109033862816, "statistic": 0.017147188225379174}, "80": {"pvalue": 0.04484984081842659, "statistic": 0.15641984540886494}, "81": {"pvalue": -0.1339176374293273, "statistic": 2.150126009291757e-05}, "82": {"pvalue": -0.06399298446280458, "statistic": 0.04305471817414004}, "83": {"pvalue": -0.08308817451015886, "statistic": 0.008570209402222377}, "84": {"pvalue": -0.02480323071112296, "statistic": 0.4333414444149264}, "85": {"pvalue": -0.052782418178252945, "statistic": 0.09527564436291505}, "86": {"pvalue": -0.12153112222675806, "statistic": 0.00011685424921238401}, "87": {"pvalue": -0.06194968340604545, "statistic": 0.05017698680387762}, "88": {"pvalue": -0.41472111667725237, "statistic": 7.607737662451232e-43}, "89": {"pvalue": -0.08633990311492622, "statistic": 0.006295197611410361}, "90": {"pvalue": -0.5170922728403501, "statistic": 1.8227009388719482e-69}, "91": {"pvalue": -0.026383366389460036, "statistic": 0.40460965790189585}, "92": {"pvalue": NaN, "statistic": NaN}, "93": {"pvalue": -0.002631511493825444, "statistic": 0.933762671500153}, "94": {"pvalue": -0.15897793722158374, "statistic": 4.344549263495689e-07}, "95": {"pvalue": -0.19245094047636194, "statistic": 8.48038924070325e-10}, "96": {"pvalue": -0.08845706805067927, "statistic": 0.00512217310788658}, "97": {"pvalue": -0.21393161004984515, "statistic": 8.146790010590168e-12}, "98": {"pvalue": NaN, "statistic": NaN}, "99": {"pvalue": -0.10878298970293478, "statistic": 0.0005690586690581023}}