{"0": {"pvalue": 0.09334249425780725, "statistic": -0.05309274071378227}, "1": {"pvalue": 0.0011977266650709717, "statistic": -0.10229857910469506}, "2": {"pvalue": 0.0300109292819536, "statistic": -0.06862464455983161}, "3": {"pvalue": 0.016082073976075077, "statistic": -0.07610230509495129}, "4": {"pvalue": 0.002367299084233057, "statistic": -0.09602502368645571}, "5": {"pvalue": 0.20538522752609994, "statistic": -0.04007976818745975}, "6": {"pvalue": 0.8420265573825478, "statistic": 0.006310310581316403}, "7": {"pvalue": 0.5906415537804506, "statistic": -0.01703016564017219}, "8": {"pvalue": 0.28544033644157113, "statistic": -0.033811377040619824}, "9": {"pvalue": 0.6162187822131225, "statistic": -0.015868705885038057}, "10": {"pvalue": NaN, "statistic": NaN}, "11": {"pvalue": 0.7852001878796498, "statistic": -0.00862937758963801}, "12": {"pvalue": 0.04138786659913017, "statistic": -0.06451204136914084}, "13": {"pvalue": 0.27269435103269374, "statistic": -0.03471932172862562}, "14": {"pvalue": NaN, "statistic": NaN}, "15": {"pvalue": 1.651833303844416e-05, "statistic": -0.13575079602523948}, "16": {"pvalue": NaN, "statistic": NaN}, "17": {"pvalue": 2.5768477004690248e-14, "statistic": -0.2377368542281178}, "18": {"pvalue": 0.10689463850948866, "statistic": -0.05101630300384649}, "19": {"pvalue": 1.3622781766788175e-11, "statistic": -0.21166634290215103}, "20": {"pvalue": 0.001450620871854338, "statistic": -0.10056947048954105}, "21": {"pvalue": 0.1603414290726256, "statistic": -0.04442962586229439}, "22": {"pvalue": 3.437868007871708e-05, "statistic": -0.1305941268121112}, "23": {"pvalue": 0.013983303196149094, "statistic": -0.07769870894145776}, "24": {"pvalue": 3.295362883609431e-11, "statistic": -0.20771340615350384}, "25": {"pvalue": 0.11315115235695507, "statistic": -0.05012759373470814}, "26": {"pvalue": 1.0189346124492107e-05, "statistic": -0.1390504128390823}, "27": {"pvalue": NaN, "statistic": NaN}, "28": {"pvalue": 1.6136937335057703e-10, "statistic": -0.2003990385188083}, "29": {"pvalue": 1.3193536584189254e-07, "statistic": -0.16589618047298918}, "30": {"pvalue": 0.0721690351366466, "statistic": -0.056884445566864034}, "31": {"pvalue": 0.010060697976676209, "statistic": -0.08135549012920638}, "32": {"pvalue": NaN, "statistic": NaN}, "33": {"pvalue": 1.4033991143028477e-09, "statistic": -0.18997008988560066}, "34": {"pvalue": 2.5810543322128254e-11, "statistic": -0.20881457055114708}, "35": {"pvalue": 0.960257768014955, "statistic": -0.0015777389296077074}, "36": {"pvalue": NaN, "statistic": NaN}, "37": {"pvalue": 3.1288547964958343e-07, "statistic": -0.16091279440077788}, "38": {"pvalue": 0.09664666399749985, "statistic": -0.05256537145478025}, "39": {"pvalue": 2.964614392268635e-107, "statistic": -0.6199936423098955}, "40": {"pvalue": 0.06421938006715984, "statistic": -0.058545832054769986}, "41": {"pvalue": 8.971652520633797e-05, "statistic": -0.12354116624026436}, "42": {"pvalue": 0.422955104104893, "statistic": -0.025367138245791367}, "43": {"pvalue": 0.30563616698560814, "statistic": -0.032427094429934654}, "44": {"pvalue": 0.001127696078766098, "statistic": -0.10283707106919703}, "45": {"pvalue": 0.250936504620075, "statistic": -0.03633886210634805}, "46": {"pvalue": 0.1359658649656465, "statistic": -0.04718178562544908}, "47": {"pvalue": 0.02079689782255285, "statistic": -0.07309445711551499}, "48": {"pvalue": NaN, "statistic": NaN}, "49": {"pvalue": 3.929650171179518e-05, "statistic": -0.12963264941505168}, "50": {"pvalue": 0.01855092504034521, "statistic": -0.0744435278785391}, "51": {"pvalue": 0.3906347340892464, "statistic": -0.027176080911070658}, "52": {"pvalue": 0.3533450353396307, "statistic": 0.02938015973719811}, "53": {"pvalue": 0.023040823769864792, "statistic": -0.07186782443163726}, "54": {"pvalue": NaN, "statistic": NaN}, "55": {"pvalue": 0.020852525855170674, "statistic": -0.07306268664652808}, "56": {"pvalue": 0.12107345910362435, "statistic": -0.04905611030262089}, "57": {"pvalue": 8.534843775726919e-30, "statistic": -0.34771752488638785}, "58": {"pvalue": 1.4468024689277405e-06, "statistic": -0.15167993883141445}, "59": {"pvalue": 0.2296926442282353, "statistic": -0.03801754636393249}, "60": {"pvalue": 0.04200809057361431, "statistic": -0.06431687500421013}, "61": {"pvalue": 6.008855123046186e-08, "statistic": -0.17030892435127876}, "62": {"pvalue": 1.20956430415959e-23, "statistic": -0.30952199067058156}, "63": {"pvalue": 3.2661205171113554e-19, "statistic": -0.2780613623697606}, "64": {"pvalue": 0.033068951662622824, "statistic": -0.0674035350388787}, "65": {"pvalue": 0.33546210685460354, "statistic": -0.030489169220788436}, "66": {"pvalue": 0.03528222289615185, "statistic": -0.06657864439033837}, "67": {"pvalue": 4.67391396426459e-58, "statistic": -0.47739377597998855}, "68": {"pvalue": 0.4263079172391705, "statistic": 0.025184231797089576}, "69": {"pvalue": 6.568969150585914e-20, "statistic": -0.2832763985272558}, "70": {"pvalue": 0.9792401833396588, "statistic": 0.0008239026664021842}, "71": {"pvalue": NaN, "statistic": NaN}, "72": {"pvalue": 0.6008914090755019, "statistic": 0.016562056766550884}, "73": {"pvalue": 0.03498052257769145, "statistic": 0.06668844384515671}, "74": {"pvalue": 0.8047673318914323, "statistic": -0.007826251672291451}, "75": {"pvalue": 1.5494852616901622e-89, "statistic": -0.5762320346808427}, "76": {"pvalue": 0.7327020527811599, "statistic": 0.010813443759560075}, "77": {"pvalue": 1.0580792503197186e-33, "statistic": -0.36947184361816426}, "78": {"pvalue": 0.15053582989942993, "statistic": -0.04549557365799787}, "79": {"pvalue": 0.017147188225379174, "statistic": -0.07536109033862816}, "80": {"pvalue": 0.15641984540886494, "statistic": 0.04484984081842659}, "81": {"pvalue": 2.150126009291757e-05, "statistic": -0.1339176374293273}, "82": {"pvalue": 0.04305471817414004, "statistic": -0.06399298446280458}, "83": {"pvalue": 0.008570209402222377, "statistic": -0.08308817451015886}, "84": {"pvalue": 0.4333414444149264, "statistic": -0.02480323071112296}, "85": {"pvalue": 0.09527564436291505, "statistic": -0.052782418178252945}, "86": {"pvalue": 0.00011685424921238401, "statistic": -0.12153112222675806}, "87": {"pvalue": 0.05017698680387762, "statistic": -0.06194968340604545}, "88": {"pvalue": 7.607737662451232e-43, "statistic": -0.41472111667725237}, "89": {"pvalue": 0.006295197611410361, "statistic": -0.08633990311492622}, "90": {"pvalue": 1.8227009388719482e-69, "statistic": -0.5170922728403501}, "91": {"pvalue": 0.40460965790189585, "statistic": -0.026383366389460036}, "92": {"pvalue": NaN, "statistic": NaN}, "93": {"pvalue": 0.933762671500153, "statistic": -0.002631511493825444}, "94": {"pvalue": 4.344549263495689e-07, "statistic": -0.15897793722158374}, "95": {"pvalue": 8.48038924070325e-10, "statistic": -0.19245094047636194}, "96": {"pvalue": 0.00512217310788658, "statistic": -0.08845706805067927}, "97": {"pvalue": 8.146790010590168e-12, "statistic": -0.21393161004984515}, "98": {"pvalue": NaN, "statistic": NaN}, "99": {"pvalue": 0.0005690586690581023, "statistic": -0.10878298970293478}}