{"0": {"pvalue": 0.604763699362233, "statistic": -0.016386152275912218}, "1": {"pvalue": 0.7314985707164496, "statistic": 0.010864078986430284}, "2": {"pvalue": 0.24996007524801087, "statistic": 0.03641378623179191}, "3": {"pvalue": 0.9983664295690512, "statistic": -6.482486570224469e-05}, "4": {"pvalue": 0.5597238449551649, "statistic": 0.01846556219048909}, "5": {"pvalue": 0.4811025851827613, "statistic": -0.022304329341491954}, "6": {"pvalue": 0.1685168596081258, "statistic": -0.043577909305636396}, "7": {"pvalue": 0.6768183711502711, "statistic": 0.013196578277428074}, "8": {"pvalue": 0.94673292534302, "statistic": 0.002115362536223393}, "9": {"pvalue": 0.5413395754427586, "statistic": -0.01933720931482882}, "10": {"pvalue": 0.08679213058759774, "statistic": -0.05418412271723802}, "11": {"pvalue": 0.20266255733657804, "statistic": 0.04032154069995051}, "12": {"pvalue": 0.49891272440247225, "statistic": 0.021407693314650474}, "13": {"pvalue": 0.15354850279968243, "statistic": -0.04516260453482769}, "14": {"pvalue": 0.7454851044687252, "statistic": -0.010277282846471714}, "15": {"pvalue": 0.6951915279858565, "statistic": 0.012405461978621139}, "16": {"pvalue": 0.18657317423608952, "statistic": 0.04180090380362602}, "17": {"pvalue": 0.5493637874315646, "statistic": -0.018954997563491165}, "18": {"pvalue": 0.16548626894147547, "statistic": 0.04388993611938842}, "19": {"pvalue": 0.4361544247943596, "statistic": -0.02465185553795947}, "20": {"pvalue": 0.6240646102008502, "statistic": -0.015516731082717007}, "21": {"pvalue": 0.46740820345377765, "statistic": 0.02300608442618802}, "22": {"pvalue": 0.038578908422933, "statistic": 0.06542819758515285}, "23": {"pvalue": 0.2797256155490837, "statistic": -0.03421498048482091}, "24": {"pvalue": 0.8937768676001907, "statistic": 0.004227753155639385}, "25": {"pvalue": 0.5261995400095258, "statistic": 0.02006616730384667}, "26": {"pvalue": 0.2349791100876088, "statistic": -0.03758990756630057}, "27": {"pvalue": 0.7553864733951247, "statistic": 0.0098640097704875}, "28": {"pvalue": 0.21814341546467225, "statistic": -0.038976765813422576}, "29": {"pvalue": 0.45846087637525035, "statistic": -0.023470734182121904}, "30": {"pvalue": 0.8385823845880326, "statistic": -0.006449784348179634}, "31": {"pvalue": 0.9084023918035327, "statistic": -0.0036428682240726385}, "32": {"pvalue": 0.798307930394061, "statistic": -0.008090794524366255}, "33": {"pvalue": 0.7603647430110164, "statistic": -0.009656858513630963}, "34": {"pvalue": 0.2720508838309186, "statistic": -0.03476591751154568}, "35": {"pvalue": 0.6401476025761452, "statistic": -0.01480111112281588}, "36": {"pvalue": 0.11789887051087851, "statistic": -0.049478674265539445}, "37": {"pvalue": 0.3877152958756114, "statistic": 0.027343837835544664}, "38": {"pvalue": 0.13685587704267618, "statistic": 0.047074903336525864}, "39": {"pvalue": 0.04548141603468251, "statistic": -0.06326682988527195}, "40": {"pvalue": 0.7177218445713344, "statistic": -0.011445738030100511}, "41": {"pvalue": 0.5486360530572318, "statistic": 0.018989546863486053}, "42": {"pvalue": 0.3760516634994544, "statistic": -0.028021863011247986}, "43": {"pvalue": 0.4520125671091364, "statistic": 0.023808759059870364}, "44": {"pvalue": 0.1696604936476885, "statistic": 0.043461255064475436}, "45": {"pvalue": 0.20064581149519706, "statistic": 0.0405021547069165}, "46": {"pvalue": 0.3559861174466805, "statistic": 0.029219415452460935}, "47": {"pvalue": 0.35893071858309245, "statistic": 0.029041080773240722}, "48": {"pvalue": 0.5393196049940058, "statistic": -0.019433868066346848}, "49": {"pvalue": 0.13709397637737478, "statistic": -0.047046400621772524}, "50": {"pvalue": 0.7301173007457384, "statistic": 0.010922228676419397}, "51": {"pvalue": 0.3778125738952307, "statistic": 0.02791867967336744}, "52": {"pvalue": 0.9577810101002145, "statistic": -0.0016761535616559953}, "53": {"pvalue": 0.4659744005869685, "statistic": -0.023080209394521906}, "54": {"pvalue": 0.18179626443103528, "statistic": 0.042258136748101326}, "55": {"pvalue": 0.9801803261691309, "statistic": 0.0007865830165184975}, "56": {"pvalue": 0.8398596125405839, "statistic": 0.006398047828548686}, "57": {"pvalue": 0.6428552396481486, "statistic": 0.014681382630283266}, "58": {"pvalue": 0.3739072280703143, "statistic": -0.02814792263842878}, "59": {"pvalue": 0.54768625676254, "statistic": 0.019034672592983425}, "60": {"pvalue": 0.6870979267824044, "statistic": 0.012752976563026026}, "61": {"pvalue": 0.5443603778188051, "statistic": 0.019192993972860176}, "62": {"pvalue": 0.7365160800798602, "statistic": -0.010653154211611327}, "63": {"pvalue": 0.20226055191222125, "statistic": 0.040357438409685725}, "64": {"pvalue": 0.19955699838997001, "statistic": -0.04060021602867387}, "65": {"pvalue": 0.9543093156461754, "statistic": 0.0018141296977123638}, "66": {"pvalue": 0.35515779786259416, "statistic": -0.02926974834597522}, "67": {"pvalue": 0.22406964274729382, "statistic": -0.038480152855005556}, "68": {"pvalue": 0.5503470069477703, "statistic": 0.018908354835077308}, "69": {"pvalue": 0.9317004434097536, "statistic": -0.002713638329080815}, "70": {"pvalue": 0.13239599266626983, "statistic": -0.04761599787624221}, "71": {"pvalue": 0.6007649651140463, "statistic": 0.016567809257067835}, "72": {"pvalue": 0.18359726549489366, "statistic": 0.042084718126467385}, "73": {"pvalue": 0.015101175906420839, "statistic": 0.07682406264460222}, "74": {"pvalue": 0.9361956985727304, "statistic": 0.002534640524521445}, "75": {"pvalue": 0.9687238385273208, "statistic": -0.0012414464849760441}, "76": {"pvalue": 0.4401193460656917, "statistic": 0.024439441555203948}, "77": {"pvalue": 0.3219536447120113, "statistic": -0.03135232938186351}, "78": {"pvalue": 0.9335943434541827, "statistic": 0.0026382143740995272}, "79": {"pvalue": 0.5764247841008561, "statistic": -0.01768568248285645}, "80": {"pvalue": 0.7688062881029759, "statistic": 0.009306532574691984}, "81": {"pvalue": 0.6509707847822328, "statistic": -0.014323766992252629}, "82": {"pvalue": 0.22789527359876086, "statistic": -0.03816453149018172}, "83": {"pvalue": 0.9952842780271414, "statistic": -0.0001871346356538773}, "84": {"pvalue": 0.8257019972459929, "statistic": -0.006972515516336905}, "85": {"pvalue": 0.8525336443960131, "statistic": 0.005885562570218435}, "86": {"pvalue": 0.6045003013646117, "statistic": 0.016398101458772976}, "87": {"pvalue": 0.9880939043995636, "statistic": 0.00047248597148858866}, "88": {"pvalue": 0.8235185052326082, "statistic": 0.007061313764055756}, "89": {"pvalue": 0.2613474323705711, "statistic": -0.035552321913771306}, "90": {"pvalue": 0.3524202698248521, "statistic": -0.029436622921894452}, "91": {"pvalue": 0.5563775262443149, "statistic": -0.018623163799859666}, "92": {"pvalue": 0.281803788089204, "statistic": -0.03406756870277597}, "93": {"pvalue": 0.9343378574304588, "statistic": -0.002608608280471142}, "94": {"pvalue": 0.10826777060856621, "statistic": 0.05081780543630492}, "95": {"pvalue": 0.6350121072106598, "statistic": -0.015028780321629171}, "96": {"pvalue": 0.5994650383453357, "statistic": -0.016626980356666883}, "97": {"pvalue": 0.355495502276417, "statistic": -0.029249218796711034}, "98": {"pvalue": 0.7248423950642722, "statistic": -0.011144636253427825}, "99": {"pvalue": 0.6194622272051056, "statistic": 0.015722965349044105}}