{"0": {"pvalue": 0.6218722901569422, "statistic": -0.015614887117076245}, "1": {"pvalue": 0.65341879966147, "statistic": 0.014216253325186182}, "2": {"pvalue": 0.031125021326626475, "statistic": 0.06816792735175943}, "3": {"pvalue": 0.5741738012394741, "statistic": -0.017790162945339683}, "4": {"pvalue": 0.22658597452954857, "statistic": -0.03827212313029098}, "5": {"pvalue": 0.07175326066631896, "statistic": -0.05696751947222839}, "6": {"pvalue": 0.24771789609067985, "statistic": -0.036586611036556436}, "7": {"pvalue": 0.936850637522568, "statistic": 0.0025085682151943273}, "8": {"pvalue": 0.14398642304076867, "statistic": 0.04623733821799083}, "9": {"pvalue": 0.7377529906665299, "statistic": -0.01060123009740743}, "10": {"pvalue": 0.3787170127108481, "statistic": 0.027865797662604594}, "11": {"pvalue": 0.3510831313475026, "statistic": 0.02951843009617316}, "12": {"pvalue": 0.7810526553987958, "statistic": -0.008800308419962466}, "13": {"pvalue": 0.3356493573030037, "statistic": 0.030477363506515424}, "14": {"pvalue": 0.20729570299257924, "statistic": -0.039911503891260046}, "15": {"pvalue": 0.595289355791685, "statistic": -0.016817446763101377}, "16": {"pvalue": 0.0254265301586135, "statistic": -0.07067249385134361}, "17": {"pvalue": 0.4522380855752317, "statistic": 0.02379689158656906}, "18": {"pvalue": 0.6178286044897039, "statistic": -0.01579632856034838}, "19": {"pvalue": 0.9626003159334549, "statistic": -0.001484671186288968}, "20": {"pvalue": 0.0702970043770797, "statistic": -0.05726162830578107}, "21": {"pvalue": 0.9384570052737187, "statistic": 0.002444627856763261}, "22": {"pvalue": 0.7868206371070134, "statistic": 0.008562663015210014}, "23": {"pvalue": 0.0480698156142232, "statistic": -0.06252737665110288}, "24": {"pvalue": 0.08830479612123418, "statistic": -0.05392635493126203}, "25": {"pvalue": 0.10389864940919014, "statistic": -0.05145650561952148}, "26": {"pvalue": 0.7052654447753945, "statistic": 0.011974988494625605}, "27": {"pvalue": 0.8507971113220254, "statistic": 0.005955686803310799}, "28": {"pvalue": 0.4957018449754629, "statistic": 0.021568059522130863}, "29": {"pvalue": 0.7693050419211297, "statistic": 0.009285870155419687}, "30": {"pvalue": 0.8948038771470357, "statistic": 0.004186637592558319}, "31": {"pvalue": 0.7139861586388545, "statistic": 0.01160411903980475}, "32": {"pvalue": 0.5733817177579043, "statistic": 0.0178269738955358}, "33": {"pvalue": 0.4195120601768847, "statistic": 0.025555851547763336}, "34": {"pvalue": 0.5377990760330338, "statistic": -0.019506747242904642}, "35": {"pvalue": 0.9356460789854739, "statistic": -0.002556521523998351}, "36": {"pvalue": 0.8170638667733386, "statistic": -0.00732413841340741}, "37": {"pvalue": 0.37514017442204617, "statistic": -0.028075390124951378}, "38": {"pvalue": 0.20810632197783852, "statistic": 0.03984044847958602}, "39": {"pvalue": 0.08638633099855633, "statistic": -0.05425388902393233}, "40": {"pvalue": 0.6179832468974618, "statistic": 0.01578938020903482}, "41": {"pvalue": 0.2869997071297217, "statistic": 0.03370219597969205}, "42": {"pvalue": 0.14583597470197426, "statistic": 0.046025296304874876}, "43": {"pvalue": 0.34070326772478243, "statistic": -0.03016030981570821}, "44": {"pvalue": 0.021890205636021724, "statistic": -0.07248315904522759}, "45": {"pvalue": 0.9319900095654265, "statistic": 0.0027021054657350866}, "46": {"pvalue": 0.5393142478064857, "statistic": 0.019434124656451755}, "47": {"pvalue": 0.5515354178528851, "statistic": 0.01885203272358445}, "48": {"pvalue": 0.7136096897945252, "statistic": -0.01162009613081898}, "49": {"pvalue": 0.8548237909558821, "statistic": -0.005793126458821653}, "50": {"pvalue": 0.7023155499363667, "statistic": -0.012100809649526523}, "51": {"pvalue": 0.6134143644568266, "statistic": -0.01599499037555416}, "52": {"pvalue": 0.6170119359016687, "statistic": -0.015833035509183704}, "53": {"pvalue": 0.42128926611089057, "statistic": -0.025458330022266645}, "54": {"pvalue": 0.8856657171109683, "statistic": -0.00455273300331282}, "55": {"pvalue": 0.440882556426171, "statistic": -0.02439867996619853}, "56": {"pvalue": 0.8894391887194666, "statistic": 0.0044014882927935215}, "57": {"pvalue": 0.7107444540650554, "statistic": 0.01174179206930536}, "58": {"pvalue": 0.914827786200187, "statistic": -0.003386315879055968}, "59": {"pvalue": 0.01769444315731342, "statistic": -0.07499582120200483}, "60": {"pvalue": 0.7621799547907606, "statistic": 0.0095814286029077}, "61": {"pvalue": 0.09918788254069832, "statistic": -0.05216948869911745}, "62": {"pvalue": 0.9716760373931279, "statistic": 0.0011242129371637213}, "63": {"pvalue": 0.3783692041933606, "statistic": 0.027886124625175868}, "64": {"pvalue": 0.8297289657945113, "statistic": -0.006808889748965864}, "65": {"pvalue": 0.40147644829391516, "statistic": 0.026559645740634186}, "66": {"pvalue": 0.8176876072338428, "statistic": 0.007298718778946674}, "67": {"pvalue": 0.3418495339926524, "statistic": -0.030088819260057777}, "68": {"pvalue": 0.7521679254604787, "statistic": 0.009998161285898123}, "69": {"pvalue": 0.07571690889386348, "statistic": -0.05619102305291468}, "70": {"pvalue": 0.6272859925658605, "statistic": -0.015372770579577413}, "71": {"pvalue": 0.3532472192927826, "statistic": -0.029386127650877596}, "72": {"pvalue": 0.2861032171882816, "statistic": -0.03376491567008678}, "73": {"pvalue": 0.005337692849225769, "statistic": -0.0880373607033722}, "74": {"pvalue": 0.3634631388877948, "statistic": -0.0287683673332933}, "75": {"pvalue": 0.3747712515794901, "statistic": 0.028097077891876415}, "76": {"pvalue": 0.5102240774125115, "statistic": -0.02084705581058142}, "77": {"pvalue": 0.49843152851328565, "statistic": -0.021431691449308354}, "78": {"pvalue": 0.5478127662389026, "statistic": -0.019028659778982885}, "79": {"pvalue": 0.22167130955602085, "statistic": 0.03867998543058651}, "80": {"pvalue": 0.55854875005161, "statistic": -0.018520853403092518}, "81": {"pvalue": 0.020878945931295818, "statistic": 0.0730476233517808}, "82": {"pvalue": 0.6178394755823943, "statistic": -0.015795840078493467}, "83": {"pvalue": 0.4709596445383617, "statistic": -0.022823021215558778}, "84": {"pvalue": 0.13472602918865179, "statistic": -0.047331581363121884}, "85": {"pvalue": 0.4480476320097698, "statistic": -0.024017955318987476}, "86": {"pvalue": 0.3138278540188232, "statistic": 0.03188295188409786}, "87": {"pvalue": 0.2962158344378081, "statistic": -0.03306493115839558}, "88": {"pvalue": 0.27275117308510494, "statistic": 0.034715210649975396}, "89": {"pvalue": 0.15255029255614133, "statistic": -0.04527237510091835}, "90": {"pvalue": 0.463923941063375, "statistic": -0.02318643455180575}, "91": {"pvalue": 0.6224604696965403, "statistic": 0.01558853806961755}, "92": {"pvalue": 0.06058813793621829, "statistic": 0.0593617094606956}, "93": {"pvalue": 0.14146863648958594, "statistic": -0.046529367964358144}, "94": {"pvalue": 0.7640735209589389, "statistic": 0.009502800547381575}, "95": {"pvalue": 0.10754483286778257, "statistic": 0.05092206227848447}, "96": {"pvalue": 0.3201732488272042, "statistic": -0.03146783535334151}, "97": {"pvalue": 0.35578388917448045, "statistic": -0.02923169705481243}, "98": {"pvalue": 0.47476956162028683, "statistic": -0.022627478130778582}, "99": {"pvalue": 0.9991138311890853, "statistic": -3.516576009731895e-05}}