{"0": {"pvalue": -0.016386152275912218, "statistic": 0.604763699362233}, "1": {"pvalue": 0.010864078986430284, "statistic": 0.7314985707164496}, "2": {"pvalue": 0.03641378623179191, "statistic": 0.24996007524801087}, "3": {"pvalue": -6.482486570224469e-05, "statistic": 0.9983664295690512}, "4": {"pvalue": 0.01846556219048909, "statistic": 0.5597238449551649}, "5": {"pvalue": -0.022304329341491954, "statistic": 0.4811025851827613}, "6": {"pvalue": -0.043577909305636396, "statistic": 0.1685168596081258}, "7": {"pvalue": 0.013196578277428074, "statistic": 0.6768183711502711}, "8": {"pvalue": 0.002115362536223393, "statistic": 0.94673292534302}, "9": {"pvalue": -0.01933720931482882, "statistic": 0.5413395754427586}, "10": {"pvalue": -0.05418412271723802, "statistic": 0.08679213058759774}, "11": {"pvalue": 0.04032154069995051, "statistic": 0.20266255733657804}, "12": {"pvalue": 0.021407693314650474, "statistic": 0.49891272440247225}, "13": {"pvalue": -0.04516260453482769, "statistic": 0.15354850279968243}, "14": {"pvalue": -0.010277282846471714, "statistic": 0.7454851044687252}, "15": {"pvalue": 0.012405461978621139, "statistic": 0.6951915279858565}, "16": {"pvalue": 0.04180090380362602, "statistic": 0.18657317423608952}, "17": {"pvalue": -0.018954997563491165, "statistic": 0.5493637874315646}, "18": {"pvalue": 0.04388993611938842, "statistic": 0.16548626894147547}, "19": {"pvalue": -0.02465185553795947, "statistic": 0.4361544247943596}, "20": {"pvalue": -0.015516731082717007, "statistic": 0.6240646102008502}, "21": {"pvalue": 0.02300608442618802, "statistic": 0.46740820345377765}, "22": {"pvalue": 0.06542819758515285, "statistic": 0.038578908422933}, "23": {"pvalue": -0.03421498048482091, "statistic": 0.2797256155490837}, "24": {"pvalue": 0.004227753155639385, "statistic": 0.8937768676001907}, "25": {"pvalue": 0.02006616730384667, "statistic": 0.5261995400095258}, "26": {"pvalue": -0.03758990756630057, "statistic": 0.2349791100876088}, "27": {"pvalue": 0.0098640097704875, "statistic": 0.7553864733951247}, "28": {"pvalue": -0.038976765813422576, "statistic": 0.21814341546467225}, "29": {"pvalue": -0.023470734182121904, "statistic": 0.45846087637525035}, "30": {"pvalue": -0.006449784348179634, "statistic": 0.8385823845880326}, "31": {"pvalue": -0.0036428682240726385, "statistic": 0.9084023918035327}, "32": {"pvalue": -0.008090794524366255, "statistic": 0.798307930394061}, "33": {"pvalue": -0.009656858513630963, "statistic": 0.7603647430110164}, "34": {"pvalue": -0.03476591751154568, "statistic": 0.2720508838309186}, "35": {"pvalue": -0.01480111112281588, "statistic": 0.6401476025761452}, "36": {"pvalue": -0.049478674265539445, "statistic": 0.11789887051087851}, "37": {"pvalue": 0.027343837835544664, "statistic": 0.3877152958756114}, "38": {"pvalue": 0.047074903336525864, "statistic": 0.13685587704267618}, "39": {"pvalue": -0.06326682988527195, "statistic": 0.04548141603468251}, "40": {"pvalue": -0.011445738030100511, "statistic": 0.7177218445713344}, "41": {"pvalue": 0.018989546863486053, "statistic": 0.5486360530572318}, "42": {"pvalue": -0.028021863011247986, "statistic": 0.3760516634994544}, "43": {"pvalue": 0.023808759059870364, "statistic": 0.4520125671091364}, "44": {"pvalue": 0.043461255064475436, "statistic": 0.1696604936476885}, "45": {"pvalue": 0.0405021547069165, "statistic": 0.20064581149519706}, "46": {"pvalue": 0.029219415452460935, "statistic": 0.3559861174466805}, "47": {"pvalue": 0.029041080773240722, "statistic": 0.35893071858309245}, "48": {"pvalue": -0.019433868066346848, "statistic": 0.5393196049940058}, "49": {"pvalue": -0.047046400621772524, "statistic": 0.13709397637737478}, "50": {"pvalue": 0.010922228676419397, "statistic": 0.7301173007457384}, "51": {"pvalue": 0.02791867967336744, "statistic": 0.3778125738952307}, "52": {"pvalue": -0.0016761535616559953, "statistic": 0.9577810101002145}, "53": {"pvalue": -0.023080209394521906, "statistic": 0.4659744005869685}, "54": {"pvalue": 0.042258136748101326, "statistic": 0.18179626443103528}, "55": {"pvalue": 0.0007865830165184975, "statistic": 0.9801803261691309}, "56": {"pvalue": 0.006398047828548686, "statistic": 0.8398596125405839}, "57": {"pvalue": 0.014681382630283266, "statistic": 0.6428552396481486}, "58": {"pvalue": -0.02814792263842878, "statistic": 0.3739072280703143}, "59": {"pvalue": 0.019034672592983425, "statistic": 0.54768625676254}, "60": {"pvalue": 0.012752976563026026, "statistic": 0.6870979267824044}, "61": {"pvalue": 0.019192993972860176, "statistic": 0.5443603778188051}, "62": {"pvalue": -0.010653154211611327, "statistic": 0.7365160800798602}, "63": {"pvalue": 0.040357438409685725, "statistic": 0.20226055191222125}, "64": {"pvalue": -0.04060021602867387, "statistic": 0.19955699838997001}, "65": {"pvalue": 0.0018141296977123638, "statistic": 0.9543093156461754}, "66": {"pvalue": -0.02926974834597522, "statistic": 0.35515779786259416}, "67": {"pvalue": -0.038480152855005556, "statistic": 0.22406964274729382}, "68": {"pvalue": 0.018908354835077308, "statistic": 0.5503470069477703}, "69": {"pvalue": -0.002713638329080815, "statistic": 0.9317004434097536}, "70": {"pvalue": -0.04761599787624221, "statistic": 0.13239599266626983}, "71": {"pvalue": 0.016567809257067835, "statistic": 0.6007649651140463}, "72": {"pvalue": 0.042084718126467385, "statistic": 0.18359726549489366}, "73": {"pvalue": 0.07682406264460222, "statistic": 0.015101175906420839}, "74": {"pvalue": 0.002534640524521445, "statistic": 0.9361956985727304}, "75": {"pvalue": -0.0012414464849760441, "statistic": 0.9687238385273208}, "76": {"pvalue": 0.024439441555203948, "statistic": 0.4401193460656917}, "77": {"pvalue": -0.03135232938186351, "statistic": 0.3219536447120113}, "78": {"pvalue": 0.0026382143740995272, "statistic": 0.9335943434541827}, "79": {"pvalue": -0.01768568248285645, "statistic": 0.5764247841008561}, "80": {"pvalue": 0.009306532574691984, "statistic": 0.7688062881029759}, "81": {"pvalue": -0.014323766992252629, "statistic": 0.6509707847822328}, "82": {"pvalue": -0.03816453149018172, "statistic": 0.22789527359876086}, "83": {"pvalue": -0.0001871346356538773, "statistic": 0.9952842780271414}, "84": {"pvalue": -0.006972515516336905, "statistic": 0.8257019972459929}, "85": {"pvalue": 0.005885562570218435, "statistic": 0.8525336443960131}, "86": {"pvalue": 0.016398101458772976, "statistic": 0.6045003013646117}, "87": {"pvalue": 0.00047248597148858866, "statistic": 0.9880939043995636}, "88": {"pvalue": 0.007061313764055756, "statistic": 0.8235185052326082}, "89": {"pvalue": -0.035552321913771306, "statistic": 0.2613474323705711}, "90": {"pvalue": -0.029436622921894452, "statistic": 0.3524202698248521}, "91": {"pvalue": -0.018623163799859666, "statistic": 0.5563775262443149}, "92": {"pvalue": -0.03406756870277597, "statistic": 0.281803788089204}, "93": {"pvalue": -0.002608608280471142, "statistic": 0.9343378574304588}, "94": {"pvalue": 0.05081780543630492, "statistic": 0.10826777060856621}, "95": {"pvalue": -0.015028780321629171, "statistic": 0.6350121072106598}, "96": {"pvalue": -0.016626980356666883, "statistic": 0.5994650383453357}, "97": {"pvalue": -0.029249218796711034, "statistic": 0.355495502276417}, "98": {"pvalue": -0.011144636253427825, "statistic": 0.7248423950642722}, "99": {"pvalue": 0.015722965349044105, "statistic": 0.6194622272051056}}