{"0": {"pvalue": -0.015614887117076245, "statistic": 0.6218722901569422}, "1": {"pvalue": 0.014216253325186182, "statistic": 0.65341879966147}, "2": {"pvalue": 0.06816792735175943, "statistic": 0.031125021326626475}, "3": {"pvalue": -0.017790162945339683, "statistic": 0.5741738012394741}, "4": {"pvalue": -0.03827212313029098, "statistic": 0.22658597452954857}, "5": {"pvalue": -0.05696751947222839, "statistic": 0.07175326066631896}, "6": {"pvalue": -0.036586611036556436, "statistic": 0.24771789609067985}, "7": {"pvalue": 0.0025085682151943273, "statistic": 0.936850637522568}, "8": {"pvalue": 0.04623733821799083, "statistic": 0.14398642304076867}, "9": {"pvalue": -0.01060123009740743, "statistic": 0.7377529906665299}, "10": {"pvalue": 0.027865797662604594, "statistic": 0.3787170127108481}, "11": {"pvalue": 0.02951843009617316, "statistic": 0.3510831313475026}, "12": {"pvalue": -0.008800308419962466, "statistic": 0.7810526553987958}, "13": {"pvalue": 0.030477363506515424, "statistic": 0.3356493573030037}, "14": {"pvalue": -0.039911503891260046, "statistic": 0.20729570299257924}, "15": {"pvalue": -0.016817446763101377, "statistic": 0.595289355791685}, "16": {"pvalue": -0.07067249385134361, "statistic": 0.0254265301586135}, "17": {"pvalue": 0.02379689158656906, "statistic": 0.4522380855752317}, "18": {"pvalue": -0.01579632856034838, "statistic": 0.6178286044897039}, "19": {"pvalue": -0.001484671186288968, "statistic": 0.9626003159334549}, "20": {"pvalue": -0.05726162830578107, "statistic": 0.0702970043770797}, "21": {"pvalue": 0.002444627856763261, "statistic": 0.9384570052737187}, "22": {"pvalue": 0.008562663015210014, "statistic": 0.7868206371070134}, "23": {"pvalue": -0.06252737665110288, "statistic": 0.0480698156142232}, "24": {"pvalue": -0.05392635493126203, "statistic": 0.08830479612123418}, "25": {"pvalue": -0.05145650561952148, "statistic": 0.10389864940919014}, "26": {"pvalue": 0.011974988494625605, "statistic": 0.7052654447753945}, "27": {"pvalue": 0.005955686803310799, "statistic": 0.8507971113220254}, "28": {"pvalue": 0.021568059522130863, "statistic": 0.4957018449754629}, "29": {"pvalue": 0.009285870155419687, "statistic": 0.7693050419211297}, "30": {"pvalue": 0.004186637592558319, "statistic": 0.8948038771470357}, "31": {"pvalue": 0.01160411903980475, "statistic": 0.7139861586388545}, "32": {"pvalue": 0.0178269738955358, "statistic": 0.5733817177579043}, "33": {"pvalue": 0.025555851547763336, "statistic": 0.4195120601768847}, "34": {"pvalue": -0.019506747242904642, "statistic": 0.5377990760330338}, "35": {"pvalue": -0.002556521523998351, "statistic": 0.9356460789854739}, "36": {"pvalue": -0.00732413841340741, "statistic": 0.8170638667733386}, "37": {"pvalue": -0.028075390124951378, "statistic": 0.37514017442204617}, "38": {"pvalue": 0.03984044847958602, "statistic": 0.20810632197783852}, "39": {"pvalue": -0.05425388902393233, "statistic": 0.08638633099855633}, "40": {"pvalue": 0.01578938020903482, "statistic": 0.6179832468974618}, "41": {"pvalue": 0.03370219597969205, "statistic": 0.2869997071297217}, "42": {"pvalue": 0.046025296304874876, "statistic": 0.14583597470197426}, "43": {"pvalue": -0.03016030981570821, "statistic": 0.34070326772478243}, "44": {"pvalue": -0.07248315904522759, "statistic": 0.021890205636021724}, "45": {"pvalue": 0.0027021054657350866, "statistic": 0.9319900095654265}, "46": {"pvalue": 0.019434124656451755, "statistic": 0.5393142478064857}, "47": {"pvalue": 0.01885203272358445, "statistic": 0.5515354178528851}, "48": {"pvalue": -0.01162009613081898, "statistic": 0.7136096897945252}, "49": {"pvalue": -0.005793126458821653, "statistic": 0.8548237909558821}, "50": {"pvalue": -0.012100809649526523, "statistic": 0.7023155499363667}, "51": {"pvalue": -0.01599499037555416, "statistic": 0.6134143644568266}, "52": {"pvalue": -0.015833035509183704, "statistic": 0.6170119359016687}, "53": {"pvalue": -0.025458330022266645, "statistic": 0.42128926611089057}, "54": {"pvalue": -0.00455273300331282, "statistic": 0.8856657171109683}, "55": {"pvalue": -0.02439867996619853, "statistic": 0.440882556426171}, "56": {"pvalue": 0.0044014882927935215, "statistic": 0.8894391887194666}, "57": {"pvalue": 0.01174179206930536, "statistic": 0.7107444540650554}, "58": {"pvalue": -0.003386315879055968, "statistic": 0.914827786200187}, "59": {"pvalue": -0.07499582120200483, "statistic": 0.01769444315731342}, "60": {"pvalue": 0.0095814286029077, "statistic": 0.7621799547907606}, "61": {"pvalue": -0.05216948869911745, "statistic": 0.09918788254069832}, "62": {"pvalue": 0.0011242129371637213, "statistic": 0.9716760373931279}, "63": {"pvalue": 0.027886124625175868, "statistic": 0.3783692041933606}, "64": {"pvalue": -0.006808889748965864, "statistic": 0.8297289657945113}, "65": {"pvalue": 0.026559645740634186, "statistic": 0.40147644829391516}, "66": {"pvalue": 0.007298718778946674, "statistic": 0.8176876072338428}, "67": {"pvalue": -0.030088819260057777, "statistic": 0.3418495339926524}, "68": {"pvalue": 0.009998161285898123, "statistic": 0.7521679254604787}, "69": {"pvalue": -0.05619102305291468, "statistic": 0.07571690889386348}, "70": {"pvalue": -0.015372770579577413, "statistic": 0.6272859925658605}, "71": {"pvalue": -0.029386127650877596, "statistic": 0.3532472192927826}, "72": {"pvalue": -0.03376491567008678, "statistic": 0.2861032171882816}, "73": {"pvalue": -0.0880373607033722, "statistic": 0.005337692849225769}, "74": {"pvalue": -0.0287683673332933, "statistic": 0.3634631388877948}, "75": {"pvalue": 0.028097077891876415, "statistic": 0.3747712515794901}, "76": {"pvalue": -0.02084705581058142, "statistic": 0.5102240774125115}, "77": {"pvalue": -0.021431691449308354, "statistic": 0.49843152851328565}, "78": {"pvalue": -0.019028659778982885, "statistic": 0.5478127662389026}, "79": {"pvalue": 0.03867998543058651, "statistic": 0.22167130955602085}, "80": {"pvalue": -0.018520853403092518, "statistic": 0.55854875005161}, "81": {"pvalue": 0.0730476233517808, "statistic": 0.020878945931295818}, "82": {"pvalue": -0.015795840078493467, "statistic": 0.6178394755823943}, "83": {"pvalue": -0.022823021215558778, "statistic": 0.4709596445383617}, "84": {"pvalue": -0.047331581363121884, "statistic": 0.13472602918865179}, "85": {"pvalue": -0.024017955318987476, "statistic": 0.4480476320097698}, "86": {"pvalue": 0.03188295188409786, "statistic": 0.3138278540188232}, "87": {"pvalue": -0.03306493115839558, "statistic": 0.2962158344378081}, "88": {"pvalue": 0.034715210649975396, "statistic": 0.27275117308510494}, "89": {"pvalue": -0.04527237510091835, "statistic": 0.15255029255614133}, "90": {"pvalue": -0.02318643455180575, "statistic": 0.463923941063375}, "91": {"pvalue": 0.01558853806961755, "statistic": 0.6224604696965403}, "92": {"pvalue": 0.0593617094606956, "statistic": 0.06058813793621829}, "93": {"pvalue": -0.046529367964358144, "statistic": 0.14146863648958594}, "94": {"pvalue": 0.009502800547381575, "statistic": 0.7640735209589389}, "95": {"pvalue": 0.05092206227848447, "statistic": 0.10754483286778257}, "96": {"pvalue": -0.03146783535334151, "statistic": 0.3201732488272042}, "97": {"pvalue": -0.02923169705481243, "statistic": 0.35578388917448045}, "98": {"pvalue": -0.022627478130778582, "statistic": 0.47476956162028683}, "99": {"pvalue": -3.516576009731895e-05, "statistic": 0.9991138311890853}}