{"0": {"pvalue": -0.3874192542665284, "statistic": 3.696732847103655e-37}, "1": {"pvalue": -0.06067466582371636, "statistic": 0.05510226332301526}, "2": {"pvalue": -0.5084899250599402, "statistic": 7.279329943001708e-67}, "3": {"pvalue": -0.168399746197426, "statistic": 8.465831292005686e-08}, "4": {"pvalue": -0.09595544582665562, "statistic": 0.002384749747273764}, "5": {"pvalue": -0.5417663079348629, "statistic": 2.3501396648162336e-77}, "6": {"pvalue": -0.20390070510360925, "statistic": 7.598906088352365e-11}, "7": {"pvalue": -0.23588299778457236, "statistic": 4.130096950655507e-14}, "8": {"pvalue": -0.09878185234249383, "statistic": 0.0017629898115333051}, "9": {"pvalue": -0.14785456543036407, "statistic": 2.6588493866598303e-06}, "10": {"pvalue": -0.027689555257841055, "statistic": 0.38174087456608397}, "11": {"pvalue": -0.5115461203791144, "statistic": 8.838988392064793e-68}, "12": {"pvalue": -0.5374788468972538, "statistic": 6.155676903600147e-76}, "13": {"pvalue": -0.21835689940065323, "statistic": 2.9346039562377467e-12}, "14": {"pvalue": -0.14357163644362886, "statistic": 5.1621192530914266e-06}, "15": {"pvalue": -0.21778865507085943, "statistic": 3.3498781074384277e-12}, "16": {"pvalue": -0.13091000668977745, "statistic": 3.289460908516135e-05}, "17": {"pvalue": -0.15513205382700887, "statistic": 8.246483537314779e-07}, "18": {"pvalue": -0.08872425728876658, "statistic": 0.004989094738994563}, "19": {"pvalue": -0.26383881601458986, "statistic": 2.1824384240303765e-17}, "20": {"pvalue": 0.03289977975794519, "statistic": 0.29863616745065125}, "21": {"pvalue": -0.03416087603087039, "statistic": 0.28048715447891914}, "22": {"pvalue": -0.15509084768031564, "statistic": 8.302610208302459e-07}, "23": {"pvalue": -0.09923878504285798, "statistic": 0.0016777518932923304}, "24": {"pvalue": -0.3076154807264958, "statistic": 2.3284733409222826e-23}, "25": {"pvalue": -0.33363890972711285, "statistic": 1.9988704327928958e-27}, "26": {"pvalue": -0.11631632304603072, "statistic": 0.00022766036605753544}, "27": {"pvalue": -0.023594338217065993, "statistic": 0.4560969984690175}, "28": {"pvalue": -0.1259970188733491, "statistic": 6.46057507152911e-05}, "29": {"pvalue": -0.04214603658998046, "statistic": 0.18295895392558975}, "30": {"pvalue": -0.6894343684939316, "statistic": 6.1767398429045384e-142}, "31": {"pvalue": -0.35543652199227443, "statistic": 3.7987840107965162e-31}, "32": {"pvalue": -0.2859833548987378, "statistic": 2.81888287878914e-20}, "33": {"pvalue": -0.15244679439304026, "statistic": 1.2783188129098923e-06}, "34": {"pvalue": -0.09202958378058924, "statistic": 0.003582334184409943}, "35": {"pvalue": -0.5798422334355106, "statistic": 6.747369230320379e-91}, "36": {"pvalue": -0.21618575917619512, "statistic": 4.856355485481676e-12}, "37": {"pvalue": -0.18496910625617177, "statistic": 3.796106926700965e-09}, "38": {"pvalue": -0.060778230394784305, "statistic": 0.05468772667180734}, "39": {"pvalue": -0.0007392163499248078, "statistic": 0.9813736091468256}, "40": {"pvalue": -0.5007047933728624, "statistic": 1.4225788382010565e-64}, "41": {"pvalue": -0.07296883887933775, "statistic": 0.02101760410735358}, "42": {"pvalue": -0.10945601038305659, "statistic": 0.0005255258274674339}, "43": {"pvalue": -0.202607484781039, "statistic": 1.0051486652155452e-10}, "44": {"pvalue": -0.11630840828180761, "statistic": 0.00022788626916721551}, "45": {"pvalue": -0.009832464561739893, "statistic": 0.7561439208799345}, "46": {"pvalue": -0.06850859283605515, "statistic": 0.030290726201977373}, "47": {"pvalue": -0.07018792667326904, "statistic": 0.026452810273216453}, "48": {"pvalue": -0.15031027772981811, "statistic": 1.802143209974841e-06}, "49": {"pvalue": -0.12006033329202773, "statistic": 0.00014142312421624951}, "50": {"pvalue": -0.11367749501674375, "statistic": 0.0003157980344542246}, "51": {"pvalue": -0.19852246162149523, "statistic": 2.402578365691478e-10}, "52": {"pvalue": -0.07467657264019892, "statistic": 0.018185204460566966}, "53": {"pvalue": -0.08378309745852637, "statistic": 0.00803008306983788}, "54": {"pvalue": -0.42641836626489676, "statistic": 1.8999169846601177e-45}, "55": {"pvalue": -0.07209210139686681, "statistic": 0.02261551191905459}, "56": {"pvalue": -0.08885754449021104, "statistic": 0.0049238827465139705}, "57": {"pvalue": -0.09589317274856286, "statistic": 0.0024004679488592675}, "58": {"pvalue": 0.023523588768210073, "statistic": 0.4574492149644527}, "59": {"pvalue": -0.01420652312734742, "statistic": 0.653640534223912}, "60": {"pvalue": -0.15997418930199606, "statistic": 3.6707410364185565e-07}, "61": {"pvalue": -0.14007391496721391, "statistic": 8.751569460050712e-06}, "62": {"pvalue": -0.05598113549091773, "statistic": 0.07681838752243411}, "63": {"pvalue": -0.46481836398964843, "statistic": 9.585733156044152e-55}, "64": {"pvalue": -0.10634550745485448, "statistic": 0.0007563603661388924}, "65": {"pvalue": 0.015946146903242545, "statistic": 0.6144983716722927}, "66": {"pvalue": -0.4362425891813719, "statistic": 1.029014893874064e-47}, "67": {"pvalue": -0.050253686009749624, "statistic": 0.11224631517329628}, "68": {"pvalue": -0.04665751565903427, "statistic": 0.14037451033994805}, "69": {"pvalue": -0.08522757161419263, "statistic": 0.007003676387216631}, "70": {"pvalue": -0.22791517462019747, "statistic": 2.99748330897126e-13}, "71": {"pvalue": -0.08170106937680759, "statistic": 0.009746224892849509}, "72": {"pvalue": -0.08517866639895716, "statistic": 0.007036405544840958}, "73": {"pvalue": -0.2652899455362817, "statistic": 1.4378066128677623e-17}, "74": {"pvalue": NaN, "statistic": NaN}, "75": {"pvalue": -0.10367171786440903, "statistic": 0.0010265860537627927}, "76": {"pvalue": -0.19742531711637262, "statistic": 3.0266164460999846e-10}, "77": {"pvalue": -0.22496550064861276, "statistic": 6.128503839078276e-13}, "78": {"pvalue": -0.019444230863909777, "statistic": 0.5391032676678753}, "79": {"pvalue": -0.005862540685013653, "statistic": 0.8531039067520647}, "80": {"pvalue": -0.05181131383411353, "statistic": 0.10153266451833251}, "81": {"pvalue": -0.20521014362329354, "statistic": 5.713820136163957e-11}, "82": {"pvalue": -0.1494258420524444, "statistic": 2.0745895436137875e-06}, "83": {"pvalue": -0.09086181308712814, "statistic": 0.00403184717722302}, "84": {"pvalue": -0.637919652004322, "statistic": 2.3580101749700026e-115}, "85": {"pvalue": -0.04976663690499921, "statistic": 0.11577312232604224}, "86": {"pvalue": -0.006154855556670062, "statistic": 0.845868928940417}, "87": {"pvalue": -0.17663991382472977, "statistic": 1.8752747577297044e-08}, "88": {"pvalue": -0.18223442588353567, "statistic": 6.46667534892822e-09}, "89": {"pvalue": -0.018972891370411634, "statistic": 0.5489868192057015}, "90": {"pvalue": -0.26675136743590466, "statistic": 9.41983024450832e-18}, "91": {"pvalue": -0.5040166549071572, "statistic": 1.5335737955968497e-65}, "92": {"pvalue": -0.41938142845872095, "statistic": 7.189121019238395e-44}, "93": {"pvalue": -0.6022498948202448, "statistic": 9.720003011034391e-100}, "94": {"pvalue": -0.17276307729632337, "statistic": 3.845478961269843e-08}, "95": {"pvalue": -0.3641615772204219, "statistic": 1.0145051126810782e-32}, "96": {"pvalue": -0.5001602530262814, "statistic": 2.0469983834813687e-64}, "97": {"pvalue": -0.30918300243734015, "statistic": 1.3594316971444252e-23}, "98": {"pvalue": -0.11535079496230852, "statistic": 0.0002568232603471025}, "99": {"pvalue": 0.0055413541425083975, "statistic": 0.8610677054175999}}