1.127891317009925842e-01
2.166463881731033325e-01
1.473161727190017700e-01
1.033770367503166199e-01
3.383794128894805908e-01
6.017021089792251587e-02
3.642266690731048584e-01
5.667669326066970825e-02
4.071813523769378662e-01
7.305182516574859619e-02
4.989013373851776123e-01
1.490689367055892944e-01
1.336302161216735840e-01
1.333060711622238159e-01
2.996745407581329346e-01
1.501253992319107056e-01
3.586682677268981934e-01
3.003108203411102295e-01
5.547616630792617798e-02
3.031920790672302246e-01
3.599528074264526367e-01
9.527350217103958130e-02
1.537389755249023438e-01
2.723866701126098633e-01
2.877893745899200439e-01
7.695352286100387573e-02
3.492561280727386475e-01
1.950009465217590332e-01
2.090470641851425171e-01
1.976901143789291382e-01
1.075428500771522522e-01
1.824314743280410767e-01
8.352038264274597168e-02
1.694058030843734741e-01
9.699025005102157593e-02
1.680132001638412476e-01
1.038932576775550842e-01
7.377213984727859497e-02
2.720865309238433838e-01
1.119847819209098816e-01
1.467399299144744873e-01
1.899827569723129272e-01
1.369556635618209839e-01
1.128011345863342285e-01
4.716854915022850037e-02
2.237894833087921143e-01
2.208362072706222534e-01
8.691786974668502808e-02
1.438346654176712036e-01
1.792260855436325073e-01
2.931797206401824951e-01
1.535348892211914062e-01
1.906430572271347046e-01
1.291282624006271362e-01
1.484206616878509521e-01
2.029124051332473755e-01
1.539310663938522339e-01
1.129331961274147034e-01
1.100759506225585938e-01
8.168358355760574341e-02
1.312771886587142944e-01
7.743372768163681030e-02
1.155143305659294128e-01
3.030720353126525879e-01
8.110733330249786377e-02
8.564531058073043823e-02
9.799869358539581299e-02
2.427217215299606323e-01
2.914029359817504883e-01
3.621257543563842773e-01
3.004308640956878662e-01
5.971401557326316833e-02
1.447710692882537842e-01
1.336902379989624023e-01
1.007598862051963806e-01
1.291762739419937134e-01
3.115597367286682129e-01
1.242781430482864380e-01
2.308725863695144653e-01
1.572685092687606812e-01
3.282470107078552246e-01
4.133400693535804749e-02
1.674009263515472412e-01
9.099964052438735962e-02
9.785462915897369385e-02
2.339579164981842041e-01
2.001872062683105469e-01
1.266671866178512573e-01
1.658882647752761841e-01
6.793759763240814209e-02
2.368151694536209106e-01
1.638473719358444214e-01
2.229971438646316528e-01
6.355568766593933105e-02
3.295675814151763916e-01
3.488839864730834961e-01
7.269167155027389526e-02
8.376049250364303589e-02
4.893331602215766907e-02
2.357347011566162109e-01
1.759366393089294434e-01
2.684369385242462158e-01
3.630501627922058105e-01
9.649803489446640015e-02
2.672244012355804443e-01
1.893104761838912964e-01
1.766569614410400391e-01
5.646059662103652954e-02
2.068381160497665405e-01
1.469080001115798950e-01
7.625722140073776245e-02
2.037767618894577026e-01
1.672568619251251221e-01
3.261820971965789795e-01
1.982543617486953735e-01
2.442464083433151245e-01
2.997585833072662354e-01
2.919191718101501465e-01
1.458035111427307129e-01
2.050133049488067627e-01
1.253946274518966675e-01
1.167148500680923462e-01
4.191626012325286865e-01
1.779655218124389648e-01
1.944607198238372803e-01
3.391837775707244873e-01
1.750482618808746338e-01
3.662435710430145264e-01
1.167868748307228088e-01
7.797396928071975708e-02
1.065104007720947266e-01
3.475393950939178467e-01
4.943753406405448914e-02
1.895745843648910522e-01
1.011800765991210938e-01
2.288436889648437500e-01
1.941965967416763306e-01
2.323612272739410400e-01
1.455153971910476685e-01
8.287210017442703247e-02
3.228446543216705322e-01
8.889872580766677856e-02
2.209322452545166016e-01
2.256383001804351807e-01
1.260188966989517212e-01
1.448311060667037964e-01
2.349183410406112671e-01
1.111444160342216492e-01
7.596909254789352417e-02
2.225649654865264893e-01
1.134734302759170532e-01
4.131959974765777588e-01
1.121528521180152893e-01
9.147985279560089111e-02
2.623502910137176514e-01
3.261220753192901611e-01
1.887582391500473022e-01
1.970058232545852661e-01
2.603814303874969482e-01
5.961917042732238770e-01
5.341127142310142517e-02
9.310056269168853760e-02
1.725991815328598022e-01
7.275169342756271362e-02
2.633587419986724854e-01
2.502009868621826172e-01
8.416866511106491089e-02
1.164387241005897522e-01
8.755414187908172607e-02
8.174361288547515869e-02
2.129967957735061646e-01
1.166428104043006897e-01
1.724071055650711060e-01
1.712425947189331055e-01
1.173511296510696411e-01
3.299877345561981201e-01
8.078318834304809570e-02
9.226019680500030518e-02
6.635290384292602539e-02
2.457830756902694702e-01
7.739771902561187744e-02
2.348583042621612549e-01
1.100159287452697754e-01
4.710612297058105469e-01
2.064539492130279541e-01
2.897222042083740234e-01
6.074646115303039551e-02
2.482201308012008667e-01
1.451432257890701294e-01
2.008955329656600952e-01
3.755476176738739014e-01
3.099510371685028076e-01
2.317129373550415039e-01
1.356951147317886353e-01
1.705222874879837036e-01
9.661809355020523071e-02
1.227654814720153809e-01
7.554890960454940796e-02
2.550271153450012207e-01
8.212777972221374512e-02
1.787578761577606201e-01
1.389605402946472168e-01
2.008955329656600952e-01
4.060648977756500244e-01
1.910632401704788208e-01
3.315484225749969482e-01
5.949791893362998962e-02
1.006158366799354553e-01
1.970538347959518433e-01
4.437492787837982178e-01
1.886982023715972900e-01
3.991738855838775635e-01
7.852621376514434814e-02
6.524842232465744019e-02
1.706903576850891113e-01
1.872575730085372925e-01
9.262035042047500610e-02
4.077095985412597656e-01
8.871864527463912964e-02
2.431659251451492310e-01
2.543788254261016846e-01
3.573957085609436035e-01
4.371104389429092407e-02
2.572480738162994385e-01
2.647153139114379883e-01
2.113760709762573242e-01
2.089150249958038330e-01
2.859285771846771240e-01
1.408213526010513306e-01
9.140782058238983154e-02
3.302758634090423584e-01
2.180389910936355591e-01
1.579167991876602173e-01
8.713395893573760986e-02
8.783026784658432007e-02
1.228255033493041992e-01
1.238219365477561951e-01
7.716961950063705444e-02
6.123867630958557129e-02
1.027167439460754395e-01
1.362833827733993530e-01
1.239179894328117371e-01
1.011920794844627380e-01
1.634272038936614990e-01
1.976541131734848022e-01
5.539212748408317566e-02
7.714560627937316895e-02
1.626108437776565552e-01
3.023156821727752686e-01
5.601640418171882629e-02
2.899863421916961670e-01
1.809188127517700195e-01
9.127576649188995361e-02
1.050577685236930847e-01
6.300344318151473999e-02
1.499453186988830566e-01
1.822513937950134277e-01
1.065944358706474304e-01
1.400530189275741577e-01
1.889623254537582397e-01
1.427421867847442627e-01
2.305364459753036499e-01
1.086473390460014343e-01
1.260789334774017334e-01
4.760073870420455933e-02
9.479329735040664673e-02
3.339374959468841553e-01
2.449066936969757080e-01
1.902348846197128296e-01
1.348187327384948730e-01
5.983406305313110352e-02
2.540066540241241455e-01
7.696553319692611694e-02
2.471036463975906372e-01
1.153222322463989258e-01
2.952926456928253174e-01
1.410014331340789795e-01
2.102355957031250000e-01
1.339783668518066406e-01
1.846524327993392944e-01
8.526114374399185181e-02
1.307369470596313477e-01
6.167086586356163025e-02
3.105272948741912842e-01
1.301727145910263062e-01
1.247463449835777283e-01
5.001378804445266724e-02
2.759762406349182129e-01
5.919779092073440552e-02
9.509342163801193237e-02
1.505455821752548218e-01
3.518732786178588867e-01
1.457314938306808472e-01
1.388764977455139160e-01
3.418368995189666748e-01
1.955772042274475098e-01
1.962975114583969116e-01
1.985064744949340820e-01
1.001356244087219238e-01
1.858529597520828247e-01
1.760687083005905151e-01
9.705027937889099121e-02
1.016122698783874512e-01
3.316324651241302490e-01
1.796222478151321411e-01
2.474878132343292236e-01
2.424816340208053589e-01
2.813305556774139404e-01
3.701572418212890625e-01
1.019484177231788635e-01
1.453833431005477905e-01
1.829957216978073120e-01
3.130363821983337402e-01
1.858649700880050659e-01
8.679781109094619751e-02
1.516140550374984741e-01
2.601053118705749512e-01
1.009759902954101562e-01
2.327213734388351440e-01
1.454553604125976562e-01
2.215325087308883667e-01
8.612551540136337280e-02
8.851455897092819214e-02
9.391691535711288452e-02
1.423220038414001465e-01
1.987465769052505493e-01
2.570680081844329834e-01
2.971534430980682373e-01
1.303887963294982910e-01
8.392856270074844360e-02
2.263105958700180054e-01
1.737396866083145142e-01
2.100555002689361572e-01
8.965505659580230713e-02
1.544833034276962280e-01
3.054490685462951660e-01
1.637273281812667847e-01
8.713395893573760986e-02
2.101755589246749878e-01
1.265591233968734741e-01
3.211879432201385498e-01
3.998461663722991943e-01
1.872335672378540039e-01
1.824914962053298950e-01
1.622626930475234985e-01
1.481685489416122437e-01
2.023841589689254761e-01
1.341704577207565308e-01
3.627380132675170898e-01
4.175418987870216370e-02
1.566922515630722046e-01
9.769856184720993042e-02
1.439307034015655518e-01
2.233332842588424683e-01
4.564628601074218750e-01
4.077936708927154541e-01
5.882562324404716492e-02
1.090555116534233093e-01
3.581400215625762939e-01
9.827481210231781006e-02
1.315533071756362915e-01
3.496043086051940918e-01
4.835706576704978943e-02
1.031729504466056824e-01
7.964269816875457764e-02
3.995340764522552490e-01
2.072102576494216919e-01
2.250140160322189331e-01
2.180389910936355591e-01
1.893464773893356323e-01
8.469689637422561646e-02
1.310010701417922974e-01
4.440974891185760498e-01
1.205445155501365662e-01
7.257161289453506470e-02
1.813870221376419067e-01
1.025006547570228577e-01
1.805706620216369629e-01
1.846764534711837769e-01
8.200772851705551147e-02
1.040493249893188477e-01
5.071849226951599121e-01
2.332376092672348022e-01
6.853785365819931030e-02
1.269673109054565430e-01
9.051943570375442505e-02
2.055775672197341919e-01
6.792559474706649780e-02
1.299926340579986572e-01
1.542432010173797607e-01
1.118407249450683594e-01
1.554197072982788086e-01
7.323189824819564819e-02
1.948088705539703369e-01
1.043494567275047302e-01
4.013348370790481567e-02
1.917115151882171631e-01
2.512214481830596924e-01
1.361032873392105103e-01
2.937559783458709717e-01
5.303910374641418457e-02
1.779535263776779175e-01
1.265591233968734741e-01
9.386889636516571045e-02
2.756401002407073975e-01
1.930681169033050537e-01
2.289757579565048218e-01
1.023445874452590942e-01
2.314248085021972656e-01
3.284630924463272095e-02
1.669927537441253662e-01
1.705342978239059448e-01
1.125010177493095398e-01
2.917150855064392090e-01
1.945447474718093872e-01
5.497194454073905945e-02
1.911352723836898804e-01
1.377360075712203979e-01
2.454469203948974609e-01
5.709687620401382446e-02
8.700190484523773193e-02
2.193715572357177734e-01
1.404732018709182739e-01
1.853967756032943726e-01
9.735041111707687378e-02
1.794781833887100220e-01
1.463557630777359009e-01
1.032329723238945007e-01
1.658762544393539429e-01
1.369796842336654663e-01
2.425656765699386597e-01
6.201901659369468689e-02
2.837916314601898193e-01
1.609421223402023315e-01
2.427097409963607788e-01
1.517340987920761108e-01
3.058452308177947998e-01
1.806787103414535522e-01
2.992063462734222412e-01
1.210127100348472595e-01
2.205840796232223511e-01
1.540270894765853882e-01
2.643431723117828369e-01
7.288374751806259155e-02
4.063410460948944092e-01
4.435451924800872803e-01
9.493735432624816895e-02
1.283359080553054810e-01
2.172466367483139038e-01
3.197593092918395996e-01
7.522477209568023682e-02
2.905385792255401611e-01
3.300117850303649902e-01
1.964415758848190308e-01
1.891183853149414062e-01
1.119727715849876404e-01
5.787721276283264160e-02
1.805226504802703857e-01
1.948328763246536255e-01
2.204400300979614258e-01
5.239082127809524536e-02
2.268268167972564697e-01
1.092235818505287170e-01
2.346182167530059814e-01
7.359205931425094604e-02
5.854950472712516785e-02
9.996755421161651611e-02
7.416831701993942261e-02
1.400650143623352051e-01
8.631760627031326294e-02
1.077469363808631897e-01
4.659469723701477051e-01
5.901771411299705505e-02
1.488528549671173096e-01
1.091515570878982544e-01
1.785777956247329712e-01
1.651559472084045410e-01
1.879298686981201172e-01
1.450591981410980225e-01
1.394767612218856812e-01
1.730433851480484009e-01
1.247583553194999695e-01
1.325737535953521729e-01
6.427600234746932983e-02
1.218891069293022156e-01
1.695738732814788818e-01
1.929360479116439819e-01
4.932948946952819824e-02
9.110768884420394897e-02
6.686913222074508667e-02
2.136690914630889893e-01
1.209286823868751526e-01
8.953500539064407349e-02
2.349663525819778442e-01
3.726183176040649414e-01
1.728392988443374634e-01
1.881459653377532959e-01
1.707143634557723999e-01
3.338774442672729492e-01
7.953464984893798828e-02
6.738536059856414795e-02
1.339663714170455933e-01
2.766725420951843262e-01
7.018257677555084229e-02
2.134049683809280396e-01
2.290598005056381226e-01
1.624427735805511475e-01
9.012325853109359741e-02
2.065379619598388672e-01
5.003779754042625427e-02
1.175672188401222229e-01
1.415896862745285034e-01
2.730829715728759766e-01
1.236298605799674988e-01
5.966598913073539734e-02
7.131106406450271606e-02
2.371873110532760620e-01
8.691786974668502808e-02
9.748246520757675171e-02
2.811624705791473389e-01
2.137411087751388550e-01
1.705583035945892334e-01
1.604138910770416260e-01
6.964233517646789551e-02
2.190594226121902466e-01
5.731296539306640625e-02
2.319770604372024536e-01
6.845381855964660645e-02
9.020730108022689819e-02
9.147985279560089111e-02
6.876596063375473022e-02
6.105859950184822083e-02
2.193715572357177734e-01
1.504495441913604736e-01
1.292122900485992432e-01
2.069101333618164062e-01
2.624463438987731934e-01
1.051658168435096741e-01
1.149020567536354065e-01
1.558158844709396362e-01
6.240318343043327332e-02
2.386399507522583008e-01
2.556633651256561279e-01
6.542850285768508911e-02
6.083049997687339783e-02
9.492535144090652466e-02
1.287921071052551270e-01
2.111119776964187622e-01
1.151421591639518738e-01
6.324355304241180420e-02
2.170185297727584839e-01
7.825008779764175415e-02
2.538145780563354492e-01
9.613788127899169922e-02
1.080590710043907166e-01
1.662964522838592529e-01
2.323612272739410400e-01
3.209718167781829834e-01
9.298050403594970703e-02
1.774853318929672241e-01
2.219166755676269531e-01
2.758801877498626709e-01
2.602133452892303467e-01
1.986865550279617310e-01
1.180714368820190430e-01
1.201843544840812683e-01
1.994909048080444336e-01
1.820233017206192017e-01
3.164938688278198242e-01
1.492970436811447144e-01
1.085993051528930664e-01
8.572935312986373901e-02
2.249900102615356445e-01
7.810603082180023193e-02
1.899947673082351685e-01
6.066242605447769165e-02
2.659998834133148193e-01
5.815333127975463867e-02
2.441263496875762939e-01
7.000249624252319336e-02
1.310731023550033569e-01
1.028728112578392029e-01
1.418177932500839233e-01
6.911411136388778687e-02
2.092631608247756958e-01
1.058501154184341431e-01
1.884460896253585815e-01
6.161084398627281189e-02
1.150341182947158813e-01
4.348053932189941406e-01
1.404972076416015625e-01
1.474602371454238892e-01
3.787289857864379883e-01
2.094312459230422974e-01
6.981041282415390015e-02
1.467519253492355347e-01
8.316022902727127075e-02
6.480423361063003540e-02
4.511085152626037598e-01
1.930801123380661011e-01
1.857329159975051880e-01
7.452847063541412354e-02
9.005122631788253784e-02
2.662159800529479980e-01
1.043134480714797974e-01
1.182755231857299805e-01
8.775823563337326050e-02
1.071586832404136658e-01
5.687837600708007812e-01
2.742234468460083008e-01
1.659362912178039551e-01
2.755920588970184326e-01
9.000321477651596069e-02
1.073867827653884888e-01
2.220847457647323608e-01
9.814275801181793213e-02
1.487087905406951904e-01
1.742559075355529785e-01
4.326804578304290771e-01
2.160100936889648438e-01
2.713181972503662109e-01
9.256032109260559082e-02
3.083543479442596436e-01
1.112524643540382385e-01
7.450445741415023804e-02
7.560893893241882324e-02
7.264364510774612427e-02
2.172586470842361450e-01
2.058056592941284180e-01
9.694223105907440186e-02
8.577736467123031616e-02
5.923380330204963684e-02
1.662244051694869995e-01
1.851566582918167114e-01
7.418031990528106689e-02
1.672688722610473633e-01
1.391406208276748657e-01
1.112524643540382385e-01
8.308819681406021118e-02
1.491169631481170654e-01
1.795622259378433228e-01
1.748321652412414551e-01
5.857351422309875488e-02
3.073939085006713867e-01
9.719433635473251343e-02
1.604739129543304443e-01
1.864532232284545898e-01
1.853727549314498901e-01
8.610150963068008423e-02
2.316409200429916382e-01
1.774012893438339233e-01
1.848805397748947144e-01
1.259348690509796143e-01
1.608940809965133667e-01
2.950525283813476562e-01
7.056674361228942871e-02
1.088394150137901306e-01
1.983023881912231445e-01
1.510858237743377686e-01
2.500689327716827393e-01
2.412210702896118164e-01
2.381957620382308960e-01
1.063903495669364929e-01
5.736098811030387878e-02
1.491289585828781128e-01
2.320130914449691772e-01
2.210162878036499023e-01
5.738499760627746582e-02
7.763782143592834473e-02
1.355150341987609863e-01
2.511374056339263916e-01
2.234893590211868286e-01
9.463723003864288330e-02
5.990609526634216309e-02
1.593334078788757324e-01
2.721705734729766846e-01
1.755164712667465210e-01
5.131035670638084412e-02
5.007381364703178406e-02
8.876667171716690063e-02
5.852549895644187927e-02
1.912193000316619873e-01
1.414456218481063843e-01
1.689736098051071167e-01
7.114299386739730835e-02
1.243141517043113708e-01
1.766449511051177979e-01
1.214208975434303284e-01
1.304968446493148804e-01
7.096291333436965942e-02
6.267930567264556885e-02
1.339543610811233521e-01
1.629950106143951416e-01
3.421490490436553955e-01
1.174111515283584595e-01
5.904171988368034363e-02
1.846284270286560059e-01
2.495046854019165039e-01
1.127891317009925842e-01
2.159020453691482544e-01
2.653035819530487061e-01
1.476283073425292969e-01
3.371188640594482422e-01
6.811767071485519409e-02
2.298641502857208252e-01
1.199682578444480896e-01
1.846884638071060181e-01
3.635543882846832275e-01
8.056709915399551392e-02
1.086593419313430786e-01
6.287138909101486206e-02
1.301006823778152466e-01
1.625027954578399658e-01
7.209140807390213013e-02
1.086953505873680115e-01
1.069305762648582458e-01
3.997741639614105225e-02
1.654080599546432495e-01
1.114205345511436462e-01
1.276636123657226562e-01
1.094156652688980103e-01
1.065104007720947266e-01
8.413264900445938110e-02
6.612480431795120239e-02
1.981943398714065552e-01
1.854087710380554199e-01
5.551218613982200623e-02
1.374478787183761597e-01
2.242096662521362305e-01
1.874376535415649414e-01
1.304368227720260620e-01
3.381153047084808350e-01
3.128082752227783203e-01
9.037537127733230591e-02
1.324777156114578247e-01
1.523703783750534058e-01
1.801864951848983765e-01
1.045175343751907349e-01
4.847712069749832153e-02
2.320130914449691772e-01
1.058020964264869690e-01
9.308855235576629639e-02
3.458106517791748047e-01
1.871255189180374146e-01
1.948088705539703369e-01
3.476594388484954834e-01
3.233848810195922852e-01
1.991307586431503296e-01
6.725329905748367310e-02
3.197472989559173584e-01
1.237979307770729065e-01
8.993118256330490112e-02
8.977510780096054077e-02
1.566922515630722046e-01
2.172466367483139038e-01
1.478444188833236694e-01
1.898507028818130493e-01
1.091755628585815430e-01
6.580066680908203125e-02
1.601377576589584351e-01
3.142969310283660889e-01
1.042174026370048523e-01
3.426052629947662354e-01
2.150616943836212158e-01
1.524784266948699951e-01
1.096797809004783630e-01
1.476523131132125854e-01
2.122884839773178101e-01
2.408128976821899414e-01
8.059110492467880249e-02
1.030408889055252075e-01
1.771251559257507324e-01
1.969337910413742065e-01
8.386853337287902832e-02
7.638927549123764038e-02
7.658135890960693359e-02
1.232216879725456238e-01
2.259264290332794189e-01
1.466318815946578979e-01
1.837520450353622437e-01
3.035041987895965576e-01
1.451912522315979004e-01
6.917413324117660522e-02
8.504504710435867310e-02
2.154098302125930786e-01
1.780855804681777954e-01
1.815790981054306030e-01
2.109678983688354492e-01
3.277067840099334717e-01
2.448586672544479370e-01
5.562023073434829712e-02
2.524219453334808350e-01
9.856294095516204834e-02
2.728908956050872803e-01
1.407973319292068481e-01
1.281918436288833618e-01
1.085512861609458923e-01
1.373758465051651001e-01
2.804782092571258545e-01
1.097157970070838928e-01
2.507412135601043701e-01
1.052498444914817810e-01
7.906644791364669800e-02
1.349868029356002808e-01
2.153137922286987305e-01
1.398609280586242676e-01
1.325257271528244019e-01
3.590163886547088623e-01
3.461467921733856201e-01
2.495887279510498047e-01
7.955866307020187378e-02
7.115500420331954956e-02
1.149740815162658691e-01
1.218770965933799744e-01
1.627188771963119507e-01
1.912913322448730469e-01
1.304968446493148804e-01
1.523943990468978882e-01
9.099964052438735962e-02
2.800940275192260742e-01
1.595495045185089111e-01
1.695498675107955933e-01
2.775609195232391357e-01
2.338258475065231323e-01
2.204040139913558960e-01
1.926719397306442261e-01
2.003432810306549072e-01
2.645832598209381104e-01
5.195863172411918640e-02
3.076700270175933838e-01
1.220571771264076233e-01
2.115321457386016846e-01
3.043205738067626953e-01
1.264991015195846558e-01
2.186032384634017944e-01
2.181710451841354370e-01
1.164267212152481079e-01
1.537870019674301147e-01
2.517136633396148682e-01
1.211327686905860901e-01
2.425536662340164185e-01
2.342460453510284424e-01
6.863389909267425537e-02
1.200523003935813904e-01
2.138731777667999268e-01
1.663084477186203003e-01
1.523583829402923584e-01
9.480530023574829102e-02
2.236814498901367188e-01
6.155081465840339661e-02
1.240140199661254883e-01
7.508070766925811768e-02
1.289001554250717163e-01
1.151181459426879883e-01
3.108154237270355225e-01
1.274955421686172485e-01
6.816569715738296509e-02
1.778454780578613281e-01
1.895265579223632812e-01
2.139091789722442627e-01
2.687010467052459717e-01
1.426701545715332031e-01
1.165227666497230530e-01
1.228495165705680847e-01
2.398404926061630249e-01
6.696517765522003174e-02
1.643275916576385498e-01
1.161986216902732849e-01
8.352038264274597168e-02
2.463113069534301758e-01
1.672448515892028809e-01
3.271905481815338135e-01
2.572840750217437744e-01
2.538025677204132080e-01
2.033325731754302979e-01
1.262830197811126709e-01
2.074503749608993530e-01
1.812069416046142578e-01
1.338343024253845215e-01
3.252817094326019287e-01
1.886141747236251831e-01
2.055535614490509033e-01
9.238024801015853882e-02
8.017092198133468628e-02
1.273634880781173706e-01
9.480530023574829102e-02
1.303167790174484253e-01
1.868974268436431885e-01
1.051538139581680298e-01
2.171866148710250854e-01
6.768548488616943359e-02
1.732834875583648682e-01
7.748175412416458130e-02
1.024046093225479126e-01
1.137495562434196472e-01
9.969142824411392212e-02
2.784853279590606689e-01
1.176992803812026978e-01
3.169140517711639404e-01
1.674249321222305298e-01
1.370517015457153320e-01
2.777650058269500732e-01
1.334501355886459351e-01
1.511938720941543579e-01
1.151301488280296326e-01
6.061440706253051758e-02
2.682088315486907959e-01
5.947390943765640259e-02
9.988351911306381226e-02
2.461192160844802856e-01
1.459595859050750732e-01
2.227450460195541382e-01
7.975073903799057007e-02
6.497230380773544312e-02
2.743074893951416016e-01
9.071151912212371826e-02
1.862731426954269409e-01
2.043410092592239380e-01
1.686374694108963013e-01
2.418333590030670166e-01
3.642146587371826172e-01
9.462522715330123901e-02
2.957248389720916748e-01
1.676530390977859497e-01
5.126233026385307312e-02
3.009711205959320068e-01
6.596874445676803589e-02
5.027789995074272156e-02
2.603334188461303711e-01
2.779931128025054932e-01
1.836680024862289429e-01
1.133533865213394165e-01
5.470783263444900513e-02
5.105824396014213562e-02
9.865897893905639648e-02
1.677250713109970093e-01
1.726472228765487671e-01
2.547869980335235596e-01
2.745355963706970215e-01
1.643876135349273682e-01
7.063876837491989136e-02
1.798743605613708496e-01
1.864772289991378784e-01
1.035090908408164978e-01
1.288881450891494751e-01
6.617283076047897339e-02
1.675689965486526489e-01
3.549346327781677246e-01
3.963646590709686279e-01
5.701283738017082214e-02
5.857351422309875488e-02
8.957102149724960327e-02
1.202203780412673950e-01
2.345942109823226929e-01
2.278232425451278687e-01
1.255386918783187866e-01
1.766449511051177979e-01
1.275795847177505493e-01
8.864661306142807007e-02
1.651439517736434937e-01
1.477843821048736572e-01
6.786556541919708252e-02
5.473184213042259216e-02
1.786378175020217896e-01
1.101359724998474121e-01
2.344141304492950439e-01
1.584690362215042114e-01
2.830953299999237061e-01
3.326649367809295654e-01
1.686134636402130127e-01
9.116771072149276733e-02
6.756543368101119995e-02
2.182910889387130737e-01
1.708344221115112305e-01
8.599346131086349487e-02
1.937163919210433960e-01
1.098478585481643677e-01
1.022245287895202637e-01
1.237018853425979614e-01
5.832140520215034485e-02
9.718233346939086914e-02
2.292278558015823364e-01
2.052174061536788940e-01
2.623983323574066162e-01
7.695352286100387573e-02
2.204640358686447144e-01
5.751705914735794067e-02
2.636108398437500000e-01
1.446630209684371948e-01
6.369975209236145020e-02
3.516452014446258545e-01
1.121528521180152893e-01
8.331629633903503418e-02
7.724165171384811401e-02
6.698918342590332031e-02
1.479524523019790649e-01
1.419978588819503784e-01
1.819632649421691895e-01
8.396457880735397339e-02
1.784817427396774292e-01
2.749557793140411377e-01
9.478129446506500244e-02
1.653600335121154785e-01
2.984260022640228271e-01
1.401370614767074585e-01
1.439667195081710815e-01
3.169500827789306641e-01
1.611942201852798462e-01
5.733698233962059021e-02
1.901388317346572876e-01
2.352064698934555054e-01
2.747637033462524414e-01
3.539621829986572266e-01
1.452152580022811890e-01
1.508697271347045898e-01
1.655521243810653687e-01
1.689255833625793457e-01
2.836835756897926331e-02
2.229491323232650757e-01
1.343505233526229858e-01
1.550235301256179810e-01
1.805466562509536743e-01
1.397888958454132080e-01
5.575228855013847351e-02
2.291198074817657471e-01
8.364044129848480225e-02
3.258579671382904053e-01
1.670047491788864136e-01
2.105597257614135742e-01
1.633671671152114868e-01
3.406243920326232910e-01
2.695173919200897217e-01
2.221927940845489502e-01
6.332758814096450806e-02
1.759366393089294434e-01
2.027683258056640625e-01
9.833484143018722534e-02
1.105201467871665955e-01
2.016998827457427979e-01
1.395968049764633179e-01
2.210762947797775269e-01
4.023912847042083740e-01
1.796222478151321411e-01
1.568723320960998535e-01
2.163462489843368530e-01
5.971401557326316833e-02
3.817903399467468262e-01
1.318054199218750000e-01
1.073627695441246033e-01
1.960574090480804443e-01
1.182755231857299805e-01
8.745809644460678101e-02
9.353274852037429810e-02
1.616744250059127808e-01
2.748357355594635010e-01
1.211327686905860901e-01
7.703756541013717651e-02
8.406062424182891846e-02
6.881397962570190430e-02
4.541098177433013916e-01
2.373073846101760864e-01
1.176512464880943298e-01
3.154494464397430420e-01
2.086388915777206421e-01
4.144445359706878662e-01
2.526380717754364014e-01
1.021164879202842712e-01
1.026927381753921509e-01
1.882780194282531738e-01
1.625388115644454956e-01
5.564424023032188416e-02
6.218708679080009460e-02
1.716147512197494507e-01
1.585170477628707886e-01
2.049172669649124146e-01
1.349387913942337036e-01
1.728152930736541748e-01
1.158144474029541016e-01
1.586371064186096191e-01
2.443664520978927612e-01
2.422775477170944214e-01
2.340659648180007935e-01
5.212670564651489258e-02
4.544339776039123535e-01
1.435225307941436768e-01
1.290682256221771240e-01
1.248543858528137207e-01
1.241941004991531372e-01
3.219322562217712402e-01
6.866991519927978516e-02
1.769330799579620361e-01
1.401970833539962769e-01
9.479329735040664673e-02
1.270153373479843140e-01
6.763746589422225952e-02
1.792500913143157959e-01
3.037082850933074951e-01
1.889503151178359985e-01
5.637655779719352722e-02
2.980058193206787109e-01
8.509307354688644409e-02
2.225649654865264893e-01
1.850966364145278931e-01
1.039893031120300293e-01
8.895875513553619385e-02
2.572480738162994385e-01
2.409569770097732544e-01
7.072281092405319214e-02
1.264150738716125488e-01
2.493486255407333374e-01
6.039831042289733887e-02
1.331860274076461792e-01
1.525744646787643433e-01
3.093627691268920898e-01
1.481565386056900024e-01
2.634907662868499756e-01
1.024046093225479126e-01
2.421574890613555908e-01
1.231736540794372559e-01
2.194195836782455444e-01
1.987225711345672607e-01
2.469836026430130005e-01
5.913776159286499023e-02
1.130892634391784668e-01
2.368271648883819580e-01
3.258099257946014404e-01
8.265601098537445068e-02
1.630430221557617188e-01
7.149114459753036499e-02
6.912611424922943115e-02
8.793830871582031250e-02
9.732639789581298828e-02
1.816511303186416626e-01
3.620057106018066406e-01
1.245662719011306763e-01
9.891109168529510498e-02
1.003037020564079285e-01
1.654440760612487793e-01
1.059341430664062500e-01
1.833798885345458984e-01
1.426821649074554443e-01
9.725436568260192871e-02
8.994318544864654541e-02
4.952397346496582031e-01
2.577522695064544678e-01
1.556117981672286987e-01
2.347022593021392822e-01
2.028523683547973633e-01
8.188767731189727783e-02
8.114334940910339355e-02
1.409894227981567383e-01
1.054059192538261414e-01
1.916875094175338745e-01
2.592889666557312012e-01
1.037731990218162537e-01
1.701741367578506470e-01
1.675209850072860718e-01
2.071502506732940674e-01
1.537029594182968140e-01
1.718548685312271118e-01
3.607691526412963867e-01
1.896946281194686890e-01
5.497194454073905945e-02
1.758165955543518066e-01
3.102271258831024170e-01
5.587233975529670715e-02
3.472872972488403320e-01
3.389316499233245850e-01
1.298845857381820679e-01
1.735356003046035767e-01
2.117722481489181519e-01
1.836680024862289429e-01
2.345461845397949219e-01
3.764600157737731934e-01
4.507723748683929443e-01
1.966096609830856323e-01
5.874158814549446106e-02
6.542850285768508911e-02
2.195756435394287109e-01
2.917630970478057861e-01
3.472993075847625732e-01
6.640093028545379639e-02
1.409894227981567383e-01
1.322256028652191162e-01
1.875096857547760010e-01
1.343385279178619385e-01
1.969698071479797363e-01
1.569203585386276245e-01
1.157664284110069275e-01
1.960814297199249268e-01
5.385546013712882996e-02
3.343336284160614014e-01
7.176726311445236206e-02
5.461179092526435852e-02
4.188744723796844482e-01
2.036687135696411133e-01
2.644031941890716553e-01
1.681572645902633667e-01
2.875732779502868652e-01
2.635148167610168457e-01
1.262830197811126709e-01
1.728032827377319336e-01
1.864292174577713013e-01
1.373998522758483887e-01
2.227450460195541382e-01
2.454829514026641846e-01
6.392785161733627319e-02
5.764911323785781860e-02
3.278268277645111084e-01
5.760109424591064453e-02
8.677380532026290894e-02
3.511769771575927734e-01
3.111515641212463379e-01
1.470640748739242554e-01
8.338832855224609375e-02
3.676601648330688477e-01
3.543343544006347656e-01
1.268472522497177124e-01
1.113485097885131836e-01
2.516416311264038086e-01
1.348307430744171143e-01
8.288411051034927368e-02
2.219166755676269531e-01
2.438142150640487671e-01
1.171110197901725769e-01
1.748201698064804077e-01
2.995905280113220215e-01
2.707659602165222168e-01
1.553356647491455078e-01
2.047611922025680542e-01
3.109714686870574951e-01
1.336662322282791138e-01
1.388044804334640503e-01
7.850220054388046265e-02
2.009555399417877197e-01
2.064659446477890015e-01
2.749677896499633789e-01
1.043134480714797974e-01
1.119607686996459961e-01
6.848984211683273315e-02
1.233177185058593750e-01
1.239900141954421997e-01
3.141408562660217285e-01
1.489248722791671753e-01
4.250331521034240723e-01
4.140603542327880859e-01
1.633671671152114868e-01
3.491721153259277344e-01
1.245902776718139648e-01
1.275195479393005371e-01
9.392891824245452881e-02
1.902468800544738770e-01
2.092751711606979370e-01
1.163907051086425781e-01
2.061778157949447632e-01
2.832994163036346436e-01
1.849885880947113037e-01
1.068345457315444946e-01
3.975411951541900635e-01
1.332220286130905151e-01
1.497172266244888306e-01
5.852549895644187927e-02
1.441588103771209717e-01
2.851842343807220459e-01
2.162742167711257935e-01
1.111924424767494202e-01
2.687130868434906006e-01
1.657081842422485352e-01
3.108394145965576172e-01
1.875937283039093018e-01
1.858649700880050659e-01
1.638593822717666626e-01
2.889178693294525146e-01
4.973766952753067017e-02
2.885217070579528809e-01
1.562120616436004639e-01
1.566082239151000977e-01
9.655806422233581543e-02
4.949756339192390442e-02
1.134134083986282349e-01
5.109426006674766541e-02
2.570319771766662598e-01
3.063974976539611816e-01
9.236823767423629761e-02
9.975145757198333740e-02
1.893945187330245972e-01
1.880859434604644775e-01
6.287138909101486206e-02
3.587642908096313477e-01
1.133053526282310486e-01
2.083988040685653687e-01
2.094672471284866333e-01
6.993046402931213379e-02
1.250704973936080933e-01
2.159740924835205078e-01
7.074682414531707764e-02
8.547724038362503052e-02
9.457720071077346802e-02
2.374034225940704346e-01
2.058296650648117065e-01
8.286009728908538818e-02
2.086628973484039307e-01
1.195961013436317444e-01
1.090915203094482422e-01
1.551675945520401001e-01
1.461756825447082520e-01
1.071106567978858948e-01
2.300322055816650391e-01
2.371032983064651489e-01
8.045905083417892456e-02
1.180114075541496277e-01
1.280117630958557129e-01
9.661809355020523071e-02
1.824914962053298950e-01
2.239815741777420044e-01
8.420468121767044067e-02
2.951125800609588623e-01
5.830940231680870056e-02
7.743372768163681030e-02
1.557078361511230469e-01
1.808107644319534302e-01
8.192368596792221069e-02
1.137615591287612915e-01
1.076629087328910828e-01
1.714947074651718140e-01
1.597536057233810425e-01
8.539320528507232666e-02
2.061297893524169922e-01
4.848912358283996582e-02
3.401201665401458740e-01
2.011716365814208984e-01
1.617824882268905640e-01
2.066700309514999390e-01
1.805586665868759155e-01
2.187112867832183838e-01
2.970333993434906006e-01
2.065019607543945312e-01
4.614810645580291748e-01
8.777023851871490479e-02
6.702519953250885010e-02
3.476114273071289062e-01
1.582889556884765625e-01
9.385689347982406616e-02
7.924652099609375000e-02
6.332758814096450806e-02
2.064779549837112427e-01
1.430423110723495483e-01
3.009110987186431885e-01
1.657682210206985474e-01
1.662003993988037109e-01
5.745702981948852539e-02
1.918675750494003296e-01
2.150136679410934448e-01
1.440147459506988525e-01
7.766183465719223022e-02
4.104708135128021240e-01
1.762847900390625000e-01
2.610777318477630615e-01
1.418778151273727417e-01
1.196201071143150330e-01
6.187495589256286621e-02
5.696481466293334961e-02
7.548888772726058960e-02
1.518181413412094116e-01
1.107002273201942444e-01
2.290237694978713989e-01
1.209526881575584412e-01
2.204520255327224731e-01
7.352002710103988647e-02
5.163089632987976074e-01
1.244342103600502014e-01
1.728873103857040405e-01
1.000155732035636902e-01
2.482801675796508789e-01
1.158024445176124573e-01
2.474758177995681763e-01
1.163426861166954041e-01
9.942731261253356934e-02
6.989444792270660400e-02
2.447506189346313477e-01
1.508096903562545776e-01
9.514144808053970337e-02
7.732568681240081787e-02
2.023961842060089111e-01
1.840882003307342529e-01
1.092716008424758911e-01
2.056375741958618164e-01
5.786520987749099731e-02
1.994668990373611450e-01
1.196201071143150330e-01
1.375319212675094604e-01
1.669807434082031250e-01
5.677273496985435486e-02
2.320490926504135132e-01
8.060311526060104370e-02
9.918721020221710205e-02
2.246538698673248291e-01
9.105966985225677490e-02
1.269312947988510132e-01
1.311331242322921753e-01
2.395763695240020752e-01
1.612422466278076172e-01
1.808708012104034424e-01
2.535984814167022705e-01
1.500893831253051758e-01
6.182693317532539368e-02
1.261629611253738403e-01
6.390383839607238770e-02
3.337093889713287354e-01
1.483966559171676636e-01
2.065019607543945312e-01
8.939094096422195435e-02
6.434803456068038940e-02
1.372557878494262695e-01
2.563717067241668701e-01
2.706459164619445801e-01
1.067985296249389648e-01
7.299179583787918091e-02
3.083543479442596436e-01
2.594810426235198975e-01
6.957031041383743286e-02
2.060457468032836914e-01
1.450111716985702515e-01
2.386039495468139648e-01
8.187567442655563354e-02
3.797734677791595459e-01
1.597776114940643311e-01
2.175947874784469604e-01
1.382282227277755737e-01
8.901878446340560913e-02
2.736111879348754883e-01
1.093796491622924805e-01
2.413891553878784180e-01
2.043530195951461792e-01
1.461636871099472046e-01
1.666565984487533569e-01
2.120843976736068726e-01
8.348437398672103882e-02
8.342434465885162354e-02
2.830232977867126465e-01
1.131252795457839966e-01
8.562129735946655273e-02
1.594894826412200928e-01
1.099438890814781189e-01
3.278268277645111084e-01
2.061418145895004272e-01
2.791095972061157227e-01
3.801215887069702148e-01
3.101911246776580811e-01
1.004597693681716919e-01
1.972219198942184448e-01
1.208806633949279785e-01
3.047167658805847168e-01
9.224818646907806396e-02
1.045535430312156677e-01
1.699340194463729858e-01
1.921797245740890503e-01
1.975700706243515015e-01
1.247583553194999695e-01
2.136090546846389771e-01
9.067550301551818848e-02
1.560799926519393921e-01
2.578963637351989746e-01
4.260655865073204041e-02
4.013708531856536865e-01
1.879898905754089355e-01
1.248904094099998474e-01
1.988426297903060913e-01
4.188264310359954834e-01
1.436785906553268433e-01
2.225769609212875366e-01
8.756614476442337036e-02
4.137962758541107178e-01
3.090146183967590332e-01
1.778214722871780396e-01
1.730553954839706421e-01
1.524784266948699951e-01
2.453028708696365356e-01
2.211483567953109741e-01
1.142657771706581116e-01
1.122128888964653015e-01
2.429498434066772461e-01
3.012592494487762451e-01
2.056976109743118286e-01
8.127540349960327148e-02
3.325088620185852051e-01
7.198335975408554077e-02
2.330335229635238647e-01
3.984055519104003906e-01
6.315951794385910034e-02
2.238735258579254150e-01
7.113098353147506714e-02
2.985700666904449463e-01
1.946287900209426880e-01
1.297165006399154663e-01
1.064383611083030701e-01
2.978377342224121094e-01
3.499404489994049072e-01
2.144134044647216797e-01
1.555037349462509155e-01
7.822608202695846558e-02
8.965505659580230713e-02
7.448044419288635254e-02
1.694177985191345215e-01
6.987043470144271851e-02
2.766845226287841797e-01
9.969142824411392212e-02
6.805764883756637573e-02
1.333540976047515869e-01
1.828516572713851929e-01
5.192261934280395508e-02
1.008559390902519226e-01
9.636598080396652222e-02
1.517100930213928223e-01
1.472201347351074219e-01
4.845310747623443604e-01
1.638353765010833740e-01
1.986865550279617310e-01
8.382051438093185425e-02
6.343563646078109741e-02
6.308748573064804077e-02
2.720745503902435303e-01
1.252505630254745483e-01
1.493330448865890503e-01
2.343300879001617432e-01
1.464037746191024780e-01
1.459956020116806030e-01
4.136882424354553223e-01
1.552036106586456299e-01
1.648198068141937256e-01
9.917520731687545776e-02
8.186366409063339233e-02
2.241856604814529419e-01
3.961365818977355957e-01
1.432344019412994385e-01
1.206885725259780884e-01
1.621186286211013794e-01
1.970898658037185669e-01
1.822393983602523804e-01
8.054309338331222534e-02
1.394527405500411987e-01
7.823808491230010986e-02
7.659336179494857788e-02
2.568879127502441406e-01
4.034837782382965088e-01
3.151372969150543213e-01
1.868373900651931763e-01
1.842562705278396606e-01
1.162106320261955261e-01
1.219851374626159668e-01
7.502068579196929932e-02
2.301042377948760986e-01
5.820135399699211121e-02
2.402846813201904297e-01
1.046015620231628418e-01
2.926875054836273193e-01
1.006278395652770996e-01
1.085272803902626038e-01
2.903585135936737061e-01
1.750362515449523926e-01
1.798983663320541382e-01
1.443388909101486206e-01
3.192670941352844238e-01
1.679291576147079468e-01
2.875372767448425293e-01
9.541756659746170044e-02
1.781696230173110962e-01
7.524877786636352539e-02
1.327298134565353394e-01
3.058572411537170410e-01
8.882670104503631592e-02
2.105237096548080444e-01
9.434910118579864502e-02
1.572685092687606812e-01
1.633431613445281982e-01
8.371246606111526489e-02
2.490604966878890991e-01
2.248819619417190552e-01
2.364790290594100952e-01
8.074717968702316284e-02
3.497003316879272461e-01
9.694223105907440186e-02
2.507532536983489990e-01
2.221087515354156494e-01
3.117998540401458740e-01
1.651199311017990112e-01
1.494651138782501221e-01
1.665485501289367676e-01
2.049052715301513672e-01
1.980502754449844360e-01
1.702701747417449951e-01
4.985772073268890381e-02
3.408764898777008057e-01
2.169344872236251831e-01
1.143378168344497681e-01
1.845323890447616577e-01
1.159825250506401062e-01
1.065224036574363708e-01
1.505095660686492920e-01
9.996755421161651611e-02
2.607536017894744873e-01
2.406928539276123047e-01
1.384923309087753296e-01
8.161155134439468384e-02
1.513499319553375244e-01
7.394021004438400269e-02
1.899467557668685913e-01
1.134734302759170532e-01
7.233151048421859741e-02
1.651919633150100708e-01
8.017092198133468628e-02
1.325617432594299316e-01
5.815333127975463867e-02
1.443268805742263794e-01
6.809366494417190552e-02
1.933922469615936279e-01
9.595780819654464722e-02
4.179020524024963379e-01
2.009195387363433838e-01
7.385617494583129883e-02
1.124890074133872986e-01
4.489835798740386963e-01
1.425500959157943726e-01
1.058501154184341431e-01
2.360708564519882202e-01
5.545215681195259094e-02
1.022965684533119202e-01
1.164987459778785706e-01
1.838240772485733032e-01
5.087816342711448669e-02
1.509177535772323608e-01
2.507532536983489990e-01
1.838841140270233154e-01
7.309984415769577026e-02
8.475692570209503174e-02
1.757205575704574585e-01
5.133556723594665527e-01
1.041573807597160339e-01
5.872958526015281677e-02
2.764084041118621826e-01
7.481659203767776489e-02
8.080720156431198120e-02
1.025606766343116760e-01
1.520222276449203491e-01
1.403171271085739136e-01
2.652315497398376465e-01
2.893140316009521484e-01
1.425260901451110840e-01
1.630310267210006714e-01
7.882633805274963379e-02
6.548853218555450439e-02
2.196236848831176758e-01
3.501565456390380859e-01
1.234497800469398499e-01
2.158180326223373413e-01
2.474638074636459351e-01
9.517746418714523315e-02
1.617104411125183105e-01
1.314332634210586548e-01
9.916319698095321655e-02
1.454793661832809448e-01
1.017923504114151001e-01
1.904629766941070557e-01
1.433664560317993164e-01
8.737406134605407715e-02
7.222346216440200806e-02
1.115525960922241211e-01
1.544112712144851685e-01
2.985940873622894287e-01
2.646192908287048340e-01
1.571604609489440918e-01
1.314812749624252319e-01
6.478022038936614990e-02
1.480364948511123657e-01
6.259527057409286499e-02
6.551253795623779297e-02
6.387983262538909912e-02
5.901771411299705505e-02
1.428382247686386108e-01
1.419498324394226074e-01
9.258433431386947632e-02
1.768010109663009644e-01
7.618518918752670288e-02
1.504495441913604736e-01
7.284773886203765869e-02
1.700420826673507690e-01
1.668967008590698242e-01
6.318352371454238892e-02
1.324657052755355835e-01
1.891544014215469360e-01
2.829632759094238281e-01
1.658402532339096069e-01
5.812932178378105164e-02
2.801420390605926514e-01
1.662724465131759644e-01
1.235218048095703125e-01
2.020840495824813843e-01
2.633947432041168213e-01
3.212119340896606445e-01
6.095055490732192993e-02
3.707095086574554443e-01
9.400095045566558838e-02
1.235458254814147949e-01
2.728548645973205566e-01
1.020924672484397888e-01
7.857423275709152222e-02
3.311522603034973145e-01
2.265987247228622437e-01
7.503268867731094360e-02
1.064863950014114380e-01
2.981859147548675537e-01
5.806929618120193481e-02
1.919636279344558716e-01
1.987105607986450195e-01
2.002112120389938354e-01
2.309565991163253784e-01
1.349387913942337036e-01
2.075944393873214722e-01
3.451143503189086914e-01
1.745440363883972168e-01
9.784262627363204956e-02
7.784190773963928223e-02
3.403362631797790527e-01
7.213942706584930420e-02
1.858529597520828247e-01
7.065077871084213257e-02
2.777890264987945557e-01
8.535718172788619995e-02
1.183715686202049255e-01
3.726423531770706177e-02
9.416902065277099609e-02
3.000587224960327148e-01
2.604414522647857666e-01
4.886128753423690796e-02
2.229731380939483643e-01
9.032734483480453491e-02
1.470400542020797729e-01
4.539297521114349365e-01
5.535611510276794434e-02
8.795031160116195679e-02
1.331620067358016968e-01
1.178433299064636230e-01
7.831011712551116943e-02
1.212288141250610352e-01
1.327058076858520508e-01
1.337742805480957031e-01
2.236454337835311890e-01
8.468489348888397217e-02
6.317152082920074463e-02
1.232937127351760864e-01
1.614463329315185547e-01
2.563476860523223877e-01
3.961125612258911133e-01
7.690550386905670166e-02
2.116882055997848511e-01
1.478444188833236694e-01
1.660323292016983032e-01
8.592142909765243530e-02
7.955866307020187378e-02
1.908231228590011597e-01
8.798632770776748657e-02
8.870664238929748535e-02
1.254786700010299683e-01
8.803435415029525757e-02
7.686948776245117188e-02
2.711141109466552734e-01
1.599456816911697388e-01
9.790264815092086792e-02
2.185312062501907349e-01
7.749375700950622559e-02
1.238459497690200806e-01
8.958303183317184448e-02
2.455669641494750977e-01
2.853403091430664062e-01
3.258579671382904053e-01
1.374718993902206421e-01
7.221145927906036377e-02
1.148780509829521179e-01
1.195360794663429260e-01
2.276671975851058960e-01
1.347467005252838135e-01
1.395367830991744995e-01
2.247499078512191772e-01
1.999711245298385620e-01
1.702581644058227539e-01
6.586068868637084961e-02
1.677250713109970093e-01
8.680981397628784180e-02
1.292242854833602905e-01
1.313972324132919312e-01
8.292012661695480347e-02
3.414287418127059937e-02
1.413015574216842651e-01
1.686374694108963013e-01
2.661799490451812744e-01
2.074263542890548706e-01
3.572756350040435791e-01
7.900641858577728271e-02
3.858720958232879639e-01
1.502934694290161133e-01
8.398859202861785889e-02
8.331629633903503418e-02
2.913909554481506348e-01
5.521205067634582520e-02
1.955651938915252686e-01
7.898240536451339722e-02
1.090675145387649536e-01
6.089052557945251465e-02
1.476043015718460083e-01
2.013637274503707886e-01
1.828876733779907227e-01
7.748175412416458130e-02
1.370997279882431030e-01
2.476918995380401611e-01
1.669327318668365479e-01
2.756040692329406738e-01
8.290811628103256226e-02
9.000321477651596069e-02
1.208806633949279785e-01
3.486438691616058350e-01
1.856488734483718872e-01
2.584846019744873047e-01
2.644751965999603271e-01
1.405932456254959106e-01
1.392126530408859253e-01
3.757156729698181152e-01
4.943753406405448914e-02
1.140016689896583557e-01
8.596944808959960938e-02
1.105801686644554138e-01
2.678006589412689209e-01
1.459835916757583618e-01
1.420218795537948608e-01
5.895768478512763977e-02
2.434420585632324219e-01
1.882780194282531738e-01
1.374959051609039307e-01
9.389290213584899902e-02
2.268028110265731812e-01
1.258148103952407837e-01
2.841278016567230225e-01
1.177232861518859863e-01
2.341980189085006714e-01
1.097277998924255371e-01
1.314452737569808960e-01
7.032664120197296143e-02
9.851491451263427734e-02
4.615170657634735107e-01
1.164387241005897522e-01
1.035451069474220276e-01
4.324164092540740967e-01
3.295075595378875732e-01
9.318459779024124146e-02
9.449316561222076416e-02
2.308125495910644531e-01
1.496331840753555298e-01
2.721705734729766846e-01
1.330539584159851074e-01
1.629950106143951416e-01
8.779424428939819336e-02
3.838071972131729126e-02
2.355065792798995972e-01
3.889694437384605408e-02
6.553655117750167847e-02
1.780375689268112183e-01
3.910823762416839600e-01
5.527208000421524048e-02
1.337982863187789917e-01
1.061982661485671997e-01
9.557363390922546387e-02
8.863461017608642578e-02
9.840687364339828491e-02
8.015891909599304199e-02
1.079870462417602539e-01
1.462357044219970703e-01
2.464553564786911011e-01
3.319565951824188232e-01
2.433940172195434570e-01
1.161145791411399841e-01
1.446990370750427246e-01
2.291078120470046997e-01
1.326097697019577026e-01
1.666325926780700684e-01
5.291905626654624939e-02
3.052810132503509521e-01
1.532587707042694092e-01
8.068715035915374756e-02
3.667597770690917969e-01
1.542191952466964722e-01
8.131142705678939819e-02
2.884136438369750977e-01
6.557256728410720825e-02
7.937858253717422485e-02
1.619505584239959717e-01
1.623227149248123169e-01
2.277752161026000977e-01
2.152537554502487183e-01
1.599696874618530273e-01
1.808708012104034424e-01
3.009951114654541016e-01
2.572000622749328613e-01
5.228277668356895447e-02
9.320860356092453003e-02
1.787698715925216675e-01
2.663000226020812988e-01
1.300646513700485229e-01
6.746939569711685181e-02
1.194760426878929138e-01
8.460085839033126831e-02
1.111804395914077759e-01
1.088154092431068420e-01
9.414501488208770752e-02
9.732639789581298828e-02
2.824470698833465576e-01
1.248183771967887878e-01
2.697335183620452881e-01
8.743409067392349243e-02
7.678545266389846802e-02
1.579768210649490356e-01
1.060542017221450806e-01
9.280043095350265503e-02
1.405932456254959106e-01
1.242661401629447937e-01
1.433184444904327393e-01
1.409293860197067261e-01
3.518612980842590332e-01
2.492165565490722656e-01
2.531542778015136719e-01
6.802163273096084595e-02
1.742919236421585083e-01
1.679051369428634644e-01
5.623249337077140808e-02
1.825755387544631958e-01
1.213488578796386719e-01
2.171866148710250854e-01
1.323336511850357056e-01
3.181746006011962891e-01
2.382197827100753784e-01
6.207904219627380371e-02
1.993108242750167847e-01
6.119066104292869568e-02
2.590008378028869629e-01
9.819077700376510620e-02
2.356506586074829102e-01
1.803065389394760132e-01
1.162946596741676331e-01
3.470231890678405762e-01
1.480124890804290771e-01
1.346626728773117065e-01
3.200234174728393555e-01
1.857089102268218994e-01
8.511707931756973267e-02
1.993468403816223145e-01
2.805262207984924316e-01
3.322327435016632080e-01
7.119101285934448242e-02
5.536812171339988708e-02
1.388404816389083862e-01
8.582539111375808716e-02
3.443580269813537598e-01
6.744538247585296631e-02
2.087469398975372314e-01
8.511707931756973267e-02
1.675810068845748901e-01
1.083592101931571960e-01
8.260798454284667969e-02
1.328138560056686401e-01
2.501289546489715576e-01
1.877017617225646973e-01
2.661439478397369385e-01
2.167784422636032104e-01
3.761118352413177490e-01
3.340935409069061279e-01
1.049977466464042664e-01
1.157064065337181091e-01
8.344835042953491211e-02
7.278770953416824341e-02
1.131372824311256409e-01
1.242301240563392639e-01
8.943896740674972534e-02
1.478564143180847168e-01
2.608376443386077881e-01
1.734755784273147583e-01
1.579648107290267944e-01
2.685570120811462402e-01
1.949169188737869263e-01
6.331558525562286377e-02
2.884256541728973389e-01
1.479044407606124878e-01
1.113004833459854126e-01
1.251545250415802002e-01
1.319254785776138306e-01
2.683769166469573975e-01
5.764911323785781860e-02
1.538710445165634155e-01
1.873896420001983643e-01
2.354945987462997437e-01
8.649768680334091187e-02
3.938435912132263184e-01
1.342304795980453491e-01
1.049737334251403809e-01
1.594654768705368042e-01
9.514144808053970337e-02
6.486425548791885376e-02
1.731754392385482788e-01
2.749077677726745605e-01
1.920116394758224487e-01
6.924616545438766479e-02
1.715787500143051147e-01
3.563752472400665283e-01
9.604184329509735107e-02
8.007488399744033813e-02
6.598074734210968018e-02
2.752559185028076172e-01
1.640994995832443237e-01
1.427181810140609741e-01
3.822225034236907959e-01
1.953250914812088013e-01
3.098189532756805420e-01
9.792666137218475342e-02
2.220367193222045898e-01
2.575001716613769531e-01
2.254582196474075317e-01
1.389965564012527466e-01
3.420650064945220947e-01
2.258663922548294067e-01
1.183235421776771545e-01
3.481636941432952881e-01
3.160736858844757080e-01
1.617944836616516113e-01
4.687201976776123047e-01
5.616046860814094543e-02
2.751238644123077393e-01
9.718233346939086914e-02
9.337668120861053467e-02
7.816605269908905029e-02
2.111239731311798096e-01
1.535949110984802246e-01
1.756365150213241577e-01
1.432463973760604858e-01
1.542551964521408081e-01
9.871900826692581177e-02
1.974260061979293823e-01
1.747001111507415771e-01
1.154782995581626892e-01
8.188767731189727783e-02
1.381201744079589844e-01
1.399809867143630981e-01
9.638999402523040771e-02
1.226934418082237244e-01
2.361909002065658569e-01
1.343745440244674683e-01
9.843087941408157349e-02
2.744395434856414795e-01
1.253105849027633667e-01
1.248063668608665466e-01
2.437782138586044312e-01
6.915012747049331665e-02
1.131252795457839966e-01
2.150016576051712036e-01
2.489764690399169922e-01
2.268268167972564697e-01
2.261305153369903564e-01
1.472681611776351929e-01
3.090386092662811279e-01
3.412006497383117676e-01
1.153342351317405701e-01
9.256032109260559082e-02
4.544099271297454834e-01
1.471120864152908325e-01
1.449391394853591919e-01
1.806426942348480225e-01
2.519417703151702881e-01
1.610741764307022095e-01
2.112800329923629761e-01
1.023926064372062683e-01
2.954487204551696777e-01
1.126330643892288208e-01
8.113134652376174927e-02
7.697753608226776123e-02
2.923273742198944092e-01
1.135454699397087097e-01
6.972637027502059937e-02
2.062138319015502930e-01
1.854808032512664795e-01
1.714587062597274780e-01
7.762581855058670044e-02
3.193751275539398193e-01
1.062702909111976624e-01
1.633071452379226685e-01
8.318423479795455933e-02
2.860726118087768555e-01
8.165957778692245483e-02
1.887582391500473022e-01
8.841852098703384399e-02
5.934184789657592773e-02
2.921832799911499023e-01
1.679411679506301880e-01
1.291282624006271362e-01
9.013526886701583862e-02
1.579408049583435059e-01
5.756507441401481628e-02
2.341980189085006714e-01
1.211567744612693787e-01
1.504975557327270508e-01
2.556633651256561279e-01
9.210412949323654175e-02
8.557327836751937866e-02
1.316013336181640625e-01
1.223933249711990356e-01
9.840687364339828491e-02
2.551831901073455811e-01
4.343252182006835938e-01
2.064419239759445190e-01
3.337093889713287354e-01
4.365101456642150879e-02
1.379160732030868530e-01
3.850077092647552490e-01
1.895025521516799927e-01
2.827231585979461670e-01
2.030924856662750244e-01
7.217544317245483398e-02
1.371837705373764038e-01
2.014837712049484253e-01
2.500929534435272217e-01
1.237018853425979614e-01
2.177028506994247437e-01
1.270393431186676025e-01
1.738357394933700562e-01
1.422499716281890869e-01
1.291522681713104248e-01
3.198313415050506592e-01
2.650154531002044678e-01
9.895911067724227905e-02
1.847124695777893066e-01
1.885301321744918823e-01
1.909431815147399902e-01
1.436545848846435547e-01
1.036771684885025024e-01
8.144348114728927612e-02
1.622386723756790161e-01
1.361273080110549927e-01
9.825079888105392456e-02
6.234315782785415649e-02
8.366444706916809082e-02
1.116726547479629517e-01
1.913993805646896362e-01
7.057874649763107300e-02
2.612818181514739990e-01
1.363073885440826416e-01
4.840508848428726196e-02
3.096508979797363281e-01
1.871015131473541260e-01
1.347707211971282959e-01
1.986625492572784424e-01
7.779388874769210815e-02
1.558759063482284546e-01
6.822572648525238037e-02
9.156388789415359497e-02
1.992508023977279663e-01
2.133569568395614624e-01
1.929840743541717529e-01
5.288303643465042114e-02
2.076064348220825195e-01
1.019964367151260376e-01
1.260789334774017334e-01
1.411334872245788574e-01
2.736712396144866943e-01
2.014837712049484253e-01
1.727672666311264038e-01
1.483606398105621338e-01
1.916154772043228149e-01
1.671608239412307739e-01
2.893620431423187256e-01
7.102294266223907471e-02
1.210007071495056152e-01
6.853785365819931030e-02
1.148780509829521179e-01
1.205805316567420959e-01
8.158754557371139526e-02
1.032930016517639160e-01
6.601675599813461304e-02
2.397804558277130127e-01
8.630559593439102173e-02
7.338797301054000854e-02
1.789259463548660278e-01
2.240776121616363525e-01
2.699736058712005615e-01
1.623827368021011353e-01
6.378378719091415405e-02
1.342544853687286377e-01
1.070986539125442505e-01
2.049652785062789917e-01
2.638869583606719971e-01
2.016518414020538330e-01
8.827445656061172485e-02
2.944162786006927490e-01
1.348667591810226440e-01
2.002952545881271362e-01
1.364154219627380371e-01
2.980538308620452881e-01
7.432437688112258911e-02
6.545250862836837769e-02
2.343060821294784546e-01
1.554077118635177612e-01
8.855057507753372192e-02
1.915674656629562378e-01
9.580173343420028687e-02
9.358076751232147217e-02
1.581448912620544434e-01
6.276334077119827271e-02
1.696218997240066528e-01
7.935456931591033936e-02
5.757708102464675903e-02
1.175071820616722107e-01
2.165743410587310791e-01
3.069137036800384521e-01
9.821479022502899170e-02
1.245422512292861938e-01
2.069101333618164062e-01
1.022485420107841492e-01
3.462668359279632568e-01
2.055055201053619385e-01
1.107842549681663513e-01
1.441588103771209717e-01
1.974740326404571533e-01
2.152297496795654297e-01
2.173546850681304932e-01
3.216201066970825195e-01
9.557363390922546387e-02
8.055509626865386963e-02
7.443242520093917847e-02
2.234773635864257812e-01
1.802945435047149658e-01
7.834612578153610229e-02
2.487843781709671021e-01
1.955531835556030273e-01
5.618447810411453247e-02
3.220762908458709717e-01
2.060097455978393555e-01
3.309481739997863770e-01
2.043890506029129028e-01
2.871291041374206543e-01
7.391619682312011719e-02
2.764204442501068115e-01
1.735716164112091064e-01
1.405812352895736694e-01
1.346386522054672241e-01
6.910210102796554565e-02
1.532827764749526978e-01
7.451646775007247925e-02
7.679745554924011230e-02
2.486523240804672241e-01
3.135405778884887695e-01
1.350828409194946289e-01
2.618820965290069580e-01
6.098656728863716125e-02
1.886982023715972900e-01
1.841242164373397827e-01
1.160905733704566956e-01
2.182190716266632080e-01
6.157482415437698364e-02
1.597896069288253784e-01
4.286347329616546631e-01
3.430614471435546875e-01
3.933513760566711426e-01
1.228975430130958557e-01
1.800064295530319214e-01
1.618545055389404297e-01
2.362149059772491455e-01
5.012783408164978027e-01
2.735271453857421875e-01
9.461321681737899780e-02
2.872491478919982910e-01
3.046327233314514160e-01
1.324056833982467651e-01
1.894665360450744629e-01
1.649158447980880737e-01
2.928795814514160156e-01
1.367755830287933350e-01
3.122680485248565674e-01
8.964305371046066284e-02
2.256623059511184692e-01
2.816427052021026611e-01
1.825755387544631958e-01
8.024295419454574585e-02
1.537029594182968140e-01
1.840882003307342529e-01
1.124289780855178833e-01
7.517675310373306274e-02
1.407613158226013184e-01
2.132488936185836792e-01
2.408369034528732300e-01
3.237210214138031006e-01
2.083147615194320679e-01
1.064023524522781372e-01
1.644596457481384277e-01
2.677046358585357666e-01
2.111959904432296753e-01
1.162946596741676331e-01
1.164147183299064636e-01
1.581809073686599731e-01
6.931819766759872437e-02
9.701426327228546143e-02
2.399965524673461914e-01
1.102800369262695312e-01
1.037611961364746094e-01
1.359832435846328735e-01
3.280429244041442871e-01
3.455105125904083252e-01
1.728513091802597046e-01
2.195276319980621338e-01
2.715702950954437256e-01
1.858889907598495483e-01
1.202924028038978577e-01
6.996648013591766357e-02
3.305159807205200195e-01
2.395163327455520630e-01
1.652519851922988892e-01
4.793328344821929932e-01
8.612551540136337280e-02
9.091560542583465576e-02
2.114721387624740601e-01
2.448226511478424072e-01
1.310370862483978271e-01
3.376470804214477539e-01
2.655676901340484619e-01
1.884220838546752930e-01
1.313252151012420654e-01
2.199958413839340210e-01
1.108082681894302368e-01
6.569261848926544189e-02
3.723061978816986084e-01
2.477279156446456909e-01
2.951125800609588623e-01
5.417960509657859802e-02
3.486078679561614990e-01
2.285315543413162231e-01
2.390841543674468994e-01
2.855684161186218262e-01
1.672328561544418335e-01
8.683382719755172729e-02
1.067385002970695496e-01
2.713902294635772705e-01
8.865862339735031128e-02
1.668486893177032471e-01
1.033170148730278015e-01
1.557558625936508179e-01
2.713782489299774170e-01
1.514699906110763550e-01
4.862118139863014221e-02
5.162248760461807251e-02
7.939058542251586914e-02
8.366444706916809082e-02
6.528443843126296997e-02
1.616624295711517334e-01
2.040408849716186523e-01
1.051658168435096741e-01
2.466474622488021851e-01
8.596944808959960938e-02
2.076184600591659546e-01
2.160941362380981445e-01
1.878458261489868164e-01
1.368115991353988647e-01
7.452847063541412354e-02
1.433904618024826050e-01
1.281078159809112549e-01
2.779811024665832520e-01
2.086268961429595947e-01
1.497652381658554077e-01
2.550271153450012207e-01
4.561987146735191345e-02
1.146139279007911682e-01
1.572204977273941040e-01
1.145178899168968201e-01
1.238459497690200806e-01
8.601747453212738037e-02
9.026732295751571655e-02
6.371175497770309448e-02
5.702484399080276489e-02
1.771251559257507324e-01
1.713986694812774658e-01
1.315172910690307617e-01
3.046447038650512695e-01
2.306925058364868164e-01
6.634090095758438110e-02
1.595615148544311523e-01
1.672208458185195923e-01
2.953886687755584717e-01
2.652795612812042236e-01
1.654560863971710205e-01
9.390490502119064331e-02
1.080710813403129578e-01
1.735356003046035767e-01
1.650719046592712402e-01
1.515900343656539917e-01
1.220811828970909119e-01
8.323226124048233032e-02
5.171852931380271912e-02
8.781825751066207886e-02
9.814275801181793213e-02
7.110697776079177856e-02
5.764911323785781860e-02
1.452512741088867188e-01
2.437301725149154663e-01
1.907631009817123413e-01
4.858516529202461243e-02
2.474518120288848877e-01
1.343865394592285156e-01
8.733805269002914429e-02
9.773457795381546021e-02
6.499631702899932861e-02
9.274040162563323975e-02
3.068656623363494873e-01
9.348472207784652710e-02
1.506536304950714111e-01
1.130412444472312927e-01
1.390085667371749878e-01
1.024766489863395691e-01
9.110768884420394897e-02
1.060181856155395508e-01
1.260188966989517212e-01
3.313563764095306396e-01
6.470819562673568726e-02
2.849201261997222900e-01
1.186836957931518555e-01
5.099821835756301880e-02
1.360912770032882690e-01
1.789019405841827393e-01
9.991952776908874512e-02
1.341944634914398193e-01
2.837435901165008545e-01
2.451347857713699341e-01
1.924198269844055176e-01
1.627308875322341919e-01
1.888542622327804565e-01
1.451792567968368530e-01
5.901771411299705505e-02
2.950645387172698975e-01
1.503655165433883667e-01
1.182875260710716248e-01
1.791060268878936768e-01
1.576526761054992676e-01
2.071982622146606445e-01
2.152057439088821411e-01
8.978711813688278198e-02
1.574245840311050415e-01
5.642458423972129822e-02
9.524949640035629272e-02
2.571880519390106201e-01
2.004513293504714966e-01
2.084468156099319458e-01
1.961054354906082153e-01
2.195996493101119995e-01
2.743675410747528076e-01
7.020658254623413086e-02
9.604184329509735107e-02
1.310490816831588745e-01
2.228890955448150635e-01
4.835706576704978943e-02
2.046411484479904175e-01
1.203044056892395020e-01
2.119883596897125244e-01
3.126882016658782959e-01
6.772150844335556030e-02
1.381922066211700439e-01
1.230776235461235046e-01
2.869369983673095703e-01
2.986901402473449707e-01
9.646202623844146729e-02
7.167122513055801392e-02
7.985878735780715942e-02
8.744609355926513672e-02
7.194734364748001099e-02
3.568794727325439453e-01
1.361993402242660522e-01
1.072067022323608398e-01
1.810868829488754272e-01
1.386243999004364014e-01
6.396386772394180298e-02
1.504015177488327026e-01
1.451792567968368530e-01
6.605277955532073975e-02
1.159585118293762207e-01
1.157064065337181091e-01
1.198121905326843262e-01
9.720634669065475464e-02
6.000213697552680969e-02
7.400023192167282104e-02
5.847747251391410828e-02
1.980983018875122070e-01
3.413327038288116455e-01
2.506932020187377930e-01
1.039652973413467407e-01
1.417697519063949585e-01
8.050706982612609863e-02
1.023565903306007385e-01
1.233417317271232605e-01
7.427635788917541504e-02
8.119136840105056763e-02
6.315951794385910034e-02
1.503775119781494141e-01
3.032160997390747070e-01
6.969036161899566650e-02
2.918831706047058105e-01
8.935492485761642456e-02
1.753243803977966309e-01
7.327992469072341919e-02
6.558457016944885254e-02
8.683382719755172729e-02
2.035966962575912476e-01
9.164792299270629883e-02
1.074468046426773071e-01
1.534388512372970581e-01
1.213848814368247986e-01
7.744573801755905151e-02
5.622049048542976379e-02
2.186632603406906128e-01
8.654569834470748901e-02
1.631990969181060791e-01
1.063903495669364929e-01
1.793821454048156738e-01
6.721728295087814331e-02
2.495046854019165039e-01
1.389245241880416870e-01
9.909116476774215698e-02
9.456519782543182373e-02
1.922877728939056396e-01
7.829811424016952515e-02
1.105441600084304810e-01
7.147913426160812378e-02
1.668006628751754761e-01
6.223511323332786560e-02
1.226454302668571472e-01
1.295244246721267700e-01
1.143498197197914124e-01
1.042414084076881409e-01
9.759051352739334106e-02
1.306769251823425293e-01
9.288446605205535889e-02
6.924616545438766479e-02
1.766329407691955566e-01
2.389520853757858276e-01
5.941388010978698730e-02
8.538119494915008545e-02
7.374812662601470947e-02
3.634223341941833496e-01
2.906466424465179443e-01
7.026661187410354614e-02
1.428742408752441406e-01
1.865612715482711792e-01
2.572120428085327148e-01
2.617500424385070801e-01
1.862851530313491821e-01
1.125490292906761169e-01
9.242826700210571289e-02
2.827711999416351318e-01
7.713360339403152466e-02
4.411922022700309753e-02
1.370276957750320435e-01
2.178108990192413330e-01
1.359592378139495850e-01
1.146019250154495239e-01
1.088154092431068420e-01
3.506847620010375977e-01
2.444264888763427734e-01
2.599252164363861084e-01
6.714525073766708374e-02
9.706228226423263550e-02
1.948928982019424438e-01
1.069545894861221313e-01
5.822536349296569824e-02
1.355270445346832275e-01
7.237952947616577148e-02
1.267272084951400757e-01
3.958964645862579346e-01
1.843162924051284790e-01
2.278952896595001221e-01
1.148780509829521179e-01
7.905443757772445679e-02
8.542921394109725952e-02
1.524544209241867065e-01
4.589959681034088135e-01
6.033828482031822205e-02
1.465598493814468384e-01
8.821442723274230957e-02
2.308005392551422119e-01
1.386003792285919189e-01
2.608736455440521240e-01
8.556127548217773438e-02
2.403206825256347656e-01
1.826955974102020264e-01
1.120808273553848267e-01
7.708557695150375366e-02
1.051298007369041443e-01
1.933682411909103394e-01
2.666601836681365967e-01
7.572899013757705688e-02
3.388836085796356201e-01
3.371548652648925781e-01
7.596909254789352417e-02
2.159500867128372192e-01
2.065139561891555786e-01
1.423940360546112061e-01
2.253741770982742310e-01
2.557353973388671875e-01
3.042245507240295410e-01
8.141946792602539062e-02
5.491192266345024109e-02
1.999591141939163208e-01
1.408933848142623901e-01
1.142177581787109375e-01
1.225133687257766724e-01
2.745956182479858398e-01
7.205539196729660034e-02
1.574966162443161011e-01
2.211963683366775513e-01
2.351224273443222046e-01
1.853847652673721313e-01
3.725582957267761230e-01
2.886537611484527588e-01
2.647513449192047119e-01
2.961210012435913086e-01
3.055931329727172852e-01
7.503268867731094360e-02
8.554926514625549316e-02
2.501169741153717041e-01
4.099546074867248535e-01
1.076148748397827148e-01
6.897004693746566772e-02
2.074863910675048828e-01
1.277836710214614868e-01
1.212288141250610352e-01
1.577607244253158569e-01
8.820242434740066528e-02
1.072307154536247253e-01
1.253586113452911377e-01
1.985785067081451416e-01
1.266191601753234863e-01
2.762043178081512451e-01
1.272434443235397339e-01
5.678473785519599915e-02
2.555073201656341553e-01
1.556237936019897461e-01
6.147878244519233704e-02
1.363554000854492188e-01
1.974860280752182007e-01
1.867773681879043579e-01
2.304403781890869141e-01
1.392966955900192261e-01
1.277836710214614868e-01
1.078789979219436646e-01
9.526149928569793701e-02
2.289277315139770508e-01
2.549791038036346436e-01
2.680407762527465820e-01
1.289001554250717163e-01
3.496163189411163330e-01
2.205360680818557739e-01
7.656935602426528931e-02
3.277427852153778076e-01
2.028883993625640869e-01
2.560235261917114258e-01
6.844181567430496216e-02
1.863331645727157593e-01
3.048247992992401123e-01
2.168384641408920288e-01
6.552454084157943726e-02
9.590978175401687622e-02
3.143809735774993896e-01
1.966816782951354980e-01
4.112751483917236328e-01
1.359352171421051025e-01
8.738606423139572144e-02
1.057540699839591980e-01
6.629287451505661011e-02
2.615819573402404785e-01
2.200798839330673218e-01
1.681932657957077026e-01
9.133578836917877197e-02
1.637033075094223022e-01
2.124325484037399292e-01
7.503268867731094360e-02
7.898240536451339722e-02
3.292554318904876709e-01
8.718197792768478394e-02
1.094636842608451843e-01
1.471120864152908325e-01
2.819188237190246582e-01
1.077229306101799011e-01
1.277476549148559570e-01
7.163520902395248413e-02
9.097563475370407104e-02
3.170581161975860596e-02
1.673889160156250000e-01
1.133533865213394165e-01
1.119127497076988220e-01
8.049506694078445435e-02
1.959853768348693848e-01
1.118887439370155334e-01
3.589323461055755615e-01
5.649661645293235779e-02
1.639434248208999634e-01
2.774888873100280762e-01
4.737984240055084229e-01
1.000635847449302673e-01
1.346986740827560425e-01
8.162356168031692505e-02
2.070181816816329956e-01
1.184796094894409180e-01
1.235218048095703125e-01
8.886270970106124878e-02
8.737406134605407715e-02
6.081849336624145508e-02
1.748681813478469849e-01
2.027923315763473511e-01
2.530942559242248535e-01
1.857929378747940063e-01
1.115045771002769470e-01
9.958337992429733276e-02
2.252781391143798828e-01
1.903909444808959961e-01
5.566825345158576965e-02
2.413651496171951294e-01
8.927088975906372070e-02
1.522263139486312866e-01
1.192239448428153992e-01
4.214316010475158691e-01
1.967777311801910400e-01
1.688535660505294800e-01
4.707250744104385376e-02
1.279997676610946655e-01
3.185227811336517334e-01
1.197761818766593933e-01
2.876453101634979248e-01
3.201914727687835693e-01
1.889983266592025757e-01
2.041489332914352417e-01
6.590871512889862061e-02
1.528505831956863403e-01
1.085152775049209595e-01
2.030084431171417236e-01
1.058381125330924988e-01
8.847854286432266235e-02
4.521529674530029297e-01
2.487483471632003784e-01
2.675605714321136475e-01
1.619145423173904419e-01
7.372411340475082397e-02
2.760002389550209045e-02
2.363949865102767944e-01
1.305808871984481812e-01
9.706228226423263550e-02
6.799762696027755737e-02
1.246983185410499573e-01
3.112475872039794922e-01
1.589372456073760986e-01
1.615423709154129028e-01
8.380851149559020996e-02
1.656721681356430054e-01
3.236730098724365234e-01
7.003851234912872314e-02
7.671342045068740845e-02
1.184796094894409180e-01
2.044730633497238159e-01
1.790339946746826172e-01
1.614223271608352661e-01
2.468515485525131226e-01
2.514855563640594482e-01
1.395848095417022705e-01
8.536919206380844116e-02
2.890859544277191162e-01
1.121648699045181274e-01
3.022676706314086914e-01
1.068825647234916687e-01
8.127540349960327148e-02
2.158780395984649658e-01
2.025402337312698364e-01
5.672470852732658386e-02
2.900103330612182617e-01
1.090435013175010681e-01
3.069857358932495117e-01
1.505815982818603516e-01
2.627704739570617676e-01
8.894675225019454956e-02
6.818970292806625366e-02
2.454949468374252319e-01
1.033890396356582642e-01
1.658162325620651245e-01
1.074948310852050781e-01
1.833678930997848511e-01
5.703684687614440918e-02
1.487327963113784790e-01
1.847124695777893066e-01
1.704022288322448730e-01
1.296324729919433594e-01
1.987826079130172729e-01
1.044575124979019165e-01
1.098118424415588379e-01
2.304884046316146851e-01
3.840953111648559570e-01
1.030168756842613220e-01
1.440267413854598999e-01
2.180870026350021362e-01
9.371282905340194702e-02
3.169020414352416992e-01
2.094312459230422974e-01
6.188696250319480896e-02
2.738152742385864258e-01
2.187592983245849609e-01
2.659878730773925781e-01
7.606513798236846924e-02
1.584690362215042114e-01
2.748837471008300781e-01
1.157904416322708130e-01
6.520040333271026611e-02
2.650394737720489502e-01
1.349508017301559448e-01
1.121168360114097595e-01
1.722150295972824097e-01
1.516380608081817627e-01
1.265111118555068970e-01
5.960596725344657898e-02
3.498204052448272705e-01
7.096291333436965942e-02
6.682111322879791260e-02
2.296000272035598755e-01
1.860450506210327148e-01
5.511600896716117859e-02
1.743279546499252319e-01
1.867533624172210693e-01
5.742101743817329407e-02
7.739771902561187744e-02
2.549791038036346436e-01
2.993384003639221191e-01
6.450410187244415283e-02
2.511494159698486328e-01
1.734275519847869873e-01
1.167988777160644531e-01
1.452993005514144897e-01
3.670358955860137939e-01
8.439677208662033081e-02
2.966852486133575439e-01
1.468599885702133179e-01
8.719398826360702515e-02
1.198362037539482117e-01
1.276396065950393677e-01
2.314728349447250366e-01
7.206739485263824463e-02
1.540030837059020996e-01
1.205325126647949219e-01
2.251821011304855347e-01
1.082511544227600098e-01
1.286240369081497192e-01
2.366831153631210327e-01
1.167988777160644531e-01
2.431299239397048950e-01
9.924723953008651733e-02
1.379761099815368652e-01
1.987225711345672607e-01
1.411815136671066284e-01
2.472476959228515625e-01
1.525144428014755249e-01
3.577078282833099365e-01
3.464349210262298584e-01
6.571663171052932739e-02
1.177112832665443420e-01
7.941459864377975464e-02
8.404861390590667725e-02
1.079750433564186096e-01
1.599696874618530273e-01
1.092235818505287170e-01
1.195120587944984436e-01
1.132213249802589417e-01
3.107673823833465576e-01
2.624223232269287109e-01
2.596251070499420166e-01
1.219131126999855042e-01
1.887942403554916382e-01
1.501614153385162354e-01
5.325520038604736328e-02
7.158719003200531006e-02
1.237739250063896179e-01
6.149078533053398132e-02
6.055438145995140076e-02
1.488288342952728271e-01
2.592169344425201416e-01
2.016878575086593628e-01
2.375594824552536011e-01
2.357466965913772583e-01
7.128705829381942749e-02
9.129977226257324219e-02
1.943886727094650269e-01
1.700300723314285278e-01
3.580199778079986572e-01
6.486425548791885376e-02
7.937858253717422485e-02
1.343985497951507568e-01
8.379650115966796875e-02
2.527221143245697021e-01
6.691715121269226074e-02
8.753012865781784058e-02
3.450182974338531494e-01
3.585842251777648926e-01
1.011200547218322754e-01
2.511974275112152100e-01
1.287801116704940796e-01
1.968737691640853882e-01
5.905372649431228638e-02
8.982312679290771484e-02
9.899512678384780884e-02
1.179033666849136353e-01
3.156535327434539795e-01
9.955937415361404419e-02
5.353131890296936035e-02
1.038572415709495544e-01
1.123689562082290649e-01
2.561796009540557861e-01
8.715797215700149536e-02
5.884723663330078125e-01
3.091466724872589111e-01
3.400961756706237793e-01
1.418057829141616821e-01
5.110626295208930969e-02
6.743337959051132202e-02
5.089017376303672791e-02
1.520102173089981079e-01
2.672004103660583496e-01
1.481925696134567261e-01
7.959467172622680664e-02
2.784613072872161865e-01
1.162706539034843445e-01
2.289037257432937622e-01
1.434865146875381470e-01
1.905349940061569214e-01
1.016602888703346252e-01
2.649314105510711670e-01
1.025126576423645020e-01
7.029061764478683472e-02
7.547687739133834839e-02
2.584125697612762451e-01
1.222012266516685486e-01
3.203115463256835938e-01
5.462379381060600281e-02
1.189118027687072754e-01
8.631760627031326294e-02
1.939324885606765747e-01
2.527581155300140381e-01
1.896826326847076416e-01
5.572827532887458801e-02
1.688055396080017090e-01
1.668366789817810059e-01
7.891037315130233765e-02
8.672577887773513794e-02
1.476403176784515381e-01
1.511698514223098755e-01
9.851491451263427734e-02
2.410049885511398315e-01
1.344825923442840576e-01
1.940165162086486816e-01
1.107962653040885925e-01
1.016482859849929810e-01
5.276298522949218750e-02
1.024646386504173279e-01
2.075344175100326538e-01
6.558457016944885254e-02
2.795177698135375977e-01
1.917835474014282227e-01
2.025882452726364136e-01
2.930956780910491943e-01
2.043170034885406494e-01
2.520858049392700195e-01
1.865252554416656494e-01
8.463686704635620117e-02
1.638833880424499512e-01
6.800962984561920166e-02
1.060902103781700134e-01
4.400637149810791016e-01
4.974967241287231445e-02
1.193199753761291504e-01
1.362233459949493408e-01
1.060181856155395508e-01
1.870294660329818726e-01
1.850125938653945923e-01
5.839343741536140442e-02
6.644894927740097046e-02
1.974139958620071411e-01
1.226094141602516174e-01
3.580319583415985107e-01
6.122667342424392700e-02
1.683973520994186401e-01
2.720385193824768066e-01
1.592373698949813843e-01
1.351908892393112183e-01
1.537509858608245850e-01
6.919814646244049072e-02
1.187797412276268005e-01
3.548385798931121826e-01
8.301616460084915161e-02
2.866968810558319092e-01
1.757205575704574585e-01
2.927595376968383789e-01
1.570044010877609253e-01
3.048728108406066895e-01
7.815404981374740601e-02
1.413855999708175659e-01
7.210341095924377441e-02
1.256827563047409058e-01
1.092836037278175354e-01
1.273514777421951294e-01
2.418933659791946411e-01
3.287752270698547363e-01
5.590835213661193848e-02
2.172226160764694214e-01
3.619816899299621582e-01
6.508035212755203247e-02
7.662938535213470459e-02
1.216850057244300842e-01
6.432402133941650391e-02
1.659362912178039551e-01
3.043926060199737549e-01
1.645196676254272461e-01
1.697899699211120605e-01
1.190798804163932800e-01
7.500868290662765503e-02
2.446185648441314697e-01
8.570533245801925659e-02
7.388018816709518433e-02
4.881326481699943542e-02
1.604739129543304443e-01
1.881699711084365845e-01
1.273034662008285522e-01
7.904243469238281250e-02
1.003397107124328613e-01
1.191519051790237427e-01
1.402210891246795654e-01
2.123725265264511108e-01
2.989662587642669678e-01
1.509777754545211792e-01
1.278436928987503052e-01
1.470160484313964844e-01
1.290082037448883057e-01
8.283608406782150269e-02
3.698931634426116943e-01
6.327956169843673706e-02
3.805297613143920898e-01
3.298797309398651123e-01
1.012521013617515564e-01
1.543032228946685791e-01
9.605384618043899536e-02
5.383145436644554138e-02
5.091417953372001648e-02
2.132488936185836792e-01
1.107602491974830627e-01
1.279397457838058472e-01
2.138611525297164917e-01
5.822536349296569824e-02
5.748103931546211243e-02
9.258433431386947632e-02
2.060217410326004028e-01
2.142453193664550781e-01
2.870570421218872070e-01
1.576526761054992676e-01
2.188553363084793091e-01
1.675209850072860718e-01
8.334030956029891968e-02
8.960703760385513306e-02
6.303946673870086670e-02
1.555397510528564453e-01
4.076135754585266113e-01
1.903429180383682251e-01
3.226645886898040771e-01
1.235938444733619690e-01
1.670767813920974731e-01
2.709100246429443359e-01
8.900677412748336792e-02
2.513414919376373291e-01
1.243141517043113708e-01
1.765849292278289795e-01
2.570199668407440186e-01
1.318654417991638184e-01
1.716027557849884033e-01
1.904749721288681030e-01
1.459595859050750732e-01
9.238024801015853882e-02
1.193559914827346802e-01
5.839343741536140442e-02
1.376519650220870972e-01
1.935002952814102173e-01
1.514699906110763550e-01
8.300416171550750732e-02
2.138251513242721558e-01
4.501481056213378906e-01
1.474842429161071777e-01
2.752198874950408936e-01
3.956323564052581787e-01
1.014321967959403992e-01
1.933682411909103394e-01
8.120337128639221191e-02
2.902984619140625000e-01
5.552778840065002441e-01
9.288446605205535889e-02
3.360624015331268311e-01
1.390805840492248535e-01
1.125010177493095398e-01
1.458875536918640137e-01
6.241519004106521606e-02
1.703182011842727661e-01
5.510400608181953430e-02
6.690514832735061646e-02
1.549514979124069214e-01
7.814203947782516479e-02
1.241340786218643188e-01
1.407252997159957886e-01
2.149056196212768555e-01
1.544712930917739868e-01
2.414251863956451416e-01
4.726698994636535645e-01
7.871829718351364136e-02
5.619648098945617676e-02
3.346697986125946045e-01
2.095632851123809814e-01
3.533499240875244141e-01
2.268147915601730347e-01
1.819872707128524780e-01
2.250020354986190796e-01
2.322891950607299805e-01
2.647153139114379883e-01
2.011236250400543213e-01
1.434624940156936646e-01
9.678616374731063843e-02
1.294523924589157104e-01
1.086233183741569519e-01
1.342064589262008667e-01
7.666539400815963745e-02
3.431935012340545654e-01
2.151577323675155640e-01
1.178913637995719910e-01
1.655881255865097046e-01
1.161625981330871582e-01
2.444384843111038208e-01
2.007394582033157349e-01
8.775823563337326050e-02
1.254426538944244385e-01
1.800064295530319214e-01
1.380481421947479248e-01
9.919921308755874634e-02
6.720527261495590210e-02
9.645002335309982300e-02
1.283238977193832397e-01
1.470520645380020142e-01
3.008390367031097412e-01
7.329192757606506348e-02
2.624703347682952881e-01
1.919876337051391602e-01
4.490436017513275146e-01
1.028488054871559143e-01
2.871170938014984131e-01
9.544157236814498901e-02
1.545553356409072876e-01
1.540030837059020996e-01
1.116846576333045959e-01
1.178193241357803345e-01
3.029879927635192871e-01
2.606215178966522217e-01
7.263164222240447998e-02
1.584810465574264526e-01
1.021284982562065125e-01
2.643791735172271729e-01
8.195970952510833740e-02
2.514495551586151123e-01
1.199442520737648010e-01
1.076869145035743713e-01
7.979876548051834106e-02
1.101840063929557800e-01
2.005113363265991211e-01
3.174422681331634521e-01
3.664836585521697998e-01
7.400023192167282104e-02
1.418778151273727417e-01
5.707285925745964050e-02
1.358871906995773315e-01
1.016242727637290955e-01
1.586131006479263306e-01
2.636708617210388184e-01
1.806066781282424927e-01
1.261989772319793701e-01
9.925924241542816162e-02
1.170149818062782288e-01
2.794817388057708740e-01
1.284439563751220703e-01
1.331860274076461792e-01
1.361032873392105103e-01
1.062943115830421448e-01
8.762617409229278564e-02
1.063663363456726074e-01
2.689291536808013916e-01
1.359472274780273438e-01
1.648438125848770142e-01
6.913811713457107544e-02
1.226934418082237244e-01
6.610079854726791382e-02
1.547474116086959839e-01
9.093961864709854126e-02
1.396808475255966187e-01
1.802945435047149658e-01
2.258663922548294067e-01
1.181674748659133911e-01
1.892624497413635254e-01
2.271749824285507202e-01
1.434144824743270874e-01
5.383145436644554138e-02
1.227054521441459656e-01
1.741238534450531006e-01
3.289433121681213379e-01
9.928324818611145020e-02
1.564281433820724487e-01
9.027933329343795776e-02
2.447386085987091064e-01
3.468551039695739746e-01
3.344297111034393311e-01
1.045655533671379089e-01
5.614845827221870422e-02
1.501734107732772827e-01
1.627669185400009155e-01
1.825515329837799072e-01
3.461107909679412842e-01
1.334861516952514648e-01
2.685209810733795166e-01
7.994282245635986328e-02
2.772247493267059326e-01
2.298041135072708130e-01
5.584833025932312012e-02
1.563681215047836304e-01
1.260068863630294800e-01
2.891819775104522705e-01
6.798561662435531616e-02
6.180292367935180664e-02
1.737156808376312256e-01
1.310610920190811157e-01
1.027887836098670959e-01
2.427217215299606323e-01
8.888672292232513428e-02
2.387239933013916016e-01
7.851420342922210693e-02
1.510137766599655151e-01
1.885901540517807007e-01
9.936728328466415405e-02
1.463677734136581421e-01
1.214449033141136169e-01
1.540511101484298706e-01
1.557558625936508179e-01
1.198842301964759827e-01
1.756965368986129761e-01
9.510543197393417358e-02
3.633622825145721436e-01
1.326577961444854736e-01
5.575228855013847351e-02
8.766219019889831543e-02
8.062712848186492920e-02
6.419195979833602905e-02
4.641221836209297180e-02
6.510435789823532104e-02
2.054334878921508789e-01
9.594579786062240601e-02
9.739843010902404785e-02
2.207281589508056641e-01
7.362807542085647583e-02
1.071466803550720215e-01
8.007488399744033813e-02
5.853750184178352356e-02
8.454082906246185303e-02
3.264342248439788818e-01
2.437782138586044312e-01
1.013001352548599243e-01
1.418537944555282593e-01
9.452918171882629395e-02
2.145814746618270874e-01
8.314822614192962646e-02
1.983143985271453857e-01
2.024801969528198242e-01
2.177508622407913208e-01
2.286876291036605835e-01
1.227054521441459656e-01
1.177112832665443420e-01
1.102200150489807129e-01
1.395367830991744995e-01
1.714346855878829956e-01
2.322291582822799683e-01
6.728931516408920288e-02
2.141492813825607300e-01
1.274955421686172485e-01
1.229935809969902039e-01
9.959539026021957397e-02
2.898542582988739014e-01
1.318774521350860596e-01
2.498288452625274658e-01
1.114925742149353027e-01
8.801034092903137207e-02
2.394563257694244385e-01
1.030648946762084961e-01
8.710994571447372437e-02
1.525264531373977661e-01
6.048234924674034119e-02
2.796018123626708984e-01
3.051369190216064453e-01
6.476821750402450562e-02
5.524807050824165344e-02
1.668366789817810059e-01
1.197041496634483337e-01
5.611244589090347290e-02
2.716663479804992676e-01
4.504962563514709473e-01
1.755884885787963867e-01
1.342304795980453491e-01
1.930320858955383301e-01
1.873296052217483521e-01
7.772185653448104858e-02
7.296779006719589233e-02
6.301545351743698120e-02
2.716183364391326904e-01
9.542956948280334473e-02
2.364910095930099487e-01
8.577736467123031616e-02
1.122609004378318787e-01
1.926479190587997437e-01
1.923477947711944580e-01
2.336097806692123413e-01
1.226454302668571472e-01
2.150977104902267456e-01
1.420819014310836792e-01
4.212635383009910583e-02
1.279637515544891357e-01
3.119319081306457520e-01
1.105441600084304810e-01
9.693022817373275757e-02
6.840579956769943237e-02
5.683276057243347168e-02
2.634907662868499756e-01
2.332976311445236206e-01
5.336324498057365417e-02
7.199537009000778198e-02
1.579167991876602173e-01
1.015522405505180359e-01
1.340263932943344116e-01
1.135334596037864685e-01
2.301162481307983398e-01
2.103196233510971069e-01
1.248663887381553650e-01
1.375919431447982788e-01
1.787578761577606201e-01
2.080386132001876831e-01
1.210367307066917419e-01
1.306889355182647705e-01
2.367671579122543335e-01
1.070506349205970764e-01
1.284439563751220703e-01
2.250860482454299927e-01
1.193079724907875061e-01
7.008653134107589722e-02
1.576046645641326904e-01
1.398489326238632202e-01
9.510543197393417358e-02
2.128287106752395630e-01
7.730167359113693237e-02
1.923718005418777466e-01
3.713577687740325928e-01
1.653120219707489014e-01
2.498648464679718018e-01
4.487074911594390869e-01
9.149185568094253540e-02
2.120964080095291138e-01
3.281629681587219238e-01
2.422295063734054565e-01
1.001596376299858093e-01
7.733768969774246216e-02
1.122609004378318787e-01
6.245120987296104431e-02
2.141733020544052124e-01
1.551675945520401001e-01
2.871771156787872314e-01
1.197041496634483337e-01
8.532117307186126709e-02
1.181194558739662170e-01
1.564521640539169312e-01
1.894185245037078857e-01
1.359832435846328735e-01
7.374812662601470947e-02
3.078741133213043213e-01
2.906225919723510742e-01
1.317814141511917114e-01
1.426101177930831909e-01
1.446270048618316650e-01
1.224173307418823242e-01
1.589372456073760986e-01
1.302327364683151245e-01
3.132284581661224365e-01
1.146139279007911682e-01
2.449427098035812378e-01
2.734911441802978516e-01
5.411957576870918274e-02
1.256587356328964233e-01
1.528145670890808105e-01
1.475682854652404785e-01
1.653600335121154785e-01
9.820277988910675049e-02
7.388018816709518433e-02
2.165623456239700317e-01
2.132008820772171021e-01
4.398356080055236816e-01
1.903309077024459839e-01
6.608878821134567261e-02
7.566896080970764160e-02
3.510329425334930420e-01
1.967417001724243164e-01
8.731403201818466187e-02
1.701381206512451172e-01
4.653947353363037109e-01
1.013361439108848572e-01
1.435825526714324951e-01
3.164338469505310059e-01
1.905830353498458862e-01
3.484878242015838623e-01
1.399689763784408569e-01
1.280597895383834839e-01
1.086833477020263672e-01
7.445643842220306396e-02
2.227810472249984741e-01
1.808587908744812012e-01
8.091524988412857056e-02
2.791336178779602051e-01
6.993046402931213379e-02
1.155263334512710571e-01
1.938844621181488037e-01
1.797062903642654419e-01
1.204604730010032654e-01
1.218891069293022156e-01
6.720527261495590210e-02
8.109533041715621948e-02
1.445429772138595581e-01
1.758165955543518066e-01
1.709184497594833374e-01
4.221878945827484131e-01
1.519742012023925781e-01
2.139692157506942749e-01
2.577522695064544678e-01
1.163186654448509216e-01
1.458035111427307129e-01
1.946888118982315063e-01
7.595708966255187988e-02
6.114263460040092468e-02
2.192755192518234253e-01
6.995447725057601929e-02
1.203884482383728027e-01
9.461321681737899780e-02
3.239130973815917969e-01
9.420504420995712280e-02
1.279757469892501831e-01
1.090795174241065979e-01
1.047696396708488464e-01
2.222528308629989624e-01
1.776053756475448608e-01
6.599275022745132446e-02
2.487123459577560425e-01
8.314822614192962646e-02
1.220091506838798523e-01
2.023721784353256226e-01
1.199442520737648010e-01
1.662844419479370117e-01
9.260834753513336182e-02
6.886199861764907837e-02
1.835839748382568359e-01
1.254186481237411499e-01
5.389147624373435974e-02
3.622698187828063965e-01
7.155116647481918335e-02
1.332220286130905151e-01
1.368596255779266357e-01
7.302781194448471069e-02
1.296684890985488892e-01
1.229095458984375000e-01
2.058536857366561890e-01
1.489128768444061279e-01
1.938124299049377441e-01
7.666539400815963745e-02
7.535683363676071167e-02
1.606539934873580933e-01
3.686085641384124756e-01
2.127566784620285034e-01
1.524664163589477539e-01
1.147940084338188171e-01
1.826955974102020264e-01
3.344176709651947021e-01
1.700180619955062866e-01
3.208998143672943115e-01
5.520004779100418091e-02
1.153702661395072937e-01
7.402425259351730347e-02
8.524914085865020752e-02
1.785777956247329712e-01
1.575686484575271606e-01
3.634103238582611084e-01
1.511938720941543579e-01
3.180305659770965576e-01
2.016998827457427979e-01
1.302567571401596069e-01
1.361032873392105103e-01
7.994282245635986328e-02
2.218086272478103638e-01
2.615099251270294189e-01
1.624547690153121948e-01
1.319254785776138306e-01
2.265386879444122314e-01
2.357827275991439819e-01
1.544232815504074097e-01
1.063903495669364929e-01
5.125032737851142883e-02
1.259828805923461914e-01
3.275867104530334473e-01
8.126340061426162720e-02
4.592000320553779602e-02
3.110435009002685547e-01
6.434803456068038940e-02
1.097398027777671814e-01
1.423580199480056763e-01
8.521311730146408081e-02
1.223813220858573914e-01
8.005087822675704956e-02
8.730202913284301758e-02
1.484566777944564819e-01
2.324692755937576294e-01
1.010960340499877930e-01
2.613898813724517822e-01
3.472512662410736084e-01
5.138238146901130676e-02
1.372317820787429810e-01
2.066580355167388916e-01
7.869428396224975586e-02
5.511600896716117859e-02
1.769210696220397949e-01
1.494411081075668335e-01
1.072067022323608398e-01
2.323251962661743164e-01
6.694116443395614624e-02
2.186512500047683716e-01
6.102258712053298950e-02
1.155623421072959900e-01
7.931255102157592773e-01
2.150376886129379272e-01
8.881469070911407471e-02
2.810424380004405975e-02
5.329121276736259460e-02
2.613058388233184814e-01
3.092667460441589355e-01
3.280309140682220459e-01
7.065077871084213257e-02
2.448586672544479370e-01
3.245494067668914795e-01
7.556091994047164917e-02
5.545215681195259094e-02
1.854327768087387085e-01
1.230656132102012634e-01
6.020623072981834412e-02
3.126282095909118652e-01
5.830940231680870056e-02
1.155743524432182312e-01
2.075584232807159424e-01
1.813870221376419067e-01
3.142008781433105469e-01
1.406292617321014404e-01
1.676050275564193726e-01
7.546487450599670410e-02
6.175490096211433411e-02
1.353709697723388672e-01
1.482285708189010620e-01
1.449031233787536621e-01
7.156317681074142456e-02
2.240055799484252930e-01
1.010720282793045044e-01
3.337453901767730713e-01
1.925878971815109253e-01
1.274715363979339600e-01
1.751803159713745117e-01
1.853007227182388306e-01
1.419498324394226074e-01
6.063841655850410461e-02
1.689856201410293579e-01
1.164267212152481079e-01
6.201901659369468689e-02
6.047034263610839844e-02
6.773351132869720459e-02
3.157015442848205566e-01
9.790264815092086792e-02
1.508457064628601074e-01
1.000635847449302673e-01
9.539356082677841187e-02
1.239179894328117371e-01
2.095152586698532104e-01
9.013526886701583862e-02
1.987225711345672607e-01
1.030528917908668518e-01
7.033864408731460571e-02
2.565517723560333252e-01
6.397587060928344727e-02
7.792594283819198608e-02
2.147135287523269653e-01
2.054574936628341675e-01
6.745738536119461060e-02
1.261269450187683105e-01
7.536883652210235596e-02
1.842322647571563721e-01
9.005122631788253784e-02
3.026758432388305664e-01
1.846884638071060181e-01
3.736027479171752930e-01
2.980418503284454346e-01
3.022316694259643555e-01
1.248543858528137207e-01
1.403891593217849731e-01
6.469618529081344604e-02
2.554953098297119141e-01
1.897666752338409424e-01
9.508141875267028809e-02
1.082871705293655396e-01
9.319660067558288574e-02
9.984749555587768555e-02
1.182875260710716248e-01
1.576406806707382202e-01
6.147878244519233704e-02
2.316529005765914917e-01
1.252865791320800781e-01
1.558759063482284546e-01
3.303599059581756592e-01
4.283586144447326660e-01
1.140376850962638855e-01
7.910245656967163086e-02
1.614943593740463257e-01
6.618483364582061768e-02
8.767419308423995972e-02
3.048247992992401123e-01
1.316613554954528809e-01
6.215107440948486328e-02
1.339423507452011108e-01
8.409663289785385132e-02
1.553716808557510376e-01
8.300416171550750732e-02
3.757756948471069336e-01
1.513619422912597656e-01
7.600510865449905396e-02
1.998270601034164429e-01
1.825155168771743774e-01
1.103880926966667175e-01
1.301006823778152466e-01
1.124409809708595276e-01
1.988666355609893799e-01
2.296840697526931763e-01
1.645076721906661987e-01
2.204040139913558960e-01
3.155094385147094727e-01
1.737036705017089844e-01
5.697682127356529236e-02
1.292723268270492554e-01
7.480458915233612061e-02
1.108682975172996521e-01
2.254582196474075317e-01
8.246392756700515747e-02
7.853821665048599243e-02
1.745080202817916870e-01
7.378414273262023926e-02
9.913919121026992798e-02
7.200737297534942627e-02
1.111804395914077759e-01
1.434985250234603882e-01
2.848840951919555664e-01
1.290322095155715942e-01
3.071177899837493896e-01
8.204374462366104126e-02
2.519057393074035645e-01
1.436425745487213135e-01
2.210162878036499023e-01
1.380241364240646362e-01
3.173822760581970215e-01
2.076784670352935791e-01
1.612902730703353882e-01
3.508648574352264404e-01
1.404491811990737915e-01
8.421668410301208496e-02
9.268037974834442139e-02
2.213284224271774292e-01
2.251821011304855347e-01
9.815476089715957642e-02
1.115525960922241211e-01
1.666565984487533569e-01
1.795142143964767456e-01
1.855048090219497681e-01
3.295795619487762451e-01
2.024561911821365356e-01
2.050853520631790161e-01
7.273968309164047241e-02
2.042929977178573608e-01
1.875577121973037720e-01
7.065077871084213257e-02
1.054539456963539124e-01
1.304848492145538330e-01
3.686686158180236816e-01
1.986745446920394897e-01
1.054419279098510742e-01
2.249179929494857788e-01
3.403002619743347168e-01
2.520858049392700195e-01
6.360370665788650513e-02
2.969493567943572998e-01
6.279935687780380249e-02
6.251122802495956421e-02
1.744720190763473511e-01
2.561195790767669678e-01
8.488897979259490967e-02
2.015678137540817261e-01
2.792176306247711182e-01
6.626886874437332153e-02
8.247593045234680176e-02
1.565121859312057495e-01
5.911375209689140320e-02
6.224711611866950989e-02
2.453148663043975830e-01
2.061297893524169922e-01
1.002076491713523865e-01
2.171386033296585083e-01
2.659398615360260010e-01
2.343661040067672729e-01
1.621906608343124390e-01
1.097037941217422485e-01
1.672568619251251221e-01
1.933802366256713867e-01
1.227654814720153809e-01
1.886741966009140015e-01
1.999591141939163208e-01
1.323576569557189941e-01
7.688149064779281616e-02
8.493699878454208374e-02
2.559514939785003662e-01
6.342362612485885620e-02
8.521311730146408081e-02
1.744479984045028687e-01
5.775716528296470642e-02
6.245120987296104431e-02
8.239189535379409790e-02
2.080146074295043945e-01
2.895661294460296631e-01
8.634161204099655151e-02
1.503294855356216431e-01
1.350468248128890991e-01
3.377551436424255371e-01
8.354439586400985718e-02
8.905479311943054199e-02
1.383362710475921631e-01
2.104276716709136963e-01
2.865408360958099365e-01
5.538012459874153137e-02
1.577367186546325684e-01
6.524842232465744019e-02
2.772607803344726562e-01
1.920356601476669312e-01
7.541685551404953003e-02
2.160221189260482788e-01
3.027718961238861084e-01
1.992267817258834839e-01
1.010120064020156860e-01
8.007488399744033813e-02
9.880304336547851562e-02
9.881504625082015991e-02
3.241652250289916992e-01
3.439738452434539795e-01
9.915119409561157227e-02
8.024295419454574585e-02
5.958195403218269348e-02
1.630910485982894897e-01
1.133413836359977722e-01
2.009795457124710083e-01
1.877978146076202393e-01
2.123725265264511108e-01
1.506176143884658813e-01
1.186836957931518555e-01
1.345186084508895874e-01
7.888636738061904907e-02
9.523748606443405151e-02
6.073445826768875122e-02
7.115500420331954956e-02
1.138215810060501099e-01
9.169594943523406982e-02
1.678211092948913574e-01
2.299001514911651611e-01
1.484566777944564819e-01
1.088754311203956604e-01
1.836439967155456543e-01
6.091453507542610168e-02
2.611377537250518799e-01
9.428907930850982666e-02
9.637799113988876343e-02
9.540556371212005615e-02
2.325293123722076416e-01
2.211003154516220093e-01
7.254760712385177612e-02
1.315412968397140503e-01
3.392678201198577881e-01
2.210162878036499023e-01
2.664440572261810303e-01
2.588087320327758789e-01
1.729593425989151001e-01
1.104601174592971802e-01
3.737108111381530762e-01
9.517746418714523315e-02
1.380961537361145020e-01
2.910548150539398193e-01
1.294043660163879395e-01
1.043614670634269714e-01
1.144578605890274048e-01
6.020623072981834412e-02
1.514699906110763550e-01
1.583729833364486694e-01
1.821793764829635620e-01
1.556958258152008057e-01
2.379076480865478516e-01
2.351344376802444458e-01
1.510377973318099976e-01
1.280717998743057251e-01
2.462152540683746338e-01
3.335293233394622803e-01
9.754249453544616699e-02
3.445861041545867920e-01
2.852802872657775879e-01
6.889801472425460815e-02
1.863451749086380005e-01
3.071418106555938721e-01
8.586140722036361694e-02
2.351704388856887817e-01
1.014441996812820435e-01
8.989515900611877441e-02
9.037537127733230591e-02
8.185165375471115112e-02
1.021044850349426270e-01
1.699820607900619507e-01
2.342220395803451538e-01
2.630946338176727295e-01
6.461214274168014526e-02
6.664103269577026367e-02
1.324897259473800659e-01
1.456594616174697876e-01
1.481805592775344849e-01
1.270633637905120850e-01
3.430014252662658691e-01
3.054730594158172607e-01
1.645917147397994995e-01
5.546415969729423523e-02
2.691452503204345703e-01
2.941281497478485107e-01
1.596935689449310303e-01
1.450952142477035522e-01
1.218170672655105591e-01
6.760144978761672974e-02
2.202719449996948242e-01
1.643756031990051270e-01
2.044250518083572388e-01
2.034526318311691284e-01
1.782416552305221558e-01
1.246743127703666687e-01
7.638927549123764038e-02
2.476918995380401611e-01
2.039688676595687866e-01
9.786663204431533813e-02
1.430423110723495483e-01
8.193569630384445190e-02
7.253559678792953491e-02
1.249864473938941956e-01
1.418898105621337891e-01
6.217508390545845032e-02
2.061898261308670044e-01
2.883656322956085205e-01
9.099964052438735962e-02
5.356733873486518860e-02
1.186236739158630371e-01
6.415595114231109619e-02
8.089124411344528198e-02
7.344799488782882690e-02
2.022280991077423096e-01
1.117806956171989441e-01
2.279072850942611694e-01
1.195961013436317444e-01
2.954607009887695312e-01
5.697682127356529236e-02
5.935385823249816895e-02
1.504015177488327026e-01
1.726111918687820435e-01
2.441503554582595825e-01
1.253826171159744263e-01
8.997919410467147827e-02
2.427337467670440674e-01
6.630488485097885132e-02
6.071044877171516418e-02
1.242061033844947815e-01
7.636526972055435181e-02
1.138696074485778809e-01
8.484096080064773560e-02
7.718162238597869873e-02
6.988244503736495972e-02
1.128611713647842407e-01
1.122488975524902344e-01
8.000285178422927856e-02
7.897040247917175293e-02
1.076388955116271973e-01
2.410290092229843140e-01
1.912193000316619873e-01
6.530845165252685547e-02
6.001414731144905090e-02
1.228975430130958557e-01
9.372483193874359131e-02
2.172586470842361450e-01
1.682052761316299438e-01
2.576082348823547363e-01
1.762727946043014526e-01
3.878409564495086670e-01
1.278557032346725464e-01
3.084383904933929443e-01
1.307609677314758301e-01
2.189033478498458862e-01
1.951930373907089233e-01
7.134708017110824585e-02
1.664525121450424194e-01
8.526114374399185181e-02
1.654080599546432495e-01
1.682893186807632446e-01
3.211879432201385498e-01
3.743951022624969482e-01
3.141288459300994873e-01
3.035762608051300049e-01
7.079484313726425171e-02
2.442464083433151245e-01
2.254822254180908203e-01
1.125850453972816467e-01
8.995518833398818970e-02
2.005233615636825562e-01
3.758237063884735107e-01
1.234737858176231384e-01
1.957452744245529175e-01
2.004753351211547852e-01
1.222132444381713867e-01
6.779353320598602295e-02
1.492850333452224731e-01
3.303359150886535645e-01
2.903344929218292236e-01
7.333995401859283447e-02
5.458778142929077148e-02
2.654836475849151611e-01
2.754360139369964600e-01
1.671128123998641968e-01
1.872455775737762451e-01
7.498466223478317261e-02
1.686134636402130127e-01
2.129127532243728638e-01
1.349147707223892212e-01
7.009854167699813843e-02
8.951099961996078491e-02
1.176752597093582153e-01
6.417995691299438477e-02
2.703817784786224365e-01
1.398129165172576904e-01
1.189838275313377380e-01
1.803905814886093140e-01
2.739233374595642090e-01
7.791393995285034180e-02
8.906679600477218628e-02
9.334065765142440796e-02
1.587571650743484497e-01
3.209718167781829834e-01
1.754084080457687378e-01
1.291762739419937134e-01
7.171924412250518799e-02
2.755080163478851318e-01
1.604619026184082031e-01
2.175947874784469604e-01
6.102258712053298950e-02
3.642386943101882935e-02
7.097491621971130371e-02
2.050973474979400635e-01
1.737876981496810913e-01
3.692808747291564941e-02
5.944989994168281555e-02
1.215649619698524475e-01
5.408356338739395142e-02
2.762043178081512451e-01
1.109643355011940002e-01
1.598016172647476196e-01
2.445825636386871338e-01
5.832140520215034485e-02
8.999120444059371948e-02
3.293994963169097900e-01
1.367755830287933350e-01
2.331775724887847900e-01
8.780624717473983765e-02
2.717143893241882324e-01
1.963695436716079712e-01
7.630524039268493652e-02
3.604089915752410889e-01
1.464518010616302490e-01
4.241087436676025391e-01
5.185058712959289551e-02
2.749557793140411377e-01
3.124121129512786865e-01
1.108082681894302368e-01
1.692017167806625366e-01
1.417097300291061401e-01
1.638233661651611328e-01
5.494793877005577087e-02
8.301616460084915161e-02
1.581688970327377319e-01
2.143053561449050903e-01
1.122248917818069458e-01
3.832309544086456299e-01
3.379352092742919922e-01
8.364044129848480225e-02
2.116882055997848511e-01
2.210522890090942383e-01
3.369868099689483643e-01
2.857964932918548584e-01
2.468155175447463989e-01
2.090470641851425171e-01
3.089425861835479736e-01
5.380743741989135742e-02
1.006998643279075623e-01
1.841962486505508423e-01
8.139546215534210205e-02
7.709758728742599487e-02
1.710985302925109863e-01
5.572827532887458801e-02
6.895803660154342651e-02
3.046567142009735107e-01
1.794661730527877808e-01
2.155178785324096680e-01
1.746400892734527588e-01
3.702653050422668457e-01
3.511889874935150146e-01
1.904869824647903442e-01
7.358004897832870483e-02
4.894532263278961182e-02
5.608843639492988586e-02
2.127566784620285034e-01
1.526224911212921143e-01
1.506896466016769409e-01
1.817231625318527222e-01
7.993081957101821899e-02
1.182995364069938660e-01
1.589612513780593872e-01
2.628545165061950684e-01
1.218410730361938477e-01
8.135943859815597534e-02
1.502814739942550659e-01
1.214689165353775024e-01
7.485260814428329468e-02
1.377239972352981567e-01
6.707321852445602417e-02
8.690585941076278687e-02
6.420397013425827026e-02
2.671763896942138672e-01
1.219131126999855042e-01
2.475238293409347534e-01
5.042196437716484070e-02
1.896586269140243530e-01
3.472392559051513672e-01
8.499702811241149902e-02
2.011956423521041870e-01
2.805262207984924316e-01
1.487207859754562378e-01
1.744479984045028687e-01
2.460471838712692261e-01
1.762007623910903931e-01
1.736076325178146362e-01
4.135681688785552979e-01
1.209646984934806824e-01
1.783136725425720215e-01
2.303443402051925659e-01
1.254426538944244385e-01
1.882300078868865967e-01
7.667740434408187866e-02
2.918591499328613281e-01
1.011200547218322754e-01
7.895839959383010864e-02
1.596215367317199707e-01
1.525624692440032959e-01
6.782954931259155273e-02
2.154338657855987549e-01
3.217761814594268799e-01
6.031427532434463501e-02
1.245542690157890320e-01
9.885106235742568970e-02
2.170545607805252075e-01
1.361993402242660522e-01
7.838214933872222900e-02
1.413975954055786133e-01
2.173786908388137817e-01
5.931783840060234070e-02
1.969698071479797363e-01
7.426435500383377075e-02
5.650861933827400208e-02
2.995184659957885742e-01
8.426471054553985596e-02
2.112920582294464111e-01
8.831047266721725464e-02
9.683418273925781250e-02
3.105753064155578613e-01
1.342424750328063965e-01
6.335159391164779663e-02
1.190558671951293945e-01
1.327178180217742920e-01
2.843438684940338135e-01
1.162346377968788147e-01
2.724827229976654053e-01
2.153738290071487427e-01
2.102836221456527710e-01
1.029208302497863770e-01
2.750037908554077148e-01
2.250260412693023682e-01
2.427217215299606323e-01
1.094396710395812988e-01
1.549034863710403442e-01
3.375870883464813232e-01
8.590942621231079102e-02
2.335977554321289062e-01
3.977332711219787598e-01
1.034490689635276794e-01
1.470520645380020142e-01
1.930681169033050537e-01
3.496763408184051514e-01
1.248183771967887878e-01
1.853247284889221191e-01
1.136174947023391724e-01
6.329157203435897827e-02
9.235623478889465332e-02
3.830868899822235107e-01
1.436545848846435547e-01
6.526043266057968140e-02
9.594579786062240601e-02
3.332651853561401367e-01
1.135214567184448242e-01
2.482921630144119263e-01
1.541951745748519897e-01
9.132378548383712769e-02
2.722546160221099854e-01
3.074539601802825928e-01
1.589132398366928101e-01
4.788765907287597656e-01
8.765017986297607422e-02
1.030408889055252075e-01
7.544086873531341553e-02
1.032209619879722595e-01
1.379641145467758179e-01
1.098958775401115417e-01
1.292002797126770020e-01
7.027861475944519043e-02
1.651319414377212524e-01
8.897075802087783813e-02
6.743337959051132202e-02
6.434803456068038940e-02
8.044704049825668335e-02
1.192359477281570435e-01
2.878254055976867676e-01
1.603778600692749023e-01
2.100795358419418335e-01
1.048776879906654358e-01
6.781754642724990845e-02
7.843016833066940308e-02
1.313492208719253540e-01
2.107037752866744995e-01
8.444478362798690796e-02
2.756040692329406738e-01
1.166308075189590454e-01
1.587451547384262085e-01
1.165347695350646973e-01
2.680647969245910645e-01
1.357431262731552124e-01
1.189598217606544495e-01
9.613788127899169922e-02
2.399605363607406616e-01
7.183929532766342163e-02
1.400530189275741577e-01
1.289601773023605347e-01
1.100999638438224792e-01
1.954811662435531616e-01
6.714525073766708374e-02
6.605277955532073975e-02
2.315088510513305664e-01
1.680372059345245361e-01
2.467434853315353394e-01
1.841842383146286011e-01
1.038092300295829773e-01
1.231616511940956116e-01
7.436039298772811890e-02
1.998030394315719604e-01
1.140496879816055298e-01
8.394056558609008789e-02
1.134974509477615356e-01
2.472837269306182861e-01
9.023130685091018677e-02
9.011125564575195312e-02
1.194520369172096252e-01
1.587451547384262085e-01
1.671608239412307739e-01
2.222888320684432983e-01
8.107131719589233398e-02
6.558457016944885254e-02
1.316253393888473511e-01
3.466870486736297607e-01
2.165143340826034546e-01
2.222048044204711914e-01
7.930655032396316528e-02
9.037537127733230591e-02
1.750242561101913452e-01
5.667669326066970825e-02
2.685209810733795166e-01
1.013121381402015686e-01
1.664044857025146484e-01
1.359592378139495850e-01
6.144277006387710571e-02
1.122128888964653015e-01
1.724911481142044067e-01
7.855021953582763672e-02
1.760687083005905151e-01
6.626886874437332153e-02
8.813039213418960571e-02
1.927559822797775269e-01
2.207161486148834229e-01
1.035451069474220276e-01
2.512214481830596924e-01
3.479355871677398682e-01
2.080746442079544067e-01
1.683373302221298218e-01
1.432223916053771973e-01
6.480423361063003540e-02
2.787013947963714600e-01
6.158682703971862793e-02
1.720949709415435791e-01
1.676530390977859497e-01
1.643515974283218384e-01
2.030084431171417236e-01
7.259562611579895020e-02
8.522512763738632202e-02
8.684583753347396851e-02
1.998150497674942017e-01
3.954642713069915771e-01
1.066424623131752014e-01
3.491601049900054932e-01
1.708104163408279419e-01
1.296084672212600708e-01
2.139451950788497925e-01
1.400770246982574463e-01
2.321691364049911499e-01
4.602805152535438538e-02
3.818863630294799805e-02
1.309290379285812378e-01
8.611351251602172852e-02
1.930320858955383301e-01
1.225854083895683289e-01
6.758944690227508545e-02
8.712195605039596558e-02
1.455754190683364868e-01
2.911628484725952148e-01
5.377142503857612610e-02
2.103556394577026367e-01
1.835119426250457764e-01
2.068861275911331177e-01
2.869249880313873291e-01
1.642075330018997192e-01
2.683649063110351562e-01
1.010960340499877930e-01
2.548950612545013428e-01
1.465238332748413086e-01
1.516380608081817627e-01
1.658402532339096069e-01
1.325977742671966553e-01
7.129906117916107178e-02
8.182764798402786255e-02
1.491649746894836426e-01
3.792332112789154053e-01
1.157544255256652832e-01
2.317849695682525635e-01
7.760180532932281494e-02
1.127171069383621216e-01
1.299446076154708862e-01
2.621582150459289551e-01
2.735271453857421875e-01
1.098958775401115417e-01
1.988426297903060913e-01
5.004980787634849548e-02
6.381980329751968384e-02
9.508141875267028809e-02
1.379881203174591064e-01
2.065139561891555786e-01
3.059412837028503418e-01
1.200523003935813904e-01
6.104659661650657654e-02
1.880138963460922241e-01
1.226814389228820801e-01
1.067024841904640198e-01
3.264221847057342529e-01
3.300957977771759033e-01
6.778153032064437866e-02
5.803328379988670349e-02
5.234280228614807129e-02
1.078669950366020203e-01
2.694693803787231445e-01
2.886897623538970947e-01
1.735476106405258179e-01
2.155418843030929565e-01
2.610777318477630615e-01
8.014691621065139771e-02
2.122404575347900391e-01
1.136054918169975281e-01
7.174325734376907349e-02
1.608220636844635010e-01
1.603778600692749023e-01
1.219011098146438599e-01
6.644894927740097046e-02
1.572204977273941040e-01
1.021405011415481567e-01
1.766449511051177979e-01
7.162319868803024292e-02
5.647259950637817383e-02
2.319770604372024536e-01
2.200558632612228394e-01
1.561160087585449219e-01
1.470520645380020142e-01
1.246623024344444275e-01
1.139656454324722290e-01
6.874194741249084473e-02
2.519177496433258057e-01
1.230416074395179749e-01
5.748103931546211243e-02
2.164062708616256714e-01
6.375977396965026855e-02
1.078549847006797791e-01
1.393326967954635620e-01
7.053072750568389893e-02
5.474385246634483337e-02
9.891109168529510498e-02
2.100675106048583984e-01
7.383216172456741333e-02
1.867533624172210693e-01
7.683347165584564209e-02
2.128287106752395630e-01
3.193511366844177246e-01
7.900641858577728271e-02
7.556091994047164917e-02
1.416977345943450928e-01
6.684511899948120117e-02
8.083121478557586670e-02
1.571244448423385620e-01
1.596815586090087891e-01
1.166067942976951599e-01
8.891073614358901978e-02
9.322061389684677124e-02
1.448671072721481323e-01
1.201483383774757385e-01
1.305688768625259399e-01
1.312771886587142944e-01
2.000551521778106689e-01
1.083111912012100220e-01
2.001151889562606812e-01
9.625793248414993286e-02
8.418067544698715210e-02
2.324932813644409180e-01
3.266983330249786377e-01
9.907916188240051270e-02
6.038630753755569458e-02
1.649158447980880737e-01
7.917448878288269043e-02
2.398404926061630249e-01
2.186632603406906128e-01
1.621186286211013794e-01
2.336097806692123413e-01
8.099928498268127441e-02
2.000071257352828979e-01
7.436039298772811890e-02
8.428871631622314453e-02
1.868734210729598999e-01
7.925852388143539429e-02
1.241700872778892517e-01
1.456834673881530762e-01
1.664885282516479492e-01
1.261869668960571289e-01
2.373914271593093872e-01
1.099438890814781189e-01
5.440770462155342102e-02
1.432584077119827271e-01
1.858169436454772949e-01
8.407262712717056274e-02
3.386675566434860229e-02
2.230451554059982300e-01
8.528514951467514038e-02
9.912718087434768677e-02
1.719989329576492310e-01
1.641114950180053711e-01
2.097433805465698242e-01
1.343745440244674683e-01
7.228349149227142334e-02
8.750612288713455200e-02
1.230656132102012634e-01
1.191999316215515137e-01
1.748441755771636963e-01
1.617344468832015991e-01
9.159990400075912476e-02
1.003637239336967468e-01
3.327609598636627197e-01
1.412535309791564941e-01
1.006998643279075623e-01
1.492490172386169434e-01
5.910174921154975891e-02
1.175552159547805786e-01
1.853967756032943726e-01
7.421632856130599976e-02
9.503339976072311401e-02
9.898312389850616455e-02
2.710660994052886963e-01
1.983624100685119629e-01
1.914954185485839844e-01
2.455189526081085205e-01
3.861362338066101074e-01
2.851122021675109863e-01
3.686085641384124756e-01
2.650034427642822266e-01
1.763808429241180420e-01
9.546559303998947144e-02
2.376075088977813721e-01
1.060421988368034363e-01
7.006251811981201172e-02
1.521662920713424683e-01
1.066784784197807312e-01
6.650897115468978882e-02
1.794421672821044922e-01
2.261065095663070679e-01
2.638269364833831787e-01
2.080146074295043945e-01
1.488648504018783569e-01
2.352664917707443237e-01
1.897906810045242310e-01
1.703061908483505249e-01
6.506834924221038818e-02
1.854087710380554199e-01
1.154422909021377563e-01
8.539320528507232666e-02
2.074743807315826416e-01
1.934762895107269287e-01
8.087923377752304077e-02
3.207677304744720459e-01
2.446425706148147583e-01
6.506834924221038818e-02
4.154649674892425537e-01
2.358907759189605713e-01
5.773314833641052246e-02
1.290201991796493530e-01
2.120243608951568604e-01
1.893104761838912964e-01
6.165885925292968750e-02
2.710660994052886963e-01
1.479044407606124878e-01
2.358907759189605713e-01
1.767890155315399170e-01
5.884964019060134888e-02
2.673804759979248047e-01
3.041284978389739990e-01
1.821553558111190796e-01
6.539248675107955933e-02
6.377177685499191284e-02
1.312291622161865234e-01
2.485922873020172119e-01
2.659518420696258545e-01
2.581244409084320068e-01
1.501974314451217651e-01
2.173666954040527344e-01
7.493665069341659546e-02
1.210367307066917419e-01
3.449582755565643311e-01
7.893438637256622314e-02
1.040973439812660217e-01
1.371237486600875854e-01
1.632110923528671265e-01
2.050973474979400635e-01
2.224689275026321411e-01
2.546069324016571045e-01
4.255253970623016357e-01
1.722510308027267456e-01
1.030528917908668518e-01
1.839681416749954224e-01
4.881326481699943542e-02
2.871771156787872314e-01
2.525780200958251953e-01
3.597967326641082764e-01
2.862046658992767334e-01
4.737263545393943787e-02
1.767169833183288574e-01
1.468479782342910767e-01
1.940165162086486816e-01
3.148851692676544189e-01
1.919516175985336304e-01
8.787827938795089722e-02
2.409329712390899658e-01
2.063218802213668823e-01
1.873896420001983643e-01
1.797783225774765015e-01
3.187868893146514893e-01
5.936586484313011169e-02
2.096113264560699463e-01
1.372557878494262695e-01
5.857351422309875488e-02
2.706218957901000977e-01
3.813101053237915039e-01
3.160977065563201904e-01
2.232492417097091675e-01
1.317453831434249878e-01
1.769210696220397949e-01
2.583765685558319092e-01
1.207606121897697449e-01
1.104120984673500061e-01
7.853821665048599243e-02
3.492801785469055176e-01
3.406364023685455322e-01
1.711705774068832397e-01
5.955794453620910645e-02
3.705054223537445068e-01
1.065224036574363708e-01
2.710180580615997314e-01
2.421935051679611206e-01
8.802234381437301636e-02
2.070181816816329956e-01
2.252661287784576416e-01
1.293923705816268921e-01
2.837316095829010010e-01
1.024406328797340393e-01
1.810508817434310913e-01
1.343385279178619385e-01
1.588291972875595093e-01
1.316133439540863037e-01
9.972744435071945190e-02
1.109403297305107117e-01
1.177593022584915161e-01
2.536345124244689941e-01
1.026207134127616882e-01
7.868227362632751465e-02
2.044730633497238159e-01
1.716267764568328857e-01
3.251136243343353271e-01
2.040529102087020874e-01
3.697610795497894287e-01
1.741238534450531006e-01
2.112320214509963989e-01
8.766219019889831543e-02
2.506932020187377930e-01
8.638963103294372559e-02
2.266467362642288208e-01
1.895745843648910522e-01
1.432344019412994385e-01
9.807072579860687256e-02
1.548194438219070435e-01
1.226574331521987915e-01
1.105321571230888367e-01
1.823354214429855347e-01
2.595050632953643799e-01
6.624486297369003296e-02
1.951930373907089233e-01
1.570404022932052612e-01
2.356866598129272461e-01
9.271638840436935425e-02
1.998030394315719604e-01
1.531987488269805908e-01
9.505741298198699951e-02
8.150350302457809448e-02
1.373998522758483887e-01
1.948448866605758667e-01
1.835119426250457764e-01
3.458226621150970459e-01
1.939564943313598633e-01
5.026469826698303223e-01
3.727023601531982422e-01
1.926479190587997437e-01
1.679051369428634644e-01
1.078309789299964905e-01
6.039831042289733887e-02
1.984464526176452637e-01
4.125116765499114990e-01
1.760206818580627441e-01
8.871864527463912964e-02
6.990645825862884521e-02
2.641150653362274170e-01
2.966612279415130615e-01
1.765249073505401611e-01
1.430783271789550781e-01
1.276516169309616089e-01
1.460196226835250854e-01
2.559635043144226074e-01
1.526104807853698730e-01
1.683733463287353516e-01
3.049328327178955078e-01
2.282794564962387085e-01
7.440841197967529297e-02
1.052258387207984924e-01
8.127540349960327148e-02
5.779317766427993774e-02
2.760362327098846436e-01
1.427061706781387329e-01
1.842682808637619019e-01
1.876777559518814087e-01
1.084912642836570740e-01
1.566682457923889160e-01
1.095837354660034180e-01
1.668847054243087769e-01
5.989409238100051880e-02
1.571844667196273804e-01
1.706903576850891113e-01
1.803425699472427368e-01
1.368236094713211060e-01
2.085308283567428589e-01
1.031129285693168640e-01
1.598616391420364380e-01
6.261928379535675049e-02
8.624557405710220337e-02
1.732234656810760498e-01
1.310010701417922974e-01
1.202203780412673950e-01
5.380864143371582031e-01
6.710923463106155396e-02
7.344799488782882690e-02
1.889983266592025757e-01
2.124925702810287476e-01
2.782091796398162842e-01
5.892166495323181152e-02
4.599203541874885559e-02
1.204724833369255066e-01
6.409592181444168091e-02
1.097878217697143555e-01
1.850846260786056519e-01
1.625508069992065430e-01
1.983504146337509155e-01
1.133173629641532898e-01
1.426101177930831909e-01
9.045940637588500977e-02
1.900067776441574097e-01
1.242541298270225525e-01
5.229477956891059875e-02
1.645316779613494873e-01
2.069461643695831299e-01
6.954629719257354736e-02
1.121168360114097595e-01
1.990467160940170288e-01
1.796222478151321411e-01
1.154782995581626892e-01
9.687020629644393921e-02
2.814025878906250000e-01
2.431659251451492310e-01
1.884821057319641113e-01
1.017683371901512146e-01
2.935639023780822754e-01
7.505669444799423218e-02
8.319624513387680054e-02
9.153988212347030640e-02
6.073445826768875122e-02
1.622987091541290283e-01
2.417973279953002930e-01
1.731394380331039429e-01
5.331522971391677856e-02
6.728931516408920288e-02
1.806907206773757935e-01
2.769006192684173584e-01
1.616864353418350220e-01
2.161061614751815796e-01
2.392041981220245361e-01
1.399089545011520386e-01
2.077985256910324097e-01
1.027767807245254517e-01
7.584904879331588745e-02
1.197521686553955078e-01
1.182155013084411621e-01
6.553655117750167847e-02
3.810699880123138428e-01
2.422175258398056030e-01
6.946226209402084351e-02
4.600403830409049988e-02
1.520582437515258789e-01
1.484446674585342407e-01
1.119607686996459961e-01
2.192875444889068604e-01
1.037011742591857910e-01
1.559959501028060913e-01
9.428907930850982666e-02
1.360552757978439331e-01
1.360792815685272217e-01
2.410530149936676025e-01
2.829392850399017334e-01
1.078069731593132019e-01
2.085308283567428589e-01
2.072702944278717041e-01
2.285315543413162231e-01
2.296960651874542236e-01
6.463616341352462769e-02
9.840687364339828491e-02
2.985340654850006104e-01
2.594690322875976562e-01
8.174361288547515869e-02
2.700576484203338623e-01
1.343865394592285156e-01
2.023961842060089111e-01
1.763688325881958008e-01
2.655797004699707031e-01
1.541231423616409302e-01
7.107096165418624878e-02
1.135214567184448242e-01
2.232492417097091675e-01
8.826245367527008057e-02
1.306649297475814819e-01
1.051418110728263855e-01
6.390383839607238770e-02
1.528625935316085815e-01
7.637727260589599609e-02
6.662902235984802246e-02
6.460013985633850098e-02
2.227810472249984741e-01
1.466318815946578979e-01
1.955291777849197388e-01
1.043614670634269714e-01
5.227077007293701172e-02
3.246454298496246338e-01
2.262025326490402222e-01
2.404647618532180786e-01
1.142897829413414001e-01
6.997848302125930786e-02
1.349868029356002808e-01
5.563223361968994141e-02
1.577126979827880859e-01
2.738032937049865723e-01
2.685089707374572754e-01
1.176752597093582153e-01
4.594401642680168152e-02
1.927559822797775269e-01
7.686948776245117188e-02
1.940645426511764526e-01
8.097527921199798584e-02
9.179198741912841797e-02
1.111324056982994080e-01
9.839486330747604370e-02
4.131359755992889404e-01
1.792380809783935547e-01
1.999951303005218506e-01
2.320490926504135132e-01
1.673048883676528931e-01
9.947533905506134033e-02
3.142729103565216064e-01
2.010635882616043091e-01
3.429774045944213867e-01
1.959013342857360840e-01
6.750541180372238159e-02
6.097456440329551697e-02
3.153773844242095947e-01
1.238339468836784363e-01
1.988786309957504272e-01
1.062582880258560181e-01
7.285974174737930298e-02
1.860090345144271851e-01
1.216609999537467957e-01
2.370912879705429077e-01
7.782990485429763794e-02
1.567642986774444580e-01
7.692950963973999023e-02
1.205445155501365662e-01
1.850726306438446045e-01
3.187988698482513428e-01
1.915194243192672729e-01
2.982819378376007080e-01
1.367996037006378174e-01
1.518061310052871704e-01
2.386519759893417358e-01
1.702461689710617065e-01
1.135334596037864685e-01
1.723110675811767578e-01
1.707383841276168823e-01
1.231136322021484375e-01
5.132235959172248840e-02
1.589852571487426758e-01
1.094396710395812988e-01
1.501374095678329468e-01
6.617283076047897339e-02
1.945567578077316284e-01
1.527185291051864624e-01
2.414371818304061890e-01
2.126846611499786377e-01
1.364634484052658081e-01
3.878769576549530029e-01
2.284355163574218750e-01
1.573645472526550293e-01
1.435825526714324951e-01
1.461036503314971924e-01
2.223248481750488281e-01
1.412535309791564941e-01
7.578901946544647217e-02
4.803292453289031982e-02
7.888636738061904907e-02
9.336467832326889038e-02
3.407444655895233154e-01
1.655641198158264160e-01
2.458550930023193359e-01
1.347106844186782837e-01
8.906679600477218628e-02
8.199571818113327026e-02
1.016242727637290955e-01
8.463686704635620117e-02
1.378920674324035645e-01
1.686974912881851196e-01
2.258543968200683594e-01
4.585757851600646973e-01
2.263946384191513062e-01
2.230571806430816650e-01
9.535753726959228516e-02
1.363794058561325073e-01
6.832176446914672852e-02
2.514975666999816895e-01
1.691536903381347656e-01
2.962530553340911865e-01
2.654596269130706787e-01
7.761381566524505615e-02
6.662902235984802246e-02
1.756845414638519287e-01
2.196236848831176758e-01
7.954665273427963257e-02
6.515238434076309204e-02
1.524063944816589355e-01
1.728392988443374634e-01
1.029448509216308594e-01
2.211003154516220093e-01
2.940680980682373047e-01
7.217544317245483398e-02
3.024117648601531982e-01
1.998510658740997314e-01
1.791660636663436890e-01
7.731368392705917358e-02
2.004393190145492554e-01
1.863451749086380005e-01
1.768850535154342651e-01
1.507016569375991821e-01
2.975856363773345947e-01
1.080830842256546021e-01
3.169741034507751465e-01
1.494651138782501221e-01
5.604041367769241333e-02
1.721790134906768799e-01
1.427661925554275513e-01
1.828996837139129639e-01
3.267703652381896973e-01
2.190234214067459106e-01
2.483401745557785034e-01
1.919276118278503418e-01
2.687850892543792725e-01
1.322015970945358276e-01
2.534303963184356689e-01
1.711345613002777100e-01
9.610186517238616943e-02
1.774733066558837891e-01
8.338832855224609375e-02
1.424300521612167358e-01
1.310971230268478394e-01
7.266765832901000977e-02
2.562276124954223633e-01
2.862286865711212158e-01
9.283643960952758789e-02
1.781576126813888550e-01
6.550053507089614868e-02
1.670407652854919434e-01
4.148887097835540771e-01
5.913776755332946777e-01
2.268147915601730347e-01
1.210487410426139832e-01
4.264377653598785400e-01
2.623862922191619873e-01
2.092151492834091187e-01
1.800784468650817871e-01
2.073543369770050049e-01
6.927017867565155029e-02
1.799343824386596680e-01
1.915194243192672729e-01
3.692208528518676758e-01
3.508888483047485352e-01
1.360912770032882690e-01
1.293923705816268921e-01
1.832958459854125977e-01
3.367707133293151855e-01
1.308690160512924194e-01
9.312456846237182617e-02
1.225253716111183167e-01
3.106953501701354980e-01
1.558999270200729370e-01
3.220643103122711182e-01
1.943646669387817383e-01
3.003228306770324707e-01
1.079630255699157715e-01
3.158816099166870117e-01
7.596909254789352417e-02
1.081070899963378906e-01
2.735631763935089111e-01
2.183751314878463745e-01
7.636526972055435181e-02
1.039893031120300293e-01
2.487483471632003784e-01
1.636072844266891479e-01
2.121924459934234619e-01
1.578327566385269165e-01
1.680612117052078247e-01
1.304488331079483032e-01
9.164792299270629883e-02
2.757841348648071289e-01
3.616335391998291016e-01
1.862131208181381226e-01
2.734431326389312744e-01
1.168829202651977539e-01
1.944487094879150391e-01
1.607740372419357300e-01
1.553236693143844604e-01
2.363109439611434937e-01
6.195899471640586853e-02
2.892540097236633301e-01
1.032329723238945007e-01
2.384718954563140869e-01
9.805872291326522827e-02
1.185636520385742188e-01
2.102475911378860474e-01
2.643671929836273193e-01
7.736170291900634766e-02
2.945243120193481445e-01
8.086722344160079956e-02
2.133809626102447510e-01
1.572565138339996338e-01
8.636562526226043701e-02
9.784262627363204956e-02
5.943789705634117126e-02
6.516438722610473633e-02
1.993588507175445557e-01
1.227774843573570251e-01
7.449244707822799683e-02
8.538119494915008545e-02
2.852562665939331055e-01
8.879067748785018921e-02
2.273670434951782227e-01
2.022761106491088867e-01
2.052894383668899536e-01
9.811874479055404663e-02
1.543632447719573975e-01
1.589972674846649170e-01
9.322061389684677124e-02
3.019795417785644531e-01
2.747276723384857178e-01
2.268748283386230469e-01
2.418813705444335938e-01
9.538155049085617065e-02
1.285159885883331299e-01
7.682146877050399780e-02
2.100555002689361572e-01
1.299806237220764160e-01
6.397587060928344727e-02
1.138816103339195251e-01
8.157553523778915405e-02
7.039866596460342407e-02
7.638927549123764038e-02
7.715760916471481323e-02
1.922157257795333862e-01
3.553428053855895996e-01
7.350802421569824219e-02
6.704921275377273560e-02
1.872935891151428223e-01
1.362353414297103882e-01
6.204302981495857239e-02
2.107998430728912354e-01
3.305880129337310791e-01
2.873691916465759277e-01
1.493930816650390625e-01
1.739077568054199219e-01
7.019457966089248657e-02
2.186752557754516602e-01
7.946261763572692871e-02
1.251064985990524292e-01
9.113170206546783447e-02
1.956012099981307983e-01
1.191639080643653870e-01
3.717899620532989502e-01
1.924918591976165771e-01
2.743795216083526611e-01
2.807182967662811279e-01
1.418177932500839233e-01
1.756245046854019165e-01
6.736134737730026245e-02
1.755284667015075684e-01
5.977404117584228516e-02
6.880196928977966309e-02
5.658065155148506165e-02
8.666575700044631958e-02
1.694898456335067749e-01
9.563366323709487915e-02
3.123520612716674805e-01
1.037251874804496765e-01
1.709784865379333496e-01
2.667802274227142334e-01
1.506776362657546997e-01
5.281100794672966003e-02
1.821673512458801270e-01
1.203164085745811462e-01
6.425198912620544434e-02
1.591533273458480835e-01
2.908987402915954590e-01
1.719148904085159302e-01
9.104766696691513062e-02
3.895937204360961914e-01
2.099234610795974731e-01
3.114756941795349121e-01
9.080755710601806641e-02
1.232216879725456238e-01
1.687575131654739380e-01
4.969204962253570557e-01
1.494771093130111694e-01
1.518301367759704590e-01
2.887978255748748779e-01
1.258508265018463135e-01
2.525059878826141357e-01
3.871806561946868896e-01
1.234137639403343201e-01
3.310322165489196777e-01
1.043614670634269714e-01
2.409209460020065308e-01
1.652039736509323120e-01
9.784262627363204956e-02
6.146677955985069275e-02
1.380841583013534546e-01
3.865563869476318359e-01
2.256022691726684570e-01
2.379796802997589111e-01
4.765475690364837646e-01
5.634054541587829590e-02
1.509897708892822266e-01
9.205610305070877075e-02
2.612818181514739990e-01
1.562960892915725708e-01
1.404491811990737915e-01
1.856848895549774170e-01
1.745920628309249878e-01
1.341104358434677124e-01
1.336662322282791138e-01
1.398009061813354492e-01
1.196561232209205627e-01
4.801131784915924072e-01
1.207966208457946777e-01
1.654080599546432495e-01
1.245182380080223083e-01
8.407262712717056274e-02
1.756605356931686401e-01
1.240260228514671326e-01
6.218708679080009460e-02
1.671968400478363037e-01
2.508972883224487305e-01
5.895768478512763977e-02
1.271834075450897217e-01
7.853821665048599243e-02
1.054779514670372009e-01
3.220522999763488770e-01
1.130532547831535339e-01
8.594544231891632080e-02
1.263550370931625366e-01
4.745907485485076904e-01
4.463904500007629395e-01
2.522659003734588623e-01
1.254426538944244385e-01
1.508337110280990601e-01
1.610261499881744385e-01
6.869392842054367065e-02
3.994140028953552246e-01
5.629252269864082336e-02
6.981041282415390015e-02
2.250380367040634155e-01
1.584450304508209229e-01
1.326697915792465210e-01
2.437661886215209961e-01
6.780554354190826416e-02
2.243057042360305786e-01
5.626851320266723633e-02
6.055438145995140076e-02
1.028728112578392029e-01
1.372797936201095581e-01
4.700407683849334717e-01
1.407133042812347412e-01
1.902108639478683472e-01
1.224053278565406799e-01
8.772221207618713379e-02
2.040168792009353638e-01
2.925794720649719238e-01
2.841638028621673584e-01
1.414816379547119141e-01
1.973179578781127930e-01
3.907702490687370300e-02
2.374874651432037354e-01
2.870210409164428711e-01
2.554713189601898193e-01
1.424180418252944946e-01
2.443184405565261841e-01
8.913882821798324585e-02
2.667802274227142334e-01
9.466123580932617188e-02
7.311185449361801147e-02
6.503232568502426147e-02
8.526114374399185181e-02
1.270993798971176147e-01
3.791131675243377686e-01
2.295159846544265747e-01
2.637549042701721191e-01
1.236658692359924316e-01
1.489728987216949463e-01
2.659878730773925781e-01
1.400410085916519165e-01
2.468275278806686401e-01
2.256983369588851929e-01
9.413301199674606323e-02
8.033899962902069092e-02
1.380721479654312134e-01
2.617380321025848389e-01
1.806907206773757935e-01
1.498733013868331909e-01
3.814061582088470459e-01
1.434144824743270874e-01
1.472201347351074219e-01
1.444229185581207275e-01
2.037767618894577026e-01
3.182586431503295898e-01
1.491049528121948242e-01
8.679781109094619751e-02
2.379916757345199585e-01
7.767383754253387451e-02
1.591293215751647949e-01
1.525984853506088257e-01
4.023792743682861328e-01
2.297801077365875244e-01
1.590452790260314941e-01
1.441708058118820190e-01
1.167508587241172791e-01
2.297680824995040894e-01
4.024393260478973389e-01
1.281558275222778320e-01
2.016758471727371216e-01
7.368810474872589111e-02
1.018643751740455627e-01
7.105895131826400757e-02
1.563681215047836304e-01
2.271029204130172729e-01
1.722870469093322754e-01
8.844252675771713257e-02
2.615099251270294189e-01
2.887857854366302490e-01
1.322496086359024048e-01
1.314092427492141724e-01
1.105561628937721252e-01
1.237139031291007996e-01
2.160340994596481323e-01
1.931641548871994019e-01
4.655628278851509094e-02
1.425741165876388550e-01
6.198300048708915710e-02
1.959133595228195190e-01
1.556958258152008057e-01
2.278832644224166870e-01
2.034166157245635986e-01
6.332758814096450806e-02
1.875457018613815308e-01
6.086651608347892761e-02
1.026087030768394470e-01
9.372483193874359131e-02
2.530702352523803711e-01
1.578087508678436279e-01
8.797432482242584229e-02
8.243991434574127197e-02
7.255961000919342041e-02
1.321895867586135864e-01
1.235338076949119568e-01
1.140616908669471741e-01
1.228855401277542114e-01
1.745920628309249878e-01
2.542347609996795654e-01
2.043530195951461792e-01
9.826280921697616577e-02
1.834639161825180054e-01
5.468382313847541809e-02
2.185432016849517822e-01
1.199322491884231567e-01
1.432223916053771973e-01
9.683418273925781250e-02
1.240380331873893738e-01
1.064743921160697937e-01
8.438476175069808960e-02
3.471912443637847900e-02
4.881326481699943542e-02
2.026002705097198486e-01
1.994428932666778564e-01
1.276396065950393677e-01
1.087793856859207153e-01
1.379400938749313354e-01
1.565001755952835083e-01
8.047106117010116577e-02
8.924688398838043213e-02
2.108118385076522827e-01
4.835706576704978943e-02
3.161217272281646729e-01
7.242755591869354248e-02
2.885697185993194580e-01
3.218842446804046631e-01
7.602912187576293945e-02
5.710887908935546875e-02
7.933055609464645386e-02
6.530845165252685547e-02
1.024286150932312012e-01
2.314968407154083252e-01
1.854447871446609497e-01
1.001836434006690979e-01
1.272674500942230225e-01
2.174507379531860352e-01
1.152262017130851746e-01
1.029808670282363892e-01
2.486403286457061768e-01
7.562094181776046753e-02
1.532107442617416382e-01
1.470280587673187256e-01
8.450481295585632324e-02
2.046771496534347534e-01
2.332976311445236206e-01
1.475922912359237671e-01
2.192755192518234253e-01
2.622662484645843506e-01
1.280117630958557129e-01
1.320575326681137085e-01
1.611101925373077393e-01
2.043530195951461792e-01
1.338463127613067627e-01
1.641955226659774780e-01
2.509092986583709717e-01
1.505335867404937744e-01
8.421668410301208496e-02
1.067264899611473083e-01
8.587341010570526123e-02
5.294306203722953796e-02
7.853821665048599243e-02
1.735476106405258179e-01
5.707285925745964050e-02
1.109523326158523560e-01
1.832718402147293091e-01
5.089257359504699707e-01
3.307200670242309570e-01
2.178709059953689575e-01
1.125130206346511841e-01
1.981103122234344482e-01
1.738357394933700562e-01
9.232021868228912354e-02
1.155023127794265747e-01
1.882300078868865967e-01
1.627909243106842041e-01
1.747961491346359253e-01
1.345065981149673462e-01
8.748210966587066650e-02
5.247486382722854614e-02
2.117242366075515747e-01
1.813149899244308472e-01
9.733840078115463257e-02
7.726565748453140259e-02
2.316889315843582153e-01
1.016122698783874512e-01
2.191434651613235474e-01
2.422415316104888916e-01
2.392522394657135010e-01
1.137135401368141174e-01
9.628194570541381836e-02
1.007478833198547363e-01
2.772727906703948975e-01
2.153377979993820190e-01
9.199607372283935547e-02
1.113725230097770691e-01
1.565602123737335205e-01
1.355150341987609863e-01
2.729869186878204346e-01
2.010275870561599731e-01
3.091466724872589111e-01
2.084708213806152344e-01
1.874256581068038940e-01
1.291642636060714722e-01
2.652075290679931641e-01
1.363073885440826416e-01
9.006323665380477905e-02
6.522441655397415161e-02
2.152897864580154419e-01
1.324056833982467651e-01
1.123089194297790527e-01
2.615459561347961426e-01
2.468275278806686401e-01
1.225013658404350281e-01
2.128767222166061401e-01
2.584606111049652100e-01
7.832212001085281372e-02
3.413567245006561279e-01
1.504495441913604736e-01
9.415701776742935181e-02
7.341197878122329712e-02
9.494936466217041016e-02
1.069545894861221313e-01
2.573440968990325928e-01
2.192154973745346069e-01
2.900583446025848389e-01
1.980983018875122070e-01
8.282408118247985840e-02
3.682003915309906006e-01
2.512814700603485107e-01
1.617824882268905640e-01
2.132128775119781494e-01
1.279037296772003174e-01
3.824386000633239746e-01
6.117865070700645447e-02
1.304968446493148804e-01
9.168394654989242554e-02
3.571435809135437012e-01
5.969000607728958130e-02
1.242301240563392639e-01
5.381944775581359863e-02
9.296850115060806274e-02
5.427564308047294617e-02
2.687370777130126953e-01
1.829717010259628296e-01
2.332256138324737549e-01
4.321282505989074707e-01
8.822643011808395386e-02
2.427577525377273560e-01
1.216489896178245544e-01
1.545313149690628052e-01
7.732568681240081787e-02
5.648460611701011658e-02
2.310886681079864502e-01
2.185792177915573120e-01
1.304608434438705444e-01
9.361678361892700195e-02
1.237018853425979614e-01
1.242781430482864380e-01
1.553716808557510376e-01
2.927955389022827148e-01
6.939022988080978394e-02
2.158060073852539062e-01
1.171110197901725769e-01
6.702519953250885010e-02
7.904243469238281250e-02
1.356110870838165283e-01
2.307645380496978760e-01
2.508853077888488770e-01
8.341234177350997925e-02
1.256827563047409058e-01
7.788993418216705322e-02
1.032809987664222717e-01
1.086473390460014343e-01
7.774586975574493408e-02
9.295649826526641846e-02
1.007478833198547363e-01
8.287210017442703247e-02
4.328485429286956787e-01
2.498288452625274658e-01
7.343599200248718262e-02
1.259708851575851440e-01
2.138851732015609741e-01
8.911482244729995728e-02
1.117806956171989441e-01
2.642831504344940186e-01
1.984704583883285522e-01
2.215204983949661255e-01
3.047767579555511475e-01
2.022521048784255981e-01
1.297045052051544189e-01
2.191074341535568237e-01
1.349988132715225220e-01
8.576536178588867188e-02
3.416328132152557373e-01
2.667202055454254150e-01
1.386964172124862671e-01
6.381980329751968384e-02
1.980983018875122070e-01
1.015282273292541504e-01
9.312456846237182617e-02
1.609661281108856201e-01
7.384417206048965454e-02
1.531026959419250488e-01
8.580137789249420166e-02
2.499969005584716797e-01
2.649194002151489258e-01
5.385546013712882996e-02
1.226334199309349060e-01
8.798632770776748657e-02
1.888062506914138794e-01
6.746939569711685181e-02
8.898276090621948242e-02
2.005473673343658447e-01
7.379614561796188354e-02
3.158215880393981934e-01
7.900641858577728271e-02
1.232576966285705566e-01
4.447697699069976807e-01
1.323576569557189941e-01
2.426016777753829956e-01
2.894340753555297852e-01
8.522512763738632202e-02
3.672280013561248779e-01
1.968617588281631470e-01
1.871615350246429443e-01
1.335821896791458130e-01
3.458586633205413818e-01
1.126930937170982361e-01
2.014477550983428955e-01
2.137411087751388550e-01
1.287080645561218262e-01
3.424011468887329102e-01
9.018328785896301270e-02
1.835479587316513062e-01
8.510507643222808838e-02
1.004117354750633240e-01
1.073147580027580261e-01
1.161866188049316406e-01
1.061622500419616699e-01
3.026518523693084717e-01
1.527425497770309448e-01
9.380886703729629517e-02
6.007416918873786926e-02
5.940187722444534302e-02
1.128611713647842407e-01
2.188673466444015503e-01
2.100915163755416870e-01
2.155299037694931030e-01
1.126690879464149475e-01
8.229585736989974976e-02
1.937764137983322144e-01
6.277534365653991699e-02
1.100999638438224792e-01
5.850148200988769531e-02
1.937043815851211548e-01
2.159500867128372192e-01
2.706699073314666748e-01
4.631977975368499756e-01
1.494290977716445923e-01
1.024286150932312012e-01
9.553762525320053101e-02
2.883056104183197021e-01
2.394323199987411499e-01
1.065584197640419006e-01
1.337742805480957031e-01
5.689278244972229004e-02
3.653551638126373291e-01
1.027647629380226135e-01
1.469560116529464722e-01
6.186295300722122192e-02
1.344945877790451050e-01
1.028488054871559143e-01
8.786627650260925293e-02
1.474962532520294189e-01
1.571604609489440918e-01
1.017083078622817993e-01
2.113640755414962769e-01
6.237917765974998474e-02
1.287440955638885498e-01
2.168864756822586060e-01
6.375977396965026855e-02
1.816391199827194214e-01
1.285279840230941772e-01
1.472921669483184814e-01
9.747046232223510742e-02
6.695316731929779053e-02
1.258868426084518433e-01
1.285279840230941772e-01
3.263981938362121582e-01
1.108803078532218933e-01
3.066135644912719727e-01
1.346506625413894653e-01
1.865012496709823608e-01
1.182034984230995178e-01
2.098274081945419312e-01
5.532009527087211609e-02
2.459271401166915894e-01
2.992063462734222412e-01
1.359232068061828613e-01
1.104000955820083618e-01
1.261509507894515991e-01
1.358271688222885132e-01
1.874616593122482300e-01
3.992219269275665283e-01
1.964295804500579834e-01
1.557558625936508179e-01
9.116771072149276733e-02
9.637799113988876343e-02
8.546523004770278931e-02
3.899538815021514893e-01
1.269192993640899658e-01
8.982312679290771484e-02
1.242541298270225525e-01
8.917485177516937256e-02
2.238375246524810791e-01
1.058381125330924988e-01
8.146749436855316162e-02
1.548434495925903320e-01
1.946167796850204468e-01
4.112991690635681152e-02
1.467279195785522461e-01
1.384082883596420288e-01
1.171470284461975098e-01
2.342220395803451538e-01
1.992748230695724487e-01
2.488804161548614502e-01
3.824265897274017334e-01
8.762617409229278564e-02
7.510472089052200317e-02
2.345821857452392578e-01
2.349183410406112671e-01
2.590008378028869629e-01
1.524784266948699951e-01
2.479079961776733398e-01
9.384488314390182495e-02
2.586406767368316650e-01
2.010035514831542969e-01
1.080350652337074280e-01
3.804937601089477539e-01
8.272804319858551025e-02
3.166979551315307617e-01
2.143053561449050903e-01
2.082667350769042969e-01
8.115535229444503784e-02
1.101119667291641235e-01
8.709794282913208008e-02
1.610861867666244507e-01
1.469440162181854248e-01
8.547724038362503052e-02
5.756507441401481628e-02
8.044704049825668335e-02
3.303719460964202881e-01
1.284559667110443115e-01
3.457386195659637451e-01
1.865972876548767090e-01
5.538012459874153137e-02
1.082631573081016541e-01
1.591653376817703247e-01
1.030048727989196777e-01
9.445714950561523438e-02
2.161181420087814331e-01
2.039808481931686401e-01
1.737276762723922729e-01
1.357551366090774536e-01
1.675930023193359375e-01
6.456413120031356812e-02
1.475682854652404785e-01
1.801985055208206177e-01
5.715689808130264282e-02
3.298196792602539062e-01
2.344141304492950439e-01
7.063876837491989136e-02
8.115535229444503784e-02
1.344705820083618164e-01
2.367791384458541870e-01
8.449281007051467896e-02
4.664031788706779480e-02
2.041609287261962891e-01
1.505575925111770630e-01
1.482045650482177734e-01
2.074743807315826416e-01
1.656601727008819580e-01
8.857458084821701050e-02
1.386243999004364014e-01
9.467323869466781616e-02
5.641257762908935547e-02
7.036264985799789429e-02
1.153822690248489380e-01
1.530786901712417603e-01
7.617317885160446167e-02
1.379881203174591064e-01
2.168864756822586060e-01
3.140568137168884277e-01
1.858649700880050659e-01
1.354069858789443970e-01
7.761381566524505615e-02
1.234617829322814941e-01
7.410828769207000732e-02
1.152141913771629333e-01
2.749437987804412842e-01
2.573681175708770752e-01
8.909081667661666870e-02
1.910752505064010620e-01
1.469920277595520020e-01
8.845453709363937378e-02
3.248975276947021484e-01
1.137255430221557617e-01
5.536812171339988708e-02
1.252625733613967896e-01
2.064659446477890015e-01
2.587967514991760254e-01
1.218170672655105591e-01
1.032689809799194336e-01
1.326457858085632324e-01
4.537376463413238525e-01
2.348342984914779663e-01
2.023601531982421875e-01
1.169789582490921021e-01
1.217090263962745667e-01
2.276791781187057495e-01
6.773351132869720459e-02
2.126126289367675781e-01
1.608340591192245483e-01
6.829775124788284302e-02
1.550475507974624634e-01
8.266801387071609497e-02
2.358667701482772827e-01
9.329264611005783081e-02
1.721790134906768799e-01
1.637873500585556030e-01
7.622120529413223267e-02
1.565842181444168091e-01
1.190318614244461060e-01
8.228384703397750854e-02
7.997884601354598999e-02
2.121324092149734497e-01
7.865826785564422607e-02
1.290562152862548828e-01
6.613681465387344360e-02
2.134890109300613403e-01
9.149185568094253540e-02
1.476283073425292969e-01
3.011392056941986084e-01
1.447590589523315430e-01
6.704921275377273560e-02
8.323226124048233032e-02
6.068643927574157715e-02
8.614953607320785522e-02
1.926239132881164551e-01
9.907916188240051270e-02
7.942660152912139893e-02
5.718091130256652832e-02
1.505696028470993042e-01
1.065704226493835449e-01
3.560751378536224365e-01
1.638353765010833740e-01
1.426581591367721558e-01
5.140639469027519226e-02
3.686566054821014404e-01
8.905479311943054199e-02
9.270438551902770996e-02
8.390455693006515503e-02
7.139509916305541992e-02
8.726602047681808472e-02
1.658402532339096069e-01
5.002579092979431152e-02
1.008559390902519226e-01
1.263430416584014893e-01
6.185094267129898071e-02
1.168709173798561096e-01
1.802705377340316772e-01
1.155503392219543457e-01
3.016554117202758789e-01
1.698739975690841675e-01
1.096437722444534302e-01
1.069065704941749573e-01
1.056580320000648499e-01
8.437275141477584839e-02
1.149740815162658691e-01
6.260727345943450928e-02
2.766365110874176025e-01
1.272194236516952515e-01
6.649696826934814453e-02
1.989146471023559570e-01
2.620981633663177490e-01
1.063183173537254333e-01
7.277570664882659912e-02
8.323226124048233032e-02
1.799463927745819092e-01
1.895385682582855225e-01
5.754106864333152771e-02
1.850005835294723511e-01
1.404011696577072144e-01
1.079390197992324829e-01
6.500831991434097290e-02
3.277667760848999023e-01
3.202515244483947754e-01
1.701141148805618286e-01
1.042053923010826111e-01
9.045940637588500977e-02
1.715307235717773438e-01
1.402330845594406128e-01
1.171830520033836365e-01
7.175526022911071777e-02
1.769570857286453247e-01
1.069786101579666138e-01
1.377119868993759155e-01
2.240776121616363525e-01
1.775093376636505127e-01
7.390419393777847290e-02
8.390455693006515503e-02
1.134254112839698792e-01
4.872922971844673157e-02
6.373576819896697998e-02
8.140746504068374634e-02
1.723710894584655762e-01
9.413301199674606323e-02
2.350023835897445679e-01
1.662844419479370117e-01
1.112524643540382385e-01
1.076388955116271973e-01
3.730505108833312988e-01
2.490124702453613281e-01
9.730239212512969971e-02
4.733901917934417725e-01
1.067385002970695496e-01
2.294559478759765625e-01
1.697179377079010010e-01
1.443028599023818970e-01
2.656637132167816162e-01
1.692617386579513550e-01
1.777854412794113159e-01
2.222888320684432983e-01
7.709758728742599487e-02
1.271113753318786621e-01
4.282385408878326416e-01
2.810664474964141846e-01
7.199537009000778198e-02
2.028163522481918335e-01
2.032965719699859619e-01
6.866991519927978516e-02
1.216850057244300842e-01
1.234617829322814941e-01
9.638999402523040771e-02
3.867364823818206787e-01
1.679531782865524292e-01
2.118442803621292114e-01
1.807267367839813232e-01
2.032485455274581909e-01
1.446990370750427246e-01
1.128251552581787109e-01
1.532947868108749390e-01
5.593236908316612244e-02
1.690696477890014648e-01
1.444229185581207275e-01
8.389254659414291382e-02
1.579408049583435059e-01
1.866453140974044800e-01
1.316133439540863037e-01
5.596838146448135376e-02
1.053338870406150818e-01
1.282038539648056030e-01
1.598736494779586792e-01
2.752319276332855225e-01
1.478323936462402344e-01
8.869463950395584106e-02
1.021044850349426270e-01
2.893020212650299072e-01
4.016709923744201660e-01
9.304053336381912231e-02
2.566598355770111084e-01
2.208722084760665894e-01
1.646157205104827881e-01
1.686014384031295776e-01
2.794337272644042969e-01
2.881735265254974365e-01
2.570559680461883545e-01
1.145659089088439941e-01
8.620955795049667358e-02
1.772452145814895630e-01
1.394407451152801514e-01
6.581266969442367554e-02
8.168358355760574341e-02
8.766219019889831543e-02
1.071106567978858948e-01
1.717948466539382935e-01
5.574027821421623230e-02
9.623392671346664429e-02
2.298881560564041138e-01
1.599576920270919800e-01
9.608986228704452515e-02
2.948724627494812012e-01
1.634992212057113647e-01
1.331019848585128784e-01
1.183835789561271667e-01
1.211687847971916199e-01
1.718428581953048706e-01
2.352664917707443237e-01
2.222167998552322388e-01
1.698739975690841675e-01
1.695138514041900635e-01
3.094828128814697266e-01
1.463077366352081299e-01
1.976060867309570312e-01
1.757805794477462769e-01
1.165587827563285828e-01
1.320815384387969971e-01
3.003468215465545654e-01
2.431899309158325195e-01
1.328258663415908813e-01
1.998630613088607788e-01
9.766254574060440063e-02
1.989266574382781982e-01
2.120003551244735718e-01
1.042053923010826111e-01
1.006518527865409851e-01
1.659963130950927734e-01
6.432402133941650391e-02
1.384082883596420288e-01
1.955171674489974976e-01
1.289481818675994873e-01
7.731368392705917358e-02
2.421214878559112549e-01
8.853857219219207764e-02
8.556127548217773438e-02
6.624486297369003296e-02
1.656601727008819580e-01
3.175263106822967529e-01
2.010275870561599731e-01
2.577042579650878906e-01
1.655641198158264160e-01
6.149078533053398132e-02
2.605975270271301270e-01
4.713253304362297058e-02
8.287210017442703247e-02
1.028968244791030884e-01
9.295649826526641846e-02
1.998630613088607788e-01
1.007238775491714478e-01
2.165623456239700317e-01
7.222346216440200806e-02
2.470676153898239136e-01
1.213008388876914978e-01
2.230931818485260010e-01
1.273154616355895996e-01
9.840687364339828491e-02
1.693217605352401733e-01
9.424105286598205566e-02
6.111862882971763611e-02
6.868191808462142944e-02
1.800904572010040283e-01
1.613743007183074951e-01
4.818899556994438171e-02
8.165957778692245483e-02
2.529262006282806396e-01
6.390383839607238770e-02
5.919779092073440552e-02
1.251305192708969116e-01
2.409809827804565430e-01
9.373683482408523560e-02
3.147411048412322998e-01
9.755449742078781128e-02
8.930690586566925049e-02
1.937524080276489258e-01
7.993081957101821899e-02
2.693973481655120850e-01
1.858769804239273071e-01
6.863389909267425537e-02
1.582049131393432617e-01
2.544628679752349854e-01
1.278196871280670166e-01
2.164062708616256714e-01
1.615183651447296143e-01
8.181564509868621826e-02
1.505095660686492920e-01
1.222732663154602051e-01
1.442308276891708374e-01
1.522743403911590576e-01
4.398476183414459229e-01
2.104036659002304077e-01
2.263706177473068237e-01
5.219873785972595215e-02
6.787756830453872681e-02
3.383314013481140137e-01
1.575806587934494019e-01
1.478924304246902466e-01
1.281558275222778320e-01
6.045833975076675415e-02
1.571964770555496216e-01
7.414429634809494019e-02
8.020694553852081299e-02
3.627620339393615723e-01
2.902384400367736816e-01
2.569959759712219238e-01
2.325172871351242065e-01
1.109883561730384827e-01
1.003037020564079285e-01
1.622146666049957275e-01
1.006398424506187439e-01
1.170870065689086914e-01
2.035966962575912476e-01
1.325017213821411133e-01
6.508035212755203247e-02
3.149091899394989014e-01
5.557220801711082458e-02
2.385559380054473877e-01
1.033290177583694458e-01
2.666841745376586914e-01
1.476163119077682495e-01
5.489991232752799988e-02
1.546393632888793945e-01
1.395007818937301636e-01
6.629287451505661011e-02
3.126762211322784424e-01
1.816031187772750854e-01
2.057696431875228882e-01
1.755524724721908569e-01
6.426399201154708862e-02
1.509297490119934082e-01
9.482931345701217651e-02
6.749340146780014038e-02
1.972099095582962036e-01
2.026242762804031372e-01
5.487590655684471130e-02
9.572970122098922729e-02
8.312421292066574097e-02
1.499813348054885864e-01
7.767383754253387451e-02
1.250224560499191284e-01
1.246142908930778503e-01
1.812069416046142578e-01
1.677971035242080688e-01
2.108958810567855835e-01
1.017803475260734558e-01
1.450711935758590698e-01
2.681968510150909424e-01
2.761202752590179443e-01
3.516331911087036133e-01
7.122702896595001221e-02
1.338823288679122925e-01
6.728931516408920288e-02
1.425741165876388550e-01
1.747961491346359253e-01
1.547234058380126953e-01
1.532107442617416382e-01
4.635098874568939209e-01
2.646192908287048340e-01
3.743230924010276794e-02
1.118287220597267151e-01
8.630559593439102173e-02
2.091431170701980591e-01
1.113485097885131836e-01
1.782176345586776733e-01
1.256827563047409058e-01
1.513139158487319946e-01
3.563032150268554688e-01
2.694453895092010498e-01
8.592142909765243530e-02
8.923487365245819092e-02
2.109438925981521606e-01
6.534446775913238525e-02
8.922287076711654663e-02
1.513259261846542358e-01
7.257161289453506470e-02
2.975856363773345947e-01
2.151697427034378052e-01
4.789966642856597900e-01
1.467159241437911987e-01
9.187602251768112183e-02
2.623382806777954102e-01
9.270438551902770996e-02
1.652399748563766479e-01
7.229549437761306763e-02
8.487697690725326538e-02
1.188277602195739746e-01
2.227210253477096558e-01
2.541867196559906006e-01
1.307849735021591187e-01
8.463686704635620117e-02
1.120568141341209412e-01
6.786556541919708252e-02
2.280993759632110596e-01
2.336457818746566772e-01
2.488684207201004028e-01
1.219251155853271484e-01
2.984740436077117920e-01
1.177472993731498718e-01
1.398849338293075562e-01
3.372869193553924561e-01
1.780615746974945068e-01
3.983215093612670898e-01
2.614859044551849365e-01
2.818227708339691162e-01
2.133449316024780273e-01
7.904243469238281250e-02
1.351788938045501709e-01
1.180234178900718689e-01
2.331055402755737305e-01
1.018043532967567444e-01
2.653516232967376709e-01
1.093916520476341248e-01
9.439712017774581909e-02
1.733795255422592163e-01
1.081070899963378906e-01
2.825790941715240479e-01
2.641390562057495117e-01
2.805142104625701904e-01
5.327920988202095032e-02
1.125370264053344727e-01
9.571769833564758301e-02
9.554962813854217529e-02
1.098238453269004822e-01
8.685784041881561279e-02
2.177988737821578979e-01
1.611341983079910278e-01
3.629781305789947510e-01
4.398476183414459229e-01
1.819512695074081421e-01
1.165227666497230530e-01
1.564641594886779785e-01
1.767409890890121460e-01
1.568723320960998535e-01
1.257187575101852417e-01
2.439102679491043091e-01
1.995149105787277222e-01
1.907030791044235229e-01
3.037803471088409424e-01
6.534446775913238525e-02
2.666121423244476318e-01
8.329228311777114868e-02
1.344465762376785278e-01
3.263141512870788574e-01
3.212719559669494629e-01
1.421899497509002686e-01
6.691715121269226074e-02
7.115500420331954956e-02
2.146174907684326172e-01
3.003948628902435303e-01
3.473953306674957275e-01
1.653240174055099487e-01
3.343456685543060303e-01
1.162346377968788147e-01
2.404887676239013672e-01
1.957332640886306763e-01
9.881504625082015991e-02
1.108082681894302368e-01
1.502574533224105835e-01
2.979337871074676514e-01
5.155045539140701294e-02
1.200883165001869202e-01
1.250704973936080933e-01
5.710887908935546875e-02
3.561231493949890137e-01
1.804265975952148438e-01
9.044740349054336548e-02
7.680945843458175659e-02
1.120088025927543640e-01
1.630310267210006714e-01
1.885061115026473999e-01
2.074023485183715820e-01
1.700900942087173462e-01
3.025318086147308350e-01
1.379881203174591064e-01
1.043374538421630859e-01
1.781095862388610840e-01
1.125970482826232910e-01
1.588651984930038452e-01
6.096255779266357422e-02
9.620991349220275879e-02
1.355030387639999390e-01
2.283875048160552979e-01
1.169909611344337463e-01
2.040408849716186523e-01
7.197134941816329956e-02
6.189896538853645325e-02
1.360432654619216919e-01
2.674165070056915283e-01
9.858694672584533691e-02
1.149620786309242249e-01
8.791430294513702393e-02
1.016602888703346252e-01
4.790086671710014343e-02
1.768970638513565063e-01
1.261989772319793701e-01
9.696624428033828735e-02
2.547629773616790771e-01
1.088634282350540161e-01
1.862371414899826050e-01
1.598976701498031616e-01
2.319650501012802124e-01
5.588434264063835144e-02
6.140675023198127747e-02
2.016878575086593628e-01
1.071826964616775513e-01
1.328018605709075928e-01
2.204760611057281494e-01
2.110039293766021729e-01
1.797783225774765015e-01
1.622506827116012573e-01
1.820953339338302612e-01
8.765017986297607422e-02
1.261989772319793701e-01
1.987826079130172729e-01
2.053854763507843018e-01
2.565637528896331787e-01
1.167388558387756348e-01
9.542956948280334473e-02
1.816031187772750854e-01
5.083014443516731262e-02
6.691715121269226074e-02
1.637633442878723145e-01
7.559693604707717896e-02
1.744479984045028687e-01
2.955567538738250732e-01
1.686974912881851196e-01
1.216129809617996216e-01
8.753012865781784058e-02
7.300380617380142212e-02
1.349027603864669800e-01
6.367573887109756470e-02
1.367515772581100464e-01
1.086233183741569519e-01
1.638473719358444214e-01
2.971774637699127197e-01
9.655806422233581543e-02
1.555637717247009277e-01
1.130532547831535339e-01
1.780495643615722656e-01
3.677321970462799072e-01
1.018643751740455627e-01
2.149896621704101562e-01
2.265506982803344727e-01
2.551951706409454346e-01
1.661884039640426636e-01
1.383722871541976929e-01
7.450445741415023804e-02
6.464816629886627197e-02
8.350837975740432739e-02
1.322135925292968750e-01
7.055473327636718750e-02
2.139572203159332275e-01
2.217966318130493164e-01
1.196801289916038513e-01
2.446786016225814819e-01
8.359241485595703125e-02
2.185912132263183594e-01
7.970272749662399292e-02
6.570462137460708618e-02
4.438333585858345032e-02
2.447266131639480591e-01
8.619754761457443237e-02
1.788299083709716797e-01
2.073063105344772339e-01
1.534508466720581055e-01
6.335159391164779663e-02
2.435020655393600464e-01
9.534553438425064087e-02
1.108322888612747192e-01
8.298014849424362183e-02
3.078381121158599854e-01
2.552071809768676758e-01
1.983263939619064331e-01
9.204410016536712646e-02
1.299926340579986572e-01
1.077349334955215454e-01
1.135094538331031799e-01
3.321727216243743896e-01
3.260980546474456787e-01
5.306312069296836853e-02
1.487448066473007202e-01
2.591328918933868408e-01
1.178793534636497498e-01
1.079030036926269531e-01
1.655521243810653687e-01
8.488897979259490967e-02
1.057420596480369568e-01
2.081346809864044189e-01
1.400289982557296753e-01
3.025557994842529297e-01
2.758801877498626709e-01
2.002952545881271362e-01
8.059110492467880249e-02
2.511974275112152100e-01
1.492370218038558960e-01
2.871530950069427490e-01
6.667704880237579346e-02
9.498538076877593994e-02
7.808201760053634644e-02
7.969071716070175171e-02
1.547834277153015137e-01
1.355750560760498047e-01
1.513739526271820068e-01
1.666085869073867798e-01
1.741478741168975830e-01
1.332580447196960449e-01
9.147985279560089111e-02
1.574005782604217529e-01
7.185130566358566284e-02
1.226214170455932617e-01
3.368667364120483398e-01
1.319254785776138306e-01
3.915505707263946533e-01
7.670141756534576416e-02
8.616153895854949951e-02
1.650238931179046631e-01
2.387479990720748901e-01
1.431983858346939087e-01
9.572970122098922729e-02
7.036264985799789429e-02
1.248303800821304321e-01
1.266551762819290161e-01
2.710540890693664551e-01
1.595014780759811401e-01
1.430783271789550781e-01
9.784262627363204956e-02
6.649696826934814453e-02
1.632110923528671265e-01
1.062943115830421448e-01
1.918315738439559937e-01
8.328028023242950439e-02
7.380815595388412476e-02
7.823808491230010986e-02
1.833918988704681396e-01
5.944989994168281555e-02
1.095117107033729553e-01
6.105859950184822083e-02
1.583609879016876221e-01
7.904243469238281250e-02
1.066664680838584900e-01
2.811144590377807617e-01
2.738513052463531494e-01
1.647237539291381836e-01
3.374310135841369629e-01
9.332865476608276367e-02
3.828468024730682373e-01
1.306409090757369995e-01
8.724200725555419922e-02
3.140088021755218506e-01
7.373612374067306519e-02
1.106642112135887146e-01
8.937893807888031006e-02
1.804265975952148438e-01
1.266911923885345459e-01
3.309481739997863770e-01
5.799726396799087524e-02
7.413229346275329590e-02
2.347862720489501953e-01
8.068715035915374756e-02
1.304968446493148804e-01
1.147819980978965759e-01
3.510809540748596191e-01
2.195396423339843750e-01
2.073063105344772339e-01
2.720985412597656250e-01
9.941530972719192505e-02
1.381081640720367432e-01
3.730985522270202637e-01
1.343625336885452271e-01
1.572445034980773926e-01
1.995749324560165405e-01
7.545287162065505981e-02
1.404131650924682617e-01
2.031044811010360718e-01
2.445705384016036987e-01
8.488897979259490967e-02
4.276983439922332764e-01
1.372677981853485107e-01
1.002556681632995605e-01
7.583703845739364624e-02
2.781971991062164307e-01
2.623743116855621338e-01
2.845479547977447510e-01
1.924198269844055176e-01
2.356626540422439575e-01
2.587366998195648193e-01
1.238819733262062073e-01
2.623022496700286865e-01
2.366230785846710205e-01
1.213728785514831543e-01
1.601017564535140991e-01
1.333300918340682983e-01
6.522441655397415161e-02
2.394443005323410034e-01
6.634090095758438110e-02
1.065824255347251892e-01
1.170509979128837585e-01
9.131177514791488647e-02
2.787734568119049072e-01
7.569297403097152710e-02
1.691296845674514771e-01
2.780171334743499756e-01
1.217570453882217407e-01
5.929383262991905212e-02
1.679771840572357178e-01
6.970236450433731079e-02
5.694080516695976257e-02
1.329459249973297119e-01
1.749642193317413330e-01
3.156054913997650146e-01
