5.583632737398147583e-02
1.359952539205551147e-01
2.055655568838119507e-01
6.474420428276062012e-02
1.113004833459854126e-01
3.033121526241302490e-01
7.565695792436599731e-02
5.016145110130310059e-01
3.395079076290130615e-01
8.270402997732162476e-02
5.537532567977905273e-01
3.363745212554931641e-01
9.236823767423629761e-02
7.422833889722824097e-02
7.977475225925445557e-02
6.540449708700180054e-02
1.730433851480484009e-01
3.909142911434173584e-01
2.072342932224273682e-01
4.194026887416839600e-01
5.799726396799087524e-02
2.975976467132568359e-01
2.780291140079498291e-01
6.715726107358932495e-02
3.736387789249420166e-01
5.538012459874153137e-02
4.222839474678039551e-01
6.205503270030021667e-02
2.619061172008514404e-01
3.788130283355712891e-01
4.133760929107666016e-01
9.629394859075546265e-02
4.193787276744842529e-01
2.195876687765121460e-01
1.563321053981781006e-01
2.026602774858474731e-01
1.828756779432296753e-01
1.683973520994186401e-01
7.448044419288635254e-02
2.598171830177307129e-01
3.918507099151611328e-01
3.493401706218719482e-01
5.244845151901245117e-01
3.421010375022888184e-01
2.101515531539916992e-01
1.027047410607337952e-01
4.189465045928955078e-01
1.280958056449890137e-01
2.084708213806152344e-01
3.306120336055755615e-01
4.171817377209663391e-02
5.716890841722488403e-02
4.507723748683929443e-01
7.060515880584716797e-01
2.599612474441528320e-01
3.162537515163421631e-01
1.276035904884338379e-01
4.112991690635681152e-02
2.999386489391326904e-01
1.877858042716979980e-01
2.599252164363861084e-01
1.339183300733566284e-01
1.587931811809539795e-01
3.913825154304504395e-01
3.083543479442596436e-01
3.611413240432739258e-01
2.524940073490142822e-01
1.007478833198547363e-01
2.637428939342498779e-01
5.405835509300231934e-01
2.036207020282745361e-01
1.280597895383834839e-01
1.375079005956649780e-01
1.968617588281631470e-01
3.191230297088623047e-01
2.843078672885894775e-01
5.592036247253417969e-01
4.143125116825103760e-01
6.629287451505661011e-02
7.002651095390319824e-01
2.424336224794387817e-01
2.170305550098419189e-01
7.119101285934448242e-02
3.809259533882141113e-01
2.641991078853607178e-01
3.117758035659790039e-02
5.509200319647789001e-02
1.266431659460067749e-01
6.474780440330505371e-01
6.112222671508789062e-01
3.966527804732322693e-02
1.645556837320327759e-01
7.910245656967163086e-02
5.093818902969360352e-02
2.792176306247711182e-01
1.785297840833663940e-01
3.919707611203193665e-02
2.282074242830276489e-01
1.724671423435211182e-01
1.553476750850677490e-01
4.450458586215972900e-01
3.488359749317169189e-01
1.601257622241973877e-01
1.662003993988037109e-01
3.285591304302215576e-01
3.578158617019653320e-01
1.043254509568214417e-01
4.477110505104064941e-01
3.091586828231811523e-01
1.119607686996459961e-01
1.484686732292175293e-01
6.499631702899932861e-02
7.686108350753784180e-01
3.669518530368804932e-01
3.216921389102935791e-01
2.828552424907684326e-01
4.110110402107238770e-01
9.368881583213806152e-02
4.582996368408203125e-01
4.122595861554145813e-02
1.862251311540603638e-01
1.155503392219543457e-01
2.044130563735961914e-01
4.598603248596191406e-01
9.265636652708053589e-02
2.875972688198089600e-01
2.852802872657775879e-01
1.495491564273834229e-01
2.351464331150054932e-01
2.240416109561920166e-01
2.882815897464752197e-01
2.218206375837326050e-01
3.685005307197570801e-01
5.326000452041625977e-01
3.321847021579742432e-01
3.301918506622314453e-01
1.538950502872467041e-01
1.774853318929672241e-01
1.202683970332145691e-01
8.999120444059371948e-02
1.046375855803489685e-01
1.200883165001869202e-01
2.524459660053253174e-01
3.012112081050872803e-01
2.908386886119842529e-01
4.099546074867248535e-01
1.105681657791137695e-01
3.366626501083374023e-01
1.000275760889053345e-01
3.563992679119110107e-01
1.163546964526176453e-01
1.534628570079803467e-01
2.892780005931854248e-01
7.368810474872589111e-02
3.319326043128967285e-01
1.501013934612274170e-01
4.214316010475158691e-01
2.037167549133300781e-01
5.619648098945617676e-02
7.726565748453140259e-02
3.934113681316375732e-02
1.065224036574363708e-01
3.338774442672729492e-01
2.856404483318328857e-01
4.329445958137512207e-01
7.031583189964294434e-01
1.831637918949127197e-01
1.274955421686172485e-01
4.761274158954620361e-02
2.244857996702194214e-01
4.748068377375602722e-02
1.016963049769401550e-01
5.599239096045494080e-02
1.379641145467758179e-01
3.308281302452087402e-01
1.110363751649856567e-01
2.217365950345993042e-01
1.377600133419036865e-01
3.020755946636199951e-01
4.410721361637115479e-02
6.626886874437332153e-02
3.267103135585784912e-01
4.005184769630432129e-01
4.786965548992156982e-01
1.554557234048843384e-01
8.111933618783950806e-02
8.014691621065139771e-02
3.009470999240875244e-01
1.399569660425186157e-01
3.938075602054595947e-01
9.673814475536346436e-02
7.593308389186859131e-02
2.104636877775192261e-01
3.486799001693725586e-01
2.559275031089782715e-01
1.480124890804290771e-01
9.815476089715957642e-02
6.650897115468978882e-02
4.197028279304504395e-02
1.967897266149520874e-01
1.547594219446182251e-01
4.228842258453369141e-01
1.731994599103927612e-01
4.567990005016326904e-01
2.835635244846343994e-01
2.957488298416137695e-01
3.893055915832519531e-01
1.390925943851470947e-01
1.749282032251358032e-01
3.803256750106811523e-01
4.575673043727874756e-01
2.378476113080978394e-01
4.183822497725486755e-02
4.419004917144775391e-01
4.189465045928955078e-01
2.433580160140991211e-01
9.850291162729263306e-02
2.800820171833038330e-01
1.962855160236358643e-01
6.074646115303039551e-02
1.573765575885772705e-01
4.017430245876312256e-01
7.937858253717422485e-02
5.062364935874938965e-01
1.303527802228927612e-01
3.916465938091278076e-01
3.531338572502136230e-01
6.083530187606811523e-01
6.487626582384109497e-02
4.954558238387107849e-02
6.327836513519287109e-01
2.184591740369796753e-01
7.650693058967590332e-01
9.787864238023757935e-02
1.176032349467277527e-01
7.255961000919342041e-02
2.549550533294677734e-01
1.674489527940750122e-01
4.433411061763763428e-01
8.558528870344161987e-02
2.207521647214889526e-01
1.734635680913925171e-01
3.098669946193695068e-01
2.033445835113525391e-01
4.189705550670623779e-01
1.148060113191604614e-01
1.096437722444534302e-01
3.746472299098968506e-01
3.508888483047485352e-01
4.755271598696708679e-02
1.035811230540275574e-01
3.237210214138031006e-01
1.024766489863395691e-01
2.708860337734222412e-01
1.947248280048370361e-01
1.292362958192825317e-01
6.237437129020690918e-01
2.372833788394927979e-01
4.143725037574768066e-01
2.019039690494537354e-01
2.840317189693450928e-01
4.285987019538879395e-01
1.603898704051971436e-01
3.238290846347808838e-01
5.622649192810058594e-01
3.942997753620147705e-01
6.404790282249450684e-02
7.730167359113693237e-02
1.132213249802589417e-01
3.533019125461578369e-01
2.375354766845703125e-01
4.048163816332817078e-02
6.706121563911437988e-02
2.964811623096466064e-01
4.174818694591522217e-01
9.512944519519805908e-02
6.534446775913238525e-02
2.351824492216110229e-01
2.666121423244476318e-01
9.147985279560089111e-02
1.160545572638511658e-01
8.420468121767044067e-02
4.123075902462005615e-01
4.178540408611297607e-01
6.233595609664916992e-01
4.149727821350097656e-01
1.404131650924682617e-01
4.359939098358154297e-01
3.589563816785812378e-02
3.217041492462158203e-01
9.751848131418228149e-02
1.263310313224792480e-01
3.816102445125579834e-01
4.767997264862060547e-01
6.027826294302940369e-02
2.179069370031356812e-01
1.756605356931686401e-01
1.402931064367294312e-01
5.309192538261413574e-01
1.737876981496810913e-01
4.295471310615539551e-01
9.054344147443771362e-02
4.276382923126220703e-01
4.708571135997772217e-01
1.069906130433082581e-01
1.328018605709075928e-01
1.164507269859313965e-01
4.284666478633880615e-01
3.819704055786132812e-01
6.662902235984802246e-02
2.655797004699707031e-01
5.426964163780212402e-01
1.503294855356216431e-01
1.124649867415428162e-01
2.717383801937103271e-01
3.126882016658782959e-01
1.141817495226860046e-01
6.912611424922943115e-02
7.407947182655334473e-01
4.231843352317810059e-02
1.364754587411880493e-01
6.222310662269592285e-02
2.055055201053619385e-01
6.213666796684265137e-01
1.192479506134986877e-01
7.855021953582763672e-02
5.659265443682670593e-02
4.459582865238189697e-01
1.454913914203643799e-01
1.287681013345718384e-01
2.372593730688095093e-01
1.577247232198715210e-01
3.724982738494873047e-01
5.559381842613220215e-01
1.605939716100692749e-01
2.373914271593093872e-01
3.376350998878479004e-01
1.750962734222412109e-01
6.738536059856414795e-02
6.252323836088180542e-02
4.374706000089645386e-02
3.380072414875030518e-01
3.841913640499114990e-01
3.294235169887542725e-01
5.140399336814880371e-01
4.411681592464447021e-01
4.300633370876312256e-01
5.121430754661560059e-02
1.693577766418457031e-01
3.487399220466613770e-01
5.121070742607116699e-01
2.074263542890548706e-01
5.624450370669364929e-02
5.922180041670799255e-02
4.499560222029685974e-02
2.139812260866165161e-01
1.714707016944885254e-01
6.290260553359985352e-01
3.772883713245391846e-01
1.283238977193832397e-01
1.633431613445281982e-01
3.911423981189727783e-01
1.546153575181961060e-01
1.770171225070953369e-01
3.464709222316741943e-01
1.758286058902740479e-01
3.585241734981536865e-01
1.208446398377418518e-01
1.868253797292709351e-01
3.589683771133422852e-01
5.169451981782913208e-02
4.637620225548744202e-02
4.804372787475585938e-01
9.973945468664169312e-02
8.515068888664245605e-01
3.335773348808288574e-01
2.359147816896438599e-01
3.839992880821228027e-01
3.157135248184204102e-01
2.733951210975646973e-01
5.713288858532905579e-02
8.424069732427597046e-02
6.005256175994873047e-01
3.773604035377502441e-01
3.004789054393768311e-01
4.434731900691986084e-01
5.742101743817329407e-02
2.649554312229156494e-01
1.944006830453872681e-01
6.217508390545845032e-02
1.262349933385848999e-01
3.591484725475311279e-01
1.723590940237045288e-01
3.632542490959167480e-01
1.485287100076675415e-01
2.617020308971405029e-01
1.879418790340423584e-01
6.847783178091049194e-02
5.723733305931091309e-01
2.646072804927825928e-01
1.413615792989730835e-01
1.517221033573150635e-01
5.540413409471511841e-02
1.895625889301300049e-01
5.720612406730651855e-01
1.587451547384262085e-01
4.622733592987060547e-01
4.374345839023590088e-01
3.074419200420379639e-01
5.058643817901611328e-01
3.091226518154144287e-01
1.158624812960624695e-01
6.354247927665710449e-01
2.826271355152130127e-01
2.879934608936309814e-01
3.659194111824035645e-01
4.243969023227691650e-01
1.457194834947586060e-01
4.607367217540740967e-01
6.242719292640686035e-02
2.671283781528472900e-01
3.136246204376220703e-01
7.493665069341659546e-02
4.551182687282562256e-02
3.857520520687103271e-01
3.634343147277832031e-01
3.532298803329467773e-01
6.434803456068038940e-02
4.528372734785079956e-02
4.238566458225250244e-01
8.308459520339965820e-01
1.156103610992431641e-01
3.850317299365997314e-01
4.999337792396545410e-01
1.474722474813461304e-01
9.114370495080947876e-02
1.445309668779373169e-01
1.528025716543197632e-01
3.167580068111419678e-01
8.778224140405654907e-02
6.187495589256286621e-01
3.014393150806427002e-01
4.844830632209777832e-01
7.807000726461410522e-02
2.596611380577087402e-01
7.045869529247283936e-02
2.600933015346527100e-01
1.124769970774650574e-01
1.197161599993705750e-01
1.779655218124389648e-01
3.387515842914581299e-01
1.682532876729965210e-01
2.256503105163574219e-01
3.792332112789154053e-01
3.526056110858917236e-01
8.963104337453842163e-02
2.131768763065338135e-01
2.001031637191772461e-01
1.054299250245094299e-01
4.856956005096435547e-01
1.091755628585815430e-01
4.237365722656250000e-01
7.945061475038528442e-02
8.324426412582397461e-02
1.053338870406150818e-01
8.702591061592102051e-02
3.803256899118423462e-02
1.658042371273040771e-01
3.773363828659057617e-01
1.258268207311630249e-01
3.948520123958587646e-02
4.528372734785079956e-02
3.931352794170379639e-01
2.205840796232223511e-01
5.890966206789016724e-02
2.182190716266632080e-01
2.422055006027221680e-01
1.279157251119613647e-01
2.676085829734802246e-01
1.596935689449310303e-01
4.911339655518531799e-02
2.274630814790725708e-01
8.089124411344528198e-02
3.984055519104003906e-01
2.032365351915359497e-01
1.546873897314071655e-01
3.328089714050292969e-01
1.172070652246475220e-01
7.787793129682540894e-02
3.606251180171966553e-01
2.202599495649337769e-01
2.645472586154937744e-01
5.752906203269958496e-02
5.251567959785461426e-01
1.537029594182968140e-01
2.779330909252166748e-01
1.338703185319900513e-01
3.595926463603973389e-01
1.105801686644554138e-01
3.587282598018646240e-01
8.353238552808761597e-02
6.575384736061096191e-01
1.714106649160385132e-01
4.786485061049461365e-02
3.222443759441375732e-01
3.770482540130615234e-01
3.765560388565063477e-01
2.559995353221893311e-01
5.204987525939941406e-01
3.812741041183471680e-01
4.453940317034721375e-02
3.442979753017425537e-01
1.624307632446289062e-01
4.652026668190956116e-02
7.871829718351364136e-02
2.899983525276184082e-01
5.997332930564880371e-01
3.018114864826202393e-01
4.388751983642578125e-01
2.475838512182235718e-01
7.550089061260223389e-02
2.322651892900466919e-01
1.696819216012954712e-01
2.302843183279037476e-01
1.185636520385742188e-01
3.573957085609436035e-01
9.829882532358169556e-02
3.801936209201812744e-01
1.393207013607025146e-01
9.418102353811264038e-02
5.762390494346618652e-01
2.240295857191085815e-01
4.288268089294433594e-02
1.080830842256546021e-01
6.878996640443801880e-02
9.515345096588134766e-02
1.704382449388504028e-01
4.971365630626678467e-02
5.090337395668029785e-01
1.826355606317520142e-01
1.620345860719680786e-01
7.782990485429763794e-02
7.104694843292236328e-02
6.121706962585449219e-01
9.126376360654830933e-02
7.688149064779281616e-02
7.217544317245483398e-02
4.216236770153045654e-01
1.665485501289367676e-01
4.161612987518310547e-01
4.257534444332122803e-01
1.134254112839698792e-01
7.261963933706283569e-02
7.720563560724258423e-02
2.731429934501647949e-01
2.144974470138549805e-01
2.569959759712219238e-01
5.576429516077041626e-02
2.794817388057708740e-01
2.296840697526931763e-01
3.131804168224334717e-01
4.568710327148437500e-01
4.138202592730522156e-02
2.405367940664291382e-01
2.846319973468780518e-01
1.765849292278289795e-01
4.297152161598205566e-01
6.881397962570190430e-02
5.683636069297790527e-01
9.389290213584899902e-02
1.737396866083145142e-01
1.304608434438705444e-01
6.313430666923522949e-01
1.253946274518966675e-01
2.975616157054901123e-01
1.606059670448303223e-01
3.754035383462905884e-02
5.364897251129150391e-01
3.768441826105117798e-02
2.487723827362060547e-01
1.744599938392639160e-01
3.038643598556518555e-01
3.497003316879272461e-01
8.456484228372573853e-02
2.038728296756744385e-01
3.116557598114013672e-01
1.284919828176498413e-01
4.618291854858398438e-01
5.819174647331237793e-01
3.359063565731048584e-01
1.927319616079330444e-01
3.400961756706237793e-01
3.853438794612884521e-01
5.790122225880622864e-02
2.268268167972564697e-01
3.419209420680999756e-01
1.402571052312850952e-01
2.532503306865692139e-01
7.894639670848846436e-02
2.907426655292510986e-01
1.113845258951187134e-01
2.325773239135742188e-01
2.804421782493591309e-01
1.370397061109542847e-01
9.187602251768112183e-02
1.628389358520507812e-01
2.243777513504028320e-01
2.641510665416717529e-01
7.470854371786117554e-02
4.667153358459472656e-01
1.916634887456893921e-01
1.106882244348526001e-01
1.030288860201835632e-01
3.256658911705017090e-01
2.505131363868713379e-01
1.486247479915618896e-01
3.209958374500274658e-01
4.318161010742187500e-01
1.502574533224105835e-01
1.786378175020217896e-01
2.914989888668060303e-01
3.476354479789733887e-01
3.035282194614410400e-01
4.408320486545562744e-01
1.197881847620010376e-01
1.114085316658020020e-01
1.573525518178939819e-01
1.906550526618957520e-01
3.596406877040863037e-01
9.960739314556121826e-02
4.132560193538665771e-01
5.097420886158943176e-02
3.142128884792327881e-01
2.375955134630203247e-01
1.592013537883758545e-01
4.543979763984680176e-01
4.340010583400726318e-01
6.998568773269653320e-01
9.099964052438735962e-02
1.632591336965560913e-01
1.082991734147071838e-01
3.215360641479492188e-01
1.013721600174903870e-01
4.751790165901184082e-01
4.839548170566558838e-01
1.818792372941970825e-01
5.938026905059814453e-01
1.885181218385696411e-01
1.346026510000228882e-01
4.032917022705078125e-01
1.436545848846435547e-01
2.769966721534729004e-01
1.031849533319473267e-01
3.068416714668273926e-01
2.251940965652465820e-01
1.557438522577285767e-01
3.849957287311553955e-01
4.558385536074638367e-02
8.433674275875091553e-02
1.599696874618530273e-01
3.155934810638427734e-01
1.829837113618850708e-01
4.097505211830139160e-01
3.117398023605346680e-01
2.301402539014816284e-01
8.173161000013351440e-02
4.536776244640350342e-02
3.317044973373413086e-01
2.273310422897338867e-01
1.101960092782974243e-01
4.420205652713775635e-01
2.737312614917755127e-01
2.682808637619018555e-01
4.794768989086151123e-01
6.207664012908935547e-01
2.394923269748687744e-01
4.555024206638336182e-01
4.511565268039703369e-01
9.042339771986007690e-02
1.380961537361145020e-01
4.026674330234527588e-01
1.990226954221725464e-01
4.564748406410217285e-01
2.289637327194213867e-01
4.377346932888031006e-01
2.659758627414703369e-01
9.015927463769912720e-02
6.739736348390579224e-02
1.191519051790237427e-01
4.190545678138732910e-01
5.668869614601135254e-02
1.107122302055358887e-01
1.278316825628280640e-01
3.769282102584838867e-01
3.174663186073303223e-01
4.443135485053062439e-02
1.319494843482971191e-01
1.084552407264709473e-01
1.765249073505401611e-01
3.969409167766571045e-01
7.141791582107543945e-01
6.240318343043327332e-02
2.803581357002258301e-01
5.526007339358329773e-02
1.932241767644882202e-01
1.660083234310150146e-01
3.764120042324066162e-01
1.240260228514671326e-01
1.064623817801475525e-01
9.098763763904571533e-02
2.826991677284240723e-01
1.219491288065910339e-01
3.609972596168518066e-01
1.210607439279556274e-01
2.882455587387084961e-01
3.246694505214691162e-01
4.851313307881355286e-02
9.706228226423263550e-02
4.439294040203094482e-01
5.407155677676200867e-02
5.038234591484069824e-01
6.129870563745498657e-02
1.220811828970909119e-01
3.415968120098114014e-01
1.532827764749526978e-01
3.891255259513854980e-01
6.540449708700180054e-02
3.624138832092285156e-01
2.136330604553222656e-01
1.582049131393432617e-01
1.850005835294723511e-01
4.232203662395477295e-01
1.238459497690200806e-01
1.409413963556289673e-01
1.075068339705467224e-01
9.427707642316818237e-02
1.849285662174224854e-01
1.032689809799194336e-01
1.036651656031608582e-01
7.837614417076110840e-01
4.919743165373802185e-02
1.580368429422378540e-01
9.371282905340194702e-02
1.907270997762680054e-01
2.202479392290115356e-01
3.302038609981536865e-01
1.823234260082244873e-01
2.287356406450271606e-01
4.322362840175628662e-01
7.655975222587585449e-01
4.771358668804168701e-01
4.033277034759521484e-01
3.877569139003753662e-01
9.069951623678207397e-02
1.193439885973930359e-01
4.028474986553192139e-01
2.328294366598129272e-01
8.344835638999938965e-01
7.554890960454940796e-02
3.949840664863586426e-01
1.316253393888473511e-01
6.422798037528991699e-01
6.020623072981834412e-02
1.094156652688980103e-01
9.209211915731430054e-02
3.140327930450439453e-01
3.758957386016845703e-01
2.429858446121215820e-01
2.512094378471374512e-01
4.307596683502197266e-01
6.314870715141296387e-01
8.720599114894866943e-02
4.657068848609924316e-01
8.638963103294372559e-02
5.834541842341423035e-02
1.653120219707489014e-01
6.720527261495590210e-02
4.853954315185546875e-01
1.287681013345718384e-01
3.259299695491790771e-01
2.024441957473754883e-01
1.997790336608886719e-01
1.448431015014648438e-01
1.617824882268905640e-01
1.408813744783401489e-01
3.217641711235046387e-01
4.132920205593109131e-01
1.204364672303199768e-01
1.181314587593078613e-01
6.630488485097885132e-02
5.903211832046508789e-01
2.649314105510711670e-01
3.018474876880645752e-01
3.811060190200805664e-01
9.194805473089218140e-02
2.631306350231170654e-01
3.940116465091705322e-01
3.755476176738739014e-01
4.956119060516357422e-01
7.749375700950622559e-02
7.204338163137435913e-02
1.779655218124389648e-01
2.545108795166015625e-01
7.343599200248718262e-02
2.131408452987670898e-01
1.894785463809967041e-01
1.202563866972923279e-01
6.294822096824645996e-01
3.685125410556793213e-01
7.820206880569458008e-02
5.537652373313903809e-01
3.954522609710693359e-01
5.540413409471511841e-02
9.721835702657699585e-02
2.350383996963500977e-01
3.573957085609436035e-01
2.152177542448043823e-01
3.292434215545654297e-01
2.742834985256195068e-01
2.464433759450912476e-01
4.241447448730468750e-01
2.712461650371551514e-01
2.780891358852386475e-01
7.285974174737930298e-02
1.573405414819717407e-01
5.148802995681762695e-01
2.446185648441314697e-01
8.470889925956726074e-02
4.999817907810211182e-01
4.316360652446746826e-01
1.330899745225906372e-01
1.436185687780380249e-01
2.971534430980682373e-01
2.207521647214889526e-01
3.205276429653167725e-01
3.787530064582824707e-01
2.359627932310104370e-01
3.058932721614837646e-01
1.542551964521408081e-01
4.937871098518371582e-01
1.472921669483184814e-01
5.306191444396972656e-01
7.129906415939331055e-01
5.265974402427673340e-01
2.003672868013381958e-01
6.132271513342857361e-02
3.958244323730468750e-01
5.508359670639038086e-01
8.181564509868621826e-02
1.592973917722702026e-01
2.388560622930526733e-01
8.255996555089950562e-02
1.586131006479263306e-01
3.193151056766510010e-01
2.834795117378234863e-01
7.400023192167282104e-02
6.175490096211433411e-02
1.348187327384948730e-01
3.577198386192321777e-01
7.626923173666000366e-02
1.112164482474327087e-01
5.360335111618041992e-02
2.031164914369583130e-01
1.749041974544525146e-01
2.664920985698699951e-01
1.457554996013641357e-01
1.413615792989730835e-01
4.718175530433654785e-01
1.677370667457580566e-01
1.010960340499877930e-01
3.134205341339111328e-01
4.523690640926361084e-01
3.773723840713500977e-01
6.503953337669372559e-01
3.313803672790527344e-01
8.546523004770278931e-02
6.050635501742362976e-02
2.852562665939331055e-01
3.718019723892211914e-01
3.464589416980743408e-01
1.048296689987182617e-01
6.832176446914672852e-02
4.996576532721519470e-02
1.379400938749313354e-01
1.592493802309036255e-01
1.398369222879409790e-01
1.472321450710296631e-01
1.444349139928817749e-01
6.063721776008605957e-01
1.222492605447769165e-01
3.966167867183685303e-01
2.268748283386230469e-01
1.189358159899711609e-01
1.947608441114425659e-01
2.358187288045883179e-01
9.748246520757675171e-02
1.795862317085266113e-01
1.267151981592178345e-01
9.595780819654464722e-02
3.486799001693725586e-01
6.414394825696945190e-02
2.152057439088821411e-01
1.411574929952621460e-01
3.859801590442657471e-01
2.350744009017944336e-01
9.963140636682510376e-02
4.080097377300262451e-01
8.898276090621948242e-02
4.123796522617340088e-02
3.900379240512847900e-01
1.638833880424499512e-01
3.059532940387725830e-01
7.887436151504516602e-01
4.054166004061698914e-02
1.045175343751907349e-01
1.559839546680450439e-01
1.975220441818237305e-01
2.564316987991333008e-01
3.451623618602752686e-01
3.467350602149963379e-01
4.552263319492340088e-01
2.583165466785430908e-01
4.316960871219635010e-01
3.204556107521057129e-01
2.934558391571044922e-01
1.285880208015441895e-01
1.201363354921340942e-01
3.175263106822967529e-01
2.534303963184356689e-01
3.430614471435546875e-01
2.286515980958938599e-01
4.749269187450408936e-01
9.547759592533111572e-02
2.624703347682952881e-01
5.742701888084411621e-01
1.106401905417442322e-01
8.544122427701950073e-02
3.211399018764495850e-01
2.608136236667633057e-01
1.771851927042007446e-01
2.337058037519454956e-01
4.007465839385986328e-01
3.311522603034973145e-01
5.541614443063735962e-02
5.352651476860046387e-01
2.628905475139617920e-01
3.161457479000091553e-01
2.188313305377960205e-01
2.349543571472167969e-01
2.360588312149047852e-01
8.708593994379043579e-02
1.810868829488754272e-01
4.171817302703857422e-01
7.294377684593200684e-02
3.951161205768585205e-01
8.454082906246185303e-02
8.580137789249420166e-02
4.907978177070617676e-01
3.606130778789520264e-01
1.958293169736862183e-01
3.161937594413757324e-01
1.045175343751907349e-01
2.048932611942291260e-01
1.541951745748519897e-01
3.422931134700775146e-01
9.705027937889099121e-02
1.389125138521194458e-01
8.481695502996444702e-02
6.635650992393493652e-01
3.855719566345214844e-01
5.345928668975830078e-02
6.931819319725036621e-01
3.001307547092437744e-01
3.160736858844757080e-01
4.174338281154632568e-01
3.894496709108352661e-02
8.081921190023422241e-02
1.109883561730384827e-01
2.677526473999023438e-01
4.309757351875305176e-01
6.820171326398849487e-02
1.005437970161437988e-01
2.266947478055953979e-01
3.167219758033752441e-01
4.370744228363037109e-01
6.130830645561218262e-01
7.380815595388412476e-02
4.084779322147369385e-01
3.512610197067260742e-01
4.702808856964111328e-01
5.271496251225471497e-02
1.079150065779685974e-01
6.272132396697998047e-01
1.932841986417770386e-01
3.799295127391815186e-01
5.931904315948486328e-01
3.286431729793548584e-01
3.606971204280853271e-01
1.060061827301979065e-01
5.082534551620483398e-01
3.732425868511199951e-01
6.606478244066238403e-02
1.754804551601409912e-01
9.119173139333724976e-02
3.139487802982330322e-01
9.493735432624816895e-02
7.666419744491577148e-01
1.736316382884979248e-01
5.688077956438064575e-02
2.623743116855621338e-01
5.953513979911804199e-01
9.595780819654464722e-02
4.345893487334251404e-02
2.394443005323410034e-01
2.733951210975646973e-01
3.215961158275604248e-01
4.245529770851135254e-01
3.793172538280487061e-01
4.471948146820068359e-01
3.958364427089691162e-01
2.812945544719696045e-01
5.485189706087112427e-02
1.259348690509796143e-01
5.904171988368034363e-02
3.654511868953704834e-01
2.776809632778167725e-01
8.425270766019821167e-02
1.549395024776458740e-01
8.110373616218566895e-01
1.724911481142044067e-01
5.390468239784240723e-01
4.434731975197792053e-02
2.669602930545806885e-01
1.161385923624038696e-01
2.917511165142059326e-01
2.800219953060150146e-01
5.211470127105712891e-01
2.527941167354583740e-01
2.570199668407440186e-01
4.676516950130462646e-01
8.231986314058303833e-02
5.226957201957702637e-01
8.547724038362503052e-02
1.518661677837371826e-01
4.655027985572814941e-01
3.646468520164489746e-01
1.279517412185668945e-01
2.080146074295043945e-01
3.198793530464172363e-01
6.093494296073913574e-01
3.420890271663665771e-01
1.827556192874908447e-01
4.514206349849700928e-01
5.703804492950439453e-01
4.243848845362663269e-02
2.215325087308883667e-01
1.819992810487747192e-01
2.198277711868286133e-01
4.040120244026184082e-01
3.688727021217346191e-01
6.692915409803390503e-02
7.551290094852447510e-02
3.306480348110198975e-01
7.018257677555084229e-02
5.502477288246154785e-01
2.065979987382888794e-01
3.555348813533782959e-01
1.753483861684799194e-01
1.298605650663375854e-01
4.572191834449768066e-01
2.025282233953475952e-01
3.623898923397064209e-01
2.181230336427688599e-01
6.324355304241180420e-02
1.096557751297950745e-01
2.474998235702514648e-01
1.632110923528671265e-01
6.731332838535308838e-02
8.478093147277832031e-02
4.042641222476959229e-01
1.681092381477355957e-01
4.207232892513275146e-01
1.856368631124496460e-01
2.258784025907516479e-01
9.629394859075546265e-02
1.206045374274253845e-01
2.769606709480285645e-01
1.819392591714859009e-01
2.255062311887741089e-01
4.532934725284576416e-01
2.499488890171051025e-01
1.394167393445968628e-01
3.598207533359527588e-01
2.487843781709671021e-01
7.599310576915740967e-02
3.130843937397003174e-01
8.498502522706985474e-02
6.444407254457473755e-02
1.693337708711624146e-01
1.219011098146438599e-01
3.334692716598510742e-01
4.333887994289398193e-02
1.492970436811447144e-01
4.056567251682281494e-01
4.390312358736991882e-02
1.176632568240165710e-01
1.837400496006011963e-01
1.056100055575370789e-01
3.406243920326232910e-01
2.069101333618164062e-01
7.104694843292236328e-02
1.514099687337875366e-01
9.287246316671371460e-02
1.411815136671066284e-01
5.886164307594299316e-02
1.217330321669578552e-01
1.264030784368515015e-01
1.098358556628227234e-01
4.130879342555999756e-01
5.180376768112182617e-01
5.128633975982666016e-02
2.740794122219085693e-01
2.981498837471008301e-01
4.670034348964691162e-02
3.624258935451507568e-01
4.271460473537445068e-01
2.797938883304595947e-01
1.343745440244674683e-01
1.997670382261276245e-01
4.864519461989402771e-02
4.628136157989501953e-01
1.283479183912277222e-01
3.321006894111633301e-01
2.239695638418197632e-01
4.085499942302703857e-01
1.154782995581626892e-01
9.871900826692581177e-02
2.282194197177886963e-01
7.560893893241882324e-02
3.888854086399078369e-01
3.964127227663993835e-02
4.733782410621643066e-01
3.277787864208221436e-01
1.998150497674942017e-01
1.560199707746505737e-01
3.843594491481781006e-01
4.547941386699676514e-01
2.308125495910644531e-01
3.023517131805419922e-01
5.039315223693847656e-01
1.416256874799728394e-01
5.892166495323181152e-02
8.230786025524139404e-02
1.020204424858093262e-01
2.177028506994247437e-01
2.466594427824020386e-01
1.086593419313430786e-01
3.727383911609649658e-01
1.962374895811080933e-01
9.317258745431900024e-02
3.336013257503509521e-01
4.002903997898101807e-01
7.604112476110458374e-02
5.412077307701110840e-01
5.169212222099304199e-01
4.243608415126800537e-01
1.478323936462402344e-01
1.201603412628173828e-01
4.716254770755767822e-01
7.725365459918975830e-02
1.805466562509536743e-01
3.533379435539245605e-01
1.319734901189804077e-01
3.694009482860565186e-01
2.631666362285614014e-01
1.139056235551834106e-01
1.339663714170455933e-01
3.831349313259124756e-01
4.052365422248840332e-01
8.895875513553619385e-02
1.454073488712310791e-01
2.924474179744720459e-01
5.243043899536132812e-01
9.736241400241851807e-02
4.179500639438629150e-01
3.502285778522491455e-01
3.238531053066253662e-01
8.523713797330856323e-02
3.968448638916015625e-01
1.790580004453659058e-01
3.713217675685882568e-01
8.376049250364303589e-02
5.395390391349792480e-01
5.401753187179565430e-01
5.438969135284423828e-01
3.864483535289764404e-01
1.460556238889694214e-01
2.757601439952850342e-01
1.247103214263916016e-01
1.531507223844528198e-01
3.212839663028717041e-01
1.929120421409606934e-01
1.082151457667350769e-01
3.736027702689170837e-02
2.463473081588745117e-01
1.077949553728103638e-01
9.642600268125534058e-02
8.754213899374008179e-02
1.349147707223892212e-01
2.025882452726364136e-01
3.623778522014617920e-01
3.055931329727172852e-01
1.390325725078582764e-01
5.481587722897529602e-02
4.300273582339286804e-02
3.524015247821807861e-01
1.206885725259780884e-01
9.364079684019088745e-02
4.649025499820709229e-01
8.098728209733963013e-02
1.434504836797714233e-01
1.045175343751907349e-01
1.939564943313598633e-01
4.093062877655029297e-01
2.739353477954864502e-01
1.835239529609680176e-01
1.517461091279983521e-01
6.284737586975097656e-01
4.409521222114562988e-01
1.521903127431869507e-01
2.242216914892196655e-01
2.561555802822113037e-01
7.454047203063964844e-01
1.079270169138908386e-01
2.213644236326217651e-01
2.168144434690475464e-01
3.936994969844818115e-01
4.198228940367698669e-02
3.215840756893157959e-01
4.262336790561676025e-01
4.181421548128128052e-02
2.091191112995147705e-01
4.484073221683502197e-01
4.568950235843658447e-01
4.969564974308013916e-01
2.697935402393341064e-01
4.870521649718284607e-02
1.047216206789016724e-01
3.894616663455963135e-01
1.369796842336654663e-01
5.223715901374816895e-01
1.507736891508102417e-01
2.566718161106109619e-01
4.337849617004394531e-01
1.532107442617416382e-01
3.904580771923065186e-01
1.651559472084045410e-01
1.052378416061401367e-01
1.419378370046615601e-01
1.617464721202850342e-01
4.425127804279327393e-02
4.309877380728721619e-02
1.095717325806617737e-01
4.121875762939453125e-01
8.201732635498046875e-01
9.360478073358535767e-02
6.026025414466857910e-01
2.934078276157379150e-01
1.567162722349166870e-01
5.100662112236022949e-01
1.580248326063156128e-01
4.243248403072357178e-01
2.191554754972457886e-01
2.828192114830017090e-01
9.909116476774215698e-02
1.671608239412307739e-01
3.624258935451507568e-01
1.871615350246429443e-01
1.244462132453918457e-01
1.496331840753555298e-01
1.121288463473320007e-01
1.609181016683578491e-01
1.486127376556396484e-01
4.611569046974182129e-01
2.945723235607147217e-01
2.856764495372772217e-01
2.639469802379608154e-01
1.734995841979980469e-01
1.102560311555862427e-01
3.858720958232879639e-01
1.568243205547332764e-01
6.664103269577026367e-02
5.434767603874206543e-01
4.829704016447067261e-02
2.402726709842681885e-01
3.648389279842376709e-01
5.227077007293701172e-02
2.480760663747787476e-01
6.506834924221038818e-02
3.557870090007781982e-01
5.113747715950012207e-01
1.005197912454605103e-01
1.945927739143371582e-01
1.123449429869651794e-01
4.760553836822509766e-01
1.899707615375518799e-01
2.258183807134628296e-01
2.671523988246917725e-01
4.237726330757141113e-01
4.499560296535491943e-01
2.959649264812469482e-01
1.420938968658447266e-01
2.317369431257247925e-01
3.342135846614837646e-01
3.386315107345581055e-01
5.131755471229553223e-01
2.165263146162033081e-01
3.965807855129241943e-01
3.314643800258636475e-01
1.683013290166854858e-01
5.034993216395378113e-02
3.098790049552917480e-01
2.241376489400863647e-01
5.607162714004516602e-01
9.259634464979171753e-02
1.864412277936935425e-01
1.266191601753234863e-01
3.695089519023895264e-01
5.237761735916137695e-01
3.375030457973480225e-01
3.355821967124938965e-01
3.454625010490417480e-01
2.622302472591400146e-01
1.144098415970802307e-01
7.630524039268493652e-02
4.715654551982879639e-01
1.820713132619857788e-01
4.636659622192382812e-01
1.810388714075088501e-01
2.677526473999023438e-01
9.530951827764511108e-02
1.934882849454879761e-01
4.344212710857391357e-01
2.955927550792694092e-01
1.427901983261108398e-01
2.514135241508483887e-01
2.009195387363433838e-01
3.975652158260345459e-01
4.679278433322906494e-01
1.023565903306007385e-01
2.906106114387512207e-01
4.061729609966278076e-01
6.096255779266357422e-02
2.538745999336242676e-01
3.585121929645538330e-01
1.060421988368034363e-01
2.863367497920989990e-01
2.196596860885620117e-01
5.738139748573303223e-01
1.237259060144424438e-01
1.325617432594299316e-01
1.145539060235023499e-01
4.469547048211097717e-02
4.211674630641937256e-01
4.264017641544342041e-01
7.102294266223907471e-02
5.534170866012573242e-01
1.322375982999801636e-01
6.048474907875061035e-01
5.401272773742675781e-01
7.794996351003646851e-02
2.157700061798095703e-01
2.159980982542037964e-01
4.169656336307525635e-01
3.194111287593841553e-01
2.398764938116073608e-01
4.850713312625885010e-01
1.227654814720153809e-01
1.816031187772750854e-01
1.333300918340682983e-01
4.101226925849914551e-01
4.798970818519592285e-01
1.406172513961791992e-01
4.545179903507232666e-01
4.062209725379943848e-01
3.365065753459930420e-01
1.901868432760238647e-01
2.998906373977661133e-01
1.766929775476455688e-01
1.620225757360458374e-01
1.587331593036651611e-01
1.750002354383468628e-01
2.722305953502655029e-01
3.017994761466979980e-01
2.007274478673934937e-01
2.725667655467987061e-01
3.290273547172546387e-01
5.024188756942749023e-02
1.619145423173904419e-01
4.603285491466522217e-01
5.016985535621643066e-02
6.214267611503601074e-01
3.134445548057556152e-01
2.574161291122436523e-01
1.810628771781921387e-01
3.674800693988800049e-02
5.056722760200500488e-01
2.520137727260589600e-01
5.110146403312683105e-01
3.596406877040863037e-01
4.415643811225891113e-01
6.541649997234344482e-02
3.484758138656616211e-01
2.560955584049224854e-01
1.737997233867645264e-01
2.966252267360687256e-01
7.014655321836471558e-02
6.514038145542144775e-02
5.999013409018516541e-02
5.062364935874938965e-01
3.928111195564270020e-01
3.435896933078765869e-01
7.858623564243316650e-02
4.915301501750946045e-01
5.670910477638244629e-01
4.605566561222076416e-01
6.740936636924743652e-02
1.830797642469406128e-01
2.135010063648223877e-01
5.989529490470886230e-01
8.109533041715621948e-02
3.536020219326019287e-01
1.596455425024032593e-01
3.450063169002532959e-01
3.143929541110992432e-01
1.925638914108276367e-01
5.722532868385314941e-01
2.741034030914306641e-01
8.623357117176055908e-02
2.303083240985870361e-01
7.990681380033493042e-02
5.943549275398254395e-01
1.017563268542289734e-01
1.147579923272132874e-01
2.155659049749374390e-01
2.750878334045410156e-01
1.232096776366233826e-01
4.738104045391082764e-01
5.653262883424758911e-02
1.224773526191711426e-01
5.004860758781433105e-01
5.174254253506660461e-02
3.450903594493865967e-01
4.806654155254364014e-01
1.491649746894836426e-01
1.417577564716339111e-01
5.066807270050048828e-01
1.261749714612960815e-01
8.348437398672103882e-02
1.389125138521194458e-01
1.772692203521728516e-01
3.046327233314514160e-01
3.049568533897399902e-01
1.128371581435203552e-01
3.741669952869415283e-01
1.706903576850891113e-01
4.706890583038330078e-01
1.759606450796127319e-01
3.119558990001678467e-01
3.803977072238922119e-01
2.407048493623733521e-01
5.138358473777770996e-01
6.249922513961791992e-02
2.621462047100067139e-01
1.304248273372650146e-01
2.420254200696945190e-01
2.002472430467605591e-01
1.469440162181854248e-01
2.550151050090789795e-01
8.131381869316101074e-01
8.366444706916809082e-02
3.370468318462371826e-01
4.492957293987274170e-01
4.485994279384613037e-01
6.159163117408752441e-01
1.302927583456039429e-01
2.209802716970443726e-01
7.523677498102188110e-02
3.367227017879486084e-01
1.137855648994445801e-01
4.555984959006309509e-02
3.648509383201599121e-01
2.749918103218078613e-01
5.473184213042259216e-02
2.795898020267486572e-01
1.169309392571449280e-01
9.973945468664169312e-02
2.906586229801177979e-01
4.516367241740226746e-02
5.195023417472839355e-01
5.173773765563964844e-01
1.798023283481597900e-01
5.433086752891540527e-01
4.838587939739227295e-01
3.513690829277038574e-01
3.130243718624114990e-01
3.203115463256835938e-01
1.135934814810752869e-01
1.265951544046401978e-01
5.504157543182373047e-01
4.703288972377777100e-01
2.052174061536788940e-01
1.520342379808425903e-01
8.141946792602539062e-02
8.864661306142807007e-02
1.250224560499191284e-01
2.259984463453292847e-01
3.352220356464385986e-01
1.782776564359664917e-01
6.558457016944885254e-02
1.462116986513137817e-01
9.241625666618347168e-02
4.145886003971099854e-01
5.768992900848388672e-01
3.583080768585205078e-01
3.938795924186706543e-01
8.278806507587432861e-02
6.774551421403884888e-02
2.388920783996582031e-01
2.113040536642074585e-01
1.656961888074874878e-01
5.296707153320312500e-02
2.208722084760665894e-01
1.965015977621078491e-01
1.022725626826286316e-01
2.665641307830810547e-01
8.909081667661666870e-02
6.889801472425460815e-02
1.349387913942337036e-01
1.306889355182647705e-01
7.168322801589965820e-02
8.891073614358901978e-02
2.476438730955123901e-01
1.693097651004791260e-01
5.138598680496215820e-01
2.009075134992599487e-01
8.892273902893066406e-02
3.016794323921203613e-01
8.174361288547515869e-02
4.389232099056243896e-01
1.816751509904861450e-01
1.466678977012634277e-01
3.324848413467407227e-01
2.199358046054840088e-01
6.266730278730392456e-02
6.808406114578247070e-01
1.643035858869552612e-01
1.056820377707481384e-01
5.631653219461441040e-02
4.590800032019615173e-02
3.378391861915588379e-01
4.491636753082275391e-01
9.077154844999313354e-02
6.427600234746932983e-02
4.994175955653190613e-02
2.672724425792694092e-01
1.366195231676101685e-01
3.020876049995422363e-01
1.652039736509323120e-01
4.716134667396545410e-01
3.979373574256896973e-01
9.605384618043899536e-02
1.662484258413314819e-01
4.656828567385673523e-02
6.652098149061203003e-02
4.139403253793716431e-02
2.178709059953689575e-01
9.724236279726028442e-02
3.413327038288116455e-01
2.792536616325378418e-01
1.212768331170082092e-01
3.347178399562835693e-01
1.401010304689407349e-01
3.148371577262878418e-01
3.859801590442657471e-01
5.786520987749099731e-02
1.196321174502372742e-01
2.465994358062744141e-01
1.081671267747879028e-01
3.381873071193695068e-01
6.027826070785522461e-01
4.481552168726921082e-02
5.763710662722587585e-02
1.125610396265983582e-01
1.589972674846649170e-01
2.717383801937103271e-01
6.242959499359130859e-01
2.798659205436706543e-01
1.224173307418823242e-01
7.386817783117294312e-02
1.444109082221984863e-01
2.911988496780395508e-01
2.738632857799530029e-01
2.379196435213088989e-01
9.031534194946289062e-02
2.268628329038619995e-01
1.624547690153121948e-01
1.507976949214935303e-01
5.736098811030387878e-02
4.173018038272857666e-01
3.519693315029144287e-01
2.404407560825347900e-01
4.540738165378570557e-01
1.713266372680664062e-01
2.364069968461990356e-01
6.961832940578460693e-02
1.758286058902740479e-01
2.713662087917327881e-01
2.685930132865905762e-01
4.155009984970092773e-02
3.497963845729827881e-01
4.550702571868896484e-01
1.155383363366127014e-01
3.389676511287689209e-01
2.671043574810028076e-01
3.299277424812316895e-01
2.586526870727539062e-01
3.528337180614471436e-01
1.169429421424865723e-01
7.279971241950988770e-02
3.240091502666473389e-01
8.822643011808395386e-02
2.775008976459503174e-01
6.972637027502059937e-02
5.296707153320312500e-02
1.945087313652038574e-01
4.578794538974761963e-02
2.576682567596435547e-01
5.174614787101745605e-01
1.615423709154129028e-01
7.839415222406387329e-02
1.223573014140129089e-01
1.714707016944885254e-01
3.880570530891418457e-01
2.384238690137863159e-01
6.212706491351127625e-02
2.221087515354156494e-01
4.272060990333557129e-01
3.310682475566864014e-01
2.154818773269653320e-01
5.293706059455871582e-01
3.521133959293365479e-01
5.304630994796752930e-01
2.167063951492309570e-01
3.818143308162689209e-01
4.391393363475799561e-01
2.450267374515533447e-01
2.245458215475082397e-01
1.682532876729965210e-01
8.892273902893066406e-02
4.683480262756347656e-01
4.618411883711814880e-02
1.198001876473426819e-01
7.628123462200164795e-02
9.802269935607910156e-02
4.603285491466522217e-01
4.886488914489746094e-01
2.272109836339950562e-01
1.812309473752975464e-01
2.995785176753997803e-01
2.912949025630950928e-01
1.605219244956970215e-01
7.610115408897399902e-02
2.558194398880004883e-01
4.188744723796844482e-01
2.077985256910324097e-01
5.090217664837837219e-02
5.594437196850776672e-02
5.285182595252990723e-01
2.631066143512725830e-01
4.839548170566558838e-01
5.774515494704246521e-02
1.520822495222091675e-01
5.146281719207763672e-01
1.653120219707489014e-01
2.129727900028228760e-01
6.868191808462142944e-02
2.403687089681625366e-01
4.980969801545143127e-02
4.503281712532043457e-01
7.779388874769210815e-02
3.379832208156585693e-01
9.295649826526641846e-02
3.049088418483734131e-01
1.598736494779586792e-01
1.219731345772743225e-01
1.512538939714431763e-01
2.525300085544586182e-01
1.378680616617202759e-01
1.812429577112197876e-01
3.116317689418792725e-01
9.823879599571228027e-02
3.999782502651214600e-01
3.493401706218719482e-01
1.561640352010726929e-01
3.434336185455322266e-01
5.704525113105773926e-01
1.184075847268104553e-01
1.777374297380447388e-01
2.704178094863891602e-01
2.778250277042388916e-01
8.735005557537078857e-02
5.736699104309082031e-01
1.142777800559997559e-01
1.648678183555603027e-01
2.396483868360519409e-01
1.539190560579299927e-01
1.986385434865951538e-01
1.960213929414749146e-01
8.421668410301208496e-02
2.993744313716888428e-01
4.729220569133758545e-01
2.923753857612609863e-01
6.228673458099365234e-01
1.535709053277969360e-01
2.430218756198883057e-01
1.150101050734519958e-01
5.673671513795852661e-02
9.193605184555053711e-02
1.091275364160537720e-01
3.875888288021087646e-01
8.442077785730361938e-02
9.121573716402053833e-02
7.556091994047164917e-02
3.283550441265106201e-01
5.097420811653137207e-01
4.654427617788314819e-02
5.283501744270324707e-01
1.246502995491027832e-01
4.168575704097747803e-01
4.459582865238189697e-01
1.283839195966720581e-01
5.542814731597900391e-02
3.347058221697807312e-02
4.676156938076019287e-01
1.126810908317565918e-01
3.675521314144134521e-01
6.785836219787597656e-01
3.896777629852294922e-01
1.608580797910690308e-01
1.142657771706581116e-01
3.566753864288330078e-01
2.095152586698532104e-01
1.245902776718139648e-01
2.258663922548294067e-01
1.662364155054092407e-01
2.999987006187438965e-01
7.549608945846557617e-01
7.360406965017318726e-02
2.364550083875656128e-01
8.798632770776748657e-02
1.906670629978179932e-01
2.166343778371810913e-01
7.040347456932067871e-01
4.475429654121398926e-01
7.193534076213836670e-02
5.517603829503059387e-02
9.475728124380111694e-02
9.604184329509735107e-02
1.664765328168869019e-01
7.637727260589599609e-02
2.950045168399810791e-01
2.068741172552108765e-01
6.134672090411186218e-02
4.668233394622802734e-01
2.941521406173706055e-01
1.003877297043800354e-01
3.741429746150970459e-01
4.649625346064567566e-02
6.038870811462402344e-01
8.117936551570892334e-02
1.722390353679656982e-01
2.525059878826141357e-01
4.241447895765304565e-02
2.137771397829055786e-01
3.041044771671295166e-01
4.026554226875305176e-01
2.728308439254760742e-01
5.839464068412780762e-01
5.181817412376403809e-01
6.510435789823532104e-02
2.706939280033111572e-01
4.866560101509094238e-01
1.249384284019470215e-01
2.352064698934555054e-01
2.436821460723876953e-01
3.644547760486602783e-01
1.588291972875595093e-01
1.347827166318893433e-01
3.281029164791107178e-01
5.942588672041893005e-02
3.356061875820159912e-01
1.589012295007705688e-01
4.379747807979583740e-01
2.559275031089782715e-01
5.333923920989036560e-02
8.887472003698348999e-02
2.536104619503021240e-01
2.428177893161773682e-01
7.361607253551483154e-02
3.219322562217712402e-01
7.829811424016952515e-02
1.481925696134567261e-01
7.588505744934082031e-02
2.516416311264038086e-01
3.509609103202819824e-01
1.302327364683151245e-01
8.662974089384078979e-02
4.089341759681701660e-01
1.737036705017089844e-01
1.055619865655899048e-01
1.043494567275047302e-01
7.254760712385177612e-02
3.104912638664245605e-01
2.956167757511138916e-01
2.264426499605178833e-01
6.725329905748367310e-02
2.891219556331634521e-01
1.228014975786209106e-01
2.090350687503814697e-01
1.783256977796554565e-01
6.326755881309509277e-02
7.020658254623413086e-02
2.945123016834259033e-01
4.007585942745208740e-01
2.626984417438507080e-01
1.994789093732833862e-01
2.665160894393920898e-01
2.798179090023040771e-01
9.457720071077346802e-02
1.853247284889221191e-01
5.753746628761291504e-01
3.985736519098281860e-02
1.152982264757156372e-01
3.761238604784011841e-02
5.063806101679801941e-02
1.249984502792358398e-01
3.042365312576293945e-01
7.945061475038528442e-02
1.349387913942337036e-01
3.169860839843750000e-01
1.530306786298751831e-01
5.107025057077407837e-02
2.654836475849151611e-01
1.213248521089553833e-01
1.852527111768722534e-01
3.108274042606353760e-01
3.808539211750030518e-01
9.964340925216674805e-02
3.465429544448852539e-01
2.546909749507904053e-01
1.204844862222671509e-01
6.517639011144638062e-02
3.902059793472290039e-01
2.990382611751556396e-01
1.835479587316513062e-01
5.538973212242126465e-01
5.396350845694541931e-02
4.094984009861946106e-02
1.249024197459220886e-01
1.675689965486526489e-01
6.157482415437698364e-02
3.409245312213897705e-01
1.391286104917526245e-01
2.332256138324737549e-01
5.497194454073905945e-02
2.544868886470794678e-01
4.313959181308746338e-01
8.712195605039596558e-02
7.111898064613342285e-02
3.882731497287750244e-01
3.845275342464447021e-01
1.395608037710189819e-01
4.044562205672264099e-02
4.517087936401367188e-01
4.082378447055816650e-01
2.673804759979248047e-01
4.049603939056396484e-01
3.556669652462005615e-01
1.160785704851150513e-01
5.679674074053764343e-02
3.137927055358886719e-01
4.357538223266601562e-01
3.080421984195709229e-01
5.393949896097183228e-02
1.942206025123596191e-01
4.696205556392669678e-01
3.702532947063446045e-01
3.983335196971893311e-02
3.906981945037841797e-01
1.572204977273941040e-01
2.789775431156158447e-01
1.351908892393112183e-01
4.666913151741027832e-01
1.261149495840072632e-01
4.701728522777557373e-01
4.641702175140380859e-01
4.291869699954986572e-02
4.265938401222229004e-01
6.339962035417556763e-02
4.950596988201141357e-01
6.654018759727478027e-01
8.977510780096054077e-02
2.793377041816711426e-01
1.408813744783401489e-01
3.845755457878112793e-01
1.069666072726249695e-01
3.194591775536537170e-02
2.753159403800964355e-01
9.277641773223876953e-02
4.955878853797912598e-01
2.133569568395614624e-01
4.787685722112655640e-02
1.205325126647949219e-01
2.454109042882919312e-01
1.665245443582534790e-01
5.217953324317932129e-01
1.482765972614288330e-01
1.522503346204757690e-01
1.429942995309829712e-01
2.723626494407653809e-01
2.198037654161453247e-01
2.060337513685226440e-01
1.496451944112777710e-01
3.946719467639923096e-01
6.986203193664550781e-01
7.500868290662765503e-02
7.054273486137390137e-01
1.259828805923461914e-01
3.438178002834320068e-01
5.638856440782546997e-02
2.468515485525131226e-01
1.938724517822265625e-01
2.722786366939544678e-01
4.479031264781951904e-01
3.530858159065246582e-01
1.724551171064376831e-01
4.064490795135498047e-01
3.267223536968231201e-01
4.285266995429992676e-01
2.395883798599243164e-01
9.000321477651596069e-02
1.198962330818176270e-01
4.377106949687004089e-02
7.302781194448471069e-02
1.047456264495849609e-01
1.592493802309036255e-01
1.421659439802169800e-01
1.055619865655899048e-01
1.277116388082504272e-01
1.558638960123062134e-01
3.847676143050193787e-02
1.277476549148559570e-01
8.212777972221374512e-02
1.984464526176452637e-01
3.543343544006347656e-01
1.880979388952255249e-01
3.782007396221160889e-01
8.383252471685409546e-02
4.248170554637908936e-01
8.586140722036361694e-02
2.849081158638000488e-01
3.722341656684875488e-01
4.564268290996551514e-01
5.849548578262329102e-01
2.557474076747894287e-01
4.343852698802947998e-01
9.316058456897735596e-02
1.932361871004104614e-01
1.927919834852218628e-01
1.243021488189697266e-01
3.221603333950042725e-01
3.478755652904510498e-01
6.213907152414321899e-02
3.170821368694305420e-01
6.733733415603637695e-02
2.677046358585357666e-01
1.952050328254699707e-01
1.317574083805084229e-01
8.707393705844879150e-02
1.600777357816696167e-01
1.827916353940963745e-01
3.776005208492279053e-01
2.419894188642501831e-01
3.589083552360534668e-01
2.129367589950561523e-01
2.163222283124923706e-01
3.988017439842224121e-01
1.833798885345458984e-01
2.520258128643035889e-01
5.034633278846740723e-01
3.373349606990814209e-01
1.464758068323135376e-01
2.595410645008087158e-01
5.606802701950073242e-01
3.859561383724212646e-01
5.073770284652709961e-01
4.110951125621795654e-01
5.451214909553527832e-01
1.022845655679702759e-01
1.641595214605331421e-01
3.366866707801818848e-01
1.777254194021224976e-01
2.621702253818511963e-01
2.013637274503707886e-01
8.934292197227478027e-02
4.067371785640716553e-02
1.422259658575057983e-01
5.721692368388175964e-02
4.787685871124267578e-01
1.377360075712203979e-01
7.284773886203765869e-02
1.338343024253845215e-01
2.946323454380035400e-01
1.671728342771530151e-01
1.163907051086425781e-01
3.395439088344573975e-01
8.861060440540313721e-02
1.408213526010513306e-01
2.992183566093444824e-01
3.638544976711273193e-01
5.417119860649108887e-01
2.363949865102767944e-01
1.645196676254272461e-01
1.508457064628601074e-01
3.712257146835327148e-01
6.271532177925109863e-02
3.674320876598358154e-01
3.302638828754425049e-01
2.291558235883712769e-01
1.930080801248550415e-01
1.142297610640525818e-01
2.761202752590179443e-01
6.616082042455673218e-02
2.814505994319915771e-01
9.293248504400253296e-02
5.271496251225471497e-02
4.327525198459625244e-01
2.239695638418197632e-01
5.057803541421890259e-02
3.039484024047851562e-01
1.019964367151260376e-01
9.126376360654830933e-02
2.572840750217437744e-01
2.809223830699920654e-01
1.542792171239852905e-01
1.617704778909683228e-01
2.740433812141418457e-01
1.269312947988510132e-01
6.133471801877021790e-02
1.977021247148513794e-01
8.060311526060104370e-02
5.095860362052917480e-01
4.531373977661132812e-01
3.900499045848846436e-01
2.916550636291503906e-01
4.569550454616546631e-01
1.233657374978065491e-01
2.220847457647323608e-01
1.274115145206451416e-01
3.481516540050506592e-01
2.102355957031250000e-01
3.610813021659851074e-01
4.018150269985198975e-02
8.565732091665267944e-02
3.733866512775421143e-01
1.045415401458740234e-01
1.194400340318679810e-01
1.098598614335060120e-01
5.111467242240905762e-01
4.007465839385986328e-01
2.283274680376052856e-01
7.541685551404953003e-02
1.891303956508636475e-01
4.967644214630126953e-01
5.671510696411132812e-01
2.820028662681579590e-01
4.543619155883789062e-01
5.688077956438064575e-02
2.087949514389038086e-01
4.068212211132049561e-01
3.826066851615905762e-02
9.611387550830841064e-02
5.706085637211799622e-02
3.089425861835479736e-01
1.791300326585769653e-01
6.332758814096450806e-02
1.089354529976844788e-01
3.233488500118255615e-01
3.157135248184204102e-01
8.649768680334091187e-02
5.936586484313011169e-02
9.129977226257324219e-02
3.980093896389007568e-01
1.108082681894302368e-01
9.845488518476486206e-02
3.016794323921203613e-01
4.270140230655670166e-01
9.472126513719558716e-02
1.722630411386489868e-01
1.950729787349700928e-01
3.895096778869628906e-01
9.480530023574829102e-02
8.637762814760208130e-02
2.888698279857635498e-01
5.450374633073806763e-02
5.625651031732559204e-02
3.417528867721557617e-01
5.023948550224304199e-01
4.361380040645599365e-01
3.307680785655975342e-01
3.295315504074096680e-01
1.054299250245094299e-01
2.515816092491149902e-01
2.101275473833084106e-01
1.777974516153335571e-01
2.726387679576873779e-01
4.303394854068756104e-01
4.605205953121185303e-01
9.055545181035995483e-02
6.540449708700180054e-02
1.885541528463363647e-01
1.544592827558517456e-01
9.870699793100357056e-02
3.612733781337738037e-01
1.116006150841712952e-01
3.802776634693145752e-01
7.564495503902435303e-02
2.328054159879684448e-01
2.280873507261276245e-01
3.274546563625335693e-01
8.660572767257690430e-02
4.251652359962463379e-01
1.880859434604644775e-01
8.410864323377609253e-02
1.677850931882858276e-01
3.503726422786712646e-01
1.490809470415115356e-01
8.002685755491256714e-02
8.014691621065139771e-02
5.460458993911743164e-01
5.842945724725723267e-02
2.231291979551315308e-01
2.433700114488601685e-01
3.380912840366363525e-01
8.362843096256256104e-02
8.958303183317184448e-02
2.467915117740631104e-01
3.104192316532135010e-01
2.608496546745300293e-01
1.054899618029594421e-01
3.011752068996429443e-01
1.472561508417129517e-01
5.279899761080741882e-02
8.534517884254455566e-02
7.773386687040328979e-02
2.593129575252532959e-01
1.103520765900611877e-01
3.535540103912353516e-01
7.249958813190460205e-02
1.861050724983215332e-01
3.948520123958587646e-01
2.671643793582916260e-01
2.924593985080718994e-01
3.741669952869415283e-01
3.843354284763336182e-01
4.169656336307525635e-01
7.506870478391647339e-02
5.037394762039184570e-01
1.356350928544998169e-01
3.892095685005187988e-01
4.392353594303131104e-01
1.134134083986282349e-01
4.295351207256317139e-01
2.855684161186218262e-01
1.136415004730224609e-01
2.590728700160980225e-01
6.395186483860015869e-02
1.576406806707382202e-01
3.417408764362335205e-01
1.367515772581100464e-01
3.123880922794342041e-01
2.366831153631210327e-01
2.329734861850738525e-01
6.472019851207733154e-02
3.801456093788146973e-01
3.111395537853240967e-01
6.161084398627281189e-02
7.217544317245483398e-01
1.728633046150207520e-01
2.828792333602905273e-01
2.302963286638259888e-01
4.640381336212158203e-01
4.647344648838043213e-01
1.645076721906661987e-01
8.640163540840148926e-01
3.744431436061859131e-01
5.163449048995971680e-02
5.110866427421569824e-01
4.177699983119964600e-01
1.931761503219604492e-01
9.163592010736465454e-02
2.718464136123657227e-01
2.618100345134735107e-01
4.491636753082275391e-01
5.095019564032554626e-02
2.524940073490142822e-01
5.084575414657592773e-01
3.721741139888763428e-01
4.122595861554145813e-02
2.442824095487594604e-01
1.029448509216308594e-01
4.375906288623809814e-02
2.061898261308670044e-01
3.679362833499908447e-01
7.602912187576293945e-02
1.531026959419250488e-01
4.505682885646820068e-01
6.571783423423767090e-01
7.666539400815963745e-02
5.307272076606750488e-01
3.721981346607208252e-01
7.605313509702682495e-02
3.815622031688690186e-01
1.427541822195053101e-01
8.227183669805526733e-02
4.174218177795410156e-01
4.979409277439117432e-01
1.655521243810653687e-01
7.620319724082946777e-01
6.644894927740097046e-02
1.565121859312057495e-01
5.571627244353294373e-02
3.644067645072937012e-01
2.391201704740524292e-01
3.013312518596649170e-01
2.912228703498840332e-01
5.794084072113037109e-01
9.167193621397018433e-02
3.153173625469207764e-01
2.347262650728225708e-01
1.345666199922561646e-01
1.026207134127616882e-01
2.808863818645477295e-01
4.697166085243225098e-01
5.462139844894409180e-01
3.116437792778015137e-01
4.473508894443511963e-01
2.653996348381042480e-01
3.123760819435119629e-01
1.660803407430648804e-01
7.407226413488388062e-02
3.112955987453460693e-01
4.534375295042991638e-02
1.601377576589584351e-01
3.968088626861572266e-01
6.674908101558685303e-02
8.317223191261291504e-02
1.249864473938941956e-01
1.202443838119506836e-01
4.175418987870216370e-02
4.055366665124893188e-02
2.475718557834625244e-01
2.507532536983489990e-01
3.078500926494598389e-01
1.796342581510543823e-01
4.385510459542274475e-02
9.328063577413558960e-02
5.330082178115844727e-01
3.312602937221527100e-01
3.978773355484008789e-01
2.132008820772171021e-01
6.317152082920074463e-02
2.486643344163894653e-01
2.264426499605178833e-01
4.351415634155273438e-01
3.029879927635192871e-01
3.014033138751983643e-01
3.478755652904510498e-01
3.754155337810516357e-01
1.354430168867111206e-01
2.193955630064010620e-01
3.270704746246337891e-01
4.024753272533416748e-01
1.083592101931571960e-01
1.750362515449523926e-01
3.046207129955291748e-01
4.282625615596771240e-01
3.459787070751190186e-01
8.565732091665267944e-02
1.552756428718566895e-01
2.257103174924850464e-01
3.251136243343353271e-01
3.312483131885528564e-01
1.401010304689407349e-01
7.309264540672302246e-01
6.427600234746932983e-02
2.714742720127105713e-01
5.886043906211853027e-01
3.280789256095886230e-01
1.371837705373764038e-01
4.642662703990936279e-01
4.071093499660491943e-01
4.614930152893066406e-01
3.991138637065887451e-01
4.908098280429840088e-01
5.276058316230773926e-01
3.177904486656188965e-01
4.240607321262359619e-01
3.197953402996063232e-01
2.987861633300781250e-01
1.845804154872894287e-01
1.098238453269004822e-01
3.730385005474090576e-01
9.308855235576629639e-02
3.254617750644683838e-02
2.493846416473388672e-01
5.539212748408317566e-02
3.984656035900115967e-01
3.260980546474456787e-01
2.543908059597015381e-01
3.271184861660003662e-01
2.077024728059768677e-01
3.654151856899261475e-01
5.095259547233581543e-01
8.868263661861419678e-02
1.328618824481964111e-01
4.045642316341400146e-01
3.794973194599151611e-01
2.879094183444976807e-01
1.280597895383834839e-01
1.258388161659240723e-01
7.289575785398483276e-02
3.090266287326812744e-01
2.790495753288269043e-01
2.477279156446456909e-01
2.284715175628662109e-01
2.977297008037567139e-01
1.473401933908462524e-01
2.183631211519241333e-01
2.631906569004058838e-01
1.588171869516372681e-01
3.146810829639434814e-01
3.987657129764556885e-01
2.412451058626174927e-01
1.809188127517700195e-01
1.057300567626953125e-01
1.807627528905868530e-01
1.689616143703460693e-01
2.608016133308410645e-01
2.035006582736968994e-01
5.893247127532958984e-01
1.354189962148666382e-01
6.095055490732192993e-02
4.546620845794677734e-01
3.683204352855682373e-01
4.523210525512695312e-01
6.255925446748733521e-02
1.202803999185562134e-01
1.978581994771957397e-01
1.659362912178039551e-01
3.093387782573699951e-01
3.455945551395416260e-01
5.914976820349693298e-02
6.430001556873321533e-02
2.656517326831817627e-01
2.841998040676116943e-01
5.592756271362304688e-01
1.802825331687927246e-01
2.889538705348968506e-01
1.948328763246536255e-01
2.783892750740051270e-01
5.757948756217956543e-01
4.188624769449234009e-02
2.027083188295364380e-01
1.370517015457153320e-01
1.982783824205398560e-01
3.368067443370819092e-01
2.724827229976654053e-01
1.137855648994445801e-01
9.810673445463180542e-02
1.496692001819610596e-01
4.769678041338920593e-02
1.874376535415649414e-01
2.267067730426788330e-01
4.195827990770339966e-02
8.401259779930114746e-02
3.421730697154998779e-01
1.945207417011260986e-01
3.375270366668701172e-01
9.071151912212371826e-02
4.893451631069183350e-01
3.922228515148162842e-01
3.935794532299041748e-01
1.225854083895683289e-01
7.008773684501647949e-01
1.336662322282791138e-01
1.639434248208999634e-01
3.552587628364562988e-01
1.146019250154495239e-01
1.938964575529098511e-01
8.970307558774948120e-02
5.042076706886291504e-01
3.615615069866180420e-01
2.549791038036346436e-01
3.915025591850280762e-01
1.001356244087219238e-01
3.304919898509979248e-01
4.148767590522766113e-01
8.654569834470748901e-02
2.144614309072494507e-01
4.911579787731170654e-01
2.011596262454986572e-01
3.791011571884155273e-01
1.686494797468185425e-01
3.836631476879119873e-01
8.301616460084915161e-02
1.779895424842834473e-01
9.167193621397018433e-02
2.584365904331207275e-01
1.535348892211914062e-01
8.103530108928680420e-02
4.868120700120925903e-02
4.062449932098388672e-01
1.751082837581634521e-01
6.018941998481750488e-01
8.859860152006149292e-02
5.589274764060974121e-01
1.568843573331832886e-01
1.549995243549346924e-01
1.801985055208206177e-01
2.098634243011474609e-01
3.032881319522857666e-01
2.809704244136810303e-01
3.007310330867767334e-01
1.279157251119613647e-01
3.308761417865753174e-01
3.574557006359100342e-01
3.142008781433105469e-01
1.105201467871665955e-01
2.657237648963928223e-01
2.959889471530914307e-01
3.159176111221313477e-01
1.202323809266090393e-01
1.635232418775558472e-01
4.066291451454162598e-01
6.079688668251037598e-01
1.120088025927543640e-01
3.515011370182037354e-01
5.616046860814094543e-02
1.789139360189437866e-01
2.867809236049652100e-01
3.074659407138824463e-01
1.841722279787063599e-01
2.919071614742279053e-01
3.304919898509979248e-01
1.085993051528930664e-01
5.555660128593444824e-01
4.239406585693359375e-01
2.039208412170410156e-01
3.000947237014770508e-01
1.574606001377105713e-01
3.934113681316375732e-02
1.581448912620544434e-01
9.310056269168853760e-02
1.556237936019897461e-01
1.287320703268051147e-01
5.088176727294921875e-01
2.107037752866744995e-01
5.599719882011413574e-01
1.093076243996620178e-01
3.059892952442169189e-01
1.035451069474220276e-01
7.270367443561553955e-02
1.369916796684265137e-01
3.419809937477111816e-01
1.543152183294296265e-01
4.196428358554840088e-01
1.903069019317626953e-01
1.166067942976951599e-01
3.478995561599731445e-01
2.185312062501907349e-01
9.230821579694747925e-02
2.500209212303161621e-01
1.718068569898605347e-01
1.673409044742584229e-01
4.619612395763397217e-01
3.248375356197357178e-01
7.079364061355590820e-01
6.820891499519348145e-01
1.561880409717559814e-01
7.222346216440200806e-02
5.060684680938720703e-01
2.138011455535888672e-01
3.609492480754852295e-01
4.781202971935272217e-01
3.169020414352416992e-01
4.726338982582092285e-01
7.826209068298339844e-02
3.123640716075897217e-01
6.020022630691528320e-01
2.928315699100494385e-01
2.253741770982742310e-01
3.509488999843597412e-01
2.696494758129119873e-01
3.491360843181610107e-01
3.147411048412322998e-01
2.366831153631210327e-01
5.700083449482917786e-02
2.503450810909271240e-01
1.116246208548545837e-01
1.038092300295829773e-01
3.725703060626983643e-01
2.018919438123703003e-01
2.741274237632751465e-01
1.265111118555068970e-01
5.700083449482917786e-02
2.966012060642242432e-01
8.601747453212738037e-02
1.746400892734527588e-01
2.984740436077117920e-01
1.934882849454879761e-01
4.467746317386627197e-01
2.792176306247711182e-01
2.698535621166229248e-01
8.143147081136703491e-02
2.018559277057647705e-01
4.525011181831359863e-01
9.839486330747604370e-02
4.545780122280120850e-01
4.869081079959869385e-01
5.805728957056999207e-02
3.367347121238708496e-01
1.464518010616302490e-01
4.743506610393524170e-01
5.469582602381706238e-02
4.511565342545509338e-02
5.171253085136413574e-01
5.037394762039184570e-01
1.976180970668792725e-01
1.000155732035636902e-01
3.222203850746154785e-01
1.001716405153274536e-01
2.001751959323883057e-01
1.734875887632369995e-01
9.065148979425430298e-02
1.260429024696350098e-01
2.325533181428909302e-01
3.581280112266540527e-01
3.185227811336517334e-01
1.312651932239532471e-01
1.598616391420364380e-01
7.134708017110824585e-02
2.176908254623413086e-01
5.922180041670799255e-02
6.060240417718887329e-02
6.610079854726791382e-02
7.849019020795822144e-02
2.359747886657714844e-01
1.093916520476341248e-01
1.139056235551834106e-01
5.578830242156982422e-01
6.218708679080009460e-02
3.328450024127960205e-01
1.994668990373611450e-01
3.039484024047851562e-01
2.177748680114746094e-01
1.084672436118125916e-01
6.815369427204132080e-02
4.209033772349357605e-02
1.044935211539268494e-01
5.622049048542976379e-02
1.984944790601730347e-01
1.363674104213714600e-01
7.059075683355331421e-02
1.464277952909469604e-01
2.561075687408447266e-01
1.667766571044921875e-01
7.122702896595001221e-02
3.103952109813690186e-01
1.661643832921981812e-01
2.457230389118194580e-01
4.197748601436614990e-01
5.820135399699211121e-02
8.817841857671737671e-02
1.929120421409606934e-01
3.823545873165130615e-01
6.829775124788284302e-02
2.237774878740310669e-01
4.005064666271209717e-01
5.252888202667236328e-01
9.940330684185028076e-02
1.860690563917160034e-01
3.174302875995635986e-01
3.494842648506164551e-01
1.239059790968894958e-01
2.572000622749328613e-01
1.530666798353195190e-01
2.778250277042388916e-01
3.679603040218353271e-01
1.821673512458801270e-01
1.680372059345245361e-01
1.283238977193832397e-01
6.027826294302940369e-02
4.244689047336578369e-01
5.255889892578125000e-02
2.913669347763061523e-01
9.970343112945556641e-02
6.276334077119827271e-02
4.786725044250488281e-01
4.385510385036468506e-01
4.612409323453903198e-02
3.789330720901489258e-01
2.341740131378173828e-01
4.134480953216552734e-01
5.213510990142822266e-01
6.282337009906768799e-02
1.078789979219436646e-01
1.010360121726989746e-01
8.485296368598937988e-02
4.910259246826171875e-01
5.248686671257019043e-01
3.246934413909912109e-01
3.566393554210662842e-01
5.119389891624450684e-01
2.757601439952850342e-01
2.084588110446929932e-01
1.916154772043228149e-01
1.499333232641220093e-01
3.814541995525360107e-01
2.356026470661163330e-01
2.616419792175292969e-01
1.871255189180374146e-01
4.350575506687164307e-01
1.306769251823425293e-01
6.954629719257354736e-02
6.990645825862884521e-02
9.671413153409957886e-02
7.427635788917541504e-02
2.436221390962600708e-01
3.357382714748382568e-01
4.306275770068168640e-02
8.408582806587219238e-01
3.218241930007934570e-01
5.479426980018615723e-01
2.185191959142684937e-01
1.229215487837791443e-01
2.232372611761093140e-01
3.538661599159240723e-01
2.646673023700714111e-01
6.498431414365768433e-02
1.999591141939163208e-01
4.683960378170013428e-01
1.335701793432235718e-01
2.794097363948822021e-01
1.159705147147178650e-01
1.356711089611053467e-01
2.448466569185256958e-01
3.704453706741333008e-01
2.839597165584564209e-01
3.252457082271575928e-01
1.492490172386169434e-01
1.138215810060501099e-01
1.037371903657913208e-01
1.112524643540382385e-01
1.058621183037757874e-01
3.108514249324798584e-01
6.877796351909637451e-02
2.669002711772918701e-01
7.080684602260589600e-02
3.153773844242095947e-01
1.462477147579193115e-01
1.807627528905868530e-01
7.660537213087081909e-02
3.033361434936523438e-01
4.186223819851875305e-02
1.795262098312377930e-01
1.386724114418029785e-01
1.798383444547653198e-01
8.332829922437667847e-02
1.347467005252838135e-01
1.157304197549819946e-01
3.828227818012237549e-01
2.204640358686447144e-01
1.360912770032882690e-01
2.585206329822540283e-01
1.992988288402557373e-01
4.133280813694000244e-01
1.500653773546218872e-01
4.243848919868469238e-01
3.433615863323211670e-01
6.667704880237579346e-02
3.025678098201751709e-01
2.942721843719482422e-01
8.529715985059738159e-02
3.092547357082366943e-01
2.439222633838653564e-01
1.096917912364006042e-01
2.456270009279251099e-01
3.597727417945861816e-01
8.105931431055068970e-02
6.117865070700645447e-02
7.019457966089248657e-02
9.850291162729263306e-02
6.114863753318786621e-01
1.630070060491561890e-01
1.365594863891601562e-01
5.547736883163452148e-01
2.950765490531921387e-01
2.933357954025268555e-01
4.048283696174621582e-01
3.059172630310058594e-01
8.685784041881561279e-02
1.650959253311157227e-01
5.917377397418022156e-02
3.828227818012237549e-01
1.448070853948593140e-01
2.237414568662643433e-01
3.873847424983978271e-01
3.465069532394409180e-01
7.066278904676437378e-02
3.588002920150756836e-01
6.049435213208198547e-02
4.031356424093246460e-02
2.385439127683639526e-01
1.490329355001449585e-01
3.765320479869842529e-01
3.883691877126693726e-02
5.540533661842346191e-01
7.290776073932647705e-02
1.509057432413101196e-01
3.398320376873016357e-01
1.798023283481597900e-01
1.491529792547225952e-01
4.740985333919525146e-01
2.299241572618484497e-01
3.088825643062591553e-01
2.457830756902694702e-01
3.533019125461578369e-01
1.403171271085739136e-01
6.163244843482971191e-01
1.987345665693283081e-01
1.703902333974838257e-01
3.392678201198577881e-01
3.745631873607635498e-01
1.470760703086853027e-01
3.608652055263519287e-01
4.846631586551666260e-01
1.207486018538475037e-01
5.090217664837837219e-02
2.526740729808807373e-01
5.001378655433654785e-01
3.824626207351684570e-01
3.164578676223754883e-01
3.078381121158599854e-01
6.033828258514404297e-01
2.958208620548248291e-01
1.489248722791671753e-01
3.483917936682701111e-02
3.125921785831451416e-01
3.201074302196502686e-01
3.229286670684814453e-01
4.178180396556854248e-01
3.960525617003440857e-02
2.350263893604278564e-01
8.910281956195831299e-02
1.470040529966354370e-01
2.146054953336715698e-01
1.164027079939842224e-01
1.394287347793579102e-01
1.764408648014068604e-01
6.210305169224739075e-02
2.435260862112045288e-01
1.581809073686599731e-01
5.470783263444900513e-02
4.073134362697601318e-01
4.242888391017913818e-01
6.006696820259094238e-01
5.419160798192024231e-02
4.870521724224090576e-01
1.042294055223464966e-01
1.731754392385482788e-01
6.147157549858093262e-01
2.728788554668426514e-01
3.936034739017486572e-01
6.881397962570190430e-02
7.454047352075576782e-02
2.405007630586624146e-01
4.981090128421783447e-01
1.896706223487854004e-01
3.471912443637847900e-02
1.453713327646255493e-01
4.916501641273498535e-01
2.630586028099060059e-01
3.763519525527954102e-01
6.904207915067672729e-02
1.205204948782920837e-01
1.221171990036964417e-01
8.143147081136703491e-02
2.197557240724563599e-01
1.055379733443260193e-01
4.237485826015472412e-01
7.396062016487121582e-01
2.884016335010528564e-01
3.192670941352844238e-01
1.749041974544525146e-01
1.497052162885665894e-01
6.943705081939697266e-01
1.779895424842834473e-01
1.436425745487213135e-01
3.208397626876831055e-01
2.705018222332000732e-01
2.475958615541458130e-01
4.779282212257385254e-01
2.647273242473602295e-01
1.143137961626052856e-01
3.787769973278045654e-01
5.575228855013847351e-02
1.513499319553375244e-01
4.280104637145996094e-01
4.245049506425857544e-02
1.570764333009719849e-01
2.778250277042388916e-01
7.159919291734695435e-02
2.699016034603118896e-01
8.786627650260925293e-02
5.552418902516365051e-02
5.613165497779846191e-01
1.316853612661361694e-01
1.019484177231788635e-01
4.104948043823242188e-01
3.528337180614471436e-01
2.638389468193054199e-01
2.297680824995040894e-01
8.643765747547149658e-02
2.078345268964767456e-01
2.959049046039581299e-01
1.050097495317459106e-01
6.083049774169921875e-01
3.903260529041290283e-01
6.268410682678222656e-01
5.904171988368034363e-02
5.913776159286499023e-02
5.817734822630882263e-02
1.161025762557983398e-01
1.205805316567420959e-01
8.163556456565856934e-02
4.542538821697235107e-01
3.216321170330047607e-01
1.570163965225219727e-01
1.239179894328117371e-01
3.876608908176422119e-01
4.532094597816467285e-01
3.787289857864379883e-01
1.425020843744277954e-01
2.683889269828796387e-01
1.670887917280197144e-01
5.716170668601989746e-01
6.758944690227508545e-02
1.781095862388610840e-01
3.260620534420013428e-01
1.314332634210586548e-01
9.828681498765945435e-02
9.033935517072677612e-02
8.988315612077713013e-02
3.682003915309906006e-01
5.456376820802688599e-02
8.509307354688644409e-02
3.282109797000885010e-01
2.269348651170730591e-01
7.324390858411788940e-02
7.210341095924377441e-02
4.796089231967926025e-02
2.050253152847290039e-01
3.400121331214904785e-01
5.037754774093627930e-01
4.464504718780517578e-01
9.598181396722793579e-02
5.207388401031494141e-01
4.796089231967926025e-01
5.817734822630882263e-02
2.639229893684387207e-01
1.263550370931625366e-01
7.906644791364669800e-02
9.536954760551452637e-02
7.584904879331588745e-02
9.009925276041030884e-02
5.655663833022117615e-02
2.920032143592834473e-01
3.710576593875885010e-01
1.102800369262695312e-01
5.497194454073905945e-02
2.302602976560592651e-01
5.593236908316612244e-02
2.280633449554443359e-01
7.463170886039733887e-01
2.656397223472595215e-01
1.917355358600616455e-01
4.914580881595611572e-01
1.446630209684371948e-01
4.126558005809783936e-01
5.052160620689392090e-01
3.095308244228363037e-01
5.067047476768493652e-01
3.689927458763122559e-01
2.001031637191772461e-01
1.008559390902519226e-01
1.707623898983001709e-01
1.181794777512550354e-01
3.199273645877838135e-01
2.037167549133300781e-01
4.738944470882415771e-01
4.204591810703277588e-01
4.035798013210296631e-01
5.121551156044006348e-01
3.356422185897827148e-01
2.622782588005065918e-01
4.641341865062713623e-01
1.292963325977325439e-01
2.079065889120101929e-01
5.808850526809692383e-01
9.879103302955627441e-02
2.674044966697692871e-01
1.773892790079116821e-01
2.738272845745086670e-01
2.027323246002197266e-01
4.262816905975341797e-01
2.771527469158172607e-01
2.302483171224594116e-01
5.052401423454284668e-01
2.651714980602264404e-01
2.921232581138610840e-01
1.467879414558410645e-01
3.324968516826629639e-01
4.171937406063079834e-01
3.897738158702850342e-01
1.276636123657226562e-01
2.037767618894577026e-01
5.084214732050895691e-02
2.569239139556884766e-01
2.517616748809814453e-01
6.364812850952148438e-01
1.554557234048843384e-01
3.553548157215118408e-01
6.678508967161178589e-02
3.382233381271362305e-01
1.485287100076675415e-01
3.059892952442169189e-01
5.377142503857612610e-02
1.626348495483398438e-01
1.279277354478836060e-01
7.103494554758071899e-02
9.329264611005783081e-02
3.696770370006561279e-01
4.111071228981018066e-01
7.209140807390213013e-02
9.564566612243652344e-02
3.883331716060638428e-01
4.023912847042083740e-01
1.253706067800521851e-01
1.988066136837005615e-01
6.767348200082778931e-02
1.066064387559890747e-01
3.707095086574554443e-01
3.741309940814971924e-01
3.269744515419006348e-01
8.033899962902069092e-02
1.896946281194686890e-01
1.176512464880943298e-01
9.874301403760910034e-02
4.097505211830139160e-01
1.363794058561325073e-01
4.113352000713348389e-01
8.550124615430831909e-02
3.868925273418426514e-01
8.159954845905303955e-02
6.029026582837104797e-02
2.072102576494216919e-01
9.833484143018722534e-02
1.098238453269004822e-01
5.425163730978965759e-02
2.360228151082992554e-01
1.758165955543518066e-01
3.315724432468414307e-01
1.289961934089660645e-01
5.803328379988670349e-02
1.016482859849929810e-01
3.679963052272796631e-01
3.654271960258483887e-01
5.351931601762771606e-02
1.389605402946472168e-01
1.488528549671173096e-01
1.365114748477935791e-01
3.067576587200164795e-01
1.845924109220504761e-01
1.873175948858261108e-01
8.918685466051101685e-02
2.507172226905822754e-01
1.872455775737762451e-01
6.036710143089294434e-01
8.295613527297973633e-02
6.965434551239013672e-02
2.916670739650726318e-01
1.087673828005790710e-01
4.997777044773101807e-01
3.783928453922271729e-01
3.134445548057556152e-01
3.742510378360748291e-01
2.248939722776412964e-01
4.125116765499114990e-01
1.197281628847122192e-01
4.266898632049560547e-01
2.688451111316680908e-01
2.538505792617797852e-01
4.220558702945709229e-01
7.051991820335388184e-01
6.889801472425460815e-02
2.607295811176300049e-01
4.288027882575988770e-01
1.250464767217636108e-01
8.919885754585266113e-02
1.966336667537689209e-01
5.317116528749465942e-02
5.526247620582580566e-01
7.612156271934509277e-01
2.914149463176727295e-01
5.330321788787841797e-01
3.533499240875244141e-01
1.364994645118713379e-01
3.134685456752777100e-01
4.245049506425857544e-02
5.372820496559143066e-01
1.537870019674301147e-01
1.039532944560050964e-01
1.132213249802589417e-01
2.322051525115966797e-01
1.959733814001083374e-01
1.055139675736427307e-01
1.847004741430282593e-01
5.591436028480529785e-01
3.295916020870208740e-01
5.568866133689880371e-01
2.231412231922149658e-01
1.064143553376197815e-01
5.786520987749099731e-02
1.029448509216308594e-01
7.324390858411788940e-02
3.546465039253234863e-01
9.437311440706253052e-02
1.969217956066131592e-01
3.236129879951477051e-01
5.499596148729324341e-02
1.138095781207084656e-01
4.978568851947784424e-02
3.666157126426696777e-01
2.280753701925277710e-01
7.703756541013717651e-02
3.665797114372253418e-01
3.946239054203033447e-01
1.638953983783721924e-01
1.667046248912811279e-01
4.314439296722412109e-01
2.997105717658996582e-01
1.318414360284805298e-01
2.296840697526931763e-01
6.020623072981834412e-02
3.299277424812316895e-01
3.074179291725158691e-01
3.368787467479705811e-01
2.643191516399383545e-01
2.963010966777801514e-01
6.122907400131225586e-01
7.888636738061904907e-02
7.673742622137069702e-02
7.183929532766342163e-02
2.513295114040374756e-01
1.565121859312057495e-01
2.472357004880905151e-01
7.446844130754470825e-02
1.440147459506988525e-01
3.039484024047851562e-01
1.179633885622024536e-01
7.952263951301574707e-02
2.151457369327545166e-01
1.517221033573150635e-01
1.571604609489440918e-01
2.945243120193481445e-01
2.833714485168457031e-01
2.879334390163421631e-01
6.463616341352462769e-02
8.185165375471115112e-02
2.525540292263031006e-01
1.291882842779159546e-01
2.265506982803344727e-01
1.962134689092636108e-01
6.379458904266357422e-01
4.643142819404602051e-01
5.682435631752014160e-01
3.132164478302001953e-01
1.582049131393432617e-01
7.886236160993576050e-02
1.296084672212600708e-01
4.024633467197418213e-01
3.301318287849426270e-01
4.428729116916656494e-01
2.179309427738189697e-01
5.008462071418762207e-01
3.466870486736297607e-01
3.398200273513793945e-01
1.054539456963539124e-01
1.264390796422958374e-01
9.373683482408523560e-02
9.226019680500030518e-02
2.090951055288314819e-01
4.304955601692199707e-01
2.719784677028656006e-01
7.655735313892364502e-02
5.133676528930664062e-01
4.411801993846893311e-01
2.125405818223953247e-01
8.586140722036361694e-02
3.396519720554351807e-01
4.335328638553619385e-01
1.134374141693115234e-01
1.208086237311363220e-01
3.991258740425109863e-01
5.363576412200927734e-01
2.036087065935134888e-01
4.617451727390289307e-01
3.044286370277404785e-01
7.030262798070907593e-02
3.802176415920257568e-01
2.555193305015563965e-01
5.619648098945617676e-02
1.593454182147979736e-01
1.532227545976638794e-01
6.283537298440933228e-02
1.904509663581848145e-01
6.110662221908569336e-02
8.113134652376174927e-02
1.049377098679542542e-01
5.855311155319213867e-01
9.011125564575195312e-02
3.136966526508331299e-01
5.949551463127136230e-01
3.644907772541046143e-01
1.494050920009613037e-01
2.919791936874389648e-01
4.491996765136718750e-01
1.816751509904861450e-01
2.960249781608581543e-01
1.162466406822204590e-01
2.968413233757019043e-01
4.476630389690399170e-01
1.024766489863395691e-01
1.669207066297531128e-01
4.033877551555633545e-01
3.510929346084594727e-01
5.622049048542976379e-02
1.645556837320327759e-01
3.133125007152557373e-01
5.273897573351860046e-02
5.480387210845947266e-01
4.531253874301910400e-01
8.658172190189361572e-02
4.169416427612304688e-01
5.123952031135559082e-01
7.018257677555084229e-02
1.191879138350486755e-01
4.362100064754486084e-01
4.617331624031066895e-01
2.627224624156951904e-01
3.151372969150543213e-01
3.110795021057128906e-01
7.900641858577728271e-02
7.458849996328353882e-02
4.915541112422943115e-01
1.155743524432182312e-01
6.380780041217803955e-02
1.483246088027954102e-01
2.354345619678497314e-01
1.857329159975051880e-01
3.206836879253387451e-01
4.150208085775375366e-02
2.784853279590606689e-01
5.070409178733825684e-01
3.361464440822601318e-01
2.313047647476196289e-01
4.340851008892059326e-01
2.626264095306396484e-01
8.389254659414291382e-02
4.537376463413238525e-01
6.200700998306274414e-02
6.301545351743698120e-02
1.122729107737541199e-01
7.020658254623413086e-02
2.367071211338043213e-01
3.167219758033752441e-01
2.024321854114532471e-01
9.970343112945556641e-02
5.503197386860847473e-02
1.423700302839279175e-01
2.742234468460083008e-01
8.093925565481185913e-02
7.594508677721023560e-02
1.464998275041580200e-01
2.958328723907470703e-01
5.797325447201728821e-02
3.492921590805053711e-01
3.575037419795989990e-01
2.858205139636993408e-01
3.985256254673004150e-01
4.474349021911621094e-01
3.842273652553558350e-01
3.315724432468414307e-01
8.551325649023056030e-02
6.596874445676803589e-02
4.183222353458404541e-01
5.259250998497009277e-01
1.528986096382141113e-01
1.248423829674720764e-01
2.184951752424240112e-01
2.439342737197875977e-01
3.553068041801452637e-01
5.043637156486511230e-01
3.673720359802246094e-01
2.954967319965362549e-01
1.912313103675842285e-01
7.626923173666000366e-02
8.554926514625549316e-02
3.703493475914001465e-01
2.235133647918701172e-01
2.959169149398803711e-01
7.177927345037460327e-02
1.155383363366127014e-01
7.115500420331954956e-02
7.798597216606140137e-02
3.278508186340332031e-01
2.821349203586578369e-01
6.126989126205444336e-01
6.578865647315979004e-02
2.854243218898773193e-01
3.441899418830871582e-01
1.693817824125289917e-01
2.664920985698699951e-01
1.310490816831588745e-01
6.874434351921081543e-01
4.366662204265594482e-01
7.557292282581329346e-02
3.815862238407135010e-01
5.123111605644226074e-01
3.047047555446624756e-01
5.098261237144470215e-01
2.901904284954071045e-01
3.654151856899261475e-01
6.563499569892883301e-01
4.874123036861419678e-01
3.026998639106750488e-01
5.632854253053665161e-02
1.491769999265670776e-01
5.214352011680603027e-01
2.395883798599243164e-01
7.428836077451705933e-02
1.942206025123596191e-01
4.348294436931610107e-01
1.346866786479949951e-01
9.132378548383712769e-02
3.307080864906311035e-01
8.999120444059371948e-02
2.191794961690902710e-01
1.930681169033050537e-01
1.613862961530685425e-01
6.125068292021751404e-02
2.466234415769577026e-01
3.192910850048065186e-01
1.463917791843414307e-01
3.314884006977081299e-01
1.262349933385848999e-01
3.462308347225189209e-01
4.251652359962463379e-01
4.636779725551605225e-01
3.454985320568084717e-01
4.033997654914855957e-01
1.155623421072959900e-01
1.920356601476669312e-01
4.208193421363830566e-01
3.036722838878631592e-01
3.802056312561035156e-01
3.134205341339111328e-01
2.765764892101287842e-01
6.063241362571716309e-01
2.062738686800003052e-01
1.705943197011947632e-01
5.336925387382507324e-01
3.411526381969451904e-01
1.121288463473320007e-01
2.664680778980255127e-01
3.892935812473297119e-01
4.667633399367332458e-02
3.290033042430877686e-01
9.504541009664535522e-02
3.531938493251800537e-01
1.386724114418029785e-01
4.533894956111907959e-01
3.112595975399017334e-01
1.453713327646255493e-01
1.555037349462509155e-01
5.031391978263854980e-02
2.771887481212615967e-01
2.581844925880432129e-01
1.394527405500411987e-01
5.279060006141662598e-01
4.656108319759368896e-01
2.796978652477264404e-01
3.413687050342559814e-01
3.059773147106170654e-01
3.322447240352630615e-01
1.047576293349266052e-01
3.577558696269989014e-01
7.055473327636718750e-02
1.104241013526916504e-01
1.328378766775131226e-01
7.285974174737930298e-02
4.692844673991203308e-02
1.432704180479049683e-01
2.803101241588592529e-01
2.753039300441741943e-01
2.947764098644256592e-01
4.230282902717590332e-01
4.665112197399139404e-01
8.164756745100021362e-02
2.668522298336029053e-01
1.738117188215255737e-01
3.920668065547943115e-01
4.235084950923919678e-01
5.749785304069519043e-01
4.723938107490539551e-01
7.771465182304382324e-01
9.669011831283569336e-02
1.275315582752227783e-01
1.663444638252258301e-01
2.586767077445983887e-01
1.242181211709976196e-01
1.931161284446716309e-01
4.558265805244445801e-01
1.048536822199821472e-01
7.634125649929046631e-02
1.228615194559097290e-01
6.887400150299072266e-02
3.129163086414337158e-01
4.167495369911193848e-01
7.805800437927246094e-02
3.461107611656188965e-02
2.283154577016830444e-01
2.214604914188385010e-01
6.403229236602783203e-01
3.767361342906951904e-01
4.475549980998039246e-02
3.813701570034027100e-01
4.066171497106552124e-02
5.568985939025878906e-01
4.103627800941467285e-01
4.290669411420822144e-02
1.873536109924316406e-01
1.523343622684478760e-01
5.385546013712882996e-02
2.672364413738250732e-01
5.876079797744750977e-01
9.619791060686111450e-02
4.854674935340881348e-01
3.019075095653533936e-01
5.820135399699211121e-02
2.943201959133148193e-01
2.055775672197341919e-01
3.744071125984191895e-01
1.722150295972824097e-01
3.235049247741699219e-01
8.779544830322265625e-01
1.141697391867637634e-01
2.608976662158966064e-01
1.478564143180847168e-01
1.311331242322921753e-01
1.270153373479843140e-01
2.152057439088821411e-01
3.717419505119323730e-01
3.945398926734924316e-01
2.000671625137329102e-01
7.629323750734329224e-02
1.242061033844947815e-01
4.133400693535804749e-02
1.930200904607772827e-01
2.367671579122543335e-01
1.483966559171676636e-01
1.576526761054992676e-01
1.976300925016403198e-01
2.483521997928619385e-01
3.314163684844970703e-01
1.777854412794113159e-01
1.086713448166847229e-01
1.017923504114151001e-01
1.999591141939163208e-01
2.222648113965988159e-01
1.524424105882644653e-01
1.325977742671966553e-01
5.637655854225158691e-01
6.886199861764907837e-02
3.933513760566711426e-01
3.481996953487396240e-01
7.809402048587799072e-02
9.251230210065841675e-02
4.292590320110321045e-01
1.708824485540390015e-01
2.720265090465545654e-01
4.024153202772140503e-02
1.082031354308128357e-01
2.435260862112045288e-01
3.658473789691925049e-01
4.918542802333831787e-01
4.066651463508605957e-01
1.441828161478042603e-01
7.455247640609741211e-02
4.660430178046226501e-02
2.622662484645843506e-01
1.921917200088500977e-01
1.706543415784835815e-01
2.047492116689682007e-01
5.763710662722587585e-02
4.192226380109786987e-02
6.821371912956237793e-01
2.377155572175979614e-01
1.111684367060661316e-01
8.739807456731796265e-02
8.521311730146408081e-02
3.850197494029998779e-01
1.812549680471420288e-01
9.954737126827239990e-02
1.380361318588256836e-01
4.427288472652435303e-01
3.238050639629364014e-01
8.491299301385879517e-02
1.639554351568222046e-01
2.731069922447204590e-01
2.835275232791900635e-01
2.651354968547821045e-01
5.477986484766006470e-02
1.476523131132125854e-01
2.550271153450012207e-01
6.020623072981834412e-02
4.228001534938812256e-01
3.940596580505371094e-01
2.100074738264083862e-01
3.628580868244171143e-01
3.140088021755218506e-01
3.019435405731201172e-01
1.584330201148986816e-01
3.331691324710845947e-01
5.362736582756042480e-01
1.805706620216369629e-01
4.898613989353179932e-01
9.300451725721359253e-02
4.097625315189361572e-01
4.154169559478759766e-01
3.808539211750030518e-01
1.377840340137481689e-01
5.429965257644653320e-02
3.172381818294525146e-01
1.080230623483657837e-01
8.499702811241149902e-02
1.055859923362731934e-01
2.081226557493209839e-01
1.842202544212341309e-01
2.846440076828002930e-01
4.525131285190582275e-01
1.702701747417449951e-01
7.279971241950988770e-02
1.918195635080337524e-01
6.541649997234344482e-02
7.825008779764175415e-02
8.231986314058303833e-02
1.656841784715652466e-01
8.213978260755538940e-02
3.484037816524505615e-01
1.683013290166854858e-01
8.807036280632019043e-02
4.924545437097549438e-02
4.163893759250640869e-01
1.588532030582427979e-01
2.472957372665405273e-01
1.959133595228195190e-01
9.117972105741500854e-02
6.869392842054367065e-02
3.262541294097900391e-01
6.492428481578826904e-02
2.329014539718627930e-01
1.532947868108749390e-01
4.260655939579010010e-01
4.207352697849273682e-01
3.518012464046478271e-01
9.879103302955627441e-02
1.993468403816223145e-01
3.245494067668914795e-01
2.249900102615356445e-01
1.275435537099838257e-01
2.686650454998016357e-01
3.410925865173339844e-01
8.825045078992843628e-02
3.409245312213897705e-01
2.385078966617584229e-01
3.178264796733856201e-01
2.542347609996795654e-01
9.230821579694747925e-02
3.445621132850646973e-01
4.336889386177062988e-01
1.872335672378540039e-01
3.045726716518402100e-01
1.266431659460067749e-01
3.427012860774993896e-01
1.938004344701766968e-01
1.927319616079330444e-01
3.586922585964202881e-01
4.519729316234588623e-01
1.181554719805717468e-01
1.411815136671066284e-01
1.952530592679977417e-01
2.958808839321136475e-01
1.760687083005905151e-01
2.845959663391113281e-01
4.581916034221649170e-01
1.528145670890808105e-01
1.317694038152694702e-01
4.051765054464340210e-02
3.945278823375701904e-01
4.160292148590087891e-01
2.660239040851593018e-01
6.894603371620178223e-02
3.326168954372406006e-01
9.257232397794723511e-02
1.702941954135894775e-01
3.863523006439208984e-01
5.940908193588256836e-01
9.467323869466781616e-02
3.283430337905883789e-01
4.084179177880287170e-02
3.645628392696380615e-01
1.718668788671493530e-01
6.685712188482284546e-02
1.265711486339569092e-01
9.748246520757675171e-02
1.746160686016082764e-01
5.761069655418395996e-01
3.082703053951263428e-01
1.387564390897750854e-01
9.618590027093887329e-02
4.429329335689544678e-01
2.450627535581588745e-01
3.524855673313140869e-01
2.711381316184997559e-01
2.487243413925170898e-01
3.671199455857276917e-02
7.721283435821533203e-01
3.532778918743133545e-01
1.570404022932052612e-01
1.946408003568649292e-01
1.283119022846221924e-01
1.367155611515045166e-01
3.398200273513793945e-01
2.327453941106796265e-01
3.038283586502075195e-01
2.519297301769256592e-01
1.361513137817382812e-01
3.183906972408294678e-01
9.265636652708053589e-02
1.139776483178138733e-01
4.848192334175109863e-01
1.362713575363159180e-01
1.226574331521987915e-01
4.008665978908538818e-01
4.579394757747650146e-01
4.338810145854949951e-01
2.887497842311859131e-01
2.085068225860595703e-01
2.505131363868713379e-01
1.593214124441146851e-01
5.157446861267089844e-02
7.976274937391281128e-02
2.453628778457641602e-01
1.263190358877182007e-01
1.904749721288681030e-01
3.415968120098114014e-01
1.803665757179260254e-01
3.596526682376861572e-01
3.455225229263305664e-01
3.253537416458129883e-01
1.641114950180053711e-01
4.828863739967346191e-01
4.632818326354026794e-02
3.691848218441009521e-01
1.658042371273040771e-01
9.180399030447006226e-02
1.488528549671173096e-01
2.332256138324737549e-01
1.906070411205291748e-01
2.350864261388778687e-01
4.026554152369499207e-02
2.828192114830017090e-01
1.029568538069725037e-01
4.109870493412017822e-01
4.238926470279693604e-01
4.337849617004394531e-01
7.887436449527740479e-02
2.266227304935455322e-01
5.186859965324401855e-01
2.263346016407012939e-01
5.458058118820190430e-01
5.456376820802688599e-02
7.182729244232177734e-02
2.058296650648117065e-01
4.336409270763397217e-01
7.876630872488021851e-02
2.620741724967956543e-01
8.081921190023422241e-02
1.545193046331405640e-01
3.322927653789520264e-01
4.578074514865875244e-01
1.547714322805404663e-01
2.524699866771697998e-01
3.840472996234893799e-01
4.908938333392143250e-02
4.461863636970520020e-01
2.058416604995727539e-01
6.385701894760131836e-01
1.328858882188796997e-01
1.500893831253051758e-01
1.185996681451797485e-01
1.566082239151000977e-01
1.365714967250823975e-01
9.846689552068710327e-02
4.425247609615325928e-01
6.239118054509162903e-02
3.991378843784332275e-01
8.452882617712020874e-02
1.512659043073654175e-01
2.137050926685333252e-01
3.540102243423461914e-01
3.605530858039855957e-01
1.480605006217956543e-01
3.708415627479553223e-01
3.539982140064239502e-01
8.778944015502929688e-01
5.261532068252563477e-01
2.655316889286041260e-01
8.210376650094985962e-02
3.855359554290771484e-01
2.601413428783416748e-01
2.131528705358505249e-01
4.250811636447906494e-01
6.225911900401115417e-02
3.723061978816986084e-01
2.869249880313873291e-01
3.836751580238342285e-01
4.124756753444671631e-01
6.949827820062637329e-02
2.802260816097259521e-01
1.257547885179519653e-01
3.240091502666473389e-01
1.161505952477455139e-01
1.541591584682464600e-01
2.360828369855880737e-01
8.320824801921844482e-02
3.785009086132049561e-01
2.414251863956451416e-01
4.028474986553192139e-01
1.565121859312057495e-01
9.945132583379745483e-02
2.251340597867965698e-01
7.996683567762374878e-02
2.424936294555664062e-01
3.332411944866180420e-01
1.162106320261955261e-01
7.158719003200531006e-02
6.411992907524108887e-01
3.613934218883514404e-01
2.545108795166015625e-01
2.197917550802230835e-01
5.882562324404716492e-02
6.235516071319580078e-02
2.943082153797149658e-01
1.272194236516952515e-01
2.912949025630950928e-01
2.440423071384429932e-01
4.977608323097229004e-01
2.248099297285079956e-01
6.431201845407485962e-02
1.198842301964759827e-01
1.069666072726249695e-01
3.145250082015991211e-01
3.120759427547454834e-01
4.125237166881561279e-01
7.636526972055435181e-02
1.349627971649169922e-01
1.448431015014648438e-01
3.556909561157226562e-01
1.641595214605331421e-01
4.350335299968719482e-01
1.499573290348052979e-01
5.029711127281188965e-01
9.808272868394851685e-02
3.320286571979522705e-01
1.474842429161071777e-01
1.760807037353515625e-01
1.107962653040885925e-01
6.871793419122695923e-02
1.335701793432235718e-01
2.887738049030303955e-01
8.379650115966796875e-02
1.040733382105827332e-01
4.773639738559722900e-01
2.704778313636779785e-01
8.652169257402420044e-02
1.146259307861328125e-01
7.907845079898834229e-02
7.198335975408554077e-02
4.356697946786880493e-02
6.886800527572631836e-01
3.556429445743560791e-01
1.130652576684951782e-01
4.821060299873352051e-01
3.918507322669029236e-02
1.456714719533920288e-01
3.964006900787353516e-01
2.195396423339843750e-01
6.851384788751602173e-02
3.422451019287109375e-01
3.609612584114074707e-01
1.770291179418563843e-01
9.584975242614746094e-02
4.031596183776855469e-01
3.150172233581542969e-01
4.081898331642150879e-01
4.481552168726921082e-02
1.404371708631515503e-01
3.521494269371032715e-01
1.841842383146286011e-01
3.144769966602325439e-01
4.913620650768280029e-01
3.118478655815124512e-01
2.767925858497619629e-01
1.028968244791030884e-01
6.009697914123535156e-01
5.794924497604370117e-02
3.936994969844818115e-01
2.113520652055740356e-01
1.322976350784301758e-01
7.339997589588165283e-02
4.575073421001434326e-01
4.417804777622222900e-01
3.228926658630371094e-01
2.999746799468994141e-01
3.676121532917022705e-01
4.116113185882568359e-01
3.479475677013397217e-01
1.911592781543731689e-01
3.086544573307037354e-01
1.374118626117706299e-01
2.244497835636138916e-01
5.240883231163024902e-01
4.506283402442932129e-01
3.585962057113647461e-01
7.167482376098632812e-01
3.815742433071136475e-01
2.643911838531494141e-01
1.228615194559097290e-01
1.561640352010726929e-01
1.284439563751220703e-01
1.382882446050643921e-01
6.223631501197814941e-01
3.669998794794082642e-02
6.168166995048522949e-01
1.721670031547546387e-01
1.431743800640106201e-01
6.114263460040092468e-02
3.738788664340972900e-01
2.615939676761627197e-01
8.449641466140747070e-01
4.401597678661346436e-01
2.013517171144485474e-01
4.058367908000946045e-01
2.980898618698120117e-01
1.286720484495162964e-01
6.897004693746566772e-02
5.246765613555908203e-01
4.651426374912261963e-01
5.831660628318786621e-01
8.484096080064773560e-02
2.805862128734588623e-01
8.999120444059371948e-02
4.996336400508880615e-01
1.963695436716079712e-01
4.301954209804534912e-01
2.237414568662643433e-01
7.002170085906982422e-01
7.033864408731460571e-02
2.562636435031890869e-01
1.307489722967147827e-01
2.192515134811401367e-01
1.137255430221557617e-01
5.411958098411560059e-01
1.841842383146286011e-01
2.061537951231002808e-01
4.640981853008270264e-01
7.180327773094177246e-01
4.310357570648193359e-01
2.767685651779174805e-01
3.376230895519256592e-01
1.929240524768829346e-01
1.220691800117492676e-01
3.374790251255035400e-01
2.627224624156951904e-01
3.601208627223968506e-01
1.406892985105514526e-01
9.666611254215240479e-02
1.818792372941970825e-01
1.103880926966667175e-01
9.713431447744369507e-02
1.205084919929504395e-01
9.099964052438735962e-02
1.808227747678756714e-01
8.253595232963562012e-02
2.049172669649124146e-01
2.431299239397048950e-01
4.372304677963256836e-02
1.445069611072540283e-01
5.568146109580993652e-01
3.703613281250000000e-01
4.805693626403808594e-01
5.638856440782546997e-02
5.652302503585815430e-01
5.719651579856872559e-01
1.795382201671600342e-01
2.473797649145126343e-01
2.743915319442749023e-01
2.867569327354431152e-01
5.326480269432067871e-01
4.356697946786880493e-02
1.422019451856613159e-01
2.978617846965789795e-01
4.125837385654449463e-01
4.793568253517150879e-01
4.183822572231292725e-01
9.517746418714523315e-02
1.105441600084304810e-01
3.383674025535583496e-01
5.982206016778945923e-02
2.344861477613449097e-01
1.257427781820297241e-01
2.734191119670867920e-01
2.107158005237579346e-01
1.164747402071952820e-01
5.446772649884223938e-02
6.803483963012695312e-01
2.693253457546234131e-01
4.850833117961883545e-01
1.498252600431442261e-01
5.191661715507507324e-01
1.697179377079010010e-01
1.498973071575164795e-01
3.810339868068695068e-01
7.156317234039306641e-01
7.186330854892730713e-02
1.946167796850204468e-01
4.925025403499603271e-01
6.460013985633850098e-02
3.502525985240936279e-01
3.662795946002006531e-02
3.259059786796569824e-01
1.404371708631515503e-01
2.231532186269760132e-01
4.174338281154632568e-01
2.473557442426681519e-01
1.514819860458374023e-01
1.582649499177932739e-01
4.234484732151031494e-01
3.100830912590026855e-01
7.248637676239013672e-01
2.905986011028289795e-01
3.865563869476318359e-01
3.481516614556312561e-02
9.879103302955627441e-02
2.524699866771697998e-01
1.774132847785949707e-01
2.659038305282592773e-01
1.468239575624465942e-01
3.252096772193908691e-01
2.003072500228881836e-01
1.853247284889221191e-01
1.766569614410400391e-01
8.308819681406021118e-02
3.669758737087249756e-01
2.765284478664398193e-01
5.962517261505126953e-01
2.553752362728118896e-01
1.343145221471786499e-01
9.897112101316452026e-02
3.421490639448165894e-02
5.803328379988670349e-02
7.341197878122329712e-02
3.336853682994842529e-01
3.993780016899108887e-01
2.942841947078704834e-01
7.416831701993942261e-02
6.312350183725357056e-02
1.797663122415542603e-01
6.170688197016716003e-02
3.702052533626556396e-01
2.060457468032836914e-01
8.073516935110092163e-02
7.674943655729293823e-02
1.636432856321334839e-01
2.196356803178787231e-01
3.474193513393402100e-01
1.593454182147979736e-01
3.782968223094940186e-01
5.658785700798034668e-01
2.542347609996795654e-01
2.394923269748687744e-01
3.630261421203613281e-01
9.014727175235748291e-02
4.527412354946136475e-01
7.083085924386978149e-02
3.974211215972900391e-01
6.487506031990051270e-01
7.580102235078811646e-02
6.360490918159484863e-01
2.060097455978393555e-01
1.707743853330612183e-01
4.720456525683403015e-02
2.441623657941818237e-01
1.029688641428947449e-01
4.732461646199226379e-02
1.389725506305694580e-01
2.576082348823547363e-01
1.560679972171783447e-01
3.983935713768005371e-01
7.246356457471847534e-02
1.026927381753921509e-01
8.454082906246185303e-02
1.063663363456726074e-01
3.806738555431365967e-01
6.830976158380508423e-02
2.135490179061889648e-01
1.460676342248916626e-01
9.731439501047134399e-02
2.154818773269653320e-01
6.056638434529304504e-02
1.879058629274368286e-01
1.977981775999069214e-01
4.484313428401947021e-01
2.661439478397369385e-01
1.239419952034950256e-01
3.108394145965576172e-01
8.813039213418960571e-02
7.599310576915740967e-02
3.812140822410583496e-01
2.859525680541992188e-01
4.492957293987274170e-01
1.029808670282363892e-01
1.946408003568649292e-01
2.182310670614242554e-01
3.455705344676971436e-01
5.898289680480957031e-01
1.407973319292068481e-01
7.954665273427963257e-02
8.144348114728927612e-02
5.432246327400207520e-01
4.228842258453369141e-01
4.853354394435882568e-01
2.071142196655273438e-01
8.916284888982772827e-02
2.952326238155364990e-01
6.098656728863716125e-02
9.717033058404922485e-02
1.595855206251144409e-01
7.630524039268493652e-02
3.609612584114074707e-01
2.190954536199569702e-01
2.086148709058761597e-01
5.335124209523200989e-02
1.837640553712844849e-01
6.534446775913238525e-02
3.015953898429870605e-01
4.150087833404541016e-01
3.721141219139099121e-01
1.864772289991378784e-01
2.917511165142059326e-01
4.973646700382232666e-01
2.959529161453247070e-01
9.284844994544982910e-02
2.038487941026687622e-01
8.092725276947021484e-02
1.590332835912704468e-01
5.042676925659179688e-01
2.053734511137008667e-01
9.795066714286804199e-02
2.919191718101501465e-01
7.849019020795822144e-02
4.357898607850074768e-02
9.361678361892700195e-02
5.886164307594299316e-02
4.798610210418701172e-01
8.310019969940185547e-02
1.097758188843727112e-01
6.193377971649169922e-01
5.260452032089233398e-01
2.202119380235671997e-01
1.333060711622238159e-01
7.251159101724624634e-02
3.009711205959320068e-01
1.280597895383834839e-01
1.978822052478790283e-01
1.953250914812088013e-01
4.785284772515296936e-02
2.888578474521636963e-01
3.859681487083435059e-01
1.507616788148880005e-01
9.851491451263427734e-02
3.469991683959960938e-01
1.715787500143051147e-01
6.846582144498825073e-02
1.765249073505401611e-01
5.271616578102111816e-01
1.984104365110397339e-01
2.111599892377853394e-01
4.325844347476959229e-01
1.603418439626693726e-01
5.793724060058593750e-01
1.987826079130172729e-01
3.197953402996063232e-01
3.308881521224975586e-01
1.441467851400375366e-01
1.928160041570663452e-01
3.408524692058563232e-01
1.460796445608139038e-01
4.889729917049407959e-01
1.297045052051544189e-01
9.523748606443405151e-02
2.050973474979400635e-01
4.608807712793350220e-02
1.086113080382347107e-01
1.090074926614761353e-01
5.656624436378479004e-01
1.377720087766647339e-01
1.228255033493041992e-01
7.563295215368270874e-02
2.675005197525024414e-01
2.038367986679077148e-01
5.435847640037536621e-01
4.089461266994476318e-01
5.198024511337280273e-01
4.136882424354553223e-01
3.819583952426910400e-01
3.996180891990661621e-01
3.937475383281707764e-01
1.216970086097717285e-01
1.477363556623458862e-01
2.617980539798736572e-01
7.470854371786117554e-02
1.181074529886245728e-01
3.687166273593902588e-01
3.299637436866760254e-01
1.122488975524902344e-01
4.117073714733123779e-01
1.516260504722595215e-01
8.637762814760208130e-02
2.691812515258789062e-01
1.337382644414901733e-01
1.506656259298324585e-01
2.454709261655807495e-01
1.344225555658340454e-01
4.408320412039756775e-02
4.613609910011291504e-01
1.558518856763839722e-01
4.387431144714355469e-01
4.390312358736991882e-02
1.079030036926269531e-01
8.026696741580963135e-02
1.355270445346832275e-01
2.250140160322189331e-01
1.550475507974624634e-01
1.126210615038871765e-01
1.244102045893669128e-01
1.780975908041000366e-01
1.939444988965988159e-01
3.155454695224761963e-01
3.499644696712493896e-01
2.486883401870727539e-01
3.557149767875671387e-01
3.418969511985778809e-01
1.163787022233009338e-01
2.115681618452072144e-01
2.531542778015136719e-01
8.346035331487655640e-02
2.946923673152923584e-01
5.773314833641052246e-02
5.546776652336120605e-01
1.042053923010826111e-01
7.671342045068740845e-02
2.565157413482666016e-01
2.634787857532501221e-01
5.912335515022277832e-01
1.010360121726989746e-01
2.901183962821960449e-01
1.245302483439445496e-01
2.576082348823547363e-01
5.669229626655578613e-01
1.035451069474220276e-01
1.853367388248443604e-01
5.171732902526855469e-01
4.068332314491271973e-01
1.989866942167282104e-01
1.345065981149673462e-01
5.605601668357849121e-01
1.460076123476028442e-01
1.806186884641647339e-01
3.630981743335723877e-01
2.696374654769897461e-01
1.997310072183609009e-01
4.959480464458465576e-01
1.162106320261955261e-01
2.004993408918380737e-01
3.498924374580383301e-01
4.596322178840637207e-01
4.624414443969726562e-02
3.872646987438201904e-01
2.047492116689682007e-01
6.109341382980346680e-01
5.646419525146484375e-01
2.093712091445922852e-01
3.107073605060577393e-01
2.016998827457427979e-01
4.058488011360168457e-01
3.021596372127532959e-01
1.255867183208465576e-01
3.209358155727386475e-01
3.553908169269561768e-01
2.807663381099700928e-01
3.846355676651000977e-01
1.262950152158737183e-01
7.954665273427963257e-02
8.622156083583831787e-02
1.908351331949234009e-01
3.448262214660644531e-01
4.811696112155914307e-01
9.594579786062240601e-02
8.296814560890197754e-02
4.564868509769439697e-01
1.366435289382934570e-01
7.098692655563354492e-02
6.535647064447402954e-02
3.768561780452728271e-01
1.582889556884765625e-01
3.805898129940032959e-01
1.048776879906654358e-01
4.842789769172668457e-01
1.235938444733619690e-01
3.898218274116516113e-01
2.494686841964721680e-01
1.834279149770736694e-01
3.401321768760681152e-01
6.800962984561920166e-02
1.534388512372970581e-01
2.794097363948822021e-01
2.976936995983123779e-01
5.332723259925842285e-02
3.968568742275238037e-01
1.366075128316879272e-01
4.470387399196624756e-01
1.485287100076675415e-01
5.363936349749565125e-02
4.205071926116943359e-01
6.120266392827033997e-02
1.337502598762512207e-01
2.023481428623199463e-01
4.984211623668670654e-01
5.515562891960144043e-01
2.434180527925491333e-01
2.058416604995727539e-01
4.283345639705657959e-01
3.776365220546722412e-01
1.048536822199821472e-01
1.337982863187789917e-01
4.614810645580291748e-01
3.085224032402038574e-01
8.275204896926879883e-02
4.291389584541320801e-01
4.325844347476959229e-01
3.589923977851867676e-01
4.203751087188720703e-01
5.489031672477722168e-01
3.080902099609375000e-01
1.155623421072959900e-01
2.906946539878845215e-01
5.578350424766540527e-01
3.667597770690917969e-01
5.048199370503425598e-02
2.071502506732940674e-01
1.035090908408164978e-01
4.939911961555480957e-01
3.841193616390228271e-01
6.737335026264190674e-02
4.757672548294067383e-02
4.223919808864593506e-01
5.246405601501464844e-01
3.675040900707244873e-01
3.940236568450927734e-01
1.187197193503379822e-01
2.833714485168457031e-01
3.174182772636413574e-02
4.282265529036521912e-02
1.935002952814102173e-01
1.460796445608139038e-01
6.428801268339157104e-02
6.123988032341003418e-01
4.136641919612884521e-01
6.784995794296264648e-01
2.892059981822967529e-01
3.668798133730888367e-02
2.175827771425247192e-01
2.915109992027282715e-01
3.883691728115081787e-01
3.240691721439361572e-01
1.230536103248596191e-01
3.281629681587219238e-01
3.196632564067840576e-01
1.379280835390090942e-01
7.284773886203765869e-02
1.002556681632995605e-01
4.989493489265441895e-01
2.446425706148147583e-01
1.360072493553161621e-01
3.693769276142120361e-01
2.996385395526885986e-01
1.544112712144851685e-01
5.477986484766006470e-02
2.777409851551055908e-01
4.506283402442932129e-01
8.228384703397750854e-02
2.239095419645309448e-01
1.360192596912384033e-01
4.053445756435394287e-01
6.275854110717773438e-01
1.184556037187576294e-01
3.569034934043884277e-01
3.099990487098693848e-01
2.252061218023300171e-01
4.242168068885803223e-01
1.187437325716018677e-01
3.175383508205413818e-01
6.033828482031822205e-02
3.165058791637420654e-01
4.382269084453582764e-01
8.061511814594268799e-02
2.757841348648071289e-01
2.611497640609741211e-01
2.270909398794174194e-01
1.732954829931259155e-01
6.099857017397880554e-02
7.115500420331954956e-02
6.009337902069091797e-01
5.260812044143676758e-01
1.841362118721008301e-01
6.212946772575378418e-01
3.298676908016204834e-01
1.030889078974723816e-01
5.422402024269104004e-01
3.389436602592468262e-01
3.368067443370819092e-01
3.491961359977722168e-01
3.078381121158599854e-01
3.394838869571685791e-01
2.405007630586624146e-01
1.425981223583221436e-01
9.020730108022689819e-02
1.916034668684005737e-01
5.964198336005210876e-02
4.156810939311981201e-01
1.408213526010513306e-01
1.351548880338668823e-01
5.696481466293334961e-02
5.631653666496276855e-01
5.628291964530944824e-01
2.006674110889434814e-01
4.305915832519531250e-01
1.667286306619644165e-01
9.765054285526275635e-02
1.663324683904647827e-01
1.353349536657333374e-01
4.180460870265960693e-01
8.511707931756973267e-02
3.230847418308258057e-01
1.431863754987716675e-01
1.137615591287612915e-01
3.004429042339324951e-01
6.540449708700180054e-02
2.580644190311431885e-01
3.651390671730041504e-01
5.807890295982360840e-01
2.659638822078704834e-01
9.379686415195465088e-02
7.385857701301574707e-01
2.925914525985717773e-01
1.575686484575271606e-01
3.287152051925659180e-01
2.414972037076950073e-01
3.658593893051147461e-01
2.816546857357025146e-01
1.032329723238945007e-01
9.298050403594970703e-02
2.700576484203338623e-01
4.306395947933197021e-01
3.700011596083641052e-02
8.654569834470748901e-02
4.795369207859039307e-01
2.755080163478851318e-01
3.108994364738464355e-01
1.964415758848190308e-01
3.552827537059783936e-01
4.709291458129882812e-01
9.406097978353500366e-02
2.575962245464324951e-01
5.894568189978599548e-02
5.702964663505554199e-01
7.732568681240081787e-02
3.224364519119262695e-01
2.784253060817718506e-01
2.059977352619171143e-01
9.029133617877960205e-02
9.550160169601440430e-02
3.069497048854827881e-01
2.185912132263183594e-01
3.672280013561248779e-01
2.240776121616363525e-01
1.149500757455825806e-01
3.515251576900482178e-01
3.073098659515380859e-01
3.748873174190521240e-01
2.471756786108016968e-01
1.364994645118713379e-01
2.983179688453674316e-01
1.873055994510650635e-01
5.356733873486518860e-02
1.148300170898437500e-01
1.677130609750747681e-01
3.357502818107604980e-01
2.536225020885467529e-01
1.462957262992858887e-01
1.372918188571929932e-01
3.905781507492065430e-01
3.629901111125946045e-01
2.287956774234771729e-01
1.434264779090881348e-01
7.837014645338058472e-02
4.132440090179443359e-01
1.955772042274475098e-01
1.161385923624038696e-01
4.876524209976196289e-02
6.923416256904602051e-02
8.498502522706985474e-02
2.289997637271881104e-01
3.090746402740478516e-01
3.633022606372833252e-01
1.388764977455139160e-01
2.192035019397735596e-01
3.872407078742980957e-01
2.881135046482086182e-01
2.827471792697906494e-01
1.106882244348526001e-01
1.113965287804603577e-01
2.835275232791900635e-01
8.922287076711654663e-02
2.044730633497238159e-01
2.270309031009674072e-01
1.053218841552734375e-01
4.299193024635314941e-01
2.334657013416290283e-01
3.387875854969024658e-01
9.135980159044265747e-02
7.264364510774612427e-02
8.488897979259490967e-02
9.033935517072677612e-02
3.426172435283660889e-01
1.328978985548019409e-01
6.848984211683273315e-02
2.299481630325317383e-01
6.119906306266784668e-01
1.972219198942184448e-01
3.625219464302062988e-01
4.742425978183746338e-01
6.609719395637512207e-01
6.664103269577026367e-02
3.128562867641448975e-01
2.859525680541992188e-01
2.198037654161453247e-01
3.782607913017272949e-01
7.359205931425094604e-02
3.070097565650939941e-01
7.821407169103622437e-02
4.262816905975341797e-01
3.613934218883514404e-01
2.471996843814849854e-01
2.419414073228836060e-01
2.509453296661376953e-01
3.403842747211456299e-01
1.718428581953048706e-01
1.000035628676414490e-01
3.854639232158660889e-01
2.998666465282440186e-01
1.991307586431503296e-01
3.189789652824401855e-01
4.479631483554840088e-01
7.260762900114059448e-02
1.713866591453552246e-01
3.128442764282226562e-01
3.334572613239288330e-01
8.230786025524139404e-02
5.698042511940002441e-01
1.133413836359977722e-01
6.746939569711685181e-02
6.782954931259155273e-02
2.528181374073028564e-01
1.331980228424072266e-01
1.016963049769401550e-01
2.876212894916534424e-01
1.242301240563392639e-01
3.809259533882141113e-01
3.491601049900054932e-01
4.033877551555633545e-01
1.763448268175125122e-01
6.366973519325256348e-01
4.583956897258758545e-01
3.985136151313781738e-01
3.753915429115295410e-01
5.283141732215881348e-01
3.882131278514862061e-01
1.505335867404937744e-01
1.656361669301986694e-01
1.665605604648590088e-01
1.642675697803497314e-01
4.393073618412017822e-01
7.617198824882507324e-01
4.366302117705345154e-02
2.217846214771270752e-01
3.633262813091278076e-01
3.454264998435974121e-01
1.069906130433082581e-01
2.745956182479858398e-01
1.942206025123596191e-01
2.374514341354370117e-01
3.243573009967803955e-01
2.986541092395782471e-01
4.021992385387420654e-01
5.004019737243652344e-01
1.682412922382354736e-01
5.703684687614440918e-02
4.894412159919738770e-01
1.137615591287612915e-01
1.642555594444274902e-01
3.229767084121704102e-01
1.326577961444854736e-01
1.068705543875694275e-01
7.488862425088882446e-02
3.509969115257263184e-01
6.065042018890380859e-01
6.194698810577392578e-02
4.808934628963470459e-01
2.451827973127365112e-01
1.934282630681991577e-01
3.466510176658630371e-01
2.413171380758285522e-01
1.687335073947906494e-01
6.864590942859649658e-02
2.507412135601043701e-01
2.255782634019851685e-01
3.740469515323638916e-01
3.922588825225830078e-01
1.131012663245201111e-01
1.913033425807952881e-01
3.507928252220153809e-01
5.122991800308227539e-01
2.075584232807159424e-01
1.145539060235023499e-01
3.094708323478698730e-01
1.920956820249557495e-01
1.012400984764099121e-01
7.925732731819152832e-01
1.721790134906768799e-01
5.772114545106887817e-02
5.610043928027153015e-02
1.335701793432235718e-01
7.159919142723083496e-01
3.400601446628570557e-01
6.398066878318786621e-01
3.983335196971893311e-01
7.052472233772277832e-01
3.955723345279693604e-02
6.253524869680404663e-02
7.455847859382629395e-01
2.133089303970336914e-01
1.106882244348526001e-01
1.885061115026473999e-01
4.034957662224769592e-02
2.055055201053619385e-01
5.878000855445861816e-01
9.688220918178558350e-02
2.432139366865158081e-01
2.665041089057922363e-01
7.972673326730728149e-02
1.082271486520767212e-01
9.367680549621582031e-02
1.440027356147766113e-01
2.426377087831497192e-01
4.967764019966125488e-02
7.063876837491989136e-02
7.270367443561553955e-02
6.881397962570190430e-02
8.079519867897033691e-02
1.173151060938835144e-01
1.475442796945571899e-01
2.480760663747787476e-01
2.602253854274749756e-01
1.309170424938201904e-01
1.732834875583648682e-01
4.191865921020507812e-01
2.687250673770904541e-01
8.125139772891998291e-02
2.881255149841308594e-01
6.708522886037826538e-02
4.007345810532569885e-02
1.237259060144424438e-01
6.610079854726791382e-02
1.119727715849876404e-01
2.550751268863677979e-01
4.395114630460739136e-02
6.682111322879791260e-02
2.817147374153137207e-01
8.408463001251220703e-02
1.305928975343704224e-01
7.392820715904235840e-02
4.629336893558502197e-01
1.313612312078475952e-01
6.716926395893096924e-02
3.367347121238708496e-01
3.838912248611450195e-01
4.400036931037902832e-01
3.812260627746582031e-01
4.592480659484863281e-01
1.031009107828140259e-01
4.632337987422943115e-01
3.293994963169097900e-01
1.965616196393966675e-01
5.598278641700744629e-01
4.561867415904998779e-01
5.181817412376403809e-01
1.300166398286819458e-01
3.363745212554931641e-01
3.379472196102142334e-01
9.985949844121932983e-02
2.279793024063110352e-01
7.658135890960693359e-02
5.049519538879394531e-01
3.050889074802398682e-01
2.271869629621505737e-01
2.249419987201690674e-01
2.973095178604125977e-01
2.013397067785263062e-01
6.333239078521728516e-01
3.351139724254608154e-01
6.369975209236145020e-02
4.346973598003387451e-01
5.339686274528503418e-01
3.050529062747955322e-01
3.683444559574127197e-01
1.494170874357223511e-01
7.545287162065505981e-02
4.611208662390708923e-02
3.114877045154571533e-01
1.797903180122375488e-01
2.857964932918548584e-01
3.777205646038055420e-01
2.992303669452667236e-01
5.048078894615173340e-01
1.861650943756103516e-01
6.603356599807739258e-01
4.851313307881355286e-02
8.463686704635620117e-02
5.278099179267883301e-01
4.366422295570373535e-01
3.865683972835540771e-01
1.080350652337074280e-01
1.930440962314605713e-01
4.359939098358154297e-01
7.994282245635986328e-02
1.380481421947479248e-01
1.555997878313064575e-01
3.668798208236694336e-01
3.610813021659851074e-01
6.219909712672233582e-02
4.351295530796051025e-01
2.446185648441314697e-01
1.125130206346511841e-01
1.061862632632255554e-01
1.571004390716552734e-01
9.095162153244018555e-02
3.443460166454315186e-01
3.609252274036407471e-01
2.715943157672882080e-01
2.807783186435699463e-01
1.204244643449783325e-01
5.500075817108154297e-01
1.317694038152694702e-01
3.541302680969238281e-01
3.030000030994415283e-01
4.474709630012512207e-01
4.500760883092880249e-02
1.584330201148986816e-01
4.198108613491058350e-01
3.028439283370971680e-01
2.493726313114166260e-01
1.446750313043594360e-01
4.404238760471343994e-01
1.385283470153808594e-01
1.653960496187210083e-01
2.403687089681625366e-01
2.669843137264251709e-01
4.947355389595031738e-01
4.827303066849708557e-02
3.652351200580596924e-01
2.490244954824447632e-01
3.453664481639862061e-01
2.750158011913299561e-01
4.481312334537506104e-01
3.458106517791748047e-01
5.695281177759170532e-02
2.782692313194274902e-01
1.793941557407379150e-01
2.323852330446243286e-01
1.030648946762084961e-01
1.093316301703453064e-01
8.682182431221008301e-02
3.012952506542205811e-01
4.685641452670097351e-02
4.075295627117156982e-01
1.450711935758590698e-01
6.853785365819931030e-02
4.890090525150299072e-01
3.814902007579803467e-01
3.924029469490051270e-01
1.188997998833656311e-01
2.199718207120895386e-01
3.273826241493225098e-01
3.312242925167083740e-01
1.017203107476234436e-01
6.114263460040092468e-02
3.579959571361541748e-01
3.939396142959594727e-01
8.506906032562255859e-02
1.005798131227493286e-01
1.670167595148086548e-01
3.887893855571746826e-01
2.871890962123870850e-01
3.808178901672363281e-01
6.640093028545379639e-02
1.506056040525436401e-01
1.764528602361679077e-01
1.339543610811233521e-01
1.405812352895736694e-01
3.650910556316375732e-01
6.764947623014450073e-02
3.195912241935729980e-01
5.689278244972229004e-02
3.508888483047485352e-01
4.007105827331542969e-01
1.130412444472312927e-01
5.743302032351493835e-02
2.567798793315887451e-01
1.881219595670700073e-01
8.426471054553985596e-02
2.811024785041809082e-01
3.835791051387786865e-01
3.422811031341552734e-01
2.242456972599029541e-01
5.625651031732559204e-02
3.004188835620880127e-01
1.079270169138908386e-01
1.840041577816009521e-01
1.223212853074073792e-01
2.122284471988677979e-01
1.753964126110076904e-01
2.019279748201370239e-01
7.015856355428695679e-02
5.735018253326416016e-01
4.315519928932189941e-01
8.212777972221374512e-02
1.654440760612487793e-01
3.987657129764556885e-01
9.713431447744369507e-02
2.543788254261016846e-01
1.157304197549819946e-01
2.432139366865158081e-01
2.439582794904708862e-01
2.007394582033157349e-01
2.723986804485321045e-01
4.026794135570526123e-01
2.218686640262603760e-01
4.046722948551177979e-01
6.606478244066238403e-02
6.165285706520080566e-01
3.907702490687370300e-02
1.257067620754241943e-01
3.605290651321411133e-01
1.215289384126663208e-01
1.024646386504173279e-01
2.765764892101287842e-01
7.056674361228942871e-02
9.038737416267395020e-02
3.514651060104370117e-01
3.740229308605194092e-01
3.531098067760467529e-01
6.290740519762039185e-02
4.511805474758148193e-01
1.937163919210433960e-01
2.247619181871414185e-01
3.447061479091644287e-01
2.062138319015502930e-01
2.449667304754257202e-01
1.269673109054565430e-01
2.209562510251998901e-01
1.236418634653091431e-01
3.491841256618499756e-01
2.394563257694244385e-01
5.527208000421524048e-02
1.767770051956176758e-01
1.305688768625259399e-01
1.581569015979766846e-01
2.148215770721435547e-01
1.389005035161972046e-01
1.193800121545791626e-01
3.588723540306091309e-01
2.516656517982482910e-01
5.515202507376670837e-02
2.512814700603485107e-01
2.221927940845489502e-01
8.971508592367172241e-02
2.595050632953643799e-01
3.404803276062011719e-01
4.983611106872558594e-01
1.544232815504074097e-01
2.703697681427001953e-01
1.724671423435211182e-01
1.378560513257980347e-01
4.894532263278961182e-02
6.114383935928344727e-01
2.355906218290328979e-01
4.474228918552398682e-01
8.389254659414291382e-02
1.602097898721694946e-01
4.052965715527534485e-02
1.841122061014175415e-01
5.796365141868591309e-01
1.223693042993545532e-01
4.475549757480621338e-01
3.314764201641082764e-01
3.387875854969024658e-01
5.206428170204162598e-01
1.587091386318206787e-01
8.729002624750137329e-02
5.295146703720092773e-01
1.877858042716979980e-01
5.389987826347351074e-01
2.678847014904022217e-01
3.694249391555786133e-01
6.367573887109756470e-02
3.204075992107391357e-01
7.916248589754104614e-02
1.349988132715225220e-01
6.754142045974731445e-02
3.469511568546295166e-01
2.204760611057281494e-01
8.739807456731796265e-02
1.142417713999748230e-01
7.552490383386611938e-02
3.591604828834533691e-01
2.999026477336883545e-01
1.500053405761718750e-01
6.320753693580627441e-02
1.471000760793685913e-01
3.434336185455322266e-01
4.408440589904785156e-01
2.674405276775360107e-01
4.315880313515663147e-02
1.295124143362045288e-01
3.609972596168518066e-01
5.858672261238098145e-01
3.139847815036773682e-01
2.499608993530273438e-01
1.071946993470191956e-01
2.567438483238220215e-01
2.491205185651779175e-01
9.131177514791488647e-02
3.403602540493011475e-01
1.306769251823425293e-01
1.477603763341903687e-01
4.605686366558074951e-01
3.466990292072296143e-01
3.617055714130401611e-01
3.339974880218505859e-01
3.112836182117462158e-01
2.077745199203491211e-01
1.229095458984375000e-01
1.053098812699317932e-01
1.545433253049850464e-01
1.003157049417495728e-01
8.918685466051101685e-02
3.005509376525878906e-01
2.823990285396575928e-01
3.183906972408294678e-01
1.652880162000656128e-01
4.981330037117004395e-01
2.837916314601898193e-01
3.370108306407928467e-01
2.296240329742431641e-01
8.725401014089584351e-02
7.284773886203765869e-02
3.723182082176208496e-01
1.240860596299171448e-01
1.586131006479263306e-01
1.706303358078002930e-01
6.777552962303161621e-01
1.904029548168182373e-01
1.020564585924148560e-01
1.094877049326896667e-01
6.107060238718986511e-02
4.202670753002166748e-01
3.047647774219512939e-01
4.774479940533638000e-02
7.905443757772445679e-02
1.202203780412673950e-01
1.036771684885025024e-01
1.191879138350486755e-01
5.095739960670471191e-01
1.826355606317520142e-01
3.628220558166503906e-01
3.017514646053314209e-01
1.312291622161865234e-01
2.690612077713012695e-01
1.217210292816162109e-01
4.902575612068176270e-01
4.756592214107513428e-01
1.617704778909683228e-01
2.041609287261962891e-01
3.419209420680999756e-01
2.101035416126251221e-01
7.839415222406387329e-02
4.499560296535491943e-01
5.809330940246582031e-02
4.780722558498382568e-01
2.097433805465698242e-01
3.402642309665679932e-01
4.429089725017547607e-01
1.673409044742584229e-01
1.772812306880950928e-01
1.006518527865409851e-01
4.794528484344482422e-01
6.075846776366233826e-02
1.584330201148986816e-01
4.535335600376129150e-01
5.029591321945190430e-01
5.705485343933105469e-01
2.919191718101501465e-01
5.863354355096817017e-02
4.237846285104751587e-02
4.415883719921112061e-01
1.340984255075454712e-01
1.351068615913391113e-01
3.574317097663879395e-01
4.976408183574676514e-01
4.748068377375602722e-02
5.612444877624511719e-02
1.276876181364059448e-01
2.132609188556671143e-01
2.992303669452667236e-01
5.577149391174316406e-01
3.422451019287109375e-01
1.978581994771957397e-01
2.244497835636138916e-01
6.803603768348693848e-01
3.648149371147155762e-01
1.011560708284378052e-01
2.208842337131500244e-01
4.150567948818206787e-01
2.196356803178787231e-01
7.086687535047531128e-02
2.732630670070648193e-01
3.292794525623321533e-01
2.826031148433685303e-01
3.066855967044830322e-01
1.208086237311363220e-01
2.622782588005065918e-01
3.387275636196136475e-01
1.942326128482818604e-01
3.001907765865325928e-01
2.775609195232391357e-01
1.728272885084152222e-01
1.268832683563232422e-01
2.080626487731933594e-01
4.574112594127655029e-01
1.668726950883865356e-01
4.359579086303710938e-01
6.673707813024520874e-02
9.653405845165252686e-02
1.020804643630981445e-01
7.826209068298339844e-02
5.084815025329589844e-01
4.658869802951812744e-01
2.484842538833618164e-01
1.400650143623352051e-01
2.303923666477203369e-01
3.276587426662445068e-01
4.553943574428558350e-01
3.327489793300628662e-01
1.176272407174110413e-01
9.882705658674240112e-02
4.614810645580291748e-01
3.839632868766784668e-01
6.700118631124496460e-02
5.740900710225105286e-02
1.535228788852691650e-01
3.929792046546936035e-01
9.911517798900604248e-02
2.153978347778320312e-01
1.723470836877822876e-01
5.318557024002075195e-01
6.796160340309143066e-02
8.043503761291503906e-02
4.006265103816986084e-01
2.814986407756805420e-01
7.767023444175720215e-01
1.730913966894149780e-01
9.940330684185028076e-02
1.282758861780166626e-01
2.508853077888488770e-01
7.424034178256988525e-02
2.008234709501266479e-01
2.967572808265686035e-01
4.078296720981597900e-01
7.656935602426528931e-02
1.701141148805618286e-01
4.721656814217567444e-02
4.041920602321624756e-01
6.842981278896331787e-02
4.611208662390708923e-02
5.919178724288940430e-01
4.317320883274078369e-01
2.929036021232604980e-01
6.420876979827880859e-01
4.799450933933258057e-01
6.464576125144958496e-01
3.696530461311340332e-01
4.145285785198211670e-01
5.183858424425125122e-02
9.045940637588500977e-02
4.956239163875579834e-01
2.354465723037719727e-01
3.971329927444458008e-01
3.332411944866180420e-01
3.998702168464660645e-01
3.633503019809722900e-01
9.725436568260192871e-02
3.626780211925506592e-01
2.940801084041595459e-01
2.099354565143585205e-01
3.683924973011016846e-01
2.931076884269714355e-01
2.354225665330886841e-01
2.532983720302581787e-01
1.116966605186462402e-01
1.976541131734848022e-01
2.281713932752609253e-01
5.314115285873413086e-01
3.965927660465240479e-01
4.173018038272857666e-01
3.925950229167938232e-01
9.197206795215606689e-02
3.148131370544433594e-01
1.175792217254638672e-01
2.235013693571090698e-01
1.218170672655105591e-01
4.012147709727287292e-02
8.073516935110092163e-02
7.516474127769470215e-01
1.823474466800689697e-01
2.218446582555770874e-01
4.573992788791656494e-01
1.390205621719360352e-01
1.993708461523056030e-01
3.460147380828857422e-01
2.423015683889389038e-01
1.635472476482391357e-01
8.186366409063339233e-02
1.588772088289260864e-01
4.064970910549163818e-01
3.342976272106170654e-01
5.991810187697410583e-02
5.926861763000488281e-01
7.104334831237792969e-01
2.160701304674148560e-01
9.439712017774581909e-02
4.034357666969299316e-01
3.631942272186279297e-01
4.305075481534004211e-02
5.610284209251403809e-01
3.090266287326812744e-01
3.079821765422821045e-01
4.425968229770660400e-01
6.152920126914978027e-01
1.282878965139389038e-01
6.020982861518859863e-01
9.374883770942687988e-02
9.072352200746536255e-02
2.309565991163253784e-01
2.495527118444442749e-01
3.535780310630798340e-01
1.064023524522781372e-01
1.555997878313064575e-01
2.998786568641662598e-01
3.488359749317169189e-01
5.451574921607971191e-02
3.842754065990447998e-01
6.749340146780014038e-02
1.619025319814682007e-01
7.203258275985717773e-01
1.494050920009613037e-01
4.986371994018554688e-01
6.945025175809860229e-02
2.449547052383422852e-01
3.088705539703369141e-01
2.786173820495605469e-01
2.857004702091217041e-01
5.186018943786621094e-01
4.752510488033294678e-01
4.309997558593750000e-01
5.135597586631774902e-01
3.125801682472229004e-01
6.035149097442626953e-01
1.685894429683685303e-01
2.849681377410888672e-01
1.561760306358337402e-01
4.925865828990936279e-01
9.292047470808029175e-02
3.437457680702209473e-01
2.612098157405853271e-01
1.753123849630355835e-01
1.465598493814468384e-01
5.445572733879089355e-01
3.196872770786285400e-01
1.981463283300399780e-01
1.016602888703346252e-01
1.322736293077468872e-01
1.248663887381553650e-01
3.644787967205047607e-01
2.996265292167663574e-01
6.497230380773544312e-02
3.252457082271575928e-01
7.418031990528106689e-02
5.571627244353294373e-02
3.059532940387725830e-01
2.972254753112792969e-01
3.696770370006561279e-01
1.088994368910789490e-01
4.081177711486816406e-01
4.174458682537078857e-01
7.596909254789352417e-02
2.738632857799530029e-01
6.504433602094650269e-02
5.661666393280029297e-02
1.205084919929504395e-01
1.170509979128837585e-01
9.472126513719558716e-02
1.102080121636390686e-01
3.169741034507751465e-01
1.007598862051963806e-01
3.660274446010589600e-01
4.463304579257965088e-01
9.863497316837310791e-02
9.855093806982040405e-02
2.525300085544586182e-01
3.575397431850433350e-01
1.030889078974723816e-01
1.463437527418136597e-01
8.775823563337326050e-02
3.307680785655975342e-01
1.597776114940643311e-01
4.185023158788681030e-02
1.586491167545318604e-01
1.113245040178298950e-01
3.092907369136810303e-01
2.432139366865158081e-01
3.724982738494873047e-01
1.473882049322128296e-01
2.846079766750335693e-01
4.183822572231292725e-01
2.432379722595214844e-01
5.504397675395011902e-02
4.949036240577697754e-01
2.562756240367889404e-01
1.187197193503379822e-01
3.315484225749969482e-01
2.272229939699172974e-01
3.742390573024749756e-01
5.586513876914978027e-01
1.487928181886672974e-01
8.078318834304809570e-02
3.131564259529113770e-01
3.222683966159820557e-01
1.201003193855285645e-01
2.867449223995208740e-01
3.081382215023040771e-01
8.654569834470748901e-02
2.158420383930206299e-01
1.436906009912490845e-01
1.225013658404350281e-01
6.942384243011474609e-01
1.344825923442840576e-01
4.574832916259765625e-01
2.623022496700286865e-01
6.812968105077743530e-02
2.405487746000289917e-01
1.820112913846969604e-01
4.969804883003234863e-01
3.316324651241302490e-01
2.301522493362426758e-01
1.265471279621124268e-01
4.782883822917938232e-01
1.623827368021011353e-01
3.611533343791961670e-01
3.003228306770324707e-01
6.380780041217803955e-02
1.172670871019363403e-01
2.937199771404266357e-01
4.839308187365531921e-02
2.057936489582061768e-01
3.538061380386352539e-01
1.583609879016876221e-01
1.146139279007911682e-01
1.515780389308929443e-01
3.759077489376068115e-01
2.578723430633544922e-01
3.902900218963623047e-01
1.022605448961257935e-01
2.391081601381301880e-01
5.379423499107360840e-01
1.766809672117233276e-01
3.702293038368225098e-01
3.684765100479125977e-01
1.732954829931259155e-01
5.638856440782546997e-02
5.775716528296470642e-02
3.208517730236053467e-01
1.065464168787002563e-01
2.512334287166595459e-01
1.240380331873893738e-01
1.705702990293502808e-01
3.036362826824188232e-01
5.243043899536132812e-01
9.300451725721359253e-02
6.007416918873786926e-02
1.470400542020797729e-01
3.391957581043243408e-01
3.585001826286315918e-01
2.650514543056488037e-01
3.965567648410797119e-01
7.001449912786483765e-02
5.278099179267883301e-01
5.466221570968627930e-01
1.144458577036857605e-01
1.552636474370956421e-01
3.027839064598083496e-01
3.002507984638214111e-01
7.811803370714187622e-02
2.877293527126312256e-01
3.314043879508972168e-01
6.522441655397415161e-02
7.539284229278564453e-02
1.842082589864730835e-01
1.073987856507301331e-01
3.651030659675598145e-01
3.283310234546661377e-01
2.131528705358505249e-01
8.146749436855316162e-02
5.814613103866577148e-01
1.027767807245254517e-01
1.628989577293395996e-01
8.522512763738632202e-02
2.790135443210601807e-01
4.897413253784179688e-01
5.848948359489440918e-01
4.039759933948516846e-02
2.853282988071441650e-01
