{"0": {"bound": 1.650477616684668e-09, "status": "OPTIMAL", "time": 0.009999990463256836}, "1": {"bound": 0.0, "status": "OPTIMAL", "time": 0.7780001163482666}, "2": {"bound": 0.0, "status": "OPTIMAL", "time": 0.2690000534057617}, "3": {"bound": 0.0, "status": "OPTIMAL", "time": 0.0010001659393310547}, "4": {"bound": 0.0, "status": "OPTIMAL", "time": 0.0009999275207519531}, "5": {"bound": 0.0, "status": "OPTIMAL", "time": 0.0}, "6": {"bound": 0.0, "status": "OPTIMAL", "time": 0.0}, "7": {"bound": 0.0, "status": "OPTIMAL", "time": 0.0009999275207519531}, "8": {"bound": 0.0, "status": "OPTIMAL", "time": 0.0009999275207519531}, "9": {"bound": 0.0, "status": "OPTIMAL", "time": 0.0}, "10": {"bound": 0.0, "status": "OPTIMAL", "time": 0.0}, "11": {"bound": 0.0, "status": "OPTIMAL", "time": 0.0010001659393310547}, "12": {"bound": 1.6504763709626828e-09, "status": "OPTIMAL", "time": 0.006999969482421875}, "13": {"bound": 0.0, "status": "OPTIMAL", "time": 0.0010001659393310547}, "14": {"bound": 0.0, "status": "OPTIMAL", "time": 0.0}, "15": {"bound": 1.650476834196346e-09, "status": "OPTIMAL", "time": 0.003999948501586914}, "16": {"bound": 0.0, "status": "OPTIMAL", "time": 0.0009999275207519531}, "17": {"bound": 0.0, "status": "OPTIMAL", "time": 0.6130001544952393}, "18": {"bound": 0.0, "status": "OPTIMAL", "time": 0.0010001659393310547}, "19": {"bound": 1.6508714762824453e-09, "status": "OPTIMAL", "time": 0.13100004196166992}, "20": {"bound": 1.6520754989817106e-09, "status": "OPTIMAL", "time": 0.003000020980834961}, "21": {"bound": 0.0, "status": "OPTIMAL", "time": 0.0}, "22": {"bound": 1.650480060683729e-09, "status": "OPTIMAL", "time": 0.007999897003173828}, "23": {"bound": 0.0, "status": "OPTIMAL", "time": 0.0009999275207519531}, "24": {"bound": 0.0, "status": "OPTIMAL", "time": 0.006999969482421875}, "25": {"bound": 1.6539384032779808e-09, "status": "OPTIMAL", "time": 0.004000186920166016}, "26": {"bound": 1.6504766600687125e-09, "status": "OPTIMAL", "time": 0.003000020980834961}, "27": {"bound": 0.0, "status": "OPTIMAL", "time": 0.0010001659393310547}, "28": {"bound": 1.6504770602361936e-09, "status": "OPTIMAL", "time": 0.005000114440917969}, "29": {"bound": 1.6504757549615188e-09, "status": "OPTIMAL", "time": 0.006999969482421875}, "30": {"bound": 0.0, "status": "OPTIMAL", "time": 0.0009999275207519531}, "31": {"bound": 1.6505074947897477e-09, "status": "OPTIMAL", "time": 0.00800013542175293}, "32": {"bound": 0.0, "status": "OPTIMAL", "time": 0.0010001659393310547}, "33": {"bound": 0.0, "status": "OPTIMAL", "time": 8.50599980354309}, "34": {"bound": 1.6507300102689966e-09, "status": "OPTIMAL", "time": 0.0029997825622558594}, "35": {"bound": 1.6504767369498962e-09, "status": "OPTIMAL", "time": 0.003000020980834961}, "36": {"bound": 0.0, "status": "OPTIMAL", "time": 0.0}, "37": {"bound": 0.0, "status": "OPTIMAL", "time": 0.15000009536743164}, "38": {"bound": 0.0, "status": "OPTIMAL", "time": 0.18400001525878906}, "39": {"bound": 39.852906495224026, "status": "USER_OBJ_LIMIT", "time": 0.02200007438659668}, "40": {"bound": 0.0, "status": "OPTIMAL", "time": 0.0009999275207519531}, "41": {"bound": 1.6502867021603462e-09, "status": "OPTIMAL", "time": 0.003999948501586914}, "42": {"bound": 0.0, "status": "OPTIMAL", "time": 0.0009999275207519531}, "43": {"bound": 0.0, "status": "OPTIMAL", "time": 0.0}, "44": {"bound": 0.0, "status": "OPTIMAL", "time": 0.0009999275207519531}, "45": {"bound": 0.0, "status": "OPTIMAL", "time": 0.0}, "46": {"bound": 0.0, "status": "OPTIMAL", "time": 0.0}, "47": {"bound": 0.0, "status": "OPTIMAL", "time": 0.0}, "48": {"bound": 0.0, "status": "OPTIMAL", "time": 0.0}, "49": {"bound": 1.6505987940872903e-09, "status": "OPTIMAL", "time": 0.003000020980834961}, "50": {"bound": 1.6504768960254895e-09, "status": "OPTIMAL", "time": 0.00599980354309082}, "51": {"bound": 0.0, "status": "OPTIMAL", "time": 0.0009999275207519531}, "52": {"bound": 0.0, "status": "OPTIMAL", "time": 0.0009999275207519531}, "53": {"bound": 1.6504770491489823e-09, "status": "OPTIMAL", "time": 0.003999948501586914}, "54": {"bound": 0.0, "status": "OPTIMAL", "time": 0.0}, "55": {"bound": 1.6502041094529262e-09, "status": "OPTIMAL", "time": 0.0019998550415039062}, "56": {"bound": 0.0, "status": "OPTIMAL", "time": 0.0}, "57": {"bound": 0.6938486209428103, "status": "USER_OBJ_LIMIT", "time": 0.003999948501586914}, "58": {"bound": 1.6504768803213928e-09, "status": "OPTIMAL", "time": 0.005000114440917969}, "59": {"bound": 1.6504935249777658e-09, "status": "OPTIMAL", "time": 0.006000041961669922}, "60": {"bound": 1.649700817505685e-09, "status": "OPTIMAL", "time": 0.003000020980834961}, "61": {"bound": 1.6504765592618127e-09, "status": "OPTIMAL", "time": 0.004000186920166016}, "62": {"bound": 1.6504792141284554e-09, "status": "OPTIMAL", "time": 0.003000020980834961}, "63": {"bound": 1.6510891198078585e-09, "status": "OPTIMAL", "time": 0.0019998550415039062}, "64": {"bound": 0.0, "status": "OPTIMAL", "time": 0.0010001659393310547}, "65": {"bound": 1.6505547045879355e-09, "status": "OPTIMAL", "time": 0.004999876022338867}, "66": {"bound": 1.6504769082614892e-09, "status": "OPTIMAL", "time": 0.006999969482421875}, "67": {"bound": 0.0, "status": "OPTIMAL", "time": 9.551000118255615}, "68": {"bound": 0.0, "status": "OPTIMAL", "time": 0.0}, "69": {"bound": 1.6504910017438018e-09, "status": "OPTIMAL", "time": 0.004999876022338867}, "70": {"bound": 0.0, "status": "OPTIMAL", "time": 0.0009999275207519531}, "71": {"bound": 0.0, "status": "OPTIMAL", "time": 0.0}, "72": {"bound": 0.0, "status": "OPTIMAL", "time": 0.0}, "73": {"bound": 0.0, "status": "OPTIMAL", "time": 0.0019998550415039062}, "74": {"bound": 0.0, "status": "OPTIMAL", "time": 0.0010001659393310547}, "75": {"bound": 1.2991398792684572, "status": "USER_OBJ_LIMIT", "time": 0.0710000991821289}, "76": {"bound": 0.0, "status": "OPTIMAL", "time": 0.0009999275207519531}, "77": {"bound": 1.6508823919721343e-09, "status": "OPTIMAL", "time": 0.005000114440917969}, "78": {"bound": 0.0, "status": "OPTIMAL", "time": 0.031000137329101562}, "79": {"bound": 0.0, "status": "OPTIMAL", "time": 0.0}, "80": {"bound": 0.0, "status": "OPTIMAL", "time": 0.0010001659393310547}, "81": {"bound": 1.652160835361778e-09, "status": "OPTIMAL", "time": 0.003999948501586914}, "82": {"bound": 1.6522452656506113e-09, "status": "OPTIMAL", "time": 0.003000020980834961}, "83": {"bound": 0.0, "status": "OPTIMAL", "time": 0.0019998550415039062}, "84": {"bound": 1.6504768223564136e-09, "status": "OPTIMAL", "time": 0.006000041961669922}, "85": {"bound": 0.0, "status": "OPTIMAL", "time": 0.0009999275207519531}, "86": {"bound": 1.6508431757438044e-09, "status": "OPTIMAL", "time": 0.003000020980834961}, "87": {"bound": 1.6504766746196798e-09, "status": "OPTIMAL", "time": 0.003000020980834961}, "88": {"bound": 0.4350073960514111, "status": "USER_OBJ_LIMIT", "time": 0.06599998474121094}, "89": {"bound": 1.6504766474023671e-09, "status": "OPTIMAL", "time": 0.005000114440917969}, "90": {"bound": 9.989561519682594, "status": "USER_OBJ_LIMIT", "time": 0.018000125885009766}, "91": {"bound": 0.0, "status": "OPTIMAL", "time": 0.0009999275207519531}, "92": {"bound": 0.0, "status": "OPTIMAL", "time": 0.0}, "93": {"bound": 0.0, "status": "OPTIMAL", "time": 0.0009999275207519531}, "94": {"bound": 1.6504762850312961e-09, "status": "OPTIMAL", "time": 0.003000020980834961}, "95": {"bound": 1.650609915465828e-09, "status": "OPTIMAL", "time": 0.003000020980834961}, "96": {"bound": 1.6513789864315556e-09, "status": "OPTIMAL", "time": 0.006999969482421875}, "97": {"bound": 1.6510813801832958e-09, "status": "OPTIMAL", "time": 0.003000020980834961}, "98": {"bound": 0.0, "status": "OPTIMAL", "time": 0.0009999275207519531}, "99": {"bound": 1.6507432832192965e-09, "status": "OPTIMAL", "time": 0.012000083923339844}}