{"0": {"bound": 0.0, "status": "OPTIMAL", "time": 0.7330000400543213}, "1": {"bound": 1.6575907638873948e-09, "status": "OPTIMAL", "time": 0.3059999942779541}, "2": {"bound": 0.0, "status": "OPTIMAL", "time": 0.07599997520446777}, "3": {"bound": 1.6506874939467029e-09, "status": "OPTIMAL", "time": 0.007999897003173828}, "4": {"bound": 1.6504967971479915e-09, "status": "OPTIMAL", "time": 0.010999917984008789}, "5": {"bound": 1.650476887847651e-09, "status": "OPTIMAL", "time": 0.006000041961669922}, "6": {"bound": 0.0, "status": "OPTIMAL", "time": 1.2990000247955322}, "7": {"bound": 0.0, "status": "OPTIMAL", "time": 28.688000202178955}, "8": {"bound": 1.6502818272584917e-09, "status": "OPTIMAL", "time": 0.003999948501586914}, "9": {"bound": 1.6504940410596675e-09, "status": "OPTIMAL", "time": 0.3040001392364502}, "10": {"bound": 0.0, "status": "OPTIMAL", "time": 0.7919998168945312}, "11": {"bound": 0.0, "status": "OPTIMAL", "time": 267.57100009918213}, "12": {"bound": 0.0, "status": "OPTIMAL", "time": 147.59600019454956}, "13": {"bound": 1.6504763542113357e-09, "status": "OPTIMAL", "time": 0.003999948501586914}, "14": {"bound": 0.0, "status": "OPTIMAL", "time": 0.17400002479553223}, "15": {"bound": 1.650477499318724e-09, "status": "OPTIMAL", "time": 0.006999969482421875}, "16": {"bound": 1.650481347070125e-09, "status": "OPTIMAL", "time": 0.005000114440917969}, "17": {"bound": 0.0, "status": "OPTIMAL", "time": 0.031000137329101562}, "18": {"bound": 0.0, "status": "OPTIMAL", "time": 19.64800000190735}, "19": {"bound": 0.0, "status": "OPTIMAL", "time": 1.4849998950958252}, "20": {"bound": 1.6504772983761186e-09, "status": "OPTIMAL", "time": 0.005000114440917969}, "21": {"bound": 0.0, "status": "OPTIMAL", "time": 0.029000043869018555}, "22": {"bound": 0.0, "status": "OPTIMAL", "time": 3.5199999809265137}, "23": {"bound": 0.0, "status": "OPTIMAL", "time": 0.4100000858306885}, "24": {"bound": 0.0, "status": "OPTIMAL", "time": 0.10100007057189941}, "25": {"bound": 0.0, "status": "OPTIMAL", "time": 22.973999977111816}, "26": {"bound": 1.650334063982234e-09, "status": "OPTIMAL", "time": 0.003999948501586914}, "27": {"bound": 1.650479259145186e-09, "status": "OPTIMAL", "time": 0.010000228881835938}, "28": {"bound": 1.6504763508391652e-09, "status": "OPTIMAL", "time": 0.003999948501586914}, "29": {"bound": 1.6503656589889252e-09, "status": "OPTIMAL", "time": 0.002000093460083008}, "30": {"bound": 1.650492307481936e-09, "status": "OPTIMAL", "time": 0.0009999275207519531}, "31": {"bound": 1.6504756944468116e-09, "status": "OPTIMAL", "time": 0.003999948501586914}, "32": {"bound": 1.6504932150285316e-09, "status": "OPTIMAL", "time": 0.12799978256225586}, "33": {"bound": 1.650168012534624e-09, "status": "OPTIMAL", "time": 0.0019998550415039062}, "34": {"bound": 0.0, "status": "OPTIMAL", "time": 0.016000032424926758}, "35": {"bound": 1.6504793039368442e-09, "status": "OPTIMAL", "time": 0.009000062942504883}, "36": {"bound": 1.6504766720358587e-09, "status": "OPTIMAL", "time": 0.003999948501586914}, "37": {"bound": 0.0, "status": "OPTIMAL", "time": 0.14899992942810059}, "38": {"bound": 1.6504762246306207e-09, "status": "OPTIMAL", "time": 0.006000041961669922}, "39": {"bound": 1.6505139651557148e-09, "status": "OPTIMAL", "time": 0.006999969482421875}, "40": {"bound": 0.0, "status": "OPTIMAL", "time": 0.25999999046325684}, "41": {"bound": 0.0, "status": "OPTIMAL", "time": 0.49000000953674316}, "42": {"bound": 0.0, "status": "OPTIMAL", "time": 46.753000020980835}, "43": {"bound": 1.6504944796320989e-09, "status": "OPTIMAL", "time": 0.00599980354309082}, "44": {"bound": 0.0, "status": "OPTIMAL", "time": 0.5279998779296875}, "45": {"bound": 1.6537055354712118e-09, "status": "OPTIMAL", "time": 0.2589998245239258}, "46": {"bound": 1.6560250799296914e-09, "status": "OPTIMAL", "time": 0.006999969482421875}, "47": {"bound": 0.0, "status": "OPTIMAL", "time": 30.17799997329712}, "48": {"bound": 1.6504768113522115e-09, "status": "OPTIMAL", "time": 0.005000114440917969}, "49": {"bound": 1.650475113598468e-09, "status": "OPTIMAL", "time": 0.005000114440917969}, "50": {"bound": 1.6504759778487362e-09, "status": "OPTIMAL", "time": 0.003999948501586914}, "51": {"bound": 1.650617399340095e-09, "status": "OPTIMAL", "time": 0.12199997901916504}, "52": {"bound": 0.0, "status": "OPTIMAL", "time": 0.0009999275207519531}, "53": {"bound": 1.6504780292072892e-09, "status": "OPTIMAL", "time": 0.00599980354309082}, "54": {"bound": 0.0, "status": "OPTIMAL", "time": 0.026999950408935547}, "55": {"bound": 1.6499632788593031e-09, "status": "OPTIMAL", "time": 0.0019998550415039062}, "56": {"bound": 0.0, "status": "OPTIMAL", "time": 10.884999990463257}, "57": {"bound": 0.0, "status": "OPTIMAL", "time": 31.938999891281128}, "58": {"bound": 1.6503333709863839e-09, "status": "OPTIMAL", "time": 0.003999948501586914}, "59": {"bound": 1.6504764135309853e-09, "status": "OPTIMAL", "time": 0.006000041961669922}, "60": {"bound": 1.6504942283360581e-09, "status": "OPTIMAL", "time": 0.014999866485595703}, "61": {"bound": 1.65047825246511e-09, "status": "OPTIMAL", "time": 0.006999969482421875}, "62": {"bound": 1.6512151447561622e-09, "status": "OPTIMAL", "time": 0.003000020980834961}, "63": {"bound": 1.651051069449309e-09, "status": "OPTIMAL", "time": 0.003000020980834961}, "64": {"bound": 1.6504790681987076e-09, "status": "OPTIMAL", "time": 0.004000186920166016}, "65": {"bound": 0.0, "status": "OPTIMAL", "time": 0.2799999713897705}, "66": {"bound": 0.0, "status": "OPTIMAL", "time": 0.8340001106262207}, "67": {"bound": 0.0, "status": "OPTIMAL", "time": 0.31100010871887207}, "68": {"bound": 0.0, "status": "OPTIMAL", "time": 1.809999942779541}, "69": {"bound": 1.650476147837608e-09, "status": "OPTIMAL", "time": 0.00800013542175293}, "70": {"bound": 0.0, "status": "OPTIMAL", "time": 28.371999979019165}, "71": {"bound": 1.6505800402355782e-09, "status": "OPTIMAL", "time": 0.06599998474121094}, "72": {"bound": 0.0, "status": "OPTIMAL", "time": 7.752000093460083}, "73": {"bound": 0.0, "status": "OPTIMAL", "time": 3.1449999809265137}, "74": {"bound": 1.6502989093890385e-09, "status": "OPTIMAL", "time": 0.003000020980834961}, "75": {"bound": 0.0, "status": "OPTIMAL", "time": 0.7229998111724854}, "76": {"bound": 0.0, "status": "OPTIMAL", "time": 0.5269999504089355}, "77": {"bound": 0.0, "status": "OPTIMAL", "time": 13.605999946594238}, "78": {"bound": 0.0, "status": "OPTIMAL", "time": 88.01600003242493}, "79": {"bound": 1.6510127828933724e-09, "status": "OPTIMAL", "time": 0.006000041961669922}, "80": {"bound": 0.0, "status": "OPTIMAL", "time": 0.7309999465942383}, "81": {"bound": 1.7167943090685667e-09, "status": "OPTIMAL", "time": 1.1519999504089355}, "82": {"bound": 0.0, "status": "OPTIMAL", "time": 37.062000036239624}, "83": {"bound": 0.0, "status": "OPTIMAL", "time": 3.2380001544952393}, "84": {"bound": 1.6502689082389236e-09, "status": "OPTIMAL", "time": 0.006000041961669922}, "85": {"bound": 0.0, "status": "OPTIMAL", "time": 3.825000047683716}, "86": {"bound": 1.650476056472055e-09, "status": "OPTIMAL", "time": 0.005000114440917969}, "87": {"bound": 1.6518676534120825e-09, "status": "OPTIMAL", "time": 0.003000020980834961}, "88": {"bound": 0.0, "status": "OPTIMAL", "time": 1.5889999866485596}, "89": {"bound": 0.0, "status": "OPTIMAL", "time": 1.0049998760223389}, "90": {"bound": 0.0, "status": "OPTIMAL", "time": 0.25500011444091797}, "91": {"bound": 1.6505531476196174e-09, "status": "OPTIMAL", "time": 0.003999948501586914}, "92": {"bound": 1.650477206204852e-09, "status": "OPTIMAL", "time": 0.006999969482421875}, "93": {"bound": 0.0, "status": "OPTIMAL", "time": 1.1389999389648438}, "94": {"bound": 0.0, "status": "OPTIMAL", "time": 0.14599990844726562}, "95": {"bound": 0.0, "status": "OPTIMAL", "time": 0.01399993896484375}, "96": {"bound": 1.650563966238272e-09, "status": "OPTIMAL", "time": 0.10299992561340332}, "97": {"bound": 0.0, "status": "OPTIMAL", "time": 0.29399991035461426},