{"0": {"pvalue": 0.8754803115158741, "statistic": -0.00496150318619485}, "1": {"pvalue": 0.8619631352250102, "statistic": -0.005505276915786961}, "2": {"pvalue": 0.06675365315974593, "statistic": 0.05799868805135576}, "3": {"pvalue": 0.7965633531931079, "statistic": -0.008162339227712787}, "4": {"pvalue": 0.14959490799145087, "statistic": -0.04560060544622045}, "5": {"pvalue": 0.07656262178702668, "statistic": -0.05602965231708412}, "6": {"pvalue": 0.37894489940131915, "statistic": -0.027852485508734766}, "7": {"pvalue": 0.8895092530782244, "statistic": 0.00439868099834417}, "8": {"pvalue": 0.1208307486199873, "statistic": 0.04908810917047546}, "9": {"pvalue": 0.9825944158808786, "statistic": -0.0006907588525594845}, "10": {"pvalue": 0.38032234850684143, "statistic": 0.027772125387175023}, "11": {"pvalue": 0.18763501273990452, "statistic": 0.04170044450613912}, "12": {"pvalue": 0.8522830087083361, "statistic": 0.0058956818882862725}, "13": {"pvalue": 0.24619632586672258, "statistic": 0.03670451559220188}, "14": {"pvalue": 0.4188546495689921, "statistic": -0.025591987389381284}, "15": {"pvalue": 0.6846789823026109, "statistic": -0.012857135256595176}, "16": {"pvalue": 0.18192329940662574, "statistic": -0.04224586294132393}, "17": {"pvalue": 0.6903076882106952, "statistic": 0.012614977887198741}, "18": {"pvalue": 0.8001473152175388, "statistic": -0.008015406423295422}, "19": {"pvalue": 0.9302790261038762, "statistic": 0.00277025589095483}, "20": {"pvalue": 0.043551838639609174, "statistic": -0.06384146758373083}, "21": {"pvalue": 0.4673347417776793, "statistic": -0.023009879195999818}, "22": {"pvalue": 0.3939621487129256, "statistic": 0.0269858055122359}, "23": {"pvalue": 0.10204121179730917, "statistic": -0.05173450103373395}, "24": {"pvalue": 0.12788053574525757, "statistic": -0.04817839310944559}, "25": {"pvalue": 0.05317307896580735, "statistic": -0.06116228610604707}, "26": {"pvalue": 0.7087134048804788, "statistic": 0.011828162306217945}, "27": {"pvalue": 0.6620584299384128, "statistic": 0.013838106681789983}, "28": {"pvalue": 0.682858035148459, "statistic": 0.012935636159372094}, "29": {"pvalue": 0.7232521545961659, "statistic": -0.011211793452607234}, "30": {"pvalue": 0.6667018292678754, "statistic": -0.013635685374002064}, "31": {"pvalue": 0.8265167383962816, "statistic": -0.006939395686687576}, "32": {"pvalue": 0.7582133178092217, "statistic": 0.009746330514316158}, "33": {"pvalue": 0.6630482605634467, "statistic": 0.01379490953907108}, "34": {"pvalue": 0.590455374830031, "statistic": -0.01703870255880074}, "35": {"pvalue": 0.6899194022484223, "statistic": 0.01263165886505795}, "36": {"pvalue": 0.6499871257153294, "statistic": -0.014367014461669974}, "37": {"pvalue": 0.36842567327920683, "statistic": -0.028472199300254443}, "38": {"pvalue": 0.17163920320616652, "statistic": 0.04326080316118544}, "39": {"pvalue": 0.13521447294006556, "statistic": -0.04727244163146263}, "40": {"pvalue": 0.8025464279837614, "statistic": 0.00791714566785598}, "41": {"pvalue": 0.14758012860566627, "statistic": 0.04582721262553435}, "42": {"pvalue": 0.2115093162909601, "statistic": 0.03954432260463242}, "43": {"pvalue": 0.2924498981113482, "statistic": -0.03332370303820109}, "44": {"pvalue": 0.014315986444896713, "statistic": -0.07743216047775647}, "45": {"pvalue": 0.5304677387416975, "statistic": 0.01985960246183106}, "46": {"pvalue": 0.9610425448917178, "statistic": 0.0015465588325924186}, "47": {"pvalue": 0.46859188607046126, "statistic": 0.022944985012840428}, "48": {"pvalue": 0.8862035818261479, "statistic": -0.004531168560117052}, "49": {"pvalue": 0.6302257629878033, "statistic": -0.015241671536565993}, "50": {"pvalue": 0.6495644522563965, "statistic": -0.01438560590746549}, "51": {"pvalue": 0.41037132039833135, "statistic": -0.026061319834192603}, "52": {"pvalue": 0.8925765534729168, "statistic": 0.004275815867036567}, "53": {"pvalue": 0.6328845586819829, "statistic": -0.015123326952395573}, "54": {"pvalue": 0.9717616867349802, "statistic": -0.0011208119890355698}, "55": {"pvalue": 0.6493715148769877, "statistic": -0.014394093974746985}, "56": {"pvalue": 0.7967563804259183, "statistic": 0.008154421184800947}, "57": {"pvalue": 0.48690120709065665, "statistic": 0.022010471549485867}, "58": {"pvalue": 0.6534203907548635, "statistic": -0.01421618349975073}, "59": {"pvalue": 0.05607483113985068, "statistic": -0.06043420887345945}, "60": {"pvalue": 0.5933295190912552, "statistic": 0.016907050862255642}, "61": {"pvalue": 0.40827480800223037, "statistic": -0.026178190528870843}, "62": {"pvalue": 0.6682238793648413, "statistic": 0.013569455459335383}, "63": {"pvalue": 0.4150627549754886, "statistic": 0.02580107026193231}, "64": {"pvalue": 0.9949788784137928, "statistic": -0.0001992540048850744}, "65": {"pvalue": 0.24688232480303665, "statistic": 0.03665129549326801}, "66": {"pvalue": 0.8563237201908779, "statistic": 0.0057326122764626754}, "67": {"pvalue": 0.3635813057278002, "statistic": -0.028761285830833243}, "68": {"pvalue": 0.4420166153132286, "statistic": 0.024338186572983964}, "69": {"pvalue": 0.02268694124915384, "statistic": -0.07205418075998907}, "70": {"pvalue": 0.5223809693523764, "statistic": -0.020251697410622316}, "71": {"pvalue": 0.49617525192623785, "statistic": -0.02154438071676359}, "72": {"pvalue": 0.2124390599667367, "statistic": -0.03946401618310458}, "73": {"pvalue": 0.007644621095254309, "statistic": -0.08430506076364229}, "74": {"pvalue": 0.3112278505392423, "statistic": -0.032054635164265446}, "75": {"pvalue": 0.8586280623884799, "statistic": 0.00563968494225856}, "76": {"pvalue": 0.9875645538353046, "statistic": -0.0004934945806074342}, "77": {"pvalue": 0.3354129595909286, "statistic": -0.030492268545758202}, "78": {"pvalue": 0.5398407716794709, "statistic": -0.01940891213791099}, "79": {"pvalue": 0.15726596646431545, "statistic": 0.04475850671785488}, "80": {"pvalue": 0.6872072893101691, "statistic": -0.012748270723688494}, "81": {"pvalue": 0.012394532126684787, "statistic": 0.07905441582783997}, "82": {"pvalue": 0.45775180997815784, "statistic": -0.02350777273223818}, "83": {"pvalue": 0.5247188319027393, "statistic": -0.020138027368924435}, "84": {"pvalue": 0.14446524556327253, "statistic": -0.046182244605137236}, "85": {"pvalue": 0.7953524051531495, "statistic": -0.00821202438184466}, "86": {"pvalue": 0.322458402033251, "statistic": 0.03131965825914579}, "87": {"pvalue": 0.29928112623953396, "statistic": -0.03285592174593701}, "88": {"pvalue": 0.4953435421144859, "statistic": 0.0215859890807973}, "89": {"pvalue": 0.22211068682774032, "statistic": -0.03864326065558254}, "90": {"pvalue": 0.6452582615296053, "statistic": -0.014575299235197934}, "91": {"pvalue": 0.5430117770983989, "statistic": 0.01925732785115443}, "92": {"pvalue": 0.09168241537496698, "statistic": 0.05336336431753499}, "93": {"pvalue": 0.10851872015918759, "statistic": -0.050781743948684656}, "94": {"pvalue": 0.6773686753134348, "statistic": 0.013172765697102597}, "95": {"pvalue": 0.14567204229042924, "statistic": 0.04604400700290915}, "96": {"pvalue": 0.9401788981910254, "statistic": -0.0023761001444210887}, "97": {"pvalue": 0.45965065587406545, "statistic": -0.023408657242222724}, "98": {"pvalue": 0.8979751925214757, "statistic": -0.004059720511067471}, "99": {"pvalue": 0.6928344174758606, "statistic": 0.01250651333505607}}