{"0": {"pvalue": 0.622741541063714, "statistic": -0.015575950546790025}, "1": {"pvalue": 0.8050079664691575, "statistic": 0.007816407201964092}, "2": {"pvalue": 0.2661503908261718, "statistic": 0.035196753471493675}, "3": {"pvalue": 0.8298656474779842, "statistic": 0.0068033392410167485}, "4": {"pvalue": 0.5383834084865428, "statistic": 0.019478727909232517}, "5": {"pvalue": 0.646158123432662, "statistic": -0.014535616162861012}, "6": {"pvalue": 0.06725707667102972, "statistic": -0.05789204079776169}, "7": {"pvalue": 0.4080324119122082, "statistic": 0.02619172595179932}, "8": {"pvalue": 0.8734247959096726, "statistic": 0.005044095084298768}, "9": {"pvalue": 0.426529320675437, "statistic": -0.025172183117808236}, "10": {"pvalue": 0.1900628151924026, "statistic": -0.041472316771544254}, "11": {"pvalue": 0.21888492463081083, "statistic": 0.038914103136596684}, "12": {"pvalue": 0.5930700004064718, "statistic": 0.016918926235652706}, "13": {"pvalue": 0.060348048404029436, "statistic": -0.059417065027503005}, "14": {"pvalue": 0.9288826509482638, "statistic": -0.0028258845924271567}, "15": {"pvalue": 0.766737562310439, "statistic": -0.009392278314444284}, "16": {"pvalue": 0.11550182697464374, "statistic": 0.04980368546319115}, "17": {"pvalue": 0.6800969186056633, "statistic": -0.01305481955555256}, "18": {"pvalue": 0.5313622772514068, "statistic": 0.01981641725442105}, "19": {"pvalue": 0.2193840571563394, "statistic": -0.03887200865265937}, "20": {"pvalue": 0.3908863178337282, "statistic": -0.02716166007174057}, "21": {"pvalue": 0.45547393512627266, "statistic": 0.023626977203745875}, "22": {"pvalue": 0.06300386302138883, "statistic": 0.058814597462678586}, "23": {"pvalue": 0.56088344750826, "statistic": -0.01841105501509946}, "24": {"pvalue": 0.8039351950850333, "statistic": -0.007860300599213874}, "25": {"pvalue": 0.7079292459704495, "statistic": 0.011861532111248397}, "26": {"pvalue": 0.5546081105303095, "statistic": -0.018706684393794203}, "27": {"pvalue": 0.6372363653837058, "statistic": -0.014930078866368915}, "28": {"pvalue": 0.17808025308956169, "statistic": -0.04262001621733897}, "29": {"pvalue": 0.8452481751203421, "statistic": -0.006179959942485455}, "30": {"pvalue": 0.930933006667477, "statistic": -0.0027442056023871623}, "31": {"pvalue": 0.8329284520966305, "statistic": -0.006679016179690796}, "32": {"pvalue": 0.9733391852959652, "statistic": 0.0010581752378925821}, "33": {"pvalue": 0.6780474466669106, "statistic": -0.013143404370957873}, "34": {"pvalue": 0.09617918298423715, "statistic": -0.05263910052126949}, "35": {"pvalue": 0.5560953354477549, "statistic": -0.018636475183655316}, "36": {"pvalue": 0.2790863915731243, "statistic": -0.03426047214569143}, "37": {"pvalue": 0.2339419369500569, "statistic": 0.037673266432434224}, "38": {"pvalue": 0.3855310462237677, "statistic": 0.027469852576383277}, "39": {"pvalue": 0.025206470048572755, "statistic": -0.07077859174181347}, "40": {"pvalue": 0.9154162248922068, "statistic": 0.003362832119154169}, "41": {"pvalue": 0.7975073667620061, "statistic": 0.008123620308396832}, "42": {"pvalue": 0.49718208951612547, "statistic": -0.021494060820022948}, "43": {"pvalue": 0.524173617472408, "statistic": 0.020164513206794438}, "44": {"pvalue": 0.38987616389728696, "statistic": 0.027219596474691313}, "45": {"pvalue": 0.44291346082017985, "statistic": 0.024290409489351458}, "46": {"pvalue": 0.5739970755444951, "statistic": 0.017798373936928624}, "47": {"pvalue": 0.01539516192019213, "statistic": 0.0766035228499087}, "48": {"pvalue": 0.5637947222933082, "statistic": -0.018274449731091824}, "49": {"pvalue": 0.2882865150475093, "statistic": -0.0336123994693812}, "50": {"pvalue": 0.5610121677161398, "statistic": 0.01840500787753116}, "51": {"pvalue": 0.7438035234472145, "statistic": 0.010347642407331738}, "52": {"pvalue": 0.8369673754214931, "statistic": -0.006515227976407016}, "53": {"pvalue": 0.4449019404276764, "statistic": -0.024184674983210704}, "54": {"pvalue": 0.41481499039704844, "statistic": 0.025814770963341872}, "55": {"pvalue": 0.9545573489270675, "statistic": 0.0018042709592745176}, "56": {"pvalue": 0.8893248144394909, "statistic": 0.004406071043410982}, "57": {"pvalue": 0.4984562435253577, "statistic": 0.021430458566098216}, "58": {"pvalue": 0.25353976372598025, "statistic": -0.03614009431135583}, "59": {"pvalue": 0.31843012952970745, "statistic": 0.031581329906893836}, "60": {"pvalue": 0.742893794730721, "statistic": -0.0103857279110862}, "61": {"pvalue": 0.7959836532578791, "statistic": 0.008186121783263056}, "62": {"pvalue": 0.8122192038650202, "statistic": -0.007521737518003415}, "63": {"pvalue": 0.3047052646308876, "statistic": 0.032489537810020015}, "64": {"pvalue": 0.34871902667846594, "statistic": -0.02966355185807918}, "65": {"pvalue": 0.9961794310426821, "statistic": 0.00015161185409044708}, "66": {"pvalue": 0.5758352312297044, "statistic": -0.017713028233235856}, "67": {"pvalue": 0.4760049379900353, "statistic": -0.02256425775423698}, "68": {"pvalue": 0.47801679410582276, "statistic": 0.022461492885499465}, "69": {"pvalue": 0.7298385966273752, "statistic": 0.0109339662169047}, "70": {"pvalue": 0.10219310912032835, "statistic": -0.05171161693862346}, "71": {"pvalue": 0.46502085274708327, "statistic": 0.0231295760994393}, "72": {"pvalue": 0.150553346603036, "statistic": 0.045493623075545817}, "73": {"pvalue": 0.01712200357361226, "statistic": 0.07537814449419503}, "74": {"pvalue": 0.9348373751721326, "statistic": -0.0025887191896805132}, "75": {"pvalue": 0.9167629895499392, "statistic": 0.003309091567222309}, "76": {"pvalue": 0.9416830844122972, "statistic": 0.002316245804672396}, "77": {"pvalue": 0.2651543549318729, "statistic": -0.0352701258349384}, "78": {"pvalue": 0.49718963746284794, "statistic": 0.021493683792373795}, "79": {"pvalue": 0.6338687435949432, "statistic": -0.015079573836861876}, "80": {"pvalue": 0.8272121483871487, "statistic": 0.006911132754481877}, "81": {"pvalue": 0.761028225313535, "statistic": -0.009629281626464304}, "82": {"pvalue": 0.13947367055264512, "statistic": -0.046763602032378414}, "83": {"pvalue": 0.5268914619940094, "statistic": 0.020032623107375212}, "84": {"pvalue": 0.8492416708320304, "statistic": -0.006018522967639469}, "85": {"pvalue": 0.7659414628247444, "statistic": 0.00942529380774549}, "86": {"pvalue": 0.935917164357566, "statistic": 0.002545729146130396}, "87": {"pvalue": 0.5422641834276597, "statistic": -0.019293025412973556}, "88": {"pvalue": 0.9404653870033154, "statistic": -0.0023646995798877225}, "89": {"pvalue": 0.155859410124411, "statistic": -0.04491054288648115}, "90": {"pvalue": 0.6200580941893765, "statistic": -0.01569622696894219}, "91": {"pvalue": 0.7027356979775934, "statistic": -0.012082877564026255}, "92": {"pvalue": 0.3343124861709749, "statistic": -0.03056174324181591}, "93": {"pvalue": 0.4541861305566283, "statistic": -0.0236945181050177}, "94": {"pvalue": 0.2313947554193835, "statistic": 0.03787910264255662}, "95": {"pvalue": 0.7307032109875679, "statistic": -0.010897558126827725}, "96": {"pvalue": 0.31547107716366474, "statistic": -0.0317749282091967}, "97": {"pvalue": 0.27435852990251836, "statistic": -0.03459915973624324}, "98": {"pvalue": 0.8368297242093214, "statistic": -0.006520807179833664}, "99": {"pvalue": 0.6376319962500936, "statistic": -0.014912537943113209}}