{"0": [-0.057820486688168714, 0.06759659029342976], "1": [-0.025257329896720977, 0.4249661208757718], "2": [0.003457483803238151, 0.9130447989339955], "3": [-0.35139744661404665, 1.9568143403766342e-30], "4": [-0.3171170327675235, 8.48394365848107e-25], "5": [-0.3485921621519172, 6.0246986505070624e-30], "6": [0.03374853885906872, 0.2863371182707663], "7": [-0.025485652620629736, 0.42079090221793203], "8": [NaN, NaN], "9": [-0.3620911819742377, 2.421278161776189e-32], "10": [-0.08304967789600365, 0.008601057399656525], "11": [NaN, NaN], "12": [NaN, NaN], "13": [-0.014285000500083581, 0.6518530406484324], "14": [-0.11156807249214193, 0.0004082070750664756], "15": [-0.14206181703026474, 6.493139577309226e-06], "16": [-0.020368676378680884, 0.5199806444380499], "17": [-0.4186558495159368, 1.0405391292385388e-43], "18": [-0.0044613433880311545, 0.8879455333595319], "19": [-0.04836869144087174, 0.12638001315406244], "20": [-0.18018101334099876, 9.595997098306977e-09], "21": [-0.04408974139381583, 0.16356726178683714], "22": [-0.07158404586933083, 0.02358889993970802], "23": [-0.11170015596809552, 0.0004017503739844583], "24": [-0.1771384871297567, 1.707849724156513e-08], "25": [-0.5342869688920499, 6.790149590475737e-75], "26": [-0.05840935325820154, 0.06484398062007751], "27": [-0.24494437662480875, 3.962414788720615e-15], "28": [0.01731977668191095, 0.584340642290524], "29": [-0.08666836112402214, 0.006098681595945802], "30": [-0.07886316593511813, 0.012608521976163021], "31": [-0.05357562607602676, 0.09039699147436361], "32": [0.002274131131318083, 0.942741583798653], "33": [-0.01661617204945226, 0.5997023905070102], "34": [-0.027540535294119085, 0.38430917534570075], "35": [0.015440626687447175, 0.6257666977629922], "36": [-0.013009852958882703, 0.6811381571989338], "37": [-0.1198988028892947, 0.0001443994416244133], "38": [-0.21946567404738196, 2.264309335148236e-12], "39": [0.032746206473043236, 0.30089861790411704], "40": [0.025127753534494673, 0.42734632567835695], "41": [NaN, NaN], "42": [NaN, NaN], "43": [0.026058778627972234, 0.4104169772605597], "44": [-0.1646898860209054, 1.6299749429095773e-07], "45": [-0.12323178477677507, 9.34655661292039e-05], "46": [0.06355237343205992, 0.04451378000898816], "47": [-0.49938008862403355, 3.443868081346859e-64], "48": [-0.013909482275614966, 0.6604242028340126], "49": [NaN, NaN], "50": [-0.18813154215481487, 2.0296860348491504e-09], "51": [-0.0576081583817289, 0.06861235230313818], "52": [-0.011402651028723308, 0.7187392965790722], "53": [-0.10364861185986267, 0.0010292685432087237], "54": [-0.1500288034448007, 1.884891027091956e-06], "55": [NaN, NaN], "56": [-0.012993480980288375, 0.6815174146728091], "57": [-0.05068360752859644, 0.10920397243097081], "58": [0.0019222861895180036, 0.9515885316429937], "59": [-0.11592340352136937, 0.00023913220211311623], "60": [-0.3083990508916411, 1.7799978680463342e-23], "61": [-0.06571432547678983, 0.037735482105957195], "62": [0.01040546511313203, 0.7424224833086139], "63": [0.009184516708737305, 0.7717529097280906], "64": [-0.12694290320070953, 5.6839389110126345e-05], "65": [-0.04208532611657928, 0.18359092837842123], "66": [0.050440971356677425, 0.11091288405822611], "67": [-0.1458994886958685, 3.6077482844936767e-06], "68": [-0.049810086672849106, 0.11545500346660152], "69": [0.024490997106983013, 0.4391551168759864], "70": [-0.07808487849023961, 0.013513408602308718], "71": [-0.19495134864756938, 5.069560863364014e-10], "72": [-0.04636970437130351, 0.14284098623815597], "73": [-0.04045421478168629, 0.20117967999711472], "74": [-0.13939235322855736, 9.685628910743094e-06], "75": [-0.025934806043480578, 0.41264800204191077], "76": [-0.2721081898703241, 1.9548028370901465e-18], "77": [NaN, NaN], "78": [-0.2560451589330532, 1.9648415355892978e-16], "79": [-0.010425726285757251, 0.7419387600966428], "80": [NaN, NaN], "81": [-0.08860657163175448, 0.005047320670886778], "82": [NaN, NaN], "83": [0.029171536722669516, 0.35677517711924434], "84": [-0.04501620060158448, 0.15488754996727933], "85": [-0.07742844690664565, 0.014320670233681805], "86": [-0.27085743879435764, 2.830973708490652e-18], "87": [-0.22531017639604115, 5.640065895144415e-13], "88": [-0.07892537982149826, 0.012538555070694866], "89": [NaN, NaN], "90": [-0.007602248084147731, 0.8102473199856018], "91": [-0.07193511756819966, 0.022912488692623297], "92": [-0.06391993579396667, 0.04329378671213532], "93": [-0.06496771654024391, 0.039969852368148984], "94": [-0.006525313029302919, 0.8367185586393118], "95": [0.02512689231636838, 0.4273621714010215], "96": [-0.08286882498768132, 0.008747308399288023], "97": [NaN, NaN], "98": [-0.05066471021485432, 0.10933631720341022], "99": [-0.004029580361013795, 0.898728554609206]}