{"0": [-0.07922383758737095, 0.012207655324114528], "1": [0.04898477241626615, 0.12161592578323793], "2": [-0.06660759460867426, 0.035202460770208034], "3": [-0.0031273468594043494, 0.9213193463946681], "4": [-0.016616902668178488, 0.5996863446637972], "5": [-0.17907061982618297, 1.1856606574289106e-08], "6": [-0.05429628972090042, 0.08614045344824553], "7": [NaN, NaN], "8": [-0.026268816131422207, 0.4066534928597785], "9": [-0.429212433871012, 4.3829344795997134e-46], "10": [-0.2765685054569963, 5.136842267086128e-19], "11": [-0.088123292306242, 0.005292912568012868], "12": [NaN, NaN], "13": [-0.033062249666007515, 0.2962550273683656], "14": [-0.026367521349101197, 0.4048920029988776], "15": [-0.08335183229946105, 0.008361577317740558], "16": [NaN, NaN], "17": [-0.019649059028894557, 0.5348361356030541], "18": [-0.24717147224616753, 2.1944592098284262e-15], "19": [NaN, NaN], "20": [-0.2765218251904505, 5.209862349397408e-19], "21": [-0.06818024590577368, 0.03109451334499134], "22": [-0.14222696300763651, 6.332959969394144e-06], "23": [-0.2869121779089956, 2.1041492470464207e-20], "24": [NaN, NaN], "25": [-0.028671896100510016, 0.36507498713096537], "26": [-0.001065230757766075, 0.9731614876120837], "27": [-0.40410662810577225, 1.4299672531166417e-40], "28": [-0.43370252408467924, 4.0323054958003503e-47], "29": [-0.20694095377899735, 3.908267725479383e-11], "30": [-0.36060917959170574, 4.4953938605064174e-32], "31": [NaN, NaN], "32": [-0.03214004790163821, 0.30993964383973255], "33": [-0.20989172387496308, 2.0297141664414388e-11], "34": [-0.08123752648651714, 0.010170090989498096], "35": [-0.150324632700462, 1.7980179306682243e-06], "36": [-0.5002019982808845, 1.990728058827943e-64], "37": [NaN, NaN], "38": [NaN, NaN], "39": [-0.0704075312146128, 0.025983357208792173], "40": [-0.07946995642585597, 0.01194062082827448], "41": [-0.0816850625917496, 0.009760595381912917], "42": [-0.0763893194880475, 0.01568550473224576], "43": [0.005173192154261996, 0.8702135906381726], "44": [-0.053780894410037194, 0.0891677288114765], "45": [-0.29681204759208335, 8.70322345941005e-22], "46": [-0.06930971584272559, 0.028404037958414046], "47": [-0.12168142330627504, 0.00011458369068837587], "48": [-0.12090789416559143, 0.0001267289984279875], "49": [-0.40082772203927075, 6.9398716934931055e-40], "50": [0.029435189592944343, 0.3524437262409766], "51": [-0.11729593308297531, 0.00020126526696013746], "52": [NaN, NaN], "53": [-0.339323810394507, 2.283621337309494e-28], "54": [-0.17498899867128637, 2.551113150211157e-08], "55": [-0.1729040308453154, 3.747423778987071e-08], "56": [-0.016917922252061623, 0.5930919389700756], "57": [0.037709449044533376, 0.23349275298618963], "58": [0.018924536198930145, 0.5500058090016666], "59": [-0.18027132286994652, 9.431763583219654e-09], "60": [-0.16302445277232305, 2.1769884814299436e-07], "61": [-0.3415005054411434, 9.832002254367607e-29], "62": [-0.0018209349722666142, 0.9541381061969751], "63": [-0.047419059132133234, 0.13400603580015688], "64": [-0.02808463816595999, 0.3749828319123494], "65": [-0.008562116855907798, 0.7868339067405352], "66": [-0.08242947638008297, 0.009111880377573848], "67": [-0.24526464611895035, 3.640924277496261e-15], "68": [-0.5237732019222606, 1.5428658000349865e-71], "69": [-0.15453085541917141, 9.102755554997062e-07], "70": [0.001506585521970175, 0.9620486946086234], "71": [-0.08808190589615655, 0.0053144371951545435], "72": [NaN, NaN], "73": [-0.06273124545810174, 0.04734413858886252], "74": [0.0016397706874772024, 0.9586965958102084], "75": [-0.02912841786634303, 0.3574867331350675], "76": [0.03461133561863994, 0.2741895857799921], "77": [-0.06317254451618767, 0.04580478786311711], "78": [-0.26319490002905416, 2.624264188201509e-17], "79": [-0.013799575760093639, 0.6629413092115178], "80": [-0.33949509715092596, 2.1376180302063124e-28], "81": [-0.1142659948839605, 0.00029374596687691847], "82": [0.003344665533937024, 0.9158714615217489], "83": [-0.14692855647013955, 3.0738618707762433e-06], "84": [NaN, NaN], "85": [-0.05545966270495459, 0.0796115743561723], "86": [-0.0447590561720452, 0.15726086597400088], "87": [-0.2174713750746449, 3.6062316294258725e-12], "88": [-0.20123528675828334, 1.3497334615729186e-10], "89": [-0.06657995648415756, 0.03527860455501751], "90": [-0.39264941501525996, 3.3056473282459745e-38], "91": [0.03399855284266333, 0.2827803408050789], "92": [-0.1256888483859136, 6.734554882079107e-05], "93": [-0.06622762893060016, 0.036261639912753364], "94": [-0.03149627312014203, 0.3197359002775267], "95": [-0.022239918792269733, 0.4823703608168056], "96": [-0.16336703047198248, 2.051673850224875e-07], "97": [-0.20885255557734833, 2.5593311288613782e-11], "98": [-0.20447269547933813, 6.710636675891479e-11], "99": [-0.06988488973590488, 0.027112622165030312]}