{"0": [0.0015889802110435544, 0.9599748437850987], "1": [-0.004272548792192188, 0.892658137374877], "2": [-0.04376053600993753, 0.16673807242618927], "3": [0.006687506453536527, 0.8327192058271641], "4": [-0.005420962970766715, 0.8640564799251014], "5": [0.009738656532657375, 0.7583977717673773], "6": [0.006460000657732336, 0.8383302229557543], "7": [0.008682863722174548, 0.7839017186467735], "8": [0.005644585194405513, 0.8585065193997532], "9": [0.013045782531848587, 0.6803061295161917], "10": [0.032314721474035794, 0.3073161558031339], "11": [-0.014916481602082785, 0.6375430390807388], "12": [0.04876490912761355, 0.12329975011843348], "13": [0.02152768548179487, 0.4965091820588298], "14": [0.018403725586877893, 0.561039464567044], "15": [-0.027470070998763862, 0.3855272667750709], "16": [0.01043699847446812, 0.7416696874746244], "17": [-0.05923460748321807, 0.061142399681082676], "18": [0.014794825706264468, 0.6402896275598191], "19": [-0.036972871805885515, 0.24275758177771142], "20": [6.078147829146393e-05, 0.9984683217931668], "21": [0.08872890789964041, 0.004986806318672731], "22": [0.04615533519668418, 0.14469955963061681], "23": [-0.04379945743409796, 0.16636080545244497], "24": [0.004677158651713285, 0.8825633021354162], "25": [0.03312883990819562, 0.29528276373577156], "26": [0.0494755019241092, 0.1179224579649123], "27": [-0.05072950717748158, 0.10888304716043812], "28": [0.03985373703892534, 0.2079545483651161], "29": [0.0016357868410930374, 0.9587968538006189], "30": [0.04140357564716608, 0.19079888875427314], "31": [0.03960920144610407, 0.21076033237848768], "32": [0.0013267552357702564, 0.9665758430279785], "33": [-0.02890657841554844, 0.3611616587551345], "34": [-0.0033618384496487876, 0.9154411245508587], "35": [0.031169735372730673, 0.3247812639597074], "36": [-0.003121234941885355, 0.9214726184132251], "37": [0.009758035062772206, 0.7579320104924214], "38": [-0.03919975272481073, 0.21551935854006402], "39": [0.015743169977938114, 0.6190121308897772], "40": [0.022947413999576984, 0.4685447975643556], "41": [0.05731472606833149, 0.07003669308196098], "42": [0.01138261791073554, 0.7192125262830447], "43": [0.05328807686192984, 0.09214185267156275], "44": [-0.008942388417065036, 0.777609892077207], "45": [-0.04729854979941213, 0.13499867357191955], "46": [-0.031699253461592886, 0.31662557359008986], "47": [-0.015310329471046193, 0.628685441558737], "48": [-0.006675720850743446, 0.8330096700101794], "49": [-0.0029691298125641237, 0.9252879685263985], "50": [-0.046989275582290886, 0.13757213456288278], "51": [0.004253538964933921, 0.893132864579352], "52": [0.011116273992585112, 0.7255143522384898], "53": [0.054194278693613936, 0.08673296239974854], "54": [-0.02388913156971875, 0.4504869142007953], "55": [0.006445204092509201, 0.8386954410347995], "56": [-0.0006662800131720728, 0.9832111355230815], "57": [0.0336503490116624, 0.28774221485657386], "58": [0.06326903743496572, 0.04547386784636339], "59": [-0.019819087679002926, 0.5313069399241783], "60": [-0.020197906057644332, 0.5234866346939528], "61": [0.0288124724381817, 0.362727710794347], "62": [0.048235056382697566, 0.12743230056814542], "63": [-0.04040771549807072, 0.2016984930010512], "64": [0.043831301525151994, 0.16605261633493398], "65": [0.045304039898121345, 0.15226326372506105], "66": [-0.030887118834990415, 0.3291895382130564], "67": [-0.0024770752544383493, 0.9376418006176969], "68": [-0.023701810657903395, 0.45404720592003783], "69": [-0.0055747908024185305, 0.8602379731317341], "70": [0.015424239357646712, 0.6261334642751951], "71": [-0.022846648642531178, 0.47050043654001555], "72": [0.055186761206330884, 0.08110586543703921], "73": [0.013675244386130462, 0.665793363969723], "74": [0.007113299323668971, 0.8222408452659112], "75": [-0.005513763378112898, 0.8617524868904901], "76": [0.031205635785321158, 0.32422404552871514], "77": [0.02107670943387018, 0.5055744787299586], "78": [-0.017765410302829583, 0.5747067095542552], "79": [-0.04866579324475757, 0.12406474879130339], "80": [-0.0655887523091822, 0.038103688808213625], "81": [0.0391165951244989, 0.21649527006011937], "82": [-0.01949047658338844, 0.5381383556819922], "83": [-0.031018780362558743, 0.3271310767687033], "84": [0.007328167158608674, 0.8169650210665289], "85": [0.07971965140853826, 0.011675003499026953], "86": [0.006776908228931591, 0.8305165836360531], "87": [-0.04103438386090624, 0.1947880299152811], "88": [-0.026307304586943574, 0.40596608678502993], "89": [-0.023000187452570382, 0.4675223736713052], "90": [0.026167568007850875, 0.40846509900468625], "91": [-0.06513305482411288, 0.03946561476929264], "92": [0.03165569038634212, 0.3172914270350477], "93": [0.010269307562994054, 0.7456757889222658], "94": [0.014204297755569304, 0.6536912509308331], "95": [0.020663680442139218, 0.5139526916596304], "96": [-0.03615307321646683, 0.2533692083403959], "97": [-0.00028324714971068865, 0.9928623326257633], "98": [0.0006223407061632207, 0.9843181668843809], "99": [-0.015313375531857357, 0.6286171413511639]}