{"0": [0.003516150817704136, 0.9115753281417276], "1": [-0.005760163033196963, 0.8556407712894853], "2": [-0.04416262684046455, 0.1628714265529446], "3": [0.013105843308961413, 0.6789161588897867], "4": [-0.02275494945144608, 0.47228402461565355], "5": [-0.0029066494866669275, 0.9268557047962802], "6": [0.0035652468209667956, 0.9103458204996896], "7": [0.020390217282288695, 0.519539260480364], "8": [0.005005954058119916, 0.8743739300502935], "9": [0.006268315718738079, 0.8430641753994244], "10": [0.024520880222185605, 0.43859677630916694], "11": [-0.00016139064878827747, 0.9959330106925297], "12": [0.03996564650465224, 0.20667956713493693], "13": [0.015368671608134854, 0.6273778189754387], "14": [0.0042869423418703785, 0.892298716742271], "15": [-0.023356801703335588, 0.46064585168271766], "16": [0.00820061070028015, 0.795630540898391], "17": [-0.052116025529664156, 0.09953511280553282], "18": [0.01070444840127214, 0.7352948442404841], "19": [-0.0231915759465189, 0.46382482439503847], "20": [0.012133142170985723, 0.701558229812433], "21": [0.08076455767866265, 0.01061938965757665], "22": [0.05867730792948242, 0.06362237406189046], "23": [-0.039395429905845596, 0.21323544498487215], "24": [0.0031392021215363797, 0.9210220535934699], "25": [0.03460026937890085, 0.2743431303286757], "26": [0.055895062527604115, 0.07727384865742835], "27": [-0.032493783585985946, 0.30464203714683913], "28": [0.0359109656725784, 0.2565638839858147], "29": [-0.006258935949570236, 0.8432959699712704], "30": [0.044616360863860956, 0.1585896921720965], "31": [0.04756343949372887, 0.13282420505929546], "32": [0.015194019347847646, 0.6312957712765047], "33": [-0.02559670964988855, 0.41876878336679024], "34": [0.004006586663426374, 0.8993033502963408], "35": [0.02888909345672995, 0.3614523116533347], "36": [-0.008110908575371991, 0.7978173585830307], "37": [-0.001981551339289003, 0.950097894825481], "38": [-0.025860231881035416, 0.4139934972006364], "39": [0.0072381991942592145, 0.8191730844911497], "40": [0.02224955351060367, 0.4821806079784068], "41": [0.04265003422481367, 0.1777745631481626], "42": [0.014457135353428938, 0.6479392931081371], "43": [0.056045553868516416, 0.07647894472369232], "44": [-0.010608733108202243, 0.7375742156497266], "45": [-0.05313309989618958, 0.09309340298262554], "46": [-0.03335893355244092, 0.2919396786330173], "47": [-0.002255799110520944, 0.9432023677550252], "48": [-0.0013900242392481169, 0.9649829435115609], "49": [0.00306848157344212, 0.9227956649740392], "50": [-0.03881226622010152, 0.22009384892667233], "51": [0.012201613994999956, 0.6999554015071585], "52": [-0.0037435585815719483, 0.9058821963696622], "53": [0.05198931940348273, 0.10036190523871347], "54": [-0.015767655145844637, 0.6184668686154553], "55": [0.007731210790700396, 0.8070912440962057], "56": [0.0018834537593771358, 0.9525653368266751], "57": [0.018722655449886754, 0.5542700708253971], "58": [0.0550880216825034, 0.08165208945576848], "59": [-0.027185628639582154, 0.3904682199468672], "60": [-0.006227154998403387, 0.8440814473032663], "61": [0.0354483140890912, 0.26274611972595463], "62": [0.035570921374182544, 0.26109785135081526], "63": [-0.03946050121330798, 0.21247982158262416], "64": [0.04194348398295056, 0.18507374493506717], "65": [0.04730529193496038, 0.1349429890532543], "66": [-0.03862821560067354, 0.22229086641869697], "67": [-0.0077002575159518, 0.8078484728967572], "68": [-0.026648986930066097, 0.3998940557138603], "69": [-0.0031442837376045034, 0.9208946259679234], "70": [-0.003446042756698366, 0.9133314050058033], "71": [-0.021682480778994928, 0.49341763375611425], "72": [0.06811455608432918, 0.03125749643827347], "73": [0.006268237977698936, 0.8430660964944486], "74": [0.005217316078860173, 0.8691165238769645], "75": [0.0017603981745668038, 0.9556611851721528], "76": [0.027739855468065715, 0.3808763490692745], "77": [0.029528601717164156, 0.3509171008713794], "78": [-0.027980098150130268, 0.3767638057017033], "79": [-0.04028030595150067, 0.20312504723003522], "80": [-0.0440256160597131, 0.16418131260684832], "81": [0.04184659800223993, 0.18609166336987845], "82": [-0.016966207173467668, 0.5920372609435127], "83": [-0.0178611460309087, 0.5726468786011603], "84": [0.010613842917155544, 0.7374524718145862], "85": [0.06956950019234169, 0.027814344101730445], "86": [-0.005075699915279173, 0.8726384518019015], "87": [-0.04151088046015733, 0.1896507943813743], "88": [-0.025218999456484172, 0.42566941100653655], "89": [-0.01976522987021917, 0.5324235610797509], "90": [0.021985063743054502, 0.4874043377141424], "91": [-0.06352506722445617, 0.04460555771796436], "92": [0.022995419431452255, 0.4676146977314649], "93": [0.006496642014613371, 0.83742596788538], "94": [-0.001486908754534929, 0.9625439916883327], "95": [0.0392673418398698, 0.21472848808049008], "96": [-0.0414580109792792, 0.19021582793046576], "97": [0.005119033768445907, 0.871560488087997], "98": [-0.008777041773615449, 0.7816168437786514], "99": [-0.004515247332094796, 0.8866007259306111]}