{"0": [1.6505019739659256e-09, "OPTIMAL"], "1": [0.0, "OPTIMAL"], "2": [1.6504762328975564e-09, "OPTIMAL"], "3": [0.0, "OPTIMAL"], "4": [0.0, "OPTIMAL"], "5": [0.0, "OPTIMAL"], "6": [0.0, "OPTIMAL"], "7": [1.6502008427862706e-09, "OPTIMAL"], "8": [0.0, "OPTIMAL"], "9": [0.0, "OPTIMAL"], "10": [1.650478524150372e-09, "OPTIMAL"], "11": [0.0, "OPTIMAL"], "12": [1.6508359517467896e-09, "OPTIMAL"], "13": [0.0, "OPTIMAL"], "14": [0.0, "OPTIMAL"], "15": [1.651555152934784e-09, "OPTIMAL"], "16": [1.650478707031191e-09, "OPTIMAL"], "17": [1.6504773479167728e-09, "OPTIMAL"], "18": [0.0, "OPTIMAL"], "19": [0.0, "OPTIMAL"], "20": [1.6507767273612745e-09, "OPTIMAL"], "21": [0.0, "OPTIMAL"], "22": [1.6504760340920416e-09, "OPTIMAL"], "23": [0.0, "OPTIMAL"], "24": [0.0, "OPTIMAL"], "25": [0.0, "OPTIMAL"], "26": [0.0, "OPTIMAL"], "27": [0.0, "OPTIMAL"], "28": [1.6504767269785979e-09, "OPTIMAL"], "29": [1.6504785662617267e-09, "OPTIMAL"], "30": [1.6508207204349545e-09, "OPTIMAL"], "31": [1.6505070379054699e-09, "OPTIMAL"], "32": [Infinity, "TIME_LIMIT"], "33": [1.6508977709726605e-09, "OPTIMAL"], "34": [0.0, "OPTIMAL"], "35": [1.6502360293816943e-09, "OPTIMAL"], "36": [1.6504766887422866e-09, "OPTIMAL"], "37": [0.0, "OPTIMAL"], "38": [0.0, "OPTIMAL"], "39": [1.6504757791418478e-09, "OPTIMAL"], "40": [0.0, "OPTIMAL"], "41": [0.0, "OPTIMAL"], "42": [0.0, "OPTIMAL"], "43": [1.650476491055411e-09, "OPTIMAL"], "44": [0.0, "OPTIMAL"], "45": [0.0, "OPTIMAL"], "46": [1.6504769199966013e-09, "OPTIMAL"], "47": [1.6504766058363164e-09, "OPTIMAL"], "48": [1.6501715268127535e-09, "OPTIMAL"], "49": [1.6506153157570735e-09, "OPTIMAL"], "50": [0.0, "OPTIMAL"], "51": [0.0, "OPTIMAL"], "52": [0.0, "OPTIMAL"], "53": [1.6504771482192528e-09, "OPTIMAL"], "54": [1.650542506505108e-09, "OPTIMAL"], "55": [1.6504776304042194e-09, "OPTIMAL"], "56": [0.0, "OPTIMAL"], "57": [1.6523562255772764e-09, "OPTIMAL"], "58": [0.0, "OPTIMAL"], "59": [1.6510637538425507e-09, "OPTIMAL"], "60": [0.0, "OPTIMAL"], "61": [1.6502600095471284e-09, "OPTIMAL"], "62": [1.6504807452698654e-09, "OPTIMAL"], "63": [1.650478840593993e-09, "OPTIMAL"], "64": [0.0, "OPTIMAL"], "65": [Infinity, "TIME_LIMIT"], "66": [1.656761737697464e-09, "OPTIMAL"], "67": [1.6489121535280722e-09, "OPTIMAL"], "68": [0.0, "OPTIMAL"], "69": [0.0, "OPTIMAL"], "70": [0.0, "OPTIMAL"], "71": [1.6526169549874866e-09, "OPTIMAL"], "72": [1.6506653547744776e-09, "OPTIMAL"], "73": [1.6504763789096253e-09, "OPTIMAL"], "74": [0.0, "OPTIMAL"], "75": [0.0, "OPTIMAL"], "76": [1.650513024232924e-09, "OPTIMAL"], "77": [0.0, "OPTIMAL"], "78": [0.0, "OPTIMAL"], "79": [1.6504782707680362e-09, "OPTIMAL"], "80": [0.0, "OPTIMAL"], "81": [1.6504762671025997e-09, "OPTIMAL"], "82": [0.0, "OPTIMAL"], "83": [1.6546195233131989e-09, "OPTIMAL"], "84": [1.6505106363696746e-09, "OPTIMAL"], "85": [1.6508855333816488e-09, "OPTIMAL"], "86": [0.0, "OPTIMAL"], "87": [1.652321449977353e-09, "OPTIMAL"], "88": [1.6504769598106703e-09, "OPTIMAL"], "89": [0.0, "OPTIMAL"], "90": [0.0, "OPTIMAL"], "91": [0.0, "OPTIMAL"], "92": [0.0, "OPTIMAL"], "93": [1.6504842395999719e-09, "OPTIMAL"], "94": [1.6504761941112296e-09, "OPTIMAL"], "95": [1.650483681931267e-09, "OPTIMAL"], "96": [0.0, "OPTIMAL"], "97": [0.0, "OPTIMAL"], "98": [0.0, "OPTIMAL"], "99": [0.0, "OPTIMAL"]}