{"0": [-0.04908624270681817, 0.12084489524399718], "1": [-0.027233856220237475, 0.3896277804448909], "2": [0.0005771241102417012, 0.9854574104308753], "3": [-0.30282276083244886, 1.182816702607278e-22], "4": [-0.3219399504319719, 1.5075629093152341e-25], "5": [-0.27797512618155856, 3.352938541657013e-19], "6": [0.02797072644745476, 0.3769237187769213], "7": [-0.025560924979292292, 0.41941972393082744], "8": [NaN, NaN], "9": [-0.28183823235377053, 1.0258083109143398e-19], "10": [-0.09018783547338073, 0.004313978636989229], "11": [NaN, NaN], "12": [NaN, NaN], "13": [-0.011142409883963804, 0.724895134446281], "14": [-0.10980170431480747, 0.0005043897653387808], "15": [-0.1436116588292932, 5.130661270990245e-06], "16": [-0.02434652570313781, 0.44186018413099193], "17": [-0.33212694583293007, 3.532278118190249e-27], "18": [0.012868657275159085, 0.684411596736819], "19": [-0.0527340863582028, 0.09557958811594607], "20": [-0.17918739564463626, 1.1596470029471338e-08], "21": [-0.05421417376013637, 0.0866171490272848], "22": [-0.06516486491659883, 0.03936922352231412], "23": [-0.10906262007171244, 0.0005505793849016774], "24": [-0.19339899876152516, 6.983026125633533e-10], "25": [-0.45698691367813815, 9.450173394747581e-53], "26": [-0.04049865129738703, 0.20068479115627733], "27": [-0.21133524567823542, 1.467881612429629e-11], "28": [0.010501128358682279, 0.7401394768516866], "29": [-0.0856380971994996, 0.0067342754377151745], "30": [-0.08169261852518038, 0.00975380950698704], "31": [-0.05919626123231278, 0.06131043968903096], "32": [0.007967617432995958, 0.8013138869248461], "33": [0.00383367060448854, 0.903627569199796], "34": [-0.023092524428593962, 0.46573642677975996], "35": [0.0066909537142642445, 0.8326342500543983], "36": [-0.02547303624844849, 0.4210209817501758], "37": [-0.12496185879947311, 7.425017436791093e-05], "38": [-0.2382339270861918, 2.269135591936316e-14], "39": [0.02665035567191902, 0.399869842003568], "40": [0.008653973734590184, 0.7846029991628318], "41": [NaN, NaN], "42": [NaN, NaN], "43": [0.02197613421154185, 0.48758122867437254], "44": [-0.13859255856794273, 1.0903047659728878e-05], "45": [-0.12604243859037167, 6.421096560208861e-05], "46": [0.0550528769293472, 0.08184722681128268], "47": [-0.33197403071998344, 3.740985382673017e-27], "48": [-0.004372009016828605, 0.8901749743908951], "49": [NaN, NaN], "50": [-0.16171168821469728, 2.7291468127285913e-07], "51": [-0.05216589439749451, 0.09921119635016769], "52": [0.007129737870867535, 0.8218369294144633], "53": [-0.09814644430238732, 0.0018881367363900259], "54": [-0.133991145691327, 2.1276542414197184e-05], "55": [NaN, NaN], "56": [-0.034109083786289546, 0.2812174643045911], "57": [-0.04693094379086272, 0.13806171758573324], "58": [0.00019801478722719363, 0.9950101057975718], "59": [-0.11668179776407187, 0.00021745466414495361], "60": [-0.32057010261600977, 2.470480419385935e-25], "61": [-0.0625189923413357, 0.04809985849859417], "62": [0.009533802469498805, 0.7633267458543438], "63": [0.0032401400534097244, 0.9184912972692508], "64": [-0.13998080015828523, 8.873910728514605e-06], "65": [-0.041932079764382194, 0.18519334767742726], "66": [0.04816151889693022, 0.12801425560803623], "67": [-0.1554559471026754, 7.817839949510066e-07], "68": [-0.05145060589792338, 0.10393835739562166], "69": [0.029919669728337282, 0.34457144374435167], "70": [-0.05864503313034193, 0.06376850194003891], "71": [-0.19994964001514032, 1.7757021401424363e-10], "72": [-0.043888830495943144, 0.16549693463760812], "73": [-0.034298054920875, 0.2785590477614817], "74": [-0.1348525562800143, 1.8804167737111783e-05], "75": [-0.024458149355363206, 0.4397693191612396], "76": [-0.27222251876596254, 1.8895552813431376e-18], "77": [NaN, NaN], "78": [-0.2677848324647196, 6.973982632039053e-18], "79": [-0.012345726282046415, 0.6965863013772756], "80": [NaN, NaN], "81": [-0.0852937158886656, 0.006959627411514017], "82": [NaN, NaN], "83": [0.02258153334546024, 0.47566718461578156], "84": [-0.04246188546374293, 0.1796970376011944], "85": [-0.07819347024341136, 0.013383807890524842], "86": [-0.28638101524395826, 2.4874943939461075e-20], "87": [-0.22979511093436072, 1.8903137865391676e-13], "88": [-0.08483075407842088, 0.007273226464102341], "89": [NaN, NaN], "90": [-0.013372743663655144, 0.6727525903988655], "91": [-0.08130875058544362, 0.010103915886545257], "92": [-0.05489323069903236, 0.0827384049527249], "93": [-0.06329373389489615, 0.045389496046203806], "94": [-0.008419927462537734, 0.7902906705062559], "95": [0.024848717310899965, 0.432498225960017], "96": [-0.07407320196248386, 0.01914530624577147], "97": [NaN, NaN], "98": [-0.05393267052700631, 0.08826748217428772], "99": [-0.006761737428119004, 0.8308902587032023]}