{"0": [-0.05281401916904181, 0.09507733383885635], "1": [0.01970566554709992, 0.5336598739386699], "2": [NaN, NaN], "3": [-0.017534730551659692, 0.5796842941769724], "4": [NaN, NaN], "5": [-0.06430980694152269, 0.04203069891640305], "6": [-0.03628127651865067, 0.2516887783232896], "7": [-0.11406470238181984, 0.0003011213493358388], "8": [0.00820407220634069, 0.7955461860081329], "9": [-0.013803871141977321, 0.6628428636812811], "10": [-0.21744023821745234, 3.6324006431209804e-12], "11": [0.018956624300253088, 0.5493295117568434], "12": [-0.39584800779761675, 7.389549611862982e-39], "13": [-0.18475124003241872, 3.961846247700176e-09], "14": [-0.030020961835015722, 0.34293982362322756], "15": [-0.109556862986372, 0.0005192759738280197], "16": [-0.027286292429892518, 0.3887152467972088], "17": [-0.33181139860796205, 3.976361701120088e-27], "18": [-0.07985283360612397, 0.011535480032960545], "19": [-0.3744940820949493, 1.199423393731929e-34], "20": [-0.10492475218380673, 0.0008904265410251288], "21": [0.05302734781745938, 0.09374722336288185], "22": [-0.39457264754587357, 1.345556943976276e-38], "23": [-0.014384429550012501, 0.649591193213686], "24": [-0.13802726628509465, 1.1850073246932264e-05], "25": [NaN, NaN], "26": [-0.24838849144725272, 1.5849257233033163e-15], "27": [-0.3842550132192356, 1.5597405364014544e-36], "28": [NaN, NaN], "29": [0.022730488906781796, 0.4727604200992888], "30": [-0.07058885933314274, 0.02560116651748499], "31": [-0.11836259737617223, 0.00017580287947256348], "32": [-0.25830134950857503, 1.0479160135982343e-16], "33": [0.0129603212128385, 0.6822858080567026], "34": [-0.007135732730815546, 0.821689639866877], "35": [-0.012719067593330604, 0.6878861087983468], "36": [-0.052418513169713354, 0.09758322932859298], "37": [-0.04129671819699435, 0.1919472651292846], "38": [NaN, NaN], "39": [-0.0033823842543336032, 0.9149262987059561], "40": [-0.06540588696850863, 0.03864534106529896], "41": [-0.21912498369368824, 2.4524649110936535e-12], "42": [0.005411387159313399, 0.8642942884990932], "43": [-0.19950615252900156, 1.9510916449354377e-10], "44": [-0.02502145372528492, 0.42930473768676125], "45": [0.005560697829560828, 0.8605876721870448], "46": [-0.05209424028445691, 0.09967688003683878], "47": [-0.32412387021773215, 6.823336208356804e-26], "48": [-0.020376737671051876, 0.519815441893548], "49": [-0.07954419335361734, 0.011861096668741791], "50": [-0.13291916246152588, 2.4786042360030363e-05], "51": [-0.19757601370084582, 2.9323628324196663e-10], "52": [-0.060542033435492276, 0.05563696586128717], "53": [-0.03758720495256962, 0.23501279104491302], "54": [-0.21478278520069766, 6.705646252132336e-12], "55": [NaN, NaN], "56": [-0.038291473046324194, 0.22635107202907875], "57": [-0.153884866882404, 1.011793061182993e-06], "58": [-0.05054279455796219, 0.11019318293374168], "59": [-0.26028385373323304, 6.001183773939504e-17], "60": [-0.030032512844571896, 0.34275407285390386], "61": [-0.05758116923590849, 0.06874235891896913], "62": [-0.23374097283441478, 7.087816101610564e-14], "63": [-0.02332648728336905, 0.4612281936298248], "64": [-0.18463958121405363, 4.049494010869535e-09], "65": [-0.018545002301879547, 0.5580358933876239], "66": [NaN, NaN], "67": [-0.10359297462288534, 0.0010357543407925286], "68": [-0.34322853825237387, 5.01206440743684e-29], "69": [-0.14787091830592408, 2.652026805464462e-06], "70": [-0.08052246248119571, 0.0108561198638641], "71": [-0.27609088287688216, 5.934191235901265e-19], "72": [-0.13371795892699276, 2.2123128082115824e-05], "73": [-0.03930490785092636, 0.2142898267128195], "74": [-0.05738042554737681, 0.06971569588517361], "75": [-0.24111327198791277, 1.0801227237239075e-14], "76": [-0.002750097299804739, 0.9307850942115763], "77": [-0.051347321168118895, 0.104635465917162], "78": [0.04519611865361288, 0.15324321413046135], "79": [-0.25538192393009307, 2.3608746270384143e-16], "80": [0.006294293980281196, 0.8424222667659307], "81": [-0.01605751419410143, 0.6120279736376035], "82": [NaN, NaN], "83": [-0.07470968084796435, 0.01813376202425246], "84": [-0.28834923803977963, 1.335501993086693e-20], "85": [-0.005293093674711126, 0.8672330301666179], "86": [-0.10082709851288627, 0.001410059834508776], "87": [NaN, NaN], "88": [-0.014679553209178435, 0.6428966485451544], "89": [NaN, NaN], "90": [-0.0931409783993164, 0.0031973033067465616], "91": [-0.14250230448702134, 6.0742601365912085e-06], "92": [-0.2214955118132395, 1.4034630301553928e-12], "93": [-0.10911377441082512, 0.0005472598594515938], "94": [-0.04145685418960825, 0.1902282047473715], "95": [-0.05575812559891331, 0.07800298602994357], "96": [-0.10112744775863716, 0.0013640921518751372], "97": [NaN, NaN], "98": [NaN, NaN], "99": [-0.008232083895887863, 0.7948636452832257]}