{"0": {"pvalue": 0.3145533943636302, "statistic": -0.031835209998738304}, "1": {"pvalue": 0.1410343223060386, "statistic": 0.046580144919535715}, "2": {"pvalue": 0.18801273680335837, "statistic": 0.04166480953615209}, "3": {"pvalue": 0.33452296230525785, "statistic": 0.030548444169172115}, "4": {"pvalue": 0.730440919340403, "statistic": 0.010908601456553261}, "5": {"pvalue": 0.059589284823482996, "statistic": -0.05959321408501382}, "6": {"pvalue": NaN, "statistic": NaN}, "7": {"pvalue": 0.9808979526759478, "statistic": 0.000758097050119321}, "8": {"pvalue": 0.5957537802063134, "statistic": -0.016796232920659727}, "9": {"pvalue": NaN, "statistic": NaN}, "10": {"pvalue": 0.05865955941386591, "statistic": 0.05981160366017349}, "11": {"pvalue": 0.7387636994610849, "statistic": 0.010558822813047226}, "12": {"pvalue": 0.23260054385173337, "statistic": -0.03778146458310744}, "13": {"pvalue": 0.1315264730125081, "statistic": -0.04772312777530388}, "14": {"pvalue": 0.05854443418302782, "statistic": 0.05983884548589939}, "15": {"pvalue": 0.6871984620479964, "statistic": 0.012748650547905688}, "16": {"pvalue": 0.18664534289860713, "statistic": -0.04179406267491503}, "17": {"pvalue": 0.9848064787669069, "statistic": 0.0006029594493441124}, "18": {"pvalue": 0.27741524578969196, "statistic": -0.03437973795289119}, "19": {"pvalue": 0.43618191572666404, "statistic": 0.02465037894577827}, "20": {"pvalue": 0.5363916826237225, "statistic": 0.019574295928090454}, "21": {"pvalue": 1.3054226908094393e-08, "statistic": -0.17856320235605544}, "22": {"pvalue": 0.8171492275610298, "statistic": -0.007320659380710946}, "23": {"pvalue": 0.2591994117695266, "statistic": 0.035712801878411665}, "24": {"pvalue": 0.028325541551249334, "statistic": -0.06934402743767017}, "25": {"pvalue": NaN, "statistic": NaN}, "26": {"pvalue": 0.8005581375356606, "statistic": -0.007998574878692072}, "27": {"pvalue": 0.5951650087484797, "statistic": -0.016823127930459293}, "28": {"pvalue": NaN, "statistic": NaN}, "29": {"pvalue": 0.062080003946164156, "statistic": 0.05902175110853287}, "30": {"pvalue": 0.1393400393021957, "statistic": -0.04677938377592614}, "31": {"pvalue": 0.051244429579545885, "statistic": -0.06166475278281522}, "32": {"pvalue": 0.17831741556045133, "statistic": -0.042596753810711145}, "33": {"pvalue": 0.41670458955324696, "statistic": -0.025710402962210936}, "34": {"pvalue": NaN, "statistic": NaN}, "35": {"pvalue": NaN, "statistic": NaN}, "36": {"pvalue": 0.2302427146301596, "statistic": 0.03797272616912667}, "37": {"pvalue": 0.5756269286699425, "statistic": -0.017722693269340575}, "38": {"pvalue": 0.0009692074319354445, "statistic": -0.10417981303881155}, "39": {"pvalue": NaN, "statistic": NaN}, "40": {"pvalue": NaN, "statistic": NaN}, "41": {"pvalue": NaN, "statistic": NaN}, "42": {"pvalue": 0.6000920840513667, "statistic": -0.016598430763897224}, "43": {"pvalue": 0.9243758492683978, "statistic": 0.003005486573918737}, "44": {"pvalue": 0.12817691911103, "statistic": -0.04814101070255553}, "45": {"pvalue": 0.6087714400928469, "statistic": 0.01620462507641245}, "46": {"pvalue": NaN, "statistic": NaN}, "47": {"pvalue": 0.9638087817631106, "statistic": 0.00143666476661709}, "48": {"pvalue": 0.6643977848908712, "statistic": -0.01373605629150102}, "49": {"pvalue": 0.4555615906007125, "statistic": 0.023622383882291223}, "50": {"pvalue": 0.2871540549749437, "statistic": -0.03369141092212959}, "51": {"pvalue": 0.34243549042034477, "statistic": -0.030052333367865582}, "52": {"pvalue": 0.37970292782273857, "statistic": -0.027808240124519254}, "53": {"pvalue": 0.8544074004286997, "statistic": 0.005809929344589584}, "54": {"pvalue": 0.46102946148622137, "statistic": 0.023336830090898764}, "55": {"pvalue": NaN, "statistic": NaN}, "56": {"pvalue": NaN, "statistic": NaN}, "57": {"pvalue": NaN, "statistic": NaN}, "58": {"pvalue": NaN, "statistic": NaN}, "59": {"pvalue": 0.29372008902222, "statistic": -0.033236175329844436}, "60": {"pvalue": 0.8942845232603311, "statistic": -0.004207428653607095}, "61": {"pvalue": NaN, "statistic": NaN}, "62": {"pvalue": 0.6574084910080441, "statistic": 0.014041380710097752}, "63": {"pvalue": NaN, "statistic": NaN}, "64": {"pvalue": 0.5262904208493865, "statistic": -0.020061760141735475}, "65": {"pvalue": 0.3011918744985355, "statistic": 0.03272635678879277}, "66": {"pvalue": NaN, "statistic": NaN}, "67": {"pvalue": 0.9179490342359992, "statistic": -0.0032617721825076874}, "68": {"pvalue": 0.5736215083599474, "statistic": -0.017815827431191266}, "69": {"pvalue": NaN, "statistic": NaN}, "70": {"pvalue": 0.15144096840656535, "statistic": -0.045395006781802305}, "71": {"pvalue": 0.36950819560141546, "statistic": -0.028407923821975486}, "72": {"pvalue": 0.6200029890125437, "statistic": 0.01569869923794939}, "73": {"pvalue": 0.9156634949685636, "statistic": -0.0033529644703708915}, "74": {"pvalue": NaN, "statistic": NaN}, "75": {"pvalue": 0.017517479992542502, "statistic": 0.07511284125962792}, "76": {"pvalue": NaN, "statistic": NaN}, "77": {"pvalue": 0.7727544128540109, "statistic": -0.00914307681853727}, "78": {"pvalue": 0.6769755744096623, "statistic": -0.013189775069798446}, "79": {"pvalue": 0.9051855130978081, "statistic": 0.003771400069400202}, "80": {"pvalue": 0.5805748933340168, "statistic": 0.017493555099654612}, "81": {"pvalue": 0.010924038503777985, "statistic": -0.08045386978686463}, "82": {"pvalue": 0.47940606726110524, "statistic": 0.022390667111388048}, "83": {"pvalue": 7.876824347848235e-13, "statistic": -0.2239205135383994}, "84": {"pvalue": 0.027385475793647394, "statistic": 0.06976142913198356}, "85": {"pvalue": 0.6027335959263742, "statistic": -0.016478309375416993}, "86": {"pvalue": 0.1631324587430871, "statistic": -0.04413525752759544}, "87": {"pvalue": NaN, "statistic": NaN}, "88": {"pvalue": 0.8954076458117548, "statistic": 0.004162469457586492}, "89": {"pvalue": 0.4855489025216488, "statistic": 0.022078832451363217}, "90": {"pvalue": NaN, "statistic": NaN}, "91": {"pvalue": 0.790317640454885, "statistic": -0.00841881875955495}, "92": {"pvalue": NaN, "statistic": NaN}, "93": {"pvalue": NaN, "statistic": NaN}, "94": {"pvalue": 0.8780464288010749, "statistic": -0.00485844221749355}, "95": {"pvalue": NaN, "statistic": NaN}, "96": {"pvalue": 0.6090778953784983, "statistic": -0.016190766390674863}, "97": {"pvalue": 0.16456579664485552, "statistic": -0.0439855561848357}, "98": {"pvalue": NaN, "statistic": NaN}, "99": {"pvalue": 0.132574090542115, "statistic": -0.047594122369277375}}