{"0": {"pvalue": 0.0639022541673818, "statistic": 0.05861554512417617}, "1": {"pvalue": 0.5240788361252657, "statistic": -0.020169119004486445}, "2": {"pvalue": 0.8561733702835148, "statistic": -0.005738677150630717}, "3": {"pvalue": 0.18857680078457945, "statistic": -0.041611693087760304}, "4": {"pvalue": 0.02963156287626458, "statistic": 0.0687834870484844}, "5": {"pvalue": 0.3030754844340833, "statistic": -0.032599165971820825}, "6": {"pvalue": 0.4412903086673875, "statistic": -0.024376919258717114}, "7": {"pvalue": 0.805024040315026, "statistic": -0.007815749640491226}, "8": {"pvalue": 0.25394102818279957, "statistic": 0.03610958285273476}, "9": {"pvalue": 0.24624468814727044, "statistic": -0.03670076022791107}, "10": {"pvalue": 0.9411577734373601, "statistic": 0.002337147945660867}, "11": {"pvalue": 0.9333020109135285, "statistic": 0.002649855436432747}, "12": {"pvalue": 0.5695316075586415, "statistic": 0.018006246807165924}, "13": {"pvalue": 0.24732667363035077, "statistic": 0.036616877894671405}, "14": {"pvalue": 0.2705852719882124, "statistic": 0.03487232973177283}, "15": {"pvalue": 0.5392311929202557, "statistic": -0.019438102851301462}, "16": {"pvalue": 0.30275325332327546, "statistic": 0.032620887331868895}, "17": {"pvalue": 0.08438698146100573, "statistic": 0.05460153519149722}, "18": {"pvalue": 0.33640029033409646, "statistic": -0.030430061370932272}, "19": {"pvalue": 0.48954531762981823, "statistic": -0.021877103152079684}, "20": {"pvalue": 0.9842369971896548, "statistic": -0.0006255623800170088}, "21": {"pvalue": 0.6694786831097549, "statistic": 0.01351489897071104}, "22": {"pvalue": 0.9283264032689114, "statistic": 0.002848046767357619}, "23": {"pvalue": 0.39179458999224803, "statistic": 0.027109644480104098}, "24": {"pvalue": 0.426705952335845, "statistic": -0.02516257351032939}, "25": {"pvalue": 0.3963427834538298, "statistic": -0.02685026645836449}, "26": {"pvalue": 0.9117463261388081, "statistic": -0.0035093232937633678}, "27": {"pvalue": 0.00958807686191357, "statistic": -0.08187862651835592}, "28": {"pvalue": 0.3598304944506524, "statistic": 0.028986770803696153}, "29": {"pvalue": 0.6005971977127363, "statistic": 0.016575442575412054}, "30": {"pvalue": 0.34996658141637965, "statistic": -0.02958689267129947}, "31": {"pvalue": 0.4846790004281089, "statistic": 0.02212286161291243}, "32": {"pvalue": 0.4158117320176973, "statistic": -0.025759683202102007}, "33": {"pvalue": 0.9789478381113046, "statistic": -0.0008355077523116939}, "34": {"pvalue": 0.006778478732417131, "statistic": 0.08556973912855056}, "35": {"pvalue": 0.9983250150042415, "statistic": 6.646831947720519e-05}, "36": {"pvalue": 0.7179348306687072, "statistic": -0.011436716757440598}, "37": {"pvalue": 0.5744560969824353, "statistic": -0.01777704945893744}, "38": {"pvalue": 0.4320133747990301, "statistic": 0.024874895349707906}, "39": {"pvalue": 0.35225319850175285, "statistic": 0.029446833735064907}, "40": {"pvalue": 0.6908914056696864, "statistic": 0.012589907641308202}, "41": {"pvalue": 0.919907753676518, "statistic": -0.00318364142253854}, "42": {"pvalue": 0.04729233280373232, "statistic": 0.062745899657424}, "43": {"pvalue": 0.13072069676454792, "statistic": -0.047822894579803044}, "44": {"pvalue": 0.9612324061319601, "statistic": 0.0015390156510678432}, "45": {"pvalue": 0.16272354200971062, "statistic": -0.04417814724550664}, "46": {"pvalue": 0.18974384384948992, "statistic": 0.04150216597574176}, "47": {"pvalue": 0.8767097717931953, "statistic": -0.004912118848533025}, "48": {"pvalue": 0.5782818257266762, "statistic": 0.017599631608735497}, "49": {"pvalue": 0.47815402449616107, "statistic": 0.022454491824137914}, "50": {"pvalue": 0.4769783286685379, "statistic": -0.022514507731888712}, "51": {"pvalue": 0.15538755808940902, "statistic": 0.044961778658196117}, "52": {"pvalue": 0.43378032720474746, "statistic": 0.02477957583393204}, "53": {"pvalue": 0.9943352529263704, "statistic": 0.0002247955065517145}, "54": {"pvalue": 0.9002874470166369, "statistic": 0.003967224483930307}, "55": {"pvalue": 0.5984778594290616, "statistic": 0.016671954317817525}, "56": {"pvalue": 0.22881270371354473, "statistic": 0.03808940346243082}, "57": {"pvalue": 0.639247591843467, "statistic": -0.014840955295310945}, "58": {"pvalue": 0.3907316133375009, "statistic": 0.027170527103008567}, "59": {"pvalue": 0.5986454191782618, "statistic": 0.0166643182547129}, "60": {"pvalue": 0.7735721214687704, "statistic": -0.009109253518527816}, "61": {"pvalue": 0.21235544032920975, "statistic": -0.03947122842343122}, "62": {"pvalue": 0.15830647229221903, "statistic": -0.04464669825062603}, "63": {"pvalue": 0.9893344248423565, "statistic": -0.00042325359375875067}, "64": {"pvalue": 0.563702405374957, "statistic": 0.01827877627759642}, "65": {"pvalue": 0.006884385855302777, "statistic": -0.08540757257865593}, "66": {"pvalue": 0.7840297581236086, "statistic": 0.008677588463429566}, "67": {"pvalue": 0.4860930916600243, "statistic": 0.022051310577637033}, "68": {"pvalue": 0.8280124292655016, "statistic": 0.006878614449975565}, "69": {"pvalue": 0.8550921753626358, "statistic": 0.005782297026804422}, "70": {"pvalue": 0.5095340178385804, "statistic": -0.020881069882342267}, "71": {"pvalue": 0.8776421216542807, "statistic": 0.004874676651668015}, "72": {"pvalue": 0.9080004281881948, "statistic": -0.0036589255423259276}, "73": {"pvalue": 0.5395518373357486, "statistic": -0.019422746193586794}, "74": {"pvalue": 0.43923252222259795, "statistic": -0.024486855992266403}, "75": {"pvalue": 0.687071189119143, "statistic": -0.012754127120080706}, "76": {"pvalue": 0.7307131763539152, "statistic": -0.010897138578670328}, "77": {"pvalue": 0.07537447024379501, "statistic": -0.05625678176313186}, "78": {"pvalue": 0.615369685807681, "statistic": -0.015906914471688842}, "79": {"pvalue": 0.35020153814924143, "statistic": -0.029572474543965697}, "80": {"pvalue": 0.771892940121254, "statistic": -0.00917872163071443}, "81": {"pvalue": 0.44744073264701684, "statistic": 0.024050068704239227}, "82": {"pvalue": 0.928387870203523, "statistic": -0.002845597716355855}, "83": {"pvalue": 0.7799631425534617, "statistic": 0.008845252443336653}, "84": {"pvalue": 0.3630232891086327, "statistic": -0.028794739300263803}, "85": {"pvalue": 0.8986330304531525, "statistic": -0.004033401843353629}, "86": {"pvalue": 0.9111497723100687, "statistic": -0.003533142911089809}, "87": {"pvalue": 0.9340284186416055, "statistic": 0.0026209295914845056}, "88": {"pvalue": 0.13374598825440875, "statistic": -0.047450743612274505}, "89": {"pvalue": 0.007222107047633559, "statistic": 0.0849049849701478}, "90": {"pvalue": 0.7572989127277576, "statistic": -0.009784381674294088}, "91": {"pvalue": 0.7768809122530481, "statistic": 0.008972495796984333}, "92": {"pvalue": 0.391863320617491, "statistic": 0.02710571134019894}, "93": {"pvalue": 0.35598801379772915, "statistic": 0.02921930030523372}, "94": {"pvalue": 0.04633324085794812, "statistic": -0.0630196619557223}, "95": {"pvalue": 0.6394126130086073, "statistic": 0.01483364792482629}, "96": {"pvalue": 0.8811748198252535, "statistic": -0.00473286846607778}, "97": {"pvalue": 0.25933780024151115, "statistic": 0.03570243514418625}, "98": {"pvalue": 0.35309003279675366, "statistic": -0.02939572003677774}, "99": {"pvalue": 0.6661608157910247, "statistic": 0.013659241176557433}}