{"0": {"pvalue": 0.5066053504909407, "statistic": -0.021025697247226874}, "1": {"pvalue": 0.39543810922952927, "statistic": -0.02690171514485694}, "2": {"pvalue": 0.06983290913642921, "statistic": -0.05735640647018943}, "3": {"pvalue": 0.16648285320207654, "statistic": -0.04378685891518033}, "4": {"pvalue": 0.23719142094096132, "statistic": 0.03741296650367863}, "5": {"pvalue": 0.392336105684686, "statistic": 0.027078667325724455}, "6": {"pvalue": 0.3537696129225165, "statistic": 0.029354267659650633}, "7": {"pvalue": 0.050187575386949325, "statistic": -0.06194683221685903}, "8": {"pvalue": 0.34788183387477917, "statistic": 0.029715092889731697}, "9": {"pvalue": 0.714373806668384, "statistic": 0.01158767059430945}, "10": {"pvalue": 0.46406518052300333, "statistic": 0.02317910921244088}, "11": {"pvalue": 0.23484379860139543, "statistic": -0.03760076793684347}, "12": {"pvalue": 0.75974208825426, "statistic": 0.009682745105441187}, "13": {"pvalue": 0.08215046552433992, "statistic": -0.0549983972707012}, "14": {"pvalue": 0.1404846958315079, "statistic": -0.04664457571581116}, "15": {"pvalue": 0.2791501838003327, "statistic": 0.03425592906788477}, "16": {"pvalue": 0.790083856594642, "statistic": 0.008428429682848529}, "17": {"pvalue": 0.020708925649830588, "statistic": 0.0731448513796037}, "18": {"pvalue": 0.5427749282795531, "statistic": 0.019268634722822087}, "19": {"pvalue": 0.5815103568677001, "statistic": -0.01745033720852411}, "20": {"pvalue": 0.5514517624527876, "statistic": 0.018855995435604275}, "21": {"pvalue": 0.5235191803637451, "statistic": -0.020196323571902375}, "22": {"pvalue": 0.6194810225490415, "statistic": -0.015722121773312073}, "23": {"pvalue": 0.7190465421837391, "statistic": -0.011389643956728878}, "24": {"pvalue": 0.05804452297579992, "statistic": 0.05995765621505827}, "25": {"pvalue": 0.7443456771409942, "statistic": 0.010324952426589401}, "26": {"pvalue": 0.521996369122609, "statistic": 0.020270422155002264}, "27": {"pvalue": 0.4702715755429413, "statistic": -0.022858428873192387}, "28": {"pvalue": 0.07108314677515011, "statistic": -0.05710224434755526}, "29": {"pvalue": 0.34239697437370814, "statistic": 0.030054730431209157}, "30": {"pvalue": 0.8012424666705431, "statistic": 0.007970542665098496}, "31": {"pvalue": 0.4082908949606666, "statistic": 0.026177292400587207}, "32": {"pvalue": 0.3647551780059312, "statistic": -0.028691015927397152}, "33": {"pvalue": 0.10335157381130759, "statistic": -0.05153797155136043}, "34": {"pvalue": 0.23607598547856795, "statistic": 0.037502032879929814}, "35": {"pvalue": 0.05614680615483335, "statistic": -0.060416552042895734}, "36": {"pvalue": 0.4467525979231297, "statistic": -0.0240865104938717}, "37": {"pvalue": 0.32656877100411164, "statistic": -0.031054839395548355}, "38": {"pvalue": 0.9197048495183409, "statistic": -0.0031917340975918503}, "39": {"pvalue": 0.5595205688018486, "statistic": 0.018475122824934402}, "40": {"pvalue": 0.5926801991515084, "statistic": -0.01693676770664913}, "41": {"pvalue": 0.36608976404960214, "statistic": -0.028611296589533118}, "42": {"pvalue": 0.7256161111894207, "statistic": -0.011111979683550339}, "43": {"pvalue": 0.7470496246129277, "statistic": 0.010211866752720029}, "44": {"pvalue": 0.20195500272055092, "statistic": 0.04038475765075491}, "45": {"pvalue": 0.6840676793745113, "statistic": 0.012883479658913797}, "46": {"pvalue": 0.5725594363481761, "statistic": -0.017865213730365193}, "47": {"pvalue": 0.5053447780793533, "statistic": -0.021088083503275346}, "48": {"pvalue": 0.0068132016974466825, "statistic": -0.08551632184963312}, "49": {"pvalue": 0.4546737943257289, "statistic": -0.023668929167934585}, "50": {"pvalue": 0.5258344951597612, "statistic": -0.02008387364987573}, "51": {"pvalue": 0.5004254145115109, "statistic": -0.021332332492882917}, "52": {"pvalue": 0.8488743545170276, "statistic": -0.006033365135361075}, "53": {"pvalue": 0.17618383001720386, "statistic": -0.042806862962546544}, "54": {"pvalue": 0.09844160905718798, "statistic": -0.05228489938283354}, "55": {"pvalue": 0.5269463554390381, "statistic": -0.02002996284939666}, "56": {"pvalue": 0.3248723960601878, "statistic": 0.031163867733123747}, "57": {"pvalue": 0.48680415228534507, "statistic": -0.022015374390202142}, "58": {"pvalue": 0.5403324142258371, "statistic": -0.019385381000094085}, "59": {"pvalue": 0.4630377007504499, "statistic": -0.023232427457990125}, "60": {"pvalue": 0.3327801294055945, "statistic": 0.030658729130642614}, "61": {"pvalue": 0.16353432221055297, "statistic": 0.04409318639014143}, "62": {"pvalue": 0.2378953025915894, "statistic": -0.03735691427795708}, "63": {"pvalue": 0.41724027237258615, "statistic": 0.025680866416090742}, "64": {"pvalue": 0.305040377592147, "statistic": 0.03246704444990598}, "65": {"pvalue": 0.1701198004351455, "statistic": -0.04341457003557281}, "66": {"pvalue": 0.32441709997527524, "statistic": 0.03119319315531504}, "67": {"pvalue": 0.411594240527514, "statistic": 0.02599331137084911}, "68": {"pvalue": 0.06769571131353835, "statistic": -0.057799652151056286}, "69": {"pvalue": 0.6511421148214754, "statistic": -0.014316237041182532}, "70": {"pvalue": 0.17570860173450728, "statistic": 0.04285391958936442}, "71": {"pvalue": 0.24970929341298104, "statistic": 0.036433062347739006}, "72": {"pvalue": 0.6709534147709842, "statistic": -0.01345083160204369}, "73": {"pvalue": 0.716457326339509, "statistic": 0.011499317304675443}, "74": {"pvalue": 0.9764891826307327, "statistic": 0.0009331123866912622}, "75": {"pvalue": 0.3883905379344443, "statistic": 0.027304968968325925}, "76": {"pvalue": 0.6276641506297462, "statistic": 0.01535589191149555}, "77": {"pvalue": 0.8921920927138295, "statistic": -0.004291212434389029}, "78": {"pvalue": 0.2771056532771577, "statistic": 0.034401886441995294}, "79": {"pvalue": 0.7964902685895241, "statistic": 0.008165337316085203}, "80": {"pvalue": 0.8379650481087314, "statistic": -0.006474796880067312}, "81": {"pvalue": 0.4397921336093838, "statistic": -0.02445692973741848}, "82": {"pvalue": 0.2972763831388852, "statistic": -0.032992454184385046}, "83": {"pvalue": 0.32962956692824413, "statistic": 0.030859043292189955}, "84": {"pvalue": 0.38461147686280095, "statistic": -0.027523035014204604}, "85": {"pvalue": 0.822426726791612, "statistic": -0.0071057349701046865}, "86": {"pvalue": 0.4046779304420354, "statistic": -0.02637953436967584}, "87": {"pvalue": 0.12878891211807705, "statistic": -0.04806403271335356}, "88": {"pvalue": 0.5567233162005071, "statistic": -0.01860685682497552}, "89": {"pvalue": 0.1706239009447936, "statistic": -0.04336344051224355}, "90": {"pvalue": 0.13709561434856024, "statistic": -0.047046204673420515}, "91": {"pvalue": 0.1871918114367548, "statistic": -0.04174232416240634}, "92": {"pvalue": 0.0762655568851797, "statistic": 0.05608616919796438}, "93": {"pvalue": 0.14948466779734626, "statistic": 0.04561294407040091}, "94": {"pvalue": 0.8236645125617648, "statistic": 0.0070553742155309435}, "95": {"pvalue": 0.7671625072072726, "statistic": 0.009374659359491184}, "96": {"pvalue": 0.3337023807569967, "statistic": 0.030600323638384372}, "97": {"pvalue": 0.8755939986531484, "statistic": 0.00495693615495282}, "98": {"pvalue": 0.8849887868845601, "statistic": 0.004579875955490843}, "99": {"pvalue": 0.32818134407563615, "statistic": -0.030951537239819193}}