{"0": {"pvalue": 0.980820927850507, "statistic": 0.0007611544974304761}, "1": {"pvalue": 0.8804722675723263, "statistic": -0.004761062402292576}, "2": {"pvalue": 0.07066152632301362, "statistic": 0.057187543924157994}, "3": {"pvalue": 0.8979367303926108, "statistic": 0.004061259383849522}, "4": {"pvalue": 0.27436164741782215, "statistic": -0.034598935103511023}, "5": {"pvalue": 0.33991789687985513, "statistic": 0.03020938081778246}, "6": {"pvalue": 0.559139755606956, "statistic": -0.018493038043347117}, "7": {"pvalue": 0.03841759027454063, "statistic": -0.06548251038640802}, "8": {"pvalue": 0.6828085894246089, "statistic": 0.012937768866638406}, "9": {"pvalue": 0.975311566720226, "statistic": -0.0009798649072818473}, "10": {"pvalue": 0.7966596759886131, "statistic": 0.008158387970111872}, "11": {"pvalue": 0.35169971553138335, "statistic": -0.02948068255924293}, "12": {"pvalue": 0.364564573489584, "statistic": -0.02870241621529805}, "13": {"pvalue": 0.09939437816017042, "statistic": 0.052137676558915116}, "14": {"pvalue": 0.21880195334903954, "statistic": 0.038921107213311754}, "15": {"pvalue": 0.29019267382673186, "statistic": -0.03347987767692358}, "16": {"pvalue": 0.5785684939776989, "statistic": 0.01758635966348868}, "17": {"pvalue": 0.758254062856831, "statistic": 0.00974463531719005}, "18": {"pvalue": 0.8696254431983602, "statistic": 0.005196846137504436}, "19": {"pvalue": 0.47299929606969077, "statistic": 0.022718228911363627}, "20": {"pvalue": 0.6594374606007795, "statistic": 0.013952612861553054}, "21": {"pvalue": 0.2005759022189906, "statistic": 0.04050843924751326}, "22": {"pvalue": 0.7947862619493782, "statistic": 0.008235260138354947}, "23": {"pvalue": 0.06931275955132568, "statistic": -0.05746324768122815}, "24": {"pvalue": 0.8219267168861778, "statistic": 0.007126083539090264}, "25": {"pvalue": 0.48527821587560255, "statistic": -0.022092528391272195}, "26": {"pvalue": 0.7554873486359697, "statistic": -0.009859808083135791}, "27": {"pvalue": 0.14457057716181654, "statistic": -0.0461701438444566}, "28": {"pvalue": 0.8653989696015438, "statistic": -0.005366911553185446}, "29": {"pvalue": 0.9193033879521818, "statistic": 0.0032077466949575664}, "30": {"pvalue": 0.9195989834808166, "statistic": -0.0031959565650500846}, "31": {"pvalue": 0.6964651351764496, "statistic": -0.012350913874522697}, "32": {"pvalue": 0.35852052607135027, "statistic": -0.02906586811984123}, "33": {"pvalue": 0.0370118557203007, "statistic": 0.06596417479342939}, "34": {"pvalue": 0.7629374234632401, "statistic": -0.009549968574286711}, "35": {"pvalue": 0.1450062057201352, "statistic": -0.046120169254999725}, "36": {"pvalue": 0.7642949250679748, "statistic": -0.009493610837667298}, "37": {"pvalue": 0.03307316949249581, "statistic": -0.06740191877298354}, "38": {"pvalue": 0.3894668335900416, "statistic": 0.02724309916036636}, "39": {"pvalue": 0.6307315173633327, "statistic": 0.015219143772940157}, "40": {"pvalue": 0.5056017521484756, "statistic": -0.021075359118570215}, "41": {"pvalue": 0.9084293180013762, "statistic": -0.003641792631520622}, "42": {"pvalue": 0.6990451492917512, "statistic": 0.012240524766092217}, "43": {"pvalue": 0.4499589441641112, "statistic": -0.02391698124815137}, "44": {"pvalue": 0.23819581637400014, "statistic": -0.03733301907884996}, "45": {"pvalue": 0.5571710924412564, "statistic": 0.018585747640233498}, "46": {"pvalue": 0.5888908450229416, "statistic": 0.017110490390690132}, "47": {"pvalue": 0.5061208976925037, "statistic": 0.02104966335962217}, "48": {"pvalue": 0.29664972125278705, "statistic": -0.033035258797681065}, "49": {"pvalue": 0.967732584820154, "statistic": 0.0012808134824072643}, "50": {"pvalue": 0.5780233421069088, "statistic": 0.017611601332267163}, "51": {"pvalue": 0.14134815317201163, "statistic": 0.046543442022031645}, "52": {"pvalue": 0.23545242482963188, "statistic": 0.03755195312074313}, "53": {"pvalue": 0.2994444673553167, "statistic": 0.03284482434025815}, "54": {"pvalue": 0.5657216763798979, "statistic": 0.01818421824120275}, "55": {"pvalue": 0.9691253809839279, "statistic": -0.001225500035763348}, "56": {"pvalue": 0.4436972890076087, "statistic": 0.024248698312854602}, "57": {"pvalue": 0.7434538889701746, "statistic": 0.010362277971868684}, "58": {"pvalue": 0.09795048357950624, "statistic": 0.05236123276349176}, "59": {"pvalue": 0.4358712050699313, "statistic": 0.024667070947853812}, "60": {"pvalue": 0.41385069144502445, "statistic": 0.025868140096843652}, "61": {"pvalue": 0.7433946866084812, "statistic": -0.010364756378735858}, "62": {"pvalue": 0.5285339928364384, "statistic": -0.019953083400258087}, "63": {"pvalue": 0.9736436144628288, "statistic": 0.0010460879424541228}, "64": {"pvalue": 0.42964967266342324, "statistic": 0.025002760331655327}, "65": {"pvalue": 0.37880232951470444, "statistic": -0.027860813247944788}, "66": {"pvalue": 0.877386307657005, "statistic": 0.00488494919489933}, "67": {"pvalue": 0.6476873900711457, "statistic": -0.014468229155777479}, "68": {"pvalue": 0.21382477494911825, "statistic": -0.039344794396541705}, "69": {"pvalue": 0.9649201188875087, "statistic": -0.0013925197071901528}, "70": {"pvalue": 0.47625733574664497, "statistic": -0.02255135235805225}, "71": {"pvalue": 0.5311789418001714, "statistic": 0.019825265050004436}, "72": {"pvalue": 0.08534091215759823, "statistic": -0.0544348461356591}, "73": {"pvalue": 0.4441923959268477, "statistic": -0.024222373004428973}, "74": {"pvalue": 0.6456261119665571, "statistic": -0.014559074613701485}, "75": {"pvalue": 0.22480390222646504, "statistic": 0.038419278868034965}, "76": {"pvalue": 0.383749273381931, "statistic": 0.027572970328670003}, "77": {"pvalue": 0.8864019894125822, "statistic": -0.00452321439667314}, "78": {"pvalue": 0.916054799274381, "statistic": 0.0033373496037747384}, "79": {"pvalue": 0.9440505477824445, "statistic": 0.0022220567326149045}, "80": {"pvalue": 0.52792304336816, "statistic": 0.019982653968286097}, "81": {"pvalue": 0.0719085218852662, "statistic": 0.05693645152494388}, "82": {"pvalue": 0.11330611445916067, "statistic": -0.05010607886092581}, "83": {"pvalue": 0.21304819562002214, "statistic": -0.03941153957008771}, "84": {"pvalue": 0.34265811585134076, "statistic": 0.030038481546485488}, "85": {"pvalue": 0.22995388428900052, "statistic": -0.03799625081324128}, "86": {"pvalue": 0.7991723716631689, "statistic": 0.008055359290761958}, "87": {"pvalue": 0.9188518291951481, "statistic": 0.003225758435738557}, "88": {"pvalue": 0.5720172484738189, "statistic": 0.017890442181759645}, "89": {"pvalue": 0.31650533926715996, "statistic": -0.03170712611683282}, "90": {"pvalue": 0.9597731481497234, "statistic": 0.0015969942009615833}, "91": {"pvalue": 0.9855659249416904, "statistic": -0.0005728172301945767}, "92": {"pvalue": 0.8817915717537902, "statistic": -0.004708120848742687}, "93": {"pvalue": 0.9972315262445125, "statistic": -0.00010986130158521269}, "94": {"pvalue": 0.2543519466710994, "statistic": 0.03607837202422508}, "95": {"pvalue": 0.06259084276065675, "statistic": -0.058906895355542305}, "96": {"pvalue": 0.8162872784804128, "statistic": 0.007355793730172342}, "97": {"pvalue": 0.661508380135159, "statistic": -0.013862122492898782}, "98": {"pvalue": 0.5013067341467978, "statistic": -0.0212884815836014}, "99": {"pvalue": 0.5916279779908835, "statistic": -0.016984955443431343}}