{"0": {"pvalue": 0.3281278564415925, "statistic": -0.03095495840089821}, "1": {"pvalue": 0.38958161560281585, "statistic": 0.02723650716170576}, "2": {"pvalue": 0.0032521981685868814, "statistic": -0.0929753167335926}, "3": {"pvalue": 0.1799790497839095, "statistic": -0.04243441136188769}, "4": {"pvalue": 0.4840132415288341, "statistic": -0.022156587174037033}, "5": {"pvalue": 0.2865657699209867, "statistic": 0.03373253831130445}, "6": {"pvalue": 0.08651340868299569, "statistic": 0.054232013073094436}, "7": {"pvalue": 0.7425794423676412, "statistic": -0.010398891659374722}, "8": {"pvalue": 0.27900607752366197, "statistic": -0.03426619285757973}, "9": {"pvalue": 0.47164573925515574, "statistic": -0.022787743521552335}, "10": {"pvalue": 0.4905788267803915, "statistic": 0.021825078512886585}, "11": {"pvalue": NaN, "statistic": NaN}, "12": {"pvalue": 0.7739227188381259, "statistic": -0.009094754761139964}, "13": {"pvalue": 0.3403712766989341, "statistic": -0.03018104421112661}, "14": {"pvalue": 0.7939502994085135, "statistic": -0.008269577974584837}, "15": {"pvalue": 0.0942527762775414, "statistic": -0.05294598145039488}, "16": {"pvalue": 0.4031879325674326, "statistic": -0.026463253333844652}, "17": {"pvalue": 3.128299852670668e-06, "statistic": -0.14681609413096403}, "18": {"pvalue": 0.02599553343522598, "statistic": 0.0704017922236734}, "19": {"pvalue": 0.4497578951433848, "statistic": -0.023927591162666118}, "20": {"pvalue": 0.8241396124319845, "statistic": -0.0070360489637994045}, "21": {"pvalue": NaN, "statistic": NaN}, "22": {"pvalue": 0.07845812060380697, "statistic": -0.05567317494795755}, "23": {"pvalue": 0.4047075858480824, "statistic": -0.026377869983215313}, "24": {"pvalue": 0.7329992904935336, "statistic": 0.010800942055828166}, "25": {"pvalue": 0.9600357208417086, "statistic": 0.0015865613977429655}, "26": {"pvalue": 0.5546430653502957, "statistic": -0.01870503318629705}, "27": {"pvalue": 0.3284940651237309, "statistic": -0.030931542287738662}, "28": {"pvalue": 0.5738182645519054, "statistic": -0.017806683032146046}, "29": {"pvalue": 0.017953129270770685, "statistic": -0.07482658983318019}, "30": {"pvalue": 0.6140136964240202, "statistic": 0.01596798083233555}, "31": {"pvalue": 0.6630385381996252, "statistic": -0.013795333707396613}, "32": {"pvalue": 0.09253047242267344, "statistic": 0.05322462889394133}, "33": {"pvalue": NaN, "statistic": NaN}, "34": {"pvalue": NaN, "statistic": NaN}, "35": {"pvalue": 0.785280336908196, "statistic": -0.008626076923467669}, "36": {"pvalue": 0.4501342454025592, "statistic": 0.023907732304746625}, "37": {"pvalue": 0.5836412000700534, "statistic": -0.017352014379483086}, "38": {"pvalue": 0.9665860823529063, "statistic": 0.001326348553369723}, "39": {"pvalue": 0.18651284873016757, "statistic": 0.041806623774746726}, "40": {"pvalue": 0.1505305168058454, "statistic": 0.04549616533469369}, "41": {"pvalue": 0.9600831109363664, "statistic": -0.0015846784650255137}, "42": {"pvalue": 0.6483972529450863, "statistic": 0.014436971354035795}, "43": {"pvalue": 0.3868753458187369, "statistic": -0.027392245311673967}, "44": {"pvalue": NaN, "statistic": NaN}, "45": {"pvalue": 0.9672096661674277, "statistic": 0.0013015816499417597}, "46": {"pvalue": 0.7212501326476429, "statistic": -0.011296412255544137}, "47": {"pvalue": 0.33693206254553904, "statistic": -0.030396605439465388}, "48": {"pvalue": NaN, "statistic": NaN}, "49": {"pvalue": 0.11322795238636728, "statistic": 0.05011692795530359}, "50": {"pvalue": 0.0019316540820775326, "statistic": -0.09793452481753567}, "51": {"pvalue": 0.3674040083525364, "statistic": -0.028532969065662363}, "52": {"pvalue": 0.5058888516148952, "statistic": 0.02106114705824038}, "53": {"pvalue": NaN, "statistic": NaN}, "54": {"pvalue": 0.45170985226128957, "statistic": 0.02382469409884284}, "55": {"pvalue": 0.13015037779257985, "statistic": -0.04789379659027793}, "56": {"pvalue": 0.32641188298452034, "statistic": 0.03106490735287468}, "57": {"pvalue": 0.2963142436804997, "statistic": -0.03305819866833912}, "58": {"pvalue": 0.425759404658233, "statistic": -0.025214097323187967}, "59": {"pvalue": 0.5230491676943134, "statistic": 0.0202191821474138}, "60": {"pvalue": 0.12028796712743887, "statistic": 0.04915985146759383}, "61": {"pvalue": 0.3726809192238151, "statistic": 0.02822021139383199}, "62": {"pvalue": NaN, "statistic": NaN}, "63": {"pvalue": 0.0005998249509581228, "statistic": -0.10833563893686751}, "64": {"pvalue": 0.9276390711584753, "statistic": 0.0028754335704670765}, "65": {"pvalue": 0.6238242097706758, "statistic": -0.015527487168697172}, "66": {"pvalue": 0.19919881510187346, "statistic": -0.040632560222527016}, "67": {"pvalue": 0.40620889902265717, "statistic": 0.026293704887214227}, "68": {"pvalue": 0.6050616871172197, "statistic": -0.016372636720776625}, "69": {"pvalue": 0.9810432909688999, "statistic": -0.0007523279660424469}, "70": {"pvalue": 5.673979176048024e-06, "statistic": 0.1429512433158437}, "71": {"pvalue": 0.08760860454754053, "statistic": -0.054044544945892364}, "72": {"pvalue": 0.44453034487983717, "statistic": -0.024204413538392727}, "73": {"pvalue": 0.5734955326645241, "statistic": 0.017821683030331898}, "74": {"pvalue": NaN, "statistic": NaN}, "75": {"pvalue": 0.7248327123661461, "statistic": -0.01114504501018445}, "76": {"pvalue": 0.008712980166886894, "statistic": -0.08291103131689315}, "77": {"pvalue": 0.28249731339878814, "statistic": 0.034018538596587114}, "78": {"pvalue": 5.02127623763838e-05, "statistic": -0.12785217076507946}, "79": {"pvalue": 0.029151924877397, "statistic": -0.06898683267894642}, "80": {"pvalue": 0.04717501674739356, "statistic": -0.06277913450896962}, "81": {"pvalue": 0.24932860764364392, "statistic": 0.036462349240051685}, "82": {"pvalue": 0.1314886205657592, "statistic": -0.04772780385093538}, "83": {"pvalue": 0.0015255234409158513, "statistic": -0.10011067120845046}, "84": {"pvalue": 0.04035184420633808, "statistic": -0.06484363464642115}, "85": {"pvalue": 0.2706574593365691, "statistic": -0.03486707927650776}, "86": {"pvalue": 0.12082369721120197, "statistic": -0.0490890395762231}, "87": {"pvalue": 0.08753154037387766, "statistic": -0.05405767431081057}, "88": {"pvalue": NaN, "statistic": NaN}, "89": {"pvalue": 0.4037644720402474, "statistic": -0.026430837236875945}, "90": {"pvalue": 0.4559884291995212, "statistic": -0.02360002378298486}, "91": {"pvalue": 0.8149648256517948, "statistic": -0.007409716513806154}, "92": {"pvalue": 0.7890942279863257, "statistic": -0.008469122208132104}, "93": {"pvalue": 0.5523713103257863, "statistic": -0.018812453119080877}, "94": {"pvalue": 0.8633131131776126, "statistic": -0.005450899234227934}, "95": {"pvalue": NaN, "statistic": NaN}, "96": {"pvalue": 0.4167799589986341, "statistic": -0.025706245881292826}, "97": {"pvalue": 0.8648716909078732, "statistic": -0.005388139015478924}, "98": {"pvalue": 0.05825445501553576, "statistic": -0.05990766001507131}, "99": {"pvalue": 0.3762775220034768, "statistic": -0.02800861185977613}}