{"0": {"pvalue": 0.14055173900611445, "statistic": -0.04663670612528775}, "1": {"pvalue": 9.308530609261367e-20, "statistic": -0.282152374570488}, "2": {"pvalue": 0.007865524175460253, "statistic": -0.08400312764872167}, "3": {"pvalue": 0.06167867455907282, "statistic": -0.05911253398907841}, "4": {"pvalue": 0.9734823064473302, "statistic": -0.0010524926238909982}, "5": {"pvalue": 0.0027189395437278935, "statistic": -0.09470555664921679}, "6": {"pvalue": 4.660378557887378e-10, "statistic": -0.19535720259651124}, "7": {"pvalue": 1.4754860908756445e-10, "statistic": -0.20081868713004103}, "8": {"pvalue": 0.6322708809122627, "statistic": -0.01515062333126737}, "9": {"pvalue": 0.003823366914716583, "statistic": -0.09138789208512496}, "10": {"pvalue": 5.739690100088757e-09, "statistic": -0.18285027625002087}, "11": {"pvalue": 0.5029216701214656, "statistic": 0.02120823452560114}, "12": {"pvalue": 2.274979563533517e-11, "statistic": -0.20938110578578087}, "13": {"pvalue": 0.012986565443387848, "statistic": -0.07853219942356937}, "14": {"pvalue": 0.24509943680711724, "statistic": -0.03678982881939374}, "15": {"pvalue": 0.07447692643179898, "statistic": 0.05643030080189392}, "16": {"pvalue": 4.1404595943523044e-05, "statistic": -0.12925502716212534}, "17": {"pvalue": 0.0006949520207816285, "statistic": -0.10707608401557031}, "18": {"pvalue": 0.031890459109100926, "statistic": -0.06786219308146857}, "19": {"pvalue": 0.247737032107787, "statistic": 0.036585131439276705}, "20": {"pvalue": 5.076019378405541e-05, "statistic": -0.12777287586375996}, "21": {"pvalue": 0.44688208035318694, "statistic": -0.02407965101407738}, "22": {"pvalue": 3.998948863077016e-10, "statistic": -0.19609314369120573}, "23": {"pvalue": 0.02118795388643875, "statistic": -0.07287266420205016}, "24": {"pvalue": 7.581451074700137e-09, "statistic": -0.1814098157793189}, "25": {"pvalue": 0.00491122854554893, "statistic": -0.08888359303010421}, "26": {"pvalue": 0.00025524567371427005, "statistic": -0.11540033171567834}, "27": {"pvalue": 0.008191988290520851, "statistic": -0.0835705150124686}, "28": {"pvalue": 0.03531319260268378, "statistic": -0.06656741874988698}, "29": {"pvalue": 0.09249802965349525, "statistic": -0.05322991747644633}, "30": {"pvalue": 0.386934231273013, "statistic": -0.027388849577114054}, "31": {"pvalue": 8.686495977783052e-13, "statistic": -0.22351169915952754}, "32": {"pvalue": 0.09014016811533775, "statistic": -0.05361832547902826}, "33": {"pvalue": 1.357868311715109e-05, "statistic": -0.1370983282607469}, "34": {"pvalue": 4.2068037141962495e-08, "statistic": -0.17227210517175132}, "35": {"pvalue": 0.4019172272467925, "statistic": 0.02653479716488267}, "36": {"pvalue": 3.111304477372614e-05, "statistic": -0.13130757006892943}, "37": {"pvalue": 3.1851093954280654e-14, "statistic": -0.23690598437138932}, "38": {"pvalue": 2.9826176929780304e-18, "statistic": -0.27068067830441417}, "39": {"pvalue": 1.4892245294844148e-05, "statistic": -0.1364649580264375}, "40": {"pvalue": 2.5109830831860772e-09, "statistic": -0.1870628396275617}, "41": {"pvalue": 0.007748806198085575, "statistic": -0.08416169993368255}, "42": {"pvalue": 1.6196450870584335e-25, "statistic": -0.32174149886788234}, "43": {"pvalue": 0.33922855481907, "statistic": -0.03025251165251908}, "44": {"pvalue": 0.011998647254636544, "statistic": 0.07941606364542511}, "45": {"pvalue": 2.490861257467306e-09, "statistic": -0.1871033612758719}, "46": {"pvalue": 0.19459995076367206, "statistic": -0.0410516652706174}, "47": {"pvalue": 0.003565145733977262, "statistic": -0.09207682808473475}, "48": {"pvalue": 1.4748738264885433e-18, "statistic": -0.2730553059481261}, "49": {"pvalue": 5.47975029266152e-08, "statistic": -0.17081863463370264}, "50": {"pvalue": 0.024987812917626116, "statistic": -0.07088480910819606}, "51": {"pvalue": 0.0009032157443158297, "statistic": -0.10479977327566982}, "52": {"pvalue": 0.037088039455284987, "statistic": -0.06593767595994543}, "53": {"pvalue": 4.168410498842286e-05, "statistic": -0.129206333076464}, "54": {"pvalue": 0.06714687388638732, "statistic": -0.057915330364150044}, "55": {"pvalue": 0.42094671815795187, "statistic": -0.025477108038205774}, "56": {"pvalue": 5.842787523320409e-20, "statistic": -0.28365301053195446}, "57": {"pvalue": 0.11332586203881245, "statistic": -0.05010333877832106}, "58": {"pvalue": 7.959737559982491e-12, "statistic": -0.21403335776077442}, "59": {"pvalue": 4.6389256838366085e-09, "statistic": -0.183944609134799}, "60": {"pvalue": 0.006147813874701283, "statistic": -0.08658535867579578}, "61": {"pvalue": 0.6186230900946165, "statistic": -0.015760639010922943}, "62": {"pvalue": 2.6670285590536883e-05, "statistic": -0.13240180077105135}, "63": {"pvalue": 6.166440882990677e-06, "statistic": -0.14240293079477112}, "64": {"pvalue": 3.109229446825543e-08, "statistic": -0.1739194203202754}, "65": {"pvalue": 1.6426517913812618e-07, "statistic": -0.16464551662480642}, "66": {"pvalue": 0.0015154082114176909, "statistic": -0.10017140332370106}, "67": {"pvalue": 0.00012787653228577808, "statistic": -0.12083845891061087}, "68": {"pvalue": 0.031330151795922155, "statistic": -0.06808536710123045}, "69": {"pvalue": 0.0010405902760221685, "statistic": -0.10355169954132709}, "70": {"pvalue": 2.7144510930231845e-06, "statistic": -0.14772277475951723}, "71": {"pvalue": 0.0007781654976993273, "statistic": -0.10609927966212707}, "72": {"pvalue": 6.379904314991415e-18, "statistic": -0.26809003642766094}, "73": {"pvalue": 2.549319520168456e-12, "statistic": -0.21895946767995078}, "74": {"pvalue": 1.3050569379305012e-06, "statistic": -0.15231883931230614}, "75": {"pvalue": 0.5358487859950978, "statistic": -0.01960037636179359}, "76": {"pvalue": 0.06950566863175585, "statistic": 0.057423546788258124}, "77": {"pvalue": 0.11822087090705297, "statistic": -0.049435410408399064}, "78": {"pvalue": 0.5826480295519777, "statistic": 0.017397821083250234}, "79": {"pvalue": 8.242161185341871e-05, "statistic": -0.12417979997466072}, "80": {"pvalue": 0.0007880198892870696, "statistic": -0.10599009387446516}, "81": {"pvalue": 3.362651035202093e-11, "statistic": -0.20762202836445243}, "82": {"pvalue": 0.10944007897769147, "statistic": -0.050649906850258164}, "83": {"pvalue": 0.23339641830511876, "statistic": -0.03771721539930692}, "84": {"pvalue": 1.3791618506606687e-13, "statistic": -0.23107119703803983}, "85": {"pvalue": 0.5497248819062164, "statistic": -0.01893786291539161}, "86": {"pvalue": 0.10869836517347826, "statistic": 0.050755969376442577}, "87": {"pvalue": 0.5634671960421082, "statistic": 0.01828980119497796}, "88": {"pvalue": 1.0423829239747503e-09, "statistic": -0.1914387188903156}, "89": {"pvalue": 0.7716732960256738, "statistic": -0.009187811613430316}, "90": {"pvalue": 5.068965521990137e-06, "statistic": -0.14369083714604097}, "91": {"pvalue": 0.09125140086832413, "statistic": 0.05343426988377234}, "92": {"pvalue": 6.873670206940028e-05, "statistic": -0.12553687972628652}, "93": {"pvalue": 0.13183264587302976, "statistic": -0.04768534315628169}, "94": {"pvalue": 0.6614835536280207, "statistic": -0.01386320663471262}, "95": {"pvalue": 0.13996291974394245, "statistic": -0.046705921064364254}, "96": {"pvalue": 6.0464953651456e-06, "statistic": -0.14253251824319454}, "97": {"pvalue": 7.47688089006622e-10, "statistic": -0.19306607801479883}, "98": {"pvalue": 0.34806528007833515, "statistic": -0.02970379245761684}, "99": {"pvalue": 0.0003979401319364232, "statistic": -0.11177903343731625}}