{"0": {"pvalue": 0.12990074197195853, "statistic": -0.047924907063933805}, "1": {"pvalue": 0.9745225572258817, "statistic": 0.0010111905546300766}, "2": {"pvalue": 0.41408558321074007, "statistic": -0.025855133249136283}, "3": {"pvalue": 0.7129088955130379, "statistic": -0.011649845255729822}, "4": {"pvalue": 8.560988298855855e-05, "statistic": -0.12389437639395277}, "5": {"pvalue": NaN, "statistic": NaN}, "6": {"pvalue": 3.3497386860370254e-10, "statistic": -0.1969413337754466}, "7": {"pvalue": 3.6385548483033368e-06, "statistic": -0.1458446565604256}, "8": {"pvalue": 0.9133051981486069, "statistic": -0.003447088891260221}, "9": {"pvalue": NaN, "statistic": NaN}, "10": {"pvalue": NaN, "statistic": NaN}, "11": {"pvalue": 0.5886885454665154, "statistic": -0.017119779235558755}, "12": {"pvalue": 6.659172950136718e-24, "statistic": -0.3112472613791858}, "13": {"pvalue": 0.006610335038365327, "statistic": -0.08583193490227196}, "14": {"pvalue": 0.03084478999880816, "statistic": -0.06828147081863352}, "15": {"pvalue": NaN, "statistic": NaN}, "16": {"pvalue": 0.8029661193948588, "statistic": -0.007899964164193456}, "17": {"pvalue": 0.6348040973406269, "statistic": -0.015038018207056155}, "18": {"pvalue": 0.00022134963802633467, "statistic": -0.11654045514682804}, "19": {"pvalue": NaN, "statistic": NaN}, "20": {"pvalue": 3.520689744004245e-28, "statistic": -0.3381988664890132}, "21": {"pvalue": NaN, "statistic": NaN}, "22": {"pvalue": 0.3401859494113219, "statistic": 0.030192624396500816}, "23": {"pvalue": 0.020420773273203272, "statistic": -0.07331123292659067}, "24": {"pvalue": 0.001045053145179147, "statistic": -0.10351376555745781}, "25": {"pvalue": 3.427098644785826e-24, "statistic": -0.31315411164866824}, "26": {"pvalue": 0.4995773330403442, "statistic": -0.021374568230601482}, "27": {"pvalue": 1.3604781378387826e-05, "statistic": -0.13708518597847713}, "28": {"pvalue": 2.2008886096280672e-12, "statistic": -0.21958678714210694}, "29": {"pvalue": 1.1689900195798355e-07, "statistic": -0.16658266242758898}, "30": {"pvalue": 0.533448205617422, "statistic": 0.019715858569237844}, "31": {"pvalue": 0.7574638504859713, "statistic": 0.009777517073906401}, "32": {"pvalue": 6.231945492799092e-33, "statistic": -0.3653147612798697}, "33": {"pvalue": 0.051909108564772696, "statistic": -0.06148982857792851}, "34": {"pvalue": 0.8749715532444958, "statistic": -0.004981942249887877}, "35": {"pvalue": 0.3258435804317189, "statistic": -0.03110140328073383}, "36": {"pvalue": 0.4144379771581688, "statistic": -0.025835628031984414}, "37": {"pvalue": 0.058743619057464426, "statistic": -0.05979174080366581}, "38": {"pvalue": 0.9208801338043265, "statistic": 0.0031448616677299075}, "39": {"pvalue": 0.028742071229966654, "statistic": -0.06916288347492255}, "40": {"pvalue": 8.820977546315878e-06, "statistic": -0.140020936691745}, "41": {"pvalue": 0.22806409020457105, "statistic": -0.038150691030187124}, "42": {"pvalue": 0.0213236327610272, "statistic": -0.07279654373049116}, "43": {"pvalue": NaN, "statistic": NaN}, "44": {"pvalue": NaN, "statistic": NaN}, "45": {"pvalue": 0.25894035809960975, "statistic": 0.03573221798497597}, "46": {"pvalue": 2.4305192700348573e-05, "statistic": -0.13305717172468465}, "47": {"pvalue": 0.25137312603467293, "statistic": -0.03630542467657882}, "48": {"pvalue": 0.31601407658963054, "statistic": 0.03173931319717153}, "49": {"pvalue": 0.755815830753214, "statistic": -0.009846127243432362}, "50": {"pvalue": 0.32162857158813857, "statistic": 0.03137338786828269}, "51": {"pvalue": 9.077180627926064e-07, "statistic": -0.15454800913884328}, "52": {"pvalue": 0.018932420484689363, "statistic": -0.07420467029380244}, "53": {"pvalue": 0.5349738311948372, "statistic": -0.019642436657630366}, "54": {"pvalue": NaN, "statistic": NaN}, "55": {"pvalue": 0.03275129629790342, "statistic": -0.06752576946386721}, "56": {"pvalue": 0.0814909898311942, "statistic": -0.05511708746100946}, "57": {"pvalue": 0.12206554724843102, "statistic": -0.04892583234880808}, "58": {"pvalue": 6.31739299030717e-08, "statistic": -0.17003139202413198}, "59": {"pvalue": 0.5615688047614816, "statistic": -0.018378865379295367}, "60": {"pvalue": 0.004740566375123748, "statistic": -0.08924095317797917}, "61": {"pvalue": 0.2240655901386403, "statistic": 0.038480489232443404}, "62": {"pvalue": 0.0003522297006736491, "statistic": -0.11278458890458892}, "63": {"pvalue": 0.004083091384653052, "statistic": -0.09073628541959469}, "64": {"pvalue": 0.6079942327866964, "statistic": 0.016239786279054202}, "65": {"pvalue": 0.09966953901904807, "statistic": -0.052095367766097155}, "66": {"pvalue": 0.21052365459799507, "statistic": -0.039629737679225244}, "67": {"pvalue": 0.01697537109731951, "statistic": -0.07547787751503805}, "68": {"pvalue": 0.8778620403033488, "statistic": -0.004865845942336653}, "69": {"pvalue": 0.11245674832351273, "statistic": 0.050224290200236055}, "70": {"pvalue": 0.46883227372142616, "statistic": -0.022932587094362706}, "71": {"pvalue": 1.899603434489977e-05, "statistic": -0.13478196045784996}, "72": {"pvalue": 0.823399911120763, "statistic": -0.007066138331079833}, "73": {"pvalue": 0.005545819042379454, "statistic": -0.08764631259721137}, "74": {"pvalue": 9.521400142419933e-24, "statistic": -0.3102151026419263}, "75": {"pvalue": 9.083302435569897e-05, "statistic": -0.12344777395999525}, "76": {"pvalue": 0.000516116444824329, "statistic": -0.1096082783012649}, "77": {"pvalue": 0.0025498671206890364, "statistic": -0.09531919210525994}, "78": {"pvalue": NaN, "statistic": NaN}, "79": {"pvalue": 0.8844726188243651, "statistic": -0.004600575065376325}, "80": {"pvalue": 0.6366701413352893, "statistic": 0.014955191275293479}, "81": {"pvalue": NaN, "statistic": NaN}, "82": {"pvalue": 3.2286404767182826e-08, "statistic": -0.17371493275947342}, "83": {"pvalue": 6.531378234046317e-10, "statistic": -0.19372419227083837}, "84": {"pvalue": 5.5694740479107093e-05, "statistic": -0.12709254590489721}, "85": {"pvalue": 0.5697223430427546, "statistic": -0.01799735203948456}, "86": {"pvalue": 0.7348058878685638, "statistic": 0.01072499334350964}, "87": {"pvalue": NaN, "statistic": NaN}, "88": {"pvalue": 0.0011051857090193784, "statistic": -0.10301672967301971}, "89": {"pvalue": 0.0008755944724849084, "statistic": -0.10507179229501307}, "90": {"pvalue": NaN, "statistic": NaN}, "91": {"pvalue": 0.5467920275129345, "statistic": 0.019077193603321108}, "92": {"pvalue": 4.9944063856802725e-17, "statistic": -0.26093327963373303}, "93": {"pvalue": NaN, "statistic": NaN}, "94": {"pvalue": 0.00019019247852663292, "statistic": -0.11774325976243213}, "95": {"pvalue": 0.18854871797883194, "statistic": -0.04161433480295165}, "96": {"pvalue": 0.6619801607593518, "statistic": 0.013841523519274316}, "97": {"pvalue": 7.866535835240562e-10, "statistic": -0.19281818617585067}, "98": {"pvalue": 0.192839785136629, "statistic": -0.04121399217293409}, "99": {"pvalue": 0.1972626797872526, "statistic": -0.0408081334033104}}