{"0": {"pvalue": 0.15610201156604786, "statistic": -0.044884245890237276}, "1": {"pvalue": 0.0007083071702355371, "statistic": -0.10691223946356013}, "2": {"pvalue": 0.007141121175076083, "statistic": -0.08502355466193083}, "3": {"pvalue": 0.01633211479927376, "statistic": -0.07592451713989636}, "4": {"pvalue": 0.0056283519819607455, "statistic": -0.0874948948173897}, "5": {"pvalue": 0.5051839488683009, "statistic": -0.02109604888916883}, "6": {"pvalue": 0.9145787084176012, "statistic": 0.0033962567823363704}, "7": {"pvalue": 0.652585777009113, "statistic": -0.014252820175238098}, "8": {"pvalue": 0.3448915239765284, "statistic": -0.029899834813627367}, "9": {"pvalue": 0.6575673293574475, "statistic": -0.014034427529790394}, "10": {"pvalue": NaN, "statistic": NaN}, "11": {"pvalue": 0.6410952694177585, "statistic": -0.014759182461723794}, "12": {"pvalue": 0.04423700484835412, "statistic": -0.06363500929560989}, "13": {"pvalue": 0.2819608557158772, "statistic": -0.03405645735357922}, "14": {"pvalue": NaN, "statistic": NaN}, "15": {"pvalue": 2.494730641532869e-05, "statistic": -0.13287344688974323}, "16": {"pvalue": NaN, "statistic": NaN}, "17": {"pvalue": 3.6083891498187916e-14, "statistic": -0.2364152984658647}, "18": {"pvalue": 0.16044005672884737, "statistic": -0.044419158058359276}, "19": {"pvalue": 4.650655263228909e-14, "statistic": -0.23541399720567513}, "20": {"pvalue": 0.001939823763639294, "statistic": -0.09789522907713451}, "21": {"pvalue": 0.24798417343767817, "statistic": -0.036566029638993254}, "22": {"pvalue": 9.130128867720557e-07, "statistic": -0.15451254673897835}, "23": {"pvalue": 0.002182967740655178, "statistic": -0.09679008806225553}, "24": {"pvalue": 1.918143628169777e-12, "statistic": -0.22017199763727868}, "25": {"pvalue": 0.13531993235806186, "statistic": -0.04725969447151859}, "26": {"pvalue": 2.535833956494265e-06, "statistic": -0.14815578826691772}, "27": {"pvalue": NaN, "statistic": NaN}, "28": {"pvalue": 3.0317558987943427e-10, "statistic": -0.19741723206406459}, "29": {"pvalue": 2.40073134127528e-07, "statistic": -0.1624575883226608}, "30": {"pvalue": 0.0663607167103829, "statistic": -0.05808238973934818}, "31": {"pvalue": 0.004235511417490604, "statistic": -0.09037117893421318}, "32": {"pvalue": NaN, "statistic": NaN}, "33": {"pvalue": 1.0817610831948292e-09, "statistic": -0.1912562289915559}, "34": {"pvalue": 1.7575467062549395e-10, "statistic": -0.19999796521148666}, "35": {"pvalue": 0.5423019946575989, "statistic": -0.01929121934067894}, "36": {"pvalue": NaN, "statistic": NaN}, "37": {"pvalue": 2.0394302963498986e-07, "statistic": -0.1634015770135013}, "38": {"pvalue": 0.15712221793049003, "statistic": -0.044773997306478165}, "39": {"pvalue": 1.4790847057129385e-44, "statistic": -0.4224642617223906}, "40": {"pvalue": 0.026842772002292545, "statistic": -0.07000804903309528}, "41": {"pvalue": 3.95487026133646e-06, "statistic": -0.1453060225933293}, "42": {"pvalue": 0.2886821487855547, "statistic": -0.03358484547195738}, "43": {"pvalue": 0.3712143138139483, "statistic": -0.02830685871271084}, "44": {"pvalue": 0.0012597608693680773, "statistic": -0.10184530776418851}, "45": {"pvalue": 0.3330798813819568, "statistic": -0.030639734631431718}, "46": {"pvalue": 0.15822193047741684, "statistic": -0.04465576198546752}, "47": {"pvalue": 0.023438104573606528, "statistic": -0.07166154880098888}, "48": {"pvalue": NaN, "statistic": NaN}, "49": {"pvalue": 4.4158050028435116e-05, "statistic": -0.12878834154375657}, "50": {"pvalue": 0.012670022232574659, "statistic": -0.07880873201856145}, "51": {"pvalue": 0.17129524603662805, "statistic": -0.043295522978598525}, "52": {"pvalue": 0.36382665047779345, "statistic": 0.02874658739996544}, "53": {"pvalue": 0.02929428754535473, "statistic": -0.06892617901179675}, "54": {"pvalue": NaN, "statistic": NaN}, "55": {"pvalue": 0.007202692508827202, "statistic": -0.08493330038207396}, "56": {"pvalue": 0.19818716932719121, "statistic": -0.04072414233504754}, "57": {"pvalue": 1.118499158031079e-20, "statistic": -0.28890752404368414}, "58": {"pvalue": 9.052603870147043e-06, "statistic": -0.13984697337073382}, "59": {"pvalue": 0.20076031314726284, "statistic": -0.040491864951289924}, "60": {"pvalue": 0.019074624564063794, "statistic": -0.07411670953694041}, "61": {"pvalue": 6.819599664245186e-09, "statistic": -0.18195933246728377}, "62": {"pvalue": 2.7180013003870746e-23, "statistic": -0.30716315305393305}, "63": {"pvalue": 5.49486255274187e-14, "statistic": -0.23475324878896858}, "64": {"pvalue": 0.01487309409871686, "statistic": -0.07699777918224797}, "65": {"pvalue": 0.5301426290940788, "statistic": -0.019875306768326575}, "66": {"pvalue": 0.007179767967087461, "statistic": -0.08496682320834126}, "67": {"pvalue": 4.7424106282314775e-62, "statistic": -0.4918922214529212}, "68": {"pvalue": 0.5421565831783927, "statistic": 0.019298165335806777}, "69": {"pvalue": 4.0047265447403565e-18, "statistic": -0.2696800154318001}, "70": {"pvalue": 0.8001850656084263, "statistic": -0.008013859681308315}, "71": {"pvalue": NaN, "statistic": NaN}, "72": {"pvalue": 0.7017474894330165, "statistic": 0.012125060863675213}, "73": {"pvalue": 0.20766165332443676, "statistic": 0.039879401370439826}, "74": {"pvalue": 0.45554097487631684, "statistic": -0.023623464142638793}, "75": {"pvalue": 7.201755151627099e-57, "statistic": -0.47294392118980516}, "76": {"pvalue": 0.6098040795054294, "statistic": 0.016157938859905657}, "77": {"pvalue": 2.2166467747293435e-31, "statistic": -0.35675117553644237}, "78": {"pvalue": 0.22867870050306716, "statistic": -0.03810036356366446}, "79": {"pvalue": 0.0017854638289182964, "statistic": -0.09866475795881491}, "80": {"pvalue": 0.17546882103346842, "statistic": 0.04287769841552013}, "81": {"pvalue": 6.233617471800986e-07, "statistic": -0.15682272813602824}, "82": {"pvalue": 0.021519845956212934, "statistic": -0.07268720304578144}, "83": {"pvalue": 0.006384414454206342, "statistic": -0.08619381789903863}, "84": {"pvalue": 0.42617061605514267, "statistic": -0.025191705498904274}, "85": {"pvalue": 0.03442428503287245, "statistic": -0.06689301243684131}, "86": {"pvalue": 0.0004530401889032996, "statistic": -0.11070127378334921}, "87": {"pvalue": 0.1069895293345164, "statistic": -0.051002521090979275}, "88": {"pvalue": 2.6793963696849373e-31, "statistic": -0.35628917497317714}, "89": {"pvalue": 0.008899505119599273, "statistic": -0.08268346205228733}, "90": {"pvalue": 1.7457181149893593e-37, "statistic": -0.3890546798386069}, "91": {"pvalue": 0.4816240768054745, "statistic": -0.02227782331300099}, "92": {"pvalue": NaN, "statistic": NaN}, "93": {"pvalue": 0.9346916964602712, "statistic": -0.002594519512842918}, "94": {"pvalue": 3.4522276008643844e-08, "statistic": -0.17335101402580194}, "95": {"pvalue": 1.5925019433272662e-09, "statistic": -0.18934228712272622}, "96": {"pvalue": 0.0019299238274522533, "statistic": -0.09794286680068767}, "97": {"pvalue": 2.837752270509371e-10, "statistic": -0.19773210763215648}, "98": {"pvalue": NaN, "statistic": NaN}, "99": {"pvalue": 0.000253723829706933, "statistic": -0.1154483905478217}}