{"0": {"pvalue": 0.7491862702803889, "statistic": -0.010122599012280227}, "1": {"pvalue": 0.9275250169267855, "statistic": -0.002879978277736301}, "2": {"pvalue": 0.29193201504000654, "statistic": 0.033359463036154044}, "3": {"pvalue": 0.13342836001247607, "statistic": -0.047489508414832876}, "4": {"pvalue": 0.23801775943149753, "statistic": -0.037347174617566606}, "5": {"pvalue": 0.6289965648740277, "statistic": 0.015296455746215763}, "6": {"pvalue": 0.38130534469077804, "statistic": -0.027714886716034788}, "7": {"pvalue": 0.6237323687591377, "statistic": 0.01553159682603033}, "8": {"pvalue": 0.4732723138239191, "statistic": -0.022704220799464846}, "9": {"pvalue": 0.983750399432083, "statistic": 0.0006448758735343937}, "10": {"pvalue": 0.31636662807874333, "statistic": 0.031716211027677}, "11": {"pvalue": 0.2527306628021776, "statistic": 0.0362017192109154}, "12": {"pvalue": 0.43996533748102784, "statistic": -0.024447671762846564}, "13": {"pvalue": 0.7310921215085555, "statistic": -0.010881186167463358}, "14": {"pvalue": 0.8904922498549444, "statistic": 0.0043592985345490285}, "15": {"pvalue": 0.5076698006960557, "statistic": -0.02097308059569167}, "16": {"pvalue": 0.3667642988008173, "statistic": 0.028571073229574903}, "17": {"pvalue": 0.006163061344615316, "statistic": -0.08655972137160844}, "18": {"pvalue": 0.922358579178928, "statistic": -0.0030859083931113473}, "19": {"pvalue": 0.10847746386804864, "statistic": 0.05078766795496495}, "20": {"pvalue": 0.4730023637209486, "statistic": 0.022718071490323434}, "21": {"pvalue": 0.5454010513800517, "statistic": 0.019143403565119836}, "22": {"pvalue": 0.9150538731953275, "statistic": 0.003377292845987853}, "23": {"pvalue": 0.795165393405553, "statistic": -0.008219699264318904}, "24": {"pvalue": 0.7540428306702743, "statistic": 0.009919992179213879}, "25": {"pvalue": 0.6052172890248828, "statistic": 0.016365580413041064}, "26": {"pvalue": 0.018644226964618774, "statistic": 0.07438471712657932}, "27": {"pvalue": 0.27072593016049634, "statistic": -0.034862100023540135}, "28": {"pvalue": 0.5296276179079087, "statistic": -0.01990019420388403}, "29": {"pvalue": 0.4687448449241432, "statistic": 0.02293709580089815}, "30": {"pvalue": 0.5025195294713852, "statistic": -0.021228204374995407}, "31": {"pvalue": 0.8815118295463185, "statistic": -0.0047193453503944546}, "32": {"pvalue": 0.6375356847538626, "statistic": -0.014916807645250153}, "33": {"pvalue": 0.1907955388338293, "statistic": -0.04140388805067037}, "34": {"pvalue": 0.8357332173282749, "statistic": 0.006565257430754506}, "35": {"pvalue": 0.23792705583850846, "statistic": 0.03735438842963318}, "36": {"pvalue": 0.7860947465007448, "statistic": -0.00859254352464704}, "37": {"pvalue": 0.2124858813014895, "statistic": -0.039459978711052626}, "38": {"pvalue": 0.4348641127645981, "statistic": 0.024721221126264962}, "39": {"pvalue": 0.7331949129068942, "statistic": 0.010792715169988963}, "40": {"pvalue": 0.20637461243861638, "statistic": -0.039992487528564456}, "41": {"pvalue": 0.5304953218092191, "statistic": 0.019858270296130538}, "42": {"pvalue": 0.7391445052027581, "statistic": 0.010542849887669632}, "43": {"pvalue": 0.4237239740089607, "statistic": -0.02532511940526884}, "44": {"pvalue": 0.7930202208602549, "statistic": 0.008307770855996544}, "45": {"pvalue": 0.06825939547479018, "statistic": -0.05768164383159313}, "46": {"pvalue": 0.340045839729597, "statistic": 0.03020138183732845}, "47": {"pvalue": 0.10664565041432776, "statistic": 0.05105251203587427}, "48": {"pvalue": 0.2650443707421247, "statistic": -0.03527823936548844}, "49": {"pvalue": 0.02117090135104307, "statistic": -0.07288226122464235}, "50": {"pvalue": 0.9626921930059833, "statistic": 0.001481021242557501}, "51": {"pvalue": 0.06851763023365336, "statistic": -0.05762784895672776}, "52": {"pvalue": 0.3854730254703109, "statistic": 0.027473205863048668}, "53": {"pvalue": 0.7808726106329412, "statistic": -0.008807734310440163}, "54": {"pvalue": 0.6801714105115891, "statistic": 0.013051601699546854}, "55": {"pvalue": 0.7260218381684691, "statistic": 0.011094859709213267}, "56": {"pvalue": 0.8867934508308654, "statistic": 0.00450752153736304}, "57": {"pvalue": 0.8977646129277619, "statistic": 0.0040681459344753725}, "58": {"pvalue": 0.20468066064329174, "statistic": 0.040142109201570145}, "59": {"pvalue": 0.3833037912808759, "statistic": 0.02759879770673772}, "60": {"pvalue": 0.34495283553063294, "statistic": 0.029896036762353865}, "61": {"pvalue": 0.9101916678571358, "statistic": -0.003571402958516051}, "62": {"pvalue": 0.9246312399907545, "statistic": 0.0029953063903649484}, "63": {"pvalue": 0.10874709356669895, "statistic": 0.050748983871208686}, "64": {"pvalue": 0.8257433450544038, "statistic": 0.006970834514175756}, "65": {"pvalue": 0.9241684949017871, "statistic": 0.0030137521982954232}, "66": {"pvalue": 0.7542431914867398, "statistic": 0.009911642254539492}, "67": {"pvalue": 0.08772730735273879, "statistic": 0.05402433982734549}, "68": {"pvalue": 0.20856099842896536, "statistic": 0.0398006811653299}, "69": {"pvalue": 0.5843340570016204, "statistic": -0.017320080118031836}, "70": {"pvalue": 0.006795900713440314, "statistic": 0.08554290680659712}, "71": {"pvalue": 0.7968560421042961, "statistic": -0.008150333228127922}, "72": {"pvalue": 0.8532466187670716, "statistic": 0.005856779787006664}, "73": {"pvalue": 0.018059692170268937, "statistic": -0.07475749654761327}, "74": {"pvalue": 0.7519820984149653, "statistic": -0.0100059121503249}, "75": {"pvalue": 0.7579334838889294, "statistic": 0.00975797375467504}, "76": {"pvalue": 0.21134365536546093, "statistic": 0.03955865825995453}, "77": {"pvalue": 0.33876009934085904, "statistic": 0.030281854075706098}, "78": {"pvalue": 0.16467221596690998, "statistic": -0.043974480660262105}, "79": {"pvalue": 0.5083697307571411, "statistic": 0.020938513987901537}, "80": {"pvalue": 0.9769360711298676, "statistic": 0.0009153710068994219}, "81": {"pvalue": 0.48905150901915184, "statistic": -0.02190198125842463}, "82": {"pvalue": 0.8603525176955173, "statistic": -0.005570174502117943}, "83": {"pvalue": 0.6916143170430658, "statistic": 0.01255887003721512}, "84": {"pvalue": 0.5753956336934675, "statistic": -0.01773342706417}, "85": {"pvalue": 0.09180996719356216, "statistic": -0.05334243225411088}, "86": {"pvalue": 0.6866379077291733, "statistic": 0.01277277413805584}, "87": {"pvalue": 0.8922684530078828, "statistic": -0.004288154339800378}, "88": {"pvalue": 0.7336276577893197, "statistic": 0.010774518700565984}, "89": {"pvalue": 0.8925307155515902, "statistic": 0.004277651493222888}, "90": {"pvalue": 0.40581635981107, "statistic": -0.02631569308063177}, "91": {"pvalue": 0.22304378359382893, "statistic": -0.03856544093032928}, "92": {"pvalue": 0.11356729406036317, "statistic": -0.050069869117127644}, "93": {"pvalue": 0.0808599542861365, "statistic": -0.055231389959100916}, "94": {"pvalue": 0.5789737542064975, "statistic": -0.01756760250191552}, "95": {"pvalue": 0.5616680134633907, "statistic": 0.018374207349818122}, "96": {"pvalue": 0.9930685967652219, "statistic": 0.0002750616717505771}, "97": {"pvalue": 0.7546409811532203, "statistic": -0.009895066632366726}, "98": {"pvalue": 0.799340177360332, "statistic": 0.00804848175746835}, "99": {"pvalue": 0.6512442742285878, "statistic": 0.014311747522557329}}