{"0": {"pvalue": 0.49615914511797987, "statistic": -0.021545186147095198}, "1": {"pvalue": 0.779774773687858, "statistic": -0.008853024741143745}, "2": {"pvalue": 0.11202770951227464, "statistic": -0.05028426944227712}, "3": {"pvalue": 0.36825823761201015, "statistic": -0.02848215137569623}, "4": {"pvalue": 0.23908388208234058, "statistic": 0.03726252893364232}, "5": {"pvalue": 0.7212435842057936, "statistic": 0.011296689168298504}, "6": {"pvalue": 0.7016480200838788, "statistic": 0.012129308065255744}, "7": {"pvalue": 0.07577855770938624, "statistic": -0.05617921034471271}, "8": {"pvalue": 0.4239537615698302, "statistic": 0.025312570132953287}, "9": {"pvalue": 0.6438773314663426, "statistic": 0.014636241490851326}, "10": {"pvalue": 0.53561649084669, "statistic": 0.019611539741842945}, "11": {"pvalue": 0.34160748151766107, "statistic": -0.030103902860161794}, "12": {"pvalue": 0.7025280872484857, "statistic": 0.012091737988425326}, "13": {"pvalue": 0.14330093958055262, "statistic": -0.04631645502865769}, "14": {"pvalue": 0.15436868129392775, "statistic": -0.045072816409635036}, "15": {"pvalue": 0.3427166458835127, "statistic": 0.030034840744028717}, "16": {"pvalue": 0.8274114455672136, "statistic": 0.006903033910387808}, "17": {"pvalue": 0.010613240629598007, "statistic": 0.0807709096696135}, "18": {"pvalue": 0.27818113014404716, "statistic": 0.03432501812235093}, "19": {"pvalue": 0.4266445202920669, "statistic": -0.02516591544476303}, "20": {"pvalue": 0.35443032041883915, "statistic": 0.02931401460626912}, "21": {"pvalue": 0.3966444482163375, "statistic": -0.02683312657241589}, "22": {"pvalue": 0.4239592210652845, "statistic": -0.025312272024598032}, "23": {"pvalue": 0.6896980692274686, "statistic": -0.012641169019708607}, "24": {"pvalue": 0.05557751777569855, "statistic": 0.060556726931464695}, "25": {"pvalue": 0.783912458655873, "statistic": 0.00868242122184484}, "26": {"pvalue": 0.3583497874675492, "statistic": 0.02907619085793124}, "27": {"pvalue": 0.509721292068705, "statistic": -0.020871836475945992}, "28": {"pvalue": 0.1406290532865362, "statistic": -0.04662763448057335}, "29": {"pvalue": 0.5123719994677989, "statistic": 0.02074133490035088}, "30": {"pvalue": 0.7425312259775768, "statistic": 0.0104009109167185}, "31": {"pvalue": 0.2386009633404394, "statistic": 0.03730083763991945}, "32": {"pvalue": 0.40566315171275213, "statistic": -0.02632427851616032}, "33": {"pvalue": 0.19536350625195675, "statistic": -0.04098158274960613}, "34": {"pvalue": 0.47935247676919135, "statistic": 0.022393397102200518}, "35": {"pvalue": 0.1278238890450329, "statistic": -0.04818554553160949}, "36": {"pvalue": 0.3809961351148953, "statistic": -0.027732881849054637}, "37": {"pvalue": 0.19986145691120422, "statistic": -0.040572756496597556}, "38": {"pvalue": 0.8034534349166574, "statistic": 0.007880017149945974}, "39": {"pvalue": 0.4746287066592655, "statistic": 0.022634692104541495}, "40": {"pvalue": 0.5089802678751713, "statistic": -0.02090838246709279}, "41": {"pvalue": 0.46915144906337536, "statistic": -0.022916131151266415}, "42": {"pvalue": 0.8751997590511389, "statistic": -0.004972773960239581}, "43": {"pvalue": 0.7287014941017689, "statistic": 0.010981870522474433}, "44": {"pvalue": 0.2263065190225525, "statistic": 0.038295144680306266}, "45": {"pvalue": 0.6011794028714087, "statistic": 0.01654895670276331}, "46": {"pvalue": 0.9738980719433794, "statistic": -0.0010359848790785912}, "47": {"pvalue": 0.21105173000278704, "statistic": -0.03958394010710411}, "48": {"pvalue": 0.03810939994047637, "statistic": -0.06558681271525156}, "49": {"pvalue": 0.7419085075312601, "statistic": -0.010426993582671254}, "50": {"pvalue": 0.9497222161512031, "statistic": 0.0019964887612436083}, "51": {"pvalue": 0.49619402708910454, "statistic": -0.021543441871383788}, "52": {"pvalue": 0.8579259054450465, "statistic": -0.005667995688845454}, "53": {"pvalue": 0.2019397710159837, "statistic": -0.04038612030882983}, "54": {"pvalue": 0.22798004056832333, "statistic": -0.038157580943503036}, "55": {"pvalue": 0.6122019085774881, "statistic": -0.01604966660372881}, "56": {"pvalue": 0.3830086053378684, "statistic": 0.0276159215909962}, "57": {"pvalue": 0.9521194146613152, "statistic": -0.00190118083065592}, "58": {"pvalue": 0.6440522393954078, "statistic": -0.014628519583371417}, "59": {"pvalue": 0.60747842427819, "statistic": -0.016263132729120788}, "60": {"pvalue": 0.9666454234001209, "statistic": -0.001323991667962748}, "61": {"pvalue": 0.3312901250059703, "statistic": 0.030753310943117017}, "62": {"pvalue": 0.554504745405281, "statistic": -0.018711567487564612}, "63": {"pvalue": 0.71978252802406, "statistic": 0.011358494204751823}, "64": {"pvalue": 0.2611920475822737, "statistic": 0.03556390017181266}, "65": {"pvalue": 0.22897067574790164, "statistic": -0.038076488813312326}, "66": {"pvalue": 0.4994162935742754, "statistic": 0.021382592530892603}, "67": {"pvalue": 0.07681182825447028, "statistic": 0.05598237809044149}, "68": {"pvalue": 0.20362585357363705, "statistic": -0.04023573189336974}, "69": {"pvalue": 0.8945282434970523, "statistic": -0.004197671685721813}, "70": {"pvalue": 0.1978378298079373, "statistic": 0.04075584656937731}, "71": {"pvalue": 0.3211942839973607, "statistic": 0.031401543014710855}, "72": {"pvalue": 0.7731090089726563, "statistic": -0.009128408200592195}, "73": {"pvalue": 0.9648596649397627, "statistic": 0.0013949210172360437}, "74": {"pvalue": 0.488457733854034, "statistic": 0.021931913584378526}, "75": {"pvalue": 0.15265452221380127, "statistic": 0.045260887771393934}, "76": {"pvalue": 0.7404749069424568, "statistic": -0.010487067083252623}, "77": {"pvalue": 0.7454572333004155, "statistic": 0.010278448598909232}, "78": {"pvalue": 0.1428204170478016, "statistic": 0.04637208875813021}, "79": {"pvalue": 0.7009247141358672, "statistic": 0.01216019877526431}, "80": {"pvalue": 0.6183475228865628, "statistic": -0.015773015657981972}, "81": {"pvalue": 0.49897481534737154, "statistic": -0.021404597618640255}, "82": {"pvalue": 0.3016824405108751, "statistic": -0.03269318051636036}, "83": {"pvalue": 0.25447185329995053, "statistic": 0.03606927126122882}, "84": {"pvalue": 0.32524031619720206, "statistic": -0.031140189662895973}, "85": {"pvalue": 0.7285030872012344, "statistic": 0.010990231656720383}, "86": {"pvalue": 0.6015572142337087, "statistic": -0.016531775368430607}, "87": {"pvalue": 0.16452154543458788, "statistic": -0.043990163187311096}, "88": {"pvalue": 0.619201471062715, "statistic": -0.01573466979975577}, "89": {"pvalue": 0.25474963873007694, "statistic": -0.036048199132698425}, "90": {"pvalue": 0.20790094134441048, "statistic": -0.0398584322870827}, "91": {"pvalue": 0.4869875737485093, "statistic": -0.022006109076736675}, "92": {"pvalue": 0.05633120767119094, "statistic": 0.06037140058530769}, "93": {"pvalue": 0.251358297610426, "statistic": 0.03630655960592581}, "94": {"pvalue": 0.6458286995083011, "statistic": 0.01455014080222287}, "95": {"pvalue": 0.7566046686577772, "statistic": 0.009813280692984209}, "96": {"pvalue": 0.1260375020059699, "statistic": 0.04841237515510737}, "97": {"pvalue": 0.5942513761720598, "statistic": -0.016864886582301845}, "98": {"pvalue": 0.6681812093357785, "statistic": 0.013571311377945683}, "99": {"pvalue": 0.31829922944078703, "statistic": -0.03158986919217038}}