{"0": {"pvalue": 0.21498415769650767, "statistic": -0.03924547232121859}, "1": {"pvalue": 9.710489930386567e-21, "statistic": -0.2893517172650531}, "2": {"pvalue": 0.0034021999747905997, "statistic": -0.09253528182944504}, "3": {"pvalue": 0.06349815416443032, "statistic": -0.05870479209995161}, "4": {"pvalue": 0.9996192091791842, "statistic": -1.5110886600647187e-05}, "5": {"pvalue": 0.00029778765787342353, "statistic": -0.1141551094160911}, "6": {"pvalue": 4.5366908193473727e-13, "statistic": -0.22621094839202147}, "7": {"pvalue": 2.751488202968348e-10, "statistic": -0.19787891879958944}, "8": {"pvalue": 0.5959561068791984, "statistic": -0.016786993457158984}, "9": {"pvalue": 0.0029767718432114863, "statistic": -0.09383371039251248}, "10": {"pvalue": 2.3398482160764935e-08, "statistic": -0.17545426641892148}, "11": {"pvalue": 0.3267545546663009, "statistic": 0.031042921178394356}, "12": {"pvalue": 5.036355222510269e-17, "statistic": -0.2609037398078487}, "13": {"pvalue": 0.010784523243942003, "statistic": -0.08059518324814914}, "14": {"pvalue": 0.36831892344530826, "statistic": -0.02847854399387107}, "15": {"pvalue": 0.1082460141554943, "statistic": 0.050820934951990845}, "16": {"pvalue": 3.1064568282651235e-05, "statistic": -0.13131868698295832}, "17": {"pvalue": 0.002581672783999757, "statistic": -0.09520097453778065}, "18": {"pvalue": 0.0392995580009145, "statistic": -0.06518789637541869}, "19": {"pvalue": 0.25010176642587145, "statistic": 0.03640290123256971}, "20": {"pvalue": 6.98933339996139e-05, "statistic": -0.12541272624741173}, "21": {"pvalue": 0.481355823536746, "statistic": -0.022291455962111597}, "22": {"pvalue": 6.114434674581508e-10, "statistic": -0.19404446461286037}, "23": {"pvalue": 0.013602335044096752, "statistic": -0.07801089779701548}, "24": {"pvalue": 1.0729044575430082e-10, "statistic": -0.20230464760381608}, "25": {"pvalue": 0.01756568544540298, "statistic": -0.07508086237418153}, "26": {"pvalue": 0.0005812120496979049, "statistic": -0.10860365050239701}, "27": {"pvalue": 0.007726319415000048, "statistic": -0.08419249560894182}, "28": {"pvalue": 0.02647913658547708, "statistic": -0.07017571139190502}, "29": {"pvalue": 0.09047045891850337, "statistic": -0.05356342932242468}, "30": {"pvalue": 0.4700308463818884, "statistic": -0.022870823409647766}, "31": {"pvalue": 1.1645233148316734e-10, "statistic": -0.20192357414131912}, "32": {"pvalue": 0.05045263006198807, "statistic": -0.061875624407432044}, "33": {"pvalue": 2.653419607599239e-05, "statistic": -0.1324379854079705}, "34": {"pvalue": 4.3719278336233197e-10, "statistic": -0.19566474760373387}, "35": {"pvalue": 0.4311782522971229, "statistic": 0.024920025086683128}, "36": {"pvalue": 9.823953823461031e-06, "statistic": -0.13929679462986194}, "37": {"pvalue": 3.300127963973065e-14, "statistic": -0.23676659025296795}, "38": {"pvalue": 1.4187520100722797e-18, "statistic": -0.27318543992991606}, "39": {"pvalue": 7.562109708621797e-05, "statistic": -0.12482514958751695}, "40": {"pvalue": 1.9709635892072554e-09, "statistic": -0.18827850135212026}, "41": {"pvalue": 0.02488361067522371, "statistic": -0.07093571054426959}, "42": {"pvalue": 9.149444179334926e-29, "statistic": -0.3416855496614805}, "43": {"pvalue": 0.23558668594854376, "statistic": -0.03754119672808999}, "44": {"pvalue": 0.03462059470832642, "statistic": 0.06682049545992626}, "45": {"pvalue": 2.9475595545824102e-08, "statistic": -0.17420874450377496}, "46": {"pvalue": 0.11291973582031736, "statistic": -0.05015976671057135}, "47": {"pvalue": 0.002578950549118825, "statistic": -0.09521104054479977}, "48": {"pvalue": 1.5766870054961486e-22, "statistic": -0.30196579580017874}, "49": {"pvalue": 3.853282237528223e-08, "statistic": -0.17275201011222033}, "50": {"pvalue": 0.07084498906000271, "statistic": -0.05715037583299957}, "51": {"pvalue": 0.004470045078027058, "statistic": -0.08983197799507796}, "52": {"pvalue": 0.03283369192250878, "statistic": -0.06749396644370034}, "53": {"pvalue": 8.737706267177384e-06, "statistic": -0.14008454457792877}, "54": {"pvalue": 0.033818200312786255, "statistic": -0.06711914918529849}, "55": {"pvalue": 0.3304586410134882, "statistic": -0.030806210922851525}, "56": {"pvalue": 3.628235662775042e-30, "statistic": -0.34986073662549155}, "57": {"pvalue": 0.1347639926694791, "statistic": -0.047326978900753505}, "58": {"pvalue": 1.2623153329808579e-14, "statistic": -0.24051178421346292}, "59": {"pvalue": 9.382340987113026e-07, "statistic": -0.1543462946831373}, "60": {"pvalue": 0.033150277326933875, "statistic": -0.06737240217261435}, "61": {"pvalue": 0.6844332828541349, "statistic": -0.012867722726588907}, "62": {"pvalue": 7.560196513652193e-05, "statistic": -0.12482704128090208}, "63": {"pvalue": 4.7908792071608e-07, "statistic": -0.15839701310287224}, "64": {"pvalue": 6.2126539156411e-11, "statistic": -0.20482664423109453}, "65": {"pvalue": 4.2338636214681476e-08, "statistic": -0.17223699750080174}, "66": {"pvalue": 0.004072953978763195, "statistic": -0.09076100425161499}, "67": {"pvalue": 0.00042058034684274885, "statistic": -0.11132031060345111}, "68": {"pvalue": 0.04559464884709057, "statistic": -0.0632337506639376}, "69": {"pvalue": 0.00021346437811125342, "statistic": -0.11682908209726608}, "70": {"pvalue": 6.852224696010056e-07, "statistic": -0.15625308227199386}, "71": {"pvalue": 0.001081076206504102, "statistic": -0.10321293786066305}, "72": {"pvalue": 1.960226674855973e-25, "statistic": -0.32121262387886085}, "73": {"pvalue": 9.815574955595578e-13, "statistic": -0.2229999962063644}, "74": {"pvalue": 1.3010273762249987e-06, "statistic": -0.15233796071071418}, "75": {"pvalue": 0.40875411198194167, "statistic": -0.026151440205181765}, "76": {"pvalue": 0.28526259902788953, "statistic": 0.033823847050669605}, "77": {"pvalue": 0.06092290816913938, "statistic": -0.05928482631137904}, "78": {"pvalue": 0.7602172053756583, "statistic": 0.009662991741201145}, "79": {"pvalue": 3.28907856321032e-05, "statistic": -0.13091083782286528}, "80": {"pvalue": 0.0006306851980266897, "statistic": -0.10790785276008456}, "81": {"pvalue": 1.919819145020176e-14, "statistic": -0.23888564086432704}, "82": {"pvalue": 0.10729375710934688, "statistic": -0.05095840024749948}, "83": {"pvalue": 0.1791992711875119, "statistic": -0.04251045689722942}, "84": {"pvalue": 4.9935720553364846e-17, "statistic": -0.26093386963342036}, "85": {"pvalue": 0.6694411519304477, "statistic": -0.013516530173225964}, "86": {"pvalue": 0.130112092216134, "statistic": 0.047898564866333315}, "87": {"pvalue": 0.7020365515054465, "statistic": 0.01211271955510501}, "88": {"pvalue": 1.023377292357885e-12, "statistic": -0.22282499844528783}, "89": {"pvalue": 0.7743853211949798, "statistic": -0.009075627013518365}, "90": {"pvalue": 2.964060652749061e-07, "statistic": -0.16122952106613422}, "91": {"pvalue": 0.05892539159190117, "statistic": 0.05974886934455083}, "92": {"pvalue": 0.00020009597594625327, "statistic": -0.11734206550748055}, "93": {"pvalue": 0.08566999799468557, "statistic": -0.05437769092685293}, "94": {"pvalue": 0.7063119601980319, "statistic": -0.011930397168999225}, "95": {"pvalue": 0.09447038632260472, "statistic": -0.052911065664075295}, "96": {"pvalue": 9.733842711490097e-07, "statistic": -0.15412162119401904}, "97": {"pvalue": 1.380203517893661e-09, "statistic": -0.190052703181388}, "98": {"pvalue": 0.4017530644325642, "statistic": -0.02654404980866496}, "99": {"pvalue": 0.003432439563093267, "statistic": -0.09244871492688402}}