{"0": {"pvalue": 0.7055948801556216, "statistic": 0.011960948918266191}, "1": {"pvalue": 0.34688909960407055, "statistic": -0.029776311859438694}, "2": {"pvalue": 0.16490171111518132, "statistic": 0.04395061439977634}, "3": {"pvalue": 0.4109422278863991, "statistic": 0.026029555860931197}, "4": {"pvalue": 0.2533955594318073, "statistic": -0.03615106755730021}, "5": {"pvalue": 0.6465756820292696, "statistic": 0.01451720996393379}, "6": {"pvalue": 0.7789597999537177, "statistic": -0.008886657561197964}, "7": {"pvalue": 0.15789322768597241, "statistic": -0.044691037076582986}, "8": {"pvalue": 0.3763110252923403, "statistic": 0.028006646634439147}, "9": {"pvalue": 0.6594773040764301, "statistic": -0.013950870799380463}, "10": {"pvalue": 0.8642575648857146, "statistic": 0.005412865872686884}, "11": {"pvalue": 0.42117016998908796, "statistic": -0.02546485769589412}, "12": {"pvalue": 0.7234061406715442, "statistic": -0.0112052882922859}, "13": {"pvalue": 0.2810728640661114, "statistic": 0.03411933132649607}, "14": {"pvalue": 0.1863015485984556, "statistic": 0.04182666969628899}, "15": {"pvalue": 0.19052671173973287, "statistic": -0.04142897121193814}, "16": {"pvalue": 0.2707310544944766, "statistic": 0.03486172741254958}, "17": {"pvalue": 0.7216835126006764, "statistic": 0.01127808791417117}, "18": {"pvalue": 0.7927746030717268, "statistic": 0.008317858953571792}, "19": {"pvalue": 0.45429176930471626, "statistic": 0.023688973664346805}, "20": {"pvalue": 0.4042321452383085, "statistic": 0.02640456249852553}, "21": {"pvalue": 0.2481933175894244, "statistic": 0.03654987506744686}, "22": {"pvalue": 0.8838873316018447, "statistic": 0.0046240483328351}, "23": {"pvalue": 0.19624366152622288, "statistic": -0.040901046531935104}, "24": {"pvalue": 0.9283348501816867, "statistic": -0.002847710212716052}, "25": {"pvalue": 0.22242716008691577, "statistic": -0.0386168408259788}, "26": {"pvalue": 0.46380019612838985, "statistic": -0.02319285356242703}, "27": {"pvalue": 0.19187727379714717, "statistic": -0.041303217495034746}, "28": {"pvalue": 0.9620099532867117, "statistic": 0.0015081246307159261}, "29": {"pvalue": 0.9092782691752306, "statistic": 0.0036078826156200074}, "30": {"pvalue": 0.8357313335292496, "statistic": 0.006565333807388517}, "31": {"pvalue": 0.4670334127097001, "statistic": -0.023025448244177276}, "32": {"pvalue": 0.486344479378343, "statistic": -0.022038602490390587}, "33": {"pvalue": 0.04862276099321714, "statistic": 0.06237376072151293}, "34": {"pvalue": 0.7426188201816943, "statistic": 0.01039724258466354}, "35": {"pvalue": 0.18064153500396612, "statistic": -0.042369996346367}, "36": {"pvalue": 0.5599890206832425, "statistic": -0.0184530927765573}, "37": {"pvalue": 0.06802815940150236, "statistic": -0.057729956369853834}, "38": {"pvalue": 0.22362151417573248, "statistic": 0.03851737507941668}, "39": {"pvalue": 0.8740017753554524, "statistic": 0.005020908254772337}, "40": {"pvalue": 0.3955172366242816, "statistic": -0.026897212350349364}, "41": {"pvalue": 0.8731945767354337, "statistic": 0.00505334755835725}, "42": {"pvalue": 0.6737743057444834, "statistic": 0.013328435273985322}, "43": {"pvalue": 0.470394812315466, "statistic": -0.022852085077190148}, "44": {"pvalue": 0.4129948676676787, "statistic": -0.025915567251929828}, "45": {"pvalue": 0.5907114851601034, "statistic": 0.017026959375346616}, "46": {"pvalue": 0.833239895288961, "statistic": 0.0066663801015181485}, "47": {"pvalue": 0.2248295215189658, "statistic": 0.03841715745648944}, "48": {"pvalue": 0.438236224421214, "statistic": -0.02454018903029609}, "49": {"pvalue": 0.9802852616048991, "statistic": -0.0007824175971080613}, "50": {"pvalue": 0.5721619154094164, "statistic": 0.017883709600180715}, "51": {"pvalue": 0.08965623092423208, "statistic": 0.05369905117602168}, "52": {"pvalue": 0.3051581760623993, "statistic": 0.03245914150286135}, "53": {"pvalue": 0.13723466161084003, "statistic": 0.04702957720048623}, "54": {"pvalue": 0.8160806937571985, "statistic": 0.007364215778388275}, "55": {"pvalue": 0.8374556405565513, "statistic": -0.0064954395094772}, "56": {"pvalue": 0.1800109032707652, "statistic": 0.042431310149800845}, "57": {"pvalue": 0.5050911245760081, "statistic": 0.021100646803554234}, "58": {"pvalue": 0.15255457509448475, "statistic": 0.045271902997549}, "59": {"pvalue": 0.7496680898823431, "statistic": 0.010102480008911044}, "60": {"pvalue": 0.31583310485310434, "statistic": 0.03175117856545969}, "61": {"pvalue": 0.8931056812137157, "statistic": -0.004254627445712792}, "62": {"pvalue": 0.4208357383802519, "statistic": -0.025483193720135605}, "63": {"pvalue": 0.8635480932086088, "statistic": -0.005441435784106472}, "64": {"pvalue": 0.8660499128793777, "statistic": 0.005340708858118447}, "65": {"pvalue": 0.19858523932266947, "statistic": -0.04068806528537566}, "66": {"pvalue": 0.8876337170776133, "statistic": -0.004473840771077614}, "67": {"pvalue": 0.5523884220980653, "statistic": -0.018811643181534134}, "68": {"pvalue": 0.43050575831605886, "statistic": -0.02495640323156611}, "69": {"pvalue": 0.8410518116887273, "statistic": -0.006349770950507516}, "70": {"pvalue": 0.45543935905042854, "statistic": -0.02362878919561946}, "71": {"pvalue": 0.5383222177156117, "statistic": 0.019481661354212542}, "72": {"pvalue": 0.10895168659048957, "statistic": -0.050719681197516846}, "73": {"pvalue": 0.5534950282544395, "statistic": -0.018759291162726798}, "74": {"pvalue": 0.7498382446860907, "statistic": -0.010095375947594305}, "75": {"pvalue": 0.24552717156805504, "statistic": 0.03675652896469108}, "76": {"pvalue": 0.21066655494499606, "statistic": 0.03961733640233792}, "77": {"pvalue": 0.7165211234668774, "statistic": 0.01149661335126333}, "78": {"pvalue": 0.5672784443348196, "statistic": 0.0181114286791832}, "79": {"pvalue": 0.9478054896615218, "statistic": 0.0020727070185782544}, "80": {"pvalue": 0.42765692381573184, "statistic": 0.02511087584947189}, "81": {"pvalue": 0.09233092472964742, "statistic": 0.05325718128062021}, "82": {"pvalue": 0.2763848489455135, "statistic": -0.034453518657825255}, "83": {"pvalue": 0.3382216994363556, "statistic": -0.030315609709958002}, "84": {"pvalue": 0.18455618373334454, "statistic": 0.041992896715742155}, "85": {"pvalue": 0.23676973517977812, "statistic": -0.0374466028490988}, "86": {"pvalue": 0.9018772372098899, "statistic": 0.003903648510175737}, "87": {"pvalue": 0.6336884747484386, "statistic": 0.015087585750171079}, "88": {"pvalue": 0.5202794243578628, "statistic": 0.02035410033736696}, "89": {"pvalue": 0.8627452521628631, "statistic": -0.005473770950108452}, "90": {"pvalue": 0.9288510047759959, "statistic": -0.0028271454108464954}, "91": {"pvalue": 0.6996062165814878, "statistic": 0.012216538508459418}, "92": {"pvalue": 0.6743493668094729, "statistic": -0.013303508257285416}, "93": {"pvalue": 0.9003534681385871, "statistic": 0.003964583972189987}, "94": {"pvalue": 0.35538213443467404, "statistic": 0.029256109224412366}, "95": {"pvalue": 0.20856773607418358, "statistic": -0.03980009234346082}, "96": {"pvalue": 0.9660429825588026, "statistic": -0.00134791952941093}, "97": {"pvalue": 0.3530840676522252, "statistic": -0.029396084115861882}, "98": {"pvalue": 0.4169573811020394, "statistic": -0.025696461726237484}, "99": {"pvalue": 0.42199401487090094, "statistic": -0.02541972475587682}}