{"0": {"pvalue": 0.15263115728483226, "statistic": -0.04526346234197799}, "1": {"pvalue": 0.9017730840658622, "statistic": 0.003907813127889516}, "2": {"pvalue": 0.36032797764271074, "statistic": -0.028956779553758933}, "3": {"pvalue": 0.7411070119193753, "statistic": -0.010460574765846359}, "4": {"pvalue": 6.129449621399201e-05, "statistic": -0.12638639337491217}, "5": {"pvalue": NaN, "statistic": NaN}, "6": {"pvalue": 7.140871584982484e-13, "statistic": -0.2243295529595603}, "7": {"pvalue": 3.0364778626851575e-05, "statistic": -0.13148102754612986}, "8": {"pvalue": 0.873214023964724, "statistic": -0.005052565960479841}, "9": {"pvalue": NaN, "statistic": NaN}, "10": {"pvalue": NaN, "statistic": NaN}, "11": {"pvalue": 0.5383300483859167, "statistic": -0.019481285947751305}, "12": {"pvalue": 1.7683997041721482e-55, "statistic": -0.46765109690363105}, "13": {"pvalue": 0.024592324527333027, "statistic": -0.07107898426932768}, "14": {"pvalue": 0.09081505242603291, "statistic": -0.05350632731650644}, "15": {"pvalue": NaN, "statistic": NaN}, "16": {"pvalue": 0.7343533010547472, "statistic": -0.010744014131004228}, "17": {"pvalue": 0.5523945879801492, "statistic": -0.018811351339884787}, "18": {"pvalue": 0.0003560489111663638, "statistic": -0.1126960409182635}, "19": {"pvalue": NaN, "statistic": NaN}, "20": {"pvalue": 3.827974549184026e-64, "statistic": -0.4992212644875156}, "21": {"pvalue": NaN, "statistic": NaN}, "22": {"pvalue": 0.22137187604414385, "statistic": 0.038705043035163575}, "23": {"pvalue": 0.021589308258867526, "statistic": -0.07264870253570818}, "24": {"pvalue": 0.00029535635969675007, "statistic": -0.1142216431014035}, "25": {"pvalue": 3.1246591116185692e-25, "statistic": -0.3199160953940667}, "26": {"pvalue": 0.4077747305681154, "statistic": -0.02620612015140048}, "27": {"pvalue": 3.6564299215499373e-06, "statistic": -0.14581304438401085}, "28": {"pvalue": 3.6284486428494596e-17, "statistic": -0.26205893046188977}, "29": {"pvalue": 6.205999324791174e-10, "statistic": -0.19397234474281444}, "30": {"pvalue": 0.391734867202131, "statistic": 0.027113062482176594}, "31": {"pvalue": 0.6382799808598221, "statistic": 0.014883818383757744}, "32": {"pvalue": 7.283654402304698e-91, "statistic": -0.579754665247992}, "33": {"pvalue": 0.11245453046187076, "statistic": -0.05022459979167773}, "34": {"pvalue": 0.8295355037795629, "statistic": -0.006816746407227292}, "35": {"pvalue": 0.4116814749501335, "statistic": -0.025988464710013016}, "36": {"pvalue": 0.27010320056782555, "statistic": -0.034907417191223186}, "37": {"pvalue": 0.10732368088142424, "statistic": -0.050954065879229855}, "38": {"pvalue": 0.7591852145292803, "statistic": 0.009705902356219926}, "39": {"pvalue": 0.023989325048518723, "statistic": -0.07138030689965277}, "40": {"pvalue": 1.8636590514824698e-07, "statistic": -0.16392090363307413}, "41": {"pvalue": 0.30509147421338445, "statistic": -0.03246361619539615}, "42": {"pvalue": 0.01882673660877897, "statistic": -0.07427041581878403}, "43": {"pvalue": NaN, "statistic": NaN}, "44": {"pvalue": NaN, "statistic": NaN}, "45": {"pvalue": 0.4816963533591624, "statistic": 0.02227415091926132}, "46": {"pvalue": 3.0318399937965244e-07, "statistic": -0.16109724600798717}, "47": {"pvalue": 0.11932820810639265, "statistic": -0.04928732970778549}, "48": {"pvalue": 0.24776772841251235, "statistic": 0.036582758167120324}, "49": {"pvalue": 0.741754764686841, "statistic": -0.010433434214411693}, "50": {"pvalue": 0.46702301382533207, "statistic": 0.02302598563224533}, "51": {"pvalue": 1.2274563665076535e-06, "statistic": -0.1526974557749941}, "52": {"pvalue": 0.0020795658315272466, "statistic": -0.09724555288408071}, "53": {"pvalue": 0.8158293802599841, "statistic": -0.007374462031311433}, "54": {"pvalue": NaN, "statistic": NaN}, "55": {"pvalue": 0.04824946045587094, "statistic": -0.062477307006528406}, "56": {"pvalue": 0.26448728401250704, "statistic": -0.03531937126043165}, "57": {"pvalue": 0.06841135534741945, "statistic": -0.05764996771308245}, "58": {"pvalue": 2.4223263483967203e-10, "statistic": -0.19848367340015827}, "59": {"pvalue": 0.5432200443103301, "statistic": -0.01924738745679349}, "60": {"pvalue": 0.0011226326100102586, "statistic": -0.10287719288019427}, "61": {"pvalue": 0.24631872799244658, "statistic": 0.03669501198297329}, "62": {"pvalue": 0.00022162516849064608, "statistic": -0.116530545073904}, "63": {"pvalue": 0.008744701909645224, "statistic": -0.08287202445950963}, "64": {"pvalue": 0.4659590200153001, "statistic": 0.023081005226517647}, "65": {"pvalue": 0.12531204625965467, "statistic": -0.04850520523152809}, "66": {"pvalue": 0.297924098044103, "statistic": -0.03294827478192036}, "67": {"pvalue": 0.02867892830092193, "statistic": -0.06919019783094307}, "68": {"pvalue": 0.7653193052236076, "statistic": -0.009451102782488313}, "69": {"pvalue": 0.29978531584341866, "statistic": 0.03282168005171205}, "70": {"pvalue": 0.35231419519138973, "statistic": -0.029443105476706352}, "71": {"pvalue": 4.329387899961969e-05, "statistic": -0.12893177034930137}, "72": {"pvalue": 0.46574691825482084, "statistic": -0.023091981426095243}, "73": {"pvalue": 0.002091950382752293, "statistic": -0.09718992196562158}, "74": {"pvalue": 2.1694032555008395e-56, "statistic": -0.4711310173765396}, "75": {"pvalue": 0.0010864312232236688, "statistic": -0.10316901101096947}, "76": {"pvalue": 0.004782476811883828, "statistic": -0.08915213044097386}, "77": {"pvalue": 0.0019398325601538396, "statistic": -0.09789518684819443}, "78": {"pvalue": NaN, "statistic": NaN}, "79": {"pvalue": 0.4277440263913115, "statistic": -0.02510614403642165}, "80": {"pvalue": 0.5148715736420066, "statistic": 0.020618595678788026}, "81": {"pvalue": NaN, "statistic": NaN}, "82": {"pvalue": 1.0133090607023736e-11, "statistic": -0.21297337863807586}, "83": {"pvalue": 2.1488192381129516e-09, "statistic": -0.1878456956960843}, "84": {"pvalue": 3.7729939386151946e-05, "statistic": -0.12992591384998714}, "85": {"pvalue": 0.485255498753846, "statistic": -0.022093677997939612}, "86": {"pvalue": 0.9239258409039348, "statistic": -0.0030234252080389486}, "87": {"pvalue": NaN, "statistic": NaN}, "88": {"pvalue": 0.0012621233895046212, "statistic": -0.10182845533351112}, "89": {"pvalue": 0.0015556602073305446, "statistic": -0.09993189980062886}, "90": {"pvalue": NaN, "statistic": NaN}, "91": {"pvalue": 0.4272714163324963, "statistic": 0.02513182512358284}, "92": {"pvalue": 4.66981669930944e-20, "statistic": -0.28437181268254735}, "93": {"pvalue": NaN, "statistic": NaN}, "94": {"pvalue": 9.45549814823077e-06, "statistic": -0.13955425618829437}, "95": {"pvalue": 0.17088833883907265, "statistic": -0.04333666448113051}, "96": {"pvalue": 0.571918271569231, "statistic": 0.017895048883529066}, "97": {"pvalue": 5.7386844950070035e-09, "statistic": -0.18285117953288652}, "98": {"pvalue": 0.2788420524665845, "statistic": -0.034277879719559375}, "99": {"pvalue": 0.14191874051354966, "statistic": -0.04647687102161117}}